$X
$1=255
G21
G90
G92 Z4.0000
G0 Z0.0000 F800.0
G4 P0.06
G92 Z0.0000
G0 Z0.0000 F800.0
G0 X0.0000 Y0.0000 F15000.0
G21
G90
G17
G91.1
G0 Z0.0000
G0 X149.3106 Y-81.3303 F15000.0
G1 Z11.9000 F8000.0
G1 X149.2238 Y-82.3720 F12000.0
G1 X148.0086 Y-82.8060
G1 X147.8639 Y-82.0537
G1 Z0.0000 F8000.0
G0 X149.2817 Y-83.8766 F15000.0
G1 Z11.9000 F8000.0
G1 X147.6613 Y-84.7736 F12000.0
G1 Z0.0000 F8000.0
G0 X147.7771 Y-81.9669 F15000.0
G1 Z11.9000 F8000.0
G1 X147.5456 Y-81.9090 F12000.0
G1 X146.6776 Y-82.2563
G1 X146.5329 Y-82.4299
G1 X146.2725 Y-83.5294
G1 Z0.0000 F8000.0
G0 X147.6324 Y-83.9924 F15000.0
G1 Z11.9000 F8000.0
G1 X146.4461 Y-84.4553 F12000.0
G1 Z0.0000 F8000.0
G0 X147.4877 Y-84.8604 F15000.0
G1 Z11.9000 F8000.0
G1 X147.0826 Y-85.0340 F12000.0
G1 X147.0248 Y-83.8477
G1 Z0.0000 F8000.0
G0 X46.1948 Y-57.7217 F15000.0
G1 Z11.9000 F8000.0
G1 X46.1080 Y-58.7633 F12000.0
G1 X44.8927 Y-59.1974
G1 X44.7481 Y-58.4450
G1 Z0.0000 F8000.0
G0 X46.1948 Y-61.8594 F15000.0
G1 Z11.9000 F8000.0
G1 X46.1659 Y-62.8432 F12000.0
G1 X45.4425 Y-63.1325
G1 Z0.0000 F8000.0
G0 X44.8349 Y-61.6857 F15000.0
G1 Z11.9000 F8000.0
G1 X45.8476 Y-61.2807 F12000.0
G1 X46.1370 Y-60.9335
G1 X46.0501 Y-60.0654
G1 X44.3141 Y-60.4994
G1 Z0.0000 F8000.0
G0 X45.0664 Y-63.2772 F15000.0
G1 Z11.9000 F8000.0
G1 X44.8927 Y-63.3061 F12000.0
G1 X44.7770 Y-62.6117
G1 X44.6613 Y-62.4670
G1 X44.1115 Y-62.5249
G1 X43.8221 Y-62.6406
G1 Z0.0000 F8000.0
G0 X44.6613 Y-58.3583 F15000.0
G1 Z11.9000 F8000.0
G1 X44.4298 Y-58.3004 F12000.0
G1 X44.1694 Y-58.3872
G1 Z0.0000 F8000.0
G0 X44.2273 Y-61.9173 F15000.0
G1 Z11.9000 F8000.0
G1 X43.5039 Y-62.0909 F12000.0
G1 X43.3592 Y-62.0040
G1 Z0.0000 F8000.0
G0 X44.0826 Y-60.5863 F15000.0
G1 Z11.9000 F8000.0
G1 X43.7354 Y-60.7309 F12000.0
G1 Z0.0000 F8000.0
G0 X43.8800 Y-58.5029 F15000.0
G1 Z11.9000 F8000.0
G1 X43.4750 Y-58.7633 F12000.0
G1 Z0.0000 F8000.0
G0 X43.5907 Y-62.7564 F15000.0
G1 Z11.9000 F8000.0
G1 X43.5328 Y-62.8143 F12000.0
G1 Z0.0000 F8000.0
G0 X43.5039 Y-60.9046 F15000.0
G1 Z11.9000 F8000.0
G1 X43.3013 Y-61.2807 F12000.0
G1 X43.3013 Y-61.9173
G1 Z0.0000 F8000.0
G0 X43.4171 Y-62.9589 F15000.0
G1 Z11.9000 F8000.0
G1 X43.1567 Y-64.0584 F12000.0
G1 Z0.0000 F8000.0
G0 X43.3592 Y-58.9370 F15000.0
G1 Z11.9000 F8000.0
G1 X43.1567 Y-59.9207 F12000.0
G1 Z0.0000 F8000.0
G0 X33.4757 Y-76.1210 F15000.0
G1 Z11.9000 F8000.0
G1 X33.4467 Y-76.8733 F12000.0
G1 Z0.0000 F8000.0
G0 X33.4467 Y-77.3941 F15000.0
G1 Z11.9000 F8000.0
G1 X33.3021 Y-77.4809 F12000.0
G1 X33.2442 Y-77.7414
G1 Z0.0000 F8000.0
G0 X33.3889 Y-76.0052 F15000.0
G1 Z11.9000 F8000.0
G1 X33.3021 Y-75.9474 F12000.0
G1 X32.8391 Y-76.0342
G1 Z0.0000 F8000.0
G0 X33.2732 Y-77.4809 F15000.0
G1 Z11.9000 F8000.0
G1 X30.6690 Y-78.4068 F12000.0
G1 Z0.0000 F8000.0
G0 X32.9838 Y-78.1464 F15000.0
G1 Z11.9000 F8000.0
G1 X32.7813 Y-78.3779 F12000.0
G1 Z0.0000 F8000.0
G0 X32.4919 Y-76.1788 F15000.0
G1 Z11.9000 F8000.0
G1 X32.2026 Y-76.4971 F12000.0
G1 X32.0868 Y-76.9022
G1 Z0.0000 F8000.0
G0 X32.0579 Y-76.4393 F15000.0
G1 Z11.9000 F8000.0
G1 X31.6817 Y-76.3235 F12000.0
G1 X30.9005 Y-76.6708
G1 Z0.0000 F8000.0
G0 X30.7847 Y-76.8154 F15000.0
G1 Z11.9000 F8000.0
G1 X30.4954 Y-77.9439 F12000.0
G1 Z0.0000 F8000.0
G0 X103.8647 Y-30.6464 F15000.0
G1 Z11.9000 F8000.0
G1 X104.1830 Y-30.6753 F12000.0
G1 X104.2698 Y-30.5885
G1 X104.2409 Y-30.2702
G1 Z0.0000 F8000.0
G0 X104.0383 Y-30.0098 F15000.0
G1 Z11.9000 F8000.0
G1 X103.8647 Y-29.9519 F12000.0
G1 X103.6622 Y-30.0966
G1 X103.7779 Y-30.5885
G1 Z0.0000 F8000.0
G0 X86.6025 Y-23.4641 F15000.0
G1 Z11.9000 F8000.0
G1 X85.6476 Y-23.0300 F12000.0
G1 Z0.0000 F8000.0
G0 X85.5029 Y-20.8310 F15000.0
G1 Z11.9000 F8000.0
G1 X85.8791 Y-21.2361 F12000.0
G1 X86.0816 Y-21.6701
G1 X86.0527 Y-22.0173
G1 Z0.0000 F8000.0
G0 X85.9370 Y-22.1330 F15000.0
G1 Z11.9000 F8000.0
G1 X85.1268 Y-22.3066 F12000.0
G1 X84.7795 Y-21.9305
G1 Z0.0000 F8000.0
G0 X85.4740 Y-22.8853 F15000.0
G1 Z11.9000 F8000.0
G1 X85.2715 Y-22.6828 F12000.0
G1 Z0.0000 F8000.0
G0 X85.2715 Y-20.7152 F15000.0
G1 Z11.9000 F8000.0
G1 X84.7506 Y-20.7152 F12000.0
G1 X84.4324 Y-20.9467
G1 X84.6060 Y-21.5833
G1 Z0.0000 F8000.0
G0 X85.1268 Y-22.5092 F15000.0
G1 Z11.9000 F8000.0
G1 X85.0978 Y-22.3355 F12000.0
G1 Z0.0000 F8000.0
G0 X84.4034 Y-22.3645 F15000.0
G1 Z11.9000 F8000.0
G1 X84.8664 Y-23.2325 F12000.0
G1 X84.6928 Y-23.6955
G1 Z0.0000 F8000.0
G0 X84.5192 Y-23.7534 F15000.0
G1 Z11.9000 F8000.0
G1 X83.7958 Y-23.6665 F12000.0
G1 X83.4197 Y-23.2904
G1 Z0.0000 F8000.0
G0 X84.0273 Y-21.6701 F15000.0
G1 Z11.9000 F8000.0
G1 X83.7668 Y-21.2650 F12000.0
G1 Z0.0000 F8000.0
G0 X83.3618 Y-21.0045 F15000.0
G1 Z11.9000 F8000.0
G1 X82.8409 Y-21.0045 F12000.0
G1 X82.5805 Y-21.1203
G1 X82.4937 Y-21.2650
G1 X82.6963 Y-21.8726
G1 Z0.0000 F8000.0
G0 X83.2461 Y-22.9432 F15000.0
G1 Z11.9000 F8000.0
G1 X82.8988 Y-22.2777 F12000.0
G1 Z0.0000 F8000.0
G0 X81.3919 Y-21.7903 F15000.0
G1 Z11.9000 F8000.0
G1 X81.8837 Y-21.7324 F12000.0
G1 X81.8259 Y-21.4720
G1 Z0.0000 F8000.0
G0 X81.6233 Y-21.2984 F15000.0
G1 Z11.9000 F8000.0
G1 X81.3340 Y-21.2116 F12000.0
G1 X81.1604 Y-21.5298
G1 X81.2761 Y-21.7035
G1 Z0.0000 F8000.0
G0 X53.3915 Y-67.7991 F15000.0
G1 Z11.9000 F8000.0
G1 X53.2468 Y-68.0306 F12000.0
G1 Z0.0000 F8000.0
G0 X52.5524 Y-69.5930 F15000.0
G1 Z11.9000 F8000.0
G1 X52.9575 Y-69.4773 F12000.0
G1 X53.2179 Y-69.6220
G1 X53.3626 Y-69.9113
G1 X53.3047 Y-70.2586
G1 Z0.0000 F8000.0
G0 X53.1890 Y-70.4900 F15000.0
G1 Z11.9000 F8000.0
G1 X52.8128 Y-70.8662 F12000.0
G1 Z0.0000 F8000.0
G0 X53.0732 Y-68.3489 F15000.0
G1 Z11.9000 F8000.0
G1 X53.0154 Y-68.4067 F12000.0
G1 Z0.0000 F8000.0
G0 X52.5814 Y-68.8408 F15000.0
G1 Z11.9000 F8000.0
G1 X52.0605 Y-69.1301 F12000.0
G1 X51.8001 Y-68.0595
G1 X51.5107 Y-68.0306
G1 Z0.0000 F8000.0
G0 X52.0316 Y-69.1301 F15000.0
G1 Z11.9000 F8000.0
G1 X51.7422 Y-69.3037 F12000.0
G1 X50.7006 Y-69.6220
G1 X50.4112 Y-68.9854
G1 X50.5270 Y-68.6092
G1 X50.7295 Y-68.3489
G1 X51.2793 Y-68.1174
G1 Z0.0000 F8000.0
G0 X51.5976 Y-70.5479 F15000.0
G1 Z11.9000 F8000.0
G1 X51.4818 Y-70.6636 F12000.0
G1 Z0.0000 F8000.0
G0 X50.6137 Y-71.5027 F15000.0
G1 Z11.9000 F8000.0
G1 X50.4691 Y-71.5606 F12000.0
G1 X50.4112 Y-70.4611
G1 Z0.0000 F8000.0
G0 X130.9791 Y-39.5124 F15000.0
G1 Z11.9000 F8000.0
G1 X131.3553 Y-39.3388 F12000.0
G1 X132.6863 Y-38.9916
G1 X132.8599 Y-39.1652
G1 X132.8310 Y-39.8597
G1 Z0.0000 F8000.0
G0 X132.6863 Y-40.0911 F15000.0
G1 Z11.9000 F8000.0
G1 X132.5127 Y-40.2648 F12000.0
G1 X132.0208 Y-40.4673
G1 X131.4710 Y-40.4962
G1 Z0.0000 F8000.0
G0 X131.4132 Y-40.4384 F15000.0
G1 Z11.9000 F8000.0
G1 X131.2974 Y-39.4545 F12000.0
G1 Z0.0000 F8000.0
G0 X130.4873 Y-39.9465 F15000.0
G1 Z11.9000 F8000.0
G1 X130.4293 Y-40.0043 F12000.0
G1 Z0.0000 F8000.0
G0 X130.0822 Y-40.5252 F15000.0
G1 Z11.9000 F8000.0
G1 X129.9664 Y-40.7277 F12000.0
G1 Z0.0000 F8000.0
G0 X61.4929 Y-69.7221 F15000.0
G1 Z11.9000 F8000.0
G1 X61.4639 Y-70.4744 F12000.0
G1 Z0.0000 F8000.0
G0 X61.4060 Y-69.6064 F15000.0
G1 Z11.9000 F8000.0
G1 X61.3192 Y-69.5485 F12000.0
G1 X60.8563 Y-69.6353
G1 Z0.0000 F8000.0
G0 X60.5090 Y-69.7800 F15000.0
G1 Z11.9000 F8000.0
G1 X60.2197 Y-70.0983 F12000.0
G1 X60.1039 Y-70.5033
G1 Z0.0000 F8000.0
G0 X60.0750 Y-70.0404 F15000.0
G1 Z11.9000 F8000.0
G1 X59.6989 Y-69.9246 F12000.0
G1 X58.9176 Y-70.2719
G1 Z0.0000 F8000.0
G0 X58.8019 Y-70.4166 F15000.0
G1 Z11.9000 F8000.0
G1 X58.5125 Y-71.5450 F12000.0
G1 Z0.0000 F8000.0
G0 X58.4836 Y-69.8379 F15000.0
G1 Z11.9000 F8000.0
G1 X58.0496 Y-70.1562 F12000.0
G1 Z0.0000 F8000.0
G0 X61.5501 Y-60.6229 F15000.0
G1 Z11.9000 F8000.0
G1 X61.4344 Y-60.9702 F12000.0
G1 X61.2608 Y-61.1149
G1 X60.8847 Y-60.8834
G1 X61.4344 Y-60.4783
G1 Z0.0000 F8000.0
G0 X52.4968 Y-102.3588 F15000.0
G1 Z11.9000 F8000.0
G1 X52.4679 Y-103.3716 F12000.0
G1 X51.1948 Y-103.8345
G1 X50.9633 Y-102.9954
G1 X50.2978 Y-103.0822
G1 X49.7770 Y-103.4005
G1 Z0.0000 F8000.0
G0 X50.9633 Y-102.0984 F15000.0
G1 Z11.9000 F8000.0
G1 X51.1658 Y-101.8091 F12000.0
G1 X51.2527 Y-101.1146
G1 X51.3395 Y-100.9989
G1 X52.0050 Y-100.6516
G1 X52.4679 Y-100.8542
G1 X52.4101 Y-101.3461
G1 Z0.0000 F8000.0
G0 X52.2654 Y-101.5486 F15000.0
G1 Z11.9000 F8000.0
G1 X52.2075 Y-101.6065 F12000.0
G1 Z0.0000 F8000.0
G0 X51.8603 Y-101.8380 F15000.0
G1 Z11.9000 F8000.0
G1 X51.2527 Y-101.8669 F12000.0
G1 Z0.0000 F8000.0
G0 X51.2237 Y-101.1436 F15000.0
G1 Z11.9000 F8000.0
G1 X51.1658 Y-101.2015 F12000.0
G1 X51.0212 Y-101.1146
G1 X50.2978 Y-101.1436
G1 X49.9217 Y-101.3172
G1 X49.7481 Y-101.4908
G1 Z0.0000 F8000.0
G0 X50.7897 Y-102.2720 F15000.0
G1 Z11.9000 F8000.0
G1 X49.8059 Y-102.6192 F12000.0
G1 X49.7191 Y-102.5613
G1 Z0.0000 F8000.0
G0 X49.6612 Y-102.5035 F15000.0
G1 Z11.9000 F8000.0
G1 X49.5455 Y-101.9826 F12000.0
G1 X49.6034 Y-101.7222
G1 Z0.0000 F8000.0
G0 X49.6612 Y-103.5741 F15000.0
G1 Z11.9000 F8000.0
G1 X49.4587 Y-104.5579 F12000.0
G1 Z0.0000 F8000.0
G0 X161.2157 Y-82.1221 F15000.0
G1 Z11.9000 F8000.0
G1 X161.4183 Y-82.4693 F12000.0
G1 X161.2157 Y-83.0770
G1 X160.8685 Y-83.4242
G1 Z0.0000 F8000.0
G0 X161.1579 Y-81.2541 F15000.0
G1 Z11.9000 F8000.0
G1 X161.3604 Y-80.9936 F12000.0
G1 X161.2736 Y-80.1256
G1 X160.9264 Y-80.0678
G1 Z0.0000 F8000.0
G0 X161.3315 Y-83.8293 F15000.0
G1 Z11.9000 F8000.0
G1 X158.5537 Y-84.8420 F12000.0
G1 Z0.0000 F8000.0
G0 X161.1868 Y-83.9450 F15000.0
G1 Z11.9000 F8000.0
G1 X161.1289 Y-84.1765 F12000.0
G1 Z0.0000 F8000.0
G0 X161.1000 Y-82.0642 F15000.0
G1 Z11.9000 F8000.0
G1 X160.6081 Y-82.1510 F12000.0
G1 Z0.0000 F8000.0
G0 X160.9843 Y-81.3988 F15000.0
G1 Z11.9000 F8000.0
G1 X159.5086 Y-81.9775 F12000.0
G1 Z0.0000 F8000.0
G0 X160.2899 Y-80.2992 F15000.0
G1 Z11.9000 F8000.0
G1 X160.2030 Y-80.3282 F12000.0
G1 Z0.0000 F8000.0
G0 X159.7979 Y-80.4728 F15000.0
G1 Z11.9000 F8000.0
G1 X159.7112 Y-80.5018 F12000.0
G1 Z0.0000 F8000.0
G0 X159.6533 Y-83.1059 F15000.0
G1 Z11.9000 F8000.0
G1 X159.5375 Y-83.2216 F12000.0
G1 Z0.0000 F8000.0
G0 X159.3929 Y-80.6175 F15000.0
G1 Z11.9000 F8000.0
G1 X158.8720 Y-80.8490 F12000.0
G1 X158.5826 Y-81.1673
G1 X158.5248 Y-81.9775
G1 Z0.0000 F8000.0
G0 X159.2192 Y-82.0932 F15000.0
G1 Z11.9000 F8000.0
G1 X158.7563 Y-82.1800 F12000.0
G1 X158.5826 Y-82.0642
G1 Z0.0000 F8000.0
G0 X158.6695 Y-84.0607 F15000.0
G1 Z11.9000 F8000.0
G1 X158.5248 Y-84.1186 F12000.0
G1 X158.4669 Y-83.0191
G1 Z0.0000 F8000.0
G0 X114.4745 Y-163.9253 F15000.0
G1 Z11.9000 F8000.0
G1 X114.3877 Y-163.3756 F12000.0
G1 X114.1852 Y-163.0862
G1 Z0.0000 F8000.0
G0 X114.4166 Y-164.0410 F15000.0
G1 Z11.9000 F8000.0
G1 X114.2141 Y-164.2147 F12000.0
G1 X114.4166 Y-164.5908
G1 Z0.0000 F8000.0
G0 X114.0983 Y-164.2436 F15000.0
G1 Z11.9000 F8000.0
G1 X113.6354 Y-164.2147 F12000.0
G1 X113.3171 Y-164.0700
G1 Z0.0000 F8000.0
G0 X114.0694 Y-164.1568 F15000.0
G1 Z11.9000 F8000.0
G1 X114.0115 Y-164.0121 F12000.0
G1 Z0.0000 F8000.0
G0 X113.8669 Y-163.7806 F15000.0
G1 Z11.9000 F8000.0
G1 X113.2303 Y-162.7969 F12000.0
G1 Z0.0000 F8000.0
G0 X113.8379 Y-162.8258 F15000.0
G1 Z11.9000 F8000.0
G1 X113.2014 Y-162.6811 F12000.0
G1 Z0.0000 F8000.0
G0 X113.1725 Y-163.9543 F15000.0
G1 Z11.9000 F8000.0
G1 X112.9988 Y-163.7806 F12000.0
G1 X112.8542 Y-163.4334
G1 X112.8252 Y-163.0283
G1 X113.0856 Y-162.7100
G1 X112.8542 Y-162.3050
G1 Z0.0000 F8000.0
G0 X112.7095 Y-162.0735 F15000.0
G1 Z11.9000 F8000.0
G1 X112.6516 Y-161.9867 F12000.0
G1 Z0.0000 F8000.0
G0 X112.7095 Y-164.4751 F15000.0
G1 Z11.9000 F8000.0
G1 X112.5938 Y-164.8512 F12000.0
G1 Z0.0000 F8000.0
G0 X112.6227 Y-164.2436 F15000.0
G1 Z11.9000 F8000.0
G1 X112.5359 Y-163.9832 F12000.0
G1 Z0.0000 F8000.0
G0 X112.5069 Y-164.9091 F15000.0
G1 Z11.9000 F8000.0
G1 X111.7835 Y-164.9091 F12000.0
G1 X111.5231 Y-164.7066
G1 X111.1181 Y-163.8096
G1 X112.1886 Y-163.3466
G1 X111.9572 Y-162.8258
G1 Z0.0000 F8000.0
G0 X112.4201 Y-163.6649 F15000.0
G1 Z11.9000 F8000.0
G1 X112.3622 Y-163.4913 F12000.0
G1 Z0.0000 F8000.0
G0 X111.4653 Y-162.3339 F15000.0
G1 Z11.9000 F8000.0
G1 X111.3495 Y-162.2471 F12000.0
G1 Z0.0000 F8000.0
G0 X111.1181 Y-162.1313 F15000.0
G1 Z11.9000 F8000.0
G1 X110.9155 Y-162.0446 F12000.0
G1 Z0.0000 F8000.0
G0 X110.0185 Y-164.8512 F15000.0
G1 Z11.9000 F8000.0
G1 X109.8449 Y-164.2725 F12000.0
G1 X110.5972 Y-164.2147
G1 X110.5683 Y-164.0410
G1 X109.9028 Y-162.8837
G1 Z0.0000 F8000.0
G0 X109.7002 Y-162.5075 F15000.0
G1 Z11.9000 F8000.0
G1 X109.4109 Y-161.9867 F12000.0
G1 Z0.0000 F8000.0
G0 X109.2662 Y-164.2436 F15000.0
G1 Z11.9000 F8000.0
G1 X109.7002 Y-164.2436 F12000.0
G1 X109.4977 Y-163.6070
G1 Z0.0000 F8000.0
G0 X138.4202 Y-165.0997 F15000.0
G1 Z11.9000 F8000.0
G1 X138.6806 Y-165.2733 F12000.0
G1 X138.9699 Y-165.1287
G1 X138.9410 Y-164.8971
G1 Z0.0000 F8000.0
G0 X138.8542 Y-164.7236 F15000.0
G1 Z11.9000 F8000.0
G1 X138.4202 Y-164.5789 F12000.0
G1 Z0.0000 F8000.0
G0 X138.3623 Y-164.6367 F15000.0
G1 Z11.9000 F8000.0
G1 X138.3333 Y-164.9261 F12000.0
G1 Z0.0000 F8000.0
G0 X135.7162 Y-161.2200 F15000.0
G1 Z11.9000 F8000.0
G1 X135.2821 Y-160.9884 F12000.0
G1 Z0.0000 F8000.0
G0 X135.4557 Y-159.7153 F15000.0
G1 Z11.9000 F8000.0
G1 X135.5426 Y-159.5707 F12000.0
G1 X135.3979 Y-159.0209
G1 Z0.0000 F8000.0
G0 X135.3979 Y-159.7732 F15000.0
G1 Z11.9000 F8000.0
G1 X134.4430 Y-159.8600 F12000.0
G1 X134.6456 Y-160.3808
G1 Z0.0000 F8000.0
G0 X135.2821 Y-158.7605 F15000.0
G1 Z11.9000 F8000.0
G1 X135.1953 Y-158.6158 F12000.0
G1 Z0.0000 F8000.0
G0 X134.9928 Y-160.7859 F15000.0
G1 Z11.9000 F8000.0
G1 X134.9060 Y-160.6991 F12000.0
G1 Z0.0000 F8000.0
G0 X134.9639 Y-158.4133 F15000.0
G1 Z11.9000 F8000.0
G1 X134.2115 Y-158.2686 F12000.0
G1 X133.9222 Y-158.5579
G1 X134.2983 Y-159.7732
G1 Z0.0000 F8000.0
G0 X134.0669 Y-160.9595 F15000.0
G1 Z11.9000 F8000.0
G1 X134.0090 Y-160.5255 F12000.0
G1 Z0.0000 F8000.0
G0 X134.0090 Y-161.0753 F15000.0
G1 Z11.9000 F8000.0
G1 X133.7486 Y-161.1910 F12000.0
G1 X133.2856 Y-161.1910
G1 X133.0542 Y-161.1042
G1 X132.7648 Y-160.8438
G1 X132.5912 Y-160.4097
G1 Z0.0000 F8000.0
G0 X133.8354 Y-160.0625 F15000.0
G1 Z11.9000 F8000.0
G1 X133.2567 Y-158.6158 F12000.0
G1 X133.0542 Y-158.4133
G1 Z0.0000 F8000.0
G0 X132.9384 Y-158.3554 F15000.0
G1 Z11.9000 F8000.0
G1 X132.0414 Y-158.4133 F12000.0
G1 X131.9835 Y-158.5290
G1 X132.5044 Y-160.1783
G1 Z0.0000 F8000.0
G0 X130.8437 Y-158.2623 F15000.0
G1 Z11.9000 F8000.0
G1 X131.1620 Y-158.3491 F12000.0
G1 X131.3645 Y-158.6095
G1 X131.3356 Y-158.8699
G1 X131.0462 Y-158.8988
G1 X130.7280 Y-158.3491
G1 Z0.0000 F8000.0
G0 X49.0317 Y-151.1476 F15000.0
G1 Z11.9000 F8000.0
G1 X48.5977 Y-150.9161 F12000.0
G1 Z0.0000 F8000.0
G0 X48.7713 Y-149.6430 F15000.0
G1 Z11.9000 F8000.0
G1 X48.8581 Y-149.4983 F12000.0
G1 X48.7135 Y-148.9485
G1 Z0.0000 F8000.0
G0 X48.7135 Y-149.7008 F15000.0
G1 Z11.9000 F8000.0
G1 X47.7586 Y-149.7876 F12000.0
G1 X47.9611 Y-150.3084
G1 Z0.0000 F8000.0
G0 X48.5977 Y-148.6881 F15000.0
G1 Z11.9000 F8000.0
G1 X48.5109 Y-148.5434 F12000.0
G1 Z0.0000 F8000.0
G0 X48.3083 Y-150.7135 F15000.0
G1 Z11.9000 F8000.0
G1 X48.2215 Y-150.6267 F12000.0
G1 Z0.0000 F8000.0
G0 X48.2794 Y-148.3409 F15000.0
G1 Z11.9000 F8000.0
G1 X47.5271 Y-148.1962 F12000.0
G1 X47.2378 Y-148.4856
G1 X47.6139 Y-149.7008
G1 Z0.0000 F8000.0
G0 X47.3825 Y-150.8871 F15000.0
G1 Z11.9000 F8000.0
G1 X47.3245 Y-150.4531 F12000.0
G1 Z0.0000 F8000.0
G0 X47.3245 Y-151.0029 F15000.0
G1 Z11.9000 F8000.0
G1 X47.0642 Y-151.1187 F12000.0
G1 X46.6012 Y-151.1187
G1 X46.3697 Y-151.0318
G1 X46.0804 Y-150.7714
G1 X45.9068 Y-150.3374
G1 Z0.0000 F8000.0
G0 X47.1509 Y-149.9902 F15000.0
G1 Z11.9000 F8000.0
G1 X46.5722 Y-148.5434 F12000.0
G1 X46.3697 Y-148.3409
G1 Z0.0000 F8000.0
G0 X46.2540 Y-148.2830 F15000.0
G1 Z11.9000 F8000.0
G1 X45.3570 Y-148.3409 F12000.0
G1 X45.2991 Y-148.4566
G1 X45.8199 Y-150.1059
G1 Z0.0000 F8000.0
G0 X44.1593 Y-148.1899 F15000.0
G1 Z11.9000 F8000.0
G1 X44.4776 Y-148.2767 F12000.0
G1 X44.6801 Y-148.5371
G1 X44.6511 Y-148.7975
G1 X44.3618 Y-148.8264
G1 X44.0435 Y-148.2767
G1 Z0.0000 F8000.0
G0 X62.2111 Y-158.1267 F15000.0
G1 Z11.9000 F8000.0
G1 X62.5294 Y-158.1556 F12000.0
G1 X62.6162 Y-158.0688
G1 X62.5872 Y-157.7505
G1 Z0.0000 F8000.0
G0 X62.3847 Y-157.4901 F15000.0
G1 Z11.9000 F8000.0
G1 X62.2111 Y-157.4323 F12000.0
G1 X62.0086 Y-157.5769
G1 X62.1243 Y-158.0688
G1 Z0.0000 F8000.0
G0 X11.5469 Y-184.9162 F15000.0
G1 Z11.9000 F8000.0
G1 X11.4312 Y-184.8004 F12000.0
G1 Z0.0000 F8000.0
G0 X11.2576 Y-183.3537 F15000.0
G1 Z11.9000 F8000.0
G1 X11.3444 Y-183.8167 F12000.0
G1 X11.0551 Y-184.1639
G1 X11.1997 Y-184.4532
G1 Z0.0000 F8000.0
G0 X11.0840 Y-183.0933 F15000.0
G1 Z11.9000 F8000.0
G1 X10.6789 Y-182.7461 F12000.0
G1 X10.0423 Y-182.6303
G1 Z0.0000 F8000.0
G0 X10.9104 Y-184.1060 F15000.0
G1 Z11.9000 F8000.0
G1 X10.8525 Y-183.9614 F12000.0
G1 Z0.0000 F8000.0
G0 X10.9104 Y-184.1928 F15000.0
G1 Z11.9000 F8000.0
G1 X9.9844 Y-183.8456 F12000.0
G1 Z0.0000 F8000.0
G0 X10.7078 Y-183.7298 F15000.0
G1 Z11.9000 F8000.0
G1 X10.0712 Y-182.7461 F12000.0
G1 Z0.0000 F8000.0
G0 X9.7819 Y-182.3699 F15000.0
G1 Z11.9000 F8000.0
G1 X9.9266 Y-182.6593 F12000.0
G1 X9.6951 Y-182.9197
G1 X9.6661 Y-183.2958
G1 X9.8398 Y-183.7009
G1 Z0.0000 F8000.0
G0 X9.6372 Y-182.1384 F15000.0
G1 Z11.9000 F8000.0
G1 X9.4925 Y-181.9359 F12000.0
G1 Z0.0000 F8000.0
G0 X9.0138 Y-184.8657 F15000.0
G1 Z11.9000 F8000.0
G1 X8.9560 Y-184.7790 F12000.0
G1 Z0.0000 F8000.0
G0 X8.7534 Y-182.2327 F15000.0
G1 Z11.9000 F8000.0
G1 X7.3646 Y-181.9723 F12000.0
G1 X7.4803 Y-182.2906
G1 X8.2905 Y-183.6505
G1 Z0.0000 F8000.0
G0 X7.7118 Y-184.8947 F15000.0
G1 Z11.9000 F8000.0
G1 X6.8148 Y-184.7500 F12000.0
G1 X6.6990 Y-184.6632
G1 Z0.0000 F8000.0
G0 X6.5254 Y-184.4607 F15000.0
G1 Z11.9000 F8000.0
G1 X6.3808 Y-184.1424 F12000.0
G1 X6.2650 Y-183.5637
G1 X6.3229 Y-183.4479
G1 X7.1331 Y-183.2454
G1 X6.7280 Y-182.0301
G1 Z0.0000 F8000.0
G0 X6.6701 Y-181.9723 F15000.0
G1 Z11.9000 F8000.0
G1 X5.6574 Y-181.9433 F12000.0
G1 Z0.0000 F8000.0
G0 X132.8613 Y-152.9646 F15000.0
G1 Z11.9000 F8000.0
G1 X132.4851 Y-152.4148 F12000.0
G1 Z0.0000 F8000.0
G0 X132.1957 Y-152.0097 F15000.0
G1 Z11.9000 F8000.0
G1 X132.0800 Y-151.9519 F12000.0
G1 X131.9933 Y-151.6625
G1 Z0.0000 F8000.0
G0 X132.0800 Y-151.9519 F15000.0
G1 Z11.9000 F8000.0
G1 X130.6912 Y-151.9808 F12000.0
G1 X130.4597 Y-149.5213
G1 X130.3439 Y-149.0873
G1 Z0.0000 F8000.0
G0 X130.9516 Y-150.0132 F15000.0
G1 Z11.9000 F8000.0
G1 X130.6333 Y-149.5792 F12000.0
G1 X130.4886 Y-149.5213
G1 Z0.0000 F8000.0
G0 X130.7780 Y-153.1671 F15000.0
G1 Z11.9000 F8000.0
G1 X130.6622 Y-152.0097 F12000.0
G1 Z0.0000 F8000.0
G0 X45.3374 Y-145.4297 F15000.0
G1 Z11.9000 F8000.0
G1 X45.5111 Y-145.4875 F12000.0
G1 X46.8131 Y-145.4875
G1 X46.5238 Y-144.5327
G1 Z0.0000 F8000.0
G0 X46.4370 Y-144.3012 F15000.0
G1 Z11.9000 F8000.0
G1 X46.4080 Y-144.2144 F12000.0
G1 Z0.0000 F8000.0
G0 X46.1766 Y-143.5778 F15000.0
G1 Z11.9000 F8000.0
G1 X46.1477 Y-143.4911 F12000.0
G1 Z0.0000 F8000.0
G0 X44.6430 Y-143.3464 F15000.0
G1 Z11.9000 F8000.0
G1 X45.9740 Y-143.2306 F12000.0
G1 X43.6592 Y-141.3209
G1 Z0.0000 F8000.0
G0 X45.1060 Y-145.3139 F15000.0
G1 Z11.9000 F8000.0
G1 X44.8166 Y-145.0535 F12000.0
G1 X44.4115 Y-144.0987
G1 X44.4115 Y-143.5489
G1 Z0.0000 F8000.0
G0 X153.6658 Y-231.8624 F15000.0
G1 Z11.9000 F8000.0
G1 X153.8394 Y-231.9203 F12000.0
G1 X155.1414 Y-231.9203
G1 X154.8521 Y-230.9655
G1 Z0.0000 F8000.0
G0 X154.7653 Y-230.7340 F15000.0
G1 Z11.9000 F8000.0
G1 X154.7364 Y-230.6472 F12000.0
G1 Z0.0000 F8000.0
G0 X154.5049 Y-230.0106 F15000.0
G1 Z11.9000 F8000.0
G1 X154.4760 Y-229.9238 F12000.0
G1 Z0.0000 F8000.0
G0 X153.4343 Y-231.7467 F15000.0
G1 Z11.9000 F8000.0
G1 X153.1160 Y-231.4284 F12000.0
G1 X152.7688 Y-230.6472
G1 X152.6820 Y-230.2421
G1 X152.9713 Y-229.6923
G1 X154.3313 Y-229.6634
G1 X154.2444 Y-229.2873
G1 Z0.0000 F8000.0
G0 X154.1577 Y-229.0558 F15000.0
G1 Z11.9000 F8000.0
G1 X154.1287 Y-228.9690 F12000.0
G1 Z0.0000 F8000.0
G0 X154.0420 Y-228.7375 F15000.0
G1 Z11.9000 F8000.0
G1 X154.0130 Y-228.6507 F12000.0
G1 Z0.0000 F8000.0
G0 X153.9262 Y-228.4192 F15000.0
G1 Z11.9000 F8000.0
G1 X153.8973 Y-228.3324 F12000.0
G1 Z0.0000 F8000.0
G0 X153.8104 Y-228.1009 F15000.0
G1 Z11.9000 F8000.0
G1 X153.6947 Y-227.8405 F12000.0
G1 X152.4794 Y-227.8116
G1 X152.1612 Y-228.1877
G1 X152.2769 Y-228.7954
G1 Z0.0000 F8000.0
G0 X152.5663 Y-229.3162 F15000.0
G1 Z11.9000 F8000.0
G1 X152.3927 Y-229.0269 F12000.0
G1 Z0.0000 F8000.0
G0 X145.0593 Y-231.8624 F15000.0
G1 Z11.9000 F8000.0
G1 X145.2329 Y-231.9203 F12000.0
G1 X146.5350 Y-231.9203
G1 X146.2456 Y-230.9655
G1 Z0.0000 F8000.0
G0 X146.1588 Y-230.7340 F15000.0
G1 Z11.9000 F8000.0
G1 X146.1299 Y-230.6472 F12000.0
G1 Z0.0000 F8000.0
G0 X145.8984 Y-230.0106 F15000.0
G1 Z11.9000 F8000.0
G1 X145.8695 Y-229.9238 F12000.0
G1 Z0.0000 F8000.0
G0 X144.8278 Y-231.7467 F15000.0
G1 Z11.9000 F8000.0
G1 X144.5096 Y-231.4284 F12000.0
G1 X144.1623 Y-230.6472
G1 X144.0755 Y-230.2421
G1 X144.3649 Y-229.6923
G1 X145.7248 Y-229.6634
G1 X145.6380 Y-229.2873
G1 Z0.0000 F8000.0
G0 X145.5512 Y-229.0558 F15000.0
G1 Z11.9000 F8000.0
G1 X145.5223 Y-228.9690 F12000.0
G1 Z0.0000 F8000.0
G0 X145.4354 Y-228.7375 F15000.0
G1 Z11.9000 F8000.0
G1 X145.4065 Y-228.6507 F12000.0
G1 Z0.0000 F8000.0
G0 X145.3197 Y-228.4192 F15000.0
G1 Z11.9000 F8000.0
G1 X145.2908 Y-228.3324 F12000.0
G1 Z0.0000 F8000.0
G0 X145.2040 Y-228.1009 F15000.0
G1 Z11.9000 F8000.0
G1 X145.0883 Y-227.8405 F12000.0
G1 X143.8730 Y-227.8116
G1 X143.5547 Y-228.1877
G1 X143.6704 Y-228.7954
G1 Z0.0000 F8000.0
G0 X143.9598 Y-229.3162 F15000.0
G1 Z11.9000 F8000.0
G1 X143.7862 Y-229.0269 F12000.0
G1 Z0.0000 F8000.0
G0 X130.0847 Y-136.0208 F15000.0
G1 Z11.9000 F8000.0
G1 X129.9979 Y-136.2233 F12000.0
G1 Z0.0000 F8000.0
G0 X130.0268 Y-138.0173 F15000.0
G1 Z11.9000 F8000.0
G1 X127.2202 Y-139.0590 F12000.0
G1 Z0.0000 F8000.0
G0 X129.8821 Y-136.4548 F15000.0
G1 Z11.9000 F8000.0
G1 X129.7954 Y-136.5706 F12000.0
G1 Z0.0000 F8000.0
G0 X129.8821 Y-138.1330 F15000.0
G1 Z11.9000 F8000.0
G1 X129.8243 Y-138.3645 F12000.0
G1 Z0.0000 F8000.0
G0 X129.5639 Y-138.7696 F15000.0
G1 Z11.9000 F8000.0
G1 X129.3613 Y-139.0011 F12000.0
G1 Z0.0000 F8000.0
G0 X129.3324 Y-137.0335 F15000.0
G1 Z11.9000 F8000.0
G1 X128.8116 Y-137.3229 F12000.0
G1 X128.6090 Y-136.2523
G1 Z0.0000 F8000.0
G0 X128.6669 Y-137.4386 F15000.0
G1 Z11.9000 F8000.0
G1 X127.4227 Y-137.7858 F12000.0
G1 X127.2780 Y-137.6990
G1 Z0.0000 F8000.0
G0 X128.4933 Y-136.1944 F15000.0
G1 Z11.9000 F8000.0
G1 X127.6253 Y-136.4548 F12000.0
G1 X127.3070 Y-136.7442
G1 Z0.0000 F8000.0
G0 X127.2491 Y-136.8599 F15000.0
G1 Z11.9000 F8000.0
G1 X127.2202 Y-137.6122 F12000.0
G1 Z0.0000 F8000.0
G0 X130.1264 Y-129.1414 F15000.0
G1 Z11.9000 F8000.0
G1 X130.0396 Y-130.1831 F12000.0
G1 X128.8243 Y-130.6171
G1 X128.6796 Y-129.8648
G1 Z0.0000 F8000.0
G0 X130.0974 Y-131.6877 F15000.0
G1 Z11.9000 F8000.0
G1 X128.4771 Y-132.5846 F12000.0
G1 Z0.0000 F8000.0
G0 X129.1426 Y-134.1182 F15000.0
G1 Z11.9000 F8000.0
G1 X128.0720 Y-133.9156 F12000.0
G1 X127.9563 Y-134.1472
G1 Z0.0000 F8000.0
G0 X129.1137 Y-133.1055 F15000.0
G1 Z11.9000 F8000.0
G1 X129.0269 Y-133.1633 F12000.0
G1 Z0.0000 F8000.0
G0 X128.7664 Y-133.3949 F15000.0
G1 Z11.9000 F8000.0
G1 X128.5639 Y-133.5974 F12000.0
G1 Z0.0000 F8000.0
G0 X128.5928 Y-129.7780 F15000.0
G1 Z11.9000 F8000.0
G1 X128.3613 Y-129.7201 F12000.0
G1 X127.4933 Y-130.0673
G1 X127.3486 Y-130.2409
G1 X127.0882 Y-131.3405
G1 Z0.0000 F8000.0
G0 X128.4482 Y-131.8034 F15000.0
G1 Z11.9000 F8000.0
G1 X127.2618 Y-132.2664 F12000.0
G1 Z0.0000 F8000.0
G0 X128.4192 Y-133.7131 F15000.0
G1 Z11.9000 F8000.0
G1 X128.3324 Y-133.8867 F12000.0
G1 Z0.0000 F8000.0
G0 X128.3035 Y-132.6715 F15000.0
G1 Z11.9000 F8000.0
G1 X127.8984 Y-132.8451 F12000.0
G1 X127.8405 Y-131.6588
G1 Z0.0000 F8000.0
G0 X128.0141 Y-133.9156 F15000.0
G1 Z11.9000 F8000.0
G1 X127.2329 Y-133.7710 F12000.0
G1 Z0.0000 F8000.0
G0 X127.5801 Y-134.4943 F15000.0
G1 Z11.9000 F8000.0
G1 X127.1750 Y-134.8705 F12000.0
G1 Z0.0000 F8000.0
G0 X130.1196 Y-128.0868 F15000.0
G1 Z11.9000 F8000.0
G1 X130.0039 Y-128.4341 F12000.0
G1 X129.8303 Y-128.5787
G1 X129.4541 Y-128.3473
G1 X130.0039 Y-127.9422
G1 Z0.0000 F8000.0
G0 X119.6450 Y-126.8785 F15000.0
G1 Z11.9000 F8000.0
G1 X119.6450 Y-127.1389 F12000.0
G1 X119.3267 Y-128.2095
G1 X118.8059 Y-127.8044
G1 Z0.0000 F8000.0
G0 X119.3557 Y-128.2963 F15000.0
G1 Z11.9000 F8000.0
G1 X119.3267 Y-128.2095 F12000.0
G1 Z0.0000 F8000.0
G0 X118.9506 Y-129.8009 F15000.0
G1 Z11.9000 F8000.0
G1 X118.3430 Y-128.1516 F12000.0
G1 Z0.0000 F8000.0
G0 X118.2561 Y-127.2836 F15000.0
G1 Z11.9000 F8000.0
G1 X118.0826 Y-127.2257 F12000.0
G1 X118.1115 Y-127.5151
G1 Z0.0000 F8000.0
G0 X118.2561 Y-127.9201 F15000.0
G1 Z11.9000 F8000.0
G1 X118.2272 Y-127.8334 F12000.0
G1 Z0.0000 F8000.0
G0 X117.9089 Y-126.9364 F15000.0
G1 Z11.9000 F8000.0
G1 X117.8221 Y-126.8206 F12000.0
G1 Z0.0000 F8000.0
G0 X117.7353 Y-129.7720 F15000.0
G1 Z11.9000 F8000.0
G1 X116.7226 Y-127.0521 F12000.0
G1 Z0.0000 F8000.0
G0 X117.5039 Y-127.4861 F15000.0
G1 Z11.9000 F8000.0
G1 X117.3013 Y-127.3414 F12000.0
G1 Z0.0000 F8000.0
G0 X117.1566 Y-129.8298 F15000.0
G1 Z11.9000 F8000.0
G1 X116.9540 Y-129.7431 F12000.0
G1 X115.0154 Y-127.6597
G1 X114.9286 Y-127.1968
G1 Z0.0000 F8000.0
G0 X116.9830 Y-127.1389 F15000.0
G1 Z11.9000 F8000.0
G1 X116.8094 Y-127.1100 F12000.0
G1 Z0.0000 F8000.0
G0 X116.9540 Y-129.7431 F15000.0
G1 Z11.9000 F8000.0
G1 X115.7099 Y-129.7720 F12000.0
G1 Z0.0000 F8000.0
G0 X116.1150 Y-127.2257 F15000.0
G1 Z11.9000 F8000.0
G1 X115.3048 Y-126.8496 F12000.0
G1 X115.0154 Y-127.0231
G1 Z0.0000 F8000.0
G0 X120.3943 Y-135.2809 F15000.0
G1 Z11.9000 F8000.0
G1 X119.6710 Y-135.6281 F12000.0
G1 X119.4973 Y-135.5703
G1 Z0.0000 F8000.0
G0 X120.3364 Y-135.1363 F15000.0
G1 Z11.9000 F8000.0
G1 X119.8156 Y-133.7763 F12000.0
G1 Z0.0000 F8000.0
G0 X119.6420 Y-133.6606 F15000.0
G1 Z11.9000 F8000.0
G1 X118.8319 Y-133.6317 F12000.0
G1 X118.7450 Y-133.7184
G1 X119.2659 Y-135.2809
G1 Z0.0000 F8000.0
G0 X118.7740 Y-135.4835 F15000.0
G1 Z11.9000 F8000.0
G1 X118.1085 Y-133.6606 F12000.0
G1 Z0.0000 F8000.0
G0 X118.0506 Y-133.6027 F15000.0
G1 Z11.9000 F8000.0
G1 X116.4881 Y-133.6317 F12000.0
G1 Z0.0000 F8000.0
G0 X117.9349 Y-135.6571 F15000.0
G1 Z11.9000 F8000.0
G1 X117.7613 Y-135.1941 F12000.0
G1 Z0.0000 F8000.0
G0 X117.6745 Y-134.9627 F15000.0
G1 Z11.9000 F8000.0
G1 X117.5009 Y-134.4418 F12000.0
G1 Z0.0000 F8000.0
G0 X117.3562 Y-134.0657 F15000.0
G1 Z11.9000 F8000.0
G1 X117.2115 Y-133.6027 F12000.0
G1 Z0.0000 F8000.0
G0 X117.0379 Y-135.6571 F15000.0
G1 Z11.9000 F8000.0
G1 X116.4013 Y-133.7184 F12000.0
G1 Z0.0000 F8000.0
G0 X115.6779 Y-133.3712 F15000.0
G1 Z11.9000 F8000.0
G1 X115.6779 Y-133.6027 F12000.0
G1 X115.2729 Y-133.5448
G1 X114.7520 Y-133.6606
G1 X114.6942 Y-133.7763
G1 X115.1860 Y-135.1941
G1 X115.4754 Y-135.5703
G1 X116.3435 Y-135.5124
G1 X115.8516 Y-133.8631
G1 Z0.0000 F8000.0
G0 X115.5912 Y-133.1397 F15000.0
G1 Z11.9000 F8000.0
G1 X115.3018 Y-132.7636 F12000.0
G1 Z0.0000 F8000.0
G0 X115.2729 Y-133.5159 F15000.0
G1 Z11.9000 F8000.0
G1 X114.8099 Y-132.8214 F12000.0
G1 X115.1282 Y-132.6768
G1 Z0.0000 F8000.0
G0 X114.8967 Y-135.5992 F15000.0
G1 Z11.9000 F8000.0
G1 X114.8388 Y-135.5414 F12000.0
G1 Z0.0000 F8000.0
G0 X140.0534 Y-114.4369 F15000.0
G1 Z11.9000 F8000.0
G1 X140.4584 Y-114.3212 F12000.0
G1 X140.7189 Y-114.4659
G1 X140.8636 Y-114.7552
G1 X140.8057 Y-115.1025
G1 Z0.0000 F8000.0
G0 X140.8057 Y-112.9034 F15000.0
G1 Z11.9000 F8000.0
G1 X140.7767 Y-113.6557 F12000.0
G1 Z0.0000 F8000.0
G0 X140.7189 Y-112.7877 F15000.0
G1 Z11.9000 F8000.0
G1 X140.6320 Y-112.7298 F12000.0
G1 X140.1691 Y-112.8166
G1 Z0.0000 F8000.0
G0 X140.6900 Y-115.3339 F15000.0
G1 Z11.9000 F8000.0
G1 X140.3138 Y-115.7101 F12000.0
G1 Z0.0000 F8000.0
G0 X139.8219 Y-112.9613 F15000.0
G1 Z11.9000 F8000.0
G1 X139.5326 Y-113.2795 F12000.0
G1 X139.4168 Y-113.6847
G1 Z0.0000 F8000.0
G0 X139.3879 Y-113.2217 F15000.0
G1 Z11.9000 F8000.0
G1 X139.0117 Y-113.1059 F12000.0
G1 X138.2305 Y-113.4531
G1 Z0.0000 F8000.0
G0 X139.0986 Y-115.3918 F15000.0
G1 Z11.9000 F8000.0
G1 X138.9828 Y-115.5075 F12000.0
G1 Z0.0000 F8000.0
G0 X138.1147 Y-113.5978 F15000.0
G1 Z11.9000 F8000.0
G1 X137.8254 Y-114.7263 F12000.0
G1 Z0.0000 F8000.0
G0 X138.1147 Y-116.3466 F15000.0
G1 Z11.9000 F8000.0
G1 X137.9700 Y-116.4045 F12000.0
G1 X137.9122 Y-115.3050
G1 Z0.0000 F8000.0
G0 X134.5754 Y-115.8131 F15000.0
G1 Z11.9000 F8000.0
G1 X134.7780 Y-116.1603 F12000.0
G1 X134.5754 Y-116.7679
G1 X134.2282 Y-117.1151
G1 Z0.0000 F8000.0
G0 X134.5176 Y-114.9451 F15000.0
G1 Z11.9000 F8000.0
G1 X134.7201 Y-114.6846 F12000.0
G1 X134.6334 Y-113.8165
G1 X134.2861 Y-113.7587
G1 Z0.0000 F8000.0
G0 X134.4597 Y-115.7552 F15000.0
G1 Z11.9000 F8000.0
G1 X133.9678 Y-115.8420 F12000.0
G1 Z0.0000 F8000.0
G0 X134.3440 Y-115.0897 F15000.0
G1 Z11.9000 F8000.0
G1 X132.8683 Y-115.6684 F12000.0
G1 Z0.0000 F8000.0
G0 X133.6495 Y-113.9902 F15000.0
G1 Z11.9000 F8000.0
G1 X133.5627 Y-114.0191 F12000.0
G1 Z0.0000 F8000.0
G0 X133.1577 Y-114.1638 F15000.0
G1 Z11.9000 F8000.0
G1 X133.0708 Y-114.1927 F12000.0
G1 Z0.0000 F8000.0
G0 X133.0130 Y-116.7968 F15000.0
G1 Z11.9000 F8000.0
G1 X132.8972 Y-116.9126 F12000.0
G1 Z0.0000 F8000.0
G0 X132.7526 Y-114.3085 F15000.0
G1 Z11.9000 F8000.0
G1 X132.2317 Y-114.5399 F12000.0
G1 X131.9424 Y-114.8582
G1 X131.8845 Y-115.6684
G1 Z0.0000 F8000.0
G0 X132.5790 Y-115.7841 F15000.0
G1 Z11.9000 F8000.0
G1 X132.1160 Y-115.8709 F12000.0
G1 X131.9424 Y-115.7552
G1 Z0.0000 F8000.0
G0 X132.0292 Y-117.7517 F15000.0
G1 Z11.9000 F8000.0
G1 X131.8845 Y-117.8096 F12000.0
G1 X131.8267 Y-116.7101
G1 Z0.0000 F8000.0
G0 X175.8994 Y-104.6056 F15000.0
G1 Z11.9000 F8000.0
G1 X177.9249 Y-104.6345 F12000.0
G1 X177.8960 Y-98.8476
G1 X175.5522 Y-98.7897
G1 Z0.0000 F8000.0
G0 X177.8960 Y-101.4806 F15000.0
G1 Z11.9000 F8000.0
G1 X175.8416 Y-101.6253 F12000.0
G1 Z0.0000 F8000.0
G0 X175.6680 Y-101.7411 F15000.0
G1 Z11.9000 F8000.0
G1 X175.2050 Y-103.5929 F12000.0
G1 X175.3497 Y-104.1137
G1 Z0.0000 F8000.0
G0 X127.6544 Y-61.6267 F15000.0
G1 Z11.9000 F8000.0
G1 X127.5675 Y-61.0770 F12000.0
G1 X127.3650 Y-60.7876
G1 Z0.0000 F8000.0
G0 X127.5965 Y-61.7425 F15000.0
G1 Z11.9000 F8000.0
G1 X127.3939 Y-61.9161 F12000.0
G1 X127.5965 Y-62.2923
G1 Z0.0000 F8000.0
G0 X127.2782 Y-61.9450 F15000.0
G1 Z11.9000 F8000.0
G1 X126.8152 Y-61.9161 F12000.0
G1 X126.4969 Y-61.7714
G1 Z0.0000 F8000.0
G0 X127.2492 Y-61.8583 F15000.0
G1 Z11.9000 F8000.0
G1 X127.1914 Y-61.7136 F12000.0
G1 Z0.0000 F8000.0
G0 X127.0468 Y-61.4821 F15000.0
G1 Z11.9000 F8000.0
G1 X126.4102 Y-60.4983 F12000.0
G1 Z0.0000 F8000.0
G0 X127.0178 Y-60.5273 F15000.0
G1 Z11.9000 F8000.0
G1 X126.3812 Y-60.3826 F12000.0
G1 Z0.0000 F8000.0
G0 X126.3523 Y-61.6557 F15000.0
G1 Z11.9000 F8000.0
G1 X126.1787 Y-61.4821 F12000.0
G1 X126.0340 Y-61.1349
G1 X126.0051 Y-60.7297
G1 X126.2655 Y-60.4115
G1 X126.0340 Y-60.0064
G1 Z0.0000 F8000.0
G0 X125.8893 Y-59.7749 F15000.0
G1 Z11.9000 F8000.0
G1 X125.8315 Y-59.6881 F12000.0
G1 Z0.0000 F8000.0
G0 X125.8893 Y-62.1765 F15000.0
G1 Z11.9000 F8000.0
G1 X125.7736 Y-62.5527 F12000.0
G1 Z0.0000 F8000.0
G0 X125.8025 Y-61.9450 F15000.0
G1 Z11.9000 F8000.0
G1 X125.7157 Y-61.6846 F12000.0
G1 Z0.0000 F8000.0
G0 X125.6868 Y-62.6105 F15000.0
G1 Z11.9000 F8000.0
G1 X124.9634 Y-62.6105 F12000.0
G1 X124.7030 Y-62.4080
G1 X124.2979 Y-61.5110
G1 X125.3685 Y-61.0480
G1 X125.1371 Y-60.5273
G1 Z0.0000 F8000.0
G0 X125.6000 Y-61.3663 F15000.0
G1 Z11.9000 F8000.0
G1 X125.5421 Y-61.1927 F12000.0
G1 Z0.0000 F8000.0
G0 X124.6451 Y-60.0353 F15000.0
G1 Z11.9000 F8000.0
G1 X124.5294 Y-59.9486 F12000.0
G1 Z0.0000 F8000.0
G0 X124.2979 Y-59.8328 F15000.0
G1 Z11.9000 F8000.0
G1 X124.0954 Y-59.7460 F12000.0
G1 Z0.0000 F8000.0
G0 X124.0664 Y-62.6684 F15000.0
G1 Z11.9000 F8000.0
G1 X123.1984 Y-62.5527 F12000.0
G1 Z0.0000 F8000.0
G0 X122.6486 Y-61.2217 F15000.0
G1 Z11.9000 F8000.0
G1 X122.7644 Y-61.1349 F12000.0
G1 X123.4588 Y-61.0191
G1 X123.4298 Y-60.7876
G1 Z0.0000 F8000.0
G0 X123.3141 Y-60.4983 F15000.0
G1 Z11.9000 F8000.0
G1 X123.0537 Y-59.8039 F12000.0
G1 Z0.0000 F8000.0
G0 X122.9958 Y-59.7460 F15000.0
G1 Z11.9000 F8000.0
G1 X121.9542 Y-59.6881 F12000.0
G1 Z0.0000 F8000.0
G0 X122.9091 Y-62.2923 F15000.0
G1 Z11.9000 F8000.0
G1 X122.6775 Y-61.7714 F12000.0
G1 X122.5908 Y-61.3374
G1 Z0.0000 F8000.0
G0 X6.8493 Y-256.2986 F15000.0
G1 Z11.9000 F8000.0
G1 X5.8944 Y-253.6366 F12000.0
G1 X5.7208 Y-253.4051
G1 Z0.0000 F8000.0
G0 X6.7335 Y-254.0995 F15000.0
G1 Z11.9000 F8000.0
G1 X6.6178 Y-253.9838 F12000.0
G1 Z0.0000 F8000.0
G0 X6.1259 Y-253.6655 F15000.0
G1 Z11.9000 F8000.0
G1 X5.9234 Y-253.6076 F12000.0
G1 Z0.0000 F8000.0
G0 X6.0391 Y-255.6041 F15000.0
G1 Z11.9000 F8000.0
G1 X5.9523 Y-255.5173 F12000.0
G1 Z0.0000 F8000.0
G0 X5.6340 Y-254.4467 F15000.0
G1 Z11.9000 F8000.0
G1 X5.4893 Y-254.3599 F12000.0
G1 Z0.0000 F8000.0
G0 X123.7451 Y-97.6436 F15000.0
G1 Z11.9000 F8000.0
G1 X112.8582 Y-97.6436 F12000.0
G1 Z0.0000 F8000.0
G0 X111.9419 Y-97.6436 F15000.0
G1 Z11.9000 F8000.0
G1 X110.9718 Y-97.6436 F12000.0
G1 Z0.0000 F8000.0
G0 X110.0017 Y-97.6436 F15000.0
G1 Z11.9000 F8000.0
G1 X99.1686 Y-97.6436 F12000.0
G1 Z0.0000 F8000.0
G0 X98.1984 Y-97.6436 F15000.0
G1 Z11.9000 F8000.0
G1 X97.2283 Y-97.6436 F12000.0
G1 Z0.0000 F8000.0
G0 X96.2582 Y-97.6436 F15000.0
G1 Z11.9000 F8000.0
G1 X85.4251 Y-97.6436 F12000.0
G1 Z0.0000 F8000.0
G0 X84.4550 Y-97.6436 F15000.0
G1 Z11.9000 F8000.0
G1 X83.4848 Y-97.6436 F12000.0
G1 Z0.0000 F8000.0
G0 X82.5686 Y-97.6436 F15000.0
G1 Z11.9000 F8000.0
G1 X71.6817 Y-97.6436 F12000.0
G1 Z0.0000 F8000.0
G0 X70.7116 Y-97.6436 F15000.0
G1 Z11.9000 F8000.0
G1 X69.7953 Y-97.6436 F12000.0
G1 Z0.0000 F8000.0
G0 X68.8251 Y-97.6436 F15000.0
G1 Z11.9000 F8000.0
G1 X57.9382 Y-97.6436 F12000.0
G1 Z0.0000 F8000.0
G0 X90.8686 Y-41.1607 F15000.0
G1 Z11.9000 F8000.0
G1 X90.8686 Y-51.5087 F12000.0
G1 Z0.0000 F8000.0
G0 X90.8686 Y-52.4249 F15000.0
G1 Z11.9000 F8000.0
G1 X90.8686 Y-53.3950 F12000.0
G1 Z0.0000 F8000.0
G0 X90.8686 Y-54.3652 F15000.0
G1 Z11.9000 F8000.0
G1 X90.8686 Y-64.6593 F12000.0
G1 Z0.0000 F8000.0
G0 X90.8686 Y-65.6294 F15000.0
G1 Z11.9000 F8000.0
G1 X90.8686 Y-66.5457 F12000.0
G1 Z0.0000 F8000.0
G0 X90.8686 Y-67.5158 F15000.0
G1 Z11.9000 F8000.0
G1 X90.8686 Y-77.8099 F12000.0
G1 Z0.0000 F8000.0
G0 X90.8686 Y-78.7800 F15000.0
G1 Z11.9000 F8000.0
G1 X90.8686 Y-79.7502 F12000.0
G1 Z0.0000 F8000.0
G0 X90.8686 Y-80.6664 F15000.0
G1 Z11.9000 F8000.0
G1 X90.8686 Y-91.0144 F12000.0
G1 Z0.0000 F8000.0
G0 X90.8686 Y-91.9306 F15000.0
G1 Z11.9000 F8000.0
G1 X90.8686 Y-92.9007 F12000.0
G1 Z0.0000 F8000.0
G0 X90.8686 Y-93.8709 F15000.0
G1 Z11.9000 F8000.0
G1 X90.8686 Y-104.1651 F12000.0
G1 Z0.0000 F8000.0
G0 X90.8686 Y-105.1352 F15000.0
G1 Z11.9000 F8000.0
G1 X90.8686 Y-106.0514 F12000.0
G1 Z0.0000 F8000.0
G0 X90.8686 Y-107.0215 F15000.0
G1 Z11.9000 F8000.0
G1 X90.8686 Y-117.3156 F12000.0
G1 Z0.0000 F8000.0
G0 X90.8686 Y-118.2858 F15000.0
G1 Z11.9000 F8000.0
G1 X90.8686 Y-119.2559 F12000.0
G1 Z0.0000 F8000.0
G0 X90.8686 Y-120.2260 F15000.0
G1 Z11.9000 F8000.0
G1 X90.8686 Y-130.5202 F12000.0
G1 Z0.0000 F8000.0
G0 X97.3361 Y-201.1778 F15000.0
G1 Z11.9000 F8000.0
G1 X106.6062 Y-201.1778 F12000.0
G1 Z0.0000 F8000.0
G0 X107.5763 Y-201.1778 F15000.0
G1 Z11.9000 F8000.0
G1 X108.5465 Y-201.1778 F12000.0
G1 Z0.0000 F8000.0
G0 X109.5166 Y-201.1778 F15000.0
G1 Z11.9000 F8000.0
G1 X118.7867 Y-201.1778 F12000.0
G1 Z0.0000 F8000.0
G0 X119.7569 Y-201.1778 F15000.0
G1 Z11.9000 F8000.0
G1 X120.7270 Y-201.1778 F12000.0
G1 Z0.0000 F8000.0
G0 X121.6432 Y-201.1778 F15000.0
G1 Z11.9000 F8000.0
G1 X130.9672 Y-201.1778 F12000.0
G1 Z0.0000 F8000.0
G0 X131.9374 Y-201.1778 F15000.0
G1 Z11.9000 F8000.0
G1 X132.8536 Y-201.1778 F12000.0
G1 Z0.0000 F8000.0
G0 X133.8237 Y-201.1778 F15000.0
G1 Z11.9000 F8000.0
G1 X143.1477 Y-201.1778 F12000.0
G1 Z0.0000 F8000.0
G0 X144.0639 Y-201.1778 F15000.0
G1 Z11.9000 F8000.0
G1 X145.0340 Y-201.1778 F12000.0
G1 Z0.0000 F8000.0
G0 X146.0042 Y-201.1778 F15000.0
G1 Z11.9000 F8000.0
G1 X155.2743 Y-201.1778 F12000.0
G1 Z0.0000 F8000.0
G0 X156.2444 Y-201.1778 F15000.0
G1 Z11.9000 F8000.0
G1 X157.2145 Y-201.1778 F12000.0
G1 Z0.0000 F8000.0
G0 X158.1308 Y-201.1778 F15000.0
G1 Z11.9000 F8000.0
G1 X167.4548 Y-201.1778 F12000.0
G1 Z0.0000 F8000.0
G0 X133.1230 Y-169.5948 F15000.0
G1 Z11.9000 F8000.0
G1 X133.1230 Y-176.4934 F12000.0
G1 Z0.0000 F8000.0
G0 X133.1230 Y-177.4096 F15000.0
G1 Z11.9000 F8000.0
G1 X133.1230 Y-178.3798 F12000.0
G1 Z0.0000 F8000.0
G0 X133.1230 Y-179.3499 F15000.0
G1 Z11.9000 F8000.0
G1 X133.1230 Y-186.2486 F12000.0
G1 Z0.0000 F8000.0
G0 X133.1230 Y-187.1648 F15000.0
G1 Z11.9000 F8000.0
G1 X133.1230 Y-188.1350 F12000.0
G1 Z0.0000 F8000.0
G0 X133.1230 Y-189.1051 F15000.0
G1 Z11.9000 F8000.0
G1 X133.1230 Y-196.0037 F12000.0
G1 Z0.0000 F8000.0
G0 X133.1230 Y-196.9739 F15000.0
G1 Z11.9000 F8000.0
G1 X133.1230 Y-197.8901 F12000.0
G1 Z0.0000 F8000.0
G0 X133.1230 Y-198.8602 F15000.0
G1 Z11.9000 F8000.0
G1 X133.1230 Y-205.7589 F12000.0
G1 Z0.0000 F8000.0
G0 X166.3768 Y-188.0810 F15000.0
G1 Z11.9000 F8000.0
G1 X166.3230 Y-188.2966 F12000.0
G1 X166.2691 Y-188.5661 F12000.0
G1 X166.2151 Y-188.7817 F12000.0
G1 X166.2151 Y-189.0512 F12000.0
G1 X166.1613 Y-189.2668 F12000.0
G1 X166.1613 Y-189.5362 F12000.0
G1 X166.1074 Y-189.7518 F12000.0
G1 X166.0535 Y-190.0213 F12000.0
G1 X166.0535 Y-190.2369 F12000.0
G1 X166.0535 Y-190.5064 F12000.0
G1 X165.9996 Y-190.7220 F12000.0
G1 X165.9996 Y-190.9914 F12000.0
G1 X165.9457 Y-191.2070 F12000.0
G1 X165.9457 Y-191.4765 F12000.0
G1 X165.9457 Y-191.6921 F12000.0
G1 X165.9457 Y-191.9615 F12000.0
G1 X165.8918 Y-192.1771 F12000.0
G1 X165.8918 Y-192.4466 F12000.0
G1 X165.8918 Y-192.6622 F12000.0
G1 X165.8918 Y-192.9317 F12000.0
G1 X165.8918 Y-193.2012 F12000.0
G1 Z0.0000 F8000.0
G0 X165.8918 Y-193.6863 F15000.0
G1 Z11.9000 F8000.0
G1 X165.8918 Y-193.9018 F12000.0
G1 X165.9457 Y-194.1713 F12000.0
G1 X165.9457 Y-194.4408 F12000.0
G1 X165.9457 Y-194.6564 F12000.0
G1 X165.9457 Y-194.9258 F12000.0
G1 X165.9996 Y-195.1953 F12000.0
G1 X165.9996 Y-195.4109 F12000.0
G1 X165.9996 Y-195.6804 F12000.0
G1 X166.0535 Y-195.8960 F12000.0
G1 X166.0535 Y-196.1654 F12000.0
G1 X166.0535 Y-196.3810 F12000.0
G1 X166.1074 Y-196.6505 F12000.0
G1 X166.1074 Y-196.8661 F12000.0
G1 X166.1613 Y-197.1356 F12000.0
G1 X166.1613 Y-197.3512 F12000.0
G1 X166.2151 Y-197.6206 F12000.0
G1 X166.2691 Y-197.8362 F12000.0
G1 X166.2691 Y-198.0518 F12000.0
G1 X166.3230 Y-198.3213 F12000.0
G1 X166.3230 Y-198.5368 F12000.0
G1 X166.3768 Y-198.7524 F12000.0
G1 Z0.0000 F8000.0
G0 X164.9216 Y-204.7349 F15000.0
G1 Z11.9000 F8000.0
G1 X164.7061 Y-204.7349 F12000.0
G1 Z0.0000 F8000.0
G0 X164.3827 Y-204.6271 F15000.0
G1 Z11.9000 F8000.0
G1 X164.1671 Y-204.6271 F12000.0
G1 Z0.0000 F8000.0
G0 X163.8437 Y-204.5732 F15000.0
G1 Z11.9000 F8000.0
G1 X163.6281 Y-204.5193 F12000.0
G1 Z0.0000 F8000.0
G0 X163.3048 Y-204.4654 F15000.0
G1 Z11.9000 F8000.0
G1 X163.0892 Y-204.4115 F12000.0
G1 Z0.0000 F8000.0
G0 X159.3704 Y-204.7349 F15000.0
G1 Z11.9000 F8000.0
G1 X159.1009 Y-204.7888 F12000.0
G1 X158.8314 Y-204.8427 F12000.0
G1 X158.5620 Y-204.8427 F12000.0
G1 X158.2386 Y-204.8966 F12000.0
G1 X157.9691 Y-204.9505 F12000.0
G1 X157.6457 Y-204.9505 F12000.0
G1 X157.3223 Y-205.0044 F12000.0
G1 X156.9989 Y-205.0583 F12000.0
G1 X156.6756 Y-205.0583 F12000.0
G1 X156.3522 Y-205.1122 F12000.0
G1 X156.0288 Y-205.1122 F12000.0
G1 X155.6516 Y-205.1660 F12000.0
G1 X155.3282 Y-205.1660 F12000.0
G1 X155.0048 Y-205.2200 F12000.0
G1 X154.6275 Y-205.2200 F12000.0
G1 X154.3042 Y-205.2200 F12000.0
G1 X153.9269 Y-205.2200 F12000.0
G1 X153.6035 Y-205.2739 F12000.0
G1 X153.2263 Y-205.2739 F12000.0
G1 X152.9029 Y-205.2739 F12000.0
G1 X152.5795 Y-205.2739 F12000.0
G1 X152.3639 Y-205.2739 F12000.0
G1 Z0.0000 F8000.0
G0 X152.1483 Y-205.2739 F15000.0
G1 Z11.9000 F8000.0
G1 X151.9328 Y-205.2739 F12000.0
G1 X151.6632 Y-205.2739 F12000.0
G1 X151.3938 Y-205.2200 F12000.0
G1 X151.1243 Y-205.2200 F12000.0
G1 X150.8009 Y-205.2200 F12000.0
G1 X150.5314 Y-205.2200 F12000.0
G1 X150.2620 Y-205.1660 F12000.0
G1 X150.0464 Y-205.1660 F12000.0
G1 X149.7769 Y-205.1122 F12000.0
G1 X149.5074 Y-205.1122 F12000.0
G1 X149.2379 Y-205.0583 F12000.0
G1 X149.0224 Y-205.0583 F12000.0
G1 X148.7528 Y-205.0044 F12000.0
G1 X148.5373 Y-205.0044 F12000.0
G1 X148.3217 Y-204.9505 F12000.0
G1 X148.1061 Y-204.9505 F12000.0
G1 X147.8366 Y-204.8966 F12000.0
G1 Z0.0000 F8000.0
G0 X147.6750 Y-204.8427 F15000.0
G1 Z11.9000 F8000.0
G1 X147.4593 Y-204.8427 F12000.0
G1 X147.2438 Y-204.7888 F12000.0
G1 X147.0282 Y-204.7888 F12000.0
G1 Z0.0000 F8000.0
G0 X140.7224 Y-204.6810 F15000.0
G1 Z11.9000 F8000.0
G1 X140.5068 Y-204.7349 F12000.0
G1 X140.2912 Y-204.7349 F12000.0
G1 X140.0756 Y-204.7888 F12000.0
G1 X139.8062 Y-204.7888 F12000.0
G1 X139.5366 Y-204.8427 F12000.0
G1 X139.2672 Y-204.8427 F12000.0
G1 X138.9977 Y-204.8966 F12000.0
G1 X138.6743 Y-204.9505 F12000.0
G1 X138.3510 Y-204.9505 F12000.0
G1 X138.0276 Y-205.0044 F12000.0
G1 X137.7042 Y-205.0583 F12000.0
G1 X137.3808 Y-205.0583 F12000.0
G1 X137.0575 Y-205.1122 F12000.0
G1 X136.7341 Y-205.1660 F12000.0
G1 X136.3568 Y-205.1660 F12000.0
G1 X135.9795 Y-205.2200 F12000.0
G1 X135.6561 Y-205.2200 F12000.0
G1 X135.2789 Y-205.2739 F12000.0
G1 X134.9016 Y-205.2739 F12000.0
G1 X134.5243 Y-205.3277 F12000.0
G1 X134.0932 Y-205.3277 F12000.0
G1 X133.8776 Y-205.3277 F12000.0
G1 Z0.0000 F8000.0
G0 X133.6081 Y-205.3277 F15000.0
G1 Z11.9000 F8000.0
G1 X133.2847 Y-205.3277 F12000.0
G1 X132.9075 Y-205.3277 F12000.0
G1 X132.4763 Y-205.3277 F12000.0
G1 X132.0451 Y-205.2739 F12000.0
G1 X131.6140 Y-205.2739 F12000.0
G1 X131.1828 Y-205.2200 F12000.0
G1 X130.7516 Y-205.2200 F12000.0
G1 X130.3205 Y-205.1660 F12000.0
G1 X129.9432 Y-205.1660 F12000.0
G1 X129.5120 Y-205.1122 F12000.0
G1 X129.1348 Y-205.0583 F12000.0
G1 X128.7036 Y-205.0583 F12000.0
G1 X128.3263 Y-205.0044 F12000.0
G1 X127.9490 Y-204.9505 F12000.0
G1 X127.6256 Y-204.8966 F12000.0
G1 X127.2484 Y-204.8966 F12000.0
G1 X126.9250 Y-204.8427 F12000.0
G1 X126.6017 Y-204.7888 F12000.0
G1 X126.2783 Y-204.7888 F12000.0
G1 X126.0088 Y-204.7349 F12000.0
G1 X125.7393 Y-204.7349 F12000.0
G1 X125.4698 Y-204.7349 F12000.0
G1 Z0.0000 F8000.0
G0 X119.3257 Y-204.7349 F15000.0
G1 Z11.9000 F8000.0
G1 X119.1101 Y-204.7888 F12000.0
G1 X118.8406 Y-204.7888 F12000.0
G1 X118.5711 Y-204.8427 F12000.0
G1 X118.3017 Y-204.8966 F12000.0
G1 X117.9783 Y-204.8966 F12000.0
G1 X117.7088 Y-204.9505 F12000.0
G1 X117.3855 Y-205.0044 F12000.0
G1 X117.0621 Y-205.0583 F12000.0
G1 X116.7387 Y-205.0583 F12000.0
G1 X116.3614 Y-205.1122 F12000.0
G1 X116.0380 Y-205.1660 F12000.0
G1 X115.7147 Y-205.1660 F12000.0
G1 X115.3374 Y-205.2200 F12000.0
G1 X115.0140 Y-205.2739 F12000.0
G1 X114.6368 Y-205.2739 F12000.0
G1 X114.3134 Y-205.3277 F12000.0
G1 X113.9361 Y-205.3277 F12000.0
G1 X113.5588 Y-205.3277 F12000.0
G1 X113.2354 Y-205.3816 F12000.0
G1 X112.9120 Y-205.3816 F12000.0
G1 X112.5348 Y-205.3816 F12000.0
G1 X112.3192 Y-205.3816 F12000.0
G1 Z0.0000 F8000.0
G0 X111.9419 Y-205.3816 F15000.0
G1 Z11.9000 F8000.0
G1 X111.6725 Y-205.3816 F12000.0
G1 X111.3491 Y-205.3816 F12000.0
G1 X111.0796 Y-205.3277 F12000.0
G1 X110.8101 Y-205.3277 F12000.0
G1 X110.5406 Y-205.3277 F12000.0
G1 X110.3250 Y-205.2739 F12000.0
G1 X110.0556 Y-205.2739 F12000.0
G1 X109.7861 Y-205.2200 F12000.0
G1 X109.5705 Y-205.2200 F12000.0
G1 X109.3011 Y-205.1660 F12000.0
G1 X109.0854 Y-205.1660 F12000.0
G1 X108.8160 Y-205.1122 F12000.0
G1 X108.6004 Y-205.0583 F12000.0
G1 X108.3848 Y-205.0583 F12000.0
G1 X108.1153 Y-205.0044 F12000.0
G1 X107.8997 Y-204.9505 F12000.0
G1 X107.6842 Y-204.8966 F12000.0
G1 X107.4686 Y-204.8966 F12000.0
G1 X107.2530 Y-204.8427 F12000.0
G1 X107.0374 Y-204.7888 F12000.0
G1 X106.8218 Y-204.7349 F12000.0
G1 Z0.0000 F8000.0
G0 X106.0673 Y-204.5732 F15000.0
G1 Z11.9000 F8000.0
G1 X105.8517 Y-204.5193 F12000.0
G1 Z0.0000 F8000.0
G0 X105.6900 Y-204.5193 F15000.0
G1 Z11.9000 F8000.0
G1 X105.4744 Y-204.4654 F12000.0
G1 Z0.0000 F8000.0
G0 X105.3127 Y-204.4654 F15000.0
G1 Z11.9000 F8000.0
G1 X105.0972 Y-204.4115 F12000.0
G1 Z0.0000 F8000.0
G0 X104.7738 Y-204.3576 F15000.0
G1 Z11.9000 F8000.0
G1 X104.5582 Y-204.3037 F12000.0
G1 Z0.0000 F8000.0
G0 X104.3965 Y-204.3037 F15000.0
G1 Z11.9000 F8000.0
G1 X104.1809 Y-204.3037 F12000.0
G1 Z0.0000 F8000.0
G0 X104.0192 Y-204.2498 F15000.0
G1 Z11.9000 F8000.0
G1 X103.8037 Y-204.2498 F12000.0
G1 Z0.0000 F8000.0
G0 X103.6420 Y-204.2498 F15000.0
G1 Z11.9000 F8000.0
G1 X103.4264 Y-204.2498 F12000.0
G1 X103.2108 Y-204.2498 F12000.0
G1 Z0.0000 F8000.0
G0 X103.0491 Y-204.2498 F15000.0
G1 Z11.9000 F8000.0
G1 X102.8335 Y-204.2498 F12000.0
G1 X102.6179 Y-204.2498 F12000.0
G1 X102.4023 Y-204.2498 F12000.0
G1 Z0.0000 F8000.0
G0 X102.0251 Y-204.3037 F15000.0
G1 Z11.9000 F8000.0
G1 X101.8095 Y-204.3576 F12000.0
G1 X101.5939 Y-204.3576 F12000.0
G1 X101.3783 Y-204.4115 F12000.0
G1 X101.1627 Y-204.4654 F12000.0
G1 Z0.0000 F8000.0
G0 X101.0011 Y-204.4654 F15000.0
G1 Z11.9000 F8000.0
G1 X100.7854 Y-204.5193 F12000.0
G1 X100.5699 Y-204.5732 F12000.0
G1 Z0.0000 F8000.0
G0 X100.4082 Y-204.6271 F15000.0
G1 Z11.9000 F8000.0
G1 X100.1926 Y-204.6271 F12000.0
G1 Z0.0000 F8000.0
G0 X100.0309 Y-204.6810 F15000.0
G1 Z11.9000 F8000.0
G1 X99.8153 Y-204.6810 F12000.0
G1 Z0.0000 F8000.0
G0 X98.3063 Y-198.6985 F15000.0
G1 Z11.9000 F8000.0
G1 X98.2524 Y-198.4291 F12000.0
G1 X98.1984 Y-198.1057 F12000.0
G1 X98.1446 Y-197.7823 F12000.0
G1 X98.1446 Y-197.4050 F12000.0
G1 X98.0907 Y-197.0816 F12000.0
G1 X98.0368 Y-196.7044 F12000.0
G1 X97.9829 Y-196.3271 F12000.0
G1 X97.9829 Y-195.8960 F12000.0
G1 X97.9290 Y-195.4648 F12000.0
G1 X97.8751 Y-195.0875 F12000.0
G1 X97.8751 Y-194.6564 F12000.0
G1 X97.8212 Y-194.2252 F12000.0
G1 X97.8212 Y-193.7940 F12000.0
G1 X97.8212 Y-193.3090 F12000.0
G1 X97.7673 Y-192.8778 F12000.0
G1 X97.7673 Y-192.4466 F12000.0
G1 X97.7673 Y-192.0155 F12000.0
G1 X97.7673 Y-191.5843 F12000.0
G1 X97.7673 Y-191.1531 F12000.0
G1 X97.7673 Y-190.7220 F12000.0
G1 X97.7673 Y-190.3447 F12000.0
G1 X97.7673 Y-190.0752 F12000.0
G1 Z0.0000 F8000.0
G0 X97.7673 Y-189.8596 F15000.0
G1 Z11.9000 F8000.0
G1 X97.7673 Y-189.6441 F12000.0
G1 X97.7673 Y-189.3207 F12000.0
G1 X97.7673 Y-188.9973 F12000.0
G1 X97.7673 Y-188.7278 F12000.0
G1 X97.8212 Y-188.4583 F12000.0
G1 X97.8212 Y-188.1889 F12000.0
G1 X97.8212 Y-187.8655 F12000.0
G1 X97.8751 Y-187.5960 F12000.0
G1 X97.8751 Y-187.3804 F12000.0
G1 X97.9290 Y-187.1109 F12000.0
G1 X97.9290 Y-186.8414 F12000.0
G1 X97.9829 Y-186.5720 F12000.0
G1 X97.9829 Y-186.3564 F12000.0
G1 X98.0368 Y-186.0869 F12000.0
G1 X98.0368 Y-185.8713 F12000.0
G1 X98.0907 Y-185.6019 F12000.0
G1 X98.1446 Y-185.3863 F12000.0
G1 X98.1446 Y-185.1707 F12000.0
G1 X98.1984 Y-184.9012 F12000.0
G1 X98.2524 Y-184.6856 F12000.0
G1 X98.3063 Y-184.4700 F12000.0
G1 X98.3601 Y-184.2544 F12000.0
G1 Z0.0000 F8000.0
G0 X113.3971 Y-206.4057 F15000.0
G1 Z11.9000 F8000.0
G1 X112.9660 Y-204.3576 F12000.0
G1 X112.7504 Y-202.2557 F12000.0
G1 X112.7504 Y-200.1537 F12000.0
G1 X112.9660 Y-198.1057 F12000.0
G1 X113.2893 Y-196.4888 F12000.0
G1 Z0.0000 F8000.0
G0 X113.5588 Y-195.5726 F15000.0
G1 Z11.9000 F8000.0
G1 X113.8283 Y-194.6564 F12000.0
G1 Z0.0000 F8000.0
G0 X114.1517 Y-193.7401 F15000.0
G1 Z11.9000 F8000.0
G1 X114.8523 Y-192.1232 F12000.0
G1 X115.8763 Y-190.2908 F12000.0
G1 X117.1159 Y-188.5661 F12000.0
G1 X118.4633 Y-187.0031 F12000.0
G1 X119.9185 Y-185.6557 F12000.0
G1 Z0.0000 F8000.0
G0 X120.6731 Y-185.0629 F15000.0
G1 Z11.9000 F8000.0
G1 X121.4276 Y-184.5239 F12000.0
G1 Z0.0000 F8000.0
G0 X122.2361 Y-183.9850 F15000.0
G1 Z11.9000 F8000.0
G1 X123.4757 Y-183.2304 F12000.0
G1 X125.3620 Y-182.3142 F12000.0
G1 X127.3562 Y-181.6674 F12000.0
G1 X129.4042 Y-181.1285 F12000.0
G1 X131.4523 Y-180.8590 F12000.0
G1 X131.6678 Y-180.8590 F12000.0
G1 Z0.0000 F8000.0
G0 X132.5841 Y-180.8590 F15000.0
G1 Z11.9000 F8000.0
G1 X133.5542 Y-180.8051 F12000.0
G1 Z0.0000 F8000.0
G0 X134.5243 Y-180.9129 F15000.0
G1 Z11.9000 F8000.0
G1 X135.6561 Y-180.9668 F12000.0
G1 X137.7042 Y-181.3441 F12000.0
G1 X139.7522 Y-181.9369 F12000.0
G1 X141.6925 Y-182.6915 F12000.0
G1 X143.5250 Y-183.6616 F12000.0
G1 X143.9561 Y-183.9311 F12000.0
G1 Z0.0000 F8000.0
G0 X144.7107 Y-184.4700 F15000.0
G1 Z11.9000 F8000.0
G1 X145.2496 Y-184.8473 F12000.0
G1 X145.5191 Y-185.0090 F12000.0
G1 Z0.0000 F8000.0
G0 X146.2198 Y-185.6557 F15000.0
G1 Z11.9000 F8000.0
G1 X146.8665 Y-186.1947 F12000.0
G1 X148.3756 Y-187.6499 F12000.0
G1 X149.6691 Y-189.3207 F12000.0
G1 X150.8009 Y-191.0993 F12000.0
G1 X151.7171 Y-192.9317 F12000.0
G1 X152.0405 Y-193.6863 F12000.0
G1 Z0.0000 F8000.0
G0 X152.3639 Y-194.6025 F15000.0
G1 Z11.9000 F8000.0
G1 X152.4717 Y-194.9258 F12000.0
G1 X152.6334 Y-195.4648 F12000.0
G1 Z0.0000 F8000.0
G0 X152.9029 Y-196.4349 F15000.0
G1 Z11.9000 F8000.0
G1 X153.0107 Y-196.9200 F12000.0
G1 X153.3340 Y-198.9680 F12000.0
G1 X153.4957 Y-201.0700 F12000.0
G1 X153.3879 Y-203.1719 F12000.0
G1 X153.0646 Y-205.2739 F12000.0
G1 X152.8490 Y-206.2979 F12000.0
G1 Z0.0000 F8000.0
G0 X144.4951 Y-189.8057 F15000.0
G1 Z11.9000 F8000.0
G1 X150.5314 Y-183.7694 F12000.0
G1 Z0.0000 F8000.0
G0 X122.1283 Y-190.2369 F15000.0
G1 Z11.9000 F8000.0
G1 X115.2296 Y-183.3382 F12000.0
G1 Z0.0000 F8000.0
G0 X79.2810 Y-203.5492 F15000.0
G1 Z11.9000 F8000.0
G1 X68.3940 Y-203.5492 F12000.0
G1 Z0.0000 F8000.0
G0 X67.4239 Y-203.5492 F15000.0
G1 Z11.9000 F8000.0
G1 X66.4537 Y-203.5492 F12000.0
G1 Z0.0000 F8000.0
G0 X65.5375 Y-203.5492 F15000.0
G1 Z11.9000 F8000.0
G1 X54.6505 Y-203.5492 F12000.0
G1 Z0.0000 F8000.0
G0 X53.6804 Y-203.5492 F15000.0
G1 Z11.9000 F8000.0
G1 X52.7642 Y-203.5492 F12000.0
G1 Z0.0000 F8000.0
G0 X51.7941 Y-203.5492 F15000.0
G1 Z11.9000 F8000.0
G1 X40.9071 Y-203.5492 F12000.0
G1 Z0.0000 F8000.0
G0 X39.9908 Y-203.5492 F15000.0
G1 Z11.9000 F8000.0
G1 X39.0207 Y-203.5492 F12000.0
G1 Z0.0000 F8000.0
G0 X38.0506 Y-203.5492 F15000.0
G1 Z11.9000 F8000.0
G1 X27.2175 Y-203.5492 F12000.0
G1 Z0.0000 F8000.0
G0 X26.2474 Y-203.5492 F15000.0
G1 Z11.9000 F8000.0
G1 X25.2772 Y-203.5492 F12000.0
G1 Z0.0000 F8000.0
G0 X24.3610 Y-203.5492 F15000.0
G1 Z11.9000 F8000.0
G1 X13.4740 Y-203.5492 F12000.0
G1 Z0.0000 F8000.0
G0 X46.3505 Y-166.4688 F15000.0
G1 Z11.9000 F8000.0
G1 X46.3505 Y-173.8525 F12000.0
G1 Z0.0000 F8000.0
G0 X46.3505 Y-174.8226 F15000.0
G1 Z11.9000 F8000.0
G1 X46.3505 Y-175.7389 F12000.0
G1 Z0.0000 F8000.0
G0 X46.3505 Y-176.7090 F15000.0
G1 Z11.9000 F8000.0
G1 X46.3505 Y-184.0928 F12000.0
G1 Z0.0000 F8000.0
G0 X46.3505 Y-185.0629 F15000.0
G1 Z11.9000 F8000.0
G1 X46.3505 Y-186.0330 F12000.0
G1 Z0.0000 F8000.0
G0 X46.3505 Y-186.9492 F15000.0
G1 Z11.9000 F8000.0
G1 X46.3505 Y-194.3330 F12000.0
G1 Z0.0000 F8000.0
G0 X46.3505 Y-195.3031 F15000.0
G1 Z11.9000 F8000.0
G1 X46.3505 Y-196.2732 F12000.0
G1 Z0.0000 F8000.0
G0 X46.3505 Y-197.1895 F15000.0
G1 Z11.9000 F8000.0
G1 X46.3505 Y-204.5732 F12000.0
G1 Z0.0000 F8000.0
G0 X59.3395 Y-190.5603 F15000.0
G1 Z11.9000 F8000.0
G1 X67.1544 Y-182.7453 F12000.0
G1 Z0.0000 F8000.0
G0 X33.3616 Y-190.5603 F15000.0
G1 Z11.9000 F8000.0
G1 X25.6006 Y-182.7453 F12000.0
G1 Z0.0000 F8000.0
G0 X22.5285 Y-204.5732 F15000.0
G1 Z11.9000 F8000.0
G1 X22.5285 Y-202.3096 F12000.0
G1 X22.7441 Y-200.0999 F12000.0
G1 X23.1753 Y-197.8362 F12000.0
G1 X23.8220 Y-195.6804 F12000.0
G1 X24.3610 Y-194.3869 F12000.0
G1 Z0.0000 F8000.0
G0 X24.7383 Y-193.5246 F15000.0
G1 Z11.9000 F8000.0
G1 X25.1695 Y-192.6622 F12000.0
G1 Z0.0000 F8000.0
G0 X25.6006 Y-191.7999 F15000.0
G1 Z11.9000 F8000.0
G1 X25.7084 Y-191.5304 F12000.0
G1 X26.9480 Y-189.6441 F12000.0
G1 X28.3493 Y-187.8655 F12000.0
G1 X29.9123 Y-186.2486 F12000.0
G1 X31.6369 Y-184.7395 F12000.0
G1 X32.5532 Y-184.0928 F12000.0
G1 Z0.0000 F8000.0
G0 X33.3077 Y-183.5538 F15000.0
G1 Z11.9000 F8000.0
G1 X33.4694 Y-183.4460 F12000.0
G1 X34.1701 Y-183.0687 F12000.0
G1 Z0.0000 F8000.0
G0 X34.9785 Y-182.5836 F15000.0
G1 Z11.9000 F8000.0
G1 X35.4636 Y-182.3142 F12000.0
G1 X37.5116 Y-181.3441 F12000.0
G1 X39.6675 Y-180.6434 F12000.0
G1 X41.8772 Y-180.1045 F12000.0
G1 X44.0869 Y-179.7811 F12000.0
G1 X44.9492 Y-179.7272 F12000.0
G1 Z0.0000 F8000.0
G0 X45.9194 Y-179.6733 F15000.0
G1 Z11.9000 F8000.0
G1 X46.3505 Y-179.6733 F12000.0
G1 X46.8356 Y-179.6733 F12000.0
G1 Z0.0000 F8000.0
G0 X47.8057 Y-179.7272 F15000.0
G1 Z11.9000 F8000.0
G1 X48.6681 Y-179.7811 F12000.0
G1 X50.8778 Y-180.1045 F12000.0
G1 X53.0876 Y-180.6434 F12000.0
G1 X55.2434 Y-181.3980 F12000.0
G1 X57.2915 Y-182.3142 F12000.0
G1 X57.7765 Y-182.5836 F12000.0
G1 Z0.0000 F8000.0
G0 X58.5850 Y-183.0687 F15000.0
G1 Z11.9000 F8000.0
G1 X59.2856 Y-183.4460 F12000.0
G1 X59.4472 Y-183.5538 F12000.0
G1 Z0.0000 F8000.0
G0 X60.2018 Y-184.1467 F15000.0
G1 Z11.9000 F8000.0
G1 X61.1180 Y-184.7395 F12000.0
G1 X62.8427 Y-186.2486 F12000.0
G1 X64.4057 Y-187.8655 F12000.0
G1 X65.8070 Y-189.6441 F12000.0
G1 X67.0466 Y-191.5843 F12000.0
G1 X67.1544 Y-191.8538 F12000.0
G1 Z0.0000 F8000.0
G0 X67.5856 Y-192.6622 F15000.0
G1 Z11.9000 F8000.0
G1 X68.0167 Y-193.5246 F12000.0
G1 Z0.0000 F8000.0
G0 X68.3940 Y-194.3869 F15000.0
G1 Z11.9000 F8000.0
G1 X68.9330 Y-195.6804 F12000.0
G1 X69.5797 Y-197.8901 F12000.0
G1 X70.0109 Y-200.0999 F12000.0
G1 X70.2265 Y-202.3635 F12000.0
G1 X70.2265 Y-204.5732 F12000.0
G1 Z0.0000 F8000.0
G0 X149.0224 Y-253.7802 F15000.0
G1 Z11.9000 F8000.0
G1 X149.0224 Y-247.0971 F12000.0
G1 Z0.0000 F8000.0
G0 X149.0224 Y-246.1270 F15000.0
G1 Z11.9000 F8000.0
G1 X149.0224 Y-245.1569 F12000.0
G1 Z0.0000 F8000.0
G0 X149.0224 Y-244.1868 F15000.0
G1 Z11.9000 F8000.0
G1 X149.0224 Y-237.5036 F12000.0
G1 Z0.0000 F8000.0
G0 X113.7744 Y-44.7717 F15000.0
G1 Z11.9000 F8000.0
G1 X121.4276 Y-44.7717 F12000.0
G1 Z0.0000 F8000.0
G0 X113.7744 Y-50.5386 F15000.0
G1 Z11.9000 F8000.0
G1 X121.4276 Y-50.5386 F12000.0
G1 Z0.0000 F8000.0
G0 X110.1633 Y-50.5386 F15000.0
G1 Z11.9000 F8000.0
G1 X113.7744 Y-50.5386 F12000.0
G1 Z0.0000 F8000.0
G0 X121.4276 Y-50.5386 F15000.0
G1 Z11.9000 F8000.0
G1 X121.4276 Y-44.7717 F12000.0
G1 Z0.0000 F8000.0
G0 X108.3309 Y-80.0196 F15000.0
G1 Z11.9000 F8000.0
G1 X107.0913 Y-81.7443 F12000.0
G1 X105.6900 Y-83.3612 F12000.0
G1 X104.1809 Y-84.8164 F12000.0
G1 X102.5102 Y-86.0560 F12000.0
G1 X101.9173 Y-86.4333 F12000.0
G1 Z0.0000 F8000.0
G0 X101.9173 Y-51.5087 F15000.0
G1 Z11.9000 F8000.0
G1 X103.6420 Y-52.6944 F12000.0
G1 X105.2589 Y-54.0957 F12000.0
G1 X106.6601 Y-55.6587 F12000.0
G1 X107.9536 Y-57.3295 F12000.0
G1 X108.3309 Y-57.9223 F12000.0
G1 Z0.0000 F8000.0
G0 X108.7082 Y-86.8105 F15000.0
G1 Z11.9000 F8000.0
G1 X102.2406 Y-80.3969 F12000.0
G1 Z0.0000 F8000.0
G0 X108.7082 Y-51.1314 F15000.0
G1 Z11.9000 F8000.0
G1 X102.2406 Y-57.5450 F12000.0
G1 Z0.0000 F8000.0
G0 X93.0783 Y-106.0514 F15000.0
G1 Z11.9000 F8000.0
G1 X93.0783 Y-95.5956 F12000.0
G1 Z0.0000 F8000.0
G0 X116.9542 Y-109.7163 F15000.0
G1 Z11.9000 F8000.0
G1 X116.4153 Y-109.6085 F12000.0
G1 X116.0380 Y-109.2851 F12000.0
G1 X115.7686 Y-108.8540 F12000.0
G1 X115.6607 Y-108.4228 F12000.0
G1 Z0.0000 F8000.0
G0 X117.6010 Y-109.7163 F15000.0
G1 Z11.9000 F8000.0
G1 X117.6010 Y-121.1961 F12000.0
G1 Z0.0000 F8000.0
G0 X115.6607 Y-50.5386 F15000.0
G1 Z11.9000 F8000.0
G1 X115.6607 Y-59.0541 F12000.0
G1 Z0.0000 F8000.0
G0 X115.6607 Y-78.8878 F15000.0
G1 Z11.9000 F8000.0
G1 X115.6607 Y-108.4228 F12000.0
G1 Z0.0000 F8000.0
G0 X117.6010 Y-109.7163 F15000.0
G1 Z11.9000 F8000.0
G1 X110.8101 Y-109.7163 F12000.0
G1 Z0.0000 F8000.0
G0 X117.6010 Y-121.1961 F15000.0
G1 Z11.9000 F8000.0
G1 X90.8686 Y-121.1961 F12000.0
G1 Z0.0000 F8000.0
G0 X118.6250 Y-68.9710 F15000.0
G1 Z11.9000 F8000.0
G1 X109.8400 Y-68.9710 F12000.0
G1 Z0.0000 F8000.0
G0 X108.8698 Y-68.9710 F15000.0
G1 Z11.9000 F8000.0
G1 X107.8997 Y-68.9710 F12000.0
G1 Z0.0000 F8000.0
G0 X106.9296 Y-68.9710 F15000.0
G1 Z11.9000 F8000.0
G1 X98.1446 Y-68.9710 F12000.0
G1 Z0.0000 F8000.0
G0 X97.1745 Y-68.9710 F15000.0
G1 Z11.9000 F8000.0
G1 X96.2043 Y-68.9710 F12000.0
G1 Z0.0000 F8000.0
G0 X95.2881 Y-68.9710 F15000.0
G1 Z11.9000 F8000.0
G1 X86.4491 Y-68.9710 F12000.0
G1 Z0.0000 F8000.0
G0 X85.4790 Y-68.9710 F15000.0
G1 Z11.9000 F8000.0
G1 X84.5089 Y-68.9710 F12000.0
G1 Z0.0000 F8000.0
G0 X83.5927 Y-68.9710 F15000.0
G1 Z11.9000 F8000.0
G1 X74.7537 Y-68.9710 F12000.0
G1 Z0.0000 F8000.0
G0 X73.7836 Y-68.9710 F15000.0
G1 Z11.9000 F8000.0
G1 X72.8135 Y-68.9710 F12000.0
G1 Z0.0000 F8000.0
G0 X71.8972 Y-68.9710 F15000.0
G1 Z11.9000 F8000.0
G1 X63.0583 Y-68.9710 F12000.0
G1 Z0.0000 F8000.0
G0 X90.8686 Y-42.2386 F15000.0
G1 Z11.9000 F8000.0
G1 X93.2400 Y-42.3463 F12000.0
G1 X95.6114 Y-42.6697 F12000.0
G1 X97.9829 Y-43.2087 F12000.0
G1 X100.2465 Y-43.9632 F12000.0
G1 X102.4562 Y-44.8795 F12000.0
G1 X104.5582 Y-46.0113 F12000.0
G1 X106.5524 Y-47.3587 F12000.0
G1 X108.4387 Y-48.8678 F12000.0
G1 X110.1633 Y-50.4847 F12000.0
G1 X111.7802 Y-52.3171 F12000.0
G1 X113.1816 Y-54.2574 F12000.0
G1 X114.4212 Y-56.3054 F12000.0
G1 X115.4452 Y-58.4613 F12000.0
G1 X116.2536 Y-60.7249 F12000.0
G1 X116.9004 Y-63.0424 F12000.0
G1 X117.3315 Y-65.4139 F12000.0
G1 X117.5471 Y-67.7853 F12000.0
G1 X117.5471 Y-70.2106 F12000.0
G1 X117.3315 Y-72.5820 F12000.0
G1 X116.9004 Y-74.9535 F12000.0
G1 X116.2536 Y-77.2709 F12000.0
G1 X115.4452 Y-79.4807 F12000.0
G1 X114.3672 Y-81.6904 F12000.0
G1 X113.1276 Y-83.7385 F12000.0
G1 X111.7264 Y-85.6787 F12000.0
G1 X110.1633 Y-87.4573 F12000.0
G1 X108.4387 Y-89.1281 F12000.0
G1 X106.5524 Y-90.6371 F12000.0
G1 X104.5043 Y-91.9306 F12000.0
G1 X102.4023 Y-93.0624 F12000.0
G1 X100.1926 Y-94.0326 F12000.0
G1 X97.9290 Y-94.7332 F12000.0
G1 X95.5576 Y-95.2722 F12000.0
G1 X93.1861 Y-95.5956 F12000.0
G1 X90.8686 Y-95.7034 F12000.0
G1 Z0.0000 F8000.0
G0 X90.8686 Y-53.0717 F15000.0
G1 Z11.9000 F8000.0
G1 X92.7010 Y-53.1794 F12000.0
G1 X94.5335 Y-53.5028 F12000.0
G1 X96.3121 Y-54.0418 F12000.0
G1 X97.9829 Y-54.7425 F12000.0
G1 X99.5998 Y-55.6587 F12000.0
G1 X101.0550 Y-56.7905 F12000.0
G1 X102.4023 Y-58.0840 F12000.0
G1 X103.6420 Y-59.4853 F12000.0
G1 X104.6121 Y-61.0483 F12000.0
G1 X105.4744 Y-62.6652 F12000.0
G1 X106.1211 Y-64.4437 F12000.0
G1 X106.4984 Y-66.2223 F12000.0
G1 X106.7140 Y-68.0547 F12000.0
G1 X106.7140 Y-69.8872 F12000.0
G1 X106.4984 Y-71.7735 F12000.0
G1 X106.0673 Y-73.5521 F12000.0
G1 X105.4744 Y-75.2768 F12000.0
G1 X104.6121 Y-76.9476 F12000.0
G1 X103.5881 Y-78.5106 F12000.0
G1 X102.4023 Y-79.9119 F12000.0
G1 X101.0550 Y-81.1514 F12000.0
G1 X99.5998 Y-82.2833 F12000.0
G1 X97.9829 Y-83.1995 F12000.0
G1 X96.2582 Y-83.9541 F12000.0
G1 X94.4796 Y-84.4391 F12000.0
G1 X92.7010 Y-84.7625 F12000.0
G1 X90.8686 Y-84.8703 F12000.0
G1 Z0.0000 F8000.0
G0 X90.8686 Y-129.4422 F15000.0
G1 Z11.9000 F8000.0
G1 X88.2277 Y-129.3345 F12000.0
G1 X85.6407 Y-129.0111 F12000.0
G1 X83.0537 Y-128.4721 F12000.0
G1 X80.5745 Y-127.7176 F12000.0
G1 X78.0953 Y-126.8014 F12000.0
G1 X75.7777 Y-125.6695 F12000.0
G1 X73.5141 Y-124.3221 F12000.0
G1 X71.3583 Y-122.8130 F12000.0
G1 X69.4180 Y-121.1961 F12000.0
G1 Z0.0000 F8000.0
G0 X64.1362 Y-114.8903 F15000.0
G1 Z11.9000 F8000.0
G1 X62.7888 Y-112.6267 F12000.0
G1 X61.6570 Y-110.2553 F12000.0
G1 X60.6869 Y-107.8300 F12000.0
G1 X59.9862 Y-105.2969 F12000.0
G1 X59.4472 Y-102.7637 F12000.0
G1 X59.1239 Y-100.1767 F12000.0
G1 X59.0161 Y-97.5358 F12000.0
G1 X59.1239 Y-94.8949 F12000.0
G1 X59.4472 Y-92.3079 F12000.0
G1 X59.9862 Y-89.7748 F12000.0
G1 X60.7408 Y-87.2417 F12000.0
G1 X61.7109 Y-84.8164 F12000.0
G1 X62.8427 Y-82.4449 F12000.0
G1 X64.1901 Y-80.2352 F12000.0
G1 X65.6992 Y-78.0794 F12000.0
G1 X66.0226 Y-77.7021 F12000.0
G1 Z0.0000 F8000.0
G0 X115.9841 Y-78.0794 F15000.0
G1 Z11.9000 F8000.0
G1 X117.4932 Y-80.2352 F12000.0
G1 X118.8406 Y-82.4989 F12000.0
G1 X119.9725 Y-84.8164 F12000.0
G1 X120.9426 Y-87.2417 F12000.0
G1 X121.6971 Y-89.7748 F12000.0
G1 X122.2361 Y-92.3618 F12000.0
G1 X122.5595 Y-94.9488 F12000.0
G1 X122.6672 Y-97.5358 F12000.0
G1 X122.5595 Y-100.1767 F12000.0
G1 X122.2361 Y-102.7637 F12000.0
G1 X121.7510 Y-105.3507 F12000.0
G1 X120.9964 Y-107.8300 F12000.0
G1 X120.0263 Y-110.3092 F12000.0
G1 X118.8945 Y-112.6267 F12000.0
G1 X117.6010 Y-114.8903 F12000.0
G1 Z0.0000 F8000.0
G0 X112.2653 Y-121.1961 F15000.0
G1 Z11.9000 F8000.0
G1 X110.2712 Y-122.8669 F12000.0
G1 X108.1153 Y-124.3760 F12000.0
G1 X105.8517 Y-125.6695 F12000.0
G1 X103.4803 Y-126.8552 F12000.0
G1 X101.0550 Y-127.7715 F12000.0
G1 X98.5218 Y-128.5260 F12000.0
G1 X95.9887 Y-129.0111 F12000.0
G1 X93.3478 Y-129.3345 F12000.0
G1 X90.8686 Y-129.4422 F12000.0
G1 Z0.0000 F8000.0
G0 X90.8686 Y-60.9944 F15000.0
G1 Z11.9000 F8000.0
G1 X92.1621 Y-61.1021 F12000.0
G1 X93.4017 Y-61.4255 F12000.0
G1 X94.6413 Y-61.9645 F12000.0
G1 X95.7193 Y-62.6652 F12000.0
G1 X96.6894 Y-63.5814 F12000.0
G1 X97.4978 Y-64.6054 F12000.0
G1 X98.1446 Y-65.7372 F12000.0
G1 X98.5757 Y-66.9768 F12000.0
G1 X98.7913 Y-68.2703 F12000.0
G1 X98.7913 Y-69.5638 F12000.0
G1 X98.5757 Y-70.8573 F12000.0
G1 X98.1446 Y-72.0969 F12000.0
G1 X97.5517 Y-73.2827 F12000.0
G1 X96.7432 Y-74.3067 F12000.0
G1 X95.8270 Y-75.2229 F12000.0
G1 X94.6952 Y-75.9236 F12000.0
G1 X93.5095 Y-76.4625 F12000.0
G1 X92.2699 Y-76.7859 F12000.0
G1 X90.9764 Y-76.9476 F12000.0
G1 Z0.0000 F8000.0
G0 X101.9712 Y-83.5768 F15000.0
G1 Z11.9000 F8000.0
G1 X102.0789 Y-82.7683 F12000.0
G1 X102.4023 Y-81.9599 F12000.0
G1 X102.8874 Y-81.2054 F12000.0
G1 X103.5881 Y-80.6664 F12000.0
G1 X104.3426 Y-80.2892 F12000.0
G1 X105.2049 Y-80.1275 F12000.0
G1 X106.0673 Y-80.1275 F12000.0
G1 X106.8757 Y-80.3969 F12000.0
G1 X107.6303 Y-80.8281 F12000.0
G1 X108.2231 Y-81.4748 F12000.0
G1 X108.7082 Y-82.2294 F12000.0
G1 X108.9238 Y-83.0378 F12000.0
G1 X108.9777 Y-83.9001 F12000.0
G1 X108.7621 Y-84.7625 F12000.0
G1 X108.3848 Y-85.5170 F12000.0
G1 X107.8459 Y-86.1638 F12000.0
G1 X107.1452 Y-86.7028 F12000.0
G1 X106.3368 Y-87.0261 F12000.0
G1 X105.4744 Y-87.0800 F12000.0
G1 X104.6121 Y-86.9722 F12000.0
G1 X103.8037 Y-86.6488 F12000.0
G1 X103.1030 Y-86.1638 F12000.0
G1 X102.5102 Y-85.5170 F12000.0
G1 X102.1329 Y-84.7086 F12000.0
G1 X101.9712 Y-83.8463 F12000.0
G1 X101.9712 Y-83.5768 F12000.0
G1 Z0.0000 F8000.0
G0 X101.9712 Y-54.3652 F15000.0
G1 Z11.9000 F8000.0
G1 X102.0789 Y-53.5028 F12000.0
G1 X102.4023 Y-52.6944 F12000.0
G1 X102.8874 Y-51.9938 F12000.0
G1 X103.5881 Y-51.4009 F12000.0
G1 X104.3426 Y-51.0236 F12000.0
G1 X105.2049 Y-50.8619 F12000.0
G1 X106.0673 Y-50.9158 F12000.0
G1 X106.8757 Y-51.1314 F12000.0
G1 X107.6303 Y-51.5626 F12000.0
G1 X108.2231 Y-52.2093 F12000.0
G1 X108.7082 Y-52.9639 F12000.0
G1 X108.9238 Y-53.7723 F12000.0
G1 X108.9777 Y-54.6346 F12000.0
G1 X108.7621 Y-55.4970 F12000.0
G1 X108.3848 Y-56.2515 F12000.0
G1 X107.8459 Y-56.9522 F12000.0
G1 X107.1452 Y-57.4372 F12000.0
G1 X106.3368 Y-57.7606 F12000.0
G1 X105.4744 Y-57.8684 F12000.0
G1 X104.6121 Y-57.7606 F12000.0
G1 X103.8037 Y-57.4372 F12000.0
G1 X103.1030 Y-56.8983 F12000.0
G1 X102.5102 Y-56.2515 F12000.0
G1 X102.1329 Y-55.4431 F12000.0
G1 X101.9712 Y-54.6346 F12000.0
G1 X101.9712 Y-54.3652 F12000.0
G1 Z0.0000 F8000.0
G0 X93.0783 Y-107.8300 F15000.0
G1 Z11.9000 F8000.0
G1 X93.0783 Y-106.0514 F12000.0
G1 Z0.0000 F8000.0
G0 X102.2406 Y-44.7717 F15000.0
G1 Z11.9000 F8000.0
G1 X113.7744 Y-44.7717 F12000.0
G1 Z0.0000 F8000.0
G0 X73.6758 Y-44.7717 F15000.0
G1 Z11.9000 F8000.0
G1 X90.8686 Y-44.7717 F12000.0
G1 Z0.0000 F8000.0
G0 X73.6758 Y-60.0782 F15000.0
G1 Z11.9000 F8000.0
G1 X90.8686 Y-60.0782 F12000.0
G1 Z0.0000 F8000.0
G0 X80.0355 Y-76.9476 F15000.0
G1 Z11.9000 F8000.0
G1 X90.8686 Y-76.9476 F12000.0
G1 Z0.0000 F8000.0
G0 X82.2452 Y-79.1573 F15000.0
G1 Z11.9000 F8000.0
G1 X90.8686 Y-79.1573 F12000.0
G1 Z0.0000 F8000.0
G0 X82.2452 Y-84.2774 F15000.0
G1 Z11.9000 F8000.0
G1 X90.8686 Y-84.2774 F12000.0
G1 Z0.0000 F8000.0
G0 X80.6823 Y-119.2559 F15000.0
G1 Z11.9000 F8000.0
G1 X90.8686 Y-119.2559 F12000.0
G1 Z0.0000 F8000.0
G0 X76.8557 Y-121.1961 F15000.0
G1 Z11.9000 F8000.0
G1 X90.8686 Y-121.1961 F12000.0
G1 Z0.0000 F8000.0
G0 X90.8686 Y-107.8300 F15000.0
G1 Z11.9000 F8000.0
G1 X89.3595 Y-107.7222 F12000.0
G1 X87.9043 Y-107.3988 F12000.0
G1 X86.5569 Y-106.8598 F12000.0
G1 X85.2634 Y-106.1053 F12000.0
G1 X84.0777 Y-105.2430 F12000.0
G1 X83.0537 Y-104.1651 F12000.0
G1 X82.1913 Y-102.9793 F12000.0
G1 X81.4907 Y-101.6319 F12000.0
G1 X81.0057 Y-100.2306 F12000.0
G1 X80.7361 Y-98.7754 F12000.0
G1 X80.6823 Y-97.6436 F12000.0
G1 Z0.0000 F8000.0
G0 X64.1362 Y-121.1961 F15000.0
G1 Z11.9000 F8000.0
G1 X64.1362 Y-109.7163 F12000.0
G1 X64.7291 Y-109.7163 F12000.0
G1 Z0.0000 F8000.0
G0 X66.0226 Y-108.4228 F15000.0
G1 Z11.9000 F8000.0
G1 X65.9148 Y-108.9618 F12000.0
G1 X65.5914 Y-109.3929 F12000.0
G1 X65.1602 Y-109.6624 F12000.0
G1 X64.7291 Y-109.7163 F12000.0
G1 Z0.0000 F8000.0
G0 X66.0226 Y-108.4228 F15000.0
G1 Z11.9000 F8000.0
G1 X66.0226 Y-50.5386 F12000.0
G1 Z0.0000 F8000.0
G0 X76.8557 Y-121.1961 F15000.0
G1 Z11.9000 F8000.0
G1 X76.8557 Y-119.2559 F12000.0
G1 X80.6823 Y-119.2559 F12000.0
G1 Z0.0000 F8000.0
G0 X60.3096 Y-50.5386 F15000.0
G1 Z11.9000 F8000.0
G1 X66.0226 Y-50.5386 F12000.0
G1 Z0.0000 F8000.0
G0 X60.3096 Y-50.5386 F15000.0
G1 Z11.9000 F8000.0
G1 X60.3096 Y-44.7717 F12000.0
G1 Z0.0000 F8000.0
G0 X80.6823 Y-85.5170 F15000.0
G1 Z11.9000 F8000.0
G1 X80.7901 Y-85.0320 F12000.0
G1 X81.0595 Y-84.6008 F12000.0
G1 X81.5446 Y-84.3314 F12000.0
G1 X81.9219 Y-84.2774 F12000.0
G1 X82.2452 Y-84.2774 F12000.0
G1 X82.2452 Y-79.1573 F12000.0
G1 X80.0355 Y-76.9476 F12000.0
G1 Z0.0000 F8000.0
G0 X72.0589 Y-76.9476 F15000.0
G1 Z11.9000 F8000.0
G1 X71.5738 Y-76.8398 F12000.0
G1 X71.1427 Y-76.5164 F12000.0
G1 X70.8732 Y-76.0853 F12000.0
G1 X70.8193 Y-75.6541 F12000.0
G1 X70.8193 Y-61.3177 F12000.0
G1 X70.9271 Y-60.8327 F12000.0
G1 X71.1966 Y-60.4015 F12000.0
G1 X71.6278 Y-60.1320 F12000.0
G1 X72.0589 Y-60.0782 F12000.0
G1 Z0.0000 F8000.0
G0 X73.6758 Y-60.0782 F15000.0
G1 Z11.9000 F8000.0
G1 X73.6758 Y-44.7717 F12000.0
G1 Z0.0000 F8000.0
G0 X80.6823 Y-97.6436 F15000.0
G1 Z11.9000 F8000.0
G1 X80.6823 Y-85.5170 F12000.0
G1 Z0.0000 F8000.0
G0 X80.6823 Y-119.2559 F15000.0
G1 Z11.9000 F8000.0
G1 X80.6823 Y-97.6436 F12000.0
G1 Z0.0000 F8000.0
G0 X110.2173 Y-170.6187 F15000.0
G1 Z11.9000 F8000.0
G1 X156.0288 Y-170.6187 F12000.0
G1 X157.3223 Y-170.7266 F12000.0
G1 X158.5620 Y-171.0499 F12000.0
G1 X159.6938 Y-171.5889 F12000.0
G1 X160.7717 Y-172.2895 F12000.0
G1 X161.6879 Y-173.1519 F12000.0
G1 X162.4963 Y-174.1759 F12000.0
G1 X163.0892 Y-175.3077 F12000.0
G1 X163.4665 Y-176.5473 F12000.0
G1 X163.6281 Y-177.8408 F12000.0
G1 X163.6821 Y-178.2720 F12000.0
G1 Z0.0000 F8000.0
G0 X102.5640 Y-178.2720 F15000.0
G1 Z11.9000 F8000.0
G1 X102.6718 Y-176.9785 F12000.0
G1 X102.9952 Y-175.7389 F12000.0
G1 X103.4803 Y-174.5532 F12000.0
G1 X104.2348 Y-173.5291 F12000.0
G1 X105.0972 Y-172.5590 F12000.0
G1 X106.1211 Y-171.8045 F12000.0
G1 X107.2530 Y-171.2116 F12000.0
G1 X108.4926 Y-170.8343 F12000.0
G1 X109.7322 Y-170.6187 F12000.0
G1 X110.2173 Y-170.6187 F12000.0
G1 Z0.0000 F8000.0
G0 X102.5640 Y-183.9850 F15000.0
G1 Z11.9000 F8000.0
G1 X102.5640 Y-178.2720 F12000.0
G1 Z0.0000 F8000.0
G0 X163.6821 Y-178.2720 F15000.0
G1 Z11.9000 F8000.0
G1 X163.6821 Y-187.8116 F12000.0
G1 Z0.0000 F8000.0
G0 X156.0288 Y-173.6908 F15000.0
G1 Z11.9000 F8000.0
G1 X156.0288 Y-182.8532 F12000.0
G1 Z0.0000 F8000.0
G0 X110.2173 Y-173.6908 F15000.0
G1 Z11.9000 F8000.0
G1 X110.2173 Y-182.8532 F12000.0
G1 Z0.0000 F8000.0
G0 X151.4477 Y-178.2720 F15000.0
G1 Z11.9000 F8000.0
G1 X160.6100 Y-178.2720 F12000.0
G1 Z0.0000 F8000.0
G0 X105.6361 Y-178.2720 F15000.0
G1 Z11.9000 F8000.0
G1 X114.7445 Y-178.2720 F12000.0
G1 Z0.0000 F8000.0
G0 X98.4140 Y-203.3875 F15000.0
G1 Z11.9000 F8000.0
G1 X105.2049 Y-203.3875 F12000.0
G1 Z0.0000 F8000.0
G0 X98.4140 Y-198.9680 F15000.0
G1 Z11.9000 F8000.0
G1 X105.2049 Y-198.9680 F12000.0
G1 Z0.0000 F8000.0
G0 X159.7476 Y-203.3875 F15000.0
G1 Z11.9000 F8000.0
G1 X166.3768 Y-203.3875 F12000.0
G1 Z0.0000 F8000.0
G0 X159.7476 Y-198.9680 F15000.0
G1 Z11.9000 F8000.0
G1 X166.3768 Y-198.9680 F12000.0
G1 Z0.0000 F8000.0
G0 X118.0861 Y-183.0149 F15000.0
G1 Z11.9000 F8000.0
G1 X119.0023 Y-182.9609 F12000.0
G1 X119.9185 Y-183.1765 F12000.0
G1 X120.7270 Y-183.5538 F12000.0
G1 X121.4276 Y-184.0928 F12000.0
G1 X121.9666 Y-184.7934 F12000.0
G1 X122.3439 Y-185.6557 F12000.0
G1 X122.5055 Y-186.5181 F12000.0
G1 X122.4516 Y-187.4343 F12000.0
G1 X122.1822 Y-188.2966 F12000.0
G1 X121.7510 Y-189.1051 F12000.0
G1 X121.1043 Y-189.7518 F12000.0
G1 X120.3497 Y-190.2369 F12000.0
G1 X119.4874 Y-190.5064 F12000.0
G1 X118.5711 Y-190.6142 F12000.0
G1 X117.7088 Y-190.4525 F12000.0
G1 X116.8465 Y-190.1291 F12000.0
G1 X116.1458 Y-189.5901 F12000.0
G1 X115.5530 Y-188.8895 F12000.0
G1 X115.1218 Y-188.0810 F12000.0
G1 X114.9062 Y-187.3804 F12000.0
G1 Z0.0000 F8000.0
G0 X146.9204 Y-183.0149 F15000.0
G1 Z11.9000 F8000.0
G1 X147.8366 Y-182.9609 F12000.0
G1 X148.6990 Y-183.1765 F12000.0
G1 X149.5074 Y-183.5538 F12000.0
G1 X150.2080 Y-184.0928 F12000.0
G1 X150.8009 Y-184.7934 F12000.0
G1 X151.1782 Y-185.6557 F12000.0
G1 X151.3399 Y-186.5181 F12000.0
G1 X151.2860 Y-187.4343 F12000.0
G1 X151.0165 Y-188.2966 F12000.0
G1 X150.5314 Y-189.1051 F12000.0
G1 X149.9386 Y-189.7518 F12000.0
G1 X149.1841 Y-190.2369 F12000.0
G1 X148.3217 Y-190.5064 F12000.0
G1 X147.4055 Y-190.6142 F12000.0
G1 X146.4892 Y-190.4525 F12000.0
G1 X145.6808 Y-190.1291 F12000.0
G1 X144.9263 Y-189.5901 F12000.0
G1 X144.3334 Y-188.8895 F12000.0
G1 X143.9022 Y-188.0810 F12000.0
G1 X143.7405 Y-187.3804 F12000.0
G1 Z0.0000 F8000.0
G0 X144.2795 Y-186.7875 F15000.0
G1 Z11.9000 F8000.0
G1 X144.3873 Y-185.9791 F12000.0
G1 X144.7107 Y-185.1707 F12000.0
G1 X145.1957 Y-184.5239 F12000.0
G1 X145.8964 Y-184.0388 F12000.0
G1 X146.6509 Y-183.6616 F12000.0
G1 X147.4593 Y-183.5538 F12000.0
G1 X148.2678 Y-183.6616 F12000.0
G1 X149.0762 Y-183.9850 F12000.0
G1 X149.7230 Y-184.4700 F12000.0
G1 X150.2620 Y-185.1168 F12000.0
G1 X150.5853 Y-185.8713 F12000.0
G1 X150.7470 Y-186.6798 F12000.0
G1 X150.6393 Y-187.4882 F12000.0
G1 X150.3697 Y-188.2966 F12000.0
G1 X149.8847 Y-188.9434 F12000.0
G1 X149.2379 Y-189.4824 F12000.0
G1 X148.4834 Y-189.8596 F12000.0
G1 X147.6750 Y-189.9674 F12000.0
G1 X146.8665 Y-189.9135 F12000.0
G1 X146.0581 Y-189.6441 F12000.0
G1 X145.3574 Y-189.1590 F12000.0
G1 X144.8185 Y-188.5661 F12000.0
G1 X144.4412 Y-187.8116 F12000.0
G1 X144.2795 Y-187.0031 F12000.0
G1 X144.2795 Y-186.7875 F12000.0
G1 Z0.0000 F8000.0
G0 X115.4990 Y-186.7875 F15000.0
G1 Z11.9000 F8000.0
G1 X115.6069 Y-185.9791 F12000.0
G1 X115.9303 Y-185.1707 F12000.0
G1 X116.4153 Y-184.5239 F12000.0
G1 X117.0621 Y-184.0388 F12000.0
G1 X117.8166 Y-183.6616 F12000.0
G1 X118.6250 Y-183.5538 F12000.0
G1 X119.4874 Y-183.6616 F12000.0
G1 X120.2419 Y-183.9850 F12000.0
G1 X120.9426 Y-184.4700 F12000.0
G1 X121.4276 Y-185.1168 F12000.0
G1 X121.8049 Y-185.8713 F12000.0
G1 X121.9127 Y-186.6798 F12000.0
G1 X121.8588 Y-187.4882 F12000.0
G1 X121.5354 Y-188.2966 F12000.0
G1 X121.0504 Y-188.9434 F12000.0
G1 X120.4575 Y-189.4824 F12000.0
G1 X119.7029 Y-189.8596 F12000.0
G1 X118.8406 Y-189.9674 F12000.0
G1 X118.0322 Y-189.9135 F12000.0
G1 X117.2238 Y-189.6441 F12000.0
G1 X116.5770 Y-189.1590 F12000.0
G1 X116.0380 Y-188.5661 F12000.0
G1 X115.6607 Y-187.8116 F12000.0
G1 X115.4990 Y-187.0031 F12000.0
G1 X115.4990 Y-186.7875 F12000.0
G1 Z0.0000 F8000.0
G0 X106.4445 Y-198.9680 F15000.0
G1 Z11.9000 F8000.0
G1 X106.7679 Y-196.5966 F12000.0
G1 X107.3069 Y-194.2252 F12000.0
G1 X108.0075 Y-191.9615 F12000.0
G1 X108.9238 Y-189.7518 F12000.0
G1 X110.0556 Y-187.5960 F12000.0
G1 X111.4030 Y-185.6019 F12000.0
G1 X112.8582 Y-183.7155 F12000.0
G1 X114.5289 Y-181.9908 F12000.0
G1 X116.3075 Y-180.3739 F12000.0
G1 X118.2477 Y-178.9727 F12000.0
G1 X120.2958 Y-177.7330 F12000.0
G1 X122.4516 Y-176.6551 F12000.0
G1 X124.7153 Y-175.7927 F12000.0
G1 X127.0328 Y-175.1460 F12000.0
G1 X129.3504 Y-174.7149 F12000.0
G1 X131.7757 Y-174.4992 F12000.0
G1 X134.1471 Y-174.4454 F12000.0
G1 X136.5724 Y-174.6609 F12000.0
G1 X138.8899 Y-175.0921 F12000.0
G1 X141.2074 Y-175.7389 F12000.0
G1 X143.4711 Y-176.5473 F12000.0
G1 X145.6269 Y-177.5713 F12000.0
G1 X147.7289 Y-178.8110 F12000.0
G1 X149.6691 Y-180.2122 F12000.0
G1 X151.5015 Y-181.7752 F12000.0
G1 X153.1723 Y-183.4999 F12000.0
G1 X154.6814 Y-185.3323 F12000.0
G1 X155.9750 Y-187.3804 F12000.0
G1 X157.1606 Y-189.4824 F12000.0
G1 X158.0769 Y-191.6921 F12000.0
G1 X158.8314 Y-193.9557 F12000.0
G1 X159.3704 Y-196.2732 F12000.0
G1 X159.7476 Y-198.6447 F12000.0
G1 X159.8555 Y-201.0700 F12000.0
G1 Z0.0000 F8000.0
G0 X106.4445 Y-203.3875 F15000.0
G1 Z11.9000 F8000.0
G1 X106.3907 Y-201.0161 F12000.0
G1 X106.4445 Y-198.9680 F12000.0
G1 Z0.0000 F8000.0
G0 X106.6062 Y-204.6810 F15000.0
G1 Z11.9000 F8000.0
G1 X106.4445 Y-203.3875 F12000.0
G1 Z0.0000 F8000.0
G0 X159.8555 Y-201.1778 F15000.0
G1 Z11.9000 F8000.0
G1 X159.7476 Y-203.6031 F12000.0
G1 X159.5859 Y-204.6810 F12000.0
G1 Z0.0000 F8000.0
G0 X156.2444 Y-187.8116 F15000.0
G1 Z11.9000 F8000.0
G1 X166.3768 Y-187.8116 F12000.0
G1 Z0.0000 F8000.0
G0 X98.4140 Y-183.9850 F15000.0
G1 Z11.9000 F8000.0
G1 X112.6426 Y-183.9850 F12000.0
G1 Z0.0000 F8000.0
G0 X125.2542 Y-204.6810 F15000.0
G1 Z11.9000 F8000.0
G1 X124.8231 Y-203.4414 F12000.0
G1 X124.5536 Y-202.0940 F12000.0
G1 X124.4997 Y-200.6927 F12000.0
G1 X124.7153 Y-199.3453 F12000.0
G1 X125.0926 Y-198.0518 F12000.0
G1 X125.6854 Y-196.8661 F12000.0
G1 X126.4938 Y-195.7343 F12000.0
G1 X127.4101 Y-194.7642 F12000.0
G1 X128.4880 Y-193.9557 F12000.0
G1 X129.6737 Y-193.3090 F12000.0
G1 X130.9672 Y-192.8778 F12000.0
G1 X132.3146 Y-192.6083 F12000.0
G1 X133.6620 Y-192.6083 F12000.0
G1 X135.0094 Y-192.8239 F12000.0
G1 X136.3568 Y-193.2012 F12000.0
G1 X137.5425 Y-193.8479 F12000.0
G1 X138.6743 Y-194.6025 F12000.0
G1 X139.6445 Y-195.5726 F12000.0
G1 X140.3990 Y-196.6505 F12000.0
G1 X141.0457 Y-197.8901 F12000.0
G1 X141.4769 Y-199.1836 F12000.0
G1 X141.6925 Y-200.5310 F12000.0
G1 X141.6925 Y-201.1778 F12000.0
G1 Z0.0000 F8000.0
G0 X123.5296 Y-204.6810 F15000.0
G1 Z11.9000 F8000.0
G1 X123.1523 Y-203.2797 F12000.0
G1 X122.9367 Y-201.8245 F12000.0
G1 X122.9367 Y-200.3154 F12000.0
G1 X123.2062 Y-198.8602 F12000.0
G1 X123.6374 Y-197.4589 F12000.0
G1 X124.2841 Y-196.1115 F12000.0
G1 X125.0926 Y-194.8719 F12000.0
G1 X126.1166 Y-193.7940 F12000.0
G1 X127.2484 Y-192.8778 F12000.0
G1 X128.5419 Y-192.0694 F12000.0
G1 X129.8893 Y-191.5304 F12000.0
G1 X131.2906 Y-191.1531 F12000.0
G1 X132.7997 Y-190.9914 F12000.0
G1 X134.2549 Y-191.0453 F12000.0
G1 X135.7100 Y-191.3148 F12000.0
G1 X137.1113 Y-191.7999 F12000.0
G1 X138.4587 Y-192.5005 F12000.0
G1 X139.6445 Y-193.3629 F12000.0
G1 X140.7224 Y-194.3869 F12000.0
G1 X141.5847 Y-195.5726 F12000.0
G1 X142.3392 Y-196.8661 F12000.0
G1 X142.8782 Y-198.2674 F12000.0
G1 X143.2016 Y-199.6686 F12000.0
G1 X143.3094 Y-201.1778 F12000.0
G1 Z0.0000 F8000.0
G0 X119.5412 Y-204.6810 F15000.0
G1 Z11.9000 F8000.0
G1 X119.2179 Y-203.0102 F12000.0
G1 X119.1101 Y-201.2855 F12000.0
G1 X119.2179 Y-199.5070 F12000.0
G1 X119.4874 Y-197.8362 F12000.0
G1 X120.0263 Y-196.1654 F12000.0
G1 X120.7809 Y-194.6025 F12000.0
G1 X121.6432 Y-193.0934 F12000.0
G1 X122.7750 Y-191.7460 F12000.0
G1 X124.0147 Y-190.5603 F12000.0
G1 X125.4159 Y-189.4824 F12000.0
G1 X126.9250 Y-188.6200 F12000.0
G1 X128.4880 Y-187.9733 F12000.0
G1 X130.1588 Y-187.4882 F12000.0
G1 X131.8834 Y-187.2187 F12000.0
G1 X133.6081 Y-187.1648 F12000.0
G1 X135.3327 Y-187.3804 F12000.0
G1 X137.0575 Y-187.7577 F12000.0
G1 X138.6743 Y-188.3506 F12000.0
G1 X140.2373 Y-189.1051 F12000.0
G1 X141.6925 Y-190.0752 F12000.0
G1 X142.9860 Y-191.2609 F12000.0
G1 X144.1178 Y-192.5544 F12000.0
G1 X145.0879 Y-193.9557 F12000.0
G1 X145.8964 Y-195.5187 F12000.0
G1 X146.4892 Y-197.1356 F12000.0
G1 X146.9204 Y-198.8064 F12000.0
G1 X147.0821 Y-200.5849 F12000.0
G1 X147.1360 Y-201.1778 F12000.0
G1 Z0.0000 F8000.0
G0 X141.6925 Y-201.1778 F15000.0
G1 Z11.9000 F8000.0
G1 X141.5847 Y-202.5252 F12000.0
G1 X141.2613 Y-203.8725 F12000.0
G1 X140.9380 Y-204.6810 F12000.0
G1 Z0.0000 F8000.0
G0 X143.3094 Y-201.1778 F15000.0
G1 Z11.9000 F8000.0
G1 X143.2016 Y-202.6869 F12000.0
G1 X142.8782 Y-204.0881 F12000.0
G1 X142.6626 Y-204.6810 F12000.0
G1 Z0.0000 F8000.0
G0 X147.1360 Y-201.1778 F15000.0
G1 Z11.9000 F8000.0
G1 X147.0282 Y-202.9024 F12000.0
G1 X146.7048 Y-204.6271 F12000.0
G1 Z0.0000 F8000.0
G0 X106.7140 Y-178.2720 F15000.0
G1 Z11.9000 F8000.0
G1 X106.8218 Y-177.4096 F12000.0
G1 X107.0913 Y-176.6012 F12000.0
G1 X107.6303 Y-175.9006 F12000.0
G1 X108.2770 Y-175.3616 F12000.0
G1 X109.0315 Y-174.9305 F12000.0
G1 X109.8939 Y-174.7688 F12000.0
G1 X110.7562 Y-174.8226 F12000.0
G1 X111.6185 Y-175.0921 F12000.0
G1 X112.3731 Y-175.5233 F12000.0
G1 X112.9660 Y-176.1161 F12000.0
G1 X113.3971 Y-176.8707 F12000.0
G1 X113.6666 Y-177.6792 F12000.0
G1 X113.6666 Y-178.5954 F12000.0
G1 X113.5049 Y-179.4038 F12000.0
G1 X113.1276 Y-180.2122 F12000.0
G1 X112.5348 Y-180.8590 F12000.0
G1 X111.8341 Y-181.3441 F12000.0
G1 X111.0257 Y-181.6674 F12000.0
G1 X110.1633 Y-181.7752 F12000.0
G1 X109.3011 Y-181.6674 F12000.0
G1 X108.4926 Y-181.3441 F12000.0
G1 X107.7919 Y-180.8051 F12000.0
G1 X107.2530 Y-180.1583 F12000.0
G1 X106.8757 Y-179.4038 F12000.0
G1 X106.7140 Y-178.5414 F12000.0
G1 X106.7140 Y-178.2720 F12000.0
G1 Z0.0000 F8000.0
G0 X152.5256 Y-178.2720 F15000.0
G1 Z11.9000 F8000.0
G1 X152.6334 Y-177.4096 F12000.0
G1 X152.9567 Y-176.6012 F12000.0
G1 X153.4418 Y-175.9006 F12000.0
G1 X154.0886 Y-175.3616 F12000.0
G1 X154.8970 Y-174.9305 F12000.0
G1 X155.7593 Y-174.7688 F12000.0
G1 X156.6217 Y-174.8226 F12000.0
G1 X157.4301 Y-175.0921 F12000.0
G1 X158.1847 Y-175.5233 F12000.0
G1 X158.7775 Y-176.1161 F12000.0
G1 X159.2087 Y-176.8707 F12000.0
G1 X159.4782 Y-177.6792 F12000.0
G1 X159.5321 Y-178.5954 F12000.0
G1 X159.3165 Y-179.4038 F12000.0
G1 X158.9392 Y-180.2122 F12000.0
G1 X158.4003 Y-180.8590 F12000.0
G1 X157.6996 Y-181.3441 F12000.0
G1 X156.8912 Y-181.6674 F12000.0
G1 X156.0288 Y-181.7752 F12000.0
G1 X155.1665 Y-181.6674 F12000.0
G1 X154.3581 Y-181.3441 F12000.0
G1 X153.6574 Y-180.8051 F12000.0
G1 X153.0646 Y-180.1583 F12000.0
G1 X152.6873 Y-179.4038 F12000.0
G1 X152.5256 Y-178.5414 F12000.0
G1 X152.5256 Y-178.2720 F12000.0
G1 Z0.0000 F8000.0
G0 X105.2049 Y-203.3875 F15000.0
G1 Z11.9000 F8000.0
G1 X106.4445 Y-203.3875 F12000.0
G1 Z0.0000 F8000.0
G0 X106.4445 Y-198.9680 F15000.0
G1 Z11.9000 F8000.0
G1 X105.2049 Y-198.9680 F12000.0
G1 Z0.0000 F8000.0
G0 X44.1408 Y-168.0856 F15000.0
G1 Z11.9000 F8000.0
G1 X44.1408 Y-171.8045 F12000.0
G1 Z0.0000 F8000.0
G0 X48.6142 Y-168.0856 F15000.0
G1 Z11.9000 F8000.0
G1 X48.6142 Y-171.8045 F12000.0
G1 Z0.0000 F8000.0
G0 X71.1966 Y-168.6785 F15000.0
G1 Z11.9000 F8000.0
G1 X71.1966 Y-183.6077 F12000.0
G1 Z0.0000 F8000.0
G0 X21.5584 Y-183.6077 F15000.0
G1 Z11.9000 F8000.0
G1 X21.5584 Y-168.6785 F12000.0
G1 Z0.0000 F8000.0
G0 X72.2745 Y-168.3013 F15000.0
G1 Z11.9000 F8000.0
G1 X72.7596 Y-170.6727 F12000.0
G1 X73.0290 Y-173.0441 F12000.0
G1 X73.0830 Y-175.4694 F12000.0
G1 X72.9213 Y-177.8408 F12000.0
G1 X72.5440 Y-180.2122 F12000.0
G1 X72.0051 Y-182.5298 F12000.0
G1 X71.5200 Y-183.9850 F12000.0
G1 Z0.0000 F8000.0
G0 X21.2350 Y-183.9850 F15000.0
G1 Z11.9000 F8000.0
G1 X20.5344 Y-181.7213 F12000.0
G1 X19.9955 Y-179.3499 F12000.0
G1 X19.7259 Y-176.9785 F12000.0
G1 X19.6182 Y-174.6071 F12000.0
G1 X19.7798 Y-172.1818 F12000.0
G1 X20.1032 Y-169.8103 F12000.0
G1 X20.4266 Y-168.3013 F12000.0
G1 Z0.0000 F8000.0
G0 X14.5519 Y-203.5492 F15000.0
G1 Z11.9000 F8000.0
G1 X14.6597 Y-200.9083 F12000.0
G1 X14.9831 Y-198.3213 F12000.0
G1 X15.5220 Y-195.7343 F12000.0
G1 X16.2227 Y-193.2550 F12000.0
G1 X17.1928 Y-190.8297 F12000.0
G1 X18.3247 Y-188.4583 F12000.0
G1 X19.6721 Y-186.1947 F12000.0
G1 X21.1811 Y-184.0388 F12000.0
G1 X22.8519 Y-182.0447 F12000.0
G1 X24.7383 Y-180.2122 F12000.0
G1 X26.7324 Y-178.4876 F12000.0
G1 X28.8344 Y-176.9785 F12000.0
G1 X31.0980 Y-175.6311 F12000.0
G1 X33.4155 Y-174.4454 F12000.0
G1 X35.8408 Y-173.4753 F12000.0
G1 X38.3740 Y-172.7207 F12000.0
G1 X40.9071 Y-172.1818 F12000.0
G1 X43.5480 Y-171.8584 F12000.0
G1 X46.1350 Y-171.6967 F12000.0
G1 X48.7758 Y-171.8045 F12000.0
G1 X51.3629 Y-172.1278 F12000.0
G1 X53.9499 Y-172.6129 F12000.0
G1 X56.4291 Y-173.3674 F12000.0
G1 X58.9083 Y-174.2837 F12000.0
G1 X61.2797 Y-175.4155 F12000.0
G1 X63.5434 Y-176.7090 F12000.0
G1 X65.6453 Y-178.2181 F12000.0
G1 X67.6933 Y-179.8889 F12000.0
G1 X69.5258 Y-181.7213 F12000.0
G1 X71.2505 Y-183.7155 F12000.0
G1 X72.8135 Y-185.8174 F12000.0
G1 X74.1609 Y-188.0810 F12000.0
G1 X75.3466 Y-190.3986 F12000.0
G1 X76.3167 Y-192.8239 F12000.0
G1 X77.1252 Y-195.3031 F12000.0
G1 X77.6641 Y-197.8901 F12000.0
G1 X78.0414 Y-200.4771 F12000.0
G1 X78.2030 Y-203.1180 F12000.0
G1 X78.2030 Y-203.5492 F12000.0
G1 Z0.0000 F8000.0
G0 X27.2713 Y-203.5492 F15000.0
G1 Z11.9000 F8000.0
G1 X27.3792 Y-201.5011 F12000.0
G1 X27.7026 Y-199.5070 F12000.0
G1 X28.2415 Y-197.5667 F12000.0
G1 X28.9421 Y-195.6804 F12000.0
G1 X29.9123 Y-193.8479 F12000.0
G1 X31.0441 Y-192.1771 F12000.0
G1 X32.3376 Y-190.6142 F12000.0
G1 X33.7389 Y-189.2128 F12000.0
G1 X35.3557 Y-187.9193 F12000.0
G1 X37.0805 Y-186.8414 F12000.0
G1 X38.9129 Y-185.9791 F12000.0
G1 X40.7993 Y-185.2785 F12000.0
G1 X42.7934 Y-184.7934 F12000.0
G1 X44.7876 Y-184.5239 F12000.0
G1 X46.7817 Y-184.4700 F12000.0
G1 X48.8298 Y-184.5778 F12000.0
G1 X50.8239 Y-184.9551 F12000.0
G1 X52.7642 Y-185.5479 F12000.0
G1 X54.6505 Y-186.3025 F12000.0
G1 X56.4291 Y-187.3265 F12000.0
G1 X58.0999 Y-188.4583 F12000.0
G1 X59.6089 Y-189.8057 F12000.0
G1 X61.0103 Y-191.2609 F12000.0
G1 X62.1959 Y-192.8778 F12000.0
G1 X63.2739 Y-194.6564 F12000.0
G1 X64.0823 Y-196.4888 F12000.0
G1 X64.7830 Y-198.3751 F12000.0
G1 X65.2142 Y-200.3693 F12000.0
G1 X65.4297 Y-202.4173 F12000.0
G1 X65.4836 Y-203.5492 F12000.0
G1 Z0.0000 F8000.0
G0 X36.1642 Y-203.5492 F15000.0
G1 Z11.9000 F8000.0
G1 X36.2720 Y-202.0401 F12000.0
G1 X36.5954 Y-200.6388 F12000.0
G1 X37.1343 Y-199.2375 F12000.0
G1 X37.8350 Y-197.9440 F12000.0
G1 X38.7512 Y-196.7583 F12000.0
G1 X39.8292 Y-195.7343 F12000.0
G1 X41.0148 Y-194.8719 F12000.0
G1 X42.3622 Y-194.1713 F12000.0
G1 X43.7097 Y-193.6863 F12000.0
G1 X45.1649 Y-193.4167 F12000.0
G1 X46.6739 Y-193.3629 F12000.0
G1 X48.1291 Y-193.5246 F12000.0
G1 X49.5843 Y-193.8479 F12000.0
G1 X50.9317 Y-194.4408 F12000.0
G1 X52.2252 Y-195.1953 F12000.0
G1 X53.3570 Y-196.1115 F12000.0
G1 X54.3811 Y-197.2433 F12000.0
G1 X55.1895 Y-198.4830 F12000.0
G1 X55.8363 Y-199.7765 F12000.0
G1 X56.2674 Y-201.1778 F12000.0
G1 X56.5369 Y-202.6869 F12000.0
G1 X56.5369 Y-203.5492 F12000.0
G1 Z0.0000 F8000.0
G0 X58.8005 Y-186.6798 F15000.0
G1 Z11.9000 F8000.0
G1 X58.9083 Y-185.7096 F12000.0
G1 X59.2317 Y-184.7395 F12000.0
G1 X59.7168 Y-183.9311 F12000.0
G1 X60.4174 Y-183.2304 F12000.0
G1 X61.2258 Y-182.6915 F12000.0
G1 X62.1421 Y-182.3142 F12000.0
G1 X63.1122 Y-182.2064 F12000.0
G1 X64.0823 Y-182.2603 F12000.0
G1 X64.9986 Y-182.5836 F12000.0
G1 X65.8609 Y-183.0687 F12000.0
G1 X66.6154 Y-183.7155 F12000.0
G1 X67.1544 Y-184.5239 F12000.0
G1 X67.5316 Y-185.4402 F12000.0
G1 X67.6933 Y-186.4103 F12000.0
G1 X67.6395 Y-187.3804 F12000.0
G1 X67.3700 Y-188.2966 F12000.0
G1 X66.9388 Y-189.1590 F12000.0
G1 X66.2921 Y-189.9135 F12000.0
G1 X65.4836 Y-190.5064 F12000.0
G1 X64.6213 Y-190.8836 F12000.0
G1 X63.6511 Y-191.0993 F12000.0
G1 X62.6810 Y-191.0993 F12000.0
G1 X61.7109 Y-190.8297 F12000.0
G1 X60.8486 Y-190.3986 F12000.0
G1 X60.0940 Y-189.8057 F12000.0
G1 X59.4472 Y-189.0512 F12000.0
G1 X59.0700 Y-188.1350 F12000.0
G1 X58.8005 Y-187.2187 F12000.0
G1 X58.8005 Y-186.6798 F12000.0
G1 Z0.0000 F8000.0
G0 X25.0078 Y-186.6798 F15000.0
G1 Z11.9000 F8000.0
G1 X25.1155 Y-185.7096 F12000.0
G1 X25.4389 Y-184.7395 F12000.0
G1 X25.9779 Y-183.9311 F12000.0
G1 X26.6247 Y-183.2304 F12000.0
G1 X27.4870 Y-182.6915 F12000.0
G1 X28.4032 Y-182.3142 F12000.0
G1 X29.3733 Y-182.2064 F12000.0
G1 X30.3434 Y-182.2603 F12000.0
G1 X31.2597 Y-182.5836 F12000.0
G1 X32.1220 Y-183.0687 F12000.0
G1 X32.8227 Y-183.7155 F12000.0
G1 X33.4155 Y-184.5239 F12000.0
G1 X33.7928 Y-185.4402 F12000.0
G1 X33.9545 Y-186.4103 F12000.0
G1 X33.9006 Y-187.3804 F12000.0
G1 X33.6311 Y-188.2966 F12000.0
G1 X33.1460 Y-189.1590 F12000.0
G1 X32.5532 Y-189.9135 F12000.0
G1 X31.7448 Y-190.5064 F12000.0
G1 X30.8285 Y-190.8836 F12000.0
G1 X29.9123 Y-191.0993 F12000.0
G1 X28.8882 Y-191.0993 F12000.0
G1 X27.9720 Y-190.8297 F12000.0
G1 X27.1097 Y-190.3986 F12000.0
G1 X26.3013 Y-189.8057 F12000.0
G1 X25.7084 Y-189.0512 F12000.0
G1 X25.2772 Y-188.1350 F12000.0
G1 X25.0616 Y-187.2187 F12000.0
G1 X25.0078 Y-186.6798 F12000.0
G1 Z0.0000 F8000.0
G0 X48.6142 Y-168.0856 F15000.0
G1 Z11.9000 F8000.0
G1 X48.0752 Y-167.8700 F12000.0
G1 X47.5363 Y-167.6545 F12000.0
G1 X46.9973 Y-167.5467 F12000.0
G1 X46.5122 Y-167.5467 F12000.0
G1 X45.9733 Y-167.5467 F12000.0
G1 X45.4882 Y-167.6006 F12000.0
G1 X45.0570 Y-167.7084 F12000.0
G1 X44.6798 Y-167.8162 F12000.0
G1 X44.3025 Y-167.9779 F12000.0
G1 X44.1408 Y-168.0856 F12000.0
G1 Z0.0000 F8000.0
G0 X48.6142 Y-168.0856 F15000.0
G1 Z11.9000 F8000.0
G1 X49.0992 Y-168.3013 F12000.0
G1 X49.6382 Y-168.5168 F12000.0
G1 X50.1772 Y-168.6785 F12000.0
G1 X50.7161 Y-168.7863 F12000.0
G1 X51.2551 Y-168.7863 F12000.0
G1 X51.7941 Y-168.7324 F12000.0
G1 X52.3330 Y-168.6246 F12000.0
G1 X52.9797 Y-168.4090 F12000.0
G1 X53.5726 Y-168.1396 F12000.0
G1 X54.1655 Y-167.8700 F12000.0
G1 X54.7044 Y-167.6545 F12000.0
G1 X55.3512 Y-167.5467 F12000.0
G1 X55.8901 Y-167.5467 F12000.0
G1 X56.4830 Y-167.5467 F12000.0
G1 X57.0219 Y-167.6545 F12000.0
G1 X57.5070 Y-167.8162 F12000.0
G1 X57.9382 Y-167.9779 F12000.0
G1 X58.3693 Y-168.1934 F12000.0
G1 X58.9622 Y-168.4629 F12000.0
G1 X59.5551 Y-168.6785 F12000.0
G1 X60.2018 Y-168.7863 F12000.0
G1 X60.7947 Y-168.7863 F12000.0
G1 X61.3875 Y-168.7324 F12000.0
G1 X61.9265 Y-168.6246 F12000.0
G1 X62.5193 Y-168.4090 F12000.0
G1 X63.0583 Y-168.1934 F12000.0
G1 X63.5973 Y-167.9779 F12000.0
G1 X64.0823 Y-167.7623 F12000.0
G1 X64.6213 Y-167.6006 F12000.0
G1 X65.1063 Y-167.5467 F12000.0
G1 X65.6453 Y-167.5467 F12000.0
G1 X66.1843 Y-167.6006 F12000.0
G1 X66.7232 Y-167.7084 F12000.0
G1 X67.2083 Y-167.8700 F12000.0
G1 X67.6395 Y-168.0856 F12000.0
G1 X68.0706 Y-168.2473 F12000.0
G1 X68.6096 Y-168.5168 F12000.0
G1 X69.1485 Y-168.6785 F12000.0
G1 X69.5797 Y-168.7324 F12000.0
G1 X70.0109 Y-168.7863 F12000.0
G1 Z0.0000 F8000.0
G0 X70.4420 Y-168.7863 F15000.0
G1 Z11.9000 F8000.0
G1 X70.7654 Y-168.7863 F12000.0
G1 X71.0349 Y-168.7324 F12000.0
G1 Z0.0000 F8000.0
G0 X21.7740 Y-168.7324 F15000.0
G1 Z11.9000 F8000.0
G1 X21.9896 Y-168.7863 F12000.0
G1 X22.2591 Y-168.7863 F12000.0
G1 X22.6363 Y-168.7863 F12000.0
G1 X23.0675 Y-168.7324 F12000.0
G1 X23.4448 Y-168.6785 F12000.0
G1 X23.8760 Y-168.5707 F12000.0
G1 X24.3071 Y-168.4090 F12000.0
G1 X24.7922 Y-168.1934 F12000.0
G1 X25.2772 Y-167.9779 F12000.0
G1 X25.8701 Y-167.7623 F12000.0
G1 X26.4630 Y-167.6006 F12000.0
G1 X27.0558 Y-167.5467 F12000.0
G1 X27.6486 Y-167.5467 F12000.0
G1 X28.2415 Y-167.6006 F12000.0
G1 X28.8344 Y-167.8162 F12000.0
G1 X29.4272 Y-168.0317 F12000.0
G1 X29.9123 Y-168.2473 F12000.0
G1 X30.3973 Y-168.4629 F12000.0
G1 X30.9363 Y-168.6246 F12000.0
G1 X31.4752 Y-168.7324 F12000.0
G1 X32.0142 Y-168.7863 F12000.0
G1 X32.6070 Y-168.7324 F12000.0
G1 X33.2538 Y-168.6246 F12000.0
G1 X33.8467 Y-168.4629 F12000.0
G1 X34.2778 Y-168.2473 F12000.0
G1 X34.7629 Y-168.0317 F12000.0
G1 X35.1941 Y-167.8162 F12000.0
G1 X35.6791 Y-167.6545 F12000.0
G1 X36.1642 Y-167.5467 F12000.0
G1 X36.7571 Y-167.5467 F12000.0
G1 X37.2960 Y-167.5467 F12000.0
G1 X37.8350 Y-167.6545 F12000.0
G1 X38.3740 Y-167.8162 F12000.0
G1 X38.9129 Y-168.0317 F12000.0
G1 X39.4519 Y-168.3013 F12000.0
G1 X39.9908 Y-168.5168 F12000.0
G1 X40.5837 Y-168.6785 F12000.0
G1 X41.1765 Y-168.7863 F12000.0
G1 X41.7694 Y-168.7863 F12000.0
G1 X42.3622 Y-168.7324 F12000.0
G1 X42.9551 Y-168.5707 F12000.0
G1 X43.5480 Y-168.3551 F12000.0
G1 X44.1408 Y-168.0856 F12000.0
G1 Z0.0000 F8000.0
G0 X60.3635 Y-168.7863 F15000.0
G1 Z11.9000 F8000.0
G1 X60.5791 Y-168.7863 F12000.0
G1 X61.1720 Y-168.7863 F12000.0
G1 X61.7109 Y-168.6785 F12000.0
G1 X62.2499 Y-168.5168 F12000.0
G1 X62.7888 Y-168.3013 F12000.0
G1 X63.3278 Y-168.0856 F12000.0
G1 X63.8667 Y-167.8162 F12000.0
G1 X64.4596 Y-167.6545 F12000.0
G1 X65.0525 Y-167.5467 F12000.0
G1 X65.5375 Y-167.5467 F12000.0
G1 X66.0765 Y-167.5467 F12000.0
G1 X66.6154 Y-167.6545 F12000.0
G1 X67.2083 Y-167.8700 F12000.0
G1 X67.7473 Y-168.0856 F12000.0
G1 X68.2862 Y-168.3551 F12000.0
G1 X68.8251 Y-168.5707 F12000.0
G1 X69.3641 Y-168.6785 F12000.0
G1 X69.9031 Y-168.7863 F12000.0
G1 Z0.0000 F8000.0
G0 X20.4266 Y-168.3013 F15000.0
G1 Z11.9000 F8000.0
G1 X20.9656 Y-168.5168 F12000.0
G1 X21.4506 Y-168.6785 F12000.0
G1 X21.9896 Y-168.7863 F12000.0
G1 X22.5825 Y-168.7863 F12000.0
G1 X23.1753 Y-168.7324 F12000.0
G1 Z0.0000 F8000.0
G0 X35.9486 Y-167.6006 F15000.0
G1 Z11.9000 F8000.0
G1 X35.6791 Y-167.6545 F12000.0
G1 X35.0863 Y-167.8700 F12000.0
G1 X34.4935 Y-168.0856 F12000.0
G1 X33.9545 Y-168.3013 F12000.0
G1 X33.4155 Y-168.5168 F12000.0
G1 X32.8766 Y-168.6785 F12000.0
G1 X32.4993 Y-168.7863 F12000.0
G1 Z0.0000 F8000.0
G0 X27.9720 Y-167.6006 F15000.0
G1 Z11.9000 F8000.0
G1 X27.6486 Y-167.5467 F12000.0
G1 X27.2175 Y-167.4928 F12000.0
G1 X26.8941 Y-167.5467 F12000.0
G1 X26.6247 Y-167.5467 F12000.0
G1 X26.4091 Y-167.6006 F12000.0
G1 Z0.0000 F8000.0
G0 X66.3460 Y-167.6006 F15000.0
G1 Z11.9000 F8000.0
G1 X66.1304 Y-167.5467 F12000.0
G1 X65.9148 Y-167.5467 F12000.0
G1 X65.5375 Y-167.5467 F12000.0
G1 X65.2142 Y-167.5467 F12000.0
G1 Z0.0000 F8000.0
G0 X65.0525 Y-167.5467 F15000.0
G1 Z11.9000 F8000.0
G1 X64.7830 Y-167.5467 F12000.0
G1 X64.3518 Y-167.6545 F12000.0
G1 X63.8128 Y-167.8162 F12000.0
G1 X63.2739 Y-168.0317 F12000.0
G1 X62.7888 Y-168.3013 F12000.0
G1 X62.1959 Y-168.5168 F12000.0
G1 Z0.0000 F8000.0
G0 X69.9570 Y-168.7863 F15000.0
G1 Z11.9000 F8000.0
G1 X70.4420 Y-168.7863 F12000.0
G1 X70.9271 Y-168.7324 F12000.0
G1 X71.4661 Y-168.6246 F12000.0
G1 X71.8972 Y-168.5168 F12000.0
G1 X72.2745 Y-168.3013 F12000.0
G1 Z0.0000 F8000.0
G0 X155.9750 Y-237.8270 F15000.0
G1 Z11.9000 F8000.0
G1 X154.8431 Y-238.7971 F12000.0
G1 X153.6035 Y-239.5517 F12000.0
G1 X152.2022 Y-240.0906 F12000.0
G1 X150.7470 Y-240.4679 F12000.0
G1 X149.2918 Y-240.6296 F12000.0
G1 X149.0224 Y-240.6296 F12000.0
G1 X147.5672 Y-240.5218 F12000.0
G1 X146.1120 Y-240.1985 F12000.0
G1 X144.7107 Y-239.6595 F12000.0
G1 X143.4171 Y-238.9588 F12000.0
G1 X142.9321 Y-238.5816 F12000.0
G1 Z0.0000 F8000.0
G0 X155.1126 Y-246.5043 F15000.0
G1 Z11.9000 F8000.0
G1 X153.2263 Y-247.0971 F12000.0
G1 X151.3399 Y-247.4744 F12000.0
G1 Z0.0000 F8000.0
G0 X151.2321 Y-252.7023 F15000.0
G1 Z11.9000 F8000.0
G1 X151.2321 Y-247.4744 F12000.0
G1 Z0.0000 F8000.0
G0 X146.8126 Y-252.7023 F15000.0
G1 Z11.9000 F8000.0
G1 X151.2321 Y-252.7023 F12000.0
G1 Z0.0000 F8000.0
G0 X146.8126 Y-252.7023 F15000.0
G1 Z11.9000 F8000.0
G1 X146.8126 Y-247.4744 F12000.0
G1 X144.9263 Y-247.0971 F12000.0
G1 X143.0399 Y-246.5582 F12000.0
G1 X141.9081 Y-246.0731 F12000.0
G1 Z0.0000 F8000.0
G0 X105.2589 Y-103.6261 F15000.0
G1 Z11.9000 F8000.0
G1 X105.2589 Y-111.4949 F12000.0
G1 Z0.0000 F8000.0
G0 X105.2589 Y-112.4650 F15000.0
G1 Z11.9000 F8000.0
G1 X105.2589 Y-113.3813 F12000.0
G1 Z0.0000 F8000.0
G0 X105.2589 Y-114.3514 F15000.0
G1 Z11.9000 F8000.0
G1 X105.2589 Y-122.2202 F12000.0
G1 Z0.0000 F8000.0
G0 X109.0854 Y-108.4228 F15000.0
G1 Z11.9000 F8000.0
G1 X109.0854 Y-120.7650 F12000.0
G1 Z0.0000 F8000.0
G0 X101.4322 Y-108.4228 F15000.0
G1 Z11.9000 F8000.0
G1 X101.4322 Y-120.7650 F12000.0
G1 Z0.0000 F8000.0
G0 X101.4322 Y-108.4228 F15000.0
G1 Z11.9000 F8000.0
G1 X102.0251 Y-108.4228 F12000.0
G1 X108.4387 Y-108.4228 F12000.0
G1 Z0.0000 F8000.0
G0 X102.0251 Y-106.5365 F15000.0
G1 Z11.9000 F8000.0
G1 X108.4926 Y-106.5365 F12000.0
G1 Z0.0000 F8000.0
G0 X102.0251 Y-120.1722 F15000.0
G1 Z11.9000 F8000.0
G1 X108.4926 Y-120.1722 F12000.0
G1 Z0.0000 F8000.0
G0 X110.5946 Y-107.2371 F15000.0
G1 Z11.9000 F8000.0
G1 X110.6484 Y-107.5605 F12000.0
G1 X110.7562 Y-108.5306 F12000.0
G1 X110.8101 Y-109.5008 F12000.0
G1 X110.9179 Y-110.4709 F12000.0
G1 X110.9718 Y-111.4410 F12000.0
G1 Z0.0000 F8000.0
G0 X105.2589 Y-104.6501 F15000.0
G1 Z11.9000 F8000.0
G1 X108.4926 Y-106.5365 F12000.0
G1 Z0.0000 F8000.0
G0 X108.4926 Y-120.1722 F15000.0
G1 Z11.9000 F8000.0
G1 X109.4627 Y-121.1961 F12000.0
G1 Z0.0000 F8000.0
G0 X108.4926 Y-106.5365 F15000.0
G1 Z11.9000 F8000.0
G1 X108.4926 Y-108.4228 F12000.0
G1 Z0.0000 F8000.0
G0 X102.0251 Y-106.5365 F15000.0
G1 Z11.9000 F8000.0
G1 X105.2589 Y-104.6501 F12000.0
G1 Z0.0000 F8000.0
G0 X101.0011 Y-121.1961 F15000.0
G1 Z11.9000 F8000.0
G1 X102.0251 Y-120.1722 F12000.0
G1 X102.0251 Y-108.4228 F12000.0
G1 Z0.0000 F8000.0
G0 X108.4926 Y-108.4228 F15000.0
G1 Z11.9000 F8000.0
G1 X108.4926 Y-120.1722 F12000.0
G1 Z0.0000 F8000.0
G0 X102.0251 Y-108.4228 F15000.0
G1 Z11.9000 F8000.0
G1 X102.0251 Y-106.5365 F12000.0
G1 Z0.0000 F8000.0
G0 X110.4329 Y-121.1961 F15000.0
G1 Z11.9000 F8000.0
G1 X110.6484 Y-120.2260 F12000.0
G1 X110.8640 Y-119.2559 F12000.0
G1 X110.9718 Y-118.2858 F12000.0
G1 X111.0796 Y-117.2079 F12000.0
G1 X111.1335 Y-116.1300 F12000.0
G1 X111.1874 Y-115.0520 F12000.0
G1 X111.1335 Y-113.8663 F12000.0
G1 X111.0796 Y-112.6806 F12000.0
G1 X110.9718 Y-111.4949 F12000.0
G1 X110.8640 Y-110.2553 F12000.0
G1 X110.7562 Y-109.0157 F12000.0
G1 X110.6484 Y-107.8300 F12000.0
G1 X110.4867 Y-106.6442 F12000.0
G1 X110.2173 Y-105.5663 F12000.0
G1 X109.8939 Y-104.5423 F12000.0
G1 X109.3549 Y-103.7338 F12000.0
G1 X108.6004 Y-103.0871 F12000.0
G1 X107.6303 Y-102.6020 F12000.0
G1 X106.5524 Y-102.3326 F12000.0
G1 X105.4205 Y-102.2248 F12000.0
G1 X104.3426 Y-102.2787 F12000.0
G1 X103.3725 Y-102.4943 F12000.0
G1 X102.5640 Y-102.7637 F12000.0
G1 X101.9173 Y-103.2488 F12000.0
G1 X101.3783 Y-103.8417 F12000.0
G1 X100.8933 Y-104.6501 F12000.0
G1 X100.5160 Y-105.6741 F12000.0
G1 X100.1387 Y-106.9137 F12000.0
G1 X99.8153 Y-108.2611 F12000.0
G1 X99.5459 Y-109.6624 F12000.0
G1 X99.3303 Y-111.1176 F12000.0
G1 X99.1686 Y-112.5728 F12000.0
G1 X99.0608 Y-114.0280 F12000.0
G1 X99.0069 Y-115.3215 F12000.0
G1 X99.0069 Y-116.5611 F12000.0
G1 X99.0608 Y-117.7468 F12000.0
G1 X99.1686 Y-118.9325 F12000.0
G1 X99.3303 Y-120.0643 F12000.0
G1 X99.5459 Y-121.1961 F12000.0
G1 Z0.0000 F8000.0
G0 X99.5459 Y-109.7163 F15000.0
G1 Z11.9000 F8000.0
G1 X90.8686 Y-109.7163 F12000.0
G1 Z0.0000 F8000.0
G0 X144.6029 Y-68.9710 F15000.0
G1 Z11.9000 F8000.0
G1 X144.2256 Y-72.1508 F12000.0
G1 X144.6029 Y-71.8275 F12000.0
G1 X145.0340 Y-72.1508 F12000.0
G1 X144.6029 Y-68.9710 F12000.0
G1 Z0.0000 F8000.0
G0 X144.4143 Y-70.2475 F15000.0
G1 Z11.9000 F8000.0
G1 X144.4143 Y-70.8204 F12000.0
G1 Z0.0000 F8000.0
G0 X144.7915 Y-70.4361 F15000.0
G1 Z11.9000 F8000.0
G1 X144.7915 Y-71.0090 F12000.0
G1 Z0.0000 F8000.0
G0 X144.6029 Y-97.6436 F15000.0
G1 Z11.9000 F8000.0
G1 X145.0340 Y-94.4099 F12000.0
G1 X144.6029 Y-94.7332 F12000.0
G1 X144.2256 Y-94.4099 F12000.0
G1 X144.6029 Y-97.6436 F12000.0
G1 Z0.0000 F8000.0
G0 X144.7915 Y-95.5247 F15000.0
G1 Z11.9000 F8000.0
G1 X144.7915 Y-96.0976 F12000.0
G1 Z0.0000 F8000.0
G0 X144.4143 Y-95.7134 F15000.0
G1 Z11.9000 F8000.0
G1 X144.4143 Y-96.2863 F12000.0
G1 Z0.0000 F8000.0
G0 X144.6029 Y-68.9710 F15000.0
G1 Z11.9000 F8000.0
G1 X144.6029 Y-97.6436 F12000.0
G1 Z0.0000 F8000.0
G0 X117.6010 Y-68.9710 F15000.0
G1 Z11.9000 F8000.0
G1 X145.8964 Y-68.9710 F12000.0
G1 Z0.0000 F8000.0
G0 X122.6672 Y-97.6436 F15000.0
G1 Z11.9000 F8000.0
G1 X145.8964 Y-97.6436 F12000.0
G1 Z0.0000 F8000.0
G0 X180.0000 Y-243.2705 F15000.0
G1 Z11.9000 F8000.0
G1 X179.4736 Y-243.2705 F12000.0
G1 Z0.0000 F8000.0
G0 X180.0000 Y-179.6194 F15000.0
G1 Z11.9000 F8000.0
G1 X179.4736 Y-179.6194 F12000.0
G1 Z0.0000 F8000.0
G0 X41.4999 Y-76.9476 F15000.0
G1 Z11.9000 F8000.0
G1 X41.9311 Y-73.7677 F12000.0
G1 X41.4999 Y-74.0911 F12000.0
G1 X41.0687 Y-73.7677 F12000.0
G1 X41.4999 Y-76.9476 F12000.0
G1 Z0.0000 F8000.0
G0 X41.6886 Y-74.8556 F15000.0
G1 Z11.9000 F8000.0
G1 X41.6886 Y-75.4285 F12000.0
G1 Z0.0000 F8000.0
G0 X41.2843 Y-75.0442 F15000.0
G1 Z11.9000 F8000.0
G1 X41.2843 Y-75.6171 F12000.0
G1 Z0.0000 F8000.0
G0 X41.4999 Y-44.7717 F15000.0
G1 Z11.9000 F8000.0
G1 X41.0687 Y-47.9516 F12000.0
G1 X41.4999 Y-47.6282 F12000.0
G1 X41.9311 Y-47.9516 F12000.0
G1 X41.4999 Y-44.7717 F12000.0
G1 Z0.0000 F8000.0
G0 X41.2843 Y-46.0482 F15000.0
G1 Z11.9000 F8000.0
G1 X41.2843 Y-46.6211 F12000.0
G1 Z0.0000 F8000.0
G0 X41.6886 Y-46.2368 F15000.0
G1 Z11.9000 F8000.0
G1 X41.6886 Y-46.8098 F12000.0
G1 Z0.0000 F8000.0
G0 X41.4999 Y-76.9476 F15000.0
G1 Z11.9000 F8000.0
G1 X41.4999 Y-44.7717 F12000.0
G1 Z0.0000 F8000.0
G0 X80.0355 Y-76.9476 F15000.0
G1 Z11.9000 F8000.0
G1 X40.2603 Y-76.9476 F12000.0
G1 Z0.0000 F8000.0
G0 X73.6758 Y-44.7717 F15000.0
G1 Z11.9000 F8000.0
G1 X40.2603 Y-44.7717 F12000.0
G1 Z0.0000 F8000.0
G0 X33.3315 Y-75.1761 F15000.0
G1 Z11.9000 F8000.0
G1 X33.5341 Y-73.8451 F12000.0
G1 X32.4635 Y-74.3659
G1 Z0.0000 F8000.0
G0 X31.8269 Y-74.7420 F15000.0
G1 Z11.9000 F8000.0
G1 X30.5827 Y-75.4943 F12000.0
G1 Z0.0000 F8000.0
G0 X33.4757 Y-71.1129 F15000.0
G1 Z11.9000 F8000.0
G1 X33.0127 Y-71.4891 F12000.0
G1 X32.6944 Y-71.4023
G1 Z0.0000 F8000.0
G0 X33.4757 Y-71.5180 F15000.0
G1 Z11.9000 F8000.0
G1 X33.2732 Y-71.4891 F12000.0
G1 Z0.0000 F8000.0
G0 X33.0996 Y-71.3444 F15000.0
G1 Z11.9000 F8000.0
G1 X33.0706 Y-71.0840 F12000.0
G1 Z0.0000 F8000.0
G0 X33.0706 Y-71.6338 F15000.0
G1 Z11.9000 F8000.0
G1 X33.0127 Y-72.0099 F12000.0
G1 Z0.0000 F8000.0
G0 X32.9838 Y-71.5759 F15000.0
G1 Z11.9000 F8000.0
G1 X32.7813 Y-71.7495 F12000.0
G1 Z0.0000 F8000.0
G0 X28.8344 Y-129.4422 F15000.0
G1 Z11.9000 F8000.0
G1 X29.2655 Y-126.2624 F12000.0
G1 X28.8344 Y-126.5858 F12000.0
G1 X28.4571 Y-126.2624 F12000.0
G1 X28.8344 Y-129.4422 F12000.0
G1 Z0.0000 F8000.0
G0 X29.0230 Y-127.3503 F15000.0
G1 Z11.9000 F8000.0
G1 X29.0230 Y-127.9232 F12000.0
G1 Z0.0000 F8000.0
G0 X28.6457 Y-127.5389 F15000.0
G1 Z11.9000 F8000.0
G1 X28.6457 Y-128.1118 F12000.0
G1 Z0.0000 F8000.0
G0 X28.8344 Y-42.2386 F15000.0
G1 Z11.9000 F8000.0
G1 X28.4571 Y-45.4184 F12000.0
G1 X28.8344 Y-45.0950 F12000.0
G1 X29.2655 Y-45.4184 F12000.0
G1 X28.8344 Y-42.2386 F12000.0
G1 Z0.0000 F8000.0
G0 X28.6457 Y-43.5151 F15000.0
G1 Z11.9000 F8000.0
G1 X28.6457 Y-44.0880 F12000.0
G1 Z0.0000 F8000.0
G0 X29.0230 Y-43.7038 F15000.0
G1 Z11.9000 F8000.0
G1 X29.0230 Y-44.2767 F12000.0
G1 Z0.0000 F8000.0
G0 X28.8344 Y-129.4422 F15000.0
G1 Z11.9000 F8000.0
G1 X28.8344 Y-42.2386 F12000.0
G1 Z0.0000 F8000.0
G0 X90.8686 Y-129.4422 F15000.0
G1 Z11.9000 F8000.0
G1 X27.5947 Y-129.4422 F12000.0
G1 Z0.0000 F8000.0
G0 X90.8686 Y-42.2386 F15000.0
G1 Z11.9000 F8000.0
G1 X27.5947 Y-42.2386 F12000.0
G1 Z0.0000 F8000.0
G0 X106.7581 Y-34.2598 F15000.0
G1 Z11.9000 F8000.0
G1 X106.7581 Y-33.5943 F12000.0
G1 X107.5683 Y-33.7680
G1 X107.2211 Y-31.2796
G1 Z0.0000 F8000.0
G0 X106.7291 Y-32.7553 F15000.0
G1 Z11.9000 F8000.0
G1 X106.7291 Y-33.4786 F12000.0
G1 X106.3530 Y-33.3629
G1 Z0.0000 F8000.0
G0 X105.1566 Y-33.6142 F15000.0
G1 Z11.9000 F8000.0
G1 X105.0119 Y-33.4984 F12000.0
G1 X104.7804 Y-32.5146
G1 X104.8961 Y-32.0228
G1 X105.7931 Y-32.0806
G1 X105.5906 Y-30.6339
G1 Z0.0000 F8000.0
G0 X105.6485 Y-33.8167 F15000.0
G1 Z11.9000 F8000.0
G1 X105.3302 Y-33.7009 F12000.0
G1 Z0.0000 F8000.0
G0 X105.3881 Y-30.5471 F15000.0
G1 Z11.9000 F8000.0
G1 X104.8383 Y-30.3445 F12000.0
G1 Z0.0000 F8000.0
G0 X90.8686 Y-32.5912 F15000.0
G1 Z11.9000 F8000.0
G1 X93.9946 Y-33.1302 F12000.0
G1 X93.7251 Y-32.6990 F12000.0
G1 X94.0485 Y-32.3217 F12000.0
G1 X90.8686 Y-32.5912 F12000.0
G1 Z0.0000 F8000.0
G0 X92.8258 Y-32.8607 F15000.0
G1 Z11.9000 F8000.0
G1 X92.2529 Y-32.8607 F12000.0
G1 Z0.0000 F8000.0
G0 X92.7180 Y-32.5104 F15000.0
G1 Z11.9000 F8000.0
G1 X92.1451 Y-32.5104 F12000.0
G1 Z0.0000 F8000.0
G0 X116.5770 Y-43.2626 F15000.0
G1 Z11.9000 F8000.0
G1 X114.5289 Y-40.7834 F12000.0
G1 X114.4751 Y-41.3224 F12000.0
G1 X113.9361 Y-41.4301 F12000.0
G1 X116.5770 Y-43.2626 F12000.0
G1 Z0.0000 F8000.0
G0 X115.6949 Y-41.7732 F15000.0
G1 Z11.9000 F8000.0
G1 X115.2493 Y-42.2188 F12000.0
G1 Z0.0000 F8000.0
G0 X115.3446 Y-41.9888 F15000.0
G1 Z11.9000 F8000.0
G1 X114.8990 Y-42.4344 F12000.0
G1 Z0.0000 F8000.0
G0 X90.8686 Y-32.5912 F15000.0
G1 Z11.9000 F8000.0
G1 X93.6712 Y-32.6990 F12000.0
G1 X96.4199 Y-33.0224 F12000.0
G1 X99.1686 Y-33.5613 F12000.0
G1 X101.8634 Y-34.3159 F12000.0
G1 X104.5043 Y-35.2860 F12000.0
G1 X107.0374 Y-36.4178 F12000.0
G1 X109.5166 Y-37.7652 F12000.0
G1 X111.8341 Y-39.2743 F12000.0
G1 X114.0978 Y-40.9990 F12000.0
G1 X116.1458 Y-42.8853 F12000.0
G1 X116.5770 Y-43.2626 F12000.0
G1 Z0.0000 F8000.0
G0 X90.8686 Y-42.2386 F15000.0
G1 Z11.9000 F8000.0
G1 X90.8686 Y-31.3516 F12000.0
G1 Z0.0000 F8000.0
G0 X121.9127 Y-37.9269 F15000.0
G1 Z11.9000 F8000.0
G1 X119.8646 Y-35.4477 F12000.0
G1 X119.8108 Y-35.9867 F12000.0
G1 X119.2718 Y-36.0405 F12000.0
G1 X121.9127 Y-37.9269 F12000.0
G1 Z0.0000 F8000.0
G0 X121.0306 Y-36.4375 F15000.0
G1 Z11.9000 F8000.0
G1 X120.5850 Y-36.8831 F12000.0
G1 Z0.0000 F8000.0
G0 X120.6803 Y-36.6531 F15000.0
G1 Z11.9000 F8000.0
G1 X120.2347 Y-37.0987 F12000.0
G1 Z0.0000 F8000.0
G0 X90.8686 Y-25.0458 F15000.0
G1 Z11.9000 F8000.0
G1 X93.9407 Y-25.1536 F12000.0
G1 X96.9589 Y-25.4769 F12000.0
G1 X100.0309 Y-26.0159 F12000.0
G1 X102.9952 Y-26.7704 F12000.0
G1 X105.9056 Y-27.7406 F12000.0
G1 X108.7621 Y-28.8724 F12000.0
G1 X111.5108 Y-30.2737 F12000.0
G1 X114.2055 Y-31.7828 F12000.0
G1 X116.7387 Y-33.5074 F12000.0
G1 X119.1640 Y-35.3938 F12000.0
G1 X121.4276 Y-37.4957 F12000.0
G1 X121.9127 Y-37.9269 F12000.0
G1 Z0.0000 F8000.0
G0 X90.8686 Y-25.0458 F15000.0
G1 Z11.9000 F8000.0
G1 X87.7966 Y-25.1536 F12000.0
G1 X84.7245 Y-25.4769 F12000.0
G1 X81.7063 Y-26.0159 F12000.0
G1 X79.9816 Y-26.4471 F12000.0
G1 Z0.0000 F8000.0
G0 X107.9536 Y-51.8859 F15000.0
G1 Z11.9000 F8000.0
G1 X122.7750 Y-37.0106 F12000.0
G1 Z0.0000 F8000.0
G0 X53.3631 Y-65.2342 F15000.0
G1 Z11.9000 F8000.0
G1 X53.2763 Y-66.2758 F12000.0
G1 X52.0610 Y-66.7098
G1 X51.9164 Y-65.9576
G1 Z0.0000 F8000.0
G0 X51.8296 Y-65.8707 F15000.0
G1 Z11.9000 F8000.0
G1 X51.5981 Y-65.8129 F12000.0
G1 X50.9326 Y-66.0444
G1 Z0.0000 F8000.0
G0 X50.6433 Y-66.2758 F15000.0
G1 Z11.9000 F8000.0
G1 X50.3250 Y-67.4332 F12000.0
G1 Z0.0000 F8000.0
G0 X48.6681 Y-76.9476 F15000.0
G1 Z11.9000 F8000.0
G1 X49.0992 Y-73.7677 F12000.0
G1 X48.6681 Y-74.0911 F12000.0
G1 X48.2369 Y-73.7677 F12000.0
G1 X48.6681 Y-76.9476 F12000.0
G1 Z0.0000 F8000.0
G0 X48.8567 Y-74.8556 F15000.0
G1 Z11.9000 F8000.0
G1 X48.8567 Y-75.4285 F12000.0
G1 Z0.0000 F8000.0
G0 X48.4525 Y-75.0442 F15000.0
G1 Z11.9000 F8000.0
G1 X48.4525 Y-75.6171 F12000.0
G1 Z0.0000 F8000.0
G0 X48.6681 Y-60.0782 F15000.0
G1 Z11.9000 F8000.0
G1 X48.2369 Y-63.2580 F12000.0
G1 X48.6681 Y-62.9346 F12000.0
G1 X49.0992 Y-63.2580 F12000.0
G1 X48.6681 Y-60.0782 F12000.0
G1 Z0.0000 F8000.0
G0 X48.4525 Y-61.3547 F15000.0
G1 Z11.9000 F8000.0
G1 X48.4525 Y-61.9276 F12000.0
G1 Z0.0000 F8000.0
G0 X48.8567 Y-61.5433 F15000.0
G1 Z11.9000 F8000.0
G1 X48.8567 Y-62.1162 F12000.0
G1 Z0.0000 F8000.0
G0 X48.6681 Y-76.9476 F15000.0
G1 Z11.9000 F8000.0
G1 X48.6681 Y-60.0782 F12000.0
G1 Z0.0000 F8000.0
G0 X73.6758 Y-60.0782 F15000.0
G1 Z11.9000 F8000.0
G1 X47.4285 Y-60.0782 F12000.0
G1 Z0.0000 F8000.0
G0 X128.2185 Y-50.5386 F15000.0
G1 Z11.9000 F8000.0
G1 X128.6497 Y-53.7184 F12000.0
G1 X128.2185 Y-53.3950 F12000.0
G1 X127.7873 Y-53.7184 F12000.0
G1 X128.2185 Y-50.5386 F12000.0
G1 X128.2185 Y-54.9580 F12000.0
G1 Z0.0000 F8000.0
G0 X128.4072 Y-52.0037 F15000.0
G1 Z11.9000 F8000.0
G1 X128.4072 Y-52.5766 F12000.0
G1 Z0.0000 F8000.0
G0 X128.0029 Y-51.8151 F15000.0
G1 Z11.9000 F8000.0
G1 X128.0029 Y-52.3880 F12000.0
G1 Z0.0000 F8000.0
G0 X128.2185 Y-44.7717 F15000.0
G1 Z11.9000 F8000.0
G1 X127.7873 Y-41.5918 F12000.0
G1 X128.2185 Y-41.9152 F12000.0
G1 X128.6497 Y-41.5918 F12000.0
G1 X128.2185 Y-44.7717 F12000.0
G1 Z0.0000 F8000.0
G0 X128.0029 Y-42.8683 F15000.0
G1 Z11.9000 F8000.0
G1 X128.0029 Y-43.4412 F12000.0
G1 Z0.0000 F8000.0
G0 X128.4072 Y-42.6797 F15000.0
G1 Z11.9000 F8000.0
G1 X128.4072 Y-43.2526 F12000.0
G1 Z0.0000 F8000.0
G0 X128.2185 Y-50.5386 F15000.0
G1 Z11.9000 F8000.0
G1 X128.2185 Y-44.7717 F12000.0
G1 Z0.0000 F8000.0
G0 X121.4276 Y-50.5386 F15000.0
G1 Z11.9000 F8000.0
G1 X129.4581 Y-50.5386 F12000.0
G1 Z0.0000 F8000.0
G0 X128.2185 Y-44.7717 F15000.0
G1 Z11.9000 F8000.0
G1 X128.2185 Y-36.5256 F12000.0
G1 Z0.0000 F8000.0
G0 X61.5512 Y-66.9829 F15000.0
G1 Z11.9000 F8000.0
G1 X61.4645 Y-68.0245 F12000.0
G1 X60.2492 Y-68.4586
G1 X60.1045 Y-67.7063
G1 Z0.0000 F8000.0
G0 X60.0177 Y-67.6194 F15000.0
G1 Z11.9000 F8000.0
G1 X59.7862 Y-67.5616 F12000.0
G1 X59.1208 Y-67.7930
G1 Z0.0000 F8000.0
G0 X58.8314 Y-68.0245 F15000.0
G1 Z11.9000 F8000.0
G1 X58.5131 Y-69.1820 F12000.0
G1 Z0.0000 F8000.0
G0 X60.6556 Y-65.5241 F15000.0
G1 Z11.9000 F8000.0
G1 X60.3084 Y-65.8423 F12000.0
G1 Z0.0000 F8000.0
G0 X60.5688 Y-66.6525 F15000.0
G1 Z11.9000 F8000.0
G1 X58.6591 Y-66.3052 F12000.0
G1 Z0.0000 F8000.0
G0 X60.0480 Y-66.0738 F15000.0
G1 Z11.9000 F8000.0
G1 X59.9901 Y-66.1317 F12000.0
G1 Z0.0000 F8000.0
G0 X59.8165 Y-66.3052 F15000.0
G1 Z11.9000 F8000.0
G1 X59.7587 Y-66.4210 F12000.0
G1 Z0.0000 F8000.0
G0 X59.4693 Y-66.4789 F15000.0
G1 Z11.9000 F8000.0
G1 X59.2378 Y-66.8261 F12000.0
G1 Z0.0000 F8000.0
G0 X58.8328 Y-67.2022 F15000.0
G1 Z11.9000 F8000.0
G1 X58.7459 Y-67.2601 F12000.0
G1 Z0.0000 F8000.0
G0 X61.3543 Y-64.2990 F15000.0
G1 Z11.9000 F8000.0
G1 X59.6762 Y-65.2539 F12000.0
G1 X59.3289 Y-65.3697
G1 X59.2710 Y-64.6752
G1 X58.6055 Y-64.8488
G1 Z0.0000 F8000.0
G0 X59.9655 Y-64.2990 F15000.0
G1 Z11.9000 F8000.0
G1 X59.3000 Y-64.5016 F12000.0
G1 X59.2710 Y-64.6173
G1 Z0.0000 F8000.0
G0 X59.2710 Y-64.1833 F15000.0
G1 Z11.9000 F8000.0
G1 X59.2710 Y-64.4727 F12000.0
G1 Z0.0000 F8000.0
G0 X61.5512 Y-61.6775 F15000.0
G1 Z11.9000 F8000.0
G1 X61.4645 Y-62.7191 F12000.0
G1 X60.2492 Y-63.1532
G1 X60.1045 Y-62.4009
G1 Z0.0000 F8000.0
G0 X60.0177 Y-62.3140 F15000.0
G1 Z11.9000 F8000.0
G1 X59.7862 Y-62.2562 F12000.0
G1 X59.1208 Y-62.4877
G1 Z0.0000 F8000.0
G0 X58.8314 Y-62.7191 F15000.0
G1 Z11.9000 F8000.0
G1 X58.5131 Y-63.8766 F12000.0
G1 Z0.0000 F8000.0
G0 X56.8602 Y-79.1573 F15000.0
G1 Z11.9000 F8000.0
G1 X57.2375 Y-82.3372 F12000.0
G1 X56.8602 Y-82.0138 F12000.0
G1 X56.4291 Y-82.3372 F12000.0
G1 X56.8602 Y-79.1573 F12000.0
G1 X56.8602 Y-83.6307 F12000.0
G1 Z0.0000 F8000.0
G0 X57.0219 Y-80.6494 F15000.0
G1 Z11.9000 F8000.0
G1 X57.0219 Y-81.2224 F12000.0
G1 Z0.0000 F8000.0
G0 X56.6447 Y-80.4338 F15000.0
G1 Z11.9000 F8000.0
G1 X56.6447 Y-81.0068 F12000.0
G1 Z0.0000 F8000.0
G0 X56.8602 Y-76.9476 F15000.0
G1 Z11.9000 F8000.0
G1 X56.4291 Y-73.7677 F12000.0
G1 X56.8602 Y-74.0911 F12000.0
G1 X57.2375 Y-73.7677 F12000.0
G1 X56.8602 Y-76.9476 F12000.0
G1 Z0.0000 F8000.0
G0 X56.6447 Y-75.0442 F15000.0
G1 Z11.9000 F8000.0
G1 X56.6447 Y-75.6171 F12000.0
G1 Z0.0000 F8000.0
G0 X57.0219 Y-74.8287 F15000.0
G1 Z11.9000 F8000.0
G1 X57.0219 Y-75.4016 F12000.0
G1 Z0.0000 F8000.0
G0 X56.8602 Y-79.1573 F15000.0
G1 Z11.9000 F8000.0
G1 X56.8602 Y-76.9476 F12000.0
G1 Z0.0000 F8000.0
G0 X82.2452 Y-79.1573 F15000.0
G1 Z11.9000 F8000.0
G1 X55.5667 Y-79.1573 F12000.0
G1 Z0.0000 F8000.0
G0 X56.8602 Y-76.9476 F15000.0
G1 Z11.9000 F8000.0
G1 X56.8602 Y-58.2996 F12000.0
G1 Z0.0000 F8000.0
G0 X47.8057 Y-121.1961 F15000.0
G1 Z11.9000 F8000.0
G1 X48.2369 Y-118.0163 F12000.0
G1 X47.8057 Y-118.2858 F12000.0
G1 X47.3746 Y-118.0163 F12000.0
G1 X47.8057 Y-121.1961 F12000.0
G1 Z0.0000 F8000.0
G0 X47.9944 Y-119.1042 F15000.0
G1 Z11.9000 F8000.0
G1 X47.9944 Y-119.6771 F12000.0
G1 Z0.0000 F8000.0
G0 X47.5902 Y-119.2928 F15000.0
G1 Z11.9000 F8000.0
G1 X47.5902 Y-119.8657 F12000.0
G1 Z0.0000 F8000.0
G0 X47.8057 Y-84.2774 F15000.0
G1 Z11.9000 F8000.0
G1 X47.3746 Y-87.4573 F12000.0
G1 X47.8057 Y-87.1339 F12000.0
G1 X48.2369 Y-87.4573 F12000.0
G1 X47.8057 Y-84.2774 F12000.0
G1 Z0.0000 F8000.0
G0 X47.5902 Y-85.5539 F15000.0
G1 Z11.9000 F8000.0
G1 X47.5902 Y-86.1269 F12000.0
G1 Z0.0000 F8000.0
G0 X47.9944 Y-85.7426 F15000.0
G1 Z11.9000 F8000.0
G1 X47.9944 Y-86.3155 F12000.0
G1 Z0.0000 F8000.0
G0 X47.8057 Y-121.1961 F15000.0
G1 Z11.9000 F8000.0
G1 X47.8057 Y-84.2774 F12000.0
G1 Z0.0000 F8000.0
G0 X76.8557 Y-121.1961 F15000.0
G1 Z11.9000 F8000.0
G1 X46.5661 Y-121.1961 F12000.0
G1 Z0.0000 F8000.0
G0 X82.2452 Y-84.2774 F15000.0
G1 Z11.9000 F8000.0
G1 X46.5661 Y-84.2774 F12000.0
G1 Z0.0000 F8000.0
G0 X156.7295 Y-121.1961 F15000.0
G1 Z11.9000 F8000.0
G1 X157.1606 Y-118.0163 F12000.0
G1 X156.7295 Y-118.2858 F12000.0
G1 X156.2983 Y-118.0163 F12000.0
G1 X156.7295 Y-121.1961 F12000.0
G1 Z0.0000 F8000.0
G0 X156.9181 Y-119.1042 F15000.0
G1 Z11.9000 F8000.0
G1 X156.9181 Y-119.6771 F12000.0
G1 Z0.0000 F8000.0
G0 X156.5139 Y-119.2928 F15000.0
G1 Z11.9000 F8000.0
G1 X156.5139 Y-119.8657 F12000.0
G1 Z0.0000 F8000.0
G0 X156.7295 Y-44.7717 F15000.0
G1 Z11.9000 F8000.0
G1 X156.2983 Y-47.9516 F12000.0
G1 X156.7295 Y-47.6282 F12000.0
G1 X157.1606 Y-47.9516 F12000.0
G1 X156.7295 Y-44.7717 F12000.0
G1 Z0.0000 F8000.0
G0 X156.5139 Y-46.0482 F15000.0
G1 Z11.9000 F8000.0
G1 X156.5139 Y-46.6211 F12000.0
G1 Z0.0000 F8000.0
G0 X156.9181 Y-46.2368 F15000.0
G1 Z11.9000 F8000.0
G1 X156.9181 Y-46.8098 F12000.0
G1 Z0.0000 F8000.0
G0 X156.7295 Y-121.1961 F15000.0
G1 Z11.9000 F8000.0
G1 X156.7295 Y-44.7717 F12000.0
G1 Z0.0000 F8000.0
G0 X117.6010 Y-121.1961 F15000.0
G1 Z11.9000 F8000.0
G1 X158.0230 Y-121.1961 F12000.0
G1 Z0.0000 F8000.0
G0 X121.4276 Y-44.7717 F15000.0
G1 Z11.9000 F8000.0
G1 X158.0230 Y-44.7717 F12000.0
G1 Z0.0000 F8000.0
G0 X124.3380 Y-182.7992 F15000.0
G1 Z11.9000 F8000.0
G1 X125.3082 Y-185.8713 F12000.0
G1 X125.5776 Y-185.3863 F12000.0
G1 X126.0627 Y-185.4940 F12000.0
G1 X124.3380 Y-182.7992 F12000.0
G1 Z0.0000 F8000.0
G0 X124.9578 Y-184.0758 F15000.0
G1 Z11.9000 F8000.0
G1 X124.9578 Y-184.6487 F12000.0
G1 Z0.0000 F8000.0
G0 X125.3962 Y-183.9508 F15000.0
G1 Z11.9000 F8000.0
G1 X124.9506 Y-184.3964 F12000.0
G1 Z0.0000 F8000.0
G0 X134.8477 Y-204.8427 F15000.0
G1 Z11.9000 F8000.0
G1 X124.3380 Y-182.7992 F12000.0
G1 X116.6309 Y-166.7382 F12000.0
G1 X106.6062 Y-166.7382 F12000.0
G1 Z0.0000 F8000.0
G0 X142.0390 Y-168.2708 F15000.0
G1 Z11.9000 F8000.0
G1 X141.9522 Y-167.6053 F12000.0
G1 X142.7334 Y-167.6921
G1 X142.6177 Y-167.1424
G1 Z0.0000 F8000.0
G0 X142.5309 Y-166.9109 F15000.0
G1 Z11.9000 F8000.0
G1 X142.1837 Y-165.7824 F12000.0
G1 Z0.0000 F8000.0
G0 X142.0968 Y-165.5510 F15000.0
G1 Z11.9000 F8000.0
G1 X142.0101 Y-165.2616 F12000.0
G1 Z0.0000 F8000.0
G0 X141.4892 Y-167.4896 F15000.0
G1 Z11.9000 F8000.0
G1 X141.8943 Y-167.5185 F12000.0
G1 X141.7786 Y-166.8530
G1 Z0.0000 F8000.0
G0 X140.9864 Y-168.0841 F15000.0
G1 Z11.9000 F8000.0
G1 X140.2341 Y-167.8527 F12000.0
G1 X140.0025 Y-167.6501
G1 X139.8578 Y-167.2740
G1 X139.8000 Y-166.4927
G1 Z0.0000 F8000.0
G0 X139.9736 Y-166.3191 F15000.0
G1 Z11.9000 F8000.0
G1 X140.7259 Y-166.3480 F12000.0
G1 X140.5523 Y-165.0170
G1 X139.4528 Y-164.7277
G1 Z0.0000 F8000.0
G0 X133.1230 Y-168.9480 F15000.0
G1 Z11.9000 F8000.0
G1 X136.2490 Y-169.4869 F12000.0
G1 X135.9795 Y-169.0558 F12000.0
G1 X136.3029 Y-168.6785 F12000.0
G1 X133.1230 Y-168.9480 F12000.0
G1 Z0.0000 F8000.0
G0 X135.0803 Y-169.2175 F15000.0
G1 Z11.9000 F8000.0
G1 X134.5074 Y-169.2175 F12000.0
G1 Z0.0000 F8000.0
G0 X134.9725 Y-168.8672 F15000.0
G1 Z11.9000 F8000.0
G1 X134.3995 Y-168.8672 F12000.0
G1 Z0.0000 F8000.0
G0 X155.9210 Y-178.3798 F15000.0
G1 Z11.9000 F8000.0
G1 X153.8730 Y-175.9006 F12000.0
G1 X153.8191 Y-176.4395 F12000.0
G1 X153.2801 Y-176.5473 F12000.0
G1 X155.9210 Y-178.3798 F12000.0
G1 Z0.0000 F8000.0
G0 X155.0389 Y-176.8904 F15000.0
G1 Z11.9000 F8000.0
G1 X154.5933 Y-177.3360 F12000.0
G1 Z0.0000 F8000.0
G0 X154.6886 Y-177.1060 F15000.0
G1 Z11.9000 F8000.0
G1 X154.2430 Y-177.5516 F12000.0
G1 Z0.0000 F8000.0
G0 X133.1230 Y-168.9480 F15000.0
G1 Z11.9000 F8000.0
G1 X135.7640 Y-169.0558 F12000.0
G1 X138.3510 Y-169.3791 F12000.0
G1 X140.9380 Y-169.9181 F12000.0
G1 X143.4711 Y-170.6187 F12000.0
G1 X145.9503 Y-171.5889 F12000.0
G1 X148.3217 Y-172.7207 F12000.0
G1 X150.5853 Y-174.0681 F12000.0
G1 X152.7412 Y-175.5772 F12000.0
G1 X154.7353 Y-177.3019 F12000.0
G1 X155.9210 Y-178.3798 F12000.0
G1 Z0.0000 F8000.0
G0 X133.1230 Y-170.6187 F15000.0
G1 Z11.9000 F8000.0
G1 X133.1230 Y-167.6545 F12000.0
G1 Z0.0000 F8000.0
G0 X106.1211 Y-174.1759 F15000.0
G1 Z11.9000 F8000.0
G1 X108.7082 Y-172.3434 F12000.0
G1 X108.2231 Y-172.2356 F12000.0
G1 X108.1692 Y-171.6967 F12000.0
G1 X106.1211 Y-174.1759 F12000.0
G1 Z0.0000 F8000.0
G0 X107.7453 Y-172.9021 F15000.0
G1 Z11.9000 F8000.0
G1 X107.2997 Y-173.3477 F12000.0
G1 Z0.0000 F8000.0
G0 X107.4219 Y-172.6866 F15000.0
G1 Z11.9000 F8000.0
G1 X106.9763 Y-173.1322 F12000.0
G1 Z0.0000 F8000.0
G0 X160.1249 Y-174.1759 F15000.0
G1 Z11.9000 F8000.0
G1 X158.0769 Y-171.6967 F12000.0
G1 X158.0230 Y-172.2356 F12000.0
G1 X157.4840 Y-172.3434 F12000.0
G1 X160.1249 Y-174.1759 F12000.0
G1 Z0.0000 F8000.0
G0 X159.2428 Y-172.6866 F15000.0
G1 Z11.9000 F8000.0
G1 X158.7972 Y-173.1322 F12000.0
G1 Z0.0000 F8000.0
G0 X158.8925 Y-172.9021 F15000.0
G1 Z11.9000 F8000.0
G1 X158.4469 Y-173.3477 F12000.0
G1 Z0.0000 F8000.0
G0 X106.1211 Y-174.1759 F15000.0
G1 Z11.9000 F8000.0
G1 X108.2231 Y-172.2356 F12000.0
G1 X110.4329 Y-170.4570 F12000.0
G1 X112.8043 Y-168.8402 F12000.0
G1 X115.2835 Y-167.3850 F12000.0
G1 X117.8705 Y-166.1454 F12000.0
G1 X120.5653 Y-165.1213 F12000.0
G1 X123.3140 Y-164.2591 F12000.0
G1 X126.1166 Y-163.6123 F12000.0
G1 X128.9191 Y-163.2350 F12000.0
G1 X131.8295 Y-163.0194 F12000.0
G1 X134.6860 Y-163.0194 F12000.0
G1 X137.5425 Y-163.2350 F12000.0
G1 X140.3451 Y-163.6662 F12000.0
G1 X143.1477 Y-164.3129 F12000.0
G1 X145.8964 Y-165.1753 F12000.0
G1 X148.5912 Y-166.2532 F12000.0
G1 X151.1243 Y-167.4928 F12000.0
G1 X153.6035 Y-168.9480 F12000.0
G1 X155.9750 Y-170.6187 F12000.0
G1 X158.2386 Y-172.3973 F12000.0
G1 X160.1249 Y-174.1759 F12000.0
G1 Z0.0000 F8000.0
G0 X115.9841 Y-184.0928 F15000.0
G1 Z11.9000 F8000.0
G1 X105.2049 Y-173.2597 F12000.0
G1 Z0.0000 F8000.0
G0 X149.7769 Y-184.5239 F15000.0
G1 Z11.9000 F8000.0
G1 X161.0411 Y-173.2597 F12000.0
G1 Z0.0000 F8000.0
G0 X149.2466 Y-109.7477 F15000.0
G1 Z11.9000 F8000.0
G1 X149.2176 Y-110.5000 F12000.0
G1 Z0.0000 F8000.0
G0 X149.1597 Y-109.6320 F15000.0
G1 Z11.9000 F8000.0
G1 X149.0729 Y-109.5742 F12000.0
G1 X148.6100 Y-109.6610
G1 Z0.0000 F8000.0
G0 X148.2628 Y-109.8056 F15000.0
G1 Z11.9000 F8000.0
G1 X147.9734 Y-110.1239 F12000.0
G1 X147.8576 Y-110.5290
G1 Z0.0000 F8000.0
G0 X147.8287 Y-110.0660 F15000.0
G1 Z11.9000 F8000.0
G1 X147.4526 Y-109.9503 F12000.0
G1 X146.6713 Y-110.2975
G1 Z0.0000 F8000.0
G0 X146.5556 Y-110.4422 F15000.0
G1 Z11.9000 F8000.0
G1 X146.2662 Y-111.5707 F12000.0
G1 Z0.0000 F8000.0
G0 X149.1024 Y-108.8028 F15000.0
G1 Z11.9000 F8000.0
G1 X149.3049 Y-107.4718 F12000.0
G1 X148.2344 Y-107.9927
G1 Z0.0000 F8000.0
G0 X147.5978 Y-108.3688 F15000.0
G1 Z11.9000 F8000.0
G1 X146.3536 Y-109.1211 F12000.0
G1 Z0.0000 F8000.0
G0 X144.6029 Y-121.1961 F15000.0
G1 Z11.9000 F8000.0
G1 X145.0340 Y-118.0163 F12000.0
G1 X144.6029 Y-118.2858 F12000.0
G1 X144.2256 Y-118.0163 F12000.0
G1 X144.6029 Y-121.1961 F12000.0
G1 Z0.0000 F8000.0
G0 X144.7915 Y-119.1042 F15000.0
G1 Z11.9000 F8000.0
G1 X144.7915 Y-119.6771 F12000.0
G1 Z0.0000 F8000.0
G0 X144.4143 Y-119.2928 F15000.0
G1 Z11.9000 F8000.0
G1 X144.4143 Y-119.8657 F12000.0
G1 Z0.0000 F8000.0
G0 X144.6029 Y-97.6436 F15000.0
G1 Z11.9000 F8000.0
G1 X144.2256 Y-100.8235 F12000.0
G1 X144.6029 Y-100.5001 F12000.0
G1 X145.0340 Y-100.8235 F12000.0
G1 X144.6029 Y-97.6436 F12000.0
G1 Z0.0000 F8000.0
G0 X144.4143 Y-98.9201 F15000.0
G1 Z11.9000 F8000.0
G1 X144.4143 Y-99.4930 F12000.0
G1 Z0.0000 F8000.0
G0 X144.7915 Y-99.1088 F15000.0
G1 Z11.9000 F8000.0
G1 X144.7915 Y-99.6817 F12000.0
G1 Z0.0000 F8000.0
G0 X144.6029 Y-121.1961 F15000.0
G1 Z11.9000 F8000.0
G1 X144.6029 Y-97.6436 F12000.0
G1 Z0.0000 F8000.0
G0 X10.5636 Y-167.7623 F15000.0
G1 Z11.9000 F8000.0
G1 X13.1506 Y-165.8759 F12000.0
G1 X12.6656 Y-165.7681 F12000.0
G1 X12.6117 Y-165.2292 F12000.0
G1 X10.5636 Y-167.7623 F12000.0
G1 Z0.0000 F8000.0
G0 X12.1877 Y-166.4616 F15000.0
G1 Z11.9000 F8000.0
G1 X11.7421 Y-166.9072 F12000.0
G1 Z0.0000 F8000.0
G0 X11.8643 Y-166.2460 F15000.0
G1 Z11.9000 F8000.0
G1 X11.4187 Y-166.6916 F12000.0
G1 Z0.0000 F8000.0
G0 X82.1375 Y-167.7623 F15000.0
G1 Z11.9000 F8000.0
G1 X80.1433 Y-165.2292 F12000.0
G1 X80.0895 Y-165.7681 F12000.0
G1 X79.5505 Y-165.8759 F12000.0
G1 X82.1375 Y-167.7623 F12000.0
G1 Z0.0000 F8000.0
G0 X81.2823 Y-166.2460 F15000.0
G1 Z11.9000 F8000.0
G1 X80.8367 Y-166.6916 F12000.0
G1 Z0.0000 F8000.0
G0 X80.9320 Y-166.4616 F15000.0
G1 Z11.9000 F8000.0
G1 X80.4864 Y-166.9072 F12000.0
G1 Z0.0000 F8000.0
G0 X10.5636 Y-167.7623 F15000.0
G1 Z11.9000 F8000.0
G1 X12.9890 Y-165.4986 F12000.0
G1 X15.5220 Y-163.3967 F12000.0
G1 X18.2169 Y-161.4564 F12000.0
G1 X21.0194 Y-159.7318 F12000.0
G1 X23.9298 Y-158.1688 F12000.0
G1 X26.9480 Y-156.7675 F12000.0
G1 X30.0200 Y-155.6357 F12000.0
G1 X33.1999 Y-154.6655 F12000.0
G1 X36.3798 Y-153.9110 F12000.0
G1 X39.6675 Y-153.3720 F12000.0
G1 X42.9551 Y-153.0487 F12000.0
G1 X46.2428 Y-152.9409 F12000.0
G1 X49.5304 Y-152.9947 F12000.0
G1 X52.8180 Y-153.3181 F12000.0
G1 X56.1057 Y-153.8571 F12000.0
G1 X59.3395 Y-154.6116 F12000.0
G1 X62.4655 Y-155.5279 F12000.0
G1 X65.5914 Y-156.7136 F12000.0
G1 X68.6096 Y-158.0610 F12000.0
G1 X71.5200 Y-159.6240 F12000.0
G1 X74.3225 Y-161.3487 F12000.0
G1 X77.0174 Y-163.2350 F12000.0
G1 X79.6044 Y-165.3369 F12000.0
G1 X81.9758 Y-167.6006 F12000.0
G1 X82.1375 Y-167.7623 F12000.0
G1 Z0.0000 F8000.0
G0 X26.3551 Y-183.4999 F15000.0
G1 Z11.9000 F8000.0
G1 X9.6474 Y-166.8461 F12000.0
G1 Z0.0000 F8000.0
G0 X66.3998 Y-183.4999 F15000.0
G1 Z11.9000 F8000.0
G1 X83.0537 Y-166.8461 F12000.0
G1 Z0.0000 F8000.0
G0 X65.1044 Y-161.7401 F15000.0
G1 Z11.9000 F8000.0
G1 X65.1044 Y-161.0746 F12000.0
G1 X65.9146 Y-161.2482
G1 X65.5674 Y-158.7598
G1 Z0.0000 F8000.0
G0 X65.0755 Y-160.2355 F15000.0
G1 Z11.9000 F8000.0
G1 X65.0755 Y-160.9588 F12000.0
G1 X64.6994 Y-160.8431
G1 Z0.0000 F8000.0
G0 X63.5029 Y-161.0944 F15000.0
G1 Z11.9000 F8000.0
G1 X63.3583 Y-160.9787 F12000.0
G1 X63.1268 Y-159.9949
G1 X63.2425 Y-159.5030
G1 X64.1395 Y-159.5609
G1 X63.9370 Y-158.1141
G1 Z0.0000 F8000.0
G0 X63.9948 Y-161.2970 F15000.0
G1 Z11.9000 F8000.0
G1 X63.6765 Y-161.1813 F12000.0
G1 Z0.0000 F8000.0
G0 X63.7344 Y-158.0273 F15000.0
G1 Z11.9000 F8000.0
G1 X63.1847 Y-157.8248 F12000.0
G1 Z0.0000 F8000.0
G0 X46.3505 Y-159.5701 F15000.0
G1 Z11.9000 F8000.0
G1 X49.5304 Y-160.0552 F12000.0
G1 X49.2071 Y-159.6240 F12000.0
G1 X49.5843 Y-159.2467 F12000.0
G1 X46.3505 Y-159.5701 F12000.0
G1 Z0.0000 F8000.0
G0 X48.3617 Y-159.8126 F15000.0
G1 Z11.9000 F8000.0
G1 X47.7888 Y-159.8126 F12000.0
G1 Z0.0000 F8000.0
G0 X48.2269 Y-159.4353 F15000.0
G1 Z11.9000 F8000.0
G1 X47.6540 Y-159.4353 F12000.0
G1 Z0.0000 F8000.0
G0 X77.4485 Y-172.4512 F15000.0
G1 Z11.9000 F8000.0
G1 X75.4544 Y-169.9720 F12000.0
G1 X75.4005 Y-170.4570 F12000.0
G1 X74.8615 Y-170.5649 F12000.0
G1 X77.4485 Y-172.4512 F12000.0
G1 Z0.0000 F8000.0
G0 X76.5934 Y-170.9618 F15000.0
G1 Z11.9000 F8000.0
G1 X76.1478 Y-171.4074 F12000.0
G1 Z0.0000 F8000.0
G0 X76.2431 Y-171.1505 F15000.0
G1 Z11.9000 F8000.0
G1 X75.7975 Y-171.5961 F12000.0
G1 Z0.0000 F8000.0
G0 X46.3505 Y-159.5701 F15000.0
G1 Z11.9000 F8000.0
G1 X49.4226 Y-159.6779 F12000.0
G1 X52.4947 Y-160.0012 F12000.0
G1 X55.5129 Y-160.4863 F12000.0
G1 X58.5310 Y-161.2408 F12000.0
G1 X61.4414 Y-162.2110 F12000.0
G1 X64.2979 Y-163.3967 F12000.0
G1 X67.0466 Y-164.7441 F12000.0
G1 X69.7414 Y-166.2532 F12000.0
G1 X72.2745 Y-167.9779 F12000.0
G1 X74.6998 Y-169.9181 F12000.0
G1 X77.0174 Y-171.9662 F12000.0
G1 X77.4485 Y-172.4512 F12000.0
G1 Z0.0000 F8000.0
G0 X46.3505 Y-167.5467 F15000.0
G1 Z11.9000 F8000.0
G1 X46.3505 Y-158.2766 F12000.0
G1 Z0.0000 F8000.0
G0 X25.1155 Y-192.6622 F15000.0
G1 Z11.9000 F8000.0
G1 X27.7564 Y-194.4408 F12000.0
G1 X27.7026 Y-193.9557 F12000.0
G1 X28.1337 Y-193.7401 F12000.0
G1 X25.1155 Y-192.6622 F12000.0
G1 Z0.0000 F8000.0
G0 X26.6588 Y-193.3018 F15000.0
G1 Z11.9000 F8000.0
G1 X26.2132 Y-193.7474 F12000.0
G1 Z0.0000 F8000.0
G0 X27.0189 Y-193.3359 F15000.0
G1 Z11.9000 F8000.0
G1 X26.4460 Y-193.3359 F12000.0
G1 Z0.0000 F8000.0
G0 X50.6083 Y-205.7050 F15000.0
G1 Z11.9000 F8000.0
G1 X25.1155 Y-192.6622 F12000.0
G1 X13.4740 Y-186.6798 F12000.0
G1 X3.7188 Y-186.6798 F12000.0
G1 Z0.0000 F8000.0
G0 X39.8707 Y-163.3581 F15000.0
G1 Z11.9000 F8000.0
G1 X39.8129 Y-163.2712 F12000.0
G1 Z0.0000 F8000.0
G0 X39.6103 Y-160.7250 F15000.0
G1 Z11.9000 F8000.0
G1 X38.2214 Y-160.4646 F12000.0
G1 X38.3372 Y-160.7829
G1 X39.1474 Y-162.1428
G1 Z0.0000 F8000.0
G0 X44.1408 Y-165.1213 F15000.0
G1 Z11.9000 F8000.0
G1 X40.9610 Y-165.5526 F12000.0
G1 X41.2843 Y-165.1213 F12000.0
G1 X40.9610 Y-164.6902 F12000.0
G1 X44.1408 Y-165.1213 F12000.0
G1 Z0.0000 F8000.0
G0 X42.8373 Y-165.3100 F15000.0
G1 Z11.9000 F8000.0
G1 X42.2644 Y-165.3100 F12000.0
G1 Z0.0000 F8000.0
G0 X42.6218 Y-164.9058 F15000.0
G1 Z11.9000 F8000.0
G1 X42.0489 Y-164.9058 F12000.0
G1 Z0.0000 F8000.0
G0 X48.6142 Y-165.1213 F15000.0
G1 Z11.9000 F8000.0
G1 X51.7941 Y-164.6902 F12000.0
G1 X51.4707 Y-165.1213 F12000.0
G1 X51.7941 Y-165.5526 F12000.0
G1 X48.6142 Y-165.1213 F12000.0
G1 X53.0336 Y-165.1213 F12000.0
G1 Z0.0000 F8000.0
G0 X50.6523 Y-164.9058 F15000.0
G1 Z11.9000 F8000.0
G1 X50.0793 Y-164.9058 F12000.0
G1 Z0.0000 F8000.0
G0 X50.4636 Y-165.3100 F15000.0
G1 Z11.9000 F8000.0
G1 X49.8907 Y-165.3100 F12000.0
G1 Z0.0000 F8000.0
G0 X44.1408 Y-165.1213 F15000.0
G1 Z11.9000 F8000.0
G1 X48.6142 Y-165.1213 F12000.0
G1 Z0.0000 F8000.0
G0 X44.1408 Y-168.0856 F15000.0
G1 Z11.9000 F8000.0
G1 X44.1408 Y-163.8278 F12000.0
G1 Z0.0000 F8000.0
G0 X44.1408 Y-165.1213 F15000.0
G1 Z11.9000 F8000.0
G1 X35.8947 Y-165.1213 F12000.0
G1 Z0.0000 F8000.0
G0 X48.6142 Y-168.0856 F15000.0
G1 Z11.9000 F8000.0
G1 X48.6142 Y-163.8278 F12000.0
G1 Z0.0000 F8000.0
G0 X142.5289 Y-253.3522 F15000.0
G1 Z11.9000 F8000.0
G1 X142.4710 Y-253.2654 F12000.0
G1 Z0.0000 F8000.0
G0 X142.2685 Y-250.7191 F15000.0
G1 Z11.9000 F8000.0
G1 X140.8796 Y-250.4588 F12000.0
G1 X140.9953 Y-250.7771
G1 X141.8055 Y-252.1370
G1 Z0.0000 F8000.0
G0 X146.8126 Y-255.1276 F15000.0
G1 Z11.9000 F8000.0
G1 X143.6328 Y-255.5049 F12000.0
G1 X143.9561 Y-255.1276 F12000.0
G1 X143.6328 Y-254.6965 F12000.0
G1 X146.8126 Y-255.1276 F12000.0
G1 Z0.0000 F8000.0
G0 X145.5092 Y-255.2893 F15000.0
G1 Z11.9000 F8000.0
G1 X144.9362 Y-255.2893 F12000.0
G1 Z0.0000 F8000.0
G0 X145.2936 Y-254.9120 F15000.0
G1 Z11.9000 F8000.0
G1 X144.7206 Y-254.9120 F12000.0
G1 Z0.0000 F8000.0
G0 X151.2321 Y-255.1276 F15000.0
G1 Z11.9000 F8000.0
G1 X154.4119 Y-254.6965 F12000.0
G1 X154.1425 Y-255.1276 F12000.0
G1 X154.4119 Y-255.5049 F12000.0
G1 X151.2321 Y-255.1276 F12000.0
G1 X155.7054 Y-255.1276 F12000.0
G1 Z0.0000 F8000.0
G0 X153.2702 Y-254.9120 F15000.0
G1 Z11.9000 F8000.0
G1 X152.6973 Y-254.9120 F12000.0
G1 Z0.0000 F8000.0
G0 X153.0815 Y-255.2893 F15000.0
G1 Z11.9000 F8000.0
G1 X152.5086 Y-255.2893 F12000.0
G1 Z0.0000 F8000.0
G0 X146.8126 Y-255.1276 F15000.0
G1 Z11.9000 F8000.0
G1 X151.2321 Y-255.1276 F12000.0
G1 Z0.0000 F8000.0
G0 X146.8126 Y-252.7023 F15000.0
G1 Z11.9000 F8000.0
G1 X146.8126 Y-256.3672 F12000.0
G1 Z0.0000 F8000.0
G0 X146.8126 Y-255.1276 F15000.0
G1 Z11.9000 F8000.0
G1 X138.5127 Y-255.1276 F12000.0
G1 Z0.0000 F8000.0
G0 X151.2321 Y-252.7023 F15000.0
G1 Z11.9000 F8000.0
G1 X151.2321 Y-256.3672 F12000.0
G1 Z0.0000 F8000.0
G0 X150.3264 Y-230.5589 F15000.0
G1 Z11.9000 F8000.0
G1 X148.5035 Y-230.4720 F12000.0
G1 Z0.0000 F8000.0
G0 X65.5914 Y-121.1961 F15000.0
G1 Z11.9000 F8000.0
G1 X64.1362 Y-119.6871 F12000.0
G1 Z0.0000 F8000.0
G0 X67.4239 Y-121.1961 F15000.0
G1 Z11.9000 F8000.0
G1 X64.1362 Y-117.9085 F12000.0
G1 Z0.0000 F8000.0
G0 X69.2024 Y-121.1961 F15000.0
G1 Z11.9000 F8000.0
G1 X64.1362 Y-116.0760 F12000.0
G1 Z0.0000 F8000.0
G0 X70.9810 Y-121.1961 F15000.0
G1 Z11.9000 F8000.0
G1 X64.1362 Y-114.2975 F12000.0
G1 Z0.0000 F8000.0
G0 X72.8135 Y-121.1961 F15000.0
G1 Z11.9000 F8000.0
G1 X64.1362 Y-112.4650 F12000.0
G1 Z0.0000 F8000.0
G0 X74.5921 Y-121.1961 F15000.0
G1 Z11.9000 F8000.0
G1 X64.1362 Y-110.6864 F12000.0
G1 Z0.0000 F8000.0
G0 X76.4245 Y-121.1961 F15000.0
G1 Z11.9000 F8000.0
G1 X64.9446 Y-109.7163 F12000.0
G1 Z0.0000 F8000.0
G0 X76.8557 Y-119.7949 F15000.0
G1 Z11.9000 F8000.0
G1 X65.9148 Y-108.9079 F12000.0
G1 Z0.0000 F8000.0
G0 X78.0953 Y-119.2559 F15000.0
G1 Z11.9000 F8000.0
G1 X66.0226 Y-107.1832 F12000.0
G1 Z0.0000 F8000.0
G0 X79.8738 Y-119.2559 F15000.0
G1 Z11.9000 F8000.0
G1 X66.0226 Y-105.4046 F12000.0
G1 Z0.0000 F8000.0
G0 X80.6823 Y-118.2319 F15000.0
G1 Z11.9000 F8000.0
G1 X66.0226 Y-103.5722 F12000.0
G1 Z0.0000 F8000.0
G0 X80.6823 Y-116.4533 F15000.0
G1 Z11.9000 F8000.0
G1 X66.0226 Y-101.7936 F12000.0
G1 Z0.0000 F8000.0
G0 X80.6823 Y-114.6209 F15000.0
G1 Z11.9000 F8000.0
G1 X66.0226 Y-100.0150 F12000.0
G1 Z0.0000 F8000.0
G0 X80.6823 Y-112.8423 F15000.0
G1 Z11.9000 F8000.0
G1 X66.0226 Y-98.1826 F12000.0
G1 Z0.0000 F8000.0
G0 X80.6823 Y-111.0098 F15000.0
G1 Z11.9000 F8000.0
G1 X66.0226 Y-96.4040 F12000.0
G1 Z0.0000 F8000.0
G0 X80.6823 Y-109.2312 F15000.0
G1 Z11.9000 F8000.0
G1 X66.0226 Y-94.5715 F12000.0
G1 Z0.0000 F8000.0
G0 X80.6823 Y-107.4527 F15000.0
G1 Z11.9000 F8000.0
G1 X66.0226 Y-92.7930 F12000.0
G1 Z0.0000 F8000.0
G0 X80.6823 Y-105.6202 F15000.0
G1 Z11.9000 F8000.0
G1 X66.0226 Y-90.9605 F12000.0
G1 Z0.0000 F8000.0
G0 X80.6823 Y-103.8417 F15000.0
G1 Z11.9000 F8000.0
G1 X66.0226 Y-89.1819 F12000.0
G1 Z0.0000 F8000.0
G0 X80.6823 Y-102.0092 F15000.0
G1 Z11.9000 F8000.0
G1 X66.0226 Y-87.4034 F12000.0
G1 Z0.0000 F8000.0
G0 X80.6823 Y-100.2306 F15000.0
G1 Z11.9000 F8000.0
G1 X66.0226 Y-85.5709 F12000.0
G1 Z0.0000 F8000.0
G0 X80.6823 Y-98.4521 F15000.0
G1 Z11.9000 F8000.0
G1 X66.0226 Y-83.7924 F12000.0
G1 Z0.0000 F8000.0
G0 X80.6823 Y-96.6196 F15000.0
G1 Z11.9000 F8000.0
G1 X66.0226 Y-81.9599 F12000.0
G1 Z0.0000 F8000.0
G0 X80.6823 Y-94.8410 F15000.0
G1 Z11.9000 F8000.0
G1 X66.0226 Y-80.1813 F12000.0
G1 Z0.0000 F8000.0
G0 X80.6823 Y-93.0086 F15000.0
G1 Z11.9000 F8000.0
G1 X66.0226 Y-78.4028 F12000.0
G1 Z0.0000 F8000.0
G0 X80.6823 Y-91.2300 F15000.0
G1 Z11.9000 F8000.0
G1 X66.0226 Y-76.5703 F12000.0
G1 Z0.0000 F8000.0
G0 X80.6823 Y-89.3975 F15000.0
G1 Z11.9000 F8000.0
G1 X66.0226 Y-74.7918 F12000.0
G1 Z0.0000 F8000.0
G0 X80.6823 Y-87.6190 F15000.0
G1 Z11.9000 F8000.0
G1 X66.0226 Y-72.9593 F12000.0
G1 Z0.0000 F8000.0
G0 X80.6823 Y-85.8404 F15000.0
G1 Z11.9000 F8000.0
G1 X71.7355 Y-76.8937 F12000.0
G1 Z0.0000 F8000.0
G0 X70.8193 Y-76.0313 F15000.0
G1 Z11.9000 F8000.0
G1 X66.0226 Y-71.1807 F12000.0
G1 Z0.0000 F8000.0
G0 X70.8193 Y-74.1450 F15000.0
G1 Z11.9000 F8000.0
G1 X66.0226 Y-69.4021 F12000.0
G1 Z0.0000 F8000.0
G0 X81.1674 Y-84.4930 F15000.0
G1 Z11.9000 F8000.0
G1 X73.5680 Y-76.9476 F12000.0
G1 Z0.0000 F8000.0
G0 X82.2452 Y-83.7924 F15000.0
G1 Z11.9000 F8000.0
G1 X75.3466 Y-76.9476 F12000.0
G1 Z0.0000 F8000.0
G0 X70.8193 Y-72.3664 F15000.0
G1 Z11.9000 F8000.0
G1 X66.0226 Y-67.5697 F12000.0
G1 Z0.0000 F8000.0
G0 X70.8193 Y-70.5340 F15000.0
G1 Z11.9000 F8000.0
G1 X66.0226 Y-65.7911 F12000.0
G1 Z0.0000 F8000.0
G0 X82.2452 Y-82.0138 F15000.0
G1 Z11.9000 F8000.0
G1 X77.1791 Y-76.9476 F12000.0
G1 Z0.0000 F8000.0
G0 X82.2452 Y-80.2352 F15000.0
G1 Z11.9000 F8000.0
G1 X78.9576 Y-76.9476 F12000.0
G1 Z0.0000 F8000.0
G0 X70.8193 Y-68.7554 F15000.0
G1 Z11.9000 F8000.0
G1 X66.0226 Y-63.9587 F12000.0
G1 Z0.0000 F8000.0
G0 X70.8193 Y-66.9768 F15000.0
G1 Z11.9000 F8000.0
G1 X66.0226 Y-62.1801 F12000.0
G1 Z0.0000 F8000.0
G0 X70.8193 Y-65.1443 F15000.0
G1 Z11.9000 F8000.0
G1 X66.0226 Y-60.4015 F12000.0
G1 Z0.0000 F8000.0
G0 X70.8193 Y-63.3658 F15000.0
G1 Z11.9000 F8000.0
G1 X66.0226 Y-58.5691 F12000.0
G1 Z0.0000 F8000.0
G0 X70.8193 Y-61.5334 F15000.0
G1 Z11.9000 F8000.0
G1 X66.0226 Y-56.7905 F12000.0
G1 Z0.0000 F8000.0
G0 X61.5492 Y-50.5386 F15000.0
G1 Z11.9000 F8000.0
G1 X60.3096 Y-49.2451 F12000.0
G1 Z0.0000 F8000.0
G0 X71.3583 Y-60.2937 F15000.0
G1 Z11.9000 F8000.0
G1 X66.0226 Y-54.9580 F12000.0
G1 Z0.0000 F8000.0
G0 X72.9213 Y-60.0782 F15000.0
G1 Z11.9000 F8000.0
G1 X66.0226 Y-53.1794 F12000.0
G1 Z0.0000 F8000.0
G0 X63.3817 Y-50.5386 F15000.0
G1 Z11.9000 F8000.0
G1 X60.3096 Y-47.4665 F12000.0
G1 Z0.0000 F8000.0
G0 X65.1602 Y-50.5386 F15000.0
G1 Z11.9000 F8000.0
G1 X60.3096 Y-45.6340 F12000.0
G1 Z0.0000 F8000.0
G0 X73.6758 Y-59.0002 F15000.0
G1 Z11.9000 F8000.0
G1 X66.0226 Y-51.4009 F12000.0
G1 Z0.0000 F8000.0
G0 X73.6758 Y-57.2216 F15000.0
G1 Z11.9000 F8000.0
G1 X61.2258 Y-44.7717 F12000.0
G1 Z0.0000 F8000.0
G0 X73.6758 Y-55.3892 F15000.0
G1 Z11.9000 F8000.0
G1 X63.0044 Y-44.7717 F12000.0
G1 Z0.0000 F8000.0
G0 X73.6758 Y-53.6106 F15000.0
G1 Z11.9000 F8000.0
G1 X64.8369 Y-44.7717 F12000.0
G1 Z0.0000 F8000.0
G0 X73.6758 Y-51.8321 F15000.0
G1 Z11.9000 F8000.0
G1 X66.6154 Y-44.7717 F12000.0
G1 Z0.0000 F8000.0
G0 X73.6758 Y-49.9996 F15000.0
G1 Z11.9000 F8000.0
G1 X68.4479 Y-44.7717 F12000.0
G1 Z0.0000 F8000.0
G0 X73.6758 Y-48.2210 F15000.0
G1 Z11.9000 F8000.0
G1 X70.2265 Y-44.7717 F12000.0
G1 Z0.0000 F8000.0
G0 X73.6758 Y-46.3885 F15000.0
G1 Z11.9000 F8000.0
G1 X72.0589 Y-44.7717 F12000.0
G1 Z0.0000 F8000.0
G0 X148.5373 Y-252.7023 F15000.0
G1 Z11.9000 F8000.0
G1 X146.8126 Y-250.9776 F12000.0
G1 Z0.0000 F8000.0
G0 X144.5490 Y-246.9354 F15000.0
G1 Z11.9000 F8000.0
G1 X141.6925 Y-244.0790 F12000.0
G1 Z0.0000 F8000.0
G0 X150.3159 Y-252.7023 F15000.0
G1 Z11.9000 F8000.0
G1 X146.8126 Y-249.1991 F12000.0
G1 Z0.0000 F8000.0
G0 X151.2321 Y-251.8399 F15000.0
G1 Z11.9000 F8000.0
G1 X141.8542 Y-242.4621 F12000.0
G1 Z0.0000 F8000.0
G0 X151.2321 Y-250.0614 F15000.0
G1 Z11.9000 F8000.0
G1 X142.2853 Y-241.0608 F12000.0
G1 Z0.0000 F8000.0
G0 X151.2321 Y-248.2290 F15000.0
G1 Z11.9000 F8000.0
G1 X142.7165 Y-239.7134 F12000.0
G1 Z0.0000 F8000.0
G0 X152.1483 Y-247.3127 F15000.0
G1 Z11.9000 F8000.0
G1 X144.1717 Y-239.3900 F12000.0
G1 Z0.0000 F8000.0
G0 X153.6035 Y-246.9894 F15000.0
G1 Z11.9000 F8000.0
G1 X147.0282 Y-240.4140 F12000.0
G1 Z0.0000 F8000.0
G0 X154.9509 Y-246.5582 F15000.0
G1 Z11.9000 F8000.0
G1 X149.0224 Y-240.6296 F12000.0
G1 Z0.0000 F8000.0
G0 X154.7353 Y-244.5101 F15000.0
G1 Z11.9000 F8000.0
G1 X150.6931 Y-240.4679 F12000.0
G1 Z0.0000 F8000.0
G0 X154.8431 Y-242.8393 F15000.0
G1 Z11.9000 F8000.0
G1 X152.1483 Y-240.0906 F12000.0
G1 Z0.0000 F8000.0
G0 X155.2204 Y-241.3841 F15000.0
G1 Z11.9000 F8000.0
G1 X153.4418 Y-239.6056 F12000.0
G1 Z0.0000 F8000.0
G0 X155.6516 Y-240.0368 F15000.0
G1 Z11.9000 F8000.0
G1 X154.5736 Y-238.9588 F12000.0
G1 Z0.0000 F8000.0
G0 X155.9750 Y-238.5277 F15000.0
G1 Z11.9000 F8000.0
G1 X155.5977 Y-238.2043 F12000.0
G1 Z0.0000 F8000.0
G0 X125.4159 Y-121.1961 F15000.0
G1 Z11.9000 F8000.0
G1 X125.8471 Y-124.3760 F12000.0
G1 X125.4159 Y-124.0527 F12000.0
G1 X124.9848 Y-124.3760 F12000.0
G1 X125.4159 Y-121.1961 F12000.0
G1 Z0.0000 F8000.0
G0 X125.6045 Y-122.6613 F15000.0
G1 Z11.9000 F8000.0
G1 X125.6045 Y-123.2342 F12000.0
G1 Z0.0000 F8000.0
G0 X125.2003 Y-122.4727 F15000.0
G1 Z11.9000 F8000.0
G1 X125.2003 Y-123.0456 F12000.0
G1 Z0.0000 F8000.0
G0 X125.4159 Y-120.1722 F15000.0
G1 Z11.9000 F8000.0
G1 X124.9848 Y-116.9923 F12000.0
G1 X125.4159 Y-117.3156 F12000.0
G1 X125.8471 Y-116.9923 F12000.0
G1 X125.4159 Y-120.1722 F12000.0
G1 X125.4159 Y-115.6987 F12000.0
G1 Z0.0000 F8000.0
G0 X125.2003 Y-118.2688 F15000.0
G1 Z11.9000 F8000.0
G1 X125.2003 Y-118.8417 F12000.0
G1 Z0.0000 F8000.0
G0 X125.6045 Y-118.0801 F15000.0
G1 Z11.9000 F8000.0
G1 X125.6045 Y-118.6531 F12000.0
G1 Z0.0000 F8000.0
G0 X125.4159 Y-121.1961 F15000.0
G1 Z11.9000 F8000.0
G1 X125.4159 Y-120.1722 F12000.0
G1 Z0.0000 F8000.0
G0 X125.4159 Y-121.1961 F15000.0
G1 Z11.9000 F8000.0
G1 X125.4159 Y-141.4071 F12000.0
G1 Z0.0000 F8000.0
G0 X108.4926 Y-120.1722 F15000.0
G1 Z11.9000 F8000.0
G1 X126.6555 Y-120.1722 F12000.0
G1 Z0.0000 F8000.0
G0 X122.8005 Y-135.5340 F15000.0
G1 Z11.9000 F8000.0
G1 X122.6269 Y-134.9553 F12000.0
G1 X123.3792 Y-134.8974
G1 X123.3503 Y-134.7238
G1 X122.6847 Y-133.5664
G1 Z0.0000 F8000.0
G0 X122.4822 Y-133.1902 F15000.0
G1 Z11.9000 F8000.0
G1 X122.1929 Y-132.6694 F12000.0
G1 Z0.0000 F8000.0
G0 X122.0482 Y-134.8974 F15000.0
G1 Z11.9000 F8000.0
G1 X122.4822 Y-134.9263 F12000.0
G1 X122.2797 Y-134.2608
G1 Z0.0000 F8000.0
G0 X101.4322 Y-131.5442 F15000.0
G1 Z11.9000 F8000.0
G1 X104.6121 Y-131.9754 F12000.0
G1 X104.2887 Y-131.5442 F12000.0
G1 X104.6121 Y-131.1130 F12000.0
G1 X101.4322 Y-131.5442 F12000.0
G1 Z0.0000 F8000.0
G0 X103.2817 Y-131.7328 F15000.0
G1 Z11.9000 F8000.0
G1 X102.7088 Y-131.7328 F12000.0
G1 Z0.0000 F8000.0
G0 X103.4703 Y-131.3286 F15000.0
G1 Z11.9000 F8000.0
G1 X102.8974 Y-131.3286 F12000.0
G1 Z0.0000 F8000.0
G0 X109.0854 Y-131.5442 F15000.0
G1 Z11.9000 F8000.0
G1 X105.9056 Y-131.1130 F12000.0
G1 X106.2290 Y-131.5442 F12000.0
G1 X105.9056 Y-131.9754 F12000.0
G1 X109.0854 Y-131.5442 F12000.0
G1 Z0.0000 F8000.0
G0 X107.5664 Y-131.3286 F15000.0
G1 Z11.9000 F8000.0
G1 X106.9935 Y-131.3286 F12000.0
G1 Z0.0000 F8000.0
G0 X107.7820 Y-131.7328 F15000.0
G1 Z11.9000 F8000.0
G1 X107.2090 Y-131.7328 F12000.0
G1 Z0.0000 F8000.0
G0 X101.4322 Y-131.5442 F15000.0
G1 Z11.9000 F8000.0
G1 X109.0854 Y-131.5442 F12000.0
G1 Z0.0000 F8000.0
G0 X101.4322 Y-120.7650 F15000.0
G1 Z11.9000 F8000.0
G1 X101.4322 Y-132.8377 F12000.0
G1 Z0.0000 F8000.0
G0 X109.0854 Y-131.5442 F15000.0
G1 Z11.9000 F8000.0
G1 X125.3620 Y-131.5442 F12000.0
G1 Z0.0000 F8000.0
G0 X109.0854 Y-120.7650 F15000.0
G1 Z11.9000 F8000.0
G1 X109.0854 Y-132.8377 F12000.0
G1 Z0.0000 F8000.0
G0 X136.1951 Y-121.1961 F15000.0
G1 Z11.9000 F8000.0
G1 X136.6263 Y-118.0163 F12000.0
G1 X136.1951 Y-118.2858 F12000.0
G1 X135.7640 Y-118.0163 F12000.0
G1 X136.1951 Y-121.1961 F12000.0
G1 Z0.0000 F8000.0
G0 X136.3837 Y-119.1042 F15000.0
G1 Z11.9000 F8000.0
G1 X136.3837 Y-119.6771 F12000.0
G1 Z0.0000 F8000.0
G0 X135.9795 Y-119.2928 F15000.0
G1 Z11.9000 F8000.0
G1 X135.9795 Y-119.8657 F12000.0
G1 Z0.0000 F8000.0
G0 X136.1951 Y-106.5365 F15000.0
G1 Z11.9000 F8000.0
G1 X135.7640 Y-109.7163 F12000.0
G1 X136.1951 Y-109.3929 F12000.0
G1 X136.6263 Y-109.7163 F12000.0
G1 X136.1951 Y-106.5365 F12000.0
G1 Z0.0000 F8000.0
G0 X135.9795 Y-107.8130 F15000.0
G1 Z11.9000 F8000.0
G1 X135.9795 Y-108.3859 F12000.0
G1 Z0.0000 F8000.0
G0 X136.3837 Y-108.0016 F15000.0
G1 Z11.9000 F8000.0
G1 X136.3837 Y-108.5745 F12000.0
G1 Z0.0000 F8000.0
G0 X136.1951 Y-121.1961 F15000.0
G1 Z11.9000 F8000.0
G1 X136.1951 Y-106.5365 F12000.0
G1 Z0.0000 F8000.0
G0 X108.4926 Y-106.5365 F15000.0
G1 Z11.9000 F8000.0
G1 X137.4347 Y-106.5365 F12000.0
G1 Z0.0000 F8000.0
G0 X130.1049 Y-121.1961 F15000.0
G1 Z11.9000 F8000.0
G1 X130.5360 Y-118.0163 F12000.0
G1 X130.1049 Y-118.2858 F12000.0
G1 X129.6737 Y-118.0163 F12000.0
G1 X130.1049 Y-121.1961 F12000.0
G1 Z0.0000 F8000.0
G0 X130.2935 Y-119.1042 F15000.0
G1 Z11.9000 F8000.0
G1 X130.2935 Y-119.6771 F12000.0
G1 Z0.0000 F8000.0
G0 X129.8893 Y-119.2928 F15000.0
G1 Z11.9000 F8000.0
G1 X129.8893 Y-119.8657 F12000.0
G1 Z0.0000 F8000.0
G0 X130.1049 Y-108.4228 F15000.0
G1 Z11.9000 F8000.0
G1 X129.6737 Y-111.6027 F12000.0
G1 X130.1049 Y-111.2793 F12000.0
G1 X130.5360 Y-111.6027 F12000.0
G1 X130.1049 Y-108.4228 F12000.0
G1 Z0.0000 F8000.0
G0 X129.8893 Y-109.6994 F15000.0
G1 Z11.9000 F8000.0
G1 X129.8893 Y-110.2723 F12000.0
G1 Z0.0000 F8000.0
G0 X130.2935 Y-109.8880 F15000.0
G1 Z11.9000 F8000.0
G1 X130.2935 Y-110.4609 F12000.0
G1 Z0.0000 F8000.0
G0 X130.1049 Y-121.1961 F15000.0
G1 Z11.9000 F8000.0
G1 X130.1049 Y-108.4228 F12000.0
G1 Z0.0000 F8000.0
G0 X108.4387 Y-108.4228 F15000.0
G1 Z11.9000 F8000.0
G1 X131.3445 Y-108.4228 F12000.0
G1 Z0.0000 F8000.0
G0 X99.8153 Y-121.1961 F15000.0
G1 Z11.9000 F8000.0
G1 X99.4919 Y-120.8189 F12000.0
G1 Z0.0000 F8000.0
G0 X101.3244 Y-120.8728 F15000.0
G1 Z11.9000 F8000.0
G1 X99.1686 Y-118.7170 F12000.0
G1 Z0.0000 F8000.0
G0 X102.0251 Y-119.7949 F15000.0
G1 Z11.9000 F8000.0
G1 X99.0608 Y-116.7767 F12000.0
G1 Z0.0000 F8000.0
G0 X102.0251 Y-118.0163 F15000.0
G1 Z11.9000 F8000.0
G1 X99.0608 Y-114.9981 F12000.0
G1 Z0.0000 F8000.0
G0 X102.0251 Y-116.1838 F15000.0
G1 Z11.9000 F8000.0
G1 X99.1686 Y-113.3273 F12000.0
G1 Z0.0000 F8000.0
G0 X102.0251 Y-114.4052 F15000.0
G1 Z11.9000 F8000.0
G1 X99.2764 Y-111.6566 F12000.0
G1 Z0.0000 F8000.0
G0 X110.4867 Y-121.0345 F15000.0
G1 Z11.9000 F8000.0
G1 X108.4926 Y-119.0403 F12000.0
G1 Z0.0000 F8000.0
G0 X102.0251 Y-112.5728 F15000.0
G1 Z11.9000 F8000.0
G1 X99.5459 Y-110.0936 F12000.0
G1 Z0.0000 F8000.0
G0 X102.0251 Y-110.7943 F15000.0
G1 Z11.9000 F8000.0
G1 X99.7615 Y-108.5306 F12000.0
G1 Z0.0000 F8000.0
G0 X110.8101 Y-119.5254 F15000.0
G1 Z11.9000 F8000.0
G1 X108.4926 Y-117.2079 F12000.0
G1 Z0.0000 F8000.0
G0 X111.0257 Y-117.9624 F15000.0
G1 Z11.9000 F8000.0
G1 X108.4926 Y-115.4293 F12000.0
G1 Z0.0000 F8000.0
G0 X102.0251 Y-109.0157 F15000.0
G1 Z11.9000 F8000.0
G1 X100.1387 Y-107.0754 F12000.0
G1 Z0.0000 F8000.0
G0 X102.0251 Y-107.1832 F15000.0
G1 Z11.9000 F8000.0
G1 X100.5160 Y-105.6741 F12000.0
G1 Z0.0000 F8000.0
G0 X111.1335 Y-116.2916 F15000.0
G1 Z11.9000 F8000.0
G1 X108.4926 Y-113.6507 F12000.0
G1 Z0.0000 F8000.0
G0 X111.1335 Y-114.5131 F15000.0
G1 Z11.9000 F8000.0
G1 X108.4926 Y-111.8182 F12000.0
G1 Z0.0000 F8000.0
G0 X102.7796 Y-106.1053 F15000.0
G1 Z11.9000 F8000.0
G1 X101.0550 Y-104.4345 F12000.0
G1 Z0.0000 F8000.0
G0 X103.9114 Y-105.4586 F15000.0
G1 Z11.9000 F8000.0
G1 X101.8634 Y-103.4105 F12000.0
G1 Z0.0000 F8000.0
G0 X111.0796 Y-112.6267 F15000.0
G1 Z11.9000 F8000.0
G1 X108.4926 Y-110.0397 F12000.0
G1 Z0.0000 F8000.0
G0 X110.9179 Y-110.6864 F15000.0
G1 Z11.9000 F8000.0
G1 X108.4926 Y-108.2073 F12000.0
G1 Z0.0000 F8000.0
G0 X105.0432 Y-104.8118 F15000.0
G1 Z11.9000 F8000.0
G1 X102.9413 Y-102.7099 F12000.0
G1 Z0.0000 F8000.0
G0 X110.7562 Y-108.6923 F15000.0
G1 Z11.9000 F8000.0
G1 X104.3965 Y-102.3326 F12000.0
G1 Z0.0000 F8000.0
G0 X110.4329 Y-106.5904 F15000.0
G1 Z11.9000 F8000.0
G1 X106.1751 Y-102.3326 F12000.0
G1 Z0.0000 F8000.0
G0 X180.0000 Y-105.8258 F15000.0
G1 Z11.9000 F8000.0
G1 X178.7730 Y-105.6741 F12000.0
G1 X179.2580 Y-106.2670 F12000.0
G1 X178.7730 Y-106.9137 F12000.0
G1 X180.0000 Y-106.7483 F12000.0
G1 Z0.0000 F8000.0
G0 X179.2041 Y-105.7280 F15000.0
G1 Z11.9000 F8000.0
G1 X178.7730 Y-105.7280 F12000.0
G1 Z0.0000 F8000.0
G0 X180.0000 Y-105.8358 F15000.0
G1 Z11.9000 F8000.0
G1 X178.8807 Y-105.8358 F12000.0
G1 Z0.0000 F8000.0
G0 X180.0000 Y-105.9975 F15000.0
G1 Z11.9000 F8000.0
G1 X178.9885 Y-105.9975 F12000.0
G1 Z0.0000 F8000.0
G0 X180.0000 Y-106.4287 F15000.0
G1 Z11.9000 F8000.0
G1 X179.0963 Y-106.4287 F12000.0
G1 Z0.0000 F8000.0
G0 X180.0000 Y-106.5904 F15000.0
G1 Z11.9000 F8000.0
G1 X178.9885 Y-106.5904 F12000.0
G1 Z0.0000 F8000.0
G0 X179.9586 Y-106.7521 F15000.0
G1 Z11.9000 F8000.0
G1 X178.8807 Y-106.7521 F12000.0
G1 Z0.0000 F8000.0
G0 X179.1502 Y-106.8598 F15000.0
G1 Z11.9000 F8000.0
G1 X178.7730 Y-106.8598 F12000.0
G1 Z0.0000 F8000.0
G0 X180.0000 Y-106.2670 F15000.0
G1 Z11.9000 F8000.0
G1 X173.9762 Y-106.2670 F12000.0
G1 Z0.0000 F8000.0
G0 X111.2952 Y-65.7911 F15000.0
G1 Z11.9000 F8000.0
G1 X108.0614 Y-65.8450 F12000.0
G1 X108.4387 Y-66.2223 F12000.0
G1 X108.2231 Y-66.7074 F12000.0
G1 X111.2952 Y-65.7911 F12000.0
G1 Z0.0000 F8000.0
G0 X109.7761 Y-66.0067 F15000.0
G1 Z11.9000 F8000.0
G1 X109.2032 Y-66.0067 F12000.0
G1 Z0.0000 F8000.0
G0 X109.9378 Y-66.2223 F15000.0
G1 Z11.9000 F8000.0
G1 X109.3649 Y-66.2223 F12000.0
G1 Z0.0000 F8000.0
G0 X86.7725 Y-69.6177 F15000.0
G1 Z11.9000 F8000.0
G1 X111.2952 Y-65.7911 F12000.0
G1 Z0.0000 F8000.0
G0 X108.3309 Y-57.9223 F15000.0
G1 Z11.9000 F8000.0
G1 X109.3549 Y-59.7548 F12000.0
G1 X110.2173 Y-61.6950 F12000.0
G1 X110.8640 Y-63.6891 F12000.0
G1 X111.2952 Y-65.7372 F12000.0
G1 X111.4569 Y-67.0307 F12000.0
G1 Z0.0000 F8000.0
G0 X111.2952 Y-65.7911 F15000.0
G1 Z11.9000 F8000.0
G1 X120.0263 Y-64.4437 F12000.0
G1 X129.8354 Y-64.4437 F12000.0
G1 Z0.0000 F8000.0
G0 X0.0000 Y-233.0150 F15000.0
G1 Z11.9000 F8000.0
G1 X0.0000 Y-272.4821 F12000.0
G1 Z0.0000 F8000.0
G0 X117.7627 Y-237.5036 F15000.0
G1 Z11.9000 F8000.0
G1 X0.0000 Y-237.5036 F12000.0
G1 Z0.0000 F8000.0
G0 X117.7627 Y-243.8634 F15000.0
G1 Z11.9000 F8000.0
G1 X76.4245 Y-243.8634 F12000.0
G1 Z0.0000 F8000.0
G0 X117.7627 Y-247.0432 F15000.0
G1 Z11.9000 F8000.0
G1 X76.4245 Y-247.0432 F12000.0
G1 Z0.0000 F8000.0
G0 X117.7627 Y-256.5828 F15000.0
G1 Z11.9000 F8000.0
G1 X76.4245 Y-256.5828 F12000.0
G1 Z0.0000 F8000.0
G0 X117.7627 Y-259.7626 F15000.0
G1 Z11.9000 F8000.0
G1 X76.4245 Y-259.7626 F12000.0
G1 Z0.0000 F8000.0
G0 X117.7627 Y-262.9426 F15000.0
G1 Z11.9000 F8000.0
G1 X76.4245 Y-262.9426 F12000.0
G1 Z0.0000 F8000.0
G0 X117.7627 Y-266.1224 F15000.0
G1 Z11.9000 F8000.0
G1 X76.4245 Y-266.1224 F12000.0
G1 Z0.0000 F8000.0
G0 X117.7627 Y-269.3022 F15000.0
G1 Z11.9000 F8000.0
G1 X76.4245 Y-269.3022 F12000.0
G1 Z0.0000 F8000.0
G0 X117.7627 Y-272.4821 F15000.0
G1 Z11.9000 F8000.0
G1 X117.7627 Y-237.5036 F12000.0
G1 Z0.0000 F8000.0
G0 X117.7627 Y-240.6835 F15000.0
G1 Z11.9000 F8000.0
G1 X76.4245 Y-240.6835 F12000.0
G1 Z0.0000 F8000.0
G0 X106.9835 Y-272.4821 F15000.0
G1 Z11.9000 F8000.0
G1 X106.9835 Y-237.5036 F12000.0
G1 Z0.0000 F8000.0
G0 X92.3238 Y-272.4821 F15000.0
G1 Z11.9000 F8000.0
G1 X92.3238 Y-237.5036 F12000.0
G1 Z0.0000 F8000.0
G0 X82.7842 Y-272.4821 F15000.0
G1 Z11.9000 F8000.0
G1 X82.7842 Y-237.5036 F12000.0
G1 Z0.0000 F8000.0
G0 X76.4245 Y-272.4821 F15000.0
G1 Z11.9000 F8000.0
G1 X76.4245 Y-237.5036 F12000.0
G1 Z0.0000 F8000.0
G0 X31.8525 Y-272.4821 F15000.0
G1 Z11.9000 F8000.0
G1 X31.8525 Y-247.0432 F12000.0
G1 Z0.0000 F8000.0
G0 X22.3129 Y-259.7626 F15000.0
G1 Z11.9000 F8000.0
G1 X22.3129 Y-247.0432 F12000.0
G1 Z0.0000 F8000.0
G0 X11.4798 Y-259.7626 F15000.0
G1 Z11.9000 F8000.0
G1 X11.4798 Y-247.0432 F12000.0
G1 Z0.0000 F8000.0
G0 X117.7627 Y-250.2231 F15000.0
G1 Z11.9000 F8000.0
G1 X76.4245 Y-250.2231 F12000.0
G1 Z0.0000 F8000.0
G0 X117.7627 Y-253.4030 F15000.0
G1 Z11.9000 F8000.0
G1 X76.4245 Y-253.4030 F12000.0
G1 Z0.0000 F8000.0
G0 X31.8525 Y-262.9426 F15000.0
G1 Z11.9000 F8000.0
G1 X0.0000 Y-262.9426 F12000.0
G1 Z0.0000 F8000.0
G0 X22.3129 Y-250.2231 F15000.0
G1 Z11.9000 F8000.0
G1 X0.0000 Y-250.2231 F12000.0
G1 Z0.0000 F8000.0
G0 X31.8525 Y-250.2231 F15000.0
G1 Z11.9000 F8000.0
G1 X22.3129 Y-250.2231 F12000.0
G1 Z0.0000 F8000.0
G0 X76.4245 Y-247.0432 F15000.0
G1 Z11.9000 F8000.0
G1 X0.0000 Y-247.0432 F12000.0
G1 Z0.0000 F8000.0
G0 X76.4245 Y-262.9426 F15000.0
G1 Z11.9000 F8000.0
G1 X31.8525 Y-262.9426 F12000.0
G1 Z0.0000 F8000.0
G0 X31.8525 Y-259.7626 F15000.0
G1 Z11.9000 F8000.0
G1 X0.0000 Y-259.7626 F12000.0
G1 Z0.0000 F8000.0
G0 X18.7558 Y-262.9426 F15000.0
G1 Z11.9000 F8000.0
G1 X18.7558 Y-259.7626 F12000.0
G1 Z0.0000 F8000.0
G0 X28.6727 Y-259.7626 F15000.0
G1 Z11.9000 F8000.0
G1 X28.6727 Y-250.2231 F12000.0
G1 Z0.0000 F8000.0
G0 X25.4928 Y-259.7626 F15000.0
G1 Z11.9000 F8000.0
G1 X25.4928 Y-250.2231 F12000.0
G1 Z0.0000 F8000.0
G0 X113.3433 Y-253.4030 F15000.0
G1 Z11.9000 F8000.0
G1 X113.3433 Y-237.5036 F12000.0
G1 Z0.0000 F8000.0
G0 X4.9966 Y-256.2986 F15000.0
G1 Z11.9000 F8000.0
G1 X4.0418 Y-253.6366 F12000.0
G1 X3.8682 Y-253.4051
G1 Z0.0000 F8000.0
G0 X4.8809 Y-254.0995 F15000.0
G1 Z11.9000 F8000.0
G1 X4.7651 Y-253.9838 F12000.0
G1 Z0.0000 F8000.0
G0 X4.2732 Y-253.6655 F15000.0
G1 Z11.9000 F8000.0
G1 X4.0707 Y-253.6076 F12000.0
G1 Z0.0000 F8000.0
G0 X3.7960 Y-262.2599 F15000.0
G1 Z11.9000 F8000.0
G1 X3.1305 Y-260.5238 F12000.0
G1 Z0.0000 F8000.0
G0 X3.5645 Y-260.6106 F15000.0
G1 Z11.9000 F8000.0
G1 X3.4198 Y-260.5238 F12000.0
G1 Z0.0000 F8000.0
G0 X109.8778 Y-224.6661 F15000.0
G1 Z11.9000 F8000.0
G1 X109.9007 Y-222.9907 F12000.0
G1 X110.3234 Y-223.2019
G1 Z0.0000 F8000.0
G0 X106.8482 Y-222.6290 F15000.0
G1 Z11.9000 F8000.0
G1 X106.8268 Y-223.0462 F12000.0
G1 X107.0062 Y-223.2763
G1 Z0.0000 F8000.0
G0 X106.8556 Y-223.0620 F15000.0
G1 Z11.9000 F8000.0
G1 X106.6170 Y-223.2378 F12000.0
G1 X106.5214 Y-222.9424
G1 X107.2619 Y-222.9473
G1 Z0.0000 F8000.0
G0 X105.7978 Y-223.7112 F15000.0
G1 Z11.9000 F8000.0
G1 X104.7301 Y-223.6929 F12000.0
G1 X104.4120 Y-223.3384
G1 X104.3940 Y-223.1366
G1 X104.3787 Y-223.1939
G1 X104.4386 Y-222.9688
G1 X104.8278 Y-222.6988
G1 X105.7558 Y-222.7250
G1 X105.7978 Y-224.6661
G1 Z0.0000 F8000.0
G0 X104.7475 Y-223.7430 F15000.0
G1 Z11.9000 F8000.0
G1 X104.3829 Y-223.3951 F12000.0
G1 X103.8720 Y-223.5062
G1 X103.5460 Y-223.3035
G1 X102.8208 Y-223.8579
G1 X103.5854 Y-224.0253
G1 X103.8138 Y-224.1449
G1 X103.9013 Y-224.4448
G1 X103.7451 Y-224.6936
G1 X103.5132 Y-224.7361
G1 X102.8256 Y-224.4900
G1 X102.7663 Y-223.9369
G1 X101.8535 Y-223.2915
G1 X101.4091 Y-223.3981
G1 X101.3340 Y-223.7029
G1 X101.4896 Y-223.9587
G1 X101.6909 Y-223.9912
G1 X101.4645 Y-223.9887
G1 X101.2736 Y-224.3240
G1 X101.4066 Y-224.6777
G1 X101.8758 Y-224.7168
G1 X102.1583 Y-224.4639
G1 X101.8830 Y-224.7297
G1 Z0.0000 F8000.0
G0 X100.6416 Y-224.6979 F15000.0
G1 Z11.9000 F8000.0
G1 X100.5661 Y-223.4604 F12000.0
G1 X99.9023 Y-224.5173
G1 X99.7487 Y-224.3848
G1 X99.4735 Y-223.6964
G1 X99.2352 Y-223.4440
G1 X99.2873 Y-223.6021
G1 X99.1457 Y-224.6661
G1 Z0.0000 F8000.0
G0 X99.8459 Y-224.5069 F15000.0
G1 Z11.9000 F8000.0
G1 X99.9459 Y-224.4966 F12000.0
G1 X100.1960 Y-223.9977
G1 Z0.0000 F8000.0
G0 X98.0954 Y-223.2656 F15000.0
G1 Z11.9000 F8000.0
G1 X97.7708 Y-223.2860 F12000.0
G1 X97.4559 Y-223.5308
G1 X97.3777 Y-223.8841
G1 X98.5224 Y-223.9366
G1 X98.4577 Y-223.6234
G1 X98.2991 Y-223.4000
G1 X98.5231 Y-223.9140
G1 X98.4755 Y-224.3778
G1 X98.3003 Y-224.6290
G1 X98.0021 Y-224.7429
G1 X97.6849 Y-224.6804
G1 X97.4467 Y-224.4983
G1 X97.5327 Y-224.6398
G1 X96.7197 Y-224.5320
G1 X96.6635 Y-223.3789
G1 X96.1705 Y-223.3157
G1 X95.7756 Y-223.3923
G1 X95.6771 Y-223.4957
G1 X95.5627 Y-224.1370
G1 X95.6521 Y-224.4441
G1 X96.0213 Y-224.7426
G1 X96.6236 Y-224.5744
G1 X96.6949 Y-225.3344
G1 Z0.0000 F8000.0
G0 X95.7083 Y-224.5706 F15000.0
G1 Z11.9000 F8000.0
G1 X95.6764 Y-224.5069 F12000.0
G1 Z0.0000 F8000.0
G0 X93.9129 Y-224.1250 F15000.0
G1 Z11.9000 F8000.0
G1 X93.7781 Y-223.3506 F12000.0
G1 X92.9322 Y-224.6722
G1 X92.7786 Y-224.7815
G1 X92.7501 Y-225.1227
G1 X92.9554 Y-224.7463
G1 X93.9942 Y-224.6727
G1 X94.2080 Y-224.7459
G1 X94.2534 Y-225.1087
G1 X93.9447 Y-224.1886
G1 Z0.0000 F8000.0
G0 X92.3533 Y-224.7297 F15000.0
G1 Z11.9000 F8000.0
G1 X91.9866 Y-223.3494 F12000.0
G1 X91.0178 Y-224.6384
G1 X90.4736 Y-224.7314
G1 X90.0732 Y-224.3274
G1 X89.9487 Y-224.0718
G1 X90.3141 Y-223.8162
G1 X90.2275 Y-223.3988
G1 X89.3744 Y-223.3183
G1 X89.3218 Y-223.9938
G1 X89.8317 Y-224.0576
G1 X89.3199 Y-224.0684
G1 X89.2978 Y-224.6979
G1 Z0.0000 F8000.0
G0 X87.5592 Y-224.6342 F15000.0
G1 Z11.9000 F8000.0
G1 X86.9193 Y-224.6652 F12000.0
G1 X86.8152 Y-224.6033
G1 X87.2758 Y-224.7313
G1 X87.6309 Y-224.5360
G1 X87.7699 Y-224.2475
G1 X87.7461 Y-223.7561
G1 X87.5894 Y-223.4365
G1 X87.6454 Y-223.4974
G1 X87.3534 Y-223.2878
G1 X86.9567 Y-223.3030
G1 X86.6987 Y-223.4395
G1 X86.1546 Y-223.3911
G1 X86.1269 Y-224.6979
G1 Z0.0000 F8000.0
G0 X86.6362 Y-224.3478 F15000.0
G1 Z11.9000 F8000.0
G1 X86.7635 Y-224.5706 F12000.0
G1 Z0.0000 F8000.0
G0 X87.3364 Y-224.7297 F15000.0
G1 Z11.9000 F8000.0
G1 X87.4955 Y-224.6661 F12000.0
G1 Z0.0000 F8000.0
G0 X86.0951 Y-223.2974 F15000.0
G1 Z11.9000 F8000.0
G1 X85.0626 Y-224.6405 F12000.0
G1 X84.3921 Y-224.4882
G1 X84.3844 Y-223.3835
G1 X83.9239 Y-223.3114
G1 X83.5209 Y-223.3738
G1 X83.4076 Y-223.4635
G1 X83.2765 Y-224.1779
G1 X83.3832 Y-224.4828
G1 X83.5464 Y-224.6586
G1 X83.7686 Y-224.7448
G1 X84.3563 Y-224.5825
G1 X84.4082 Y-225.3344
G1 Z0.0000 F8000.0
G0 X82.6258 Y-224.6024 F15000.0
G1 Z11.9000 F8000.0
G1 X82.4283 Y-224.7128 F12000.0
G1 X81.5764 Y-224.5542
G1 X81.5118 Y-224.6661
G1 Z0.0000 F8000.0
G0 X81.5436 Y-223.9340 F15000.0
G1 Z11.9000 F8000.0
G1 X81.6468 Y-223.8888 F12000.0
G1 X82.5434 Y-224.1207
G1 X82.6693 Y-224.4488
G1 X82.4118 Y-224.7265
G1 X82.2588 Y-224.7327
G1 X81.5919 Y-224.4691
G1 X81.5593 Y-223.9101
G1 X82.2862 Y-223.2980
G1 X82.6576 Y-223.5521
G1 Z0.0000 F8000.0
G0 X80.8752 Y-223.3611 F15000.0
G1 Z11.9000 F8000.0
G1 X80.8559 Y-223.9210 F12000.0
G1 X80.0477 Y-223.9658
G1 Z0.0000 F8000.0
G0 X80.8752 Y-224.0295 F15000.0
G1 Z11.9000 F8000.0
G1 X80.7724 Y-224.7119 F12000.0
G1 X79.9640 Y-224.6496
G1 X79.8623 Y-224.5349
G1 X79.8215 Y-224.3059
G1 X79.9842 Y-223.9504
G1 X79.9064 Y-223.7323
G1 X79.9651 Y-223.4223
G1 X80.8434 Y-223.2974
G1 Z0.0000 F8000.0
G0 X79.1565 Y-223.4884 F15000.0
G1 Z11.9000 F8000.0
G1 X78.8099 Y-223.2830 F12000.0
G1 X78.4065 Y-223.3358
G1 X78.1512 Y-223.6065
G1 X78.0559 Y-224.0894
G1 X78.2624 Y-224.6102
G1 X78.5542 Y-224.7396
G1 X78.8727 Y-224.7032
G1 X79.2822 Y-224.2117
G1 X79.1816 Y-223.5773
G1 X78.8382 Y-223.2656
G1 Z0.0000 F8000.0
G0 X79.1883 Y-224.4751 F15000.0
G1 Z11.9000 F8000.0
G1 X78.9337 Y-224.6979 F12000.0
G1 Z0.0000 F8000.0
G0 X77.4378 Y-224.6979 F15000.0
G1 Z11.9000 F8000.0
G1 X77.4220 Y-224.0502 F12000.0
G1 X77.0854 Y-223.9404
G1 X76.5466 Y-223.2974
G1 Z0.0000 F8000.0
G0 X76.9285 Y-223.7749 F15000.0
G1 Z11.9000 F8000.0
G1 X76.9922 Y-223.8703 F12000.0
G1 Z0.0000 F8000.0
G0 X77.4378 Y-223.3293 F15000.0
G1 Z11.9000 F8000.0
G1 X77.4185 Y-223.8910 F12000.0
G1 X77.1385 Y-223.9710
G1 X76.4829 Y-224.7934
G1 Z0.0000 F8000.0
G0 X108.1020 Y-229.1211 F15000.0
G1 Z11.9000 F8000.0
G1 X108.1020 Y-231.1581 F12000.0
G1 Z0.0000 F8000.0
G0 X108.1020 Y-230.0441 F15000.0
G1 Z11.9000 F8000.0
G1 X106.5357 Y-230.1009 F12000.0
G1 X105.8776 Y-230.4276
G1 X105.7497 Y-230.8878
G1 X105.5431 Y-231.1230
G1 X105.3209 Y-231.2052
G1 X104.7669 Y-231.0891
G1 X104.5549 Y-230.8851
G1 X104.7600 Y-231.1263
G1 Z0.0000 F8000.0
G0 X103.9325 Y-231.8584 F15000.0
G1 Z11.9000 F8000.0
G1 X103.6336 Y-231.7456 F12000.0
G1 X103.4359 Y-231.1284
G1 X102.7454 Y-229.6846
G1 X102.2849 Y-229.7426
G1 X102.2456 Y-231.1581
G1 Z0.0000 F8000.0
G0 X102.2456 Y-230.3943 F15000.0
G1 Z11.9000 F8000.0
G1 X101.9280 Y-230.3976 F12000.0
G1 X101.3577 Y-229.7677
G1 X101.8755 Y-230.4153
G1 X101.3226 Y-231.2536
G1 Z0.0000 F8000.0
G0 X100.7178 Y-229.9487 F15000.0
G1 Z11.9000 F8000.0
G1 X100.4359 Y-229.7139 F12000.0
G1 X99.7203 Y-229.8388
G1 X99.6339 Y-230.2786
G1 X100.5638 Y-230.5300
G1 X100.7494 Y-230.9542
G1 X100.3040 Y-231.2316
G1 X99.6963 Y-231.0681
G1 X99.4569 Y-231.2729
G1 X99.6363 Y-230.9802
G1 X99.5483 Y-230.2745
G1 X98.6826 Y-229.7182
G1 X98.4473 Y-229.6783
G1 X98.2217 Y-229.7533
G1 X98.0706 Y-230.0959
G1 X98.2169 Y-230.3724
G1 X98.4192 Y-230.4182
G1 X98.2153 Y-230.4206
G1 X98.0423 Y-230.8893
G1 X98.6899 Y-231.1898
G1 X98.9355 Y-231.0308
G1 Z0.0000 F8000.0
G0 X97.2804 Y-229.8532 F15000.0
G1 Z11.9000 F8000.0
G1 X97.1326 Y-229.7247 F12000.0
G1 X97.1948 Y-229.7613
G1 X97.0500 Y-229.7124
G1 X96.3380 Y-229.8465
G1 X96.2691 Y-230.2845
G1 X97.2009 Y-230.5358
G1 X97.3755 Y-230.9653
G1 X96.9177 Y-231.2306
G1 X96.3127 Y-231.0744
G1 X96.0927 Y-231.2744
G1 X96.3383 Y-231.0594
G1 X96.2060 Y-230.3309
G1 X94.4438 Y-230.3998
G1 X94.3847 Y-229.7965
G1 X94.3608 Y-231.1233
G1 X93.6781 Y-231.1309
G1 X93.6520 Y-229.7895
G1 X93.5880 Y-230.3842
G1 X92.5809 Y-230.3667
G1 X92.5390 Y-229.7816
G1 X92.5380 Y-231.1581
G1 Z0.0000 F8000.0
G0 X91.8059 Y-230.3624 F15000.0
G1 Z11.9000 F8000.0
G1 X90.9097 Y-230.4768 F12000.0
G1 X90.7428 Y-230.8650
G1 X91.7894 Y-231.1030
G1 X91.8059 Y-229.7259
G1 Z0.0000 F8000.0
G0 X90.1508 Y-229.7259 F15000.0
G1 Z11.9000 F8000.0
G1 X90.1508 Y-231.1581 F12000.0
G1 Z0.0000 F8000.0
G0 X89.4824 Y-230.4261 F15000.0
G1 Z11.9000 F8000.0
G1 X89.4119 Y-230.8325 F12000.0
G1 X89.2298 Y-231.0888
G1 X88.9397 Y-231.2056
G1 X88.3895 Y-231.0766
G1 X88.1863 Y-230.8805
G1 X88.4003 Y-231.1263
G1 Z0.0000 F8000.0
G0 X89.2915 Y-229.8850 F15000.0
G1 Z11.9000 F8000.0
G1 X89.1860 Y-229.7939 F12000.0
G1 Z0.0000 F8000.0
G0 X89.3198 Y-229.9186 F15000.0
G1 Z11.9000 F8000.0
G1 X89.4470 Y-230.3926 F12000.0
G1 X88.2359 Y-230.3262
G1 X88.2739 Y-230.0287
G1 X88.4580 Y-229.7933
G1 X89.0687 Y-229.6940
G1 Z0.0000 F8000.0
G0 X95.4980 Y-229.7259 F15000.0
G1 Z11.9000 F8000.0
G1 X95.4980 Y-231.1581 F12000.0
G1 Z0.0000 F8000.0
G0 X103.4233 Y-231.0308 F15000.0
G1 Z11.9000 F8000.0
G1 X103.6403 Y-230.6793 F12000.0
G1 X103.9962 Y-229.7259
G1 Z0.0000 F8000.0
G0 X105.4284 Y-229.6940 F15000.0
G1 Z11.9000 F8000.0
G1 X104.7959 Y-229.8070 F12000.0
G1 X104.6218 Y-230.0566
G1 X104.6103 Y-230.3409
G1 X105.8007 Y-230.3830
G1 X105.6750 Y-229.9064
G1 X105.5474 Y-229.7932
G1 Z0.0000 F8000.0
G0 X106.5424 Y-229.1211 F15000.0
G1 Z11.9000 F8000.0
G1 X106.5424 Y-231.1581 F12000.0
G1 Z0.0000 F8000.0
G0 X109.7889 Y-231.1900 F15000.0
G1 Z11.9000 F8000.0
G1 X110.9146 Y-231.1724 F12000.0
G1 X110.6354 Y-230.6903
G1 X110.1332 Y-230.2550
G1 X109.8701 Y-229.8949
G1 X109.8256 Y-229.6749
G1 X110.3578 Y-229.0825
G1 X110.7414 Y-229.1750
G1 X110.9008 Y-229.3545
G1 X110.7854 Y-229.2070
G1 X110.9666 Y-229.5031
G1 Z0.0000 F8000.0
G0 X110.1072 Y-230.2033 F15000.0
G1 Z11.9000 F8000.0
G1 X110.1390 Y-230.2669 F12000.0
G1 Z0.0000 F8000.0
G0 X82.7378 Y-229.7895 F15000.0
G1 Z11.9000 F8000.0
G1 X83.0222 Y-229.6802 F12000.0
G1 X83.6691 Y-229.8758
G1 X83.7379 Y-229.7912
G1 X83.7245 Y-230.9990
G1 Z0.0000 F8000.0
G0 X84.2338 Y-231.2536 F15000.0
G1 Z11.9000 F8000.0
G1 X84.7866 Y-230.4151 F12000.0
G1 X84.2338 Y-229.7259
G1 Z0.0000 F8000.0
G0 X85.1568 Y-229.7259 F15000.0
G1 Z11.9000 F8000.0
G1 X85.1568 Y-231.1581 F12000.0
G1 Z0.0000 F8000.0
G0 X85.7615 Y-230.8399 F15000.0
G1 Z11.9000 F8000.0
G1 X85.9429 Y-231.1326 F12000.0
G1 X86.1217 Y-231.2086
G1 X86.7590 Y-231.0368
G1 X86.9204 Y-230.4713
G1 X86.6903 Y-229.8078
G1 X86.7753 Y-229.8953
G1 X86.4932 Y-229.7069
G1 X86.0879 Y-229.7057
G1 X85.7005 Y-230.0664
G1 X85.1276 Y-230.3890
G1 X84.8385 Y-230.4261
G1 Z0.0000 F8000.0
G0 X83.7245 Y-231.8265 F15000.0
G1 Z11.9000 F8000.0
G1 X83.6992 Y-231.0332 F12000.0
G1 X83.0126 Y-231.2021
G1 X82.7189 Y-231.0337
G1 X82.5381 Y-230.5828
G1 X82.6740 Y-229.8841
G1 X82.0003 Y-229.7537
G1 X81.4010 Y-231.0308
G1 Z0.0000 F8000.0
G0 X81.9103 Y-231.8584 F15000.0
G1 Z11.9000 F8000.0
G1 X81.6114 Y-231.7456 F12000.0
G1 X81.4137 Y-231.1284
G1 X81.2359 Y-230.8668
G1 X80.7645 Y-229.6622
G1 Z0.0000 F8000.0
G0 X79.5232 Y-229.6940 F15000.0
G1 Z11.9000 F8000.0
G1 X80.2234 Y-231.1581 F12000.0
G1 Z0.0000 F8000.0
G0 X79.0139 Y-231.1263 F15000.0
G1 Z11.9000 F8000.0
G1 X77.9160 Y-229.7416 F12000.0
G1 X77.8396 Y-231.1053
G1 X77.2632 Y-230.4817
G1 X77.0062 Y-231.0711
G1 X76.7988 Y-231.1877
G1 X76.2382 Y-231.1292
G1 X75.9486 Y-230.8821
G1 X76.1154 Y-231.1173
G1 X75.3253 Y-231.1452
G1 X75.2604 Y-231.0468
G1 X75.2582 Y-229.7791
G1 X75.2332 Y-230.3645
G1 X74.2103 Y-230.4020
G1 X74.1449 Y-229.7926
G1 X74.1234 Y-231.1161
G1 X73.3830 Y-231.0732
G1 X73.3803 Y-230.9672
G1 Z0.0000 F8000.0
G0 X72.2981 Y-231.1581 F15000.0
G1 Z11.9000 F8000.0
G1 X72.3434 Y-229.9588 F12000.0
G1 X72.5363 Y-230.0724
G1 X73.3447 Y-230.9529
G1 X73.4121 Y-229.7259
G1 Z0.0000 F8000.0
G0 X72.4573 Y-230.0123 F15000.0
G1 Z11.9000 F8000.0
G1 X72.3936 Y-229.9487 F12000.0
G1 Z0.0000 F8000.0
G0 X71.4388 Y-230.4261 F15000.0
G1 Z11.9000 F8000.0
G1 X71.5329 Y-229.9455 F12000.0
G1 X70.5355 Y-229.7373
G1 X70.5450 Y-230.4821
G1 X71.1736 Y-230.5791
G1 X71.6222 Y-231.1849
G1 X71.7665 Y-231.2553
G1 X71.5024 Y-231.0308
G1 Z0.0000 F8000.0
G0 X70.4839 Y-231.1581 F15000.0
G1 Z11.9000 F8000.0
G1 X70.4839 Y-230.4897 F12000.0
G1 Z0.0000 F8000.0
G0 X76.8178 Y-229.6940 F15000.0
G1 Z11.9000 F8000.0
G1 X76.1852 Y-229.8070 F12000.0
G1 X76.0111 Y-230.0566
G1 X75.9996 Y-230.3409
G1 X77.1900 Y-230.3830
G1 X77.0643 Y-229.9064
G1 X76.9367 Y-229.7932
G1 Z0.0000 F8000.0
G0 X86.7164 Y-229.8214 F15000.0
G1 Z11.9000 F8000.0
G1 X86.7482 Y-229.8850 F12000.0
G1 Z0.0000 F8000.0
G0 X67.5517 Y-229.2484 F15000.0
G1 Z11.9000 F8000.0
G1 X68.8131 Y-229.1637 F12000.0
G1 X68.8425 Y-230.0665
G1 X67.8468 Y-230.1700
G1 X67.8974 Y-230.2172
G1 X67.2971 Y-231.1581
G1 Z0.0000 F8000.0
G0 X67.8063 Y-230.1396 F15000.0
G1 Z11.9000 F8000.0
G1 X67.5525 Y-230.0547 F12000.0
G1 X67.3247 Y-229.6621
G1 X67.4244 Y-229.3121
G1 Z0.0000 F8000.0
G0 X68.8885 Y-230.1396 F15000.0
G1 Z11.9000 F8000.0
G1 X68.8885 Y-231.1581 F12000.0
G1 Z0.0000 F8000.0
G0 X65.3874 Y-229.1848 F15000.0
G1 Z11.9000 F8000.0
G1 X65.4941 Y-229.2672 F12000.0
G1 X64.9621 Y-229.1488
G1 X64.6370 Y-229.4169
G1 X64.6351 Y-229.7440
G1 X64.7978 Y-230.0290
G1 X64.5591 Y-230.3799
G1 X64.5132 Y-230.8516
G1 X64.8162 Y-231.2032
G1 X65.2877 Y-231.2149
G1 X65.4918 Y-231.1282
G1 Z0.0000 F8000.0
G0 X64.7754 Y-231.1769 F15000.0
G1 Z11.9000 F8000.0
G1 X64.5598 Y-230.9672 F12000.0
G1 Z0.0000 F8000.0
G0 X64.6871 Y-229.8850 F15000.0
G1 Z11.9000 F8000.0
G1 X64.6235 Y-229.7577 F12000.0
G1 Z0.0000 F8000.0
G0 X62.9127 Y-231.1581 F15000.0
G1 Z11.9000 F8000.0
G1 X62.8584 Y-229.9009 F12000.0
G1 X62.6291 Y-230.0100
G1 X62.3135 Y-230.8416
G1 X62.1561 Y-230.9990
G1 X61.9881 Y-230.8785
G1 X61.5435 Y-229.9592
G1 X61.3412 Y-231.1105
G1 X60.6595 Y-231.1365
G1 X60.5351 Y-229.8892
G1 X60.3460 Y-229.9960
G1 X60.0297 Y-230.8267
G1 X59.8305 Y-231.0649
G1 X59.2514 Y-229.9591
G1 X59.0615 Y-231.1581
G1 Z0.0000 F8000.0
G0 X62.1488 Y-231.1263 F15000.0
G1 Z11.9000 F8000.0
G1 X62.1488 Y-231.0308 F12000.0
G1 Z0.0000 F8000.0
G0 X37.6960 Y-240.0202 F15000.0
G1 Z11.9000 F8000.0
G1 X37.8187 Y-240.3906 F12000.0
G1 X38.4638 Y-240.7224
G1 Z0.0000 F8000.0
G0 X37.7816 Y-240.4115 F15000.0
G1 Z11.9000 F8000.0
G1 X37.7278 Y-242.6937 F12000.0
G1 Z0.0000 F8000.0
G0 X39.5420 Y-241.9935 F15000.0
G1 Z11.9000 F8000.0
G1 X39.7556 Y-242.5186 F12000.0
G1 X39.9558 Y-242.6937
G1 Z0.0000 F8000.0
G0 X39.5420 Y-240.8159 F15000.0
G1 Z11.9000 F8000.0
G1 X39.7651 Y-240.2584 F12000.0
G1 X39.5481 Y-240.8347
G1 X39.5144 Y-241.7432
G1 X39.7186 Y-242.4687
G1 X39.9777 Y-242.6984
G1 X40.4305 Y-242.7431
G1 X40.8329 Y-242.4972
G1 X40.9218 Y-242.2786
G1 X41.0549 Y-241.2116
G1 X40.9570 Y-240.5662
G1 X40.7980 Y-240.2898
G1 X40.3650 Y-240.0578
G1 X39.8603 Y-240.1793
G1 Z0.0000 F8000.0
G0 X43.0431 Y-240.8159 F15000.0
G1 Z11.9000 F8000.0
G1 X43.2662 Y-240.2584 F12000.0
G1 X43.0409 Y-240.9163
G1 X43.0166 Y-241.8255
G1 X43.1511 Y-242.2938
G1 X43.5469 Y-242.6947
G1 X43.9497 Y-242.7382
G1 X44.1740 Y-242.6437
G1 X44.3848 Y-242.4167
G1 X44.5580 Y-241.1925
G1 X44.4518 Y-240.5483
G1 X44.2847 Y-240.2784
G1 X43.8487 Y-240.0531
G1 X43.3614 Y-240.1793
G1 Z0.0000 F8000.0
G0 X43.0431 Y-241.9935 F15000.0
G1 Z11.9000 F8000.0
G1 X43.2620 Y-242.5142 F12000.0
G1 X43.4075 Y-242.6579
G1 X43.2977 Y-242.5983
G1 Z0.0000 F8000.0
G0 X45.3984 Y-241.9935 F15000.0
G1 Z11.9000 F8000.0
G1 X45.6120 Y-242.5186 F12000.0
G1 X45.8122 Y-242.6937
G1 Z0.0000 F8000.0
G0 X45.3984 Y-240.8159 F15000.0
G1 Z11.9000 F8000.0
G1 X45.6215 Y-240.2584 F12000.0
G1 X45.4039 Y-240.9162
G1 X45.4973 Y-242.3132
G1 X45.8361 Y-242.6974
G1 X46.2971 Y-242.7405
G1 X46.6966 Y-242.4911
G1 X46.9124 Y-241.2009
G1 X46.8099 Y-240.5561
G1 X46.6463 Y-240.2833
G1 X46.2116 Y-240.0552
G1 X45.7167 Y-240.1793
G1 Z0.0000 F8000.0
G0 X47.7855 Y-240.9114 F15000.0
G1 Z11.9000 F8000.0
G1 X47.7855 Y-241.8344 F12000.0
G1 Z0.0000 F8000.0
G0 X47.7855 Y-242.6937 F15000.0
G1 Z11.9000 F8000.0
G1 X47.8030 Y-241.8862 F12000.0
G1 X48.6543 Y-241.9469
G1 X48.9401 Y-241.8325
G1 X49.0626 Y-241.6535
G1 X49.1860 Y-240.9114
G1 Z0.0000 F8000.0
G0 X49.9499 Y-242.6937 F15000.0
G1 Z11.9000 F8000.0
G1 X50.0993 Y-240.4649 F12000.0
G1 X50.0350 Y-240.2029
G1 X50.2994 Y-240.5194
G1 X51.1455 Y-242.5262
G1 X52.2939 Y-240.3013
G1 X52.3743 Y-240.3560
G1 X52.4325 Y-242.6937
G1 Z0.0000 F8000.0
G0 X51.1912 Y-242.6937 F15000.0
G1 Z11.9000 F8000.0
G1 X51.1593 Y-242.5346 F12000.0
G1 Z0.0000 F8000.0
G0 X34.1312 Y-242.6937 F15000.0
G1 Z11.9000 F8000.0
G1 X33.7878 Y-242.2510 F12000.0
G1 X33.7174 Y-241.9935
G1 Z0.0000 F8000.0
G0 X33.7174 Y-240.8159 F15000.0
G1 Z11.9000 F8000.0
G1 X33.9405 Y-240.2584 F12000.0
G1 X33.7235 Y-240.8347
G1 X33.6898 Y-241.7432
G1 X33.8941 Y-242.4687
G1 X34.1531 Y-242.6984
G1 X34.6059 Y-242.7431
G1 X35.0083 Y-242.4972
G1 X35.0972 Y-242.2786
G1 X35.2303 Y-241.2116
G1 X35.1324 Y-240.5662
G1 X34.9734 Y-240.2898
G1 X34.5404 Y-240.0578
G1 X34.0357 Y-240.1793
G1 Z0.0000 F8000.0
G0 X32.7944 Y-240.5931 F15000.0
G1 Z11.9000 F8000.0
G1 X32.7626 Y-240.5294 F12000.0
G1 Z0.0000 F8000.0
G0 X31.6804 Y-240.1793 F15000.0
G1 Z11.9000 F8000.0
G1 X32.1455 Y-240.0472 F12000.0
G1 X32.6470 Y-240.3129
G1 X32.7558 Y-240.5276
G1 X32.8707 Y-241.2529
G1 X32.6746 Y-242.4649
G1 X32.2100 Y-242.7440
G1 X31.7337 Y-242.6599
G1 X31.5296 Y-242.4545
G1 X31.4267 Y-242.1852
G1 X31.3692 Y-240.8641
G1 X31.5838 Y-240.2637
G1 X31.3621 Y-240.8159
G1 Z0.0000 F8000.0
G0 X31.3621 Y-241.9935 F15000.0
G1 Z11.9000 F8000.0
G1 X31.5757 Y-242.5186 F12000.0
G1 X31.7759 Y-242.6937
G1 Z0.0000 F8000.0
G0 X28.2748 Y-242.6937 F15000.0
G1 Z11.9000 F8000.0
G1 X27.9314 Y-242.2510 F12000.0
G1 X27.8610 Y-241.9935
G1 Z0.0000 F8000.0
G0 X27.8610 Y-240.8159 F15000.0
G1 Z11.9000 F8000.0
G1 X28.0841 Y-240.2584 F12000.0
G1 X27.8665 Y-240.9162
G1 X27.9599 Y-242.3132
G1 X28.2986 Y-242.6974
G1 X28.7597 Y-242.7405
G1 X29.1591 Y-242.4911
G1 X29.3749 Y-241.2009
G1 X29.2725 Y-240.5561
G1 X29.1089 Y-240.2833
G1 X28.6741 Y-240.0552
G1 X28.1793 Y-240.1793
G1 Z0.0000 F8000.0
G0 X26.8425 Y-240.7522 F15000.0
G1 Z11.9000 F8000.0
G1 X26.1160 Y-240.3719 F12000.0
G1 X26.0269 Y-240.0859
G1 X26.0468 Y-242.6937
G1 Z0.0000 F8000.0
G0 X26.5431 Y-247.9290 F15000.0
G1 Z11.9000 F8000.0
G1 X25.7473 Y-247.9290 F12000.0
G1 Z0.0000 F8000.0
G0 X26.1611 Y-247.9290 F15000.0
G1 Z11.9000 F8000.0
G1 X26.1293 Y-248.9157 F12000.0
G1 Z0.0000 F8000.0
G0 X26.9250 Y-248.9475 F15000.0
G1 Z11.9000 F8000.0
G1 X26.9673 Y-248.1503 F12000.0
G1 X27.5878 Y-248.7525
G1 X27.6712 Y-248.0184
G1 X27.2311 Y-248.3232
G1 X26.9250 Y-247.9608
G1 Z0.0000 F8000.0
G0 X27.3069 Y-248.4701 F15000.0
G1 Z11.9000 F8000.0
G1 X27.5297 Y-248.7565 F12000.0
G1 Z0.0000 F8000.0
G0 X28.1981 Y-248.9157 F15000.0
G1 Z11.9000 F8000.0
G1 X28.2388 Y-247.5450 F12000.0
G1 X29.0893 Y-248.9157
G1 Z0.0000 F8000.0
G0 X19.2582 Y-247.8729 F15000.0
G1 Z11.9000 F8000.0
G1 X19.3083 Y-248.0447 F12000.0
G1 X18.9934 Y-247.4942
G1 X18.9399 Y-248.6686
G1 Z0.0000 F8000.0
G0 X19.5446 Y-248.5413 F15000.0
G1 Z11.9000 F8000.0
G1 X19.3502 Y-248.1477 F12000.0
G1 X19.5232 Y-248.5183
G1 X19.6307 Y-248.5084
G1 X20.1476 Y-247.5291
G1 X20.2449 Y-248.7005
G1 Z0.0000 F8000.0
G0 X18.3670 Y-247.8093 F15000.0
G1 Z11.9000 F8000.0
G1 X18.2353 Y-247.7482 F12000.0
G1 X17.7828 Y-248.1207
G1 X18.3696 Y-248.3107
G1 X18.4702 Y-248.5160
G1 X18.3588 Y-248.7091
G1 X17.7089 Y-248.6427
G1 X17.7433 Y-248.2160
G1 X17.2468 Y-247.9832
G1 X17.2688 Y-248.3581
G1 X17.1442 Y-248.6484
G1 X16.9418 Y-248.7445
G1 X16.5846 Y-248.6368
G1 Z0.0000 F8000.0
G0 X16.5528 Y-247.8729 F15000.0
G1 Z11.9000 F8000.0
G1 X16.6844 Y-247.7524 F12000.0
G1 X16.9955 Y-247.7325
G1 X17.1475 Y-247.8380
G1 X16.9145 Y-247.7382
G1 X16.1645 Y-247.9762
G1 X16.1841 Y-248.3685
G1 X16.0543 Y-248.6540
G1 X15.8494 Y-248.7453
G1 X15.5474 Y-248.6411
G1 X15.4763 Y-248.5153
G1 X15.4906 Y-247.8545
G1 X15.6603 Y-247.7280
G1 X15.9691 Y-247.7634
G1 X16.1072 Y-247.8729
G1 Z0.0000 F8000.0
G0 X14.9932 Y-247.8093 F15000.0
G1 Z11.9000 F8000.0
G1 X14.8615 Y-247.7482 F12000.0
G1 X14.4090 Y-248.1207
G1 X14.9958 Y-248.3107
G1 X15.0964 Y-248.5160
G1 X14.9850 Y-248.7091
G1 X14.3351 Y-248.6427
G1 X14.3566 Y-248.1912
G1 Z0.0000 F8000.0
G0 X1.3004 Y-247.4735 F15000.0
G1 Z11.9000 F8000.0
G1 X2.0156 Y-247.6679 F12000.0
G1 X2.1590 Y-247.8773
G1 X2.1599 Y-248.0967
G1 X1.4718 Y-248.0799
G1 X1.2809 Y-248.4984
G1 X1.3269 Y-248.6404
G1 X1.7984 Y-249.0639
G1 X1.9766 Y-248.9442
G1 X2.1644 Y-248.2423
G1 X1.9624 Y-248.0719
G1 X2.1597 Y-248.2056
G1 Z0.0000 F8000.0
G0 X2.7008 Y-248.3966 F15000.0
G1 Z11.9000 F8000.0
G1 X2.7374 Y-248.9487 F12000.0
G1 X3.1453 Y-249.0750
G1 X3.4454 Y-248.8961
G1 X2.7080 Y-248.3286
G1 X2.7351 Y-248.1025
G1 X3.1932 Y-247.9977
G1 X3.3679 Y-248.0400
G1 X3.3056 Y-247.9828
G1 Z0.0000 F8000.0
G0 X3.8466 Y-247.9828 F15000.0
G1 Z11.9000 F8000.0
G1 X4.6424 Y-247.9828 F12000.0
G1 Z0.0000 F8000.0
G0 X4.9925 Y-248.0146 F15000.0
G1 Z11.9000 F8000.0
G1 X5.6609 Y-249.0331 F12000.0
G1 Z0.0000 F8000.0
G0 X5.6927 Y-248.0146 F15000.0
G1 Z11.9000 F8000.0
G1 X5.7083 Y-248.9966 F12000.0
G1 X5.8206 Y-249.0529
G1 X6.3443 Y-248.9516
G1 X6.3611 Y-248.0146
G1 Z0.0000 F8000.0
G0 X6.8067 Y-248.1738 F15000.0
G1 Z11.9000 F8000.0
G1 X6.9642 Y-248.0011 F12000.0
G1 X7.3555 Y-248.0160
G1 X7.5096 Y-248.1981
G1 X7.5883 Y-248.5970
G1 X7.4294 Y-248.9636
G1 X7.1411 Y-249.0721
G1 X6.8032 Y-248.8607
G1 X6.8385 Y-248.9376
G1 Z0.0000 F8000.0
G0 X8.0480 Y-248.9058 F15000.0
G1 Z11.9000 F8000.0
G1 X8.0470 Y-248.4612 F12000.0
G1 X8.0913 Y-248.9467
G1 X8.5016 Y-249.0725
G1 X8.7889 Y-248.8908
G1 X8.1275 Y-248.4445
G1 X8.0528 Y-248.3199
G1 X8.0882 Y-248.0962
G1 X8.5503 Y-247.9969
G1 X8.7130 Y-248.0366
G1 X8.6527 Y-247.9828
G1 Z0.0000 F8000.0
G0 X9.4484 Y-247.7282 F15000.0
G1 Z11.9000 F8000.0
G1 X9.7069 Y-248.1494 F12000.0
G1 X9.4572 Y-247.7927
G1 X9.3848 Y-249.0331
G1 Z0.0000 F8000.0
G0 X10.0213 Y-248.9058 F15000.0
G1 Z11.9000 F8000.0
G1 X9.8593 Y-248.5783 F12000.0
G1 X9.9125 Y-248.7584
G1 X9.7917 Y-248.3883
G1 X10.0485 Y-248.8578
G1 X10.6978 Y-247.6906
G1 X10.7534 Y-249.0013
G1 Z0.0000 F8000.0
G0 X4.2286 Y-249.0331 F15000.0
G1 Z11.9000 F8000.0
G1 X4.2604 Y-247.9828 F12000.0
G1 Z0.0000 F8000.0
G0 X2.0643 Y-248.9058 F15000.0
G1 Z11.9000 F8000.0
G1 X1.9688 Y-249.0013 F12000.0
G1 Z0.0000 F8000.0
G0 X103.1229 Y-250.7837 F15000.0
G1 Z11.9000 F8000.0
G1 X103.1430 Y-251.7361 F12000.0
G1 X103.3978 Y-251.7459
G1 X103.2095 Y-251.8288
G1 X103.5231 Y-251.5646
G1 X103.9557 Y-251.0172
G1 X104.0591 Y-251.0089
G1 X104.0778 Y-251.9932
G1 Z0.0000 F8000.0
G0 X103.5685 Y-251.4840 F15000.0
G1 Z11.9000 F8000.0
G1 X104.0141 Y-250.9747 F12000.0
G1 Z0.0000 F8000.0
G0 X102.8046 Y-251.2293 F15000.0
G1 Z11.9000 F8000.0
G1 X102.7643 Y-251.5328 F12000.0
G1 X102.4006 Y-251.5617
G1 X102.4443 Y-251.6714
G1 X102.3227 Y-251.8877
G1 X102.4743 Y-251.7094
G1 X102.7512 Y-251.6225
G1 X102.5024 Y-251.6557
G1 X102.3180 Y-251.4828
G1 X102.4184 Y-251.1100
G1 X102.6773 Y-251.1020
G1 Z0.0000 F8000.0
G0 X101.3902 Y-251.9932 F15000.0
G1 Z11.9000 F8000.0
G1 X100.7060 Y-251.9534 F12000.0
G1 X100.7585 Y-251.1642
G1 X101.4908 Y-252.1039
G1 X101.4920 Y-252.2352
G1 X100.6162 Y-252.0457
G1 X100.5094 Y-252.2779
G1 X99.5176 Y-251.8902
G1 X99.0864 Y-251.9455
G1 X99.0295 Y-251.5794
G1 X98.4790 Y-251.1218
G1 X98.1986 Y-251.1607
G1 X97.9003 Y-251.7652
G1 X97.6829 Y-251.6608
G1 X97.4938 Y-251.1523
G1 X97.5031 Y-251.2356
G1 X97.1612 Y-251.3425
G1 X97.1341 Y-251.9529
G1 X96.7043 Y-251.9676
G1 X96.2951 Y-251.3383
G1 X96.2022 Y-251.9932
G1 Z0.0000 F8000.0
G0 X96.6797 Y-251.8659 F15000.0
G1 Z11.9000 F8000.0
G1 X97.0934 Y-251.2612 F12000.0
G1 Z0.0000 F8000.0
G0 X97.7300 Y-251.8023 F15000.0
G1 Z11.9000 F8000.0
G1 X97.8991 Y-251.8051 F12000.0
G1 X97.6831 Y-251.6562
G1 X97.6220 Y-251.5098
G1 X97.9336 Y-252.3106
G1 X98.1438 Y-252.4706
G1 Z0.0000 F8000.0
G0 X98.5575 Y-251.9932 F15000.0
G1 Z11.9000 F8000.0
G1 X98.7521 Y-251.5180 F12000.0
G1 X98.7577 Y-251.6125
G1 X99.0407 Y-251.4929
G1 X99.0668 Y-251.1339
G1 Z0.0000 F8000.0
G0 X99.5442 Y-251.2293 F15000.0
G1 Z11.9000 F8000.0
G1 X99.6906 Y-251.1314 F12000.0
G1 X99.5554 Y-251.3525
G1 X99.5368 Y-251.8193
G1 X99.8004 Y-251.9921
G1 X100.1001 Y-251.9368
G1 X100.2573 Y-251.5867
G1 X100.1715 Y-251.2749
G1 X100.0567 Y-251.1721
G1 X99.7352 Y-251.1020
G1 Z0.0000 F8000.0
G0 X100.1171 Y-251.1657 F15000.0
G1 Z11.9000 F8000.0
G1 X100.1489 Y-251.2293 F12000.0
G1 Z0.0000 F8000.0
G0 X88.9857 Y-251.8884 F15000.0
G1 Z11.9000 F8000.0
G1 X89.0541 Y-250.6785 F12000.0
G1 X89.9405 Y-251.8884
G1 Z0.0000 F8000.0
G0 X88.0308 Y-250.9972 F15000.0
G1 Z11.9000 F8000.0
G1 X88.4129 Y-251.0934 F12000.0
G1 X88.5551 Y-251.5054
G1 X88.3781 Y-251.8476
G1 X88.1519 Y-251.8992
G1 X87.8841 Y-251.8018
G1 X87.9125 Y-251.8495
G1 X87.7971 Y-251.6697
G1 X87.8666 Y-251.1882
G1 X87.9814 Y-251.0312
G1 X87.8398 Y-251.1245
G1 Z0.0000 F8000.0
G0 X87.5216 Y-251.9202 F15000.0
G1 Z11.9000 F8000.0
G1 X87.5396 Y-252.1205 F12000.0
G1 X86.7854 Y-251.0534
G1 X86.7950 Y-251.9028
G1 X87.3643 Y-251.8893
G1 X86.6786 Y-251.9226
G1 X86.5771 Y-252.1621
G1 X86.2176 Y-251.8790
G1 X85.6001 Y-251.0492
G1 X85.5482 Y-251.8884
G1 Z0.0000 F8000.0
G0 X117.0465 Y-250.8168 F15000.0
G1 Z11.9000 F8000.0
G1 X116.9826 Y-251.9487 F12000.0
G1 X116.3196 Y-251.1121
G1 X116.4459 Y-251.2775
G1 X116.1175 Y-250.9265
G1 X116.1736 Y-251.0985
G1 X116.0481 Y-252.0391
G1 X115.4113 Y-252.0665
G1 X115.1077 Y-251.8836
G1 X115.1888 Y-251.6717
G1 X115.2907 Y-251.6120
G1 X115.1565 Y-251.5185
G1 X115.1855 Y-251.2290
G1 X115.4104 Y-251.1801
G1 X115.5661 Y-251.2894
G1 X114.6857 Y-251.4185
G1 X114.6864 Y-252.0047
G1 X114.6204 Y-251.3665
G1 X114.1878 Y-251.9953
G1 X113.9470 Y-251.5066
G1 X113.8091 Y-251.4187
G1 X113.7364 Y-252.0581
G1 Z0.0000 F8000.0
G0 X111.9888 Y-250.7850 F15000.0
G1 Z11.9000 F8000.0
G1 X111.3317 Y-250.8466 F12000.0
G1 X111.2523 Y-252.0254
G1 X110.8759 Y-251.9362
G1 X110.5282 Y-251.7266
G1 X110.1391 Y-251.2600
G1 X110.2383 Y-251.3579
G1 Z0.0000 F8000.0
G0 X110.8112 Y-251.1987 F15000.0
G1 Z11.9000 F8000.0
G1 X110.7671 Y-251.8396 F12000.0
G1 X110.6420 Y-251.8531
G1 X110.7060 Y-251.8876
G1 X110.2264 Y-251.4048
G1 X110.1110 Y-252.0581
G1 Z0.0000 F8000.0
G0 X109.0606 Y-251.9944 F15000.0
G1 Z11.9000 F8000.0
G1 X109.2992 Y-252.0652 F12000.0
G1 X109.6429 Y-251.8804
G1 X109.6862 Y-251.6484
G1 X109.6179 Y-251.3414
G1 X109.2441 Y-251.1938
G1 X108.0739 Y-251.1669
G1 Z0.0000 F8000.0
G0 X108.4241 Y-251.1669 F15000.0
G1 Z11.9000 F8000.0
G1 X108.3922 Y-252.0581 F12000.0
G1 Z0.0000 F8000.0
G0 X112.2116 Y-252.1217 F15000.0
G1 Z11.9000 F8000.0
G1 X112.0536 Y-251.9469 F12000.0
G1 X112.0207 Y-250.8486
G1 Z0.0000 F8000.0
G0 X81.9165 Y-250.7001 F15000.0
G1 Z11.9000 F8000.0
G1 X81.2370 Y-250.7389 F12000.0
G1 X81.1745 Y-252.0811
G1 X81.0758 Y-252.1386
G1 X81.0369 Y-252.4156
G1 X81.2591 Y-252.1140
G1 X82.0652 Y-252.0871
G1 X82.2593 Y-252.4210
G1 X82.2570 Y-252.2161
G1 X82.0134 Y-251.7425
G1 X81.9483 Y-250.7638
G1 Z0.0000 F8000.0
G0 X80.5160 Y-251.1775 F15000.0
G1 Z11.9000 F8000.0
G1 X80.1102 Y-251.1304 F12000.0
G1 X79.8890 Y-251.3343
G1 X79.9420 Y-251.5288
G1 X80.4131 Y-251.6450
G1 X80.6484 Y-251.9429
G1 X80.5260 Y-252.1245
G1 X79.8751 Y-252.0429
G1 X79.8688 Y-251.5700
G1 X79.5665 Y-251.1969
G1 X78.7655 Y-251.1457
G1 Z0.0000 F8000.0
G0 X79.1792 Y-251.1457 F15000.0
G1 Z11.9000 F8000.0
G1 X79.1474 Y-252.1005 F12000.0
G1 Z0.0000 F8000.0
G0 X78.3199 Y-251.1775 F15000.0
G1 Z11.9000 F8000.0
G1 X77.9140 Y-251.1304 F12000.0
G1 X77.7218 Y-251.2632
G1 X77.7007 Y-251.4826
G1 X78.2857 Y-251.6802
G1 X78.4522 Y-251.9429
G1 X78.3299 Y-252.1246
G1 X77.6575 Y-252.0980
G1 X77.7005 Y-251.6103
G1 X77.7000 Y-252.0876
G1 X77.8858 Y-252.1165
G1 X77.8424 Y-252.0687
G1 Z0.0000 F8000.0
G0 X62.2187 Y-251.9039 F15000.0
G1 Z11.9000 F8000.0
G1 X62.6173 Y-252.0063 F12000.0
G1 X62.9384 Y-252.2580
G1 X63.4967 Y-253.3625
G1 X63.9103 Y-253.8698
G1 X63.8539 Y-254.0644
G1 X63.8450 Y-253.7779
G1 X63.5589 Y-253.4717
G1 X63.8233 Y-253.6965
G1 X64.8172 Y-253.9400
G1 X64.8286 Y-255.9460
G1 Z0.0000 F8000.0
G0 X63.8419 Y-254.1318 F15000.0
G1 Z11.9000 F8000.0
G1 X63.3350 Y-254.6194 F12000.0
G1 X62.6740 Y-255.6640
G1 X61.9640 Y-256.2643
G1 Z0.0000 F8000.0
G0 X59.6406 Y-256.0097 F15000.0
G1 Z11.9000 F8000.0
G1 X59.3488 Y-255.8611 F12000.0
G1 X59.0275 Y-255.4524
G1 X59.1952 Y-255.7115
G1 X59.1040 Y-255.6041
G1 X59.3376 Y-255.8473
G1 X59.8186 Y-256.0585
G1 X60.1452 Y-256.0932
G1 X60.8454 Y-255.8720
G1 X61.0814 Y-255.6586
G1 X61.3166 Y-255.1340
G1 X61.3825 Y-254.7272
G1 X61.3126 Y-254.0717
G1 X61.0194 Y-253.5058
G1 X60.5802 Y-253.2005
G1 X59.7612 Y-253.1518
G1 X59.2227 Y-253.4859
G1 X59.0242 Y-253.7460
G1 X58.8581 Y-254.7887
G1 X58.9331 Y-255.3255
G1 X57.6234 Y-255.6300
G1 X57.6580 Y-254.8934
G1 X57.5240 Y-253.5869
G1 X57.4591 Y-253.5248
G1 X57.5333 Y-253.5426
G1 X57.6176 Y-253.2369
G1 X57.1144 Y-253.3350
G1 X56.7292 Y-253.1679
G1 X55.6955 Y-253.4371
G1 X55.4397 Y-253.8242
G1 X55.3256 Y-254.7261
G1 X55.4850 Y-255.4443
G1 X55.6891 Y-255.7523
G1 X56.6933 Y-256.0538
G1 X57.0492 Y-255.9232
G1 X57.6354 Y-257.2510
G1 Z0.0000 F8000.0
G0 X55.6939 Y-255.7869 F15000.0
G1 Z11.9000 F8000.0
G1 X55.6620 Y-255.7233 F12000.0
G1 Z0.0000 F8000.0
G0 X54.0706 Y-255.9779 F15000.0
G1 Z11.9000 F8000.0
G1 X53.9870 Y-253.2287 F12000.0
G1 X52.0018 Y-255.9779
G1 Z0.0000 F8000.0
G0 X50.6332 Y-257.3147 F15000.0
G1 Z11.9000 F8000.0
G1 X50.1126 Y-257.2087 F12000.0
G1 X49.7656 Y-256.6549
G1 X49.5890 Y-255.8495
G1 X49.3804 Y-255.6191
G1 X48.3502 Y-253.0823
G1 X48.6598 Y-253.6862
G1 Z0.0000 F8000.0
G0 X46.8456 Y-253.1770 F15000.0
G1 Z11.9000 F8000.0
G1 X47.2047 Y-253.4259 F12000.0
G1 X47.4076 Y-253.7529
G1 X47.5858 Y-254.7179
G1 X47.2636 Y-255.7173
G1 X46.4443 Y-256.0732
G1 X45.9379 Y-256.0201
G1 X45.5851 Y-255.7910
G1 X45.6261 Y-255.8355
G1 X45.3786 Y-255.4628
G1 X45.5362 Y-255.7029
G1 X45.8769 Y-255.9811
G1 X45.6998 Y-255.8824
G1 Z0.0000 F8000.0
G0 X45.4451 Y-253.6544 F15000.0
G1 Z11.9000 F8000.0
G1 X45.5989 Y-253.3951 F12000.0
G1 X45.9458 Y-253.1778
G1 X46.7501 Y-253.1452
G1 Z0.0000 F8000.0
G0 X49.5828 Y-255.7869 F15000.0
G1 Z11.9000 F8000.0
G1 X49.9700 Y-255.3186 F12000.0
G1 X50.7605 Y-253.2406
G1 Z0.0000 F8000.0
G0 X57.1261 Y-253.3680 F15000.0
G1 Z11.9000 F8000.0
G1 X57.3808 Y-253.4953 F12000.0
G1 Z0.0000 F8000.0
G0 X60.9137 Y-253.3680 F15000.0
G1 Z11.9000 F8000.0
G1 X60.9455 Y-253.4316 F12000.0
G1 Z0.0000 F8000.0
G0 X64.8286 Y-253.8772 F15000.0
G1 Z11.9000 F8000.0
G1 X64.8286 Y-251.9675 F12000.0
G1 Z0.0000 F8000.0
G0 X110.8690 Y-252.8390 F15000.0
G1 Z11.9000 F8000.0
G1 X111.5012 Y-252.9618 F12000.0
G1 X111.6439 Y-253.2772
G1 X111.5846 Y-253.9586
G1 X111.4901 Y-254.0846
G1 X111.2702 Y-254.1502
G1 X110.9223 Y-253.9707
G1 X110.8868 Y-253.8213
G1 X111.0055 Y-253.3525
G1 X111.3782 Y-253.2784
G1 X111.5510 Y-253.3636
G1 X111.1146 Y-253.3041
G1 X110.9860 Y-253.3637
G1 X110.9645 Y-254.0484
G1 Z0.0000 F8000.0
G0 X112.0785 Y-254.1439 F15000.0
G1 Z11.9000 F8000.0
G1 X112.1531 Y-254.0267 F12000.0
G1 X112.1222 Y-253.6282
G1 X112.2119 Y-253.3206
G1 X112.3367 Y-253.2806
G1 X112.7066 Y-253.4199
G1 X112.7763 Y-253.9688
G1 X112.7287 Y-254.1080
G1 X112.0848 Y-254.1358
G1 X112.1615 Y-253.7026
G1 X112.5743 Y-253.7493
G1 X112.2762 Y-254.0777
G1 X112.1740 Y-254.0803
G1 Z0.0000 F8000.0
G0 X113.1925 Y-253.9530 F15000.0
G1 Z11.9000 F8000.0
G1 X113.2243 Y-254.0166 F12000.0
G1 Z0.0000 F8000.0
G0 X113.8609 Y-254.0484 F15000.0
G1 Z11.9000 F8000.0
G1 X113.4694 Y-254.1548 F12000.0
G1 X113.3279 Y-254.1071
G1 X113.1786 Y-253.8813
G1 X113.2436 Y-253.4006
G1 X113.3501 Y-253.2906
G1 X113.6643 Y-253.2928
G1 X113.8451 Y-253.4214
G1 X113.8927 Y-254.5577
G1 Z0.0000 F8000.0
G0 X114.7839 Y-254.1439 F15000.0
G1 Z11.9000 F8000.0
G1 X114.3525 Y-254.0152 F12000.0
G1 X114.4322 Y-253.7453
G1 X114.5289 Y-253.6996
G1 X114.4135 Y-253.6517
G1 X114.3870 Y-253.3559
G1 X114.7295 Y-253.2902
G1 X114.8476 Y-253.4119
G1 Z0.0000 F8000.0
G0 X115.3568 Y-253.2846 F15000.0
G1 Z11.9000 F8000.0
G1 X115.2765 Y-254.1058 F12000.0
G1 X115.4812 Y-254.0419
G1 X115.7237 Y-253.7538
G1 X115.3154 Y-253.6973
G1 X115.2363 Y-254.1318
G1 X115.8046 Y-254.1465
G1 X115.8918 Y-253.8244
G1 X115.8105 Y-253.7693
G1 X115.9319 Y-254.0279
G1 X115.8767 Y-253.4351
G1 X115.4205 Y-253.2527
G1 Z0.0000 F8000.0
G0 X116.2799 Y-253.3164 F15000.0
G1 Z11.9000 F8000.0
G1 X116.3398 Y-253.0740 F12000.0
G1 X117.1192 Y-252.8984
G1 X117.2010 Y-254.0856
G1 X117.1339 Y-253.5840
G1 X116.3117 Y-253.3800
G1 Z0.0000 F8000.0
G0 X106.2973 Y-254.0496 F15000.0
G1 Z11.9000 F8000.0
G1 X105.5334 Y-254.0496 F12000.0
G1 Z0.0000 F8000.0
G0 X106.3291 Y-254.1132 F15000.0
G1 Z11.9000 F8000.0
G1 X106.2914 Y-255.3309 F12000.0
G1 X105.4580 Y-255.1987
G1 X105.4081 Y-254.9708
G1 X105.4061 Y-255.1044
G1 X105.3744 Y-254.9279
G1 X105.0285 Y-254.8658
G1 X104.8975 Y-254.5925
G1 X104.7038 Y-254.4893
G1 X104.3309 Y-254.6200
G1 X104.2911 Y-254.8203
G1 X104.9657 Y-254.9111
G1 X104.9380 Y-255.2057
G1 X104.8443 Y-255.3141
G1 X104.6204 Y-255.3638
G1 X103.8272 Y-255.2777
G1 X103.1878 Y-254.5247
G1 X103.1463 Y-255.3546
G1 Z0.0000 F8000.0
G0 X102.0959 Y-255.3227 F15000.0
G1 Z11.9000 F8000.0
G1 X102.0059 Y-255.1298 F12000.0
G1 X102.0448 Y-254.5866
G1 X102.1154 Y-254.5305
G1 X101.9515 Y-255.0137
G1 X102.1641 Y-255.3281
G1 X102.5516 Y-255.3115
G1 X102.7402 Y-254.9831
G1 X102.6332 Y-254.6045
G1 X102.5109 Y-254.5032
G1 X102.1976 Y-254.4988
G1 X101.6296 Y-254.8280
G1 X100.9947 Y-254.8543
G1 X100.9193 Y-254.6597
G1 X101.0440 Y-254.4957
G1 X101.5280 Y-254.8869
G1 X101.0448 Y-255.3604
G1 X100.9447 Y-255.2839
G1 X100.9125 Y-255.0188
G1 X100.9752 Y-254.9484
G1 X100.9046 Y-255.2679
G1 X100.9501 Y-255.3546
G1 Z0.0000 F8000.0
G0 X105.4379 Y-254.8453 F15000.0
G1 Z11.9000 F8000.0
G1 X106.3291 Y-254.6543 F12000.0
G1 Z0.0000 F8000.0
G0 X116.2792 Y-257.1097 F15000.0
G1 Z11.9000 F8000.0
G1 X116.3476 Y-255.8998 F12000.0
G1 X117.2340 Y-257.1097
G1 Z0.0000 F8000.0
G0 X115.7699 Y-257.0142 F15000.0
G1 Z11.9000 F8000.0
G1 X115.3784 Y-257.1205 F12000.0
G1 X115.1466 Y-256.9900
G1 X115.0852 Y-256.8512
G1 X115.1514 Y-256.3687
G1 X115.2567 Y-256.2575
G1 X115.5705 Y-256.2580
G1 X115.7534 Y-256.3847
G1 X115.8017 Y-257.5235
G1 Z0.0000 F8000.0
G0 X114.1785 Y-256.2185 F15000.0
G1 Z11.9000 F8000.0
G1 X114.5606 Y-256.3147 F12000.0
G1 X114.7028 Y-256.7267
G1 X114.5257 Y-257.0689
G1 X114.2996 Y-257.1205
G1 X114.0303 Y-257.0239
G1 X114.0593 Y-257.0709
G1 X113.9409 Y-256.8131
G1 X114.1290 Y-256.2526
G1 X113.5849 Y-256.5985
G1 X112.8973 Y-256.7949
G1 X112.8754 Y-256.9442
G1 X112.8783 Y-256.8832
G1 X112.8981 Y-257.0390
G1 X113.0847 Y-257.1015
G1 X113.5153 Y-256.6573
G1 X112.9851 Y-256.2684
G1 X112.9250 Y-256.4024
G1 X112.9372 Y-257.1097
G1 Z0.0000 F8000.0
G0 X104.1835 Y-257.4376 F15000.0
G1 Z11.9000 F8000.0
G1 X104.4367 Y-258.1377 F12000.0
G1 X104.5993 Y-258.3774
G1 X104.6520 Y-258.6943
G1 X104.8370 Y-258.8683
G1 X104.7022 Y-258.7836
G1 X104.7210 Y-258.8317
G1 X104.5899 Y-258.3586
G1 X104.9474 Y-257.4694
G1 Z0.0000 F8000.0
G0 X105.3930 Y-258.3924 F15000.0
G1 Z11.9000 F8000.0
G1 X105.4375 Y-257.1099 F12000.0
G1 X106.4115 Y-258.3924
G1 Z0.0000 F8000.0
G0 X103.7061 Y-258.4561 F15000.0
G1 Z11.9000 F8000.0
G1 X103.8245 Y-258.3420 F12000.0
G1 X103.6630 Y-258.4589
G1 X103.4261 Y-258.4596
G1 X103.2982 Y-258.3777
G1 X103.2567 Y-258.2390
G1 X103.3955 Y-257.9671
G1 X103.5147 Y-257.9417
G1 X103.3391 Y-257.8118
G1 X103.3690 Y-257.5096
G1 X103.5830 Y-257.4555
G1 X103.8016 Y-257.5331
G1 Z0.0000 F8000.0
G0 X102.7512 Y-257.5331 F15000.0
G1 Z11.9000 F8000.0
G1 X102.6196 Y-257.4720 F12000.0
G1 X102.1670 Y-257.8445
G1 X102.6867 Y-257.9912
G1 X102.8071 Y-258.0927
G1 X102.8396 Y-258.3132
G1 X102.5958 Y-258.4666
G1 X102.2944 Y-258.3739
G1 X102.1245 Y-257.9495
G1 X102.0600 Y-258.3919
G1 X101.6285 Y-258.3588
G1 X101.6054 Y-257.5679
G1 X101.5566 Y-257.8995
G1 X100.9537 Y-257.9023
G1 X100.9075 Y-257.5581
G1 X100.8924 Y-258.3607
G1 X100.7879 Y-258.4003
G1 X100.4307 Y-258.2992
G1 X100.4987 Y-257.9270
G1 X100.3615 Y-257.5608
G1 X100.1154 Y-257.4398
G1 X99.8833 Y-257.4796
G1 X99.7496 Y-257.6460
G1 X99.7029 Y-258.2038
G1 X99.8468 Y-258.4122
G1 X99.7269 Y-258.2805
G1 X100.0070 Y-258.4636
G1 X100.3323 Y-258.3924
G1 Z0.0000 F8000.0
G0 X99.2183 Y-257.9787 F15000.0
G1 Z11.9000 F8000.0
G1 X99.1355 Y-257.5074 F12000.0
G1 X98.5843 Y-257.7743
G1 X98.6152 Y-257.9230
G1 X99.1637 Y-257.9688
G1 X98.7710 Y-258.4086
G1 X98.6337 Y-258.4058
G1 X98.5421 Y-258.3004
G1 X98.5898 Y-257.8715
G1 X98.5527 Y-258.0058
G1 X97.8867 Y-257.4717
G1 X97.4187 Y-257.8404
G1 X98.0588 Y-258.0827
G1 X98.1009 Y-258.3027
G1 X98.0102 Y-258.4264
G1 X97.8653 Y-258.4660
G1 X97.3508 Y-258.3726
G1 X97.3722 Y-257.9150
G1 Z0.0000 F8000.0
G0 X116.7461 Y-260.3329 F15000.0
G1 Z11.9000 F8000.0
G1 X115.7913 Y-260.3329 F12000.0
G1 Z0.0000 F8000.0
G0 X116.3324 Y-260.3329 F15000.0
G1 Z11.9000 F8000.0
G1 X116.3006 Y-261.6697 F12000.0
G1 Z0.0000 F8000.0
G0 X115.0911 Y-261.6697 F15000.0
G1 Z11.9000 F8000.0
G1 X115.0750 Y-261.2662 F12000.0
G1 X114.4928 Y-260.7847
G1 X114.1662 Y-260.9774
G1 X114.1553 Y-261.3600
G1 X114.0102 Y-261.6029
G1 X114.1379 Y-261.4315
G1 X113.8777 Y-261.6704
G1 X113.5690 Y-261.6096
G1 X113.3996 Y-261.4566
G1 X113.5108 Y-260.8417
G1 X113.8935 Y-260.7667
G1 X114.1044 Y-260.9058
G1 Z0.0000 F8000.0
G0 X114.5182 Y-261.6697 F15000.0
G1 Z11.9000 F8000.0
G1 X114.7760 Y-261.1600 F12000.0
G1 X114.7288 Y-261.3294
G1 X115.0673 Y-261.1309
G1 X115.0911 Y-260.7785
G1 Z0.0000 F8000.0
G0 X112.9586 Y-260.7785 F15000.0
G1 Z11.9000 F8000.0
G1 X112.9586 Y-261.6083 F12000.0
G1 X112.9446 Y-261.2515
G1 X112.3044 Y-261.2719
G1 X112.2603 Y-261.6159
G1 X112.2196 Y-260.7966
G1 X111.2080 Y-260.7467
G1 Z0.0000 F8000.0
G0 X111.5900 Y-260.7467 F15000.0
G1 Z11.9000 F8000.0
G1 X111.5368 Y-261.6307 F12000.0
G1 X110.8337 Y-261.5855
G1 X110.3684 Y-261.6580
G1 X110.1092 Y-261.3750
G1 X110.1707 Y-260.8920
G1 X110.3614 Y-260.7911
G1 X110.7534 Y-260.8567
G1 X110.8459 Y-261.3956
G1 X110.8413 Y-262.0220
G1 X110.1577 Y-261.5105
G1 Z0.0000 F8000.0
G0 X29.3648 Y-261.7981 F15000.0
G1 Z11.9000 F8000.0
G1 X29.4076 Y-260.2646 F12000.0
G1 X30.5106 Y-261.8618
G1 Z0.0000 F8000.0
G0 X28.7283 Y-261.6708 F15000.0
G1 Z11.9000 F8000.0
G1 X28.5276 Y-261.5522 F12000.0
G1 X27.9241 Y-260.7963
G1 X27.3342 Y-260.8614
G1 X27.3970 Y-261.4769
G1 X27.1843 Y-261.8028
G1 X27.0427 Y-261.8288
G1 X26.5284 Y-261.6399
G1 X25.8307 Y-261.7732
G1 X25.7703 Y-261.6820
G1 X25.8122 Y-260.7325
G1 X26.2138 Y-260.6841
G1 Z0.0000 F8000.0
G0 X26.5958 Y-260.8433 F15000.0
G1 Z11.9000 F8000.0
G1 X26.8738 Y-260.6795 F12000.0
G1 X27.2642 Y-260.7796
G1 Z0.0000 F8000.0
G0 X27.9007 Y-261.7981 F15000.0
G1 Z11.9000 F8000.0
G1 X27.9891 Y-260.9568 F12000.0
G1 X28.4689 Y-261.5195
G1 X28.2518 Y-261.1567
G1 X28.4318 Y-261.4626
G1 X28.7126 Y-261.6173
G1 X28.7601 Y-260.7160
G1 Z0.0000 F8000.0
G0 X25.7682 Y-260.7160 F15000.0
G1 Z11.9000 F8000.0
G1 X25.3545 Y-260.6841 F12000.0
G1 Z0.0000 F8000.0
G0 X13.0063 Y-260.6952 F15000.0
G1 Z11.9000 F8000.0
G1 X12.2639 Y-260.7023 F12000.0
G1 X11.8627 Y-260.9047
G1 X11.7407 Y-260.7722
G1 X11.8603 Y-260.9927
G1 X11.8935 Y-261.3915
G1 X11.5995 Y-261.7545
G1 X11.1325 Y-261.6308
G1 X10.9819 Y-261.2828
G1 X11.0644 Y-260.8884
G1 X11.4057 Y-260.6854
G1 X11.7014 Y-260.7270
G1 Z0.0000 F8000.0
G0 X11.8605 Y-261.5227 F15000.0
G1 Z11.9000 F8000.0
G1 X11.7014 Y-261.7137 F12000.0
G1 Z0.0000 F8000.0
G0 X12.6244 Y-261.7455 F15000.0
G1 Z11.9000 F8000.0
G1 X12.6562 Y-260.6952 F12000.0
G1 Z0.0000 F8000.0
G0 X13.4201 Y-260.7588 F15000.0
G1 Z11.9000 F8000.0
G1 X13.7362 Y-260.6815 F12000.0
G1 X13.9553 Y-260.7731
G1 X14.1200 Y-261.0449
G1 X14.1297 Y-261.4511
G1 X14.0178 Y-261.6625
G1 X13.8148 Y-261.7568
G1 X13.4261 Y-261.6603
G1 X13.2928 Y-261.4909
G1 Z0.0000 F8000.0
G0 X14.6296 Y-261.7137 F15000.0
G1 Z11.9000 F8000.0
G1 X14.9024 Y-261.0626 F12000.0
G1 X14.7107 Y-260.9178
G1 Z0.0000 F8000.0
G0 X14.8813 Y-261.0262 F15000.0
G1 Z11.9000 F8000.0
G1 X15.1511 Y-261.4115 F12000.0
G1 X15.3740 Y-261.5095
G1 X15.3965 Y-260.7684
G1 X14.9572 Y-261.0464
G1 X15.1307 Y-261.3788
G1 X15.3916 Y-261.6378
G1 X15.3935 Y-261.5863
G1 Z0.0000 F8000.0
G0 X15.9982 Y-261.7137 F15000.0
G1 Z11.9000 F8000.0
G1 X16.0421 Y-260.2701 F12000.0
G1 X16.9279 Y-261.7206
G1 X17.0485 Y-261.7773
G1 Z0.0000 F8000.0
G0 X10.4919 Y-261.2362 F15000.0
G1 Z11.9000 F8000.0
G1 X10.4397 Y-261.7081 F12000.0
G1 X9.8276 Y-261.7048
G1 X9.7560 Y-261.6249
G1 X9.8336 Y-261.2442
G1 X9.7951 Y-260.9422
G1 X10.0064 Y-260.7361
G1 X10.4411 Y-261.1424
G1 X9.8872 Y-261.2044
G1 Z0.0000 F8000.0
G0 X71.9414 Y-265.5097 F15000.0
G1 Z11.9000 F8000.0
G1 X71.8509 Y-266.6642 F12000.0
G1 X71.5620 Y-267.0555
G1 X71.4144 Y-267.1160
G1 X70.0401 Y-266.9994
G1 X69.9999 Y-268.1196
G1 Z0.0000 F8000.0
G0 X69.9999 Y-266.9738 F15000.0
G1 Z11.9000 F8000.0
G1 X69.9999 Y-265.5097 F12000.0
G1 Z0.0000 F8000.0
G0 X72.6734 Y-266.0190 F15000.0
G1 Z11.9000 F8000.0
G1 X72.9577 Y-265.6332 F12000.0
G1 X73.3341 Y-265.4714
G1 X74.2221 Y-265.6066
G1 X74.3845 Y-265.7196
G1 X74.3080 Y-265.6378
G1 X74.5719 Y-265.9174
G1 X74.7513 Y-266.3710
G1 X74.7844 Y-267.1941
G1 X74.5289 Y-267.7905
G1 X73.6329 Y-268.1752
G1 X73.2338 Y-268.1653
G1 X72.9532 Y-267.9973
G1 X72.6400 Y-267.5668
G1 X72.8962 Y-267.9923
G1 Z0.0000 F8000.0
G0 X64.0519 Y-265.5734 F15000.0
G1 Z11.9000 F8000.0
G1 X65.1115 Y-265.5963 F12000.0
G1 X65.3444 Y-266.5858
G1 X65.1592 Y-266.6383
G1 X64.4052 Y-266.5520
G1 X64.0147 Y-266.8451
G1 X63.9271 Y-267.0467
G1 X63.9378 Y-267.7353
G1 X64.2392 Y-268.1699
G1 X64.8268 Y-268.2970
G1 X65.2991 Y-268.0362
G1 X65.0068 Y-268.2469
G1 Z0.0000 F8000.0
G0 X66.8528 Y-268.1833 F15000.0
G1 Z11.9000 F8000.0
G1 X66.8752 Y-265.8678 F12000.0
G1 X67.3115 Y-266.0678
G1 X67.2091 Y-265.9864
G1 X67.4257 Y-266.1463
G1 Z0.0000 F8000.0
G0 X60.2235 Y-265.4779 F15000.0
G1 Z11.9000 F8000.0
G1 X61.8150 Y-268.1515 F12000.0
G1 Z0.0000 F8000.0
G0 X59.6825 Y-266.0508 F15000.0
G1 Z11.9000 F8000.0
G1 X59.8281 Y-267.1139 F12000.0
G1 X59.6350 Y-267.6542
G1 X59.2372 Y-268.0312
G1 X58.6857 Y-268.1967
G1 X57.8745 Y-267.9898
G1 X57.5838 Y-267.6831
G1 X57.8223 Y-267.9441
G1 X57.5043 Y-267.5100
G1 X57.3703 Y-266.9490
G1 X57.4826 Y-266.2180
G1 X57.6266 Y-265.9225
G1 X57.9116 Y-265.6445
G1 X58.9649 Y-265.4931
G1 X59.3946 Y-265.7142
G1 X59.6506 Y-265.9871
G1 Z0.0000 F8000.0
G0 X56.4678 Y-266.2418 F15000.0
G1 Z11.9000 F8000.0
G1 X56.5172 Y-267.1482 F12000.0
G1 X56.2351 Y-267.8162
G1 X55.3247 Y-268.1861
G1 X54.9129 Y-268.1451
G1 X54.6539 Y-267.9749
G1 X54.3632 Y-267.5685
G1 X54.6218 Y-267.9923
G1 Z0.0000 F8000.0
G0 X52.7121 Y-268.1515 F15000.0
G1 Z11.9000 F8000.0
G1 X52.7439 Y-265.4779 F12000.0
G1 Z0.0000 F8000.0
G0 X53.7306 Y-265.4779 F15000.0
G1 Z11.9000 F8000.0
G1 X51.6935 Y-265.4779 F12000.0
G1 Z0.0000 F8000.0
G0 X54.3990 Y-266.0190 F15000.0
G1 Z11.9000 F8000.0
G1 X54.6833 Y-265.6332 F12000.0
G1 X55.1383 Y-265.4618
G1 X56.0200 Y-265.6373
G1 X56.1759 Y-265.7597
G1 X56.4321 Y-266.1817
G1 X56.3355 Y-265.9769
G1 X56.3723 Y-266.0508
G1 Z0.0000 F8000.0
G0 X42.5698 Y-265.8280 F15000.0
G1 Z11.9000 F8000.0
G1 X42.1651 Y-265.5238 F12000.0
G1 X41.5621 Y-265.5401
G1 X41.1945 Y-265.8543
G1 X41.1325 Y-266.3750
G1 X41.5220 Y-266.9933
G1 X41.2596 Y-266.6367
G1 X42.3995 Y-267.7814
G1 X42.5204 Y-268.1684
G1 X41.1693 Y-268.1833
G1 Z0.0000 F8000.0
G0 X40.3418 Y-267.2921 F15000.0
G1 Z11.9000 F8000.0
G1 X39.6416 Y-267.2921 F12000.0
G1 Z0.0000 F8000.0
G0 X38.3048 Y-267.6104 F15000.0
G1 Z11.9000 F8000.0
G1 X37.5069 Y-265.6696 F12000.0
G1 X37.6672 Y-265.5744
G1 X38.8777 Y-265.5734
G1 Z0.0000 F8000.0
G0 X44.0339 Y-268.1833 F15000.0
G1 Z11.9000 F8000.0
G1 X44.0562 Y-265.8678 F12000.0
G1 X44.4926 Y-266.0678
G1 X44.3902 Y-265.9864
G1 X44.6068 Y-266.1463
G1 Z0.0000 F8000.0
G0 X46.2619 Y-267.4194 F15000.0
G1 Z11.9000 F8000.0
G1 X46.2853 Y-265.8049 F12000.0
G1 X46.5764 Y-265.9116
G1 X47.3793 Y-267.0222
G1 X47.4839 Y-267.4073
G1 X46.3086 Y-267.5233
G1 X46.2619 Y-268.1833
G1 Z0.0000 F8000.0
G0 X48.8081 Y-268.1833 F15000.0
G1 Z11.9000 F8000.0
G1 X49.1496 Y-266.0029 F12000.0
G1 X48.8390 Y-265.8706
G1 X49.3348 Y-266.0664
G1 X49.1901 Y-265.9553
G1 Z0.0000 F8000.0
G0 X36.0768 Y-268.2469 F15000.0
G1 Z11.9000 F8000.0
G1 X36.3728 Y-267.9799 F12000.0
G1 Z0.0000 F8000.0
G0 X36.0814 Y-268.2292 F15000.0
G1 Z11.9000 F8000.0
G1 X35.7935 Y-268.2963 F12000.0
G1 X35.4918 Y-268.2477
G1 X35.1519 Y-267.9522
G1 X34.9326 Y-267.4715
G1 X34.9445 Y-266.7801
G1 X35.1530 Y-265.8094
G1 X35.4992 Y-265.5235
G1 X35.9504 Y-265.5296
G1 X36.3944 Y-265.9330
G1 X36.5014 Y-266.6070
G1 X36.3362 Y-266.9354
G1 X36.1427 Y-267.1240
G1 X35.8633 Y-267.2104
G1 X35.4903 Y-267.1567
G1 X35.1158 Y-266.9954
G1 X35.2492 Y-267.0375
G1 Z0.0000 F8000.0
G0 X35.1219 Y-267.9287 F15000.0
G1 Z11.9000 F8000.0
G1 X35.3129 Y-268.1833 F12000.0
G1 Z0.0000 F8000.0
G0 X117.2173 Y-266.6336 F15000.0
G1 Z11.9000 F8000.0
G1 X117.2173 Y-267.8397 F12000.0
G1 X117.1816 Y-267.2307
G1 X116.3197 Y-267.2111
G1 X116.2648 Y-266.6983
G1 X116.2624 Y-267.9385
G1 Z0.0000 F8000.0
G0 X115.1803 Y-267.9385 F15000.0
G1 Z11.9000 F8000.0
G1 X115.1643 Y-267.5351 F12000.0
G1 X114.8412 Y-267.3245
G1 X114.6073 Y-267.0155
G1 Z0.0000 F8000.0
G0 X115.1803 Y-267.0473 F15000.0
G1 Z11.9000 F8000.0
G1 X115.1314 Y-267.4187 F12000.0
G1 X114.8283 Y-267.5941
G1 X114.8836 Y-267.4384
G1 X114.6256 Y-267.8861
G1 X114.2773 Y-267.6405
G1 X114.2184 Y-267.2454
G1 X114.0490 Y-267.0452
G1 X114.0894 Y-267.0771
G1 X113.8321 Y-267.0164
G1 X113.6137 Y-267.0901
G1 X113.4809 Y-267.7008
G1 X113.5633 Y-267.8279
G1 X113.8639 Y-267.9454
G1 X114.0092 Y-267.9140
G1 X114.2276 Y-267.7176
G1 X114.0024 Y-267.9290
G1 X113.1171 Y-267.9164
G1 X113.0796 Y-267.1020
G1 X113.0504 Y-267.4371
G1 X112.4382 Y-267.5170
G1 X112.3831 Y-267.8698
G1 X112.3578 Y-267.0844
G1 X111.2972 Y-267.0155
G1 Z0.0000 F8000.0
G0 X111.6791 Y-267.0155 F15000.0
G1 Z11.9000 F8000.0
G1 X111.6260 Y-267.8996 F12000.0
G1 X110.9228 Y-267.8544
G1 X110.4576 Y-267.9268
G1 X110.1984 Y-267.6439
G1 X110.2600 Y-267.1608
G1 X110.4506 Y-267.0599
G1 X110.8426 Y-267.1256
G1 X110.9351 Y-267.6645
G1 X110.9305 Y-268.2909
G1 X110.2469 Y-267.7794
G1 Z0.0000 F8000.0
G0 X117.0514 Y-268.5210 F15000.0
G1 Z11.9000 F8000.0
G1 X116.5083 Y-269.4197 F12000.0
G1 X116.6194 Y-269.7926
G1 X116.8399 Y-269.8433
G1 X116.3708 Y-269.3041
G1 X115.9749 Y-268.5810
G1 X115.6721 Y-268.9211
G1 X115.0144 Y-268.9347
G1 Z0.0000 F8000.0
G0 X115.3963 Y-268.9347 F15000.0
G1 Z11.9000 F8000.0
G1 X115.3470 Y-269.8089 F12000.0
G1 X114.6127 Y-269.3908
G1 X114.0000 Y-269.4911
G1 X114.0451 Y-269.0132
G1 X113.9649 Y-269.5392
G1 X114.1519 Y-269.8453
G1 X114.6364 Y-269.3949
G1 X114.0913 Y-268.9666
G1 Z0.0000 F8000.0

G0 Z0.0000 F800.0
G4 P0.06
G0 X0.0000 Y0.0000 F15000.0
M5
G4 P0.10
$1=0
