; grattage LSD max A4
G21
G90
G0 Z3.500
G0 X4.000 Y-25.397 F3500
G1 Z0.000 F900
G1 X176.000 Y-25.397 F1400
G1 X176.000 Y-254.603 F1400
G1 X4.000 Y-254.603 F1400
G1 X4.000 Y-25.397 F1400
G0 Z3.500
G0 X6.032 Y-28.396 F3500
G1 Z0.000 F900
G1 X6.023 Y-39.675 F1400
G0 Z3.500
G0 X6.304 Y-29.812 F3500
G1 Z0.000 F900
G1 X6.304 Y-45.554 F1400
G1 X6.112 Y-45.937 F1400
G1 X6.304 Y-46.897 F1400
G1 X6.112 Y-47.665 F1400
G1 X6.304 Y-48.625 F1400
G1 X6.112 Y-49.585 F1400
G1 X6.304 Y-49.777 F1400
G1 X6.304 Y-50.737 F1400
G1 X6.112 Y-51.504 F1400
G1 X6.304 Y-51.696 F1400
G1 X6.304 Y-54.768 F1400
G1 X6.496 Y-54.960 F1400
G1 X6.304 Y-55.152 F1400
G1 X6.304 Y-56.496 F1400
G0 Z3.500
G0 X6.590 Y-56.951 F3500
G1 Z0.000 F900
G1 X6.565 Y-66.550 F1400
G0 Z3.500
G0 X6.574 Y-67.029 F3500
G1 Z0.000 F900
G1 X6.554 Y-72.069 F1400
G0 Z3.500
G0 X6.112 Y-74.924 F3500
G1 Z0.000 F900
G1 X6.112 Y-73.772 F1400
G1 X6.304 Y-73.580 F1400
G1 X6.304 Y-67.629 F1400
G1 X6.112 Y-67.438 F1400
G1 X6.112 Y-66.478 F1400
G1 X6.304 Y-66.286 F1400
G1 X6.112 Y-66.094 F1400
G1 X6.112 Y-64.942 F1400
G1 X6.304 Y-64.750 F1400
G1 X6.304 Y-63.022 F1400
G1 X6.112 Y-62.830 F1400
G1 X6.304 Y-62.062 F1400
G1 X6.304 Y-59.183 F1400
G1 X6.112 Y-58.991 F1400
G1 X6.304 Y-57.071 F1400
G0 Z3.500
G0 X18.973 Y-69.933 F3500
G1 Z0.000 F900
G1 X19.165 Y-70.125 F1400
G1 X22.045 Y-70.125 F1400
G1 X22.237 Y-69.933 F1400
G1 X24.156 Y-69.933 F1400
G1 X24.348 Y-69.741 F1400
G0 Z3.500
G0 X22.237 Y-73.964 F3500
G1 Z0.000 F900
G1 X18.013 Y-74.156 F1400
G0 Z3.500
G0 X6.304 Y-79.339 F3500
G1 Z0.000 F900
G1 X6.304 Y-80.683 F1400
G1 X6.112 Y-80.875 F1400
G1 X6.112 Y-82.219 F1400
G1 X6.304 Y-82.411 F1400
G1 X6.112 Y-82.603 F1400
G1 X6.112 Y-91.625 F1400
G1 X6.304 Y-91.817 F1400
G1 X6.112 Y-92.009 F1400
G1 X6.112 Y-100.071 F1400
G1 X6.304 Y-100.263 F1400
G1 X6.112 Y-100.455 F1400
G1 X6.112 Y-104.103 F1400
G1 X6.304 Y-104.295 F1400
G1 X6.304 Y-105.638 F1400
G1 X6.112 Y-106.022 F1400
G1 X6.496 Y-106.982 F1400
G0 Z3.500
G0 X7.048 Y-107.767 F3500
G1 Z0.000 F900
G1 X9.216 Y-109.677 F1400
G0 Z3.500
G0 X9.183 Y-109.286 F3500
G1 Z0.000 F900
G1 X8.799 Y-108.902 F1400
G1 X7.647 Y-108.710 F1400
G1 X6.879 Y-108.134 F1400
G1 X6.496 Y-108.134 F1400
G0 Z3.500
G0 X6.682 Y-108.378 F3500
G1 Z0.000 F900
G1 X9.429 Y-111.154 F1400
G0 Z3.500
G0 X9.841 Y-110.053 F3500
G1 Z0.000 F900
G1 X10.519 Y-110.951 F1400
G1 X10.829 Y-111.590 F1400
G0 Z3.500
G0 X10.911 Y-111.205 F3500
G1 Z0.000 F900
G1 X11.487 Y-111.781 F1400
G1 X11.487 Y-113.893 F1400
G0 Z3.500
G0 X10.070 Y-113.352 F3500
G1 Z0.000 F900
G1 X8.438 Y-112.090 F1400
G1 X7.144 Y-110.211 F1400
G0 Z3.500
G0 X6.750 Y-109.902 F3500
G1 Z0.000 F900
G1 X6.168 Y-108.836 F1400
G1 X5.090 Y-107.902 F1400
G0 Z3.500
G0 X7.484 Y-107.687 F3500
G1 Z0.000 F900
G1 X8.435 Y-106.949 F1400
G1 X8.962 Y-105.509 F1400
G0 Z3.500
G0 X9.951 Y-103.911 F3500
G1 Z0.000 F900
G1 X11.679 Y-103.719 F1400
G1 X12.254 Y-103.911 F1400
G1 X13.598 Y-103.143 F1400
G1 X14.174 Y-103.335 F1400
G0 Z3.500
G0 X15.576 Y-104.090 F3500
G1 Z0.000 F900
G1 X18.488 Y-102.722 F1400
G0 Z3.500
G0 X18.581 Y-103.345 F3500
G1 Z0.000 F900
G1 X19.406 Y-104.212 F1400
G1 X19.750 Y-105.628 F1400
G0 Z3.500
G0 X20.421 Y-106.429 F3500
G1 Z0.000 F900
G1 X22.222 Y-107.025 F1400
G0 Z3.500
G0 X19.300 Y-107.102 F3500
G1 Z0.000 F900
G1 X17.904 Y-108.866 F1400
G0 Z3.500
G0 X16.965 Y-106.736 F3500
G1 Z0.000 F900
G1 X19.225 Y-104.211 F1400
G0 Z3.500
G0 X19.549 Y-103.143 F3500
G1 Z0.000 F900
G1 X18.781 Y-102.567 F1400
G1 X18.013 Y-102.567 F1400
G1 X16.670 Y-103.335 F1400
G1 X16.286 Y-103.335 F1400
G1 X15.710 Y-103.911 F1400
G0 Z3.500
G0 X13.337 Y-106.335 F3500
G1 Z0.000 F900
G1 X14.533 Y-108.851 F1400
G0 Z3.500
G0 X11.389 Y-110.030 F3500
G1 Z0.000 F900
G1 X10.559 Y-107.113 F1400
G0 Z3.500
G0 X11.266 Y-110.231 F3500
G1 Z0.000 F900
G1 X11.608 Y-112.175 F1400
G0 Z3.500
G0 X13.118 Y-113.468 F3500
G1 Z0.000 F900
G1 X12.440 Y-115.388 F1400
G0 Z3.500
G0 X11.607 Y-115.837 F3500
G1 Z0.000 F900
G1 X10.560 Y-117.472 F1400
G1 X9.830 Y-118.091 F1400
G0 Z3.500
G0 X10.002 Y-118.398 F3500
G1 Z0.000 F900
G1 X10.604 Y-119.535 F1400
G1 X11.819 Y-120.906 F1400
G0 Z3.500
G0 X12.421 Y-120.282 F3500
G1 Z0.000 F900
G1 X13.603 Y-120.993 F1400
G1 X14.008 Y-121.709 F1400
G0 Z3.500
G0 X13.651 Y-122.009 F3500
G1 Z0.000 F900
G1 X15.405 Y-122.682 F1400
G0 Z3.500
G0 X15.549 Y-122.845 F3500
G1 Z0.000 F900
G1 X16.643 Y-123.917 F1400
G1 X17.022 Y-124.521 F1400
G0 Z3.500
G0 X16.478 Y-123.875 F3500
G1 Z0.000 F900
G1 X15.518 Y-124.451 F1400
G1 X14.942 Y-125.219 F1400
G0 Z3.500
G0 X14.822 Y-125.061 F3500
G1 Z0.000 F900
G1 X15.643 Y-122.941 F1400
G0 Z3.500
G0 X15.710 Y-122.339 F3500
G1 Z0.000 F900
G1 X15.710 Y-122.915 F1400
G1 X16.478 Y-123.683 F1400
G0 Z3.500
G0 X16.862 Y-122.339 F3500
G1 Z0.000 F900
G1 X17.246 Y-121.955 F1400
G1 X17.438 Y-120.804 F1400
G0 Z3.500
G0 X17.438 Y-120.420 F3500
G1 Z0.000 F900
G1 X16.286 Y-119.460 F1400
G0 Z3.500
G0 X15.902 Y-119.652 F3500
G1 Z0.000 F900
G1 X15.518 Y-120.612 F1400
G1 X15.518 Y-121.379 F1400
G0 Z3.500
G0 X14.961 Y-120.126 F3500
G1 Z0.000 F900
G1 X13.408 Y-121.889 F1400
G0 Z3.500
G0 X13.361 Y-120.062 F3500
G1 Z0.000 F900
G1 X14.173 Y-118.184 F1400
G1 X14.603 Y-115.786 F1400
G0 Z3.500
G0 X14.983 Y-116.193 F3500
G1 Z0.000 F900
G1 X14.546 Y-119.005 F1400
G0 Z3.500
G0 X15.117 Y-119.322 F3500
G1 Z0.000 F900
G1 X16.316 Y-120.587 F1400
G1 X17.454 Y-121.902 F1400
G0 Z3.500
G0 X17.715 Y-121.986 F3500
G1 Z0.000 F900
G1 X17.494 Y-119.325 F1400
G0 Z3.500
G0 X16.785 Y-117.420 F3500
G1 Z0.000 F900
G1 X16.813 Y-115.020 F1400
G0 Z3.500
G0 X16.824 Y-115.838 F3500
G1 Z0.000 F900
G1 X17.429 Y-116.251 F1400
G1 X18.435 Y-117.323 F1400
G0 Z3.500
G0 X15.813 Y-116.604 F3500
G1 Z0.000 F900
G1 X14.803 Y-114.469 F1400
G0 Z3.500
G0 X13.718 Y-114.242 F3500
G1 Z0.000 F900
G1 X13.119 Y-116.671 F1400
G0 Z3.500
G0 X13.598 Y-117.156 F3500
G1 Z0.000 F900
G1 X13.790 Y-117.924 F1400
G1 X14.174 Y-118.308 F1400
G1 X15.326 Y-118.500 F1400
G0 Z3.500
G0 X15.518 Y-118.308 F3500
G1 Z0.000 F900
G1 X14.942 Y-116.580 F1400
G0 Z3.500
G0 X13.548 Y-117.784 F3500
G1 Z0.000 F900
G1 X11.784 Y-116.724 F1400
G0 Z3.500
G0 X10.330 Y-116.350 F3500
G1 Z0.000 F900
G1 X8.932 Y-118.628 F1400
G0 Z3.500
G0 X9.594 Y-118.899 F3500
G1 Z0.000 F900
G1 X9.205 Y-120.837 F1400
G0 Z3.500
G0 X9.372 Y-120.958 F3500
G1 Z0.000 F900
G1 X7.704 Y-121.705 F1400
G0 Z3.500
G0 X7.439 Y-121.973 F3500
G1 Z0.000 F900
G1 X7.067 Y-124.389 F1400
G0 Z3.500
G0 X7.071 Y-124.067 F3500
G1 Z0.000 F900
G1 X7.647 Y-124.643 F1400
G1 X8.415 Y-124.643 F1400
G1 X9.375 Y-125.411 F1400
G0 Z3.500
G0 X9.582 Y-125.197 F3500
G1 Z0.000 F900
G1 X8.276 Y-124.051 F1400
G0 Z3.500
G0 X7.945 Y-124.618 F3500
G1 Z0.000 F900
G1 X8.109 Y-121.974 F1400
G0 Z3.500
G0 X8.351 Y-123.027 F3500
G1 Z0.000 F900
G1 X7.278 Y-124.122 F1400
G1 X6.560 Y-125.491 F1400
G0 Z3.500
G0 X6.484 Y-125.010 F3500
G1 Z0.000 F900
G1 X8.438 Y-125.119 F1400
G0 Z3.500
G0 X9.382 Y-124.217 F3500
G1 Z0.000 F900
G1 X8.722 Y-125.552 F1400
G1 X8.216 Y-126.604 F1400
G0 Z3.500
G0 X8.677 Y-127.579 F3500
G1 Z0.000 F900
G1 X10.597 Y-127.558 F1400
G0 Z3.500
G0 X10.527 Y-127.330 F3500
G1 Z0.000 F900
G1 X9.567 Y-126.946 F1400
G1 X8.799 Y-127.330 F1400
G1 X8.415 Y-127.906 F1400
G0 Z3.500
G0 X8.415 Y-127.906 F3500
G1 Z0.000 F900
G1 X9.183 Y-128.482 F1400
G1 X10.527 Y-128.482 F1400
G1 X12.062 Y-128.866 F1400
G0 Z3.500
G0 X12.052 Y-128.697 F3500
G1 Z0.000 F900
G1 X11.843 Y-126.295 F1400
G0 Z3.500
G0 X12.254 Y-126.179 F3500
G1 Z0.000 F900
G1 X12.446 Y-126.562 F1400
G1 X12.254 Y-126.754 F1400
G1 X12.254 Y-128.674 F1400
G0 Z3.500
G0 X12.254 Y-128.866 F3500
G1 Z0.000 F900
G1 X12.830 Y-129.250 F1400
G1 X13.790 Y-129.442 F1400
G1 X14.942 Y-129.442 F1400
G1 X15.134 Y-129.250 F1400
G0 Z3.500
G0 X15.134 Y-129.058 F3500
G1 Z0.000 F900
G1 X15.134 Y-127.330 F1400
G1 X14.750 Y-126.946 F1400
G1 X14.366 Y-126.946 F1400
G1 X13.406 Y-127.714 F1400
G0 Z3.500
G0 X12.652 Y-128.934 F3500
G1 Z0.000 F900
G1 X12.576 Y-126.537 F1400
G0 Z3.500
G0 X11.104 Y-126.970 F3500
G1 Z0.000 F900
G1 X9.417 Y-126.821 F1400
G0 Z3.500
G0 X8.415 Y-127.906 F3500
G1 Z0.000 F900
G1 X6.496 Y-127.522 F1400
G0 Z3.500
G0 X6.304 Y-127.714 F3500
G1 Z0.000 F900
G1 X6.112 Y-132.513 F1400
G0 Z3.500
G0 X6.112 Y-137.312 F3500
G1 Z0.000 F900
G1 X6.112 Y-141.344 F1400
G1 X6.304 Y-141.536 F1400
G1 X6.112 Y-142.304 F1400
G1 X6.112 Y-146.335 F1400
G1 X6.304 Y-146.527 F1400
G1 X6.112 Y-146.719 F1400
G1 X6.112 Y-163.036 F1400
G1 X6.304 Y-163.996 F1400
G0 Z3.500
G0 X6.304 Y-164.379 F3500
G1 Z0.000 F900
G1 X6.112 Y-165.147 F1400
G1 X6.112 Y-186.455 F1400
G1 X6.304 Y-186.647 F1400
G1 X6.112 Y-187.415 F1400
G1 X6.112 Y-193.942 F1400
G1 X6.304 Y-194.134 F1400
G1 X6.112 Y-202.196 F1400
G1 X6.304 Y-202.772 F1400
G0 Z3.500
G0 X8.031 Y-202.388 F3500
G1 Z0.000 F900
G1 X8.031 Y-204.500 F1400
G1 X8.223 Y-204.692 F1400
G1 X8.031 Y-205.652 F1400
G0 Z3.500
G0 X7.783 Y-204.775 F3500
G1 Z0.000 F900
G1 X7.886 Y-201.882 F1400
G0 Z3.500
G0 X7.839 Y-201.237 F3500
G1 Z0.000 F900
G1 X7.839 Y-198.741 F1400
G0 Z3.500
G0 X7.036 Y-200.494 F3500
G1 Z0.000 F900
G1 X7.449 Y-201.749 F1400
G1 X8.259 Y-203.515 F1400
G0 Z3.500
G0 X9.812 Y-203.158 F3500
G1 Z0.000 F900
G1 X10.136 Y-203.768 F1400
G1 X10.090 Y-204.306 F1400
G0 Z3.500
G0 X9.759 Y-204.692 F3500
G1 Z0.000 F900
G1 X9.759 Y-203.156 F1400
G1 X10.143 Y-202.388 F1400
G1 X10.143 Y-201.429 F1400
G0 Z3.500
G0 X12.830 Y-202.580 F3500
G1 Z0.000 F900
G1 X12.446 Y-202.772 F1400
G1 X12.062 Y-203.732 F1400
G0 Z3.500
G0 X11.871 Y-204.692 F3500
G1 Z0.000 F900
G1 X11.487 Y-205.652 F1400
G1 X11.679 Y-206.036 F1400
G0 Z3.500
G0 X12.581 Y-206.423 F3500
G1 Z0.000 F900
G1 X12.626 Y-206.946 F1400
G1 X13.079 Y-207.952 F1400
G0 Z3.500
G0 X12.504 Y-208.835 F3500
G1 Z0.000 F900
G1 X11.107 Y-211.259 F1400
G0 Z3.500
G0 X10.719 Y-212.179 F3500
G1 Z0.000 F900
G1 X10.335 Y-212.754 F1400
G1 X10.335 Y-214.290 F1400
G1 X9.375 Y-216.018 F1400
G1 X8.607 Y-218.321 F1400
G0 Z3.500
G0 X9.183 Y-220.049 F3500
G1 Z0.000 F900
G1 X7.647 Y-223.504 F1400
G1 X7.455 Y-227.152 F1400
G1 X7.263 Y-227.344 F1400
G0 Z3.500
G0 X6.945 Y-227.310 F3500
G1 Z0.000 F900
G1 X7.087 Y-229.955 F1400
G0 Z3.500
G0 X6.496 Y-229.839 F3500
G1 Z0.000 F900
G1 X6.112 Y-229.071 F1400
G1 X6.112 Y-227.152 F1400
G1 X5.920 Y-226.960 F1400
G0 Z3.500
G0 X6.112 Y-226.576 F3500
G1 Z0.000 F900
G1 X6.112 Y-225.040 F1400
G1 X5.920 Y-224.848 F1400
G1 X6.112 Y-224.656 F1400
G1 X6.304 Y-219.857 F1400
G0 Z3.500
G0 X6.304 Y-219.665 F3500
G1 Z0.000 F900
G1 X6.112 Y-219.473 F1400
G1 X6.112 Y-211.987 F1400
G1 X6.304 Y-211.795 F1400
G0 Z3.500
G0 X6.304 Y-211.411 F3500
G1 Z0.000 F900
G1 X6.112 Y-211.027 F1400
G1 X6.112 Y-207.763 F1400
G0 Z3.500
G0 X7.263 Y-207.379 F3500
G1 Z0.000 F900
G1 X6.879 Y-208.531 F1400
G1 X6.879 Y-210.259 F1400
G0 Z3.500
G0 X8.217 Y-210.516 F3500
G1 Z0.000 F900
G1 X8.068 Y-211.546 F1400
G1 X7.845 Y-211.922 F1400
G0 Z3.500
G0 X7.455 Y-211.795 F3500
G1 Z0.000 F900
G1 X8.031 Y-211.219 F1400
G1 X8.607 Y-209.875 F1400
G0 Z3.500
G0 X8.050 Y-211.200 F3500
G1 Z0.000 F900
G1 X7.676 Y-214.597 F1400
G0 Z3.500
G0 X7.455 Y-214.482 F3500
G1 Z0.000 F900
G1 X7.263 Y-211.987 F1400
G0 Z3.500
G0 X6.740 Y-211.725 F3500
G1 Z0.000 F900
G1 X7.152 Y-214.615 F1400
G0 Z3.500
G0 X6.239 Y-214.705 F3500
G1 Z0.000 F900
G1 X6.191 Y-213.567 F1400
G1 X5.216 Y-211.956 F1400
G0 Z3.500
G0 X8.733 Y-213.048 F3500
G1 Z0.000 F900
G1 X9.113 Y-214.321 F1400
G1 X9.250 Y-215.149 F1400
G0 Z3.500
G0 X11.295 Y-214.482 F3500
G1 Z0.000 F900
G1 X12.254 Y-215.250 F1400
G1 X12.830 Y-216.210 F1400
G0 Z3.500
G0 X13.858 Y-217.075 F3500
G1 Z0.000 F900
G1 X11.926 Y-214.445 F1400
G0 Z3.500
G0 X16.670 Y-213.906 F3500
G1 Z0.000 F900
G1 X17.821 Y-216.402 F1400
G0 Z3.500
G0 X18.530 Y-216.277 F3500
G1 Z0.000 F900
G1 X17.480 Y-213.579 F1400
G0 Z3.500
G0 X18.589 Y-214.098 F3500
G1 Z0.000 F900
G1 X19.165 Y-215.826 F1400
G1 X19.741 Y-216.402 F1400
G0 Z3.500
G0 X19.741 Y-216.402 F3500
G1 Z0.000 F900
G1 X20.125 Y-216.018 F1400
G1 X20.125 Y-215.634 F1400
G1 X20.701 Y-215.250 F1400
G0 Z3.500
G0 X20.893 Y-215.058 F3500
G1 Z0.000 F900
G1 X20.893 Y-214.482 F1400
G1 X21.469 Y-213.522 F1400
G1 X21.853 Y-211.603 F1400
G0 Z3.500
G0 X22.050 Y-211.472 F3500
G1 Z0.000 F900
G1 X21.624 Y-214.120 F1400
G0 Z3.500
G0 X21.163 Y-214.437 F3500
G1 Z0.000 F900
G1 X20.714 Y-216.013 F1400
G1 X19.855 Y-217.599 F1400
G0 Z3.500
G0 X23.834 Y-216.981 F3500
G1 Z0.000 F900
G1 X23.998 Y-213.401 F1400
G0 Z3.500
G0 X25.692 Y-214.290 F3500
G1 Z0.000 F900
G1 X24.732 Y-215.442 F1400
G0 Z3.500
G0 X24.540 Y-215.634 F3500
G1 Z0.000 F900
G1 X24.348 Y-215.826 F1400
G1 X24.348 Y-218.129 F1400
G0 Z3.500
G0 X24.508 Y-218.368 F3500
G1 Z0.000 F900
G1 X25.706 Y-214.289 F1400
G0 Z3.500
G0 X24.224 Y-215.332 F3500
G1 Z0.000 F900
G1 X24.420 Y-216.417 F1400
G1 X24.089 Y-217.088 F1400
G0 Z3.500
G0 X27.804 Y-216.978 F3500
G1 Z0.000 F900
G1 X28.955 Y-216.018 F1400
G0 Z3.500
G0 X30.107 Y-212.371 F3500
G1 Z0.000 F900
G1 X29.531 Y-212.371 F1400
G1 X29.339 Y-211.795 F1400
G1 X30.491 Y-208.723 F1400
G1 X31.259 Y-208.147 F1400
G0 Z3.500
G0 X31.835 Y-205.652 F3500
G1 Z0.000 F900
G1 X32.411 Y-205.076 F1400
G1 X32.411 Y-202.772 F1400
G0 Z3.500
G0 X34.522 Y-202.580 F3500
G1 Z0.000 F900
G1 X35.290 Y-204.884 F1400
G1 X36.058 Y-205.844 F1400
G0 Z3.500
G0 X38.012 Y-206.412 F3500
G1 Z0.000 F900
G1 X38.469 Y-203.769 F1400
G0 Z3.500
G0 X40.281 Y-205.268 F3500
G1 Z0.000 F900
G1 X41.241 Y-203.924 F1400
G1 X42.009 Y-203.732 F1400
G1 X43.161 Y-202.580 F1400
G0 Z3.500
G0 X44.121 Y-204.116 F3500
G1 Z0.000 F900
G1 X42.585 Y-205.844 F1400
G0 Z3.500
G0 X42.393 Y-209.683 F3500
G1 Z0.000 F900
G1 X41.049 Y-212.562 F1400
G1 X40.665 Y-214.098 F1400
G0 Z3.500
G0 X37.786 Y-214.866 F3500
G1 Z0.000 F900
G1 X37.978 Y-211.411 F1400
G0 Z3.500
G0 X36.250 Y-215.442 F3500
G1 Z0.000 F900
G1 X35.098 Y-216.594 F1400
G0 Z3.500
G0 X34.522 Y-215.442 F3500
G1 Z0.000 F900
G1 X33.562 Y-217.938 F1400
G1 X33.946 Y-218.321 F1400
G1 X34.714 Y-218.321 F1400
G0 Z3.500
G0 X32.219 Y-218.129 F3500
G1 Z0.000 F900
G1 X32.795 Y-216.594 F1400
G0 Z3.500
G0 X34.522 Y-221.585 F3500
G1 Z0.000 F900
G1 X37.210 Y-225.424 F1400
G1 X37.594 Y-225.616 F1400
G0 Z3.500
G0 X37.052 Y-225.599 F3500
G1 Z0.000 F900
G1 X35.373 Y-223.199 F1400
G0 Z3.500
G0 X37.723 Y-222.361 F3500
G1 Z0.000 F900
G1 X37.530 Y-223.584 F1400
G1 X37.081 Y-225.416 F1400
G0 Z3.500
G0 X40.089 Y-228.879 F3500
G1 Z0.000 F900
G1 X39.705 Y-229.263 F1400
G1 X39.705 Y-229.647 F1400
G1 X39.129 Y-230.031 F1400
G0 Z3.500
G0 X40.089 Y-231.567 F3500
G1 Z0.000 F900
G1 X39.321 Y-233.103 F1400
G1 X38.170 Y-234.446 F1400
G1 X37.210 Y-236.174 F1400
G0 Z3.500
G0 X37.600 Y-236.273 F3500
G1 Z0.000 F900
G1 X41.070 Y-230.437 F1400
G0 Z3.500
G0 X41.433 Y-230.799 F3500
G1 Z0.000 F900
G1 X40.089 Y-234.254 F1400
G0 Z3.500
G0 X40.146 Y-234.772 F3500
G1 Z0.000 F900
G1 X41.520 Y-231.385 F1400
G0 Z3.500
G0 X41.625 Y-235.790 F3500
G1 Z0.000 F900
G1 X40.473 Y-236.750 F1400
G0 Z3.500
G0 X38.554 Y-237.134 F3500
G1 Z0.000 F900
G1 X37.402 Y-237.134 F1400
G1 X36.442 Y-237.518 F1400
G0 Z3.500
G0 X36.442 Y-240.205 F3500
G1 Z0.000 F900
G1 X35.290 Y-242.125 F1400
G0 Z3.500
G0 X33.562 Y-244.045 F3500
G1 Z0.000 F900
G1 X33.754 Y-244.429 F1400
G1 X33.754 Y-246.540 F1400
G0 Z3.500
G0 X34.522 Y-247.692 F3500
G1 Z0.000 F900
G1 X34.138 Y-247.884 F1400
G1 X34.138 Y-249.420 F1400
G1 X34.330 Y-249.996 F1400
G1 X34.714 Y-250.188 F1400
G0 Z3.500
G0 X33.574 Y-249.482 F3500
G1 Z0.000 F900
G1 X33.519 Y-250.449 F1400
G1 X33.935 Y-251.661 F1400
G0 Z3.500
G0 X35.098 Y-252.491 F3500
G1 Z0.000 F900
G1 X17.629 Y-252.491 F1400
G1 X17.438 Y-252.299 F1400
G0 Z3.500
G0 X17.246 Y-252.107 F3500
G1 Z0.000 F900
G1 X17.821 Y-250.571 F1400
G1 X17.821 Y-249.420 F1400
G1 X18.205 Y-248.652 F1400
G0 Z3.500
G0 X18.236 Y-249.184 F3500
G1 Z0.000 F900
G1 X17.860 Y-251.804 F1400
G0 Z3.500
G0 X16.893 Y-252.207 F3500
G1 Z0.000 F900
G1 X16.915 Y-250.972 F1400
G1 X16.062 Y-250.088 F1400
G0 Z3.500
G0 X16.670 Y-250.188 F3500
G1 Z0.000 F900
G1 X16.670 Y-249.036 F1400
G1 X16.094 Y-247.308 F1400
G0 Z3.500
G0 X15.902 Y-247.116 F3500
G1 Z0.000 F900
G1 X14.366 Y-247.884 F1400
G0 Z3.500
G0 X14.375 Y-247.981 F3500
G1 Z0.000 F900
G1 X15.908 Y-251.878 F1400
G0 Z3.500
G0 X15.710 Y-252.299 F3500
G1 Z0.000 F900
G1 X14.558 Y-249.612 F1400
G1 X14.174 Y-248.076 F1400
G0 Z3.500
G0 X14.232 Y-248.211 F3500
G1 Z0.000 F900
G1 X14.912 Y-246.505 F1400
G1 X15.652 Y-244.869 F1400
G0 Z3.500
G0 X15.145 Y-244.777 F3500
G1 Z0.000 F900
G1 X15.603 Y-243.815 F1400
G1 X15.891 Y-242.544 F1400
G0 Z3.500
G0 X16.478 Y-241.741 F3500
G1 Z0.000 F900
G1 X16.478 Y-242.317 F1400
G1 X17.246 Y-243.661 F1400
G0 Z3.500
G0 X17.246 Y-243.853 F3500
G1 Z0.000 F900
G1 X17.438 Y-245.196 F1400
G1 X17.821 Y-245.580 F1400
G0 Z3.500
G0 X17.438 Y-246.156 F3500
G1 Z0.000 F900
G1 X16.094 Y-246.732 F1400
G0 Z3.500
G0 X15.168 Y-245.520 F3500
G1 Z0.000 F900
G1 X13.949 Y-246.837 F1400
G1 X12.028 Y-247.945 F1400
G0 Z3.500
G0 X12.225 Y-247.674 F3500
G1 Z0.000 F900
G1 X12.489 Y-246.475 F1400
G1 X13.052 Y-245.791 F1400
G0 Z3.500
G0 X13.104 Y-246.474 F3500
G1 Z0.000 F900
G1 X15.222 Y-251.769 F1400
G0 Z3.500
G0 X15.518 Y-252.491 F3500
G1 Z0.000 F900
G1 X12.446 Y-252.491 F1400
G1 X12.254 Y-252.683 F1400
G1 X12.062 Y-252.491 F1400
G0 Z3.500
G0 X11.679 Y-252.491 F3500
G1 Z0.000 F900
G1 X9.567 Y-252.491 F1400
G0 Z3.500
G0 X9.375 Y-252.299 F3500
G1 Z0.000 F900
G1 X9.183 Y-250.571 F1400
G0 Z3.500
G0 X9.155 Y-250.836 F3500
G1 Z0.000 F900
G1 X7.197 Y-243.714 F1400
G0 Z3.500
G0 X7.263 Y-243.853 F3500
G1 Z0.000 F900
G1 X7.455 Y-246.924 F1400
G1 X8.799 Y-249.612 F1400
G0 Z3.500
G0 X8.769 Y-249.388 F3500
G1 Z0.000 F900
G1 X8.953 Y-248.629 F1400
G1 X9.597 Y-247.532 F1400
G0 Z3.500
G0 X9.850 Y-247.765 F3500
G1 Z0.000 F900
G1 X10.286 Y-249.744 F1400
G1 X10.819 Y-251.075 F1400
G0 Z3.500
G0 X10.911 Y-251.531 F3500
G1 Z0.000 F900
G1 X9.567 Y-250.379 F1400
G0 Z3.500
G0 X8.889 Y-250.343 F3500
G1 Z0.000 F900
G1 X8.971 Y-251.787 F1400
G1 X9.094 Y-253.487 F1400
G0 Z3.500
G0 X9.183 Y-252.491 F3500
G1 Z0.000 F900
G1 X7.071 Y-252.491 F1400
G0 Z3.500
G0 X6.501 Y-251.556 F3500
G1 Z0.000 F900
G1 X6.430 Y-235.957 F1400
G0 Z3.500
G0 X7.507 Y-237.643 F3500
G1 Z0.000 F900
G1 X7.416 Y-242.201 F1400
G0 Z3.500
G0 X8.031 Y-241.165 F3500
G1 Z0.000 F900
G1 X7.647 Y-241.549 F1400
G1 X7.647 Y-241.933 F1400
G1 X8.031 Y-242.509 F1400
G1 X8.031 Y-243.277 F1400
G1 X8.415 Y-244.045 F1400
G0 Z3.500
G0 X8.229 Y-244.518 F3500
G1 Z0.000 F900
G1 X9.591 Y-243.229 F1400
G1 X10.521 Y-241.651 F1400
G0 Z3.500
G0 X10.527 Y-240.973 F3500
G1 Z0.000 F900
G1 X10.719 Y-241.549 F1400
G1 X11.487 Y-242.317 F1400
G1 X11.679 Y-243.085 F1400
G0 Z3.500
G0 X12.691 Y-242.603 F3500
G1 Z0.000 F900
G1 X12.642 Y-242.165 F1400
G1 X12.970 Y-240.879 F1400
G0 Z3.500
G0 X13.406 Y-241.741 F3500
G1 Z0.000 F900
G1 X14.366 Y-240.205 F1400
G1 X15.326 Y-239.438 F1400
G1 X16.094 Y-237.326 F1400
G0 Z3.500
G0 X15.620 Y-236.341 F3500
G1 Z0.000 F900
G1 X15.910 Y-234.697 F1400
G1 X16.567 Y-233.320 F1400
G0 Z3.500
G0 X17.438 Y-233.487 F3500
G1 Z0.000 F900
G1 X17.438 Y-236.174 F1400
G1 X17.246 Y-236.366 F1400
G0 Z3.500
G0 X16.679 Y-236.335 F3500
G1 Z0.000 F900
G1 X17.766 Y-239.731 F1400
G0 Z3.500
G0 X17.381 Y-240.253 F3500
G1 Z0.000 F900
G1 X17.618 Y-241.533 F1400
G1 X17.878 Y-242.845 F1400
G0 Z3.500
G0 X19.165 Y-241.741 F3500
G1 Z0.000 F900
G1 X16.670 Y-241.549 F1400
G0 Z3.500
G0 X18.013 Y-239.054 F3500
G1 Z0.000 F900
G1 X18.205 Y-238.862 F1400
G1 X21.661 Y-238.670 F1400
G0 Z3.500
G0 X21.408 Y-238.990 F3500
G1 Z0.000 F900
G1 X18.509 Y-239.204 F1400
G0 Z3.500
G0 X18.652 Y-238.114 F3500
G1 Z0.000 F900
G1 X18.855 Y-233.063 F1400
G0 Z3.500
G0 X18.589 Y-233.103 F3500
G1 Z0.000 F900
G1 X18.397 Y-237.518 F1400
G1 X17.821 Y-237.710 F1400
G0 Z3.500
G0 X18.033 Y-237.878 F3500
G1 Z0.000 F900
G1 X18.246 Y-233.317 F1400
G0 Z3.500
G0 X20.317 Y-234.446 F3500
G1 Z0.000 F900
G1 X19.933 Y-234.062 F1400
G1 X19.933 Y-233.487 F1400
G1 X21.469 Y-232.143 F1400
G1 X21.469 Y-231.759 F1400
G1 X22.429 Y-230.799 F1400
G0 Z3.500
G0 X23.004 Y-232.143 F3500
G1 Z0.000 F900
G1 X23.388 Y-232.335 F1400
G1 X23.580 Y-233.679 F1400
G0 Z3.500
G0 X23.627 Y-233.735 F3500
G1 Z0.000 F900
G1 X23.704 Y-233.095 F1400
G1 X23.149 Y-232.470 F1400
G0 Z3.500
G0 X25.500 Y-234.062 F3500
G1 Z0.000 F900
G1 X25.308 Y-234.638 F1400
G1 X25.500 Y-235.406 F1400
G1 X25.116 Y-235.982 F1400
G0 Z3.500
G0 X26.268 Y-234.638 F3500
G1 Z0.000 F900
G1 X27.420 Y-232.719 F1400
G0 Z3.500
G0 X25.991 Y-231.704 F3500
G1 Z0.000 F900
G1 X25.811 Y-230.908 F1400
G1 X26.161 Y-230.278 F1400
G0 Z3.500
G0 X26.076 Y-229.647 F3500
G1 Z0.000 F900
G1 X25.692 Y-230.415 F1400
G1 X25.692 Y-231.183 F1400
G0 Z3.500
G0 X24.348 Y-229.647 F3500
G1 Z0.000 F900
G1 X25.884 Y-227.920 F1400
G1 X26.460 Y-227.728 F1400
G0 Z3.500
G0 X24.156 Y-227.152 F3500
G1 Z0.000 F900
G1 X21.469 Y-228.879 F1400
G0 Z3.500
G0 X21.469 Y-224.464 F3500
G1 Z0.000 F900
G1 X21.277 Y-221.585 F1400
G0 Z3.500
G0 X26.043 Y-224.146 F3500
G1 Z0.000 F900
G1 X27.507 Y-220.075 F1400
G0 Z3.500
G0 X27.228 Y-220.049 F3500
G1 Z0.000 F900
G1 X27.036 Y-220.817 F1400
G1 X26.460 Y-221.393 F1400
G1 X26.460 Y-222.161 F1400
G1 X25.884 Y-223.504 F1400
G1 X25.692 Y-225.424 F1400
G0 Z3.500
G0 X30.875 Y-224.848 F3500
G1 Z0.000 F900
G1 X30.683 Y-225.232 F1400
G1 X31.067 Y-225.424 F1400
G1 X31.643 Y-223.888 F1400
G1 X32.027 Y-223.696 F1400
G0 Z3.500
G0 X33.946 Y-231.567 F3500
G1 Z0.000 F900
G1 X32.795 Y-232.911 F1400
G0 Z3.500
G0 X33.562 Y-233.871 F3500
G1 Z0.000 F900
G1 X31.835 Y-235.598 F1400
G0 Z3.500
G0 X29.339 Y-238.670 F3500
G1 Z0.000 F900
G1 X30.491 Y-239.629 F1400
G0 Z3.500
G0 X30.683 Y-239.821 F3500
G1 Z0.000 F900
G1 X31.643 Y-241.549 F1400
G1 X32.027 Y-243.277 F1400
G0 Z3.500
G0 X32.105 Y-242.622 F3500
G1 Z0.000 F900
G1 X28.783 Y-238.216 F1400
G0 Z3.500
G0 X28.785 Y-239.672 F3500
G1 Z0.000 F900
G1 X31.546 Y-243.830 F1400
G0 Z3.500
G0 X31.451 Y-244.429 F3500
G1 Z0.000 F900
G1 X30.875 Y-243.661 F1400
G1 X30.299 Y-241.933 F1400
G0 Z3.500
G0 X26.652 Y-241.357 F3500
G1 Z0.000 F900
G1 X25.692 Y-241.933 F1400
G1 X24.540 Y-243.085 F1400
G1 X23.580 Y-244.237 F1400
G1 X23.580 Y-245.004 F1400
G0 Z3.500
G0 X22.736 Y-246.536 F3500
G1 Z0.000 F900
G1 X25.587 Y-242.114 F1400
G0 Z3.500
G0 X25.836 Y-243.295 F3500
G1 Z0.000 F900
G1 X26.040 Y-241.578 F1400
G1 X26.315 Y-240.571 F1400
G0 Z3.500
G0 X26.228 Y-239.772 F3500
G1 Z0.000 F900
G1 X23.051 Y-235.738 F1400
G0 Z3.500
G0 X23.004 Y-236.174 F3500
G1 Z0.000 F900
G1 X24.732 Y-238.094 F1400
G1 X25.500 Y-239.629 F1400
G0 Z3.500
G0 X24.156 Y-240.397 F3500
G1 Z0.000 F900
G1 X23.196 Y-241.549 F1400
G0 Z3.500
G0 X23.004 Y-241.549 F3500
G1 Z0.000 F900
G1 X22.429 Y-240.781 F1400
G1 X22.237 Y-239.246 F1400
G1 X22.429 Y-238.862 F1400
G0 Z3.500
G0 X19.949 Y-239.384 F3500
G1 Z0.000 F900
G1 X19.974 Y-238.565 F1400
G1 X19.918 Y-237.955 F1400
G0 Z3.500
G0 X23.004 Y-241.741 F3500
G1 Z0.000 F900
G1 X23.196 Y-243.277 F1400
G0 Z3.500
G0 X25.644 Y-244.822 F3500
G1 Z0.000 F900
G1 X25.886 Y-247.722 F1400
G0 Z3.500
G0 X25.500 Y-247.884 F3500
G1 Z0.000 F900
G1 X26.076 Y-248.844 F1400
G1 X26.076 Y-249.804 F1400
G1 X26.652 Y-250.763 F1400
G0 Z3.500
G0 X26.844 Y-250.571 F3500
G1 Z0.000 F900
G1 X26.844 Y-247.308 F1400
G0 Z3.500
G0 X27.996 Y-247.116 F3500
G1 Z0.000 F900
G1 X27.996 Y-248.076 F1400
G1 X28.379 Y-248.652 F1400
G1 X28.379 Y-250.379 F1400
G0 Z3.500
G0 X26.674 Y-252.328 F3500
G1 Z0.000 F900
G1 X22.112 Y-252.206 F1400
G0 Z3.500
G0 X21.457 Y-251.791 F3500
G1 Z0.000 F900
G1 X21.573 Y-246.749 F1400
G0 Z3.500
G0 X21.277 Y-246.540 F3500
G1 Z0.000 F900
G1 X21.469 Y-247.116 F1400
G1 X21.085 Y-248.268 F1400
G1 X21.085 Y-250.763 F1400
G1 X21.277 Y-251.723 F1400
G0 Z3.500
G0 X23.772 Y-249.612 F3500
G1 Z0.000 F900
G1 X24.540 Y-248.268 F1400
G1 X25.308 Y-247.692 F1400
G0 Z3.500
G0 X25.500 Y-247.500 F3500
G1 Z0.000 F900
G1 X25.308 Y-244.812 F1400
G1 X26.076 Y-244.045 F1400
G0 Z3.500
G0 X23.852 Y-247.569 F3500
G1 Z0.000 F900
G1 X23.279 Y-248.175 F1400
G1 X23.309 Y-248.583 F1400
G0 Z3.500
G0 X16.263 Y-249.082 F3500
G1 Z0.000 F900
G1 X14.871 Y-248.273 F1400
G1 X14.389 Y-247.454 F1400
G0 Z3.500
G0 X14.174 Y-247.884 F3500
G1 Z0.000 F900
G1 X13.598 Y-247.308 F1400
G1 X13.598 Y-246.540 F1400
G0 Z3.500
G0 X14.372 Y-246.224 F3500
G1 Z0.000 F900
G1 X12.904 Y-248.113 F1400
G1 X11.673 Y-249.928 F1400
G0 Z3.500
G0 X11.103 Y-249.420 F3500
G1 Z0.000 F900
G1 X11.871 Y-251.339 F1400
G0 Z3.500
G0 X11.741 Y-251.706 F3500
G1 Z0.000 F900
G1 X10.227 Y-248.623 F1400
G0 Z3.500
G0 X9.567 Y-249.036 F3500
G1 Z0.000 F900
G1 X8.607 Y-245.580 F1400
G0 Z3.500
G0 X8.978 Y-246.018 F3500
G1 Z0.000 F900
G1 X10.430 Y-250.648 F1400
G0 Z3.500
G0 X8.971 Y-251.859 F3500
G1 Z0.000 F900
G1 X6.690 Y-245.100 F1400
G0 Z3.500
G0 X5.537 Y-245.962 F3500
G1 Z0.000 F900
G1 X5.213 Y-246.990 F1400
G1 X5.151 Y-247.887 F1400
G0 Z3.500
G0 X7.071 Y-248.268 F3500
G1 Z0.000 F900
G1 X7.647 Y-250.188 F1400
G1 X8.415 Y-251.531 F1400
G0 Z3.500
G0 X7.568 Y-250.119 F3500
G1 Z0.000 F900
G1 X8.092 Y-248.033 F1400
G1 X8.878 Y-246.416 F1400
G0 Z3.500
G0 X10.622 Y-247.530 F3500
G1 Z0.000 F900
G1 X9.770 Y-244.084 F1400
G0 Z3.500
G0 X12.090 Y-244.317 F3500
G1 Z0.000 F900
G1 X11.459 Y-245.614 F1400
G1 X10.883 Y-247.611 F1400
G0 Z3.500
G0 X11.103 Y-247.884 F3500
G1 Z0.000 F900
G1 X10.719 Y-247.308 F1400
G1 X10.143 Y-245.196 F1400
G1 X10.335 Y-244.429 F1400
G1 X9.951 Y-243.853 F1400
G1 X9.951 Y-242.701 F1400
G1 X10.143 Y-242.509 F1400
G1 X9.951 Y-241.165 F1400
G0 Z3.500
G0 X10.143 Y-240.589 F3500
G1 Z0.000 F900
G1 X9.951 Y-240.397 F1400
G1 X9.951 Y-239.054 F1400
G1 X10.335 Y-237.134 F1400
G0 Z3.500
G0 X10.632 Y-236.889 F3500
G1 Z0.000 F900
G1 X10.190 Y-240.047 F1400
G0 Z3.500
G0 X10.527 Y-240.589 F3500
G1 Z0.000 F900
G1 X11.103 Y-240.013 F1400
G1 X11.295 Y-238.862 F1400
G1 X13.214 Y-237.326 F1400
G0 Z3.500
G0 X11.091 Y-234.806 F3500
G1 Z0.000 F900
G1 X14.187 Y-231.149 F1400
G0 Z3.500
G0 X14.415 Y-230.902 F3500
G1 Z0.000 F900
G1 X14.488 Y-231.580 F1400
G1 X13.933 Y-232.232 F1400
G0 Z3.500
G0 X14.174 Y-230.799 F3500
G1 Z0.000 F900
G1 X12.446 Y-232.911 F1400
G0 Z3.500
G0 X9.951 Y-232.335 F3500
G1 Z0.000 F900
G1 X8.415 Y-234.254 F1400
G0 Z3.500
G0 X7.522 Y-234.237 F3500
G1 Z0.000 F900
G1 X7.991 Y-233.862 F1400
G1 X7.772 Y-233.120 F1400
G0 Z3.500
G0 X6.496 Y-233.679 F3500
G1 Z0.000 F900
G1 X6.112 Y-234.638 F1400
G1 X6.112 Y-241.933 F1400
G1 X6.304 Y-242.125 F1400
G1 X6.304 Y-243.469 F1400
G0 Z3.500
G0 X6.304 Y-243.661 F3500
G1 Z0.000 F900
G1 X6.112 Y-243.853 F1400
G1 X6.304 Y-247.116 F1400
G1 X6.112 Y-247.308 F1400
G1 X6.112 Y-249.228 F1400
G1 X6.304 Y-249.612 F1400
G1 X6.112 Y-249.804 F1400
G1 X6.112 Y-251.339 F1400
G1 X6.304 Y-251.531 F1400
G0 Z3.500
G0 X11.453 Y-248.956 F3500
G1 Z0.000 F900
G1 X12.553 Y-251.873 F1400
G0 Z3.500
G0 X12.515 Y-252.199 F3500
G1 Z0.000 F900
G1 X16.363 Y-252.281 F1400
G0 Z3.500
G0 X13.220 Y-251.960 F3500
G1 Z0.000 F900
G1 X13.148 Y-250.335 F1400
G1 X13.209 Y-249.183 F1400
G0 Z3.500
G0 X12.830 Y-247.692 F3500
G1 Z0.000 F900
G1 X13.214 Y-248.460 F1400
G1 X12.830 Y-249.996 F1400
G1 X13.214 Y-250.955 F1400
G0 Z3.500
G0 X11.679 Y-247.308 F3500
G1 Z0.000 F900
G1 X11.679 Y-246.348 F1400
G1 X12.062 Y-245.772 F1400
G1 X12.062 Y-245.196 F1400
G0 Z3.500
G0 X12.446 Y-244.812 F3500
G1 Z0.000 F900
G1 X12.446 Y-244.237 F1400
G1 X13.406 Y-242.509 F1400
G0 Z3.500
G0 X13.598 Y-242.509 F3500
G1 Z0.000 F900
G1 X14.366 Y-243.469 F1400
G1 X15.326 Y-245.388 F1400
G0 Z3.500
G0 X13.982 Y-245.772 F3500
G1 Z0.000 F900
G1 X13.406 Y-244.429 F1400
G0 Z3.500
G0 X8.031 Y-240.973 F3500
G1 Z0.000 F900
G1 X7.839 Y-238.286 F1400
G0 Z3.500
G0 X8.423 Y-237.744 F3500
G1 Z0.000 F900
G1 X8.074 Y-238.839 F1400
G1 X8.024 Y-239.595 F1400
G0 Z3.500
G0 X6.411 Y-232.361 F3500
G1 Z0.000 F900
G1 X6.452 Y-229.718 F1400
G0 Z3.500
G0 X6.496 Y-229.839 F3500
G1 Z0.000 F900
G1 X6.304 Y-230.031 F1400
G1 X6.304 Y-231.951 F1400
G1 X6.496 Y-232.143 F1400
G0 Z3.500
G0 X6.496 Y-229.839 F3500
G1 Z0.000 F900
G1 X7.263 Y-229.647 F1400
G1 X7.263 Y-228.304 F1400
G0 Z3.500
G0 X8.162 Y-228.783 F3500
G1 Z0.000 F900
G1 X9.736 Y-231.339 F1400
G0 Z3.500
G0 X9.567 Y-229.455 F3500
G1 Z0.000 F900
G1 X10.143 Y-227.152 F1400
G1 X10.527 Y-226.768 F1400
G1 X10.911 Y-225.424 F1400
G0 Z3.500
G0 X10.016 Y-224.535 F3500
G1 Z0.000 F900
G1 X8.349 Y-228.481 F1400
G0 Z3.500
G0 X8.223 Y-227.920 F3500
G1 Z0.000 F900
G1 X8.799 Y-226.192 F1400
G0 Z3.500
G0 X7.900 Y-224.485 F3500
G1 Z0.000 F900
G1 X8.047 Y-223.739 F1400
G1 X7.778 Y-222.908 F1400
G0 Z3.500
G0 X5.479 Y-224.063 F3500
G1 Z0.000 F900
G1 X4.960 Y-223.038 F1400
G1 X5.208 Y-222.562 F1400
G0 Z3.500
G0 X5.852 Y-219.487 F3500
G1 Z0.000 F900
G1 X5.507 Y-218.337 F1400
G1 X5.219 Y-217.156 F1400
G0 Z3.500
G0 X6.800 Y-216.962 F3500
G1 Z0.000 F900
G1 X6.270 Y-229.239 F1400
G0 Z3.500
G0 X5.005 Y-228.179 F3500
G1 Z0.000 F900
G1 X5.155 Y-227.205 F1400
G1 X5.299 Y-226.125 F1400
G0 Z3.500
G0 X14.174 Y-228.112 F3500
G1 Z0.000 F900
G1 X15.326 Y-227.152 F1400
G0 Z3.500
G0 X16.478 Y-229.263 F3500
G1 Z0.000 F900
G1 X15.710 Y-231.759 F1400
G1 X15.902 Y-232.143 F1400
G1 X14.750 Y-234.254 F1400
G0 Z3.500
G0 X14.942 Y-222.545 F3500
G1 Z0.000 F900
G1 X14.942 Y-220.817 F1400
G0 Z3.500
G0 X21.022 Y-213.352 F3500
G1 Z0.000 F900
G1 X22.277 Y-210.013 F1400
G0 Z3.500
G0 X16.478 Y-209.299 F3500
G1 Z0.000 F900
G1 X16.478 Y-207.763 F1400
G0 Z3.500
G0 X15.710 Y-204.116 F3500
G1 Z0.000 F900
G1 X15.902 Y-203.156 F1400
G1 X15.518 Y-202.580 F1400
G1 X14.942 Y-200.469 F1400
G0 Z3.500
G0 X17.724 Y-200.688 F3500
G1 Z0.000 F900
G1 X17.677 Y-203.322 F1400
G0 Z3.500
G0 X17.438 Y-203.540 F3500
G1 Z0.000 F900
G1 X17.438 Y-200.469 F1400
G1 X17.821 Y-199.125 F1400
G1 X18.397 Y-198.357 F1400
G0 Z3.500
G0 X15.141 Y-194.774 F3500
G1 Z0.000 F900
G1 X16.944 Y-191.727 F1400
G0 Z3.500
G0 X16.478 Y-192.022 F3500
G1 Z0.000 F900
G1 X15.326 Y-193.942 F1400
G0 Z3.500
G0 X13.406 Y-194.518 F3500
G1 Z0.000 F900
G1 X13.214 Y-192.598 F1400
G1 X12.830 Y-192.022 F1400
G0 Z3.500
G0 X10.911 Y-186.647 F3500
G1 Z0.000 F900
G1 X10.719 Y-186.455 F1400
G1 X10.719 Y-185.112 F1400
G1 X10.911 Y-184.920 F1400
G0 Z3.500
G0 X13.383 Y-181.548 F3500
G1 Z0.000 F900
G1 X13.392 Y-180.976 F1400
G1 X13.814 Y-180.229 F1400
G0 Z3.500
G0 X12.638 Y-180.312 F3500
G1 Z0.000 F900
G1 X13.022 Y-179.929 F1400
G1 X13.022 Y-179.161 F1400
G1 X13.406 Y-178.393 F1400
G0 Z3.500
G0 X12.813 Y-177.945 F3500
G1 Z0.000 F900
G1 X16.187 Y-178.530 F1400
G1 X20.142 Y-179.225 F1400
G0 Z3.500
G0 X19.796 Y-178.514 F3500
G1 Z0.000 F900
G1 X17.664 Y-182.130 F1400
G0 Z3.500
G0 X16.721 Y-181.238 F3500
G1 Z0.000 F900
G1 X16.943 Y-178.597 F1400
G0 Z3.500
G0 X16.862 Y-179.161 F3500
G1 Z0.000 F900
G1 X16.670 Y-180.121 F1400
G1 X16.094 Y-180.696 F1400
G0 Z3.500
G0 X16.094 Y-180.696 F3500
G1 Z0.000 F900
G1 X15.518 Y-180.121 F1400
G1 X15.518 Y-179.353 F1400
G0 Z3.500
G0 X16.433 Y-179.267 F3500
G1 Z0.000 F900
G1 X16.791 Y-177.365 F1400
G1 X17.291 Y-175.983 F1400
G0 Z3.500
G0 X17.869 Y-178.044 F3500
G1 Z0.000 F900
G1 X17.021 Y-179.407 F1400
G1 X16.622 Y-179.893 F1400
G0 Z3.500
G0 X16.094 Y-180.696 F3500
G1 Z0.000 F900
G1 X16.094 Y-181.080 F1400
G1 X16.478 Y-181.464 F1400
G1 X16.286 Y-182.424 F1400
G0 Z3.500
G0 X15.869 Y-180.975 F3500
G1 Z0.000 F900
G1 X16.124 Y-182.402 F1400
G1 X16.702 Y-183.873 F1400
G0 Z3.500
G0 X19.165 Y-182.232 F3500
G1 Z0.000 F900
G1 X20.893 Y-180.121 F1400
G0 Z3.500
G0 X21.136 Y-180.271 F3500
G1 Z0.000 F900
G1 X19.393 Y-182.379 F1400
G0 Z3.500
G0 X21.661 Y-181.272 F3500
G1 Z0.000 F900
G1 X23.388 Y-178.009 F1400
G0 Z3.500
G0 X23.494 Y-178.338 F3500
G1 Z0.000 F900
G1 X21.965 Y-181.413 F1400
G0 Z3.500
G0 X17.824 Y-179.681 F3500
G1 Z0.000 F900
G1 X19.263 Y-177.281 F1400
G0 Z3.500
G0 X30.683 Y-174.554 F3500
G1 Z0.000 F900
G1 X30.491 Y-175.513 F1400
G1 X31.259 Y-176.473 F1400
G0 Z3.500
G0 X33.371 Y-169.371 F3500
G1 Z0.000 F900
G1 X32.795 Y-169.179 F1400
G1 X32.795 Y-168.795 F1400
G1 X32.411 Y-168.411 F1400
G1 X32.603 Y-166.875 F1400
G1 X32.219 Y-166.299 F1400
G0 Z3.500
G0 X28.955 Y-167.643 F3500
G1 Z0.000 F900
G1 X27.996 Y-167.643 F1400
G1 X27.804 Y-167.451 F1400
G1 X27.612 Y-166.683 F1400
G1 X27.996 Y-166.299 F1400
G1 X27.996 Y-165.915 F1400
G1 X28.379 Y-165.723 F1400
G0 Z3.500
G0 X25.692 Y-157.853 F3500
G1 Z0.000 F900
G1 X24.156 Y-158.812 F1400
G1 X23.196 Y-159.004 F1400
G1 X22.237 Y-157.853 F1400
G0 Z3.500
G0 X20.893 Y-154.973 F3500
G1 Z0.000 F900
G1 X21.277 Y-154.589 F1400
G1 X22.237 Y-155.165 F1400
G1 X24.540 Y-155.357 F1400
G0 Z3.500
G0 X23.388 Y-152.862 F3500
G1 Z0.000 F900
G1 X19.933 Y-151.518 F1400
G1 X18.397 Y-151.326 F1400
G1 X18.013 Y-150.942 F1400
G0 Z3.500
G0 X17.637 Y-150.534 F3500
G1 Z0.000 F900
G1 X22.746 Y-152.243 F1400
G0 Z3.500
G0 X23.090 Y-152.884 F3500
G1 Z0.000 F900
G1 X17.192 Y-151.305 F1400
G0 Z3.500
G0 X15.710 Y-152.670 F3500
G1 Z0.000 F900
G1 X14.174 Y-152.094 F1400
G0 Z3.500
G0 X17.629 Y-147.103 F3500
G1 Z0.000 F900
G1 X17.054 Y-147.103 F1400
G1 X16.478 Y-146.527 F1400
G1 X15.326 Y-146.335 F1400
G1 X14.750 Y-145.951 F1400
G0 Z3.500
G0 X15.134 Y-144.031 F3500
G1 Z0.000 F900
G1 X14.174 Y-143.839 F1400
G1 X13.598 Y-143.455 F1400
G0 Z3.500
G0 X13.406 Y-143.455 F3500
G1 Z0.000 F900
G1 X13.214 Y-143.263 F1400
G1 X12.254 Y-143.263 F1400
G1 X11.487 Y-143.455 F1400
G1 X11.295 Y-143.263 F1400
G0 Z3.500
G0 X11.143 Y-145.152 F3500
G1 Z0.000 F900
G1 X8.695 Y-144.690 F1400
G0 Z3.500
G0 X7.839 Y-144.223 F3500
G1 Z0.000 F900
G1 X12.638 Y-145.183 F1400
G0 Z3.500
G0 X15.518 Y-139.424 F3500
G1 Z0.000 F900
G1 X11.679 Y-137.888 F1400
G0 Z3.500
G0 X13.214 Y-136.929 F3500
G1 Z0.000 F900
G1 X11.487 Y-135.009 F1400
G0 Z3.500
G0 X14.334 Y-137.232 F3500
G1 Z0.000 F900
G1 X25.513 Y-140.324 F1400
G0 Z3.500
G0 X26.228 Y-142.527 F3500
G1 Z0.000 F900
G1 X25.345 Y-144.116 F1400
G0 Z3.500
G0 X27.484 Y-143.664 F3500
G1 Z0.000 F900
G1 X28.945 Y-144.338 F1400
G0 Z3.500
G0 X35.290 Y-145.183 F3500
G1 Z0.000 F900
G1 X36.250 Y-145.759 F1400
G1 X37.594 Y-145.759 F1400
G1 X38.170 Y-145.183 F1400
G1 X38.170 Y-144.799 F1400
G0 Z3.500
G0 X37.495 Y-146.080 F3500
G1 Z0.000 F900
G1 X35.511 Y-145.771 F1400
G0 Z3.500
G0 X37.892 Y-139.971 F3500
G1 Z0.000 F900
G1 X40.896 Y-139.371 F1400
G1 X44.207 Y-138.494 F1400
G0 Z3.500
G0 X45.155 Y-137.567 F3500
G1 Z0.000 F900
G1 X43.204 Y-136.946 F1400
G0 Z3.500
G0 X43.262 Y-136.776 F3500
G1 Z0.000 F900
G1 X40.195 Y-135.490 F1400
G1 X36.533 Y-134.777 F1400
G0 Z3.500
G0 X36.535 Y-134.877 F3500
G1 Z0.000 F900
G1 X34.601 Y-134.198 F1400
G0 Z3.500
G0 X34.331 Y-134.365 F3500
G1 Z0.000 F900
G1 X36.861 Y-133.354 F1400
G1 X39.321 Y-132.581 F1400
G0 Z3.500
G0 X39.496 Y-133.508 F3500
G1 Z0.000 F900
G1 X41.184 Y-135.997 F1400
G1 X42.219 Y-137.661 F1400
G0 Z3.500
G0 X42.011 Y-136.871 F3500
G1 Z0.000 F900
G1 X41.367 Y-138.386 F1400
G1 X40.471 Y-139.673 F1400
G0 Z3.500
G0 X39.861 Y-139.788 F3500
G1 Z0.000 F900
G1 X43.474 Y-138.506 F1400
G1 X47.228 Y-137.909 F1400
G0 Z3.500
G0 X47.727 Y-138.025 F3500
G1 Z0.000 F900
G1 X45.991 Y-136.009 F1400
G1 X45.121 Y-135.065 F1400
G0 Z3.500
G0 X44.696 Y-135.201 F3500
G1 Z0.000 F900
G1 X43.161 Y-135.201 F1400
G1 X42.969 Y-135.009 F1400
G0 Z3.500
G0 X42.995 Y-134.585 F3500
G1 Z0.000 F900
G1 X40.832 Y-134.623 F1400
G0 Z3.500
G0 X40.541 Y-135.253 F3500
G1 Z0.000 F900
G1 X41.596 Y-133.330 F1400
G1 X42.709 Y-131.310 F1400
G0 Z3.500
G0 X42.393 Y-132.321 F3500
G1 Z0.000 F900
G1 X42.585 Y-132.129 F1400
G1 X42.585 Y-130.210 F1400
G0 Z3.500
G0 X41.096 Y-130.877 F3500
G1 Z0.000 F900
G1 X43.338 Y-128.109 F1400
G0 Z3.500
G0 X44.312 Y-128.290 F3500
G1 Z0.000 F900
G1 X44.888 Y-128.098 F1400
G1 X45.080 Y-128.290 F1400
G1 X46.040 Y-128.290 F1400
G1 X46.616 Y-128.866 F1400
G0 Z3.500
G0 X46.616 Y-128.866 F3500
G1 Z0.000 F900
G1 X46.616 Y-129.826 F1400
G1 X47.192 Y-130.402 F1400
G0 Z3.500
G0 X46.865 Y-128.345 F3500
G1 Z0.000 F900
G1 X44.397 Y-127.620 F1400
G0 Z3.500
G0 X44.349 Y-128.704 F3500
G1 Z0.000 F900
G1 X45.868 Y-128.436 F1400
G0 Z3.500
G0 X44.390 Y-130.641 F3500
G1 Z0.000 F900
G1 X44.610 Y-131.212 F1400
G1 X45.387 Y-132.082 F1400
G0 Z3.500
G0 X44.150 Y-132.414 F3500
G1 Z0.000 F900
G1 X43.037 Y-133.985 F1400
G1 X42.172 Y-135.684 F1400
G0 Z3.500
G0 X41.326 Y-136.341 F3500
G1 Z0.000 F900
G1 X39.613 Y-135.713 F1400
G0 Z3.500
G0 X39.129 Y-134.817 F3500
G1 Z0.000 F900
G1 X40.089 Y-136.353 F1400
G1 X41.049 Y-136.737 F1400
G1 X42.393 Y-136.737 F1400
G0 Z3.500
G0 X42.585 Y-136.929 F3500
G1 Z0.000 F900
G1 X42.969 Y-137.312 F1400
G1 X45.464 Y-137.888 F1400
G0 Z3.500
G0 X46.717 Y-136.893 F3500
G1 Z0.000 F900
G1 X51.062 Y-135.798 F1400
G1 X55.729 Y-134.660 F1400
G0 Z3.500
G0 X56.867 Y-135.651 F3500
G1 Z0.000 F900
G1 X57.178 Y-133.261 F1400
G0 Z3.500
G0 X58.333 Y-134.197 F3500
G1 Z0.000 F900
G1 X58.170 Y-135.115 F1400
G1 X57.551 Y-136.589 F1400
G0 Z3.500
G0 X58.134 Y-136.353 F3500
G1 Z0.000 F900
G1 X57.366 Y-137.121 F1400
G1 X56.406 Y-137.121 F1400
G0 Z3.500
G0 X56.431 Y-136.932 F3500
G1 Z0.000 F900
G1 X54.272 Y-136.964 F1400
G0 Z3.500
G0 X54.894 Y-137.299 F3500
G1 Z0.000 F900
G1 X53.765 Y-138.762 F1400
G1 X52.927 Y-140.013 F1400
G0 Z3.500
G0 X53.911 Y-139.424 F3500
G1 Z0.000 F900
G1 X54.679 Y-139.424 F1400
G1 X55.446 Y-139.040 F1400
G0 Z3.500
G0 X54.523 Y-138.455 F3500
G1 Z0.000 F900
G1 X56.688 Y-138.290 F1400
G0 Z3.500
G0 X57.923 Y-138.439 F3500
G1 Z0.000 F900
G1 X59.192 Y-135.833 F1400
G0 Z3.500
G0 X59.094 Y-135.969 F3500
G1 Z0.000 F900
G1 X59.094 Y-137.888 F1400
G0 Z3.500
G0 X59.094 Y-138.656 F3500
G1 Z0.000 F900
G1 X58.710 Y-140.192 F1400
G0 Z3.500
G0 X58.518 Y-140.192 F3500
G1 Z0.000 F900
G1 X57.174 Y-139.616 F1400
G0 Z3.500
G0 X57.979 Y-138.678 F3500
G1 Z0.000 F900
G1 X59.155 Y-139.648 F1400
G1 X59.824 Y-140.170 F1400
G0 Z3.500
G0 X59.098 Y-140.414 F3500
G1 Z0.000 F900
G1 X59.534 Y-142.019 F1400
G1 X61.009 Y-143.809 F1400
G0 Z3.500
G0 X61.658 Y-144.060 F3500
G1 Z0.000 F900
G1 X63.657 Y-143.709 F1400
G1 X66.128 Y-143.235 F1400
G0 Z3.500
G0 X66.196 Y-142.688 F3500
G1 Z0.000 F900
G1 X66.004 Y-141.152 F1400
G0 Z3.500
G0 X65.812 Y-140.960 F3500
G1 Z0.000 F900
G1 X65.237 Y-140.960 F1400
G1 X64.661 Y-140.384 F1400
G1 X64.085 Y-140.192 F1400
G1 X63.317 Y-141.152 F1400
G0 Z3.500
G0 X63.420 Y-141.365 F3500
G1 Z0.000 F900
G1 X63.074 Y-142.256 F1400
G1 X62.446 Y-142.858 F1400
G0 Z3.500
G0 X61.236 Y-143.068 F3500
G1 Z0.000 F900
G1 X58.855 Y-142.507 F1400
G0 Z3.500
G0 X59.094 Y-142.496 F3500
G1 Z0.000 F900
G1 X59.862 Y-143.071 F1400
G1 X60.629 Y-143.263 F1400
G1 X61.973 Y-143.263 F1400
G1 X62.549 Y-142.879 F1400
G1 X63.509 Y-143.071 F1400
G1 X63.701 Y-142.879 F1400
G0 Z3.500
G0 X63.834 Y-143.175 F3500
G1 Z0.000 F900
G1 X66.091 Y-144.152 F1400
G0 Z3.500
G0 X65.016 Y-144.492 F3500
G1 Z0.000 F900
G1 X66.166 Y-145.350 F1400
G1 X66.609 Y-146.642 F1400
G0 Z3.500
G0 X67.189 Y-144.424 F3500
G1 Z0.000 F900
G1 X69.145 Y-145.025 F1400
G0 Z3.500
G0 X69.652 Y-144.799 F3500
G1 Z0.000 F900
G1 X68.692 Y-145.183 F1400
G1 X66.580 Y-144.607 F1400
G1 X65.237 Y-143.263 F1400
G0 Z3.500
G0 X63.999 Y-144.341 F3500
G1 Z0.000 F900
G1 X65.575 Y-142.693 F1400
G1 X67.242 Y-141.418 F1400
G0 Z3.500
G0 X66.004 Y-140.768 F3500
G1 Z0.000 F900
G1 X66.388 Y-140.192 F1400
G1 X66.004 Y-138.848 F1400
G0 Z3.500
G0 X65.794 Y-137.784 F3500
G1 Z0.000 F900
G1 X64.082 Y-137.500 F1400
G0 Z3.500
G0 X64.853 Y-137.312 F3500
G1 Z0.000 F900
G1 X64.277 Y-136.353 F1400
G1 X63.701 Y-136.353 F1400
G1 X62.933 Y-136.737 F1400
G0 Z3.500
G0 X62.741 Y-136.929 F3500
G1 Z0.000 F900
G1 X63.125 Y-138.848 F1400
G0 Z3.500
G0 X63.054 Y-137.982 F3500
G1 Z0.000 F900
G1 X64.216 Y-136.512 F1400
G0 Z3.500
G0 X64.545 Y-136.159 F3500
G1 Z0.000 F900
G1 X62.093 Y-135.747 F1400
G0 Z3.500
G0 X62.260 Y-135.558 F3500
G1 Z0.000 F900
G1 X61.595 Y-137.022 F1400
G0 Z3.500
G0 X59.395 Y-135.893 F3500
G1 Z0.000 F900
G1 X59.560 Y-139.256 F1400
G0 Z3.500
G0 X58.980 Y-139.993 F3500
G1 Z0.000 F900
G1 X58.096 Y-140.910 F1400
G1 X57.672 Y-141.543 F1400
G0 Z3.500
G0 X57.942 Y-141.536 F3500
G1 Z0.000 F900
G1 X57.558 Y-141.152 F1400
G1 X56.406 Y-140.768 F1400
G0 Z3.500
G0 X55.446 Y-140.768 F3500
G1 Z0.000 F900
G1 X55.830 Y-141.536 F1400
G1 X56.406 Y-141.920 F1400
G1 X57.750 Y-141.920 F1400
G1 X57.942 Y-141.728 F1400
G0 Z3.500
G0 X57.553 Y-141.829 F3500
G1 Z0.000 F900
G1 X61.047 Y-141.212 F1400
G1 X64.474 Y-140.475 F1400
G0 Z3.500
G0 X63.784 Y-140.135 F3500
G1 Z0.000 F900
G1 X62.567 Y-141.318 F1400
G0 Z3.500
G0 X62.933 Y-141.344 F3500
G1 Z0.000 F900
G1 X61.781 Y-141.152 F1400
G1 X60.629 Y-140.192 F1400
G1 X58.902 Y-141.152 F1400
G0 Z3.500
G0 X59.109 Y-141.010 F3500
G1 Z0.000 F900
G1 X56.341 Y-139.938 F1400
G1 X53.704 Y-138.990 F1400
G0 Z3.500
G0 X52.234 Y-138.751 F3500
G1 Z0.000 F900
G1 X51.321 Y-137.234 F1400
G0 Z3.500
G0 X51.031 Y-137.491 F3500
G1 Z0.000 F900
G1 X50.585 Y-135.620 F1400
G0 Z3.500
G0 X50.502 Y-136.612 F3500
G1 Z0.000 F900
G1 X48.477 Y-137.220 F1400
G0 Z3.500
G0 X49.304 Y-137.504 F3500
G1 Z0.000 F900
G1 X49.304 Y-139.040 F1400
G0 Z3.500
G0 X49.304 Y-139.232 F3500
G1 Z0.000 F900
G1 X50.071 Y-139.808 F1400
G1 X51.415 Y-140.000 F1400
G0 Z3.500
G0 X51.607 Y-140.192 F3500
G1 Z0.000 F900
G1 X52.951 Y-140.768 F1400
G1 X54.103 Y-140.768 F1400
G1 X54.295 Y-140.960 F1400
G1 X55.254 Y-140.960 F1400
G1 X55.446 Y-140.768 F1400
G0 Z3.500
G0 X54.047 Y-140.651 F3500
G1 Z0.000 F900
G1 X51.613 Y-139.787 F1400
G0 Z3.500
G0 X51.607 Y-139.808 F3500
G1 Z0.000 F900
G1 X51.415 Y-138.080 F1400
G0 Z3.500
G0 X47.438 Y-139.205 F3500
G1 Z0.000 F900
G1 X46.116 Y-140.941 F1400
G1 X45.026 Y-141.947 F1400
G0 Z3.500
G0 X41.752 Y-138.886 F3500
G1 Z0.000 F900
G1 X39.198 Y-137.937 F1400
G0 Z3.500
G0 X39.129 Y-137.696 F3500
G1 Z0.000 F900
G1 X41.625 Y-138.464 F1400
G0 Z3.500
G0 X38.770 Y-138.092 F3500
G1 Z0.000 F900
G1 X42.985 Y-136.881 F1400
G1 X47.167 Y-135.765 F1400
G0 Z3.500
G0 X47.134 Y-135.963 F3500
G1 Z0.000 F900
G1 X48.868 Y-134.341 F1400
G0 Z3.500
G0 X48.052 Y-133.885 F3500
G1 Z0.000 F900
G1 X48.861 Y-133.072 F1400
G1 X49.788 Y-131.910 F1400
G0 Z3.500
G0 X52.375 Y-131.746 F3500
G1 Z0.000 F900
G1 X51.991 Y-132.897 F1400
G1 X52.375 Y-133.857 F1400
G0 Z3.500
G0 X53.007 Y-134.007 F3500
G1 Z0.000 F900
G1 X52.332 Y-132.546 F1400
G0 Z3.500
G0 X54.467 Y-131.720 F3500
G1 Z0.000 F900
G1 X53.730 Y-130.281 F1400
G1 X52.587 Y-129.083 F1400
G0 Z3.500
G0 X53.183 Y-127.453 F3500
G1 Z0.000 F900
G1 X54.002 Y-129.006 F1400
G1 X55.022 Y-130.279 F1400
G0 Z3.500
G0 X54.871 Y-129.826 F3500
G1 Z0.000 F900
G1 X55.638 Y-127.522 F1400
G0 Z3.500
G0 X55.638 Y-127.330 F3500
G1 Z0.000 F900
G1 X54.295 Y-125.795 F1400
G0 Z3.500
G0 X54.289 Y-126.524 F3500
G1 Z0.000 F900
G1 X52.561 Y-124.274 F1400
G0 Z3.500
G0 X52.392 Y-124.504 F3500
G1 Z0.000 F900
G1 X53.614 Y-121.767 F1400
G0 Z3.500
G0 X53.758 Y-122.103 F3500
G1 Z0.000 F900
G1 X54.728 Y-123.590 F1400
G1 X55.983 Y-125.263 F1400
G0 Z3.500
G0 X56.417 Y-125.480 F3500
G1 Z0.000 F900
G1 X56.910 Y-126.704 F1400
G1 X58.699 Y-128.029 F1400
G0 Z3.500
G0 X57.750 Y-128.290 F3500
G1 Z0.000 F900
G1 X57.750 Y-129.058 F1400
G1 X58.134 Y-130.018 F1400
G0 Z3.500
G0 X58.134 Y-130.210 F3500
G1 Z0.000 F900
G1 X57.942 Y-131.746 F1400
G0 Z3.500
G0 X57.933 Y-131.899 F3500
G1 Z0.000 F900
G1 X57.187 Y-130.473 F1400
G0 Z3.500
G0 X57.838 Y-130.609 F3500
G1 Z0.000 F900
G1 X58.807 Y-131.833 F1400
G1 X59.582 Y-132.882 F1400
G0 Z3.500
G0 X60.404 Y-130.811 F3500
G1 Z0.000 F900
G1 X61.565 Y-128.155 F1400
G0 Z3.500
G0 X61.577 Y-127.215 F3500
G1 Z0.000 F900
G1 X62.126 Y-128.741 F1400
G1 X63.138 Y-129.749 F1400
G0 Z3.500
G0 X62.549 Y-130.210 F3500
G1 Z0.000 F900
G1 X62.357 Y-129.250 F1400
G1 X63.701 Y-128.290 F1400
G1 X64.277 Y-128.290 F1400
G0 Z3.500
G0 X63.578 Y-128.307 F3500
G1 Z0.000 F900
G1 X62.392 Y-127.208 F1400
G1 X61.136 Y-125.586 F1400
G0 Z3.500
G0 X63.377 Y-125.153 F3500
G1 Z0.000 F900
G1 X61.414 Y-122.744 F1400
G0 Z3.500
G0 X62.033 Y-122.713 F3500
G1 Z0.000 F900
G1 X62.667 Y-118.782 F1400
G0 Z3.500
G0 X62.933 Y-117.348 F3500
G1 Z0.000 F900
G1 X62.549 Y-118.116 F1400
G1 X62.549 Y-119.076 F1400
G1 X61.973 Y-120.228 F1400
G0 Z3.500
G0 X61.781 Y-120.228 F3500
G1 Z0.000 F900
G1 X61.205 Y-119.652 F1400
G1 X61.013 Y-118.692 F1400
G0 Z3.500
G0 X62.659 Y-117.177 F3500
G1 Z0.000 F900
G1 X61.282 Y-121.607 F1400
G0 Z3.500
G0 X61.589 Y-122.147 F3500
G1 Z0.000 F900
G1 X61.973 Y-122.531 F1400
G1 X61.973 Y-123.107 F1400
G1 X63.125 Y-123.875 F1400
G0 Z3.500
G0 X63.816 Y-123.462 F3500
G1 Z0.000 F900
G1 X62.193 Y-123.157 F1400
G0 Z3.500
G0 X60.246 Y-122.531 F3500
G1 Z0.000 F900
G1 X60.246 Y-122.915 F1400
G1 X59.862 Y-123.299 F1400
G1 X59.286 Y-123.299 F1400
G1 X58.710 Y-122.915 F1400
G0 Z3.500
G0 X58.428 Y-122.639 F3500
G1 Z0.000 F900
G1 X57.253 Y-121.126 F1400
G0 Z3.500
G0 X57.214 Y-120.790 F3500
G1 Z0.000 F900
G1 X56.302 Y-121.505 F1400
G1 X55.599 Y-122.737 F1400
G0 Z3.500
G0 X55.830 Y-122.147 F3500
G1 Z0.000 F900
G1 X53.911 Y-123.875 F1400
G0 Z3.500
G0 X53.719 Y-123.875 F3500
G1 Z0.000 F900
G1 X53.527 Y-123.683 F1400
G1 X53.527 Y-121.571 F1400
G1 X53.911 Y-120.612 F1400
G0 Z3.500
G0 X53.719 Y-120.420 F3500
G1 Z0.000 F900
G1 X53.143 Y-120.036 F1400
G1 X52.567 Y-120.036 F1400
G1 X52.183 Y-119.268 F1400
G0 Z3.500
G0 X51.799 Y-118.884 F3500
G1 Z0.000 F900
G1 X51.031 Y-117.540 F1400
G0 Z3.500
G0 X50.386 Y-117.361 F3500
G1 Z0.000 F900
G1 X51.242 Y-118.714 F1400
G0 Z3.500
G0 X52.355 Y-118.376 F3500
G1 Z0.000 F900
G1 X50.418 Y-116.474 F1400
G0 Z3.500
G0 X48.806 Y-116.434 F3500
G1 Z0.000 F900
G1 X48.491 Y-118.617 F1400
G0 Z3.500
G0 X48.122 Y-119.144 F3500
G1 Z0.000 F900
G1 X46.281 Y-118.295 F1400
G0 Z3.500
G0 X45.656 Y-118.308 F3500
G1 Z0.000 F900
G1 X45.464 Y-118.500 F1400
G1 X45.464 Y-119.460 F1400
G1 X44.888 Y-119.844 F1400
G0 Z3.500
G0 X44.696 Y-120.036 F3500
G1 Z0.000 F900
G1 X43.161 Y-120.036 F1400
G0 Z3.500
G0 X43.281 Y-119.346 F3500
G1 Z0.000 F900
G1 X43.495 Y-117.633 F1400
G0 Z3.500
G0 X44.334 Y-117.400 F3500
G1 Z0.000 F900
G1 X42.947 Y-123.990 F1400
G0 Z3.500
G0 X42.687 Y-124.144 F3500
G1 Z0.000 F900
G1 X42.814 Y-125.850 F1400
G0 Z3.500
G0 X42.803 Y-126.254 F3500
G1 Z0.000 F900
G1 X40.547 Y-126.839 F1400
G0 Z3.500
G0 X41.113 Y-126.317 F3500
G1 Z0.000 F900
G1 X42.271 Y-123.767 F1400
G0 Z3.500
G0 X42.393 Y-123.683 F3500
G1 Z0.000 F900
G1 X42.009 Y-123.299 F1400
G1 X42.201 Y-122.147 F1400
G0 Z3.500
G0 X42.393 Y-121.955 F3500
G1 Z0.000 F900
G1 X42.969 Y-122.531 F1400
G1 X42.969 Y-123.299 F1400
G1 X42.393 Y-123.683 F1400
G0 Z3.500
G0 X42.393 Y-123.683 F3500
G1 Z0.000 F900
G1 X42.201 Y-125.219 F1400
G0 Z3.500
G0 X41.303 Y-124.608 F3500
G1 Z0.000 F900
G1 X39.515 Y-126.196 F1400
G0 Z3.500
G0 X39.843 Y-126.236 F3500
G1 Z0.000 F900
G1 X38.103 Y-127.068 F1400
G0 Z3.500
G0 X37.554 Y-126.544 F3500
G1 Z0.000 F900
G1 X36.961 Y-125.714 F1400
G1 X35.713 Y-124.277 F1400
G0 Z3.500
G0 X35.790 Y-123.921 F3500
G1 Z0.000 F900
G1 X38.346 Y-124.382 F1400
G0 Z3.500
G0 X38.072 Y-124.702 F3500
G1 Z0.000 F900
G1 X39.403 Y-123.671 F1400
G0 Z3.500
G0 X40.272 Y-124.510 F3500
G1 Z0.000 F900
G1 X38.231 Y-126.026 F1400
G0 Z3.500
G0 X38.170 Y-125.795 F3500
G1 Z0.000 F900
G1 X38.938 Y-125.987 F1400
G1 X40.473 Y-124.835 F1400
G0 Z3.500
G0 X40.286 Y-126.038 F3500
G1 Z0.000 F900
G1 X41.377 Y-123.881 F1400
G1 X41.812 Y-121.712 F1400
G0 Z3.500
G0 X41.351 Y-121.092 F3500
G1 Z0.000 F900
G1 X43.000 Y-121.469 F1400
G0 Z3.500
G0 X42.709 Y-120.882 F3500
G1 Z0.000 F900
G1 X42.176 Y-118.159 F1400
G0 Z3.500
G0 X42.193 Y-117.732 F3500
G1 Z0.000 F900
G1 X40.798 Y-115.787 F1400
G1 X39.521 Y-114.661 F1400
G0 Z3.500
G0 X40.281 Y-115.045 F3500
G1 Z0.000 F900
G1 X41.049 Y-115.621 F1400
G1 X41.049 Y-116.772 F1400
G0 Z3.500
G0 X41.049 Y-116.964 F3500
G1 Z0.000 F900
G1 X41.241 Y-117.156 F1400
G1 X41.241 Y-118.500 F1400
G1 X41.625 Y-119.460 F1400
G0 Z3.500
G0 X41.306 Y-120.009 F3500
G1 Z0.000 F900
G1 X40.470 Y-117.632 F1400
G1 X39.256 Y-116.223 F1400
G0 Z3.500
G0 X39.897 Y-115.812 F3500
G1 Z0.000 F900
G1 X40.281 Y-116.580 F1400
G1 X40.857 Y-116.964 F1400
G0 Z3.500
G0 X41.699 Y-117.163 F3500
G1 Z0.000 F900
G1 X42.638 Y-115.532 F1400
G1 X43.470 Y-113.694 F1400
G0 Z3.500
G0 X42.393 Y-114.277 F3500
G1 Z0.000 F900
G1 X42.585 Y-113.317 F1400
G1 X42.201 Y-112.741 F1400
G1 X42.009 Y-111.781 F1400
G0 Z3.500
G0 X39.194 Y-111.681 F3500
G1 Z0.000 F900
G1 X38.956 Y-109.281 F1400
G0 Z3.500
G0 X39.148 Y-108.297 F3500
G1 Z0.000 F900
G1 X41.531 Y-105.166 F1400
G0 Z3.500
G0 X41.433 Y-105.062 F3500
G1 Z0.000 F900
G1 X40.089 Y-106.214 F1400
G1 X40.089 Y-106.598 F1400
G1 X38.938 Y-107.942 F1400
G0 Z3.500
G0 X38.883 Y-108.162 F3500
G1 Z0.000 F900
G1 X39.994 Y-105.834 F1400
G0 Z3.500
G0 X43.545 Y-106.214 F3500
G1 Z0.000 F900
G1 X44.696 Y-104.871 F1400
G1 X46.040 Y-105.062 F1400
G1 X47.000 Y-106.214 F1400
G1 X47.384 Y-106.214 F1400
G1 X47.768 Y-106.598 F1400
G1 X47.960 Y-107.750 F1400
G0 Z3.500
G0 X49.688 Y-106.982 F3500
G1 Z0.000 F900
G1 X50.071 Y-107.366 F1400
G1 X51.031 Y-106.598 F1400
G1 X51.799 Y-106.598 F1400
G1 X52.375 Y-105.830 F1400
G1 X52.759 Y-105.830 F1400
G1 X53.335 Y-106.790 F1400
G1 X54.103 Y-106.982 F1400
G1 X54.871 Y-107.942 F1400
G1 X55.254 Y-107.750 F1400
G1 X56.022 Y-107.942 F1400
G0 Z3.500
G0 X55.055 Y-107.492 F3500
G1 Z0.000 F900
G1 X53.648 Y-106.486 F1400
G0 Z3.500
G0 X49.791 Y-105.312 F3500
G1 Z0.000 F900
G1 X47.862 Y-104.875 F1400
G0 Z3.500
G0 X47.960 Y-113.701 F3500
G1 Z0.000 F900
G1 X49.112 Y-115.045 F1400
G0 Z3.500
G0 X47.960 Y-116.004 F3500
G1 Z0.000 F900
G1 X47.384 Y-114.469 F1400
G1 X46.616 Y-113.893 F1400
G0 Z3.500
G0 X45.217 Y-114.033 F3500
G1 Z0.000 F900
G1 X45.840 Y-116.034 F1400
G1 X46.863 Y-117.208 F1400
G0 Z3.500
G0 X48.577 Y-117.790 F3500
G1 Z0.000 F900
G1 X48.130 Y-118.183 F1400
G1 X47.726 Y-119.210 F1400
G0 Z3.500
G0 X45.388 Y-120.538 F3500
G1 Z0.000 F900
G1 X44.902 Y-122.216 F1400
G0 Z3.500
G0 X44.696 Y-122.147 F3500
G1 Z0.000 F900
G1 X44.888 Y-120.228 F1400
G0 Z3.500
G0 X43.873 Y-119.586 F3500
G1 Z0.000 F900
G1 X42.819 Y-121.636 F1400
G1 X42.065 Y-123.557 F1400
G0 Z3.500
G0 X43.020 Y-126.213 F3500
G1 Z0.000 F900
G1 X42.388 Y-127.785 F1400
G0 Z3.500
G0 X41.817 Y-128.482 F3500
G1 Z0.000 F900
G1 X41.433 Y-129.826 F1400
G1 X40.473 Y-130.594 F1400
G0 Z3.500
G0 X41.120 Y-131.395 F3500
G1 Z0.000 F900
G1 X42.679 Y-132.411 F1400
G0 Z3.500
G0 X42.201 Y-132.513 F3500
G1 Z0.000 F900
G1 X41.241 Y-131.938 F1400
G1 X40.089 Y-131.746 F1400
G0 Z3.500
G0 X39.125 Y-131.432 F3500
G1 Z0.000 F900
G1 X38.609 Y-132.085 F1400
G1 X37.983 Y-132.827 F1400
G0 Z3.500
G0 X37.766 Y-133.713 F3500
G1 Z0.000 F900
G1 X37.006 Y-132.052 F1400
G0 Z3.500
G0 X36.715 Y-132.886 F3500
G1 Z0.000 F900
G1 X35.039 Y-133.377 F1400
G0 Z3.500
G0 X34.787 Y-132.750 F3500
G1 Z0.000 F900
G1 X33.896 Y-133.502 F1400
G1 X33.489 Y-134.964 F1400
G0 Z3.500
G0 X33.754 Y-134.241 F3500
G1 Z0.000 F900
G1 X34.714 Y-134.817 F1400
G1 X35.674 Y-135.009 F1400
G1 X37.210 Y-135.009 F1400
G1 X37.594 Y-134.625 F1400
G0 Z3.500
G0 X38.349 Y-135.048 F3500
G1 Z0.000 F900
G1 X38.272 Y-135.985 F1400
G1 X37.222 Y-137.274 F1400
G0 Z3.500
G0 X35.789 Y-136.567 F3500
G1 Z0.000 F900
G1 X35.182 Y-136.016 F1400
G1 X34.792 Y-134.987 F1400
G0 Z3.500
G0 X36.368 Y-133.063 F3500
G1 Z0.000 F900
G1 X33.643 Y-133.860 F1400
G1 X29.989 Y-134.267 F1400
G0 Z3.500
G0 X30.543 Y-133.493 F3500
G1 Z0.000 F900
G1 X30.152 Y-131.079 F1400
G0 Z3.500
G0 X29.915 Y-130.786 F3500
G1 Z0.000 F900
G1 X29.915 Y-132.321 F1400
G1 X29.723 Y-132.513 F1400
G0 Z3.500
G0 X29.531 Y-132.705 F3500
G1 Z0.000 F900
G1 X27.612 Y-132.321 F1400
G0 Z3.500
G0 X27.612 Y-132.129 F3500
G1 Z0.000 F900
G1 X27.804 Y-131.938 F1400
G1 X27.804 Y-130.978 F1400
G1 X27.420 Y-130.594 F1400
G0 Z3.500
G0 X26.477 Y-129.775 F3500
G1 Z0.000 F900
G1 X25.806 Y-128.784 F1400
G1 X24.907 Y-127.957 F1400
G0 Z3.500
G0 X24.540 Y-128.098 F3500
G1 Z0.000 F900
G1 X24.732 Y-128.866 F1400
G1 X25.116 Y-129.250 F1400
G1 X25.692 Y-129.250 F1400
G0 Z3.500
G0 X25.125 Y-129.444 F3500
G1 Z0.000 F900
G1 X23.448 Y-130.571 F1400
G1 X22.420 Y-132.128 F1400
G0 Z3.500
G0 X21.863 Y-131.523 F3500
G1 Z0.000 F900
G1 X23.836 Y-131.013 F1400
G0 Z3.500
G0 X23.964 Y-131.170 F3500
G1 Z0.000 F900
G1 X24.732 Y-130.402 F1400
G1 X25.692 Y-130.594 F1400
G0 Z3.500
G0 X25.936 Y-131.458 F3500
G1 Z0.000 F900
G1 X29.362 Y-132.010 F1400
G0 Z3.500
G0 X29.733 Y-131.829 F3500
G1 Z0.000 F900
G1 X29.265 Y-129.187 F1400
G0 Z3.500
G0 X29.245 Y-129.030 F3500
G1 Z0.000 F900
G1 X27.604 Y-127.779 F1400
G0 Z3.500
G0 X27.420 Y-127.330 F3500
G1 Z0.000 F900
G1 X27.996 Y-127.906 F1400
G1 X29.147 Y-128.482 F1400
G0 Z3.500
G0 X29.339 Y-128.482 F3500
G1 Z0.000 F900
G1 X29.531 Y-128.674 F1400
G1 X29.531 Y-129.826 F1400
G1 X29.915 Y-130.594 F1400
G0 Z3.500
G0 X30.107 Y-130.594 F3500
G1 Z0.000 F900
G1 X30.875 Y-130.594 F1400
G1 X31.451 Y-130.978 F1400
G1 X32.795 Y-130.786 F1400
G0 Z3.500
G0 X31.932 Y-130.702 F3500
G1 Z0.000 F900
G1 X30.245 Y-130.252 F1400
G0 Z3.500
G0 X29.939 Y-130.118 F3500
G1 Z0.000 F900
G1 X29.645 Y-127.999 F1400
G0 Z3.500
G0 X29.339 Y-128.290 F3500
G1 Z0.000 F900
G1 X29.723 Y-127.906 F1400
G1 X30.107 Y-127.906 F1400
G1 X30.491 Y-127.330 F1400
G0 Z3.500
G0 X29.411 Y-127.051 F3500
G1 Z0.000 F900
G1 X27.067 Y-125.971 F1400
G0 Z3.500
G0 X27.036 Y-125.795 F3500
G1 Z0.000 F900
G1 X29.147 Y-126.371 F1400
G1 X29.531 Y-125.411 F1400
G0 Z3.500
G0 X30.023 Y-126.171 F3500
G1 Z0.000 F900
G1 X31.735 Y-126.355 F1400
G0 Z3.500
G0 X32.027 Y-126.754 F3500
G1 Z0.000 F900
G1 X32.603 Y-126.946 F1400
G1 X33.371 Y-127.714 F1400
G0 Z3.500
G0 X32.516 Y-126.366 F3500
G1 Z0.000 F900
G1 X33.039 Y-125.510 F1400
G1 X33.074 Y-124.840 F1400
G0 Z3.500
G0 X32.710 Y-126.189 F3500
G1 Z0.000 F900
G1 X31.868 Y-124.078 F1400
G0 Z3.500
G0 X32.795 Y-123.299 F3500
G1 Z0.000 F900
G1 X32.219 Y-124.259 F1400
G1 X32.603 Y-124.643 F1400
G1 X32.987 Y-125.987 F1400
G1 X34.330 Y-126.179 F1400
G1 X35.290 Y-124.835 F1400
G0 Z3.500
G0 X36.865 Y-125.114 F3500
G1 Z0.000 F900
G1 X38.445 Y-123.412 F1400
G1 X39.090 Y-121.868 F1400
G0 Z3.500
G0 X37.507 Y-121.459 F3500
G1 Z0.000 F900
G1 X37.928 Y-119.288 F1400
G0 Z3.500
G0 X37.786 Y-119.268 F3500
G1 Z0.000 F900
G1 X37.210 Y-120.228 F1400
G1 X37.210 Y-121.379 F1400
G0 Z3.500
G0 X36.955 Y-122.641 F3500
G1 Z0.000 F900
G1 X37.814 Y-120.672 F1400
G1 X39.384 Y-118.966 F1400
G0 Z3.500
G0 X39.058 Y-119.340 F3500
G1 Z0.000 F900
G1 X39.052 Y-117.181 F1400
G0 Z3.500
G0 X38.746 Y-117.348 F3500
G1 Z0.000 F900
G1 X38.938 Y-119.268 F1400
G0 Z3.500
G0 X38.596 Y-119.581 F3500
G1 Z0.000 F900
G1 X38.542 Y-116.938 F1400
G0 Z3.500
G0 X40.473 Y-118.308 F3500
G1 Z0.000 F900
G1 X40.473 Y-118.692 F1400
G1 X39.705 Y-119.460 F1400
G0 Z3.500
G0 X41.121 Y-120.539 F3500
G1 Z0.000 F900
G1 X41.088 Y-117.900 F1400
G0 Z3.500
G0 X42.585 Y-117.156 F3500
G1 Z0.000 F900
G1 X42.201 Y-117.348 F1400
G1 X42.201 Y-117.732 F1400
G1 X42.777 Y-118.500 F1400
G0 Z3.500
G0 X37.978 Y-123.875 F3500
G1 Z0.000 F900
G1 X36.826 Y-123.875 F1400
G1 X36.058 Y-123.491 F1400
G1 X35.674 Y-123.107 F1400
G1 X35.866 Y-122.147 F1400
G0 Z3.500
G0 X34.714 Y-121.379 F3500
G1 Z0.000 F900
G1 X33.946 Y-121.188 F1400
G1 X34.138 Y-120.036 F1400
G1 X33.946 Y-119.844 F1400
G1 X33.946 Y-118.692 F1400
G0 Z3.500
G0 X34.172 Y-119.347 F3500
G1 Z0.000 F900
G1 X34.397 Y-117.397 F1400
G0 Z3.500
G0 X33.648 Y-115.493 F3500
G1 Z0.000 F900
G1 X32.435 Y-114.551 F1400
G1 X31.942 Y-113.061 F1400
G0 Z3.500
G0 X31.546 Y-112.941 F3500
G1 Z0.000 F900
G1 X28.634 Y-116.017 F1400
G0 Z3.500
G0 X28.571 Y-116.772 F3500
G1 Z0.000 F900
G1 X28.188 Y-118.692 F1400
G0 Z3.500
G0 X28.406 Y-118.654 F3500
G1 Z0.000 F900
G1 X31.013 Y-114.793 F1400
G0 Z3.500
G0 X30.987 Y-114.842 F3500
G1 Z0.000 F900
G1 X31.634 Y-115.715 F1400
G1 X32.299 Y-116.783 F1400
G0 Z3.500
G0 X32.027 Y-118.884 F3500
G1 Z0.000 F900
G1 X30.683 Y-121.188 F1400
G0 Z3.500
G0 X30.303 Y-119.520 F3500
G1 Z0.000 F900
G1 X29.025 Y-120.806 F1400
G1 X27.991 Y-122.471 F1400
G0 Z3.500
G0 X27.036 Y-122.339 F3500
G1 Z0.000 F900
G1 X28.379 Y-123.107 F1400
G1 X29.147 Y-123.107 F1400
G1 X29.531 Y-124.259 F1400
G1 X30.107 Y-124.067 F1400
G0 Z3.500
G0 X28.188 Y-124.835 F3500
G1 Z0.000 F900
G1 X27.228 Y-123.491 F1400
G0 Z3.500
G0 X27.036 Y-122.339 F3500
G1 Z0.000 F900
G1 X26.076 Y-120.612 F1400
G0 Z3.500
G0 X25.500 Y-120.996 F3500
G1 Z0.000 F900
G1 X25.500 Y-122.531 F1400
G1 X25.884 Y-124.067 F1400
G0 Z3.500
G0 X25.941 Y-123.096 F3500
G1 Z0.000 F900
G1 X26.522 Y-123.384 F1400
G1 X27.363 Y-124.654 F1400
G0 Z3.500
G0 X27.133 Y-126.810 F3500
G1 Z0.000 F900
G1 X28.916 Y-128.108 F1400
G0 Z3.500
G0 X28.634 Y-129.163 F3500
G1 Z0.000 F900
G1 X27.348 Y-130.923 F1400
G1 X26.205 Y-132.409 F1400
G0 Z3.500
G0 X25.884 Y-131.746 F3500
G1 Z0.000 F900
G1 X24.348 Y-131.746 F1400
G1 X23.964 Y-131.362 F1400
G0 Z3.500
G0 X23.580 Y-131.170 F3500
G1 Z0.000 F900
G1 X23.196 Y-131.554 F1400
G1 X22.045 Y-131.746 F1400
G1 X21.277 Y-131.362 F1400
G1 X16.094 Y-130.210 F1400
G1 X15.326 Y-129.250 F1400
G0 Z3.500
G0 X16.430 Y-129.004 F3500
G1 Z0.000 F900
G1 X15.307 Y-127.506 F1400
G0 Z3.500
G0 X16.658 Y-127.444 F3500
G1 Z0.000 F900
G1 X16.130 Y-129.584 F1400
G1 X15.145 Y-131.056 F1400
G0 Z3.500
G0 X16.106 Y-131.303 F3500
G1 Z0.000 F900
G1 X15.394 Y-130.473 F1400
G1 X14.162 Y-129.501 F1400
G0 Z3.500
G0 X13.665 Y-129.967 F3500
G1 Z0.000 F900
G1 X12.747 Y-128.647 F1400
G1 X11.228 Y-127.381 F1400
G0 Z3.500
G0 X10.492 Y-124.774 F3500
G1 Z0.000 F900
G1 X9.589 Y-123.907 F1400
G1 X9.410 Y-122.592 F1400
G0 Z3.500
G0 X7.071 Y-123.875 F3500
G1 Z0.000 F900
G1 X7.071 Y-120.420 F1400
G1 X7.647 Y-119.460 F1400
G1 X7.647 Y-118.884 F1400
G0 Z3.500
G0 X7.455 Y-118.692 F3500
G1 Z0.000 F900
G1 X6.304 Y-117.732 F1400
G1 X6.304 Y-116.772 F1400
G1 X7.071 Y-116.004 F1400
G0 Z3.500
G0 X7.071 Y-115.812 F3500
G1 Z0.000 F900
G1 X6.304 Y-115.045 F1400
G1 X6.496 Y-113.893 F1400
G1 X6.304 Y-113.701 F1400
G1 X6.304 Y-112.165 F1400
G0 Z3.500
G0 X7.263 Y-116.004 F3500
G1 Z0.000 F900
G1 X7.647 Y-116.388 F1400
G1 X7.647 Y-118.500 F1400
G0 Z3.500
G0 X7.839 Y-118.692 F3500
G1 Z0.000 F900
G1 X9.375 Y-117.732 F1400
G0 Z3.500
G0 X8.741 Y-116.580 F3500
G1 Z0.000 F900
G1 X8.351 Y-117.830 F1400
G1 X7.705 Y-119.268 F1400
G0 Z3.500
G0 X6.759 Y-119.580 F3500
G1 Z0.000 F900
G1 X6.568 Y-116.697 F1400
G0 Z3.500
G0 X5.924 Y-116.699 F3500
G1 Z0.000 F900
G1 X6.005 Y-122.216 F1400
G0 Z3.500
G0 X6.153 Y-122.691 F3500
G1 Z0.000 F900
G1 X5.883 Y-126.784 F1400
G0 Z3.500
G0 X6.304 Y-126.754 F3500
G1 Z0.000 F900
G1 X6.112 Y-125.603 F1400
G1 X6.304 Y-124.835 F1400
G1 X6.879 Y-124.067 F1400
G0 Z3.500
G0 X7.077 Y-127.470 F3500
G1 Z0.000 F900
G1 X74.906 Y-147.177 F1400
G0 Z3.500
G0 X74.392 Y-146.676 F3500
G1 Z0.000 F900
G1 X82.541 Y-147.942 F1400
G0 Z3.500
G0 X82.513 Y-147.679 F3500
G1 Z0.000 F900
G1 X81.170 Y-149.982 F1400
G1 X81.170 Y-150.750 F1400
G1 X80.786 Y-151.710 F1400
G0 Z3.500
G0 X82.182 Y-150.909 F3500
G1 Z0.000 F900
G1 X77.724 Y-168.035 F1400
G0 Z3.500
G0 X78.094 Y-168.156 F3500
G1 Z0.000 F900
G1 X83.769 Y-150.774 F1400
G0 Z3.500
G0 X83.096 Y-150.093 F3500
G1 Z0.000 F900
G1 X86.310 Y-147.512 F1400
G0 Z3.500
G0 X86.353 Y-147.487 F3500
G1 Z0.000 F900
G1 X84.049 Y-148.638 F1400
G1 X81.938 Y-150.750 F1400
G1 X81.554 Y-151.902 F1400
G1 X80.594 Y-153.054 F1400
G1 X80.594 Y-154.397 F1400
G1 X80.402 Y-154.589 F1400
G1 X80.018 Y-158.045 F1400
G0 Z3.500
G0 X80.786 Y-158.237 F3500
G1 Z0.000 F900
G1 X81.362 Y-157.277 F1400
G1 X81.362 Y-155.933 F1400
G1 X82.705 Y-152.478 F1400
G0 Z3.500
G0 X82.897 Y-152.286 F3500
G1 Z0.000 F900
G1 X85.393 Y-149.598 F1400
G0 Z3.500
G0 X85.201 Y-150.942 F3500
G1 Z0.000 F900
G1 X86.161 Y-149.982 F1400
G1 X86.929 Y-149.790 F1400
G1 X87.504 Y-149.214 F1400
G1 X88.848 Y-148.638 F1400
G1 X89.424 Y-148.638 F1400
G0 Z3.500
G0 X89.347 Y-148.721 F3500
G1 Z0.000 F900
G1 X84.891 Y-151.077 F1400
G0 Z3.500
G0 X86.701 Y-151.660 F3500
G1 Z0.000 F900
G1 X91.110 Y-150.186 F1400
G1 X96.370 Y-149.072 F1400
G0 Z3.500
G0 X97.948 Y-150.044 F3500
G1 Z0.000 F900
G1 X93.368 Y-147.684 F1400
G0 Z3.500
G0 X91.725 Y-146.871 F3500
G1 Z0.000 F900
G1 X107.130 Y-152.005 F1400
G0 Z3.500
G0 X107.112 Y-152.539 F3500
G1 Z0.000 F900
G1 X100.985 Y-150.529 F1400
G0 Z3.500
G0 X100.174 Y-149.982 F3500
G1 Z0.000 F900
G1 X103.438 Y-151.134 F1400
G1 X104.013 Y-151.134 F1400
G1 X104.397 Y-151.518 F1400
G1 X105.933 Y-151.710 F1400
G1 X107.469 Y-152.478 F1400
G1 X108.237 Y-152.478 F1400
G1 X110.348 Y-153.246 F1400
G0 Z3.500
G0 X110.156 Y-154.013 F3500
G1 Z0.000 F900
G1 X109.388 Y-154.013 F1400
G1 X108.045 Y-153.438 F1400
G1 X106.509 Y-153.246 F1400
G1 X104.397 Y-152.286 F1400
G1 X102.862 Y-152.094 F1400
G0 Z3.500
G0 X102.985 Y-151.724 F3500
G1 Z0.000 F900
G1 X106.386 Y-152.790 F1400
G0 Z3.500
G0 X106.542 Y-152.823 F3500
G1 Z0.000 F900
G1 X114.018 Y-155.099 F1400
G0 Z3.500
G0 X112.838 Y-154.317 F3500
G1 Z0.000 F900
G1 X108.299 Y-152.817 F1400
G0 Z3.500
G0 X108.436 Y-152.413 F3500
G1 Z0.000 F900
G1 X120.359 Y-156.246 F1400
G0 Z3.500
G0 X119.540 Y-156.768 F3500
G1 Z0.000 F900
G1 X102.873 Y-152.653 F1400
G0 Z3.500
G0 X104.318 Y-153.555 F3500
G1 Z0.000 F900
G1 X102.083 Y-154.455 F1400
G1 X100.253 Y-154.472 F1400
G0 Z3.500
G0 X99.603 Y-155.477 F3500
G1 Z0.000 F900
G1 X100.800 Y-164.182 F1400
G0 Z3.500
G0 X100.742 Y-164.177 F3500
G1 Z0.000 F900
G1 X104.690 Y-165.498 F1400
G1 X108.820 Y-166.117 F1400
G0 Z3.500
G0 X108.282 Y-166.961 F3500
G1 Z0.000 F900
G1 X105.679 Y-167.777 F1400
G1 X103.584 Y-168.325 F1400
G0 Z3.500
G0 X103.860 Y-167.757 F3500
G1 Z0.000 F900
G1 X105.045 Y-165.914 F1400
G1 X106.854 Y-164.458 F1400
G0 Z3.500
G0 X106.701 Y-164.188 F3500
G1 Z0.000 F900
G1 X106.701 Y-165.339 F1400
G1 X107.469 Y-166.683 F1400
G1 X109.388 Y-168.603 F1400
G1 X110.732 Y-169.371 F1400
G0 Z3.500
G0 X110.930 Y-168.940 F3500
G1 Z0.000 F900
G1 X111.509 Y-168.259 F1400
G1 X112.070 Y-167.498 F1400
G0 Z3.500
G0 X112.460 Y-169.179 F3500
G1 Z0.000 F900
G1 X112.268 Y-168.603 F1400
G1 X111.500 Y-168.027 F1400
G1 X109.196 Y-164.955 F1400
G1 X108.045 Y-164.188 F1400
G0 Z3.500
G0 X108.519 Y-164.789 F3500
G1 Z0.000 F900
G1 X107.744 Y-166.020 F1400
G1 X107.186 Y-167.425 F1400
G0 Z3.500
G0 X106.623 Y-166.765 F3500
G1 Z0.000 F900
G1 X102.636 Y-166.133 F1400
G1 X97.949 Y-165.833 F1400
G0 Z3.500
G0 X98.062 Y-165.915 F3500
G1 Z0.000 F900
G1 X97.871 Y-164.955 F1400
G1 X98.254 Y-163.996 F1400
G0 Z3.500
G0 X98.638 Y-162.460 F3500
G1 Z0.000 F900
G1 X98.062 Y-161.884 F1400
G1 X97.679 Y-160.924 F1400
G1 X97.871 Y-159.772 F1400
G1 X97.487 Y-158.621 F1400
G1 X97.295 Y-156.317 F1400
G0 Z3.500
G0 X97.904 Y-155.565 F3500
G1 Z0.000 F900
G1 X98.246 Y-173.573 F1400
G0 Z3.500
G0 X97.679 Y-173.018 F3500
G1 Z0.000 F900
G1 X97.679 Y-169.754 F1400
G1 X97.871 Y-169.562 F1400
G0 Z3.500
G0 X97.871 Y-169.371 F3500
G1 Z0.000 F900
G1 X97.871 Y-167.643 F1400
G1 X98.062 Y-167.451 F1400
G0 Z3.500
G0 X98.609 Y-167.850 F3500
G1 Z0.000 F900
G1 X97.755 Y-169.025 F1400
G1 X96.748 Y-170.507 F1400
G0 Z3.500
G0 X98.208 Y-170.031 F3500
G1 Z0.000 F900
G1 X103.207 Y-170.735 F1400
G1 X107.899 Y-171.397 F1400
G0 Z3.500
G0 X107.661 Y-171.098 F3500
G1 Z0.000 F900
G1 X107.085 Y-170.522 F1400
G1 X104.973 Y-165.723 F1400
G1 X104.781 Y-163.036 F1400
G0 Z3.500
G0 X104.589 Y-162.844 F3500
G1 Z0.000 F900
G1 X103.629 Y-163.612 F1400
G1 X103.246 Y-164.763 F1400
G1 X103.629 Y-168.987 F1400
G0 Z3.500
G0 X103.669 Y-167.367 F3500
G1 Z0.000 F900
G1 X102.137 Y-169.572 F1400
G1 X100.902 Y-171.374 F1400
G0 Z3.500
G0 X101.297 Y-171.581 F3500
G1 Z0.000 F900
G1 X106.902 Y-190.583 F1400
G0 Z3.500
G0 X107.085 Y-190.679 F3500
G1 Z0.000 F900
G1 X107.277 Y-189.911 F1400
G1 X106.509 Y-188.375 F1400
G1 X106.317 Y-187.415 F1400
G1 X106.509 Y-187.031 F1400
G0 Z3.500
G0 X106.509 Y-186.839 F3500
G1 Z0.000 F900
G1 X105.933 Y-186.071 F1400
G1 X105.933 Y-185.112 F1400
G1 X105.741 Y-184.920 F1400
G1 X105.933 Y-184.536 F1400
G0 Z3.500
G0 X105.635 Y-184.007 F3500
G1 Z0.000 F900
G1 X105.719 Y-182.600 F1400
G1 X106.615 Y-181.226 F1400
G0 Z3.500
G0 X107.164 Y-181.349 F3500
G1 Z0.000 F900
G1 X102.891 Y-164.597 F1400
G0 Z3.500
G0 X102.073 Y-163.898 F3500
G1 Z0.000 F900
G1 X103.814 Y-161.806 F1400
G1 X104.802 Y-159.870 F1400
G0 Z3.500
G0 X103.934 Y-160.394 F3500
G1 Z0.000 F900
G1 X105.961 Y-161.560 F1400
G1 X107.164 Y-162.990 F1400
G0 Z3.500
G0 X106.960 Y-163.090 F3500
G1 Z0.000 F900
G1 X113.002 Y-170.841 F1400
G0 Z3.500
G0 X112.952 Y-170.208 F3500
G1 Z0.000 F900
G1 X133.128 Y-179.333 F1400
G0 Z3.500
G0 X133.407 Y-178.325 F3500
G1 Z0.000 F900
G1 X138.265 Y-179.528 F1400
G0 Z3.500
G0 X137.483 Y-179.131 F3500
G1 Z0.000 F900
G1 X137.591 Y-179.632 F1400
G1 X136.963 Y-180.343 F1400
G0 Z3.500
G0 X137.223 Y-179.929 F3500
G1 Z0.000 F900
G1 X135.112 Y-178.969 F1400
G1 X133.384 Y-178.777 F1400
G1 X132.424 Y-178.393 F1400
G0 Z3.500
G0 X132.232 Y-178.201 F3500
G1 Z0.000 F900
G1 X129.353 Y-177.625 F1400
G1 X128.201 Y-177.049 F1400
G1 X126.665 Y-176.857 F1400
G1 X122.634 Y-175.513 F1400
G1 X122.250 Y-175.129 F1400
G1 X119.946 Y-174.362 F1400
G1 X118.219 Y-173.018 F1400
G1 X117.451 Y-173.018 F1400
G1 X116.683 Y-172.442 F1400
G0 Z3.500
G0 X116.491 Y-172.250 F3500
G1 Z0.000 F900
G1 X115.723 Y-171.482 F1400
G1 X115.147 Y-171.290 F1400
G0 Z3.500
G0 X114.763 Y-171.674 F3500
G1 Z0.000 F900
G1 X114.763 Y-172.250 F1400
G1 X115.147 Y-172.826 F1400
G1 X117.259 Y-175.129 F1400
G0 Z3.500
G0 X117.259 Y-175.321 F3500
G1 Z0.000 F900
G1 X120.138 Y-178.009 F1400
G1 X125.129 Y-181.848 F1400
G1 X130.504 Y-184.728 F1400
G1 X133.192 Y-185.688 F1400
G1 X133.768 Y-185.688 F1400
G0 Z3.500
G0 X133.528 Y-187.034 F3500
G1 Z0.000 F900
G1 X115.208 Y-173.768 F1400
G0 Z3.500
G0 X115.450 Y-173.128 F3500
G1 Z0.000 F900
G1 X119.886 Y-173.702 F1400
G1 X124.059 Y-175.212 F1400
G0 Z3.500
G0 X124.706 Y-174.851 F3500
G1 Z0.000 F900
G1 X124.478 Y-176.062 F1400
G1 X125.169 Y-176.559 F1400
G0 Z3.500
G0 X126.942 Y-175.729 F3500
G1 Z0.000 F900
G1 X130.772 Y-175.326 F1400
G1 X135.219 Y-174.530 F1400
G0 Z3.500
G0 X135.112 Y-174.746 F3500
G1 Z0.000 F900
G1 X137.991 Y-175.705 F1400
G1 X138.951 Y-175.705 F1400
G0 Z3.500
G0 X139.221 Y-176.394 F3500
G1 Z0.000 F900
G1 X135.086 Y-175.906 F1400
G0 Z3.500
G0 X134.728 Y-176.089 F3500
G1 Z0.000 F900
G1 X136.647 Y-176.281 F1400
G1 X136.839 Y-176.473 F1400
G1 X138.567 Y-176.473 F1400
G1 X138.759 Y-176.665 F1400
G1 X139.719 Y-176.281 F1400
G0 Z3.500
G0 X139.934 Y-176.208 F3500
G1 Z0.000 F900
G1 X146.011 Y-174.887 F1400
G0 Z3.500
G0 X146.246 Y-174.554 F3500
G1 Z0.000 F900
G1 X144.710 Y-175.513 F1400
G1 X142.982 Y-176.089 F1400
G1 X140.103 Y-176.281 F1400
G0 Z3.500
G0 X139.893 Y-177.659 F3500
G1 Z0.000 F900
G1 X140.146 Y-179.124 F1400
G1 X140.696 Y-180.662 F1400
G0 Z3.500
G0 X141.776 Y-180.042 F3500
G1 Z0.000 F900
G1 X124.221 Y-174.158 F1400
G0 Z3.500
G0 X124.938 Y-173.786 F3500
G1 Z0.000 F900
G1 X125.513 Y-173.786 F1400
G1 X128.969 Y-175.321 F1400
G1 X129.545 Y-175.321 F1400
G0 Z3.500
G0 X129.737 Y-175.513 F3500
G1 Z0.000 F900
G1 X131.080 Y-176.473 F1400
G1 X134.344 Y-177.625 F1400
G1 X135.688 Y-177.817 F1400
G1 X137.991 Y-178.585 F1400
G1 X140.871 Y-178.777 F1400
G1 X141.062 Y-178.969 F1400
G0 Z3.500
G0 X141.254 Y-179.161 F3500
G1 Z0.000 F900
G1 X142.598 Y-179.161 F1400
G1 X145.286 Y-178.201 F1400
G0 Z3.500
G0 X145.392 Y-178.448 F3500
G1 Z0.000 F900
G1 X142.064 Y-179.730 F1400
G0 Z3.500
G0 X142.108 Y-179.030 F3500
G1 Z0.000 F900
G1 X130.269 Y-176.257 F1400
G0 Z3.500
G0 X129.929 Y-175.321 F3500
G1 Z0.000 F900
G1 X134.344 Y-176.089 F1400
G0 Z3.500
G0 X133.800 Y-175.951 F3500
G1 Z0.000 F900
G1 X133.833 Y-176.798 F1400
G1 X134.119 Y-176.995 F1400
G0 Z3.500
G0 X135.858 Y-176.954 F3500
G1 Z0.000 F900
G1 X145.031 Y-176.129 F1400
G0 Z3.500
G0 X139.911 Y-174.554 F3500
G1 Z0.000 F900
G1 X139.719 Y-173.978 F1400
G1 X138.183 Y-172.826 F1400
G1 X137.415 Y-172.634 F1400
G1 X134.536 Y-172.826 F1400
G1 X133.960 Y-172.634 F1400
G0 Z3.500
G0 X134.920 Y-171.866 F3500
G1 Z0.000 F900
G1 X133.192 Y-171.866 F1400
G1 X132.808 Y-172.442 F1400
G1 X132.040 Y-172.442 F1400
G1 X131.656 Y-172.058 F1400
G0 Z3.500
G0 X131.656 Y-172.058 F3500
G1 Z0.000 F900
G1 X129.353 Y-171.290 F1400
G1 X127.817 Y-171.098 F1400
G0 Z3.500
G0 X127.625 Y-171.290 F3500
G1 Z0.000 F900
G1 X127.625 Y-171.674 F1400
G1 X128.201 Y-172.250 F1400
G1 X132.040 Y-173.786 F1400
G0 Z3.500
G0 X133.055 Y-174.854 F3500
G1 Z0.000 F900
G1 X121.416 Y-169.096 F1400
G0 Z3.500
G0 X121.674 Y-168.795 F3500
G1 Z0.000 F900
G1 X124.362 Y-170.138 F1400
G1 X124.938 Y-170.138 F1400
G0 Z3.500
G0 X125.129 Y-169.946 F3500
G1 Z0.000 F900
G1 X124.554 Y-169.179 F1400
G1 X121.674 Y-167.451 F1400
G0 Z3.500
G0 X121.482 Y-167.259 F3500
G1 Z0.000 F900
G1 X119.563 Y-166.299 F1400
G1 X116.299 Y-163.996 F1400
G1 X113.804 Y-162.844 F1400
G1 X110.732 Y-160.732 F1400
G0 Z3.500
G0 X109.908 Y-159.640 F3500
G1 Z0.000 F900
G1 X106.607 Y-159.785 F1400
G1 X103.494 Y-161.057 F1400
G0 Z3.500
G0 X104.757 Y-162.019 F3500
G1 Z0.000 F900
G1 X104.127 Y-164.206 F1400
G1 X103.270 Y-166.356 F1400
G0 Z3.500
G0 X105.011 Y-166.057 F3500
G1 Z0.000 F900
G1 X116.099 Y-182.740 F1400
G0 Z3.500
G0 X117.420 Y-183.108 F3500
G1 Z0.000 F900
G1 X115.169 Y-181.562 F1400
G0 Z3.500
G0 X114.862 Y-181.817 F3500
G1 Z0.000 F900
G1 X106.825 Y-171.167 F1400
G0 Z3.500
G0 X106.692 Y-171.157 F3500
G1 Z0.000 F900
G1 X103.983 Y-163.895 F1400
G0 Z3.500
G0 X104.938 Y-163.859 F3500
G1 Z0.000 F900
G1 X102.459 Y-162.991 F1400
G1 X100.017 Y-162.596 F1400
G0 Z3.500
G0 X100.389 Y-162.892 F3500
G1 Z0.000 F900
G1 X98.578 Y-154.895 F1400
G0 Z3.500
G0 X97.385 Y-155.093 F3500
G1 Z0.000 F900
G1 X97.397 Y-173.569 F1400
G0 Z3.500
G0 X98.254 Y-174.554 F3500
G1 Z0.000 F900
G1 X98.638 Y-178.585 F1400
G0 Z3.500
G0 X98.763 Y-178.213 F3500
G1 Z0.000 F900
G1 X100.104 Y-176.982 F1400
G1 X100.434 Y-175.885 F1400
G0 Z3.500
G0 X100.539 Y-176.481 F3500
G1 Z0.000 F900
G1 X101.228 Y-175.272 F1400
G1 X102.881 Y-173.778 F1400
G0 Z3.500
G0 X104.187 Y-174.382 F3500
G1 Z0.000 F900
G1 X103.444 Y-175.260 F1400
G1 X102.688 Y-176.261 F1400
G0 Z3.500
G0 X102.593 Y-176.498 F3500
G1 Z0.000 F900
G1 X102.318 Y-177.482 F1400
G1 X101.594 Y-178.752 F1400
G0 Z3.500
G0 X102.310 Y-178.723 F3500
G1 Z0.000 F900
G1 X103.105 Y-177.653 F1400
G1 X104.181 Y-176.527 F1400
G0 Z3.500
G0 X104.680 Y-176.643 F3500
G1 Z0.000 F900
G1 X105.033 Y-175.799 F1400
G1 X105.266 Y-175.151 F1400
G0 Z3.500
G0 X106.701 Y-174.938 F3500
G1 Z0.000 F900
G1 X109.388 Y-178.777 F1400
G1 X111.308 Y-180.696 F1400
G0 Z3.500
G0 X110.816 Y-180.552 F3500
G1 Z0.000 F900
G1 X109.388 Y-182.097 F1400
G1 X108.345 Y-184.680 F1400
G0 Z3.500
G0 X108.560 Y-185.286 F3500
G1 Z0.000 F900
G1 X104.222 Y-179.061 F1400
G0 Z3.500
G0 X104.476 Y-179.791 F3500
G1 Z0.000 F900
G1 X107.132 Y-188.021 F1400
G0 Z3.500
G0 X106.419 Y-188.095 F3500
G1 Z0.000 F900
G1 X112.958 Y-196.395 F1400
G0 Z3.500
G0 X113.612 Y-196.438 F3500
G1 Z0.000 F900
G1 X113.228 Y-196.438 F1400
G1 X112.076 Y-195.286 F1400
G1 X111.500 Y-195.094 F1400
G0 Z3.500
G0 X111.308 Y-195.094 F3500
G1 Z0.000 F900
G1 X107.277 Y-191.062 F1400
G0 Z3.500
G0 X107.832 Y-190.827 F3500
G1 Z0.000 F900
G1 X108.434 Y-192.403 F1400
G0 Z3.500
G0 X107.146 Y-191.949 F3500
G1 Z0.000 F900
G1 X111.215 Y-195.528 F1400
G0 Z3.500
G0 X111.086 Y-195.236 F3500
G1 Z0.000 F900
G1 X110.752 Y-195.836 F1400
G1 X110.378 Y-196.871 F1400
G0 Z3.500
G0 X109.772 Y-196.821 F3500
G1 Z0.000 F900
G1 X110.924 Y-198.165 F1400
G0 Z3.500
G0 X111.116 Y-198.549 F3500
G1 Z0.000 F900
G1 X112.076 Y-198.549 F1400
G1 X112.460 Y-199.317 F1400
G0 Z3.500
G0 X111.764 Y-199.593 F3500
G1 Z0.000 F900
G1 X107.005 Y-205.921 F1400
G0 Z3.500
G0 X107.277 Y-205.076 F3500
G1 Z0.000 F900
G1 X107.853 Y-204.308 F1400
G1 X108.045 Y-203.540 F1400
G0 Z3.500
G0 X107.853 Y-203.348 F3500
G1 Z0.000 F900
G1 X107.277 Y-203.540 F1400
G1 X105.741 Y-205.268 F1400
G0 Z3.500
G0 X104.973 Y-204.692 F3500
G1 Z0.000 F900
G1 X103.629 Y-206.228 F1400
G1 X103.629 Y-206.996 F1400
G1 X102.670 Y-209.299 F1400
G0 Z3.500
G0 X102.286 Y-209.299 F3500
G1 Z0.000 F900
G1 X101.710 Y-208.723 F1400
G1 X101.710 Y-206.804 F1400
G0 Z3.500
G0 X101.710 Y-206.420 F3500
G1 Z0.000 F900
G1 X101.326 Y-204.308 F1400
G0 Z3.500
G0 X101.326 Y-204.308 F3500
G1 Z0.000 F900
G1 X100.174 Y-202.196 F1400
G1 X98.254 Y-200.277 F1400
G1 X97.679 Y-200.277 F1400
G0 Z3.500
G0 X97.487 Y-200.469 F3500
G1 Z0.000 F900
G1 X99.598 Y-203.156 F1400
G0 Z3.500
G0 X99.599 Y-203.345 F3500
G1 Z0.000 F900
G1 X96.557 Y-199.917 F1400
G0 Z3.500
G0 X96.644 Y-199.629 F3500
G1 Z0.000 F900
G1 X96.244 Y-198.502 F1400
G1 X96.025 Y-197.469 F1400
G0 Z3.500
G0 X94.904 Y-197.842 F3500
G1 Z0.000 F900
G1 X95.704 Y-196.964 F1400
G1 X96.997 Y-196.185 F1400
G0 Z3.500
G0 X97.456 Y-196.363 F3500
G1 Z0.000 F900
G1 X98.174 Y-194.510 F1400
G1 X98.669 Y-193.057 F1400
G0 Z3.500
G0 X99.022 Y-193.942 F3500
G1 Z0.000 F900
G1 X97.103 Y-193.174 F1400
G0 Z3.500
G0 X97.082 Y-193.679 F3500
G1 Z0.000 F900
G1 X90.345 Y-180.372 F1400
G0 Z3.500
G0 X90.778 Y-180.046 F3500
G1 Z0.000 F900
G1 X90.117 Y-172.142 F1400
G0 Z3.500
G0 X89.616 Y-172.442 F3500
G1 Z0.000 F900
G1 X89.616 Y-170.906 F1400
G1 X90.192 Y-168.603 F1400
G1 X90.192 Y-167.259 F1400
G1 X90.960 Y-164.763 F1400
G0 Z3.500
G0 X91.344 Y-164.571 F3500
G1 Z0.000 F900
G1 X91.920 Y-165.147 F1400
G1 X91.920 Y-166.299 F1400
G1 X92.496 Y-168.219 F1400
G1 X92.496 Y-169.754 F1400
G0 Z3.500
G0 X92.657 Y-169.547 F3500
G1 Z0.000 F900
G1 X89.281 Y-170.312 F1400
G1 X85.807 Y-170.730 F1400
G0 Z3.500
G0 X87.080 Y-170.533 F3500
G1 Z0.000 F900
G1 X86.429 Y-171.929 F1400
G1 X85.241 Y-173.199 F1400
G0 Z3.500
G0 X84.810 Y-172.782 F3500
G1 Z0.000 F900
G1 X83.900 Y-171.865 F1400
G1 X83.288 Y-170.951 F1400
G0 Z3.500
G0 X83.590 Y-170.396 F3500
G1 Z0.000 F900
G1 X84.905 Y-177.333 F1400
G0 Z3.500
G0 X85.217 Y-177.652 F3500
G1 Z0.000 F900
G1 X86.373 Y-180.311 F1400
G0 Z3.500
G0 X86.275 Y-180.570 F3500
G1 Z0.000 F900
G1 X86.826 Y-179.179 F1400
G1 X87.198 Y-177.751 F1400
G0 Z3.500
G0 X87.135 Y-177.793 F3500
G1 Z0.000 F900
G1 X87.296 Y-179.226 F1400
G1 X87.490 Y-180.529 F1400
G0 Z3.500
G0 X87.402 Y-179.778 F3500
G1 Z0.000 F900
G1 X86.264 Y-181.651 F1400
G1 X85.687 Y-183.534 F1400
G0 Z3.500
G0 X85.583 Y-182.776 F3500
G1 Z0.000 F900
G1 X84.968 Y-181.237 F1400
G1 X85.203 Y-180.153 F1400
G0 Z3.500
G0 X84.207 Y-179.867 F3500
G1 Z0.000 F900
G1 X98.356 Y-206.619 F1400
G0 Z3.500
G0 X99.406 Y-205.268 F3500
G1 Z0.000 F900
G1 X99.214 Y-204.500 F1400
G1 X98.254 Y-203.540 F1400
G1 X98.062 Y-202.964 F1400
G1 X96.719 Y-201.237 F1400
G1 X96.527 Y-200.469 F1400
G0 Z3.500
G0 X96.335 Y-200.277 F3500
G1 Z0.000 F900
G1 X95.759 Y-200.085 F1400
G1 X94.991 Y-199.317 F1400
G1 X94.991 Y-198.549 F1400
G0 Z3.500
G0 X94.991 Y-198.357 F3500
G1 Z0.000 F900
G1 X91.920 Y-195.094 F1400
G1 X90.960 Y-193.750 F1400
G1 X89.424 Y-191.062 F1400
G1 X88.656 Y-188.759 F1400
G1 X88.080 Y-187.799 F1400
G1 X88.080 Y-187.223 F1400
G1 X87.696 Y-186.839 F1400
G0 Z3.500
G0 X87.536 Y-186.358 F3500
G1 Z0.000 F900
G1 X87.264 Y-185.488 F1400
G1 X88.241 Y-184.634 F1400
G0 Z3.500
G0 X88.743 Y-185.219 F3500
G1 Z0.000 F900
G1 X89.748 Y-183.175 F1400
G1 X91.257 Y-181.165 F1400
G0 Z3.500
G0 X91.324 Y-180.342 F3500
G1 Z0.000 F900
G1 X94.148 Y-187.801 F1400
G0 Z3.500
G0 X94.550 Y-187.750 F3500
G1 Z0.000 F900
G1 X99.745 Y-195.042 F1400
G0 Z3.500
G0 X99.643 Y-195.137 F3500
G1 Z0.000 F900
G1 X102.421 Y-197.194 F1400
G0 Z3.500
G0 X102.724 Y-197.471 F3500
G1 Z0.000 F900
G1 X102.906 Y-195.783 F1400
G1 X103.767 Y-194.636 F1400
G0 Z3.500
G0 X103.438 Y-194.134 F3500
G1 Z0.000 F900
G1 X103.438 Y-193.558 F1400
G1 X101.326 Y-191.446 F1400
G0 Z3.500
G0 X101.134 Y-191.254 F3500
G1 Z0.000 F900
G1 X99.598 Y-189.335 F1400
G1 X99.214 Y-188.183 F1400
G0 Z3.500
G0 X99.214 Y-187.991 F3500
G1 Z0.000 F900
G1 X96.719 Y-182.808 F1400
G1 X95.183 Y-176.665 F1400
G1 X94.607 Y-175.705 F1400
G1 X94.799 Y-175.129 F1400
G1 X94.607 Y-174.170 F1400
G1 X94.799 Y-173.978 F1400
G0 Z3.500
G0 X93.647 Y-174.170 F3500
G1 Z0.000 F900
G1 X93.455 Y-172.250 F1400
G1 X93.071 Y-171.674 F1400
G0 Z3.500
G0 X91.728 Y-172.634 F3500
G1 Z0.000 F900
G1 X91.728 Y-173.978 F1400
G1 X91.920 Y-174.170 F1400
G1 X91.728 Y-174.362 F1400
G1 X91.728 Y-176.281 F1400
G1 X92.112 Y-178.009 F1400
G1 X92.112 Y-180.312 F1400
G1 X92.879 Y-181.656 F1400
G1 X93.263 Y-183.576 F1400
G1 X93.647 Y-183.960 F1400
G1 X93.839 Y-185.304 F1400
G1 X94.607 Y-186.647 F1400
G1 X94.991 Y-188.183 F1400
G0 Z3.500
G0 X95.060 Y-188.002 F3500
G1 Z0.000 F900
G1 X94.979 Y-186.925 F1400
G1 X94.538 Y-185.677 F1400
G0 Z3.500
G0 X94.336 Y-185.090 F3500
G1 Z0.000 F900
G1 X92.547 Y-180.005 F1400
G0 Z3.500
G0 X92.523 Y-179.608 F3500
G1 Z0.000 F900
G1 X92.027 Y-174.761 F1400
G0 Z3.500
G0 X93.522 Y-175.641 F3500
G1 Z0.000 F900
G1 X92.375 Y-177.310 F1400
G1 X90.701 Y-178.457 F1400
G0 Z3.500
G0 X90.286 Y-177.311 F3500
G1 Z0.000 F900
G1 X88.648 Y-175.213 F1400
G1 X87.026 Y-173.716 F1400
G0 Z3.500
G0 X87.695 Y-173.335 F3500
G1 Z0.000 F900
G1 X81.247 Y-171.381 F1400
G1 X75.029 Y-170.397 F1400
G0 Z3.500
G0 X73.747 Y-172.515 F3500
G1 Z0.000 F900
G1 X67.853 Y-180.274 F1400
G0 Z3.500
G0 X67.673 Y-179.833 F3500
G1 Z0.000 F900
G1 X69.900 Y-176.086 F1400
G0 Z3.500
G0 X70.036 Y-176.281 F3500
G1 Z0.000 F900
G1 X69.652 Y-177.241 F1400
G1 X69.076 Y-177.817 F1400
G0 Z3.500
G0 X70.166 Y-179.094 F3500
G1 Z0.000 F900
G1 X70.584 Y-177.485 F1400
G1 X71.057 Y-175.388 F1400
G0 Z3.500
G0 X70.228 Y-176.089 F3500
G1 Z0.000 F900
G1 X72.915 Y-173.402 F1400
G0 Z3.500
G0 X72.531 Y-172.634 F3500
G1 Z0.000 F900
G1 X70.420 Y-172.826 F1400
G0 Z3.500
G0 X70.228 Y-173.018 F3500
G1 Z0.000 F900
G1 X68.116 Y-174.362 F1400
G1 X67.348 Y-175.129 F1400
G1 X66.388 Y-176.473 F1400
G1 X66.196 Y-177.433 F1400
G1 X65.429 Y-178.969 F1400
G0 Z3.500
G0 X65.209 Y-178.916 F3500
G1 Z0.000 F900
G1 X66.921 Y-175.342 F1400
G0 Z3.500
G0 X65.712 Y-176.181 F3500
G1 Z0.000 F900
G1 X71.025 Y-172.075 F1400
G0 Z3.500
G0 X69.547 Y-172.132 F3500
G1 Z0.000 F900
G1 X68.590 Y-173.161 F1400
G1 X68.221 Y-174.288 F1400
G0 Z3.500
G0 X68.992 Y-173.806 F3500
G1 Z0.000 F900
G1 X65.715 Y-179.136 F1400
G0 Z3.500
G0 X65.605 Y-178.623 F3500
G1 Z0.000 F900
G1 X65.445 Y-176.858 F1400
G1 X65.253 Y-175.475 F1400
G0 Z3.500
G0 X63.319 Y-176.389 F3500
G1 Z0.000 F900
G1 X66.520 Y-172.654 F1400
G0 Z3.500
G0 X67.156 Y-172.634 F3500
G1 Z0.000 F900
G1 X66.772 Y-173.210 F1400
G1 X64.853 Y-174.746 F1400
G1 X63.701 Y-176.857 F1400
G1 X63.701 Y-178.009 F1400
G0 Z3.500
G0 X62.929 Y-179.030 F3500
G1 Z0.000 F900
G1 X66.716 Y-178.328 F1400
G1 X70.999 Y-177.371 F1400
G0 Z3.500
G0 X71.703 Y-178.051 F3500
G1 Z0.000 F900
G1 X73.093 Y-179.880 F1400
G1 X74.895 Y-181.423 F1400
G0 Z3.500
G0 X75.429 Y-180.312 F3500
G1 Z0.000 F900
G1 X75.251 Y-179.734 F1400
G1 X75.008 Y-179.161 F1400
G0 Z3.500
G0 X74.697 Y-179.584 F3500
G1 Z0.000 F900
G1 X70.784 Y-187.583 F1400
G0 Z3.500
G0 X70.284 Y-187.301 F3500
G1 Z0.000 F900
G1 X69.617 Y-189.079 F1400
G1 X68.252 Y-189.833 F1400
G0 Z3.500
G0 X68.446 Y-189.820 F3500
G1 Z0.000 F900
G1 X67.227 Y-189.011 F1400
G1 X66.250 Y-187.314 F1400
G0 Z3.500
G0 X65.920 Y-187.336 F3500
G1 Z0.000 F900
G1 X65.300 Y-188.790 F1400
G1 X64.554 Y-189.798 F1400
G0 Z3.500
G0 X65.030 Y-190.076 F3500
G1 Z0.000 F900
G1 X65.316 Y-191.587 F1400
G1 X65.443 Y-192.816 F1400
G0 Z3.500
G0 X66.099 Y-192.624 F3500
G1 Z0.000 F900
G1 X66.916 Y-190.476 F1400
G1 X67.830 Y-187.965 F1400
G0 Z3.500
G0 X68.157 Y-188.235 F3500
G1 Z0.000 F900
G1 X68.435 Y-189.795 F1400
G1 X68.843 Y-191.202 F1400
G0 Z3.500
G0 X69.060 Y-190.904 F3500
G1 Z0.000 F900
G1 X68.160 Y-192.633 F1400
G1 X66.404 Y-194.293 F1400
G0 Z3.500
G0 X66.772 Y-194.326 F3500
G1 Z0.000 F900
G1 X66.772 Y-193.750 F1400
G1 X66.388 Y-193.366 F1400
G1 X66.196 Y-192.598 F1400
G1 X65.621 Y-192.022 F1400
G0 Z3.500
G0 X65.621 Y-192.022 F3500
G1 Z0.000 F900
G1 X66.196 Y-189.719 F1400
G0 Z3.500
G0 X66.196 Y-189.527 F3500
G1 Z0.000 F900
G1 X65.429 Y-188.567 F1400
G1 X64.469 Y-188.567 F1400
G0 Z3.500
G0 X64.277 Y-188.375 F3500
G1 Z0.000 F900
G1 X63.509 Y-187.223 F1400
G1 X62.741 Y-187.031 F1400
G0 Z3.500
G0 X62.549 Y-186.839 F3500
G1 Z0.000 F900
G1 X62.165 Y-185.112 F1400
G1 X61.781 Y-184.920 F1400
G0 Z3.500
G0 X61.574 Y-184.989 F3500
G1 Z0.000 F900
G1 X59.368 Y-190.390 F1400
G0 Z3.500
G0 X60.287 Y-190.006 F3500
G1 Z0.000 F900
G1 X62.128 Y-191.208 F1400
G1 X63.659 Y-192.503 F1400
G0 Z3.500
G0 X63.509 Y-192.982 F3500
G1 Z0.000 F900
G1 X64.661 Y-192.022 F1400
G0 Z3.500
G0 X64.496 Y-192.405 F3500
G1 Z0.000 F900
G1 X64.884 Y-190.257 F1400
G1 X65.209 Y-188.952 F1400
G0 Z3.500
G0 X64.192 Y-188.371 F3500
G1 Z0.000 F900
G1 X63.346 Y-189.664 F1400
G1 X63.210 Y-190.683 F1400
G0 Z3.500
G0 X63.106 Y-190.047 F3500
G1 Z0.000 F900
G1 X63.115 Y-188.602 F1400
G1 X64.680 Y-187.471 F1400
G0 Z3.500
G0 X65.142 Y-187.632 F3500
G1 Z0.000 F900
G1 X62.373 Y-187.026 F1400
G0 Z3.500
G0 X61.781 Y-187.031 F3500
G1 Z0.000 F900
G1 X61.013 Y-186.263 F1400
G1 X61.013 Y-185.304 F1400
G1 X61.397 Y-184.920 F1400
G0 Z3.500
G0 X61.589 Y-184.728 F3500
G1 Z0.000 F900
G1 X61.589 Y-181.080 F1400
G1 X61.781 Y-180.888 F1400
G1 X61.589 Y-179.929 F1400
G1 X61.781 Y-178.969 F1400
G1 X62.165 Y-178.393 F1400
G1 X62.741 Y-175.129 F1400
G1 X65.045 Y-172.634 F1400
G1 X66.772 Y-172.250 F1400
G1 X67.156 Y-172.442 F1400
G0 Z3.500
G0 X68.117 Y-176.243 F3500
G1 Z0.000 F900
G1 X71.738 Y-175.069 F1400
G1 X75.410 Y-174.400 F1400
G0 Z3.500
G0 X74.643 Y-173.594 F3500
G1 Z0.000 F900
G1 X74.643 Y-174.170 F1400
G1 X73.491 Y-176.089 F1400
G0 Z3.500
G0 X73.491 Y-176.281 F3500
G1 Z0.000 F900
G1 X71.955 Y-178.009 F1400
G0 Z3.500
G0 X71.955 Y-178.201 F3500
G1 Z0.000 F900
G1 X71.379 Y-180.121 F1400
G1 X70.804 Y-180.888 F1400
G1 X70.996 Y-182.424 F1400
G1 X70.804 Y-182.808 F1400
G0 Z3.500
G0 X70.804 Y-182.808 F3500
G1 Z0.000 F900
G1 X70.996 Y-183.576 F1400
G1 X71.571 Y-184.152 F1400
G0 Z3.500
G0 X71.763 Y-184.152 F3500
G1 Z0.000 F900
G1 X72.723 Y-182.616 F1400
G1 X72.723 Y-181.656 F1400
G1 X73.491 Y-180.504 F1400
G1 X73.491 Y-180.121 F1400
G0 Z3.500
G0 X73.491 Y-180.121 F3500
G1 Z0.000 F900
G1 X74.067 Y-179.545 F1400
G1 X74.067 Y-178.393 F1400
G0 Z3.500
G0 X74.067 Y-178.201 F3500
G1 Z0.000 F900
G1 X74.643 Y-177.241 F1400
G1 X74.643 Y-176.281 F1400
G1 X74.067 Y-176.089 F1400
G1 X73.683 Y-176.281 F1400
G0 Z3.500
G0 X72.809 Y-176.728 F3500
G1 Z0.000 F900
G1 X77.548 Y-177.601 F1400
G1 X82.235 Y-178.138 F1400
G0 Z3.500
G0 X82.667 Y-178.656 F3500
G1 Z0.000 F900
G1 X83.429 Y-177.443 F1400
G1 X84.664 Y-175.827 F1400
G0 Z3.500
G0 X84.444 Y-176.409 F3500
G1 Z0.000 F900
G1 X81.528 Y-175.127 F1400
G1 X78.279 Y-174.234 F1400
G0 Z3.500
G0 X78.652 Y-174.263 F3500
G1 Z0.000 F900
G1 X83.372 Y-157.683 F1400
G0 Z3.500
G0 X82.909 Y-156.878 F3500
G1 Z0.000 F900
G1 X82.012 Y-157.831 F1400
G1 X81.350 Y-159.211 F1400
G0 Z3.500
G0 X80.210 Y-159.580 F3500
G1 Z0.000 F900
G1 X78.482 Y-166.299 F1400
G1 X78.290 Y-168.027 F1400
G0 Z3.500
G0 X79.555 Y-167.878 F3500
G1 Z0.000 F900
G1 X80.274 Y-167.709 F1400
G1 X80.865 Y-166.640 F1400
G0 Z3.500
G0 X80.236 Y-166.781 F3500
G1 Z0.000 F900
G1 X80.712 Y-166.002 F1400
G1 X80.952 Y-165.049 F1400
G0 Z3.500
G0 X82.524 Y-165.531 F3500
G1 Z0.000 F900
G1 X81.255 Y-164.236 F1400
G1 X79.431 Y-162.844 F1400
G0 Z3.500
G0 X81.685 Y-162.742 F3500
G1 Z0.000 F900
G1 X82.534 Y-163.433 F1400
G1 X83.342 Y-164.097 F1400
G0 Z3.500
G0 X83.281 Y-164.955 F3500
G1 Z0.000 F900
G1 X83.281 Y-163.996 F1400
G1 X83.857 Y-162.268 F1400
G1 X83.857 Y-161.500 F1400
G1 X85.585 Y-157.469 F1400
G1 X87.121 Y-155.357 F1400
G1 X88.080 Y-154.397 F1400
G1 X88.656 Y-154.205 F1400
G1 X89.808 Y-152.862 F1400
G1 X91.152 Y-152.094 F1400
G1 X91.728 Y-152.094 F1400
G0 Z3.500
G0 X91.920 Y-152.094 F3500
G1 Z0.000 F900
G1 X92.496 Y-151.710 F1400
G1 X93.071 Y-151.710 F1400
G1 X93.455 Y-152.286 F1400
G0 Z3.500
G0 X93.455 Y-152.478 F3500
G1 Z0.000 F900
G1 X93.263 Y-153.054 F1400
G1 X91.920 Y-154.205 F1400
G0 Z3.500
G0 X91.152 Y-153.629 F3500
G1 Z0.000 F900
G1 X91.920 Y-152.670 F1400
G1 X91.920 Y-152.286 F1400
G0 Z3.500
G0 X92.949 Y-152.487 F3500
G1 Z0.000 F900
G1 X90.392 Y-155.971 F1400
G0 Z3.500
G0 X90.576 Y-155.357 F3500
G1 Z0.000 F900
G1 X90.000 Y-156.701 F1400
G1 X89.232 Y-157.661 F1400
G1 X88.080 Y-161.500 F1400
G1 X88.080 Y-162.844 F1400
G1 X87.504 Y-165.531 F1400
G1 X87.312 Y-170.330 F1400
G0 Z3.500
G0 X87.263 Y-170.385 F3500
G1 Z0.000 F900
G1 X89.382 Y-158.663 F1400
G0 Z3.500
G0 X89.157 Y-158.768 F3500
G1 Z0.000 F900
G1 X94.812 Y-151.814 F1400
G0 Z3.500
G0 X94.744 Y-152.376 F3500
G1 Z0.000 F900
G1 X91.114 Y-153.414 F1400
G1 X87.559 Y-154.883 F1400
G0 Z3.500
G0 X88.004 Y-153.740 F3500
G1 Z0.000 F900
G1 X92.177 Y-151.004 F1400
G0 Z3.500
G0 X93.647 Y-149.790 F3500
G1 Z0.000 F900
G1 X94.991 Y-150.558 F1400
G1 X95.375 Y-151.134 F1400
G1 X97.487 Y-152.670 F1400
G1 X98.062 Y-152.670 F1400
G0 Z3.500
G0 X97.871 Y-153.629 F3500
G1 Z0.000 F900
G1 X98.830 Y-153.438 F1400
G1 X99.598 Y-153.629 F1400
G1 X101.902 Y-154.781 F1400
G0 Z3.500
G0 X102.092 Y-155.278 F3500
G1 Z0.000 F900
G1 X113.622 Y-169.855 F1400
G0 Z3.500
G0 X113.996 Y-170.522 F3500
G1 Z0.000 F900
G1 X113.036 Y-169.371 F1400
G1 X112.652 Y-169.371 F1400
G0 Z3.500
G0 X114.055 Y-167.798 F3500
G1 Z0.000 F900
G1 X110.194 Y-168.758 F1400
G1 X107.026 Y-169.792 F1400
G0 Z3.500
G0 X106.520 Y-171.090 F3500
G1 Z0.000 F900
G1 X106.953 Y-171.650 F1400
G1 X107.650 Y-172.258 F1400
G0 Z3.500
G0 X108.045 Y-172.442 F3500
G1 Z0.000 F900
G1 X109.004 Y-173.210 F1400
G1 X109.388 Y-173.786 F1400
G1 X109.580 Y-174.746 F1400
G1 X113.228 Y-179.161 F1400
G1 X116.683 Y-182.424 F1400
G1 X117.835 Y-183.000 F1400
G0 Z3.500
G0 X115.686 Y-184.673 F3500
G1 Z0.000 F900
G1 X116.081 Y-186.007 F1400
G1 X116.145 Y-186.702 F1400
G0 Z3.500
G0 X115.918 Y-186.631 F3500
G1 Z0.000 F900
G1 X125.501 Y-188.624 F1400
G0 Z3.500
G0 X125.607 Y-188.715 F3500
G1 Z0.000 F900
G1 X129.934 Y-190.131 F1400
G0 Z3.500
G0 X130.217 Y-189.559 F3500
G1 Z0.000 F900
G1 X133.948 Y-194.677 F1400
G0 Z3.500
G0 X132.826 Y-194.566 F3500
G1 Z0.000 F900
G1 X125.101 Y-188.788 F1400
G0 Z3.500
G0 X124.524 Y-188.728 F3500
G1 Z0.000 F900
G1 X124.938 Y-187.364 F1400
G1 X125.734 Y-186.102 F1400
G0 Z3.500
G0 X125.920 Y-185.239 F3500
G1 Z0.000 F900
G1 X114.445 Y-177.867 F1400
G0 Z3.500
G0 X114.902 Y-177.289 F3500
G1 Z0.000 F900
G1 X126.736 Y-184.978 F1400
G0 Z3.500
G0 X128.009 Y-185.112 F3500
G1 Z0.000 F900
G1 X127.049 Y-184.920 F1400
G1 X123.978 Y-183.384 F1400
G1 X123.594 Y-183.384 F1400
G1 X119.371 Y-180.888 F1400
G1 X114.955 Y-177.433 F1400
G1 X111.308 Y-173.978 F1400
G0 Z3.500
G0 X111.879 Y-172.449 F3500
G1 Z0.000 F900
G1 X116.621 Y-171.379 F1400
G1 X121.487 Y-170.515 F1400
G0 Z3.500
G0 X122.591 Y-171.768 F3500
G1 Z0.000 F900
G1 X114.359 Y-167.098 F1400
G0 Z3.500
G0 X115.147 Y-167.067 F3500
G1 Z0.000 F900
G1 X117.835 Y-168.795 F1400
G0 Z3.500
G0 X118.603 Y-169.179 F3500
G1 Z0.000 F900
G1 X119.946 Y-170.138 F1400
G1 X123.402 Y-171.482 F1400
G0 Z3.500
G0 X123.722 Y-173.491 F3500
G1 Z0.000 F900
G1 X123.261 Y-175.077 F1400
G1 X122.697 Y-176.768 F1400
G0 Z3.500
G0 X122.563 Y-177.702 F3500
G1 Z0.000 F900
G1 X122.119 Y-176.268 F1400
G1 X121.937 Y-175.245 F1400
G0 Z3.500
G0 X121.920 Y-174.540 F3500
G1 Z0.000 F900
G1 X121.012 Y-173.582 F1400
G1 X120.277 Y-173.031 F1400
G0 Z3.500
G0 X120.259 Y-174.065 F3500
G1 Z0.000 F900
G1 X120.331 Y-176.043 F1400
G1 X120.785 Y-177.729 F1400
G0 Z3.500
G0 X120.192 Y-178.437 F3500
G1 Z0.000 F900
G1 X120.437 Y-177.354 F1400
G1 X121.237 Y-176.429 F1400
G0 Z3.500
G0 X120.828 Y-174.593 F3500
G1 Z0.000 F900
G1 X119.548 Y-172.791 F1400
G1 X117.913 Y-172.211 F1400
G0 Z3.500
G0 X118.961 Y-174.367 F3500
G1 Z0.000 F900
G1 X124.136 Y-174.295 F1400
G1 X129.378 Y-173.588 F1400
G0 Z3.500
G0 X128.300 Y-173.195 F3500
G1 Z0.000 F900
G1 X129.752 Y-173.727 F1400
G1 X130.021 Y-174.760 F1400
G0 Z3.500
G0 X127.359 Y-174.694 F3500
G1 Z0.000 F900
G1 X127.886 Y-176.362 F1400
G1 X128.275 Y-177.484 F1400
G0 Z3.500
G0 X128.481 Y-178.025 F3500
G1 Z0.000 F900
G1 X124.310 Y-178.994 F1400
G1 X119.858 Y-179.528 F1400
G0 Z3.500
G0 X117.539 Y-177.737 F3500
G1 Z0.000 F900
G1 X117.744 Y-177.253 F1400
G1 X118.515 Y-175.977 F1400
G0 Z3.500
G0 X115.689 Y-178.719 F3500
G1 Z0.000 F900
G1 X112.006 Y-177.735 F1400
G1 X108.079 Y-176.915 F1400
G0 Z3.500
G0 X107.864 Y-177.081 F3500
G1 Z0.000 F900
G1 X108.385 Y-176.305 F1400
G1 X108.609 Y-175.097 F1400
G0 Z3.500
G0 X109.268 Y-174.663 F3500
G1 Z0.000 F900
G1 X102.663 Y-175.140 F1400
G1 X96.455 Y-175.980 F1400
G0 Z3.500
G0 X95.589 Y-176.039 F3500
G1 Z0.000 F900
G1 X94.268 Y-177.454 F1400
G1 X92.473 Y-178.827 F1400
G0 Z3.500
G0 X91.918 Y-179.724 F3500
G1 Z0.000 F900
G1 X89.727 Y-180.988 F1400
G1 X86.930 Y-181.668 F1400
G0 Z3.500
G0 X86.353 Y-181.464 F3500
G1 Z0.000 F900
G1 X86.353 Y-179.929 F1400
G1 X85.969 Y-178.969 F1400
G1 X85.777 Y-176.089 F1400
G0 Z3.500
G0 X85.969 Y-175.897 F3500
G1 Z0.000 F900
G1 X86.161 Y-175.129 F1400
G1 X85.585 Y-174.170 F1400
G0 Z3.500
G0 X85.454 Y-174.217 F3500
G1 Z0.000 F900
G1 X85.805 Y-173.839 F1400
G1 X86.484 Y-172.971 F1400
G0 Z3.500
G0 X86.721 Y-171.647 F3500
G1 Z0.000 F900
G1 X88.301 Y-173.170 F1400
G1 X89.440 Y-175.156 F1400
G0 Z3.500
G0 X90.069 Y-176.204 F3500
G1 Z0.000 F900
G1 X85.514 Y-175.730 F1400
G1 X81.100 Y-175.207 F1400
G0 Z3.500
G0 X81.426 Y-176.259 F3500
G1 Z0.000 F900
G1 X81.917 Y-175.039 F1400
G1 X82.833 Y-174.000 F1400
G0 Z3.500
G0 X82.632 Y-173.880 F3500
G1 Z0.000 F900
G1 X80.843 Y-175.414 F1400
G1 X79.707 Y-177.147 F1400
G0 Z3.500
G0 X80.018 Y-177.433 F3500
G1 Z0.000 F900
G1 X78.674 Y-178.777 F1400
G0 Z3.500
G0 X78.290 Y-178.777 F3500
G1 Z0.000 F900
G1 X78.290 Y-176.665 F1400
G0 Z3.500
G0 X78.234 Y-177.135 F3500
G1 Z0.000 F900
G1 X86.901 Y-153.303 F1400
G0 Z3.500
G0 X88.923 Y-152.109 F3500
G1 Z0.000 F900
G1 X81.383 Y-169.416 F1400
G0 Z3.500
G0 X81.544 Y-169.921 F3500
G1 Z0.000 F900
G1 X82.213 Y-168.087 F1400
G1 X83.099 Y-166.516 F1400
G0 Z3.500
G0 X83.857 Y-167.643 F3500
G1 Z0.000 F900
G1 X83.857 Y-165.723 F1400
G1 X83.281 Y-165.147 F1400
G0 Z3.500
G0 X83.089 Y-165.147 F3500
G1 Z0.000 F900
G1 X82.705 Y-165.531 F1400
G1 X82.321 Y-167.259 F1400
G1 X81.746 Y-168.411 F1400
G1 X81.170 Y-173.018 F1400
G0 Z3.500
G0 X81.362 Y-173.210 F3500
G1 Z0.000 F900
G1 X82.321 Y-174.554 F1400
G1 X82.513 Y-177.625 F1400
G1 X82.897 Y-178.393 F1400
G1 X82.897 Y-179.353 F1400
G1 X83.473 Y-180.504 F1400
G1 X83.473 Y-181.272 F1400
G1 X83.857 Y-182.040 F1400
G1 X84.241 Y-184.536 F1400
G1 X84.817 Y-186.071 F1400
G1 X85.393 Y-188.951 F1400
G1 X86.353 Y-191.254 F1400
G0 Z3.500
G0 X86.391 Y-191.156 F3500
G1 Z0.000 F900
G1 X83.421 Y-179.539 F1400
G0 Z3.500
G0 X83.063 Y-179.375 F3500
G1 Z0.000 F900
G1 X82.163 Y-169.965 F1400
G0 Z3.500
G0 X82.427 Y-168.865 F3500
G1 Z0.000 F900
G1 X82.916 Y-169.322 F1400
G1 X83.368 Y-169.876 F1400
G0 Z3.500
G0 X83.857 Y-170.330 F3500
G1 Z0.000 F900
G1 X84.433 Y-172.058 F1400
G0 Z3.500
G0 X84.433 Y-172.442 F3500
G1 Z0.000 F900
G1 X84.241 Y-173.210 F1400
G1 X84.625 Y-174.170 F1400
G0 Z3.500
G0 X83.486 Y-175.353 F3500
G1 Z0.000 F900
G1 X82.018 Y-177.321 F1400
G1 X80.773 Y-179.129 F1400
G0 Z3.500
G0 X80.594 Y-179.353 F3500
G1 Z0.000 F900
G1 X81.170 Y-179.929 F1400
G1 X80.978 Y-180.696 F1400
G0 Z3.500
G0 X81.125 Y-180.486 F3500
G1 Z0.000 F900
G1 X80.750 Y-179.029 F1400
G1 X80.062 Y-177.836 F1400
G0 Z3.500
G0 X80.210 Y-177.049 F3500
G1 Z0.000 F900
G1 X80.018 Y-176.473 F1400
G1 X80.210 Y-176.281 F1400
G1 X80.210 Y-174.746 F1400
G1 X80.594 Y-174.362 F1400
G1 X80.594 Y-173.594 F1400
G1 X80.978 Y-173.210 F1400
G0 Z3.500
G0 X80.378 Y-173.794 F3500
G1 Z0.000 F900
G1 X81.033 Y-175.850 F1400
G1 X81.193 Y-177.617 F1400
G0 Z3.500
G0 X83.203 Y-178.309 F3500
G1 Z0.000 F900
G1 X82.139 Y-179.853 F1400
G1 X81.823 Y-181.548 F1400
G0 Z3.500
G0 X82.077 Y-181.979 F3500
G1 Z0.000 F900
G1 X83.541 Y-185.899 F1400
G0 Z3.500
G0 X83.703 Y-185.925 F3500
G1 Z0.000 F900
G1 X83.780 Y-185.336 F1400
G1 X84.780 Y-184.682 F1400
G0 Z3.500
G0 X85.656 Y-184.849 F3500
G1 Z0.000 F900
G1 X85.378 Y-185.888 F1400
G1 X84.746 Y-186.910 F1400
G0 Z3.500
G0 X83.665 Y-187.415 F3500
G1 Z0.000 F900
G1 X82.897 Y-185.496 F1400
G1 X82.897 Y-184.920 F1400
G1 X82.513 Y-184.344 F1400
G1 X82.513 Y-183.576 F1400
G1 X81.746 Y-182.808 F1400
G0 Z3.500
G0 X81.912 Y-183.152 F3500
G1 Z0.000 F900
G1 X83.096 Y-186.517 F1400
G0 Z3.500
G0 X83.013 Y-185.566 F3500
G1 Z0.000 F900
G1 X82.484 Y-186.054 F1400
G1 X81.246 Y-187.344 F1400
G0 Z3.500
G0 X81.410 Y-186.991 F3500
G1 Z0.000 F900
G1 X81.000 Y-188.920 F1400
G1 X80.161 Y-190.527 F1400
G0 Z3.500
G0 X79.432 Y-190.130 F3500
G1 Z0.000 F900
G1 X79.608 Y-191.817 F1400
G0 Z3.500
G0 X79.788 Y-192.163 F3500
G1 Z0.000 F900
G1 X80.958 Y-190.683 F1400
G1 X82.167 Y-189.194 F1400
G0 Z3.500
G0 X81.445 Y-190.070 F3500
G1 Z0.000 F900
G1 X82.405 Y-191.223 F1400
G1 X83.582 Y-192.055 F1400
G0 Z3.500
G0 X83.879 Y-192.013 F3500
G1 Z0.000 F900
G1 X87.726 Y-199.207 F1400
G0 Z3.500
G0 X87.900 Y-199.431 F3500
G1 Z0.000 F900
G1 X88.094 Y-198.593 F1400
G1 X89.029 Y-198.051 F1400
G0 Z3.500
G0 X88.647 Y-198.468 F3500
G1 Z0.000 F900
G1 X85.898 Y-195.448 F1400
G0 Z3.500
G0 X85.777 Y-195.094 F3500
G1 Z0.000 F900
G1 X85.777 Y-195.670 F1400
G1 X86.545 Y-196.246 F1400
G0 Z3.500
G0 X86.737 Y-196.438 F3500
G1 Z0.000 F900
G1 X87.504 Y-197.781 F1400
G1 X88.464 Y-198.741 F1400
G0 Z3.500
G0 X89.317 Y-199.742 F3500
G1 Z0.000 F900
G1 X89.733 Y-198.882 F1400
G1 X90.683 Y-197.740 F1400
G0 Z3.500
G0 X91.228 Y-197.460 F3500
G1 Z0.000 F900
G1 X91.732 Y-198.289 F1400
G1 X91.844 Y-199.254 F1400
G0 Z3.500
G0 X92.968 Y-199.582 F3500
G1 Z0.000 F900
G1 X93.188 Y-198.282 F1400
G1 X93.175 Y-197.133 F1400
G0 Z3.500
G0 X94.130 Y-197.301 F3500
G1 Z0.000 F900
G1 X96.177 Y-199.563 F1400
G0 Z3.500
G0 X96.911 Y-200.085 F3500
G1 Z0.000 F900
G1 X96.719 Y-199.317 F1400
G1 X95.951 Y-198.549 F1400
G1 X95.183 Y-198.357 F1400
G0 Z3.500
G0 X97.056 Y-200.150 F3500
G1 Z0.000 F900
G1 X97.671 Y-198.342 F1400
G1 X99.453 Y-196.180 F1400
G0 Z3.500
G0 X99.451 Y-196.786 F3500
G1 Z0.000 F900
G1 X101.217 Y-198.838 F1400
G0 Z3.500
G0 X101.326 Y-198.357 F3500
G1 Z0.000 F900
G1 X99.982 Y-197.013 F1400
G1 X99.214 Y-197.013 F1400
G0 Z3.500
G0 X99.022 Y-197.397 F3500
G1 Z0.000 F900
G1 X99.598 Y-198.549 F1400
G1 X100.558 Y-199.701 F1400
G0 Z3.500
G0 X100.417 Y-199.885 F3500
G1 Z0.000 F900
G1 X94.377 Y-194.184 F1400
G0 Z3.500
G0 X94.699 Y-193.611 F3500
G1 Z0.000 F900
G1 X95.581 Y-191.544 F1400
G1 X96.051 Y-189.665 F1400
G0 Z3.500
G0 X97.413 Y-190.291 F3500
G1 Z0.000 F900
G1 X97.883 Y-189.043 F1400
G1 X98.328 Y-188.378 F1400
G0 Z3.500
G0 X98.180 Y-189.164 F3500
G1 Z0.000 F900
G1 X97.786 Y-190.677 F1400
G1 X97.561 Y-192.577 F1400
G0 Z3.500
G0 X97.770 Y-192.091 F3500
G1 Z0.000 F900
G1 X98.271 Y-193.365 F1400
G1 X98.738 Y-194.641 F1400
G0 Z3.500
G0 X99.022 Y-194.326 F3500
G1 Z0.000 F900
G1 X99.214 Y-194.902 F1400
G1 X100.558 Y-196.246 F1400
G1 X101.710 Y-197.013 F1400
G0 Z3.500
G0 X101.640 Y-197.404 F3500
G1 Z0.000 F900
G1 X105.330 Y-199.654 F1400
G0 Z3.500
G0 X105.819 Y-199.706 F3500
G1 Z0.000 F900
G1 X105.233 Y-198.238 F1400
G1 X105.279 Y-197.008 F1400
G0 Z3.500
G0 X105.165 Y-197.973 F3500
G1 Z0.000 F900
G1 X106.893 Y-198.357 F1400
G1 X107.277 Y-198.741 F1400
G1 X107.853 Y-198.741 F1400
G1 X108.429 Y-199.125 F1400
G0 Z3.500
G0 X108.565 Y-199.150 F3500
G1 Z0.000 F900
G1 X109.099 Y-198.097 F1400
G1 X109.443 Y-197.181 F1400
G0 Z3.500
G0 X109.539 Y-197.370 F3500
G1 Z0.000 F900
G1 X109.426 Y-198.252 F1400
G1 X110.006 Y-198.960 F1400
G0 Z3.500
G0 X109.818 Y-199.025 F3500
G1 Z0.000 F900
G1 X100.590 Y-194.700 F1400
G0 Z3.500
G0 X101.712 Y-195.018 F3500
G1 Z0.000 F900
G1 X93.630 Y-175.789 F1400
G0 Z3.500
G0 X94.705 Y-175.879 F3500
G1 Z0.000 F900
G1 X101.526 Y-192.253 F1400
G0 Z3.500
G0 X101.661 Y-192.056 F3500
G1 Z0.000 F900
G1 X101.508 Y-191.089 F1400
G1 X102.526 Y-189.685 F1400
G0 Z3.500
G0 X102.613 Y-188.132 F3500
G1 Z0.000 F900
G1 X102.731 Y-186.631 F1400
G1 X102.726 Y-184.779 F1400
G0 Z3.500
G0 X103.246 Y-185.496 F3500
G1 Z0.000 F900
G1 X102.862 Y-185.304 F1400
G1 X102.862 Y-184.920 F1400
G1 X102.094 Y-183.768 F1400
G1 X102.094 Y-183.192 F1400
G1 X101.710 Y-182.808 F1400
G1 X100.942 Y-179.737 F1400
G1 X100.942 Y-178.393 F1400
G1 X101.134 Y-178.201 F1400
G0 Z3.500
G0 X100.344 Y-178.562 F3500
G1 Z0.000 F900
G1 X100.883 Y-177.314 F1400
G1 X101.156 Y-175.920 F1400
G0 Z3.500
G0 X101.518 Y-175.513 F3500
G1 Z0.000 F900
G1 X102.670 Y-175.897 F1400
G1 X103.054 Y-176.857 F1400
G0 Z3.500
G0 X103.246 Y-177.049 F3500
G1 Z0.000 F900
G1 X103.821 Y-177.625 F1400
G1 X103.821 Y-178.201 F1400
G1 X104.205 Y-178.585 F1400
G1 X104.397 Y-179.545 F1400
G1 X105.933 Y-183.000 F1400
G0 Z3.500
G0 X106.125 Y-183.192 F3500
G1 Z0.000 F900
G1 X107.085 Y-183.192 F1400
G1 X107.661 Y-183.576 F1400
G0 Z3.500
G0 X108.093 Y-183.954 F3500
G1 Z0.000 F900
G1 X108.529 Y-184.800 F1400
G1 X108.764 Y-185.885 F1400
G0 Z3.500
G0 X109.050 Y-186.037 F3500
G1 Z0.000 F900
G1 X99.797 Y-168.477 F1400
G0 Z3.500
G0 X100.227 Y-168.294 F3500
G1 Z0.000 F900
G1 X100.610 Y-183.180 F1400
G0 Z3.500
G0 X100.174 Y-183.384 F3500
G1 Z0.000 F900
G1 X99.022 Y-180.312 F1400
G0 Z3.500
G0 X99.624 Y-181.875 F3500
G1 Z0.000 F900
G1 X100.560 Y-181.040 F1400
G1 X101.108 Y-180.670 F1400
G0 Z3.500
G0 X101.579 Y-179.700 F3500
G1 Z0.000 F900
G1 X100.698 Y-178.731 F1400
G1 X100.689 Y-177.086 F1400
G0 Z3.500
G0 X99.996 Y-177.698 F3500
G1 Z0.000 F900
G1 X103.410 Y-178.416 F1400
G1 X106.496 Y-179.088 F1400
G0 Z3.500
G0 X107.137 Y-179.161 F3500
G1 Z0.000 F900
G1 X105.683 Y-181.427 F1400
G1 X104.729 Y-183.768 F1400
G0 Z3.500
G0 X104.605 Y-183.459 F3500
G1 Z0.000 F900
G1 X103.217 Y-185.379 F1400
G1 X102.654 Y-187.532 F1400
G0 Z3.500
G0 X103.821 Y-187.607 F3500
G1 Z0.000 F900
G1 X103.438 Y-185.688 F1400
G0 Z3.500
G0 X103.438 Y-185.496 F3500
G1 Z0.000 F900
G1 X103.629 Y-185.112 F1400
G1 X102.862 Y-182.808 F1400
G1 X102.670 Y-180.888 F1400
G0 Z3.500
G0 X102.747 Y-180.954 F3500
G1 Z0.000 F900
G1 X103.968 Y-182.769 F1400
G1 X105.279 Y-184.278 F1400
G0 Z3.500
G0 X105.893 Y-183.567 F3500
G1 Z0.000 F900
G1 X106.108 Y-184.706 F1400
G1 X105.589 Y-185.504 F1400
G0 Z3.500
G0 X106.149 Y-185.396 F3500
G1 Z0.000 F900
G1 X106.604 Y-185.839 F1400
G1 X106.485 Y-186.747 F1400
G0 Z3.500
G0 X108.605 Y-186.621 F3500
G1 Z0.000 F900
G1 X111.020 Y-190.118 F1400
G0 Z3.500
G0 X110.884 Y-190.623 F3500
G1 Z0.000 F900
G1 X114.787 Y-194.396 F1400
G0 Z3.500
G0 X115.384 Y-194.556 F3500
G1 Z0.000 F900
G1 X116.815 Y-195.529 F1400
G0 Z3.500
G0 X116.738 Y-195.649 F3500
G1 Z0.000 F900
G1 X126.236 Y-198.829 F1400
G0 Z3.500
G0 X126.473 Y-198.357 F3500
G1 Z0.000 F900
G1 X121.866 Y-197.205 F1400
G1 X118.219 Y-195.670 F1400
G1 X117.643 Y-195.670 F1400
G1 X115.147 Y-194.134 F1400
G1 X114.955 Y-193.750 F1400
G0 Z3.500
G0 X114.763 Y-193.558 F3500
G1 Z0.000 F900
G1 X113.996 Y-193.366 F1400
G1 X113.612 Y-192.598 F1400
G0 Z3.500
G0 X114.005 Y-191.483 F3500
G1 Z0.000 F900
G1 X113.007 Y-193.496 F1400
G1 X111.682 Y-194.865 F1400
G0 Z3.500
G0 X110.440 Y-194.312 F3500
G1 Z0.000 F900
G1 X110.872 Y-193.405 F1400
G1 X110.641 Y-192.804 F1400
G0 Z3.500
G0 X110.800 Y-192.640 F3500
G1 Z0.000 F900
G1 X111.363 Y-190.586 F1400
G1 X112.200 Y-188.717 F1400
G0 Z3.500
G0 X112.844 Y-188.183 F3500
G1 Z0.000 F900
G1 X112.268 Y-187.991 F1400
G1 X110.348 Y-185.879 F1400
G1 X109.964 Y-185.879 F1400
G0 Z3.500
G0 X110.398 Y-185.737 F3500
G1 Z0.000 F900
G1 X111.306 Y-184.698 F1400
G1 X111.450 Y-183.718 F1400
G0 Z3.500
G0 X111.643 Y-183.786 F3500
G1 Z0.000 F900
G1 X106.238 Y-185.743 F1400
G1 X99.839 Y-187.205 F1400
G0 Z3.500
G0 X99.475 Y-187.068 F3500
G1 Z0.000 F900
G1 X99.865 Y-188.407 F1400
G1 X100.105 Y-189.682 F1400
G0 Z3.500
G0 X99.759 Y-190.575 F3500
G1 Z0.000 F900
G1 X98.319 Y-189.006 F1400
G1 X96.750 Y-186.943 F1400
G0 Z3.500
G0 X96.685 Y-187.439 F3500
G1 Z0.000 F900
G1 X95.362 Y-188.682 F1400
G1 X94.449 Y-189.695 F1400
G0 Z3.500
G0 X93.485 Y-189.626 F3500
G1 Z0.000 F900
G1 X92.293 Y-191.107 F1400
G1 X91.506 Y-192.499 F1400
G0 Z3.500
G0 X92.133 Y-193.245 F3500
G1 Z0.000 F900
G1 X92.723 Y-192.366 F1400
G1 X92.858 Y-191.951 F1400
G0 Z3.500
G0 X93.695 Y-192.123 F3500
G1 Z0.000 F900
G1 X92.815 Y-190.188 F1400
G0 Z3.500
G0 X93.308 Y-190.470 F3500
G1 Z0.000 F900
G1 X89.860 Y-179.941 F1400
G0 Z3.500
G0 X89.496 Y-180.009 F3500
G1 Z0.000 F900
G1 X88.513 Y-179.485 F1400
G1 X87.433 Y-178.312 F1400
G0 Z3.500
G0 X87.441 Y-178.050 F3500
G1 Z0.000 F900
G1 X93.764 Y-194.666 F1400
G0 Z3.500
G0 X92.526 Y-194.513 F3500
G1 Z0.000 F900
G1 X93.339 Y-192.717 F1400
G1 X94.769 Y-191.451 F1400
G0 Z3.500
G0 X94.799 Y-191.446 F3500
G1 Z0.000 F900
G1 X95.375 Y-191.830 F1400
G1 X95.951 Y-192.790 F1400
G0 Z3.500
G0 X96.353 Y-192.421 F3500
G1 Z0.000 F900
G1 X95.655 Y-192.790 F1400
G1 X95.548 Y-193.927 F1400
G0 Z3.500
G0 X94.991 Y-193.366 F3500
G1 Z0.000 F900
G1 X94.031 Y-192.598 F1400
G1 X93.839 Y-191.830 F1400
G0 Z3.500
G0 X94.031 Y-191.254 F3500
G1 Z0.000 F900
G1 X93.455 Y-190.679 F1400
G1 X92.112 Y-188.375 F1400
G1 X90.384 Y-184.728 F1400
G0 Z3.500
G0 X90.560 Y-184.510 F3500
G1 Z0.000 F900
G1 X89.435 Y-185.128 F1400
G1 X89.056 Y-186.098 F1400
G0 Z3.500
G0 X89.232 Y-186.334 F3500
G1 Z0.000 F900
G1 X88.905 Y-186.901 F1400
G1 X88.849 Y-187.728 F1400
G0 Z3.500
G0 X89.063 Y-187.640 F3500
G1 Z0.000 F900
G1 X90.002 Y-188.260 F1400
G1 X90.553 Y-189.110 F1400
G0 Z3.500
G0 X90.861 Y-188.428 F3500
G1 Z0.000 F900
G1 X90.996 Y-189.391 F1400
G1 X90.675 Y-190.242 F1400
G0 Z3.500
G0 X91.384 Y-190.208 F3500
G1 Z0.000 F900
G1 X92.179 Y-188.534 F1400
G1 X93.224 Y-186.542 F1400
G0 Z3.500
G0 X93.609 Y-187.146 F3500
G1 Z0.000 F900
G1 X90.926 Y-172.951 F1400
G0 Z3.500
G0 X89.586 Y-172.958 F3500
G1 Z0.000 F900
G1 X90.535 Y-170.999 F1400
G1 X91.950 Y-169.238 F1400
G0 Z3.500
G0 X92.910 Y-169.292 F3500
G1 Z0.000 F900
G1 X92.131 Y-164.941 F1400
G0 Z3.500
G0 X92.807 Y-164.631 F3500
G1 Z0.000 F900
G1 X96.826 Y-163.703 F1400
G1 X101.014 Y-162.209 F1400
G0 Z3.500
G0 X101.508 Y-161.962 F3500
G1 Z0.000 F900
G1 X97.388 Y-161.753 F1400
G1 X94.233 Y-161.038 F1400
G0 Z3.500
G0 X93.977 Y-161.095 F3500
G1 Z0.000 F900
G1 X92.529 Y-159.411 F1400
G1 X91.014 Y-158.450 F1400
G0 Z3.500
G0 X92.057 Y-158.365 F3500
G1 Z0.000 F900
G1 X94.034 Y-159.591 F1400
G1 X95.238 Y-161.948 F1400
G0 Z3.500
G0 X96.527 Y-162.652 F3500
G1 Z0.000 F900
G1 X96.527 Y-165.147 F1400
G0 Z3.500
G0 X96.001 Y-165.058 F3500
G1 Z0.000 F900
G1 X97.141 Y-163.518 F1400
G1 X98.972 Y-161.781 F1400
G0 Z3.500
G0 X99.982 Y-161.692 F3500
G1 Z0.000 F900
G1 X100.174 Y-161.884 F1400
G1 X100.174 Y-163.036 F1400
G1 X99.982 Y-163.228 F1400
G0 Z3.500
G0 X100.099 Y-162.066 F3500
G1 Z0.000 F900
G1 X101.448 Y-160.377 F1400
G1 X102.936 Y-157.479 F1400
G0 Z3.500
G0 X102.478 Y-157.469 F3500
G1 Z0.000 F900
G1 X103.629 Y-159.004 F1400
G1 X104.781 Y-162.268 F1400
G0 Z3.500
G0 X104.882 Y-162.485 F3500
G1 Z0.000 F900
G1 X108.774 Y-167.725 F1400
G0 Z3.500
G0 X108.422 Y-168.996 F3500
G1 Z0.000 F900
G1 X109.469 Y-168.215 F1400
G1 X110.355 Y-167.057 F1400
G0 Z3.500
G0 X110.034 Y-169.810 F3500
G1 Z0.000 F900
G1 X109.329 Y-171.286 F1400
G1 X108.359 Y-172.770 F1400
G0 Z3.500
G0 X107.661 Y-174.746 F3500
G1 Z0.000 F900
G1 X105.357 Y-170.906 F1400
G1 X104.973 Y-170.714 F1400
G0 Z3.500
G0 X105.130 Y-169.969 F3500
G1 Z0.000 F900
G1 X99.809 Y-170.669 F1400
G1 X95.218 Y-171.844 F1400
G0 Z3.500
G0 X98.967 Y-173.148 F3500
G1 Z0.000 F900
G1 X99.722 Y-171.706 F1400
G1 X100.997 Y-170.584 F1400
G0 Z3.500
G0 X101.404 Y-170.713 F3500
G1 Z0.000 F900
G1 X102.227 Y-171.467 F1400
G1 X102.400 Y-171.868 F1400
G0 Z3.500
G0 X101.689 Y-172.529 F3500
G1 Z0.000 F900
G1 X101.375 Y-173.496 F1400
G1 X100.963 Y-174.659 F1400
G0 Z3.500
G0 X100.688 Y-174.093 F3500
G1 Z0.000 F900
G1 X96.172 Y-175.460 F1400
G1 X91.982 Y-176.550 F1400
G0 Z3.500
G0 X90.155 Y-176.847 F3500
G1 Z0.000 F900
G1 X91.868 Y-159.597 F1400
G0 Z3.500
G0 X91.573 Y-160.514 F3500
G1 Z0.000 F900
G1 X92.350 Y-158.289 F1400
G1 X93.418 Y-155.960 F1400
G0 Z3.500
G0 X93.764 Y-154.680 F3500
G1 Z0.000 F900
G1 X87.833 Y-173.320 F1400
G0 Z3.500
G0 X88.631 Y-173.071 F3500
G1 Z0.000 F900
G1 X88.406 Y-178.351 F1400
G0 Z3.500
G0 X88.628 Y-178.135 F3500
G1 Z0.000 F900
G1 X88.760 Y-177.694 F1400
G1 X89.068 Y-176.731 F1400
G0 Z3.500
G0 X88.939 Y-176.950 F3500
G1 Z0.000 F900
G1 X91.124 Y-178.118 F1400
G1 X93.748 Y-178.684 F1400
G0 Z3.500
G0 X93.014 Y-179.992 F3500
G1 Z0.000 F900
G1 X92.735 Y-181.299 F1400
G1 X91.977 Y-182.552 F1400
G0 Z3.500
G0 X92.153 Y-182.736 F3500
G1 Z0.000 F900
G1 X91.838 Y-184.306 F1400
G1 X91.302 Y-186.335 F1400
G0 Z3.500
G0 X90.749 Y-186.063 F3500
G1 Z0.000 F900
G1 X91.335 Y-184.651 F1400
G1 X91.555 Y-183.776 F1400
G0 Z3.500
G0 X92.014 Y-184.458 F3500
G1 Z0.000 F900
G1 X92.713 Y-185.992 F1400
G1 X92.593 Y-187.301 F1400
G0 Z3.500
G0 X93.648 Y-187.823 F3500
G1 Z0.000 F900
G1 X94.375 Y-187.547 F1400
G1 X94.798 Y-186.623 F1400
G0 Z3.500
G0 X93.343 Y-185.744 F3500
G1 Z0.000 F900
G1 X92.557 Y-186.768 F1400
G1 X91.264 Y-187.935 F1400
G0 Z3.500
G0 X91.087 Y-186.987 F3500
G1 Z0.000 F900
G1 X89.940 Y-181.265 F1400
G0 Z3.500
G0 X89.232 Y-180.888 F3500
G1 Z0.000 F900
G1 X88.848 Y-180.312 F1400
G1 X88.848 Y-177.817 F1400
G1 X88.656 Y-177.625 F1400
G1 X88.848 Y-175.513 F1400
G1 X89.040 Y-175.321 F1400
G1 X89.040 Y-173.594 F1400
G0 Z3.500
G0 X89.616 Y-172.634 F3500
G1 Z0.000 F900
G1 X90.576 Y-173.594 F1400
G1 X90.768 Y-178.201 F1400
G1 X91.728 Y-182.424 F1400
G1 X94.031 Y-187.799 F1400
G1 X94.799 Y-188.375 F1400
G0 Z3.500
G0 X94.991 Y-188.567 F3500
G1 Z0.000 F900
G1 X95.759 Y-190.295 F1400
G1 X96.719 Y-191.446 F1400
G1 X96.911 Y-192.598 F1400
G0 Z3.500
G0 X96.051 Y-192.020 F3500
G1 Z0.000 F900
G1 X93.297 Y-189.005 F1400
G0 Z3.500
G0 X92.516 Y-190.717 F3500
G1 Z0.000 F900
G1 X92.703 Y-192.385 F1400
G1 X92.092 Y-194.095 F1400
G0 Z3.500
G0 X92.365 Y-194.177 F3500
G1 Z0.000 F900
G1 X90.339 Y-192.379 F1400
G1 X88.786 Y-191.019 F1400
G0 Z3.500
G0 X88.789 Y-190.825 F3500
G1 Z0.000 F900
G1 X88.281 Y-190.503 F1400
G1 X87.755 Y-189.764 F1400
G0 Z3.500
G0 X88.263 Y-190.516 F3500
G1 Z0.000 F900
G1 X88.801 Y-189.214 F1400
G1 X89.049 Y-188.154 F1400
G0 Z3.500
G0 X87.696 Y-188.567 F3500
G1 Z0.000 F900
G1 X87.121 Y-187.031 F1400
G0 Z3.500
G0 X87.312 Y-186.455 F3500
G1 Z0.000 F900
G1 X86.737 Y-185.879 F1400
G1 X86.545 Y-184.728 F1400
G0 Z3.500
G0 X86.929 Y-184.536 F3500
G1 Z0.000 F900
G1 X87.504 Y-185.112 F1400
G1 X87.696 Y-186.071 F1400
G1 X87.504 Y-186.263 F1400
G0 Z3.500
G0 X89.998 Y-185.818 F3500
G1 Z0.000 F900
G1 X94.544 Y-184.812 F1400
G1 X99.600 Y-184.021 F1400
G0 Z3.500
G0 X98.307 Y-185.330 F3500
G1 Z0.000 F900
G1 X98.184 Y-186.717 F1400
G1 X97.434 Y-187.964 F1400
G0 Z3.500
G0 X98.183 Y-191.473 F3500
G1 Z0.000 F900
G1 X97.716 Y-192.819 F1400
G1 X97.174 Y-194.107 F1400
G0 Z3.500
G0 X97.301 Y-193.643 F3500
G1 Z0.000 F900
G1 X101.374 Y-197.502 F1400
G0 Z3.500
G0 X101.662 Y-198.103 F3500
G1 Z0.000 F900
G1 X101.599 Y-199.675 F1400
G1 X100.606 Y-201.298 F1400
G0 Z3.500
G0 X101.223 Y-202.549 F3500
G1 Z0.000 F900
G1 X101.969 Y-217.665 F1400
G0 Z3.500
G0 X101.326 Y-218.129 F3500
G1 Z0.000 F900
G1 X100.942 Y-215.634 F1400
G0 Z3.500
G0 X101.230 Y-215.818 F3500
G1 Z0.000 F900
G1 X101.877 Y-218.660 F1400
G0 Z3.500
G0 X101.773 Y-219.110 F3500
G1 Z0.000 F900
G1 X101.218 Y-221.783 F1400
G0 Z3.500
G0 X101.134 Y-221.393 F3500
G1 Z0.000 F900
G1 X101.134 Y-219.665 F1400
G0 Z3.500
G0 X100.236 Y-219.253 F3500
G1 Z0.000 F900
G1 X100.417 Y-220.981 F1400
G1 X100.496 Y-221.997 F1400
G0 Z3.500
G0 X99.109 Y-220.907 F3500
G1 Z0.000 F900
G1 X99.502 Y-218.885 F1400
G1 X98.935 Y-218.040 F1400
G0 Z3.500
G0 X98.830 Y-218.705 F3500
G1 Z0.000 F900
G1 X98.254 Y-216.018 F1400
G0 Z3.500
G0 X98.690 Y-215.611 F3500
G1 Z0.000 F900
G1 X98.439 Y-214.632 F1400
G1 X98.203 Y-213.737 F1400
G0 Z3.500
G0 X97.326 Y-213.632 F3500
G1 Z0.000 F900
G1 X96.020 Y-215.257 F1400
G1 X94.192 Y-216.868 F1400
G0 Z3.500
G0 X93.735 Y-216.817 F3500
G1 Z0.000 F900
G1 X94.344 Y-212.923 F1400
G0 Z3.500
G0 X93.977 Y-212.481 F3500
G1 Z0.000 F900
G1 X94.123 Y-214.017 F1400
G1 X93.701 Y-214.947 F1400
G0 Z3.500
G0 X92.973 Y-214.341 F3500
G1 Z0.000 F900
G1 X92.083 Y-213.210 F1400
G1 X91.250 Y-212.703 F1400
G0 Z3.500
G0 X91.728 Y-212.371 F3500
G1 Z0.000 F900
G1 X91.920 Y-211.219 F1400
G1 X92.304 Y-210.835 F1400
G0 Z3.500
G0 X92.688 Y-210.835 F3500
G1 Z0.000 F900
G1 X94.031 Y-212.179 F1400
G0 Z3.500
G0 X94.223 Y-212.179 F3500
G1 Z0.000 F900
G1 X94.607 Y-211.795 F1400
G1 X94.415 Y-210.259 F1400
G0 Z3.500
G0 X94.415 Y-209.875 F3500
G1 Z0.000 F900
G1 X95.183 Y-209.107 F1400
G1 X95.183 Y-208.723 F1400
G1 X94.799 Y-208.339 F1400
G1 X94.223 Y-208.339 F1400
G0 Z3.500
G0 X93.960 Y-207.863 F3500
G1 Z0.000 F900
G1 X93.182 Y-204.136 F1400
G0 Z3.500
G0 X93.205 Y-204.476 F3500
G1 Z0.000 F900
G1 X92.230 Y-203.236 F1400
G0 Z3.500
G0 X91.778 Y-203.240 F3500
G1 Z0.000 F900
G1 X88.845 Y-201.607 F1400
G0 Z3.500
G0 X89.197 Y-201.370 F3500
G1 Z0.000 F900
G1 X87.831 Y-202.199 F1400
G1 X87.348 Y-203.407 F1400
G0 Z3.500
G0 X87.278 Y-203.441 F3500
G1 Z0.000 F900
G1 X87.588 Y-202.462 F1400
G1 X88.499 Y-200.951 F1400
G0 Z3.500
G0 X88.234 Y-201.425 F3500
G1 Z0.000 F900
G1 X79.880 Y-187.331 F1400
G0 Z3.500
G0 X80.018 Y-187.415 F3500
G1 Z0.000 F900
G1 X80.978 Y-190.103 F1400
G1 X80.978 Y-190.679 F1400
G1 X81.938 Y-192.598 F1400
G0 Z3.500
G0 X81.938 Y-192.790 F3500
G1 Z0.000 F900
G1 X81.746 Y-193.558 F1400
G1 X82.513 Y-194.326 F1400
G0 Z3.500
G0 X83.089 Y-193.942 F3500
G1 Z0.000 F900
G1 X82.897 Y-193.174 F1400
G1 X82.513 Y-192.790 F1400
G1 X82.129 Y-192.790 F1400
G0 Z3.500
G0 X82.550 Y-193.022 F3500
G1 Z0.000 F900
G1 X83.414 Y-194.875 F1400
G0 Z3.500
G0 X83.665 Y-195.286 F3500
G1 Z0.000 F900
G1 X85.777 Y-197.781 F1400
G1 X85.969 Y-198.741 F1400
G0 Z3.500
G0 X85.969 Y-199.125 F3500
G1 Z0.000 F900
G1 X86.545 Y-200.661 F1400
G0 Z3.500
G0 X86.875 Y-199.868 F3500
G1 Z0.000 F900
G1 X88.016 Y-198.529 F1400
G1 X88.134 Y-196.846 F1400
G0 Z3.500
G0 X86.548 Y-194.847 F3500
G1 Z0.000 F900
G1 X81.347 Y-186.705 F1400
G0 Z3.500
G0 X81.746 Y-187.031 F3500
G1 Z0.000 F900
G1 X81.746 Y-187.991 F1400
G1 X82.705 Y-189.719 F1400
G1 X82.705 Y-190.103 F1400
G1 X83.281 Y-190.487 F1400
G1 X83.281 Y-190.871 F1400
G1 X84.049 Y-191.830 F1400
G1 X84.049 Y-192.214 F1400
G1 X85.009 Y-193.174 F1400
G1 X85.009 Y-193.750 F1400
G1 X85.777 Y-194.902 F1400
G0 Z3.500
G0 X86.757 Y-194.621 F3500
G1 Z0.000 F900
G1 X92.414 Y-202.611 F1400
G0 Z3.500
G0 X92.496 Y-201.237 F3500
G1 Z0.000 F900
G1 X92.496 Y-201.621 F1400
G1 X93.071 Y-202.196 F1400
G1 X93.839 Y-202.388 F1400
G0 Z3.500
G0 X94.090 Y-201.875 F3500
G1 Z0.000 F900
G1 X86.426 Y-193.463 F1400
G0 Z3.500
G0 X86.545 Y-193.366 F3500
G1 Z0.000 F900
G1 X87.121 Y-194.710 F1400
G1 X87.888 Y-195.478 F1400
G1 X88.080 Y-196.054 F1400
G1 X92.304 Y-201.045 F1400
G0 Z3.500
G0 X91.258 Y-201.076 F3500
G1 Z0.000 F900
G1 X90.835 Y-202.032 F1400
G1 X90.662 Y-202.549 F1400
G0 Z3.500
G0 X90.086 Y-201.452 F3500
G1 Z0.000 F900
G1 X87.987 Y-200.155 F1400
G0 Z3.500
G0 X87.138 Y-199.731 F3500
G1 Z0.000 F900
G1 X83.547 Y-195.884 F1400
G0 Z3.500
G0 X84.122 Y-195.160 F3500
G1 Z0.000 F900
G1 X83.073 Y-196.562 F1400
G1 X82.056 Y-197.331 F1400
G0 Z3.500
G0 X81.938 Y-196.246 F3500
G1 Z0.000 F900
G1 X81.746 Y-195.670 F1400
G1 X80.978 Y-195.094 F1400
G0 Z3.500
G0 X80.786 Y-194.902 F3500
G1 Z0.000 F900
G1 X80.978 Y-194.326 F1400
G1 X79.826 Y-192.598 F1400
G0 Z3.500
G0 X80.019 Y-192.016 F3500
G1 Z0.000 F900
G1 X81.245 Y-194.394 F1400
G0 Z3.500
G0 X81.195 Y-194.635 F3500
G1 Z0.000 F900
G1 X85.343 Y-198.651 F1400
G0 Z3.500
G0 X85.444 Y-198.536 F3500
G1 Z0.000 F900
G1 X85.063 Y-200.167 F1400
G1 X84.574 Y-200.866 F1400
G0 Z3.500
G0 X85.240 Y-201.072 F3500
G1 Z0.000 F900
G1 X84.971 Y-201.623 F1400
G1 X84.394 Y-202.553 F1400
G0 Z3.500
G0 X83.626 Y-202.555 F3500
G1 Z0.000 F900
G1 X83.562 Y-201.405 F1400
G1 X82.553 Y-199.918 F1400
G0 Z3.500
G0 X81.741 Y-199.554 F3500
G1 Z0.000 F900
G1 X78.262 Y-203.560 F1400
G0 Z3.500
G0 X77.651 Y-204.224 F3500
G1 Z0.000 F900
G1 X81.518 Y-211.031 F1400
G0 Z3.500
G0 X82.197 Y-211.074 F3500
G1 Z0.000 F900
G1 X81.173 Y-208.946 F1400
G0 Z3.500
G0 X81.234 Y-208.793 F3500
G1 Z0.000 F900
G1 X78.717 Y-204.403 F1400
G0 Z3.500
G0 X78.290 Y-205.076 F3500
G1 Z0.000 F900
G1 X79.826 Y-206.996 F1400
G0 Z3.500
G0 X80.018 Y-207.188 F3500
G1 Z0.000 F900
G1 X80.210 Y-207.955 F1400
G1 X80.786 Y-208.531 F1400
G0 Z3.500
G0 X81.427 Y-208.570 F3500
G1 Z0.000 F900
G1 X80.456 Y-208.200 F1400
G1 X79.761 Y-207.340 F1400
G0 Z3.500
G0 X78.411 Y-207.656 F3500
G1 Z0.000 F900
G1 X78.939 Y-206.502 F1400
G1 X79.321 Y-205.183 F1400
G0 Z3.500
G0 X79.648 Y-204.318 F3500
G1 Z0.000 F900
G1 X80.561 Y-205.885 F1400
G0 Z3.500
G0 X80.521 Y-205.589 F3500
G1 Z0.000 F900
G1 X81.288 Y-206.128 F1400
G1 X81.819 Y-206.867 F1400
G0 Z3.500
G0 X82.248 Y-206.726 F3500
G1 Z0.000 F900
G1 X83.035 Y-208.046 F1400
G1 X83.163 Y-209.568 F1400
G0 Z3.500
G0 X83.338 Y-209.845 F3500
G1 Z0.000 F900
G1 X84.292 Y-208.398 F1400
G1 X85.528 Y-206.449 F1400
G0 Z3.500
G0 X85.459 Y-206.782 F3500
G1 Z0.000 F900
G1 X85.825 Y-205.667 F1400
G1 X86.862 Y-204.521 F1400
G0 Z3.500
G0 X86.196 Y-204.063 F3500
G1 Z0.000 F900
G1 X85.282 Y-205.558 F1400
G1 X83.822 Y-207.240 F1400
G0 Z3.500
G0 X83.568 Y-207.145 F3500
G1 Z0.000 F900
G1 X82.506 Y-205.786 F1400
G0 Z3.500
G0 X82.443 Y-206.077 F3500
G1 Z0.000 F900
G1 X82.486 Y-204.821 F1400
G1 X82.968 Y-203.307 F1400
G0 Z3.500
G0 X82.263 Y-203.486 F3500
G1 Z0.000 F900
G1 X82.929 Y-204.306 F1400
G1 X83.916 Y-205.130 F1400
G0 Z3.500
G0 X83.363 Y-206.393 F3500
G1 Z0.000 F900
G1 X82.119 Y-207.758 F1400
G1 X81.280 Y-209.134 F1400
G0 Z3.500
G0 X83.857 Y-210.451 F3500
G1 Z0.000 F900
G1 X84.049 Y-209.299 F1400
G1 X84.817 Y-208.723 F1400
G1 X84.817 Y-208.339 F1400
G0 Z3.500
G0 X85.269 Y-208.660 F3500
G1 Z0.000 F900
G1 X86.665 Y-210.334 F1400
G1 X88.204 Y-211.858 F1400
G0 Z3.500
G0 X87.888 Y-211.219 F3500
G1 Z0.000 F900
G1 X87.312 Y-211.795 F1400
G1 X86.929 Y-212.754 F1400
G0 Z3.500
G0 X86.899 Y-212.677 F3500
G1 Z0.000 F900
G1 X88.670 Y-210.846 F1400
G0 Z3.500
G0 X89.112 Y-210.440 F3500
G1 Z0.000 F900
G1 X87.912 Y-211.751 F1400
G1 X86.664 Y-212.766 F1400
G0 Z3.500
G0 X85.969 Y-212.562 F3500
G1 Z0.000 F900
G1 X85.201 Y-213.330 F1400
G1 X84.817 Y-214.482 F1400
G0 Z3.500
G0 X84.953 Y-215.545 F3500
G1 Z0.000 F900
G1 X89.183 Y-211.593 F1400
G0 Z3.500
G0 X89.381 Y-211.060 F3500
G1 Z0.000 F900
G1 X91.732 Y-207.905 F1400
G0 Z3.500
G0 X92.739 Y-208.419 F3500
G1 Z0.000 F900
G1 X91.858 Y-210.353 F1400
G0 Z3.500
G0 X91.765 Y-210.278 F3500
G1 Z0.000 F900
G1 X89.846 Y-212.033 F1400
G1 X88.619 Y-214.080 F1400
G0 Z3.500
G0 X89.048 Y-213.779 F3500
G1 Z0.000 F900
G1 X89.445 Y-212.215 F1400
G1 X90.568 Y-210.194 F1400
G0 Z3.500
G0 X91.903 Y-210.484 F3500
G1 Z0.000 F900
G1 X90.274 Y-212.200 F1400
G0 Z3.500
G0 X90.698 Y-212.139 F3500
G1 Z0.000 F900
G1 X90.817 Y-213.232 F1400
G1 X91.605 Y-214.522 F1400
G0 Z3.500
G0 X91.456 Y-214.358 F3500
G1 Z0.000 F900
G1 X89.424 Y-217.745 F1400
G0 Z3.500
G0 X89.232 Y-218.129 F3500
G1 Z0.000 F900
G1 X88.464 Y-218.705 F1400
G1 X87.696 Y-218.705 F1400
G0 Z3.500
G0 X87.312 Y-218.705 F3500
G1 Z0.000 F900
G1 X86.929 Y-218.897 F1400
G1 X85.201 Y-218.897 F1400
G1 X84.241 Y-218.705 F1400
G1 X84.049 Y-218.321 F1400
G0 Z3.500
G0 X83.300 Y-218.941 F3500
G1 Z0.000 F900
G1 X85.937 Y-219.669 F1400
G0 Z3.500
G0 X85.703 Y-220.078 F3500
G1 Z0.000 F900
G1 X85.225 Y-219.154 F1400
G1 X85.083 Y-217.717 F1400
G0 Z3.500
G0 X85.201 Y-217.746 F3500
G1 Z0.000 F900
G1 X85.777 Y-217.746 F1400
G1 X86.161 Y-217.362 F1400
G1 X87.121 Y-217.362 F1400
G1 X87.504 Y-217.746 F1400
G0 Z3.500
G0 X87.952 Y-216.874 F3500
G1 Z0.000 F900
G1 X88.086 Y-218.642 F1400
G1 X88.209 Y-219.769 F1400
G0 Z3.500
G0 X88.093 Y-218.882 F3500
G1 Z0.000 F900
G1 X89.613 Y-218.438 F1400
G0 Z3.500
G0 X90.673 Y-217.677 F3500
G1 Z0.000 F900
G1 X91.285 Y-215.912 F1400
G1 X92.015 Y-214.359 F1400
G0 Z3.500
G0 X92.750 Y-214.228 F3500
G1 Z0.000 F900
G1 X91.931 Y-215.941 F1400
G1 X91.857 Y-217.807 F1400
G0 Z3.500
G0 X91.155 Y-217.808 F3500
G1 Z0.000 F900
G1 X90.734 Y-217.411 F1400
G1 X89.997 Y-216.915 F1400
G0 Z3.500
G0 X89.060 Y-216.744 F3500
G1 Z0.000 F900
G1 X88.094 Y-218.479 F1400
G1 X87.100 Y-219.131 F1400
G0 Z3.500
G0 X86.929 Y-219.857 F3500
G1 Z0.000 F900
G1 X85.393 Y-219.857 F1400
G1 X84.817 Y-219.473 F1400
G1 X84.049 Y-219.473 F1400
G1 X82.705 Y-218.897 F1400
G0 Z3.500
G0 X81.948 Y-216.951 F3500
G1 Z0.000 F900
G1 X82.577 Y-215.738 F1400
G1 X82.695 Y-214.701 F1400
G0 Z3.500
G0 X82.894 Y-214.986 F3500
G1 Z0.000 F900
G1 X74.766 Y-218.867 F1400
G0 Z3.500
G0 X74.223 Y-219.222 F3500
G1 Z0.000 F900
G1 X71.817 Y-220.650 F1400
G0 Z3.500
G0 X71.784 Y-220.858 F3500
G1 Z0.000 F900
G1 X69.800 Y-220.442 F1400
G0 Z3.500
G0 X69.710 Y-220.243 F3500
G1 Z0.000 F900
G1 X68.273 Y-221.207 F1400
G0 Z3.500
G0 X67.440 Y-220.985 F3500
G1 Z0.000 F900
G1 X63.800 Y-222.045 F1400
G0 Z3.500
G0 X63.518 Y-222.021 F3500
G1 Z0.000 F900
G1 X62.678 Y-222.930 F1400
G1 X62.348 Y-224.604 F1400
G0 Z3.500
G0 X61.408 Y-225.093 F3500
G1 Z0.000 F900
G1 X61.308 Y-223.829 F1400
G1 X61.771 Y-222.683 F1400
G0 Z3.500
G0 X62.392 Y-222.277 F3500
G1 Z0.000 F900
G1 X64.007 Y-223.736 F1400
G1 X65.394 Y-225.116 F1400
G0 Z3.500
G0 X66.166 Y-224.457 F3500
G1 Z0.000 F900
G1 X65.772 Y-225.926 F1400
G1 X65.459 Y-226.775 F1400
G0 Z3.500
G0 X67.924 Y-226.768 F3500
G1 Z0.000 F900
G1 X67.348 Y-232.527 F1400
G0 Z3.500
G0 X67.156 Y-232.719 F3500
G1 Z0.000 F900
G1 X66.772 Y-232.719 F1400
G1 X65.621 Y-233.487 F1400
G1 X65.237 Y-234.830 F1400
G1 X65.237 Y-236.366 F1400
G1 X65.429 Y-236.558 F1400
G0 Z3.500
G0 X65.501 Y-236.522 F3500
G1 Z0.000 F900
G1 X65.222 Y-237.871 F1400
G1 X64.205 Y-239.666 F1400
G0 Z3.500
G0 X62.933 Y-240.589 F3500
G1 Z0.000 F900
G1 X64.085 Y-241.933 F1400
G0 Z3.500
G0 X63.147 Y-242.680 F3500
G1 Z0.000 F900
G1 X60.940 Y-241.317 F1400
G0 Z3.500
G0 X61.397 Y-241.357 F3500
G1 Z0.000 F900
G1 X62.357 Y-241.741 F1400
G1 X63.317 Y-242.701 F1400
G1 X63.509 Y-243.661 F1400
G0 Z3.500
G0 X62.754 Y-245.334 F3500
G1 Z0.000 F900
G1 X63.225 Y-246.949 F1400
G1 X63.880 Y-248.130 F1400
G0 Z3.500
G0 X64.661 Y-248.076 F3500
G1 Z0.000 F900
G1 X64.661 Y-249.036 F1400
G1 X64.277 Y-249.612 F1400
G0 Z3.500
G0 X64.219 Y-250.076 F3500
G1 Z0.000 F900
G1 X65.259 Y-248.898 F1400
G1 X65.870 Y-247.228 F1400
G0 Z3.500
G0 X65.276 Y-247.281 F3500
G1 Z0.000 F900
G1 X65.337 Y-246.018 F1400
G1 X66.349 Y-244.264 F1400
G0 Z3.500
G0 X66.366 Y-244.366 F3500
G1 Z0.000 F900
G1 X67.630 Y-242.022 F1400
G1 X68.714 Y-240.268 F1400
G0 Z3.500
G0 X69.076 Y-239.629 F3500
G1 Z0.000 F900
G1 X69.076 Y-239.246 F1400
G1 X68.500 Y-238.670 F1400
G1 X68.116 Y-238.670 F1400
G0 Z3.500
G0 X68.745 Y-238.834 F3500
G1 Z0.000 F900
G1 X68.036 Y-224.916 F1400
G0 Z3.500
G0 X68.193 Y-224.817 F3500
G1 Z0.000 F900
G1 X65.152 Y-235.637 F1400
G0 Z3.500
G0 X65.334 Y-235.965 F3500
G1 Z0.000 F900
G1 X66.479 Y-231.871 F1400
G0 Z3.500
G0 X67.224 Y-231.944 F3500
G1 Z0.000 F900
G1 X68.113 Y-234.370 F1400
G0 Z3.500
G0 X67.540 Y-233.679 F3500
G1 Z0.000 F900
G1 X67.540 Y-235.214 F1400
G0 Z3.500
G0 X67.732 Y-235.406 F3500
G1 Z0.000 F900
G1 X68.500 Y-235.406 F1400
G1 X69.268 Y-234.830 F1400
G1 X69.268 Y-234.062 F1400
G1 X68.500 Y-233.487 F1400
G0 Z3.500
G0 X68.203 Y-232.655 F3500
G1 Z0.000 F900
G1 X67.207 Y-231.730 F1400
G1 X65.726 Y-230.095 F1400
G0 Z3.500
G0 X66.639 Y-230.109 F3500
G1 Z0.000 F900
G1 X65.618 Y-231.204 F1400
G1 X64.986 Y-232.257 F1400
G0 Z3.500
G0 X65.868 Y-232.613 F3500
G1 Z0.000 F900
G1 X65.491 Y-232.841 F1400
G1 X64.989 Y-233.976 F1400
G0 Z3.500
G0 X66.072 Y-234.940 F3500
G1 Z0.000 F900
G1 X67.650 Y-232.774 F1400
G1 X69.009 Y-230.882 F1400
G0 Z3.500
G0 X69.460 Y-230.223 F3500
G1 Z0.000 F900
G1 X69.460 Y-230.607 F1400
G1 X70.420 Y-231.375 F1400
G0 Z3.500
G0 X70.678 Y-231.552 F3500
G1 Z0.000 F900
G1 X71.856 Y-232.772 F1400
G0 Z3.500
G0 X70.467 Y-232.928 F3500
G1 Z0.000 F900
G1 X70.669 Y-232.136 F1400
G1 X71.140 Y-231.357 F1400
G0 Z3.500
G0 X70.471 Y-230.072 F3500
G1 Z0.000 F900
G1 X70.006 Y-228.296 F1400
G1 X69.601 Y-227.303 F1400
G0 Z3.500
G0 X69.020 Y-227.420 F3500
G1 Z0.000 F900
G1 X68.723 Y-229.643 F1400
G1 X68.364 Y-231.491 F1400
G0 Z3.500
G0 X69.003 Y-231.766 F3500
G1 Z0.000 F900
G1 X68.917 Y-230.171 F1400
G1 X68.765 Y-229.448 F1400
G0 Z3.500
G0 X69.460 Y-229.455 F3500
G1 Z0.000 F900
G1 X69.268 Y-228.496 F1400
G1 X69.844 Y-227.920 F1400
G0 Z3.500
G0 X69.271 Y-228.652 F3500
G1 Z0.000 F900
G1 X68.615 Y-230.794 F1400
G1 X68.113 Y-232.562 F1400
G0 Z3.500
G0 X67.048 Y-232.562 F3500
G1 Z0.000 F900
G1 X66.251 Y-236.435 F1400
G0 Z3.500
G0 X66.756 Y-236.292 F3500
G1 Z0.000 F900
G1 X66.936 Y-235.518 F1400
G1 X67.172 Y-234.520 F1400
G0 Z3.500
G0 X67.348 Y-235.790 F3500
G1 Z0.000 F900
G1 X66.196 Y-235.982 F1400
G1 X65.621 Y-236.558 F1400
G0 Z3.500
G0 X65.441 Y-236.167 F3500
G1 Z0.000 F900
G1 X66.855 Y-242.172 F1400
G0 Z3.500
G0 X67.105 Y-241.732 F3500
G1 Z0.000 F900
G1 X66.805 Y-240.787 F1400
G1 X67.591 Y-239.831 F1400
G0 Z3.500
G0 X67.387 Y-239.540 F3500
G1 Z0.000 F900
G1 X67.843 Y-237.376 F1400
G0 Z3.500
G0 X67.540 Y-237.518 F3500
G1 Z0.000 F900
G1 X67.540 Y-235.982 F1400
G0 Z3.500
G0 X68.248 Y-236.284 F3500
G1 Z0.000 F900
G1 X66.327 Y-237.617 F1400
G0 Z3.500
G0 X66.029 Y-237.831 F3500
G1 Z0.000 F900
G1 X67.539 Y-236.507 F1400
G1 X68.283 Y-235.669 F1400
G0 Z3.500
G0 X68.305 Y-235.543 F3500
G1 Z0.000 F900
G1 X68.398 Y-237.183 F1400
G1 X68.695 Y-237.957 F1400
G0 Z3.500
G0 X68.554 Y-238.054 F3500
G1 Z0.000 F900
G1 X67.845 Y-239.724 F1400
G1 X67.294 Y-241.205 F1400
G0 Z3.500
G0 X67.540 Y-240.973 F3500
G1 Z0.000 F900
G1 X67.540 Y-241.933 F1400
G1 X67.924 Y-242.893 F1400
G0 Z3.500
G0 X67.924 Y-243.085 F3500
G1 Z0.000 F900
G1 X67.732 Y-243.469 F1400
G1 X68.116 Y-244.429 F1400
G1 X68.692 Y-244.621 F1400
G0 Z3.500
G0 X68.336 Y-243.984 F3500
G1 Z0.000 F900
G1 X69.922 Y-245.747 F1400
G0 Z3.500
G0 X69.652 Y-245.196 F3500
G1 Z0.000 F900
G1 X70.420 Y-246.156 F1400
G1 X71.763 Y-247.116 F1400
G0 Z3.500
G0 X71.955 Y-246.924 F3500
G1 Z0.000 F900
G1 X71.955 Y-245.964 F1400
G1 X71.763 Y-245.772 F1400
G1 X70.804 Y-245.004 F1400
G1 X69.844 Y-245.004 F1400
G0 Z3.500
G0 X70.045 Y-244.923 F3500
G1 Z0.000 F900
G1 X74.080 Y-247.863 F1400
G0 Z3.500
G0 X73.857 Y-248.486 F3500
G1 Z0.000 F900
G1 X87.353 Y-250.781 F1400
G0 Z3.500
G0 X87.580 Y-250.102 F3500
G1 Z0.000 F900
G1 X88.503 Y-248.790 F1400
G1 X89.732 Y-246.433 F1400
G0 Z3.500
G0 X89.040 Y-245.964 F3500
G1 Z0.000 F900
G1 X89.616 Y-246.156 F1400
G1 X89.808 Y-245.772 F1400
G1 X89.040 Y-245.196 F1400
G1 X88.848 Y-245.772 F1400
G0 Z3.500
G0 X88.656 Y-245.964 F3500
G1 Z0.000 F900
G1 X87.696 Y-245.388 F1400
G1 X87.121 Y-245.388 F1400
G1 X86.545 Y-244.812 F1400
G1 X86.161 Y-244.812 F1400
G0 Z3.500
G0 X85.366 Y-244.424 F3500
G1 Z0.000 F900
G1 X85.331 Y-243.766 F1400
G1 X85.035 Y-242.897 F1400
G0 Z3.500
G0 X85.300 Y-242.579 F3500
G1 Z0.000 F900
G1 X85.482 Y-242.285 F1400
G1 X85.485 Y-241.287 F1400
G0 Z3.500
G0 X83.665 Y-242.701 F3500
G1 Z0.000 F900
G1 X83.089 Y-243.085 F1400
G1 X82.513 Y-242.509 F1400
G0 Z3.500
G0 X83.089 Y-241.741 F3500
G1 Z0.000 F900
G1 X82.897 Y-240.973 F1400
G1 X81.938 Y-240.205 F1400
G0 Z3.500
G0 X81.152 Y-239.601 F3500
G1 Z0.000 F900
G1 X80.022 Y-241.662 F1400
G1 X80.036 Y-242.729 F1400
G0 Z3.500
G0 X80.386 Y-243.991 F3500
G1 Z0.000 F900
G1 X82.610 Y-244.765 F1400
G0 Z3.500
G0 X83.706 Y-245.466 F3500
G1 Z0.000 F900
G1 X84.078 Y-244.480 F1400
G1 X84.392 Y-244.159 F1400
G0 Z3.500
G0 X84.049 Y-244.237 F3500
G1 Z0.000 F900
G1 X83.857 Y-244.429 F1400
G1 X82.513 Y-244.237 F1400
G1 X81.746 Y-243.469 F1400
G0 Z3.500
G0 X81.557 Y-241.973 F3500
G1 Z0.000 F900
G1 X80.070 Y-240.835 F1400
G0 Z3.500
G0 X78.000 Y-240.520 F3500
G1 Z0.000 F900
G1 X76.756 Y-238.143 F1400
G0 Z3.500
G0 X77.522 Y-238.478 F3500
G1 Z0.000 F900
G1 X77.138 Y-238.478 F1400
G1 X76.179 Y-237.518 F1400
G1 X74.835 Y-237.134 F1400
G0 Z3.500
G0 X73.703 Y-236.649 F3500
G1 Z0.000 F900
G1 X73.483 Y-236.868 F1400
G1 X73.279 Y-238.002 F1400
G0 Z3.500
G0 X72.915 Y-237.902 F3500
G1 Z0.000 F900
G1 X72.147 Y-237.326 F1400
G1 X72.147 Y-236.750 F1400
G1 X72.723 Y-235.982 F1400
G1 X72.915 Y-235.214 F1400
G0 Z3.500
G0 X72.181 Y-234.249 F3500
G1 Z0.000 F900
G1 X72.797 Y-233.504 F1400
G1 X73.265 Y-232.341 F1400
G0 Z3.500
G0 X74.067 Y-232.719 F3500
G1 Z0.000 F900
G1 X74.451 Y-233.295 F1400
G1 X74.451 Y-234.254 F1400
G0 Z3.500
G0 X74.803 Y-233.759 F3500
G1 Z0.000 F900
G1 X74.312 Y-232.082 F1400
G0 Z3.500
G0 X74.067 Y-231.631 F3500
G1 Z0.000 F900
G1 X74.921 Y-230.812 F1400
G1 X75.987 Y-229.583 F1400
G0 Z3.500
G0 X75.027 Y-230.031 F3500
G1 Z0.000 F900
G1 X74.259 Y-228.496 F1400
G0 Z3.500
G0 X74.067 Y-227.728 F3500
G1 Z0.000 F900
G1 X73.875 Y-226.576 F1400
G1 X73.107 Y-226.000 F1400
G0 Z3.500
G0 X72.915 Y-226.192 F3500
G1 Z0.000 F900
G1 X72.915 Y-227.728 F1400
G0 Z3.500
G0 X73.410 Y-227.942 F3500
G1 Z0.000 F900
G1 X75.273 Y-231.444 F1400
G0 Z3.500
G0 X75.047 Y-231.576 F3500
G1 Z0.000 F900
G1 X75.986 Y-233.381 F1400
G0 Z3.500
G0 X76.371 Y-233.871 F3500
G1 Z0.000 F900
G1 X76.179 Y-232.335 F1400
G0 Z3.500
G0 X75.987 Y-232.143 F3500
G1 Z0.000 F900
G1 X75.411 Y-231.567 F1400
G1 X75.411 Y-230.607 F1400
G1 X75.027 Y-230.223 F1400
G0 Z3.500
G0 X74.209 Y-231.544 F3500
G1 Z0.000 F900
G1 X75.042 Y-229.461 F1400
G1 X75.844 Y-227.751 F1400
G0 Z3.500
G0 X75.597 Y-226.873 F3500
G1 Z0.000 F900
G1 X74.726 Y-225.521 F1400
G1 X73.688 Y-224.359 F1400
G0 Z3.500
G0 X74.259 Y-223.888 F3500
G1 Z0.000 F900
G1 X73.875 Y-223.504 F1400
G1 X72.723 Y-223.504 F1400
G1 X71.955 Y-224.272 F1400
G0 Z3.500
G0 X71.721 Y-224.136 F3500
G1 Z0.000 F900
G1 X70.743 Y-225.244 F1400
G1 X70.270 Y-226.329 F1400
G0 Z3.500
G0 X70.083 Y-225.651 F3500
G1 Z0.000 F900
G1 X69.258 Y-223.778 F1400
G0 Z3.500
G0 X69.268 Y-223.696 F3500
G1 Z0.000 F900
G1 X69.460 Y-223.504 F1400
G1 X68.500 Y-222.353 F1400
G0 Z3.500
G0 X69.319 Y-221.475 F3500
G1 Z0.000 F900
G1 X70.305 Y-219.822 F1400
G1 X70.752 Y-218.239 F1400
G0 Z3.500
G0 X70.281 Y-217.327 F3500
G1 Z0.000 F900
G1 X69.671 Y-218.327 F1400
G1 X69.023 Y-218.932 F1400
G0 Z3.500
G0 X69.489 Y-218.518 F3500
G1 Z0.000 F900
G1 X69.972 Y-216.883 F1400
G1 X70.967 Y-215.437 F1400
G0 Z3.500
G0 X71.073 Y-213.883 F3500
G1 Z0.000 F900
G1 X71.228 Y-211.937 F1400
G0 Z3.500
G0 X70.534 Y-212.259 F3500
G1 Z0.000 F900
G1 X69.060 Y-210.844 F1400
G0 Z3.500
G0 X68.169 Y-212.774 F3500
G1 Z0.000 F900
G1 X68.031 Y-213.862 F1400
G1 X68.447 Y-215.039 F1400
G0 Z3.500
G0 X68.388 Y-215.766 F3500
G1 Z0.000 F900
G1 X68.698 Y-216.410 F1400
G1 X68.996 Y-217.421 F1400
G0 Z3.500
G0 X69.358 Y-219.696 F3500
G1 Z0.000 F900
G1 X70.675 Y-220.953 F1400
G1 X71.865 Y-222.705 F1400
G0 Z3.500
G0 X72.382 Y-222.389 F3500
G1 Z0.000 F900
G1 X72.978 Y-223.781 F1400
G1 X73.448 Y-225.388 F1400
G0 Z3.500
G0 X72.916 Y-225.234 F3500
G1 Z0.000 F900
G1 X71.577 Y-223.930 F1400
G0 Z3.500
G0 X71.431 Y-223.711 F3500
G1 Z0.000 F900
G1 X71.008 Y-222.282 F1400
G1 X70.560 Y-220.994 F1400
G0 Z3.500
G0 X70.612 Y-220.817 F3500
G1 Z0.000 F900
G1 X71.763 Y-219.857 F1400
G1 X72.531 Y-219.665 F1400
G1 X73.107 Y-218.897 F1400
G0 Z3.500
G0 X73.683 Y-217.746 F3500
G1 Z0.000 F900
G1 X73.683 Y-217.170 F1400
G1 X74.067 Y-216.402 F1400
G1 X73.491 Y-215.442 F1400
G0 Z3.500
G0 X73.166 Y-215.510 F3500
G1 Z0.000 F900
G1 X72.192 Y-212.155 F1400
G0 Z3.500
G0 X74.063 Y-212.629 F3500
G1 Z0.000 F900
G1 X73.873 Y-214.123 F1400
G1 X73.303 Y-215.951 F1400
G0 Z3.500
G0 X74.023 Y-216.178 F3500
G1 Z0.000 F900
G1 X75.114 Y-217.405 F1400
G1 X76.414 Y-218.546 F1400
G0 Z3.500
G0 X76.412 Y-219.208 F3500
G1 Z0.000 F900
G1 X76.624 Y-220.852 F1400
G1 X75.561 Y-222.810 F1400
G0 Z3.500
G0 X75.789 Y-222.929 F3500
G1 Z0.000 F900
G1 X75.781 Y-224.088 F1400
G1 X75.032 Y-224.464 F1400
G0 Z3.500
G0 X75.576 Y-222.423 F3500
G1 Z0.000 F900
G1 X79.511 Y-230.060 F1400
G0 Z3.500
G0 X79.830 Y-229.001 F3500
G1 Z0.000 F900
G1 X80.277 Y-227.165 F1400
G1 X80.590 Y-226.455 F1400
G0 Z3.500
G0 X80.786 Y-226.576 F3500
G1 Z0.000 F900
G1 X81.554 Y-227.536 F1400
G1 X81.362 Y-228.112 F1400
G0 Z3.500
G0 X81.690 Y-227.182 F3500
G1 Z0.000 F900
G1 X81.231 Y-228.680 F1400
G1 X80.649 Y-230.577 F1400
G0 Z3.500
G0 X80.937 Y-230.191 F3500
G1 Z0.000 F900
G1 X80.153 Y-227.088 F1400
G0 Z3.500
G0 X79.442 Y-227.344 F3500
G1 Z0.000 F900
G1 X79.442 Y-228.304 F1400
G1 X80.018 Y-228.879 F1400
G0 Z3.500
G0 X79.485 Y-228.510 F3500
G1 Z0.000 F900
G1 X77.811 Y-225.148 F1400
G0 Z3.500
G0 X77.330 Y-224.848 F3500
G1 Z0.000 F900
G1 X77.522 Y-225.808 F1400
G1 X78.098 Y-226.384 F1400
G1 X78.482 Y-226.384 F1400
G0 Z3.500
G0 X78.437 Y-226.739 F3500
G1 Z0.000 F900
G1 X78.886 Y-225.354 F1400
G1 X79.295 Y-222.958 F1400
G0 Z3.500
G0 X78.922 Y-222.692 F3500
G1 Z0.000 F900
G1 X79.057 Y-221.803 F1400
G1 X79.194 Y-220.478 F1400
G0 Z3.500
G0 X78.144 Y-220.579 F3500
G1 Z0.000 F900
G1 X77.582 Y-223.727 F1400
G0 Z3.500
G0 X77.171 Y-224.682 F3500
G1 Z0.000 F900
G1 X78.828 Y-223.122 F1400
G1 X80.177 Y-221.559 F1400
G0 Z3.500
G0 X80.726 Y-221.241 F3500
G1 Z0.000 F900
G1 X82.260 Y-222.395 F1400
G0 Z3.500
G0 X82.093 Y-222.548 F3500
G1 Z0.000 F900
G1 X85.194 Y-223.990 F1400
G0 Z3.500
G0 X85.773 Y-224.049 F3500
G1 Z0.000 F900
G1 X88.218 Y-225.146 F1400
G0 Z3.500
G0 X88.080 Y-224.080 F3500
G1 Z0.000 F900
G1 X87.312 Y-224.080 F1400
G1 X86.545 Y-223.696 F1400
G1 X85.777 Y-222.929 F1400
G0 Z3.500
G0 X85.801 Y-222.370 F3500
G1 Z0.000 F900
G1 X88.380 Y-224.007 F1400
G0 Z3.500
G0 X88.272 Y-223.121 F3500
G1 Z0.000 F900
G1 X88.848 Y-222.353 F1400
G1 X89.808 Y-222.161 F1400
G1 X90.192 Y-221.585 F1400
G0 Z3.500
G0 X90.662 Y-221.708 F3500
G1 Z0.000 F900
G1 X89.252 Y-222.941 F1400
G0 Z3.500
G0 X90.206 Y-224.291 F3500
G1 Z0.000 F900
G1 X90.313 Y-225.868 F1400
G1 X90.562 Y-227.325 F1400
G0 Z3.500
G0 X91.213 Y-226.770 F3500
G1 Z0.000 F900
G1 X90.672 Y-227.357 F1400
G1 X90.322 Y-228.301 F1400
G0 Z3.500
G0 X91.213 Y-229.619 F3500
G1 Z0.000 F900
G1 X90.764 Y-231.214 F1400
G1 X90.323 Y-232.747 F1400
G0 Z3.500
G0 X90.576 Y-232.143 F3500
G1 Z0.000 F900
G1 X90.960 Y-232.719 F1400
G1 X91.536 Y-232.719 F1400
G1 X91.920 Y-232.335 F1400
G0 Z3.500
G0 X92.460 Y-232.556 F3500
G1 Z0.000 F900
G1 X93.549 Y-231.580 F1400
G1 X95.219 Y-230.194 F1400
G0 Z3.500
G0 X94.897 Y-230.449 F3500
G1 Z0.000 F900
G1 X95.635 Y-228.957 F1400
G1 X97.004 Y-227.694 F1400
G0 Z3.500
G0 X97.583 Y-228.156 F3500
G1 Z0.000 F900
G1 X98.504 Y-227.514 F1400
G1 X99.310 Y-226.147 F1400
G0 Z3.500
G0 X98.859 Y-226.175 F3500
G1 Z0.000 F900
G1 X98.573 Y-224.394 F1400
G1 X98.034 Y-223.522 F1400
G0 Z3.500
G0 X98.008 Y-223.608 F3500
G1 Z0.000 F900
G1 X98.105 Y-221.984 F1400
G1 X98.501 Y-221.097 F1400
G0 Z3.500
G0 X98.254 Y-221.585 F3500
G1 Z0.000 F900
G1 X99.022 Y-221.777 F1400
G1 X99.406 Y-223.504 F1400
G0 Z3.500
G0 X99.982 Y-223.888 F3500
G1 Z0.000 F900
G1 X99.790 Y-226.960 F1400
G0 Z3.500
G0 X100.107 Y-227.081 F3500
G1 Z0.000 F900
G1 X100.523 Y-224.670 F1400
G0 Z3.500
G0 X100.697 Y-224.249 F3500
G1 Z0.000 F900
G1 X100.353 Y-225.406 F1400
G1 X100.035 Y-227.367 F1400
G0 Z3.500
G0 X100.942 Y-227.344 F3500
G1 Z0.000 F900
G1 X101.134 Y-227.152 F1400
G1 X101.134 Y-224.272 F1400
G0 Z3.500
G0 X101.018 Y-224.914 F3500
G1 Z0.000 F900
G1 X100.406 Y-229.488 F1400
G0 Z3.500
G0 X100.174 Y-229.455 F3500
G1 Z0.000 F900
G1 X98.446 Y-231.183 F1400
G0 Z3.500
G0 X98.424 Y-231.307 F3500
G1 Z0.000 F900
G1 X100.074 Y-229.559 F1400
G1 X101.924 Y-227.604 F1400
G0 Z3.500
G0 X100.629 Y-228.766 F3500
G1 Z0.000 F900
G1 X99.873 Y-227.376 F1400
G1 X98.952 Y-226.689 F1400
G0 Z3.500
G0 X98.004 Y-227.194 F3500
G1 Z0.000 F900
G1 X99.146 Y-225.572 F1400
G0 Z3.500
G0 X99.942 Y-224.218 F3500
G1 Z0.000 F900
G1 X99.121 Y-227.849 F1400
G0 Z3.500
G0 X99.342 Y-228.343 F3500
G1 Z0.000 F900
G1 X98.182 Y-230.531 F1400
G1 X97.167 Y-232.871 F1400
G0 Z3.500
G0 X97.469 Y-233.256 F3500
G1 Z0.000 F900
G1 X99.082 Y-230.727 F1400
G0 Z3.500
G0 X99.825 Y-230.459 F3500
G1 Z0.000 F900
G1 X103.118 Y-236.733 F1400
G0 Z3.500
G0 X103.168 Y-236.913 F3500
G1 Z0.000 F900
G1 X101.762 Y-251.313 F1400
G0 Z3.500
G0 X101.360 Y-251.683 F3500
G1 Z0.000 F900
G1 X98.916 Y-251.550 F1400
G0 Z3.500
G0 X99.346 Y-251.708 F3500
G1 Z0.000 F900
G1 X99.978 Y-249.921 F1400
G1 X100.618 Y-248.667 F1400
G0 Z3.500
G0 X100.366 Y-248.268 F3500
G1 Z0.000 F900
G1 X100.750 Y-248.652 F1400
G1 X100.750 Y-249.996 F1400
G1 X100.558 Y-250.188 F1400
G0 Z3.500
G0 X100.366 Y-250.188 F3500
G1 Z0.000 F900
G1 X99.598 Y-250.188 F1400
G1 X98.254 Y-248.844 F1400
G0 Z3.500
G0 X98.254 Y-248.652 F3500
G1 Z0.000 F900
G1 X100.174 Y-248.268 F1400
G0 Z3.500
G0 X100.366 Y-248.076 F3500
G1 Z0.000 F900
G1 X100.750 Y-247.692 F1400
G1 X100.750 Y-247.116 F1400
G1 X101.326 Y-246.156 F1400
G1 X101.518 Y-244.237 F1400
G1 X102.286 Y-242.125 F1400
G1 X102.286 Y-241.741 F1400
G1 X101.518 Y-240.973 F1400
G0 Z3.500
G0 X101.518 Y-240.781 F3500
G1 Z0.000 F900
G1 X102.862 Y-239.438 F1400
G1 X102.478 Y-236.750 F1400
G1 X101.710 Y-235.406 F1400
G0 Z3.500
G0 X102.421 Y-235.843 F3500
G1 Z0.000 F900
G1 X102.279 Y-237.368 F1400
G1 X101.767 Y-238.424 F1400
G0 Z3.500
G0 X102.191 Y-238.402 F3500
G1 Z0.000 F900
G1 X101.484 Y-240.620 F1400
G1 X100.845 Y-242.776 F1400
G0 Z3.500
G0 X100.671 Y-241.801 F3500
G1 Z0.000 F900
G1 X99.734 Y-243.085 F1400
G1 X98.910 Y-244.368 F1400
G0 Z3.500
G0 X99.355 Y-244.273 F3500
G1 Z0.000 F900
G1 X100.181 Y-246.723 F1400
G1 X100.609 Y-248.040 F1400
G0 Z3.500
G0 X101.154 Y-248.823 F3500
G1 Z0.000 F900
G1 X100.476 Y-248.062 F1400
G1 X99.194 Y-246.945 F1400
G0 Z3.500
G0 X99.627 Y-247.769 F3500
G1 Z0.000 F900
G1 X99.795 Y-249.442 F1400
G1 X100.721 Y-251.454 F1400
G0 Z3.500
G0 X100.558 Y-250.955 F3500
G1 Z0.000 F900
G1 X101.326 Y-251.915 F1400
G1 X101.326 Y-252.491 F1400
G0 Z3.500
G0 X100.800 Y-252.393 F3500
G1 Z0.000 F900
G1 X101.227 Y-252.125 F1400
G1 X101.468 Y-250.669 F1400
G0 Z3.500
G0 X101.109 Y-250.798 F3500
G1 Z0.000 F900
G1 X101.610 Y-248.209 F1400
G0 Z3.500
G0 X102.751 Y-248.207 F3500
G1 Z0.000 F900
G1 X101.621 Y-250.303 F1400
G1 X100.285 Y-252.552 F1400
G0 Z3.500
G0 X98.446 Y-252.694 F3500
G1 Z0.000 F900
G1 X98.282 Y-251.890 F1400
G1 X98.063 Y-251.520 F1400
G0 Z3.500
G0 X98.251 Y-250.898 F3500
G1 Z0.000 F900
G1 X99.456 Y-249.710 F1400
G0 Z3.500
G0 X99.748 Y-249.607 F3500
G1 Z0.000 F900
G1 X100.500 Y-246.615 F1400
G0 Z3.500
G0 X100.533 Y-246.107 F3500
G1 Z0.000 F900
G1 X101.517 Y-244.108 F1400
G1 X102.119 Y-242.367 F1400
G0 Z3.500
G0 X102.159 Y-242.371 F3500
G1 Z0.000 F900
G1 X100.496 Y-241.383 F1400
G0 Z3.500
G0 X100.482 Y-241.240 F3500
G1 Z0.000 F900
G1 X99.153 Y-239.379 F1400
G0 Z3.500
G0 X98.565 Y-239.739 F3500
G1 Z0.000 F900
G1 X97.226 Y-241.209 F1400
G1 X96.409 Y-242.208 F1400
G0 Z3.500
G0 X96.294 Y-242.582 F3500
G1 Z0.000 F900
G1 X96.286 Y-241.683 F1400
G1 X95.991 Y-241.284 F1400
G0 Z3.500
G0 X95.567 Y-241.741 F3500
G1 Z0.000 F900
G1 X96.527 Y-242.701 F1400
G1 X96.911 Y-242.701 F1400
G0 Z3.500
G0 X97.487 Y-242.893 F3500
G1 Z0.000 F900
G1 X97.679 Y-243.277 F1400
G1 X98.638 Y-243.469 F1400
G1 X99.214 Y-243.277 F1400
G0 Z3.500
G0 X98.921 Y-243.773 F3500
G1 Z0.000 F900
G1 X97.296 Y-243.476 F1400
G0 Z3.500
G0 X97.127 Y-241.727 F3500
G1 Z0.000 F900
G1 X95.505 Y-242.827 F1400
G1 X94.391 Y-244.059 F1400
G0 Z3.500
G0 X93.727 Y-243.691 F3500
G1 Z0.000 F900
G1 X89.130 Y-241.119 F1400
G0 Z3.500
G0 X89.964 Y-241.061 F3500
G1 Z0.000 F900
G1 X88.834 Y-240.009 F1400
G0 Z3.500
G0 X89.525 Y-239.977 F3500
G1 Z0.000 F900
G1 X91.410 Y-239.386 F1400
G0 Z3.500
G0 X91.689 Y-238.515 F3500
G1 Z0.000 F900
G1 X89.978 Y-238.829 F1400
G0 Z3.500
G0 X90.300 Y-238.704 F3500
G1 Z0.000 F900
G1 X88.906 Y-237.214 F1400
G1 X87.397 Y-235.564 F1400
G0 Z3.500
G0 X87.503 Y-235.529 F3500
G1 Z0.000 F900
G1 X88.267 Y-237.309 F1400
G1 X88.658 Y-238.739 F1400
G0 Z3.500
G0 X88.080 Y-238.478 F3500
G1 Z0.000 F900
G1 X87.696 Y-238.286 F1400
G1 X87.696 Y-237.902 F1400
G1 X88.272 Y-237.518 F1400
G0 Z3.500
G0 X88.367 Y-237.887 F3500
G1 Z0.000 F900
G1 X90.172 Y-239.566 F1400
G1 X91.249 Y-240.604 F1400
G0 Z3.500
G0 X91.273 Y-240.786 F3500
G1 Z0.000 F900
G1 X91.204 Y-239.286 F1400
G1 X90.647 Y-238.089 F1400
G0 Z3.500
G0 X90.731 Y-238.375 F3500
G1 Z0.000 F900
G1 X91.025 Y-236.939 F1400
G1 X91.957 Y-235.509 F1400
G0 Z3.500
G0 X91.359 Y-235.549 F3500
G1 Z0.000 F900
G1 X92.743 Y-237.086 F1400
G0 Z3.500
G0 X92.792 Y-236.609 F3500
G1 Z0.000 F900
G1 X95.694 Y-238.495 F1400
G0 Z3.500
G0 X96.013 Y-238.125 F3500
G1 Z0.000 F900
G1 X97.357 Y-239.879 F1400
G0 Z3.500
G0 X97.315 Y-239.881 F3500
G1 Z0.000 F900
G1 X97.827 Y-238.183 F1400
G1 X98.810 Y-236.307 F1400
G0 Z3.500
G0 X98.982 Y-234.946 F3500
G1 Z0.000 F900
G1 X98.927 Y-236.706 F1400
G1 X97.911 Y-238.170 F1400
G0 Z3.500
G0 X97.226 Y-237.629 F3500
G1 Z0.000 F900
G1 X99.627 Y-238.585 F1400
G0 Z3.500
G0 X100.232 Y-238.151 F3500
G1 Z0.000 F900
G1 X100.168 Y-238.855 F1400
G1 X99.732 Y-239.956 F1400
G0 Z3.500
G0 X100.352 Y-240.319 F3500
G1 Z0.000 F900
G1 X99.644 Y-241.322 F1400
G1 X98.844 Y-242.011 F1400
G0 Z3.500
G0 X99.022 Y-241.933 F3500
G1 Z0.000 F900
G1 X100.366 Y-240.397 F1400
G0 Z3.500
G0 X101.009 Y-240.246 F3500
G1 Z0.000 F900
G1 X100.899 Y-238.523 F1400
G1 X100.491 Y-237.094 F1400
G0 Z3.500
G0 X100.909 Y-236.880 F3500
G1 Z0.000 F900
G1 X99.577 Y-233.818 F1400
G0 Z3.500
G0 X99.177 Y-233.934 F3500
G1 Z0.000 F900
G1 X98.248 Y-234.916 F1400
G1 X97.331 Y-235.726 F1400
G0 Z3.500
G0 X97.918 Y-235.164 F3500
G1 Z0.000 F900
G1 X98.178 Y-234.069 F1400
G1 X98.975 Y-231.809 F1400
G0 Z3.500
G0 X99.214 Y-231.951 F3500
G1 Z0.000 F900
G1 X99.982 Y-232.335 F1400
G1 X100.366 Y-232.911 F1400
G0 Z3.500
G0 X100.558 Y-233.103 F3500
G1 Z0.000 F900
G1 X101.326 Y-233.871 F1400
G1 X101.326 Y-234.446 F1400
G0 Z3.500
G0 X101.382 Y-232.640 F3500
G1 Z0.000 F900
G1 X101.755 Y-231.226 F1400
G1 X102.037 Y-230.110 F1400
G0 Z3.500
G0 X100.989 Y-229.742 F3500
G1 Z0.000 F900
G1 X101.641 Y-224.934 F1400
G0 Z3.500
G0 X100.527 Y-228.755 F3500
G1 Z0.000 F900
G1 X100.025 Y-230.855 F1400
G1 X99.438 Y-232.459 F1400
G0 Z3.500
G0 X99.855 Y-231.310 F3500
G1 Z0.000 F900
G1 X103.057 Y-239.677 F1400
G0 Z3.500
G0 X102.259 Y-239.800 F3500
G1 Z0.000 F900
G1 X100.245 Y-237.725 F1400
G0 Z3.500
G0 X100.273 Y-237.869 F3500
G1 Z0.000 F900
G1 X97.277 Y-236.975 F1400
G0 Z3.500
G0 X97.295 Y-237.518 F3500
G1 Z0.000 F900
G1 X98.062 Y-237.518 F1400
G1 X98.830 Y-238.094 F1400
G0 Z3.500
G0 X97.295 Y-237.518 F3500
G1 Z0.000 F900
G1 X96.719 Y-236.942 F1400
G1 X95.951 Y-236.942 F1400
G1 X95.567 Y-236.558 F1400
G0 Z3.500
G0 X96.000 Y-236.511 F3500
G1 Z0.000 F900
G1 X95.308 Y-237.992 F1400
G1 X95.518 Y-239.677 F1400
G0 Z3.500
G0 X95.951 Y-239.821 F3500
G1 Z0.000 F900
G1 X95.759 Y-240.013 F1400
G1 X94.991 Y-239.054 F1400
G0 Z3.500
G0 X96.440 Y-238.047 F3500
G1 Z0.000 F900
G1 X96.315 Y-236.903 F1400
G1 X96.613 Y-236.221 F1400
G0 Z3.500
G0 X95.592 Y-235.178 F3500
G1 Z0.000 F900
G1 X94.165 Y-234.018 F1400
G0 Z3.500
G0 X93.615 Y-234.770 F3500
G1 Z0.000 F900
G1 X87.894 Y-230.876 F1400
G0 Z3.500
G0 X88.699 Y-231.035 F3500
G1 Z0.000 F900
G1 X86.062 Y-228.171 F1400
G0 Z3.500
G0 X86.996 Y-228.176 F3500
G1 Z0.000 F900
G1 X84.597 Y-225.556 F1400
G0 Z3.500
G0 X84.575 Y-226.432 F3500
G1 Z0.000 F900
G1 X83.887 Y-226.900 F1400
G1 X83.523 Y-227.487 F1400
G0 Z3.500
G0 X83.741 Y-227.548 F3500
G1 Z0.000 F900
G1 X84.036 Y-228.089 F1400
G1 X83.589 Y-228.675 F1400
G0 Z3.500
G0 X83.435 Y-228.585 F3500
G1 Z0.000 F900
G1 X85.520 Y-232.086 F1400
G0 Z3.500
G0 X85.201 Y-231.759 F3500
G1 Z0.000 F900
G1 X84.241 Y-232.911 F1400
G0 Z3.500
G0 X84.084 Y-233.142 F3500
G1 Z0.000 F900
G1 X86.244 Y-233.859 F1400
G0 Z3.500
G0 X86.966 Y-233.816 F3500
G1 Z0.000 F900
G1 X87.482 Y-232.430 F1400
G1 X88.811 Y-231.622 F1400
G0 Z3.500
G0 X89.232 Y-230.799 F3500
G1 Z0.000 F900
G1 X89.616 Y-231.759 F1400
G1 X90.384 Y-231.951 F1400
G0 Z3.500
G0 X91.232 Y-231.536 F3500
G1 Z0.000 F900
G1 X89.962 Y-233.129 F1400
G1 X88.768 Y-234.286 F1400
G0 Z3.500
G0 X89.232 Y-234.638 F3500
G1 Z0.000 F900
G1 X89.616 Y-234.638 F1400
G1 X90.384 Y-235.406 F1400
G1 X90.576 Y-235.982 F1400
G0 Z3.500
G0 X90.768 Y-236.174 F3500
G1 Z0.000 F900
G1 X91.344 Y-236.558 F1400
G1 X91.536 Y-237.326 F1400
G0 Z3.500
G0 X91.807 Y-238.261 F3500
G1 Z0.000 F900
G1 X93.426 Y-239.998 F1400
G0 Z3.500
G0 X92.495 Y-239.870 F3500
G1 Z0.000 F900
G1 X92.764 Y-240.851 F1400
G1 X92.112 Y-242.460 F1400
G0 Z3.500
G0 X91.728 Y-241.741 F3500
G1 Z0.000 F900
G1 X91.728 Y-242.125 F1400
G1 X92.112 Y-242.509 F1400
G1 X92.879 Y-242.701 F1400
G1 X93.455 Y-243.277 F1400
G1 X94.415 Y-243.085 F1400
G0 Z3.500
G0 X93.839 Y-241.357 F3500
G1 Z0.000 F900
G1 X93.071 Y-241.549 F1400
G1 X92.112 Y-241.357 F1400
G0 Z3.500
G0 X92.496 Y-240.397 F3500
G1 Z0.000 F900
G1 X93.455 Y-240.397 F1400
G1 X94.031 Y-240.781 F1400
G0 Z3.500
G0 X92.747 Y-237.947 F3500
G1 Z0.000 F900
G1 X94.178 Y-237.268 F1400
G1 X94.547 Y-235.937 F1400
G0 Z3.500
G0 X94.944 Y-236.391 F3500
G1 Z0.000 F900
G1 X95.662 Y-235.237 F1400
G1 X96.574 Y-234.037 F1400
G0 Z3.500
G0 X97.295 Y-233.871 F3500
G1 Z0.000 F900
G1 X96.719 Y-234.446 F1400
G1 X96.143 Y-234.446 F1400
G1 X95.759 Y-234.062 F1400
G0 Z3.500
G0 X95.567 Y-233.679 F3500
G1 Z0.000 F900
G1 X97.103 Y-232.143 F1400
G0 Z3.500
G0 X97.333 Y-232.307 F3500
G1 Z0.000 F900
G1 X97.377 Y-233.611 F1400
G1 X98.025 Y-234.666 F1400
G0 Z3.500
G0 X97.939 Y-232.207 F3500
G1 Z0.000 F900
G1 X95.541 Y-232.255 F1400
G0 Z3.500
G0 X95.905 Y-232.497 F3500
G1 Z0.000 F900
G1 X95.268 Y-230.945 F1400
G1 X94.845 Y-228.717 F1400
G0 Z3.500
G0 X94.991 Y-229.839 F3500
G1 Z0.000 F900
G1 X94.223 Y-229.263 F1400
G1 X93.647 Y-228.304 F1400
G0 Z3.500
G0 X92.826 Y-227.274 F3500
G1 Z0.000 F900
G1 X93.062 Y-226.276 F1400
G1 X92.549 Y-225.110 F1400
G0 Z3.500
G0 X91.964 Y-225.262 F3500
G1 Z0.000 F900
G1 X95.359 Y-216.544 F1400
G0 Z3.500
G0 X95.223 Y-216.310 F3500
G1 Z0.000 F900
G1 X95.678 Y-209.796 F1400
G0 Z3.500
G0 X94.804 Y-209.159 F3500
G1 Z0.000 F900
G1 X93.741 Y-210.293 F1400
G1 X92.875 Y-211.743 F1400
G0 Z3.500
G0 X93.263 Y-211.882 F3500
G1 Z0.000 F900
G1 X93.509 Y-210.723 F1400
G1 X94.031 Y-209.404 F1400
G0 Z3.500
G0 X93.851 Y-208.832 F3500
G1 Z0.000 F900
G1 X94.500 Y-207.707 F1400
G1 X95.363 Y-207.079 F1400
G0 Z3.500
G0 X94.799 Y-206.685 F3500
G1 Z0.000 F900
G1 X94.347 Y-206.293 F1400
G1 X93.647 Y-205.387 F1400
G0 Z3.500
G0 X93.880 Y-205.279 F3500
G1 Z0.000 F900
G1 X94.376 Y-204.569 F1400
G1 X94.951 Y-204.105 F1400
G0 Z3.500
G0 X94.063 Y-203.288 F3500
G1 Z0.000 F900
G1 X93.988 Y-202.061 F1400
G1 X93.616 Y-201.105 F1400
G0 Z3.500
G0 X96.179 Y-202.525 F3500
G1 Z0.000 F900
G1 X96.313 Y-203.866 F1400
G1 X96.875 Y-205.323 F1400
G0 Z3.500
G0 X96.757 Y-203.410 F3500
G1 Z0.000 F900
G1 X97.471 Y-201.943 F1400
G1 X98.600 Y-200.599 F1400
G0 Z3.500
G0 X97.800 Y-200.600 F3500
G1 Z0.000 F900
G1 X99.912 Y-203.041 F1400
G0 Z3.500
G0 X101.103 Y-202.801 F3500
G1 Z0.000 F900
G1 X91.385 Y-193.582 F1400
G0 Z3.500
G0 X90.883 Y-193.577 F3500
G1 Z0.000 F900
G1 X93.168 Y-196.103 F1400
G0 Z3.500
G0 X90.769 Y-194.165 F3500
G1 Z0.000 F900
G1 X85.713 Y-176.481 F1400
G0 Z3.500
G0 X85.659 Y-175.698 F3500
G1 Z0.000 F900
G1 X86.354 Y-176.863 F1400
G1 X87.047 Y-179.168 F1400
G0 Z3.500
G0 X86.210 Y-179.790 F3500
G1 Z0.000 F900
G1 X86.657 Y-177.831 F1400
G1 X87.263 Y-175.460 F1400
G0 Z3.500
G0 X89.462 Y-172.245 F3500
G1 Z0.000 F900
G1 X88.351 Y-171.368 F1400
G1 X88.234 Y-170.719 F1400
G0 Z3.500
G0 X89.346 Y-170.812 F3500
G1 Z0.000 F900
G1 X94.505 Y-171.914 F1400
G1 X99.485 Y-172.537 F1400
G0 Z3.500
G0 X100.426 Y-173.120 F3500
G1 Z0.000 F900
G1 X102.877 Y-185.919 F1400
G0 Z3.500
G0 X102.663 Y-186.027 F3500
G1 Z0.000 F900
G1 X102.702 Y-185.174 F1400
G1 X102.292 Y-183.812 F1400
G0 Z3.500
G0 X102.824 Y-183.706 F3500
G1 Z0.000 F900
G1 X106.556 Y-191.690 F1400
G0 Z3.500
G0 X106.114 Y-191.460 F3500
G1 Z0.000 F900
G1 X107.104 Y-193.363 F1400
G1 X106.904 Y-194.888 F1400
G0 Z3.500
G0 X108.128 Y-195.319 F3500
G1 Z0.000 F900
G1 X107.696 Y-196.546 F1400
G1 X107.578 Y-197.556 F1400
G0 Z3.500
G0 X108.328 Y-196.996 F3500
G1 Z0.000 F900
G1 X105.344 Y-194.735 F1400
G0 Z3.500
G0 X104.973 Y-194.710 F3500
G1 Z0.000 F900
G1 X105.357 Y-194.326 F1400
G1 X106.317 Y-195.286 F1400
G1 X108.621 Y-196.821 F1400
G0 Z3.500
G0 X108.638 Y-196.752 F3500
G1 Z0.000 F900
G1 X102.156 Y-192.196 F1400
G0 Z3.500
G0 X102.493 Y-193.204 F3500
G1 Z0.000 F900
G1 X101.752 Y-194.232 F1400
G1 X101.310 Y-196.215 F1400
G0 Z3.500
G0 X102.029 Y-195.990 F3500
G1 Z0.000 F900
G1 X101.555 Y-196.907 F1400
G1 X100.623 Y-198.037 F1400
G0 Z3.500
G0 X100.462 Y-197.926 F3500
G1 Z0.000 F900
G1 X99.107 Y-196.880 F1400
G1 X98.351 Y-196.101 F1400
G0 Z3.500
G0 X97.679 Y-196.054 F3500
G1 Z0.000 F900
G1 X97.679 Y-196.438 F1400
G1 X98.254 Y-197.013 F1400
G1 X98.830 Y-197.205 F1400
G0 Z3.500
G0 X98.663 Y-197.085 F3500
G1 Z0.000 F900
G1 X100.869 Y-199.441 F1400
G0 Z3.500
G0 X102.097 Y-200.487 F3500
G1 Z0.000 F900
G1 X102.317 Y-199.604 F1400
G1 X102.475 Y-198.146 F1400
G0 Z3.500
G0 X102.767 Y-198.032 F3500
G1 Z0.000 F900
G1 X103.369 Y-198.604 F1400
G1 X104.492 Y-199.450 F1400
G0 Z3.500
G0 X104.397 Y-199.509 F3500
G1 Z0.000 F900
G1 X104.205 Y-198.357 F1400
G1 X104.589 Y-197.973 F1400
G0 Z3.500
G0 X104.973 Y-198.165 F3500
G1 Z0.000 F900
G1 X104.973 Y-199.125 F1400
G1 X105.741 Y-199.893 F1400
G1 X106.125 Y-201.045 F1400
G1 X106.125 Y-202.388 F1400
G0 Z3.500
G0 X106.701 Y-202.772 F3500
G1 Z0.000 F900
G1 X106.701 Y-203.156 F1400
G1 X106.125 Y-203.732 F1400
G1 X105.741 Y-203.732 F1400
G0 Z3.500
G0 X106.739 Y-203.693 F3500
G1 Z0.000 F900
G1 X109.909 Y-201.362 F1400
G0 Z3.500
G0 X109.951 Y-201.239 F3500
G1 Z0.000 F900
G1 X110.477 Y-197.777 F1400
G0 Z3.500
G0 X111.841 Y-197.489 F3500
G1 Z0.000 F900
G1 X111.330 Y-199.230 F1400
G0 Z3.500
G0 X110.732 Y-199.317 F3500
G1 Z0.000 F900
G1 X110.732 Y-200.085 F1400
G1 X110.348 Y-201.045 F1400
G1 X108.237 Y-203.156 F1400
G0 Z3.500
G0 X108.154 Y-202.211 F3500
G1 Z0.000 F900
G1 X108.377 Y-203.973 F1400
G1 X108.703 Y-205.637 F1400
G0 Z3.500
G0 X104.517 Y-204.107 F3500
G1 Z0.000 F900
G1 X101.650 Y-210.333 F1400
G0 Z3.500
G0 X101.710 Y-210.259 F3500
G1 Z0.000 F900
G1 X101.326 Y-210.259 F1400
G1 X99.982 Y-209.491 F1400
G0 Z3.500
G0 X99.824 Y-209.607 F3500
G1 Z0.000 F900
G1 X101.763 Y-211.264 F1400
G0 Z3.500
G0 X102.099 Y-211.107 F3500
G1 Z0.000 F900
G1 X103.778 Y-212.599 F1400
G1 X104.776 Y-213.635 F1400
G0 Z3.500
G0 X104.892 Y-212.925 F3500
G1 Z0.000 F900
G1 X105.467 Y-211.061 F1400
G1 X106.207 Y-209.896 F1400
G0 Z3.500
G0 X106.317 Y-211.411 F3500
G1 Z0.000 F900
G1 X102.670 Y-211.219 F1400
G0 Z3.500
G0 X102.286 Y-211.411 F3500
G1 Z0.000 F900
G1 X102.286 Y-212.754 F1400
G1 X102.094 Y-212.946 F1400
G0 Z3.500
G0 X102.094 Y-213.138 F3500
G1 Z0.000 F900
G1 X102.286 Y-213.330 F1400
G1 X102.286 Y-214.482 F1400
G1 X102.094 Y-214.674 F1400
G0 Z3.500
G0 X102.612 Y-214.822 F3500
G1 Z0.000 F900
G1 X103.934 Y-206.130 F1400
G0 Z3.500
G0 X103.897 Y-205.921 F3500
G1 Z0.000 F900
G1 X108.593 Y-201.032 F1400
G0 Z3.500
G0 X109.774 Y-200.564 F3500
G1 Z0.000 F900
G1 X110.703 Y-198.335 F1400
G1 X112.458 Y-196.918 F1400
G0 Z3.500
G0 X112.581 Y-197.315 F3500
G1 Z0.000 F900
G1 X112.963 Y-195.885 F1400
G1 X113.491 Y-195.176 F1400
G0 Z3.500
G0 X114.571 Y-195.670 F3500
G1 Z0.000 F900
G1 X115.339 Y-196.054 F1400
G1 X117.067 Y-197.589 F1400
G1 X119.563 Y-199.125 F1400
G0 Z3.500
G0 X119.754 Y-199.317 F3500
G1 Z0.000 F900
G1 X119.754 Y-199.701 F1400
G1 X122.250 Y-202.388 F1400
G1 X122.442 Y-203.156 F1400
G0 Z3.500
G0 X122.392 Y-202.868 F3500
G1 Z0.000 F900
G1 X119.784 Y-199.960 F1400
G0 Z3.500
G0 X119.892 Y-200.195 F3500
G1 Z0.000 F900
G1 X120.516 Y-198.574 F1400
G1 X120.385 Y-197.287 F1400
G0 Z3.500
G0 X118.987 Y-197.205 F3500
G1 Z0.000 F900
G1 X120.714 Y-198.165 F1400
G1 X122.442 Y-198.741 F1400
G1 X123.210 Y-199.317 F1400
G1 X125.705 Y-199.893 F1400
G0 Z3.500
G0 X125.705 Y-199.893 F3500
G1 Z0.000 F900
G1 X125.897 Y-199.701 F1400
G1 X128.009 Y-199.893 F1400
G1 X128.777 Y-200.469 F1400
G1 X129.353 Y-200.469 F1400
G1 X130.121 Y-200.853 F1400
G1 X131.848 Y-202.196 F1400
G0 Z3.500
G0 X129.566 Y-202.099 F3500
G1 Z0.000 F900
G1 X122.518 Y-199.459 F1400
G0 Z3.500
G0 X122.060 Y-199.222 F3500
G1 Z0.000 F900
G1 X122.433 Y-198.764 F1400
G1 X122.824 Y-198.260 F1400
G0 Z3.500
G0 X123.311 Y-197.596 F3500
G1 Z0.000 F900
G1 X123.127 Y-198.363 F1400
G1 X123.109 Y-199.886 F1400
G0 Z3.500
G0 X122.125 Y-199.116 F3500
G1 Z0.000 F900
G1 X118.637 Y-197.443 F1400
G0 Z3.500
G0 X118.706 Y-197.214 F3500
G1 Z0.000 F900
G1 X128.357 Y-200.161 F1400
G0 Z3.500
G0 X131.415 Y-198.876 F3500
G1 Z0.000 F900
G1 X124.122 Y-196.529 F1400
G0 Z3.500
G0 X123.978 Y-196.246 F3500
G1 Z0.000 F900
G1 X123.786 Y-196.438 F1400
G1 X122.826 Y-196.246 F1400
G1 X122.442 Y-195.862 F1400
G1 X121.290 Y-195.478 F1400
G0 Z3.500
G0 X120.540 Y-195.336 F3500
G1 Z0.000 F900
G1 X115.924 Y-192.551 F1400
G0 Z3.500
G0 X116.090 Y-192.393 F3500
G1 Z0.000 F900
G1 X116.061 Y-193.955 F1400
G1 X116.508 Y-195.491 F1400
G0 Z3.500
G0 X114.961 Y-195.673 F3500
G1 Z0.000 F900
G1 X120.525 Y-199.330 F1400
G0 Z3.500
G0 X120.605 Y-199.522 F3500
G1 Z0.000 F900
G1 X125.813 Y-208.442 F1400
G0 Z3.500
G0 X125.535 Y-209.922 F3500
G1 Z0.000 F900
G1 X122.470 Y-203.896 F1400
G0 Z3.500
G0 X122.826 Y-204.116 F3500
G1 Z0.000 F900
G1 X123.786 Y-205.844 F1400
G1 X124.362 Y-206.420 F1400
G1 X125.705 Y-210.451 F1400
G0 Z3.500
G0 X125.705 Y-210.451 F3500
G1 Z0.000 F900
G1 X126.089 Y-210.067 F1400
G1 X126.281 Y-206.612 F1400
G0 Z3.500
G0 X126.630 Y-206.432 F3500
G1 Z0.000 F900
G1 X126.020 Y-212.203 F1400
G0 Z3.500
G0 X129.161 Y-211.603 F3500
G1 Z0.000 F900
G1 X129.161 Y-210.643 F1400
G1 X128.201 Y-209.875 F1400
G1 X128.009 Y-208.531 F1400
G0 Z3.500
G0 X123.410 Y-204.878 F3500
G1 Z0.000 F900
G1 X123.917 Y-203.415 F1400
G1 X124.545 Y-201.818 F1400
G0 Z3.500
G0 X121.818 Y-202.469 F3500
G1 Z0.000 F900
G1 X116.734 Y-197.960 F1400
G0 Z3.500
G0 X116.891 Y-198.086 F3500
G1 Z0.000 F900
G1 X117.544 Y-199.148 F1400
G1 X118.011 Y-199.012 F1400
G0 Z3.500
G0 X118.291 Y-197.550 F3500
G1 Z0.000 F900
G1 X118.597 Y-196.511 F1400
G1 X118.530 Y-196.093 F1400
G0 Z3.500
G0 X120.330 Y-194.518 F3500
G1 Z0.000 F900
G1 X119.371 Y-193.942 F1400
G1 X118.411 Y-193.750 F1400
G1 X118.027 Y-193.174 F1400
G0 Z3.500
G0 X118.138 Y-193.130 F3500
G1 Z0.000 F900
G1 X121.085 Y-194.134 F1400
G0 Z3.500
G0 X121.599 Y-194.189 F3500
G1 Z0.000 F900
G1 X133.355 Y-199.413 F1400
G0 Z3.500
G0 X132.808 Y-200.085 F3500
G1 Z0.000 F900
G1 X130.312 Y-198.165 F1400
G1 X127.625 Y-197.013 F1400
G1 X125.897 Y-196.629 F1400
G0 Z3.500
G0 X124.236 Y-197.803 F3500
G1 Z0.000 F900
G1 X115.538 Y-194.106 F1400
G0 Z3.500
G0 X114.854 Y-196.206 F3500
G1 Z0.000 F900
G1 X119.613 Y-199.621 F1400
G0 Z3.500
G0 X119.362 Y-201.498 F3500
G1 Z0.000 F900
G1 X120.484 Y-199.977 F1400
G1 X121.683 Y-198.288 F1400
G0 Z3.500
G0 X123.353 Y-195.711 F3500
G1 Z0.000 F900
G1 X120.940 Y-194.785 F1400
G0 Z3.500
G0 X120.522 Y-194.518 F3500
G1 Z0.000 F900
G1 X121.482 Y-194.518 F1400
G1 X123.594 Y-195.478 F1400
G1 X123.978 Y-195.862 F1400
G0 Z3.500
G0 X127.695 Y-192.908 F3500
G1 Z0.000 F900
G1 X127.597 Y-192.184 F1400
G1 X127.938 Y-191.521 F1400
G0 Z3.500
G0 X128.948 Y-192.330 F3500
G1 Z0.000 F900
G1 X115.053 Y-186.356 F1400
G0 Z3.500
G0 X114.935 Y-186.107 F3500
G1 Z0.000 F900
G1 X112.466 Y-184.282 F1400
G0 Z3.500
G0 X112.581 Y-183.887 F3500
G1 Z0.000 F900
G1 X108.091 Y-179.005 F1400
G0 Z3.500
G0 X108.136 Y-178.757 F3500
G1 Z0.000 F900
G1 X107.970 Y-179.594 F1400
G1 X107.569 Y-180.717 F1400
G0 Z3.500
G0 X107.409 Y-180.915 F3500
G1 Z0.000 F900
G1 X110.875 Y-184.901 F1400
G0 Z3.500
G0 X110.924 Y-184.344 F3500
G1 Z0.000 F900
G1 X108.812 Y-182.040 F1400
G1 X108.237 Y-181.080 F1400
G0 Z3.500
G0 X108.255 Y-181.255 F3500
G1 Z0.000 F900
G1 X114.515 Y-186.552 F1400
G0 Z3.500
G0 X114.571 Y-187.031 F3500
G1 Z0.000 F900
G1 X116.875 Y-188.951 F1400
G1 X117.451 Y-189.911 F1400
G1 X119.754 Y-192.406 F1400
G0 Z3.500
G0 X121.889 Y-191.022 F3500
G1 Z0.000 F900
G1 X122.106 Y-189.529 F1400
G1 X122.611 Y-188.799 F1400
G0 Z3.500
G0 X122.058 Y-188.375 F3500
G1 Z0.000 F900
G1 X123.018 Y-188.567 F1400
G1 X123.594 Y-189.143 F1400
G0 Z3.500
G0 X123.978 Y-189.143 F3500
G1 Z0.000 F900
G1 X124.554 Y-188.567 F1400
G1 X128.393 Y-188.951 F1400
G0 Z3.500
G0 X128.585 Y-188.951 F3500
G1 Z0.000 F900
G1 X128.777 Y-188.759 F1400
G1 X130.121 Y-188.759 F1400
G1 X130.312 Y-188.951 F1400
G1 X130.696 Y-188.759 F1400
G1 X134.536 Y-188.759 F1400
G1 X134.728 Y-188.951 F1400
G1 X135.879 Y-188.951 F1400
G1 X137.415 Y-189.335 F1400
G1 X138.375 Y-189.911 F1400
G1 X139.719 Y-190.103 F1400
G1 X142.022 Y-191.446 F1400
G1 X142.790 Y-192.214 F1400
G0 Z3.500
G0 X143.433 Y-191.758 F3500
G1 Z0.000 F900
G1 X137.239 Y-188.784 F1400
G0 Z3.500
G0 X137.062 Y-188.699 F3500
G1 Z0.000 F900
G1 X125.772 Y-188.383 F1400
G0 Z3.500
G0 X126.290 Y-188.013 F3500
G1 Z0.000 F900
G1 X125.665 Y-188.838 F1400
G1 X124.353 Y-190.273 F1400
G0 Z3.500
G0 X125.317 Y-190.333 F3500
G1 Z0.000 F900
G1 X128.947 Y-192.440 F1400
G0 Z3.500
G0 X128.585 Y-189.143 F3500
G1 Z0.000 F900
G1 X129.353 Y-189.911 F1400
G1 X129.737 Y-189.911 F1400
G1 X131.848 Y-192.022 F1400
G1 X132.808 Y-193.366 F1400
G1 X133.576 Y-195.094 F1400
G1 X133.576 Y-196.438 F1400
G1 X133.384 Y-196.629 F1400
G0 Z3.500
G0 X133.192 Y-196.629 F3500
G1 Z0.000 F900
G1 X132.808 Y-196.246 F1400
G1 X132.424 Y-195.094 F1400
G1 X129.545 Y-192.214 F1400
G1 X127.817 Y-190.871 F1400
G1 X125.513 Y-189.911 F1400
G0 Z3.500
G0 X125.321 Y-190.487 F3500
G1 Z0.000 F900
G1 X127.625 Y-192.022 F1400
G1 X128.585 Y-192.406 F1400
G1 X130.696 Y-194.518 F1400
G1 X131.080 Y-195.286 F1400
G0 Z3.500
G0 X130.727 Y-195.954 F3500
G1 Z0.000 F900
G1 X130.995 Y-197.143 F1400
G1 X131.434 Y-198.457 F1400
G0 Z3.500
G0 X133.576 Y-198.549 F3500
G1 Z0.000 F900
G1 X133.192 Y-196.821 F1400
G0 Z3.500
G0 X133.241 Y-196.049 F3500
G1 Z0.000 F900
G1 X133.956 Y-198.519 F1400
G0 Z3.500
G0 X132.537 Y-195.306 F3500
G1 Z0.000 F900
G1 X125.317 Y-189.333 F1400
G0 Z3.500
G0 X128.908 Y-188.960 F3500
G1 Z0.000 F900
G1 X137.547 Y-189.413 F1400
G0 Z3.500
G0 X138.641 Y-188.460 F3500
G1 Z0.000 F900
G1 X138.136 Y-189.787 F1400
G1 X138.109 Y-190.978 F1400
G0 Z3.500
G0 X138.498 Y-191.711 F3500
G1 Z0.000 F900
G1 X139.022 Y-190.755 F1400
G1 X139.020 Y-189.646 F1400
G0 Z3.500
G0 X138.759 Y-187.607 F3500
G1 Z0.000 F900
G1 X142.598 Y-189.143 F1400
G1 X145.286 Y-191.638 F1400
G0 Z3.500
G0 X145.706 Y-190.907 F3500
G1 Z0.000 F900
G1 X139.113 Y-186.936 F1400
G0 Z3.500
G0 X140.244 Y-187.896 F3500
G1 Z0.000 F900
G1 X135.596 Y-186.854 F1400
G0 Z3.500
G0 X135.688 Y-187.031 F3500
G1 Z0.000 F900
G1 X136.071 Y-187.031 F1400
G1 X136.455 Y-187.415 F1400
G1 X137.223 Y-187.415 F1400
G0 Z3.500
G0 X135.304 Y-187.031 F3500
G1 Z0.000 F900
G1 X134.920 Y-187.223 F1400
G1 X133.576 Y-187.223 F1400
G1 X133.384 Y-187.031 F1400
G0 Z3.500
G0 X133.384 Y-187.031 F3500
G1 Z0.000 F900
G1 X133.192 Y-187.223 F1400
G1 X131.656 Y-187.223 F1400
G1 X131.464 Y-187.031 F1400
G0 Z3.500
G0 X131.464 Y-187.031 F3500
G1 Z0.000 F900
G1 X128.777 Y-187.031 F1400
G0 Z3.500
G0 X128.393 Y-187.031 F3500
G1 Z0.000 F900
G1 X124.746 Y-186.455 F1400
G1 X120.138 Y-185.112 F1400
G1 X116.107 Y-183.192 F1400
G1 X113.036 Y-181.080 F1400
G0 Z3.500
G0 X112.342 Y-182.337 F3500
G1 Z0.000 F900
G1 X111.710 Y-183.172 F1400
G1 X110.658 Y-184.047 F1400
G0 Z3.500
G0 X110.795 Y-184.192 F3500
G1 Z0.000 F900
G1 X113.767 Y-186.471 F1400
G0 Z3.500
G0 X113.804 Y-185.112 F3500
G1 Z0.000 F900
G1 X115.339 Y-186.071 F1400
G0 Z3.500
G0 X115.339 Y-186.263 F3500
G1 Z0.000 F900
G1 X114.571 Y-186.455 F1400
G1 X113.996 Y-186.263 F1400
G1 X111.500 Y-184.344 F1400
G1 X111.116 Y-184.344 F1400
G0 Z3.500
G0 X111.697 Y-183.815 F3500
G1 Z0.000 F900
G1 X108.313 Y-180.239 F1400
G0 Z3.500
G0 X108.812 Y-180.504 F3500
G1 Z0.000 F900
G1 X112.076 Y-183.768 F1400
G1 X112.652 Y-183.960 F1400
G1 X113.612 Y-184.920 F1400
G0 Z3.500
G0 X114.459 Y-184.929 F3500
G1 Z0.000 F900
G1 X118.304 Y-186.837 F1400
G0 Z3.500
G0 X117.835 Y-186.263 F3500
G1 Z0.000 F900
G1 X114.571 Y-184.728 F1400
G0 Z3.500
G0 X114.432 Y-184.582 F3500
G1 Z0.000 F900
G1 X120.657 Y-186.544 F1400
G0 Z3.500
G0 X119.743 Y-186.552 F3500
G1 Z0.000 F900
G1 X119.558 Y-186.957 F1400
G1 X118.998 Y-187.895 F1400
G0 Z3.500
G0 X119.115 Y-187.742 F3500
G1 Z0.000 F900
G1 X119.191 Y-187.064 F1400
G1 X118.859 Y-185.553 F1400
G0 Z3.500
G0 X118.795 Y-187.415 F3500
G1 Z0.000 F900
G1 X120.522 Y-187.991 F1400
G0 Z3.500
G0 X120.522 Y-188.759 F3500
G1 Z0.000 F900
G1 X118.219 Y-188.183 F1400
G1 X117.835 Y-187.607 F1400
G0 Z3.500
G0 X117.643 Y-187.415 F3500
G1 Z0.000 F900
G1 X116.107 Y-186.839 F1400
G1 X115.531 Y-186.263 F1400
G0 Z3.500
G0 X115.329 Y-185.644 F3500
G1 Z0.000 F900
G1 X115.147 Y-184.266 F1400
G1 X114.966 Y-183.812 F1400
G0 Z3.500
G0 X114.462 Y-184.169 F3500
G1 Z0.000 F900
G1 X143.671 Y-189.636 F1400
G0 Z3.500
G0 X140.624 Y-191.105 F3500
G1 Z0.000 F900
G1 X140.863 Y-191.779 F1400
G1 X141.117 Y-192.555 F1400
G0 Z3.500
G0 X135.015 Y-187.605 F3500
G1 Z0.000 F900
G1 X113.981 Y-183.343 F1400
G0 Z3.500
G0 X110.557 Y-181.055 F3500
G1 Z0.000 F900
G1 X111.463 Y-179.759 F1400
G1 X112.059 Y-178.034 F1400
G0 Z3.500
G0 X108.337 Y-176.629 F3500
G1 Z0.000 F900
G1 X106.202 Y-177.212 F1400
G1 X104.297 Y-178.237 F1400
G0 Z3.500
G0 X104.468 Y-177.617 F3500
G1 Z0.000 F900
G1 X99.284 Y-178.883 F1400
G1 X93.961 Y-180.320 F1400
G0 Z3.500
G0 X95.569 Y-180.791 F3500
G1 Z0.000 F900
G1 X96.090 Y-181.850 F1400
G1 X96.717 Y-183.673 F1400
G0 Z3.500
G0 X94.986 Y-184.807 F3500
G1 Z0.000 F900
G1 X96.039 Y-183.668 F1400
G1 X97.300 Y-181.577 F1400
G0 Z3.500
G0 X97.262 Y-180.066 F3500
G1 Z0.000 F900
G1 X97.647 Y-178.666 F1400
G1 X97.712 Y-177.104 F1400
G0 Z3.500
G0 X97.365 Y-176.324 F3500
G1 Z0.000 F900
G1 X97.154 Y-177.539 F1400
G1 X95.689 Y-178.926 F1400
G0 Z3.500
G0 X96.906 Y-178.901 F3500
G1 Z0.000 F900
G1 X97.799 Y-177.603 F1400
G1 X98.835 Y-175.581 F1400
G0 Z3.500
G0 X99.350 Y-176.163 F3500
G1 Z0.000 F900
G1 X98.660 Y-177.335 F1400
G1 X97.927 Y-178.703 F1400
G0 Z3.500
G0 X96.979 Y-179.853 F3500
G1 Z0.000 F900
G1 X95.551 Y-181.155 F1400
G1 X94.539 Y-181.924 F1400
G0 Z3.500
G0 X89.424 Y-182.424 F3500
G1 Z0.000 F900
G1 X89.232 Y-182.232 F1400
G1 X89.232 Y-180.888 F1400
G0 Z3.500
G0 X88.704 Y-181.679 F3500
G1 Z0.000 F900
G1 X88.779 Y-180.566 F1400
G1 X88.992 Y-179.714 F1400
G0 Z3.500
G0 X89.489 Y-183.889 F3500
G1 Z0.000 F900
G1 X89.465 Y-171.651 F1400
G0 Z3.500
G0 X91.235 Y-171.286 F3500
G1 Z0.000 F900
G1 X92.417 Y-169.733 F1400
G1 X93.756 Y-167.839 F1400
G0 Z3.500
G0 X93.829 Y-165.851 F3500
G1 Z0.000 F900
G1 X88.858 Y-166.518 F1400
G1 X83.867 Y-167.899 F1400
G0 Z3.500
G0 X83.940 Y-165.070 F3500
G1 Z0.000 F900
G1 X84.542 Y-164.450 F1400
G1 X85.310 Y-163.689 F1400
G0 Z3.500
G0 X84.259 Y-163.234 F3500
G1 Z0.000 F900
G1 X85.354 Y-162.523 F1400
G1 X85.759 Y-161.302 F1400
G0 Z3.500
G0 X85.512 Y-161.247 F3500
G1 Z0.000 F900
G1 X84.627 Y-160.447 F1400
G1 X83.738 Y-159.449 F1400
G0 Z3.500
G0 X83.413 Y-158.706 F3500
G1 Z0.000 F900
G1 X87.903 Y-159.337 F1400
G1 X92.748 Y-160.839 F1400
G0 Z3.500
G0 X92.879 Y-160.348 F3500
G1 Z0.000 F900
G1 X91.728 Y-161.116 F1400
G1 X91.152 Y-164.379 F1400
G0 Z3.500
G0 X91.530 Y-163.730 F3500
G1 Z0.000 F900
G1 X92.317 Y-162.302 F1400
G1 X93.845 Y-160.805 F1400
G0 Z3.500
G0 X93.071 Y-160.348 F3500
G1 Z0.000 F900
G1 X93.455 Y-160.924 F1400
G1 X93.455 Y-162.844 F1400
G1 X93.263 Y-163.036 F1400
G0 Z3.500
G0 X94.073 Y-163.490 F3500
G1 Z0.000 F900
G1 X94.244 Y-159.637 F1400
G0 Z3.500
G0 X93.986 Y-159.460 F3500
G1 Z0.000 F900
G1 X95.966 Y-154.403 F1400
G0 Z3.500
G0 X96.335 Y-154.589 F3500
G1 Z0.000 F900
G1 X95.951 Y-154.397 F1400
G1 X94.607 Y-155.741 F1400
G1 X94.607 Y-156.125 F1400
G1 X93.647 Y-157.853 F1400
G1 X93.071 Y-160.156 F1400
G0 Z3.500
G0 X93.336 Y-158.412 F3500
G1 Z0.000 F900
G1 X92.554 Y-163.956 F1400
G0 Z3.500
G0 X91.460 Y-162.309 F3500
G1 Z0.000 F900
G1 X90.370 Y-163.966 F1400
G1 X88.924 Y-166.066 F1400
G0 Z3.500
G0 X88.306 Y-165.379 F3500
G1 Z0.000 F900
G1 X81.879 Y-166.233 F1400
G1 X75.953 Y-167.603 F1400
G0 Z3.500
G0 X79.726 Y-168.566 F3500
G1 Z0.000 F900
G1 X78.874 Y-170.063 F1400
G1 X78.006 Y-170.943 F1400
G0 Z3.500
G0 X78.987 Y-170.382 F3500
G1 Z0.000 F900
G1 X80.446 Y-171.694 F1400
G1 X82.201 Y-173.350 F1400
G0 Z3.500
G0 X81.066 Y-172.033 F3500
G1 Z0.000 F900
G1 X80.315 Y-173.197 F1400
G1 X79.738 Y-174.003 F1400
G0 Z3.500
G0 X79.801 Y-174.025 F3500
G1 Z0.000 F900
G1 X79.125 Y-173.471 F1400
G1 X78.699 Y-173.162 F1400
G0 Z3.500
G0 X78.076 Y-172.621 F3500
G1 Z0.000 F900
G1 X78.984 Y-171.659 F1400
G1 X80.040 Y-169.576 F1400
G0 Z3.500
G0 X80.974 Y-170.354 F3500
G1 Z0.000 F900
G1 X85.602 Y-191.402 F1400
G0 Z3.500
G0 X83.343 Y-191.502 F3500
G1 Z0.000 F900
G1 X84.879 Y-190.087 F1400
G1 X86.291 Y-189.088 F1400
G0 Z3.500
G0 X83.200 Y-188.246 F3500
G1 Z0.000 F900
G1 X81.591 Y-183.901 F1400
G0 Z3.500
G0 X81.650 Y-185.540 F3500
G1 Z0.000 F900
G1 X82.741 Y-184.179 F1400
G1 X83.760 Y-183.532 F1400
G0 Z3.500
G0 X83.402 Y-184.574 F3500
G1 Z0.000 F900
G1 X84.214 Y-183.362 F1400
G1 X84.696 Y-182.578 F1400
G0 Z3.500
G0 X81.524 Y-182.003 F3500
G1 Z0.000 F900
G1 X80.476 Y-171.669 F1400
G0 Z3.500
G0 X79.732 Y-174.555 F3500
G1 Z0.000 F900
G1 X79.330 Y-175.838 F1400
G1 X78.768 Y-176.856 F1400
G0 Z3.500
G0 X77.714 Y-177.433 F3500
G1 Z0.000 F900
G1 X77.522 Y-178.585 F1400
G1 X78.098 Y-178.969 F1400
G0 Z3.500
G0 X78.346 Y-179.178 F3500
G1 Z0.000 F900
G1 X78.936 Y-179.438 F1400
G1 X79.386 Y-180.295 F1400
G0 Z3.500
G0 X79.293 Y-180.471 F3500
G1 Z0.000 F900
G1 X79.230 Y-181.170 F1400
G1 X78.823 Y-181.690 F1400
G0 Z3.500
G0 X78.290 Y-180.888 F3500
G1 Z0.000 F900
G1 X78.482 Y-181.080 F1400
G1 X78.482 Y-183.384 F1400
G1 X78.290 Y-184.344 F1400
G0 Z3.500
G0 X78.606 Y-184.353 F3500
G1 Z0.000 F900
G1 X77.430 Y-185.442 F1400
G1 X76.055 Y-186.638 F1400
G0 Z3.500
G0 X76.381 Y-186.060 F3500
G1 Z0.000 F900
G1 X76.953 Y-186.796 F1400
G1 X77.896 Y-187.618 F1400
G0 Z3.500
G0 X78.318 Y-188.354 F3500
G1 Z0.000 F900
G1 X78.718 Y-187.463 F1400
G1 X78.263 Y-186.476 F1400
G0 Z3.500
G0 X78.672 Y-186.473 F3500
G1 Z0.000 F900
G1 X73.923 Y-184.376 F1400
G1 X69.078 Y-181.830 F1400
G0 Z3.500
G0 X70.084 Y-181.589 F3500
G1 Z0.000 F900
G1 X71.540 Y-183.325 F1400
G1 X73.059 Y-185.179 F1400
G0 Z3.500
G0 X72.894 Y-184.875 F3500
G1 Z0.000 F900
G1 X73.186 Y-184.059 F1400
G1 X73.321 Y-182.661 F1400
G0 Z3.500
G0 X73.490 Y-183.321 F3500
G1 Z0.000 F900
G1 X72.970 Y-182.038 F1400
G1 X73.108 Y-181.143 F1400
G0 Z3.500
G0 X74.207 Y-179.574 F3500
G1 Z0.000 F900
G1 X75.055 Y-176.186 F1400
G0 Z3.500
G0 X74.581 Y-178.528 F3500
G1 Z0.000 F900
G1 X72.877 Y-177.136 F1400
G1 X72.017 Y-175.955 F1400
G0 Z3.500
G0 X72.842 Y-177.113 F3500
G1 Z0.000 F900
G1 X71.160 Y-181.431 F1400
G0 Z3.500
G0 X70.385 Y-181.375 F3500
G1 Z0.000 F900
G1 X72.076 Y-177.671 F1400
G0 Z3.500
G0 X73.785 Y-179.238 F3500
G1 Z0.000 F900
G1 X69.472 Y-186.920 F1400
G0 Z3.500
G0 X69.844 Y-186.647 F3500
G1 Z0.000 F900
G1 X69.652 Y-187.799 F1400
G1 X69.268 Y-188.375 F1400
G1 X66.388 Y-189.527 F1400
G0 Z3.500
G0 X65.436 Y-190.416 F3500
G1 Z0.000 F900
G1 X63.006 Y-188.783 F1400
G0 Z3.500
G0 X62.798 Y-187.939 F3500
G1 Z0.000 F900
G1 X61.463 Y-186.691 F1400
G1 X60.380 Y-185.739 F1400
G0 Z3.500
G0 X60.579 Y-185.291 F3500
G1 Z0.000 F900
G1 X59.943 Y-187.227 F1400
G1 X58.376 Y-189.156 F1400
G0 Z3.500
G0 X57.366 Y-190.871 F3500
G1 Z0.000 F900
G1 X56.982 Y-191.062 F1400
G1 X56.790 Y-191.638 F1400
G1 X56.982 Y-192.214 F1400
G0 Z3.500
G0 X57.034 Y-192.247 F3500
G1 Z0.000 F900
G1 X57.457 Y-193.604 F1400
G1 X58.082 Y-194.869 F1400
G0 Z3.500
G0 X58.518 Y-195.094 F3500
G1 Z0.000 F900
G1 X58.326 Y-194.134 F1400
G1 X57.942 Y-193.750 F1400
G0 Z3.500
G0 X58.084 Y-193.379 F3500
G1 Z0.000 F900
G1 X57.566 Y-194.733 F1400
G1 X57.032 Y-196.041 F1400
G0 Z3.500
G0 X58.078 Y-196.063 F3500
G1 Z0.000 F900
G1 X57.031 Y-196.955 F1400
G1 X56.270 Y-197.964 F1400
G0 Z3.500
G0 X55.254 Y-196.927 F3500
G1 Z0.000 F900
G1 X54.378 Y-196.466 F1400
G1 X53.335 Y-195.180 F1400
G0 Z3.500
G0 X54.040 Y-196.036 F3500
G1 Z0.000 F900
G1 X55.606 Y-194.072 F1400
G1 X56.852 Y-192.616 F1400
G0 Z3.500
G0 X57.253 Y-191.501 F3500
G1 Z0.000 F900
G1 X59.525 Y-195.093 F1400
G0 Z3.500
G0 X59.345 Y-195.123 F3500
G1 Z0.000 F900
G1 X61.376 Y-196.775 F1400
G0 Z3.500
G0 X62.029 Y-196.825 F3500
G1 Z0.000 F900
G1 X66.093 Y-195.343 F1400
G0 Z3.500
G0 X66.580 Y-195.286 F3500
G1 Z0.000 F900
G1 X67.732 Y-196.629 F1400
G0 Z3.500
G0 X67.518 Y-196.709 F3500
G1 Z0.000 F900
G1 X65.301 Y-195.907 F1400
G0 Z3.500
G0 X64.978 Y-196.256 F3500
G1 Z0.000 F900
G1 X67.181 Y-197.839 F1400
G1 X68.951 Y-199.691 F1400
G0 Z3.500
G0 X68.526 Y-198.865 F3500
G1 Z0.000 F900
G1 X68.839 Y-197.018 F1400
G1 X69.241 Y-194.778 F1400
G0 Z3.500
G0 X68.859 Y-195.908 F3500
G1 Z0.000 F900
G1 X68.655 Y-197.621 F1400
G0 Z3.500
G0 X68.853 Y-197.743 F3500
G1 Z0.000 F900
G1 X65.882 Y-200.346 F1400
G0 Z3.500
G0 X65.544 Y-199.792 F3500
G1 Z0.000 F900
G1 X64.791 Y-202.422 F1400
G0 Z3.500
G0 X64.824 Y-202.620 F3500
G1 Z0.000 F900
G1 X65.468 Y-200.438 F1400
G1 X66.033 Y-198.702 F1400
G0 Z3.500
G0 X65.812 Y-198.357 F3500
G1 Z0.000 F900
G1 X64.661 Y-197.205 F1400
G0 Z3.500
G0 X64.135 Y-196.932 F3500
G1 Z0.000 F900
G1 X65.805 Y-198.092 F1400
G1 X67.106 Y-199.399 F1400
G0 Z3.500
G0 X67.681 Y-199.454 F3500
G1 Z0.000 F900
G1 X67.035 Y-200.287 F1400
G1 X66.248 Y-201.100 F1400
G0 Z3.500
G0 X67.646 Y-201.520 F3500
G1 Z0.000 F900
G1 X68.176 Y-199.254 F1400
G1 X67.434 Y-197.497 F1400
G0 Z3.500
G0 X67.348 Y-197.589 F3500
G1 Z0.000 F900
G1 X66.196 Y-196.438 F1400
G1 X65.621 Y-196.438 F1400
G0 Z3.500
G0 X64.356 Y-195.851 F3500
G1 Z0.000 F900
G1 X65.891 Y-194.147 F1400
G1 X67.269 Y-192.417 F1400
G0 Z3.500
G0 X67.719 Y-192.767 F3500
G1 Z0.000 F900
G1 X67.837 Y-191.953 F1400
G1 X68.129 Y-190.126 F1400
G0 Z3.500
G0 X66.484 Y-191.096 F3500
G1 Z0.000 F900
G1 X65.292 Y-192.214 F1400
G1 X64.373 Y-193.332 F1400
G0 Z3.500
G0 X65.178 Y-193.961 F3500
G1 Z0.000 F900
G1 X67.827 Y-195.139 F1400
G0 Z3.500
G0 X68.116 Y-195.286 F3500
G1 Z0.000 F900
G1 X67.732 Y-194.710 F1400
G1 X66.964 Y-194.518 F1400
G0 Z3.500
G0 X66.256 Y-193.873 F3500
G1 Z0.000 F900
G1 X63.177 Y-193.622 F1400
G0 Z3.500
G0 X63.373 Y-193.870 F3500
G1 Z0.000 F900
G1 X63.886 Y-192.418 F1400
G1 X64.797 Y-190.942 F1400
G0 Z3.500
G0 X65.033 Y-191.576 F3500
G1 Z0.000 F900
G1 X66.264 Y-188.903 F1400
G1 X67.360 Y-187.094 F1400
G0 Z3.500
G0 X67.142 Y-186.337 F3500
G1 Z0.000 F900
G1 X65.925 Y-184.924 F1400
G1 X64.099 Y-183.503 F1400
G0 Z3.500
G0 X63.219 Y-183.694 F3500
G1 Z0.000 F900
G1 X62.036 Y-185.338 F1400
G1 X60.728 Y-186.913 F1400
G0 Z3.500
G0 X61.397 Y-187.607 F3500
G1 Z0.000 F900
G1 X59.862 Y-188.567 F1400
G1 X58.902 Y-190.295 F1400
G1 X57.942 Y-191.254 F1400
G0 Z3.500
G0 X58.405 Y-192.516 F3500
G1 Z0.000 F900
G1 X57.856 Y-193.091 F1400
G1 X57.095 Y-193.832 F1400
G0 Z3.500
G0 X56.598 Y-194.902 F3500
G1 Z0.000 F900
G1 X56.982 Y-195.286 F1400
G1 X57.942 Y-195.478 F1400
G0 Z3.500
G0 X58.134 Y-195.670 F3500
G1 Z0.000 F900
G1 X58.518 Y-196.054 F1400
G1 X58.518 Y-196.438 F1400
G1 X59.286 Y-197.013 F1400
G0 Z3.500
G0 X59.220 Y-196.997 F3500
G1 Z0.000 F900
G1 X58.746 Y-195.781 F1400
G1 X58.968 Y-195.110 F1400
G0 Z3.500
G0 X58.710 Y-195.286 F3500
G1 Z0.000 F900
G1 X59.478 Y-195.862 F1400
G1 X59.670 Y-196.821 F1400
G0 Z3.500
G0 X60.223 Y-197.475 F3500
G1 Z0.000 F900
G1 X59.856 Y-198.339 F1400
G1 X59.884 Y-199.240 F1400
G0 Z3.500
G0 X59.729 Y-198.553 F3500
G1 Z0.000 F900
G1 X60.159 Y-197.887 F1400
G1 X60.378 Y-197.393 F1400
G0 Z3.500
G0 X61.403 Y-197.574 F3500
G1 Z0.000 F900
G1 X61.174 Y-195.416 F1400
G1 X60.624 Y-193.765 F1400
G0 Z3.500
G0 X60.630 Y-193.747 F3500
G1 Z0.000 F900
G1 X60.997 Y-192.350 F1400
G1 X61.781 Y-190.681 F1400
G0 Z3.500
G0 X60.585 Y-190.732 F3500
G1 Z0.000 F900
G1 X61.183 Y-192.393 F1400
G1 X61.825 Y-194.080 F1400
G0 Z3.500
G0 X61.955 Y-194.412 F3500
G1 Z0.000 F900
G1 X62.994 Y-192.719 F1400
G1 X64.295 Y-191.553 F1400
G0 Z3.500
G0 X63.587 Y-194.654 F3500
G1 Z0.000 F900
G1 X65.494 Y-196.601 F1400
G1 X67.270 Y-198.221 F1400
G0 Z3.500
G0 X67.348 Y-197.781 F3500
G1 Z0.000 F900
G1 X66.964 Y-198.165 F1400
G1 X65.812 Y-198.357 F1400
G0 Z3.500
G0 X66.573 Y-198.829 F3500
G1 Z0.000 F900
G1 X66.039 Y-200.502 F1400
G1 X66.203 Y-202.876 F1400
G0 Z3.500
G0 X66.252 Y-203.059 F3500
G1 Z0.000 F900
G1 X65.096 Y-204.508 F1400
G1 X63.838 Y-205.941 F1400
G0 Z3.500
G0 X63.339 Y-205.455 F3500
G1 Z0.000 F900
G1 X61.414 Y-203.453 F1400
G1 X59.840 Y-202.010 F1400
G0 Z3.500
G0 X59.862 Y-202.196 F3500
G1 Z0.000 F900
G1 X56.982 Y-202.772 F1400
G1 X56.022 Y-203.348 F1400
G0 Z3.500
G0 X56.022 Y-203.348 F3500
G1 Z0.000 F900
G1 X55.638 Y-203.732 F1400
G1 X54.679 Y-203.924 F1400
G0 Z3.500
G0 X54.487 Y-203.732 F3500
G1 Z0.000 F900
G1 X54.487 Y-202.964 F1400
G1 X53.911 Y-202.004 F1400
G0 Z3.500
G0 X54.295 Y-201.429 F3500
G1 Z0.000 F900
G1 X55.062 Y-201.237 F1400
G1 X55.638 Y-200.661 F1400
G0 Z3.500
G0 X55.721 Y-201.576 F3500
G1 Z0.000 F900
G1 X56.026 Y-203.135 F1400
G1 X55.556 Y-204.737 F1400
G0 Z3.500
G0 X55.567 Y-204.930 F3500
G1 Z0.000 F900
G1 X56.154 Y-205.796 F1400
G1 X56.093 Y-206.758 F1400
G0 Z3.500
G0 X55.715 Y-206.621 F3500
G1 Z0.000 F900
G1 X51.540 Y-212.376 F1400
G0 Z3.500
G0 X51.223 Y-212.754 F3500
G1 Z0.000 F900
G1 X51.607 Y-212.754 F1400
G1 X52.183 Y-212.179 F1400
G1 X53.719 Y-209.683 F1400
G1 X55.638 Y-207.571 F1400
G0 Z3.500
G0 X56.022 Y-207.571 F3500
G1 Z0.000 F900
G1 X56.406 Y-207.571 F1400
G1 X57.750 Y-206.036 F1400
G1 X58.518 Y-205.844 F1400
G1 X59.286 Y-205.268 F1400
G1 X60.246 Y-205.268 F1400
G1 X61.205 Y-204.884 F1400
G0 Z3.500
G0 X61.397 Y-204.692 F3500
G1 Z0.000 F900
G1 X63.317 Y-204.500 F1400
G0 Z3.500
G0 X63.661 Y-204.299 F3500
G1 Z0.000 F900
G1 X65.137 Y-206.591 F1400
G1 X66.428 Y-208.157 F1400
G0 Z3.500
G0 X66.867 Y-206.297 F3500
G1 Z0.000 F900
G1 X66.990 Y-204.572 F1400
G1 X68.213 Y-203.087 F1400
G0 Z3.500
G0 X68.534 Y-203.176 F3500
G1 Z0.000 F900
G1 X69.436 Y-202.148 F1400
G1 X70.385 Y-201.217 F1400
G0 Z3.500
G0 X70.346 Y-201.411 F3500
G1 Z0.000 F900
G1 X71.169 Y-199.930 F1400
G1 X72.413 Y-198.759 F1400
G0 Z3.500
G0 X72.310 Y-198.464 F3500
G1 Z0.000 F900
G1 X76.562 Y-201.440 F1400
G0 Z3.500
G0 X76.179 Y-201.812 F3500
G1 Z0.000 F900
G1 X74.067 Y-199.893 F1400
G1 X72.531 Y-198.933 F1400
G1 X70.996 Y-198.549 F1400
G1 X70.420 Y-197.973 F1400
G0 Z3.500
G0 X70.420 Y-197.781 F3500
G1 Z0.000 F900
G1 X71.188 Y-196.629 F1400
G1 X72.147 Y-196.054 F1400
G1 X72.339 Y-195.670 F1400
G0 Z3.500
G0 X72.531 Y-195.478 F3500
G1 Z0.000 F900
G1 X73.491 Y-195.670 F1400
G1 X74.835 Y-194.710 F1400
G1 X76.371 Y-194.518 F1400
G0 Z3.500
G0 X76.379 Y-194.613 F3500
G1 Z0.000 F900
G1 X69.889 Y-198.915 F1400
G0 Z3.500
G0 X69.988 Y-199.400 F3500
G1 Z0.000 F900
G1 X69.266 Y-200.158 F1400
G1 X67.779 Y-201.537 F1400
G0 Z3.500
G0 X68.044 Y-201.175 F3500
G1 Z0.000 F900
G1 X67.208 Y-202.150 F1400
G1 X66.268 Y-203.218 F1400
G0 Z3.500
G0 X66.557 Y-203.551 F3500
G1 Z0.000 F900
G1 X70.098 Y-202.797 F1400
G0 Z3.500
G0 X70.355 Y-202.264 F3500
G1 Z0.000 F900
G1 X72.264 Y-202.406 F1400
G0 Z3.500
G0 X72.294 Y-202.557 F3500
G1 Z0.000 F900
G1 X74.522 Y-203.820 F1400
G0 Z3.500
G0 X74.643 Y-203.732 F3500
G1 Z0.000 F900
G1 X73.683 Y-203.924 F1400
G1 X73.299 Y-203.540 F1400
G0 Z3.500
G0 X73.364 Y-203.563 F3500
G1 Z0.000 F900
G1 X73.367 Y-202.222 F1400
G1 X73.618 Y-201.213 F1400
G0 Z3.500
G0 X73.683 Y-202.580 F3500
G1 Z0.000 F900
G1 X73.107 Y-201.621 F1400
G1 X71.379 Y-201.429 F1400
G0 Z3.500
G0 X71.892 Y-201.578 F3500
G1 Z0.000 F900
G1 X72.887 Y-200.141 F1400
G1 X73.555 Y-198.207 F1400
G0 Z3.500
G0 X73.484 Y-198.052 F3500
G1 Z0.000 F900
G1 X74.412 Y-196.591 F1400
G1 X75.417 Y-195.207 F1400
G0 Z3.500
G0 X75.590 Y-196.101 F3500
G1 Z0.000 F900
G1 X75.010 Y-194.847 F1400
G1 X74.847 Y-193.318 F1400
G0 Z3.500
G0 X74.902 Y-193.237 F3500
G1 Z0.000 F900
G1 X79.037 Y-191.189 F1400
G0 Z3.500
G0 X78.866 Y-191.254 F3500
G1 Z0.000 F900
G1 X79.058 Y-191.062 F1400
G1 X79.058 Y-189.719 F1400
G1 X78.098 Y-189.335 F1400
G0 Z3.500
G0 X77.906 Y-189.143 F3500
G1 Z0.000 F900
G1 X78.098 Y-188.375 F1400
G1 X78.098 Y-184.728 F1400
G0 Z3.500
G0 X79.160 Y-184.803 F3500
G1 Z0.000 F900
G1 X79.080 Y-183.806 F1400
G1 X78.957 Y-182.733 F1400
G0 Z3.500
G0 X78.521 Y-182.935 F3500
G1 Z0.000 F900
G1 X78.691 Y-188.449 F1400
G0 Z3.500
G0 X79.730 Y-187.719 F3500
G1 Z0.000 F900
G1 X82.219 Y-195.523 F1400
G0 Z3.500
G0 X81.488 Y-196.370 F3500
G1 Z0.000 F900
G1 X82.810 Y-198.295 F1400
G0 Z3.500
G0 X83.665 Y-197.973 F3500
G1 Z0.000 F900
G1 X84.049 Y-197.973 F1400
G1 X85.009 Y-198.933 F1400
G0 Z3.500
G0 X84.113 Y-198.455 F3500
G1 Z0.000 F900
G1 X83.813 Y-198.883 F1400
G1 X83.601 Y-199.795 F1400
G0 Z3.500
G0 X82.461 Y-201.492 F3500
G1 Z0.000 F900
G1 X80.719 Y-202.910 F1400
G0 Z3.500
G0 X80.968 Y-201.494 F3500
G1 Z0.000 F900
G1 X79.319 Y-203.439 F1400
G0 Z3.500
G0 X76.902 Y-205.023 F3500
G1 Z0.000 F900
G1 X71.472 Y-209.064 F1400
G0 Z3.500
G0 X73.107 Y-209.107 F3500
G1 Z0.000 F900
G1 X73.683 Y-208.147 F1400
G1 X74.259 Y-208.147 F1400
G0 Z3.500
G0 X73.968 Y-208.326 F3500
G1 Z0.000 F900
G1 X73.609 Y-206.382 F1400
G1 X73.015 Y-204.898 F1400
G0 Z3.500
G0 X72.521 Y-205.019 F3500
G1 Z0.000 F900
G1 X73.775 Y-203.879 F1400
G0 Z3.500
G0 X72.723 Y-203.732 F3500
G1 Z0.000 F900
G1 X72.339 Y-204.308 F1400
G1 X71.571 Y-204.308 F1400
G1 X71.188 Y-203.732 F1400
G0 Z3.500
G0 X70.996 Y-202.580 F3500
G1 Z0.000 F900
G1 X70.228 Y-202.388 F1400
G1 X69.652 Y-201.812 F1400
G0 Z3.500
G0 X70.466 Y-202.184 F3500
G1 Z0.000 F900
G1 X69.942 Y-201.395 F1400
G1 X69.990 Y-200.674 F1400
G0 Z3.500
G0 X70.732 Y-201.208 F3500
G1 Z0.000 F900
G1 X70.013 Y-199.638 F1400
G0 Z3.500
G0 X70.993 Y-199.817 F3500
G1 Z0.000 F900
G1 X69.865 Y-198.456 F1400
G1 X68.311 Y-197.282 F1400
G0 Z3.500
G0 X67.673 Y-197.404 F3500
G1 Z0.000 F900
G1 X67.174 Y-195.661 F1400
G0 Z3.500
G0 X67.647 Y-195.748 F3500
G1 Z0.000 F900
G1 X67.605 Y-196.896 F1400
G1 X67.050 Y-197.511 F1400
G0 Z3.500
G0 X66.653 Y-197.922 F3500
G1 Z0.000 F900
G1 X67.178 Y-198.320 F1400
G1 X66.508 Y-199.560 F1400
G0 Z3.500
G0 X68.021 Y-199.991 F3500
G1 Z0.000 F900
G1 X66.671 Y-202.564 F1400
G0 Z3.500
G0 X66.772 Y-202.580 F3500
G1 Z0.000 F900
G1 X65.621 Y-203.540 F1400
G0 Z3.500
G0 X65.621 Y-203.540 F3500
G1 Z0.000 F900
G1 X65.045 Y-204.500 F1400
G1 X63.701 Y-205.076 F1400
G0 Z3.500
G0 X62.874 Y-205.564 F3500
G1 Z0.000 F900
G1 X62.864 Y-204.148 F1400
G1 X62.224 Y-202.284 F1400
G0 Z3.500
G0 X61.812 Y-201.969 F3500
G1 Z0.000 F900
G1 X63.374 Y-203.559 F1400
G1 X65.206 Y-205.495 F1400
G0 Z3.500
G0 X63.627 Y-204.036 F3500
G1 Z0.000 F900
G1 X58.733 Y-205.151 F1400
G0 Z3.500
G0 X58.753 Y-205.013 F3500
G1 Z0.000 F900
G1 X56.474 Y-206.510 F1400
G0 Z3.500
G0 X56.750 Y-206.735 F3500
G1 Z0.000 F900
G1 X54.548 Y-208.605 F1400
G0 Z3.500
G0 X54.504 Y-209.253 F3500
G1 Z0.000 F900
G1 X53.739 Y-211.724 F1400
G1 X52.934 Y-213.953 F1400
G0 Z3.500
G0 X53.275 Y-213.657 F3500
G1 Z0.000 F900
G1 X52.001 Y-215.006 F1400
G1 X50.707 Y-216.843 F1400
G0 Z3.500
G0 X50.660 Y-215.904 F3500
G1 Z0.000 F900
G1 X51.297 Y-214.412 F1400
G1 X51.787 Y-213.061 F1400
G0 Z3.500
G0 X52.067 Y-212.406 F3500
G1 Z0.000 F900
G1 X57.864 Y-206.438 F1400
G0 Z3.500
G0 X58.152 Y-206.560 F3500
G1 Z0.000 F900
G1 X62.430 Y-205.008 F1400
G0 Z3.500
G0 X61.940 Y-204.862 F3500
G1 Z0.000 F900
G1 X62.827 Y-202.928 F1400
G1 X64.310 Y-200.683 F1400
G0 Z3.500
G0 X64.169 Y-200.290 F3500
G1 Z0.000 F900
G1 X65.192 Y-201.847 F1400
G1 X67.072 Y-203.335 F1400
G0 Z3.500
G0 X67.200 Y-202.801 F3500
G1 Z0.000 F900
G1 X57.376 Y-209.090 F1400
G0 Z3.500
G0 X57.174 Y-208.531 F3500
G1 Z0.000 F900
G1 X57.366 Y-208.723 F1400
G1 X58.518 Y-208.723 F1400
G1 X59.670 Y-208.147 F1400
G1 X61.013 Y-207.955 F1400
G0 Z3.500
G0 X61.205 Y-207.955 F3500
G1 Z0.000 F900
G1 X61.397 Y-208.723 F1400
G1 X61.205 Y-209.683 F1400
G1 X60.629 Y-210.643 F1400
G1 X60.054 Y-212.946 F1400
G0 Z3.500
G0 X60.054 Y-213.138 F3500
G1 Z0.000 F900
G1 X61.013 Y-213.714 F1400
G1 X60.821 Y-216.594 F1400
G1 X60.246 Y-218.321 F1400
G0 Z3.500
G0 X60.054 Y-218.513 F3500
G1 Z0.000 F900
G1 X59.286 Y-220.433 F1400
G0 Z3.500
G0 X59.286 Y-220.625 F3500
G1 Z0.000 F900
G1 X59.862 Y-221.201 F1400
G1 X61.397 Y-221.201 F1400
G1 X62.165 Y-221.969 F1400
G0 Z3.500
G0 X62.165 Y-221.969 F3500
G1 Z0.000 F900
G1 X61.013 Y-222.929 F1400
G1 X60.054 Y-222.929 F1400
G1 X58.902 Y-223.312 F1400
G1 X58.518 Y-223.121 F1400
G0 Z3.500
G0 X58.326 Y-223.312 F3500
G1 Z0.000 F900
G1 X57.366 Y-224.272 F1400
G1 X56.790 Y-224.272 F1400
G1 X56.022 Y-223.312 F1400
G1 X56.022 Y-222.353 F1400
G1 X56.214 Y-222.161 F1400
G0 Z3.500
G0 X56.022 Y-221.969 F3500
G1 Z0.000 F900
G1 X55.446 Y-221.777 F1400
G1 X54.871 Y-220.817 F1400
G0 Z3.500
G0 X54.983 Y-220.725 F3500
G1 Z0.000 F900
G1 X53.763 Y-219.273 F1400
G1 X52.455 Y-218.221 F1400
G0 Z3.500
G0 X52.671 Y-218.034 F3500
G1 Z0.000 F900
G1 X51.873 Y-219.628 F1400
G1 X51.695 Y-220.913 F1400
G0 Z3.500
G0 X52.941 Y-220.786 F3500
G1 Z0.000 F900
G1 X51.567 Y-221.649 F1400
G1 X51.425 Y-222.383 F1400
G0 Z3.500
G0 X53.510 Y-220.277 F3500
G1 Z0.000 F900
G1 X53.471 Y-219.551 F1400
G1 X53.544 Y-218.669 F1400
G0 Z3.500
G0 X52.987 Y-218.359 F3500
G1 Z0.000 F900
G1 X53.048 Y-216.605 F1400
G1 X53.299 Y-214.828 F1400
G0 Z3.500
G0 X53.719 Y-214.482 F3500
G1 Z0.000 F900
G1 X54.295 Y-213.330 F1400
G1 X55.446 Y-212.179 F1400
G0 Z3.500
G0 X55.638 Y-212.179 F3500
G1 Z0.000 F900
G1 X57.366 Y-212.562 F1400
G0 Z3.500
G0 X57.366 Y-212.754 F3500
G1 Z0.000 F900
G1 X56.214 Y-214.674 F1400
G0 Z3.500
G0 X56.114 Y-215.229 F3500
G1 Z0.000 F900
G1 X55.458 Y-213.624 F1400
G1 X55.547 Y-212.968 F1400
G0 Z3.500
G0 X55.526 Y-211.875 F3500
G1 Z0.000 F900
G1 X53.727 Y-213.311 F1400
G1 X52.295 Y-214.786 F1400
G0 Z3.500
G0 X51.607 Y-214.098 F3500
G1 Z0.000 F900
G1 X53.143 Y-213.906 F1400
G1 X53.719 Y-214.482 F1400
G0 Z3.500
G0 X53.911 Y-215.058 F3500
G1 Z0.000 F900
G1 X55.638 Y-215.250 F1400
G0 Z3.500
G0 X55.882 Y-215.511 F3500
G1 Z0.000 F900
G1 X59.457 Y-210.694 F1400
G0 Z3.500
G0 X59.094 Y-210.451 F3500
G1 Z0.000 F900
G1 X57.558 Y-212.562 F1400
G0 Z3.500
G0 X56.885 Y-212.603 F3500
G1 Z0.000 F900
G1 X55.845 Y-211.813 F1400
G1 X55.160 Y-211.370 F1400
G0 Z3.500
G0 X55.497 Y-210.547 F3500
G1 Z0.000 F900
G1 X52.997 Y-213.364 F1400
G0 Z3.500
G0 X53.141 Y-212.219 F3500
G1 Z0.000 F900
G1 X51.944 Y-217.387 F1400
G0 Z3.500
G0 X52.951 Y-217.170 F3500
G1 Z0.000 F900
G1 X51.415 Y-216.018 F1400
G1 X51.415 Y-214.290 F1400
G0 Z3.500
G0 X50.826 Y-213.383 F3500
G1 Z0.000 F900
G1 X51.555 Y-219.201 F1400
G0 Z3.500
G0 X51.355 Y-219.199 F3500
G1 Z0.000 F900
G1 X56.604 Y-224.508 F1400
G0 Z3.500
G0 X55.595 Y-224.342 F3500
G1 Z0.000 F900
G1 X55.505 Y-223.221 F1400
G1 X56.449 Y-221.515 F1400
G0 Z3.500
G0 X57.174 Y-221.585 F3500
G1 Z0.000 F900
G1 X57.174 Y-221.201 F1400
G1 X56.598 Y-220.625 F1400
G1 X56.598 Y-220.049 F1400
G0 Z3.500
G0 X56.372 Y-220.684 F3500
G1 Z0.000 F900
G1 X55.502 Y-221.930 F1400
G1 X55.289 Y-222.485 F1400
G0 Z3.500
G0 X55.402 Y-222.137 F3500
G1 Z0.000 F900
G1 X55.252 Y-220.511 F1400
G1 X55.875 Y-219.113 F1400
G0 Z3.500
G0 X55.446 Y-219.281 F3500
G1 Z0.000 F900
G1 X54.103 Y-217.938 F1400
G0 Z3.500
G0 X54.295 Y-217.746 F3500
G1 Z0.000 F900
G1 X55.446 Y-217.170 F1400
G1 X55.446 Y-216.594 F1400
G0 Z3.500
G0 X55.254 Y-216.402 F3500
G1 Z0.000 F900
G1 X54.487 Y-216.210 F1400
G1 X53.719 Y-215.442 F1400
G0 Z3.500
G0 X53.527 Y-215.634 F3500
G1 Z0.000 F900
G1 X53.143 Y-217.170 F1400
G0 Z3.500
G0 X52.847 Y-216.758 F3500
G1 Z0.000 F900
G1 X51.737 Y-217.657 F1400
G1 X51.136 Y-218.349 F1400
G0 Z3.500
G0 X53.143 Y-217.938 F3500
G1 Z0.000 F900
G1 X53.719 Y-220.049 F1400
G1 X54.679 Y-220.625 F1400
G0 Z3.500
G0 X55.415 Y-220.403 F3500
G1 Z0.000 F900
G1 X55.351 Y-218.489 F1400
G1 X55.478 Y-217.392 F1400
G0 Z3.500
G0 X56.364 Y-216.964 F3500
G1 Z0.000 F900
G1 X56.541 Y-216.190 F1400
G1 X56.832 Y-215.072 F1400
G0 Z3.500
G0 X57.353 Y-213.604 F3500
G1 Z0.000 F900
G1 X55.774 Y-215.180 F1400
G1 X53.924 Y-216.896 F1400
G0 Z3.500
G0 X54.442 Y-217.704 F3500
G1 Z0.000 F900
G1 X56.370 Y-210.319 F1400
G0 Z3.500
G0 X54.974 Y-209.981 F3500
G1 Z0.000 F900
G1 X55.538 Y-207.969 F1400
G1 X56.302 Y-205.930 F1400
G0 Z3.500
G0 X56.113 Y-205.630 F3500
G1 Z0.000 F900
G1 X55.268 Y-206.657 F1400
G1 X54.396 Y-207.594 F1400
G0 Z3.500
G0 X53.852 Y-206.894 F3500
G1 Z0.000 F900
G1 X52.056 Y-208.791 F1400
G1 X50.514 Y-210.169 F1400
G0 Z3.500
G0 X50.263 Y-210.493 F3500
G1 Z0.000 F900
G1 X50.273 Y-211.808 F1400
G1 X49.880 Y-213.096 F1400
G0 Z3.500
G0 X50.487 Y-212.786 F3500
G1 Z0.000 F900
G1 X55.299 Y-204.291 F1400
G0 Z3.500
G0 X55.312 Y-204.505 F3500
G1 Z0.000 F900
G1 X58.712 Y-203.247 F1400
G0 Z3.500
G0 X58.187 Y-203.260 F3500
G1 Z0.000 F900
G1 X59.045 Y-202.204 F1400
G1 X60.385 Y-200.749 F1400
G0 Z3.500
G0 X59.304 Y-201.594 F3500
G1 Z0.000 F900
G1 X62.913 Y-201.203 F1400
G0 Z3.500
G0 X62.702 Y-201.531 F3500
G1 Z0.000 F900
G1 X61.552 Y-202.482 F1400
G1 X60.477 Y-204.014 F1400
G0 Z3.500
G0 X61.083 Y-204.346 F3500
G1 Z0.000 F900
G1 X60.767 Y-203.285 F1400
G1 X60.560 Y-202.734 F1400
G0 Z3.500
G0 X60.246 Y-202.196 F3500
G1 Z0.000 F900
G1 X62.165 Y-202.196 F1400
G1 X63.317 Y-202.580 F1400
G0 Z3.500
G0 X62.686 Y-202.824 F3500
G1 Z0.000 F900
G1 X59.548 Y-203.066 F1400
G0 Z3.500
G0 X59.580 Y-203.015 F3500
G1 Z0.000 F900
G1 X58.935 Y-203.981 F1400
G1 X58.607 Y-204.834 F1400
G0 Z3.500
G0 X59.405 Y-205.291 F3500
G1 Z0.000 F900
G1 X59.873 Y-205.919 F1400
G1 X60.702 Y-206.396 F1400
G0 Z3.500
G0 X60.349 Y-206.145 F3500
G1 Z0.000 F900
G1 X60.317 Y-206.804 F1400
G1 X60.142 Y-207.462 F1400
G0 Z3.500
G0 X60.226 Y-207.349 F3500
G1 Z0.000 F900
G1 X60.972 Y-206.121 F1400
G1 X61.801 Y-205.490 F1400
G0 Z3.500
G0 X63.125 Y-206.420 F3500
G1 Z0.000 F900
G1 X62.741 Y-206.804 F1400
G1 X62.165 Y-206.804 F1400
G1 X61.205 Y-207.763 F1400
G0 Z3.500
G0 X61.527 Y-208.320 F3500
G1 Z0.000 F900
G1 X58.045 Y-209.341 F1400
G0 Z3.500
G0 X56.736 Y-208.695 F3500
G1 Z0.000 F900
G1 X56.046 Y-209.642 F1400
G1 X54.925 Y-210.287 F1400
G0 Z3.500
G0 X54.034 Y-209.139 F3500
G1 Z0.000 F900
G1 X53.177 Y-207.189 F1400
G1 X53.020 Y-205.236 F1400
G0 Z3.500
G0 X52.463 Y-205.473 F3500
G1 Z0.000 F900
G1 X52.310 Y-203.418 F1400
G1 X52.671 Y-201.607 F1400
G0 Z3.500
G0 X52.734 Y-201.582 F3500
G1 Z0.000 F900
G1 X51.544 Y-202.683 F1400
G1 X50.480 Y-203.963 F1400
G0 Z3.500
G0 X51.653 Y-205.293 F3500
G1 Z0.000 F900
G1 X52.314 Y-204.249 F1400
G1 X53.097 Y-202.555 F1400
G0 Z3.500
G0 X52.951 Y-202.580 F3500
G1 Z0.000 F900
G1 X52.759 Y-203.924 F1400
G1 X53.335 Y-204.500 F1400
G0 Z3.500
G0 X53.335 Y-204.500 F3500
G1 Z0.000 F900
G1 X52.375 Y-205.652 F1400
G1 X51.223 Y-207.955 F1400
G1 X51.031 Y-210.451 F1400
G1 X50.839 Y-210.643 F1400
G1 X51.031 Y-212.562 F1400
G0 Z3.500
G0 X50.795 Y-212.900 F3500
G1 Z0.000 F900
G1 X49.880 Y-207.853 F1400
G0 Z3.500
G0 X49.914 Y-207.549 F3500
G1 Z0.000 F900
G1 X50.131 Y-209.094 F1400
G1 X50.612 Y-210.665 F1400
G0 Z3.500
G0 X51.280 Y-210.487 F3500
G1 Z0.000 F900
G1 X52.523 Y-209.745 F1400
G1 X53.470 Y-208.495 F1400
G0 Z3.500
G0 X53.011 Y-207.314 F3500
G1 Z0.000 F900
G1 X53.200 Y-206.763 F1400
G1 X53.659 Y-205.526 F1400
G0 Z3.500
G0 X53.498 Y-206.673 F3500
G1 Z0.000 F900
G1 X54.658 Y-204.156 F1400
G1 X55.092 Y-202.327 F1400
G0 Z3.500
G0 X54.959 Y-203.004 F3500
G1 Z0.000 F900
G1 X58.732 Y-201.526 F1400
G0 Z3.500
G0 X59.049 Y-199.663 F3500
G1 Z0.000 F900
G1 X58.246 Y-198.277 F1400
G1 X57.986 Y-197.435 F1400
G0 Z3.500
G0 X57.530 Y-194.960 F3500
G1 Z0.000 F900
G1 X59.439 Y-193.201 F1400
G1 X60.658 Y-191.388 F1400
G0 Z3.500
G0 X59.900 Y-191.880 F3500
G1 Z0.000 F900
G1 X62.018 Y-195.606 F1400
G0 Z3.500
G0 X62.357 Y-194.710 F3500
G1 Z0.000 F900
G1 X61.589 Y-194.134 F1400
G1 X61.397 Y-192.982 F1400
G0 Z3.500
G0 X61.265 Y-193.305 F3500
G1 Z0.000 F900
G1 X61.101 Y-194.718 F1400
G1 X60.762 Y-195.731 F1400
G0 Z3.500
G0 X63.590 Y-198.476 F3500
G1 Z0.000 F900
G1 X63.220 Y-199.303 F1400
G1 X63.044 Y-199.774 F1400
G0 Z3.500
G0 X64.469 Y-201.621 F3500
G1 Z0.000 F900
G1 X65.237 Y-202.196 F1400
G1 X65.045 Y-202.964 F1400
G0 Z3.500
G0 X66.545 Y-203.593 F3500
G1 Z0.000 F900
G1 X61.933 Y-208.340 F1400
G0 Z3.500
G0 X62.257 Y-208.149 F3500
G1 Z0.000 F900
G1 X58.879 Y-217.199 F1400
G0 Z3.500
G0 X58.518 Y-216.018 F3500
G1 Z0.000 F900
G1 X58.518 Y-216.594 F1400
G1 X58.134 Y-216.978 F1400
G1 X57.366 Y-216.978 F1400
G0 Z3.500
G0 X57.611 Y-217.142 F3500
G1 Z0.000 F900
G1 X58.517 Y-214.173 F1400
G0 Z3.500
G0 X58.999 Y-214.339 F3500
G1 Z0.000 F900
G1 X60.931 Y-208.504 F1400
G0 Z3.500
G0 X60.665 Y-208.220 F3500
G1 Z0.000 F900
G1 X60.998 Y-209.597 F1400
G1 X60.978 Y-211.146 F1400
G0 Z3.500
G0 X60.935 Y-211.005 F3500
G1 Z0.000 F900
G1 X61.917 Y-211.686 F1400
G1 X62.627 Y-212.585 F1400
G0 Z3.500
G0 X63.300 Y-212.678 F3500
G1 Z0.000 F900
G1 X61.799 Y-214.166 F1400
G1 X60.263 Y-215.518 F1400
G0 Z3.500
G0 X60.231 Y-215.549 F3500
G1 Z0.000 F900
G1 X57.935 Y-222.463 F1400
G0 Z3.500
G0 X58.094 Y-222.361 F3500
G1 Z0.000 F900
G1 X60.143 Y-223.761 F1400
G1 X61.630 Y-225.416 F1400
G0 Z3.500
G0 X61.281 Y-225.878 F3500
G1 Z0.000 F900
G1 X61.756 Y-223.771 F1400
G1 X62.282 Y-221.899 F1400
G0 Z3.500
G0 X62.930 Y-223.017 F3500
G1 Z0.000 F900
G1 X64.276 Y-221.829 F1400
G1 X64.856 Y-220.153 F1400
G0 Z3.500
G0 X64.787 Y-219.913 F3500
G1 Z0.000 F900
G1 X65.175 Y-219.181 F1400
G1 X65.302 Y-218.265 F1400
G0 Z3.500
G0 X65.819 Y-218.219 F3500
G1 Z0.000 F900
G1 X65.589 Y-216.937 F1400
G1 X65.422 Y-216.120 F1400
G0 Z3.500
G0 X64.742 Y-216.931 F3500
G1 Z0.000 F900
G1 X64.895 Y-219.029 F1400
G1 X65.347 Y-220.864 F1400
G0 Z3.500
G0 X64.469 Y-220.241 F3500
G1 Z0.000 F900
G1 X66.388 Y-220.241 F1400
G0 Z3.500
G0 X66.214 Y-219.896 F3500
G1 Z0.000 F900
G1 X66.691 Y-221.637 F1400
G1 X66.946 Y-223.274 F1400
G0 Z3.500
G0 X67.044 Y-222.230 F3500
G1 Z0.000 F900
G1 X58.318 Y-224.811 F1400
G0 Z3.500
G0 X58.626 Y-224.277 F3500
G1 Z0.000 F900
G1 X60.962 Y-223.183 F1400
G0 Z3.500
G0 X60.603 Y-223.516 F3500
G1 Z0.000 F900
G1 X61.846 Y-221.539 F1400
G1 X62.959 Y-219.654 F1400
G0 Z3.500
G0 X63.331 Y-219.420 F3500
G1 Z0.000 F900
G1 X62.876 Y-218.388 F1400
G1 X62.919 Y-216.839 F1400
G0 Z3.500
G0 X63.848 Y-216.404 F3500
G1 Z0.000 F900
G1 X63.079 Y-217.668 F1400
G1 X62.786 Y-217.935 F1400
G0 Z3.500
G0 X62.401 Y-218.460 F3500
G1 Z0.000 F900
G1 X62.160 Y-219.256 F1400
G1 X61.546 Y-220.103 F1400
G0 Z3.500
G0 X61.895 Y-220.359 F3500
G1 Z0.000 F900
G1 X59.864 Y-222.822 F1400
G0 Z3.500
G0 X59.537 Y-222.748 F3500
G1 Z0.000 F900
G1 X60.025 Y-220.981 F1400
G1 X60.570 Y-219.654 F1400
G0 Z3.500
G0 X60.252 Y-220.476 F3500
G1 Z0.000 F900
G1 X60.738 Y-222.387 F1400
G1 X60.623 Y-223.845 F1400
G0 Z3.500
G0 X59.492 Y-224.550 F3500
G1 Z0.000 F900
G1 X59.474 Y-225.490 F1400
G1 X58.696 Y-226.682 F1400
G0 Z3.500
G0 X58.840 Y-226.015 F3500
G1 Z0.000 F900
G1 X58.626 Y-224.969 F1400
G1 X58.195 Y-223.682 F1400
G0 Z3.500
G0 X56.573 Y-222.618 F3500
G1 Z0.000 F900
G1 X58.021 Y-222.020 F1400
G1 X58.543 Y-220.551 F1400
G0 Z3.500
G0 X58.518 Y-220.817 F3500
G1 Z0.000 F900
G1 X57.558 Y-219.857 F1400
G1 X57.366 Y-219.281 F1400
G0 Z3.500
G0 X56.825 Y-217.697 F3500
G1 Z0.000 F900
G1 X56.134 Y-219.802 F1400
G1 X55.603 Y-221.250 F1400
G0 Z3.500
G0 X55.534 Y-218.413 F3500
G1 Z0.000 F900
G1 X53.860 Y-217.296 F1400
G1 X51.904 Y-215.927 F1400
G0 Z3.500
G0 X49.857 Y-216.414 F3500
G1 Z0.000 F900
G1 X51.504 Y-213.840 F1400
G1 X53.357 Y-212.167 F1400
G0 Z3.500
G0 X53.099 Y-210.345 F3500
G1 Z0.000 F900
G1 X51.255 Y-212.601 F1400
G1 X49.731 Y-214.396 F1400
G0 Z3.500
G0 X49.021 Y-213.636 F3500
G1 Z0.000 F900
G1 X50.134 Y-212.214 F1400
G1 X51.506 Y-210.337 F1400
G0 Z3.500
G0 X52.975 Y-209.693 F3500
G1 Z0.000 F900
G1 X52.958 Y-208.542 F1400
G1 X52.159 Y-207.754 F1400
G0 Z3.500
G0 X51.519 Y-208.304 F3500
G1 Z0.000 F900
G1 X52.125 Y-206.562 F1400
G1 X52.847 Y-204.536 F1400
G0 Z3.500
G0 X52.388 Y-205.036 F3500
G1 Z0.000 F900
G1 X54.285 Y-202.857 F1400
G0 Z3.500
G0 X53.725 Y-203.271 F3500
G1 Z0.000 F900
G1 X54.199 Y-201.977 F1400
G1 X54.481 Y-200.738 F1400
G0 Z3.500
G0 X53.991 Y-200.595 F3500
G1 Z0.000 F900
G1 X55.733 Y-202.627 F1400
G1 X57.669 Y-204.182 F1400
G0 Z3.500
G0 X55.296 Y-204.959 F3500
G1 Z0.000 F900
G1 X57.381 Y-206.534 F1400
G1 X59.436 Y-207.880 F1400
G0 Z3.500
G0 X61.502 Y-208.720 F3500
G1 Z0.000 F900
G1 X60.114 Y-210.294 F1400
G1 X58.605 Y-212.182 F1400
G0 Z3.500
G0 X58.446 Y-213.145 F3500
G1 Z0.000 F900
G1 X58.671 Y-214.286 F1400
G1 X58.973 Y-215.436 F1400
G0 Z3.500
G0 X58.710 Y-215.826 F3500
G1 Z0.000 F900
G1 X59.286 Y-215.250 F1400
G1 X59.094 Y-214.674 F1400
G0 Z3.500
G0 X59.094 Y-214.674 F3500
G1 Z0.000 F900
G1 X59.670 Y-214.098 F1400
G1 X59.862 Y-213.330 F1400
G0 Z3.500
G0 X60.694 Y-213.647 F3500
G1 Z0.000 F900
G1 X60.989 Y-217.482 F1400
G0 Z3.500
G0 X61.107 Y-217.837 F3500
G1 Z0.000 F900
G1 X59.963 Y-221.377 F1400
G0 Z3.500
G0 X59.940 Y-221.980 F3500
G1 Z0.000 F900
G1 X58.399 Y-223.910 F1400
G1 X56.328 Y-225.797 F1400
G0 Z3.500
G0 X56.884 Y-226.381 F3500
G1 Z0.000 F900
G1 X55.493 Y-225.106 F1400
G1 X54.392 Y-224.083 F1400
G0 Z3.500
G0 X54.580 Y-227.575 F3500
G1 Z0.000 F900
G1 X54.346 Y-232.362 F1400
G0 Z3.500
G0 X54.679 Y-232.143 F3500
G1 Z0.000 F900
G1 X54.871 Y-230.415 F1400
G0 Z3.500
G0 X54.871 Y-230.031 F3500
G1 Z0.000 F900
G1 X54.679 Y-228.688 F1400
G1 X54.871 Y-228.112 F1400
G0 Z3.500
G0 X51.607 Y-228.112 F3500
G1 Z0.000 F900
G1 X51.223 Y-228.688 F1400
G1 X51.223 Y-229.647 F1400
G0 Z3.500
G0 X49.112 Y-230.991 F3500
G1 Z0.000 F900
G1 X47.384 Y-233.103 F1400
G0 Z3.500
G0 X48.344 Y-236.942 F3500
G1 Z0.000 F900
G1 X48.344 Y-237.710 F1400
G1 X48.728 Y-238.286 F1400
G1 X48.920 Y-239.246 F1400
G0 Z3.500
G0 X50.455 Y-237.326 F3500
G1 Z0.000 F900
G1 X51.223 Y-237.518 F1400
G1 X51.799 Y-241.933 F1400
G0 Z3.500
G0 X52.141 Y-242.223 F3500
G1 Z0.000 F900
G1 X51.505 Y-237.144 F1400
G0 Z3.500
G0 X53.527 Y-238.478 F3500
G1 Z0.000 F900
G1 X53.719 Y-236.750 F1400
G1 X52.951 Y-235.982 F1400
G1 X52.375 Y-234.638 F1400
G0 Z3.500
G0 X51.799 Y-233.871 F3500
G1 Z0.000 F900
G1 X52.951 Y-232.719 F1400
G0 Z3.500
G0 X57.366 Y-235.598 F3500
G1 Z0.000 F900
G1 X57.750 Y-237.134 F1400
G1 X57.750 Y-238.478 F1400
G0 Z3.500
G0 X57.961 Y-238.547 F3500
G1 Z0.000 F900
G1 X58.090 Y-237.130 F1400
G1 X58.307 Y-235.721 F1400
G0 Z3.500
G0 X58.518 Y-236.366 F3500
G1 Z0.000 F900
G1 X58.326 Y-234.638 F1400
G0 Z3.500
G0 X59.878 Y-234.376 F3500
G1 Z0.000 F900
G1 X59.793 Y-235.274 F1400
G1 X60.229 Y-236.820 F1400
G0 Z3.500
G0 X59.094 Y-238.670 F3500
G1 Z0.000 F900
G1 X59.094 Y-239.629 F1400
G1 X59.670 Y-239.821 F1400
G0 Z3.500
G0 X60.471 Y-241.873 F3500
G1 Z0.000 F900
G1 X60.673 Y-243.297 F1400
G1 X60.404 Y-244.680 F1400
G0 Z3.500
G0 X59.914 Y-244.386 F3500
G1 Z0.000 F900
G1 X59.684 Y-245.790 F1400
G1 X59.809 Y-247.159 F1400
G0 Z3.500
G0 X60.629 Y-246.924 F3500
G1 Z0.000 F900
G1 X61.013 Y-247.500 F1400
G1 X61.013 Y-248.652 F1400
G0 Z3.500
G0 X61.875 Y-248.949 F3500
G1 Z0.000 F900
G1 X60.572 Y-246.009 F1400
G0 Z3.500
G0 X61.781 Y-246.924 F3500
G1 Z0.000 F900
G1 X62.357 Y-248.844 F1400
G0 Z3.500
G0 X62.357 Y-249.228 F3500
G1 Z0.000 F900
G1 X62.549 Y-251.339 F1400
G0 Z3.500
G0 X63.509 Y-251.531 F3500
G1 Z0.000 F900
G1 X63.509 Y-249.996 F1400
G1 X63.701 Y-249.804 F1400
G0 Z3.500
G0 X63.701 Y-249.612 F3500
G1 Z0.000 F900
G1 X63.893 Y-246.924 F1400
G1 X64.469 Y-246.540 F1400
G1 X64.469 Y-246.156 F1400
G0 Z3.500
G0 X64.298 Y-245.776 F3500
G1 Z0.000 F900
G1 X63.159 Y-248.583 F1400
G0 Z3.500
G0 X62.624 Y-249.172 F3500
G1 Z0.000 F900
G1 X63.282 Y-248.298 F1400
G1 X64.010 Y-246.980 F1400
G0 Z3.500
G0 X64.118 Y-247.237 F3500
G1 Z0.000 F900
G1 X63.713 Y-251.059 F1400
G0 Z3.500
G0 X63.105 Y-250.213 F3500
G1 Z0.000 F900
G1 X63.144 Y-251.491 F1400
G1 X63.529 Y-252.466 F1400
G0 Z3.500
G0 X64.469 Y-252.299 F3500
G1 Z0.000 F900
G1 X57.942 Y-252.299 F1400
G0 Z3.500
G0 X57.558 Y-252.299 F3500
G1 Z0.000 F900
G1 X50.455 Y-252.299 F1400
G0 Z3.500
G0 X50.071 Y-252.299 F3500
G1 Z0.000 F900
G1 X46.040 Y-252.299 F1400
G0 Z3.500
G0 X45.848 Y-251.339 F3500
G1 Z0.000 F900
G1 X46.616 Y-250.763 F1400
G1 X46.616 Y-250.188 F1400
G1 X47.576 Y-249.420 F1400
G0 Z3.500
G0 X48.391 Y-249.367 F3500
G1 Z0.000 F900
G1 X48.885 Y-248.373 F1400
G1 X49.065 Y-247.937 F1400
G0 Z3.500
G0 X48.652 Y-247.925 F3500
G1 Z0.000 F900
G1 X49.245 Y-250.592 F1400
G0 Z3.500
G0 X48.920 Y-250.379 F3500
G1 Z0.000 F900
G1 X48.152 Y-247.116 F1400
G1 X47.192 Y-245.772 F1400
G1 X47.192 Y-245.004 F1400
G0 Z3.500
G0 X45.848 Y-243.853 F3500
G1 Z0.000 F900
G1 X44.312 Y-245.388 F1400
G1 X42.777 Y-247.884 F1400
G1 X42.777 Y-249.996 F1400
G1 X43.161 Y-250.571 F1400
G0 Z3.500
G0 X43.114 Y-250.952 F3500
G1 Z0.000 F900
G1 X44.494 Y-246.935 F1400
G0 Z3.500
G0 X44.696 Y-247.692 F3500
G1 Z0.000 F900
G1 X43.737 Y-249.228 F1400
G1 X43.737 Y-249.804 F1400
G0 Z3.500
G0 X45.080 Y-249.228 F3500
G1 Z0.000 F900
G1 X45.080 Y-248.652 F1400
G1 X46.232 Y-247.308 F1400
G0 Z3.500
G0 X45.939 Y-249.045 F3500
G1 Z0.000 F900
G1 X44.359 Y-251.508 F1400
G0 Z3.500
G0 X43.556 Y-252.292 F3500
G1 Z0.000 F900
G1 X44.374 Y-248.137 F1400
G0 Z3.500
G0 X43.632 Y-247.000 F3500
G1 Z0.000 F900
G1 X42.755 Y-248.364 F1400
G1 X41.922 Y-249.152 F1400
G0 Z3.500
G0 X41.625 Y-248.460 F3500
G1 Z0.000 F900
G1 X42.201 Y-246.348 F1400
G1 X42.969 Y-245.004 F1400
G0 Z3.500
G0 X41.339 Y-243.606 F3500
G1 Z0.000 F900
G1 X40.609 Y-248.643 F1400
G0 Z3.500
G0 X40.281 Y-248.268 F3500
G1 Z0.000 F900
G1 X40.473 Y-248.076 F1400
G1 X40.473 Y-246.156 F1400
G1 X40.281 Y-245.964 F1400
G0 Z3.500
G0 X40.281 Y-245.772 F3500
G1 Z0.000 F900
G1 X39.705 Y-245.004 F1400
G1 X39.129 Y-241.933 F1400
G0 Z3.500
G0 X38.972 Y-242.231 F3500
G1 Z0.000 F900
G1 X39.461 Y-244.868 F1400
G0 Z3.500
G0 X40.127 Y-245.073 F3500
G1 Z0.000 F900
G1 X39.493 Y-242.175 F1400
G0 Z3.500
G0 X40.620 Y-241.736 F3500
G1 Z0.000 F900
G1 X40.736 Y-240.230 F1400
G1 X39.942 Y-239.442 F1400
G0 Z3.500
G0 X41.241 Y-239.821 F3500
G1 Z0.000 F900
G1 X39.897 Y-240.973 F1400
G0 Z3.500
G0 X41.874 Y-240.465 F3500
G1 Z0.000 F900
G1 X40.108 Y-245.795 F1400
G0 Z3.500
G0 X40.473 Y-245.772 F3500
G1 Z0.000 F900
G1 X40.857 Y-245.196 F1400
G1 X41.241 Y-242.701 F1400
G1 X42.009 Y-241.357 F1400
G0 Z3.500
G0 X45.464 Y-241.933 F3500
G1 Z0.000 F900
G1 X45.848 Y-242.125 F1400
G1 X46.424 Y-243.085 F1400
G0 Z3.500
G0 X46.616 Y-243.085 F3500
G1 Z0.000 F900
G1 X47.384 Y-242.317 F1400
G1 X47.576 Y-241.741 F1400
G0 Z3.500
G0 X46.712 Y-241.832 F3500
G1 Z0.000 F900
G1 X46.311 Y-241.270 F1400
G1 X46.520 Y-240.499 F1400
G0 Z3.500
G0 X46.533 Y-243.350 F3500
G1 Z0.000 F900
G1 X42.830 Y-248.068 F1400
G0 Z3.500
G0 X40.089 Y-248.268 F3500
G1 Z0.000 F900
G1 X39.321 Y-247.884 F1400
G1 X39.129 Y-245.964 F1400
G1 X38.554 Y-244.621 F1400
G1 X37.978 Y-244.237 F1400
G0 Z3.500
G0 X37.786 Y-244.045 F3500
G1 Z0.000 F900
G1 X37.786 Y-243.277 F1400
G1 X38.170 Y-242.317 F1400
G0 Z3.500
G0 X37.405 Y-243.650 F3500
G1 Z0.000 F900
G1 X37.651 Y-243.880 F1400
G1 X37.783 Y-244.823 F1400
G0 Z3.500
G0 X38.474 Y-243.957 F3500
G1 Z0.000 F900
G1 X39.688 Y-246.974 F1400
G0 Z3.500
G0 X40.281 Y-249.228 F3500
G1 Z0.000 F900
G1 X40.281 Y-250.763 F1400
G0 Z3.500
G0 X37.926 Y-249.583 F3500
G1 Z0.000 F900
G1 X37.456 Y-247.938 F1400
G1 X37.261 Y-246.569 F1400
G0 Z3.500
G0 X35.098 Y-245.580 F3500
G1 Z0.000 F900
G1 X35.098 Y-246.348 F1400
G1 X35.674 Y-247.116 F1400
G1 X35.482 Y-248.460 F1400
G1 X36.250 Y-249.228 F1400
G1 X36.250 Y-249.996 F1400
G1 X36.826 Y-250.379 F1400
G0 Z3.500
G0 X33.562 Y-248.844 F3500
G1 Z0.000 F900
G1 X32.411 Y-249.420 F1400
G1 X31.451 Y-250.571 F1400
G0 Z3.500
G0 X49.122 Y-245.578 F3500
G1 Z0.000 F900
G1 X49.598 Y-242.738 F1400
G0 Z3.500
G0 X50.071 Y-241.933 F3500
G1 Z0.000 F900
G1 X49.879 Y-244.237 F1400
G1 X49.688 Y-244.429 F1400
G0 Z3.500
G0 X49.699 Y-246.339 F3500
G1 Z0.000 F900
G1 X49.888 Y-247.038 F1400
G1 X50.060 Y-247.509 F1400
G0 Z3.500
G0 X49.879 Y-247.308 F3500
G1 Z0.000 F900
G1 X50.455 Y-249.420 F1400
G0 Z3.500
G0 X50.106 Y-248.865 F3500
G1 Z0.000 F900
G1 X49.877 Y-249.782 F1400
G1 X50.037 Y-250.358 F1400
G0 Z3.500
G0 X51.035 Y-251.261 F3500
G1 Z0.000 F900
G1 X50.562 Y-252.098 F1400
G1 X50.260 Y-252.953 F1400
G0 Z3.500
G0 X54.295 Y-250.955 F3500
G1 Z0.000 F900
G1 X54.295 Y-249.804 F1400
G1 X54.871 Y-248.844 F1400
G0 Z3.500
G0 X55.470 Y-249.437 F3500
G1 Z0.000 F900
G1 X55.949 Y-248.527 F1400
G1 X55.807 Y-247.866 F1400
G0 Z3.500
G0 X55.857 Y-248.984 F3500
G1 Z0.000 F900
G1 X53.327 Y-245.544 F1400
G0 Z3.500
G0 X52.759 Y-245.388 F3500
G1 Z0.000 F900
G1 X54.487 Y-247.692 F1400
G0 Z3.500
G0 X54.743 Y-246.766 F3500
G1 Z0.000 F900
G1 X57.028 Y-248.522 F1400
G0 Z3.500
G0 X57.174 Y-248.460 F3500
G1 Z0.000 F900
G1 X57.366 Y-249.804 F1400
G1 X57.750 Y-250.955 F1400
G1 X58.134 Y-251.339 F1400
G1 X58.710 Y-251.147 F1400
G1 X58.518 Y-249.036 F1400
G0 Z3.500
G0 X60.138 Y-250.525 F3500
G1 Z0.000 F900
G1 X60.201 Y-251.688 F1400
G1 X60.353 Y-252.538 F1400
G0 Z3.500
G0 X65.621 Y-250.571 F3500
G1 Z0.000 F900
G1 X65.429 Y-249.036 F1400
G0 Z3.500
G0 X66.772 Y-250.379 F3500
G1 Z0.000 F900
G1 X66.580 Y-252.107 F1400
G1 X67.348 Y-252.299 F1400
G0 Z3.500
G0 X68.308 Y-252.299 F3500
G1 Z0.000 F900
G1 X68.116 Y-252.107 F1400
G1 X68.116 Y-249.612 F1400
G0 Z3.500
G0 X67.378 Y-249.573 F3500
G1 Z0.000 F900
G1 X67.985 Y-248.502 F1400
G1 X68.470 Y-247.346 F1400
G0 Z3.500
G0 X67.924 Y-248.460 F3500
G1 Z0.000 F900
G1 X67.540 Y-248.844 F1400
G1 X67.732 Y-249.804 F1400
G1 X66.964 Y-250.188 F1400
G0 Z3.500
G0 X69.268 Y-251.723 F3500
G1 Z0.000 F900
G1 X69.268 Y-249.420 F1400
G1 X69.652 Y-249.228 F1400
G0 Z3.500
G0 X70.166 Y-248.487 F3500
G1 Z0.000 F900
G1 X69.973 Y-249.482 F1400
G1 X69.905 Y-250.352 F1400
G0 Z3.500
G0 X71.106 Y-250.288 F3500
G1 Z0.000 F900
G1 X71.457 Y-251.563 F1400
G1 X71.653 Y-252.775 F1400
G0 Z3.500
G0 X71.686 Y-253.495 F3500
G1 Z0.000 F900
G1 X72.860 Y-251.446 F1400
G1 X73.376 Y-249.951 F1400
G0 Z3.500
G0 X73.836 Y-250.059 F3500
G1 Z0.000 F900
G1 X74.861 Y-248.331 F1400
G1 X75.834 Y-246.860 F1400
G0 Z3.500
G0 X75.876 Y-246.433 F3500
G1 Z0.000 F900
G1 X76.699 Y-244.905 F1400
G1 X76.865 Y-243.192 F1400
G0 Z3.500
G0 X77.522 Y-242.893 F3500
G1 Z0.000 F900
G1 X76.946 Y-243.085 F1400
G1 X75.987 Y-242.317 F1400
G1 X75.027 Y-241.933 F1400
G0 Z3.500
G0 X75.388 Y-242.244 F3500
G1 Z0.000 F900
G1 X74.880 Y-243.367 F1400
G1 X75.049 Y-243.542 F1400
G0 Z3.500
G0 X74.835 Y-243.469 F3500
G1 Z0.000 F900
G1 X75.411 Y-243.469 F1400
G1 X76.179 Y-244.045 F1400
G1 X77.906 Y-244.621 F1400
G0 Z3.500
G0 X77.906 Y-244.621 F3500
G1 Z0.000 F900
G1 X79.826 Y-245.772 F1400
G1 X80.978 Y-245.772 F1400
G0 Z3.500
G0 X81.170 Y-245.580 F3500
G1 Z0.000 F900
G1 X82.129 Y-245.580 F1400
G1 X82.321 Y-246.156 F1400
G0 Z3.500
G0 X83.643 Y-247.087 F3500
G1 Z0.000 F900
G1 X83.121 Y-248.639 F1400
G1 X82.535 Y-249.832 F1400
G0 Z3.500
G0 X82.777 Y-249.465 F3500
G1 Z0.000 F900
G1 X83.221 Y-251.309 F1400
G1 X83.401 Y-252.829 F1400
G0 Z3.500
G0 X84.136 Y-251.613 F3500
G1 Z0.000 F900
G1 X82.723 Y-250.594 F1400
G1 X80.891 Y-248.762 F1400
G0 Z3.500
G0 X81.746 Y-248.268 F3500
G1 Z0.000 F900
G1 X82.513 Y-248.844 F1400
G1 X83.281 Y-248.652 F1400
G1 X83.473 Y-248.844 F1400
G1 X85.009 Y-248.844 F1400
G0 Z3.500
G0 X85.212 Y-248.519 F3500
G1 Z0.000 F900
G1 X87.616 Y-248.329 F1400
G0 Z3.500
G0 X87.236 Y-248.282 F3500
G1 Z0.000 F900
G1 X87.488 Y-248.846 F1400
G1 X87.389 Y-249.790 F1400
G0 Z3.500
G0 X86.704 Y-249.852 F3500
G1 Z0.000 F900
G1 X89.764 Y-249.289 F1400
G0 Z3.500
G0 X89.980 Y-249.132 F3500
G1 Z0.000 F900
G1 X88.955 Y-250.421 F1400
G1 X87.716 Y-252.395 F1400
G0 Z3.500
G0 X88.848 Y-250.955 F3500
G1 Z0.000 F900
G1 X88.080 Y-251.147 F1400
G1 X87.504 Y-250.955 F1400
G1 X82.129 Y-250.955 F1400
G1 X81.938 Y-251.147 F1400
G1 X80.978 Y-251.147 F1400
G1 X80.786 Y-250.955 F1400
G1 X79.442 Y-250.955 F1400
G0 Z3.500
G0 X79.250 Y-250.955 F3500
G1 Z0.000 F900
G1 X78.098 Y-252.299 F1400
G1 X77.714 Y-252.299 F1400
G1 X76.371 Y-250.955 F1400
G1 X76.371 Y-250.571 F1400
G0 Z3.500
G0 X76.562 Y-250.379 F3500
G1 Z0.000 F900
G1 X78.866 Y-250.379 F1400
G1 X79.250 Y-250.763 F1400
G0 Z3.500
G0 X79.279 Y-250.037 F3500
G1 Z0.000 F900
G1 X78.895 Y-251.129 F1400
G1 X78.453 Y-253.409 F1400
G0 Z3.500
G0 X78.613 Y-252.864 F3500
G1 Z0.000 F900
G1 X79.907 Y-250.141 F1400
G1 X81.807 Y-248.279 F1400
G0 Z3.500
G0 X82.347 Y-248.406 F3500
G1 Z0.000 F900
G1 X84.753 Y-248.534 F1400
G0 Z3.500
G0 X84.595 Y-249.182 F3500
G1 Z0.000 F900
G1 X84.529 Y-250.355 F1400
G1 X84.271 Y-250.809 F1400
G0 Z3.500
G0 X84.732 Y-251.759 F3500
G1 Z0.000 F900
G1 X85.958 Y-250.255 F1400
G1 X87.205 Y-248.616 F1400
G0 Z3.500
G0 X87.860 Y-248.991 F3500
G1 Z0.000 F900
G1 X83.537 Y-249.117 F1400
G0 Z3.500
G0 X82.321 Y-247.884 F3500
G1 Z0.000 F900
G1 X83.089 Y-247.308 F1400
G1 X85.009 Y-247.500 F1400
G0 Z3.500
G0 X85.834 Y-247.068 F3500
G1 Z0.000 F900
G1 X86.181 Y-245.161 F1400
G1 X86.871 Y-244.093 F1400
G0 Z3.500
G0 X87.623 Y-245.772 F3500
G1 Z0.000 F900
G1 X87.900 Y-244.493 F1400
G1 X88.538 Y-243.085 F1400
G0 Z3.500
G0 X90.576 Y-240.589 F3500
G1 Z0.000 F900
G1 X89.808 Y-240.397 F1400
G1 X89.232 Y-239.821 F1400
G1 X89.232 Y-239.438 F1400
G0 Z3.500
G0 X90.170 Y-238.343 F3500
G1 Z0.000 F900
G1 X85.029 Y-235.401 F1400
G0 Z3.500
G0 X85.221 Y-235.718 F3500
G1 Z0.000 F900
G1 X81.228 Y-231.795 F1400
G0 Z3.500
G0 X82.129 Y-231.951 F3500
G1 Z0.000 F900
G1 X81.746 Y-231.951 F1400
G1 X81.362 Y-231.567 F1400
G1 X81.170 Y-230.799 F1400
G0 Z3.500
G0 X82.500 Y-230.484 F3500
G1 Z0.000 F900
G1 X80.942 Y-229.747 F1400
G1 X79.456 Y-228.427 F1400
G0 Z3.500
G0 X77.660 Y-228.020 F3500
G1 Z0.000 F900
G1 X77.101 Y-226.711 F1400
G1 X77.385 Y-225.899 F1400
G0 Z3.500
G0 X77.767 Y-227.177 F3500
G1 Z0.000 F900
G1 X77.728 Y-228.256 F1400
G1 X78.046 Y-230.198 F1400
G0 Z3.500
G0 X77.117 Y-229.557 F3500
G1 Z0.000 F900
G1 X76.711 Y-230.566 F1400
G1 X76.392 Y-231.658 F1400
G0 Z3.500
G0 X76.607 Y-234.249 F3500
G1 Z0.000 F900
G1 X76.854 Y-236.435 F1400
G0 Z3.500
G0 X78.202 Y-237.028 F3500
G1 Z0.000 F900
G1 X78.010 Y-236.054 F1400
G1 X78.379 Y-235.320 F1400
G0 Z3.500
G0 X77.315 Y-234.275 F3500
G1 Z0.000 F900
G1 X72.262 Y-221.563 F1400
G0 Z3.500
G0 X72.533 Y-221.434 F3500
G1 Z0.000 F900
G1 X71.417 Y-223.665 F1400
G1 X69.458 Y-225.575 F1400
G0 Z3.500
G0 X70.727 Y-224.570 F3500
G1 Z0.000 F900
G1 X71.477 Y-223.300 F1400
G1 X71.648 Y-221.671 F1400
G0 Z3.500
G0 X71.188 Y-222.161 F3500
G1 Z0.000 F900
G1 X72.339 Y-221.201 F1400
G0 Z3.500
G0 X72.336 Y-220.372 F3500
G1 Z0.000 F900
G1 X72.638 Y-221.683 F1400
G1 X72.727 Y-223.182 F1400
G0 Z3.500
G0 X73.182 Y-222.614 F3500
G1 Z0.000 F900
G1 X74.694 Y-221.407 F1400
G1 X75.720 Y-220.172 F1400
G0 Z3.500
G0 X75.603 Y-219.665 F3500
G1 Z0.000 F900
G1 X74.451 Y-220.817 F1400
G0 Z3.500
G0 X74.220 Y-221.862 F3500
G1 Z0.000 F900
G1 X76.591 Y-220.569 F1400
G0 Z3.500
G0 X76.885 Y-221.150 F3500
G1 Z0.000 F900
G1 X75.707 Y-222.137 F1400
G0 Z3.500
G0 X76.283 Y-222.044 F3500
G1 Z0.000 F900
G1 X77.042 Y-220.699 F1400
G1 X77.610 Y-220.358 F1400
G0 Z3.500
G0 X78.098 Y-220.241 F3500
G1 Z0.000 F900
G1 X77.138 Y-219.089 F1400
G0 Z3.500
G0 X77.239 Y-218.909 F3500
G1 Z0.000 F900
G1 X78.550 Y-218.041 F1400
G1 X79.342 Y-216.582 F1400
G0 Z3.500
G0 X80.187 Y-216.763 F3500
G1 Z0.000 F900
G1 X76.615 Y-219.540 F1400
G0 Z3.500
G0 X77.958 Y-218.880 F3500
G1 Z0.000 F900
G1 X77.686 Y-217.545 F1400
G1 X77.471 Y-215.843 F1400
G0 Z3.500
G0 X77.043 Y-215.320 F3500
G1 Z0.000 F900
G1 X77.271 Y-212.965 F1400
G0 Z3.500
G0 X76.448 Y-214.146 F3500
G1 Z0.000 F900
G1 X75.964 Y-211.267 F1400
G0 Z3.500
G0 X74.645 Y-211.151 F3500
G1 Z0.000 F900
G1 X75.307 Y-210.467 F1400
G1 X75.409 Y-209.367 F1400
G0 Z3.500
G0 X75.295 Y-209.483 F3500
G1 Z0.000 F900
G1 X76.865 Y-207.677 F1400
G0 Z3.500
G0 X76.589 Y-208.491 F3500
G1 Z0.000 F900
G1 X76.986 Y-207.700 F1400
G1 X78.072 Y-207.035 F1400
G0 Z3.500
G0 X75.024 Y-205.895 F3500
G1 Z0.000 F900
G1 X74.732 Y-206.298 F1400
G1 X74.262 Y-206.945 F1400
G0 Z3.500
G0 X74.915 Y-204.333 F3500
G1 Z0.000 F900
G1 X75.090 Y-203.438 F1400
G1 X75.138 Y-202.363 F1400
G0 Z3.500
G0 X76.236 Y-201.937 F3500
G1 Z0.000 F900
G1 X71.571 Y-198.730 F1400
G0 Z3.500
G0 X71.981 Y-198.872 F3500
G1 Z0.000 F900
G1 X71.898 Y-198.223 F1400
G1 X70.778 Y-197.842 F1400
G0 Z3.500
G0 X70.793 Y-196.323 F3500
G1 Z0.000 F900
G1 X78.844 Y-189.713 F1400
G0 Z3.500
G0 X77.714 Y-190.103 F3500
G1 Z0.000 F900
G1 X78.866 Y-191.254 F1400
G0 Z3.500
G0 X79.467 Y-191.171 F3500
G1 Z0.000 F900
G1 X79.082 Y-192.633 F1400
G1 X77.497 Y-193.641 F1400
G0 Z3.500
G0 X77.709 Y-194.199 F3500
G1 Z0.000 F900
G1 X76.440 Y-192.759 F1400
G1 X75.033 Y-191.381 F1400
G0 Z3.500
G0 X74.280 Y-190.985 F3500
G1 Z0.000 F900
G1 X73.178 Y-192.734 F1400
G1 X71.934 Y-194.595 F1400
G0 Z3.500
G0 X72.310 Y-195.069 F3500
G1 Z0.000 F900
G1 X72.886 Y-196.756 F1400
G1 X73.137 Y-198.190 F1400
G0 Z3.500
G0 X74.871 Y-198.881 F3500
G1 Z0.000 F900
G1 X75.148 Y-199.858 F1400
G1 X75.182 Y-200.521 F1400
G0 Z3.500
G0 X70.671 Y-201.408 F3500
G1 Z0.000 F900
G1 X70.491 Y-203.168 F1400
G1 X69.401 Y-204.905 F1400
G0 Z3.500
G0 X68.500 Y-202.196 F3500
G1 Z0.000 F900
G1 X67.924 Y-202.580 F1400
G1 X66.772 Y-202.580 F1400
G0 Z3.500
G0 X68.435 Y-198.772 F3500
G1 Z0.000 F900
G1 X77.229 Y-189.572 F1400
G0 Z3.500
G0 X77.026 Y-189.668 F3500
G1 Z0.000 F900
G1 X77.653 Y-183.659 F1400
G0 Z3.500
G0 X79.520 Y-183.245 F3500
G1 Z0.000 F900
G1 X83.474 Y-192.796 F1400
G0 Z3.500
G0 X83.765 Y-192.878 F3500
G1 Z0.000 F900
G1 X83.188 Y-191.563 F1400
G1 X83.182 Y-190.398 F1400
G0 Z3.500
G0 X80.666 Y-189.864 F3500
G1 Z0.000 F900
G1 X80.813 Y-191.402 F1400
G1 X80.522 Y-192.645 F1400
G0 Z3.500
G0 X79.200 Y-192.218 F3500
G1 Z0.000 F900
G1 X74.878 Y-193.892 F1400
G0 Z3.500
G0 X74.835 Y-193.174 F3500
G1 Z0.000 F900
G1 X73.875 Y-193.366 F1400
G1 X72.531 Y-194.710 F1400
G0 Z3.500
G0 X72.666 Y-194.076 F3500
G1 Z0.000 F900
G1 X70.772 Y-196.080 F1400
G1 X69.325 Y-198.415 F1400
G0 Z3.500
G0 X72.694 Y-196.319 F3500
G1 Z0.000 F900
G1 X72.180 Y-194.361 F1400
G1 X71.985 Y-192.332 F1400
G0 Z3.500
G0 X70.681 Y-192.627 F3500
G1 Z0.000 F900
G1 X69.110 Y-190.442 F1400
G1 X67.087 Y-188.346 F1400
G0 Z3.500
G0 X68.916 Y-187.942 F3500
G1 Z0.000 F900
G1 X65.011 Y-186.711 F1400
G0 Z3.500
G0 X64.989 Y-186.820 F3500
G1 Z0.000 F900
G1 X61.649 Y-183.958 F1400
G0 Z3.500
G0 X61.162 Y-183.399 F3500
G1 Z0.000 F900
G1 X62.036 Y-176.669 F1400
G0 Z3.500
G0 X67.282 Y-178.516 F3500
G1 Z0.000 F900
G1 X67.467 Y-179.823 F1400
G1 X67.798 Y-181.341 F1400
G0 Z3.500
G0 X70.845 Y-182.383 F3500
G1 Z0.000 F900
G1 X71.715 Y-183.530 F1400
G1 X71.530 Y-184.384 F1400
G0 Z3.500
G0 X71.928 Y-185.209 F3500
G1 Z0.000 F900
G1 X68.735 Y-186.086 F1400
G1 X65.840 Y-186.934 F1400
G0 Z3.500
G0 X64.270 Y-188.087 F3500
G1 Z0.000 F900
G1 X63.617 Y-187.381 F1400
G1 X63.131 Y-186.743 F1400
G0 Z3.500
G0 X62.593 Y-187.814 F3500
G1 Z0.000 F900
G1 X62.111 Y-186.873 F1400
G1 X62.121 Y-185.480 F1400
G0 Z3.500
G0 X62.188 Y-185.119 F3500
G1 Z0.000 F900
G1 X61.751 Y-186.599 F1400
G1 X60.991 Y-188.943 F1400
G0 Z3.500
G0 X56.437 Y-189.988 F3500
G1 Z0.000 F900
G1 X55.688 Y-190.678 F1400
G1 X55.607 Y-192.137 F1400
G0 Z3.500
G0 X56.410 Y-191.178 F3500
G1 Z0.000 F900
G1 X52.623 Y-200.218 F1400
G0 Z3.500
G0 X53.719 Y-199.701 F3500
G1 Z0.000 F900
G1 X52.951 Y-200.277 F1400
G1 X52.759 Y-202.196 F1400
G1 X52.951 Y-202.388 F1400
G0 Z3.500
G0 X52.323 Y-202.351 F3500
G1 Z0.000 F900
G1 X50.035 Y-209.107 F1400
G0 Z3.500
G0 X49.049 Y-209.906 F3500
G1 Z0.000 F900
G1 X47.933 Y-211.345 F1400
G1 X47.638 Y-212.915 F1400
G0 Z3.500
G0 X47.000 Y-213.330 F3500
G1 Z0.000 F900
G1 X46.040 Y-215.250 F1400
G0 Z3.500
G0 X48.750 Y-215.994 F3500
G1 Z0.000 F900
G1 X48.589 Y-214.556 F1400
G1 X48.705 Y-212.970 F1400
G0 Z3.500
G0 X49.054 Y-210.017 F3500
G1 Z0.000 F900
G1 X50.361 Y-208.139 F1400
G1 X51.473 Y-207.045 F1400
G0 Z3.500
G0 X52.976 Y-203.233 F3500
G1 Z0.000 F900
G1 X54.741 Y-201.396 F1400
G0 Z3.500
G0 X53.982 Y-199.469 F3500
G1 Z0.000 F900
G1 X55.030 Y-196.215 F1400
G0 Z3.500
G0 X55.638 Y-195.670 F3500
G1 Z0.000 F900
G1 X54.871 Y-196.054 F1400
G1 X54.679 Y-197.013 F1400
G0 Z3.500
G0 X54.031 Y-197.330 F3500
G1 Z0.000 F900
G1 X53.977 Y-198.072 F1400
G1 X54.174 Y-199.000 F1400
G0 Z3.500
G0 X48.536 Y-197.781 F3500
G1 Z0.000 F900
G1 X47.384 Y-198.741 F1400
G0 Z3.500
G0 X41.817 Y-197.397 F3500
G1 Z0.000 F900
G1 X40.473 Y-198.549 F1400
G0 Z3.500
G0 X41.817 Y-192.406 F3500
G1 Z0.000 F900
G1 X41.625 Y-192.790 F1400
G1 X42.009 Y-193.174 F1400
G1 X43.353 Y-192.406 F1400
G0 Z3.500
G0 X37.978 Y-192.598 F3500
G1 Z0.000 F900
G1 X37.594 Y-192.598 F1400
G1 X37.210 Y-192.214 F1400
G1 X37.210 Y-191.254 F1400
G0 Z3.500
G0 X35.098 Y-186.647 F3500
G1 Z0.000 F900
G1 X34.906 Y-186.071 F1400
G1 X36.250 Y-184.920 F1400
G0 Z3.500
G0 X43.436 Y-182.602 F3500
G1 Z0.000 F900
G1 X44.179 Y-180.210 F1400
G0 Z3.500
G0 X45.272 Y-180.696 F3500
G1 Z0.000 F900
G1 X44.504 Y-181.464 F1400
G1 X44.312 Y-182.040 F1400
G0 Z3.500
G0 X48.920 Y-181.464 F3500
G1 Z0.000 F900
G1 X48.920 Y-182.232 F1400
G1 X49.688 Y-182.424 F1400
G0 Z3.500
G0 X62.990 Y-183.252 F3500
G1 Z0.000 F900
G1 X63.293 Y-184.403 F1400
G1 X63.260 Y-184.668 F1400
G0 Z3.500
G0 X66.481 Y-185.023 F3500
G1 Z0.000 F900
G1 X66.865 Y-185.396 F1400
G1 X67.832 Y-185.968 F1400
G0 Z3.500
G0 X68.813 Y-184.708 F3500
G1 Z0.000 F900
G1 X68.740 Y-186.042 F1400
G1 X68.955 Y-187.435 F1400
G0 Z3.500
G0 X69.186 Y-188.077 F3500
G1 Z0.000 F900
G1 X69.365 Y-187.471 F1400
G1 X69.733 Y-186.369 F1400
G0 Z3.500
G0 X70.418 Y-188.334 F3500
G1 Z0.000 F900
G1 X67.291 Y-193.048 F1400
G0 Z3.500
G0 X71.026 Y-188.950 F3500
G1 Z0.000 F900
G1 X71.638 Y-187.508 F1400
G1 X72.117 Y-185.496 F1400
G0 Z3.500
G0 X74.422 Y-186.517 F3500
G1 Z0.000 F900
G1 X73.502 Y-188.331 F1400
G1 X73.712 Y-189.849 F1400
G0 Z3.500
G0 X74.324 Y-189.015 F3500
G1 Z0.000 F900
G1 X74.891 Y-187.217 F1400
G1 X75.346 Y-185.815 F1400
G0 Z3.500
G0 X77.522 Y-190.103 F3500
G1 Z0.000 F900
G1 X75.219 Y-192.406 F1400
G0 Z3.500
G0 X75.795 Y-192.982 F3500
G1 Z0.000 F900
G1 X77.906 Y-192.406 F1400
G0 Z3.500
G0 X76.385 Y-192.636 F3500
G1 Z0.000 F900
G1 X75.788 Y-192.344 F1400
G1 X75.972 Y-191.409 F1400
G0 Z3.500
G0 X76.131 Y-193.546 F3500
G1 Z0.000 F900
G1 X75.253 Y-194.639 F1400
G1 X74.306 Y-195.106 F1400
G0 Z3.500
G0 X72.992 Y-195.255 F3500
G1 Z0.000 F900
G1 X75.860 Y-194.188 F1400
G0 Z3.500
G0 X80.830 Y-195.650 F3500
G1 Z0.000 F900
G1 X80.306 Y-197.676 F1400
G1 X79.590 Y-198.760 F1400
G0 Z3.500
G0 X79.830 Y-199.896 F3500
G1 Z0.000 F900
G1 X80.428 Y-198.540 F1400
G1 X80.589 Y-197.203 F1400
G0 Z3.500
G0 X84.311 Y-197.517 F3500
G1 Z0.000 F900
G1 X84.957 Y-197.169 F1400
G1 X85.323 Y-196.126 F1400
G0 Z3.500
G0 X86.770 Y-199.683 F3500
G1 Z0.000 F900
G1 X86.572 Y-201.084 F1400
G1 X85.935 Y-202.022 F1400
G0 Z3.500
G0 X85.969 Y-202.772 F3500
G1 Z0.000 F900
G1 X87.121 Y-201.812 F1400
G0 Z3.500
G0 X87.504 Y-201.429 F3500
G1 Z0.000 F900
G1 X88.656 Y-201.621 F1400
G1 X89.040 Y-202.004 F1400
G1 X89.232 Y-202.772 F1400
G0 Z3.500
G0 X89.107 Y-202.607 F3500
G1 Z0.000 F900
G1 X88.989 Y-204.773 F1400
G0 Z3.500
G0 X88.987 Y-205.342 F3500
G1 Z0.000 F900
G1 X88.805 Y-207.683 F1400
G1 X88.709 Y-209.033 F1400
G0 Z3.500
G0 X89.156 Y-209.645 F3500
G1 Z0.000 F900
G1 X86.920 Y-211.739 F1400
G0 Z3.500
G0 X86.062 Y-210.982 F3500
G1 Z0.000 F900
G1 X85.634 Y-211.832 F1400
G1 X85.876 Y-212.607 F1400
G0 Z3.500
G0 X84.259 Y-211.722 F3500
G1 Z0.000 F900
G1 X84.345 Y-209.078 F1400
G0 Z3.500
G0 X86.297 Y-208.610 F3500
G1 Z0.000 F900
G1 X86.406 Y-206.922 F1400
G0 Z3.500
G0 X85.704 Y-205.631 F3500
G1 Z0.000 F900
G1 X86.835 Y-203.762 F1400
G1 X87.769 Y-202.602 F1400
G0 Z3.500
G0 X88.144 Y-203.088 F3500
G1 Z0.000 F900
G1 X88.403 Y-205.139 F1400
G1 X88.401 Y-206.680 F1400
G0 Z3.500
G0 X88.656 Y-206.420 F3500
G1 Z0.000 F900
G1 X88.272 Y-207.763 F1400
G1 X87.696 Y-208.147 F1400
G1 X87.696 Y-208.531 F1400
G1 X87.121 Y-209.107 F1400
G1 X87.121 Y-209.491 F1400
G1 X88.080 Y-210.451 F1400
G0 Z3.500
G0 X88.656 Y-209.875 F3500
G1 Z0.000 F900
G1 X89.040 Y-208.723 F1400
G1 X89.616 Y-208.339 F1400
G0 Z3.500
G0 X89.111 Y-207.920 F3500
G1 Z0.000 F900
G1 X83.224 Y-215.499 F1400
G0 Z3.500
G0 X82.771 Y-216.531 F3500
G1 Z0.000 F900
G1 X80.445 Y-217.081 F1400
G0 Z3.500
G0 X81.938 Y-216.210 F3500
G1 Z0.000 F900
G1 X81.554 Y-216.594 F1400
G1 X80.402 Y-216.594 F1400
G1 X79.250 Y-216.978 F1400
G1 X78.482 Y-217.362 F1400
G1 X77.906 Y-218.129 F1400
G0 Z3.500
G0 X78.292 Y-219.257 F3500
G1 Z0.000 F900
G1 X79.795 Y-222.613 F1400
G0 Z3.500
G0 X80.210 Y-224.080 F3500
G1 Z0.000 F900
G1 X81.362 Y-225.616 F1400
G0 Z3.500
G0 X81.554 Y-225.808 F3500
G1 Z0.000 F900
G1 X82.321 Y-226.576 F1400
G1 X83.089 Y-228.112 F1400
G0 Z3.500
G0 X82.966 Y-228.339 F3500
G1 Z0.000 F900
G1 X81.745 Y-226.289 F1400
G0 Z3.500
G0 X80.820 Y-226.263 F3500
G1 Z0.000 F900
G1 X83.577 Y-230.659 F1400
G0 Z3.500
G0 X84.867 Y-230.998 F3500
G1 Z0.000 F900
G1 X86.407 Y-232.764 F1400
G1 X88.223 Y-234.824 F1400
G0 Z3.500
G0 X87.502 Y-234.756 F3500
G1 Z0.000 F900
G1 X88.529 Y-235.266 F1400
G1 X88.659 Y-236.056 F1400
G0 Z3.500
G0 X89.571 Y-236.173 F3500
G1 Z0.000 F900
G1 X85.982 Y-232.307 F1400
G0 Z3.500
G0 X86.929 Y-233.103 F3500
G1 Z0.000 F900
G1 X85.393 Y-234.254 F1400
G0 Z3.500
G0 X85.585 Y-235.022 F3500
G1 Z0.000 F900
G1 X85.393 Y-235.214 F1400
G1 X85.393 Y-236.174 F1400
G1 X85.777 Y-236.558 F1400
G0 Z3.500
G0 X85.365 Y-236.502 F3500
G1 Z0.000 F900
G1 X86.520 Y-238.297 F1400
G0 Z3.500
G0 X87.603 Y-239.310 F3500
G1 Z0.000 F900
G1 X88.818 Y-238.558 F1400
G1 X89.325 Y-237.262 F1400
G0 Z3.500
G0 X88.656 Y-237.326 F3500
G1 Z0.000 F900
G1 X87.888 Y-236.366 F1400
G1 X87.504 Y-236.366 F1400
G0 Z3.500
G0 X87.012 Y-235.218 F3500
G1 Z0.000 F900
G1 X87.166 Y-233.535 F1400
G1 X87.613 Y-232.524 F1400
G0 Z3.500
G0 X87.046 Y-233.023 F3500
G1 Z0.000 F900
G1 X88.054 Y-231.276 F1400
G1 X89.115 Y-229.727 F1400
G0 Z3.500
G0 X89.383 Y-230.815 F3500
G1 Z0.000 F900
G1 X88.222 Y-228.831 F1400
G0 Z3.500
G0 X88.302 Y-228.265 F3500
G1 Z0.000 F900
G1 X90.263 Y-229.758 F1400
G1 X91.698 Y-231.030 F1400
G0 Z3.500
G0 X91.739 Y-230.796 F3500
G1 Z0.000 F900
G1 X93.356 Y-231.255 F1400
G0 Z3.500
G0 X93.839 Y-230.799 F3500
G1 Z0.000 F900
G1 X92.688 Y-229.647 F1400
G0 Z3.500
G0 X94.614 Y-231.828 F3500
G1 Z0.000 F900
G1 X96.756 Y-231.479 F1400
G0 Z3.500
G0 X96.919 Y-231.512 F3500
G1 Z0.000 F900
G1 X96.058 Y-232.523 F1400
G1 X95.751 Y-233.542 F1400
G0 Z3.500
G0 X94.910 Y-232.368 F3500
G1 Z0.000 F900
G1 X96.466 Y-230.447 F1400
G1 X97.759 Y-228.846 F1400
G0 Z3.500
G0 X97.871 Y-229.071 F3500
G1 Z0.000 F900
G1 X97.679 Y-230.799 F1400
G1 X98.062 Y-231.183 F1400
G0 Z3.500
G0 X98.205 Y-230.420 F3500
G1 Z0.000 F900
G1 X97.863 Y-229.154 F1400
G1 X97.920 Y-227.722 F1400
G0 Z3.500
G0 X97.508 Y-228.740 F3500
G1 Z0.000 F900
G1 X97.813 Y-229.434 F1400
G1 X98.617 Y-229.787 F1400
G0 Z3.500
G0 X99.866 Y-229.610 F3500
G1 Z0.000 F900
G1 X96.987 Y-229.641 F1400
G0 Z3.500
G0 X97.295 Y-231.375 F3500
G1 Z0.000 F900
G1 X95.375 Y-231.375 F1400
G0 Z3.500
G0 X93.967 Y-233.093 F3500
G1 Z0.000 F900
G1 X93.589 Y-233.822 F1400
G1 X92.944 Y-235.032 F1400
G0 Z3.500
G0 X91.475 Y-235.957 F3500
G1 Z0.000 F900
G1 X91.727 Y-234.492 F1400
G1 X91.980 Y-233.320 F1400
G0 Z3.500
G0 X90.735 Y-233.943 F3500
G1 Z0.000 F900
G1 X90.889 Y-234.719 F1400
G1 X90.033 Y-235.718 F1400
G0 Z3.500
G0 X90.000 Y-236.558 F3500
G1 Z0.000 F900
G1 X89.232 Y-235.598 F1400
G1 X89.040 Y-234.830 F1400
G0 Z3.500
G0 X89.390 Y-233.932 F3500
G1 Z0.000 F900
G1 X90.697 Y-234.735 F1400
G1 X90.994 Y-235.729 F1400
G0 Z3.500
G0 X91.031 Y-236.132 F3500
G1 Z0.000 F900
G1 X80.461 Y-224.384 F1400
G0 Z3.500
G0 X82.382 Y-224.823 F3500
G1 Z0.000 F900
G1 X82.220 Y-223.298 F1400
G1 X82.261 Y-221.418 F1400
G0 Z3.500
G0 X81.170 Y-221.201 F3500
G1 Z0.000 F900
G1 X82.513 Y-222.161 F1400
G1 X82.897 Y-222.161 F1400
G1 X83.473 Y-222.929 F1400
G1 X84.433 Y-223.121 F1400
G0 Z3.500
G0 X85.680 Y-223.545 F3500
G1 Z0.000 F900
G1 X85.945 Y-224.939 F1400
G1 X85.873 Y-226.152 F1400
G0 Z3.500
G0 X85.969 Y-226.576 F3500
G1 Z0.000 F900
G1 X87.504 Y-227.920 F1400
G0 Z3.500
G0 X86.409 Y-227.027 F3500
G1 Z0.000 F900
G1 X86.378 Y-227.983 F1400
G1 X85.912 Y-229.580 F1400
G0 Z3.500
G0 X85.449 Y-229.985 F3500
G1 Z0.000 F900
G1 X84.744 Y-228.953 F1400
G1 X83.801 Y-228.542 F1400
G0 Z3.500
G0 X84.049 Y-229.263 F3500
G1 Z0.000 F900
G1 X85.201 Y-230.607 F1400
G1 X85.201 Y-231.183 F1400
G0 Z3.500
G0 X87.024 Y-233.949 F3500
G1 Z0.000 F900
G1 X86.477 Y-235.297 F1400
G1 X85.682 Y-236.096 F1400
G0 Z3.500
G0 X85.396 Y-235.897 F3500
G1 Z0.000 F900
G1 X86.453 Y-237.032 F1400
G1 X88.077 Y-238.370 F1400
G0 Z3.500
G0 X83.631 Y-237.569 F3500
G1 Z0.000 F900
G1 X83.411 Y-236.885 F1400
G1 X83.316 Y-235.547 F1400
G0 Z3.500
G0 X77.714 Y-240.013 F3500
G1 Z0.000 F900
G1 X76.562 Y-239.629 F1400
G1 X75.987 Y-239.054 F1400
G0 Z3.500
G0 X76.008 Y-239.908 F3500
G1 Z0.000 F900
G1 X76.031 Y-241.116 F1400
G1 X75.965 Y-241.654 F1400
G0 Z3.500
G0 X76.179 Y-241.741 F3500
G1 Z0.000 F900
G1 X77.138 Y-242.125 F1400
G1 X77.522 Y-242.701 F1400
G0 Z3.500
G0 X77.870 Y-244.409 F3500
G1 Z0.000 F900
G1 X75.505 Y-243.145 F1400
G0 Z3.500
G0 X74.589 Y-243.570 F3500
G1 Z0.000 F900
G1 X80.455 Y-246.211 F1400
G0 Z3.500
G0 X80.786 Y-246.732 F3500
G1 Z0.000 F900
G1 X80.786 Y-247.692 F1400
G1 X80.594 Y-247.884 F1400
G1 X79.826 Y-247.692 F1400
G1 X79.442 Y-247.308 F1400
G0 Z3.500
G0 X79.284 Y-245.450 F3500
G1 Z0.000 F900
G1 X78.342 Y-247.000 F1400
G1 X78.064 Y-248.782 F1400
G0 Z3.500
G0 X77.522 Y-248.578 F3500
G1 Z0.000 F900
G1 X77.246 Y-250.688 F1400
G1 X76.755 Y-252.949 F1400
G0 Z3.500
G0 X75.867 Y-252.515 F3500
G1 Z0.000 F900
G1 X76.129 Y-250.802 F1400
G0 Z3.500
G0 X75.795 Y-250.188 F3500
G1 Z0.000 F900
G1 X74.067 Y-250.188 F1400
G1 X73.875 Y-249.996 F1400
G0 Z3.500
G0 X73.662 Y-248.880 F3500
G1 Z0.000 F900
G1 X74.906 Y-246.948 F1400
G1 X76.007 Y-244.584 F1400
G0 Z3.500
G0 X75.776 Y-244.995 F3500
G1 Z0.000 F900
G1 X76.474 Y-246.389 F1400
G1 X76.965 Y-248.086 F1400
G0 Z3.500
G0 X77.026 Y-248.124 F3500
G1 Z0.000 F900
G1 X78.168 Y-246.769 F1400
G1 X79.554 Y-245.341 F1400
G0 Z3.500
G0 X75.219 Y-245.388 F3500
G1 Z0.000 F900
G1 X74.835 Y-245.004 F1400
G1 X74.067 Y-244.812 F1400
G1 X73.683 Y-243.853 F1400
G0 Z3.500
G0 X73.994 Y-243.574 F3500
G1 Z0.000 F900
G1 X71.376 Y-241.625 F1400
G0 Z3.500
G0 X72.723 Y-241.165 F3500
G1 Z0.000 F900
G1 X72.147 Y-241.165 F1400
G1 X71.763 Y-240.781 F1400
G1 X71.955 Y-240.397 F1400
G1 X70.228 Y-238.862 F1400
G1 X70.228 Y-238.478 F1400
G0 Z3.500
G0 X70.839 Y-239.148 F3500
G1 Z0.000 F900
G1 X70.221 Y-241.318 F1400
G1 X69.616 Y-242.414 F1400
G0 Z3.500
G0 X69.118 Y-242.140 F3500
G1 Z0.000 F900
G1 X70.624 Y-240.221 F1400
G1 X72.105 Y-239.038 F1400
G0 Z3.500
G0 X70.219 Y-237.410 F3500
G1 Z0.000 F900
G1 X70.996 Y-236.129 F1400
G1 X71.004 Y-234.555 F1400
G0 Z3.500
G0 X70.941 Y-235.549 F3500
G1 Z0.000 F900
G1 X69.073 Y-236.977 F1400
G1 X67.594 Y-239.103 F1400
G0 Z3.500
G0 X68.074 Y-240.695 F3500
G1 Z0.000 F900
G1 X69.169 Y-242.906 F1400
G0 Z3.500
G0 X68.692 Y-243.085 F3500
G1 Z0.000 F900
G1 X69.460 Y-243.277 F1400
G1 X69.652 Y-244.045 F1400
G0 Z3.500
G0 X70.741 Y-244.276 F3500
G1 Z0.000 F900
G1 X70.820 Y-245.971 F1400
G1 X70.866 Y-248.420 F1400
G0 Z3.500
G0 X70.950 Y-247.223 F3500
G1 Z0.000 F900
G1 X70.787 Y-251.563 F1400
G0 Z3.500
G0 X71.055 Y-251.939 F3500
G1 Z0.000 F900
G1 X74.234 Y-252.212 F1400
G0 Z3.500
G0 X73.971 Y-251.417 F3500
G1 Z0.000 F900
G1 X73.041 Y-250.547 F1400
G1 X72.243 Y-249.726 F1400
G0 Z3.500
G0 X72.369 Y-249.671 F3500
G1 Z0.000 F900
G1 X73.412 Y-248.372 F1400
G1 X74.229 Y-246.865 F1400
G0 Z3.500
G0 X73.683 Y-246.348 F3500
G1 Z0.000 F900
G1 X73.107 Y-245.772 F1400
G1 X72.339 Y-245.580 F1400
G0 Z3.500
G0 X71.229 Y-244.932 F3500
G1 Z0.000 F900
G1 X73.427 Y-246.405 F1400
G1 X75.369 Y-247.764 F1400
G0 Z3.500
G0 X75.795 Y-247.884 F3500
G1 Z0.000 F900
G1 X74.643 Y-248.844 F1400
G0 Z3.500
G0 X75.972 Y-248.809 F3500
G1 Z0.000 F900
G1 X74.498 Y-251.055 F1400
G1 X72.930 Y-252.718 F1400
G0 Z3.500
G0 X72.573 Y-251.298 F3500
G1 Z0.000 F900
G1 X72.248 Y-249.988 F1400
G1 X72.105 Y-248.309 F1400
G0 Z3.500
G0 X72.253 Y-248.113 F3500
G1 Z0.000 F900
G1 X71.761 Y-249.627 F1400
G0 Z3.500
G0 X71.151 Y-247.230 F3500
G1 Z0.000 F900
G1 X66.945 Y-244.422 F1400
G0 Z3.500
G0 X66.991 Y-244.345 F3500
G1 Z0.000 F900
G1 X67.270 Y-243.662 F1400
G1 X68.089 Y-242.593 F1400
G0 Z3.500
G0 X68.148 Y-242.708 F3500
G1 Z0.000 F900
G1 X68.637 Y-241.269 F1400
G1 X69.236 Y-239.622 F1400
G0 Z3.500
G0 X67.348 Y-240.781 F3500
G1 Z0.000 F900
G1 X66.004 Y-239.629 F1400
G1 X65.812 Y-238.286 F1400
G0 Z3.500
G0 X64.668 Y-235.700 F3500
G1 Z0.000 F900
G1 X66.467 Y-243.406 F1400
G0 Z3.500
G0 X70.117 Y-245.070 F3500
G1 Z0.000 F900
G1 X70.885 Y-244.086 F1400
G1 X72.258 Y-243.020 F1400
G0 Z3.500
G0 X73.584 Y-245.042 F3500
G1 Z0.000 F900
G1 X73.400 Y-246.202 F1400
G1 X73.398 Y-246.887 F1400
G0 Z3.500
G0 X76.338 Y-251.835 F3500
G1 Z0.000 F900
G1 X90.268 Y-251.658 F1400
G0 Z3.500
G0 X90.104 Y-250.957 F3500
G1 Z0.000 F900
G1 X90.472 Y-249.204 F1400
G1 X91.047 Y-246.731 F1400
G0 Z3.500
G0 X91.923 Y-246.332 F3500
G1 Z0.000 F900
G1 X92.495 Y-247.928 F1400
G1 X93.068 Y-249.820 F1400
G0 Z3.500
G0 X92.937 Y-249.828 F3500
G1 Z0.000 F900
G1 X93.284 Y-251.493 F1400
G1 X93.590 Y-252.851 F1400
G0 Z3.500
G0 X94.394 Y-251.887 F3500
G1 Z0.000 F900
G1 X96.117 Y-250.134 F1400
G1 X98.275 Y-248.488 F1400
G0 Z3.500
G0 X98.171 Y-247.774 F3500
G1 Z0.000 F900
G1 X97.846 Y-246.800 F1400
G1 X97.570 Y-245.691 F1400
G0 Z3.500
G0 X97.002 Y-246.371 F3500
G1 Z0.000 F900
G1 X95.627 Y-248.820 F1400
G1 X94.516 Y-251.317 F1400
G0 Z3.500
G0 X94.630 Y-251.744 F3500
G1 Z0.000 F900
G1 X98.698 Y-250.740 F1400
G0 Z3.500
G0 X98.638 Y-251.147 F3500
G1 Z0.000 F900
G1 X98.638 Y-250.763 F1400
G1 X97.103 Y-249.228 F1400
G0 Z3.500
G0 X96.719 Y-249.036 F3500
G1 Z0.000 F900
G1 X95.567 Y-247.884 F1400
G1 X95.375 Y-246.924 F1400
G0 Z3.500
G0 X94.968 Y-246.287 F3500
G1 Z0.000 F900
G1 X94.148 Y-249.256 F1400
G1 X93.478 Y-251.016 F1400
G0 Z3.500
G0 X93.222 Y-251.270 F3500
G1 Z0.000 F900
G1 X94.312 Y-250.565 F1400
G1 X95.225 Y-249.488 F1400
G0 Z3.500
G0 X95.745 Y-249.317 F3500
G1 Z0.000 F900
G1 X96.091 Y-248.070 F1400
G1 X96.157 Y-246.835 F1400
G0 Z3.500
G0 X97.816 Y-247.377 F3500
G1 Z0.000 F900
G1 X90.129 Y-249.661 F1400
G0 Z3.500
G0 X90.872 Y-250.276 F3500
G1 Z0.000 F900
G1 X92.495 Y-248.220 F1400
G1 X94.503 Y-246.260 F1400
G0 Z3.500
G0 X94.841 Y-245.649 F3500
G1 Z0.000 F900
G1 X94.140 Y-247.100 F1400
G1 X93.221 Y-247.815 F1400
G0 Z3.500
G0 X93.132 Y-247.995 F3500
G1 Z0.000 F900
G1 X93.159 Y-247.237 F1400
G1 X93.011 Y-246.621 F1400
G0 Z3.500
G0 X93.263 Y-247.308 F3500
G1 Z0.000 F900
G1 X93.839 Y-247.116 F1400
G1 X95.951 Y-249.420 F1400
G0 Z3.500
G0 X95.567 Y-250.379 F3500
G1 Z0.000 F900
G1 X96.143 Y-250.955 F1400
G1 X96.143 Y-251.723 F1400
G0 Z3.500
G0 X94.031 Y-249.996 F3500
G1 Z0.000 F900
G1 X93.071 Y-250.379 F1400
G1 X91.536 Y-250.571 F1400
G0 Z3.500
G0 X91.339 Y-250.382 F3500
G1 Z0.000 F900
G1 X91.064 Y-251.638 F1400
G1 X90.965 Y-253.064 F1400
G0 Z3.500
G0 X89.990 Y-252.780 F3500
G1 Z0.000 F900
G1 X92.950 Y-250.168 F1400
G0 Z3.500
G0 X94.031 Y-249.804 F3500
G1 Z0.000 F900
G1 X93.647 Y-249.420 F1400
G1 X93.647 Y-248.268 F1400
G1 X93.263 Y-247.500 F1400
G0 Z3.500
G0 X91.640 Y-249.997 F3500
G1 Z0.000 F900
G1 X92.783 Y-250.271 F1400
G1 X93.351 Y-251.530 F1400
G0 Z3.500
G0 X92.114 Y-252.663 F3500
G1 Z0.000 F900
G1 X100.727 Y-246.150 F1400
G0 Z3.500
G0 X99.034 Y-245.697 F3500
G1 Z0.000 F900
G1 X99.133 Y-244.662 F1400
G1 X99.779 Y-243.545 F1400
G0 Z3.500
G0 X99.944 Y-243.261 F3500
G1 Z0.000 F900
G1 X100.490 Y-241.334 F1400
G1 X101.172 Y-239.837 F1400
G0 Z3.500
G0 X100.558 Y-239.438 F3500
G1 Z0.000 F900
G1 X101.326 Y-238.670 F1400
G1 X101.326 Y-238.094 F1400
G0 Z3.500
G0 X101.811 Y-237.667 F3500
G1 Z0.000 F900
G1 X102.674 Y-236.142 F1400
G1 X103.528 Y-234.297 F1400
G0 Z3.500
G0 X105.049 Y-233.557 F3500
G1 Z0.000 F900
G1 X105.100 Y-230.914 F1400
G0 Z3.500
G0 X104.159 Y-231.397 F3500
G1 Z0.000 F900
G1 X104.442 Y-228.041 F1400
G0 Z3.500
G0 X104.265 Y-228.046 F3500
G1 Z0.000 F900
G1 X103.735 Y-229.284 F1400
G1 X103.378 Y-231.249 F1400
G0 Z3.500
G0 X103.821 Y-231.375 F3500
G1 Z0.000 F900
G1 X104.013 Y-228.879 F1400
G0 Z3.500
G0 X106.701 Y-230.223 F3500
G1 Z0.000 F900
G1 X106.317 Y-231.951 F1400
G1 X105.933 Y-232.527 F1400
G0 Z3.500
G0 X106.267 Y-233.060 F3500
G1 Z0.000 F900
G1 X106.950 Y-230.411 F1400
G0 Z3.500
G0 X108.245 Y-229.969 F3500
G1 Z0.000 F900
G1 X108.155 Y-231.835 F1400
G1 X107.845 Y-233.549 F1400
G0 Z3.500
G0 X107.764 Y-233.552 F3500
G1 Z0.000 F900
G1 X108.571 Y-231.570 F1400
G0 Z3.500
G0 X110.053 Y-231.056 F3500
G1 Z0.000 F900
G1 X110.443 Y-232.335 F1400
G1 X111.027 Y-233.230 F1400
G0 Z3.500
G0 X110.906 Y-232.702 F3500
G1 Z0.000 F900
G1 X110.377 Y-234.006 F1400
G1 X110.559 Y-234.656 F1400
G0 Z3.500
G0 X109.440 Y-234.129 F3500
G1 Z0.000 F900
G1 X112.224 Y-229.275 F1400
G0 Z3.500
G0 X112.268 Y-229.071 F3500
G1 Z0.000 F900
G1 X110.732 Y-230.991 F1400
G1 X109.772 Y-232.719 F1400
G1 X109.772 Y-233.295 F1400
G1 X109.388 Y-233.679 F1400
G0 Z3.500
G0 X109.162 Y-233.525 F3500
G1 Z0.000 F900
G1 X111.771 Y-228.949 F1400
G0 Z3.500
G0 X111.000 Y-228.356 F3500
G1 Z0.000 F900
G1 X111.383 Y-229.604 F1400
G1 X111.232 Y-229.787 F1400
G0 Z3.500
G0 X110.543 Y-229.903 F3500
G1 Z0.000 F900
G1 X109.014 Y-233.095 F1400
G0 Z3.500
G0 X108.812 Y-233.487 F3500
G1 Z0.000 F900
G1 X108.812 Y-232.719 F1400
G1 X110.348 Y-230.031 F1400
G0 Z3.500
G0 X112.643 Y-230.162 F3500
G1 Z0.000 F900
G1 X109.887 Y-236.693 F1400
G0 Z3.500
G0 X108.986 Y-237.266 F3500
G1 Z0.000 F900
G1 X107.033 Y-240.742 F1400
G0 Z3.500
G0 X106.701 Y-240.205 F3500
G1 Z0.000 F900
G1 X107.277 Y-239.821 F1400
G1 X107.469 Y-239.054 F1400
G1 X108.812 Y-237.134 F1400
G0 Z3.500
G0 X107.983 Y-237.479 F3500
G1 Z0.000 F900
G1 X108.336 Y-238.711 F1400
G1 X108.490 Y-239.476 F1400
G0 Z3.500
G0 X109.555 Y-239.186 F3500
G1 Z0.000 F900
G1 X109.824 Y-239.008 F1400
G1 X109.989 Y-238.153 F1400
G0 Z3.500
G0 X110.732 Y-238.094 F3500
G1 Z0.000 F900
G1 X110.156 Y-236.750 F1400
G1 X110.156 Y-234.830 F1400
G1 X111.500 Y-231.951 F1400
G1 X113.036 Y-230.415 F1400
G0 Z3.500
G0 X114.379 Y-230.991 F3500
G1 Z0.000 F900
G1 X112.076 Y-233.295 F1400
G0 Z3.500
G0 X112.520 Y-233.505 F3500
G1 Z0.000 F900
G1 X114.457 Y-231.360 F1400
G0 Z3.500
G0 X115.311 Y-230.871 F3500
G1 Z0.000 F900
G1 X113.677 Y-235.925 F1400
G0 Z3.500
G0 X113.567 Y-235.726 F3500
G1 Z0.000 F900
G1 X112.909 Y-237.905 F1400
G0 Z3.500
G0 X112.652 Y-237.902 F3500
G1 Z0.000 F900
G1 X113.420 Y-235.598 F1400
G0 Z3.500
G0 X114.188 Y-236.174 F3500
G1 Z0.000 F900
G1 X114.188 Y-235.214 F1400
G1 X115.147 Y-232.335 F1400
G0 Z3.500
G0 X115.374 Y-232.099 F3500
G1 Z0.000 F900
G1 X114.352 Y-236.403 F1400
G0 Z3.500
G0 X115.723 Y-236.366 F3500
G1 Z0.000 F900
G1 X115.531 Y-236.558 F1400
G1 X115.531 Y-239.438 F1400
G0 Z3.500
G0 X116.107 Y-240.589 F3500
G1 Z0.000 F900
G1 X115.339 Y-242.125 F1400
G1 X113.420 Y-244.045 F1400
G0 Z3.500
G0 X113.750 Y-244.084 F3500
G1 Z0.000 F900
G1 X115.660 Y-242.393 F1400
G0 Z3.500
G0 X115.710 Y-241.248 F3500
G1 Z0.000 F900
G1 X112.143 Y-244.642 F1400
G0 Z3.500
G0 X112.393 Y-244.723 F3500
G1 Z0.000 F900
G1 X110.490 Y-247.853 F1400
G0 Z3.500
G0 X109.887 Y-247.685 F3500
G1 Z0.000 F900
G1 X111.245 Y-245.378 F1400
G0 Z3.500
G0 X111.308 Y-245.580 F3500
G1 Z0.000 F900
G1 X110.924 Y-246.732 F1400
G1 X109.964 Y-248.076 F1400
G1 X109.004 Y-247.692 F1400
G0 Z3.500
G0 X109.388 Y-246.348 F3500
G1 Z0.000 F900
G1 X109.964 Y-245.004 F1400
G1 X110.924 Y-243.661 F1400
G1 X111.308 Y-243.469 F1400
G0 Z3.500
G0 X111.280 Y-243.491 F3500
G1 Z0.000 F900
G1 X111.181 Y-244.237 F1400
G1 X110.952 Y-244.982 F1400
G0 Z3.500
G0 X109.868 Y-245.240 F3500
G1 Z0.000 F900
G1 X114.676 Y-240.677 F1400
G0 Z3.500
G0 X113.420 Y-240.973 F3500
G1 Z0.000 F900
G1 X113.228 Y-240.205 F1400
G1 X113.612 Y-239.629 F1400
G1 X113.612 Y-239.054 F1400
G0 Z3.500
G0 X113.233 Y-240.937 F3500
G1 Z0.000 F900
G1 X109.110 Y-245.456 F1400
G0 Z3.500
G0 X107.930 Y-245.648 F3500
G1 Z0.000 F900
G1 X107.833 Y-246.695 F1400
G1 X107.391 Y-248.200 F1400
G0 Z3.500
G0 X106.509 Y-247.116 F3500
G1 Z0.000 F900
G1 X106.509 Y-246.540 F1400
G1 X107.085 Y-245.964 F1400
G1 X107.661 Y-246.156 F1400
G0 Z3.500
G0 X107.235 Y-244.999 F3500
G1 Z0.000 F900
G1 X108.161 Y-243.728 F1400
G1 X108.854 Y-242.322 F1400
G0 Z3.500
G0 X108.045 Y-241.741 F3500
G1 Z0.000 F900
G1 X108.812 Y-240.397 F1400
G1 X110.540 Y-238.862 F1400
G0 Z3.500
G0 X110.039 Y-238.999 F3500
G1 Z0.000 F900
G1 X107.213 Y-244.068 F1400
G0 Z3.500
G0 X105.614 Y-240.834 F3500
G1 Z0.000 F900
G1 X104.508 Y-241.942 F1400
G1 X102.797 Y-243.416 F1400
G0 Z3.500
G0 X102.297 Y-242.939 F3500
G1 Z0.000 F900
G1 X98.085 Y-247.372 F1400
G0 Z3.500
G0 X100.452 Y-249.177 F3500
G1 Z0.000 F900
G1 X101.052 Y-246.516 F1400
G1 X102.200 Y-244.671 F1400
G0 Z3.500
G0 X103.292 Y-245.149 F3500
G1 Z0.000 F900
G1 X102.803 Y-243.292 F1400
G1 X102.815 Y-241.789 F1400
G0 Z3.500
G0 X101.134 Y-241.357 F3500
G1 Z0.000 F900
G1 X100.366 Y-241.933 F1400
G1 X100.366 Y-242.893 F1400
G1 X100.174 Y-243.085 F1400
G1 X99.790 Y-243.085 F1400
G1 X99.022 Y-242.317 F1400
G0 Z3.500
G0 X99.395 Y-240.620 F3500
G1 Z0.000 F900
G1 X97.445 Y-240.856 F1400
G0 Z3.500
G0 X99.062 Y-240.567 F3500
G1 Z0.000 F900
G1 X97.063 Y-238.891 F1400
G1 X95.911 Y-237.540 F1400
G0 Z3.500
G0 X104.781 Y-240.973 F3500
G1 Z0.000 F900
G1 X105.165 Y-240.397 F1400
G1 X105.357 Y-239.438 F1400
G1 X105.741 Y-239.054 F1400
G0 Z3.500
G0 X107.188 Y-235.698 F3500
G1 Z0.000 F900
G1 X107.570 Y-233.564 F1400
G0 Z3.500
G0 X108.812 Y-233.679 F3500
G1 Z0.000 F900
G1 X108.237 Y-234.638 F1400
G1 X108.429 Y-235.406 F1400
G0 Z3.500
G0 X108.429 Y-228.304 F3500
G1 Z0.000 F900
G1 X108.621 Y-226.768 F1400
G0 Z3.500
G0 X108.638 Y-228.238 F3500
G1 Z0.000 F900
G1 X109.726 Y-225.553 F1400
G0 Z3.500
G0 X111.308 Y-224.848 F3500
G1 Z0.000 F900
G1 X109.964 Y-227.152 F1400
G1 X109.964 Y-227.536 F1400
G0 Z3.500
G0 X115.476 Y-228.522 F3500
G1 Z0.000 F900
G1 X116.078 Y-224.702 F1400
G0 Z3.500
G0 X116.326 Y-225.260 F3500
G1 Z0.000 F900
G1 X116.403 Y-226.110 F1400
G1 X116.656 Y-226.356 F1400
G0 Z3.500
G0 X116.299 Y-225.616 F3500
G1 Z0.000 F900
G1 X116.107 Y-227.536 F1400
G0 Z3.500
G0 X116.490 Y-228.209 F3500
G1 Z0.000 F900
G1 X117.188 Y-224.167 F1400
G0 Z3.500
G0 X117.451 Y-229.455 F3500
G1 Z0.000 F900
G1 X116.875 Y-230.415 F1400
G1 X116.299 Y-232.719 F1400
G0 Z3.500
G0 X116.288 Y-233.120 F3500
G1 Z0.000 F900
G1 X117.513 Y-229.919 F1400
G0 Z3.500
G0 X118.795 Y-230.415 F3500
G1 Z0.000 F900
G1 X118.219 Y-231.759 F1400
G1 X117.643 Y-232.335 F1400
G1 X117.643 Y-232.911 F1400
G1 X116.875 Y-234.254 F1400
G1 X116.875 Y-234.830 F1400
G1 X116.299 Y-236.174 F1400
G0 Z3.500
G0 X116.007 Y-236.631 F3500
G1 Z0.000 F900
G1 X117.216 Y-235.290 F1400
G1 X118.127 Y-233.798 F1400
G0 Z3.500
G0 X117.052 Y-234.635 F3500
G1 Z0.000 F900
G1 X117.872 Y-233.614 F1400
G1 X118.233 Y-232.338 F1400
G0 Z3.500
G0 X116.887 Y-231.360 F3500
G1 Z0.000 F900
G1 X116.329 Y-232.506 F1400
G1 X116.095 Y-233.310 F1400
G0 Z3.500
G0 X115.634 Y-235.711 F3500
G1 Z0.000 F900
G1 X115.384 Y-238.135 F1400
G0 Z3.500
G0 X116.864 Y-237.144 F3500
G1 Z0.000 F900
G1 X119.951 Y-229.452 F1400
G0 Z3.500
G0 X119.946 Y-230.415 F3500
G1 Z0.000 F900
G1 X118.987 Y-232.335 F1400
G1 X118.987 Y-232.911 F1400
G1 X118.411 Y-233.871 F1400
G1 X118.219 Y-235.022 F1400
G1 X117.835 Y-235.406 F1400
G1 X117.451 Y-236.558 F1400
G1 X117.643 Y-237.518 F1400
G0 Z3.500
G0 X117.617 Y-237.728 F3500
G1 Z0.000 F900
G1 X117.278 Y-238.914 F1400
G1 X116.901 Y-239.227 F1400
G0 Z3.500
G0 X117.501 Y-237.352 F3500
G1 Z0.000 F900
G1 X120.830 Y-228.847 F1400
G0 Z3.500
G0 X122.058 Y-233.295 F3500
G1 Z0.000 F900
G1 X120.330 Y-235.022 F1400
G0 Z3.500
G0 X122.442 Y-234.830 F3500
G1 Z0.000 F900
G1 X120.714 Y-237.710 F1400
G0 Z3.500
G0 X122.146 Y-237.507 F3500
G1 Z0.000 F900
G1 X122.892 Y-236.081 F1400
G0 Z3.500
G0 X122.777 Y-235.912 F3500
G1 Z0.000 F900
G1 X123.611 Y-234.626 F1400
G1 X124.026 Y-232.980 F1400
G0 Z3.500
G0 X127.049 Y-232.335 F3500
G1 Z0.000 F900
G1 X125.513 Y-233.295 F1400
G1 X123.018 Y-236.174 F1400
G1 X123.018 Y-236.942 F1400
G1 X122.634 Y-237.326 F1400
G1 X122.826 Y-237.710 F1400
G0 Z3.500
G0 X122.536 Y-237.708 F3500
G1 Z0.000 F900
G1 X126.963 Y-231.977 F1400
G0 Z3.500
G0 X129.161 Y-230.031 F3500
G1 Z0.000 F900
G1 X129.929 Y-229.263 F1400
G1 X130.121 Y-228.688 F1400
G0 Z3.500
G0 X132.040 Y-229.263 F3500
G1 Z0.000 F900
G1 X131.656 Y-229.647 F1400
G1 X131.272 Y-229.647 F1400
G1 X130.504 Y-230.415 F1400
G1 X130.312 Y-230.991 F1400
G0 Z3.500
G0 X133.645 Y-231.317 F3500
G1 Z0.000 F900
G1 X133.470 Y-232.264 F1400
G1 X133.507 Y-233.352 F1400
G0 Z3.500
G0 X133.576 Y-232.719 F3500
G1 Z0.000 F900
G1 X134.344 Y-232.143 F1400
G1 X136.071 Y-229.071 F1400
G0 Z3.500
G0 X136.110 Y-229.364 F3500
G1 Z0.000 F900
G1 X133.525 Y-234.431 F1400
G0 Z3.500
G0 X134.554 Y-233.550 F3500
G1 Z0.000 F900
G1 X134.644 Y-234.145 F1400
G1 X134.901 Y-234.959 F1400
G0 Z3.500
G0 X136.263 Y-233.679 F3500
G1 Z0.000 F900
G1 X137.607 Y-232.143 F1400
G0 Z3.500
G0 X134.920 Y-238.670 F3500
G1 Z0.000 F900
G1 X133.768 Y-240.781 F1400
G1 X133.384 Y-242.125 F1400
G1 X133.000 Y-242.509 F1400
G1 X132.424 Y-244.237 F1400
G1 X132.424 Y-245.004 F1400
G1 X131.656 Y-246.156 F1400
G1 X131.656 Y-246.540 F1400
G0 Z3.500
G0 X132.344 Y-246.284 F3500
G1 Z0.000 F900
G1 X131.878 Y-251.585 F1400
G0 Z3.500
G0 X131.848 Y-252.107 F3500
G1 Z0.000 F900
G1 X126.665 Y-252.107 F1400
G0 Z3.500
G0 X126.326 Y-251.489 F3500
G1 Z0.000 F900
G1 X126.502 Y-250.603 F1400
G1 X126.621 Y-249.654 F1400
G0 Z3.500
G0 X127.241 Y-249.612 F3500
G1 Z0.000 F900
G1 X126.089 Y-250.571 F1400
G1 X125.705 Y-251.339 F1400
G1 X125.705 Y-251.915 F1400
G0 Z3.500
G0 X125.428 Y-251.166 F3500
G1 Z0.000 F900
G1 X127.399 Y-248.322 F1400
G0 Z3.500
G0 X127.103 Y-247.692 F3500
G1 Z0.000 F900
G1 X125.955 Y-246.015 F1400
G1 X125.843 Y-244.621 F1400
G0 Z3.500
G0 X124.997 Y-244.149 F3500
G1 Z0.000 F900
G1 X125.217 Y-243.494 F1400
G1 X124.878 Y-242.788 F1400
G0 Z3.500
G0 X125.321 Y-243.085 F3500
G1 Z0.000 F900
G1 X124.938 Y-243.085 F1400
G1 X123.978 Y-244.045 F1400
G0 Z3.500
G0 X123.917 Y-244.927 F3500
G1 Z0.000 F900
G1 X125.658 Y-242.818 F1400
G0 Z3.500
G0 X127.149 Y-242.549 F3500
G1 Z0.000 F900
G1 X127.416 Y-243.507 F1400
G1 X127.333 Y-243.621 F1400
G0 Z3.500
G0 X127.241 Y-244.045 F3500
G1 Z0.000 F900
G1 X127.241 Y-245.388 F1400
G1 X127.049 Y-245.580 F1400
G0 Z3.500
G0 X127.116 Y-245.683 F3500
G1 Z0.000 F900
G1 X125.092 Y-247.485 F1400
G0 Z3.500
G0 X125.255 Y-246.701 F3500
G1 Z0.000 F900
G1 X122.697 Y-248.653 F1400
G0 Z3.500
G0 X122.765 Y-248.522 F3500
G1 Z0.000 F900
G1 X120.725 Y-251.065 F1400
G0 Z3.500
G0 X120.830 Y-251.053 F3500
G1 Z0.000 F900
G1 X121.475 Y-250.243 F1400
G1 X122.134 Y-248.938 F1400
G0 Z3.500
G0 X121.708 Y-249.265 F3500
G1 Z0.000 F900
G1 X122.732 Y-250.302 F1400
G1 X123.176 Y-251.110 F1400
G0 Z3.500
G0 X122.634 Y-252.107 F3500
G1 Z0.000 F900
G1 X123.210 Y-250.571 F1400
G1 X122.826 Y-249.996 F1400
G0 Z3.500
G0 X123.256 Y-249.092 F3500
G1 Z0.000 F900
G1 X121.867 Y-251.758 F1400
G0 Z3.500
G0 X120.694 Y-251.629 F3500
G1 Z0.000 F900
G1 X120.487 Y-250.091 F1400
G1 X119.966 Y-247.978 F1400
G0 Z3.500
G0 X119.904 Y-248.525 F3500
G1 Z0.000 F900
G1 X121.680 Y-246.023 F1400
G0 Z3.500
G0 X122.052 Y-246.217 F3500
G1 Z0.000 F900
G1 X120.082 Y-250.385 F1400
G0 Z3.500
G0 X119.946 Y-251.339 F3500
G1 Z0.000 F900
G1 X119.946 Y-250.188 F1400
G1 X120.522 Y-248.844 F1400
G1 X120.330 Y-248.460 F1400
G1 X121.290 Y-247.308 F1400
G1 X121.290 Y-246.924 F1400
G1 X121.866 Y-246.348 F1400
G1 X122.250 Y-245.388 F1400
G0 Z3.500
G0 X121.837 Y-245.193 F3500
G1 Z0.000 F900
G1 X122.523 Y-244.388 F1400
G1 X122.663 Y-242.513 F1400
G0 Z3.500
G0 X122.251 Y-243.658 F3500
G1 Z0.000 F900
G1 X123.335 Y-245.065 F1400
G1 X124.168 Y-245.583 F1400
G0 Z3.500
G0 X125.705 Y-246.348 F3500
G1 Z0.000 F900
G1 X124.170 Y-248.268 F1400
G0 Z3.500
G0 X123.217 Y-247.123 F3500
G1 Z0.000 F900
G1 X122.936 Y-245.614 F1400
G1 X122.819 Y-244.037 F1400
G0 Z3.500
G0 X122.653 Y-243.872 F3500
G1 Z0.000 F900
G1 X121.687 Y-245.067 F1400
G0 Z3.500
G0 X120.322 Y-244.535 F3500
G1 Z0.000 F900
G1 X118.510 Y-249.696 F1400
G0 Z3.500
G0 X118.411 Y-249.612 F3500
G1 Z0.000 F900
G1 X118.795 Y-247.500 F1400
G1 X120.138 Y-244.812 F1400
G1 X120.138 Y-244.429 F1400
G0 Z3.500
G0 X119.826 Y-244.107 F3500
G1 Z0.000 F900
G1 X119.365 Y-241.704 F1400
G0 Z3.500
G0 X119.946 Y-240.781 F3500
G1 Z0.000 F900
G1 X119.754 Y-240.973 F1400
G1 X119.754 Y-242.701 F1400
G1 X119.946 Y-243.661 F1400
G0 Z3.500
G0 X120.522 Y-242.893 F3500
G1 Z0.000 F900
G1 X120.906 Y-241.933 F1400
G1 X123.018 Y-239.821 F1400
G0 Z3.500
G0 X125.001 Y-240.970 F3500
G1 Z0.000 F900
G1 X126.288 Y-238.258 F1400
G0 Z3.500
G0 X126.281 Y-238.094 F3500
G1 Z0.000 F900
G1 X125.321 Y-239.054 F1400
G1 X124.938 Y-240.205 F1400
G1 X124.938 Y-241.165 F1400
G0 Z3.500
G0 X127.817 Y-240.205 F3500
G1 Z0.000 F900
G1 X128.201 Y-239.246 F1400
G1 X129.353 Y-237.902 F1400
G0 Z3.500
G0 X130.312 Y-239.438 F3500
G1 Z0.000 F900
G1 X131.656 Y-238.094 F1400
G1 X132.424 Y-237.710 F1400
G0 Z3.500
G0 X131.621 Y-238.264 F3500
G1 Z0.000 F900
G1 X130.170 Y-240.657 F1400
G0 Z3.500
G0 X129.545 Y-244.237 F3500
G1 Z0.000 F900
G1 X129.353 Y-244.429 F1400
G1 X129.353 Y-246.156 F1400
G1 X128.777 Y-246.348 F1400
G0 Z3.500
G0 X132.217 Y-247.599 F3500
G1 Z0.000 F900
G1 X134.380 Y-242.422 F1400
G0 Z3.500
G0 X133.768 Y-244.237 F3500
G1 Z0.000 F900
G1 X133.192 Y-245.964 F1400
G1 X132.616 Y-246.732 F1400
G1 X132.616 Y-248.460 F1400
G0 Z3.500
G0 X132.808 Y-248.652 F3500
G1 Z0.000 F900
G1 X133.192 Y-248.652 F1400
G1 X133.768 Y-248.076 F1400
G1 X134.152 Y-246.348 F1400
G0 Z3.500
G0 X134.729 Y-245.577 F3500
G1 Z0.000 F900
G1 X133.838 Y-248.716 F1400
G0 Z3.500
G0 X133.122 Y-248.783 F3500
G1 Z0.000 F900
G1 X133.797 Y-247.853 F1400
G1 X133.646 Y-247.369 F1400
G0 Z3.500
G0 X132.929 Y-247.242 F3500
G1 Z0.000 F900
G1 X132.745 Y-245.918 F1400
G1 X132.687 Y-245.071 F1400
G0 Z3.500
G0 X135.304 Y-246.540 F3500
G1 Z0.000 F900
G1 X135.304 Y-248.652 F1400
G0 Z3.500
G0 X134.652 Y-247.895 F3500
G1 Z0.000 F900
G1 X134.992 Y-249.345 F1400
G1 X135.187 Y-250.944 F1400
G0 Z3.500
G0 X132.232 Y-252.107 F3500
G1 Z0.000 F900
G1 X155.076 Y-252.107 F1400
G1 X155.268 Y-252.299 F1400
G0 Z3.500
G0 X156.996 Y-252.107 F3500
G1 Z0.000 F900
G1 X160.451 Y-252.107 F1400
G1 X161.219 Y-252.299 F1400
G1 X161.411 Y-252.107 F1400
G1 X172.545 Y-252.107 F1400
G1 X172.737 Y-251.915 F1400
G1 X172.929 Y-240.013 F1400
G1 X172.737 Y-239.821 F1400
G1 X172.737 Y-226.000 F1400
G1 X172.545 Y-225.616 F1400
G1 X172.929 Y-224.464 F1400
G1 X172.929 Y-222.161 F1400
G1 X172.737 Y-221.969 F1400
G1 X172.929 Y-213.330 F1400
G1 X172.737 Y-213.138 F1400
G1 X172.737 Y-201.045 F1400
G1 X172.929 Y-200.853 F1400
G1 X172.929 Y-199.893 F1400
G1 X172.737 Y-199.701 F1400
G1 X172.737 Y-198.357 F1400
G1 X172.929 Y-198.165 F1400
G1 X172.929 Y-167.067 F1400
G1 X173.121 Y-166.875 F1400
G1 X172.929 Y-166.683 F1400
G1 X172.929 Y-165.339 F1400
G1 X173.121 Y-165.147 F1400
G1 X172.929 Y-164.955 F1400
G1 X172.929 Y-160.348 F1400
G1 X173.121 Y-160.156 F1400
G1 X172.929 Y-159.964 F1400
G1 X172.929 Y-157.661 F1400
G0 Z3.500
G0 X172.161 Y-155.357 F3500
G1 Z0.000 F900
G1 X171.777 Y-154.973 F1400
G1 X171.969 Y-153.821 F1400
G1 X170.817 Y-152.478 F1400
G0 Z3.500
G0 X170.625 Y-152.478 F3500
G1 Z0.000 F900
G1 X169.281 Y-154.205 F1400
G1 X168.321 Y-154.205 F1400
G1 X167.362 Y-153.821 F1400
G0 Z3.500
G0 X167.170 Y-153.629 F3500
G1 Z0.000 F900
G1 X167.362 Y-153.438 F1400
G1 X167.170 Y-151.326 F1400
G0 Z3.500
G0 X167.362 Y-151.134 F3500
G1 Z0.000 F900
G1 X167.554 Y-151.326 F1400
G1 X169.473 Y-151.326 F1400
G1 X170.241 Y-151.902 F1400
G1 X170.625 Y-151.902 F1400
G0 Z3.500
G0 X171.585 Y-150.942 F3500
G1 Z0.000 F900
G1 X173.504 Y-152.862 F1400
G1 X173.504 Y-153.438 F1400
G0 Z3.500
G0 X173.796 Y-153.411 F3500
G1 Z0.000 F900
G1 X173.884 Y-146.207 F1400
G0 Z3.500
G0 X173.121 Y-145.183 F3500
G1 Z0.000 F900
G1 X173.312 Y-146.719 F1400
G1 X172.737 Y-147.871 F1400
G1 X172.737 Y-148.446 F1400
G1 X171.777 Y-149.406 F1400
G0 Z3.500
G0 X171.393 Y-150.174 F3500
G1 Z0.000 F900
G1 X169.281 Y-148.062 F1400
G1 X168.129 Y-148.254 F1400
G1 X167.170 Y-148.830 F1400
G0 Z3.500
G0 X166.786 Y-148.254 F3500
G1 Z0.000 F900
G1 X166.594 Y-148.062 F1400
G1 X165.442 Y-148.254 F1400
G1 X164.674 Y-149.022 F1400
G0 Z3.500
G0 X163.963 Y-149.069 F3500
G1 Z0.000 F900
G1 X164.178 Y-153.401 F1400
G0 Z3.500
G0 X163.138 Y-152.670 F3500
G1 Z0.000 F900
G1 X163.330 Y-151.902 F1400
G1 X164.290 Y-151.710 F1400
G0 Z3.500
G0 X164.674 Y-151.710 F3500
G1 Z0.000 F900
G1 X165.826 Y-150.750 F1400
G0 Z3.500
G0 X166.291 Y-151.589 F3500
G1 Z0.000 F900
G1 X160.656 Y-151.347 F1400
G1 X155.378 Y-151.063 F1400
G0 Z3.500
G0 X155.595 Y-151.428 F3500
G1 Z0.000 F900
G1 X150.280 Y-150.536 F1400
G1 X145.726 Y-149.304 F1400
G0 Z3.500
G0 X146.246 Y-149.214 F3500
G1 Z0.000 F900
G1 X145.094 Y-149.022 F1400
G1 X144.710 Y-148.446 F1400
G1 X144.326 Y-148.446 F1400
G1 X143.942 Y-148.062 F1400
G0 Z3.500
G0 X143.347 Y-147.201 F3500
G1 Z0.000 F900
G1 X147.511 Y-148.017 F1400
G1 X151.064 Y-148.924 F1400
G0 Z3.500
G0 X151.648 Y-148.741 F3500
G1 Z0.000 F900
G1 X154.994 Y-149.351 F1400
G1 X158.120 Y-150.456 F1400
G0 Z3.500
G0 X157.763 Y-150.558 F3500
G1 Z0.000 F900
G1 X157.379 Y-150.174 F1400
G1 X157.571 Y-149.406 F1400
G1 X157.379 Y-148.638 F1400
G0 Z3.500
G0 X156.228 Y-149.214 F3500
G1 Z0.000 F900
G1 X156.228 Y-150.174 F1400
G1 X156.612 Y-150.750 F1400
G1 X156.612 Y-151.518 F1400
G0 Z3.500
G0 X156.612 Y-151.518 F3500
G1 Z0.000 F900
G1 X157.571 Y-152.094 F1400
G1 X157.571 Y-152.478 F1400
G0 Z3.500
G0 X158.543 Y-153.027 F3500
G1 Z0.000 F900
G1 X154.639 Y-153.955 F1400
G1 X150.841 Y-154.615 F1400
G0 Z3.500
G0 X150.661 Y-153.821 F3500
G1 Z0.000 F900
G1 X152.388 Y-154.205 F1400
G1 X153.732 Y-154.205 F1400
G1 X156.036 Y-154.781 F1400
G0 Z3.500
G0 X156.036 Y-154.781 F3500
G1 Z0.000 F900
G1 X156.804 Y-155.165 F1400
G1 X160.067 Y-155.549 F1400
G1 X160.835 Y-155.933 F1400
G1 X162.179 Y-155.933 F1400
G1 X162.562 Y-155.357 F1400
G1 X163.714 Y-155.357 F1400
G0 Z3.500
G0 X163.977 Y-157.220 F3500
G1 Z0.000 F900
G1 X159.941 Y-155.833 F1400
G1 X156.157 Y-154.646 F1400
G0 Z3.500
G0 X154.884 Y-151.902 F3500
G1 Z0.000 F900
G1 X155.460 Y-152.094 F1400
G1 X156.612 Y-151.518 F1400
G0 Z3.500
G0 X159.491 Y-150.558 F3500
G1 Z0.000 F900
G1 X160.259 Y-150.750 F1400
G1 X160.643 Y-151.134 F1400
G1 X160.643 Y-151.518 F1400
G0 Z3.500
G0 X163.138 Y-151.134 F3500
G1 Z0.000 F900
G1 X164.674 Y-150.174 F1400
G0 Z3.500
G0 X164.744 Y-151.931 F3500
G1 Z0.000 F900
G1 X168.846 Y-151.326 F1400
G1 X172.666 Y-150.337 F1400
G0 Z3.500
G0 X171.392 Y-148.251 F3500
G1 Z0.000 F900
G1 X173.287 Y-144.911 F1400
G0 Z3.500
G0 X173.033 Y-142.564 F3500
G1 Z0.000 F900
G1 X170.851 Y-143.207 F1400
G0 Z3.500
G0 X171.719 Y-142.765 F3500
G1 Z0.000 F900
G1 X169.127 Y-141.902 F1400
G0 Z3.500
G0 X169.273 Y-141.120 F3500
G1 Z0.000 F900
G1 X167.813 Y-139.458 F1400
G0 Z3.500
G0 X167.999 Y-138.530 F3500
G1 Z0.000 F900
G1 X170.944 Y-137.222 F1400
G1 X173.635 Y-136.479 F1400
G0 Z3.500
G0 X173.711 Y-136.328 F3500
G1 Z0.000 F900
G1 X172.538 Y-137.566 F1400
G1 X172.146 Y-139.449 F1400
G0 Z3.500
G0 X172.051 Y-139.224 F3500
G1 Z0.000 F900
G1 X170.192 Y-138.889 F1400
G0 Z3.500
G0 X170.433 Y-138.656 F3500
G1 Z0.000 F900
G1 X172.545 Y-138.656 F1400
G1 X174.080 Y-137.504 F1400
G0 Z3.500
G0 X174.104 Y-137.610 F3500
G1 Z0.000 F900
G1 X173.189 Y-139.314 F1400
G0 Z3.500
G0 X173.109 Y-139.587 F3500
G1 Z0.000 F900
G1 X173.777 Y-140.727 F1400
G1 X174.668 Y-141.949 F1400
G0 Z3.500
G0 X171.351 Y-141.248 F3500
G1 Z0.000 F900
G1 X169.149 Y-140.700 F1400
G0 Z3.500
G0 X169.945 Y-140.399 F3500
G1 Z0.000 F900
G1 X168.265 Y-141.896 F1400
G1 X166.698 Y-143.440 F1400
G0 Z3.500
G0 X166.507 Y-143.613 F3500
G1 Z0.000 F900
G1 X169.336 Y-142.732 F1400
G0 Z3.500
G0 X169.281 Y-142.879 F3500
G1 Z0.000 F900
G1 X168.705 Y-142.879 F1400
G1 X167.938 Y-142.112 F1400
G0 Z3.500
G0 X168.129 Y-141.536 F3500
G1 Z0.000 F900
G1 X168.705 Y-141.344 F1400
G1 X170.625 Y-141.536 F1400
G0 Z3.500
G0 X171.201 Y-142.112 F3500
G1 Z0.000 F900
G1 X170.433 Y-142.879 F1400
G1 X169.665 Y-142.879 F1400
G0 Z3.500
G0 X168.637 Y-144.238 F3500
G1 Z0.000 F900
G1 X169.974 Y-145.707 F1400
G1 X171.462 Y-146.896 F1400
G0 Z3.500
G0 X167.760 Y-145.105 F3500
G1 Z0.000 F900
G1 X164.160 Y-145.330 F1400
G0 Z3.500
G0 X164.850 Y-144.082 F3500
G1 Z0.000 F900
G1 X165.849 Y-145.993 F1400
G1 X166.802 Y-148.203 F1400
G0 Z3.500
G0 X166.410 Y-147.721 F3500
G1 Z0.000 F900
G1 X162.039 Y-146.501 F1400
G1 X157.563 Y-144.564 F1400
G0 Z3.500
G0 X158.539 Y-144.048 F3500
G1 Z0.000 F900
G1 X158.370 Y-140.925 F1400
G0 Z3.500
G0 X158.519 Y-140.433 F3500
G1 Z0.000 F900
G1 X158.045 Y-138.221 F1400
G0 Z3.500
G0 X157.147 Y-138.731 F3500
G1 Z0.000 F900
G1 X157.886 Y-139.676 F1400
G1 X158.380 Y-140.117 F1400
G0 Z3.500
G0 X158.758 Y-139.915 F3500
G1 Z0.000 F900
G1 X157.960 Y-141.397 F1400
G1 X156.769 Y-142.773 F1400
G0 Z3.500
G0 X159.107 Y-141.728 F3500
G1 Z0.000 F900
G1 X158.723 Y-141.344 F1400
G1 X158.723 Y-140.000 F1400
G1 X158.915 Y-139.808 F1400
G0 Z3.500
G0 X160.451 Y-140.768 F3500
G1 Z0.000 F900
G1 X161.411 Y-141.920 F1400
G0 Z3.500
G0 X162.562 Y-141.728 F3500
G1 Z0.000 F900
G1 X162.946 Y-142.112 F1400
G1 X162.754 Y-143.071 F1400
G0 Z3.500
G0 X162.371 Y-143.839 F3500
G1 Z0.000 F900
G1 X161.603 Y-143.839 F1400
G1 X160.835 Y-143.263 F1400
G0 Z3.500
G0 X160.757 Y-143.263 F3500
G1 Z0.000 F900
G1 X159.935 Y-144.247 F1400
G1 X158.993 Y-145.568 F1400
G0 Z3.500
G0 X159.077 Y-145.267 F3500
G1 Z0.000 F900
G1 X159.851 Y-145.955 F1400
G1 X160.673 Y-147.403 F1400
G0 Z3.500
G0 X160.969 Y-147.159 F3500
G1 Z0.000 F900
G1 X163.190 Y-147.603 F1400
G1 X166.076 Y-147.814 F1400
G0 Z3.500
G0 X166.520 Y-146.411 F3500
G1 Z0.000 F900
G1 X165.530 Y-144.569 F1400
G1 X163.980 Y-142.804 F1400
G0 Z3.500
G0 X164.290 Y-142.112 F3500
G1 Z0.000 F900
G1 X164.290 Y-143.455 F1400
G1 X164.674 Y-143.647 F1400
G0 Z3.500
G0 X165.058 Y-143.647 F3500
G1 Z0.000 F900
G1 X166.594 Y-142.112 F1400
G0 Z3.500
G0 X166.627 Y-141.952 F3500
G1 Z0.000 F900
G1 X165.827 Y-140.838 F1400
G1 X165.409 Y-140.352 F1400
G0 Z3.500
G0 X165.826 Y-140.768 F3500
G1 Z0.000 F900
G1 X165.250 Y-140.192 F1400
G1 X164.098 Y-140.000 F1400
G0 Z3.500
G0 X163.793 Y-139.862 F3500
G1 Z0.000 F900
G1 X165.828 Y-141.680 F1400
G0 Z3.500
G0 X165.826 Y-141.344 F3500
G1 Z0.000 F900
G1 X165.442 Y-141.728 F1400
G1 X164.482 Y-141.920 F1400
G0 Z3.500
G0 X163.944 Y-140.704 F3500
G1 Z0.000 F900
G1 X162.890 Y-138.461 F1400
G0 Z3.500
G0 X162.946 Y-138.464 F3500
G1 Z0.000 F900
G1 X163.522 Y-138.848 F1400
G1 X163.714 Y-139.616 F1400
G0 Z3.500
G0 X163.103 Y-138.227 F3500
G1 Z0.000 F900
G1 X166.314 Y-140.241 F1400
G0 Z3.500
G0 X165.887 Y-142.257 F3500
G1 Z0.000 F900
G1 X168.197 Y-141.546 F1400
G0 Z3.500
G0 X169.281 Y-139.616 F3500
G1 Z0.000 F900
G1 X171.201 Y-140.768 F1400
G0 Z3.500
G0 X172.235 Y-138.774 F3500
G1 Z0.000 F900
G1 X168.011 Y-137.280 F1400
G1 X163.256 Y-136.235 F1400
G0 Z3.500
G0 X162.653 Y-136.165 F3500
G1 Z0.000 F900
G1 X162.950 Y-134.454 F1400
G0 Z3.500
G0 X163.330 Y-134.049 F3500
G1 Z0.000 F900
G1 X162.562 Y-134.049 F1400
G1 X161.795 Y-135.201 F1400
G0 Z3.500
G0 X160.427 Y-135.012 F3500
G1 Z0.000 F900
G1 X161.788 Y-133.271 F1400
G0 Z3.500
G0 X162.178 Y-133.524 F3500
G1 Z0.000 F900
G1 X163.507 Y-131.879 F1400
G1 X164.483 Y-130.735 F1400
G0 Z3.500
G0 X164.315 Y-130.891 F3500
G1 Z0.000 F900
G1 X165.960 Y-130.138 F1400
G0 Z3.500
G0 X165.936 Y-129.357 F3500
G1 Z0.000 F900
G1 X165.450 Y-128.789 F1400
G1 X164.948 Y-127.607 F1400
G0 Z3.500
G0 X164.290 Y-127.621 F3500
G1 Z0.000 F900
G1 X163.362 Y-128.986 F1400
G1 X162.370 Y-129.728 F1400
G0 Z3.500
G0 X162.754 Y-129.442 F3500
G1 Z0.000 F900
G1 X161.411 Y-130.018 F1400
G1 X160.835 Y-130.594 F1400
G0 Z3.500
G0 X160.379 Y-130.414 F3500
G1 Z0.000 F900
G1 X161.907 Y-128.380 F1400
G0 Z3.500
G0 X162.371 Y-128.098 F3500
G1 Z0.000 F900
G1 X162.371 Y-126.179 F1400
G1 X161.987 Y-125.795 F1400
G0 Z3.500
G0 X161.987 Y-125.795 F3500
G1 Z0.000 F900
G1 X160.451 Y-126.754 F1400
G0 Z3.500
G0 X159.150 Y-126.813 F3500
G1 Z0.000 F900
G1 X162.083 Y-125.233 F1400
G0 Z3.500
G0 X162.179 Y-125.411 F3500
G1 Z0.000 F900
G1 X161.987 Y-123.491 F1400
G0 Z3.500
G0 X160.451 Y-123.875 F3500
G1 Z0.000 F900
G1 X160.259 Y-123.107 F1400
G1 X159.491 Y-122.531 F1400
G1 X157.955 Y-122.339 F1400
G0 Z3.500
G0 X157.860 Y-122.693 F3500
G1 Z0.000 F900
G1 X160.103 Y-123.379 F1400
G0 Z3.500
G0 X160.451 Y-124.067 F3500
G1 Z0.000 F900
G1 X159.491 Y-124.835 F1400
G1 X157.955 Y-125.219 F1400
G1 X157.188 Y-125.027 F1400
G1 X156.996 Y-125.219 F1400
G1 X155.460 Y-125.219 F1400
G1 X155.076 Y-125.027 F1400
G1 X154.692 Y-125.219 F1400
G0 Z3.500
G0 X154.527 Y-124.405 F3500
G1 Z0.000 F900
G1 X154.233 Y-126.558 F1400
G0 Z3.500
G0 X155.239 Y-126.638 F3500
G1 Z0.000 F900
G1 X160.779 Y-124.535 F1400
G0 Z3.500
G0 X158.584 Y-125.022 F3500
G1 Z0.000 F900
G1 X154.472 Y-123.322 F1400
G0 Z3.500
G0 X155.227 Y-122.837 F3500
G1 Z0.000 F900
G1 X156.745 Y-123.100 F1400
G0 Z3.500
G0 X156.804 Y-122.339 F3500
G1 Z0.000 F900
G1 X155.844 Y-122.723 F1400
G1 X155.460 Y-122.339 F1400
G1 X155.460 Y-121.763 F1400
G0 Z3.500
G0 X155.652 Y-121.571 F3500
G1 Z0.000 F900
G1 X156.228 Y-120.996 F1400
G1 X156.804 Y-120.996 F1400
G1 X156.996 Y-121.379 F1400
G0 Z3.500
G0 X156.338 Y-121.875 F3500
G1 Z0.000 F900
G1 X155.492 Y-120.598 F1400
G1 X154.582 Y-119.732 F1400
G0 Z3.500
G0 X153.716 Y-120.089 F3500
G1 Z0.000 F900
G1 X152.845 Y-123.166 F1400
G0 Z3.500
G0 X152.196 Y-123.107 F3500
G1 Z0.000 F900
G1 X150.853 Y-123.683 F1400
G1 X149.893 Y-123.683 F1400
G1 X149.701 Y-123.875 F1400
G0 Z3.500
G0 X149.701 Y-124.067 F3500
G1 Z0.000 F900
G1 X150.277 Y-124.835 F1400
G1 X151.812 Y-125.987 F1400
G1 X152.772 Y-126.179 F1400
G0 Z3.500
G0 X152.964 Y-126.371 F3500
G1 Z0.000 F900
G1 X152.964 Y-127.906 F1400
G0 Z3.500
G0 X152.580 Y-128.290 F3500
G1 Z0.000 F900
G1 X153.348 Y-129.058 F1400
G1 X153.924 Y-129.058 F1400
G1 X154.500 Y-128.482 F1400
G0 Z3.500
G0 X154.692 Y-128.482 F3500
G1 Z0.000 F900
G1 X155.268 Y-128.098 F1400
G1 X156.996 Y-128.098 F1400
G0 Z3.500
G0 X156.922 Y-128.482 F3500
G1 Z0.000 F900
G1 X152.888 Y-129.400 F1400
G0 Z3.500
G0 X152.196 Y-128.866 F3500
G1 Z0.000 F900
G1 X152.388 Y-129.058 F1400
G1 X152.388 Y-130.594 F1400
G0 Z3.500
G0 X152.196 Y-130.786 F3500
G1 Z0.000 F900
G1 X150.853 Y-130.210 F1400
G0 Z3.500
G0 X151.483 Y-130.738 F3500
G1 Z0.000 F900
G1 X152.991 Y-128.844 F1400
G1 X154.062 Y-127.762 F1400
G0 Z3.500
G0 X153.743 Y-127.905 F3500
G1 Z0.000 F900
G1 X155.026 Y-130.217 F1400
G1 X156.409 Y-131.362 F1400
G0 Z3.500
G0 X155.844 Y-132.129 F3500
G1 Z0.000 F900
G1 X155.652 Y-132.705 F1400
G1 X154.308 Y-133.665 F1400
G1 X153.924 Y-134.241 F1400
G0 Z3.500
G0 X153.924 Y-134.433 F3500
G1 Z0.000 F900
G1 X155.076 Y-135.393 F1400
G0 Z3.500
G0 X155.782 Y-136.514 F3500
G1 Z0.000 F900
G1 X157.730 Y-136.710 F1400
G0 Z3.500
G0 X157.591 Y-137.052 F3500
G1 Z0.000 F900
G1 X158.506 Y-135.496 F1400
G1 X159.087 Y-133.734 F1400
G0 Z3.500
G0 X158.716 Y-133.414 F3500
G1 Z0.000 F900
G1 X164.455 Y-132.581 F1400
G1 X170.248 Y-131.229 F1400
G0 Z3.500
G0 X169.435 Y-130.896 F3500
G1 Z0.000 F900
G1 X166.940 Y-129.946 F1400
G0 Z3.500
G0 X166.978 Y-129.250 F3500
G1 Z0.000 F900
G1 X167.746 Y-130.210 F1400
G1 X168.513 Y-130.402 F1400
G1 X168.705 Y-130.210 F1400
G0 Z3.500
G0 X168.897 Y-130.210 F3500
G1 Z0.000 F900
G1 X169.857 Y-130.402 F1400
G1 X170.817 Y-130.018 F1400
G0 Z3.500
G0 X170.753 Y-129.139 F3500
G1 Z0.000 F900
G1 X173.166 Y-127.966 F1400
G0 Z3.500
G0 X173.242 Y-127.971 F3500
G1 Z0.000 F900
G1 X173.541 Y-126.024 F1400
G0 Z3.500
G0 X173.345 Y-125.347 F3500
G1 Z0.000 F900
G1 X172.231 Y-126.147 F1400
G1 X171.360 Y-127.778 F1400
G0 Z3.500
G0 X170.779 Y-127.721 F3500
G1 Z0.000 F900
G1 X172.837 Y-126.845 F1400
G0 Z3.500
G0 X172.340 Y-126.613 F3500
G1 Z0.000 F900
G1 X169.418 Y-127.043 F1400
G0 Z3.500
G0 X169.059 Y-126.558 F3500
G1 Z0.000 F900
G1 X172.123 Y-126.008 F1400
G0 Z3.500
G0 X172.297 Y-125.480 F3500
G1 Z0.000 F900
G1 X169.909 Y-124.950 F1400
G0 Z3.500
G0 X169.665 Y-124.835 F3500
G1 Z0.000 F900
G1 X169.857 Y-125.411 F1400
G1 X171.201 Y-126.179 F1400
G0 Z3.500
G0 X171.201 Y-126.371 F3500
G1 Z0.000 F900
G1 X170.049 Y-126.754 F1400
G1 X169.473 Y-126.562 F1400
G1 X169.089 Y-125.987 F1400
G0 Z3.500
G0 X170.174 Y-125.259 F3500
G1 Z0.000 F900
G1 X171.514 Y-123.634 F1400
G1 X172.612 Y-121.724 F1400
G0 Z3.500
G0 X172.353 Y-121.763 F3500
G1 Z0.000 F900
G1 X172.929 Y-122.339 F1400
G1 X172.929 Y-124.067 F1400
G1 X172.737 Y-124.259 F1400
G0 Z3.500
G0 X172.790 Y-124.457 F3500
G1 Z0.000 F900
G1 X169.222 Y-123.606 F1400
G0 Z3.500
G0 X169.473 Y-123.299 F3500
G1 Z0.000 F900
G1 X171.393 Y-123.683 F1400
G1 X171.777 Y-124.067 F1400
G0 Z3.500
G0 X171.873 Y-123.559 F3500
G1 Z0.000 F900
G1 X169.386 Y-122.962 F1400
G0 Z3.500
G0 X168.467 Y-122.894 F3500
G1 Z0.000 F900
G1 X167.965 Y-124.189 F1400
G1 X167.408 Y-125.624 F1400
G0 Z3.500
G0 X166.528 Y-125.991 F3500
G1 Z0.000 F900
G1 X167.752 Y-127.989 F1400
G0 Z3.500
G0 X167.746 Y-128.482 F3500
G1 Z0.000 F900
G1 X166.594 Y-126.754 F1400
G1 X165.634 Y-126.371 F1400
G1 X166.018 Y-125.603 F1400
G0 Z3.500
G0 X165.058 Y-125.027 F3500
G1 Z0.000 F900
G1 X165.634 Y-124.835 F1400
G1 X167.170 Y-123.491 F1400
G0 Z3.500
G0 X166.936 Y-124.068 F3500
G1 Z0.000 F900
G1 X163.941 Y-126.313 F1400
G0 Z3.500
G0 X163.714 Y-125.987 F3500
G1 Z0.000 F900
G1 X164.866 Y-125.027 F1400
G0 Z3.500
G0 X164.866 Y-124.835 F3500
G1 Z0.000 F900
G1 X165.442 Y-123.491 F1400
G0 Z3.500
G0 X165.203 Y-123.983 F3500
G1 Z0.000 F900
G1 X163.539 Y-125.440 F1400
G0 Z3.500
G0 X164.297 Y-125.175 F3500
G1 Z0.000 F900
G1 X163.213 Y-126.906 F1400
G1 X162.364 Y-127.566 F1400
G0 Z3.500
G0 X162.808 Y-128.844 F3500
G1 Z0.000 F900
G1 X165.668 Y-128.269 F1400
G0 Z3.500
G0 X165.058 Y-129.442 F3500
G1 Z0.000 F900
G1 X164.290 Y-129.634 F1400
G1 X162.754 Y-129.442 F1400
G0 Z3.500
G0 X161.832 Y-129.927 F3500
G1 Z0.000 F900
G1 X161.091 Y-131.482 F1400
G0 Z3.500
G0 X160.729 Y-131.974 F3500
G1 Z0.000 F900
G1 X157.420 Y-133.118 F1400
G1 X153.646 Y-134.205 F1400
G0 Z3.500
G0 X153.184 Y-133.461 F3500
G1 Z0.000 F900
G1 X148.169 Y-132.817 F1400
G1 X143.147 Y-131.949 F1400
G0 Z3.500
G0 X143.219 Y-131.290 F3500
G1 Z0.000 F900
G1 X141.940 Y-133.311 F1400
G0 Z3.500
G0 X141.242 Y-133.317 F3500
G1 Z0.000 F900
G1 X140.153 Y-135.297 F1400
G0 Z3.500
G0 X140.295 Y-135.393 F3500
G1 Z0.000 F900
G1 X141.254 Y-134.241 F1400
G1 X141.638 Y-134.241 F1400
G0 Z3.500
G0 X140.253 Y-134.087 F3500
G1 Z0.000 F900
G1 X143.553 Y-132.981 F1400
G1 X147.247 Y-131.708 F1400
G0 Z3.500
G0 X147.589 Y-131.746 F3500
G1 Z0.000 F900
G1 X146.438 Y-132.897 F1400
G0 Z3.500
G0 X146.226 Y-132.308 F3500
G1 Z0.000 F900
G1 X146.750 Y-129.630 F1400
G0 Z3.500
G0 X146.570 Y-128.789 F3500
G1 Z0.000 F900
G1 X144.934 Y-131.594 F1400
G0 Z3.500
G0 X145.635 Y-131.888 F3500
G1 Z0.000 F900
G1 X144.035 Y-134.709 F1400
G0 Z3.500
G0 X143.375 Y-134.892 F3500
G1 Z0.000 F900
G1 X141.106 Y-135.828 F1400
G0 Z3.500
G0 X142.022 Y-136.353 F3500
G1 Z0.000 F900
G1 X141.446 Y-137.312 F1400
G1 X141.446 Y-137.888 F1400
G0 Z3.500
G0 X141.224 Y-137.835 F3500
G1 Z0.000 F900
G1 X140.193 Y-136.653 F1400
G1 X139.365 Y-136.022 F1400
G0 Z3.500
G0 X138.339 Y-136.611 F3500
G1 Z0.000 F900
G1 X138.612 Y-140.688 F1400
G0 Z3.500
G0 X138.830 Y-140.051 F3500
G1 Z0.000 F900
G1 X141.241 Y-140.584 F1400
G1 X143.679 Y-140.717 F1400
G0 Z3.500
G0 X144.705 Y-140.908 F3500
G1 Z0.000 F900
G1 X143.058 Y-142.619 F1400
G0 Z3.500
G0 X143.052 Y-142.546 F3500
G1 Z0.000 F900
G1 X141.810 Y-143.519 F1400
G0 Z3.500
G0 X142.022 Y-144.223 F3500
G1 Z0.000 F900
G1 X143.366 Y-143.263 F1400
G1 X143.558 Y-142.496 F1400
G0 Z3.500
G0 X143.750 Y-142.304 F3500
G1 Z0.000 F900
G1 X144.902 Y-141.152 F1400
G0 Z3.500
G0 X144.894 Y-141.101 F3500
G1 Z0.000 F900
G1 X143.659 Y-139.535 F1400
G1 X142.222 Y-137.748 F1400
G0 Z3.500
G0 X141.638 Y-138.080 F3500
G1 Z0.000 F900
G1 X142.982 Y-137.696 F1400
G1 X143.558 Y-136.929 F1400
G0 Z3.500
G0 X143.558 Y-136.929 F3500
G1 Z0.000 F900
G1 X144.710 Y-136.545 F1400
G1 X145.670 Y-135.393 F1400
G0 Z3.500
G0 X145.656 Y-135.451 F3500
G1 Z0.000 F900
G1 X147.143 Y-133.442 F1400
G0 Z3.500
G0 X145.862 Y-133.281 F3500
G1 Z0.000 F900
G1 X145.670 Y-132.705 F1400
G1 X145.862 Y-132.513 F1400
G1 X145.862 Y-131.554 F1400
G1 X145.670 Y-131.362 F1400
G0 Z3.500
G0 X145.670 Y-131.170 F3500
G1 Z0.000 F900
G1 X146.246 Y-130.402 F1400
G1 X146.438 Y-129.442 F1400
G1 X147.205 Y-128.674 F1400
G1 X147.589 Y-128.674 F1400
G0 Z3.500
G0 X148.197 Y-129.399 F3500
G1 Z0.000 F900
G1 X148.426 Y-127.718 F1400
G0 Z3.500
G0 X148.239 Y-127.448 F3500
G1 Z0.000 F900
G1 X146.603 Y-128.705 F1400
G0 Z3.500
G0 X145.670 Y-127.714 F3500
G1 Z0.000 F900
G1 X143.942 Y-129.058 F1400
G0 Z3.500
G0 X143.758 Y-128.922 F3500
G1 Z0.000 F900
G1 X145.187 Y-127.472 F1400
G0 Z3.500
G0 X145.478 Y-126.946 F3500
G1 Z0.000 F900
G1 X144.902 Y-126.946 F1400
G1 X143.174 Y-127.906 F1400
G0 Z3.500
G0 X142.982 Y-128.098 F3500
G1 Z0.000 F900
G1 X142.982 Y-128.674 F1400
G1 X142.022 Y-130.402 F1400
G0 Z3.500
G0 X142.354 Y-130.388 F3500
G1 Z0.000 F900
G1 X143.280 Y-128.569 F1400
G0 Z3.500
G0 X143.528 Y-127.238 F3500
G1 Z0.000 F900
G1 X146.204 Y-126.395 F1400
G0 Z3.500
G0 X145.519 Y-125.809 F3500
G1 Z0.000 F900
G1 X144.026 Y-124.679 F1400
G0 Z3.500
G0 X143.942 Y-124.259 F3500
G1 Z0.000 F900
G1 X143.750 Y-124.451 F1400
G1 X142.406 Y-124.451 F1400
G0 Z3.500
G0 X142.022 Y-124.259 F3500
G1 Z0.000 F900
G1 X142.214 Y-123.491 F1400
G1 X142.790 Y-122.915 F1400
G1 X143.558 Y-122.531 F1400
G1 X144.134 Y-122.531 F1400
G0 Z3.500
G0 X144.239 Y-123.190 F3500
G1 Z0.000 F900
G1 X145.553 Y-125.028 F1400
G0 Z3.500
G0 X144.710 Y-124.451 F3500
G1 Z0.000 F900
G1 X145.670 Y-125.411 F1400
G1 X146.629 Y-125.219 F1400
G0 Z3.500
G0 X146.629 Y-125.219 F3500
G1 Z0.000 F900
G1 X147.205 Y-123.875 F1400
G0 Z3.500
G0 X148.002 Y-124.106 F3500
G1 Z0.000 F900
G1 X148.939 Y-122.563 F1400
G1 X149.096 Y-121.724 F1400
G0 Z3.500
G0 X149.450 Y-122.397 F3500
G1 Z0.000 F900
G1 X150.285 Y-123.530 F1400
G1 X151.104 Y-124.586 F1400
G0 Z3.500
G0 X151.776 Y-125.470 F3500
G1 Z0.000 F900
G1 X149.869 Y-124.013 F1400
G0 Z3.500
G0 X150.027 Y-123.865 F3500
G1 Z0.000 F900
G1 X151.954 Y-123.729 F1400
G0 Z3.500
G0 X151.693 Y-123.198 F3500
G1 Z0.000 F900
G1 X148.583 Y-123.361 F1400
G0 Z3.500
G0 X149.123 Y-123.159 F3500
G1 Z0.000 F900
G1 X147.676 Y-121.876 F1400
G1 X146.440 Y-120.368 F1400
G0 Z3.500
G0 X146.971 Y-120.959 F3500
G1 Z0.000 F900
G1 X141.855 Y-123.180 F1400
G0 Z3.500
G0 X141.830 Y-124.643 F3500
G1 Z0.000 F900
G1 X141.638 Y-124.835 F1400
G1 X141.830 Y-125.795 F1400
G1 X142.214 Y-125.411 F1400
G1 X142.214 Y-124.835 F1400
G0 Z3.500
G0 X142.496 Y-124.984 F3500
G1 Z0.000 F900
G1 X141.014 Y-123.691 F1400
G1 X140.397 Y-121.614 F1400
G0 Z3.500
G0 X142.664 Y-120.527 F3500
G1 Z0.000 F900
G1 X145.460 Y-118.870 F1400
G0 Z3.500
G0 X145.443 Y-118.123 F3500
G1 Z0.000 F900
G1 X143.080 Y-119.621 F1400
G0 Z3.500
G0 X142.214 Y-119.652 F3500
G1 Z0.000 F900
G1 X142.598 Y-120.036 F1400
G1 X142.982 Y-120.036 F1400
G1 X144.134 Y-119.460 F1400
G1 X144.710 Y-118.884 F1400
G1 X145.862 Y-118.692 F1400
G1 X146.438 Y-117.924 F1400
G1 X146.438 Y-117.348 F1400
G0 Z3.500
G0 X146.246 Y-117.156 F3500
G1 Z0.000 F900
G1 X144.518 Y-117.540 F1400
G0 Z3.500
G0 X143.750 Y-117.540 F3500
G1 Z0.000 F900
G1 X142.022 Y-117.732 F1400
G1 X141.446 Y-118.308 F1400
G1 X141.254 Y-118.884 F1400
G0 Z3.500
G0 X140.986 Y-118.499 F3500
G1 Z0.000 F900
G1 X141.980 Y-117.283 F1400
G0 Z3.500
G0 X140.652 Y-116.695 F3500
G1 Z0.000 F900
G1 X139.066 Y-117.654 F1400
G0 Z3.500
G0 X139.032 Y-117.577 F3500
G1 Z0.000 F900
G1 X137.415 Y-116.090 F1400
G0 Z3.500
G0 X137.223 Y-114.853 F3500
G1 Z0.000 F900
G1 X137.991 Y-116.196 F1400
G1 X138.951 Y-116.388 F1400
G1 X139.335 Y-116.004 F1400
G1 X139.335 Y-114.853 F1400
G1 X139.143 Y-114.661 F1400
G0 Z3.500
G0 X139.143 Y-114.469 F3500
G1 Z0.000 F900
G1 X139.527 Y-113.701 F1400
G1 X139.527 Y-111.973 F1400
G0 Z3.500
G0 X139.262 Y-112.412 F3500
G1 Z0.000 F900
G1 X138.201 Y-114.025 F1400
G0 Z3.500
G0 X137.853 Y-114.784 F3500
G1 Z0.000 F900
G1 X137.952 Y-112.130 F1400
G0 Z3.500
G0 X138.035 Y-112.407 F3500
G1 Z0.000 F900
G1 X138.870 Y-114.273 F1400
G1 X139.866 Y-115.379 F1400
G0 Z3.500
G0 X139.800 Y-116.953 F3500
G1 Z0.000 F900
G1 X140.648 Y-110.191 F1400
G0 Z3.500
G0 X140.069 Y-110.311 F3500
G1 Z0.000 F900
G1 X140.876 Y-112.338 F1400
G1 X142.056 Y-113.636 F1400
G0 Z3.500
G0 X142.939 Y-112.933 F3500
G1 Z0.000 F900
G1 X147.652 Y-114.675 F1400
G0 Z3.500
G0 X147.887 Y-114.753 F3500
G1 Z0.000 F900
G1 X148.807 Y-114.196 F1400
G1 X149.596 Y-113.033 F1400
G0 Z3.500
G0 X149.623 Y-113.146 F3500
G1 Z0.000 F900
G1 X150.119 Y-113.951 F1400
G1 X150.546 Y-114.639 F1400
G0 Z3.500
G0 X150.967 Y-114.610 F3500
G1 Z0.000 F900
G1 X148.821 Y-114.442 F1400
G0 Z3.500
G0 X149.317 Y-114.853 F3500
G1 Z0.000 F900
G1 X151.237 Y-114.853 F1400
G0 Z3.500
G0 X150.999 Y-115.240 F3500
G1 Z0.000 F900
G1 X149.288 Y-115.068 F1400
G0 Z3.500
G0 X149.317 Y-114.853 F3500
G1 Z0.000 F900
G1 X148.933 Y-115.429 F1400
G1 X147.973 Y-115.621 F1400
G0 Z3.500
G0 X147.781 Y-115.812 F3500
G1 Z0.000 F900
G1 X147.781 Y-116.196 F1400
G1 X146.629 Y-117.156 F1400
G0 Z3.500
G0 X147.250 Y-117.584 F3500
G1 Z0.000 F900
G1 X146.234 Y-119.229 F1400
G0 Z3.500
G0 X147.321 Y-119.957 F3500
G1 Z0.000 F900
G1 X144.647 Y-121.330 F1400
G0 Z3.500
G0 X144.710 Y-120.804 F3500
G1 Z0.000 F900
G1 X145.670 Y-120.228 F1400
G1 X147.397 Y-119.844 F1400
G1 X147.973 Y-119.076 F1400
G0 Z3.500
G0 X147.927 Y-119.139 F3500
G1 Z0.000 F900
G1 X150.911 Y-120.228 F1400
G0 Z3.500
G0 X151.237 Y-120.420 F3500
G1 Z0.000 F900
G1 X150.661 Y-120.996 F1400
G1 X149.701 Y-120.996 F1400
G1 X148.933 Y-120.228 F1400
G0 Z3.500
G0 X148.130 Y-120.059 F3500
G1 Z0.000 F900
G1 X148.334 Y-119.246 F1400
G1 X148.968 Y-118.477 F1400
G0 Z3.500
G0 X148.074 Y-118.433 F3500
G1 Z0.000 F900
G1 X151.346 Y-119.631 F1400
G0 Z3.500
G0 X151.621 Y-120.228 F3500
G1 Z0.000 F900
G1 X151.237 Y-119.844 F1400
G1 X149.701 Y-119.460 F1400
G1 X149.317 Y-119.076 F1400
G1 X148.357 Y-119.076 F1400
G1 X148.165 Y-118.884 F1400
G0 Z3.500
G0 X148.131 Y-117.318 F3500
G1 Z0.000 F900
G1 X147.281 Y-116.001 F1400
G1 X146.664 Y-115.459 F1400
G0 Z3.500
G0 X146.821 Y-115.237 F3500
G1 Z0.000 F900
G1 X146.438 Y-115.237 F1400
G1 X145.094 Y-116.004 F1400
G1 X144.134 Y-116.004 F1400
G0 Z3.500
G0 X143.750 Y-116.004 F3500
G1 Z0.000 F900
G1 X143.174 Y-116.004 F1400
G1 X142.022 Y-115.237 F1400
G0 Z3.500
G0 X141.771 Y-115.287 F3500
G1 Z0.000 F900
G1 X145.429 Y-115.890 F1400
G0 Z3.500
G0 X145.693 Y-116.317 F3500
G1 Z0.000 F900
G1 X143.291 Y-116.296 F1400
G0 Z3.500
G0 X144.326 Y-115.045 F3500
G1 Z0.000 F900
G1 X145.286 Y-115.045 F1400
G1 X146.054 Y-114.661 F1400
G1 X146.438 Y-114.085 F1400
G0 Z3.500
G0 X146.054 Y-113.701 F3500
G1 Z0.000 F900
G1 X145.094 Y-113.509 F1400
G1 X143.366 Y-112.357 F1400
G0 Z3.500
G0 X143.144 Y-111.894 F3500
G1 Z0.000 F900
G1 X145.885 Y-113.656 F1400
G0 Z3.500
G0 X147.258 Y-112.595 F3500
G1 Z0.000 F900
G1 X146.410 Y-110.275 F1400
G1 X145.233 Y-108.280 F1400
G0 Z3.500
G0 X145.608 Y-108.122 F3500
G1 Z0.000 F900
G1 X146.909 Y-109.970 F1400
G0 Z3.500
G0 X146.775 Y-110.598 F3500
G1 Z0.000 F900
G1 X144.787 Y-108.257 F1400
G0 Z3.500
G0 X144.871 Y-107.342 F3500
G1 Z0.000 F900
G1 X145.461 Y-106.312 F1400
G1 X146.084 Y-105.087 F1400
G0 Z3.500
G0 X145.718 Y-105.790 F3500
G1 Z0.000 F900
G1 X143.779 Y-106.634 F1400
G0 Z3.500
G0 X141.927 Y-107.116 F3500
G1 Z0.000 F900
G1 X141.230 Y-110.766 F1400
G0 Z3.500
G0 X140.904 Y-109.502 F3500
G1 Z0.000 F900
G1 X141.114 Y-106.861 F1400
G0 Z3.500
G0 X137.415 Y-108.134 F3500
G1 Z0.000 F900
G1 X134.344 Y-108.134 F1400
G0 Z3.500
G0 X135.134 Y-107.919 F3500
G1 Z0.000 F900
G1 X137.056 Y-107.902 F1400
G0 Z3.500
G0 X134.824 Y-108.843 F3500
G1 Z0.000 F900
G1 X134.018 Y-111.037 F1400
G1 X133.095 Y-113.183 F1400
G0 Z3.500
G0 X132.616 Y-112.741 F3500
G1 Z0.000 F900
G1 X130.696 Y-113.125 F1400
G0 Z3.500
G0 X131.375 Y-113.521 F3500
G1 Z0.000 F900
G1 X130.214 Y-111.890 F1400
G1 X128.867 Y-110.042 F1400
G0 Z3.500
G0 X128.313 Y-111.182 F3500
G1 Z0.000 F900
G1 X127.503 Y-113.197 F1400
G1 X126.553 Y-115.068 F1400
G0 Z3.500
G0 X126.356 Y-115.544 F3500
G1 Z0.000 F900
G1 X127.448 Y-117.426 F1400
G0 Z3.500
G0 X127.228 Y-117.520 F3500
G1 Z0.000 F900
G1 X126.325 Y-118.994 F1400
G0 Z3.500
G0 X125.965 Y-119.054 F3500
G1 Z0.000 F900
G1 X125.468 Y-117.016 F1400
G0 Z3.500
G0 X125.436 Y-117.411 F3500
G1 Z0.000 F900
G1 X123.462 Y-118.601 F1400
G0 Z3.500
G0 X123.167 Y-118.306 F3500
G1 Z0.000 F900
G1 X121.835 Y-113.477 F1400
G0 Z3.500
G0 X122.826 Y-113.893 F3500
G1 Z0.000 F900
G1 X123.786 Y-115.237 F1400
G1 X124.170 Y-115.237 F1400
G1 X124.554 Y-115.621 F1400
G0 Z3.500
G0 X125.897 Y-116.772 F3500
G1 Z0.000 F900
G1 X126.281 Y-117.156 F1400
G1 X126.089 Y-118.308 F1400
G1 X126.281 Y-118.500 F1400
G0 Z3.500
G0 X127.280 Y-118.019 F3500
G1 Z0.000 F900
G1 X126.276 Y-115.691 F1400
G1 X125.666 Y-113.990 F1400
G0 Z3.500
G0 X127.241 Y-114.085 F3500
G1 Z0.000 F900
G1 X128.009 Y-113.701 F1400
G1 X128.777 Y-113.701 F1400
G0 Z3.500
G0 X129.153 Y-113.706 F3500
G1 Z0.000 F900
G1 X128.158 Y-112.284 F1400
G1 X126.865 Y-110.624 F1400
G0 Z3.500
G0 X127.475 Y-110.462 F3500
G1 Z0.000 F900
G1 X128.655 Y-109.516 F1400
G1 X129.311 Y-108.494 F1400
G0 Z3.500
G0 X130.201 Y-108.595 F3500
G1 Z0.000 F900
G1 X131.029 Y-106.970 F1400
G0 Z3.500
G0 X131.520 Y-109.014 F3500
G1 Z0.000 F900
G1 X130.239 Y-111.613 F1400
G0 Z3.500
G0 X132.782 Y-111.668 F3500
G1 Z0.000 F900
G1 X133.052 Y-109.719 F1400
G0 Z3.500
G0 X135.164 Y-109.746 F3500
G1 Z0.000 F900
G1 X135.787 Y-110.855 F1400
G1 X136.595 Y-112.281 F1400
G0 Z3.500
G0 X135.844 Y-112.590 F3500
G1 Z0.000 F900
G1 X133.480 Y-114.789 F1400
G0 Z3.500
G0 X133.960 Y-112.741 F3500
G1 Z0.000 F900
G1 X134.920 Y-113.701 F1400
G1 X135.879 Y-113.701 F1400
G1 X136.071 Y-113.893 F1400
G0 Z3.500
G0 X136.437 Y-113.586 F3500
G1 Z0.000 F900
G1 X136.548 Y-111.420 F1400
G0 Z3.500
G0 X138.720 Y-110.667 F3500
G1 Z0.000 F900
G1 X138.980 Y-112.380 F1400
G0 Z3.500
G0 X144.263 Y-110.908 F3500
G1 Z0.000 F900
G1 X147.627 Y-111.854 F1400
G0 Z3.500
G0 X147.234 Y-111.184 F3500
G1 Z0.000 F900
G1 X147.091 Y-102.780 F1400
G0 Z3.500
G0 X147.989 Y-102.560 F3500
G1 Z0.000 F900
G1 X148.304 Y-109.000 F1400
G0 Z3.500
G0 X147.921 Y-109.260 F3500
G1 Z0.000 F900
G1 X147.900 Y-113.341 F1400
G0 Z3.500
G0 X147.781 Y-113.509 F3500
G1 Z0.000 F900
G1 X147.589 Y-111.205 F1400
G1 X147.013 Y-110.629 F1400
G0 Z3.500
G0 X145.312 Y-111.941 F3500
G1 Z0.000 F900
G1 X146.306 Y-113.505 F1400
G1 X147.563 Y-115.077 F1400
G0 Z3.500
G0 X148.058 Y-114.184 F3500
G1 Z0.000 F900
G1 X151.407 Y-113.187 F1400
G0 Z3.500
G0 X151.429 Y-112.933 F3500
G1 Z0.000 F900
G1 X148.933 Y-113.317 F1400
G0 Z3.500
G0 X148.843 Y-113.081 F3500
G1 Z0.000 F900
G1 X151.231 Y-112.754 F1400
G0 Z3.500
G0 X150.600 Y-111.226 F3500
G1 Z0.000 F900
G1 X149.004 Y-112.308 F1400
G0 Z3.500
G0 X149.442 Y-114.165 F3500
G1 Z0.000 F900
G1 X150.488 Y-112.299 F1400
G1 X151.495 Y-110.165 F1400
G0 Z3.500
G0 X152.493 Y-110.789 F3500
G1 Z0.000 F900
G1 X153.031 Y-108.820 F1400
G0 Z3.500
G0 X151.733 Y-108.796 F3500
G1 Z0.000 F900
G1 X153.626 Y-107.118 F1400
G0 Z3.500
G0 X153.459 Y-106.829 F3500
G1 Z0.000 F900
G1 X151.648 Y-105.483 F1400
G0 Z3.500
G0 X152.323 Y-106.318 F3500
G1 Z0.000 F900
G1 X151.396 Y-108.384 F1400
G0 Z3.500
G0 X150.149 Y-108.337 F3500
G1 Z0.000 F900
G1 X150.702 Y-106.196 F1400
G0 Z3.500
G0 X152.693 Y-106.721 F3500
G1 Z0.000 F900
G1 X153.781 Y-105.154 F1400
G1 X154.387 Y-104.171 F1400
G0 Z3.500
G0 X155.743 Y-103.311 F3500
G1 Z0.000 F900
G1 X156.170 Y-105.677 F1400
G0 Z3.500
G0 X156.068 Y-105.497 F3500
G1 Z0.000 F900
G1 X157.240 Y-103.213 F1400
G1 X158.307 Y-101.941 F1400
G0 Z3.500
G0 X156.820 Y-102.713 F3500
G1 Z0.000 F900
G1 X157.353 Y-101.799 F1400
G1 X158.323 Y-100.117 F1400
G0 Z3.500
G0 X162.603 Y-100.912 F3500
G1 Z0.000 F900
G1 X163.540 Y-102.155 F1400
G1 X164.441 Y-103.070 F1400
G0 Z3.500
G0 X163.964 Y-103.587 F3500
G1 Z0.000 F900
G1 X165.244 Y-101.628 F1400
G1 X165.384 Y-100.395 F1400
G0 Z3.500
G0 X165.136 Y-102.784 F3500
G1 Z0.000 F900
G1 X164.625 Y-104.936 F1400
G0 Z3.500
G0 X165.706 Y-105.657 F3500
G1 Z0.000 F900
G1 X166.962 Y-103.687 F1400
G0 Z3.500
G0 X167.938 Y-103.719 F3500
G1 Z0.000 F900
G1 X167.746 Y-104.295 F1400
G1 X167.170 Y-104.871 F1400
G1 X166.786 Y-104.871 F1400
G1 X165.634 Y-103.719 F1400
G0 Z3.500
G0 X167.387 Y-104.717 F3500
G1 Z0.000 F900
G1 X167.498 Y-102.062 F1400
G0 Z3.500
G0 X168.828 Y-104.454 F3500
G1 Z0.000 F900
G1 X169.586 Y-105.186 F1400
G1 X170.502 Y-106.439 F1400
G0 Z3.500
G0 X171.000 Y-106.095 F3500
G1 Z0.000 F900
G1 X169.989 Y-103.717 F1400
G0 Z3.500
G0 X171.168 Y-104.210 F3500
G1 Z0.000 F900
G1 X171.651 Y-105.725 F1400
G0 Z3.500
G0 X172.085 Y-106.193 F3500
G1 Z0.000 F900
G1 X171.404 Y-109.354 F1400
G0 Z3.500
G0 X170.241 Y-108.988 F3500
G1 Z0.000 F900
G1 X171.623 Y-111.894 F1400
G0 Z3.500
G0 X171.969 Y-111.973 F3500
G1 Z0.000 F900
G1 X170.625 Y-110.821 F1400
G1 X170.049 Y-109.286 F1400
G0 Z3.500
G0 X169.566 Y-109.198 F3500
G1 Z0.000 F900
G1 X172.392 Y-114.397 F1400
G0 Z3.500
G0 X172.277 Y-114.293 F3500
G1 Z0.000 F900
G1 X171.982 Y-116.241 F1400
G0 Z3.500
G0 X172.313 Y-116.213 F3500
G1 Z0.000 F900
G1 X173.735 Y-113.086 F1400
G0 Z3.500
G0 X172.929 Y-113.317 F3500
G1 Z0.000 F900
G1 X173.696 Y-113.125 F1400
G1 X174.464 Y-112.549 F1400
G0 Z3.500
G0 X173.247 Y-114.495 F3500
G1 Z0.000 F900
G1 X173.523 Y-115.364 F1400
G1 X174.146 Y-116.363 F1400
G0 Z3.500
G0 X173.440 Y-116.703 F3500
G1 Z0.000 F900
G1 X173.538 Y-119.588 F1400
G0 Z3.500
G0 X173.156 Y-119.445 F3500
G1 Z0.000 F900
G1 X169.419 Y-118.790 F1400
G0 Z3.500
G0 X170.129 Y-117.941 F3500
G1 Z0.000 F900
G1 X168.214 Y-116.017 F1400
G0 Z3.500
G0 X169.210 Y-116.089 F3500
G1 Z0.000 F900
G1 X168.283 Y-114.391 F1400
G0 Z3.500
G0 X168.742 Y-114.357 F3500
G1 Z0.000 F900
G1 X170.117 Y-115.270 F1400
G1 X171.741 Y-116.884 F1400
G0 Z3.500
G0 X171.411 Y-116.580 F3500
G1 Z0.000 F900
G1 X172.718 Y-118.178 F1400
G1 X174.062 Y-119.268 F1400
G0 Z3.500
G0 X172.484 Y-119.815 F3500
G1 Z0.000 F900
G1 X172.552 Y-121.987 F1400
G0 Z3.500
G0 X172.161 Y-121.763 F3500
G1 Z0.000 F900
G1 X170.625 Y-121.571 F1400
G0 Z3.500
G0 X170.241 Y-121.571 F3500
G1 Z0.000 F900
G1 X168.513 Y-121.379 F1400
G1 X167.170 Y-120.612 F1400
G1 X166.402 Y-119.652 F1400
G0 Z3.500
G0 X166.690 Y-118.955 F3500
G1 Z0.000 F900
G1 X171.980 Y-120.845 F1400
G0 Z3.500
G0 X172.046 Y-120.757 F3500
G1 Z0.000 F900
G1 X172.772 Y-121.708 F1400
G1 X174.195 Y-123.538 F1400
G0 Z3.500
G0 X172.625 Y-122.819 F3500
G1 Z0.000 F900
G1 X166.517 Y-120.950 F1400
G0 Z3.500
G0 X165.572 Y-120.751 F3500
G1 Z0.000 F900
G1 X164.334 Y-122.402 F1400
G0 Z3.500
G0 X163.568 Y-123.047 F3500
G1 Z0.000 F900
G1 X162.576 Y-121.676 F1400
G1 X161.557 Y-120.096 F1400
G0 Z3.500
G0 X161.603 Y-120.228 F3500
G1 Z0.000 F900
G1 X159.299 Y-119.652 F1400
G1 X158.723 Y-119.268 F1400
G1 X157.763 Y-119.268 F1400
G1 X157.379 Y-118.692 F1400
G0 Z3.500
G0 X156.730 Y-119.105 F3500
G1 Z0.000 F900
G1 X161.207 Y-120.558 F1400
G0 Z3.500
G0 X161.302 Y-120.029 F3500
G1 Z0.000 F900
G1 X158.235 Y-118.924 F1400
G0 Z3.500
G0 X157.746 Y-120.178 F3500
G1 Z0.000 F900
G1 X158.720 Y-120.602 F1400
G1 X158.933 Y-121.429 F1400
G0 Z3.500
G0 X159.273 Y-122.015 F3500
G1 Z0.000 F900
G1 X158.784 Y-122.974 F1400
G1 X158.174 Y-124.199 F1400
G0 Z3.500
G0 X156.620 Y-125.982 F3500
G1 Z0.000 F900
G1 X157.303 Y-127.282 F1400
G1 X157.755 Y-128.295 F1400
G0 Z3.500
G0 X156.749 Y-127.777 F3500
G1 Z0.000 F900
G1 X155.055 Y-127.835 F1400
G0 Z3.500
G0 X152.623 Y-126.985 F3500
G1 Z0.000 F900
G1 X151.447 Y-128.008 F1400
G0 Z3.500
G0 X150.728 Y-128.688 F3500
G1 Z0.000 F900
G1 X149.186 Y-129.447 F1400
G0 Z3.500
G0 X149.265 Y-130.662 F3500
G1 Z0.000 F900
G1 X150.380 Y-131.773 F1400
G1 X150.905 Y-132.445 F1400
G0 Z3.500
G0 X151.090 Y-132.859 F3500
G1 Z0.000 F900
G1 X152.121 Y-134.331 F1400
G1 X153.303 Y-136.391 F1400
G0 Z3.500
G0 X153.313 Y-136.155 F3500
G1 Z0.000 F900
G1 X154.136 Y-138.836 F1400
G0 Z3.500
G0 X153.540 Y-138.656 F3500
G1 Z0.000 F900
G1 X152.772 Y-135.009 F1400
G0 Z3.500
G0 X152.580 Y-135.009 F3500
G1 Z0.000 F900
G1 X151.237 Y-135.201 F1400
G1 X150.469 Y-135.969 F1400
G1 X150.661 Y-136.929 F1400
G0 Z3.500
G0 X151.053 Y-137.379 F3500
G1 Z0.000 F900
G1 X146.734 Y-136.709 F1400
G1 X142.205 Y-135.710 F1400
G0 Z3.500
G0 X143.627 Y-136.824 F3500
G1 Z0.000 F900
G1 X140.002 Y-138.446 F1400
G0 Z3.500
G0 X139.778 Y-137.855 F3500
G1 Z0.000 F900
G1 X140.575 Y-139.019 F1400
G1 X140.811 Y-139.841 F1400
G0 Z3.500
G0 X140.789 Y-139.845 F3500
G1 Z0.000 F900
G1 X144.496 Y-136.860 F1400
G0 Z3.500
G0 X144.684 Y-136.708 F3500
G1 Z0.000 F900
G1 X146.844 Y-135.989 F1400
G0 Z3.500
G0 X146.709 Y-136.841 F3500
G1 Z0.000 F900
G1 X145.841 Y-138.008 F1400
G1 X145.398 Y-138.936 F1400
G0 Z3.500
G0 X144.902 Y-139.232 F3500
G1 Z0.000 F900
G1 X146.054 Y-138.272 F1400
G0 Z3.500
G0 X145.286 Y-137.504 F3500
G1 Z0.000 F900
G1 X144.710 Y-138.080 F1400
G1 X144.518 Y-138.848 F1400
G1 X144.710 Y-139.232 F1400
G0 Z3.500
G0 X146.126 Y-140.043 F3500
G1 Z0.000 F900
G1 X145.450 Y-142.180 F1400
G1 X144.062 Y-143.796 F1400
G0 Z3.500
G0 X144.373 Y-143.574 F3500
G1 Z0.000 F900
G1 X144.391 Y-141.655 F1400
G0 Z3.500
G0 X144.800 Y-141.912 F3500
G1 Z0.000 F900
G1 X143.462 Y-140.628 F1400
G1 X142.316 Y-139.240 F1400
G0 Z3.500
G0 X141.125 Y-138.915 F3500
G1 Z0.000 F900
G1 X139.230 Y-138.786 F1400
G0 Z3.500
G0 X139.304 Y-138.404 F3500
G1 Z0.000 F900
G1 X138.604 Y-136.801 F1400
G1 X137.446 Y-135.069 F1400
G0 Z3.500
G0 X138.042 Y-134.462 F3500
G1 Z0.000 F900
G1 X138.417 Y-132.522 F1400
G0 Z3.500
G0 X138.137 Y-131.970 F3500
G1 Z0.000 F900
G1 X137.624 Y-130.941 F1400
G1 X136.310 Y-129.602 F1400
G0 Z3.500
G0 X136.549 Y-130.637 F3500
G1 Z0.000 F900
G1 X136.764 Y-128.235 F1400
G0 Z3.500
G0 X137.799 Y-127.714 F3500
G1 Z0.000 F900
G1 X137.223 Y-128.290 F1400
G1 X137.031 Y-128.866 F1400
G1 X137.031 Y-129.826 F1400
G1 X136.647 Y-130.594 F1400
G1 X136.647 Y-132.321 F1400
G1 X136.263 Y-132.705 F1400
G0 Z3.500
G0 X136.612 Y-133.745 F3500
G1 Z0.000 F900
G1 X136.075 Y-136.132 F1400
G0 Z3.500
G0 X135.688 Y-136.353 F3500
G1 Z0.000 F900
G1 X135.496 Y-137.888 F1400
G0 Z3.500
G0 X135.496 Y-138.272 F3500
G1 Z0.000 F900
G1 X135.304 Y-138.464 F1400
G1 X135.304 Y-139.808 F1400
G1 X135.496 Y-140.768 F1400
G1 X136.071 Y-140.960 F1400
G0 Z3.500
G0 X135.635 Y-141.139 F3500
G1 Z0.000 F900
G1 X134.314 Y-131.731 F1400
G0 Z3.500
G0 X134.558 Y-131.598 F3500
G1 Z0.000 F900
G1 X134.108 Y-129.432 F1400
G0 Z3.500
G0 X133.960 Y-129.634 F3500
G1 Z0.000 F900
G1 X133.960 Y-130.594 F1400
G1 X134.344 Y-131.362 F1400
G1 X134.152 Y-131.938 F1400
G1 X134.536 Y-132.513 F1400
G0 Z3.500
G0 X135.112 Y-132.513 F3500
G1 Z0.000 F900
G1 X135.688 Y-130.018 F1400
G1 X135.688 Y-128.674 F1400
G1 X136.071 Y-126.754 F1400
G0 Z3.500
G0 X136.294 Y-127.013 F3500
G1 Z0.000 F900
G1 X135.778 Y-131.088 F1400
G0 Z3.500
G0 X135.499 Y-131.810 F3500
G1 Z0.000 F900
G1 X135.443 Y-134.458 F1400
G0 Z3.500
G0 X135.746 Y-134.328 F3500
G1 Z0.000 F900
G1 X134.747 Y-135.652 F1400
G1 X134.093 Y-136.458 F1400
G0 Z3.500
G0 X133.960 Y-135.393 F3500
G1 Z0.000 F900
G1 X133.960 Y-134.817 F1400
G1 X133.576 Y-134.433 F1400
G1 X133.000 Y-132.513 F1400
G0 Z3.500
G0 X133.173 Y-132.073 F3500
G1 Z0.000 F900
G1 X134.116 Y-134.718 F1400
G0 Z3.500
G0 X135.054 Y-133.656 F3500
G1 Z0.000 F900
G1 X135.522 Y-134.255 F1400
G1 X136.321 Y-135.594 F1400
G0 Z3.500
G0 X137.481 Y-136.589 F3500
G1 Z0.000 F900
G1 X136.106 Y-138.087 F1400
G1 X135.429 Y-139.188 F1400
G0 Z3.500
G0 X133.815 Y-139.662 F3500
G1 Z0.000 F900
G1 X131.442 Y-139.289 F1400
G1 X129.114 Y-138.803 F1400
G0 Z3.500
G0 X128.969 Y-139.232 F3500
G1 Z0.000 F900
G1 X129.545 Y-139.808 F1400
G1 X129.353 Y-140.768 F1400
G0 Z3.500
G0 X129.929 Y-141.728 F3500
G1 Z0.000 F900
G1 X129.545 Y-142.496 F1400
G1 X128.777 Y-142.496 F1400
G1 X128.393 Y-142.879 F1400
G0 Z3.500
G0 X128.201 Y-142.879 F3500
G1 Z0.000 F900
G1 X127.241 Y-141.344 F1400
G0 Z3.500
G0 X127.138 Y-141.304 F3500
G1 Z0.000 F900
G1 X126.465 Y-140.477 F1400
G1 X125.808 Y-139.464 F1400
G0 Z3.500
G0 X125.897 Y-140.000 F3500
G1 Z0.000 F900
G1 X126.473 Y-140.960 F1400
G1 X127.049 Y-141.152 F1400
G0 Z3.500
G0 X127.473 Y-141.244 F3500
G1 Z0.000 F900
G1 X132.615 Y-139.574 F1400
G1 X137.759 Y-137.988 F1400
G0 Z3.500
G0 X138.034 Y-138.135 F3500
G1 Z0.000 F900
G1 X143.464 Y-137.035 F1400
G1 X148.698 Y-136.106 F1400
G0 Z3.500
G0 X148.292 Y-135.739 F3500
G1 Z0.000 F900
G1 X148.838 Y-136.798 F1400
G1 X149.575 Y-138.118 F1400
G0 Z3.500
G0 X149.557 Y-137.584 F3500
G1 Z0.000 F900
G1 X148.071 Y-142.369 F1400
G0 Z3.500
G0 X147.936 Y-142.872 F3500
G1 Z0.000 F900
G1 X147.590 Y-144.579 F1400
G0 Z3.500
G0 X146.967 Y-144.314 F3500
G1 Z0.000 F900
G1 X146.660 Y-141.655 F1400
G0 Z3.500
G0 X146.729 Y-141.456 F3500
G1 Z0.000 F900
G1 X146.297 Y-139.706 F1400
G0 Z3.500
G0 X147.014 Y-140.030 F3500
G1 Z0.000 F900
G1 X147.907 Y-142.162 F1400
G1 X148.932 Y-143.425 F1400
G0 Z3.500
G0 X148.683 Y-142.717 F3500
G1 Z0.000 F900
G1 X149.586 Y-140.297 F1400
G0 Z3.500
G0 X149.717 Y-140.450 F3500
G1 Z0.000 F900
G1 X150.175 Y-136.395 F1400
G0 Z3.500
G0 X149.893 Y-135.969 F3500
G1 Z0.000 F900
G1 X149.125 Y-137.312 F1400
G0 Z3.500
G0 X149.125 Y-137.312 F3500
G1 Z0.000 F900
G1 X148.549 Y-136.737 F1400
G1 X148.165 Y-136.737 F1400
G1 X147.205 Y-137.888 F1400
G1 X147.013 Y-139.808 F1400
G1 X147.589 Y-140.384 F1400
G0 Z3.500
G0 X147.781 Y-141.152 F3500
G1 Z0.000 F900
G1 X147.781 Y-141.728 F1400
G1 X147.397 Y-142.304 F1400
G1 X147.397 Y-144.031 F1400
G1 X147.013 Y-144.607 F1400
G1 X147.397 Y-145.183 F1400
G1 X147.589 Y-146.335 F1400
G0 Z3.500
G0 X147.357 Y-146.504 F3500
G1 Z0.000 F900
G1 X147.829 Y-145.391 F1400
G1 X148.590 Y-144.246 F1400
G0 Z3.500
G0 X149.395 Y-145.233 F3500
G1 Z0.000 F900
G1 X146.146 Y-144.041 F1400
G1 X143.096 Y-143.213 F1400
G0 Z3.500
G0 X142.733 Y-144.099 F3500
G1 Z0.000 F900
G1 X138.246 Y-145.952 F1400
G0 Z3.500
G0 X138.960 Y-146.415 F3500
G1 Z0.000 F900
G1 X141.073 Y-145.516 F1400
G1 X143.549 Y-145.486 F1400
G0 Z3.500
G0 X142.906 Y-146.573 F3500
G1 Z0.000 F900
G1 X143.385 Y-144.951 F1400
G1 X143.826 Y-144.177 F1400
G0 Z3.500
G0 X142.022 Y-144.415 F3500
G1 Z0.000 F900
G1 X142.022 Y-144.799 F1400
G1 X140.871 Y-145.567 F1400
G0 Z3.500
G0 X140.679 Y-145.759 F3500
G1 Z0.000 F900
G1 X139.911 Y-146.527 F1400
G1 X139.143 Y-145.183 F1400
G0 Z3.500
G0 X139.335 Y-144.799 F3500
G1 Z0.000 F900
G1 X137.991 Y-143.263 F1400
G0 Z3.500
G0 X137.607 Y-143.071 F3500
G1 Z0.000 F900
G1 X137.415 Y-142.879 F1400
G1 X137.415 Y-141.728 F1400
G1 X137.607 Y-141.536 F1400
G0 Z3.500
G0 X137.689 Y-141.210 F3500
G1 Z0.000 F900
G1 X136.021 Y-143.857 F1400
G0 Z3.500
G0 X135.668 Y-144.354 F3500
G1 Z0.000 F900
G1 X135.750 Y-145.260 F1400
G1 X136.859 Y-146.396 F1400
G0 Z3.500
G0 X136.071 Y-146.335 F3500
G1 Z0.000 F900
G1 X135.496 Y-145.951 F1400
G1 X135.304 Y-144.223 F1400
G0 Z3.500
G0 X135.495 Y-144.497 F3500
G1 Z0.000 F900
G1 X132.500 Y-143.542 F1400
G1 X130.121 Y-142.797 F1400
G0 Z3.500
G0 X129.824 Y-142.859 F3500
G1 Z0.000 F900
G1 X128.913 Y-143.734 F1400
G1 X128.113 Y-145.203 F1400
G0 Z3.500
G0 X127.942 Y-145.986 F3500
G1 Z0.000 F900
G1 X126.101 Y-146.837 F1400
G0 Z3.500
G0 X126.857 Y-147.103 F3500
G1 Z0.000 F900
G1 X127.625 Y-146.335 F1400
G1 X128.201 Y-146.335 F1400
G1 X128.969 Y-145.759 F1400
G1 X128.969 Y-144.607 F1400
G0 Z3.500
G0 X129.161 Y-144.415 F3500
G1 Z0.000 F900
G1 X130.121 Y-144.799 F1400
G1 X130.121 Y-145.759 F1400
G1 X130.312 Y-145.951 F1400
G1 X130.888 Y-145.951 F1400
G0 Z3.500
G0 X130.938 Y-145.971 F3500
G1 Z0.000 F900
G1 X130.911 Y-143.334 F1400
G0 Z3.500
G0 X130.935 Y-143.177 F3500
G1 Z0.000 F900
G1 X130.093 Y-143.989 F1400
G1 X129.690 Y-144.886 F1400
G0 Z3.500
G0 X130.547 Y-144.562 F3500
G1 Z0.000 F900
G1 X129.177 Y-143.059 F1400
G0 Z3.500
G0 X128.762 Y-141.797 F3500
G1 Z0.000 F900
G1 X127.485 Y-140.430 F1400
G0 Z3.500
G0 X127.155 Y-139.742 F3500
G1 Z0.000 F900
G1 X127.276 Y-136.379 F1400
G0 Z3.500
G0 X127.113 Y-135.923 F3500
G1 Z0.000 F900
G1 X125.499 Y-134.894 F1400
G0 Z3.500
G0 X125.461 Y-135.037 F3500
G1 Z0.000 F900
G1 X123.521 Y-134.200 F1400
G0 Z3.500
G0 X123.594 Y-134.625 F3500
G1 Z0.000 F900
G1 X125.129 Y-135.201 F1400
G0 Z3.500
G0 X125.129 Y-135.393 F3500
G1 Z0.000 F900
G1 X124.554 Y-136.161 F1400
G1 X123.594 Y-136.545 F1400
G0 Z3.500
G0 X124.554 Y-137.504 F3500
G1 Z0.000 F900
G1 X123.594 Y-137.696 F1400
G1 X123.402 Y-138.464 F1400
G1 X124.362 Y-139.040 F1400
G1 X125.129 Y-139.040 F1400
G1 X125.513 Y-138.656 F1400
G0 Z3.500
G0 X124.996 Y-139.620 F3500
G1 Z0.000 F900
G1 X122.880 Y-138.572 F1400
G0 Z3.500
G0 X121.702 Y-138.723 F3500
G1 Z0.000 F900
G1 X120.813 Y-137.872 F1400
G1 X120.494 Y-137.437 F1400
G0 Z3.500
G0 X120.375 Y-138.975 F3500
G1 Z0.000 F900
G1 X123.880 Y-138.708 F1400
G1 X127.196 Y-138.338 F1400
G0 Z3.500
G0 X127.241 Y-138.848 F3500
G1 Z0.000 F900
G1 X127.625 Y-138.080 F1400
G1 X127.433 Y-137.504 F1400
G0 Z3.500
G0 X127.464 Y-137.686 F3500
G1 Z0.000 F900
G1 X126.332 Y-136.780 F1400
G1 X125.483 Y-135.403 F1400
G0 Z3.500
G0 X125.709 Y-136.027 F3500
G1 Z0.000 F900
G1 X123.245 Y-134.732 F1400
G0 Z3.500
G0 X124.171 Y-133.358 F3500
G1 Z0.000 F900
G1 X125.000 Y-131.508 F1400
G1 X125.704 Y-130.133 F1400
G0 Z3.500
G0 X126.007 Y-130.917 F3500
G1 Z0.000 F900
G1 X124.824 Y-129.412 F1400
G0 Z3.500
G0 X123.990 Y-129.094 F3500
G1 Z0.000 F900
G1 X125.336 Y-131.225 F1400
G0 Z3.500
G0 X125.513 Y-130.978 F3500
G1 Z0.000 F900
G1 X124.362 Y-131.938 F1400
G1 X122.250 Y-132.321 F1400
G0 Z3.500
G0 X122.637 Y-132.695 F3500
G1 Z0.000 F900
G1 X124.834 Y-132.123 F1400
G0 Z3.500
G0 X124.592 Y-132.057 F3500
G1 Z0.000 F900
G1 X125.708 Y-133.594 F1400
G1 X126.819 Y-135.274 F1400
G0 Z3.500
G0 X127.817 Y-135.585 F3500
G1 Z0.000 F900
G1 X127.433 Y-135.201 F1400
G1 X127.241 Y-134.241 F1400
G1 X126.665 Y-133.857 F1400
G1 X126.665 Y-133.473 F1400
G0 Z3.500
G0 X126.665 Y-133.281 F3500
G1 Z0.000 F900
G1 X127.433 Y-131.938 F1400
G1 X126.665 Y-130.594 F1400
G0 Z3.500
G0 X126.034 Y-130.959 F3500
G1 Z0.000 F900
G1 X127.822 Y-134.880 F1400
G0 Z3.500
G0 X127.939 Y-135.645 F3500
G1 Z0.000 F900
G1 X127.757 Y-139.259 F1400
G0 Z3.500
G0 X127.296 Y-141.939 F3500
G1 Z0.000 F900
G1 X125.938 Y-144.384 F1400
G0 Z3.500
G0 X126.358 Y-144.537 F3500
G1 Z0.000 F900
G1 X124.939 Y-143.109 F1400
G1 X123.517 Y-141.606 F1400
G0 Z3.500
G0 X124.414 Y-143.962 F3500
G1 Z0.000 F900
G1 X129.546 Y-142.764 F1400
G1 X135.827 Y-141.797 F1400
G0 Z3.500
G0 X135.304 Y-141.920 F3500
G1 Z0.000 F900
G1 X135.304 Y-143.839 F1400
G0 Z3.500
G0 X134.825 Y-144.056 F3500
G1 Z0.000 F900
G1 X134.795 Y-141.177 F1400
G0 Z3.500
G0 X134.536 Y-141.536 F3500
G1 Z0.000 F900
G1 X134.536 Y-143.839 F1400
G0 Z3.500
G0 X133.813 Y-144.221 F3500
G1 Z0.000 F900
G1 X139.711 Y-143.100 F1400
G1 X145.624 Y-141.538 F1400
G0 Z3.500
G0 X144.832 Y-140.926 F3500
G1 Z0.000 F900
G1 X145.068 Y-137.533 F1400
G0 Z3.500
G0 X144.916 Y-137.066 F3500
G1 Z0.000 F900
G1 X142.410 Y-141.809 F1400
G0 Z3.500
G0 X142.214 Y-141.920 F3500
G1 Z0.000 F900
G1 X141.062 Y-143.071 F1400
G1 X140.871 Y-143.647 F1400
G0 Z3.500
G0 X141.033 Y-143.793 F3500
G1 Z0.000 F900
G1 X137.709 Y-144.795 F1400
G0 Z3.500
G0 X136.551 Y-144.473 F3500
G1 Z0.000 F900
G1 X138.454 Y-143.712 F1400
G0 Z3.500
G0 X139.335 Y-142.688 F3500
G1 Z0.000 F900
G1 X139.911 Y-141.920 F1400
G1 X140.103 Y-141.152 F1400
G0 Z3.500
G0 X140.339 Y-141.114 F3500
G1 Z0.000 F900
G1 X139.952 Y-143.099 F1400
G0 Z3.500
G0 X140.445 Y-142.899 F3500
G1 Z0.000 F900
G1 X142.311 Y-141.583 F1400
G0 Z3.500
G0 X142.035 Y-144.959 F3500
G1 Z0.000 F900
G1 X139.819 Y-147.306 F1400
G0 Z3.500
G0 X139.152 Y-146.710 F3500
G1 Z0.000 F900
G1 X141.447 Y-145.120 F1400
G0 Z3.500
G0 X139.117 Y-145.816 F3500
G1 Z0.000 F900
G1 X138.762 Y-146.840 F1400
G1 X138.017 Y-148.005 F1400
G0 Z3.500
G0 X139.519 Y-148.861 F3500
G1 Z0.000 F900
G1 X137.153 Y-149.755 F1400
G1 X134.544 Y-150.335 F1400
G0 Z3.500
G0 X133.768 Y-149.790 F3500
G1 Z0.000 F900
G1 X132.040 Y-149.598 F1400
G1 X130.696 Y-150.558 F1400
G0 Z3.500
G0 X130.536 Y-149.181 F3500
G1 Z0.000 F900
G1 X126.849 Y-149.379 F1400
G1 X123.178 Y-150.399 F1400
G0 Z3.500
G0 X125.321 Y-148.830 F3500
G1 Z0.000 F900
G1 X126.857 Y-148.638 F1400
G0 Z3.500
G0 X126.457 Y-148.239 F3500
G1 Z0.000 F900
G1 X123.110 Y-148.081 F1400
G1 X120.347 Y-147.118 F1400
G0 Z3.500
G0 X120.068 Y-147.207 F3500
G1 Z0.000 F900
G1 X118.052 Y-145.801 F1400
G0 Z3.500
G0 X117.835 Y-145.375 F3500
G1 Z0.000 F900
G1 X118.987 Y-146.143 F1400
G1 X119.946 Y-146.335 F1400
G0 Z3.500
G0 X120.138 Y-146.527 F3500
G1 Z0.000 F900
G1 X119.563 Y-147.295 F1400
G1 X118.411 Y-147.295 F1400
G0 Z3.500
G0 X117.048 Y-146.497 F3500
G1 Z0.000 F900
G1 X114.605 Y-145.665 F1400
G0 Z3.500
G0 X114.188 Y-145.375 F3500
G1 Z0.000 F900
G1 X114.571 Y-145.759 F1400
G1 X115.147 Y-145.759 F1400
G1 X115.723 Y-145.183 F1400
G0 Z3.500
G0 X116.691 Y-145.627 F3500
G1 Z0.000 F900
G1 X115.346 Y-143.496 F1400
G0 Z3.500
G0 X113.466 Y-142.560 F3500
G1 Z0.000 F900
G1 X109.170 Y-142.765 F1400
G1 X104.927 Y-143.582 F1400
G0 Z3.500
G0 X105.297 Y-144.154 F3500
G1 Z0.000 F900
G1 X100.147 Y-143.384 F1400
G1 X95.051 Y-141.989 F1400
G0 Z3.500
G0 X95.128 Y-142.052 F3500
G1 Z0.000 F900
G1 X98.966 Y-140.757 F1400
G1 X102.917 Y-140.252 F1400
G0 Z3.500
G0 X102.092 Y-140.386 F3500
G1 Z0.000 F900
G1 X102.834 Y-138.574 F1400
G0 Z3.500
G0 X103.838 Y-138.242 F3500
G1 Z0.000 F900
G1 X106.393 Y-135.256 F1400
G0 Z3.500
G0 X106.509 Y-135.009 F3500
G1 Z0.000 F900
G1 X107.661 Y-135.009 F1400
G1 X108.237 Y-136.161 F1400
G0 Z3.500
G0 X107.424 Y-136.151 F3500
G1 Z0.000 F900
G1 X111.832 Y-135.386 F1400
G1 X116.727 Y-134.251 F1400
G0 Z3.500
G0 X116.429 Y-134.012 F3500
G1 Z0.000 F900
G1 X117.045 Y-138.107 F1400
G0 Z3.500
G0 X117.013 Y-138.273 F3500
G1 Z0.000 F900
G1 X114.758 Y-137.294 F1400
G0 Z3.500
G0 X114.188 Y-137.312 F3500
G1 Z0.000 F900
G1 X115.339 Y-136.353 F1400
G0 Z3.500
G0 X115.531 Y-136.353 F3500
G1 Z0.000 F900
G1 X116.875 Y-137.696 F1400
G1 X116.875 Y-138.080 F1400
G0 Z3.500
G0 X115.608 Y-137.623 F3500
G1 Z0.000 F900
G1 X114.177 Y-135.968 F1400
G0 Z3.500
G0 X114.955 Y-135.777 F3500
G1 Z0.000 F900
G1 X113.996 Y-135.969 F1400
G1 X112.268 Y-137.888 F1400
G0 Z3.500
G0 X111.500 Y-137.312 F3500
G1 Z0.000 F900
G1 X114.188 Y-134.433 F1400
G0 Z3.500
G0 X113.632 Y-134.870 F3500
G1 Z0.000 F900
G1 X113.185 Y-135.907 F1400
G1 X112.824 Y-136.684 F1400
G0 Z3.500
G0 X113.261 Y-136.910 F3500
G1 Z0.000 F900
G1 X112.497 Y-138.263 F1400
G1 X111.274 Y-139.634 F1400
G0 Z3.500
G0 X111.056 Y-139.982 F3500
G1 Z0.000 F900
G1 X111.007 Y-137.574 F1400
G0 Z3.500
G0 X110.427 Y-137.603 F3500
G1 Z0.000 F900
G1 X110.892 Y-136.376 F1400
G1 X111.421 Y-134.719 F1400
G0 Z3.500
G0 X111.308 Y-134.241 F3500
G1 Z0.000 F900
G1 X111.884 Y-133.665 F1400
G1 X112.460 Y-133.473 F1400
G1 X113.420 Y-132.129 F1400
G1 X113.804 Y-131.938 F1400
G0 Z3.500
G0 X114.183 Y-130.777 F3500
G1 Z0.000 F900
G1 X115.083 Y-132.605 F1400
G0 Z3.500
G0 X115.147 Y-132.129 F3500
G1 Z0.000 F900
G1 X114.955 Y-130.402 F1400
G0 Z3.500
G0 X115.147 Y-130.210 F3500
G1 Z0.000 F900
G1 X115.531 Y-129.826 F1400
G1 X115.723 Y-128.482 F1400
G0 Z3.500
G0 X115.723 Y-128.098 F3500
G1 Z0.000 F900
G1 X117.835 Y-124.643 F1400
G1 X118.027 Y-122.723 F1400
G1 X119.371 Y-121.571 F1400
G0 Z3.500
G0 X119.159 Y-122.173 F3500
G1 Z0.000 F900
G1 X119.829 Y-123.636 F1400
G0 Z3.500
G0 X119.985 Y-123.205 F3500
G1 Z0.000 F900
G1 X121.582 Y-121.168 F1400
G0 Z3.500
G0 X121.296 Y-120.839 F3500
G1 Z0.000 F900
G1 X122.846 Y-118.820 F1400
G0 Z3.500
G0 X122.634 Y-118.884 F3500
G1 Z0.000 F900
G1 X120.906 Y-120.612 F1400
G1 X120.138 Y-120.804 F1400
G0 Z3.500
G0 X120.120 Y-120.629 F3500
G1 Z0.000 F900
G1 X118.658 Y-122.290 F1400
G0 Z3.500
G0 X117.793 Y-122.283 F3500
G1 Z0.000 F900
G1 X119.969 Y-116.354 F1400
G0 Z3.500
G0 X119.694 Y-115.909 F3500
G1 Z0.000 F900
G1 X118.386 Y-117.460 F1400
G0 Z3.500
G0 X118.646 Y-117.036 F3500
G1 Z0.000 F900
G1 X117.469 Y-120.404 F1400
G0 Z3.500
G0 X117.643 Y-120.420 F3500
G1 Z0.000 F900
G1 X117.259 Y-120.036 F1400
G1 X117.259 Y-118.116 F1400
G0 Z3.500
G0 X117.451 Y-117.924 F3500
G1 Z0.000 F900
G1 X118.027 Y-117.348 F1400
G1 X118.219 Y-116.580 F1400
G1 X118.027 Y-116.196 F1400
G0 Z3.500
G0 X117.451 Y-116.196 F3500
G1 Z0.000 F900
G1 X117.067 Y-115.812 F1400
G1 X116.683 Y-115.812 F1400
G1 X115.723 Y-114.661 F1400
G0 Z3.500
G0 X116.107 Y-114.085 F3500
G1 Z0.000 F900
G1 X117.259 Y-114.085 F1400
G1 X117.835 Y-114.277 F1400
G1 X118.411 Y-114.853 F1400
G0 Z3.500
G0 X118.603 Y-114.853 F3500
G1 Z0.000 F900
G1 X119.563 Y-113.701 F1400
G0 Z3.500
G0 X119.399 Y-113.606 F3500
G1 Z0.000 F900
G1 X120.106 Y-110.784 F1400
G0 Z3.500
G0 X120.556 Y-110.928 F3500
G1 Z0.000 F900
G1 X120.410 Y-112.854 F1400
G0 Z3.500
G0 X120.288 Y-112.882 F3500
G1 Z0.000 F900
G1 X119.197 Y-114.400 F1400
G0 Z3.500
G0 X119.790 Y-114.063 F3500
G1 Z0.000 F900
G1 X119.485 Y-115.815 F1400
G0 Z3.500
G0 X120.050 Y-116.920 F3500
G1 Z0.000 F900
G1 X120.710 Y-117.769 F1400
G1 X121.762 Y-118.928 F1400
G0 Z3.500
G0 X122.307 Y-118.865 F3500
G1 Z0.000 F900
G1 X121.113 Y-120.404 F1400
G1 X119.890 Y-122.358 F1400
G0 Z3.500
G0 X120.875 Y-120.458 F3500
G1 Z0.000 F900
G1 X122.473 Y-118.423 F1400
G0 Z3.500
G0 X122.937 Y-117.569 F3500
G1 Z0.000 F900
G1 X121.432 Y-116.125 F1400
G1 X120.028 Y-114.056 F1400
G0 Z3.500
G0 X118.684 Y-113.401 F3500
G1 Z0.000 F900
G1 X117.337 Y-111.966 F1400
G1 X116.218 Y-110.545 F1400
G0 Z3.500
G0 X116.989 Y-109.915 F3500
G1 Z0.000 F900
G1 X118.783 Y-111.462 F1400
G0 Z3.500
G0 X119.936 Y-111.455 F3500
G1 Z0.000 F900
G1 X118.690 Y-113.160 F1400
G1 X116.886 Y-115.179 F1400
G0 Z3.500
G0 X116.844 Y-113.736 F3500
G1 Z0.000 F900
G1 X117.449 Y-112.079 F1400
G0 Z3.500
G0 X117.067 Y-112.165 F3500
G1 Z0.000 F900
G1 X115.915 Y-113.509 F1400
G0 Z3.500
G0 X115.951 Y-113.214 F3500
G1 Z0.000 F900
G1 X115.248 Y-111.634 F1400
G1 X114.344 Y-110.348 F1400
G0 Z3.500
G0 X113.748 Y-109.493 F3500
G1 Z0.000 F900
G1 X113.299 Y-111.181 F1400
G0 Z3.500
G0 X112.755 Y-110.912 F3500
G1 Z0.000 F900
G1 X112.433 Y-109.006 F1400
G0 Z3.500
G0 X112.368 Y-109.531 F3500
G1 Z0.000 F900
G1 X113.422 Y-110.783 F1400
G1 X114.471 Y-111.728 F1400
G0 Z3.500
G0 X116.395 Y-111.742 F3500
G1 Z0.000 F900
G1 X115.185 Y-112.854 F1400
G1 X114.668 Y-114.125 F1400
G0 Z3.500
G0 X114.763 Y-114.661 F3500
G1 Z0.000 F900
G1 X113.804 Y-114.277 F1400
G1 X113.420 Y-113.893 F1400
G1 X113.420 Y-113.509 F1400
G1 X113.036 Y-113.317 F1400
G0 Z3.500
G0 X113.548 Y-114.314 F3500
G1 Z0.000 F900
G1 X117.071 Y-111.914 F1400
G0 Z3.500
G0 X114.955 Y-114.853 F3500
G1 Z0.000 F900
G1 X114.955 Y-116.388 F1400
G1 X115.339 Y-116.772 F1400
G1 X115.915 Y-116.772 F1400
G1 X116.491 Y-117.156 F1400
G0 Z3.500
G0 X116.885 Y-116.758 F3500
G1 Z0.000 F900
G1 X114.963 Y-116.287 F1400
G0 Z3.500
G0 X114.292 Y-115.793 F3500
G1 Z0.000 F900
G1 X113.624 Y-117.057 F1400
G1 X113.315 Y-117.367 F1400
G0 Z3.500
G0 X114.697 Y-118.201 F3500
G1 Z0.000 F900
G1 X115.748 Y-119.686 F1400
G1 X116.750 Y-121.102 F1400
G0 Z3.500
G0 X117.330 Y-120.937 F3500
G1 Z0.000 F900
G1 X115.700 Y-117.180 F1400
G0 Z3.500
G0 X113.138 Y-115.639 F3500
G1 Z0.000 F900
G1 X112.530 Y-114.020 F1400
G1 X111.782 Y-112.147 F1400
G0 Z3.500
G0 X111.627 Y-111.637 F3500
G1 Z0.000 F900
G1 X110.532 Y-110.581 F1400
G1 X109.453 Y-109.622 F1400
G0 Z3.500
G0 X109.171 Y-109.601 F3500
G1 Z0.000 F900
G1 X111.894 Y-108.639 F1400
G0 Z3.500
G0 X110.657 Y-107.763 F3500
G1 Z0.000 F900
G1 X110.509 Y-108.673 F1400
G1 X110.039 Y-109.656 F1400
G0 Z3.500
G0 X108.971 Y-110.535 F3500
G1 Z0.000 F900
G1 X108.420 Y-111.605 F1400
G1 X107.886 Y-113.411 F1400
G0 Z3.500
G0 X107.434 Y-112.954 F3500
G1 Z0.000 F900
G1 X106.511 Y-114.163 F1400
G1 X105.200 Y-115.216 F1400
G0 Z3.500
G0 X104.816 Y-114.609 F3500
G1 Z0.000 F900
G1 X105.114 Y-112.898 F1400
G0 Z3.500
G0 X105.025 Y-112.989 F3500
G1 Z0.000 F900
G1 X104.068 Y-110.330 F1400
G0 Z3.500
G0 X104.312 Y-110.344 F3500
G1 Z0.000 F900
G1 X105.472 Y-109.107 F1400
G0 Z3.500
G0 X106.281 Y-109.813 F3500
G1 Z0.000 F900
G1 X108.136 Y-108.742 F1400
G0 Z3.500
G0 X106.129 Y-110.218 F3500
G1 Z0.000 F900
G1 X106.325 Y-111.903 F1400
G0 Z3.500
G0 X105.741 Y-112.165 F3500
G1 Z0.000 F900
G1 X105.357 Y-113.701 F1400
G0 Z3.500
G0 X105.549 Y-113.893 F3500
G1 Z0.000 F900
G1 X106.125 Y-113.893 F1400
G1 X106.893 Y-113.317 F1400
G1 X107.085 Y-111.973 F1400
G0 Z3.500
G0 X107.486 Y-111.153 F3500
G1 Z0.000 F900
G1 X105.011 Y-115.922 F1400
G0 Z3.500
G0 X104.589 Y-116.388 F3500
G1 Z0.000 F900
G1 X103.054 Y-116.580 F1400
G0 Z3.500
G0 X102.862 Y-117.348 F3500
G1 Z0.000 F900
G1 X101.518 Y-118.692 F1400
G0 Z3.500
G0 X101.734 Y-119.582 F3500
G1 Z0.000 F900
G1 X101.632 Y-117.405 F1400
G0 Z3.500
G0 X100.641 Y-117.426 F3500
G1 Z0.000 F900
G1 X100.488 Y-119.113 F1400
G0 Z3.500
G0 X100.010 Y-119.414 F3500
G1 Z0.000 F900
G1 X98.955 Y-118.098 F1400
G0 Z3.500
G0 X98.905 Y-117.900 F3500
G1 Z0.000 F900
G1 X98.637 Y-119.296 F1400
G1 X97.988 Y-120.252 F1400
G0 Z3.500
G0 X97.675 Y-119.725 F3500
G1 Z0.000 F900
G1 X99.195 Y-119.279 F1400
G0 Z3.500
G0 X99.790 Y-119.268 F3500
G1 Z0.000 F900
G1 X98.446 Y-118.692 F1400
G0 Z3.500
G0 X97.871 Y-118.884 F3500
G1 Z0.000 F900
G1 X97.103 Y-119.844 F1400
G1 X96.143 Y-119.844 F1400
G1 X95.951 Y-119.268 F1400
G0 Z3.500
G0 X95.778 Y-119.367 F3500
G1 Z0.000 F900
G1 X93.645 Y-118.981 F1400
G0 Z3.500
G0 X94.552 Y-118.912 F3500
G1 Z0.000 F900
G1 X94.073 Y-116.420 F1400
G0 Z3.500
G0 X93.455 Y-116.580 F3500
G1 Z0.000 F900
G1 X94.415 Y-116.388 F1400
G1 X94.799 Y-116.772 F1400
G0 Z3.500
G0 X94.798 Y-117.132 F3500
G1 Z0.000 F900
G1 X97.362 Y-115.789 F1400
G0 Z3.500
G0 X97.111 Y-115.711 F3500
G1 Z0.000 F900
G1 X97.571 Y-114.672 F1400
G1 X98.246 Y-113.226 F1400
G0 Z3.500
G0 X98.109 Y-113.182 F3500
G1 Z0.000 F900
G1 X97.091 Y-115.194 F1400
G0 Z3.500
G0 X97.103 Y-116.580 F3500
G1 Z0.000 F900
G1 X96.143 Y-117.156 F1400
G1 X95.567 Y-116.772 F1400
G0 Z3.500
G0 X95.867 Y-117.795 F3500
G1 Z0.000 F900
G1 X96.429 Y-119.446 F1400
G0 Z3.500
G0 X96.143 Y-119.076 F3500
G1 Z0.000 F900
G1 X96.719 Y-118.692 F1400
G1 X97.679 Y-118.692 F1400
G0 Z3.500
G0 X96.773 Y-118.646 F3500
G1 Z0.000 F900
G1 X98.438 Y-116.713 F1400
G0 Z3.500
G0 X98.555 Y-117.069 F3500
G1 Z0.000 F900
G1 X98.813 Y-116.331 F1400
G1 X99.490 Y-115.708 F1400
G0 Z3.500
G0 X99.382 Y-116.524 F3500
G1 Z0.000 F900
G1 X101.409 Y-118.064 F1400
G1 X102.502 Y-120.092 F1400
G0 Z3.500
G0 X103.043 Y-120.005 F3500
G1 Z0.000 F900
G1 X103.493 Y-119.113 F1400
G1 X104.215 Y-118.531 F1400
G0 Z3.500
G0 X104.205 Y-118.116 F3500
G1 Z0.000 F900
G1 X104.781 Y-117.156 F1400
G1 X104.781 Y-116.580 F1400
G0 Z3.500
G0 X103.928 Y-116.946 F3500
G1 Z0.000 F900
G1 X104.643 Y-118.628 F1400
G0 Z3.500
G0 X104.205 Y-119.268 F3500
G1 Z0.000 F900
G1 X104.397 Y-119.460 F1400
G1 X105.549 Y-119.460 F1400
G1 X105.741 Y-119.268 F1400
G0 Z3.500
G0 X105.253 Y-119.832 F3500
G1 Z0.000 F900
G1 X105.640 Y-116.223 F1400
G0 Z3.500
G0 X103.739 Y-117.907 F3500
G1 Z0.000 F900
G1 X102.442 Y-119.031 F1400
G0 Z3.500
G0 X102.862 Y-119.268 F3500
G1 Z0.000 F900
G1 X103.054 Y-117.732 F1400
G0 Z3.500
G0 X103.622 Y-117.961 F3500
G1 Z0.000 F900
G1 X101.847 Y-116.654 F1400
G1 X100.950 Y-114.816 F1400
G0 Z3.500
G0 X100.556 Y-114.292 F3500
G1 Z0.000 F900
G1 X99.631 Y-113.002 F1400
G1 X99.408 Y-111.958 F1400
G0 Z3.500
G0 X100.347 Y-112.143 F3500
G1 Z0.000 F900
G1 X101.107 Y-110.240 F1400
G0 Z3.500
G0 X101.392 Y-109.962 F3500
G1 Z0.000 F900
G1 X101.010 Y-108.209 F1400
G0 Z3.500
G0 X101.435 Y-107.617 F3500
G1 Z0.000 F900
G1 X102.064 Y-109.565 F1400
G0 Z3.500
G0 X102.056 Y-110.668 F3500
G1 Z0.000 F900
G1 X101.792 Y-112.305 F1400
G0 Z3.500
G0 X101.751 Y-112.351 F3500
G1 Z0.000 F900
G1 X100.990 Y-111.839 F1400
G1 X100.133 Y-110.828 F1400
G0 Z3.500
G0 X98.955 Y-110.407 F3500
G1 Z0.000 F900
G1 X99.749 Y-108.619 F1400
G1 X100.626 Y-107.013 F1400
G0 Z3.500
G0 X99.100 Y-107.118 F3500
G1 Z0.000 F900
G1 X97.620 Y-108.950 F1400
G1 X96.641 Y-110.302 F1400
G0 Z3.500
G0 X96.084 Y-110.927 F3500
G1 Z0.000 F900
G1 X95.974 Y-114.059 F1400
G0 Z3.500
G0 X95.375 Y-114.853 F3500
G1 Z0.000 F900
G1 X96.143 Y-114.661 F1400
G1 X96.527 Y-114.277 F1400
G1 X96.911 Y-112.549 F1400
G1 X96.335 Y-112.165 F1400
G0 Z3.500
G0 X96.143 Y-112.165 F3500
G1 Z0.000 F900
G1 X94.415 Y-113.893 F1400
G1 X94.415 Y-114.469 F1400
G1 X94.991 Y-114.853 F1400
G0 Z3.500
G0 X93.815 Y-113.805 F3500
G1 Z0.000 F900
G1 X95.120 Y-112.688 F1400
G0 Z3.500
G0 X95.090 Y-112.359 F3500
G1 Z0.000 F900
G1 X94.132 Y-111.159 F1400
G0 Z3.500
G0 X94.036 Y-110.383 F3500
G1 Z0.000 F900
G1 X95.310 Y-109.028 F1400
G0 Z3.500
G0 X94.987 Y-108.216 F3500
G1 Z0.000 F900
G1 X96.619 Y-106.477 F1400
G0 Z3.500
G0 X96.681 Y-106.413 F3500
G1 Z0.000 F900
G1 X97.779 Y-108.623 F1400
G0 Z3.500
G0 X97.620 Y-109.127 F3500
G1 Z0.000 F900
G1 X98.824 Y-110.529 F1400
G0 Z3.500
G0 X97.736 Y-109.425 F3500
G1 Z0.000 F900
G1 X98.722 Y-111.373 F1400
G1 X99.925 Y-112.986 F1400
G0 Z3.500
G0 X100.792 Y-113.744 F3500
G1 Z0.000 F900
G1 X101.117 Y-115.649 F1400
G0 Z3.500
G0 X102.282 Y-114.981 F3500
G1 Z0.000 F900
G1 X102.627 Y-113.080 F1400
G0 Z3.500
G0 X102.264 Y-113.204 F3500
G1 Z0.000 F900
G1 X102.562 Y-111.632 F1400
G1 X103.459 Y-110.358 F1400
G0 Z3.500
G0 X105.573 Y-110.687 F3500
G1 Z0.000 F900
G1 X106.291 Y-111.917 F1400
G1 X106.677 Y-112.875 F1400
G0 Z3.500
G0 X108.435 Y-112.183 F3500
G1 Z0.000 F900
G1 X109.298 Y-113.531 F1400
G0 Z3.500
G0 X110.455 Y-112.027 F3500
G1 Z0.000 F900
G1 X108.716 Y-111.503 F1400
G0 Z3.500
G0 X104.564 Y-112.612 F3500
G1 Z0.000 F900
G1 X103.905 Y-113.266 F1400
G1 X103.463 Y-114.022 F1400
G0 Z3.500
G0 X98.638 Y-116.196 F3500
G1 Z0.000 F900
G1 X98.446 Y-117.732 F1400
G0 Z3.500
G0 X99.414 Y-120.379 F3500
G1 Z0.000 F900
G1 X102.926 Y-121.066 F1400
G0 Z3.500
G0 X103.629 Y-119.652 F3500
G1 Z0.000 F900
G1 X103.821 Y-120.420 F1400
G1 X104.589 Y-121.188 F1400
G1 X104.589 Y-121.571 F1400
G0 Z3.500
G0 X104.325 Y-122.775 F3500
G1 Z0.000 F900
G1 X104.800 Y-124.882 F1400
G0 Z3.500
G0 X104.788 Y-125.433 F3500
G1 Z0.000 F900
G1 X105.398 Y-124.146 F1400
G1 X105.543 Y-123.468 F1400
G0 Z3.500
G0 X104.361 Y-124.095 F3500
G1 Z0.000 F900
G1 X103.674 Y-125.566 F1400
G0 Z3.500
G0 X102.140 Y-127.115 F3500
G1 Z0.000 F900
G1 X100.814 Y-128.735 F1400
G0 Z3.500
G0 X101.387 Y-129.254 F3500
G1 Z0.000 F900
G1 X102.741 Y-127.738 F1400
G0 Z3.500
G0 X101.134 Y-126.754 F3500
G1 Z0.000 F900
G1 X99.598 Y-128.482 F1400
G1 X100.174 Y-129.634 F1400
G0 Z3.500
G0 X99.982 Y-130.210 F3500
G1 Z0.000 F900
G1 X98.062 Y-131.938 F1400
G1 X97.487 Y-133.089 F1400
G1 X97.679 Y-133.281 F1400
G0 Z3.500
G0 X97.571 Y-132.119 F3500
G1 Z0.000 F900
G1 X91.770 Y-133.494 F1400
G1 X85.500 Y-134.827 F1400
G0 Z3.500
G0 X86.353 Y-134.433 F3500
G1 Z0.000 F900
G1 X86.353 Y-135.009 F1400
G1 X86.737 Y-135.393 F1400
G1 X86.737 Y-136.929 F1400
G1 X86.353 Y-137.312 F1400
G1 X86.545 Y-137.888 F1400
G0 Z3.500
G0 X87.702 Y-139.753 F3500
G1 Z0.000 F900
G1 X88.473 Y-140.358 F1400
G1 X89.227 Y-141.398 F1400
G0 Z3.500
G0 X90.027 Y-140.854 F3500
G1 Z0.000 F900
G1 X93.231 Y-140.347 F1400
G1 X96.500 Y-139.530 F1400
G0 Z3.500
G0 X96.781 Y-138.907 F3500
G1 Z0.000 F900
G1 X98.899 Y-138.284 F1400
G0 Z3.500
G0 X98.446 Y-138.272 F3500
G1 Z0.000 F900
G1 X98.830 Y-138.656 F1400
G1 X99.982 Y-138.656 F1400
G1 X100.174 Y-138.848 F1400
G0 Z3.500
G0 X100.174 Y-139.040 F3500
G1 Z0.000 F900
G1 X100.174 Y-140.192 F1400
G1 X100.750 Y-140.768 F1400
G0 Z3.500
G0 X101.129 Y-140.876 F3500
G1 Z0.000 F900
G1 X102.652 Y-139.433 F1400
G1 X103.826 Y-137.204 F1400
G0 Z3.500
G0 X104.025 Y-137.699 F3500
G1 Z0.000 F900
G1 X102.753 Y-134.192 F1400
G0 Z3.500
G0 X102.478 Y-133.473 F3500
G1 Z0.000 F900
G1 X103.246 Y-134.433 F1400
G1 X103.246 Y-135.393 F1400
G0 Z3.500
G0 X103.797 Y-135.294 F3500
G1 Z0.000 F900
G1 X99.433 Y-136.048 F1400
G1 X95.400 Y-136.643 F1400
G0 Z3.500
G0 X94.651 Y-134.726 F3500
G1 Z0.000 F900
G1 X95.408 Y-133.641 F1400
G1 X96.099 Y-132.221 F1400
G0 Z3.500
G0 X96.143 Y-132.321 F3500
G1 Z0.000 F900
G1 X96.719 Y-132.129 F1400
G1 X97.295 Y-131.554 F1400
G1 X97.103 Y-130.786 F1400
G1 X97.487 Y-130.402 F1400
G1 X97.871 Y-130.594 F1400
G0 Z3.500
G0 X99.561 Y-129.784 F3500
G1 Z0.000 F900
G1 X101.175 Y-132.005 F1400
G1 X102.323 Y-133.323 F1400
G0 Z3.500
G0 X102.237 Y-133.048 F3500
G1 Z0.000 F900
G1 X104.007 Y-134.439 F1400
G0 Z3.500
G0 X103.878 Y-134.578 F3500
G1 Z0.000 F900
G1 X105.968 Y-135.671 F1400
G0 Z3.500
G0 X105.933 Y-135.585 F3500
G1 Z0.000 F900
G1 X105.357 Y-135.969 F1400
G1 X104.205 Y-135.969 F1400
G0 Z3.500
G0 X104.013 Y-136.161 F3500
G1 Z0.000 F900
G1 X103.629 Y-137.312 F1400
G1 X103.246 Y-137.696 F1400
G1 X101.710 Y-137.888 F1400
G0 Z3.500
G0 X101.518 Y-136.929 F3500
G1 Z0.000 F900
G1 X100.558 Y-135.777 F1400
G0 Z3.500
G0 X99.432 Y-135.802 F3500
G1 Z0.000 F900
G1 X100.290 Y-134.935 F1400
G1 X101.684 Y-133.448 F1400
G0 Z3.500
G0 X100.713 Y-132.895 F3500
G1 Z0.000 F900
G1 X102.480 Y-131.314 F1400
G0 Z3.500
G0 X102.184 Y-132.223 F3500
G1 Z0.000 F900
G1 X103.820 Y-130.502 F1400
G0 Z3.500
G0 X104.696 Y-130.928 F3500
G1 Z0.000 F900
G1 X108.124 Y-131.683 F1400
G1 X111.777 Y-132.563 F1400
G0 Z3.500
G0 X112.873 Y-133.863 F3500
G1 Z0.000 F900
G1 X111.688 Y-135.791 F1400
G0 Z3.500
G0 X110.927 Y-136.410 F3500
G1 Z0.000 F900
G1 X110.028 Y-137.747 F1400
G1 X109.770 Y-139.750 F1400
G0 Z3.500
G0 X109.693 Y-141.395 F3500
G1 Z0.000 F900
G1 X110.125 Y-142.845 F1400
G1 X111.388 Y-144.364 F1400
G0 Z3.500
G0 X111.148 Y-144.519 F3500
G1 Z0.000 F900
G1 X110.567 Y-145.711 F1400
G1 X109.933 Y-146.999 F1400
G0 Z3.500
G0 X110.348 Y-149.214 F3500
G1 Z0.000 F900
G1 X107.277 Y-148.638 F1400
G1 X105.741 Y-147.871 F1400
G0 Z3.500
G0 X105.549 Y-147.871 F3500
G1 Z0.000 F900
G1 X104.589 Y-147.871 F1400
G1 X103.821 Y-147.487 F1400
G1 X103.246 Y-147.487 F1400
G1 X102.862 Y-147.103 F1400
G1 X100.366 Y-146.527 F1400
G1 X99.406 Y-146.527 F1400
G1 X97.103 Y-145.759 F1400
G1 X95.951 Y-145.759 F1400
G1 X94.991 Y-144.991 F1400
G0 Z3.500
G0 X94.799 Y-144.991 F3500
G1 Z0.000 F900
G1 X94.031 Y-145.183 F1400
G1 X93.263 Y-144.223 F1400
G0 Z3.500
G0 X92.804 Y-144.260 F3500
G1 Z0.000 F900
G1 X93.407 Y-142.540 F1400
G0 Z3.500
G0 X93.857 Y-142.634 F3500
G1 Z0.000 F900
G1 X92.214 Y-142.049 F1400
G0 Z3.500
G0 X92.057 Y-143.324 F3500
G1 Z0.000 F900
G1 X89.943 Y-144.372 F1400
G0 Z3.500
G0 X90.207 Y-145.323 F3500
G1 Z0.000 F900
G1 X92.079 Y-144.707 F1400
G0 Z3.500
G0 X92.005 Y-144.983 F3500
G1 Z0.000 F900
G1 X111.106 Y-149.945 F1400
G0 Z3.500
G0 X111.754 Y-149.455 F3500
G1 Z0.000 F900
G1 X97.245 Y-145.181 F1400
G0 Z3.500
G0 X97.843 Y-144.343 F3500
G1 Z0.000 F900
G1 X96.029 Y-144.818 F1400
G1 X93.675 Y-144.871 F1400
G0 Z3.500
G0 X94.283 Y-144.622 F3500
G1 Z0.000 F900
G1 X95.015 Y-143.274 F1400
G1 X96.083 Y-141.905 F1400
G0 Z3.500
G0 X94.334 Y-141.015 F3500
G1 Z0.000 F900
G1 X95.498 Y-144.701 F1400
G0 Z3.500
G0 X94.415 Y-143.839 F3500
G1 Z0.000 F900
G1 X94.607 Y-142.688 F1400
G1 X94.223 Y-141.728 F1400
G1 X94.223 Y-140.960 F1400
G0 Z3.500
G0 X94.799 Y-139.808 F3500
G1 Z0.000 F900
G1 X95.951 Y-140.000 F1400
G1 X96.527 Y-139.232 F1400
G1 X97.487 Y-138.848 F1400
G0 Z3.500
G0 X98.254 Y-137.312 F3500
G1 Z0.000 F900
G1 X96.719 Y-137.312 F1400
G1 X96.143 Y-136.929 F1400
G1 X96.143 Y-136.545 F1400
G1 X97.295 Y-135.585 F1400
G0 Z3.500
G0 X97.466 Y-135.974 F3500
G1 Z0.000 F900
G1 X98.429 Y-137.964 F1400
G1 X100.194 Y-140.186 F1400
G0 Z3.500
G0 X100.945 Y-139.176 F3500
G1 Z0.000 F900
G1 X100.568 Y-138.119 F1400
G1 X99.788 Y-137.369 F1400
G0 Z3.500
G0 X99.951 Y-137.606 F3500
G1 Z0.000 F900
G1 X100.525 Y-136.041 F1400
G1 X101.165 Y-134.716 F1400
G0 Z3.500
G0 X99.982 Y-133.857 F3500
G1 Z0.000 F900
G1 X99.790 Y-133.281 F1400
G1 X99.214 Y-133.857 F1400
G0 Z3.500
G0 X99.159 Y-134.664 F3500
G1 Z0.000 F900
G1 X97.427 Y-133.273 F1400
G1 X95.814 Y-131.898 F1400
G0 Z3.500
G0 X95.375 Y-133.665 F3500
G1 Z0.000 F900
G1 X93.839 Y-133.473 F1400
G0 Z3.500
G0 X94.361 Y-133.441 F3500
G1 Z0.000 F900
G1 X93.067 Y-131.819 F1400
G1 X91.398 Y-129.667 F1400
G0 Z3.500
G0 X90.908 Y-130.249 F3500
G1 Z0.000 F900
G1 X93.068 Y-128.978 F1400
G0 Z3.500
G0 X92.688 Y-129.250 F3500
G1 Z0.000 F900
G1 X92.496 Y-130.018 F1400
G1 X91.536 Y-130.978 F1400
G0 Z3.500
G0 X91.536 Y-131.170 F3500
G1 Z0.000 F900
G1 X92.879 Y-132.321 F1400
G1 X93.455 Y-132.321 F1400
G0 Z3.500
G0 X92.898 Y-131.896 F3500
G1 Z0.000 F900
G1 X93.434 Y-128.667 F1400
G0 Z3.500
G0 X92.866 Y-128.186 F3500
G1 Z0.000 F900
G1 X96.310 Y-124.179 F1400
G0 Z3.500
G0 X95.440 Y-124.058 F3500
G1 Z0.000 F900
G1 X93.953 Y-125.940 F1400
G0 Z3.500
G0 X93.263 Y-125.795 F3500
G1 Z0.000 F900
G1 X94.223 Y-125.603 F1400
G1 X94.991 Y-125.219 F1400
G1 X95.183 Y-124.835 F1400
G0 Z3.500
G0 X95.183 Y-124.643 F3500
G1 Z0.000 F900
G1 X94.415 Y-124.259 F1400
G1 X93.647 Y-125.027 F1400
G0 Z3.500
G0 X95.375 Y-124.643 F3500
G1 Z0.000 F900
G1 X95.759 Y-124.067 F1400
G1 X95.567 Y-123.491 F1400
G1 X95.951 Y-122.915 F1400
G0 Z3.500
G0 X96.541 Y-122.883 F3500
G1 Z0.000 F900
G1 X95.789 Y-122.013 F1400
G1 X94.977 Y-120.260 F1400
G0 Z3.500
G0 X97.487 Y-123.491 F3500
G1 Z0.000 F900
G1 X97.679 Y-123.683 F1400
G1 X98.638 Y-123.683 F1400
G1 X99.022 Y-123.107 F1400
G0 Z3.500
G0 X98.603 Y-123.936 F3500
G1 Z0.000 F900
G1 X101.354 Y-123.566 F1400
G0 Z3.500
G0 X101.710 Y-122.915 F3500
G1 Z0.000 F900
G1 X100.558 Y-123.299 F1400
G1 X99.982 Y-123.107 F1400
G0 Z3.500
G0 X100.096 Y-123.165 F3500
G1 Z0.000 F900
G1 X101.583 Y-122.561 F1400
G0 Z3.500
G0 X101.245 Y-126.232 F3500
G1 Z0.000 F900
G1 X99.257 Y-128.327 F1400
G0 Z3.500
G0 X98.582 Y-127.219 F3500
G1 Z0.000 F900
G1 X99.388 Y-128.874 F1400
G1 X100.998 Y-129.745 F1400
G0 Z3.500
G0 X101.229 Y-129.645 F3500
G1 Z0.000 F900
G1 X102.907 Y-131.000 F1400
G1 X104.110 Y-132.311 F1400
G0 Z3.500
G0 X103.246 Y-132.897 F3500
G1 Z0.000 F900
G1 X105.165 Y-133.665 F1400
G0 Z3.500
G0 X104.374 Y-133.631 F3500
G1 Z0.000 F900
G1 X104.343 Y-133.482 F1400
G1 X105.573 Y-132.164 F1400
G0 Z3.500
G0 X106.110 Y-131.534 F3500
G1 Z0.000 F900
G1 X102.086 Y-132.218 F1400
G1 X98.845 Y-133.109 F1400
G0 Z3.500
G0 X99.790 Y-131.554 F3500
G1 Z0.000 F900
G1 X100.558 Y-132.321 F1400
G1 X101.326 Y-131.746 F1400
G0 Z3.500
G0 X99.456 Y-135.156 F3500
G1 Z0.000 F900
G1 X100.123 Y-137.502 F1400
G0 Z3.500
G0 X101.813 Y-140.463 F3500
G1 Z0.000 F900
G1 X95.150 Y-139.567 F1400
G0 Z3.500
G0 X93.455 Y-139.040 F3500
G1 Z0.000 F900
G1 X93.263 Y-139.232 F1400
G1 X92.879 Y-138.848 F1400
G1 X92.879 Y-137.696 F1400
G0 Z3.500
G0 X90.876 Y-135.202 F3500
G1 Z0.000 F900
G1 X92.430 Y-132.690 F1400
G0 Z3.500
G0 X91.166 Y-133.007 F3500
G1 Z0.000 F900
G1 X90.466 Y-134.627 F1400
G1 X89.986 Y-135.475 F1400
G0 Z3.500
G0 X89.379 Y-134.592 F3500
G1 Z0.000 F900
G1 X88.972 Y-133.639 F1400
G1 X87.933 Y-133.122 F1400
G0 Z3.500
G0 X88.574 Y-132.333 F3500
G1 Z0.000 F900
G1 X87.977 Y-131.061 F1400
G1 X87.203 Y-130.390 F1400
G0 Z3.500
G0 X87.956 Y-131.145 F3500
G1 Z0.000 F900
G1 X89.548 Y-132.366 F1400
G0 Z3.500
G0 X89.881 Y-132.005 F3500
G1 Z0.000 F900
G1 X88.858 Y-134.797 F1400
G0 Z3.500
G0 X90.384 Y-133.857 F3500
G1 Z0.000 F900
G1 X90.768 Y-131.938 F1400
G1 X91.152 Y-131.170 F1400
G0 Z3.500
G0 X91.152 Y-130.978 F3500
G1 Z0.000 F900
G1 X90.384 Y-130.594 F1400
G1 X89.808 Y-130.594 F1400
G1 X89.424 Y-130.018 F1400
G0 Z3.500
G0 X89.232 Y-129.826 F3500
G1 Z0.000 F900
G1 X88.464 Y-129.058 F1400
G1 X88.464 Y-127.906 F1400
G1 X88.080 Y-127.330 F1400
G0 Z3.500
G0 X87.888 Y-127.138 F3500
G1 Z0.000 F900
G1 X87.696 Y-126.371 F1400
G1 X86.737 Y-125.411 F1400
G0 Z3.500
G0 X86.507 Y-124.556 F3500
G1 Z0.000 F900
G1 X87.597 Y-126.310 F1400
G1 X88.502 Y-127.417 F1400
G0 Z3.500
G0 X87.617 Y-127.739 F3500
G1 Z0.000 F900
G1 X88.072 Y-131.311 F1400
G0 Z3.500
G0 X88.203 Y-129.320 F3500
G1 Z0.000 F900
G1 X87.337 Y-128.564 F1400
G1 X86.806 Y-127.644 F1400
G0 Z3.500
G0 X87.214 Y-127.282 F3500
G1 Z0.000 F900
G1 X88.329 Y-123.975 F1400
G0 Z3.500
G0 X87.700 Y-123.501 F3500
G1 Z0.000 F900
G1 X89.784 Y-123.897 F1400
G0 Z3.500
G0 X87.121 Y-124.259 F3500
G1 Z0.000 F900
G1 X85.969 Y-123.107 F1400
G0 Z3.500
G0 X85.629 Y-121.858 F3500
G1 Z0.000 F900
G1 X86.529 Y-120.952 F1400
G1 X86.692 Y-119.749 F1400
G0 Z3.500
G0 X86.860 Y-119.055 F3500
G1 Z0.000 F900
G1 X84.110 Y-121.823 F1400
G0 Z3.500
G0 X84.049 Y-120.804 F3500
G1 Z0.000 F900
G1 X86.737 Y-118.884 F1400
G0 Z3.500
G0 X86.489 Y-118.724 F3500
G1 Z0.000 F900
G1 X83.543 Y-120.535 F1400
G0 Z3.500
G0 X83.089 Y-120.420 F3500
G1 Z0.000 F900
G1 X83.665 Y-119.652 F1400
G1 X83.665 Y-119.076 F1400
G1 X85.009 Y-117.732 F1400
G1 X85.009 Y-117.156 F1400
G0 Z3.500
G0 X84.904 Y-116.576 F3500
G1 Z0.000 F900
G1 X86.657 Y-116.185 F1400
G0 Z3.500
G0 X86.623 Y-116.009 F3500
G1 Z0.000 F900
G1 X85.359 Y-114.132 F1400
G0 Z3.500
G0 X86.204 Y-114.242 F3500
G1 Z0.000 F900
G1 X85.568 Y-112.895 F1400
G1 X84.966 Y-111.624 F1400
G0 Z3.500
G0 X85.489 Y-110.831 F3500
G1 Z0.000 F900
G1 X85.014 Y-111.624 F1400
G1 X84.145 Y-112.347 F1400
G0 Z3.500
G0 X84.021 Y-111.897 F3500
G1 Z0.000 F900
G1 X86.279 Y-109.595 F1400
G0 Z3.500
G0 X87.121 Y-110.246 F3500
G1 Z0.000 F900
G1 X86.737 Y-109.670 F1400
G1 X86.737 Y-108.710 F1400
G1 X86.929 Y-108.518 F1400
G1 X86.737 Y-107.942 F1400
G1 X86.929 Y-107.558 F1400
G0 Z3.500
G0 X87.055 Y-107.817 F3500
G1 Z0.000 F900
G1 X87.137 Y-110.230 F1400
G0 Z3.500
G0 X88.364 Y-111.410 F3500
G1 Z0.000 F900
G1 X89.749 Y-113.949 F1400
G0 Z3.500
G0 X89.534 Y-114.689 F3500
G1 Z0.000 F900
G1 X89.669 Y-113.284 F1400
G1 X90.082 Y-112.329 F1400
G0 Z3.500
G0 X89.424 Y-112.549 F3500
G1 Z0.000 F900
G1 X89.808 Y-113.125 F1400
G1 X90.384 Y-113.125 F1400
G1 X90.768 Y-112.741 F1400
G0 Z3.500
G0 X91.728 Y-111.973 F3500
G1 Z0.000 F900
G1 X92.304 Y-112.165 F1400
G1 X92.112 Y-113.125 F1400
G0 Z3.500
G0 X88.970 Y-112.924 F3500
G1 Z0.000 F900
G1 X88.074 Y-115.008 F1400
G0 Z3.500
G0 X87.738 Y-114.099 F3500
G1 Z0.000 F900
G1 X88.705 Y-115.697 F1400
G1 X89.958 Y-117.526 F1400
G0 Z3.500
G0 X90.192 Y-117.540 F3500
G1 Z0.000 F900
G1 X91.536 Y-117.348 F1400
G1 X91.728 Y-117.540 F1400
G0 Z3.500
G0 X88.032 Y-119.956 F3500
G1 Z0.000 F900
G1 X86.731 Y-121.554 F1400
G0 Z3.500
G0 X85.560 Y-121.096 F3500
G1 Z0.000 F900
G1 X84.868 Y-123.263 F1400
G1 X84.457 Y-125.502 F1400
G0 Z3.500
G0 X84.474 Y-125.306 F3500
G1 Z0.000 F900
G1 X84.210 Y-127.492 F1400
G0 Z3.500
G0 X84.433 Y-128.098 F3500
G1 Z0.000 F900
G1 X85.009 Y-127.522 F1400
G1 X85.777 Y-125.603 F1400
G0 Z3.500
G0 X85.585 Y-125.411 F3500
G1 Z0.000 F900
G1 X84.817 Y-124.643 F1400
G1 X84.817 Y-124.067 F1400
G0 Z3.500
G0 X84.485 Y-125.053 F3500
G1 Z0.000 F900
G1 X84.405 Y-123.910 F1400
G1 X83.613 Y-123.465 F1400
G0 Z3.500
G0 X84.049 Y-122.915 F3500
G1 Z0.000 F900
G1 X83.089 Y-121.955 F1400
G1 X83.089 Y-120.996 F1400
G0 Z3.500
G0 X82.299 Y-121.536 F3500
G1 Z0.000 F900
G1 X82.598 Y-120.445 F1400
G1 X83.112 Y-119.303 F1400
G0 Z3.500
G0 X82.857 Y-118.873 F3500
G1 Z0.000 F900
G1 X84.636 Y-114.699 F1400
G0 Z3.500
G0 X86.594 Y-114.208 F3500
G1 Z0.000 F900
G1 X88.264 Y-112.279 F1400
G0 Z3.500
G0 X88.272 Y-112.741 F3500
G1 Z0.000 F900
G1 X88.080 Y-113.509 F1400
G1 X87.312 Y-114.085 F1400
G0 Z3.500
G0 X87.121 Y-113.893 F3500
G1 Z0.000 F900
G1 X86.737 Y-113.509 F1400
G1 X86.929 Y-112.357 F1400
G0 Z3.500
G0 X87.042 Y-112.760 F3500
G1 Z0.000 F900
G1 X88.100 Y-111.063 F1400
G1 X89.502 Y-109.267 F1400
G0 Z3.500
G0 X88.686 Y-107.396 F3500
G1 Z0.000 F900
G1 X89.687 Y-105.498 F1400
G0 Z3.500
G0 X84.050 Y-108.317 F3500
G1 Z0.000 F900
G1 X82.994 Y-110.083 F1400
G0 Z3.500
G0 X83.109 Y-110.159 F3500
G1 Z0.000 F900
G1 X83.648 Y-112.598 F1400
G0 Z3.500
G0 X82.919 Y-113.207 F3500
G1 Z0.000 F900
G1 X81.208 Y-115.078 F1400
G0 Z3.500
G0 X80.867 Y-115.210 F3500
G1 Z0.000 F900
G1 X80.161 Y-112.387 F1400
G0 Z3.500
G0 X81.170 Y-112.357 F3500
G1 Z0.000 F900
G1 X79.826 Y-113.893 F1400
G1 X79.634 Y-115.621 F1400
G1 X80.210 Y-115.812 F1400
G0 Z3.500
G0 X80.402 Y-115.812 F3500
G1 Z0.000 F900
G1 X80.978 Y-115.237 F1400
G1 X80.978 Y-114.469 F1400
G1 X81.362 Y-113.893 F1400
G1 X81.554 Y-112.549 F1400
G0 Z3.500
G0 X82.612 Y-112.090 F3500
G1 Z0.000 F900
G1 X81.673 Y-113.616 F1400
G1 X80.495 Y-114.928 F1400
G0 Z3.500
G0 X80.087 Y-113.817 F3500
G1 Z0.000 F900
G1 X79.983 Y-116.222 F1400
G0 Z3.500
G0 X80.786 Y-116.388 F3500
G1 Z0.000 F900
G1 X81.938 Y-115.429 F1400
G0 Z3.500
G0 X80.978 Y-117.156 F3500
G1 Z0.000 F900
G1 X81.938 Y-118.116 F1400
G1 X81.938 Y-119.268 F1400
G0 Z3.500
G0 X82.321 Y-119.460 F3500
G1 Z0.000 F900
G1 X84.049 Y-117.156 F1400
G0 Z3.500
G0 X82.158 Y-117.732 F3500
G1 Z0.000 F900
G1 X82.480 Y-119.638 F1400
G0 Z3.500
G0 X82.097 Y-120.292 F3500
G1 Z0.000 F900
G1 X82.170 Y-122.457 F1400
G0 Z3.500
G0 X82.562 Y-124.379 F3500
G1 Z0.000 F900
G1 X83.472 Y-125.543 F1400
G1 X84.000 Y-126.827 F1400
G0 Z3.500
G0 X83.218 Y-127.439 F3500
G1 Z0.000 F900
G1 X83.833 Y-129.013 F1400
G0 Z3.500
G0 X84.569 Y-130.040 F3500
G1 Z0.000 F900
G1 X86.028 Y-127.411 F1400
G0 Z3.500
G0 X88.471 Y-128.952 F3500
G1 Z0.000 F900
G1 X89.955 Y-129.782 F1400
G0 Z3.500
G0 X89.974 Y-129.276 F3500
G1 Z0.000 F900
G1 X90.716 Y-130.606 F1400
G1 X91.178 Y-131.911 F1400
G0 Z3.500
G0 X91.074 Y-131.383 F3500
G1 Z0.000 F900
G1 X90.415 Y-129.205 F1400
G0 Z3.500
G0 X91.937 Y-128.233 F3500
G1 Z0.000 F900
G1 X92.074 Y-126.067 F1400
G0 Z3.500
G0 X94.627 Y-126.980 F3500
G1 Z0.000 F900
G1 X93.362 Y-128.748 F1400
G1 X92.667 Y-130.368 F1400
G0 Z3.500
G0 X89.977 Y-132.780 F3500
G1 Z0.000 F900
G1 X87.916 Y-132.346 F1400
G1 X85.416 Y-131.863 F1400
G0 Z3.500
G0 X82.013 Y-128.622 F3500
G1 Z0.000 F900
G1 X81.040 Y-129.812 F1400
G0 Z3.500
G0 X80.153 Y-130.006 F3500
G1 Z0.000 F900
G1 X81.049 Y-128.293 F1400
G0 Z3.500
G0 X81.362 Y-128.866 F3500
G1 Z0.000 F900
G1 X80.594 Y-130.018 F1400
G1 X80.786 Y-130.978 F1400
G0 Z3.500
G0 X79.442 Y-130.808 F3500
G1 Z0.000 F900
G1 X77.797 Y-131.600 F1400
G0 Z3.500
G0 X77.285 Y-132.208 F3500
G1 Z0.000 F900
G1 X76.383 Y-130.995 F1400
G1 X75.456 Y-129.747 F1400
G0 Z3.500
G0 X74.451 Y-130.402 F3500
G1 Z0.000 F900
G1 X74.067 Y-128.482 F1400
G0 Z3.500
G0 X72.915 Y-128.482 F3500
G1 Z0.000 F900
G1 X72.147 Y-127.906 F1400
G1 X72.147 Y-126.754 F1400
G1 X71.763 Y-126.179 F1400
G1 X71.571 Y-125.219 F1400
G0 Z3.500
G0 X71.571 Y-125.027 F3500
G1 Z0.000 F900
G1 X71.571 Y-124.067 F1400
G1 X71.955 Y-123.491 F1400
G1 X72.147 Y-122.147 F1400
G0 Z3.500
G0 X72.147 Y-121.955 F3500
G1 Z0.000 F900
G1 X70.996 Y-121.188 F1400
G1 X70.804 Y-120.612 F1400
G0 Z3.500
G0 X71.717 Y-120.148 F3500
G1 Z0.000 F900
G1 X71.166 Y-118.985 F1400
G1 X70.274 Y-117.620 F1400
G0 Z3.500
G0 X69.131 Y-118.854 F3500
G1 Z0.000 F900
G1 X68.584 Y-120.356 F1400
G0 Z3.500
G0 X69.732 Y-120.655 F3500
G1 Z0.000 F900
G1 X70.742 Y-121.849 F1400
G0 Z3.500
G0 X71.597 Y-122.191 F3500
G1 Z0.000 F900
G1 X70.638 Y-123.781 F1400
G1 X70.010 Y-125.559 F1400
G0 Z3.500
G0 X68.987 Y-126.097 F3500
G1 Z0.000 F900
G1 X67.950 Y-128.219 F1400
G0 Z3.500
G0 X67.933 Y-128.698 F3500
G1 Z0.000 F900
G1 X67.921 Y-130.619 F1400
G0 Z3.500
G0 X67.540 Y-131.170 F3500
G1 Z0.000 F900
G1 X67.348 Y-130.978 F1400
G1 X67.348 Y-127.522 F1400
G0 Z3.500
G0 X67.486 Y-126.230 F3500
G1 Z0.000 F900
G1 X66.676 Y-128.841 F1400
G0 Z3.500
G0 X66.696 Y-129.851 F3500
G1 Z0.000 F900
G1 X66.048 Y-128.664 F1400
G1 X65.697 Y-128.265 F1400
G0 Z3.500
G0 X65.045 Y-126.754 F3500
G1 Z0.000 F900
G1 X64.853 Y-126.562 F1400
G1 X64.853 Y-125.411 F1400
G1 X64.469 Y-125.219 F1400
G0 Z3.500
G0 X64.645 Y-126.084 F3500
G1 Z0.000 F900
G1 X63.497 Y-128.616 F1400
G0 Z3.500
G0 X64.382 Y-130.138 F3500
G1 Z0.000 F900
G1 X64.361 Y-132.295 F1400
G0 Z3.500
G0 X64.085 Y-132.129 F3500
G1 Z0.000 F900
G1 X64.085 Y-130.402 F1400
G0 Z3.500
G0 X68.313 Y-129.006 F3500
G1 Z0.000 F900
G1 X69.550 Y-126.736 F1400
G0 Z3.500
G0 X68.308 Y-126.562 F3500
G1 Z0.000 F900
G1 X67.732 Y-125.603 F1400
G1 X67.156 Y-125.603 F1400
G0 Z3.500
G0 X66.964 Y-125.411 F3500
G1 Z0.000 F900
G1 X66.772 Y-123.683 F1400
G0 Z3.500
G0 X66.772 Y-123.491 F3500
G1 Z0.000 F900
G1 X66.964 Y-123.299 F1400
G1 X66.772 Y-122.531 F1400
G1 X67.156 Y-121.763 F1400
G0 Z3.500
G0 X67.109 Y-122.006 F3500
G1 Z0.000 F900
G1 X68.036 Y-126.146 F1400
G0 Z3.500
G0 X68.422 Y-125.183 F3500
G1 Z0.000 F900
G1 X67.941 Y-124.682 F1400
G1 X67.427 Y-123.335 F1400
G0 Z3.500
G0 X66.580 Y-123.491 F3500
G1 Z0.000 F900
G1 X66.004 Y-123.491 F1400
G1 X64.661 Y-121.955 F1400
G0 Z3.500
G0 X66.487 Y-123.424 F3500
G1 Z0.000 F900
G1 X66.878 Y-125.124 F1400
G0 Z3.500
G0 X67.156 Y-120.996 F3500
G1 Z0.000 F900
G1 X66.964 Y-119.268 F1400
G1 X67.348 Y-118.884 F1400
G1 X67.156 Y-118.500 F1400
G1 X67.540 Y-117.732 F1400
G0 Z3.500
G0 X72.531 Y-118.116 F3500
G1 Z0.000 F900
G1 X73.107 Y-117.732 F1400
G1 X73.683 Y-117.732 F1400
G1 X73.875 Y-117.348 F1400
G0 Z3.500
G0 X74.308 Y-116.357 F3500
G1 Z0.000 F900
G1 X72.600 Y-117.997 F1400
G0 Z3.500
G0 X73.875 Y-120.036 F3500
G1 Z0.000 F900
G1 X72.723 Y-120.996 F1400
G0 Z3.500
G0 X72.915 Y-121.571 F3500
G1 Z0.000 F900
G1 X73.491 Y-121.571 F1400
G1 X74.067 Y-120.996 F1400
G1 X74.835 Y-120.804 F1400
G0 Z3.500
G0 X74.954 Y-121.124 F3500
G1 Z0.000 F900
G1 X72.894 Y-122.061 F1400
G0 Z3.500
G0 X73.201 Y-122.281 F3500
G1 Z0.000 F900
G1 X71.796 Y-124.385 F1400
G0 Z3.500
G0 X71.736 Y-124.635 F3500
G1 Z0.000 F900
G1 X72.411 Y-126.808 F1400
G0 Z3.500
G0 X72.867 Y-122.649 F3500
G1 Z0.000 F900
G1 X72.418 Y-121.819 F1400
G1 X71.812 Y-121.261 F1400
G0 Z3.500
G0 X75.219 Y-120.036 F3500
G1 Z0.000 F900
G1 X75.795 Y-119.268 F1400
G1 X75.603 Y-118.116 F1400
G0 Z3.500
G0 X75.603 Y-120.804 F3500
G1 Z0.000 F900
G1 X76.371 Y-121.955 F1400
G1 X76.562 Y-122.915 F1400
G0 Z3.500
G0 X76.856 Y-124.882 F3500
G1 Z0.000 F900
G1 X78.225 Y-126.760 F1400
G1 X78.957 Y-128.243 F1400
G0 Z3.500
G0 X79.196 Y-127.736 F3500
G1 Z0.000 F900
G1 X79.468 Y-123.659 F1400
G0 Z3.500
G0 X78.866 Y-124.643 F3500
G1 Z0.000 F900
G1 X79.250 Y-125.219 F1400
G1 X78.866 Y-126.179 F1400
G0 Z3.500
G0 X78.674 Y-126.371 F3500
G1 Z0.000 F900
G1 X78.290 Y-126.371 F1400
G1 X77.906 Y-125.987 F1400
G1 X78.098 Y-125.219 F1400
G0 Z3.500
G0 X77.004 Y-126.112 F3500
G1 Z0.000 F900
G1 X78.117 Y-127.175 F1400
G0 Z3.500
G0 X79.826 Y-127.714 F3500
G1 Z0.000 F900
G1 X80.402 Y-127.138 F1400
G1 X80.210 Y-126.371 F1400
G0 Z3.500
G0 X80.210 Y-126.179 F3500
G1 Z0.000 F900
G1 X80.594 Y-124.259 F1400
G0 Z3.500
G0 X82.348 Y-125.048 F3500
G1 Z0.000 F900
G1 X81.578 Y-123.373 F1400
G1 X79.991 Y-121.550 F1400
G0 Z3.500
G0 X80.457 Y-117.659 F3500
G1 Z0.000 F900
G1 X78.759 Y-115.755 F1400
G0 Z3.500
G0 X78.966 Y-115.861 F3500
G1 Z0.000 F900
G1 X79.497 Y-113.829 F1400
G0 Z3.500
G0 X78.499 Y-114.059 F3500
G1 Z0.000 F900
G1 X79.215 Y-111.980 F1400
G0 Z3.500
G0 X79.250 Y-111.343 F3500
G1 Z0.000 F900
G1 X77.287 Y-111.194 F1400
G0 Z3.500
G0 X76.629 Y-111.902 F3500
G1 Z0.000 F900
G1 X76.672 Y-109.989 F1400
G0 Z3.500
G0 X76.179 Y-109.862 F3500
G1 Z0.000 F900
G1 X76.946 Y-110.821 F1400
G1 X77.906 Y-110.629 F1400
G1 X78.674 Y-109.862 F1400
G0 Z3.500
G0 X78.458 Y-110.016 F3500
G1 Z0.000 F900
G1 X77.408 Y-111.137 F1400
G1 X76.587 Y-112.395 F1400
G0 Z3.500
G0 X76.247 Y-111.724 F3500
G1 Z0.000 F900
G1 X74.897 Y-110.652 F1400
G0 Z3.500
G0 X74.496 Y-110.392 F3500
G1 Z0.000 F900
G1 X75.529 Y-111.973 F1400
G1 X77.093 Y-113.555 F1400
G0 Z3.500
G0 X77.639 Y-114.129 F3500
G1 Z0.000 F900
G1 X78.152 Y-111.638 F1400
G0 Z3.500
G0 X78.725 Y-110.503 F3500
G1 Z0.000 F900
G1 X80.547 Y-111.417 F1400
G0 Z3.500
G0 X79.442 Y-110.629 F3500
G1 Z0.000 F900
G1 X78.674 Y-111.397 F1400
G1 X78.098 Y-114.085 F1400
G0 Z3.500
G0 X78.854 Y-110.277 F3500
G1 Z0.000 F900
G1 X78.450 Y-107.590 F1400
G0 Z3.500
G0 X79.572 Y-106.656 F3500
G1 Z0.000 F900
G1 X78.792 Y-103.552 F1400
G0 Z3.500
G0 X78.358 Y-103.626 F3500
G1 Z0.000 F900
G1 X77.250 Y-106.601 F1400
G0 Z3.500
G0 X76.112 Y-106.981 F3500
G1 Z0.000 F900
G1 X75.198 Y-107.804 F1400
G1 X75.093 Y-109.286 F1400
G0 Z3.500
G0 X74.877 Y-107.073 F3500
G1 Z0.000 F900
G1 X72.180 Y-109.910 F1400
G0 Z3.500
G0 X72.915 Y-109.862 F3500
G1 Z0.000 F900
G1 X72.915 Y-111.781 F1400
G1 X73.683 Y-112.357 F1400
G1 X73.491 Y-112.933 F1400
G1 X73.683 Y-113.317 F1400
G0 Z3.500
G0 X72.104 Y-108.916 F3500
G1 Z0.000 F900
G1 X70.279 Y-107.586 F1400
G0 Z3.500
G0 X70.400 Y-107.057 F3500
G1 Z0.000 F900
G1 X68.731 Y-108.157 F1400
G0 Z3.500
G0 X68.561 Y-108.468 F3500
G1 Z0.000 F900
G1 X68.910 Y-110.221 F1400
G0 Z3.500
G0 X69.279 Y-110.592 F3500
G1 Z0.000 F900
G1 X70.604 Y-109.279 F1400
G0 Z3.500
G0 X70.527 Y-107.087 F3500
G1 Z0.000 F900
G1 X71.052 Y-104.999 F1400
G0 Z3.500
G0 X71.375 Y-105.861 F3500
G1 Z0.000 F900
G1 X72.497 Y-107.680 F1400
G0 Z3.500
G0 X68.362 Y-110.025 F3500
G1 Z0.000 F900
G1 X67.207 Y-107.993 F1400
G1 X66.334 Y-106.626 F1400
G0 Z3.500
G0 X66.043 Y-107.077 F3500
G1 Z0.000 F900
G1 X65.719 Y-110.027 F1400
G0 Z3.500
G0 X66.375 Y-110.239 F3500
G1 Z0.000 F900
G1 X66.850 Y-107.359 F1400
G0 Z3.500
G0 X66.580 Y-107.366 F3500
G1 Z0.000 F900
G1 X66.196 Y-109.670 F1400
G1 X65.621 Y-110.054 F1400
G1 X65.045 Y-109.094 F1400
G1 X64.661 Y-108.902 F1400
G1 X64.277 Y-109.286 F1400
G1 X64.277 Y-110.054 F1400
G1 X63.509 Y-111.013 F1400
G0 Z3.500
G0 X61.973 Y-108.326 F3500
G1 Z0.000 F900
G1 X60.438 Y-108.134 F1400
G1 X60.246 Y-107.942 F1400
G1 X60.246 Y-106.790 F1400
G1 X59.670 Y-106.598 F1400
G1 X58.518 Y-107.558 F1400
G1 X58.518 Y-107.942 F1400
G1 X57.942 Y-108.518 F1400
G0 Z3.500
G0 X60.246 Y-112.933 F3500
G1 Z0.000 F900
G1 X60.438 Y-113.893 F1400
G1 X60.821 Y-114.277 F1400
G0 Z3.500
G0 X57.174 Y-115.812 F3500
G1 Z0.000 F900
G1 X56.598 Y-116.388 F1400
G1 X56.598 Y-116.772 F1400
G1 X55.638 Y-118.500 F1400
G0 Z3.500
G0 X56.129 Y-118.442 F3500
G1 Z0.000 F900
G1 X56.754 Y-116.646 F1400
G0 Z3.500
G0 X56.349 Y-115.954 F3500
G1 Z0.000 F900
G1 X55.192 Y-119.489 F1400
G0 Z3.500
G0 X54.358 Y-118.836 F3500
G1 Z0.000 F900
G1 X54.133 Y-124.863 F1400
G0 Z3.500
G0 X55.036 Y-124.848 F3500
G1 Z0.000 F900
G1 X54.394 Y-126.131 F1400
G1 X53.169 Y-127.126 F1400
G0 Z3.500
G0 X54.546 Y-126.484 F3500
G1 Z0.000 F900
G1 X55.662 Y-128.082 F1400
G1 X56.347 Y-129.328 F1400
G0 Z3.500
G0 X56.265 Y-128.497 F3500
G1 Z0.000 F900
G1 X55.517 Y-129.922 F1400
G0 Z3.500
G0 X54.230 Y-129.964 F3500
G1 Z0.000 F900
G1 X54.741 Y-126.573 F1400
G0 Z3.500
G0 X56.144 Y-125.826 F3500
G1 Z0.000 F900
G1 X57.772 Y-123.819 F1400
G0 Z3.500
G0 X57.647 Y-123.843 F3500
G1 Z0.000 F900
G1 X58.288 Y-122.705 F1400
G1 X58.621 Y-121.988 F1400
G0 Z3.500
G0 X58.326 Y-123.107 F3500
G1 Z0.000 F900
G1 X58.134 Y-124.259 F1400
G1 X56.982 Y-125.219 F1400
G0 Z3.500
G0 X55.303 Y-124.697 F3500
G1 Z0.000 F900
G1 X57.040 Y-123.078 F1400
G0 Z3.500
G0 X57.188 Y-123.279 F3500
G1 Z0.000 F900
G1 X60.063 Y-123.566 F1400
G0 Z3.500
G0 X57.543 Y-123.075 F3500
G1 Z0.000 F900
G1 X56.293 Y-121.649 F1400
G0 Z3.500
G0 X56.270 Y-121.067 F3500
G1 Z0.000 F900
G1 X57.086 Y-119.684 F1400
G0 Z3.500
G0 X56.355 Y-118.938 F3500
G1 Z0.000 F900
G1 X54.981 Y-121.618 F1400
G0 Z3.500
G0 X57.366 Y-122.723 F3500
G1 Z0.000 F900
G1 X56.982 Y-122.723 F1400
G1 X55.254 Y-124.259 F1400
G0 Z3.500
G0 X57.691 Y-127.967 F3500
G1 Z0.000 F900
G1 X58.280 Y-131.065 F1400
G0 Z3.500
G0 X58.155 Y-134.754 F3500
G1 Z0.000 F900
G1 X56.770 Y-136.231 F1400
G0 Z3.500
G0 X58.787 Y-136.727 F3500
G1 Z0.000 F900
G1 X61.910 Y-135.951 F1400
G1 X65.543 Y-134.826 F1400
G0 Z3.500
G0 X64.853 Y-134.817 F3500
G1 Z0.000 F900
G1 X65.812 Y-136.353 F1400
G1 X65.812 Y-137.121 F1400
G0 Z3.500
G0 X67.924 Y-137.121 F3500
G1 Z0.000 F900
G1 X69.076 Y-135.969 F1400
G0 Z3.500
G0 X69.460 Y-137.121 F3500
G1 Z0.000 F900
G1 X68.500 Y-137.888 F1400
G1 X67.924 Y-137.504 F1400
G0 Z3.500
G0 X69.440 Y-138.022 F3500
G1 Z0.000 F900
G1 X74.396 Y-138.973 F1400
G1 X79.077 Y-139.674 F1400
G0 Z3.500
G0 X78.745 Y-138.536 F3500
G1 Z0.000 F900
G1 X78.469 Y-136.622 F1400
G0 Z3.500
G0 X77.023 Y-136.359 F3500
G1 Z0.000 F900
G1 X75.317 Y-140.620 F1400
G0 Z3.500
G0 X73.777 Y-140.197 F3500
G1 Z0.000 F900
G1 X77.748 Y-138.678 F1400
G1 X81.652 Y-137.115 F1400
G0 Z3.500
G0 X82.321 Y-136.929 F3500
G1 Z0.000 F900
G1 X82.129 Y-137.121 F1400
G1 X82.129 Y-138.656 F1400
G1 X82.321 Y-138.848 F1400
G0 Z3.500
G0 X82.321 Y-138.848 F3500
G1 Z0.000 F900
G1 X82.129 Y-139.040 F1400
G1 X82.129 Y-140.384 F1400
G1 X82.321 Y-140.576 F1400
G0 Z3.500
G0 X82.321 Y-140.768 F3500
G1 Z0.000 F900
G1 X82.129 Y-143.071 F1400
G1 X82.321 Y-143.455 F1400
G0 Z3.500
G0 X82.129 Y-143.839 F3500
G1 Z0.000 F900
G1 X82.321 Y-146.335 F1400
G1 X81.938 Y-146.719 F1400
G0 Z3.500
G0 X81.554 Y-146.911 F3500
G1 Z0.000 F900
G1 X80.978 Y-147.487 F1400
G1 X80.210 Y-147.487 F1400
G1 X79.442 Y-147.103 F1400
G1 X77.522 Y-146.911 F1400
G1 X76.562 Y-146.527 F1400
G0 Z3.500
G0 X76.641 Y-146.414 F3500
G1 Z0.000 F900
G1 X76.085 Y-142.412 F1400
G0 Z3.500
G0 X75.795 Y-142.304 F3500
G1 Z0.000 F900
G1 X75.795 Y-143.455 F1400
G1 X76.179 Y-144.415 F1400
G1 X76.371 Y-146.335 F1400
G0 Z3.500
G0 X76.179 Y-146.527 F3500
G1 Z0.000 F900
G1 X75.411 Y-146.527 F1400
G1 X74.643 Y-146.143 F1400
G1 X74.067 Y-146.335 F1400
G1 X73.491 Y-145.951 F1400
G0 Z3.500
G0 X73.777 Y-145.978 F3500
G1 Z0.000 F900
G1 X73.851 Y-144.291 F1400
G0 Z3.500
G0 X73.944 Y-144.558 F3500
G1 Z0.000 F900
G1 X73.677 Y-141.658 F1400
G0 Z3.500
G0 X73.299 Y-141.920 F3500
G1 Z0.000 F900
G1 X73.491 Y-142.496 F1400
G1 X73.491 Y-145.567 F1400
G0 Z3.500
G0 X73.152 Y-145.735 F3500
G1 Z0.000 F900
G1 X73.135 Y-141.895 F1400
G0 Z3.500
G0 X71.827 Y-141.487 F3500
G1 Z0.000 F900
G1 X71.551 Y-141.201 F1400
G1 X70.932 Y-140.049 F1400
G0 Z3.500
G0 X70.390 Y-140.692 F3500
G1 Z0.000 F900
G1 X70.200 Y-138.767 F1400
G0 Z3.500
G0 X69.844 Y-138.656 F3500
G1 Z0.000 F900
G1 X70.036 Y-141.152 F1400
G0 Z3.500
G0 X69.753 Y-141.437 F3500
G1 Z0.000 F900
G1 X68.635 Y-143.400 F1400
G1 X68.015 Y-144.705 F1400
G0 Z3.500
G0 X67.931 Y-143.081 F3500
G1 Z0.000 F900
G1 X68.937 Y-141.881 F1400
G0 Z3.500
G0 X69.688 Y-141.890 F3500
G1 Z0.000 F900
G1 X69.497 Y-139.942 F1400
G0 Z3.500
G0 X70.420 Y-141.536 F3500
G1 Z0.000 F900
G1 X70.996 Y-142.112 F1400
G1 X70.996 Y-142.496 F1400
G1 X70.804 Y-142.688 F1400
G1 X69.844 Y-142.688 F1400
G0 Z3.500
G0 X71.379 Y-144.415 F3500
G1 Z0.000 F900
G1 X72.339 Y-144.799 F1400
G1 X72.339 Y-145.567 F1400
G0 Z3.500
G0 X72.147 Y-145.759 F3500
G1 Z0.000 F900
G1 X71.571 Y-145.759 F1400
G1 X70.996 Y-144.991 F1400
G0 Z3.500
G0 X70.804 Y-149.214 F3500
G1 Z0.000 F900
G1 X71.379 Y-149.790 F1400
G1 X72.339 Y-149.790 F1400
G1 X73.107 Y-150.366 F1400
G0 Z3.500
G0 X73.299 Y-150.942 F3500
G1 Z0.000 F900
G1 X74.643 Y-152.478 F1400
G0 Z3.500
G0 X76.371 Y-151.326 F3500
G1 Z0.000 F900
G1 X75.795 Y-150.750 F1400
G1 X73.683 Y-150.174 F1400
G0 Z3.500
G0 X76.025 Y-146.230 F3500
G1 Z0.000 F900
G1 X75.619 Y-143.970 F1400
G0 Z3.500
G0 X76.826 Y-141.609 F3500
G1 Z0.000 F900
G1 X77.752 Y-142.895 F1400
G1 X78.987 Y-144.150 F1400
G0 Z3.500
G0 X79.438 Y-142.891 F3500
G1 Z0.000 F900
G1 X77.197 Y-140.561 F1400
G0 Z3.500
G0 X77.417 Y-140.428 F3500
G1 Z0.000 F900
G1 X77.819 Y-141.120 F1400
G1 X78.780 Y-142.260 F1400
G0 Z3.500
G0 X79.442 Y-141.920 F3500
G1 Z0.000 F900
G1 X78.290 Y-141.152 F1400
G1 X78.098 Y-140.384 F1400
G1 X77.522 Y-139.808 F1400
G0 Z3.500
G0 X77.330 Y-139.616 F3500
G1 Z0.000 F900
G1 X77.330 Y-137.696 F1400
G0 Z3.500
G0 X77.330 Y-137.696 F3500
G1 Z0.000 F900
G1 X78.290 Y-136.737 F1400
G1 X78.290 Y-136.161 F1400
G1 X77.330 Y-135.201 F1400
G0 Z3.500
G0 X76.990 Y-134.897 F3500
G1 Z0.000 F900
G1 X78.695 Y-132.972 F1400
G0 Z3.500
G0 X78.866 Y-132.705 F3500
G1 Z0.000 F900
G1 X78.866 Y-133.857 F1400
G1 X78.290 Y-134.049 F1400
G0 Z3.500
G0 X79.307 Y-133.982 F3500
G1 Z0.000 F900
G1 X79.334 Y-132.056 F1400
G0 Z3.500
G0 X79.058 Y-132.513 F3500
G1 Z0.000 F900
G1 X79.826 Y-132.513 F1400
G1 X80.210 Y-132.129 F1400
G1 X80.210 Y-131.746 F1400
G1 X79.826 Y-131.362 F1400
G1 X79.058 Y-131.362 F1400
G1 X78.674 Y-131.938 F1400
G0 Z3.500
G0 X78.420 Y-132.236 F3500
G1 Z0.000 F900
G1 X76.840 Y-132.815 F1400
G0 Z3.500
G0 X76.150 Y-132.096 F3500
G1 Z0.000 F900
G1 X74.576 Y-133.898 F1400
G0 Z3.500
G0 X74.192 Y-134.474 F3500
G1 Z0.000 F900
G1 X74.829 Y-136.157 F1400
G1 X75.862 Y-137.463 F1400
G0 Z3.500
G0 X73.928 Y-138.587 F3500
G1 Z0.000 F900
G1 X73.367 Y-137.990 F1400
G1 X72.671 Y-137.190 F1400
G0 Z3.500
G0 X70.420 Y-137.121 F3500
G1 Z0.000 F900
G1 X71.188 Y-136.161 F1400
G1 X70.996 Y-135.969 F1400
G1 X70.996 Y-135.009 F1400
G1 X71.955 Y-134.433 F1400
G0 Z3.500
G0 X72.230 Y-134.173 F3500
G1 Z0.000 F900
G1 X73.920 Y-132.746 F1400
G0 Z3.500
G0 X73.683 Y-132.513 F3500
G1 Z0.000 F900
G1 X72.339 Y-134.049 F1400
G0 Z3.500
G0 X71.246 Y-134.941 F3500
G1 Z0.000 F900
G1 X71.568 Y-139.290 F1400
G0 Z3.500
G0 X71.763 Y-139.424 F3500
G1 Z0.000 F900
G1 X70.996 Y-138.272 F1400
G1 X70.996 Y-137.696 F1400
G1 X70.420 Y-137.312 F1400
G0 Z3.500
G0 X74.246 Y-133.081 F3500
G1 Z0.000 F900
G1 X75.618 Y-131.809 F1400
G0 Z3.500
G0 X75.987 Y-131.554 F3500
G1 Z0.000 F900
G1 X75.411 Y-132.705 F1400
G1 X74.835 Y-132.897 F1400
G0 Z3.500
G0 X78.228 Y-135.076 F3500
G1 Z0.000 F900
G1 X77.422 Y-139.232 F1400
G0 Z3.500
G0 X78.750 Y-141.167 F3500
G1 Z0.000 F900
G1 X80.393 Y-141.963 F1400
G0 Z3.500
G0 X80.569 Y-142.418 F3500
G1 Z0.000 F900
G1 X81.333 Y-143.943 F1400
G1 X81.770 Y-144.876 F1400
G0 Z3.500
G0 X82.802 Y-145.253 F3500
G1 Z0.000 F900
G1 X82.610 Y-147.438 F1400
G0 Z3.500
G0 X82.815 Y-146.558 F3500
G1 Z0.000 F900
G1 X85.504 Y-146.940 F1400
G1 X87.970 Y-148.032 F1400
G0 Z3.500
G0 X86.138 Y-147.091 F3500
G1 Z0.000 F900
G1 X82.859 Y-148.914 F1400
G0 Z3.500
G0 X83.308 Y-148.616 F3500
G1 Z0.000 F900
G1 X80.008 Y-153.218 F1400
G0 Z3.500
G0 X80.833 Y-153.858 F3500
G1 Z0.000 F900
G1 X82.845 Y-149.707 F1400
G0 Z3.500
G0 X81.615 Y-147.517 F3500
G1 Z0.000 F900
G1 X80.800 Y-146.910 F1400
G1 X80.341 Y-145.921 F1400
G0 Z3.500
G0 X80.622 Y-145.415 F3500
G1 Z0.000 F900
G1 X81.616 Y-147.180 F1400
G0 Z3.500
G0 X82.373 Y-146.448 F3500
G1 Z0.000 F900
G1 X81.622 Y-143.515 F1400
G0 Z3.500
G0 X81.894 Y-142.857 F3500
G1 Z0.000 F900
G1 X81.878 Y-140.456 F1400
G0 Z3.500
G0 X81.552 Y-140.550 F3500
G1 Z0.000 F900
G1 X82.062 Y-138.342 F1400
G0 Z3.500
G0 X82.925 Y-140.068 F3500
G1 Z0.000 F900
G1 X82.355 Y-140.678 F1400
G1 X81.718 Y-141.468 F1400
G0 Z3.500
G0 X83.473 Y-143.647 F3500
G1 Z0.000 F900
G1 X83.281 Y-144.607 F1400
G1 X83.473 Y-145.759 F1400
G0 Z3.500
G0 X83.354 Y-145.274 F3500
G1 Z0.000 F900
G1 X85.111 Y-141.837 F1400
G0 Z3.500
G0 X84.586 Y-141.926 F3500
G1 Z0.000 F900
G1 X83.691 Y-143.179 F1400
G1 X83.512 Y-144.601 F1400
G0 Z3.500
G0 X85.720 Y-145.518 F3500
G1 Z0.000 F900
G1 X87.264 Y-144.472 F1400
G0 Z3.500
G0 X87.312 Y-144.223 F3500
G1 Z0.000 F900
G1 X86.737 Y-143.455 F1400
G1 X87.312 Y-142.879 F1400
G1 X87.504 Y-142.304 F1400
G0 Z3.500
G0 X87.910 Y-142.756 F3500
G1 Z0.000 F900
G1 X89.321 Y-139.984 F1400
G0 Z3.500
G0 X89.232 Y-139.808 F3500
G1 Z0.000 F900
G1 X87.888 Y-141.536 F1400
G0 Z3.500
G0 X87.289 Y-141.441 F3500
G1 Z0.000 F900
G1 X86.947 Y-143.385 F1400
G0 Z3.500
G0 X86.935 Y-144.094 F3500
G1 Z0.000 F900
G1 X89.094 Y-142.414 F1400
G0 Z3.500
G0 X88.180 Y-142.310 F3500
G1 Z0.000 F900
G1 X87.371 Y-143.569 F1400
G1 X86.829 Y-144.985 F1400
G0 Z3.500
G0 X87.696 Y-144.415 F3500
G1 Z0.000 F900
G1 X87.888 Y-144.607 F1400
G1 X88.848 Y-144.415 F1400
G1 X88.272 Y-143.647 F1400
G0 Z3.500
G0 X89.622 Y-146.572 F3500
G1 Z0.000 F900
G1 X95.068 Y-145.409 F1400
G1 X100.360 Y-144.562 F1400
G0 Z3.500
G0 X99.035 Y-143.036 F3500
G1 Z0.000 F900
G1 X98.107 Y-141.520 F1400
G1 X97.858 Y-140.804 F1400
G0 Z3.500
G0 X101.764 Y-140.578 F3500
G1 Z0.000 F900
G1 X102.460 Y-142.046 F1400
G1 X102.808 Y-142.494 F1400
G0 Z3.500
G0 X102.094 Y-141.152 F3500
G1 Z0.000 F900
G1 X104.205 Y-141.344 F1400
G0 Z3.500
G0 X104.397 Y-141.536 F3500
G1 Z0.000 F900
G1 X105.165 Y-142.112 F1400
G1 X106.509 Y-142.304 F1400
G0 Z3.500
G0 X106.893 Y-142.304 F3500
G1 Z0.000 F900
G1 X107.277 Y-142.496 F1400
G1 X108.237 Y-142.496 F1400
G1 X108.429 Y-142.304 F1400
G0 Z3.500
G0 X108.277 Y-142.297 F3500
G1 Z0.000 F900
G1 X105.324 Y-141.696 F1400
G0 Z3.500
G0 X104.887 Y-141.418 F3500
G1 Z0.000 F900
G1 X104.615 Y-139.744 F1400
G0 Z3.500
G0 X104.346 Y-140.715 F3500
G1 Z0.000 F900
G1 X105.230 Y-142.072 F1400
G1 X106.368 Y-143.124 F1400
G0 Z3.500
G0 X106.171 Y-145.774 F3500
G1 Z0.000 F900
G1 X102.735 Y-147.421 F1400
G1 X98.784 Y-148.048 F1400
G0 Z3.500
G0 X98.503 Y-149.727 F3500
G1 Z0.000 F900
G1 X108.089 Y-159.103 F1400
G0 Z3.500
G0 X107.819 Y-159.197 F3500
G1 Z0.000 F900
G1 X107.403 Y-159.967 F1400
G1 X106.350 Y-160.731 F1400
G0 Z3.500
G0 X106.638 Y-162.207 F3500
G1 Z0.000 F900
G1 X106.123 Y-164.087 F1400
G1 X105.612 Y-165.016 F1400
G0 Z3.500
G0 X106.208 Y-166.300 F3500
G1 Z0.000 F900
G1 X106.186 Y-167.670 F1400
G1 X105.658 Y-168.602 F1400
G0 Z3.500
G0 X108.599 Y-169.366 F3500
G1 Z0.000 F900
G1 X102.516 Y-158.718 F1400
G0 Z3.500
G0 X102.793 Y-158.927 F3500
G1 Z0.000 F900
G1 X101.846 Y-161.198 F1400
G1 X101.010 Y-164.073 F1400
G0 Z3.500
G0 X101.626 Y-164.165 F3500
G1 Z0.000 F900
G1 X100.331 Y-165.259 F1400
G1 X99.106 Y-166.513 F1400
G0 Z3.500
G0 X99.982 Y-166.683 F3500
G1 Z0.000 F900
G1 X100.366 Y-166.875 F1400
G1 X100.558 Y-168.987 F1400
G1 X100.750 Y-169.179 F1400
G1 X100.942 Y-173.210 F1400
G1 X101.134 Y-173.402 F1400
G1 X101.326 Y-175.321 F1400
G0 Z3.500
G0 X102.055 Y-177.159 F3500
G1 Z0.000 F900
G1 X102.696 Y-179.342 F1400
G0 Z3.500
G0 X102.709 Y-179.937 F3500
G1 Z0.000 F900
G1 X102.665 Y-179.071 F1400
G1 X103.398 Y-178.385 F1400
G0 Z3.500
G0 X103.048 Y-178.766 F3500
G1 Z0.000 F900
G1 X102.278 Y-181.106 F1400
G1 X101.523 Y-183.011 F1400
G0 Z3.500
G0 X101.316 Y-183.160 F3500
G1 Z0.000 F900
G1 X106.696 Y-192.967 F1400
G0 Z3.500
G0 X106.509 Y-191.062 F3500
G1 Z0.000 F900
G1 X103.821 Y-187.991 F1400
G0 Z3.500
G0 X106.305 Y-190.007 F3500
G1 Z0.000 F900
G1 X107.629 Y-189.176 F1400
G1 X109.016 Y-187.894 F1400
G0 Z3.500
G0 X108.621 Y-187.799 F3500
G1 Z0.000 F900
G1 X109.964 Y-190.487 F1400
G0 Z3.500
G0 X111.060 Y-190.852 F3500
G1 Z0.000 F900
G1 X110.729 Y-189.761 F1400
G1 X110.788 Y-188.586 F1400
G0 Z3.500
G0 X110.654 Y-187.709 F3500
G1 Z0.000 F900
G1 X113.722 Y-191.115 F1400
G0 Z3.500
G0 X113.804 Y-191.062 F3500
G1 Z0.000 F900
G1 X109.964 Y-186.839 F1400
G0 Z3.500
G0 X110.370 Y-186.338 F3500
G1 Z0.000 F900
G1 X114.808 Y-190.778 F1400
G0 Z3.500
G0 X114.932 Y-190.268 F3500
G1 Z0.000 F900
G1 X115.764 Y-191.896 F1400
G0 Z3.500
G0 X115.531 Y-191.830 F3500
G1 Z0.000 F900
G1 X115.723 Y-191.638 F1400
G1 X114.379 Y-190.103 F1400
G1 X114.188 Y-189.527 F1400
G1 X112.844 Y-188.183 F1400
G0 Z3.500
G0 X113.036 Y-187.994 F3500
G1 Z0.000 F900
G1 X114.688 Y-189.464 F1400
G0 Z3.500
G0 X114.955 Y-188.951 F3500
G1 Z0.000 F900
G1 X116.875 Y-190.679 F1400
G0 Z3.500
G0 X114.051 Y-189.534 F3500
G1 Z0.000 F900
G1 X113.762 Y-188.702 F1400
G1 X113.556 Y-187.984 F1400
G0 Z3.500
G0 X112.407 Y-187.662 F3500
G1 Z0.000 F900
G1 X110.282 Y-185.461 F1400
G0 Z3.500
G0 X109.580 Y-187.415 F3500
G1 Z0.000 F900
G1 X109.580 Y-187.799 F1400
G1 X112.268 Y-190.487 F1400
G1 X112.460 Y-191.062 F1400
G0 Z3.500
G0 X109.746 Y-191.673 F3500
G1 Z0.000 F900
G1 X108.827 Y-193.479 F1400
G1 X108.263 Y-195.059 F1400
G0 Z3.500
G0 X108.373 Y-195.923 F3500
G1 Z0.000 F900
G1 X109.532 Y-194.973 F1400
G1 X110.403 Y-193.881 F1400
G0 Z3.500
G0 X106.893 Y-196.438 F3500
G1 Z0.000 F900
G1 X106.509 Y-196.438 F1400
G1 X104.973 Y-195.094 F1400
G0 Z3.500
G0 X104.133 Y-193.972 F3500
G1 Z0.000 F900
G1 X103.183 Y-194.572 F1400
G1 X103.126 Y-195.064 F1400
G0 Z3.500
G0 X102.989 Y-194.452 F3500
G1 Z0.000 F900
G1 X104.188 Y-193.357 F1400
G1 X105.038 Y-191.896 F1400
G0 Z3.500
G0 X102.998 Y-194.290 F3500
G1 Z0.000 F900
G1 X106.691 Y-196.676 F1400
G0 Z3.500
G0 X105.324 Y-198.388 F3500
G1 Z0.000 F900
G1 X103.452 Y-197.342 F1400
G0 Z3.500
G0 X102.286 Y-196.246 F3500
G1 Z0.000 F900
G1 X99.982 Y-194.134 F1400
G1 X99.214 Y-194.134 F1400
G0 Z3.500
G0 X100.182 Y-193.157 F3500
G1 Z0.000 F900
G1 X100.663 Y-192.301 F1400
G1 X100.550 Y-190.888 F1400
G0 Z3.500
G0 X96.438 Y-194.096 F3500
G1 Z0.000 F900
G1 X96.488 Y-195.093 F1400
G1 X96.232 Y-195.324 F1400
G0 Z3.500
G0 X96.475 Y-195.660 F3500
G1 Z0.000 F900
G1 X94.603 Y-192.148 F1400
G0 Z3.500
G0 X90.414 Y-192.480 F3500
G1 Z0.000 F900
G1 X90.203 Y-191.560 F1400
G1 X89.970 Y-191.181 F1400
G0 Z3.500
G0 X90.273 Y-187.422 F3500
G1 Z0.000 F900
G1 X90.577 Y-186.905 F1400
G1 X90.879 Y-185.872 F1400
G0 Z3.500
G0 X81.523 Y-185.663 F3500
G1 Z0.000 F900
G1 X80.836 Y-184.190 F1400
G1 X80.432 Y-182.257 F1400
G0 Z3.500
G0 X79.922 Y-183.410 F3500
G1 Z0.000 F900
G1 X79.687 Y-180.550 F1400
G0 Z3.500
G0 X77.201 Y-177.916 F3500
G1 Z0.000 F900
G1 X82.674 Y-156.734 F1400
G0 Z3.500
G0 X84.049 Y-156.509 F3500
G1 Z0.000 F900
G1 X83.089 Y-157.469 F1400
G1 X83.089 Y-158.237 F1400
G1 X82.129 Y-160.540 F1400
G1 X82.129 Y-161.116 F1400
G1 X79.826 Y-168.027 F1400
G1 X79.250 Y-170.330 F1400
G1 X79.250 Y-171.290 F1400
G1 X78.674 Y-173.018 F1400
G1 X78.482 Y-175.513 F1400
G0 Z3.500
G0 X74.643 Y-173.402 F3500
G1 Z0.000 F900
G1 X74.835 Y-172.826 F1400
G1 X74.643 Y-172.634 F1400
G1 X73.875 Y-172.634 F1400
G0 Z3.500
G0 X68.308 Y-162.076 F3500
G1 Z0.000 F900
G1 X67.732 Y-162.076 F1400
G1 X67.156 Y-161.500 F1400
G1 X67.156 Y-161.116 F1400
G1 X66.580 Y-160.540 F1400
G1 X66.196 Y-160.540 F1400
G0 Z3.500
G0 X68.500 Y-161.884 F3500
G1 Z0.000 F900
G1 X68.500 Y-161.500 F1400
G1 X67.732 Y-160.732 F1400
G1 X67.540 Y-159.964 F1400
G1 X66.772 Y-159.004 F1400
G1 X66.772 Y-158.621 F1400
G1 X66.004 Y-157.853 F1400
G0 Z3.500
G0 X61.527 Y-157.986 F3500
G1 Z0.000 F900
G1 X58.087 Y-157.104 F1400
G0 Z3.500
G0 X58.134 Y-156.701 F3500
G1 Z0.000 F900
G1 X58.518 Y-156.701 F1400
G1 X59.094 Y-157.277 F1400
G1 X59.862 Y-157.085 F1400
G0 Z3.500
G0 X57.942 Y-156.701 F3500
G1 Z0.000 F900
G1 X56.790 Y-156.125 F1400
G1 X55.830 Y-156.125 F1400
G1 X55.062 Y-155.741 F1400
G0 Z3.500
G0 X53.527 Y-157.085 F3500
G1 Z0.000 F900
G1 X52.759 Y-156.509 F1400
G1 X50.647 Y-156.125 F1400
G1 X50.071 Y-155.549 F1400
G1 X47.960 Y-155.165 F1400
G0 Z3.500
G0 X45.464 Y-152.286 F3500
G1 Z0.000 F900
G1 X46.040 Y-152.862 F1400
G1 X46.616 Y-152.862 F1400
G1 X47.768 Y-153.246 F1400
G1 X48.152 Y-153.629 F1400
G1 X49.496 Y-153.821 F1400
G1 X50.839 Y-154.397 F1400
G1 X51.415 Y-154.397 F1400
G1 X52.183 Y-154.973 F1400
G0 Z3.500
G0 X57.174 Y-151.902 F3500
G1 Z0.000 F900
G1 X57.942 Y-151.710 F1400
G1 X58.710 Y-151.902 F1400
G0 Z3.500
G0 X53.124 Y-147.218 F3500
G1 Z0.000 F900
G1 X49.302 Y-146.192 F1400
G0 Z3.500
G0 X49.879 Y-145.951 F3500
G1 Z0.000 F900
G1 X53.335 Y-146.911 F1400
G0 Z3.500
G0 X51.680 Y-146.080 F3500
G1 Z0.000 F900
G1 X50.100 Y-145.506 F1400
G0 Z3.500
G0 X44.888 Y-152.286 F3500
G1 Z0.000 F900
G1 X44.121 Y-152.286 F1400
G1 X43.161 Y-151.710 F1400
G0 Z3.500
G0 X38.746 Y-160.156 F3500
G1 Z0.000 F900
G1 X37.594 Y-160.924 F1400
G1 X36.634 Y-160.156 F1400
G1 X35.482 Y-160.156 F1400
G1 X35.098 Y-159.772 F1400
G0 Z3.500
G0 X42.201 Y-162.652 F3500
G1 Z0.000 F900
G1 X42.009 Y-164.571 F1400
G0 Z3.500
G0 X59.206 Y-142.010 F3500
G1 Z0.000 F900
G1 X60.749 Y-141.416 F1400
G0 Z3.500
G0 X46.739 Y-135.558 F3500
G1 Z0.000 F900
G1 X45.107 Y-135.944 F1400
G0 Z3.500
G0 X44.633 Y-134.251 F3500
G1 Z0.000 F900
G1 X40.037 Y-133.330 F1400
G1 X35.546 Y-132.311 F1400
G0 Z3.500
G0 X36.257 Y-131.463 F3500
G1 Z0.000 F900
G1 X35.794 Y-130.462 F1400
G1 X35.091 Y-130.109 F1400
G0 Z3.500
G0 X34.468 Y-129.415 F3500
G1 Z0.000 F900
G1 X33.793 Y-130.420 F1400
G1 X33.425 Y-131.389 F1400
G0 Z3.500
G0 X33.946 Y-130.786 F3500
G1 Z0.000 F900
G1 X33.754 Y-132.705 F1400
G0 Z3.500
G0 X32.603 Y-132.705 F3500
G1 Z0.000 F900
G1 X32.027 Y-132.321 F1400
G1 X31.835 Y-133.281 F1400
G0 Z3.500
G0 X31.643 Y-133.473 F3500
G1 Z0.000 F900
G1 X30.491 Y-133.473 F1400
G1 X29.723 Y-132.897 F1400
G0 Z3.500
G0 X30.509 Y-130.874 F3500
G1 Z0.000 F900
G1 X32.000 Y-131.464 F1400
G0 Z3.500
G0 X31.165 Y-129.333 F3500
G1 Z0.000 F900
G1 X30.347 Y-128.209 F1400
G1 X29.433 Y-126.863 F1400
G0 Z3.500
G0 X30.875 Y-128.482 F3500
G1 Z0.000 F900
G1 X31.643 Y-129.442 F1400
G1 X32.603 Y-129.250 F1400
G0 Z3.500
G0 X34.138 Y-130.594 F3500
G1 Z0.000 F900
G1 X34.330 Y-130.786 F1400
G1 X36.250 Y-130.978 F1400
G0 Z3.500
G0 X36.442 Y-131.362 F3500
G1 Z0.000 F900
G1 X36.442 Y-132.321 F1400
G1 X36.826 Y-133.089 F1400
G0 Z3.500
G0 X37.018 Y-129.250 F3500
G1 Z0.000 F900
G1 X37.978 Y-129.634 F1400
G1 X38.746 Y-129.442 F1400
G0 Z3.500
G0 X35.866 Y-128.098 F3500
G1 Z0.000 F900
G1 X34.906 Y-128.674 F1400
G1 X34.714 Y-129.250 F1400
G0 Z3.500
G0 X34.387 Y-121.735 F3500
G1 Z0.000 F900
G1 X34.423 Y-120.051 F1400
G0 Z3.500
G0 X31.067 Y-118.884 F3500
G1 Z0.000 F900
G1 X30.299 Y-118.500 F1400
G1 X30.107 Y-117.156 F1400
G0 Z3.500
G0 X29.531 Y-116.388 F3500
G1 Z0.000 F900
G1 X29.723 Y-115.621 F1400
G1 X31.067 Y-114.277 F1400
G1 X31.451 Y-113.509 F1400
G0 Z3.500
G0 X32.309 Y-113.466 F3500
G1 Z0.000 F900
G1 X31.166 Y-114.717 F1400
G0 Z3.500
G0 X27.334 Y-114.544 F3500
G1 Z0.000 F900
G1 X27.454 Y-108.557 F1400
G0 Z3.500
G0 X28.884 Y-109.402 F3500
G1 Z0.000 F900
G1 X27.844 Y-111.405 F1400
G0 Z3.500
G0 X29.293 Y-110.106 F3500
G1 Z0.000 F900
G1 X28.231 Y-111.503 F1400
G1 X27.466 Y-113.456 F1400
G0 Z3.500
G0 X26.844 Y-116.964 F3500
G1 Z0.000 F900
G1 X26.844 Y-118.500 F1400
G1 X26.652 Y-118.692 F1400
G0 Z3.500
G0 X27.058 Y-118.251 F3500
G1 Z0.000 F900
G1 X25.204 Y-116.684 F1400
G1 X24.326 Y-115.678 F1400
G0 Z3.500
G0 X24.156 Y-117.156 F3500
G1 Z0.000 F900
G1 X23.964 Y-117.348 F1400
G1 X23.964 Y-119.268 F1400
G1 X24.156 Y-119.460 F1400
G1 X24.348 Y-119.268 F1400
G0 Z3.500
G0 X25.308 Y-118.308 F3500
G1 Z0.000 F900
G1 X25.308 Y-118.692 F1400
G1 X26.268 Y-119.652 F1400
G0 Z3.500
G0 X26.639 Y-120.036 F3500
G1 Z0.000 F900
G1 X25.695 Y-121.969 F1400
G0 Z3.500
G0 X25.097 Y-121.248 F3500
G1 Z0.000 F900
G1 X25.313 Y-123.197 F1400
G0 Z3.500
G0 X23.964 Y-124.835 F3500
G1 Z0.000 F900
G1 X23.772 Y-125.603 F1400
G1 X23.004 Y-125.411 F1400
G1 X22.429 Y-124.643 F1400
G0 Z3.500
G0 X22.237 Y-124.643 F3500
G1 Z0.000 F900
G1 X21.277 Y-124.451 F1400
G1 X20.509 Y-123.875 F1400
G0 Z3.500
G0 X19.503 Y-124.253 F3500
G1 Z0.000 F900
G1 X22.130 Y-124.792 F1400
G0 Z3.500
G0 X22.429 Y-124.451 F3500
G1 Z0.000 F900
G1 X22.621 Y-123.683 F1400
G1 X22.429 Y-122.723 F1400
G0 Z3.500
G0 X21.676 Y-121.733 F3500
G1 Z0.000 F900
G1 X21.604 Y-123.898 F1400
G0 Z3.500
G0 X22.718 Y-124.646 F3500
G1 Z0.000 F900
G1 X24.567 Y-125.463 F1400
G0 Z3.500
G0 X25.257 Y-125.882 F3500
G1 Z0.000 F900
G1 X15.418 Y-124.691 F1400
G0 Z3.500
G0 X17.260 Y-126.843 F3500
G1 Z0.000 F900
G1 X18.154 Y-128.201 F1400
G1 X18.767 Y-129.353 F1400
G0 Z3.500
G0 X18.781 Y-129.058 F3500
G1 Z0.000 F900
G1 X18.781 Y-127.330 F1400
G1 X18.973 Y-127.138 F1400
G0 Z3.500
G0 X18.569 Y-125.557 F3500
G1 Z0.000 F900
G1 X17.541 Y-126.789 F1400
G1 X17.074 Y-128.720 F1400
G0 Z3.500
G0 X20.806 Y-130.640 F3500
G1 Z0.000 F900
G1 X20.503 Y-131.271 F1400
G1 X20.212 Y-132.083 F1400
G0 Z3.500
G0 X21.002 Y-131.010 F3500
G1 Z0.000 F900
G1 X21.317 Y-130.098 F1400
G1 X22.319 Y-128.258 F1400
G0 Z3.500
G0 X23.113 Y-128.832 F3500
G1 Z0.000 F900
G1 X24.244 Y-130.556 F1400
G0 Z3.500
G0 X26.850 Y-131.759 F3500
G1 Z0.000 F900
G1 X28.120 Y-133.479 F1400
G1 X29.525 Y-135.187 F1400
G0 Z3.500
G0 X26.076 Y-137.696 F3500
G1 Z0.000 F900
G1 X23.196 Y-137.312 F1400
G1 X22.237 Y-136.737 F1400
G0 Z3.500
G0 X21.879 Y-140.209 F3500
G1 Z0.000 F900
G1 X18.533 Y-139.205 F1400
G0 Z3.500
G0 X17.832 Y-139.142 F3500
G1 Z0.000 F900
G1 X16.160 Y-138.637 F1400
G0 Z3.500
G0 X15.326 Y-137.888 F3500
G1 Z0.000 F900
G1 X17.438 Y-138.464 F1400
G1 X17.821 Y-138.848 F1400
G1 X18.973 Y-138.848 F1400
G1 X19.741 Y-139.232 F1400
G0 Z3.500
G0 X23.191 Y-124.396 F3500
G1 Z0.000 F900
G1 X22.630 Y-120.295 F1400
G0 Z3.500
G0 X22.426 Y-120.299 F3500
G1 Z0.000 F900
G1 X22.400 Y-117.660 F1400
G0 Z3.500
G0 X21.518 Y-117.923 F3500
G1 Z0.000 F900
G1 X21.175 Y-116.170 F1400
G0 Z3.500
G0 X21.298 Y-116.082 F3500
G1 Z0.000 F900
G1 X18.992 Y-113.826 F1400
G0 Z3.500
G0 X19.933 Y-113.893 F3500
G1 Z0.000 F900
G1 X19.357 Y-113.317 F1400
G1 X19.357 Y-112.741 F1400
G1 X18.589 Y-111.781 F1400
G0 Z3.500
G0 X17.629 Y-111.973 F3500
G1 Z0.000 F900
G1 X17.438 Y-112.357 F1400
G1 X17.438 Y-114.277 F1400
G0 Z3.500
G0 X20.282 Y-113.091 F3500
G1 Z0.000 F900
G1 X20.493 Y-114.803 F1400
G0 Z3.500
G0 X20.893 Y-115.429 F3500
G1 Z0.000 F900
G1 X21.277 Y-115.429 F1400
G1 X21.661 Y-116.004 F1400
G1 X21.853 Y-118.500 F1400
G0 Z3.500
G0 X21.853 Y-118.692 F3500
G1 Z0.000 F900
G1 X22.237 Y-119.844 F1400
G1 X22.237 Y-120.804 F1400
G0 Z3.500
G0 X15.237 Y-119.979 F3500
G1 Z0.000 F900
G1 X13.419 Y-118.201 F1400
G0 Z3.500
G0 X7.016 Y-117.457 F3500
G1 Z0.000 F900
G1 X5.781 Y-119.239 F1400
G1 X4.823 Y-121.079 F1400
G0 Z3.500
G0 X25.884 Y-104.487 F3500
G1 Z0.000 F900
G1 X26.460 Y-103.719 F1400
G1 X27.036 Y-103.527 F1400
G1 X27.612 Y-104.103 F1400
G1 X27.420 Y-105.062 F1400
G1 X27.804 Y-105.446 F1400
G1 X28.379 Y-105.254 F1400
G1 X28.955 Y-105.638 F1400
G0 Z3.500
G0 X32.011 Y-107.553 F3500
G1 Z0.000 F900
G1 X33.285 Y-108.667 F1400
G0 Z3.500
G0 X32.448 Y-108.535 F3500
G1 Z0.000 F900
G1 X33.690 Y-110.912 F1400
G0 Z3.500
G0 X33.324 Y-111.188 F3500
G1 Z0.000 F900
G1 X32.012 Y-110.233 F1400
G0 Z3.500
G0 X36.826 Y-111.013 F3500
G1 Z0.000 F900
G1 X36.058 Y-111.781 F1400
G1 X35.674 Y-112.933 F1400
G1 X35.674 Y-113.317 F1400
G1 X36.058 Y-113.701 F1400
G1 X36.058 Y-114.853 F1400
G1 X36.250 Y-115.045 F1400
G1 X36.058 Y-115.621 F1400
G0 Z3.500
G0 X50.429 Y-122.054 F3500
G1 Z0.000 F900
G1 X50.873 Y-121.331 F1400
G1 X51.249 Y-120.321 F1400
G0 Z3.500
G0 X54.103 Y-118.692 F3500
G1 Z0.000 F900
G1 X54.103 Y-117.156 F1400
G0 Z3.500
G0 X55.259 Y-117.509 F3500
G1 Z0.000 F900
G1 X55.361 Y-116.218 F1400
G1 X56.402 Y-114.884 F1400
G0 Z3.500
G0 X54.751 Y-115.501 F3500
G1 Z0.000 F900
G1 X54.174 Y-118.602 F1400
G0 Z3.500
G0 X49.759 Y-124.364 F3500
G1 Z0.000 F900
G1 X49.570 Y-126.767 F1400
G0 Z3.500
G0 X49.304 Y-126.562 F3500
G1 Z0.000 F900
G1 X49.304 Y-124.835 F1400
G1 X49.496 Y-124.451 F1400
G0 Z3.500
G0 X44.312 Y-133.089 F3500
G1 Z0.000 F900
G1 X44.696 Y-133.281 F1400
G1 X44.696 Y-133.665 F1400
G1 X44.312 Y-134.049 F1400
G1 X43.737 Y-134.049 F1400
G1 X43.161 Y-134.433 F1400
G0 Z3.500
G0 X43.209 Y-134.650 F3500
G1 Z0.000 F900
G1 X45.138 Y-133.707 F1400
G0 Z3.500
G0 X61.965 Y-103.812 F3500
G1 Z0.000 F900
G1 X64.366 Y-104.031 F1400
G0 Z3.500
G0 X77.293 Y-103.781 F3500
G1 Z0.000 F900
G1 X78.139 Y-104.234 F1400
G1 X78.520 Y-105.192 F1400
G0 Z3.500
G0 X79.654 Y-105.796 F3500
G1 Z0.000 F900
G1 X80.289 Y-107.105 F1400
G1 X81.534 Y-108.552 F1400
G0 Z3.500
G0 X82.190 Y-110.304 F3500
G1 Z0.000 F900
G1 X82.787 Y-113.159 F1400
G0 Z3.500
G0 X85.969 Y-113.125 F3500
G1 Z0.000 F900
G1 X85.777 Y-114.661 F1400
G1 X86.161 Y-115.237 F1400
G1 X86.737 Y-115.429 F1400
G0 Z3.500
G0 X85.998 Y-116.402 F3500
G1 Z0.000 F900
G1 X85.510 Y-118.223 F1400
G1 X84.788 Y-119.831 F1400
G0 Z3.500
G0 X80.784 Y-126.512 F3500
G1 Z0.000 F900
G1 X80.365 Y-128.445 F1400
G0 Z3.500
G0 X83.878 Y-136.943 F3500
G1 Z0.000 F900
G1 X88.735 Y-136.194 F1400
G1 X93.818 Y-134.611 F1400
G0 Z3.500
G0 X88.119 Y-140.008 F3500
G1 Z0.000 F900
G1 X86.658 Y-140.682 F1400
G0 Z3.500
G0 X91.728 Y-143.839 F3500
G1 Z0.000 F900
G1 X90.960 Y-144.031 F1400
G1 X90.576 Y-144.607 F1400
G1 X91.344 Y-144.799 F1400
G1 X91.920 Y-144.031 F1400
G0 Z3.500
G0 X91.344 Y-148.254 F3500
G1 Z0.000 F900
G1 X90.960 Y-148.446 F1400
G1 X90.384 Y-148.254 F1400
G1 X90.192 Y-147.871 F1400
G1 X90.768 Y-147.487 F1400
G1 X91.728 Y-147.295 F1400
G1 X93.647 Y-147.487 F1400
G1 X94.223 Y-147.871 F1400
G1 X94.799 Y-147.871 F1400
G1 X97.679 Y-149.598 F1400
G1 X98.638 Y-149.790 F1400
G0 Z3.500
G0 X98.830 Y-149.790 F3500
G1 Z0.000 F900
G1 X100.174 Y-150.942 F1400
G1 X101.326 Y-151.518 F1400
G1 X105.165 Y-155.933 F1400
G1 X107.853 Y-158.621 F1400
G1 X108.621 Y-159.004 F1400
G0 Z3.500
G0 X108.802 Y-159.106 F3500
G1 Z0.000 F900
G1 X99.705 Y-149.734 F1400
G0 Z3.500
G0 X100.942 Y-155.549 F3500
G1 Z0.000 F900
G1 X101.902 Y-156.317 F1400
G1 X102.286 Y-157.277 F1400
G0 Z3.500
G0 X102.546 Y-156.824 F3500
G1 Z0.000 F900
G1 X103.120 Y-157.605 F1400
G1 X104.329 Y-158.881 F1400
G0 Z3.500
G0 X105.450 Y-158.771 F3500
G1 Z0.000 F900
G1 X103.786 Y-160.553 F1400
G1 X101.809 Y-162.309 F1400
G0 Z3.500
G0 X100.016 Y-161.412 F3500
G1 Z0.000 F900
G1 X102.958 Y-161.861 F1400
G1 X106.091 Y-162.356 F1400
G0 Z3.500
G0 X105.176 Y-162.933 F3500
G1 Z0.000 F900
G1 X100.042 Y-165.269 F1400
G1 X95.172 Y-166.210 F1400
G0 Z3.500
G0 X96.116 Y-163.900 F3500
G1 Z0.000 F900
G1 X97.908 Y-162.095 F1400
G1 X99.242 Y-160.635 F1400
G0 Z3.500
G0 X99.406 Y-159.964 F3500
G1 Z0.000 F900
G1 X99.022 Y-159.580 F1400
G1 X98.830 Y-158.429 F1400
G1 X98.446 Y-157.853 F1400
G1 X98.446 Y-157.085 F1400
G0 Z3.500
G0 X99.022 Y-156.701 F3500
G1 Z0.000 F900
G1 X99.598 Y-157.469 F1400
G1 X99.790 Y-159.772 F1400
G0 Z3.500
G0 X99.818 Y-158.687 F3500
G1 Z0.000 F900
G1 X100.493 Y-157.866 F1400
G1 X100.530 Y-157.402 F1400
G0 Z3.500
G0 X101.105 Y-155.712 F3500
G1 Z0.000 F900
G1 X106.205 Y-182.171 F1400
G0 Z3.500
G0 X106.723 Y-180.478 F3500
G1 Z0.000 F900
G1 X107.627 Y-181.217 F1400
G1 X108.983 Y-182.067 F1400
G0 Z3.500
G0 X107.277 Y-179.737 F3500
G1 Z0.000 F900
G1 X104.973 Y-175.897 F1400
G1 X103.821 Y-172.634 F1400
G1 X103.821 Y-171.290 F1400
G1 X103.629 Y-171.098 F1400
G0 Z3.500
G0 X102.555 Y-170.266 F3500
G1 Z0.000 F900
G1 X103.456 Y-171.523 F1400
G1 X104.704 Y-172.314 F1400
G0 Z3.500
G0 X105.244 Y-176.653 F3500
G1 Z0.000 F900
G1 X105.076 Y-179.075 F1400
G1 X104.702 Y-180.900 F1400
G0 Z3.500
G0 X103.677 Y-180.438 F3500
G1 Z0.000 F900
G1 X105.258 Y-178.809 F1400
G1 X106.653 Y-177.116 F1400
G0 Z3.500
G0 X103.497 Y-180.245 F3500
G1 Z0.000 F900
G1 X103.325 Y-180.977 F1400
G1 X102.994 Y-182.683 F1400
G0 Z3.500
G0 X101.168 Y-168.845 F3500
G1 Z0.000 F900
G1 X96.174 Y-167.601 F1400
G1 X91.118 Y-166.440 F1400
G0 Z3.500
G0 X88.843 Y-167.209 F3500
G1 Z0.000 F900
G1 X87.836 Y-169.189 F1400
G1 X87.317 Y-171.532 F1400
G0 Z3.500
G0 X86.657 Y-166.066 F3500
G1 Z0.000 F900
G1 X89.911 Y-153.675 F1400
G0 Z3.500
G0 X89.047 Y-157.245 F3500
G1 Z0.000 F900
G1 X87.998 Y-159.421 F1400
G1 X87.498 Y-161.915 F1400
G0 Z3.500
G0 X86.916 Y-160.498 F3500
G1 Z0.000 F900
G1 X87.799 Y-161.678 F1400
G1 X89.629 Y-162.886 F1400
G0 Z3.500
G0 X89.729 Y-161.293 F3500
G1 Z0.000 F900
G1 X86.653 Y-159.894 F1400
G1 X82.592 Y-158.635 F1400
G0 Z3.500
G0 X85.590 Y-158.663 F3500
G1 Z0.000 F900
G1 X85.855 Y-158.153 F1400
G1 X87.115 Y-157.042 F1400
G0 Z3.500
G0 X85.618 Y-158.558 F3500
G1 Z0.000 F900
G1 X82.368 Y-159.168 F1400
G1 X78.641 Y-160.219 F1400
G0 Z3.500
G0 X79.673 Y-155.970 F3500
G1 Z0.000 F900
G1 X84.282 Y-156.669 F1400
G1 X89.193 Y-158.199 F1400
G0 Z3.500
G0 X87.432 Y-159.270 F3500
G1 Z0.000 F900
G1 X92.527 Y-160.504 F1400
G1 X97.176 Y-162.194 F1400
G0 Z3.500
G0 X96.649 Y-160.975 F3500
G1 Z0.000 F900
G1 X95.846 Y-160.064 F1400
G1 X95.253 Y-159.722 F1400
G0 Z3.500
G0 X95.014 Y-158.726 F3500
G1 Z0.000 F900
G1 X95.864 Y-158.616 F1400
G1 X96.120 Y-157.747 F1400
G0 Z3.500
G0 X96.850 Y-158.323 F3500
G1 Z0.000 F900
G1 X103.392 Y-157.178 F1400
G1 X110.409 Y-156.230 F1400
G0 Z3.500
G0 X112.652 Y-154.589 F3500
G1 Z0.000 F900
G1 X117.259 Y-155.933 F1400
G0 Z3.500
G0 X114.955 Y-159.004 F3500
G1 Z0.000 F900
G1 X115.147 Y-159.388 F1400
G1 X115.723 Y-159.388 F1400
G1 X116.107 Y-159.772 F1400
G0 Z3.500
G0 X117.835 Y-160.156 F3500
G1 Z0.000 F900
G1 X118.219 Y-160.540 F1400
G1 X119.179 Y-160.732 F1400
G0 Z3.500
G0 X118.987 Y-162.076 F3500
G1 Z0.000 F900
G1 X119.371 Y-162.076 F1400
G1 X119.754 Y-162.652 F1400
G1 X120.906 Y-162.652 F1400
G1 X122.826 Y-163.228 F1400
G0 Z3.500
G0 X123.786 Y-162.268 F3500
G1 Z0.000 F900
G1 X122.250 Y-160.540 F1400
G0 Z3.500
G0 X119.416 Y-166.145 F3500
G1 Z0.000 F900
G1 X131.399 Y-171.916 F1400
G0 Z3.500
G0 X134.204 Y-171.390 F3500
G1 Z0.000 F900
G1 X130.724 Y-171.661 F1400
G1 X127.189 Y-171.958 F1400
G0 Z3.500
G0 X126.946 Y-171.230 F3500
G1 Z0.000 F900
G1 X121.436 Y-168.333 F1400
G0 Z3.500
G0 X124.248 Y-169.396 F3500
G1 Z0.000 F900
G1 X114.876 Y-163.661 F1400
G0 Z3.500
G0 X110.646 Y-162.924 F3500
G1 Z0.000 F900
G1 X109.702 Y-163.910 F1400
G1 X108.130 Y-165.067 F1400
G0 Z3.500
G0 X106.893 Y-163.804 F3500
G1 Z0.000 F900
G1 X106.701 Y-163.420 F1400
G1 X104.973 Y-162.460 F1400
G0 Z3.500
G0 X100.125 Y-160.829 F3500
G1 Z0.000 F900
G1 X101.020 Y-158.299 F1400
G1 X102.527 Y-156.028 F1400
G0 Z3.500
G0 X105.891 Y-156.320 F3500
G1 Z0.000 F900
G1 X109.625 Y-154.889 F1400
G1 X113.654 Y-153.627 F1400
G0 Z3.500
G0 X116.491 Y-150.750 F3500
G1 Z0.000 F900
G1 X114.955 Y-149.982 F1400
G1 X113.612 Y-149.982 F1400
G1 X113.228 Y-149.598 F1400
G1 X112.076 Y-149.598 F1400
G0 Z3.500
G0 X114.066 Y-145.613 F3500
G1 Z0.000 F900
G1 X102.165 Y-141.042 F1400
G0 Z3.500
G0 X105.163 Y-138.117 F3500
G1 Z0.000 F900
G1 X106.267 Y-136.035 F1400
G1 X106.703 Y-134.205 F1400
G0 Z3.500
G0 X106.563 Y-135.856 F3500
G1 Z0.000 F900
G1 X107.280 Y-136.773 F1400
G1 X108.375 Y-137.617 F1400
G0 Z3.500
G0 X111.308 Y-138.272 F3500
G1 Z0.000 F900
G1 X111.308 Y-139.040 F1400
G1 X111.884 Y-139.616 F1400
G0 Z3.500
G0 X111.884 Y-139.616 F3500
G1 Z0.000 F900
G1 X111.500 Y-140.000 F1400
G1 X111.308 Y-141.152 F1400
G1 X110.924 Y-141.728 F1400
G0 Z3.500
G0 X110.106 Y-142.842 F3500
G1 Z0.000 F900
G1 X111.832 Y-143.971 F1400
G0 Z3.500
G0 X112.844 Y-144.415 F3500
G1 Z0.000 F900
G1 X111.308 Y-144.223 F1400
G1 X109.964 Y-143.263 F1400
G0 Z3.500
G0 X112.437 Y-142.384 F3500
G1 Z0.000 F900
G1 X112.731 Y-142.847 F1400
G1 X113.251 Y-143.759 F1400
G0 Z3.500
G0 X112.321 Y-140.892 F3500
G1 Z0.000 F900
G1 X117.147 Y-140.579 F1400
G0 Z3.500
G0 X116.875 Y-140.000 F3500
G1 Z0.000 F900
G1 X116.299 Y-140.192 F1400
G1 X114.763 Y-139.808 F1400
G0 Z3.500
G0 X114.957 Y-139.634 F3500
G1 Z0.000 F900
G1 X117.123 Y-139.490 F1400
G0 Z3.500
G0 X116.279 Y-139.499 F3500
G1 Z0.000 F900
G1 X114.200 Y-139.931 F1400
G0 Z3.500
G0 X113.410 Y-140.608 F3500
G1 Z0.000 F900
G1 X115.308 Y-140.001 F1400
G1 X118.420 Y-139.392 F1400
G0 Z3.500
G0 X118.008 Y-143.269 F3500
G1 Z0.000 F900
G1 X118.876 Y-145.230 F1400
G0 Z3.500
G0 X119.423 Y-145.684 F3500
G1 Z0.000 F900
G1 X121.464 Y-146.925 F1400
G0 Z3.500
G0 X122.156 Y-146.572 F3500
G1 Z0.000 F900
G1 X122.473 Y-145.535 F1400
G1 X123.496 Y-144.562 F1400
G0 Z3.500
G0 X123.932 Y-144.599 F3500
G1 Z0.000 F900
G1 X124.973 Y-146.179 F1400
G1 X125.943 Y-147.686 F1400
G0 Z3.500
G0 X127.222 Y-147.447 F3500
G1 Z0.000 F900
G1 X120.472 Y-148.433 F1400
G0 Z3.500
G0 X119.805 Y-148.383 F3500
G1 Z0.000 F900
G1 X123.387 Y-149.404 F1400
G1 X126.999 Y-150.046 F1400
G0 Z3.500
G0 X127.433 Y-149.214 F3500
G1 Z0.000 F900
G1 X128.585 Y-149.214 F1400
G1 X128.969 Y-148.830 F1400
G0 Z3.500
G0 X129.353 Y-148.830 F3500
G1 Z0.000 F900
G1 X131.080 Y-148.638 F1400
G0 Z3.500
G0 X131.848 Y-148.446 F3500
G1 Z0.000 F900
G1 X132.040 Y-148.638 F1400
G1 X133.768 Y-148.638 F1400
G1 X135.112 Y-149.022 F1400
G1 X136.071 Y-148.830 F1400
G1 X136.455 Y-149.214 F1400
G1 X136.455 Y-149.790 F1400
G0 Z3.500
G0 X133.960 Y-147.295 F3500
G1 Z0.000 F900
G1 X134.344 Y-146.911 F1400
G1 X134.536 Y-145.759 F1400
G0 Z3.500
G0 X134.340 Y-145.736 F3500
G1 Z0.000 F900
G1 X134.271 Y-141.650 F1400
G0 Z3.500
G0 X132.787 Y-140.938 F3500
G1 Z0.000 F900
G1 X132.879 Y-139.012 F1400
G0 Z3.500
G0 X133.003 Y-137.843 F3500
G1 Z0.000 F900
G1 X132.795 Y-136.159 F1400
G0 Z3.500
G0 X129.737 Y-134.241 F3500
G1 Z0.000 F900
G1 X129.929 Y-132.705 F1400
G0 Z3.500
G0 X129.929 Y-132.705 F3500
G1 Z0.000 F900
G1 X130.504 Y-132.129 F1400
G1 X130.888 Y-129.442 F1400
G0 Z3.500
G0 X130.888 Y-129.442 F3500
G1 Z0.000 F900
G1 X130.312 Y-128.866 F1400
G1 X130.121 Y-128.098 F1400
G0 Z3.500
G0 X129.929 Y-127.906 F3500
G1 Z0.000 F900
G1 X128.777 Y-127.714 F1400
G1 X128.393 Y-127.906 F1400
G0 Z3.500
G0 X128.201 Y-127.906 F3500
G1 Z0.000 F900
G1 X127.817 Y-127.330 F1400
G1 X127.241 Y-127.330 F1400
G1 X126.665 Y-127.906 F1400
G0 Z3.500
G0 X127.065 Y-126.542 F3500
G1 Z0.000 F900
G1 X126.242 Y-125.600 F1400
G1 X125.497 Y-125.047 F1400
G0 Z3.500
G0 X124.938 Y-125.219 F3500
G1 Z0.000 F900
G1 X124.938 Y-124.835 F1400
G1 X124.554 Y-124.451 F1400
G1 X123.786 Y-124.451 F1400
G1 X123.402 Y-124.835 F1400
G1 X123.402 Y-125.219 F1400
G0 Z3.500
G0 X123.350 Y-124.354 F3500
G1 Z0.000 F900
G1 X121.515 Y-126.351 F1400
G0 Z3.500
G0 X118.047 Y-124.720 F3500
G1 Z0.000 F900
G1 X117.037 Y-126.844 F1400
G0 Z3.500
G0 X115.926 Y-126.644 F3500
G1 Z0.000 F900
G1 X113.870 Y-129.423 F1400
G0 Z3.500
G0 X113.307 Y-129.646 F3500
G1 Z0.000 F900
G1 X113.482 Y-128.444 F1400
G1 X114.301 Y-126.550 F1400
G0 Z3.500
G0 X113.996 Y-126.179 F3500
G1 Z0.000 F900
G1 X116.107 Y-124.259 F1400
G0 Z3.500
G0 X117.818 Y-123.267 F3500
G1 Z0.000 F900
G1 X118.379 Y-121.209 F1400
G1 X119.772 Y-119.876 F1400
G0 Z3.500
G0 X123.691 Y-120.569 F3500
G1 Z0.000 F900
G1 X124.782 Y-122.045 F1400
G1 X125.800 Y-122.574 F1400
G0 Z3.500
G0 X129.114 Y-120.820 F3500
G1 Z0.000 F900
G1 X129.739 Y-121.933 F1400
G1 X130.359 Y-123.091 F1400
G0 Z3.500
G0 X130.678 Y-122.455 F3500
G1 Z0.000 F900
G1 X130.624 Y-124.140 F1400
G0 Z3.500
G0 X130.696 Y-124.067 F3500
G1 Z0.000 F900
G1 X131.080 Y-122.531 F1400
G0 Z3.500
G0 X131.080 Y-122.339 F3500
G1 Z0.000 F900
G1 X129.929 Y-119.844 F1400
G0 Z3.500
G0 X129.968 Y-122.289 F3500
G1 Z0.000 F900
G1 X130.458 Y-122.760 F1400
G1 X131.041 Y-123.542 F1400
G0 Z3.500
G0 X130.730 Y-124.123 F3500
G1 Z0.000 F900
G1 X130.324 Y-126.250 F1400
G0 Z3.500
G0 X130.905 Y-126.921 F3500
G1 Z0.000 F900
G1 X130.146 Y-128.290 F1400
G1 X129.336 Y-129.660 F1400
G0 Z3.500
G0 X130.242 Y-128.960 F3500
G1 Z0.000 F900
G1 X129.388 Y-134.699 F1400
G0 Z3.500
G0 X128.897 Y-136.617 F3500
G1 Z0.000 F900
G1 X131.144 Y-132.332 F1400
G0 Z3.500
G0 X131.183 Y-131.625 F3500
G1 Z0.000 F900
G1 X131.848 Y-129.835 F1400
G0 Z3.500
G0 X132.019 Y-129.977 F3500
G1 Z0.000 F900
G1 X131.517 Y-128.465 F1400
G0 Z3.500
G0 X130.958 Y-127.767 F3500
G1 Z0.000 F900
G1 X129.033 Y-127.061 F1400
G0 Z3.500
G0 X130.312 Y-127.906 F3500
G1 Z0.000 F900
G1 X130.888 Y-128.098 F1400
G1 X131.080 Y-129.250 F1400
G1 X130.888 Y-129.442 F1400
G0 Z3.500
G0 X133.575 Y-128.566 F3500
G1 Z0.000 F900
G1 X132.810 Y-127.377 F1400
G1 X131.657 Y-125.710 F1400
G0 Z3.500
G0 X131.330 Y-126.299 F3500
G1 Z0.000 F900
G1 X131.318 Y-122.699 F1400
G0 Z3.500
G0 X133.960 Y-123.107 F3500
G1 Z0.000 F900
G1 X134.536 Y-122.915 F1400
G1 X135.688 Y-121.955 F1400
G0 Z3.500
G0 X135.811 Y-121.934 F3500
G1 Z0.000 F900
G1 X133.638 Y-124.077 F1400
G0 Z3.500
G0 X135.654 Y-122.320 F3500
G1 Z0.000 F900
G1 X135.279 Y-121.225 F1400
G1 X134.569 Y-120.823 F1400
G0 Z3.500
G0 X134.920 Y-120.804 F3500
G1 Z0.000 F900
G1 X135.112 Y-120.036 F1400
G1 X134.536 Y-117.924 F1400
G0 Z3.500
G0 X136.455 Y-122.339 F3500
G1 Z0.000 F900
G1 X136.263 Y-122.531 F1400
G1 X136.263 Y-124.259 F1400
G1 X136.455 Y-124.451 F1400
G1 X136.071 Y-125.027 F1400
G1 X136.071 Y-125.795 F1400
G0 Z3.500
G0 X136.648 Y-124.622 F3500
G1 Z0.000 F900
G1 X136.617 Y-122.699 F1400
G0 Z3.500
G0 X137.176 Y-122.491 F3500
G1 Z0.000 F900
G1 X138.246 Y-123.446 F1400
G1 X138.806 Y-124.875 F1400
G0 Z3.500
G0 X138.828 Y-125.007 F3500
G1 Z0.000 F900
G1 X137.083 Y-124.519 F1400
G0 Z3.500
G0 X137.415 Y-124.067 F3500
G1 Z0.000 F900
G1 X137.799 Y-124.451 F1400
G1 X138.375 Y-124.451 F1400
G1 X138.951 Y-124.835 F1400
G1 X139.143 Y-124.643 F1400
G0 Z3.500
G0 X138.183 Y-125.603 F3500
G1 Z0.000 F900
G1 X138.375 Y-126.562 F1400
G1 X137.991 Y-126.946 F1400
G0 Z3.500
G0 X139.527 Y-127.330 F3500
G1 Z0.000 F900
G1 X139.719 Y-127.522 F1400
G1 X139.911 Y-127.330 F1400
G1 X141.062 Y-127.330 F1400
G0 Z3.500
G0 X141.985 Y-125.982 F3500
G1 Z0.000 F900
G1 X140.868 Y-124.676 F1400
G0 Z3.500
G0 X142.448 Y-125.291 F3500
G1 Z0.000 F900
G1 X144.217 Y-124.241 F1400
G0 Z3.500
G0 X145.955 Y-122.411 F3500
G1 Z0.000 F900
G1 X147.827 Y-123.237 F1400
G0 Z3.500
G0 X148.277 Y-124.167 F3500
G1 Z0.000 F900
G1 X149.348 Y-126.275 F1400
G0 Z3.500
G0 X149.315 Y-126.242 F3500
G1 Z0.000 F900
G1 X151.018 Y-126.902 F1400
G0 Z3.500
G0 X151.237 Y-126.562 F3500
G1 Z0.000 F900
G1 X149.701 Y-125.987 F1400
G1 X149.125 Y-125.411 F1400
G1 X148.741 Y-124.259 F1400
G0 Z3.500
G0 X148.920 Y-124.066 F3500
G1 Z0.000 F900
G1 X152.527 Y-126.936 F1400
G0 Z3.500
G0 X153.348 Y-125.795 F3500
G1 Z0.000 F900
G1 X152.772 Y-125.219 F1400
G1 X152.772 Y-124.451 F1400
G0 Z3.500
G0 X153.227 Y-123.695 F3500
G1 Z0.000 F900
G1 X154.074 Y-121.493 F1400
G0 Z3.500
G0 X154.308 Y-120.996 F3500
G1 Z0.000 F900
G1 X153.732 Y-121.379 F1400
G1 X153.348 Y-122.531 F1400
G0 Z3.500
G0 X153.348 Y-122.723 F3500
G1 Z0.000 F900
G1 X153.924 Y-123.107 F1400
G1 X154.308 Y-124.259 F1400
G0 Z3.500
G0 X151.813 Y-122.500 F3500
G1 Z0.000 F900
G1 X151.620 Y-120.788 F1400
G0 Z3.500
G0 X151.838 Y-118.822 F3500
G1 Z0.000 F900
G1 X151.081 Y-118.129 F1400
G1 X150.635 Y-117.026 F1400
G0 Z3.500
G0 X149.701 Y-117.732 F3500
G1 Z0.000 F900
G1 X150.277 Y-118.116 F1400
G1 X151.621 Y-118.308 F1400
G0 Z3.500
G0 X152.779 Y-118.659 F3500
G1 Z0.000 F900
G1 X153.093 Y-115.736 F1400
G0 Z3.500
G0 X153.360 Y-115.491 F3500
G1 Z0.000 F900
G1 X155.015 Y-113.313 F1400
G0 Z3.500
G0 X154.713 Y-113.246 F3500
G1 Z0.000 F900
G1 X153.530 Y-112.605 F1400
G1 X153.135 Y-111.085 F1400
G0 Z3.500
G0 X153.133 Y-111.399 F3500
G1 Z0.000 F900
G1 X152.792 Y-115.011 F1400
G0 Z3.500
G0 X153.348 Y-114.277 F3500
G1 Z0.000 F900
G1 X153.156 Y-115.812 F1400
G1 X153.540 Y-116.196 F1400
G0 Z3.500
G0 X152.392 Y-116.217 F3500
G1 Z0.000 F900
G1 X149.513 Y-115.974 F1400
G0 Z3.500
G0 X149.125 Y-116.388 F3500
G1 Z0.000 F900
G1 X152.388 Y-116.580 F1400
G0 Z3.500
G0 X152.426 Y-116.892 F3500
G1 Z0.000 F900
G1 X149.302 Y-116.746 F1400
G0 Z3.500
G0 X147.589 Y-120.612 F3500
G1 Z0.000 F900
G1 X145.862 Y-121.955 F1400
G0 Z3.500
G0 X147.786 Y-121.465 F3500
G1 Z0.000 F900
G1 X149.421 Y-122.497 F1400
G0 Z3.500
G0 X150.277 Y-122.339 F3500
G1 Z0.000 F900
G1 X148.741 Y-121.763 F1400
G1 X147.781 Y-120.804 F1400
G0 Z3.500
G0 X153.732 Y-117.348 F3500
G1 Z0.000 F900
G1 X154.500 Y-117.156 F1400
G1 X155.460 Y-115.812 F1400
G0 Z3.500
G0 X156.319 Y-114.610 F3500
G1 Z0.000 F900
G1 X157.052 Y-116.428 F1400
G0 Z3.500
G0 X157.890 Y-117.198 F3500
G1 Z0.000 F900
G1 X157.753 Y-115.017 F1400
G0 Z3.500
G0 X157.227 Y-114.791 F3500
G1 Z0.000 F900
G1 X159.003 Y-111.971 F1400
G0 Z3.500
G0 X159.617 Y-110.783 F3500
G1 Z0.000 F900
G1 X160.990 Y-109.156 F1400
G1 X161.668 Y-107.788 F1400
G0 Z3.500
G0 X161.688 Y-107.469 F3500
G1 Z0.000 F900
G1 X162.274 Y-105.746 F1400
G1 X163.437 Y-104.191 F1400
G0 Z3.500
G0 X163.066 Y-105.010 F3500
G1 Z0.000 F900
G1 X161.170 Y-103.961 F1400
G0 Z3.500
G0 X160.197 Y-106.452 F3500
G1 Z0.000 F900
G1 X161.183 Y-108.358 F1400
G0 Z3.500
G0 X161.429 Y-108.455 F3500
G1 Z0.000 F900
G1 X162.970 Y-106.656 F1400
G0 Z3.500
G0 X159.732 Y-106.747 F3500
G1 Z0.000 F900
G1 X158.325 Y-105.264 F1400
G0 Z3.500
G0 X158.218 Y-105.463 F3500
G1 Z0.000 F900
G1 X156.194 Y-107.805 F1400
G0 Z3.500
G0 X155.964 Y-107.482 F3500
G1 Z0.000 F900
G1 X155.021 Y-105.679 F1400
G0 Z3.500
G0 X158.215 Y-107.976 F3500
G1 Z0.000 F900
G1 X157.363 Y-109.574 F1400
G1 X156.160 Y-110.595 F1400
G0 Z3.500
G0 X156.576 Y-111.228 F3500
G1 Z0.000 F900
G1 X158.252 Y-109.333 F1400
G0 Z3.500
G0 X159.953 Y-109.981 F3500
G1 Z0.000 F900
G1 X160.991 Y-111.362 F1400
G1 X162.485 Y-112.430 F1400
G0 Z3.500
G0 X161.411 Y-112.741 F3500
G1 Z0.000 F900
G1 X161.411 Y-115.621 F1400
G1 X161.219 Y-115.812 F1400
G0 Z3.500
G0 X161.178 Y-115.501 F3500
G1 Z0.000 F900
G1 X161.179 Y-112.861 F1400
G0 Z3.500
G0 X161.671 Y-113.361 F3500
G1 Z0.000 F900
G1 X162.020 Y-119.367 F1400
G0 Z3.500
G0 X161.821 Y-119.207 F3500
G1 Z0.000 F900
G1 X160.935 Y-118.001 F1400
G1 X160.617 Y-117.793 F1400
G0 Z3.500
G0 X161.219 Y-117.348 F3500
G1 Z0.000 F900
G1 X160.643 Y-117.348 F1400
G1 X158.915 Y-115.812 F1400
G0 Z3.500
G0 X159.290 Y-115.696 F3500
G1 Z0.000 F900
G1 X158.742 Y-113.729 F1400
G0 Z3.500
G0 X158.339 Y-113.701 F3500
G1 Z0.000 F900
G1 X157.763 Y-113.509 F1400
G1 X157.188 Y-112.933 F1400
G1 X156.996 Y-112.357 F1400
G0 Z3.500
G0 X155.908 Y-112.995 F3500
G1 Z0.000 F900
G1 X156.627 Y-113.685 F1400
G1 X156.931 Y-114.407 F1400
G0 Z3.500
G0 X157.946 Y-113.823 F3500
G1 Z0.000 F900
G1 X158.869 Y-115.614 F1400
G1 X159.885 Y-117.418 F1400
G0 Z3.500
G0 X161.399 Y-117.083 F3500
G1 Z0.000 F900
G1 X159.924 Y-115.435 F1400
G0 Z3.500
G0 X162.946 Y-114.853 F3500
G1 Z0.000 F900
G1 X163.330 Y-114.853 F1400
G1 X164.866 Y-113.317 F1400
G0 Z3.500
G0 X164.868 Y-113.563 F3500
G1 Z0.000 F900
G1 X163.669 Y-115.003 F1400
G0 Z3.500
G0 X163.906 Y-116.004 F3500
G1 Z0.000 F900
G1 X162.754 Y-117.156 F1400
G0 Z3.500
G0 X162.754 Y-118.884 F3500
G1 Z0.000 F900
G1 X163.138 Y-118.884 F1400
G1 X165.058 Y-117.540 F1400
G1 X165.442 Y-117.156 F1400
G1 X165.442 Y-116.388 F1400
G0 Z3.500
G0 X165.508 Y-117.511 F3500
G1 Z0.000 F900
G1 X162.213 Y-119.765 F1400
G0 Z3.500
G0 X161.987 Y-120.612 F3500
G1 Z0.000 F900
G1 X163.906 Y-119.460 F1400
G1 X164.290 Y-119.460 F1400
G0 Z3.500
G0 X165.127 Y-119.335 F3500
G1 Z0.000 F900
G1 X162.419 Y-120.631 F1400
G0 Z3.500
G0 X162.946 Y-121.571 F3500
G1 Z0.000 F900
G1 X163.714 Y-120.996 F1400
G1 X164.290 Y-120.996 F1400
G0 Z3.500
G0 X165.931 Y-118.648 F3500
G1 Z0.000 F900
G1 X166.218 Y-117.393 F1400
G1 X166.873 Y-117.200 F1400
G0 Z3.500
G0 X166.978 Y-118.116 F3500
G1 Z0.000 F900
G1 X168.129 Y-119.076 F1400
G1 X169.281 Y-119.652 F1400
G1 X170.433 Y-119.844 F1400
G0 Z3.500
G0 X170.817 Y-120.036 F3500
G1 Z0.000 F900
G1 X171.969 Y-120.420 F1400
G1 X171.969 Y-120.996 F1400
G1 X172.353 Y-121.571 F1400
G0 Z3.500
G0 X172.291 Y-121.553 F3500
G1 Z0.000 F900
G1 X167.746 Y-120.964 F1400
G0 Z3.500
G0 X166.840 Y-118.233 F3500
G1 Z0.000 F900
G1 X171.636 Y-119.985 F1400
G0 Z3.500
G0 X170.817 Y-119.076 F3500
G1 Z0.000 F900
G1 X171.009 Y-118.884 F1400
G1 X171.969 Y-118.884 F1400
G1 X172.353 Y-118.500 F1400
G0 Z3.500
G0 X172.353 Y-118.308 F3500
G1 Z0.000 F900
G1 X171.969 Y-117.924 F1400
G1 X171.393 Y-117.924 F1400
G1 X170.625 Y-117.540 F1400
G1 X170.433 Y-117.156 F1400
G0 Z3.500
G0 X169.924 Y-116.957 F3500
G1 Z0.000 F900
G1 X172.315 Y-117.705 F1400
G0 Z3.500
G0 X171.858 Y-118.348 F3500
G1 Z0.000 F900
G1 X170.173 Y-117.884 F1400
G0 Z3.500
G0 X169.448 Y-117.188 F3500
G1 Z0.000 F900
G1 X171.567 Y-118.904 F1400
G1 X172.953 Y-120.579 F1400
G0 Z3.500
G0 X170.917 Y-118.790 F3500
G1 Z0.000 F900
G1 X168.237 Y-117.689 F1400
G0 Z3.500
G0 X168.513 Y-118.116 F3500
G1 Z0.000 F900
G1 X170.241 Y-118.692 F1400
G1 X170.625 Y-119.076 F1400
G0 Z3.500
G0 X170.625 Y-116.580 F3500
G1 Z0.000 F900
G1 X171.585 Y-116.580 F1400
G1 X171.777 Y-116.772 F1400
G1 X172.161 Y-116.580 F1400
G0 Z3.500
G0 X171.616 Y-116.423 F3500
G1 Z0.000 F900
G1 X169.259 Y-115.966 F1400
G0 Z3.500
G0 X169.857 Y-116.580 F3500
G1 Z0.000 F900
G1 X168.513 Y-115.621 F1400
G1 X167.938 Y-114.853 F1400
G1 X167.746 Y-114.085 F1400
G0 Z3.500
G0 X169.384 Y-113.659 F3500
G1 Z0.000 F900
G1 X171.593 Y-115.520 F1400
G0 Z3.500
G0 X172.161 Y-115.812 F3500
G1 Z0.000 F900
G1 X171.585 Y-115.812 F1400
G1 X171.009 Y-115.045 F1400
G0 Z3.500
G0 X170.817 Y-114.853 F3500
G1 Z0.000 F900
G1 X170.241 Y-114.853 F1400
G1 X169.665 Y-114.469 F1400
G1 X168.321 Y-112.165 F1400
G0 Z3.500
G0 X168.724 Y-111.496 F3500
G1 Z0.000 F900
G1 X170.764 Y-114.389 F1400
G0 Z3.500
G0 X171.201 Y-114.469 F3500
G1 Z0.000 F900
G1 X168.897 Y-111.205 F1400
G0 Z3.500
G0 X169.390 Y-111.220 F3500
G1 Z0.000 F900
G1 X171.568 Y-114.567 F1400
G0 Z3.500
G0 X171.643 Y-113.055 F3500
G1 Z0.000 F900
G1 X170.792 Y-111.922 F1400
G1 X169.991 Y-110.892 F1400
G0 Z3.500
G0 X169.423 Y-109.527 F3500
G1 Z0.000 F900
G1 X168.148 Y-108.757 F1400
G1 X167.604 Y-107.509 F1400
G0 Z3.500
G0 X167.786 Y-111.569 F3500
G1 Z0.000 F900
G1 X168.731 Y-113.272 F1400
G1 X169.625 Y-115.065 F1400
G0 Z3.500
G0 X172.767 Y-110.941 F3500
G1 Z0.000 F900
G1 X172.840 Y-106.135 F1400
G0 Z3.500
G0 X172.036 Y-104.393 F3500
G1 Z0.000 F900
G1 X173.870 Y-103.004 F1400
G0 Z3.500
G0 X174.225 Y-103.279 F3500
G1 Z0.000 F900
G1 X173.878 Y-97.767 F1400
G0 Z3.500
G0 X174.043 Y-99.719 F3500
G1 Z0.000 F900
G1 X172.712 Y-101.504 F1400
G1 X172.198 Y-103.495 F1400
G0 Z3.500
G0 X172.873 Y-103.780 F3500
G1 Z0.000 F900
G1 X173.826 Y-102.869 F1400
G1 X174.520 Y-102.122 F1400
G0 Z3.500
G0 X170.022 Y-100.559 F3500
G1 Z0.000 F900
G1 X171.452 Y-97.300 F1400
G0 Z3.500
G0 X173.583 Y-93.425 F3500
G1 Z0.000 F900
G1 X173.889 Y-28.876 F1400
G0 Z3.500
G0 X156.804 Y-49.585 F3500
G1 Z0.000 F900
G1 X154.308 Y-49.393 F1400
G1 X151.812 Y-50.545 F1400
G0 Z3.500
G0 X150.469 Y-47.665 F3500
G1 Z0.000 F900
G1 X149.701 Y-47.665 F1400
G1 X148.933 Y-47.281 F1400
G1 X147.205 Y-45.746 F1400
G1 X146.054 Y-45.746 F1400
G0 Z3.500
G0 X137.607 Y-55.728 F3500
G1 Z0.000 F900
G1 X137.223 Y-54.960 F1400
G1 X136.455 Y-54.384 F1400
G1 X135.688 Y-55.152 F1400
G1 X135.304 Y-54.960 F1400
G1 X134.536 Y-55.920 F1400
G0 Z3.500
G0 X130.696 Y-60.911 F3500
G1 Z0.000 F900
G1 X129.545 Y-61.871 F1400
G1 X128.969 Y-61.871 F1400
G1 X127.817 Y-62.638 F1400
G1 X127.049 Y-62.638 F1400
G1 X125.705 Y-63.214 F1400
G0 Z3.500
G0 X126.281 Y-53.232 F3500
G1 Z0.000 F900
G1 X127.241 Y-52.464 F1400
G1 X127.817 Y-51.504 F1400
G1 X128.969 Y-50.353 F1400
G1 X129.737 Y-50.161 F1400
G0 Z3.500
G0 X144.902 Y-65.902 F3500
G1 Z0.000 F900
G1 X148.165 Y-65.902 F1400
G1 X150.469 Y-64.942 F1400
G0 Z3.500
G0 X152.772 Y-64.942 F3500
G1 Z0.000 F900
G1 X153.924 Y-64.942 F1400
G1 X154.116 Y-64.366 F1400
G1 X155.268 Y-63.406 F1400
G1 X155.460 Y-62.830 F1400
G1 X156.228 Y-62.062 F1400
G1 X157.955 Y-61.679 F1400
G0 Z3.500
G0 X162.754 Y-61.295 F3500
G1 Z0.000 F900
G1 X164.674 Y-61.295 F1400
G1 X166.594 Y-60.335 F1400
G0 Z3.500
G0 X162.946 Y-68.589 F3500
G1 Z0.000 F900
G1 X161.219 Y-68.397 F1400
G1 X158.339 Y-69.357 F1400
G1 X156.420 Y-69.357 F1400
G1 X154.692 Y-69.741 F1400
G1 X150.853 Y-69.549 F1400
G1 X148.933 Y-70.317 F1400
G0 Z3.500
G0 X173.312 Y-85.098 F3500
G1 Z0.000 F900
G1 X173.312 Y-84.138 F1400
G1 X173.121 Y-83.946 F1400
G1 X173.504 Y-82.987 F1400
G1 X173.312 Y-82.027 F1400
G1 X173.312 Y-74.156 F1400
G1 X173.504 Y-73.964 F1400
G1 X173.312 Y-73.580 F1400
G1 X173.312 Y-60.335 F1400
G1 X173.504 Y-60.143 F1400
G1 X173.312 Y-58.223 F1400
G1 X173.504 Y-58.031 F1400
G1 X173.504 Y-54.960 F1400
G1 X173.696 Y-54.768 F1400
G1 X173.504 Y-54.576 F1400
G1 X173.504 Y-33.076 F1400
G1 X173.696 Y-32.884 F1400
G1 X173.504 Y-32.692 F1400
G1 X173.504 Y-28.853 F1400
G1 X173.312 Y-28.661 F1400
G1 X169.089 Y-28.661 F1400
G1 X168.897 Y-28.469 F1400
G1 X168.129 Y-28.661 F1400
G1 X157.763 Y-28.661 F1400
G1 X157.571 Y-28.469 F1400
G1 X156.804 Y-28.661 F1400
G1 X155.844 Y-28.469 F1400
G1 X154.884 Y-28.661 F1400
G1 X152.196 Y-28.661 F1400
G1 X152.004 Y-28.469 F1400
G1 X151.045 Y-28.661 F1400
G1 X149.893 Y-28.661 F1400
G1 X149.701 Y-28.469 F1400
G1 X147.205 Y-28.469 F1400
G1 X147.013 Y-28.661 F1400
G1 X146.438 Y-28.469 F1400
G1 X145.478 Y-28.661 F1400
G1 X145.094 Y-28.469 F1400
G1 X142.406 Y-28.469 F1400
G1 X142.214 Y-28.661 F1400
G1 X141.830 Y-28.469 F1400
G1 X140.871 Y-28.661 F1400
G1 X140.679 Y-28.469 F1400
G1 X138.951 Y-28.469 F1400
G1 X138.759 Y-28.661 F1400
G1 X137.799 Y-28.469 F1400
G1 X99.214 Y-28.469 F1400
G1 X99.022 Y-28.661 F1400
G1 X98.830 Y-28.469 F1400
G1 X97.871 Y-28.661 F1400
G1 X96.527 Y-28.661 F1400
G1 X96.335 Y-28.469 F1400
G1 X83.089 Y-28.469 F1400
G1 X82.897 Y-28.661 F1400
G1 X82.129 Y-28.469 F1400
G1 X78.674 Y-28.469 F1400
G1 X78.482 Y-28.661 F1400
G1 X77.138 Y-28.661 F1400
G0 Z3.500
G0 X75.795 Y-28.661 F3500
G1 Z0.000 F900
G1 X75.603 Y-28.469 F1400
G1 X68.500 Y-28.469 F1400
G1 X68.308 Y-28.661 F1400
G0 Z3.500
G0 X66.388 Y-28.661 F3500
G1 Z0.000 F900
G1 X66.196 Y-28.469 F1400
G1 X54.103 Y-28.469 F1400
G1 X53.911 Y-28.661 F1400
G0 Z3.500
G0 X55.488 Y-28.327 F3500
G1 Z0.000 F900
G1 X51.814 Y-27.417 F1400
G0 Z3.500
G0 X50.455 Y-28.661 F3500
G1 Z0.000 F900
G1 X50.071 Y-28.469 F1400
G1 X35.290 Y-28.469 F1400
G1 X35.098 Y-28.277 F1400
G1 X31.835 Y-28.469 F1400
G1 X30.875 Y-28.277 F1400
G1 X30.491 Y-28.469 F1400
G1 X29.723 Y-28.277 F1400
G1 X29.531 Y-28.469 F1400
G1 X29.339 Y-28.277 F1400
G1 X16.286 Y-28.277 F1400
G1 X15.902 Y-28.469 F1400
G0 Z3.500
G0 X15.710 Y-28.469 F3500
G1 Z0.000 F900
G1 X15.518 Y-28.277 F1400
G1 X6.688 Y-28.277 F1400
G1 X6.496 Y-28.469 F1400
G0 Z3.500
G0 X31.232 Y-57.194 F3500
G1 Z0.000 F900
G1 X33.795 Y-59.673 F1400
G0 Z3.500
G0 X36.826 Y-65.326 F3500
G1 Z0.000 F900
G1 X35.290 Y-65.518 F1400
G1 X33.371 Y-67.246 F1400
G1 X33.754 Y-67.821 F1400
G1 X35.290 Y-68.013 F1400
G1 X36.058 Y-68.973 F1400
G0 Z3.500
G0 X37.402 Y-66.478 F3500
G1 Z0.000 F900
G1 X37.594 Y-67.246 F1400
G1 X38.170 Y-67.821 F1400
G1 X41.817 Y-68.973 F1400
G1 X42.201 Y-69.357 F1400
G0 Z3.500
G0 X61.973 Y-46.705 F3500
G1 Z0.000 F900
G1 X61.781 Y-46.513 F1400
G1 X62.357 Y-45.554 F1400
G1 X62.357 Y-43.250 F1400
G1 X62.549 Y-43.058 F1400
G0 Z3.500
G0 X68.116 Y-44.018 F3500
G1 Z0.000 F900
G1 X69.844 Y-44.594 F1400
G1 X70.804 Y-43.634 F1400
G1 X71.571 Y-43.442 F1400
G1 X72.147 Y-42.674 F1400
G0 Z3.500
G0 X72.723 Y-34.228 F3500
G1 Z0.000 F900
G1 X71.955 Y-33.076 F1400
G1 X71.379 Y-33.268 F1400
G1 X70.612 Y-34.036 F1400
G0 Z3.500
G0 X70.036 Y-30.388 F3500
G1 Z0.000 F900
G1 X71.379 Y-29.812 F1400
G1 X74.259 Y-29.812 F1400
G1 X75.219 Y-29.429 F1400
G0 Z3.500
G0 X98.830 Y-67.438 F3500
G1 Z0.000 F900
G1 X99.790 Y-66.094 F1400
G1 X102.478 Y-66.286 F1400
G0 Z3.500
G0 X96.079 Y-107.314 F3500
G1 Z0.000 F900
G1 X95.513 Y-108.764 F1400
G1 X94.671 Y-110.106 F1400
G0 Z3.500
G0 X83.444 Y-109.495 F3500
G1 Z0.000 F900
G1 X82.990 Y-107.872 F1400
G1 X81.583 Y-106.389 F1400
G0 Z3.500
G0 X107.752 Y-121.292 F3500
G1 Z0.000 F900
G1 X109.046 Y-122.419 F1400
G0 Z3.500
G0 X109.388 Y-122.915 F3500
G1 Z0.000 F900
G1 X108.045 Y-121.763 F1400
G1 X107.469 Y-121.955 F1400
G0 Z3.500
G0 X109.580 Y-123.107 F3500
G1 Z0.000 F900
G1 X109.772 Y-124.643 F1400
G1 X110.348 Y-125.603 F1400
G0 Z3.500
G0 X110.540 Y-125.603 F3500
G1 Z0.000 F900
G1 X110.924 Y-125.411 F1400
G1 X111.308 Y-124.643 F1400
G1 X111.500 Y-123.683 F1400
G1 X112.460 Y-122.723 F1400
G0 Z3.500
G0 X111.816 Y-124.120 F3500
G1 Z0.000 F900
G1 X110.855 Y-126.381 F1400
G0 Z3.500
G0 X110.348 Y-127.138 F3500
G1 Z0.000 F900
G1 X110.348 Y-128.674 F1400
G1 X110.156 Y-128.866 F1400
G1 X110.540 Y-129.634 F1400
G1 X110.540 Y-130.210 F1400
G0 Z3.500
G0 X110.786 Y-129.698 F3500
G1 Z0.000 F900
G1 X110.562 Y-127.722 F1400
G0 Z3.500
G0 X110.099 Y-127.987 F3500
G1 Z0.000 F900
G1 X109.658 Y-124.089 F1400
G0 Z3.500
G0 X109.772 Y-122.915 F3500
G1 Z0.000 F900
G1 X109.964 Y-122.723 F1400
G1 X109.964 Y-120.996 F1400
G1 X109.772 Y-120.612 F1400
G0 Z3.500
G0 X112.165 Y-125.284 F3500
G1 Z0.000 F900
G1 X111.535 Y-127.072 F1400
G1 X110.451 Y-128.609 F1400
G0 Z3.500
G0 X111.576 Y-127.599 F3500
G1 Z0.000 F900
G1 X110.688 Y-129.341 F1400
G1 X109.888 Y-130.901 F1400
G0 Z3.500
G0 X109.964 Y-131.170 F3500
G1 Z0.000 F900
G1 X110.156 Y-131.362 F1400
G1 X110.156 Y-133.857 F1400
G0 Z3.500
G0 X109.887 Y-133.976 F3500
G1 Z0.000 F900
G1 X109.878 Y-131.337 F1400
G0 Z3.500
G0 X113.370 Y-128.538 F3500
G1 Z0.000 F900
G1 X114.540 Y-127.297 F1400
G0 Z3.500
G0 X115.372 Y-130.025 F3500
G1 Z0.000 F900
G1 X115.732 Y-132.052 F1400
G0 Z3.500
G0 X119.416 Y-132.453 F3500
G1 Z0.000 F900
G1 X123.635 Y-131.671 F1400
G0 Z3.500
G0 X125.705 Y-130.978 F3500
G1 Z0.000 F900
G1 X126.089 Y-131.554 F1400
G1 X126.473 Y-133.089 F1400
G0 Z3.500
G0 X121.264 Y-133.331 F3500
G1 Z0.000 F900
G1 X119.315 Y-133.114 F1400
G0 Z3.500
G0 X119.263 Y-133.932 F3500
G1 Z0.000 F900
G1 X115.453 Y-134.974 F1400
G1 X111.800 Y-136.853 F1400
G0 Z3.500
G0 X117.067 Y-144.991 F3500
G1 Z0.000 F900
G1 X117.067 Y-143.839 F1400
G1 X117.835 Y-143.647 F1400
G1 X118.219 Y-144.223 F1400
G1 X118.219 Y-144.799 F1400
G1 X117.835 Y-145.183 F1400
G0 Z3.500
G0 X119.901 Y-145.222 F3500
G1 Z0.000 F900
G1 X120.430 Y-146.799 F1400
G1 X121.528 Y-148.215 F1400
G0 Z3.500
G0 X122.367 Y-146.995 F3500
G1 Z0.000 F900
G1 X124.174 Y-146.483 F1400
G0 Z3.500
G0 X123.594 Y-145.567 F3500
G1 Z0.000 F900
G1 X123.786 Y-144.991 F1400
G1 X123.402 Y-144.607 F1400
G1 X123.018 Y-144.607 F1400
G1 X122.058 Y-145.567 F1400
G0 Z3.500
G0 X121.615 Y-144.815 F3500
G1 Z0.000 F900
G1 X120.189 Y-145.611 F1400
G0 Z3.500
G0 X127.361 Y-145.507 F3500
G1 Z0.000 F900
G1 X127.504 Y-143.819 F1400
G0 Z3.500
G0 X129.909 Y-145.780 F3500
G1 Z0.000 F900
G1 X131.426 Y-146.657 F1400
G1 X132.636 Y-148.425 F1400
G0 Z3.500
G0 X133.437 Y-147.502 F3500
G1 Z0.000 F900
G1 X127.855 Y-148.205 F1400
G0 Z3.500
G0 X128.201 Y-147.871 F3500
G1 Z0.000 F900
G1 X129.737 Y-147.487 F1400
G1 X131.272 Y-147.487 F1400
G1 X131.464 Y-147.295 F1400
G0 Z3.500
G0 X131.464 Y-147.295 F3500
G1 Z0.000 F900
G1 X131.656 Y-147.487 F1400
G1 X133.384 Y-147.295 F1400
G0 Z3.500
G0 X131.731 Y-146.536 F3500
G1 Z0.000 F900
G1 X131.236 Y-143.345 F1400
G0 Z3.500
G0 X131.080 Y-143.455 F3500
G1 Z0.000 F900
G1 X131.080 Y-145.183 F1400
G1 X131.272 Y-145.567 F1400
G1 X131.080 Y-145.759 F1400
G0 Z3.500
G0 X135.185 Y-145.366 F3500
G1 Z0.000 F900
G1 X136.478 Y-143.995 F1400
G1 X137.342 Y-142.313 F1400
G0 Z3.500
G0 X137.277 Y-142.389 F3500
G1 Z0.000 F900
G1 X137.511 Y-141.009 F1400
G1 X138.705 Y-139.531 F1400
G0 Z3.500
G0 X139.527 Y-139.040 F3500
G1 Z0.000 F900
G1 X140.487 Y-139.040 F1400
G1 X141.254 Y-138.272 F1400
G0 Z3.500
G0 X137.991 Y-140.192 F3500
G1 Z0.000 F900
G1 X138.183 Y-140.000 F1400
G1 X138.375 Y-138.080 F1400
G1 X137.991 Y-137.312 F1400
G1 X137.991 Y-136.161 F1400
G0 Z3.500
G0 X137.983 Y-134.363 F3500
G1 Z0.000 F900
G1 X138.789 Y-133.085 F1400
G1 X139.534 Y-132.200 F1400
G0 Z3.500
G0 X141.638 Y-132.129 F3500
G1 Z0.000 F900
G1 X141.062 Y-132.321 F1400
G1 X139.719 Y-133.665 F1400
G1 X138.759 Y-134.241 F1400
G0 Z3.500
G0 X138.567 Y-134.241 F3500
G1 Z0.000 F900
G1 X137.799 Y-134.817 F1400
G1 X137.415 Y-134.817 F1400
G1 X137.223 Y-134.241 F1400
G0 Z3.500
G0 X137.025 Y-130.746 F3500
G1 Z0.000 F900
G1 X137.807 Y-128.852 F1400
G0 Z3.500
G0 X143.977 Y-131.000 F3500
G1 Z0.000 F900
G1 X144.587 Y-132.136 F1400
G1 X145.827 Y-133.259 F1400
G0 Z3.500
G0 X145.355 Y-134.111 F3500
G1 Z0.000 F900
G1 X148.209 Y-131.462 F1400
G0 Z3.500
G0 X150.853 Y-131.938 F3500
G1 Z0.000 F900
G1 X151.429 Y-132.321 F1400
G1 X152.388 Y-131.170 F1400
G0 Z3.500
G0 X152.580 Y-130.978 F3500
G1 Z0.000 F900
G1 X156.228 Y-130.402 F1400
G1 X157.571 Y-129.634 F1400
G0 Z3.500
G0 X157.492 Y-129.627 F3500
G1 Z0.000 F900
G1 X153.569 Y-130.396 F1400
G0 Z3.500
G0 X153.035 Y-130.291 F3500
G1 Z0.000 F900
G1 X154.007 Y-131.223 F1400
G1 X154.813 Y-132.432 F1400
G0 Z3.500
G0 X155.655 Y-132.223 F3500
G1 Z0.000 F900
G1 X152.026 Y-133.325 F1400
G0 Z3.500
G0 X152.578 Y-132.369 F3500
G1 Z0.000 F900
G1 X157.680 Y-130.112 F1400
G0 Z3.500
G0 X159.373 Y-130.679 F3500
G1 Z0.000 F900
G1 X159.802 Y-130.973 F1400
G1 X160.377 Y-132.044 F1400
G0 Z3.500
G0 X160.486 Y-132.715 F3500
G1 Z0.000 F900
G1 X157.952 Y-136.152 F1400
G0 Z3.500
G0 X157.955 Y-136.353 F3500
G1 Z0.000 F900
G1 X156.996 Y-136.161 F1400
G1 X156.036 Y-136.545 F1400
G0 Z3.500
G0 X156.393 Y-135.083 F3500
G1 Z0.000 F900
G1 X154.600 Y-133.829 F1400
G1 X153.759 Y-132.248 F1400
G0 Z3.500
G0 X155.825 Y-132.793 F3500
G1 Z0.000 F900
G1 X153.823 Y-136.601 F1400
G0 Z3.500
G0 X154.154 Y-136.866 F3500
G1 Z0.000 F900
G1 X153.828 Y-138.479 F1400
G1 X153.310 Y-138.911 F1400
G0 Z3.500
G0 X153.043 Y-139.206 F3500
G1 Z0.000 F900
G1 X152.179 Y-136.614 F1400
G0 Z3.500
G0 X152.138 Y-135.655 F3500
G1 Z0.000 F900
G1 X152.460 Y-136.541 F1400
G1 X153.023 Y-137.434 F1400
G0 Z3.500
G0 X152.435 Y-137.749 F3500
G1 Z0.000 F900
G1 X151.345 Y-136.650 F1400
G1 X150.038 Y-135.341 F1400
G0 Z3.500
G0 X149.956 Y-135.727 F3500
G1 Z0.000 F900
G1 X147.654 Y-136.498 F1400
G0 Z3.500
G0 X149.125 Y-137.312 F3500
G1 Z0.000 F900
G1 X149.125 Y-138.464 F1400
G1 X148.549 Y-139.424 F1400
G0 Z3.500
G0 X148.284 Y-141.073 F3500
G1 Z0.000 F900
G1 X147.402 Y-143.104 F1400
G1 X146.510 Y-145.070 F1400
G0 Z3.500
G0 X147.397 Y-147.871 F3500
G1 Z0.000 F900
G1 X147.781 Y-148.062 F1400
G1 X147.781 Y-148.830 F1400
G1 X147.397 Y-149.406 F1400
G0 Z3.500
G0 X147.781 Y-150.174 F3500
G1 Z0.000 F900
G1 X149.125 Y-149.790 F1400
G1 X150.277 Y-151.326 F1400
G0 Z3.500
G0 X150.469 Y-151.518 F3500
G1 Z0.000 F900
G1 X151.429 Y-152.286 F1400
G1 X153.156 Y-151.710 F1400
G0 Z3.500
G0 X151.700 Y-152.236 F3500
G1 Z0.000 F900
G1 X149.207 Y-149.410 F1400
G0 Z3.500
G0 X147.589 Y-150.366 F3500
G1 Z0.000 F900
G1 X147.973 Y-152.286 F1400
G1 X147.589 Y-152.478 F1400
G1 X147.205 Y-152.094 F1400
G0 Z3.500
G0 X144.739 Y-152.227 F3500
G1 Z0.000 F900
G1 X148.010 Y-151.578 F1400
G1 X152.359 Y-150.041 F1400
G0 Z3.500
G0 X153.540 Y-149.982 F3500
G1 Z0.000 F900
G1 X152.388 Y-149.982 F1400
G1 X151.812 Y-149.406 F1400
G1 X151.237 Y-149.214 F1400
G1 X151.045 Y-149.022 F1400
G1 X151.045 Y-148.062 F1400
G1 X149.893 Y-146.719 F1400
G0 Z3.500
G0 X150.621 Y-142.704 F3500
G1 Z0.000 F900
G1 X151.466 Y-141.833 F1400
G1 X151.852 Y-140.367 F1400
G0 Z3.500
G0 X150.382 Y-140.993 F3500
G1 Z0.000 F900
G1 X155.348 Y-139.131 F1400
G1 X160.538 Y-137.472 F1400
G0 Z3.500
G0 X160.067 Y-136.353 F3500
G1 Z0.000 F900
G1 X159.107 Y-137.696 F1400
G0 Z3.500
G0 X159.683 Y-134.817 F3500
G1 Z0.000 F900
G1 X159.875 Y-134.049 F1400
G1 X161.027 Y-132.897 F1400
G0 Z3.500
G0 X161.309 Y-132.793 F3500
G1 Z0.000 F900
G1 X159.860 Y-134.465 F1400
G0 Z3.500
G0 X160.491 Y-134.326 F3500
G1 Z0.000 F900
G1 X159.387 Y-133.560 F1400
G1 X158.876 Y-131.469 F1400
G0 Z3.500
G0 X159.930 Y-130.712 F3500
G1 Z0.000 F900
G1 X157.045 Y-133.106 F1400
G0 Z3.500
G0 X157.811 Y-132.958 F3500
G1 Z0.000 F900
G1 X158.570 Y-131.152 F1400
G1 X159.636 Y-129.381 F1400
G0 Z3.500
G0 X160.164 Y-131.169 F3500
G1 Z0.000 F900
G1 X158.266 Y-133.116 F1400
G0 Z3.500
G0 X158.339 Y-132.897 F3500
G1 Z0.000 F900
G1 X158.147 Y-133.473 F1400
G1 X157.379 Y-134.241 F1400
G0 Z3.500
G0 X156.430 Y-134.600 F3500
G1 Z0.000 F900
G1 X155.511 Y-136.818 F1400
G1 X154.873 Y-138.490 F1400
G0 Z3.500
G0 X154.460 Y-137.476 F3500
G1 Z0.000 F900
G1 X160.477 Y-135.881 F1400
G1 X166.442 Y-134.462 F1400
G0 Z3.500
G0 X166.073 Y-134.440 F3500
G1 Z0.000 F900
G1 X167.928 Y-132.691 F1400
G0 Z3.500
G0 X167.185 Y-133.041 F3500
G1 Z0.000 F900
G1 X165.874 Y-134.605 F1400
G1 X164.851 Y-135.825 F1400
G0 Z3.500
G0 X165.250 Y-136.161 F3500
G1 Z0.000 F900
G1 X164.098 Y-136.161 F1400
G1 X163.714 Y-135.777 F1400
G1 X164.098 Y-134.241 F1400
G0 Z3.500
G0 X163.644 Y-134.384 F3500
G1 Z0.000 F900
G1 X166.364 Y-133.089 F1400
G0 Z3.500
G0 X166.198 Y-132.211 F3500
G1 Z0.000 F900
G1 X164.120 Y-133.666 F1400
G0 Z3.500
G0 X165.631 Y-131.949 F3500
G1 Z0.000 F900
G1 X166.683 Y-130.457 F1400
G1 X167.173 Y-129.238 F1400
G0 Z3.500
G0 X167.211 Y-128.538 F3500
G1 Z0.000 F900
G1 X164.800 Y-129.723 F1400
G0 Z3.500
G0 X163.155 Y-131.389 F3500
G1 Z0.000 F900
G1 X161.949 Y-130.206 F1400
G0 Z3.500
G0 X166.882 Y-131.984 F3500
G1 Z0.000 F900
G1 X167.879 Y-133.633 F1400
G1 X168.993 Y-135.346 F1400
G0 Z3.500
G0 X167.938 Y-135.393 F3500
G1 Z0.000 F900
G1 X169.665 Y-135.393 F1400
G1 X170.049 Y-135.777 F1400
G0 Z3.500
G0 X170.049 Y-135.777 F3500
G1 Z0.000 F900
G1 X168.897 Y-137.121 F1400
G1 X168.321 Y-137.121 F1400
G1 X167.362 Y-136.161 F1400
G1 X167.938 Y-135.393 F1400
G0 Z3.500
G0 X167.938 Y-135.393 F3500
G1 Z0.000 F900
G1 X167.170 Y-134.625 F1400
G1 X165.826 Y-135.969 F1400
G0 Z3.500
G0 X166.303 Y-135.664 F3500
G1 Z0.000 F900
G1 X166.744 Y-137.414 F1400
G0 Z3.500
G0 X166.579 Y-137.541 F3500
G1 Z0.000 F900
G1 X164.714 Y-137.061 F1400
G0 Z3.500
G0 X166.822 Y-136.358 F3500
G1 Z0.000 F900
G1 X168.841 Y-137.640 F1400
G0 Z3.500
G0 X169.249 Y-137.335 F3500
G1 Z0.000 F900
G1 X171.662 Y-136.937 F1400
G0 Z3.500
G0 X171.732 Y-137.074 F3500
G1 Z0.000 F900
G1 X174.181 Y-135.985 F1400
G0 Z3.500
G0 X173.894 Y-137.574 F3500
G1 Z0.000 F900
G1 X170.398 Y-138.496 F1400
G0 Z3.500
G0 X171.476 Y-137.219 F3500
G1 Z0.000 F900
G1 X172.177 Y-135.564 F1400
G1 X173.229 Y-133.950 F1400
G0 Z3.500
G0 X173.258 Y-133.949 F3500
G1 Z0.000 F900
G1 X170.840 Y-136.331 F1400
G0 Z3.500
G0 X170.817 Y-135.201 F3500
G1 Z0.000 F900
G1 X172.161 Y-135.009 F1400
G1 X172.545 Y-134.625 F1400
G0 Z3.500
G0 X172.545 Y-134.241 F3500
G1 Z0.000 F900
G1 X173.312 Y-132.897 F1400
G0 Z3.500
G0 X173.096 Y-132.381 F3500
G1 Z0.000 F900
G1 X173.667 Y-132.817 F1400
G1 X174.297 Y-133.798 F1400
G0 Z3.500
G0 X172.133 Y-133.270 F3500
G1 Z0.000 F900
G1 X168.985 Y-133.824 F1400
G0 Z3.500
G0 X168.897 Y-133.857 F3500
G1 Z0.000 F900
G1 X169.281 Y-133.857 F1400
G1 X170.625 Y-135.201 F1400
G0 Z3.500
G0 X170.050 Y-134.589 F3500
G1 Z0.000 F900
G1 X170.669 Y-133.504 F1400
G1 X171.968 Y-131.973 F1400
G0 Z3.500
G0 X172.210 Y-132.197 F3500
G1 Z0.000 F900
G1 X169.684 Y-133.003 F1400
G0 Z3.500
G0 X169.815 Y-132.721 F3500
G1 Z0.000 F900
G1 X173.539 Y-129.506 F1400
G0 Z3.500
G0 X173.312 Y-129.442 F3500
G1 Z0.000 F900
G1 X172.737 Y-130.210 F1400
G1 X172.737 Y-130.978 F1400
G0 Z3.500
G0 X172.737 Y-131.170 F3500
G1 Z0.000 F900
G1 X171.009 Y-132.321 F1400
G1 X169.665 Y-132.513 F1400
G0 Z3.500
G0 X171.705 Y-132.559 F3500
G1 Z0.000 F900
G1 X173.708 Y-131.245 F1400
G0 Z3.500
G0 X173.117 Y-130.347 F3500
G1 Z0.000 F900
G1 X172.483 Y-131.225 F1400
G1 X171.589 Y-131.608 F1400
G0 Z3.500
G0 X171.096 Y-128.853 F3500
G1 Z0.000 F900
G1 X169.210 Y-128.693 F1400
G0 Z3.500
G0 X167.938 Y-128.482 F3500
G1 Z0.000 F900
G1 X171.201 Y-128.290 F1400
G1 X172.353 Y-127.522 F1400
G0 Z3.500
G0 X172.545 Y-127.330 F3500
G1 Z0.000 F900
G1 X172.353 Y-126.371 F1400
G1 X171.393 Y-126.371 F1400
G0 Z3.500
G0 X171.585 Y-125.027 F3500
G1 Z0.000 F900
G1 X169.857 Y-124.643 F1400
G0 Z3.500
G0 X168.321 Y-124.643 F3500
G1 Z0.000 F900
G1 X167.746 Y-126.754 F1400
G0 Z3.500
G0 X166.040 Y-126.829 F3500
G1 Z0.000 F900
G1 X167.731 Y-128.497 F1400
G0 Z3.500
G0 X168.022 Y-123.851 F3500
G1 Z0.000 F900
G1 X172.758 Y-125.057 F1400
G0 Z3.500
G0 X167.912 Y-135.620 F3500
G1 Z0.000 F900
G1 X167.526 Y-136.310 F1400
G1 X167.195 Y-137.085 F1400
G0 Z3.500
G0 X165.826 Y-144.415 F3500
G1 Z0.000 F900
G1 X166.210 Y-144.799 F1400
G1 X167.170 Y-144.799 F1400
G1 X167.362 Y-144.607 F1400
G0 Z3.500
G0 X161.427 Y-143.276 F3500
G1 Z0.000 F900
G1 X157.656 Y-142.247 F1400
G1 X154.100 Y-141.715 F1400
G0 Z3.500
G0 X158.745 Y-145.333 F3500
G1 Z0.000 F900
G1 X160.060 Y-148.033 F1400
G0 Z3.500
G0 X160.246 Y-146.506 F3500
G1 Z0.000 F900
G1 X160.798 Y-144.851 F1400
G0 Z3.500
G0 X160.067 Y-145.183 F3500
G1 Z0.000 F900
G1 X160.643 Y-144.415 F1400
G1 X160.643 Y-143.455 F1400
G0 Z3.500
G0 X152.004 Y-159.196 F3500
G1 Z0.000 F900
G1 X150.085 Y-158.812 F1400
G0 Z3.500
G0 X150.002 Y-158.578 F3500
G1 Z0.000 F900
G1 X154.572 Y-159.956 F1400
G1 X158.614 Y-162.118 F1400
G0 Z3.500
G0 X160.058 Y-162.992 F3500
G1 Z0.000 F900
G1 X153.685 Y-162.041 F1400
G0 Z3.500
G0 X153.348 Y-163.228 F3500
G1 Z0.000 F900
G1 X155.844 Y-163.612 F1400
G1 X156.420 Y-163.996 F1400
G1 X157.571 Y-163.996 F1400
G0 Z3.500
G0 X156.246 Y-163.523 F3500
G1 Z0.000 F900
G1 X150.242 Y-162.349 F1400
G0 Z3.500
G0 X148.830 Y-163.902 F3500
G1 Z0.000 F900
G1 X129.611 Y-159.197 F1400
G0 Z3.500
G0 X134.945 Y-161.130 F3500
G1 Z0.000 F900
G1 X150.722 Y-164.977 F1400
G0 Z3.500
G0 X148.741 Y-164.188 F3500
G1 Z0.000 F900
G1 X144.518 Y-163.228 F1400
G1 X142.406 Y-162.460 F1400
G1 X140.679 Y-162.268 F1400
G1 X139.143 Y-161.692 F1400
G1 X138.183 Y-161.692 F1400
G1 X135.879 Y-161.116 F1400
G0 Z3.500
G0 X141.638 Y-160.924 F3500
G1 Z0.000 F900
G1 X142.598 Y-160.732 F1400
G1 X143.942 Y-159.580 F1400
G1 X145.478 Y-159.580 F1400
G0 Z3.500
G0 X146.246 Y-159.772 F3500
G1 Z0.000 F900
G1 X149.701 Y-160.156 F1400
G1 X150.277 Y-160.540 F1400
G1 X152.004 Y-160.732 F1400
G0 Z3.500
G0 X147.973 Y-159.004 F3500
G1 Z0.000 F900
G1 X144.902 Y-158.429 F1400
G0 Z3.500
G0 X143.366 Y-151.902 F3500
G1 Z0.000 F900
G1 X143.366 Y-151.134 F1400
G1 X142.982 Y-150.366 F1400
G0 Z3.500
G0 X142.022 Y-152.094 F3500
G1 Z0.000 F900
G1 X141.254 Y-152.286 F1400
G1 X140.679 Y-151.902 F1400
G0 Z3.500
G0 X129.161 Y-165.531 F3500
G1 Z0.000 F900
G1 X128.585 Y-166.299 F1400
G1 X127.625 Y-166.299 F1400
G1 X126.857 Y-165.915 F1400
G0 Z3.500
G0 X125.321 Y-170.138 F3500
G1 Z0.000 F900
G1 X127.433 Y-171.098 F1400
G0 Z3.500
G0 X129.343 Y-177.949 F3500
G1 Z0.000 F900
G1 X129.793 Y-179.226 F1400
G1 X130.130 Y-180.373 F1400
G0 Z3.500
G0 X130.408 Y-183.335 F3500
G1 Z0.000 F900
G1 X130.103 Y-184.457 F1400
G1 X129.450 Y-185.736 F1400
G0 Z3.500
G0 X128.777 Y-185.304 F3500
G1 Z0.000 F900
G1 X128.777 Y-185.688 F1400
G1 X129.929 Y-186.071 F1400
G1 X131.848 Y-186.263 F1400
G0 Z3.500
G0 X130.706 Y-186.750 F3500
G1 Z0.000 F900
G1 X131.269 Y-188.585 F1400
G1 X131.839 Y-190.000 F1400
G0 Z3.500
G0 X133.313 Y-189.151 F3500
G1 Z0.000 F900
G1 X133.617 Y-188.222 F1400
G1 X133.455 Y-187.599 F1400
G0 Z3.500
G0 X130.574 Y-185.982 F3500
G1 Z0.000 F900
G1 X113.767 Y-173.605 F1400
G0 Z3.500
G0 X112.620 Y-171.701 F3500
G1 Z0.000 F900
G1 X139.595 Y-181.836 F1400
G0 Z3.500
G0 X137.702 Y-177.197 F3500
G1 Z0.000 F900
G1 X137.436 Y-175.772 F1400
G1 X136.745 Y-174.214 F1400
G0 Z3.500
G0 X125.674 Y-182.265 F3500
G1 Z0.000 F900
G1 X125.588 Y-183.428 F1400
G1 X124.969 Y-185.271 F1400
G0 Z3.500
G0 X122.664 Y-185.160 F3500
G1 Z0.000 F900
G1 X122.017 Y-185.866 F1400
G1 X121.836 Y-186.982 F1400
G0 Z3.500
G0 X116.476 Y-197.947 F3500
G1 Z0.000 F900
G1 X114.521 Y-196.809 F1400
G0 Z3.500
G0 X114.189 Y-197.422 F3500
G1 Z0.000 F900
G1 X120.433 Y-201.974 F1400
G0 Z3.500
G0 X122.058 Y-203.540 F3500
G1 Z0.000 F900
G1 X120.522 Y-201.621 F1400
G1 X118.027 Y-199.509 F1400
G1 X116.491 Y-198.549 F1400
G1 X115.915 Y-197.781 F1400
G1 X115.531 Y-197.781 F1400
G0 Z3.500
G0 X115.339 Y-197.781 F3500
G1 Z0.000 F900
G1 X114.763 Y-197.205 F1400
G1 X113.804 Y-196.821 F1400
G0 Z3.500
G0 X114.175 Y-200.253 F3500
G1 Z0.000 F900
G1 X123.138 Y-216.105 F1400
G0 Z3.500
G0 X123.466 Y-217.348 F3500
G1 Z0.000 F900
G1 X113.239 Y-200.629 F1400
G0 Z3.500
G0 X112.980 Y-200.777 F3500
G1 Z0.000 F900
G1 X117.518 Y-213.048 F1400
G0 Z3.500
G0 X117.259 Y-212.371 F3500
G1 Z0.000 F900
G1 X115.915 Y-210.067 F1400
G1 X114.955 Y-207.379 F1400
G1 X114.379 Y-204.692 F1400
G1 X113.228 Y-202.004 F1400
G1 X112.460 Y-201.237 F1400
G1 X112.460 Y-200.661 F1400
G0 Z3.500
G0 X113.996 Y-200.469 F3500
G1 Z0.000 F900
G1 X115.339 Y-202.772 F1400
G1 X116.299 Y-203.732 F1400
G1 X118.219 Y-208.723 F1400
G1 X119.946 Y-211.795 F1400
G1 X122.826 Y-214.866 F1400
G1 X123.978 Y-215.634 F1400
G1 X124.362 Y-215.634 F1400
G0 Z3.500
G0 X121.031 Y-213.100 F3500
G1 Z0.000 F900
G1 X121.199 Y-211.892 F1400
G1 X120.781 Y-211.641 F1400
G0 Z3.500
G0 X121.482 Y-209.299 F3500
G1 Z0.000 F900
G1 X120.906 Y-207.571 F1400
G0 Z3.500
G0 X115.192 Y-207.613 F3500
G1 Z0.000 F900
G1 X115.350 Y-206.108 F1400
G1 X115.487 Y-204.458 F1400
G0 Z3.500
G0 X114.127 Y-206.157 F3500
G1 Z0.000 F900
G1 X117.496 Y-213.904 F1400
G0 Z3.500
G0 X111.116 Y-216.402 F3500
G1 Z0.000 F900
G1 X111.116 Y-218.321 F1400
G0 Z3.500
G0 X109.929 Y-215.805 F3500
G1 Z0.000 F900
G1 X109.399 Y-213.899 F1400
G0 Z3.500
G0 X106.509 Y-214.482 F3500
G1 Z0.000 F900
G1 X106.125 Y-214.674 F1400
G1 X106.125 Y-215.442 F1400
G1 X106.509 Y-215.634 F1400
G0 Z3.500
G0 X106.116 Y-211.858 F3500
G1 Z0.000 F900
G1 X103.664 Y-211.510 F1400
G0 Z3.500
G0 X102.416 Y-211.703 F3500
G1 Z0.000 F900
G1 X103.349 Y-209.959 F1400
G1 X104.843 Y-209.199 F1400
G0 Z3.500
G0 X103.684 Y-207.217 F3500
G1 Z0.000 F900
G1 X103.437 Y-205.543 F1400
G1 X104.343 Y-204.471 F1400
G0 Z3.500
G0 X104.402 Y-204.090 F3500
G1 Z0.000 F900
G1 X104.116 Y-204.776 F1400
G1 X103.624 Y-205.678 F1400
G0 Z3.500
G0 X102.862 Y-205.844 F3500
G1 Z0.000 F900
G1 X104.013 Y-204.116 F1400
G0 Z3.500
G0 X104.013 Y-204.116 F3500
G1 Z0.000 F900
G1 X103.821 Y-203.924 F1400
G1 X103.821 Y-202.580 F1400
G1 X104.013 Y-201.621 F1400
G0 Z3.500
G0 X104.444 Y-200.258 F3500
G1 Z0.000 F900
G1 X103.942 Y-201.667 F1400
G1 X103.583 Y-203.367 F1400
G0 Z3.500
G0 X104.227 Y-203.326 F3500
G1 Z0.000 F900
G1 X104.358 Y-200.212 F1400
G0 Z3.500
G0 X105.243 Y-198.931 F3500
G1 Z0.000 F900
G1 X106.543 Y-200.713 F1400
G0 Z3.500
G0 X106.333 Y-201.586 F3500
G1 Z0.000 F900
G1 X104.534 Y-203.892 F1400
G0 Z3.500
G0 X101.780 Y-203.805 F3500
G1 Z0.000 F900
G1 X102.312 Y-206.481 F1400
G0 Z3.500
G0 X102.541 Y-206.137 F3500
G1 Z0.000 F900
G1 X101.727 Y-208.585 F1400
G0 Z3.500
G0 X102.242 Y-209.856 F3500
G1 Z0.000 F900
G1 X101.224 Y-211.335 F1400
G1 X101.177 Y-212.965 F1400
G0 Z3.500
G0 X95.653 Y-214.051 F3500
G1 Z0.000 F900
G1 X95.476 Y-215.000 F1400
G1 X95.097 Y-215.297 F1400
G0 Z3.500
G0 X95.951 Y-215.826 F3500
G1 Z0.000 F900
G1 X96.143 Y-216.402 F1400
G1 X95.567 Y-217.170 F1400
G1 X94.799 Y-220.625 F1400
G1 X93.647 Y-223.504 F1400
G0 Z3.500
G0 X93.473 Y-223.274 F3500
G1 Z0.000 F900
G1 X94.652 Y-220.147 F1400
G0 Z3.500
G0 X94.928 Y-220.493 F3500
G1 Z0.000 F900
G1 X94.056 Y-222.062 F1400
G1 X92.751 Y-222.677 F1400
G0 Z3.500
G0 X92.037 Y-221.665 F3500
G1 Z0.000 F900
G1 X93.660 Y-219.915 F1400
G0 Z3.500
G0 X93.263 Y-219.281 F3500
G1 Z0.000 F900
G1 X93.455 Y-220.049 F1400
G1 X93.263 Y-221.009 F1400
G0 Z3.500
G0 X92.486 Y-220.159 F3500
G1 Z0.000 F900
G1 X91.475 Y-221.808 F1400
G0 Z3.500
G0 X91.344 Y-221.393 F3500
G1 Z0.000 F900
G1 X92.112 Y-219.857 F1400
G0 Z3.500
G0 X92.903 Y-219.301 F3500
G1 Z0.000 F900
G1 X92.839 Y-217.774 F1400
G1 X93.240 Y-216.958 F1400
G0 Z3.500
G0 X93.257 Y-216.679 F3500
G1 Z0.000 F900
G1 X91.848 Y-215.741 F1400
G1 X90.582 Y-214.589 F1400
G0 Z3.500
G0 X89.884 Y-215.164 F3500
G1 Z0.000 F900
G1 X90.925 Y-214.199 F1400
G1 X90.884 Y-213.416 F1400
G0 Z3.500
G0 X90.617 Y-213.290 F3500
G1 Z0.000 F900
G1 X88.453 Y-215.205 F1400
G0 Z3.500
G0 X87.998 Y-213.978 F3500
G1 Z0.000 F900
G1 X90.234 Y-213.087 F1400
G0 Z3.500
G0 X93.496 Y-213.170 F3500
G1 Z0.000 F900
G1 X93.657 Y-210.765 F1400
G0 Z3.500
G0 X94.087 Y-211.306 F3500
G1 Z0.000 F900
G1 X93.454 Y-208.766 F1400
G0 Z3.500
G0 X93.455 Y-208.339 F3500
G1 Z0.000 F900
G1 X92.688 Y-209.107 F1400
G1 X92.496 Y-209.683 F1400
G0 Z3.500
G0 X92.909 Y-208.469 F3500
G1 Z0.000 F900
G1 X92.148 Y-205.066 F1400
G0 Z3.500
G0 X92.304 Y-204.884 F3500
G1 Z0.000 F900
G1 X91.920 Y-204.308 F1400
G1 X91.152 Y-204.116 F1400
G0 Z3.500
G0 X90.960 Y-203.924 F3500
G1 Z0.000 F900
G1 X90.192 Y-203.156 F1400
G1 X89.424 Y-202.964 F1400
G0 Z3.500
G0 X90.128 Y-204.844 F3500
G1 Z0.000 F900
G1 X88.947 Y-206.542 F1400
G1 X87.568 Y-208.380 F1400
G0 Z3.500
G0 X89.148 Y-205.394 F3500
G1 Z0.000 F900
G1 X88.164 Y-204.113 F1400
G1 X86.629 Y-202.838 F1400
G0 Z3.500
G0 X91.344 Y-206.228 F3500
G1 Z0.000 F900
G1 X91.728 Y-206.612 F1400
G1 X93.071 Y-206.612 F1400
G0 Z3.500
G0 X93.263 Y-206.612 F3500
G1 Z0.000 F900
G1 X93.647 Y-206.996 F1400
G1 X93.647 Y-208.147 F1400
G0 Z3.500
G0 X93.263 Y-206.420 F3500
G1 Z0.000 F900
G1 X92.879 Y-205.268 F1400
G1 X92.496 Y-205.076 F1400
G0 Z3.500
G0 X94.914 Y-205.959 F3500
G1 Z0.000 F900
G1 X94.761 Y-211.248 F1400
G0 Z3.500
G0 X94.223 Y-213.714 F3500
G1 Z0.000 F900
G1 X94.607 Y-214.098 F1400
G1 X94.223 Y-216.978 F1400
G1 X93.263 Y-217.746 F1400
G0 Z3.500
G0 X92.198 Y-216.576 F3500
G1 Z0.000 F900
G1 X93.674 Y-217.803 F1400
G1 X95.096 Y-219.299 F1400
G0 Z3.500
G0 X94.860 Y-220.538 F3500
G1 Z0.000 F900
G1 X95.431 Y-219.790 F1400
G1 X96.274 Y-218.792 F1400
G0 Z3.500
G0 X96.527 Y-218.513 F3500
G1 Z0.000 F900
G1 X96.527 Y-220.241 F1400
G0 Z3.500
G0 X97.854 Y-220.551 F3500
G1 Z0.000 F900
G1 X96.459 Y-222.077 F1400
G1 X95.200 Y-223.386 F1400
G0 Z3.500
G0 X94.994 Y-224.411 F3500
G1 Z0.000 F900
G1 X96.001 Y-222.031 F1400
G0 Z3.500
G0 X96.143 Y-221.777 F3500
G1 Z0.000 F900
G1 X95.567 Y-222.161 F1400
G1 X94.991 Y-223.888 F1400
G1 X94.415 Y-224.464 F1400
G1 X93.839 Y-224.656 F1400
G1 X93.647 Y-225.232 F1400
G1 X93.263 Y-225.424 F1400
G0 Z3.500
G0 X94.392 Y-224.222 F3500
G1 Z0.000 F900
G1 X95.667 Y-221.377 F1400
G0 Z3.500
G0 X96.911 Y-222.545 F3500
G1 Z0.000 F900
G1 X96.527 Y-224.080 F1400
G0 Z3.500
G0 X97.036 Y-223.489 F3500
G1 Z0.000 F900
G1 X96.786 Y-218.211 F1400
G0 Z3.500
G0 X96.510 Y-217.304 F3500
G1 Z0.000 F900
G1 X96.557 Y-216.484 F1400
G1 X96.159 Y-215.884 F1400
G0 Z3.500
G0 X95.911 Y-217.761 F3500
G1 Z0.000 F900
G1 X94.069 Y-223.710 F1400
G0 Z3.500
G0 X91.536 Y-224.464 F3500
G1 Z0.000 F900
G1 X91.536 Y-224.848 F1400
G1 X91.152 Y-225.232 F1400
G1 X89.808 Y-226.000 F1400
G1 X89.808 Y-226.576 F1400
G0 Z3.500
G0 X91.409 Y-224.215 F3500
G1 Z0.000 F900
G1 X89.919 Y-222.491 F1400
G1 X88.207 Y-221.642 F1400
G0 Z3.500
G0 X89.091 Y-220.064 F3500
G1 Z0.000 F900
G1 X90.133 Y-220.926 F1400
G1 X91.293 Y-222.338 F1400
G0 Z3.500
G0 X90.979 Y-218.929 F3500
G1 Z0.000 F900
G1 X92.126 Y-217.237 F1400
G1 X92.861 Y-215.795 F1400
G0 Z3.500
G0 X97.103 Y-225.040 F3500
G1 Z0.000 F900
G1 X96.719 Y-226.576 F1400
G0 Z3.500
G0 X87.051 Y-224.952 F3500
G1 Z0.000 F900
G1 X86.270 Y-225.359 F1400
G1 X85.654 Y-226.664 F1400
G0 Z3.500
G0 X83.196 Y-222.070 F3500
G1 Z0.000 F900
G1 X81.058 Y-220.742 F1400
G0 Z3.500
G0 X75.513 Y-218.127 F3500
G1 Z0.000 F900
G1 X75.578 Y-217.552 F1400
G1 X75.692 Y-216.596 F1400
G0 Z3.500
G0 X69.076 Y-219.857 F3500
G1 Z0.000 F900
G1 X69.076 Y-220.241 F1400
G1 X69.844 Y-221.201 F1400
G0 Z3.500
G0 X70.996 Y-222.353 F3500
G1 Z0.000 F900
G1 X70.996 Y-223.888 F1400
G0 Z3.500
G0 X71.468 Y-225.705 F3500
G1 Z0.000 F900
G1 X71.448 Y-226.419 F1400
G1 X71.675 Y-227.062 F1400
G0 Z3.500
G0 X71.571 Y-226.576 F3500
G1 Z0.000 F900
G1 X71.571 Y-227.344 F1400
G1 X70.996 Y-227.920 F1400
G0 Z3.500
G0 X70.693 Y-226.919 F3500
G1 Z0.000 F900
G1 X68.637 Y-228.960 F1400
G1 X67.075 Y-230.839 F1400
G0 Z3.500
G0 X68.205 Y-227.975 F3500
G1 Z0.000 F900
G1 X68.070 Y-227.622 F1400
G1 X68.027 Y-226.713 F1400
G0 Z3.500
G0 X66.964 Y-221.201 F3500
G1 Z0.000 F900
G1 X66.196 Y-221.969 F1400
G1 X65.237 Y-221.969 F1400
G1 X65.045 Y-222.161 F1400
G1 X64.661 Y-222.161 F1400
G1 X63.701 Y-221.201 F1400
G0 Z3.500
G0 X61.619 Y-217.727 F3500
G1 Z0.000 F900
G1 X61.373 Y-213.408 F1400
G0 Z3.500
G0 X60.726 Y-212.204 F3500
G1 Z0.000 F900
G1 X60.928 Y-210.716 F1400
G1 X61.685 Y-209.466 F1400
G0 Z3.500
G0 X63.195 Y-208.934 F3500
G1 Z0.000 F900
G1 X62.009 Y-209.952 F1400
G1 X60.751 Y-211.199 F1400
G0 Z3.500
G0 X62.933 Y-213.906 F3500
G1 Z0.000 F900
G1 X62.741 Y-214.098 F1400
G1 X62.741 Y-215.250 F1400
G1 X62.933 Y-215.442 F1400
G0 Z3.500
G0 X62.028 Y-215.296 F3500
G1 Z0.000 F900
G1 X61.822 Y-216.045 F1400
G1 X61.151 Y-217.124 F1400
G0 Z3.500
G0 X58.982 Y-220.406 F3500
G1 Z0.000 F900
G1 X59.036 Y-220.955 F1400
G1 X59.205 Y-221.996 F1400
G0 Z3.500
G0 X60.054 Y-231.567 F3500
G1 Z0.000 F900
G1 X59.670 Y-232.143 F1400
G1 X59.862 Y-234.062 F1400
G0 Z3.500
G0 X56.022 Y-237.326 F3500
G1 Z0.000 F900
G1 X56.214 Y-238.670 F1400
G1 X55.830 Y-239.246 F1400
G0 Z3.500
G0 X53.805 Y-241.115 F3500
G1 Z0.000 F900
G1 X55.048 Y-243.492 F1400
G0 Z3.500
G0 X54.871 Y-243.661 F3500
G1 Z0.000 F900
G1 X53.719 Y-241.549 F1400
G1 X52.951 Y-240.973 F1400
G1 X52.567 Y-239.821 F1400
G0 Z3.500
G0 X62.288 Y-240.512 F3500
G1 Z0.000 F900
G1 X62.268 Y-239.330 F1400
G1 X62.811 Y-238.363 F1400
G0 Z3.500
G0 X68.575 Y-236.650 F3500
G1 Z0.000 F900
G1 X69.311 Y-235.529 F1400
G1 X69.961 Y-234.162 F1400
G0 Z3.500
G0 X75.424 Y-235.565 F3500
G1 Z0.000 F900
G1 X74.985 Y-236.926 F1400
G1 X74.630 Y-238.702 F1400
G0 Z3.500
G0 X85.015 Y-244.743 F3500
G1 Z0.000 F900
G1 X86.068 Y-246.353 F1400
G0 Z3.500
G0 X85.393 Y-248.844 F3500
G1 Z0.000 F900
G1 X87.696 Y-248.652 F1400
G1 X88.272 Y-247.884 F1400
G0 Z3.500
G0 X80.738 Y-250.283 F3500
G1 Z0.000 F900
G1 X80.037 Y-251.223 F1400
G1 X80.066 Y-252.396 F1400
G0 Z3.500
G0 X103.107 Y-252.719 F3500
G1 Z0.000 F900
G1 X103.424 Y-251.638 F1400
G1 X104.152 Y-250.344 F1400
G0 Z3.500
G0 X104.247 Y-250.823 F3500
G1 Z0.000 F900
G1 X104.111 Y-250.559 F1400
G1 X103.396 Y-249.936 F1400
G0 Z3.500
G0 X102.749 Y-247.766 F3500
G1 Z0.000 F900
G1 X103.174 Y-246.303 F1400
G1 X103.742 Y-245.699 F1400
G0 Z3.500
G0 X107.661 Y-250.763 F3500
G1 Z0.000 F900
G1 X107.085 Y-251.339 F1400
G1 X107.277 Y-252.107 F1400
G0 Z3.500
G0 X109.639 Y-251.511 F3500
G1 Z0.000 F900
G1 X112.080 Y-248.114 F1400
G0 Z3.500
G0 X113.125 Y-247.911 F3500
G1 Z0.000 F900
G1 X113.220 Y-248.848 F1400
G1 X113.330 Y-249.392 F1400
G0 Z3.500
G0 X112.655 Y-249.904 F3500
G1 Z0.000 F900
G1 X111.768 Y-252.240 F1400
G0 Z3.500
G0 X111.692 Y-251.531 F3500
G1 Z0.000 F900
G1 X112.460 Y-249.996 F1400
G1 X112.460 Y-249.420 F1400
G0 Z3.500
G0 X112.070 Y-249.372 F3500
G1 Z0.000 F900
G1 X110.163 Y-251.782 F1400
G0 Z3.500
G0 X110.156 Y-251.339 F3500
G1 Z0.000 F900
G1 X111.692 Y-249.420 F1400
G0 Z3.500
G0 X113.158 Y-246.458 F3500
G1 Z0.000 F900
G1 X115.017 Y-247.908 F1400
G0 Z3.500
G0 X115.339 Y-247.884 F3500
G1 Z0.000 F900
G1 X115.915 Y-247.884 F1400
G1 X116.491 Y-248.652 F1400
G1 X116.299 Y-249.036 F1400
G1 X115.531 Y-249.036 F1400
G0 Z3.500
G0 X115.147 Y-246.924 F3500
G1 Z0.000 F900
G1 X116.491 Y-246.348 F1400
G1 X117.067 Y-246.540 F1400
G0 Z3.500
G0 X116.672 Y-246.128 F3500
G1 Z0.000 F900
G1 X113.783 Y-246.537 F1400
G0 Z3.500
G0 X111.500 Y-243.277 F3500
G1 Z0.000 F900
G1 X113.420 Y-241.357 F1400
G0 Z3.500
G0 X118.603 Y-249.804 F3500
G1 Z0.000 F900
G1 X118.795 Y-249.996 F1400
G1 X118.603 Y-251.339 F1400
G0 Z3.500
G0 X119.308 Y-252.038 F3500
G1 Z0.000 F900
G1 X120.058 Y-249.104 F1400
G0 Z3.500
G0 X138.567 Y-250.571 F3500
G1 Z0.000 F900
G1 X139.911 Y-247.116 F1400
G1 X139.911 Y-246.540 F1400
G0 Z3.500
G0 X140.487 Y-244.237 F3500
G1 Z0.000 F900
G1 X140.679 Y-242.509 F1400
G1 X140.295 Y-240.589 F1400
G0 Z3.500
G0 X144.518 Y-238.862 F3500
G1 Z0.000 F900
G1 X144.710 Y-237.326 F1400
G0 Z3.500
G0 X148.933 Y-233.679 F3500
G1 Z0.000 F900
G1 X149.509 Y-233.487 F1400
G1 X150.853 Y-230.223 F1400
G0 Z3.500
G0 X152.892 Y-230.199 F3500
G1 Z0.000 F900
G1 X150.906 Y-234.833 F1400
G0 Z3.500
G0 X151.045 Y-234.830 F3500
G1 Z0.000 F900
G1 X152.004 Y-233.487 F1400
G0 Z3.500
G0 X152.196 Y-233.103 F3500
G1 Z0.000 F900
G1 X152.196 Y-232.335 F1400
G1 X153.540 Y-230.223 F1400
G0 Z3.500
G0 X153.922 Y-231.971 F3500
G1 Z0.000 F900
G1 X153.697 Y-233.619 F1400
G1 X153.542 Y-235.003 F1400
G0 Z3.500
G0 X151.764 Y-234.627 F3500
G1 Z0.000 F900
G1 X153.561 Y-232.319 F1400
G0 Z3.500
G0 X155.268 Y-232.911 F3500
G1 Z0.000 F900
G1 X156.036 Y-232.527 F1400
G1 X156.996 Y-230.799 F1400
G0 Z3.500
G0 X156.996 Y-228.496 F3500
G1 Z0.000 F900
G1 X157.763 Y-226.000 F1400
G0 Z3.500
G0 X159.299 Y-226.576 F3500
G1 Z0.000 F900
G1 X158.723 Y-227.152 F1400
G1 X158.147 Y-228.688 F1400
G0 Z3.500
G0 X160.067 Y-232.527 F3500
G1 Z0.000 F900
G1 X159.107 Y-234.830 F1400
G0 Z3.500
G0 X157.955 Y-238.478 F3500
G1 Z0.000 F900
G1 X157.763 Y-238.286 F1400
G1 X156.612 Y-238.286 F1400
G1 X156.228 Y-237.902 F1400
G0 Z3.500
G0 X161.157 Y-242.413 F3500
G1 Z0.000 F900
G1 X162.266 Y-247.233 F1400
G0 Z3.500
G0 X162.371 Y-246.732 F3500
G1 Z0.000 F900
G1 X161.603 Y-242.701 F1400
G0 Z3.500
G0 X160.509 Y-246.218 F3500
G1 Z0.000 F900
G1 X160.676 Y-247.586 F1400
G1 X160.776 Y-248.398 F1400
G0 Z3.500
G0 X160.451 Y-247.308 F3500
G1 Z0.000 F900
G1 X159.875 Y-247.500 F1400
G1 X159.299 Y-248.076 F1400
G1 X158.915 Y-248.076 F1400
G0 Z3.500
G0 X159.491 Y-249.228 F3500
G1 Z0.000 F900
G1 X158.531 Y-249.420 F1400
G1 X157.571 Y-250.379 F1400
G0 Z3.500
G0 X157.573 Y-249.980 F3500
G1 Z0.000 F900
G1 X157.639 Y-249.469 F1400
G1 X157.186 Y-248.476 F1400
G0 Z3.500
G0 X156.228 Y-248.652 F3500
G1 Z0.000 F900
G1 X156.036 Y-248.460 F1400
G1 X156.036 Y-246.348 F1400
G1 X155.844 Y-246.156 F1400
G0 Z3.500
G0 X158.915 Y-250.763 F3500
G1 Z0.000 F900
G1 X159.491 Y-250.188 F1400
G1 X160.835 Y-250.188 F1400
G1 X161.027 Y-249.996 F1400
G0 Z3.500
G0 X164.890 Y-250.169 F3500
G1 Z0.000 F900
G1 X167.530 Y-250.174 F1400
G0 Z3.500
G0 X165.250 Y-249.804 F3500
G1 Z0.000 F900
G1 X170.049 Y-249.996 F1400
G0 Z3.500
G0 X166.786 Y-247.884 F3500
G1 Z0.000 F900
G1 X167.170 Y-247.692 F1400
G1 X168.129 Y-245.580 F1400
G0 Z3.500
G0 X165.250 Y-247.692 F3500
G1 Z0.000 F900
G1 X165.058 Y-249.612 F1400
G0 Z3.500
G0 X167.554 Y-240.397 F3500
G1 Z0.000 F900
G1 X167.746 Y-238.670 F1400
G1 X168.513 Y-238.094 F1400
G1 X168.705 Y-234.638 F1400
G0 Z3.500
G0 X166.594 Y-233.487 F3500
G1 Z0.000 F900
G1 X167.362 Y-236.366 F1400
G1 X167.362 Y-237.326 F1400
G0 Z3.500
G0 X165.813 Y-239.091 F3500
G1 Z0.000 F900
G1 X164.617 Y-235.818 F1400
G0 Z3.500
G0 X164.098 Y-235.982 F3500
G1 Z0.000 F900
G1 X164.482 Y-236.174 F1400
G1 X164.482 Y-236.750 F1400
G1 X165.634 Y-239.246 F1400
G1 X165.634 Y-239.821 F1400
G1 X165.058 Y-240.013 F1400
G0 Z3.500
G0 X167.791 Y-225.506 F3500
G1 Z0.000 F900
G1 X169.475 Y-219.748 F1400
G0 Z3.500
G0 X170.499 Y-220.184 F3500
G1 Z0.000 F900
G1 X169.964 Y-221.335 F1400
G1 X169.599 Y-222.601 F1400
G0 Z3.500
G0 X168.944 Y-222.654 F3500
G1 Z0.000 F900
G1 X168.512 Y-222.224 F1400
G1 X168.467 Y-221.283 F1400
G0 Z3.500
G0 X168.129 Y-222.737 F3500
G1 Z0.000 F900
G1 X167.746 Y-225.424 F1400
G0 Z3.500
G0 X165.250 Y-224.656 F3500
G1 Z0.000 F900
G1 X165.442 Y-224.464 F1400
G1 X165.250 Y-223.504 F1400
G1 X165.442 Y-222.545 F1400
G1 X164.866 Y-222.161 F1400
G1 X164.866 Y-219.665 F1400
G0 Z3.500
G0 X162.754 Y-218.321 F3500
G1 Z0.000 F900
G1 X161.027 Y-220.433 F1400
G0 Z3.500
G0 X152.196 Y-215.442 F3500
G1 Z0.000 F900
G1 X152.004 Y-216.018 F1400
G1 X151.045 Y-216.978 F1400
G0 Z3.500
G0 X150.469 Y-213.138 F3500
G1 Z0.000 F900
G1 X151.045 Y-211.603 F1400
G1 X152.004 Y-210.643 F1400
G0 Z3.500
G0 X149.701 Y-211.987 F3500
G1 Z0.000 F900
G1 X148.933 Y-212.562 F1400
G1 X148.165 Y-213.714 F1400
G0 Z3.500
G0 X145.862 Y-221.201 F3500
G1 Z0.000 F900
G1 X145.670 Y-221.393 F1400
G1 X147.013 Y-223.312 F1400
G1 X147.013 Y-224.272 F1400
G1 X147.397 Y-224.656 F1400
G1 X147.205 Y-225.232 F1400
G1 X147.589 Y-226.000 F1400
G1 X147.397 Y-226.384 F1400
G1 X147.781 Y-227.152 F1400
G1 X147.781 Y-227.728 F1400
G1 X148.357 Y-228.496 F1400
G1 X147.973 Y-229.071 F1400
G0 Z3.500
G0 X147.973 Y-229.071 F3500
G1 Z0.000 F900
G1 X148.165 Y-230.223 F1400
G1 X147.973 Y-230.415 F1400
G1 X147.781 Y-232.527 F1400
G0 Z3.500
G0 X148.253 Y-231.151 F3500
G1 Z0.000 F900
G1 X148.530 Y-228.515 F1400
G0 Z3.500
G0 X149.125 Y-228.496 F3500
G1 Z0.000 F900
G1 X149.317 Y-229.071 F1400
G1 X148.741 Y-231.183 F1400
G0 Z3.500
G0 X147.683 Y-228.199 F3500
G1 Z0.000 F900
G1 X145.918 Y-221.379 F1400
G0 Z3.500
G0 X138.183 Y-211.027 F3500
G1 Z0.000 F900
G1 X139.527 Y-209.683 F1400
G0 Z3.500
G0 X137.799 Y-206.420 F3500
G1 Z0.000 F900
G1 X138.375 Y-205.652 F1400
G1 X138.567 Y-204.692 F1400
G0 Z3.500
G0 X134.344 Y-210.259 F3500
G1 Z0.000 F900
G1 X133.384 Y-212.562 F1400
G0 Z3.500
G0 X133.192 Y-213.138 F3500
G1 Z0.000 F900
G1 X132.808 Y-214.098 F1400
G1 X132.808 Y-214.482 F1400
G1 X133.192 Y-214.866 F1400
G1 X133.960 Y-214.482 F1400
G1 X134.728 Y-212.946 F1400
G0 Z3.500
G0 X133.192 Y-223.888 F3500
G1 Z0.000 F900
G1 X131.464 Y-225.616 F1400
G0 Z3.500
G0 X128.393 Y-227.344 F3500
G1 Z0.000 F900
G1 X127.241 Y-228.304 F1400
G0 Z3.500
G0 X143.750 Y-244.237 F3500
G1 Z0.000 F900
G1 X142.598 Y-247.116 F1400
G1 X142.790 Y-247.308 F1400
G0 Z3.500
G0 X142.790 Y-247.692 F3500
G1 Z0.000 F900
G1 X142.406 Y-248.844 F1400
G1 X142.598 Y-249.612 F1400
G1 X142.406 Y-250.571 F1400
G0 Z3.500
G0 X142.614 Y-250.560 F3500
G1 Z0.000 F900
G1 X143.385 Y-246.166 F1400
G0 Z3.500
G0 X147.589 Y-247.692 F3500
G1 Z0.000 F900
G1 X147.781 Y-248.460 F1400
G1 X147.589 Y-248.652 F1400
G1 X147.589 Y-249.612 F1400
G1 X147.205 Y-250.188 F1400
G0 Z3.500
G0 X172.569 Y-226.436 F3500
G1 Z0.000 F900
G1 X173.097 Y-225.490 F1400
G1 X172.904 Y-225.180 F1400
G0 Z3.500
G0 X172.766 Y-226.343 F3500
G1 Z0.000 F900
G1 X172.323 Y-224.822 F1400
G1 X171.940 Y-222.969 F1400
G0 Z3.500
G0 X152.004 Y-206.420 F3500
G1 Z0.000 F900
G1 X152.004 Y-204.116 F1400
G0 Z3.500
G0 X149.317 Y-203.348 F3500
G1 Z0.000 F900
G1 X148.549 Y-204.884 F1400
G1 X148.549 Y-205.844 F1400
G0 Z3.500
G0 X157.763 Y-197.781 F3500
G1 Z0.000 F900
G1 X158.147 Y-196.246 F1400
G1 X157.763 Y-196.054 F1400
G1 X157.571 Y-196.438 F1400
G0 Z3.500
G0 X161.027 Y-184.728 F3500
G1 Z0.000 F900
G1 X153.924 Y-182.616 F1400
G1 X152.388 Y-181.848 F1400
G0 Z3.500
G0 X160.259 Y-182.232 F3500
G1 Z0.000 F900
G1 X160.835 Y-183.000 F1400
G1 X162.371 Y-183.576 F1400
G0 Z3.500
G0 X156.228 Y-174.746 F3500
G1 Z0.000 F900
G1 X156.036 Y-174.362 F1400
G1 X155.460 Y-174.362 F1400
G1 X155.076 Y-173.978 F1400
G1 X154.308 Y-173.978 F1400
G0 Z3.500
G0 X156.228 Y-172.442 F3500
G1 Z0.000 F900
G1 X152.196 Y-171.290 F1400
G0 Z3.500
G0 X158.531 Y-165.915 F3500
G1 Z0.000 F900
G1 X160.835 Y-166.491 F1400
G1 X161.795 Y-166.491 F1400
G1 X163.906 Y-167.259 F1400
G1 X164.674 Y-167.259 F1400
G1 X166.210 Y-167.835 F1400
G1 X166.978 Y-167.835 F1400
G1 X170.625 Y-168.795 F1400
G0 Z3.500
G0 X171.585 Y-167.835 F3500
G1 Z0.000 F900
G1 X170.817 Y-167.835 F1400
G1 X169.089 Y-167.259 F1400
G0 Z3.500
G0 X168.897 Y-167.067 F3500
G1 Z0.000 F900
G1 X167.554 Y-167.067 F1400
G1 X167.362 Y-166.683 F1400
G1 X167.938 Y-166.107 F1400
G0 Z3.500
G0 X167.938 Y-166.107 F3500
G1 Z0.000 F900
G1 X169.473 Y-166.107 F1400
G1 X169.665 Y-166.299 F1400
G0 Z3.500
G0 X169.665 Y-166.299 F3500
G1 Z0.000 F900
G1 X170.817 Y-166.107 F1400
G1 X171.969 Y-165.147 F1400
G0 Z3.500
G0 X169.987 Y-166.454 F3500
G1 Z0.000 F900
G1 X167.308 Y-167.055 F1400
G1 X164.352 Y-167.680 F1400
G0 Z3.500
G0 X164.200 Y-166.965 F3500
G1 Z0.000 F900
G1 X158.647 Y-165.669 F1400
G0 Z3.500
G0 X159.491 Y-164.571 F3500
G1 Z0.000 F900
G1 X159.875 Y-164.955 F1400
G1 X161.411 Y-165.147 F1400
G1 X162.371 Y-165.723 F1400
G1 X163.138 Y-165.531 F1400
G0 Z3.500
G0 X163.330 Y-165.723 F3500
G1 Z0.000 F900
G1 X163.714 Y-166.107 F1400
G1 X165.826 Y-166.491 F1400
G0 Z3.500
G0 X165.384 Y-166.803 F3500
G1 Z0.000 F900
G1 X161.008 Y-165.561 F1400
G0 Z3.500
G0 X160.451 Y-163.228 F3500
G1 Z0.000 F900
G1 X162.562 Y-162.076 F1400
G0 Z3.500
G0 X167.240 Y-166.774 F3500
G1 Z0.000 F900
G1 X163.972 Y-167.663 F1400
G1 X160.956 Y-168.512 F1400
G0 Z3.500
G0 X115.126 Y-167.976 F3500
G1 Z0.000 F900
G1 X113.999 Y-169.452 F1400
G1 X112.481 Y-171.533 F1400
G0 Z3.500
G0 X100.066 Y-160.908 F3500
G1 Z0.000 F900
G1 X99.632 Y-160.253 F1400
G1 X98.746 Y-159.404 F1400
G0 Z3.500
G0 X98.253 Y-159.181 F3500
G1 Z0.000 F900
G1 X94.606 Y-160.609 F1400
G1 X90.961 Y-161.900 F1400
G0 Z3.500
G0 X73.107 Y-158.621 F3500
G1 Z0.000 F900
G1 X72.339 Y-158.045 F1400
G1 X70.612 Y-157.853 F1400
G0 Z3.500
G0 X80.172 Y-184.925 F3500
G1 Z0.000 F900
G1 X79.878 Y-185.693 F1400
G1 X80.248 Y-186.450 F1400
G0 Z3.500
G0 X97.012 Y-200.903 F3500
G1 Z0.000 F900
G1 X100.218 Y-205.334 F1400
G0 Z3.500
G0 X105.615 Y-198.780 F3500
G1 Z0.000 F900
G1 X107.814 Y-199.640 F1400
G0 Z3.500
G0 X104.013 Y-219.857 F3500
G1 Z0.000 F900
G1 X104.973 Y-221.009 F1400
G0 Z3.500
G0 X63.125 Y-208.531 F3500
G1 Z0.000 F900
G1 X62.933 Y-208.147 F1400
G1 X63.509 Y-207.188 F1400
G0 Z3.500
G0 X44.465 Y-223.261 F3500
G1 Z0.000 F900
G1 X44.181 Y-227.079 F1400
G0 Z3.500
G0 X44.504 Y-227.152 F3500
G1 Z0.000 F900
G1 X44.696 Y-224.272 F1400
G0 Z3.500
G0 X42.969 Y-224.272 F3500
G1 Z0.000 F900
G1 X42.201 Y-226.576 F1400
G0 Z3.500
G0 X26.268 Y-205.268 F3500
G1 Z0.000 F900
G1 X26.076 Y-205.844 F1400
G1 X25.500 Y-206.420 F1400
G1 X24.924 Y-206.228 F1400
G1 X24.732 Y-204.116 F1400
G1 X24.924 Y-203.924 F1400
G0 Z3.500
G0 X26.652 Y-204.308 F3500
G1 Z0.000 F900
G1 X26.652 Y-203.540 F1400
G1 X27.420 Y-201.621 F1400
G0 Z3.500
G0 X24.156 Y-200.085 F3500
G1 Z0.000 F900
G1 X23.580 Y-199.509 F1400
G1 X23.196 Y-198.549 F1400
G1 X23.388 Y-197.589 F1400
G0 Z3.500
G0 X23.489 Y-197.392 F3500
G1 Z0.000 F900
G1 X24.059 Y-200.012 F1400
G0 Z3.500
G0 X23.964 Y-192.022 F3500
G1 Z0.000 F900
G1 X23.772 Y-192.214 F1400
G1 X23.388 Y-192.022 F1400
G1 X23.004 Y-190.871 F1400
G0 Z3.500
G0 X10.719 Y-163.228 F3500
G1 Z0.000 F900
G1 X9.951 Y-163.996 F1400
G1 X9.375 Y-163.228 F1400
G0 Z3.500
G0 X122.117 Y-115.960 F3500
G1 Z0.000 F900
G1 X122.701 Y-114.459 F1400
G1 X123.151 Y-113.362 F1400
G0 Z3.500
G0 X121.900 Y-115.348 F3500
G1 Z0.000 F900
G1 X123.204 Y-116.638 F1400
G1 X124.519 Y-118.581 F1400
G0 Z3.500
G0 X125.897 Y-116.772 F3500
G1 Z0.000 F900
G1 X127.049 Y-115.429 F1400
G0 Z3.500
G0 X129.104 Y-117.057 F3500
G1 Z0.000 F900
G1 X129.948 Y-115.193 F1400
G0 Z3.500
G0 X128.415 Y-107.576 F3500
G1 Z0.000 F900
G1 X126.441 Y-108.082 F1400
G0 Z3.500
G0 X124.712 Y-107.373 F3500
G1 Z0.000 F900
G1 X124.190 Y-109.634 F1400
G0 Z3.500
G0 X121.674 Y-109.862 F3500
G1 Z0.000 F900
G1 X122.250 Y-109.286 F1400
G1 X121.866 Y-108.710 F1400
G1 X121.290 Y-108.710 F1400
G1 X120.906 Y-109.094 F1400
G1 X120.906 Y-109.670 F1400
G1 X121.674 Y-109.862 F1400
G0 Z3.500
G0 X146.504 Y-101.456 F3500
G1 Z0.000 F900
G1 X147.824 Y-102.353 F1400
G1 X149.058 Y-104.445 F1400
G0 Z3.500
G0 X154.121 Y-110.716 F3500
G1 Z0.000 F900
G1 X154.239 Y-112.404 F1400
G0 Z3.500
G0 X153.732 Y-111.589 F3500
G1 Z0.000 F900
G1 X153.540 Y-113.509 F1400
G0 Z3.500
G0 X156.420 Y-119.460 F3500
G1 Z0.000 F900
G1 X157.188 Y-120.228 F1400
G1 X158.723 Y-120.996 F1400
G1 X160.259 Y-121.379 F1400
G0 Z3.500
G0 X159.788 Y-120.947 F3500
G1 Z0.000 F900
G1 X156.946 Y-119.888 F1400
G0 Z3.500
M2
