$X
$1=255
G21
G90
G92 Z4.0000
G0 Z0.0000 F800.0
G4 P0.06
G92 Z0.0000
G0 Z0.0000 F800.0
G0 X0.0000 Y0.0000 F15000.0
G21
G90
G17
G91.1
G0 Z0.0000
G0 X79.6897 Y-115.5874 F15000.0
G1 Z11.9000 F2500.0
G4 P0.02
G1 X79.9823 Y-116.0890 F12000.0
G1 X79.9405 Y-116.4234
G1 X79.5225 Y-117.1759
G1 Z0.0000 F2500.0
G4 P0.02
G0 X79.4389 Y-115.4620 F15000.0
G1 Z11.9000 F2500.0
G4 P0.02
G1 X78.9372 Y-115.5456 F12000.0
G1 X77.3906 Y-117.0087
G1 Z0.0000 F2500.0
G4 P0.02
G0 X78.1430 Y-114.7096 F15000.0
G1 Z11.9000 F2500.0
G4 P0.02
G1 X77.3488 Y-115.1694 F12000.0
G1 X76.7636 Y-115.3784
G1 X76.6800 Y-113.6645
G1 Z0.0000 F2500.0
G4 P0.02
G0 X77.6832 Y-113.8317 F15000.0
G1 Z11.9000 F2500.0
G4 P0.02
G1 X76.7636 Y-114.1243 F12000.0
G1 X76.6800 Y-114.2915
G1 X75.7185 Y-114.6260
G1 Z0.0000 F2500.0
G4 P0.02
G0 X76.0111 Y-118.3881 F15000.0
G1 Z11.9000 F2500.0
G4 P0.02
G1 X75.8022 Y-118.4717 F12000.0
G1 X75.7185 Y-116.8832
G1 Z0.0000 F2500.0
G4 P0.02
G0 X141.7587 Y-86.5708 F15000.0
G1 Z11.9000 F2500.0
G4 P0.02
G1 X141.2571 Y-87.4487 F12000.0
G1 Z0.0000 F2500.0
G4 P0.02
G0 X141.4243 Y-85.0242 F15000.0
G1 Z11.9000 F2500.0
G4 P0.02
G1 X141.7169 Y-84.6480 F12000.0
G1 X141.5915 Y-83.3939
G1 X141.0898 Y-83.3103
G1 Z0.0000 F2500.0
G4 P0.02
G0 X141.1734 Y-85.2332 F15000.0
G1 Z11.9000 F2500.0
G4 P0.02
G1 X139.0416 Y-86.0693 F12000.0
G1 Z0.0000 F2500.0
G4 P0.02
G0 X140.7973 Y-87.9085 F15000.0
G1 Z11.9000 F2500.0
G4 P0.02
G1 X140.5883 Y-88.1175 F12000.0
G1 X139.9194 Y-88.4519
G1 X139.7104 Y-87.0306
G1 Z0.0000 F2500.0
G4 P0.02
G0 X140.1702 Y-83.6447 F15000.0
G1 Z11.9000 F2500.0
G4 P0.02
G1 X140.0449 Y-83.6865 F12000.0
G1 Z0.0000 F2500.0
G4 P0.02
G0 X139.8777 Y-88.4519 F15000.0
G1 Z11.9000 F2500.0
G4 P0.02
G1 X139.3342 Y-88.7445 F12000.0
G1 Z0.0000 F2500.0
G4 P0.02
G0 X139.5850 Y-86.9052 F15000.0
G1 Z11.9000 F2500.0
G4 P0.02
G1 X139.3342 Y-86.8216 F12000.0
G1 X138.6236 Y-87.0306
G1 X137.9966 Y-87.3233
G1 Z0.0000 F2500.0
G4 P0.02
G0 X139.4596 Y-83.8955 F15000.0
G1 Z11.9000 F2500.0
G4 P0.02
G1 X139.3342 Y-83.9374 F12000.0
G1 Z0.0000 F2500.0
G4 P0.02
G0 X138.8743 Y-84.1045 F15000.0
G1 Z11.9000 F2500.0
G4 P0.02
G1 X138.1220 Y-84.4389 F12000.0
G1 X137.7039 Y-84.8987
G1 X137.6203 Y-85.1496
G1 X137.6203 Y-86.0693
G1 Z0.0000 F2500.0
G4 P0.02
G0 X138.6236 Y-86.2364 F15000.0
G1 Z11.9000 F2500.0
G4 P0.02
G1 X137.9547 Y-86.3618 F12000.0
G1 X137.7039 Y-86.1946
G1 Z0.0000 F2500.0
G4 P0.02
G0 X138.2892 Y-89.1207 F15000.0
G1 Z11.9000 F2500.0
G4 P0.02
G1 X137.7039 Y-88.9954 F12000.0
G1 Z0.0000 F2500.0
G4 P0.02
G0 X137.7039 Y-87.6995 F15000.0
G1 Z11.9000 F2500.0
G4 P0.02
G1 X137.5367 Y-88.6191 F12000.0
G1 X137.6203 Y-88.8699
G1 Z0.0000 F2500.0
G4 P0.02
G0 X69.6957 Y-88.6073 F15000.0
G1 Z11.9000 F2500.0
G4 P0.02
G1 X66.1843 Y-89.9031 F12000.0
G1 Z0.0000 F2500.0
G4 P0.02
G0 X69.6121 Y-87.1860 F15000.0
G1 Z11.9000 F2500.0
G4 P0.02
G1 X69.4867 Y-87.2696 F12000.0
G1 Z0.0000 F2500.0
G4 P0.02
G0 X69.4031 Y-88.8581 F15000.0
G1 Z11.9000 F2500.0
G4 P0.02
G1 X69.3195 Y-89.1924 F12000.0
G1 Z0.0000 F2500.0
G4 P0.02
G0 X67.4383 Y-87.2696 F15000.0
G1 Z11.9000 F2500.0
G4 P0.02
G1 X66.5187 Y-87.5622 F12000.0
G1 X66.4351 Y-87.1442
G1 Z0.0000 F2500.0
G4 P0.02
G0 X67.1876 Y-88.5654 F15000.0
G1 Z11.9000 F2500.0
G4 P0.02
G1 X66.5606 Y-88.8162 F12000.0
G1 X66.4770 Y-87.8130
G1 X65.5155 Y-88.0639
G1 Z0.0000 F2500.0
G4 P0.02
G0 X66.4770 Y-87.6040 F15000.0
G1 Z11.9000 F2500.0
G4 P0.02
G1 X66.4770 Y-87.7294 F12000.0
G1 Z0.0000 F2500.0
G4 P0.02
G0 X65.8499 Y-90.0285 F15000.0
G1 Z11.9000 F2500.0
G4 P0.02
G1 X65.5155 Y-90.1957 F12000.0
G1 X65.5573 Y-90.1539
G1 Z0.0000 F2500.0
G4 P0.02
G0 X67.5314 Y-85.5315 F15000.0
G1 Z11.9000 F2500.0
G4 P0.02
G1 X67.8240 Y-85.1134 F12000.0
G1 X67.9495 Y-84.1102
G1 X68.0748 Y-83.9430
G1 X69.0363 Y-83.4413
G1 X69.7051 Y-83.7339
G1 X69.6215 Y-84.4445
G1 Z0.0000 F2500.0
G4 P0.02
G0 X69.4125 Y-84.7372 F15000.0
G1 Z11.9000 F2500.0
G4 P0.02
G1 X69.3289 Y-84.8208 F12000.0
G1 Z0.0000 F2500.0
G4 P0.02
G0 X68.8273 Y-85.1552 F15000.0
G1 Z11.9000 F2500.0
G4 P0.02
G1 X67.9495 Y-85.1970 F12000.0
G1 Z0.0000 F2500.0
G4 P0.02
G0 X67.9076 Y-84.1520 F15000.0
G1 Z11.9000 F2500.0
G4 P0.02
G1 X67.8240 Y-84.2356 F12000.0
G1 X67.6150 Y-84.1102
G1 X66.5700 Y-84.1520
G1 X66.0265 Y-84.4028
G1 X65.7757 Y-84.6536
G1 Z0.0000 F2500.0
G4 P0.02
G0 X67.2806 Y-85.7822 F15000.0
G1 Z11.9000 F2500.0
G4 P0.02
G1 X67.1970 Y-85.8658 F12000.0
G1 X65.8593 Y-86.2838
G1 X65.7340 Y-86.2002
G1 Z0.0000 F2500.0
G4 P0.02
G0 X65.6504 Y-86.1166 F15000.0
G1 Z11.9000 F2500.0
G4 P0.02
G1 X65.4831 Y-85.3642 F12000.0
G1 X65.5667 Y-84.9879
G1 Z0.0000 F2500.0
G4 P0.02
G0 X150.3620 Y-60.3261 F15000.0
G1 Z11.9000 F2500.0
G4 P0.02
G1 X149.9858 Y-59.8663 F12000.0
G1 Z0.0000 F2500.0
G4 P0.02
G0 X149.8186 Y-57.9852 F15000.0
G1 Z11.9000 F2500.0
G4 P0.02
G1 X150.0694 Y-58.5286 F12000.0
G1 X149.9022 Y-59.1556
G1 Z0.0000 F2500.0
G4 P0.02
G0 X149.7767 Y-59.5318 F15000.0
G1 Z11.9000 F2500.0
G4 P0.02
G1 X149.4424 Y-59.0720 F12000.0
G1 Z0.0000 F2500.0
G4 P0.02
G0 X149.5677 Y-59.3647 F15000.0
G1 Z11.9000 F2500.0
G4 P0.02
G1 X148.8571 Y-59.3229 F12000.0
G1 X148.3137 Y-58.9467
G1 X148.0211 Y-58.6122
G1 Z0.0000 F2500.0
G4 P0.02
G0 X149.3588 Y-57.5254 F15000.0
G1 Z11.9000 F2500.0
G4 P0.02
G1 X148.3137 Y-57.3164 F12000.0
G1 Z0.0000 F2500.0
G4 P0.02
G0 X148.1882 Y-57.2746 F15000.0
G1 Z11.9000 F2500.0
G4 P0.02
G1 X147.6031 Y-56.3550 F12000.0
G1 Z0.0000 F2500.0
G4 P0.02
G0 X148.0211 Y-57.5254 F15000.0
G1 Z11.9000 F2500.0
G4 P0.02
G1 X147.9375 Y-57.6090 F12000.0
G1 Z0.0000 F2500.0
G4 P0.02
G0 X147.8957 Y-58.3196 F15000.0
G1 Z11.9000 F2500.0
G4 P0.02
G1 X147.8539 Y-57.7344 F12000.0
G1 Z0.0000 F2500.0
G4 P0.02
G0 X146.8137 Y-60.2643 F15000.0
G1 Z11.9000 F2500.0
G4 P0.02
G1 X145.4342 Y-56.4186 F12000.0
G1 X145.1834 Y-56.0842
G1 Z0.0000 F2500.0
G4 P0.02
G0 X146.6465 Y-57.0875 F15000.0
G1 Z11.9000 F2500.0
G4 P0.02
G1 X146.4793 Y-56.9203 F12000.0
G1 Z0.0000 F2500.0
G4 P0.02
G0 X145.8523 Y-60.3062 F15000.0
G1 Z11.9000 F2500.0
G4 P0.02
G1 X144.3055 Y-59.8881 F12000.0
G1 Z0.0000 F2500.0
G4 P0.02
G0 X145.7686 Y-56.4604 F15000.0
G1 Z11.9000 F2500.0
G4 P0.02
G1 X145.4761 Y-56.3769 F12000.0
G1 Z0.0000 F2500.0
G4 P0.02
G0 X144.2219 Y-59.8045 F15000.0
G1 Z11.9000 F2500.0
G4 P0.02
G1 X143.7621 Y-58.7177 F12000.0
G1 X145.0162 Y-57.9235
G1 X144.4728 Y-56.2932
G1 X142.8007 Y-56.0006
G1 Z0.0000 F2500.0
G4 P0.02
G0 X145.8795 Y-68.2471 F15000.0
G1 Z11.9000 F2500.0
G4 P0.02
G1 X144.8345 Y-68.7487 F12000.0
G1 X144.5836 Y-68.6651
G1 Z0.0000 F2500.0
G4 P0.02
G0 X145.7959 Y-68.0381 F15000.0
G1 Z11.9000 F2500.0
G4 P0.02
G1 X145.0435 Y-66.0734 F12000.0
G1 Z0.0000 F2500.0
G4 P0.02
G0 X144.7927 Y-65.9062 F15000.0
G1 Z11.9000 F2500.0
G4 P0.02
G1 X143.6222 Y-65.8644 F12000.0
G1 X143.4968 Y-65.9898
G1 X144.2493 Y-68.2471
G1 Z0.0000 F2500.0
G4 P0.02
G0 X143.5387 Y-68.5397 F15000.0
G1 Z11.9000 F2500.0
G4 P0.02
G1 X142.5772 Y-65.9062 F12000.0
G1 Z0.0000 F2500.0
G4 P0.02
G0 X142.4936 Y-65.8226 F15000.0
G1 Z11.9000 F2500.0
G4 P0.02
G1 X141.3232 Y-65.7808 F12000.0
G1 X140.2363 Y-65.8644
G1 Z0.0000 F2500.0
G4 P0.02
G0 X142.3264 Y-68.7905 F15000.0
G1 Z11.9000 F2500.0
G4 P0.02
G1 X142.0756 Y-68.1217 F12000.0
G1 Z0.0000 F2500.0
G4 P0.02
G0 X141.9502 Y-67.7872 F15000.0
G1 Z11.9000 F2500.0
G4 P0.02
G1 X141.6994 Y-67.0349 F12000.0
G1 Z0.0000 F2500.0
G4 P0.02
G0 X141.4903 Y-66.4914 F15000.0
G1 Z11.9000 F2500.0
G4 P0.02
G1 X141.2813 Y-65.8226 F12000.0
G1 Z0.0000 F2500.0
G4 P0.02
G0 X141.0305 Y-68.7905 F15000.0
G1 Z11.9000 F2500.0
G4 P0.02
G1 X140.1109 Y-65.9898 F12000.0
G1 Z0.0000 F2500.0
G4 P0.02
G0 X139.0658 Y-65.4882 F15000.0
G1 Z11.9000 F2500.0
G4 P0.02
G1 X139.0658 Y-65.8226 F12000.0
G1 X138.4807 Y-65.7390
G1 X137.7282 Y-65.9062
G1 X137.6446 Y-66.0734
G1 X138.3552 Y-68.1217
G1 X138.6060 Y-68.5397
G1 X138.7733 Y-68.6651
G1 X140.0273 Y-68.5815
G1 X139.3167 Y-66.1988
G1 Z0.0000 F2500.0
G4 P0.02
G0 X138.9405 Y-65.1538 F15000.0
G1 Z11.9000 F2500.0
G4 P0.02
G1 X138.7314 Y-64.7775 F12000.0
G1 X138.5224 Y-64.6104
G1 Z0.0000 F2500.0
G4 P0.02
G0 X138.4807 Y-65.6972 F15000.0
G1 Z11.9000 F2500.0
G4 P0.02
G1 X137.8118 Y-64.6940 F12000.0
G1 X138.2716 Y-64.4849
G1 Z0.0000 F2500.0
G4 P0.02
G0 X137.9372 Y-68.7069 F15000.0
G1 Z11.9000 F2500.0
G4 P0.02
G1 X137.8536 Y-68.6233 F12000.0
G1 Z0.0000 F2500.0
G4 P0.02
G0 X109.1799 Y-129.6438 F15000.0
G1 Z11.9000 F2500.0
G4 P0.02
G1 X108.8037 Y-129.1839 F12000.0
G1 Z0.0000 F2500.0
G4 P0.02
G0 X108.4275 Y-127.0520 F15000.0
G1 Z11.9000 F2500.0
G4 P0.02
G1 X108.6784 Y-127.3447 F12000.0
G1 X108.8873 Y-127.8045
G1 X108.7201 Y-128.4733
G1 Z0.0000 F2500.0
G4 P0.02
G0 X108.5948 Y-128.8496 F15000.0
G1 Z11.9000 F2500.0
G4 P0.02
G1 X108.5529 Y-128.7241 F12000.0
G1 X108.3857 Y-128.6824
G1 X108.2603 Y-128.3897
G1 Z0.0000 F2500.0
G4 P0.02
G0 X108.3021 Y-128.6824 F15000.0
G1 Z11.9000 F2500.0
G4 P0.02
G1 X106.9644 Y-128.0971 F12000.0
G1 X106.6300 Y-127.1357
G1 X107.0063 Y-126.6759
G1 X106.8808 Y-126.3414
G1 X106.4210 Y-125.6726
G1 Z0.0000 F2500.0
G4 P0.02
G0 X108.1767 Y-126.8431 F15000.0
G1 Z11.9000 F2500.0
G4 P0.02
G1 X107.1316 Y-126.6341 F12000.0
G1 Z0.0000 F2500.0
G4 P0.02
G0 X105.9612 Y-127.9717 F15000.0
G1 Z11.9000 F2500.0
G4 P0.02
G1 X106.3374 Y-128.8077 F12000.0
G1 X105.4178 Y-129.6020
G1 X104.8744 Y-129.4348
G1 X104.6653 Y-129.2675
G1 X104.2055 Y-128.4315
G1 X104.0383 Y-127.6791
G1 X104.2474 Y-127.3029
G1 X105.1670 Y-127.2611
G1 X105.3342 Y-126.6341
G1 X105.1252 Y-126.0488
G1 Z0.0000 F2500.0
G4 P0.02
G0 X105.6268 Y-127.5955 F15000.0
G1 Z11.9000 F2500.0
G4 P0.02
G1 X105.4178 Y-127.4283 F12000.0
G1 Z0.0000 F2500.0
G4 P0.02
G0 X104.3310 Y-125.3800 F15000.0
G1 Z11.9000 F2500.0
G4 P0.02
G1 X103.7039 Y-125.4218 F12000.0
G1 Z0.0000 F2500.0
G4 P0.02
G0 X104.1638 Y-127.1357 F15000.0
G1 Z11.9000 F2500.0
G4 P0.02
G1 X103.9129 Y-126.9267 F12000.0
G1 Z0.0000 F2500.0
G4 P0.02
G0 X103.7457 Y-126.7177 F15000.0
G1 Z11.9000 F2500.0
G4 P0.02
G1 X103.4531 Y-125.7144 F12000.0
G1 X103.5368 Y-125.6308
G1 Z0.0000 F2500.0
G4 P0.02
G0 X103.4531 Y-128.5569 F15000.0
G1 Z11.9000 F2500.0
G4 P0.02
G1 X102.6171 Y-129.6020 F12000.0
G1 X101.9483 Y-129.3511
G1 Z0.0000 F2500.0
G4 P0.02
G0 X103.3695 Y-128.3479 F15000.0
G1 Z11.9000 F2500.0
G4 P0.02
G1 X102.4081 Y-125.9235 F12000.0
G1 X102.0319 Y-125.5472
G1 X100.7360 Y-125.4218
G1 Z0.0000 F2500.0
G4 P0.02
G0 X101.6975 Y-129.1003 F15000.0
G1 Z11.9000 F2500.0
G4 P0.02
G1 X101.4884 Y-128.7241 F12000.0
G1 X101.1540 Y-127.7627
G1 Z0.0000 F2500.0
G4 P0.02
G0 X101.0286 Y-127.4283 F15000.0
G1 Z11.9000 F2500.0
G4 P0.02
G1 X100.9868 Y-127.3029 F12000.0
G1 Z0.0000 F2500.0
G4 P0.02
G0 X100.8614 Y-126.9684 F15000.0
G1 Z11.9000 F2500.0
G4 P0.02
G1 X100.5270 Y-125.7144 F12000.0
G1 Z0.0000 F2500.0
G4 P0.02
G0 X77.7668 Y-70.2894 F15000.0
G1 Z11.9000 F2500.0
G4 P0.02
G1 X78.0594 Y-69.8714 F12000.0
G1 X78.1849 Y-68.8682
G1 X78.3102 Y-68.7009
G1 X79.2717 Y-68.1993
G1 X79.9405 Y-68.4920
G1 X79.8568 Y-69.2026
G1 Z0.0000 F2500.0
G4 P0.02
G0 X79.6479 Y-72.6721 F15000.0
G1 Z11.9000 F2500.0
G4 P0.02
G1 X79.9405 Y-72.5049 F12000.0
G1 X79.8151 Y-70.7075
G1 X77.7250 Y-71.9196
G1 Z0.0000 F2500.0
G4 P0.02
G0 X79.6479 Y-69.4952 F15000.0
G1 Z11.9000 F2500.0
G4 P0.02
G1 X79.5643 Y-69.5788 F12000.0
G1 Z0.0000 F2500.0
G4 P0.02
G0 X79.0626 Y-69.9132 F15000.0
G1 Z11.9000 F2500.0
G4 P0.02
G1 X78.1849 Y-69.9550 F12000.0
G1 Z0.0000 F2500.0
G4 P0.02
G0 X78.1430 Y-68.9099 F15000.0
G1 Z11.9000 F2500.0
G4 P0.02
G1 X78.0594 Y-68.9935 F12000.0
G1 X77.8504 Y-68.8682
G1 X76.8054 Y-68.9099
G1 X76.2620 Y-69.1607
G1 X76.0111 Y-69.4116
G1 Z0.0000 F2500.0
G4 P0.02
G0 X77.5160 Y-70.5402 F15000.0
G1 Z11.9000 F2500.0
G4 P0.02
G1 X77.4324 Y-70.6239 F12000.0
G1 X76.0947 Y-71.0418
G1 X75.9694 Y-70.9582
G1 Z0.0000 F2500.0
G4 P0.02
G0 X75.8858 Y-70.8746 F15000.0
G1 Z11.9000 F2500.0
G4 P0.02
G1 X75.7185 Y-70.1222 F12000.0
G1 X75.8022 Y-69.7460
G1 Z0.0000 F2500.0
G4 P0.02
G0 X75.8858 Y-73.0066 F15000.0
G1 Z11.9000 F2500.0
G4 P0.02
G1 X75.6349 Y-73.2573 F12000.0
G1 Z0.0000 F2500.0
G4 P0.02
G0 X145.0054 Y-117.7281 F15000.0
G1 Z11.9000 F2500.0
G4 P0.02
G1 X144.2948 Y-115.8888 F12000.0
G1 X143.5423 Y-113.6315
G1 Z0.0000 F2500.0
G4 P0.02
G0 X144.2529 Y-115.8470 F15000.0
G1 Z11.9000 F2500.0
G4 P0.02
G1 X143.5006 Y-115.8888 F12000.0
G1 X142.7899 Y-115.7634
G1 X142.2465 Y-115.3454
G1 X141.9121 Y-114.5094
G1 X141.7867 Y-113.9241
G1 Z0.0000 F2500.0
G4 P0.02
G0 X143.4587 Y-113.5479 F15000.0
G1 Z11.9000 F2500.0
G4 P0.02
G1 X142.0793 Y-113.5898 F12000.0
G1 Z0.0000 F2500.0
G4 P0.02
G0 X143.4587 Y-115.9306 F15000.0
G1 Z11.9000 F2500.0
G4 P0.02
G1 X143.1661 Y-117.6445 F12000.0
G1 Z0.0000 F2500.0
G4 P0.02
G0 X141.3268 Y-117.7699 F15000.0
G1 Z11.9000 F2500.0
G4 P0.02
G1 X139.9474 Y-113.9241 F12000.0
G1 X139.6966 Y-113.5898
G1 Z0.0000 F2500.0
G4 P0.02
G0 X140.5744 Y-117.8953 F15000.0
G1 Z11.9000 F2500.0
G4 P0.02
G1 X139.0277 Y-117.6027 F12000.0
G1 X138.6515 Y-117.2683
G1 X138.2335 Y-115.9306
G1 Z0.0000 F2500.0
G4 P0.02
G0 X140.2819 Y-113.9660 F15000.0
G1 Z11.9000 F2500.0
G4 P0.02
G1 X139.9892 Y-113.8824 F12000.0
G1 Z0.0000 F2500.0
G4 P0.02
G0 X139.0696 Y-115.5962 F15000.0
G1 Z11.9000 F2500.0
G4 P0.02
G1 X138.4843 Y-115.5126 F12000.0
G1 X138.1917 Y-115.1782
G1 X137.6901 Y-113.9241
G1 Z0.0000 F2500.0
G4 P0.02
G0 X138.7351 Y-113.5062 F15000.0
G1 Z11.9000 F2500.0
G4 P0.02
G1 X137.8573 Y-113.6733 F12000.0
G1 Z0.0000 F2500.0
G4 P0.02
G0 X138.4843 Y-115.5126 F15000.0
G1 Z11.9000 F2500.0
G4 P0.02
G1 X138.3171 Y-115.7634 F12000.0
G1 Z0.0000 F2500.0
G4 P0.02
G0 X29.2047 Y-240.8907 F15000.0
G1 Z11.9000 F2500.0
G4 P0.02
G1 X28.2433 Y-238.4661 F12000.0
G1 Z0.0000 F2500.0
G4 P0.02
G0 X27.7835 Y-239.3439 F15000.0
G1 Z11.9000 F2500.0
G4 P0.02
G1 X27.7417 Y-239.0931 F12000.0
G1 X27.9925 Y-238.1735
G1 X27.9507 Y-237.7137
G1 Z0.0000 F2500.0
G4 P0.02
G0 X27.6998 Y-239.1350 F15000.0
G1 Z11.9000 F2500.0
G4 P0.02
G1 X27.5326 Y-239.0931 F12000.0
G1 X26.9892 Y-238.5916
G1 X26.4877 Y-238.2571
G1 X27.2819 Y-240.6398
G1 Z0.0000 F2500.0
G4 P0.02
G0 X26.1532 Y-239.0931 F15000.0
G1 Z11.9000 F2500.0
G4 P0.02
G1 X26.6130 Y-240.4726 F12000.0
G1 X26.1114 Y-240.8070
G1 X25.5262 Y-240.5980
G1 X25.2754 Y-239.9710
G1 Z0.0000 F2500.0
G4 P0.02
G0 X25.9442 Y-238.8424 F15000.0
G1 Z11.9000 F2500.0
G4 P0.02
G1 X24.9409 Y-238.7169 F12000.0
G1 X25.1500 Y-239.6365
G1 Z0.0000 F2500.0
G4 P0.02
G0 X24.5648 Y-239.4694 F15000.0
G1 Z11.9000 F2500.0
G4 P0.02
G1 X24.8573 Y-240.3472 F12000.0
G1 X24.8573 Y-240.6816
G1 X23.8541 Y-240.8070
G1 Z0.0000 F2500.0
G4 P0.02
G0 X24.4393 Y-239.1350 F15000.0
G1 Z11.9000 F2500.0
G4 P0.02
G1 X24.0631 Y-238.8005 F12000.0
G1 X23.1016 Y-238.7588
G1 Z0.0000 F2500.0
G4 P0.02
G0 X23.1853 Y-240.4726 F15000.0
G1 Z11.9000 F2500.0
G4 P0.02
G1 X23.1853 Y-240.6816 F12000.0
G1 X22.1403 Y-240.8070
G1 Z0.0000 F2500.0
G4 P0.02
G0 X23.0599 Y-240.1382 F15000.0
G1 Z11.9000 F2500.0
G4 P0.02
G1 X22.8509 Y-239.4694 F12000.0
G1 Z0.0000 F2500.0
G4 P0.02
G0 X22.7255 Y-239.1350 F15000.0
G1 Z11.9000 F2500.0
G4 P0.02
G1 X22.0148 Y-238.7588 F12000.0
G1 X21.3878 Y-238.7588
G1 Z0.0000 F2500.0
G4 P0.02
G0 X21.5132 Y-240.4726 F15000.0
G1 Z11.9000 F2500.0
G4 P0.02
G1 X20.9698 Y-240.8070 F12000.0
G1 X20.3846 Y-240.5980
G1 X19.7993 Y-238.7588
G1 X21.0534 Y-239.1350
G1 Z0.0000 F2500.0
G4 P0.02
G0 X21.3878 Y-240.1382 F15000.0
G1 Z11.9000 F2500.0
G4 P0.02
G1 X21.1788 Y-239.4694 F12000.0
G1 Z0.0000 F2500.0
G4 P0.02
G0 X169.2900 Y-245.3886 F15000.0
G1 Z11.9000 F2500.0
G4 P0.02
G1 X169.2482 Y-245.2632 F12000.0
G1 Z0.0000 F2500.0
G4 P0.02
G0 X169.0393 Y-244.8869 F15000.0
G1 Z11.9000 F2500.0
G4 P0.02
G1 X168.1614 Y-242.3371 F12000.0
G1 Z0.0000 F2500.0
G4 P0.02
G0 X168.7884 Y-244.6779 F15000.0
G1 Z11.9000 F2500.0
G4 P0.02
G1 X167.4925 Y-243.0895 F12000.0
G1 Z0.0000 F2500.0
G4 P0.02
G0 X167.9942 Y-245.2213 F15000.0
G1 Z11.9000 F2500.0
G4 P0.02
G1 X167.3253 Y-243.1731 F12000.0
G1 Z0.0000 F2500.0
G4 P0.02
G0 X167.4089 Y-245.0960 F15000.0
G1 Z11.9000 F2500.0
G4 P0.02
G1 X167.3672 Y-245.3050 F12000.0
G1 X166.6983 Y-245.2632
G1 Z0.0000 F2500.0
G4 P0.02
G0 X167.1581 Y-242.7969 F15000.0
G1 Z11.9000 F2500.0
G4 P0.02
G1 X166.9491 Y-242.3788 F12000.0
G1 Z0.0000 F2500.0
G4 P0.02
G0 X166.8238 Y-244.3435 F15000.0
G1 Z11.9000 F2500.0
G4 P0.02
G1 X166.4893 Y-244.3435 F12000.0
G1 X166.4057 Y-244.4690
G1 X166.6147 Y-245.1796
G1 Z0.0000 F2500.0
G4 P0.02
G0 X166.7402 Y-243.4239 F15000.0
G1 Z11.9000 F2500.0
G4 P0.02
G1 X166.4475 Y-243.2985 F12000.0
G1 X166.1131 Y-243.4239
G1 X166.1131 Y-243.7165
G1 Z0.0000 F2500.0
G4 P0.02
G0 X166.3221 Y-244.2181 F15000.0
G1 Z11.9000 F2500.0
G4 P0.02
G1 X166.2385 Y-244.0091 F12000.0
G1 Z0.0000 F2500.0
G4 P0.02
G0 X166.1967 Y-245.4304 F15000.0
G1 Z11.9000 F2500.0
G4 P0.02
G1 X165.5279 Y-243.8837 F12000.0
G1 Z0.0000 F2500.0
G4 P0.02
G0 X165.1934 Y-244.0927 F15000.0
G1 Z11.9000 F2500.0
G4 P0.02
G1 X165.3189 Y-243.6747 F12000.0
G1 X165.2770 Y-243.2567
G1 Z0.0000 F2500.0
G4 P0.02
G0 X165.1098 Y-244.1763 F15000.0
G1 Z11.9000 F2500.0
G4 P0.02
G1 X164.9845 Y-244.1345 F12000.0
G1 Z0.0000 F2500.0
G4 P0.02
G0 X164.8172 Y-245.2632 F15000.0
G1 Z11.9000 F2500.0
G4 P0.02
G1 X164.3574 Y-243.8001 F12000.0
G1 X164.1066 Y-243.3403
G1 Z0.0000 F2500.0
G4 P0.02
G0 X164.6500 Y-243.8837 F15000.0
G1 Z11.9000 F2500.0
G4 P0.02
G1 X164.3992 Y-243.7583 F12000.0
G1 Z0.0000 F2500.0
G4 P0.02
G0 X164.3992 Y-245.3468 F15000.0
G1 Z11.9000 F2500.0
G4 P0.02
G1 X164.3574 Y-245.1796 F12000.0
G1 Z0.0000 F2500.0
G4 P0.02
G0 X162.8777 Y-245.3296 F15000.0
G1 Z11.9000 F2500.0
G4 P0.02
G1 X162.7941 Y-245.2041 F12000.0
G1 Z0.0000 F2500.0
G4 P0.02
G0 X162.5015 Y-244.7443 F15000.0
G1 Z11.9000 F2500.0
G4 P0.02
G1 X162.2089 Y-244.2845 F12000.0
G1 Z0.0000 F2500.0
G4 P0.02
G0 X161.9163 Y-243.8247 F15000.0
G1 Z11.9000 F2500.0
G4 P0.02
G1 X161.7073 Y-243.5321 F12000.0
G1 Z0.0000 F2500.0
G4 P0.02
G0 X161.3311 Y-245.2460 F15000.0
G1 Z11.9000 F2500.0
G4 P0.02
G1 X160.4533 Y-242.4452 F12000.0
G1 X160.9967 Y-242.4452
G1 X161.2893 Y-242.8633
G1 Z0.0000 F2500.0
G4 P0.02
G0 X160.1188 Y-243.2813 F15000.0
G1 Z11.9000 F2500.0
G4 P0.02
G1 X160.7459 Y-244.9952 F12000.0
G1 X160.7459 Y-245.2877
G1 X159.8262 Y-245.1624
G1 Z0.0000 F2500.0
G4 P0.02
G0 X159.7426 Y-244.9533 F15000.0
G1 Z11.9000 F2500.0
G4 P0.02
G1 X159.1156 Y-243.2813 F12000.0
G1 Z0.0000 F2500.0
G4 P0.02
G0 X158.3631 Y-245.4132 F15000.0
G1 Z11.9000 F2500.0
G4 P0.02
G1 X159.1991 Y-245.2877 F12000.0
G1 X158.8229 Y-243.6993
G1 X158.6976 Y-243.4903
G1 X157.6943 Y-243.3648
G1 Z0.0000 F2500.0
G4 P0.02
G0 X157.9451 Y-245.4132 F15000.0
G1 Z11.9000 F2500.0
G4 P0.02
G1 X157.3599 Y-243.8665 F12000.0
G1 Z0.0000 F2500.0
G4 P0.02
G0 X157.2345 Y-243.5739 F15000.0
G1 Z11.9000 F2500.0
G4 P0.02
G1 X157.1927 Y-243.4484 F12000.0
G1 Z0.0000 F2500.0
G4 P0.02
G0 X157.1091 Y-243.3648 F15000.0
G1 Z11.9000 F2500.0
G4 P0.02
G1 X156.4402 Y-243.3231 F12000.0
G1 X155.6460 Y-243.5321
G1 X156.3149 Y-245.4132
G1 Z0.0000 F2500.0
G4 P0.02
G0 X157.1091 Y-245.4132 F15000.0
G1 Z11.9000 F2500.0
G4 P0.02
G1 X156.3985 Y-243.3648 F12000.0
G1 Z0.0000 F2500.0
G4 P0.02
G0 X150.3443 Y-245.5036 F15000.0
G1 Z11.9000 F2500.0
G4 P0.02
G1 X149.0903 Y-242.3685 F12000.0
G1 Z0.0000 F2500.0
G4 P0.02
G0 X149.1739 Y-242.9956 F15000.0
G1 Z11.9000 F2500.0
G4 P0.02
G1 X148.8813 Y-244.9185 F12000.0
G1 X148.9231 Y-245.2111
G1 Z0.0000 F2500.0
G4 P0.02
G0 X148.5469 Y-244.4168 F15000.0
G1 Z11.9000 F2500.0
G4 P0.02
G1 X147.7109 Y-242.3685 F12000.0
G1 Z0.0000 F2500.0
G4 P0.02
G0 X147.2510 Y-243.7062 F15000.0
G1 Z11.9000 F2500.0
G4 P0.02
G1 X147.7527 Y-243.6644 F12000.0
G1 X147.4182 Y-242.6194
G1 X146.9584 Y-242.4104
G1 X146.7912 Y-242.6611
G1 X146.9584 Y-243.1628
G1 Z0.0000 F2500.0
G4 P0.02
G0 X145.9077 Y-245.1006 F15000.0
G1 Z11.9000 F2500.0
G4 P0.02
G1 X145.9077 Y-245.2260 F12000.0
G1 Z0.0000 F2500.0
G4 P0.02
G0 X145.7824 Y-245.3514 F15000.0
G1 Z11.9000 F2500.0
G4 P0.02
G1 X144.1521 Y-243.3449 F12000.0
G1 X143.9849 Y-242.8015
G1 X143.9849 Y-242.5089
G1 Z0.0000 F2500.0
G4 P0.02
G0 X145.7405 Y-244.6408 F15000.0
G1 Z11.9000 F2500.0
G4 P0.02
G1 X145.3226 Y-243.5539 F12000.0
G1 X144.1939 Y-243.3031
G1 Z0.0000 F2500.0
G4 P0.02
G0 X144.9881 Y-242.3835 F15000.0
G1 Z11.9000 F2500.0
G4 P0.02
G1 X144.5701 Y-242.3417 F12000.0
G1 X144.0685 Y-242.4253
G1 Z0.0000 F2500.0
G4 P0.02
G0 X144.1939 Y-245.1006 F15000.0
G1 Z11.9000 F2500.0
G4 P0.02
G1 X144.1521 Y-245.3096 F12000.0
G1 X143.3579 Y-245.3096
G1 Z0.0000 F2500.0
G4 P0.02
G0 X144.0267 Y-244.6408 F15000.0
G1 Z11.9000 F2500.0
G4 P0.02
G1 X143.6086 Y-243.5539 F12000.0
G1 X142.6890 Y-243.3031
G1 X142.5218 Y-243.5122
G1 X143.0235 Y-245.0170
G1 Z0.0000 F2500.0
G4 P0.02
G0 X142.6890 Y-245.3932 F15000.0
G1 Z11.9000 F2500.0
G4 P0.02
G1 X142.3546 Y-244.7243 F12000.0
G1 Z0.0000 F2500.0
G4 P0.02
G0 X141.7276 Y-243.2613 F15000.0
G1 Z11.9000 F2500.0
G4 P0.02
G1 X142.1038 Y-244.1392 F12000.0
G1 X142.1038 Y-244.3064
G1 X141.8112 Y-244.3064
G1 X141.3095 Y-243.8466
G1 Z0.0000 F2500.0
G4 P0.02
G0 X141.7694 Y-244.3064 F15000.0
G1 Z11.9000 F2500.0
G4 P0.02
G1 X141.5604 Y-245.1842 F12000.0
G1 Z0.0000 F2500.0
G4 P0.02
G0 X141.2260 Y-246.2711 F15000.0
G1 Z11.9000 F2500.0
G4 P0.02
G1 X140.3482 Y-246.2292 F12000.0
G1 X139.9301 Y-245.6858
G1 X138.8851 Y-243.2613
G1 Z0.0000 F2500.0
G4 P0.02
G0 X141.0588 Y-243.6794 F15000.0
G1 Z11.9000 F2500.0
G4 P0.02
G1 X140.8497 Y-243.5122 F12000.0
G1 Z0.0000 F2500.0
G4 P0.02
G0 X140.0137 Y-243.2613 F15000.0
G1 Z11.9000 F2500.0
G4 P0.02
G1 X140.7661 Y-245.0588 F12000.0
G1 X140.7661 Y-245.2260
G1 Z0.0000 F2500.0
G4 P0.02
G0 X140.6408 Y-245.3514 F15000.0
G1 Z11.9000 F2500.0
G4 P0.02
G1 X139.8883 Y-245.3514 F12000.0
G1 Z0.0000 F2500.0
G4 P0.02
G0 X138.5089 Y-243.7630 F15000.0
G1 Z11.9000 F2500.0
G4 P0.02
G1 X138.3834 Y-243.6794 F12000.0
G1 X138.3417 Y-243.2613
G1 Z0.0000 F2500.0
G4 P0.02
G0 X138.3417 Y-243.7211 F15000.0
G1 Z11.9000 F2500.0
G4 P0.02
G1 X138.1744 Y-244.1809 F12000.0
G1 X137.9655 Y-244.1392
G1 Z0.0000 F2500.0
G4 P0.02
G0 X137.8819 Y-245.3514 F15000.0
G1 Z11.9000 F2500.0
G4 P0.02
G1 X137.1712 Y-243.5958 F12000.0
G1 Z0.0000 F2500.0
G4 P0.02
G0 X137.7146 Y-243.9720 F15000.0
G1 Z11.9000 F2500.0
G4 P0.02
G1 X137.3385 Y-243.7630 F12000.0
G1 Z0.0000 F2500.0
G4 P0.02
G0 X129.8895 Y-245.3932 F15000.0
G1 Z11.9000 F2500.0
G4 P0.02
G1 X128.8027 Y-242.5507 F12000.0
G1 X127.4650 Y-242.4253
G1 X127.4650 Y-242.6343
G1 X128.3010 Y-244.9752
G1 Z0.0000 F2500.0
G4 P0.02
G0 X127.7576 Y-245.1006 F15000.0
G1 Z11.9000 F2500.0
G4 P0.02
G1 X127.7576 Y-245.2260 F12000.0
G1 Z0.0000 F2500.0
G4 P0.02
G0 X127.6322 Y-245.3514 F15000.0
G1 Z11.9000 F2500.0
G4 P0.02
G1 X126.0855 Y-243.5122 F12000.0
G1 X126.1274 Y-243.4285
G1 Z0.0000 F2500.0
G4 P0.02
G0 X127.5904 Y-244.6408 F15000.0
G1 Z11.9000 F2500.0
G4 P0.02
G1 X127.1723 Y-243.5539 F12000.0
G1 X126.9216 Y-243.3867
G1 X126.2110 Y-243.3449
G1 Z0.0000 F2500.0
G4 P0.02
G0 X126.0438 Y-245.1006 F15000.0
G1 Z11.9000 F2500.0
G4 P0.02
G1 X126.0438 Y-245.2260 F12000.0
G1 Z0.0000 F2500.0
G4 P0.02
G0 X125.9183 Y-245.3514 F15000.0
G1 Z11.9000 F2500.0
G4 P0.02
G1 X124.2881 Y-243.3449 F12000.0
G1 X124.1208 Y-242.8015
G1 X124.1208 Y-242.5089
G1 Z0.0000 F2500.0
G4 P0.02
G0 X125.8765 Y-244.6408 F15000.0
G1 Z11.9000 F2500.0
G4 P0.02
G1 X125.4585 Y-243.5539 F12000.0
G1 X124.3298 Y-243.3031
G1 Z0.0000 F2500.0
G4 P0.02
G0 X125.1241 Y-242.3835 F15000.0
G1 Z11.9000 F2500.0
G4 P0.02
G1 X124.7061 Y-242.3417 F12000.0
G1 X124.2045 Y-242.4253
G1 Z0.0000 F2500.0
G4 P0.02
G0 X124.4970 Y-245.2678 F15000.0
G1 Z11.9000 F2500.0
G4 P0.02
G1 X123.7864 Y-243.5539 F12000.0
G1 Z0.0000 F2500.0
G4 P0.02
G0 X123.7028 Y-243.3867 F15000.0
G1 Z11.9000 F2500.0
G4 P0.02
G1 X122.7832 Y-243.3867 F12000.0
G1 X123.1176 Y-244.8079
G1 Z0.0000 F2500.0
G4 P0.02
G0 X122.9086 Y-245.3932 F15000.0
G1 Z11.9000 F2500.0
G4 P0.02
G1 X122.8250 Y-245.3096 F12000.0
G1 Z0.0000 F2500.0
G4 P0.02
G0 X118.7898 Y-245.6022 F15000.0
G1 Z11.9000 F2500.0
G4 P0.02
G1 X118.6644 Y-245.4350 F12000.0
G1 X118.4554 Y-245.3514
G1 X118.0792 Y-244.4318
G1 Z0.0000 F2500.0
G4 P0.02
G0 X118.3718 Y-245.3932 F15000.0
G1 Z11.9000 F2500.0
G4 P0.02
G1 X117.3686 Y-245.3514 F12000.0
G1 X116.7415 Y-243.3031
G1 Z0.0000 F2500.0
G4 P0.02
G0 X117.9120 Y-244.0556 F15000.0
G1 Z11.9000 F2500.0
G4 P0.02
G1 X117.2431 Y-242.4253 F12000.0
G1 X116.5325 Y-242.3835
G1 X116.5325 Y-242.7179
G1 Z0.0000 F2500.0
G4 P0.02
G0 X117.4103 Y-245.6022 F15000.0
G1 Z11.9000 F2500.0
G4 P0.02
G1 X117.3267 Y-245.3932 F12000.0
G1 Z0.0000 F2500.0
G4 P0.02
G0 X116.6161 Y-245.3096 F15000.0
G1 Z11.9000 F2500.0
G4 P0.02
G1 X116.5743 Y-244.7662 F12000.0
G1 X116.1563 Y-243.5539
G1 X115.9055 Y-243.3867
G1 X115.1531 Y-243.3031
G1 X115.3620 Y-244.3064
G1 X115.6546 Y-245.2260
G1 X116.5743 Y-245.3514
G1 Z0.0000 F2500.0
G4 P0.02
G0 X115.3202 Y-245.4350 F15000.0
G1 Z11.9000 F2500.0
G4 P0.02
G1 X114.6096 Y-243.4703 F12000.0
G1 X113.8154 Y-243.3449
G1 X113.1047 Y-243.3867
G1 X113.6900 Y-245.4350
G1 Z0.0000 F2500.0
G4 P0.02
G0 X114.5260 Y-245.4350 F15000.0
G1 Z11.9000 F2500.0
G4 P0.02
G1 X113.7736 Y-243.3867 F12000.0
G1 Z0.0000 F2500.0
G4 P0.02
G0 X112.9376 Y-245.3096 F15000.0
G1 Z11.9000 F2500.0
G4 P0.02
G1 X112.8957 Y-244.7662 F12000.0
G1 X112.4777 Y-243.5539
G1 X112.2270 Y-243.3867
G1 X111.4745 Y-243.3031
G1 X111.6834 Y-244.3064
G1 X111.9761 Y-245.2260
G1 X112.8957 Y-245.3514
G1 Z0.0000 F2500.0
G4 P0.02
G0 X41.9981 Y-240.7314 F15000.0
G1 Z11.9000 F2500.0
G4 P0.02
G1 X41.3292 Y-239.7281 F12000.0
G1 Z0.0000 F2500.0
G4 P0.02
G0 X41.0366 Y-239.2683 F15000.0
G1 Z11.9000 F2500.0
G4 P0.02
G1 X40.7858 Y-238.9339 F12000.0
G1 Z0.0000 F2500.0
G4 P0.02
G0 X40.4096 Y-238.3487 F15000.0
G1 Z11.9000 F2500.0
G4 P0.02
G1 X40.3260 Y-238.2651 F12000.0
G1 Z0.0000 F2500.0
G4 P0.02
G0 X40.2842 Y-240.3552 F15000.0
G1 Z11.9000 F2500.0
G4 P0.02
G1 X40.2424 Y-240.2297 F12000.0
G1 Z0.0000 F2500.0
G4 P0.02
G0 X40.0334 Y-237.8470 F15000.0
G1 Z11.9000 F2500.0
G4 P0.02
G1 X39.4482 Y-237.8053 F12000.0
G1 X39.5318 Y-238.2651
G1 Z0.0000 F2500.0
G4 P0.02
G0 X39.6990 Y-238.7249 F15000.0
G1 Z11.9000 F2500.0
G4 P0.02
G1 X39.6571 Y-238.5995 F12000.0
G1 Z0.0000 F2500.0
G4 P0.02
G0 X39.0301 Y-238.6831 F15000.0
G1 Z11.9000 F2500.0
G4 P0.02
G1 X39.6154 Y-240.1461 F12000.0
G1 X39.7407 Y-240.6895
G1 X38.6957 Y-240.5642
G1 Z0.0000 F2500.0
G4 P0.02
G0 X38.6121 Y-240.3969 F15000.0
G1 Z11.9000 F2500.0
G4 P0.02
G1 X38.2777 Y-239.5610 F12000.0
G1 Z0.0000 F2500.0
G4 P0.02
G0 X38.2777 Y-240.8986 F15000.0
G1 Z11.9000 F2500.0
G4 P0.02
G1 X37.6507 Y-239.2683 F12000.0
G1 Z0.0000 F2500.0
G4 P0.02
G0 X38.1523 Y-239.2683 F15000.0
G1 Z11.9000 F2500.0
G4 P0.02
G1 X37.9015 Y-238.6831 F12000.0
G1 Z0.0000 F2500.0
G4 P0.02
G0 X37.5253 Y-238.9757 F15000.0
G1 Z11.9000 F2500.0
G4 P0.02
G1 X36.6474 Y-238.7249 F12000.0
G1 X35.8532 Y-238.7667
G1 X35.7696 Y-238.8503
G1 X36.4384 Y-240.8986
G1 Z0.0000 F2500.0
G4 P0.02
G0 X37.3580 Y-240.8986 F15000.0
G1 Z11.9000 F2500.0
G4 P0.02
G1 X36.7729 Y-239.2683 F12000.0
G1 Z0.0000 F2500.0
G4 P0.02
G0 X36.6474 Y-238.9757 F15000.0
G1 Z11.9000 F2500.0
G4 P0.02
G1 X36.6057 Y-238.7667 F12000.0
G1 Z0.0000 F2500.0
G4 P0.02
G0 X35.9786 Y-240.8150 F15000.0
G1 Z11.9000 F2500.0
G4 P0.02
G1 X35.8532 Y-240.6895 F12000.0
G1 Z0.0000 F2500.0
G4 P0.02
G0 X169.3227 Y-254.7017 F15000.0
G1 Z11.9000 F2500.0
G4 P0.02
G1 X168.4448 Y-252.2771 F12000.0
G1 Z0.0000 F2500.0
G4 P0.02
G0 X168.3194 Y-251.9845 F15000.0
G1 Z11.9000 F2500.0
G4 P0.02
G1 X168.2776 Y-251.8592 F12000.0
G1 X166.8982 Y-251.6083
G1 X166.9818 Y-252.0681
G1 Z0.0000 F2500.0
G4 P0.02
G0 X167.7342 Y-254.1583 F15000.0
G1 Z11.9000 F2500.0
G4 P0.02
G1 X167.6924 Y-254.0328 F12000.0
G1 Z0.0000 F2500.0
G4 P0.02
G0 X167.6924 Y-255.4959 F15000.0
G1 Z11.9000 F2500.0
G4 P0.02
G1 X166.5638 Y-252.5698 F12000.0
G1 X165.5187 Y-252.7788
G1 X166.1457 Y-254.4090
G1 X167.2325 Y-254.5762
G1 Z0.0000 F2500.0
G4 P0.02
G0 X167.1489 Y-252.5279 F15000.0
G1 Z11.9000 F2500.0
G4 P0.02
G1 X167.1072 Y-252.4026 F12000.0
G1 Z0.0000 F2500.0
G4 P0.02
G0 X164.3064 Y-254.2000 F15000.0
G1 Z11.9000 F2500.0
G4 P0.02
G1 X163.8049 Y-252.7788 F12000.0
G1 X163.9302 Y-252.5279
G1 X164.8917 Y-252.7370
G1 X165.4769 Y-254.4508
G1 X164.8081 Y-254.5762
G1 X164.5155 Y-254.4926
G1 Z0.0000 F2500.0
G4 P0.02
G0 X162.1745 Y-252.6115 F15000.0
G1 Z11.9000 F2500.0
G4 P0.02
G1 X162.1745 Y-252.9041 F12000.0
G1 X162.7598 Y-254.4508
G1 X163.7212 Y-254.5345
G1 X163.5958 Y-253.8238
G1 X162.8434 Y-251.8173
G1 Z0.0000 F2500.0
G4 P0.02
G0 X163.0524 Y-252.5279 F15000.0
G1 Z11.9000 F2500.0
G4 P0.02
G1 X162.2581 Y-252.5279 F12000.0
G1 Z0.0000 F2500.0
G4 P0.02
G0 X162.5926 Y-252.3190 F15000.0
G1 Z11.9000 F2500.0
G4 P0.02
G1 X162.3417 Y-252.0681 F12000.0
G1 Z0.0000 F2500.0
G4 P0.02
G0 X162.5090 Y-251.6083 F15000.0
G1 Z11.9000 F2500.0
G4 P0.02
G1 X162.3000 Y-251.6501 F12000.0
G1 X162.2581 Y-251.9845
G1 Z0.0000 F2500.0
G4 P0.02
G0 X44.0229 Y-259.1241 F15000.0
G1 Z11.9000 F2500.0
G4 P0.02
G1 X43.3542 Y-258.1208 F12000.0
G1 Z0.0000 F2500.0
G4 P0.02
G0 X43.0615 Y-257.6610 F15000.0
G1 Z11.9000 F2500.0
G4 P0.02
G1 X42.8107 Y-257.3266 F12000.0
G1 Z0.0000 F2500.0
G4 P0.02
G0 X42.4345 Y-256.7413 F15000.0
G1 Z11.9000 F2500.0
G4 P0.02
G1 X42.3509 Y-256.6577 F12000.0
G1 Z0.0000 F2500.0
G4 P0.02
G0 X42.3091 Y-258.7479 F15000.0
G1 Z11.9000 F2500.0
G4 P0.02
G1 X42.2673 Y-258.6225 F12000.0
G1 Z0.0000 F2500.0
G4 P0.02
G0 X42.0583 Y-256.2398 F15000.0
G1 Z11.9000 F2500.0
G4 P0.02
G1 X41.4730 Y-256.1979 F12000.0
G1 X41.5566 Y-256.6577
G1 Z0.0000 F2500.0
G4 P0.02
G0 X41.7238 Y-257.1176 F15000.0
G1 Z11.9000 F2500.0
G4 P0.02
G1 X41.6821 Y-256.9922 F12000.0
G1 Z0.0000 F2500.0
G4 P0.02
G0 X41.0551 Y-257.0758 F15000.0
G1 Z11.9000 F2500.0
G4 P0.02
G1 X41.6402 Y-258.5389 F12000.0
G1 X41.7657 Y-259.0823
G1 X40.7206 Y-258.9568
G1 Z0.0000 F2500.0
G4 P0.02
G0 X40.6370 Y-258.7896 F15000.0
G1 Z11.9000 F2500.0
G4 P0.02
G1 X40.3026 Y-257.9536 F12000.0
G1 Z0.0000 F2500.0
G4 P0.02
G0 X40.1772 Y-257.6610 F15000.0
G1 Z11.9000 F2500.0
G4 P0.02
G1 X39.9264 Y-257.0758 F12000.0
G1 Z0.0000 F2500.0
G4 P0.02
G0 X39.8010 Y-258.0790 F15000.0
G1 Z11.9000 F2500.0
G4 P0.02
G1 X40.0518 Y-259.0823 F12000.0
G1 X39.0486 Y-259.2077
G1 Z0.0000 F2500.0
G4 P0.02
G0 X39.6338 Y-257.6192 F15000.0
G1 Z11.9000 F2500.0
G4 P0.02
G1 X39.5084 Y-257.3266 F12000.0
G1 X38.2962 Y-257.1594
G1 Z0.0000 F2500.0
G4 P0.02
G0 X38.5888 Y-259.2913 F15000.0
G1 Z11.9000 F2500.0
G4 P0.02
G1 X37.9617 Y-257.5774 F12000.0
G1 Z0.0000 F2500.0
G4 P0.02
G0 X37.8363 Y-257.2848 F15000.0
G1 Z11.9000 F2500.0
G4 P0.02
G1 X36.9585 Y-257.1176 F12000.0
G1 X36.1224 Y-257.4520
G1 X36.7495 Y-259.2913
G1 Z0.0000 F2500.0
G4 P0.02
G0 X37.6691 Y-259.2913 F15000.0
G1 Z11.9000 F2500.0
G4 P0.02
G1 X37.0839 Y-257.6610 F12000.0
G1 Z0.0000 F2500.0
G4 P0.02
G0 X36.9585 Y-257.3684 F15000.0
G1 Z11.9000 F2500.0
G4 P0.02
G1 X36.9167 Y-257.1594 F12000.0
G1 Z0.0000 F2500.0
G4 P0.02
G0 X169.0776 Y-272.9289 F15000.0
G1 Z11.9000 F2500.0
G4 P0.02
G1 X167.9908 Y-272.7617 F12000.0
G1 Z0.0000 F2500.0
G4 P0.02
G0 X168.0744 Y-270.0028 F15000.0
G1 Z11.9000 F2500.0
G4 P0.02
G1 X168.5342 Y-271.1314 F12000.0
G1 X168.5342 Y-271.2986
G1 Z0.0000 F2500.0
G4 P0.02
G0 X168.3669 Y-271.5494 F15000.0
G1 Z11.9000 F2500.0
G4 P0.02
G1 X167.4891 Y-271.5913 F12000.0
G1 X167.6982 Y-272.3855
G1 Z0.0000 F2500.0
G4 P0.02
G0 X167.3637 Y-273.0962 F15000.0
G1 Z11.9000 F2500.0
G4 P0.02
G1 X166.7367 Y-271.3822 F12000.0
G1 Z0.0000 F2500.0
G4 P0.02
G0 X167.3219 Y-271.3822 F15000.0
G1 Z11.9000 F2500.0
G4 P0.02
G1 X166.7367 Y-270.0028 F12000.0
G1 Z0.0000 F2500.0
G4 P0.02
G0 X166.6113 Y-271.0896 F15000.0
G1 Z11.9000 F2500.0
G4 P0.02
G1 X165.7334 Y-270.9224 F12000.0
G1 X164.8974 Y-271.2569
G1 X165.5244 Y-273.0962
G1 Z0.0000 F2500.0
G4 P0.02
G0 X166.4440 Y-273.0962 F15000.0
G1 Z11.9000 F2500.0
G4 P0.02
G1 X165.8589 Y-271.4658 F12000.0
G1 Z0.0000 F2500.0
G4 P0.02
G0 X165.7334 Y-271.1732 F15000.0
G1 Z11.9000 F2500.0
G4 P0.02
G1 X165.6917 Y-270.9643 F12000.0
G1 Z0.0000 F2500.0
G4 P0.02
G0 X163.9778 Y-270.3790 F15000.0
G1 Z11.9000 F2500.0
G4 P0.02
G1 X164.7721 Y-272.6781 F12000.0
G1 X164.7302 Y-272.9289
G1 X163.8106 Y-272.8453
G1 X163.1417 Y-271.0896
G1 X163.1836 Y-271.0060
G1 Z0.0000 F2500.0
G4 P0.02
G0 X164.1032 Y-270.9224 F15000.0
G1 Z11.9000 F2500.0
G4 P0.02
G1 X163.2672 Y-270.9224 F12000.0
G1 Z0.0000 F2500.0
G4 P0.02
G0 X163.8942 Y-270.2118 F15000.0
G1 Z11.9000 F2500.0
G4 P0.02
G1 X163.3508 Y-270.0028 F12000.0
G1 X163.3089 Y-270.0864
G1 X163.5179 Y-270.5880
G1 Z0.0000 F2500.0
G4 P0.02
G0 X10.3129 Y-250.4964 F15000.0
G1 Z11.9000 F2500.0
G4 P0.02
G1 X8.9334 Y-246.6506 F12000.0
G1 X8.6827 Y-246.3161
G1 Z0.0000 F2500.0
G4 P0.02
G0 X10.1457 Y-247.3195 F15000.0
G1 Z11.9000 F2500.0
G4 P0.02
G1 X9.9785 Y-247.1522 F12000.0
G1 Z0.0000 F2500.0
G4 P0.02
G0 X9.2679 Y-246.6924 F15000.0
G1 Z11.9000 F2500.0
G4 P0.02
G1 X8.9753 Y-246.6088 F12000.0
G1 Z0.0000 F2500.0
G4 P0.02
G0 X8.5991 Y-250.5800 F15000.0
G1 Z11.9000 F2500.0
G4 P0.02
G1 X8.3483 Y-250.4964 F12000.0
G1 X8.2228 Y-250.2037
G1 Z0.0000 F2500.0
G4 P0.02
G0 X8.5572 Y-247.8210 F15000.0
G1 Z11.9000 F2500.0
G4 P0.02
G1 X8.3483 Y-247.6956 F12000.0
G1 Z0.0000 F2500.0
G4 P0.02
G0 X8.2646 Y-250.4964 F15000.0
G1 Z11.9000 F2500.0
G4 P0.02
G1 X6.7598 Y-250.5382 F12000.0
G1 Z0.0000 F2500.0
G4 P0.02
G0 X7.3032 Y-247.0268 F15000.0
G1 Z11.9000 F2500.0
G4 P0.02
G1 X6.9270 Y-246.6088 F12000.0
G1 X6.3836 Y-246.3580
G1 X5.9655 Y-246.2744
G1 X5.5057 Y-246.5252
G1 X5.3803 Y-246.7760
G1 X5.5475 Y-247.4867
G1 Z0.0000 F2500.0
G4 P0.02
G0 X7.1778 Y-246.8597 F15000.0
G1 Z11.9000 F2500.0
G4 P0.02
G1 X7.0942 Y-246.7760 F12000.0
G1 Z0.0000 F2500.0
G4 P0.02
G0 X7.0942 Y-249.0333 F15000.0
G1 Z11.9000 F2500.0
G4 P0.02
G1 X6.9270 Y-248.8661 F12000.0
G1 Z0.0000 F2500.0
G4 P0.02
G0 X61.0021 Y-269.1281 F15000.0
G1 Z11.9000 F2500.0
G4 P0.02
G1 X60.9602 Y-268.9191 F12000.0
G1 Z0.0000 F2500.0
G4 P0.02
G0 X60.9602 Y-265.1152 F15000.0
G1 Z11.9000 F2500.0
G4 P0.02
G1 X60.2496 Y-264.4463 F12000.0
G1 Z0.0000 F2500.0
G4 P0.02
G0 X60.7930 Y-268.4175 F15000.0
G1 Z11.9000 F2500.0
G4 P0.02
G1 X59.5390 Y-263.9448 F12000.0
G1 X59.3718 Y-263.6939
G1 X59.4136 Y-263.7775
G1 Z0.0000 F2500.0
G4 P0.02
G0 X60.0406 Y-264.2791 F15000.0
G1 Z11.9000 F2500.0
G4 P0.02
G1 X59.6645 Y-264.1537 F12000.0
G1 Z0.0000 F2500.0
G4 P0.02
G0 X59.3300 Y-269.5879 F15000.0
G1 Z11.9000 F2500.0
G4 P0.02
G1 X58.6194 Y-269.1699 F12000.0
G1 Z0.0000 F2500.0
G4 P0.02
G0 X57.0309 Y-266.7454 F15000.0
G1 Z11.9000 F2500.0
G4 P0.02
G1 X56.4039 Y-264.4882 F12000.0
G1 X56.6547 Y-263.8193
G1 X56.8637 Y-263.6939
G1 X57.1563 Y-263.6521
G1 X58.2013 Y-263.9865
G1 X58.6611 Y-264.6554
G1 X58.9538 Y-265.4496
G1 X58.9120 Y-266.6618
G1 Z0.0000 F2500.0
G4 P0.02
G0 X58.7866 Y-266.7873 F15000.0
G1 Z11.9000 F2500.0
G4 P0.02
G1 X57.2817 Y-266.9126 F12000.0
G1 X57.2817 Y-267.3307
G1 X57.8669 Y-268.3757
G1 Z0.0000 F2500.0
G4 P0.02
G0 X56.4875 Y-267.6651 F15000.0
G1 Z11.9000 F2500.0
G4 P0.02
G1 X54.4392 Y-267.5396 F12000.0
G1 Z0.0000 F2500.0
G4 P0.02
G0 X53.1381 Y-269.7157 F15000.0
G1 Z11.9000 F2500.0
G4 P0.02
G1 X51.2570 Y-265.9117 F12000.0
G1 Z0.0000 F2500.0
G4 P0.02
G0 X52.6364 Y-264.3233 F15000.0
G1 Z11.9000 F2500.0
G4 P0.02
G1 X52.4692 Y-263.8216 F12000.0
G1 Z0.0000 F2500.0
G4 P0.02
G0 X52.3856 Y-263.7380 F15000.0
G1 Z11.9000 F2500.0
G4 P0.02
G1 X50.3373 Y-263.6962 F12000.0
G1 X50.1701 Y-263.6126
G1 Z0.0000 F2500.0
G4 P0.02
G0 X51.1315 Y-265.6609 F15000.0
G1 Z11.9000 F2500.0
G4 P0.02
G1 X50.2955 Y-263.7380 F12000.0
G1 Z0.0000 F2500.0
G4 P0.02
G0 X50.2119 Y-269.5902 F15000.0
G1 Z11.9000 F2500.0
G4 P0.02
G1 X49.5013 Y-269.1722 F12000.0
G1 X49.0415 Y-268.7124
G1 Z0.0000 F2500.0
G4 P0.02
G0 X49.3759 Y-264.3233 F15000.0
G1 Z11.9000 F2500.0
G4 P0.02
G1 X49.8357 Y-265.4519 F12000.0
G1 X49.7939 Y-266.6641
G1 Z0.0000 F2500.0
G4 P0.02
G0 X49.6685 Y-266.7896 F15000.0
G1 Z11.9000 F2500.0
G4 P0.02
G1 X48.1637 Y-266.9149 F12000.0
G1 X48.1637 Y-267.3330
G1 X48.7071 Y-268.2944
G1 Z0.0000 F2500.0
G4 P0.02
G0 X49.0415 Y-263.9471 F15000.0
G1 Z11.9000 F2500.0
G4 P0.02
G1 X48.0382 Y-263.6544 F12000.0
G1 X47.7456 Y-263.6962
G1 X47.5366 Y-263.8216
G1 X47.2858 Y-264.4905
G1 X47.9128 Y-266.7477
G1 Z0.0000 F2500.0
G4 P0.02
G0 X28.2883 Y-250.4956 F15000.0
G1 Z11.9000 F2500.0
G4 P0.02
G1 X28.2047 Y-250.3702 F12000.0
G1 Z0.0000 F2500.0
G4 P0.02
G0 X27.9121 Y-246.6916 F15000.0
G1 Z11.9000 F2500.0
G4 P0.02
G1 X25.9056 Y-246.3154 F12000.0
G1 X26.0728 Y-246.7752
G1 X27.2432 Y-248.7399
G1 Z0.0000 F2500.0
G4 P0.02
G0 X27.0342 Y-251.3317 F15000.0
G1 Z11.9000 F2500.0
G4 P0.02
G1 X26.4490 Y-250.4538 F12000.0
G1 Z0.0000 F2500.0
G4 P0.02
G0 X126.7602 Y-52.9253 F15000.0
G1 Z11.9000 F2500.0
G4 P0.02
G1 X119.8303 Y-52.9253 F12000.0
G1 X89.4640 Y-52.9253 F12000.0
G1 X82.6121 Y-52.9253 F12000.0
G1 Z0.0000 F2500.0
G4 P0.02
G0 X89.4640 Y-109.9985 F15000.0
G1 Z11.9000 F2500.0
G4 P0.02
G1 X82.6121 Y-109.9985 F12000.0
G1 Z0.0000 F2500.0
G4 P0.02
G0 X119.8303 Y-109.9985 F15000.0
G1 Z11.9000 F2500.0
G4 P0.02
G1 X89.4640 Y-109.9985 F12000.0
G1 Z0.0000 F2500.0
G4 P0.02
G0 X126.7602 Y-109.9985 F15000.0
G1 Z11.9000 F2500.0
G4 P0.02
G1 X119.8303 Y-109.9985 F12000.0
G1 Z0.0000 F2500.0
G4 P0.02
G0 X126.7602 Y-109.9985 F15000.0
G1 Z11.9000 F2500.0
G4 P0.02
G1 X126.7602 Y-52.9253 F12000.0
G1 Z0.0000 F2500.0
G4 P0.02
G0 X82.6121 Y-109.9985 F15000.0
G1 Z11.9000 F2500.0
G4 P0.02
G1 X82.6121 Y-52.9253 F12000.0
G1 Z0.0000 F2500.0
G4 P0.02
G0 X123.0228 Y-110.9328 F15000.0
G1 Z11.9000 F2500.0
G4 P0.02
G1 X123.0228 Y-120.1206 F12000.0
G1 Z0.0000 F2500.0
G4 P0.02
G0 X86.2716 Y-110.9328 F15000.0
G1 Z11.9000 F2500.0
G4 P0.02
G1 X86.2716 Y-120.1206 F12000.0
G1 Z0.0000 F2500.0
G4 P0.02
G0 X123.0228 Y-120.1206 F15000.0
G1 Z11.9000 F2500.0
G4 P0.02
G1 X122.8670 Y-120.5878 F12000.0
G1 X122.4777 Y-120.8992 F12000.0
G1 X122.0884 Y-120.9771 F12000.0
G1 Z0.0000 F2500.0
G4 P0.02
G0 X85.3372 Y-109.9985 F15000.0
G1 Z11.9000 F2500.0
G4 P0.02
G1 X85.8823 Y-110.1543 F12000.0
G1 X86.1938 Y-110.5435 F12000.0
G1 X86.2716 Y-110.9328 F12000.0
G1 Z0.0000 F2500.0
G4 P0.02
G0 X123.9571 Y-109.9985 F15000.0
G1 Z11.9000 F2500.0
G4 P0.02
G1 X123.4899 Y-110.1543 F12000.0
G1 X123.1006 Y-110.5435 F12000.0
G1 X123.0228 Y-110.9328 F12000.0
G1 Z0.0000 F2500.0
G4 P0.02
G0 X86.2716 Y-120.1206 F15000.0
G1 Z11.9000 F2500.0
G4 P0.02
G1 X86.4274 Y-120.5878 F12000.0
G1 X86.8167 Y-120.8992 F12000.0
G1 X87.2059 Y-120.9771 F12000.0
G1 X122.0884 Y-120.9771 F12000.0
G1 Z0.0000 F2500.0
G4 P0.02
G0 X87.4395 Y-75.0382 F15000.0
G1 Z11.9000 F2500.0
G4 P0.02
G1 X87.5953 Y-74.0261 F12000.0
G1 X87.9846 Y-73.0917 F12000.0
G1 X88.6854 Y-72.3131 F12000.0
G1 X89.6197 Y-71.8459 F12000.0
G1 X90.6320 Y-71.6123 F12000.0
G1 X91.6441 Y-71.6902 F12000.0
G1 X92.5785 Y-72.0795 F12000.0
G1 X93.4350 Y-72.7023 F12000.0
G1 X93.9800 Y-73.5589 F12000.0
G1 X94.2915 Y-74.5710 F12000.0
G1 X94.2915 Y-75.5833 F12000.0
G1 X93.9022 Y-76.5955 F12000.0
G1 X93.3571 Y-77.4520 F12000.0
G1 X92.5007 Y-78.0749 F12000.0
G1 X91.5663 Y-78.3863 F12000.0
G1 X90.4762 Y-78.4642 F12000.0
G1 X89.5418 Y-78.2306 F12000.0
G1 X88.6075 Y-77.6856 F12000.0
G1 X87.9846 Y-76.9069 F12000.0
G1 X87.5174 Y-75.9726 F12000.0
G1 X87.4395 Y-75.0382 F12000.0
G1 Z0.0000 F2500.0
G4 P0.02
G0 X115.0029 Y-75.0382 F15000.0
G1 Z11.9000 F2500.0
G4 P0.02
G1 X115.1586 Y-74.0261 F12000.0
G1 X115.6257 Y-73.0917 F12000.0
G1 X116.3265 Y-72.3131 F12000.0
G1 X117.1831 Y-71.8459 F12000.0
G1 X118.1952 Y-71.6123 F12000.0
G1 X119.2854 Y-71.6902 F12000.0
G1 X120.2197 Y-72.0795 F12000.0
G1 X120.9983 Y-72.7023 F12000.0
G1 X121.5433 Y-73.5589 F12000.0
G1 X121.8548 Y-74.5710 F12000.0
G1 X121.8548 Y-75.5833 F12000.0
G1 X121.5433 Y-76.5955 F12000.0
G1 X120.9205 Y-77.4520 F12000.0
G1 X120.1418 Y-78.0749 F12000.0
G1 X119.1296 Y-78.3863 F12000.0
G1 X118.1174 Y-78.4642 F12000.0
G1 X117.1052 Y-78.2306 F12000.0
G1 X116.2487 Y-77.6856 F12000.0
G1 X115.5479 Y-76.9069 F12000.0
G1 X115.1586 Y-75.9726 F12000.0
G1 X115.0029 Y-75.0382 F12000.0
G1 Z0.0000 F2500.0
G4 P0.02
G0 X84.8701 Y-102.6016 F15000.0
G1 Z11.9000 F2500.0
G4 P0.02
G1 X85.0258 Y-104.0031 F12000.0
G1 X85.4930 Y-105.2489 F12000.0
G1 X86.1938 Y-106.4169 F12000.0
G1 X87.2059 Y-107.3512 F12000.0
G1 X88.3739 Y-108.0520 F12000.0
G1 X89.6976 Y-108.4413 F12000.0
G1 X90.8655 Y-108.5970 F12000.0
G1 Z0.0000 F2500.0
G4 P0.02
G0 X90.8655 Y-69.0428 F15000.0
G1 Z11.9000 F2500.0
G4 P0.02
G1 X89.5418 Y-69.1985 F12000.0
G1 X88.2182 Y-69.6657 F12000.0
G1 X87.0502 Y-70.3665 F12000.0
G1 X86.1159 Y-71.3787 F12000.0
G1 X85.4151 Y-72.5466 F12000.0
G1 X85.0258 Y-73.8703 F12000.0
G1 X84.8701 Y-75.0382 F12000.0
G1 Z0.0000 F2500.0
G4 P0.02
G0 X90.8655 Y-108.5970 F15000.0
G1 Z11.9000 F2500.0
G4 P0.02
G1 X118.4288 Y-108.5970 F12000.0
G1 Z0.0000 F2500.0
G4 P0.02
G0 X118.4288 Y-69.0428 F15000.0
G1 Z11.9000 F2500.0
G4 P0.02
G1 X90.8655 Y-69.0428 F12000.0
G1 Z0.0000 F2500.0
G4 P0.02
G0 X115.0029 Y-102.6016 F15000.0
G1 Z11.9000 F2500.0
G4 P0.02
G1 X115.1586 Y-101.5893 F12000.0
G1 X115.6257 Y-100.6550 F12000.0
G1 X116.3265 Y-99.8764 F12000.0
G1 X117.1831 Y-99.4092 F12000.0
G1 X118.1952 Y-99.1756 F12000.0
G1 X119.2854 Y-99.2534 F12000.0
G1 X120.2197 Y-99.6428 F12000.0
G1 X120.9983 Y-100.2657 F12000.0
G1 X121.5433 Y-101.2000 F12000.0
G1 X121.8548 Y-102.1344 F12000.0
G1 X121.8548 Y-103.2244 F12000.0
G1 X121.5433 Y-104.1588 F12000.0
G1 X120.9205 Y-105.0153 F12000.0
G1 X120.1418 Y-105.6382 F12000.0
G1 X119.1296 Y-106.0275 F12000.0
G1 X118.1174 Y-106.0275 F12000.0
G1 X117.1052 Y-105.7939 F12000.0
G1 X116.2487 Y-105.2489 F12000.0
G1 X115.5479 Y-104.4703 F12000.0
G1 X115.1586 Y-103.5359 F12000.0
G1 X115.0029 Y-102.6016 F12000.0
G1 Z0.0000 F2500.0
G4 P0.02
G0 X84.8701 Y-75.0382 F15000.0
G1 Z11.9000 F2500.0
G4 P0.02
G1 X84.8701 Y-102.6016 F12000.0
G1 Z0.0000 F2500.0
G4 P0.02
G0 X87.4395 Y-102.6016 F15000.0
G1 Z11.9000 F2500.0
G4 P0.02
G1 X87.5953 Y-101.5893 F12000.0
G1 X87.9846 Y-100.6550 F12000.0
G1 X88.6854 Y-99.8764 F12000.0
G1 X89.6197 Y-99.4092 F12000.0
G1 X90.6320 Y-99.1756 F12000.0
G1 X91.6441 Y-99.2534 F12000.0
G1 X92.5785 Y-99.6428 F12000.0
G1 X93.4350 Y-100.2657 F12000.0
G1 X93.9800 Y-101.2000 F12000.0
G1 X94.2915 Y-102.1344 F12000.0
G1 X94.2915 Y-103.2244 F12000.0
G1 X93.9022 Y-104.1588 F12000.0
G1 X93.3571 Y-105.0153 F12000.0
G1 X92.5007 Y-105.6382 F12000.0
G1 X91.5663 Y-106.0275 F12000.0
G1 X90.4762 Y-106.0275 F12000.0
G1 X89.5418 Y-105.7939 F12000.0
G1 X88.6075 Y-105.2489 F12000.0
G1 X87.9846 Y-104.4703 F12000.0
G1 X87.5174 Y-103.5359 F12000.0
G1 X87.4395 Y-102.6016 F12000.0
G1 Z0.0000 F2500.0
G4 P0.02
G0 X124.4243 Y-75.0382 F15000.0
G1 Z11.9000 F2500.0
G4 P0.02
G1 X124.2685 Y-73.6367 F12000.0
G1 X123.8013 Y-72.3909 F12000.0
G1 X123.1006 Y-71.2230 F12000.0
G1 X122.0884 Y-70.2887 F12000.0
G1 X120.9205 Y-69.5879 F12000.0
G1 X119.6746 Y-69.1985 F12000.0
G1 X118.4288 Y-69.0428 F12000.0
G1 Z0.0000 F2500.0
G4 P0.02
G0 X124.4243 Y-102.6016 F15000.0
G1 Z11.9000 F2500.0
G4 P0.02
G1 X124.4243 Y-75.0382 F12000.0
G1 Z0.0000 F2500.0
G4 P0.02
G0 X118.4288 Y-108.5970 F15000.0
G1 Z11.9000 F2500.0
G4 P0.02
G1 X119.8303 Y-108.4413 F12000.0
G1 X121.0762 Y-107.9741 F12000.0
G1 X122.2441 Y-107.2733 F12000.0
G1 X123.1784 Y-106.2611 F12000.0
G1 X123.8792 Y-105.0931 F12000.0
G1 X124.2685 Y-103.7695 F12000.0
G1 X124.4243 Y-102.6016 F12000.0
G1 Z0.0000 F2500.0
G4 P0.02
G0 X89.9312 Y-88.8199 F15000.0
G1 Z11.9000 F2500.0
G4 P0.02
G1 X90.0869 Y-86.7176 F12000.0
G1 X90.5541 Y-84.6153 F12000.0
G1 X91.3327 Y-82.5909 F12000.0
G1 X92.3449 Y-80.7222 F12000.0
G1 X93.6686 Y-79.0092 F12000.0
G1 X95.2258 Y-77.5299 F12000.0
G1 X96.9388 Y-76.2840 F12000.0
G1 X98.8075 Y-75.2718 F12000.0
G1 X100.8319 Y-74.5710 F12000.0
G1 X102.9342 Y-74.1818 F12000.0
G1 X105.1144 Y-74.1039 F12000.0
G1 X107.2167 Y-74.3374 F12000.0
G1 X109.3189 Y-74.8825 F12000.0
G1 X111.2655 Y-75.6612 F12000.0
G1 X113.1342 Y-76.7512 F12000.0
G1 X114.7693 Y-78.1527 F12000.0
G1 X116.1708 Y-79.7100 F12000.0
G1 X117.4166 Y-81.5009 F12000.0
G1 X118.3510 Y-83.4474 F12000.0
G1 X118.9739 Y-85.4718 F12000.0
G1 X119.2854 Y-87.5741 F12000.0
G1 X119.3632 Y-89.6763 F12000.0
G1 X119.0518 Y-91.8565 F12000.0
G1 X118.5067 Y-93.8809 F12000.0
G1 X117.5723 Y-95.8275 F12000.0
G1 X116.4044 Y-97.6183 F12000.0
G1 X115.0029 Y-99.2534 F12000.0
G1 X113.4457 Y-100.6550 F12000.0
G1 X111.5770 Y-101.8229 F12000.0
G1 X109.6304 Y-102.6795 F12000.0
G1 X107.6060 Y-103.2244 F12000.0
G1 X105.5037 Y-103.5359 F12000.0
G1 X103.3235 Y-103.4580 F12000.0
G1 X101.2212 Y-103.1466 F12000.0
G1 X99.1968 Y-102.4459 F12000.0
G1 X97.2502 Y-101.5115 F12000.0
G1 X95.4594 Y-100.3436 F12000.0
G1 X93.9022 Y-98.8642 F12000.0
G1 X92.5785 Y-97.2290 F12000.0
G1 X91.4884 Y-95.3603 F12000.0
G1 X90.7098 Y-93.4137 F12000.0
G1 X90.1648 Y-91.3115 F12000.0
G1 X89.9312 Y-89.2092 F12000.0
G1 X89.9312 Y-88.8199 F12000.0
G1 Z0.0000 F2500.0
G4 P0.02
G0 X94.0579 Y-88.8199 F15000.0
G1 Z11.9000 F2500.0
G4 P0.02
G1 X94.2136 Y-87.0291 F12000.0
G1 X94.6807 Y-85.2382 F12000.0
G1 X95.4594 Y-83.6032 F12000.0
G1 X96.4716 Y-82.1237 F12000.0
G1 X97.7174 Y-80.8001 F12000.0
G1 X99.1968 Y-79.7879 F12000.0
G1 X100.8319 Y-78.9314 F12000.0
G1 X102.5449 Y-78.4642 F12000.0
G1 X104.4136 Y-78.2306 F12000.0
G1 X106.2044 Y-78.3863 F12000.0
G1 X107.9174 Y-78.7756 F12000.0
G1 X109.6304 Y-79.4764 F12000.0
G1 X111.1098 Y-80.4886 F12000.0
G1 X112.5113 Y-81.7345 F12000.0
G1 X113.6014 Y-83.1360 F12000.0
G1 X114.3800 Y-84.7711 F12000.0
G1 X115.0029 Y-86.4840 F12000.0
G1 X115.2365 Y-88.2748 F12000.0
G1 X115.1586 Y-90.0657 F12000.0
G1 X114.7693 Y-91.8565 F12000.0
G1 X114.1464 Y-93.5695 F12000.0
G1 X113.1342 Y-95.1268 F12000.0
G1 X111.9662 Y-96.4504 F12000.0
G1 X110.5647 Y-97.6183 F12000.0
G1 X109.0075 Y-98.4749 F12000.0
G1 X107.2945 Y-99.0977 F12000.0
G1 X105.5037 Y-99.3313 F12000.0
G1 X103.6350 Y-99.3313 F12000.0
G1 X101.8442 Y-99.0199 F12000.0
G1 X100.2090 Y-98.3970 F12000.0
G1 X98.5739 Y-97.4626 F12000.0
G1 X97.1724 Y-96.3726 F12000.0
G1 X96.0045 Y-94.9711 F12000.0
G1 X95.1479 Y-93.4137 F12000.0
G1 X94.4472 Y-91.7008 F12000.0
G1 X94.1358 Y-89.9099 F12000.0
G1 X94.0579 Y-88.8199 F12000.0
G1 Z0.0000 F2500.0
G4 P0.02
G0 X97.3281 Y-88.8199 F15000.0
G1 Z11.9000 F2500.0
G4 P0.02
G1 X97.4838 Y-87.3405 F12000.0
G1 X97.8732 Y-85.8611 F12000.0
G1 X98.6517 Y-84.5375 F12000.0
G1 X99.6640 Y-83.4474 F12000.0
G1 X100.8319 Y-82.5130 F12000.0
G1 X102.2334 Y-81.8901 F12000.0
G1 X103.7129 Y-81.5009 F12000.0
G1 X105.1922 Y-81.5009 F12000.0
G1 X106.6716 Y-81.7345 F12000.0
G1 X108.0731 Y-82.3573 F12000.0
G1 X109.3189 Y-83.1360 F12000.0
G1 X110.4090 Y-84.2260 F12000.0
G1 X111.2655 Y-85.5497 F12000.0
G1 X111.7326 Y-86.9512 F12000.0
G1 X111.9662 Y-88.4306 F12000.0
G1 X111.8883 Y-89.9099 F12000.0
G1 X111.5770 Y-91.3894 F12000.0
G1 X110.8762 Y-92.7909 F12000.0
G1 X109.9418 Y-93.9588 F12000.0
G1 X108.7739 Y-94.8932 F12000.0
G1 X107.4503 Y-95.5939 F12000.0
G1 X105.9708 Y-96.0611 F12000.0
G1 X104.4914 Y-96.2168 F12000.0
G1 X103.0121 Y-95.9832 F12000.0
G1 X101.5327 Y-95.5160 F12000.0
G1 X100.2869 Y-94.7375 F12000.0
G1 X99.1189 Y-93.7252 F12000.0
G1 X98.2625 Y-92.4794 F12000.0
G1 X97.6396 Y-91.0779 F12000.0
G1 X97.3281 Y-89.5985 F12000.0
G1 X97.3281 Y-88.8199 F12000.0
G1 Z0.0000 F2500.0
G4 P0.02
G0 X119.8303 Y-109.9985 F15000.0
G1 Z11.9000 F2500.0
G4 P0.02
G1 X119.8303 Y-108.4413 F12000.0
G1 Z0.0000 F2500.0
G4 P0.02
G0 X119.8303 Y-105.7939 F15000.0
G1 Z11.9000 F2500.0
G4 P0.02
G1 X119.8303 Y-99.4870 F12000.0
G1 Z0.0000 F2500.0
G4 P0.02
G0 X89.4640 Y-78.1527 F15000.0
G1 Z11.9000 F2500.0
G4 P0.02
G1 X89.4640 Y-71.8459 F12000.0
G1 Z0.0000 F2500.0
G4 P0.02
G0 X89.4640 Y-69.1985 F15000.0
G1 Z11.9000 F2500.0
G4 P0.02
G1 X89.4640 Y-52.9253 F12000.0
G1 Z0.0000 F2500.0
G4 P0.02
G0 X89.4640 Y-109.9985 F15000.0
G1 Z11.9000 F2500.0
G4 P0.02
G1 X89.4640 Y-108.4413 F12000.0
G1 Z0.0000 F2500.0
G4 P0.02
G0 X89.4640 Y-105.7939 F15000.0
G1 Z11.9000 F2500.0
G4 P0.02
G1 X89.4640 Y-99.4870 F12000.0
G1 Z0.0000 F2500.0
G4 P0.02
G0 X119.8303 Y-78.1527 F15000.0
G1 Z11.9000 F2500.0
G4 P0.02
G1 X119.8303 Y-71.8459 F12000.0
G1 Z0.0000 F2500.0
G4 P0.02
G0 X119.8303 Y-69.1985 F15000.0
G1 Z11.9000 F2500.0
G4 P0.02
G1 X119.8303 Y-52.9253 F12000.0
G1 Z0.0000 F2500.0
G4 P0.02
G0 X104.6472 Y-122.8458 F15000.0
G1 Z11.9000 F2500.0
G4 P0.02
G1 X104.6472 Y-111.8672 F12000.0
G1 Z0.0000 F2500.0
G4 P0.02
G0 X104.6472 Y-110.5435 F15000.0
G1 Z11.9000 F2500.0
G4 P0.02
G1 X104.6472 Y-109.0641 F12000.0
G1 Z0.0000 F2500.0
G4 P0.02
G0 X104.6472 Y-107.6626 F15000.0
G1 Z11.9000 F2500.0
G4 P0.02
G1 X104.6472 Y-96.6840 F12000.0
G1 Z0.0000 F2500.0
G4 P0.02
G0 X104.6472 Y-95.2825 F15000.0
G1 Z11.9000 F2500.0
G4 P0.02
G1 X104.6472 Y-93.8809 F12000.0
G1 Z0.0000 F2500.0
G4 P0.02
G0 X104.6472 Y-92.4794 F15000.0
G1 Z11.9000 F2500.0
G4 P0.02
G1 X104.6472 Y-81.5009 F12000.0
G1 Z0.0000 F2500.0
G4 P0.02
G0 X104.6472 Y-77.2963 F15000.0
G1 Z11.9000 F2500.0
G4 P0.02
G1 X104.6472 Y-66.3177 F12000.0
G1 Z0.0000 F2500.0
G4 P0.02
G0 X104.6472 Y-64.9161 F15000.0
G1 Z11.9000 F2500.0
G4 P0.02
G1 X104.6472 Y-63.4367 F12000.0
G1 Z0.0000 F2500.0
G4 P0.02
G0 X104.6472 Y-62.1131 F15000.0
G1 Z11.9000 F2500.0
G4 P0.02
G1 X104.6472 Y-51.1345 F12000.0
G1 Z0.0000 F2500.0
G4 P0.02
G0 X104.6472 Y-72.2352 F15000.0
G1 Z11.9000 F2500.0
G4 P0.02
G1 X104.6472 Y-80.5665 F12000.0
G1 Z0.0000 F2500.0
G4 P0.02
G0 X104.6472 Y-95.7496 F15000.0
G1 Z11.9000 F2500.0
G4 P0.02
G1 X104.6472 Y-94.3481 F12000.0
G1 Z0.0000 F2500.0
G4 P0.02
G0 X104.6472 Y-92.9466 F15000.0
G1 Z11.9000 F2500.0
G4 P0.02
G1 X104.6472 Y-88.8199 F12000.0
G1 Z0.0000 F2500.0
G4 P0.02
G0 X121.2319 Y-88.8199 F15000.0
G1 Z11.9000 F2500.0
G4 P0.02
G1 X112.9006 Y-88.8199 F12000.0
G1 Z0.0000 F2500.0
G4 P0.02
G0 X111.5770 Y-88.8199 F15000.0
G1 Z11.9000 F2500.0
G4 P0.02
G1 X110.1754 Y-88.8199 F12000.0
G1 Z0.0000 F2500.0
G4 P0.02
G0 X108.7739 Y-88.8199 F15000.0
G1 Z11.9000 F2500.0
G4 P0.02
G1 X104.6472 Y-88.8199 F12000.0
G1 Z0.0000 F2500.0
G4 P0.02
G0 X88.0625 Y-88.8199 F15000.0
G1 Z11.9000 F2500.0
G4 P0.02
G1 X96.3938 Y-88.8199 F12000.0
G1 Z0.0000 F2500.0
G4 P0.02
G0 X97.7174 Y-88.8199 F15000.0
G1 Z11.9000 F2500.0
G4 P0.02
G1 X99.1189 Y-88.8199 F12000.0
G1 Z0.0000 F2500.0
G4 P0.02
G0 X100.5204 Y-88.8199 F15000.0
G1 Z11.9000 F2500.0
G4 P0.02
G1 X104.6472 Y-88.8199 F12000.0
G1 Z0.0000 F2500.0
G4 P0.02
G0 X118.4288 Y-97.3069 F15000.0
G1 Z11.9000 F2500.0
G4 P0.02
G1 X118.4288 Y-102.6016 F12000.0
G1 Z0.0000 F2500.0
G4 P0.02
G0 X118.4288 Y-107.8962 F15000.0
G1 Z11.9000 F2500.0
G4 P0.02
G1 X118.4288 Y-102.6016 F12000.0
G1 Z0.0000 F2500.0
G4 P0.02
G0 X113.1342 Y-102.6016 F15000.0
G1 Z11.9000 F2500.0
G4 P0.02
G1 X118.4288 Y-102.6016 F12000.0
G1 Z0.0000 F2500.0
G4 P0.02
G0 X90.8655 Y-97.3069 F15000.0
G1 Z11.9000 F2500.0
G4 P0.02
G1 X90.8655 Y-102.6016 F12000.0
G1 Z0.0000 F2500.0
G4 P0.02
G0 X90.8655 Y-107.8962 F15000.0
G1 Z11.9000 F2500.0
G4 P0.02
G1 X90.8655 Y-102.6016 F12000.0
G1 Z0.0000 F2500.0
G4 P0.02
G0 X96.1602 Y-102.6016 F15000.0
G1 Z11.9000 F2500.0
G4 P0.02
G1 X90.8655 Y-102.6016 F12000.0
G1 Z0.0000 F2500.0
G4 P0.02
G0 X85.5708 Y-102.6016 F15000.0
G1 Z11.9000 F2500.0
G4 P0.02
G1 X90.8655 Y-102.6016 F12000.0
G1 Z0.0000 F2500.0
G4 P0.02
G0 X118.4288 Y-69.7436 F15000.0
G1 Z11.9000 F2500.0
G4 P0.02
G1 X118.4288 Y-75.0382 F12000.0
G1 Z0.0000 F2500.0
G4 P0.02
G0 X118.4288 Y-80.3329 F15000.0
G1 Z11.9000 F2500.0
G4 P0.02
G1 X118.4288 Y-75.0382 F12000.0
G1 Z0.0000 F2500.0
G4 P0.02
G0 X113.1342 Y-75.0382 F15000.0
G1 Z11.9000 F2500.0
G4 P0.02
G1 X118.4288 Y-75.0382 F12000.0
G1 Z0.0000 F2500.0
G4 P0.02
G0 X90.8655 Y-69.7436 F15000.0
G1 Z11.9000 F2500.0
G4 P0.02
G1 X90.8655 Y-75.0382 F12000.0
G1 Z0.0000 F2500.0
G4 P0.02
G0 X90.8655 Y-80.3329 F15000.0
G1 Z11.9000 F2500.0
G4 P0.02
G1 X90.8655 Y-75.0382 F12000.0
G1 Z0.0000 F2500.0
G4 P0.02
G0 X96.1602 Y-75.0382 F15000.0
G1 Z11.9000 F2500.0
G4 P0.02
G1 X90.8655 Y-75.0382 F12000.0
G1 Z0.0000 F2500.0
G4 P0.02
G0 X85.5708 Y-75.0382 F15000.0
G1 Z11.9000 F2500.0
G4 P0.02
G1 X90.8655 Y-75.0382 F12000.0
G1 Z0.0000 F2500.0
G4 P0.02
G0 X89.6976 Y-120.9771 F15000.0
G1 Z11.9000 F2500.0
G4 P0.02
G1 X71.3999 Y-120.9771 F12000.0
G1 Z0.0000 F2500.0
G4 P0.02
G0 X82.6121 Y-109.9985 F15000.0
G1 Z11.9000 F2500.0
G4 P0.02
G1 X71.3999 Y-109.9985 F12000.0
G1 Z0.0000 F2500.0
G4 P0.02
G0 X118.4288 Y-102.6016 F15000.0
G1 Z11.9000 F2500.0
G4 P0.02
G1 X136.8822 Y-102.6016 F12000.0
G1 Z0.0000 F2500.0
G4 P0.02
G0 X118.4288 Y-75.0382 F15000.0
G1 Z11.9000 F2500.0
G4 P0.02
G1 X136.8822 Y-75.0382 F12000.0
G1 Z0.0000 F2500.0
G4 P0.02
G0 X84.3251 Y-120.9771 F15000.0
G1 Z11.9000 F2500.0
G4 P0.02
G1 X61.1220 Y-120.9771 F12000.0
G1 Z0.0000 F2500.0
G4 P0.02
G0 X82.6121 Y-52.9253 F15000.0
G1 Z11.9000 F2500.0
G4 P0.02
G1 X61.1220 Y-52.9253 F12000.0
G1 Z0.0000 F2500.0
G4 P0.02
G0 X121.2319 Y-73.0138 F15000.0
G1 Z11.9000 F2500.0
G4 P0.02
G1 X135.0135 Y-62.8138 F12000.0
G1 X153.0777 Y-62.8138 F12000.0
G1 Z0.0000 F2500.0
G4 P0.02
G0 X123.0228 Y-120.1206 F15000.0
G1 Z11.9000 F2500.0
G4 P0.02
G1 X123.0228 Y-133.9801 F12000.0
G1 Z0.0000 F2500.0
G4 P0.02
G0 X86.2716 Y-120.1206 F15000.0
G1 Z11.9000 F2500.0
G4 P0.02
G1 X86.2716 Y-133.9801 F12000.0
G1 Z0.0000 F2500.0
G4 P0.02
G0 X84.8701 Y-88.8199 F15000.0
G1 Z11.9000 F2500.0
G4 P0.02
G1 X71.3999 Y-88.8199 F12000.0
G1 Z0.0000 F2500.0
G4 P0.02
G0 X122.5556 Y-106.9618 F15000.0
G1 Z11.9000 F2500.0
G4 P0.02
G1 X135.0135 Y-120.1206 F12000.0
G1 X147.4716 Y-120.1206 F12000.0
G1 Z0.0000 F2500.0
G4 P0.02
G0 X73.1908 Y-120.9771 F15000.0
G1 Z11.9000 F2500.0
G4 P0.02
G1 X73.8136 Y-116.3832 F12000.0
G1 X73.1908 Y-116.8504 F12000.0
G1 X72.6457 Y-116.3832 F12000.0
G1 X73.1908 Y-120.9771 F12000.0
G1 Z0.0000 F2500.0
G4 P0.02
G0 X73.4633 Y-117.9549 F15000.0
G1 Z11.9000 F2500.0
G4 P0.02
G1 X73.4633 Y-118.7826 F12000.0
G1 Z0.0000 F2500.0
G4 P0.02
G0 X72.9182 Y-118.2274 F15000.0
G1 Z11.9000 F2500.0
G4 P0.02
G1 X72.9182 Y-119.0551 F12000.0
G1 Z0.0000 F2500.0
G4 P0.02
G0 X73.1908 Y-109.9985 F15000.0
G1 Z11.9000 F2500.0
G4 P0.02
G1 X72.6457 Y-114.5924 F12000.0
G1 X73.1908 Y-114.1253 F12000.0
G1 X73.8136 Y-114.5924 F12000.0
G1 X73.1908 Y-109.9985 F12000.0
G1 Z0.0000 F2500.0
G4 P0.02
G0 X72.9182 Y-111.8427 F15000.0
G1 Z11.9000 F2500.0
G4 P0.02
G1 X72.9182 Y-112.6704 F12000.0
G1 Z0.0000 F2500.0
G4 P0.02
G0 X73.4633 Y-112.1152 F15000.0
G1 Z11.9000 F2500.0
G4 P0.02
G1 X73.4633 Y-112.9429 F12000.0
G1 Z0.0000 F2500.0
G4 P0.02
G0 X73.1908 Y-120.9771 F15000.0
G1 Z11.9000 F2500.0
G4 P0.02
G1 X73.1908 Y-109.9985 F12000.0
G1 Z0.0000 F2500.0
G4 P0.02
G0 X137.3494 Y-95.2047 F15000.0
G1 Z11.9000 F2500.0
G4 P0.02
G1 X141.9433 Y-95.2047 F12000.0
G1 X141.9433 Y-90.6107 F12000.0
G1 X137.3494 Y-90.6107 F12000.0
G1 X137.3494 Y-95.2047 F12000.0
G1 Z0.0000 F2500.0
G4 P0.02
G0 X135.0135 Y-102.6016 F15000.0
G1 Z11.9000 F2500.0
G4 P0.02
G1 X135.6365 Y-98.0077 F12000.0
G1 X135.0135 Y-98.4749 F12000.0
G1 X134.4686 Y-98.0077 F12000.0
G1 X135.0135 Y-102.6016 F12000.0
G1 Z0.0000 F2500.0
G4 P0.02
G0 X135.2861 Y-99.5794 F15000.0
G1 Z11.9000 F2500.0
G4 P0.02
G1 X135.2861 Y-100.4070 F12000.0
G1 Z0.0000 F2500.0
G4 P0.02
G0 X134.7410 Y-99.8519 F15000.0
G1 Z11.9000 F2500.0
G4 P0.02
G1 X134.7410 Y-100.6795 F12000.0
G1 Z0.0000 F2500.0
G4 P0.02
G0 X135.0135 Y-75.0382 F15000.0
G1 Z11.9000 F2500.0
G4 P0.02
G1 X134.4686 Y-79.6322 F12000.0
G1 X135.0135 Y-79.1650 F12000.0
G1 X135.6365 Y-79.6322 F12000.0
G1 X135.0135 Y-75.0382 F12000.0
G1 Z0.0000 F2500.0
G4 P0.02
G0 X134.7410 Y-76.8825 F15000.0
G1 Z11.9000 F2500.0
G4 P0.02
G1 X134.7410 Y-77.7101 F12000.0
G1 Z0.0000 F2500.0
G4 P0.02
G0 X135.2861 Y-77.1549 F15000.0
G1 Z11.9000 F2500.0
G4 P0.02
G1 X135.2861 Y-77.9826 F12000.0
G1 Z0.0000 F2500.0
G4 P0.02
G0 X135.0135 Y-102.6016 F15000.0
G1 Z11.9000 F2500.0
G4 P0.02
G1 X135.0135 Y-75.0382 F12000.0
G1 Z0.0000 F2500.0
G4 P0.02
G0 X62.9907 Y-120.9771 F15000.0
G1 Z11.9000 F2500.0
G4 P0.02
G1 X63.6137 Y-116.3832 F12000.0
G1 X62.9907 Y-116.8504 F12000.0
G1 X62.3678 Y-116.3832 F12000.0
G1 X62.9907 Y-120.9771 F12000.0
G1 Z0.0000 F2500.0
G4 P0.02
G0 X63.2633 Y-117.9549 F15000.0
G1 Z11.9000 F2500.0
G4 P0.02
G1 X63.2633 Y-118.7826 F12000.0
G1 Z0.0000 F2500.0
G4 P0.02
G0 X62.6793 Y-118.2274 F15000.0
G1 Z11.9000 F2500.0
G4 P0.02
G1 X62.6793 Y-119.0551 F12000.0
G1 Z0.0000 F2500.0
G4 P0.02
G0 X62.9907 Y-52.9253 F15000.0
G1 Z11.9000 F2500.0
G4 P0.02
G1 X62.3678 Y-57.5191 F12000.0
G1 X62.9907 Y-57.1298 F12000.0
G1 X63.6137 Y-57.5191 F12000.0
G1 X62.9907 Y-52.9253 F12000.0
G1 Z0.0000 F2500.0
G4 P0.02
G0 X62.6793 Y-54.7694 F15000.0
G1 Z11.9000 F2500.0
G4 P0.02
G1 X62.6793 Y-55.5971 F12000.0
G1 Z0.0000 F2500.0
G4 P0.02
G0 X63.2633 Y-55.0420 F15000.0
G1 Z11.9000 F2500.0
G4 P0.02
G1 X63.2633 Y-55.8697 F12000.0
G1 Z0.0000 F2500.0
G4 P0.02
G0 X62.9907 Y-120.9771 F15000.0
G1 Z11.9000 F2500.0
G4 P0.02
G1 X62.9907 Y-52.9253 F12000.0
G1 Z0.0000 F2500.0
G4 P0.02
G0 X115.7036 Y-77.0627 F15000.0
G1 Z11.9000 F2500.0
G4 P0.02
G1 X112.3555 Y-80.2550 F12000.0
G1 X112.3555 Y-79.5543 F12000.0
G1 X111.5770 Y-79.3207 F12000.0
G1 X115.7036 Y-77.0627 F12000.0
G1 X110.4868 Y-80.8779 F12000.0
G1 Z0.0000 F2500.0
G4 P0.02
G0 X114.1957 Y-78.3759 F15000.0
G1 Z11.9000 F2500.0
G4 P0.02
G1 X113.5520 Y-79.0197 F12000.0
G1 Z0.0000 F2500.0
G4 P0.02
G0 X113.9373 Y-78.3474 F15000.0
G1 Z11.9000 F2500.0
G4 P0.02
G1 X113.1096 Y-78.3474 F12000.0
G1 Z0.0000 F2500.0
G4 P0.02
G0 X121.2319 Y-73.0138 F15000.0
G1 Z11.9000 F2500.0
G4 P0.02
G1 X124.5800 Y-69.7436 F12000.0
G1 X124.5800 Y-70.5222 F12000.0
G1 X125.2807 Y-70.7558 F12000.0
G1 X121.2319 Y-73.0138 F12000.0
G1 Z0.0000 F2500.0
G4 P0.02
G0 X123.8259 Y-71.6902 F15000.0
G1 Z11.9000 F2500.0
G4 P0.02
G1 X122.9982 Y-71.6902 F12000.0
G1 Z0.0000 F2500.0
G4 P0.02
G0 X115.7036 Y-77.0627 F15000.0
G1 Z11.9000 F2500.0
G4 P0.02
G1 X121.2319 Y-73.0138 F12000.0
G1 Z0.0000 F2500.0
G4 P0.02
G0 X149.3557 Y-68.6126 F15000.0
G1 Z11.9000 F2500.0
G4 P0.02
G1 X149.1467 Y-68.1110 F12000.0
G1 X149.1048 Y-67.7766
G1 X150.1917 Y-67.6930
G1 X150.1499 Y-67.4422
G1 X149.1884 Y-65.7701
G1 Z0.0000 F2500.0
G4 P0.02
G0 X148.8959 Y-65.2267 F15000.0
G1 Z11.9000 F2500.0
G4 P0.02
G1 X148.4778 Y-64.4743 F12000.0
G1 Z0.0000 F2500.0
G4 P0.02
G0 X148.2688 Y-67.6930 F15000.0
G1 Z11.9000 F2500.0
G4 P0.02
G1 X148.8959 Y-67.7348 F12000.0
G1 X148.6033 Y-66.7733
G1 Z0.0000 F2500.0
G4 P0.02
G0 X123.0228 Y-132.1114 F15000.0
G1 Z11.9000 F2500.0
G4 P0.02
G1 X118.4288 Y-131.5664 F12000.0
G1 X118.8960 Y-132.1114 F12000.0
G1 X118.4288 Y-132.7344 F12000.0
G1 X123.0228 Y-132.1114 F12000.0
G1 Z0.0000 F2500.0
G4 P0.02
G0 X120.7892 Y-131.8389 F15000.0
G1 Z11.9000 F2500.0
G4 P0.02
G1 X119.9616 Y-131.8389 F12000.0
G1 Z0.0000 F2500.0
G4 P0.02
G0 X121.1396 Y-132.3840 F15000.0
G1 Z11.9000 F2500.0
G4 P0.02
G1 X120.3119 Y-132.3840 F12000.0
G1 Z0.0000 F2500.0
G4 P0.02
G0 X86.2716 Y-132.1114 F15000.0
G1 Z11.9000 F2500.0
G4 P0.02
G1 X90.8655 Y-132.7344 F12000.0
G1 X90.3984 Y-132.1114 F12000.0
G1 X90.8655 Y-131.5664 F12000.0
G1 X86.2716 Y-132.1114 F12000.0
G1 Z0.0000 F2500.0
G4 P0.02
G0 X88.9435 Y-132.3840 F15000.0
G1 Z11.9000 F2500.0
G4 P0.02
G1 X88.1158 Y-132.3840 F12000.0
G1 Z0.0000 F2500.0
G4 P0.02
G0 X89.2549 Y-131.8389 F15000.0
G1 Z11.9000 F2500.0
G4 P0.02
G1 X88.4272 Y-131.8389 F12000.0
G1 Z0.0000 F2500.0
G4 P0.02
G0 X123.0228 Y-132.1114 F15000.0
G1 Z11.9000 F2500.0
G4 P0.02
G1 X86.2716 Y-132.1114 F12000.0
G1 Z0.0000 F2500.0
G4 P0.02
G0 X73.1908 Y-88.8199 F15000.0
G1 Z11.9000 F2500.0
G4 P0.02
G1 X73.8136 Y-84.2260 F12000.0
G1 X73.1908 Y-84.6932 F12000.0
G1 X72.6457 Y-84.2260 F12000.0
G1 X73.1908 Y-88.8199 F12000.0
G1 Z0.0000 F2500.0
G4 P0.02
G0 X73.4633 Y-85.7977 F15000.0
G1 Z11.9000 F2500.0
G4 P0.02
G1 X73.4633 Y-86.6254 F12000.0
G1 Z0.0000 F2500.0
G4 P0.02
G0 X72.9182 Y-86.0702 F15000.0
G1 Z11.9000 F2500.0
G4 P0.02
G1 X72.9182 Y-86.8978 F12000.0
G1 Z0.0000 F2500.0
G4 P0.02
G0 X73.1908 Y-52.9253 F15000.0
G1 Z11.9000 F2500.0
G4 P0.02
G1 X72.6457 Y-57.5191 F12000.0
G1 X73.1908 Y-57.1298 F12000.0
G1 X73.8136 Y-57.5191 F12000.0
G1 X73.1908 Y-52.9253 F12000.0
G1 Z0.0000 F2500.0
G4 P0.02
G0 X72.9182 Y-54.7694 F15000.0
G1 Z11.9000 F2500.0
G4 P0.02
G1 X72.9182 Y-55.5971 F12000.0
G1 Z0.0000 F2500.0
G4 P0.02
G0 X73.4633 Y-55.0420 F15000.0
G1 Z11.9000 F2500.0
G4 P0.02
G1 X73.4633 Y-55.8697 F12000.0
G1 Z0.0000 F2500.0
G4 P0.02
G0 X73.1908 Y-88.8199 F15000.0
G1 Z11.9000 F2500.0
G4 P0.02
G1 X73.1908 Y-52.9253 F12000.0
G1 Z0.0000 F2500.0
G4 P0.02
G0 X122.5556 Y-106.9618 F15000.0
G1 Z11.9000 F2500.0
G4 P0.02
G1 X119.8303 Y-103.2244 F12000.0
G1 X119.7525 Y-103.9252 F12000.0
G1 X118.9739 Y-104.0031 F12000.0
G1 X122.5556 Y-106.9618 F12000.0
G1 Z0.0000 F2500.0
G4 P0.02
G0 X121.3201 Y-104.6156 F15000.0
G1 Z11.9000 F2500.0
G4 P0.02
G1 X120.6764 Y-105.2593 F12000.0
G1 Z0.0000 F2500.0
G4 P0.02
G0 X121.0087 Y-105.0827 F15000.0
G1 Z11.9000 F2500.0
G4 P0.02
G1 X120.3650 Y-105.7265 F12000.0
G1 Z0.0000 F2500.0
G4 P0.02
G0 X118.4288 Y-102.6016 F15000.0
G1 Z11.9000 F2500.0
G4 P0.02
G1 X122.5556 Y-106.9618 F12000.0
G1 Z0.0000 F2500.0
G4 P0.02
G0 X0.0000 Y-216.9595 F15000.0
G1 Z11.9000 F2500.0
G4 P0.02
G1 X0.0000 Y-273.9770 F12000.0
G1 X174.7310 Y-273.9770 F12000.0
G1 Z0.0000 F2500.0
G4 P0.02
G0 X170.1296 Y-223.3663 F15000.0
G1 Z11.9000 F2500.0
G4 P0.02
G1 X0.0000 Y-223.3663 F12000.0
G1 Z0.0000 F2500.0
G4 P0.02
G0 X170.1296 Y-232.5541 F15000.0
G1 Z11.9000 F2500.0
G4 P0.02
G1 X110.3311 Y-232.5541 F12000.0
G1 Z0.0000 F2500.0
G4 P0.02
G0 X170.1296 Y-237.1480 F15000.0
G1 Z11.9000 F2500.0
G4 P0.02
G1 X110.3311 Y-237.1480 F12000.0
G1 Z0.0000 F2500.0
G4 P0.02
G0 X170.1296 Y-250.9296 F15000.0
G1 Z11.9000 F2500.0
G4 P0.02
G1 X110.3311 Y-250.9296 F12000.0
G1 Z0.0000 F2500.0
G4 P0.02
G0 X170.1296 Y-255.6014 F15000.0
G1 Z11.9000 F2500.0
G4 P0.02
G1 X110.3311 Y-255.6014 F12000.0
G1 Z0.0000 F2500.0
G4 P0.02
G0 X170.1296 Y-260.1953 F15000.0
G1 Z11.9000 F2500.0
G4 P0.02
G1 X110.3311 Y-260.1953 F12000.0
G1 Z0.0000 F2500.0
G4 P0.02
G0 X170.1296 Y-264.7892 F15000.0
G1 Z11.9000 F2500.0
G4 P0.02
G1 X110.3311 Y-264.7892 F12000.0
G1 Z0.0000 F2500.0
G4 P0.02
G0 X170.1296 Y-269.3830 F15000.0
G1 Z11.9000 F2500.0
G4 P0.02
G1 X110.3311 Y-269.3830 F12000.0
G1 Z0.0000 F2500.0
G4 P0.02
G0 X170.1296 Y-273.9770 F15000.0
G1 Z11.9000 F2500.0
G4 P0.02
G1 X170.1296 Y-223.3663 F12000.0
G1 Z0.0000 F2500.0
G4 P0.02
G0 X170.1296 Y-227.9602 F15000.0
G1 Z11.9000 F2500.0
G4 P0.02
G1 X110.3311 Y-227.9602 F12000.0
G1 Z0.0000 F2500.0
G4 P0.02
G0 X154.4792 Y-273.9770 F15000.0
G1 Z11.9000 F2500.0
G4 P0.02
G1 X154.4792 Y-223.3663 F12000.0
G1 Z0.0000 F2500.0
G4 P0.02
G0 X133.3006 Y-273.9770 F15000.0
G1 Z11.9000 F2500.0
G4 P0.02
G1 X133.3006 Y-223.3663 F12000.0
G1 Z0.0000 F2500.0
G4 P0.02
G0 X119.5189 Y-273.9770 F15000.0
G1 Z11.9000 F2500.0
G4 P0.02
G1 X119.5189 Y-223.3663 F12000.0
G1 Z0.0000 F2500.0
G4 P0.02
G0 X110.3311 Y-273.9770 F15000.0
G1 Z11.9000 F2500.0
G4 P0.02
G1 X110.3311 Y-223.3663 F12000.0
G1 Z0.0000 F2500.0
G4 P0.02
G0 X45.9388 Y-273.9770 F15000.0
G1 Z11.9000 F2500.0
G4 P0.02
G1 X45.9388 Y-237.1480 F12000.0
G1 Z0.0000 F2500.0
G4 P0.02
G0 X32.1572 Y-255.6014 F15000.0
G1 Z11.9000 F2500.0
G4 P0.02
G1 X32.1572 Y-237.1480 F12000.0
G1 Z0.0000 F2500.0
G4 P0.02
G0 X16.5068 Y-255.6014 F15000.0
G1 Z11.9000 F2500.0
G4 P0.02
G1 X16.5068 Y-237.1480 F12000.0
G1 Z0.0000 F2500.0
G4 P0.02
G0 X170.1296 Y-241.7419 F15000.0
G1 Z11.9000 F2500.0
G4 P0.02
G1 X110.3311 Y-241.7419 F12000.0
G1 Z0.0000 F2500.0
G4 P0.02
G0 X170.1296 Y-246.3357 F15000.0
G1 Z11.9000 F2500.0
G4 P0.02
G1 X110.3311 Y-246.3357 F12000.0
G1 Z0.0000 F2500.0
G4 P0.02
G0 X45.9388 Y-260.1953 F15000.0
G1 Z11.9000 F2500.0
G4 P0.02
G1 X0.0000 Y-260.1953 F12000.0
G1 Z0.0000 F2500.0
G4 P0.02
G0 X32.1572 Y-241.7419 F15000.0
G1 Z11.9000 F2500.0
G4 P0.02
G1 X0.0000 Y-241.7419 F12000.0
G1 Z0.0000 F2500.0
G4 P0.02
G0 X45.9388 Y-241.7419 F15000.0
G1 Z11.9000 F2500.0
G4 P0.02
G1 X32.1572 Y-241.7419 F12000.0
G1 Z0.0000 F2500.0
G4 P0.02
G0 X110.3311 Y-237.1480 F15000.0
G1 Z11.9000 F2500.0
G4 P0.02
G1 X0.0000 Y-237.1480 F12000.0
G1 Z0.0000 F2500.0
G4 P0.02
G0 X110.3311 Y-260.1953 F15000.0
G1 Z11.9000 F2500.0
G4 P0.02
G1 X45.9388 Y-260.1953 F12000.0
G1 Z0.0000 F2500.0
G4 P0.02
G0 X45.9388 Y-255.6014 F15000.0
G1 Z11.9000 F2500.0
G4 P0.02
G1 X0.0000 Y-255.6014 F12000.0
G1 Z0.0000 F2500.0
G4 P0.02
G0 X27.0183 Y-260.1953 F15000.0
G1 Z11.9000 F2500.0
G4 P0.02
G1 X27.0183 Y-255.6014 F12000.0
G1 Z0.0000 F2500.0
G4 P0.02
G0 X41.3449 Y-255.6014 F15000.0
G1 Z11.9000 F2500.0
G4 P0.02
G1 X41.3449 Y-241.7419 F12000.0
G1 Z0.0000 F2500.0
G4 P0.02
G0 X36.7511 Y-255.6014 F15000.0
G1 Z11.9000 F2500.0
G4 P0.02
G1 X36.7511 Y-241.7419 F12000.0
G1 Z0.0000 F2500.0
G4 P0.02
G0 X163.6669 Y-246.3357 F15000.0
G1 Z11.9000 F2500.0
G4 P0.02
G1 X163.6669 Y-223.3663 F12000.0
G1 Z0.0000 F2500.0
G4 P0.02
G0 X15.4956 Y-240.8907 F15000.0
G1 Z11.9000 F2500.0
G4 P0.02
G1 X14.5341 Y-238.4661 F12000.0
G1 Z0.0000 F2500.0
G4 P0.02
G0 X14.0743 Y-239.3439 F15000.0
G1 Z11.9000 F2500.0
G4 P0.02
G1 X14.0326 Y-239.0931 F12000.0
G1 X14.2833 Y-238.1735
G1 X14.2415 Y-237.7137
G1 Z0.0000 F2500.0
G4 P0.02
G0 X13.9907 Y-239.1350 F15000.0
G1 Z11.9000 F2500.0
G4 P0.02
G1 X13.8235 Y-239.0931 F12000.0
G1 X13.2801 Y-238.5916
G1 X12.7784 Y-238.2571
G1 X13.5727 Y-240.6398
G1 Z0.0000 F2500.0
G4 P0.02
G0 X12.8517 Y-240.7332 F15000.0
G1 Z11.9000 F2500.0
G4 P0.02
G1 X12.9353 Y-240.4824 F12000.0
G1 X12.3501 Y-238.9358
G1 X11.2215 Y-238.7268
G1 X11.7649 Y-240.5660
G1 X12.1829 Y-240.7332
G1 X12.7681 Y-240.7751
G1 Z0.0000 F2500.0
G4 P0.02
G0 X11.1485 Y-240.3641 F15000.0
G1 Z11.9000 F2500.0
G4 P0.02
G1 X10.1452 Y-240.8239 F12000.0
G1 Z0.0000 F2500.0
G4 P0.02
G0 X11.0230 Y-240.0297 F15000.0
G1 Z11.9000 F2500.0
G4 P0.02
G1 X10.7723 Y-239.2355 F12000.0
G1 Z0.0000 F2500.0
G4 P0.02
G0 X10.5215 Y-238.8593 F15000.0
G1 Z11.9000 F2500.0
G4 P0.02
G1 X9.3928 Y-238.7757 F12000.0
G1 Z0.0000 F2500.0
G4 P0.02
G0 X7.8568 Y-238.6802 F15000.0
G1 Z11.9000 F2500.0
G4 P0.02
G1 X8.6510 Y-240.7285 F12000.0
G1 X9.4452 Y-240.6867
G1 X9.3616 Y-240.1433
G1 X8.7765 Y-238.6802
G1 Z0.0000 F2500.0
G4 P0.02
G0 X8.6510 Y-240.7285 F15000.0
G1 Z11.9000 F2500.0
G4 P0.02
G1 X7.8568 Y-240.7285 F12000.0
G1 Z0.0000 F2500.0
G4 P0.02
G0 X7.7731 Y-240.6031 F15000.0
G1 Z11.9000 F2500.0
G4 P0.02
G1 X6.9372 Y-238.6802 F12000.0
G1 Z0.0000 F2500.0
G4 P0.02
G0 X7.3212 Y-240.9004 F15000.0
G1 Z11.9000 F2500.0
G4 P0.02
G1 X6.6942 Y-239.1866 F12000.0
G1 Z0.0000 F2500.0
G4 P0.02
G0 X6.5689 Y-238.8939 F15000.0
G1 Z11.9000 F2500.0
G4 P0.02
G1 X5.6910 Y-238.7268 F12000.0
G1 X4.8549 Y-239.0611
G1 X5.4820 Y-240.9004
G1 Z0.0000 F2500.0
G4 P0.02
G0 X6.4016 Y-240.9004 F15000.0
G1 Z11.9000 F2500.0
G4 P0.02
G1 X5.8164 Y-239.2702 F12000.0
G1 Z0.0000 F2500.0
G4 P0.02
G0 X5.6910 Y-238.9775 F15000.0
G1 Z11.9000 F2500.0
G4 P0.02
G1 X5.6492 Y-238.7685 F12000.0
G1 Z0.0000 F2500.0
G4 P0.02
G0 X4.6762 Y-240.7332 F15000.0
G1 Z11.9000 F2500.0
G4 P0.02
G1 X4.7598 Y-240.4824 F12000.0
G1 X4.1746 Y-238.9358
G1 X3.0459 Y-238.7268
G1 X3.5893 Y-240.5660
G1 X4.0074 Y-240.7332
G1 X4.5926 Y-240.7751
G1 Z0.0000 F2500.0
G4 P0.02
G0 X3.0549 Y-240.5024 F15000.0
G1 Z11.9000 F2500.0
G4 P0.02
G1 X3.0549 Y-240.6278 F12000.0
G1 Z0.0000 F2500.0
G4 P0.02
G0 X2.9295 Y-240.7532 F15000.0
G1 Z11.9000 F2500.0
G4 P0.02
G1 X1.3829 Y-238.8303 F12000.0
G1 X1.5919 Y-238.6631
G1 X2.4279 Y-238.9139
G1 X2.8878 Y-240.0426
G1 Z0.0000 F2500.0
G4 P0.02
G0 X0.8394 Y-237.8689 F15000.0
G1 Z11.9000 F2500.0
G4 P0.02
G1 X1.9263 Y-237.8689 F12000.0
G1 X1.6337 Y-238.6214
G1 Z0.0000 F2500.0
G4 P0.02
G0 X169.3227 Y-250.1035 F15000.0
G1 Z11.9000 F2500.0
G4 P0.02
G1 X169.1973 Y-249.6854 F12000.0
G1 Z0.0000 F2500.0
G4 P0.02
G0 X169.0718 Y-249.3929 F15000.0
G1 Z11.9000 F2500.0
G4 P0.02
G1 X168.1940 Y-247.0519 F12000.0
G1 X167.1072 Y-247.0938
G1 X166.9818 Y-247.4282
G1 X167.2744 Y-248.2224
G1 X167.5252 Y-248.4732
G1 X168.6956 Y-248.5986
G1 Z0.0000 F2500.0
G4 P0.02
G0 X167.1045 Y-249.9296 F15000.0
G1 Z11.9000 F2500.0
G4 P0.02
G1 X167.1881 Y-249.6788 F12000.0
G1 X166.6030 Y-248.1322
G1 X165.4743 Y-247.9231
G1 X166.0177 Y-249.7624
G1 X166.4358 Y-249.9296
G1 X167.0209 Y-249.9714
G1 Z0.0000 F2500.0
G4 P0.02
G0 X165.4795 Y-249.7971 F15000.0
G1 Z11.9000 F2500.0
G4 P0.02
G1 X165.0197 Y-249.9643 F12000.0
G1 X164.5599 Y-249.7552
G1 X164.3927 Y-249.3372
G1 X164.3509 Y-248.9610
G1 X163.9746 Y-248.0831
G1 X164.1418 Y-247.9578
G1 X164.8943 Y-248.1667
G1 Z0.0000 F2500.0
G4 P0.02
G0 X164.8943 Y-248.9192 F15000.0
G1 Z11.9000 F2500.0
G4 P0.02
G1 X164.3927 Y-248.9192 F12000.0
G1 Z0.0000 F2500.0
G4 P0.02
G0 X164.3826 Y-250.8910 F15000.0
G1 Z11.9000 F2500.0
G4 P0.02
G1 X163.9645 Y-250.0131 F12000.0
G1 X162.9195 Y-249.8877
G1 Z0.0000 F2500.0
G4 P0.02
G0 X163.9228 Y-249.7623 F15000.0
G1 Z11.9000 F2500.0
G4 P0.02
G1 X163.9228 Y-249.9295 F12000.0
G1 Z0.0000 F2500.0
G4 P0.02
G0 X163.7973 Y-249.4279 F15000.0
G1 Z11.9000 F2500.0
G4 P0.02
G1 X163.2539 Y-247.9649 F12000.0
G1 X162.3343 Y-247.9230
G1 Z0.0000 F2500.0
G4 P0.02
G0 X162.6687 Y-249.5115 F15000.0
G1 Z11.9000 F2500.0
G4 P0.02
G1 X162.3761 Y-248.6755 F12000.0
G1 Z0.0000 F2500.0
G4 P0.02
G0 X162.2507 Y-248.0066 F15000.0
G1 Z11.9000 F2500.0
G4 P0.02
G1 X162.2088 Y-248.2157 F12000.0
G1 Z0.0000 F2500.0
G4 P0.02
G0 X162.0800 Y-249.9296 F15000.0
G1 Z11.9000 F2500.0
G4 P0.02
G1 X162.1636 Y-249.6788 F12000.0
G1 X161.5784 Y-248.1322
G1 X160.4498 Y-247.9231
G1 X160.9932 Y-249.7624
G1 X161.4112 Y-249.9296
G1 X161.9964 Y-249.9714
G1 Z0.0000 F2500.0
G4 P0.02
G0 X160.4588 Y-249.6988 F15000.0
G1 Z11.9000 F2500.0
G4 P0.02
G1 X160.4588 Y-249.8242 F12000.0
G1 Z0.0000 F2500.0
G4 P0.02
G0 X160.3333 Y-249.9495 F15000.0
G1 Z11.9000 F2500.0
G4 P0.02
G1 X158.7867 Y-248.0267 F12000.0
G1 X158.9957 Y-247.8595
G1 X159.8318 Y-248.1103
G1 X160.2916 Y-249.2389
G1 Z0.0000 F2500.0
G4 P0.02
G0 X158.2433 Y-247.0653 F15000.0
G1 Z11.9000 F2500.0
G4 P0.02
G1 X159.3301 Y-247.0653 F12000.0
G1 X159.0375 Y-247.8177
G1 Z0.0000 F2500.0
G4 P0.02
G0 X159.0273 Y-250.0017 F15000.0
G1 Z11.9000 F2500.0
G4 P0.02
G1 X158.9437 Y-249.9181 F12000.0
G1 Z0.0000 F2500.0
G4 P0.02
G0 X168.6379 Y-259.1878 F15000.0
G1 Z11.9000 F2500.0
G4 P0.02
G1 X167.5511 Y-256.3034 F12000.0
G1 X166.7151 Y-256.2617
G1 Z0.0000 F2500.0
G4 P0.02
G0 X168.2200 Y-256.1780 F15000.0
G1 Z11.9000 F2500.0
G4 P0.02
G1 X167.5511 Y-256.2617 F12000.0
G1 Z0.0000 F2500.0
G4 P0.02
G0 X167.4583 Y-259.1981 F15000.0
G1 Z11.9000 F2500.0
G4 P0.02
G1 X167.3747 Y-259.1145 F12000.0
G1 Z0.0000 F2500.0
G4 P0.02
G0 X166.8518 Y-259.2466 F15000.0
G1 Z11.9000 F2500.0
G4 P0.02
G1 X166.6429 Y-258.7868 F12000.0
G1 Z0.0000 F2500.0
G4 P0.02
G0 X165.8904 Y-257.0730 F15000.0
G1 Z11.9000 F2500.0
G4 P0.02
G1 X166.2667 Y-257.9089 F12000.0
G1 X166.2667 Y-258.0762
G1 X165.9740 Y-258.0762
G1 X165.8068 Y-257.8672
G1 Z0.0000 F2500.0
G4 P0.02
G0 X165.9322 Y-258.1179 F15000.0
G1 Z11.9000 F2500.0
G4 P0.02
G1 X165.7232 Y-259.0794 F12000.0
G1 Z0.0000 F2500.0
G4 P0.02
G0 X165.5560 Y-257.7000 F15000.0
G1 Z11.9000 F2500.0
G4 P0.02
G1 X165.3470 Y-257.5328 F12000.0
G1 Z0.0000 F2500.0
G4 P0.02
G0 X165.0961 Y-257.3655 F15000.0
G1 Z11.9000 F2500.0
G4 P0.02
G1 X165.0125 Y-257.2819 F12000.0
G1 Z0.0000 F2500.0
G4 P0.02
G0 X164.8903 Y-259.1302 F15000.0
G1 Z11.9000 F2500.0
G4 P0.02
G1 X164.9739 Y-258.8794 F12000.0
G1 X164.3888 Y-257.3328
G1 X164.0125 Y-257.1237
G1 X163.3019 Y-257.2909
G1 X164.8067 Y-259.1720
G1 Z0.0000 F2500.0
G4 P0.02
G0 X163.4476 Y-259.2884 F15000.0
G1 Z11.9000 F2500.0
G4 P0.02
G1 X162.4862 Y-257.0730 F12000.0
G1 Z0.0000 F2500.0
G4 P0.02
G0 X162.8206 Y-258.1179 F15000.0
G1 Z11.9000 F2500.0
G4 P0.02
G1 X162.0264 Y-258.1179 F12000.0
G1 X161.8174 Y-257.9507
G1 X161.4830 Y-257.3237
G1 Z0.0000 F2500.0
G4 P0.02
G0 X162.3190 Y-259.2884 F15000.0
G1 Z11.9000 F2500.0
G4 P0.02
G1 X161.9845 Y-258.1598 F12000.0
G1 Z0.0000 F2500.0
G4 P0.02
G0 X161.7444 Y-259.2931 F15000.0
G1 Z11.9000 F2500.0
G4 P0.02
G1 X161.1173 Y-257.5792 F12000.0
G1 Z0.0000 F2500.0
G4 P0.02
G0 X160.9920 Y-257.2867 F15000.0
G1 Z11.9000 F2500.0
G4 P0.02
G1 X160.1141 Y-257.1194 F12000.0
G1 X159.2781 Y-257.4539
G1 X159.9052 Y-259.2931
G1 Z0.0000 F2500.0
G4 P0.02
G0 X160.8248 Y-259.2931 F15000.0
G1 Z11.9000 F2500.0
G4 P0.02
G1 X160.2395 Y-257.6628 F12000.0
G1 Z0.0000 F2500.0
G4 P0.02
G0 X160.1141 Y-257.3703 F15000.0
G1 Z11.9000 F2500.0
G4 P0.02
G1 X160.0723 Y-257.1612 F12000.0
G1 Z0.0000 F2500.0
G4 P0.02
G0 X159.6987 Y-260.0872 F15000.0
G1 Z11.9000 F2500.0
G4 P0.02
G1 X159.2806 Y-259.2095 F12000.0
G1 X158.2356 Y-259.0840
G1 Z0.0000 F2500.0
G4 P0.02
G0 X159.2389 Y-258.9587 F15000.0
G1 Z11.9000 F2500.0
G4 P0.02
G1 X159.2389 Y-259.1259 F12000.0
G1 Z0.0000 F2500.0
G4 P0.02
G0 X159.1134 Y-258.6242 F15000.0
G1 Z11.9000 F2500.0
G4 P0.02
G1 X158.5700 Y-257.1611 F12000.0
G1 X157.6504 Y-257.1194
G1 Z0.0000 F2500.0
G4 P0.02
G0 X157.9848 Y-258.7078 F15000.0
G1 Z11.9000 F2500.0
G4 P0.02
G1 X157.6921 Y-257.8718 F12000.0
G1 Z0.0000 F2500.0
G4 P0.02
G0 X157.5668 Y-257.2030 F15000.0
G1 Z11.9000 F2500.0
G4 P0.02
G1 X157.5250 Y-257.4120 F12000.0
G1 Z0.0000 F2500.0
G4 P0.02
G0 X157.7499 Y-259.1981 F15000.0
G1 Z11.9000 F2500.0
G4 P0.02
G1 X157.6663 Y-259.1145 F12000.0
G1 Z0.0000 F2500.0
G4 P0.02
G0 X24.5861 Y-259.1241 F15000.0
G1 Z11.9000 F2500.0
G4 P0.02
G1 X23.9173 Y-258.1208 F12000.0
G1 Z0.0000 F2500.0
G4 P0.02
G0 X23.6246 Y-257.6610 F15000.0
G1 Z11.9000 F2500.0
G4 P0.02
G1 X23.3739 Y-257.3266 F12000.0
G1 Z0.0000 F2500.0
G4 P0.02
G0 X22.9976 Y-256.7413 F15000.0
G1 Z11.9000 F2500.0
G4 P0.02
G1 X22.9140 Y-256.6577 F12000.0
G1 Z0.0000 F2500.0
G4 P0.02
G0 X22.8722 Y-258.7479 F15000.0
G1 Z11.9000 F2500.0
G4 P0.02
G1 X22.8304 Y-258.6225 F12000.0
G1 Z0.0000 F2500.0
G4 P0.02
G0 X22.6214 Y-256.2398 F15000.0
G1 Z11.9000 F2500.0
G4 P0.02
G1 X22.0362 Y-256.1979 F12000.0
G1 X22.1197 Y-256.6577
G1 Z0.0000 F2500.0
G4 P0.02
G0 X22.2870 Y-257.1176 F15000.0
G1 Z11.9000 F2500.0
G4 P0.02
G1 X22.2452 Y-256.9922 F12000.0
G1 Z0.0000 F2500.0
G4 P0.02
G0 X21.0020 Y-258.3687 F15000.0
G1 Z11.9000 F2500.0
G4 P0.02
G1 X21.1693 Y-258.7449 F12000.0
G1 X22.2979 Y-259.0794
G1 X22.2143 Y-258.5360
G1 X21.6291 Y-257.0730
G1 Z0.0000 F2500.0
G4 P0.02
G0 X20.8767 Y-258.0762 F15000.0
G1 Z11.9000 F2500.0
G4 P0.02
G1 X20.4586 Y-257.0730 F12000.0
G1 Z0.0000 F2500.0
G4 P0.02
G0 X20.5947 Y-258.7568 F15000.0
G1 Z11.9000 F2500.0
G4 P0.02
G1 X19.5914 Y-259.2166 F12000.0
G1 Z0.0000 F2500.0
G4 P0.02
G0 X20.4693 Y-258.4224 F15000.0
G1 Z11.9000 F2500.0
G4 P0.02
G1 X20.2185 Y-257.6281 F12000.0
G1 Z0.0000 F2500.0
G4 P0.02
G0 X19.9676 Y-257.2520 F15000.0
G1 Z11.9000 F2500.0
G4 P0.02
G1 X18.8390 Y-257.1683 F12000.0
G1 Z0.0000 F2500.0
G4 P0.02
G0 X19.1520 Y-259.2931 F15000.0
G1 Z11.9000 F2500.0
G4 P0.02
G1 X18.5249 Y-257.5792 F12000.0
G1 Z0.0000 F2500.0
G4 P0.02
G0 X18.3995 Y-257.2867 F15000.0
G1 Z11.9000 F2500.0
G4 P0.02
G1 X17.5217 Y-257.1194 F12000.0
G1 X16.6856 Y-257.4539
G1 X17.3127 Y-259.2931
G1 Z0.0000 F2500.0
G4 P0.02
G0 X18.2324 Y-259.2931 F15000.0
G1 Z11.9000 F2500.0
G4 P0.02
G1 X17.6471 Y-257.6628 F12000.0
G1 Z0.0000 F2500.0
G4 P0.02
G0 X17.5217 Y-257.3703 F15000.0
G1 Z11.9000 F2500.0
G4 P0.02
G1 X17.4799 Y-257.1612 F12000.0
G1 Z0.0000 F2500.0
G4 P0.02
G0 X16.5069 Y-259.1302 F15000.0
G1 Z11.9000 F2500.0
G4 P0.02
G1 X16.5905 Y-258.8794 F12000.0
G1 X16.0053 Y-257.3328
G1 X15.6290 Y-257.1237
G1 X14.9184 Y-257.2909
G1 X16.4232 Y-259.1720
G1 Z0.0000 F2500.0
G4 P0.02
G0 X14.1750 Y-257.1279 F15000.0
G1 Z11.9000 F2500.0
G4 P0.02
G1 X13.7152 Y-257.0861 F12000.0
G1 X13.2136 Y-257.3787
G1 X13.8824 Y-259.0507
G1 X14.8020 Y-259.1343
G1 X14.8856 Y-258.8835
G1 X13.9660 Y-256.4173
G1 Z0.0000 F2500.0
G4 P0.02
G0 X13.6316 Y-256.2082 F15000.0
G1 Z11.9000 F2500.0
G4 P0.02
G1 X13.4226 Y-256.2501 F12000.0
G1 Z0.0000 F2500.0
G4 P0.02
G0 X13.5897 Y-256.7935 F15000.0
G1 Z11.9000 F2500.0
G4 P0.02
G1 X13.3390 Y-256.4173 F12000.0
G1 Z0.0000 F2500.0
G4 P0.02
G0 X169.3226 Y-268.4903 F15000.0
G1 Z11.9000 F2500.0
G4 P0.02
G1 X168.6956 Y-266.9437 F12000.0
G1 X168.5284 Y-266.7764
G1 X167.4416 Y-266.7764
G1 X167.3997 Y-266.9854
G1 X167.9431 Y-268.4903
G1 Z0.0000 F2500.0
G4 P0.02
G0 X168.0686 Y-265.3552 F15000.0
G1 Z11.9000 F2500.0
G4 P0.02
G1 X168.5284 Y-266.4839 F12000.0
G1 X168.5284 Y-266.7347
G1 Z0.0000 F2500.0
G4 P0.02
G0 X167.2325 Y-266.5675 F15000.0
G1 Z11.9000 F2500.0
G4 P0.02
G1 X166.7727 Y-265.5224 F12000.0
G1 Z0.0000 F2500.0
G4 P0.02
G0 X167.4583 Y-268.3944 F15000.0
G1 Z11.9000 F2500.0
G4 P0.02
G1 X167.3747 Y-268.3108 F12000.0
G1 Z0.0000 F2500.0
G4 P0.02
G0 X166.8518 Y-268.4430 F15000.0
G1 Z11.9000 F2500.0
G4 P0.02
G1 X166.6429 Y-267.9832 F12000.0
G1 Z0.0000 F2500.0
G4 P0.02
G0 X165.8904 Y-266.2693 F15000.0
G1 Z11.9000 F2500.0
G4 P0.02
G1 X166.2667 Y-267.1054 F12000.0
G1 X166.2667 Y-267.2726
G1 X165.9740 Y-267.2726
G1 X165.8068 Y-267.0635
G1 Z0.0000 F2500.0
G4 P0.02
G0 X165.9322 Y-267.3143 F15000.0
G1 Z11.9000 F2500.0
G4 P0.02
G1 X165.7232 Y-268.2758 F12000.0
G1 Z0.0000 F2500.0
G4 P0.02
G0 X165.5560 Y-266.8963 F15000.0
G1 Z11.9000 F2500.0
G4 P0.02
G1 X165.3470 Y-266.7291 F12000.0
G1 Z0.0000 F2500.0
G4 P0.02
G0 X165.0961 Y-266.5619 F15000.0
G1 Z11.9000 F2500.0
G4 P0.02
G1 X165.0125 Y-266.4783 F12000.0
G1 Z0.0000 F2500.0
G4 P0.02
G0 X164.8903 Y-268.3265 F15000.0
G1 Z11.9000 F2500.0
G4 P0.02
G1 X164.9739 Y-268.0758 F12000.0
G1 X164.3888 Y-266.5291
G1 X164.0125 Y-266.3201
G1 X163.3019 Y-266.4873
G1 X164.8067 Y-268.3684
G1 Z0.0000 F2500.0
G4 P0.02
G0 X163.4476 Y-268.4848 F15000.0
G1 Z11.9000 F2500.0
G4 P0.02
G1 X162.4862 Y-266.2693 F12000.0
G1 Z0.0000 F2500.0
G4 P0.02
G0 X162.8206 Y-267.3143 F15000.0
G1 Z11.9000 F2500.0
G4 P0.02
G1 X162.0264 Y-267.3143 F12000.0
G1 X161.8174 Y-267.1471
G1 X161.4830 Y-266.5201
G1 Z0.0000 F2500.0
G4 P0.02
G0 X162.3190 Y-268.4848 F15000.0
G1 Z11.9000 F2500.0
G4 P0.02
G1 X161.9845 Y-267.3561 F12000.0
G1 Z0.0000 F2500.0
G4 P0.02
G0 X161.7444 Y-268.4895 F15000.0
G1 Z11.9000 F2500.0
G4 P0.02
G1 X161.1173 Y-266.7756 F12000.0
G1 Z0.0000 F2500.0
G4 P0.02
G0 X160.9920 Y-266.4830 F15000.0
G1 Z11.9000 F2500.0
G4 P0.02
G1 X160.1141 Y-266.3158 F12000.0
G1 X159.2781 Y-266.6502
G1 X159.9052 Y-268.4895
G1 Z0.0000 F2500.0
G4 P0.02
G0 X160.8248 Y-268.4895 F15000.0
G1 Z11.9000 F2500.0
G4 P0.02
G1 X160.2395 Y-266.8593 F12000.0
G1 Z0.0000 F2500.0
G4 P0.02
G0 X160.1141 Y-266.5666 F15000.0
G1 Z11.9000 F2500.0
G4 P0.02
G1 X160.0723 Y-266.3576 F12000.0
G1 Z0.0000 F2500.0
G4 P0.02
G0 X159.6987 Y-269.2837 F15000.0
G1 Z11.9000 F2500.0
G4 P0.02
G1 X159.2806 Y-268.4058 F12000.0
G1 X158.2356 Y-268.2804
G1 Z0.0000 F2500.0
G4 P0.02
G0 X159.2389 Y-268.1550 F15000.0
G1 Z11.9000 F2500.0
G4 P0.02
G1 X159.2389 Y-268.3222 F12000.0
G1 Z0.0000 F2500.0
G4 P0.02
G0 X159.1134 Y-267.8206 F15000.0
G1 Z11.9000 F2500.0
G4 P0.02
G1 X158.5700 Y-266.3575 F12000.0
G1 X157.6504 Y-266.3158
G1 Z0.0000 F2500.0
G4 P0.02
G0 X157.9848 Y-267.9043 F15000.0
G1 Z11.9000 F2500.0
G4 P0.02
G1 X157.6921 Y-267.0682 F12000.0
G1 Z0.0000 F2500.0
G4 P0.02
G0 X157.5668 Y-266.3994 F15000.0
G1 Z11.9000 F2500.0
G4 P0.02
G1 X157.5250 Y-266.6084 F12000.0
G1 Z0.0000 F2500.0
G4 P0.02
G0 X157.7499 Y-268.3944 F15000.0
G1 Z11.9000 F2500.0
G4 P0.02
G1 X157.6663 Y-268.3108 F12000.0
G1 Z0.0000 F2500.0
G4 P0.02
G0 X5.4152 Y-259.1276 F15000.0
G1 Z11.9000 F2500.0
G4 P0.02
G1 X5.2480 Y-258.8351 F12000.0
G1 X4.4538 Y-256.6196
G1 Z0.0000 F2500.0
G4 P0.02
G0 X5.0808 Y-256.7449 F15000.0
G1 Z11.9000 F2500.0
G4 P0.02
G1 X4.8718 Y-256.6196 F12000.0
G1 Z0.0000 F2500.0
G4 P0.02
G0 X76.2058 Y-232.9094 F15000.0
G1 Z11.9000 F2500.0
G4 P0.02
G1 X74.9935 Y-229.6907 F12000.0
G1 Z0.0000 F2500.0
G4 P0.02
G0 X74.6173 Y-228.6874 F15000.0
G1 Z11.9000 F2500.0
G4 P0.02
G1 X73.9067 Y-226.8482 F12000.0
G1 Z0.0000 F2500.0
G4 P0.02
G0 X73.9067 Y-227.5170 F15000.0
G1 Z11.9000 F2500.0
G4 P0.02
G1 X73.2797 Y-229.5653 F12000.0
G1 X72.1510 Y-228.8129
G1 Z0.0000 F2500.0
G4 P0.02
G0 X73.2797 Y-229.7743 F15000.0
G1 Z11.9000 F2500.0
G4 P0.02
G1 X73.2378 Y-229.6489 F12000.0
G1 Z0.0000 F2500.0
G4 P0.02
G0 X72.4437 Y-232.7841 F15000.0
G1 Z11.9000 F2500.0
G4 P0.02
G1 X70.6044 Y-227.6006 F12000.0
G1 X70.6461 Y-227.5588
G1 X71.5240 Y-228.1859
G1 Z0.0000 F2500.0
G4 P0.02
G0 X70.4372 Y-227.2244 F15000.0
G1 Z11.9000 F2500.0
G4 P0.02
G1 X70.2700 Y-226.9736 F12000.0
G1 Z0.0000 F2500.0
G4 P0.02
G0 X68.6387 Y-232.9011 F15000.0
G1 Z11.9000 F2500.0
G4 P0.02
G1 X67.7608 Y-230.1004 F12000.0
G1 X69.6419 Y-229.9750
G1 X69.8927 Y-229.7660
G1 X70.0181 Y-229.3898
G1 X69.2238 Y-226.9235
G1 Z0.0000 F2500.0
G4 P0.02
G0 X67.6353 Y-230.0586 F15000.0
G1 Z11.9000 F2500.0
G4 P0.02
G1 X66.6739 Y-227.5505 F12000.0
G1 Z0.0000 F2500.0
G4 P0.02
G0 X66.8556 Y-231.1328 F15000.0
G1 Z11.9000 F2500.0
G4 P0.02
G1 X67.0228 Y-231.5926 F12000.0
G1 X66.9809 Y-232.5540
G1 Z0.0000 F2500.0
G4 P0.02
G0 X66.7301 Y-230.7984 F15000.0
G1 Z11.9000 F2500.0
G4 P0.02
G1 X66.6884 Y-230.6729 F12000.0
G1 Z0.0000 F2500.0
G4 P0.02
G0 X66.6884 Y-232.8048 F15000.0
G1 Z11.9000 F2500.0
G4 P0.02
G1 X65.5179 Y-232.8466 F12000.0
G1 X65.2671 Y-232.7630
G1 Z0.0000 F2500.0
G4 P0.02
G0 X66.5629 Y-230.3386 F15000.0
G1 Z11.9000 F2500.0
G4 P0.02
G1 X66.4793 Y-230.0877 F12000.0
G1 Z0.0000 F2500.0
G4 P0.02
G0 X66.3539 Y-229.7533 F15000.0
G1 Z11.9000 F2500.0
G4 P0.02
G1 X66.2703 Y-229.5025 F12000.0
G1 Z0.0000 F2500.0
G4 P0.02
G0 X66.1449 Y-229.1680 F15000.0
G1 Z11.9000 F2500.0
G4 P0.02
G1 X66.1031 Y-229.0427 F12000.0
G1 Z0.0000 F2500.0
G4 P0.02
G0 X65.9777 Y-228.7082 F15000.0
G1 Z11.9000 F2500.0
G4 P0.02
G1 X65.6433 Y-227.9140 F12000.0
G1 Z0.0000 F2500.0
G4 P0.02
G0 X65.4761 Y-227.6214 F15000.0
G1 Z11.9000 F2500.0
G4 P0.02
G1 X65.2671 Y-227.4124 F12000.0
G1 Z0.0000 F2500.0
G4 P0.02
G0 X65.0163 Y-227.2034 F15000.0
G1 Z11.9000 F2500.0
G4 P0.02
G1 X63.7204 Y-226.8690 F12000.0
G1 X63.1352 Y-227.0780
G1 Z0.0000 F2500.0
G4 P0.02
G0 X64.9327 Y-232.5958 F15000.0
G1 Z11.9000 F2500.0
G4 P0.02
G1 X64.4729 Y-232.1778 F12000.0
G1 Z0.0000 F2500.0
G4 P0.02
G0 X64.2638 Y-231.8016 F15000.0
G1 Z11.9000 F2500.0
G4 P0.02
G1 X64.0131 Y-231.1328 F12000.0
G1 Z0.0000 F2500.0
G4 P0.02
G0 X63.8876 Y-230.7984 F15000.0
G1 Z11.9000 F2500.0
G4 P0.02
G1 X63.8458 Y-230.6729 F12000.0
G1 Z0.0000 F2500.0
G4 P0.02
G0 X63.7204 Y-230.3386 F15000.0
G1 Z11.9000 F2500.0
G4 P0.02
G1 X63.6368 Y-230.0877 F12000.0
G1 Z0.0000 F2500.0
G4 P0.02
G0 X63.5114 Y-229.7533 F15000.0
G1 Z11.9000 F2500.0
G4 P0.02
G1 X63.4278 Y-229.5025 F12000.0
G1 Z0.0000 F2500.0
G4 P0.02
G0 X63.3024 Y-229.1680 F15000.0
G1 Z11.9000 F2500.0
G4 P0.02
G1 X63.2606 Y-229.0427 F12000.0
G1 Z0.0000 F2500.0
G4 P0.02
G0 X63.1352 Y-228.7082 F15000.0
G1 Z11.9000 F2500.0
G4 P0.02
G1 X62.9261 Y-228.0812 F12000.0
G1 X62.8844 Y-227.4542
G1 X62.9680 Y-227.2452
G1 Z0.0000 F2500.0
G4 P0.02
G0 X62.9381 Y-231.1328 F15000.0
G1 Z11.9000 F2500.0
G4 P0.02
G1 X63.1053 Y-231.5926 F12000.0
G1 X63.0634 Y-232.5540
G1 Z0.0000 F2500.0
G4 P0.02
G0 X62.8127 Y-230.7984 F15000.0
G1 Z11.9000 F2500.0
G4 P0.02
G1 X62.7709 Y-230.6729 F12000.0
G1 Z0.0000 F2500.0
G4 P0.02
G0 X62.7709 Y-232.8048 F15000.0
G1 Z11.9000 F2500.0
G4 P0.02
G1 X61.6004 Y-232.8466 F12000.0
G1 X61.3496 Y-232.7630
G1 Z0.0000 F2500.0
G4 P0.02
G0 X62.6455 Y-230.3386 F15000.0
G1 Z11.9000 F2500.0
G4 P0.02
G1 X62.5619 Y-230.0877 F12000.0
G1 Z0.0000 F2500.0
G4 P0.02
G0 X62.4364 Y-229.7533 F15000.0
G1 Z11.9000 F2500.0
G4 P0.02
G1 X62.3528 Y-229.5025 F12000.0
G1 Z0.0000 F2500.0
G4 P0.02
G0 X62.2274 Y-229.1680 F15000.0
G1 Z11.9000 F2500.0
G4 P0.02
G1 X62.1857 Y-229.0427 F12000.0
G1 Z0.0000 F2500.0
G4 P0.02
G0 X62.0602 Y-228.7082 F15000.0
G1 Z11.9000 F2500.0
G4 P0.02
G1 X61.7258 Y-227.9140 F12000.0
G1 Z0.0000 F2500.0
G4 P0.02
G0 X61.5586 Y-227.6214 F15000.0
G1 Z11.9000 F2500.0
G4 P0.02
G1 X61.3496 Y-227.4124 F12000.0
G1 Z0.0000 F2500.0
G4 P0.02
G0 X61.0988 Y-227.2034 F15000.0
G1 Z11.9000 F2500.0
G4 P0.02
G1 X59.8030 Y-226.8690 F12000.0
G1 X59.2177 Y-227.0780
G1 Z0.0000 F2500.0
G4 P0.02
G0 X61.0152 Y-232.5958 F15000.0
G1 Z11.9000 F2500.0
G4 P0.02
G1 X60.5554 Y-232.1778 F12000.0
G1 Z0.0000 F2500.0
G4 P0.02
G0 X60.3464 Y-231.8016 F15000.0
G1 Z11.9000 F2500.0
G4 P0.02
G1 X60.0956 Y-231.1328 F12000.0
G1 Z0.0000 F2500.0
G4 P0.02
G0 X59.9702 Y-230.7984 F15000.0
G1 Z11.9000 F2500.0
G4 P0.02
G1 X59.9283 Y-230.6729 F12000.0
G1 Z0.0000 F2500.0
G4 P0.02
G0 X59.8030 Y-230.3386 F15000.0
G1 Z11.9000 F2500.0
G4 P0.02
G1 X59.7194 Y-230.0877 F12000.0
G1 Z0.0000 F2500.0
G4 P0.02
G0 X59.5939 Y-229.7533 F15000.0
G1 Z11.9000 F2500.0
G4 P0.02
G1 X59.5103 Y-229.5025 F12000.0
G1 Z0.0000 F2500.0
G4 P0.02
G0 X59.3849 Y-229.1680 F15000.0
G1 Z11.9000 F2500.0
G4 P0.02
G1 X59.3431 Y-229.0427 F12000.0
G1 Z0.0000 F2500.0
G4 P0.02
G0 X59.2177 Y-228.7082 F15000.0
G1 Z11.9000 F2500.0
G4 P0.02
G1 X59.0087 Y-228.0812 F12000.0
G1 X58.9669 Y-227.4542
G1 X59.0505 Y-227.2452
G1 Z0.0000 F2500.0
G4 P0.02
G0 X59.8009 Y-232.7695 F15000.0
G1 Z11.9000 F2500.0
G4 P0.02
G1 X59.6169 Y-232.7695 F12000.0
G1 Z0.0000 F2500.0
G4 P0.02
G0 X57.9986 Y-231.1328 F15000.0
G1 Z11.9000 F2500.0
G4 P0.02
G1 X58.1659 Y-231.5926 F12000.0
G1 X58.1241 Y-232.5540
G1 Z0.0000 F2500.0
G4 P0.02
G0 X57.8733 Y-230.7984 F15000.0
G1 Z11.9000 F2500.0
G4 P0.02
G1 X57.8315 Y-230.6729 F12000.0
G1 Z0.0000 F2500.0
G4 P0.02
G0 X57.8315 Y-232.8048 F15000.0
G1 Z11.9000 F2500.0
G4 P0.02
G1 X56.6610 Y-232.8466 F12000.0
G1 X56.4102 Y-232.7630
G1 Z0.0000 F2500.0
G4 P0.02
G0 X57.7061 Y-230.3386 F15000.0
G1 Z11.9000 F2500.0
G4 P0.02
G1 X57.6225 Y-230.0877 F12000.0
G1 Z0.0000 F2500.0
G4 P0.02
G0 X57.4971 Y-229.7533 F15000.0
G1 Z11.9000 F2500.0
G4 P0.02
G1 X57.4135 Y-229.5025 F12000.0
G1 Z0.0000 F2500.0
G4 P0.02
G0 X57.2880 Y-229.1680 F15000.0
G1 Z11.9000 F2500.0
G4 P0.02
G1 X57.2463 Y-229.0427 F12000.0
G1 Z0.0000 F2500.0
G4 P0.02
G0 X57.1208 Y-228.7082 F15000.0
G1 Z11.9000 F2500.0
G4 P0.02
G1 X56.7865 Y-227.9140 F12000.0
G1 Z0.0000 F2500.0
G4 P0.02
G0 X56.6192 Y-227.6214 F15000.0
G1 Z11.9000 F2500.0
G4 P0.02
G1 X56.4102 Y-227.4124 F12000.0
G1 Z0.0000 F2500.0
G4 P0.02
G0 X56.1594 Y-227.2034 F15000.0
G1 Z11.9000 F2500.0
G4 P0.02
G1 X54.8636 Y-226.8690 F12000.0
G1 X54.2783 Y-227.0780
G1 Z0.0000 F2500.0
G4 P0.02
G0 X56.0758 Y-232.5958 F15000.0
G1 Z11.9000 F2500.0
G4 P0.02
G1 X55.6160 Y-232.1778 F12000.0
G1 Z0.0000 F2500.0
G4 P0.02
G0 X55.4070 Y-231.8016 F15000.0
G1 Z11.9000 F2500.0
G4 P0.02
G1 X55.1561 Y-231.1328 F12000.0
G1 Z0.0000 F2500.0
G4 P0.02
G0 X55.0308 Y-230.7984 F15000.0
G1 Z11.9000 F2500.0
G4 P0.02
G1 X54.9889 Y-230.6729 F12000.0
G1 Z0.0000 F2500.0
G4 P0.02
G0 X54.8636 Y-230.3386 F15000.0
G1 Z11.9000 F2500.0
G4 P0.02
G1 X54.7799 Y-230.0877 F12000.0
G1 Z0.0000 F2500.0
G4 P0.02
G0 X54.6546 Y-229.7533 F15000.0
G1 Z11.9000 F2500.0
G4 P0.02
G1 X54.5710 Y-229.5025 F12000.0
G1 Z0.0000 F2500.0
G4 P0.02
G0 X54.4455 Y-229.1680 F15000.0
G1 Z11.9000 F2500.0
G4 P0.02
G1 X54.4038 Y-229.0427 F12000.0
G1 Z0.0000 F2500.0
G4 P0.02
G0 X54.2783 Y-228.7082 F15000.0
G1 Z11.9000 F2500.0
G4 P0.02
G1 X54.0693 Y-228.0812 F12000.0
G1 X54.0276 Y-227.4542
G1 X54.1112 Y-227.2452
G1 Z0.0000 F2500.0
G4 P0.02
G0 X54.6225 Y-232.8884 F15000.0
G1 Z11.9000 F2500.0
G4 P0.02
G1 X53.0340 Y-232.7630 F12000.0
G1 X52.6160 Y-232.5540
G1 Z0.0000 F2500.0
G4 P0.02
G0 X52.4906 Y-229.6697 F15000.0
G1 Z11.9000 F2500.0
G4 P0.02
G1 X51.9472 Y-229.6697 F12000.0
G1 X51.6128 Y-230.1295
G1 X51.6128 Y-230.6729
G1 X52.1143 Y-231.9688
G1 Z0.0000 F2500.0
G4 P0.02
G0 X52.4488 Y-226.9108 F15000.0
G1 Z11.9000 F2500.0
G4 P0.02
G1 X51.3620 Y-226.9108 F12000.0
G1 X51.1530 Y-226.9944
G1 Z0.0000 F2500.0
G4 P0.02
G0 X52.4070 Y-232.3868 F15000.0
G1 Z11.9000 F2500.0
G4 P0.02
G1 X52.2398 Y-232.2196 F12000.0
G1 Z0.0000 F2500.0
G4 P0.02
G0 X51.7382 Y-229.3771 F15000.0
G1 Z11.9000 F2500.0
G4 P0.02
G1 X51.3201 Y-229.0009 F12000.0
G1 Z0.0000 F2500.0
G4 P0.02
G0 X51.1111 Y-228.5829 F15000.0
G1 Z11.9000 F2500.0
G4 P0.02
G1 X50.8186 Y-227.5797 F12000.0
G1 X50.9439 Y-227.2034
G1 Z0.0000 F2500.0
G4 P0.02
G0 X51.4550 Y-232.7695 F15000.0
G1 Z11.9000 F2500.0
G4 P0.02
G1 X51.2710 Y-232.7695 F12000.0
G1 Z0.0000 F2500.0
G4 P0.02
G0 X49.6528 Y-231.1328 F15000.0
G1 Z11.9000 F2500.0
G4 P0.02
G1 X49.8200 Y-231.5926 F12000.0
G1 X49.7782 Y-232.5540
G1 Z0.0000 F2500.0
G4 P0.02
G0 X49.5274 Y-230.7984 F15000.0
G1 Z11.9000 F2500.0
G4 P0.02
G1 X49.4857 Y-230.6729 F12000.0
G1 Z0.0000 F2500.0
G4 P0.02
G0 X49.4857 Y-232.8048 F15000.0
G1 Z11.9000 F2500.0
G4 P0.02
G1 X48.3151 Y-232.8466 F12000.0
G1 X48.0644 Y-232.7630
G1 Z0.0000 F2500.0
G4 P0.02
G0 X49.3602 Y-230.3386 F15000.0
G1 Z11.9000 F2500.0
G4 P0.02
G1 X49.2766 Y-230.0877 F12000.0
G1 Z0.0000 F2500.0
G4 P0.02
G0 X49.1512 Y-229.7533 F15000.0
G1 Z11.9000 F2500.0
G4 P0.02
G1 X49.0676 Y-229.5025 F12000.0
G1 Z0.0000 F2500.0
G4 P0.02
G0 X48.9421 Y-229.1680 F15000.0
G1 Z11.9000 F2500.0
G4 P0.02
G1 X48.9004 Y-229.0427 F12000.0
G1 Z0.0000 F2500.0
G4 P0.02
G0 X48.7750 Y-228.7082 F15000.0
G1 Z11.9000 F2500.0
G4 P0.02
G1 X48.4406 Y-227.9140 F12000.0
G1 Z0.0000 F2500.0
G4 P0.02
G0 X48.2734 Y-227.6214 F15000.0
G1 Z11.9000 F2500.0
G4 P0.02
G1 X48.0644 Y-227.4124 F12000.0
G1 Z0.0000 F2500.0
G4 P0.02
G0 X47.8136 Y-227.2034 F15000.0
G1 Z11.9000 F2500.0
G4 P0.02
G1 X46.5177 Y-226.8690 F12000.0
G1 X45.9325 Y-227.0780
G1 Z0.0000 F2500.0
G4 P0.02
G0 X47.7300 Y-232.5958 F15000.0
G1 Z11.9000 F2500.0
G4 P0.02
G1 X47.2702 Y-232.1778 F12000.0
G1 Z0.0000 F2500.0
G4 P0.02
G0 X47.0611 Y-231.8016 F15000.0
G1 Z11.9000 F2500.0
G4 P0.02
G1 X46.8103 Y-231.1328 F12000.0
G1 Z0.0000 F2500.0
G4 P0.02
G0 X46.6849 Y-230.7984 F15000.0
G1 Z11.9000 F2500.0
G4 P0.02
G1 X46.6431 Y-230.6729 F12000.0
G1 Z0.0000 F2500.0
G4 P0.02
G0 X46.5177 Y-230.3386 F15000.0
G1 Z11.9000 F2500.0
G4 P0.02
G1 X46.4341 Y-230.0877 F12000.0
G1 Z0.0000 F2500.0
G4 P0.02
G0 X46.3087 Y-229.7533 F15000.0
G1 Z11.9000 F2500.0
G4 P0.02
G1 X46.2251 Y-229.5025 F12000.0
G1 Z0.0000 F2500.0
G4 P0.02
G0 X46.0996 Y-229.1680 F15000.0
G1 Z11.9000 F2500.0
G4 P0.02
G1 X46.0579 Y-229.0427 F12000.0
G1 Z0.0000 F2500.0
G4 P0.02
G0 X45.9325 Y-228.7082 F15000.0
G1 Z11.9000 F2500.0
G4 P0.02
G1 X45.7234 Y-228.0812 F12000.0
G1 X45.6817 Y-227.4542
G1 X45.7653 Y-227.2452
G1 Z0.0000 F2500.0
G4 P0.02
G0 X45.7354 Y-231.1328 F15000.0
G1 Z11.9000 F2500.0
G4 P0.02
G1 X45.9026 Y-231.5926 F12000.0
G1 X45.8608 Y-232.5540
G1 Z0.0000 F2500.0
G4 P0.02
G0 X45.6099 Y-230.7984 F15000.0
G1 Z11.9000 F2500.0
G4 P0.02
G1 X45.5682 Y-230.6729 F12000.0
G1 Z0.0000 F2500.0
G4 P0.02
G0 X45.5682 Y-232.8048 F15000.0
G1 Z11.9000 F2500.0
G4 P0.02
G1 X44.3977 Y-232.8466 F12000.0
G1 X44.1469 Y-232.7630
G1 Z0.0000 F2500.0
G4 P0.02
G0 X45.4427 Y-230.3386 F15000.0
G1 Z11.9000 F2500.0
G4 P0.02
G1 X45.3592 Y-230.0877 F12000.0
G1 Z0.0000 F2500.0
G4 P0.02
G0 X45.2337 Y-229.7533 F15000.0
G1 Z11.9000 F2500.0
G4 P0.02
G1 X45.1501 Y-229.5025 F12000.0
G1 Z0.0000 F2500.0
G4 P0.02
G0 X45.0248 Y-229.1680 F15000.0
G1 Z11.9000 F2500.0
G4 P0.02
G1 X44.9829 Y-229.0427 F12000.0
G1 Z0.0000 F2500.0
G4 P0.02
G0 X44.8575 Y-228.7082 F15000.0
G1 Z11.9000 F2500.0
G4 P0.02
G1 X44.5231 Y-227.9140 F12000.0
G1 Z0.0000 F2500.0
G4 P0.02
G0 X44.3559 Y-227.6214 F15000.0
G1 Z11.9000 F2500.0
G4 P0.02
G1 X44.1469 Y-227.4124 F12000.0
G1 Z0.0000 F2500.0
G4 P0.02
G0 X43.8961 Y-227.2034 F15000.0
G1 Z11.9000 F2500.0
G4 P0.02
G1 X42.6002 Y-226.8690 F12000.0
G1 X42.0150 Y-227.0780
G1 Z0.0000 F2500.0
G4 P0.02
G0 X43.8125 Y-232.5958 F15000.0
G1 Z11.9000 F2500.0
G4 P0.02
G1 X43.3527 Y-232.1778 F12000.0
G1 Z0.0000 F2500.0
G4 P0.02
G0 X43.1437 Y-231.8016 F15000.0
G1 Z11.9000 F2500.0
G4 P0.02
G1 X42.8929 Y-231.1328 F12000.0
G1 Z0.0000 F2500.0
G4 P0.02
G0 X42.7674 Y-230.7984 F15000.0
G1 Z11.9000 F2500.0
G4 P0.02
G1 X42.7257 Y-230.6729 F12000.0
G1 Z0.0000 F2500.0
G4 P0.02
G0 X42.6002 Y-230.3386 F15000.0
G1 Z11.9000 F2500.0
G4 P0.02
G1 X42.5166 Y-230.0877 F12000.0
G1 Z0.0000 F2500.0
G4 P0.02
G0 X42.3912 Y-229.7533 F15000.0
G1 Z11.9000 F2500.0
G4 P0.02
G1 X42.3076 Y-229.5025 F12000.0
G1 Z0.0000 F2500.0
G4 P0.02
G0 X42.1823 Y-229.1680 F15000.0
G1 Z11.9000 F2500.0
G4 P0.02
G1 X42.1404 Y-229.0427 F12000.0
G1 Z0.0000 F2500.0
G4 P0.02
G0 X42.0150 Y-228.7082 F15000.0
G1 Z11.9000 F2500.0
G4 P0.02
G1 X41.8060 Y-228.0812 F12000.0
G1 X41.7642 Y-227.4542
G1 X41.8478 Y-227.2452
G1 Z0.0000 F2500.0
G4 P0.02
G0 X42.5981 Y-232.7695 F15000.0
G1 Z11.9000 F2500.0
G4 P0.02
G1 X42.4142 Y-232.7695 F12000.0
G1 Z0.0000 F2500.0
G4 P0.02
G0 X40.7959 Y-231.1328 F15000.0
G1 Z11.9000 F2500.0
G4 P0.02
G1 X40.9631 Y-231.5926 F12000.0
G1 X40.9214 Y-232.5540
G1 Z0.0000 F2500.0
G4 P0.02
G0 X40.6706 Y-230.7984 F15000.0
G1 Z11.9000 F2500.0
G4 P0.02
G1 X40.6287 Y-230.6729 F12000.0
G1 Z0.0000 F2500.0
G4 P0.02
G0 X40.6287 Y-232.8048 F15000.0
G1 Z11.9000 F2500.0
G4 P0.02
G1 X39.4583 Y-232.8466 F12000.0
G1 X39.2074 Y-232.7630
G1 Z0.0000 F2500.0
G4 P0.02
G0 X40.5033 Y-230.3386 F15000.0
G1 Z11.9000 F2500.0
G4 P0.02
G1 X40.4197 Y-230.0877 F12000.0
G1 Z0.0000 F2500.0
G4 P0.02
G0 X40.2943 Y-229.7533 F15000.0
G1 Z11.9000 F2500.0
G4 P0.02
G1 X40.2108 Y-229.5025 F12000.0
G1 Z0.0000 F2500.0
G4 P0.02
G0 X40.0853 Y-229.1680 F15000.0
G1 Z11.9000 F2500.0
G4 P0.02
G1 X40.0435 Y-229.0427 F12000.0
G1 Z0.0000 F2500.0
G4 P0.02
G0 X39.9181 Y-228.7082 F15000.0
G1 Z11.9000 F2500.0
G4 P0.02
G1 X39.5836 Y-227.9140 F12000.0
G1 Z0.0000 F2500.0
G4 P0.02
G0 X39.4165 Y-227.6214 F15000.0
G1 Z11.9000 F2500.0
G4 P0.02
G1 X39.2074 Y-227.4124 F12000.0
G1 Z0.0000 F2500.0
G4 P0.02
G0 X38.9566 Y-227.2034 F15000.0
G1 Z11.9000 F2500.0
G4 P0.02
G1 X37.6608 Y-226.8690 F12000.0
G1 X37.0756 Y-227.0780
G1 Z0.0000 F2500.0
G4 P0.02
G0 X38.8730 Y-232.5958 F15000.0
G1 Z11.9000 F2500.0
G4 P0.02
G1 X38.4132 Y-232.1778 F12000.0
G1 Z0.0000 F2500.0
G4 P0.02
G0 X38.2042 Y-231.8016 F15000.0
G1 Z11.9000 F2500.0
G4 P0.02
G1 X37.9534 Y-231.1328 F12000.0
G1 Z0.0000 F2500.0
G4 P0.02
G0 X37.8280 Y-230.7984 F15000.0
G1 Z11.9000 F2500.0
G4 P0.02
G1 X37.7862 Y-230.6729 F12000.0
G1 Z0.0000 F2500.0
G4 P0.02
G0 X37.6608 Y-230.3386 F15000.0
G1 Z11.9000 F2500.0
G4 P0.02
G1 X37.5772 Y-230.0877 F12000.0
G1 Z0.0000 F2500.0
G4 P0.02
G0 X37.4518 Y-229.7533 F15000.0
G1 Z11.9000 F2500.0
G4 P0.02
G1 X37.3682 Y-229.5025 F12000.0
G1 Z0.0000 F2500.0
G4 P0.02
G0 X37.2428 Y-229.1680 F15000.0
G1 Z11.9000 F2500.0
G4 P0.02
G1 X37.2010 Y-229.0427 F12000.0
G1 Z0.0000 F2500.0
G4 P0.02
G0 X37.0756 Y-228.7082 F15000.0
G1 Z11.9000 F2500.0
G4 P0.02
G1 X36.8666 Y-228.0812 F12000.0
G1 X36.8247 Y-227.4542
G1 X36.9083 Y-227.2452
G1 Z0.0000 F2500.0
G4 P0.02
G0 X36.0727 Y-232.7607 F15000.0
G1 Z11.9000 F2500.0
G4 P0.02
G1 X35.2784 Y-230.6288 F12000.0
G1 Z0.0000 F2500.0
G4 P0.02
G0 X35.8218 Y-228.2461 F15000.0
G1 Z11.9000 F2500.0
G4 P0.02
G1 X34.7350 Y-227.4937 F12000.0
G1 X34.2334 Y-227.3265
G1 X33.8572 Y-226.8667
G1 Z0.0000 F2500.0
G4 P0.02
G0 X35.1530 Y-230.2944 F15000.0
G1 Z11.9000 F2500.0
G4 P0.02
G1 X35.1112 Y-230.1690 F12000.0
G1 Z0.0000 F2500.0
G4 P0.02
G0 X34.9857 Y-229.8346 F15000.0
G1 Z11.9000 F2500.0
G4 P0.02
G1 X34.5678 Y-228.6642 F12000.0
G1 Z0.0000 F2500.0
G4 P0.02
G0 X34.4423 Y-228.3297 F15000.0
G1 Z11.9000 F2500.0
G4 P0.02
G1 X34.4006 Y-228.2044 F12000.0
G1 Z0.0000 F2500.0
G4 P0.02
G0 X34.2751 Y-227.8699 F15000.0
G1 Z11.9000 F2500.0
G4 P0.02
G1 X34.1079 Y-227.2429 F12000.0
G1 Z0.0000 F2500.0
G4 P0.02
G0 X93.6553 Y-252.3239 F15000.0
G1 Z11.9000 F2500.0
G4 P0.02
G1 X92.4430 Y-249.0216 F12000.0
G1 X92.2340 Y-248.7290
G1 Z0.0000 F2500.0
G4 P0.02
G0 X87.0088 Y-244.2563 F15000.0
G1 Z11.9000 F2500.0
G4 P0.02
G1 X89.1824 Y-246.1791 F12000.0
G1 X90.2693 Y-247.4750
G1 X92.0668 Y-248.3528
G1 X91.8996 Y-247.5586
G1 Z0.0000 F2500.0
G4 P0.02
G0 X91.7741 Y-247.2241 F15000.0
G1 Z11.9000 F2500.0
G4 P0.02
G1 X91.7324 Y-247.0988 F12000.0
G1 Z0.0000 F2500.0
G4 P0.02
G0 X91.2726 Y-245.8446 F15000.0
G1 Z11.9000 F2500.0
G4 P0.02
G1 X90.5619 Y-243.9218 F12000.0
G1 Z0.0000 F2500.0
G4 P0.02
G0 X90.2693 Y-247.4750 F15000.0
G1 Z11.9000 F2500.0
G4 P0.02
G1 X89.8095 Y-252.3239 F12000.0
G1 Z0.0000 F2500.0
G4 P0.02
G0 X86.7997 Y-244.0890 F15000.0
G1 Z11.9000 F2500.0
G4 P0.02
G1 X86.6325 Y-243.9218 F12000.0
G1 Z0.0000 F2500.0
G4 P0.02
G0 X87.7520 Y-252.0285 F15000.0
G1 Z11.9000 F2500.0
G4 P0.02
G1 X86.8324 Y-249.0188 F12000.0
G1 Z0.0000 F2500.0
G4 P0.02
G0 X87.4594 Y-252.3211 F15000.0
G1 Z11.9000 F2500.0
G4 P0.02
G1 X85.3275 Y-252.3211 F12000.0
G1 Z0.0000 F2500.0
G4 P0.02
G0 X86.4979 Y-248.0991 F15000.0
G1 Z11.9000 F2500.0
G4 P0.02
G1 X85.9963 Y-247.0541 F12000.0
G1 X85.7456 Y-246.8033
G1 X83.9480 Y-246.4688
G1 X83.2374 Y-246.5942
G1 Z0.0000 F2500.0
G4 P0.02
G0 X84.9095 Y-252.0702 F15000.0
G1 Z11.9000 F2500.0
G4 P0.02
G1 X84.6586 Y-251.8613 F12000.0
G1 Z0.0000 F2500.0
G4 P0.02
G0 X84.4914 Y-251.5687 F15000.0
G1 Z11.9000 F2500.0
G4 P0.02
G1 X84.3661 Y-251.2760 F12000.0
G1 Z0.0000 F2500.0
G4 P0.02
G0 X84.2407 Y-250.9834 F15000.0
G1 Z11.9000 F2500.0
G4 P0.02
G1 X83.6972 Y-249.3950 F12000.0
G1 Z0.0000 F2500.0
G4 P0.02
G0 X83.4046 Y-248.6007 F15000.0
G1 Z11.9000 F2500.0
G4 P0.02
G1 X82.9448 Y-246.9286 F12000.0
G1 X82.9866 Y-246.8450
G1 Z0.0000 F2500.0
G4 P0.02
G0 X84.1466 Y-254.9546 F15000.0
G1 Z11.9000 F2500.0
G4 P0.02
G1 X83.9794 Y-254.4948 F12000.0
G1 Z0.0000 F2500.0
G4 P0.02
G0 X83.7286 Y-253.8259 F15000.0
G1 Z11.9000 F2500.0
G4 P0.02
G1 X81.0950 Y-246.6361 F12000.0
G1 Z0.0000 F2500.0
G4 P0.02
G0 X83.0598 Y-252.4047 F15000.0
G1 Z11.9000 F2500.0
G4 P0.02
G1 X80.3008 Y-252.2375 F12000.0
G1 X80.0082 Y-252.0285
G1 Z0.0000 F2500.0
G4 P0.02
G0 X81.0114 Y-246.5524 F15000.0
G1 Z11.9000 F2500.0
G4 P0.02
G1 X78.3780 Y-246.5942 F12000.0
G1 Z0.0000 F2500.0
G4 P0.02
G0 X79.7992 Y-251.8613 F15000.0
G1 Z11.9000 F2500.0
G4 P0.02
G1 X79.5484 Y-251.3596 F12000.0
G1 X78.0853 Y-246.9286
G1 X78.1271 Y-246.8450
G1 Z0.0000 F2500.0
G4 P0.02
G0 X78.2460 Y-252.1121 F15000.0
G1 Z11.9000 F2500.0
G4 P0.02
G1 X78.2042 Y-251.9866 F12000.0
G1 Z0.0000 F2500.0
G4 P0.02
G0 X78.0787 Y-251.6522 F15000.0
G1 Z11.9000 F2500.0
G4 P0.02
G1 X76.2395 Y-246.6778 F12000.0
G1 Z0.0000 F2500.0
G4 P0.02
G0 X76.1559 Y-246.5942 F15000.0
G1 Z11.9000 F2500.0
G4 P0.02
G1 X73.3552 Y-246.7197 F12000.0
G1 X73.2298 Y-246.9286
G1 X74.0658 Y-249.6458
G1 Z0.0000 F2500.0
G4 P0.02
G0 X74.9854 Y-252.2375 F15000.0
G1 Z11.9000 F2500.0
G4 P0.02
G1 X74.4002 Y-250.5654 F12000.0
G1 Z0.0000 F2500.0
G4 P0.02
G0 X74.0847 Y-255.1185 F15000.0
G1 Z11.9000 F2500.0
G4 P0.02
G1 X71.2839 Y-254.6587 F12000.0
G1 Z0.0000 F2500.0
G4 P0.02
G0 X73.0813 Y-252.0670 F15000.0
G1 Z11.9000 F2500.0
G4 P0.02
G1 X73.1650 Y-251.7325 F12000.0
G1 X72.8724 Y-250.8129
G1 Z0.0000 F2500.0
G4 P0.02
G0 X72.8724 Y-252.2759 F15000.0
G1 Z11.9000 F2500.0
G4 P0.02
G1 X70.3643 Y-252.4014 F12000.0
G1 X70.4061 Y-253.0284
G1 Z0.0000 F2500.0
G4 P0.02
G0 X72.6215 Y-250.1441 F15000.0
G1 Z11.9000 F2500.0
G4 P0.02
G1 X71.7019 Y-247.5524 F12000.0
G1 Z0.0000 F2500.0
G4 P0.02
G0 X71.4511 Y-246.8836 F15000.0
G1 Z11.9000 F2500.0
G4 P0.02
G1 X71.2839 Y-246.5073 F12000.0
G1 Z0.0000 F2500.0
G4 P0.02
G0 X71.0331 Y-254.4078 F15000.0
G1 Z11.9000 F2500.0
G4 P0.02
G1 X70.5315 Y-253.3210 F12000.0
G1 Z0.0000 F2500.0
G4 P0.02
G0 X70.1552 Y-252.2759 F15000.0
G1 Z11.9000 F2500.0
G4 P0.02
G1 X68.0652 Y-246.5909 F12000.0
G1 Z0.0000 F2500.0
G4 P0.02
G0 X66.4471 Y-246.9705 F15000.0
G1 Z11.9000 F2500.0
G4 P0.02
G1 X67.0323 Y-248.0991 F12000.0
G1 X68.2863 Y-251.9449
G1 X65.4857 Y-252.3629
G1 Z0.0000 F2500.0
G4 P0.02
G0 X66.2799 Y-246.8450 F15000.0
G1 Z11.9000 F2500.0
G4 P0.02
G1 X63.3119 Y-246.4688 F12000.0
G1 Z0.0000 F2500.0
G4 P0.02
G0 X107.6485 Y-265.1593 F15000.0
G1 Z11.9000 F2500.0
G4 P0.02
G1 X108.9444 Y-269.6738 F12000.0
G1 X107.0215 Y-269.4230
G1 X106.8543 Y-269.2977
G1 Z0.0000 F2500.0
G4 P0.02
G0 X107.8993 Y-266.4133 F15000.0
G1 Z11.9000 F2500.0
G4 P0.02
G1 X106.3944 Y-266.5388 F12000.0
G1 Z0.0000 F2500.0
G4 P0.02
G0 X107.2723 Y-263.9471 F15000.0
G1 Z11.9000 F2500.0
G4 P0.02
G1 X107.2305 Y-263.7799 F12000.0
G1 Z0.0000 F2500.0
G4 P0.02
G0 X107.1051 Y-263.6962 F15000.0
G1 Z11.9000 F2500.0
G4 P0.02
G1 X105.2659 Y-263.6126 F12000.0
G1 Z0.0000 F2500.0
G4 P0.02
G0 X106.5617 Y-268.9215 F15000.0
G1 Z11.9000 F2500.0
G4 P0.02
G1 X106.2691 Y-268.0854 F12000.0
G1 Z0.0000 F2500.0
G4 P0.02
G0 X106.2691 Y-266.6641 F15000.0
G1 Z11.9000 F2500.0
G4 P0.02
G1 X106.0601 Y-267.2494 F12000.0
G1 X106.1436 Y-267.7509
G1 Z0.0000 F2500.0
G4 P0.02
G0 X106.4578 Y-271.6055 F15000.0
G1 Z11.9000 F2500.0
G4 P0.02
G1 X106.0817 Y-270.3932 F12000.0
G1 Z0.0000 F2500.0
G4 P0.02
G0 X105.9562 Y-270.0589 F15000.0
G1 Z11.9000 F2500.0
G4 P0.02
G1 X103.4481 Y-265.5024 F12000.0
G1 X103.0301 Y-265.6279
G1 X102.9047 Y-265.8369
G1 X103.4063 Y-267.8015
G1 X103.8662 Y-269.2228
G1 X103.9915 Y-269.3900
G1 X105.7054 Y-269.6826
G1 Z0.0000 F2500.0
G4 P0.02
G0 X102.5792 Y-268.0854 F15000.0
G1 Z11.9000 F2500.0
G4 P0.02
G1 X102.6628 Y-268.3780 F12000.0
G1 X102.5792 Y-269.4230
G1 Z0.0000 F2500.0
G4 P0.02
G0 X102.4539 Y-269.5485 F15000.0
G1 Z11.9000 F2500.0
G4 P0.02
G1 X101.1162 Y-269.4649 F12000.0
G1 X100.7818 Y-269.1722
G1 Z0.0000 F2500.0
G4 P0.02
G0 X102.3284 Y-267.2911 F15000.0
G1 Z11.9000 F2500.0
G4 P0.02
G1 X102.2866 Y-267.0822 F12000.0
G1 Z0.0000 F2500.0
G4 P0.02
G0 X102.0358 Y-266.2879 F15000.0
G1 Z11.9000 F2500.0
G4 P0.02
G1 X101.9941 Y-266.0790 F12000.0
G1 Z0.0000 F2500.0
G4 P0.02
G0 X101.7432 Y-265.2847 F15000.0
G1 Z11.9000 F2500.0
G4 P0.02
G1 X101.5760 Y-264.6995 F12000.0
G1 Z0.0000 F2500.0
G4 P0.02
G0 X101.4507 Y-264.4486 F15000.0
G1 Z11.9000 F2500.0
G4 P0.02
G1 X100.9490 Y-263.9052 F12000.0
G1 Z0.0000 F2500.0
G4 P0.02
G0 X100.6982 Y-263.7799 F15000.0
G1 Z11.9000 F2500.0
G4 P0.02
G1 X100.0294 Y-263.6544 F12000.0
G1 X99.7367 Y-263.6962
G1 X99.5277 Y-263.8216
G1 X99.2769 Y-264.4905
G1 X99.4441 Y-265.2847
G1 Z0.0000 F2500.0
G4 P0.02
G0 X100.4473 Y-268.5870 F15000.0
G1 Z11.9000 F2500.0
G4 P0.02
G1 X100.2801 Y-268.0854 F12000.0
G1 Z0.0000 F2500.0
G4 P0.02
G0 X100.0294 Y-267.2911 F15000.0
G1 Z11.9000 F2500.0
G4 P0.02
G1 X99.9875 Y-267.0822 F12000.0
G1 Z0.0000 F2500.0
G4 P0.02
G0 X99.7367 Y-266.2879 F15000.0
G1 Z11.9000 F2500.0
G4 P0.02
G1 X99.6950 Y-266.0790 F12000.0
G1 Z0.0000 F2500.0
G4 P0.02
G0 X99.6974 Y-269.6321 F15000.0
G1 Z11.9000 F2500.0
G4 P0.02
G1 X98.4433 Y-269.5066 F12000.0
G1 Z0.0000 F2500.0
G4 P0.02
G0 X98.1925 Y-269.3394 F15000.0
G1 Z11.9000 F2500.0
G4 P0.02
G1 X97.8999 Y-269.0051 F12000.0
G1 X97.4819 Y-267.8345
G1 X97.4401 Y-266.7896
G1 Z0.0000 F2500.0
G4 P0.02
G0 X98.0253 Y-266.4551 F15000.0
G1 Z11.9000 F2500.0
G4 P0.02
G1 X97.6909 Y-266.4551 F12000.0
G1 X97.5655 Y-266.5805
G1 Z0.0000 F2500.0
G4 P0.02
G0 X97.8999 Y-263.6544 F15000.0
G1 Z11.9000 F2500.0
G4 P0.02
G1 X97.0639 Y-263.7380 F12000.0
G1 Z0.0000 F2500.0
G4 P0.02
G0 X97.5237 Y-266.2043 F15000.0
G1 Z11.9000 F2500.0
G4 P0.02
G1 X97.2728 Y-265.9535 F12000.0
G1 Z0.0000 F2500.0
G4 P0.02
G0 X97.0220 Y-265.5773 F15000.0
G1 Z11.9000 F2500.0
G4 P0.02
G1 X96.8130 Y-264.8248 F12000.0
G1 X96.8130 Y-264.0306
G1 Z0.0000 F2500.0
G4 P0.02
G0 X93.4614 Y-265.1720 F15000.0
G1 Z11.9000 F2500.0
G4 P0.02
G1 X94.7573 Y-269.6448 F12000.0
G1 X96.9310 Y-269.6030
G1 X96.5965 Y-268.1399
G1 Z0.0000 F2500.0
G4 P0.02
G0 X96.4293 Y-267.6383 F15000.0
G1 Z11.9000 F2500.0
G4 P0.02
G1 X95.3007 Y-263.7926 F12000.0
G1 Z0.0000 F2500.0
G4 P0.02
G0 X94.7573 Y-270.6898 F15000.0
G1 Z11.9000 F2500.0
G4 P0.02
G1 X94.5483 Y-269.7284 F12000.0
G1 Z0.0000 F2500.0
G4 P0.02
G0 X93.2525 Y-264.5450 F15000.0
G1 Z11.9000 F2500.0
G4 P0.02
G1 X93.0852 Y-263.9179 F12000.0
G1 Z0.0000 F2500.0
G4 P0.02
G0 X92.5078 Y-269.7157 F15000.0
G1 Z11.9000 F2500.0
G4 P0.02
G1 X90.6267 Y-265.9117 F12000.0
G1 Z0.0000 F2500.0
G4 P0.02
G0 X92.0062 Y-264.3233 F15000.0
G1 Z11.9000 F2500.0
G4 P0.02
G1 X91.8390 Y-263.8216 F12000.0
G1 Z0.0000 F2500.0
G4 P0.02
G0 X91.7554 Y-263.7380 F15000.0
G1 Z11.9000 F2500.0
G4 P0.02
G1 X89.7071 Y-263.6962 F12000.0
G1 X89.5399 Y-263.6126
G1 Z0.0000 F2500.0
G4 P0.02
G0 X90.5014 Y-265.6609 F15000.0
G1 Z11.9000 F2500.0
G4 P0.02
G1 X89.6653 Y-263.7380 F12000.0
G1 Z0.0000 F2500.0
G4 P0.02
G0 X88.7137 Y-269.6321 F15000.0
G1 Z11.9000 F2500.0
G4 P0.02
G1 X89.8424 Y-269.5485 F12000.0
G1 X90.1350 Y-268.8796
G1 X88.9646 Y-264.7831
G1 X88.7974 Y-264.4486
G1 Z0.0000 F2500.0
G4 P0.02
G0 X88.4211 Y-263.9888 F15000.0
G1 Z11.9000 F2500.0
G4 P0.02
G1 X88.0449 Y-263.7799 F12000.0
G1 X86.8744 Y-263.6126
G1 Z0.0000 F2500.0
G4 P0.02
G0 X87.4269 Y-269.6321 F15000.0
G1 Z11.9000 F2500.0
G4 P0.02
G1 X86.1729 Y-269.5066 F12000.0
G1 Z0.0000 F2500.0
G4 P0.02
G0 X85.5877 Y-266.4551 F15000.0
G1 Z11.9000 F2500.0
G4 P0.02
G1 X86.5073 Y-266.3715 F12000.0
G1 X86.3401 Y-265.4519
G1 Z0.0000 F2500.0
G4 P0.02
G0 X86.0893 Y-264.6577 F15000.0
G1 Z11.9000 F2500.0
G4 P0.02
G1 X86.0475 Y-264.4486 F12000.0
G1 Z0.0000 F2500.0
G4 P0.02
G0 X85.9220 Y-269.3394 F15000.0
G1 Z11.9000 F2500.0
G4 P0.02
G1 X85.6295 Y-269.0051 F12000.0
G1 X85.4622 Y-268.5870
G1 X85.0860 Y-266.9986
G1 X85.3369 Y-266.5805
G1 Z0.0000 F2500.0
G4 P0.02
G0 X85.8803 Y-263.9471 F15000.0
G1 Z11.9000 F2500.0
G4 P0.02
G1 X85.8384 Y-263.7799 F12000.0
G1 Z0.0000 F2500.0
G4 P0.02
G0 X85.7131 Y-263.6962 F15000.0
G1 Z11.9000 F2500.0
G4 P0.02
G1 X84.0410 Y-263.6126 F12000.0
G1 Z0.0000 F2500.0
G4 P0.02
G0 X84.7796 Y-269.6448 F15000.0
G1 Z11.9000 F2500.0
G4 P0.02
G1 X84.7377 Y-269.3940 F12000.0
G1 Z0.0000 F2500.0
G4 P0.02
G0 X84.3616 Y-268.2235 F15000.0
G1 Z11.9000 F2500.0
G4 P0.02
G1 X84.3197 Y-268.0145 F12000.0
G1 Z0.0000 F2500.0
G4 P0.02
G0 X84.1943 Y-267.6800 F15000.0
G1 Z11.9000 F2500.0
G4 P0.02
G1 X83.0657 Y-263.9179 F12000.0
G1 Z0.0000 F2500.0
G4 P0.02
G0 X83.6927 Y-266.4260 F15000.0
G1 Z11.9000 F2500.0
G4 P0.02
G1 X81.7280 Y-266.4260 F12000.0
G1 X82.5641 Y-269.6448
G1 Z0.0000 F2500.0
G4 P0.02
G0 X81.5608 Y-266.3424 F15000.0
G1 Z11.9000 F2500.0
G4 P0.02
G1 X81.1846 Y-265.1302 F12000.0
G1 Z0.0000 F2500.0
G4 P0.02
G0 X80.8920 Y-264.2524 F15000.0
G1 Z11.9000 F2500.0
G4 P0.02
G1 X80.7248 Y-263.6671 F12000.0
G1 Z0.0000 F2500.0
G4 P0.02
G0 X80.3464 Y-269.1281 F15000.0
G1 Z11.9000 F2500.0
G4 P0.02
G1 X80.3045 Y-268.9191 F12000.0
G1 Z0.0000 F2500.0
G4 P0.02
G0 X80.3045 Y-265.1152 F15000.0
G1 Z11.9000 F2500.0
G4 P0.02
G1 X79.5939 Y-264.4463 F12000.0
G1 Z0.0000 F2500.0
G4 P0.02
G0 X80.1373 Y-268.4175 F15000.0
G1 Z11.9000 F2500.0
G4 P0.02
G1 X78.8833 Y-263.9448 F12000.0
G1 X78.7160 Y-263.6939
G1 X78.7579 Y-263.7775
G1 Z0.0000 F2500.0
G4 P0.02
G0 X79.3849 Y-264.2791 F15000.0
G1 Z11.9000 F2500.0
G4 P0.02
G1 X79.0087 Y-264.1537 F12000.0
G1 Z0.0000 F2500.0
G4 P0.02
G0 X77.3652 Y-269.6321 F15000.0
G1 Z11.9000 F2500.0
G4 P0.02
G1 X77.1980 Y-268.9632 F12000.0
G1 Z0.0000 F2500.0
G4 P0.02
G0 X76.9472 Y-268.2108 F15000.0
G1 Z11.9000 F2500.0
G4 P0.02
G1 X76.9054 Y-268.0018 F12000.0
G1 Z0.0000 F2500.0
G4 P0.02
G0 X76.1112 Y-265.4519 F15000.0
G1 Z11.9000 F2500.0
G4 P0.02
G1 X76.0693 Y-265.2429 F12000.0
G1 Z0.0000 F2500.0
G4 P0.02
G0 X75.8185 Y-264.4905 F15000.0
G1 Z11.9000 F2500.0
G4 P0.02
G1 X75.6513 Y-263.8635 F12000.0
G1 Z0.0000 F2500.0
G4 P0.02
G0 X75.4842 Y-263.6962 F15000.0
G1 Z11.9000 F2500.0
G4 P0.02
G1 X73.8121 Y-263.6126 F12000.0
G1 Z0.0000 F2500.0
G4 P0.02
G0 X74.1173 Y-268.0854 F15000.0
G1 Z11.9000 F2500.0
G4 P0.02
G1 X74.2009 Y-268.3780 F12000.0
G1 X74.1173 Y-269.4230
G1 Z0.0000 F2500.0
G4 P0.02
G0 X73.9920 Y-269.5485 F15000.0
G1 Z11.9000 F2500.0
G4 P0.02
G1 X72.6542 Y-269.4649 F12000.0
G1 X72.3199 Y-269.1722
G1 Z0.0000 F2500.0
G4 P0.02
G0 X73.8665 Y-267.2911 F15000.0
G1 Z11.9000 F2500.0
G4 P0.02
G1 X73.8248 Y-267.0822 F12000.0
G1 Z0.0000 F2500.0
G4 P0.02
G0 X73.5739 Y-266.2879 F15000.0
G1 Z11.9000 F2500.0
G4 P0.02
G1 X73.5321 Y-266.0790 F12000.0
G1 Z0.0000 F2500.0
G4 P0.02
G0 X73.2813 Y-265.2847 F15000.0
G1 Z11.9000 F2500.0
G4 P0.02
G1 X73.1141 Y-264.6995 F12000.0
G1 Z0.0000 F2500.0
G4 P0.02
G0 X72.9887 Y-264.4486 F15000.0
G1 Z11.9000 F2500.0
G4 P0.02
G1 X72.4871 Y-263.9052 F12000.0
G1 Z0.0000 F2500.0
G4 P0.02
G0 X72.2363 Y-263.7799 F15000.0
G1 Z11.9000 F2500.0
G4 P0.02
G1 X71.5674 Y-263.6544 F12000.0
G1 X71.2748 Y-263.6962
G1 X71.0659 Y-263.8216
G1 X70.8150 Y-264.4905
G1 X70.9822 Y-265.2847
G1 Z0.0000 F2500.0
G4 P0.02
G0 X71.9855 Y-268.5870 F15000.0
G1 Z11.9000 F2500.0
G4 P0.02
G1 X71.8182 Y-268.0854 F12000.0
G1 Z0.0000 F2500.0
G4 P0.02
G0 X71.5674 Y-267.2911 F15000.0
G1 Z11.9000 F2500.0
G4 P0.02
G1 X71.5257 Y-267.0822 F12000.0
G1 Z0.0000 F2500.0
G4 P0.02
G0 X71.2748 Y-266.2879 F15000.0
G1 Z11.9000 F2500.0
G4 P0.02
G1 X71.2330 Y-266.0790 F12000.0
G1 Z0.0000 F2500.0
G4 P0.02
G0 X69.7101 Y-269.6321 F15000.0
G1 Z11.9000 F2500.0
G4 P0.02
G1 X70.8388 Y-269.5485 F12000.0
G1 X71.1314 Y-268.8796
G1 X69.9609 Y-264.7831
G1 X69.7937 Y-264.4486
G1 Z0.0000 F2500.0
G4 P0.02
G0 X69.4175 Y-263.9888 F15000.0
G1 Z11.9000 F2500.0
G4 P0.02
G1 X69.0413 Y-263.7799 F12000.0
G1 X67.8708 Y-263.6126
G1 Z0.0000 F2500.0
G4 P0.02
G0 X67.5000 Y-269.6506 F15000.0
G1 Z11.9000 F2500.0
G4 P0.02
G1 X65.7861 Y-263.7147 F12000.0
G1 X64.6575 Y-263.6311
G1 Z0.0000 F2500.0
G4 P0.02
G0 X66.6222 Y-263.6311 F15000.0
G1 Z11.9000 F2500.0
G4 P0.02
G1 X65.8279 Y-263.6729 F12000.0
G1 Z0.0000 F2500.0
G4 P0.02
G0 X65.0834 Y-268.3547 F15000.0
G1 Z11.9000 F2500.0
G4 P0.02
G1 X64.9998 Y-269.4415 F12000.0
G1 Z0.0000 F2500.0
G4 P0.02
G0 X64.9581 Y-267.9785 F15000.0
G1 Z11.9000 F2500.0
G4 P0.02
G1 X64.3310 Y-266.0138 F12000.0
G1 X63.7876 Y-265.0523
G1 X63.4532 Y-264.6761
G1 Z0.0000 F2500.0
G4 P0.02
G0 X64.8745 Y-269.5669 F15000.0
G1 Z11.9000 F2500.0
G4 P0.02
G1 X63.7876 Y-269.6087 F12000.0
G1 X63.2024 Y-269.1906
G1 Z0.0000 F2500.0
G4 P0.02
G0 X64.3728 Y-266.4317 F15000.0
G1 Z11.9000 F2500.0
G4 P0.02
G1 X62.8262 Y-266.5572 F12000.0
G1 Z0.0000 F2500.0
G4 P0.02
G0 X63.0352 Y-268.9399 F15000.0
G1 Z11.9000 F2500.0
G4 P0.02
G1 X62.9098 Y-268.6472 F12000.0
G1 X62.5336 Y-266.8915
G1 X62.7007 Y-266.6408
G1 Z0.0000 F2500.0
G4 P0.02
G0 X62.9515 Y-264.1745 F15000.0
G1 Z11.9000 F2500.0
G4 P0.02
G1 X62.1156 Y-263.5892 F12000.0
G1 Z0.0000 F2500.0
G4 P0.02
G0 X153.6125 Y-250.0028 F15000.0
G1 Z11.9000 F2500.0
G4 P0.02
G1 X153.4035 Y-249.9610 F12000.0
G1 X152.5675 Y-248.0799
G1 Z0.0000 F2500.0
G4 P0.02
G0 X153.3199 Y-250.0028 F15000.0
G1 Z11.9000 F2500.0
G4 P0.02
G1 X152.1912 Y-249.9610 F12000.0
G1 X151.2299 Y-247.0348
G1 X152.0241 Y-246.9931
G1 Z0.0000 F2500.0
G4 P0.02
G0 X152.4420 Y-247.8291 F15000.0
G1 Z11.9000 F2500.0
G4 P0.02
G1 X152.4003 Y-247.7037 F12000.0
G1 Z0.0000 F2500.0
G4 P0.02
G0 X152.2331 Y-250.2118 F15000.0
G1 Z11.9000 F2500.0
G4 P0.02
G1 X152.1912 Y-249.9610 F12000.0
G1 X151.9822 Y-249.8773
G1 Z0.0000 F2500.0
G4 P0.02
G0 X151.3005 Y-249.9338 F15000.0
G1 Z11.9000 F2500.0
G4 P0.02
G1 X151.3841 Y-249.6830 F12000.0
G1 X150.7988 Y-248.1364
G1 X150.4226 Y-247.9274
G1 X149.7120 Y-248.0945
G1 X151.2169 Y-249.9757
G1 Z0.0000 F2500.0
G4 P0.02
G0 X150.1965 Y-250.8910 F15000.0
G1 Z11.9000 F2500.0
G4 P0.02
G1 X149.7785 Y-250.0131 F12000.0
G1 X148.7334 Y-249.8877
G1 Z0.0000 F2500.0
G4 P0.02
G0 X149.7367 Y-249.7623 F15000.0
G1 Z11.9000 F2500.0
G4 P0.02
G1 X149.7367 Y-249.9295 F12000.0
G1 Z0.0000 F2500.0
G4 P0.02
G0 X149.6113 Y-249.4279 F15000.0
G1 Z11.9000 F2500.0
G4 P0.02
G1 X149.0679 Y-247.9649 F12000.0
G1 X148.1482 Y-247.9230
G1 Z0.0000 F2500.0
G4 P0.02
G0 X148.4826 Y-249.5115 F15000.0
G1 Z11.9000 F2500.0
G4 P0.02
G1 X148.1900 Y-248.6755 F12000.0
G1 Z0.0000 F2500.0
G4 P0.02
G0 X148.0646 Y-248.0066 F15000.0
G1 Z11.9000 F2500.0
G4 P0.02
G1 X148.0228 Y-248.2157 F12000.0
G1 Z0.0000 F2500.0
G4 P0.02
G0 X147.8940 Y-249.9338 F15000.0
G1 Z11.9000 F2500.0
G4 P0.02
G1 X147.9776 Y-249.6830 F12000.0
G1 X147.3923 Y-248.1364
G1 X147.0162 Y-247.9274
G1 X146.3055 Y-248.0945
G1 X147.8104 Y-249.9757
G1 Z0.0000 F2500.0
G4 P0.02
G0 X146.3339 Y-249.8097 F15000.0
G1 Z11.9000 F2500.0
G4 P0.02
G1 X145.9577 Y-249.4334 F12000.0
G1 Z0.0000 F2500.0
G4 P0.02
G0 X145.6650 Y-249.1827 F15000.0
G1 Z11.9000 F2500.0
G4 P0.02
G1 X145.4560 Y-249.0991 F12000.0
G1 X145.2888 Y-249.8933
G1 Z0.0000 F2500.0
G4 P0.02
G0 X145.5814 Y-247.9704 F15000.0
G1 Z11.9000 F2500.0
G4 P0.02
G1 X145.4560 Y-248.7646 F12000.0
G1 X145.1635 Y-248.6810
G1 X144.9126 Y-248.4302
G1 Z0.0000 F2500.0
G4 P0.02
G0 X145.4560 Y-248.8482 F15000.0
G1 Z11.9000 F2500.0
G4 P0.02
G1 X145.4560 Y-249.0991 F12000.0
G1 Z0.0000 F2500.0
G4 P0.02
G0 X144.7037 Y-248.2630 F15000.0
G1 Z11.9000 F2500.0
G4 P0.02
G1 X144.6201 Y-248.1794 F12000.0
G1 Z0.0000 F2500.0
G4 P0.02
G0 X144.4874 Y-249.9338 F15000.0
G1 Z11.9000 F2500.0
G4 P0.02
G1 X144.5710 Y-249.6830 F12000.0
G1 X143.9859 Y-248.1364
G1 X143.6097 Y-247.9274
G1 X142.8990 Y-248.0945
G1 X144.4038 Y-249.9757
G1 Z0.0000 F2500.0
G4 P0.02
G0 X142.1556 Y-247.9316 F15000.0
G1 Z11.9000 F2500.0
G4 P0.02
G1 X141.6958 Y-247.8897 F12000.0
G1 X141.1941 Y-248.1824
G1 X141.8630 Y-249.8544
G1 X142.7826 Y-249.9380
G1 X142.8662 Y-249.6872
G1 X141.9466 Y-247.2209
G1 Z0.0000 F2500.0
G4 P0.02
G0 X141.6122 Y-247.0119 F15000.0
G1 Z11.9000 F2500.0
G4 P0.02
G1 X141.4032 Y-247.0537 F12000.0
G1 Z0.0000 F2500.0
G4 P0.02
G0 X141.5704 Y-247.5971 F15000.0
G1 Z11.9000 F2500.0
G4 P0.02
G1 X141.3196 Y-247.2209 F12000.0
G1 Z0.0000 F2500.0
G4 P0.02
G0 X153.6889 Y-254.7017 F15000.0
G1 Z11.9000 F2500.0
G4 P0.02
G1 X152.8110 Y-252.2771 F12000.0
G1 Z0.0000 F2500.0
G4 P0.02
G0 X152.6856 Y-251.9845 F15000.0
G1 Z11.9000 F2500.0
G4 P0.02
G1 X152.6438 Y-251.8592 F12000.0
G1 X151.2643 Y-251.6083
G1 X151.3479 Y-252.0681
G1 Z0.0000 F2500.0
G4 P0.02
G0 X152.1004 Y-254.1583 F15000.0
G1 Z11.9000 F2500.0
G4 P0.02
G1 X152.0585 Y-254.0328 F12000.0
G1 Z0.0000 F2500.0
G4 P0.02
G0 X151.5151 Y-252.5279 F15000.0
G1 Z11.9000 F2500.0
G4 P0.02
G1 X151.4734 Y-252.4026 F12000.0
G1 Z0.0000 F2500.0
G4 P0.02
G0 X151.9300 Y-255.4414 F15000.0
G1 Z11.9000 F2500.0
G4 P0.02
G1 X150.6760 Y-254.8980 F12000.0
G1 X149.6309 Y-252.4735
G1 Z0.0000 F2500.0
G4 P0.02
G0 X150.8013 Y-252.4735 F15000.0
G1 Z11.9000 F2500.0
G4 P0.02
G1 X151.5119 Y-254.2292 F12000.0
G1 X151.5119 Y-254.3964
G1 X150.6341 Y-254.5636
G1 Z0.0000 F2500.0
G4 P0.02
G0 X149.8457 Y-254.3952 F15000.0
G1 Z11.9000 F2500.0
G4 P0.02
G1 X149.3859 Y-254.5624 F12000.0
G1 X148.9261 Y-254.3534
G1 X148.7589 Y-253.9353
G1 X148.7170 Y-253.5592
G1 X148.3409 Y-252.6813
G1 X148.5081 Y-252.5559
G1 X149.2605 Y-252.7649
G1 Z0.0000 F2500.0
G4 P0.02
G0 X149.2605 Y-253.5174 F15000.0
G1 Z11.9000 F2500.0
G4 P0.02
G1 X148.7589 Y-253.5174 F12000.0
G1 Z0.0000 F2500.0
G4 P0.02
G0 X148.1494 Y-254.5278 F15000.0
G1 Z11.9000 F2500.0
G4 P0.02
G1 X148.2330 Y-254.2770 F12000.0
G1 X147.6479 Y-252.7303
G1 X146.5192 Y-252.5213
G1 X147.0626 Y-254.3606
G1 X147.4806 Y-254.5278
G1 X148.0658 Y-254.5696
G1 Z0.0000 F2500.0
G4 P0.02
G0 X146.7067 Y-254.6903 F15000.0
G1 Z11.9000 F2500.0
G4 P0.02
G1 X145.7453 Y-252.4748 F12000.0
G1 Z0.0000 F2500.0
G4 P0.02
G0 X146.0797 Y-253.5198 F15000.0
G1 Z11.9000 F2500.0
G4 P0.02
G1 X145.2855 Y-253.5198 F12000.0
G1 X145.0765 Y-253.3526
G1 X144.7421 Y-252.7256
G1 Z0.0000 F2500.0
G4 P0.02
G0 X145.5780 Y-254.6903 F15000.0
G1 Z11.9000 F2500.0
G4 P0.02
G1 X145.2437 Y-253.5616 F12000.0
G1 Z0.0000 F2500.0
G4 P0.02
G0 X144.7429 Y-254.5320 F15000.0
G1 Z11.9000 F2500.0
G4 P0.02
G1 X144.8266 Y-254.2812 F12000.0
G1 X144.2413 Y-252.7346
G1 X143.8651 Y-252.5255
G1 X143.1545 Y-252.6927
G1 X144.6593 Y-254.5738
G1 Z0.0000 F2500.0
G4 P0.02
G0 X142.4111 Y-252.5297 F15000.0
G1 Z11.9000 F2500.0
G4 P0.02
G1 X141.9513 Y-252.4879 F12000.0
G1 X141.4496 Y-252.7805
G1 X142.1185 Y-254.4525
G1 X143.0381 Y-254.5362
G1 X143.1217 Y-254.2854
G1 X142.2021 Y-251.8191
G1 Z0.0000 F2500.0
G4 P0.02
G0 X141.8677 Y-251.6100 F15000.0
G1 Z11.9000 F2500.0
G4 P0.02
G1 X141.6586 Y-251.6519 F12000.0
G1 Z0.0000 F2500.0
G4 P0.02
G0 X141.8258 Y-252.1953 F15000.0
G1 Z11.9000 F2500.0
G4 P0.02
G1 X141.5750 Y-251.8191 F12000.0
G1 Z0.0000 F2500.0
G4 P0.02
G0 X141.3365 Y-254.5278 F15000.0
G1 Z11.9000 F2500.0
G4 P0.02
G1 X141.4201 Y-254.2770 F12000.0
G1 X140.8348 Y-252.7303
G1 X139.7063 Y-252.5213
G1 X140.2497 Y-254.3606
G1 X140.6676 Y-254.5278
G1 X141.2529 Y-254.5696
G1 Z0.0000 F2500.0
G4 P0.02
G0 X29.7762 Y-265.5023 F15000.0
G1 Z11.9000 F2500.0
G4 P0.02
G1 X28.3550 Y-261.5730 F12000.0
G1 Z0.0000 F2500.0
G4 P0.02
G0 X28.2714 Y-261.4894 F15000.0
G1 Z11.9000 F2500.0
G4 P0.02
G1 X26.4739 Y-261.4476 F12000.0
G1 X27.0173 Y-263.2451
G1 Z0.0000 F2500.0
G4 P0.02
G0 X27.9369 Y-265.6695 F15000.0
G1 Z11.9000 F2500.0
G4 P0.02
G1 X27.1427 Y-263.5795 F12000.0
G1 Z0.0000 F2500.0
G4 P0.02
G0 X26.9780 Y-265.5023 F15000.0
G1 Z11.9000 F2500.0
G4 P0.02
G1 X25.5568 Y-261.5730 F12000.0
G1 Z0.0000 F2500.0
G4 P0.02
G0 X25.4732 Y-261.4894 F15000.0
G1 Z11.9000 F2500.0
G4 P0.02
G1 X24.0102 Y-261.4476 F12000.0
G1 Z0.0000 F2500.0
G4 P0.02
G0 X24.4313 Y-265.7950 F15000.0
G1 Z11.9000 F2500.0
G4 P0.02
G1 X22.9265 Y-265.5024 F12000.0
G1 X22.7594 Y-265.3770
G1 Z0.0000 F2500.0
G4 P0.02
G0 X23.6371 Y-263.4123 F15000.0
G1 Z11.9000 F2500.0
G4 P0.02
G1 X23.5536 Y-262.7435 F12000.0
G1 X23.1356 Y-261.5730
G1 Z0.0000 F2500.0
G4 P0.02
G0 X23.3864 Y-263.6632 F15000.0
G1 Z11.9000 F2500.0
G4 P0.02
G1 X22.0905 Y-263.7468 F12000.0
G1 X21.9233 Y-263.6213
G1 Z0.0000 F2500.0
G4 P0.02
G0 X22.4249 Y-264.9172 F15000.0
G1 Z11.9000 F2500.0
G4 P0.02
G1 X22.0487 Y-263.7885 F12000.0
G1 Z0.0000 F2500.0
G4 P0.02
G0 X21.7143 Y-263.0779 F15000.0
G1 Z11.9000 F2500.0
G4 P0.02
G1 X21.0873 Y-261.4058 F12000.0
G1 Z0.0000 F2500.0
G4 P0.02
G0 X21.7467 Y-265.5023 F15000.0
G1 Z11.9000 F2500.0
G4 P0.02
G1 X20.3254 Y-261.5730 F12000.0
G1 Z0.0000 F2500.0
G4 P0.02
G0 X20.2418 Y-261.4894 F15000.0
G1 Z11.9000 F2500.0
G4 P0.02
G1 X18.4443 Y-261.4476 F12000.0
G1 X18.9877 Y-263.2451
G1 Z0.0000 F2500.0
G4 P0.02
G0 X19.9074 Y-265.6695 F15000.0
G1 Z11.9000 F2500.0
G4 P0.02
G1 X19.1132 Y-263.5795 F12000.0
G1 Z0.0000 F2500.0
G4 P0.02
G0 X18.7179 Y-265.4196 F15000.0
G1 Z11.9000 F2500.0
G4 P0.02
G1 X17.7564 Y-262.2844 F12000.0
G1 X17.3385 Y-261.6992
G1 X16.0008 Y-261.4484
G1 Z0.0000 F2500.0
G4 P0.02
G0 X18.5089 Y-265.6285 F15000.0
G1 Z11.9000 F2500.0
G4 P0.02
G1 X17.5475 Y-265.7121 F12000.0
G1 Z0.0000 F2500.0
G4 P0.02
G0 X31.1556 Y-269.0014 F15000.0
G1 Z11.9000 F2500.0
G4 P0.02
G1 X30.4449 Y-267.9563 F12000.0
G1 X29.5671 Y-267.8727
G1 X30.1106 Y-269.6702
G1 Z0.0000 F2500.0
G4 P0.02
G0 X31.0302 Y-272.0947 F15000.0
G1 Z11.9000 F2500.0
G4 P0.02
G1 X30.2360 Y-270.0046 F12000.0
G1 Z0.0000 F2500.0
G4 P0.02
G0 X29.2813 Y-272.2074 F15000.0
G1 Z11.9000 F2500.0
G4 P0.02
G1 X27.7765 Y-267.9436 F12000.0
G1 X26.7732 Y-267.8600
G1 Z0.0000 F2500.0
G4 P0.02
G0 X28.8215 Y-267.9436 F15000.0
G1 Z11.9000 F2500.0
G4 P0.02
G1 X27.7765 Y-267.9019 F12000.0
G1 Z0.0000 F2500.0
G4 P0.02
G0 X27.1843 Y-270.7352 F15000.0
G1 Z11.9000 F2500.0
G4 P0.02
G1 X25.0105 Y-270.6098 F12000.0
G1 Z0.0000 F2500.0
G4 P0.02
G0 X25.1248 Y-272.2323 F15000.0
G1 Z11.9000 F2500.0
G4 P0.02
G1 X23.9962 Y-272.1070 F12000.0
G1 X23.4945 Y-271.8562
G1 Z0.0000 F2500.0
G4 P0.02
G0 X22.9929 Y-269.9751 F15000.0
G1 Z11.9000 F2500.0
G4 P0.02
G1 X24.0798 Y-269.7661 F12000.0
G1 X23.5364 Y-268.1358
G1 X21.9479 Y-267.8850
G1 Z0.0000 F2500.0
G4 P0.02
G0 X23.2019 Y-271.5217 F15000.0
G1 Z11.9000 F2500.0
G4 P0.02
G1 X23.0347 Y-271.1455 F12000.0
G1 Z0.0000 F2500.0
G4 P0.02
G0 X22.9093 Y-270.8111 F15000.0
G1 Z11.9000 F2500.0
G4 P0.02
G1 X22.8675 Y-270.1005 F12000.0
G1 Z0.0000 F2500.0
G4 P0.02
G0 X21.6207 Y-272.1172 F15000.0
G1 Z11.9000 F2500.0
G4 P0.02
G1 X20.2412 Y-268.2715 F12000.0
G1 X19.9904 Y-267.9371
G1 Z0.0000 F2500.0
G4 P0.02
G0 X21.4535 Y-268.9403 F15000.0
G1 Z11.9000 F2500.0
G4 P0.02
G1 X21.2863 Y-268.7731 F12000.0
G1 Z0.0000 F2500.0
G4 P0.02
G0 X20.5756 Y-268.3133 F15000.0
G1 Z11.9000 F2500.0
G4 P0.02
G1 X20.2830 Y-268.2296 F12000.0
G1 Z0.0000 F2500.0
G4 P0.02
G0 X20.0294 Y-272.1078 F15000.0
G1 Z11.9000 F2500.0
G4 P0.02
G1 X19.7368 Y-271.9405 F12000.0
G1 Z0.0000 F2500.0
G4 P0.02
G0 X19.4023 Y-268.5129 F15000.0
G1 Z11.9000 F2500.0
G4 P0.02
G1 X19.6949 Y-269.2235 F12000.0
G1 X19.6949 Y-269.9341
G1 Z0.0000 F2500.0
G4 P0.02
G0 X19.6113 Y-270.0177 F15000.0
G1 Z11.9000 F2500.0
G4 P0.02
G1 X18.2319 Y-270.1849 F12000.0
G1 X18.2319 Y-270.5193
G1 X18.6081 Y-271.0209
G1 Z0.0000 F2500.0
G4 P0.02
G0 X19.1934 Y-268.2620 F15000.0
G1 Z11.9000 F2500.0
G4 P0.02
G1 X19.1098 Y-268.1784 F12000.0
G1 Z0.0000 F2500.0
G4 P0.02
G0 X18.9843 Y-271.4390 F15000.0
G1 Z11.9000 F2500.0
G4 P0.02
G1 X18.9007 Y-271.3554 F12000.0
G1 Z0.0000 F2500.0
G4 P0.02
G0 X18.7753 Y-267.9695 F15000.0
G1 Z11.9000 F2500.0
G4 P0.02
G1 X17.7721 Y-267.9276 F12000.0
G1 X17.5213 Y-268.1784
G1 X17.7303 Y-269.2652
G1 X17.9811 Y-270.0177
G1 Z0.0000 F2500.0
G4 P0.02
G0 X17.6947 Y-270.7352 F15000.0
G1 Z11.9000 F2500.0
G4 P0.02
G1 X15.5211 Y-270.6098 F12000.0
G1 Z0.0000 F2500.0
G4 P0.02
G0 X15.2003 Y-272.0838 F15000.0
G1 Z11.9000 F2500.0
G4 P0.02
G1 X13.9880 Y-271.8330 F12000.0
G1 Z0.0000 F2500.0
G4 P0.02
G0 X14.4896 Y-269.6175 F15000.0
G1 Z11.9000 F2500.0
G4 P0.02
G1 X14.2388 Y-269.3667 F12000.0
G1 X13.2356 Y-269.2831
G1 X13.1520 Y-269.4085
G1 X13.4446 Y-270.3281
G1 X13.6954 Y-270.5789
G1 X14.4896 Y-270.7461
G1 Z0.0000 F2500.0
G4 P0.02
G0 X13.9044 Y-271.7076 F15000.0
G1 Z11.9000 F2500.0
G4 P0.02
G1 X13.6954 Y-270.8716 F12000.0
G1 X13.7372 Y-270.7044
G1 Z0.0000 F2500.0
G4 P0.02
G0 X24.2038 Y-250.4038 F15000.0
G1 Z11.9000 F2500.0
G4 P0.02
G1 X23.9948 Y-249.9022 F12000.0
G1 X23.9530 Y-249.5678
G1 X25.0399 Y-249.4842
G1 X24.9980 Y-249.2333
G1 X24.0366 Y-247.5612
G1 Z0.0000 F2500.0
G4 P0.02
G0 X23.7440 Y-247.0178 F15000.0
G1 Z11.9000 F2500.0
G4 P0.02
G1 X23.3259 Y-246.2655 F12000.0
G1 Z0.0000 F2500.0
G4 P0.02
G0 X23.1170 Y-249.4842 F15000.0
G1 Z11.9000 F2500.0
G4 P0.02
G1 X23.7440 Y-249.5260 F12000.0
G1 X23.4514 Y-248.5646
G1 Z0.0000 F2500.0
G4 P0.02
G0 X21.4056 Y-250.4038 F15000.0
G1 Z11.9000 F2500.0
G4 P0.02
G1 X21.1966 Y-249.9022 F12000.0
G1 X21.1548 Y-249.5678
G1 X22.2417 Y-249.4842
G1 X22.1998 Y-249.2333
G1 X21.2384 Y-247.5612
G1 Z0.0000 F2500.0
G4 P0.02
G0 X20.9458 Y-247.0178 F15000.0
G1 Z11.9000 F2500.0
G4 P0.02
G1 X20.5278 Y-246.2655 F12000.0
G1 Z0.0000 F2500.0
G4 P0.02
G0 X20.3187 Y-249.4842 F15000.0
G1 Z11.9000 F2500.0
G4 P0.02
G1 X20.9458 Y-249.5260 F12000.0
G1 X20.6532 Y-248.5646
G1 Z0.0000 F2500.0
G4 P0.02

G0 Z0.0000 F800.0
G4 P0.06
G0 X0.0000 Y0.0000 F15000.0
M5
G4 P0.10
$1=0
