G21
G90
G17
G91.1
G0 Z0.0000
G0 X63.8254 Y-175.6190 F15000.0
G1 Z11.9000 F8000.0
G1 X64.2302 Y-173.0556 F12000.0
G1 X67.0635 Y-171.4365
G1 X72.0556 Y-172.2460
G1 X73.9444 Y-173.8651
G1 X71.9206 Y-176.2937
G1 X67.8730 Y-176.9683
G1 X66.5238 Y-176.2937
G1 X64.6349 Y-176.4286
G1 X63.8254 Y-175.6190
G1 Z0.0000 F8000.0
G0 X64.5983 Y-174.9892 F15000.0
G1 Z11.9000 F8000.0
G1 X66.0137 Y-178.4513 F12000.0
G1 Z0.0000 F8000.0
G0 X69.7801 Y-179.6460 F15000.0
G1 Z11.9000 F8000.0
G1 X77.2920 Y-180.7934 F12000.0
G1 Z0.0000 F8000.0
G0 X78.0552 Y-177.3945 F15000.0
G1 Z11.9000 F8000.0
G1 X73.2340 Y-170.0024 F12000.0
G1 Z0.0000 F8000.0
G0 X75.1587 Y-172.9206 F15000.0
G1 Z11.9000 F8000.0
G1 X75.1587 Y-174.1349 F12000.0
G1 X69.3571 Y-181.5556
G1 X67.1984 Y-182.7698
G1 X62.4762 Y-182.9048
G1 X61.2619 Y-179.2619
G1 X62.8810 Y-173.7302
G1 X64.2302 Y-172.1111
G1 X66.2540 Y-171.1667
G1 X72.7302 Y-171.1667
G1 X75.1587 Y-172.9206
G1 Z0.0000 F8000.0
G0 X76.4648 Y-172.8674 F15000.0
G1 Z11.9000 F8000.0
G1 X68.3263 Y-169.0801 F12000.0
G1 Z0.0000 F8000.0
G0 X69.0050 Y-169.1570 F15000.0
G1 Z11.9000 F8000.0
G1 X61.4699 Y-173.5114 F12000.0
G1 Z0.0000 F8000.0
G0 X64.1745 Y-174.4227 F15000.0
G1 Z11.9000 F8000.0
G1 X71.2791 Y-175.8184 F12000.0
G1 Z0.0000 F8000.0
G0 X76.2238 Y-171.8563 F15000.0
G1 Z11.9000 F8000.0
G1 X74.8777 Y-163.9209 F12000.0
G1 Z0.0000 F8000.0
G0 X76.1906 Y-164.2669 F15000.0
G1 Z11.9000 F8000.0
G1 X72.3394 Y-158.0724 F12000.0
G1 Z0.0000 F8000.0
G0 X72.8114 Y-159.7480 F15000.0
G1 Z11.9000 F8000.0
G1 X67.6730 Y-154.2468 F12000.0
G1 Z0.0000 F8000.0
G0 X65.7544 Y-156.0391 F15000.0
G1 Z11.9000 F8000.0
G1 X74.2713 Y-156.9481 F12000.0
G1 Z0.0000 F8000.0
G0 X78.2767 Y-156.9215 F15000.0
G1 Z11.9000 F8000.0
G1 X73.4482 Y-149.6862 F12000.0
G1 Z0.0000 F8000.0
G0 X71.1542 Y-149.6346 F15000.0
G1 Z11.9000 F8000.0
G1 X64.2555 Y-153.6804 F12000.0
G1 Z0.0000 F8000.0
G0 X64.3021 Y-151.9408 F15000.0
G1 Z11.9000 F8000.0
G1 X59.9675 Y-145.8748 F12000.0
G1 Z0.0000 F8000.0
G0 X59.3589 Y-147.4041 F15000.0
G1 Z11.9000 F8000.0
G1 X68.2823 Y-148.3769 F12000.0
G1 Z0.0000 F8000.0
G0 X67.1676 Y-146.6808 F15000.0
G1 Z11.9000 F8000.0
G1 X75.8771 Y-148.8877 F12000.0
G1 Z0.0000 F8000.0
G0 X72.1059 Y-147.0252 F15000.0
G1 Z11.9000 F8000.0
G1 X80.9651 Y-148.4369 F12000.0
G1 Z0.0000 F8000.0
G0 X81.0952 Y-148.6349 F15000.0
G1 Z11.9000 F8000.0
G1 X79.7460 Y-153.7619 F12000.0
G1 X77.3175 Y-154.3016
G1 X77.9921 Y-155.3810
G1 X80.0159 Y-156.5952
G1 X79.0714 Y-160.1032
G1 X79.2063 Y-162.5317
G1 X77.4524 Y-167.9286
G1 X75.4286 Y-164.8254
G1 X73.4048 Y-167.1190
G1 X73.8095 Y-169.5476
G1 X73.2698 Y-168.1984
G1 X74.6190 Y-165.5000
G1 X75.4286 Y-165.0952
G1 X76.9127 Y-168.8730
G1 X76.6429 Y-174.1349
G1 X76.6429 Y-169.1429
G1 X79.0714 Y-163.4762
G1 X79.2063 Y-159.0238
G1 X79.8810 Y-157.1349
G1 X79.8810 Y-154.1667
G1 X81.0952 Y-149.1746
G1 Z0.0000 F8000.0
G0 X80.8454 Y-146.4784 F15000.0
G1 Z11.9000 F8000.0
G1 X89.5465 Y-144.2737 F12000.0
G1 Z0.0000 F8000.0
G0 X92.2807 Y-145.5178 F15000.0
G1 Z11.9000 F8000.0
G1 X83.3237 Y-145.7948 F12000.0
G1 Z0.0000 F8000.0
G0 X81.2830 Y-144.0215 F15000.0
G1 Z11.9000 F8000.0
G1 X71.1541 Y-143.8439 F12000.0
G1 Z0.0000 F8000.0
G0 X72.1488 Y-145.2066 F15000.0
G1 Z11.9000 F8000.0
G1 X62.9676 Y-141.7235 F12000.0
G1 Z0.0000 F8000.0
G0 X63.0322 Y-140.9045 F15000.0
G1 Z11.9000 F8000.0
G1 X51.5885 Y-137.9840 F12000.0
G1 Z0.0000 F8000.0
G0 X50.0524 Y-137.2660 F15000.0
G1 Z11.9000 F8000.0
G1 X58.6880 Y-131.7090 F12000.0
G1 Z0.0000 F8000.0
G0 X59.4983 Y-130.9700 F15000.0
G1 Z11.9000 F8000.0
G1 X69.7493 Y-130.1791 F12000.0
G1 Z0.0000 F8000.0
G0 X70.5671 Y-130.1955 F15000.0
G1 Z11.9000 F8000.0
G1 X70.4167 Y-139.3983 F12000.0
G1 Z0.0000 F8000.0
G0 X71.1151 Y-137.7177 F15000.0
G1 Z11.9000 F8000.0
G1 X64.9409 Y-131.8627 F12000.0
G1 Z0.0000 F8000.0
G0 X65.1024 Y-131.0182 F15000.0
G1 Z11.9000 F8000.0
G1 X72.2004 Y-123.3263 F12000.0
G1 Z0.0000 F8000.0
G0 X73.7693 Y-122.5612 F15000.0
G1 Z11.9000 F8000.0
G1 X65.6021 Y-116.7860 F12000.0
G1 Z0.0000 F8000.0
G0 X67.2920 Y-115.6827 F15000.0
G1 Z11.9000 F8000.0
G1 X74.8333 Y-110.6203 F12000.0
G1 Z0.0000 F8000.0
G0 X74.9387 Y-107.7161 F15000.0
G1 Z11.9000 F8000.0
G1 X64.8975 Y-110.7609 F12000.0
G1 Z0.0000 F8000.0
G0 X65.0538 Y-114.2255 F15000.0
G1 Z11.9000 F8000.0
G1 X73.4658 Y-120.3595 F12000.0
G1 Z0.0000 F8000.0
G0 X73.4698 Y-119.7603 F15000.0
G1 Z11.9000 F8000.0
G1 X64.8575 Y-125.1103 F12000.0
G1 Z0.0000 F8000.0
G0 X65.6837 Y-125.8936 F15000.0
G1 Z11.9000 F8000.0
G1 X57.4990 Y-128.2635 F12000.0
G1 Z0.0000 F8000.0
G0 X58.9253 Y-128.9153 F15000.0
G1 Z11.9000 F8000.0
G1 X58.3748 Y-137.3841 F12000.0
G1 Z0.0000 F8000.0
G0 X57.8889 Y-134.0635 F15000.0
G1 Z11.9000 F8000.0
G1 X59.5079 Y-136.4921 F12000.0
G1 X60.7222 Y-136.8968
G1 X63.9603 Y-135.6825
G1 X64.3651 Y-136.8968
G1 X62.2063 Y-139.7302
G1 X62.3413 Y-141.2143
G1 X62.3413 Y-137.9762
G1 X60.8571 Y-137.0317
G1 X60.3175 Y-139.7302
G1 X60.7222 Y-140.5397
G1 X59.6429 Y-138.1111
G1 X59.3730 Y-136.4921
G1 X57.3492 Y-134.0635
G1 Z0.0000 F8000.0
G0 X58.7353 Y-132.9409 F15000.0
G1 Z11.9000 F8000.0
G1 X59.1856 Y-142.2463 F12000.0
G1 Z0.0000 F8000.0
G0 X60.1397 Y-142.0865 F15000.0
G1 Z11.9000 F8000.0
G1 X72.0737 Y-142.3523 F12000.0
G1 Z0.0000 F8000.0
G0 X74.7416 Y-141.0770 F15000.0
G1 Z11.9000 F8000.0
G1 X70.6330 Y-146.1615 F12000.0
G1 Z0.0000 F8000.0
G0 X70.1101 Y-145.7186 F15000.0
G1 Z11.9000 F8000.0
G1 X80.4390 Y-145.3942 F12000.0
G1 Z0.0000 F8000.0
G0 X81.4324 Y-143.4858 F15000.0
G1 Z11.9000 F8000.0
G1 X74.9662 Y-136.1727 F12000.0
G1 Z0.0000 F8000.0
G0 X73.0559 Y-136.4030 F15000.0
G1 Z11.9000 F8000.0
G1 X67.3763 Y-142.2782 F12000.0
G1 Z0.0000 F8000.0
G0 X65.1173 Y-142.1309 F15000.0
G1 Z11.9000 F8000.0
G1 X74.6869 Y-140.5651 F12000.0
G1 Z0.0000 F8000.0
G0 X75.8748 Y-139.6932 F15000.0
G1 Z11.9000 F8000.0
G1 X68.6379 Y-136.6303 F12000.0
G1 Z0.0000 F8000.0
G0 X68.3503 Y-137.1011 F15000.0
G1 Z11.9000 F8000.0
G1 X66.7522 Y-128.6284 F12000.0
G1 Z0.0000 F8000.0
G0 X65.0870 Y-129.6354 F15000.0
G1 Z11.9000 F8000.0
G1 X75.1485 Y-127.0967 F12000.0
G1 Z0.0000 F8000.0
G0 X75.5050 Y-124.5767 F15000.0
G1 Z11.9000 F8000.0
G1 X66.6246 Y-118.5702 F12000.0
G1 Z0.0000 F8000.0
G0 X64.9845 Y-118.8431 F15000.0
G1 Z11.9000 F8000.0
G1 X70.7739 Y-124.6220 F12000.0
G1 Z0.0000 F8000.0
G0 X69.4474 Y-124.2134 F15000.0
G1 Z11.9000 F8000.0
G1 X79.8315 Y-124.6147 F12000.0
G1 Z0.0000 F8000.0
G0 X79.3116 Y-123.3544 F15000.0
G1 Z11.9000 F8000.0
G1 X88.0252 Y-131.4236 F12000.0
G1 Z0.0000 F8000.0
G0 X87.7585 Y-130.0544 F15000.0
G1 Z11.9000 F8000.0
G1 X79.0713 Y-132.4164 F12000.0
G1 Z0.0000 F8000.0
G0 X77.6766 Y-132.5969 F15000.0
G1 Z11.9000 F8000.0
G1 X81.4656 Y-142.1804 F12000.0
G1 Z0.0000 F8000.0
G0 X82.2709 Y-141.1261 F15000.0
G1 Z11.9000 F8000.0
G1 X84.8132 Y-132.8143 F12000.0
G1 Z0.0000 F8000.0
G0 X85.3230 Y-135.2806 F15000.0
G1 Z11.9000 F8000.0
G1 X93.6866 Y-133.1406 F12000.0
G1 Z0.0000 F8000.0
G0 X94.5873 Y-134.6032 F15000.0
G1 Z11.9000 F8000.0
G1 X95.9365 Y-138.7857 F12000.0
G1 X94.5873 Y-139.8651
G1 X93.5079 Y-139.5952
G1 X94.9921 Y-140.4048
G1 X94.8571 Y-141.8889
G1 X96.0714 Y-144.3175
G1 X95.2619 Y-141.0794
G1 X96.2063 Y-139.7302
G1 X100.2540 Y-140.5397
G1 X101.8730 Y-139.3254
G1 X101.3333 Y-140.1349
G1 X96.4762 Y-139.7302
G1 X95.1270 Y-134.6032
G1 Z0.0000 F8000.0
G0 X94.3627 Y-135.4583 F15000.0
G1 Z11.9000 F8000.0
G1 X102.8454 Y-136.7743 F12000.0
G1 Z0.0000 F8000.0
G0 X102.4740 Y-136.3418 F15000.0
G1 Z11.9000 F8000.0
G1 X94.7524 Y-128.9176 F12000.0
G1 Z0.0000 F8000.0
G0 X96.6459 Y-128.3887 F15000.0
G1 Z11.9000 F8000.0
G1 X99.9698 Y-118.9481 F12000.0
G1 Z0.0000 F8000.0
G0 X99.5272 Y-117.8524 F15000.0
G1 Z11.9000 F8000.0
G1 X107.2165 Y-124.4513 F12000.0
G1 Z0.0000 F8000.0
G0 X107.3109 Y-125.6345 F15000.0
G1 Z11.9000 F8000.0
G1 X106.0716 Y-114.3203 F12000.0
G1 Z0.0000 F8000.0
G0 X105.5238 Y-113.9333 F15000.0
G1 Z11.9000 F8000.0
G1 X100.9296 Y-122.9222 F12000.0
G1 Z0.0000 F8000.0
G0 X101.2686 Y-124.0670 F15000.0
G1 Z11.9000 F8000.0
G1 X109.2292 Y-117.4486 F12000.0
G1 Z0.0000 F8000.0
G0 X108.3787 Y-115.8563 F15000.0
G1 Z11.9000 F8000.0
G1 X117.9226 Y-112.3589 F12000.0
G1 Z0.0000 F8000.0
G0 X116.8340 Y-111.0334 F15000.0
G1 Z11.9000 F8000.0
G1 X116.4463 Y-119.5418 F12000.0
G1 Z0.0000 F8000.0
G0 X118.2041 Y-117.5319 F15000.0
G1 Z11.9000 F8000.0
G1 X110.5722 Y-126.7609 F12000.0
G1 Z0.0000 F8000.0
G0 X110.8502 Y-127.6410 F15000.0
G1 Z11.9000 F8000.0
G1 X121.9889 Y-124.9649 F12000.0
G1 Z0.0000 F8000.0
G0 X123.0285 Y-124.0029 F15000.0
G1 Z11.9000 F8000.0
G1 X120.6309 Y-113.9494 F12000.0
G1 Z0.0000 F8000.0
G0 X120.1006 Y-115.2229 F15000.0
G1 Z11.9000 F8000.0
G1 X109.7877 Y-115.5495 F12000.0
G1 Z0.0000 F8000.0
G0 X112.3809 Y-114.7145 F15000.0
G1 Z11.9000 F8000.0
G1 X104.1433 Y-112.0746 F12000.0
G1 Z0.0000 F8000.0
G0 X103.4189 Y-113.4385 F15000.0
G1 Z11.9000 F8000.0
G1 X102.2832 Y-121.9670 F12000.0
G1 Z0.0000 F8000.0
G0 X103.8247 Y-121.4147 F15000.0
G1 Z11.9000 F8000.0
G1 X92.5205 Y-117.8492 F12000.0
G1 Z0.0000 F8000.0
G0 X92.1290 Y-116.7204 F15000.0
G1 Z11.9000 F8000.0
G1 X82.6648 Y-121.5456 F12000.0
G1 Z0.0000 F8000.0
G0 X82.9411 Y-122.9647 F15000.0
G1 Z11.9000 F8000.0
G1 X89.7537 Y-132.7095 F12000.0
G1 Z0.0000 F8000.0
G0 X90.6047 Y-132.8480 F15000.0
G1 Z11.9000 F8000.0
G1 X92.3318 Y-142.6487 F12000.0
G1 Z0.0000 F8000.0
G0 X93.6091 Y-144.0211 F15000.0
G1 Z11.9000 F8000.0
G1 X100.2185 Y-150.0490 F12000.0
G1 Z0.0000 F8000.0
G0 X100.6397 Y-150.1558 F15000.0
G1 Z11.9000 F8000.0
G1 X108.3055 Y-154.7996 F12000.0
G1 Z0.0000 F8000.0
G0 X110.3632 Y-153.2487 F15000.0
G1 Z11.9000 F8000.0
G1 X116.1286 Y-148.5896 F12000.0
G1 Z0.0000 F8000.0
G0 X117.4533 Y-148.8689 F15000.0
G1 Z11.9000 F8000.0
G1 X125.3463 Y-144.6035 F12000.0
G1 Z0.0000 F8000.0
G0 X126.6610 Y-142.4874 F15000.0
G1 Z11.9000 F8000.0
G1 X138.6371 Y-142.8068 F12000.0
G1 Z0.0000 F8000.0
G0 X138.1187 Y-141.8397 F15000.0
G1 Z11.9000 F8000.0
G1 X129.8970 Y-148.1884 F12000.0
G1 Z0.0000 F8000.0
G0 X129.5341 Y-148.2526 F15000.0
G1 Z11.9000 F8000.0
G1 X136.5310 Y-153.9126 F12000.0
G1 Z0.0000 F8000.0
G0 X137.8447 Y-153.2732 F15000.0
G1 Z11.9000 F8000.0
G1 X127.4118 Y-152.1703 F12000.0
G1 Z0.0000 F8000.0
G0 X127.6171 Y-153.2436 F15000.0
G1 Z11.9000 F8000.0
G1 X135.1104 Y-148.2885 F12000.0
G1 Z0.0000 F8000.0
G0 X134.1188 Y-147.3047 F15000.0
G1 Z11.9000 F8000.0
G1 X145.9987 Y-148.6799 F12000.0
G1 Z0.0000 F8000.0
G0 X146.0222 Y-148.0437 F15000.0
G1 Z11.9000 F8000.0
G1 X157.1707 Y-152.4246 F12000.0
G1 X159.2000 Y-142.3457 F12000.0
G1 Z0.0000 F8000.0
G0 X158.8778 Y-141.4473 F15000.0
G1 Z11.9000 F8000.0
G1 X164.6938 Y-131.9788 F12000.0
G1 Z0.0000 F8000.0
G0 X163.4755 Y-131.4148 F15000.0
G1 Z11.9000 F8000.0
G1 X154.6433 Y-128.0200 F12000.0
G1 Z0.0000 F8000.0
G0 X154.8997 Y-129.6822 F15000.0
G1 Z11.9000 F8000.0
G1 X148.4203 Y-121.7896 F12000.0
G1 Z0.0000 F8000.0
G0 X146.9956 Y-122.3553 F15000.0
G1 Z11.9000 F8000.0
G1 X145.1884 Y-132.2493 F12000.0
G1 Z0.0000 F8000.0
G0 X144.1073 Y-132.8890 F15000.0
G1 Z11.9000 F8000.0
G1 X153.3276 Y-126.7730 F12000.0
G1 Z0.0000 F8000.0
G0 X153.1384 Y-126.1805 F15000.0
G1 Z11.9000 F8000.0
G1 X162.6894 Y-130.4901 F12000.0
G1 Z0.0000 F8000.0
G0 X163.3556 Y-132.5589 F15000.0
G1 Z11.9000 F8000.0
G1 X157.3539 Y-142.5481 F12000.0
G1 Z0.0000 F8000.0
G0 X156.6311 Y-140.0168 F15000.0
G1 Z11.9000 F8000.0
G1 X150.5668 Y-149.9857 F12000.0
G1 Z0.0000 F8000.0
G0 X148.5064 Y-149.1716 F15000.0
G1 Z11.9000 F8000.0
G1 X136.7425 Y-147.0928 F12000.0
G1 Z0.0000 F8000.0
G0 X138.4010 Y-148.6183 F15000.0
G1 Z11.9000 F8000.0
G1 X144.2743 Y-140.2799 F12000.0
G1 Z0.0000 F8000.0
G0 X145.9869 Y-137.9968 F15000.0
G1 Z11.9000 F8000.0
G1 X147.3857 Y-127.1363 F12000.0
G1 Z0.0000 F8000.0
G0 X145.7717 Y-126.2535 F15000.0
G1 Z11.9000 F8000.0
G1 X155.4029 Y-121.7107 F12000.0
G1 Z0.0000 F8000.0
G0 X155.4862 Y-121.3246 F15000.0
G1 Z11.9000 F8000.0
G1 X155.3109 Y-133.0612 F12000.0
G1 Z0.0000 F8000.0
G0 X154.8650 Y-134.3538 F15000.0
G1 Z11.9000 F8000.0
G1 X143.4802 Y-136.0630 F12000.0
G1 Z0.0000 F8000.0
G0 X143.4570 Y-135.7723 F15000.0
G1 Z11.9000 F8000.0
G1 X138.8689 Y-144.2510 F12000.0
G1 Z0.0000 F8000.0
G0 X139.4681 Y-144.2388 F15000.0
G1 Z11.9000 F8000.0
G1 X147.6638 Y-150.5102 F12000.0
G1 Z0.0000 F8000.0
G0 X147.7930 Y-151.8093 F15000.0
G1 Z11.9000 F8000.0
G1 X158.0597 Y-154.0067 F12000.0
G1 Z0.0000 F8000.0
G0 X160.1010 Y-154.6756 F15000.0
G1 Z11.9000 F8000.0
G1 X166.2676 Y-161.2290 F12000.0
G1 Z0.0000 F8000.0
G0 X166.4341 Y-161.5607 F15000.0
G1 Z11.9000 F8000.0
G1 X174.3408 Y-163.8420 F12000.0
G1 Z0.0000 F8000.0
G0 X172.6246 Y-164.4533 F15000.0
G1 Z11.9000 F8000.0
G1 X163.9397 Y-162.1104 F12000.0
G1 Z0.0000 F8000.0
G0 X166.0727 Y-161.7174 F15000.0
G1 Z11.9000 F8000.0
G1 X157.4488 Y-159.1548 F12000.0
G1 Z0.0000 F8000.0
G0 X159.7549 Y-159.7891 F15000.0
G1 Z11.9000 F8000.0
G1 X152.5640 Y-161.2264 F12000.0
G1 Z0.0000 F8000.0
G0 X152.0849 Y-162.6070 F15000.0
G1 Z11.9000 F8000.0
G1 X145.2257 Y-157.3600 F12000.0
G1 Z0.0000 F8000.0
G0 X143.2215 Y-157.4344 F15000.0
G1 Z11.9000 F8000.0
G1 X152.1249 Y-158.6776 F12000.0
G1 Z0.0000 F8000.0
G0 X153.9524 Y-159.9683 F15000.0
G1 Z11.9000 F8000.0
G1 X154.7619 Y-159.1587 F12000.0
G1 X160.9683 Y-159.8333
G1 X162.3175 Y-161.3175
G1 X159.0794 Y-162.1270
G1 X153.9524 Y-159.9683
G1 Z0.0000 F8000.0
G0 X155.6676 Y-162.3555 F15000.0
G1 Z11.9000 F8000.0
G1 X147.6119 Y-158.4770 F12000.0
G1 Z0.0000 F8000.0
G0 X148.6588 Y-155.6546 F15000.0
G1 Z11.9000 F8000.0
G1 X139.6719 Y-155.1997 F12000.0
G1 Z0.0000 F8000.0
G0 X138.2530 Y-155.3200 F15000.0
G1 Z11.9000 F8000.0
G1 X129.2787 Y-155.2201 F12000.0
G1 Z0.0000 F8000.0
G0 X129.3226 Y-154.4397 F15000.0
G1 Z11.9000 F8000.0
G1 X120.7647 Y-151.6551 F12000.0
G1 Z0.0000 F8000.0
G0 X120.5737 Y-150.9462 F15000.0
G1 Z11.9000 F8000.0
G1 X113.7570 Y-142.9653 F12000.0
G1 Z0.0000 F8000.0
G0 X112.6553 Y-143.1751 F15000.0
G1 Z11.9000 F8000.0
G1 X122.0860 Y-140.8450 F12000.0
G1 Z0.0000 F8000.0
G0 X120.5332 Y-141.7387 F15000.0
G1 Z11.9000 F8000.0
G1 X108.8379 Y-141.8179 F12000.0
G1 Z0.0000 F8000.0
G0 X108.8382 Y-141.3733 F15000.0
G1 Z11.9000 F8000.0
G1 X97.1929 Y-139.9347 F12000.0
G1 Z0.0000 F8000.0
G0 X98.0969 Y-139.1560 F15000.0
G1 Z11.9000 F8000.0
G1 X89.2384 Y-139.1821 F12000.0
G1 Z0.0000 F8000.0
G0 X90.5527 Y-140.5372 F15000.0
G1 Z11.9000 F8000.0
G1 X96.9690 Y-148.5397 F12000.0
G1 Z0.0000 F8000.0
G0 X96.7460 Y-148.6349 F15000.0
G1 Z11.9000 F8000.0
G1 X104.5714 Y-153.8968 F12000.0
G1 X107.5397 Y-156.8651
G1 X108.8889 Y-157.5397
G1 X108.3492 Y-158.0794
G1 X110.7778 Y-160.6429
G1 X128.3175 Y-169.8175
G1 X136.1429 Y-171.7063
G1 X138.3016 Y-171.7063
G1 X141.4048 Y-174.9444
G1 X142.7540 Y-174.8095
G1 X142.7540 Y-176.0238
G1 X137.7619 Y-176.0238
G1 X142.4841 Y-175.7540
G1 X139.9206 Y-174.2698
G1 X138.3016 Y-171.8413
G1 X127.9127 Y-169.8175
G1 X121.9762 Y-167.1190
G1 X108.0794 Y-158.6190
G1 X104.4365 Y-154.1667
G1 X96.2063 Y-148.6349
G1 Z0.0000 F8000.0
G0 X97.2280 Y-147.7964 F15000.0
G1 Z11.9000 F8000.0
G1 X102.9531 Y-146.0829 F12000.0
G1 Z0.0000 F8000.0
G0 X101.5662 Y-147.6189 F15000.0
G1 Z11.9000 F8000.0
G1 X112.0377 Y-148.0895 F12000.0
G1 Z0.0000 F8000.0
G0 X110.5163 Y-148.8885 F15000.0
G1 Z11.9000 F8000.0
G1 X103.8975 Y-152.3040 F12000.0
G1 Z0.0000 F8000.0
G0 X104.0314 Y-153.9110 F15000.0
G1 Z11.9000 F8000.0
G1 X112.2774 Y-157.4939 F12000.0
G1 Z0.0000 F8000.0
G0 X114.1377 Y-153.6681 F15000.0
G1 Z11.9000 F8000.0
G1 X121.9603 Y-155.7953 F12000.0
G1 Z0.0000 F8000.0
G0 X122.8563 Y-158.4648 F15000.0
G1 Z11.9000 F8000.0
G1 X115.5359 Y-153.5717 F12000.0
G1 Z0.0000 F8000.0
G0 X115.1669 Y-151.9556 F15000.0
G1 Z11.9000 F8000.0
G1 X106.6111 Y-149.3510 F12000.0
G1 Z0.0000 F8000.0
G0 X109.1035 Y-149.2811 F15000.0
G1 Z11.9000 F8000.0
G1 X117.9430 Y-150.9376 F12000.0
G1 Z0.0000 F8000.0
G0 X120.7810 Y-147.9823 F15000.0
G1 Z11.9000 F8000.0
G1 X126.8680 Y-154.6019 F12000.0
G1 Z0.0000 F8000.0
G0 X124.7073 Y-154.2060 F15000.0
G1 Z11.9000 F8000.0
G1 X131.7749 Y-151.7064 F12000.0
G1 Z0.0000 F8000.0
G0 X131.1670 Y-149.9695 F15000.0
G1 Z11.9000 F8000.0
G1 X141.6268 Y-150.8642 F12000.0
G1 Z0.0000 F8000.0
G0 X140.4726 Y-153.3650 F15000.0
G1 Z11.9000 F8000.0
G1 X130.0062 Y-152.5787 F12000.0
G1 Z0.0000 F8000.0
G0 X129.7708 Y-156.0516 F15000.0
G1 Z11.9000 F8000.0
G1 X125.6189 Y-162.0730 F12000.0
G1 Z0.0000 F8000.0
G0 X125.8203 Y-159.4496 F15000.0
G1 Z11.9000 F8000.0
G1 X119.5320 Y-161.7738 F12000.0
G1 Z0.0000 F8000.0
G0 X117.1675 Y-163.5102 F15000.0
G1 Z11.9000 F8000.0
G1 X125.0457 Y-167.8542 F12000.0
G1 Z0.0000 F8000.0
G0 X125.7467 Y-166.6062 F15000.0
G1 Z11.9000 F8000.0
G1 X134.1724 Y-169.7340 F12000.0
G1 Z0.0000 F8000.0
G0 X134.7790 Y-172.3087 F15000.0
G1 Z11.9000 F8000.0
G1 X127.9184 Y-169.2789 F12000.0
G1 Z0.0000 F8000.0
G0 X129.6667 Y-171.8413 F15000.0
G1 Z11.9000 F8000.0
G1 X127.6429 Y-172.2460 F12000.0
G1 X138.1667 Y-174.5397
G1 X129.3968 Y-172.2460
G1 X130.2063 Y-171.8413
G1 Z0.0000 F8000.0
G0 X138.4924 Y-171.4950 F15000.0
G1 Z11.9000 F8000.0
G1 X145.7800 Y-176.3508 F12000.0
G1 Z0.0000 F8000.0
G0 X146.0021 Y-177.7209 F15000.0
G1 Z11.9000 F8000.0
G1 X152.6882 Y-183.5495 F12000.0
G1 Z0.0000 F8000.0
G0 X151.8654 Y-182.9998 F15000.0
G1 Z11.9000 F8000.0
G1 X159.3031 Y-183.9178 F12000.0
G1 Z0.0000 F8000.0
G0 X156.6214 Y-184.1686 F15000.0
G1 Z11.9000 F8000.0
G1 X158.0847 Y-176.8712 F12000.0
G1 Z0.0000 F8000.0
G0 X159.8452 Y-177.2657 F15000.0
G1 Z11.9000 F8000.0
G1 X151.5748 Y-180.4313 F12000.0
G1 Z0.0000 F8000.0
G0 X153.5499 Y-179.5378 F15000.0
G1 Z11.9000 F8000.0
G1 X149.6571 Y-171.8633 F12000.0
G1 Z0.0000 F8000.0
G0 X149.1826 Y-173.0525 F15000.0
G1 Z11.9000 F8000.0
G1 X147.1258 Y-165.9259 F12000.0
G1 Z0.0000 F8000.0
G0 X149.7294 Y-167.5511 F15000.0
G1 Z11.9000 F8000.0
G1 X150.9380 Y-174.8747 F12000.0
G1 Z0.0000 F8000.0
G0 X153.4275 Y-178.6096 F15000.0
G1 Z11.9000 F8000.0
G1 X161.7453 Y-180.3333 F12000.0
G1 Z0.0000 F8000.0
G0 X159.8873 Y-176.3257 F15000.0
G1 Z11.9000 F8000.0
G1 X168.6051 Y-174.6677 F12000.0
G1 Z0.0000 F8000.0
G0 X170.8539 Y-175.3186 F15000.0
G1 Z11.9000 F8000.0
G1 X174.6144 Y-179.9439 F12000.0
G1 Z0.0000 F8000.0
G0 X164.1916 Y-175.1891 F15000.0
G1 Z11.9000 F8000.0
G1 X168.6511 Y-169.1169 F12000.0
G1 Z0.0000 F8000.0
G0 X168.7640 Y-167.7181 F15000.0
G1 Z11.9000 F8000.0
G1 X174.7103 Y-168.4842 F12000.0
G1 Z0.0000 F8000.0
G0 X170.1252 Y-163.8749 F15000.0
G1 Z11.9000 F8000.0
G1 X161.2370 Y-162.4894 F12000.0
G1 Z0.0000 F8000.0
G0 X161.2672 Y-165.9543 F15000.0
G1 Z11.9000 F8000.0
G1 X152.2699 Y-165.7662 F12000.0
G1 Z0.0000 F8000.0
G0 X156.2524 Y-167.3244 F15000.0
G1 Z11.9000 F8000.0
G1 X164.9519 Y-169.4679 F12000.0
G1 Z0.0000 F8000.0
G0 X164.3521 Y-156.3170 F15000.0
G1 Z11.9000 F8000.0
G1 X154.0822 Y-154.1328 F12000.0
G1 Z0.0000 F8000.0
G0 X154.7593 Y-152.0523 F15000.0
G1 Z11.9000 F8000.0
G1 X143.4642 Y-148.0206 F12000.0
G1 Z0.0000 F8000.0
G0 X146.1902 Y-147.6210 F15000.0
G1 Z11.9000 F8000.0
G1 X153.7881 Y-139.8944 F12000.0
G1 Z0.0000 F8000.0
G0 X155.8130 Y-139.2237 F15000.0
G1 Z11.9000 F8000.0
G1 X164.2959 Y-143.1070 F12000.0
G1 Z0.0000 F8000.0
G0 X165.6876 Y-142.0318 F15000.0
G1 Z11.9000 F8000.0
G1 X158.0410 Y-135.8361 F12000.0
G1 Z0.0000 F8000.0
G0 X157.2084 Y-133.7872 F15000.0
G1 Z11.9000 F8000.0
G1 X147.6947 Y-140.3785 F12000.0
G1 Z0.0000 F8000.0
G0 X147.0246 Y-138.9116 F15000.0
G1 Z11.9000 F8000.0
G1 X154.6284 Y-143.7081 F12000.0
G1 Z0.0000 F8000.0
G0 X158.6831 Y-144.9898 F15000.0
G1 Z11.9000 F8000.0
G1 X168.7207 Y-140.9935 F12000.0
G1 Z0.0000 F8000.0
G0 X170.2727 Y-139.0324 F15000.0
G1 Z11.9000 F8000.0
G1 X161.6244 Y-143.0143 F12000.0
G1 Z0.0000 F8000.0
G0 X161.9356 Y-143.1868 F15000.0
G1 Z11.9000 F8000.0
G1 X166.4795 Y-134.2137 F12000.0
G1 Z0.0000 F8000.0
G0 X166.2408 Y-134.3516 F15000.0
G1 Z11.9000 F8000.0
G1 X155.8570 Y-135.3375 F12000.0
G1 Z0.0000 F8000.0
G0 X155.0190 Y-135.7347 F15000.0
G1 Z11.9000 F8000.0
G1 X154.6453 Y-123.8636 F12000.0
G1 Z0.0000 F8000.0
G0 X154.4085 Y-123.7737 F15000.0
G1 Z11.9000 F8000.0
G1 X144.7303 Y-128.8234 F12000.0
G1 Z0.0000 F8000.0
G0 X144.4193 Y-128.4665 F15000.0
G1 Z11.9000 F8000.0
G1 X154.0758 Y-122.1976 F12000.0
G1 Z0.0000 F8000.0
G0 X154.2236 Y-122.9831 F15000.0
G1 Z11.9000 F8000.0
G1 X144.9401 Y-123.1552 F12000.0
G1 Z0.0000 F8000.0
G0 X144.3215 Y-123.8120 F15000.0
G1 Z11.9000 F8000.0
G1 X148.9612 Y-114.5768 F12000.0
G1 Z0.0000 F8000.0
G0 X148.4098 Y-113.9769 F15000.0
G1 Z11.9000 F8000.0
G1 X159.3319 Y-117.5473 F12000.0
G1 Z0.0000 F8000.0
G0 X159.6984 Y-116.5114 F15000.0
G1 Z11.9000 F8000.0
G1 X171.0248 Y-114.5710 F12000.0
G1 Z0.0000 F8000.0
G0 X169.0522 Y-116.9352 F15000.0
G1 Z11.9000 F8000.0
G1 X160.6365 Y-111.7400 F12000.0
G1 Z0.0000 F8000.0
G0 X160.6629 Y-112.7950 F15000.0
G1 Z11.9000 F8000.0
G1 X169.7031 Y-108.9705 F12000.0
G1 Z0.0000 F8000.0
G0 X171.5675 Y-108.1462 F15000.0
G1 Z11.9000 F8000.0
G1 X163.8016 Y-115.0077 F12000.0
G1 Z0.0000 F8000.0
G0 X163.7315 Y-115.9197 F15000.0
G1 Z11.9000 F8000.0
G1 X159.6579 Y-106.8077 F12000.0
G1 Z0.0000 F8000.0
G0 X160.9218 Y-108.4336 F15000.0
G1 Z11.9000 F8000.0
G1 X156.8124 Y-118.0720 F12000.0
G1 Z0.0000 F8000.0
G0 X157.2386 Y-117.2707 F15000.0
G1 Z11.9000 F8000.0
G1 X164.9504 Y-112.7714 F12000.0
G1 Z0.0000 F8000.0
G0 X165.6009 Y-114.1622 F15000.0
G1 Z11.9000 F8000.0
G1 X163.4337 Y-105.7002 F12000.0
G1 Z0.0000 F8000.0
G0 X164.9699 Y-106.5499 F15000.0
G1 Z11.9000 F8000.0
G1 X154.5694 Y-105.3643 F12000.0
G1 Z0.0000 F8000.0
G0 X156.1594 Y-104.0154 F15000.0
G1 Z11.9000 F8000.0
G1 X150.5151 Y-110.8502 F12000.0
G1 Z0.0000 F8000.0
G0 X148.9353 Y-109.5577 F15000.0
G1 Z11.9000 F8000.0
G1 X140.4566 Y-114.8930 F12000.0
G1 Z0.0000 F8000.0
G0 X139.1325 Y-114.7769 F15000.0
G1 Z11.9000 F8000.0
G1 X129.3861 Y-118.8165 F12000.0
G1 Z0.0000 F8000.0
G0 X130.5234 Y-120.7338 F15000.0
G1 Z11.9000 F8000.0
G1 X119.2951 Y-124.6291 F12000.0
G1 Z0.0000 F8000.0
G0 X120.1378 Y-124.1994 F15000.0
G1 Z11.9000 F8000.0
G1 X116.3373 Y-133.7339 F12000.0
G1 Z0.0000 F8000.0
G0 X116.1120 Y-131.9753 F15000.0
G1 Z11.9000 F8000.0
G1 X126.1725 Y-138.4644 F12000.0
G1 Z0.0000 F8000.0
G0 X125.4672 Y-139.5434 F15000.0
G1 Z11.9000 F8000.0
G1 X114.1460 Y-138.9394 F12000.0
G1 Z0.0000 F8000.0
G0 X113.8705 Y-140.4048 F15000.0
G1 Z11.9000 F8000.0
G1 X106.8751 Y-134.4495 F12000.0
G1 Z0.0000 F8000.0
G0 X106.9188 Y-134.3326 F15000.0
G1 Z11.9000 F8000.0
G1 X112.3456 Y-144.2524 F12000.0
G1 Z0.0000 F8000.0
G0 X112.3170 Y-146.3456 F15000.0
G1 Z11.9000 F8000.0
G1 X122.4285 Y-149.1725 F12000.0
G1 Z0.0000 F8000.0
G0 X122.8305 Y-145.7797 F15000.0
G1 Z11.9000 F8000.0
G1 X128.0368 Y-138.0753 F12000.0
G1 Z0.0000 F8000.0
G0 X127.8626 Y-136.5396 F15000.0
G1 Z11.9000 F8000.0
G1 X137.3206 Y-129.3873 F12000.0
G1 Z0.0000 F8000.0
G0 X138.9141 Y-128.0878 F15000.0
G1 Z11.9000 F8000.0
G1 X129.7957 Y-130.0347 F12000.0
G1 Z0.0000 F8000.0
G0 X130.1892 Y-130.8955 F15000.0
G1 Z11.9000 F8000.0
G1 X139.9626 Y-128.0655 F12000.0
G1 Z0.0000 F8000.0
G0 X138.8924 Y-127.7067 F15000.0
G1 Z11.9000 F8000.0
G1 X129.3060 Y-134.6605 F12000.0
G1 Z0.0000 F8000.0
G0 X126.3713 Y-135.0216 F15000.0
G1 Z11.9000 F8000.0
G1 X134.1520 Y-131.2293 F12000.0
G1 Z0.0000 F8000.0
G0 X134.5662 Y-129.6937 F15000.0
G1 Z11.9000 F8000.0
G1 X123.5928 Y-132.8000 F12000.0
G1 Z0.0000 F8000.0
G0 X123.2197 Y-131.9866 F15000.0
G1 Z11.9000 F8000.0
G1 X113.7847 Y-128.3995 F12000.0
G1 Z0.0000 F8000.0
G0 X114.0056 Y-128.7715 F15000.0
G1 Z11.9000 F8000.0
G1 X124.5215 Y-123.8576 F12000.0
G1 Z0.0000 F8000.0
G0 X124.4409 Y-121.4668 F15000.0
G1 Z11.9000 F8000.0
G1 X134.6485 Y-120.6998 F12000.0
G1 Z0.0000 F8000.0
G0 X135.6520 Y-120.4050 F15000.0
G1 Z11.9000 F8000.0
G1 X125.4379 Y-119.5082 F12000.0
G1 Z0.0000 F8000.0
G0 X124.5738 Y-118.7001 F15000.0
G1 Z11.9000 F8000.0
G1 X116.7291 Y-125.0164 F12000.0
G1 Z0.0000 F8000.0
G0 X116.0487 Y-122.9945 F15000.0
G1 Z11.9000 F8000.0
G1 X108.3852 Y-132.1901 F12000.0
G1 Z0.0000 F8000.0
G0 X109.1493 Y-133.9077 F15000.0
G1 Z11.9000 F8000.0
G1 X99.3498 Y-140.2719 F12000.0
G1 Z0.0000 F8000.0
G0 X99.6252 Y-141.0274 F15000.0
G1 Z11.9000 F8000.0
G1 X109.2814 Y-145.0565 F12000.0
G1 Z0.0000 F8000.0
G0 X108.2603 Y-146.8110 F15000.0
G1 Z11.9000 F8000.0
G1 X102.7468 Y-138.1756 F12000.0
G1 Z0.0000 F8000.0
G0 X105.7957 Y-139.8606 F15000.0
G1 Z11.9000 F8000.0
G1 X99.1625 Y-133.0200 F12000.0
G1 Z0.0000 F8000.0
G0 X100.6747 Y-132.6740 F15000.0
G1 Z11.9000 F8000.0
G1 X100.5972 Y-142.0206 F12000.0
G1 Z0.0000 F8000.0
G0 X100.9628 Y-143.1159 F15000.0
G1 Z11.9000 F8000.0
G1 X110.7933 Y-146.7686 F12000.0
G1 Z0.0000 F8000.0
G0 X110.0411 Y-151.2929 F15000.0
G1 Z11.9000 F8000.0
G1 X101.3455 Y-149.1179 F12000.0
G1 Z0.0000 F8000.0
G0 X100.2277 Y-148.8092 F15000.0
G1 Z11.9000 F8000.0
G1 X105.9047 Y-142.4462 F12000.0
G1 Z0.0000 F8000.0
G0 X106.4352 Y-140.9583 F15000.0
G1 Z11.9000 F8000.0
G1 X94.5663 Y-139.4386 F12000.0
G1 Z0.0000 F8000.0
G0 X94.1974 Y-138.6400 F15000.0
G1 Z11.9000 F8000.0
G1 X102.1737 Y-131.5688 F12000.0
G1 Z0.0000 F8000.0
G0 X101.1165 Y-132.4903 F15000.0
G1 Z11.9000 F8000.0
G1 X111.2539 Y-134.0626 F12000.0
G1 Z0.0000 F8000.0
G0 X112.2548 Y-133.7758 F15000.0
G1 Z11.9000 F8000.0
G1 X120.8163 Y-138.9033 F12000.0
G1 Z0.0000 F8000.0
G0 X121.5680 Y-137.8553 F15000.0
G1 Z11.9000 F8000.0
G1 X110.3467 Y-141.5167 F12000.0
G1 Z0.0000 F8000.0
G0 X112.5640 Y-139.5868 F15000.0
G1 Z11.9000 F8000.0
G1 X113.5995 Y-130.5620 F12000.0
G1 Z0.0000 F8000.0
G0 X115.1884 Y-130.8671 F15000.0
G1 Z11.9000 F8000.0
G1 X126.8348 Y-128.6504 F12000.0
G1 Z0.0000 F8000.0
G0 X125.0977 Y-129.9398 F15000.0
G1 Z11.9000 F8000.0
G1 X126.9837 Y-139.6361 F12000.0
G1 Z0.0000 F8000.0
G0 X128.5896 Y-140.3244 F15000.0
G1 Z11.9000 F8000.0
G1 X128.6376 Y-130.0004 F12000.0
G1 Z0.0000 F8000.0
G0 X126.1837 Y-131.3137 F15000.0
G1 Z11.9000 F8000.0
G1 X134.4618 Y-127.5588 F12000.0
G1 Z0.0000 F8000.0
G0 X135.4864 Y-127.1061 F15000.0
G1 Z11.9000 F8000.0
G1 X124.1991 Y-129.0810 F12000.0
G1 Z0.0000 F8000.0
G0 X125.4324 Y-130.5454 F15000.0
G1 Z11.9000 F8000.0
G1 X114.3943 Y-132.8386 F12000.0
G1 Z0.0000 F8000.0
G0 X113.2908 Y-134.0051 F15000.0
G1 Z11.9000 F8000.0
G1 X119.8850 Y-126.4376 F12000.0
G1 Z0.0000 F8000.0
G0 X118.4701 Y-128.1995 F15000.0
G1 Z11.9000 F8000.0
G1 X129.1586 Y-123.0261 F12000.0
G1 Z0.0000 F8000.0
G0 X129.8511 Y-124.3357 F15000.0
G1 Z11.9000 F8000.0
G1 X120.2259 Y-120.8205 F12000.0
G1 Z0.0000 F8000.0
G0 X120.5757 Y-118.5724 F15000.0
G1 Z11.9000 F8000.0
G1 X131.8441 Y-119.5807 F12000.0
G1 Z0.0000 F8000.0
G0 X132.5656 Y-122.5607 F15000.0
G1 Z11.9000 F8000.0
G1 X122.6514 Y-119.7262 F12000.0
G1 Z0.0000 F8000.0
G0 X122.6704 Y-119.4097 F15000.0
G1 Z11.9000 F8000.0
G1 X113.2726 Y-123.6662 F12000.0
G1 Z0.0000 F8000.0
G0 X113.0638 Y-123.5059 F15000.0
G1 Z11.9000 F8000.0
G1 X112.6113 Y-114.5771 F12000.0
G1 Z0.0000 F8000.0
G0 X113.6716 Y-114.7814 F15000.0
G1 Z11.9000 F8000.0
G1 X105.8481 Y-117.2710 F12000.0
G1 Z0.0000 F8000.0
G0 X106.6829 Y-118.6721 F15000.0
G1 Z11.9000 F8000.0
G1 X112.3437 Y-125.1316 F12000.0
G1 Z0.0000 F8000.0
G0 X113.1647 Y-127.6924 F15000.0
G1 Z11.9000 F8000.0
G1 X103.7050 Y-126.6372 F12000.0
G1 Z0.0000 F8000.0
G0 X104.8213 Y-123.7034 F15000.0
G1 Z11.9000 F8000.0
G1 X100.6339 Y-115.1941 F12000.0
G1 Z0.0000 F8000.0
G0 X101.6375 Y-114.0109 F15000.0
G1 Z11.9000 F8000.0
G1 X92.0200 Y-118.9584 F12000.0
G1 Z0.0000 F8000.0
G0 X90.6649 Y-117.9496 F15000.0
G1 Z11.9000 F8000.0
G1 X86.9112 Y-108.5323 F12000.0
G1 Z0.0000 F8000.0
G0 X87.4114 Y-110.3733 F15000.0
G1 Z11.9000 F8000.0
G1 X80.5387 Y-111.2260 F12000.0
G1 Z0.0000 F8000.0
G0 X80.7619 Y-110.1318 F15000.0
G1 Z11.9000 F8000.0
G1 X70.8374 Y-106.7520 F12000.0
G1 Z0.0000 F8000.0
G0 X69.3577 Y-108.0506 F15000.0
G1 Z11.9000 F8000.0
G1 X78.1424 Y-106.1052 F12000.0
G1 Z0.0000 F8000.0
G0 X78.7102 Y-108.3129 F15000.0
G1 Z11.9000 F8000.0
G1 X80.5837 Y-118.4188 F12000.0
G1 Z0.0000 F8000.0
G0 X79.5980 Y-118.1851 F15000.0
G1 Z11.9000 F8000.0
G1 X73.8231 Y-124.7092 F12000.0
G1 Z0.0000 F8000.0
G0 X75.4898 Y-124.4512 F15000.0
G1 Z11.9000 F8000.0
G1 X84.8812 Y-127.7703 F12000.0
G1 Z0.0000 F8000.0
G0 X84.3737 Y-127.2132 F15000.0
G1 Z11.9000 F8000.0
G1 X78.3840 Y-134.5820 F12000.0
G1 Z0.0000 F8000.0
G0 X77.3349 Y-135.0896 F15000.0
G1 Z11.9000 F8000.0
G1 X86.5189 Y-135.9884 F12000.0
G1 Z0.0000 F8000.0
G0 X87.9576 Y-134.6878 F15000.0
G1 Z11.9000 F8000.0
G1 X90.8647 Y-126.1203 F12000.0
G1 Z0.0000 F8000.0
G0 X89.7087 Y-125.0628 F15000.0
G1 Z11.9000 F8000.0
G1 X90.7360 Y-134.2542 F12000.0
G1 Z0.0000 F8000.0
G0 X88.9737 Y-136.9843 F15000.0
G1 Z11.9000 F8000.0
G1 X92.8982 Y-127.1666 F12000.0
G1 Z0.0000 F8000.0
G0 X95.6557 Y-125.0807 F15000.0
G1 Z11.9000 F8000.0
G1 X91.8709 Y-113.9661 F12000.0
G1 Z0.0000 F8000.0
G0 X93.6098 Y-114.9910 F15000.0
G1 Z11.9000 F8000.0
G1 X85.0192 Y-121.8104 F12000.0
G1 Z0.0000 F8000.0
G0 X84.4141 Y-120.9530 F15000.0
G1 Z11.9000 F8000.0
G1 X87.6077 Y-112.7995 F12000.0
G1 Z0.0000 F8000.0
G0 X88.4169 Y-112.6822 F15000.0
G1 Z11.9000 F8000.0
G1 X100.3207 Y-112.3339 F12000.0
G1 Z0.0000 F8000.0
G0 X100.9405 Y-112.7980 F15000.0
G1 Z11.9000 F8000.0
G1 X104.3522 Y-122.7786 F12000.0
G1 Z0.0000 F8000.0
G0 X100.4899 Y-121.3684 F15000.0
G1 Z11.9000 F8000.0
G1 X101.0640 Y-113.5290 F12000.0
G1 Z0.0000 F8000.0
G0 X99.2720 Y-111.5281 F15000.0
G1 Z11.9000 F8000.0
G1 X94.5575 Y-107.8788 F12000.0
G1 Z0.0000 F8000.0
G0 X98.0544 Y-108.4788 F15000.0
G1 Z11.9000 F8000.0
G1 X93.7023 Y-116.1488 F12000.0
G1 Z0.0000 F8000.0
G0 X90.1781 Y-117.7273 F15000.0
G1 Z11.9000 F8000.0
G1 X99.6664 Y-116.4573 F12000.0
G1 Z0.0000 F8000.0
G0 X97.2341 Y-113.9101 F15000.0
G1 Z11.9000 F8000.0
G1 X107.2640 Y-118.7852 F12000.0
G1 Z0.0000 F8000.0
G0 X107.1838 Y-119.4627 F15000.0
G1 Z11.9000 F8000.0
G1 X113.8618 Y-115.6295 F12000.0
G1 Z0.0000 F8000.0
G0 X113.3101 Y-117.6291 F15000.0
G1 Z11.9000 F8000.0
G1 X124.1007 Y-112.8311 F12000.0
G1 Z0.0000 F8000.0
G0 X125.5153 Y-114.6942 F15000.0
G1 Z11.9000 F8000.0
G1 X115.5550 Y-111.5454 F12000.0
G1 Z0.0000 F8000.0
G0 X117.3402 Y-110.0116 F15000.0
G1 Z11.9000 F8000.0
G1 X111.1325 Y-107.3850 F12000.0
G1 Z0.0000 F8000.0
G0 X112.1534 Y-104.1090 F15000.0
G1 Z11.9000 F8000.0
G1 X104.7792 Y-105.0388 F12000.0
G1 Z0.0000 F8000.0
G0 X106.7094 Y-104.3487 F15000.0
G1 Z11.9000 F8000.0
G1 X110.4418 Y-98.7411 F12000.0
G1 Z0.0000 F8000.0
G0 X107.5760 Y-95.8665 F15000.0
G1 Z11.9000 F8000.0
G1 X114.3671 Y-92.7816 F12000.0
G1 Z0.0000 F8000.0
G0 X111.3175 Y-94.6667 F15000.0
G1 Z11.9000 F8000.0
G1 X114.1508 Y-96.2857 F12000.0
G1 X122.7857 Y-96.4206
G1 X128.1825 Y-94.2619
G1 X123.0556 Y-95.0714
G1 X111.3175 Y-94.6667
G1 Z0.0000 F8000.0
G0 X115.0898 Y-96.6834 F15000.0
G1 Z11.9000 F8000.0
G1 X124.0169 Y-95.9168 F12000.0
G1 Z0.0000 F8000.0
G0 X124.8192 Y-92.3961 F15000.0
G1 Z11.9000 F8000.0
G1 X127.8668 Y-98.3602 F12000.0
G1 Z0.0000 F8000.0
G0 X131.2857 Y-94.1270 F15000.0
G1 Z11.9000 F8000.0
G1 X128.8571 Y-96.1508 F12000.0
G1 X117.1190 Y-97.7698
G1 X111.8571 Y-96.5556
G1 X100.5238 Y-97.7698
G1 X99.4444 Y-98.5794
G1 X101.7381 Y-97.5000
G1 X105.6508 Y-97.5000
G1 X111.8571 Y-96.6905
G1 X120.2222 Y-97.7698
G1 X128.3175 Y-96.5556
G1 X131.8254 Y-94.1270
G1 Z0.0000 F8000.0
G0 X136.1401 Y-90.0405 F15000.0
G1 Z11.9000 F8000.0
G1 X133.9869 Y-83.1470 F12000.0
G1 Z0.0000 F8000.0
G0 X130.8903 Y-81.3511 F15000.0
G1 Z11.9000 F8000.0
G1 X135.0196 Y-78.1138 F12000.0
G1 Z0.0000 F8000.0
G0 X131.7534 Y-76.9808 F15000.0
G1 Z11.9000 F8000.0
G1 X125.0055 Y-80.1392 F12000.0
G1 Z0.0000 F8000.0
G0 X125.9197 Y-80.5513 F15000.0
G1 Z11.9000 F8000.0
G1 X129.4683 Y-81.5783 F12000.0
G1 Z0.0000 F8000.0
G0 X130.5675 Y-79.3501 F15000.0
G1 Z11.9000 F8000.0
G1 X124.7519 Y-78.1660 F12000.0
G1 Z0.0000 F8000.0
G0 X127.3868 Y-78.9423 F15000.0
G1 Z11.9000 F8000.0
G1 X119.8972 Y-78.5739 F12000.0
G1 Z0.0000 F8000.0
G0 X114.6524 Y-78.0484 F15000.0
G1 Z11.9000 F8000.0
G1 X107.3203 Y-79.6043 F12000.0
G1 Z0.0000 F8000.0
G0 X105.9168 Y-81.1699 F15000.0
G1 Z11.9000 F8000.0
G1 X113.4047 Y-81.1111 F12000.0
G1 Z0.0000 F8000.0
G0 X109.8619 Y-83.2757 F15000.0
G1 Z11.9000 F8000.0
G1 X117.2012 Y-84.6596 F12000.0
G1 Z0.0000 F8000.0
G0 X116.1603 Y-87.0626 F15000.0
G1 Z11.9000 F8000.0
G1 X123.4709 Y-85.6097 F12000.0
G1 Z0.0000 F8000.0
G0 X129.5048 Y-78.5586 F15000.0
G1 Z11.9000 F8000.0
G1 X135.3973 Y-73.9276 F12000.0
G1 Z0.0000 F8000.0
G0 X142.6190 Y-75.7778 F15000.0
G1 Z11.9000 F8000.0
G1 X141.8095 Y-77.6667 F12000.0
G1 X138.0317 Y-78.7460
G1 X135.6032 Y-83.7381
G1 X132.7698 Y-85.6270
G1 X135.6032 Y-86.5714
G1 X136.9524 Y-88.5952
G1 X136.4127 Y-89.4048
G1 X129.1270 Y-89.5397
G1 X124.2698 Y-90.8889
G1 X122.2460 Y-92.5079
G1 X117.7937 Y-90.4841
G1 X114.5556 Y-92.5079
G1 X108.3492 Y-93.3175
G1 X107.8095 Y-91.8333
G1 X108.2143 Y-89.4048
G1 X105.2460 Y-88.7302
G1 X103.8968 Y-87.6508
G1 X102.0079 Y-87.5159
G1 X97.5556 Y-88.4603
G1 X92.2937 Y-85.6270
G1 X91.6190 Y-84.5476
G1 X92.1587 Y-83.7381
G1 X106.3254 Y-83.6032
G1 X111.3175 Y-86.3016
G1 X112.1270 Y-87.5159
G1 X114.8254 Y-87.3810
G1 X117.1190 Y-86.7063
G1 X122.1111 Y-86.8413
G1 X123.1905 Y-86.3016
G1 X123.1905 Y-85.4921
G1 X121.8413 Y-83.4683
G1 X123.3254 Y-82.1190
G1 X124.6746 Y-81.8492
G1 X128.3175 Y-84.4127
G1 X131.1508 Y-80.6349
G1 X133.9841 Y-78.6111
G1 X134.9286 Y-76.5873
G1 X138.4365 Y-74.1587
G1 X141.0000 Y-74.5635
G1 X142.6190 Y-75.7778
G1 Z0.0000 F8000.0
G0 X143.8705 Y-72.0575 F15000.0
G1 Z11.9000 F8000.0
G1 X148.5577 Y-69.7040 F12000.0
G1 Z0.0000 F8000.0
G0 X151.4916 Y-65.6453 F15000.0
G1 Z11.9000 F8000.0
G1 X144.0349 Y-66.0648 F12000.0
G1 Z0.0000 F8000.0
G0 X145.3944 Y-63.6606 F15000.0
G1 Z11.9000 F8000.0
G1 X151.0873 Y-59.0280 F12000.0
G1 Z0.0000 F8000.0
G0 X150.1746 Y-60.6667 F15000.0
G1 Z11.9000 F8000.0
G1 X151.3889 Y-62.2857 F12000.0
G1 X150.5794 Y-64.0397
G1 X147.7460 Y-65.2540
G1 X145.7222 Y-64.3095
G1 X145.7222 Y-62.6905
G1 X148.9603 Y-60.2619
G1 X150.1746 Y-60.6667
G1 Z0.0000 F8000.0
G0 X147.5956 Y-59.5297 F15000.0
G1 Z11.9000 F8000.0
G1 X140.5323 Y-57.2038 F12000.0
G1 Z0.0000 F8000.0
G0 X139.4742 Y-57.2331 F15000.0
G1 Z11.9000 F8000.0
G1 X130.8108 Y-56.7836 F12000.0
G1 Z0.0000 F8000.0
G0 X131.3572 Y-59.6131 F15000.0
G1 Z11.9000 F8000.0
G1 X136.2840 Y-53.6814 F12000.0
G1 Z0.0000 F8000.0
G0 X136.8948 Y-53.1536 F15000.0
G1 Z11.9000 F8000.0
G1 X139.5709 Y-57.9183 F12000.0
G1 Z0.0000 F8000.0
G0 X141.5397 Y-55.2698 F15000.0
G1 Z11.9000 F8000.0
G1 X145.0476 Y-53.3810 F12000.0
G1 X148.6905 Y-53.1111
G1 X154.0873 Y-49.8730
G1 X166.0952 Y-51.8968
G1 X170.1429 Y-55.2698
G1 X170.6825 Y-56.7540
G1 X167.8492 Y-57.9683
G1 X163.3968 Y-55.9444
G1 X158.0000 Y-55.4048
G1 X154.7619 Y-54.5952
G1 X154.0873 Y-58.3730
G1 X151.6587 Y-59.5873
G1 X145.9921 Y-57.5635
G1 X142.7540 Y-57.5635
G1 X141.5397 Y-55.2698
G1 Z0.0000 F8000.0
G0 X142.4682 Y-53.8437 F15000.0
G1 Z11.9000 F8000.0
G1 X140.9387 Y-51.2983 F12000.0
G1 Z0.0000 F8000.0
G0 X137.2198 Y-47.8335 F15000.0
G1 Z11.9000 F8000.0
G1 X133.6552 Y-46.6690 F12000.0
G1 Z0.0000 F8000.0
G0 X135.3739 Y-46.8674 F15000.0
G1 Z11.9000 F8000.0
G1 X126.9331 Y-49.9890 F12000.0
G1 Z0.0000 F8000.0
G0 X127.3591 Y-50.7202 F15000.0
G1 Z11.9000 F8000.0
G1 X120.4192 Y-56.4049 F12000.0
G1 Z0.0000 F8000.0
G0 X121.5130 Y-56.9121 F15000.0
G1 Z11.9000 F8000.0
G1 X115.5696 Y-57.6556 F12000.0
G1 Z0.0000 F8000.0
G0 X115.1199 Y-54.1677 F15000.0
G1 Z11.9000 F8000.0
G1 X106.6819 Y-51.7941 F12000.0
G1 Z0.0000 F8000.0
G0 X108.2175 Y-52.2971 F15000.0
G1 Z11.9000 F8000.0
G1 X102.9104 Y-45.0594 F12000.0
G1 Z0.0000 F8000.0
G0 X103.0594 Y-44.0090 F15000.0
G1 Z11.9000 F8000.0
G1 X111.2437 Y-47.7359 F12000.0
G1 Z0.0000 F8000.0
G0 X112.7683 Y-46.3504 F15000.0
G1 Z11.9000 F8000.0
G1 X120.4011 Y-42.8017 F12000.0
G1 Z0.0000 F8000.0
G0 X114.0141 Y-42.7272 F15000.0
G1 Z11.9000 F8000.0
G1 X106.7361 Y-43.6479 F12000.0
G1 Z0.0000 F8000.0
G0 X106.6912 Y-42.8841 F15000.0
G1 Z11.9000 F8000.0
G1 X103.2369 Y-35.3472 F12000.0
G1 Z0.0000 F8000.0
G0 X102.5544 Y-36.0340 F15000.0
G1 Z11.9000 F8000.0
G1 X111.5046 Y-35.3870 F12000.0
G1 Z0.0000 F8000.0
G0 X114.6233 Y-37.0591 F15000.0
G1 Z11.9000 F8000.0
G1 X109.5629 Y-44.3904 F12000.0
G1 Z0.0000 F8000.0
G0 X110.8773 Y-41.3946 F15000.0
G1 Z11.9000 F8000.0
G1 X103.9360 Y-36.4287 F12000.0
G1 Z0.0000 F8000.0
G0 X105.8936 Y-37.0466 F15000.0
G1 Z11.9000 F8000.0
G1 X97.4479 Y-34.3555 F12000.0
G1 Z0.0000 F8000.0
G0 X95.5795 Y-34.7797 F15000.0
G1 Z11.9000 F8000.0
G1 X100.0241 Y-27.6091 F12000.0
G1 Z0.0000 F8000.0
G0 X99.1930 Y-27.7803 F15000.0
G1 Z11.9000 F8000.0
G1 X92.7131 Y-26.7821 F12000.0
G1 Z0.0000 F8000.0
G0 X90.3957 Y-27.2700 F15000.0
G1 Z11.9000 F8000.0
G1 X89.5104 Y-32.4353 F12000.0
G1 Z0.0000 F8000.0
G0 X90.8095 Y-30.9841 F15000.0
G1 Z11.9000 F8000.0
G1 X92.4286 Y-29.9048 F12000.0
G1 X94.4524 Y-30.3095
G1 X96.0714 Y-33.1429
G1 X95.3968 Y-34.4921
G1 X92.5635 Y-34.3571
G1 X90.8095 Y-30.9841
G1 Z0.0000 F8000.0
G0 X89.2575 Y-29.9743 F15000.0
G1 Z11.9000 F8000.0
G1 X85.7988 Y-27.1055 F12000.0
G1 Z0.0000 F8000.0
G0 X85.4458 Y-28.4593 F15000.0
G1 Z11.9000 F8000.0
G1 X77.2554 Y-32.0525 F12000.0
G1 Z0.0000 F8000.0
G0 X79.1361 Y-29.7840 F15000.0
G1 Z11.9000 F8000.0
G1 X88.0114 Y-29.5353 F12000.0
G1 Z0.0000 F8000.0
G0 X88.1180 Y-27.0319 F15000.0
G1 Z11.9000 F8000.0
G1 X83.6619 Y-33.6929 F12000.0
G1 Z0.0000 F8000.0
G0 X83.2540 Y-35.8413 F15000.0
G1 Z11.9000 F8000.0
G1 X87.1667 Y-33.6825 F12000.0
G1 X89.1905 Y-35.7063
G1 X88.3810 Y-37.7302
G1 X86.4921 Y-38.0000
G1 X83.2540 Y-35.8413
G1 Z0.0000 F8000.0
G0 X84.2841 Y-37.2181 F15000.0
G1 Z11.9000 F8000.0
G1 X92.6899 Y-39.6985 F12000.0
G1 Z0.0000 F8000.0
G0 X88.8310 Y-40.3658 F15000.0
G1 Z11.9000 F8000.0
G1 X82.3671 Y-46.4981 F12000.0
G1 Z0.0000 F8000.0
G0 X82.2849 Y-48.7013 F15000.0
G1 Z11.9000 F8000.0
G1 X73.2974 Y-48.6528 F12000.0
G1 Z0.0000 F8000.0
G0 X74.4316 Y-47.0490 F15000.0
G1 Z11.9000 F8000.0
G1 X65.8093 Y-49.6089 F12000.0
G1 Z0.0000 F8000.0
G0 X63.0856 Y-50.3507 F15000.0
G1 Z11.9000 F8000.0
G1 X64.7466 Y-41.5786 F12000.0
G1 Z0.0000 F8000.0
G0 X65.4444 Y-41.2381 F15000.0
G1 Z11.9000 F8000.0
G1 X62.2063 Y-44.6111 F12000.0
G1 X62.4762 Y-46.7698
G1 X63.2857 Y-47.7143
G1 X62.8810 Y-49.0635
G1 X61.1270 Y-48.5238
G1 X56.0000 Y-50.1429
G1 X56.1349 Y-51.6270
G1 X63.0159 Y-53.3810
G1 X66.3889 Y-52.1667
G1 X74.4841 Y-50.5476
G1 X75.2937 Y-49.7381
G1 X82.4444 Y-50.1429
G1 X82.9841 Y-50.6825
G1 X86.8968 Y-46.9048
G1 X89.5952 Y-45.4206
G1 X94.1825 Y-44.6111
G1 X94.9921 Y-43.5317
G1 X99.9841 Y-47.7143
G1 X103.7619 Y-50.4127
G1 X105.3810 Y-54.8651
G1 X102.5476 Y-56.4841
G1 X104.3016 Y-58.6429
G1 X105.7857 Y-59.3175
G1 X105.7857 Y-59.7222
G1 X103.6270 Y-58.5079
G1 X102.8175 Y-60.1270
G1 X102.8175 Y-61.8810
G1 X102.0079 Y-62.1508
G1 X102.0079 Y-64.7143
G1 X102.9524 Y-65.6587
G1 X105.2460 Y-66.6032
G1 X104.4365 Y-68.0873
G1 X103.3571 Y-67.4127
G1 X103.3571 Y-66.1984
G1 X99.5794 Y-66.4683
G1 X96.0714 Y-68.0873
G1 X87.7063 Y-69.1667
G1 X82.8492 Y-68.2222
G1 X81.2302 Y-66.7381
G1 X77.4524 Y-66.3333
G1 X76.1032 Y-67.6825
G1 X75.5635 Y-66.6032
G1 X74.8889 Y-67.6825
G1 X74.3492 Y-66.6032
G1 X68.6825 Y-66.0635
G1 X67.7381 Y-64.9841
G1 X70.0317 Y-66.3333
G1 X71.1111 Y-65.7937
G1 X72.8651 Y-66.4683
G1 X76.3730 Y-66.3333
G1 X78.3968 Y-65.9286
G1 X80.5556 Y-66.8730
G1 X81.6349 Y-66.3333
G1 X85.0079 Y-69.1667
G1 X87.8413 Y-68.4921
G1 X85.8175 Y-67.6825
G1 X90.0000 Y-69.1667
G1 X96.0714 Y-67.9524
G1 X96.4762 Y-65.7937
G1 X95.9365 Y-65.2540
G1 X93.2381 Y-67.0079
G1 X92.6984 Y-66.7381
G1 X96.0714 Y-65.2540
G1 X97.1508 Y-66.3333
G1 X97.1508 Y-67.5476
G1 X99.8492 Y-65.7937
G1 X99.7143 Y-65.3889
G1 X101.0635 Y-66.4683
G1 X102.4127 Y-65.7937
G1 X101.6032 Y-62.5556
G1 X103.0873 Y-60.6667
G1 X102.4127 Y-57.2937
G1 X98.0952 Y-54.8651
G1 X94.8571 Y-55.1349
G1 X91.0794 Y-57.0238
G1 X90.0000 Y-58.2381
G1 X93.6429 Y-59.0476
G1 X96.2063 Y-60.6667
G1 X100.3889 Y-61.4762
G1 X100.1190 Y-62.0159
G1 X96.8810 Y-60.8016
G1 X95.1270 Y-60.6667
G1 X92.4286 Y-58.9127
G1 X89.3254 Y-58.1032
G1 X90.6746 Y-56.6190
G1 X97.0159 Y-53.7857
G1 X99.1746 Y-50.5476
G1 X97.5556 Y-49.3333
G1 X93.1032 Y-53.1111
G1 X91.7540 Y-52.7063
G1 X93.5079 Y-52.5714
G1 X94.7222 Y-50.6825
G1 X93.7778 Y-49.6032
G1 X94.3175 Y-49.0635
G1 X92.5635 Y-47.1746
G1 X91.0794 Y-47.1746
G1 X86.8968 Y-51.4921
G1 X84.8730 Y-55.1349
G1 X83.1190 Y-55.4048
G1 X80.6905 Y-52.7063
G1 X79.2063 Y-52.7063
G1 X77.8571 Y-51.6270
G1 X68.5476 Y-56.4841
G1 X67.8730 Y-59.7222
G1 X69.4921 Y-63.5000
G1 X67.8730 Y-59.8571
G1 X65.5794 Y-58.9127
G1 X64.7698 Y-56.3492
G1 X66.3889 Y-54.7302
G1 X67.3333 Y-55.1349
G1 X66.1190 Y-55.2698
G1 X64.9048 Y-57.6984
G1 X66.9286 Y-59.4524
G1 X68.4127 Y-56.4841
G1 X76.9127 Y-51.6270
G1 X81.9048 Y-53.1111
G1 X83.9286 Y-55.5397
G1 X86.3571 Y-52.8413
G1 X86.6270 Y-51.3571
G1 X89.8651 Y-47.4444
G1 X92.5635 Y-47.0397
G1 X94.4524 Y-48.6587
G1 X94.3175 Y-50.1429
G1 X95.5317 Y-50.5476
G1 X97.2857 Y-49.3333
G1 X99.3095 Y-49.7381
G1 X100.1190 Y-51.0873
G1 X97.5556 Y-54.3254
G1 X101.6032 Y-54.0556
G1 X99.5794 Y-53.9206
G1 X98.6349 Y-55.0000
G1 X101.4683 Y-56.6190
G1 X105.2460 Y-54.4603
G1 X103.7619 Y-50.9524
G1 X95.2619 Y-44.2063
G1 X94.4524 Y-45.4206
G1 X95.2619 Y-46.2302
G1 X94.4524 Y-45.4206
G1 X90.0000 Y-45.4206
G1 X87.3016 Y-46.9048
G1 X82.9841 Y-50.6825
G1 X80.5556 Y-49.7381
G1 X75.4286 Y-49.7381
G1 X73.6746 Y-51.2222
G1 X65.7143 Y-52.4365
G1 X61.2619 Y-53.6508
G1 X55.3254 Y-51.6270
G1 X56.0000 Y-49.8730
G1 X61.5317 Y-48.5238
G1 X62.8810 Y-48.9286
G1 X63.0159 Y-47.5794
G1 X62.2063 Y-46.3651
G1 X63.0159 Y-43.1270
G1 X65.4444 Y-40.6984
G1 Z0.0000 F8000.0
G0 X65.8194 Y-42.8154 F15000.0
G1 Z11.9000 F8000.0
G1 X74.3232 Y-44.9742 F12000.0
G1 Z0.0000 F8000.0
G0 X75.9969 Y-39.4058 F15000.0
G1 Z11.9000 F8000.0
G1 X70.4879 Y-32.5582 F12000.0
G1 Z0.0000 F8000.0
G0 X70.8413 Y-34.2222 F15000.0
G1 Z11.9000 F8000.0
G1 X68.6825 Y-36.5159 F12000.0
G1 X63.9603 Y-36.9206
G1 X60.9921 Y-39.3492
G1 X60.8571 Y-40.9683
G1 X62.6111 Y-38.0000
G1 X65.7143 Y-36.5159
G1 X70.3016 Y-35.9762
G1 X72.1905 Y-35.0317
G1 X74.2143 Y-42.1825
G1 X72.8651 Y-41.9127
G1 X70.8413 Y-38.6746
G1 X67.1984 Y-40.6984
G1 X71.1111 Y-38.8095
G1 X72.5952 Y-41.9127
G1 X74.6190 Y-41.7778
G1 X71.3810 Y-34.7619
G1 Z0.0000 F8000.0
G0 X71.8415 Y-30.8250 F15000.0
G1 Z11.9000 F8000.0
G1 X80.7725 Y-29.7908 F12000.0
G1 Z0.0000 F8000.0
G0 X74.3783 Y-30.1807 F15000.0
G1 Z11.9000 F8000.0
G1 X74.9996 Y-39.0418 F12000.0
G1 Z0.0000 F8000.0
G0 X79.3048 Y-39.4440 F15000.0
G1 Z11.9000 F8000.0
G1 X80.0009 Y-46.8150 F12000.0
G1 Z0.0000 F8000.0
G0 X83.1158 Y-48.7079 F15000.0
G1 Z11.9000 F8000.0
G1 X90.4696 Y-43.5827 F12000.0
G1 Z0.0000 F8000.0
G0 X94.8518 Y-43.1857 F15000.0
G1 Z11.9000 F8000.0
G1 X99.1786 Y-39.0815 F12000.0
G1 Z0.0000 F8000.0
G0 X100.5829 Y-40.8076 F15000.0
G1 Z11.9000 F8000.0
G1 X108.8051 Y-39.3304 F12000.0
G1 Z0.0000 F8000.0
G0 X104.9442 Y-44.9534 F15000.0
G1 Z11.9000 F8000.0
G1 X113.7816 Y-46.5572 F12000.0
G1 Z0.0000 F8000.0
G0 X115.4165 Y-51.9971 F15000.0
G1 Z11.9000 F8000.0
G1 X123.4615 Y-48.5644 F12000.0
G1 Z0.0000 F8000.0
G0 X126.8422 Y-43.9287 F15000.0
G1 Z11.9000 F8000.0
G1 X135.7298 Y-43.2890 F12000.0
G1 Z0.0000 F8000.0
G0 X137.4095 Y-41.7584 F15000.0
G1 Z11.9000 F8000.0
G1 X143.5960 Y-38.7028 F12000.0
G1 Z0.0000 F8000.0
G0 X142.1901 Y-36.0898 F15000.0
G1 Z11.9000 F8000.0
G1 X135.2816 Y-30.3768 F12000.0
G1 Z0.0000 F8000.0
G0 X132.3501 Y-27.8625 F15000.0
G1 Z11.9000 F8000.0
G1 X138.9064 Y-26.7861 F12000.0
G1 Z0.0000 F8000.0
G0 X142.0916 Y-32.4530 F15000.0
G1 Z11.9000 F8000.0
G1 X148.9918 Y-37.7100 F12000.0
G1 Z0.0000 F8000.0
G0 X149.7049 Y-32.4768 F15000.0
G1 Z11.9000 F8000.0
G1 X158.5805 Y-32.3562 F12000.0
G1 Z0.0000 F8000.0
G0 X156.8668 Y-32.1336 F15000.0
G1 Z11.9000 F8000.0
G1 X148.7713 Y-28.3529 F12000.0
G1 Z0.0000 F8000.0
G0 X146.2135 Y-27.3098 F15000.0
G1 Z11.9000 F8000.0
G1 X147.9226 Y-32.1795 F12000.0
G1 Z0.0000 F8000.0
G0 X140.1189 Y-36.0134 F15000.0
G1 Z11.9000 F8000.0
G1 X133.0887 Y-41.2994 F12000.0
G1 Z0.0000 F8000.0
G0 X133.7616 Y-38.2784 F15000.0
G1 Z11.9000 F8000.0
G1 X127.4244 Y-32.3041 F12000.0
G1 Z0.0000 F8000.0
G0 X129.8116 Y-33.7588 F15000.0
G1 Z11.9000 F8000.0
G1 X131.3025 Y-27.1832 F12000.0
G1 Z0.0000 F8000.0
G0 X125.2177 Y-27.0025 F15000.0
G1 Z11.9000 F8000.0
G1 X123.2320 Y-31.0265 F12000.0
G1 Z0.0000 F8000.0
G0 X124.2792 Y-33.5123 F15000.0
G1 Z11.9000 F8000.0
G1 X118.7225 Y-31.2852 F12000.0
G1 Z0.0000 F8000.0
G0 X122.1111 Y-27.2063 F15000.0
G1 Z11.9000 F8000.0
G1 X122.2460 Y-29.6349 F12000.0
G1 X116.4444 Y-31.9286
G1 X112.9365 Y-30.0397
G1 X116.8492 Y-31.9286
G1 X119.6825 Y-30.7143
G1 X119.2778 Y-28.8254
G1 X122.1111 Y-26.6667
G1 Z0.0000 F8000.0
G0 X110.0103 Y-26.9947 F15000.0
G1 Z11.9000 F8000.0
G1 X103.9167 Y-33.5301 F12000.0
G1 Z0.0000 F8000.0
G0 X87.0317 Y-33.6825 F15000.0
G1 Z11.9000 F8000.0
G1 X88.6508 Y-35.4365 F12000.0
G1 X88.2460 Y-37.5952
G1 X86.6270 Y-37.5952
G1 X84.8730 Y-36.2460
G1 X86.3571 Y-36.1111
G1 X86.3571 Y-37.1905
G1 X87.8413 Y-37.7302
G1 X88.6508 Y-35.7063
G1 X86.7619 Y-33.9524
G1 X85.0079 Y-34.7619
G1 X81.9048 Y-35.0317
G1 X80.5556 Y-35.7063
G1 X78.6667 Y-35.5714
G1 X78.1270 Y-36.1111
G1 X81.6349 Y-38.1349
G1 X79.0714 Y-36.9206
G1 X76.1032 Y-36.6508
G1 X75.8333 Y-36.1111
G1 X85.6825 Y-34.4921
G1 X86.4921 Y-33.6825
G1 Z0.0000 F8000.0
G0 X86.5303 Y-32.9064 F15000.0
G1 Z11.9000 F8000.0
G1 X83.6873 Y-39.0818 F12000.0
G1 Z0.0000 F8000.0
G0 X77.8737 Y-53.4436 F15000.0
G1 Z11.9000 F8000.0
G1 X80.7551 Y-60.2687 F12000.0
G1 Z0.0000 F8000.0
G0 X80.0159 Y-61.2063 F15000.0
G1 Z11.9000 F8000.0
G1 X81.3651 Y-63.0952 F12000.0
G1 X85.0079 Y-63.9048
G1 X89.1905 Y-65.3889
G1 X93.7778 Y-63.2302
G1 X96.3413 Y-62.9603
G1 X91.3492 Y-63.9048
G1 X89.1905 Y-65.3889
G1 X86.6270 Y-65.1190
G1 X84.6032 Y-63.7698
G1 X80.0159 Y-61.7460
G1 Z0.0000 F8000.0
G0 X82.7143 Y-57.4286 F15000.0
G1 Z11.9000 F8000.0
G1 X77.3175 Y-54.7302 F12000.0
G1 X68.8175 Y-58.2381
G1 X69.4921 Y-59.3175
G1 X78.2619 Y-59.8571
G1 X82.7143 Y-57.4286
G1 Z0.0000 F8000.0
G0 X82.0565 Y-69.7549 F15000.0
G1 Z11.9000 F8000.0
G1 X73.1647 Y-68.4927 F12000.0
G1 Z0.0000 F8000.0
G0 X71.1955 Y-69.6169 F15000.0
G1 Z11.9000 F8000.0
G1 X66.7080 Y-73.7217 F12000.0
G1 Z0.0000 F8000.0
G0 X65.6731 Y-72.8823 F15000.0
G1 Z11.9000 F8000.0
G1 X70.4023 Y-80.3657 F12000.0
G1 Z0.0000 F8000.0
G0 X66.7751 Y-82.7499 F15000.0
G1 Z11.9000 F8000.0
G1 X73.8858 Y-84.7384 F12000.0
G1 Z0.0000 F8000.0
G0 X72.3351 Y-87.6955 F15000.0
G1 Z11.9000 F8000.0
G1 X65.4740 Y-84.7852 F12000.0
G1 Z0.0000 F8000.0
G0 X62.9997 Y-87.2060 F15000.0
G1 Z11.9000 F8000.0
G1 X66.5605 Y-93.6408 F12000.0
G1 Z0.0000 F8000.0
G0 X64.7131 Y-90.8877 F15000.0
G1 Z11.9000 F8000.0
G1 X57.5607 Y-92.9712 F12000.0
G1 Z0.0000 F8000.0
G0 X59.8205 Y-91.3157 F15000.0
G1 Z11.9000 F8000.0
G1 X52.3803 Y-91.6137 F12000.0
G1 Z0.0000 F8000.0
G0 X53.7186 Y-89.4773 F15000.0
G1 Z11.9000 F8000.0
G1 X61.1800 Y-88.9756 F12000.0
G1 Z0.0000 F8000.0
G0 X62.2785 Y-91.6341 F15000.0
G1 Z11.9000 F8000.0
G1 X69.7693 Y-91.9658 F12000.0
G1 Z0.0000 F8000.0
G0 X72.6112 Y-91.4418 F15000.0
G1 Z11.9000 F8000.0
G1 X80.1024 Y-91.7861 F12000.0
G1 Z0.0000 F8000.0
G0 X75.8181 Y-94.8155 F15000.0
G1 Z11.9000 F8000.0
G1 X82.3316 Y-98.4773 F12000.0
G1 Z0.0000 F8000.0
G0 X82.7297 Y-96.5591 F15000.0
G1 Z11.9000 F8000.0
G1 X89.8162 Y-95.4154 F12000.0
G1 Z0.0000 F8000.0
G0 X88.9376 Y-99.7829 F15000.0
G1 Z11.9000 F8000.0
G1 X95.1377 Y-103.8490 F12000.0
G1 Z0.0000 F8000.0
G0 X95.7871 Y-103.1377 F15000.0
G1 Z11.9000 F8000.0
G1 X102.7188 Y-100.3772 F12000.0
G1 Z0.0000 F8000.0
G0 X99.4859 Y-103.5083 F15000.0
G1 Z11.9000 F8000.0
G1 X106.7131 Y-104.0685 F12000.0
G1 Z0.0000 F8000.0
G0 X106.3947 Y-111.6616 F15000.0
G1 Z11.9000 F8000.0
G1 X115.7962 Y-114.3573 F12000.0
G1 Z0.0000 F8000.0
G0 X116.2499 Y-115.5088 F15000.0
G1 Z11.9000 F8000.0
G1 X109.5518 Y-123.4598 F12000.0
G1 Z0.0000 F8000.0
G0 X108.2185 Y-120.6362 F15000.0
G1 Z11.9000 F8000.0
G1 X108.9568 Y-128.3991 F12000.0
G1 Z0.0000 F8000.0
G0 X109.9624 Y-129.2387 F15000.0
G1 Z11.9000 F8000.0
G1 X99.1343 Y-125.4484 F12000.0
G1 Z0.0000 F8000.0
G0 X98.8988 Y-125.2932 F15000.0
G1 Z11.9000 F8000.0
G1 X92.7871 Y-131.5073 F12000.0
G1 Z0.0000 F8000.0
G0 X94.8211 Y-131.2271 F15000.0
G1 Z11.9000 F8000.0
G1 X105.8476 Y-132.5046 F12000.0
G1 Z0.0000 F8000.0
G0 X105.2375 Y-132.7795 F15000.0
G1 Z11.9000 F8000.0
G1 X96.2689 Y-138.7369 F12000.0
G1 Z0.0000 F8000.0
G0 X96.2131 Y-136.9896 F15000.0
G1 Z11.9000 F8000.0
G1 X104.8370 Y-133.0938 F12000.0
G1 Z0.0000 F8000.0
G0 X105.3059 Y-129.9780 F15000.0
G1 Z11.9000 F8000.0
G1 X115.2007 Y-127.0370 F12000.0
G1 Z0.0000 F8000.0
G0 X118.0095 Y-128.9459 F15000.0
G1 Z11.9000 F8000.0
G1 X125.1284 Y-135.6588 F12000.0
G1 Z0.0000 F8000.0
G0 X125.8351 Y-134.8024 F15000.0
G1 Z11.9000 F8000.0
G1 X122.7931 Y-144.6581 F12000.0
G1 Z0.0000 F8000.0
G0 X120.1617 Y-144.4195 F15000.0
G1 Z11.9000 F8000.0
G1 X132.0468 Y-145.4733 F12000.0
G1 Z0.0000 F8000.0
G0 X132.7989 Y-145.9050 F15000.0
G1 Z11.9000 F8000.0
G1 X141.9969 Y-142.8969 F12000.0
G1 Z0.0000 F8000.0
G0 X140.3320 Y-140.9317 F15000.0
G1 Z11.9000 F8000.0
G1 X144.1571 Y-129.7480 F12000.0
G1 Z0.0000 F8000.0
G0 X142.6239 Y-125.6612 F15000.0
G1 Z11.9000 F8000.0
G1 X143.2322 Y-116.8017 F12000.0
G1 Z0.0000 F8000.0
G0 X142.3946 Y-117.0962 F15000.0
G1 Z11.9000 F8000.0
G1 X139.9344 Y-108.5945 F12000.0
G1 Z0.0000 F8000.0
G0 X139.8860 Y-106.0605 F15000.0
G1 Z11.9000 F8000.0
G1 X148.3592 Y-103.0719 F12000.0
G1 Z0.0000 F8000.0
G0 X146.9365 Y-103.3016 F15000.0
G1 Z11.9000 F8000.0
G1 X144.6429 Y-105.4603 F12000.0
G1 X134.1190 Y-108.5635
G1 X134.6587 Y-111.9365
G1 X134.1190 Y-109.5079
G1 X133.3095 Y-108.9683
G1 X132.5000 Y-111.1270
G1 X132.5000 Y-108.2937
G1 X130.7460 Y-108.1587
G1 X127.6429 Y-111.8016
G1 X125.8889 Y-110.3175
G1 X127.9127 Y-111.5317
G1 X128.9921 Y-109.7778
G1 X128.7222 Y-108.6984
G1 X109.8333 Y-108.9683
G1 X105.6508 Y-109.6429
G1 X100.7937 Y-109.5079
G1 X95.8016 Y-107.8889
G1 X92.5635 Y-108.6984
G1 X88.7857 Y-106.9444
G1 X82.0397 Y-106.5397
G1 X78.1270 Y-105.4603
G1 X77.5873 Y-106.5397
G1 X75.2937 Y-106.2698
G1 X73.9444 Y-106.8095
G1 X71.9206 Y-110.0476
G1 X75.5635 Y-110.8571
G1 X78.1270 Y-112.8810
G1 X77.8571 Y-114.5000
G1 X78.9365 Y-115.3095
G1 X79.6111 Y-115.0397
G1 X79.8810 Y-113.8254
G1 X80.0159 Y-117.0635
G1 X81.2302 Y-119.0873
G1 X78.9365 Y-115.4444
G1 X77.4524 Y-114.0952
G1 X77.7222 Y-113.0159
G1 X75.0238 Y-110.8571
G1 X73.6746 Y-110.5873
G1 X72.0556 Y-111.1270
G1 X71.2460 Y-110.5873
G1 X72.5952 Y-107.6190
G1 X71.1111 Y-106.4048
G1 X69.8968 Y-107.4841
G1 X67.0635 Y-107.4841
G1 X65.3095 Y-109.2381
G1 X64.2302 Y-109.3730
G1 X61.5317 Y-108.2937
G1 X60.1825 Y-108.5635
G1 X59.6429 Y-108.0238
G1 X59.6429 Y-105.5952
G1 X60.7222 Y-107.8889
G1 X61.6667 Y-108.5635
G1 X63.5556 Y-108.4286
G1 X64.0952 Y-108.9683
G1 X71.1111 Y-106.1349
G1 X72.3254 Y-106.2698
G1 X72.3254 Y-107.4841
G1 X75.1587 Y-106.2698
G1 X76.2381 Y-106.8095
G1 X77.5873 Y-105.0556
G1 X79.2063 Y-105.0556
G1 X84.1984 Y-106.9444
G1 X90.8095 Y-107.0794
G1 X91.8889 Y-108.1587
G1 X97.2857 Y-108.0238
G1 X99.1746 Y-109.1032
G1 X107.9444 Y-109.5079
G1 X129.5317 Y-108.4286
G1 X131.5556 Y-107.8889
G1 X133.1746 Y-108.4286
G1 X144.5079 Y-105.3254
G1 X146.3968 Y-103.3016
G1 Z0.0000 F8000.0
G0 X147.4509 Y-101.1752 F15000.0
G1 Z11.9000 F8000.0
G1 X141.8784 Y-103.3819 F12000.0
G1 Z0.0000 F8000.0
G0 X143.0972 Y-103.9158 F15000.0
G1 Z11.9000 F8000.0
G1 X138.1920 Y-98.7741 F12000.0
G1 Z0.0000 F8000.0
G0 X137.4666 Y-97.3716 F15000.0
G1 Z11.9000 F8000.0
G1 X136.6364 Y-90.3372 F12000.0
G1 Z0.0000 F8000.0
G0 X143.2730 Y-82.5253 F15000.0
G1 Z11.9000 F8000.0
G1 X148.4578 Y-87.2899 F12000.0
G1 Z0.0000 F8000.0
G0 X151.1989 Y-87.6646 F15000.0
G1 Z11.9000 F8000.0
G1 X145.2393 Y-81.7040 F12000.0
G1 Z0.0000 F8000.0
G0 X145.8829 Y-80.6514 F15000.0
G1 Z11.9000 F8000.0
G1 X154.6160 Y-80.4860 F12000.0
G1 Z0.0000 F8000.0
G0 X154.2123 Y-78.2572 F15000.0
G1 Z11.9000 F8000.0
G1 X152.1367 Y-81.3789 F12000.0
G1 Z0.0000 F8000.0
G0 X147.3570 Y-82.3552 F15000.0
G1 Z11.9000 F8000.0
G1 X155.9236 Y-84.5691 F12000.0
G1 Z0.0000 F8000.0
G0 X154.8414 Y-86.6227 F15000.0
G1 Z11.9000 F8000.0
G1 X151.8295 Y-89.9486 F12000.0
G1 Z0.0000 F8000.0
G0 X152.5877 Y-89.4949 F15000.0
G1 Z11.9000 F8000.0
G1 X159.3203 Y-84.3508 F12000.0
G1 Z0.0000 F8000.0
G0 X158.3678 Y-82.0640 F15000.0
G1 Z11.9000 F8000.0
G1 X163.6514 Y-75.3588 F12000.0
G1 Z0.0000 F8000.0
G0 X166.3651 Y-79.5556 F15000.0
G1 Z11.9000 F8000.0
G1 X167.4444 Y-80.9048 F12000.0
G1 X163.2619 Y-82.2540
G1 X161.5079 Y-82.2540
G1 X172.3016 Y-81.3095
G1 X173.7857 Y-80.0952
G1 X170.9524 Y-81.5794
G1 X168.1190 Y-80.7698
G1 X166.9048 Y-79.5556
G1 Z0.0000 F8000.0
G0 X169.7502 Y-84.9366 F15000.0
G1 Z11.9000 F8000.0
G1 X161.1085 Y-87.1877 F12000.0
G1 Z0.0000 F8000.0
G0 X158.6294 Y-87.2742 F15000.0
G1 Z11.9000 F8000.0
G1 X167.5198 Y-85.9147 F12000.0
G1 Z0.0000 F8000.0
G0 X168.6421 Y-85.5071 F15000.0
G1 Z11.9000 F8000.0
G1 X174.5528 Y-86.4362 F12000.0
G1 Z0.0000 F8000.0
G0 X170.4499 Y-88.1291 F15000.0
G1 Z11.9000 F8000.0
G1 X163.2267 Y-90.0315 F12000.0
G1 Z0.0000 F8000.0
G0 X159.0730 Y-90.8675 F15000.0
G1 Z11.9000 F8000.0
G1 X151.6775 Y-91.9815 F12000.0
G1 Z0.0000 F8000.0
G0 X152.8730 Y-98.9841 F15000.0
G1 Z11.9000 F8000.0
G1 X148.6905 Y-100.1984 F12000.0
G1 X134.5238 Y-99.9286
G1 X131.6905 Y-101.2778
G1 X125.4841 Y-101.5476
G1 X123.5952 Y-102.3571
G1 X133.5794 Y-100.7381
G1 X134.9286 Y-99.9286
G1 X150.1746 Y-100.1984
G1 X154.6270 Y-99.1190
G1 X157.0556 Y-99.3889
G1 X153.4127 Y-98.9841
G1 Z0.0000 F8000.0
G0 X153.3980 Y-102.8848 F15000.0
G1 Z11.9000 F8000.0
G1 X162.2308 Y-101.1683 F12000.0
G1 Z0.0000 F8000.0
G0 X159.8889 Y-100.6032 F15000.0
G1 Z11.9000 F8000.0
G1 X154.3571 Y-101.1429 F12000.0
G1 X150.0397 Y-102.7619
G1 X156.1111 Y-100.7381
G1 X159.4841 Y-100.8730
G1 X159.8889 Y-100.0635
G1 Z0.0000 F8000.0
G0 X167.0555 Y-103.3701 F15000.0
G1 Z11.9000 F8000.0
G1 X174.2691 Y-104.4056 F12000.0
G1 Z0.0000 F8000.0
G0 X174.9839 Y-105.4479 F15000.0
G1 Z11.9000 F8000.0
G1 X167.4716 Y-102.4884 F12000.0
G1 Z0.0000 F8000.0
G0 X169.2875 Y-99.9268 F15000.0
G1 Z11.9000 F8000.0
G1 X174.4603 Y-99.2743 F12000.0
G1 Z0.0000 F8000.0
G0 X174.6881 Y-98.3759 F15000.0
G1 Z11.9000 F8000.0
G1 X168.1957 Y-96.6244 F12000.0
G1 Z0.0000 F8000.0
G0 X170.6825 Y-97.9048 F15000.0
G1 Z11.9000 F8000.0
G1 X166.9048 Y-101.0079 F12000.0
G1 X161.7778 Y-101.4127
G1 X160.8333 Y-101.0079
G1 X160.5635 Y-101.8175
G1 X166.9048 Y-101.0079
G1 X169.4683 Y-100.0635
G1 X170.6825 Y-98.4444
G1 Z0.0000 F8000.0
G0 X172.3016 Y-93.0476 F15000.0
G1 Z11.9000 F8000.0
G1 X169.8730 Y-95.7460 F12000.0
G1 X164.6111 Y-96.9603
G1 X165.5556 Y-97.9048
G1 X165.1508 Y-98.8492
G1 X167.4444 Y-96.5556
G1 X170.6825 Y-95.4762
G1 X172.8413 Y-93.0476
G1 Z0.0000 F8000.0
G0 X173.9206 Y-90.8889 F15000.0
G1 Z11.9000 F8000.0
G1 X168.1190 Y-93.0476 F12000.0
G1 X163.6667 Y-93.8571
G1 X162.9921 Y-95.2063
G1 X163.8016 Y-94.1270
G1 X174.4603 Y-90.8889
G1 Z0.0000 F8000.0
G0 X172.3016 Y-75.7778 F15000.0
G1 Z11.9000 F8000.0
G1 X173.9206 Y-75.7778 F12000.0
G1 X168.3889 Y-76.7222
G1 X164.7460 Y-79.9603
G1 X158.1349 Y-80.7698
G1 X162.3175 Y-80.6349
G1 X164.2063 Y-79.9603
G1 X167.8492 Y-76.7222
G1 X171.7619 Y-75.7778
G1 Z0.0000 F8000.0
G0 X174.4603 Y-74.1587 F15000.0
G1 Z11.9000 F8000.0
G1 X166.3651 Y-74.0238 F12000.0
G1 X165.2857 Y-74.8333
G1 X153.9524 Y-75.1032
G1 X150.0397 Y-77.8016
G1 X141.1349 Y-79.0159
G1 X138.1667 Y-81.3095
G1 X138.1667 Y-83.4683
G1 X146.9365 Y-83.0635
G1 X149.7698 Y-85.4921
G1 X149.3651 Y-86.8413
G1 X146.6667 Y-87.9206
G1 X145.8571 Y-88.8651
G1 X146.1270 Y-91.0238
G1 X154.2222 Y-91.4286
G1 X162.8571 Y-89.5397
G1 X166.0952 Y-90.0794
G1 X172.0317 Y-86.9762
G1 X173.6508 Y-86.7063
G1 X174.4603 Y-85.3571
G1 X174.0556 Y-81.8492
G1 X162.8571 Y-81.9841
G1 X162.3175 Y-81.4444
G1 X167.3095 Y-76.7222
G1 X170.4127 Y-74.9683
G1 X174.4603 Y-74.1587
G1 Z0.0000 F8000.0
G0 X172.3016 Y-68.7619 F15000.0
G1 Z11.9000 F8000.0
G1 X173.7857 Y-68.7619 F12000.0
G1 X171.0873 Y-70.2460
G1 X173.9206 Y-70.9206
G1 X157.8651 Y-69.5714
G1 X142.0794 Y-71.8651
G1 X140.8651 Y-73.4841
G1 X145.4524 Y-73.3492
G1 X145.5873 Y-74.8333
G1 X145.9921 Y-75.5079
G1 X143.0238 Y-76.0476
G1 X143.2937 Y-77.1270
G1 X146.2619 Y-77.6667
G1 X151.1190 Y-75.2381
G1 X151.2540 Y-74.5635
G1 X150.1746 Y-74.1587
G1 X151.7937 Y-74.4286
G1 X150.1746 Y-75.9127
G1 X144.5079 Y-77.8016
G1 X141.4048 Y-77.6667
G1 X140.8651 Y-77.2619
G1 X140.1905 Y-78.0714
G1 X138.5714 Y-76.8571
G1 X137.4921 Y-77.6667
G1 X135.8730 Y-83.0635
G1 X132.6349 Y-83.3333
G1 X130.6111 Y-85.3571
G1 X129.1270 Y-84.6825
G1 X130.3413 Y-81.8492
G1 X134.2540 Y-80.2302
G1 X129.9365 Y-82.7937
G1 X129.5317 Y-84.6825
G1 X130.3413 Y-85.2222
G1 X133.0397 Y-82.9286
G1 X135.4683 Y-82.9286
G1 X136.9524 Y-80.5000
G1 X137.4921 Y-78.0714
G1 X138.7063 Y-76.9921
G1 X141.8095 Y-77.1270
G1 X142.3492 Y-76.0476
G1 X139.1111 Y-74.8333
G1 X135.4683 Y-76.7222
G1 X134.7937 Y-77.6667
G1 X135.3333 Y-78.2063
G1 X134.7937 Y-77.6667
G1 X131.4206 Y-78.7460
G1 X136.6825 Y-75.5079
G1 X138.8413 Y-74.8333
G1 X144.1032 Y-76.0476
G1 X145.7222 Y-74.4286
G1 X145.0476 Y-73.3492
G1 X140.1905 Y-73.2143
G1 X140.7302 Y-72.4048
G1 X150.9841 Y-70.3810
G1 X161.5079 Y-69.5714
G1 X170.1429 Y-69.9762
G1 X171.7619 Y-68.7619
G1 Z0.0000 F8000.0
G0 X168.3131 Y-68.7076 F15000.0
G1 Z11.9000 F8000.0
G1 X160.8157 Y-68.6063 F12000.0
G1 Z0.0000 F8000.0
G0 X160.4286 Y-70.9206 F15000.0
G1 Z11.9000 F8000.0
G1 X168.3889 Y-72.8095 F12000.0
G1 X170.8175 Y-72.1349
G1 X173.2460 Y-72.4048
G1 X169.1984 Y-72.2698
G1 X167.7143 Y-72.8095
G1 X166.5000 Y-72.1349
G1 X160.1587 Y-71.1905
G1 X159.6190 Y-72.2698
G1 X160.0238 Y-72.6746
G1 X159.0794 Y-71.3254
G1 X159.8889 Y-70.9206
G1 Z0.0000 F8000.0
G0 X156.6508 Y-71.4603 F15000.0
G1 Z11.9000 F8000.0
G1 X157.7302 Y-72.0000 F12000.0
G1 X158.1349 Y-73.8889
G1 X160.1587 Y-74.5635
G1 X165.0159 Y-74.4286
G1 X165.6905 Y-73.8889
G1 X164.6111 Y-74.5635
G1 X158.1349 Y-74.2937
G1 X156.7857 Y-71.7302
G1 X155.1667 Y-73.7540
G1 X150.5794 Y-72.6746
G1 X148.1508 Y-72.6746
G1 X153.6825 Y-73.3492
G1 X154.2222 Y-73.8889
G1 X156.1111 Y-71.4603
G1 Z0.0000 F8000.0
G0 X154.3696 Y-67.4738 F15000.0
G1 Z11.9000 F8000.0
G1 X158.6092 Y-59.6670 F12000.0
G1 Z0.0000 F8000.0
G0 X156.6508 Y-53.6508 F15000.0
G1 Z11.9000 F8000.0
G1 X160.8333 Y-55.2698 F12000.0
G1 X162.5873 Y-56.7540
G1 X163.6667 Y-56.4841
G1 X161.6429 Y-56.3492
G1 X159.3492 Y-54.3254
G1 X155.4365 Y-53.3810
G1 X154.0873 Y-53.9206
G1 X156.1111 Y-53.1111
G1 Z0.0000 F8000.0
G0 X152.8730 Y-50.4127 F15000.0
G1 Z11.9000 F8000.0
G1 X162.4524 Y-50.8175 F12000.0
G1 X164.4762 Y-52.0317
G1 X166.0952 Y-52.0317
G1 X168.9286 Y-54.4603
G1 X170.1429 Y-54.1905
G1 X172.0317 Y-51.0873
G1 X172.8413 Y-52.3016
G1 X171.8968 Y-54.7302
G1 X171.8968 Y-56.7540
G1 X167.7143 Y-57.2937
G1 X165.6905 Y-56.4841
G1 X163.2619 Y-53.7857
G1 X161.6429 Y-53.7857
G1 X163.5317 Y-53.6508
G1 X166.9048 Y-57.0238
G1 X170.5476 Y-57.0238
G1 X171.6270 Y-55.6746
G1 X170.9524 Y-54.4603
G1 X169.4683 Y-55.0000
G1 X165.0159 Y-51.8968
G1 X158.6746 Y-50.5476
G1 X152.0635 Y-50.8175
G1 X151.1190 Y-52.9762
G1 X147.3413 Y-54.3254
G1 X141.9444 Y-55.0000
G1 X142.3492 Y-56.6190
G1 X147.2063 Y-56.7540
G1 X151.6587 Y-58.5079
G1 X152.3333 Y-59.5873
G1 X150.3095 Y-57.9683
G1 X145.4524 Y-56.6190
G1 X142.0794 Y-56.8889
G1 X140.3254 Y-55.5397
G1 X140.3254 Y-55.9444
G1 X141.1349 Y-55.1349
G1 X149.6349 Y-53.7857
G1 X152.3333 Y-50.4127
G1 Z0.0000 F8000.0
G0 X149.6349 Y-49.3333 F15000.0
G1 Z11.9000 F8000.0
G1 X146.9365 Y-51.7619 F12000.0
G1 X141.0000 Y-51.3571
G1 X138.5714 Y-52.5714
G1 X134.9286 Y-53.1111
G1 X128.7222 Y-55.4048
G1 X125.8889 Y-57.8333
G1 X129.3968 Y-58.3730
G1 X129.9365 Y-59.1825
G1 X136.0079 Y-58.3730
G1 X136.8175 Y-59.1825
G1 X134.7937 Y-63.6349
G1 X135.0635 Y-64.8492
G1 X138.7063 Y-64.8492
G1 X139.5159 Y-65.6587
G1 X138.3016 Y-67.2778
G1 X133.3095 Y-67.6825
G1 X131.4206 Y-67.1429
G1 X130.2063 Y-64.4444
G1 X130.2063 Y-62.2857
G1 X129.6667 Y-61.6111
G1 X123.1905 Y-63.9048
G1 X121.5714 Y-62.4206
G1 X122.2460 Y-59.1825
G1 X121.4365 Y-58.3730
G1 X125.0794 Y-53.1111
G1 X141.8095 Y-46.6349
G1 X145.4524 Y-46.3651
G1 X149.6349 Y-49.3333
G1 Z0.0000 F8000.0
G0 X151.2500 Y-44.6802 F15000.0
G1 Z11.9000 F8000.0
G1 X160.0553 Y-46.3717 F12000.0
G1 Z0.0000 F8000.0
G0 X161.6343 Y-43.1626 F15000.0
G1 Z11.9000 F8000.0
G1 X155.7863 Y-36.7518 F12000.0
G1 Z0.0000 F8000.0
G0 X157.5966 Y-37.2294 F15000.0
G1 Z11.9000 F8000.0
G1 X164.2869 Y-42.9700 F12000.0
G1 Z0.0000 F8000.0
G0 X166.2145 Y-44.9091 F15000.0
G1 Z11.9000 F8000.0
G1 X157.7846 Y-41.7726 F12000.0
G1 Z0.0000 F8000.0
G0 X157.5874 Y-42.6202 F15000.0
G1 Z11.9000 F8000.0
G1 X157.0332 Y-33.8973 F12000.0
G1 Z0.0000 F8000.0
G0 X160.7439 Y-32.1375 F15000.0
G1 Z11.9000 F8000.0
G1 X156.0519 Y-39.6220 F12000.0
G1 Z0.0000 F8000.0
G0 X158.2698 Y-40.3415 F15000.0
G1 Z11.9000 F8000.0
G1 X164.5137 Y-33.9942 F12000.0
G1 Z0.0000 F8000.0
G0 X163.9914 Y-33.6383 F15000.0
G1 Z11.9000 F8000.0
G1 X166.9803 Y-41.5824 F12000.0
G1 Z0.0000 F8000.0
G0 X166.9726 Y-39.6454 F15000.0
G1 Z11.9000 F8000.0
G1 X174.3443 Y-36.1892 F12000.0
G1 Z0.0000 F8000.0
G0 X174.4603 Y-38.1625 F15000.0
G1 Z11.9000 F8000.0
G1 X169.9841 Y-37.8501 F12000.0
G1 Z0.0000 F8000.0
G0 X169.6589 Y-42.4045 F15000.0
G1 Z11.9000 F8000.0
G1 X161.9327 Y-38.0412 F12000.0
G1 Z0.0000 F8000.0
G0 X159.6005 Y-40.1558 F15000.0
G1 Z11.9000 F8000.0
G1 X162.2906 Y-31.6911 F12000.0
G1 Z0.0000 F8000.0
G0 X166.8434 Y-31.4477 F15000.0
G1 Z11.9000 F8000.0
G1 X169.8545 Y-27.2912 F12000.0
G1 Z0.0000 F8000.0
G0 X168.6584 Y-43.0297 F15000.0
G1 Z11.9000 F8000.0
G1 X174.7841 Y-47.3380 F12000.0
G1 Z0.0000 F8000.0
G0 X168.4326 Y-44.6817 F15000.0
G1 Z11.9000 F8000.0
G1 X160.1142 Y-41.2757 F12000.0
G1 Z0.0000 F8000.0
G0 X163.5780 Y-48.7992 F15000.0
G1 Z11.9000 F8000.0
G1 X154.6321 Y-47.8764 F12000.0
G1 Z0.0000 F8000.0
G0 X144.2381 Y-46.6349 F15000.0
G1 Z11.9000 F8000.0
G1 X150.8492 Y-49.4683 F12000.0
G1 X149.2302 Y-52.0317
G1 X149.2302 Y-50.2778
G1 X147.6111 Y-50.2778
G1 X145.1825 Y-51.4921
G1 X142.6190 Y-49.8730
G1 X140.5952 Y-50.5476
G1 X139.7857 Y-51.8968
G1 X138.3016 Y-52.4365
G1 X134.3889 Y-52.5714
G1 X132.9048 Y-53.6508
G1 X133.9841 Y-52.5714
G1 X139.6508 Y-51.4921
G1 X141.1349 Y-49.8730
G1 X146.2619 Y-51.0873
G1 X148.0159 Y-50.0079
G1 X149.9048 Y-50.1429
G1 X150.4444 Y-49.6032
G1 X147.0714 Y-47.3095
G1 X143.5635 Y-47.0397
G1 X135.0635 Y-49.0635
G1 X128.0476 Y-52.0317
G1 X126.0238 Y-53.6508
G1 X124.2698 Y-54.1905
G1 X122.2460 Y-56.8889
G1 X119.8175 Y-58.1032
G1 X119.8175 Y-59.7222
G1 X121.0317 Y-59.8571
G1 X119.0079 Y-60.2619
G1 X117.7937 Y-58.2381
G1 X122.6508 Y-56.0794
G1 X124.6746 Y-53.6508
G1 X126.4286 Y-53.1111
G1 X128.4524 Y-51.4921
G1 X143.6984 Y-46.6349
G1 Z0.0000 F8000.0
G0 X133.8557 Y-44.8704 F15000.0
G1 Z11.9000 F8000.0
G1 X126.7874 Y-42.6810 F12000.0
G1 Z0.0000 F8000.0
G0 X128.5873 Y-53.6508 F15000.0
G1 Z11.9000 F8000.0
G1 X124.8095 Y-56.6190 F12000.0
G1 X122.9206 Y-58.7778
G1 X122.2460 Y-58.2381
G1 X123.0556 Y-58.7778
G1 X124.5397 Y-58.2381
G1 X124.9444 Y-59.4524
G1 X120.7619 Y-62.1508
G1 X121.7063 Y-62.1508
G1 X122.9206 Y-63.3651
G1 X125.7540 Y-62.9603
G1 X128.7222 Y-61.3413
G1 X128.8571 Y-60.5317
G1 X127.3730 Y-61.7460
G1 X125.6190 Y-61.8810
G1 X126.1587 Y-62.5556
G1 X124.5397 Y-63.2302
G1 X122.2460 Y-62.4206
G1 X123.7302 Y-60.5317
G1 X128.5873 Y-58.1032
G1 X130.4762 Y-58.7778
G1 X128.8571 Y-58.2381
G1 X125.8889 Y-58.7778
G1 X124.5397 Y-57.4286
G1 X125.6190 Y-55.9444
G1 X126.9683 Y-55.8095
G1 X128.9921 Y-54.4603
G1 X131.0159 Y-54.8651
G1 X128.5873 Y-54.1905
G1 Z0.0000 F8000.0
G0 X122.0219 Y-55.4172 F15000.0
G1 Z11.9000 F8000.0
G1 X115.0978 Y-52.9201 F12000.0
G1 Z0.0000 F8000.0
G0 X108.8446 Y-54.8124 F15000.0
G1 Z11.9000 F8000.0
G1 X104.1673 Y-58.5504 F12000.0
G1 Z0.0000 F8000.0
G0 X106.0247 Y-59.8461 F15000.0
G1 Z11.9000 F8000.0
G1 X104.7409 Y-67.1825 F12000.0
G1 Z0.0000 F8000.0
G0 X105.8805 Y-65.9269 F15000.0
G1 Z11.9000 F8000.0
G1 X108.8085 Y-63.5856 F12000.0
G1 Z0.0000 F8000.0
G0 X107.1708 Y-63.7818 F15000.0
G1 Z11.9000 F8000.0
G1 X113.2162 Y-66.8396 F12000.0
G1 Z0.0000 F8000.0
G0 X113.1141 Y-66.3835 F15000.0
G1 Z11.9000 F8000.0
G1 X116.6983 Y-72.1891 F12000.0
G1 Z0.0000 F8000.0
G0 X115.6211 Y-75.3907 F15000.0
G1 Z11.9000 F8000.0
G1 X108.4061 Y-77.4361 F12000.0
G1 Z0.0000 F8000.0
G0 X108.0533 Y-73.6638 F15000.0
G1 Z11.9000 F8000.0
G1 X113.6604 Y-69.6083 F12000.0
G1 Z0.0000 F8000.0
G0 X111.6634 Y-68.5749 F15000.0
G1 Z11.9000 F8000.0
G1 X104.7122 Y-70.3166 F12000.0
G1 Z0.0000 F8000.0
G0 X104.7855 Y-68.9768 F15000.0
G1 Z11.9000 F8000.0
G1 X111.0772 Y-72.6583 F12000.0
G1 Z0.0000 F8000.0
G0 X108.1091 Y-71.0632 F15000.0
G1 Z11.9000 F8000.0
G1 X100.9271 Y-70.3173 F12000.0
G1 Z0.0000 F8000.0
G0 X98.2299 Y-76.3157 F15000.0
G1 Z11.9000 F8000.0
G1 X91.4445 Y-73.1532 F12000.0
G1 Z0.0000 F8000.0
G0 X89.9090 Y-78.0023 F15000.0
G1 Z11.9000 F8000.0
G1 X81.0951 Y-78.0958 F12000.0
G1 Z0.0000 F8000.0
G0 X82.6752 Y-79.8298 F15000.0
G1 Z11.9000 F8000.0
G1 X77.0882 Y-74.8842 F12000.0
G1 Z0.0000 F8000.0
G0 X76.9649 Y-75.0280 F15000.0
G1 Z11.9000 F8000.0
G1 X68.1641 Y-73.5257 F12000.0
G1 Z0.0000 F8000.0
G0 X67.9477 Y-73.1241 F15000.0
G1 Z11.9000 F8000.0
G1 X60.1109 Y-68.8858 F12000.0
G1 Z0.0000 F8000.0
G0 X58.1253 Y-70.1491 F15000.0
G1 Z11.9000 F8000.0
G1 X66.5814 Y-67.7866 F12000.0
G1 Z0.0000 F8000.0
G0 X65.5530 Y-72.7240 F15000.0
G1 Z11.9000 F8000.0
G1 X56.8367 Y-70.5723 F12000.0
G1 Z0.0000 F8000.0
G0 X59.6849 Y-66.0811 F15000.0
G1 Z11.9000 F8000.0
G1 X52.1997 Y-66.3079 F12000.0
G1 Z0.0000 F8000.0
G0 X51.9493 Y-62.2997 F15000.0
G1 Z11.9000 F8000.0
G1 X46.4162 Y-60.8687 F12000.0
G1 Z0.0000 F8000.0
G0 X47.0952 Y-55.2698 F15000.0
G1 Z11.9000 F8000.0
G1 X48.3095 Y-56.4841 F12000.0
G1 X44.3968 Y-64.4444
G1 X41.9683 Y-66.1984
G1 X39.2698 Y-66.3333
G1 X38.4603 Y-63.9048
G1 X40.4841 Y-59.4524
G1 X40.4841 Y-57.0238
G1 X43.7222 Y-55.0000
G1 X47.0952 Y-55.2698
G1 Z0.0000 F8000.0
G0 X43.0516 Y-54.2576 F15000.0
G1 Z11.9000 F8000.0
G1 X45.8578 Y-46.5963 F12000.0
G1 Z0.0000 F8000.0
G0 X48.1746 Y-46.6349 F15000.0
G1 Z11.9000 F8000.0
G1 X50.6032 Y-50.8175 F12000.0
G1 X53.1667 Y-52.4365
G1 X53.1667 Y-54.0556
G1 X48.9841 Y-55.6746
G1 X46.8254 Y-56.0794
G1 X44.8016 Y-55.2698
G1 X39.8095 Y-57.6984
G1 X45.2063 Y-55.6746
G1 X46.2857 Y-55.8095
G1 X46.8254 Y-57.6984
G1 X44.3968 Y-63.0952
G1 X45.6111 Y-63.6349
G1 X44.8016 Y-63.0952
G1 X47.2302 Y-57.8333
G1 X54.3810 Y-58.7778
G1 X54.9206 Y-59.3175
G1 X51.0079 Y-63.3651
G1 X47.2302 Y-61.4762
G1 X47.3651 Y-62.4206
G1 X46.8254 Y-62.6905
G1 X49.1190 Y-65.5238
G1 X51.1429 Y-66.3333
G1 X50.6032 Y-67.4127
G1 X44.1270 Y-64.5794
G1 X43.5873 Y-65.3889
G1 X45.4762 Y-66.6032
G1 X48.9841 Y-66.8730
G1 X49.5238 Y-67.9524
G1 X48.9841 Y-68.4921
G1 X52.8968 Y-66.1984
G1 X59.7778 Y-64.7143
G1 X61.8016 Y-65.5238
G1 X64.2302 Y-64.5794
G1 X65.0397 Y-64.7143
G1 X63.6905 Y-62.6905
G1 X62.7460 Y-65.1190
G1 X60.7222 Y-65.2540
G1 X59.1032 Y-64.7143
G1 X51.1429 Y-66.1984
G1 X50.0635 Y-65.1190
G1 X48.7143 Y-64.9841
G1 X47.2302 Y-63.0952
G1 X48.0397 Y-62.5556
G1 X51.2778 Y-63.3651
G1 X54.7857 Y-60.5317
G1 X55.4603 Y-59.3175
G1 X47.3651 Y-57.1587
G1 X48.4444 Y-55.4048
G1 X51.6825 Y-55.4048
G1 X53.4365 Y-51.2222
G1 X50.8730 Y-50.9524
G1 X49.1190 Y-48.6587
G1 X48.7143 Y-46.6349
G1 Z0.0000 F8000.0
G0 X42.8602 Y-49.1086 F15000.0
G1 Z11.9000 F8000.0
G1 X38.1213 Y-52.6918 F12000.0
G1 Z0.0000 F8000.0
G0 X36.6259 Y-52.8525 F15000.0
G1 Z11.9000 F8000.0
G1 X29.3737 Y-47.5296 F12000.0
G1 Z0.0000 F8000.0
G0 X29.6313 Y-48.4495 F15000.0
G1 Z11.9000 F8000.0
G1 X22.0403 Y-43.9467 F12000.0
G1 Z0.0000 F8000.0
G0 X24.3041 Y-43.3404 F15000.0
G1 Z11.9000 F8000.0
G1 X14.8785 Y-45.7725 F12000.0
G1 Z0.0000 F8000.0
G0 X15.0966 Y-45.9769 F15000.0
G1 Z11.9000 F8000.0
G1 X25.2882 Y-44.2340 F12000.0
G1 Z0.0000 F8000.0
G0 X25.9772 Y-45.5023 F15000.0
G1 Z11.9000 F8000.0
G1 X16.7215 Y-49.6010 F12000.0
G1 Z0.0000 F8000.0
G0 X15.8870 Y-49.0349 F15000.0
G1 Z11.9000 F8000.0
G1 X14.9383 Y-41.4206 F12000.0
G1 Z0.0000 F8000.0
G0 X18.4860 Y-39.1589 F15000.0
G1 Z11.9000 F8000.0
G1 X16.4748 Y-47.5237 F12000.0
G1 Z0.0000 F8000.0
G0 X16.1005 Y-46.9905 F15000.0
G1 Z11.9000 F8000.0
G1 X9.4894 Y-53.1045 F12000.0
G1 Z0.0000 F8000.0
G0 X10.3418 Y-50.8709 F15000.0
G1 Z11.9000 F8000.0
G1 X15.1100 Y-45.9646 F12000.0
G1 Z0.0000 F8000.0
G0 X17.6635 Y-45.7470 F15000.0
G1 Z11.9000 F8000.0
G1 X19.3663 Y-39.4207 F12000.0
G1 Z0.0000 F8000.0
G0 X19.6832 Y-38.7482 F15000.0
G1 Z11.9000 F8000.0
G1 X28.6341 Y-38.5569 F12000.0
G1 Z0.0000 F8000.0
G0 X29.0094 Y-40.0557 F15000.0
G1 Z11.9000 F8000.0
G1 X32.9197 Y-47.7199 F12000.0
G1 Z0.0000 F8000.0
G0 X33.3791 Y-49.2260 F15000.0
G1 Z11.9000 F8000.0
G1 X42.0547 Y-51.5453 F12000.0
G1 Z0.0000 F8000.0
G0 X40.9452 Y-47.4219 F15000.0
G1 Z11.9000 F8000.0
G1 X36.9918 Y-39.3900 F12000.0
G1 Z0.0000 F8000.0
G0 X37.9206 Y-41.2381 F15000.0
G1 Z11.9000 F8000.0
G1 X35.4921 Y-39.6190 F12000.0
G1 X23.7540 Y-38.0000
G1 X17.5476 Y-39.6190
G1 X12.2857 Y-41.6429
G1 X7.4286 Y-42.4524
G1 X5.0000 Y-47.8492
G1 X5.4048 Y-62.6905
G1 X6.4841 Y-61.8810
G1 X6.3492 Y-60.3968
G1 X8.6429 Y-59.7222
G1 X13.6349 Y-59.7222
G1 X14.7143 Y-58.9127
G1 X22.5397 Y-58.1032
G1 X25.9127 Y-58.3730
G1 X30.7698 Y-59.5873
G1 X31.4444 Y-58.3730
G1 X28.6111 Y-55.5397
G1 X24.9683 Y-52.7063
G1 X26.1825 Y-50.2778
G1 X37.3810 Y-50.5476
G1 X38.5952 Y-49.6032
G1 X38.5952 Y-46.6349
G1 X37.5159 Y-44.0714
G1 X37.9206 Y-41.2381
G1 Z0.0000 F8000.0
G0 X37.9993 Y-43.1334 F15000.0
G1 Z11.9000 F8000.0
G1 X34.5202 Y-36.6022 F12000.0
G1 Z0.0000 F8000.0
G0 X34.6825 Y-36.9206 F15000.0
G1 Z11.9000 F8000.0
G1 X37.2460 Y-37.7302 F12000.0
G1 X38.0556 Y-37.1905
G1 X44.6667 Y-42.0476
G1 X39.9444 Y-39.4841
G1 X37.6508 Y-37.5952
G1 X34.1429 Y-36.9206
G1 Z0.0000 F8000.0
G0 X32.8662 Y-36.4653 F15000.0
G1 Z11.9000 F8000.0
G1 X40.8491 Y-40.4803 F12000.0
G1 Z0.0000 F8000.0
G0 X38.6521 Y-43.9689 F15000.0
G1 Z11.9000 F8000.0
G1 X31.5190 Y-38.9050 F12000.0
G1 Z0.0000 F8000.0
G0 X28.5403 Y-36.0523 F15000.0
G1 Z11.9000 F8000.0
G1 X35.2201 Y-42.0475 F12000.0
G1 Z0.0000 F8000.0
G0 X30.2399 Y-44.4708 F15000.0
G1 Z11.9000 F8000.0
G1 X20.2798 Y-47.5571 F12000.0
G1 Z0.0000 F8000.0
G0 X24.1243 Y-48.1338 F15000.0
G1 Z11.9000 F8000.0
G1 X34.5819 Y-48.6958 F12000.0
G1 Z0.0000 F8000.0
G0 X34.9661 Y-50.8772 F15000.0
G1 Z11.9000 F8000.0
G1 X25.9848 Y-51.2709 F12000.0
G1 Z0.0000 F8000.0
G0 X24.6414 Y-50.5075 F15000.0
G1 Z11.9000 F8000.0
G1 X25.8385 Y-58.8094 F12000.0
G1 Z0.0000 F8000.0
G0 X25.9932 Y-55.3226 F15000.0
G1 Z11.9000 F8000.0
G1 X20.6801 Y-59.4099 F12000.0
G1 Z0.0000 F8000.0
G0 X20.9901 Y-61.2144 F15000.0
G1 Z11.9000 F8000.0
G1 X27.0374 Y-65.5059 F12000.0
G1 Z0.0000 F8000.0
G0 X27.9953 Y-64.7316 F15000.0
G1 Z11.9000 F8000.0
G1 X23.0969 Y-67.9477 F12000.0
G1 Z0.0000 F8000.0
G0 X23.8889 Y-66.6032 F15000.0
G1 Z11.9000 F8000.0
G1 X25.1032 Y-65.3889 F12000.0
G1 X28.7460 Y-64.9841
G1 X30.2302 Y-65.5238
G1 X31.0397 Y-67.5476
G1 X29.2857 Y-68.7619
G1 X24.6984 Y-67.8175
G1 X23.8889 Y-66.6032
G1 Z0.0000 F8000.0
G0 X23.8815 Y-69.8694 F15000.0
G1 Z11.9000 F8000.0
G1 X28.6001 Y-74.6335 F12000.0
G1 Z0.0000 F8000.0
G0 X27.1200 Y-73.0144 F15000.0
G1 Z11.9000 F8000.0
G1 X19.1005 Y-69.2219 F12000.0
G1 Z0.0000 F8000.0
G0 X21.6863 Y-69.6578 F15000.0
G1 Z11.9000 F8000.0
G1 X13.9717 Y-73.4150 F12000.0
G1 Z0.0000 F8000.0
G0 X16.9371 Y-73.9326 F15000.0
G1 Z11.9000 F8000.0
G1 X25.9172 Y-73.5149 F12000.0
G1 Z0.0000 F8000.0
G0 X24.9067 Y-73.7652 F15000.0
G1 Z11.9000 F8000.0
G1 X33.8817 Y-73.6338 F12000.0
G1 Z0.0000 F8000.0
G0 X30.9757 Y-74.2056 F15000.0
G1 Z11.9000 F8000.0
G1 X21.9825 Y-73.9011 F12000.0
G1 Z0.0000 F8000.0
G0 X22.8062 Y-78.2551 F15000.0
G1 Z11.9000 F8000.0
G1 X30.2049 Y-79.4677 F12000.0
G1 Z0.0000 F8000.0
G0 X28.6450 Y-79.4400 F15000.0
G1 Z11.9000 F8000.0
G1 X19.6821 Y-78.6803 F12000.0
G1 Z0.0000 F8000.0
G0 X20.9304 Y-79.8692 F15000.0
G1 Z11.9000 F8000.0
G1 X12.1762 Y-77.8257 F12000.0
G1 Z0.0000 F8000.0
G0 X16.8520 Y-77.9095 F15000.0
G1 Z11.9000 F8000.0
G1 X21.1810 Y-82.0605 F12000.0
G1 Z0.0000 F8000.0
G0 X17.9050 Y-78.5145 F15000.0
G1 Z11.9000 F8000.0
G1 X25.3905 Y-78.9757 F12000.0
G1 Z0.0000 F8000.0
G0 X28.0092 Y-79.5858 F15000.0
G1 Z11.9000 F8000.0
G1 X35.4207 Y-78.5168 F12000.0
G1 Z0.0000 F8000.0
G0 X37.9206 Y-79.0159 F15000.0
G1 Z11.9000 F8000.0
G1 X38.3254 Y-80.2302 F12000.0
G1 X34.8175 Y-82.6587
G1 X27.5317 Y-84.1429
G1 X35.3571 Y-82.6587
G1 X38.7302 Y-80.3651
G1 X37.9206 Y-79.5556
G1 Z0.0000 F8000.0
G0 X35.2222 Y-83.3333 F15000.0
G1 Z11.9000 F8000.0
G1 X36.0317 Y-84.1429 F12000.0
G1 X31.7143 Y-87.9206
G1 X31.1746 Y-85.2222
G1 X35.2222 Y-83.3333
G1 Z0.0000 F8000.0
G0 X37.0136 Y-86.2837 F15000.0
G1 Z11.9000 F8000.0
G1 X31.4696 Y-91.2986 F12000.0
G1 Z0.0000 F8000.0
G0 X34.5619 Y-90.5700 F15000.0
G1 Z11.9000 F8000.0
G1 X41.8125 Y-91.6456 F12000.0
G1 Z0.0000 F8000.0
G0 X43.8904 Y-90.0743 F15000.0
G1 Z11.9000 F8000.0
G1 X36.9076 Y-92.5516 F12000.0
G1 Z0.0000 F8000.0
G0 X33.3759 Y-95.1007 F15000.0
G1 Z11.9000 F8000.0
G1 X34.6741 Y-88.2803 F12000.0
G1 Z0.0000 F8000.0
G0 X27.6578 Y-88.9246 F15000.0
G1 Z11.9000 F8000.0
G1 X20.2348 Y-88.5188 F12000.0
G1 Z0.0000 F8000.0
G0 X21.2792 Y-88.1451 F15000.0
G1 Z11.9000 F8000.0
G1 X28.3938 Y-83.1178 F12000.0
G1 Z0.0000 F8000.0
G0 X25.3375 Y-89.8212 F15000.0
G1 Z11.9000 F8000.0
G1 X17.9875 Y-88.3406 F12000.0
G1 Z0.0000 F8000.0
G0 X16.4584 Y-91.9689 F15000.0
G1 Z11.9000 F8000.0
G1 X23.9351 Y-91.9183 F12000.0
G1 Z0.0000 F8000.0
G0 X24.2998 Y-96.5814 F15000.0
G1 Z11.9000 F8000.0
G1 X31.7201 Y-97.5306 F12000.0
G1 Z0.0000 F8000.0
G0 X28.0315 Y-98.7639 F15000.0
G1 Z11.9000 F8000.0
G1 X35.4270 Y-99.9221 F12000.0
G1 Z0.0000 F8000.0
G0 X40.8855 Y-99.8525 F15000.0
G1 Z11.9000 F8000.0
G1 X48.2537 Y-98.4588 F12000.0
G1 Z0.0000 F8000.0
G0 X49.0226 Y-105.7786 F15000.0
G1 Z11.9000 F8000.0
G1 X57.6776 Y-108.2296 F12000.0
G1 Z0.0000 F8000.0
G0 X53.0868 Y-111.5473 F15000.0
G1 Z11.9000 F8000.0
G1 X45.1754 Y-115.5194 F12000.0
G1 Z0.0000 F8000.0
G0 X42.7886 Y-115.1117 F15000.0
G1 Z11.9000 F8000.0
G1 X38.3514 Y-120.7452 F12000.0
G1 Z0.0000 F8000.0
G0 X39.0192 Y-119.1930 F15000.0
G1 Z11.9000 F8000.0
G1 X37.0619 Y-126.9612 F12000.0
G1 Z0.0000 F8000.0
G0 X37.7543 Y-128.4038 F15000.0
G1 Z11.9000 F8000.0
G1 X44.8901 Y-125.1027 F12000.0
G1 Z0.0000 F8000.0
G0 X43.7118 Y-126.0939 F15000.0
G1 Z11.9000 F8000.0
G1 X45.6124 Y-136.0875 F12000.0
G1 Z0.0000 F8000.0
G0 X44.0796 Y-133.5825 F15000.0
G1 Z11.9000 F8000.0
G1 X34.5804 Y-130.1813 F12000.0
G1 Z0.0000 F8000.0
G0 X34.0559 Y-131.1595 F15000.0
G1 Z11.9000 F8000.0
G1 X32.7315 Y-122.3779 F12000.0
G1 Z0.0000 F8000.0
G0 X33.1156 Y-122.2692 F15000.0
G1 Z11.9000 F8000.0
G1 X25.5525 Y-118.3048 F12000.0
G1 Z0.0000 F8000.0
G0 X25.8688 Y-118.4966 F15000.0
G1 Z11.9000 F8000.0
G1 X16.8140 Y-121.6142 F12000.0
G1 Z0.0000 F8000.0
G0 X17.5242 Y-121.6705 F15000.0
G1 Z11.9000 F8000.0
G1 X10.1377 Y-116.7877 F12000.0
G1 Z0.0000 F8000.0
G0 X12.0159 Y-116.2540 F15000.0
G1 Z11.9000 F8000.0
G1 X14.7143 Y-119.7619 F12000.0
G1 X15.7937 Y-124.4841
G1 X25.6429 Y-125.5635
G1 X26.3175 Y-124.2143
G1 X25.7778 Y-125.0238
G1 X18.6270 Y-125.0238
G1 X15.9286 Y-124.0794
G1 X14.1746 Y-118.0079
G1 X12.5556 Y-116.7937
G1 Z0.0000 F8000.0
G0 X12.1980 Y-116.1678 F15000.0
G1 Z11.9000 F8000.0
G1 X5.6525 Y-117.6141 F12000.0
G1 Z0.0000 F8000.0
G0 X6.1213 Y-117.4036 F15000.0
G1 Z11.9000 F8000.0
G1 X11.6936 Y-111.1208 F12000.0
G1 Z0.0000 F8000.0
G0 X10.3287 Y-110.4403 F15000.0
G1 Z11.9000 F8000.0
G1 X5.5040 Y-113.7183 F12000.0
G1 Z0.0000 F8000.0
G0 X5.3566 Y-113.7661 F15000.0
G1 Z11.9000 F8000.0
G1 X9.7330 Y-106.9389 F12000.0
G1 Z0.0000 F8000.0
G0 X9.8625 Y-107.0175 F15000.0
G1 Z11.9000 F8000.0
G1 X20.2222 Y-107.9069 F12000.0
G1 Z0.0000 F8000.0
G0 X20.9578 Y-107.2708 F15000.0
G1 Z11.9000 F8000.0
G1 X29.8880 Y-106.9013 F12000.0
G1 Z0.0000 F8000.0
G0 X31.0776 Y-106.9595 F15000.0
G1 Z11.9000 F8000.0
G1 X40.0593 Y-106.6554 F12000.0
G1 Z0.0000 F8000.0
G0 X38.2442 Y-111.1083 F15000.0
G1 Z11.9000 F8000.0
G1 X42.8444 Y-120.3521 F12000.0
G1 Z0.0000 F8000.0
G0 X44.6378 Y-120.6760 F15000.0
G1 Z11.9000 F8000.0
G1 X53.6797 Y-122.7437 F12000.0
G1 Z0.0000 F8000.0
G0 X54.6673 Y-119.5053 F15000.0
G1 Z11.9000 F8000.0
G1 X58.2636 Y-130.6898 F12000.0
G1 Z0.0000 F8000.0
G0 X55.1038 Y-130.9563 F15000.0
G1 Z11.9000 F8000.0
G1 X49.8206 Y-136.7632 F12000.0
G1 Z0.0000 F8000.0
G0 X53.5590 Y-135.5508 F15000.0
G1 Z11.9000 F8000.0
G1 X55.6878 Y-125.9563 F12000.0
G1 Z0.0000 F8000.0
G0 X57.9914 Y-124.7839 F15000.0
G1 Z11.9000 F8000.0
G1 X63.3824 Y-117.5248 F12000.0
G1 Z0.0000 F8000.0
G0 X60.2901 Y-118.8986 F15000.0
G1 Z11.9000 F8000.0
G1 X52.3685 Y-112.0187 F12000.0
G1 Z0.0000 F8000.0
G0 X51.8055 Y-112.9409 F15000.0
G1 Z11.9000 F8000.0
G1 X45.1986 Y-118.5453 F12000.0
G1 Z0.0000 F8000.0
G0 X43.7633 Y-118.7086 F15000.0
G1 Z11.9000 F8000.0
G1 X53.8436 Y-116.2775 F12000.0
G1 Z0.0000 F8000.0
G0 X54.5105 Y-116.7443 F15000.0
G1 Z11.9000 F8000.0
G1 X47.5455 Y-108.9308 F12000.0
G1 Z0.0000 F8000.0
G0 X46.4152 Y-107.9016 F15000.0
G1 Z11.9000 F8000.0
G1 X52.6910 Y-114.3218 F12000.0
G1 Z0.0000 F8000.0
G0 X56.3227 Y-113.8103 F15000.0
G1 Z11.9000 F8000.0
G1 X63.6815 Y-121.2987 F12000.0
G1 Z0.0000 F8000.0
G0 X67.4248 Y-122.6059 F15000.0
G1 Z11.9000 F8000.0
G1 X56.5236 Y-118.2513 F12000.0
G1 Z0.0000 F8000.0
G0 X58.7397 Y-122.6955 F15000.0
G1 Z11.9000 F8000.0
G1 X50.7215 Y-118.8480 F12000.0
G1 Z0.0000 F8000.0
G0 X50.4212 Y-120.1614 F15000.0
G1 Z11.9000 F8000.0
G1 X53.2778 Y-130.1840 F12000.0
G1 Z0.0000 F8000.0
G0 X53.9281 Y-130.1949 F15000.0
G1 Z11.9000 F8000.0
G1 X63.5017 Y-133.5155 F12000.0
G1 Z0.0000 F8000.0
G0 X64.3227 Y-135.1906 F15000.0
G1 Z11.9000 F8000.0
G1 X73.2017 Y-129.6221 F12000.0
G1 Z0.0000 F8000.0
G0 X72.8248 Y-128.4360 F15000.0
G1 Z11.9000 F8000.0
G1 X77.2406 Y-138.5414 F12000.0
G1 Z0.0000 F8000.0
G0 X79.5421 Y-138.6260 F15000.0
G1 Z11.9000 F8000.0
G1 X70.2355 Y-131.4622 F12000.0
G1 Z0.0000 F8000.0
G0 X68.3564 Y-132.7738 F15000.0
G1 Z11.9000 F8000.0
G1 X77.5812 Y-127.9690 F12000.0
G1 Z0.0000 F8000.0
G0 X79.3130 Y-128.2259 F15000.0
G1 Z11.9000 F8000.0
G1 X75.5310 Y-120.6431 F12000.0
G1 Z0.0000 F8000.0
G0 X74.5093 Y-121.1974 F15000.0
G1 Z11.9000 F8000.0
G1 X66.5551 Y-114.8032 F12000.0
G1 Z0.0000 F8000.0
G0 X69.0787 Y-120.3320 F15000.0
G1 Z11.9000 F8000.0
G1 X61.6901 Y-127.6449 F12000.0
G1 Z0.0000 F8000.0
G0 X59.4797 Y-123.1731 F15000.0
G1 Z11.9000 F8000.0
G1 X54.1424 Y-129.7890 F12000.0
G1 Z0.0000 F8000.0
G0 X53.9918 Y-132.5411 F15000.0
G1 Z11.9000 F8000.0
G1 X45.7803 Y-126.4143 F12000.0
G1 Z0.0000 F8000.0
G0 X48.1002 Y-128.0581 F15000.0
G1 Z11.9000 F8000.0
G1 X39.3148 Y-126.2060 F12000.0
G1 Z0.0000 F8000.0
G0 X39.4496 Y-124.6612 F15000.0
G1 Z11.9000 F8000.0
G1 X32.0399 Y-133.1561 F12000.0
G1 Z0.0000 F8000.0
G0 X30.3443 Y-134.3357 F15000.0
G1 Z11.9000 F8000.0
G1 X21.7315 Y-128.9953 F12000.0
G1 Z0.0000 F8000.0
G0 X21.7236 Y-129.4275 F15000.0
G1 Z11.9000 F8000.0
G1 X11.5086 Y-129.7944 F12000.0
G1 Z0.0000 F8000.0
G0 X13.3150 Y-129.4703 F15000.0
G1 Z11.9000 F8000.0
G1 X6.7605 Y-133.0334 F12000.0
G1 Z0.0000 F8000.0
G0 X10.3542 Y-132.2303 F15000.0
G1 Z11.9000 F8000.0
G1 X16.4402 Y-138.6930 F12000.0
G1 Z0.0000 F8000.0
G0 X16.4924 Y-139.5328 F15000.0
G1 Z11.9000 F8000.0
G1 X24.2693 Y-136.0293 F12000.0
G1 Z0.0000 F8000.0
G0 X24.5242 Y-136.2142 F15000.0
G1 Z11.9000 F8000.0
G1 X17.3549 Y-138.0264 F12000.0
G1 Z0.0000 F8000.0
G0 X15.5760 Y-137.5369 F15000.0
G1 Z11.9000 F8000.0
G1 X16.4765 Y-144.4360 F12000.0
G1 Z0.0000 F8000.0
G0 X15.2238 Y-148.3568 F15000.0
G1 Z11.9000 F8000.0
G1 X13.3887 Y-140.6427 F12000.0
G1 Z0.0000 F8000.0
G0 X12.5242 Y-140.5850 F15000.0
G1 Z11.9000 F8000.0
G1 X11.1814 Y-133.7786 F12000.0
G1 Z0.0000 F8000.0
G0 X13.2455 Y-134.1717 F15000.0
G1 Z11.9000 F8000.0
G1 X20.2047 Y-131.5305 F12000.0
G1 Z0.0000 F8000.0
G0 X20.1275 Y-132.2713 F15000.0
G1 Z11.9000 F8000.0
G1 X26.3306 Y-125.9210 F12000.0
G1 Z0.0000 F8000.0
G0 X26.5873 Y-127.0476 F15000.0
G1 Z11.9000 F8000.0
G1 X23.7540 Y-128.6667 F12000.0
G1 X23.0794 Y-130.0159
G1 X23.6190 Y-131.6349
G1 X24.8333 Y-132.5794
G1 X44.5317 Y-137.9762
G1 X62.0714 Y-143.6429
G1 X81.9048 Y-147.5556
G1 X86.3571 Y-145.1270
G1 X89.8651 Y-144.8571
G1 X83.7937 Y-145.9365
G1 X81.7698 Y-147.5556
G1 X80.1508 Y-146.7460
G1 X80.2857 Y-146.3413
G1 X78.9365 Y-147.2857
G1 X55.8651 Y-141.8889
G1 X27.1270 Y-133.2540
G1 X24.0238 Y-131.7698
G1 X23.2143 Y-130.4206
G1 X23.6190 Y-129.2063
G1 X26.0476 Y-127.5873
G1 Z0.0000 F8000.0
G0 X25.1789 Y-125.7632 F15000.0
G1 Z11.9000 F8000.0
G1 X18.6817 Y-129.2591 F12000.0
G1 Z0.0000 F8000.0
G0 X17.8646 Y-129.8229 F15000.0
G1 Z11.9000 F8000.0
G1 X14.3768 Y-122.0745 F12000.0
G1 Z0.0000 F8000.0
G0 X13.1154 Y-122.3058 F15000.0
G1 Z11.9000 F8000.0
G1 X19.2680 Y-115.8225 F12000.0
G1 Z0.0000 F8000.0
G0 X18.4315 Y-116.8746 F15000.0
G1 Z11.9000 F8000.0
G1 X11.5337 Y-108.9784 F12000.0
G1 Z0.0000 F8000.0
G0 X12.7401 Y-108.8787 F15000.0
G1 Z11.9000 F8000.0
G1 X18.9536 Y-104.8052 F12000.0
G1 Z0.0000 F8000.0
G0 X20.1111 Y-102.2222 F15000.0
G1 Z11.9000 F8000.0
G1 X22.0000 Y-101.1429 F12000.0
G1 X24.8333 Y-101.5476
G1 X25.7778 Y-103.0317
G1 X22.5397 Y-103.8413
G1 X20.1111 Y-102.2222
G1 Z0.0000 F8000.0
G0 X14.7143 Y-102.2222 F15000.0
G1 Z11.9000 F8000.0
G1 X15.7937 Y-102.6270 F12000.0
G1 X11.7460 Y-103.0317
G1 X11.2063 Y-103.7063
G1 X11.7460 Y-104.5159
G1 X15.6587 Y-104.5159
G1 X17.1429 Y-103.8413
G1 X17.6825 Y-102.7619
G1 X23.8889 Y-104.2460
G1 X26.0476 Y-103.9762
G1 X27.8016 Y-104.5159
G1 X33.1984 Y-108.0238
G1 X28.3413 Y-105.4603
G1 X27.5317 Y-104.3810
G1 X21.4603 Y-103.9762
G1 X18.6270 Y-102.8968
G1 X16.3333 Y-104.6508
G1 X12.6905 Y-105.1905
G1 X10.6667 Y-104.5159
G1 X8.5079 Y-104.7857
G1 X10.2619 Y-104.3810
G1 X12.1508 Y-102.6270
G1 X14.1746 Y-102.2222
G1 Z0.0000 F8000.0
G0 X10.0116 Y-104.4107 F15000.0
G1 Z11.9000 F8000.0
G1 X17.4431 Y-109.1939 F12000.0
G1 Z0.0000 F8000.0
G0 X18.3532 Y-109.9825 F15000.0
G1 Z11.9000 F8000.0
G1 X10.1425 Y-113.1057 F12000.0
G1 Z0.0000 F8000.0
G0 X11.6389 Y-114.9486 F15000.0
G1 Z11.9000 F8000.0
G1 X15.9599 Y-124.4530 F12000.0
G1 Z0.0000 F8000.0
G0 X15.6800 Y-125.9757 F15000.0
G1 Z11.9000 F8000.0
G1 X24.5363 Y-120.3800 F12000.0
G1 Z0.0000 F8000.0
G0 X21.7669 Y-119.4825 F15000.0
G1 Z11.9000 F8000.0
G1 X14.8290 Y-111.6390 F12000.0
G1 Z0.0000 F8000.0
G0 X14.9325 Y-111.1629 F15000.0
G1 Z11.9000 F8000.0
G1 X25.2992 Y-112.8041 F12000.0
G1 Z0.0000 F8000.0
G0 X25.3881 Y-111.4487 F15000.0
G1 Z11.9000 F8000.0
G1 X35.6955 Y-113.0645 F12000.0
G1 Z0.0000 F8000.0
G0 X34.2487 Y-110.1135 F15000.0
G1 Z11.9000 F8000.0
G1 X44.7099 Y-109.2122 F12000.0
G1 Z0.0000 F8000.0
G0 X48.2674 Y-110.6000 F15000.0
G1 Z11.9000 F8000.0
G1 X47.3522 Y-119.2497 F12000.0
G1 Z0.0000 F8000.0
G0 X49.2540 Y-118.9524 F15000.0
G1 Z11.9000 F8000.0
G1 X51.5476 Y-121.5159 F12000.0
G1 X53.5714 Y-127.0476
G1 X54.2460 Y-132.7143
G1 X52.2222 Y-133.2540
G1 X49.5238 Y-131.7698
G1 X47.5000 Y-128.6667
G1 X43.8571 Y-124.8889
G1 X43.8571 Y-123.8095
G1 X49.2540 Y-118.9524
G1 Z0.0000 F8000.0
G0 X47.0374 Y-121.2171 F15000.0
G1 Z11.9000 F8000.0
G1 X41.9790 Y-129.4152 F12000.0
G1 Z0.0000 F8000.0
G0 X41.4064 Y-128.3698 F15000.0
G1 Z11.9000 F8000.0
G1 X31.3088 Y-128.9968 F12000.0
G1 Z0.0000 F8000.0
G0 X30.3262 Y-129.0609 F15000.0
G1 Z11.9000 F8000.0
G1 X20.5722 Y-123.9328 F12000.0
G1 Z0.0000 F8000.0
G0 X20.4843 Y-124.9745 F15000.0
G1 Z11.9000 F8000.0
G1 X23.1501 Y-117.5297 F12000.0
G1 Z0.0000 F8000.0
G0 X24.2482 Y-115.7867 F15000.0
G1 Z11.9000 F8000.0
G1 X14.0209 Y-113.4494 F12000.0
G1 Z0.0000 F8000.0
G0 X15.9378 Y-113.8826 F15000.0
G1 Z11.9000 F8000.0
G1 X6.8881 Y-108.9418 F12000.0
G1 Z0.0000 F8000.0
G0 X10.0767 Y-107.1952 F15000.0
G1 Z11.9000 F8000.0
G1 X17.1391 Y-114.8443 F12000.0
G1 Z0.0000 F8000.0
G0 X21.6454 Y-114.8349 F15000.0
G1 Z11.9000 F8000.0
G1 X32.0798 Y-114.5995 F12000.0
G1 Z0.0000 F8000.0
G0 X30.7576 Y-115.9758 F15000.0
G1 Z11.9000 F8000.0
G1 X34.1926 Y-124.9671 F12000.0
G1 Z0.0000 F8000.0
G0 X33.3847 Y-126.1995 F15000.0
G1 Z11.9000 F8000.0
G1 X40.3145 Y-121.6104 F12000.0
G1 Z0.0000 F8000.0
G0 X41.3374 Y-121.8312 F15000.0
G1 Z11.9000 F8000.0
G1 X46.5269 Y-132.3565 F12000.0
G1 Z0.0000 F8000.0
G0 X44.8074 Y-131.6437 F15000.0
G1 Z11.9000 F8000.0
G1 X35.6350 Y-129.3354 F12000.0
G1 Z0.0000 F8000.0
G0 X34.9280 Y-128.1615 F15000.0
G1 Z11.9000 F8000.0
G1 X28.3610 Y-120.5715 F12000.0
G1 Z0.0000 F8000.0
G0 X29.0207 Y-121.4893 F15000.0
G1 Z11.9000 F8000.0
G1 X21.8562 Y-115.0138 F12000.0
G1 Z0.0000 F8000.0
G0 X21.5428 Y-110.8239 F15000.0
G1 Z11.9000 F8000.0
G1 X31.7479 Y-109.2588 F12000.0
G1 Z0.0000 F8000.0
G0 X31.8699 Y-109.2036 F15000.0
G1 Z11.9000 F8000.0
G1 X28.3700 Y-104.3365 F12000.0
G1 Z0.0000 F8000.0
G0 X26.8778 Y-104.9898 F15000.0
G1 Z11.9000 F8000.0
G1 X20.7774 Y-109.3188 F12000.0
G1 Z0.0000 F8000.0
G0 X22.3206 Y-107.9582 F15000.0
G1 Z11.9000 F8000.0
G1 X15.2599 Y-110.4812 F12000.0
G1 Z0.0000 F8000.0
G0 X14.1149 Y-118.4837 F15000.0
G1 Z11.9000 F8000.0
G1 X5.2414 Y-122.7524 F12000.0
G1 Z0.0000 F8000.0
G0 X8.0182 Y-123.7523 F15000.0
G1 Z11.9000 F8000.0
G1 X15.9381 Y-120.3839 F12000.0
G1 Z0.0000 F8000.0
G0 X15.8187 Y-120.0798 F15000.0
G1 Z11.9000 F8000.0
G1 X22.1635 Y-128.1241 F12000.0
G1 Z0.0000 F8000.0
G0 X22.2753 Y-127.1022 F15000.0
G1 Z11.9000 F8000.0
G1 X13.4282 Y-128.1213 F12000.0
G1 Z0.0000 F8000.0
G0 X15.3388 Y-126.4951 F15000.0
G1 Z11.9000 F8000.0
G1 X23.9210 Y-130.8464 F12000.0
G1 Z0.0000 F8000.0
G0 X22.1165 Y-133.7171 F15000.0
G1 Z11.9000 F8000.0
G1 X13.3668 Y-131.7535 F12000.0
G1 Z0.0000 F8000.0
G0 X18.0000 Y-132.9865 F15000.0
G1 Z11.9000 F8000.0
G1 X19.5407 Y-124.6939 F12000.0
G1 Z0.0000 F8000.0
G0 X19.8471 Y-122.8680 F15000.0
G1 Z11.9000 F8000.0
G1 X29.6189 Y-122.5486 F12000.0
G1 Z0.0000 F8000.0
G0 X28.8500 Y-122.6720 F15000.0
G1 Z11.9000 F8000.0
G1 X36.9773 Y-129.8172 F12000.0
G1 Z0.0000 F8000.0
G0 X33.8109 Y-128.4195 F15000.0
G1 Z11.9000 F8000.0
G1 X26.4920 Y-124.2520 F12000.0
G1 Z0.0000 F8000.0
G0 X27.4247 Y-124.0907 F15000.0
G1 Z11.9000 F8000.0
G1 X29.3583 Y-134.5250 F12000.0
G1 Z0.0000 F8000.0
G0 X29.3921 Y-133.9207 F15000.0
G1 Z11.9000 F8000.0
G1 X39.5483 Y-136.5447 F12000.0
G1 Z0.0000 F8000.0
G0 X38.6168 Y-134.2684 F15000.0
G1 Z11.9000 F8000.0
G1 X45.9951 Y-129.5775 F12000.0
G1 Z0.0000 F8000.0
G0 X44.5185 Y-131.6009 F15000.0
G1 Z11.9000 F8000.0
G1 X45.9893 Y-121.7148 F12000.0
G1 Z0.0000 F8000.0
G0 X41.5956 Y-122.1425 F15000.0
G1 Z11.9000 F8000.0
G1 X39.5820 Y-112.8688 F12000.0
G1 Z0.0000 F8000.0
G0 X35.9306 Y-109.6970 F15000.0
G1 Z11.9000 F8000.0
G1 X43.1563 Y-117.1813 F12000.0
G1 Z0.0000 F8000.0
G0 X35.0805 Y-119.4184 F15000.0
G1 Z11.9000 F8000.0
G1 X28.9455 Y-110.9857 F12000.0
G1 Z0.0000 F8000.0
G0 X26.5049 Y-116.8036 F15000.0
G1 Z11.9000 F8000.0
G1 X17.1510 Y-120.8264 F12000.0
G1 Z0.0000 F8000.0
G0 X15.6572 Y-126.5112 F15000.0
G1 Z11.9000 F8000.0
G1 X8.2768 Y-121.6263 F12000.0
G1 Z0.0000 F8000.0
G0 X8.6529 Y-123.1539 F15000.0
G1 Z11.9000 F8000.0
G1 X6.7656 Y-113.1418 F12000.0
G1 Z0.0000 F8000.0
G0 X5.6427 Y-99.3980 F15000.0
G1 Z11.9000 F8000.0
G1 X10.1400 Y-99.2432 F12000.0
G1 Z0.0000 F8000.0
G0 X9.9285 Y-84.3185 F15000.0
G1 Z11.9000 F8000.0
G1 X5.4648 Y-83.7605 F12000.0
G1 Z0.0000 F8000.0
G0 X5.5397 Y-82.2540 F15000.0
G1 Z11.9000 F8000.0
G1 X7.9683 Y-83.3333 F12000.0
G1 X10.8016 Y-83.7381
G1 X12.4206 Y-84.8175
G1 X13.7698 Y-84.6825
G1 X21.1905 Y-88.1905
G1 X24.0238 Y-88.5952
G1 X17.2778 Y-87.1111
G1 X13.0952 Y-84.8175
G1 X12.4206 Y-85.3571
G1 X12.4206 Y-88.4603
G1 X14.8492 Y-88.8651
G1 X9.9921 Y-88.8651
G1 X11.4762 Y-88.3254
G1 X12.0159 Y-85.7619
G1 X10.8016 Y-83.7381
G1 X5.0000 Y-82.2540
G1 Z0.0000 F8000.0
G0 X5.5040 Y-81.2573 F15000.0
G1 Z11.9000 F8000.0
G1 X14.4119 Y-82.2342 F12000.0
G1 Z0.0000 F8000.0
G0 X14.9566 Y-84.0038 F15000.0
G1 Z11.9000 F8000.0
G1 X7.4885 Y-84.2233 F12000.0
G1 Z0.0000 F8000.0
G0 X5.0000 Y-77.3968 F15000.0
G1 Z11.9000 F8000.0
G1 X5.0000 Y-81.4444 F12000.0
G1 X5.9444 Y-83.0635
G1 X9.8571 Y-83.7381
G1 X12.0159 Y-83.4683
G1 X14.5794 Y-84.4127
G1 X19.7063 Y-87.6508
G1 X25.6429 Y-88.4603
G1 X28.0714 Y-86.8413
G1 X27.9365 Y-84.1429
G1 X35.8968 Y-81.1746
G1 X36.7063 Y-80.3651
G1 X35.4921 Y-79.6905
G1 X22.1349 Y-79.6905
G1 X17.5476 Y-79.1508
G1 X13.3651 Y-78.0714
G1 X8.9127 Y-78.2063
G1 X5.0000 Y-77.3968
G1 Z0.0000 F8000.0
G0 X5.7795 Y-71.6547 F15000.0
G1 Z11.9000 F8000.0
G1 X14.6143 Y-70.3591 F12000.0
G1 Z0.0000 F8000.0
G0 X10.1887 Y-65.8387 F15000.0
G1 Z11.9000 F8000.0
G1 X5.4993 Y-63.5100 F12000.0
G1 Z0.0000 F8000.0
G0 X5.7007 Y-65.3241 F15000.0
G1 Z11.9000 F8000.0
G1 X12.7258 Y-61.0596 F12000.0
G1 Z0.0000 F8000.0
G0 X13.3696 Y-62.8962 F15000.0
G1 Z11.9000 F8000.0
G1 X7.5956 Y-69.6703 F12000.0
G1 Z0.0000 F8000.0
G0 X9.6010 Y-60.2666 F15000.0
G1 Z11.9000 F8000.0
G1 X17.9275 Y-56.9035 F12000.0
G1 Z0.0000 F8000.0
G0 X18.5903 Y-55.7743 F15000.0
G1 Z11.9000 F8000.0
G1 X10.0493 Y-50.0974 F12000.0
G1 Z0.0000 F8000.0
G0 X11.9524 Y-51.1707 F15000.0
G1 Z11.9000 F8000.0
G1 X8.7806 Y-59.2500 F12000.0
G1 Z0.0000 F8000.0
G0 X10.5926 Y-59.2650 F15000.0
G1 Z11.9000 F8000.0
G1 X5.3829 Y-58.6210 F12000.0
G1 Z0.0000 F8000.0
G0 X8.1930 Y-56.1658 F15000.0
G1 Z11.9000 F8000.0
G1 X5.8099 Y-46.1597 F12000.0
G1 Z0.0000 F8000.0
G0 X5.2775 Y-44.0608 F15000.0
G1 Z11.9000 F8000.0
G1 X8.6150 Y-41.0434 F12000.0
G1 Z0.0000 F8000.0
G0 X10.9193 Y-42.6907 F15000.0
G1 Z11.9000 F8000.0
G1 X5.7168 Y-43.3720 F12000.0
G1 Z0.0000 F8000.0
G0 X10.5089 Y-45.3638 F15000.0
G1 Z11.9000 F8000.0
G1 X17.3494 Y-51.0553 F12000.0
G1 Z0.0000 F8000.0
G0 X17.8723 Y-51.1998 F15000.0
G1 Z11.9000 F8000.0
G1 X24.1337 Y-55.1611 F12000.0
G1 Z0.0000 F8000.0
G0 X22.2949 Y-57.6662 F15000.0
G1 Z11.9000 F8000.0
G1 X31.1475 Y-59.1636 F12000.0
G1 Z0.0000 F8000.0
G0 X31.9841 Y-60.1270 F15000.0
G1 Z11.9000 F8000.0
G1 X30.7698 Y-61.3413 F12000.0
G1 X22.5397 Y-60.9365
G1 X18.2222 Y-62.1508
G1 X22.0000 Y-61.8810
G1 X23.8889 Y-60.6667
G1 X30.7698 Y-61.4762
G1 X31.9841 Y-60.6667
G1 Z0.0000 F8000.0
G0 X31.6386 Y-61.8374 F15000.0
G1 Z11.9000 F8000.0
G1 X35.5813 Y-54.0933 F12000.0
G1 Z0.0000 F8000.0
G0 X35.5847 Y-56.8300 F15000.0
G1 Z11.9000 F8000.0
G1 X28.3131 Y-55.5480 F12000.0
G1 Z0.0000 F8000.0
G0 X29.8397 Y-56.8429 F15000.0
G1 Z11.9000 F8000.0
G1 X25.6950 Y-49.5124 F12000.0
G1 Z0.0000 F8000.0
G0 X20.7434 Y-53.1760 F15000.0
G1 Z11.9000 F8000.0
G1 X13.2837 Y-49.7806 F12000.0
G1 Z0.0000 F8000.0
G0 X18.8437 Y-43.1767 F15000.0
G1 Z11.9000 F8000.0
G1 X26.0721 Y-38.4294 F12000.0
G1 Z0.0000 F8000.0
G0 X25.4402 Y-37.9632 F15000.0
G1 Z11.9000 F8000.0
G1 X30.3383 Y-45.1874 F12000.0
G1 Z0.0000 F8000.0
G0 X24.6945 Y-35.5872 F15000.0
G1 Z11.9000 F8000.0
G1 X16.0846 Y-37.1424 F12000.0
G1 Z0.0000 F8000.0
G0 X14.3456 Y-36.5790 F15000.0
G1 Z11.9000 F8000.0
G1 X13.3435 Y-29.1509 F12000.0
G1 Z0.0000 F8000.0
G0 X15.7937 Y-29.9048 F15000.0
G1 Z11.9000 F8000.0
G1 X15.5238 Y-31.9286 F12000.0
G1 X16.7381 Y-35.5714
G1 X15.2540 Y-38.4048
G1 X13.0952 Y-39.4841
G1 X6.8889 Y-38.8095
G1 X5.0000 Y-47.0397
G1 X5.0000 Y-64.0397
G1 X6.0794 Y-72.4048
G1 X9.8571 Y-72.2698
G1 X12.5556 Y-72.9444
G1 X16.3333 Y-72.8095
G1 X30.0952 Y-73.4841
G1 X32.1190 Y-72.6746
G1 X31.3095 Y-70.7857
G1 X30.0952 Y-69.8413
G1 X21.8651 Y-70.5159
G1 X18.3571 Y-69.5714
G1 X12.8254 Y-70.1111
G1 X12.2857 Y-69.5714
G1 X15.9286 Y-62.2857
G1 X17.2778 Y-61.2063
G1 X24.0238 Y-60.6667
G1 X26.9921 Y-61.2063
G1 X30.7698 Y-62.6905
G1 X34.1429 Y-62.5556
G1 X36.0317 Y-63.0952
G1 X38.3254 Y-57.1587
G1 X38.1905 Y-54.4603
G1 X49.1190 Y-53.2460
G1 X47.5000 Y-48.2540
G1 X43.5873 Y-43.2619
G1 X37.5159 Y-38.0000
G1 X23.7540 Y-34.8968
G1 X22.4048 Y-35.1667
G1 X15.7937 Y-29.9048
G1 Z0.0000 F8000.0
G0 X19.0317 Y-27.2063 F15000.0
G1 Z11.9000 F8000.0
G1 X18.2222 Y-29.5000 F12000.0
G1 X24.2937 Y-29.6349
G1 X25.1032 Y-29.0952
G1 X27.9365 Y-30.4444
G1 X28.0714 Y-31.5238
G1 X24.1587 Y-35.3016
G1 X22.9444 Y-33.9524
G1 X21.3254 Y-34.2222
G1 X20.3810 Y-33.1429
G1 X21.8651 Y-34.8968
G1 X28.4762 Y-35.1667
G1 X31.1746 Y-35.9762
G1 X33.3333 Y-35.7063
G1 X36.9762 Y-33.6825
G1 X38.3254 Y-34.8968
G1 X37.2460 Y-33.6825
G1 X34.5476 Y-34.3571
G1 X31.9841 Y-36.1111
G1 X27.2619 Y-34.8968
G1 X26.4524 Y-34.0873
G1 X28.6111 Y-30.7143
G1 X26.4524 Y-28.5556
G1 X25.6429 Y-29.2302
G1 X19.9762 Y-29.9048
G1 X18.8968 Y-29.5000
G1 X18.7619 Y-28.0159
G1 X19.5714 Y-27.2063
G1 Z0.0000 F8000.0
G0 X26.8323 Y-29.5680 F15000.0
G1 Z11.9000 F8000.0
G1 X28.3078 Y-31.2647 F12000.0
G1 Z0.0000 F8000.0
G0 X35.7619 Y-27.2063 F15000.0
G1 Z11.9000 F8000.0
G1 X37.1111 Y-28.6905 F12000.0
G1 X38.5952 Y-28.9603
G1 X41.1587 Y-30.7143
G1 X42.6429 Y-30.3095
G1 X41.9683 Y-33.4127
G1 X43.0476 Y-33.6825
G1 X45.4762 Y-31.2540
G1 X43.8571 Y-29.2302
G1 X46.1508 Y-30.1746
G1 X50.3333 Y-30.3095
G1 X48.7143 Y-29.6349
G1 X46.1508 Y-30.9841
G1 X45.8810 Y-31.7937
G1 X47.3651 Y-32.3333
G1 X48.7143 Y-31.6587
G1 X52.3571 Y-33.2778
G1 X52.8968 Y-34.3571
G1 X50.8730 Y-39.6190
G1 X52.8968 Y-41.3730
G1 X56.4048 Y-40.9683
G1 X58.4286 Y-42.1825
G1 X58.4286 Y-42.9921
G1 X51.5476 Y-44.4762
G1 X50.1984 Y-45.8254
G1 X51.5476 Y-44.3413
G1 X58.0238 Y-43.1270
G1 X57.6190 Y-41.5079
G1 X52.8968 Y-41.5079
G1 X51.5476 Y-40.9683
G1 X50.8730 Y-38.2698
G1 X52.4921 Y-35.3016
G1 X51.6825 Y-33.1429
G1 X48.8492 Y-31.7937
G1 X45.7460 Y-32.3333
G1 X45.2063 Y-31.7937
G1 X42.9127 Y-33.5476
G1 X42.1032 Y-33.4127
G1 X41.8333 Y-31.7937
G1 X37.6508 Y-28.9603
G1 X35.7619 Y-28.5556
G1 X33.7381 Y-29.0952
G1 X33.1984 Y-28.5556
G1 X34.5476 Y-29.0952
G1 X35.3571 Y-28.6905
G1 X35.7619 Y-26.6667
G1 Z0.0000 F8000.0
G0 X53.1029 Y-32.1475 F15000.0
G1 Z11.9000 F8000.0
G1 X59.1700 Y-38.6886 F12000.0
G1 Z0.0000 F8000.0
G0 X58.0831 Y-41.1918 F15000.0
G1 Z11.9000 F8000.0
G1 X61.7434 Y-40.3969 F12000.0
G1 Z0.0000 F8000.0
G0 X68.2461 Y-40.4697 F15000.0
G1 Z11.9000 F8000.0
G1 X62.8329 Y-47.3792 F12000.0
G1 Z0.0000 F8000.0
G0 X55.1905 Y-53.1111 F15000.0
G1 Z11.9000 F8000.0
G1 X55.8651 Y-55.5397 F12000.0
G1 X57.7540 Y-54.5952
G1 X57.0794 Y-56.3492
G1 X60.1825 Y-62.6905
G1 X60.8571 Y-58.9127
G1 X60.1825 Y-58.7778
G1 X60.1825 Y-60.8016
G1 X57.6190 Y-57.9683
G1 X57.0794 Y-56.4841
G1 X58.4286 Y-55.4048
G1 X61.3968 Y-57.0238
G1 X60.0476 Y-55.8095
G1 X58.1587 Y-55.4048
G1 X56.9444 Y-54.3254
G1 X55.5952 Y-54.4603
G1 X55.1905 Y-53.6508
G1 Z0.0000 F8000.0
G0 X58.9286 Y-58.4959 F15000.0
G1 Z11.9000 F8000.0
G1 X60.4121 Y-58.2737 F12000.0
G1 Z0.0000 F8000.0
G0 X67.8112 Y-61.3953 F15000.0
G1 Z11.9000 F8000.0
G1 X68.3504 Y-55.6939 F12000.0
G1 Z0.0000 F8000.0
G0 X77.2602 Y-70.3052 F15000.0
G1 Z11.9000 F8000.0
G1 X86.0709 Y-72.1315 F12000.0
G1 Z0.0000 F8000.0
G0 X86.0779 Y-82.0397 F15000.0
G1 Z11.9000 F8000.0
G1 X77.1603 Y-80.8716 F12000.0
G1 Z0.0000 F8000.0
G0 X76.8855 Y-76.4633 F15000.0
G1 Z11.9000 F8000.0
G1 X81.3193 Y-82.4887 F12000.0
G1 Z0.0000 F8000.0
G0 X85.9524 Y-89.8095 F15000.0
G1 Z11.9000 F8000.0
G1 X87.9762 Y-88.1905 F12000.0
G1 X89.7302 Y-88.8651
G1 X90.9444 Y-91.2937
G1 X89.0556 Y-92.5079
G1 X86.2222 Y-91.6984
G1 X85.9524 Y-89.8095
G1 Z0.0000 F8000.0
G0 X91.3492 Y-83.8730 F15000.0
G1 Z11.9000 F8000.0
G1 X89.4603 Y-86.5714 F12000.0
G1 X90.0000 Y-87.6508
G1 X89.3254 Y-88.4603
G1 X87.4365 Y-89.0000
G1 X86.2222 Y-90.2143
G1 X85.8175 Y-93.0476
G1 X87.8413 Y-92.2381
G1 X90.6746 Y-94.5317
G1 X90.4048 Y-95.3413
G1 X92.5635 Y-97.2302
G1 X98.2302 Y-96.6905
G1 X95.5317 Y-96.5556
G1 X93.2381 Y-97.0952
G1 X92.1587 Y-92.9127
G1 X91.0794 Y-93.8571
G1 X87.7063 Y-92.2381
G1 X85.6825 Y-92.6429
G1 X87.8413 Y-88.8651
G1 X91.6190 Y-88.8651
G1 X92.1587 Y-88.0556
G1 X91.0794 Y-89.1349
G1 X90.2698 Y-87.9206
G1 X93.2381 Y-85.4921
G1 X94.4524 Y-86.7063
G1 X93.6429 Y-85.4921
G1 X90.0000 Y-86.9762
G1 X89.4603 Y-86.7063
G1 X91.2143 Y-84.5476
G1 X100.1190 Y-84.6825
G1 X101.0635 Y-85.0873
G1 X104.3016 Y-83.8730
G1 X110.5079 Y-86.3016
G1 X110.3730 Y-87.3810
G1 X114.6905 Y-88.8651
G1 X116.1746 Y-87.5159
G1 X123.0556 Y-87.7857
G1 X129.1270 Y-86.5714
G1 X134.7937 Y-86.9762
G1 X136.9524 Y-88.4603
G1 X134.1190 Y-89.6746
G1 X132.6349 Y-88.5952
G1 X123.8651 Y-89.6746
G1 X122.9206 Y-91.1587
G1 X123.4603 Y-91.6984
G1 X122.1111 Y-93.1825
G1 X115.0952 Y-93.8571
G1 X113.4762 Y-93.4524
G1 X122.2460 Y-93.1825
G1 X124.0000 Y-91.6984
G1 X123.5952 Y-90.4841
G1 X125.4841 Y-89.4048
G1 X127.7778 Y-89.5397
G1 X131.0159 Y-88.3254
G1 X134.2540 Y-89.5397
G1 X137.4921 Y-89.1349
G1 X137.6270 Y-90.6190
G1 X139.2460 Y-93.0476
G1 X136.5476 Y-94.8016
G1 X138.4365 Y-93.9921
G1 X138.8413 Y-92.3730
G1 X137.3571 Y-88.4603
G1 X138.1667 Y-87.7857
G1 X141.0000 Y-89.0000
G1 X141.4048 Y-91.9683
G1 X144.9127 Y-90.6190
G1 X147.3413 Y-91.8333
G1 X160.0238 Y-90.6190
G1 X160.0238 Y-91.6984
G1 X159.0794 Y-92.3730
G1 X161.3730 Y-92.6429
G1 X166.0952 Y-89.0000
G1 X173.7857 Y-86.7063
G1 X159.4841 Y-90.7540
G1 X155.0317 Y-90.7540
G1 X149.0952 Y-91.8333
G1 X145.4524 Y-91.0238
G1 X144.6429 Y-90.2143
G1 X146.2619 Y-87.3810
G1 X147.7460 Y-86.7063
G1 X149.3651 Y-86.9762
G1 X147.7460 Y-86.7063
G1 X146.2619 Y-87.3810
G1 X143.9683 Y-90.7540
G1 X141.1349 Y-91.5635
G1 X141.1349 Y-88.7302
G1 X139.1111 Y-87.9206
G1 X141.4048 Y-85.4921
G1 X144.2381 Y-84.2778
G1 X148.8254 Y-85.4921
G1 X145.1825 Y-83.8730
G1 X141.8095 Y-85.3571
G1 X140.3254 Y-85.6270
G1 X137.4921 Y-87.5159
G1 X134.7937 Y-86.4365
G1 X135.3333 Y-86.1667
G1 X127.9127 Y-86.1667
G1 X126.6984 Y-84.9524
G1 X125.7540 Y-85.7619
G1 X127.3730 Y-85.3571
G1 X127.1032 Y-86.7063
G1 X124.5397 Y-86.8413
G1 X124.1349 Y-86.4365
G1 X123.0556 Y-87.7857
G1 X120.4921 Y-87.9206
G1 X116.1746 Y-87.5159
G1 X113.8810 Y-88.7302
G1 X111.0476 Y-87.9206
G1 X111.0476 Y-86.4365
G1 X110.1032 Y-85.4921
G1 X103.3571 Y-83.8730
G1 X100.1190 Y-84.6825
G1 X97.1508 Y-83.8730
G1 X91.8889 Y-83.8730
G1 Z0.0000 F8000.0
G0 X96.8514 Y-83.8104 F15000.0
G1 Z11.9000 F8000.0
G1 X104.3363 Y-83.6537 F12000.0
G1 Z0.0000 F8000.0
G0 X102.6825 Y-86.0317 F15000.0
G1 Z11.9000 F8000.0
G1 X105.5159 Y-86.9762 F12000.0
G1 X105.2460 Y-88.5952
G1 X100.6587 Y-90.2143
G1 X99.8492 Y-91.8333
G1 X105.9206 Y-89.8095
G1 X107.0000 Y-88.7302
G1 X108.6190 Y-88.7302
G1 X111.4524 Y-90.0794
G1 X109.4286 Y-89.6746
G1 X109.9683 Y-91.2937
G1 X108.3492 Y-91.6984
G1 X109.2937 Y-92.7778
G1 X115.3651 Y-90.4841
G1 X117.3889 Y-88.8651
G1 X120.7619 Y-90.2143
G1 X121.3016 Y-90.8889
G1 X118.4683 Y-89.2698
G1 X117.2540 Y-89.2698
G1 X114.9603 Y-91.0238
G1 X109.5635 Y-93.3175
G1 X108.0794 Y-91.6984
G1 X109.2937 Y-89.8095
G1 X109.1587 Y-89.0000
G1 X108.0794 Y-88.4603
G1 X103.8968 Y-91.1587
G1 X96.8810 Y-92.5079
G1 X94.1825 Y-93.7222
G1 X94.1825 Y-92.1032
G1 X97.2857 Y-90.0794
G1 X94.8571 Y-92.6429
G1 X96.7460 Y-92.5079
G1 X100.6587 Y-90.0794
G1 X105.5159 Y-88.4603
G1 X104.4365 Y-86.4365
G1 X102.5476 Y-86.4365
G1 X98.2302 Y-88.4603
G1 X96.7460 Y-87.7857
G1 X99.3095 Y-87.6508
G1 X102.1429 Y-86.0317
G1 Z0.0000 F8000.0
G0 X101.2517 Y-83.8386 F15000.0
G1 Z11.9000 F8000.0
G1 X95.1199 Y-79.5205 F12000.0
G1 Z0.0000 F8000.0
G0 X98.2104 Y-91.3795 F15000.0
G1 Z11.9000 F8000.0
G1 X105.6783 Y-91.9750 F12000.0
G1 Z0.0000 F8000.0
G0 X102.0151 Y-92.9027 F15000.0
G1 Z11.9000 F8000.0
G1 X97.4354 Y-98.1796 F12000.0
G1 Z0.0000 F8000.0
G0 X97.1328 Y-93.1089 F15000.0
G1 Z11.9000 F8000.0
G1 X103.9942 Y-95.7122 F12000.0
G1 Z0.0000 F8000.0
G0 X100.5997 Y-109.8837 F15000.0
G1 Z11.9000 F8000.0
G1 X90.1520 Y-109.3642 F12000.0
G1 Z0.0000 F8000.0
G0 X90.1284 Y-111.5250 F15000.0
G1 Z11.9000 F8000.0
G1 X89.4197 Y-122.2178 F12000.0
G1 Z0.0000 F8000.0
G0 X88.8244 Y-126.0487 F15000.0
G1 Z11.9000 F8000.0
G1 X98.0040 Y-128.5536 F12000.0
G1 Z0.0000 F8000.0
G0 X100.8167 Y-128.8961 F15000.0
G1 Z11.9000 F8000.0
G1 X99.6318 Y-122.1924 F12000.0
G1 Z0.0000 F8000.0
G0 X94.6263 Y-121.7185 F15000.0
G1 Z11.9000 F8000.0
G1 X88.1966 Y-129.0682 F12000.0
G1 Z0.0000 F8000.0
G0 X88.7412 Y-129.9473 F15000.0
G1 Z11.9000 F8000.0
G1 X85.9253 Y-119.7679 F12000.0
G1 Z0.0000 F8000.0
G0 X85.0030 Y-119.9193 F15000.0
G1 Z11.9000 F8000.0
G1 X75.2129 Y-122.6422 F12000.0
G1 Z0.0000 F8000.0
G0 X78.9996 Y-120.6551 F15000.0
G1 Z11.9000 F8000.0
G1 X72.6486 Y-114.3456 F12000.0
G1 Z0.0000 F8000.0
G0 X74.3892 Y-118.1029 F15000.0
G1 Z11.9000 F8000.0
G1 X82.7116 Y-116.5158 F12000.0
G1 Z0.0000 F8000.0
G0 X80.6293 Y-116.0527 F15000.0
G1 Z11.9000 F8000.0
G1 X72.6273 Y-119.0478 F12000.0
G1 Z0.0000 F8000.0
G0 X69.3503 Y-122.2650 F15000.0
G1 Z11.9000 F8000.0
G1 X59.7851 Y-122.8002 F12000.0
G1 Z0.0000 F8000.0
G0 X68.7228 Y-126.4786 F15000.0
G1 Z11.9000 F8000.0
G1 X60.6242 Y-132.9144 F12000.0
G1 Z0.0000 F8000.0
G0 X63.1200 Y-135.6002 F15000.0
G1 Z11.9000 F8000.0
G1 X64.6054 Y-145.1365 F12000.0
G1 Z0.0000 F8000.0
G0 X63.7398 Y-144.0384 F15000.0
G1 Z11.9000 F8000.0
G1 X53.5540 Y-141.5019 F12000.0
G1 Z0.0000 F8000.0
G0 X47.5588 Y-144.9637 F15000.0
G1 Z11.9000 F8000.0
G1 X55.1083 Y-148.7929 F12000.0
G1 Z0.0000 F8000.0
G0 X55.4834 Y-151.2781 F15000.0
G1 Z11.9000 F8000.0
G1 X63.9432 Y-151.5185 F12000.0
G1 Z0.0000 F8000.0
G0 X61.7694 Y-147.0487 F15000.0
G1 Z11.9000 F8000.0
G1 X70.5636 Y-148.8220 F12000.0
G1 Z0.0000 F8000.0
G0 X75.1424 Y-142.5358 F15000.0
G1 Z11.9000 F8000.0
G1 X76.0579 Y-132.8011 F12000.0
G1 Z0.0000 F8000.0
G0 X76.0724 Y-132.2261 F15000.0
G1 Z11.9000 F8000.0
G1 X84.1318 Y-125.6012 F12000.0
G1 Z0.0000 F8000.0
G0 X82.7143 Y-128.1270 F15000.0
G1 Z11.9000 F8000.0
G1 X84.7381 Y-129.7460 F12000.0
G1 X85.0079 Y-131.3651
G1 X83.2540 Y-135.0079
G1 X81.0952 Y-135.8175
G1 X79.3413 Y-133.7937
G1 X79.4762 Y-130.6905
G1 X82.7143 Y-128.1270
G1 Z0.0000 F8000.0
G0 X82.1100 Y-129.3632 F15000.0
G1 Z11.9000 F8000.0
G1 X83.4709 Y-137.1203 F12000.0
G1 Z0.0000 F8000.0
G0 X84.1151 Y-135.4185 F15000.0
G1 Z11.9000 F8000.0
G1 X88.3473 Y-126.0481 F12000.0
G1 Z0.0000 F8000.0
G0 X81.3417 Y-123.6153 F15000.0
G1 Z11.9000 F8000.0
G1 X80.7829 Y-129.9890 F12000.0
G1 Z0.0000 F8000.0
G0 X82.3504 Y-135.1681 F15000.0
G1 Z11.9000 F8000.0
G1 X74.5834 Y-131.1833 F12000.0
G1 Z0.0000 F8000.0
G0 X86.0674 Y-138.9403 F15000.0
G1 Z11.9000 F8000.0
G1 X86.5445 Y-145.6746 F12000.0
G1 Z0.0000 F8000.0
G0 X93.5079 Y-145.9365 F15000.0
G1 Z11.9000 F8000.0
G1 X90.0000 Y-147.0159 F12000.0
G1 X87.3016 Y-147.0159
G1 X93.9127 Y-146.2063
G1 X95.9365 Y-146.8810
G1 X99.0397 Y-146.7460
G1 X101.8730 Y-147.1508
G1 X94.8571 Y-146.7460
G1 X94.0476 Y-145.9365
G1 Z0.0000 F8000.0
G0 X94.5840 Y-144.9077 F15000.0
G1 Z11.9000 F8000.0
G1 X104.4003 Y-142.9754 F12000.0
G1 Z0.0000 F8000.0
G0 X105.6584 Y-146.2287 F15000.0
G1 Z11.9000 F8000.0
G1 X95.3942 Y-146.0052 F12000.0
G1 Z0.0000 F8000.0
G0 X94.0476 Y-148.6349 F15000.0
G1 Z11.9000 F8000.0
G1 X91.4841 Y-150.9286 F12000.0
G1 X86.2222 Y-152.5476
G1 X81.3651 Y-157.0000
G1 X80.8254 Y-156.4603
G1 X81.3651 Y-151.3333
G1 X83.2540 Y-148.0952
G1 X90.9444 Y-147.0159
G1 X94.0476 Y-148.6349
G1 Z0.0000 F8000.0
G0 X94.0476 Y-149.1746 F15000.0
G1 Z11.9000 F8000.0
G1 X92.1587 Y-150.9286 F12000.0
G1 X88.7857 Y-152.2778
G1 X86.8968 Y-154.1667
G1 X82.7143 Y-162.8016
G1 X79.4762 Y-176.0238
G1 X79.8810 Y-181.8254
G1 X82.5794 Y-189.9206
G1 X81.2302 Y-190.5952
G1 X81.2302 Y-193.8333
G1 X79.4762 Y-190.7302
G1 X78.1270 Y-183.3095
G1 X77.1825 Y-185.0635
G1 X76.9127 Y-187.7619
G1 X75.4286 Y-190.4603
G1 X70.1667 Y-194.9127
G1 X68.1429 Y-192.6190
G1 X68.1429 Y-191.1349
G1 X71.9206 Y-185.3333
G1 X75.1587 Y-184.9286
G1 X73.2698 Y-185.0635
G1 X72.7302 Y-184.5238
G1 X74.4841 Y-178.5873
G1 X74.2143 Y-176.5635
G1 X74.2143 Y-180.2063
G1 X70.8413 Y-186.2778
G1 X68.4127 Y-187.3571
G1 X62.3413 Y-183.3095
G1 X61.8016 Y-181.8254
G1 X62.0714 Y-180.2063
G1 X63.0159 Y-179.8016
G1 X64.6349 Y-180.6111
G1 X66.5238 Y-179.5317
G1 X70.0317 Y-175.3492
G1 X70.5714 Y-175.8889
G1 X70.0317 Y-174.8095
G1 X70.4365 Y-174.4048
G1 X66.1190 Y-180.2063
G1 X64.5000 Y-180.4762
G1 X62.6111 Y-179.3968
G1 X61.9365 Y-177.7778
G1 X63.4206 Y-173.8651
G1 X66.6587 Y-171.7063
G1 X73.8095 Y-172.1111
G1 X74.3492 Y-172.6508
G1 X70.1667 Y-179.5317
G1 X68.9524 Y-182.3651
G1 X66.9286 Y-181.9603
G1 X68.5476 Y-182.9048
G1 X70.1667 Y-180.7460
G1 X69.8968 Y-180.2063
G1 X73.8095 Y-174.2698
G1 X73.5397 Y-172.1111
G1 X66.2540 Y-171.7063
G1 X63.8254 Y-173.0556
G1 X61.8016 Y-178.1825
G1 X61.9365 Y-179.6667
G1 X61.3968 Y-181.2857
G1 X61.9365 Y-183.8492
G1 X58.6984 Y-189.2460
G1 X55.7302 Y-192.4841
G1 X51.0079 Y-205.0317
G1 X50.6032 Y-207.7302
G1 X52.2222 Y-218.7937
G1 X57.7540 Y-223.6508
G1 X65.5794 Y-221.6270
G1 X66.9286 Y-221.8968
G1 X67.6032 Y-223.3810
G1 X66.9286 Y-229.1825
G1 X65.5794 Y-232.6905
G1 X65.1746 Y-235.9286
G1 X66.6587 Y-241.5952
G1 X68.0079 Y-244.0238
G1 X68.0079 Y-245.6429
G1 X66.2540 Y-246.8571
G1 X68.6825 Y-247.6667
G1 X67.4683 Y-246.4524
G1 X69.3571 Y-245.5079
G1 X70.9762 Y-246.7222
G1 X71.2460 Y-252.2540
G1 X70.8413 Y-245.6429
G1 X68.5476 Y-244.2937
G1 X66.1190 Y-239.7063
G1 X65.3095 Y-236.1984
G1 X65.5794 Y-232.6905
G1 X67.6032 Y-225.9444
G1 X67.6032 Y-222.9762
G1 X66.9286 Y-221.4921
G1 X58.2937 Y-223.3810
G1 X52.2222 Y-218.2540
G1 X50.6032 Y-207.7302
G1 X51.0079 Y-205.1667
G1 X55.4603 Y-193.8333
G1 X57.0794 Y-191.1349
G1 X60.1825 Y-187.7619
G1 X62.6111 Y-184.1190
G1 X69.4921 Y-187.7619
G1 X67.8730 Y-192.8889
G1 X70.3016 Y-195.3175
G1 X75.2937 Y-191.1349
G1 X77.0476 Y-188.1667
G1 X78.1270 Y-184.1190
G1 X80.1508 Y-192.8889
G1 X81.5000 Y-195.0476
G1 X93.1032 Y-203.5476
G1 X94.4524 Y-205.4365
G1 X95.5317 Y-212.4524
G1 X94.4524 Y-219.0635
G1 X95.5317 Y-213.6667
G1 X94.7222 Y-205.5714
G1 X93.9127 Y-203.9524
G1 X82.4444 Y-195.0476
G1 X82.9841 Y-193.9683
G1 X85.0079 Y-195.5873
G1 X83.9286 Y-193.6984
G1 X82.8492 Y-192.0794
G1 X83.6587 Y-191.6746
G1 X79.7460 Y-181.6905
G1 X79.4762 Y-176.0238
G1 X84.3333 Y-158.4841
G1 X89.5952 Y-152.0079
G1 X91.2143 Y-151.3333
G1 X92.0238 Y-152.4127
G1 X89.0556 Y-159.4286
G1 X90.9444 Y-155.5159
G1 X92.6984 Y-152.9524
G1 X92.1587 Y-151.8730
G1 X93.5079 Y-149.7143
G1 X95.2619 Y-150.2540
G1 X99.3095 Y-153.4921
G1 X101.3333 Y-154.3016
G1 X102.6825 Y-169.1429
G1 X103.7619 Y-173.4603
G1 X102.1429 Y-165.0952
G1 X102.2778 Y-158.2143
G1 X101.1984 Y-155.9206
G1 X101.4683 Y-155.3810
G1 X105.6508 Y-159.8333
G1 X111.4524 Y-167.3889
G1 X114.9603 Y-170.2222
G1 X107.5397 Y-162.3968
G1 X100.6587 Y-153.4921
G1 X98.2302 Y-152.5476
G1 X94.5873 Y-149.7143
G1 Z0.0000 F8000.0
G0 X94.5873 Y-151.8730 F15000.0
G1 Z11.9000 F8000.0
G1 X94.7222 Y-153.8968 F12000.0
G1 X90.1349 Y-163.7460
G1 X88.7857 Y-169.1429
G1 X88.2460 Y-174.8095
G1 X88.5159 Y-180.7460
G1 X89.7302 Y-185.8730
G1 X94.7222 Y-194.1032
G1 X98.2302 Y-197.4762
G1 X91.8889 Y-189.7857
G1 X88.2460 Y-181.6905
G1 X88.1111 Y-174.1349
G1 X91.3492 Y-160.9127
G1 X94.0476 Y-155.2460
G1 X94.8571 Y-154.8413
G1 X95.3968 Y-156.0556
G1 X94.4524 Y-159.4286
G1 X94.8571 Y-157.1349
G1 X95.3968 Y-156.1905
G1 X94.9921 Y-154.1667
G1 X95.1270 Y-152.4127
G1 Z0.0000 F8000.0
G0 X94.1255 Y-153.1783 F15000.0
G1 Z11.9000 F8000.0
G1 X86.8590 Y-158.4550 F12000.0
G1 Z0.0000 F8000.0
G0 X87.3074 Y-159.6538 F15000.0
G1 Z11.9000 F8000.0
G1 X95.3319 Y-156.0340 F12000.0
G1 Z0.0000 F8000.0
G0 X95.1270 Y-155.6508 F15000.0
G1 Z11.9000 F8000.0
G1 X93.5079 Y-157.2698 F12000.0
G1 X92.9683 Y-161.4524
G1 X93.5079 Y-162.3968
G1 X95.5317 Y-161.8571
G1 X96.3413 Y-162.3968
G1 X98.5000 Y-175.8889
G1 X99.8492 Y-180.7460
G1 X101.7381 Y-184.6587
G1 X104.1667 Y-187.6270
G1 X106.4603 Y-189.2460
G1 X109.9683 Y-189.3810
G1 X110.5079 Y-188.8413
G1 X107.5397 Y-182.9048
G1 X106.7302 Y-179.9365
G1 X107.0000 Y-175.7540
G1 X104.9762 Y-173.3254
G1 X103.3571 Y-174.4048
G1 X101.4683 Y-172.7857
G1 X100.1190 Y-170.3571
G1 X99.5794 Y-167.6587
G1 X100.3889 Y-162.9365
G1 X102.0079 Y-162.3968
G1 X103.6270 Y-164.5556
G1 X104.8413 Y-167.9286
G1 X105.2460 Y-165.5000
G1 X106.3254 Y-163.7460
G1 X103.4921 Y-158.4841
G1 X102.0079 Y-157.5397
G1 X100.6587 Y-158.0794
G1 X95.1270 Y-155.6508
G1 Z0.0000 F8000.0
G0 X96.0468 Y-157.7773 F15000.0
G1 Z11.9000 F8000.0
G1 X95.3009 Y-166.6954 F12000.0
G1 Z0.0000 F8000.0
G0 X96.8879 Y-165.6795 F15000.0
G1 Z11.9000 F8000.0
G1 X97.4566 Y-156.1112 F12000.0
G1 Z0.0000 F8000.0
G0 X98.1096 Y-156.4557 F15000.0
G1 Z11.9000 F8000.0
G1 X99.5095 Y-165.6919 F12000.0
G1 Z0.0000 F8000.0
G0 X97.4741 Y-167.4745 F15000.0
G1 Z11.9000 F8000.0
G1 X91.7624 Y-158.9643 F12000.0
G1 Z0.0000 F8000.0
G0 X92.0452 Y-157.9502 F15000.0
G1 Z11.9000 F8000.0
G1 X83.0848 Y-163.0237 F12000.0
G1 Z0.0000 F8000.0
G0 X81.6766 Y-164.5199 F15000.0
G1 Z11.9000 F8000.0
G1 X91.3355 Y-162.2550 F12000.0
G1 Z0.0000 F8000.0
G0 X92.2858 Y-160.6081 F15000.0
G1 Z11.9000 F8000.0
G1 X87.0014 Y-169.2945 F12000.0
G1 Z0.0000 F8000.0
G0 X85.4153 Y-167.6889 F15000.0
G1 Z11.9000 F8000.0
G1 X92.6259 Y-173.3885 F12000.0
G1 Z0.0000 F8000.0
G0 X94.2677 Y-173.2155 F15000.0
G1 Z11.9000 F8000.0
G1 X86.4661 Y-178.4173 F12000.0
G1 Z0.0000 F8000.0
G0 X86.1909 Y-176.5889 F15000.0
G1 Z11.9000 F8000.0
G1 X94.7844 Y-177.7417 F12000.0
G1 Z0.0000 F8000.0
G0 X96.1139 Y-177.3511 F15000.0
G1 Z11.9000 F8000.0
G1 X97.6653 Y-187.7288 F12000.0
G1 Z0.0000 F8000.0
G0 X96.9320 Y-187.9901 F15000.0
G1 Z11.9000 F8000.0
G1 X91.5668 Y-178.9830 F12000.0
G1 Z0.0000 F8000.0
G0 X93.7734 Y-179.2186 F15000.0
G1 Z11.9000 F8000.0
G1 X100.2635 Y-187.4550 F12000.0
G1 Z0.0000 F8000.0
G0 X99.1760 Y-187.4926 F15000.0
G1 Z11.9000 F8000.0
G1 X107.2373 Y-194.1573 F12000.0
G1 Z0.0000 F8000.0
G0 X108.1533 Y-195.1407 F15000.0
G1 Z11.9000 F8000.0
G1 X113.9502 Y-186.9223 F12000.0
G1 Z0.0000 F8000.0
G0 X111.7584 Y-189.0528 F15000.0
G1 Z11.9000 F8000.0
G1 X111.3230 Y-196.0229 F12000.0
G1 Z0.0000 F8000.0
G0 X110.9806 Y-195.7919 F15000.0
G1 Z11.9000 F8000.0
G1 X102.0907 Y-200.6885 F12000.0
G1 Z0.0000 F8000.0
G0 X102.1832 Y-200.8779 F15000.0
G1 Z11.9000 F8000.0
G1 X103.5123 Y-190.7907 F12000.0
G1 Z0.0000 F8000.0
G0 X103.9051 Y-189.6153 F15000.0
G1 Z11.9000 F8000.0
G1 X109.5913 Y-198.2370 F12000.0
G1 Z0.0000 F8000.0
G0 X109.9369 Y-200.4579 F15000.0
G1 Z11.9000 F8000.0
G1 X104.8804 Y-207.8256 F12000.0
G1 Z0.0000 F8000.0
G0 X104.3841 Y-204.5524 F15000.0
G1 Z11.9000 F8000.0
G1 X112.1787 Y-197.6777 F12000.0
G1 Z0.0000 F8000.0
G0 X113.4762 Y-198.8254 F15000.0
G1 Z11.9000 F8000.0
G1 X115.2302 Y-195.4524 F12000.0
G1 X118.6032 Y-193.6984
G1 X121.4365 Y-191.2698
G1 X125.0794 Y-193.0238
G1 X132.3651 Y-198.5556
G1 X129.9365 Y-201.3889
G1 X124.6746 Y-203.1429
G1 X123.3254 Y-204.2222
G1 X121.8413 Y-203.9524
G1 X118.1984 Y-201.2540
G1 X114.2857 Y-200.0397
G1 X113.4762 Y-198.8254
G1 Z0.0000 F8000.0
G0 X114.9683 Y-196.9086 F15000.0
G1 Z11.9000 F8000.0
G1 X116.7176 Y-203.8308 F12000.0
G1 Z0.0000 F8000.0
G0 X115.5265 Y-202.7316 F15000.0
G1 Z11.9000 F8000.0
G1 X123.8741 Y-205.7139 F12000.0
G1 Z0.0000 F8000.0
G0 X126.4290 Y-208.4945 F15000.0
G1 Z11.9000 F8000.0
G1 X131.1584 Y-215.7181 F12000.0
G1 Z0.0000 F8000.0
G0 X131.5279 Y-215.3519 F15000.0
G1 Z11.9000 F8000.0
G1 X123.6881 Y-211.5133 F12000.0
G1 Z0.0000 F8000.0
G0 X124.0060 Y-214.1373 F15000.0
G1 Z11.9000 F8000.0
G1 X115.4396 Y-215.4686 F12000.0
G1 Z0.0000 F8000.0
G0 X116.5075 Y-214.2416 F15000.0
G1 Z11.9000 F8000.0
G1 X110.3936 Y-210.4314 F12000.0
G1 Z0.0000 F8000.0
G0 X108.5239 Y-209.7990 F15000.0
G1 Z11.9000 F8000.0
G1 X108.1148 Y-218.0252 F12000.0
G1 Z0.0000 F8000.0
G0 X111.1386 Y-215.6047 F15000.0
G1 Z11.9000 F8000.0
G1 X116.8796 Y-209.2393 F12000.0
G1 Z0.0000 F8000.0
G0 X113.2751 Y-206.5766 F15000.0
G1 Z11.9000 F8000.0
G1 X106.2098 Y-211.0165 F12000.0
G1 Z0.0000 F8000.0
G0 X104.3276 Y-212.3112 F15000.0
G1 Z11.9000 F8000.0
G1 X101.7924 Y-220.9263 F12000.0
G1 Z0.0000 F8000.0
G0 X99.7659 Y-221.6567 F15000.0
G1 Z11.9000 F8000.0
G1 X96.9972 Y-211.5330 F12000.0
G1 Z0.0000 F8000.0
G0 X97.2857 Y-211.7778 F15000.0
G1 Z11.9000 F8000.0
G1 X99.8492 Y-220.9524 F12000.0
G1 X101.0635 Y-223.6508
G1 X99.9841 Y-230.5317
G1 X102.4127 Y-235.6587
G1 X101.4683 Y-248.7460
G1 X102.4127 Y-235.5238
G1 X101.1984 Y-231.8810
G1 X100.3889 Y-231.0714
G1 X101.0635 Y-223.6508
G1 X97.2857 Y-212.3175
G1 Z0.0000 F8000.0
G0 X96.4910 Y-211.5987 F15000.0
G1 Z11.9000 F8000.0
G1 X93.9946 Y-201.4340 F12000.0
G1 Z0.0000 F8000.0
G0 X93.7547 Y-202.8215 F15000.0
G1 Z11.9000 F8000.0
G1 X93.9136 Y-193.8294 F12000.0
G1 Z0.0000 F8000.0
G0 X93.7071 Y-194.1186 F15000.0
G1 Z11.9000 F8000.0
G1 X90.1702 Y-182.6753 F12000.0
G1 Z0.0000 F8000.0
G0 X90.7347 Y-183.2269 F15000.0
G1 Z11.9000 F8000.0
G1 X87.0288 Y-175.1690 F12000.0
G1 Z0.0000 F8000.0
G0 X88.7752 Y-174.4270 F15000.0
G1 Z11.9000 F8000.0
G1 X96.5587 Y-178.9094 F12000.0
G1 Z0.0000 F8000.0
G0 X97.2423 Y-179.8173 F15000.0
G1 Z11.9000 F8000.0
G1 X98.4857 Y-190.1413 F12000.0
G1 Z0.0000 F8000.0
G0 X98.2644 Y-191.0469 F15000.0
G1 Z11.9000 F8000.0
G1 X97.2689 Y-199.9946 F12000.0
G1 Z0.0000 F8000.0
G0 X95.9310 Y-199.6729 F15000.0
G1 Z11.9000 F8000.0
G1 X87.0730 Y-198.3514 F12000.0
G1 Z0.0000 F8000.0
G0 X87.1218 Y-198.9541 F15000.0
G1 Z11.9000 F8000.0
G1 X94.5571 Y-209.9119 F12000.0
G1 Z0.0000 F8000.0
G0 X94.9856 Y-210.5822 F15000.0
G1 Z11.9000 F8000.0
G1 X97.4583 Y-222.2077 F12000.0
G1 Z0.0000 F8000.0
G0 X94.4986 Y-221.5730 F15000.0
G1 Z11.9000 F8000.0
G1 X104.2214 Y-225.0985 F12000.0
G1 Z0.0000 F8000.0
G0 X104.9508 Y-225.2245 F15000.0
G1 Z11.9000 F8000.0
G1 X107.0435 Y-231.0361 F12000.0
G1 Z0.0000 F8000.0
G0 X108.1997 Y-232.1418 F15000.0
G1 Z11.9000 F8000.0
G1 X116.0298 Y-229.5724 F12000.0
G1 Z0.0000 F8000.0
G0 X120.2339 Y-230.6173 F15000.0
G1 Z11.9000 F8000.0
G1 X116.2975 Y-237.4902 F12000.0
G1 Z0.0000 F8000.0
G0 X116.8114 Y-238.0782 F15000.0
G1 Z11.9000 F8000.0
G1 X125.4608 Y-236.0349 F12000.0
G1 Z0.0000 F8000.0
G0 X126.7654 Y-236.4039 F15000.0
G1 Z11.9000 F8000.0
G1 X133.1312 Y-239.0944 F12000.0
G1 Z0.0000 F8000.0
G0 X133.3612 Y-237.8707 F15000.0
G1 Z11.9000 F8000.0
G1 X137.3058 Y-244.2244 F12000.0
G1 Z0.0000 F8000.0
G0 X139.2615 Y-246.4604 F15000.0
G1 Z11.9000 F8000.0
G1 X130.9685 Y-243.0227 F12000.0
G1 Z0.0000 F8000.0
G0 X130.7954 Y-243.2137 F15000.0
G1 Z11.9000 F8000.0
G1 X125.9241 Y-250.6363 F12000.0
G1 Z0.0000 F8000.0
G0 X125.9059 Y-249.1351 F15000.0
G1 Z11.9000 F8000.0
G1 X128.6355 Y-253.0232 F12000.0
G1 Z0.0000 F8000.0
G0 X126.5988 Y-249.0734 F15000.0
G1 Z11.9000 F8000.0
G1 X120.3617 Y-246.5709 F12000.0
G1 Z0.0000 F8000.0
G0 X116.6483 Y-245.8479 F15000.0
G1 Z11.9000 F8000.0
G1 X124.9950 Y-248.9551 F12000.0
G1 Z0.0000 F8000.0
G0 X126.3677 Y-246.8570 F15000.0
G1 Z11.9000 F8000.0
G1 X134.7144 Y-246.9414 F12000.0
G1 Z0.0000 F8000.0
G0 X134.9474 Y-247.3779 F15000.0
G1 Z11.9000 F8000.0
G1 X140.5964 Y-252.0810 F12000.0
G1 Z0.0000 F8000.0
G0 X140.9859 Y-249.2072 F15000.0
G1 Z11.9000 F8000.0
G1 X144.4282 Y-253.0707 F12000.0
G1 Z0.0000 F8000.0
G0 X137.6117 Y-253.2640 F15000.0
G1 Z11.9000 F8000.0
G1 X132.5434 Y-250.2112 F12000.0
G1 Z0.0000 F8000.0
G0 X127.5780 Y-246.2543 F15000.0
G1 Z11.9000 F8000.0
G1 X122.6559 Y-252.8705 F12000.0
G1 Z0.0000 F8000.0
G0 X113.4483 Y-252.1131 F15000.0
G1 Z11.9000 F8000.0
G1 X106.9077 Y-250.2892 F12000.0
G1 Z0.0000 F8000.0
G0 X109.7025 Y-249.9412 F15000.0
G1 Z11.9000 F8000.0
G1 X110.4370 Y-241.2403 F12000.0
G1 Z0.0000 F8000.0
G0 X112.0795 Y-244.0235 F15000.0
G1 Z11.9000 F8000.0
G1 X106.4882 Y-238.0457 F12000.0
G1 Z0.0000 F8000.0
G0 X106.7453 Y-237.7761 F15000.0
G1 Z11.9000 F8000.0
G1 X104.4615 Y-246.4636 F12000.0
G1 Z0.0000 F8000.0
G0 X103.5432 Y-246.7162 F15000.0
G1 Z11.9000 F8000.0
G1 X110.7156 Y-246.9165 F12000.0
G1 Z0.0000 F8000.0
G0 X115.0952 Y-246.3175 F15000.0
G1 Z11.9000 F8000.0
G1 X113.6111 Y-247.2619 F12000.0
G1 X114.5556 Y-248.4762
G1 X116.5794 Y-248.8810
G1 X118.0635 Y-251.0397
G1 X119.5476 Y-251.1746
G1 X120.8968 Y-252.2540
G1 X116.3095 Y-248.2063
G1 X116.9841 Y-247.5317
G1 X117.9286 Y-247.5317
G1 X118.1984 Y-246.7222
G1 X117.9286 Y-247.6667
G1 X115.6349 Y-246.3175
G1 Z0.0000 F8000.0
G0 X119.0000 Y-237.1703 F15000.0
G1 Z11.9000 F8000.0
G1 X125.9740 Y-242.2219 F12000.0
G1 Z0.0000 F8000.0
G0 X126.2199 Y-243.8760 F15000.0
G1 Z11.9000 F8000.0
G1 X121.6828 Y-237.9417 F12000.0
G1 Z0.0000 F8000.0
G0 X119.7757 Y-236.9969 F15000.0
G1 Z11.9000 F8000.0
G1 X126.5970 Y-232.7591 F12000.0
G1 Z0.0000 F8000.0
G0 X124.5391 Y-232.4712 F15000.0
G1 Z11.9000 F8000.0
G1 X121.3282 Y-230.6552 F12000.0
G1 Z0.0000 F8000.0
G0 X122.1111 Y-231.7460 F15000.0
G1 Z11.9000 F8000.0
G1 X117.7937 Y-231.6111 F12000.0
G1 X114.2857 Y-234.1746
G1 X113.4762 Y-235.9286
G1 X113.8810 Y-238.8968
G1 X115.9048 Y-238.6270
G1 X119.4127 Y-236.4683
G1 X121.5714 Y-236.1984
G1 X122.5159 Y-234.9841
G1 X122.1111 Y-231.7460
G1 Z0.0000 F8000.0
G0 X123.6335 Y-231.1801 F15000.0
G1 Z11.9000 F8000.0
G1 X131.3768 Y-227.2666 F12000.0
G1 Z0.0000 F8000.0
G0 X131.2857 Y-226.3492 F15000.0
G1 Z11.9000 F8000.0
G1 X139.1111 Y-227.1587 F12000.0
G1 X142.2143 Y-229.1825
G1 X138.0317 Y-226.7540
G1 X135.4683 Y-226.6190
G1 X134.5238 Y-227.2937
G1 X132.6349 Y-227.2937
G1 X130.0714 Y-228.6429
G1 X127.9127 Y-226.8889
G1 X131.5556 Y-228.2381
G1 X131.9603 Y-227.1587
G1 X130.7460 Y-226.3492
G1 Z0.0000 F8000.0
G0 X129.2667 Y-224.3137 F15000.0
G1 Z11.9000 F8000.0
G1 X120.5995 Y-223.0842 F12000.0
G1 Z0.0000 F8000.0
G0 X123.6707 Y-225.8314 F15000.0
G1 Z11.9000 F8000.0
G1 X127.2851 Y-220.1670 F12000.0
G1 Z0.0000 F8000.0
G0 X124.2680 Y-218.9828 F15000.0
G1 Z11.9000 F8000.0
G1 X115.4967 Y-218.8811 F12000.0
G1 Z0.0000 F8000.0
G0 X120.9307 Y-218.1079 F15000.0
G1 Z11.9000 F8000.0
G1 X125.0682 Y-225.5269 F12000.0
G1 Z0.0000 F8000.0
G0 X128.1274 Y-223.8058 F15000.0
G1 Z11.9000 F8000.0
G1 X137.0183 Y-223.5207 F12000.0
G1 Z0.0000 F8000.0
G0 X140.2300 Y-224.5787 F15000.0
G1 Z11.9000 F8000.0
G1 X135.2913 Y-229.4718 F12000.0
G1 Z0.0000 F8000.0
G0 X136.9680 Y-230.5509 F15000.0
G1 Z11.9000 F8000.0
G1 X128.1594 Y-228.9188 F12000.0
G1 Z0.0000 F8000.0
G0 X128.4753 Y-229.2722 F15000.0
G1 Z11.9000 F8000.0
G1 X121.2405 Y-228.1015 F12000.0
G1 Z0.0000 F8000.0
G0 X127.8215 Y-228.0546 F15000.0
G1 Z11.9000 F8000.0
G1 X132.7852 Y-234.0221 F12000.0
G1 Z0.0000 F8000.0
G0 X132.3651 Y-236.0635 F15000.0
G1 Z11.9000 F8000.0
G1 X133.1746 Y-235.2540 F12000.0
G1 X136.1429 Y-237.5476
G1 X138.0317 Y-237.5476
G1 X141.2698 Y-240.6508
G1 X139.1111 Y-241.1905
G1 X134.6587 Y-239.9762
G1 X132.3651 Y-236.0635
G1 Z0.0000 F8000.0
G0 X134.9870 Y-236.4336 F15000.0
G1 Z11.9000 F8000.0
G1 X142.2558 Y-238.1089 F12000.0
G1 Z0.0000 F8000.0
G0 X144.7715 Y-238.8439 F15000.0
G1 Z11.9000 F8000.0
G1 X138.0426 Y-235.7484 F12000.0
G1 Z0.0000 F8000.0
G0 X139.7636 Y-235.2630 F15000.0
G1 Z11.9000 F8000.0
G1 X140.9184 Y-242.5813 F12000.0
G1 Z0.0000 F8000.0
G0 X147.3945 Y-242.8104 F15000.0
G1 Z11.9000 F8000.0
G1 X156.1187 Y-241.3166 F12000.0
G1 Z0.0000 F8000.0
G0 X157.1091 Y-243.9509 F15000.0
G1 Z11.9000 F8000.0
G1 X150.3732 Y-242.6205 F12000.0
G1 X149.0656 Y-235.2477 F12000.0
G1 Z0.0000 F8000.0
G0 X148.9305 Y-237.3986 F15000.0
G1 Z11.9000 F8000.0
G1 X141.3641 Y-232.7821 F12000.0
G1 Z0.0000 F8000.0
G0 X138.8686 Y-232.0747 F15000.0
G1 Z11.9000 F8000.0
G1 X135.7558 Y-234.1643 F12000.0
G1 Z0.0000 F8000.0
G0 X135.4676 Y-235.5408 F15000.0
G1 Z11.9000 F8000.0
G1 X129.6103 Y-228.7983 F12000.0
G1 Z0.0000 F8000.0
G0 X129.2131 Y-228.7504 F15000.0
G1 Z11.9000 F8000.0
G1 X129.3947 Y-235.7178 F12000.0
G1 Z0.0000 F8000.0
G0 X129.5831 Y-230.6017 F15000.0
G1 Z11.9000 F8000.0
G1 X138.2031 Y-232.0422 F12000.0
G1 Z0.0000 F8000.0
G0 X138.9257 Y-226.8922 F15000.0
G1 Z11.9000 F8000.0
G1 X145.1911 Y-232.9595 F12000.0
G1 Z0.0000 F8000.0
G0 X148.4408 Y-231.9555 F15000.0
G1 Z11.9000 F8000.0
G1 X156.5902 Y-234.4121 F12000.0
G1 Z0.0000 F8000.0
G0 X156.1111 Y-234.4444 F15000.0
G1 Z11.9000 F8000.0
G1 X152.7381 Y-235.6587 F12000.0
G1 X153.8175 Y-236.3333
G1 X153.1429 Y-237.0079
G1 X151.6587 Y-237.2778
G1 X152.7381 Y-237.9524
G1 X150.7143 Y-238.8968
G1 X143.5635 Y-240.6508
G1 X143.2937 Y-241.1905
G1 X145.1825 Y-239.8413
G1 X153.6825 Y-238.6270
G1 X153.1429 Y-237.9524
G1 X153.8175 Y-236.7381
G1 X153.5476 Y-235.9286
G1 X157.8651 Y-234.5794
G1 X156.6508 Y-234.9841
G1 Z0.0000 F8000.0
G0 X156.3438 Y-237.5661 F15000.0
G1 Z11.9000 F8000.0
G1 X149.5537 Y-240.3631 F12000.0
G1 Z0.0000 F8000.0
G0 X149.0952 Y-240.3810 F15000.0
G1 Z11.9000 F8000.0
G1 X144.3730 Y-244.6984 F12000.0
G1 X142.3492 Y-243.8889
G1 X142.0794 Y-242.0000
G1 X143.6984 Y-240.2460
G1 X148.2857 Y-239.5714
G1 X149.0952 Y-240.3810
G1 Z0.0000 F8000.0
G0 X152.6574 Y-238.1849 F15000.0
G1 Z11.9000 F8000.0
G1 X161.3493 Y-236.1129 F12000.0
G1 Z0.0000 F8000.0
G0 X161.3164 Y-233.3872 F15000.0
G1 Z11.9000 F8000.0
G1 X163.7402 Y-225.0169 F12000.0
G1 Z0.0000 F8000.0
G0 X163.9652 Y-222.4368 F15000.0
G1 Z11.9000 F8000.0
G1 X158.8695 Y-215.4465 F12000.0
G1 Z0.0000 F8000.0
G0 X157.3411 Y-217.3173 F15000.0
G1 Z11.9000 F8000.0
G1 X165.4430 Y-214.0283 F12000.0
G1 Z0.0000 F8000.0
G0 X166.8554 Y-215.8359 F15000.0
G1 Z11.9000 F8000.0
G1 X172.5651 Y-210.3328 F12000.0
G1 Z0.0000 F8000.0
G0 X170.6469 Y-211.6772 F15000.0
G1 Z11.9000 F8000.0
G1 X163.2664 Y-206.6857 F12000.0
G1 Z0.0000 F8000.0
G0 X161.7985 Y-206.3736 F15000.0
G1 Z11.9000 F8000.0
G1 X157.6625 Y-199.8513 F12000.0
G1 Z0.0000 F8000.0
G0 X161.4940 Y-199.2905 F15000.0
G1 Z11.9000 F8000.0
G1 X168.4697 Y-195.3839 F12000.0
G1 Z0.0000 F8000.0
G0 X167.6029 Y-194.1062 F15000.0
G1 Z11.9000 F8000.0
G1 X159.8324 Y-196.2038 F12000.0
G1 Z0.0000 F8000.0
G0 X158.2443 Y-195.9969 F15000.0
G1 Z11.9000 F8000.0
G1 X164.7343 Y-193.5576 F12000.0
G1 Z0.0000 F8000.0
G0 X161.5705 Y-192.1179 F15000.0
G1 Z11.9000 F8000.0
G1 X168.1146 Y-197.4647 F12000.0
G1 Z0.0000 F8000.0
G0 X168.2613 Y-198.8063 F15000.0
G1 Z11.9000 F8000.0
G1 X174.8367 Y-195.3676 F12000.0
G1 Z0.0000 F8000.0
G0 X174.4603 Y-201.3657 F15000.0
G1 Z11.9000 F8000.0
G1 X170.8794 Y-200.4919 F12000.0
G1 Z0.0000 F8000.0
G0 X170.3573 Y-202.7272 F15000.0
G1 Z11.9000 F8000.0
G1 X174.6970 Y-205.5873 F12000.0
G1 Z0.0000 F8000.0
G0 X174.8734 Y-204.9859 F15000.0
G1 Z11.9000 F8000.0
G1 X174.8575 Y-211.2717 F12000.0
G1 Z0.0000 F8000.0
G0 X171.0693 Y-214.3885 F15000.0
G1 Z11.9000 F8000.0
G1 X174.8743 Y-216.7832 F12000.0
G1 Z0.0000 F8000.0
G0 X174.4603 Y-221.7985 F15000.0
G1 Z11.9000 F8000.0
G1 X169.9663 Y-221.6306 F12000.0
G1 Z0.0000 F8000.0
G0 X167.2029 Y-220.7044 F15000.0
G1 Z11.9000 F8000.0
G1 X168.1595 Y-229.5632 F12000.0
G1 Z0.0000 F8000.0
G0 X169.6032 Y-229.0476 F15000.0
G1 Z11.9000 F8000.0
G1 X168.6587 Y-230.9365 F12000.0
G1 X170.9524 Y-233.0952
G1 X170.4127 Y-233.5000
G1 X170.9524 Y-232.6905
G1 X168.9286 Y-230.2619
G1 X170.5476 Y-229.4524
G1 X172.1667 Y-230.3968
G1 X173.5159 Y-229.7222
G1 X170.9524 Y-229.8571
G1 X170.1429 Y-229.0476
G1 Z0.0000 F8000.0
G0 X171.5465 Y-233.2858 F15000.0
G1 Z11.9000 F8000.0
G1 X174.4417 Y-237.4494 F12000.0
G1 Z0.0000 F8000.0
G0 X173.8940 Y-237.0474 F15000.0
G1 Z11.9000 F8000.0
G1 X170.7210 Y-244.0748 F12000.0
G1 Z0.0000 F8000.0
G0 X171.4527 Y-246.1649 F15000.0
G1 Z11.9000 F8000.0
G1 X162.8769 Y-248.8534 F12000.0
G1 Z0.0000 F8000.0
G0 X161.0113 Y-249.0481 F15000.0
G1 Z11.9000 F8000.0
G1 X162.8190 Y-243.4049 F12000.0
G1 Z0.0000 F8000.0
G0 X162.0476 Y-242.0000 F15000.0
G1 Z11.9000 F8000.0
G1 X164.6111 Y-239.3016 F12000.0
G1 X168.2540 Y-240.9206
G1 X169.0635 Y-242.6746
G1 X165.5556 Y-244.6984
G1 X162.3175 Y-243.8889
G1 X162.0476 Y-242.0000
G1 Z0.0000 F8000.0
G0 X161.3273 Y-239.7338 F15000.0
G1 Z11.9000 F8000.0
G1 X169.9048 Y-240.9855 F12000.0
G1 Z0.0000 F8000.0
G0 X167.7038 Y-246.5244 F15000.0
G1 Z11.9000 F8000.0
G1 X172.1691 Y-253.0931 F12000.0
G1 Z0.0000 F8000.0
G0 X165.0914 Y-252.9042 F15000.0
G1 Z11.9000 F8000.0
G1 X160.8451 Y-247.1484 F12000.0
G1 Z0.0000 F8000.0
G0 X158.4437 Y-248.2287 F15000.0
G1 Z11.9000 F8000.0
G1 X150.3774 Y-249.2481 F12000.0
G1 Z0.0000 F8000.0
G0 X152.6316 Y-245.8715 F15000.0
G1 Z11.9000 F8000.0
G1 X159.7770 Y-250.5370 F12000.0
G1 Z0.0000 F8000.0
G0 X148.8087 Y-232.1551 F15000.0
G1 Z11.9000 F8000.0
G1 X148.8946 Y-223.2107 F12000.0
G1 Z0.0000 F8000.0
G0 X149.6349 Y-223.1111 F15000.0
G1 Z11.9000 F8000.0
G1 X148.0159 Y-223.5159 F12000.0
G1 X148.8254 Y-226.0794
G1 X148.2857 Y-226.6190
G1 X151.7937 Y-231.0714
G1 X152.3333 Y-232.5556
G1 X153.4127 Y-232.9603
G1 X151.7937 Y-231.3413
G1 X150.9841 Y-229.3175
G1 X148.6905 Y-226.4841
G1 X148.8254 Y-225.0000
G1 X148.4206 Y-223.9206
G1 X151.3889 Y-223.1111
G1 X150.1746 Y-223.1111
G1 Z0.0000 F8000.0
G0 X151.2540 Y-224.7302 F15000.0
G1 Z11.9000 F8000.0
G1 X152.6032 Y-223.9206 F12000.0
G1 X154.6270 Y-224.7302
G1 X157.8651 Y-223.5159
G1 X159.7540 Y-223.7857
G1 X162.1825 Y-226.2143
G1 X160.1587 Y-227.4286
G1 X161.5079 Y-230.3968
G1 X160.2937 Y-231.4762
G1 X154.7619 Y-229.7222
G1 X151.2540 Y-224.7302
G1 Z0.0000 F8000.0
G0 X150.9866 Y-227.9646 F15000.0
G1 Z11.9000 F8000.0
G1 X150.6816 Y-220.6280 F12000.0
G1 Z0.0000 F8000.0
G0 X152.2950 Y-220.8222 F15000.0
G1 Z11.9000 F8000.0
G1 X161.1393 Y-222.4605 F12000.0
G1 Z0.0000 F8000.0
G0 X158.9326 Y-224.2666 F15000.0
G1 Z11.9000 F8000.0
G1 X152.3827 Y-220.8456 F12000.0
G1 Z0.0000 F8000.0
G0 X153.2493 Y-221.4057 F15000.0
G1 Z11.9000 F8000.0
G1 X146.5573 Y-218.4984 F12000.0
G1 Z0.0000 F8000.0
G0 X149.4494 Y-218.0477 F15000.0
G1 Z11.9000 F8000.0
G1 X149.4199 Y-210.4134 F12000.0
G1 Z0.0000 F8000.0
G0 X148.7579 Y-213.1845 F15000.0
G1 Z11.9000 F8000.0
G1 X155.4799 Y-218.7780 F12000.0
G1 Z0.0000 F8000.0
G0 X153.5691 Y-217.0293 F15000.0
G1 Z11.9000 F8000.0
G1 X154.2360 Y-212.9521 F12000.0
G1 Z0.0000 F8000.0
G0 X150.8025 Y-217.2864 F15000.0
G1 Z11.9000 F8000.0
G1 X143.0734 Y-219.1964 F12000.0
G1 Z0.0000 F8000.0
G0 X140.0491 Y-217.4235 F15000.0
G1 Z11.9000 F8000.0
G1 X136.8295 Y-211.5305 F12000.0
G1 Z0.0000 F8000.0
G0 X135.8405 Y-211.7654 F15000.0
G1 Z11.9000 F8000.0
G1 X143.6270 Y-207.4661 F12000.0
G1 Z0.0000 F8000.0
G0 X143.1574 Y-209.0892 F15000.0
G1 Z11.9000 F8000.0
G1 X150.6088 Y-204.5326 F12000.0
G1 Z0.0000 F8000.0
G0 X148.2018 Y-202.7047 F15000.0
G1 Z11.9000 F8000.0
G1 X153.9031 Y-196.4112 F12000.0
G1 Z0.0000 F8000.0
G0 X153.5899 Y-197.5927 F15000.0
G1 Z11.9000 F8000.0
G1 X145.7886 Y-200.6272 F12000.0
G1 Z0.0000 F8000.0
G0 X144.3506 Y-199.8199 F15000.0
G1 Z11.9000 F8000.0
G1 X135.5380 Y-198.2118 F12000.0
G1 Z0.0000 F8000.0
G0 X135.1377 Y-197.9205 F15000.0
G1 Z11.9000 F8000.0
G1 X142.5111 Y-198.4404 F12000.0
G1 Z0.0000 F8000.0
G0 X141.9445 Y-200.8355 F15000.0
G1 Z11.9000 F8000.0
G1 X148.3660 Y-197.4670 F12000.0
G1 Z0.0000 F8000.0
G0 X148.3348 Y-196.2822 F15000.0
G1 Z11.9000 F8000.0
G1 X139.4950 Y-195.4105 F12000.0
G1 Z0.0000 F8000.0
G0 X138.5120 Y-193.8005 F15000.0
G1 Z11.9000 F8000.0
G1 X134.2473 Y-200.5067 F12000.0
G1 Z0.0000 F8000.0
G0 X134.3285 Y-200.7351 F15000.0
G1 Z11.9000 F8000.0
G1 X142.9470 Y-202.6661 F12000.0
G1 Z0.0000 F8000.0
G0 X139.1317 Y-201.0745 F15000.0
G1 Z11.9000 F8000.0
G1 X146.7657 Y-205.4778 F12000.0
G1 Z0.0000 F8000.0
G0 X148.7136 Y-201.6275 F15000.0
G1 Z11.9000 F8000.0
G1 X154.4063 Y-205.8133 F12000.0
G1 Z0.0000 F8000.0
G0 X158.8867 Y-207.4637 F15000.0
G1 Z11.9000 F8000.0
G1 X167.5019 Y-210.0050 F12000.0
G1 Z0.0000 F8000.0
G0 X167.9841 Y-210.6984 F15000.0
G1 Z11.9000 F8000.0
G1 X170.0079 Y-212.5873 F12000.0
G1 X173.6508 Y-214.2063
G1 X172.7063 Y-215.2857
G1 X169.4683 Y-214.2063
G1 X170.4127 Y-215.2857
G1 X168.9286 Y-215.6905
G1 X170.2778 Y-215.8254
G1 X171.8968 Y-215.2857
G1 X172.8413 Y-215.8254
G1 X174.0556 Y-214.6111
G1 X173.1111 Y-213.2619
G1 X170.9524 Y-212.8571
G1 X168.9286 Y-210.8333
G1 X172.4365 Y-211.6429
G1 X173.7857 Y-211.3730
G1 X168.5238 Y-210.6984
G1 Z0.0000 F8000.0
G0 X168.7311 Y-205.4661 F15000.0
G1 Z11.9000 F8000.0
G1 X159.9609 Y-206.3816 F12000.0
G1 Z0.0000 F8000.0
G0 X164.4285 Y-201.1981 F15000.0
G1 Z11.9000 F8000.0
G1 X158.1263 Y-195.0354 F12000.0
G1 Z0.0000 F8000.0
G0 X157.0974 Y-194.5425 F15000.0
G1 Z11.9000 F8000.0
G1 X148.2775 Y-193.7154 F12000.0
G1 Z0.0000 F8000.0
G0 X146.1219 Y-194.4290 F15000.0
G1 Z11.9000 F8000.0
G1 X154.9965 Y-193.1177 F12000.0
G1 Z0.0000 F8000.0
G0 X150.0676 Y-191.9620 F15000.0
G1 Z11.9000 F8000.0
G1 X153.6900 Y-184.3124 F12000.0
G1 Z0.0000 F8000.0
G0 X150.8262 Y-189.1100 F15000.0
G1 Z11.9000 F8000.0
G1 X159.7374 Y-188.3150 F12000.0
G1 Z0.0000 F8000.0
G0 X145.0011 Y-192.2551 F15000.0
G1 Z11.9000 F8000.0
G1 X137.7735 Y-190.3110 F12000.0
G1 Z0.0000 F8000.0
G0 X134.6284 Y-190.3954 F15000.0
G1 Z11.9000 F8000.0
G1 X143.4613 Y-192.0828 F12000.0
G1 Z0.0000 F8000.0
G0 X139.5078 Y-187.4225 F15000.0
G1 Z11.9000 F8000.0
G1 X139.7367 Y-179.8589 F12000.0
G1 Z0.0000 F8000.0
G0 X135.9337 Y-181.7415 F15000.0
G1 Z11.9000 F8000.0
G1 X143.2010 Y-183.4115 F12000.0
G1 Z0.0000 F8000.0
G0 X132.9048 Y-184.2540 F15000.0
G1 Z11.9000 F8000.0
G1 X143.1587 Y-188.8413 F12000.0
G1 X141.4048 Y-188.3016
G1 X140.7302 Y-188.9762
G1 X140.3254 Y-188.4365
G1 X141.1349 Y-188.1667
G1 X132.3651 Y-184.2540
G1 Z0.0000 F8000.0
G0 X131.4698 Y-183.3646 F15000.0
G1 Z11.9000 F8000.0
G1 X125.3646 Y-179.1215 F12000.0
G1 Z0.0000 F8000.0
G0 X118.4375 Y-176.8486 F15000.0
G1 Z11.9000 F8000.0
G1 X115.4366 Y-169.9825 F12000.0
G1 Z0.0000 F8000.0
G0 X113.5222 Y-169.5503 F15000.0
G1 Z11.9000 F8000.0
G1 X115.3437 Y-176.8166 F12000.0
G1 Z0.0000 F8000.0
G0 X113.8595 Y-177.0112 F15000.0
G1 Z11.9000 F8000.0
G1 X118.1510 Y-184.8881 F12000.0
G1 Z0.0000 F8000.0
G0 X120.4260 Y-186.8735 F15000.0
G1 Z11.9000 F8000.0
G1 X116.3686 Y-194.8448 F12000.0
G1 Z0.0000 F8000.0
G0 X116.9529 Y-195.8198 F15000.0
G1 Z11.9000 F8000.0
G1 X123.0225 Y-191.4401 F12000.0
G1 Z0.0000 F8000.0
G0 X123.3196 Y-191.3025 F15000.0
G1 Z11.9000 F8000.0
G1 X116.0470 Y-192.8423 F12000.0
G1 Z0.0000 F8000.0
G0 X115.0252 Y-195.1950 F15000.0
G1 Z11.9000 F8000.0
G1 X115.0835 Y-202.5690 F12000.0
G1 Z0.0000 F8000.0
G0 X118.4922 Y-203.5426 F15000.0
G1 Z11.9000 F8000.0
G1 X111.4900 Y-202.3507 F12000.0
G1 Z0.0000 F8000.0
G0 X110.3424 Y-202.8108 F15000.0
G1 Z11.9000 F8000.0
G1 X113.5612 Y-194.4523 F12000.0
G1 Z0.0000 F8000.0
G0 X113.6351 Y-195.6093 F15000.0
G1 Z11.9000 F8000.0
G1 X104.0361 Y-197.9975 F12000.0
G1 Z0.0000 F8000.0
G0 X105.3810 Y-197.7460 F15000.0
G1 Z11.9000 F8000.0
G1 X104.1667 Y-198.5556 F12000.0
G1 X103.0873 Y-209.8889
G1 X101.4683 Y-220.4127
G1 X102.5476 Y-215.6905
G1 X104.0317 Y-216.0952
G1 X102.5476 Y-214.6111
G1 X103.7619 Y-214.6111
G1 X102.5476 Y-214.0714
G1 X104.1667 Y-198.9603
G1 X104.9762 Y-198.1508
G1 X107.1349 Y-199.3651
G1 X105.9206 Y-197.7460
G1 Z0.0000 F8000.0
G0 X104.9174 Y-196.7980 F15000.0
G1 Z11.9000 F8000.0
G1 X105.4210 Y-204.1273 F12000.0
G1 Z0.0000 F8000.0
G0 X106.9955 Y-200.8705 F15000.0
G1 Z11.9000 F8000.0
G1 X106.5657 Y-191.2123 F12000.0
G1 Z0.0000 F8000.0
G0 X106.7695 Y-190.2431 F15000.0
G1 Z11.9000 F8000.0
G1 X112.6623 Y-182.4530 F12000.0
G1 Z0.0000 F8000.0
G0 X114.8847 Y-183.4048 F15000.0
G1 Z11.9000 F8000.0
G1 X110.0920 Y-190.8830 F12000.0
G1 Z0.0000 F8000.0
G0 X111.9111 Y-191.6576 F15000.0
G1 Z11.9000 F8000.0
G1 X104.1909 Y-185.2892 F12000.0
G1 Z0.0000 F8000.0
G0 X105.4164 Y-186.4782 F15000.0
G1 Z11.9000 F8000.0
G1 X100.6738 Y-175.7391 F12000.0
G1 Z0.0000 F8000.0
G0 X100.5501 Y-173.7741 F15000.0
G1 Z11.9000 F8000.0
G1 X107.6181 Y-183.3803 F12000.0
G1 Z0.0000 F8000.0
G0 X106.0920 Y-182.9556 F15000.0
G1 Z11.9000 F8000.0
G1 X110.0588 Y-173.2608 F12000.0
G1 Z0.0000 F8000.0
G0 X104.8307 Y-174.0507 F15000.0
G1 Z11.9000 F8000.0
G1 X96.3794 Y-171.7081 F12000.0
G1 Z0.0000 F8000.0
G0 X97.7728 Y-170.4981 F15000.0
G1 Z11.9000 F8000.0
G1 X103.4807 Y-163.6980 F12000.0
G1 Z0.0000 F8000.0
G0 X103.7041 Y-165.5305 F15000.0
G1 Z11.9000 F8000.0
G1 X102.9678 Y-155.0823 F12000.0
G1 Z0.0000 F8000.0
G0 X102.9883 Y-155.9898 F15000.0
G1 Z11.9000 F8000.0
G1 X108.0276 Y-165.1602 F12000.0
G1 Z0.0000 F8000.0
G0 X106.1988 Y-163.5335 F15000.0
G1 Z11.9000 F8000.0
G1 X98.7443 Y-158.5158 F12000.0
G1 Z0.0000 F8000.0
G0 X96.2063 Y-159.4286 F15000.0
G1 Z11.9000 F8000.0
G1 X97.1508 Y-175.4841 F12000.0
G1 X99.0397 Y-181.0159
G1 X100.3889 Y-183.1746
G1 X96.8810 Y-173.1905
G1 X96.2063 Y-159.9683
G1 Z0.0000 F8000.0
G0 X93.1538 Y-160.8149 F15000.0
G1 Z11.9000 F8000.0
G1 X84.8426 Y-161.0361 F12000.0
G1 Z0.0000 F8000.0
G0 X83.2540 Y-156.1905 F15000.0
G1 Z11.9000 F8000.0
G1 X79.4762 Y-166.5794 F12000.0
G1 X83.2540 Y-155.6508
G1 Z0.0000 F8000.0
G0 X91.1454 Y-157.9146 F15000.0
G1 Z11.9000 F8000.0
G1 X100.8128 Y-156.0369 F12000.0
G1 Z0.0000 F8000.0
G0 X99.4444 Y-155.6508 F15000.0
G1 Z11.9000 F8000.0
G1 X100.3889 Y-161.9921 F12000.0
G1 X100.6587 Y-168.7381
G1 X102.0079 Y-173.3254
G1 X104.3016 Y-177.9127
G1 X110.3730 Y-185.8730
G1 X114.0159 Y-189.5159
G1 X107.5397 Y-183.0397
G1 X104.3016 Y-178.4524
G1 X102.0079 Y-173.7302
G1 X100.1190 Y-164.9603
G1 X100.1190 Y-159.1587
G1 X98.9048 Y-155.1111
G1 Z0.0000 F8000.0
G0 X99.1971 Y-155.4644 F15000.0
G1 Z11.9000 F8000.0
G1 X92.8531 Y-163.7466 F12000.0
G1 Z0.0000 F8000.0
G0 X93.4587 Y-164.9711 F15000.0
G1 Z11.9000 F8000.0
G1 X101.0413 Y-169.6053 F12000.0
G1 Z0.0000 F8000.0
G0 X97.8887 Y-169.5424 F15000.0
G1 Z11.9000 F8000.0
G1 X105.6198 Y-176.5879 F12000.0
G1 Z0.0000 F8000.0
G0 X102.9785 Y-175.0827 F15000.0
G1 Z11.9000 F8000.0
G1 X101.7487 Y-185.4477 F12000.0
G1 Z0.0000 F8000.0
G0 X101.2452 Y-185.2189 F15000.0
G1 Z11.9000 F8000.0
G1 X104.2746 Y-193.6665 F12000.0
G1 Z0.0000 F8000.0
G0 X105.7632 Y-194.9497 F15000.0
G1 Z11.9000 F8000.0
G1 X112.8158 Y-190.9696 F12000.0
G1 Z0.0000 F8000.0
G0 X109.6984 Y-192.8889 F15000.0
G1 Z11.9000 F8000.0
G1 X111.8571 Y-197.3413 F12000.0
G1 X105.9206 Y-206.6508
G1 X108.7540 Y-202.6032
G1 X110.6429 Y-201.9286
G1 X113.2063 Y-202.7381
G1 X111.7222 Y-202.7381
G1 X110.3730 Y-201.9286
G1 X110.1032 Y-200.7143
G1 X111.8571 Y-198.0159
G1 X113.2063 Y-197.2063
G1 X109.6984 Y-193.4286
G1 Z0.0000 F8000.0
G0 X108.7556 Y-192.4930 F15000.0
G1 Z11.9000 F8000.0
G1 X99.8377 Y-193.0629 F12000.0
G1 Z0.0000 F8000.0
G0 X99.5802 Y-194.3281 F15000.0
G1 Z11.9000 F8000.0
G1 X89.6686 Y-190.9986 F12000.0
G1 Z0.0000 F8000.0
G0 X87.8469 Y-191.7491 F15000.0
G1 Z11.9000 F8000.0
G1 X77.6164 Y-189.6573 F12000.0
G1 Z0.0000 F8000.0
G0 X77.1535 Y-188.3140 F15000.0
G1 Z11.9000 F8000.0
G1 X85.5688 Y-186.7824 F12000.0
G1 Z0.0000 F8000.0
G0 X82.7143 Y-185.8730 F15000.0
G1 Z11.9000 F8000.0
G1 X86.8968 Y-194.1032 F12000.0
G1 X92.4286 Y-199.7698
G1 X92.4286 Y-200.7143
G1 X85.5476 Y-192.6190
G1 X82.7143 Y-185.3333
G1 Z0.0000 F8000.0
G0 X79.2186 Y-188.0279 F15000.0
G1 Z11.9000 F8000.0
G1 X70.8537 Y-194.3075 F12000.0
G1 Z0.0000 F8000.0
G0 X71.9173 Y-193.8287 F15000.0
G1 Z11.9000 F8000.0
G1 X69.9440 Y-198.6720 F12000.0
G1 Z0.0000 F8000.0
G0 X71.3274 Y-198.3623 F15000.0
G1 Z11.9000 F8000.0
G1 X82.8415 Y-200.4279 F12000.0
G1 Z0.0000 F8000.0
G0 X82.4079 Y-199.5956 F15000.0
G1 Z11.9000 F8000.0
G1 X92.7957 Y-198.3872 F12000.0
G1 Z0.0000 F8000.0
G0 X92.0645 Y-197.1084 F15000.0
G1 Z11.9000 F8000.0
G1 X97.4112 Y-203.9329 F12000.0
G1 Z0.0000 F8000.0
G0 X96.7418 Y-203.9145 F15000.0
G1 Z11.9000 F8000.0
G1 X86.4693 Y-202.2165 F12000.0
G1 Z0.0000 F8000.0
G0 X87.7844 Y-202.5338 F15000.0
G1 Z11.9000 F8000.0
G1 X77.8847 Y-211.4006 F12000.0
G1 Z0.0000 F8000.0
G0 X79.2399 Y-210.3508 F15000.0
G1 Z11.9000 F8000.0
G1 X67.4173 Y-216.5869 F12000.0
G1 Z0.0000 F8000.0
G0 X66.9063 Y-215.6611 F15000.0
G1 Z11.9000 F8000.0
G1 X67.6641 Y-226.7294 F12000.0
G1 Z0.0000 F8000.0
G0 X68.3987 Y-226.0351 F15000.0
G1 Z11.9000 F8000.0
G1 X76.2535 Y-218.6199 F12000.0
G1 Z0.0000 F8000.0
G0 X76.3354 Y-219.3421 F15000.0
G1 Z11.9000 F8000.0
G1 X70.5674 Y-228.6474 F12000.0
G1 Z0.0000 F8000.0
G0 X70.3890 Y-227.8747 F15000.0
G1 Z11.9000 F8000.0
G1 X71.5952 Y-241.0518 F12000.0
G1 Z0.0000 F8000.0
G0 X69.5140 Y-241.2696 F15000.0
G1 Z11.9000 F8000.0
G1 X78.5165 Y-236.1827 F12000.0
G1 Z0.0000 F8000.0
G0 X81.4792 Y-236.7389 F15000.0
G1 Z11.9000 F8000.0
G1 X91.8862 Y-236.2814 F12000.0
G1 Z0.0000 F8000.0
G0 X91.3016 Y-237.3240 F15000.0
G1 Z11.9000 F8000.0
G1 X101.6414 Y-236.1952 F12000.0
G1 Z0.0000 F8000.0
G0 X101.1781 Y-236.0291 F15000.0
G1 Z11.9000 F8000.0
G1 X100.1811 Y-247.9419 F12000.0
G1 Z0.0000 F8000.0
G0 X99.5433 Y-247.9872 F15000.0
G1 Z11.9000 F8000.0
G1 X89.8411 Y-250.7942 F12000.0
G1 Z0.0000 F8000.0
G0 X91.5314 Y-250.0228 F15000.0
G1 Z11.9000 F8000.0
G1 X84.6326 Y-252.8833 F12000.0
G1 Z0.0000 F8000.0
G0 X82.6309 Y-253.0002 F15000.0
G1 Z11.9000 F8000.0
G1 X90.5628 Y-252.6676 F12000.0
G1 Z0.0000 F8000.0
G0 X93.0486 Y-253.0546 F15000.0
G1 Z11.9000 F8000.0
G1 X90.8919 Y-246.6008 F12000.0
G1 Z0.0000 F8000.0
G0 X90.6281 Y-246.2268 F15000.0
G1 Z11.9000 F8000.0
G1 X79.1748 Y-240.0493 F12000.0
G1 Z0.0000 F8000.0
G0 X79.2018 Y-239.4954 F15000.0
G1 Z11.9000 F8000.0
G1 X88.6724 Y-239.9845 F12000.0
G1 Z0.0000 F8000.0
G0 X88.9602 Y-240.0257 F15000.0
G1 Z11.9000 F8000.0
G1 X86.0333 Y-228.5676 F12000.0
G1 Z0.0000 F8000.0
G0 X86.1359 Y-228.2336 F15000.0
G1 Z11.9000 F8000.0
G1 X80.5338 Y-219.8274 F12000.0
G1 Z0.0000 F8000.0
G0 X79.3527 Y-219.7070 F15000.0
G1 Z11.9000 F8000.0
G1 X88.2683 Y-224.9881 F12000.0
G1 Z0.0000 F8000.0
G0 X90.9637 Y-224.2608 F15000.0
G1 Z11.9000 F8000.0
G1 X90.8182 Y-234.9466 F12000.0
G1 Z0.0000 F8000.0
G0 X89.3615 Y-235.4255 F15000.0
G1 Z11.9000 F8000.0
G1 X83.8609 Y-223.4994 F12000.0
G1 Z0.0000 F8000.0
G0 X82.1542 Y-223.7124 F15000.0
G1 Z11.9000 F8000.0
G1 X84.3102 Y-235.3123 F12000.0
G1 Z0.0000 F8000.0
G0 X83.8453 Y-234.4973 F15000.0
G1 Z11.9000 F8000.0
G1 X71.1682 Y-232.3304 F12000.0
G1 Z0.0000 F8000.0
G0 X71.4343 Y-231.6763 F15000.0
G1 Z11.9000 F8000.0
G1 X78.5482 Y-241.1465 F12000.0
G1 Z0.0000 F8000.0
G0 X77.5082 Y-239.6632 F15000.0
G1 Z11.9000 F8000.0
G1 X90.3153 Y-241.8766 F12000.0
G1 Z0.0000 F8000.0
G0 X92.7009 Y-242.1968 F15000.0
G1 Z11.9000 F8000.0
G1 X87.9211 Y-230.6712 F12000.0
G1 Z0.0000 F8000.0
G0 X90.0647 Y-230.6513 F15000.0
G1 Z11.9000 F8000.0
G1 X100.4977 Y-226.1734 F12000.0
G1 Z0.0000 F8000.0
G0 X100.4440 Y-226.6190 F15000.0
G1 Z11.9000 F8000.0
G1 X102.0167 Y-236.9044 F12000.0
G1 Z0.0000 F8000.0
G0 X103.2915 Y-239.6919 F15000.0
G1 Z11.9000 F8000.0
G1 X100.5572 Y-229.5717 F12000.0
G1 Z0.0000 F8000.0
G0 X98.8662 Y-231.2768 F15000.0
G1 Z11.9000 F8000.0
G1 X101.5225 Y-242.8677 F12000.0
G1 Z0.0000 F8000.0
G0 X101.3678 Y-241.2489 F15000.0
G1 Z11.9000 F8000.0
G1 X91.6739 Y-246.7158 F12000.0
G1 Z0.0000 F8000.0
G0 X90.4677 Y-245.6423 F15000.0
G1 Z11.9000 F8000.0
G1 X94.0406 Y-253.2460 F12000.0
G1 Z0.0000 F8000.0
G0 X94.2269 Y-252.2438 F15000.0
G1 Z11.9000 F8000.0
G1 X85.7379 Y-247.3806 F12000.0
G1 Z0.0000 F8000.0
G0 X87.4506 Y-247.3091 F15000.0
G1 Z11.9000 F8000.0
G1 X75.1218 Y-242.7750 F12000.0
G1 Z0.0000 F8000.0
G0 X75.8043 Y-242.3779 F15000.0
G1 Z11.9000 F8000.0
G1 X69.7647 Y-252.3670 F12000.0
G1 Z0.0000 F8000.0
G0 X68.3657 Y-252.9300 F15000.0
G1 Z11.9000 F8000.0
G1 X68.8699 Y-245.5310 F12000.0
G1 Z0.0000 F8000.0
G0 X70.2170 Y-247.7562 F15000.0
G1 Z11.9000 F8000.0
G1 X63.8365 Y-239.9455 F12000.0
G1 Z0.0000 F8000.0
G0 X64.8743 Y-237.1675 F15000.0
G1 Z11.9000 F8000.0
G1 X67.8644 Y-241.4468 F12000.0
G1 Z0.0000 F8000.0
G0 X69.6394 Y-242.8575 F15000.0
G1 Z11.9000 F8000.0
G1 X80.4790 Y-240.2901 F12000.0
G1 Z0.0000 F8000.0
G0 X82.7480 Y-239.7874 F15000.0
G1 Z11.9000 F8000.0
G1 X77.8934 Y-228.8609 F12000.0
G1 Z0.0000 F8000.0
G0 X80.3496 Y-229.2263 F15000.0
G1 Z11.9000 F8000.0
G1 X69.5322 Y-225.2968 F12000.0
G1 Z0.0000 F8000.0
G0 X70.4042 Y-223.9402 F15000.0
G1 Z11.9000 F8000.0
G1 X80.7429 Y-225.4100 F12000.0
G1 Z0.0000 F8000.0
G0 X80.3486 Y-225.3812 F15000.0
G1 Z11.9000 F8000.0
G1 X90.5178 Y-227.6946 F12000.0
G1 Z0.0000 F8000.0
G0 X91.2629 Y-228.3234 F15000.0
G1 Z11.9000 F8000.0
G1 X91.5552 Y-215.1604 F12000.0
G1 Z0.0000 F8000.0
G0 X91.9582 Y-215.6003 F15000.0
G1 Z11.9000 F8000.0
G1 X89.5645 Y-202.5370 F12000.0
G1 Z0.0000 F8000.0
G0 X89.6949 Y-201.1299 F15000.0
G1 Z11.9000 F8000.0
G1 X85.9287 Y-191.3395 F12000.0
G1 Z0.0000 F8000.0
G0 X84.2364 Y-191.1200 F15000.0
G1 Z11.9000 F8000.0
G1 X87.0741 Y-182.6564 F12000.0
G1 Z0.0000 F8000.0
G0 X86.6520 Y-181.3165 F15000.0
G1 Z11.9000 F8000.0
G1 X94.2335 Y-188.4644 F12000.0
G1 Z0.0000 F8000.0
G0 X95.3955 Y-189.0732 F15000.0
G1 Z11.9000 F8000.0
G1 X101.2892 Y-199.0555 F12000.0
G1 Z0.0000 F8000.0
G0 X98.7113 Y-197.6427 F15000.0
G1 Z11.9000 F8000.0
G1 X89.9799 Y-195.5252 F12000.0
G1 Z0.0000 F8000.0
G0 X89.1217 Y-196.5902 F15000.0
G1 Z11.9000 F8000.0
G1 X78.3870 Y-191.2997 F12000.0
G1 Z0.0000 F8000.0
G0 X77.4633 Y-193.8035 F15000.0
G1 Z11.9000 F8000.0
G1 X88.0963 Y-199.3388 F12000.0
G1 Z0.0000 F8000.0
G0 X86.9710 Y-200.7829 F15000.0
G1 Z11.9000 F8000.0
G1 X76.7900 Y-208.8617 F12000.0
G1 Z0.0000 F8000.0
G0 X77.2016 Y-208.3755 F15000.0
G1 Z11.9000 F8000.0
G1 X74.3347 Y-218.0365 F12000.0
G1 Z0.0000 F8000.0
G0 X73.7626 Y-218.1538 F15000.0
G1 Z11.9000 F8000.0
G1 X83.1075 Y-208.6071 F12000.0
G1 Z0.0000 F8000.0
G0 X83.1102 Y-207.1784 F15000.0
G1 Z11.9000 F8000.0
G1 X90.8560 Y-215.2183 F12000.0
G1 Z0.0000 F8000.0
G0 X90.4139 Y-216.8810 F15000.0
G1 Z11.9000 F8000.0
G1 X96.6881 Y-206.6727 F12000.0
G1 Z0.0000 F8000.0
G0 X95.1472 Y-206.5383 F15000.0
G1 Z11.9000 F8000.0
G1 X95.2108 Y-196.6496 F12000.0
G1 Z0.0000 F8000.0
G0 X95.6654 Y-196.3144 F15000.0
G1 Z11.9000 F8000.0
G1 X91.3801 Y-185.1878 F12000.0
G1 Z0.0000 F8000.0
G0 X92.6771 Y-185.6274 F15000.0
G1 Z11.9000 F8000.0
G1 X94.7256 Y-175.3428 F12000.0
G1 Z0.0000 F8000.0
G0 X94.6944 Y-175.7644 F15000.0
G1 Z11.9000 F8000.0
G1 X91.8304 Y-165.6735 F12000.0
G1 Z0.0000 F8000.0
G0 X90.8095 Y-168.0635 F15000.0
G1 Z11.9000 F8000.0
G1 X88.3810 Y-170.8968 F12000.0
G1 X87.0317 Y-171.3016
G1 X85.9524 Y-170.2222
G1 X84.6032 Y-170.0873
G1 X82.1746 Y-171.9762
G1 X82.8492 Y-175.0794
G1 X85.5476 Y-181.0159
G1 X88.2460 Y-190.0556
G1 X90.1349 Y-193.4286
G1 X89.1905 Y-195.0476
G1 X86.6270 Y-194.2381
G1 X82.9841 Y-191.8095
G1 X81.3651 Y-191.8095
G1 X78.5317 Y-189.3810
G1 X75.9683 Y-190.3254
G1 X72.1905 Y-193.8333
G1 X69.6270 Y-194.9127
G1 X68.2778 Y-193.5635
G1 X68.1429 Y-191.2698
G1 X69.2222 Y-188.0317
G1 X68.8175 Y-186.4127
G1 X62.7460 Y-185.1984
G1 X61.2619 Y-185.7381
G1 X59.2381 Y-189.3810
G1 X57.6190 Y-191.0000
G1 X51.0079 Y-204.7619
G1 X50.6032 Y-208.5397
G1 X52.0873 Y-217.7143
G1 X55.0556 Y-221.6270
G1 X58.4286 Y-223.6508
G1 X65.9841 Y-221.7619
G1 X67.0635 Y-222.3016
G1 X67.6032 Y-226.6190
G1 X65.9841 Y-233.7698
G1 X66.3889 Y-240.7857
G1 X68.5476 Y-244.2937
G1 X70.4365 Y-245.6429
G1 X71.3810 Y-247.9365
G1 X71.3810 Y-251.1746
G1 X78.8016 Y-252.7937
G1 X93.6429 Y-252.7937
G1 X101.3333 Y-248.6111
G1 X101.6032 Y-234.9841
G1 X100.5238 Y-232.8254
G1 X100.6587 Y-223.5159
G1 X96.3413 Y-210.1587
G1 X95.5317 Y-203.4127
G1 X96.3413 Y-202.8730
G1 X101.0635 Y-205.1667
G1 X103.6270 Y-199.0952
G1 X105.6508 Y-198.4206
G1 X108.4841 Y-198.2857
G1 X109.2937 Y-197.2063
G1 X107.4048 Y-194.6429
G1 X100.2540 Y-187.7619
G1 X98.0952 Y-183.7143
G1 X95.3968 Y-180.4762
G1 X93.2381 Y-176.1587
G1 X90.8095 Y-168.0635
G1 Z0.0000 F8000.0
G0 X92.5996 Y-168.5094 F15000.0
G1 Z11.9000 F8000.0
G1 X83.1458 Y-171.8917 F12000.0
G1 Z0.0000 F8000.0
G0 X81.4876 Y-175.7284 F15000.0
G1 Z11.9000 F8000.0
G1 X85.6185 Y-166.4924 F12000.0
G1 Z0.0000 F8000.0
G0 X87.9192 Y-165.9324 F15000.0
G1 Z11.9000 F8000.0
G1 X94.7085 Y-170.8248 F12000.0
G1 Z0.0000 F8000.0
G0 X92.6298 Y-170.9236 F15000.0
G1 Z11.9000 F8000.0
G1 X90.9149 Y-181.2333 F12000.0
G1 Z0.0000 F8000.0
G0 X94.5873 Y-183.0518 F15000.0
G1 Z11.9000 F8000.0
G1 X100.4195 Y-178.8989 F12000.0
G1 Z0.0000 F8000.0
G0 X98.5277 Y-178.4668 F15000.0
G1 Z11.9000 F8000.0
G1 X103.9618 Y-172.2407 F12000.0
G1 Z0.0000 F8000.0
G0 X102.6527 Y-172.6311 F15000.0
G1 Z11.9000 F8000.0
G1 X101.6359 Y-163.9174 F12000.0
G1 Z0.0000 F8000.0
G0 X104.1729 Y-160.1967 F15000.0
G1 Z11.9000 F8000.0
G1 X97.6905 Y-154.2297 F12000.0
G1 Z0.0000 F8000.0
G0 X98.2086 Y-154.0177 F15000.0
G1 Z11.9000 F8000.0
G1 X91.8297 Y-150.5008 F12000.0
G1 Z0.0000 F8000.0
G0 X96.7460 Y-152.4127 F15000.0
G1 Z11.9000 F8000.0
G1 X95.1270 Y-152.6825 F12000.0
G1 X92.6984 Y-155.5159
G1 X91.6190 Y-155.9206
G1 X90.5397 Y-153.6270
G1 X87.7063 Y-157.4048
G1 X83.9286 Y-161.0476
G1 X80.2857 Y-169.1429
G1 X80.4206 Y-178.3175
G1 X81.6349 Y-183.0397
G1 X81.3651 Y-187.7619
G1 X80.8254 Y-188.3016
G1 X78.5317 Y-185.7381
G1 X77.5873 Y-185.7381
G1 X75.5635 Y-189.7857
G1 X71.3810 Y-193.5635
G1 X69.4921 Y-193.6984
G1 X68.6825 Y-191.6746
G1 X73.0000 Y-183.0397
G1 X72.5952 Y-181.1508
G1 X68.1429 Y-184.3889
G1 X65.4444 Y-184.9286
G1 X62.2063 Y-184.1190
G1 X60.3175 Y-184.6587
G1 X58.6984 Y-188.1667
G1 X56.0000 Y-190.8651
G1 X51.5476 Y-197.6111
G1 X51.5476 Y-201.6587
G1 X47.0952 Y-207.4603
G1 X47.6349 Y-209.4841
G1 X48.9841 Y-210.9683
G1 X47.6349 Y-211.6429
G1 X45.6111 Y-211.5079
G1 X44.5317 Y-212.8571
G1 X44.8016 Y-213.9365
G1 X48.9841 Y-214.2063
G1 X51.5476 Y-220.2778
G1 X50.7381 Y-221.0873
G1 X54.9206 Y-222.8413
G1 X56.9444 Y-225.6746
G1 X54.9206 Y-226.8889
G1 X53.4365 Y-225.2698
G1 X47.3651 Y-225.5397
G1 X46.8254 Y-226.0794
G1 X49.7937 Y-228.7778
G1 X48.3095 Y-229.9921
G1 X48.5794 Y-230.8016
G1 X52.8968 Y-228.5079
G1 X59.7778 Y-226.2143
G1 X62.4762 Y-224.4603
G1 X63.1508 Y-226.4841
G1 X63.9603 Y-226.7540
G1 X64.0952 Y-223.9206
G1 X65.3095 Y-223.3810
G1 X66.5238 Y-225.0000
G1 X65.9841 Y-228.5079
G1 X64.9048 Y-230.6667
G1 X64.6349 Y-238.4921
G1 X63.1508 Y-239.1667
G1 X60.8571 Y-239.0317
G1 X60.0476 Y-240.6508
G1 X63.8254 Y-241.3254
G1 X65.4444 Y-243.3492
G1 X64.2302 Y-244.8333
G1 X60.9921 Y-245.2381
G1 X59.7778 Y-244.6984
G1 X58.4286 Y-242.9444
G1 X55.5952 Y-241.3254
G1 X57.3492 Y-239.1667
G1 X59.7778 Y-237.5476
G1 X59.2381 Y-236.1984
G1 X51.4127 Y-236.8730
G1 X51.0079 Y-237.5476
G1 X52.3571 Y-238.3571
G1 X52.7619 Y-243.3492
G1 X49.9286 Y-244.5635
G1 X51.1429 Y-245.7778
G1 X52.6270 Y-244.5635
G1 X55.3254 Y-246.8571
G1 X59.7778 Y-249.2857
G1 X58.4286 Y-252.3889
G1 X60.8571 Y-252.7937
G1 X62.0714 Y-251.5794
G1 X60.3175 Y-249.2857
G1 X66.3889 Y-247.2619
G1 X68.0079 Y-245.2381
G1 X70.0317 Y-246.0476
G1 X69.8968 Y-251.1746
G1 X77.8571 Y-252.7937
G1 X94.0476 Y-252.7937
G1 X102.4127 Y-251.0397
G1 X102.9524 Y-241.4603
G1 X103.7619 Y-237.8175
G1 X101.4683 Y-230.3968
G1 X103.3571 Y-229.9921
G1 X108.2143 Y-233.7698
G1 X113.8810 Y-229.8571
G1 X115.0952 Y-226.6190
G1 X112.2619 Y-225.2698
G1 X107.5397 Y-224.4603
G1 X106.3254 Y-226.4841
G1 X103.8968 Y-226.8889
G1 X102.0079 Y-225.6746
G1 X101.1984 Y-221.2222
G1 X103.8968 Y-208.2698
G1 X107.1349 Y-203.0079
G1 X111.5873 Y-197.7460
G1 X111.0476 Y-193.1587
G1 X113.8810 Y-192.3492
G1 X114.4206 Y-191.1349
G1 X114.2857 Y-186.6825
G1 X114.8254 Y-185.0635
G1 X111.3175 Y-177.5079
G1 X109.1587 Y-167.1190
G1 X105.1111 Y-159.1587
G1 X102.8175 Y-156.3254
G1 X96.7460 Y-152.4127
G1 Z0.0000 F8000.0
G0 X103.1475 Y-158.1951 F15000.0
G1 Z11.9000 F8000.0
G1 X104.7722 Y-168.2592 F12000.0
G1 Z0.0000 F8000.0
G0 X105.1585 Y-170.7099 F15000.0
G1 Z11.9000 F8000.0
G1 X105.4519 Y-160.3328 F12000.0
G1 Z0.0000 F8000.0
G0 X105.3810 Y-157.2698 F15000.0
G1 Z11.9000 F8000.0
G1 X106.1905 Y-156.4603 F12000.0
G1 X129.8016 Y-170.0873
G1 X135.8730 Y-172.7857
G1 X139.1111 Y-172.7857
G1 X142.7540 Y-175.2143
G1 X139.2460 Y-181.1508
G1 X133.9841 Y-181.5556
G1 X134.5238 Y-183.7143
G1 X138.0317 Y-186.1429
G1 X144.1032 Y-189.1111
G1 X145.0476 Y-191.0000
G1 X143.0238 Y-191.8095
G1 X135.4683 Y-189.3810
G1 X133.7143 Y-189.3810
G1 X130.8810 Y-192.8889
G1 X129.1270 Y-192.8889
G1 X123.5952 Y-190.5952
G1 X121.3016 Y-187.7619
G1 X119.4127 Y-184.2540
G1 X116.3095 Y-180.2063
G1 X116.1746 Y-176.8333
G1 X114.8254 Y-173.4603
G1 X115.3651 Y-172.3810
G1 X105.3810 Y-157.2698
G1 Z0.0000 F8000.0
G0 X97.4173 Y-167.8293 F15000.0
G1 Z11.9000 F8000.0
G1 X88.0845 Y-166.5440 F12000.0
G1 Z0.0000 F8000.0
G0 X81.2106 Y-166.2970 F15000.0
G1 Z11.9000 F8000.0
G1 X79.6731 Y-175.1435 F12000.0
G1 Z0.0000 F8000.0
G0 X81.7508 Y-180.2324 F15000.0
G1 Z11.9000 F8000.0
G1 X89.3403 Y-185.0513 F12000.0
G1 Z0.0000 F8000.0
G0 X91.5503 Y-189.2155 F15000.0
G1 Z11.9000 F8000.0
G1 X97.3212 Y-197.9311 F12000.0
G1 Z0.0000 F8000.0
G0 X95.1956 Y-198.4866 F15000.0
G1 Z11.9000 F8000.0
G1 X86.0107 Y-193.4950 F12000.0
G1 Z0.0000 F8000.0
G0 X86.0015 Y-194.7932 F15000.0
G1 Z11.9000 F8000.0
G1 X90.0449 Y-206.0703 F12000.0
G1 Z0.0000 F8000.0
G0 X92.1397 Y-206.8145 F15000.0
G1 Z11.9000 F8000.0
G1 X80.9107 Y-207.5957 F12000.0
G1 Z0.0000 F8000.0
G0 X80.6371 Y-207.8999 F15000.0
G1 Z11.9000 F8000.0
G1 X68.7416 Y-214.0719 F12000.0
G1 Z0.0000 F8000.0
G0 X69.8466 Y-212.0700 F15000.0
G1 Z11.9000 F8000.0
G1 X57.4792 Y-214.8075 F12000.0
G1 Z0.0000 F8000.0
G0 X58.9545 Y-215.0537 F15000.0
G1 Z11.9000 F8000.0
G1 X61.5166 Y-225.1161 F12000.0
G1 Z0.0000 F8000.0
G0 X61.5093 Y-225.5398 F15000.0
G1 Z11.9000 F8000.0
G1 X63.2094 Y-234.2014 F12000.0
G1 Z0.0000 F8000.0
G0 X63.1866 Y-233.9542 F15000.0
G1 Z11.9000 F8000.0
G1 X63.5281 Y-225.0924 F12000.0
G1 Z0.0000 F8000.0
G0 X64.5234 Y-227.0732 F15000.0
G1 Z11.9000 F8000.0
G1 X59.2557 Y-233.4111 F12000.0
G1 Z0.0000 F8000.0
G0 X57.3906 Y-232.1430 F15000.0
G1 Z11.9000 F8000.0
G1 X64.1951 Y-233.5605 F12000.0
G1 Z0.0000 F8000.0
G0 X64.1914 Y-234.5198 F15000.0
G1 Z11.9000 F8000.0
G1 X64.4784 Y-244.8397 F12000.0
G1 Z0.0000 F8000.0
G0 X65.5294 Y-244.9764 F15000.0
G1 Z11.9000 F8000.0
G1 X57.1630 Y-242.8409 F12000.0
G1 Z0.0000 F8000.0
G0 X59.9562 Y-243.2009 F15000.0
G1 Z11.9000 F8000.0
G1 X57.8679 Y-249.3727 F12000.0
G1 Z0.0000 F8000.0
G0 X58.3943 Y-250.4430 F15000.0
G1 Z11.9000 F8000.0
G1 X52.4880 Y-242.8595 F12000.0
G1 Z0.0000 F8000.0
G0 X53.0317 Y-243.0794 F15000.0
G1 Z11.9000 F8000.0
G1 X58.9683 Y-248.3413 F12000.0
G1 X66.6587 Y-248.7460
G1 X66.9286 Y-249.2857
G1 X60.9921 Y-248.7460
G1 X59.9127 Y-248.0714
G1 X58.5635 Y-248.3413
G1 X53.0317 Y-242.5397
G1 Z0.0000 F8000.0
G0 X51.1157 Y-242.4507 F15000.0
G1 Z11.9000 F8000.0
G1 X45.3176 Y-235.9184 F12000.0
G1 Z0.0000 F8000.0
G0 X43.7082 Y-235.0044 F15000.0
G1 Z11.9000 F8000.0
G1 X44.5072 Y-242.3314 F12000.0
G1 Z0.0000 F8000.0
G0 X42.8982 Y-244.4106 F15000.0
G1 Z11.9000 F8000.0
G1 X37.5617 Y-249.4137 F12000.0
G1 Z0.0000 F8000.0
G0 X38.2386 Y-251.2097 F15000.0
G1 Z11.9000 F8000.0
G1 X38.5853 Y-243.1109 F12000.0
G1 Z0.0000 F8000.0
G0 X39.6627 Y-242.4870 F15000.0
G1 Z11.9000 F8000.0
G1 X42.4448 Y-236.6680 F12000.0
G1 X48.2672 Y-243.3752 F12000.0
G1 Z0.0000 F8000.0
G0 X45.0504 Y-245.2207 F15000.0
G1 Z11.9000 F8000.0
G1 X38.8339 Y-238.7392 F12000.0
G1 Z0.0000 F8000.0
G0 X37.3810 Y-240.3810 F15000.0
G1 Z11.9000 F8000.0
G1 X37.1111 Y-241.8651 F12000.0
G1 X37.6508 Y-242.6746
G1 X34.8175 Y-246.4524
G1 X35.0873 Y-248.0714
G1 X41.2937 Y-251.9841
G1 X43.7222 Y-252.5238
G1 X45.4762 Y-252.1190
G1 X46.8254 Y-249.5556
G1 X44.3968 Y-246.7222
G1 X39.2698 Y-244.9683
G1 X39.8095 Y-242.2698
G1 X39.4048 Y-241.1905
G1 X37.3810 Y-240.3810
G1 Z0.0000 F8000.0
G0 X36.1966 Y-242.9361 F15000.0
G1 Z11.9000 F8000.0
G1 X27.3494 Y-242.2584 F12000.0
G1 Z0.0000 F8000.0
G0 X29.2788 Y-243.4351 F15000.0
G1 Z11.9000 F8000.0
G1 X21.7871 Y-246.9344 F12000.0
G1 Z0.0000 F8000.0
G0 X22.0856 Y-248.1055 F15000.0
G1 Z11.9000 F8000.0
G1 X16.1529 Y-241.7933 F12000.0
G1 Z0.0000 F8000.0
G0 X15.6301 Y-240.0679 F15000.0
G1 Z11.9000 F8000.0
G1 X7.3168 Y-242.8987 F12000.0
G1 Z0.0000 F8000.0
G0 X8.2043 Y-243.2583 F15000.0
G1 Z11.9000 F8000.0
G1 X7.0493 Y-234.7085 F12000.0
G1 Z0.0000 F8000.0
G0 X9.9330 Y-235.0049 F15000.0
G1 Z11.9000 F8000.0
G1 X5.0903 Y-238.1344 F12000.0
G1 Z0.0000 F8000.0
G0 X5.3211 Y-237.6992 F15000.0
G1 Z11.9000 F8000.0
G1 X11.3098 Y-242.1206 F12000.0
G1 Z0.0000 F8000.0
G0 X8.1229 Y-240.3920 F15000.0
G1 Z11.9000 F8000.0
G1 X16.8778 Y-238.7198 F12000.0
G1 Z0.0000 F8000.0
G0 X17.1568 Y-237.6248 F15000.0
G1 Z11.9000 F8000.0
G1 X26.0329 Y-236.6490 F12000.0
G1 Z0.0000 F8000.0
G0 X26.4127 Y-234.5236 F15000.0
G1 Z11.9000 F8000.0
G1 X17.9244 Y-232.3404 F12000.0
G1 Z0.0000 F8000.0
G0 X19.1664 Y-230.8913 F15000.0
G1 Z11.9000 F8000.0
G1 X19.8355 Y-222.2419 F12000.0
G1 Z0.0000 F8000.0
G0 X18.9526 Y-221.9060 F15000.0
G1 Z11.9000 F8000.0
G1 X26.7801 Y-226.0639 F12000.0
G1 Z0.0000 F8000.0
G0 X27.0872 Y-230.0414 F15000.0
G1 Z11.9000 F8000.0
G1 X18.4059 Y-227.9082 F12000.0
G1 Z0.0000 F8000.0
G0 X15.6906 Y-228.3435 F15000.0
G1 Z11.9000 F8000.0
G1 X22.5707 Y-233.0061 F12000.0
G1 Z0.0000 F8000.0
G0 X22.8095 Y-232.2857 F15000.0
G1 Z11.9000 F8000.0
G1 X23.6190 Y-233.0952 F12000.0
G1 X25.2381 Y-232.6905
G1 X26.8571 Y-234.8492
G1 X27.6667 Y-233.6349
G1 X29.4206 Y-236.6032
G1 X27.9365 Y-235.1190
G1 X27.3968 Y-235.9286
G1 X28.6111 Y-239.5714
G1 X31.0397 Y-240.1111
G1 X31.4444 Y-239.5714
G1 X33.8730 Y-243.6190
G1 X35.6270 Y-244.1587
G1 X37.5159 Y-243.0794
G1 X37.7857 Y-242.2698
G1 X35.3571 Y-240.6508
G1 X36.0317 Y-239.5714
G1 X39.9444 Y-239.7063
G1 X36.4365 Y-239.7063
G1 X35.6270 Y-240.5159
G1 X40.2143 Y-243.4841
G1 X42.5079 Y-243.3492
G1 X42.9127 Y-243.8889
G1 X40.4841 Y-243.0794
G1 X39.1349 Y-244.8333
G1 X39.2698 Y-243.3492
G1 X38.3254 Y-242.8095
G1 X35.4921 Y-244.4286
G1 X33.7381 Y-243.6190
G1 X30.6349 Y-240.5159
G1 X27.5317 Y-240.6508
G1 X27.5317 Y-241.8651
G1 X26.0476 Y-240.7857
G1 X23.4841 Y-241.5952
G1 X22.4048 Y-243.7540
G1 X22.4048 Y-242.1349
G1 X19.5714 Y-242.8095
G1 X18.3571 Y-241.0556
G1 X23.0794 Y-239.8413
G1 X19.7063 Y-242.2698
G1 X19.9762 Y-242.8095
G1 X28.3413 Y-240.1111
G1 X21.8651 Y-236.1984
G1 X19.1667 Y-236.6032
G1 X16.1984 Y-239.0317
G1 X16.3333 Y-241.7302
G1 X17.6825 Y-242.6746
G1 X16.6032 Y-242.6746
G1 X15.1190 Y-241.3254
G1 X13.2302 Y-240.5159
G1 X13.5000 Y-239.5714
G1 X13.6349 Y-240.6508
G1 X14.7143 Y-241.1905
G1 X15.5238 Y-240.6508
G1 X17.1429 Y-237.6825
G1 X20.1111 Y-236.1984
G1 X23.0794 Y-236.7381
G1 X26.0476 Y-238.7619
G1 X27.8016 Y-238.4921
G1 X27.3968 Y-236.8730
G1 X25.5079 Y-236.1984
G1 X27.3968 Y-235.9286
G1 X24.8333 Y-232.6905
G1 X23.0794 Y-234.3095
G1 X22.5397 Y-233.7698
G1 X23.0794 Y-233.0952
G1 X22.2698 Y-232.2857
G1 Z0.0000 F8000.0
G0 X23.3860 Y-235.6592 F15000.0
G1 Z11.9000 F8000.0
G1 X15.3143 Y-239.3762 F12000.0
G1 Z0.0000 F8000.0
G0 X14.4780 Y-238.9140 F15000.0
G1 Z11.9000 F8000.0
G1 X5.8468 Y-238.1443 F12000.0
G1 Z0.0000 F8000.0
G0 X5.1112 Y-237.6111 F15000.0
G1 Z11.9000 F8000.0
G1 X12.6795 Y-235.1003 F12000.0
G1 Z0.0000 F8000.0
G0 X14.2746 Y-237.7248 F15000.0
G1 Z11.9000 F8000.0
G1 X22.6185 Y-237.6757 F12000.0
G1 Z0.0000 F8000.0
G0 X21.1028 Y-236.1084 F15000.0
G1 Z11.9000 F8000.0
G1 X29.7004 Y-233.4940 F12000.0
G1 Z0.0000 F8000.0
G0 X32.3749 Y-233.1861 F15000.0
G1 Z11.9000 F8000.0
G1 X23.7301 Y-235.6499 F12000.0
G1 Z0.0000 F8000.0
G0 X26.0392 Y-231.8192 F15000.0
G1 Z11.9000 F8000.0
G1 X35.6058 Y-228.1578 F12000.0
G1 Z0.0000 F8000.0
G0 X33.7627 Y-230.2877 F15000.0
G1 Z11.9000 F8000.0
G1 X42.4857 Y-230.1600 F12000.0
G1 Z0.0000 F8000.0
G0 X42.2933 Y-230.2035 F15000.0
G1 Z11.9000 F8000.0
G1 X48.9930 Y-232.2758 F12000.0
G1 Z0.0000 F8000.0
G0 X47.3303 Y-231.3451 F15000.0
G1 Z11.9000 F8000.0
G1 X39.1453 Y-227.6595 F12000.0
G1 Z0.0000 F8000.0
G0 X39.8904 Y-228.3036 F15000.0
G1 Z11.9000 F8000.0
G1 X32.3814 Y-232.5633 F12000.0
G1 Z0.0000 F8000.0
G0 X35.0249 Y-231.4952 F15000.0
G1 Z11.9000 F8000.0
G1 X42.2709 Y-234.9859 F12000.0
G1 Z0.0000 F8000.0
G0 X42.1423 Y-236.4140 F15000.0
G1 Z11.9000 F8000.0
G1 X50.3134 Y-234.5389 F12000.0
G1 Z0.0000 F8000.0
G0 X52.4175 Y-231.2181 F15000.0
G1 Z11.9000 F8000.0
G1 X48.7505 Y-223.3882 F12000.0
G1 Z0.0000 F8000.0
G0 X49.4562 Y-223.4262 F15000.0
G1 Z11.9000 F8000.0
G1 X48.0965 Y-229.3307 F12000.0
G1 Z0.0000 F8000.0
G0 X45.2547 Y-231.6852 F15000.0
G1 Z11.9000 F8000.0
G1 X51.8955 Y-230.9173 F12000.0
G1 Z0.0000 F8000.0
G0 X48.5712 Y-224.8235 F15000.0
G1 Z11.9000 F8000.0
G1 X44.0173 Y-217.4383 F12000.0
G1 Z0.0000 F8000.0
G0 X42.8286 Y-216.2955 F15000.0
G1 Z11.9000 F8000.0
G1 X50.0005 Y-220.6989 F12000.0
G1 Z0.0000 F8000.0
G0 X50.9155 Y-220.8298 F15000.0
G1 Z11.9000 F8000.0
G1 X43.7668 Y-220.1903 F12000.0
G1 Z0.0000 F8000.0
G0 X44.6382 Y-220.7497 F15000.0
G1 Z11.9000 F8000.0
G1 X43.9412 Y-228.0254 F12000.0
G1 Z0.0000 F8000.0
G0 X40.3792 Y-228.1814 F15000.0
G1 Z11.9000 F8000.0
G1 X41.7126 Y-236.5697 F12000.0
G1 Z0.0000 F8000.0
G0 X38.3784 Y-236.0163 F15000.0
G1 Z11.9000 F8000.0
G1 X31.9470 Y-242.0331 F12000.0
G1 Z0.0000 F8000.0
G0 X31.0709 Y-242.2234 F15000.0
G1 Z11.9000 F8000.0
G1 X22.3974 Y-242.0465 F12000.0
G1 Z0.0000 F8000.0
G0 X17.0661 Y-244.6806 F15000.0
G1 Z11.9000 F8000.0
G1 X8.7362 Y-246.8528 F12000.0
G1 Z0.0000 F8000.0
G0 X8.7813 Y-247.0017 F15000.0
G1 Z11.9000 F8000.0
G1 X5.4194 Y-251.3665 F12000.0
G1 Z0.0000 F8000.0
G0 X6.0122 Y-248.4221 F15000.0
G1 Z11.9000 F8000.0
G1 X14.2329 Y-250.8642 F12000.0
G1 Z0.0000 F8000.0
G0 X13.5807 Y-252.9059 F15000.0
G1 Z11.9000 F8000.0
G1 X15.3301 Y-248.0017 F12000.0
G1 Z0.0000 F8000.0
G0 X24.6307 Y-253.0389 F15000.0
G1 Z11.9000 F8000.0
G1 X30.2764 Y-252.8186 F12000.0
G1 Z0.0000 F8000.0
G0 X32.1929 Y-253.1520 F15000.0
G1 Z11.9000 F8000.0
G1 X28.9136 Y-249.2837 F12000.0
G1 Z0.0000 F8000.0
G0 X32.0762 Y-248.4567 F15000.0
G1 Z11.9000 F8000.0
G1 X34.8586 Y-252.8834 F12000.0
G1 Z0.0000 F8000.0
G0 X35.0761 Y-252.9642 F15000.0
G1 Z11.9000 F8000.0
G1 X33.2063 Y-246.5418 F12000.0
G1 Z0.0000 F8000.0
G0 X50.2175 Y-240.1782 F15000.0
G1 Z11.9000 F8000.0
G1 X53.5798 Y-247.8650 F12000.0
G1 Z0.0000 F8000.0
G0 X52.8268 Y-248.3991 F15000.0
G1 Z11.9000 F8000.0
G1 X55.1046 Y-252.8397 F12000.0
G1 Z0.0000 F8000.0
G0 X52.1876 Y-253.2905 F15000.0
G1 Z11.9000 F8000.0
G1 X52.3634 Y-248.0918 F12000.0
G1 Z0.0000 F8000.0
G0 X53.0317 Y-249.5556 F15000.0
G1 Z11.9000 F8000.0
G1 X44.9365 Y-252.6587 F12000.0
G1 X48.5794 Y-251.9841
G1 X50.1984 Y-252.5238
G1 X51.5476 Y-251.9841
G1 X52.2222 Y-252.3889
G1 X53.3016 Y-251.3095
G1 X54.2460 Y-252.5238
G1 X56.6746 Y-251.3095
G1 X58.1587 Y-252.3889
G1 X53.9762 Y-251.3095
G1 X48.8492 Y-251.8492
G1 X52.3571 Y-250.0952
G1 X54.2460 Y-249.8254
G1 X56.0000 Y-250.3651
G1 X53.5714 Y-249.5556
G1 Z0.0000 F8000.0
G0 X56.7921 Y-247.5570 F15000.0
G1 Z11.9000 F8000.0
G1 X63.3828 Y-244.1048 F12000.0
G1 Z0.0000 F8000.0
G0 X65.4444 Y-243.6190 F15000.0
G1 Z11.9000 F8000.0
G1 X62.6111 Y-245.6429 F12000.0
G1 X60.7222 Y-246.1825
G1 X57.4841 Y-245.3730
G1 X55.4603 Y-244.1587
G1 X58.4286 Y-245.9127
G1 X60.5873 Y-246.1825
G1 X65.9841 Y-243.6190
G1 Z0.0000 F8000.0
G0 X65.7537 Y-243.5900 F15000.0
G1 Z11.9000 F8000.0
G1 X57.2535 Y-247.6957 F12000.0
G1 Z0.0000 F8000.0
G0 X54.9838 Y-245.2580 F15000.0
G1 Z11.9000 F8000.0
G1 X64.9144 Y-247.6981 F12000.0
G1 Z0.0000 F8000.0
G0 X61.5085 Y-250.6689 F15000.0
G1 Z11.9000 F8000.0
G1 X66.2131 Y-252.9703 F12000.0
G1 Z0.0000 F8000.0
G0 X69.9178 Y-249.1097 F15000.0
G1 Z11.9000 F8000.0
G1 X68.9799 Y-237.5252 F12000.0
G1 Z0.0000 F8000.0
G0 X65.8384 Y-236.5115 F15000.0
G1 Z11.9000 F8000.0
G1 X71.1982 Y-246.9383 F12000.0
G1 Z0.0000 F8000.0
G0 X72.4482 Y-247.0233 F15000.0
G1 Z11.9000 F8000.0
G1 X82.8690 Y-251.2120 F12000.0
G1 Z0.0000 F8000.0
G0 X82.7260 Y-250.3119 F15000.0
G1 Z11.9000 F8000.0
G1 X77.5406 Y-252.7698 F12000.0
G1 Z0.0000 F8000.0
G0 X77.7060 Y-253.1672 F15000.0
G1 Z11.9000 F8000.0
G1 X80.8591 Y-247.3637 F12000.0
G1 Z0.0000 F8000.0
G0 X80.7929 Y-245.7916 F15000.0
G1 Z11.9000 F8000.0
G1 X76.0912 Y-252.9230 F12000.0
G1 Z0.0000 F8000.0
G0 X74.0655 Y-252.8360 F15000.0
G1 Z11.9000 F8000.0
G1 X73.4784 Y-243.1559 F12000.0
G1 Z0.0000 F8000.0
G0 X72.6295 Y-244.0055 F15000.0
G1 Z11.9000 F8000.0
G1 X82.7795 Y-242.1899 F12000.0
G1 Z0.0000 F8000.0
G0 X81.5321 Y-242.4723 F15000.0
G1 Z11.9000 F8000.0
G1 X71.4699 Y-244.7513 F12000.0
G1 Z0.0000 F8000.0
G0 X75.1033 Y-240.8559 F15000.0
G1 Z11.9000 F8000.0
G1 X88.3305 Y-239.4625 F12000.0
G1 Z0.0000 F8000.0
G0 X88.9768 Y-237.8051 F15000.0
G1 Z11.9000 F8000.0
G1 X95.2191 Y-227.4962 F12000.0
G1 Z0.0000 F8000.0
G0 X93.2404 Y-226.2223 F15000.0
G1 Z11.9000 F8000.0
G1 X94.6438 Y-235.6009 F12000.0
G1 Z0.0000 F8000.0
G0 X94.9636 Y-239.2212 F15000.0
G1 Z11.9000 F8000.0
G1 X98.7252 Y-249.5943 F12000.0
G1 Z0.0000 F8000.0
G0 X99.1743 Y-252.7853 F15000.0
G1 Z11.9000 F8000.0
G1 X99.4874 Y-243.0505 F12000.0
G1 Z0.0000 F8000.0
G0 X98.0844 Y-245.5801 F15000.0
G1 Z11.9000 F8000.0
G1 X98.1088 Y-253.0679 F12000.0
G1 Z0.0000 F8000.0
G0 X101.1700 Y-252.8055 F15000.0
G1 Z11.9000 F8000.0
G1 X95.7909 Y-246.7719 F12000.0
G1 Z0.0000 F8000.0
G0 X93.2949 Y-246.2342 F15000.0
G1 Z11.9000 F8000.0
G1 X80.1770 Y-243.1536 F12000.0
G1 Z0.0000 F8000.0
G0 X82.0612 Y-243.4638 F15000.0
G1 Z11.9000 F8000.0
G1 X74.8089 Y-250.4167 F12000.0
G1 Z0.0000 F8000.0
G0 X71.6589 Y-250.5908 F15000.0
G1 Z11.9000 F8000.0
G1 X73.3116 Y-239.7391 F12000.0
G1 Z0.0000 F8000.0
G0 X73.4100 Y-233.8177 F15000.0
G1 Z11.9000 F8000.0
G1 X66.3717 Y-226.1949 F12000.0
G1 Z0.0000 F8000.0
G0 X65.6850 Y-227.7478 F15000.0
G1 Z11.9000 F8000.0
G1 X68.5055 Y-217.8841 F12000.0
G1 Z0.0000 F8000.0
G0 X69.6153 Y-219.9453 F15000.0
G1 Z11.9000 F8000.0
G1 X80.5971 Y-212.4704 F12000.0
G1 Z0.0000 F8000.0
G0 X82.4744 Y-211.7620 F15000.0
G1 Z11.9000 F8000.0
G1 X83.9537 Y-201.4813 F12000.0
G1 Z0.0000 F8000.0
G0 X84.9053 Y-201.5204 F15000.0
G1 Z11.9000 F8000.0
G1 X75.1899 Y-210.8253 F12000.0
G1 Z0.0000 F8000.0
G0 X73.8262 Y-208.4125 F15000.0
G1 Z11.9000 F8000.0
G1 X84.6667 Y-200.4982 F12000.0
G1 Z0.0000 F8000.0
G0 X82.7194 Y-198.1973 F15000.0
G1 Z11.9000 F8000.0
G1 X73.2017 Y-205.2819 F12000.0
G1 Z0.0000 F8000.0
G0 X72.1257 Y-203.4888 F15000.0
G1 Z11.9000 F8000.0
G1 X67.2986 Y-197.6979 F12000.0
G1 Z0.0000 F8000.0
G0 X68.0693 Y-196.5348 F15000.0
G1 Z11.9000 F8000.0
G1 X64.1211 Y-204.0085 F12000.0
G1 Z0.0000 F8000.0
G0 X63.6154 Y-203.6933 F15000.0
G1 Z11.9000 F8000.0
G1 X67.9310 Y-193.6952 F12000.0
G1 Z0.0000 F8000.0
G0 X67.5976 Y-191.9510 F15000.0
G1 Z11.9000 F8000.0
G1 X75.0509 Y-197.4167 F12000.0
G1 Z0.0000 F8000.0
G0 X74.8346 Y-199.1836 F15000.0
G1 Z11.9000 F8000.0
G1 X63.3227 Y-199.5470 F12000.0
G1 Z0.0000 F8000.0
G0 X63.2950 Y-199.9716 F15000.0
G1 Z11.9000 F8000.0
G1 X61.2487 Y-190.1276 F12000.0
G1 Z0.0000 F8000.0
G0 X60.1917 Y-191.0929 F15000.0
G1 Z11.9000 F8000.0
G1 X54.7337 Y-201.7277 F12000.0
G1 Z0.0000 F8000.0
G0 X55.2344 Y-202.0514 F15000.0
G1 Z11.9000 F8000.0
G1 X60.5337 Y-209.3039 F12000.0
G1 Z0.0000 F8000.0
G0 X59.7693 Y-208.8344 F15000.0
G1 Z11.9000 F8000.0
G1 X71.1095 Y-209.2260 F12000.0
G1 Z0.0000 F8000.0
G0 X71.8333 Y-210.4530 F15000.0
G1 Z11.9000 F8000.0
G1 X60.0474 Y-216.2463 F12000.0
G1 Z0.0000 F8000.0
G0 X58.1399 Y-217.7068 F15000.0
G1 Z11.9000 F8000.0
G1 X66.1131 Y-213.0405 F12000.0
G1 Z0.0000 F8000.0
G0 X65.8289 Y-212.8208 F15000.0
G1 Z11.9000 F8000.0
G1 X76.8045 Y-204.9912 F12000.0
G1 Z0.0000 F8000.0
G0 X76.3462 Y-203.2931 F15000.0
G1 Z11.9000 F8000.0
G1 X88.0735 Y-202.8165 F12000.0
G1 Z0.0000 F8000.0
G0 X87.3919 Y-206.5926 F15000.0
G1 Z11.9000 F8000.0
G1 X78.9857 Y-216.9292 F12000.0
G1 Z0.0000 F8000.0
G0 X79.9810 Y-215.8748 F15000.0
G1 Z11.9000 F8000.0
G1 X79.7325 Y-205.4089 F12000.0
G1 Z0.0000 F8000.0
G0 X81.1683 Y-206.1699 F15000.0
G1 Z11.9000 F8000.0
G1 X90.3202 Y-211.7406 F12000.0
G1 Z0.0000 F8000.0
G0 X89.7885 Y-211.9280 F15000.0
G1 Z11.9000 F8000.0
G1 X79.3048 Y-214.2456 F12000.0
G1 Z0.0000 F8000.0
G0 X77.0712 Y-214.4637 F15000.0
G1 Z11.9000 F8000.0
G1 X87.9278 Y-209.7103 F12000.0
G1 X89.0471 Y-219.6081 F12000.0
G1 Z0.0000 F8000.0
G0 X88.4513 Y-217.7925 F15000.0
G1 Z11.9000 F8000.0
G1 X91.8998 Y-230.2724 F12000.0
G1 Z0.0000 F8000.0
G0 X87.7116 Y-233.0561 F15000.0
G1 Z11.9000 F8000.0
G1 X92.1939 Y-243.5077 F12000.0
G1 Z0.0000 F8000.0
G0 X93.1967 Y-247.7902 F15000.0
G1 Z11.9000 F8000.0
G1 X80.0480 Y-250.6382 F12000.0
G1 Z0.0000 F8000.0
G0 X82.5512 Y-253.0235 F15000.0
G1 Z11.9000 F8000.0
G1 X87.9075 Y-248.4379 F12000.0
G1 Z0.0000 F8000.0
G0 X88.3564 Y-245.9503 F15000.0
G1 Z11.9000 F8000.0
G1 X98.6307 Y-238.6899 F12000.0
G1 Z0.0000 F8000.0
G0 X96.7728 Y-241.9263 F15000.0
G1 Z11.9000 F8000.0
G1 X97.6675 Y-231.1258 F12000.0
G1 Z0.0000 F8000.0
G0 X106.5039 Y-226.4826 F15000.0
G1 Z11.9000 F8000.0
G1 X108.8287 Y-233.7646 F12000.0
G1 Z0.0000 F8000.0
G0 X110.0636 Y-235.4577 F15000.0
G1 Z11.9000 F8000.0
G1 X108.3562 Y-228.9086 F12000.0
G1 Z0.0000 F8000.0
G0 X110.3428 Y-231.8715 F15000.0
G1 Z11.9000 F8000.0
G1 X109.8645 Y-223.0231 F12000.0
G1 Z0.0000 F8000.0
G0 X101.8415 Y-211.2297 F15000.0
G1 Z11.9000 F8000.0
G1 X101.3942 Y-202.2975 F12000.0
G1 Z0.0000 F8000.0
G0 X100.4875 Y-202.5219 F15000.0
G1 Z11.9000 F8000.0
G1 X108.5742 Y-195.9445 F12000.0
G1 Z0.0000 F8000.0
G0 X106.1246 Y-192.6880 F15000.0
G1 Z11.9000 F8000.0
G1 X110.5824 Y-183.7218 F12000.0
G1 Z0.0000 F8000.0
G0 X110.4144 Y-188.1725 F15000.0
G1 Z11.9000 F8000.0
G1 X101.9579 Y-182.1148 F12000.0
G1 Z0.0000 F8000.0
G0 X100.8210 Y-183.5906 F15000.0
G1 Z11.9000 F8000.0
G1 X98.4970 Y-173.3771 F12000.0
G1 Z0.0000 F8000.0
G0 X98.4369 Y-178.6703 F15000.0
G1 Z11.9000 F8000.0
G1 X90.4462 Y-174.5854 F12000.0
G1 Z0.0000 F8000.0
G0 X95.2390 Y-184.0046 F15000.0
G1 Z11.9000 F8000.0
G1 X97.0954 Y-194.1979 F12000.0
G1 Z0.0000 F8000.0
G0 X95.1916 Y-193.7643 F15000.0
G1 Z11.9000 F8000.0
G1 X102.0094 Y-192.3000 F12000.0
G1 Z0.0000 F8000.0
G0 X94.2556 Y-197.5784 F15000.0
G1 Z11.9000 F8000.0
G1 X94.8503 Y-185.7041 F12000.0
G1 Z0.0000 F8000.0
G0 X83.9062 Y-190.1217 F15000.0
G1 Z11.9000 F8000.0
G1 X74.0845 Y-189.3926 F12000.0
G1 Z0.0000 F8000.0
G0 X70.1727 Y-187.6719 F15000.0
G1 Z11.9000 F8000.0
G1 X60.8652 Y-195.1609 F12000.0
G1 Z0.0000 F8000.0
G0 X59.3367 Y-196.2005 F15000.0
G1 Z11.9000 F8000.0
G1 X65.9593 Y-186.6888 F12000.0
G1 Z0.0000 F8000.0
G0 X65.4891 Y-184.9549 F15000.0
G1 Z11.9000 F8000.0
G1 X58.0437 Y-193.7993 F12000.0
G1 Z0.0000 F8000.0
G0 X56.8502 Y-191.8690 F15000.0
G1 Z11.9000 F8000.0
G1 X59.9157 Y-201.8331 F12000.0
G1 Z0.0000 F8000.0
G0 X59.6175 Y-203.0945 F15000.0
G1 Z11.9000 F8000.0
G1 X50.8726 Y-207.4786 F12000.0
G1 Z0.0000 F8000.0
G0 X52.0287 Y-206.9672 F15000.0
G1 Z11.9000 F8000.0
G1 X61.7355 Y-205.9641 F12000.0
G1 Z0.0000 F8000.0
G0 X59.4675 Y-206.5253 F15000.0
G1 Z11.9000 F8000.0
G1 X50.5318 Y-214.0421 F12000.0
G1 Z0.0000 F8000.0
G0 X50.9176 Y-213.6985 F15000.0
G1 Z11.9000 F8000.0
G1 X57.6594 Y-223.4136 F12000.0
G1 Z0.0000 F8000.0
G0 X55.5240 Y-224.8463 F15000.0
G1 Z11.9000 F8000.0
G1 X49.5659 Y-218.1876 F12000.0
G1 Z0.0000 F8000.0
G0 X50.0509 Y-215.9865 F15000.0
G1 Z11.9000 F8000.0
G1 X48.7670 Y-207.0811 F12000.0
G1 Z0.0000 F8000.0
G0 X48.1746 Y-205.8413 F15000.0
G1 Z11.9000 F8000.0
G1 X48.5794 Y-207.4603 F12000.0
G1 X48.3095 Y-206.3810
G1 X46.9603 Y-207.8651
G1 X47.0952 Y-208.8095
G1 X48.5794 Y-210.0238
G1 X47.3651 Y-212.0476
G1 X44.9365 Y-211.9127
G1 X48.5794 Y-210.4286
G1 X46.6905 Y-207.5952
G1 X48.7143 Y-205.3016
G1 Z0.0000 F8000.0
G0 X48.0301 Y-205.6391 F15000.0
G1 Z11.9000 F8000.0
G1 X49.8539 Y-196.9304 F12000.0
G1 Z0.0000 F8000.0
G0 X50.0233 Y-192.9605 F15000.0
G1 Z11.9000 F8000.0
G1 X41.4309 Y-193.5636 F12000.0
G1 Z0.0000 F8000.0
G0 X41.8397 Y-194.2982 F15000.0
G1 Z11.9000 F8000.0
G1 X41.3788 Y-202.6698 F12000.0
G1 Z0.0000 F8000.0
G0 X39.9102 Y-199.3401 F15000.0
G1 Z11.9000 F8000.0
G1 X33.1359 Y-195.3804 F12000.0
G1 Z0.0000 F8000.0
G0 X31.6070 Y-196.8360 F15000.0
G1 Z11.9000 F8000.0
G1 X31.4476 Y-205.5692 F12000.0
G1 Z0.0000 F8000.0
G0 X32.0058 Y-207.7139 F15000.0
G1 Z11.9000 F8000.0
G1 X36.7633 Y-212.1989 F12000.0
G1 Z0.0000 F8000.0
G0 X36.3629 Y-212.6262 F15000.0
G1 Z11.9000 F8000.0
G1 X33.0792 Y-218.2922 F12000.0
G1 Z0.0000 F8000.0
G0 X30.0065 Y-222.7263 F15000.0
G1 Z11.9000 F8000.0
G1 X38.7492 Y-221.3263 F12000.0
G1 Z0.0000 F8000.0
G0 X39.7097 Y-221.5965 F15000.0
G1 Z11.9000 F8000.0
G1 X46.5859 Y-221.8241 F12000.0
G1 Z0.0000 F8000.0
G0 X45.0093 Y-222.3221 F15000.0
G1 Z11.9000 F8000.0
G1 X48.2449 Y-214.9956 F12000.0
G1 Z0.0000 F8000.0
G0 X49.0806 Y-215.6658 F15000.0
G1 Z11.9000 F8000.0
G1 X52.8624 Y-207.5064 F12000.0
G1 Z0.0000 F8000.0
G0 X51.5516 Y-210.2956 F15000.0
G1 Z11.9000 F8000.0
G1 X56.9354 Y-198.1043 F12000.0
G1 Z0.0000 F8000.0
G0 X57.6141 Y-198.6136 F15000.0
G1 Z11.9000 F8000.0
G1 X64.4533 Y-188.8244 F12000.0
G1 Z0.0000 F8000.0
G0 X63.5428 Y-190.7538 F15000.0
G1 Z11.9000 F8000.0
G1 X56.4217 Y-202.1924 F12000.0
G1 Z0.0000 F8000.0
G0 X57.3266 Y-202.3559 F15000.0
G1 Z11.9000 F8000.0
G1 X46.8971 Y-208.2067 F12000.0
G1 Z0.0000 F8000.0
G0 X44.9825 Y-210.5298 F15000.0
G1 Z11.9000 F8000.0
G1 X49.6238 Y-202.8246 F12000.0
G1 Z0.0000 F8000.0
G0 X51.2050 Y-202.9271 F15000.0
G1 Z11.9000 F8000.0
G1 X51.8554 Y-214.7223 F12000.0
G1 Z0.0000 F8000.0
G0 X54.4344 Y-215.4210 F15000.0
G1 Z11.9000 F8000.0
G1 X56.6433 Y-205.8312 F12000.0
G1 Z0.0000 F8000.0
G0 X57.1737 Y-206.0777 F15000.0
G1 Z11.9000 F8000.0
G1 X62.1222 Y-214.7905 F12000.0
G1 Z0.0000 F8000.0
G0 X64.0863 Y-213.4152 F15000.0
G1 Z11.9000 F8000.0
G1 X75.8198 Y-215.4343 F12000.0
G1 Z0.0000 F8000.0
G0 X75.4446 Y-215.1604 F15000.0
G1 Z11.9000 F8000.0
G1 X86.9938 Y-212.1034 F12000.0
G1 Z0.0000 F8000.0
G0 X88.6794 Y-212.6501 F15000.0
G1 Z11.9000 F8000.0
G1 X92.3815 Y-201.4068 F12000.0
G1 Z0.0000 F8000.0
G0 X92.2341 Y-204.9938 F15000.0
G1 Z11.9000 F8000.0
G1 X92.9134 Y-218.4443 F12000.0
G1 Z0.0000 F8000.0
G0 X88.8835 Y-217.6000 F15000.0
G1 Z11.9000 F8000.0
G1 X85.4612 Y-226.7045 F12000.0
G1 Z0.0000 F8000.0
G0 X81.1909 Y-228.3506 F15000.0
G1 Z11.9000 F8000.0
G1 X77.4546 Y-216.6065 F12000.0
G1 Z0.0000 F8000.0
G0 X81.1960 Y-217.1828 F15000.0
G1 Z11.9000 F8000.0
G1 X91.6516 Y-212.7399 F12000.0
G1 Z0.0000 F8000.0
G0 X91.2025 Y-210.0239 F15000.0
G1 Z11.9000 F8000.0
G1 X81.3826 Y-216.6895 F12000.0
G1 Z0.0000 F8000.0
G0 X83.1397 Y-217.0589 F15000.0
G1 Z11.9000 F8000.0
G1 X94.4606 Y-214.5133 F12000.0
G1 Z0.0000 F8000.0
G0 X85.9154 Y-219.8493 F15000.0
G1 Z11.9000 F8000.0
G1 X84.4232 Y-209.5616 F12000.0
G1 Z0.0000 F8000.0
G0 X85.4233 Y-209.3657 F15000.0
G1 Z11.9000 F8000.0
G1 X74.3647 Y-213.9429 F12000.0
G1 Z0.0000 F8000.0
G0 X72.3200 Y-210.2625 F15000.0
G1 Z11.9000 F8000.0
G1 X76.1151 Y-201.3253 F12000.0
G1 Z0.0000 F8000.0
G0 X74.1183 Y-202.3211 F15000.0
G1 Z11.9000 F8000.0
G1 X84.2703 Y-197.3836 F12000.0
G1 Z0.0000 F8000.0
G0 X78.6183 Y-195.3053 F15000.0
G1 Z11.9000 F8000.0
G1 X68.1208 Y-200.3771 F12000.0
G1 Z0.0000 F8000.0
G0 X67.7247 Y-202.5751 F15000.0
G1 Z11.9000 F8000.0
G1 X76.8517 Y-197.6657 F12000.0
G1 Z0.0000 F8000.0
G0 X77.9611 Y-197.4382 F15000.0
G1 Z11.9000 F8000.0
G1 X76.8774 Y-207.8106 F12000.0
G1 Z0.0000 F8000.0
G0 X75.8374 Y-207.7242 F15000.0
G1 Z11.9000 F8000.0
G1 X64.5598 Y-215.1418 F12000.0
G1 Z0.0000 F8000.0
G0 X66.0665 Y-218.4610 F15000.0
G1 Z11.9000 F8000.0
G1 X68.9225 Y-230.9558 F12000.0
G1 Z0.0000 F8000.0
G0 X71.6410 Y-227.3144 F15000.0
G1 Z11.9000 F8000.0
G1 X64.2786 Y-236.7557 F12000.0
G1 Z0.0000 F8000.0
G0 X61.2821 Y-236.4391 F15000.0
G1 Z11.9000 F8000.0
G1 X53.3269 Y-238.3526 F12000.0
G1 Z0.0000 F8000.0
G0 X62.2063 Y-233.3651 F15000.0
G1 Z11.9000 F8000.0
G1 X61.5317 Y-234.1746 F12000.0
G1 X63.0159 Y-233.6349
G1 X63.5556 Y-234.7143
G1 X61.8016 Y-236.8730
G1 X61.6667 Y-238.2222
G1 X59.7778 Y-239.5714
G1 X59.3730 Y-238.3571
G1 X60.1825 Y-237.5476
G1 X55.7302 Y-239.0317
G1 X54.5159 Y-238.6270
G1 X56.0000 Y-239.5714
G1 X59.1032 Y-239.0317
G1 X60.3175 Y-239.8413
G1 X61.8016 Y-238.2222
G1 X62.7460 Y-238.0873
G1 X63.9603 Y-239.4365
G1 X63.2857 Y-239.7063
G1 X64.3651 Y-239.4365
G1 X62.4762 Y-237.2778
G1 X62.2063 Y-236.0635
G1 X63.5556 Y-234.1746
G1 X62.7460 Y-233.3651
G1 Z0.0000 F8000.0
G0 X63.4210 Y-222.3672 F15000.0
G1 Z11.9000 F8000.0
G1 X71.4534 Y-224.8304 F12000.0
G1 Z0.0000 F8000.0
G0 X75.8549 Y-226.8146 F15000.0
G1 Z11.9000 F8000.0
G1 X81.2795 Y-237.4014 F12000.0
G1 Z0.0000 F8000.0
G0 X86.7667 Y-235.2297 F15000.0
G1 Z11.9000 F8000.0
G1 X81.2595 Y-223.1562 F12000.0
G1 Z0.0000 F8000.0
G0 X83.7455 Y-221.6291 F15000.0
G1 Z11.9000 F8000.0
G1 X74.9328 Y-220.1269 F12000.0
G1 Z0.0000 F8000.0
G0 X71.7934 Y-219.5350 F15000.0
G1 Z11.9000 F8000.0
G1 X83.1111 Y-212.3908 F12000.0
G1 Z0.0000 F8000.0
G0 X82.9570 Y-213.8767 F15000.0
G1 Z11.9000 F8000.0
G1 X83.3491 Y-203.4804 F12000.0
G1 Z0.0000 F8000.0
G0 X81.7608 Y-205.2244 F15000.0
G1 Z11.9000 F8000.0
G1 X70.1243 Y-211.8033 F12000.0
G1 Z0.0000 F8000.0
G0 X70.1801 Y-212.2419 F15000.0
G1 Z11.9000 F8000.0
G1 X58.8215 Y-219.1660 F12000.0
G1 Z0.0000 F8000.0
G0 X59.3908 Y-220.9248 F15000.0
G1 Z11.9000 F8000.0
G1 X55.6556 Y-211.3903 F12000.0
G1 Z0.0000 F8000.0
G0 X55.6413 Y-210.6298 F15000.0
G1 Z11.9000 F8000.0
G1 X52.7547 Y-222.0394 F12000.0
G1 Z0.0000 F8000.0
G0 X53.4044 Y-220.0516 F15000.0
G1 Z11.9000 F8000.0
G1 X66.3330 Y-220.4782 F12000.0
G1 Z0.0000 F8000.0
G0 X66.7372 Y-220.1292 F15000.0
G1 Z11.9000 F8000.0
G1 X55.5278 Y-219.7119 F12000.0
G1 Z0.0000 F8000.0
G0 X57.2070 Y-220.3237 F15000.0
G1 Z11.9000 F8000.0
G1 X70.3663 Y-219.9143 F12000.0
G1 Z0.0000 F8000.0
G0 X64.4589 Y-221.6228 F15000.0
G1 Z11.9000 F8000.0
G1 X60.8112 Y-210.6257 F12000.0
G1 Z0.0000 F8000.0
G0 X59.2209 Y-209.5893 F15000.0
G1 Z11.9000 F8000.0
G1 X70.0298 Y-204.7544 F12000.0
G1 Z0.0000 F8000.0
G0 X69.8914 Y-203.3819 F15000.0
G1 Z11.9000 F8000.0
G1 X70.4712 Y-211.4267 F12000.0
G1 Z0.0000 F8000.0
G0 X68.1590 Y-211.3862 F15000.0
G1 Z11.9000 F8000.0
G1 X64.1772 Y-220.9515 F12000.0
G1 Z0.0000 F8000.0
G0 X54.8827 Y-221.8203 F15000.0
G1 Z11.9000 F8000.0
G1 X50.8288 Y-210.6890 F12000.0
G1 Z0.0000 F8000.0
G0 X52.9143 Y-211.0316 F15000.0
G1 Z11.9000 F8000.0
G1 X64.3240 Y-207.8812 F12000.0
G1 Z0.0000 F8000.0
G0 X64.4988 Y-207.9853 F15000.0
G1 Z11.9000 F8000.0
G1 X70.9378 Y-201.4935 F12000.0
G1 Z0.0000 F8000.0
G0 X69.9486 Y-196.5159 F15000.0
G1 Z11.9000 F8000.0
G1 X58.6757 Y-199.4907 F12000.0
G1 Z0.0000 F8000.0
G0 X59.1429 Y-199.6239 F15000.0
G1 Z11.9000 F8000.0
G1 X56.5341 Y-189.4770 F12000.0
G1 Z0.0000 F8000.0
G0 X57.5006 Y-187.7951 F15000.0
G1 Z11.9000 F8000.0
G1 X53.0319 Y-180.4147 F12000.0
G1 Z0.0000 F8000.0
G0 X52.9763 Y-181.6681 F15000.0
G1 Z11.9000 F8000.0
G1 X61.5444 Y-180.7806 F12000.0
G1 Z0.0000 F8000.0
G0 X58.7870 Y-181.7550 F15000.0
G1 Z11.9000 F8000.0
G1 X52.3236 Y-177.3319 F12000.0
G1 Z0.0000 F8000.0
G0 X49.0301 Y-177.5727 F15000.0
G1 Z11.9000 F8000.0
G1 X53.0306 Y-169.5568 F12000.0
G1 Z0.0000 F8000.0
G0 X52.1023 Y-169.9534 F15000.0
G1 Z11.9000 F8000.0
G1 X45.8590 Y-173.6739 F12000.0
G1 Z0.0000 F8000.0
G0 X48.2077 Y-173.1129 F15000.0
G1 Z11.9000 F8000.0
G1 X40.4335 Y-169.1347 F12000.0
G1 Z0.0000 F8000.0
G0 X39.1856 Y-169.8885 F15000.0
G1 Z11.9000 F8000.0
G1 X38.2397 Y-161.3136 F12000.0
G1 Z0.0000 F8000.0
G0 X39.5239 Y-161.8126 F15000.0
G1 Z11.9000 F8000.0
G1 X34.8579 Y-154.7916 F12000.0
G1 Z0.0000 F8000.0
G0 X36.1538 Y-153.3766 F15000.0
G1 Z11.9000 F8000.0
G1 X44.8422 Y-154.3060 F12000.0
G1 Z0.0000 F8000.0
G0 X43.2601 Y-156.8517 F15000.0
G1 Z11.9000 F8000.0
G1 X39.9572 Y-150.1877 F12000.0
G1 Z0.0000 F8000.0
G0 X37.3727 Y-149.9099 F15000.0
G1 Z11.9000 F8000.0
G1 X46.2826 Y-150.0682 F12000.0
G1 Z0.0000 F8000.0
G0 X45.1222 Y-150.5966 F15000.0
G1 Z11.9000 F8000.0
G1 X53.8385 Y-151.5014 F12000.0
G1 Z0.0000 F8000.0
G0 X50.1561 Y-149.5304 F15000.0
G1 Z11.9000 F8000.0
G1 X48.0550 Y-158.0522 F12000.0
G1 Z0.0000 F8000.0
G0 X49.0015 Y-156.5660 F15000.0
G1 Z11.9000 F8000.0
G1 X40.3371 Y-154.5529 F12000.0
G1 Z0.0000 F8000.0
G0 X41.4556 Y-157.4259 F15000.0
G1 Z11.9000 F8000.0
G1 X48.9607 Y-161.2697 F12000.0
G1 Z0.0000 F8000.0
G0 X48.9779 Y-162.1016 F15000.0
G1 Z11.9000 F8000.0
G1 X57.4803 Y-164.8712 F12000.0
G1 Z0.0000 F8000.0
G0 X53.8569 Y-165.0410 F15000.0
G1 Z11.9000 F8000.0
G1 X45.7795 Y-163.9411 F12000.0
G1 Z0.0000 F8000.0
G0 X45.9342 Y-164.9619 F15000.0
G1 Z11.9000 F8000.0
G1 X38.6086 Y-162.7743 F12000.0
G1 Z0.0000 F8000.0
G0 X38.3856 Y-164.9966 F15000.0
G1 Z11.9000 F8000.0
G1 X31.3216 Y-168.6753 F12000.0
G1 Z0.0000 F8000.0
G0 X33.2074 Y-169.7386 F15000.0
G1 Z11.9000 F8000.0
G1 X40.5288 Y-171.3554 F12000.0
G1 Z0.0000 F8000.0
G0 X38.3592 Y-171.2167 F15000.0
G1 Z11.9000 F8000.0
G1 X41.3998 Y-165.4674 F12000.0
G1 Z0.0000 F8000.0
G0 X44.2737 Y-166.4456 F15000.0
G1 Z11.9000 F8000.0
G1 X51.1607 Y-165.4585 F12000.0
G1 Z0.0000 F8000.0
G0 X49.0015 Y-159.8059 F15000.0
G1 Z11.9000 F8000.0
G1 X42.0683 Y-159.9400 F12000.0
G1 Z0.0000 F8000.0
G0 X41.1844 Y-160.2385 F15000.0
G1 Z11.9000 F8000.0
G1 X36.2360 Y-166.8058 F12000.0
G1 Z0.0000 F8000.0
G0 X34.9537 Y-169.0348 F15000.0
G1 Z11.9000 F8000.0
G1 X29.9324 Y-173.8524 F12000.0
G1 Z0.0000 F8000.0
G0 X31.9841 Y-171.3016 F15000.0
G1 Z11.9000 F8000.0
G1 X33.7381 Y-170.3571 F12000.0
G1 X37.3810 Y-171.9762
G1 X37.6508 Y-172.6508
G1 X32.7937 Y-173.7302
G1 X31.9841 Y-171.3016
G1 Z0.0000 F8000.0
G0 X28.0150 Y-169.8973 F15000.0
G1 Z11.9000 F8000.0
G1 X26.4200 Y-161.1944 F12000.0
G1 Z0.0000 F8000.0
G0 X24.9981 Y-161.3875 F15000.0
G1 Z11.9000 F8000.0
G1 X25.1443 Y-153.6758 F12000.0
G1 Z0.0000 F8000.0
G0 X22.2809 Y-154.2134 F15000.0
G1 Z11.9000 F8000.0
G1 X30.5657 Y-157.3315 F12000.0
G1 Z0.0000 F8000.0
G0 X31.4100 Y-159.4537 F15000.0
G1 Z11.9000 F8000.0
G1 X39.2752 Y-159.9074 F12000.0
G1 Z0.0000 F8000.0
G0 X31.2107 Y-160.5447 F15000.0
G1 Z11.9000 F8000.0
G1 X22.3703 Y-159.4184 F12000.0
G1 Z0.0000 F8000.0
G0 X22.8095 Y-157.2698 F15000.0
G1 Z11.9000 F8000.0
G1 X27.9365 Y-157.5397 F12000.0
G1 X28.4762 Y-158.6190
G1 X22.0000 Y-159.0238
G1 X19.1667 Y-157.8095
G1 X21.8651 Y-159.0238
G1 X28.0714 Y-159.0238
G1 X29.4206 Y-158.4841
G1 X26.9921 Y-157.2698
G1 X23.3492 Y-157.2698
G1 Z0.0000 F8000.0
G0 X20.6993 Y-161.2344 F15000.0
G1 Z11.9000 F8000.0
G1 X13.8844 Y-155.6963 F12000.0
G1 Z0.0000 F8000.0
G0 X10.4503 Y-154.9699 F15000.0
G1 Z11.9000 F8000.0
G1 X5.6868 Y-159.3964 F12000.0
G1 Z0.0000 F8000.0
G0 X5.6506 Y-160.1868 F15000.0
G1 Z11.9000 F8000.0
G1 X9.4949 Y-153.9947 F12000.0
G1 Z0.0000 F8000.0
G0 X11.9786 Y-149.5624 F15000.0
G1 Z11.9000 F8000.0
G1 X20.9179 Y-150.5368 F12000.0
G1 Z0.0000 F8000.0
G0 X25.5154 Y-147.1719 F15000.0
G1 Z11.9000 F8000.0
G1 X31.7604 Y-141.4842 F12000.0
G1 Z0.0000 F8000.0
G0 X32.3118 Y-139.5830 F15000.0
G1 Z11.9000 F8000.0
G1 X41.2622 Y-140.5208 F12000.0
G1 Z0.0000 F8000.0
G0 X42.7373 Y-142.2833 F15000.0
G1 Z11.9000 F8000.0
G1 X35.4119 Y-146.9393 F12000.0
G1 Z0.0000 F8000.0
G0 X37.2222 Y-145.1458 F15000.0
G1 Z11.9000 F8000.0
G1 X45.1952 Y-141.8859 F12000.0
G1 Z0.0000 F8000.0
G0 X44.0115 Y-140.8500 F15000.0
G1 Z11.9000 F8000.0
G1 X35.0847 Y-139.7211 F12000.0
G1 Z0.0000 F8000.0
G0 X34.9345 Y-138.7731 F15000.0
G1 Z11.9000 F8000.0
G1 X42.8700 Y-134.5745 F12000.0
G1 Z0.0000 F8000.0
G0 X46.3359 Y-144.0889 F15000.0
G1 Z11.9000 F8000.0
G1 X38.2842 Y-147.6092 F12000.0
G1 Z0.0000 F8000.0
G0 X36.3227 Y-151.7703 F15000.0
G1 Z11.9000 F8000.0
G1 X31.3043 Y-145.0450 F12000.0
G1 Z0.0000 F8000.0
G0 X30.5488 Y-149.5412 F15000.0
G1 Z11.9000 F8000.0
G1 X35.2334 Y-142.5083 F12000.0
G1 Z0.0000 F8000.0
G0 X33.7552 Y-139.5974 F15000.0
G1 Z11.9000 F8000.0
G1 X25.0712 Y-139.5523 F12000.0
G1 Z0.0000 F8000.0
G0 X20.7859 Y-137.2772 F15000.0
G1 Z11.9000 F8000.0
G1 X29.7309 Y-138.1668 F12000.0
G1 Z0.0000 F8000.0
G0 X47.2388 Y-151.6791 F15000.0
G1 Z11.9000 F8000.0
G1 X53.7099 Y-157.3554 F12000.0
G1 Z0.0000 F8000.0
G0 X56.4878 Y-159.8586 F15000.0
G1 Z11.9000 F8000.0
G1 X49.8408 Y-156.4492 F12000.0
G1 Z0.0000 F8000.0
G0 X55.9363 Y-169.3392 F15000.0
G1 Z11.9000 F8000.0
G1 X50.6658 Y-174.3035 F12000.0
G1 Z0.0000 F8000.0
G0 X52.0850 Y-182.2313 F15000.0
G1 Z11.9000 F8000.0
G1 X49.2860 Y-190.1363 F12000.0
G1 Z0.0000 F8000.0
G0 X50.0269 Y-188.9386 F15000.0
G1 Z11.9000 F8000.0
G1 X41.1890 Y-188.2619 F12000.0
G1 Z0.0000 F8000.0
G0 X38.2293 Y-189.3020 F15000.0
G1 Z11.9000 F8000.0
G1 X44.7793 Y-191.4665 F12000.0
G1 Z0.0000 F8000.0
G0 X42.8560 Y-192.1132 F15000.0
G1 Z11.9000 F8000.0
G1 X46.3792 Y-200.3331 F12000.0
G1 Z0.0000 F8000.0
G0 X46.5556 Y-204.2222 F15000.0
G1 Z11.9000 F8000.0
G1 X39.6746 Y-205.7063 F12000.0
G1 X38.7302 Y-207.4603
G1 X39.1349 Y-210.2937
G1 X38.1905 Y-210.9683
G1 X39.4048 Y-208.2698
G1 X37.7857 Y-207.3254
G1 X34.6825 Y-207.0556
G1 X37.9206 Y-207.0556
G1 X40.2143 Y-205.1667
G1 X46.0159 Y-204.2222
G1 Z0.0000 F8000.0
G0 X47.7671 Y-205.2921 F15000.0
G1 Z11.9000 F8000.0
G1 X58.7484 Y-200.5022 F12000.0
G1 Z0.0000 F8000.0
G0 X56.5103 Y-200.0601 F15000.0
G1 Z11.9000 F8000.0
G1 X58.9875 Y-212.6887 F12000.0
G1 Z0.0000 F8000.0
G0 X62.1822 Y-209.1210 F15000.0
G1 Z11.9000 F8000.0
G1 X60.1028 Y-197.7247 F12000.0
G1 Z0.0000 F8000.0
G0 X64.8737 Y-197.0476 F15000.0
G1 Z11.9000 F8000.0
G1 X57.1114 Y-207.0119 F12000.0
G1 Z0.0000 F8000.0
G0 X51.6515 Y-203.6849 F15000.0
G1 Z11.9000 F8000.0
G1 X55.3023 Y-193.8493 F12000.0
G1 Z0.0000 F8000.0
G0 X51.2754 Y-202.2996 F15000.0
G1 Z11.9000 F8000.0
G1 X48.6491 Y-210.8043 F12000.0
G1 Z0.0000 F8000.0
G0 X42.9120 Y-208.5438 F15000.0
G1 Z11.9000 F8000.0
G1 X40.2961 Y-211.1461 F12000.0
G1 Z0.0000 F8000.0
G0 X37.7046 Y-210.1768 F15000.0
G1 Z11.9000 F8000.0
G1 X30.4868 Y-211.5136 F12000.0
G1 Z0.0000 F8000.0
G0 X27.4581 Y-206.6225 F15000.0
G1 Z11.9000 F8000.0
G1 X36.4116 Y-206.1134 F12000.0
G1 Z0.0000 F8000.0
G0 X38.5431 Y-207.2071 F15000.0
G1 Z11.9000 F8000.0
G1 X35.2165 Y-199.6574 F12000.0
G1 Z0.0000 F8000.0
G0 X34.0916 Y-200.6476 F15000.0
G1 Z11.9000 F8000.0
G1 X37.5846 Y-193.8395 F12000.0
G1 Z0.0000 F8000.0
G0 X36.5561 Y-191.8430 F15000.0
G1 Z11.9000 F8000.0
G1 X44.3151 Y-193.6227 F12000.0
G1 Z0.0000 F8000.0
G0 X34.6135 Y-189.2298 F15000.0
G1 Z11.9000 F8000.0
G1 X27.3010 Y-184.9342 F12000.0
G1 Z0.0000 F8000.0
G0 X25.5541 Y-182.5052 F15000.0
G1 Z11.9000 F8000.0
G1 X31.4411 Y-187.1384 F12000.0
G1 Z0.0000 F8000.0
G0 X32.3448 Y-185.0476 F15000.0
G1 Z11.9000 F8000.0
G1 X26.6408 Y-180.1992 F12000.0
G1 Z0.0000 F8000.0
G0 X27.1152 Y-179.0999 F15000.0
G1 Z11.9000 F8000.0
G1 X22.5672 Y-171.5640 F12000.0
G1 Z0.0000 F8000.0
G0 X21.9070 Y-174.2066 F15000.0
G1 Z11.9000 F8000.0
G1 X16.4766 Y-169.5069 F12000.0
G1 Z0.0000 F8000.0
G0 X13.6349 Y-166.4444 F15000.0
G1 Z11.9000 F8000.0
G1 X16.6032 Y-167.2540 F12000.0
G1 X15.9286 Y-169.4127
G1 X16.0635 Y-172.1111
G1 X14.8492 Y-172.5159
G1 X12.5556 Y-167.7937
G1 X13.6349 Y-166.4444
G1 Z0.0000 F8000.0
G0 X9.7341 Y-169.6035 F15000.0
G1 Z11.9000 F8000.0
G1 X5.4545 Y-170.9531 F12000.0
G1 Z0.0000 F8000.0
G0 X5.4036 Y-176.0340 F15000.0
G1 Z11.9000 F8000.0
G1 X10.1256 Y-173.9353 F12000.0
G1 Z0.0000 F8000.0
G0 X17.2184 Y-175.2602 F15000.0
G1 Z11.9000 F8000.0
G1 X20.9749 Y-182.6697 F12000.0
G1 Z0.0000 F8000.0
G0 X20.1892 Y-183.8132 F15000.0
G1 Z11.9000 F8000.0
G1 X17.2507 Y-176.3513 F12000.0
G1 Z0.0000 F8000.0
G0 X17.9524 Y-175.0794 F15000.0
G1 Z11.9000 F8000.0
G1 X17.8175 Y-176.8333 F12000.0
G1 X18.6270 Y-177.6429
G1 X16.8730 Y-176.9683
G1 X14.4444 Y-178.9921
G1 X16.6032 Y-181.4206
G1 X17.6825 Y-181.8254
G1 X18.4921 Y-181.2857
G1 X18.0873 Y-182.0952
G1 X13.7698 Y-180.2063
G1 X12.5556 Y-180.6111
G1 X17.9524 Y-174.5397
G1 Z0.0000 F8000.0
G0 X22.3817 Y-178.3446 F15000.0
G1 Z11.9000 F8000.0
G1 X17.0577 Y-183.0649 F12000.0
G1 Z0.0000 F8000.0
G0 X16.0093 Y-182.8907 F15000.0
G1 Z11.9000 F8000.0
G1 X24.2490 Y-181.7416 F12000.0
G1 Z0.0000 F8000.0
G0 X24.0236 Y-181.2722 F15000.0
G1 Z11.9000 F8000.0
G1 X28.7801 Y-188.5520 F12000.0
G1 Z0.0000 F8000.0
G0 X27.7822 Y-189.5413 F15000.0
G1 Z11.9000 F8000.0
G1 X27.6998 Y-197.8782 F12000.0
G1 Z0.0000 F8000.0
G0 X28.3430 Y-199.5786 F15000.0
G1 Z11.9000 F8000.0
G1 X23.3851 Y-192.3019 F12000.0
G1 Z0.0000 F8000.0
G0 X23.4910 Y-190.2023 F15000.0
G1 Z11.9000 F8000.0
G1 X18.4243 Y-183.0510 F12000.0
G1 Z0.0000 F8000.0
G0 X19.5086 Y-184.3237 F15000.0
G1 Z11.9000 F8000.0
G1 X15.0221 Y-189.4381 F12000.0
G1 Z0.0000 F8000.0
G0 X14.5249 Y-190.7048 F15000.0
G1 Z11.9000 F8000.0
G1 X23.1043 Y-189.9974 F12000.0
G1 Z0.0000 F8000.0
G0 X19.0391 Y-192.6711 F15000.0
G1 Z11.9000 F8000.0
G1 X25.3644 Y-198.5551 F12000.0
G1 Z0.0000 F8000.0
G0 X24.9748 Y-195.5808 F15000.0
G1 Z11.9000 F8000.0
G1 X32.5677 Y-199.5191 F12000.0
G1 Z0.0000 F8000.0
G0 X25.8046 Y-202.1385 F15000.0
G1 Z11.9000 F8000.0
G1 X16.9622 Y-201.4728 F12000.0
G1 Z0.0000 F8000.0
G0 X16.1227 Y-201.4244 F15000.0
G1 Z11.9000 F8000.0
G1 X16.1825 Y-194.5467 F12000.0
G1 Z0.0000 F8000.0
G0 X15.6295 Y-194.7839 F15000.0
G1 Z11.9000 F8000.0
G1 X16.3082 Y-202.8297 F12000.0
G1 Z0.0000 F8000.0
G0 X14.4089 Y-203.8786 F15000.0
G1 Z11.9000 F8000.0
G1 X5.5154 Y-204.7294 F12000.0
G1 Z0.0000 F8000.0
G0 X6.3931 Y-202.5278 F15000.0
G1 Z11.9000 F8000.0
G1 X5.1150 Y-195.7883 F12000.0
G1 Z0.0000 F8000.0
G0 X11.2211 Y-201.4948 F15000.0
G1 Z11.9000 F8000.0
G1 X14.2879 Y-209.1213 F12000.0
G1 Z0.0000 F8000.0
G0 X13.7789 Y-207.8339 F15000.0
G1 Z11.9000 F8000.0
G1 X10.8851 Y-215.6293 F12000.0
G1 Z0.0000 F8000.0
G0 X10.5925 Y-213.0017 F15000.0
G1 Z11.9000 F8000.0
G1 X13.7218 Y-204.8119 F12000.0
G1 Z0.0000 F8000.0
G0 X10.8018 Y-203.2828 F15000.0
G1 Z11.9000 F8000.0
G1 X14.3556 Y-210.7462 F12000.0
G1 Z0.0000 F8000.0
G0 X12.3050 Y-208.8265 F15000.0
G1 Z11.9000 F8000.0
G1 X6.2078 Y-214.9637 F12000.0
G1 Z0.0000 F8000.0
G0 X7.7791 Y-218.4601 F15000.0
G1 Z11.9000 F8000.0
G1 X9.8062 Y-210.6678 F12000.0
G1 Z0.0000 F8000.0
G0 X18.2210 Y-210.4829 F15000.0
G1 Z11.9000 F8000.0
G1 X23.0624 Y-217.9173 F12000.0
G1 Z0.0000 F8000.0
G0 X27.0139 Y-216.8982 F15000.0
G1 Z11.9000 F8000.0
G1 X30.9496 Y-224.8269 F12000.0
G1 Z0.0000 F8000.0
G0 X42.5110 Y-222.7016 F15000.0
G1 Z11.9000 F8000.0
G1 X40.2186 Y-214.1166 F12000.0
G1 Z0.0000 F8000.0
G0 X23.5666 Y-201.2135 F15000.0
G1 Z11.9000 F8000.0
G1 X18.8719 Y-208.1638 F12000.0
G1 Z0.0000 F8000.0
G0 X14.2374 Y-219.7514 F15000.0
G1 Z11.9000 F8000.0
G1 X6.2204 Y-221.5906 F12000.0
G1 Z0.0000 F8000.0
G0 X5.4398 Y-225.3918 F15000.0
G1 Z11.9000 F8000.0
G1 X11.0574 Y-230.5227 F12000.0
G1 Z0.0000 F8000.0
G0 X8.1485 Y-228.9092 F15000.0
G1 Z11.9000 F8000.0
G1 X15.7963 Y-232.2521 F12000.0
G1 Z0.0000 F8000.0
G0 X13.7960 Y-192.6149 F15000.0
G1 Z11.9000 F8000.0
G1 X11.1589 Y-185.7893 F12000.0
G1 Z0.0000 F8000.0
G0 X13.6953 Y-183.5928 F15000.0
G1 Z11.9000 F8000.0
G1 X6.2281 Y-183.6502 F12000.0
G1 Z0.0000 F8000.0
G0 X19.4262 Y-163.8012 F15000.0
G1 Z11.9000 F8000.0
G1 X25.7048 Y-167.1359 F12000.0
G1 Z0.0000 F8000.0
G0 X33.6032 Y-176.1587 F15000.0
G1 Z11.9000 F8000.0
G1 X35.4921 Y-175.0794 F12000.0
G1 X39.8095 Y-179.6667
G1 X38.1905 Y-180.4762
G1 X33.8730 Y-178.0476
G1 X33.6032 Y-176.1587
G1 Z0.0000 F8000.0
G0 X31.1469 Y-178.7315 F15000.0
G1 Z11.9000 F8000.0
G1 X37.4911 Y-184.0391 F12000.0
G1 Z0.0000 F8000.0
G0 X38.8636 Y-180.9628 F15000.0
G1 Z11.9000 F8000.0
G1 X30.0332 Y-181.8720 F12000.0
G1 Z0.0000 F8000.0
G0 X32.7600 Y-179.8251 F15000.0
G1 Z11.9000 F8000.0
G1 X41.2534 Y-181.8890 F12000.0
G1 Z0.0000 F8000.0
G0 X59.4333 Y-177.4239 F15000.0
G1 Z11.9000 F8000.0
G1 X62.7062 Y-169.0688 F12000.0
G1 Z0.0000 F8000.0
G0 X64.5435 Y-184.7349 F15000.0
G1 Z11.9000 F8000.0
G1 X61.2648 Y-186.5089 F12000.0
G1 Z0.0000 F8000.0
G0 X65.2246 Y-195.3422 F15000.0
G1 Z11.9000 F8000.0
G1 X66.5897 Y-206.7682 F12000.0
G1 Z0.0000 F8000.0
G0 X65.7511 Y-201.0061 F15000.0
G1 Z11.9000 F8000.0
G1 X72.5013 Y-207.7635 F12000.0
G1 Z0.0000 F8000.0
G0 X80.2668 Y-226.7439 F15000.0
G1 Z11.9000 F8000.0
G1 X87.2716 Y-233.3761 F12000.0
G1 Z0.0000 F8000.0
G0 X124.2698 Y-239.8413 F15000.0
G1 Z11.9000 F8000.0
G1 X126.8333 Y-242.4048 F12000.0
G1 X126.0238 Y-243.2143
G1 X124.4048 Y-242.4048
G1 X123.5952 Y-243.3492
G1 X125.2143 Y-242.9444
G1 X127.3730 Y-246.4524
G1 X126.6984 Y-243.4841
G1 X127.2381 Y-243.2143
G1 X124.8095 Y-239.8413
G1 Z0.0000 F8000.0
G0 X124.4163 Y-241.3329 F15000.0
G1 Z11.9000 F8000.0
G1 X133.3392 Y-242.4008 F12000.0
G1 Z0.0000 F8000.0
G0 X126.9683 Y-244.6984 F15000.0
G1 Z11.9000 F8000.0
G1 X123.8651 Y-243.2143 F12000.0
G1 X121.0317 Y-243.2143
G1 X122.7857 Y-246.3175
G1 X121.9762 Y-247.3968
G1 X118.3333 Y-247.9365
G1 X114.2857 Y-246.3175
G1 X113.7460 Y-248.2063
G1 X121.1667 Y-250.9048
G1 X123.3254 Y-249.9603
G1 X126.9683 Y-245.9127
G1 X126.9683 Y-244.6984
G1 Z0.0000 F8000.0
G0 X132.7538 Y-222.0447 F15000.0
G1 Z11.9000 F8000.0
G1 X140.2337 Y-221.7815 F12000.0
G1 Z0.0000 F8000.0
G0 X137.1408 Y-216.8236 F15000.0
G1 Z11.9000 F8000.0
G1 X144.5126 Y-215.5395 F12000.0
G1 Z0.0000 F8000.0
G0 X141.3289 Y-213.1518 F15000.0
G1 Z11.9000 F8000.0
G1 X134.5402 Y-218.1747 F12000.0
G1 Z0.0000 F8000.0
G0 X132.4331 Y-220.1191 F15000.0
G1 Z11.9000 F8000.0
G1 X130.9317 Y-212.8063 F12000.0
G1 Z0.0000 F8000.0
G0 X130.2946 Y-213.5741 F15000.0
G1 Z11.9000 F8000.0
G1 X133.1150 Y-212.5584 F12000.0
G1 Z0.0000 F8000.0
G0 X136.3030 Y-207.6777 F15000.0
G1 Z11.9000 F8000.0
G1 X135.3119 Y-199.4994 F12000.0
G1 Z0.0000 F8000.0
G0 X133.1709 Y-200.0261 F15000.0
G1 Z11.9000 F8000.0
G1 X130.1051 Y-192.0719 F12000.0
G1 Z0.0000 F8000.0
G0 X132.2617 Y-190.9920 F15000.0
G1 Z11.9000 F8000.0
G1 X124.9748 Y-190.1537 F12000.0
G1 Z0.0000 F8000.0
G0 X123.7302 Y-192.3492 F15000.0
G1 Z11.9000 F8000.0
G1 X130.8810 Y-198.2857 F12000.0
G1 X123.1905 Y-192.3492
G1 Z0.0000 F8000.0
G0 X120.2430 Y-193.1245 F15000.0
G1 Z11.9000 F8000.0
G1 X124.0510 Y-187.6642 F12000.0
G1 Z0.0000 F8000.0
G0 X123.1679 Y-201.9039 F15000.0
G1 Z11.9000 F8000.0
G1 X128.6187 Y-204.4014 F12000.0
G1 Z0.0000 F8000.0
G0 X132.0003 Y-206.6511 F15000.0
G1 Z11.9000 F8000.0
G1 X140.8542 Y-206.4224 F12000.0
G1 Z0.0000 F8000.0
G0 X140.7995 Y-210.2095 F15000.0
G1 Z11.9000 F8000.0
G1 X134.4871 Y-205.7448 F12000.0
G1 Z0.0000 F8000.0
G0 X121.2761 Y-202.9484 F15000.0
G1 Z11.9000 F8000.0
G1 X112.8719 Y-205.5354 F12000.0
G1 Z0.0000 F8000.0
G0 X117.2540 Y-166.9841 F15000.0
G1 Z11.9000 F8000.0
G1 X118.0635 Y-166.1746 F12000.0
G1 X125.4841 Y-169.9524
G1 X130.4762 Y-174.2698
G1 X128.7222 Y-175.0794
G1 X124.2698 Y-174.2698
G1 X118.4683 Y-169.4127
G1 X117.2540 Y-166.9841
G1 Z0.0000 F8000.0
G0 X121.9154 Y-159.5093 F15000.0
G1 Z11.9000 F8000.0
G1 X130.7042 Y-161.1379 F12000.0
G1 Z0.0000 F8000.0
G0 X128.8983 Y-158.8232 F15000.0
G1 Z11.9000 F8000.0
G1 X135.2083 Y-154.8506 F12000.0
G1 Z0.0000 F8000.0
G0 X133.4116 Y-153.5143 F15000.0
G1 Z11.9000 F8000.0
G1 X141.1708 Y-158.0458 F12000.0
G1 Z0.0000 F8000.0
G0 X141.9416 Y-158.3352 F15000.0
G1 Z11.9000 F8000.0
G1 X132.9612 Y-157.7613 F12000.0
G1 Z0.0000 F8000.0
G0 X133.1853 Y-156.7180 F15000.0
G1 Z11.9000 F8000.0
G1 X124.5412 Y-154.2192 F12000.0
G1 Z0.0000 F8000.0
G0 X122.1359 Y-152.6878 F15000.0
G1 Z11.9000 F8000.0
G1 X128.7026 Y-149.0946 F12000.0
G1 Z0.0000 F8000.0
G0 X127.9561 Y-156.6274 F15000.0
G1 Z11.9000 F8000.0
G1 X133.4438 Y-163.6909 F12000.0
G1 Z0.0000 F8000.0
G0 X136.1423 Y-161.1071 F15000.0
G1 Z11.9000 F8000.0
G1 X139.5414 Y-159.5233 F12000.0
G1 Z0.0000 F8000.0
G0 X140.3435 Y-157.1571 F15000.0
G1 Z11.9000 F8000.0
G1 X146.3842 Y-152.7175 F12000.0
G1 Z0.0000 F8000.0
G0 X149.5903 Y-154.6569 F15000.0
G1 Z11.9000 F8000.0
G1 X158.3736 Y-156.6143 F12000.0
G1 Z0.0000 F8000.0
G0 X162.5491 Y-155.3856 F15000.0
G1 Z11.9000 F8000.0
G1 X170.3563 Y-151.1641 F12000.0
G1 Z0.0000 F8000.0
G0 X168.6481 Y-151.2450 F15000.0
G1 Z11.9000 F8000.0
G1 X174.4153 Y-150.2856 F12000.0
G1 Z0.0000 F8000.0
G0 X174.7597 Y-150.8933 F15000.0
G1 Z11.9000 F8000.0
G1 X164.1588 Y-149.9327 F12000.0
G1 Z0.0000 F8000.0
G0 X162.3361 Y-150.5306 F15000.0
G1 Z11.9000 F8000.0
G1 X157.8428 Y-139.6949 F12000.0
G1 Z0.0000 F8000.0
G0 X159.2366 Y-139.0255 F15000.0
G1 Z11.9000 F8000.0
G1 X155.4479 Y-131.0557 F12000.0
G1 Z0.0000 F8000.0
G0 X157.7435 Y-128.0056 F15000.0
G1 Z11.9000 F8000.0
G1 X153.5790 Y-116.7661 F12000.0
G1 Z0.0000 F8000.0
G0 X156.1283 Y-117.0435 F15000.0
G1 Z11.9000 F8000.0
G1 X152.3965 Y-126.8071 F12000.0
G1 Z0.0000 F8000.0
G0 X152.2901 Y-126.8787 F15000.0
G1 Z11.9000 F8000.0
G1 X152.7945 Y-137.1388 F12000.0
G1 Z0.0000 F8000.0
G0 X153.1036 Y-136.2499 F15000.0
G1 Z11.9000 F8000.0
G1 X145.1323 Y-144.8935 F12000.0
G1 Z0.0000 F8000.0
G0 X144.5509 Y-143.3666 F15000.0
G1 Z11.9000 F8000.0
G1 X135.2998 Y-139.0456 F12000.0
G1 Z0.0000 F8000.0
G0 X132.6785 Y-141.1490 F15000.0
G1 Z11.9000 F8000.0
G1 X123.8184 Y-134.8971 F12000.0
G1 Z0.0000 F8000.0
G0 X120.2902 Y-133.7659 F15000.0
G1 Z11.9000 F8000.0
G1 X129.5417 Y-140.7038 F12000.0
G1 Z0.0000 F8000.0
G0 X130.3593 Y-140.1941 F15000.0
G1 Z11.9000 F8000.0
G1 X137.5379 Y-132.1006 F12000.0
G1 Z0.0000 F8000.0
G0 X136.3057 Y-132.1735 F15000.0
G1 Z11.9000 F8000.0
G1 X139.8818 Y-120.7991 F12000.0
G1 Z0.0000 F8000.0
G0 X138.5974 Y-121.4506 F15000.0
G1 Z11.9000 F8000.0
G1 X149.5369 Y-117.4035 F12000.0
G1 Z0.0000 F8000.0
G0 X150.1783 Y-115.9041 F15000.0
G1 Z11.9000 F8000.0
G1 X156.7550 Y-120.8585 F12000.0
G1 Z0.0000 F8000.0
G0 X156.4579 Y-121.9148 F15000.0
G1 Z11.9000 F8000.0
G1 X147.4033 Y-117.0274 F12000.0
G1 Z0.0000 F8000.0
G0 X147.2280 Y-118.4925 F15000.0
G1 Z11.9000 F8000.0
G1 X136.1956 Y-117.3329 F12000.0
G1 Z0.0000 F8000.0
G0 X138.1621 Y-118.3420 F15000.0
G1 Z11.9000 F8000.0
G1 X136.5278 Y-108.4477 F12000.0
G1 Z0.0000 F8000.0
G0 X134.7174 Y-110.7017 F15000.0
G1 Z11.9000 F8000.0
G1 X143.5268 Y-118.3187 F12000.0
G1 Z0.0000 F8000.0
G0 X142.6371 Y-114.1199 F15000.0
G1 Z11.9000 F8000.0
G1 X133.9260 Y-112.8249 F12000.0
G1 Z0.0000 F8000.0
G0 X134.3886 Y-113.0086 F15000.0
G1 Z11.9000 F8000.0
G1 X124.5768 Y-118.6579 F12000.0
G1 Z0.0000 F8000.0
G0 X123.0942 Y-119.3272 F15000.0
G1 Z11.9000 F8000.0
G1 X130.6967 Y-116.1393 F12000.0
G1 Z0.0000 F8000.0
G0 X130.3404 Y-115.8112 F15000.0
G1 Z11.9000 F8000.0
G1 X129.8814 Y-126.1494 F12000.0
G1 Z0.0000 F8000.0
G0 X127.9663 Y-126.3076 F15000.0
G1 Z11.9000 F8000.0
G1 X137.4867 Y-120.2439 F12000.0
G1 Z0.0000 F8000.0
G0 X140.2193 Y-123.7018 F15000.0
G1 Z11.9000 F8000.0
G1 X137.9100 Y-133.7533 F12000.0
G1 Z0.0000 F8000.0
G0 X138.0696 Y-134.6564 F15000.0
G1 Z11.9000 F8000.0
G1 X147.3519 Y-132.9554 F12000.0
G1 Z0.0000 F8000.0
G0 X151.3878 Y-131.9818 F15000.0
G1 Z11.9000 F8000.0
G1 X140.8506 Y-136.6673 F12000.0
G1 Z0.0000 F8000.0
G0 X141.3977 Y-138.0905 F15000.0
G1 Z11.9000 F8000.0
G1 X138.9246 Y-126.5585 F12000.0
G1 Z0.0000 F8000.0
G0 X140.0926 Y-126.3267 F15000.0
G1 Z11.9000 F8000.0
G1 X150.3833 Y-126.6325 F12000.0
G1 Z0.0000 F8000.0
G0 X150.6765 Y-128.7846 F15000.0
G1 Z11.9000 F8000.0
G1 X154.4576 Y-119.2111 F12000.0
G1 Z0.0000 F8000.0
G0 X155.4952 Y-123.1958 F15000.0
G1 Z11.9000 F8000.0
G1 X163.2206 Y-120.3284 F12000.0
G1 Z0.0000 F8000.0
G0 X162.9145 Y-121.4614 F15000.0
G1 Z11.9000 F8000.0
G1 X158.7835 Y-129.0798 F12000.0
G1 Z0.0000 F8000.0
G0 X162.0540 Y-128.2595 F15000.0
G1 Z11.9000 F8000.0
G1 X170.9598 Y-123.5665 F12000.0
G1 Z0.0000 F8000.0
G0 X171.7121 Y-121.6970 F15000.0
G1 Z11.9000 F8000.0
G1 X160.3010 Y-120.3684 F12000.0
G1 Z0.0000 F8000.0
G0 X160.0137 Y-122.2418 F15000.0
G1 Z11.9000 F8000.0
G1 X166.3758 Y-132.2742 F12000.0
G1 Z0.0000 F8000.0
G0 X164.7371 Y-133.7783 F15000.0
G1 Z11.9000 F8000.0
G1 X161.0745 Y-124.8885 F12000.0
G1 Z0.0000 F8000.0
G0 X160.6514 Y-125.2723 F15000.0
G1 Z11.9000 F8000.0
G1 X167.4373 Y-135.0600 F12000.0
G1 Z0.0000 F8000.0
G0 X166.4642 Y-135.1155 F15000.0
G1 Z11.9000 F8000.0
G1 X168.5576 Y-145.5713 F12000.0
G1 Z0.0000 F8000.0
G0 X168.4205 Y-145.9939 F15000.0
G1 Z11.9000 F8000.0
G1 X163.2954 Y-153.1999 F12000.0
G1 Z0.0000 F8000.0
G0 X163.2428 Y-154.9173 F15000.0
G1 Z11.9000 F8000.0
G1 X155.2272 Y-148.5137 F12000.0
G1 Z0.0000 F8000.0
G0 X157.8859 Y-149.5159 F15000.0
G1 Z11.9000 F8000.0
G1 X161.2845 Y-140.3624 F12000.0
G1 Z0.0000 F8000.0
G0 X163.0722 Y-145.3279 F15000.0
G1 Z11.9000 F8000.0
G1 X169.7347 Y-153.1901 F12000.0
G1 Z0.0000 F8000.0
G0 X168.3881 Y-156.6461 F15000.0
G1 Z11.9000 F8000.0
G1 X174.9607 Y-158.0934 F12000.0
G1 Z0.0000 F8000.0
G0 X174.6018 Y-147.6396 F15000.0
G1 Z11.9000 F8000.0
G1 X167.2004 Y-148.6586 F12000.0
G1 Z0.0000 F8000.0
G0 X167.9637 Y-147.2980 F15000.0
G1 Z11.9000 F8000.0
G1 X168.7781 Y-137.0909 F12000.0
G1 Z0.0000 F8000.0
G0 X168.2512 Y-137.0754 F15000.0
G1 Z11.9000 F8000.0
G1 X174.8828 Y-140.9030 F12000.0
G1 Z0.0000 F8000.0
G0 X174.5386 Y-139.0018 F15000.0
G1 Z11.9000 F8000.0
G1 X174.8735 Y-130.8754 F12000.0
G1 Z0.0000 F8000.0
G0 X174.9739 Y-131.2367 F15000.0
G1 Z11.9000 F8000.0
G1 X169.6390 Y-128.6903 F12000.0
G1 Z0.0000 F8000.0
G0 X168.8209 Y-128.8194 F15000.0
G1 Z11.9000 F8000.0
G1 X158.7247 Y-125.6342 F12000.0
G1 Z0.0000 F8000.0
G0 X156.3423 Y-126.3072 F15000.0
G1 Z11.9000 F8000.0
G1 X153.0775 Y-136.0313 F12000.0
G1 Z0.0000 F8000.0
G0 X150.1912 Y-139.5301 F15000.0
G1 Z11.9000 F8000.0
G1 X139.6596 Y-144.9144 F12000.0
G1 Z0.0000 F8000.0
G0 X149.7383 Y-146.9640 F15000.0
G1 Z11.9000 F8000.0
G1 X159.9635 Y-151.8988 F12000.0
G1 Z0.0000 F8000.0
G0 X168.5193 Y-146.2419 F15000.0
G1 Z11.9000 F8000.0
G1 X174.4085 Y-145.2446 F12000.0
G1 Z0.0000 F8000.0
G0 X174.5428 Y-142.8392 F15000.0
G1 Z11.9000 F8000.0
G1 X169.4147 Y-138.5774 F12000.0
G1 Z0.0000 F8000.0
G0 X171.0111 Y-138.7966 F15000.0
G1 Z11.9000 F8000.0
G1 X174.4603 Y-135.1527 F12000.0
G1 Z0.0000 F8000.0
G0 X172.3365 Y-134.4301 F15000.0
G1 Z11.9000 F8000.0
G1 X167.8365 Y-144.3628 F12000.0
G1 Z0.0000 F8000.0
G0 X172.7759 Y-140.8999 F15000.0
G1 Z11.9000 F8000.0
G1 X174.3652 Y-132.2984 F12000.0
G1 Z0.0000 F8000.0
G0 X174.4603 Y-130.0278 F15000.0
G1 Z11.9000 F8000.0
G1 X168.5733 Y-129.4849 F12000.0
G1 Z0.0000 F8000.0
G0 X170.3129 Y-135.5528 F15000.0
G1 Z11.9000 F8000.0
G1 X162.1578 Y-127.4317 F12000.0
G1 Z0.0000 F8000.0
G0 X162.2583 Y-121.9333 F15000.0
G1 Z11.9000 F8000.0
G1 X173.3691 Y-119.6385 F12000.0
G1 Z0.0000 F8000.0
G0 X174.7356 Y-116.7668 F15000.0
G1 Z11.9000 F8000.0
G1 X168.4046 Y-120.4004 F12000.0
G1 Z0.0000 F8000.0
G0 X169.1211 Y-121.8716 F15000.0
G1 Z11.9000 F8000.0
G1 X160.8336 Y-116.1850 F12000.0
G1 Z0.0000 F8000.0
G0 X164.0576 Y-116.9995 F15000.0
G1 Z11.9000 F8000.0
G1 X167.4438 Y-108.7710 F12000.0
G1 Z0.0000 F8000.0
G0 X165.5813 Y-107.0429 F15000.0
G1 Z11.9000 F8000.0
G1 X157.4274 Y-112.5064 F12000.0
G1 Z0.0000 F8000.0
G0 X157.5874 Y-113.9961 F15000.0
G1 Z11.9000 F8000.0
G1 X163.4848 Y-121.6868 F12000.0
G1 Z0.0000 F8000.0
G0 X166.5042 Y-121.2304 F15000.0
G1 Z11.9000 F8000.0
G1 X174.8896 Y-115.6251 F12000.0
G1 Z0.0000 F8000.0
G0 X174.3075 Y-109.5306 F15000.0
G1 Z11.9000 F8000.0
G1 X167.5823 Y-112.2046 F12000.0
G1 Z0.0000 F8000.0
G0 X166.3651 Y-105.4603 F15000.0
G1 Z11.9000 F8000.0
G1 X168.7937 Y-107.7540 F12000.0
G1 X169.3333 Y-109.1032
G1 X167.5794 Y-111.8016
G1 X164.4762 Y-113.2857
G1 X161.6429 Y-111.9365
G1 X160.5635 Y-109.7778
G1 X162.0476 Y-107.2143
G1 X166.3651 Y-105.4603
G1 Z0.0000 F8000.0
G0 X153.7201 Y-107.8391 F15000.0
G1 Z11.9000 F8000.0
G1 X157.3453 Y-116.0264 F12000.0
G1 Z0.0000 F8000.0
G0 X151.9983 Y-112.8144 F15000.0
G1 Z11.9000 F8000.0
G1 X156.6477 Y-122.9853 F12000.0
G1 Z0.0000 F8000.0
G0 X151.4289 Y-108.1813 F15000.0
G1 Z11.9000 F8000.0
G1 X143.5016 Y-113.6076 F12000.0
G1 Z0.0000 F8000.0
G0 X138.4295 Y-112.8278 F15000.0
G1 Z11.9000 F8000.0
G1 X126.7004 Y-113.6623 F12000.0
G1 Z0.0000 F8000.0
G0 X126.5035 Y-116.5584 F15000.0
G1 Z11.9000 F8000.0
G1 X116.6379 Y-115.5128 F12000.0
G1 Z0.0000 F8000.0
G0 X119.6588 Y-112.2795 F15000.0
G1 Z11.9000 F8000.0
G1 X130.0911 Y-112.2573 F12000.0
G1 Z0.0000 F8000.0
G0 X131.4156 Y-110.6535 F15000.0
G1 Z11.9000 F8000.0
G1 X123.7633 Y-105.9675 F12000.0
G1 Z0.0000 F8000.0
G0 X123.5913 Y-107.3071 F15000.0
G1 Z11.9000 F8000.0
G1 X131.0725 Y-106.8147 F12000.0
G1 Z0.0000 F8000.0
G0 X131.0677 Y-107.4355 F15000.0
G1 Z11.9000 F8000.0
G1 X138.1387 Y-115.0202 F12000.0
G1 Z0.0000 F8000.0
G0 X141.6143 Y-105.8920 F15000.0
G1 Z11.9000 F8000.0
G1 X151.8277 Y-103.8181 F12000.0
G1 Z0.0000 F8000.0
G0 X137.2222 Y-100.6032 F15000.0
G1 Z11.9000 F8000.0
G1 X131.9603 Y-104.1111 F12000.0
G1 X121.1667 Y-105.1905
G1 X120.3571 Y-105.7302
G1 X112.2619 Y-104.7857
G1 X107.5397 Y-108.6984
G1 X104.8413 Y-107.3492
G1 X106.8651 Y-104.9206
G1 X111.7222 Y-102.4921
G1 X115.0952 Y-101.6825
G1 X136.0079 Y-99.7937
G1 X137.2222 Y-100.6032
G1 X142.3492 Y-98.4444 F12000.0
G1 X148.2857 Y-99.3889
G1 X158.0000 Y-98.7143
G1 X158.5397 Y-99.7937
G1 X156.7857 Y-100.6032
G1 X153.2778 Y-101.1429
G1 X150.5794 Y-102.7619
G1 X146.1270 Y-102.0873
G1 X142.0794 Y-103.3016
G1 X137.2222 Y-100.6032
G1 Z0.0000 F8000.0
G0 X128.4600 Y-106.5888 F15000.0
G1 Z11.9000 F8000.0
G1 X120.9781 Y-107.1074 F12000.0
G1 Z0.0000 F8000.0
G0 X121.2459 Y-109.8380 F15000.0
G1 Z11.9000 F8000.0
G1 X127.3303 Y-117.7474 F12000.0
G1 Z0.0000 F8000.0
G0 X126.6708 Y-118.5846 F15000.0
G1 Z11.9000 F8000.0
G1 X117.2241 Y-122.3783 F12000.0
G1 Z0.0000 F8000.0
G0 X121.6357 Y-130.2695 F15000.0
G1 Z11.9000 F8000.0
G1 X110.3464 Y-131.4523 F12000.0
G1 Z0.0000 F8000.0
G0 X110.9696 Y-136.8797 F15000.0
G1 Z11.9000 F8000.0
G1 X120.4858 Y-131.4128 F12000.0
G1 Z0.0000 F8000.0
G0 X122.6963 Y-131.1884 F15000.0
G1 Z11.9000 F8000.0
G1 X132.7838 Y-125.0864 F12000.0
G1 Z0.0000 F8000.0
G0 X133.2281 Y-123.9593 F15000.0
G1 Z11.9000 F8000.0
G1 X135.7784 Y-134.1371 F12000.0
G1 Z0.0000 F8000.0
G0 X136.5597 Y-157.1483 F15000.0
G1 Z11.9000 F8000.0
G1 X142.7285 Y-163.6849 F12000.0
G1 Z0.0000 F8000.0
G0 X144.1570 Y-164.3881 F15000.0
G1 Z11.9000 F8000.0
G1 X148.8519 Y-170.7457 F12000.0
G1 Z0.0000 F8000.0
G0 X162.5873 Y-219.3333 F15000.0
G1 Z11.9000 F8000.0
G1 X161.2381 Y-220.2778 F12000.0
G1 X163.6667 Y-220.6825
G1 X162.4524 Y-222.7063
G1 X165.8254 Y-224.4603
G1 X164.6111 Y-225.6746
G1 X166.3651 Y-223.9206
G1 X164.8810 Y-223.2460
G1 X162.4524 Y-222.4365
G1 X165.5556 Y-219.8730
G1 X169.0635 Y-221.7619
G1 X170.2778 Y-220.5476
G1 X169.3333 Y-221.6270
G1 X165.8254 Y-220.0079
G1 X163.1270 Y-219.8730
G1 Z0.0000 F8000.0
G0 X95.0905 Y-142.9064 F15000.0
G1 Z11.9000 F8000.0
G1 X95.8104 Y-132.5514 F12000.0
G1 Z0.0000 F8000.0
G0 X83.8379 Y-119.2713 F15000.0
G1 Z11.9000 F8000.0
G1 X86.1384 Y-110.6933 F12000.0
G1 Z0.0000 F8000.0
G0 X87.7182 Y-101.9952 F15000.0
G1 Z11.9000 F8000.0
G1 X80.3464 Y-101.4677 F12000.0
G1 Z0.0000 F8000.0
G0 X77.8571 Y-98.4444 F15000.0
G1 Z11.9000 F8000.0
G1 X76.6429 Y-100.7381 F12000.0
G1 X71.7857 Y-98.4444
G1 X66.2540 Y-100.7381
G1 X63.1508 Y-102.6270
G1 X60.5873 Y-102.7619
G1 X58.4286 Y-104.3810
G1 X54.5159 Y-103.4365
G1 X46.8254 Y-102.7619
G1 X39.5397 Y-104.9206
G1 X35.3571 Y-105.1905
G1 X34.4127 Y-103.9762
G1 X35.6270 Y-102.7619
G1 X42.3730 Y-99.9286
G1 X65.1746 Y-98.1746
G1 X70.3016 Y-96.2857
G1 X75.2937 Y-96.1508
G1 X77.8571 Y-98.4444
G1 Z0.0000 F8000.0
G0 X76.9344 Y-96.5702 F15000.0
G1 Z11.9000 F8000.0
G1 X71.0253 Y-97.2959 F12000.0
G1 Z0.0000 F8000.0
G0 X71.3810 Y-96.8254 F15000.0
G1 Z11.9000 F8000.0
G1 X66.3889 Y-98.0397 F12000.0
G1 X60.4524 Y-101.5476
G1 X62.4762 Y-101.4127
G1 X63.0159 Y-101.9524
G1 X67.3333 Y-99.1190
G1 X72.1905 Y-98.0397
G1 X74.8889 Y-98.8492
G1 X75.9683 Y-99.7937
G1 X76.5079 Y-99.2540
G1 X74.0794 Y-96.6905
G1 X71.9206 Y-96.8254
G1 Z0.0000 F8000.0
G0 X72.4603 Y-96.2857 F15000.0
G1 Z11.9000 F8000.0
G1 X65.1746 Y-98.4444 F12000.0
G1 X60.7222 Y-100.4683
G1 X55.3254 Y-100.3333
G1 X53.8413 Y-100.8730
G1 X52.3571 Y-100.1984
G1 X49.7937 Y-100.3333
G1 X47.6349 Y-99.7937
G1 X41.0238 Y-101.1429
G1 X37.9206 Y-102.8968
G1 X34.6825 Y-103.7063
G1 X41.0238 Y-101.8175
G1 X43.3175 Y-100.6032
G1 X48.7143 Y-99.7937
G1 X50.8730 Y-100.4683
G1 X52.7619 Y-100.3333
G1 X54.2460 Y-100.8730
G1 X58.2937 Y-100.0635
G1 X60.1825 Y-101.2778
G1 X58.9683 Y-103.3016
G1 X56.1349 Y-103.0317
G1 X55.1905 Y-102.3571
G1 X53.0317 Y-102.4921
G1 X47.9048 Y-101.8175
G1 X42.2381 Y-103.3016
G1 X47.6349 Y-101.8175
G1 X51.8175 Y-101.9524
G1 X53.5714 Y-102.6270
G1 X55.5952 Y-103.0317
G1 X58.1587 Y-103.7063
G1 X61.6667 Y-101.9524
G1 X62.7460 Y-102.4921
G1 X67.0635 Y-99.5238
G1 X73.1349 Y-97.9048
G1 X75.2937 Y-101.0079
G1 X76.3730 Y-99.5238
G1 X75.5635 Y-97.3651
G1 X73.0000 Y-96.2857
G1 Z0.0000 F8000.0
G0 X69.7619 Y-101.6825 F15000.0
G1 Z11.9000 F8000.0
G1 X69.6270 Y-102.7619 F12000.0
G1 X71.2460 Y-103.5714
G1 X68.5476 Y-105.1905
G1 X73.4048 Y-104.1111
G1 X75.0238 Y-104.5159
G1 X71.7857 Y-103.9762
G1 X70.8413 Y-102.6270
G1 X69.2222 Y-102.2222
G1 Z0.0000 F8000.0
G0 X68.1429 Y-105.4603 F15000.0
G1 Z11.9000 F8000.0
G1 X70.5714 Y-100.8730 F12000.0
G1 X72.0556 Y-100.6032
G1 X75.6984 Y-104.6508
G1 X68.9524 Y-106.2698
G1 X68.1429 Y-105.4603
G1 Z0.0000 F8000.0
G0 X57.5391 Y-87.1314 F15000.0
G1 Z11.9000 F8000.0
G1 X61.6122 Y-80.9185 F12000.0
G1 Z0.0000 F8000.0
G0 X58.3038 Y-83.7740 F15000.0
G1 Z11.9000 F8000.0
G1 X51.7858 Y-84.7443 F12000.0
G1 Z0.0000 F8000.0
G0 X53.9503 Y-83.6825 F15000.0
G1 Z11.9000 F8000.0
G1 X49.0228 Y-78.2451 F12000.0
G1 Z0.0000 F8000.0
G0 X53.5714 Y-79.5556 F15000.0
G1 Z11.9000 F8000.0
G1 X52.8968 Y-82.5238 F12000.0
G1 X61.5317 Y-83.4683
G1 X59.5079 Y-81.7143
G1 X57.4841 Y-81.1746
G1 X55.7302 Y-79.5556
G1 X54.1111 Y-79.5556
G1 Z0.0000 F8000.0
G0 X51.9524 Y-74.1587 F15000.0
G1 Z11.9000 F8000.0
G1 X60.9921 Y-76.1825 F12000.0
G1 X63.0159 Y-77.3968
G1 X59.3730 Y-75.7778
G1 X51.8175 Y-74.4286
G1 X50.1984 Y-75.6429
G1 X52.2222 Y-76.8571
G1 X53.7063 Y-76.8571
G1 X50.4683 Y-76.4524
G1 X49.6587 Y-75.6429
G1 X51.4127 Y-74.1587
G1 Z0.0000 F8000.0
G0 X48.2692 Y-69.0006 F15000.0
G1 Z11.9000 F8000.0
G1 X41.1589 Y-69.8213 F12000.0
G1 Z0.0000 F8000.0
G0 X40.8065 Y-69.1470 F15000.0
G1 Z11.9000 F8000.0
G1 X36.4010 Y-63.1864 F12000.0
G1 Z0.0000 F8000.0
G0 X40.6190 Y-63.9048 F15000.0
G1 Z11.9000 F8000.0
G1 X40.2143 Y-64.3095 F12000.0
G1 X41.6984 Y-65.2540
G1 X41.6984 Y-66.3333
G1 X40.6190 Y-67.9524
G1 X39.0000 Y-67.8175
G1 X35.6270 Y-65.2540
G1 X34.9524 Y-65.7937
G1 X33.8730 Y-65.3889
G1 X33.4683 Y-66.6032
G1 X35.8968 Y-65.7937
G1 X40.4841 Y-69.3016
G1 X41.2937 Y-69.1667
G1 X40.3492 Y-68.3571
G1 X41.6984 Y-67.4127
G1 X42.7778 Y-67.9524
G1 X41.4286 Y-66.7381
G1 X41.9683 Y-65.2540
G1 X41.1587 Y-64.4444
G1 Z0.0000 F8000.0
G0 X47.0952 Y-68.2222 F15000.0
G1 Z11.9000 F8000.0
G1 X47.7698 Y-70.6508 F12000.0
G1 X46.5556 Y-71.8651
G1 X46.5556 Y-72.6746
G1 X54.7857 Y-72.9444
G1 X62.6111 Y-74.9683
G1 X66.6587 Y-77.8016
G1 X64.6349 Y-77.9365
G1 X64.2302 Y-79.1508
G1 X67.4683 Y-77.1270
G1 X60.8571 Y-74.1587
G1 X51.9524 Y-72.6746
G1 X46.9603 Y-72.8095
G1 X46.9603 Y-71.7302
G1 X48.0397 Y-70.3810
G1 X47.6349 Y-68.7619
G1 Z0.0000 F8000.0
G0 X42.7778 Y-72.0000 F15000.0
G1 Z11.9000 F8000.0
G1 X41.2937 Y-74.1587 F12000.0
G1 X38.8651 Y-74.9683
G1 X16.8730 Y-74.4286
G1 X14.3095 Y-73.7540
G1 X10.9365 Y-73.8889
G1 X8.6429 Y-73.2143
G1 X5.4048 Y-73.2143
G1 X9.8571 Y-73.3492
G1 X12.4206 Y-74.0238
G1 X15.7937 Y-73.8889
G1 X22.6746 Y-74.8333
G1 X39.5397 Y-74.8333
G1 X42.7778 Y-73.3492
G1 X42.7778 Y-72.5397
G1 Z0.0000 F8000.0
G0 X43.8571 Y-74.1587 F15000.0
G1 Z11.9000 F8000.0
G1 X36.4365 Y-77.6667 F12000.0
G1 X34.1429 Y-76.9921
G1 X30.6349 Y-77.8016
G1 X30.0952 Y-78.6111
G1 X25.3730 Y-77.1270
G1 X24.8333 Y-77.5317
G1 X24.2937 Y-76.7222
G1 X24.0238 Y-77.5317
G1 X19.8413 Y-76.5873
G1 X16.7381 Y-77.1270
G1 X11.2063 Y-76.5873
G1 X10.6667 Y-77.1270
G1 X13.9048 Y-76.3175
G1 X17.8175 Y-77.1270
G1 X21.3254 Y-76.7222
G1 X24.0238 Y-77.8016
G1 X26.9921 Y-77.8016
G1 X28.8810 Y-78.6111
G1 X30.5000 Y-78.4762
G1 X33.0635 Y-76.8571
G1 X36.8413 Y-77.8016
G1 X44.3968 Y-74.5635
G1 X48.3095 Y-76.5873
G1 X49.6587 Y-78.2063
G1 X51.1429 Y-78.8810
G1 X52.7619 Y-78.4762
G1 X49.7937 Y-77.8016
G1 X47.6349 Y-75.7778
G1 X45.6111 Y-75.3730
G1 X44.3968 Y-74.1587
G1 Z0.0000 F8000.0
G0 X43.8571 Y-78.4762 F15000.0
G1 Z11.9000 F8000.0
G1 X40.3492 Y-82.5238 F12000.0
G1 X40.8889 Y-83.6032
G1 X39.6746 Y-84.1429
G1 X38.4603 Y-83.7381
G1 X40.3492 Y-84.1429
G1 X46.4206 Y-81.9841
G1 X47.6349 Y-83.1984
G1 X47.6349 Y-83.8730
G1 X47.2302 Y-82.1190
G1 X45.2063 Y-82.1190
G1 X42.3730 Y-83.1984
G1 X41.1587 Y-81.9841
G1 X43.1825 Y-80.0952
G1 X47.9048 Y-80.3651
G1 X49.9286 Y-81.5794
G1 X52.2222 Y-84.2778
G1 X52.7619 Y-83.8730
G1 X50.3333 Y-81.4444
G1 X48.4444 Y-80.5000
G1 X44.2619 Y-79.8254
G1 X43.8571 Y-79.0159
G1 Z0.0000 F8000.0
G0 X56.8095 Y-86.5714 F15000.0
G1 Z11.9000 F8000.0
G1 X51.1429 Y-87.3810 F12000.0
G1 X48.7143 Y-88.1905
G1 X57.7540 Y-86.7063
G1 X59.7778 Y-86.9762
G1 X57.3492 Y-86.5714
G1 Z0.0000 F8000.0
G0 X31.4444 Y-104.3810 F15000.0
G1 Z11.9000 F8000.0
G1 X33.6032 Y-104.9206 F12000.0
G1 X35.4921 Y-106.2698
G1 X38.1905 Y-105.5952
G1 X44.1270 Y-105.5952
G1 X44.8016 Y-104.7857
G1 X44.5317 Y-105.5952
G1 X36.3016 Y-105.7302
G1 X35.2222 Y-106.2698
G1 X32.2540 Y-104.6508
G1 X31.3095 Y-105.1905
G1 X30.9048 Y-104.3810
G1 Z0.0000 F8000.0
G0 X29.8254 Y-68.2222 F15000.0
G1 Z11.9000 F8000.0
G1 X32.6587 Y-70.9206 F12000.0
G1 X34.8175 Y-69.9762
G1 X33.0635 Y-69.8413
G1 X36.7063 Y-70.5159
G1 X34.2778 Y-68.2222
G1 X33.4683 Y-67.8175
G1 X39.4048 Y-71.5952
G1 X41.2937 Y-70.3810
G1 X43.8571 Y-69.7063
G1 X45.4762 Y-67.9524
G1 X44.2619 Y-69.9762
G1 X40.6190 Y-70.7857
G1 X38.5952 Y-71.5952
G1 X36.8413 Y-70.6508
G1 X34.6825 Y-71.3254
G1 X30.7698 Y-71.3254
G1 X31.5794 Y-71.0556
G1 X30.3651 Y-68.8968
G1 X29.4206 Y-68.4921
G1 X28.7460 Y-68.8968
G1 X30.3651 Y-67.6825
G1 Z0.0000 F8000.0
G0 X27.4005 Y-62.2282 F15000.0
G1 Z11.9000 F8000.0
G1 X20.3399 Y-56.7139 F12000.0
G1 Z0.0000 F8000.0
G0 X19.0317 Y-61.2063 F15000.0
G1 Z11.9000 F8000.0
G1 X21.7302 Y-61.6111 F12000.0
G1 X23.2143 Y-63.0952
G1 X23.0794 Y-66.3333
G1 X21.4603 Y-67.1429
G1 X17.4127 Y-63.0952
G1 X19.0317 Y-61.2063
G1 Z0.0000 F8000.0
G0 X10.9365 Y-34.2222 F15000.0
G1 Z11.9000 F8000.0
G1 X13.7698 Y-34.6270 F12000.0
G1 X14.9841 Y-35.4365
G1 X15.5238 Y-37.8651
G1 X14.0397 Y-39.2143
G1 X11.4762 Y-39.2143
G1 X8.6429 Y-37.8651
G1 X6.2143 Y-37.5952
G1 X10.3968 Y-38.4048
G1 X13.2302 Y-39.6190
G1 X15.2540 Y-37.5952
G1 X14.0397 Y-35.1667
G1 X10.3968 Y-33.6825
G1 Z0.0000 F8000.0
G0 X54.1111 Y-34.2222 F15000.0
G1 Z11.9000 F8000.0
G1 X56.5397 Y-35.5714 F12000.0
G1 X60.3175 Y-36.6508
G1 X58.9683 Y-37.3254
G1 X56.8095 Y-37.1905
G1 X54.6508 Y-37.8651
G1 X53.4365 Y-37.8651
G1 X60.3175 Y-37.1905
G1 X60.8571 Y-36.6508
G1 X54.6508 Y-34.2222
G1 Z0.0000 F8000.0
G0 X68.6825 Y-27.2063 F15000.0
G1 Z11.9000 F8000.0
G1 X72.3254 Y-29.6349 F12000.0
G1 X73.9444 Y-30.0397
G1 X75.9683 Y-28.9603
G1 X79.2063 Y-28.9603
G1 X80.5556 Y-27.3413
G1 X79.4762 Y-28.6905
G1 X78.1270 Y-29.2302
G1 X75.1587 Y-29.2302
G1 X74.0794 Y-30.0397
G1 X68.0079 Y-27.7460
G1 X67.1984 Y-28.5556
G1 X69.6270 Y-30.8492
G1 X70.3016 Y-30.5794
G1 X68.4127 Y-30.5794
G1 X65.9841 Y-28.9603
G1 X63.0159 Y-30.8492
G1 X62.3413 Y-31.9286
G1 X62.6111 Y-32.7381
G1 X62.6111 Y-30.7143
G1 X65.7143 Y-28.9603
G1 X66.6587 Y-28.9603
G1 X69.2222 Y-26.6667
G1 Z0.0000 F8000.0
G0 X97.8254 Y-50.9524 F15000.0
G1 Z11.9000 F8000.0
G1 X92.6984 Y-53.1111 F12000.0
G1 X90.2698 Y-51.4921
G1 X87.8413 Y-52.3016
G1 X86.7619 Y-56.0794
G1 X84.4683 Y-56.3492
G1 X77.8571 Y-53.1111
G1 X65.9841 Y-58.2381
G1 X67.3333 Y-59.8571
G1 X70.0317 Y-61.4762
G1 X72.4603 Y-62.0159
G1 X78.5317 Y-61.2063
G1 X87.9762 Y-65.5238
G1 X92.0238 Y-64.7143
G1 X94.4524 Y-63.0952
G1 X95.1270 Y-61.7460
G1 X92.8333 Y-59.9921
G1 X90.4048 Y-59.0476
G1 X89.5952 Y-57.0238
G1 X97.4206 Y-52.5714
G1 X97.8254 Y-50.9524
G1 Z0.0000 F8000.0
G0 X107.4318 Y-55.3556 F15000.0
G1 Z11.9000 F8000.0
G1 X114.1856 Y-61.1927 F12000.0
G1 Z0.0000 F8000.0
G0 X119.2605 Y-60.4781 F15000.0
G1 Z11.9000 F8000.0
G1 X124.1321 Y-65.9321 F12000.0
G1 Z0.0000 F8000.0
G0 X133.9841 Y-59.5873 F15000.0
G1 Z11.9000 F8000.0
G1 X131.6905 Y-60.8016 F12000.0
G1 X130.0714 Y-64.8492
G1 X130.2063 Y-66.3333
G1 X132.0952 Y-68.4921
G1 X138.9762 Y-66.0635
G1 X136.9524 Y-64.4444
G1 X131.9603 Y-66.3333
G1 X132.3651 Y-64.1746
G1 X136.2778 Y-60.3968
G1 X134.5238 Y-59.0476
G1 Z0.0000 F8000.0
G0 X135.6032 Y-57.9683 F15000.0
G1 Z11.9000 F8000.0
G1 X132.7698 Y-59.5873 F12000.0
G1 X129.9365 Y-64.7143
G1 X130.8810 Y-67.8175
G1 X132.3651 Y-68.3571
G1 X137.0873 Y-67.2778
G1 X142.3492 Y-67.2778
G1 X148.8254 Y-65.6587
G1 X149.9048 Y-63.9048
G1 X157.5952 Y-60.8016
G1 X158.8095 Y-60.8016
G1 X153.1429 Y-61.6111
G1 X148.9603 Y-61.3413
G1 X152.4683 Y-62.5556
G1 X149.6349 Y-63.6349
G1 X148.4206 Y-65.6587
G1 X141.1349 Y-67.2778
G1 X139.7857 Y-67.0079
G1 X138.7063 Y-64.8492
G1 X135.8730 Y-64.8492
G1 X133.0397 Y-65.7937
G1 X132.2302 Y-64.5794
G1 X134.5238 Y-63.0952
G1 X136.9524 Y-59.7222
G1 X136.1429 Y-58.5079
G1 Z0.0000 F8000.0
G0 X134.9456 Y-61.2609 F15000.0
G1 Z11.9000 F8000.0
G1 X139.4476 Y-66.0466 F12000.0
G1 Z0.0000 F8000.0
G0 X145.8571 Y-60.1270 F15000.0
G1 Z11.9000 F8000.0
G1 X145.4524 Y-59.3175 F12000.0
G1 X141.2698 Y-59.3175
G1 X140.0556 Y-56.3492
G1 X142.2143 Y-52.5714
G1 X130.8810 Y-55.8095
G1 X129.9365 Y-56.6190
G1 X131.6905 Y-57.2937
G1 X138.0317 Y-57.6984
G1 X138.8413 Y-59.3175
G1 X136.5476 Y-63.2302
G1 X141.5397 Y-63.3651
G1 X143.8333 Y-62.5556
G1 X145.8571 Y-60.1270
G1 Z0.0000 F8000.0
G0 X145.8571 Y-83.8730 F15000.0
G1 Z11.9000 F8000.0
G1 X146.6667 Y-85.0873 F12000.0
G1 X144.6429 Y-88.4603
G1 X142.8889 Y-91.9683
G1 X141.2698 Y-91.1587
G1 X140.1905 Y-87.6508
G1 X140.3254 Y-86.0317
G1 X142.6190 Y-84.2778
G1 X145.8571 Y-83.8730
G1 Z0.0000 F8000.0
G0 X122.1111 Y-101.6825 F15000.0
G1 Z11.9000 F8000.0
G1 X121.1667 Y-101.5476 F12000.0
G1 X120.3571 Y-103.3016
G1 X121.8413 Y-104.7857
G1 X125.0794 Y-104.6508
G1 X126.4286 Y-103.9762
G1 X128.4524 Y-104.1111
G1 X131.8254 Y-103.1667
G1 X136.0079 Y-101.2778
G1 X141.2698 Y-101.5476
G1 X142.4841 Y-102.7619
G1 X146.1270 Y-101.8175
G1 X148.5556 Y-102.6270
G1 X145.4524 Y-101.9524
G1 X142.2143 Y-102.7619
G1 X139.9206 Y-101.2778
G1 X134.3889 Y-101.8175
G1 X130.4762 Y-103.7063
G1 X126.1587 Y-104.1111
G1 X124.5397 Y-104.7857
G1 X121.4365 Y-104.6508
G1 X118.6032 Y-105.0556
G1 X114.1508 Y-103.8413
G1 X109.6984 Y-106.6746
G1 X113.8810 Y-103.8413
G1 X117.3889 Y-104.2460
G1 X119.8175 Y-105.1905
G1 X120.7619 Y-103.9762
G1 X119.6825 Y-102.8968
G1 X114.2857 Y-102.2222
G1 X105.1111 Y-107.7540
G1 X113.0714 Y-102.6270
G1 X117.2540 Y-102.4921
G1 X118.3333 Y-103.0317
G1 X121.5714 Y-101.1429
G1 Z0.0000 F8000.0
G0 X107.9266 Y-112.4440 F15000.0
G1 Z11.9000 F8000.0
G1 X96.0287 Y-111.1278 F12000.0
G1 Z0.0000 F8000.0
