G21
G90
G17
G91.1
G0 Z0.0000
G0 X5.0000 Y-27.6389 F15000.0
G1 X18.3481 Y-27.6389 F12000.0
G0 X18.0963 Y-28.9889 F15000.0
G1 X12.3037 Y-28.9889 F12000.0
G0 X11.8000 Y-28.4296 F15000.0
G1 X12.7444 Y-29.3111 F12000.0
G1 X12.9333 Y-30.6333
G1 X14.3185 Y-32.7741
G1 X13.3111 Y-30.9481
G1 X11.5481 Y-28.4296
G0 X11.2963 Y-28.9889 F15000.0
G1 X10.2889 Y-28.9889 F12000.0
G0 X8.7778 Y-26.9185 F15000.0
G1 X10.4778 Y-28.5556 F12000.0
G1 X10.9815 Y-27.1074
G1 X10.4778 Y-28.8074
G1 X8.7778 Y-26.6667
G0 X8.0222 Y-26.9185 F15000.0
G1 X8.4630 Y-28.1778 F12000.0
G1 X7.3296 Y-28.7444
G1 X10.4778 Y-29.8148
G1 X5.4407 Y-29.7519
G1 X6.5741 Y-29.0593
G1 X7.0778 Y-27.1074
G1 X8.3370 Y-27.6111
G1 X7.7704 Y-26.6667
G0 X7.0148 Y-28.9889 F15000.0
G1 X5.0000 Y-28.9889 F12000.0
G0 X5.7556 Y-30.4444 F15000.0
G1 X5.3778 Y-32.1444 F12000.0
G1 X6.6370 Y-33.9704
G1 X5.6296 Y-32.0815
G1 X6.0074 Y-30.6963
G0 X7.5185 Y-36.9926 F15000.0
G1 X7.0148 Y-37.4963 F12000.0
G1 X11.8000 Y-38.3778
G1 X7.7704 Y-37.2444
G0 X6.8775 Y-38.7127 F15000.0
G1 X4.9185 Y-40.6717 F12000.0
G0 X4.9174 Y-40.3335 F15000.0
G1 X24.6849 Y-60.1011 F12000.0
G0 X24.7965 Y-60.9058 F15000.0
G1 X43.4955 Y-42.2067 F12000.0
G0 X43.7852 Y-41.1389 F15000.0
G1 X5.0000 Y-41.1389 F12000.0
G0 X4.9391 Y-42.0926 F15000.0
G1 X23.1039 Y-60.2574 F12000.0
G0 X22.6382 Y-61.2407 F15000.0
G1 X42.5839 Y-41.2951 F12000.0
G0 X41.3161 Y-40.7396 F15000.0
G1 X20.8362 Y-61.2195 F12000.0
G0 X21.3448 Y-60.2357 F15000.0
G1 X4.9609 Y-43.8517 F12000.0
G1 X46.8074 Y-43.8389 F12000.0
G0 X46.4085 Y-44.7635 F15000.0
G1 X28.4218 Y-62.7502 F12000.0
G0 X27.6883 Y-61.6605 F15000.0
G1 X45.4969 Y-43.8519 F12000.0
G0 X44.5853 Y-42.9403 F15000.0
G1 X26.2424 Y-61.2831 F12000.0
G0 X26.8002 Y-60.4790 F15000.0
G1 X5.0737 Y-38.7525 F12000.0
G0 X4.8973 Y-38.8696 F15000.0
G1 X5.6097 Y-38.1572 F12000.0
G0 X5.0000 Y-38.4389 F15000.0
G1 X40.7630 Y-38.4389 F12000.0
G0 X40.5825 Y-39.6499 F15000.0
G1 X19.0341 Y-61.1983 F12000.0
G0 X19.1037 Y-61.9259 F15000.0
G1 X18.0963 Y-63.5000 F12000.0
G1 X20.5519 Y-64.5074
G1 X21.4963 Y-63.1222
G1 X20.3630 Y-64.6333
G1 X18.2852 Y-62.4926
G1 X18.8519 Y-61.9259
G0 X18.3608 Y-60.7264 F15000.0
G1 X5.0044 Y-47.3700 F12000.0
G0 X5.0034 Y-47.8799 F15000.0
G1 X13.7296 Y-39.1537 F12000.0
G0 X13.5348 Y-40.2642 F15000.0
G1 X34.7271 Y-61.4564 F12000.0
G0 X35.0615 Y-60.0535 F15000.0
G1 X14.7597 Y-39.7517 F12000.0
G0 X15.8065 Y-39.0611 F15000.0
G1 X35.3959 Y-58.6506 F12000.0
G0 X36.4427 Y-57.9600 F15000.0
G1 X17.0313 Y-38.5486 F12000.0
G0 X18.2562 Y-38.0361 F15000.0
G1 X36.9552 Y-56.7351 F12000.0
G0 X38.0597 Y-54.9357 F15000.0
G1 X29.6896 Y-63.3057 F12000.0
G0 X31.1355 Y-63.6831 F15000.0
G1 X39.1494 Y-55.6692 F12000.0
G0 X38.7720 Y-54.2233 F15000.0
G1 X46.4297 Y-46.5656 F12000.0
G0 X47.8756 Y-46.9430 F15000.0
G1 X40.3960 Y-54.4226 F12000.0
G0 X40.2518 Y-53.0823 F15000.0
G1 X22.7994 Y-35.6299 F12000.0
G0 X23.5880 Y-34.7652 F15000.0
G1 X4.8889 Y-53.4642 F12000.0
G0 X5.0000 Y-53.2889 F15000.0
G1 X53.1037 Y-53.2889 F12000.0
G0 X52.8519 Y-51.9389 F15000.0
G1 X5.0000 Y-51.9389 F12000.0
G0 X5.0458 Y-51.4841 F15000.0
G1 X21.6078 Y-34.9221 F12000.0
G0 X21.3965 Y-35.9643 F15000.0
G1 X38.3146 Y-52.8825 F12000.0
G0 X36.9117 Y-53.2169 F15000.0
G1 X19.6374 Y-35.9425 F12000.0
G0 X19.6591 Y-37.7016 F15000.0
G1 X35.3307 Y-53.3732 F12000.0
G0 X35.1096 Y-48.9556 F15000.0
G1 X35.1096 Y-47.6963 F12000.0
G0 X33.9419 Y-48.9556 F15000.0
G1 X33.9419 Y-45.1778 F12000.0
G0 X32.7741 Y-44.1704 F15000.0
G1 X32.7741 Y-49.4593 F12000.0
G0 X31.6064 Y-48.9556 F15000.0
G1 X31.6064 Y-40.1407 F12000.0
G0 X32.7741 Y-40.1407 F15000.0
G1 X32.7741 Y-42.4074 F12000.0
G0 X33.9419 Y-42.4074 F15000.0
G1 X33.9419 Y-40.6444 F12000.0
G0 X35.1096 Y-41.1481 F15000.0
G1 X35.1096 Y-42.4074 F12000.0
G0 X35.3130 Y-37.7193 F15000.0
G1 X42.2584 Y-44.6647 F12000.0
G0 X42.5928 Y-43.2617 F15000.0
G1 X37.7845 Y-38.4534 F12000.0
G0 X38.5812 Y-38.0047 F15000.0
G1 X4.9229 Y-71.6630 F12000.0
G1 X6.3774 Y-73.0660 F12000.0
G0 X6.7462 Y-73.4863 F15000.0
G1 X14.9381 Y-65.2943 F12000.0
G0 X16.3333 Y-65.2000 F15000.0
G1 X17.9074 Y-66.3963 F12000.0
G1 X16.2074 Y-66.7111
G1 X15.2000 Y-66.1444
G1 X17.9704 Y-66.2704
G1 X16.5852 Y-65.4519
G0 X16.3333 Y-66.7889 F15000.0
G1 X5.0000 Y-66.7889 F12000.0
G1 X10.9815 Y-67.8444 F12000.0
G1 X5.2519 Y-66.7111
G0 X4.8874 Y-66.3640 F15000.0
G1 X8.2711 Y-69.7477 F12000.0
G0 X9.4959 Y-69.2352 F15000.0
G1 X7.7151 Y-67.4543 F12000.0
G0 X8.2276 Y-66.2294 F15000.0
G1 X5.0220 Y-63.0239 F12000.0
G0 X5.0000 Y-62.7389 F15000.0
G1 X17.5926 Y-62.7389 F12000.0
G0 X18.0963 Y-64.0889 F15000.0
G1 X5.0000 Y-64.0889 F12000.0
G0 X5.0161 Y-64.2766 F15000.0
G1 X32.7976 Y-36.4952 F12000.0
G0 X33.0197 Y-37.1633 F15000.0
G1 X46.1980 Y-50.3417 F12000.0
G0 X46.8886 Y-49.2949 F15000.0
G1 X45.6420 Y-48.0483 F12000.0
G0 X45.1078 Y-47.5141 F15000.0
G1 X43.6831 Y-46.0894 F12000.0
G0 X46.3037 Y-42.4889 F15000.0
G1 X5.0000 Y-42.4889 F12000.0
G1 X8.6796 Y-38.7339 F12000.0
G0 X9.4824 Y-39.6864 F15000.0
G1 X31.2089 Y-61.4129 F12000.0
G0 X29.8059 Y-61.7474 F15000.0
G1 X8.6137 Y-40.5551 F12000.0
G0 X10.4816 Y-38.7551 F15000.0
G1 X4.9610 Y-44.2758 F12000.0
G0 X5.0000 Y-45.1889 F15000.0
G1 X48.0667 Y-45.1889 F12000.0
G0 X48.8222 Y-46.5389 F15000.0
G1 X5.0000 Y-46.5389 F12000.0
G0 X4.9822 Y-46.0779 F15000.0
G1 X12.1056 Y-38.9544 F12000.0
G0 X11.5976 Y-40.0644 F15000.0
G1 X32.9680 Y-61.4347 F12000.0
G0 X33.6499 Y-62.9920 F15000.0
G1 X39.5268 Y-57.1151 F12000.0
G0 X40.5111 Y-57.3389 F15000.0
G1 X5.0000 Y-57.3389 F12000.0
G0 X4.9313 Y-57.0684 F15000.0
G1 X26.8359 Y-35.1638 F12000.0
G0 X26.9111 Y-34.3889 F15000.0
G1 X13.0593 Y-34.3889 F12000.0
G0 X13.0593 Y-33.0389 F15000.0
G1 X26.6593 Y-33.0389 F12000.0
G0 X28.1704 Y-31.6889 F15000.0
G1 X13.8148 Y-31.6889 F12000.0
G0 X14.5352 Y-31.0550 F15000.0
G1 X16.6722 Y-28.9180 F12000.0
G0 X17.4058 Y-30.0077 F15000.0
G1 X14.7345 Y-32.6790 F12000.0
G0 X15.4680 Y-33.7687 F15000.0
G1 X18.3174 Y-30.9193 F12000.0
G0 X19.4071 Y-31.6529 F15000.0
G1 X15.4892 Y-35.5708 F12000.0
G0 X14.8222 Y-35.7389 F15000.0
G1 X31.6963 Y-35.7389 F12000.0
G0 X30.9955 Y-36.4740 F15000.0
G1 X4.9949 Y-62.4746 F12000.0
G0 X5.0000 Y-61.3889 F15000.0
G1 X41.0148 Y-61.3889 F12000.0
G0 X42.0222 Y-60.0389 F15000.0
G1 X5.0000 Y-60.0389 F12000.0
G0 X4.9785 Y-59.5057 F15000.0
G1 X11.2115 Y-65.7387 F12000.0
G0 X12.2583 Y-65.0481 F15000.0
G1 X4.9568 Y-57.7466 F12000.0
G0 X5.0000 Y-58.6889 F15000.0
G1 X40.5111 Y-58.6889 F12000.0
G0 X38.4795 Y-59.9857 F15000.0
G1 X34.3835 Y-64.0817 F12000.0
G0 X35.7259 Y-65.9556 F15000.0
G1 X30.5630 Y-67.2778 F12000.0
G1 X33.5222 Y-68.6000
G1 X33.8370 Y-68.1593
G1 X37.4889 Y-70.8037
G1 X35.7889 Y-70.4259
G1 X36.3556 Y-71.3704
G1 X32.8926 Y-70.1111
G1 X35.2852 Y-70.7407
G1 X29.9963 Y-68.5370
G1 X27.2259 Y-69.1667
G1 X23.7630 Y-69.2296
G1 X23.8889 Y-70.0481
G1 X23.1963 Y-70.8667
G1 X21.3074 Y-69.2926
G1 X22.9444 Y-69.2926
G1 X20.4889 Y-69.0407
G1 X21.9370 Y-68.0963
G1 X19.5444 Y-69.3556
G1 X17.3407 Y-69.1667
G1 X17.5296 Y-69.9222
G1 X15.7037 Y-68.7259
G1 X18.7889 Y-70.1111
G1 X19.2296 Y-70.9926
G1 X19.6704 Y-70.1111
G1 X18.0333 Y-69.2926
G1 X21.1185 Y-69.7333
G1 X25.7778 Y-71.8111
G1 X25.9667 Y-71.4333
G1 X25.0222 Y-71.6222
G1 X25.9667 Y-70.5519
G1 X28.0444 Y-70.6148
G1 X26.6593 Y-69.3556
G1 X30.5000 Y-69.9222
G1 X29.4296 Y-68.8519
G1 X36.9222 Y-71.8111
G1 X37.8037 Y-72.5667
G1 X40.1333 Y-72.6296
G1 X40.4481 Y-72.8815
G1 X40.4481 Y-70.5519
G1 X41.9593 Y-72.1889
G1 X42.0222 Y-73.0074
G1 X42.5889 Y-72.2519
G1 X44.5407 Y-71.0556
G1 X45.1074 Y-71.6852
G1 X42.8407 Y-71.6852
G1 X42.6519 Y-70.3630
G1 X46.3667 Y-70.1111
G1 X42.4630 Y-69.6074
G1 X44.6667 Y-69.6074
G1 X41.1407 Y-69.4185
G1 X43.0926 Y-68.6000
G1 X45.8630 Y-69.4185
G1 X45.3593 Y-68.3481
G1 X42.5259 Y-67.5926
G1 X45.6741 Y-68.8519
G1 X41.2667 Y-67.3407
G1 X41.3296 Y-68.5370
G1 X37.3000 Y-65.9556
G1 X35.9778 Y-65.9556
G0 X36.3849 Y-65.7269 F15000.0
G1 X33.8917 Y-68.2201 F12000.0
G0 X33.1581 Y-67.1303 F15000.0
G1 X32.2677 Y-68.0208 F12000.0
G0 X31.4444 Y-66.7889 F15000.0
G1 X38.2444 Y-66.7889 F12000.0
G0 X37.8308 Y-66.1042 F15000.0
G1 X35.1595 Y-68.7755 F12000.0
G0 X36.2492 Y-69.5091 F15000.0
G1 X38.0300 Y-67.7282 F12000.0
G0 X37.2370 Y-66.7111 F15000.0
G3 X36.9852 Y-66.7111 I-0.1259 J-1.1529 F12000.0
G0 X35.4741 Y-66.4593 F15000.0
G1 X32.5148 Y-67.5926 F12000.0
G1 X33.4593 Y-68.8519
G1 X32.8926 Y-68.2852
G1 X33.7111 Y-67.9704
G1 X39.0000 Y-70.8667
G1 X37.1741 Y-72.4407
G1 X40.4481 Y-71.2444
G1 X40.7000 Y-70.5519
G1 X41.0148 Y-69.7333
G1 X36.9852 Y-66.0185
G1 X35.4741 Y-66.2074
G0 X33.8704 Y-66.4180 F15000.0
G1 X37.7883 Y-62.5001 F12000.0
G0 X39.2519 Y-62.7389 F15000.0
G1 X23.1333 Y-62.7389 F12000.0
G0 X22.3778 Y-64.0889 F15000.0
G1 X38.4963 Y-64.0889 F12000.0
G0 X38.7481 Y-65.4389 F15000.0
G1 X23.8889 Y-65.4389 F12000.0
G0 X23.1333 Y-65.4389 F15000.0
G1 X5.0000 Y-65.4389 F12000.0
G0 X5.0374 Y-66.0787 F15000.0
G1 X34.5997 Y-36.5164 F12000.0
G0 X34.2148 Y-36.9926 F15000.0
G1 X36.9222 Y-37.7481 F12000.0
G1 X38.2444 Y-37.3704
G1 X42.8407 Y-41.7148
G1 X37.3000 Y-37.2444
G1 X37.4259 Y-38.4407
G1 X33.9630 Y-36.7407
G0 X33.7111 Y-35.7389 F15000.0
G1 X36.7333 Y-35.7389 F12000.0
G0 X37.1353 Y-37.6273 F15000.0
G1 X4.9017 Y-69.8609 F12000.0
G1 X7.7803 Y-72.7316 F12000.0
G0 X7.5185 Y-73.5389 F15000.0
G1 X5.7556 Y-73.5389 F12000.0
G0 X5.3003 Y-73.1089 F15000.0
G1 X39.4928 Y-38.9163 F12000.0
G0 X40.7630 Y-39.7889 F15000.0
G1 X5.0000 Y-39.7889 F12000.0
G0 X5.9159 Y-44.1704 F15000.0
G1 X5.9159 Y-57.5185 F12000.0
G0 X7.0836 Y-58.0222 F15000.0
G1 X7.0836 Y-44.1704 F12000.0
G0 X8.2514 Y-44.1704 F15000.0
G1 X8.2514 Y-58.5259 F12000.0
G0 X9.4191 Y-59.5333 F15000.0
G1 X9.4191 Y-43.6667 F12000.0
G0 X10.5869 Y-43.1630 F15000.0
G1 X10.5869 Y-59.5333 F12000.0
G0 X11.7546 Y-59.5333 F15000.0
G1 X11.7546 Y-42.6593 F12000.0
G0 X12.9224 Y-42.6593 F15000.0
G1 X12.9224 Y-50.4667 F12000.0
G0 X12.9224 Y-52.2296 F15000.0
G1 X12.9224 Y-59.0296 F12000.0
G0 X14.0901 Y-58.0222 F15000.0
G1 X14.0901 Y-52.7333 F12000.0
G0 X15.2579 Y-53.2370 F15000.0
G1 X15.2579 Y-57.0148 F12000.0
G0 X16.4256 Y-57.0148 F15000.0
G1 X16.4256 Y-53.2370 F12000.0
G0 X17.5934 Y-52.7333 F15000.0
G1 X17.5934 Y-57.0148 F12000.0
G0 X18.7611 Y-57.0148 F15000.0
G1 X18.7611 Y-40.1407 F12000.0
G0 X19.9289 Y-40.1407 F15000.0
G1 X19.9289 Y-57.0148 F12000.0
G0 X21.0966 Y-56.0074 F15000.0
G1 X21.0966 Y-53.2370 F12000.0
G0 X22.2644 Y-54.2444 F15000.0
G1 X22.2644 Y-56.0074 F12000.0
G0 X23.4321 Y-56.5111 F15000.0
G1 X23.4321 Y-55.2519 F12000.0
G0 X24.5999 Y-55.7556 F15000.0
G1 X24.5999 Y-57.0148 F12000.0
G0 X25.7676 Y-57.5185 F15000.0
G1 X25.7676 Y-56.2593 F12000.0
G0 X21.0966 Y-51.4741 F15000.0
G1 X21.0966 Y-40.1407 F12000.0
G0 X22.2644 Y-40.1407 F15000.0
G1 X22.2644 Y-50.4667 F12000.0
G0 X23.4321 Y-49.9630 F15000.0
G1 X23.4321 Y-40.1407 F12000.0
G0 X24.5999 Y-39.6370 F15000.0
G1 X24.5999 Y-47.9481 F12000.0
G0 X25.7676 Y-47.9481 F15000.0
G1 X25.7676 Y-39.6370 F12000.0
G0 X26.9354 Y-40.1407 F15000.0
G1 X26.9354 Y-47.9481 F12000.0
G0 X28.1031 Y-48.4519 F15000.0
G1 X28.1031 Y-40.1407 F12000.0
G0 X29.2709 Y-40.1407 F15000.0
G1 X29.2709 Y-48.4519 F12000.0
G0 X30.4386 Y-48.4519 F15000.0
G1 X30.4386 Y-40.1407 F12000.0
G0 X31.2605 Y-37.1416 F15000.0
G1 X45.8636 Y-51.7446 F12000.0
G0 X45.7073 Y-53.3256 F15000.0
G1 X29.3233 Y-36.9417 F12000.0
G0 X29.7277 Y-35.9185 F15000.0
G1 X4.9737 Y-60.6725 F12000.0
G0 X5.0003 Y-61.2648 F15000.0
G1 X9.9867 Y-66.2512 F12000.0
G0 X10.1865 Y-68.1884 F15000.0
G1 X11.4331 Y-69.4350 F12000.0
G0 X12.6442 Y-69.4115 F15000.0
G1 X9.0825 Y-72.9732 F12000.0
G0 X9.5394 Y-72.7534 F15000.0
G1 X4.9092 Y-68.1231 F12000.0
G1 X35.5113 Y-37.4280 F12000.0
G0 X38.2444 Y-37.0889 F15000.0
G1 X15.3259 Y-37.0889 F12000.0
G0 X16.0447 Y-36.8386 F15000.0
G1 X20.1407 Y-32.7426 F12000.0
G0 X20.6962 Y-34.0104 F15000.0
G1 X5.0246 Y-49.6820 F12000.0
G0 X5.0000 Y-49.2389 F15000.0
G1 X51.3407 Y-49.2389 F12000.0
G0 X51.3407 Y-50.5889 F15000.0
G1 X5.0000 Y-50.5889 F12000.0
G0 X5.0479 Y-50.8882 F15000.0
G1 X15.3769 Y-61.2172 F12000.0
G0 X14.3301 Y-61.9078 F15000.0
G1 X4.8915 Y-52.4692 F12000.0
G0 X4.9133 Y-54.2283 F15000.0
G1 X13.1052 Y-62.4203 F12000.0
G0 X12.5927 Y-63.6451 F15000.0
G1 X4.9350 Y-55.9874 F12000.0
G1 X43.7852 Y-55.9889 F12000.0
G0 X43.1097 Y-55.3555 F15000.0
G1 X48.8085 Y-49.6567 F12000.0
G0 X49.0078 Y-51.2807 F15000.0
G1 X45.8022 Y-54.4862 F12000.0
G0 X45.8000 Y-55.1259 F15000.0
G1 X40.7630 Y-57.2667 F12000.0
G1 X42.4630 Y-57.3296
G1 X46.4296 Y-55.6296
G1 X47.7519 Y-57.0148
G1 X44.6667 Y-63.7519
G1 X44.5407 Y-62.8074
G1 X46.1778 Y-60.7296
G1 X48.0037 Y-56.0074
G1 X46.8074 Y-56.0704
G1 X46.0519 Y-55.1259
G0 X46.8074 Y-55.9889 F15000.0
G1 X49.5778 Y-55.9889 F12000.0
G0 X49.5844 Y-54.3506 F15000.0
G1 X50.6530 Y-53.2820 F12000.0
G0 X50.0975 Y-52.0142 F15000.0
G1 X47.2481 Y-54.8636 F12000.0
G0 X46.8074 Y-58.6889 F15000.0
G1 X53.3556 Y-58.6889 F12000.0
G0 X54.1111 Y-60.0389 F15000.0
G1 X46.0519 Y-60.0389 F12000.0
G0 X46.0519 Y-61.3889 F15000.0
G1 X53.6074 Y-61.3889 F12000.0
G0 X52.8519 Y-62.7389 F15000.0
G1 X44.5407 Y-62.7389 F12000.0
G0 X45.5481 Y-63.4370 F15000.0
G1 X46.9333 Y-64.8852 F12000.0
G1 X46.3037 Y-65.2000
G1 X44.3519 Y-64.6963
G1 X41.8333 Y-66.5852
G1 X43.2185 Y-66.4593
G1 X43.8481 Y-65.7037
G1 X44.4778 Y-67.2778
G1 X49.2000 Y-67.1519
G1 X48.9481 Y-67.5296
G1 X50.7741 Y-67.5296
G1 X48.1296 Y-68.2222
G1 X47.0593 Y-67.7185
G1 X45.9889 Y-71.4333
G1 X47.3111 Y-73.4481
G1 X50.5852 Y-72.5667
G1 X61.9185 Y-74.7074
G1 X62.9259 Y-75.9667
G1 X67.7111 Y-77.1000
G1 X62.1704 Y-74.1407
G1 X49.1370 Y-72.7556
G1 X47.5630 Y-73.4481
G1 X46.4926 Y-71.3074
G1 X48.2556 Y-69.6074
G1 X47.5000 Y-67.7185
G1 X50.6481 Y-67.9074
G1 X51.3407 Y-66.8370
G1 X52.9778 Y-65.9556
G1 X55.0556 Y-66.5222
G1 X55.4333 Y-66.0815
G1 X54.4889 Y-65.8926
G1 X54.4889 Y-66.6481
G1 X50.9630 Y-66.3963
G1 X50.8370 Y-65.2000
G1 X48.3815 Y-66.6481
G1 X47.1852 Y-65.3889
G1 X45.8000 Y-63.6889
G1 X46.4425 Y-62.9623 F12000.0
G0 X46.8074 Y-61.6741 F15000.0
G1 X50.8370 Y-64.1296 F12000.0
G1 X52.1593 Y-64.0667
G1 X47.0593 Y-61.6741
G0 X44.7926 Y-64.0889 F15000.0
G1 X51.3407 Y-64.0889 F12000.0
G0 X51.3407 Y-65.4389 F15000.0
G1 X43.7852 Y-65.4389 F12000.0
G0 X44.5048 Y-66.7233 F15000.0
G1 X45.7514 Y-65.4767 F12000.0
G0 X46.1287 Y-66.9226 F15000.0
G1 X47.9096 Y-65.1418 F12000.0
G0 X49.7329 Y-66.9650 F15000.0
G1 X50.6233 Y-66.0746 F12000.0
G0 X52.3481 Y-65.4389 F15000.0
G1 X67.4593 Y-65.4389 F12000.0
G0 X68.4659 Y-66.4648 F15000.0
G1 X61.1644 Y-73.7663 F12000.0
G0 X62.7884 Y-73.9656 F15000.0
G1 X69.5556 Y-67.1983 F12000.0
G0 X70.9852 Y-66.4593 F15000.0
G1 X70.5444 Y-67.2778 F12000.0
G1 X71.6778 Y-66.7111
G1 X73.1259 Y-66.9630
G1 X71.2370 Y-66.4593
G0 X71.8920 Y-66.6853 F15000.0
G1 X63.5219 Y-75.0553 F12000.0
G0 X62.4222 Y-74.8889 F15000.0
G1 X137.9778 Y-74.8889 F12000.0
G0 X139.0095 Y-74.3220 F15000.0
G1 X146.6672 Y-66.6643 F12000.0
G0 X146.2889 Y-65.4389 F15000.0
G1 X174.7481 Y-65.4389 F12000.0
G0 X174.7667 Y-65.9139 F15000.0
G1 X171.9173 Y-68.7633 F12000.0
G1 X170.3407 Y-69.7963 F12000.0
G1 X174.5593 Y-70.1111
G1 X171.9148 Y-69.1037
G1 X174.1185 Y-68.7889
G1 X172.2296 Y-68.9778
G0 X172.7333 Y-69.4889 F15000.0
G1 X48.0667 Y-69.4889 F12000.0
G0 X48.5075 Y-70.0137 F15000.0
G1 X52.6035 Y-65.9177 F12000.0
G0 X52.8519 Y-64.0889 F15000.0
G1 X58.3926 Y-64.0889 F12000.0
G0 X58.5439 Y-65.4471 F15000.0
G1 X51.7767 Y-72.2144 F12000.0
G0 X53.2226 Y-72.5917 F15000.0
G1 X60.3460 Y-65.4683 F12000.0
G0 X61.2576 Y-66.3799 F15000.0
G1 X54.6685 Y-72.9691 F12000.0
G0 X55.8741 Y-73.5389 F15000.0
G1 X146.0370 Y-73.5389 F12000.0
G0 X145.1280 Y-73.6733 F15000.0
G1 X142.9910 Y-75.8103 F12000.0
G0 X142.7630 Y-76.2389 F15000.0
G1 X144.7778 Y-76.2389 F12000.0
G0 X144.7778 Y-77.5889 F15000.0
G1 X137.9778 Y-77.5889 F12000.0
G0 X138.2296 Y-77.0370 F15000.0
G1 X136.4667 Y-82.3259 F12000.0
G1 X135.5222 Y-83.6481
G1 X137.5370 Y-81.1926
G1 X138.4815 Y-77.0370
G0 X138.9852 Y-77.0370 F15000.0
G1 X143.8963 Y-77.1630 F12000.0
G1 X138.9852 Y-76.7852
G0 X139.7407 Y-74.8889 F15000.0
G1 X146.0370 Y-74.8889 F12000.0
G0 X144.5259 Y-73.2593 F15000.0
G1 X146.1630 Y-73.3852 F12000.0
G1 X146.1000 Y-74.8963
G1 X146.5407 Y-75.3370
G1 X141.6926 Y-73.8259
G1 X144.2741 Y-73.5111
G0 X143.3260 Y-73.6521 F15000.0
G1 X142.2574 Y-74.7206 F12000.0
G0 X141.0000 Y-73.2593 F15000.0
G1 X141.3778 Y-74.2667 F12000.0
G1 X142.7000 Y-73.3222
G1 X146.3519 Y-73.7630
G1 X146.2259 Y-74.7704
G1 X146.9815 Y-75.5259
G1 X142.3222 Y-76.0296
G1 X138.4185 Y-74.5815
G1 X131.8074 Y-79.2407
G1 X128.9111 Y-79.9963
G1 X134.7667 Y-77.2259
G1 X135.3963 Y-76.2185
G1 X140.4333 Y-74.7074
G1 X141.1889 Y-74.8963
G1 X141.0000 Y-73.0074
G0 X141.7556 Y-72.1889 F15000.0
G1 X46.5556 Y-72.1889 F12000.0
G0 X47.2821 Y-73.0624 F15000.0
G1 X54.7617 Y-65.5828 F12000.0
G0 X56.5638 Y-65.6040 F15000.0
G1 X49.7965 Y-72.3712 F12000.0
G0 X49.8296 Y-73.2593 F15000.0
G1 X49.2630 Y-73.8889 F12000.0
G1 X50.2074 Y-73.4481
G1 X52.8519 Y-75.0222
G1 X50.2074 Y-74.7074
G1 X49.8296 Y-75.9037
G1 X51.9704 Y-77.5407
G1 X49.8926 Y-75.7148
G1 X53.4815 Y-75.0222
G1 X54.1741 Y-75.7148
G1 X52.3481 Y-74.0148
G1 X50.0815 Y-73.2593
G0 X50.8370 Y-74.8889 F15000.0
G1 X52.8519 Y-74.8889 F12000.0
G0 X51.8444 Y-76.2815 F15000.0
G1 X57.4481 Y-77.5407 F12000.0
G1 X56.5667 Y-78.1704
G1 X57.5111 Y-77.8556
G1 X51.5926 Y-76.2815
G0 X50.3333 Y-76.2389 F15000.0
G1 X60.4074 Y-76.2389 F12000.0
G0 X59.6519 Y-77.5889 F15000.0
G1 X57.6370 Y-77.5889 F12000.0
G0 X56.6296 Y-77.5889 F15000.0
G1 X52.8519 Y-77.5889 F12000.0
G0 X54.3630 Y-79.3037 F15000.0
G1 X56.9444 Y-79.6815 F12000.0
G1 X57.0074 Y-81.1296
G1 X56.9444 Y-79.4296
G1 X54.6148 Y-79.3037
G0 X55.3704 Y-78.0444 F15000.0
G1 X50.8370 Y-79.4296 F12000.0
G1 X55.6222 Y-78.0444
G0 X57.1333 Y-80.2889 F15000.0
G1 X61.1630 Y-80.2889 F12000.0
G0 X61.2492 Y-80.9746 F15000.0
G1 X60.3588 Y-81.8650 F12000.0
G0 X60.4074 Y-82.9889 F15000.0
G1 X121.3556 Y-82.9889 F12000.0
G0 X121.6074 Y-84.3389 F15000.0
G1 X122.8667 Y-84.3389 F12000.0
G0 X123.1185 Y-82.0741 F15000.0
G1 X119.9704 Y-84.7185 F12000.0
G1 X123.3704 Y-82.0741
G0 X123.6222 Y-81.8222 F15000.0
G1 X120.6630 Y-83.6481 F12000.0
G1 X119.9704 Y-83.3963
G1 X119.9704 Y-84.7185
G1 X123.8741 Y-81.8222
G0 X124.8559 Y-81.1825 F15000.0
G1 X138.0342 Y-68.0042 F12000.0
G0 X136.0541 Y-68.1610 F15000.0
G1 X123.7661 Y-80.4490 F12000.0
G0 X122.4983 Y-79.8935 F15000.0
G1 X133.8958 Y-68.4960 F12000.0
G0 X131.3814 Y-69.1871 F15000.0
G1 X120.6962 Y-79.8723 F12000.0
G0 X118.7161 Y-80.0292 F15000.0
G1 X131.0040 Y-67.7412 F12000.0
G0 X131.6815 Y-66.7889 F15000.0
G1 X105.4889 Y-66.7889 F12000.0
G0 X106.1313 Y-67.0882 F15000.0
G1 X146.5568 Y-26.6626 F12000.0
G0 X145.8067 Y-26.5977 F15000.0
G1 X168.6017 Y-49.3927 F12000.0
G0 X167.0207 Y-49.5491 F15000.0
G1 X144.0476 Y-26.5760 F12000.0
G0 X144.7547 Y-26.6414 F15000.0
G1 X105.3977 Y-65.9985 F12000.0
G0 X104.7333 Y-66.2074 F15000.0
G1 X104.6074 Y-68.2852 F12000.0
G1 X101.8370 Y-68.0333
G1 X103.3481 Y-67.6556
G1 X104.4815 Y-65.9556
G0 X103.9778 Y-66.7889 F15000.0
G1 X102.2148 Y-66.7889 F12000.0
G0 X102.1709 Y-67.4019 F15000.0
G1 X81.3349 Y-88.2380 F12000.0
G0 X82.4246 Y-88.9716 F15000.0
G1 X102.1922 Y-69.2040 F12000.0
G0 X100.5470 Y-67.2026 F15000.0
G1 X80.0671 Y-87.6826 F12000.0
G0 X78.4431 Y-87.4833 F15000.0
G1 X97.6764 Y-68.2500 F12000.0
G0 X96.9259 Y-66.7889 F15000.0
G1 X94.1556 Y-66.7889 F12000.0
G0 X95.1630 Y-65.7037 F15000.0
G1 X94.9111 Y-67.4037 F12000.0
G1 X96.4222 Y-65.7667
G1 X95.4148 Y-65.4519
G0 X95.1630 Y-65.4389 F15000.0
G1 X96.4222 Y-65.4389 F12000.0
G0 X97.1778 Y-62.7389 F15000.0
G1 X80.8074 Y-62.7389 F12000.0
G0 X81.5722 Y-62.4748 F15000.0
G1 X83.1750 Y-60.8720 F12000.0
G0 X82.0853 Y-60.1385 F15000.0
G1 X81.0168 Y-61.2070 F12000.0
G0 X79.9270 Y-60.4734 F15000.0
G1 X83.8449 Y-56.5556 F12000.0
G0 X84.3333 Y-55.9889 F15000.0
G1 X69.4741 Y-55.9889 F12000.0
G0 X71.5866 Y-56.0509 F15000.0
G1 X68.2030 Y-59.4346 F12000.0
G0 X69.1146 Y-60.3462 F15000.0
G1 X75.1696 Y-54.2913 F12000.0
G0 X75.5185 Y-53.2889 F15000.0
G1 X79.2963 Y-53.2889 F12000.0
G0 X78.5956 Y-54.5118 F15000.0
G1 X72.7188 Y-60.3886 F12000.0
G0 X72.7481 Y-61.3889 F15000.0
G1 X68.9704 Y-61.3889 F12000.0
G0 X70.5605 Y-60.7236 F15000.0
G1 X77.6840 Y-53.6001 F12000.0
G0 X78.2889 Y-51.6000 F15000.0
G1 X75.3296 Y-52.6704 F12000.0
G1 X73.5037 Y-54.4333
G1 X68.5296 Y-56.2593
G1 X67.9000 Y-58.5259
G1 X69.0333 Y-55.8815
G1 X74.8889 Y-53.6148
G1 X76.5889 Y-51.9778
G1 X79.4852 Y-51.7889
G1 X78.5407 Y-51.6000
G0 X79.7998 Y-49.6610 F15000.0
G1 X94.5810 Y-34.8799 F12000.0
G0 X94.2106 Y-35.8093 F15000.0
G1 X93.3202 Y-34.9188 F12000.0
G0 X93.4912 Y-34.1463 F15000.0
G1 X78.3539 Y-49.2837 F12000.0
G0 X78.0184 Y-49.1522 F15000.0
G1 X69.2921 Y-40.4259 F12000.0
G0 X68.7185 Y-39.7889 F15000.0
G1 X174.7481 Y-39.7889 F12000.0
G0 X174.8171 Y-39.9718 F15000.0
G1 X161.4606 Y-26.6154 F12000.0
G0 X161.1514 Y-26.6542 F15000.0
G1 X140.6715 Y-47.1341 F12000.0
G0 X139.7407 Y-47.8889 F15000.0
G1 X100.4519 Y-47.8889 F12000.0
G0 X100.4918 Y-47.2018 F15000.0
G1 X115.6291 Y-32.0645 F12000.0
G0 X115.8148 Y-31.6889 F15000.0
G1 X94.6593 Y-31.6889 F12000.0
G0 X94.9111 Y-31.4519 F15000.0
G1 X94.8481 Y-34.6000 F12000.0
G1 X93.5259 Y-33.9074
G1 X95.2889 Y-33.7815
G1 X95.4148 Y-33.0259
G1 X96.1704 Y-33.0889
G1 X94.5963 Y-32.2704
G1 X95.1630 Y-31.7037
G0 X94.8947 Y-30.9196 F15000.0
G1 X98.1003 Y-27.7140 F12000.0
G0 X96.8325 Y-27.1586 F15000.0
G1 X96.1201 Y-27.8709 F12000.0
G0 X95.5859 Y-28.4052 F15000.0
G1 X93.4488 Y-30.5422 F12000.0
G0 X92.6444 Y-31.6889 F15000.0
G1 X62.9259 Y-31.6889 F12000.0
G0 X62.6741 Y-33.0389 F15000.0
G1 X92.6444 Y-33.0389 F12000.0
G0 X92.2234 Y-33.5909 F15000.0
G1 X89.0179 Y-36.7964 F12000.0
G0 X90.0018 Y-36.8125 F15000.0
G1 X98.5499 Y-45.3607 F12000.0
G0 X99.0247 Y-45.0224 F15000.0
G1 X97.9562 Y-46.0909 F12000.0
G0 X97.9333 Y-46.5389 F15000.0
G1 X174.7481 Y-46.5389 F12000.0
G0 X174.7260 Y-46.8302 F15000.0
G1 X154.6023 Y-26.7065 F12000.0
G0 X153.9432 Y-26.5694 F15000.0
G1 X129.5454 Y-50.9672 F12000.0
G0 X128.1556 Y-51.9389 F15000.0
G1 X104.2296 Y-51.9389 F12000.0
G0 X104.6938 Y-52.1162 F15000.0
G1 X130.1601 Y-26.6499 F12000.0
G1 X153.4821 Y-49.9093 F12000.0
G0 X154.0408 Y-50.1743 F15000.0
G1 X174.6988 Y-29.5163 F12000.0
G0 X174.8647 Y-29.5952 F15000.0
G1 X171.8372 Y-26.5678 F12000.0
G0 X172.1419 Y-26.6033 F15000.0
G1 X150.0593 Y-48.6860 F12000.0
G0 X149.9421 Y-48.1067 F15000.0
G1 X142.2844 Y-40.4490 F12000.0
G0 X141.7719 Y-41.6739 F15000.0
G1 X146.7583 Y-46.6603 F12000.0
G0 X146.4339 Y-46.8415 F15000.0
G1 X166.5577 Y-26.7178 F12000.0
G0 X166.7380 Y-26.6806 F15000.0
G1 X174.7518 Y-34.6945 F12000.0
G0 X174.7624 Y-34.9225 F15000.0
G1 X159.6251 Y-50.0599 F12000.0
G0 X160.1623 Y-49.6402 F15000.0
G1 X137.1892 Y-26.6670 F12000.0
G0 X137.5465 Y-26.5566 F15000.0
G1 X105.1348 Y-58.9683 F12000.0
G0 X103.8670 Y-58.4128 F15000.0
G1 X135.5663 Y-26.7135 F12000.0
G0 X135.4301 Y-26.6453 F15000.0
G1 X158.2251 Y-49.4403 F12000.0
G0 X158.6296 Y-49.8370 F15000.0
G1 X158.2519 Y-50.4037 F12000.0
G1 X161.5259 Y-52.0407
G1 X167.1296 Y-52.1667
G1 X167.9481 Y-53.9926
G1 X168.7667 Y-54.0556
G1 X169.5222 Y-55.3778
G1 X172.6074 Y-51.5370
G1 X170.1519 Y-56.6370
G1 X172.7333 Y-51.7259
G1 X171.7259 Y-52.0407
G1 X167.3815 Y-53.4889
G1 X167.2556 Y-52.0407
G1 X162.8481 Y-51.5370
G1 X162.2185 Y-50.5296
G1 X160.0778 Y-51.0963
G1 X158.8815 Y-50.0889
G0 X157.1784 Y-50.1309 F15000.0
G1 X133.6710 Y-26.6235 F12000.0
G0 X133.7643 Y-26.6923 F15000.0
G1 X105.6266 Y-54.8299 F12000.0
G0 X105.4889 Y-54.6389 F15000.0
G1 X123.6222 Y-54.6389 F12000.0
G0 X122.9350 Y-55.7543 F15000.0
G1 X121.6884 Y-57.0009 F12000.0
G0 X121.8593 Y-57.3389 F15000.0
G1 X102.9704 Y-57.3389 F12000.0
G0 X102.7185 Y-58.6519 F15000.0
G1 X104.5444 Y-61.1704 F12000.0
G1 X104.4185 Y-61.6741
G1 X104.6074 Y-60.8556
G1 X102.4667 Y-58.9037
G0 X103.4741 Y-58.6889 F15000.0
G1 X121.8593 Y-58.6889 F12000.0
G0 X122.2650 Y-60.0708 F15000.0
G1 X98.7577 Y-83.5781 F12000.0
G0 X99.1926 Y-84.3389 F15000.0
G1 X102.2148 Y-84.3389 F12000.0
G0 X102.7185 Y-85.8519 F15000.0
G1 X99.8852 Y-87.2370 F12000.0
G1 X104.4815 Y-87.1111
G1 X105.6148 Y-86.7333
G1 X105.4259 Y-89.1889
G1 X99.1926 Y-90.9519
G1 X95.4148 Y-90.5111
G1 X100.5148 Y-90.8889
G1 X106.4333 Y-89.1889
G1 X102.4037 Y-91.7074
G1 X109.1407 Y-88.4333
G1 X112.3519 Y-90.0704
G1 X108.8889 Y-88.4333
G1 X105.8667 Y-88.0556
G1 X104.7963 Y-86.5444
G1 X104.0407 Y-86.8593
G1 X102.9704 Y-86.1037
G0 X101.2074 Y-87.0389 F15000.0
G1 X105.4889 Y-87.0389 F12000.0
G0 X105.7407 Y-88.3889 F15000.0
G1 X33.7111 Y-88.3889 F12000.0
G0 X33.2074 Y-87.6148 F15000.0
G1 X33.3963 Y-88.8741 F12000.0
G1 X28.4222 Y-89.8815
G1 X25.8407 Y-89.1259
G1 X32.5778 Y-89.3148
G1 X33.5222 Y-88.1815
G1 X32.3889 Y-87.9926
G1 X32.9556 Y-87.6148
G0 X33.4593 Y-87.0389 F15000.0
G1 X48.3185 Y-87.0389 F12000.0
G0 X47.5630 Y-85.6889 F15000.0
G1 X33.7111 Y-85.6889 F12000.0
G0 X34.2148 Y-84.8444 F15000.0
G1 X35.1593 Y-85.3481 F12000.0
G1 X35.5370 Y-85.0333
G1 X35.1593 Y-87.1741
G1 X36.8593 Y-85.4741
G1 X35.9148 Y-87.4259
G1 X36.3556 Y-88.3074
G1 X35.2852 Y-87.6148
G1 X36.2296 Y-89.6296
G1 X34.2148 Y-87.4259
G1 X34.9704 Y-85.8519
G1 X34.2148 Y-84.5926
G0 X32.9928 Y-83.7051 F15000.0
G1 X37.4449 Y-79.2530 F12000.0
G0 X38.3566 Y-80.1646 F15000.0
G1 X36.3976 Y-82.1236 F12000.0
G0 X37.4889 Y-81.3185 F15000.0
G1 X32.9556 Y-83.6481 F12000.0
G1 X30.5000 Y-83.3333
G1 X27.9185 Y-84.6556
G1 X30.9407 Y-84.7815
G1 X28.1074 Y-84.6556
G1 X31.2556 Y-83.2704
G1 X34.6556 Y-83.3333
G1 X37.7407 Y-81.3185
G0 X38.2444 Y-82.9889 F15000.0
G1 X5.0000 Y-82.9889 F12000.0
G0 X5.0501 Y-82.4754 F15000.0
G1 X9.5023 Y-78.0232 F12000.0
G0 X8.7687 Y-76.9335 F15000.0
G1 X5.0289 Y-80.6733 F12000.0
G0 X5.0000 Y-80.2889 F15000.0
G1 X42.0222 Y-80.2889 F12000.0
G0 X41.0148 Y-81.6389 F15000.0
G1 X5.0000 Y-81.6389 F12000.0
G0 X4.8834 Y-80.2588 F15000.0
G1 X7.1985 Y-82.5740 F12000.0
G0 X7.4077 Y-83.7644 F15000.0
G1 X14.1749 Y-76.9971 F12000.0
G0 X15.4427 Y-77.5526 F15000.0
G1 X8.8536 Y-84.1418 F12000.0
G0 X9.3138 Y-82.9519 F15000.0
G1 X5.0397 Y-78.6778 F12000.0
G0 X5.0077 Y-78.8713 F15000.0
G1 X7.1447 Y-76.7342 F12000.0
G0 X5.7556 Y-76.2389 F15000.0
G1 X9.5333 Y-76.2389 F12000.0
G0 X11.5481 Y-76.2815 F15000.0
G1 X10.1000 Y-77.8556 F12000.0
G1 X12.2407 Y-76.2815
G1 X18.1593 Y-77.6667
G1 X20.8037 Y-76.7222
G1 X22.6926 Y-77.1000
G1 X19.2926 Y-76.8481
G1 X17.4037 Y-77.6037
G1 X11.8000 Y-76.2815
G0 X12.3729 Y-76.9759 F15000.0
G1 X5.7837 Y-83.5651 F12000.0
G0 X5.0000 Y-84.3389 F15000.0
G1 X29.4296 Y-84.3389 F12000.0
G0 X29.2106 Y-83.8408 F15000.0
G1 X33.8408 Y-79.2106 F12000.0
G0 X33.2072 Y-80.7849 F15000.0
G1 X34.4538 Y-82.0315 F12000.0
G0 X33.0509 Y-82.3659 F15000.0
G1 X31.9824 Y-81.2974 F12000.0
G0 X31.6480 Y-82.7004 F15000.0
G1 X30.2233 Y-81.2757 F12000.0
G0 X29.8888 Y-82.6786 F15000.0
G1 X28.2861 Y-81.0758 F12000.0
G0 X27.9003 Y-79.6812 F15000.0
G1 X19.3522 Y-88.2293 F12000.0
G0 X17.9063 Y-87.8520 F15000.0
G1 X26.9887 Y-78.7696 F12000.0
G0 X25.3647 Y-78.5703 F15000.0
G1 X16.9947 Y-86.9403 F12000.0
G0 X16.2611 Y-85.8506 F15000.0
G1 X23.3846 Y-78.7272 F12000.0
G0 X22.1259 Y-77.5889 F15000.0
G1 X18.3481 Y-77.5889 F12000.0
G0 X17.3407 Y-77.5889 F15000.0
G1 X5.0000 Y-77.5889 F12000.0
G0 X5.0000 Y-78.9389 F15000.0
G1 X43.0296 Y-78.9389 F12000.0
G0 X44.2889 Y-79.8074 F15000.0
G1 X49.7667 Y-80.8778 F12000.0
G1 X49.0741 Y-80.0593
G1 X47.3741 Y-80.5630
G1 X44.5407 Y-79.8074
G0 X42.0222 Y-77.5889 F15000.0
G1 X39.2519 Y-77.5889 F12000.0
G0 X39.7556 Y-74.8889 F15000.0
G1 X36.4815 Y-74.8889 F12000.0
G0 X35.4741 Y-74.8889 F15000.0
G1 X24.8963 Y-74.8889 F12000.0
G0 X25.6785 Y-74.6100 F15000.0
G1 X31.0211 Y-69.2674 F12000.0
G0 X30.6889 Y-68.1389 F15000.0
G1 X83.5778 Y-68.1389 F12000.0
G0 X82.7256 Y-68.6146 F15000.0
G1 X74.5336 Y-76.8065 F12000.0
G0 X73.4651 Y-77.8750 F15000.0
G1 X66.1636 Y-85.1766 F12000.0
G0 X65.4300 Y-84.0869 F15000.0
G1 X81.8139 Y-67.7029 F12000.0
G0 X82.3185 Y-66.7889 F15000.0
G1 X80.8074 Y-66.7889 F12000.0
G0 X80.0519 Y-66.7889 F15000.0
G1 X40.7630 Y-66.7889 F12000.0
G0 X40.7438 Y-68.6611 F15000.0
G1 X38.2505 Y-71.1543 F12000.0
G0 X37.3389 Y-70.2426 F15000.0
G1 X39.1198 Y-68.4618 F12000.0
G0 X40.0526 Y-71.1755 F15000.0
G1 X39.1622 Y-72.0659 F12000.0
G0 X40.5111 Y-72.1889 F15000.0
G1 X37.2370 Y-72.1889 F12000.0
G0 X36.9852 Y-73.5389 F15000.0
G1 X42.5259 Y-73.5389 F12000.0
G0 X42.7778 Y-75.0222 F15000.0
G1 X39.1889 Y-76.5963 F12000.0
G1 X39.0000 Y-77.5407
G1 X39.5667 Y-76.2185
G1 X42.7778 Y-75.2741
G0 X45.5481 Y-75.2741 F15000.0
G1 X45.6111 Y-76.4074 F12000.0
G1 X41.9593 Y-77.2889
G1 X42.4000 Y-77.9185
G1 X47.1222 Y-75.4630
G1 X45.8000 Y-75.5259
G0 X47.5630 Y-70.8389 F15000.0
G1 X149.3111 Y-70.8389 F12000.0
G0 X150.3137 Y-70.3108 F15000.0
G1 X163.3140 Y-57.3106 F12000.0
G0 X165.1161 Y-57.3318 F15000.0
G1 X152.1158 Y-70.3321 F12000.0
G0 X153.9179 Y-70.3533 F15000.0
G1 X166.2058 Y-58.0653 F12000.0
G0 X166.9407 Y-57.3389 F15000.0
G1 X153.8444 Y-57.3389 F12000.0
G0 X153.8444 Y-55.9889 F15000.0
G1 X161.9037 Y-55.9889 F12000.0
G0 X162.9111 Y-54.6389 F15000.0
G1 X164.1704 Y-54.6389 F12000.0
G0 X164.8744 Y-52.1036 F15000.0
G1 X174.8472 Y-42.1308 F12000.0
G0 X174.7481 Y-42.4889 F15000.0
G1 X62.9259 Y-42.4889 F12000.0
G0 X62.1704 Y-43.8389 F15000.0
G1 X174.7481 Y-43.8389 F12000.0
G0 X174.8684 Y-43.9329 F15000.0
G1 X166.8545 Y-51.9468 F12000.0
G0 X166.8644 Y-51.1301 F15000.0
G1 X166.1520 Y-50.4177 F12000.0
G0 X164.9054 Y-49.1711 F15000.0
G1 X142.2885 Y-26.5542 F12000.0
G0 X142.9527 Y-26.6202 F15000.0
G1 X109.8287 Y-59.7442 F12000.0
G0 X108.7630 Y-58.9037 F15000.0
G1 X110.0222 Y-60.5407 F12000.0
G1 X108.7000 Y-59.9741
G1 X109.3296 Y-60.7926
G1 X108.5111 Y-58.9037
G0 X108.7601 Y-60.8128 F15000.0
G1 X107.6916 Y-61.8813 F12000.0
G0 X106.6019 Y-61.1477 F15000.0
G1 X141.1506 Y-26.5990 F12000.0
G0 X140.7075 Y-26.7105 F15000.0
G1 X163.6806 Y-49.6837 F12000.0
G0 X162.6949 Y-50.6365 F15000.0
G1 X174.8048 Y-38.5267 F12000.0
G0 X174.7481 Y-38.4389 F15000.0
G1 X73.5037 Y-38.4389 F12000.0
G0 X74.1916 Y-38.3759 F15000.0
G1 X84.6986 Y-48.8830 F12000.0
G0 X85.3407 Y-49.2389 F15000.0
G1 X56.1259 Y-49.2389 F12000.0
G0 X56.6296 Y-49.0815 F15000.0
G1 X55.5593 Y-51.9778 F12000.0
G1 X60.5963 Y-53.0481
G1 X62.4222 Y-54.3074
G1 X57.7630 Y-52.1667
G1 X55.7481 Y-52.0407
G1 X56.8815 Y-49.2074
G1 X56.8815 Y-49.0815
G0 X57.8188 Y-49.7627 F15000.0
G1 X55.8599 Y-51.7217 F12000.0
G0 X55.6222 Y-51.9389 F15000.0
G1 X70.7333 Y-51.9389 F12000.0
G0 X68.6524 Y-51.6920 F15000.0
G1 X84.1459 Y-36.1985 F12000.0
G0 X85.4137 Y-36.7540 F15000.0
G1 X72.0573 Y-50.1105 F12000.0
G0 X71.7407 Y-50.0889 F15000.0
G1 X69.9148 Y-51.9148 F12000.0
G1 X72.7481 Y-50.5296
G1 X71.4889 Y-49.8370
G0 X71.7407 Y-49.5852 F15000.0
G1 X69.2222 Y-52.2296 F12000.0
G1 X63.8074 Y-52.9222
G1 X63.0519 Y-53.8037
G1 X62.3593 Y-53.6778
G1 X68.4037 Y-52.0407
G1 X74.1333 Y-50.5926
G1 X72.8111 Y-50.8444
G1 X71.9926 Y-49.5852
G0 X71.3381 Y-49.4213 F15000.0
G1 X65.1051 Y-43.1883 F12000.0
G0 X64.2364 Y-44.0570 F15000.0
G1 X70.1132 Y-49.9338 F12000.0
G0 X68.7103 Y-50.2683 F15000.0
G1 X63.0115 Y-44.5695 F12000.0
G0 X62.6271 Y-44.9544 F15000.0
G1 X66.5450 Y-41.0365 F12000.0
G0 X66.2000 Y-41.0222 F15000.0
G1 X68.2148 Y-41.1481 F12000.0
G1 X65.5704 Y-41.3370
G1 X65.5074 Y-43.4148
G1 X62.5481 Y-44.8000
G1 X62.2963 Y-46.7519
G1 X63.9963 Y-47.6963
G1 X62.8630 Y-50.0259
G1 X59.1481 Y-49.3963
G1 X63.1148 Y-49.5852
G1 X62.4852 Y-48.0111
G1 X62.1704 Y-48.2630
G1 X62.2333 Y-47.0667
G1 X61.7296 Y-47.4444
G1 X63.1148 Y-42.2815
G1 X62.4222 Y-44.1704
G1 X65.5704 Y-43.1630
G1 X65.9481 Y-40.7704
G0 X66.2000 Y-39.7889 F15000.0
G1 X67.2074 Y-39.7889 F12000.0
G0 X66.8424 Y-41.4510 F15000.0
G1 X73.7878 Y-48.3963 F12000.0
G0 X72.7410 Y-49.0869 F15000.0
G1 X65.6176 Y-41.9635 F12000.0
G0 X64.9407 Y-41.1389 F15000.0
G1 X174.7481 Y-41.1389 F12000.0
G0 X174.8388 Y-41.7309 F15000.0
G1 X159.7015 Y-26.5936 F12000.0
G0 X159.3494 Y-26.6330 F15000.0
G1 X137.8010 Y-48.1814 F12000.0
G0 X135.2865 Y-48.8725 F15000.0
G1 X157.5473 Y-26.6118 F12000.0
G0 X157.9424 Y-26.5719 F15000.0
G1 X174.8606 Y-43.4901 F12000.0
G0 X174.7042 Y-45.0711 F15000.0
G1 X156.1833 Y-26.5501 F12000.0
G0 X155.7452 Y-26.5906 F15000.0
G1 X132.4160 Y-49.9199 F12000.0
G0 X131.6815 Y-50.5889 F15000.0
G1 X103.4741 Y-50.5889 F12000.0
G0 X104.3164 Y-50.6703 F15000.0
G1 X128.3580 Y-26.6286 F12000.0
G1 X138.9008 Y-37.0654 F12000.0
G0 X137.3197 Y-37.2217 F15000.0
G1 X126.8127 Y-26.7146 F12000.0
G0 X126.5560 Y-26.6074 F15000.0
G1 X123.1723 Y-29.9911 F12000.0
G0 X122.8667 Y-28.9889 F15000.0
G1 X174.7481 Y-28.9889 F12000.0
G0 X174.8429 Y-27.8361 F15000.0
G1 X173.5963 Y-26.5895 F12000.0
G0 X173.9440 Y-26.6246 F15000.0
G1 X150.7928 Y-49.7758 F12000.0
G0 X150.5704 Y-49.2389 F15000.0
G1 X174.7481 Y-49.2389 F12000.0
G0 X174.7540 Y-49.5172 F15000.0
G1 X172.6169 Y-51.6542 F12000.0
G0 X171.5484 Y-52.7227 F15000.0
G1 X169.4114 Y-54.8598 F12000.0
G0 X168.7037 Y-54.6389 F15000.0
G1 X174.7481 Y-54.6389 F12000.0
G0 X174.8176 Y-54.9234 F15000.0
G1 X160.7488 Y-68.9922 F12000.0
G0 X162.1947 Y-69.3696 F15000.0
G1 X174.8388 Y-56.7255 F12000.0
G0 X174.7481 Y-57.3389 F15000.0
G1 X170.4667 Y-57.3389 F12000.0
G0 X169.0976 Y-58.8201 F15000.0
G1 X158.4124 Y-69.5052 F12000.0
G0 X158.8815 Y-69.4815 F15000.0
G1 X141.5037 Y-72.2519 F12000.0
G1 X151.7667 Y-70.3000
G1 X168.2630 Y-69.9852
G1 X174.4333 Y-71.2444
G1 X159.1333 Y-69.4815
G0 X159.8889 Y-70.9926 F15000.0
G1 X157.8741 Y-72.3778 F12000.0
G1 X158.5667 Y-71.5593
G1 X155.9852 Y-72.1889
G1 X154.1593 Y-74.2037
G1 X152.6481 Y-72.9444
G1 X149.5000 Y-73.3852
G1 X151.9556 Y-74.0778
G1 X151.9556 Y-75.4000
G1 X150.2556 Y-76.2185
G1 X152.3963 Y-75.5259
G1 X151.1370 Y-76.9741
G1 X145.7852 Y-77.2259
G1 X152.6481 Y-76.5333
G1 X152.0185 Y-73.7000
G1 X152.9630 Y-73.1333
G1 X155.0407 Y-74.4556
G1 X156.8037 Y-71.6852
G1 X158.1889 Y-71.8741
G1 X157.6852 Y-74.2037
G1 X161.7778 Y-74.8333
G1 X163.5407 Y-74.5185
G1 X165.4926 Y-74.9593
G1 X165.6185 Y-74.2667
G1 X165.0519 Y-75.2111
G1 X163.1000 Y-73.1333
G1 X164.4222 Y-73.5741
G1 X160.9593 Y-74.8333
G1 X158.2519 Y-74.3926
G1 X159.0074 Y-73.5111
G1 X157.7481 Y-74.0778
G1 X157.8741 Y-73.2593
G1 X159.6370 Y-72.6926
G1 X161.0222 Y-73.1963
G1 X159.5111 Y-72.6296
G1 X160.4556 Y-71.1815
G1 X164.8000 Y-73.0074
G1 X161.7778 Y-71.1815
G1 X160.1407 Y-70.9926
G0 X159.8889 Y-72.1889 F15000.0
G1 X163.4148 Y-72.1889 F12000.0
G0 X164.9259 Y-73.5389 F15000.0
G1 X174.7481 Y-73.5389 F12000.0
G0 X174.4954 Y-73.4783 F15000.0
G1 X172.1803 Y-75.7934 F12000.0
G0 X172.9852 Y-76.2389 F15000.0
G1 X150.5704 Y-76.2389 F12000.0
G0 X150.5767 Y-77.3410 F15000.0
G1 X144.3436 Y-83.5740 F12000.0
G0 X144.2741 Y-84.3389 F15000.0
G1 X132.6889 Y-84.3389 F12000.0
G0 X131.1778 Y-85.6000 F15000.0
G1 X134.4519 Y-86.5444 F12000.0
G1 X130.1704 Y-86.2296
G1 X130.9259 Y-85.8519
G0 X130.9259 Y-85.6889 F15000.0
G1 X140.7481 Y-85.6889 F12000.0
G0 X140.0484 Y-86.0460 F15000.0
G1 X138.2675 Y-87.8269 F12000.0
G0 X137.7259 Y-88.3889 F15000.0
G1 X139.4889 Y-88.3889 F12000.0
G0 X139.4889 Y-87.0389 F15000.0
G1 X134.9556 Y-87.0389 F12000.0
G0 X137.1778 Y-87.0934 F15000.0
G1 X140.0272 Y-84.2440 F12000.0
G0 X139.9926 Y-83.5852 F15000.0
G1 X138.2926 Y-84.2778 F12000.0
G1 X143.5815 Y-83.9630
G1 X140.2444 Y-83.5852
G0 X140.5614 Y-83.7097 F15000.0
G1 X146.2602 Y-78.0110 F12000.0
G0 X145.5333 Y-77.7926 F15000.0
G1 X147.6741 Y-77.8556 F12000.0
G1 X142.9519 Y-78.8630
G1 X145.2815 Y-77.7926
G0 X145.5333 Y-77.5889 F15000.0
G1 X168.2000 Y-77.5889 F12000.0
G0 X168.2000 Y-78.5481 F15000.0
G1 X170.0259 Y-79.8704 F12000.0
G1 X168.9556 Y-80.0593
G1 X170.0259 Y-79.4296
G1 X167.8852 Y-78.8630
G1 X166.3111 Y-79.2407
G1 X167.0037 Y-79.4926
G1 X167.9481 Y-78.5481
G0 X166.4370 Y-78.9389 F15000.0
G1 X137.7259 Y-78.9389 F12000.0
G0 X136.9704 Y-80.2889 F15000.0
G1 X168.4519 Y-80.2889 F12000.0
G0 X167.6963 Y-80.5630 F15000.0
G1 X169.9000 Y-81.3815 F12000.0
G1 X170.7185 Y-81.0667
G1 X174.3704 Y-81.7593
G1 X167.4444 Y-80.5630
G0 X166.6596 Y-81.3141 F15000.0
G1 X155.0840 Y-92.8897 F12000.0
G0 X155.3556 Y-91.3926 F15000.0
G1 X143.7074 Y-93.1556 F12000.0
G1 X143.8963 Y-94.1000
G1 X145.1556 Y-92.6519
G1 X145.5963 Y-92.9037
G1 X143.2037 Y-94.4148
G1 X143.3296 Y-93.2185
G1 X142.8889 Y-93.8481
G1 X145.1556 Y-91.9593
G1 X155.1037 Y-91.1407
G0 X155.7414 Y-90.3906 F15000.0
G1 X151.2893 Y-85.9385 F12000.0
G0 X151.9799 Y-84.8917 F15000.0
G1 X157.1444 Y-90.0562 F12000.0
G0 X158.6296 Y-90.3852 F15000.0
G1 X156.5519 Y-91.4556 F12000.0
G1 X159.5741 Y-90.7630
G1 X156.9926 Y-92.0222
G1 X159.8259 Y-90.5741
G1 X158.8815 Y-90.3852
G0 X158.7254 Y-89.8999 F15000.0
G1 X153.9171 Y-85.0916 F12000.0
G0 X155.1419 Y-84.5790 F15000.0
G1 X160.1283 Y-89.5655 F12000.0
G0 X161.1813 Y-90.4389 F15000.0
G1 X169.9076 Y-81.7127 F12000.0
G0 X170.4179 Y-82.4814 F15000.0
G1 X173.8016 Y-85.8651 F12000.0
G0 X174.7481 Y-85.6889 F15000.0
G1 X148.3037 Y-85.6889 F12000.0
G0 X148.5032 Y-84.8843 F15000.0
G1 X158.6541 Y-74.7334 F12000.0
G0 X158.1952 Y-75.4708 F15000.0
G1 X162.2912 Y-79.5668 F12000.0
G0 X163.3380 Y-78.8762 F15000.0
G1 X159.7763 Y-75.3145 F12000.0
G0 X160.2781 Y-74.9327 F15000.0
G1 X149.5930 Y-85.6178 F12000.0
G0 X148.1683 Y-87.0425 F15000.0
G1 X144.9627 Y-90.2481 F12000.0
G0 X144.0222 Y-89.7389 F15000.0
G1 X174.7481 Y-89.7389 F12000.0
G0 X174.5082 Y-89.8750 F15000.0
G1 X173.2616 Y-91.1216 F12000.0
G0 X174.2444 Y-91.1407 F15000.0
G1 X163.1630 Y-95.3593 F12000.0
G1 X167.3185 Y-92.9667
G1 X174.4963 Y-91.1407
G1 X162.4074 Y-91.0889 F12000.0
G0 X161.6519 Y-90.6370 F15000.0
G1 X163.4148 Y-90.5741 F12000.0
G1 X159.7000 Y-93.2185
G1 X161.4000 Y-90.6370
G0 X160.8963 Y-91.0889 F15000.0
G1 X144.2741 Y-91.0889 F12000.0
G0 X145.5182 Y-91.5159 F15000.0
G1 X153.1759 Y-83.8582 F12000.0
G0 X153.0049 Y-82.4420 F15000.0
G1 X148.5527 Y-77.9899 F12000.0
G0 X148.5965 Y-77.4979 F15000.0
G1 X142.7197 Y-83.3748 F12000.0
G0 X142.8064 Y-82.6677 F15000.0
G1 X140.4913 Y-80.3526 F12000.0
G0 X141.7161 Y-79.8401 F15000.0
G1 X144.7436 Y-82.8675 F12000.0
G0 X146.1465 Y-82.5331 F15000.0
G1 X142.4067 Y-78.7933 F12000.0
G0 X143.8097 Y-78.4589 F15000.0
G1 X147.9056 Y-82.5548 F12000.0
G0 X147.2354 Y-84.3288 F15000.0
G1 X157.3863 Y-74.1779 F12000.0
G0 X157.8741 Y-73.5389 F15000.0
G1 X155.6074 Y-73.5389 F12000.0
G0 X156.8309 Y-72.9101 F15000.0
G1 X146.1457 Y-83.5953 F12000.0
G0 X146.5407 Y-84.3389 F15000.0
G1 X174.7481 Y-84.3389 F12000.0
G0 X174.8007 Y-84.1126 F15000.0
G1 X171.0609 Y-87.8525 F12000.0
G0 X170.3051 Y-87.5807 F15000.0
G1 X165.3187 Y-82.5943 F12000.0
G0 X163.7890 Y-82.3614 F15000.0
G1 X152.2134 Y-93.9370 F12000.0
G0 X152.3703 Y-91.9569 F15000.0
G1 X162.3431 Y-81.9840 F12000.0
G0 X161.9785 Y-82.7288 F15000.0
G1 X167.6773 Y-88.4276 F12000.0
G0 X169.0802 Y-88.0932 F15000.0
G1 X163.7376 Y-82.7506 F12000.0
G0 X163.4116 Y-80.9155 F15000.0
G1 X165.7267 Y-78.6004 F12000.0
G0 X166.2610 Y-78.0662 F15000.0
G1 X171.4255 Y-72.9017 F12000.0
G0 X169.8015 Y-72.7024 F15000.0
G1 X150.3901 Y-92.1138 F12000.0
G0 X149.5954 Y-91.1941 F15000.0
G1 X146.7460 Y-88.3447 F12000.0
G0 X145.6993 Y-89.0353 F15000.0
G1 X147.8363 Y-91.1723 F12000.0
G0 X147.1422 Y-91.7152 F15000.0
G1 X154.7999 Y-84.0575 F12000.0
G0 X154.4225 Y-82.6116 F15000.0
G1 X162.6145 Y-74.4196 F12000.0
G0 X163.1164 Y-75.1799 F15000.0
G1 X165.4315 Y-77.4950 F12000.0
G0 X164.5628 Y-78.3637 F15000.0
G1 X161.5354 Y-75.3362 F12000.0
G0 X163.8823 Y-74.9751 F15000.0
G1 X156.0465 Y-82.8109 F12000.0
G0 X156.1111 Y-82.3259 F15000.0
G1 X151.3259 Y-82.7667 F12000.0
G1 X154.1593 Y-84.2778
G1 X156.3630 Y-82.3259
G0 X155.8108 Y-81.7732 F15000.0
G1 X151.5367 Y-77.4991 F12000.0
G0 X152.9396 Y-77.1647 F15000.0
G1 X157.2137 Y-81.4387 F12000.0
G0 X158.4386 Y-80.9262 F15000.0
G1 X153.6302 Y-76.1179 F12000.0
G0 X154.6770 Y-75.4273 F15000.0
G1 X159.8415 Y-80.5918 F12000.0
G0 X161.0664 Y-80.0793 F15000.0
G1 X155.9019 Y-74.9148 F12000.0
G0 X153.6041 Y-74.3136 F15000.0
G1 X152.5356 Y-75.3821 F12000.0
G0 X152.3333 Y-74.8889 F15000.0
G1 X164.1704 Y-74.8889 F12000.0
G0 X164.9259 Y-74.8889 F15000.0
G1 X174.7481 Y-74.8889 F12000.0
G0 X174.2444 Y-75.5259 F15000.0
G1 X166.2481 Y-78.4222 F12000.0
G1 X173.9926 Y-75.5259
G0 X173.0495 Y-73.1009 F15000.0
G1 X170.0220 Y-76.1284 F12000.0
G0 X168.7499 Y-75.6013 F15000.0
G1 X167.3252 Y-74.1766 F12000.0
G0 X167.4652 Y-73.2154 F15000.0
G1 X148.7661 Y-91.9145 F12000.0
G0 X147.8000 Y-92.6519 F15000.0
G1 X147.1074 Y-93.3444 F12000.0
G1 X151.5778 Y-93.5963
G1 X149.5630 Y-92.9667
G1 X151.0741 Y-92.9667
G1 X151.3889 Y-94.0370
G1 X148.0519 Y-92.9037
G0 X146.7926 Y-95.1704 F15000.0
G1 X147.4222 Y-95.4852 F12000.0
G1 X143.7704 Y-96.3037
G1 X146.5407 Y-95.1704
G0 X150.9984 Y-90.8596 F15000.0
G1 X147.9709 Y-87.8322 F12000.0
G0 X149.7300 Y-87.8539 F15000.0
G1 X152.0451 Y-90.1691 F12000.0
G0 X154.1604 Y-90.5470 F15000.0
G1 X150.9549 Y-87.3414 F12000.0
G0 X150.0209 Y-82.9328 F15000.0
G1 X145.9249 Y-78.8368 F12000.0
G0 X147.3279 Y-78.5024 F15000.0
G1 X151.4239 Y-82.5983 F12000.0
G0 X154.4078 Y-82.1076 F15000.0
G1 X149.9557 Y-77.6554 F12000.0
G0 X151.8296 Y-73.5389 F15000.0
G1 X153.3407 Y-73.5389 F12000.0
G0 X156.1111 Y-72.1889 F15000.0
G1 X157.6222 Y-72.1889 F12000.0
G0 X156.2542 Y-69.8402 F15000.0
G1 X165.6928 Y-60.4016 F12000.0
G0 X168.4519 Y-58.6519 F15000.0
G1 X166.1852 Y-60.7296 F12000.0
G1 X163.3519 Y-61.8630
G1 X163.1000 Y-61.2333
G1 X162.4704 Y-62.2407
G1 X161.4630 Y-62.3667
G1 X167.3815 Y-60.1630
G1 X168.7037 Y-58.6519
G0 X171.9778 Y-55.9889 F15000.0
G1 X174.7481 Y-55.9889 F12000.0
G0 X172.4812 Y-55.4364 F15000.0
G1 X174.7964 Y-53.1213 F12000.0
G0 X174.7481 Y-53.2889 F15000.0
G1 X167.4444 Y-53.2889 F12000.0
G0 X167.9443 Y-52.6803 F15000.0
G1 X174.7115 Y-45.9130 F12000.0
G0 X174.7481 Y-45.1889 F15000.0
G1 X93.1481 Y-45.1889 F12000.0
G0 X93.4404 Y-45.1368 F15000.0
G1 X111.9613 Y-26.6159 F12000.0
G0 X112.5407 Y-27.6389 F15000.0
G1 X80.0519 Y-27.6389 F12000.0
G0 X80.5850 Y-29.1331 F15000.0
G1 X85.3933 Y-33.9414 F12000.0
G0 X85.3925 Y-34.9519 F15000.0
G1 X92.8721 Y-27.4723 F12000.0
G0 X93.1481 Y-26.9185 F15000.0
G1 X96.5481 Y-27.1074 F12000.0
G1 X96.9889 Y-28.1778
G1 X97.8074 Y-27.4222
G1 X100.7667 Y-27.0444
G1 X101.0815 Y-28.6185
G1 X100.5778 Y-27.9259
G1 X100.5778 Y-29.5000
G1 X100.5148 Y-27.4852
G1 X97.8704 Y-27.4852
G1 X96.0444 Y-28.5556
G1 X92.8963 Y-26.6667
G0 X91.9605 Y-26.5607 F15000.0
G1 X66.3161 Y-52.2051 F12000.0
G0 X66.6168 Y-51.6494 F15000.0
G1 X63.9455 Y-48.9782 F12000.0
G0 X63.0768 Y-49.8468 F15000.0
G1 X64.8577 Y-51.6277 F12000.0
G0 X64.5140 Y-52.1839 F15000.0
G1 X79.8294 Y-36.8685 F12000.0
G0 X80.5157 Y-37.7506 F15000.0
G1 X88.1734 Y-45.4083 F12000.0
G0 X87.8593 Y-46.5389 F15000.0
G1 X61.9185 Y-46.5389 F12000.0
G0 X62.4703 Y-46.9346 F15000.0
G1 X70.4841 Y-38.9207 F12000.0
G0 X70.3389 Y-39.7353 F15000.0
G1 X71.5855 Y-40.9819 F12000.0
G0 X71.9512 Y-41.1001 F15000.0
G1 X60.3756 Y-52.6757 F12000.0
G0 X60.1146 Y-52.0967 F15000.0
G1 X58.3337 Y-50.3158 F12000.0
G0 X57.2870 Y-51.0064 F15000.0
G1 X57.9993 Y-51.7188 F12000.0
G0 X57.3058 Y-52.0991 F15000.0
G1 X59.7990 Y-49.6059 F12000.0
G0 X59.7367 Y-49.9814 F15000.0
G1 X62.9422 Y-53.1870 F12000.0
G0 X63.0893 Y-53.6086 F15000.0
G1 X63.8017 Y-52.8962 F12000.0
G0 X63.9333 Y-53.2889 F15000.0
G1 X60.6593 Y-53.2889 F12000.0
G0 X61.4654 Y-53.4093 F15000.0
G1 X73.5752 Y-41.2994 F12000.0
G0 X74.9257 Y-40.8474 F15000.0
G1 X82.9395 Y-48.8612 F12000.0
G0 X83.0478 Y-50.0596 F15000.0
G1 X101.9249 Y-31.1825 F12000.0
G0 X103.0146 Y-31.9160 F15000.0
G1 X89.6582 Y-45.2725 F12000.0
G0 X89.5763 Y-45.0738 F15000.0
G1 X83.5214 Y-39.0189 F12000.0
G0 X84.3901 Y-38.1502 F15000.0
G1 X91.1573 Y-44.9175 F12000.0
G0 X91.6383 Y-45.1156 F15000.0
G1 X103.7482 Y-33.0058 F12000.0
G0 X103.5187 Y-34.6932 F15000.0
G1 X115.0943 Y-46.2688 F12000.0
G0 X114.2256 Y-47.1375 F15000.0
G1 X101.2253 Y-34.1372 F12000.0
G0 X100.5130 Y-33.4248 F15000.0
G1 X99.6225 Y-32.5344 F12000.0
G0 X98.7539 Y-33.4031 F15000.0
G1 X113.1788 Y-47.8280 F12000.0
G0 X111.2416 Y-47.6282 F15000.0
G1 X110.5293 Y-46.9159 F12000.0
G0 X108.2142 Y-44.6007 F15000.0
G1 X98.4194 Y-34.8060 F12000.0
G0 X97.5508 Y-35.6747 F15000.0
G1 X107.1674 Y-45.2913 F12000.0
G0 X105.7645 Y-45.6258 F15000.0
G1 X96.6821 Y-36.5434 F12000.0
G0 X95.1011 Y-36.6997 F15000.0
G1 X102.7588 Y-44.3574 F12000.0
G0 X100.2713 Y-43.7758 F15000.0
G1 X113.0935 Y-30.9536 F12000.0
G0 X112.3599 Y-29.8638 F15000.0
G1 X97.4007 Y-44.8231 F12000.0
G0 X96.1329 Y-44.2676 F15000.0
G1 X112.1606 Y-28.2399 F12000.0
G0 X112.2889 Y-29.1852 F15000.0
G1 X117.2630 Y-30.2556 F12000.0
G1 X112.6667 Y-29.8148
G1 X112.5407 Y-29.4370
G0 X113.8000 Y-28.9889 F15000.0
G1 X75.2667 Y-28.9889 F12000.0
G0 X75.6638 Y-29.4240 F15000.0
G1 X81.1845 Y-34.9447 F12000.0
G0 X80.5556 Y-35.2296 F15000.0
G1 X82.5704 Y-36.9296 F12000.0
G1 X79.8630 Y-35.5444
G1 X78.7296 Y-37.1185
G1 X81.4370 Y-37.0556
G1 X82.5704 Y-38.4407
G1 X80.8704 Y-36.8667
G1 X78.1000 Y-36.8667
G1 X77.4704 Y-35.4815
G1 X76.0222 Y-36.3630
G1 X77.3444 Y-36.3630
G1 X76.9037 Y-36.9926
G1 X76.1481 Y-36.0481
G1 X80.3037 Y-35.2296
G0 X79.7816 Y-35.2791 F15000.0
G1 X74.9732 Y-30.4708 F12000.0
G0 X73.4480 Y-30.4870 F15000.0
G1 X67.2150 Y-36.7200 F12000.0
G0 X67.1334 Y-36.5298 F15000.0
G1 X64.1059 Y-33.5023 F12000.0
G0 X65.1527 Y-32.8117 F15000.0
G1 X68.3582 Y-36.0173 F12000.0
G0 X69.1951 Y-36.5631 F15000.0
G1 X76.8528 Y-28.9054 F12000.0
G0 X77.9426 Y-29.6390 F15000.0
G1 X72.7781 Y-34.8035 F12000.0
G0 X72.7481 Y-35.7389 F15000.0
G1 X86.6000 Y-35.7389 F12000.0
G0 X87.3556 Y-35.7389 F15000.0
G1 X174.7481 Y-35.7389 F12000.0
G0 X174.7736 Y-36.4536 F15000.0
G1 X164.9788 Y-26.6589 F12000.0
G0 X164.7556 Y-26.6966 F15000.0
G1 X144.8099 Y-46.6423 F12000.0
G0 X144.5259 Y-46.5630 F15000.0
G1 X150.6333 Y-49.1444 F12000.0
G1 X149.4370 Y-52.6704
G1 X148.4926 Y-53.9926
G1 X151.0111 Y-53.1741
G1 X148.3667 Y-53.5519
G1 X150.6333 Y-49.1444
G1 X145.0926 Y-46.6889
G1 X138.2926 Y-48.8926
G1 X135.3333 Y-49.0815
G1 X134.2000 Y-49.9630
G1 X134.7667 Y-49.3963
G1 X133.8222 Y-49.2704
G1 X125.8259 Y-53.9926
G1 X124.4407 Y-53.9926
G1 X122.1111 Y-57.0778
G1 X120.4741 Y-57.5185
G1 X123.1185 Y-56.0704
G1 X134.4519 Y-48.7037
G1 X144.2741 Y-46.5630
G0 X144.4649 Y-46.1043 F15000.0
G1 X140.9032 Y-42.5425 F12000.0
G0 X137.7412 Y-42.8552 F15000.0
G1 X132.5767 Y-37.6907 F12000.0
G0 X133.4453 Y-36.8220 F15000.0
G1 X137.1851 Y-40.5618 F12000.0
G0 X136.9853 Y-38.6246 F15000.0
G1 X125.5878 Y-27.2271 F12000.0
G0 X124.7539 Y-26.5862 F15000.0
G1 X123.1511 Y-28.1890 F12000.0
G0 X122.1111 Y-27.6389 F15000.0
G1 X174.7481 Y-27.6389 F12000.0
G0 X174.8556 Y-27.5362 F15000.0
G1 X148.6770 Y-53.7149 F12000.0
G0 X148.5556 Y-52.3556 F15000.0
G1 X143.1407 Y-55.0630 F12000.0
G1 X141.8185 Y-55.0630
G1 X143.3296 Y-57.2667
G1 X145.0296 Y-57.0778
G1 X142.6370 Y-57.3926
G1 X141.6296 Y-55.2519
G1 X140.1185 Y-55.9444
G1 X142.3852 Y-53.6778
G1 X143.7074 Y-54.9370
G1 X148.5556 Y-52.1037
G0 X150.0667 Y-50.5889 F15000.0
G1 X153.3407 Y-50.5889 F12000.0
G0 X152.2572 Y-50.4218 F15000.0
G1 X151.3668 Y-49.5314 F12000.0
G0 X151.3259 Y-51.9389 F15000.0
G1 X139.9926 Y-51.9389 F12000.0
G0 X141.6256 Y-51.6499 F15000.0
G1 X135.5707 Y-57.7048 F12000.0
G0 X135.4593 Y-58.4000 F15000.0
G1 X131.3037 Y-60.3519 F12000.0
G1 X129.7926 Y-62.3667
G1 X131.3037 Y-61.8000
G1 X131.5556 Y-68.7889
G1 X131.4296 Y-67.2148
G1 X133.3185 Y-66.5852
G1 X132.8778 Y-68.3481
G1 X136.0259 Y-68.3481
G1 X133.2556 Y-67.4667
G1 X136.7185 Y-65.0111
G1 X139.0481 Y-65.2630
G1 X140.1185 Y-66.4593
G1 X139.1111 Y-64.8852
G1 X141.3148 Y-63.9407
G1 X141.5667 Y-64.4444
G1 X143.8333 Y-63.2481
G1 X131.5556 Y-66.0185
G1 X134.6407 Y-63.3741
G1 X136.8444 Y-59.9741
G1 X135.7111 Y-58.4000
G0 X135.4593 Y-58.6519 F15000.0
G1 X136.7185 Y-59.7222 F12000.0
G1 X134.5778 Y-63.5000
G1 X131.8704 Y-64.7593
G1 X130.0444 Y-66.5222
G1 X131.8074 Y-60.8556
G1 X135.2074 Y-58.6519
G0 X134.9556 Y-58.6889 F15000.0
G1 X129.9185 Y-58.6889 F12000.0
G0 X129.8083 Y-57.9974 F15000.0
G1 X133.7262 Y-54.0795 F12000.0
G0 X133.4444 Y-53.2889 F15000.0
G1 X150.5704 Y-53.2889 F12000.0
G0 X154.0963 Y-54.6389 F15000.0
G1 X157.8741 Y-54.6389 F12000.0
G0 X155.8593 Y-53.3630 F15000.0
G1 X159.1963 Y-54.3704 F12000.0
G1 X160.1407 Y-55.1259
G1 X156.9926 Y-54.6222
G1 X156.8037 Y-55.0630
G1 X156.9926 Y-53.9296
G1 X155.3556 Y-53.7407
G1 X153.1519 Y-54.4333
G1 X155.6074 Y-53.3630
G0 X156.1111 Y-50.5889 F15000.0
G1 X174.7481 Y-50.5889 F12000.0
G0 X174.7752 Y-51.3192 F15000.0
G1 X171.9258 Y-54.1686 F12000.0
G0 X171.7259 Y-55.3778 F15000.0
G1 X170.2778 Y-57.7704 F12000.0
G1 X167.3185 Y-56.8259
G1 X165.8074 Y-56.6370
G1 X167.1926 Y-57.2037
G1 X168.2000 Y-56.8889
G1 X170.8444 Y-57.8963
G1 X172.3556 Y-56.5741
G1 X171.9778 Y-55.6296
G0 X168.8559 Y-53.5920 F15000.0
G1 X174.7327 Y-47.7151 F12000.0
G0 X174.7481 Y-47.8889 F15000.0
G1 X147.8000 Y-47.8889 F12000.0
G0 X147.7017 Y-47.3970 F15000.0
G1 X168.5378 Y-26.5609 F12000.0
G0 X168.4971 Y-26.7024 F15000.0
G1 X174.7301 Y-32.9354 F12000.0
G0 X174.7481 Y-33.0389 F15000.0
G1 X94.9111 Y-33.0389 F12000.0
G0 X95.0940 Y-32.5436 F15000.0
G1 X99.9023 Y-27.7352 F12000.0
G0 X101.7111 Y-26.9185 F15000.0
G1 X102.5926 Y-26.9815 F12000.0
G1 X101.6481 Y-28.1148
G1 X102.5926 Y-28.1148
G1 X101.9000 Y-30.1926
G1 X103.7889 Y-29.3741
G1 X105.0481 Y-29.5630
G1 X107.3148 Y-27.1704
G1 X108.2593 Y-30.3815
G1 X107.6926 Y-30.0667
G1 X108.4481 Y-30.0667
G1 X107.1889 Y-27.2963
G1 X107.3778 Y-28.7444
G1 X105.8667 Y-28.7444
G1 X105.4889 Y-31.7037
G1 X103.7889 Y-29.3741
G1 X101.7741 Y-31.3889
G1 X101.7111 Y-26.6667
G0 X102.7729 Y-26.6879 F15000.0
G1 X95.6495 Y-33.8114 F12000.0
G0 X91.9173 Y-35.2533 F15000.0
G1 X99.9311 Y-43.2671 F12000.0
G0 X98.7063 Y-43.7797 F15000.0
G1 X82.3224 Y-27.3957 F12000.0
G0 X82.4159 Y-26.9889 F15000.0
G1 X73.1554 Y-36.2494 F12000.0
G0 X73.2794 Y-35.7264 F15000.0
G1 X85.2112 Y-47.6581 F12000.0
G0 X86.4360 Y-47.1456 F15000.0
G1 X70.4082 Y-31.1179 F12000.0
G0 X71.0905 Y-29.1980 F15000.0
G1 X60.4053 Y-39.8832 F12000.0
G0 X59.6519 Y-39.7889 F15000.0
G1 X61.6667 Y-39.7889 F12000.0
G0 X61.1630 Y-41.1389 F15000.0
G1 X57.3852 Y-41.1389 F12000.0
G0 X56.1259 Y-41.1389 F15000.0
G1 X51.8444 Y-41.1389 F12000.0
G0 X52.1285 Y-40.8669 F15000.0
G1 X54.4436 Y-38.5517 F12000.0
G0 X53.1758 Y-37.9963 F15000.0
G1 X51.2169 Y-39.9552 F12000.0
G0 X50.8370 Y-39.7889 F15000.0
G1 X58.8963 Y-39.7889 F12000.0
G0 X59.1375 Y-39.3277 F15000.0
G1 X69.8226 Y-28.6425 F12000.0
G0 X69.8522 Y-28.8245 F15000.0
G1 X76.9757 Y-35.9479 F12000.0
G0 X78.2005 Y-35.4354 F15000.0
G1 X73.3922 Y-30.6271 F12000.0
G0 X72.1802 Y-29.9315 F15000.0
G1 X65.5910 Y-36.5207 F12000.0
G0 X65.1962 Y-36.3300 F15000.0
G1 X64.1276 Y-35.2614 F12000.0
G0 X62.9028 Y-35.7739 F15000.0
G1 X64.1494 Y-37.0205 F12000.0
G0 X65.1926 Y-37.0889 F15000.0
G1 X52.0963 Y-37.0889 F12000.0
G0 X51.9080 Y-37.4408 F15000.0
G1 X51.0176 Y-38.3312 F12000.0
G0 X50.8370 Y-38.4389 F15000.0
G1 X63.1778 Y-38.4389 F12000.0
G0 X62.7465 Y-37.3550 F15000.0
G1 X60.0752 Y-34.6837 F12000.0
G0 X60.3417 Y-34.4770 F15000.0
G1 X53.5744 Y-41.2442 F12000.0
G0 X56.8011 Y-39.8408 F15000.0
G1 X61.7876 Y-34.8543 F12000.0
G0 X60.4074 Y-33.0389 F15000.0
G1 X58.8963 Y-33.0389 F12000.0
G0 X58.1407 Y-33.0389 F15000.0
G1 X52.3481 Y-33.0389 F12000.0
G0 X52.5779 Y-33.1243 F15000.0
G1 X55.6054 Y-30.0969 F12000.0
G0 X54.6938 Y-29.1852 F15000.0
G1 X51.8444 Y-32.0346 F12000.0
G0 X52.8171 Y-30.9004 F15000.0
G1 X57.4474 Y-35.5306 F12000.0
G0 X57.2930 Y-35.7024 F15000.0
G1 X58.8958 Y-34.0996 F12000.0
G0 X58.3926 Y-33.9704 F15000.0
G1 X63.3037 Y-36.2370 F12000.0
G1 X63.2407 Y-35.6074
G1 X62.8630 Y-36.7407
G1 X61.7296 Y-35.5444
G1 X58.1407 Y-37.8741
G1 X59.4000 Y-37.8111
G1 X60.4704 Y-35.8593
G1 X58.4556 Y-36.8667
G1 X55.2444 Y-36.7407
G1 X56.8185 Y-37.2444
G1 X54.4259 Y-38.0000
G1 X53.5444 Y-37.4963
G1 X55.0556 Y-38.0630
G1 X55.6852 Y-36.3630
G1 X58.8333 Y-36.7407
G1 X58.6444 Y-35.4815
G1 X56.1889 Y-35.7333
G1 X54.8037 Y-34.7259
G1 X56.9444 Y-35.8593
G1 X60.2185 Y-35.9222
G1 X60.8481 Y-35.2926
G1 X58.1407 Y-33.7185
G0 X57.2718 Y-33.9003 F15000.0
G1 X55.6690 Y-35.5031 F12000.0
G0 X53.3556 Y-35.7333 F15000.0
G1 X53.1037 Y-36.3630 F12000.0
G1 X53.9222 Y-36.1741
G1 X52.3481 Y-36.6778
G1 X51.2778 Y-37.9370
G1 X50.5852 Y-37.6222
G1 X51.5926 Y-37.5593
G1 X53.1037 Y-35.7333
G0 X52.8519 Y-35.7389 F15000.0
G1 X70.4815 Y-35.7389 F12000.0
G0 X69.7612 Y-35.6829 F15000.0
G1 X65.4871 Y-31.4088 F12000.0
G0 X64.8150 Y-31.8269 F15000.0
G1 X67.4863 Y-29.1556 F12000.0
G0 X67.4025 Y-29.8495 F15000.0
G1 X71.4985 Y-33.9455 F12000.0
G0 X71.4889 Y-33.4667 F15000.0
G1 X66.3889 Y-36.8037 F12000.0
G1 X65.0667 Y-36.5519
G1 X59.7778 Y-38.5667
G1 X60.6593 Y-40.0778
G1 X58.2667 Y-39.5741
G1 X56.7556 Y-40.2037
G1 X56.5667 Y-40.9593
G1 X53.2296 Y-41.5889
G1 X52.0333 Y-40.3926
G1 X51.9704 Y-39.4481
G1 X51.7185 Y-40.8333
G1 X55.4963 Y-41.5259
G1 X56.7556 Y-40.9593
G1 X58.2667 Y-42.0926
G1 X58.9593 Y-39.3222
G1 X60.1556 Y-40.3926
G1 X59.7148 Y-41.4000
G1 X62.4852 Y-40.0778
G1 X63.6185 Y-37.8741
G1 X63.1148 Y-38.8185
G1 X65.6333 Y-36.4259
G1 X68.0259 Y-37.1185
G1 X68.0259 Y-36.3630
G1 X70.0407 Y-36.1741
G1 X72.1185 Y-33.6556
G1 X73.4407 Y-36.8037
G1 X71.7407 Y-33.4667
G0 X70.4517 Y-34.6361 F15000.0
G1 X65.9996 Y-30.1839 F12000.0
G0 X65.5062 Y-29.3125 F15000.0
G1 X64.6157 Y-30.2029 F12000.0
G0 X63.9333 Y-30.3389 F15000.0
G1 X114.8074 Y-30.3389 F12000.0
G0 X114.5394 Y-31.3309 F15000.0
G1 X99.2240 Y-46.6463 F12000.0
G0 X99.4444 Y-46.8148 F15000.0
G1 X103.6000 Y-50.0259 F12000.0
G1 X105.0481 Y-55.1889
G1 X102.5296 Y-57.5185
G1 X100.0741 Y-55.3778
G1 X105.3630 Y-60.2259
G1 X103.6630 Y-59.2815
G1 X103.9778 Y-60.0370
G1 X105.7407 Y-60.1630
G1 X103.3481 Y-55.5667
G1 X105.1741 Y-56.1963
G1 X105.1741 Y-53.6148
G1 X103.1593 Y-49.0185
G1 X99.6963 Y-47.0667
G0 X101.4034 Y-48.1134 F15000.0
G1 X117.0750 Y-32.4419 F12000.0
G0 X117.5778 Y-31.6889 F15000.0
G1 X174.7481 Y-31.6889 F12000.0
G0 X174.7200 Y-31.3184 F15000.0
G1 X155.8428 Y-50.1955 F12000.0
G0 X155.1037 Y-50.0889 F15000.0
G1 X159.1333 Y-50.7815 F12000.0
G1 X152.6481 Y-50.5926
G1 X151.2630 Y-51.0963
G1 X155.1037 Y-49.8370
G0 X154.8850 Y-49.5749 F15000.0
G1 X131.9119 Y-26.6018 F12000.0
G0 X131.9622 Y-26.6711 F15000.0
G1 X105.2493 Y-53.3840 F12000.0
G0 X104.7333 Y-53.2889 F15000.0
G1 X126.6444 Y-53.2889 F12000.0
G0 X125.2501 Y-53.4392 F15000.0
G1 X152.1411 Y-26.5482 F12000.0
G0 X152.8432 Y-26.6847 F15000.0
G1 X174.7477 Y-48.5893 F12000.0
G0 X173.8791 Y-49.4580 F15000.0
G1 X151.0840 Y-26.6630 F12000.0
G0 X150.1610 Y-26.7050 F15000.0
G1 X118.6397 Y-58.2263 F12000.0
G0 X117.5712 Y-59.2948 F15000.0
G1 X93.5296 Y-83.3364 F12000.0
G0 X93.6519 Y-83.5852 F15000.0
G1 X101.8370 Y-84.5926 F12000.0
G1 X104.6704 Y-83.8370
G1 X108.5111 Y-84.7185
G1 X107.9444 Y-85.4741
G1 X109.0778 Y-85.4111
G1 X104.2296 Y-83.8370
G1 X100.5148 Y-85.2222
G1 X99.5074 Y-86.2926
G1 X100.0111 Y-85.0333
G1 X99.5704 Y-85.4111
G1 X99.3815 Y-84.2778
G1 X92.2667 Y-83.9630
G1 X88.9296 Y-88.2444
G1 X90.2519 Y-90.3222
G1 X88.3000 Y-92.0852
G1 X91.0074 Y-92.8407
G1 X91.0704 Y-94.5407
G1 X92.3296 Y-93.2815
G1 X93.3370 Y-95.8630
G1 X92.2037 Y-96.2407
G1 X92.9593 Y-95.4852
G1 X92.1407 Y-93.5333
G1 X90.4407 Y-94.6037
G1 X91.2593 Y-96.4926
G1 X90.3148 Y-96.0519
G1 X90.0630 Y-93.4074
G1 X87.7333 Y-92.6519
G1 X90.0630 Y-90.3222
G1 X88.9296 Y-88.6222
G1 X86.0333 Y-91.4556
G1 X86.4111 Y-91.0778
G1 X86.5370 Y-91.9593
G1 X85.4667 Y-93.0926
G1 X86.6000 Y-93.0926
G1 X85.7185 Y-93.4074
G1 X91.1333 Y-84.5926
G1 X93.4000 Y-83.5852
G0 X95.1535 Y-83.5357 F15000.0
G1 X118.8390 Y-59.8503 F12000.0
G0 X119.3945 Y-61.1181 F15000.0
G1 X96.5994 Y-83.9131 F12000.0
G0 X94.9111 Y-87.0389 F15000.0
G1 X53.8593 Y-87.0389 F12000.0
G0 X55.1185 Y-85.6889 F15000.0
G1 X92.8963 Y-85.6889 F12000.0
G0 X92.1407 Y-85.3481 F15000.0
G1 X94.4704 Y-85.6630 F12000.0
G1 X96.2963 Y-86.7333
G1 X97.4296 Y-85.6000
G1 X97.3037 Y-87.1741
G1 X96.4222 Y-86.3556
G1 X94.7222 Y-86.9222
G1 X92.2667 Y-85.4111
G1 X90.0630 Y-87.5519
G1 X91.3222 Y-89.0000
G1 X92.8333 Y-88.2444
G1 X91.1333 Y-89.7556
G1 X89.9370 Y-87.4259
G1 X91.8889 Y-85.3481
G0 X91.6370 Y-84.3389 F15000.0
G1 X53.3556 Y-84.3389 F12000.0
G0 X53.8593 Y-82.9889 F15000.0
G1 X51.5926 Y-82.9889 F12000.0
G0 X50.5852 Y-81.6389 F15000.0
G1 X52.8519 Y-81.6389 F12000.0
G0 X53.6074 Y-82.8296 F15000.0
G1 X59.2111 Y-85.2852 F12000.0
G1 X57.7630 Y-84.2148
G1 X60.0926 Y-84.5926
G1 X57.7000 Y-83.5852
G1 X59.8407 Y-83.6481
G1 X53.8593 Y-82.8296
G0 X53.3556 Y-80.2889 F15000.0
G1 X49.0741 Y-80.2889 F12000.0
G0 X50.0815 Y-81.5704 F15000.0
G1 X52.1593 Y-84.2778 F12000.0
G1 X53.6704 Y-84.6556
G1 X53.4185 Y-83.9630
G1 X53.7963 Y-83.5852
G1 X51.9704 Y-84.0889
G1 X52.5370 Y-83.0185
G1 X50.0815 Y-81.8222
G0 X50.0815 Y-78.9389 F15000.0
G1 X59.6519 Y-78.9389 F12000.0
G0 X58.8963 Y-80.0593 F15000.0
G1 X64.5000 Y-80.9407 F12000.0
G1 X64.1222 Y-80.6889
G1 X64.6889 Y-82.5778
G1 X58.6444 Y-80.0593
G0 X58.6444 Y-80.5630 F15000.0
G1 X57.8889 Y-81.4444 F12000.0
G1 X60.9111 Y-83.0185
G1 X55.6852 Y-82.2000
G1 X58.3926 Y-80.5630
G0 X57.6370 Y-81.6389 F15000.0
G1 X130.6741 Y-81.6389 F12000.0
G0 X130.4222 Y-82.9889 F15000.0
G1 X127.1481 Y-82.9889 F12000.0
G0 X126.1407 Y-82.0741 F15000.0
G1 X127.2741 Y-82.2000 F12000.0
G1 X125.0704 Y-82.7667
G1 X122.9926 Y-85.2222
G1 X128.7222 Y-84.5926
G1 X129.2259 Y-85.7889
G1 X127.8407 Y-86.4815
G1 X137.3481 Y-85.6630
G1 X141.6296 Y-84.5296
G1 X142.5741 Y-84.7185
G1 X142.3852 Y-85.2852
G1 X146.1000 Y-84.0889
G1 X150.6333 Y-86.9222
G1 X146.3519 Y-86.6704
G1 X150.1296 Y-86.9222
G1 X145.1556 Y-84.0889
G1 X139.3000 Y-84.7185
G1 X134.9556 Y-87.0481
G1 X138.5444 Y-88.1185
G1 X140.6852 Y-85.4111
G1 X139.7407 Y-88.4963
G1 X142.5111 Y-90.4481
G1 X141.1889 Y-91.7704
G1 X142.8259 Y-92.0852
G1 X139.3630 Y-88.5593
G1 X137.9148 Y-88.5593
G1 X139.1741 Y-92.2741
G1 X137.0333 Y-88.7481
G1 X136.4667 Y-91.1407
G1 X137.0333 Y-92.0852
G1 X136.7185 Y-93.1556
G1 X137.6000 Y-94.4778
G1 X138.6074 Y-94.1630
G1 X139.1111 Y-94.7296
G1 X139.4889 Y-93.5963
G1 X138.1667 Y-93.1556
G1 X139.4259 Y-93.5963
G1 X138.7963 Y-94.8556
G1 X138.1037 Y-94.1000
G1 X130.7370 Y-96.3667
G1 X133.5074 Y-96.3037
G1 X136.2778 Y-94.2889
G1 X135.9000 Y-94.0370
G1 X136.8444 Y-94.0370
G1 X134.2630 Y-94.0370
G1 X135.1444 Y-92.4000
G1 X136.8444 Y-92.0222
G1 X136.4667 Y-90.1963
G1 X136.9074 Y-89.4407
G1 X133.8852 Y-89.2519
G1 X137.5370 Y-88.0556
G1 X133.8852 Y-86.5444
G1 X126.7704 Y-87.1741
G1 X126.8333 Y-84.8444
G1 X123.8111 Y-86.4815
G1 X124.7556 Y-87.5519
G1 X125.3852 Y-87.4889
G1 X116.3185 Y-87.6148
G1 X113.4222 Y-88.8111
G1 X110.4630 Y-86.9222
G1 X111.4704 Y-86.3556
G1 X109.8333 Y-87.4259
G1 X112.9185 Y-88.8111
G1 X117.2630 Y-87.4259
G1 X123.9370 Y-87.6148
G1 X124.5667 Y-85.2852
G1 X122.4259 Y-85.0333
G1 X125.8889 Y-82.0741
G0 X125.8889 Y-84.3407 F15000.0
G1 X125.0704 Y-85.6630 F12000.0
G1 X128.3444 Y-84.4667
G1 X126.1407 Y-84.3407
G0 X125.6370 Y-84.3389 F15000.0
G1 X128.9111 Y-84.3389 F12000.0
G0 X128.9111 Y-85.6889 F15000.0
G1 X127.9037 Y-85.6889 F12000.0
G0 X125.6370 Y-85.6889 F15000.0
G1 X110.0222 Y-85.6889 F12000.0
G0 X110.5259 Y-87.0389 F15000.0
G1 X124.3778 Y-87.0389 F12000.0
G0 X124.6296 Y-88.8741 F15000.0
G1 X120.7889 Y-91.2667 F12000.0
G1 X124.2519 Y-90.2593
G1 X124.6296 Y-89.1259
G0 X124.8815 Y-89.7389 F15000.0
G1 X126.1407 Y-89.7389 F12000.0
G0 X127.9037 Y-89.7389 F15000.0
G1 X141.5037 Y-89.7389 F12000.0
G0 X140.7481 Y-91.0889 F15000.0
G1 X138.9852 Y-91.0889 F12000.0
G0 X138.9852 Y-92.4389 F15000.0
G1 X171.2222 Y-92.4389 F12000.0
G0 X171.2814 Y-91.2785 F15000.0
G1 X170.0348 Y-92.5251 F12000.0
G0 X169.6574 Y-91.0792 F15000.0
G1 X168.0546 Y-92.6820 F12000.0
G0 X165.8964 Y-93.0170 F15000.0
G1 X169.4581 Y-89.4552 F12000.0
G0 X171.5299 Y-87.0682 F15000.0
G1 X167.0778 Y-82.6160 F12000.0
G0 X168.4807 Y-82.2816 F15000.0
G1 X172.5767 Y-86.3776 F12000.0
G0 X173.5753 Y-87.1613 F15000.0
G1 X174.8219 Y-85.9147 F12000.0
G0 X174.8483 Y-85.1745 F15000.0
G1 X172.5332 Y-82.8593 F12000.0
G0 X171.3535 Y-82.0901 F15000.0
G1 X163.3396 Y-90.1040 F12000.0
G0 X163.4685 Y-89.4309 F15000.0
G1 X157.5916 Y-83.5540 F12000.0
G0 X158.8165 Y-83.0415 F15000.0
G1 X164.6933 Y-88.9184 F12000.0
G0 X166.0963 Y-88.5839 F15000.0
G1 X160.2194 Y-82.7071 F12000.0
G0 X156.3668 Y-84.0665 F15000.0
G1 X161.8875 Y-89.5872 F12000.0
G0 X163.8950 Y-91.3718 F15000.0
G1 X162.6484 Y-92.6184 F12000.0
G0 X164.0943 Y-92.9957 F15000.0
G1 X174.7795 Y-82.3106 F12000.0
G0 X174.7481 Y-81.6389 F15000.0
G1 X136.9704 Y-81.6389 F12000.0
G0 X137.4703 Y-81.3310 F15000.0
G1 X138.5388 Y-80.2625 F12000.0
G0 X139.2664 Y-80.8651 F15000.0
G1 X141.0473 Y-82.6459 F12000.0
G0 X139.4663 Y-82.8023 F15000.0
G1 X138.3977 Y-81.7338 F12000.0
G0 X136.2148 Y-82.9889 F15000.0
G1 X174.7481 Y-82.9889 F12000.0
G0 X174.7583 Y-80.5085 F15000.0
G1 X164.4293 Y-90.8375 F12000.0
G0 X165.4296 Y-93.7889 F15000.0
G1 X139.4889 Y-93.7889 F12000.0
G0 X136.7185 Y-93.7889 F15000.0
G1 X92.8963 Y-93.7889 F12000.0
G0 X92.8963 Y-95.1389 F15000.0
G1 X130.9259 Y-95.1389 F12000.0
G0 X130.4105 Y-93.8606 F15000.0
G1 X127.5611 Y-96.7100 F12000.0
G0 X128.6593 Y-98.6963 F15000.0
G1 X126.8963 Y-99.6407 F12000.0
G1 X127.3370 Y-100.2074
G1 X130.2963 Y-100.3963
G1 X127.9667 Y-99.6407
G1 X129.0370 Y-99.1370
G1 X128.9111 Y-98.6963
G0 X130.4222 Y-97.8389 F15000.0
G1 X174.7481 Y-97.8389 F12000.0
G0 X174.8225 Y-97.3102 F15000.0
G1 X173.2197 Y-95.7074 F12000.0
G0 X172.9478 Y-95.0819 F15000.0
G1 X108.8368 Y-159.1930 F12000.0
G0 X109.9265 Y-159.9265 F15000.0
G1 X174.7499 Y-95.1031 F12000.0
G1 X170.4667 Y-95.1389 F12000.0
G0 X170.0772 Y-96.1292 F15000.0
G1 X108.2813 Y-157.9251 F12000.0
G0 X107.5037 Y-158.1333 F15000.0
G1 X110.1481 Y-159.2037 F12000.0
G1 X108.6370 Y-158.8259
G1 X115.5000 Y-163.4222
G1 X128.5963 Y-170.2852
G1 X138.0407 Y-172.3000
G1 X125.1333 Y-168.9630
G1 X107.2519 Y-158.1333
G0 X107.1916 Y-157.1916 F15000.0
G1 X162.9326 Y-101.4506 F12000.0
G0 X163.4426 Y-101.5666 F15000.0
G1 X174.8402 Y-112.9641 F12000.0
G0 X174.6501 Y-112.8830 F15000.0
G1 X103.6824 Y-142.2788 F12000.0
G0 X102.5608 Y-141.5452 F15000.0
G1 X174.6918 Y-111.6675 F12000.0
G0 X174.7626 Y-111.4998 F15000.0
G1 X120.6244 Y-165.6380 F12000.0
G0 X120.6040 Y-164.7070 F15000.0
G1 X65.2192 Y-109.3222 F12000.0
G0 X65.4711 Y-109.6519 F15000.0
G1 X65.4711 Y-144.1556 F12000.0
G0 X65.0929 Y-143.8846 F15000.0
G1 X139.7834 Y-112.9468 F12000.0
G0 X140.2070 Y-113.9695 F15000.0
G1 X66.9126 Y-144.3291 F12000.0
G0 X66.6389 Y-144.6593 F15000.0
G1 X66.6389 Y-108.6444 F12000.0
G0 X65.9098 Y-108.2754 F15000.0
G1 X121.2946 Y-163.6602 F12000.0
G0 X119.3566 Y-165.0826 F15000.0
G1 X174.7414 Y-109.6978 F12000.0
G0 X174.7967 Y-109.4459 F15000.0
G1 X164.8238 Y-99.4730 F12000.0
G0 X164.3113 Y-100.6979 F15000.0
G1 X174.8184 Y-111.2050 F12000.0
G0 X174.7481 Y-111.3389 F15000.0
G1 X5.0000 Y-111.3389 F12000.0
G0 X4.9187 Y-111.5667 F15000.0
G1 X41.0702 Y-147.7182 F12000.0
G0 X40.2015 Y-148.5868 F15000.0
G1 X46.7907 Y-155.1760 F12000.0
G0 X46.1001 Y-156.2228 F15000.0
G1 X38.4424 Y-148.5651 F12000.0
G0 X37.7518 Y-149.6119 F15000.0
G1 X44.8752 Y-156.7353 F12000.0
G0 X44.0066 Y-157.6040 F15000.0
G1 X42.2257 Y-155.8231 F12000.0
G0 X41.5351 Y-156.8699 F15000.0
G1 X43.1379 Y-158.4727 F12000.0
G0 X41.3788 Y-158.4509 F15000.0
G1 X40.6664 Y-157.7386 F12000.0
G0 X39.9758 Y-158.7853 F15000.0
G1 X43.8937 Y-162.7032 F12000.0
G0 X43.3812 Y-163.9281 F15000.0
G1 X41.9565 Y-162.5034 F12000.0
G0 X41.5185 Y-162.1630 F15000.0
G1 X40.8259 Y-163.8000 F12000.0
G1 X36.7333 Y-164.0519
G1 X37.3000 Y-163.4852
G1 X37.4259 Y-162.6667
G1 X40.7000 Y-163.6741
G1 X40.3222 Y-162.7926
G1 X38.8111 Y-162.6037
G1 X41.2667 Y-162.1630
G0 X42.2741 Y-161.6593 F15000.0
G1 X41.7074 Y-164.3037 F12000.0
G1 X40.9519 Y-165.0593
G1 X43.1556 Y-164.2407
G1 X42.5259 Y-161.4074
G0 X42.5259 Y-161.1556 F15000.0
G1 X39.6296 Y-165.2481 F12000.0
G1 X38.0556 Y-165.0593
G1 X40.0704 Y-165.1852
G1 X43.7852 Y-165.5000
G1 X44.6667 Y-165.6889
G1 X44.6667 Y-167.0111
G1 X45.9889 Y-165.4370
G1 X44.4148 Y-164.8704
G1 X43.4074 Y-164.5556
G1 X42.7778 Y-161.1556
G0 X41.4440 Y-163.7282 F15000.0
G1 X44.1153 Y-166.3995 F12000.0
G0 X47.0593 Y-166.4444 F15000.0
G1 X46.6185 Y-167.2630 F12000.0
G1 X45.4222 Y-167.6407
G1 X46.2407 Y-167.9556
G1 X44.6667 Y-168.9630
G1 X45.2333 Y-169.5296
G1 X46.1148 Y-169.0889
G1 X45.9259 Y-170.2852
G1 X44.3519 Y-170.0963
G1 X46.1148 Y-169.8444
G1 X44.5407 Y-168.9000
G1 X47.3111 Y-166.1926
G0 X48.0667 Y-167.9556 F15000.0
G1 X52.7259 Y-169.0259 F12000.0
G1 X45.6111 Y-171.5444
G1 X44.1630 Y-170.9148
G1 X45.1074 Y-173.6222
G1 X45.2963 Y-172.2370
G1 X46.9963 Y-170.9778
G1 X47.1852 Y-171.7963
G1 X46.6185 Y-171.9222
G1 X49.0741 Y-172.3000
G1 X49.3889 Y-173.8741
G1 X50.0185 Y-174.1259
G1 X49.1370 Y-173.3704
G1 X50.9630 Y-173.5593
G1 X50.0185 Y-172.6148
G1 X51.1519 Y-171.1667
G1 X49.0111 Y-172.0481
G1 X49.5778 Y-170.8519
G1 X47.5630 Y-171.4815
G1 X47.1852 Y-170.4741
G1 X50.2074 Y-169.4037
G1 X52.5370 Y-168.5222
G1 X48.3185 Y-167.9556
G0 X49.5925 Y-168.4020 F15000.0
G1 X50.4829 Y-169.2924 F12000.0
G0 X51.5297 Y-168.6018 F15000.0
G1 X52.4201 Y-169.4922 F12000.0
G0 X53.1107 Y-168.4455 F15000.0
G1 X58.4533 Y-173.7881 F12000.0
G0 X56.6942 Y-173.7663 F15000.0
G1 X55.8037 Y-172.8759 F12000.0
G0 X55.2695 Y-172.3416 F15000.0
G1 X53.4886 Y-170.5608 F12000.0
G0 X52.7980 Y-171.6075 F15000.0
G1 X53.5104 Y-172.3199 F12000.0
G0 X53.6074 Y-172.2370 F15000.0
G3 X53.3556 Y-171.9852 I-0.5981 J-0.3463 F12000.0
G0 X52.6417 Y-173.1886 F15000.0
G1 X51.5732 Y-172.1200 F12000.0
G0 X51.0607 Y-173.3449 F15000.0
G1 X49.1017 Y-171.3859 F12000.0
G0 X48.4111 Y-172.4327 F15000.0
G1 X49.4796 Y-173.5012 F12000.0
G0 X49.3259 Y-174.5037 F15000.0
G1 X48.4444 Y-175.3852 F12000.0
G1 X45.9889 Y-175.7630
G1 X45.3593 Y-177.5259
G1 X47.6259 Y-177.7148
G1 X47.6259 Y-178.4704
G1 X49.5778 Y-177.7148
G1 X48.0037 Y-177.7148
G1 X47.0593 Y-176.6444
G1 X45.4852 Y-176.3296
G1 X49.3259 Y-174.7556
G0 X50.0357 Y-175.7946 F15000.0
G1 X54.4878 Y-180.2468 F12000.0
G0 X53.6191 Y-181.1154 F15000.0
G1 X56.8247 Y-184.3210 F12000.0
G0 X55.4217 Y-184.6554 F15000.0
G1 X52.2162 Y-181.4499 F12000.0
G0 X50.1009 Y-181.0719 F15000.0
G1 X53.6626 Y-184.6337 F12000.0
G0 X53.1501 Y-185.8585 F15000.0
G1 X48.8760 Y-181.5844 F12000.0
G0 X48.8222 Y-182.8148 F15000.0
G1 X48.1926 Y-183.1296 F12000.0
G1 X51.7185 Y-183.5074
G1 X49.8926 Y-184.3889
G1 X47.7519 Y-185.2074
G1 X49.7037 Y-186.2778
G1 X49.1370 Y-186.6556
G1 X50.8370 Y-186.2778
G1 X49.7667 Y-186.0259
G1 X50.6481 Y-185.0185
G1 X49.7667 Y-185.3333
G1 X48.5074 Y-184.7667
G1 X47.2481 Y-184.8926
G1 X49.5148 Y-184.0741
G1 X51.2778 Y-183.2556
G1 X49.0741 Y-183.0667
G0 X48.0291 Y-184.2122 F15000.0
G1 X116.9485 Y-253.1316 F12000.0
G1 X132.9975 Y-237.1357 F12000.0
G0 X131.8941 Y-238.5421 F15000.0
G1 X122.4556 Y-229.1035 F12000.0
G0 X123.8741 Y-229.6593 F15000.0
G1 X120.2852 Y-230.9815 F12000.0
G1 X119.2148 Y-232.1148
G1 X119.4667 Y-231.4852
G1 X121.9222 Y-233.8148
G1 X121.9852 Y-231.6111
G1 X122.2370 Y-231.9259
G1 X121.2926 Y-233.1852
G1 X120.0333 Y-231.8000
G1 X122.7407 Y-229.9111
G1 X123.4333 Y-231.3593
G1 X122.6148 Y-233.3111
G1 X123.1815 Y-233.5630
G1 X123.5593 Y-232.8704
G1 X124.4407 Y-233.7519
G1 X124.6296 Y-232.5556
G1 X123.1185 Y-232.1778
G1 X123.8741 Y-229.9111
G0 X126.5298 Y-231.4404 F15000.0
G1 X129.9134 Y-234.8240 F12000.0
G0 X130.2478 Y-233.4211 F15000.0
G1 X127.0423 Y-230.2155 F12000.0
G0 X127.5548 Y-228.9907 F15000.0
G1 X131.1165 Y-232.5524 F12000.0
G0 X133.5880 Y-233.2865 F15000.0
G1 X127.7111 Y-227.4097 F12000.0
G0 X128.1556 Y-227.1407 F15000.0
G1 X127.0222 Y-228.2111 F12000.0
G1 X126.8333 Y-231.8000
G1 X128.0296 Y-228.8407
G1 X127.9667 Y-227.9593
G1 X129.2889 Y-227.3926
G1 X128.4074 Y-226.8889
G0 X127.8457 Y-224.0695 F15000.0
G1 X127.1334 Y-223.3572 F12000.0
G0 X126.2647 Y-224.2259 F15000.0
G1 X120.5659 Y-218.5271 F12000.0
G0 X121.4175 Y-217.7199 F15000.0
G1 X85.9784 Y-253.1591 F12000.0
G0 X85.7390 Y-253.1818 F15000.0
G1 X71.5455 Y-247.3027 F12000.0
G0 X71.3099 Y-247.1630 F15000.0
G1 X71.3099 Y-252.9556 F12000.0
G0 X71.2171 Y-252.7812 F15000.0
G1 X102.6290 Y-239.7700 F12000.0
G0 X102.4858 Y-239.7344 F15000.0
G1 X68.0491 Y-225.4703 F12000.0
G0 X67.7978 Y-225.4406 F15000.0
G1 X97.5809 Y-213.1040 F12000.0
G0 X97.7718 Y-214.2231 F15000.0
G1 X67.7560 Y-226.6561 F12000.0
G0 X67.8814 Y-226.5333 F15000.0
G1 X102.3181 Y-240.7974 F12000.0
G0 X102.5873 Y-240.9855 F15000.0
G1 X73.2695 Y-253.1293 F12000.0
G0 X73.1858 Y-253.1887 F15000.0
G1 X121.9814 Y-204.3931 F12000.0
G0 X122.3164 Y-202.2349 F15000.0
G1 X71.3837 Y-253.1675 F12000.0
G0 X71.7458 Y-253.1003 F15000.0
G1 X68.3622 Y-249.7167 F12000.0
G0 X68.9704 Y-250.3111 F15000.0
G2 X69.2222 Y-250.3111 I0.1243 J-1.1506 F12000.0
G0 X67.8497 Y-250.9415 F15000.0
G1 X69.9867 Y-253.0786 F12000.0
G0 X69.5817 Y-253.1463 F15000.0
G1 X120.8705 Y-201.8575 F12000.0
G0 X119.7808 Y-201.1239 F15000.0
G1 X67.7796 Y-253.1251 F12000.0
G0 X68.2276 Y-253.0568 F15000.0
G1 X66.9810 Y-251.8102 F12000.0
G0 X67.2074 Y-250.8148 F15000.0
G1 X65.8222 Y-252.1370 F12000.0
G1 X64.1852 Y-251.7593
G1 X66.4519 Y-251.8222
G1 X66.9556 Y-250.5630
G0 X66.8468 Y-250.4114 F15000.0
G1 X116.8890 Y-200.3692 F12000.0
G0 X117.3259 Y-200.9481 F15000.0
G1 X119.9704 Y-202.9000 F12000.0
G1 X119.1519 Y-203.5296
G1 X115.7519 Y-201.7667
G1 X117.8926 Y-201.7667
G1 X117.3259 Y-201.2000
G0 X117.5426 Y-201.6048 F15000.0
G1 X135.3512 Y-219.4135 F12000.0
G0 X136.2199 Y-218.5448 F15000.0
G1 X124.1100 Y-206.4349 F12000.0
G0 X125.1568 Y-205.7443 F15000.0
G1 X140.1160 Y-220.7036 F12000.0
G0 X140.2723 Y-219.1225 F15000.0
G1 X133.6831 Y-212.5333 F12000.0
G0 X135.0861 Y-212.1989 F15000.0
G1 X140.7848 Y-217.8977 F12000.0
G0 X141.8316 Y-217.2071 F15000.0
G1 X138.8041 Y-214.1796 F12000.0
G0 X140.2071 Y-213.8452 F15000.0
G1 X143.2346 Y-216.8727 F12000.0
G0 X143.3909 Y-215.2916 F15000.0
G1 X142.6785 Y-214.5793 F12000.0
G0 X144.0815 Y-214.2449 F15000.0
G1 X139.6293 Y-209.7927 F12000.0
G0 X140.4980 Y-208.9240 F15000.0
G1 X143.5255 Y-211.9515 F12000.0
G0 X143.8599 Y-210.5486 F15000.0
G1 X139.7639 Y-206.4526 F12000.0
G0 X138.8952 Y-207.3213 F15000.0
G1 X132.8403 Y-201.2663 F12000.0
G0 X133.7090 Y-200.3976 F15000.0
G1 X138.3392 Y-205.0279 F12000.0
G0 X137.2222 Y-202.9630 F15000.0
G1 X135.9000 Y-206.9926 F12000.0
G1 X136.7185 Y-207.6852
G1 X137.4111 Y-208.7556
G1 X138.0407 Y-208.2519
G1 X135.3333 Y-210.0148
G1 X136.6556 Y-210.5815
G1 X136.9074 Y-209.7000
G1 X139.0481 Y-210.0148
G1 X139.8667 Y-209.0074
G1 X137.8519 Y-207.4333
G1 X141.1259 Y-209.3222
G1 X140.3704 Y-209.1333
G1 X141.1889 Y-210.3926
G1 X139.9296 Y-209.5111
G1 X139.0481 Y-210.5815
G1 X138.5444 Y-211.9037
G1 X137.2222 Y-210.3926
G1 X134.5148 Y-210.2667
G1 X134.4519 Y-208.6296
G1 X133.6333 Y-206.9926
G1 X134.4519 Y-207.4333
G1 X137.3481 Y-203.7815
G1 X134.5778 Y-205.5444
G1 X135.3333 Y-205.7333
G1 X136.9704 Y-202.9630
G0 X137.2490 Y-202.2003 F15000.0
G1 X133.3311 Y-198.2824 F12000.0
G0 X131.6405 Y-198.3806 F15000.0
G1 X141.0791 Y-188.9420 F12000.0
G0 X141.9695 Y-188.0516 F15000.0
G1 X174.7373 Y-155.2837 F12000.0
G1 X150.6029 Y-145.2875 F12000.0
G0 X150.7706 Y-144.2245 F15000.0
G1 X174.7368 Y-154.1516 F12000.0
G0 X174.7481 Y-154.5389 F15000.0
G1 X5.0000 Y-154.5389 F12000.0
G0 X4.9868 Y-153.6465 F15000.0
G1 X52.8919 Y-105.7413 F12000.0
G0 X53.9817 Y-106.4749 F15000.0
G1 X5.0080 Y-155.4486 F12000.0
G0 X5.0000 Y-155.8889 F15000.0
G1 X174.7481 Y-155.8889 F12000.0
G0 X174.7765 Y-155.9661 F15000.0
G1 X171.0536 Y-157.5082 F12000.0
G0 X172.1753 Y-158.2418 F15000.0
G1 X174.7348 Y-157.1816 F12000.0
G1 X5.0000 Y-157.2389 F12000.0
G1 X55.2495 Y-107.0303 F12000.0
G0 X55.1771 Y-107.9668 F15000.0
G1 X94.8903 Y-147.6801 F12000.0
G0 X94.1556 Y-148.0593 F15000.0
G1 X96.8630 Y-148.9407 F12000.0
G1 X100.1370 Y-149.3185
G1 X98.1852 Y-149.7593
G1 X102.4667 Y-150.5778
G1 X99.4444 Y-150.5148
G1 X99.9481 Y-150.8926
G1 X93.7148 Y-148.3741
G1 X93.4000 Y-149.3815
G1 X95.2259 Y-150.2000
G1 X94.0926 Y-150.7667
G1 X95.6037 Y-153.7889
G1 X97.9333 Y-152.5926
G1 X103.0333 Y-155.3630
G1 X96.8630 Y-152.7185
G1 X92.8333 Y-157.2519
G1 X93.0852 Y-167.9556
G1 X92.0148 Y-158.5111
G1 X87.4815 Y-176.5815
G1 X89.0556 Y-185.8370
G1 X90.5667 Y-187.5370
G1 X88.6148 Y-177.7778
G1 X88.9926 Y-171.1667
G1 X90.8185 Y-188.6074
G1 X95.5407 Y-195.0296
G1 X98.8148 Y-198.3667
G1 X89.4333 Y-186.7815
G1 X87.4815 Y-175.0704
G1 X92.4556 Y-157.6926
G1 X95.4778 Y-153.0963
G1 X91.8259 Y-154.9852
G1 X89.0556 Y-162.1630
G1 X91.0704 Y-157.8185
G1 X88.9296 Y-163.7370
G1 X88.9296 Y-162.2259
G1 X87.4815 Y-169.2778
G1 X90.5667 Y-156.3074
G1 X94.3444 Y-152.4037
G1 X93.5259 Y-152.5296
G1 X94.7222 Y-151.7741
G1 X93.9037 Y-150.9556
G1 X90.4407 Y-151.7741
G1 X84.9000 Y-157.8185
G1 X79.4222 Y-178.7222
G1 X83.2630 Y-191.0000
G1 X84.3333 Y-191.0000
G1 X82.5074 Y-183.5704
G1 X84.6481 Y-191.4407
G1 X88.2370 Y-197.4852
G1 X83.9556 Y-191.0630
G1 X87.5444 Y-197.6111
G1 X88.8667 Y-198.9333
G1 X82.0667 Y-188.9852
G1 X79.4852 Y-175.3222
G1 X85.0259 Y-157.2519
G1 X90.3778 Y-151.7111
G1 X93.7148 Y-150.4519
G1 X92.2037 Y-149.6333
G1 X93.2741 Y-149.3815
G1 X93.9037 Y-148.0593
G0 X93.0252 Y-147.6554 F15000.0
G1 X133.9850 Y-106.6956 F12000.0
G0 X134.2000 Y-107.0074 F15000.0
G1 X132.8778 Y-107.8259 F12000.0
G1 X131.5556 Y-107.3852
G1 X136.4037 Y-107.7630
G1 X134.2000 Y-107.2593
G0 X135.0747 Y-107.4292 F15000.0
G1 X92.8683 Y-149.6356 F12000.0
G0 X93.8653 Y-150.1298 F15000.0
G1 X113.0986 Y-169.3631 F12000.0
G0 X113.5481 Y-169.7185 F15000.0
G1 X117.1370 Y-172.0481 F12000.0
G1 X113.8000 Y-169.7185
G0 X113.6367 Y-168.9793 F15000.0
G1 X29.5800 Y-253.0359 F12000.0
G0 X30.0614 Y-253.1126 F15000.0
G1 X20.6228 Y-243.6740 F12000.0
G0 X19.9082 Y-242.6517 F15000.0
G1 X9.4011 Y-253.1588 F12000.0
G0 X9.1302 Y-253.0297 F15000.0
G1 X6.8150 Y-250.7146 F12000.0
G0 X8.2180 Y-250.3801 F15000.0
G1 X10.8893 Y-253.0514 F12000.0
G0 X11.2032 Y-253.1800 F15000.0
G1 X105.7669 Y-158.6163 F12000.0
G0 X105.1746 Y-159.0148 F15000.0
G1 X105.1746 Y-205.6074 F12000.0
G0 X106.3408 Y-206.0393 F15000.0
G1 X79.8060 Y-179.5045 F12000.0
G0 X78.9904 Y-179.9230 F15000.0
G1 X157.5264 Y-101.3870 F12000.0
G0 X157.1185 Y-102.1919 F15000.0
G1 X174.7491 Y-119.8224 F12000.0
G0 X174.8651 Y-119.9832 F15000.0
G1 X112.2739 Y-145.9093 F12000.0
G0 X110.6869 Y-145.3685 F15000.0
G1 X174.6741 Y-118.8641 F12000.0
G0 X174.8475 Y-118.7081 F15000.0
G1 X124.9833 Y-168.5722 F12000.0
G0 X125.9249 Y-168.2905 F15000.0
G1 X124.8563 Y-167.2220 F12000.0
G0 X123.8936 Y-167.8387 F15000.0
G1 X174.8263 Y-116.9060 F12000.0
G0 X174.7481 Y-116.7389 F15000.0
G1 X5.0000 Y-116.7389 F12000.0
G0 X4.9839 Y-116.8440 F15000.0
G1 X34.1901 Y-146.0501 F12000.0
G0 X33.4995 Y-147.0969 F15000.0
G1 X5.0057 Y-118.6031 F12000.0
G0 X4.9525 Y-118.4708 F15000.0
G1 X19.8440 Y-112.3025 F12000.0
G0 X21.6638 Y-112.7470 F15000.0
G1 X4.9107 Y-119.6863 F12000.0
G0 X5.0000 Y-119.4389 F15000.0
G1 X174.7481 Y-119.4389 F12000.0
G0 X174.8165 Y-119.0786 F15000.0
G1 X168.5342 Y-116.4763 F12000.0
G0 X168.4692 Y-115.3170 F15000.0
G1 X174.7516 Y-117.9192 F12000.0
G0 X174.7273 Y-118.0633 F15000.0
G1 X158.8777 Y-102.2137 F12000.0
G0 X159.6370 Y-102.2222 F15000.0
G1 X157.7481 Y-103.1667 F12000.0
G1 X161.4000 Y-102.2852
G1 X159.8889 Y-102.2222
G0 X160.0589 Y-102.6000 F15000.0
G1 X160.0589 Y-157.7556 F12000.0
G0 X161.2266 Y-158.2593 F15000.0
G1 X161.2266 Y-102.6000 F12000.0
G0 X161.2317 Y-102.8644 F15000.0
G1 X155.6474 Y-105.1775 F12000.0
G0 X154.9494 Y-105.4666 F15000.0
G1 X144.4787 Y-109.8037 F12000.0
G0 X144.4370 Y-111.0192 F15000.0
G1 X173.2894 Y-99.0681 F12000.0
G0 X174.0719 Y-98.5704 F15000.0
G1 X174.0719 Y-161.7852 F12000.0
G0 X174.7368 Y-161.5069 F15000.0
G1 X121.6671 Y-108.4372 F12000.0
G0 X121.5231 Y-109.1481 F15000.0
G1 X121.5231 Y-150.7037 F12000.0
G0 X120.3554 Y-150.7037 F15000.0
G1 X120.3554 Y-109.6519 F12000.0
G0 X120.2642 Y-108.7716 F15000.0
G1 X174.7586 Y-163.2660 F12000.0
G0 X174.7481 Y-162.6389 F15000.0
G1 X113.5481 Y-162.6389 F12000.0
G0 X113.3738 Y-161.9491 F15000.0
G1 X174.8135 Y-100.5093 F12000.0
G1 X159.3852 Y-100.5389 F12000.0
G0 X159.8627 Y-100.8740 F15000.0
G1 X105.0121 Y-155.7245 F12000.0
G0 X104.1217 Y-156.6149 F15000.0
G1 X79.7239 Y-181.0127 F12000.0
G0 X80.0058 Y-181.4417 F15000.0
G1 X112.0613 Y-213.4972 F12000.0
G0 X113.2862 Y-212.9847 F15000.0
G1 X107.4093 Y-207.1078 F12000.0
G0 X108.4561 Y-206.4172 F15000.0
G1 X114.6891 Y-212.6503 F12000.0
G0 X115.5795 Y-213.5407 F15000.0
G1 X116.8261 Y-214.7873 F12000.0
G0 X117.3259 Y-214.0444 F15000.0
G1 X117.1370 Y-215.1778 F12000.0
G1 X117.8296 Y-215.6815
G1 X117.8296 Y-216.4370
G1 X118.9000 Y-214.9259
G1 X120.2222 Y-215.1148
G1 X118.5222 Y-213.6037
G1 X117.5778 Y-213.7926
G0 X117.5778 Y-213.5407 F15000.0
G1 X116.3185 Y-217.5074 F12000.0
G1 X116.8852 Y-217.8852
G1 X116.7593 Y-215.9963
G1 X118.4593 Y-217.0037
G1 X116.6963 Y-219.0815
G1 X116.2556 Y-218.7667
G1 X116.1926 Y-219.8370
G1 X119.9074 Y-218.5148
G1 X117.7037 Y-218.1370
G1 X118.7111 Y-217.1296
G1 X120.1593 Y-214.8630
G1 X117.8296 Y-213.5407
G0 X118.4072 Y-214.6310 F15000.0
G1 X79.5844 Y-175.8082 F12000.0
G0 X80.3037 Y-175.0074 F15000.0
G1 X82.3815 Y-181.0519 F12000.0
G1 X82.4444 Y-180.2333
G1 X82.3815 Y-181.4296
G1 X80.3037 Y-174.7556
G0 X81.4829 Y-174.2401 F15000.0
G1 X91.2555 Y-170.1921 F12000.0
G0 X90.8319 Y-169.1694 F15000.0
G1 X89.2031 Y-169.8441 F12000.0
G0 X89.3071 Y-170.8583 F15000.0
G1 X90.2378 Y-171.2438 F12000.0
G0 X90.0701 Y-172.3068 F15000.0
G1 X89.1394 Y-171.9213 F12000.0
G0 X89.2044 Y-173.0806 F15000.0
G1 X90.1351 Y-173.4662 F12000.0
G0 X92.8008 Y-171.9485 F15000.0
G1 X82.3302 Y-176.2855 F12000.0
G0 X82.1392 Y-175.1664 F15000.0
G1 X92.3772 Y-170.9257 F12000.0
G0 X93.2245 Y-172.9712 F15000.0
G1 X84.1499 Y-176.7300 F12000.0
G0 X84.3409 Y-177.8491 F15000.0
G1 X93.4154 Y-174.0903 F12000.0
G0 X93.6064 Y-175.2094 F15000.0
G1 X84.7645 Y-178.8718 F12000.0
G0 X84.7228 Y-180.0873 F15000.0
G1 X93.5646 Y-176.4249 F12000.0
G0 X94.6593 Y-176.2667 F15000.0
G1 X95.4778 Y-176.7074 F12000.0
G1 X99.9481 Y-185.9000
G1 X106.8111 Y-193.3926
G1 X109.8963 Y-195.4074
G1 X106.2444 Y-193.2037
G1 X96.8630 Y-180.6111
G1 X95.1000 Y-176.5815
G1 X94.9741 Y-177.5889
G1 X94.6593 Y-176.0148
G0 X94.2209 Y-177.3513 F15000.0
G1 X85.1464 Y-181.1101 F12000.0
G0 X85.3373 Y-182.2292 F15000.0
G1 X94.4119 Y-178.4704 F12000.0
G0 X95.4148 Y-179.2889 F15000.0
G1 X96.6111 Y-185.1444 F12000.0
G1 X95.4148 Y-179.5407
G0 X95.7662 Y-179.1076 F15000.0
G1 X85.5283 Y-183.3483 F12000.0
G0 X85.7192 Y-184.4674 F15000.0
G1 X96.1899 Y-180.1303 F12000.0
G0 X96.8462 Y-181.0567 F15000.0
G1 X86.1429 Y-185.4902 F12000.0
G0 X85.5926 Y-185.3333 F15000.0
G1 X87.7963 Y-192.2593 F12000.0
G1 X90.1889 Y-195.9741
G1 X85.5926 Y-185.0815
G0 X86.3338 Y-186.6093 F15000.0
G1 X97.5025 Y-181.9830 F12000.0
G0 X97.9261 Y-183.0058 F15000.0
G1 X86.7574 Y-187.6320 F12000.0
G0 X87.1811 Y-188.6547 F15000.0
G1 X98.1171 Y-184.1249 F12000.0
G0 X98.7734 Y-185.0513 F15000.0
G1 X87.6047 Y-189.6775 F12000.0
G0 X87.3556 Y-188.8593 F15000.0
G1 X90.9444 Y-195.2185 F12000.0
G1 X87.3556 Y-188.6074
G0 X88.0283 Y-190.7002 F15000.0
G1 X99.4297 Y-185.9776 F12000.0
G0 X99.8533 Y-187.0003 F15000.0
G1 X88.9173 Y-191.5302 F12000.0
G0 X89.3410 Y-192.5529 F15000.0
G1 X100.5096 Y-187.9267 F12000.0
G0 X101.1659 Y-188.8531 F15000.0
G1 X89.9973 Y-193.4793 F12000.0
G0 X87.6705 Y-194.4431 F15000.0
G1 X50.9069 Y-209.6710 F12000.0
G0 X50.7762 Y-209.2560 F15000.0
G1 X99.6392 Y-229.4957 F12000.0
G0 X99.9798 Y-230.0835 F15000.0
G1 X67.8698 Y-243.3838 F12000.0
G0 X68.1580 Y-243.6346 F15000.0
G1 X91.1934 Y-253.1762 F12000.0
G0 X91.1616 Y-252.9556 F15000.0
G1 X91.1616 Y-161.0296 F12000.0
G0 X90.6296 Y-160.9037 F15000.0
G1 X88.4259 Y-168.7741 F12000.0
G1 X90.6296 Y-161.1556
G0 X91.3150 Y-161.7801 F15000.0
G1 X103.1817 Y-156.8647 F12000.0
G0 X102.4667 Y-157.1259 F15000.0
G1 X104.3556 Y-163.2333 F12000.0
G1 X104.1037 Y-162.6037
G1 X106.8111 Y-169.8444
G1 X105.1111 Y-165.3741
G1 X105.7407 Y-164.6815
G1 X108.3852 Y-167.2630
G1 X104.4815 Y-162.1000
G1 X102.4667 Y-157.3778
G0 X102.2927 Y-156.0347 F15000.0
G1 X101.1293 Y-156.5166 F12000.0
G0 X100.4312 Y-156.8058 F15000.0
G1 X92.2874 Y-160.1790 F12000.0
G0 X91.8889 Y-161.1556 F15000.0
G1 X94.3444 Y-179.0370 F12000.0
G1 X91.8889 Y-161.4074
G0 X91.0405 Y-163.0919 F15000.0
G1 X104.0707 Y-157.6947 F12000.0
G0 X104.0069 Y-157.5037 F15000.0
G1 X104.0069 Y-206.6148 F12000.0
G0 X103.2904 Y-207.1444 F15000.0
G1 X101.6617 Y-207.8191 F12000.0
G0 X101.8526 Y-208.9382 F15000.0
G1 X103.2487 Y-208.3599 F12000.0
G0 X103.7565 Y-210.4045 F15000.0
G1 X79.8930 Y-186.5409 F12000.0
G0 X80.0519 Y-186.0889 F15000.0
G1 X85.9704 Y-196.6667 F12000.0
G1 X93.1481 Y-202.2704
G1 X92.7074 Y-202.7111
G1 X94.7852 Y-205.3556
G1 X95.7296 Y-214.1074
G1 X91.8889 Y-224.8111
G1 X94.2815 Y-220.2778
G1 X91.3852 Y-224.4963
G1 X95.7296 Y-214.1074
G1 X94.6593 Y-205.2926
G1 X86.2852 Y-197.4852
G1 X80.0519 Y-185.8370
G0 X80.9397 Y-185.8503 F15000.0
G1 X105.1594 Y-210.0701 F12000.0
G0 X106.2444 Y-211.2741 F15000.0
G1 X109.8333 Y-211.9667 F12000.0
G1 X110.5259 Y-214.2963
G1 X111.9741 Y-214.6111
G1 X111.5963 Y-217.7593
G1 X110.1481 Y-216.7519
G1 X109.9593 Y-218.7037
G1 X111.5963 Y-216.6889
G1 X111.7222 Y-215.9333
G1 X113.8000 Y-216.1222
G1 X111.6593 Y-215.3667
G1 X111.9111 Y-212.9741
G1 X112.1630 Y-213.3519
G1 X111.5333 Y-213.0370
G1 X109.3296 Y-211.5889
G1 X106.4963 Y-211.2741
G0 X106.9403 Y-211.8509 F15000.0
G1 X118.1597 Y-223.0703 F12000.0
G0 X119.5627 Y-222.7359 F15000.0
G1 X80.5618 Y-183.7351 F12000.0
G0 X81.8196 Y-184.2000 F15000.0
G1 X81.8196 Y-252.9556 F12000.0
G0 X81.9862 Y-253.1133 F15000.0
G1 X101.9968 Y-244.8247 F12000.0
G0 X101.6473 Y-245.0494 F15000.0
G1 X66.9779 Y-230.6888 F12000.0
G0 X66.4674 Y-230.7844 F15000.0
G1 X99.2754 Y-217.1949 F12000.0
G0 X99.4444 Y-216.3111 F15000.0
G1 X100.3259 Y-220.4667 F12000.0
G1 X99.4444 Y-216.0593
G0 X98.3864 Y-216.3649 F15000.0
G1 X67.2072 Y-229.2798 F12000.0
G0 X67.3783 Y-229.7222 F15000.0
G1 X101.8150 Y-243.9864 F12000.0
G0 X102.0385 Y-243.6092 F15000.0
G1 X79.0031 Y-253.1508 F12000.0
G0 X78.7823 Y-253.1873 F15000.0
G1 X64.0011 Y-238.4062 F12000.0
G0 X65.2260 Y-237.8937 F15000.0
G1 X80.3633 Y-253.0310 F12000.0
G0 X80.2847 Y-253.1875 F15000.0
G1 X71.2101 Y-249.4287 F12000.0
G0 X70.8770 Y-249.3275 F15000.0
G1 X102.2889 Y-236.3162 F12000.0
G0 X102.0582 Y-236.1600 F15000.0
G1 X51.5665 Y-215.2456 F12000.0
G0 X51.3963 Y-215.4594 F15000.0
G1 X106.0763 Y-192.8102 F12000.0
G0 X106.9653 Y-193.6401 F15000.0
G1 X51.5872 Y-216.5785 F12000.0
G0 X51.8642 Y-216.5014 F15000.0
G1 X64.8943 Y-221.8986 F12000.0
G0 X64.7071 Y-221.9279 F15000.0
G1 X96.3517 Y-208.8203 F12000.0
G0 X95.5097 Y-208.5335 F15000.0
G1 X56.6520 Y-192.4381 F12000.0
G0 X56.1291 Y-192.7630 F15000.0
G1 X56.1291 Y-223.2370 F12000.0
G0 X56.6468 Y-222.8702 F15000.0
G1 X95.9698 Y-206.5821 F12000.0
G0 X94.9794 Y-207.1814 F15000.0
G1 X57.2851 Y-191.5679 F12000.0
G0 X56.5684 Y-191.7493 F15000.0
G1 X71.2273 Y-185.6774 F12000.0
G0 X71.3099 Y-185.9630 F15000.0
G1 X71.3099 Y-182.1852 F12000.0
G0 X70.1635 Y-182.0235 F15000.0
G1 X74.9718 Y-186.8319 F12000.0
G0 X74.7630 Y-187.8519 F15000.0
G1 X73.6296 Y-189.7407 F12000.0
G1 X72.4963 Y-188.4815
G1 X74.0704 Y-190.2444
G1 X74.7630 Y-188.1037
G0 X73.0346 Y-186.6320 F15000.0
G1 X69.1167 Y-182.7141 F12000.0
G0 X70.1421 Y-182.6889 F15000.0
G1 X70.1421 Y-188.4815 F12000.0
G0 X69.7477 Y-188.6866 F15000.0
G1 X55.3215 Y-194.6621 F12000.0
G0 X54.9614 Y-194.2741 F15000.0
G1 X54.9614 Y-221.7259 F12000.0
G0 X54.6361 Y-221.3066 F15000.0
G1 X103.4991 Y-201.0669 F12000.0
G0 X102.7711 Y-200.2167 F15000.0
G1 X99.7462 Y-198.9638 F12000.0
G0 X102.9388 Y-199.1538 F15000.0
G1 X97.1218 Y-196.7443 F12000.0
G0 X95.4280 Y-194.9102 F15000.0
G1 X102.8738 Y-197.9944 F12000.0
G0 X103.9722 Y-197.3169 F15000.0
G1 X93.9669 Y-193.1726 F12000.0
G0 X93.2039 Y-191.7241 F15000.0
G1 X102.2785 Y-195.4829 F12000.0
G0 X103.6746 Y-196.0612 F15000.0
G1 X107.3974 Y-197.6032 F12000.0
G0 X108.7630 Y-198.1778 F15000.0
G1 X108.6370 Y-200.6333 F12000.0
G1 X107.8815 Y-201.5148
G1 X109.2037 Y-198.5556
G1 X109.5815 Y-199.8148
G1 X109.0148 Y-198.4296
G0 X108.8507 Y-198.8502 F15000.0
G1 X107.4547 Y-199.4285 F12000.0
G0 X106.3330 Y-198.6949 F15000.0
G1 X110.5212 Y-196.9600 F12000.0
G0 X110.3303 Y-195.8409 F15000.0
G1 X96.1368 Y-201.7201 F12000.0
G0 X95.4804 Y-200.7937 F15000.0
G1 X109.2086 Y-195.1073 F12000.0
G0 X108.3196 Y-194.2774 F15000.0
G1 X95.0568 Y-199.7710 F12000.0
G0 X92.9627 Y-200.6384 F15000.0
G1 X52.0109 Y-217.6012 F12000.0
G0 X52.3945 Y-217.8535 F15000.0
G1 X62.8651 Y-222.1906 F12000.0
G0 X61.9679 Y-222.7333 F15000.0
G1 X61.9679 Y-183.6963 F12000.0
G0 X62.6361 Y-183.5144 F15000.0
G1 X36.2793 Y-209.8711 F12000.0
G0 X36.7333 Y-209.5111 F15000.0
G1 X32.5778 Y-215.8074 F12000.0
G1 X32.3259 Y-217.8852
G1 X32.1370 Y-215.9333
G1 X32.7037 Y-218.5148
G1 X33.5222 Y-219.4593
G1 X31.0667 Y-219.8370
G1 X30.3111 Y-220.2148
G1 X30.1222 Y-219.3333
G1 X29.6815 Y-219.7741
G1 X27.7296 Y-218.2630
G1 X29.2407 Y-218.2630
G1 X27.6667 Y-218.6407
G1 X28.6741 Y-219.9000
G1 X30.5630 Y-220.4667
G1 X30.0593 Y-221.7889
G1 X31.6333 Y-219.2074
G1 X31.8852 Y-220.0889
G1 X31.1926 Y-221.2222
G1 X32.8926 Y-219.9630
G1 X27.6667 Y-223.8667
G1 X27.5407 Y-222.2926
G1 X26.7222 Y-222.1037
G1 X27.3519 Y-221.3481
G1 X24.3296 Y-224.2444
G1 X25.2111 Y-223.3000
G1 X23.5111 Y-224.8741
G1 X24.6444 Y-224.4963
G1 X24.0148 Y-226.5741
G1 X23.5741 Y-227.2037
G1 X24.2037 Y-228.7778
G1 X22.9444 Y-228.5259
G1 X21.3704 Y-227.0778
G1 X22.6926 Y-225.3778
G1 X22.8815 Y-225.8185
G1 X22.5667 Y-225.1889
G1 X21.4333 Y-227.0778
G1 X20.1111 Y-227.1407
G1 X20.7407 Y-227.7074
G1 X21.3074 Y-227.3296
G1 X20.5519 Y-231.9889
G1 X19.7333 Y-232.3037
G1 X20.8037 Y-232.5556
G1 X19.9222 Y-233.8148
G1 X20.5519 Y-235.2000
G1 X21.6852 Y-236.3333
G1 X20.1741 Y-236.1444
G1 X22.8185 Y-236.2074
G1 X23.5741 Y-236.0185
G1 X19.0407 Y-237.5926
G1 X22.7556 Y-237.3407
G1 X22.1889 Y-238.9148
G1 X22.2519 Y-238.3481
G1 X21.5593 Y-239.1667
G1 X21.1185 Y-239.8593
G1 X17.0889 Y-239.8593
G1 X19.5444 Y-238.2222
G1 X18.7889 Y-238.3481
G1 X18.9148 Y-239.1667
G1 X17.4667 Y-238.8519
G1 X17.8444 Y-239.5444
G1 X15.3889 Y-242.0630
G1 X15.2000 Y-240.7407
G1 X14.5074 Y-241.3704
G1 X14.2556 Y-239.7333
G1 X14.7593 Y-240.6148
G1 X13.9407 Y-238.8519
G1 X13.1852 Y-239.2296
G1 X13.3111 Y-238.5370
G1 X11.1074 Y-238.2852
G1 X10.1630 Y-238.5370
G1 X10.1630 Y-237.9074
G1 X7.9593 Y-238.2852
G1 X9.1556 Y-239.1667
G1 X6.0704 Y-240.3630
G1 X7.2037 Y-238.9148
G1 X6.1333 Y-239.2926
G1 X6.9519 Y-239.4185
G1 X6.0074 Y-240.6148
G1 X8.9667 Y-239.7333
G1 X9.2815 Y-242.2519
G1 X8.2741 Y-240.6148
G1 X6.9519 Y-242.3148
G1 X6.1333 Y-241.3704
G1 X5.2519 Y-241.8741
G1 X5.7556 Y-243.0074
G1 X5.1889 Y-243.6370
G1 X6.4481 Y-242.5667
G1 X5.3148 Y-244.3296
G1 X6.8259 Y-242.6296
G1 X7.0778 Y-244.2667
G1 X7.4556 Y-243.8259
G1 X7.7704 Y-245.1481
G1 X7.3296 Y-247.1630
G1 X5.6926 Y-252.9556
G1 X6.9519 Y-252.9556
G1 X7.3926 Y-250.6889
G1 X7.5185 Y-251.8222
G1 X8.6519 Y-249.7444
G1 X7.9593 Y-249.2407
G1 X7.5185 Y-250.6889
G1 X6.7000 Y-250.1222
G1 X6.2593 Y-252.5148
G1 X5.9444 Y-248.2333
G1 X7.9593 Y-246.5333
G1 X8.1481 Y-244.0778
G1 X9.4074 Y-245.5259
G1 X9.2185 Y-246.9741
G1 X9.3444 Y-247.8556
G1 X9.2815 Y-247.1000
G1 X10.1630 Y-246.7222
G1 X9.4704 Y-246.7852
G1 X10.2889 Y-246.0926
G1 X7.0778 Y-242.9444
G1 X8.2111 Y-242.3148
G1 X9.0296 Y-243.0704
G1 X8.0852 Y-243.0704
G1 X8.7148 Y-241.7481
G1 X10.0370 Y-243.0074
G1 X10.2259 Y-241.1185
G1 X12.3037 Y-238.6000
G1 X12.8704 Y-239.6074
G1 X12.5556 Y-239.9222
G1 X15.4519 Y-242.4407
G1 X17.8444 Y-245.4000
G1 X16.6481 Y-247.1630
G1 X16.5852 Y-245.9037
G1 X16.5222 Y-244.8963
G1 X15.5778 Y-245.6519
G1 X16.5222 Y-245.6519
G1 X14.9481 Y-246.1556
G1 X14.7593 Y-243.7000
G1 X13.5630 Y-242.1259
G1 X14.3815 Y-242.4407
G1 X11.7370 Y-243.5741
G1 X11.2963 Y-244.2667
G1 X10.6667 Y-243.1963
G1 X10.9815 Y-247.2259
G1 X10.3519 Y-247.6037
G1 X11.6741 Y-247.4148
G1 X10.2259 Y-248.4222
G1 X9.8481 Y-249.3667
G1 X9.4704 Y-248.9889
G1 X9.7852 Y-249.8074
G1 X7.8333 Y-252.7667
G1 X9.7852 Y-250.9407
G1 X13.4370 Y-246.5963
G1 X11.4222 Y-246.4704
G1 X12.2407 Y-243.5111
G1 X13.9407 Y-243.1333
G1 X14.1926 Y-244.3296
G1 X12.1778 Y-246.2185
G1 X13.5630 Y-245.1481
G1 X15.3259 Y-246.9111
G1 X13.2481 Y-248.9259
G1 X14.0037 Y-248.7370
G1 X15.0111 Y-252.2000
G1 X14.1926 Y-252.8926
G1 X16.7111 Y-252.3259
G1 X17.0259 Y-252.5778
G1 X18.8519 Y-250.5630
G1 X19.2926 Y-252.8926
G1 X18.7259 Y-251.7593
G1 X19.9222 Y-252.3889
G1 X19.8593 Y-251.5704
G1 X24.3926 Y-249.9333
G1 X23.8889 Y-249.4926
G1 X26.9741 Y-249.6815
G1 X24.7074 Y-252.7037
G1 X24.8963 Y-251.1296
G1 X25.5259 Y-251.1296
G1 X22.1889 Y-250.5630
G1 X23.5111 Y-251.8222
G1 X23.3852 Y-251.0037
G1 X23.4481 Y-252.7667
G1 X26.2185 Y-251.1926
G1 X27.0370 Y-249.1148
G1 X25.2741 Y-249.8704
G1 X19.3556 Y-249.9963
G1 X20.3630 Y-248.3593
G1 X22.0630 Y-246.9741
G1 X21.6852 Y-246.1556
G1 X20.4259 Y-248.1074
G1 X20.9926 Y-244.7074
G1 X23.3222 Y-247.1630
G1 X23.4481 Y-248.1074
G1 X25.3370 Y-248.0444
G1 X26.5333 Y-248.0444
G1 X26.5333 Y-246.8481
G1 X29.7444 Y-247.6037
G1 X27.7296 Y-248.8000
G1 X30.5000 Y-249.7444
G1 X29.4926 Y-251.8222
G1 X27.7926 Y-249.8074
G1 X28.9889 Y-251.6963
G1 X28.2333 Y-251.8852
G1 X30.6889 Y-250.6889
G1 X31.3815 Y-249.4926
G1 X32.3259 Y-252.8296
G1 X32.8296 Y-252.3259
G1 X34.1519 Y-251.5074
G1 X34.5296 Y-252.8296
G1 X34.4667 Y-250.9407
G1 X32.7667 Y-251.1926
G1 X32.7667 Y-249.9963
G1 X33.3963 Y-250.3741
G1 X33.4593 Y-248.2963
G1 X34.5296 Y-249.0519
G1 X33.7111 Y-249.9333
G1 X35.2852 Y-247.6667
G1 X33.7111 Y-246.7852
G1 X34.1519 Y-246.7852
G1 X32.2630 Y-247.3519
G1 X35.2852 Y-248.2333
G1 X32.0741 Y-248.6111
G1 X32.3259 Y-246.3444
G1 X33.5852 Y-245.2111
G1 X35.0963 Y-246.3444
G1 X33.5222 Y-244.0778
G1 X33.4593 Y-243.0074
G1 X32.3889 Y-243.6370
G1 X32.2000 Y-244.4556
G1 X33.5852 Y-243.1963
G1 X32.6407 Y-244.8963
G1 X32.7037 Y-245.4000
G1 X28.2963 Y-246.2815
G1 X27.7296 Y-246.4704
G1 X27.8556 Y-245.9667
G1 X27.4148 Y-247.2259
G1 X24.9593 Y-245.8407
G1 X26.8481 Y-243.5741
G1 X28.0444 Y-243.5741
G1 X25.9037 Y-242.1889
G1 X26.2815 Y-241.6222
G1 X24.5815 Y-242.3148
G1 X24.8963 Y-240.9926
G1 X24.1407 Y-242.6296
G1 X24.6444 Y-243.1333
G1 X21.4963 Y-242.8185
G1 X23.0704 Y-242.5037
G1 X24.9593 Y-237.1519
G1 X23.0704 Y-237.2148
G1 X23.8259 Y-235.0741
G1 X27.1630 Y-238.0963
G1 X26.3444 Y-237.0889
G1 X27.9815 Y-237.2778
G1 X26.0296 Y-240.3000
G1 X25.1481 Y-237.9704
G1 X28.0444 Y-242.4407
G1 X28.8630 Y-243.7630
G1 X28.1704 Y-240.6148
G1 X29.3667 Y-240.2370
G1 X29.6815 Y-239.3556
G1 X29.9963 Y-241.0556
G1 X31.3185 Y-238.6630
G1 X33.8370 Y-240.6778
G1 X32.5778 Y-240.5519
G1 X33.0815 Y-242.0630
G1 X31.0667 Y-240.2370
G1 X30.6259 Y-243.5741
G1 X27.4148 Y-245.0852
G1 X29.5556 Y-244.2037
G1 X31.3185 Y-244.5185
G1 X34.4667 Y-241.8741
G1 X34.3407 Y-237.6556
G1 X36.3556 Y-237.4037
G1 X34.7185 Y-238.7259
G1 X35.9148 Y-239.1667
G1 X35.4741 Y-240.3630
G1 X35.9148 Y-240.9296
G1 X34.9074 Y-241.4333
G1 X35.5370 Y-243.2593
G1 X35.9778 Y-242.6926
G1 X36.3556 Y-243.4481
G1 X35.5370 Y-244.3296
G1 X36.1037 Y-245.5889
G1 X36.3556 Y-243.0074
G1 X35.6000 Y-241.8741
G1 X38.3704 Y-242.6926
G1 X36.4815 Y-246.4704
G1 X37.1111 Y-247.3519
G1 X37.5519 Y-247.7296
G1 X37.7407 Y-249.7444
G1 X35.9148 Y-250.0593
G1 X36.0407 Y-252.0741
G1 X35.7889 Y-252.7667
G1 X37.4889 Y-249.8074
G1 X38.9370 Y-247.8556
G1 X37.3630 Y-248.1704
G1 X38.2444 Y-246.9111
G1 X40.0704 Y-247.7296
G1 X39.1889 Y-249.8704
G1 X39.6296 Y-250.8148
G1 X40.1963 Y-248.8000
G1 X40.2593 Y-249.4296
G1 X44.0370 Y-247.8556
G1 X44.0370 Y-248.4222
G1 X43.7852 Y-247.3519
G1 X42.2741 Y-246.5333
G1 X43.1556 Y-245.9667
G1 X46.5556 Y-247.9185
G1 X44.4148 Y-246.5963
G1 X44.6667 Y-246.2185
G1 X43.4074 Y-245.8407
G1 X42.7148 Y-243.5741
G1 X42.7778 Y-242.1259
G1 X45.4222 Y-244.3296
G1 X45.6741 Y-246.4704
G1 X46.1148 Y-245.7778
G1 X47.3111 Y-247.4778
G1 X47.8148 Y-247.3519
G1 X48.1926 Y-246.7222
G1 X47.5000 Y-245.6519
G1 X51.4667 Y-244.2667
G1 X50.8370 Y-244.8333
G1 X50.0815 Y-244.4556
G1 X51.6556 Y-245.4000
G1 X51.2778 Y-245.6519
G1 X52.1593 Y-245.9037
G1 X50.9000 Y-247.6667
G1 X49.5148 Y-246.0296
G1 X50.2074 Y-245.0852
G1 X49.7037 Y-246.8481
G1 X51.5296 Y-248.3593
G1 X50.8370 Y-248.6111
G1 X52.1593 Y-248.9889
G1 X49.4519 Y-249.0519
G1 X49.2000 Y-249.6185
G1 X53.1667 Y-248.6741
G1 X53.4815 Y-247.4778
G1 X54.3000 Y-244.6444
G1 X56.5037 Y-246.2815
G1 X53.2296 Y-243.3222
G1 X54.4259 Y-243.0074
G1 X55.1185 Y-243.5111
G1 X54.5519 Y-242.5667
G1 X56.6926 Y-243.1963
G1 X55.5593 Y-241.3704
G1 X54.8667 Y-241.8111
G1 X55.6852 Y-242.0630
G1 X51.7185 Y-244.3296
G1 X46.5556 Y-243.1333
G1 X47.3111 Y-244.2037
G1 X49.5148 Y-243.7630
G1 X47.4370 Y-245.5889
G1 X47.3741 Y-244.6444
G1 X46.7444 Y-244.7074
G1 X45.5481 Y-242.6926
G1 X46.1778 Y-242.3778
G1 X42.6519 Y-241.9370
G1 X40.9519 Y-239.4815
G1 X40.1963 Y-240.2370
G1 X40.1333 Y-239.4185
G1 X39.6296 Y-239.6074
G1 X38.9370 Y-238.7259
G1 X35.6000 Y-239.9852
G1 X35.9148 Y-238.0333
G1 X38.4333 Y-235.4519
G1 X32.7037 Y-238.4741
G1 X31.0667 Y-236.3333
G1 X32.7037 Y-236.2074
G1 X33.5222 Y-236.7111
G1 X32.3259 Y-234.6963
G1 X30.5000 Y-234.5704
G1 X31.1926 Y-233.3111
G1 X31.0667 Y-231.5481
G1 X34.6556 Y-231.2963
G1 X33.0185 Y-232.4926
G1 X32.2630 Y-233.3741
G1 X37.2370 Y-232.1778
G1 X35.0333 Y-230.6667
G1 X33.6481 Y-231.1704
G1 X33.3963 Y-230.6667
G1 X30.0593 Y-231.4852
G1 X29.3667 Y-231.6111
G1 X28.8000 Y-230.8556
G1 X27.5407 Y-230.9185
G1 X28.8000 Y-229.8481
G1 X27.7926 Y-227.7074
G1 X29.6185 Y-228.9037
G1 X28.8630 Y-227.5185
G1 X30.0593 Y-227.5185
G1 X29.3037 Y-228.9037
G1 X27.5407 Y-227.4556
G1 X24.8333 Y-228.4630
G1 X26.8481 Y-227.2667
G1 X25.2111 Y-227.2037
G1 X28.4852 Y-225.7556
G1 X30.2481 Y-224.1815
G1 X34.2778 Y-219.1444
G1 X34.7185 Y-217.9481
G1 X37.4889 Y-214.0444
G1 X35.1593 Y-215.3667
G1 X36.5444 Y-212.8481
G1 X35.0333 Y-214.3593
G1 X34.4667 Y-217.1296
G1 X33.1444 Y-213.6037
G1 X37.3000 Y-210.6444
G1 X36.6074 Y-211.2741
G1 X37.2370 Y-210.2037
G1 X36.9852 Y-209.5111
G0 X35.9019 Y-208.4252 F15000.0
G1 X61.7244 Y-182.6027 F12000.0
G0 X61.3679 Y-181.9148 F15000.0
G1 X59.4090 Y-179.9558 F12000.0
G0 X58.6966 Y-179.2435 F15000.0
G1 X57.2719 Y-177.8188 F12000.0
G0 X55.8472 Y-176.3941 F15000.0
G1 X54.9568 Y-175.5037 F12000.0
G0 X53.3758 Y-175.6600 F15000.0
G1 X54.9786 Y-177.2628 F12000.0
G0 X55.0003 Y-179.0219 F15000.0
G1 X51.2605 Y-175.2821 F12000.0
G0 X51.3407 Y-176.5185 F15000.0
G1 X50.0815 Y-178.7222 F12000.0
G1 X48.7593 Y-178.9111
G1 X51.0259 Y-179.5407
G1 X51.2778 Y-178.4704
G1 X51.7185 Y-179.8556
G1 X52.1593 Y-177.0852
G1 X52.8519 Y-176.5815
G1 X51.4037 Y-177.4630
G1 X51.5926 Y-176.5185
G0 X49.5231 Y-177.0195 F15000.0
G1 X51.1259 Y-178.6222 F12000.0
G0 X49.5449 Y-178.7786 F15000.0
G1 X48.8325 Y-178.0662 F12000.0
G0 X45.8703 Y-180.3161 F15000.0
G1 X118.7076 Y-253.1533 F12000.0
G1 X174.8689 Y-197.0875 F12000.0
G0 X174.7481 Y-197.7389 F15000.0
G1 X5.0000 Y-197.7389 F12000.0
G0 X4.9615 Y-197.4304 F15000.0
G1 X26.6880 Y-175.7039 F12000.0
G0 X27.5784 Y-174.8134 F15000.0
G1 X94.1826 Y-108.2092 F12000.0
G0 X94.2337 Y-108.8015 F15000.0
G1 X152.4679 Y-167.0357 F12000.0
G0 X153.3366 Y-166.1670 F15000.0
G1 X95.1024 Y-107.9328 F12000.0
G0 X95.8326 Y-108.1407 F15000.0
G1 X95.8326 Y-147.1778 F12000.0
G0 X96.6603 Y-146.3857 F15000.0
G1 X98.2891 Y-145.7110 F12000.0
G0 X97.6327 Y-144.7846 F15000.0
G1 X94.3752 Y-146.1340 F12000.0
G0 X94.6649 Y-146.6741 F15000.0
G1 X94.6649 Y-109.1481 F12000.0
G0 X93.4971 Y-109.1481 F15000.0
G1 X93.4971 Y-146.1704 F12000.0
G0 X93.7189 Y-145.2076 F15000.0
G1 X97.4418 Y-143.6655 F12000.0
G0 X96.0874 Y-143.0283 F15000.0
G1 X92.3646 Y-144.5704 F12000.0
G0 X92.3294 Y-146.1704 F15000.0
G1 X92.3294 Y-109.1481 F12000.0
G0 X92.8767 Y-109.6102 F15000.0
G1 X78.6832 Y-115.4894 F12000.0
G0 X79.3395 Y-116.4157 F15000.0
G1 X97.2559 Y-108.9945 F12000.0
G0 X97.0004 Y-108.6444 F15000.0
G1 X97.0004 Y-146.6741 F12000.0
G0 X98.1681 Y-147.1778 F15000.0
G1 X98.1681 Y-109.1481 F12000.0
G0 X98.3776 Y-109.7281 F15000.0
G1 X79.5304 Y-117.5348 F12000.0
G0 X80.6310 Y-117.4366 F15000.0
G1 X84.3539 Y-118.9787 F12000.0
G0 X84.2889 Y-117.8193 F15000.0
G1 X80.1007 Y-116.0845 F12000.0
G0 X80.2684 Y-115.0215 F15000.0
G1 X85.3874 Y-117.1418 F12000.0
G0 X84.8570 Y-115.7897 F15000.0
G1 X88.8126 Y-117.4282 F12000.0
G0 X87.3515 Y-115.6905 F15000.0
G1 X86.1881 Y-115.2086 F12000.0
G0 X86.5885 Y-114.2420 F15000.0
G1 X87.9846 Y-114.8203 F12000.0
G0 X88.3850 Y-113.8537 F15000.0
G1 X86.7562 Y-113.1790 F12000.0
G0 X87.1566 Y-112.2124 F15000.0
G1 X108.7959 Y-121.1757 F12000.0
G0 X108.8609 Y-122.3351 F15000.0
G1 X90.9445 Y-114.9138 F12000.0
G0 X92.4055 Y-116.6515 F15000.0
G1 X107.5298 Y-122.9162 F12000.0
G0 X108.4982 Y-119.9200 F15000.0
G1 X87.7896 Y-111.3422 F12000.0
G0 X88.6554 Y-110.5683 F15000.0
G1 X107.9679 Y-118.5678 F12000.0
G0 X108.7630 Y-117.8370 F15000.0
G1 X109.1407 Y-122.3074 F12000.0
G1 X108.5111 Y-117.5852
G0 X106.0415 Y-116.6374 F15000.0
G1 X91.6153 Y-110.6619 F12000.0
G0 X90.2192 Y-110.0836 F15000.0
G1 X89.0558 Y-109.6017 F12000.0
G0 X89.9353 Y-108.4322 F15000.0
G1 X77.3706 Y-113.6366 F12000.0
G0 X77.7942 Y-114.6594 F15000.0
G1 X91.5224 Y-108.9730 F12000.0
G0 X91.1616 Y-108.1407 F15000.0
G1 X91.1616 Y-145.6667 F12000.0
G0 X90.8815 Y-145.5407 F15000.0
G1 X95.4778 Y-146.9259 F12000.0
G1 X92.7704 Y-145.9185
G1 X90.0630 Y-145.9815
G1 X91.5741 Y-145.9185
G1 X90.6296 Y-145.5407
G0 X89.9939 Y-145.1630 F15000.0
G1 X89.9939 Y-107.1333 F12000.0
G0 X90.3792 Y-106.5428 F15000.0
G1 X14.5145 Y-182.4075 F12000.0
G0 X13.4460 Y-183.4760 F15000.0
G1 X4.8978 Y-192.0242 F12000.0
G0 X5.0000 Y-192.3389 F15000.0
G1 X174.7481 Y-192.3389 F12000.0
G0 X174.8053 Y-191.6813 F15000.0
G1 X113.3656 Y-253.1210 F12000.0
G1 X53.2371 Y-192.8950 F12000.0
G0 X51.6561 Y-193.0513 F15000.0
G1 X111.6711 Y-253.0663 F12000.0
G0 X111.5635 Y-253.0998 F15000.0
G1 X174.7841 Y-189.8792 F12000.0
G0 X174.7481 Y-189.6389 F15000.0
G1 X5.0000 Y-189.6389 F12000.0
G0 X5.0070 Y-189.8362 F15000.0
G1 X7.6783 Y-192.5075 F12000.0
G0 X7.7704 Y-191.6296 F15000.0
G1 X5.2519 Y-192.0074 F12000.0
G1 X5.7556 Y-192.4481
G1 X5.2519 Y-192.6370
G1 X8.7778 Y-192.1963
G1 X8.0222 Y-191.6296
G0 X9.0812 Y-192.1731 F15000.0
G1 X4.9853 Y-188.0771 F12000.0
G0 X5.0335 Y-188.2420 F15000.0
G1 X86.5970 Y-106.6785 F12000.0
G0 X87.3536 Y-107.1335 F15000.0
G1 X144.1631 Y-163.9430 F12000.0
G0 X146.2784 Y-164.3209 F15000.0
G1 X88.9346 Y-106.9772 F12000.0
G0 X88.8261 Y-107.6370 F15000.0
G1 X88.8261 Y-145.1630 F12000.0
G0 X88.3630 Y-145.7926 F15000.0
G1 X90.6296 Y-147.4926 F12000.0
G1 X95.2259 Y-147.9333
G1 X89.7481 Y-147.1778
G1 X88.6148 Y-146.0444
G0 X88.3664 Y-146.3682 F15000.0
G1 X47.5846 Y-105.5865 F12000.0
G0 X46.7159 Y-106.4552 F15000.0
G1 X86.4292 Y-146.1684 F12000.0
G0 X86.4906 Y-145.1630 F15000.0
G1 X86.4906 Y-107.6370 F12000.0
G0 X85.3229 Y-107.6370 F15000.0
G1 X85.3229 Y-145.1630 F12000.0
G0 X86.3983 Y-144.6453 F15000.0
G1 X162.9503 Y-112.9364 F12000.0
G0 X161.8286 Y-112.2028 F15000.0
G1 X81.5538 Y-145.4537 F12000.0
G0 X81.1301 Y-144.4310 F15000.0
G1 X88.8086 Y-141.2505 F12000.0
G0 X88.8503 Y-140.0350 F15000.0
G1 X80.4738 Y-143.5046 F12000.0
G0 X79.8175 Y-142.5783 F15000.0
G1 X161.2558 Y-108.8455 F12000.0
G0 X161.2140 Y-110.0610 F15000.0
G1 X90.4791 Y-139.3603 F12000.0
G0 X91.3681 Y-140.1903 F15000.0
G1 X160.9396 Y-111.3728 F12000.0
G0 X158.2312 Y-111.0763 F15000.0
G1 X156.8351 Y-110.4980 F12000.0
G0 X157.4682 Y-109.6278 F15000.0
G1 X158.3989 Y-110.0133 F12000.0
G0 X157.1328 Y-111.7537 F15000.0
G1 X156.2021 Y-111.3682 F12000.0
G0 X155.8017 Y-112.3348 F15000.0
G1 X156.9651 Y-112.8167 F12000.0
G0 X155.1686 Y-113.2051 F15000.0
G1 X158.8915 Y-114.7471 F12000.0
G0 X158.0258 Y-115.5210 F15000.0
G1 X151.7434 Y-112.9187 F12000.0
G0 X150.8777 Y-113.6926 F15000.0
G1 X157.8581 Y-116.5840 F12000.0
G0 X160.4176 Y-117.6441 F15000.0
G1 X164.1405 Y-119.1862 F12000.0
G0 X163.4148 Y-118.5926 F15000.0
G1 X164.0444 Y-119.2222 F12000.0
G1 X161.1481 Y-119.9778
G1 X163.1630 Y-118.5926
G0 X163.9728 Y-120.2492 F15000.0
G1 X149.5466 Y-114.2737 F12000.0
G0 X148.0519 Y-114.0593 F15000.0
G1 X147.8000 Y-115.0667 F12000.0
G1 X150.1296 Y-114.9407
G1 X149.7519 Y-115.1926
G1 X149.5630 Y-114.5000
G1 X147.6111 Y-116.3259
G1 X147.8000 Y-114.0593
G0 X147.2197 Y-113.3099 F15000.0
G1 X145.5910 Y-112.6352 F12000.0
G0 X144.9579 Y-113.5054 F15000.0
G1 X174.7411 Y-125.8420 F12000.0
G0 X174.6564 Y-126.0607 F15000.0
G1 X120.6745 Y-148.4207 F12000.0
G0 X119.0874 Y-147.8799 F15000.0
G1 X174.6981 Y-124.8452 F12000.0
G1 X5.0000 Y-124.8389 F12000.0
G0 X5.0036 Y-124.4572 F15000.0
G1 X24.7712 Y-104.6897 F12000.0
G0 X24.8943 Y-105.4818 F15000.0
G1 X71.1967 Y-151.7842 F12000.0
G0 X72.4433 Y-153.0308 F15000.0
G1 X78.8544 Y-159.4419 F12000.0
G0 X79.3669 Y-158.2171 F15000.0
G1 X75.8052 Y-154.6553 F12000.0
G0 X77.0300 Y-154.1428 F15000.0
G1 X79.5232 Y-156.6360 F12000.0
G0 X80.0357 Y-155.4112 F15000.0
G1 X32.1305 Y-107.5060 F12000.0
G0 X31.6064 Y-108.6444 F15000.0
G1 X31.6064 Y-136.0963 F12000.0
G0 X30.4386 Y-136.6000 F15000.0
G1 X30.4386 Y-108.6444 F12000.0
G0 X29.2709 Y-107.6370 F15000.0
G1 X29.2709 Y-136.0963 F12000.0
G0 X28.1031 Y-135.0889 F15000.0
G1 X28.1031 Y-107.1333 F12000.0
G0 X26.9354 Y-106.6296 F15000.0
G1 X26.9354 Y-134.5852 F12000.0
G0 X27.1532 Y-133.2391 F15000.0
G1 X45.3023 Y-125.7215 F12000.0
G0 X44.4134 Y-124.8916 F15000.0
G1 X25.3335 Y-132.7947 F12000.0
G0 X24.5999 Y-133.0741 F15000.0
G1 X24.5999 Y-110.1556 F12000.0
G0 X25.7676 Y-109.6519 F15000.0
G1 X25.7676 Y-133.5778 F12000.0
G0 X23.4321 Y-133.0741 F15000.0
G1 X23.4321 Y-109.1481 F12000.0
G0 X22.2644 Y-110.1556 F15000.0
G1 X22.2644 Y-133.5778 F12000.0
G0 X21.0966 Y-132.0667 F15000.0
G1 X21.0966 Y-110.1556 F12000.0
G0 X19.9289 Y-110.1556 F15000.0
G1 X19.9289 Y-131.5630 F12000.0
G0 X18.7611 Y-130.0519 F15000.0
G1 X18.7611 Y-110.1556 F12000.0
G0 X18.7611 Y-107.8889 F15000.0
G1 X18.7611 Y-105.6222 F12000.0
G0 X17.5934 Y-106.1259 F15000.0
G1 X17.5934 Y-130.5556 F12000.0
G0 X16.4256 Y-130.5556 F15000.0
G1 X16.4256 Y-106.6296 F12000.0
G0 X15.2579 Y-106.1259 F15000.0
G1 X15.2579 Y-130.5556 F12000.0
G0 X14.0901 Y-129.5481 F15000.0
G1 X14.0901 Y-105.6222 F12000.0
G0 X14.3185 Y-104.7407 F15000.0
G1 X16.8370 Y-105.0556 F12000.0
G1 X15.3889 Y-105.4963
G1 X14.2556 Y-104.5519
G1 X13.3111 Y-105.8741
G1 X14.0667 Y-104.4889
G0 X13.4492 Y-104.4609 F15000.0
G1 X56.1898 Y-147.2016 F12000.0
G0 X57.5928 Y-146.8671 F15000.0
G1 X15.3864 Y-104.6607 F12000.0
G0 X16.9674 Y-104.5044 F15000.0
G1 X60.7766 Y-148.3136 F12000.0
G0 X58.5050 Y-149.5167 F15000.0
G1 X63.8475 Y-154.8593 F12000.0
G0 X65.2722 Y-156.2840 F15000.0
G1 X77.7383 Y-168.7500 F12000.0
G0 X77.0477 Y-169.7968 F15000.0
G1 X64.4036 Y-157.1526 F12000.0
G0 X61.0417 Y-155.5281 F15000.0
G1 X66.7404 Y-161.2269 F12000.0
G0 X66.2000 Y-162.9185 F15000.0
G1 X63.7444 Y-165.8778 F12000.0
G1 X63.3667 Y-165.2481
G1 X62.2333 Y-165.6889
G1 X60.2815 Y-164.4926
G1 X62.5481 Y-166.3815
G1 X63.4296 Y-167.8296
G1 X64.7519 Y-166.9481
G1 X66.0741 Y-168.8370
G1 X63.8704 Y-168.5852
G1 X67.5852 Y-167.8296
G1 X66.0741 Y-167.6407
G1 X66.8296 Y-168.3963
G1 X63.8074 Y-166.5074
G1 X65.1296 Y-166.2556
G1 X64.4370 Y-164.3667
G1 X66.4519 Y-164.3037
G1 X66.2000 Y-163.1704
G0 X64.6686 Y-164.3672 F15000.0
G1 X65.5591 Y-165.2576 F12000.0
G0 X67.1401 Y-165.1013 F15000.0
G1 X69.4552 Y-167.4164 F12000.0
G0 X71.0362 Y-167.2600 F15000.0
G1 X68.1869 Y-164.4107 F12000.0
G0 X68.1651 Y-162.6516 F15000.0
G1 X108.5907 Y-203.0771 F12000.0
G0 X108.6779 Y-202.0815 F15000.0
G1 X108.6779 Y-169.0889 F12000.0
G0 X108.6779 Y-167.3259 F15000.0
G1 X108.6779 Y-165.0593 F12000.0
G0 X107.5014 Y-164.6611 F15000.0
G1 X103.3132 Y-166.3959 F12000.0
G0 X102.8896 Y-165.3732 F15000.0
G1 X107.0778 Y-163.6383 F12000.0
G0 X107.5101 Y-163.0444 F15000.0
G1 X107.5101 Y-203.5926 F12000.0
G0 X107.0314 Y-204.9926 F15000.0
G1 X79.4280 Y-177.3892 F12000.0
G0 X80.6519 Y-177.9037 F15000.0
G1 X80.6519 Y-170.6000 F12000.0
G0 X81.6081 Y-170.5936 F15000.0
G1 X86.2617 Y-168.6660 F12000.0
G0 X86.4527 Y-169.7851 F15000.0
G1 X81.3337 Y-171.9055 F12000.0
G0 X81.5247 Y-173.0246 F15000.0
G1 X86.6436 Y-170.9042 F12000.0
G0 X89.7102 Y-168.4358 F15000.0
G1 X90.8736 Y-167.9539 F12000.0
G0 X89.7519 Y-167.2203 F15000.0
G1 X91.1480 Y-166.6420 F12000.0
G0 X91.1333 Y-166.1926 F15000.0
G1 X90.2519 Y-167.5778 F12000.0
G1 X90.7556 Y-166.8222
G1 X91.1963 Y-181.1148
G1 X94.7852 Y-188.1667
G1 X91.4481 Y-173.8741
G1 X91.5741 Y-171.1037
G1 X91.9519 Y-180.9889
G1 X90.7556 Y-171.3556
G1 X91.3852 Y-166.1926
G0 X91.4224 Y-165.3302 F15000.0
G1 X90.2590 Y-165.8121 F12000.0
G0 X90.7661 Y-164.4038 F15000.0
G1 X104.4943 Y-158.7174 F12000.0
G0 X105.1506 Y-159.6438 F15000.0
G1 X93.5166 Y-164.4627 F12000.0
G0 X94.6593 Y-167.4519 F15000.0
G1 X94.9741 Y-172.4889 F12000.0
G1 X94.6593 Y-172.0481
G1 X96.1074 Y-176.5185
G1 X94.6593 Y-167.7037
G0 X97.0725 Y-167.7826 F15000.0
G1 X99.8647 Y-166.6261 F12000.0
G0 X100.2883 Y-167.6488 F15000.0
G1 X97.4962 Y-168.8054 F12000.0
G0 X97.4544 Y-170.0209 F15000.0
G1 X100.2466 Y-168.8643 F12000.0
G0 X100.2000 Y-169.7185 F15000.0
G1 X100.5778 Y-179.2259 F12000.0
G1 X104.7963 Y-189.0481
G1 X107.3778 Y-191.3148
G1 X108.1333 Y-191.1889
G1 X113.1704 Y-195.9741
G1 X113.1704 Y-198.8704
G1 X113.9889 Y-196.7296
G1 X115.5000 Y-197.8630
G1 X114.0519 Y-195.6593
G1 X114.5556 Y-194.6519
G1 X118.5222 Y-196.1000
G1 X113.8000 Y-193.1407
G1 X110.4000 Y-189.8037
G1 X112.1000 Y-193.2037
G1 X107.5667 Y-187.4111
G1 X110.2111 Y-192.0704
G1 X109.2667 Y-191.0000
G1 X112.7926 Y-193.9593
G1 X112.4148 Y-192.4481
G1 X113.1074 Y-196.1000
G1 X108.1963 Y-190.4333
G1 X107.6926 Y-191.3148
G1 X100.5148 Y-179.0370
G1 X100.2000 Y-169.9704
G0 X100.6702 Y-169.8871 F15000.0
G1 X97.4127 Y-171.2364 F12000.0
G0 X97.6037 Y-172.3555 F15000.0
G1 X100.8612 Y-171.0062 F12000.0
G0 X101.5175 Y-171.9325 F15000.0
G1 X97.5619 Y-173.5710 F12000.0
G0 X97.7529 Y-174.6901 F15000.0
G1 X105.4313 Y-171.5096 F12000.0
G0 X105.2370 Y-170.9778 F15000.0
G1 X115.5630 Y-183.8222 F12000.0
G1 X104.9852 Y-170.7259
G0 X104.5424 Y-170.6796 F15000.0
G1 X105.9384 Y-170.1013 F12000.0
G0 X105.7407 Y-170.2222 F15000.0
G1 X116.1926 Y-181.0519 F12000.0
G1 X105.9926 Y-170.4741
G0 X105.7475 Y-168.9822 F15000.0
G1 X104.5841 Y-169.4641 F12000.0
G0 X104.2296 Y-169.4667 F15000.0
G1 X107.3778 Y-179.3519 F12000.0
G1 X103.7259 Y-170.0333
G1 X107.1889 Y-178.2185
G1 X104.2296 Y-169.2148
G0 X104.3931 Y-168.3450 F15000.0
G1 X106.0219 Y-167.6703 F12000.0
G0 X106.4963 Y-167.4519 F15000.0
G1 X116.5704 Y-177.8407 F12000.0
G1 X110.1481 Y-170.0333
G1 X114.1778 Y-173.7481
G1 X112.1000 Y-170.5370
G1 X114.6815 Y-172.7407
G1 X106.7481 Y-167.4519
G0 X105.5983 Y-166.6476 F15000.0
G1 X103.9695 Y-167.3222 F12000.0
G0 X102.7185 Y-164.9333 F15000.0
G1 X103.7889 Y-174.3778 F12000.0
G1 X108.4481 Y-181.8074
G1 X111.8481 Y-185.9000
G1 X104.1667 Y-175.3222
G1 X102.7185 Y-164.6815
G0 X102.6986 Y-164.2540 F15000.0
G1 X106.4215 Y-162.7120 F12000.0
G0 X105.9979 Y-161.6892 F15000.0
G1 X102.7403 Y-163.0385 F12000.0
G0 X103.4741 Y-162.1630 F15000.0
G1 X105.0481 Y-168.2074 F12000.0
G1 X105.1111 Y-167.5778
G1 X105.0481 Y-168.3963
G1 X103.2222 Y-161.9111
G0 X101.1533 Y-162.4977 F15000.0
G1 X105.5742 Y-160.6665 F12000.0
G0 X105.4889 Y-160.6519 F15000.0
G1 X106.6222 Y-164.4926 F12000.0
G1 X105.4889 Y-160.9037
G0 X106.3424 Y-161.0296 F15000.0
G1 X106.3424 Y-204.6000 F12000.0
G0 X106.2444 Y-202.4593 F15000.0
G1 X105.5519 Y-204.6630 F12000.0
G1 X106.3074 Y-202.5852
G1 X104.6704 Y-203.9704
G1 X105.9926 Y-202.4593
G0 X103.6483 Y-203.4015 F15000.0
G1 X98.5293 Y-205.5219 F12000.0
G0 X97.8730 Y-204.5955 F15000.0
G1 X103.4573 Y-202.2824 F12000.0
G0 X103.7735 Y-199.7551 F15000.0
G1 X96.0950 Y-202.9356 F12000.0
G0 X94.9316 Y-203.4175 F15000.0
G1 X53.7471 Y-220.4767 F12000.0
G0 X53.7936 Y-221.2222 F15000.0
G1 X53.7936 Y-196.7926 F12000.0
G0 X54.0747 Y-197.5750 F15000.0
G1 X68.0355 Y-191.7923 F12000.0
G0 X67.9612 Y-191.4603 F15000.0
G1 X60.2827 Y-188.2797 F12000.0
G0 X60.3747 Y-187.7762 F15000.0
G1 X65.2610 Y-185.7522 F12000.0
G0 X65.4711 Y-185.7111 F15000.0
G1 X65.4711 Y-222.2296 F12000.0
G0 X64.6889 Y-222.8593 F15000.0
G1 X66.5778 Y-225.6926 F12000.0
G1 X66.8296 Y-225.3778
G1 X66.6407 Y-226.3222
G1 X65.0037 Y-224.4963
G1 X66.0111 Y-227.7704
G1 X64.8778 Y-229.6593
G1 X63.3667 Y-229.4704
G1 X64.2481 Y-230.4778
G1 X63.5556 Y-230.2259
G1 X63.3037 Y-230.8556
G1 X62.8630 Y-230.5407
G1 X62.8000 Y-231.4852
G1 X62.2963 Y-230.4148
G1 X62.1074 Y-233.6259
G1 X61.4148 Y-232.6815
G1 X64.6889 Y-233.3111
G1 X64.1222 Y-233.5630
G1 X64.1852 Y-233.0593
G1 X62.4852 Y-233.3111
G1 X61.5407 Y-234.2556
G1 X60.9741 Y-235.1370
G1 X62.8000 Y-237.5296
G1 X64.3111 Y-237.3407
G1 X63.3667 Y-235.9556
G1 X64.7519 Y-234.1926
G1 X64.3741 Y-236.0815
G1 X63.9333 Y-237.6556
G1 X63.0519 Y-238.2852
G1 X64.4370 Y-238.7889
G1 X63.9333 Y-238.3481
G1 X64.9407 Y-238.5370
G1 X64.5000 Y-239.5444
G1 X64.9407 Y-239.6704
G1 X63.3037 Y-239.1667
G1 X62.5481 Y-238.6000
G1 X64.6259 Y-240.6148
G1 X65.7593 Y-240.8667
G1 X65.0667 Y-242.0000
G1 X64.7519 Y-240.4259
G1 X63.7444 Y-241.4333
G1 X62.9889 Y-241.2444
G1 X63.7444 Y-240.3630
G1 X59.0222 Y-240.6778
G1 X59.0852 Y-241.3704
G1 X58.0778 Y-241.1815
G1 X59.5259 Y-239.2926
G1 X54.9296 Y-238.7889
G1 X55.0556 Y-239.3556
G1 X53.9222 Y-236.1444
G1 X55.4963 Y-238.2222
G1 X61.4778 Y-239.7333
G1 X62.4852 Y-237.6556
G1 X60.2185 Y-237.6556
G1 X57.1963 Y-234.3185
G1 X56.8815 Y-232.8704
G1 X59.9667 Y-231.2963
G1 X61.0370 Y-229.0926
G1 X61.8556 Y-230.6037
G1 X62.2333 Y-228.5889
G1 X60.3444 Y-228.4000
G1 X60.7852 Y-227.1407
G1 X64.8148 Y-228.4630
G1 X61.7296 Y-224.5593
G1 X63.3037 Y-226.0704
G1 X63.5556 Y-225.4407
G1 X62.9889 Y-226.0704
G1 X62.4852 Y-226.7630
G1 X65.1926 Y-227.8963
G1 X65.1296 Y-229.5333
G1 X65.6963 Y-226.1333
G1 X62.5481 Y-223.7407
G1 X63.8704 Y-223.1111
G1 X64.4370 Y-222.6074
G0 X64.3034 Y-222.2296 F15000.0
G1 X64.3034 Y-185.2074 F12000.0
G0 X64.2173 Y-184.7642 F15000.0
G1 X69.5599 Y-190.1067 F12000.0
G0 X68.9744 Y-190.4963 F15000.0
G1 X68.9744 Y-184.7037 F12000.0
G0 X69.8729 Y-185.0401 F15000.0
G1 X71.9670 Y-184.1727 F12000.0
G0 X72.4776 Y-184.4519 F15000.0
G1 X72.4776 Y-181.6815 F12000.0
G0 X73.6817 Y-182.0670 F15000.0
G1 X71.5447 Y-179.9300 F12000.0
G0 X70.6760 Y-180.7987 F15000.0
G1 X76.1967 Y-186.3193 F12000.0
G0 X76.9090 Y-187.0317 F15000.0
G1 X110.7454 Y-220.8681 F12000.0
G0 X109.8767 Y-221.7367 F15000.0
G1 X76.9307 Y-188.7908 F12000.0
G0 X77.1486 Y-189.2370 F15000.0
G1 X77.1486 Y-252.9556 F12000.0
G0 X76.9680 Y-253.0530 F15000.0
G1 X128.6130 Y-201.4081 F12000.0
G0 X130.9031 Y-201.0665 F15000.0
G1 X136.7800 Y-206.9433 F12000.0
G0 X134.8428 Y-206.7435 F15000.0
G1 X133.5961 Y-205.4969 F12000.0
G0 X132.3495 Y-204.2503 F15000.0
G1 X131.6372 Y-203.5379 F12000.0
G0 X130.7685 Y-204.4066 F15000.0
G1 X131.6590 Y-205.2971 F12000.0
G0 X129.5437 Y-204.9191 F15000.0
G1 X132.7492 Y-208.1247 F12000.0
G0 X131.7025 Y-208.8153 F15000.0
G1 X128.4969 Y-205.6097 F12000.0
G0 X126.3816 Y-205.2318 F15000.0
G1 X131.0119 Y-209.8620 F12000.0
G0 X131.4296 Y-209.5111 F15000.0
G3 X131.1778 Y-209.2593 I-0.9825 J-0.7306 F12000.0
G0 X133.9481 Y-210.2667 F15000.0
G1 X132.5630 Y-211.5889 F12000.0
G1 X131.5556 Y-211.2111
G1 X131.6185 Y-214.2963
G1 X130.6111 Y-212.4074
G1 X131.1778 Y-211.6519
G1 X130.1704 Y-213.1000
G1 X132.3741 Y-214.1074
G1 X133.9481 Y-210.5185
G0 X134.8863 Y-210.2617 F15000.0
G1 X134.1739 Y-209.5494 F12000.0
G0 X135.3988 Y-209.0369 F15000.0
G1 X136.6454 Y-210.2835 F12000.0
G0 X137.4741 Y-211.0222 F15000.0
G1 X136.7185 Y-211.8407 F12000.0
G1 X134.8296 Y-211.2741
G1 X136.3407 Y-212.0296
G1 X136.5296 Y-213.3519
G1 X138.6074 Y-213.8556
G1 X137.5370 Y-214.7370
G1 X136.2778 Y-214.4222
G1 X135.9000 Y-215.1778
G1 X136.9074 Y-214.2333
G1 X138.1037 Y-215.8704
G1 X138.9222 Y-213.1000
G1 X139.4889 Y-214.1074
G1 X138.9852 Y-215.9333
G1 X139.1741 Y-217.1296
G1 X136.6556 Y-217.0037
G1 X135.9000 Y-216.3111
G1 X135.3333 Y-217.0037
G1 X137.6000 Y-218.2000
G1 X134.0111 Y-219.3963
G1 X135.9630 Y-220.2778
G1 X138.2926 Y-218.1370
G1 X138.4815 Y-216.8778
G1 X139.6148 Y-217.3185
G1 X139.7407 Y-213.6667
G1 X139.3000 Y-213.1000
G1 X139.2370 Y-212.1556
G1 X137.5370 Y-212.9741
G1 X136.2148 Y-212.9741
G1 X137.4741 Y-211.2741
G0 X137.8702 Y-209.7710 F15000.0
G1 X141.2539 Y-213.1546 F12000.0
G0 X140.7481 Y-211.2741 F15000.0
G1 X142.5741 Y-213.2259 F12000.0
G1 X140.4963 Y-211.0222
G0 X143.3039 Y-208.2552 F15000.0
G1 X144.7286 Y-209.6799 F12000.0
G0 X146.6440 Y-208.1206 F15000.0
G1 X145.7536 Y-207.2302 F12000.0
G0 X145.0412 Y-206.5178 F15000.0
G1 X140.4110 Y-201.8876 F12000.0
G0 X139.6987 Y-201.1752 F15000.0
G1 X131.8629 Y-193.3395 F12000.0
G0 X131.4296 Y-193.3926 F15000.0
G1 X132.3111 Y-193.5185 F12000.0
G1 X132.1222 Y-197.6111
G1 X131.1778 Y-193.6444
G0 X131.8846 Y-195.0986 F15000.0
G1 X138.2957 Y-201.5097 F12000.0
G0 X139.7204 Y-202.9344 F15000.0
G1 X143.1041 Y-206.3180 F12000.0
G0 X142.2354 Y-207.1867 F15000.0
G1 X140.9888 Y-205.9401 F12000.0
G0 X147.8471 Y-205.8490 F15000.0
G1 X133.7783 Y-191.7802 F12000.0
G0 X134.6470 Y-190.9115 F15000.0
G1 X149.0720 Y-205.3365 F12000.0
G0 X151.5434 Y-206.0706 F15000.0
G1 X135.8719 Y-190.3990 F12000.0
G0 X135.6728 Y-188.8784 F15000.0
G1 X128.5494 Y-196.0018 F12000.0
G0 X128.9007 Y-195.5893 F15000.0
G1 X129.9692 Y-196.6578 F12000.0
G0 X129.4610 Y-196.9135 F15000.0
G1 X137.1187 Y-189.2558 F12000.0
G0 X138.3866 Y-189.8112 F15000.0
G1 X130.7289 Y-197.4689 F12000.0
G0 X127.2816 Y-195.4464 F15000.0
G1 X130.6652 Y-192.0627 F12000.0
G0 X128.5070 Y-192.3977 F15000.0
G1 X126.5480 Y-194.3567 F12000.0
G0 X127.8321 Y-194.5208 F15000.0
G1 X125.1608 Y-191.8495 F12000.0
G0 X125.6370 Y-192.1333 F15000.0
G1 X126.6444 Y-192.6370 F12000.0
G1 X126.2667 Y-193.7704
G1 X127.9667 Y-193.7074
G1 X126.7704 Y-194.5259
G1 X129.7926 Y-194.7778
G1 X126.6444 Y-191.6926
G1 X125.8889 Y-191.8815
G0 X125.9714 Y-191.2868 F15000.0
G1 X124.0124 Y-193.2457 F12000.0
G0 X123.1008 Y-192.3341 F15000.0
G1 X124.7036 Y-190.7313 F12000.0
G0 X123.7919 Y-189.8197 F15000.0
G1 X121.6549 Y-191.9567 F12000.0
G0 X120.5864 Y-193.0252 F15000.0
G1 X118.6274 Y-194.9842 F12000.0
G0 X119.5926 Y-193.6444 F15000.0
G1 X123.5593 Y-195.2185 F12000.0
G1 X119.3407 Y-193.3926
G0 X116.8996 Y-192.2750 F15000.0
G1 X83.0632 Y-158.4387 F12000.0
G0 X83.5757 Y-157.2138 F15000.0
G1 X115.8093 Y-189.4474 F12000.0
G0 X116.6780 Y-188.5787 F15000.0
G1 X84.9786 Y-156.8794 F12000.0
G0 X85.8473 Y-156.0107 F15000.0
G1 X117.9028 Y-188.0662 F12000.0
G0 X118.3333 Y-187.8519 F15000.0
G1 X121.7963 Y-189.4259 F12000.0
G1 X121.1037 Y-189.6148
G1 X123.4963 Y-189.9296
G1 X122.7407 Y-190.1185
G1 X123.8741 Y-189.7407
G1 X118.5852 Y-187.8519
G0 X118.9496 Y-187.3756 F15000.0
G1 X86.8941 Y-155.3201 F12000.0
G0 X87.5847 Y-154.2733 F15000.0
G1 X117.8593 Y-184.5480 F12000.0
G0 X117.5778 Y-184.5778 F15000.0
G1 X121.0407 Y-185.9000 F12000.0
G1 X118.8370 Y-185.7111
G1 X117.3259 Y-184.5778
G0 X118.9278 Y-185.6165 F15000.0
G1 X119.6402 Y-186.3288 F12000.0
G0 X120.0963 Y-186.3407 F15000.0
G1 X122.3000 Y-187.5370 F12000.0
G1 X120.4111 Y-186.4037
G1 X122.4259 Y-186.7185
G1 X120.3481 Y-186.3407
G0 X121.5701 Y-184.7484 F15000.0
G1 X63.6921 Y-242.6264 F12000.0
G0 X63.8883 Y-243.5054 F15000.0
G1 X67.2719 Y-246.8891 F12000.0
G0 X66.6389 Y-246.9111 F15000.0
G1 X66.6389 Y-243.6370 F12000.0
G0 X66.2000 Y-242.5037 F15000.0
G1 X66.5778 Y-244.8333 F12000.0
G1 X67.4593 Y-244.0778
G1 X68.3407 Y-245.5259
G1 X69.0333 Y-245.4630
G1 X67.6481 Y-245.5889
G1 X66.3259 Y-248.1074
G1 X68.0259 Y-246.9111
G1 X67.8370 Y-248.4222
G1 X70.1667 Y-247.1630
G1 X69.6630 Y-246.4704
G1 X70.1037 Y-248.6741
G1 X68.0259 Y-249.8704
G1 X68.1519 Y-250.5000
G1 X67.2704 Y-249.1778
G1 X66.7667 Y-249.8074
G1 X66.5148 Y-248.9889
G1 X64.3741 Y-250.0593
G1 X65.5704 Y-251.3815
G1 X64.3111 Y-250.0593
G1 X66.8926 Y-247.5407
G1 X65.8852 Y-247.7926
G1 X65.5704 Y-245.9667
G1 X66.9556 Y-246.5963
G1 X67.5222 Y-245.0852
G1 X66.8926 Y-244.8333
G1 X65.6963 Y-244.0778
G1 X65.9481 Y-242.5037
G0 X66.6389 Y-242.3778 F15000.0
G1 X66.6389 Y-229.5333 F12000.0
G0 X67.7787 Y-228.7556 F15000.0
G1 X101.5174 Y-242.7307 F12000.0
G0 X101.6149 Y-242.5865 F15000.0
G1 X76.0200 Y-253.1882 F12000.0
G0 X75.9809 Y-252.9556 F15000.0
G1 X75.9809 Y-190.2444 F12000.0
G0 X76.2402 Y-189.8376 F15000.0
G1 X105.8025 Y-219.3999 F12000.0
G0 X106.5148 Y-220.1122 F15000.0
G1 X139.4607 Y-253.0582 F12000.0
G0 X138.9507 Y-253.0617 F15000.0
G1 X174.7460 Y-217.2664 F12000.0
G0 X174.7481 Y-216.6389 F15000.0
G1 X5.0000 Y-216.6389 F12000.0
G0 X5.6894 Y-216.5791 F15000.0
G1 X11.0320 Y-221.9217 F12000.0
G0 X10.2889 Y-220.8444 F15000.0
G1 X10.1630 Y-221.9778 F12000.0
G1 X11.5481 Y-224.2444
G1 X10.6037 Y-225.2519
G1 X11.9889 Y-225.0630
G1 X12.6185 Y-223.3630
G1 X12.2407 Y-223.7407
G1 X10.8556 Y-221.7259
G1 X10.5407 Y-220.5926
G0 X10.8104 Y-218.2254 F15000.0
G1 X20.2490 Y-227.6639 F12000.0
G0 X18.8461 Y-227.9984 F15000.0
G1 X16.3529 Y-225.5052 F12000.0
G0 X14.9282 Y-224.0805 F15000.0
G1 X13.5035 Y-222.6558 F12000.0
G0 X12.7911 Y-221.9434 F15000.0
G1 X6.5581 Y-215.7104 F12000.0
G0 X4.9954 Y-215.6291 F15000.0
G1 X111.8471 Y-108.7775 F12000.0
G0 X112.0029 Y-109.1971 F15000.0
G1 X174.1550 Y-171.3492 F12000.0
G0 X174.7501 Y-171.6804 F15000.0
G1 X130.0505 Y-216.3801 F12000.0
G0 X129.4961 Y-215.2957 F15000.0
G1 X128.6057 Y-214.4053 F12000.0
G0 X127.2027 Y-214.7397 F15000.0
G1 X128.6274 Y-216.1644 F12000.0
G0 X129.1601 Y-217.2705 F15000.0
G1 X118.8311 Y-227.5995 F12000.0
G0 X120.1622 Y-228.5475 F15000.0
G1 X128.3541 Y-236.7395 F12000.0
G0 X128.8884 Y-237.2737 F15000.0
G1 X131.3816 Y-239.7669 F12000.0
G0 X131.4034 Y-241.5261 F15000.0
G1 X142.9790 Y-253.1017 F12000.0
G0 X142.5548 Y-253.1041 F15000.0
G1 X174.7884 Y-220.8705 F12000.0
G0 X174.7481 Y-220.6889 F15000.0
G1 X5.0000 Y-220.6889 F12000.0
G0 X5.0423 Y-221.1441 F15000.0
G1 X20.8920 Y-236.9938 F12000.0
G0 X21.6044 Y-237.7061 F15000.0
G1 X37.0979 Y-253.1996 F12000.0
G0 X36.7883 Y-253.1207 F15000.0
G1 X117.4613 Y-172.4477 F12000.0
G0 X116.3716 Y-171.7142 F15000.0
G1 X34.9862 Y-253.0995 F12000.0
G0 X35.3387 Y-253.1778 F15000.0
G1 X31.4208 Y-249.2599 F12000.0
G0 X29.8181 Y-247.6572 F15000.0
G1 X20.9138 Y-238.7529 F12000.0
G0 X20.3630 Y-240.2370 F15000.0
G1 X23.1963 Y-240.4889 F12000.0
G1 X21.3704 Y-242.4407
G1 X19.6704 Y-243.0074
G1 X19.9222 Y-241.4333
G1 X20.1111 Y-240.4889
G0 X19.8887 Y-241.2026 F15000.0
G1 X4.9295 Y-226.2433 F12000.0
G0 X5.0000 Y-226.0889 F15000.0
G1 X174.7481 Y-226.0889 F12000.0
G0 X174.8521 Y-226.2767 F15000.0
G1 X147.9610 Y-253.1678 F12000.0
G0 X148.2563 Y-253.1669 F15000.0
G1 X147.3659 Y-252.2765 F12000.0
G0 X146.4972 Y-253.1452 F15000.0
G1 X138.1271 Y-244.7751 F12000.0
G0 X136.8805 Y-243.5285 F15000.0
G1 X134.0312 Y-240.6791 F12000.0
G0 X135.1981 Y-240.4048 F15000.0
G1 X122.5540 Y-253.0489 F12000.0
G0 X122.2258 Y-253.1968 F15000.0
G1 X111.0064 Y-241.9774 F12000.0
G0 X109.2473 Y-241.9556 F15000.0
G1 X120.4667 Y-253.1751 F12000.0
G0 X120.5738 Y-253.2058 F15000.0
G1 X174.7120 Y-199.0676 F12000.0
G1 X5.0000 Y-199.0889 F12000.0
G0 X4.9827 Y-199.2324 F15000.0
G1 X96.6970 Y-107.5181 F12000.0
G0 X96.6834 Y-107.7765 F15000.0
G1 X154.9176 Y-166.0107 F12000.0
G0 X156.6767 Y-166.0324 F15000.0
G1 X99.8672 Y-109.2229 F12000.0
G0 X99.3359 Y-109.6519 F15000.0
G1 X99.3359 Y-147.1778 F12000.0
G0 X99.6434 Y-146.3482 F15000.0
G1 X100.5741 Y-145.9627 F12000.0
G0 X99.6963 Y-145.7926 F15000.0
G1 X102.3407 Y-146.6741 F12000.0
G1 X99.6963 Y-146.1704
G1 X100.2000 Y-146.4852
G1 X99.4444 Y-145.7926
G0 X101.2304 Y-146.8890 F15000.0
G1 X102.1612 Y-146.5035 F12000.0
G0 X101.6714 Y-147.6815 F15000.0
G1 X101.6714 Y-110.1556 F12000.0
G0 X102.4824 Y-110.4242 F15000.0
G1 X54.0848 Y-130.4712 F12000.0
G0 X54.9738 Y-131.3012 F15000.0
G1 X105.2328 Y-110.4832 F12000.0
G0 X105.1746 Y-110.1556 F15000.0
G1 X105.1746 Y-148.6889 F12000.0
G0 X106.3424 Y-148.6889 F15000.0
G1 X106.3424 Y-110.6593 F12000.0
G0 X105.8569 Y-110.0005 F15000.0
G1 X163.0225 Y-167.1662 F12000.0
G0 X161.4000 Y-166.9481 F15000.0
G1 X165.8074 Y-167.8296 F12000.0
G1 X161.1481 Y-166.6963
G0 X160.5511 Y-166.4321 F15000.0
G1 X103.0293 Y-108.9103 F12000.0
G0 X102.9704 Y-108.7704 F15000.0
G1 X103.6000 Y-110.0296 F12000.0
G1 X102.9074 Y-109.0222
G1 X101.5852 Y-110.2185
G1 X100.7667 Y-109.9037
G1 X102.7185 Y-108.7704
G0 X103.0149 Y-108.4933 F15000.0
G1 X35.6983 Y-175.8099 F12000.0
G0 X36.4319 Y-176.8996 F15000.0
G1 X103.9265 Y-109.4050 F12000.0
G0 X104.0069 Y-110.1556 F15000.0
G1 X104.0069 Y-149.1926 F12000.0
G0 X103.2222 Y-148.8148 F15000.0
G1 X104.8593 Y-150.7667 F12000.0
G1 X106.1815 Y-151.2074
G1 X103.2222 Y-150.8296
G1 X102.8444 Y-152.3407
G1 X104.5444 Y-151.9630
G1 X103.9148 Y-152.3407
G1 X106.3074 Y-151.7741
G1 X109.3926 Y-153.4111
G1 X107.0630 Y-152.5296
G1 X108.5111 Y-153.7259
G1 X104.6704 Y-152.1519
G1 X104.2296 Y-153.2222
G1 X101.0815 Y-151.0185
G1 X103.4111 Y-150.5148
G1 X102.9704 Y-148.8148
G0 X102.8391 Y-151.2074 F15000.0
G1 X102.8391 Y-109.6519 F12000.0
G0 X101.6263 Y-109.2447 F15000.0
G1 X158.0796 Y-165.6980 F12000.0
G0 X157.6222 Y-164.4296 F15000.0
G1 X171.8519 Y-166.5074 F12000.0
G1 X171.0333 Y-166.6333
G1 X171.6630 Y-166.5074
G1 X157.3704 Y-164.1778
G0 X157.6222 Y-168.9630 F15000.0
G1 X157.2444 Y-169.7185 F12000.0
G1 X161.0222 Y-169.7815
G1 X157.8741 Y-168.9630
G0 X152.5852 Y-172.4889 F15000.0
G1 X155.1037 Y-173.3074 F12000.0
G1 X153.0259 Y-173.7481
G1 X154.6630 Y-172.9296
G1 X152.3333 Y-172.4889
G0 X152.5549 Y-174.0721 F15000.0
G1 X153.9796 Y-175.4968 F12000.0
G0 X152.0424 Y-175.2970 F15000.0
G1 X151.1519 Y-174.4066 F12000.0
G0 X150.6394 Y-175.6314 F15000.0
G1 X149.0367 Y-174.0286 F12000.0
G0 X149.0593 Y-174.5037 F15000.0
G1 X150.6963 Y-175.1333 F12000.0
G1 X149.5000 Y-175.0074
G1 X150.5074 Y-176.1407
G1 X151.3889 Y-176.3926
G1 X149.4370 Y-175.9519
G1 X148.8074 Y-174.5037
G0 X148.5241 Y-175.2535 F15000.0
G1 X150.8393 Y-177.5686 F12000.0
G0 X149.1019 Y-179.3060 F15000.0
G1 X153.1979 Y-183.4020 F12000.0
G0 X154.4227 Y-182.8894 F15000.0
G1 X146.9431 Y-175.4098 F12000.0
G0 X145.7183 Y-175.9223 F15000.0
G1 X147.8553 Y-178.0594 F12000.0
G0 X146.4524 Y-178.3938 F15000.0
G1 X150.1922 Y-182.1336 F12000.0
G0 X148.6111 Y-182.2899 F15000.0
G1 X145.4056 Y-179.0844 F12000.0
G0 X144.0027 Y-179.4188 F15000.0
G1 X145.9616 Y-181.3778 F12000.0
G0 X146.2889 Y-177.5259 F15000.0
G1 X149.7519 Y-178.0296 F12000.0
G1 X150.0037 Y-178.9111
G1 X150.3815 Y-177.9667
G1 X151.5148 Y-178.9111
G1 X146.2889 Y-177.2741
G0 X142.7630 Y-176.7704 F15000.0
G1 X145.3444 Y-177.4000 F12000.0
G1 X144.0222 Y-178.4704
G1 X144.9037 Y-179.2259
G1 X143.2037 Y-178.5333
G1 X143.9593 Y-179.8556
G1 X142.6370 Y-178.9111
G1 X138.1667 Y-179.1000
G1 X142.5111 Y-178.7852
G1 X142.7000 Y-177.5889
G1 X141.1259 Y-177.6519
G1 X142.5111 Y-176.7704
G0 X141.9991 Y-175.2590 F15000.0
G1 X174.7670 Y-142.4912 F12000.0
G0 X174.8537 Y-142.5128 F15000.0
G1 X139.4146 Y-107.0737 F12000.0
G0 X140.2071 Y-107.6370 F15000.0
G1 X140.2071 Y-154.2296 F12000.0
G0 X139.0394 Y-154.2296 F15000.0
G1 X139.0394 Y-108.1407 F12000.0
G0 X137.8716 Y-108.1407 F15000.0
G1 X137.8716 Y-154.2296 F12000.0
G0 X136.7039 Y-155.7407 F15000.0
G1 X136.7039 Y-109.1481 F12000.0
G0 X137.1430 Y-108.2768 F15000.0
G1 X174.7191 Y-145.8529 F12000.0
G0 X174.8094 Y-146.0953 F15000.0
G1 X135.4524 Y-185.4524 F12000.0
G0 X134.7037 Y-184.8296 F15000.0
G1 X137.4111 Y-184.8926 F12000.0
G1 X136.4667 Y-184.9556
G1 X137.0333 Y-184.3889
G1 X134.9556 Y-184.5778
G0 X134.1845 Y-184.8969 F15000.0
G1 X138.1024 Y-180.9790 F12000.0
G0 X136.8346 Y-180.4235 F15000.0
G1 X133.0948 Y-184.1633 F12000.0
G0 X134.2000 Y-184.0741 F15000.0
G1 X136.2148 Y-184.2000 F12000.0
G1 X138.2926 Y-184.3259
G1 X138.1037 Y-186.1519
G1 X134.0111 Y-184.5778
G1 X134.2000 Y-183.8222
G0 X132.8955 Y-182.5394 F15000.0
G1 X135.2106 Y-180.2242 F12000.0
G0 X133.7647 Y-179.8469 F15000.0
G1 X132.6962 Y-180.9154 F12000.0
G0 X132.9407 Y-180.5481 F15000.0
G1 X133.5704 Y-181.6185 F12000.0
G1 X134.3259 Y-181.7444
G1 X133.3185 Y-182.6259
G1 X132.6889 Y-182.3741
G1 X132.1222 Y-183.1296
G1 X133.0037 Y-181.1148
G1 X132.9407 Y-180.2963
G0 X131.0510 Y-178.9140 F15000.0
G1 X130.3387 Y-179.6264 F12000.0
G0 X129.9185 Y-177.4889 F15000.0
G1 X68.4667 Y-177.4889 F12000.0
G0 X66.9556 Y-177.4889 F15000.0
G1 X5.0000 Y-177.4889 F12000.0
G0 X4.9063 Y-177.4295 F15000.0
G1 X76.1407 Y-106.1951 F12000.0
G0 X76.9770 Y-107.1811 F15000.0
G1 X133.7865 Y-163.9906 F12000.0
G0 X135.5456 Y-164.0123 F15000.0
G1 X77.6676 Y-106.1343 F12000.0
G0 X78.3164 Y-106.6296 F15000.0
G1 X78.3164 Y-146.6741 F12000.0
G0 X77.1486 Y-146.1704 F15000.0
G1 X77.1486 Y-107.6370 F12000.0
G0 X76.1831 Y-108.1375 F15000.0
G1 X71.9949 Y-109.8723 F12000.0
G0 X72.4185 Y-110.8950 F15000.0
G1 X80.7950 Y-107.4254 F12000.0
G0 X80.6519 Y-106.6296 F15000.0
G1 X80.6519 Y-147.6815 F12000.0
G0 X80.8140 Y-146.9584 F15000.0
G1 X83.6061 Y-145.8018 F12000.0
G0 X84.1551 Y-146.1704 F15000.0
G1 X84.1551 Y-107.6370 F12000.0
G0 X84.6671 Y-108.2179 F15000.0
G1 X76.5233 Y-111.5912 F12000.0
G0 X76.8809 Y-111.3534 F15000.0
G1 X75.7175 Y-110.8715 F12000.0
G0 X75.1689 Y-110.9540 F15000.0
G1 X83.0801 Y-107.6771 F12000.0
G0 X82.9874 Y-107.1333 F15000.0
G1 X82.9874 Y-146.6741 F12000.0
G0 X83.6233 Y-146.8372 F15000.0
G1 X43.5539 Y-106.7678 F12000.0
G0 X43.3473 Y-106.1695 F15000.0
G1 X4.8807 Y-144.6361 F12000.0
G0 X4.9758 Y-144.6336 F15000.0
G1 X15.6609 Y-155.3188 F12000.0
G0 X15.5778 Y-156.1185 F15000.0
G1 X15.7037 Y-157.6296 F12000.0
G1 X16.9000 Y-156.6852
G1 X11.9889 Y-158.5741
G1 X14.0667 Y-159.8963
G1 X12.5556 Y-159.8963
G1 X13.0593 Y-158.9519
G1 X10.3519 Y-159.7074
G1 X11.4852 Y-160.9667
G1 X10.8556 Y-160.0222
G1 X10.0370 Y-162.0370
G1 X9.2815 Y-161.3444
G1 X10.1630 Y-161.0296
G1 X6.1333 Y-160.5889
G1 X7.4556 Y-161.2815
G1 X5.2519 Y-162.7926
G1 X6.7630 Y-161.0926
G1 X5.3778 Y-161.3444
G1 X6.3222 Y-160.8407
G1 X5.2519 Y-159.3926
G1 X10.1630 Y-160.7148
G1 X10.3519 Y-159.3296
G1 X11.2963 Y-158.8259
G1 X11.6741 Y-157.9444
G1 X13.6889 Y-157.1259
G1 X15.3259 Y-156.1185
G0 X14.0799 Y-155.4751 F15000.0
G1 X4.9975 Y-146.3927 F12000.0
G1 X174.7481 Y-146.4389 F12000.0
G0 X174.6450 Y-146.4349 F15000.0
G1 X156.0306 Y-154.1453 F12000.0
G0 X155.3879 Y-155.7407 F15000.0
G1 X155.3879 Y-103.6074 F12000.0
G0 X154.2201 Y-103.6074 F15000.0
G1 X154.2201 Y-155.7407 F12000.0
G0 X153.0524 Y-155.2370 F15000.0
G1 X153.0524 Y-104.1111 F12000.0
G0 X152.9097 Y-103.1952 F15000.0
G1 X174.8143 Y-125.0998 F12000.0
G0 X174.6761 Y-124.6827 F15000.0
G1 X166.5323 Y-121.3094 F12000.0
G0 X168.0960 Y-120.8247 F15000.0
G1 X174.8438 Y-123.6197 F12000.0
G0 X174.7399 Y-123.6297 F15000.0
G1 X117.2677 Y-147.4354 F12000.0
G0 X115.6807 Y-146.8946 F15000.0
G1 X174.7816 Y-122.4142 F12000.0
G1 X168.4964 Y-119.8581 F12000.0
G0 X168.1988 Y-118.6023 F15000.0
G1 X174.7138 Y-121.3009 F12000.0
G0 X174.8233 Y-121.1987 F15000.0
G1 X114.0936 Y-146.3538 F12000.0
G0 X116.5456 Y-145.9023 F15000.0
G1 X106.0749 Y-141.5652 F12000.0
G0 X105.4889 Y-142.0148 F15000.0
G1 X104.9222 Y-142.5815 F12000.0
G1 X110.8407 Y-145.8556
G1 X103.4111 Y-142.5815
G1 X105.2370 Y-142.0148
G0 X105.2695 Y-142.8196 F15000.0
G1 X174.8410 Y-114.0021 F12000.0
G0 X174.7481 Y-114.0389 F15000.0
G1 X5.0000 Y-114.0389 F12000.0
G0 X4.8867 Y-113.7052 F15000.0
G1 X7.2135 Y-112.7414 F12000.0
G0 X5.0000 Y-112.6889 F15000.0
G1 X174.7481 Y-112.6889 F12000.0
G0 X174.7838 Y-113.3019 F15000.0
G1 X121.5361 Y-166.5497 F12000.0
G0 X120.3481 Y-166.6889 F15000.0
G1 X174.7481 Y-166.6889 F12000.0
G0 X174.8021 Y-166.7842 F15000.0
G1 X116.9241 Y-108.9062 F12000.0
G0 X116.8521 Y-109.6519 F15000.0
G1 X116.8521 Y-150.2000 F12000.0
G0 X115.6844 Y-150.2000 F15000.0
G1 X115.6844 Y-111.6667 F12000.0
G0 X114.5166 Y-112.1704 F15000.0
G1 X114.5166 Y-150.2000 F12000.0
G0 X113.3489 Y-149.6963 F15000.0
G1 X113.3489 Y-112.1704 F12000.0
G0 X112.1811 Y-111.6667 F15000.0
G1 X112.1811 Y-149.6963 F12000.0
G0 X111.0134 Y-149.6963 F15000.0
G1 X111.0134 Y-112.6741 F12000.0
G0 X109.5286 Y-112.2984 F15000.0
G1 X46.0067 Y-138.6101 F12000.0
G0 X45.6194 Y-139.1185 F15000.0
G1 X45.6194 Y-108.6444 F12000.0
G0 X46.7871 Y-108.6444 F15000.0
G1 X46.7871 Y-139.6222 F12000.0
G0 X47.8264 Y-139.0545 F15000.0
G1 X109.4868 Y-113.5139 F12000.0
G0 X110.3758 Y-114.3439 F15000.0
G1 X49.6461 Y-139.4990 F12000.0
G0 X49.1226 Y-140.1259 F15000.0
G1 X49.1226 Y-108.6444 F12000.0
G0 X50.2904 Y-108.6444 F15000.0
G1 X50.2904 Y-140.6296 F12000.0
G0 X51.2332 Y-140.0398 F15000.0
G1 X116.8492 Y-112.8608 F12000.0
G0 X116.1222 Y-114.0183 F15000.0
G1 X174.7578 Y-138.3059 F12000.0
G1 X5.0000 Y-138.3389 F12000.0
G0 X4.9952 Y-139.0519 F15000.0
G1 X37.9411 Y-106.1059 F12000.0
G0 X38.6327 Y-107.0588 F15000.0
G1 X80.6611 Y-149.0871 F12000.0
G0 X81.5297 Y-148.2184 F15000.0
G1 X40.0357 Y-106.7243 F12000.0
G0 X39.7432 Y-106.1271 F15000.0
G1 X5.0164 Y-140.8539 F12000.0
G0 X5.0000 Y-141.0389 F15000.0
G1 X174.7481 Y-141.0389 F12000.0
G0 X174.8320 Y-140.7537 F15000.0
G1 X140.8175 Y-106.7392 F12000.0
G0 X141.3749 Y-107.1333 F15000.0
G1 X141.3749 Y-154.2296 F12000.0
G0 X142.5426 Y-154.7333 F15000.0
G1 X142.5426 Y-106.6296 F12000.0
G0 X142.0424 Y-106.2267 F15000.0
G1 X174.8102 Y-138.9946 F12000.0
G0 X174.7246 Y-138.8870 F15000.0
G1 X139.2854 Y-174.3262 F12000.0
G0 X140.3751 Y-175.0597 F15000.0
G1 X174.7458 Y-140.6891 F12000.0
G0 X174.6551 Y-140.5283 F15000.0
G1 X115.0888 Y-115.8551 F12000.0
G0 X115.4892 Y-114.8885 F15000.0
G1 X174.8228 Y-139.4653 F12000.0
G0 X174.7481 Y-139.6889 F15000.0
G1 X5.0000 Y-139.6889 F12000.0
G0 X4.9105 Y-139.3563 F15000.0
G1 X14.3491 Y-148.7948 F12000.0
G0 X15.5739 Y-148.2823 F15000.0
G1 X4.8888 Y-137.5972 F12000.0
G0 X4.9740 Y-137.2498 F15000.0
G1 X35.7829 Y-106.4409 F12000.0
G0 X35.7259 Y-105.9389 F15000.0
G1 X68.7185 Y-105.9389 F12000.0
G0 X69.2222 Y-104.5889 F15000.0
G1 X66.2000 Y-104.5889 F12000.0
G0 X64.6889 Y-104.5889 F15000.0
G1 X53.6074 Y-104.5889 F12000.0
G0 X55.1185 Y-105.2444 F15000.0
G1 X53.4185 Y-106.2519 F12000.0
G1 X58.7704 Y-109.0852
G1 X65.5074 Y-109.7778
G1 X66.5778 Y-110.2815
G1 X66.2630 Y-107.3852
G1 X65.4444 Y-109.6519
G1 X64.0593 Y-109.0852
G1 X63.5556 Y-107.9519
G1 X63.7444 Y-109.0852
G1 X60.3444 Y-106.6926
G1 X61.5407 Y-109.2111
G1 X58.9593 Y-108.5185
G1 X57.8889 Y-108.2037
G1 X59.1481 Y-106.6296
G1 X55.4963 Y-107.5741
G1 X54.1741 Y-106.0000
G1 X56.1259 Y-105.6852
G1 X55.6222 Y-106.0630
G1 X56.6926 Y-105.4333
G1 X55.3704 Y-105.2444
G0 X55.3704 Y-103.2389 F15000.0
G1 X42.7778 Y-103.2389 F12000.0
G0 X43.2815 Y-102.7259 F15000.0
G1 X37.4259 Y-104.5519 F12000.0
G1 X42.9037 Y-103.4815
G1 X43.4704 Y-102.9148
G1 X43.5333 Y-102.9778
G0 X42.2576 Y-105.4360 F15000.0
G1 X5.0376 Y-142.6560 F12000.0
G0 X4.9540 Y-142.8745 F15000.0
G1 X16.5296 Y-154.4501 F12000.0
G0 X15.5778 Y-153.6000 F15000.0
G1 X16.6481 Y-155.3000 F12000.0
G1 X17.4667 Y-154.9222
G1 X15.3259 Y-153.6000
G0 X15.3259 Y-151.3333 F15000.0
G1 X17.3407 Y-152.2778 F12000.0
G1 X14.7593 Y-151.5222
G1 X14.1296 Y-152.1519
G1 X17.3407 Y-152.9074
G1 X16.7741 Y-153.2852
G1 X17.1519 Y-153.6630
G1 X12.8074 Y-153.4111
G1 X13.1852 Y-154.4185
G1 X13.5000 Y-154.6704
G1 X12.8704 Y-155.1111
G1 X12.4296 Y-152.9074
G1 X10.7926 Y-152.2148
G1 X12.8704 Y-152.5926
G1 X15.0741 Y-151.0815
G0 X15.3259 Y-150.5778 F15000.0
G1 X22.4407 Y-151.2074 F12000.0
G1 X15.5778 Y-150.5778
G0 X16.6642 Y-151.1100 F15000.0
G1 X25.0343 Y-159.4800 F12000.0
G0 X23.4532 Y-159.6363 F15000.0
G1 X4.9323 Y-141.1154 F12000.0
G0 X5.0000 Y-142.3889 F15000.0
G1 X174.7481 Y-142.3889 F12000.0
G0 X174.7702 Y-142.7885 F15000.0
G1 X150.3387 Y-152.9083 F12000.0
G0 X149.0593 Y-152.3407 F15000.0
G1 X156.8667 Y-153.6000 F12000.0
G1 X154.3481 Y-152.9074
G1 X148.8074 Y-152.0889
G0 X148.5190 Y-152.4639 F15000.0
G1 X174.8119 Y-141.5730 F12000.0
G0 X174.7200 Y-141.6877 F15000.0
G1 X116.0845 Y-117.4000 F12000.0
G0 X115.9168 Y-118.4630 F15000.0
G1 X174.7850 Y-142.8470 F12000.0
G0 X174.7481 Y-143.7389 F15000.0
G1 X5.0000 Y-143.7389 F12000.0
G0 X5.0000 Y-145.0889 F15000.0
G1 X174.7481 Y-145.0889 F12000.0
G1 X115.1160 Y-120.3962 F12000.0
G0 X115.5164 Y-119.4296 F15000.0
G1 X174.8500 Y-144.0064 F12000.0
G0 X174.7285 Y-144.0040 F15000.0
G1 X153.0892 Y-152.9673 F12000.0
G0 X153.9782 Y-153.7972 F15000.0
G1 X174.6868 Y-145.2194 F12000.0
G0 X174.7882 Y-144.2932 F15000.0
G1 X139.1710 Y-179.9105 F12000.0
G0 X140.0402 Y-177.2180 F15000.0
G1 X140.7525 Y-176.5056 F12000.0
G0 X137.4834 Y-174.3050 F15000.0
G1 X174.7034 Y-137.0850 F12000.0
G1 X118.8494 Y-114.0155 F12000.0
G0 X120.1805 Y-113.4344 F15000.0
G1 X174.8605 Y-136.0836 F12000.0
G0 X174.7481 Y-135.6389 F15000.0
G1 X5.0000 Y-135.6389 F12000.0
G0 X4.9528 Y-135.4477 F15000.0
G1 X33.9808 Y-106.4197 F12000.0
G0 X33.9630 Y-105.9389 F15000.0
G1 X5.0000 Y-105.9389 F12000.0
G0 X4.9696 Y-106.2585 F15000.0
G1 X7.1067 Y-104.1214 F12000.0
G0 X6.7689 Y-104.7301 F15000.0
G1 X48.6191 Y-146.5803 F12000.0
G0 X46.1477 Y-145.8462 F15000.0
G1 X5.7221 Y-105.4206 F12000.0
G0 X5.0000 Y-104.5889 F15000.0
G1 X35.2222 Y-104.5889 F12000.0
G0 X34.9704 Y-103.2389 F15000.0
G1 X26.6593 Y-103.2389 F12000.0
G0 X27.1630 Y-103.9852 F15000.0
G1 X30.0593 Y-106.8815 F12000.0
G1 X27.4148 Y-103.9852
G0 X27.2856 Y-103.9985 F15000.0
G1 X5.0248 Y-126.2593 F12000.0
G1 X174.7481 Y-126.1889 F12000.0
G0 X174.7542 Y-126.0945 F15000.0
G1 X130.4108 Y-170.4379 F12000.0
G0 X129.6429 Y-170.2712 F15000.0
G1 X67.3128 Y-107.9410 F12000.0
G0 X67.3297 Y-107.7130 F15000.0
G1 X4.9995 Y-170.0432 F12000.0
G0 X5.0000 Y-169.3889 F15000.0
G1 X119.8444 Y-169.3889 F12000.0
G0 X119.0889 Y-170.7389 F15000.0
G1 X5.0000 Y-170.7389 F12000.0
G0 X5.0207 Y-171.8453 F15000.0
G1 X69.3098 Y-107.5562 F12000.0
G0 X68.9744 Y-108.1407 F15000.0
G1 X68.9744 Y-145.1630 F12000.0
G0 X68.7323 Y-144.7735 F15000.0
G1 X74.0839 Y-142.5568 F12000.0
G0 X73.8095 Y-143.8687 F15000.0
G1 X70.7847 Y-145.1216 F12000.0
G0 X70.1421 Y-145.1630 F15000.0
G1 X70.1421 Y-108.1407 F12000.0
G0 X70.6529 Y-107.8064 F15000.0
G1 X121.7636 Y-158.9172 F12000.0
G0 X121.1037 Y-160.4000 F15000.0
G1 X125.8889 Y-161.5963 F12000.0
G1 X121.1667 Y-160.5889
G1 X120.8519 Y-160.4000
G0 X121.1037 Y-161.1556 F15000.0
G1 X126.0148 Y-162.3519 F12000.0
G1 X121.3556 Y-161.1556
G0 X123.1883 Y-160.3418 F15000.0
G1 X133.3392 Y-170.4928 F12000.0
G0 X131.6786 Y-170.9934 F15000.0
G1 X174.7754 Y-127.8965 F12000.0
G0 X174.8710 Y-128.1608 F15000.0
G1 X144.6225 Y-115.6314 F12000.0
G0 X145.0229 Y-114.6648 F15000.0
G1 X174.8060 Y-127.0014 F12000.0
G0 X174.8361 Y-126.8589 F15000.0
G1 X151.6849 Y-103.7077 F12000.0
G0 X151.8846 Y-105.1185 F15000.0
G1 X151.8846 Y-155.7407 F12000.0
G0 X150.7169 Y-154.7333 F15000.0
G1 X150.7169 Y-105.1185 F12000.0
G0 X150.2819 Y-104.0421 F15000.0
G1 X174.8578 Y-128.6180 F12000.0
G0 X174.8056 Y-128.3953 F15000.0
G1 X125.2446 Y-148.9241 F12000.0
G0 X124.1590 Y-147.9235 F15000.0
G1 X94.3759 Y-135.5869 F12000.0
G0 X94.4409 Y-136.7463 F15000.0
G1 X104.4462 Y-140.8906 F12000.0
G0 X102.9704 Y-138.4889 F15000.0
G1 X103.2852 Y-141.8889 F12000.0
G1 X102.2778 Y-139.9370
G1 X98.5000 Y-139.8741
G1 X101.7111 Y-140.2519
G1 X102.9704 Y-138.2370
G0 X101.0209 Y-140.6043 F15000.0
G1 X94.9712 Y-138.0984 F12000.0
G0 X94.3382 Y-138.9686 F15000.0
G1 X97.5957 Y-140.3179 F12000.0
G0 X98.4560 Y-140.8490 F15000.0
G1 X174.7753 Y-109.2365 F12000.0
G0 X174.7481 Y-108.6389 F15000.0
G1 X107.7556 Y-108.6389 F12000.0
G0 X108.0649 Y-108.9131 F15000.0
G1 X4.9530 Y-212.0250 F12000.0
G0 X4.9336 Y-212.3485 F15000.0
G1 X9.7419 Y-217.1569 F12000.0
G0 X11.1449 Y-216.8224 F15000.0
G1 X13.6381 Y-219.3156 F12000.0
G0 X14.8629 Y-218.8031 F15000.0
G1 X20.0274 Y-223.9676 F12000.0
G0 X21.0959 Y-225.0361 F15000.0
G1 X24.4796 Y-228.4198 F12000.0
G0 X23.4328 Y-229.1104 F15000.0
G1 X31.6248 Y-237.3023 F12000.0
G0 X31.1926 Y-237.9704 F15000.0
G1 X32.7667 Y-239.6704 F12000.0
G1 X31.1926 Y-238.6000
G1 X29.3667 Y-238.0333
G1 X30.9407 Y-238.2222
G0 X32.3021 Y-239.3741 F15000.0
G1 X18.5895 Y-253.0868 F12000.0
G0 X17.9257 Y-253.1384 F15000.0
G1 X15.7887 Y-251.0014 F12000.0
G0 X16.8354 Y-250.3108 F15000.0
G1 X19.6848 Y-253.1602 F12000.0
G0 X20.3916 Y-253.1080 F15000.0
G1 X109.6127 Y-163.8868 F12000.0
G0 X108.8792 Y-162.7971 F15000.0
G1 X33.1926 Y-238.4837 F12000.0
G0 X34.8086 Y-238.7488 F15000.0
G1 X25.7262 Y-229.6664 F12000.0
G0 X27.1291 Y-229.3320 F15000.0
G1 X34.4306 Y-236.6335 F12000.0
G0 X35.8336 Y-236.2991 F15000.0
G1 X28.3540 Y-228.8195 F12000.0
G0 X27.9185 Y-228.9037 F15000.0
G1 X27.8556 Y-231.5481 F12000.0
G1 X29.4926 Y-232.5556
G1 X28.1704 Y-232.3037
G1 X29.9333 Y-235.3259
G1 X28.2963 Y-234.6963
G1 X27.9185 Y-232.6815
G1 X26.3444 Y-231.5481
G1 X27.6667 Y-229.1556
G0 X26.7512 Y-227.2167 F15000.0
G1 X19.8058 Y-220.2713 F12000.0
G0 X20.6745 Y-219.4026 F15000.0
G1 X19.7841 Y-218.5122 F12000.0
G0 X21.7213 Y-218.7120 F15000.0
G1 X12.2827 Y-209.2735 F12000.0
G0 X11.2359 Y-209.9641 F15000.0
G1 X18.3594 Y-217.0875 F12000.0
G0 X17.3126 Y-217.7781 F15000.0
G1 X9.8330 Y-210.2985 F12000.0
G0 X8.7862 Y-210.9891 F15000.0
G1 X24.6359 Y-226.8388 F12000.0
G0 X22.1259 Y-227.6444 F15000.0
G1 X23.4481 Y-230.1000 F12000.0
G1 X23.4481 Y-231.0444
G1 X23.8889 Y-229.5963
G1 X22.3148 Y-229.6593
G1 X23.8259 Y-228.7148
G1 X25.4000 Y-229.6593
G1 X27.0370 Y-228.3370
G1 X24.0778 Y-231.4222
G1 X26.2815 Y-231.6111
G1 X25.8407 Y-233.3741
G1 X24.7704 Y-232.8704
G1 X23.4481 Y-233.9407
G1 X21.9370 Y-231.8630
G1 X22.8185 Y-231.8630
G1 X21.6852 Y-231.1074
G1 X20.3630 Y-231.1704
G1 X21.2444 Y-230.6037
G1 X19.9222 Y-230.9815
G1 X21.5593 Y-228.8407
G1 X21.8741 Y-227.6444
G0 X21.8300 Y-227.5076 F15000.0
G1 X14.8847 Y-220.5622 F12000.0
G0 X14.5704 Y-223.8667 F15000.0
G1 X13.5000 Y-225.5037 F12000.0
G1 X14.4444 Y-224.8111
G1 X16.1444 Y-228.0222
G1 X12.2407 Y-229.3444
G1 X15.3889 Y-229.2185
G1 X12.4926 Y-231.8000
G1 X12.3037 Y-232.4296
G1 X11.6741 Y-231.8630
G1 X12.8074 Y-232.8074
G1 X11.5481 Y-234.4444
G1 X9.8481 Y-233.7519
G1 X11.5481 Y-230.7296
G1 X8.9037 Y-233.3111
G1 X7.8333 Y-231.6741
G1 X7.3926 Y-234.0037
G1 X8.0222 Y-232.4296
G1 X9.2815 Y-235.2630
G1 X8.5259 Y-235.0741
G1 X9.0296 Y-234.7593
G1 X7.8333 Y-237.5296
G1 X10.6037 Y-236.0185
G1 X8.6519 Y-235.8296
G1 X12.5556 Y-236.4593
G1 X11.2963 Y-236.2074
G1 X11.8630 Y-237.3407
G1 X13.7519 Y-235.5778
G1 X13.3741 Y-236.8370
G1 X14.4444 Y-235.6407
G1 X12.5556 Y-235.2630
G1 X15.4519 Y-234.3185
G1 X15.3259 Y-236.7111
G1 X16.5852 Y-235.7667
G1 X15.3889 Y-235.3889
G1 X17.0259 Y-233.5630
G1 X16.5852 Y-233.7519
G1 X17.0259 Y-234.1296
G1 X15.5148 Y-234.1296
G1 X16.4593 Y-232.0519
G1 X16.7111 Y-230.8556
G1 X18.0333 Y-233.3111
G1 X17.3407 Y-231.1704
G1 X18.1593 Y-231.2963
G1 X17.8444 Y-231.8000
G1 X18.2852 Y-235.0741
G1 X18.9778 Y-231.4222
G1 X18.2222 Y-231.8000
G1 X18.1593 Y-230.5407
G1 X15.7037 Y-230.1630
G1 X16.0185 Y-228.0222
G1 X17.9074 Y-229.0296
G1 X18.2852 Y-227.5185
G1 X16.5222 Y-227.0148
G1 X16.0185 Y-225.9444
G1 X17.1519 Y-224.7481
G1 X18.9778 Y-226.1333
G1 X19.4815 Y-225.6296
G1 X20.5519 Y-226.3222
G1 X20.1111 Y-225.6926
G1 X18.3481 Y-225.0000
G1 X18.6630 Y-224.6852
G1 X16.2074 Y-224.4333
G1 X16.4593 Y-224.0556
G1 X14.6333 Y-224.8741
G1 X14.8222 Y-224.1185
G0 X12.9910 Y-223.8806 F15000.0
G1 X28.1283 Y-239.0179 F12000.0
G0 X28.1704 Y-239.7333 F15000.0
G1 X28.6741 Y-240.3000 F12000.0
G1 X28.6741 Y-241.8111
G1 X29.0519 Y-242.3778
G1 X27.6037 Y-242.1889
G1 X27.0370 Y-240.1741
G1 X28.1704 Y-239.9852
G0 X27.6158 Y-240.2428 F15000.0
G1 X40.4380 Y-253.0650 F12000.0
G0 X40.3924 Y-253.1632 F15000.0
G1 X117.1475 Y-176.4080 F12000.0
G0 X117.6818 Y-175.8738 F15000.0
G1 X118.3942 Y-175.1614 F12000.0
G0 X118.1949 Y-173.5374 F15000.0
G1 X38.5903 Y-253.1420 F12000.0
G0 X38.6789 Y-253.0433 F15000.0
G1 X5.0206 Y-219.3850 F12000.0
G1 X174.7481 Y-219.3389 F12000.0
G0 X174.7672 Y-219.0685 F15000.0
G1 X140.7528 Y-253.0829 F12000.0
G0 X141.2198 Y-253.0799 F15000.0
G1 X129.6442 Y-241.5043 F12000.0
G0 X129.4444 Y-239.5671 F15000.0
G1 X128.3759 Y-238.4986 F12000.0
G0 X127.9037 Y-237.7185 F15000.0
G1 X129.5407 Y-240.0481 F12000.0
G1 X130.1074 Y-238.4111
G1 X130.2963 Y-239.9222
G1 X131.3037 Y-237.8444
G1 X129.3519 Y-237.5926
G1 X129.3519 Y-238.9778
G1 X127.9037 Y-237.4667
G0 X126.5950 Y-236.7177 F15000.0
G1 X119.2935 Y-229.4162 F12000.0
G0 X118.0686 Y-229.9287 F15000.0
G1 X125.9044 Y-237.7645 F12000.0
G0 X124.3778 Y-237.4667 F15000.0
G1 X122.3630 Y-240.1741 F12000.0
G1 X122.9296 Y-239.9222
G1 X121.7963 Y-241.8741
G1 X122.3000 Y-241.2444
G1 X120.9148 Y-241.4963
G1 X121.0407 Y-239.1667
G1 X121.9852 Y-238.5370
G1 X121.0407 Y-239.6074
G1 X122.3000 Y-239.2926
G1 X124.3778 Y-237.2148
G0 X124.5232 Y-239.8580 F15000.0
G1 X105.6461 Y-220.9809 F12000.0
G0 X104.7774 Y-221.8496 F15000.0
G1 X123.4765 Y-240.5486 F12000.0
G0 X122.2516 Y-241.0611 F15000.0
G1 X134.3615 Y-253.1710 F12000.0
G0 X135.1685 Y-253.1974 F15000.0
G1 X146.2098 Y-242.1560 F12000.0
G0 X145.2815 Y-241.2444 F15000.0
G1 X145.6593 Y-242.0000 F12000.0
G1 X145.0926 Y-241.4333
G1 X145.2815 Y-243.8259
G1 X143.8963 Y-244.2667
G1 X143.7074 Y-245.0222
G1 X145.0296 Y-240.9926
G0 X144.4078 Y-242.1348 F15000.0
G1 X143.5173 Y-243.0253 F12000.0
G0 X141.8017 Y-243.2376 F15000.0
G1 X141.0893 Y-242.5252 F12000.0
G0 X140.9330 Y-244.1063 F15000.0
G1 X138.7960 Y-241.9692 F12000.0
G0 X139.8920 Y-241.1808 F15000.0
G1 X127.9602 Y-253.1126 F12000.0
G0 X127.3250 Y-253.0840 F15000.0
G1 X118.7769 Y-244.5359 F12000.0
G0 X117.1959 Y-244.6922 F15000.0
G1 X124.6755 Y-252.1718 F12000.0
G0 X124.3561 Y-253.0702 F15000.0
G1 X137.0002 Y-240.4260 F12000.0
G0 X137.2222 Y-240.4889 F15000.0
G1 X136.4037 Y-241.9370 F12000.0
G1 X138.3556 Y-241.5593
G1 X137.2852 Y-241.2444
G1 X137.4741 Y-240.4889
G0 X137.8906 Y-239.5356 F15000.0
G1 X174.7545 Y-202.6718 F12000.0
G0 X174.7481 Y-203.1389 F15000.0
G1 X5.0000 Y-203.1389 F12000.0
G0 X5.0251 Y-202.8366 F15000.0
G1 X34.5874 Y-173.2743 F12000.0
G0 X34.3881 Y-171.6503 F15000.0
G1 X97.7868 Y-108.2516 F12000.0
G0 X97.6815 Y-107.2889 F15000.0
G1 X5.0000 Y-107.2889 F12000.0
G0 X4.8752 Y-108.0484 F15000.0
G1 X44.5884 Y-147.7617 F12000.0
G0 X45.4571 Y-146.8930 F15000.0
G1 X5.0315 Y-106.4674 F12000.0
G0 X4.9908 Y-108.0605 F15000.0
G1 X8.7307 Y-104.3207 F12000.0
G0 X9.2403 Y-105.4641 F15000.0
G1 X51.0906 Y-147.3144 F12000.0
G0 X51.3407 Y-145.7926 F15000.0
G1 X50.9000 Y-146.8000 F12000.0
G1 X54.4259 Y-147.3037
G1 X50.8370 Y-146.1704
G1 X51.5926 Y-145.7926
G0 X53.0278 Y-147.5142 F15000.0
G1 X10.4652 Y-104.9516 F12000.0
G0 X10.1766 Y-104.6981 F15000.0
G1 X5.0121 Y-109.8626 F12000.0
G0 X5.0000 Y-109.9889 F15000.0
G1 X174.7481 Y-109.9889 F12000.0
G0 X174.7335 Y-110.4520 F15000.0
G1 X100.7411 Y-141.1007 F12000.0
G0 X95.6638 Y-142.0056 F15000.0
G1 X89.3814 Y-144.6078 F12000.0
G0 X87.6584 Y-145.1630 F15000.0
G1 X87.6584 Y-108.1407 F12000.0
G1 X77.1796 Y-112.5175 F12000.0
G0 X78.2770 Y-111.9317 F15000.0
G1 X82.2325 Y-113.5702 F12000.0
G0 X82.4002 Y-112.5072 F15000.0
G1 X75.4198 Y-109.6158 F12000.0
G0 X74.2593 Y-109.7778 F15000.0
G1 X76.8407 Y-111.7296 F12000.0
G1 X79.0444 Y-114.0593
G1 X77.7222 Y-114.6889
G1 X77.4074 Y-113.1148
G1 X78.4148 Y-115.3815
G1 X79.1704 Y-115.1926
G1 X81.7519 Y-119.9778
G1 X85.2778 Y-117.4593
G1 X86.9778 Y-117.3333
G1 X88.4259 Y-114.1852
G1 X89.3074 Y-113.7444
G1 X91.8259 Y-116.2630
G1 X89.7481 Y-113.7444
G1 X88.1741 Y-114.2481
G1 X86.2222 Y-117.2074
G1 X86.2222 Y-115.3815
G1 X85.5296 Y-117.3963
G1 X81.6259 Y-118.7815
G1 X80.3037 Y-117.4593
G1 X79.2333 Y-113.3667
G1 X79.9889 Y-113.0519
G1 X80.4926 Y-113.9963
G1 X77.7222 Y-111.6037
G1 X74.0074 Y-110.0296
G0 X74.0074 Y-109.2741 F15000.0
G1 X72.7481 Y-110.9111 F12000.0
G1 X70.1667 Y-110.1556
G1 X68.7185 Y-110.5333
G1 X73.3148 Y-110.9111
G1 X74.2593 Y-109.2741
G0 X74.8131 Y-107.6370 F15000.0
G1 X74.8131 Y-145.6667 F12000.0
G0 X75.9809 Y-146.1704 F15000.0
G1 X75.9809 Y-107.6370 F12000.0
G0 X75.0398 Y-106.9812 F15000.0
G1 X131.8493 Y-163.7907 F12000.0
G0 X130.6244 Y-164.3032 F15000.0
G1 X73.4588 Y-107.1376 F12000.0
G0 X73.6454 Y-107.6370 F15000.0
G1 X73.6454 Y-146.1704 F12000.0
G0 X72.4776 Y-145.6667 F15000.0
G1 X72.4776 Y-108.1407 F12000.0
G0 X71.3099 Y-107.6370 F15000.0
G1 X71.3099 Y-145.6667 F12000.0
G0 X67.8066 Y-144.6593 F15000.0
G1 X67.8066 Y-108.6444 F12000.0
G0 X68.5376 Y-107.4285 F15000.0
G1 X131.5801 Y-170.4710 F12000.0
G0 X131.5217 Y-172.9735 F15000.0
G1 X174.7966 Y-129.6986 F12000.0
G0 X174.7639 Y-129.6108 F15000.0
G1 X127.5297 Y-149.1758 F12000.0
G0 X127.7520 Y-147.1468 F15000.0
G1 X87.9636 Y-130.6659 F12000.0
G0 X87.7959 Y-131.7289 F15000.0
G1 X125.9555 Y-147.5351 F12000.0
G0 X127.6519 Y-145.2889 F15000.0
G1 X134.0111 Y-147.7444 F12000.0
G1 X130.6111 Y-146.9259
G1 X127.4000 Y-145.0370
G0 X130.9445 Y-147.3368 F15000.0
G1 X87.6659 Y-129.4102 F12000.0
G0 X87.3556 Y-127.4074 F15000.0
G1 X87.1037 Y-128.8556 F12000.0
G1 X89.1185 Y-134.4593
G1 X86.3481 Y-128.1000
G1 X87.1037 Y-127.1556
G0 X83.6454 Y-126.6123 F15000.0
G1 X135.0678 Y-147.9122 F12000.0
G0 X136.3989 Y-147.3311 F15000.0
G1 X83.5804 Y-125.4530 F12000.0
G0 X83.0500 Y-124.1009 F15000.0
G1 X137.4973 Y-146.6537 F12000.0
G0 X139.5915 Y-147.5211 F15000.0
G1 X141.6856 Y-148.3885 F12000.0
G0 X140.8165 Y-149.6633 F15000.0
G1 X174.7879 Y-135.5919 F12000.0
G0 X174.7667 Y-135.4764 F15000.0
G1 X144.3140 Y-105.0236 F12000.0
G0 X144.8781 Y-105.1185 F15000.0
G1 X144.8781 Y-155.2370 F12000.0
G0 X146.0459 Y-155.2370 F15000.0
G1 X146.0459 Y-105.1185 F12000.0
G0 X145.5389 Y-104.5111 F15000.0
G1 X174.7450 Y-133.7172 F12000.0
G1 X127.0310 Y-114.0070 F12000.0
G0 X128.1294 Y-113.3296 F15000.0
G1 X174.6656 Y-132.6055 F12000.0
G0 X174.7481 Y-132.9389 F15000.0
G1 X5.0000 Y-132.9389 F12000.0
G0 X5.0016 Y-132.4979 F15000.0
G1 X21.7417 Y-149.2380 F12000.0
G0 X23.1333 Y-149.0667 F15000.0
G1 X23.0074 Y-150.1370 F12000.0
G1 X24.1407 Y-151.5852
G1 X24.8963 Y-150.2000
G1 X25.4630 Y-151.4593
G1 X25.0852 Y-152.0259
G1 X25.0852 Y-149.5074
G1 X24.4556 Y-149.4444
G1 X25.1481 Y-149.8852
G1 X23.5741 Y-150.4519
G1 X23.3852 Y-149.3185
G0 X23.3445 Y-150.8408 F15000.0
G1 X24.7692 Y-152.2655 F12000.0
G0 X23.9005 Y-153.1342 F15000.0
G1 X5.0234 Y-134.2570 F12000.0
G1 X174.7481 Y-134.2889 F12000.0
G0 X174.8297 Y-134.3764 F15000.0
G1 X137.1354 Y-149.9899 F12000.0
G0 X136.0137 Y-149.2563 F15000.0
G1 X174.8714 Y-133.1609 F12000.0
G0 X174.8390 Y-133.3027 F15000.0
G1 X134.4135 Y-173.7283 F12000.0
G0 X133.6963 Y-174.7889 F15000.0
G1 X174.7481 Y-174.7889 F12000.0
G0 X174.7925 Y-175.2846 F15000.0
G1 X96.9689 Y-253.1082 F12000.0
G0 X97.0004 Y-252.9556 F15000.0
G1 X97.0004 Y-152.4667 F12000.0
G0 X97.0491 Y-151.5762 F15000.0
G1 X107.5562 Y-162.0833 F12000.0
G0 X107.9676 Y-161.8855 F15000.0
G1 X16.7874 Y-253.0656 F12000.0
G0 X16.1666 Y-253.1167 F15000.0
G1 X4.9472 Y-241.8972 F12000.0
G0 X5.0000 Y-242.2889 F15000.0
G1 X174.7481 Y-242.2889 F12000.0
G0 X174.8648 Y-242.6734 F15000.0
G1 X164.3577 Y-253.1805 F12000.0
G0 X163.9102 Y-253.1846 F15000.0
G1 X161.4170 Y-250.6914 F12000.0
G0 X160.1922 Y-251.2039 F15000.0
G1 X161.6168 Y-252.6286 F12000.0
G0 X160.7536 Y-253.1381 F15000.0
G1 X174.8224 Y-239.0693 F12000.0
G0 X174.7481 Y-239.5889 F15000.0
G1 X5.0000 Y-239.5889 F12000.0
G0 X4.9150 Y-239.4122 F15000.0
G1 X32.5183 Y-211.8089 F12000.0
G0 X33.2575 Y-212.8746 F15000.0
G1 X39.3124 Y-218.9295 F12000.0
G0 X40.0247 Y-219.6419 F15000.0
G1 X41.6275 Y-221.2447 F12000.0
G0 X40.5807 Y-221.9353 F15000.0
G1 X39.1561 Y-220.5106 F12000.0
G0 X37.7407 Y-220.0889 F15000.0
G1 X38.4333 Y-222.2296 F12000.0
G1 X37.6778 Y-223.7407
G1 X39.8185 Y-221.2222
G1 X40.6370 Y-221.3481
G1 X40.3852 Y-220.8444
G1 X41.8333 Y-224.1185
G1 X43.1556 Y-223.3000
G1 X43.4704 Y-225.0000
G1 X44.3519 Y-222.9852
G1 X44.1630 Y-226.1963
G1 X44.0370 Y-224.7481
G1 X42.9037 Y-224.1815
G1 X42.5889 Y-223.2370
G1 X41.9593 Y-224.7481
G1 X40.5741 Y-222.7333
G1 X40.3852 Y-223.8667
G1 X39.8185 Y-222.6704
G1 X37.7407 Y-225.6296
G1 X38.5593 Y-225.1889
G1 X38.9370 Y-226.0074
G1 X43.2185 Y-226.7630
G1 X43.6593 Y-226.0074
G1 X42.5889 Y-226.9519
G1 X37.5519 Y-226.8889
G1 X36.6704 Y-224.1815
G1 X37.4889 Y-224.8741
G1 X36.3556 Y-223.3630
G1 X35.1593 Y-225.3778
G1 X35.9148 Y-223.2370
G1 X37.3000 Y-223.2370
G1 X36.9852 Y-222.2296
G1 X38.0556 Y-220.6556
G1 X37.4889 Y-220.0889
G0 X37.7314 Y-219.0859 F15000.0
G1 X32.2107 Y-213.5652 F12000.0
G0 X31.4444 Y-214.5481 F15000.0
G1 X28.9889 Y-217.3815 F12000.0
G1 X28.9259 Y-216.6259
G1 X31.0667 Y-216.5000
G1 X30.5000 Y-216.9407
G1 X31.3185 Y-216.3741
G1 X31.1926 Y-214.8000
G0 X30.6297 Y-213.7215 F15000.0
G1 X66.0688 Y-249.1607 F12000.0
G0 X65.7570 Y-249.6778 F15000.0
G1 X67.5379 Y-247.8970 F12000.0
G0 X67.6498 Y-249.0044 F15000.0
G1 X63.1977 Y-244.5522 F12000.0
G0 X62.2674 Y-244.0511 F15000.0
G1 X56.0344 Y-250.2841 F12000.0
G0 X54.9446 Y-249.5506 F15000.0
G1 X60.9996 Y-243.4957 F12000.0
G0 X60.8826 Y-242.2371 F15000.0
G1 X42.1835 Y-223.5380 F12000.0
G0 X43.7645 Y-223.3817 F15000.0
G1 X62.1074 Y-241.7246 F12000.0
G0 X61.9679 Y-241.3704 F15000.0
G1 X61.9679 Y-238.6000 F12000.0
G0 X60.8001 Y-239.6074 F15000.0
G1 X60.8001 Y-241.8741 F12000.0
G0 X60.1556 Y-241.2444 F15000.0
G1 X63.6185 Y-243.0074 F12000.0
G1 X64.3741 Y-244.1407
G1 X65.0037 Y-243.3222
G1 X63.6185 Y-245.4630
G1 X63.3667 Y-247.4148
G1 X62.2963 Y-246.8481
G1 X62.4852 Y-247.4148
G1 X61.7926 Y-246.4704
G1 X63.5556 Y-248.5481
G1 X65.0037 Y-246.9111
G1 X64.6889 Y-248.1704
G1 X65.1296 Y-248.4222
G1 X60.6593 Y-247.6667
G1 X61.4148 Y-246.3444
G1 X63.9963 Y-244.1407
G1 X60.5333 Y-243.3222
G1 X59.8407 Y-242.2519
G1 X58.7704 Y-244.3926
G1 X59.9667 Y-244.4556
G1 X58.4556 Y-245.3370
G1 X59.4000 Y-246.7222
G1 X60.3444 Y-245.9037
G1 X60.4704 Y-247.1630
G1 X55.9370 Y-244.4556
G1 X56.4407 Y-243.8889
G1 X58.2037 Y-244.2037
G1 X59.6519 Y-242.4407
G1 X60.8481 Y-242.0630
G1 X59.7778 Y-241.5593
G1 X60.1556 Y-240.9926
G0 X62.4243 Y-242.0710 F15000.0
G1 X120.4803 Y-184.0149 F12000.0
G0 X119.3906 Y-183.2813 F15000.0
G1 X49.5808 Y-253.0911 F12000.0
G0 X50.9927 Y-253.1955 F15000.0
G1 X37.2800 Y-239.4829 F12000.0
G0 X37.4451 Y-240.6148 F15000.0
G1 X37.4451 Y-241.8741 F12000.0
G0 X38.6129 Y-242.3778 F15000.0
G1 X38.6129 Y-241.1185 F12000.0
G0 X39.7806 Y-240.6148 F15000.0
G1 X39.7806 Y-243.3852 F12000.0
G0 X38.6129 Y-244.1407 F15000.0
G1 X38.6129 Y-249.4296 F12000.0
G0 X38.4963 Y-250.3111 F15000.0
G1 X38.4333 Y-251.8852 F12000.0
G1 X37.8037 Y-252.9556
G1 X37.4259 Y-251.4444
G1 X38.2444 Y-250.3111
G0 X37.4451 Y-249.4296 F15000.0
G1 X37.4451 Y-247.1630 F12000.0
G0 X39.7806 Y-246.1556 F15000.0
G1 X39.7806 Y-250.9407 F12000.0
G0 X40.9484 Y-251.4444 F15000.0
G1 X40.9484 Y-246.6593 F12000.0
G0 X40.5111 Y-246.5333 F15000.0
G1 X42.8407 Y-247.6667 F12000.0
G1 X41.2037 Y-248.4222
G1 X41.3926 Y-247.8556
G1 X40.5111 Y-246.7852
G0 X42.1161 Y-246.6593 F15000.0
G1 X42.1161 Y-251.4444 F12000.0
G0 X43.2839 Y-251.9481 F15000.0
G1 X43.2839 Y-248.6741 F12000.0
G0 X43.2815 Y-248.2963 F15000.0
G1 X45.2333 Y-250.5000 F12000.0
G1 X44.6037 Y-251.1296
G1 X45.2333 Y-252.0741
G1 X43.2815 Y-252.6407
G1 X40.2593 Y-251.5074
G1 X41.5815 Y-251.6333
G1 X43.0296 Y-248.2963
G0 X43.2839 Y-247.4148 F15000.0
G1 X43.2839 Y-246.1556 F12000.0
G0 X44.4516 Y-246.6593 F15000.0
G1 X44.4516 Y-252.9556 F12000.0
G0 X43.9562 Y-253.1085 F15000.0
G1 X31.3121 Y-240.4644 F12000.0
G0 X29.9092 Y-240.7988 F15000.0
G1 X42.1971 Y-253.0868 F12000.0
G0 X42.1945 Y-253.1844 F15000.0
G1 X117.8811 Y-177.4978 F12000.0
G0 X118.4366 Y-178.7656 F15000.0
G1 X117.3680 Y-179.8341 F12000.0
G0 X116.2995 Y-180.9026 F15000.0
G1 X43.9966 Y-253.2056 F12000.0
G0 X45.7153 Y-253.1303 F15000.0
G1 X33.2493 Y-240.6642 F12000.0
G0 X35.0084 Y-240.6860 F15000.0
G1 X47.2963 Y-252.9739 F12000.0
G0 X47.7788 Y-253.0699 F15000.0
G1 X118.1228 Y-182.7259 F12000.0
G0 X117.0331 Y-181.9923 F15000.0
G1 X45.9767 Y-253.0487 F12000.0
G0 X48.1650 Y-252.1052 F15000.0
G1 X35.6990 Y-239.6392 F12000.0
G0 X38.1487 Y-238.6142 F15000.0
G1 X52.5737 Y-253.0392 F12000.0
G0 X53.1850 Y-253.1335 F15000.0
G1 X54.6097 Y-251.7088 F12000.0
G0 X54.3630 Y-250.5630 F15000.0
G1 X55.1815 Y-251.3185 F12000.0
G1 X54.4889 Y-252.1370
G1 X54.1111 Y-250.5630
G0 X52.8864 Y-249.8771 F15000.0
G1 X43.2697 Y-240.2605 F12000.0
G0 X42.2229 Y-240.9511 F15000.0
G1 X45.2504 Y-243.9785 F12000.0
G0 X46.6751 Y-245.4032 F15000.0
G1 X48.8121 Y-247.5402 F12000.0
G0 X48.8222 Y-247.7926 F15000.0
G1 X48.3185 Y-249.1148 F12000.0
G1 X47.3741 Y-248.8000
G1 X48.4444 Y-250.6889
G1 X47.0593 Y-251.1926
G1 X46.3037 Y-253.0185
G1 X45.8630 Y-252.7667
G1 X46.6185 Y-252.2630
G1 X46.3037 Y-251.1926
G1 X46.6815 Y-250.2481
G1 X47.2481 Y-250.6259
G1 X46.4296 Y-249.2407
G1 X46.1778 Y-249.6185
G1 X48.5704 Y-247.7926
G0 X50.2368 Y-248.9649 F15000.0
G1 X51.8396 Y-250.5677 F12000.0
G0 X51.3407 Y-251.3185 F15000.0
G1 X52.7259 Y-252.6407 F12000.0
G1 X53.6074 Y-252.4519
G1 X50.3963 Y-252.7037
G1 X51.0889 Y-251.3185
G0 X49.5778 Y-250.5630 F15000.0
G1 X48.9481 Y-252.7037 F12000.0
G1 X48.5704 Y-251.6333
G1 X49.3259 Y-250.3111
G0 X51.3829 Y-253.1123 F15000.0
G1 X52.9857 Y-251.5095 F12000.0
G0 X53.0862 Y-251.8143 F15000.0
G1 X54.3328 Y-253.0609 F12000.0
G0 X54.9870 Y-253.1547 F15000.0
G1 X122.6598 Y-185.4820 F12000.0
G0 X123.6222 Y-185.5852 F15000.0
G1 X139.9296 Y-188.1667 F12000.0
G1 X141.0630 Y-188.7963
G1 X134.9556 Y-186.9704
G1 X123.8741 Y-185.5852
G0 X123.9276 Y-186.0375 F15000.0
G1 X56.7891 Y-253.1759 F12000.0
G0 X57.8510 Y-253.1044 F15000.0
G1 X56.7825 Y-252.0359 F12000.0
G0 X58.5912 Y-253.1971 F15000.0
G1 X114.6883 Y-197.1000 F12000.0
G0 X115.4219 Y-198.1897 F15000.0
G1 X60.5713 Y-253.0403 F12000.0
G0 X61.3692 Y-253.1479 F15000.0
G1 X10.6147 Y-202.3934 F12000.0
G0 X10.5407 Y-201.4519 F15000.0
G1 X10.7296 Y-202.9630 F12000.0
G1 X9.1556 Y-202.3963
G1 X9.7852 Y-204.2852
G1 X8.4630 Y-203.1519
G1 X9.5333 Y-202.3963
G1 X10.7926 Y-201.2000
G0 X11.9959 Y-200.2998 F15000.0
G1 X10.9274 Y-199.2313 F12000.0
G0 X9.7025 Y-199.7438 F15000.0
G1 X4.8942 Y-194.9355 F12000.0
G0 X5.0000 Y-195.0389 F15000.0
G1 X174.7481 Y-195.0389 F12000.0
G0 X174.8477 Y-195.2854 F15000.0
G1 X134.4222 Y-235.7110 F12000.0
G0 X135.9630 Y-235.7037 F15000.0
G1 X135.3333 Y-236.8370 F12000.0
G1 X136.4667 Y-237.8444
G1 X135.2704 Y-236.4593
G1 X136.2148 Y-235.7037
G0 X136.7718 Y-234.7329 F15000.0
G1 X130.7168 Y-228.6780 F12000.0
G0 X131.0894 Y-228.1041 F15000.0
G1 X117.1986 Y-241.9948 F12000.0
G0 X117.5086 Y-241.5301 F15000.0
G1 X70.6719 Y-194.6935 F12000.0
G0 X71.3099 Y-194.7778 F15000.0
G1 X71.3099 Y-245.9037 F12000.0
G0 X71.4805 Y-246.1433 F15000.0
G1 X88.4662 Y-253.1790 F12000.0
G0 X88.8261 Y-252.9556 F15000.0
G1 X88.8261 Y-166.5704 F12000.0
G0 X88.8261 Y-164.8074 F15000.0
G1 X88.8261 Y-161.5333 F12000.0
G0 X89.9939 Y-162.5407 F15000.0
G1 X89.9939 Y-252.9556 F12000.0
G0 X89.5825 Y-253.2015 F15000.0
G1 X174.7077 Y-168.0763 F12000.0
G1 X122.8667 Y-168.0389 F12000.0
G0 X122.6258 Y-167.2832 F15000.0
G1 X174.8050 Y-115.1040 F12000.0
G0 X174.7993 Y-115.2176 F15000.0
G1 X106.3912 Y-143.5532 F12000.0
G0 X107.9782 Y-144.0940 F15000.0
G1 X174.7576 Y-116.4331 F12000.0
G0 X174.7056 Y-116.3042 F15000.0
G1 X159.9244 Y-101.5231 F12000.0
G0 X161.4867 Y-101.0732 F15000.0
G1 X106.1019 Y-156.4580 F12000.0
G0 X105.0334 Y-157.5266 F15000.0
G1 X20.7986 Y-241.7613 F12000.0
G0 X21.4698 Y-241.0462 F15000.0
G1 X4.9078 Y-224.4842 F12000.0
G0 X5.0000 Y-224.7389 F15000.0
G1 X174.7481 Y-224.7389 F12000.0
G0 X174.8308 Y-224.4747 F15000.0
G1 X155.4195 Y-243.8861 F12000.0
G0 X154.1729 Y-245.1327 F15000.0
G1 X146.1590 Y-253.1465 F12000.0
G0 X144.7381 Y-253.1234 F15000.0
G1 X132.9844 Y-241.3697 F12000.0
G0 X136.2666 Y-239.3363 F15000.0
G1 X137.8694 Y-237.7335 F12000.0
G0 X138.9852 Y-237.7185 F15000.0
G1 X141.8815 Y-238.2222 F12000.0
G1 X141.8185 Y-239.1037
G1 X140.1185 Y-239.7333
G1 X139.2370 Y-237.9704
G0 X138.9379 Y-236.6650 F15000.0
G1 X150.6916 Y-224.9113 F12000.0
G0 X150.5704 Y-224.1185 F15000.0
G1 X152.5852 Y-226.0704 F12000.0
G1 X150.2556 Y-224.4963
G1 X150.5704 Y-223.8667
G0 X151.0486 Y-222.9493 F15000.0
G1 X150.1582 Y-222.0589 F12000.0
G0 X150.5704 Y-222.3556 F15000.0
G1 X147.4222 Y-223.8037 F12000.0
G1 X147.1704 Y-223.4259
G1 X147.2333 Y-226.7630
G1 X148.5556 Y-225.1889
G1 X148.5556 Y-227.2667
G1 X149.6259 Y-228.0222
G1 X149.6259 Y-231.2963
G1 X150.6963 Y-225.6296
G1 X150.2556 Y-228.2741
G1 X147.9259 Y-224.5593
G1 X147.6741 Y-223.9926
G1 X150.8222 Y-223.3000
G1 X152.3333 Y-224.2444
G1 X152.8370 Y-225.2519
G1 X154.0963 Y-224.7481
G1 X152.4593 Y-224.9370
G1 X150.8222 Y-222.3556
G0 X151.7392 Y-221.9026 F15000.0
G1 X150.4926 Y-220.6560 F12000.0
G0 X150.6489 Y-219.0749 F15000.0
G1 X149.7585 Y-218.1845 F12000.0
G0 X150.0667 Y-217.5704 F15000.0
G1 X145.3444 Y-219.9000 F12000.0
G1 X146.4778 Y-220.5296
G1 X145.7222 Y-222.0407
G1 X144.5889 Y-221.1593
G1 X143.8963 Y-222.0407
G1 X144.5889 Y-221.1593
G1 X146.7296 Y-225.3148
G1 X147.0444 Y-221.9778
G1 X148.1778 Y-222.5444
G1 X149.2481 Y-220.5296
G1 X151.5148 Y-222.0407
G1 X150.0667 Y-220.9704
G1 X149.8148 Y-219.8370
G1 X150.5704 Y-219.4593
G1 X149.2481 Y-218.3889
G1 X151.0741 Y-217.9481
G1 X150.3185 Y-217.5704
G0 X149.0244 Y-215.7131 F15000.0
G1 X152.2299 Y-218.9186 F12000.0
G0 X154.0963 Y-220.8444 F15000.0
G1 X153.7815 Y-222.2926 F12000.0
G1 X156.4889 Y-222.5444
G1 X156.6148 Y-222.0407
G1 X155.6704 Y-222.1037
G1 X155.7963 Y-221.6000
G1 X155.4185 Y-221.9778
G1 X154.8519 Y-221.4111
G1 X155.2926 Y-222.4815
G1 X154.3481 Y-220.8444
G0 X155.0576 Y-220.0089 F15000.0
G1 X147.5780 Y-212.5293 F12000.0
G0 X147.2963 Y-212.5333 F15000.0
G1 X146.9185 Y-214.1074 F12000.0
G1 X145.9741 Y-213.9185
G1 X143.8333 Y-217.1926
G1 X143.0148 Y-214.4852
G1 X140.4333 Y-214.6111
G1 X141.4407 Y-214.5481
G1 X143.8963 Y-217.6333
G1 X143.3296 Y-218.2630
G1 X140.8111 Y-216.1852
G1 X141.9444 Y-220.6556
G1 X139.6148 Y-218.7667
G1 X139.4259 Y-219.1444
G1 X140.7481 Y-220.0889
G1 X141.8185 Y-220.9704
G1 X141.4407 Y-222.1037
G1 X143.5815 Y-220.5926
G1 X142.6370 Y-220.0259
G1 X143.8963 Y-218.5148
G1 X146.9185 Y-216.8148
G1 X146.7926 Y-218.7037
G1 X147.8000 Y-213.9815
G1 X147.0444 Y-212.7852
G0 X145.9969 Y-212.6856 F15000.0
G1 X147.4216 Y-214.1103 F12000.0
G0 X147.0872 Y-215.5132 F15000.0
G1 X144.7721 Y-213.1981 F12000.0
G0 X149.3371 Y-212.5510 F15000.0
G1 X157.7071 Y-220.9211 F12000.0
G0 X158.3778 Y-221.6000 F15000.0
G1 X157.2444 Y-222.6704 F12000.0
G1 X158.7556 Y-223.0481
G1 X157.6222 Y-223.4889
G1 X158.4407 Y-224.7481
G1 X155.1037 Y-223.5519
G1 X154.0963 Y-223.8667
G1 X153.5296 Y-223.3630
G1 X154.7259 Y-226.1963
G1 X157.5593 Y-225.8815
G1 X157.1815 Y-225.3778
G1 X156.3000 Y-225.9444
G1 X156.4259 Y-224.0556
G1 X158.5667 Y-224.5593
G1 X158.2519 Y-221.7259
G1 X159.8889 Y-222.5444
G1 X159.5741 Y-225.0000
G1 X160.2667 Y-226.7630
G1 X158.8185 Y-228.9667
G1 X159.7630 Y-229.0926
G1 X158.2519 Y-229.6593
G1 X158.5667 Y-227.9593
G1 X157.4963 Y-228.2111
G1 X157.4963 Y-227.5815
G1 X156.4889 Y-227.6444
G1 X157.5593 Y-228.1481
G1 X157.6852 Y-229.9741
G1 X157.3074 Y-229.6593
G1 X157.6222 Y-230.7296
G1 X156.8037 Y-231.3593
G1 X155.6074 Y-227.7074
G1 X155.6704 Y-228.3370
G1 X155.1037 Y-227.3926
G1 X152.7741 Y-227.8333
G1 X151.8296 Y-226.7630
G1 X153.4037 Y-228.2741
G1 X154.9148 Y-229.2185
G1 X153.2778 Y-229.5963
G1 X153.7815 Y-228.9037
G1 X153.0259 Y-230.6037
G1 X155.2926 Y-229.4074
G1 X155.2296 Y-232.7444
G1 X156.0481 Y-230.1000
G1 X158.8185 Y-231.6111
G1 X158.0630 Y-230.1000
G1 X159.7630 Y-231.2333
G1 X159.3852 Y-229.5333
G1 X160.4556 Y-228.5259
G1 X161.4000 Y-228.3370
G1 X161.0222 Y-227.0148
G1 X162.9111 Y-226.6370
G1 X162.5963 Y-226.1333
G1 X159.9519 Y-227.6444
G1 X161.2111 Y-226.0074
G1 X159.9519 Y-222.5444
G1 X158.6296 Y-221.6000
G0 X158.8815 Y-219.3333 F15000.0
G1 X160.0148 Y-221.2852 F12000.0
G1 X160.2667 Y-220.1519
G1 X158.6296 Y-219.0815
G0 X157.1511 Y-218.6277 F15000.0
G1 X161.4252 Y-222.9018 F12000.0
G0 X162.2939 Y-222.0331 F15000.0
G1 X164.2528 Y-223.9920 F12000.0
G0 X163.4148 Y-224.3704 F15000.0
G1 X164.6741 Y-225.3148 F12000.0
G1 X166.8148 Y-225.0000
G1 X165.7444 Y-225.8185
G1 X165.3037 Y-228.0222
G1 X164.1704 Y-228.1481
G1 X165.2407 Y-226.2593
G1 X164.5481 Y-225.3778
G1 X163.4778 Y-226.5741
G1 X163.1630 Y-224.1185
G0 X165.1215 Y-223.1233 F15000.0
G1 X163.8749 Y-221.8767 F12000.0
G0 X162.4074 Y-220.8444 F15000.0
G1 X164.7370 Y-223.7407 F12000.0
G1 X163.9185 Y-221.9148
G1 X162.0926 Y-221.7259
G1 X162.1556 Y-220.5926
G0 X161.9159 Y-219.9178 F15000.0
G1 X159.6008 Y-217.6027 F12000.0
G0 X161.5380 Y-217.8025 F15000.0
G1 X172.7574 Y-229.0219 F12000.0
G0 X172.7333 Y-228.6519 F15000.0
G1 X172.5444 Y-230.2259 F12000.0
G1 X174.3704 Y-229.8481
G1 X172.9852 Y-228.6519
G0 X173.2699 Y-227.7971 F15000.0
G1 X163.1190 Y-217.6462 F12000.0
G0 X164.4222 Y-218.5778 F15000.0
G1 X166.9407 Y-221.2222 F12000.0
G1 X166.5000 Y-220.5296
G1 X171.2222 Y-223.6778
G1 X172.1037 Y-225.3778
G1 X171.9778 Y-223.1741
G1 X166.3741 Y-219.3333
G1 X164.4222 Y-218.8296
G0 X165.0562 Y-217.8460 F15000.0
G1 X173.9605 Y-226.7503 F12000.0
G0 X174.7481 Y-227.4389 F15000.0
G1 X5.0000 Y-227.4389 F12000.0
G0 X4.9513 Y-228.0024 F15000.0
G1 X16.7049 Y-239.7561 F12000.0
G0 X16.5852 Y-240.4889 F15000.0
G1 X17.8444 Y-240.8667 F12000.0
G1 X17.4037 Y-241.9370
G1 X18.3481 Y-242.4407
G1 X15.5778 Y-242.3148
G1 X16.3333 Y-240.7407
G0 X16.1924 Y-240.9810 F15000.0
G1 X4.9730 Y-229.7616 F12000.0
G0 X5.0000 Y-230.1389 F15000.0
G1 X174.7481 Y-230.1389 F12000.0
G0 X174.7481 Y-228.7889 F15000.0
G1 X5.0000 Y-228.7889 F12000.0
G0 X4.9658 Y-228.4217 F15000.0
G1 X81.3648 Y-152.0228 F12000.0
G0 X80.5265 Y-152.4272 F15000.0
G1 X35.2926 Y-107.1933 F12000.0
G0 X36.5174 Y-106.6808 F15000.0
G1 X80.8609 Y-151.0243 F12000.0
G0 X82.0983 Y-153.1125 F15000.0
G1 X4.9870 Y-230.2238 F12000.0
G0 X5.0000 Y-230.9185 F15000.0
G1 X6.3852 Y-232.6185 F12000.0
G1 X5.2519 Y-233.3741
G1 X7.2037 Y-232.4296
G1 X5.2519 Y-230.9185
G0 X5.0000 Y-231.4889 F15000.0
G1 X174.7481 Y-231.4889 F12000.0
G0 X174.7376 Y-231.8610 F15000.0
G1 X166.1895 Y-240.4092 F12000.0
G0 X166.4370 Y-240.9389 F15000.0
G1 X174.7481 Y-240.9389 F12000.0
G0 X174.8436 Y-240.8714 F15000.0
G1 X162.5557 Y-253.1593 F12000.0
G0 X160.3920 Y-253.1411 F15000.0
G1 X152.7343 Y-245.4834 F12000.0
G0 X151.6875 Y-246.1740 F15000.0
G1 X156.6739 Y-251.1604 F12000.0
G0 X155.6272 Y-251.8510 F15000.0
G1 X150.2846 Y-246.5084 F12000.0
G0 X149.5722 Y-245.7960 F15000.0
G1 X147.7914 Y-244.0152 F12000.0
G0 X147.2789 Y-245.2400 F15000.0
G1 X148.8816 Y-246.8428 F12000.0
G0 X147.3006 Y-246.9991 F15000.0
G1 X146.5883 Y-246.2868 F12000.0
G0 X146.2889 Y-247.2889 F15000.0
G1 X147.4852 Y-249.8704 F12000.0
G1 X146.9185 Y-248.6111
G1 X146.8556 Y-249.6185
G1 X146.2889 Y-247.5407
G0 X146.2538 Y-247.6897 F15000.0
G1 X145.0072 Y-246.4431 F12000.0
G0 X144.3166 Y-247.4899 F15000.0
G1 X142.8920 Y-246.0652 F12000.0
G0 X141.7365 Y-244.8061 F15000.0
G1 X133.3664 Y-253.1762 F12000.0
G0 X132.6024 Y-253.1492 F15000.0
G1 X120.6706 Y-241.2175 F12000.0
G0 X118.7552 Y-242.7767 F15000.0
G1 X129.0842 Y-253.1057 F12000.0
G0 X129.7623 Y-253.1338 F15000.0
G1 X154.1601 Y-228.7360 F12000.0
G0 X155.4279 Y-229.2914 F15000.0
G1 X131.5643 Y-253.1550 F12000.0
G0 X130.8433 Y-253.1275 F15000.0
G1 X57.6499 Y-179.9341 F12000.0
G0 X57.3154 Y-181.3370 F15000.0
G1 X69.4253 Y-193.4469 F12000.0
G0 X68.9744 Y-193.7704 F15000.0
G1 X68.9744 Y-245.4000 F12000.0
G0 X69.4151 Y-245.1402 F15000.0
G1 X100.8270 Y-232.1289 F12000.0
G0 X100.4672 Y-232.1036 F15000.0
G1 X51.6042 Y-211.8639 F12000.0
G0 X51.2888 Y-211.9093 F15000.0
G1 X102.7113 Y-190.6094 F12000.0
G0 X101.8223 Y-189.7794 F15000.0
G1 X51.0979 Y-210.7901 F12000.0
G0 X51.0739 Y-210.5118 F15000.0
G1 X99.7042 Y-230.6551 F12000.0
G0 X100.1707 Y-231.2026 F15000.0
G1 X68.5261 Y-244.3102 F12000.0
G0 X67.8066 Y-245.4000 F15000.0
G1 X67.8066 Y-185.7111 F12000.0
G0 X66.6389 Y-186.2148 F15000.0
G1 X66.6389 Y-222.2296 F12000.0
G0 X67.4576 Y-221.9868 F15000.0
G1 X96.7754 Y-209.8430 F12000.0
G0 X96.9663 Y-210.9621 F15000.0
G1 X67.8812 Y-223.0096 F12000.0
G0 X67.9191 Y-223.1515 F15000.0
G1 X102.1232 Y-237.3193 F12000.0
G0 X102.4798 Y-237.4354 F15000.0
G1 X71.3006 Y-250.3502 F12000.0
G0 X71.5078 Y-250.6844 F15000.0
G1 X77.5575 Y-253.1903 F12000.0
G0 X77.0232 Y-253.1656 F15000.0
G1 X39.0908 Y-215.2332 F12000.0
G0 X38.5565 Y-214.6990 F15000.0
G1 X36.9538 Y-213.0962 F12000.0
G0 X37.4663 Y-211.8713 F15000.0
G1 X39.2471 Y-213.6522 F12000.0
G0 X40.6501 Y-213.3178 F15000.0
G1 X38.3350 Y-211.0027 F12000.0
G0 X38.8475 Y-209.7778 F15000.0
G1 X42.4092 Y-213.3395 F12000.0
G0 X42.2741 Y-213.7926 F15000.0
G1 X36.2296 Y-215.8074 F12000.0
G1 X37.7407 Y-216.6259
G1 X37.4889 Y-214.7370
G1 X39.9444 Y-216.0593
G1 X42.2741 Y-214.0444
G0 X43.2996 Y-214.2300 F15000.0
G1 X63.7795 Y-234.7099 F12000.0
G0 X62.9108 Y-235.5786 F15000.0
G1 X42.4309 Y-215.0986 F12000.0
G0 X43.0296 Y-216.5630 F15000.0
G1 X41.2037 Y-217.6963 F12000.0
G1 X39.2519 Y-217.5704
G1 X37.6778 Y-218.0741
G1 X35.9778 Y-218.2000
G1 X38.2444 Y-219.5852
G1 X39.6296 Y-218.3889
G1 X40.7000 Y-220.0259
G1 X42.9667 Y-220.2148
G1 X42.0222 Y-219.4593
G1 X42.0222 Y-218.6407
G1 X41.0778 Y-219.7111
G1 X39.5037 Y-217.6963
G1 X41.2037 Y-218.0741
G1 X40.4481 Y-218.2630
G1 X43.2815 Y-216.5630
G0 X44.7926 Y-215.8074 F15000.0
G1 X45.0444 Y-219.0815 F12000.0
G1 X45.6111 Y-218.2000
G1 X45.0444 Y-215.8074
G0 X44.0370 Y-218.3259 F15000.0
G1 X43.8481 Y-221.4111 F12000.0
G1 X43.4074 Y-221.9148
G1 X43.8481 Y-222.2926
G1 X43.4704 Y-222.7333
G1 X44.4148 Y-218.7667
G1 X44.0370 Y-218.5778
G0 X42.8524 Y-220.7322 F15000.0
G1 X34.6604 Y-212.5402 F12000.0
G0 X34.1423 Y-212.0081 F15000.0
G1 X4.9362 Y-241.2143 F12000.0
G0 X5.0000 Y-240.9389 F15000.0
G1 X164.4222 Y-240.9389 F12000.0
G0 X164.2093 Y-240.5660 F15000.0
G1 X151.7433 Y-253.0321 F12000.0
G0 X151.4183 Y-252.8542 F15000.0
G1 X149.4594 Y-250.8953 F12000.0
G0 X150.1500 Y-249.8485 F15000.0
G1 X151.9309 Y-251.6294 F12000.0
G0 X152.9776 Y-250.9388 F15000.0
G1 X151.5529 Y-249.5141 F12000.0
G0 X151.0741 Y-249.8074 F15000.0
G1 X149.3111 Y-251.4444 F12000.0
G1 X148.5556 Y-252.2000
G1 X146.4148 Y-251.0667
G1 X146.2889 Y-252.0111
G1 X145.2185 Y-252.7667
G1 X145.9741 Y-252.3259
G1 X149.3741 Y-252.8926
G1 X149.5000 Y-252.2000
G1 X150.0667 Y-252.2630
G1 X151.0741 Y-250.0593
G0 X148.9469 Y-252.1201 F15000.0
G1 X150.0154 Y-253.1887 F12000.0
G0 X149.7631 Y-253.1890 F15000.0
G1 X173.8047 Y-229.1473 F12000.0
G0 X172.0668 Y-230.0687 F15000.0
G1 X169.7517 Y-227.7536 F12000.0
G0 X168.8830 Y-228.6223 F15000.0
G1 X169.7735 Y-229.5127 F12000.0
G0 X170.4667 Y-228.9037 F15000.0
G1 X168.5778 Y-229.3444 F12000.0
G1 X170.3407 Y-231.6741
G1 X170.7185 Y-228.6519
G0 X168.7267 Y-230.2033 F15000.0
G1 X165.3431 Y-226.8196 F12000.0
G0 X164.6525 Y-227.8664 F15000.0
G1 X170.1731 Y-233.3871 F12000.0
G0 X170.5511 Y-235.5024 F15000.0
G1 X167.8798 Y-232.8311 F12000.0
G0 X167.5454 Y-234.2340 F15000.0
G1 X166.1207 Y-232.8093 F12000.0
G0 X165.4301 Y-233.8561 F15000.0
G1 X166.1424 Y-234.5684 F12000.0
G0 X167.9481 Y-235.9556 F15000.0
G1 X169.0185 Y-236.5222 F12000.0
G1 X168.6407 Y-238.4741
G1 X167.0037 Y-237.5296
G1 X167.9481 Y-236.2074
G0 X170.7509 Y-237.4396 F15000.0
G1 X171.8194 Y-238.5081 F12000.0
G0 X172.5318 Y-239.2204 F15000.0
G1 X173.4222 Y-240.1109 F12000.0
G0 X173.9926 Y-240.2370 F15000.0
G1 X174.4333 Y-240.6148 F12000.0
G1 X172.7333 Y-240.8037
G1 X174.5593 Y-241.5593
G1 X172.1667 Y-241.0556
G1 X174.2444 Y-239.9852
G0 X174.8251 Y-239.7764 F15000.0
G1 X172.6881 Y-237.6394 F12000.0
G0 X174.7481 Y-238.2389 F15000.0
G1 X5.0000 Y-238.2389 F12000.0
G0 X4.9037 Y-238.3790 F15000.0
G1 X7.0407 Y-240.5161 F12000.0
G0 X6.3501 Y-241.5628 F15000.0
G1 X4.9254 Y-240.1381 F12000.0
G0 X4.8937 Y-237.6101 F15000.0
G1 X61.7032 Y-180.8007 F12000.0
G0 X62.0382 Y-178.6424 F15000.0
G1 X5.0506 Y-235.6300 F12000.0
G0 X5.0000 Y-235.5389 F15000.0
G1 X174.7481 Y-235.5389 F12000.0
G0 X174.7800 Y-235.4652 F15000.0
G1 X169.2593 Y-240.9858 F12000.0
G0 X170.1038 Y-242.0046 F15000.0
G1 X174.7341 Y-246.6348 F12000.0
G0 X174.7292 Y-246.4557 F15000.0
G1 X168.1400 Y-253.0449 F12000.0
G0 X169.0095 Y-253.0717 F15000.0
G1 X163.8450 Y-247.9072 F12000.0
G0 X163.1544 Y-248.9540 F15000.0
G1 X167.2503 Y-253.0500 F12000.0
G0 X166.1598 Y-253.2017 F15000.0
G1 X174.7079 Y-244.6536 F12000.0
G0 X174.7123 Y-244.8757 F15000.0
G1 X162.9586 Y-233.1220 F12000.0
G0 X164.0054 Y-232.4314 F15000.0
G1 X163.2930 Y-231.7191 F12000.0
G0 X165.2085 Y-230.1598 F15000.0
G1 X164.1400 Y-229.0913 F12000.0
G0 X160.8341 Y-229.3551 F15000.0
G1 X174.7248 Y-215.4643 F12000.0
G0 X174.6987 Y-215.3270 F15000.0
G1 X172.9179 Y-213.5461 F12000.0
G0 X173.7407 Y-213.7926 F15000.0
G1 X171.9148 Y-214.6111 F12000.0
G1 X173.5519 Y-215.9333
G1 X171.9148 Y-216.9407
G1 X172.2926 Y-218.6407
G1 X168.5148 Y-219.1444
G1 X167.7593 Y-217.2556
G1 X166.3111 Y-218.3889
G1 X166.5630 Y-216.3111
G1 X167.6963 Y-216.6259
G1 X166.1222 Y-216.0593
G1 X166.7519 Y-218.5778
G1 X167.5704 Y-217.8852
G1 X170.4037 Y-220.6556
G1 X172.0407 Y-220.1519
G1 X169.4593 Y-219.3963
G1 X173.3630 Y-219.5222
G1 X174.1815 Y-218.5148
G1 X174.1815 Y-219.7111
G1 X174.3704 Y-216.7519
G1 X172.8593 Y-216.3741
G1 X173.9926 Y-214.0444
G0 X174.7481 Y-213.9389 F15000.0
G1 X5.0000 Y-213.9389 F12000.0
G0 X4.9742 Y-213.8271 F15000.0
G1 X109.5108 Y-109.2905 F12000.0
G0 X108.8409 Y-109.5098 F15000.0
G1 X167.6093 Y-168.2782 F12000.0
G0 X168.1435 Y-168.8125 F15000.0
G1 X169.0340 Y-169.7029 F12000.0
G0 X170.9704 Y-170.9778 F15000.0
G1 X169.8370 Y-172.0481 F12000.0
G1 X170.7815 Y-172.8667
G1 X170.1519 Y-171.5444
G1 X171.2222 Y-170.9778
G0 X171.6835 Y-170.6151 F15000.0
G1 X110.6000 Y-109.5315 F12000.0
G0 X109.8456 Y-110.1556 F15000.0
G1 X109.8456 Y-149.1926 F12000.0
G0 X108.6779 Y-149.1926 F15000.0
G1 X108.6779 Y-110.1556 F12000.0
G0 X108.2593 Y-110.0296 F15000.0
G1 X109.8333 Y-112.4222 F12000.0
G1 X109.4556 Y-113.2407
G1 X109.8333 Y-111.7296
G1 X108.0074 Y-109.7778
G0 X107.5101 Y-110.1556 F15000.0
G1 X107.5101 Y-149.1926 F12000.0
G0 X104.0069 Y-151.4593 F15000.0
G1 X104.0069 Y-152.7185 F12000.0
G0 X104.6415 Y-153.9566 F15000.0
G1 X58.8734 Y-108.1884 F12000.0
G0 X57.1143 Y-108.1667 F15000.0
G1 X97.5398 Y-148.5922 F12000.0
G0 X97.0067 Y-149.1437 F15000.0
G1 X141.8844 Y-104.2660 F12000.0
G0 X141.7556 Y-103.2389 F15000.0
G1 X133.1926 Y-103.2389 F12000.0
G0 X131.6815 Y-102.9778 F15000.0
G1 X128.0296 Y-104.6148 F12000.0
G1 X129.9815 Y-103.2296
G1 X129.6667 Y-104.0481
G1 X130.4852 Y-103.9222
G1 X131.6815 Y-102.7259
G0 X131.8056 Y-105.2285 F15000.0
G1 X89.7772 Y-147.2568 F12000.0
G0 X90.6597 Y-146.9242 F15000.0
G1 X48.6314 Y-104.8959 F12000.0
G0 X49.3259 Y-103.9852 F15000.0
G1 X52.3481 Y-106.0000 F12000.0
G1 X51.2148 Y-106.3778
G1 X50.3333 Y-104.9926
G1 X49.5778 Y-103.9852
G0 X49.4447 Y-103.7187 F15000.0
G1 X4.9231 Y-148.2403 F12000.0
G0 X5.0193 Y-148.1518 F15000.0
G1 X12.3208 Y-155.4534 F12000.0
G0 X8.2466 Y-153.1165 F15000.0
G1 X5.0410 Y-149.9109 F12000.0
G0 X4.9443 Y-150.0423 F15000.0
G1 X50.3563 Y-104.6304 F12000.0
G0 X50.9118 Y-105.8982 F15000.0
G1 X4.9655 Y-151.8444 F12000.0
G1 X174.7481 Y-151.8389 F12000.0
G0 X174.8395 Y-151.9292 F15000.0
G1 X152.9675 Y-142.8695 F12000.0
G0 X151.6364 Y-143.4506 F15000.0
G1 X174.6718 Y-152.9922 F12000.0
G0 X174.8061 Y-152.8894 F15000.0
G1 X130.4627 Y-108.5459 F12000.0
G0 X130.8651 Y-108.6444 F15000.0
G1 X130.8651 Y-155.2370 F12000.0
G0 X129.6974 Y-155.2370 F15000.0
G1 X129.6974 Y-109.1481 F12000.0
G0 X128.8817 Y-108.7023 F15000.0
G1 X174.8279 Y-154.6485 F12000.0
G0 X174.8183 Y-154.7506 F15000.0
G1 X169.0012 Y-157.1601 F12000.0
G0 X166.9489 Y-156.8120 F15000.0
G1 X174.8600 Y-153.5351 F12000.0
G0 X174.7161 Y-153.4817 F15000.0
G1 X140.8798 Y-187.3180 F12000.0
G0 X139.4339 Y-186.9407 F15000.0
G1 X174.8730 Y-151.5015 F12000.0
G0 X174.7108 Y-151.2005 F15000.0
G1 X163.7748 Y-155.7304 F12000.0
G0 X161.9551 Y-155.2859 F15000.0
G1 X174.7525 Y-149.9850 F12000.0
G0 X174.8518 Y-149.6994 F15000.0
G1 X138.1661 Y-186.3852 F12000.0
G0 X137.2222 Y-186.3407 F15000.0
G1 X143.0148 Y-188.4815 F12000.0
G1 X145.4074 Y-192.1333
G1 X142.6370 Y-188.3556
G1 X136.9704 Y-186.0889
G0 X136.8982 Y-185.8297 F15000.0
G1 X174.8306 Y-147.8974 F12000.0
G0 X174.7481 Y-147.7889 F15000.0
G1 X5.0000 Y-147.7889 F12000.0
G0 X5.0000 Y-149.1389 F15000.0
G1 X174.7481 Y-149.1389 F12000.0
G0 X174.7626 Y-149.3712 F15000.0
G1 X133.4467 Y-108.0552 F12000.0
G0 X133.2006 Y-108.6444 F15000.0
G1 X133.2006 Y-155.7407 F12000.0
G0 X132.0329 Y-155.7407 F15000.0
G1 X132.0329 Y-108.6444 F12000.0
G0 X133.1926 Y-108.7704 F15000.0
G1 X132.3111 Y-112.2963 F12000.0
G1 X133.4444 Y-108.9593
G1 X134.5778 Y-109.7148
G1 X134.2000 Y-111.7926
G1 X135.0815 Y-112.5481
G1 X134.2000 Y-108.7704
G1 X133.4444 Y-108.7704
G0 X133.7097 Y-109.4716 F15000.0
G1 X84.1486 Y-130.0004 F12000.0
G0 X83.4923 Y-129.0740 F15000.0
G1 X126.3056 Y-111.3402 F12000.0
G0 X125.4166 Y-110.5102 F15000.0
G1 X52.8202 Y-140.5806 F12000.0
G0 X52.6259 Y-141.1333 F15000.0
G1 X52.6259 Y-108.6444 F12000.0
G0 X51.4581 Y-108.6444 F15000.0
G1 X51.4581 Y-140.6296 F12000.0
G0 X51.8015 Y-138.3362 F15000.0
G1 X27.1374 Y-128.1199 F12000.0
G0 X26.5043 Y-128.9902 F15000.0
G1 X43.4900 Y-136.0259 F12000.0
G0 X42.5259 Y-135.2148 F15000.0
G1 X45.1074 Y-136.6630 F12000.0
G1 X42.6519 Y-136.8519
G1 X44.9185 Y-136.8519
G1 X42.2741 Y-135.2148
G0 X40.9955 Y-136.1251 F15000.0
G1 X25.4059 Y-129.6676 F12000.0
G0 X24.8024 Y-128.2218 F15000.0
G1 X58.3084 Y-114.3432 F12000.0
G0 X59.6628 Y-114.9804 F15000.0
G1 X23.1319 Y-130.1120 F12000.0
G0 X23.6094 Y-130.0560 F15000.0
G1 X36.8722 Y-135.5496 F12000.0
G0 X36.0191 Y-135.5578 F15000.0
G1 X48.8166 Y-130.2569 F12000.0
G0 X49.0741 Y-130.1778 F15000.0
G1 X49.8296 Y-131.0593 F12000.0
G1 X47.8778 Y-132.7593
G1 X47.5000 Y-132.3815
G1 X48.1926 Y-132.6963
G1 X49.2630 Y-131.2481
G1 X49.0741 Y-129.9259
G0 X48.1603 Y-129.3306 F15000.0
G1 X34.4321 Y-135.0170 F12000.0
G0 X33.9419 Y-135.5926 F15000.0
G1 X33.9419 Y-109.1481 F12000.0
G0 X35.1096 Y-109.1481 F15000.0
G1 X35.1096 Y-136.0963 F12000.0
G0 X36.2774 Y-136.6000 F15000.0
G1 X36.2774 Y-108.1407 F12000.0
G0 X37.4451 Y-108.1407 F15000.0
G1 X37.4451 Y-138.1111 F12000.0
G0 X38.6129 Y-137.6074 F15000.0
G1 X38.6129 Y-109.1481 F12000.0
G0 X39.7806 Y-108.6444 F15000.0
G1 X39.7806 Y-137.1037 F12000.0
G0 X39.4259 Y-136.5431 F15000.0
G1 X50.1292 Y-132.1096 F12000.0
G0 X50.8370 Y-132.1926 F15000.0
G1 X50.6481 Y-134.3333 F12000.0
G1 X53.2926 Y-133.2630
G1 X56.6926 Y-136.0963
G1 X56.5037 Y-136.4741
G1 X56.1259 Y-134.7741
G1 X58.7074 Y-135.3407
G1 X57.1333 Y-133.0111
G1 X53.8593 Y-133.6407
G1 X51.0259 Y-133.5778
G1 X50.8370 Y-132.4444
G0 X52.4143 Y-132.3613 F15000.0
G1 X41.0129 Y-137.0839 F12000.0
G0 X40.9484 Y-138.1111 F15000.0
G1 X40.9484 Y-109.1481 F12000.0
G0 X42.1161 Y-108.6444 F15000.0
G1 X42.1161 Y-138.1111 F12000.0
G0 X42.8326 Y-137.5284 F15000.0
G1 X53.3033 Y-133.1913 F12000.0
G0 X52.6000 Y-133.4519 F15000.0
G1 X52.4111 Y-135.0259 F12000.0
G1 X54.8667 Y-136.6000
G1 X54.3000 Y-135.2778
G1 X53.9852 Y-135.9704
G1 X52.8519 Y-134.3333
G1 X53.3556 Y-134.4593
G1 X52.6000 Y-133.7037
G0 X53.3556 Y-136.7259 F15000.0
G1 X52.7889 Y-139.1185 F12000.0
G1 X53.7963 Y-139.3074
G1 X53.0407 Y-138.5519
G1 X53.4185 Y-138.1111
G1 X52.6630 Y-137.9852
G1 X53.3556 Y-136.9778
G0 X52.4346 Y-137.4659 F15000.0
G1 X40.1025 Y-132.3578 F12000.0
G0 X40.5029 Y-131.3912 F15000.0
G1 X46.3199 Y-133.8007 F12000.0
G0 X46.4876 Y-132.7377 F15000.0
G1 X40.6706 Y-130.3282 F12000.0
G0 X41.0710 Y-129.3616 F15000.0
G1 X42.4671 Y-129.9399 F12000.0
G0 X42.8675 Y-128.9733 F15000.0
G1 X12.1536 Y-116.2512 F12000.0
G0 X11.5481 Y-116.8296 F15000.0
G1 X10.2889 Y-120.1037 F12000.0
G1 X8.2111 Y-121.6148
G1 X10.7296 Y-119.5370
G1 X11.2963 Y-116.8296
G0 X12.5475 Y-117.7213 F15000.0
G1 X23.7161 Y-113.0951 F12000.0
G0 X26.6993 Y-113.0576 F15000.0
G1 X13.6691 Y-118.4549 F12000.0
G0 X14.5454 Y-118.3744 F15000.0
G1 X38.7442 Y-128.3978 F12000.0
G0 X38.5765 Y-129.4608 F15000.0
G1 X15.3084 Y-119.8229 F12000.0
G0 X15.1407 Y-120.8858 F15000.0
G1 X25.6113 Y-125.2229 F12000.0
G0 X24.4205 Y-125.9836 F15000.0
G1 X53.9710 Y-113.7434 F12000.0
G0 X51.6859 Y-113.4917 F15000.0
G1 X22.1354 Y-125.7319 F12000.0
G0 X23.5822 Y-125.5149 F15000.0
G1 X14.7403 Y-121.8525 F12000.0
G0 X14.2420 Y-121.8122 F15000.0
G1 X33.5545 Y-113.8127 F12000.0
G0 X31.5021 Y-113.4647 F15000.0
G1 X14.0510 Y-120.6931 F12000.0
G0 X13.6274 Y-119.6704 F15000.0
G1 X30.1477 Y-112.8274 F12000.0
G0 X27.9185 Y-115.5704 F15000.0
G1 X27.6037 Y-120.1037 F12000.0
G1 X26.1556 Y-125.0778
G1 X24.4556 Y-123.2519
G1 X24.2667 Y-125.5185
G1 X18.2222 Y-124.8259
G1 X17.2778 Y-124.2593
G1 X25.6519 Y-126.3370
G1 X25.1481 Y-124.7000
G1 X28.8000 Y-126.4630
G1 X29.1778 Y-125.4556
G1 X28.1704 Y-127.2815
G1 X26.0926 Y-125.0148
G1 X27.0370 Y-123.8185
G1 X27.5407 Y-120.5444
G1 X28.4852 Y-121.1111
G1 X29.2407 Y-118.5926
G1 X27.9815 Y-120.9222
G1 X27.9185 Y-115.8222
G0 X28.7494 Y-116.3307 F15000.0
G1 X32.7050 Y-117.9691 F12000.0
G0 X30.7408 Y-119.4205 F15000.0
G1 X35.1618 Y-121.2517 F12000.0
G0 X34.9941 Y-122.3147 F15000.0
G1 X30.5731 Y-120.4834 F12000.0
G0 X29.3447 Y-118.8422 F15000.0
G1 X25.6218 Y-117.3001 F12000.0
G0 X26.4876 Y-116.5263 F15000.0
G1 X37.8889 Y-121.2489 F12000.0
G0 X39.2201 Y-120.6678 F15000.0
G1 X35.0318 Y-118.9329 F12000.0
G0 X36.1302 Y-118.2555 F15000.0
G1 X44.2741 Y-121.6287 F12000.0
G0 X44.2889 Y-122.6222 F15000.0
G1 X42.5259 Y-124.8889 F12000.0
G1 X42.6519 Y-123.8815
G1 X45.3593 Y-128.7296
G1 X47.3741 Y-128.6667
G1 X48.4444 Y-129.3593
G1 X44.3519 Y-127.1556
G1 X43.2185 Y-125.2037
G1 X44.2259 Y-125.1407
G1 X45.1074 Y-126.1481
G1 X44.5407 Y-122.8741
G0 X43.9897 Y-123.8688 F15000.0
G1 X23.7465 Y-132.2538 F12000.0
G0 X23.9071 Y-131.3117 F15000.0
G1 X28.5607 Y-133.2393 F12000.0
G0 X28.7403 Y-133.7800 F15000.0
G1 X45.2606 Y-126.9370 F12000.0
G0 X46.1496 Y-127.7670 F15000.0
G1 X30.3273 Y-134.3208 F12000.0
G0 X32.3797 Y-134.6689 F15000.0
G1 X47.0386 Y-128.5970 F12000.0
G0 X46.5254 Y-129.3560 F15000.0
G1 X12.3213 Y-115.1882 F12000.0
G0 X11.8000 Y-114.0593 F15000.0
G1 X12.6815 Y-116.8926 F12000.0
G1 X13.8148 Y-116.7667
G1 X12.1778 Y-118.6556
G1 X11.5481 Y-114.0593
G0 X11.5583 Y-113.7397 F15000.0
G1 X35.7571 Y-123.7632 F12000.0
G0 X37.1532 Y-124.3414 F15000.0
G1 X43.2029 Y-126.8473 F12000.0
G0 X42.4398 Y-125.3988 F15000.0
G1 X41.5091 Y-125.0133 F12000.0
G0 X39.8804 Y-124.3386 F15000.0
G1 X38.7169 Y-123.8567 F12000.0
G0 X39.2519 Y-126.6519 F15000.0
G1 X39.3148 Y-129.2333 F12000.0
G1 X39.7556 Y-126.9037
G1 X40.8259 Y-129.2333
G1 X41.5815 Y-128.7926
G1 X40.6370 Y-128.7926
G1 X39.5037 Y-126.6519
G0 X36.7333 Y-128.9185 F15000.0
G1 X36.0407 Y-130.0519 F12000.0
G1 X38.2444 Y-131.5000
G1 X37.6778 Y-132.8222
G1 X39.1889 Y-132.6963
G1 X39.7556 Y-133.6407
G1 X40.7000 Y-132.5704
G1 X42.4630 Y-133.7037
G1 X43.5333 Y-132.4444
G1 X43.8481 Y-135.4037
G1 X45.9259 Y-135.4667
G1 X46.0519 Y-134.9630
G1 X44.4148 Y-132.6333
G1 X41.8963 Y-132.5704
G1 X41.8333 Y-130.7444
G1 X42.5259 Y-130.3037
G1 X40.9519 Y-130.2407
G1 X42.2741 Y-129.6741
G1 X39.5667 Y-133.0741
G1 X38.1185 Y-131.9407
G1 X38.1815 Y-130.9963
G1 X36.7333 Y-129.1704
G0 X37.4781 Y-130.1383 F15000.0
G1 X28.1708 Y-126.2831 F12000.0
G0 X28.0031 Y-127.3461 F15000.0
G1 X37.5430 Y-131.2977 F12000.0
G0 X34.7185 Y-131.6889 F15000.0
G1 X35.0963 Y-133.9556 F12000.0
G1 X35.8519 Y-134.3963
G1 X35.0333 Y-133.2000
G1 X35.7259 Y-132.2556
G1 X34.9074 Y-132.8852
G1 X34.7185 Y-131.9407
G0 X32.7741 Y-135.5926 F15000.0
G1 X32.7741 Y-108.6444 F12000.0
G0 X33.8897 Y-107.5278 F15000.0
G1 X80.0140 Y-153.6521 F12000.0
G0 X83.3449 Y-151.8659 F15000.0
G1 X86.0162 Y-149.1946 F12000.0
G0 X85.5926 Y-148.8148 F15000.0
G1 X82.4444 Y-155.6148 F12000.0
G1 X81.5000 Y-154.3556
G1 X81.8778 Y-152.2778
G1 X81.9407 Y-153.9778
G1 X85.5926 Y-148.5630
G0 X85.8169 Y-147.5706 F15000.0
G1 X127.8452 Y-105.5423 F12000.0
G0 X127.4000 Y-104.5889 F15000.0
G1 X125.8889 Y-104.5889 F12000.0
G0 X126.5774 Y-104.9868 F15000.0
G1 X4.9446 Y-226.6196 F12000.0
G0 X4.9234 Y-224.8176 F15000.0
G1 X124.0630 Y-105.6779 F12000.0
G0 X122.0829 Y-105.8348 F15000.0
G1 X4.9022 Y-223.0155 F12000.0
G0 X4.8860 Y-222.7251 F15000.0
G1 X19.3110 Y-237.1501 F12000.0
G0 X18.3481 Y-235.7037 F15000.0
G1 X17.8444 Y-237.9074 F12000.0
G1 X14.4444 Y-238.1593
G1 X15.3259 Y-239.6704
G1 X15.7667 Y-239.5444
G1 X14.6963 Y-239.2926
G1 X14.8852 Y-237.7815
G1 X16.3333 Y-238.2852
G1 X18.2852 Y-235.8926
G1 X18.0963 Y-235.7037
G0 X21.8741 Y-233.9407 F15000.0
G1 X22.7556 Y-235.2000 F12000.0
G1 X21.7481 Y-235.8926
G1 X22.5037 Y-236.4593
G1 X23.4481 Y-234.4444
G1 X22.1259 Y-233.6889
G0 X21.1185 Y-232.1778 F15000.0
G1 X21.6852 Y-232.8704 F12000.0
G1 X21.7481 Y-234.0037
G1 X22.7556 Y-232.9333
G1 X20.8667 Y-231.9259
G0 X20.8050 Y-229.9573 F15000.0
G1 X26.6819 Y-235.8341 F12000.0
G0 X27.5505 Y-234.9655 F15000.0
G1 X22.2079 Y-229.6229 F12000.0
G0 X26.4074 Y-232.6815 F15000.0
G1 X25.9037 Y-233.6259 F12000.0
G1 X24.7704 Y-235.0741
G1 X26.0296 Y-235.7667
G1 X25.0222 Y-236.2704
G1 X25.6519 Y-236.0185
G1 X31.2556 Y-237.5296
G1 X30.6889 Y-236.5852
G1 X31.8852 Y-235.4519
G1 X29.9963 Y-236.4593
G1 X29.3667 Y-235.7037
G1 X28.9889 Y-236.7111
G1 X27.4778 Y-234.6963
G1 X25.3370 Y-234.5704
G1 X27.9185 Y-234.1296
G1 X27.8556 Y-232.8074
G1 X26.6593 Y-232.6815
G0 X26.3692 Y-238.9962 F15000.0
G1 X4.9988 Y-217.6259 F12000.0
G0 X5.0166 Y-217.4312 F15000.0
G1 X116.3205 Y-106.1274 F12000.0
G0 X116.0667 Y-104.5889 F15000.0
G1 X113.0444 Y-104.5889 F12000.0
G0 X113.5481 Y-103.4815 F15000.0
G1 X106.4333 Y-109.8407 F12000.0
G1 X109.5815 Y-107.5741
G1 X110.2111 Y-107.7000
G1 X109.2667 Y-106.7556
G1 X112.1000 Y-106.3778
G1 X111.8481 Y-105.9370
G1 X112.9815 Y-106.2519
G1 X112.8556 Y-106.7556
G1 X112.6037 Y-105.8741
G1 X112.3519 Y-104.9926
G1 X114.9963 Y-103.6704
G1 X116.1926 Y-104.4259
G1 X114.9963 Y-105.3074
G1 X116.1926 Y-103.6704
G1 X113.8000 Y-103.4815
G0 X111.7852 Y-103.2389 F15000.0
G1 X73.5037 Y-103.2389 F12000.0
G0 X73.5037 Y-101.8889 F15000.0
G1 X89.1185 Y-101.8889 F12000.0
G0 X89.8741 Y-101.8889 F15000.0
G1 X120.8519 Y-101.8889 F12000.0
G0 X122.3630 Y-101.2148 F15000.0
G1 X119.4667 Y-103.3556 F12000.0
G1 X112.4778 Y-102.8519
G1 X104.2926 Y-108.6444
G1 X106.4333 Y-107.1333
G1 X106.8111 Y-107.3222
G1 X106.4333 Y-106.5667
G1 X113.7370 Y-102.6630
G1 X122.9926 Y-101.7185
G1 X122.3630 Y-102.2222
G1 X123.5593 Y-101.4037
G1 X122.6148 Y-101.2148
G0 X122.6148 Y-101.8889 F15000.0
G1 X124.3778 Y-101.8889 F12000.0
G0 X125.1333 Y-97.8389 F15000.0
G1 X113.2963 Y-97.8389 F12000.0
G0 X114.0562 Y-97.4520 F15000.0
G1 X117.4399 Y-94.0684 F12000.0
G0 X116.8222 Y-92.4389 F15000.0
G1 X111.7852 Y-92.4389 F12000.0
G0 X113.1022 Y-92.9362 F15000.0
G1 X109.3624 Y-96.6760 F12000.0
G0 X108.2593 Y-96.9333 F15000.0
G1 X109.6444 Y-96.9963 F12000.0
G1 X107.2519 Y-97.6889
G1 X107.6296 Y-98.6963
G1 X112.7296 Y-99.5148
G1 X110.7148 Y-99.8926
G1 X111.5963 Y-99.0111
G1 X101.3963 Y-98.7593
G1 X103.1593 Y-98.7593
G1 X99.3185 Y-99.0741
G1 X101.5222 Y-97.8148
G1 X105.8037 Y-98.0667
G1 X103.4111 Y-99.0111
G1 X108.0074 Y-96.9333
G0 X107.7384 Y-96.4767 F15000.0
G1 X108.8069 Y-95.4082 F12000.0
G0 X110.0535 Y-94.1616 F15000.0
G1 X110.7658 Y-93.4493 F12000.0
G0 X111.6987 Y-96.1630 F15000.0
G1 X114.0138 Y-93.8479 F12000.0
G0 X115.6378 Y-94.0472 F15000.0
G1 X112.9665 Y-96.7184 F12000.0
G0 X111.2815 Y-96.6815 F15000.0
G1 X117.4519 Y-98.0037 F12000.0
G1 X119.5296 Y-97.3111
G1 X113.0444 Y-97.4370
G1 X110.6519 Y-97.2481
G1 X111.0296 Y-96.6815
G0 X111.5333 Y-99.1889 F15000.0
G1 X104.7333 Y-99.1889 F12000.0
G0 X104.9852 Y-97.8389 F15000.0
G1 X106.2444 Y-97.8389 F12000.0
G0 X105.2240 Y-97.1679 F15000.0
G1 X106.8267 Y-95.5651 F12000.0
G0 X105.2028 Y-95.3658 F15000.0
G1 X104.1342 Y-96.4343 F12000.0
G0 X103.7259 Y-97.8389 F15000.0
G1 X101.9630 Y-97.8389 F12000.0
G0 X101.4417 Y-97.3035 F15000.0
G1 X104.4692 Y-94.2761 F12000.0
G0 X103.3795 Y-93.5425 F15000.0
G1 X99.6397 Y-97.2823 F12000.0
G0 X98.3719 Y-96.7269 F15000.0
G1 X103.1802 Y-91.9186 F12000.0
G0 X102.7185 Y-91.0889 F15000.0
G1 X109.0148 Y-91.0889 F12000.0
G0 X109.7704 Y-89.8815 F15000.0
G1 X107.8815 Y-92.0222 F12000.0
G1 X110.3370 Y-92.8407
G1 X109.9593 Y-91.5185
G1 X111.7222 Y-92.4000
G1 X113.4852 Y-92.0222
G1 X112.2889 Y-91.9593
G1 X109.5185 Y-93.1556
G1 X107.9444 Y-92.6519
G1 X109.7704 Y-89.6296
G0 X109.7704 Y-89.7389 F15000.0
G1 X105.7407 Y-89.7389 F12000.0
G0 X103.7259 Y-89.7389 F15000.0
G1 X90.3778 Y-89.7389 F12000.0
G0 X92.8963 Y-91.0889 F15000.0
G1 X99.6963 Y-91.0889 F12000.0
G0 X99.0418 Y-92.4104 F15000.0
G1 X94.4116 Y-97.0406 F12000.0
G0 X95.9185 Y-96.4296 F15000.0
G1 X91.4481 Y-97.5000 F12000.0
G1 X97.6815 Y-97.0593
G1 X94.8481 Y-99.0741
G1 X91.8889 Y-98.5704
G1 X95.0370 Y-99.0741
G1 X97.6815 Y-96.6185
G1 X96.1704 Y-96.4296
G0 X97.1041 Y-96.1714 F15000.0
G1 X100.6658 Y-92.6097 F12000.0
G0 X97.0616 Y-92.5673 F15000.0
G1 X92.7876 Y-96.8413 F12000.0
G0 X90.6296 Y-95.1389 F15000.0
G1 X5.0000 Y-95.1389 F12000.0
G0 X5.0000 Y-93.7889 F15000.0
G1 X91.3852 Y-93.7889 F12000.0
G0 X94.4074 Y-92.4389 F15000.0
G1 X87.6074 Y-92.4389 F12000.0
G0 X85.8444 Y-92.4389 F15000.0
G1 X5.0000 Y-92.4389 F12000.0
G0 X5.0000 Y-91.0889 F15000.0
G1 X86.0963 Y-91.0889 F12000.0
G0 X86.6000 Y-89.7389 F15000.0
G1 X5.0000 Y-89.7389 F12000.0
G0 X5.7556 Y-90.6370 F15000.0
G1 X5.4407 Y-92.0222 F12000.0
G1 X7.5815 Y-93.5963
G1 X9.5333 Y-92.7778
G1 X5.8815 Y-91.8333
G1 X6.9519 Y-90.9519
G1 X7.7704 Y-91.8963
G1 X6.0074 Y-90.8889
G0 X5.0000 Y-88.3889 F15000.0
G1 X12.0519 Y-88.3889 F12000.0
G0 X13.3111 Y-88.3889 F15000.0
G1 X31.9481 Y-88.3889 F12000.0
G0 X30.4370 Y-87.0389 F15000.0
G1 X14.3185 Y-87.0389 F12000.0
G0 X14.3185 Y-85.6889 F15000.0
G1 X31.4444 Y-85.6889 F12000.0
G0 X29.0537 Y-85.8210 F15000.0
G1 X24.7796 Y-90.0950 F12000.0
G0 X26.0474 Y-90.6505 F15000.0
G1 X27.1159 Y-89.5820 F12000.0
G0 X28.5406 Y-88.1573 F15000.0
G1 X29.2530 Y-87.4449 F12000.0
G0 X27.9640 Y-85.0874 F15000.0
G1 X24.4022 Y-88.6491 F12000.0
G0 X22.7783 Y-88.4498 F15000.0
G1 X31.6826 Y-79.5455 F12000.0
G0 X29.8805 Y-79.5243 F15000.0
G1 X21.3324 Y-88.0725 F12000.0
G0 X22.2053 Y-87.1566 F15000.0
G1 X13.8353 Y-78.7866 F12000.0
G0 X12.4323 Y-79.1210 F15000.0
G1 X20.4462 Y-87.1349 F12000.0
G0 X23.6082 Y-86.8222 F15000.0
G1 X15.7725 Y-78.9864 F12000.0
G0 X16.5325 Y-78.2862 F15000.0
G1 X10.6556 Y-84.1630 F12000.0
G0 X11.2510 Y-83.1517 F15000.0
G1 X8.4016 Y-80.3023 F12000.0
G0 X9.6264 Y-79.7898 F15000.0
G1 X12.1196 Y-82.2830 F12000.0
G0 X12.4577 Y-84.1842 F15000.0
G1 X17.8003 Y-78.8416 F12000.0
G0 X19.4243 Y-79.0409 F15000.0
G1 X14.0817 Y-84.3835 F12000.0
G0 X12.8074 Y-84.5926 F15000.0
G1 X17.2148 Y-87.0481 F12000.0
G1 X12.4926 Y-84.9074
G1 X11.2333 Y-87.6778
G1 X12.5556 Y-84.5926
G0 X11.8000 Y-85.6889 F15000.0
G1 X5.0000 Y-85.6889 F12000.0
G0 X5.0000 Y-87.0389 F15000.0
G1 X11.8000 Y-87.0389 F12000.0
G0 X14.8152 Y-85.4732 F15000.0
G1 X21.2263 Y-79.0621 F12000.0
G0 X21.2496 Y-80.9888 F15000.0
G1 X24.8113 Y-84.5506 F12000.0
G0 X23.9427 Y-85.4192 F15000.0
G1 X19.4905 Y-80.9671 F12000.0
G0 X22.8306 Y-80.8325 F15000.0
G1 X25.8581 Y-83.8600 F12000.0
G0 X27.4391 Y-83.7036 F15000.0
G1 X24.0555 Y-80.3200 F12000.0
G0 X25.9927 Y-80.5198 F15000.0
G1 X28.8421 Y-83.3692 F12000.0
G0 X31.7250 Y-83.1497 F15000.0
G1 X35.9990 Y-78.8756 F12000.0
G0 X34.9704 Y-77.5889 F15000.0
G1 X32.7037 Y-77.5889 F12000.0
G0 X34.2148 Y-76.7852 F15000.0
G1 X28.1704 Y-78.5481 F12000.0
G1 X26.1556 Y-77.7926
G1 X30.8148 Y-78.3593
G1 X30.9407 Y-77.6037
G1 X33.0185 Y-78.6741
G1 X34.4667 Y-76.8481
G1 X37.3630 Y-77.8556
G1 X38.1185 Y-77.4778
G1 X34.4667 Y-77.0370
G0 X34.3327 Y-75.0722 F15000.0
G1 X35.0450 Y-74.3598 F12000.0
G0 X34.4895 Y-73.0920 F15000.0
G1 X32.5306 Y-75.0510 F12000.0
G0 X30.7285 Y-75.0298 F15000.0
G1 X33.0436 Y-72.7146 F12000.0
G0 X33.4593 Y-71.7481 F15000.0
G1 X32.6407 Y-72.8815 F12000.0
G1 X34.5926 Y-72.5037
G1 X34.5926 Y-75.1481
G1 X11.1704 Y-74.0148
G1 X5.4407 Y-73.3852
G1 X21.1185 Y-74.8963
G1 X36.4185 Y-74.7704
G1 X38.3704 Y-75.3370
G1 X40.6370 Y-74.3926
G1 X37.3630 Y-75.3370
G1 X35.8519 Y-73.4481
G1 X39.1889 Y-74.0778
G1 X36.5444 Y-74.0148
G1 X35.4111 Y-74.7074
G1 X34.4037 Y-72.3148
G1 X33.7111 Y-71.7481
G0 X33.2005 Y-70.7345 F15000.0
G1 X33.9129 Y-70.0221 F12000.0
G0 X32.4519 Y-70.9926 F15000.0
G1 X31.0037 Y-72.5037 F12000.0
G1 X32.4519 Y-73.3852
G1 X30.9407 Y-71.7481
G1 X32.4519 Y-71.2444
G0 X32.3101 Y-71.6249 F15000.0
G1 X29.1045 Y-74.8305 F12000.0
G0 X27.4805 Y-74.6312 F15000.0
G1 X32.1108 Y-70.0009 F12000.0
G0 X29.7533 Y-68.7119 F15000.0
G1 X24.2326 Y-74.2326 F12000.0
G0 X23.1333 Y-74.8889 F15000.0
G1 X18.3481 Y-74.8889 F12000.0
G0 X18.6483 Y-74.3471 F15000.0
G1 X22.5662 Y-70.4292 F12000.0
G0 X21.2984 Y-69.8737 F15000.0
G1 X16.8462 Y-74.3258 F12000.0
G0 X15.5784 Y-73.7704 F15000.0
G1 X19.8525 Y-69.4963 F12000.0
G0 X18.5847 Y-68.9408 F15000.0
G1 X13.7763 Y-73.7492 F12000.0
G0 X13.5919 Y-73.3311 F15000.0
G1 X11.9891 Y-71.7284 F12000.0
G0 X10.4081 Y-71.8847 F15000.0
G1 X12.3671 Y-73.8436 F12000.0
G0 X11.6181 Y-74.0841 F15000.0
G1 X15.1798 Y-70.5224 F12000.0
G0 X13.9120 Y-69.9670 F15000.0
G1 X10.5284 Y-73.3506 F12000.0
G0 X9.5333 Y-73.5389 F15000.0
G1 X36.2296 Y-73.5389 F12000.0
G0 X34.9704 Y-72.1889 F15000.0
G1 X5.0000 Y-72.1889 F12000.0
G0 X5.0000 Y-70.8389 F15000.0
G1 X42.2741 Y-70.8389 F12000.0
G0 X44.5407 Y-69.4889 F15000.0
G1 X5.0000 Y-69.4889 F12000.0
G0 X5.0000 Y-68.1389 F15000.0
G1 X27.6667 Y-68.1389 F12000.0
G0 X27.2388 Y-69.4031 F15000.0
G1 X22.0743 Y-74.5676 F12000.0
G0 X20.0942 Y-74.7244 F15000.0
G1 X24.5463 Y-70.2723 F12000.0
G0 X23.8889 Y-69.4815 F15000.0
G1 X27.4148 Y-71.1185 F12000.0
G1 X27.9185 Y-70.6778
G1 X23.6370 Y-69.2296
G0 X23.1333 Y-66.7889 F15000.0
G1 X24.3926 Y-66.7889 F12000.0
G0 X20.3630 Y-66.7889 F15000.0
G1 X17.3407 Y-66.7889 F12000.0
G0 X18.5635 Y-67.1388 F15000.0
G1 X17.4950 Y-68.2073 F12000.0
G0 X13.3111 Y-67.9704 F15000.0
G1 X12.7444 Y-69.4185 F12000.0
G1 X16.3333 Y-70.3000
G1 X15.1370 Y-69.2296
G1 X16.0815 Y-70.6778
G1 X13.6889 Y-70.4889
G1 X13.3111 Y-71.3074
G1 X11.1074 Y-70.1741
G1 X12.8704 Y-69.9222
G1 X11.6111 Y-69.0407
G1 X13.3111 Y-67.7185
G0 X5.9342 Y-65.6734 F15000.0
G1 X5.0438 Y-64.7830 F12000.0
G0 X4.9525 Y-58.8704 F15000.0
G1 X28.1037 Y-35.7192 F12000.0
G0 X26.8519 Y-36.2076 F15000.0
G1 X43.7701 Y-53.1258 F12000.0
G0 X42.5452 Y-53.6383 F15000.0
G1 X24.9147 Y-36.0078 F12000.0
G0 X25.2119 Y-34.9645 F15000.0
G1 X4.9101 Y-55.2663 F12000.0
G0 X5.0000 Y-54.6389 F15000.0
G1 X52.3481 Y-54.6389 F12000.0
G0 X57.3852 Y-55.6296 F15000.0
G1 X57.1963 Y-57.0148 F12000.0
G1 X60.2815 Y-60.9815
G1 X61.0370 Y-60.9815
G1 X61.4778 Y-60.0370
G1 X57.8889 Y-56.1963
G1 X58.1407 Y-57.3296
G1 X57.0074 Y-56.4481
G1 X57.3852 Y-55.8815
G0 X58.7517 Y-52.4764 F15000.0
G1 X61.9572 Y-49.2709 F12000.0
G0 X61.4958 Y-50.0032 F15000.0
G1 X63.4547 Y-51.9621 F12000.0
G0 X63.3819 Y-47.8462 F15000.0
G1 X71.7519 Y-39.4761 F12000.0
G0 X73.7321 Y-39.3193 F15000.0
G1 X86.3762 Y-26.6751 F12000.0
G0 X86.7093 Y-26.5705 F15000.0
G1 X90.6272 Y-30.4884 F12000.0
G0 X91.8520 Y-29.9759 F15000.0
G1 X88.4684 Y-26.5923 F12000.0
G0 X88.1783 Y-26.6964 F15000.0
G1 X79.2740 Y-35.6007 F12000.0
G0 X80.8980 Y-35.8000 F15000.0
G1 X89.9804 Y-26.7176 F12000.0
G0 X92.3926 Y-28.6815 F15000.0
G1 X92.0778 Y-31.3259 F12000.0
G1 X90.1259 Y-29.7519
G1 X90.9444 Y-33.5296
G1 X91.0704 Y-31.9556
G1 X94.0926 Y-31.1370
G1 X92.6444 Y-28.9333
G0 X94.4961 Y-27.6716 F15000.0
G1 X88.0850 Y-34.0827 F12000.0
G0 X88.8186 Y-35.1724 F15000.0
G1 X91.8460 Y-32.1450 F12000.0
G0 X90.6489 Y-32.2476 F15000.0
G1 X84.9501 Y-26.5488 F12000.0
G0 X84.8370 Y-26.6667 F15000.0
G1 X89.1815 Y-26.8556 F12000.0
G1 X85.0889 Y-26.9185
G0 X84.5742 Y-26.6539 F15000.0
G1 X73.7109 Y-37.5172 F12000.0
G0 X73.0000 Y-37.2444 F15000.0
G1 X74.7000 Y-41.0222 F12000.0
G1 X73.9444 Y-42.2815
G1 X73.3148 Y-40.7704
G1 X72.9370 Y-42.9111
G1 X72.0556 Y-42.2815
G1 X73.1259 Y-42.8481
G1 X71.4259 Y-39.7000
G1 X72.1185 Y-40.0148
G1 X70.6074 Y-38.6296
G1 X68.2778 Y-40.4556
G1 X66.5778 Y-39.1963
G1 X66.7667 Y-40.1407
G1 X66.7667 Y-39.0074
G1 X68.3407 Y-40.0778
G1 X71.9296 Y-38.4407
G1 X72.4963 Y-40.8963
G1 X71.9926 Y-41.3370
G1 X73.4407 Y-40.4556
G1 X74.3852 Y-42.3444
G1 X74.7630 Y-41.0222
G1 X73.1889 Y-38.8185
G1 X73.5037 Y-37.9370
G1 X72.7481 Y-36.9926
G0 X73.0000 Y-37.0889 F15000.0
G1 X174.7481 Y-37.0889 F12000.0
G0 X174.7836 Y-36.7246 F15000.0
G1 X161.0710 Y-50.4373 F12000.0
G0 X161.5653 Y-49.3057 F15000.0
G1 X138.9483 Y-26.6888 F12000.0
G0 X139.3485 Y-26.5778 F15000.0
G1 X105.1560 Y-60.7703 F12000.0
G0 X106.2444 Y-61.1704 F15000.0
G1 X105.4259 Y-62.9963 F12000.0
G1 X103.2222 Y-63.5000
G1 X102.2148 Y-62.1778
G1 X101.4593 Y-63.5000
G1 X102.0259 Y-65.0741
G1 X100.3259 Y-64.1296
G1 X102.7185 Y-66.2074
G1 X101.3963 Y-66.9630
G1 X99.0667 Y-64.2556
G1 X99.7593 Y-66.2704
G1 X98.2481 Y-65.3259
G1 X98.8148 Y-66.8370
G1 X97.8074 Y-66.0815
G1 X98.7519 Y-67.4667
G1 X97.8074 Y-67.9704
G1 X96.7370 Y-66.8370
G1 X96.6111 Y-65.5778
G1 X84.0185 Y-68.5370
G1 X84.1444 Y-65.8296
G1 X82.8222 Y-66.9630
G1 X81.3111 Y-66.4593
G1 X80.4296 Y-67.0259
G1 X77.2185 Y-65.5778
G1 X78.6667 Y-66.9000
G1 X78.4778 Y-67.2778
G1 X79.1074 Y-66.9630
G1 X82.8852 Y-67.7815
G1 X84.7111 Y-66.0815
G1 X84.3333 Y-68.6630
G1 X87.2926 Y-67.9074
G1 X87.4815 Y-69.2926
G1 X86.6630 Y-68.6630
G1 X87.6704 Y-69.6074
G1 X89.7481 Y-69.1037
G1 X88.0481 Y-69.2296
G1 X89.1815 Y-67.7185
G1 X95.3519 Y-67.8444
G1 X93.1481 Y-69.2296
G1 X98.6889 Y-67.7185
G1 X100.6407 Y-66.3963
G1 X102.9704 Y-65.8926
G1 X102.3407 Y-64.8222
G1 X103.9778 Y-64.9481
G1 X105.8667 Y-64.1296
G1 X104.1037 Y-63.7519
G1 X105.3630 Y-61.8000
G1 X106.9370 Y-63.6259
G1 X106.1815 Y-61.5481
G1 X107.5667 Y-61.7370
G1 X106.4963 Y-61.1704
G0 X103.7259 Y-61.3889 F15000.0
G1 X122.1111 Y-61.3889 F12000.0
G0 X122.1111 Y-62.7389 F15000.0
G1 X101.7111 Y-62.7389 F12000.0
G0 X101.9630 Y-64.0889 F15000.0
G1 X130.6741 Y-64.0889 F12000.0
G0 X130.2281 Y-63.0474 F15000.0
G1 X111.8852 Y-81.3903 F12000.0
G0 X114.2215 Y-80.8772 F15000.0
G1 X129.5369 Y-65.5618 F12000.0
G0 X130.1704 Y-65.4389 F15000.0
G1 X102.2148 Y-65.4389 F12000.0
G0 X102.5059 Y-65.2437 F15000.0
G1 X103.7525 Y-63.9971 F12000.0
G0 X104.8422 Y-64.7306 F15000.0
G1 X103.4176 Y-66.1553 F12000.0
G0 X100.9556 Y-66.7889 F15000.0
G1 X98.9407 Y-66.7889 F12000.0
G0 X95.6962 Y-68.4068 F15000.0
G1 X76.9972 Y-87.1059 F12000.0
G0 X74.6609 Y-87.6189 F15000.0
G1 X93.1818 Y-69.0980 F12000.0
G0 X91.8889 Y-67.7185 F15000.0
G1 X93.5259 Y-67.9704 F12000.0
G1 X91.5741 Y-69.4185
G1 X93.0222 Y-67.9074
G1 X91.6370 Y-67.7185
G0 X91.2017 Y-69.2549 F15000.0
G1 X72.5026 Y-87.9539 F12000.0
G0 X69.9882 Y-88.6450 F15000.0
G1 X89.2215 Y-69.4117 F12000.0
G0 X87.4194 Y-69.3905 F15000.0
G1 X68.3642 Y-88.4457 F12000.0
G0 X68.1649 Y-86.8218 F15000.0
G1 X85.7955 Y-69.1912 F12000.0
G0 X85.5926 Y-68.1389 F15000.0
G1 X174.7481 Y-68.1389 F12000.0
G0 X174.7879 Y-67.7159 F15000.0
G1 X174.0756 Y-68.4283 F12000.0
G0 X174.7481 Y-66.7889 F15000.0
G1 X139.7407 Y-66.7889 F12000.0
G0 X140.0144 Y-67.8473 F15000.0
G1 X127.7264 Y-80.1352 F12000.0
G0 X130.4189 Y-79.2660 F15000.0
G1 X142.5288 Y-67.1561 F12000.0
G0 X144.8651 Y-66.6431 F15000.0
G1 X135.4266 Y-76.0817 F12000.0
G0 X135.9630 Y-76.2389 F15000.0
G1 X64.9407 Y-76.2389 F12000.0
G0 X65.8794 Y-76.3443 F15000.0
G1 X75.3180 Y-66.9058 F12000.0
G0 X73.6940 Y-66.7065 F15000.0
G1 X65.8582 Y-74.5423 F12000.0
G0 X66.7037 Y-74.2667 F15000.0
G1 X63.2407 Y-74.8963 F12000.0
G1 X66.9556 Y-74.2667
G0 X67.1473 Y-76.8998 F15000.0
G1 X77.8324 Y-66.2146 F12000.0
G0 X77.2815 Y-66.4593 F15000.0
G1 X76.0222 Y-68.0963 F12000.0
G1 X74.5111 Y-67.3407
G1 X76.0222 Y-68.0333
G1 X77.0296 Y-66.4593
G0 X78.9221 Y-66.9482 F15000.0
G1 X67.8808 Y-77.9895 F12000.0
G0 X66.7037 Y-77.5889 F15000.0
G1 X134.7037 Y-77.5889 F12000.0
G0 X134.5361 Y-76.9721 F15000.0
G1 X133.6457 Y-77.8625 F12000.0
G0 X135.2074 Y-78.0444 F15000.0
G1 X130.3593 Y-80.4370 F12000.0
G1 X134.8296 Y-79.3667
G1 X130.5481 Y-81.6963
G1 X129.6037 Y-83.6481
G1 X130.9889 Y-83.5852
G1 X131.7444 Y-81.0667
G1 X134.8296 Y-79.8074
G1 X135.2074 Y-78.2963
G0 X135.9630 Y-78.9389 F15000.0
G1 X64.6889 Y-78.9389 F12000.0
G0 X65.4444 Y-78.5481 F15000.0
G1 X64.3111 Y-78.7370 F12000.0
G1 X68.0889 Y-80.0593
G1 X65.6963 Y-78.5481
G0 X64.1852 Y-80.2889 F15000.0
G1 X134.4519 Y-80.2889 F12000.0
G0 X136.2449 Y-84.3797 F15000.0
G1 X143.1903 Y-77.4343 F12000.0
G0 X144.2800 Y-78.1678 F15000.0
G1 X137.8689 Y-84.5789 F12000.0
G0 X136.4667 Y-91.0889 F15000.0
G1 X123.3704 Y-91.0889 F12000.0
G0 X123.6222 Y-92.4389 F15000.0
G1 X126.6444 Y-92.4389 F12000.0
G0 X126.8064 Y-93.8182 F15000.0
G1 X123.0666 Y-97.5580 F12000.0
G0 X121.6207 Y-97.1806 F15000.0
G1 X123.9358 Y-94.8655 F12000.0
G0 X122.6680 Y-94.3101 F15000.0
G1 X119.4624 Y-97.5156 F12000.0
G0 X117.6604 Y-97.4944 F15000.0
G1 X121.2221 Y-93.9327 F12000.0
G0 X121.1037 Y-92.4389 F15000.0
G1 X118.3333 Y-92.4389 F12000.0
G0 X119.5981 Y-93.7334 F15000.0
G1 X115.8583 Y-97.4732 F12000.0
G0 X116.8222 Y-98.9481 F15000.0
G1 X111.1556 Y-100.5852 F12000.0
G1 X114.1778 Y-101.7815
G1 X112.8556 Y-101.4037
G1 X114.7444 Y-100.9630
G1 X113.6111 Y-100.5852
G1 X117.0741 Y-98.9481
G0 X113.5481 Y-99.1889 F15000.0
G1 X153.8444 Y-99.1889 F12000.0
G0 X153.5660 Y-101.7008 F15000.0
G1 X5.0422 Y-250.2246 F12000.0
G0 X5.0000 Y-250.3889 F15000.0
G1 X174.7481 Y-250.3889 F12000.0
G0 X174.2373 Y-250.5941 F15000.0
G1 X171.7441 Y-253.0873 F12000.0
G0 X172.5277 Y-253.1152 F15000.0
G1 X165.9385 Y-246.5260 F12000.0
G0 X166.6291 Y-245.4793 F15000.0
G1 X167.6976 Y-246.5478 F12000.0
G0 X168.4099 Y-247.2601 F15000.0
G1 X173.7525 Y-252.6027 F12000.0
G0 X173.5462 Y-253.1085 F15000.0
G1 X174.7928 Y-251.8619 F12000.0
G1 X173.9089 Y-251.0217 F12000.0
G0 X174.7481 Y-251.7389 F15000.0
G1 X5.0000 Y-251.7389 F12000.0
G0 X4.8853 Y-252.2048 F15000.0
G1 X155.9024 Y-101.1877 F12000.0
G0 X154.8252 Y-101.6359 F15000.0
G1 X174.7708 Y-121.5815 F12000.0
G0 X174.7481 Y-122.1389 F15000.0
G1 X5.0000 Y-122.1389 F12000.0
G1 X37.1047 Y-154.1768 F12000.0
G0 X37.9734 Y-153.3082 F15000.0
G1 X5.0274 Y-120.3622 F12000.0
G0 X5.0000 Y-120.7889 F15000.0
G1 X174.7481 Y-120.7889 F12000.0
G0 X174.8687 Y-120.5102 F15000.0
G1 X126.0731 Y-169.3058 F12000.0
G0 X125.8889 Y-169.3889 F15000.0
G1 X174.7481 Y-169.3889 F12000.0
G0 X174.7289 Y-169.8784 F15000.0
G1 X91.5627 Y-253.0446 F12000.0
G0 X90.9180 Y-253.1615 F15000.0
G1 X45.3279 Y-207.5714 F12000.0
G0 X46.3747 Y-206.8808 F15000.0
G1 X92.6771 Y-253.1832 F12000.0
G0 X92.3294 Y-252.9556 F15000.0
G1 X92.3294 Y-157.5037 F12000.0
G0 X92.8362 Y-157.5553 F15000.0
G1 X97.2572 Y-155.7241 F12000.0
G0 X98.1462 Y-156.5541 F15000.0
G1 X92.5618 Y-158.8672 F12000.0
G0 X93.5760 Y-156.0507 F15000.0
G1 X97.2989 Y-154.5086 F12000.0
G0 X96.4222 Y-154.6074 F15000.0
G1 X94.9111 Y-156.5593 F12000.0
G1 X94.3444 Y-159.2037
G1 X96.1704 Y-154.8593
G0 X94.6649 Y-154.4815 F15000.0
G1 X94.6649 Y-252.9556 F12000.0
G0 X94.4362 Y-253.2050 F15000.0
G1 X47.4214 Y-206.1903 F12000.0
G0 X47.8148 Y-206.2370 F15000.0
G1 X45.4852 Y-207.9370 F12000.0
G1 X47.5630 Y-207.1815
G1 X46.9963 Y-209.0704
G1 X48.0667 Y-205.9852
G0 X47.9549 Y-206.3630 F15000.0
G1 X47.9549 Y-209.1333 F12000.0
G0 X49.1226 Y-209.6370 F15000.0
G1 X49.1226 Y-206.3630 F12000.0
G0 X48.4682 Y-205.4997 F15000.0
G1 X96.0172 Y-253.0487 F12000.0
G0 X95.8326 Y-252.9556 F15000.0
G1 X95.8326 Y-151.4593 F12000.0
G0 X95.1630 Y-150.8296 F15000.0
G1 X100.4519 Y-152.2778 F12000.0
G1 X101.3963 Y-153.1593
G1 X94.9111 Y-150.5778
G0 X95.7601 Y-150.3903 F15000.0
G1 X74.2117 Y-171.9388 F12000.0
G0 X73.5512 Y-171.5124 F15000.0
G1 X70.8799 Y-168.8411 F12000.0
G0 X70.7333 Y-169.2148 F15000.0
G1 X73.0000 Y-172.1741 F12000.0
G1 X75.1407 Y-172.9296
G1 X75.7074 Y-174.1259
G1 X74.1333 Y-174.4407
G1 X70.7333 Y-181.0519
G1 X70.7963 Y-181.8074
G1 X74.8259 Y-172.5519
G1 X66.5148 Y-171.9852
G1 X62.4852 Y-176.7074
G1 X62.4852 Y-184.1370
G1 X69.4111 Y-187.3481
G1 X61.7296 Y-184.0111
G1 X58.4556 Y-191.0000
G1 X56.9444 Y-190.8741
G1 X50.7741 Y-206.3000
G1 X52.1593 Y-218.1370
G1 X57.8889 Y-223.6778
G1 X66.2000 Y-221.6630
G1 X67.7741 Y-221.9148
G1 X67.0185 Y-229.2815
G1 X65.3185 Y-234.3815
G1 X67.2704 Y-242.4407
G1 X71.2370 Y-246.4074
G1 X71.2370 Y-252.4519
G1 X70.6074 Y-245.9037
G1 X65.3815 Y-236.9000
G1 X65.3185 Y-232.1148
G1 X64.7519 Y-232.1148
G1 X67.2074 Y-228.7778
G1 X67.5852 Y-221.9148
G1 X61.9185 Y-222.7333
G1 X57.5741 Y-223.6778
G1 X54.4259 Y-223.3630
G1 X54.1741 Y-222.4815
G1 X53.5444 Y-223.1111
G1 X54.3000 Y-221.0963
G1 X54.0481 Y-224.7481
G1 X54.6148 Y-225.1259
G1 X56.0630 Y-224.6852
G1 X57.0074 Y-224.9370
G1 X57.1963 Y-224.4963
G1 X57.0074 Y-225.8185
G1 X58.8963 Y-224.6222
G1 X58.1407 Y-225.6926
G1 X60.5333 Y-224.6852
G1 X59.9667 Y-224.4333
G1 X60.1556 Y-225.7556
G1 X57.6370 Y-226.1333
G1 X59.5259 Y-227.3926
G1 X57.2593 Y-227.2037
G1 X58.5815 Y-227.2037
G1 X54.4889 Y-225.8815
G1 X56.0000 Y-226.3852
G1 X55.1185 Y-227.2037
G1 X55.2444 Y-226.3222
G1 X52.7259 Y-226.6370
G1 X52.4111 Y-227.7074
G1 X51.6556 Y-227.3926
G1 X51.0889 Y-229.8481
G1 X50.2704 Y-228.5259
G1 X50.9630 Y-231.2963
G1 X52.1593 Y-230.6037
G1 X51.5296 Y-231.9889
G1 X49.3259 Y-232.4296
G1 X41.6444 Y-235.8296
G1 X42.8407 Y-235.8926
G1 X40.1333 Y-235.8296
G1 X39.9444 Y-235.0741
G1 X40.7000 Y-235.9556
G1 X44.7926 Y-233.8778
G1 X42.9667 Y-235.1370
G1 X45.9889 Y-234.9481
G1 X47.3111 Y-233.5630
G1 X45.1704 Y-232.6185
G1 X44.7296 Y-232.8074
G1 X45.0444 Y-232.3037
G1 X44.6667 Y-231.8630
G1 X46.0519 Y-229.7222
G1 X45.1704 Y-232.3037
G1 X46.4926 Y-232.9333
G1 X46.8074 Y-229.7852
G1 X47.5000 Y-228.8407
G1 X47.8148 Y-226.5111
G1 X50.9000 Y-226.2593
G1 X49.7037 Y-225.6296
G1 X48.9481 Y-224.0556
G1 X46.2407 Y-228.4000
G1 X46.6185 Y-228.9667
G1 X45.6741 Y-227.2667
G1 X44.4148 Y-228.9037
G1 X45.2963 Y-228.1481
G1 X42.9667 Y-230.4148
G1 X43.1556 Y-229.0926
G1 X44.0370 Y-230.4148
G1 X43.8481 Y-227.5815
G1 X47.8778 Y-224.1185
G1 X48.1926 Y-224.6852
G1 X49.3889 Y-223.2370
G1 X46.8074 Y-223.1741
G1 X51.2148 Y-221.5370
G1 X52.2222 Y-223.0481
G1 X53.1667 Y-220.0889
G1 X51.1519 Y-219.8370
G1 X52.5370 Y-219.0185
G1 X50.7741 Y-205.6704
G1 X53.3556 Y-199.3111
G1 X52.5370 Y-196.5407
G1 X50.5222 Y-196.1630
G1 X50.2704 Y-197.7370
G1 X51.0259 Y-197.7370
G1 X48.6333 Y-204.2222
G1 X47.0593 Y-204.0333
G1 X47.8148 Y-204.2852
G1 X46.6185 Y-201.8296
G1 X45.6741 Y-203.1519
G1 X46.4296 Y-201.2630
G1 X40.6370 Y-205.3556
G1 X40.5111 Y-206.6148
G1 X42.5889 Y-206.4889
G1 X43.0296 Y-206.9926
G1 X42.7148 Y-205.4185
G1 X43.0296 Y-205.7963
G1 X42.5259 Y-205.1037
G1 X44.1000 Y-204.6630
G1 X42.4000 Y-208.0000
G1 X43.1556 Y-208.2519
G1 X45.3593 Y-204.8519
G1 X46.4926 Y-205.3556
G1 X44.2259 Y-206.3000
G1 X44.7296 Y-207.6222
G1 X45.4222 Y-205.9852
G1 X46.2407 Y-205.9852
G1 X44.9185 Y-206.6778
G1 X48.6963 Y-205.6704
G1 X48.6333 Y-209.7000
G1 X49.8926 Y-210.2667
G1 X50.0815 Y-209.7630
G1 X49.8296 Y-210.4556
G1 X48.2556 Y-210.8963
G1 X48.3815 Y-212.1556
G1 X50.2074 Y-212.2815
G1 X49.3889 Y-212.9111
G1 X50.6481 Y-214.1704
G1 X47.3741 Y-215.5556
G1 X46.4296 Y-215.1778
G1 X46.4926 Y-217.7593
G1 X48.6333 Y-215.9963
G1 X48.5074 Y-217.2556
G1 X50.4593 Y-214.9259
G1 X49.3889 Y-216.4370
G1 X49.2630 Y-217.6333
G1 X46.4296 Y-217.9481
G1 X42.9667 Y-213.1630
G1 X44.5407 Y-213.4778
G1 X45.8630 Y-215.3037
G1 X47.8778 Y-213.1000
G1 X47.3741 Y-210.8333
G1 X47.6889 Y-212.6593
G1 X48.8222 Y-210.0778
G1 X47.9407 Y-208.9444
G1 X46.9963 Y-209.5111
G1 X46.4926 Y-208.0000
G1 X42.7778 Y-208.6296
G1 X41.3296 Y-206.9296
G1 X40.6370 Y-207.2444
G1 X40.1333 Y-206.7407
G1 X39.1889 Y-207.8741
G1 X40.1963 Y-210.3926
G1 X40.8259 Y-209.0704
G1 X40.4481 Y-211.2741
G1 X38.3704 Y-211.7778
G1 X39.6296 Y-209.8889
G1 X39.3778 Y-208.1889
G1 X36.9222 Y-206.9926
G1 X36.7963 Y-207.4963
G1 X36.6074 Y-206.4889
G1 X38.1185 Y-207.0556
G1 X36.4185 Y-205.6704
G1 X33.7111 Y-204.2222
G1 X34.7185 Y-203.6556
G1 X32.6407 Y-205.4815
G1 X32.0111 Y-207.3704
G1 X32.5148 Y-205.3556
G1 X31.8222 Y-204.4111
G1 X30.5630 Y-205.2926
G1 X31.2556 Y-207.2444
G1 X31.4444 Y-211.6519
G1 X32.5148 Y-210.8333
G1 X30.8778 Y-211.4630
G1 X30.7519 Y-210.0778
G1 X29.3667 Y-212.2815
G1 X28.9259 Y-210.5185
G1 X30.8148 Y-206.5519
G1 X26.7852 Y-211.7148
G1 X27.3519 Y-211.5259
G1 X24.8333 Y-213.6667
G1 X33.9630 Y-212.0926
G1 X32.3259 Y-212.8481
G1 X30.1852 Y-213.3519
G1 X28.8630 Y-214.4852
G1 X30.1852 Y-213.9815
G1 X27.8556 Y-214.4852
G1 X28.4222 Y-213.9185
G1 X26.4704 Y-212.9741
G1 X24.0778 Y-214.7370
G1 X26.3444 Y-215.5556
G1 X26.4074 Y-214.6741
G1 X25.4000 Y-214.4222
G1 X27.0370 Y-214.9889
G1 X27.4778 Y-216.3741
G1 X26.2815 Y-216.1222
G1 X26.0296 Y-218.5148
G1 X25.1481 Y-219.1444
G1 X25.6519 Y-219.2704
G1 X25.2111 Y-218.8296
G1 X25.0852 Y-215.4926
G1 X24.3296 Y-216.9407
G1 X23.8889 Y-218.9556
G1 X24.2667 Y-217.8222
G1 X23.8259 Y-218.3259
G1 X23.5111 Y-218.0111
G1 X22.5037 Y-219.0815
G1 X21.2444 Y-217.5074
G1 X20.9926 Y-217.8222
G1 X20.5519 Y-216.8778
G1 X20.4259 Y-217.4444
G1 X20.1111 Y-216.2481
G1 X17.9074 Y-216.4370
G1 X20.9296 Y-219.1444
G1 X21.3704 Y-219.1444
G1 X19.2296 Y-221.2852
G1 X20.3630 Y-222.0407
G1 X18.4111 Y-222.1037
G1 X16.4593 Y-223.2370
G1 X17.8444 Y-223.7407
G1 X15.3259 Y-223.6148
G1 X15.3889 Y-224.0556
G1 X13.8778 Y-222.2296
G1 X10.7926 Y-225.5037
G1 X10.0370 Y-225.9444
G1 X8.2111 Y-226.7000
G1 X8.4000 Y-228.1481
G1 X10.1630 Y-228.9037
G1 X11.0444 Y-227.2037
G1 X13.5000 Y-226.3222
G1 X12.8074 Y-226.1333
G1 X14.6333 Y-227.0148
G1 X13.7519 Y-228.0852
G1 X14.1296 Y-228.4630
G1 X12.6185 Y-227.8963
G1 X10.2889 Y-229.5333
G1 X11.0444 Y-230.4778
G1 X9.5333 Y-232.2407
G1 X10.8556 Y-230.2259
G1 X7.0778 Y-229.8481
G1 X5.1889 Y-229.7852
G1 X6.6370 Y-228.3370
G1 X7.7074 Y-229.9741
G1 X6.7000 Y-226.7000
G1 X8.1481 Y-225.9444
G1 X10.2259 Y-224.7481
G1 X7.1407 Y-222.6074
G1 X8.0852 Y-221.4741
G1 X6.2593 Y-222.3556
G1 X5.1259 Y-223.3000
G1 X5.6926 Y-223.6148
G1 X9.7222 Y-219.0815
G1 X8.3370 Y-220.9704
G1 X8.0222 Y-222.9222
G1 X9.9111 Y-222.6074
G1 X10.2889 Y-220.0259
G1 X9.7852 Y-220.4037
G1 X11.4852 Y-217.8852
G1 X11.0444 Y-219.7111
G1 X14.1296 Y-216.9407
G1 X12.7444 Y-218.0111
G1 X13.5630 Y-218.3259
G1 X13.5630 Y-220.5296
G1 X11.4222 Y-221.1593
G1 X11.7370 Y-220.2778
G1 X13.6259 Y-220.2778
G1 X12.3667 Y-218.7667
G1 X12.6185 Y-220.1519
G1 X11.1074 Y-219.7741
G1 X10.9815 Y-221.7259
G1 X13.2481 Y-222.8593
G1 X14.8222 Y-221.4111
G1 X14.3815 Y-220.8444
G1 X15.3889 Y-220.5926
G1 X15.8926 Y-222.7333
G1 X17.0259 Y-222.1037
G1 X18.2222 Y-220.0259
G1 X17.9704 Y-220.4037
G1 X17.9074 Y-219.3963
G1 X16.9630 Y-220.4037
G1 X16.0185 Y-219.0185
G1 X19.1667 Y-218.5148
G1 X14.5074 Y-218.7037
G1 X16.7741 Y-217.8852
G1 X15.2000 Y-217.4444
G1 X16.1444 Y-216.1222
G1 X15.0111 Y-216.9407
G1 X15.2630 Y-216.3741
G1 X14.3815 Y-215.8704
G1 X15.9556 Y-214.1704
G1 X11.1704 Y-212.0296
G1 X12.1148 Y-212.7852
G1 X12.9333 Y-210.6444
G1 X11.6741 Y-211.0852
G1 X13.3741 Y-209.4481
G1 X14.5074 Y-213.1630
G1 X17.5296 Y-215.0519
G1 X19.2926 Y-213.9815
G1 X19.9852 Y-214.2963
G1 X19.9852 Y-213.3519
G1 X18.2222 Y-213.5407
G1 X17.4667 Y-210.9593
G1 X17.0889 Y-212.2185
G1 X16.2074 Y-212.4704
G1 X17.4667 Y-213.6037
G1 X14.6963 Y-211.0852
G1 X16.7111 Y-209.5741
G1 X15.3889 Y-209.5741
G1 X17.6556 Y-208.6296
G1 X15.7667 Y-207.4963
G1 X16.4593 Y-206.1111
G1 X15.0111 Y-207.4333
G1 X15.3259 Y-209.0074
G1 X14.0667 Y-208.7556
G1 X14.6333 Y-205.9222
G1 X10.4778 Y-211.1481
G1 X13.0593 Y-205.9222
G1 X12.2407 Y-206.0481
G1 X11.4852 Y-207.0556
G1 X11.6111 Y-205.7963
G1 X11.1704 Y-206.4259
G1 X12.4296 Y-204.7259
G1 X12.4296 Y-205.6074
G1 X14.1926 Y-206.3000
G1 X16.2704 Y-204.9778
G1 X16.8370 Y-205.9852
G1 X17.2148 Y-204.6630
G1 X17.0889 Y-204.0333
G1 X15.7667 Y-203.3407
G1 X14.8222 Y-204.9778
G1 X16.5222 Y-203.2148
G1 X18.9148 Y-206.4259
G1 X19.4185 Y-205.6074
G1 X18.4741 Y-206.7407
G1 X17.3407 Y-205.4815
G1 X15.7667 Y-207.4963
G1 X17.3407 Y-207.8741
G1 X16.9000 Y-207.5593
G1 X18.2222 Y-207.6852
G1 X17.1519 Y-209.5741
G1 X18.2222 Y-209.4481
G1 X22.9444 Y-205.3556
G1 X23.1333 Y-206.4889
G1 X23.8259 Y-204.4111
G1 X24.5185 Y-204.3481
G1 X23.7630 Y-202.0185
G1 X23.1963 Y-202.5852
G1 X23.5111 Y-201.1370
G1 X24.0148 Y-201.4519
G1 X24.3296 Y-201.0741
G1 X24.5185 Y-202.2074
G1 X26.6593 Y-200.0667
G1 X27.4778 Y-199.9407
G1 X24.5815 Y-199.8148
G1 X23.0074 Y-200.1926
G1 X25.3370 Y-198.2407
G1 X24.3296 Y-198.5556
G1 X25.7148 Y-198.4296
G1 X28.7370 Y-199.5000
G1 X28.5481 Y-198.6185
G1 X27.7926 Y-198.0519
G1 X25.9667 Y-195.5963
G1 X27.7926 Y-193.1407
G1 X28.7370 Y-195.2185
G1 X29.6815 Y-194.6519
G1 X30.6259 Y-195.5963
G1 X29.1778 Y-197.5481
G1 X34.3407 Y-195.9741
G1 X34.4667 Y-193.3296
G1 X37.8037 Y-191.8185
G1 X38.7481 Y-193.2037
G1 X39.3148 Y-191.7556
G1 X38.3074 Y-188.2296
G1 X38.3074 Y-189.4889
G1 X36.2296 Y-187.9778
G1 X35.4741 Y-189.5519
G1 X37.0481 Y-188.9852
G1 X37.8037 Y-190.4333
G1 X37.1111 Y-190.1185
G1 X35.7889 Y-191.7556
G1 X33.3963 Y-192.0704
G1 X32.8296 Y-194.2111
G1 X30.0593 Y-193.2037
G1 X29.3037 Y-193.7704
G1 X29.8704 Y-191.5037
G1 X30.5630 Y-192.7630
G1 X29.8704 Y-189.6148
G1 X28.2333 Y-190.8741
G1 X30.3741 Y-189.8037
G1 X35.9778 Y-191.4407
G1 X36.2926 Y-190.3074
G1 X34.0889 Y-190.4963
G1 X35.9778 Y-189.9296
G1 X32.2000 Y-189.4259
G1 X33.2074 Y-189.3000
G1 X32.1370 Y-189.8037
G1 X33.8370 Y-189.5519
G1 X34.7815 Y-188.8593
G1 X35.2222 Y-189.1111
G1 X34.3407 Y-187.7889
G1 X33.1444 Y-188.2296
G1 X33.7741 Y-187.1593
G1 X37.3000 Y-187.8519
G1 X33.8370 Y-186.0259
G1 X37.3630 Y-187.2222
G1 X37.9926 Y-188.2296
G1 X39.1889 Y-186.9704
G1 X40.0704 Y-187.9778
G1 X40.8889 Y-188.6704
G1 X40.0074 Y-189.4889
G1 X41.8333 Y-189.9296
G1 X41.4556 Y-189.4889
G1 X41.9593 Y-191.7556
G1 X43.0926 Y-191.0000
G1 X43.6593 Y-191.7556
G1 X43.5333 Y-190.6222
G1 X41.6444 Y-191.8185
G1 X41.5815 Y-190.6222
G1 X40.0074 Y-190.0556
G1 X39.3778 Y-191.4407
G1 X40.8889 Y-191.6296
G1 X40.8259 Y-192.7000
G1 X39.1259 Y-193.3296
G1 X43.9111 Y-194.7148
G1 X45.6741 Y-193.5815
G1 X45.2333 Y-195.5333
G1 X45.6111 Y-194.6519
G1 X45.2963 Y-195.8481
G1 X43.7852 Y-194.7778
G1 X42.2111 Y-194.9037
G1 X43.4074 Y-193.5185
G1 X38.4963 Y-194.2741
G1 X40.0704 Y-196.4148
G1 X41.7704 Y-194.5889
G1 X39.8815 Y-196.6037
G1 X37.4259 Y-197.7370
G1 X36.7333 Y-201.2000
G1 X37.1111 Y-198.6185
G1 X35.2852 Y-200.5074
G1 X35.6630 Y-201.1370
G1 X36.0407 Y-200.5704
G1 X35.6000 Y-201.9556
G1 X34.6556 Y-199.0593
G1 X35.6000 Y-198.3037
G1 X34.5296 Y-198.3037
G1 X34.8444 Y-197.1074
G1 X33.5222 Y-196.4148
G1 X33.9000 Y-197.3593
G1 X28.6111 Y-201.3259
G1 X29.3037 Y-201.2630
G1 X27.6037 Y-201.2630
G1 X27.1000 Y-203.6556
G1 X28.7370 Y-205.1037
G1 X30.2481 Y-205.4815
G1 X31.5704 Y-204.4111
G1 X30.2481 Y-203.6556
G1 X28.2333 Y-202.5222
G1 X28.5481 Y-203.2778
G1 X28.8000 Y-202.9630
G1 X28.9259 Y-203.7185
G1 X32.3889 Y-202.1444
G1 X33.3333 Y-201.9556
G1 X33.2704 Y-201.0741
G1 X34.0259 Y-200.3185
G1 X33.7741 Y-199.5630
G1 X36.1037 Y-203.2148
G1 X33.5222 Y-201.9556
G1 X33.5222 Y-203.2778
G1 X34.7185 Y-202.9000
G1 X34.3407 Y-202.7111
G1 X35.0333 Y-203.6556
G1 X34.0259 Y-205.3556
G1 X36.1037 Y-204.7259
G1 X37.1111 Y-205.4185
G1 X39.1259 Y-204.7889
G1 X40.3222 Y-202.5222
G1 X40.5741 Y-201.3889
G1 X38.1185 Y-203.2778
G1 X39.2519 Y-201.3259
G1 X37.5519 Y-201.8926
G1 X37.4889 Y-204.0963
G1 X37.9296 Y-204.6000
G1 X36.9222 Y-204.6630
G1 X37.8667 Y-204.2852
G1 X36.9222 Y-203.5926
G1 X41.0148 Y-198.1148
G1 X42.2111 Y-197.9259
G1 X43.1556 Y-196.6667
G1 X41.7704 Y-198.5556
G1 X39.8815 Y-198.6815
G1 X41.0148 Y-199.8778
G1 X38.7481 Y-200.1926
G1 X39.4407 Y-201.0741
G1 X39.6296 Y-200.2556
G1 X41.8963 Y-200.9481
G1 X42.3370 Y-199.1222
G1 X43.2815 Y-198.4926
G1 X43.3444 Y-197.8630
G1 X43.8481 Y-201.3889
G1 X44.0370 Y-198.2407
G1 X44.3519 Y-196.4148
G1 X46.0519 Y-198.3667
G1 X46.5556 Y-198.3037
G1 X44.2889 Y-198.2407
G1 X44.9815 Y-199.6889
G1 X44.9185 Y-199.1852
G1 X45.8000 Y-200.8852
G1 X44.5407 Y-201.5148
G1 X49.0741 Y-199.3741
G1 X46.9333 Y-198.8074
G1 X48.0667 Y-195.2185
G1 X46.4926 Y-197.8000
G1 X46.6185 Y-197.3593
G1 X46.6185 Y-195.9741
G1 X48.5074 Y-195.4704
G1 X48.5074 Y-196.6037
G1 X50.7741 Y-195.4704
G1 X53.4185 Y-198.4926
G1 X56.1259 Y-190.6852
G1 X58.0148 Y-189.2370
G1 X54.3630 Y-188.7333
G1 X53.0407 Y-187.8519
G1 X52.4111 Y-188.9222
G1 X52.9148 Y-190.2444
G1 X51.2148 Y-190.0556
G1 X50.2074 Y-190.6852
G1 X48.5074 Y-191.7556
G1 X52.2222 Y-191.8185
G1 X52.1593 Y-191.1889
G1 X52.7889 Y-192.2593
G1 X52.0333 Y-192.7630
G1 X54.2370 Y-194.2111
G1 X53.8593 Y-192.7000
G1 X54.4259 Y-192.5111
G1 X54.1111 Y-193.1407
G1 X54.6148 Y-194.0852
G1 X53.4815 Y-195.4704
G1 X53.3556 Y-193.9593
G1 X52.8519 Y-194.0852
G1 X53.2296 Y-193.6444
G1 X51.4037 Y-193.8333
G1 X52.4111 Y-195.5963
G1 X50.3333 Y-194.7778
G1 X51.6556 Y-194.7778
G1 X50.8370 Y-193.1407
G1 X50.4593 Y-194.0852
G1 X46.9963 Y-194.5259
G1 X46.2407 Y-195.5333
G1 X47.1852 Y-192.0704
G1 X45.2333 Y-192.0074
G1 X45.7370 Y-191.3148
G1 X47.3111 Y-191.5037
G1 X48.1296 Y-187.5370
G1 X47.2481 Y-189.1741
G1 X47.2481 Y-188.4185
G1 X44.7296 Y-188.8593
G1 X46.4296 Y-188.2296
G1 X41.7074 Y-188.6074
G1 X43.9741 Y-187.6630
G1 X46.4296 Y-187.2852
G1 X46.5556 Y-188.0407
G1 X48.4444 Y-187.1593
G1 X49.2630 Y-188.7333
G1 X47.6259 Y-192.1963
G1 X50.0815 Y-192.1333
G1 X48.4444 Y-191.4407
G1 X50.3333 Y-188.7333
G1 X52.1593 Y-188.1667
G1 X50.3333 Y-187.8519
G1 X51.7815 Y-186.7815
G1 X51.0259 Y-186.9704
G1 X53.9222 Y-185.4593
G1 X53.6704 Y-181.0519
G1 X54.3000 Y-181.0519
G1 X52.9148 Y-181.2407
G1 X53.4185 Y-180.2963
G1 X54.4259 Y-180.6741
G1 X54.9296 Y-181.7444
G1 X57.0704 Y-180.6741
G1 X55.8741 Y-180.3593
G1 X57.0074 Y-179.1630
G1 X53.7963 Y-179.4148
G1 X54.8037 Y-179.7926
G1 X52.8519 Y-179.0370
G1 X53.4185 Y-177.9667
G1 X53.4185 Y-179.1630
G1 X58.5815 Y-177.7148
G1 X59.4000 Y-180.4852
G1 X58.0148 Y-180.5481
G1 X58.0148 Y-179.6037
G1 X56.3778 Y-180.3593
G1 X58.3296 Y-181.6185
G1 X60.2185 Y-180.6111
G1 X56.7556 Y-182.0593
G1 X56.8185 Y-182.5630
G1 X56.5037 Y-182.0593
G1 X55.2444 Y-182.8778
G1 X56.2519 Y-182.1222
G1 X52.7889 Y-182.5000
G1 X52.9778 Y-183.7593
G1 X55.5593 Y-184.5148
G1 X54.4259 Y-183.8852
G1 X56.5667 Y-185.0185
G1 X60.0926 Y-184.5778
G1 X58.0778 Y-184.0741
G1 X56.0000 Y-185.5852
G1 X55.2444 Y-185.2074
G1 X55.3074 Y-186.8444
G1 X58.2667 Y-184.8296
G1 X55.3074 Y-187.0963
G1 X54.9926 Y-185.2704
G1 X53.7333 Y-185.2704
G1 X53.6074 Y-186.4667
G1 X54.6148 Y-186.7185
G1 X52.6000 Y-186.7185
G1 X52.4111 Y-188.0407
G1 X53.6704 Y-187.8519
G1 X56.1259 Y-188.1037
G1 X59.5259 Y-185.5222
G1 X58.6444 Y-188.6704
G1 X57.3222 Y-186.9074
G1 X57.1333 Y-188.4815
G1 X55.6852 Y-188.6074
G1 X59.0222 Y-189.4259
G1 X61.8556 Y-183.2556
G1 X61.6667 Y-178.9111
G1 X61.1630 Y-179.1630
G1 X62.1074 Y-178.0296
G1 X60.5333 Y-177.7778
G1 X59.8407 Y-178.9111
G1 X59.5259 Y-176.7074
G1 X57.3852 Y-176.8963
G1 X57.3852 Y-175.9519
G1 X61.9815 Y-177.6519
G1 X62.9259 Y-173.3704
G1 X61.3519 Y-173.0556
G1 X62.5481 Y-172.7407
G1 X62.5481 Y-173.5593
G1 X64.0593 Y-173.3704
G1 X66.1370 Y-171.9852
G1 X71.1741 Y-171.7333
G1 X71.8667 Y-172.3000
G1 X70.3556 Y-169.5926
G1 X70.4185 Y-170.6000
G1 X70.4815 Y-169.2148
G0 X70.0112 Y-169.7098 F15000.0
G1 X72.3263 Y-172.0249 F12000.0
G0 X72.0534 Y-172.2737 F15000.0
G1 X94.6704 Y-149.6568 F12000.0
G0 X95.7389 Y-148.5883 F15000.0
G1 X136.8768 Y-107.4504 F12000.0
G0 X138.0117 Y-107.4081 F15000.0
G1 X174.6974 Y-144.0938 F12000.0
G0 X174.7473 Y-146.2288 F15000.0
G1 X114.2503 Y-121.1701 F12000.0
G0 X112.9192 Y-121.7512 F15000.0
G1 X174.8123 Y-147.3881 F12000.0
G0 X174.8360 Y-147.5541 F15000.0
G1 X158.3156 Y-154.3970 F12000.0
G0 X159.9027 Y-154.9378 F15000.0
G1 X174.7942 Y-148.7696 F12000.0
G0 X174.6446 Y-148.4511 F15000.0
G1 X112.7515 Y-122.8142 F12000.0
G0 X112.5838 Y-123.8771 F15000.0
G1 X152.3722 Y-140.3580 F12000.0
G0 X150.8084 Y-140.8428 F15000.0
G1 X111.4853 Y-124.5546 F12000.0
G0 X111.0850 Y-125.5212 F15000.0
G1 X149.2446 Y-141.3275 F12000.0
G0 X148.8442 Y-142.2941 F15000.0
G1 X110.2192 Y-126.2951 F12000.0
G0 X109.3535 Y-127.0689 F15000.0
G1 X147.9785 Y-143.0679 F12000.0
G0 X148.0435 Y-144.2273 F15000.0
G1 X107.7897 Y-127.5536 F12000.0
G0 X106.1609 Y-126.8790 F15000.0
G1 X102.4380 Y-125.3369 F12000.0
G0 X102.6057 Y-124.2739 F15000.0
G1 X104.4672 Y-125.0450 F12000.0
G0 X103.9368 Y-123.6928 F15000.0
G1 X92.0701 Y-118.7775 F12000.0
G0 X92.7032 Y-117.9072 F15000.0
G1 X104.3372 Y-122.7262 F12000.0
G0 X100.0462 Y-123.2137 F15000.0
G1 X90.9717 Y-119.4549 F12000.0
G0 X89.6406 Y-120.0360 F15000.0
G1 X98.4825 Y-123.6985 F12000.0
G0 X97.6167 Y-124.4723 F15000.0
G1 X89.0075 Y-120.9063 F12000.0
G0 X87.9091 Y-121.5837 F15000.0
G1 X96.9836 Y-125.3425 F12000.0
G0 X99.5431 Y-126.4027 F15000.0
G1 X165.3918 Y-153.6781 F12000.0
G0 X167.4444 Y-154.3556 F15000.0
G1 X171.5370 Y-154.9852 F12000.0
G1 X167.6963 Y-154.6074
G0 X165.5945 Y-156.1748 F15000.0
G1 X174.6690 Y-152.4160 F12000.0
G0 X174.7481 Y-153.1889 F15000.0
G1 X5.0000 Y-153.1889 F12000.0
G0 X5.7751 Y-152.3824 F15000.0
G1 X4.8847 Y-151.4920 F12000.0
G0 X5.0000 Y-150.4889 F15000.0
G1 X174.7481 Y-150.4889 F12000.0
G0 X174.7745 Y-150.7698 F15000.0
G1 X154.5313 Y-142.3848 F12000.0
G0 X154.9317 Y-141.4182 F15000.0
G1 X174.7095 Y-149.6105 F12000.0
G0 X174.7844 Y-151.1303 F15000.0
G1 X131.3314 Y-107.6773 F12000.0
G0 X130.1816 Y-105.0292 F15000.0
G1 X87.7971 Y-147.4137 F12000.0
G0 X87.8593 Y-148.5630 F15000.0
G1 X84.2704 Y-152.2778 F12000.0
G1 X86.4741 Y-150.1370
G1 X84.9630 Y-150.8926
G1 X88.1111 Y-148.5630
G0 X88.1111 Y-149.5704 F15000.0
G1 X88.3000 Y-150.3259 F12000.0
G1 X81.6259 Y-161.0296
G1 X78.9815 Y-169.3407
G1 X79.9259 Y-164.4296
G1 X78.8556 Y-168.3963
G1 X78.3519 Y-175.7630
G1 X79.9889 Y-166.8852
G1 X84.2704 Y-155.9926
G1 X79.9259 Y-169.9704
G1 X84.7741 Y-155.4259
G1 X88.3000 Y-151.3333
G1 X84.1444 Y-155.3630
G1 X89.7481 Y-149.6963
G1 X91.2593 Y-150.3889
G1 X88.3630 Y-149.8222
G0 X88.3737 Y-150.4836 F15000.0
G1 X67.0034 Y-171.8539 F12000.0
G0 X66.6928 Y-171.6034 F15000.0
G1 X65.4462 Y-170.3568 F12000.0
G0 X65.1118 Y-171.7598 F15000.0
G1 X63.3309 Y-169.9789 F12000.0
G0 X62.6741 Y-169.2148 F15000.0
G1 X65.1296 Y-170.4741 F12000.0
G1 X63.0519 Y-169.9074
G1 X65.0667 Y-171.3556
G1 X62.7370 Y-170.4741
G1 X62.4222 Y-169.2148
G0 X60.6814 Y-169.0667 F15000.0
G1 X63.3527 Y-171.7380 F12000.0
G0 X63.3744 Y-173.4971 F15000.0
G1 X59.6346 Y-169.7573 F12000.0
G0 X59.6519 Y-168.4593 F15000.0
G1 X60.4704 Y-169.6556 F12000.0
G1 X60.4074 Y-171.3556
G1 X61.0370 Y-171.6074
G1 X60.9111 Y-169.7815
G1 X60.8481 Y-168.6481
G1 X59.9037 Y-168.4593
G0 X58.8963 Y-166.9481 F15000.0
G1 X60.2185 Y-167.0741 F12000.0
G1 X58.5185 Y-169.7185
G1 X58.5185 Y-171.0407
G1 X56.8815 Y-169.2148
G1 X59.4000 Y-167.3259
G1 X58.6444 Y-166.9481
G0 X58.1665 Y-164.8144 F15000.0
G1 X56.2075 Y-162.8555 F12000.0
G0 X57.4324 Y-162.3430 F15000.0
G1 X58.8570 Y-163.7677 F12000.0
G0 X60.2600 Y-163.4332 F15000.0
G1 X57.7668 Y-160.9400 F12000.0
G0 X59.7040 Y-161.1399 F15000.0
G1 X61.8410 Y-163.2769 F12000.0
G0 X63.2439 Y-162.9425 F15000.0
G1 X61.4631 Y-161.1616 F12000.0
G0 X62.6879 Y-160.6491 F15000.0
G1 X57.3454 Y-155.3065 F12000.0
G0 X58.0359 Y-154.2598 F15000.0
G1 X64.8032 Y-161.0270 F12000.0
G0 X68.2148 Y-156.8741 F15000.0
G1 X70.9852 Y-157.9444 F12000.0
G1 X71.5519 Y-157.1889
G1 X68.4667 Y-156.6222
G0 X69.2222 Y-155.6148 F15000.0
G1 X75.2037 Y-158.8889 F12000.0
G1 X71.4889 Y-157.5667
G1 X70.5444 Y-158.3852
G1 X68.2148 Y-156.6852
G1 X69.2222 Y-155.3630
G0 X68.9468 Y-154.7464 F15000.0
G1 X78.3854 Y-164.1850 F12000.0
G0 X78.2889 Y-164.1778 F15000.0
G1 X74.8259 Y-165.5630 F12000.0
G1 X75.2667 Y-168.9000
G1 X74.7000 Y-170.4111
G1 X75.8963 Y-169.0889
G1 X76.6519 Y-171.2926
G1 X75.7074 Y-169.9704
G1 X77.1556 Y-167.8926
G1 X74.9519 Y-167.3259
G1 X75.9593 Y-166.0037
G1 X75.8333 Y-166.9481
G1 X76.8407 Y-165.2481
G1 X77.4704 Y-165.3741
G1 X77.0296 Y-164.9963
G1 X78.5407 Y-164.4296
G0 X78.2290 Y-165.7660 F15000.0
G1 X64.5164 Y-152.0534 F12000.0
G0 X67.3223 Y-151.3845 F15000.0
G1 X19.4171 Y-103.4794 F12000.0
G0 X18.9876 Y-103.1801 F15000.0
G1 X4.9188 Y-117.2489 F12000.0
G1 X16.6282 Y-112.4364 F12000.0
G0 X14.8085 Y-111.9919 F15000.0
G1 X5.0359 Y-116.0398 F12000.0
G0 X4.8976 Y-115.4469 F15000.0
G1 X17.3636 Y-102.9808 F12000.0
G0 X17.8361 Y-103.6357 F15000.0
G1 X67.3440 Y-153.1437 F12000.0
G0 X68.7470 Y-152.8092 F15000.0
G1 X79.0760 Y-163.1382 F12000.0
G0 X81.0131 Y-163.3381 F15000.0
G1 X113.2467 Y-195.5717 F12000.0
G0 X114.2935 Y-194.8811 F15000.0
G1 X81.3476 Y-161.9351 F12000.0
G0 X81.8601 Y-160.7103 F15000.0
G1 X115.5184 Y-194.3686 F12000.0
G0 X116.5651 Y-193.6780 F15000.0
G1 X82.5507 Y-159.6635 F12000.0
G0 X84.1551 Y-160.5259 F15000.0
G1 X84.1551 Y-183.9481 F12000.0
G0 X82.9874 Y-186.7185 F15000.0
G1 X82.9874 Y-252.9556 F12000.0
G0 X83.0119 Y-253.1847 F15000.0
G1 X71.1451 Y-248.2693 F12000.0
G0 X71.1514 Y-248.0156 F15000.0
G1 X102.3306 Y-235.1008 F12000.0
G0 X101.9932 Y-235.0006 F15000.0
G1 X51.5015 Y-214.0862 F12000.0
G0 X51.6707 Y-214.1475 F15000.0
G1 X104.9546 Y-192.0766 F12000.0
G0 X103.8329 Y-191.3430 F15000.0
G1 X51.2471 Y-213.1248 F12000.0
G0 X51.6692 Y-213.0232 F15000.0
G1 X101.2302 Y-233.5521 F12000.0
G0 X101.4833 Y-233.0553 F15000.0
G1 X71.2348 Y-245.5846 F12000.0
G0 X70.1421 Y-245.4000 F15000.0
G1 X70.1421 Y-195.2815 F12000.0
G0 X69.3064 Y-194.8605 F15000.0
G1 X52.7861 Y-201.7034 F12000.0
G0 X52.8809 Y-202.2006 F15000.0
G1 X99.8824 Y-221.6693 F12000.0
G0 X100.2719 Y-221.5750 F15000.0
G1 X65.6025 Y-235.9356 F12000.0
G0 X65.9067 Y-235.9074 F15000.0
G1 X101.2742 Y-250.5571 F12000.0
G0 X101.3227 Y-251.0949 F15000.0
G1 X96.4364 Y-253.1189 F12000.0
G0 X96.6478 Y-253.1706 F15000.0
G1 X66.6320 Y-240.7376 F12000.0
G0 X66.3663 Y-240.4120 F15000.0
G1 X101.0357 Y-226.0515 F12000.0
G0 X100.6077 Y-226.4995 F15000.0
G1 X51.0467 Y-205.9707 F12000.0
G0 X50.7994 Y-206.1209 F15000.0
G1 X85.0035 Y-191.9531 F12000.0
G0 X85.6598 Y-192.8795 F15000.0
G1 X50.2923 Y-207.5292 F12000.0
G0 X50.7113 Y-208.0966 F15000.0
G1 X100.5049 Y-228.7219 F12000.0
G0 X100.7195 Y-228.5788 F15000.0
G1 X67.2135 Y-242.4575 F12000.0
G0 X67.1623 Y-242.0898 F15000.0
G1 X93.9206 Y-253.1734 F12000.0
G0 X93.4533 Y-253.1563 F15000.0
G1 X101.8298 Y-249.6867 F12000.0
G0 X101.4419 Y-249.4941 F15000.0
G1 X65.8417 Y-234.7480 F12000.0
G0 X65.6442 Y-234.7201 F15000.0
G1 X99.8483 Y-220.5523 F12000.0
G0 X99.1194 Y-220.2208 F15000.0
G1 X53.5139 Y-201.3304 F12000.0
G0 X53.2931 Y-200.2952 F15000.0
G1 X68.6501 Y-193.9341 F12000.0
G0 X68.7892 Y-194.0681 F15000.0
G1 X59.7146 Y-190.3093 F12000.0
G0 X59.4023 Y-189.3772 F15000.0
G1 X66.3827 Y-186.4858 F12000.0
G0 X65.6202 Y-184.4297 F15000.0
G1 X70.2505 Y-189.0600 F12000.0
G0 X69.3950 Y-188.6568 F15000.0
G1 X61.4838 Y-185.3799 F12000.0
G0 X61.3889 Y-184.9597 F15000.0
G1 X62.5523 Y-184.4778 F12000.0
G0 X63.1356 Y-184.7037 F15000.0
G1 X63.1356 Y-223.2370 F12000.0
G0 X61.3013 Y-222.6753 F15000.0
G1 X52.9248 Y-219.2056 F12000.0
G0 X52.6259 Y-219.2074 F15000.0
G1 X52.6259 Y-199.8148 F12000.0
G0 X53.6816 Y-200.2674 F15000.0
G1 X96.7276 Y-218.0976 F12000.0
G0 X96.1704 Y-219.0815 F15000.0
G1 X92.4556 Y-226.6370 F12000.0
G1 X96.1704 Y-219.3333
G0 X95.1630 Y-219.0815 F15000.0
G1 X91.7000 Y-226.5111 F12000.0
G1 X95.1630 Y-218.8296
G0 X96.4299 Y-216.8419 F15000.0
G1 X54.0820 Y-199.3008 F12000.0
G0 X53.8002 Y-198.8869 F15000.0
G1 X67.7611 Y-193.1041 F12000.0
G0 X67.5608 Y-192.4269 F15000.0
G1 X59.8823 Y-189.2464 F12000.0
G0 X59.6324 Y-188.2296 F15000.0
G1 X59.6324 Y-226.2593 F12000.0
G0 X58.4646 Y-226.2593 F15000.0
G1 X58.4646 Y-189.7407 F12000.0
G0 X57.2969 Y-190.2444 F15000.0
G1 X57.2969 Y-223.7407 F12000.0
G0 X57.5358 Y-223.7002 F15000.0
G1 X95.6954 Y-207.8939 F12000.0
G0 X95.3420 Y-209.5965 F15000.0
G1 X56.4843 Y-193.5011 F12000.0
G0 X56.0613 Y-193.1575 F15000.0
G1 X70.2548 Y-187.2784 F12000.0
G0 X70.0281 Y-187.7866 F15000.0
G1 X68.8647 Y-187.3047 F12000.0
G0 X68.9946 Y-189.6234 F15000.0
G1 X61.0835 Y-186.3465 F12000.0
G0 X60.8818 Y-186.3680 F15000.0
G1 X63.6740 Y-185.2114 F12000.0
G0 X63.5130 Y-185.0880 F15000.0
G1 X61.8842 Y-184.4133 F12000.0
G0 X60.8001 Y-185.2074 F15000.0
G1 X60.8001 Y-223.7407 F12000.0
G0 X59.9702 Y-223.2564 F15000.0
G1 X54.3859 Y-220.9433 F12000.0
G0 X55.5251 Y-222.1366 F15000.0
G1 X94.8482 Y-205.8485 F12000.0
G0 X94.9144 Y-206.0220 F15000.0
G1 X58.8489 Y-191.0832 F12000.0
G0 X60.6831 Y-187.3131 F15000.0
G1 X68.3615 Y-190.4937 F12000.0
G0 X68.7753 Y-190.2876 F15000.0
G1 X54.8144 Y-196.0704 F12000.0
G0 X55.0505 Y-196.3046 F15000.0
G1 X95.7696 Y-213.1710 F12000.0
G0 X95.6019 Y-214.2340 F15000.0
G1 X54.6501 Y-197.2712 F12000.0
G0 X54.2497 Y-198.2378 F15000.0
G1 X95.4342 Y-215.2970 F12000.0
G0 X96.4222 Y-215.5556 F15000.0
G1 X96.9259 Y-222.2926 F12000.0
G1 X96.4222 Y-215.8074
G0 X98.1955 Y-215.2458 F15000.0
G1 X67.4816 Y-227.9679 F12000.0
G0 X67.7137 Y-227.5963 F15000.0
G1 X101.9178 Y-241.7640 F12000.0
G0 X102.8391 Y-240.8667 F15000.0
G1 X102.8391 Y-235.5778 F12000.0
G0 X104.0610 Y-235.0320 F15000.0
G1 X56.1558 Y-187.1269 F12000.0
G0 X57.5588 Y-186.7924 F15000.0
G1 X104.9297 Y-234.1634 F12000.0
G0 X106.1763 Y-235.4100 F15000.0
G1 X113.1216 Y-242.3553 F12000.0
G0 X113.9903 Y-241.4866 F15000.0
G1 X58.4275 Y-185.9238 F12000.0
G0 X58.6444 Y-185.8370 F15000.0
G1 X57.8259 Y-187.0333 F12000.0
G1 X58.8963 Y-187.7889
G1 X58.8963 Y-185.5852
G0 X56.4468 Y-182.2057 F15000.0
G1 X115.2152 Y-240.9741 F12000.0
G0 X115.7527 Y-241.6174 F15000.0
G1 X136.5888 Y-220.7814 F12000.0
G0 X137.4793 Y-219.8909 F15000.0
G1 X174.6993 Y-182.6709 F12000.0
G0 X174.7481 Y-182.8889 F15000.0
G1 X5.0000 Y-182.8889 F12000.0
G1 X81.5469 Y-106.2587 F12000.0
G0 X81.5420 Y-106.5340 F15000.0
G1 X136.9268 Y-161.9188 F12000.0
G0 X136.0581 Y-162.7875 F15000.0
G1 X78.5363 Y-105.2656 F12000.0
G0 X78.2889 Y-105.2444 F15000.0
G1 X76.5259 Y-106.5037 F12000.0
G1 X74.7000 Y-106.5037
G1 X74.3222 Y-107.0704
G1 X73.5667 Y-106.9444
G1 X72.0556 Y-109.0852
G1 X73.8815 Y-106.6926
G1 X76.2741 Y-108.3296
G1 X75.7074 Y-109.0852
G1 X76.3370 Y-108.7704
G1 X75.9593 Y-107.7000
G1 X74.9519 Y-106.3148
G1 X75.7704 Y-106.0630
G1 X78.2889 Y-105.4963
G0 X78.5407 Y-104.2370 F15000.0
G1 X78.1000 Y-104.8037 F12000.0
G1 X79.2333 Y-104.5519
G1 X80.3667 Y-106.1889
G1 X76.9667 Y-107.6370
G1 X80.4926 Y-106.4407
G1 X81.3111 Y-107.7000
G1 X78.7926 Y-104.2370
G0 X79.3675 Y-104.7916 F15000.0
G1 X4.9275 Y-179.2316 F12000.0
G0 X5.0546 Y-179.4597 F15000.0
G1 X6.4793 Y-180.8844 F12000.0
G0 X4.9487 Y-181.0337 F15000.0
G1 X80.2791 Y-105.7032 F12000.0
G0 X80.3037 Y-104.5889 F15000.0
G1 X75.0148 Y-104.5889 F12000.0
G0 X74.7630 Y-105.9389 F15000.0
G1 X82.8222 Y-105.9389 F12000.0
G0 X82.9928 Y-106.6361 F15000.0
G1 X4.9911 Y-184.6378 F12000.0
G0 X5.1198 Y-184.7370 F15000.0
G1 X8.5035 Y-188.1206 F12000.0
G0 X9.1941 Y-187.0739 F15000.0
G1 X8.1256 Y-186.0054 F12000.0
G0 X7.9257 Y-184.0682 F15000.0
G1 X10.7751 Y-186.9175 F12000.0
G0 X13.2466 Y-187.6516 F15000.0
G1 X9.8629 Y-184.2680 F12000.0
G0 X11.6220 Y-184.2897 F15000.0
G1 X18.0331 Y-190.7008 F12000.0
G0 X16.6302 Y-191.0353 F15000.0
G1 X32.6580 Y-207.0630 F12000.0
G0 X33.7047 Y-206.3724 F15000.0
G1 X20.8825 Y-193.5502 F12000.0
G0 X22.1074 Y-193.0377 F15000.0
G1 X22.9978 Y-193.9281 F12000.0
G0 X24.2444 Y-195.1747 F15000.0
G1 X36.1762 Y-207.1065 F12000.0
G0 X34.9704 Y-206.9926 F15000.0
G1 X35.9148 Y-208.0630 F12000.0
G1 X34.0259 Y-209.7630
G1 X33.2704 Y-209.1963
G1 X32.8926 Y-209.9519
G1 X32.2000 Y-209.7630
G1 X35.1593 Y-207.6852
G1 X34.9704 Y-206.7407
G0 X38.1134 Y-207.3064 F15000.0
G1 X26.8939 Y-196.0869 F12000.0
G0 X27.6667 Y-196.4148 F15000.0
G1 X29.1148 Y-197.6111 F12000.0
G1 X31.8222 Y-197.4222
G1 X30.5000 Y-199.4370
G1 X27.2889 Y-200.5074
G1 X29.6185 Y-198.9333
G1 X29.8074 Y-197.9889
G1 X28.4222 Y-198.6815
G1 X27.6667 Y-196.6667
G0 X28.4750 Y-195.9306 F15000.0
G1 X85.6406 Y-253.0962 F12000.0
G0 X85.3229 Y-252.9556 F15000.0
G1 X85.3229 Y-161.5333 F12000.0
G0 X86.4906 Y-162.0370 F15000.0
G1 X86.4906 Y-252.9556 F12000.0
G0 X87.3997 Y-253.1180 F15000.0
G1 X24.8915 Y-190.6098 F12000.0
G0 X26.6506 Y-190.6315 F15000.0
G1 X41.6098 Y-205.5907 F12000.0
G0 X43.0128 Y-205.2563 F15000.0
G1 X27.8755 Y-190.1190 F12000.0
G0 X29.2784 Y-189.7846 F15000.0
G1 X44.5938 Y-205.1000 F12000.0
G0 X45.8187 Y-204.5875 F15000.0
G1 X41.9008 Y-200.6696 F12000.0
G0 X42.2741 Y-200.1926 F15000.0
G1 X41.1407 Y-202.7741 F12000.0
G1 X40.5111 Y-203.5296
G1 X41.0148 Y-203.6556
G1 X39.8185 Y-204.2852
G1 X38.8741 Y-204.2852
G1 X40.3852 Y-205.6704
G1 X41.3296 Y-204.3481
G1 X41.5185 Y-205.0407
G1 X44.6037 Y-202.0185
G1 X42.2741 Y-199.9407
G0 X43.1256 Y-200.1571 F15000.0
G1 X46.8654 Y-203.8969 F12000.0
G0 X47.8904 Y-201.4472 F15000.0
G1 X44.5068 Y-198.0635 F12000.0
G0 X44.1724 Y-199.4665 F15000.0
G1 X97.7763 Y-253.0704 F12000.0
G0 X98.1681 Y-252.9556 F15000.0
G1 X98.1681 Y-153.4741 F12000.0
G0 X98.1852 Y-154.6074 F15000.0
G1 X100.0741 Y-158.6370 F12000.0
G1 X102.5296 Y-174.8815
G1 X100.2000 Y-163.0444
G1 X98.4370 Y-154.6074
G0 X99.3359 Y-155.4889 F15000.0
G1 X99.3359 Y-252.9556 F12000.0
G0 X99.3750 Y-253.1678 F15000.0
G1 X66.3343 Y-239.4819 F12000.0
G0 X66.1753 Y-239.2929 F15000.0
G1 X101.0774 Y-224.8360 F12000.0
G0 X100.7104 Y-224.2771 F15000.0
G1 X51.8474 Y-204.0374 F12000.0
G0 X51.4581 Y-203.8444 F15000.0
G1 X51.4581 Y-217.1926 F12000.0
G0 X50.8370 Y-216.8148 F15000.0
G1 X50.7741 Y-218.8926 F12000.0
G1 X51.1519 Y-218.7037
G1 X50.8370 Y-220.4667
G1 X52.4111 Y-220.4667
G1 X47.1222 Y-219.2074
G1 X46.9963 Y-220.4667
G1 X48.4444 Y-221.8519
G1 X49.1370 Y-221.1593
G1 X48.1296 Y-221.8519
G1 X47.1222 Y-220.4037
G1 X45.3593 Y-222.0407
G1 X46.1148 Y-219.0185
G1 X45.6741 Y-219.3963
G1 X47.4370 Y-218.0111
G1 X49.6407 Y-220.3407
G1 X49.9556 Y-219.8370
G1 X50.3963 Y-220.2778
G1 X50.3333 Y-218.1370
G1 X50.8370 Y-216.5630
G0 X52.4345 Y-218.6239 F15000.0
G1 X93.1536 Y-201.7575 F12000.0
G0 X92.1600 Y-201.4837 F15000.0
G1 X73.0801 Y-193.5806 F12000.0
G0 X73.0293 Y-193.3184 F15000.0
G1 X79.7770 Y-190.5234 F12000.0
G0 X79.0376 Y-190.3860 F15000.0
G1 X77.1762 Y-189.6150 F12000.0
G0 X77.3010 Y-189.1526 F15000.0
G1 X78.6971 Y-188.5743 F12000.0
G0 X78.7400 Y-189.1303 F15000.0
G1 X77.8092 Y-188.7448 F12000.0
G0 X77.5754 Y-187.8407 F15000.0
G1 X78.5061 Y-187.4552 F12000.0
G0 X79.4841 Y-188.2296 F15000.0
G1 X79.4841 Y-252.9556 F12000.0
G0 X78.7701 Y-253.0742 F15000.0
G1 X142.5250 Y-189.3194 F12000.0
G0 X143.0592 Y-188.7851 F15000.0
G1 X174.7585 Y-157.0858 F12000.0
G0 X174.8496 Y-156.4076 F15000.0
G1 X126.5883 Y-108.1463 F12000.0
G0 X126.1941 Y-109.1481 F15000.0
G1 X126.1941 Y-151.7111 F12000.0
G0 X125.0264 Y-151.7111 F15000.0
G1 X125.0264 Y-109.1481 F12000.0
G0 X124.5276 Y-109.6803 F15000.0
G1 X122.6662 Y-110.4513 F12000.0
G0 X122.6909 Y-109.1481 F15000.0
G1 X122.6909 Y-151.2074 F12000.0
G0 X123.8586 Y-151.2074 F15000.0
G1 X123.8586 Y-109.1481 F12000.0
G0 X123.7824 Y-108.8151 F15000.0
G1 X174.7151 Y-159.7477 F12000.0
G0 X174.7481 Y-159.9389 F15000.0
G1 X5.0000 Y-159.9389 F12000.0
G0 X5.0504 Y-159.0527 F15000.0
G1 X56.3392 Y-107.7639 F12000.0
G0 X54.9614 Y-109.6519 F15000.0
G1 X54.9614 Y-141.6370 F12000.0
G0 X54.4072 Y-141.1215 F15000.0
G1 X60.2243 Y-138.7120 F12000.0
G0 X60.4152 Y-139.8311 F15000.0
G1 X56.2270 Y-141.5659 F12000.0
G0 X56.1291 Y-142.1407 F15000.0
G1 X56.1291 Y-111.1630 F12000.0
G0 X57.2969 Y-111.1630 F15000.0
G1 X57.2969 Y-142.6444 F12000.0
G0 X57.3486 Y-142.2995 F15000.0
G1 X79.2206 Y-133.2399 F12000.0
G0 X79.6443 Y-134.2626 F15000.0
G1 X59.1683 Y-142.7440 F12000.0
G0 X59.6324 Y-143.1481 F15000.0
G1 X59.6324 Y-110.1556 F12000.0
G0 X58.4646 Y-111.1630 F15000.0
G1 X58.4646 Y-142.6444 F12000.0
G0 X60.8001 Y-143.6519 F15000.0
G1 X60.8001 Y-111.1630 F12000.0
G0 X61.9679 Y-111.1630 F15000.0
G1 X61.9679 Y-143.6519 F12000.0
G0 X62.8078 Y-143.6329 F15000.0
G1 X140.2905 Y-111.5385 F12000.0
G0 X140.0995 Y-110.4194 F15000.0
G1 X83.5581 Y-133.8396 F12000.0
G0 X84.2979 Y-132.3350 F15000.0
G1 X140.6066 Y-109.0112 F12000.0
G0 X141.2519 Y-107.7630 F15000.0
G1 X141.6926 Y-108.9593 F12000.0
G1 X139.1741 Y-111.4148
G1 X139.8037 Y-111.5407
G1 X138.7963 Y-112.8630
G1 X142.4481 Y-109.3370
G1 X141.6926 Y-110.6593
G1 X144.2741 Y-109.0222
G1 X144.5889 Y-112.0444
G1 X144.9667 Y-111.4778
G1 X145.3444 Y-111.8556
G1 X141.5037 Y-107.7630
G0 X142.9334 Y-108.0474 F15000.0
G1 X148.0524 Y-105.9270 F12000.0
G0 X148.3814 Y-104.6148 F15000.0
G1 X148.3814 Y-155.7407 F12000.0
G0 X147.2136 Y-155.7407 F15000.0
G1 X147.2136 Y-104.1111 F12000.0
G0 X147.5481 Y-103.7333 F15000.0
G1 X151.5778 Y-104.8037 F12000.0
G1 X147.2963 Y-103.4815
G0 X147.6324 Y-103.1299 F15000.0
G1 X174.7015 Y-130.1990 F12000.0
G1 X5.0000 Y-130.2389 F12000.0
G0 X4.8892 Y-130.0415 F15000.0
G1 X29.2870 Y-105.6437 F12000.0
G0 X28.7687 Y-105.8815 F15000.0
G1 X75.0711 Y-152.1839 F12000.0
G0 X73.8462 Y-152.6964 F15000.0
G1 X26.2972 Y-105.1474 F12000.0
G0 X28.3753 Y-104.7321 F15000.0
G1 X5.0460 Y-128.0614 F12000.0
G0 X5.0000 Y-127.5389 F15000.0
G1 X174.7481 Y-127.5389 F12000.0
G0 X174.8474 Y-127.1798 F15000.0
G1 X122.9595 Y-148.6724 F12000.0
G0 X119.1876 Y-150.2000 F15000.0
G1 X119.1876 Y-109.6519 F12000.0
G0 X119.3407 Y-109.5259 F15000.0
G1 X117.4519 Y-111.7926 F12000.0
G1 X119.3407 Y-109.2741
G0 X118.6832 Y-108.9279 F15000.0
G1 X174.7803 Y-165.0251 F12000.0
G0 X174.7481 Y-165.3389 F15000.0
G1 X118.0815 Y-165.3389 F12000.0
G0 X118.0815 Y-165.4370 F15000.0
G1 X121.4185 Y-167.3259 F12000.0
G1 X117.8296 Y-165.4370
G0 X118.0888 Y-164.5271 F15000.0
G1 X174.7202 Y-107.8957 F12000.0
G0 X174.7749 Y-107.6867 F15000.0
G1 X166.0487 Y-98.9605 F12000.0
G0 X167.4516 Y-98.6261 F15000.0
G1 X174.7532 Y-105.9276 F12000.0
G1 X110.7778 Y-105.9389 F12000.0
G0 X111.0296 Y-104.5889 F15000.0
G1 X91.8889 Y-104.5889 F12000.0
G0 X92.6444 Y-105.9389 F15000.0
G1 X94.9111 Y-105.9389 F12000.0
G0 X95.6667 Y-105.2444 F15000.0
G1 X96.4222 Y-106.3148 F12000.0
G1 X96.0444 Y-106.8815
G1 X98.2481 Y-108.8333
G1 X101.3963 Y-108.3296
G1 X101.8370 Y-108.5815
G1 X100.5148 Y-108.2667
G1 X98.4370 Y-108.8333
G1 X96.2963 Y-106.5667
G1 X95.9185 Y-105.2444
G0 X92.3806 Y-108.1880 F15000.0
G1 X26.4887 Y-174.0799 F12000.0
G0 X25.7763 Y-174.7922 F15000.0
G1 X4.9403 Y-195.6283 F12000.0
G0 X5.0000 Y-196.3889 F15000.0
G1 X174.7481 Y-196.3889 F12000.0
G0 X173.7407 Y-195.9111 F15000.0
G1 X173.9296 Y-197.0444 F12000.0
G1 X174.2444 Y-196.4778
G1 X173.3630 Y-196.2259
G1 X171.5370 Y-197.1074
G1 X171.6630 Y-196.4148
G1 X171.9148 Y-197.2963
G1 X173.4889 Y-195.9111
G0 X172.7333 Y-197.6741 F15000.0
G1 X173.8037 Y-199.1222 F12000.0
G1 X173.4259 Y-199.5630
G1 X173.7407 Y-198.3667
G1 X173.1741 Y-197.8000
G1 X174.3074 Y-197.7370
G1 X172.9852 Y-197.9259
G0 X173.4889 Y-200.4444 F15000.0
G1 X174.1185 Y-203.8444 F12000.0
G1 X172.3556 Y-201.8926
G1 X172.4815 Y-201.0111
G1 X171.6630 Y-201.3259
G1 X172.6074 Y-201.3889
G1 X173.8037 Y-204.1593
G1 X173.5519 Y-204.9778
G1 X173.8037 Y-204.5370
G1 X174.5593 Y-205.6074
G1 X173.9296 Y-204.0333
G1 X174.1815 Y-200.5704
G1 X174.4963 Y-200.8222
G1 X173.7407 Y-200.4444
G0 X174.7481 Y-200.4389 F15000.0
G1 X5.0000 Y-200.4389 F12000.0
G0 X5.0039 Y-201.0345 F15000.0
G1 X32.6072 Y-173.4312 F12000.0
G0 X30.9407 Y-173.4963 F15000.0
G1 X32.2630 Y-175.3852 F12000.0
G1 X31.4444 Y-176.2667
G1 X30.6889 Y-175.5741
G1 X33.2704 Y-175.4481
G1 X31.1296 Y-177.8407
G1 X33.3963 Y-178.0296
G1 X32.6407 Y-177.1481
G1 X33.5852 Y-174.3148
G1 X32.0111 Y-174.4407
G1 X30.9407 Y-173.7481
G0 X34.4517 Y-177.0565 F15000.0
G1 X4.8894 Y-206.6188 F12000.0
G0 X5.0000 Y-207.1889 F15000.0
G1 X174.7481 Y-207.1889 F12000.0
G0 X174.7681 Y-206.7095 F15000.0
G1 X169.9597 Y-201.9012 F12000.0
G0 X168.7349 Y-202.4137 F15000.0
G1 X174.7898 Y-208.4686 F12000.0
G0 X174.7481 Y-208.5389 F15000.0
G1 X5.0000 Y-208.5389 F12000.0
G0 X4.9106 Y-208.4209 F15000.0
G1 X35.5414 Y-177.7901 F12000.0
G0 X36.7333 Y-173.4963 F15000.0
G1 X37.2370 Y-173.4333 F12000.0
G1 X36.7333 Y-174.2519
G1 X38.1185 Y-174.5667
G1 X37.3630 Y-174.1889
G1 X38.1185 Y-175.0704
G1 X36.4185 Y-176.2037
G1 X35.9778 Y-175.3222
G1 X34.5296 Y-174.6926
G1 X36.4815 Y-173.2444
G0 X36.3894 Y-173.2955 F15000.0
G1 X5.0463 Y-204.6387 F12000.0
G0 X5.0000 Y-204.4889 F15000.0
G1 X174.7481 Y-204.4889 F12000.0
G1 X139.6927 Y-239.5568 F12000.0
G0 X141.1386 Y-239.9342 F15000.0
G1 X152.8923 Y-228.1805 F12000.0
G0 X152.1824 Y-229.2952 F15000.0
G1 X151.4700 Y-228.5828 F12000.0
G0 X149.5111 Y-226.6239 F15000.0
G1 X145.2370 Y-222.3498 F12000.0
G0 X145.2587 Y-224.1089 F15000.0
G1 X155.9439 Y-234.7941 F12000.0
G0 X155.0752 Y-235.6628 F15000.0
G1 X145.4586 Y-226.0461 F12000.0
G0 X144.7680 Y-227.0929 F15000.0
G1 X153.4942 Y-235.8191 F12000.0
G0 X152.4474 Y-236.5097 F15000.0
G1 X139.9814 Y-224.0437 F12000.0
G0 X138.7566 Y-224.5562 F15000.0
G1 X152.6473 Y-238.4469 F12000.0
G0 X151.6005 Y-239.1375 F15000.0
G1 X143.4086 Y-230.9456 F12000.0
G0 X141.8275 Y-231.1019 F15000.0
G1 X143.9646 Y-233.2389 F12000.0
G0 X142.7397 Y-233.7514 F15000.0
G1 X140.4246 Y-231.4363 F12000.0
G0 X139.7407 Y-231.6741 F15000.0
G1 X142.8259 Y-234.4444 F12000.0
G1 X144.1481 Y-233.8778
G1 X145.4074 Y-233.8778
G1 X144.5889 Y-235.1370
G1 X146.2259 Y-233.6259
G1 X146.1000 Y-232.9963
G1 X146.1000 Y-234.3185
G1 X144.2111 Y-235.8926
G1 X146.6037 Y-237.2778
G1 X144.9667 Y-235.8296
G1 X146.7296 Y-236.5222
G1 X146.9185 Y-235.1370
G1 X145.1556 Y-238.2852
G1 X144.6519 Y-238.2222
G1 X145.6593 Y-238.7889
G1 X145.9111 Y-238.4741
G1 X144.9037 Y-238.9148
G1 X143.6444 Y-237.4037
G1 X142.8889 Y-236.7741
G1 X142.3222 Y-238.7259
G1 X143.4556 Y-240.9926
G1 X144.3370 Y-239.8593
G1 X143.8963 Y-239.1667
G1 X145.4704 Y-240.0481
G1 X146.4778 Y-239.7333
G1 X148.9963 Y-238.2222
G1 X148.1778 Y-236.2074
G1 X148.6815 Y-236.6481
G1 X148.1778 Y-234.9481
G1 X148.6185 Y-235.2630
G1 X149.6259 Y-232.9333
G1 X150.1296 Y-236.2074
G1 X151.1370 Y-235.8926
G1 X151.3259 Y-235.2000
G1 X151.1370 Y-236.5852
G1 X152.9630 Y-236.7111
G1 X153.6556 Y-237.3407
G1 X155.7333 Y-236.2704
G1 X154.7889 Y-234.4444
G1 X155.4815 Y-234.5074
G1 X156.1111 Y-236.5852
G1 X155.6704 Y-237.2778
G1 X158.8815 Y-238.4111
G1 X158.1259 Y-236.1444
G1 X159.2593 Y-236.5222
G1 X158.3148 Y-235.9556
G1 X158.8815 Y-237.9074
G1 X161.7148 Y-236.7111
G1 X158.0000 Y-235.0741
G1 X162.7222 Y-232.9963
G1 X163.2889 Y-235.2630
G1 X163.8556 Y-234.5074
G1 X163.9815 Y-237.1519
G1 X164.5481 Y-235.7037
G1 X164.9889 Y-237.7185
G1 X164.2333 Y-237.3407
G1 X166.0593 Y-239.2296
G1 X167.1926 Y-242.1259
G1 X166.1222 Y-243.8889
G1 X167.6333 Y-242.6296
G1 X169.0815 Y-243.5741
G1 X169.7111 Y-243.2593
G1 X170.8444 Y-243.6370
G1 X171.0963 Y-241.6852
G1 X173.4889 Y-243.3852
G1 X173.9296 Y-241.6852
G1 X173.4889 Y-244.9593
G1 X174.5593 Y-245.1481
G1 X173.6148 Y-245.2111
G1 X174.3704 Y-245.6519
G1 X172.7333 Y-245.1481
G1 X174.5593 Y-247.4778
G1 X173.3630 Y-247.7926
G1 X172.4185 Y-247.2889
G1 X172.2926 Y-247.7926
G1 X171.7259 Y-246.7222
G1 X171.2852 Y-247.6037
G1 X171.1593 Y-246.4074
G1 X171.6630 Y-244.1407
G1 X172.4815 Y-243.7000
G1 X169.0815 Y-243.8259
G1 X169.3333 Y-245.4630
G1 X171.2222 Y-245.5889
G1 X167.3815 Y-249.4296
G1 X172.1667 Y-250.6259
G1 X172.2926 Y-249.9333
G1 X170.0889 Y-247.7926
G1 X172.8593 Y-248.8000
G1 X172.9222 Y-249.9333
G1 X174.4333 Y-249.3037
G1 X174.3704 Y-248.8630
G1 X174.2444 Y-249.9333
G1 X173.1111 Y-250.2481
G1 X174.6222 Y-251.0037
G1 X173.9296 Y-252.5778
G1 X173.9926 Y-250.8148
G1 X172.9222 Y-251.4444
G1 X173.3000 Y-251.6963
G1 X171.7889 Y-252.6407
G1 X171.2222 Y-251.4444
G1 X169.3963 Y-252.1370
G1 X169.1444 Y-252.7037
G1 X168.3259 Y-251.7593
G1 X168.5148 Y-252.8926
G1 X167.6963 Y-251.6333
G1 X166.9407 Y-251.3185
G1 X167.5074 Y-250.1852
G1 X166.1222 Y-248.6111
G1 X166.7519 Y-247.6037
G1 X171.0333 Y-245.0852
G1 X166.6889 Y-247.0370
G1 X169.0185 Y-245.4000
G1 X167.6333 Y-245.6519
G1 X166.7519 Y-244.5185
G1 X165.4296 Y-248.3593
G1 X165.1778 Y-247.6667
G1 X164.3593 Y-247.7926
G1 X163.9815 Y-247.2889
G1 X163.3519 Y-247.7926
G1 X164.6111 Y-247.0370
G1 X165.8074 Y-247.0370
G1 X167.0037 Y-241.8741
G1 X164.5481 Y-240.6148
G1 X165.2407 Y-241.5593
G1 X164.1074 Y-240.8037
G1 X164.2963 Y-239.2926
G1 X161.9667 Y-242.6296
G1 X161.0222 Y-239.6074
G1 X159.3222 Y-241.3704
G1 X160.3296 Y-240.3630
G1 X160.5185 Y-241.3704
G1 X160.8333 Y-240.7407
G1 X161.6519 Y-243.5741
G1 X162.6593 Y-243.6370
G1 X163.5407 Y-246.2815
G1 X162.3444 Y-246.2185
G1 X162.5333 Y-246.5963
G1 X161.9667 Y-246.4074
G1 X161.9037 Y-247.7296
G1 X161.3370 Y-244.5815
G1 X160.0778 Y-246.1556
G1 X161.0852 Y-245.8407
G1 X159.2593 Y-249.9333
G1 X161.1481 Y-249.6815
G1 X162.0926 Y-248.6741
G1 X164.8630 Y-250.6889
G1 X163.8556 Y-252.3889
G1 X164.6741 Y-250.6889
G1 X158.4407 Y-252.3259
G1 X158.4407 Y-249.8074
G1 X159.1963 Y-248.1704
G1 X157.9370 Y-245.9037
G1 X157.8741 Y-248.6111
G1 X156.8037 Y-247.9185
G1 X157.5593 Y-248.2963
G1 X157.7481 Y-246.8481
G1 X155.4815 Y-244.2667
G1 X156.0481 Y-246.4704
G1 X154.1593 Y-244.8963
G1 X153.7815 Y-245.1481
G1 X154.0963 Y-244.7074
G1 X152.1444 Y-242.6296
G1 X152.7111 Y-245.2111
G1 X151.0741 Y-244.8333
G1 X156.2370 Y-247.4778
G1 X155.5444 Y-248.3593
G1 X155.7333 Y-247.5407
G1 X154.4741 Y-247.0370
G1 X154.3481 Y-247.8556
G1 X154.4741 Y-248.6111
G1 X154.0963 Y-246.7222
G1 X154.6000 Y-246.3444
G1 X152.4593 Y-248.4852
G1 X152.8370 Y-248.8000
G1 X151.9556 Y-248.2333
G1 X151.9556 Y-249.0519
G1 X153.2778 Y-249.5556
G1 X153.2778 Y-250.2481
G1 X151.9556 Y-250.6889
G1 X153.2778 Y-251.0037
G1 X152.0815 Y-251.3185
G1 X152.3963 Y-252.4519
G1 X151.6407 Y-250.6889
G1 X150.5704 Y-251.6963
G1 X151.0741 Y-249.3667
G1 X148.9963 Y-249.8074
G1 X148.4926 Y-250.8778
G1 X148.6815 Y-249.3667
G1 X147.5481 Y-250.5630
G1 X146.4148 Y-250.0593
G1 X147.7370 Y-250.1852
G1 X145.3444 Y-248.5481
G1 X145.0296 Y-249.8074
G1 X145.4074 Y-250.5630
G1 X144.5259 Y-245.8407
G1 X147.1074 Y-245.5889
G1 X145.6593 Y-244.7074
G1 X147.5481 Y-244.0148
G1 X146.0370 Y-244.8333
G1 X146.9815 Y-246.0926
G1 X146.1630 Y-246.8481
G1 X148.1148 Y-248.2333
G1 X151.8926 Y-248.1704
G1 X152.3333 Y-245.9037
G1 X149.5000 Y-246.0296
G1 X148.6815 Y-247.8556
G1 X148.3037 Y-246.7222
G1 X149.6889 Y-244.3926
G1 X149.7519 Y-243.1963
G1 X148.7444 Y-242.5037
G1 X148.3667 Y-243.4481
G1 X147.6741 Y-242.1889
G1 X146.4148 Y-242.1889
G1 X146.1000 Y-243.5741
G1 X146.5407 Y-241.6852
G1 X147.3593 Y-240.3000
G1 X146.2259 Y-240.1111
G1 X144.4000 Y-240.2370
G1 X142.7000 Y-244.5815
G1 X143.0148 Y-244.3296
G1 X141.6926 Y-244.9593
G1 X141.1259 Y-244.0778
G1 X139.8667 Y-245.3370
G1 X140.5593 Y-244.8963
G1 X139.8667 Y-246.0296
G1 X139.1111 Y-245.6519
G1 X139.6148 Y-247.4778
G1 X141.3148 Y-247.7926
G1 X141.4407 Y-245.5889
G1 X142.1333 Y-246.3444
G1 X144.5889 Y-247.1000
G1 X143.8333 Y-246.8481
G1 X143.6444 Y-249.3667
G1 X143.5815 Y-251.0667
G1 X143.5815 Y-249.6815
G1 X141.9444 Y-249.9333
G1 X140.1185 Y-248.6111
G1 X141.9444 Y-249.3667
G1 X140.5593 Y-247.4148
G1 X138.8593 Y-247.6667
G1 X137.6000 Y-250.3111
G1 X137.0333 Y-249.7444
G1 X136.7185 Y-250.5000
G1 X136.7185 Y-244.9593
G1 X136.2148 Y-244.7074
G1 X136.7185 Y-244.3296
G1 X137.3481 Y-242.5037
G1 X138.7333 Y-243.3222
G1 X139.6778 Y-240.8667
G1 X140.6852 Y-242.6296
G1 X141.0000 Y-241.2444
G1 X140.4333 Y-240.6148
G1 X142.2593 Y-242.2519
G1 X140.7481 Y-239.7963
G1 X139.0481 Y-238.9778
G1 X138.5444 Y-237.5926
G1 X138.1667 Y-238.4741
G1 X138.3556 Y-237.6556
G1 X141.5667 Y-238.0333
G1 X144.2111 Y-234.8222
G1 X142.7630 Y-234.6963
G1 X142.3852 Y-235.3259
G1 X141.2519 Y-235.3889
G1 X141.8185 Y-235.8296
G1 X139.4889 Y-234.9481
G1 X137.2852 Y-236.9000
G1 X137.0333 Y-238.1593
G1 X138.6074 Y-234.6333
G1 X135.7111 Y-233.9407
G1 X137.7889 Y-234.5074
G1 X136.9074 Y-232.8074
G1 X136.3407 Y-232.9963
G1 X140.8741 Y-234.9481
G1 X141.2519 Y-234.0667
G1 X139.7407 Y-232.7444
G1 X139.2370 Y-234.0037
G1 X138.6704 Y-232.8704
G1 X139.8667 Y-232.2407
G1 X139.4889 Y-231.6741
G0 X137.5970 Y-230.3460 F15000.0
G1 X142.2272 Y-234.9763 F12000.0
G0 X140.2900 Y-234.7764 F15000.0
G1 X135.6598 Y-230.1462 F12000.0
G0 X135.2074 Y-229.6593 F15000.0
G1 X136.4667 Y-231.8630 F12000.0
G1 X138.7333 Y-230.8556
G1 X136.7815 Y-231.0444
G1 X137.4741 Y-230.6037
G1 X135.2074 Y-229.4074
G0 X133.9007 Y-230.1245 F15000.0
G1 X139.0651 Y-235.2890 F12000.0
G0 X140.2444 Y-236.2074 F15000.0
G1 X138.2296 Y-236.9000 F12000.0
G1 X140.4963 Y-236.2074
G0 X143.4956 Y-237.9820 F15000.0
G1 X144.7422 Y-239.2286 F12000.0
G0 X145.4328 Y-238.1818 F15000.0
G1 X146.3232 Y-239.0723 F12000.0
G0 X146.7229 Y-239.8197 F15000.0
G1 X174.8605 Y-211.6821 F12000.0
G0 X174.8333 Y-211.9868 F15000.0
G1 X166.2852 Y-203.4387 F12000.0
G0 X164.6741 Y-202.4593 F15000.0
G1 X166.0593 Y-203.7815 F12000.0
G1 X167.6963 Y-203.2778
G1 X168.3259 Y-204.2222
G1 X166.8148 Y-203.2778
G1 X165.8074 Y-203.7815
G1 X164.6741 Y-203.1519
G1 X164.6741 Y-202.2074
G0 X166.0853 Y-201.5015 F15000.0
G1 X174.8116 Y-210.2277 F12000.0
G0 X174.7481 Y-209.8889 F15000.0
G1 X5.0000 Y-209.8889 F12000.0
G0 X4.9318 Y-210.2229 F15000.0
G1 X105.7286 Y-109.4262 F12000.0
G0 X104.7333 Y-108.6389 F15000.0
G1 X5.0000 Y-108.6389 F12000.0
G0 X4.8969 Y-109.8076 F15000.0
G1 X43.8978 Y-148.8084 F12000.0
G0 X44.9663 Y-149.8769 F15000.0
G1 X51.9117 Y-156.8223 F12000.0
G0 X51.0430 Y-157.6910 F15000.0
G1 X42.3168 Y-148.9648 F12000.0
G0 X43.7852 Y-152.3407 F15000.0
G1 X48.5074 Y-154.6704 F12000.0
G1 X47.8778 Y-154.0407
G1 X49.8296 Y-153.4111
G1 X50.3963 Y-153.7889
G1 X50.0185 Y-152.7185
G1 X50.2074 Y-153.6630
G1 X44.0370 Y-152.3407
G0 X46.5474 Y-149.7206 F15000.0
G1 X54.7393 Y-157.9126 F12000.0
G0 X54.3630 Y-159.8963 F15000.0
G1 X55.4963 Y-160.5259 F12000.0
G1 X55.8741 Y-162.9185
G1 X57.0704 Y-162.6667
G1 X57.4481 Y-164.7444
G1 X55.2444 Y-162.7296
G1 X55.2444 Y-162.1000
G1 X54.3630 Y-161.8481
G1 X55.0556 Y-160.0852
G1 X54.1111 Y-159.8963
G0 X53.3799 Y-161.7652 F15000.0
G1 X56.5854 Y-164.9708 F12000.0
G0 X54.6148 Y-163.9259 F15000.0
G1 X55.3074 Y-163.8630 F12000.0
G1 X53.9852 Y-164.0519
G1 X55.9370 Y-164.8704
G1 X55.8111 Y-165.5630
G1 X56.9444 Y-166.2556
G1 X54.4889 Y-164.9333
G1 X54.2370 Y-165.4370
G1 X54.3630 Y-163.6741
G0 X53.2235 Y-163.3462 F15000.0
G1 X48.7714 Y-158.8941 F12000.0
G0 X48.7496 Y-157.1350 F15000.0
G1 X51.5990 Y-159.9843 F12000.0
G0 X48.7931 Y-160.6532 F15000.0
G1 X51.2863 Y-163.1464 F12000.0
G0 X49.8296 Y-162.9185 F15000.0
G1 X53.1667 Y-164.0519 F12000.0
G1 X53.2926 Y-164.8704
G1 X53.0407 Y-164.1778
G1 X52.2852 Y-164.9333
G1 X50.2704 Y-164.5556
G1 X52.0963 Y-164.3667
G1 X52.0333 Y-163.6111
G1 X49.5778 Y-162.9185
G0 X48.8149 Y-162.4123 F15000.0
G1 X47.5683 Y-161.1657 F12000.0
G0 X47.0593 Y-160.4000 F15000.0
G1 X47.4370 Y-161.2185 F12000.0
G1 X44.8556 Y-161.9741
G1 X44.7296 Y-161.4704
G1 X46.8074 Y-160.1481
G0 X46.3434 Y-161.6782 F15000.0
G1 X47.0558 Y-162.3906 F12000.0
G0 X49.3259 Y-157.1259 F15000.0
G1 X50.0185 Y-157.1259 F12000.0
G1 X48.0037 Y-157.8815
G1 X48.3815 Y-158.4481
G1 X48.1296 Y-157.2519
G1 X49.0741 Y-156.8741
G0 X48.3185 Y-150.5778 F15000.0
G1 X49.5148 Y-151.5222 F12000.0
G1 X47.6889 Y-150.7037
G1 X47.8778 Y-152.2148
G1 X48.0037 Y-151.4593
G1 X47.6889 Y-152.2148
G1 X48.0667 Y-150.3259
G0 X47.7722 Y-149.2081 F15000.0
G1 X57.2108 Y-158.6467 F12000.0
G0 X59.1480 Y-158.8465 F15000.0
G1 X49.8875 Y-149.5860 F12000.0
G0 X51.2904 Y-149.2516 F15000.0
G1 X53.4275 Y-151.3886 F12000.0
G0 X54.4742 Y-150.6980 F15000.0
G1 X53.2276 Y-149.4514 F12000.0
G0 X55.5210 Y-150.0074 F15000.0
G1 X60.5074 Y-154.9939 F12000.0
G0 X61.1980 Y-153.9471 F15000.0
G1 X57.8144 Y-150.5634 F12000.0
G0 X58.3926 Y-151.3333 F15000.0
G1 X57.5111 Y-152.9704 F12000.0
G1 X59.7778 Y-152.2148
G1 X58.3926 Y-151.9000
G1 X59.4630 Y-151.4593
G1 X58.6444 Y-151.3333
G0 X58.8963 Y-151.0815 F15000.0
G1 X57.3222 Y-152.4667 F12000.0
G1 X59.7148 Y-153.1593
G1 X62.1704 Y-153.2222
G1 X59.1481 Y-151.3333
G0 X61.5107 Y-150.7850 F15000.0
G1 X77.8946 Y-167.1690 F12000.0
G0 X79.8318 Y-167.3688 F15000.0
G1 X112.0654 Y-199.6024 F12000.0
G0 X111.5333 Y-199.9407 F15000.0
G1 X110.7778 Y-202.7741 F12000.0
G1 X111.5963 Y-202.2074
G1 X111.5333 Y-200.1926
G0 X110.5259 Y-199.6889 F15000.0
G1 X109.9593 Y-201.7667 F12000.0
G1 X107.2519 Y-207.2444
G1 X108.7630 Y-206.6778
G1 X107.8815 Y-207.6222
G1 X107.5667 Y-210.8963
G1 X106.3074 Y-210.8333
G1 X107.6926 Y-208.6296
G1 X107.0000 Y-208.1259
G1 X107.8815 Y-207.8111
G1 X106.3704 Y-207.0556
G1 X106.0556 Y-206.3000
G1 X105.6778 Y-206.9296
G1 X110.5259 Y-199.4370
G0 X111.0134 Y-199.0593 F15000.0
G1 X111.0134 Y-195.2815 F12000.0
G0 X111.2815 Y-195.9111 F15000.0
G1 X111.3444 Y-197.2333 F12000.0
G1 X110.9667 Y-196.8556
G1 X112.4148 Y-197.7370
G1 X112.3519 Y-201.3259
G1 X112.8556 Y-203.5296
G1 X111.2815 Y-203.5296
G1 X113.6111 Y-203.5296
G1 X112.1630 Y-200.0037
G1 X111.5333 Y-196.1630
G0 X113.0904 Y-197.1527 F15000.0
G1 X80.5006 Y-164.5629 F12000.0
G0 X80.1662 Y-165.9659 F15000.0
G1 X112.3998 Y-198.1994 F12000.0
G0 X109.8456 Y-200.5704 F15000.0
G1 X109.8456 Y-170.6000 F12000.0
G0 X113.4765 Y-171.4784 F15000.0
G1 X94.2432 Y-152.2451 F12000.0
G0 X93.0183 Y-152.7576 F15000.0
G1 X113.1421 Y-172.8813 F12000.0
G0 X114.0543 Y-175.5308 F15000.0
G1 X90.3688 Y-151.8454 F12000.0
G0 X91.1333 Y-152.0889 F15000.0
G1 X86.4111 Y-156.6852 F12000.0
G1 X91.3852 Y-151.8370
G0 X91.3852 Y-152.5926 F15000.0
G1 X87.9222 Y-158.8889 F12000.0
G1 X87.3556 Y-164.9333
G1 X87.7333 Y-159.6444
G1 X91.6370 Y-152.5926
G0 X91.1616 Y-153.4741 F15000.0
G1 X91.1616 Y-154.7333 F12000.0
G0 X90.1259 Y-155.6148 F15000.0
G1 X88.1741 Y-161.5333 F12000.0
G1 X89.8741 Y-155.8667
G0 X89.9939 Y-156.7481 F15000.0
G1 X89.9939 Y-153.4741 F12000.0
G0 X89.3220 Y-152.5360 F15000.0
G1 X114.0760 Y-177.2899 F12000.0
G0 X113.5635 Y-178.5148 F15000.0
G1 X88.2753 Y-153.2266 F12000.0
G0 X89.8196 Y-150.8610 F15000.0
G1 X69.3397 Y-171.3409 F12000.0
G0 X69.2222 Y-172.0889 F15000.0
G1 X121.3556 Y-172.0889 F12000.0
G0 X123.1185 Y-173.2444 F15000.0
G1 X134.7667 Y-177.4000 F12000.0
G1 X132.6889 Y-177.4630
G1 X139.9926 Y-178.5333
G1 X134.3889 Y-177.6519
G1 X138.6704 Y-177.7148
G1 X135.2074 Y-176.9593
G1 X123.3704 Y-173.2444
G0 X124.6296 Y-173.4389 F15000.0
G1 X74.5111 Y-173.4389 F12000.0
G0 X74.9452 Y-173.0285 F15000.0
G1 X96.8498 Y-151.1239 F12000.0
G0 X97.9395 Y-151.8574 F15000.0
G1 X70.1581 Y-179.6389 F12000.0
G0 X70.4815 Y-178.5333 F15000.0
G1 X68.5926 Y-182.2481 F12000.0
G1 X70.2296 Y-178.2815
G0 X71.8791 Y-178.5271 F15000.0
G1 X74.5504 Y-181.1984 F12000.0
G0 X73.6454 Y-180.9259 F15000.0
G1 X73.6454 Y-178.1556 F12000.0
G0 X73.7556 Y-178.0296 F15000.0
G1 X71.4259 Y-184.2630 F12000.0
G1 X74.0074 Y-177.7778
G0 X74.5069 Y-177.6801 F15000.0
G1 X73.2603 Y-176.4335 F12000.0
G0 X72.4963 Y-176.1389 F15000.0
G1 X126.1407 Y-176.1389 F12000.0
G0 X127.9037 Y-176.5185 F15000.0
G1 X130.8630 Y-177.8407 F12000.0
G1 X130.2963 Y-178.0296
G1 X135.5222 Y-179.9185
G1 X134.7667 Y-180.1074
G1 X140.3074 Y-181.0519
G1 X137.2852 Y-179.4148
G1 X140.3704 Y-180.7370
G1 X139.0481 Y-181.1148
G1 X128.1556 Y-176.5185
G0 X129.9185 Y-176.1389 F15000.0
G1 X174.7481 Y-176.1389 F12000.0
G0 X174.8137 Y-177.0866 F15000.0
G1 X98.7709 Y-253.1294 F12000.0
G0 X99.1869 Y-253.1778 F15000.0
G1 X101.2810 Y-252.3104 F12000.0
G0 X101.1715 Y-252.7794 F15000.0
G1 X66.2693 Y-238.3225 F12000.0
G0 X65.9844 Y-238.1738 F15000.0
G1 X100.8865 Y-223.7169 F12000.0
G0 X100.6454 Y-223.1178 F15000.0
G1 X52.2478 Y-203.0708 F12000.0
G0 X52.0463 Y-203.2080 F15000.0
G1 X83.9235 Y-190.0040 F12000.0
G0 X84.3472 Y-191.0268 F15000.0
G1 X51.3065 Y-204.7127 F12000.0
G0 X51.4470 Y-205.0041 F15000.0
G1 X100.7754 Y-225.4365 F12000.0
G0 X101.6714 Y-226.5111 F15000.0
G1 X101.6714 Y-229.2815 F12000.0
G0 X102.4667 Y-228.6519 F15000.0
G1 X101.6481 Y-229.1556 F12000.0
G1 X102.7815 Y-230.0370
G1 X101.3333 Y-230.5407
G1 X104.0407 Y-230.6037
G1 X103.7259 Y-231.7370
G1 X105.5519 Y-232.4296
G1 X104.8593 Y-230.6037
G1 X104.2296 Y-231.8000
G1 X102.7185 Y-228.6519
G0 X102.8391 Y-229.7852 F15000.0
G1 X102.8391 Y-227.0148 F12000.0
G0 X104.0069 Y-227.0148 F15000.0
G1 X104.0069 Y-230.2889 F12000.0
G0 X105.1746 Y-230.2889 F15000.0
G1 X105.1746 Y-227.5185 F12000.0
G0 X106.3424 Y-227.5185 F15000.0
G1 X106.3424 Y-229.7852 F12000.0
G0 X107.5101 Y-229.5333 F15000.0
G1 X107.5101 Y-233.3111 F12000.0
G0 X108.0074 Y-233.1852 F15000.0
G1 X108.0074 Y-235.7037 F12000.0
G1 X108.7000 Y-237.2148
G1 X109.4556 Y-235.3889
G1 X108.2593 Y-234.6333
G1 X110.0222 Y-234.8852
G1 X110.4000 Y-233.8778
G1 X108.5741 Y-233.6259
G1 X108.2593 Y-233.1852
G0 X108.6779 Y-233.3111 F15000.0
G1 X108.6779 Y-229.5333 F12000.0
G0 X109.8456 Y-230.0370 F15000.0
G1 X109.8456 Y-233.3111 F12000.0
G0 X111.0134 Y-232.8074 F15000.0
G1 X111.0134 Y-231.5481 F12000.0
G0 X112.1811 Y-231.2963 F15000.0
G1 X112.1811 Y-226.0074 F12000.0
G0 X111.0134 Y-226.0074 F15000.0
G1 X111.0134 Y-227.7704 F12000.0
G0 X109.8456 Y-226.7630 F15000.0
G1 X109.8456 Y-225.0000 F12000.0
G0 X108.6779 Y-225.0000 F15000.0
G1 X108.6779 Y-226.7630 F12000.0
G0 X111.0296 Y-225.3778 F15000.0
G1 X110.6519 Y-225.8815 F12000.0
G1 X108.4481 Y-227.3296
G1 X109.2667 Y-228.5259
G1 X109.1407 Y-229.4704
G1 X111.5333 Y-226.8259
G1 X110.6519 Y-227.0778
G1 X111.9741 Y-227.3926
G1 X113.1704 Y-226.4481
G1 X111.6593 Y-225.5667
G1 X111.4074 Y-225.8815
G1 X111.2815 Y-225.1259
G0 X111.4795 Y-223.3395 F15000.0
G1 X116.6440 Y-228.5040 F12000.0
G0 X117.5845 Y-228.8461 F15000.0
G1 X93.3647 Y-253.0658 F12000.0
G0 X93.4971 Y-252.9556 F15000.0
G1 X93.4971 Y-155.9926 F12000.0
G0 X96.4222 Y-159.1407 F15000.0
G1 X96.2333 Y-164.4926 F12000.0
G1 X96.4222 Y-159.3926
G0 X97.4296 Y-162.1630 F15000.0
G1 X97.6815 Y-177.5259 F12000.0
G1 X101.7741 Y-185.7741
G1 X100.3259 Y-180.6741
G1 X100.3259 Y-182.9407
G1 X97.3037 Y-176.0148
G1 X97.6815 Y-162.4148
G0 X96.7324 Y-164.3289 F15000.0
G1 X100.4553 Y-162.7868 F12000.0
G0 X100.1809 Y-164.0987 F15000.0
G1 X97.1560 Y-165.3517 F12000.0
G0 X97.1143 Y-166.5671 F15000.0
G1 X99.9064 Y-165.4106 F12000.0
G0 X106.4963 Y-159.8963 F15000.0
G1 X111.0296 Y-166.1926 F12000.0
G1 X106.7481 Y-160.1481
G0 X106.5005 Y-159.7060 F15000.0
G1 X13.0052 Y-253.2012 F12000.0
G0 X12.6484 Y-253.0732 F15000.0
G1 X11.4018 Y-251.8266 F12000.0
G0 X12.2705 Y-250.9579 F15000.0
G1 X14.4075 Y-253.0949 F12000.0
G0 X14.9854 Y-253.0444 F15000.0
G1 X107.2340 Y-160.7957 F12000.0
G0 X111.0162 Y-160.6601 F15000.0
G1 X174.7711 Y-96.9052 F12000.0
G0 X174.7481 Y-96.4889 F15000.0
G1 X165.9333 Y-96.4889 F12000.0
G0 X164.6741 Y-96.4889 F15000.0
G1 X5.0000 Y-96.4889 F12000.0
G0 X5.0000 Y-97.8389 F15000.0
G1 X66.7037 Y-97.8389 F12000.0
G0 X67.7111 Y-99.1889 F15000.0
G1 X74.7630 Y-99.1889 F12000.0
G0 X75.7704 Y-100.5389 F15000.0
G1 X65.6963 Y-100.5389 F12000.0
G0 X64.9407 Y-99.1889 F15000.0
G1 X5.0000 Y-99.1889 F12000.0
G0 X5.0000 Y-100.5389 F15000.0
G1 X46.5556 Y-100.5389 F12000.0
G0 X47.6426 Y-103.6975 F15000.0
G1 X4.9019 Y-146.4382 F12000.0
G0 X11.2963 Y-147.3037 F15000.0
G1 X15.1370 Y-148.9407 F12000.0
G1 X13.8148 Y-149.3185
G1 X12.4926 Y-148.6889
G1 X12.0519 Y-147.9333
G1 X11.2333 Y-148.0593
G1 X11.5481 Y-147.0519
G0 X17.3331 Y-148.3041 F15000.0
G1 X5.0451 Y-136.0161 F12000.0
G0 X5.0000 Y-136.9889 F15000.0
G1 X174.7481 Y-136.9889 F12000.0
G0 X174.7462 Y-136.8074 F15000.0
G1 X141.9382 Y-150.3969 F12000.0
G0 X144.4560 Y-150.5522 F15000.0
G1 X174.7045 Y-138.0229 F12000.0
G0 X174.7885 Y-137.2355 F15000.0
G1 X143.2672 Y-105.7142 F12000.0
G0 X143.7104 Y-106.6296 F15000.0
G1 X143.7104 Y-154.7333 F12000.0
G0 X145.5776 Y-151.2858 F15000.0
G1 X174.6627 Y-139.2384 F12000.0
G0 X174.8537 Y-140.3575 F15000.0
G1 X146.6993 Y-152.0194 F12000.0
G0 X147.7353 Y-150.8944 F15000.0
G1 X146.3392 Y-150.3161 F12000.0
G0 X149.5491 Y-154.7333 F15000.0
G1 X149.5491 Y-104.6148 F12000.0
G0 X149.9831 Y-103.4604 F15000.0
G1 X101.3656 Y-152.0779 F12000.0
G0 X101.2074 Y-151.8370 F15000.0
G1 X107.1259 Y-156.8111 F12000.0
G1 X100.9556 Y-151.8370
G0 X100.4540 Y-151.1663 F15000.0
G1 X148.5372 Y-103.0830 F12000.0
G0 X148.0519 Y-102.9778 F15000.0
G1 X149.5630 Y-103.2926 F12000.0
G1 X146.5407 Y-103.7333
G1 X145.9741 Y-104.8037
G1 X147.8000 Y-102.7259
G0 X147.4475 Y-102.3495 F15000.0
G1 X99.3642 Y-150.4327 F12000.0
G0 X98.4526 Y-149.5211 F15000.0
G1 X145.1112 Y-102.8625 F12000.0
G0 X145.2815 Y-103.9852 F15000.0
G1 X144.2741 Y-104.6148 F12000.0
G1 X143.0778 Y-106.5667
G1 X140.8111 Y-107.5111
G1 X145.5333 Y-103.9852
G0 X146.4075 Y-103.6424 F15000.0
G1 X174.7232 Y-131.9581 F12000.0
G0 X174.6804 Y-132.0418 F15000.0
G1 X132.7979 Y-149.3901 F12000.0
G0 X130.5128 Y-149.1384 F15000.0
G1 X174.7222 Y-130.8263 F12000.0
G0 X174.7683 Y-130.3831 F15000.0
G1 X144.0544 Y-117.6610 F12000.0
G0 X144.6875 Y-116.7908 F15000.0
G1 X174.7033 Y-129.2238 F12000.0
G0 X174.7481 Y-128.8889 F15000.0
G1 X5.0000 Y-128.8889 F12000.0
G0 X4.9581 Y-128.9797 F15000.0
G1 X27.2189 Y-151.2405 F12000.0
G0 X28.0876 Y-150.3718 F15000.0
G1 X4.9364 Y-127.2206 F12000.0
G0 X5.9159 Y-127.5333 F15000.0
G1 X5.9159 Y-109.6519 F12000.0
G0 X7.0836 Y-109.6519 F15000.0
G1 X7.0836 Y-128.0370 F12000.0
G0 X8.2514 Y-128.0370 F15000.0
G1 X8.2514 Y-108.1407 F12000.0
G0 X7.7704 Y-108.5185 F15000.0
G1 X10.1000 Y-109.7778 F12000.0
G1 X9.4074 Y-109.2111
G1 X9.5333 Y-110.7222
G1 X8.7148 Y-110.9111
G1 X9.5333 Y-112.9259
G1 X8.7148 Y-110.5963
G1 X7.5185 Y-108.5185
G0 X9.4191 Y-106.6296 F15000.0
G1 X9.4191 Y-128.0370 F12000.0
G0 X10.5869 Y-128.5407 F15000.0
G1 X10.5869 Y-106.6296 F12000.0
G0 X11.7546 Y-107.1333 F15000.0
G1 X11.7546 Y-128.5407 F12000.0
G0 X12.9224 Y-129.5481 F15000.0
G1 X12.9224 Y-106.6296 F12000.0
G0 X11.8681 Y-104.6172 F15000.0
G1 X54.6088 Y-147.3579 F12000.0
G0 X54.6741 Y-152.6352 F15000.0
G1 X55.3864 Y-153.3476 F12000.0
G0 X61.2207 Y-143.0921 F15000.0
G1 X80.5332 Y-135.0926 F12000.0
G0 X79.4950 Y-131.9280 F15000.0
G1 X62.7420 Y-138.8673 F12000.0
G0 X62.3184 Y-137.8446 F15000.0
G1 X79.3041 Y-130.8089 F12000.0
G0 X83.3259 Y-128.1630 F15000.0
G1 X84.5222 Y-132.0037 F12000.0
G1 X83.4519 Y-133.2000
G1 X84.3963 Y-131.5630
G1 X83.3259 Y-127.9111
G0 X84.8050 Y-130.9268 F15000.0
G1 X134.3660 Y-110.3979 F12000.0
G0 X133.9192 Y-111.1980 F15000.0
G1 X132.9885 Y-110.8124 F12000.0
G0 X131.8901 Y-111.4899 F15000.0
G1 X138.4051 Y-114.1885 F12000.0
G0 X139.4008 Y-115.7334 F15000.0
G1 X130.0936 Y-111.8782 F12000.0
G0 X129.2278 Y-112.6521 F15000.0
G1 X174.8333 Y-131.5425 F12000.0
G1 X132.9676 Y-173.3509 F12000.0
G0 X131.4296 Y-173.4389 F15000.0
G1 X174.7481 Y-173.4389 F12000.0
G1 X95.1668 Y-253.0870 F12000.0
G0 X99.5354 Y-253.0922 F15000.0
G1 X49.6713 Y-203.2280 F12000.0
G0 X50.0057 Y-201.8251 F15000.0
G1 X101.2945 Y-253.1139 F12000.0
G0 X100.5730 Y-253.1506 F15000.0
G1 X132.6285 Y-221.0951 F12000.0
G0 X133.5190 Y-220.2047 F15000.0
G1 X174.8349 Y-178.8887 F12000.0
G0 X174.7481 Y-178.8389 F15000.0
G1 X67.2074 Y-178.8389 F12000.0
G0 X66.7037 Y-180.1889 F15000.0
G1 X174.7481 Y-180.1889 F12000.0
G0 X174.8561 Y-180.6908 F15000.0
G1 X102.3751 Y-253.1718 F12000.0
G0 X103.0537 Y-253.1357 F15000.0
G1 X40.0112 Y-190.0932 F12000.0
G0 X38.9644 Y-190.7838 F15000.0
G1 X48.9372 Y-200.7566 F12000.0
G0 X48.0667 Y-200.4444 F15000.0
G1 X46.9963 Y-201.3259 F12000.0
G1 X49.0741 Y-203.2148
G1 X49.3889 Y-200.9481
G1 X48.9481 Y-201.9556
G1 X48.8222 Y-200.1296
G1 X47.8148 Y-200.1926
G0 X50.8370 Y-198.9333 F15000.0
G1 X50.4593 Y-203.5926 F12000.0
G1 X49.9556 Y-205.9852
G1 X50.0815 Y-203.8444
G1 X52.1593 Y-200.0667
G1 X51.3407 Y-199.5630
G1 X51.0889 Y-198.9333
G0 X52.6259 Y-198.0519 F15000.0
G1 X52.6259 Y-196.7926 F12000.0
G0 X55.4509 Y-195.3380 F15000.0
G1 X95.7046 Y-212.0116 F12000.0
G0 X95.6397 Y-210.8523 F15000.0
G1 X55.8513 Y-194.3714 F12000.0
G0 X49.5408 Y-192.6734 F15000.0
G1 X109.9120 Y-253.0446 F12000.0
G0 X109.7614 Y-253.0786 F15000.0
G1 X151.7898 Y-211.0503 F12000.0
G0 X151.9649 Y-211.7041 F15000.0
G1 X161.2253 Y-220.9646 F12000.0
G0 X159.8800 Y-224.8393 F15000.0
G1 X171.8118 Y-212.9075 F12000.0
G0 X170.8026 Y-213.1682 F15000.0
G1 X173.2958 Y-215.6614 F12000.0
G0 X172.0709 Y-216.1739 F15000.0
G1 X168.1530 Y-212.2560 F12000.0
G0 X168.3094 Y-210.6750 F15000.0
G1 X150.3227 Y-192.6883 F12000.0
G0 X151.5475 Y-192.1758 F15000.0
G1 X169.8904 Y-210.5186 F12000.0
G0 X172.1838 Y-211.0746 F15000.0
G1 X161.4986 Y-200.3895 F12000.0
G0 X159.1333 Y-201.4519 F15000.0
G1 X160.2037 Y-201.8926 F12000.0
G1 X160.3926 Y-202.6481
G1 X159.5111 Y-201.6407
G1 X159.3222 Y-204.4111
G1 X159.2593 Y-203.1519
G1 X158.1889 Y-203.9074
G1 X159.1333 Y-203.4037
G1 X158.8815 Y-201.4519
G0 X156.6148 Y-201.9556 F15000.0
G1 X157.8111 Y-202.9630 F12000.0
G1 X157.4333 Y-202.5852
G1 X156.4259 Y-202.9630
G1 X156.3630 Y-201.9556
G0 X154.3276 Y-203.6426 F15000.0
G1 X157.8893 Y-207.2043 F12000.0
G0 X159.4703 Y-207.0480 F15000.0
G1 X145.7577 Y-193.3354 F12000.0
G0 X145.0671 Y-194.3821 F15000.0
G1 X153.2590 Y-202.5741 F12000.0
G0 X152.0342 Y-203.0866 F15000.0
G1 X140.9929 Y-192.0453 F12000.0
G0 X142.0119 Y-191.6557 F15000.0
G1 X80.5722 Y-253.0954 F12000.0
G0 X80.6519 Y-252.9556 F15000.0
G1 X80.6519 Y-188.7333 F12000.0
G0 X80.0519 Y-187.3481 F15000.0
G1 X81.7519 Y-192.8889 F12000.0
G1 X84.7111 Y-196.5407
G1 X81.6889 Y-192.8889
G1 X80.0519 Y-187.0963
G0 X79.0025 Y-185.6505 F15000.0
G1 X77.3998 Y-184.0477 F12000.0
G0 X78.3164 Y-183.6963 F15000.0
G1 X78.3164 Y-252.9556 F12000.0
G0 X75.2640 Y-253.1438 F15000.0
G1 X69.9215 Y-247.8012 F12000.0
G0 X68.8747 Y-248.4918 F15000.0
G1 X73.5049 Y-253.1221 F12000.0
G0 X73.6454 Y-252.9556 F15000.0
G1 X73.6454 Y-192.2593 F12000.0
G0 X73.2779 Y-192.0874 F15000.0
G1 X119.9365 Y-238.7460 F12000.0
G0 X118.5336 Y-239.0804 F15000.0
G1 X71.3407 Y-191.8876 F12000.0
G0 X72.4963 Y-190.6222 F15000.0
G1 X73.3148 Y-190.8741 F12000.0
G1 X72.6852 Y-191.5037
G1 X72.6852 Y-190.8741
G1 X69.1593 Y-192.6370
G1 X70.1037 Y-191.7556
G1 X69.3481 Y-191.4407
G1 X71.1741 Y-191.8185
G1 X72.2444 Y-190.3704
G0 X71.8315 Y-188.9036 F15000.0
G1 X67.0232 Y-184.0953 F12000.0
G0 X66.9526 Y-182.8444 F15000.0
G1 X4.9786 Y-244.8184 F12000.0
G0 X5.0000 Y-244.9889 F15000.0
G1 X174.7481 Y-244.9889 F12000.0
G0 X174.7481 Y-243.6389 F15000.0
G1 X5.0000 Y-243.6389 F12000.0
G1 X9.4211 Y-248.1085 F12000.0
G0 X11.5481 Y-249.0519 F15000.0
G1 X10.6667 Y-250.6259 F12000.0
G1 X12.1148 Y-250.4370
G1 X9.4704 Y-252.3889
G1 X10.4778 Y-252.8296
G1 X11.9259 Y-251.2556
G1 X12.8074 Y-252.0111
G1 X13.3741 Y-251.3185
G1 X12.4926 Y-251.5074
G1 X12.8074 Y-250.5000
G1 X11.8000 Y-249.0519
G0 X12.7612 Y-247.9739 F15000.0
G1 X14.5421 Y-249.7548 F12000.0
G0 X15.5888 Y-249.0642 F15000.0
G1 X13.9861 Y-247.4614 F12000.0
G0 X10.6024 Y-244.0778 F15000.0
G1 X8.2873 Y-241.7627 F12000.0
G0 X7.9529 Y-243.1656 F15000.0
G1 X9.5557 Y-244.7684 F12000.0
G0 X6.5111 Y-245.0222 F15000.0
G1 X5.5667 Y-247.1000 F12000.0
G1 X6.0704 Y-246.1556
G1 X5.1889 Y-246.2815
G1 X6.2593 Y-244.7704
G0 X4.9907 Y-245.4155 F15000.0
G1 X10.1552 Y-250.5800 F12000.0
G0 X7.5990 Y-253.1376 F15000.0
G1 X18.1061 Y-242.6305 F12000.0
G0 X18.6404 Y-242.0963 F15000.0
G1 X78.4773 Y-182.2593 F12000.0
G0 X79.0444 Y-181.5556 F15000.0
G1 X80.1148 Y-190.3074 F12000.0
G1 X79.0444 Y-181.3037
G0 X77.7438 Y-181.1696 F15000.0
G1 X17.3725 Y-241.5408 F12000.0
G0 X16.8383 Y-242.0751 F15000.0
G1 X5.7969 Y-253.1164 F12000.0
G0 X5.0000 Y-253.0889 F15000.0
G1 X174.7481 Y-253.0889 F12000.0
G0 X170.7686 Y-253.0935 F15000.0
G1 X165.4260 Y-247.7509 F12000.0
G0 X161.9037 Y-248.8000 F15000.0
G1 X163.6667 Y-249.6815 F12000.0
G1 X160.2037 Y-251.8222
G1 X158.6926 Y-252.5778
G1 X158.5667 Y-250.9407
G1 X158.7556 Y-249.8704
G1 X161.5259 Y-250.3741
G1 X160.6444 Y-251.3185
G1 X162.0926 Y-250.3111
G1 X161.6519 Y-249.0519
G0 X161.7514 Y-249.2884 F15000.0
G1 X165.6693 Y-253.2063 F12000.0
G0 X169.9420 Y-253.0661 F15000.0
G1 X174.7504 Y-248.2577 F12000.0
G0 X174.7481 Y-247.6889 F15000.0
G1 X5.0000 Y-247.6889 F12000.0
G0 X5.0124 Y-247.1746 F15000.0
G1 X5.7248 Y-247.8869 F12000.0
G0 X5.0210 Y-248.4225 F15000.0
G1 X100.2971 Y-153.1465 F12000.0
G0 X99.3854 Y-152.2348 F15000.0
G1 X4.9998 Y-246.6205 F12000.0
G0 X5.0000 Y-246.3389 F15000.0
G1 X174.7481 Y-246.3389 F12000.0
G0 X173.5092 Y-247.1473 F15000.0
G1 X172.0845 Y-245.7226 F12000.0
G0 X171.3939 Y-246.7694 F15000.0
G1 X172.2843 Y-247.6598 F12000.0
G0 X171.7718 Y-248.8847 F15000.0
G1 X170.1691 Y-247.2819 F12000.0
G0 X169.9630 Y-250.5630 F15000.0
G1 X171.0333 Y-251.4444 F12000.0
G1 X166.8778 Y-251.1926
G1 X169.9630 Y-250.8148
G0 X174.7481 Y-249.0389 F15000.0
G1 X5.0000 Y-249.0389 F12000.0
G0 X6.6587 Y-252.2956 F15000.0
G1 X7.5491 Y-253.1860 F12000.0
G0 X4.9574 Y-243.0163 F15000.0
G1 X65.6847 Y-182.2890 F12000.0
G0 X67.2074 Y-181.5389 F15000.0
G1 X5.0000 Y-181.5389 F12000.0
G0 X5.0000 Y-180.1889 F15000.0
G1 X64.4370 Y-180.1889 F12000.0
G0 X64.6889 Y-178.8389 F15000.0
G1 X65.6963 Y-178.8389 F12000.0
G0 X66.2000 Y-176.1389 F15000.0
G1 X67.4593 Y-176.1389 F12000.0
G0 X69.2222 Y-176.1389 F15000.0
G1 X70.7333 Y-176.1389 F12000.0
G0 X72.3916 Y-177.3022 F15000.0
G1 X74.3505 Y-179.2612 F12000.0
G0 X77.0296 Y-180.8000 F15000.0
G1 X77.7222 Y-181.8704 F12000.0
G1 X76.4000 Y-182.6259
G1 X75.6444 Y-182.4370
G1 X77.2815 Y-182.5000
G1 X77.2815 Y-181.0519
G0 X78.2889 Y-183.3185 F15000.0
G1 X77.2185 Y-188.6704 F12000.0
G1 X70.3556 Y-195.9741
G1 X77.2185 Y-188.8593
G1 X78.1630 Y-183.8852
G1 X81.1222 Y-192.8889
G1 X79.1074 Y-189.7407
G1 X78.2889 Y-183.5704
G0 X75.4626 Y-183.8479 F15000.0
G1 X114.1073 Y-222.4926 F12000.0
G0 X115.0593 Y-222.3556 F15000.0
G1 X113.1074 Y-225.1889 F12000.0
G1 X112.4148 Y-224.8741
G1 X113.1074 Y-226.8259
G1 X113.3593 Y-229.2185
G1 X110.3370 Y-228.7778
G1 X109.4556 Y-229.8481
G1 X108.3852 Y-230.1000
G1 X106.6222 Y-232.6815
G1 X109.0148 Y-231.2963
G1 X109.8333 Y-232.6185
G1 X109.5185 Y-233.3111
G1 X110.8407 Y-231.0444
G1 X111.4074 Y-229.5963
G1 X112.1000 Y-232.8704
G1 X115.1852 Y-229.9741
G1 X114.9333 Y-229.6593
G1 X111.2815 Y-234.7593
G1 X115.8148 Y-233.6889
G1 X113.1704 Y-235.5148
G1 X113.6111 Y-238.4741
G1 X115.6259 Y-234.4444
G1 X115.3741 Y-235.5778
G1 X116.5074 Y-237.3407
G1 X117.9556 Y-235.6407
G1 X117.2630 Y-234.7593
G1 X116.6333 Y-234.8852
G1 X117.8296 Y-234.3185
G1 X117.1370 Y-233.3741
G1 X118.2074 Y-232.4296
G1 X117.7037 Y-231.9259
G1 X116.5704 Y-232.4296
G1 X115.6889 Y-231.7370
G1 X116.0667 Y-229.0926
G1 X113.5481 Y-228.0852
G1 X115.3111 Y-227.5815
G1 X113.8000 Y-226.8889
G1 X113.3593 Y-227.3296
G1 X115.8778 Y-228.1481
G1 X116.4444 Y-230.7926
G1 X117.1370 Y-228.9667
G1 X115.3111 Y-222.1037
G0 X114.9759 Y-221.6239 F15000.0
G1 X106.0716 Y-212.7196 F12000.0
G0 X109.0148 Y-212.5333 F15000.0
G1 X110.8407 Y-215.1148 F12000.0
G1 X109.2037 Y-214.8630
G1 X109.2667 Y-214.0444
G1 X108.8259 Y-214.4852
G1 X109.1407 Y-212.9741
G1 X108.5111 Y-212.4704
G1 X109.2667 Y-212.2815
G0 X113.6641 Y-215.1000 F15000.0
G1 X115.2669 Y-216.7027 F12000.0
G0 X116.1355 Y-215.8341 F15000.0
G1 X115.0670 Y-214.7655 F12000.0
G0 X116.1573 Y-217.5932 F15000.0
G1 X120.4314 Y-221.8672 F12000.0
G0 X121.6074 Y-219.8370 F15000.0
G1 X121.0407 Y-222.2296 F12000.0
G1 X123.1815 Y-221.7889
G1 X121.2926 Y-221.8519
G1 X123.0556 Y-221.0963
G1 X121.8593 Y-220.4667
G1 X121.8593 Y-219.8370
G0 X122.8634 Y-218.0973 F15000.0
G1 X87.7804 Y-253.1803 F12000.0
G1 X101.6806 Y-247.3521 F12000.0
G0 X101.5446 Y-247.2717 F15000.0
G1 X66.4098 Y-232.7184 F12000.0
G0 X65.9603 Y-232.1927 F15000.0
G1 X100.8624 Y-217.7358 F12000.0
G0 X100.1227 Y-219.2404 F15000.0
G1 X65.6859 Y-233.5046 F12000.0
G0 X66.2421 Y-233.7814 F15000.0
G1 X101.6096 Y-248.4311 F12000.0
G0 X101.6389 Y-248.5676 F15000.0
G1 X90.4702 Y-253.1938 F12000.0
G0 X89.1588 Y-253.1397 F15000.0
G1 X44.2811 Y-208.2620 F12000.0
G0 X43.2815 Y-209.5111 F15000.0
G1 X46.0519 Y-209.5741 F12000.0
G1 X46.5556 Y-210.2037
G1 X44.4148 Y-209.6370
G1 X43.7852 Y-211.4630
G1 X42.5889 Y-210.9593
G1 X43.0296 Y-209.2593
G0 X45.2963 Y-210.7704 F15000.0
G1 X44.9815 Y-212.1556 F12000.0
G1 X38.8111 Y-213.4778
G1 X41.5815 Y-213.1630
G1 X45.1704 Y-212.2815
G1 X46.6185 Y-212.6593
G1 X46.2407 Y-212.4074
G1 X45.5481 Y-211.0222
G0 X50.2904 Y-210.1407 F15000.0
G1 X50.2904 Y-205.8593 F12000.0
G0 X50.8790 Y-207.0336 F15000.0
G1 X100.6727 Y-227.6589 F12000.0
G0 X100.9940 Y-227.2670 F15000.0
G1 X67.0226 Y-241.3384 F12000.0
G0 X65.4711 Y-240.8667 F15000.0
G1 X65.4711 Y-239.6074 F12000.0
G0 X64.3034 Y-240.1111 F15000.0
G1 X64.3034 Y-241.3704 F12000.0
G0 X63.1356 Y-241.3704 F15000.0
G1 X63.1356 Y-239.6074 F12000.0
G0 X65.4711 Y-237.3407 F15000.0
G1 X65.4711 Y-231.5481 F12000.0
G0 X66.8102 Y-231.7518 F15000.0
G1 X101.7123 Y-246.2088 F12000.0
G1 X84.7367 Y-253.1723 F12000.0
G0 X84.1763 Y-253.1379 F15000.0
G1 X174.8222 Y-162.4920 F12000.0
G0 X174.7481 Y-161.2889 F15000.0
G1 X5.0000 Y-161.2889 F12000.0
G0 X4.8935 Y-161.0328 F15000.0
G1 X60.2783 Y-105.6481 F12000.0
G0 X60.8338 Y-106.9159 F15000.0
G1 X4.9147 Y-162.8349 F12000.0
G0 X5.0000 Y-162.6389 F15000.0
G1 X111.2815 Y-162.6389 F12000.0
G0 X111.0296 Y-162.6667 F15000.0
G1 X120.2852 Y-168.2074 F12000.0
G1 X110.7778 Y-162.4148
G0 X112.2840 Y-161.2155 F15000.0
G1 X174.7923 Y-98.7073 F12000.0
G0 X174.8442 Y-99.0693 F15000.0
G1 X171.9949 Y-96.2199 F12000.0
G0 X170.7700 Y-96.7324 F15000.0
G1 X174.8660 Y-100.8284 F12000.0
G1 X77.1088 Y-141.3039 F12000.0
G0 X78.6958 Y-141.8447 F15000.0
G1 X162.9263 Y-106.9553 F12000.0
G0 X162.9111 Y-106.2519 F15000.0
G1 X163.3519 Y-107.3852 F12000.0
G1 X161.0852 Y-111.9185
G1 X161.2741 Y-112.8630
G1 X161.9037 Y-108.8963
G1 X163.1630 Y-106.2519
G0 X165.0204 Y-106.0879 F15000.0
G1 X174.7930 Y-102.0400 F12000.0
G0 X174.7481 Y-101.8889 F15000.0
G1 X152.5852 Y-101.8889 F12000.0
G0 X153.9565 Y-102.5046 F15000.0
G1 X174.7926 Y-123.3407 F12000.0
G0 X174.7481 Y-123.4889 F15000.0
G1 X5.0000 Y-123.4889 F12000.0
G0 X4.8929 Y-123.7024 F15000.0
G1 X37.8388 Y-156.6483 F12000.0
G0 X35.0329 Y-157.3171 F15000.0
G1 X38.5946 Y-160.8789 F12000.0
G0 X39.8195 Y-160.3664 F15000.0
G1 X32.5180 Y-153.0648 F12000.0
G0 X32.1835 Y-154.4678 F15000.0
G1 X33.4301 Y-155.7144 F12000.0
G0 X32.5615 Y-156.5830 F15000.0
G1 X31.3149 Y-155.3364 F12000.0
G0 X31.1585 Y-156.9175 F15000.0
G1 X32.0490 Y-157.8079 F12000.0
G0 X31.0022 Y-158.4985 F15000.0
G1 X30.2898 Y-157.7861 F12000.0
G0 X29.9554 Y-159.1891 F15000.0
G1 X25.1471 Y-154.3808 F12000.0
G0 X26.3719 Y-153.8683 F15000.0
G1 X28.8651 Y-156.3615 F12000.0
G0 X28.8434 Y-154.6023 F15000.0
G1 X25.9940 Y-151.7530 F12000.0
G0 X28.9997 Y-153.0213 F15000.0
G1 X29.7121 Y-153.7337 F12000.0
G0 X30.4027 Y-152.6869 F15000.0
G1 X29.6903 Y-151.9746 F12000.0
G0 X31.2714 Y-151.8182 F15000.0
G1 X4.9146 Y-125.4615 F12000.0
G0 X4.9765 Y-124.4519 F15000.0
G1 X8.9321 Y-122.8135 F12000.0
G0 X9.5333 Y-122.1185 F15000.0
G1 X8.2741 Y-124.7000 F12000.0
G1 X5.1889 Y-125.2667
G1 X8.1481 Y-124.4481
G1 X9.5333 Y-121.8667
G0 X10.1372 Y-121.1161 F15000.0
G1 X5.0182 Y-123.2364 F12000.0
G0 X4.9824 Y-122.6552 F15000.0
G1 X23.1472 Y-104.4904 F12000.0
G0 X22.0666 Y-104.3915 F15000.0
G1 X78.3419 Y-160.6668 F12000.0
G0 X82.9874 Y-163.0444 F15000.0
G1 X82.9874 Y-180.9259 F12000.0
G0 X81.8196 Y-180.4222 F15000.0
G1 X81.8196 Y-166.0667 F12000.0
G0 X79.3193 Y-168.5936 F15000.0
G1 X113.1557 Y-202.4300 F12000.0
G0 X110.6842 Y-201.6959 F15000.0
G1 X79.3410 Y-170.3528 F12000.0
G0 X79.1847 Y-171.9338 F15000.0
G1 X109.2813 Y-202.0303 F12000.0
G0 X109.5185 Y-203.4667 F15000.0
G1 X108.5111 Y-205.3556 F12000.0
G1 X107.9444 Y-205.1037
G1 X108.1333 Y-205.7963
G1 X110.0222 Y-204.0333
G1 X110.0852 Y-204.6630
G1 X111.6593 Y-204.7889
G1 X110.0222 Y-205.6074
G1 X109.9593 Y-207.4963
G1 X110.4000 Y-205.9222
G1 X109.0778 Y-208.7556
G1 X109.0778 Y-208.3148
G1 X109.3926 Y-210.9593
G1 X111.9111 Y-211.9667
G1 X111.0926 Y-212.4074
G1 X112.4778 Y-212.1556
G1 X112.6667 Y-210.4556
G1 X114.6815 Y-214.5481
G1 X116.4444 Y-214.2333
G1 X113.8000 Y-208.8815
G1 X114.1148 Y-211.8407
G1 X113.5481 Y-211.4630
G1 X114.8074 Y-213.4148
G1 X113.8000 Y-213.2889
G1 X112.1000 Y-210.4556
G1 X111.8481 Y-211.4000
G1 X109.7074 Y-209.8889
G1 X110.4000 Y-209.0074
G1 X111.6593 Y-208.8815
G1 X110.7148 Y-206.3000
G1 X112.9185 Y-205.6704
G1 X112.8556 Y-204.6000
G1 X113.9259 Y-204.6630
G1 X114.6185 Y-206.6778
G1 X114.2407 Y-207.0556
G1 X114.5556 Y-205.3556
G1 X113.2963 Y-204.4111
G1 X109.7704 Y-203.4667
G0 X110.1934 Y-204.6799 F15000.0
G1 X111.6181 Y-206.1046 F12000.0
G0 X112.4868 Y-205.2359 F15000.0
G1 X119.9664 Y-212.7155 F12000.0
G0 X120.8351 Y-211.8468 F15000.0
G1 X113.8898 Y-204.9015 F12000.0
G0 X115.6489 Y-204.9232 F15000.0
G1 X121.8819 Y-211.1562 F12000.0
G0 X123.1067 Y-210.6437 F15000.0
G1 X117.4080 Y-204.9450 F12000.0
G0 X117.7424 Y-203.5420 F15000.0
G1 X126.8248 Y-212.6244 F12000.0
G0 X125.4436 Y-214.7180 F15000.0
G1 X128.1149 Y-217.3893 F12000.0
G0 X126.0214 Y-218.7704 F15000.0
G1 X127.6241 Y-220.3732 F12000.0
G0 X127.1481 Y-219.8370 F15000.0
G1 X128.0296 Y-220.3407 F12000.0
G1 X125.7630 Y-221.8519
G1 X125.5741 Y-220.4667
G1 X126.8963 Y-220.6556
G1 X125.6370 Y-220.2148
G1 X126.8963 Y-220.0889
G0 X125.7087 Y-221.9325 F15000.0
G1 X124.6402 Y-220.8640 F12000.0
G0 X124.5056 Y-224.2041 F15000.0
G1 X119.3411 Y-219.0396 F12000.0
G0 X122.3080 Y-216.8295 F15000.0
G1 X174.8434 Y-164.2941 F12000.0
G0 X174.7481 Y-163.9889 F15000.0
G1 X115.8148 Y-163.9889 F12000.0
G0 X115.7313 Y-163.2381 F15000.0
G1 X174.8559 Y-104.1135 F12000.0
G0 X174.7314 Y-104.1685 F15000.0
G1 X169.0326 Y-98.4698 F12000.0
G0 X169.4009 Y-99.5778 F15000.0
G1 X169.4009 Y-160.2741 F12000.0
G0 X168.2331 Y-159.7704 F15000.0
G1 X168.2331 Y-100.5852 F12000.0
G0 X167.0654 Y-101.0889 F15000.0
G1 X167.0654 Y-159.7704 F12000.0
G0 X165.8976 Y-159.7704 F15000.0
G1 X165.8976 Y-101.0889 F12000.0
G0 X164.7299 Y-101.5926 F15000.0
G1 X164.7299 Y-159.2667 F12000.0
G0 X163.5621 Y-158.2593 F15000.0
G1 X163.5621 Y-101.5926 F12000.0
G0 X163.4668 Y-100.9164 F15000.0
G1 X167.0285 Y-97.3546 F12000.0
G0 X169.7232 Y-97.4230 F15000.0
G1 X174.7097 Y-102.4094 F12000.0
G0 X174.8347 Y-102.3114 F15000.0
G1 X114.6416 Y-162.5045 F12000.0
G0 X115.1051 Y-160.9454 F15000.0
G1 X112.4338 Y-158.2741 F12000.0
G0 X110.6530 Y-156.4933 F15000.0
G1 X62.5697 Y-108.4100 F12000.0
G0 X62.2797 Y-107.2932 F15000.0
G1 X4.9359 Y-164.6370 F12000.0
G0 X5.0000 Y-163.9889 F15000.0
G1 X113.0444 Y-163.9889 F12000.0
G0 X115.0593 Y-165.3389 F15000.0
G1 X5.0000 Y-165.3389 F12000.0
G0 X4.8806 Y-165.3868 F15000.0
G1 X5.7710 Y-166.2772 F12000.0
G0 X4.9571 Y-166.4390 F15000.0
G1 X63.7255 Y-107.6706 F12000.0
G0 X65.1714 Y-108.0480 F15000.0
G1 X4.9783 Y-168.2411 F12000.0
G0 X5.0000 Y-168.0389 F15000.0
G1 X118.3333 Y-168.0389 F12000.0
G0 X117.0741 Y-166.6889 F15000.0
G1 X5.0000 Y-166.6889 F12000.0
G0 X5.7493 Y-164.5181 F15000.0
G1 X8.2425 Y-167.0113 F12000.0
G0 X9.8235 Y-166.8550 F15000.0
G1 X6.7960 Y-163.8275 F12000.0
G0 X6.5111 Y-162.6667 F15000.0
G1 X6.5111 Y-165.1222 F12000.0
G1 X5.0630 Y-164.8074
G1 X5.3148 Y-164.0519
G1 X5.5667 Y-164.8074
G1 X6.2593 Y-162.6667
G0 X8.1990 Y-163.4931 F15000.0
G1 X9.9798 Y-165.2739 F12000.0
G0 X10.8485 Y-164.4053 F15000.0
G1 X9.6019 Y-163.1587 F12000.0
G0 X11.0049 Y-162.8242 F15000.0
G1 X12.0734 Y-163.8927 F12000.0
G0 X13.1201 Y-163.2022 F15000.0
G1 X14.9010 Y-164.9830 F12000.0
G0 X16.3039 Y-164.6486 F15000.0
G1 X14.7012 Y-163.0458 F12000.0
G0 X16.4603 Y-163.0676 F15000.0
G1 X19.3097 Y-165.9169 F12000.0
G0 X20.1783 Y-165.0483 F15000.0
G1 X17.3290 Y-162.1989 F12000.0
G0 X16.8370 Y-163.4222 F15000.0
G1 X18.9778 Y-164.2407 F12000.0
G1 X19.5444 Y-163.9889
G1 X17.5296 Y-166.8222
G1 X20.4889 Y-165.6889
G1 X20.4259 Y-165.1852
G1 X21.4333 Y-166.6333
G1 X20.4889 Y-167.2630
G1 X21.3704 Y-166.5704
G1 X16.5852 Y-167.2630
G1 X17.3407 Y-165.6889
G1 X16.3963 Y-165.1222
G1 X15.9556 Y-165.5000
G1 X15.8926 Y-164.5556
G1 X18.1593 Y-164.2407
G1 X16.5852 Y-163.4222
G0 X19.8004 Y-162.9330 F15000.0
G1 X21.0470 Y-164.1796 F12000.0
G0 X21.1185 Y-165.1852 F15000.0
G1 X20.6778 Y-168.3333 F12000.0
G1 X15.8926 Y-170.5370
G1 X15.5148 Y-170.1593
G1 X15.7037 Y-170.7889
G1 X14.4444 Y-170.0963
G1 X11.3593 Y-169.5926
G1 X12.4926 Y-168.5222
G1 X10.9185 Y-171.6074
G1 X8.4000 Y-169.9704
G1 X5.1889 Y-171.2926
G1 X6.0704 Y-172.2370
G1 X5.6926 Y-172.8037
G1 X9.6593 Y-171.9222
G1 X8.4630 Y-172.8037
G1 X10.4148 Y-171.5444
G1 X11.4222 Y-171.9222
G1 X7.2667 Y-174.2519
G1 X9.5963 Y-174.0630
G1 X9.8481 Y-174.6926
G1 X10.1630 Y-174.0000
G1 X11.3593 Y-176.3296
G1 X10.6037 Y-176.7074
G1 X10.6667 Y-176.1407
G1 X7.0778 Y-177.5259
G1 X7.2037 Y-177.0222
G1 X7.8333 Y-182.3111
G1 X8.4000 Y-179.6667
G1 X8.4630 Y-180.6111
G1 X8.9037 Y-178.2815
G1 X7.5815 Y-178.0926
G1 X12.1778 Y-176.2037
G1 X11.5481 Y-178.4074
G1 X9.6593 Y-178.5963
G1 X9.7222 Y-180.9889
G1 X10.6037 Y-180.1704
G1 X10.6667 Y-179.4778
G1 X9.2185 Y-180.2333
G1 X9.4704 Y-178.9741
G1 X12.1148 Y-178.3444
G1 X12.7444 Y-176.0778
G1 X13.1222 Y-176.7074
G1 X14.8852 Y-173.8111
G1 X12.3037 Y-172.7407
G1 X12.8074 Y-171.7963
G1 X12.3667 Y-169.7185
G1 X12.9963 Y-170.7889
G1 X16.0185 Y-171.7333
G1 X16.2074 Y-172.8037
G1 X15.3889 Y-172.9926
G1 X16.5222 Y-173.5593
G1 X16.8370 Y-174.5037
G1 X16.0185 Y-170.7889
G1 X19.1667 Y-170.8519
G1 X20.5519 Y-171.0407
G1 X21.2444 Y-171.7963
G1 X20.9926 Y-170.8519
G1 X22.5667 Y-170.4741
G1 X19.5444 Y-170.2852
G1 X20.3000 Y-169.6556
G1 X18.9778 Y-168.7741
G1 X21.6222 Y-169.7815
G1 X22.8815 Y-169.0889
G1 X22.3148 Y-167.5148
G1 X23.1333 Y-166.1296
G1 X23.4481 Y-168.2074
G1 X23.8259 Y-167.8296
G1 X26.8481 Y-174.5667
G1 X25.1481 Y-171.0407
G1 X24.3926 Y-170.7259
G1 X24.8963 Y-170.2222
G1 X23.7630 Y-170.6000
G1 X24.4556 Y-169.0259
G1 X24.8963 Y-167.3889
G1 X23.7630 Y-167.3889
G1 X24.8963 Y-166.3185
G1 X21.3704 Y-165.4370
G0 X22.8061 Y-164.2013 F15000.0
G1 X20.6691 Y-162.0643 F12000.0
G0 X22.8815 Y-163.4222 F15000.0
G1 X20.9926 Y-163.9259 F12000.0
G1 X26.7222 Y-164.4926
G1 X23.6370 Y-164.7444
G1 X24.3296 Y-165.8148
G1 X24.2037 Y-164.3037
G1 X28.2963 Y-164.9963
G1 X26.5333 Y-167.5778
G1 X25.9037 Y-166.0667
G1 X26.4074 Y-165.7519
G1 X25.8407 Y-166.9481
G1 X25.5259 Y-168.8370
G1 X27.9185 Y-167.7667
G1 X26.4704 Y-171.1667
G1 X27.5407 Y-173.0556
G1 X27.2889 Y-173.6852
G1 X28.6111 Y-172.5519
G1 X30.1222 Y-174.1259
G1 X30.8778 Y-172.1111
G1 X31.5074 Y-172.9296
G1 X32.7667 Y-173.3704
G1 X30.3111 Y-172.4259
G1 X29.7444 Y-173.7481
G1 X28.8000 Y-172.5519
G1 X27.0370 Y-171.4815
G1 X29.4926 Y-171.7333
G1 X27.8556 Y-171.0407
G1 X31.0037 Y-170.0963
G1 X28.8000 Y-169.0259
G1 X29.4296 Y-166.8222
G1 X28.8000 Y-167.0111
G1 X29.6185 Y-167.3889
G1 X27.8556 Y-167.7037
G1 X28.8630 Y-165.6889
G1 X28.4222 Y-164.6185
G1 X28.7370 Y-163.8000
G1 X29.6185 Y-164.4926
G1 X30.7519 Y-165.8778
G1 X30.3741 Y-166.2556
G1 X32.3259 Y-165.3741
G1 X33.0815 Y-167.2630
G1 X35.5370 Y-165.9407
G1 X35.6630 Y-166.4444
G1 X33.9630 Y-165.1222
G1 X33.2704 Y-164.1148
G1 X34.0259 Y-166.4444
G1 X32.5778 Y-167.0741
G1 X32.0111 Y-165.3111
G1 X29.7444 Y-164.8074
G1 X28.6741 Y-163.7370
G1 X23.1333 Y-163.4222
G0 X25.7901 Y-163.7106 F15000.0
G1 X26.8586 Y-164.7791 F12000.0
G0 X27.5492 Y-163.7323 F15000.0
G1 X29.6862 Y-165.8694 F12000.0
G0 X31.0892 Y-165.5349 F15000.0
G1 X28.0617 Y-162.5075 F12000.0
G0 X28.9304 Y-161.6388 F15000.0
G1 X34.2730 Y-166.9814 F12000.0
G0 X33.7111 Y-167.7037 F15000.0
G1 X36.2296 Y-169.0889 F12000.0
G1 X34.2778 Y-168.7741
G1 X36.3556 Y-168.7741
G1 X33.7111 Y-167.9556
G0 X32.3575 Y-168.5407 F15000.0
G1 X31.1109 Y-167.2941 F12000.0
G0 X30.9407 Y-168.2074 F15000.0
G1 X38.3704 Y-170.1593 F12000.0
G1 X33.7741 Y-170.5370
G1 X33.0815 Y-172.5519
G1 X32.9556 Y-170.9778
G1 X33.3333 Y-169.4667
G1 X30.6889 Y-168.2074
G0 X29.7080 Y-167.6285 F15000.0
G1 X27.9271 Y-165.8476 F12000.0
G0 X27.4146 Y-167.0725 F15000.0
G1 X28.8393 Y-168.4972 F12000.0
G0 X27.1630 Y-168.4593 F15000.0
G1 X29.9963 Y-171.1037 F12000.0
G1 X27.2889 Y-169.9704
G1 X26.9111 Y-168.4593
G0 X22.6296 Y-171.7333 F15000.0
G1 X25.5259 Y-173.6222 F12000.0
G1 X22.7556 Y-172.5519
G1 X22.3778 Y-171.4815
G0 X19.8593 Y-171.4815 F15000.0
G1 X18.1593 Y-173.5593 F12000.0
G1 X16.7741 Y-175.9519
G1 X19.8593 Y-171.2296
G0 X20.6148 Y-174.5037 F15000.0
G1 X18.7889 Y-175.7630 F12000.0
G1 X18.6000 Y-175.2593
G1 X20.2370 Y-176.8333
G1 X21.1815 Y-176.4556
G1 X21.3074 Y-179.0370
G1 X19.4185 Y-179.8556
G1 X20.3630 Y-178.3444
G1 X20.8667 Y-178.2815
G1 X18.4741 Y-181.0519
G1 X18.6630 Y-179.9185
G1 X17.7185 Y-180.0444
G1 X18.4111 Y-181.6185
G1 X17.7185 Y-182.3741
G1 X16.7741 Y-181.6185
G1 X14.5704 Y-180.5481
G1 X18.7889 Y-178.6593
G1 X17.4667 Y-176.9593
G1 X15.5778 Y-177.7778
G1 X13.9407 Y-175.4481
G1 X14.6333 Y-177.7148
G1 X13.8778 Y-178.0926
G1 X14.4444 Y-180.8000
G1 X13.5630 Y-181.9963
G1 X16.0185 Y-180.9889
G1 X14.3815 Y-184.1370
G1 X12.9963 Y-183.4444
G1 X12.4296 Y-184.6407
G1 X11.7370 Y-184.7037
G1 X13.8148 Y-183.7593
G1 X14.7593 Y-184.0741
G1 X15.4519 Y-183.5074
G1 X15.5778 Y-185.1444
G1 X16.7741 Y-184.8926
G1 X17.2778 Y-185.5852
G1 X17.9704 Y-182.5000
G1 X20.3630 Y-182.0593
G1 X19.8593 Y-181.4926
G1 X20.4259 Y-182.2481
G1 X18.6630 Y-182.1222
G1 X20.9926 Y-180.7370
G1 X20.5519 Y-180.9889
G1 X22.4407 Y-178.2815
G1 X21.4333 Y-181.7444
G1 X23.5741 Y-182.6889
G1 X26.6593 Y-181.9963
G1 X26.2185 Y-181.7444
G1 X27.9815 Y-180.5481
G1 X29.6815 Y-180.8630
G1 X28.4222 Y-179.8556
G1 X32.7667 Y-180.8630
G1 X32.3259 Y-183.0037
G1 X31.6333 Y-182.4370
G1 X29.5556 Y-182.5630
G1 X31.5074 Y-181.4926
G1 X25.5259 Y-184.5778
G1 X31.3185 Y-184.0111
G1 X29.0519 Y-184.3259
G1 X28.8630 Y-184.9556
G1 X29.8074 Y-185.7111
G1 X27.9185 Y-186.0259
G1 X30.4370 Y-185.9630
G1 X29.9333 Y-185.4593
G1 X30.4370 Y-185.2074
G1 X29.6185 Y-184.2000
G1 X32.5148 Y-184.7667
G1 X31.3815 Y-183.9481
G1 X34.5926 Y-185.3333
G1 X36.1037 Y-184.5778
G1 X36.2296 Y-185.7111
G1 X38.3074 Y-186.0259
G1 X36.9222 Y-184.8296
G1 X36.1037 Y-185.2074
G1 X35.6000 Y-183.8222
G1 X33.0185 Y-183.6963
G1 X33.7741 Y-180.1074
G1 X34.9704 Y-181.1778
G1 X34.7815 Y-179.4778
G1 X37.3630 Y-181.7444
G1 X34.9074 Y-182.6259
G1 X37.0481 Y-183.1926
G1 X36.5444 Y-182.6889
G1 X37.6148 Y-184.2630
G1 X37.4889 Y-181.1148
G1 X36.7963 Y-179.5407
G1 X38.1185 Y-178.9741
G1 X38.3074 Y-177.9037
G1 X37.3630 Y-178.0926
G1 X37.2370 Y-177.0222
G1 X36.6704 Y-177.2111
G1 X37.0481 Y-178.2185
G1 X37.9926 Y-178.6593
G1 X35.7259 Y-179.1630
G1 X36.0407 Y-180.5481
G1 X28.4852 Y-179.4148
G1 X30.3741 Y-178.9111
G1 X29.9333 Y-176.8333
G1 X29.0519 Y-178.4704
G1 X26.3444 Y-177.7148
G1 X27.7296 Y-176.6444
G1 X25.2111 Y-179.9185
G1 X25.4000 Y-180.7370
G1 X27.7296 Y-179.6667
G1 X24.8333 Y-181.9963
G1 X23.3222 Y-180.7370
G1 X24.4556 Y-182.1852
G1 X23.4481 Y-181.9963
G1 X22.1259 Y-179.7296
G1 X20.6148 Y-174.7556
G0 X18.0155 Y-175.0469 F15000.0
G1 X25.1389 Y-182.1704 F12000.0
G0 X25.4733 Y-180.7674 F15000.0
G1 X23.8706 Y-179.1647 F12000.0
G0 X26.6764 Y-178.4958 F15000.0
G1 X29.3477 Y-181.1671 F12000.0
G0 X29.9037 Y-183.4605 F15000.0
G1 X33.6436 Y-187.2003 F12000.0
G0 X32.5968 Y-187.8909 F15000.0
G1 X28.8570 Y-184.1511 F12000.0
G0 X27.4148 Y-183.5704 F15000.0
G1 X25.1481 Y-186.0259 F12000.0
G1 X26.7222 Y-186.4667
G1 X27.8556 Y-187.7259
G1 X27.4148 Y-188.6074
G1 X26.7852 Y-188.1667
G1 X27.7296 Y-188.9222
G1 X27.1630 Y-183.8222
G0 X26.7417 Y-183.7731 F15000.0
G1 X32.2624 Y-189.2938 F12000.0
G0 X32.7966 Y-189.8281 F15000.0
G1 X41.7009 Y-198.7324 F12000.0
G0 X42.3915 Y-197.6856 F15000.0
G1 X34.1996 Y-189.4937 F12000.0
G0 X36.3148 Y-189.8716 F15000.0
G1 X37.5615 Y-191.1182 F12000.0
G0 X37.2370 Y-191.8815 F15000.0
G1 X38.0556 Y-192.8259 F12000.0
G1 X37.9926 Y-194.9667
G1 X37.4889 Y-195.1556
G1 X39.1889 Y-194.7148
G1 X36.9222 Y-197.2333
G1 X37.3000 Y-196.8556
G1 X36.5444 Y-197.0444
G1 X36.1667 Y-196.4778
G1 X34.9074 Y-196.4778
G1 X34.5926 Y-195.4074
G1 X35.7889 Y-193.8963
G1 X37.3000 Y-192.5111
G1 X36.9852 Y-191.8815
G0 X39.5204 Y-193.0771 F15000.0
G1 X43.0821 Y-196.6389 F12000.0
G0 X40.2980 Y-199.0668 F15000.0
G1 X35.8458 Y-194.6147 F12000.0
G0 X34.4211 Y-193.1900 F15000.0
G1 X25.6949 Y-184.4637 F12000.0
G0 X24.3926 Y-185.5852 F15000.0
G1 X25.4000 Y-189.0481 F12000.0
G1 X25.7148 Y-190.5593
G1 X27.4148 Y-189.9926
G1 X22.6296 Y-189.8037
G1 X23.5111 Y-190.1185
G1 X23.4481 Y-189.3000
G1 X21.3704 Y-188.2926
G1 X20.4889 Y-187.9778
G1 X22.0000 Y-188.1037
G1 X22.1259 Y-187.1593
G1 X24.0148 Y-185.9630
G1 X22.8185 Y-185.7741
G1 X24.1407 Y-185.5852
G0 X24.8480 Y-187.0915 F15000.0
G1 X12.0258 Y-174.2693 F12000.0
G0 X12.8945 Y-173.4007 F15000.0
G1 X14.3192 Y-174.8253 F12000.0
G0 X15.3877 Y-175.8939 F15000.0
G1 X27.3195 Y-187.8256 F12000.0
G0 X23.9793 Y-187.9602 F15000.0
G1 X14.3627 Y-178.3436 F12000.0
G0 X14.5704 Y-178.0296 F15000.0
G1 X15.2630 Y-179.8556 F12000.0
G1 X16.7741 Y-178.9111
G1 X16.3333 Y-177.9037
G1 X15.7667 Y-178.5333
G1 X14.8222 Y-177.7778
G0 X13.3159 Y-179.0342 F15000.0
G1 X14.0282 Y-179.7465 F12000.0
G0 X13.8148 Y-179.5407 F15000.0
G1 X12.2407 Y-182.3741 F12000.0
G1 X12.4296 Y-181.4296
G1 X11.6741 Y-182.3741
G1 X13.5630 Y-179.2889
G0 X12.8034 Y-180.2590 F15000.0
G1 X11.3787 Y-178.8343 F12000.0
G0 X10.3319 Y-179.5249 F15000.0
G1 X9.6196 Y-178.8126 F12000.0
G0 X8.2166 Y-179.1470 F15000.0
G1 X7.5043 Y-178.4346 F12000.0
G0 X7.0148 Y-179.0370 F15000.0
G1 X5.6926 Y-179.4778 F12000.0
G1 X7.0148 Y-180.9259
G1 X5.1889 Y-182.6259
G1 X5.6926 Y-181.3667
G1 X5.8815 Y-182.5000
G1 X6.8259 Y-180.3593
G1 X5.3148 Y-179.4778
G1 X6.7630 Y-179.0370
G0 X5.0000 Y-178.8389 F15000.0
G1 X62.6741 Y-178.8389 F12000.0
G0 X62.0150 Y-177.3498 F15000.0
G1 X60.4122 Y-175.7470 F12000.0
G0 X59.1874 Y-176.2595 F15000.0
G1 X58.4750 Y-175.5472 F12000.0
G0 X62.1713 Y-175.7688 F15000.0
G1 X55.4041 Y-169.0015 F12000.0
G0 X56.9851 Y-168.8452 F15000.0
G1 X62.5058 Y-174.3658 F12000.0
G0 X63.6815 Y-174.7889 F15000.0
G1 X5.0000 Y-174.7889 F12000.0
G0 X4.8851 Y-175.6275 F15000.0
G1 X73.8044 Y-106.7081 F12000.0
G0 X72.2444 Y-105.9389 F15000.0
G1 X70.9852 Y-105.9389 F12000.0
G0 X70.9852 Y-105.7481 F15000.0
G1 X69.9778 Y-107.5111 F12000.0
G1 X68.0259 Y-107.2593
G1 X67.7111 Y-107.7630
G1 X71.1111 Y-105.8741
G1 X72.3074 Y-107.5111
G1 X71.2370 Y-105.7481
G0 X71.3435 Y-106.7597 F15000.0
G1 X136.1669 Y-171.5830 F12000.0
G0 X135.4593 Y-170.4741 F15000.0
G1 X139.8667 Y-174.6926 F12000.0
G1 X139.6778 Y-175.4481
G1 X144.3370 Y-174.3148
G1 X139.4259 Y-175.2593
G1 X138.3556 Y-171.3556
G1 X135.2074 Y-170.4741
G0 X137.3917 Y-171.0705 F15000.0
G1 X132.9396 Y-166.6184 F12000.0
G0 X135.9453 Y-167.8867 F15000.0
G1 X139.5070 Y-171.4484 F12000.0
G0 X141.8004 Y-172.0044 F15000.0
G1 X138.4167 Y-168.6208 F12000.0
G0 X139.6416 Y-168.1083 F15000.0
G1 X143.5595 Y-172.0262 F12000.0
G0 X143.7158 Y-170.4452 F15000.0
G1 X145.8529 Y-172.5822 F12000.0
G0 X147.0777 Y-172.0697 F15000.0
G1 X146.0092 Y-171.0012 F12000.0
G0 X142.4692 Y-169.1986 F15000.0
G1 X141.4007 Y-168.1300 F12000.0
G0 X140.8229 Y-164.0776 F15000.0
G1 X83.6573 Y-106.9119 F12000.0
G0 X83.8296 Y-105.9389 F15000.0
G1 X87.8593 Y-105.9389 F12000.0
G0 X88.6148 Y-105.9389 F15000.0
G1 X91.1333 Y-105.9389 F12000.0
G0 X89.8741 Y-106.2519 F15000.0
G1 X93.9667 Y-108.7074 F12000.0
G1 X92.9593 Y-109.4000
G1 X89.8741 Y-106.3148
G1 X88.6778 Y-109.5259
G1 X87.8593 Y-107.0704
G1 X89.6222 Y-106.2519
G0 X88.0429 Y-107.0559 F15000.0
G1 X4.8766 Y-190.2221 F12000.0
G0 X5.0000 Y-190.9889 F15000.0
G1 X174.7481 Y-190.9889 F12000.0
G0 X174.8265 Y-193.4833 F15000.0
G1 X115.1676 Y-253.1422 F12000.0
G1 X47.3385 Y-185.2590 F12000.0
G0 X46.1137 Y-185.7715 F15000.0
G1 X50.5658 Y-190.2237 F12000.0
G0 X50.3333 Y-189.1111 F15000.0
G1 X49.7667 Y-190.2444 F12000.0
G1 X50.4593 Y-191.3148
G1 X50.3333 Y-188.8593
G0 X47.5601 Y-188.9553 F15000.0
G1 X44.7107 Y-186.1059 F12000.0
G0 X42.9516 Y-186.0842 F15000.0
G1 X45.9791 Y-189.1116 F12000.0
G0 X43.6857 Y-188.5556 F15000.0
G1 X42.2610 Y-187.1309 F12000.0
G0 X41.0362 Y-187.6435 F15000.0
G1 X106.5719 Y-253.1792 F12000.0
G0 X106.1573 Y-253.0362 F15000.0
G1 X115.9520 Y-243.2414 F12000.0
G0 X115.9493 Y-243.4456 F15000.0
G1 X116.6616 Y-244.1579 F12000.0
G0 X116.8637 Y-244.1531 F15000.0
G1 X107.9594 Y-253.0574 F12000.0
G0 X108.3310 Y-253.2009 F15000.0
G1 X47.9598 Y-192.8297 F12000.0
G0 X42.3045 Y-190.6492 F15000.0
G1 X104.8128 Y-253.1574 F12000.0
G0 X104.1771 Y-253.1930 F15000.0
G1 X113.9719 Y-243.3983 F12000.0
G0 X115.0806 Y-244.3143 F15000.0
G1 X123.8068 Y-253.0405 F12000.0
G0 X126.1581 Y-253.0914 F15000.0
G1 X138.6242 Y-240.6253 F12000.0
G0 X136.8588 Y-241.7694 F15000.0
G1 X145.4069 Y-250.3175 F12000.0
G0 X143.2667 Y-250.5630 F15000.0
G1 X141.5667 Y-251.5074 F12000.0
G1 X141.9444 Y-252.2630
G1 X141.5667 Y-252.6407
G1 X142.8259 Y-252.3259
G1 X143.3296 Y-252.7037
G1 X143.0148 Y-250.8148
G0 X144.3569 Y-253.1253 F15000.0
G1 X174.8096 Y-222.6726 F12000.0
G0 X174.7857 Y-222.3634 F15000.0
G1 X172.2925 Y-219.8702 F12000.0
G0 X171.7259 Y-220.8444 F15000.0
G1 X172.7963 Y-221.2222 F12000.0
G1 X173.9296 Y-222.4185
G1 X173.6148 Y-221.7889
G1 X172.7963 Y-222.1037
G1 X172.5444 Y-221.2222
G1 X171.3481 Y-221.9148
G1 X171.4741 Y-220.8444
G0 X173.1612 Y-219.0015 F15000.0
G1 X174.7640 Y-220.6043 F12000.0
G0 X174.7481 Y-222.0389 F15000.0
G1 X5.0000 Y-222.0389 F12000.0
G0 X4.8810 Y-221.2134 F15000.0
G1 X119.5685 Y-106.5260 F12000.0
G0 X120.3481 Y-107.5111 F15000.0
G1 X119.4037 Y-107.7000 F12000.0
G1 X119.7815 Y-108.5185
G1 X117.8296 Y-109.2741
G1 X118.6481 Y-109.7148
G1 X119.3407 Y-108.6444
G1 X121.3556 Y-108.3296
G1 X120.6000 Y-107.7630
G0 X118.0199 Y-109.6519 F15000.0
G1 X118.0199 Y-149.6963 F12000.0
G0 X114.5166 Y-153.9778 F15000.0
G1 X114.5166 Y-155.2370 F12000.0
G0 X113.3489 Y-155.2370 F15000.0
G1 X113.3489 Y-153.9778 F12000.0
G0 X109.6062 Y-157.1839 F15000.0
G1 X108.5377 Y-156.1154 F12000.0
G0 X107.1130 Y-154.6907 F15000.0
G1 X61.3448 Y-108.9225 F12000.0
G0 X63.1356 Y-111.1630 F15000.0
G1 X63.1356 Y-144.1556 F12000.0
G0 X64.3034 Y-144.1556 F15000.0
G1 X64.3034 Y-110.1556 F12000.0
G0 X61.9479 Y-115.2321 F15000.0
G1 X50.5465 Y-119.9547 F12000.0
G0 X49.8296 Y-120.1037 F15000.0
G1 X49.8296 Y-124.9519 F12000.0
G1 X50.3963 Y-121.3000
G1 X49.8296 Y-120.3556
G0 X49.3259 Y-120.3556 F15000.0
G1 X46.9963 Y-124.0074 F12000.0
G1 X47.1852 Y-122.8741
G1 X49.3259 Y-120.1037
G0 X48.4351 Y-118.8225 F15000.0
G1 X45.6429 Y-117.6659 F12000.0
G0 X46.5086 Y-116.8921 F15000.0
G1 X48.6028 Y-117.7595 F12000.0
G0 X49.0032 Y-116.7929 F15000.0
G1 X47.6071 Y-116.2146 F12000.0
G0 X49.0741 Y-116.3259 F15000.0
G1 X48.5074 Y-119.6630 F12000.0
G1 X46.7444 Y-119.6000
G1 X47.1222 Y-120.9222
G1 X47.3111 Y-119.2852
G1 X48.9481 Y-118.4037
G1 X49.3259 Y-116.3259
G0 X49.6335 Y-113.1436 F15000.0
G1 X19.8504 Y-125.4802 F12000.0
G0 X19.4589 Y-124.9394 F15000.0
G1 X16.4341 Y-123.6865 F12000.0
G0 X15.5546 Y-123.6649 F15000.0
G1 X40.2188 Y-113.4487 F12000.0
G0 X39.0971 Y-112.7151 F15000.0
G1 X14.2003 Y-123.0277 F12000.0
G0 X15.7456 Y-124.7841 F15000.0
G1 X41.3405 Y-114.1823 F12000.0
G0 X41.9850 Y-117.2832 F15000.0
G1 X36.8660 Y-115.1629 F12000.0
G0 X36.6983 Y-116.2259 F15000.0
G1 X46.2382 Y-120.1774 F12000.0
G0 X47.1040 Y-119.4036 F15000.0
G1 X43.3811 Y-117.8615 F12000.0
G0 X44.0370 Y-120.3556 F15000.0
G1 X43.7852 Y-122.0556 F12000.0
G1 X44.6037 Y-121.4259
G1 X43.7222 Y-121.8037
G1 X44.0370 Y-120.6074
G0 X44.4418 Y-120.5658 F15000.0
G1 X36.7633 Y-117.3852 F12000.0
G0 X36.9852 Y-114.0593 F15000.0
G1 X36.4185 Y-116.1370 F12000.0
G1 X37.1741 Y-117.4593
G1 X37.4259 Y-114.1852
G1 X41.0148 Y-116.3259
G1 X39.8815 Y-117.3333
G1 X42.2111 Y-117.2074
G1 X42.0222 Y-120.8593
G1 X42.5889 Y-121.8037
G1 X39.7556 Y-120.4185
G1 X42.9667 Y-122.8741
G1 X42.1481 Y-116.9556
G1 X40.9519 Y-116.1370
G1 X40.8259 Y-115.2556
G1 X37.2370 Y-114.0593
G0 X44.8307 Y-112.7366 F15000.0
G1 X46.6921 Y-111.9656 F12000.0
G0 X48.5118 Y-112.4100 F15000.0
G1 X16.4019 Y-125.7104 F12000.0
G0 X10.7926 Y-125.8963 F15000.0
G1 X9.9741 Y-127.5333 F12000.0
G1 X17.1519 Y-129.8000
G1 X15.8296 Y-129.5481
G1 X16.9000 Y-129.9889
G1 X11.1704 Y-127.4704
G1 X10.7926 Y-126.1481
G0 X8.4250 Y-124.2217 F15000.0
G1 X6.0982 Y-125.1855 F12000.0
G0 X5.0600 Y-122.0209 F15000.0
G1 X10.8770 Y-119.6114 F12000.0
G0 X10.6860 Y-118.4923 F15000.0
G1 X5.1017 Y-120.8054 F12000.0
G0 X4.9612 Y-120.8531 F15000.0
G1 X21.7013 Y-104.1130 F12000.0
G0 X21.1185 Y-103.2389 F15000.0
G1 X8.0222 Y-103.2389 F12000.0
G0 X11.0670 Y-103.8077 F15000.0
G1 X11.7793 Y-103.0953 F12000.0
G0 X12.5556 Y-101.8889 F15000.0
G1 X5.0000 Y-101.8889 F12000.0
G0 X13.7595 Y-102.9384 F15000.0
G1 X5.0333 Y-111.6647 F12000.0
G0 X4.9404 Y-113.3258 F15000.0
G1 X38.2426 Y-146.6279 F12000.0
G0 X36.1273 Y-146.2500 F15000.0
G1 X4.9622 Y-115.0849 F12000.0
G0 X5.0777 Y-114.8243 F15000.0
G1 X14.1522 Y-111.0655 F12000.0
G0 X14.0528 Y-113.6405 F15000.0
G1 X16.6123 Y-114.7007 F12000.0
G0 X19.1718 Y-115.7609 F15000.0
G1 X28.4790 Y-119.6160 F12000.0
G0 X25.3095 Y-126.8136 F15000.0
G1 X56.2560 Y-113.9951 F12000.0
G0 X57.4824 Y-118.0402 F15000.0
G1 X67.4877 Y-122.1845 F12000.0
G0 X67.8880 Y-121.2179 F15000.0
G1 X61.3730 Y-118.5193 F12000.0
G0 X63.3022 Y-115.8693 F15000.0
G1 X50.9701 Y-120.9774 F12000.0
G0 X52.1580 Y-120.3646 F15000.0
G1 X66.1188 Y-126.1473 F12000.0
G0 X66.5192 Y-125.1807 F15000.0
G1 X51.6276 Y-119.0124 F12000.0
G0 X53.6568 Y-118.7205 F15000.0
G1 X67.3849 Y-124.4069 F12000.0
G0 X67.7853 Y-123.4403 F15000.0
G1 X55.9186 Y-118.5249 F12000.0
G0 X54.8667 Y-119.8519 F15000.0
G1 X53.4815 Y-122.4333 F12000.0
G1 X54.2370 Y-122.4963
G1 X54.6148 Y-119.8519
G0 X53.1537 Y-121.9094 F15000.0
G1 X66.4165 Y-127.4031 F12000.0
G0 X65.5507 Y-128.1769 F15000.0
G1 X53.6840 Y-123.2616 F12000.0
G0 X52.9391 Y-123.7565 F15000.0
G1 X68.5287 Y-117.2991 F12000.0
G0 X66.2436 Y-117.0474 F15000.0
G1 X52.2828 Y-122.8301 F12000.0
G0 X52.6000 Y-122.1185 F15000.0
G1 X54.8667 Y-128.4148 F12000.0
G1 X54.7407 Y-130.8074
G1 X56.3148 Y-132.1296
G1 X54.1741 Y-130.1148
G1 X54.8667 Y-127.5333
G1 X52.3481 Y-121.8667
G0 X52.0918 Y-121.7110 F15000.0
G1 X65.1219 Y-116.3138 F12000.0
G0 X72.6752 Y-116.7797 F15000.0
G1 X52.4320 Y-125.1647 F12000.0
G0 X53.3210 Y-125.9947 F15000.0
G1 X73.7969 Y-117.5133 F12000.0
G0 X74.9186 Y-118.2469 F15000.0
G1 X53.5119 Y-127.1138 F12000.0
G0 X55.0423 Y-127.2216 F15000.0
G1 X61.7901 Y-130.0166 F12000.0
G0 X60.9243 Y-130.7904 F15000.0
G1 X55.1073 Y-128.3809 F12000.0
G0 X54.7069 Y-129.3476 F15000.0
G1 X59.1279 Y-131.1788 F12000.0
G0 X57.1333 Y-129.4222 F15000.0
G1 X58.7704 Y-132.3185 F12000.0
G1 X62.1074 Y-132.3185
G1 X61.0370 Y-133.3889
G1 X61.1630 Y-132.3185
G1 X58.0148 Y-132.3185
G1 X57.8259 Y-133.6407
G1 X58.0778 Y-131.4370
G1 X57.1333 Y-129.1704
G0 X55.6301 Y-132.2275 F15000.0
G1 X108.2159 Y-110.4457 F12000.0
G0 X109.1049 Y-111.2757 F15000.0
G1 X44.4197 Y-138.0692 F12000.0
G0 X43.2839 Y-138.6148 F15000.0
G1 X43.2839 Y-108.6444 F12000.0
G0 X44.4516 Y-108.6444 F15000.0
G1 X44.4516 Y-139.6222 F12000.0
G0 X45.3515 Y-136.7969 F15000.0
G1 X48.8417 Y-138.2426 F12000.0
G0 X50.5852 Y-137.4815 F15000.0
G1 X50.6481 Y-138.6148 F12000.0
G1 X50.3963 Y-138.1111
G1 X51.4037 Y-137.8593
G1 X50.8370 Y-137.4815
G0 X47.9549 Y-140.6296 F15000.0
G1 X47.9549 Y-108.6444 F12000.0
G0 X44.7787 Y-106.2553 F15000.0
G1 X84.8481 Y-146.3247 F12000.0
G0 X82.5765 Y-147.5278 F15000.0
G1 X41.2605 Y-106.2118 F12000.0
G0 X40.2593 Y-104.5889 F15000.0
G1 X51.8444 Y-104.5889 F12000.0
G0 X52.5275 Y-107.0547 F15000.0
G1 X92.0627 Y-146.5898 F12000.0
G0 X91.2231 Y-147.6342 F15000.0
G1 X133.9638 Y-104.8935 F12000.0
G0 X134.8754 Y-105.8052 F15000.0
G1 X137.5467 Y-103.1339 F12000.0
G0 X139.3488 Y-103.1551 F15000.0
G1 X136.6775 Y-105.8264 F12000.0
G0 X137.9453 Y-106.3819 F15000.0
G1 X140.6166 Y-103.7106 F12000.0
G0 X141.0000 Y-101.8889 F15000.0
G1 X134.7037 Y-101.8889 F12000.0
G0 X134.4519 Y-100.5389 F15000.0
G1 X76.5259 Y-100.5389 F12000.0
G0 X77.2815 Y-99.1889 F15000.0
G1 X99.1926 Y-99.1889 F12000.0
G0 X98.4370 Y-98.6963 F15000.0
G1 X99.5074 Y-100.2704 F12000.0
G1 X104.6074 Y-99.8926
G1 X101.6481 Y-100.7111
G1 X97.4296 Y-98.7593
G1 X98.4370 Y-98.4444
G0 X100.9556 Y-97.8389 F15000.0
G1 X76.7778 Y-97.8389 F12000.0
G0 X74.5111 Y-96.6815 F15000.0
G1 X77.2815 Y-98.7593 F12000.0
G1 X76.6519 Y-99.2000
G1 X77.2815 Y-99.7037
G1 X77.7852 Y-99.2000
G1 X76.7148 Y-101.6556
G1 X77.0296 Y-100.1444
G1 X77.0296 Y-97.9407
G1 X73.3778 Y-96.8074
G1 X66.2000 Y-98.3815
G1 X59.8407 Y-100.5852
G1 X56.1259 Y-100.3333
G1 X54.2370 Y-101.4667
G1 X52.0333 Y-100.2704
G1 X41.8963 Y-101.2778
G1 X35.6630 Y-104.5519
G1 X37.8037 Y-106.0000
G1 X37.9926 Y-107.1963
G1 X38.4963 Y-107.0704
G1 X37.2370 Y-107.9519
G1 X37.0481 Y-106.5037
G1 X37.6148 Y-105.3704
G1 X34.0259 Y-106.0000
G1 X35.2222 Y-104.6778
G1 X35.2222 Y-103.2296
G1 X36.8593 Y-103.7963
G1 X38.9370 Y-102.1593
G1 X39.5667 Y-103.0407
G1 X40.5741 Y-101.1519
G1 X39.9444 Y-102.6630
G1 X42.7778 Y-100.7741
G1 X53.4185 Y-100.5222
G1 X54.9296 Y-101.0889
G1 X57.5741 Y-100.1444
G1 X63.0519 Y-99.5778
G1 X60.5963 Y-99.7667
G1 X64.9407 Y-99.2630
G1 X66.9556 Y-97.9407
G1 X74.2593 Y-96.6815
G0 X72.2444 Y-97.9407 F15000.0
G1 X74.1963 Y-98.2556 F12000.0
G1 X75.1407 Y-101.9704
G1 X76.3370 Y-100.5222
G1 X73.1889 Y-97.7519
G1 X64.9407 Y-100.5852
G1 X64.4370 Y-101.9704
G1 X64.9407 Y-103.2296
G1 X63.6815 Y-100.6481
G1 X71.9926 Y-97.6889
G0 X71.9926 Y-101.7185 F15000.0
G1 X75.5815 Y-102.6630 F12000.0
G1 X75.1407 Y-104.6778
G1 X76.7148 Y-105.5593
G1 X69.0963 Y-105.0556
G1 X68.9704 Y-106.0000
G1 X68.2148 Y-104.8667
G1 X69.0333 Y-104.3000
G1 X65.4444 Y-105.1185
G1 X66.2630 Y-104.8667
G1 X62.9889 Y-103.8593
G1 X74.1963 Y-103.9222
G1 X69.5370 Y-103.5444
G1 X71.7407 Y-101.7185
G0 X70.2296 Y-103.2389 F15000.0
G1 X59.9037 Y-103.2389 F12000.0
G0 X60.6593 Y-101.8889 F15000.0
G1 X62.6741 Y-101.8889 F12000.0
G0 X62.4222 Y-100.9630 F15000.0
G1 X63.6185 Y-103.1667 F12000.0
G1 X60.5963 Y-101.8444
G1 X58.8963 Y-103.8593
G1 X57.1963 Y-103.6704
G1 X58.8963 Y-102.6630
G1 X57.2593 Y-103.6704
G1 X58.7704 Y-103.8593
G1 X60.9111 Y-101.5296
G1 X62.1704 Y-100.7111
G0 X60.6593 Y-100.5389 F15000.0
G1 X59.6519 Y-100.5389 F12000.0
G0 X57.6370 Y-101.4667 F15000.0
G1 X56.0630 Y-103.1667 F12000.0
G1 X57.3222 Y-102.6630
G1 X54.9296 Y-103.4185
G1 X57.3852 Y-101.4667
G0 X55.6222 Y-100.5389 F15000.0
G1 X53.3556 Y-100.5389 F12000.0
G0 X52.6000 Y-100.9630 F15000.0
G1 X54.4889 Y-102.5370 F12000.0
G1 X56.8815 Y-101.4037
G1 X53.0407 Y-102.8519
G1 X53.2296 Y-104.0481
G1 X53.6074 Y-103.8593
G1 X52.2222 Y-104.8667
G1 X56.1259 Y-104.0481
G1 X52.2222 Y-104.0481
G1 X52.4111 Y-101.2148
G1 X48.2556 Y-103.1037
G1 X46.4296 Y-106.1259
G1 X45.9889 Y-105.6222
G1 X46.9333 Y-105.6222
G1 X47.8148 Y-102.3481
G1 X45.4222 Y-102.7889
G1 X44.7296 Y-103.8593
G1 X44.2259 Y-102.3481
G1 X51.7815 Y-101.7185
G1 X52.3481 Y-100.9630
G0 X53.7936 Y-109.1481 F15000.0
G1 X53.7936 Y-141.6370 F12000.0
G0 X55.8741 Y-139.2444 F15000.0
G1 X54.9296 Y-140.2519 F12000.0
G1 X52.4741 Y-139.6852
G1 X55.3074 Y-140.0000
G1 X55.6222 Y-138.9926
G0 X59.6519 Y-136.7259 F15000.0
G1 X61.9185 Y-137.4185 F12000.0
G1 X63.4296 Y-138.8667
G1 X62.0444 Y-140.3148
G1 X61.7926 Y-139.5593
G1 X61.6667 Y-140.9444
G1 X59.9037 Y-136.9778
G0 X64.4370 Y-137.9852 F15000.0
G1 X64.3111 Y-140.4407 F12000.0
G1 X64.6259 Y-139.1185
G1 X65.0037 Y-140.0000
G1 X64.4370 Y-138.2370
G0 X66.7037 Y-135.2148 F15000.0
G1 X66.5148 Y-136.4111 F12000.0
G1 X64.3741 Y-136.2222
G1 X62.5481 Y-137.9852
G1 X61.7926 Y-137.0407
G1 X63.3667 Y-136.0333
G1 X61.3519 Y-136.7889
G1 X58.7074 Y-136.9148
G1 X57.8889 Y-138.9926
G1 X56.6926 Y-140.5667
G1 X57.7000 Y-141.0704
G1 X59.5889 Y-136.9148
G1 X62.3593 Y-142.0148
G1 X61.0370 Y-142.5185
G1 X60.1556 Y-141.7000
G1 X60.6593 Y-141.5741
G1 X61.8556 Y-142.5815
G1 X62.4852 Y-142.2667
G1 X63.7444 Y-141.0074
G1 X63.8074 Y-143.3370
G1 X64.5630 Y-141.4481
G1 X62.6741 Y-139.6852
G1 X65.1296 Y-136.0963
G1 X66.9556 Y-135.2148
G0 X68.4667 Y-136.9778 F15000.0
G1 X67.0185 Y-138.6148 F12000.0
G1 X66.6407 Y-140.8815
G1 X65.7593 Y-140.6926
G1 X66.3889 Y-142.2037
G1 X65.1926 Y-142.8963
G1 X66.3889 Y-143.1481
G1 X65.6333 Y-142.6444
G1 X66.7037 Y-142.3296
G1 X67.3333 Y-137.9852
G1 X68.4667 Y-137.2296
G0 X70.9852 Y-134.9630 F15000.0
G1 X71.6778 Y-138.7407 F12000.0
G1 X70.6704 Y-139.1815
G1 X69.5370 Y-136.4741
G1 X69.9148 Y-137.7963
G1 X68.4667 Y-138.7407
G1 X70.1667 Y-138.3630
G1 X72.2444 Y-139.8111
G1 X71.9926 Y-138.8037
G1 X72.4963 Y-138.8037
G1 X71.3630 Y-136.7259
G1 X71.2370 Y-134.9630
G0 X76.2741 Y-138.7407 F15000.0
G1 X75.5815 Y-140.8815 F12000.0
G1 X78.9185 Y-141.4481
G1 X78.9815 Y-140.8185
G1 X78.6667 Y-141.5741
G1 X75.5815 Y-140.1889
G1 X76.6519 Y-138.8037
G1 X78.5407 Y-139.6852
G1 X76.5259 Y-138.7407
G0 X76.0222 Y-143.2741 F15000.0
G1 X75.7704 Y-144.6593 F12000.0
G1 X77.7222 Y-146.7370
G1 X81.6889 Y-147.6815
G1 X84.0185 Y-145.7296
G1 X85.5926 Y-143.7148
G1 X88.0481 Y-145.2259
G1 X92.3926 Y-144.3444
G1 X84.7741 Y-145.4148
G1 X85.8444 Y-144.5963
G1 X83.8926 Y-145.1630
G1 X91.0074 Y-148.7519
G1 X82.8222 Y-148.4370
G1 X80.7444 Y-150.8926
G1 X80.7444 Y-152.7815
G1 X83.3259 Y-149.4444
G1 X80.3667 Y-154.7963
G1 X76.9667 Y-174.8815
G1 X77.4704 Y-175.8259
G1 X77.0926 Y-172.8667
G1 X76.1481 Y-172.5519
G1 X77.4074 Y-172.3630
G1 X79.1074 Y-163.9889
G1 X79.9259 Y-158.5741
G1 X76.3370 Y-159.2037
G1 X75.9593 Y-158.8259
G1 X78.1630 Y-159.0148
G1 X76.4000 Y-159.2667
G1 X78.9185 Y-159.4556
G1 X80.1148 Y-157.3148
G1 X80.1778 Y-150.5778
G1 X83.4519 Y-148.1852
G1 X86.8519 Y-147.1148
G1 X84.5852 Y-146.3593
G1 X80.8074 Y-147.4296
G1 X75.3296 Y-146.3593
G1 X76.3370 Y-146.1704
G1 X76.1481 Y-144.8481
G1 X74.0074 Y-144.7852
G1 X75.5815 Y-144.2185
G1 X75.7704 Y-143.2741
G0 X79.4841 Y-147.1778 F15000.0
G1 X79.4841 Y-106.6296 F12000.0
G0 X80.5765 Y-108.3544 F15000.0
G1 X84.5321 Y-109.9929 F12000.0
G0 X84.3644 Y-111.0559 F15000.0
G1 X78.0820 Y-108.4536 F12000.0
G0 X76.9836 Y-109.1311 F15000.0
G1 X83.0333 Y-111.6369 F12000.0
G0 X82.9956 Y-115.0187 F15000.0
G1 X79.9707 Y-113.7657 F12000.0
G0 X77.2036 Y-118.4986 F15000.0
G1 X51.8414 Y-129.0040 F12000.0
G0 X53.1958 Y-129.6412 F15000.0
G1 X100.1973 Y-110.1725 F12000.0
G0 X100.5036 Y-109.6519 F15000.0
G1 X100.5036 Y-147.6815 F12000.0
G0 X96.1704 Y-144.7852 F15000.0
G1 X98.5000 Y-146.1704 F12000.0
G1 X95.4148 Y-145.9815
G1 X98.6259 Y-146.1074
G1 X95.9185 Y-144.7852
G0 X94.4074 Y-139.7481 F15000.0
G1 X101.2704 Y-141.3852 F12000.0
G1 X94.1556 Y-139.7481
G0 X95.4148 Y-136.4741 F15000.0
G1 X96.1704 Y-137.9852 F12000.0
G1 X95.6037 Y-138.6148
G1 X96.3593 Y-138.9926
G1 X95.6667 Y-136.4741
G0 X91.5837 Y-134.4303 F15000.0
G1 X89.0242 Y-133.3702 F12000.0
G0 X89.5546 Y-134.7223 F15000.0
G1 X90.7180 Y-135.2042 F12000.0
G0 X91.8889 Y-133.4519 F15000.0
G1 X92.7074 Y-133.5778 F12000.0
G1 X93.5889 Y-134.6481
G1 X91.9519 Y-133.6407
G1 X90.9444 Y-134.6481
G1 X91.6370 Y-133.2000
G0 X90.8815 Y-137.9852 F15000.0
G1 X90.2519 Y-139.3074 F12000.0
G1 X90.5037 Y-140.7556
G1 X89.4333 Y-140.2519
G1 X89.1185 Y-142.0148
G1 X90.2519 Y-142.3926
G1 X91.0704 Y-141.6370
G1 X89.7481 Y-142.7704
G1 X88.3630 Y-140.9444
G1 X90.0630 Y-139.4963
G1 X89.3704 Y-138.9296
G1 X90.6296 Y-137.9852
G0 X87.4621 Y-149.5720 F15000.0
G1 X5.0082 Y-232.0258 F12000.0
G0 X4.9948 Y-231.5207 F15000.0
G1 X17.1046 Y-243.6305 F12000.0
G0 X18.8637 Y-243.6523 F15000.0
G1 X28.3023 Y-253.0908 F12000.0
G0 X27.5999 Y-253.1928 F15000.0
G1 X112.9031 Y-167.8895 F12000.0
G0 X112.7926 Y-167.7037 F15000.0
G1 X117.5148 Y-171.2296 F12000.0
G1 X112.5407 Y-167.7037
G0 X111.8134 Y-167.1560 F15000.0
G1 X25.7978 Y-253.1716 F12000.0
G0 X26.5432 Y-253.0691 F15000.0
G1 X23.1595 Y-249.6855 F12000.0
G0 X22.2909 Y-250.5541 F15000.0
G1 X24.7841 Y-253.0473 F12000.0
G0 X23.9957 Y-253.1504 F15000.0
G1 X110.9018 Y-166.2443 F12000.0
G0 X110.1682 Y-165.1546 F15000.0
G1 X22.1936 Y-253.1292 F12000.0
G0 X21.4439 Y-253.1819 F15000.0
G1 X4.8819 Y-236.6199 F12000.0
G0 X5.0000 Y-236.8889 F15000.0
G1 X174.7481 Y-236.8889 F12000.0
G0 X174.8012 Y-237.2672 F15000.0
G1 X169.1024 Y-242.9660 F12000.0
G0 X168.3901 Y-243.6783 F15000.0
G1 X158.9515 Y-253.1169 F12000.0
G0 X157.1495 Y-253.0957 F15000.0
G1 X167.3004 Y-242.9448 F12000.0
G0 X167.1011 Y-241.3208 F15000.0
G1 X174.7588 Y-233.6631 F12000.0
G0 X174.7481 Y-234.1889 F15000.0
G1 X5.0000 Y-234.1889 F12000.0
G0 X5.0294 Y-233.8279 F15000.0
G1 X62.7293 Y-176.1280 F12000.0
G0 X64.1852 Y-176.1389 F15000.0
G1 X5.0000 Y-176.1389 F12000.0
G0 X5.0419 Y-173.6473 F15000.0
G1 X72.0023 Y-106.6869 F12000.0
G0 X70.9852 Y-104.5889 F15000.0
G1 X69.9778 Y-104.5889 F12000.0
G0 X69.4741 Y-101.8889 F15000.0
G1 X64.4370 Y-101.8889 F12000.0
G0 X67.4314 Y-85.7320 F15000.0
G1 X83.9934 Y-69.1700 F12000.0
G0 X80.0119 Y-67.6817 F15000.0
G1 X63.0937 Y-84.5999 F12000.0
G0 X62.3601 Y-83.5102 F15000.0
G1 X63.2506 Y-82.6197 F12000.0
G0 X62.1608 Y-81.8862 F15000.0
G1 X61.4485 Y-82.5985 F12000.0
G0 X61.4148 Y-83.8370 F15000.0
G1 X61.5407 Y-85.4111 F12000.0
G1 X60.5963 Y-87.2370
G1 X61.2889 Y-87.1111
G1 X60.7852 Y-87.6778
G1 X51.9074 Y-87.6148
G1 X41.2667 Y-89.4407
G1 X40.5111 Y-90.0074
G1 X60.2185 Y-86.6704
G1 X58.8333 Y-85.7889
G1 X61.1630 Y-83.8370
G0 X59.3623 Y-73.7451 F15000.0
G1 X65.9515 Y-67.1559 F12000.0
G0 X65.2179 Y-66.0662 F15000.0
G1 X57.7383 Y-73.5458 F12000.0
G0 X56.1143 Y-73.3465 F15000.0
G1 X64.3063 Y-65.1545 F12000.0
G0 X66.7037 Y-60.0389 F15000.0
G1 X94.4074 Y-60.0389 F12000.0
G0 X93.8093 Y-61.1774 F15000.0
G1 X89.7134 Y-65.2733 F12000.0
G0 X88.6236 Y-64.5398 F15000.0
G1 X91.8292 Y-61.3342 F12000.0
G0 X90.2052 Y-61.1349 F15000.0
G1 X86.6435 Y-64.6967 F12000.0
G0 X86.3481 Y-65.4389 F15000.0
G1 X91.1333 Y-65.4389 F12000.0
G0 X92.1407 Y-64.0889 F15000.0
G1 X84.8370 Y-64.0889 F12000.0
G0 X84.4640 Y-63.2296 F15000.0
G1 X87.4915 Y-60.2021 F12000.0
G0 X88.9374 Y-60.5795 F15000.0
G1 X85.7318 Y-63.7850 F12000.0
G0 X82.8400 Y-63.0303 F15000.0
G1 X86.0456 Y-59.8247 F12000.0
G0 X83.8661 Y-58.3576 F15000.0
G1 X85.1128 Y-57.1110 F12000.0
G0 X87.3556 Y-55.9889 F15000.0
G1 X93.4000 Y-55.9889 F12000.0
G0 X96.1704 Y-54.6389 F15000.0
G1 X87.6074 Y-54.6389 F12000.0
G0 X86.8519 Y-53.2889 F15000.0
G1 X97.6815 Y-53.2889 F12000.0
G0 X98.9407 Y-51.9389 F15000.0
G1 X94.9111 Y-51.9389 F12000.0
G0 X96.4222 Y-50.5889 F15000.0
G1 X99.1926 Y-50.5889 F12000.0
G0 X100.4519 Y-52.1037 F15000.0
G1 X97.8704 Y-53.1741 F12000.0
G1 X97.3037 Y-54.4963
G1 X90.2519 Y-56.0074
G1 X93.9037 Y-55.8185
G1 X100.4519 Y-52.3556
G0 X100.2000 Y-53.8667 F15000.0
G1 X98.5000 Y-55.5037 F12000.0
G1 X100.5148 Y-53.9926
G1 X102.0889 Y-55.3148
G1 X100.4519 Y-54.1185
G0 X102.9704 Y-55.9889 F15000.0
G1 X123.1185 Y-55.9889 F12000.0
G0 X124.8815 Y-57.3389 F15000.0
G1 X143.0148 Y-57.3389 F12000.0
G0 X144.0222 Y-57.3389 F15000.0
G1 X148.3037 Y-57.3389 F12000.0
G0 X147.6509 Y-58.3875 F15000.0
G1 X141.7740 Y-64.2644 F12000.0
G0 X139.9720 Y-64.2431 F15000.0
G1 X146.0269 Y-58.1882 F12000.0
G0 X145.7852 Y-56.3852 F15000.0
G1 X153.5926 Y-59.9111 F12000.0
G1 X157.3704 Y-58.8407
G1 X150.9481 Y-60.4148
G1 X151.9556 Y-59.4704
G1 X145.5333 Y-56.1333
G0 X144.2741 Y-54.6389 F15000.0
G1 X131.1778 Y-54.6389 F12000.0
G0 X130.6775 Y-55.3049 F15000.0
G1 X128.3624 Y-57.6200 F12000.0
G0 X126.8963 Y-57.8963 F15000.0
G1 X128.1556 Y-58.7148 F12000.0
G1 X129.8556 Y-58.4000
G1 X130.1704 Y-58.9037
G1 X129.0370 Y-58.3370
G1 X128.0926 Y-59.0926
G1 X129.6667 Y-60.2889
G1 X127.4630 Y-63.1852
G1 X121.6704 Y-63.6259
G1 X121.4185 Y-62.5556
G1 X119.9704 Y-62.7444
G1 X123.9370 Y-60.6667
G1 X125.3222 Y-59.1556
G1 X127.0222 Y-58.0222
G1 X125.8889 Y-58.2741
G1 X126.6444 Y-57.8963
G0 X126.7384 Y-57.4207 F15000.0
G1 X128.8754 Y-55.2836 F12000.0
G0 X129.1630 Y-53.6148 F15000.0
G1 X130.4222 Y-54.2444 F12000.0
G1 X129.2889 Y-53.8667
G1 X126.0148 Y-56.5111
G1 X124.8185 Y-55.6296
G1 X125.1333 Y-57.0778
G1 X123.0556 Y-59.4704
G1 X119.4667 Y-60.6667
G1 X119.5296 Y-59.7222
G1 X118.0185 Y-59.1556
G1 X119.9704 Y-60.1000
G1 X123.6852 Y-59.0296
G1 X125.0074 Y-55.3778
G1 X126.7704 Y-56.2593
G1 X128.9111 Y-53.3630
G0 X127.1481 Y-55.9889 F15000.0
G1 X141.5037 Y-55.9889 F12000.0
G0 X140.7776 Y-56.1444 F15000.0
G1 X137.9282 Y-58.9938 F12000.0
G0 X136.7185 Y-58.6889 F15000.0
G1 X150.8222 Y-58.6889 F12000.0
G0 X152.9002 Y-60.4313 F15000.0
G1 X152.1879 Y-61.1436 F12000.0
G0 X153.4557 Y-61.6991 F15000.0
G1 X155.7708 Y-59.3840 F12000.0
G0 X154.3481 Y-58.6889 F15000.0
G1 X174.7481 Y-58.6889 F12000.0
G0 X174.8600 Y-58.5275 F15000.0
G1 X163.2844 Y-70.1031 F12000.0
G0 X165.4426 Y-69.7682 F15000.0
G1 X174.7031 Y-60.5077 F12000.0
G0 X174.7481 Y-60.0389 F15000.0
G1 X136.9704 Y-60.0389 F12000.0
G0 X135.4593 Y-61.3889 F15000.0
G1 X147.5481 Y-61.3889 F12000.0
G0 X149.5630 Y-61.3889 F15000.0
G1 X174.7481 Y-61.3889 F12000.0
G0 X174.7243 Y-62.3097 F15000.0
G1 X167.6009 Y-69.4332 F12000.0
G0 X167.6963 Y-70.7407 F15000.0
G1 X170.9704 Y-72.3148 F12000.0
G1 X174.2444 Y-72.4407
G1 X169.0815 Y-72.3778
G1 X169.3333 Y-73.7630
G1 X167.8852 Y-73.2593
G1 X165.6815 Y-73.2593
G1 X165.3667 Y-71.8111
G1 X167.5074 Y-72.2519
G1 X168.7037 Y-73.2593
G1 X167.4444 Y-70.7407
G0 X167.1926 Y-72.1889 F15000.0
G1 X165.6815 Y-72.1889 F12000.0
G0 X166.1004 Y-74.6891 F15000.0
G1 X167.7031 Y-76.2919 F12000.0
G0 X166.6564 Y-76.9825 F15000.0
G1 X165.2317 Y-75.5578 F12000.0
G0 X165.1778 Y-80.5630 F15000.0
G1 X161.2111 Y-81.1296 F12000.0
G1 X161.0852 Y-82.1370
G1 X167.6963 Y-81.6333
G1 X162.5963 Y-81.8852
G1 X165.1778 Y-80.8148
G0 X168.2836 Y-81.5134 F15000.0
G1 X156.8861 Y-92.9109 F12000.0
G0 X158.8662 Y-92.7540 F15000.0
G1 X159.7566 Y-91.8636 F12000.0
G0 X161.1481 Y-96.1778 F15000.0
G1 X158.3778 Y-97.6259 F12000.0
G1 X159.3852 Y-98.0037
G1 X159.1333 Y-98.3815
G1 X159.7000 Y-99.2630
G1 X162.4074 Y-99.0741
G1 X162.2185 Y-100.3333
G1 X162.9741 Y-101.4667
G1 X163.6037 Y-100.0815
G1 X164.4222 Y-101.5296
G1 X170.0889 Y-100.3963
G1 X164.7370 Y-101.2778
G1 X164.4852 Y-99.3259
G1 X162.0926 Y-97.5630
G1 X161.4000 Y-96.1778
G0 X163.1630 Y-95.1389 F15000.0
G1 X135.9630 Y-95.1389 F12000.0
G0 X135.2074 Y-95.1389 F15000.0
G1 X133.9481 Y-95.1389 F12000.0
G0 X130.6741 Y-93.6593 F15000.0
G1 X131.6185 Y-94.6037 F12000.0
G1 X129.2259 Y-96.6815
G1 X123.9370 Y-98.4444
G1 X121.6704 Y-98.3815
G1 X128.7222 Y-96.9963
G1 X130.6741 Y-93.4074
G0 X129.1427 Y-93.3052 F15000.0
G1 X125.0467 Y-97.4011 F12000.0
G0 X130.6741 Y-97.6889 F15000.0
G1 X123.8741 Y-99.1370 F12000.0
G1 X118.5852 Y-99.3259
G1 X130.9259 Y-97.6889
G0 X128.6593 Y-92.4389 F15000.0
G1 X136.7185 Y-92.4389 F12000.0
G0 X131.6815 Y-87.8667 F15000.0
G1 X132.1852 Y-88.0556 F12000.0
G1 X131.2407 Y-88.4963
G1 X131.8704 Y-89.8185
G1 X133.5074 Y-90.2593
G1 X128.9741 Y-88.7481
G1 X130.2333 Y-88.6852
G1 X131.2407 Y-89.1889
G1 X131.4296 Y-87.8667
G0 X128.4074 Y-91.1407 F15000.0
G1 X129.3519 Y-92.0852 F12000.0
G1 X130.1074 Y-92.3370
G1 X129.5407 Y-93.0926
G1 X127.3370 Y-94.2259
G1 X127.7148 Y-93.2815
G1 X116.6963 Y-93.6593
G1 X114.2407 Y-93.8481
G1 X115.1852 Y-92.5889
G1 X116.6333 Y-93.3444
G1 X120.9148 Y-91.9593
G1 X117.5778 Y-91.7074
G1 X117.3259 Y-93.5963
G1 X117.7667 Y-92.8407
G1 X120.3481 Y-93.9111
G1 X120.9148 Y-93.0296
G1 X128.2815 Y-92.9037
G1 X124.5037 Y-92.2741
G1 X128.1556 Y-91.1407
G0 X120.8519 Y-91.0889 F15000.0
G1 X116.3185 Y-91.0889 F12000.0
G0 X116.5704 Y-89.7389 F15000.0
G1 X118.3333 Y-89.7389 F12000.0
G0 X119.0889 Y-88.3704 F15000.0
G1 X116.2556 Y-89.5037 F12000.0
G1 X115.8148 Y-90.6370
G1 X116.9481 Y-89.0630
G1 X118.7111 Y-89.6296
G1 X119.9074 Y-89.5037
G1 X119.3407 Y-88.3704
G0 X119.5926 Y-84.3389 F15000.0
G1 X105.7407 Y-84.3389 F12000.0
G0 X106.1228 Y-81.6828 F15000.0
G1 X123.2191 Y-64.5865 F12000.0
G0 X121.5951 Y-64.3872 F15000.0
G1 X104.3208 Y-81.6616 F12000.0
G0 X101.8063 Y-82.3527 F15000.0
G1 X120.3273 Y-63.8318 F12000.0
G0 X125.5554 Y-64.0735 F15000.0
G1 X108.1030 Y-81.5259 F12000.0
G0 X108.8365 Y-82.6157 F15000.0
G1 X128.0698 Y-63.3824 F12000.0
G0 X127.1481 Y-62.7389 F15000.0
G1 X131.1778 Y-62.7389 F12000.0
G0 X131.1778 Y-61.3889 F15000.0
G1 X129.4148 Y-61.3889 F12000.0
G0 X129.9185 Y-60.0389 F15000.0
G1 X131.1778 Y-60.0389 F12000.0
G0 X131.2542 Y-58.3747 F15000.0
G1 X136.2406 Y-53.3883 F12000.0
G0 X138.0427 Y-53.4095 F15000.0
G1 X133.0562 Y-58.3959 F12000.0
G0 X137.1946 Y-57.9041 F15000.0
G1 X143.2496 Y-51.8492 F12000.0
G0 X144.3393 Y-52.5827 F15000.0
G1 X142.7365 Y-54.1855 F12000.0
G0 X144.8948 Y-53.8505 F15000.0
G1 X145.9633 Y-52.7820 F12000.0
G0 X143.7704 Y-50.5889 F15000.0
G1 X141.0000 Y-50.5889 F12000.0
G0 X141.0000 Y-49.8370 F15000.0
G1 X144.4000 Y-50.2778 F12000.0
G1 X146.4778 Y-51.4111
G1 X146.8556 Y-51.7259
G1 X144.9037 Y-51.3481
G1 X143.2037 Y-49.9000
G1 X139.4889 Y-52.8593
G1 X140.7481 Y-49.8370
G0 X142.2955 Y-47.3334 F15000.0
G1 X162.9535 Y-26.6754 F12000.0
G0 X163.2197 Y-26.6371 F15000.0
G1 X174.7953 Y-38.2127 F12000.0
G0 X174.8260 Y-40.3288 F15000.0
G1 X163.6066 Y-51.5482 F12000.0
G0 X162.6593 Y-51.9389 F15000.0
G1 X174.7481 Y-51.9389 F12000.0
G0 X172.8323 Y-50.1486 F15000.0
G1 X149.3249 Y-26.6412 F12000.0
G0 X148.3589 Y-26.6838 F15000.0
G1 X88.3438 Y-86.6989 F12000.0
G0 X86.9192 Y-88.1236 F15000.0
G1 X85.3164 Y-89.7263 F12000.0
G0 X84.2267 Y-88.9928 F15000.0
G1 X105.0627 Y-68.1567 F12000.0
G0 X103.4741 Y-60.0389 F15000.0
G1 X124.1259 Y-60.0389 F12000.0
G0 X124.3778 Y-58.6889 F15000.0
G1 X126.8963 Y-58.6889 F12000.0
G0 X127.1481 Y-58.6519 F15000.0
G1 X129.4778 Y-60.5407 F12000.0
G1 X122.6778 Y-63.6889
G1 X122.3630 Y-62.6185
G1 X122.6778 Y-62.1778
G1 X120.4741 Y-62.5556
G1 X125.0704 Y-59.5963
G1 X125.4481 Y-59.7852
G1 X125.0704 Y-59.2185
G1 X127.1481 Y-58.9037
G0 X132.9407 Y-64.0889 F15000.0
G1 X145.5333 Y-64.0889 F12000.0
G0 X146.0370 Y-62.7389 F15000.0
G1 X134.9556 Y-62.7389 F12000.0
G0 X135.4562 Y-63.2891 F15000.0
G1 X141.5111 Y-57.2342 F12000.0
G0 X142.2447 Y-58.3239 F15000.0
G1 X136.0117 Y-64.5569 F12000.0
G0 X135.2074 Y-65.4389 F15000.0
G1 X132.1852 Y-65.4389 F12000.0
G0 X129.9143 Y-67.0077 F15000.0
G1 X117.0921 Y-79.8299 F12000.0
G0 X115.0593 Y-88.3889 F15000.0
G1 X111.5333 Y-88.3889 F12000.0
G0 X108.0074 Y-92.4389 F15000.0
G1 X96.4222 Y-92.4389 F12000.0
G0 X96.6741 Y-91.3926 F15000.0
G1 X94.4704 Y-92.2741 F12000.0
G1 X96.0444 Y-92.9667
G1 X97.8074 Y-92.4000
G1 X94.2815 Y-92.7148
G1 X94.4704 Y-93.8481
G1 X95.1000 Y-93.7222
G1 X93.9667 Y-93.7222
G1 X95.0370 Y-91.7074
G1 X96.9259 Y-91.1407
G0 X93.6519 Y-88.6222 F15000.0
G1 X93.2111 Y-89.9444 F12000.0
G1 X93.9667 Y-90.7630
G1 X91.0704 Y-90.5741
G1 X92.0148 Y-90.0704
G1 X92.2037 Y-90.5111
G1 X91.0704 Y-91.0148
G1 X92.6444 Y-91.1407
G1 X93.4000 Y-88.6222
G0 X107.0000 Y-100.4593 F15000.0
G1 X106.1815 Y-100.9630 F12000.0
G1 X107.2519 Y-102.0333
G1 X105.7407 Y-101.6556
G1 X107.3778 Y-102.0333
G1 X107.2519 Y-100.4593
G0 X108.5111 Y-105.9389 F15000.0
G1 X101.9630 Y-105.9389 F12000.0
G0 X101.7111 Y-107.2889 F15000.0
G1 X105.7407 Y-107.2889 F12000.0
G0 X107.2598 Y-109.6661 F15000.0
G1 X165.3159 Y-167.7222 F12000.0
G0 X170.5686 Y-161.7852 F15000.0
G1 X170.5686 Y-98.5704 F12000.0
G0 X170.7185 Y-97.6889 F15000.0
G1 X170.5926 Y-99.6407 F12000.0
G1 X171.1593 Y-97.8778
G1 X172.7963 Y-98.4444
G1 X172.8593 Y-97.9407
G1 X172.1037 Y-98.4444
G1 X170.9704 Y-97.6889
G0 X171.7364 Y-98.0667 F15000.0
G1 X171.7364 Y-161.7852 F12000.0
G0 X172.9041 Y-161.7852 F15000.0
G1 X172.9041 Y-97.5630 F12000.0
G0 X174.7481 Y-99.1889 F15000.0
G1 X162.1556 Y-99.1889 F12000.0
G0 X160.6444 Y-99.1889 F15000.0
G1 X157.1185 Y-99.1889 F12000.0
G0 X157.8741 Y-98.6963 F15000.0
G1 X157.1815 Y-99.3889 F12000.0
G1 X161.1481 Y-99.7037
G1 X161.7148 Y-101.2778
G1 X160.5815 Y-99.9556
G1 X156.1111 Y-101.0259
G1 X154.9778 Y-100.8370
G1 X156.6778 Y-102.0963
G1 X157.3074 Y-101.8444
G1 X155.9852 Y-101.9074
G1 X154.6000 Y-101.2148
G1 X153.2778 Y-102.6000
G1 X155.4815 Y-100.6481
G1 X160.0148 Y-100.0815
G1 X156.6778 Y-99.8926
G1 X157.8741 Y-98.4444
G0 X157.6222 Y-97.9407 F15000.0
G1 X135.5222 Y-100.0815 F12000.0
G1 X132.3111 Y-101.2148
G1 X125.5741 Y-101.6556
G1 X121.3556 Y-103.6074
G1 X129.9815 Y-101.2148
G1 X133.9481 Y-100.8370
G1 X157.3704 Y-97.9407
G0 X157.7234 Y-103.1037 F15000.0
G1 X157.7234 Y-157.2519 F12000.0
G0 X158.8911 Y-157.2519 F15000.0
G1 X158.8911 Y-103.1037 F12000.0
G0 X156.5556 Y-103.6074 F15000.0
G1 X156.5556 Y-156.7481 F12000.0
G0 X156.9126 Y-152.4308 F15000.0
G1 X82.2220 Y-121.4930 F12000.0
G0 X81.8217 Y-122.4596 F15000.0
G1 X154.1854 Y-152.4336 F12000.0
G0 X158.9417 Y-152.1389 F15000.0
G1 X82.6224 Y-120.5264 F12000.0
G0 X82.8222 Y-120.3556 F15000.0
G1 X82.5704 Y-123.0000 F12000.0
G1 X82.9481 Y-123.5667
G1 X82.8222 Y-120.1037
G0 X82.0921 Y-119.1742 F15000.0
G1 X85.1169 Y-120.4272 F12000.0
G0 X85.2383 Y-106.7556 F15000.0
G1 X141.6916 Y-163.2089 F12000.0
G0 X148.2156 Y-164.5207 F15000.0
G1 X91.5842 Y-107.8893 F12000.0
G0 X91.2908 Y-107.4545 F15000.0
G1 X4.9190 Y-193.8262 F12000.0
G0 X5.0000 Y-193.6889 F15000.0
G1 X174.7481 Y-193.6889 F12000.0
G0 X169.9630 Y-195.1556 F15000.0
G1 X170.0889 Y-198.1148 F12000.0
G1 X171.7889 Y-198.1148
G1 X171.5370 Y-199.5000
G1 X169.2704 Y-199.3741
G1 X170.7815 Y-202.1444
G1 X169.2704 Y-200.8852
G1 X169.2074 Y-199.0593
G1 X168.1370 Y-199.8148
G1 X168.5148 Y-200.0667
G1 X167.8852 Y-199.4370
G1 X170.5296 Y-199.3111
G1 X168.9556 Y-195.2815
G1 X169.7111 Y-194.9037
G0 X168.7037 Y-194.1481 F15000.0
G1 X168.4519 Y-197.4222 F12000.0
G1 X167.6333 Y-196.8556
G1 X168.4519 Y-194.1481
G0 X166.6889 Y-195.4074 F15000.0
G1 X166.2481 Y-197.4222 F12000.0
G1 X167.2556 Y-198.1148
G1 X166.1852 Y-196.7926
G1 X166.6889 Y-195.6593
G0 X167.6963 Y-200.4444 F15000.0
G1 X167.6963 Y-202.5222 F12000.0
G1 X170.9704 Y-203.1519
G1 X170.0259 Y-202.5852
G1 X169.5222 Y-203.7815
G1 X169.0185 Y-202.2074
G1 X167.9481 Y-200.4444
G0 X174.0209 Y-201.5820 F15000.0
G1 X151.7601 Y-223.8428 F12000.0
G0 X149.4676 Y-223.1057 F15000.0
G1 X148.7552 Y-222.3933 F12000.0
G0 X148.4208 Y-223.7963 F15000.0
G1 X143.4344 Y-218.8099 F12000.0
G0 X147.8000 Y-219.3333 F15000.0
G1 X147.4852 Y-220.2148 F12000.0
G1 X149.1222 Y-219.7111
G1 X150.3185 Y-219.3963
G1 X148.0519 Y-219.0815
G0 X149.3111 Y-215.0519 F15000.0
G1 X148.2407 Y-215.4296 F12000.0
G1 X148.5556 Y-217.5074
G1 X148.5556 Y-218.0111
G1 X148.1778 Y-218.2000
G1 X149.3111 Y-216.9407
G1 X148.8074 Y-216.1852
G1 X149.7519 Y-215.3037
G1 X150.1296 Y-216.7519
G1 X149.5630 Y-215.0519
G0 X150.2057 Y-211.6823 F15000.0
G1 X155.7264 Y-217.2030 F12000.0
G0 X156.3953 Y-214.3971 F15000.0
G1 X153.9021 Y-211.9039 F12000.0
G0 X152.8370 Y-213.0370 F15000.0
G1 X153.5296 Y-213.9815 F12000.0
G1 X156.8037 Y-214.7370
G1 X156.8037 Y-216.8148
G1 X157.2444 Y-216.2481
G1 X156.7407 Y-219.1444
G1 X154.0333 Y-219.7111
G1 X157.2444 Y-220.9074
G1 X158.4407 Y-216.7519
G1 X159.4481 Y-217.5704
G1 X159.1963 Y-218.7667
G1 X163.5407 Y-220.4037
G1 X163.7296 Y-221.0963
G1 X163.2889 Y-219.2704
G1 X161.2111 Y-220.8444
G1 X161.4000 Y-223.3000
G1 X160.8333 Y-221.2222
G1 X159.3852 Y-221.0963
G1 X157.6852 Y-220.1519
G1 X158.7556 Y-220.9074
G1 X157.1815 Y-221.3481
G1 X155.7333 Y-219.7111
G1 X154.0333 Y-219.6481
G1 X153.7185 Y-218.1370
G1 X152.3333 Y-219.6481
G1 X151.5148 Y-220.9704
G1 X151.7037 Y-221.3481
G1 X151.5778 Y-219.5222
G1 X152.2074 Y-217.6333
G1 X151.8926 Y-218.2630
G1 X152.1444 Y-217.0037
G1 X151.0111 Y-216.7519
G1 X153.1519 Y-216.5000
G1 X154.2852 Y-215.8074
G1 X155.0407 Y-216.3741
G1 X152.2074 Y-215.0519
G1 X152.3963 Y-213.9185
G1 X149.1222 Y-214.0444
G1 X152.5852 Y-213.0370
G0 X153.3407 Y-214.2963 F15000.0
G1 X156.1741 Y-214.6111 F12000.0
G1 X157.1815 Y-218.2630
G1 X156.2370 Y-218.5778
G1 X155.8593 Y-217.4444
G1 X156.4259 Y-217.6963
G1 X154.8519 Y-216.8778
G1 X155.6074 Y-215.5556
G1 X153.0889 Y-214.5481
G0 X157.4420 Y-213.7065 F15000.0
G1 X159.4010 Y-215.6655 F12000.0
G0 X160.6258 Y-215.1530 F15000.0
G1 X159.7354 Y-214.2625 F12000.0
G0 X161.3164 Y-214.1062 F15000.0
G1 X163.0973 Y-215.8871 F12000.0
G0 X164.8564 Y-215.9088 F15000.0
G1 X161.8289 Y-212.8813 F12000.0
G0 X161.2947 Y-212.3471 F15000.0
G1 X160.5823 Y-211.6347 F12000.0
G0 X160.6444 Y-211.0222 F15000.0
G1 X161.2111 Y-211.4000 F12000.0
G1 X160.4556 Y-211.2111
G1 X161.9037 Y-213.9815
G1 X160.7704 Y-214.5481
G1 X163.1630 Y-216.1852
G1 X162.9111 Y-217.2556
G1 X161.5259 Y-216.7519
G1 X162.9741 Y-217.9481
G1 X161.4000 Y-217.8222
G1 X159.7000 Y-218.2630
G1 X160.2667 Y-217.0037
G1 X161.4630 Y-217.3185
G1 X161.9037 Y-216.7519
G1 X162.7852 Y-215.6815
G1 X160.4556 Y-215.2407
G1 X161.2111 Y-213.1630
G1 X160.3296 Y-212.9111
G1 X160.3926 Y-211.0222
G0 X161.0731 Y-208.6508 F15000.0
G1 X163.0320 Y-210.6097 F12000.0
G0 X164.4350 Y-210.2753 F15000.0
G1 X147.3387 Y-193.1790 F12000.0
G0 X148.9197 Y-193.0227 F15000.0
G1 X166.0160 Y-210.1190 F12000.0
G0 X166.4370 Y-210.7704 F15000.0
G1 X169.2704 Y-210.9593 F12000.0
G1 X171.1593 Y-212.9741
G1 X169.6481 Y-212.2815
G1 X168.7667 Y-212.7852
G1 X168.0741 Y-213.0370
G1 X167.1296 Y-211.9037
G1 X165.6185 Y-211.5889
G1 X166.1852 Y-211.0222
G0 X166.4157 Y-213.9934 F15000.0
G1 X169.9774 Y-217.5551 F12000.0
G0 X169.4593 Y-217.5704 F15000.0
G1 X171.6630 Y-217.5704 F12000.0
G1 X171.2222 Y-218.2000
G1 X169.4593 Y-217.3185
G0 X165.5687 Y-216.6212 F15000.0
G1 X174.8292 Y-225.8816 F12000.0
G0 X174.8075 Y-224.1225 F15000.0
G1 X163.0538 Y-212.3688 F12000.0
G0 X157.6222 Y-209.2593 F15000.0
G1 X159.7630 Y-211.3370 F12000.0
G1 X159.2593 Y-211.0222
G1 X157.8111 Y-212.8481
G1 X156.7407 Y-211.2111
G1 X158.4407 Y-213.4148
G1 X159.4481 Y-212.0926
G1 X159.8889 Y-215.3037
G1 X158.7556 Y-213.3519
G1 X157.9370 Y-214.0444
G1 X156.3000 Y-213.6037
G1 X157.3704 Y-209.2593
G0 X155.9521 Y-207.0045 F15000.0
G1 X153.4589 Y-204.5113 F12000.0
G0 X153.3025 Y-206.0923 F15000.0
G1 X138.5214 Y-191.3112 F12000.0
G0 X138.9208 Y-189.2770 F15000.0
G1 X139.6332 Y-188.5646 F12000.0
G0 X138.4815 Y-188.3556 F15000.0
G1 X141.9444 Y-190.8111 F12000.0
G1 X138.4815 Y-188.1037
G0 X134.7037 Y-186.9389 F15000.0
G1 X174.7481 Y-186.9389 F12000.0
G0 X174.7417 Y-186.2751 F15000.0
G1 X151.9467 Y-209.0701 F12000.0
G0 X153.3925 Y-209.4475 F15000.0
G1 X174.7629 Y-188.0771 F12000.0
G0 X174.7481 Y-188.2889 F15000.0
G1 X5.0000 Y-188.2889 F12000.0
G0 X5.0000 Y-186.9389 F15000.0
G1 X133.4444 Y-186.9389 F12000.0
G0 X133.4444 Y-185.5889 F15000.0
G1 X174.7481 Y-185.5889 F12000.0
G0 X174.7205 Y-184.4730 F15000.0
G1 X131.9798 Y-227.2137 F12000.0
G0 X131.9200 Y-226.4064 F15000.0
G1 X130.8514 Y-225.3379 F12000.0
G0 X132.0763 Y-224.8254 F15000.0
G1 X133.8572 Y-226.6062 F12000.0
G0 X134.7258 Y-225.7376 F15000.0
G1 X135.4382 Y-226.4499 F12000.0
G0 X135.5945 Y-224.8689 F15000.0
G1 X137.9096 Y-227.1840 F12000.0
G0 X138.4815 Y-225.6296 F15000.0
G1 X137.6630 Y-226.5111 F12000.0
G1 X139.7407 Y-226.8889
G1 X140.1185 Y-228.0222
G1 X140.4963 Y-226.5741
G1 X138.7333 Y-225.6296
G0 X136.7185 Y-223.8667 F15000.0
G1 X137.9148 Y-224.9370 F12000.0
G1 X139.0481 Y-224.9370
G1 X137.4741 Y-226.5111
G1 X139.2370 Y-230.0370
G1 X137.1593 Y-230.4778
G1 X136.2148 Y-228.5259
G1 X136.6556 Y-228.6519
G1 X135.9000 Y-227.6444
G1 X136.6556 Y-227.0778
G1 X136.5926 Y-225.1259
G1 X135.7111 Y-227.5815
G1 X135.0815 Y-227.0778
G1 X136.4667 Y-223.8667
G0 X136.2851 Y-223.8221 F15000.0
G1 X140.9153 Y-228.4523 F12000.0
G0 X145.5333 Y-228.4000 F15000.0
G1 X146.2259 Y-229.9111 F12000.0
G1 X146.1000 Y-229.4074
G1 X146.6667 Y-230.6667
G1 X147.0444 Y-229.7852
G1 X148.2407 Y-229.5333
G1 X147.1704 Y-231.2333
G1 X146.0370 Y-231.9259
G1 X147.8000 Y-232.4296
G1 X147.7370 Y-232.9333
G1 X147.3593 Y-232.5556
G1 X146.7296 Y-233.3741
G1 X144.7148 Y-231.8630
G1 X140.6852 Y-231.8630
G1 X140.6222 Y-231.4222
G1 X141.7556 Y-231.9889
G1 X144.5889 Y-230.5407
G1 X144.8407 Y-228.3370
G1 X145.7852 Y-228.1481
G0 X146.7926 Y-227.6444 F15000.0
G1 X147.9259 Y-228.7148 F12000.0
G1 X147.2963 Y-229.4704
G1 X146.7926 Y-227.3926
G0 X145.2815 Y-224.3704 F15000.0
G1 X146.4148 Y-226.9519 F12000.0
G1 X144.4000 Y-226.8889
G1 X145.0926 Y-227.8963
G1 X144.5889 Y-226.3852
G1 X143.5185 Y-224.8111
G1 X145.2185 Y-224.8741
G1 X145.0296 Y-224.1185
G0 X154.1389 Y-226.9339 F15000.0
G1 X155.5636 Y-225.5092 F12000.0
G0 X157.0095 Y-225.8866 F15000.0
G1 X155.7629 Y-227.1332 F12000.0
G0 X157.0307 Y-227.6887 F15000.0
G1 X158.4554 Y-226.2640 F12000.0
G0 X157.8999 Y-224.9962 F15000.0
G1 X174.8181 Y-208.0780 F12000.0
G0 X173.9926 Y-206.7407 F15000.0
G1 X174.4963 Y-207.6222 F12000.0
G1 X173.4889 Y-207.5593
G1 X173.1741 Y-208.5667
G1 X174.4963 Y-208.6296
G1 X170.9074 Y-208.5037
G1 X171.2852 Y-209.5111
G1 X171.7259 Y-209.2593
G1 X171.0963 Y-211.3370
G1 X170.1519 Y-208.3778
G1 X170.0259 Y-210.5185
G1 X170.5926 Y-208.3778
G1 X173.7407 Y-206.7407
G0 X174.7969 Y-206.2759 F15000.0
G1 X156.6321 Y-224.4407 F12000.0
G0 X159.9225 Y-228.4434 F15000.0
G1 X174.7036 Y-213.6623 F12000.0
G0 X174.8551 Y-213.7459 F15000.0
G1 X174.1427 Y-213.0336 F12000.0
G0 X174.7481 Y-212.5889 F15000.0
G1 X5.0000 Y-212.5889 F12000.0
G0 X5.0000 Y-211.2389 F15000.0
G1 X174.7481 Y-211.2389 F12000.0
G0 X174.8393 Y-209.8800 F15000.0
G1 X172.7022 Y-212.0171 F12000.0
G0 X172.7333 Y-209.2593 F15000.0
G1 X174.0556 Y-209.4481 F12000.0
G1 X172.7963 Y-209.4481
G1 X173.9926 Y-210.7704
G1 X174.6222 Y-210.2037
G1 X174.4333 Y-211.0852
G1 X172.7963 Y-212.5333
G1 X171.9778 Y-210.3296
G1 X172.8593 Y-210.0148
G1 X172.4815 Y-209.2593
G0 X174.7481 Y-205.8389 F15000.0
G1 X5.0000 Y-205.8389 F12000.0
G0 X5.0247 Y-205.4902 F15000.0
G1 X6.0932 Y-206.5587 F12000.0
G0 X7.1400 Y-205.8681 F15000.0
G1 X5.0029 Y-203.7311 F12000.0
G0 X5.0000 Y-203.9704 F15000.0
G1 X5.7556 Y-204.6630 F12000.0
G1 X5.2519 Y-205.0407
G1 X6.1963 Y-204.6630
G1 X5.1259 Y-209.3222
G1 X5.7556 Y-209.3222
G1 X5.6926 Y-210.5815
G1 X7.2037 Y-209.7000
G1 X5.5667 Y-213.6037
G1 X6.8889 Y-212.6593
G1 X5.2519 Y-214.2333
G1 X6.4481 Y-216.5630
G1 X5.2519 Y-218.1370
G1 X6.4481 Y-216.8148
G1 X6.5111 Y-215.2407
G1 X6.9519 Y-216.1222
G1 X7.6444 Y-220.4037
G1 X8.0222 Y-218.2000
G1 X7.4556 Y-217.6963
G1 X10.6037 Y-215.2407
G1 X9.9111 Y-215.4926
G1 X6.1963 Y-214.2963
G1 X7.0778 Y-212.6593
G1 X6.7000 Y-211.3370
G1 X8.3370 Y-211.9037
G1 X7.5185 Y-212.1556
G1 X8.7778 Y-212.4704
G1 X8.4000 Y-211.9037
G1 X9.3444 Y-211.4630
G1 X8.4000 Y-211.4630
G1 X9.5963 Y-210.3296
G1 X10.3519 Y-210.3296
G1 X10.1000 Y-208.8185
G1 X11.1074 Y-209.0074
G1 X10.4778 Y-207.0556
G1 X10.7926 Y-205.6074
G1 X8.3370 Y-205.1037
G1 X5.8185 Y-206.1741
G1 X7.0148 Y-205.3556
G1 X6.0704 Y-205.3556
G1 X6.1963 Y-203.9704
G1 X5.2519 Y-203.9704
G0 X4.9812 Y-201.9719 F15000.0
G1 X8.7210 Y-205.7118 F12000.0
G0 X9.5333 Y-205.7333 F15000.0
G1 X8.9667 Y-206.8667 F12000.0
G1 X8.0852 Y-205.6074
G1 X5.4407 Y-207.3704
G1 X5.8815 Y-208.5667
G1 X6.3852 Y-207.6852
G1 X6.4481 Y-208.6296
G1 X7.5815 Y-207.1185
G1 X8.5259 Y-209.5741
G1 X8.0222 Y-209.6370
G1 X7.1407 Y-210.7704
G1 X8.1481 Y-211.0852
G1 X7.9593 Y-210.3296
G1 X9.9111 Y-209.8259
G1 X10.6037 Y-207.8741
G1 X9.7852 Y-205.4815
G0 X12.3738 Y-202.4151 F15000.0
G1 X63.1283 Y-253.1697 F12000.0
G0 X62.3734 Y-253.0615 F15000.0
G1 X64.6885 Y-250.7463 F12000.0
G0 X64.5095 Y-251.0761 F15000.0
G1 X34.2349 Y-220.8015 F12000.0
G0 X35.1036 Y-219.9328 F15000.0
G1 X64.4878 Y-249.3170 F12000.0
G0 X64.3034 Y-248.4222 F15000.0
G1 X64.3034 Y-245.1481 F12000.0
G0 X63.1356 Y-245.6519 F15000.0
G1 X63.1356 Y-248.4222 F12000.0
G0 X61.9679 Y-248.4222 F15000.0
G1 X61.9679 Y-246.1556 F12000.0
G0 X60.8001 Y-246.1556 F15000.0
G1 X60.8001 Y-248.4222 F12000.0
G0 X59.6324 Y-248.4222 F15000.0
G1 X59.6324 Y-246.1556 F12000.0
G0 X58.4646 Y-248.4222 F15000.0
G1 X58.4646 Y-243.1333 F12000.0
G0 X57.2969 Y-243.1333 F15000.0
G1 X57.2969 Y-247.4148 F12000.0
G0 X56.1259 Y-247.2889 F15000.0
G1 X58.7074 Y-248.9259 F12000.0
G1 X58.0148 Y-248.8630
G1 X58.3296 Y-250.6259
G1 X61.4148 Y-250.5630
G1 X61.1000 Y-251.9481
G1 X62.3593 Y-250.8148
G1 X63.7444 Y-252.7037
G1 X61.9815 Y-252.3259
G1 X61.6037 Y-252.6407
G1 X61.9815 Y-251.6963
G1 X59.9037 Y-252.2630
G1 X61.2259 Y-250.5000
G1 X58.7704 Y-251.5704
G1 X55.8111 Y-252.5148
G1 X57.5111 Y-251.3815
G1 X53.2926 Y-249.8074
G1 X52.3481 Y-250.3741
G1 X53.9852 Y-248.7370
G1 X54.5519 Y-249.6185
G1 X55.3074 Y-248.4222
G1 X56.0000 Y-249.8074
G1 X56.9444 Y-248.9259
G1 X55.8741 Y-247.2889
G0 X56.1291 Y-246.4074 F15000.0
G1 X56.1291 Y-242.1259 F12000.0
G0 X54.9614 Y-242.6296 F15000.0
G1 X54.9614 Y-245.4000 F12000.0
G0 X53.7936 Y-243.8889 F15000.0
G1 X53.7936 Y-242.6296 F12000.0
G0 X53.3556 Y-244.2667 F15000.0
G1 X53.4815 Y-247.1000 F12000.0
G1 X52.2222 Y-248.6111
G1 X53.1037 Y-244.2667
G0 X53.7550 Y-249.0084 F15000.0
G1 X39.5081 Y-234.7615 F12000.0
G0 X38.4614 Y-235.4521 F15000.0
G1 X40.9546 Y-237.9453 F12000.0
G0 X39.7297 Y-238.4579 F15000.0
G1 X37.7708 Y-236.4989 F12000.0
G0 X38.4963 Y-236.4593 F15000.0
G1 X37.2370 Y-238.3481 F12000.0
G1 X40.3852 Y-237.6556
G1 X40.3852 Y-236.7111
G1 X38.1815 Y-237.9704
G1 X38.7481 Y-236.4593
G0 X39.0000 Y-238.7259 F15000.0
G1 X38.9370 Y-241.1185 F12000.0
G1 X38.3074 Y-241.3704
G1 X40.1963 Y-241.7481
G1 X39.1259 Y-243.1963
G1 X40.5741 Y-244.2667
G1 X41.0148 Y-243.7630
G1 X41.8963 Y-245.8407
G1 X41.2667 Y-243.6370
G1 X42.4000 Y-243.6370
G1 X43.2815 Y-245.8407
G1 X41.7074 Y-246.6593
G1 X39.4407 Y-245.7148
G1 X39.9444 Y-247.2259
G1 X37.7407 Y-243.3852
G1 X38.6222 Y-243.0074
G1 X35.3481 Y-241.3074
G1 X38.7481 Y-238.9778
G0 X40.7630 Y-240.2370 F15000.0
G1 X41.7074 Y-241.4333 F12000.0
G1 X41.5815 Y-242.3148
G1 X40.5741 Y-240.3630
G1 X39.5667 Y-241.1815
G1 X40.3852 Y-242.0000
G1 X40.1963 Y-243.3222
G1 X42.1481 Y-242.6926
G1 X41.0148 Y-239.9852
G0 X38.2444 Y-244.2667 F15000.0
G1 X38.4963 Y-244.8963 F12000.0
G1 X37.6778 Y-246.5963
G1 X36.3556 Y-246.4074
G1 X38.2444 Y-244.5185
G0 X36.2774 Y-244.1407 F15000.0
G1 X36.2774 Y-249.4296 F12000.0
G0 X33.5796 Y-253.1561 F15000.0
G1 X22.8945 Y-242.4709 F12000.0
G0 X21.6696 Y-242.9834 F15000.0
G1 X31.8205 Y-253.1343 F12000.0
G0 X31.3821 Y-253.0571 F15000.0
G1 X114.5483 Y-169.8909 F12000.0
G0 X115.6380 Y-170.6244 F15000.0
G1 X33.1841 Y-253.0783 F12000.0
G0 X30.4370 Y-245.7778 F15000.0
G1 X29.8704 Y-246.5333 F12000.0
G1 X30.5630 Y-247.4778
G1 X29.3667 Y-246.2815
G1 X30.3741 Y-248.6741
G1 X30.7519 Y-248.4852
G1 X30.7519 Y-249.2407
G1 X32.2000 Y-248.1704
G1 X31.5074 Y-247.2889
G1 X30.1852 Y-245.5259
G0 X25.4000 Y-242.7556 F15000.0
G1 X26.4704 Y-243.3222 F12000.0
G1 X25.5889 Y-246.6593
G1 X22.6296 Y-245.7148
G1 X23.0704 Y-245.5259
G1 X21.7481 Y-245.1481
G1 X25.1481 Y-242.7556
G0 X23.8889 Y-246.5333 F15000.0
G1 X26.0296 Y-246.7852 F12000.0
G1 X24.7074 Y-247.7926
G1 X23.2593 Y-247.5407
G1 X23.6370 Y-246.7852
G0 X21.7349 Y-248.2608 F15000.0
G1 X18.5293 Y-245.0552 F12000.0
G0 X20.1538 Y-248.4171 F15000.0
G1 X5.0165 Y-233.2798 F12000.0
G0 X5.0000 Y-232.8389 F15000.0
G1 X174.7481 Y-232.8389 F12000.0
G0 X173.4698 Y-231.3056 F15000.0
G1 X164.7436 Y-240.0318 F12000.0
G0 X165.3172 Y-238.9553 F15000.0
G1 X163.8925 Y-237.5307 F12000.0
G0 X161.9336 Y-235.5717 F15000.0
G1 X159.2623 Y-232.9004 F12000.0
G0 X160.6652 Y-232.5660 F15000.0
G1 X167.7887 Y-239.6894 F12000.0
G0 X163.2237 Y-240.3365 F15000.0
G1 X161.0867 Y-238.1995 F12000.0
G0 X159.8889 Y-237.4667 F15000.0
G1 X162.7222 Y-240.1741 F12000.0
G1 X159.5741 Y-238.2852
G1 X160.8963 Y-237.8444
G1 X159.6370 Y-237.7185
G0 X159.6620 Y-236.7748 F15000.0
G1 X153.6070 Y-230.7199 F12000.0
G0 X153.5926 Y-230.9185 F15000.0
G1 X154.4111 Y-233.3741 F12000.0
G1 X154.3481 Y-235.4519
G1 X153.7185 Y-234.3815
G1 X153.4037 Y-232.1148
G1 X152.5222 Y-232.1778
G1 X153.3407 Y-230.9185
G0 X155.1881 Y-230.5635 F15000.0
G1 X160.8868 Y-236.2623 F12000.0
G0 X161.4000 Y-236.2074 F15000.0
G1 X164.2333 Y-239.1667 F12000.0
G1 X164.8630 Y-238.4741
G1 X163.2889 Y-237.4037
G1 X162.3444 Y-235.7667
G1 X161.4000 Y-235.9556
G0 X161.4000 Y-234.4444 F15000.0
G1 X159.6370 Y-235.5148 F12000.0
G1 X161.6519 Y-234.4444
G0 X157.9029 Y-236.7531 F15000.0
G1 X162.7112 Y-241.5614 F12000.0
G0 X161.6644 Y-242.2520 F15000.0
G1 X158.6370 Y-239.2245 F12000.0
G0 X157.2123 Y-237.7998 F15000.0
G1 X155.7876 Y-236.3751 F12000.0
G0 X154.8519 Y-237.4667 F15000.0
G1 X156.2370 Y-238.1593 F12000.0
G1 X159.0074 Y-240.9296
G1 X156.6778 Y-239.9222
G1 X156.2370 Y-241.6852
G1 X155.1037 Y-242.5037
G1 X157.6222 Y-240.3630
G1 X158.1889 Y-240.8667
G1 X157.8741 Y-241.3074
G1 X159.9519 Y-241.3074
G1 X159.6370 Y-243.5111
G1 X158.3778 Y-245.4630
G1 X157.6222 Y-244.7074
G1 X158.1259 Y-244.5185
G1 X155.1667 Y-243.2593
G1 X154.2852 Y-243.7000
G1 X153.0889 Y-241.5593
G1 X151.3259 Y-243.5741
G1 X150.1296 Y-244.8333
G1 X150.5704 Y-242.1889
G1 X151.0741 Y-242.5667
G1 X151.1370 Y-241.0556
G1 X149.1222 Y-241.5593
G1 X147.9889 Y-241.8111
G1 X150.0037 Y-240.2370
G1 X151.1370 Y-239.9852
G1 X151.5778 Y-238.5370
G1 X154.9778 Y-237.6556
G1 X155.3556 Y-240.6148
G1 X154.8519 Y-241.0556
G1 X156.3630 Y-239.1037
G1 X155.1037 Y-237.7185
G0 X155.4532 Y-237.7781 F15000.0
G1 X154.3846 Y-236.7096 F12000.0
G0 X153.1598 Y-237.2221 F15000.0
G1 X154.7626 Y-238.8248 F12000.0
G0 X156.5434 Y-240.6057 F15000.0
G1 X161.7079 Y-245.7702 F12000.0
G0 X162.3985 Y-244.7234 F15000.0
G1 X159.3711 Y-241.6960 F12000.0
G0 X157.9899 Y-243.7895 F15000.0
G1 X156.0309 Y-241.8306 F12000.0
G0 X156.2525 Y-245.5269 F15000.0
G1 X159.4581 Y-248.7324 F12000.0
G0 X158.5894 Y-249.6011 F15000.0
G1 X156.8085 Y-247.8202 F12000.0
G0 X158.1897 Y-245.7267 F15000.0
G1 X159.2582 Y-246.7952 F12000.0
G0 X159.9488 Y-245.7485 F15000.0
G1 X160.6612 Y-246.4608 F12000.0
G0 X162.6277 Y-243.9709 F15000.0
G1 X154.0796 Y-252.5190 F12000.0
G0 X155.3474 Y-253.0745 F15000.0
G1 X164.4298 Y-243.9921 F12000.0
G0 X164.6741 Y-244.0148 F15000.0
G1 X164.0444 Y-244.7074 F12000.0
G1 X165.1148 Y-244.7704
G1 X164.9259 Y-244.0148
G0 X173.6220 Y-242.0481 F15000.0
G1 X174.8686 Y-243.2947 F12000.0
G0 X167.9481 Y-228.6519 F15000.0
G1 X168.3889 Y-229.0926 F12000.0
G1 X165.2407 Y-231.3593
G1 X167.6963 Y-228.6519
G0 X166.7460 Y-226.4852 F15000.0
G1 X165.6775 Y-225.4167 F12000.0
G0 X166.9023 Y-224.9042 F15000.0
G1 X167.9709 Y-225.9727 F12000.0
G0 X169.9630 Y-225.6296 F15000.0
G1 X171.2852 Y-225.9444 F12000.0
G1 X170.8444 Y-228.4000
G1 X170.2148 Y-225.8815
G0 X169.9630 Y-223.8667 F15000.0
G1 X169.4593 Y-224.8741 F12000.0
G1 X170.0259 Y-223.9296
G1 X168.5778 Y-225.3778
G1 X167.7593 Y-225.1259
G1 X169.7111 Y-223.8667
G0 X167.6963 Y-222.1037 F15000.0
G1 X168.5778 Y-222.1667 F12000.0
G1 X168.0741 Y-223.8037
G1 X166.6889 Y-223.4259
G1 X167.4444 Y-222.1037
G0 X172.9852 Y-224.8741 F15000.0
G1 X172.8593 Y-226.7000 F12000.0
G1 X170.1519 Y-226.0074
G1 X169.8370 Y-226.8889
G1 X168.5778 Y-226.2593
G1 X167.8852 Y-227.2037
G1 X167.1926 Y-225.6296
G1 X166.6259 Y-226.3852
G1 X166.4370 Y-225.8815
G1 X167.0667 Y-226.7000
G1 X167.5704 Y-226.5111
G1 X166.8778 Y-227.6444
G1 X167.9481 Y-228.5259
G1 X166.3741 Y-228.1481
G1 X166.9407 Y-229.2815
G1 X165.6185 Y-229.2815
G1 X165.3667 Y-230.3519
G1 X164.3593 Y-229.0296
G1 X165.4926 Y-228.5259
G1 X162.3444 Y-227.7704
G1 X164.0444 Y-230.0370
G1 X162.0296 Y-228.9667
G1 X160.3296 Y-230.4148
G1 X160.8963 Y-229.4704
G1 X160.3296 Y-230.7926
G1 X164.4852 Y-232.1148
G1 X162.5963 Y-232.1778
G1 X163.1000 Y-229.7852
G1 X164.8000 Y-230.6037
G1 X163.4148 Y-231.1704
G1 X165.3667 Y-230.9185
G1 X165.8704 Y-233.9407
G1 X164.4222 Y-233.1222
G1 X163.9185 Y-233.5000
G1 X166.5000 Y-235.3259
G1 X164.8000 Y-234.2556
G1 X166.5630 Y-236.0185
G1 X168.3259 Y-239.0407
G1 X170.0889 Y-238.9778
G1 X169.5222 Y-239.5444
G1 X168.9556 Y-239.2296
G1 X168.0111 Y-240.2370
G1 X171.7889 Y-241.7481
G1 X172.3556 Y-239.6704
G1 X170.9074 Y-239.5444
G1 X170.7185 Y-240.9296
G1 X169.6481 Y-240.9926
G1 X169.8370 Y-238.3481
G1 X169.1444 Y-234.5074
G1 X168.0111 Y-234.7593
G1 X168.5148 Y-235.5778
G1 X166.3111 Y-232.6185
G1 X167.8222 Y-231.6111
G1 X168.1370 Y-232.5556
G1 X168.7037 Y-231.2963
G1 X170.1519 Y-231.2963
G1 X170.2148 Y-232.6185
G1 X168.8926 Y-232.6815
G1 X168.7037 Y-232.2407
G1 X171.0963 Y-232.4926
G1 X170.9704 Y-233.6259
G1 X170.1519 Y-234.6333
G1 X171.2852 Y-236.9000
G1 X170.5296 Y-237.2148
G1 X170.0889 Y-235.7037
G1 X171.8519 Y-237.5926
G1 X173.0481 Y-237.4667
G1 X172.9222 Y-236.3333
G1 X174.5593 Y-236.3333
G1 X170.0889 Y-234.2556
G1 X171.7889 Y-234.0667
G1 X172.4185 Y-231.1704
G1 X173.3630 Y-230.2889
G1 X174.5593 Y-230.7926
G1 X174.5593 Y-227.9593
G1 X173.3000 Y-228.4630
G1 X171.9148 Y-226.7000
G1 X172.7333 Y-226.5741
G1 X173.3630 Y-226.6370
G1 X172.9852 Y-225.1259
G0 X174.7481 Y-223.3889 F15000.0
G1 X5.0000 Y-223.3889 F12000.0
G0 X6.7630 Y-223.3630 F15000.0
G1 X5.2519 Y-226.9519 F12000.0
G1 X7.0778 Y-224.9370
G1 X6.1333 Y-225.4407
G1 X7.2667 Y-223.5519
G1 X8.4630 Y-224.1185
G1 X8.1481 Y-224.5593
G1 X7.0148 Y-223.3630
G0 X7.2667 Y-227.8963 F15000.0
G1 X9.3444 Y-229.0296 F12000.0
G1 X7.5815 Y-229.0926
G1 X7.0148 Y-228.1481
G0 X6.0074 Y-234.6963 F15000.0
G1 X6.9519 Y-235.8296 F12000.0
G1 X5.1259 Y-239.8593
G1 X7.6444 Y-235.3889
G1 X6.2593 Y-234.9481
G0 X5.2519 Y-235.4519 F15000.0
G1 X6.0704 Y-236.9000 F12000.0
G1 X5.3148 Y-237.5926
G1 X5.0000 Y-235.4519
G0 X5.0383 Y-235.0389 F15000.0
G1 X19.1071 Y-249.1077 F12000.0
G0 X20.5318 Y-250.5324 F15000.0
G1 X23.2030 Y-253.2037 F12000.0
G0 X18.6000 Y-240.7407 F15000.0
G1 X18.4111 Y-245.3370 F12000.0
G1 X17.7185 Y-243.7000
G1 X16.5222 Y-247.9815
G1 X15.2630 Y-248.9259
G1 X16.2074 Y-249.9963
G1 X16.5852 Y-249.6185
G1 X15.5778 Y-251.7593
G1 X17.9074 Y-249.1148
G1 X17.5296 Y-248.6741
G1 X18.7889 Y-249.7444
G1 X20.2370 Y-245.9667
G1 X22.1259 Y-243.8889
G1 X23.2593 Y-243.8889
G1 X22.2519 Y-243.1963
G1 X19.1667 Y-245.9037
G1 X20.1741 Y-244.0778
G1 X19.2926 Y-241.8741
G1 X19.8593 Y-240.4259
G1 X18.8519 Y-240.4889
G0 X23.1333 Y-238.4741 F15000.0
G1 X24.0148 Y-238.6630 F12000.0
G1 X22.0000 Y-239.6704
G1 X23.3852 Y-238.7259
G0 X13.3111 Y-232.9333 F15000.0
G1 X12.5556 Y-234.3185 F12000.0
G1 X14.6963 Y-234.4444
G1 X13.3111 Y-232.6815
G0 X15.0741 Y-229.6593 F15000.0
G1 X14.4444 Y-233.5000 F12000.0
G1 X15.6407 Y-233.5630
G1 X15.0741 Y-229.4074
G0 X13.8148 Y-226.6370 F15000.0
G1 X14.1926 Y-227.4556 F12000.0
G1 X11.3593 Y-228.2111
G1 X11.1074 Y-227.5815
G1 X13.5630 Y-226.6370
G0 X13.2601 Y-217.2004 F15000.0
G1 X4.8901 Y-208.8303 F12000.0
G0 X4.9118 Y-210.5894 F15000.0
G1 X9.8983 Y-215.5758 F12000.0
G0 X11.2963 Y-214.0444 F15000.0
G1 X12.1148 Y-214.8000 F12000.0
G1 X11.8630 Y-215.3667
G1 X13.6889 Y-215.4296
G1 X11.5481 Y-214.0444
G0 X12.5556 Y-212.0296 F15000.0
G1 X11.7370 Y-212.7222 F12000.0
G1 X10.4148 Y-212.1556
G1 X12.0519 Y-213.4778
G1 X14.2556 Y-213.3519
G1 X12.5556 Y-211.7778
G0 X8.2741 Y-213.2889 F15000.0
G1 X8.6519 Y-216.9407 F12000.0
G1 X7.9593 Y-215.1778
G1 X8.0222 Y-213.5407
G0 X5.0000 Y-215.2889 F15000.0
G1 X174.7481 Y-215.2889 F12000.0
G0 X174.7481 Y-217.9889 F15000.0
G1 X5.0000 Y-217.9889 F12000.0
G0 X5.0379 Y-219.2333 F15000.0
G1 X116.3417 Y-107.9294 F12000.0
G0 X114.9869 Y-108.7064 F15000.0
G1 X174.8238 Y-168.5433 F12000.0
G0 X174.8456 Y-170.3024 F15000.0
G1 X113.5839 Y-109.0408 F12000.0
G0 X113.0937 Y-107.5309 F15000.0
G1 X114.1622 Y-106.4623 F12000.0
G0 X117.0741 Y-103.7333 F15000.0
G1 X119.4667 Y-105.4333 F12000.0
G1 X122.2370 Y-104.6778
G1 X127.0852 Y-104.4259
G1 X127.5259 Y-103.6704
G1 X126.8963 Y-104.8667
G1 X117.9556 Y-105.4333
G1 X117.3259 Y-104.7407
G1 X115.5000 Y-105.8111
G1 X117.3889 Y-104.2370
G1 X116.8222 Y-103.4815
G0 X110.0222 Y-107.2889 F15000.0
G1 X174.7481 Y-107.2889 F12000.0
G0 X174.3516 Y-108.2138 F15000.0
G1 X169.0000 Y-110.4305 F12000.0
G0 X169.9630 Y-110.5333 F15000.0
G1 X171.0963 Y-114.1222 F12000.0
G1 X170.2148 Y-110.5333
G0 X168.8090 Y-109.3114 F15000.0
G1 X173.2300 Y-107.4802 F12000.0
G0 X173.2717 Y-106.2647 F15000.0
G1 X164.6625 Y-109.8308 F12000.0
G0 X166.3330 Y-107.9406 F15000.0
G1 X174.7095 Y-104.4709 F12000.0
G0 X174.7481 Y-104.5889 F15000.0
G1 X128.4074 Y-104.5889 F12000.0
G0 X125.0073 Y-108.3026 F15000.0
G1 X174.8714 Y-158.1667 F12000.0
G0 X174.6931 Y-158.3971 F15000.0
G1 X173.2970 Y-158.9754 F12000.0
G0 X174.7798 Y-158.8879 F15000.0
G1 X143.7928 Y-189.8749 F12000.0
G0 X144.7044 Y-190.7865 F15000.0
G1 X174.8010 Y-160.6899 F12000.0
G0 X174.7481 Y-158.5889 F15000.0
G1 X5.0000 Y-158.5889 F12000.0
G0 X8.5259 Y-164.6815 F15000.0
G1 X7.0778 Y-165.8778 F12000.0
G1 X9.8481 Y-166.2556
G1 X5.6926 Y-166.8222
G1 X6.1333 Y-167.4519
G1 X5.9444 Y-166.5074
G1 X7.7074 Y-167.7037
G1 X7.3296 Y-168.2074
G1 X7.0148 Y-167.8926
G1 X9.0926 Y-167.2630
G1 X9.7222 Y-168.2074
G1 X10.6667 Y-168.2074
G1 X9.1556 Y-167.5148
G1 X10.9815 Y-166.4444
G1 X8.1481 Y-165.5000
G1 X8.5259 Y-164.9333
G0 X14.5704 Y-168.2074 F15000.0
G1 X14.9481 Y-169.2148 F12000.0
G1 X17.6556 Y-168.7111
G1 X14.8222 Y-168.2074
G0 X10.7926 Y-172.7407 F15000.0
G1 X12.3037 Y-174.0000 F12000.0
G1 X14.0667 Y-173.4333
G1 X12.7444 Y-175.3852
G1 X10.7926 Y-172.9926
G0 X7.5185 Y-175.0074 F15000.0
G1 X5.3148 Y-177.5259 F12000.0
G1 X6.4481 Y-177.3370
G1 X5.3148 Y-178.4704
G1 X6.4481 Y-178.0926
G1 X7.5185 Y-175.2593
G0 X5.0000 Y-173.4389 F15000.0
G1 X63.9333 Y-173.4389 F12000.0
G0 X65.9481 Y-172.9926 F15000.0
G1 X65.3185 Y-174.3148 F12000.0
G1 X66.7037 Y-173.1815
G1 X63.3037 Y-179.6667
G1 X65.3185 Y-176.4556
G1 X63.1148 Y-178.7222
G1 X66.2000 Y-172.7407
G0 X67.9630 Y-172.0889 F15000.0
G1 X5.0000 Y-172.0889 F12000.0
G0 X8.2741 Y-182.0593 F15000.0
G1 X8.4630 Y-183.3815 F12000.0
G1 X5.8185 Y-185.8370
G1 X7.0148 Y-184.0741
G1 X6.8259 Y-184.6407
G1 X6.7000 Y-183.4444
G1 X5.7556 Y-184.9556
G1 X5.2519 Y-184.7667
G1 X5.3148 Y-186.1519
G1 X8.2111 Y-184.7667
G1 X9.2185 Y-184.1370
G1 X8.4000 Y-185.9000
G1 X9.0296 Y-185.6481
G1 X9.9111 Y-186.4667
G1 X9.2185 Y-185.2074
G1 X10.2259 Y-185.5222
G1 X9.7222 Y-184.4519
G1 X11.3593 Y-183.8222
G1 X9.4074 Y-182.9407
G1 X10.4778 Y-182.3111
G1 X9.0296 Y-182.6259
G1 X8.2741 Y-182.3111
G0 X5.0000 Y-184.2389 F15000.0
G1 X174.7481 Y-184.2389 F12000.0
G0 X173.4889 Y-184.0741 F15000.0
G1 X174.6222 Y-184.5778 F12000.0
G1 X173.9926 Y-186.3407
G1 X174.4333 Y-186.7185
G1 X173.6778 Y-185.4593
G1 X174.1815 Y-184.2000
G1 X173.2370 Y-183.8222
G0 X174.7481 Y-181.5389 F15000.0
G1 X68.9704 Y-181.5389 F12000.0
G0 X68.2480 Y-183.5828 F15000.0
G1 X71.6317 Y-186.9664 F12000.0
G0 X73.2519 Y-184.3259 F15000.0
G1 X74.9519 Y-185.6481 F12000.0
G1 X76.0852 Y-185.2704
G1 X74.3222 Y-186.5296
G1 X72.5593 Y-185.5852
G1 X75.1407 Y-187.1593
G1 X75.1407 Y-186.3407
G1 X76.7778 Y-185.6481
G1 X76.2111 Y-184.8926
G1 X73.7556 Y-185.5852
G1 X73.5037 Y-184.3259
G0 X76.5431 Y-190.4852 F15000.0
G1 X79.5680 Y-191.7382 F12000.0
G0 X80.2660 Y-192.0273 F15000.0
G1 X86.3157 Y-194.5332 F12000.0
G0 X86.3161 Y-193.8058 F15000.0
G1 X50.4833 Y-208.6483 F12000.0
G0 X39.8942 Y-209.0872 F15000.0
G1 X83.8815 Y-253.0745 F12000.0
G0 X84.1551 Y-252.9556 F15000.0
G1 X84.1551 Y-187.2222 F12000.0
G0 X81.8298 Y-191.5426 F15000.0
G1 X85.5527 Y-193.0847 F12000.0
G0 X86.8519 Y-192.6370 F15000.0
G1 X92.7704 Y-201.1370 F12000.0
G1 X92.3296 Y-200.4444
G1 X92.3296 Y-201.3889
G1 X87.2926 Y-193.8333
G1 X91.5741 Y-198.8074
G1 X87.1037 Y-192.8889
G0 X89.8709 Y-197.1382 F15000.0
G1 X75.6774 Y-191.2591 F12000.0
G0 X75.3978 Y-191.1391 F15000.0
G1 X79.1207 Y-189.5970 F12000.0
G0 X75.5496 Y-190.8843 F15000.0
G1 X103.3310 Y-218.6658 F12000.0
G0 X102.4623 Y-219.5345 F15000.0
G1 X74.3247 Y-191.3968 F12000.0
G0 X74.8131 Y-191.2519 F15000.0
G1 X74.8131 Y-252.9556 F12000.0
G0 X74.8303 Y-253.1931 F15000.0
G1 X71.5728 Y-251.8438 F12000.0
G0 X71.4916 Y-251.4693 F15000.0
G1 X102.6708 Y-238.5545 F12000.0
G0 X102.4209 Y-238.5751 F15000.0
G1 X68.2168 Y-224.4073 F12000.0
G0 X67.8395 Y-224.2251 F15000.0
G1 X99.2514 Y-211.2138 F12000.0
G0 X101.7691 Y-211.3692 F15000.0
G1 X102.6999 Y-210.9836 F12000.0
G0 X102.8391 Y-213.1630 F15000.0
G1 X102.8391 Y-155.9926 F12000.0
G0 X102.5480 Y-155.3378 F15000.0
G1 X104.3289 Y-157.1186 F12000.0
G0 X101.6714 Y-155.4889 F15000.0
G1 X101.6714 Y-219.7111 F12000.0
G0 X103.4741 Y-220.8444 F15000.0
G1 X102.2148 Y-221.3481 F12000.0
G1 X103.7889 Y-221.9148
G1 X102.7815 Y-226.3852
G1 X102.1519 Y-225.4407
G1 X102.9704 Y-225.0630
G1 X102.1519 Y-225.8185
G1 X103.3481 Y-226.7000
G1 X104.0407 Y-226.4481
G1 X107.7556 Y-227.9593
G1 X105.0481 Y-226.7630
G1 X106.1815 Y-225.6296
G1 X104.3556 Y-226.8889
G1 X104.3556 Y-225.6926
G1 X105.6148 Y-224.0556
G1 X105.1741 Y-224.3074
G1 X105.1741 Y-223.5519
G1 X103.8519 Y-225.1889
G1 X105.0481 Y-222.4185
G1 X106.3074 Y-221.8519
G1 X103.7259 Y-220.8444
G0 X100.6955 Y-222.5977 F15000.0
G1 X65.7934 Y-237.0547 F12000.0
G0 X65.9717 Y-237.0668 F15000.0
G1 X101.1065 Y-251.6201 F12000.0
G0 X101.6714 Y-250.9407 F15000.0
G1 X101.6714 Y-232.5556 F12000.0
G0 X102.7185 Y-233.4370 F15000.0
G1 X103.3481 Y-233.3741 F12000.0
G1 X103.2222 Y-234.8222
G1 X103.9148 Y-233.9407
G1 X104.4185 Y-237.2778
G1 X103.7889 Y-236.6481
G1 X105.3630 Y-241.5593
G1 X103.7259 Y-242.9444
G1 X105.6778 Y-241.6852
G1 X107.8185 Y-244.6444
G1 X102.9704 Y-247.1630
G1 X107.7556 Y-246.7852
G1 X105.1111 Y-248.2333
G1 X104.6074 Y-248.8000
G1 X102.0889 Y-248.3593
G1 X102.7815 Y-238.2222
G1 X102.4667 Y-233.6889
G0 X101.9070 Y-234.0780 F15000.0
G1 X71.4258 Y-246.7037 F12000.0
G0 X69.3188 Y-246.1161 F15000.0
G1 X116.5116 Y-198.9233 F12000.0
G0 X117.0741 Y-198.9333 F15000.0
G1 X122.4259 Y-203.1519 F12000.0
G1 X121.1037 Y-202.6481
G1 X122.5519 Y-202.9000
G1 X117.3259 Y-198.9333
G0 X117.5778 Y-200.6963 F15000.0
G1 X116.9481 Y-201.9556 F12000.0
G1 X115.5630 Y-202.0185
G1 X117.2630 Y-203.6556
G1 X117.5778 Y-205.7963
G1 X120.9148 Y-212.5963
G1 X115.0593 Y-202.6481
G1 X121.4185 Y-216.5000
G1 X121.3556 Y-219.2704
G1 X122.8037 Y-218.0111
G1 X123.6852 Y-220.2148
G1 X122.7407 Y-220.5296
G1 X125.2593 Y-221.6000
G1 X124.5037 Y-222.8593
G1 X125.5741 Y-222.1037
G1 X127.7148 Y-222.6074
G1 X126.3926 Y-225.9444
G1 X127.4000 Y-224.6852
G1 X126.8333 Y-226.0704
G1 X127.9037 Y-224.2444
G1 X127.4000 Y-223.3000
G1 X127.9037 Y-222.1667
G1 X130.2963 Y-223.1741
G1 X131.1778 Y-220.9704
G1 X131.9963 Y-221.9778
G1 X131.8074 Y-226.5741
G1 X131.0519 Y-224.6222
G1 X130.9889 Y-227.3296
G1 X133.7593 Y-228.5259
G1 X134.8296 Y-227.0778
G1 X133.0037 Y-229.9111
G1 X131.8704 Y-228.7778
G1 X131.7444 Y-229.8481
G1 X130.0444 Y-228.0852
G1 X127.5889 Y-229.9741
G1 X128.2185 Y-227.9593
G1 X129.2259 Y-227.7704
G1 X129.1630 Y-226.6370
G1 X126.0778 Y-227.9593
G1 X125.9519 Y-228.7778
G1 X124.8185 Y-228.1481
G1 X125.6370 Y-224.4333
G1 X124.3778 Y-226.5741
G1 X122.6148 Y-227.5185
G1 X122.3000 Y-225.9444
G1 X123.7481 Y-225.8815
G1 X121.7333 Y-224.3704
G1 X122.3000 Y-223.9926
G1 X123.4963 Y-224.8741
G1 X123.6222 Y-223.8667
G1 X124.8815 Y-224.1185
G1 X124.3778 Y-224.6852
G1 X124.7556 Y-223.5519
G1 X121.5444 Y-222.9852
G1 X120.0333 Y-225.1259
G1 X120.4111 Y-221.0333
G1 X120.0963 Y-225.4407
G1 X121.8593 Y-225.4407
G1 X119.2778 Y-226.0074
G1 X118.7741 Y-223.4889
G1 X119.0259 Y-226.0704
G1 X118.3333 Y-227.2667
G1 X119.5926 Y-228.0222
G1 X116.7593 Y-228.2741
G1 X117.4519 Y-225.0630
G1 X116.7593 Y-225.0630
G1 X117.3889 Y-222.4815
G1 X118.1444 Y-224.4333
G1 X117.2630 Y-221.2222
G1 X119.9074 Y-220.2778
G1 X119.7185 Y-219.3333
G1 X118.4593 Y-220.2778
G1 X116.5704 Y-220.6556
G1 X118.2704 Y-220.2778
G1 X116.1296 Y-221.3481
G1 X115.6259 Y-217.5704
G1 X114.8704 Y-219.9000
G1 X115.0593 Y-215.3667
G1 X113.8000 Y-215.4926
G1 X114.5556 Y-219.5222
G1 X113.0444 Y-218.2000
G1 X113.9889 Y-219.9000
G1 X112.6037 Y-220.0259
G1 X112.6037 Y-219.4593
G1 X111.8481 Y-221.4111
G1 X111.0296 Y-221.1593
G1 X109.5815 Y-221.6000
G1 X110.5259 Y-220.2148
G1 X108.1963 Y-219.3963
G1 X109.0148 Y-219.3333
G1 X108.7630 Y-218.8296
G1 X105.4259 Y-219.9000
G1 X106.6222 Y-219.0185
G1 X108.2593 Y-217.7593
G1 X107.4407 Y-218.5148
G1 X108.4481 Y-216.1222
G1 X107.1889 Y-217.0037
G1 X106.4963 Y-215.9963
G1 X107.3778 Y-215.9963
G1 X105.9296 Y-212.8481
G1 X107.5037 Y-213.7926
G1 X105.3000 Y-212.2185
G1 X104.6704 Y-215.1148
G1 X103.9148 Y-214.3593
G1 X104.2926 Y-213.9185
G1 X103.2222 Y-214.9889
G1 X104.9852 Y-215.6815
G1 X102.5296 Y-215.6185
G1 X104.5444 Y-207.1815
G1 X106.3074 Y-209.6370
G1 X104.9852 Y-209.5741
G1 X106.4333 Y-209.7630
G1 X103.9148 Y-205.2296
G1 X102.0259 Y-209.3852
G1 X102.7815 Y-206.6778
G1 X101.6481 Y-209.3222
G1 X95.7296 Y-205.6704
G1 X100.1370 Y-209.8259
G1 X98.7519 Y-208.3148
G1 X102.9074 Y-210.7704
G1 X102.0889 Y-216.3741
G1 X104.3556 Y-216.5000
G1 X104.2926 Y-217.1926
G1 X104.8593 Y-215.9333
G1 X106.3704 Y-217.1296
G1 X107.3778 Y-217.5074
G1 X105.3630 Y-218.6407
G1 X106.6852 Y-220.4037
G1 X109.5815 Y-222.9222
G1 X108.9519 Y-223.6148
G1 X108.7000 Y-223.1111
G1 X107.9444 Y-226.5111
G1 X108.8259 Y-226.7630
G1 X108.1963 Y-227.3296
G1 X108.3852 Y-229.9111
G1 X106.6852 Y-233.1222
G1 X107.8815 Y-236.3333
G1 X107.0630 Y-235.2000
G1 X107.3778 Y-238.0333
G1 X106.8741 Y-236.3963
G1 X108.7000 Y-237.7815
G1 X108.7630 Y-240.0481
G1 X107.8185 Y-239.6704
G1 X107.7556 Y-238.8519
G1 X106.8741 Y-238.8519
G1 X105.9926 Y-237.3407
G1 X106.4963 Y-238.7259
G1 X105.9926 Y-239.3556
G1 X106.8111 Y-239.2296
G1 X107.7556 Y-240.1741
G1 X106.5593 Y-243.7630
G1 X105.2370 Y-238.7889
G1 X105.9926 Y-235.8296
G1 X104.9222 Y-233.5630
G1 X103.8519 Y-233.7519
G1 X103.1593 Y-232.4926
G1 X104.7963 Y-232.4926
G1 X101.6481 Y-232.6815
G1 X100.1370 Y-230.6037
G1 X100.0741 Y-229.4704
G1 X102.2778 Y-227.2667
G1 X101.5852 Y-227.3926
G1 X101.0815 Y-228.0222
G1 X97.4926 Y-211.2741
G1 X98.6889 Y-220.6556
G1 X97.6815 Y-223.4259
G1 X99.1296 Y-219.8370
G1 X101.2074 Y-223.9926
G1 X100.8296 Y-228.5889
G1 X100.0741 Y-229.4704
G1 X102.9074 Y-238.8519
G1 X101.5852 Y-252.7037
G1 X101.9630 Y-248.6741
G1 X103.0963 Y-248.7370
G1 X104.0407 Y-250.3741
G1 X102.7185 Y-251.5074
G1 X103.9148 Y-251.3185
G1 X104.3556 Y-250.5000
G1 X103.6000 Y-252.1370
G1 X103.4741 Y-252.9556
G1 X104.6704 Y-252.8926
G1 X105.0481 Y-249.0519
G1 X105.8037 Y-251.8852
G1 X105.2370 Y-250.9407
G1 X105.3000 Y-252.7037
G1 X105.6778 Y-251.7593
G1 X107.4407 Y-251.9481
G1 X107.0000 Y-251.0667
G1 X110.7778 Y-250.2481
G1 X111.2815 Y-251.3815
G1 X110.7778 Y-252.5148
G1 X112.2259 Y-251.3185
G1 X111.9111 Y-253.0185
G1 X111.2815 Y-248.4852
G1 X112.1630 Y-247.8556
G1 X112.7926 Y-248.6741
G1 X112.2259 Y-247.3519
G1 X114.1148 Y-243.3852
G1 X114.1148 Y-242.2519
G1 X116.8852 Y-242.3148
G1 X118.8370 Y-245.0852
G1 X116.9481 Y-244.0778
G1 X116.3185 Y-243.0074
G1 X115.6259 Y-244.4556
G1 X116.1926 Y-243.3222
G1 X118.5222 Y-245.6519
G1 X119.7185 Y-246.4704
G1 X116.4444 Y-245.8407
G1 X118.3963 Y-247.4778
G1 X117.5778 Y-247.6667
G1 X115.6259 Y-246.1556
G1 X118.0185 Y-248.0444
G1 X119.4037 Y-247.4148
G1 X118.5852 Y-249.0519
G1 X119.4667 Y-249.6185
G1 X120.2852 Y-248.2333
G1 X117.7667 Y-250.6889
G1 X118.2074 Y-249.7444
G1 X117.8926 Y-251.3185
G1 X120.1593 Y-249.9963
G1 X119.9704 Y-248.1074
G1 X118.9630 Y-249.4296
G1 X119.1519 Y-244.4556
G1 X116.3185 Y-241.9370
G1 X113.8630 Y-243.2593
G1 X114.8704 Y-245.0222
G1 X112.9185 Y-246.5963
G1 X111.9111 Y-244.4556
G1 X111.7852 Y-245.6519
G1 X112.4778 Y-244.7704
G1 X112.8556 Y-246.0926
G1 X110.4000 Y-249.2407
G1 X110.4000 Y-250.0593
G1 X108.5111 Y-249.7444
G1 X109.1407 Y-247.1630
G1 X107.4407 Y-246.9111
G1 X108.1333 Y-246.5963
G1 X105.9296 Y-245.7148
G1 X106.8741 Y-244.9593
G1 X108.8259 Y-246.3444
G1 X110.6519 Y-243.2593
G1 X109.5185 Y-243.1333
G1 X107.6926 Y-243.8889
G1 X109.9593 Y-242.0630
G1 X111.4074 Y-243.4481
G1 X110.5889 Y-244.3926
G1 X110.8407 Y-245.1481
G1 X111.8481 Y-242.3148
G1 X112.7926 Y-243.7630
G1 X110.9667 Y-241.4963
G1 X113.5481 Y-239.2296
G1 X114.2407 Y-239.4815
G1 X116.7593 Y-239.1037
G1 X118.5222 Y-239.7333
G1 X119.0259 Y-241.4333
G1 X120.4741 Y-237.4037
G1 X122.7407 Y-236.5852
G1 X125.0074 Y-235.7037
G1 X124.1889 Y-236.5222
G1 X125.1333 Y-237.4037
G1 X124.1889 Y-239.6074
G1 X126.5815 Y-237.3407
G1 X126.8333 Y-238.0333
G1 X127.1481 Y-238.9778
G1 X126.7074 Y-240.3000
G1 X127.9667 Y-240.4889
G1 X126.8963 Y-241.3074
G1 X123.6852 Y-240.5519
G1 X124.5037 Y-240.9296
G1 X126.5815 Y-242.1259
G1 X125.5111 Y-243.0074
G1 X123.7481 Y-242.5037
G1 X123.1815 Y-242.9444
G1 X122.8037 Y-242.4407
G1 X122.8037 Y-243.9519
G1 X121.4815 Y-243.1963
G1 X121.6704 Y-244.2667
G1 X120.0333 Y-244.5185
G1 X120.1593 Y-244.9593
G1 X121.3556 Y-244.6444
G1 X121.0407 Y-245.6519
G1 X121.9222 Y-244.5815
G1 X124.5667 Y-245.5889
G1 X125.7630 Y-246.0296
G1 X125.3222 Y-246.5333
G1 X125.1963 Y-246.0296
G1 X124.8185 Y-247.2889
G1 X123.4963 Y-246.9111
G1 X127.8407 Y-246.4704
G1 X130.8000 Y-244.2667
G1 X131.1148 Y-244.7704
G1 X130.1074 Y-243.6370
G1 X131.8074 Y-243.8259
G1 X130.0444 Y-243.5741
G1 X122.6778 Y-244.0778
G1 X125.4481 Y-243.9519
G1 X124.6296 Y-244.1407
G1 X128.0296 Y-241.8111
G1 X127.9667 Y-241.1185
G1 X129.0370 Y-240.8667
G1 X126.9593 Y-239.4815
G1 X127.7148 Y-238.5370
G1 X129.5407 Y-240.3000
G1 X131.7444 Y-240.0481
G1 X131.3037 Y-239.0407
G1 X131.2407 Y-240.0481
G1 X130.6741 Y-238.7259
G1 X132.3111 Y-237.4037
G1 X132.1852 Y-238.6000
G1 X132.8148 Y-241.1185
G1 X131.4926 Y-241.4333
G1 X133.0037 Y-242.5667
G1 X133.1926 Y-241.6852
G1 X133.6333 Y-242.0000
G1 X133.8852 Y-241.1815
G1 X134.5148 Y-242.6926
G1 X132.0593 Y-243.1333
G1 X131.9333 Y-242.0630
G1 X134.3889 Y-243.8889
G1 X132.2481 Y-245.9667
G1 X132.0593 Y-244.7074
G1 X133.8222 Y-246.0296
G1 X132.2481 Y-246.7852
G1 X131.8074 Y-246.2815
G1 X131.4296 Y-248.7370
G1 X129.1000 Y-248.7370
G1 X129.1000 Y-246.2185
G1 X129.3519 Y-247.6037
G1 X129.4148 Y-246.0296
G1 X128.5963 Y-246.4704
G1 X127.5259 Y-248.3593
G1 X126.8963 Y-248.1704
G1 X129.2259 Y-249.9963
G1 X128.5963 Y-250.6259
G1 X129.7296 Y-250.5000
G1 X129.7296 Y-251.4444
G1 X130.4222 Y-249.4296
G1 X131.6185 Y-250.5000
G1 X130.9889 Y-250.2481
G1 X131.6815 Y-251.1926
G1 X133.2556 Y-250.9407
G1 X132.8778 Y-250.1852
G1 X136.0889 Y-251.7593
G1 X133.2556 Y-247.8556
G1 X134.7667 Y-247.4778
G1 X135.0185 Y-246.8481
G1 X135.4593 Y-243.5741
G1 X135.3963 Y-244.1407
G1 X133.8852 Y-240.5519
G1 X135.3333 Y-240.4259
G1 X135.7111 Y-241.4963
G1 X134.9556 Y-240.1111
G1 X133.4444 Y-240.3000
G1 X135.3963 Y-239.1667
G1 X131.6815 Y-235.9556
G1 X131.9963 Y-237.4037
G1 X129.3519 Y-236.8370
G1 X129.7296 Y-236.5852
G1 X127.8407 Y-236.5852
G1 X128.0926 Y-235.0741
G1 X130.8000 Y-236.0185
G1 X131.4926 Y-234.9481
G1 X134.0111 Y-237.1519
G1 X132.7519 Y-236.0815
G1 X134.7667 Y-235.7037
G1 X134.6407 Y-235.1370
G1 X132.3111 Y-235.7667
G1 X127.5259 Y-233.5000
G1 X127.9037 Y-232.7444
G1 X126.3296 Y-233.1852
G1 X126.8333 Y-232.4296
G1 X119.5296 Y-237.1519
G1 X118.7111 Y-237.3407
G1 X118.9000 Y-239.9852
G1 X118.4593 Y-238.7259
G1 X117.8296 Y-239.2296
G1 X117.2000 Y-238.6630
G1 X117.3889 Y-239.6074
G1 X116.3185 Y-238.0963
G1 X119.1519 Y-234.5704
G1 X118.8370 Y-235.3889
G1 X119.7815 Y-233.8778
G1 X120.7259 Y-234.3185
G1 X118.6481 Y-233.4370
G1 X117.2000 Y-233.7519
G1 X118.9000 Y-230.9815
G1 X118.4593 Y-230.6037
G1 X116.7593 Y-232.4296
G1 X120.9148 Y-228.2741
G1 X120.1593 Y-227.0778
G1 X119.3407 Y-226.7000
G1 X122.3630 Y-227.7704
G1 X119.7815 Y-229.8481
G1 X120.9148 Y-229.7852
G1 X120.7259 Y-230.1630
G1 X122.6778 Y-228.4000
G1 X124.8185 Y-228.9037
G1 X125.3852 Y-230.0370
G1 X124.8815 Y-230.3519
G1 X125.5111 Y-228.6519
G1 X126.7074 Y-230.1000
G1 X125.5111 Y-232.2407
G1 X125.3222 Y-231.8630
G1 X128.0926 Y-231.1704
G1 X130.3593 Y-227.8333
G1 X131.3667 Y-230.5407
G1 X132.3111 Y-228.5889
G1 X133.6333 Y-229.9741
G1 X135.3333 Y-230.2259
G1 X134.8296 Y-231.4852
G1 X130.9889 Y-231.8630
G1 X133.5074 Y-232.3037
G1 X130.8630 Y-231.5481
G1 X134.9556 Y-231.6741
G1 X135.5852 Y-232.6815
G1 X140.1185 Y-229.7852
G1 X138.1667 Y-228.6519
G1 X139.5519 Y-226.9519
G1 X140.4963 Y-228.9037
G1 X142.8259 Y-228.9037
G1 X143.5185 Y-229.4074
G1 X141.4407 Y-228.2741
G1 X142.7630 Y-227.3296
G1 X141.6296 Y-227.5185
G1 X143.2667 Y-226.2593
G1 X143.7704 Y-227.5815
G1 X142.9519 Y-225.8185
G1 X142.0074 Y-226.3852
G1 X141.6296 Y-225.0630
G1 X142.4481 Y-225.0000
G1 X144.0222 Y-223.1741
G1 X142.7000 Y-224.0556
G1 X142.1963 Y-223.1741
G1 X140.4333 Y-222.9852
G1 X139.2370 Y-223.9296
G1 X137.9148 Y-224.3704
G1 X137.1593 Y-223.1741
G1 X137.6000 Y-222.0407
G1 X137.7889 Y-220.9704
G1 X138.1037 Y-219.3963
G1 X137.5370 Y-220.2148
G1 X136.5926 Y-220.2778
G1 X137.2852 Y-221.3481
G1 X136.1519 Y-222.1037
G1 X135.2704 Y-220.9074
G1 X137.0963 Y-222.9222
G1 X136.2148 Y-223.6778
G1 X135.0815 Y-223.3000
G1 X135.8370 Y-224.2444
G1 X133.8222 Y-222.6704
G1 X134.1370 Y-221.6000
G1 X133.8222 Y-222.1667
G1 X133.5074 Y-220.2148
G1 X133.1926 Y-221.4111
G1 X135.2704 Y-225.2519
G1 X133.8222 Y-225.5667
G1 X135.3333 Y-226.5741
G1 X133.3185 Y-226.8889
G1 X131.1778 Y-220.9704
G1 X130.7370 Y-222.1667
G1 X128.0296 Y-221.0963
G1 X129.5407 Y-220.2778
G1 X128.2185 Y-219.8370
G1 X125.5111 Y-219.6481
G1 X126.0778 Y-218.0111
G1 X126.5185 Y-218.3889
G1 X125.6370 Y-218.2000
G1 X124.6296 Y-219.9000
G1 X125.0074 Y-220.6556
G1 X122.6778 Y-219.3963
G1 X123.5593 Y-217.0037
G1 X122.4889 Y-213.7296
G1 X122.8667 Y-214.7370
G1 X127.0852 Y-215.8074
G1 X126.6444 Y-216.3111
G1 X125.7000 Y-215.7444
G1 X125.5111 Y-216.5630
G1 X126.4556 Y-217.1926
G1 X127.5259 Y-216.5630
G1 X127.6519 Y-217.5704
G1 X127.9037 Y-213.2889
G1 X128.7852 Y-212.8481
G1 X129.0370 Y-215.0519
G1 X129.6667 Y-214.1074
G1 X128.7852 Y-214.5481
G1 X129.4778 Y-212.2185
G1 X127.5889 Y-213.7296
G1 X125.7000 Y-214.4852
G1 X127.2111 Y-211.9667
G1 X126.4556 Y-211.0852
G1 X128.2185 Y-210.6444
G1 X127.9037 Y-211.2111
G1 X128.2185 Y-211.5889
G1 X127.9037 Y-210.8963
G1 X129.2259 Y-208.8185
G1 X127.2741 Y-208.8815
G1 X127.0852 Y-206.2370
G1 X126.8963 Y-210.3926
G1 X125.0704 Y-211.5259
G1 X125.0704 Y-208.6296
G1 X124.5667 Y-211.2111
G1 X123.8111 Y-212.0926
G1 X126.5185 Y-211.8407
G1 X125.8259 Y-213.1630
G1 X126.0778 Y-213.8556
G1 X124.9444 Y-214.6111
G1 X124.2519 Y-212.5333
G1 X124.6926 Y-214.8000
G1 X123.6222 Y-213.9185
G1 X122.1111 Y-213.0370
G1 X121.2296 Y-214.1074
G1 X121.1667 Y-212.6593
G1 X123.2444 Y-211.4630
G1 X123.0556 Y-212.0296
G1 X123.1815 Y-209.7000
G1 X124.5667 Y-208.7556
G1 X123.7481 Y-208.0000
G1 X124.4407 Y-209.1333
G1 X122.3630 Y-210.5185
G1 X121.7963 Y-209.6370
G1 X122.1741 Y-209.4481
G1 X122.5519 Y-210.6444
G1 X123.3074 Y-210.4556
G1 X121.5444 Y-212.4704
G1 X120.6630 Y-210.0778
G1 X124.6926 Y-207.1185
G1 X124.1889 Y-205.7333
G1 X123.4333 Y-206.2370
G1 X121.7963 Y-206.0481
G1 X122.0481 Y-204.6000
G1 X122.6148 Y-204.7889
G1 X121.0407 Y-204.4111
G1 X120.4111 Y-205.7333
G1 X119.7185 Y-206.7407
G1 X121.4185 Y-207.0556
G1 X119.9704 Y-207.8741
G1 X120.1593 Y-209.9519
G1 X118.8370 Y-205.1037
G1 X119.9704 Y-204.9778
G1 X119.5926 Y-203.5296
G1 X121.3556 Y-203.9074
G1 X117.8296 Y-200.9481
G0 X118.3349 Y-200.7466 F15000.0
G1 X65.9775 Y-253.1039 F12000.0
G0 X66.4685 Y-253.0351 F15000.0
G1 X65.4000 Y-251.9666 F12000.0
G0 X65.7783 Y-251.4799 F15000.0
G1 X64.1755 Y-253.0827 F12000.0
G0 X64.8875 Y-253.1914 F15000.0
G1 X33.0100 Y-221.3140 F12000.0
G0 X32.9556 Y-221.6000 F15000.0
G1 X32.3889 Y-225.0000 F12000.0
G1 X30.6259 Y-224.7481
G1 X31.6963 Y-223.9296
G1 X30.6259 Y-225.5037
G1 X32.3889 Y-225.8815
G1 X33.7741 Y-225.3148
G1 X36.6074 Y-229.9741
G1 X35.3481 Y-227.3296
G1 X34.6556 Y-226.8889
G1 X37.1741 Y-226.3222
G1 X37.4889 Y-230.4148
G1 X39.2519 Y-229.6593
G1 X40.1333 Y-230.9815
G1 X41.4556 Y-230.1630
G1 X41.3926 Y-228.2111
G1 X42.1481 Y-229.4704
G1 X42.3370 Y-228.3370
G1 X40.6370 Y-227.6444
G1 X40.7630 Y-227.0148
G1 X39.1889 Y-227.0148
G1 X36.7963 Y-227.8333
G1 X36.2926 Y-225.1259
G1 X35.9148 Y-226.1963
G1 X33.5852 Y-226.7000
G1 X33.9000 Y-224.1815
G1 X33.0185 Y-223.9296
G1 X34.8444 Y-222.7963
G1 X34.2148 Y-222.9852
G1 X32.9556 Y-221.8519
G0 X31.0511 Y-219.3550 F15000.0
G1 X22.1468 Y-210.4507 F12000.0
G0 X23.1936 Y-209.7601 F15000.0
G1 X26.9334 Y-213.5000 F12000.0
G0 X28.3580 Y-214.9246 F15000.0
G1 X31.7417 Y-218.3083 F12000.0
G0 X33.5008 Y-218.3300 F15000.0
G1 X29.4048 Y-214.2341 F12000.0
G0 X26.9111 Y-218.8296 F15000.0
G1 X25.4630 Y-220.0889 F12000.0
G1 X25.4630 Y-221.0333
G1 X23.9519 Y-220.1519
G1 X21.4963 Y-220.5926
G1 X21.1815 Y-220.0889
G1 X24.4556 Y-223.1111
G1 X23.3222 Y-220.9074
G1 X28.0444 Y-220.8444
G1 X27.1000 Y-219.4593
G1 X26.9111 Y-219.0815
G0 X25.2612 Y-220.5147 F15000.0
G1 X38.2615 Y-233.5149 F12000.0
G0 X37.2148 Y-234.2055 F15000.0
G1 X24.0364 Y-221.0272 F12000.0
G0 X23.8366 Y-219.0900 F15000.0
G1 X6.2060 Y-201.4594 F12000.0
G0 X7.0747 Y-200.5908 F15000.0
G1 X59.6101 Y-253.1262 F12000.0
G0 X65.4711 Y-248.9259 F15000.0
G1 X65.4711 Y-244.1407 F12000.0
G0 X67.9625 Y-245.8423 F15000.0
G1 X44.4551 Y-222.3349 F12000.0
G0 X45.6194 Y-222.7333 F15000.0
G1 X45.6194 Y-221.4741 F12000.0
G0 X50.5852 Y-221.8519 F15000.0
G1 X51.7815 Y-222.8593 F12000.0
G1 X50.2704 Y-224.2444
G1 X52.3481 Y-223.5519
G1 X50.9000 Y-225.0000
G1 X51.9074 Y-225.5037
G1 X50.2704 Y-228.4630
G1 X47.9407 Y-231.4852
G1 X49.7667 Y-229.3444
G1 X50.2074 Y-231.2333
G1 X48.7593 Y-231.8630
G1 X48.8852 Y-233.3111
G1 X46.8074 Y-233.1222
G1 X47.4370 Y-233.1222
G1 X46.4926 Y-232.4926
G1 X46.9333 Y-231.4222
G1 X45.9889 Y-231.5481
G1 X48.1926 Y-226.6370
G1 X51.0889 Y-226.5111
G1 X50.5852 Y-223.1741
G1 X50.5852 Y-222.1037
G0 X52.6259 Y-222.2296 F15000.0
G1 X52.6259 Y-220.4667 F12000.0
G0 X53.0908 Y-219.5503 F15000.0
G1 X93.8099 Y-202.6839 F12000.0
G0 X92.9230 Y-202.9322 F15000.0
G1 X72.2144 Y-194.3545 F12000.0
G0 X72.4776 Y-193.7704 F15000.0
G1 X72.4776 Y-252.9556 F12000.0
G0 X75.1660 Y-253.0318 F15000.0
G1 X126.2767 Y-201.9211 F12000.0
G0 X125.3852 Y-201.9556 F15000.0
G1 X127.0852 Y-203.2148 F12000.0
G1 X125.5111 Y-202.9630
G1 X126.2037 Y-206.1741
G1 X125.7630 Y-207.2444
G1 X124.7556 Y-202.9000
G1 X125.7000 Y-202.0815
G1 X125.1333 Y-201.7037
G0 X121.8593 Y-200.6963 F15000.0
G1 X124.0630 Y-201.2630 F12000.0
G1 X126.3926 Y-201.1370
G1 X124.2519 Y-200.9481
G1 X123.4333 Y-201.7667
G1 X124.0630 Y-201.9556
G1 X121.6074 Y-200.4444
G0 X116.4692 Y-195.3191 F15000.0
G1 X123.4145 Y-188.3738 F12000.0
G0 X124.6296 Y-184.0741 F15000.0
G1 X131.5556 Y-185.9000 F12000.0
G1 X126.9593 Y-185.2074
G1 X124.8815 Y-184.0741
G0 X127.4000 Y-182.0593 F15000.0
G1 X134.4519 Y-185.5222 F12000.0
G1 X132.8778 Y-184.0741
G1 X133.2556 Y-185.0185
G1 X130.9889 Y-183.5074
G1 X131.7444 Y-184.4519
G1 X127.6519 Y-182.3111
G0 X125.3852 Y-177.7778 F15000.0
G1 X131.1778 Y-179.6667 F12000.0
G1 X127.5889 Y-178.9741
G1 X130.2333 Y-179.3519
G1 X125.1333 Y-177.7778
G0 X129.4148 Y-174.7889 F15000.0
G1 X73.5037 Y-174.7889 F12000.0
G0 X74.5111 Y-175.2593 F15000.0
G1 X75.0778 Y-175.7000 F12000.0
G1 X72.1815 Y-184.5778
G1 X68.0889 Y-193.3926
G1 X69.6000 Y-195.8481
G1 X69.3481 Y-196.6667
G1 X69.8519 Y-195.0296
G1 X67.3963 Y-192.7000
G1 X75.8333 Y-176.2037
G1 X74.7630 Y-175.2593
G0 X76.7778 Y-176.7704 F15000.0
G1 X77.2185 Y-178.0926 F12000.0
G1 X76.5259 Y-178.2815
G1 X77.6593 Y-179.2259
G1 X76.9037 Y-179.7296
G1 X77.8481 Y-180.2963
G1 X77.0296 Y-176.7704
G0 X77.2693 Y-173.4931 F15000.0
G1 X73.1733 Y-169.3971 F12000.0
G0 X73.2519 Y-167.7037 F15000.0
G1 X73.1259 Y-170.4741 F12000.0
G1 X73.8185 Y-171.1037
G1 X73.5037 Y-167.7037
G0 X70.7856 Y-171.7183 F15000.0
G1 X91.4436 Y-151.0603 F12000.0
G0 X88.8261 Y-157.0000 F15000.0
G1 X88.8261 Y-159.2667 F12000.0
G0 X87.6584 Y-159.5185 F15000.0
G1 X87.6584 Y-252.9556 F12000.0
G0 X82.3742 Y-253.1167 F15000.0
G1 X144.1701 Y-191.3208 F12000.0
G0 X146.0370 Y-188.3556 F15000.0
G1 X145.5333 Y-190.2444 F12000.0
G1 X146.3519 Y-190.7481
G1 X145.7222 Y-191.0630
G1 X148.9333 Y-191.6296
G1 X149.4370 Y-192.5741
G1 X145.4704 Y-190.7481
G1 X146.5407 Y-188.4815
G1 X145.7852 Y-188.1037
G0 X147.5481 Y-185.5852 F15000.0
G1 X147.3593 Y-187.6630 F12000.0
G1 X147.9889 Y-189.1741
G1 X149.8778 Y-187.0963
G1 X148.9333 Y-186.4667
G1 X147.9889 Y-186.9704
G1 X148.3037 Y-187.4741
G1 X147.1704 Y-187.2852
G1 X147.8000 Y-185.5852
G0 X150.0667 Y-185.5852 F15000.0
G1 X152.7111 Y-185.6481 F12000.0
G1 X153.6556 Y-186.7815
G1 X152.9630 Y-187.0963
G1 X150.3185 Y-185.8370
G0 X150.3185 Y-185.0815 F15000.0
G1 X153.7815 Y-186.4037 F12000.0
G1 X153.3407 Y-188.2296
G1 X154.4111 Y-187.4111
G1 X152.9000 Y-188.1037
G1 X151.9556 Y-186.3407
G1 X149.7519 Y-185.7111
G1 X150.0667 Y-185.0815
G0 X150.0667 Y-187.8519 F15000.0
G1 X149.2481 Y-190.4963 F12000.0
G1 X150.8222 Y-191.7556
G1 X153.2148 Y-193.6444
G1 X157.4333 Y-195.3444
G1 X154.9778 Y-193.6444
G1 X155.1667 Y-193.1407
G1 X154.3481 Y-193.3296
G1 X155.0407 Y-189.8667
G1 X154.4111 Y-191.1259
G1 X153.1519 Y-189.1111
G1 X154.1593 Y-193.5185
G1 X151.3259 Y-190.8741
G1 X152.3333 Y-191.5037
G1 X150.0037 Y-189.7407
G1 X150.8852 Y-188.9222
G1 X153.1519 Y-190.4963
G1 X150.3185 Y-187.8519
G0 X150.2887 Y-190.6720 F15000.0
G1 X174.8646 Y-166.0961 F12000.0
G0 X174.7481 Y-170.7389 F15000.0
G1 X126.8963 Y-170.7389 F12000.0
G0 X127.4000 Y-171.4815 F15000.0
G1 X137.5370 Y-174.9444 F12000.0
G1 X139.1741 Y-174.4407
G1 X138.0407 Y-173.1815
G1 X127.6519 Y-171.7333
G0 X127.6519 Y-172.0889 F15000.0
G1 X174.7481 Y-172.0889 F12000.0
G0 X172.4815 Y-171.9852 F15000.0
G1 X172.5444 Y-174.1889 F12000.0
G1 X174.4333 Y-174.9444
G1 X169.5852 Y-172.7407
G1 X172.4815 Y-172.6778
G1 X172.4815 Y-171.7333
G0 X172.4176 Y-173.0865 F15000.0
G1 X174.1985 Y-174.8674 F12000.0
G0 X174.7481 Y-177.4889 F15000.0
G1 X133.4444 Y-177.4889 F12000.0
G0 X135.6813 Y-174.2838 F15000.0
G1 X174.8602 Y-135.1048 F12000.0
G0 X174.7955 Y-134.9242 F15000.0
G1 X121.7443 Y-112.9497 F12000.0
G0 X124.0061 Y-112.7541 F15000.0
G1 X125.6349 Y-113.4288 F12000.0
G0 X127.3619 Y-109.6519 F15000.0
G1 X127.3619 Y-152.2148 F12000.0
G0 X128.5296 Y-152.2148 F15000.0
G1 X128.5296 Y-110.1556 F12000.0
G0 X134.3684 Y-109.1481 F15000.0
G1 X134.3684 Y-155.7407 F12000.0
G0 X135.5361 Y-156.2444 F15000.0
G1 X135.5361 Y-109.6519 F12000.0
G0 X135.3839 Y-108.2550 F15000.0
G1 X174.7409 Y-147.6120 F12000.0
G0 X174.1687 Y-156.1812 F15000.0
G1 X100.8742 Y-125.8216 F12000.0
G0 X99.6963 Y-121.8667 F15000.0
G1 X99.8222 Y-122.8111 F12000.0
G1 X98.3111 Y-123.9444
G1 X99.6333 Y-124.1963
G1 X94.8481 Y-126.2741
G1 X99.4444 Y-121.9926
G1 X98.8778 Y-122.2444
G1 X99.4444 Y-121.8667
G0 X99.4444 Y-119.6000 F15000.0
G1 X101.7111 Y-120.9852 F12000.0
G1 X103.2852 Y-120.8593
G1 X103.7889 Y-121.2370
G1 X104.5444 Y-120.4185
G1 X104.6704 Y-122.3074
G1 X105.1111 Y-121.6778
G1 X103.7259 Y-123.5667
G1 X101.9630 Y-120.9222
G1 X93.9667 Y-119.7889
G1 X92.5815 Y-119.9778
G1 X99.1926 Y-119.3481
G0 X101.4906 Y-112.4875 F15000.0
G1 X106.6096 Y-114.6078 F12000.0
G0 X106.4419 Y-115.6708 F15000.0
G1 X95.0405 Y-110.9482 F12000.0
G0 X95.9062 Y-110.1744 F15000.0
G1 X98.9311 Y-111.4273 F12000.0
G0 X99.0546 Y-108.8071 F15000.0
G1 X35.8340 Y-172.0277 F12000.0
G0 X36.9237 Y-172.7612 F15000.0
G1 X101.2128 Y-108.4721 F12000.0
G0 X103.9201 Y-111.2289 F15000.0
G1 X107.1776 Y-112.5782 F12000.0
G0 X107.3453 Y-111.5152 F15000.0
G1 X108.5087 Y-111.9971 F12000.0
G0 X106.3119 Y-113.3521 F15000.0
G1 X103.0544 Y-112.0028 F12000.0
G0 X108.5111 Y-108.7704 F15000.0
G3 X108.5111 Y-108.5185 I3.5563 J0.1259 F12000.0
G0 X119.5926 Y-111.2889 F15000.0
G1 X118.3333 Y-112.4852 F12000.0
G1 X116.6963 Y-112.9889
G1 X119.1519 Y-113.1148
G1 X118.8370 Y-112.2963
G1 X119.9074 Y-111.8556
G1 X120.6000 Y-114.1852
G1 X118.9630 Y-115.6333
G1 X116.6963 Y-116.4519
G1 X117.2000 Y-118.9704
G1 X117.5148 Y-117.2074
G1 X117.6407 Y-119.4741
G1 X120.1593 Y-114.7519
G1 X121.0407 Y-114.8778
G1 X122.5519 Y-116.6407
G1 X120.9778 Y-112.9889
G1 X121.1667 Y-112.1704
G1 X119.5926 Y-111.5407
G0 X116.5704 Y-128.4148 F15000.0
G1 X116.4444 Y-129.7370 F12000.0
G1 X115.5000 Y-130.1148
G1 X116.3185 Y-128.4148
G0 X110.7778 Y-144.2815 F15000.0
G1 X115.2481 Y-146.1074 F12000.0
G1 X111.0296 Y-144.5333
G0 X109.0999 Y-144.8276 F15000.0
G1 X174.7158 Y-117.6486 F12000.0
G0 X174.7481 Y-118.0889 F15000.0
G1 X5.0000 Y-118.0889 F12000.0
G0 X4.9400 Y-119.0510 F15000.0
G1 X20.6116 Y-103.3794 F12000.0
G0 X20.3630 Y-101.8889 F15000.0
G1 X21.3704 Y-101.8889 F12000.0
G0 X22.6296 Y-101.8889 F15000.0
G1 X40.7630 Y-101.8889 F12000.0
G0 X39.7556 Y-104.7407 F15000.0
G1 X44.0370 Y-106.2519 F12000.0
G1 X38.8111 Y-105.3704
G1 X38.3704 Y-106.1259
G1 X39.5037 Y-104.7407
G0 X37.4889 Y-103.2389 F15000.0
G1 X35.9778 Y-103.2389 F12000.0
G0 X33.4254 Y-105.1519 F15000.0
G1 X4.9316 Y-133.6456 F12000.0
G0 X4.9104 Y-131.8436 F15000.0
G1 X30.1986 Y-106.5553 F12000.0
G0 X31.1926 Y-105.7481 F15000.0
G1 X31.8852 Y-107.1333 F12000.0
G1 X32.7037 Y-108.0148
G1 X30.9407 Y-105.4963
G0 X29.1778 Y-104.2370 F15000.0
G1 X33.7741 Y-104.9296 F12000.0
G1 X28.9259 Y-104.2370
G0 X18.8519 Y-101.7185 F15000.0
G1 X26.4704 Y-103.2926 F12000.0
G1 X25.7148 Y-104.6148
G1 X24.3296 Y-105.4963
G1 X15.2630 Y-103.2296
G1 X15.5778 Y-103.7333
G1 X13.8778 Y-103.9222
G1 X14.8222 Y-103.9222
G1 X11.6111 Y-102.9148
G1 X11.3593 Y-103.6704
G1 X11.9889 Y-104.1111
G1 X10.8556 Y-104.1111
G1 X12.4296 Y-104.8037
G1 X9.5963 Y-104.3630
G1 X8.1481 Y-103.4185
G1 X6.0704 Y-105.4333
G1 X5.6926 Y-104.1111
G1 X8.8407 Y-103.3556
G1 X10.2259 Y-103.7963
G1 X8.2111 Y-102.2852
G1 X11.8000 Y-102.5370
G1 X22.7556 Y-104.0481
G1 X25.0222 Y-105.2444
G1 X26.4704 Y-103.2926
G1 X18.0333 Y-102.0963
G1 X18.6000 Y-101.7185
G0 X18.0963 Y-101.8889 F15000.0
G1 X14.3185 Y-101.8889 F12000.0
G0 X15.5616 Y-102.9596 F15000.0
G1 X4.8764 Y-113.6448 F12000.0
G0 X5.0000 Y-115.3889 F15000.0
G1 X174.7481 Y-115.3889 F12000.0
G0 X174.8619 Y-114.7232 F15000.0
G1 X162.0397 Y-101.9010 F12000.0
G0 X162.3944 Y-102.6000 F15000.0
G1 X162.3944 Y-157.7556 F12000.0
G0 X165.9333 Y-144.7852 F15000.0
G1 X163.4778 Y-145.2259 F12000.0
G1 X166.1852 Y-144.7852
G0 X158.3778 Y-133.2000 F15000.0
G1 X160.0778 Y-133.5148 F12000.0
G1 X155.7333 Y-136.1593
G1 X158.1259 Y-133.2000
G0 X157.6222 Y-128.9185 F15000.0
G1 X152.3333 Y-132.8852 F12000.0
G1 X155.0407 Y-131.6889
G1 X154.7889 Y-132.6963
G1 X155.8593 Y-132.8852
G1 X154.7889 Y-133.1370
G1 X153.3407 Y-132.3815
G1 X151.8926 Y-132.6963
G1 X157.6222 Y-128.6667
G0 X155.6074 Y-128.4148 F15000.0
G1 X152.5222 Y-129.4222 F12000.0
G1 X153.0889 Y-130.2407
G1 X155.7963 Y-129.0444
G1 X152.5222 Y-130.6815
G1 X152.9000 Y-129.1074
G1 X155.3556 Y-128.4148
G0 X155.8593 Y-125.8963 F15000.0
G1 X153.2778 Y-126.6519 F12000.0
G1 X152.5222 Y-127.9741
G1 X155.6704 Y-127.2185
G1 X153.4667 Y-127.6593
G1 X153.4667 Y-126.5259
G1 X156.8667 Y-126.0852
G1 X156.1111 Y-125.8963
G0 X155.8593 Y-120.3556 F15000.0
G1 X157.7481 Y-121.1111 F12000.0
G1 X160.3926 Y-120.7333
G1 X158.6296 Y-120.6074
G1 X157.1815 Y-121.9296
G1 X156.7407 Y-122.9370
G1 X154.2222 Y-123.2519
G1 X154.3481 Y-121.4889
G1 X156.1741 Y-123.0630
G1 X157.1185 Y-122.5593
G1 X155.6074 Y-120.3556
G0 X160.8180 Y-116.6775 F15000.0
G1 X165.9369 Y-118.7979 F12000.0
G0 X167.0354 Y-118.1204 F15000.0
G1 X163.7778 Y-116.7711 F12000.0
G0 X167.6684 Y-117.2502 F15000.0
G1 X174.6488 Y-120.1416 F12000.0
G0 X174.7118 Y-122.4903 F15000.0
G1 X127.6970 Y-169.5051 F12000.0
G0 X128.7868 Y-170.2386 F15000.0
G1 X174.7330 Y-124.2924 F12000.0
G0 X174.7481 Y-131.5889 F15000.0
G1 X5.0000 Y-131.5889 F12000.0
G0 X4.9799 Y-130.7388 F15000.0
G1 X22.0761 Y-147.8351 F12000.0
G0 X19.2920 Y-150.2630 F15000.0
G1 X34.4293 Y-165.4004 F12000.0
G0 X34.0514 Y-163.2851 F15000.0
G1 X32.4486 Y-161.6823 F12000.0
G0 X32.2488 Y-159.7451 F15000.0
G1 X34.9201 Y-162.4164 F12000.0
G0 X35.9668 Y-161.7258 F15000.0
G1 X33.1175 Y-158.8764 F12000.0
G0 X33.9861 Y-158.0077 F15000.0
G1 X36.8355 Y-160.8571 F12000.0
G0 X35.7259 Y-160.9037 F15000.0
G1 X35.6000 Y-163.4852 F12000.0
G1 X34.9074 Y-162.2889
G1 X35.7259 Y-160.6519
G0 X34.4667 Y-157.8815 F15000.0
G1 X39.2519 Y-160.0222 F12000.0
G1 X38.4963 Y-161.0296
G1 X36.4815 Y-159.7704
G1 X35.9778 Y-159.8963
G1 X34.3407 Y-158.3222
G1 X33.8370 Y-159.6444
G1 X34.2148 Y-157.8815
G0 X30.1852 Y-162.9185 F15000.0
G1 X30.0593 Y-163.6741 F12000.0
G1 X31.2556 Y-164.8704
G1 X31.8852 Y-164.7444
G1 X29.9333 Y-162.9185
G0 X27.1630 Y-161.1556 F15000.0
G1 X31.8222 Y-161.9741 F12000.0
G1 X30.7519 Y-162.1000
G1 X33.0815 Y-162.9815
G1 X33.2704 Y-161.4704
G1 X32.3259 Y-163.2333
G1 X28.9889 Y-162.6037
G1 X27.2259 Y-163.1074
G1 X28.4852 Y-162.7296
G1 X26.9111 Y-161.1556
G0 X26.7934 Y-159.5018 F15000.0
G1 X18.6014 Y-151.3098 F12000.0
G0 X18.6000 Y-152.3407 F15000.0
G1 X20.3630 Y-154.5444 F12000.0
G1 X22.8185 Y-154.6074
G1 X21.8111 Y-153.9148
G1 X24.9593 Y-155.2370
G1 X18.2852 Y-154.2296
G1 X19.7333 Y-154.3556
G1 X19.7333 Y-153.3481
G1 X18.4111 Y-152.7815
G1 X18.0333 Y-153.1593
G1 X18.3481 Y-152.3407
G0 X18.3105 Y-156.2310 F15000.0
G1 X19.0228 Y-156.9433 F12000.0
G0 X19.5571 Y-157.4776 F15000.0
G1 X20.2694 Y-158.1899 F12000.0
G0 X20.1111 Y-156.3704 F15000.0
G1 X28.5481 Y-157.6296 F12000.0
G1 X29.4296 Y-159.3296
G1 X30.6259 Y-158.9519
G1 X31.6333 Y-157.0630
G1 X30.5000 Y-157.0630
G1 X30.6889 Y-159.0148
G1 X22.1259 Y-159.1407
G1 X24.7074 Y-158.3852
G1 X24.1407 Y-157.5037
G1 X23.5741 Y-157.7556
G1 X23.1963 Y-157.3148
G1 X20.7407 Y-157.9444
G1 X19.8593 Y-156.3704
G0 X15.0741 Y-159.8963 F15000.0
G1 X15.0111 Y-160.7778 F12000.0
G1 X17.7185 Y-161.0296
G1 X16.5222 Y-160.7148
G1 X17.9074 Y-161.2815
G1 X14.8222 Y-163.9259
G1 X15.3889 Y-162.9815
G1 X12.6815 Y-163.2333
G1 X12.6185 Y-164.4296
G1 X13.4370 Y-165.5000
G1 X13.1222 Y-166.3185
G1 X12.9333 Y-164.8074
G1 X11.3593 Y-163.9889
G1 X10.2259 Y-165.0593
G1 X10.8556 Y-165.3741
G1 X9.4704 Y-164.5556
G1 X12.3667 Y-163.9259
G1 X10.7296 Y-162.9185
G1 X7.4556 Y-164.4296
G1 X9.2185 Y-163.1074
G1 X10.0370 Y-163.4222
G1 X17.0889 Y-161.7222
G1 X14.0037 Y-162.3519
G1 X15.4519 Y-161.4074
G1 X14.9481 Y-160.8407
G1 X12.9963 Y-161.2185
G1 X14.8222 Y-159.8963
G0 X26.4074 Y-157.1259 F15000.0
G1 X26.6593 Y-159.0778 F12000.0
G1 X28.5481 Y-159.0778
G1 X28.4852 Y-157.8185
G1 X26.6593 Y-157.1259
G0 X31.9481 Y-150.3259 F15000.0
G1 X34.5926 Y-150.4519 F12000.0
G1 X32.0111 Y-150.8926
G1 X32.6407 Y-152.1519
G1 X32.3259 Y-151.0185
G1 X31.6963 Y-150.0741
G0 X32.2000 Y-148.3111 F15000.0
G1 X36.7963 Y-149.4444 F12000.0
G1 X32.4519 Y-148.3111
G0 X34.2118 Y-147.8092 F15000.0
G1 X40.9791 Y-154.5765 F12000.0
G0 X40.0411 Y-164.0627 F15000.0
G1 X41.2877 Y-165.3093 F12000.0
G0 X39.0161 Y-166.5124 F15000.0
G1 X36.8790 Y-164.3753 F12000.0
G0 X37.4889 Y-165.6889 F15000.0
G1 X39.0000 Y-167.0111 F12000.0
G1 X40.3222 Y-165.8778
G1 X37.7407 Y-165.6889
G0 X36.9008 Y-166.1344 F15000.0
G1 X38.3255 Y-167.5591 F12000.0
G0 X38.7481 Y-168.2074 F15000.0
G1 X41.0148 Y-171.3556 F12000.0
G1 X39.8185 Y-172.6148
G1 X42.2741 Y-171.1037
G1 X41.8333 Y-172.0481
G1 X42.9667 Y-172.2370
G1 X40.0074 Y-169.0259
G1 X38.7481 Y-168.4593
G0 X40.2844 Y-169.5181 F15000.0
G1 X41.3529 Y-170.5866 F12000.0
G0 X39.5938 Y-170.5649 F15000.0
G1 X36.2102 Y-167.1812 F12000.0
G0 X35.5196 Y-168.2280 F15000.0
G1 X37.3004 Y-170.0088 F12000.0
G0 X35.5413 Y-169.9871 F15000.0
G1 X31.9796 Y-166.4254 F12000.0
G0 X41.2667 Y-172.7407 F15000.0
G1 X40.3852 Y-173.6222 F12000.0
G1 X41.5185 Y-173.8111
G1 X41.4556 Y-172.8667
G1 X41.5185 Y-172.7407
G0 X42.7778 Y-176.0148 F15000.0
G1 X39.1259 Y-177.1481 F12000.0
G1 X40.5111 Y-179.4148
G1 X39.3778 Y-176.8963
G1 X40.7630 Y-177.4630
G1 X40.3222 Y-177.3370
G1 X41.7074 Y-176.4556
G1 X42.5259 Y-176.2667
G0 X42.7778 Y-176.7704 F15000.0
G1 X44.6037 Y-177.9037 F12000.0
G1 X44.7926 Y-178.7852
G1 X43.0296 Y-176.5185
G0 X42.7778 Y-177.5259 F15000.0
G1 X42.5889 Y-179.2889 F12000.0
G1 X40.1963 Y-180.9889
G1 X42.1481 Y-180.6741
G1 X39.8815 Y-181.8704
G1 X39.4407 Y-180.9889
G1 X42.7778 Y-182.5000
G1 X43.9741 Y-184.1370
G1 X45.2963 Y-182.3741
G1 X44.7296 Y-184.1370
G1 X39.9444 Y-186.2778
G1 X38.3704 Y-185.2074
G1 X40.5111 Y-186.1519
G1 X40.7000 Y-184.4519
G1 X39.3778 Y-184.2630
G1 X41.4556 Y-183.0037
G1 X38.8741 Y-182.3741
G1 X38.5593 Y-184.0111
G1 X38.5593 Y-181.6185
G1 X42.5889 Y-178.5963
G1 X42.5259 Y-177.5259
G0 X43.2815 Y-178.0296 F15000.0
G1 X44.8556 Y-181.5556 F12000.0
G1 X47.6889 Y-181.6185
G1 X45.1074 Y-180.4222
G1 X45.5481 Y-180.5481
G1 X44.1000 Y-179.4148
G1 X43.5333 Y-178.0296
G0 X43.7551 Y-179.9382 F15000.0
G1 X46.0702 Y-182.2533 F12000.0
G0 X44.6672 Y-182.5877 F15000.0
G1 X42.1740 Y-180.0945 F12000.0
G0 X42.7778 Y-184.5778 F15000.0
G1 X45.3593 Y-187.0963 F12000.0
G1 X45.9259 Y-185.8370
G1 X47.7519 Y-186.4037
G1 X44.9185 Y-185.5852
G1 X44.4148 Y-186.0889
G1 X43.0296 Y-184.5778
G0 X38.9209 Y-187.2655 F15000.0
G1 X40.3456 Y-188.6902 F12000.0
G0 X37.8741 Y-187.9561 F15000.0
G1 X33.9562 Y-184.0382 F12000.0
G0 X31.4848 Y-183.3041 F15000.0
G1 X36.1150 Y-187.9344 F12000.0
G0 X32.2000 Y-186.0889 F15000.0
G1 X31.2556 Y-186.7185 F12000.0
G1 X31.6333 Y-188.4815
G1 X29.8074 Y-188.3556
G1 X28.4852 Y-188.3556
G1 X28.4852 Y-187.6000
G1 X29.9333 Y-187.0333
G1 X29.6815 Y-187.9148
G1 X31.9481 Y-186.0889
G0 X30.4370 Y-190.6222 F15000.0
G1 X33.6481 Y-192.3852 F12000.0
G1 X33.0185 Y-194.0222
G1 X31.5704 Y-193.3296
G1 X32.0741 Y-192.5741
G1 X30.7519 Y-193.4556
G1 X30.4370 Y-190.8741
G0 X26.5160 Y-193.9716 F15000.0
G1 X20.6392 Y-188.0948 F12000.0
G0 X19.4143 Y-188.6073 F15000.0
G1 X25.4693 Y-194.6622 F12000.0
G0 X26.4074 Y-200.1926 F15000.0
G1 X27.5407 Y-206.1111 F12000.0
G1 X25.0852 Y-206.6778
G1 X25.2111 Y-205.6074
G1 X26.4074 Y-205.1037
G1 X25.1481 Y-202.5222
G1 X26.2185 Y-205.1037
G1 X24.6444 Y-204.3481
G1 X26.4074 Y-200.4444
G0 X25.4217 Y-205.0388 F15000.0
G1 X15.9831 Y-195.6003 F12000.0
G0 X17.3407 Y-196.1630 F15000.0
G1 X16.5852 Y-196.5407 F12000.0
G1 X16.2704 Y-198.8704
G1 X13.3741 Y-200.3815
G1 X12.5556 Y-200.1926
G1 X12.4296 Y-202.3963
G1 X14.3185 Y-201.5778
G1 X13.8778 Y-201.8926
G1 X14.8222 Y-202.0815
G1 X16.5222 Y-200.3185
G1 X17.5926 Y-203.2148
G1 X18.1593 Y-202.5222
G1 X19.6704 Y-200.5074
G1 X20.4259 Y-200.1296
G1 X18.4111 Y-196.3519
G1 X17.5926 Y-197.4222
G1 X17.0259 Y-196.5407
G1 X17.5926 Y-196.1630
G0 X17.5926 Y-198.4296 F15000.0
G1 X17.4667 Y-202.9630 F12000.0
G1 X17.5926 Y-198.6815
G0 X14.4456 Y-199.2748 F15000.0
G1 X22.4595 Y-207.2887 F12000.0
G0 X20.7003 Y-207.2669 F15000.0
G1 X14.4673 Y-201.0339 F12000.0
G0 X13.7767 Y-202.0807 F15000.0
G1 X20.5440 Y-208.8480 F12000.0
G0 X23.8841 Y-208.7134 F15000.0
G1 X24.9527 Y-209.7819 F12000.0
G0 X25.6433 Y-208.7351 F15000.0
G1 X9.7936 Y-192.8855 F12000.0
G0 X9.2811 Y-194.1103 F15000.0
G1 X13.1990 Y-198.0282 F12000.0
G0 X12.5084 Y-199.0750 F15000.0
G1 X13.5769 Y-200.1435 F12000.0
G0 X13.0593 Y-202.7111 F15000.0
G1 X13.1852 Y-204.2852 F12000.0
G1 X11.6741 Y-204.7259
G1 X10.7296 Y-203.5926
G1 X12.8074 Y-202.7111
G0 X8.4777 Y-200.2563 F15000.0
G1 X7.0530 Y-198.8316 F12000.0
G0 X7.0148 Y-199.9407 F15000.0
G1 X6.8259 Y-201.0111 F12000.0
G1 X8.6519 Y-201.4519
G1 X7.3296 Y-202.7741
G1 X6.3852 Y-202.4593
G1 X5.6296 Y-201.3889
G1 X5.5667 Y-202.7741
G1 X6.7630 Y-199.9407
G0 X6.1625 Y-197.9412 F15000.0
G1 X4.9159 Y-196.6946 F12000.0
G0 X6.2971 Y-194.6011 F15000.0
G1 X9.6808 Y-197.9847 F12000.0
G0 X10.7275 Y-197.2941 F15000.0
G1 X7.3439 Y-193.9105 F12000.0
G0 X8.5259 Y-193.8963 F15000.0
G1 X8.7778 Y-195.6593 F12000.0
G1 X7.8333 Y-197.4852
G1 X7.1407 Y-198.3037
G1 X5.6296 Y-199.3741
G1 X5.1889 Y-200.0037
G1 X5.2519 Y-198.3037
G1 X5.2519 Y-195.0296
G1 X6.3852 Y-194.0222
G1 X5.3148 Y-194.0852
G1 X7.0778 Y-194.1481
G1 X6.8889 Y-195.2815
G1 X8.5259 Y-193.6444
G0 X9.7852 Y-195.9111 F15000.0
G1 X13.1222 Y-196.4778 F12000.0
G1 X12.3667 Y-197.8000
G1 X11.6741 Y-197.8000
G1 X11.2333 Y-198.6185
G1 X9.5333 Y-196.1630
G0 X12.2433 Y-191.8604 F15000.0
G1 X14.7365 Y-194.3537 F12000.0
G0 X15.4053 Y-191.5478 F15000.0
G1 X30.7208 Y-206.8632 F12000.0
G0 X28.6055 Y-206.4853 F15000.0
G1 X13.6462 Y-191.5260 F12000.0
G0 X15.2055 Y-189.6106 F15000.0
G1 X14.4932 Y-188.8982 F12000.0
G0 X14.8222 Y-186.0889 F15000.0
G1 X14.6963 Y-187.1593 F12000.0
G1 X12.9333 Y-187.6000
G1 X12.1778 Y-187.0333
G1 X9.6593 Y-187.6630
G1 X13.4370 Y-186.5296
G1 X13.2481 Y-187.6630
G1 X14.5704 Y-185.8370
G0 X14.9839 Y-185.9143 F15000.0
G1 X13.9154 Y-184.8458 F12000.0
G0 X13.3111 Y-185.0815 F15000.0
G1 X12.9963 Y-185.5222 F12000.0
G1 X16.4593 Y-186.5926
G1 X16.5852 Y-187.4741
G1 X17.1519 Y-188.2926
G1 X16.2074 Y-188.4185
G1 X14.9481 Y-185.5852
G1 X12.6815 Y-185.6481
G1 X13.0593 Y-185.0815
G0 X15.8309 Y-183.2865 F15000.0
G1 X17.6117 Y-185.0673 F12000.0
G0 X19.3556 Y-185.5852 F15000.0
G1 X18.1593 Y-186.7815 F12000.0
G1 X20.4259 Y-186.8444
G1 X22.2519 Y-186.4037
G1 X19.6074 Y-185.8370
G0 X19.3556 Y-186.3407 F15000.0
G1 X19.2926 Y-188.1667 F12000.0
G1 X16.2074 Y-190.4333
G1 X16.0185 Y-189.5519
G1 X16.7741 Y-191.7556
G1 X14.5704 Y-189.6778
G1 X15.1370 Y-189.9926
G1 X10.1630 Y-191.1259
G1 X9.6593 Y-191.6926
G1 X12.9963 Y-189.6778
G1 X12.1148 Y-190.3074
G1 X13.0593 Y-189.3630
G1 X12.0519 Y-188.7333
G1 X12.0519 Y-189.6148
G1 X9.4704 Y-188.9222
G1 X13.2481 Y-188.6704
G1 X11.5481 Y-187.7889
G1 X7.6444 Y-189.4259
G1 X6.8259 Y-187.3481
G1 X6.7000 Y-188.7963
G1 X7.1407 Y-187.5370
G1 X8.4630 Y-189.6778
G1 X10.2889 Y-189.9926
G1 X8.3370 Y-190.8741
G1 X10.1000 Y-192.2593
G1 X9.7222 Y-192.5111
G1 X11.1074 Y-191.3148
G1 X10.5407 Y-194.0222
G1 X15.2000 Y-191.1259
G1 X14.8222 Y-192.3852
G1 X14.3815 Y-192.3852
G1 X16.5222 Y-191.9444
G1 X16.8370 Y-193.2037
G1 X15.9556 Y-193.9593
G1 X15.8296 Y-192.7000
G1 X12.9963 Y-193.2037
G1 X12.6185 Y-194.5259
G1 X14.8852 Y-195.2815
G1 X11.1704 Y-196.4148
G1 X10.9185 Y-195.0296
G1 X9.5963 Y-195.1556
G1 X8.4000 Y-198.8704
G1 X9.6593 Y-196.8556
G1 X10.2889 Y-198.8074
G1 X9.3444 Y-199.8148
G1 X9.9741 Y-200.7593
G1 X11.2963 Y-200.4444
G1 X10.7926 Y-199.4370
G1 X11.7370 Y-198.8704
G1 X14.6333 Y-198.0519
G1 X14.2556 Y-198.3037
G1 X15.3889 Y-198.5556
G1 X14.0667 Y-198.9333
G1 X16.7111 Y-197.9259
G1 X16.4593 Y-197.3593
G1 X16.4593 Y-197.9889
G1 X14.2556 Y-196.7926
G1 X13.8148 Y-194.0222
G1 X19.6074 Y-195.5333
G1 X21.1185 Y-197.7370
G1 X20.6148 Y-197.4222
G1 X21.4333 Y-201.3259
G1 X21.4333 Y-202.5222
G1 X22.1889 Y-202.1444
G1 X21.1185 Y-201.4519
G1 X22.8815 Y-198.4926
G1 X21.8111 Y-199.6259
G1 X21.6222 Y-198.9333
G1 X22.1889 Y-200.1926
G1 X21.4963 Y-200.6963
G1 X21.3704 Y-198.3667
G1 X22.4407 Y-197.6111
G1 X21.5593 Y-197.5481
G1 X22.7556 Y-196.6667
G1 X21.5593 Y-196.7926
G1 X21.9370 Y-196.5407
G1 X20.3630 Y-194.8407
G1 X23.8889 Y-195.9741
G1 X22.7556 Y-194.0222
G1 X19.1037 Y-192.3222
G1 X19.6074 Y-192.1333
G1 X19.1037 Y-191.2519
G1 X24.5185 Y-194.7778
G1 X24.7074 Y-197.2963
G1 X24.6444 Y-193.8963
G1 X25.5889 Y-193.3296
G1 X25.9037 Y-193.9593
G1 X25.3370 Y-195.2815
G1 X25.9037 Y-192.4481
G1 X24.5815 Y-193.2037
G1 X26.0926 Y-191.4407
G1 X26.7852 Y-191.2519
G1 X24.6444 Y-191.3148
G1 X25.2111 Y-192.0704
G1 X24.0148 Y-192.0074
G1 X25.0222 Y-192.5741
G1 X22.3778 Y-191.8815
G1 X21.8741 Y-190.8741
G1 X19.3556 Y-186.5926
G0 X18.3481 Y-188.6074 F15000.0
G1 X19.0407 Y-189.6778 F12000.0
G1 X19.9852 Y-189.5519
G1 X20.5519 Y-191.0630
G1 X18.0333 Y-191.7556
G1 X18.3481 Y-192.3852
G1 X16.9630 Y-190.9370
G1 X18.0963 Y-189.6778
G1 X17.4037 Y-189.0481
G1 X18.3481 Y-188.8593
G0 X18.0114 Y-188.9417 F15000.0
G1 X20.1484 Y-191.0788 F12000.0
G0 X18.3481 Y-192.3852 F15000.0
G1 X23.2593 Y-195.2815 F12000.0
G1 X17.2148 Y-194.0222
G1 X18.0963 Y-192.6370
G0 X23.4668 Y-189.1851 F15000.0
G1 X16.5214 Y-182.2397 F12000.0
G0 X16.5852 Y-182.3111 F15000.0
G1 X15.7037 Y-183.6963 F12000.0
G1 X17.0259 Y-183.8222
G1 X17.2778 Y-184.6407
G1 X16.8370 Y-182.0593
G0 X15.4529 Y-181.1712 F15000.0
G1 X14.7406 Y-180.4588 F12000.0
G0 X16.9687 Y-175.7375 F15000.0
G1 X23.3798 Y-182.1486 F12000.0
G0 X21.6222 Y-182.3111 F15000.0
G1 X22.3148 Y-184.5778 F12000.0
G1 X24.2667 Y-184.4519
G1 X21.6222 Y-182.5630
G0 X10.8186 Y-190.4358 F15000.0
G1 X9.9282 Y-189.5453 F12000.0
G0 X8.5252 Y-189.8797 F15000.0
G1 X24.7311 Y-206.0856 F12000.0
G0 X24.6444 Y-204.9778 F15000.0
G1 X23.6370 Y-209.3852 F12000.0
G1 X24.0778 Y-209.2593
G1 X23.5741 Y-210.3296
G1 X25.0852 Y-210.3296
G1 X22.5667 Y-211.1481
G1 X22.5037 Y-206.3630
G1 X18.5370 Y-208.8185
G1 X18.6630 Y-210.5185
G1 X21.4963 Y-208.4407
G1 X19.5444 Y-211.0222
G1 X20.3630 Y-209.5111
G1 X17.8444 Y-211.5259
G1 X20.4889 Y-212.0296
G1 X21.1815 Y-212.2815
G1 X20.9296 Y-211.5889
G1 X19.5444 Y-212.7222
G1 X23.9519 Y-211.4000
G1 X23.6370 Y-212.0296
G1 X24.4556 Y-212.4074
G1 X25.0222 Y-211.0852
G1 X26.0296 Y-212.3444
G1 X28.4222 Y-208.9444
G1 X27.9815 Y-209.2593
G1 X29.2407 Y-207.2444
G1 X29.4926 Y-207.7481
G1 X29.5556 Y-205.5444
G1 X27.3519 Y-208.1889
G1 X27.6667 Y-208.6296
G1 X24.0148 Y-207.8741
G1 X24.3296 Y-206.4259
G1 X23.8259 Y-208.4407
G1 X26.8481 Y-208.2519
G1 X27.9815 Y-206.5519
G1 X26.8481 Y-206.3630
G1 X26.8481 Y-207.1185
G1 X26.5333 Y-206.4889
G1 X25.0852 Y-207.8111
G1 X24.8963 Y-204.9778
G0 X25.7996 Y-207.1541 F15000.0
G1 X26.8681 Y-208.2226 F12000.0
G0 X21.8741 Y-212.7852 F15000.0
G1 X22.8185 Y-213.7296 F12000.0
G1 X21.3704 Y-214.1704
G1 X21.9370 Y-215.0519
G1 X23.8889 Y-214.5481
G1 X24.4556 Y-215.4926
G1 X22.8815 Y-217.9481
G1 X22.3148 Y-217.3815
G1 X22.8815 Y-215.2407
G1 X17.9074 Y-214.8000
G1 X19.1037 Y-214.2333
G1 X19.9852 Y-214.4852
G1 X21.6222 Y-213.0370
G0 X16.0815 Y-215.3037 F15000.0
G1 X17.6556 Y-216.7519 F12000.0
G1 X17.1519 Y-217.9481
G1 X15.0741 Y-215.5556
G1 X15.8296 Y-215.5556
G0 X22.0992 Y-220.8273 F15000.0
G1 X36.3461 Y-235.0742 F12000.0
G0 X34.7185 Y-234.4444 F15000.0
G1 X36.6704 Y-235.6407 F12000.0
G1 X34.5296 Y-236.5222
G1 X34.7185 Y-234.1926
G0 X34.2148 Y-231.9259 F15000.0
G1 X33.3333 Y-233.2481 F12000.0
G1 X33.9000 Y-234.0667
G1 X35.9778 Y-231.9889
G1 X34.4667 Y-231.6741
G0 X38.4963 Y-231.6741 F15000.0
G1 X37.3630 Y-233.5000 F12000.0
G1 X36.2926 Y-233.1852
G1 X35.4741 Y-233.8148
G1 X36.3556 Y-234.1296
G1 X36.4185 Y-234.7593
G1 X38.0556 Y-234.5704
G1 X36.9222 Y-233.1222
G1 X38.6852 Y-233.0593
G1 X38.4963 Y-231.9259
G0 X39.5037 Y-230.9185 F15000.0
G1 X43.8481 Y-233.3111 F12000.0
G1 X41.9593 Y-233.5000
G1 X41.6444 Y-232.4926
G1 X41.0778 Y-233.2481
G1 X39.9444 Y-233.2481
G1 X40.8259 Y-234.6963
G1 X39.5667 Y-233.5630
G1 X38.9370 Y-234.1926
G1 X40.0704 Y-232.5556
G1 X39.5037 Y-230.6667
G0 X46.5556 Y-236.2074 F15000.0
G1 X46.9963 Y-236.5222 F12000.0
G1 X46.1778 Y-236.9000
G1 X46.3667 Y-237.3407
G1 X43.6593 Y-238.0963
G1 X45.6111 Y-238.1593
G1 X45.9259 Y-239.2296
G1 X47.1852 Y-238.7259
G1 X47.8148 Y-235.8926
G1 X46.8074 Y-235.9556
G0 X48.8222 Y-236.9630 F15000.0
G1 X47.6889 Y-238.1593 F12000.0
G1 X48.5074 Y-241.0556
G1 X49.6407 Y-241.4333
G1 X49.3259 Y-242.5037
G1 X50.9000 Y-242.5037
G1 X49.7037 Y-241.3074
G1 X50.9000 Y-240.6148
G1 X50.9630 Y-239.7963
G1 X50.3333 Y-240.6148
G1 X49.8296 Y-239.9852
G1 X50.3333 Y-239.4815
G1 X47.9407 Y-240.8037
G1 X49.0741 Y-237.2148
G0 X51.3407 Y-238.7259 F15000.0
G1 X51.5296 Y-241.4963 F12000.0
G1 X51.7815 Y-240.6778
G1 X51.9704 Y-242.4407
G1 X52.7259 Y-241.9370
G1 X52.4741 Y-242.3148
G1 X55.3704 Y-240.8667
G1 X53.6704 Y-240.8667
G1 X53.2296 Y-239.4815
G1 X51.9074 Y-239.9852
G1 X51.5926 Y-238.7259
G0 X57.3852 Y-238.9778 F15000.0
G1 X55.9370 Y-240.1741 F12000.0
G1 X56.6926 Y-239.8593
G1 X55.8741 Y-239.7963
G1 X58.2037 Y-239.3556
G1 X57.6370 Y-238.9778
G0 X58.6444 Y-238.7259 F15000.0
G1 X60.4704 Y-240.4259 F12000.0
G1 X62.8630 Y-239.7333
G1 X62.4222 Y-239.1667
G1 X58.6444 Y-238.4741
G0 X59.6519 Y-234.9481 F15000.0
G1 X59.0852 Y-235.8296 F12000.0
G1 X60.9741 Y-236.3963
G1 X60.6593 Y-237.0889
G1 X61.5407 Y-237.1519
G1 X59.6519 Y-234.6963
G0 X57.3852 Y-234.9481 F15000.0
G1 X56.7556 Y-235.8296 F12000.0
G1 X58.6444 Y-235.9556
G1 X58.8333 Y-237.6556
G1 X57.5741 Y-236.8370
G1 X57.1963 Y-235.8296
G1 X55.3704 Y-237.5296
G1 X54.8037 Y-237.1519
G1 X56.1259 Y-236.8370
G1 X55.3074 Y-236.5852
G1 X56.4407 Y-236.7111
G1 X57.1333 Y-234.9481
G0 X57.8889 Y-232.6815 F15000.0
G1 X58.2037 Y-234.8852 F12000.0
G1 X59.4000 Y-234.5074
G1 X58.6444 Y-232.2407
G1 X57.8889 Y-232.4296
G0 X56.8815 Y-229.1556 F15000.0
G1 X58.3296 Y-230.9815 F12000.0
G1 X56.0630 Y-231.0444
G1 X55.4963 Y-233.7519
G1 X56.4407 Y-231.2963
G1 X56.2519 Y-230.8556
G1 X58.0148 Y-230.6667
G1 X56.6296 Y-229.1556
G0 X58.1738 Y-223.6447 F15000.0
G1 X57.0104 Y-223.1628 F12000.0
G0 X53.1037 Y-224.1185 F15000.0
G3 X52.8519 Y-224.3704 I0.8694 J-1.1212 F12000.0
G0 X51.3407 Y-232.6815 F15000.0
G1 X52.9148 Y-235.3889 F12000.0
G1 X50.9000 Y-235.5778
G1 X49.7667 Y-233.8148
G1 X51.4037 Y-237.3407
G1 X49.7037 Y-235.3889
G1 X43.6593 Y-236.1444
G1 X44.8556 Y-236.5222
G1 X44.0370 Y-237.2148
G1 X42.0852 Y-236.8370
G1 X44.8556 Y-238.6630
G1 X41.5815 Y-238.9148
G1 X41.2667 Y-237.8444
G1 X41.4556 Y-237.4667
G1 X40.2593 Y-238.4111
G1 X45.3593 Y-240.1111
G1 X44.9815 Y-239.8593
G1 X47.1222 Y-240.3630
G1 X46.6185 Y-239.5444
G1 X48.5704 Y-236.3963
G1 X53.5444 Y-238.7889
G1 X53.4185 Y-237.6556
G1 X52.6630 Y-237.2778
G1 X53.1037 Y-236.1444
G1 X51.2148 Y-235.9556
G1 X51.9074 Y-235.3259
G1 X53.0407 Y-235.1370
G1 X51.5296 Y-233.5630
G1 X51.3407 Y-232.9333
G0 X62.0422 Y-236.4472 F15000.0
G1 X40.8499 Y-215.2550 F12000.0
G0 X35.4741 Y-218.8296 F15000.0
G1 X37.1741 Y-221.0333 F12000.0
G1 X34.9704 Y-219.6481
G1 X35.7259 Y-222.4185
G1 X34.2148 Y-221.6000
G1 X35.5370 Y-220.4037
G1 X35.2222 Y-218.8296
G0 X31.4444 Y-225.6296 F15000.0
G1 X31.1296 Y-228.9667 F12000.0
G1 X29.4296 Y-230.0370
G1 X31.6333 Y-230.1630
G1 X32.2630 Y-230.4778
G1 X32.3259 Y-229.2815
G1 X31.7593 Y-230.1000
G1 X31.4444 Y-228.9037
G1 X32.8926 Y-229.4074
G1 X32.8926 Y-230.0370
G1 X33.2074 Y-228.5259
G1 X31.3185 Y-227.8963
G1 X32.4519 Y-226.7630
G1 X31.6333 Y-226.8259
G1 X31.4444 Y-225.8815
G0 X28.6741 Y-223.1111 F15000.0
G1 X30.0593 Y-224.4333 F12000.0
G1 X28.7370 Y-225.6926
G1 X28.4222 Y-223.3630
G0 X26.4074 Y-222.8593 F15000.0
G1 X27.0370 Y-223.1111 F12000.0
G1 X28.8630 Y-224.6222
G1 X26.6593 Y-225.9444
G1 X27.9185 Y-224.8741
G1 X25.3370 Y-225.5667
G1 X26.1556 Y-223.1111
G0 X19.3556 Y-202.4593 F15000.0
G1 X21.2444 Y-204.4741 F12000.0
G1 X20.8037 Y-205.2926
G1 X19.1037 Y-202.4593
G0 X5.0000 Y-201.7889 F15000.0
G1 X174.7481 Y-201.7889 F12000.0
G0 X164.6741 Y-191.1259 F15000.0
G1 X164.1704 Y-193.1407 F12000.0
G1 X166.3741 Y-195.0296
G1 X167.5074 Y-194.2741
G1 X165.8074 Y-194.9667
G1 X165.3037 Y-194.6519
G1 X164.1074 Y-196.7296
G1 X164.4222 Y-196.1000
G1 X164.9259 Y-194.4630
G1 X161.5259 Y-193.7704
G1 X160.9593 Y-192.9519
G1 X160.9593 Y-196.5407
G1 X161.5889 Y-195.4704
G1 X163.1000 Y-197.1704
G1 X163.4148 Y-196.7296
G1 X162.9111 Y-198.3667
G1 X164.1074 Y-197.8630
G1 X164.6741 Y-198.6815
G1 X165.4296 Y-196.7926
G1 X164.3593 Y-199.6259
G1 X164.7370 Y-200.0037
G1 X162.5333 Y-197.9889
G1 X162.7222 Y-197.2333
G1 X161.7148 Y-198.7444
G1 X163.9185 Y-200.0667
G1 X163.8556 Y-200.6333
G1 X160.5815 Y-198.3037
G1 X160.8333 Y-197.7370
G1 X159.7000 Y-197.4222
G1 X159.4481 Y-199.5000
G1 X157.8741 Y-198.6185
G1 X159.0704 Y-198.3667
G1 X158.1889 Y-196.8556
G1 X157.8111 Y-197.2333
G1 X158.0000 Y-196.6037
G1 X156.1111 Y-196.9815
G1 X155.7963 Y-199.2481
G1 X158.3148 Y-200.2556
G1 X156.1111 Y-200.5704
G1 X156.8667 Y-200.3185
G1 X153.6556 Y-202.1444
G1 X154.6630 Y-202.4593
G1 X155.3556 Y-202.1444
G1 X155.2926 Y-203.0259
G1 X155.7333 Y-202.6481
G1 X152.9630 Y-203.9074
G1 X152.3333 Y-206.3000
G1 X153.1519 Y-206.1741
G1 X153.3407 Y-205.4815
G1 X154.9778 Y-207.3704
G1 X154.8519 Y-204.8519
G1 X157.1185 Y-205.9222
G1 X158.6926 Y-205.3556
G1 X156.9926 Y-206.4259
G1 X158.0000 Y-207.5593
G1 X160.7704 Y-205.6704
G1 X160.1407 Y-206.0481
G1 X160.7704 Y-204.0333
G1 X161.3370 Y-204.6630
G1 X162.2185 Y-202.1444
G1 X162.9111 Y-203.2148
G1 X160.8963 Y-205.4185
G1 X162.7852 Y-206.4259
G1 X164.1704 Y-204.4111
G1 X166.7519 Y-206.1741
G1 X167.5704 Y-205.1667
G1 X172.1667 Y-205.2296
G1 X172.4185 Y-204.3481
G1 X171.4741 Y-203.5296
G1 X172.6074 Y-204.7259
G1 X172.4815 Y-205.8593
G1 X171.5370 Y-205.8593
G1 X172.9852 Y-206.3000
G1 X170.7815 Y-205.7333
G1 X168.0741 Y-206.2370
G1 X169.1444 Y-207.3704
G1 X168.2630 Y-208.3148
G1 X169.5222 Y-211.1481
G1 X171.7259 Y-211.8407
G1 X174.1185 Y-212.7222
G1 X171.2222 Y-213.6037
G1 X171.4741 Y-213.0370
G1 X169.4593 Y-212.8481
G1 X168.7667 Y-213.9185
G1 X171.2222 Y-214.7370
G1 X169.3963 Y-216.2481
G1 X169.2704 Y-214.4222
G1 X164.9889 Y-213.4778
G1 X164.7370 Y-215.4926
G1 X164.8630 Y-214.9259
G1 X163.8556 Y-216.5000
G1 X164.8000 Y-218.0111
G1 X165.5556 Y-216.1852
G1 X164.4222 Y-217.8222
G1 X163.7926 Y-213.6667
G1 X163.5407 Y-214.1074
G1 X163.3519 Y-213.3519
G1 X162.5333 Y-214.4222
G1 X163.6667 Y-211.9667
G1 X161.2111 Y-209.8889
G1 X162.2815 Y-209.8889
G1 X161.9037 Y-208.3148
G1 X160.3926 Y-209.3852
G1 X162.5333 Y-208.4407
G1 X163.3519 Y-210.6444
G1 X163.3519 Y-209.0704
G1 X163.1630 Y-209.7000
G1 X163.5407 Y-208.7556
G1 X163.4148 Y-207.9370
G1 X165.4296 Y-213.3519
G1 X166.5630 Y-212.9741
G1 X165.4926 Y-211.2111
G1 X166.7519 Y-209.5741
G1 X167.3185 Y-210.1407
G1 X167.8222 Y-207.4963
G1 X165.6815 Y-206.4259
G1 X164.8000 Y-208.5037
G1 X165.0519 Y-209.4481
G1 X164.5481 Y-206.1741
G1 X159.5741 Y-207.5593
G1 X160.0778 Y-208.8185
G1 X158.6296 Y-207.2444
G1 X154.0963 Y-207.1815
G1 X151.8926 Y-205.9222
G1 X149.5630 Y-209.9519
G1 X149.1222 Y-210.6444
G1 X147.6111 Y-208.3778
G1 X145.8481 Y-211.5259
G1 X147.6111 Y-210.7074
G1 X147.8000 Y-210.0778
G1 X147.2333 Y-211.5259
G1 X147.9259 Y-212.0926
G1 X150.3815 Y-210.9593
G1 X150.5704 Y-212.1556
G1 X151.0741 Y-211.9667
G1 X149.9407 Y-212.6593
G1 X147.6741 Y-212.5333
G1 X146.5407 Y-212.0926
G1 X147.1074 Y-211.3370
G1 X144.4630 Y-211.3370
G1 X145.9741 Y-208.5667
G1 X143.1407 Y-206.6778
G1 X143.0148 Y-208.7556
G1 X144.2111 Y-209.0074
G1 X143.8333 Y-209.9519
G1 X141.6296 Y-208.3148
G1 X142.5741 Y-206.3630
G1 X146.5407 Y-204.9148
G1 X146.0370 Y-207.5593
G1 X145.5963 Y-208.0000
G1 X148.5556 Y-208.5667
G1 X149.3111 Y-209.7000
G1 X152.6481 Y-204.0333
G1 X150.8852 Y-203.4037
G1 X151.0741 Y-204.7889
G1 X149.8778 Y-207.1185
G1 X147.9259 Y-204.5370
G1 X147.6741 Y-203.9704
G1 X149.6889 Y-206.7407
G1 X150.0037 Y-206.2370
G1 X150.2556 Y-207.0556
G1 X150.5704 Y-201.6407
G1 X149.6259 Y-202.0185
G1 X150.1296 Y-202.6481
G1 X149.6889 Y-203.6556
G1 X149.7519 Y-201.3259
G1 X152.1444 Y-203.0259
G1 X153.0259 Y-201.3889
G1 X151.7037 Y-201.3889
G1 X155.1667 Y-200.5074
G1 X154.5370 Y-198.5556
G1 X155.5444 Y-197.8630
G1 X153.7815 Y-197.2963
G1 X154.0333 Y-196.1000
G1 X151.8296 Y-194.4630
G1 X152.7741 Y-194.9667
G1 X151.6407 Y-194.7778
G1 X153.2778 Y-195.7222
G1 X154.6000 Y-195.9111
G1 X155.2296 Y-195.3444
G1 X154.6000 Y-197.4222
G1 X156.1111 Y-196.2889
G1 X155.6074 Y-196.2889
G1 X158.3778 Y-195.3444
G1 X159.2593 Y-197.9259
G1 X160.0148 Y-197.2963
G1 X161.6519 Y-198.1148
G1 X162.0296 Y-196.7926
G1 X160.2037 Y-196.6037
G1 X159.2593 Y-194.0852
G1 X158.3148 Y-194.0222
G1 X159.0704 Y-193.8333
G1 X160.2667 Y-195.4704
G1 X160.6444 Y-193.3296
G1 X162.7852 Y-194.0852
G1 X164.8630 Y-192.3852
G1 X164.6741 Y-190.8741
G0 X162.4074 Y-190.8741 F15000.0
G1 X161.5259 Y-191.5037 F12000.0
G1 X159.3852 Y-191.7556
G1 X163.0370 Y-192.0704
G1 X162.2185 Y-192.0704
G1 X162.4074 Y-191.1259
G0 X158.7838 Y-194.2000 F15000.0
G1 X157.7153 Y-193.1314 F12000.0
G0 X157.0247 Y-194.1782 F15000.0
G1 X157.9151 Y-195.0686 F12000.0
G0 X159.3616 Y-198.2524 F15000.0
G1 X153.4847 Y-192.3756 F12000.0
G0 X149.3983 Y-191.5625 F15000.0
G1 X123.9319 Y-217.0288 F12000.0
G0 X125.6434 Y-216.6552 F15000.0
G1 X122.2598 Y-213.2715 F12000.0
G0 X121.2130 Y-213.9621 F15000.0
G1 X122.6377 Y-215.3868 F12000.0
G0 X120.8786 Y-215.3651 F15000.0
G1 X113.0428 Y-207.5293 F12000.0
G0 X115.3111 Y-207.2444 F15000.0
G1 X112.4778 Y-208.9444 F12000.0
G1 X114.8704 Y-208.0630
G1 X116.2556 Y-209.9519
G1 X116.6333 Y-207.5593
G1 X116.4444 Y-208.8815
G1 X115.5630 Y-207.2444
G0 X116.8222 Y-209.5111 F15000.0
G1 X118.1444 Y-211.6519 F12000.0
G1 X116.8852 Y-211.7778
G1 X115.8148 Y-212.0296
G1 X116.0667 Y-212.5333
G1 X118.5852 Y-211.9667
G1 X116.8222 Y-209.7630
G0 X113.5481 Y-220.0889 F15000.0
G1 X114.6815 Y-220.4667 F12000.0
G1 X114.6185 Y-224.5593
G1 X114.9333 Y-222.4185
G1 X114.3667 Y-225.6926
G1 X113.9889 Y-224.1185
G1 X112.4778 Y-224.4963
G1 X112.3519 Y-221.2852
G1 X113.2963 Y-220.3407
G0 X112.1701 Y-222.2928 F15000.0
G1 X117.1565 Y-227.2792 F12000.0
G0 X116.7785 Y-225.1639 F15000.0
G1 X115.8881 Y-224.2734 F12000.0
G0 X114.5166 Y-226.5111 F15000.0
G1 X114.5166 Y-227.7704 F12000.0
G0 X113.3489 Y-225.0000 F15000.0
G1 X113.3489 Y-231.2963 F12000.0
G0 X110.5259 Y-236.7111 F15000.0
G1 X112.5407 Y-237.0889 F12000.0
G1 X113.0444 Y-238.4741
G1 X109.8963 Y-238.5370
G1 X110.3370 Y-241.8741
G1 X108.9519 Y-241.6852
G1 X109.0148 Y-237.4667
G1 X110.2741 Y-236.9630
G0 X110.5259 Y-237.9704 F15000.0
G1 X110.5889 Y-240.1111 F12000.0
G1 X112.1000 Y-239.1037
G1 X110.7778 Y-237.9704
G0 X109.0474 Y-240.0185 F15000.0
G1 X106.0200 Y-236.9910 F12000.0
G0 X107.8226 Y-240.5310 F15000.0
G1 X53.8625 Y-186.5709 F12000.0
G0 X52.6000 Y-174.0000 F15000.0
G1 X50.2704 Y-175.2593 F12000.0
G1 X52.8519 Y-173.7481
G0 X56.1259 Y-171.2296 F15000.0
G1 X56.9444 Y-173.9370 F12000.0
G1 X53.8593 Y-173.4963
G1 X59.4630 Y-172.6778
G1 X59.7778 Y-171.9222
G1 X60.2185 Y-172.1111
G1 X59.0852 Y-171.7333
G1 X57.6370 Y-173.8741
G1 X57.0704 Y-173.2444
G1 X57.8889 Y-172.4259
G1 X57.5111 Y-171.2926
G1 X56.3778 Y-171.4815
G0 X69.9778 Y-172.2370 F15000.0
G1 X65.2556 Y-181.3037 F12000.0
G1 X67.9000 Y-177.2111
G1 X64.7519 Y-180.7370
G1 X70.7963 Y-172.9296
G1 X67.5852 Y-175.7000
G1 X66.2630 Y-177.2111
G1 X70.2296 Y-172.2370
G0 X73.0000 Y-172.7407 F15000.0
G1 X69.1593 Y-177.2741 F12000.0
G1 X72.8741 Y-173.1815
G1 X67.9630 Y-180.5481
G1 X73.2519 Y-172.7407
G0 X82.8222 Y-178.2815 F15000.0
G1 X86.0333 Y-190.6222 F12000.0
G1 X82.8222 Y-178.5333
G0 X88.8312 Y-178.5883 F15000.0
G1 X92.0888 Y-179.9376 F12000.0
G0 X91.1333 Y-180.2963 F15000.0
G1 X92.5185 Y-183.2556 F12000.0
G1 X91.1333 Y-180.5481
G0 X90.1259 Y-181.3037 F15000.0
G1 X92.8333 Y-189.9926 F12000.0
G1 X96.0444 Y-194.5259
G1 X90.5037 Y-184.0111
G1 X90.1259 Y-181.5556
G0 X89.0262 Y-182.0664 F15000.0
G1 X93.6798 Y-183.9940 F12000.0
G0 X93.3821 Y-182.7383 F15000.0
G1 X88.9612 Y-180.9071 F12000.0
G0 X88.8962 Y-179.7477 F15000.0
G1 X92.8518 Y-181.3862 F12000.0
G0 X92.4892 Y-178.9710 F15000.0
G1 X88.7663 Y-177.4290 F12000.0
G0 X90.1259 Y-178.0296 F15000.0
G1 X94.4074 Y-190.1185 F12000.0
G1 X98.6889 Y-194.8407
G1 X91.1963 Y-183.5074
G1 X90.1259 Y-178.2815
G0 X89.3238 Y-183.3222 F15000.0
G1 X94.2101 Y-185.3462 F12000.0
G0 X94.7405 Y-186.6983 F15000.0
G1 X89.8542 Y-184.6743 F12000.0
G0 X90.1518 Y-185.9301 F15000.0
G1 X95.7362 Y-188.2432 F12000.0
G0 X96.7319 Y-189.7881 F15000.0
G1 X90.9149 Y-187.3786 F12000.0
G0 X91.4452 Y-188.7307 F15000.0
G1 X97.7276 Y-191.3329 F12000.0
G0 X99.1886 Y-193.0706 F15000.0
G1 X92.6736 Y-190.3720 F12000.0
G0 X91.8889 Y-195.4074 F15000.0
G1 X96.1704 Y-201.8926 F12000.0
G1 X91.8889 Y-195.6593
G0 X93.6519 Y-195.6593 F15000.0
G1 X97.5556 Y-199.3741 F12000.0
G1 X96.0444 Y-197.4852
G1 X98.2481 Y-198.8704
G1 X96.0444 Y-197.1074
G1 X95.2259 Y-197.2333
G1 X93.9037 Y-195.9111
G0 X91.3320 Y-198.8759 F15000.0
G1 X74.8116 Y-192.0329 F12000.0
G0 X73.9459 Y-192.8068 F15000.0
G1 X92.3277 Y-200.4208 F12000.0
G0 X93.9187 Y-204.4771 F15000.0
G1 X71.5813 Y-195.2247 F12000.0
G0 X69.9778 Y-197.4222 F15000.0
G1 X69.8519 Y-198.4926 F12000.0
G1 X72.7481 Y-199.6259
G1 X69.3481 Y-198.2407
G1 X69.7259 Y-197.6741
G0 X68.2148 Y-198.6815 F15000.0
G1 X65.7593 Y-202.5852 F12000.0
G1 X65.6333 Y-200.0667
G1 X67.9630 Y-198.4296
G0 X67.7111 Y-198.9333 F15000.0
G1 X68.3407 Y-198.8704 F12000.0
G1 X65.8222 Y-201.7667
G1 X65.9481 Y-200.0667
G1 X67.4593 Y-198.9333
G0 X76.0222 Y-193.3926 F15000.0
G1 X71.1741 Y-196.4148 F12000.0
G1 X70.7963 Y-197.9259
G1 X73.0630 Y-198.9333
G1 X71.1741 Y-197.9889
G1 X71.1741 Y-196.8556
G1 X74.0074 Y-194.1481
G1 X76.2741 Y-193.3926
G0 X81.0593 Y-193.8963 F15000.0
G1 X86.0963 Y-198.1778 F12000.0
G1 X81.3111 Y-193.8963
G0 X97.4296 Y-185.8370 F15000.0
G1 X99.6333 Y-190.4963 F12000.0
G1 X97.4296 Y-185.5852
G0 X101.1002 Y-184.0875 F15000.0
G1 X106.9172 Y-181.6780 F12000.0
G0 X107.3408 Y-182.7007 F15000.0
G1 X101.9892 Y-184.9174 F12000.0
G0 X103.1109 Y-185.6510 F15000.0
G1 X109.8586 Y-182.8560 F12000.0
G0 X110.5149 Y-183.7824 F15000.0
G1 X103.5345 Y-186.6738 F12000.0
G0 X103.9581 Y-187.6965 F15000.0
G1 X109.7751 Y-185.2870 F12000.0
G0 X110.1988 Y-186.3097 F15000.0
G1 X104.6144 Y-188.6229 F12000.0
G0 X105.5034 Y-189.4528 F15000.0
G1 X110.8551 Y-187.2361 F12000.0
G0 X111.2787 Y-188.2588 F15000.0
G1 X106.6251 Y-190.1864 F12000.0
G0 X109.6082 Y-190.1490 F15000.0
G1 X111.0043 Y-189.5707 F12000.0
G0 X111.0134 Y-192.0074 F15000.0
G1 X111.0134 Y-179.6667 F12000.0
G0 X112.0370 Y-179.2889 F15000.0
G1 X120.2852 Y-184.6407 F12000.0
G1 X115.1222 Y-181.9963
G1 X112.2889 Y-179.5407
G0 X112.1811 Y-181.1778 F15000.0
G1 X112.1811 Y-192.0074 F12000.0
G0 X113.3489 Y-192.5111 F15000.0
G1 X113.3489 Y-188.7333 F12000.0
G0 X113.3489 Y-187.4741 F15000.0
G1 X113.3489 Y-182.1852 F12000.0
G0 X109.0148 Y-181.5556 F15000.0
G1 X112.4148 Y-184.4519 F12000.0
G1 X108.7630 Y-181.3037
G0 X109.5184 Y-179.4023 F15000.0
G1 X100.6766 Y-183.0647 F12000.0
G0 X100.2529 Y-182.0420 F15000.0
G1 X109.0948 Y-178.3796 F12000.0
G0 X108.4385 Y-177.4532 F15000.0
G1 X99.5966 Y-181.1156 F12000.0
G0 X99.1730 Y-180.0929 F15000.0
G1 X108.0149 Y-176.4305 F12000.0
G0 X107.3585 Y-175.5041 F15000.0
G1 X98.7494 Y-179.0702 F12000.0
G0 X98.7911 Y-177.8547 F15000.0
G1 X106.7022 Y-174.5778 F12000.0
G0 X106.2786 Y-173.5550 F15000.0
G1 X98.3675 Y-176.8319 F12000.0
G0 X97.9438 Y-175.8092 F15000.0
G1 X105.8550 Y-172.5323 F12000.0
G0 X103.2222 Y-174.5037 F15000.0
G1 X105.0481 Y-179.1000 F12000.0
G1 X109.7074 Y-185.2074
G1 X119.2778 Y-194.0852
G1 X117.0111 Y-191.9444
G1 X117.8926 Y-191.6926
G1 X118.5222 Y-192.3222
G1 X114.9963 Y-188.2296
G1 X116.0667 Y-190.3074
G1 X114.9963 Y-190.4333
G1 X105.2370 Y-179.2259
G1 X103.2222 Y-174.7556
G0 X103.4741 Y-177.7778 F15000.0
G1 X106.0556 Y-187.2222 F12000.0
G1 X103.4741 Y-178.0296
G0 X111.0134 Y-177.9037 F15000.0
G1 X111.0134 Y-176.1407 F12000.0
G0 X114.3037 Y-167.2000 F15000.0
G1 X121.6704 Y-171.9222 F12000.0
G1 X134.7037 Y-175.6370
G1 X131.4296 Y-174.5667
G1 X135.6481 Y-175.5741
G1 X135.2074 Y-175.9519
G1 X142.7630 Y-175.7630
G1 X144.6519 Y-175.1963
G1 X147.6741 Y-175.8889
G1 X146.2259 Y-176.6444
G1 X144.0222 Y-175.1963
G1 X139.1111 Y-176.6444
G1 X139.8667 Y-176.8963
G1 X138.2926 Y-177.0852
G1 X138.9852 Y-177.2741
G1 X137.7889 Y-176.8963
G1 X138.5444 Y-176.3926
G1 X126.6444 Y-174.0000
G1 X116.1296 Y-168.8370
G1 X114.0519 Y-166.9481
G0 X115.3111 Y-167.2000 F15000.0
G1 X124.9444 Y-172.0481 F12000.0
G1 X115.5630 Y-167.4519
G0 X116.8210 Y-163.9716 F15000.0
G1 X174.6990 Y-106.0936 F12000.0
G0 X174.7513 Y-103.2554 F15000.0
G1 X166.6074 Y-106.6287 F12000.0
G0 X167.9481 Y-104.2370 F15000.0
G1 X170.6556 Y-105.3074 F12000.0
G1 X172.4185 Y-104.9296
G1 X166.5630 Y-105.9370
G1 X165.1778 Y-108.5815
G1 X165.7444 Y-105.6852
G1 X164.3593 Y-106.8815
G1 X165.4296 Y-105.6852
G1 X164.1074 Y-105.8111
G1 X167.9481 Y-103.9852
G0 X168.9556 Y-108.7704 F15000.0
G1 X165.1778 Y-110.5333 F12000.0
G1 X163.5407 Y-111.1000
G1 X165.4926 Y-111.6037
G1 X165.2407 Y-110.9111
G1 X169.2074 Y-108.7704
G0 X174.7481 Y-103.2389 F15000.0
G1 X142.5111 Y-103.2389 F12000.0
G0 X145.7852 Y-101.8889 F15000.0
G1 X148.3037 Y-101.8889 F12000.0
G0 X150.8222 Y-100.7111 F15000.0
G1 X150.9481 Y-102.6000 F12000.0
G1 X148.4926 Y-101.7185
G1 X151.8296 Y-102.4741
G1 X151.0741 Y-100.7111
G0 X149.4068 Y-106.5642 F15000.0
G1 X144.5205 Y-108.5882 F12000.0
G0 X145.9264 Y-110.5092 F15000.0
G1 X147.0898 Y-110.9911 F12000.0
G0 X147.1548 Y-112.1505 F15000.0
G1 X145.2933 Y-111.3795 F12000.0
G0 X146.7921 Y-109.7354 F15000.0
G1 X147.9555 Y-110.2173 F12000.0
G0 X148.1232 Y-109.1543 F15000.0
G1 X146.9598 Y-108.6724 F12000.0
G0 X146.7926 Y-107.0074 F15000.0
G1 X147.4222 Y-107.5741 F12000.0
G1 X145.7852 Y-110.2815
G1 X145.7852 Y-108.9593
G1 X146.7926 Y-106.7556
G0 X151.3259 Y-108.0148 F15000.0
G1 X149.1222 Y-110.0296 F12000.0
G1 X150.6963 Y-110.4074
G1 X151.3259 Y-108.2667
G0 X149.3111 Y-111.2889 F15000.0
G1 X146.5407 Y-113.3037 F12000.0
G1 X152.1444 Y-113.1148
G1 X148.1148 Y-112.4852
G1 X149.3111 Y-111.5407
G0 X142.3011 Y-113.1021 F15000.0
G1 X174.6438 Y-99.7053 F12000.0
G0 X174.4963 Y-94.4148 F15000.0
G1 X169.7741 Y-96.3667 F12000.0
G1 X165.0519 Y-96.8074
G1 X169.3963 Y-96.4296
G1 X174.7481 Y-94.1630
G0 X173.4889 Y-93.7889 F15000.0
G1 X171.7259 Y-93.7889 F12000.0
G0 X166.1852 Y-93.9111 F15000.0
G1 X171.2222 Y-94.2889 F12000.0
G1 X170.5926 Y-94.9815
G1 X165.9333 Y-93.9111
G0 X174.7481 Y-88.3889 F15000.0
G1 X145.0296 Y-88.3889 F12000.0
G0 X145.0296 Y-87.6148 F15000.0
G1 X146.4778 Y-87.9926 F12000.0
G1 X144.4630 Y-90.0074
G1 X144.3370 Y-91.0778
G1 X143.4556 Y-91.3296
G1 X144.4630 Y-90.2593
G1 X144.0852 Y-89.3778
G1 X145.5333 Y-87.8037
G1 X142.2593 Y-88.4333
G1 X144.7778 Y-87.6148
G0 X144.5259 Y-87.0389 F15000.0
G1 X174.7481 Y-87.0389 F12000.0
G0 X174.7481 Y-86.8593 F15000.0
G1 X160.8333 Y-91.1407 F12000.0
G1 X160.2037 Y-93.4074
G1 X165.1148 Y-90.7000
G1 X166.7519 Y-89.3148
G1 X172.4815 Y-88.1815
G1 X170.5926 Y-89.2519
G1 X174.4963 Y-87.1111
G0 X174.7481 Y-80.2889 F15000.0
G1 X172.9852 Y-80.2889 F12000.0
G0 X172.9852 Y-78.9389 F15000.0
G1 X174.7481 Y-78.9389 F12000.0
G0 X174.7481 Y-70.8389 F15000.0
G1 X172.7333 Y-70.8389 F12000.0
G0 X168.8687 Y-69.9887 F15000.0
G1 X174.7455 Y-64.1118 F12000.0
G1 X149.8148 Y-64.0889 F12000.0
G0 X150.0720 Y-65.0827 F15000.0
G1 X143.6609 Y-71.4938 F12000.0
G0 X145.6411 Y-71.3370 F15000.0
G1 X150.9837 Y-65.9944 F12000.0
G0 X152.0815 Y-62.7389 F15000.0
G1 X174.7481 Y-62.7389 F12000.0
G0 X171.2513 Y-50.3049 F15000.0
G1 X147.5658 Y-26.6195 F12000.0
G0 X132.7330 Y-36.1097 F15000.0
G1 X125.6095 Y-28.9862 F12000.0
G0 X126.5217 Y-31.6358 F15000.0
G1 X131.5081 Y-36.6222 F12000.0
G0 X129.2583 Y-39.5844 F15000.0
G1 X125.3404 Y-35.6665 F12000.0
G0 X126.3871 Y-34.9759 F15000.0
G1 X132.9763 Y-41.5651 F12000.0
G0 X132.2857 Y-42.6119 F15000.0
G1 X131.2172 Y-41.5434 F12000.0
G0 X129.2800 Y-41.3435 F15000.0
G1 X125.7183 Y-37.7818 F12000.0
G0 X124.4934 Y-38.2943 F15000.0
G1 X128.7675 Y-42.5684 F12000.0
G0 X128.2550 Y-43.7932 F15000.0
G1 X120.9535 Y-36.4917 F12000.0
G0 X121.8222 Y-35.6230 F15000.0
G1 X122.8907 Y-36.6915 F12000.0
G0 X126.1873 Y-33.0387 F15000.0
G1 X136.3382 Y-43.1896 F12000.0
G0 X134.9556 Y-49.2389 F15000.0
G1 X103.2222 Y-49.2389 F12000.0
G0 X103.7610 Y-49.4025 F15000.0
G1 X121.2134 Y-31.9500 F12000.0
G0 X119.5894 Y-31.7507 F15000.0
G1 X102.6712 Y-48.6689 F12000.0
G0 X95.4148 Y-43.7926 F15000.0
G1 X98.3741 Y-46.8148 F12000.0
G1 X95.2259 Y-43.9185
G1 X94.4704 Y-45.0519
G1 X95.9815 Y-45.1778
G1 X95.6037 Y-44.9259
G1 X95.9815 Y-45.6815
G1 X92.2667 Y-44.9889
G1 X88.2370 Y-45.9333
G1 X85.5296 Y-47.9481
G1 X84.3333 Y-49.5222
G1 X83.5148 Y-49.7741
G1 X83.5148 Y-50.8444
G1 X76.8407 Y-49.4593
G1 X73.7556 Y-49.9630
G1 X83.8926 Y-50.4037
G1 X83.3259 Y-49.4593
G1 X85.1519 Y-48.7037
G1 X89.2444 Y-45.5556
G1 X94.2185 Y-45.0519
G1 X95.1630 Y-43.5407
G0 X95.0100 Y-43.5581 F15000.0
G1 X89.4893 Y-38.0374 F12000.0
G0 X88.4425 Y-38.7280 F15000.0
G1 X94.1413 Y-44.4267 F12000.0
G0 X92.3822 Y-44.4050 F15000.0
G1 X86.6834 Y-38.7062 F12000.0
G0 X85.9692 Y-38.0218 F15000.0
G1 X74.0374 Y-49.9536 F12000.0
G0 X74.7630 Y-50.5889 F15000.0
G1 X55.6222 Y-50.5889 F12000.0
G0 X52.0963 Y-46.5389 F15000.0
G1 X50.8370 Y-46.5389 F12000.0
G0 X49.8296 Y-47.8889 F15000.0
G1 X5.0000 Y-47.8889 F12000.0
G0 X5.0261 Y-49.1291 F15000.0
G1 X16.6017 Y-60.7047 F12000.0
G0 X19.7638 Y-60.3920 F15000.0
G1 X4.9826 Y-45.6109 F12000.0
G0 X14.0901 Y-48.9556 F15000.0
G1 X14.0901 Y-42.1556 F12000.0
G0 X15.2579 Y-41.6519 F15000.0
G1 X15.2579 Y-48.4519 F12000.0
G0 X16.4256 Y-48.4519 F15000.0
G1 X16.4256 Y-41.1481 F12000.0
G0 X17.5934 Y-40.6444 F15000.0
G1 X17.5934 Y-50.4667 F12000.0
G0 X19.8593 Y-30.3389 F15000.0
G1 X13.0593 Y-30.3389 F12000.0
G0 X13.8016 Y-29.9653 F15000.0
G1 X14.8702 Y-28.8968 F12000.0
G0 X13.3111 Y-26.9185 F15000.0
G1 X14.3185 Y-28.2407 F12000.0
G1 X15.3889 Y-27.1704
G1 X14.3185 Y-28.3037
G1 X13.3111 Y-26.6667
G0 X23.3852 Y-30.3389 F15000.0
G1 X27.9185 Y-30.3389 F12000.0
G0 X41.7704 Y-30.6963 F15000.0
G1 X42.8407 Y-32.2074 F12000.0
G1 X43.2815 Y-33.6556
G1 X44.2259 Y-32.0815
G1 X45.2963 Y-31.5778
G1 X42.8407 Y-32.2074
G1 X42.0222 Y-30.6963
G0 X45.5481 Y-31.6889 F15000.0
G1 X57.3852 Y-31.6889 F12000.0
G0 X57.2506 Y-32.0982 F15000.0
G1 X53.1546 Y-36.1942 F12000.0
G0 X53.3556 Y-34.3889 F15000.0
G1 X174.7481 Y-34.3889 F12000.0
G0 X174.7412 Y-33.1205 F15000.0
G1 X157.1107 Y-50.7510 F12000.0
G0 X157.7297 Y-57.4250 F15000.0
G1 X157.0174 Y-58.1374 F12000.0
G0 X159.1756 Y-57.8024 F15000.0
G1 X155.0797 Y-61.8984 F12000.0
G0 X156.1694 Y-62.6319 F15000.0
G1 X147.4432 Y-71.3582 F12000.0
G0 X144.2741 Y-65.4389 F15000.0
G1 X139.4889 Y-65.4389 F12000.0
G0 X138.1699 Y-64.2219 F15000.0
G1 X143.6906 Y-58.7013 F12000.0
G0 X145.3570 Y-62.5047 F15000.0
G1 X144.1104 Y-63.7513 F12000.0
G0 X157.1185 Y-61.1704 F15000.0
G1 X155.2926 Y-61.8630 F12000.0
G1 X158.9444 Y-61.8000
G1 X151.1370 Y-65.7667
G1 X150.8852 Y-64.9481
G1 X152.0815 Y-62.9963
G1 X152.7111 Y-63.5000
G1 X153.2148 Y-64.2556
G1 X153.4667 Y-63.8778
G1 X151.8926 Y-62.1148
G1 X146.4778 Y-61.6741
G1 X145.6593 Y-62.4296
G1 X145.5963 Y-63.5630
G1 X144.3370 Y-65.0111
G1 X144.4630 Y-65.7037
G1 X146.9185 Y-61.6741
G1 X151.7667 Y-62.8704
G1 X146.7926 Y-66.5222
G1 X141.8815 Y-66.9630
G1 X137.0333 Y-67.5296
G1 X135.9630 Y-67.4037
G1 X141.8815 Y-67.4667
G1 X142.4481 Y-66.9000
G1 X146.1000 Y-66.1444
G1 X148.0519 Y-66.4593
G1 X150.5074 Y-65.3889
G1 X152.3333 Y-65.5778
G1 X152.0815 Y-65.0111
G1 X153.5926 Y-65.0111
G1 X155.9852 Y-62.6815
G1 X159.0074 Y-61.3593
G1 X157.3704 Y-61.1704
G0 X157.5941 Y-61.2072 F15000.0
G1 X160.9777 Y-57.8236 F12000.0
G0 X148.7914 Y-48.1306 F15000.0
G1 X170.3399 Y-26.5821 F12000.0
G0 X170.0781 Y-26.5460 F15000.0
G1 X174.7083 Y-31.1763 F12000.0
G0 X174.7481 Y-30.3389 F15000.0
G1 X121.8593 Y-30.3389 F12000.0
G0 X122.2395 Y-27.2774 F15000.0
G1 X122.9518 Y-26.5650 F12000.0
G0 X120.3481 Y-27.6389 F15000.0
G1 X117.5778 Y-27.6389 F12000.0
G0 X118.0815 Y-26.9185 F15000.0
G1 X118.2704 Y-28.3037 F12000.0
G1 X117.5778 Y-28.8074
G1 X119.2778 Y-29.2481
G1 X118.5852 Y-30.2556
G1 X119.0889 Y-30.4444
G1 X118.5852 Y-29.7519
G1 X117.3889 Y-29.1222
G1 X116.9481 Y-29.3741
G1 X116.8852 Y-28.2407
G1 X116.4444 Y-27.1704
G1 X116.3185 Y-27.9889
G1 X118.0815 Y-26.6667
G0 X118.8370 Y-26.6667 F15000.0
G1 X120.1593 Y-28.3667 F12000.0
G1 X121.6704 Y-27.2963
G1 X122.6148 Y-29.5630
G1 X121.6704 Y-30.5704
G1 X121.1667 Y-29.8778
G1 X118.9630 Y-31.5148
G1 X123.2444 Y-29.7519
G1 X123.8741 Y-31.0111
G1 X123.1815 Y-32.7741
G1 X125.4481 Y-30.0037
G1 X122.6778 Y-29.4370
G1 X121.2926 Y-26.8556
G1 X119.5296 Y-27.9259
G1 X119.0889 Y-26.6667
G0 X117.5916 Y-34.8672 F15000.0
G1 X127.3863 Y-44.6619 F12000.0
G0 X124.2025 Y-43.2155 F15000.0
G1 X116.0106 Y-35.0235 F12000.0
G0 X114.4295 Y-35.1798 F15000.0
G1 X123.8681 Y-44.6184 F12000.0
G0 X121.9309 Y-44.4186 F15000.0
G1 X112.1362 Y-34.6238 F12000.0
G0 X110.9113 Y-35.1363 F15000.0
G1 X119.6375 Y-43.8626 F12000.0
G0 X117.3442 Y-43.3066 F15000.0
G1 X108.9741 Y-34.9365 F12000.0
G0 X107.7493 Y-35.4490 F15000.0
G1 X115.7631 Y-43.4629 F12000.0
G0 X115.0725 Y-44.5097 F15000.0
G1 X106.3463 Y-35.7834 F12000.0
G0 X105.1729 Y-31.5811 F15000.0
G1 X110.1593 Y-26.5947 F12000.0
G0 X108.3572 Y-26.5735 F15000.0
G1 X107.6449 Y-27.2858 F12000.0
G0 X106.5551 Y-26.5523 F15000.0
G1 X103.7058 Y-29.4016 F12000.0
G0 X104.5750 Y-26.7091 F15000.0
G1 X81.4238 Y-49.8603 F12000.0
G0 X81.7147 Y-49.3737 F15000.0
G1 X74.7693 Y-42.4284 F12000.0
G0 X73.5445 Y-42.9409 F15000.0
G1 X79.9556 Y-49.3520 F12000.0
G0 X83.0741 Y-50.5889 F15000.0
G1 X84.0815 Y-50.5889 F12000.0
G0 X87.6074 Y-51.9389 F15000.0
G1 X91.6370 Y-51.9389 F12000.0
G0 X89.1185 Y-49.5852 F15000.0
G1 X87.4815 Y-52.7963 F12000.0
G1 X88.4889 Y-55.4407
G1 X86.9148 Y-52.4815
G1 X86.2222 Y-55.4407
G1 X86.9148 Y-55.0000
G1 X86.6000 Y-55.4407
G1 X79.0444 Y-55.0630
G1 X84.9630 Y-56.3222
G1 X88.8667 Y-49.5852
G0 X87.1037 Y-47.8889 F15000.0
G1 X62.1704 Y-47.8889 F12000.0
G0 X63.2114 Y-46.5067 F15000.0
G1 X67.6635 Y-50.9589 F12000.0
G0 X73.2519 Y-54.6389 F15000.0
G1 X81.8148 Y-54.6389 F12000.0
G0 X81.3093 Y-55.4446 F15000.0
G1 X75.9667 Y-60.7872 F12000.0
G0 X75.2667 Y-61.3889 F15000.0
G1 X78.2889 Y-61.3889 F12000.0
G0 X77.5907 Y-60.9865 F15000.0
G1 X82.5771 Y-56.0001 F12000.0
G0 X79.3292 Y-55.6015 F15000.0
G1 X74.5208 Y-60.4098 F12000.0
G0 X74.0074 Y-60.4148 F15000.0
G1 X77.1556 Y-61.5481 F12000.0
G1 X79.7370 Y-60.8556
G1 X76.1481 Y-61.4222
G1 X73.3778 Y-60.6037
G1 X72.6222 Y-60.9815
G1 X73.7556 Y-60.4148
G0 X79.2963 Y-61.3889 F15000.0
G1 X95.6667 Y-61.3889 F12000.0
G0 X94.8991 Y-61.9109 F15000.0
G1 X94.0086 Y-62.8013 F12000.0
G0 X97.4296 Y-62.6815 F15000.0
G1 X93.4630 Y-64.6963 F12000.0
G1 X95.9815 Y-63.1222
G1 X99.1926 Y-63.4370
G1 X97.6815 Y-62.6815
G0 X91.1333 Y-58.4000 F15000.0
G1 X96.2963 Y-62.0519 F12000.0
G1 X90.8815 Y-58.1481
G0 X89.6222 Y-58.6889 F15000.0
G1 X65.4444 Y-58.6889 F12000.0
G0 X65.4444 Y-57.3389 F15000.0
G1 X89.6222 Y-57.3389 F12000.0
G0 X92.1407 Y-46.8148 F15000.0
G1 X89.8111 Y-47.8222 F12000.0
G1 X92.8963 Y-47.0037
G1 X94.4704 Y-48.9556
G1 X94.2815 Y-49.9000
G1 X92.3926 Y-46.8148
G0 X91.6370 Y-45.1889 F15000.0
G1 X62.4222 Y-45.1889 F12000.0
G0 X60.6529 Y-38.7362 F15000.0
G1 X59.5844 Y-37.6676 F12000.0
G0 X58.8938 Y-38.7144 F15000.0
G1 X57.6472 Y-37.4678 F12000.0
G0 X56.6004 Y-38.1584 F15000.0
G1 X57.8470 Y-39.4050 F12000.0
G0 X60.6312 Y-36.9770 F15000.0
G1 X61.6997 Y-38.0456 F12000.0
G0 X59.3846 Y-35.7304 F15000.0
G1 X58.3161 Y-34.6619 F12000.0
G0 X56.8914 Y-33.2372 F15000.0
G1 X51.3707 Y-27.7166 F12000.0
G0 X50.7122 Y-27.6969 F15000.0
G1 X51.7808 Y-26.6284 F12000.0
G0 X52.0613 Y-26.6698 F15000.0
G1 X53.6641 Y-28.2726 F12000.0
G0 X54.1383 Y-27.9174 F15000.0
G1 X50.0423 Y-32.0134 F12000.0
G0 X48.7745 Y-31.4579 F15000.0
G1 X49.8430 Y-30.3894 F12000.0
G0 X48.7533 Y-29.6559 F15000.0
G1 X46.2601 Y-32.1491 F12000.0
G0 X45.8000 Y-30.3389 F15000.0
G1 X59.4000 Y-30.3389 F12000.0
G0 X59.1481 Y-28.9889 F15000.0
G1 X51.3407 Y-28.9889 F12000.0
G0 X51.6239 Y-28.6086 F15000.0
G1 X53.5828 Y-26.6496 F12000.0
G0 X54.1111 Y-26.6667 F15000.0
G1 X55.8741 Y-29.6889 F12000.0
G1 X58.2667 Y-28.9333
G1 X58.5815 Y-30.5074
G1 X57.5741 Y-31.1370
G1 X57.0074 Y-30.2556
G1 X55.6852 Y-31.0111
G1 X59.1481 Y-34.5370
G1 X57.2593 Y-33.2148
G1 X57.8259 Y-32.6481
G1 X60.2185 Y-33.4667
G1 X59.9037 Y-32.0815
G1 X60.6593 Y-31.7037
G1 X58.5815 Y-32.9000
G1 X55.7481 Y-30.8852
G1 X57.1963 Y-30.4444
G1 X57.7630 Y-31.3889
G1 X59.5259 Y-29.5630
G1 X60.1556 Y-30.3815
G1 X59.7148 Y-30.2556
G1 X60.6593 Y-29.8778
G1 X57.5111 Y-27.6111
G1 X57.5741 Y-28.3037
G1 X55.6222 Y-29.6889
G1 X54.1111 Y-26.9185
G0 X54.3630 Y-27.6389 F15000.0
G1 X50.3333 Y-27.6389 F12000.0
G0 X49.8296 Y-26.9185 F15000.0
G1 X51.3407 Y-28.6185 F12000.0
G1 X51.7185 Y-30.1926
G1 X52.4741 Y-33.3407
G1 X53.7333 Y-34.2222
G1 X54.1111 Y-32.5852
G1 X53.3556 Y-34.3481
G1 X52.4741 Y-30.9481
G1 X51.3407 Y-29.7519
G1 X50.9000 Y-28.1778
G1 X49.5778 Y-26.6667
G0 X47.5630 Y-28.6815 F15000.0
G1 X51.3407 Y-31.2630 F12000.0
G1 X50.8370 Y-32.1444
G1 X48.0037 Y-31.5778
G1 X51.3407 Y-31.3889
G1 X48.8852 Y-29.9407
G1 X48.6333 Y-30.8222
G1 X46.3667 Y-30.1926
G1 X47.8148 Y-29.9407
G1 X48.9481 Y-30.1926
G1 X47.3111 Y-28.4296
G0 X53.4896 Y-34.0360 F15000.0
G1 X56.1609 Y-31.3647 F12000.0
G0 X57.0513 Y-30.4742 F15000.0
G1 X58.6541 Y-28.8715 F12000.0
G0 X57.3862 Y-28.3160 F15000.0
G1 X56.6739 Y-29.0283 F12000.0
G0 X64.6889 Y-28.9333 F15000.0
G1 X64.6889 Y-30.5704 F12000.0
G1 X64.6889 Y-31.8296
G1 X64.1852 Y-31.7037
G1 X61.9185 Y-34.0333
G1 X63.7444 Y-34.3481
G1 X62.9889 Y-34.5370
G1 X64.6889 Y-35.4815
G1 X63.8074 Y-33.5926
G1 X62.8630 Y-33.0889
G1 X65.6333 Y-30.8852
G1 X65.1926 Y-28.9963
G1 X67.1444 Y-30.0037
G1 X68.4667 Y-29.6259
G1 X69.2222 Y-31.4519
G1 X70.7963 Y-30.6333
G1 X69.0963 Y-31.2630
G1 X68.5926 Y-29.6259
G1 X64.9407 Y-28.9333
G0 X66.4519 Y-28.9889 F15000.0
G1 X72.7481 Y-28.9889 F12000.0
G0 X69.2222 Y-27.6389 F15000.0
G1 X67.7111 Y-27.6389 F12000.0
G0 X67.9630 Y-27.1704 F15000.0
G1 X73.4407 Y-30.1926 F12000.0
G1 X74.1333 Y-29.6259
G1 X74.3222 Y-30.3815
G1 X76.9667 Y-29.1222
G1 X78.2259 Y-29.5000
G1 X75.5815 Y-29.2481
G1 X75.1407 Y-30.3185
G1 X71.9926 Y-30.3185
G1 X69.6000 Y-29.0593
G1 X69.8519 Y-29.6889
G1 X69.2852 Y-28.3667
G1 X68.0259 Y-28.6815
G1 X66.2000 Y-28.3037
G1 X67.7111 Y-26.9185
G0 X67.2074 Y-37.0889 F15000.0
G1 X66.2000 Y-37.0889 F12000.0
G0 X68.4235 Y-41.2946 F15000.0
G1 X76.2593 Y-49.1304 F12000.0
G0 X76.3738 Y-49.4405 F15000.0
G1 X87.7713 Y-38.0430 F12000.0
G0 X86.6182 Y-33.4289 F15000.0
G1 X81.8098 Y-28.6206 F12000.0
G0 X81.5630 Y-26.9185 F15000.0
G1 X82.6963 Y-27.2333 F12000.0
G1 X84.1444 Y-26.7926
G1 X81.3741 Y-29.1852
G1 X79.6741 Y-29.7519
G1 X79.1704 Y-29.5000
G1 X78.6037 Y-30.2556
G1 X79.2333 Y-29.3111
G1 X80.8074 Y-27.4852
G1 X82.1296 Y-28.7444
G1 X81.3111 Y-26.6667
G0 X84.0815 Y-27.4175 F15000.0
G1 X90.6707 Y-34.0067 F12000.0
G0 X88.1111 Y-32.4593 F15000.0
G1 X88.8037 Y-37.3704 F12000.0
G1 X87.9222 Y-38.0630
G1 X87.1667 Y-37.7481
G1 X85.5926 Y-38.3148
G1 X89.0556 Y-36.9926
G1 X87.9222 Y-33.5296
G1 X86.8519 Y-34.9148
G1 X87.9222 Y-35.4185
G1 X84.6481 Y-36.6148
G1 X84.2704 Y-35.6704
G1 X87.2926 Y-35.2926
G1 X86.0333 Y-34.9778
G1 X83.0741 Y-35.2296
G1 X83.5778 Y-35.7963
G1 X81.3111 Y-35.1667
G1 X82.6963 Y-35.2296
G1 X84.4593 Y-34.6630
G1 X88.1111 Y-32.9630
G1 X88.1111 Y-32.2074
G0 X83.9904 Y-34.2758 F15000.0
G1 X79.1821 Y-29.4675 F12000.0
G0 X78.1353 Y-30.1581 F15000.0
G1 X82.9436 Y-34.9664 F12000.0
G0 X78.7565 Y-37.7288 F15000.0
G1 X87.1266 Y-46.0989 F12000.0
G0 X78.0274 Y-36.8473 F15000.0
G1 X74.6437 Y-40.2309 F12000.0
G0 X79.2963 Y-61.6741 F15000.0
G1 X79.4852 Y-62.3037 F12000.0
G1 X82.8222 Y-63.5000
G1 X83.7667 Y-63.1852
G1 X86.2222 Y-64.3815
G1 X86.6630 Y-65.5778
G1 X90.3778 Y-65.3259
G1 X93.9037 Y-62.9963
G1 X91.7630 Y-63.8148
G1 X89.3074 Y-65.5148
G1 X86.1593 Y-64.9481
G1 X85.9704 Y-63.8148
G1 X84.2074 Y-63.6889
G1 X83.3889 Y-63.1222
G1 X81.5630 Y-63.2481
G1 X79.5481 Y-61.9259
G0 X57.6370 Y-62.7389 F15000.0
G1 X55.3704 Y-62.7389 F12000.0
G0 X56.3778 Y-61.6741 F15000.0
G1 X57.1333 Y-61.4852 F12000.0
G1 X61.9815 Y-65.3259
G1 X63.5556 Y-63.7519
G1 X62.9259 Y-63.3111
G1 X63.8074 Y-63.2481
G1 X63.4296 Y-62.6185
G1 X63.6185 Y-64.2556
G1 X62.8630 Y-64.8222
G1 X65.7593 Y-65.2630
G1 X66.5148 Y-66.7741
G1 X66.7037 Y-65.7037
G1 X67.0815 Y-67.0259
G1 X69.0963 Y-66.5222
G1 X68.4037 Y-66.2704
G1 X65.5704 Y-66.2074
G1 X65.5704 Y-65.2630
G1 X63.1148 Y-64.8852
G1 X61.6037 Y-66.3333
G1 X57.0704 Y-61.4852
G1 X55.3704 Y-62.5556
G1 X56.1259 Y-61.4222
G0 X54.6148 Y-74.5185 F15000.0
G1 X58.3926 Y-75.9667 F12000.0
G1 X61.4778 Y-76.7852
G1 X62.4222 Y-77.8556
G1 X60.7852 Y-75.8407
G1 X54.8667 Y-74.7704
G0 X46.5401 Y-86.5673 F15000.0
G1 X45.6497 Y-87.4577 F12000.0
G0 X44.2889 Y-87.3630 F15000.0
G1 X46.8704 Y-87.7407 F12000.0
G1 X42.9037 Y-88.3704
G1 X44.0370 Y-87.3630
G0 X43.8476 Y-87.4365 F15000.0
G1 X45.2723 Y-86.0118 F12000.0
G0 X43.8264 Y-85.6344 F15000.0
G1 X38.3057 Y-91.1551 F12000.0
G0 X37.0379 Y-90.5996 F15000.0
G1 X41.3120 Y-86.3256 F12000.0
G0 X40.0442 Y-85.7701 F15000.0
G1 X35.5920 Y-90.2223 F12000.0
G0 X35.0366 Y-88.9545 F15000.0
G1 X33.7900 Y-90.2011 F12000.0
G0 X36.1051 Y-87.8859 F15000.0
G1 X38.5983 Y-85.3927 F12000.0
G0 X36.7333 Y-84.3389 F15000.0
G1 X40.7630 Y-84.3389 F12000.0
G0 X41.5185 Y-84.3389 F15000.0
G1 X42.7778 Y-84.3389 F12000.0
G0 X43.2815 Y-85.0963 F15000.0
G1 X42.7778 Y-85.4741 F12000.0
G1 X46.4926 Y-85.6630
G1 X43.5333 Y-85.0963
G0 X45.6709 Y-89.2598 F15000.0
G1 X44.7805 Y-90.1502 F12000.0
G0 X41.7106 Y-89.5735 F15000.0
G1 X40.1078 Y-91.1763 F12000.0
G0 X16.0158 Y-84.4418 F15000.0
G1 X11.3855 Y-79.8116 F12000.0
G0 X5.0000 Y-87.8667 F15000.0
G1 X9.1556 Y-89.1259 F12000.0
G1 X9.7852 Y-88.5593
G1 X10.6667 Y-89.7556
G1 X12.8704 Y-88.8111
G1 X20.4889 Y-89.7556
G1 X17.7185 Y-88.4963
G1 X20.7407 Y-88.9370
G1 X5.2519 Y-88.1185
G0 X11.4018 Y-111.0066 F15000.0
G1 X9.5403 Y-111.7776 F12000.0
G0 X12.5556 Y-117.8370 F15000.0
G1 X15.2000 Y-119.7889 F12000.0
G1 X14.6963 Y-123.6296
G1 X16.2704 Y-122.8111
G1 X16.5222 Y-125.0148
G1 X17.5296 Y-125.3296
G1 X16.2074 Y-124.7630
G1 X15.8926 Y-122.7481
G1 X14.3185 Y-122.6222
G1 X14.5074 Y-118.3407
G1 X12.8074 Y-117.8370
G0 X24.1407 Y-127.9111 F15000.0
G1 X24.4556 Y-129.2963 F12000.0
G1 X22.7556 Y-129.8630
G1 X22.3778 Y-131.4370
G1 X21.6852 Y-131.8778
G1 X73.5037 Y-146.0444
G1 X22.1889 Y-131.6259
G1 X23.7000 Y-131.2481
G1 X23.2593 Y-129.0444
G1 X25.3370 Y-128.2889
G1 X24.3926 Y-127.9111
G0 X23.3229 Y-131.2311 F15000.0
G1 X47.5217 Y-121.2076 F12000.0
G0 X47.4799 Y-122.4231 F15000.0
G1 X46.5492 Y-122.8086 F12000.0
G0 X42.4776 Y-122.0171 F15000.0
G1 X41.5469 Y-121.6316 F12000.0
G0 X43.2815 Y-128.9185 F15000.0
G1 X44.6667 Y-131.6889 F12000.0
G1 X44.4778 Y-129.1074
G1 X43.5333 Y-128.9185
G0 X46.5904 Y-130.5154 F15000.0
G1 X48.6845 Y-131.3828 F12000.0
G0 X49.2402 Y-131.2797 F15000.0
G1 X37.8389 Y-136.0023 F12000.0
G0 X38.4963 Y-144.0296 F15000.0
G1 X38.7481 Y-145.6667 F12000.0
G1 X39.8815 Y-145.6667
G1 X39.1889 Y-146.4222
G1 X38.7481 Y-144.2815
G0 X28.1704 Y-141.7630 F15000.0
G1 X29.1778 Y-144.5963 F12000.0
G1 X24.2037 Y-144.5333
G1 X23.5111 Y-143.7778
G1 X22.3778 Y-144.6593
G1 X24.5815 Y-142.8963
G1 X24.5815 Y-144.5963
G1 X29.1148 Y-144.4074
G1 X27.9815 Y-141.8259
G1 X26.9741 Y-142.4556
G1 X27.9185 Y-141.5111
G0 X27.9185 Y-148.3111 F15000.0
G1 X28.2963 Y-149.1296 F12000.0
G1 X28.5481 Y-148.5000
G1 X29.6815 Y-149.4444
G1 X31.7593 Y-148.9407
G1 X28.1704 Y-148.3111
G0 X18.6000 Y-138.2370 F15000.0
G1 X23.5741 Y-139.5593 F12000.0
G1 X18.8519 Y-139.1185
G1 X22.5667 Y-139.6852
G1 X17.4667 Y-138.9296
G1 X18.6000 Y-137.9852
G0 X14.8222 Y-141.7630 F15000.0
G1 X17.0259 Y-141.5111 F12000.0
G1 X16.9000 Y-143.0222
G1 X15.1370 Y-142.7074
G1 X14.5704 Y-141.5111
G0 X13.5630 Y-141.2593 F15000.0
G1 X13.1222 Y-142.0778 F12000.0
G1 X14.9481 Y-144.3444
G1 X14.8852 Y-143.4630
G1 X13.3741 Y-142.7704
G1 X12.4926 Y-143.4000
G1 X13.3741 Y-142.3296
G1 X11.9889 Y-141.7000
G1 X13.3111 Y-141.2593
G0 X29.6815 Y-128.6667 F15000.0
G1 X29.9333 Y-131.0593 F12000.0
G1 X27.4148 Y-130.8704
G1 X27.6037 Y-130.0519
G1 X27.9185 Y-130.5556
G1 X27.5407 Y-131.5000
G1 X29.9963 Y-131.3741
G1 X29.9333 Y-128.9185
G0 X30.4370 Y-128.6667 F15000.0
G1 X32.2000 Y-133.2000 F12000.0
G1 X32.7037 Y-133.2000
G1 X31.5074 Y-132.3815
G1 X31.9481 Y-131.5630
G1 X32.4519 Y-131.6259
G1 X31.6333 Y-130.7444
G1 X34.6556 Y-129.4852
G1 X31.7593 Y-129.6111
G1 X30.6889 Y-128.6667
G0 X30.9407 Y-129.4222 F15000.0
G1 X31.7593 Y-129.9889 F12000.0
G1 X32.9556 Y-129.6741
G1 X32.9556 Y-130.8074
G1 X31.3185 Y-131.1852
G1 X31.2556 Y-132.3185
G1 X30.6889 Y-129.6741
G0 X46.1900 Y-131.4820 F15000.0
G1 X48.0514 Y-132.2530 F12000.0
G0 X54.2793 Y-125.7731 F15000.0
G1 X63.1212 Y-129.4355 F12000.0
G0 X64.6850 Y-128.9508 F15000.0
G1 X53.7490 Y-124.4209 F12000.0
G0 X81.8196 Y-107.1333 F15000.0
G1 X81.8196 Y-147.6815 F12000.0
G0 X73.7556 Y-156.6222 F15000.0
G1 X75.8963 Y-157.9444 F12000.0
G1 X73.3148 Y-157.2519
G1 X74.2593 Y-156.8111
G1 X73.5037 Y-156.6222
G0 X86.0963 Y-166.4444 F15000.0
G1 X87.7333 Y-184.5778 F12000.0
G1 X92.4556 Y-194.5259
G1 X87.6704 Y-184.3889
G1 X86.0963 Y-166.6963
G0 X100.5036 Y-155.4889 F15000.0
G1 X100.5036 Y-229.2815 F12000.0
G0 X100.5036 Y-231.0444 F15000.0
G1 X100.5036 Y-252.9556 F12000.0
G0 X104.9852 Y-248.0444 F15000.0
G1 X106.8741 Y-251.0037 F12000.0
G1 X107.5037 Y-249.3667
G1 X105.2370 Y-247.7926
G0 X106.7481 Y-247.5407 F15000.0
G1 X105.8667 Y-248.1074 F12000.0
G1 X107.5667 Y-248.7370
G1 X109.2037 Y-248.4852
G1 X107.0000 Y-247.5407
G0 X109.7704 Y-251.0667 F15000.0
G1 X108.4481 Y-252.3259 F12000.0
G1 X110.1481 Y-252.8296
G1 X110.0222 Y-251.0667
G0 X113.5481 Y-247.7926 F15000.0
G1 X114.5556 Y-249.7444 F12000.0
G1 X113.2963 Y-247.5407
G0 X115.8148 Y-247.0370 F15000.0
G1 X115.3111 Y-248.2333 F12000.0
G1 X114.1148 Y-247.6667
G1 X115.7519 Y-249.0519
G1 X116.7593 Y-251.3815
G1 X116.6333 Y-252.5148
G1 X116.2556 Y-248.9259
G1 X117.2630 Y-249.4926
G1 X116.0667 Y-247.2889
G0 X118.1103 Y-242.9065 F15000.0
G1 X150.8781 Y-210.1386 F12000.0
G0 X153.3407 Y-207.4963 F15000.0
G1 X154.9148 Y-209.3852 F12000.0
G1 X153.8444 Y-209.9519
G1 X152.7741 Y-208.7556
G1 X153.9704 Y-209.3222
G1 X152.5852 Y-207.6222
G1 X151.8926 Y-208.0630
G1 X153.3407 Y-207.2444
G0 X148.0470 Y-207.7862 F15000.0
G1 X133.0877 Y-192.8269 F12000.0
G0 X132.8023 Y-189.9257 F15000.0
G1 X134.2270 Y-188.5010 F12000.0
G0 X131.6815 Y-185.5889 F15000.0
G1 X5.0000 Y-185.5889 F12000.0
G0 X4.9635 Y-186.3180 F15000.0
G1 X7.2786 Y-188.6331 F12000.0
G0 X5.0123 Y-186.4399 F15000.0
G1 X84.9730 Y-106.4792 F12000.0
G0 X81.8148 Y-106.0000 F15000.0
G1 X85.7815 Y-108.8963 F12000.0
G1 X86.2852 Y-107.9519
G1 X86.4111 Y-113.9333
G1 X86.1593 Y-110.5333
G1 X83.5778 Y-112.4852
G1 X82.6963 Y-111.6667
G1 X81.8148 Y-115.9481
G1 X82.4444 Y-116.6407
G1 X81.2481 Y-116.4519
G1 X81.0593 Y-117.2074
G1 X83.5148 Y-110.2815
G1 X84.1444 Y-112.5481
G1 X85.5926 Y-109.5259
G1 X81.5630 Y-105.7481
G0 X100.9556 Y-155.1111 F15000.0
G1 X102.3407 Y-169.9704 F12000.0
G1 X102.0889 Y-158.6370
G1 X102.4037 Y-159.1407
G1 X101.1444 Y-155.4889
G1 X104.2296 Y-157.6296
G1 X109.3926 Y-165.3111
G1 X111.6593 Y-167.5148
G1 X101.2074 Y-155.1111
G0 X116.0667 Y-159.1407 F15000.0
G1 X115.3111 Y-160.0222 F12000.0
G1 X113.4222 Y-159.5815
G1 X114.6815 Y-161.1556
G1 X115.0593 Y-160.3370
G1 X115.6259 Y-160.7148
G1 X115.6259 Y-159.9593
G1 X116.3185 Y-159.3926
G0 X117.7764 Y-163.6167 F15000.0
G1 X118.6668 Y-164.5072 F12000.0
G0 X125.3852 Y-162.9185 F15000.0
G1 X125.3852 Y-164.3667 F12000.0
G1 X127.3370 Y-165.3741
G1 X125.5111 Y-165.3111
G1 X127.8407 Y-165.1222
G1 X126.0778 Y-163.5481
G1 X128.3444 Y-164.2407
G1 X125.6370 Y-162.9185
G0 X129.4148 Y-164.1778 F15000.0
G1 X131.9963 Y-167.1370 F12000.0
G1 X126.9593 Y-166.0037
G1 X132.7519 Y-167.0741
G1 X129.6667 Y-164.4296
G0 X134.2000 Y-160.6519 F15000.0
G1 X141.1259 Y-162.5407 F12000.0
G1 X134.4519 Y-160.6519
G0 X129.1630 Y-172.2370 F15000.0
G1 X138.8593 Y-174.8815 F12000.0
G1 X129.4148 Y-172.4889
G0 X121.1715 Y-181.5005 F15000.0
G1 X120.2810 Y-182.3909 F12000.0
G0 X119.3694 Y-181.4793 F15000.0
G1 X120.2598 Y-180.5888 F12000.0
G0 X114.5166 Y-190.2444 F15000.0
G1 X114.5166 Y-193.0148 F12000.0
G0 X105.7407 Y-198.1778 F15000.0
G1 X108.1963 Y-199.8778 F12000.0
G1 X106.1185 Y-201.7667
G1 X105.4889 Y-197.9259
G0 X104.9852 Y-198.4296 F15000.0
G1 X107.3778 Y-200.5074 F12000.0
G1 X106.1815 Y-201.2000
G1 X105.2370 Y-198.6815
G0 X104.7333 Y-199.1852 F15000.0
G1 X105.1111 Y-202.1444 F12000.0
G1 X104.1037 Y-199.8148
G1 X103.8519 Y-203.5926
G1 X104.4815 Y-198.9333
G0 X103.1412 Y-204.8098 F15000.0
G1 X99.4183 Y-206.3519 F12000.0
G0 X99.8419 Y-207.3746 F15000.0
G1 X102.8668 Y-206.1217 F12000.0
G0 X99.6963 Y-214.0444 F15000.0
G1 X101.2074 Y-221.6000 F12000.0
G1 X101.7741 Y-217.0667
G1 X101.0185 Y-215.1778
G1 X100.8296 Y-219.4593
G1 X99.6963 Y-214.2963
G0 X108.0074 Y-222.6074 F15000.0
G1 X106.2444 Y-224.2444 F12000.0
G1 X107.3148 Y-224.0556
G1 X107.6926 Y-223.4889
G1 X108.1333 Y-224.1815
G1 X107.7556 Y-222.8593
G0 X110.0222 Y-222.8593 F15000.0
G1 X108.9519 Y-225.0630 F12000.0
G1 X110.4000 Y-224.5593
G1 X110.1481 Y-224.1185
G1 X110.7148 Y-224.4963
G1 X110.2741 Y-222.8593
G0 X106.2444 Y-228.1481 F15000.0
G1 X105.0481 Y-228.7778 F12000.0
G1 X106.0556 Y-230.3519
G1 X107.6926 Y-229.0926
G1 X106.8741 Y-229.0926
G1 X106.9370 Y-229.7222
G1 X105.1741 Y-228.7778
G1 X105.9926 Y-228.4000
G0 X125.3852 Y-233.6889 F15000.0
G1 X124.3778 Y-235.0111 F12000.0
G1 X125.8889 Y-236.5222
G1 X125.6370 Y-233.6889
G0 X126.3926 Y-234.9481 F15000.0
G1 X127.5889 Y-235.7667 F12000.0
G1 X127.6519 Y-237.4037
G1 X125.2593 Y-237.2778
G1 X126.7704 Y-235.9556
G1 X126.3926 Y-235.2000
G0 X126.6603 Y-241.9951 F15000.0
G1 X131.8248 Y-247.1596 F12000.0
G0 X130.9561 Y-248.0282 F15000.0
G1 X125.6135 Y-242.6857 F12000.0
G0 X124.3778 Y-248.5481 F15000.0
G1 X123.6222 Y-250.8148 F12000.0
G1 X124.0630 Y-249.9963
G1 X124.6296 Y-252.0741
G1 X124.5667 Y-251.5704
G1 X123.6222 Y-249.3037
G1 X126.5185 Y-251.0667
G1 X125.7000 Y-252.1370
G1 X125.8889 Y-252.5148
G1 X127.7778 Y-251.7593
G1 X126.4556 Y-248.9889
G1 X124.6296 Y-248.8000
G0 X121.3556 Y-247.0370 F15000.0
G1 X123.3074 Y-248.2963 F12000.0
G1 X121.9222 Y-251.9481
G1 X121.9222 Y-250.6259
G1 X119.9074 Y-252.8296
G1 X117.6407 Y-252.1370
G1 X117.2000 Y-252.7667
G1 X117.9556 Y-251.8852
G1 X121.1037 Y-251.8222
G1 X121.4185 Y-249.9333
G1 X119.8444 Y-251.0667
G1 X121.3556 Y-249.9333
G1 X121.1037 Y-247.0370
G0 X132.2027 Y-249.2748 F15000.0
G1 X136.1206 Y-253.1927 F12000.0
G0 X137.1486 Y-253.0405 F15000.0
G1 X159.9437 Y-230.2455 F12000.0
G0 X157.9635 Y-230.4024 F15000.0
G1 X147.9907 Y-240.3752 F12000.0
G0 X147.9042 Y-238.9159 F15000.0
G1 X146.8357 Y-237.8474 F12000.0
G0 X149.3071 Y-238.5815 F15000.0
G1 X145.0331 Y-234.3074 F12000.0
G0 X149.3111 Y-236.4593 F15000.0
G1 X153.9704 Y-237.4667 F12000.0
G1 X153.7815 Y-238.4111
G1 X150.9481 Y-238.0333
G1 X149.6259 Y-238.6000
G1 X150.5074 Y-237.2778
G1 X149.5630 Y-236.7111
G0 X151.3259 Y-239.2296 F15000.0
G1 X153.2778 Y-240.7407 F12000.0
G1 X154.9778 Y-239.9852
G1 X153.2148 Y-239.4185
G1 X154.4741 Y-240.3000
G1 X153.8444 Y-239.9852
G1 X152.9000 Y-240.4259
G1 X151.5778 Y-239.2296
G0 X150.7318 Y-240.0062 F15000.0
G1 X152.3346 Y-241.6090 F12000.0
G0 X138.9852 Y-251.5704 F15000.0
G1 X140.5593 Y-252.9556 F12000.0
G1 X139.1741 Y-252.7667
G1 X139.1741 Y-251.6333
G1 X138.4185 Y-252.6407
G1 X138.7333 Y-251.5704
G0 X137.7016 Y-253.0364 F15000.0
G1 X133.4276 Y-248.7623 F12000.0
G0 X135.2074 Y-245.0222 F15000.0
G1 X135.8370 Y-248.9889 F12000.0
G1 X135.4593 Y-245.0222
G0 X134.4519 Y-232.9333 F15000.0
G1 X134.8926 Y-234.2556 F12000.0
G1 X132.8148 Y-233.8778
G1 X134.2000 Y-232.6815
G0 X131.0078 Y-223.7569 F15000.0
G1 X130.2954 Y-223.0445 F12000.0
G0 X131.2987 Y-218.8357 F15000.0
G1 X130.5863 Y-218.1233 F12000.0
G0 X131.4550 Y-217.2547 F15000.0
G1 X132.8797 Y-218.6794 F12000.0
G0 X131.9333 Y-216.8148 F15000.0
G1 X130.9259 Y-219.3963 F12000.0
G1 X131.3037 Y-218.5778
G1 X129.9185 Y-218.0741
G1 X129.6037 Y-218.9556
G1 X132.0593 Y-218.2000
G1 X131.6815 Y-216.8148
G0 X131.9333 Y-214.8000 F15000.0
G1 X131.0519 Y-215.8704 F12000.0
G1 X132.5000 Y-215.3037
G1 X132.1222 Y-215.8074
G1 X132.8148 Y-215.4296
G1 X133.5074 Y-216.4370
G1 X135.2704 Y-216.4370
G1 X133.1296 Y-216.1852
G1 X132.1852 Y-214.8000
G0 X133.9481 Y-203.2148 F15000.0
G1 X134.1370 Y-204.3481 F12000.0
G1 X134.5148 Y-203.2778
G1 X133.8852 Y-205.2926
G1 X132.8148 Y-205.7963
G1 X133.9481 Y-205.0407
G1 X132.5630 Y-203.4037
G1 X133.5704 Y-203.7185
G1 X133.9481 Y-202.9630
G0 X135.2074 Y-199.1852 F15000.0
G1 X136.1519 Y-203.4037 F12000.0
G1 X135.5222 Y-203.7815
G1 X136.0889 Y-203.0259
G1 X135.2074 Y-202.3963
G1 X135.7111 Y-202.0815
G1 X134.7037 Y-199.8148
G1 X134.2630 Y-200.0037
G1 X135.2074 Y-198.9333
G0 X136.4667 Y-196.4148 F15000.0
G1 X135.9000 Y-198.7444 F12000.0
G1 X137.0963 Y-199.8778
G1 X137.6630 Y-198.8074
G1 X136.9074 Y-196.6667
G1 X137.6630 Y-197.1704
G1 X136.7185 Y-196.4148
G0 X137.7259 Y-193.6444 F15000.0
G1 X141.1889 Y-195.3444 F12000.0
G1 X142.0074 Y-196.4148
G1 X142.5741 Y-196.1000
G1 X140.9370 Y-195.4704
G1 X140.6222 Y-196.1000
G1 X138.6074 Y-194.6519
G1 X139.8667 Y-195.8481
G1 X137.4741 Y-193.3926
G0 X139.4889 Y-198.9333 F15000.0
G1 X139.4889 Y-200.0037 F12000.0
G1 X141.5037 Y-198.9963
G1 X139.7407 Y-198.9333
G0 X144.2741 Y-198.1778 F15000.0
G1 X143.2667 Y-200.7593 F12000.0
G1 X144.3370 Y-200.4444
G1 X146.1630 Y-200.8222
G1 X144.7148 Y-199.5630
G1 X145.1556 Y-199.3741
G1 X145.1556 Y-200.0667
G1 X145.4074 Y-201.5778
G1 X146.9185 Y-201.5778
G1 X146.7926 Y-199.5000
G1 X146.9815 Y-201.6407
G1 X145.9741 Y-203.1519
G1 X147.4222 Y-202.2704
G1 X145.6593 Y-202.9000
G1 X145.2185 Y-202.5222
G1 X143.3296 Y-204.9778
G1 X145.0926 Y-202.2704
G1 X142.3222 Y-203.9704
G1 X141.3778 Y-205.2296
G1 X139.1741 Y-206.6778
G1 X142.3222 Y-205.4185
G1 X139.1111 Y-206.0481
G1 X141.6926 Y-204.8519
G1 X139.2370 Y-202.5222
G1 X140.1185 Y-204.0333
G1 X140.6222 Y-203.7185
G1 X141.8815 Y-204.2222
G1 X141.8185 Y-203.3407
G1 X141.4407 Y-203.5926
G1 X142.7000 Y-203.2778
G1 X142.6370 Y-201.8926
G1 X143.3296 Y-202.9000
G1 X143.6444 Y-201.7037
G1 X143.3926 Y-202.2074
G1 X144.8407 Y-201.3259
G1 X142.8259 Y-200.5704
G1 X144.2741 Y-197.9259
G0 X146.0370 Y-195.6593 F15000.0
G1 X146.7296 Y-196.5407 F12000.0
G1 X148.8704 Y-196.0370
G1 X146.2889 Y-195.4074
G0 X148.0519 Y-200.1926 F15000.0
G1 X148.8704 Y-202.2074 F12000.0
G1 X145.9741 Y-203.8444
G1 X148.8074 Y-201.5778
G1 X148.0519 Y-200.4444
G0 X151.3259 Y-197.4222 F15000.0
G1 X149.8778 Y-198.6815 F12000.0
G1 X149.2481 Y-199.8778
G1 X148.3667 Y-199.5630
G1 X149.3111 Y-200.6333
G1 X148.8704 Y-200.8852
G1 X151.3259 Y-198.8074
G1 X152.9000 Y-198.5556
G1 X152.1444 Y-198.5556
G1 X151.5778 Y-197.4222
G0 X158.1259 Y-185.3333 F15000.0
G1 X159.4481 Y-186.4667 F12000.0
G1 X159.1963 Y-187.0963
G1 X159.7630 Y-187.2852
G1 X158.6926 Y-186.8444
G1 X158.1259 Y-185.0815
G0 X158.1190 Y-183.1110 F15000.0
G1 X154.5573 Y-179.5493 F12000.0
G0 X153.3325 Y-180.0618 F15000.0
G1 X155.4695 Y-182.1989 F12000.0
G0 X158.1259 Y-182.0593 F15000.0
G1 X158.5667 Y-183.8852 F12000.0
G1 X159.7000 Y-183.8852
G1 X158.0630 Y-182.5000
G1 X160.0778 Y-183.0037
G1 X158.3778 Y-182.0593
G0 X159.6783 Y-181.1956 F15000.0
G1 X157.1851 Y-178.7024 F12000.0
G0 X156.1111 Y-179.0370 F15000.0
G1 X158.4407 Y-179.4148 F12000.0
G1 X160.8963 Y-182.1852
G1 X163.2259 Y-182.9407
G1 X160.8333 Y-182.4370
G1 X156.6148 Y-179.1630
G1 X154.6000 Y-180.8630
G1 X157.4963 Y-181.8704
G1 X156.8667 Y-180.6111
G1 X157.1185 Y-181.9333
G1 X153.9704 Y-180.7370
G1 X152.9630 Y-181.4926
G1 X154.0963 Y-182.1222
G1 X155.4185 Y-182.5000
G1 X155.2926 Y-183.5074
G1 X157.1185 Y-185.1444
G1 X156.5519 Y-185.4593
G1 X156.3630 Y-186.5926
G1 X158.1259 Y-187.4111
G1 X157.1815 Y-187.0333
G1 X158.1259 Y-188.7333
G1 X156.6148 Y-189.9926
G1 X155.4185 Y-188.1667
G1 X158.0630 Y-188.7333
G1 X155.6074 Y-187.0333
G1 X155.7963 Y-185.7111
G1 X154.5370 Y-186.2778
G1 X153.8444 Y-184.7037
G1 X154.9778 Y-184.0741
G1 X155.1037 Y-185.0815
G1 X154.2852 Y-182.7519
G1 X152.2704 Y-181.4926
G1 X145.9111 Y-181.3667
G1 X147.3593 Y-180.9259
G1 X146.9815 Y-180.6741
G1 X149.0593 Y-180.2333
G1 X148.5556 Y-180.0444
G1 X149.1222 Y-181.1778
G1 X147.4222 Y-181.1778
G1 X150.1296 Y-181.9963
G1 X150.8852 Y-180.8630
G1 X149.6889 Y-179.5407
G1 X151.6407 Y-180.4222
G1 X150.9481 Y-181.9963
G1 X152.9630 Y-180.2333
G1 X154.0963 Y-180.6111
G1 X155.8593 Y-179.0370
G1 X160.4124 Y-183.6670 F12000.0
G0 X163.3746 Y-181.4172 F15000.0
G1 X162.3061 Y-180.3487 F12000.0
G0 X161.7719 Y-179.8144 F15000.0
G1 X160.1691 Y-178.2116 F12000.0
G0 X159.8347 Y-179.6146 F15000.0
G1 X158.0538 Y-177.8337 F12000.0
G0 X165.1778 Y-184.3259 F15000.0
G1 X162.4074 Y-187.4741 F12000.0
G1 X162.6593 Y-185.3333
G1 X162.8481 Y-184.7037
G1 X163.2259 Y-185.2704
G1 X161.3370 Y-185.7111
G1 X162.9111 Y-188.4815
G1 X162.7852 Y-189.6778
G1 X162.6593 Y-188.7333
G1 X163.4778 Y-188.7333
G1 X163.6037 Y-190.4963
G1 X160.4556 Y-190.6852
G1 X161.2111 Y-190.7481
G1 X161.2111 Y-190.1185
G1 X164.2333 Y-189.9926
G1 X163.1000 Y-187.4111
G1 X167.1926 Y-190.1815
G1 X166.4370 Y-190.3704
G1 X168.3259 Y-188.7333
G1 X167.5704 Y-191.2519
G1 X166.6889 Y-190.9370
G1 X171.6630 Y-192.4481
G1 X169.6481 Y-192.8259
G1 X171.9778 Y-192.7630
G1 X173.3000 Y-194.9037
G1 X170.9074 Y-194.8407
G1 X171.0963 Y-193.1407
G1 X170.1519 Y-194.5259
G1 X171.0963 Y-195.7852
G1 X173.6778 Y-195.0296
G1 X170.5296 Y-191.0630
G1 X171.5370 Y-189.8667
G1 X168.0111 Y-190.4963
G1 X174.2444 Y-189.9296
G1 X172.8593 Y-189.1741
G1 X173.1111 Y-188.7963
G1 X172.6704 Y-189.0481
G1 X171.4111 Y-188.2926
G1 X171.8519 Y-188.6704
G1 X170.0889 Y-187.4111
G1 X170.2778 Y-187.0333
G1 X167.5704 Y-187.7259
G1 X165.9333 Y-188.4815
G1 X163.6037 Y-186.5296
G1 X165.1778 Y-184.5778
G0 X167.4444 Y-185.5852 F15000.0
G1 X167.3185 Y-186.2148 F12000.0
G1 X169.5222 Y-186.8444
G1 X166.7519 Y-187.0333
G1 X167.6963 Y-185.3333
G0 X167.6963 Y-187.6000 F15000.0
G1 X170.7185 Y-188.3556 F12000.0
G1 X168.8296 Y-189.1741
G1 X168.7667 Y-188.2296
G1 X167.4444 Y-187.8519
G0 X169.2074 Y-183.0667 F15000.0
G3 X168.9556 Y-182.8148 I-1.1212 J-0.8694 F12000.0
G0 X149.5630 Y-165.4370 F15000.0
G1 X151.4519 Y-166.5074 F12000.0
G1 X152.7111 Y-166.1926
G1 X151.5778 Y-166.8852
G1 X149.3111 Y-165.1852
G0 X142.5111 Y-185.8370 F15000.0
G1 X142.9519 Y-186.6556 F12000.0
G1 X143.9593 Y-186.9074
G1 X143.7074 Y-185.9000
G1 X142.7630 Y-186.0889
G0 X129.4148 Y-188.3556 F15000.0
G1 X136.9704 Y-189.1741 F12000.0
G1 X136.1519 Y-193.2667
G1 X138.6704 Y-190.1815
G1 X140.8741 Y-191.1889
G1 X139.1111 Y-192.0074
G1 X142.4481 Y-192.0704
G1 X144.8407 Y-193.2667
G1 X143.2667 Y-191.8815
G1 X146.5407 Y-193.3926
G1 X144.2111 Y-194.2111
G1 X144.7148 Y-195.9741
G1 X144.7778 Y-194.6519
G1 X145.7852 Y-195.7222
G1 X146.3519 Y-194.9667
G1 X145.4074 Y-194.7148
G1 X146.1000 Y-194.4630
G1 X149.4370 Y-196.4148
G1 X149.5000 Y-197.8630
G1 X146.1630 Y-197.4222
G1 X147.4222 Y-197.8630
G1 X145.8481 Y-195.9111
G1 X143.7074 Y-196.2889
G1 X143.5815 Y-193.5185
G1 X142.5741 Y-194.5889
G1 X140.8741 Y-193.3926
G1 X142.2593 Y-193.9593
G1 X142.2593 Y-194.5889
G1 X143.5815 Y-193.4556
G1 X138.7333 Y-191.3148
G1 X140.7481 Y-190.9370
G1 X138.2296 Y-190.4333
G1 X135.5852 Y-194.7148
G1 X135.8370 Y-195.3444
G1 X135.2074 Y-195.4074
G1 X134.8296 Y-194.6519
G1 X133.1926 Y-195.7852
G1 X133.9481 Y-197.0444
G1 X133.5704 Y-199.8778
G1 X132.7519 Y-200.6333
G1 X133.5074 Y-201.2630
G1 X131.1778 Y-199.8148
G1 X130.4222 Y-200.5704
G1 X131.2407 Y-201.3259
G1 X130.5481 Y-202.0185
G1 X129.8556 Y-202.2074
G1 X130.7370 Y-202.7111
G1 X131.5556 Y-202.1444
G1 X131.4926 Y-203.0889
G1 X130.6111 Y-203.8444
G1 X129.9185 Y-205.4185
G1 X130.8000 Y-205.3556
G1 X128.7852 Y-205.6704
G1 X132.8778 Y-207.5593
G1 X132.5630 Y-208.2519
G1 X128.0296 Y-207.1185
G1 X127.7148 Y-205.2926
G1 X126.8333 Y-204.8519
G1 X128.6593 Y-205.4815
G1 X130.4852 Y-204.0963
G1 X129.7296 Y-202.5852
G1 X129.1630 Y-202.8370
G1 X129.7926 Y-200.8222
G1 X127.7778 Y-201.5778
G1 X128.7222 Y-201.0111
G1 X126.8963 Y-200.2556
G1 X129.1630 Y-200.8852
G1 X130.2333 Y-200.9481
G1 X131.6185 Y-199.1222
G1 X127.9667 Y-195.9741
G1 X130.2333 Y-196.2259
G1 X125.1963 Y-194.5889
G1 X126.1407 Y-193.7074
G1 X123.8111 Y-192.7630
G1 X125.1963 Y-192.1963
G1 X124.8185 Y-191.8185
G1 X125.7630 Y-192.0074
G1 X124.9444 Y-191.1259
G1 X130.4852 Y-196.6037
G1 X131.3667 Y-198.3037
G1 X131.9333 Y-195.4704
G1 X131.4296 Y-193.3296
G1 X132.3741 Y-193.3296
G1 X131.7444 Y-199.8148
G1 X133.5074 Y-199.2481
G1 X133.1296 Y-189.8037
G1 X133.2556 Y-192.7000
G1 X135.0185 Y-193.7704
G1 X135.3963 Y-194.4000
G1 X137.2852 Y-189.4889
G1 X132.0593 Y-188.5444
G1 X129.1630 Y-188.3556
G0 X127.4173 Y-191.6642 F15000.0
G1 X125.4583 Y-193.6231 F12000.0
G0 X147.8000 Y-140.2519 F15000.0
G1 X147.1704 Y-142.5815 F12000.0
G1 X148.4296 Y-141.3222
G1 X148.4926 Y-140.6296
G1 X148.9963 Y-140.6296
G1 X148.0519 Y-140.2519
G0 X148.0519 Y-136.7259 F15000.0
G1 X147.4852 Y-137.1037 F12000.0
G1 X148.3667 Y-137.1667
G1 X149.1222 Y-140.0630
G1 X148.3037 Y-136.7259
G0 X143.2667 Y-131.6889 F15000.0
G1 X139.4889 Y-134.6481 F12000.0
G1 X140.3704 Y-133.2000
G1 X140.1815 Y-134.1444
G1 X141.2519 Y-132.5074
G1 X143.2667 Y-131.4370
G0 X138.9852 Y-127.6593 F15000.0
G1 X138.6074 Y-130.7444 F12000.0
G1 X139.3630 Y-130.9333
G1 X138.2296 Y-131.3111
G1 X139.2370 Y-131.6259
G1 X138.0407 Y-130.6815
G1 X138.7333 Y-127.6593
G0 X138.9852 Y-122.3704 F15000.0
G1 X140.0556 Y-123.1889 F12000.0
G1 X137.0963 Y-124.2593
G1 X139.9926 Y-126.5889
G1 X137.7889 Y-123.8815
G1 X138.9852 Y-122.1185
G0 X138.4815 Y-106.7556 F15000.0
G1 X139.9926 Y-106.8185 F12000.0
G1 X137.9148 Y-107.6370
G1 X138.1037 Y-108.2667
G1 X137.6630 Y-107.7630
G1 X137.4741 Y-108.2667
G1 X138.2296 Y-106.7556
G0 X137.4741 Y-100.4593 F15000.0
G1 X138.6704 Y-101.7815 F12000.0
G1 X139.0481 Y-102.1593
G1 X140.5593 Y-100.8370
G1 X142.1333 Y-103.1037
G1 X147.1074 Y-101.8444
G1 X141.6296 Y-102.3481
G1 X139.3630 Y-101.4037
G1 X138.4815 Y-103.1667
G1 X137.7259 Y-100.6481
G1 X133.5704 Y-103.1667
G1 X135.2074 Y-103.1667
G1 X134.7667 Y-102.9778
G1 X135.5222 Y-103.1667
G1 X132.3741 Y-102.8519
G1 X137.2222 Y-100.4593
G0 X165.1778 Y-125.8963 F15000.0
G1 X163.2259 Y-126.9667 F12000.0
G1 X161.8407 Y-126.7778
G1 X162.4074 Y-128.9185
G1 X166.0593 Y-127.9111
G1 X165.0519 Y-127.9741
G1 X162.0926 Y-128.1000
G1 X162.2815 Y-126.5259
G1 X164.1074 Y-126.8407
G1 X165.4296 Y-125.8963
G0 X162.1556 Y-129.6741 F15000.0
G1 X164.1074 Y-130.7444 F12000.0
G1 X161.7778 Y-130.8704
G1 X164.9889 Y-129.7370
G1 X161.9037 Y-129.6741
G0 X173.5232 Y-116.2779 F15000.0
G1 X174.6866 Y-116.7598 F12000.0
G0 X137.7259 Y-51.8519 F15000.0
G1 X134.5148 Y-52.6704 F12000.0
G1 X131.8704 Y-55.0000
G1 X131.4926 Y-54.4963
G1 X129.7296 Y-55.3148
G1 X131.5556 Y-53.9296
G1 X132.8778 Y-53.8037
G1 X135.5222 Y-52.1667
G1 X137.7259 Y-51.6000
G0 X48.6092 Y-48.0327 F15000.0
G1 X41.6638 Y-54.9781 F12000.0
G0 X65.2042 Y-236.1346 F15000.0
G1 X82.1224 Y-253.0527 F12000.0
G0 X45.6194 Y-250.4370 F15000.0
G1 X45.6194 Y-248.6741 F12000.0
G0 X41.7704 Y-250.0593 F15000.0
G3 X41.5185 Y-250.3111 I0.9244 J-1.1763 F12000.0
