$X
$1=255
G21
G90
G92 Z4.0000
G0 Z0.0000 F800.0
G4 P0.02
G92 Z0.0000
G0 Z0.0000 F800.0
G4 P0.02
G92 Z0.0000
G0 Z0.0000 F800.0
G0 X0.0000 Y0.0000 F15000.0
G21
G90
G17
G91.1
G0 Z0.0000
G0 X0.0000 Y-288.0419 F15000.0
G1 Z11.9000 F2500.0
G4 P0.02
G1 X171.0539 Y-288.0419 F12000.0
G1 Z0.0000 F2500.0
G4 P0.02
G0 X10.6797 Y-276.8319 F15000.0
G1 Z11.9000 F2500.0
G4 P0.02
G1 X9.8409 Y-276.7759 F12000.0
G1 Z0.0000 F2500.0
G4 P0.02
G0 X10.7355 Y-276.6637 F15000.0
G1 Z11.9000 F2500.0
G4 P0.02
G1 X10.7462 Y-276.7860 F12000.0
G1 X10.8310 Y-277.1022
G1 X10.8473 Y-277.2243
G1 X10.8628 Y-278.0875
G1 X10.8480 Y-280.0024
G1 X10.8662 Y-280.1530
G1 X10.9456 Y-280.4972
G1 X10.9605 Y-280.6497
G1 X10.9502 Y-280.7985
G1 X10.9041 Y-281.0881
G1 X10.8957 Y-281.2432
G1 X10.9054 Y-281.4319
G1 X10.9561 Y-281.8917
G1 X10.9535 Y-282.1282
G1 X10.9260 Y-282.2725
G1 X10.8844 Y-282.3855
G1 X10.8221 Y-282.4965
G1 X10.7355 Y-282.6054
G1 X10.8557 Y-282.7015
G1 X10.9937 Y-282.7699
G1 X11.0726 Y-282.7887
G1 X11.1762 Y-282.7940
G1 X11.6702 Y-282.7203
G1 X12.6028 Y-282.7133
G1 X24.2954 Y-282.7176
G1 X25.6210 Y-282.7386
G1 X26.1392 Y-282.7123
G1 X26.4162 Y-282.6279
G1 X26.5321 Y-282.6121
G1 X26.6496 Y-282.6262
G1 X26.9319 Y-282.7041
G1 X27.0522 Y-282.7105
G1 X27.5586 Y-282.6048
G1 X27.8617 Y-282.5788
G1 X28.0488 Y-282.5983
G1 X28.1830 Y-282.6468
G1 X28.2884 Y-282.7314
G1 X28.3463 Y-282.8296
G1 Z0.0000 F2500.0
G4 P0.02
G0 X30.3589 Y-276.7759 F15000.0
G1 Z11.9000 F2500.0
G4 P0.02
G1 X30.1353 Y-275.9911 F12000.0
G1 X30.5825 Y-275.9911
G1 X30.7658 Y-276.2761
G1 X30.9739 Y-276.7199
G1 Z0.0000 F2500.0
G4 P0.02
G0 X35.1670 Y-276.1593 F15000.0
G1 Z11.9000 F2500.0
G4 P0.02
G1 X35.3619 Y-276.1620 F12000.0
G1 X35.4456 Y-276.1739
G1 X35.4963 Y-276.1896
G1 X35.5643 Y-276.2285
G1 X35.6041 Y-276.2674
G1 X35.6394 Y-276.3184
G1 X35.6701 Y-276.3834
G1 X35.7260 Y-276.1593
G1 X35.8969 Y-276.1577
G1 X35.9826 Y-276.1398
G1 X36.0456 Y-276.1141
G1 X36.0878 Y-276.0816
G1 X36.1115 Y-276.0433
G1 X36.1187 Y-276.0000
G1 X36.1039 Y-275.9279
G1 X36.0078 Y-275.7691
G1 X35.7257 Y-275.4382
G1 X35.6913 Y-275.3548
G1 X35.6429 Y-275.1829
G1 X35.4868 Y-274.8973
G1 X35.2725 Y-274.5657
G1 X35.2023 Y-274.4973
G1 X35.0956 Y-274.4180
G1 X35.0453 Y-274.3622
G1 X35.0110 Y-274.2780
G1 X34.9992 Y-274.1974
G1 X35.3347 Y-274.5337
G1 X36.2292 Y-274.2534
G1 Z0.0000 F2500.0
G4 P0.02
G0 X15.0963 Y-271.7871 F15000.0
G1 Z11.9000 F2500.0
G4 P0.02
G1 X14.5776 Y-271.1580 F12000.0
G1 X14.3244 Y-270.3298
G1 X13.8663 Y-269.4888
G1 Z0.0000 F2500.0
G4 P0.02
G0 X15.2081 Y-269.2647 F15000.0
G1 Z11.9000 F2500.0
G4 P0.02
G1 X15.2088 Y-269.9071 F12000.0
G1 X15.1469 Y-270.2453
G1 X15.2140 Y-270.8612
G1 X15.2180 Y-271.1405
G1 X15.1967 Y-271.2901
G1 X15.1631 Y-271.4052
G1 X15.1118 Y-271.5151
G1 X15.0404 Y-271.6189
G1 Z0.0000 F2500.0
G4 P0.02
G0 X16.1026 Y-271.7311 F15000.0
G1 Z11.9000 F2500.0
G4 P0.02
G1 X16.1212 Y-272.2309 F12000.0
G1 X16.3262 Y-272.7961
G1 Z0.0000 F2500.0
G4 P0.02
G0 X16.9971 Y-272.7961 F15000.0
G1 Z11.9000 F2500.0
G4 P0.02
G1 X16.7921 Y-272.2309 F12000.0
G1 X16.5498 Y-271.5069
G1 Z0.0000 F2500.0
G4 P0.02
G0 X20.1280 Y-275.7108 F15000.0
G1 Z11.9000 F2500.0
G4 P0.02
G1 X20.1216 Y-274.5337 F12000.0
G1 X20.0177 Y-274.1414
G1 X20.0145 Y-272.4598
G1 X19.9106 Y-272.0674
G1 X19.9028 Y-271.2266
G1 X19.7986 Y-270.8343
G1 X19.7925 Y-269.6011
G1 X19.6465 Y-268.3679
G1 X19.6434 Y-267.7139
G1 X20.5752 Y-267.6376
G1 X21.2461 Y-267.6329
G1 X21.6374 Y-267.5287
G1 X23.0910 Y-267.5270
G1 Z0.0000 F2500.0
G4 P0.02
G0 X21.1433 Y-270.5813 F15000.0
G1 Z11.9000 F2500.0
G4 P0.02
G1 X21.2770 Y-270.9166 F12000.0
G1 X21.3880 Y-271.1202
G1 X21.5215 Y-271.2779
G1 X21.6195 Y-271.3569
G1 X21.7057 Y-271.4103
G1 X21.7609 Y-271.4338
G1 X21.8495 Y-271.4490
G1 X22.0016 Y-271.4272
G1 X22.0885 Y-271.3897
G1 X22.1665 Y-271.3371
G1 X22.2651 Y-271.2222
G1 X22.3049 Y-271.1159
G1 X22.3197 Y-270.9999
G1 X22.3081 Y-270.3046
G1 X22.2669 Y-270.1625
G1 X22.1401 Y-269.9625
G1 X22.1033 Y-269.8813
G1 X22.0870 Y-269.7904
G1 X22.0793 Y-269.6053
G1 X22.0301 Y-269.4487
G1 X21.9390 Y-269.2611
G1 X21.8375 Y-269.0919
G1 X21.6991 Y-268.8996
G1 X21.5696 Y-268.7520
G1 X21.4579 Y-268.6491
G1 X21.3461 Y-268.5712
G1 X21.2348 Y-268.5226
G1 X21.1064 Y-268.5002
G1 X20.9613 Y-268.5221
G1 X20.8853 Y-268.5587
G1 X20.8193 Y-268.6108
G1 X20.7649 Y-268.6764
G1 X20.7236 Y-268.7541
G1 X20.6969 Y-268.8418
G1 X20.6862 Y-268.9379
G1 X20.6931 Y-269.0405
G1 X20.7255 Y-269.2247
G1 X20.8170 Y-269.6171
G1 X20.9426 Y-270.0308
G1 X21.0990 Y-270.4662
G1 X21.1433 Y-270.5813
G1 Z0.0000 F2500.0
G4 P0.02
G0 X22.0847 Y-274.1414 F15000.0
G1 Z11.9000 F2500.0
G4 P0.02
G1 X21.3020 Y-274.3095 F12000.0
G1 X21.8153 Y-275.0249
G1 X22.0731 Y-275.4263
G1 X22.1242 Y-275.5358
G1 X22.1502 Y-275.6244
G1 X22.1566 Y-275.7120
G1 X22.1351 Y-275.7925
G1 X22.0875 Y-275.8533
G1 X22.0241 Y-275.8962
G1 X21.9463 Y-275.9266
G1 X21.8576 Y-275.9463
G1 X21.6238 Y-275.9607
G1 X21.1342 Y-275.9350
G1 Z0.0000 F2500.0
G4 P0.02
G0 X28.4580 Y-275.2063 F15000.0
G1 Z11.9000 F2500.0
G4 P0.02
G1 X28.4544 Y-275.5715 F12000.0
G1 X28.4684 Y-275.7984
G1 X28.5049 Y-275.9848
G1 X28.5746 Y-276.1522
G1 X28.6692 Y-276.2732
G1 X28.7215 Y-276.3163
G1 X28.8047 Y-276.3623
G1 X28.8620 Y-276.3808
G1 X28.9477 Y-276.3911
G1 X29.0300 Y-276.3811
G1 X29.1052 Y-276.3511
G1 X29.1697 Y-276.3021
G1 X29.2199 Y-276.2346
G1 X29.2520 Y-276.1494
G1 X29.2626 Y-276.0471
G1 X29.2518 Y-275.7863
G1 X29.2266 Y-275.5968
G1 X29.1869 Y-275.4456
G1 X29.1244 Y-275.3119
G1 X29.0296 Y-275.2039
G1 X28.9212 Y-275.1544
G1 X28.8025 Y-275.1463
G1 X28.4941 Y-275.1779
G1 X28.4070 Y-275.1679
G1 X28.3526 Y-275.1487
G1 X28.2842 Y-275.0990
G1 X28.2299 Y-275.0289
G1 X28.1879 Y-274.9493
G1 X28.1476 Y-274.8395
G1 X28.1114 Y-274.5059
G1 X28.0108 Y-274.1242
G1 X28.0044 Y-274.0357
G1 X28.0152 Y-273.9491
G1 X28.0652 Y-273.8380
G1 X28.1468 Y-273.7536
G1 X28.2466 Y-273.7029
G1 X28.3927 Y-273.6774
G1 X28.5201 Y-273.6830
G1 X28.6516 Y-273.7083
G1 X28.7818 Y-273.7501
G1 X28.9351 Y-273.8204
G1 X29.0683 Y-273.9050
G1 X29.1538 Y-273.9788
G1 X29.2203 Y-274.0621
G1 X29.2799 Y-274.1730
G1 X29.3191 Y-274.2894
G1 X29.3394 Y-274.4095
G1 X29.3422 Y-274.5315
G1 X29.3234 Y-274.6840
G1 X29.2921 Y-274.8040
G1 X29.2353 Y-274.9486
G1 X29.1614 Y-275.0838
G1 X29.0731 Y-275.2063
G1 Z0.0000 F2500.0
G4 P0.02
G0 X31.3653 Y-272.8521 F15000.0
G1 Z11.9000 F2500.0
G4 P0.02
G1 X31.2534 Y-270.1616 F12000.0
G1 X31.2534 Y-269.1526
G1 X31.2348 Y-268.6481
G1 X30.6556 Y-268.0642
G1 X30.0235 Y-267.4508
G1 X29.3526 Y-267.5038
G1 X28.6817 Y-267.3542
G1 X28.2904 Y-267.4149
G1 Z0.0000 F2500.0
G4 P0.02
G0 X30.7658 Y-273.3955 F15000.0
G1 Z11.9000 F2500.0
G4 P0.02
G1 X30.5888 Y-273.7473 F12000.0
G1 X31.0982 Y-274.3251
G1 X31.4212 Y-274.3656
G1 X31.8498 Y-274.3251
G1 X31.9305 Y-274.0292
G1 X31.9415 Y-273.4688
G1 X31.7550 Y-273.0218
G1 X31.1417 Y-273.0016
G1 X30.8466 Y-273.0950
G1 X30.7658 Y-273.3955
G1 Z0.0000 F2500.0
G4 P0.02
G0 X34.2166 Y-276.2714 F15000.0
G1 Z11.9000 F2500.0
G4 P0.02
G1 X34.2151 Y-274.9261 F12000.0
G1 X34.1047 Y-274.4216
G1 X34.0985 Y-272.9643
G1 X33.9944 Y-272.5718
G1 X33.9930 Y-270.7220
G1 X33.8826 Y-270.2176
G1 X33.8795 Y-268.7602
G1 X33.7708 Y-268.3118
G1 X33.7631 Y-267.1907
G1 X33.6590 Y-266.7983
G1 X33.6559 Y-265.1729
G1 X33.5519 Y-264.7804
G1 X33.4898 Y-263.6594
G1 Z0.0000 F2500.0
G4 P0.02
G0 X36.7932 Y-270.0182 F15000.0
G1 Z11.9000 F2500.0
G4 P0.02
G1 X36.8006 Y-269.7436 F12000.0
G1 X36.7892 Y-269.6265
G1 X36.7696 Y-269.5450
G1 X36.7174 Y-269.4117
G1 X36.6474 Y-269.2777
G1 X36.5617 Y-269.1461
G1 X36.4626 Y-269.0200
G1 X36.3520 Y-268.9027
G1 X36.2321 Y-268.7972
G1 X36.1050 Y-268.7066
G1 X35.9729 Y-268.6340
G1 X35.8650 Y-268.5911
G1 X35.7650 Y-268.5682
G1 X35.6737 Y-268.5752
G1 X35.6017 Y-268.6115
G1 X35.5633 Y-268.6492
G1 X35.5185 Y-268.7219
G1 X35.4868 Y-268.8091
G1 X35.4614 Y-268.9379
G1 X35.4466 Y-269.2904
G1 X35.4713 Y-269.6015
G1 X35.5312 Y-269.9111
G1 X35.6286 Y-270.2228
G1 X35.7495 Y-270.4869
G1 X35.9033 Y-270.7183
G1 X36.0684 Y-270.8834
G1 X36.1614 Y-270.9479
G1 X36.2362 Y-270.9835
G1 X36.3422 Y-271.0008
G1 X36.4811 Y-270.9995
G1 X36.5851 Y-270.9807
G1 X36.6870 Y-270.9313
G1 X36.7241 Y-270.8972
G1 X36.7649 Y-270.8359
G1 X36.8005 Y-270.7103
G1 X36.8075 Y-270.5624
G1 X36.7904 Y-270.0772
G1 X36.7932 Y-270.0182
G1 Z0.0000 F2500.0
G4 P0.02
G0 X47.5869 Y-241.2615 F15000.0
G1 Z11.9000 F2500.0
G4 P0.02
G1 X47.5105 Y-240.4761 F12000.0
G1 X46.7249 Y-240.3995
G1 X0.0588 Y-240.3995
G1 Z0.0000 F2500.0
G4 P0.02
G0 X3.8518 Y-244.8822 F15000.0
G1 Z11.9000 F2500.0
G4 P0.02
G1 X3.8518 Y-275.7439 F12000.0
G1 X3.8710 Y-276.5421
G1 X4.4202 Y-276.7048
G1 X4.7315 Y-277.1391
G1 X5.0013 Y-277.2173
G1 X5.4020 Y-277.5254
G1 X5.6973 Y-277.8879
G1 X6.4253 Y-278.4035
G1 X6.7956 Y-278.7483
G1 X7.1150 Y-278.8649
G1 X8.5421 Y-280.3240
G1 X8.8965 Y-280.4740
G1 X10.1386 Y-281.7097
G1 X10.4162 Y-281.9666
G1 X10.7292 Y-282.0848
G1 X10.9782 Y-282.4679
G1 X10.8786 Y-282.5204
G1 X10.7399 Y-282.5678
G1 X10.5884 Y-282.5979
G1 X10.3946 Y-282.6155
G1 X10.0912 Y-282.6152
G1 X9.4825 Y-282.5835
G1 X7.9798 Y-282.5535
G1 X7.3176 Y-282.5537
G1 X6.6935 Y-282.5881
G1 X6.3600 Y-282.6829
G1 X6.2344 Y-282.6968
G1 X6.0833 Y-282.6774
G1 X5.7884 Y-282.5981
G1 X5.6335 Y-282.5828
G1 X5.4368 Y-282.6026
G1 X4.8576 Y-282.7047
G1 X4.5669 Y-282.7199
G1 X4.4450 Y-282.7065
G1 X4.3300 Y-282.6764
G1 X4.2238 Y-282.6268
G1 X4.1509 Y-282.5749
G1 X4.0848 Y-282.5092
G1 X4.0261 Y-282.4282
G1 X3.9855 Y-282.3453
G1 X3.9656 Y-282.2590
G1 X3.9585 Y-282.1350
G1 X3.9784 Y-281.2651
G1 X3.9699 Y-280.9207
G1 X3.9496 Y-280.7645
G1 X3.8572 Y-280.4309
G1 X3.8260 Y-279.9914
G1 X3.8102 Y-279.5174
G1 X3.8077 Y-279.0085
G1 X3.8518 Y-276.7209
G1 Z0.0000 F2500.0
G4 P0.02
G0 X10.9033 Y-267.8633 F15000.0
G1 Z11.9000 F2500.0
G4 P0.02
G1 X12.5246 Y-267.8617 F12000.0
G1 X12.9718 Y-267.7528
G1 X15.2640 Y-267.7513
G1 Z0.0000 F2500.0
G4 P0.02
G0 X12.0773 Y-264.7244 F15000.0
G1 Z11.9000 F2500.0
G4 P0.02
G1 X11.7046 Y-264.1638 F12000.0
G1 X10.9591 Y-262.5944
G1 Z0.0000 F2500.0
G4 P0.02
G0 X11.3505 Y-263.3231 F15000.0
G1 Z11.9000 F2500.0
G4 P0.02
G1 X11.6300 Y-263.2110 F12000.0
G1 Z0.0000 F2500.0
G4 P0.02
G0 X12.1890 Y-262.7065 F15000.0
G1 Z11.9000 F2500.0
G4 P0.02
G1 X12.2199 Y-263.4486 F12000.0
G1 X12.2172 Y-263.6408
G1 X12.2008 Y-263.8280
G1 X12.1657 Y-264.0063
G1 X12.1189 Y-264.1453
G1 X12.0530 Y-264.2733
G1 X11.9654 Y-264.3881
G1 Z0.0000 F2500.0
G4 P0.02
G0 X13.1954 Y-264.7804 F15000.0
G1 Z11.9000 F2500.0
G4 P0.02
G1 X13.4005 Y-265.1183 F12000.0
G1 X13.4191 Y-265.6213
G1 Z0.0000 F2500.0
G4 P0.02
G0 X15.9908 Y-264.3881 F15000.0
G1 Z11.9000 F2500.0
G4 P0.02
G1 X16.1036 Y-264.2948 F12000.0
G1 X16.4152 Y-264.0750
G1 X16.4768 Y-264.0170
G1 X16.5215 Y-263.9573
G1 X16.5549 Y-263.8523
G1 X16.5690 Y-263.6855
G1 X16.5590 Y-263.4836
G1 X16.5256 Y-263.3091
G1 X16.4861 Y-263.2204
G1 X16.4135 Y-263.1297
G1 X16.3465 Y-263.0796
G1 X16.2438 Y-263.0330
G1 X16.1296 Y-263.0052
G1 X15.9777 Y-262.9896
G1 X15.6793 Y-262.9849
G1 X15.5651 Y-263.0015
G1 X15.5143 Y-263.0244
G1 X15.4705 Y-263.0615
G1 X15.4250 Y-263.1271
G1 X15.3901 Y-263.2061
G1 X15.3509 Y-263.3923
G1 X15.3545 Y-263.6293
G1 X15.3970 Y-263.8213
G1 X15.4735 Y-263.9777
G1 X15.5486 Y-264.0587
G1 X15.7795 Y-264.2413
G1 X15.8833 Y-264.3426
G1 X15.9482 Y-264.4418
G1 X15.9939 Y-264.5830
G1 X16.0121 Y-264.7898
G1 X15.9896 Y-265.2220
G1 X15.9923 Y-265.3970
G1 X16.0149 Y-265.5119
G1 X16.0915 Y-265.7605
G1 X16.1219 Y-266.0877
G1 X16.1242 Y-266.4258
G1 X16.1026 Y-267.1907
G1 Z0.0000 F2500.0
G4 P0.02
G0 X16.2094 Y-267.6002 F15000.0
G1 Z11.9000 F2500.0
G4 P0.02
G1 X16.1669 Y-267.4690 F12000.0
G1 X16.0555 Y-267.3878
G1 X15.9179 Y-267.3878
G1 X15.8065 Y-267.4690
G1 X15.7639 Y-267.6002
G1 X15.8065 Y-267.7314
G1 X15.9179 Y-267.8126
G1 X16.0555 Y-267.8126
G1 X16.1669 Y-267.7314
G1 X16.2094 Y-267.6002
G1 Z0.0000 F2500.0
G4 P0.02
G0 X16.7176 Y-267.6392 F15000.0
G1 Z11.9000 F2500.0
G4 P0.02
G1 X17.3325 Y-267.7279 F12000.0
G1 X17.6121 Y-267.6453
G1 X19.6248 Y-267.6392
G1 X19.5688 Y-267.5832
G1 X19.5627 Y-266.5742
G1 X19.4585 Y-266.1818
G1 X19.4570 Y-263.6594
G1 Z0.0000 F2500.0
G4 P0.02
G0 X20.4634 Y-263.4351 F15000.0
G1 Z11.9000 F2500.0
G4 P0.02
G1 X20.8021 Y-263.4277 F12000.0
G1 X20.9205 Y-263.4397
G1 X21.0033 Y-263.4616
G1 X21.0791 Y-263.4981
G1 X21.1459 Y-263.5528
G1 X21.2020 Y-263.6288
G1 X21.2515 Y-263.7422
G1 X21.2639 Y-263.8245
G1 X21.2543 Y-263.8790
G1 X21.2258 Y-263.9335
G1 X21.1889 Y-263.9742
G1 X21.0907 Y-264.0374
G1 X20.7901 Y-264.1571
G1 X20.6870 Y-264.2199
G1 X20.9665 Y-265.2289
G1 Z0.0000 F2500.0
G4 P0.02
G0 X21.8611 Y-265.1729 F15000.0
G1 Z11.9000 F2500.0
G4 P0.02
G1 X21.8514 Y-265.0168 F12000.0
G1 X21.8237 Y-264.8663
G1 X21.7796 Y-264.7211
G1 X21.7075 Y-264.5539
G1 X21.6172 Y-264.3943
G1 X21.5118 Y-264.2424
G1 X21.3945 Y-264.0983
G1 X21.2461 Y-263.9397
G1 Z0.0000 F2500.0
G4 P0.02
G0 X26.3337 Y-266.7983 F15000.0
G1 Z11.9000 F2500.0
G4 P0.02
G1 X26.8927 Y-267.7513 F12000.0
G1 X26.8368 Y-267.3589
G1 X27.0045 Y-266.7983
G1 Z0.0000 F2500.0
G4 P0.02
G0 X26.5573 Y-268.3118 F15000.0
G1 Z11.9000 F2500.0
G4 P0.02
G1 X26.9501 Y-267.7761 F12000.0
G1 X27.2840 Y-267.9693
G1 X27.6754 Y-268.3118
G1 Z0.0000 F2500.0
G4 P0.02
G0 X29.1963 Y-282.4679 F15000.0
G1 Z11.9000 F2500.0
G4 P0.02
G1 X42.7594 Y-282.4679 F12000.0
G1 X43.7875 Y-282.3913
G1 X43.9088 Y-281.8357
G1 X43.9266 Y-280.5714
G1 X44.0220 Y-279.7093
G1 X43.9617 Y-279.3645
G1 X44.0238 Y-277.8703
G1 X44.0255 Y-265.6865
G1 X44.1145 Y-265.2842
G1 X44.0255 Y-264.9394
G1 X44.0238 Y-262.9280
G1 X44.1145 Y-262.3532
G1 X44.0300 Y-262.0659
G1 X44.0255 Y-260.4567
G1 X44.1386 Y-259.9395
G1 X44.0238 Y-258.9625
G1 X44.0255 Y-257.4682
G1 X44.1369 Y-257.0085
G1 X44.0238 Y-256.4338
G1 X44.0300 Y-255.1119
G1 X44.1386 Y-254.6522
G1 X44.1386 Y-246.0316
G1 X44.0300 Y-245.5719
G1 X44.0238 Y-244.9397
G1 Z0.0000 F2500.0
G4 P0.02
G0 X29.9676 Y-265.3970 F15000.0
G1 Z11.9000 F2500.0
G4 P0.02
G1 X30.1114 Y-265.3982 F12000.0
G1 X30.2187 Y-265.3772
G1 X30.2990 Y-265.3323
G1 X30.3392 Y-265.2703
G1 X30.3482 Y-265.2212
G1 X30.3417 Y-265.1391
G1 X30.2621 Y-264.8668
G1 X30.2438 Y-264.7518
G1 X30.2626 Y-264.6064
G1 X30.3458 Y-264.3385
G1 X30.3718 Y-264.2179
G1 X30.3726 Y-264.0969
G1 X30.3354 Y-263.9761
G1 X30.2661 Y-263.8751
G1 X30.1550 Y-263.7790
G1 X30.0211 Y-263.7072
G1 X29.8718 Y-263.6568
G1 X29.6512 Y-263.6158
G1 X29.4067 Y-263.6014
G1 X29.2324 Y-263.6090
G1 X29.0853 Y-263.6516
G1 X28.9933 Y-263.7153
G1 X28.9359 Y-263.8062
G1 X28.9238 Y-263.8623
G1 X28.9245 Y-263.9254
G1 X28.9611 Y-264.0531
G1 X29.0039 Y-264.1311
G1 X29.1788 Y-264.3795
G1 X29.2096 Y-264.4636
G1 X29.2862 Y-264.7794
G1 X29.4894 Y-265.1942
G1 X29.5851 Y-265.3072
G1 X29.8297 Y-265.4905
G1 X29.8824 Y-265.5605
G1 X29.9117 Y-265.6213
G1 Z0.0000 F2500.0
G4 P0.02
G0 X29.3526 Y-264.8925 F15000.0
G1 Z11.9000 F2500.0
G4 P0.02
G1 X29.4322 Y-264.8350 F12000.0
G1 X29.5128 Y-264.7917
G1 X29.5947 Y-264.7608
G1 X29.6780 Y-264.7402
G1 X29.8503 Y-264.7222
G1 X30.1913 Y-264.7244
G1 Z0.0000 F2500.0
G4 P0.02
G0 X30.2471 Y-267.5270 F15000.0
G1 Z11.9000 F2500.0
G4 P0.02
G1 X30.3132 Y-267.4007 F12000.0
G1 X30.4634 Y-267.0433
G1 X30.5401 Y-266.9073
G1 X30.5944 Y-266.8384
G1 X30.6570 Y-266.7828
G1 X30.7079 Y-266.7571
G1 X30.7955 Y-266.7409
G1 X31.0089 Y-266.7428
G1 X31.1395 Y-266.7561
G1 X31.2567 Y-266.7858
G1 X31.3881 Y-266.8431
G1 X31.4843 Y-266.9029
G1 X31.5970 Y-266.9914
G1 X31.9802 Y-267.3589
G1 Z0.0000 F2500.0
G4 P0.02
G0 X31.7007 Y-265.8455 F15000.0
G1 Z11.9000 F2500.0
G4 P0.02
G1 X31.4368 Y-265.5138 F12000.0
G1 X31.2534 Y-265.2289
G1 Z0.0000 F2500.0
G4 P0.02
G0 X32.7630 Y-266.0697 F15000.0
G1 Z11.9000 F2500.0
G4 P0.02
G1 X33.0426 Y-266.0697 F12000.0
G1 Z0.0000 F2500.0
G4 P0.02
G0 X35.4465 Y-265.8455 F15000.0
G1 Z11.9000 F2500.0
G4 P0.02
G1 X35.4279 Y-265.1183 F12000.0
G1 X35.2290 Y-264.7790
G1 X35.2973 Y-264.4286
G1 X36.0056 Y-264.3881
G1 X35.9692 Y-264.2518
G1 X35.9137 Y-264.1382
G1 X35.8410 Y-264.0453
G1 X35.7536 Y-263.9716
G1 X35.6532 Y-263.9151
G1 X35.5133 Y-263.8662
G1 X35.3605 Y-263.8383
G1 X35.1670 Y-263.8276
G1 Z0.0000 F2500.0
G4 P0.02
G0 X36.0056 Y-264.3881 F15000.0
G1 Z11.9000 F2500.0
G4 P0.02
G1 X36.3007 Y-264.6185 F12000.0
G1 X36.3411 Y-265.6213
G1 Z0.0000 F2500.0
G4 P0.02
G0 X47.5563 Y-288.0419 F15000.0
G1 Z11.9000 F2500.0
G4 P0.02
G1 X47.5563 Y-240.4850 F12000.0
G1 Z0.0000 F2500.0
G4 P0.02
G0 X12.7482 Y-259.6235 F15000.0
G1 Z11.9000 F2500.0
G4 P0.02
G1 X12.3913 Y-259.6361 F12000.0
G1 X12.2741 Y-259.6256
G1 X12.1938 Y-259.6049
G1 X12.0663 Y-259.5472
G1 X11.9140 Y-259.4498
G1 X11.7924 Y-259.3496
G1 X11.6586 Y-259.2128
G1 X11.4968 Y-258.9876
G1 X11.4451 Y-258.8851
G1 X11.4092 Y-258.7811
G1 X11.3869 Y-258.5722
G1 X11.4064 Y-258.1101
G1 X11.7978 Y-257.8299
G1 X12.3010 Y-258.0541
G1 Z0.0000 F2500.0
G4 P0.02
G0 X13.4191 Y-259.6796 F15000.0
G1 Z11.9000 F2500.0
G4 P0.02
G1 X13.6427 Y-260.2962 F12000.0
G1 Z0.0000 F2500.0
G4 P0.02
G0 X15.2129 Y-260.4484 F15000.0
G1 Z11.9000 F2500.0
G4 P0.02
G1 X15.3086 Y-260.4954 F12000.0
G1 X15.3979 Y-260.5188
G1 X15.4524 Y-260.5173
G1 X15.5284 Y-260.4938
G1 X15.6221 Y-260.4311
G1 X15.7131 Y-260.3430
G1 X15.7906 Y-260.2419
G1 X15.8438 Y-260.1373
G1 X15.8823 Y-260.0007
G1 X15.8962 Y-259.8556
G1 X15.8728 Y-259.4164
G1 X15.8535 Y-259.3308
G1 X15.8278 Y-259.2795
G1 X15.7876 Y-259.2349
G1 X15.7347 Y-259.2017
G1 X15.6775 Y-259.1832
G1 X15.5846 Y-259.1730
G1 X15.2195 Y-259.1697
G1 X15.0966 Y-259.1795
G1 X15.0109 Y-259.2033
G1 X14.9394 Y-259.2445
G1 X14.8803 Y-259.3024
G1 X14.8308 Y-259.3751
G1 X14.7699 Y-259.5206
G1 X14.7305 Y-259.7190
G1 X14.7257 Y-259.9207
G1 X14.7538 Y-260.1023
G1 X14.7884 Y-260.1940
G1 X14.8377 Y-260.2440
G1 X14.9418 Y-260.3126
G1 X15.0981 Y-260.3938
G1 X15.2129 Y-260.4484
G1 Z0.0000 F2500.0
G4 P0.02
G0 X19.2334 Y-261.4173 F15000.0
G1 Z11.9000 F2500.0
G4 P0.02
G1 X19.2451 Y-260.9902 F12000.0
G1 X19.2380 Y-260.7772
G1 X19.2150 Y-260.6271
G1 X19.1325 Y-260.3341
G1 X19.1195 Y-260.1792
G1 X19.1173 Y-259.7509
G1 X19.1433 Y-258.6753
G1 X19.1310 Y-258.0940
G1 X19.1117 Y-257.8835
G1 X19.0213 Y-257.5785
G1 X18.9958 Y-257.3388
G1 X19.0098 Y-256.5967
G1 X18.9960 Y-256.1927
G1 X19.0058 Y-256.0397
G1 X19.0346 Y-255.9285
G1 X19.1040 Y-255.8484
G1 X19.2067 Y-255.8006
G1 X19.3649 Y-255.7816
G1 X19.5359 Y-255.8018
G1 X19.6973 Y-255.8552
G1 X19.8275 Y-255.9354
G1 X19.8814 Y-255.9937
G1 X19.9043 Y-256.0362
G1 X19.9602 Y-255.8120
G1 X21.6374 Y-255.8120
G1 Z0.0000 F2500.0
G4 P0.02
G0 X20.0720 Y-259.8478 F15000.0
G1 Z11.9000 F2500.0
G4 P0.02
G1 X20.6481 Y-260.2557 F12000.0
G1 X20.8935 Y-260.3367
G1 X21.1684 Y-260.6325
G1 X21.4154 Y-261.0233
G1 X21.0784 Y-261.1931
G1 X20.3516 Y-261.0249
G1 Z0.0000 F2500.0
G4 P0.02
G0 X21.6370 Y-257.8163 F15000.0
G1 Z11.9000 F2500.0
G4 P0.02
G1 X21.4113 Y-257.4518 F12000.0
G1 X21.2105 Y-257.2009
G1 X21.0988 Y-257.0951
G1 X21.0045 Y-257.0252
G1 X20.9056 Y-256.9715
G1 X20.8202 Y-256.9411
G1 X20.7203 Y-256.9220
G1 X20.5968 Y-256.9243
G1 X20.5116 Y-256.9446
G1 X20.4091 Y-256.9938
G1 X20.3201 Y-257.0647
G1 X20.2455 Y-257.1538
G1 X20.1863 Y-257.2571
G1 X20.1435 Y-257.3711
G1 X20.1181 Y-257.4920
G1 X20.1112 Y-257.5849
G1 X20.1301 Y-257.7701
G1 X20.1992 Y-257.9588
G1 X20.3234 Y-258.1624
G1 X20.5089 Y-258.3807
G1 X20.7515 Y-258.5988
G1 X21.0092 Y-258.7791
G1 X21.2585 Y-258.9090
G1 X21.3491 Y-258.9240
G1 X21.4554 Y-258.8845
G1 X21.7412 Y-258.6855
G1 X21.8128 Y-258.6046
G1 X21.8482 Y-258.5366
G1 X21.8729 Y-258.4001
G1 X21.8478 Y-258.1923
G1 X21.8022 Y-258.0845
G1 X21.6762 Y-257.8860
G1 X21.6370 Y-257.8163
G1 Z0.0000 F2500.0
G4 P0.02
G0 X20.7429 Y-259.6796 F15000.0
G1 Z11.9000 F2500.0
G4 P0.02
G1 X20.4634 Y-259.9599 F12000.0
G1 Z0.0000 F2500.0
G4 P0.02
G0 X24.4886 Y-257.6056 F15000.0
G1 Z11.9000 F2500.0
G4 P0.02
G1 X24.8160 Y-257.5983 F12000.0
G1 X24.9632 Y-257.6077
G1 X25.0480 Y-257.6261
G1 X25.2136 Y-257.6907
G1 X25.2983 Y-257.7073
G1 X25.3842 Y-257.6956
G1 X25.6068 Y-257.6119
G1 X25.7311 Y-257.6001
G1 X25.8839 Y-257.6119
G1 X26.0324 Y-257.6490
G1 X26.2034 Y-257.7208
G1 X26.3638 Y-257.8154
G1 X26.4848 Y-257.9111
G1 X26.5291 Y-257.9841
G1 X26.5548 Y-258.0943
G1 X26.5588 Y-258.3904
G1 X26.6295 Y-258.8114
G1 X26.6259 Y-258.9009
G1 X26.6037 Y-258.9858
G1 X26.5579 Y-259.0644
G1 X26.5114 Y-259.1122
G1 X26.4610 Y-259.1482
G1 X26.3835 Y-259.1765
G1 X26.2271 Y-259.1919
G1 X25.8863 Y-259.1751
G1 X25.8863 Y-259.3993
G1 Z0.0000 F2500.0
G4 P0.02
G0 X25.3832 Y-259.1751 F15000.0
G1 Z11.9000 F2500.0
G4 P0.02
G1 X25.4552 Y-259.1654 F12000.0
G1 X25.5459 Y-259.1356
G1 X25.5953 Y-259.1068
G1 X25.6538 Y-259.0519
G1 X25.7132 Y-258.9342
G1 X25.7283 Y-258.8518
G1 X25.7294 Y-258.7634
G1 X25.7118 Y-258.6400
G1 X25.6632 Y-258.4847
G1 X25.6079 Y-258.3700
G1 X25.4696 Y-258.1884
G1 X25.3818 Y-257.8854
G1 X25.3273 Y-257.7738
G1 Z0.0000 F2500.0
G4 P0.02
G0 X27.1723 Y-259.3993 F15000.0
G1 Z11.9000 F2500.0
G4 P0.02
G1 X27.6754 Y-259.8478 F12000.0
G1 Z0.0000 F2500.0
G4 P0.02
G0 X29.6881 Y-257.5496 F15000.0
G1 Z11.9000 F2500.0
G4 P0.02
G1 X29.6865 Y-256.9891 F12000.0
G1 X29.5824 Y-256.5406
G1 X29.5359 Y-255.8182
G1 X29.0172 Y-255.5956
G1 X28.5700 Y-255.6983
G1 X27.2840 Y-255.6998
G1 Z0.0000 F2500.0
G4 P0.02
G0 X27.6195 Y-258.7267 F15000.0
G1 Z11.9000 F2500.0
G4 P0.02
G1 X28.5700 Y-258.7267 F12000.0
G1 Z0.0000 F2500.0
G4 P0.02
G0 X27.8431 Y-258.2782 F15000.0
G1 Z11.9000 F2500.0
G4 P0.02
G1 X28.0801 Y-258.2870 F12000.0
G1 X28.1994 Y-258.2719
G1 X28.2717 Y-258.2378
G1 X28.3016 Y-258.2123
G1 X28.3410 Y-258.1599
G1 X28.3515 Y-258.1335
G1 X28.3564 Y-258.0810
G1 X28.3427 Y-258.0299
G1 X28.3139 Y-257.9818
G1 X28.2735 Y-257.9377
G1 X28.1990 Y-257.8824
G1 X28.1451 Y-257.8546
G1 X28.0668 Y-257.8299
G1 Z0.0000 F2500.0
G4 P0.02
G0 X30.3031 Y-258.9509 F15000.0
G1 Z11.9000 F2500.0
G4 P0.02
G1 X30.4149 Y-258.9900 F12000.0
G1 X30.7095 Y-259.1548
G1 X30.8233 Y-259.1752
G1 X30.9149 Y-259.1565
G1 X30.9620 Y-259.1287
G1 X30.9975 Y-259.0879
G1 X31.0383 Y-258.9783
G1 X31.0426 Y-258.8167
G1 X31.0096 Y-258.6666
G1 X30.9167 Y-258.4849
G1 X30.6229 Y-257.9856
G1 X30.5937 Y-257.8993
G1 X30.5554 Y-257.6912
G1 X30.4918 Y-257.6003
G1 X30.3656 Y-257.5238
G1 X30.2066 Y-257.4811
G1 X30.0052 Y-257.4713
G1 X29.8300 Y-257.5032
G1 X29.7693 Y-257.5350
G1 X29.7144 Y-257.6121
G1 X29.6812 Y-257.7224
G1 X29.6649 Y-257.8557
G1 X29.6633 Y-258.0760
G1 X29.6881 Y-258.5025
G1 X29.6817 Y-259.9573
G1 X29.7066 Y-260.0673
G1 X29.7692 Y-260.1658
G1 X29.8609 Y-260.2423
G1 X30.1136 Y-260.4099
G1 X30.2101 Y-260.5105
G1 X30.2902 Y-260.6359
G1 X30.3284 Y-260.7390
G1 X30.3522 Y-260.8755
G1 X30.3640 Y-261.4008
G1 X30.3521 Y-261.4904
G1 X30.3328 Y-261.5433
G1 X30.3012 Y-261.5876
G1 X30.2580 Y-261.6225
G1 X29.8704 Y-261.8339
G1 X29.7886 Y-261.8595
G1 X29.6991 Y-261.8671
G1 X29.5765 Y-261.8452
G1 X29.4427 Y-261.7851
G1 X29.3228 Y-261.6950
G1 X29.1998 Y-261.5548
G1 X29.1169 Y-261.4179
G1 X29.0429 Y-261.2383
G1 X28.9999 Y-261.0510
G1 X28.9896 Y-260.8960
G1 X28.9995 Y-260.7770
G1 X29.0263 Y-260.6651
G1 X29.0804 Y-260.5507
G1 X29.1376 Y-260.4803
G1 X29.2049 Y-260.4244
G1 X29.2801 Y-260.3799
G1 X29.6136 Y-260.2497
G1 X29.7440 Y-260.1841
G1 Z0.0000 F2500.0
G4 P0.02
G0 X31.1417 Y-259.0631 F15000.0
G1 Z11.9000 F2500.0
G4 P0.02
G1 X31.2133 Y-259.0966 F12000.0
G1 X31.2961 Y-259.1158
G1 X31.3864 Y-259.1212
G1 X31.5116 Y-259.1074
G1 X31.6346 Y-259.0708
G1 X31.7199 Y-259.0293
G1 X31.7952 Y-258.9761
G1 X31.8566 Y-258.9118
G1 X31.9005 Y-258.8368
G1 X31.9181 Y-258.7812
G1 X31.9347 Y-258.5798
G1 X31.9042 Y-258.3685
G1 X31.8327 Y-258.1568
G1 X31.7077 Y-257.9259
G1 X31.5673 Y-257.7440
G1 X31.3790 Y-257.5714
G1 X31.1963 Y-257.4618
G1 X31.0030 Y-257.4004
G1 X30.8901 Y-257.3905
G1 X30.8049 Y-257.3963
G1 X30.6357 Y-257.4456
G1 X30.4708 Y-257.5496
G1 Z0.0000 F2500.0
G4 P0.02
G0 X32.5952 Y-259.2312 F15000.0
G1 Z11.9000 F2500.0
G4 P0.02
G1 X32.8189 Y-259.8478 F12000.0
G1 X33.2662 Y-259.8478
G1 X33.0426 Y-259.2312
G1 Z0.0000 F2500.0
G4 P0.02
G0 X34.7197 Y-260.2962 F15000.0
G1 Z11.9000 F2500.0
G4 P0.02
G1 X34.8507 Y-260.3317 F12000.0
G1 X35.0048 Y-260.4089
G1 X35.1532 Y-260.5173
G1 X35.3154 Y-260.6744
G1 X35.4620 Y-260.8543
G1 X35.6051 Y-261.0740
G1 X35.7041 Y-261.2667
G1 X35.7819 Y-261.4733
G1 X36.0056 Y-261.5293
G1 X34.9433 Y-261.6415
G1 Z0.0000 F2500.0
G4 P0.02
G0 X34.7486 Y-257.6479 F15000.0
G1 Z11.9000 F2500.0
G4 P0.02
G1 X34.7625 Y-257.8003 F12000.0
G1 X34.7859 Y-257.9119
G1 X34.8234 Y-258.0005
G1 X34.8838 Y-258.0948
G1 X35.0089 Y-258.2488
G1 X35.1585 Y-258.4031
G1 X35.3386 Y-258.5626
G1 X35.4761 Y-258.6631
G1 X35.5539 Y-258.7035
G1 X35.6627 Y-258.7313
G1 X35.7989 Y-258.7477
G1 X35.9467 Y-258.7503
G1 X36.0898 Y-258.7360
G1 X36.1845 Y-258.7125
G1 X36.2609 Y-258.6768
G1 X36.3121 Y-258.6279
G1 X36.3534 Y-258.4891
G1 X36.3721 Y-258.2632
G1 X36.3618 Y-257.9878
G1 X36.3288 Y-257.7956
G1 X36.2832 Y-257.6987
G1 X36.1482 Y-257.5153
G1 X36.0548 Y-257.2892
G1 X36.0006 Y-257.1854
G1 X35.9304 Y-257.0915
G1 X35.8362 Y-257.0094
G1 X35.7492 Y-256.9605
G1 X35.5148 Y-256.8925
G1 X35.3559 Y-256.7709
G1 X35.2822 Y-256.7303
G1 X35.1953 Y-256.7153
G1 X35.0873 Y-256.7395
G1 X35.0105 Y-256.7839
G1 X34.9169 Y-256.8703
G1 X34.8372 Y-256.9782
G1 X34.7755 Y-257.0979
G1 X34.7356 Y-257.2189
G1 X34.7226 Y-257.3048
G1 X34.7412 Y-257.5247
G1 X34.7486 Y-257.6479
G1 Z0.0000 F2500.0
G4 P0.02
G0 X35.7819 Y-260.1841 F15000.0
G1 Z11.9000 F2500.0
G4 P0.02
G1 X35.1111 Y-260.4644 F12000.0
G1 Z0.0000 F2500.0
G4 P0.02
G0 X18.9539 Y-255.8120 F15000.0
G1 Z11.9000 F2500.0
G4 P0.02
G1 X18.1153 Y-255.9241 F12000.0
G1 X14.0899 Y-255.9256
G1 X13.6427 Y-256.0346
G1 X10.4560 Y-256.0362
G1 Z0.0000 F2500.0
G4 P0.02
G0 X12.6363 Y-254.8030 F15000.0
G1 Z11.9000 F2500.0
G4 P0.02
G1 X12.4745 Y-254.8779 F12000.0
G1 X12.3598 Y-254.9017
G1 X12.2466 Y-254.8759
G1 X12.1218 Y-254.7941
G1 X11.6458 Y-254.3136
G1 X11.4489 Y-254.0889
G1 X11.2810 Y-253.8425
G1 X11.2249 Y-253.7286
G1 X11.1847 Y-253.6133
G1 X11.1616 Y-253.4685
G1 X11.1742 Y-253.3247
G1 X11.2169 Y-253.2099
G1 X11.2814 Y-253.1511
G1 X11.3952 Y-253.1235
G1 X11.7040 Y-253.1174
G1 X11.8751 Y-253.1023
G1 X12.0430 Y-253.0650
G1 X12.1890 Y-253.0092
G1 Z0.0000 F2500.0
G4 P0.02
G0 X13.4191 Y-254.5228 F15000.0
G1 Z11.9000 F2500.0
G4 P0.02
G1 X13.6427 Y-255.1393 F12000.0
G1 Z0.0000 F2500.0
G4 P0.02
G0 X14.3135 Y-255.3635 F15000.0
G1 Z11.9000 F2500.0
G4 P0.02
G1 X14.0899 Y-254.5228 F12000.0
G1 Z0.0000 F2500.0
G4 P0.02
G0 X15.6554 Y-253.1214 F15000.0
G1 Z11.9000 F2500.0
G4 P0.02
G1 X15.7038 Y-252.9817 F12000.0
G1 X15.8577 Y-252.7034
G1 X15.8924 Y-252.5675
G1 X15.8872 Y-252.4771
G1 X15.8558 Y-252.3771
G1 X15.8087 Y-252.2916
G1 X15.7323 Y-252.2024
G1 X15.6370 Y-252.1272
G1 X15.4976 Y-252.0543
G1 X15.3433 Y-252.0061
G1 X15.1825 Y-251.9845
G1 X15.0229 Y-251.9909
G1 X14.9016 Y-252.0174
G1 X14.7651 Y-252.0786
G1 X14.6729 Y-252.1509
G1 X14.5856 Y-252.2719
G1 X14.5514 Y-252.3615
G1 X14.5353 Y-252.4390
G1 X14.5192 Y-252.5889
G1 X14.5156 Y-252.7640
G1 X14.5270 Y-252.8982
G1 X14.5466 Y-252.9834
G1 X14.5776 Y-253.0467
G1 X14.6201 Y-253.0856
G1 X14.6716 Y-253.1087
G1 X14.8680 Y-253.1619
G1 X14.9415 Y-253.2084
G1 X15.0326 Y-253.2876
G1 X15.1105 Y-253.3819
G1 X15.1566 Y-253.4599
G1 X15.1970 Y-253.5698
G1 X15.2094 Y-253.6562
G1 X15.2399 Y-254.1444
G1 X15.2461 Y-254.6367
G1 X15.2068 Y-256.1827
G1 X15.2087 Y-256.8532
G1 X15.1975 Y-257.3430
G1 X15.2196 Y-257.5785
G1 X15.3036 Y-257.8551
G1 X15.3251 Y-258.0326
G1 X15.3356 Y-258.4293
G1 X15.3199 Y-259.2873
G1 Z0.0000 F2500.0
G4 P0.02
G0 X18.8979 Y-255.7559 F15000.0
G1 Z11.9000 F2500.0
G4 P0.02
G1 X18.9042 Y-250.2066 F12000.0
G1 X19.0035 Y-249.8703
G1 X18.9492 Y-249.5340
G1 X19.0098 Y-249.1977
G1 X19.4011 Y-249.3659
G1 X20.1280 Y-249.3659
G1 Z0.0000 F2500.0
G4 P0.02
G0 X20.3516 Y-251.5519 F15000.0
G1 Z11.9000 F2500.0
G4 P0.02
G1 X20.1465 Y-250.8793 F12000.0
G1 X20.0161 Y-250.3748
G1 X20.0984 Y-250.3200
G1 X20.2154 Y-250.2742
G1 X20.6683 Y-250.1946
G1 X20.7759 Y-250.1461
G1 X20.8485 Y-250.0883
G1 X20.8957 Y-250.0332
G1 X20.9436 Y-249.9460
G1 X20.9645 Y-249.8579
G1 X20.9583 Y-249.7740
G1 X20.9252 Y-249.6994
G1 X20.8881 Y-249.6573
G1 X20.8099 Y-249.6095
G1 X20.7429 Y-249.5900
G1 X20.8547 Y-250.0946
G1 X21.1730 Y-250.5429
G1 X21.3020 Y-250.9914
G1 Z0.0000 F2500.0
G4 P0.02
G0 X24.9918 Y-254.7469 F15000.0
G1 Z11.9000 F2500.0
G4 P0.02
G1 X25.0703 Y-254.8705 F12000.0
G1 X25.2649 Y-255.0594
G1 X25.3413 Y-255.1483
G1 X25.3828 Y-255.2239
G1 X25.4006 Y-255.3110
G1 X25.3794 Y-255.3914
G1 X25.2688 Y-255.5625
G1 X25.2417 Y-255.6217
G1 X25.1837 Y-255.8814
G1 X25.1571 Y-255.9445
G1 X25.1268 Y-255.9785
G1 X25.0822 Y-256.0055
G1 X24.9359 Y-256.0362
G1 Z0.0000 F2500.0
G4 P0.02
G0 X25.4391 Y-255.4196 F15000.0
G1 Z11.9000 F2500.0
G4 P0.02
G1 X26.1099 Y-256.0362 F12000.0
G1 Z0.0000 F2500.0
G4 P0.02
G0 X29.6321 Y-255.6998 F15000.0
G1 Z11.9000 F2500.0
G4 P0.02
G1 X30.1353 Y-255.5893 F12000.0
G1 X33.0426 Y-255.5862
G1 X33.5457 Y-255.4756
G1 X34.7756 Y-255.4818
G1 X35.1670 Y-255.5862
G1 X35.7260 Y-255.4756
G1 X37.7388 Y-255.4694
G1 X38.1301 Y-255.3635
G1 Z0.0000 F2500.0
G4 P0.02
G0 X35.8938 Y-251.1035 F15000.0
G1 Z11.9000 F2500.0
G4 P0.02
G1 X35.8517 Y-251.0203 F12000.0
G1 X35.7292 Y-250.8448
G1 X35.6888 Y-250.7625
G1 X35.6578 Y-250.6501
G1 X35.5920 Y-250.2962
G1 X35.5513 Y-250.1867
G1 X35.4871 Y-250.0886
G1 X35.3911 Y-250.0058
G1 X35.2999 Y-249.9611
G1 X35.2084 Y-249.9545
G1 X34.9847 Y-249.9910
G1 X34.8426 Y-250.0536
G1 X34.7450 Y-250.1520
G1 X34.7057 Y-250.2247
G1 X34.6796 Y-250.3057
G1 X34.6625 Y-250.4849
G1 X34.6853 Y-250.6757
G1 X34.7507 Y-250.8939
G1 X34.8312 Y-251.0616
G1 X34.9448 Y-251.2232
G1 X34.9992 Y-251.3278
G1 Z0.0000 F2500.0
G4 P0.02
G0 X35.2228 Y-249.9264 F15000.0
G1 Z11.9000 F2500.0
G4 P0.02
G1 X35.2130 Y-249.8526 F12000.0
G1 X35.1951 Y-249.7901
G1 X35.1701 Y-249.7369
G1 X35.1208 Y-249.6710
G1 X35.0371 Y-249.6002
G1 X34.8582 Y-249.4839
G1 X34.7756 Y-249.4219
G1 Z0.0000 F2500.0
G4 P0.02
G0 X34.2725 Y-248.9174 F15000.0
G1 Z11.9000 F2500.0
G4 P0.02
G1 X34.5519 Y-248.9174 F12000.0
G1 Z0.0000 F2500.0
G4 P0.02
G0 X30.4032 Y-245.0546 F15000.0
G1 Z11.9000 F2500.0
G4 P0.02
G1 X22.9321 Y-245.0563 F12000.0
G1 X22.4723 Y-245.1679
G1 X22.0125 Y-245.0610
G1 X19.7138 Y-245.0610
G1 X19.3114 Y-245.1679
G1 X18.7942 Y-245.0626
G1 X18.3344 Y-245.1679
G1 X17.9321 Y-245.0610
G1 X16.7828 Y-245.0563
G1 X16.2655 Y-245.1695
G1 X15.5759 Y-245.0626
G1 X15.1735 Y-245.1679
G1 X13.9092 Y-245.1073
G1 X13.5069 Y-245.1695
G1 X12.3000 Y-245.1073
G1 X11.7254 Y-245.1695
G1 X10.9782 Y-245.0530
G1 X10.5759 Y-245.1679
G1 X3.9093 Y-245.1695
G1 Z0.0000 F2500.0
G4 P0.02
G0 X0.0000 Y-241.6579 F15000.0
G1 Z11.9000 F2500.0
G4 P0.02
G1 X171.0539 Y-241.6579 F12000.0
G1 Z0.0000 F2500.0
G4 P0.02
G0 X170.9656 Y-241.5745 F15000.0
G1 Z11.9000 F2500.0
G4 P0.02
G1 X46.3484 Y-241.5745 F12000.0
G1 Z0.0000 F2500.0
G4 P0.02
G0 X99.0805 Y-232.9858 F15000.0
G1 Z11.9000 F2500.0
G4 P0.02
G1 X100.4598 Y-232.9283 F12000.0
G1 X100.4125 Y-232.8078
G1 X100.3407 Y-232.6699
G1 X100.1632 Y-232.4253
G1 X99.7389 Y-231.9751
G1 X98.8967 Y-231.0299
G1 X98.4664 Y-230.5983
G1 X98.3460 Y-230.4641
G1 X98.2360 Y-230.2916
G1 X98.2079 Y-230.2051
G1 X98.2052 Y-230.1211
G1 X98.2334 Y-230.0415
G1 X98.2852 Y-229.9835
G1 X98.3853 Y-229.9397
G1 X98.5153 Y-229.9195
G1 X98.6988 Y-229.9170
G1 X99.2646 Y-229.9459
G1 X99.6551 Y-229.9973
G1 Z0.0000 F2500.0
G4 P0.02
G0 X133.2754 Y-231.2042 F15000.0
G1 Z11.9000 F2500.0
G4 P0.02
G1 X133.9497 Y-232.2767 F12000.0
G1 X134.0454 Y-232.4022
G1 X134.2285 Y-232.5718
G1 X134.2847 Y-232.6426
G1 X134.3229 Y-232.7236
G1 X134.4021 Y-232.9591
G1 X134.5048 Y-233.1481
G1 X135.3845 Y-234.5599
G1 X135.4996 Y-234.7118
G1 X135.6067 Y-234.8250
G1 X135.7265 Y-234.9214
G1 X135.8615 Y-234.9972
G1 X136.0340 Y-235.3996
G1 X135.9145 Y-234.1352
G1 X135.7357 Y-232.5261
G1 X135.5743 Y-231.2617
G1 Z0.0000 F2500.0
G4 P0.02
G0 X135.6892 Y-232.5261 F15000.0
G1 Z11.9000 F2500.0
G4 P0.02
G1 X134.3674 Y-232.5261 F12000.0
G1 Z0.0000 F2500.0
G4 P0.02
G0 X138.7352 Y-235.8594 F15000.0
G1 Z11.9000 F2500.0
G4 P0.02
G1 X138.4172 Y-235.3980 F12000.0
G1 X138.1317 Y-234.9044
G1 X137.8499 Y-234.3280
G1 X137.5909 Y-233.7030
G1 X137.3665 Y-233.0701
G1 X137.1403 Y-232.3241
G1 X137.0832 Y-232.0505
G1 X136.9683 Y-231.2671
G1 X136.9149 Y-231.0578
G1 X136.8385 Y-230.8595
G1 Z0.0000 F2500.0
G4 P0.02
G0 X139.0224 Y-231.1467 F15000.0
G1 Z11.9000 F2500.0
G4 P0.02
G1 X140.2069 Y-234.3651 F12000.0
G1 X140.6891 Y-235.5720
G1 X140.4592 Y-235.2846
G1 X140.3111 Y-235.2453
G1 X140.1660 Y-235.1900
G1 X140.0241 Y-235.1211
G1 X139.8587 Y-235.0233
G1 X139.5459 Y-234.7933
G1 X139.1949 Y-234.4801
G1 Z0.0000 F2500.0
G4 P0.02
G0 X142.8912 Y-233.3773 F15000.0
G1 Z11.9000 F2500.0
G4 P0.02
G1 X142.6585 Y-232.6604 F12000.0
G1 X142.5514 Y-232.3858
G1 X142.4433 Y-232.1521
G1 X142.3202 Y-231.9325
G1 X142.1978 Y-231.7553
G1 X142.0595 Y-231.5948
G1 X141.9269 Y-231.4729
G1 X141.7276 Y-231.3357
G1 X141.5301 Y-231.2427
G1 X141.3088 Y-231.1779
G1 X141.0910 Y-231.1473
G1 X140.9147 Y-231.1509
G1 X140.7308 Y-231.1924
G1 X140.6022 Y-231.2562
G1 X140.4795 Y-231.3653
G1 X140.3935 Y-231.5076
G1 X140.3463 Y-231.6800
G1 X140.3403 Y-231.8803
G1 X140.3684 Y-232.0663
G1 X140.4724 Y-232.4246
G1 X140.8212 Y-233.3236
G1 X141.1429 Y-234.2954
G1 X141.3247 Y-234.7161
G1 X141.4178 Y-234.8829
G1 X141.5219 Y-235.0378
G1 X141.6390 Y-235.1783
G1 X141.7473 Y-235.2824
G1 X141.8666 Y-235.3731
G1 X141.9975 Y-235.4489
G1 X142.1714 Y-235.5180
G1 X142.3816 Y-235.5632
G1 X142.6001 Y-235.5789
G1 X142.8325 Y-235.5637
G1 X143.0244 Y-235.5190
G1 X143.1674 Y-235.4546
G1 X143.2858 Y-235.3619
G1 X143.3704 Y-235.2372
G1 X143.4081 Y-235.1122
G1 X143.4170 Y-234.9972
G1 X143.4091 Y-234.8770
G1 X143.3798 Y-234.7215
G1 X143.3004 Y-234.4674
G1 X143.0668 Y-233.9000
G1 X142.9390 Y-233.5289
G1 X142.8912 Y-233.3773
G1 Z0.0000 F2500.0
G4 P0.02
G0 X143.3902 Y-231.2042 F15000.0
G1 Z11.9000 F2500.0
G4 P0.02
G1 X142.8729 Y-230.4571 F12000.0
G1 Z0.0000 F2500.0
G4 P0.02
G0 X146.4936 Y-231.1467 F15000.0
G1 Z11.9000 F2500.0
G4 P0.02
G1 X145.7019 Y-231.1076 F12000.0
G1 X145.3674 Y-231.1131
G1 X145.2088 Y-231.1310
G1 X145.0601 Y-231.1624
G1 X144.9243 Y-231.2101
G1 X144.8270 Y-231.2617
G1 X144.9065 Y-231.4069
G1 X144.9947 Y-231.5396
G1 X145.2142 Y-231.7995
G1 X146.1080 Y-232.6473
G1 X147.1474 Y-233.6969
G1 X147.4925 Y-234.0251
G1 X147.6437 Y-234.1902
G1 X147.7698 Y-234.3686
G1 X147.8541 Y-234.5520
G1 X147.8963 Y-234.7442
G1 X147.8935 Y-234.9292
G1 X147.8680 Y-235.0456
G1 X147.8114 Y-235.1807
G1 X147.7289 Y-235.3009
G1 X147.6454 Y-235.3841
G1 X147.5210 Y-235.4694
G1 X147.4065 Y-235.5205
G1 X147.2461 Y-235.5603
G1 X147.1052 Y-235.5708
G1 X146.9736 Y-235.5626
G1 X146.8205 Y-235.5308
G1 X146.6740 Y-235.4776
G1 X146.5350 Y-235.4058
G1 X146.4044 Y-235.3182
G1 X146.2597 Y-235.1961
G1 X146.1504 Y-235.0836
G1 X146.0338 Y-234.9398
G1 Z0.0000 F2500.0
G4 P0.02
G0 X150.4773 Y-233.3773 F15000.0
G1 Z11.9000 F2500.0
G4 P0.02
G1 X150.2446 Y-232.6604 F12000.0
G1 X150.1375 Y-232.3858
G1 X150.0295 Y-232.1521
G1 X149.9063 Y-231.9325
G1 X149.7838 Y-231.7553
G1 X149.6455 Y-231.5948
G1 X149.5130 Y-231.4729
G1 X149.3138 Y-231.3357
G1 X149.1162 Y-231.2427
G1 X148.8950 Y-231.1779
G1 X148.6771 Y-231.1473
G1 X148.5008 Y-231.1509
G1 X148.3169 Y-231.1924
G1 X148.1883 Y-231.2562
G1 X148.0657 Y-231.3653
G1 X147.9796 Y-231.5076
G1 X147.9324 Y-231.6800
G1 X147.9264 Y-231.8803
G1 X147.9545 Y-232.0663
G1 X148.0585 Y-232.4246
G1 X148.4073 Y-233.3236
G1 X148.7291 Y-234.2954
G1 X148.9109 Y-234.7161
G1 X149.0038 Y-234.8829
G1 X149.1080 Y-235.0378
G1 X149.2250 Y-235.1783
G1 X149.3335 Y-235.2824
G1 X149.4527 Y-235.3731
G1 X149.5837 Y-235.4489
G1 X149.7576 Y-235.5180
G1 X149.9677 Y-235.5632
G1 X150.1862 Y-235.5789
G1 X150.4186 Y-235.5637
G1 X150.6105 Y-235.5190
G1 X150.7536 Y-235.4546
G1 X150.8718 Y-235.3619
G1 X150.9566 Y-235.2372
G1 X150.9941 Y-235.1122
G1 X151.0030 Y-234.9972
G1 X150.9952 Y-234.8770
G1 X150.9660 Y-234.7215
G1 X150.8865 Y-234.4674
G1 X150.6530 Y-233.9000
G1 X150.5251 Y-233.5289
G1 X150.4773 Y-233.3773
G1 Z0.0000 F2500.0
G4 P0.02
G0 X150.9188 Y-231.2042 F15000.0
G1 Z11.9000 F2500.0
G4 P0.02
G1 X150.4016 Y-230.4571 F12000.0
G1 Z0.0000 F2500.0
G4 P0.02
G0 X154.9600 Y-233.3773 F15000.0
G1 Z11.9000 F2500.0
G4 P0.02
G1 X154.7273 Y-232.6604 F12000.0
G1 X154.6202 Y-232.3858
G1 X154.5121 Y-232.1521
G1 X154.3890 Y-231.9325
G1 X154.2666 Y-231.7553
G1 X154.1283 Y-231.5948
G1 X153.9957 Y-231.4729
G1 X153.7964 Y-231.3357
G1 X153.5989 Y-231.2427
G1 X153.3776 Y-231.1779
G1 X153.1598 Y-231.1473
G1 X152.9835 Y-231.1509
G1 X152.7996 Y-231.1924
G1 X152.6710 Y-231.2562
G1 X152.5483 Y-231.3653
G1 X152.4623 Y-231.5076
G1 X152.4151 Y-231.6800
G1 X152.4091 Y-231.8803
G1 X152.4372 Y-232.0663
G1 X152.5412 Y-232.4246
G1 X152.8901 Y-233.3236
G1 X153.2117 Y-234.2954
G1 X153.3935 Y-234.7161
G1 X153.4866 Y-234.8829
G1 X153.5907 Y-235.0378
G1 X153.7078 Y-235.1783
G1 X153.8161 Y-235.2824
G1 X153.9354 Y-235.3731
G1 X154.0663 Y-235.4489
G1 X154.2402 Y-235.5180
G1 X154.4504 Y-235.5632
G1 X154.6689 Y-235.5789
G1 X154.9013 Y-235.5637
G1 X155.0932 Y-235.5190
G1 X155.2362 Y-235.4546
G1 X155.3546 Y-235.3619
G1 X155.4392 Y-235.2372
G1 X155.4769 Y-235.1122
G1 X155.4858 Y-234.9972
G1 X155.4779 Y-234.8770
G1 X155.4486 Y-234.7215
G1 X155.3692 Y-234.4674
G1 X155.1356 Y-233.9000
G1 X155.0078 Y-233.5289
G1 X154.9600 Y-233.3773
G1 Z0.0000 F2500.0
G4 P0.02
G0 X154.9417 Y-230.8020 F15000.0
G1 Z11.9000 F2500.0
G4 P0.02
G1 X155.7015 Y-232.0088 F12000.0
G1 X156.6740 Y-234.7100
G1 X156.8958 Y-235.8594
G1 Z0.0000 F2500.0
G4 P0.02
G0 X39.0813 Y-222.4687 F15000.0
G1 Z11.9000 F2500.0
G4 P0.02
G1 X38.6906 Y-222.4173 F12000.0
G1 X38.1249 Y-222.3885
G1 X37.9415 Y-222.3909
G1 X37.8115 Y-222.4111
G1 X37.7112 Y-222.4548
G1 X37.6593 Y-222.5129
G1 X37.6313 Y-222.5924
G1 X37.6340 Y-222.6764
G1 X37.6621 Y-222.7629
G1 X37.7722 Y-222.9356
G1 X37.8926 Y-223.0697
G1 X38.3228 Y-223.5013
G1 X39.1650 Y-224.4465
G1 X39.5893 Y-224.8966
G1 X39.7668 Y-225.1413
G1 X39.8386 Y-225.2792
G1 X39.8859 Y-225.3997
G1 X38.5066 Y-225.4572
G1 Z0.0000 F2500.0
G4 P0.02
G0 X74.6771 Y-226.9664 F15000.0
G1 Z11.9000 F2500.0
G4 P0.02
G1 X98.4178 Y-226.9664 F12000.0
G1 Z0.0000 F2500.0
G4 P0.02
G0 X133.2754 Y-224.2503 F15000.0
G1 Z11.9000 F2500.0
G4 P0.02
G1 X133.9497 Y-225.3228 F12000.0
G1 X134.0454 Y-225.4482
G1 X134.2285 Y-225.6179
G1 X134.2847 Y-225.6887
G1 X134.3229 Y-225.7696
G1 X134.4021 Y-226.0052
G1 X134.5048 Y-226.1941
G1 X135.3845 Y-227.6060
G1 X135.4996 Y-227.7579
G1 X135.6067 Y-227.8709
G1 X135.7265 Y-227.9675
G1 X135.8615 Y-228.0433
G1 X136.0340 Y-228.4457
G1 X135.9145 Y-227.1813
G1 X135.7357 Y-225.5721
G1 X135.5743 Y-224.3078
G1 Z0.0000 F2500.0
G4 P0.02
G0 X135.6892 Y-225.5721 F15000.0
G1 Z11.9000 F2500.0
G4 P0.02
G1 X134.3674 Y-225.5721 F12000.0
G1 Z0.0000 F2500.0
G4 P0.02
G0 X139.5972 Y-226.6066 F15000.0
G1 Z11.9000 F2500.0
G4 P0.02
G1 X139.4791 Y-226.4197 F12000.0
G1 X139.3862 Y-226.2218
G1 X139.0102 Y-225.1869
G1 X138.9724 Y-225.0029
G1 X138.9617 Y-224.8117
G1 X138.9692 Y-224.6583
G1 X139.0029 Y-224.5160
G1 X139.0742 Y-224.3885
G1 X139.1663 Y-224.2992
G1 X139.2894 Y-224.2293
G1 X139.4267 Y-224.1871
G1 X139.6128 Y-224.1607
G1 X139.8132 Y-224.1542
G1 X140.5742 Y-224.1928
G1 Z0.0000 F2500.0
G4 P0.02
G0 X140.7466 Y-226.5491 F15000.0
G1 Z11.9000 F2500.0
G4 P0.02
G1 X139.8154 Y-226.5467 F12000.0
G1 X139.6979 Y-226.5751
G1 X139.6509 Y-226.6114
G1 X139.6204 Y-226.6609
G1 X139.6055 Y-226.7499
G1 X139.6267 Y-226.8828
G1 X139.8248 Y-227.4498
G1 X139.9870 Y-227.8298
G1 X140.1497 Y-228.0980
G1 X140.2908 Y-228.2640
G1 X140.4592 Y-228.4060
G1 X140.6455 Y-228.5097
G1 X140.8489 Y-228.5789
G1 X141.0964 Y-228.6235
G1 X141.3539 Y-228.6405
G1 X142.2408 Y-228.6181
G1 Z0.0000 F2500.0
G4 P0.02
G0 X143.6776 Y-224.1928 F15000.0
G1 Z11.9000 F2500.0
G4 P0.02
G1 X143.8455 Y-224.5229 F12000.0
G1 X144.0135 Y-224.9329
G1 X144.4985 Y-226.3718
G1 X144.6364 Y-226.8396
G1 X144.6966 Y-226.9904
G1 X144.7713 Y-227.1195
G1 X144.8543 Y-227.2011
G1 X144.9107 Y-227.2255
G1 X145.0053 Y-227.2418
G1 X145.2528 Y-227.2390
G1 X145.7302 Y-227.2603
G1 X146.0044 Y-227.2365
G1 X146.0960 Y-227.2119
G1 X146.1772 Y-227.1760
G1 X146.2454 Y-227.1269
G1 X146.2974 Y-227.0629
G1 X146.3220 Y-227.0111
G1 X146.3411 Y-226.9220
G1 X146.3280 Y-226.7397
G1 X146.2831 Y-226.5847
G1 X146.1298 Y-226.2043
G1 X145.6848 Y-224.9171
G1 X145.5443 Y-224.5646
G1 X145.4017 Y-224.2503
G1 Z0.0000 F2500.0
G4 P0.02
G0 X147.1833 Y-224.1928 F15000.0
G1 Z11.9000 F2500.0
G4 P0.02
G1 X147.3511 Y-224.5229 F12000.0
G1 X147.5191 Y-224.9329
G1 X148.0042 Y-226.3718
G1 X148.1421 Y-226.8396
G1 X148.2022 Y-226.9904
G1 X148.2770 Y-227.1195
G1 X148.3601 Y-227.2011
G1 X148.4164 Y-227.2255
G1 X148.5110 Y-227.2418
G1 X148.7585 Y-227.2390
G1 X149.2359 Y-227.2603
G1 X149.5101 Y-227.2365
G1 X149.6017 Y-227.2119
G1 X149.6830 Y-227.1760
G1 X149.7510 Y-227.1269
G1 X149.8031 Y-227.0629
G1 X149.8276 Y-227.0111
G1 X149.8468 Y-226.9220
G1 X149.8337 Y-226.7397
G1 X149.7888 Y-226.5847
G1 X149.6356 Y-226.2043
G1 X149.1905 Y-224.9171
G1 X149.0501 Y-224.5646
G1 X148.9073 Y-224.2503
G1 Z0.0000 F2500.0
G4 P0.02
G0 X152.9303 Y-224.1928 F15000.0
G1 Z11.9000 F2500.0
G4 P0.02
G1 X153.1018 Y-224.3053 F12000.0
G1 X153.2331 Y-224.4316
G1 X153.3339 Y-224.5718
G1 X153.4257 Y-224.7525
G1 X153.8813 Y-225.9382
G1 X154.0208 Y-226.3277
G1 X154.1517 Y-226.7517
G1 X154.2521 Y-227.1813
G1 Z0.0000 F2500.0
G4 P0.02
G0 X153.9073 Y-227.2388 F15000.0
G1 Z11.9000 F2500.0
G4 P0.02
G1 X154.9175 Y-227.1984 F12000.0
G1 X155.2125 Y-227.2000
G1 X155.4710 Y-227.2163
G1 X155.7221 Y-227.2515
G1 X155.9332 Y-227.3016
G1 X156.1337 Y-227.3730
G1 X156.3211 Y-227.4687
G1 Z0.0000 F2500.0
G4 P0.02
G0 X155.6315 Y-227.1238 F15000.0
G1 Z11.9000 F2500.0
G4 P0.02
G1 X155.1318 Y-225.6655 F12000.0
G1 X154.8964 Y-225.0466
G1 X154.8274 Y-224.8357
G1 X154.7880 Y-224.6530
G1 X154.7755 Y-224.4999
G1 X154.7868 Y-224.3464
G1 X154.8269 Y-224.1928
G1 Z0.0000 F2500.0
G4 P0.02
G0 X156.3211 Y-223.6756 F15000.0
G1 Z11.9000 F2500.0
G4 P0.02
G1 X156.9532 Y-225.4572 F12000.0
G1 X156.8958 Y-225.3997
G1 X156.4360 Y-225.1698
G1 Z0.0000 F2500.0
G4 P0.02
G0 X77.8164 Y-222.8710 F15000.0
G1 Z11.9000 F2500.0
G4 P0.02
G1 X77.7159 Y-222.4414 F12000.0
G1 X77.5850 Y-222.0174
G1 X77.4455 Y-221.6280
G1 X76.9900 Y-220.4423
G1 X76.8981 Y-220.2614
G1 X76.7973 Y-220.1214
G1 X76.6660 Y-219.9951
G1 X76.4945 Y-219.8825
G1 Z0.0000 F2500.0
G4 P0.02
G0 X77.4715 Y-222.9284 F15000.0
G1 Z11.9000 F2500.0
G4 P0.02
G1 X78.4818 Y-222.8881 F12000.0
G1 X78.7768 Y-222.8897
G1 X79.0352 Y-222.9060
G1 X79.2864 Y-222.9413
G1 X79.4975 Y-222.9914
G1 X79.6979 Y-223.0627
G1 X79.8853 Y-223.1583
G1 Z0.0000 F2500.0
G4 P0.02
G0 X79.1957 Y-222.8136 F15000.0
G1 Z11.9000 F2500.0
G4 P0.02
G1 X78.6961 Y-221.3552 F12000.0
G1 X78.4606 Y-220.7363
G1 X78.3917 Y-220.5254
G1 X78.3523 Y-220.3427
G1 X78.3398 Y-220.1896
G1 X78.3510 Y-220.0361
G1 X78.3911 Y-219.8825
G1 Z0.0000 F2500.0
G4 P0.02
G0 X80.4600 Y-220.8021 F15000.0
G1 Z11.9000 F2500.0
G4 P0.02
G1 X80.6845 Y-221.0183 F12000.0
G1 X80.8576 Y-221.1462
G1 X81.0251 Y-221.2217
G1 X81.1850 Y-221.2504
G1 X81.2879 Y-221.2478
G1 X81.3850 Y-221.2295
G1 X81.4742 Y-221.1966
G1 X81.5540 Y-221.1507
G1 X81.6225 Y-221.0929
G1 X81.6781 Y-221.0246
G1 X81.7191 Y-220.9472
G1 X81.7434 Y-220.8619
G1 X81.7473 Y-220.7383
G1 X81.7146 Y-220.6062
G1 X81.6413 Y-220.4644
G1 X81.5491 Y-220.3394
G1 X81.3751 Y-220.1554
G1 X80.5082 Y-219.3368
G1 X80.2361 Y-219.0649
G1 X79.9705 Y-218.7536
G1 X79.8640 Y-218.6025
G1 X79.7704 Y-218.4458
G1 X80.8623 Y-218.3308
G1 Z0.0000 F2500.0
G4 P0.02
G0 X98.4178 Y-226.9664 F15000.0
G1 Z11.9000 F2500.0
G4 P0.02
G1 X109.0409 Y-216.3445 F12000.0
G1 Z0.0000 F2500.0
G4 P0.02
G0 X133.2754 Y-217.4113 F15000.0
G1 Z11.9000 F2500.0
G4 P0.02
G1 X133.9497 Y-218.4838 F12000.0
G1 X134.0454 Y-218.6092
G1 X134.2285 Y-218.7789
G1 X134.2847 Y-218.8497
G1 X134.3229 Y-218.9306
G1 X134.4021 Y-219.1662
G1 X134.5048 Y-219.3551
G1 X135.3845 Y-220.7670
G1 X135.4996 Y-220.9188
G1 X135.6067 Y-221.0320
G1 X135.7265 Y-221.1285
G1 X135.8615 Y-221.2044
G1 X136.0340 Y-221.6067
G1 X135.9145 Y-220.3423
G1 X135.7357 Y-218.7332
G1 X135.5743 Y-217.4688
G1 Z0.0000 F2500.0
G4 P0.02
G0 X135.6892 Y-218.7332 F15000.0
G1 Z11.9000 F2500.0
G4 P0.02
G1 X134.3674 Y-218.7332 F12000.0
G1 Z0.0000 F2500.0
G4 P0.02
G0 X139.8270 Y-220.4573 F15000.0
G1 Z11.9000 F2500.0
G4 P0.02
G1 X139.7178 Y-220.2703 F12000.0
G1 X139.6179 Y-220.0413
G1 X138.9225 Y-218.1056
G1 X138.8580 Y-217.8883
G1 X138.8414 Y-217.7007
G1 X138.8652 Y-217.5825
G1 X138.9264 Y-217.4751
G1 X139.0002 Y-217.4107
G1 X139.1144 Y-217.3669
G1 X139.2715 Y-217.3537
G1 X140.2868 Y-217.3539
G1 X140.1335 Y-216.7470
G1 X140.0403 Y-216.5166
G1 X139.9171 Y-216.3295
G1 X139.7810 Y-216.2018
G1 X139.5975 Y-216.0957
G1 X139.3937 Y-216.0277
G1 X139.1447 Y-215.9861
G1 X138.8556 Y-215.9710
G1 X138.3903 Y-215.9745
G1 Z0.0000 F2500.0
G4 P0.02
G0 X140.2868 Y-217.3539 F15000.0
G1 Z11.9000 F2500.0
G4 P0.02
G1 X140.6541 Y-218.2159 F12000.0
G1 X141.4362 Y-220.3423
G1 Z0.0000 F2500.0
G4 P0.02
G0 X142.8729 Y-221.7791 F15000.0
G1 Z11.9000 F2500.0
G4 P0.02
G1 X144.0011 Y-221.7777 F12000.0
G1 X144.1253 Y-221.7658
G1 X144.2132 Y-221.7410
G1 X144.2924 Y-221.6951
G1 X144.3385 Y-221.6497
G1 X144.4010 Y-221.5303
G1 X144.4167 Y-221.4476
G1 X144.4183 Y-221.3585
G1 X144.3779 Y-221.1342
G1 X144.2811 Y-220.8691
G1 X144.0190 Y-220.3127
G1 X143.8690 Y-219.7677
G1 X143.3663 Y-218.3889
G1 X143.2036 Y-217.9979
G1 X143.1311 Y-217.8602
G1 X143.0483 Y-217.7342
G1 X142.9302 Y-217.6015
G1 X142.7858 Y-217.4930
G1 X142.6412 Y-217.4237
G1 X142.4707 Y-217.3762
G1 X142.1711 Y-217.3365
G1 X141.9269 Y-217.3361
G1 X141.7345 Y-217.3720
G1 X141.6080 Y-217.4378
G1 X141.5344 Y-217.5271
G1 X141.5092 Y-217.5826
G1 X141.4888 Y-217.6711
G1 X141.4922 Y-217.8269
G1 X141.5273 Y-217.9845
G1 X142.1864 Y-219.8080
G1 X142.2796 Y-220.0097
G1 X142.3828 Y-220.1653
G1 X142.4637 Y-220.2459
G1 X142.5859 Y-220.3229
G1 X142.7270 Y-220.3768
G1 X142.9153 Y-220.4159
G1 X143.0832 Y-220.4313
G1 X143.2910 Y-220.4347
G1 X144.0224 Y-220.3998
G1 Z0.0000 F2500.0
G4 P0.02
G0 X145.6891 Y-217.5838 F15000.0
G1 Z11.9000 F2500.0
G4 P0.02
G1 X145.3631 Y-217.4528 F12000.0
G1 X145.0355 Y-217.3787
G1 X144.8177 Y-217.3577
G1 X144.5901 Y-217.3540
G1 X144.4625 Y-217.3597
G1 X144.3432 Y-217.3858
G1 X144.2640 Y-217.4282
G1 X144.1975 Y-217.4977
G1 X144.1552 Y-217.5786
G1 X144.1326 Y-217.6605
G1 X144.1235 Y-217.7481
G1 X144.1300 Y-217.8719
G1 X144.1538 Y-218.0014
G1 X144.2020 Y-218.1671
G1 X144.4701 Y-218.8183
G1 X144.6855 Y-219.4856
G1 X144.7893 Y-219.7592
G1 X144.9360 Y-220.0359
G1 X145.0073 Y-220.1341
G1 X145.0816 Y-220.2125
G1 X145.1954 Y-220.2900
G1 X145.3613 Y-220.3606
G1 X145.5510 Y-220.4086
G1 X145.7555 Y-220.4360
G1 X146.0009 Y-220.4446
G1 X146.2400 Y-220.4311
G1 X146.4589 Y-220.3986
G1 X146.6434 Y-220.3503
G1 X146.4367 Y-219.5855
G1 X146.1971 Y-218.8983
G1 X145.8709 Y-218.0293
G1 X145.8251 Y-217.8743
G1 X145.8078 Y-217.7244
G1 X145.8250 Y-217.6110
G1 X145.8786 Y-217.5059
G1 X145.9764 Y-217.4113
G1 Z0.0000 F2500.0
G4 P0.02
G0 X146.6086 Y-217.4113 F15000.0
G1 Z11.9000 F2500.0
G4 P0.02
G1 X147.8011 Y-219.4228 F12000.0
G1 X148.3948 Y-220.3584
G1 X149.3097 Y-220.3423
G1 X148.2752 Y-217.4113
G1 Z0.0000 F2500.0
G4 P0.02
G0 X149.8843 Y-218.9630 F15000.0
G1 Z11.9000 F2500.0
G4 P0.02
G1 X149.9009 Y-219.1608 F12000.0
G1 X149.9359 Y-219.3473
G1 X150.0006 Y-219.5732
G1 X150.0758 Y-219.7643
G1 X150.1687 Y-219.9444
G1 X150.2593 Y-220.0800
G1 X150.3616 Y-220.1973
G1 X150.4751 Y-220.2915
G1 X150.5939 Y-220.3552
G1 X150.7784 Y-220.4048
G1 X151.0175 Y-220.4331
G1 X151.2401 Y-220.4339
G1 X151.4219 Y-220.4140
G1 X151.5869 Y-220.3722
G1 X151.7228 Y-220.3055
G1 X151.8022 Y-220.2320
G1 X151.8405 Y-220.1641
G1 X151.8582 Y-220.0833
G1 X151.8565 Y-219.9639
G1 X151.8326 Y-219.8408
G1 X151.5593 Y-219.1061
G1 X151.5152 Y-219.0267
G1 X151.4757 Y-218.9819
G1 X151.3712 Y-218.9233
G1 X151.2496 Y-218.9033
G1 X149.9863 Y-218.9132
G1 X149.8678 Y-218.8882
G1 X149.7756 Y-218.8125
G1 X149.7112 Y-218.7060
G1 X149.4646 Y-218.0365
G1 X149.4184 Y-217.8065
G1 X149.4159 Y-217.7125
G1 X149.4274 Y-217.6242
G1 X149.4555 Y-217.5434
G1 X149.5023 Y-217.4720
G1 X149.5707 Y-217.4122
G1 X149.6262 Y-217.3820
G1 X149.7787 Y-217.3513
G1 X150.3489 Y-217.3553
G1 X150.6933 Y-217.3723
G1 X150.9763 Y-217.4113
G1 Z0.0000 F2500.0
G4 P0.02
G0 X151.8384 Y-217.3539 F15000.0
G1 Z11.9000 F2500.0
G4 P0.02
G1 X152.5280 Y-218.9630 F12000.0
G1 Z0.0000 F2500.0
G4 P0.02
G0 X153.0452 Y-220.4573 F15000.0
G1 Z11.9000 F2500.0
G4 P0.02
G1 X152.6413 Y-219.4803 F12000.0
G1 X152.5470 Y-219.0268
G1 X152.8728 Y-218.9055
G1 X153.7349 Y-218.9055
G1 X154.0734 Y-218.9378
G1 X154.2906 Y-219.3653
G1 X154.6545 Y-220.3423
G1 Z0.0000 F2500.0
G4 P0.02
G0 X154.0222 Y-218.8480 F15000.0
G1 Z11.9000 F2500.0
G4 P0.02
G1 X153.5625 Y-217.4113 F12000.0
G1 Z0.0000 F2500.0
G4 P0.02
G0 X156.2636 Y-217.5838 F15000.0
G1 Z11.9000 F2500.0
G4 P0.02
G1 X155.9377 Y-217.4528 F12000.0
G1 X155.6101 Y-217.3787
G1 X155.3924 Y-217.3577
G1 X155.1647 Y-217.3540
G1 X155.0371 Y-217.3597
G1 X154.9178 Y-217.3858
G1 X154.8386 Y-217.4282
G1 X154.7720 Y-217.4977
G1 X154.7297 Y-217.5786
G1 X154.7071 Y-217.6605
G1 X154.6981 Y-217.7481
G1 X154.7046 Y-217.8719
G1 X154.7283 Y-218.0014
G1 X154.7766 Y-218.1671
G1 X155.0448 Y-218.8183
G1 X155.2600 Y-219.4856
G1 X155.3640 Y-219.7592
G1 X155.5106 Y-220.0359
G1 X155.5819 Y-220.1341
G1 X155.6562 Y-220.2125
G1 X155.7699 Y-220.2900
G1 X155.9359 Y-220.3606
G1 X156.1255 Y-220.4086
G1 X156.3300 Y-220.4360
G1 X156.5754 Y-220.4446
G1 X156.8146 Y-220.4311
G1 X157.0335 Y-220.3986
G1 X157.2179 Y-220.3503
G1 X157.0112 Y-219.5855
G1 X156.7716 Y-218.8983
G1 X156.4455 Y-218.0293
G1 X156.3997 Y-217.8743
G1 X156.3824 Y-217.7244
G1 X156.3996 Y-217.6110
G1 X156.4531 Y-217.5059
G1 X156.5510 Y-217.4113
G1 Z0.0000 F2500.0
G4 P0.02
G0 X161.6528 Y-219.5288 F15000.0
G1 Z11.9000 F2500.0
G4 P0.02
G1 X161.0779 Y-217.9777 F12000.0
G1 X160.9705 Y-217.7657
G1 X160.8441 Y-217.6078
G1 X160.7247 Y-217.5141
G1 X160.6069 Y-217.4520
G1 X160.4551 Y-217.3999
G1 X160.2699 Y-217.3650
G1 X159.9036 Y-217.3434
G1 X159.7086 Y-217.3489
G1 X159.5613 Y-217.3861
G1 X159.4654 Y-217.4514
G1 X159.4273 Y-217.4993
G1 X159.3879 Y-217.5822
G1 X159.3624 Y-217.7383
G1 X159.3803 Y-217.9282
G1 X159.4462 Y-218.1640
G1 X159.5890 Y-218.5779
G1 X160.0632 Y-219.8071
G1 X160.1762 Y-220.0343
G1 X160.3078 Y-220.2050
G1 X160.4016 Y-220.2843
G1 X160.5119 Y-220.3470
G1 X160.6414 Y-220.3900
G1 X160.8142 Y-220.4202
G1 X161.0199 Y-220.4353
G1 X161.2373 Y-220.4299
G1 X161.4120 Y-220.4058
G1 X161.5679 Y-220.3604
G1 X161.6708 Y-220.3066
G1 X161.7313 Y-220.2550
G1 X161.7742 Y-220.1930
G1 X161.7994 Y-220.1143
G1 X161.8055 Y-220.0256
G1 X161.7885 Y-219.9006
G1 X161.6901 Y-219.6167
G1 X161.6528 Y-219.5288
G1 Z0.0000 F2500.0
G4 P0.02
G0 X161.7808 Y-217.3539 F15000.0
G1 Z11.9000 F2500.0
G4 P0.02
G1 X161.9745 Y-217.7390 F12000.0
G1 X162.1524 Y-218.1808
G1 X162.6121 Y-219.5607
G1 X162.7374 Y-219.9948
G1 X162.7989 Y-220.1539
G1 X162.8747 Y-220.2855
G1 X162.9480 Y-220.3584
G1 X163.0248 Y-220.3936
G1 X163.1503 Y-220.4126
G1 X163.5049 Y-220.3998
G1 X165.1024 Y-220.3952
G1 X165.2238 Y-220.3749
G1 X165.3049 Y-220.3414
G1 X165.3737 Y-220.2864
G1 X165.4265 Y-220.2042
G1 X165.4545 Y-220.1128
G1 X165.4617 Y-220.0237
G1 X165.4483 Y-219.9002
G1 X165.4155 Y-219.7747
G1 X165.1872 Y-219.1897
G1 X164.8020 Y-218.0381
G1 X164.6675 Y-217.7177
G1 X164.5394 Y-217.4688
G1 Z0.0000 F2500.0
G4 P0.02
G0 X163.1600 Y-217.4113 F15000.0
G1 Z11.9000 F2500.0
G4 P0.02
G1 X163.6422 Y-218.6757 F12000.0
G1 X164.1945 Y-220.3423
G1 Z0.0000 F2500.0
G4 P0.02
G0 X24.4263 Y-212.2390 F15000.0
G1 Z11.9000 F2500.0
G4 P0.02
G1 X23.7367 Y-210.3999 F12000.0
G1 X24.1389 Y-210.3999
G1 X24.8286 Y-212.2390
G1 Z0.0000 F2500.0
G4 P0.02
G0 X54.1386 Y-209.4229 F15000.0
G1 Z11.9000 F2500.0
G4 P0.02
G1 X54.8282 Y-211.2620 F12000.0
G1 X55.2879 Y-211.2620
G1 X54.5983 Y-209.4229
G1 X55.0581 Y-209.4229
G1 X55.7477 Y-211.2620
G1 Z0.0000 F2500.0
G4 P0.02
G0 X96.3794 Y-196.4921 F15000.0
G1 Z11.9000 F2500.0
G4 P0.02
G1 X96.0445 Y-196.4779 F12000.0
G1 X95.8894 Y-196.4826
G1 X95.7741 Y-196.5029
G1 X95.6931 Y-196.5317
G1 X95.5894 Y-196.5856
G1 X95.4667 Y-196.6729
G1 X95.2825 Y-196.8456
G1 X94.8875 Y-197.2771
G1 X94.7739 Y-197.3815
G1 X94.6552 Y-197.4691
G1 X94.4324 Y-197.0288
G1 X94.3317 Y-196.7884
G1 X94.2709 Y-196.5733
G1 X94.2497 Y-196.3583
G1 X94.2607 Y-196.2369
G1 X94.2817 Y-196.1472
G1 X94.3957 Y-195.8789
G1 X94.5745 Y-195.5959
G1 X94.6820 Y-195.4610
G1 X94.7986 Y-195.3369
G1 X94.9979 Y-195.1731
G1 X95.1784 Y-195.0784
G1 X95.3953 Y-195.0268
G1 X95.6223 Y-195.0134
G1 X95.8723 Y-195.0448
G1 X95.9925 Y-195.0775
G1 X96.1373 Y-195.1335
G1 X96.3542 Y-195.2546
G1 X96.5725 Y-195.4316
G1 X96.7583 Y-195.6453
G1 X96.9066 Y-195.8883
G1 X97.0119 Y-196.1538
G1 X97.0690 Y-196.4346
G1 X97.0497 Y-196.3883
G1 X96.8083 Y-195.7446
G1 X96.3255 Y-195.2617
G1 X95.6816 Y-195.1008
G1 X95.0378 Y-195.1813
G1 Z0.0000 F2500.0
G4 P0.02
G0 X102.9310 Y-196.4921 F15000.0
G1 Z11.9000 F2500.0
G4 P0.02
G1 X103.3127 Y-196.5063 F12000.0
G1 X103.5019 Y-196.4962
G1 X103.6283 Y-196.4619
G1 X103.6909 Y-196.4050
G1 X103.7240 Y-196.3288
G1 X103.7834 Y-196.1195
G1 X103.9262 Y-195.8432
G1 X104.1501 Y-195.5112
G1 X104.2545 Y-195.3863
G1 X104.3693 Y-195.2706
G1 X104.5189 Y-195.1544
G1 X104.6710 Y-195.0781
G1 X104.8709 Y-195.0301
G1 X105.0977 Y-195.0148
G1 X105.4033 Y-195.0392
G1 X105.6933 Y-195.1083
G1 X105.9105 Y-195.2029
G1 X106.1001 Y-195.3467
G1 X106.1880 Y-195.4370
G1 X106.2845 Y-195.5604
G1 X106.4206 Y-195.8063
G1 X106.5078 Y-196.0744
G1 X106.5455 Y-196.3549
G1 X106.5329 Y-196.6377
G1 X106.4695 Y-196.9130
G1 X106.4121 Y-197.0591
G1 X106.3547 Y-197.1709
G1 X106.2091 Y-197.3774
G1 X106.0218 Y-197.5553
G1 X105.9142 Y-197.6296
G1 X105.8015 Y-197.6907
G1 X105.5644 Y-197.7747
G1 X105.3173 Y-197.8107
G1 X105.0359 Y-197.7981
G1 X104.8815 Y-197.7685
G1 X104.7306 Y-197.7239
G1 X104.5848 Y-197.6651
G1 X104.4460 Y-197.5929
G1 X104.3155 Y-197.5081
G1 X104.1954 Y-197.4116
G1 X104.7638 Y-196.8369
G1 X104.8419 Y-196.5685
G1 X104.5402 Y-196.4921
G1 X104.8850 Y-196.6070
G1 X106.4942 Y-195.1128
G1 Z0.0000 F2500.0
G4 P0.02
G0 X103.7930 Y-196.4921 F15000.0
G1 Z11.9000 F2500.0
G4 P0.02
G1 X103.8551 Y-196.8943 F12000.0
G1 X104.0695 Y-197.4691
G1 X103.6781 Y-197.9288
G1 Z0.0000 F2500.0
G4 P0.02
G0 X99.4253 Y-202.1816 F15000.0
G1 Z11.9000 F2500.0
G4 P0.02
G1 X99.5835 Y-202.3673 F12000.0
G1 X99.7064 Y-202.5492
G1 X99.7921 Y-202.7167
G1 X99.8531 Y-202.8925
G1 X99.8831 Y-203.0755
G1 X99.8808 Y-203.2645
G1 X99.8486 Y-203.4499
G1 X99.7894 Y-203.6293
G1 X99.6895 Y-203.8279
G1 X99.5608 Y-204.0115
G1 X99.4072 Y-204.1766
G1 X99.2333 Y-204.3194
G1 X99.0430 Y-204.4364
G1 X98.8409 Y-204.5238
G1 X98.6311 Y-204.5781
G1 X98.4483 Y-204.5954
G1 Z0.0000 F2500.0
G4 P0.02
G0 X98.4452 Y-226.0599 F15000.0
G1 Z11.9000 F2500.0
G4 P0.02
G1 X98.4483 Y-226.4342 F12000.0
G1 X98.4621 Y-226.6478
G1 X98.4520 Y-226.7396
G1 X98.4150 Y-226.8175
G1 X98.3432 Y-226.8701
G1 X98.2549 Y-226.8908
G1 X97.8264 Y-226.8955
G1 X75.2163 Y-226.8952
G1 X74.9003 Y-226.8887
G1 X74.8413 Y-226.8751
G1 X74.7894 Y-226.8482
G1 X74.7479 Y-226.8033
G1 X74.7143 Y-226.7221
G1 X74.6926 Y-226.6087
G1 X74.6848 Y-226.4506
G1 X74.7130 Y-225.9169
G1 Z0.0000 F2500.0
G4 P0.02
G0 X74.7130 Y-204.5380 F15000.0
G1 Z11.9000 F2500.0
G4 P0.02
G1 X74.6700 Y-203.6714 F12000.0
G1 X74.6824 Y-203.4485
G1 X74.7233 Y-203.2485
G1 X74.7647 Y-203.1466
G1 X74.8246 Y-203.0464
G1 X74.9201 Y-202.9230
G1 X75.0320 Y-202.8027
G1 X75.5175 Y-202.3541
G1 Z0.0000 F2500.0
G4 P0.02
G0 X84.5404 Y-193.3312 F15000.0
G1 Z11.9000 F2500.0
G4 P0.02
G1 X84.9856 Y-192.8473 F12000.0
G1 X85.2208 Y-192.6431
G1 X85.3451 Y-192.5680
G1 X85.4501 Y-192.5292
G1 X85.6013 Y-192.5032
G1 X85.7668 Y-192.4962
G1 X86.3795 Y-192.5266
G1 Z0.0000 F2500.0
G4 P0.02
G0 X107.9884 Y-192.5266 F15000.0
G1 Z11.9000 F2500.0
G4 P0.02
G1 X108.4328 Y-192.5071 F12000.0
G1 X108.5983 Y-192.5160
G1 X108.7200 Y-192.5409
G1 X108.8487 Y-192.6031
G1 X108.9072 Y-192.6573
G1 X108.9541 Y-192.7239
G1 X108.9907 Y-192.8014
G1 X109.0252 Y-192.9185
G1 X109.0541 Y-193.1505
G1 X109.0545 Y-193.3987
G1 X109.0229 Y-193.9633
G1 Z0.0000 F2500.0
G4 P0.02
G0 X109.0226 Y-196.9286 F15000.0
G1 Z11.9000 F2500.0
G4 P0.02
G1 X108.9868 Y-197.5006 F12000.0
G1 X108.9938 Y-197.6478
G1 X109.0220 Y-197.7917
G1 X109.0943 Y-197.9613
G1 X109.1953 Y-198.1012
G1 X109.8274 Y-197.9863
G1 X110.6142 Y-198.0277
G1 X110.7597 Y-198.7334
G1 X110.9769 Y-200.8598
G1 Z0.0000 F2500.0
G4 P0.02
G0 X74.6771 Y-203.2282 F15000.0
G1 Z11.9000 F2500.0
G4 P0.02
G1 X74.6771 Y-226.9664 F12000.0
G1 Z0.0000 F2500.0
G4 P0.02
G0 X87.7588 Y-211.2045 F15000.0
G1 Z11.9000 F2500.0
G4 P0.02
G1 X87.0692 Y-209.3655 F12000.0
G1 X87.4714 Y-209.3655
G1 X88.1611 Y-211.2045
G1 Z0.0000 F2500.0
G4 P0.02
G0 X98.4178 Y-203.2282 F15000.0
G1 Z11.9000 F2500.0
G4 P0.02
G1 X98.4178 Y-226.9664 F12000.0
G1 Z0.0000 F2500.0
G4 P0.02
G0 X98.5057 Y-226.7216 F15000.0
G1 Z11.9000 F2500.0
G4 P0.02
G1 X98.6166 Y-226.6715 F12000.0
G1 X98.7214 Y-226.6067
G1 X98.8450 Y-226.5096
G1 X98.9621 Y-226.4000
G1 X99.3104 Y-226.0319
G1 Z0.0000 F2500.0
G4 P0.02
G0 X108.2758 Y-217.0665 F15000.0
G1 Z11.9000 F2500.0
G4 P0.02
G1 X108.7446 Y-216.6365 F12000.0
G1 X108.8922 Y-216.4665
G1 X108.9835 Y-216.3140
G1 X109.0310 Y-216.1501
G1 X109.0464 Y-215.9329
G1 X109.0229 Y-215.3999
G1 X109.0193 Y-198.8460
G1 X109.0298 Y-198.6661
G1 X109.0601 Y-198.5225
G1 X109.1199 Y-198.3831
G1 X109.1953 Y-198.2737
G1 X110.7469 Y-200.4576
G1 Z0.0000 F2500.0
G4 P0.02
G0 X103.3908 Y-212.6988 F15000.0
G1 Z11.9000 F2500.0
G4 P0.02
G1 X103.5622 Y-212.8113 F12000.0
G1 X103.6935 Y-212.9376
G1 X103.7944 Y-213.0776
G1 X103.8862 Y-213.2585
G1 X104.3417 Y-214.4442
G1 X104.4812 Y-214.8335
G1 X104.6121 Y-215.2575
G1 X104.7125 Y-215.6872
G1 Z0.0000 F2500.0
G4 P0.02
G0 X104.3678 Y-215.7447 F15000.0
G1 Z11.9000 F2500.0
G4 P0.02
G1 X105.3780 Y-215.7044 F12000.0
G1 X105.6729 Y-215.7059
G1 X105.9314 Y-215.7222
G1 X106.1826 Y-215.7575
G1 X106.3937 Y-215.8076
G1 X106.5941 Y-215.8788
G1 X106.7815 Y-215.9745
G1 Z0.0000 F2500.0
G4 P0.02
G0 X106.0919 Y-215.6298 F15000.0
G1 Z11.9000 F2500.0
G4 P0.02
G1 X105.5923 Y-214.1714 F12000.0
G1 X105.3568 Y-213.5525
G1 X105.2879 Y-213.3415
G1 X105.2485 Y-213.1589
G1 X105.2360 Y-213.0058
G1 X105.2473 Y-212.8523
G1 X105.2873 Y-212.6988
G1 Z0.0000 F2500.0
G4 P0.02
G0 X106.4367 Y-211.0895 F15000.0
G1 Z11.9000 F2500.0
G4 P0.02
G1 X106.7703 Y-211.0873 F12000.0
G1 X106.9511 Y-211.1031
G1 X107.1294 Y-211.1493
G1 X107.2723 Y-211.2152
G1 X107.4508 Y-211.3418
G1 X107.6026 Y-211.5017
G1 X107.7258 Y-211.6874
G1 X107.8186 Y-211.8920
G1 X107.8791 Y-212.1079
G1 X107.9042 Y-212.3270
G1 X107.8886 Y-212.4147
G1 X107.8224 Y-212.6104
G1 X107.8183 Y-212.7266
G1 X107.8689 Y-212.8348
G1 X108.0522 Y-213.0453
G1 X108.1653 Y-213.2396
G1 X108.2378 Y-213.4557
G1 X108.2536 Y-213.5790
G1 X108.2505 Y-213.6678
G1 X108.2235 Y-213.7774
G1 X108.1841 Y-213.8504
G1 X108.1266 Y-213.9132
G1 X108.0496 Y-213.9640
G1 X107.9513 Y-214.0005
G1 X107.8427 Y-214.0196
G1 X107.5287 Y-214.0205
G1 Z0.0000 F2500.0
G4 P0.02
G0 X107.7585 Y-212.6988 F15000.0
G1 Z11.9000 F2500.0
G4 P0.02
G1 X107.4137 Y-212.6413 F12000.0
G1 Z0.0000 F2500.0
G4 P0.02
G0 X133.4478 Y-210.3999 F15000.0
G1 Z11.9000 F2500.0
G4 P0.02
G1 X133.6192 Y-210.5124 F12000.0
G1 X133.7505 Y-210.6387
G1 X133.8514 Y-210.7789
G1 X133.9433 Y-210.9596
G1 X134.3987 Y-212.1454
G1 X134.5382 Y-212.5347
G1 X134.6691 Y-212.9588
G1 X134.7696 Y-213.3884
G1 Z0.0000 F2500.0
G4 P0.02
G0 X134.4248 Y-213.4459 F15000.0
G1 Z11.9000 F2500.0
G4 P0.02
G1 X135.4350 Y-213.4055 F12000.0
G1 X135.7300 Y-213.4071
G1 X135.9884 Y-213.4234
G1 X136.2397 Y-213.4586
G1 X136.4507 Y-213.5087
G1 X136.6511 Y-213.5801
G1 X136.8385 Y-213.6758
G1 Z0.0000 F2500.0
G4 P0.02
G0 X136.1489 Y-213.3309 F15000.0
G1 Z11.9000 F2500.0
G4 P0.02
G1 X135.6493 Y-211.8727 F12000.0
G1 X135.4139 Y-211.2536
G1 X135.3450 Y-211.0428
G1 X135.3055 Y-210.8601
G1 X135.2931 Y-210.7069
G1 X135.3043 Y-210.5535
G1 X135.3444 Y-210.3999
G1 Z0.0000 F2500.0
G4 P0.02
G0 X136.8385 Y-209.8826 F15000.0
G1 Z11.9000 F2500.0
G4 P0.02
G1 X137.4708 Y-211.6643 F12000.0
G1 X137.4133 Y-211.6068
G1 X136.9535 Y-211.3769
G1 Z0.0000 F2500.0
G4 P0.02
G0 X139.9420 Y-210.3999 F15000.0
G1 Z11.9000 F2500.0
G4 P0.02
G1 X140.6317 Y-212.0091 F12000.0
G1 Z0.0000 F2500.0
G4 P0.02
G0 X141.1489 Y-213.5033 F15000.0
G1 Z11.9000 F2500.0
G4 P0.02
G1 X140.7448 Y-212.5264 F12000.0
G1 X140.6506 Y-212.0729
G1 X140.9764 Y-211.9516
G1 X141.8385 Y-211.9516
G1 X142.1770 Y-211.9838
G1 X142.3943 Y-212.4114
G1 X142.7581 Y-213.3884
G1 Z0.0000 F2500.0
G4 P0.02
G0 X142.1258 Y-211.8941 F15000.0
G1 Z11.9000 F2500.0
G4 P0.02
G1 X141.6661 Y-210.4574 F12000.0
G1 Z0.0000 F2500.0
G4 P0.02
G0 X144.3672 Y-210.6298 F15000.0
G1 Z11.9000 F2500.0
G4 P0.02
G1 X144.0412 Y-210.4989 F12000.0
G1 X143.7137 Y-210.4248
G1 X143.4960 Y-210.4038
G1 X143.2684 Y-210.4001
G1 X143.1407 Y-210.4058
G1 X143.0214 Y-210.4318
G1 X142.9422 Y-210.4743
G1 X142.8757 Y-210.5438
G1 X142.8334 Y-210.6247
G1 X142.8107 Y-210.7065
G1 X142.8018 Y-210.7941
G1 X142.8081 Y-210.9180
G1 X142.8320 Y-211.0475
G1 X142.8802 Y-211.2132
G1 X143.1483 Y-211.8644
G1 X143.3636 Y-212.5316
G1 X143.4675 Y-212.8052
G1 X143.6142 Y-213.0820
G1 X143.6855 Y-213.1802
G1 X143.7598 Y-213.2586
G1 X143.8735 Y-213.3361
G1 X144.0395 Y-213.4067
G1 X144.2292 Y-213.4547
G1 X144.4336 Y-213.4821
G1 X144.6790 Y-213.4906
G1 X144.9182 Y-213.4771
G1 X145.1371 Y-213.4446
G1 X145.3215 Y-213.3964
G1 X145.1148 Y-212.6315
G1 X144.8752 Y-211.9444
G1 X144.5491 Y-211.0754
G1 X144.5034 Y-210.9204
G1 X144.4861 Y-210.7704
G1 X144.5033 Y-210.6571
G1 X144.5568 Y-210.5520
G1 X144.6546 Y-210.4574
G1 Z0.0000 F2500.0
G4 P0.02
G0 X150.1325 Y-212.6304 F15000.0
G1 Z11.9000 F2500.0
G4 P0.02
G1 X149.8997 Y-211.9135 F12000.0
G1 X149.7926 Y-211.6390
G1 X149.6846 Y-211.4053
G1 X149.5614 Y-211.1857
G1 X149.4390 Y-211.0085
G1 X149.3008 Y-210.8480
G1 X149.1682 Y-210.7260
G1 X148.9689 Y-210.5889
G1 X148.7714 Y-210.4959
G1 X148.5501 Y-210.4311
G1 X148.3323 Y-210.4005
G1 X148.1559 Y-210.4041
G1 X147.9721 Y-210.4456
G1 X147.8435 Y-210.5094
G1 X147.7208 Y-210.6185
G1 X147.6348 Y-210.7607
G1 X147.5876 Y-210.9332
G1 X147.5816 Y-211.1334
G1 X147.6097 Y-211.3195
G1 X147.7137 Y-211.6777
G1 X148.0625 Y-212.5767
G1 X148.3842 Y-213.5485
G1 X148.5660 Y-213.9692
G1 X148.6590 Y-214.1361
G1 X148.7632 Y-214.2910
G1 X148.8803 Y-214.4314
G1 X148.9886 Y-214.5356
G1 X149.1079 Y-214.6262
G1 X149.2388 Y-214.7020
G1 X149.4127 Y-214.7711
G1 X149.6229 Y-214.8164
G1 X149.8414 Y-214.8321
G1 X150.0737 Y-214.8169
G1 X150.2657 Y-214.7721
G1 X150.4087 Y-214.7078
G1 X150.5270 Y-214.6150
G1 X150.6117 Y-214.4904
G1 X150.6493 Y-214.3654
G1 X150.6583 Y-214.2504
G1 X150.6504 Y-214.1302
G1 X150.6211 Y-213.9746
G1 X150.5417 Y-213.7205
G1 X150.3081 Y-213.1532
G1 X150.1803 Y-212.7821
G1 X150.1325 Y-212.6304
G1 Z0.0000 F2500.0
G4 P0.02
G0 X152.2981 Y-210.3999 F15000.0
G1 Z11.9000 F2500.0
G4 P0.02
G1 X152.9303 Y-212.0665 F12000.0
G1 X153.4476 Y-213.0435
G1 X153.4476 Y-213.3309
G1 X153.6377 Y-212.8136
G1 X153.9217 Y-212.1706
G1 X154.3096 Y-212.3556
G1 X155.1716 Y-212.9861
G1 X155.4590 Y-213.4459
G1 X155.1142 Y-212.4689
G1 X154.3671 Y-210.4574
G1 Z0.0000 F2500.0
G4 P0.02
G0 X155.2866 Y-210.3999 F15000.0
G1 Z11.9000 F2500.0
G4 P0.02
G1 X155.9187 Y-212.0665 F12000.0
G1 X156.4360 Y-213.0435
G1 X156.4360 Y-213.3309
G1 X156.6262 Y-212.8136
G1 X156.9101 Y-212.1706
G1 X157.2981 Y-212.3556
G1 X158.1601 Y-212.9861
G1 X158.4475 Y-213.4459
G1 X158.1026 Y-212.4689
G1 X157.3555 Y-210.4574
G1 Z0.0000 F2500.0
G4 P0.02
G0 X157.9302 Y-209.7103 F15000.0
G1 Z11.9000 F2500.0
G4 P0.02
G1 X158.3900 Y-210.3999 F12000.0
G1 Z0.0000 F2500.0
G4 P0.02
G0 X58.9840 Y-204.2743 F15000.0
G1 Z11.9000 F2500.0
G4 P0.02
G1 X12.4683 Y-204.2743 F12000.0
G1 Z0.0000 F2500.0
G4 P0.02
G0 X19.1965 Y-207.0666 F15000.0
G1 Z11.9000 F2500.0
G4 P0.02
G1 X19.8709 Y-208.1391 F12000.0
G1 X19.9665 Y-208.2646
G1 X20.1496 Y-208.4342
G1 X20.2056 Y-208.5050
G1 X20.2438 Y-208.5860
G1 X20.3233 Y-208.8215
G1 X20.4259 Y-209.0105
G1 X21.3054 Y-210.4223
G1 X21.4206 Y-210.5742
G1 X21.5277 Y-210.6874
G1 X21.6475 Y-210.7838
G1 X21.7827 Y-210.8596
G1 X21.9551 Y-211.2620
G1 X21.8354 Y-209.9976
G1 X21.6566 Y-208.3885
G1 X21.4953 Y-207.1241
G1 Z0.0000 F2500.0
G4 P0.02
G0 X21.6103 Y-208.3885 F15000.0
G1 Z11.9000 F2500.0
G4 P0.02
G1 X20.2884 Y-208.3885 F12000.0
G1 Z0.0000 F2500.0
G4 P0.02
G0 X24.0815 Y-208.0436 F15000.0
G1 Z11.9000 F2500.0
G4 P0.02
G1 X25.7482 Y-208.0436 F12000.0
G1 Z0.0000 F2500.0
G4 P0.02
G0 X24.2179 Y-204.6766 F15000.0
G1 Z11.9000 F2500.0
G4 P0.02
G1 X24.1375 Y-204.0328 F12000.0
G1 X24.4594 Y-203.3891
G1 X25.0227 Y-202.9867
G1 X25.6665 Y-202.9063
G1 X26.3104 Y-203.0672
G1 X26.7932 Y-203.5500
G1 X27.0347 Y-204.1938
G1 X27.0347 Y-204.2743
G1 X26.8737 Y-204.9985
G1 X26.3909 Y-205.4812
G1 X25.7470 Y-205.7227
G1 X25.1032 Y-205.6422
G1 X24.5399 Y-205.3203
G1 X24.2179 Y-204.6766
G1 Z0.0000 F2500.0
G4 P0.02
G0 X24.5413 Y-209.0206 F15000.0
G1 Z11.9000 F2500.0
G4 P0.02
G1 X26.1504 Y-209.0781 F12000.0
G1 Z0.0000 F2500.0
G4 P0.02
G0 X26.2653 Y-207.0666 F15000.0
G1 Z11.9000 F2500.0
G4 P0.02
G1 X26.9398 Y-208.1391 F12000.0
G1 X27.0354 Y-208.2646
G1 X27.2184 Y-208.4342
G1 X27.2745 Y-208.5050
G1 X27.3127 Y-208.5860
G1 X27.3922 Y-208.8215
G1 X27.4947 Y-209.0105
G1 X28.3743 Y-210.4223
G1 X28.4895 Y-210.5742
G1 X28.5966 Y-210.6874
G1 X28.7164 Y-210.7838
G1 X28.8516 Y-210.8596
G1 X29.0239 Y-211.2620
G1 X28.9042 Y-209.9976
G1 X28.7255 Y-208.3885
G1 X28.5642 Y-207.1241
G1 Z0.0000 F2500.0
G4 P0.02
G0 X27.3573 Y-208.3885 F15000.0
G1 Z11.9000 F2500.0
G4 P0.02
G1 X28.6791 Y-208.3885 F12000.0
G1 Z0.0000 F2500.0
G4 P0.02
G0 X30.0010 Y-207.2390 F15000.0
G1 Z11.9000 F2500.0
G4 P0.02
G1 X29.3688 Y-206.4920 F12000.0
G1 Z0.0000 F2500.0
G4 P0.02
G0 X29.8860 Y-207.7562 F15000.0
G1 Z11.9000 F2500.0
G4 P0.02
G1 X30.0010 Y-207.2390 F12000.0
G1 X30.5757 Y-207.8137
G1 Z0.0000 F2500.0
G4 P0.02
G0 X29.9435 Y-207.0091 F15000.0
G1 Z11.9000 F2500.0
G4 P0.02
G1 X30.1159 Y-206.5494 F12000.0
G1 Z0.0000 F2500.0
G4 P0.02
G0 X33.7142 Y-204.6766 F15000.0
G1 Z11.9000 F2500.0
G4 P0.02
G1 X34.0361 Y-205.3203 F12000.0
G1 X34.5994 Y-205.6422
G1 X35.2433 Y-205.7227
G1 X35.8871 Y-205.4812
G1 X36.3700 Y-204.9985
G1 X36.5309 Y-204.2743
G1 X36.5309 Y-204.1938
G1 X36.2895 Y-203.5500
G1 X35.8066 Y-203.0672
G1 X35.1628 Y-202.9063
G1 X34.5191 Y-202.9867
G1 X33.9557 Y-203.3891
G1 X33.7142 Y-204.0328
G1 X33.7142 Y-204.6766
G1 Z0.0000 F2500.0
G4 P0.02
G0 X35.1158 Y-181.4923 F15000.0
G1 Z11.9000 F2500.0
G4 P0.02
G1 X35.1158 Y-201.8368 F12000.0
G1 X35.0924 Y-202.2724
G1 X35.0927 Y-202.4668
G1 X35.1061 Y-202.5880
G1 X35.1349 Y-202.6971
G1 X35.1593 Y-202.7450
G1 X35.2132 Y-202.8046
G1 X35.2847 Y-202.8519
G1 X35.3696 Y-202.8899
G1 X35.7618 Y-203.0029
G1 X35.9074 Y-203.0611
G1 X36.0275 Y-203.1508
G1 X36.1820 Y-203.3167
G1 X36.3221 Y-203.5295
G1 X36.4226 Y-203.7605
G1 X36.4831 Y-204.0033
G1 X36.5031 Y-204.2511
G1 X36.4765 Y-204.5276
G1 X36.3972 Y-204.7927
G1 X36.3300 Y-204.9316
G1 X36.2645 Y-205.0370
G1 X36.1673 Y-205.1601
G1 X36.0775 Y-205.2508
G1 X35.8653 Y-205.4078
G1 X35.7504 Y-205.4690
G1 X35.6072 Y-205.5277
G1 X35.3352 Y-205.5958
G1 X35.1793 Y-205.6124
G1 X35.0224 Y-205.6134
G1 X34.7435 Y-205.5756
G1 X34.5937 Y-205.5320
G1 X34.4782 Y-205.4853
G1 X34.3407 Y-205.4121
G1 X34.2374 Y-205.3414
G1 X34.0537 Y-205.1684
G1 X33.9117 Y-204.9634
G1 X33.8563 Y-204.8512
G1 X33.8015 Y-204.7039
G1 X33.7425 Y-204.4249
G1 X33.7335 Y-204.1377
G1 X33.7667 Y-203.8849
G1 X33.8377 Y-203.6428
G1 X33.9616 Y-203.3931
G1 X34.0757 Y-203.2588
G1 X34.3038 Y-203.0860
G1 X34.4836 Y-202.9781
G1 X34.5997 Y-202.9245
G1 X34.8059 Y-202.8796
G1 X35.1158 Y-202.8713
G1 X35.1158 Y-227.0089
G1 Z0.0000 F2500.0
G4 P0.02
G0 X57.4810 Y-184.1291 F15000.0
G1 Z11.9000 F2500.0
G4 P0.02
G1 X57.4810 Y-228.6295 F12000.0
G1 Z0.0000 F2500.0
G4 P0.02
G0 X39.7892 Y-208.6649 F15000.0
G1 Z11.9000 F2500.0
G4 P0.02
G1 X39.5564 Y-207.9480 F12000.0
G1 X39.4493 Y-207.6736
G1 X39.3413 Y-207.4398
G1 X39.2182 Y-207.2203
G1 X39.0957 Y-207.0430
G1 X38.9574 Y-206.8825
G1 X38.8249 Y-206.7605
G1 X38.6256 Y-206.6234
G1 X38.4281 Y-206.5305
G1 X38.2069 Y-206.4656
G1 X37.9890 Y-206.4350
G1 X37.8126 Y-206.4386
G1 X37.6287 Y-206.4801
G1 X37.5001 Y-206.5439
G1 X37.3775 Y-206.6530
G1 X37.2914 Y-206.7952
G1 X37.2441 Y-206.9678
G1 X37.2381 Y-207.1680
G1 X37.2662 Y-207.3540
G1 X37.3702 Y-207.7122
G1 X37.7192 Y-208.6113
G1 X38.0409 Y-209.5831
G1 X38.2227 Y-210.0038
G1 X38.3157 Y-210.1706
G1 X38.4198 Y-210.3256
G1 X38.5369 Y-210.4660
G1 X38.6453 Y-210.5701
G1 X38.7645 Y-210.6608
G1 X38.8956 Y-210.7366
G1 X39.0695 Y-210.8057
G1 X39.2796 Y-210.8510
G1 X39.4981 Y-210.8666
G1 X39.7304 Y-210.8515
G1 X39.9224 Y-210.8067
G1 X40.0654 Y-210.7423
G1 X40.1837 Y-210.6495
G1 X40.2684 Y-210.5249
G1 X40.3060 Y-210.3999
G1 X40.3149 Y-210.2850
G1 X40.3070 Y-210.1647
G1 X40.2778 Y-210.0092
G1 X40.1983 Y-209.7550
G1 X39.9647 Y-209.1877
G1 X39.8369 Y-208.8166
G1 X39.7892 Y-208.6649
G1 Z0.0000 F2500.0
G4 P0.02
G0 X40.1732 Y-207.4689 F15000.0
G1 Z11.9000 F2500.0
G4 P0.02
G1 X41.8399 Y-207.4689 F12000.0
G1 Z0.0000 F2500.0
G4 P0.02
G0 X42.2421 Y-208.5034 F15000.0
G1 Z11.9000 F2500.0
G4 P0.02
G1 X40.6330 Y-208.4459 F12000.0
G1 Z0.0000 F2500.0
G4 P0.02
G0 X42.3571 Y-206.4920 F15000.0
G1 Z11.9000 F2500.0
G4 P0.02
G1 X43.0314 Y-207.5644 F12000.0
G1 X43.1272 Y-207.6898
G1 X43.3102 Y-207.8595
G1 X43.3663 Y-207.9302
G1 X43.4045 Y-208.0113
G1 X43.4837 Y-208.2468
G1 X43.5864 Y-208.4357
G1 X44.4661 Y-209.8478
G1 X44.5813 Y-209.9996
G1 X44.6884 Y-210.1127
G1 X44.8082 Y-210.2092
G1 X44.9433 Y-210.2850
G1 X45.1157 Y-210.6873
G1 X44.9961 Y-209.4229
G1 X44.8174 Y-207.8137
G1 X44.6559 Y-206.5494
G1 Z0.0000 F2500.0
G4 P0.02
G0 X44.7709 Y-207.8137 F15000.0
G1 Z11.9000 F2500.0
G4 P0.02
G1 X43.4490 Y-207.8137 F12000.0
G1 Z0.0000 F2500.0
G4 P0.02
G0 X45.9203 Y-207.2390 F15000.0
G1 Z11.9000 F2500.0
G4 P0.02
G1 X46.4519 Y-207.1626 F12000.0
G1 X46.3208 Y-206.8367
G1 X45.6329 Y-205.9747
G1 X46.2076 Y-205.9172
G1 Z0.0000 F2500.0
G4 P0.02
G0 X49.5984 Y-206.0321 F15000.0
G1 Z11.9000 F2500.0
G4 P0.02
G1 X50.2726 Y-207.1046 F12000.0
G1 X50.3684 Y-207.2301
G1 X50.5515 Y-207.3997
G1 X50.6076 Y-207.4705
G1 X50.6458 Y-207.5516
G1 X50.7250 Y-207.7870
G1 X50.8277 Y-207.9760
G1 X51.7074 Y-209.3880
G1 X51.8226 Y-209.5399
G1 X51.9297 Y-209.6530
G1 X52.0495 Y-209.7494
G1 X52.1845 Y-209.8252
G1 X52.3569 Y-210.2275
G1 X52.2374 Y-208.9631
G1 X52.0587 Y-207.3540
G1 X51.8972 Y-206.0896
G1 Z0.0000 F2500.0
G4 P0.02
G0 X52.0122 Y-207.3540 F15000.0
G1 Z11.9000 F2500.0
G4 P0.02
G1 X50.6903 Y-207.3540 F12000.0
G1 Z0.0000 F2500.0
G4 P0.02
G0 X53.0287 Y-205.3203 F15000.0
G1 Z11.9000 F2500.0
G4 P0.02
G1 X52.7068 Y-204.6766 F12000.0
G1 X52.7068 Y-204.0328
G1 X52.9483 Y-203.3891
G1 X53.5116 Y-202.9867
G1 X54.1555 Y-202.9063
G1 X54.7992 Y-203.0672
G1 X55.2821 Y-203.5500
G1 X55.5235 Y-204.1938
G1 X55.5235 Y-204.2743
G1 X55.3625 Y-204.9985
G1 X54.8797 Y-205.4812
G1 X54.3164 Y-205.7227
G1 X53.5921 Y-205.6422
G1 X53.0287 Y-205.3203
G1 Z0.0000 F2500.0
G4 P0.02
G0 X54.0750 Y-204.1133 F15000.0
G1 Z11.9000 F2500.0
G4 P0.02
G1 X53.9140 Y-201.6992 F12000.0
G1 X53.4312 Y-199.2852
G1 X52.6263 Y-196.9516
G1 X51.4997 Y-194.6985
G1 Z0.0000 F2500.0
G4 P0.02
G0 X54.1386 Y-204.1931 F15000.0
G1 Z11.9000 F2500.0
G4 P0.02
G1 X59.0236 Y-204.1931 F12000.0
G1 Z0.0000 F2500.0
G4 P0.02
G0 X54.9432 Y-207.0091 F15000.0
G1 Z11.9000 F2500.0
G4 P0.02
G1 X56.6098 Y-207.0091 F12000.0
G1 Z0.0000 F2500.0
G4 P0.02
G0 X55.4029 Y-207.9861 F15000.0
G1 Z11.9000 F2500.0
G4 P0.02
G1 X57.0121 Y-208.0436 F12000.0
G1 Z0.0000 F2500.0
G4 P0.02
G0 X57.1845 Y-206.0321 F15000.0
G1 Z11.9000 F2500.0
G4 P0.02
G1 X57.8588 Y-207.1046 F12000.0
G1 X57.9545 Y-207.2301
G1 X58.1376 Y-207.3997
G1 X58.1938 Y-207.4705
G1 X58.2320 Y-207.5516
G1 X58.3111 Y-207.7870
G1 X58.4139 Y-207.9760
G1 X59.2935 Y-209.3880
G1 X59.4087 Y-209.5399
G1 X59.5157 Y-209.6530
G1 X59.6356 Y-209.7494
G1 X59.7707 Y-209.8252
G1 X59.9431 Y-210.2275
G1 X59.8235 Y-208.9631
G1 X59.6448 Y-207.3540
G1 X59.4833 Y-206.0896
G1 Z0.0000 F2500.0
G4 P0.02
G0 X59.5982 Y-207.3540 F15000.0
G1 Z11.9000 F2500.0
G4 P0.02
G1 X58.2764 Y-207.3540 F12000.0
G1 Z0.0000 F2500.0
G4 P0.02
G0 X61.4948 Y-206.7792 F15000.0
G1 Z11.9000 F2500.0
G4 P0.02
G1 X61.3489 Y-206.5779 F12000.0
G1 X60.9953 Y-206.0321
G1 X60.7045 Y-205.6812
G1 X60.4732 Y-205.2364
G1 X60.3777 Y-205.0840
G1 X60.3010 Y-204.9948
G1 X60.2092 Y-204.9187
G1 X60.0984 Y-204.8584
G1 X60.0006 Y-204.8252
G1 Z0.0000 F2500.0
G4 P0.02
G0 X60.6902 Y-205.7448 F15000.0
G1 Z11.9000 F2500.0
G4 P0.02
G1 X60.6902 Y-206.7218 F12000.0
G1 Z0.0000 F2500.0
G4 P0.02
G0 X70.8625 Y-201.3771 F15000.0
G1 Z11.9000 F2500.0
G4 P0.02
G1 X71.8843 Y-202.4673 F12000.0
G1 X72.1967 Y-202.7703
G1 X72.2493 Y-202.8563
G1 X72.2767 Y-202.9359
G1 X72.2992 Y-203.1586
G1 X72.8739 Y-203.5610
G1 X73.7360 Y-204.4805
G1 Z0.0000 F2500.0
G4 P0.02
G0 X72.0694 Y-204.3655 F15000.0
G1 Z11.9000 F2500.0
G4 P0.02
G1 X72.2418 Y-203.2161 F12000.0
G1 Z0.0000 F2500.0
G4 P0.02
G0 X72.3567 Y-202.6414 F15000.0
G1 Z11.9000 F2500.0
G4 P0.02
G1 X72.5866 Y-201.4920 F12000.0
G1 Z0.0000 F2500.0
G4 P0.02
G0 X74.6771 Y-203.2282 F15000.0
G1 Z11.9000 F2500.0
G4 P0.02
G1 X98.4178 Y-203.2282 F12000.0
G1 Z0.0000 F2500.0
G4 P0.02
G0 X89.1381 Y-203.1012 F15000.0
G1 Z11.9000 F2500.0
G4 P0.02
G1 X87.3565 Y-203.1586 F12000.0
G1 Z0.0000 F2500.0
G4 P0.02
G0 X82.5289 Y-205.9747 F15000.0
G1 Z11.9000 F2500.0
G4 P0.02
G1 X83.2033 Y-207.0472 F12000.0
G1 X83.2990 Y-207.1726
G1 X83.4821 Y-207.3422
G1 X83.5382 Y-207.4130
G1 X83.5765 Y-207.4941
G1 X83.6556 Y-207.7295
G1 X83.7583 Y-207.9185
G1 X84.6380 Y-209.3306
G1 X84.7532 Y-209.4824
G1 X84.8602 Y-209.5955
G1 X84.9800 Y-209.6919
G1 X85.1152 Y-209.7677
G1 X85.2876 Y-210.1700
G1 X85.1680 Y-208.9057
G1 X84.9893 Y-207.2965
G1 X84.8278 Y-206.0321
G1 Z0.0000 F2500.0
G4 P0.02
G0 X84.9427 Y-207.2965 F15000.0
G1 Z11.9000 F2500.0
G4 P0.02
G1 X83.6209 Y-207.2965 F12000.0
G1 Z0.0000 F2500.0
G4 P0.02
G0 X87.4140 Y-206.9517 F15000.0
G1 Z11.9000 F2500.0
G4 P0.02
G1 X89.0806 Y-206.9517 F12000.0
G1 Z0.0000 F2500.0
G4 P0.02
G0 X87.8753 Y-204.1938 F15000.0
G1 Z11.9000 F2500.0
G4 P0.02
G1 X87.5535 Y-203.6305 F12000.0
G1 X87.5535 Y-202.9867
G1 X87.7948 Y-202.3430
G1 X88.3582 Y-201.9406
G1 X89.0020 Y-201.7797
G1 X89.6458 Y-202.0211
G1 X90.1287 Y-202.5039
G1 X90.3701 Y-203.0672
G1 X90.3701 Y-203.2282
G1 X90.2092 Y-203.8719
G1 X89.7263 Y-204.4351
G1 X89.1630 Y-204.6766
G1 X88.4387 Y-204.5961
G1 X87.8753 Y-204.1938
G1 Z0.0000 F2500.0
G4 P0.02
G0 X89.2796 Y-203.1490 F15000.0
G1 Z11.9000 F2500.0
G4 P0.02
G1 X89.2179 Y-202.9591 F12000.0
G1 X89.0564 Y-202.8417
G1 X88.8566 Y-202.8417
G1 X88.6950 Y-202.9591
G1 X88.6334 Y-203.1490
G1 X88.6950 Y-203.3389
G1 X88.8566 Y-203.4563
G1 X89.0564 Y-203.4563
G1 X89.2179 Y-203.3389
G1 X89.2796 Y-203.1490
G1 Z0.0000 F2500.0
G4 P0.02
G0 X87.8737 Y-207.9287 F15000.0
G1 Z11.9000 F2500.0
G4 P0.02
G1 X89.4829 Y-207.9861 F12000.0
G1 Z0.0000 F2500.0
G4 P0.02
G0 X89.8277 Y-202.2391 F15000.0
G1 Z11.9000 F2500.0
G4 P0.02
G1 X89.1381 Y-203.1012 F12000.0
G1 X89.3453 Y-203.1514
G1 X89.5941 Y-203.1668
G1 X90.0001 Y-203.1586
G1 X98.2384 Y-203.1629
G1 X98.3322 Y-203.1537
G1 X98.4206 Y-203.1296
G1 X98.5246 Y-203.0724
G1 X98.6210 Y-202.9978
G1 X98.9655 Y-202.6414
G1 X99.1696 Y-202.4463
G1 X99.2493 Y-202.3470
G1 X99.2905 Y-202.2669
G1 X99.3061 Y-202.2048
G1 X99.3043 Y-202.1424
G1 X99.2845 Y-202.0875
G1 X99.2282 Y-202.0180
G1 X99.1488 Y-201.9615
G1 X99.0567 Y-201.9157
G1 X98.7252 Y-201.7949
G1 X98.6004 Y-201.7682
G1 X98.4456 Y-201.7551
G1 X98.2928 Y-201.7630
G1 X98.1424 Y-201.7906
G1 X97.9952 Y-201.8362
G1 X97.8514 Y-201.8983
G1 X97.7119 Y-201.9757
G1 X97.5771 Y-202.0667
G1 X97.4028 Y-202.2149
G1 X97.3460 Y-202.2856
G1 X97.2859 Y-202.3863
G1 X97.1606 Y-202.7046
G1 X97.1260 Y-202.8318
G1 X97.0985 Y-202.9918
G1 X97.0917 Y-203.2781
G1 X97.1108 Y-203.4334
G1 X97.1456 Y-203.5844
G1 X97.1956 Y-203.7295
G1 X97.2603 Y-203.8673
G1 X97.4124 Y-204.0922
G1 X97.5158 Y-204.2017
G1 X97.6079 Y-204.2801
G1 X97.7343 Y-204.3655
G1 X97.8441 Y-204.4227
G1 X97.9917 Y-204.4791
G1 X98.1179 Y-204.5113
G1 X98.3909 Y-204.5380
G1 Z0.0000 F2500.0
G4 P0.02
G0 X89.5978 Y-205.9747 F15000.0
G1 Z11.9000 F2500.0
G4 P0.02
G1 X90.2722 Y-207.0472 F12000.0
G1 X90.3679 Y-207.1726
G1 X90.5509 Y-207.3422
G1 X90.6071 Y-207.4131
G1 X90.6453 Y-207.4942
G1 X90.7245 Y-207.7297
G1 X90.8272 Y-207.9185
G1 X91.7069 Y-209.3306
G1 X91.8220 Y-209.4824
G1 X91.9291 Y-209.5955
G1 X92.0489 Y-209.6919
G1 X92.1840 Y-209.7677
G1 X92.3565 Y-210.1700
G1 X92.2369 Y-208.9057
G1 X92.0582 Y-207.2965
G1 X91.8967 Y-206.0321
G1 Z0.0000 F2500.0
G4 P0.02
G0 X90.6898 Y-207.2965 F15000.0
G1 Z11.9000 F2500.0
G4 P0.02
G1 X92.0116 Y-207.2965 F12000.0
G1 Z0.0000 F2500.0
G4 P0.02
G0 X93.3335 Y-206.1471 F15000.0
G1 Z11.9000 F2500.0
G4 P0.02
G1 X92.7012 Y-205.4000 F12000.0
G1 Z0.0000 F2500.0
G4 P0.02
G0 X93.2185 Y-206.6644 F15000.0
G1 Z11.9000 F2500.0
G4 P0.02
G1 X93.3335 Y-206.1471 F12000.0
G1 X93.9081 Y-206.7218
G1 Z0.0000 F2500.0
G4 P0.02
G0 X93.2760 Y-205.9172 F15000.0
G1 Z11.9000 F2500.0
G4 P0.02
G1 X93.4484 Y-205.4575 F12000.0
G1 Z0.0000 F2500.0
G4 P0.02
G0 X97.0497 Y-203.6305 F15000.0
G1 Z11.9000 F2500.0
G4 P0.02
G1 X97.3717 Y-204.1938 F12000.0
G1 X97.9350 Y-204.5961
G1 X98.6593 Y-204.6766
G1 X99.2227 Y-204.4351
G1 X99.7055 Y-203.8719
G1 X99.8664 Y-203.2282
G1 X99.8664 Y-203.0672
G1 X99.6250 Y-202.5039
G1 X99.1422 Y-202.0211
G1 X98.4983 Y-201.7797
G1 X97.8545 Y-201.9406
G1 X97.2912 Y-202.3430
G1 X97.0497 Y-202.9867
G1 X97.0497 Y-203.6305
G1 Z0.0000 F2500.0
G4 P0.02
G0 X103.1216 Y-207.5730 F15000.0
G1 Z11.9000 F2500.0
G4 P0.02
G1 X102.8889 Y-206.8561 F12000.0
G1 X102.7818 Y-206.5816
G1 X102.6738 Y-206.3479
G1 X102.5506 Y-206.1283
G1 X102.4282 Y-205.9510
G1 X102.2899 Y-205.7906
G1 X102.1573 Y-205.6685
G1 X101.9581 Y-205.5315
G1 X101.7605 Y-205.4385
G1 X101.5393 Y-205.3737
G1 X101.3215 Y-205.3431
G1 X101.1451 Y-205.3467
G1 X100.9612 Y-205.3882
G1 X100.8327 Y-205.4519
G1 X100.7100 Y-205.5611
G1 X100.6239 Y-205.7032
G1 X100.5767 Y-205.8758
G1 X100.5707 Y-206.0760
G1 X100.5989 Y-206.2620
G1 X100.7028 Y-206.6203
G1 X101.0516 Y-207.5193
G1 X101.3734 Y-208.4911
G1 X101.5552 Y-208.9118
G1 X101.6481 Y-209.0787
G1 X101.7524 Y-209.2336
G1 X101.8693 Y-209.3740
G1 X101.9778 Y-209.4782
G1 X102.0970 Y-209.5688
G1 X102.2280 Y-209.6446
G1 X102.4019 Y-209.7137
G1 X102.6120 Y-209.7590
G1 X102.8305 Y-209.7747
G1 X103.0629 Y-209.7595
G1 X103.2548 Y-209.7147
G1 X103.3979 Y-209.6504
G1 X103.5162 Y-209.5576
G1 X103.6009 Y-209.4330
G1 X103.6384 Y-209.3080
G1 X103.6473 Y-209.1930
G1 X103.6396 Y-209.0728
G1 X103.6103 Y-208.9172
G1 X103.5308 Y-208.6631
G1 X103.2973 Y-208.0957
G1 X103.1694 Y-207.7247
G1 X103.1216 Y-207.5730
G1 Z0.0000 F2500.0
G4 P0.02
G0 X103.5057 Y-206.3770 F15000.0
G1 Z11.9000 F2500.0
G4 P0.02
G1 X105.1724 Y-206.3770 F12000.0
G1 Z0.0000 F2500.0
G4 P0.02
G0 X105.5746 Y-207.4115 F15000.0
G1 Z11.9000 F2500.0
G4 P0.02
G1 X103.9655 Y-207.3540 F12000.0
G1 Z0.0000 F2500.0
G4 P0.02
G0 X105.6895 Y-205.4000 F15000.0
G1 Z11.9000 F2500.0
G4 P0.02
G1 X106.3639 Y-206.4725 F12000.0
G1 X106.4596 Y-206.5978
G1 X106.6427 Y-206.7676
G1 X106.6989 Y-206.8384
G1 X106.7371 Y-206.9193
G1 X106.8162 Y-207.1549
G1 X106.9189 Y-207.3438
G1 X107.7986 Y-208.7557
G1 X107.9138 Y-208.9075
G1 X108.0208 Y-209.0206
G1 X108.1406 Y-209.1172
G1 X108.2758 Y-209.1930
G1 X108.4482 Y-209.5954
G1 X108.3286 Y-208.3310
G1 X108.1499 Y-206.7218
G1 X107.9884 Y-205.4575
G1 Z0.0000 F2500.0
G4 P0.02
G0 X108.1033 Y-206.7218 F15000.0
G1 Z11.9000 F2500.0
G4 P0.02
G1 X106.7815 Y-206.7218 F12000.0
G1 Z0.0000 F2500.0
G4 P0.02
G0 X109.0409 Y-216.3445 F15000.0
G1 Z11.9000 F2500.0
G4 P0.02
G1 X109.0409 Y-192.6063 F12000.0
G1 Z0.0000 F2500.0
G4 P0.02
G0 X109.0803 Y-204.8252 F15000.0
G1 Z11.9000 F2500.0
G4 P0.02
G1 X109.5401 Y-204.8252 F12000.0
G1 Z0.0000 F2500.0
G4 P0.02
G0 X109.1378 Y-205.2276 F15000.0
G1 Z11.9000 F2500.0
G4 P0.02
G1 X109.7062 Y-205.8022 F12000.0
G1 X109.7844 Y-206.0707
G1 X109.2528 Y-206.1471
G1 Z0.0000 F2500.0
G4 P0.02
G0 X133.4478 Y-203.3885 F15000.0
G1 Z11.9000 F2500.0
G4 P0.02
G1 X133.6192 Y-203.5010 F12000.0
G1 X133.7505 Y-203.6273
G1 X133.8514 Y-203.7675
G1 X133.9433 Y-203.9482
G1 X134.3987 Y-205.1340
G1 X134.5382 Y-205.5233
G1 X134.6691 Y-205.9474
G1 X134.7696 Y-206.3770
G1 Z0.0000 F2500.0
G4 P0.02
G0 X134.4248 Y-206.4345 F15000.0
G1 Z11.9000 F2500.0
G4 P0.02
G1 X135.4350 Y-206.3941 F12000.0
G1 X135.7300 Y-206.3957
G1 X135.9884 Y-206.4120
G1 X136.2397 Y-206.4472
G1 X136.4507 Y-206.4973
G1 X136.6511 Y-206.5687
G1 X136.8385 Y-206.6644
G1 Z0.0000 F2500.0
G4 P0.02
G0 X136.1489 Y-206.3195 F15000.0
G1 Z11.9000 F2500.0
G4 P0.02
G1 X135.6493 Y-204.8614 F12000.0
G1 X135.4139 Y-204.2422
G1 X135.3450 Y-204.0314
G1 X135.3055 Y-203.8487
G1 X135.2931 Y-203.6956
G1 X135.3043 Y-203.5421
G1 X135.3444 Y-203.3885
G1 Z0.0000 F2500.0
G4 P0.02
G0 X137.2983 Y-202.8713 F15000.0
G1 Z11.9000 F2500.0
G4 P0.02
G1 X136.5513 Y-202.9287 F12000.0
G1 X136.6590 Y-203.1189
G1 X136.8173 Y-203.3094
G1 X137.0007 Y-203.4809
G1 X137.4389 Y-203.8480
G1 X137.6561 Y-204.0728
G1 X137.7474 Y-204.1987
G1 X137.8231 Y-204.3395
G1 X137.8449 Y-204.4338
G1 X137.8391 Y-204.5243
G1 X137.7931 Y-204.6323
G1 X137.7096 Y-204.7169
G1 X137.5951 Y-204.7684
G1 X137.4952 Y-204.7798
G1 X137.3715 Y-204.7636
G1 X137.2592 Y-204.7195
G1 X137.1558 Y-204.6553
G1 X137.0110 Y-204.5380
G1 Z0.0000 F2500.0
G4 P0.02
G0 X140.4018 Y-203.3885 F15000.0
G1 Z11.9000 F2500.0
G4 P0.02
G1 X141.0914 Y-204.9977 F12000.0
G1 Z0.0000 F2500.0
G4 P0.02
G0 X141.6087 Y-206.4920 F15000.0
G1 Z11.9000 F2500.0
G4 P0.02
G1 X141.2046 Y-205.5150 F12000.0
G1 X141.1103 Y-205.0615
G1 X141.4362 Y-204.9402
G1 X142.2983 Y-204.9402
G1 X142.6368 Y-204.9724
G1 X142.8540 Y-205.4000
G1 X143.2178 Y-206.3770
G1 Z0.0000 F2500.0
G4 P0.02
G0 X142.5857 Y-204.8827 F15000.0
G1 Z11.9000 F2500.0
G4 P0.02
G1 X142.1258 Y-203.4460 F12000.0
G1 Z0.0000 F2500.0
G4 P0.02
G0 X144.8270 Y-203.6184 F15000.0
G1 Z11.9000 F2500.0
G4 P0.02
G1 X144.5010 Y-203.4875 F12000.0
G1 X144.1735 Y-203.4134
G1 X143.9557 Y-203.3924
G1 X143.7281 Y-203.3887
G1 X143.6005 Y-203.3944
G1 X143.4811 Y-203.4204
G1 X143.4020 Y-203.4629
G1 X143.3355 Y-203.5324
G1 X143.2932 Y-203.6133
G1 X143.2705 Y-203.6951
G1 X143.2615 Y-203.7827
G1 X143.2679 Y-203.9066
G1 X143.2917 Y-204.0361
G1 X143.3399 Y-204.2017
G1 X143.6081 Y-204.8530
G1 X143.8233 Y-205.5202
G1 X143.9273 Y-205.7938
G1 X144.0739 Y-206.0706
G1 X144.1452 Y-206.1688
G1 X144.2195 Y-206.2472
G1 X144.3333 Y-206.3247
G1 X144.4993 Y-206.3953
G1 X144.6890 Y-206.4433
G1 X144.8934 Y-206.4707
G1 X145.1387 Y-206.4792
G1 X145.3779 Y-206.4657
G1 X145.5969 Y-206.4332
G1 X145.7812 Y-206.3850
G1 X145.5746 Y-205.6201
G1 X145.3351 Y-204.9330
G1 X145.0088 Y-204.0640
G1 X144.9631 Y-203.9090
G1 X144.9458 Y-203.7590
G1 X144.9630 Y-203.6457
G1 X145.0165 Y-203.5406
G1 X145.1143 Y-203.4460
G1 Z0.0000 F2500.0
G4 P0.02
G0 X149.6545 Y-203.3885 F15000.0
G1 Z11.9000 F2500.0
G4 P0.02
G1 X148.8628 Y-203.3493 F12000.0
G1 X148.5283 Y-203.3548
G1 X148.3697 Y-203.3727
G1 X148.2209 Y-203.4042
G1 X148.0851 Y-203.4519
G1 X147.9878 Y-203.5035
G1 X148.0674 Y-203.6487
G1 X148.1556 Y-203.7813
G1 X148.3751 Y-204.0412
G1 X149.2688 Y-204.8891
G1 X150.3083 Y-205.9386
G1 X150.6534 Y-206.2668
G1 X150.8046 Y-206.4319
G1 X150.9307 Y-206.6104
G1 X151.0150 Y-206.7938
G1 X151.0572 Y-206.9859
G1 X151.0544 Y-207.1710
G1 X151.0289 Y-207.2874
G1 X150.9723 Y-207.4224
G1 X150.8898 Y-207.5426
G1 X150.8063 Y-207.6259
G1 X150.6819 Y-207.7111
G1 X150.5674 Y-207.7622
G1 X150.4070 Y-207.8021
G1 X150.2661 Y-207.8126
G1 X150.1345 Y-207.8043
G1 X149.9814 Y-207.7726
G1 X149.8349 Y-207.7194
G1 X149.6959 Y-207.6475
G1 X149.5652 Y-207.5599
G1 X149.4206 Y-207.4379
G1 X149.3113 Y-207.3254
G1 X149.1947 Y-207.1816
G1 Z0.0000 F2500.0
G4 P0.02
G0 X153.5807 Y-205.6190 F15000.0
G1 Z11.9000 F2500.0
G4 P0.02
G1 X153.3480 Y-204.9021 F12000.0
G1 X153.2409 Y-204.6276
G1 X153.1329 Y-204.3939
G1 X153.0097 Y-204.1743
G1 X152.8873 Y-203.9971
G1 X152.7490 Y-203.8365
G1 X152.6164 Y-203.7146
G1 X152.4172 Y-203.5775
G1 X152.2196 Y-203.4845
G1 X151.9984 Y-203.4197
G1 X151.7806 Y-203.3891
G1 X151.6042 Y-203.3927
G1 X151.4203 Y-203.4342
G1 X151.2917 Y-203.4980
G1 X151.1691 Y-203.6071
G1 X151.0830 Y-203.7493
G1 X151.0358 Y-203.9218
G1 X151.0298 Y-204.1220
G1 X151.0580 Y-204.3081
G1 X151.1619 Y-204.6663
G1 X151.5107 Y-205.5653
G1 X151.8325 Y-206.5371
G1 X152.0143 Y-206.9578
G1 X152.1072 Y-207.1247
G1 X152.2114 Y-207.2796
G1 X152.3284 Y-207.4200
G1 X152.4369 Y-207.5242
G1 X152.5561 Y-207.6148
G1 X152.6871 Y-207.6907
G1 X152.8610 Y-207.7598
G1 X153.0711 Y-207.8050
G1 X153.2896 Y-207.8207
G1 X153.5220 Y-207.8055
G1 X153.7139 Y-207.7607
G1 X153.8570 Y-207.6964
G1 X153.9753 Y-207.6036
G1 X154.0600 Y-207.4790
G1 X154.0975 Y-207.3540
G1 X154.1064 Y-207.2390
G1 X154.0986 Y-207.1188
G1 X154.0694 Y-206.9632
G1 X153.9899 Y-206.7091
G1 X153.7563 Y-206.1418
G1 X153.6285 Y-205.7707
G1 X153.5807 Y-205.6190
G1 Z0.0000 F2500.0
G4 P0.02
G0 X155.7464 Y-203.3885 F15000.0
G1 Z11.9000 F2500.0
G4 P0.02
G1 X156.3785 Y-205.0551 F12000.0
G1 X156.8958 Y-206.0321
G1 X156.8958 Y-206.3195
G1 X157.0860 Y-205.8022
G1 X157.3700 Y-205.1592
G1 X157.7579 Y-205.3442
G1 X158.6199 Y-205.9747
G1 X158.9073 Y-206.4345
G1 X158.5624 Y-205.4575
G1 X157.8153 Y-203.4460
G1 Z0.0000 F2500.0
G4 P0.02
G0 X158.7349 Y-203.3885 F15000.0
G1 Z11.9000 F2500.0
G4 P0.02
G1 X159.3670 Y-205.0551 F12000.0
G1 X159.8843 Y-206.0321
G1 X159.8843 Y-206.3195
G1 X160.0745 Y-205.8022
G1 X160.3584 Y-205.1592
G1 X160.7463 Y-205.3442
G1 X161.6084 Y-205.9747
G1 X161.8958 Y-206.4345
G1 X161.5509 Y-205.4575
G1 X160.8038 Y-203.4460
G1 Z0.0000 F2500.0
G4 P0.02
G0 X161.3785 Y-202.6989 F15000.0
G1 Z11.9000 F2500.0
G4 P0.02
G1 X161.8383 Y-203.3885 F12000.0
G1 Z0.0000 F2500.0
G4 P0.02
G0 X11.1506 Y-201.3771 F15000.0
G1 Z11.9000 F2500.0
G4 P0.02
G1 X10.2886 Y-200.4576 F12000.0
G1 X9.7139 Y-200.0552
G1 X9.6913 Y-199.8326
G1 X9.6639 Y-199.7528
G1 X9.6114 Y-199.6669
G1 X9.2988 Y-199.3639
G1 X8.2771 Y-198.2737
G1 Z0.0000 F2500.0
G4 P0.02
G0 X25.6332 Y-202.3541 F15000.0
G1 Z11.9000 F2500.0
G4 P0.02
G1 X25.6241 Y-202.5649 F12000.0
G1 X25.6397 Y-202.7199
G1 X25.6603 Y-202.7721
G1 X25.7092 Y-202.8303
G1 X25.8326 Y-202.8927
G1 X26.1878 Y-202.9752
G1 X26.3332 Y-203.0281
G1 X26.5081 Y-203.1661
G1 X26.6853 Y-203.3588
G1 X26.8423 Y-203.5990
G1 X26.9516 Y-203.8569
G1 X27.0102 Y-204.1253
G1 X27.0172 Y-204.3669
G1 X26.9991 Y-204.5169
G1 X26.9719 Y-204.6354
G1 X26.8818 Y-204.8654
G1 X26.7428 Y-205.0822
G1 X26.5527 Y-205.2804
G1 X26.3500 Y-205.4231
G1 X26.2381 Y-205.4800
G1 X26.0908 Y-205.5376
G1 X25.8424 Y-205.5975
G1 X25.5542 Y-205.6166
G1 X25.2687 Y-205.5831
G1 X25.0275 Y-205.5083
G1 X24.8072 Y-205.3901
G1 X24.7076 Y-205.3145
G1 X24.6179 Y-205.2275
G1 X24.5426 Y-205.1286
G1 X24.4786 Y-205.0210
G1 X24.2959 Y-204.6283
G1 X24.2163 Y-204.3608
G1 X24.1937 Y-204.1155
G1 X24.2052 Y-203.9934
G1 X24.2324 Y-203.8755
G1 X24.2719 Y-203.7590
G1 X24.3372 Y-203.6157
G1 X24.4937 Y-203.3719
G1 X24.6682 Y-203.1803
G1 X24.8423 Y-203.0405
G1 X25.0315 Y-202.9339
G1 X25.1780 Y-202.8811
G1 X25.4898 Y-202.8214
G1 X25.6332 Y-202.7563
G1 Z0.0000 F2500.0
G4 P0.02
G0 X25.6332 Y-186.6646 F15000.0
G1 Z11.9000 F2500.0
G4 P0.02
G1 X25.8902 Y-186.6138 F12000.0
G1 X26.1605 Y-186.5140
G1 X26.4047 Y-186.3726
G1 X26.6164 Y-186.1928
G1 X26.7892 Y-185.9782
G1 X26.9051 Y-185.7610
G1 X26.9574 Y-185.6136
G1 X26.9873 Y-185.4899
G1 X27.0124 Y-185.2279
G1 X27.0347 Y-185.2032
G1 X26.7932 Y-184.5594
G1 X26.3104 Y-184.0766
G1 X25.6665 Y-183.9157
G1 X25.0227 Y-183.9962
G1 X24.4594 Y-184.3986
G1 X24.1375 Y-185.0423
G1 X24.2179 Y-185.6860
G1 X24.5399 Y-186.2493
G1 X25.1032 Y-186.6516
G1 X25.7470 Y-186.7321
G1 X26.3909 Y-186.4907
G1 X26.8737 Y-185.9274
G1 Z0.0000 F2500.0
G4 P0.02
G0 X26.0354 Y-185.2279 F15000.0
G1 Z11.9000 F2500.0
G4 P0.02
G1 X25.6747 Y-185.3043 F12000.0
G1 X25.6332 Y-185.6876
G1 X25.5757 Y-186.6071
G1 X25.3283 Y-186.5796
G1 X25.2080 Y-186.5472
G1 X25.0621 Y-186.4905
G1 X24.8165 Y-186.3478
G1 X24.6002 Y-186.1597
G1 X24.4215 Y-185.9347
G1 X24.3010 Y-185.7102
G1 X24.2468 Y-185.5610
G1 X24.2163 Y-185.4377
G1 X24.1927 Y-185.1843
G1 X24.2012 Y-185.0554
G1 X24.2232 Y-184.9303
G1 X24.3054 Y-184.6913
G1 X24.4325 Y-184.4715
G1 X24.6202 Y-184.2541
G1 X24.8455 Y-184.0755
G1 X25.0984 Y-183.9436
G1 X25.2470 Y-183.8931
G1 X25.3686 Y-183.8657
G1 X25.6176 Y-183.8467
G1 X25.8665 Y-183.8715
G1 X26.1073 Y-183.9373
G1 X26.3336 Y-184.0417
G1 X26.5389 Y-184.1821
G1 X26.6964 Y-184.3326
G1 X26.8260 Y-184.5044
G1 X26.8865 Y-184.6427
G1 X26.9881 Y-184.9569
G1 X27.0755 Y-185.1168
G1 X27.1363 Y-185.1752
G1 X27.1854 Y-185.2035
G1 X27.3311 Y-185.2364
G1 X27.6120 Y-185.2524
G1 X28.2471 Y-185.2280
G1 Z0.0000 F2500.0
G4 P0.02
G0 X74.6771 Y-203.2282 F15000.0
G1 Z11.9000 F2500.0
G4 P0.02
G1 X85.3001 Y-192.6063 F12000.0
G1 Z0.0000 F2500.0
G4 P0.02
G0 X85.5749 Y-195.6300 F15000.0
G1 Z11.9000 F2500.0
G4 P0.02
G1 X85.7464 Y-195.7425 F12000.0
G1 X85.8777 Y-195.8689
G1 X85.9785 Y-196.0089
G1 X86.0703 Y-196.1897
G1 X86.5259 Y-197.3755
G1 X86.6654 Y-197.7648
G1 X86.7963 Y-198.1888
G1 X86.8967 Y-198.6185
G1 Z0.0000 F2500.0
G4 P0.02
G0 X86.5519 Y-198.6759 F15000.0
G1 Z11.9000 F2500.0
G4 P0.02
G1 X87.5621 Y-198.6356 F12000.0
G1 X87.8571 Y-198.6372
G1 X88.1156 Y-198.6535
G1 X88.3667 Y-198.6888
G1 X88.5778 Y-198.7389
G1 X88.7783 Y-198.8101
G1 X88.9657 Y-198.9058
G1 Z0.0000 F2500.0
G4 P0.02
G0 X88.2761 Y-198.5610 F15000.0
G1 Z11.9000 F2500.0
G4 P0.02
G1 X87.7765 Y-197.1027 F12000.0
G1 X87.5410 Y-196.4837
G1 X87.4720 Y-196.2728
G1 X87.4326 Y-196.0902
G1 X87.4201 Y-195.9371
G1 X87.4314 Y-195.7835
G1 X87.4714 Y-195.6300
G1 Z0.0000 F2500.0
G4 P0.02
G0 X88.9215 Y-203.2282 F15000.0
G1 Z11.9000 F2500.0
G4 P0.02
G1 X95.6816 Y-196.5493 F12000.0
G1 Z0.0000 F2500.0
G4 P0.02
G0 X90.2875 Y-196.9518 F15000.0
G1 Z11.9000 F2500.0
G4 P0.02
G1 X90.0191 Y-196.2047 F12000.0
G1 X89.1956 Y-194.0783
G1 Z0.0000 F2500.0
G4 P0.02
G0 X89.3680 Y-196.3197 F15000.0
G1 Z11.9000 F2500.0
G4 P0.02
G1 X90.1151 Y-196.7794 F12000.0
G1 Z0.0000 F2500.0
G4 P0.02
G0 X94.5977 Y-197.5266 F15000.0
G1 Z11.9000 F2500.0
G4 P0.02
G1 X93.9656 Y-198.2162 F12000.0
G1 X92.7587 Y-199.3701
G1 X89.9427 Y-202.1816
G1 Z0.0000 F2500.0
G4 P0.02
G0 X94.3135 Y-196.9516 F15000.0
G1 Z11.9000 F2500.0
G4 P0.02
G1 X94.2330 Y-196.2274 F12000.0
G1 X94.5550 Y-195.6641
G1 X95.0378 Y-195.1813
G1 X95.3449 Y-194.9978
G1 X95.0961 Y-194.1932
G1 X94.6552 Y-193.0438
G1 Z0.0000 F2500.0
G4 P0.02
G0 X94.3135 Y-196.9516 F15000.0
G1 Z11.9000 F2500.0
G4 P0.02
G1 X94.6355 Y-197.5149 F12000.0
G1 X95.1988 Y-197.8367
G1 X95.8425 Y-197.9172
G1 X96.4864 Y-197.6759
G1 X96.8888 Y-197.1930
G1 X97.0497 Y-196.5493
G1 X97.0115 Y-196.4921
G1 X97.0002 Y-196.6707
G1 X96.9603 Y-196.8697
G1 X96.9069 Y-197.0221
G1 X96.8209 Y-197.1885
G1 X96.7133 Y-197.3361
G1 X96.5868 Y-197.4643
G1 X96.4440 Y-197.5724
G1 X96.2603 Y-197.6722
G1 X96.0910 Y-197.7345
G1 X95.8836 Y-197.7790
G1 X95.6692 Y-197.7923
G1 X95.4831 Y-197.7778
G1 X95.2975 Y-197.7390
G1 X95.1152 Y-197.6750
G1 X94.9385 Y-197.5853
G1 X94.7702 Y-197.4691
G1 Z0.0000 F2500.0
G4 P0.02
G0 X95.6816 Y-196.5493 F15000.0
G1 Z11.9000 F2500.0
G4 P0.02
G1 X105.1779 Y-196.5493 F12000.0
G1 Z0.0000 F2500.0
G4 P0.02
G0 X98.4178 Y-203.2282 F15000.0
G1 Z11.9000 F2500.0
G4 P0.02
G1 X109.0409 Y-192.6063 F12000.0
G1 Z0.0000 F2500.0
G4 P0.02
G0 X103.8098 Y-196.9516 F15000.0
G1 Z11.9000 F2500.0
G4 P0.02
G1 X103.7294 Y-196.2274 F12000.0
G1 X104.0512 Y-195.6641
G1 X104.5341 Y-195.1813
G1 X105.2584 Y-195.1008
G1 X105.9022 Y-195.2617
G1 X106.3851 Y-195.7446
G1 X106.5460 Y-196.3883
G1 X106.5460 Y-196.5493
G1 X106.3851 Y-197.1930
G1 X105.9827 Y-197.6759
G1 X105.3389 Y-197.9172
G1 X104.6950 Y-197.8367
G1 X104.1317 Y-197.5149
G1 X103.8098 Y-196.9516
G1 Z0.0000 F2500.0
G4 P0.02
G0 X108.2183 Y-196.6644 F15000.0
G1 Z11.9000 F2500.0
G4 P0.02
G1 X108.9079 Y-197.5840 F12000.0
G1 Z0.0000 F2500.0
G4 P0.02
G0 X110.6895 Y-197.9288 F15000.0
G1 Z11.9000 F2500.0
G4 P0.02
G1 X110.5171 Y-196.7219 F12000.0
G1 Z0.0000 F2500.0
G4 P0.02
G0 X112.7009 Y-199.9977 F15000.0
G1 Z11.9000 F2500.0
G4 P0.02
G1 X113.3907 Y-201.8368 F12000.0
G1 X113.8504 Y-201.8368
G1 X113.1607 Y-199.9977
G1 X113.6205 Y-199.9977
G1 X114.3102 Y-201.8368
G1 Z0.0000 F2500.0
G4 P0.02
G0 X113.5056 Y-197.6415 F15000.0
G1 Z11.9000 F2500.0
G4 P0.02
G1 X115.1722 Y-197.6415 F12000.0
G1 Z0.0000 F2500.0
G4 P0.02
G0 X113.9653 Y-198.6185 F15000.0
G1 Z11.9000 F2500.0
G4 P0.02
G1 X115.5745 Y-198.6759 F12000.0
G1 Z0.0000 F2500.0
G4 P0.02
G0 X115.7469 Y-196.6644 F15000.0
G1 Z11.9000 F2500.0
G4 P0.02
G1 X116.4212 Y-197.7370 F12000.0
G1 X116.5170 Y-197.8624
G1 X116.7000 Y-198.0320
G1 X116.7562 Y-198.1028
G1 X116.7944 Y-198.1840
G1 X116.8735 Y-198.4195
G1 X116.9762 Y-198.6083
G1 X117.8559 Y-200.0201
G1 X117.9711 Y-200.1720
G1 X118.0782 Y-200.2852
G1 X118.1980 Y-200.3816
G1 X118.3331 Y-200.4576
G1 X118.5055 Y-200.8598
G1 X118.3859 Y-199.5955
G1 X118.2073 Y-197.9863
G1 X118.0457 Y-196.7219
G1 Z0.0000 F2500.0
G4 P0.02
G0 X118.1607 Y-197.9863 F15000.0
G1 Z11.9000 F2500.0
G4 P0.02
G1 X116.8388 Y-197.9863 F12000.0
G1 Z0.0000 F2500.0
G4 P0.02
G0 X120.1147 Y-197.3541 F15000.0
G1 Z11.9000 F2500.0
G4 P0.02
G1 X119.9687 Y-197.1527 F12000.0
G1 X119.6152 Y-196.6070
G1 X119.3243 Y-196.2560
G1 X119.0932 Y-195.8113
G1 X118.9976 Y-195.6588
G1 X118.9208 Y-195.5696
G1 X118.8290 Y-195.4935
G1 X118.7182 Y-195.4332
G1 X118.6205 Y-195.4001
G1 Z0.0000 F2500.0
G4 P0.02
G0 X119.3101 Y-196.3197 F15000.0
G1 Z11.9000 F2500.0
G4 P0.02
G1 X119.3101 Y-197.2967 F12000.0
G1 Z0.0000 F2500.0
G4 P0.02
G0 X133.4478 Y-196.3771 F15000.0
G1 Z11.9000 F2500.0
G4 P0.02
G1 X133.6192 Y-196.4896 F12000.0
G1 X133.7505 Y-196.6160
G1 X133.8514 Y-196.7561
G1 X133.9433 Y-196.9368
G1 X134.3987 Y-198.1226
G1 X134.5382 Y-198.5119
G1 X134.6691 Y-198.9359
G1 X134.7696 Y-199.3656
G1 Z0.0000 F2500.0
G4 P0.02
G0 X134.4248 Y-199.4231 F15000.0
G1 Z11.9000 F2500.0
G4 P0.02
G1 X135.4350 Y-199.3827 F12000.0
G1 X135.7300 Y-199.3843
G1 X135.9884 Y-199.4006
G1 X136.2397 Y-199.4359
G1 X136.4507 Y-199.4859
G1 X136.6511 Y-199.5573
G1 X136.8385 Y-199.6530
G1 Z0.0000 F2500.0
G4 P0.02
G0 X136.1489 Y-199.3081 F15000.0
G1 Z11.9000 F2500.0
G4 P0.02
G1 X135.6493 Y-197.8499 F12000.0
G1 X135.4139 Y-197.2308
G1 X135.3450 Y-197.0200
G1 X135.3055 Y-196.8373
G1 X135.2931 Y-196.6842
G1 X135.3043 Y-196.5306
G1 X135.3444 Y-196.3771
G1 Z0.0000 F2500.0
G4 P0.02
G0 X136.3788 Y-195.8599 F15000.0
G1 Z11.9000 F2500.0
G4 P0.02
G1 X136.7493 Y-195.8576 F12000.0
G1 X136.8680 Y-195.8794
G1 X136.9579 Y-195.9144
G1 X137.0708 Y-195.9818
G1 X137.1681 Y-196.0674
G1 X137.2478 Y-196.1675
G1 X137.3203 Y-196.3074
G1 X137.3593 Y-196.4572
G1 X137.3614 Y-196.6097
G1 X137.3230 Y-196.7578
G1 X137.2409 Y-196.8943
G1 X137.4422 Y-197.1117
G1 X137.5671 Y-197.2847
G1 X137.6349 Y-197.4331
G1 X137.6486 Y-197.5180
G1 X137.6430 Y-197.5711
G1 X137.6239 Y-197.6205
G1 X137.5896 Y-197.6652
G1 X137.5385 Y-197.7045
G1 X137.4691 Y-197.7374
G1 X137.3193 Y-197.7628
G1 X137.0684 Y-197.7564
G1 Z0.0000 F2500.0
G4 P0.02
G0 X140.2293 Y-196.3771 F15000.0
G1 Z11.9000 F2500.0
G4 P0.02
G1 X140.9189 Y-197.9863 F12000.0
G1 Z0.0000 F2500.0
G4 P0.02
G0 X141.4362 Y-199.4806 F15000.0
G1 Z11.9000 F2500.0
G4 P0.02
G1 X141.0322 Y-198.5036 F12000.0
G1 X140.9379 Y-198.0501
G1 X141.2638 Y-197.9288
G1 X142.1258 Y-197.9288
G1 X142.4644 Y-197.9610
G1 X142.6816 Y-198.3886
G1 X143.0454 Y-199.3656
G1 Z0.0000 F2500.0
G4 P0.02
G0 X142.4132 Y-197.8713 F15000.0
G1 Z11.9000 F2500.0
G4 P0.02
G1 X141.9534 Y-196.4346 F12000.0
G1 Z0.0000 F2500.0
G4 P0.02
G0 X144.6546 Y-196.6070 F15000.0
G1 Z11.9000 F2500.0
G4 P0.02
G1 X144.3286 Y-196.4761 F12000.0
G1 X144.0010 Y-196.4020
G1 X143.7833 Y-196.3810
G1 X143.5557 Y-196.3773
G1 X143.4280 Y-196.3830
G1 X143.3088 Y-196.4090
G1 X143.2296 Y-196.4515
G1 X143.1631 Y-196.5210
G1 X143.1207 Y-196.6019
G1 X143.0981 Y-196.6837
G1 X143.0890 Y-196.7713
G1 X143.0955 Y-196.8952
G1 X143.1194 Y-197.0247
G1 X143.1675 Y-197.1903
G1 X143.4357 Y-197.8416
G1 X143.6510 Y-198.5088
G1 X143.7549 Y-198.7824
G1 X143.9015 Y-199.0592
G1 X143.9728 Y-199.1574
G1 X144.0471 Y-199.2358
G1 X144.1609 Y-199.3133
G1 X144.3269 Y-199.3839
G1 X144.5165 Y-199.4319
G1 X144.7210 Y-199.4593
G1 X144.9664 Y-199.4678
G1 X145.2055 Y-199.4543
G1 X145.4244 Y-199.4218
G1 X145.6089 Y-199.3736
G1 X145.4022 Y-198.6088
G1 X145.1626 Y-197.9216
G1 X144.8365 Y-197.0526
G1 X144.7907 Y-196.8976
G1 X144.7734 Y-196.7476
G1 X144.7906 Y-196.6343
G1 X144.8441 Y-196.5292
G1 X144.9419 Y-196.4346
G1 Z0.0000 F2500.0
G4 P0.02
G0 X148.5626 Y-196.3771 F15000.0
G1 Z11.9000 F2500.0
G4 P0.02
G1 X149.7470 Y-199.5955 F12000.0
G1 X150.2292 Y-200.8023
G1 X149.9993 Y-200.5150
G1 X149.8513 Y-200.4756
G1 X149.7061 Y-200.4203
G1 X149.5642 Y-200.3514
G1 X149.3988 Y-200.2536
G1 X149.0860 Y-200.0237
G1 X148.7350 Y-199.7104
G1 Z0.0000 F2500.0
G4 P0.02
G0 X152.4313 Y-198.6076 F15000.0
G1 Z11.9000 F2500.0
G4 P0.02
G1 X152.1986 Y-197.8907 F12000.0
G1 X152.0914 Y-197.6162
G1 X151.9835 Y-197.3825
G1 X151.8603 Y-197.1629
G1 X151.7378 Y-196.9857
G1 X151.5995 Y-196.8251
G1 X151.4670 Y-196.7032
G1 X151.2677 Y-196.5661
G1 X151.0702 Y-196.4731
G1 X150.8490 Y-196.4082
G1 X150.6311 Y-196.3776
G1 X150.4548 Y-196.3813
G1 X150.2709 Y-196.4228
G1 X150.1424 Y-196.4866
G1 X150.0197 Y-196.5956
G1 X149.9336 Y-196.7379
G1 X149.8864 Y-196.9104
G1 X149.8805 Y-197.1106
G1 X149.9085 Y-197.2967
G1 X150.0125 Y-197.6549
G1 X150.3613 Y-198.5539
G1 X150.6830 Y-199.5257
G1 X150.8649 Y-199.9464
G1 X150.9578 Y-200.1133
G1 X151.0621 Y-200.2682
G1 X151.1790 Y-200.4087
G1 X151.2875 Y-200.5128
G1 X151.4067 Y-200.6034
G1 X151.5377 Y-200.6793
G1 X151.7116 Y-200.7484
G1 X151.9217 Y-200.7937
G1 X152.1402 Y-200.8093
G1 X152.3726 Y-200.7941
G1 X152.5645 Y-200.7493
G1 X152.7075 Y-200.6850
G1 X152.8258 Y-200.5922
G1 X152.9106 Y-200.4676
G1 X152.9481 Y-200.3426
G1 X152.9570 Y-200.2276
G1 X152.9493 Y-200.1074
G1 X152.9199 Y-199.9518
G1 X152.8405 Y-199.6977
G1 X152.6070 Y-199.1304
G1 X152.4791 Y-198.7593
G1 X152.4313 Y-198.6076
G1 Z0.0000 F2500.0
G4 P0.02
G0 X154.5395 Y-196.3771 F15000.0
G1 Z11.9000 F2500.0
G4 P0.02
G1 X155.1716 Y-198.0438 F12000.0
G1 X155.6889 Y-199.0207
G1 X155.6889 Y-199.3081
G1 X155.8791 Y-198.7908
G1 X156.1631 Y-198.1478
G1 X156.5510 Y-198.3328
G1 X157.4130 Y-198.9633
G1 X157.7004 Y-199.4231
G1 X157.3555 Y-198.4461
G1 X156.6084 Y-196.4346
G1 Z0.0000 F2500.0
G4 P0.02
G0 X157.5854 Y-196.3771 F15000.0
G1 Z11.9000 F2500.0
G4 P0.02
G1 X158.2176 Y-198.0438 F12000.0
G1 X158.7349 Y-199.0207
G1 X158.7349 Y-199.3081
G1 X158.9250 Y-198.7908
G1 X159.2090 Y-198.1478
G1 X159.5969 Y-198.3328
G1 X160.4590 Y-198.9633
G1 X160.7463 Y-199.4231
G1 X160.4015 Y-198.4461
G1 X159.6544 Y-196.4346
G1 Z0.0000 F2500.0
G4 P0.02
G0 X39.4261 Y-183.2739 F15000.0
G1 Z11.9000 F2500.0
G4 P0.02
G1 X39.7710 Y-185.9175 F12000.0
G1 X39.9104 Y-185.8881
G1 X40.0596 Y-185.8887
G1 X40.2153 Y-185.9135
G1 X40.4063 Y-185.9665
G1 X41.7236 Y-186.4541
G1 X42.6197 Y-186.8343
G1 X43.5516 Y-187.2860
G1 X44.8904 Y-188.0002
G1 X45.7729 Y-188.5121
G1 X46.4119 Y-188.9250
G1 X46.7413 Y-189.1608
G1 X47.0264 Y-189.4024
G1 X47.6581 Y-190.0179
G1 X48.3100 Y-190.6253
G1 X48.8494 Y-191.1667
G1 X49.2794 Y-191.6312
G1 X49.7723 Y-192.2047
G1 X50.1642 Y-192.6964
G1 X50.6121 Y-193.3031
G1 X50.9671 Y-193.8227
G1 X51.3056 Y-194.3554
G1 X51.6281 Y-194.9013
G1 X51.9345 Y-195.4604
G1 X52.2642 Y-196.1113
G1 X52.6005 Y-196.8245
G1 X52.8768 Y-197.4678
G1 X53.0829 Y-198.0030
G1 X53.2558 Y-198.5144
G1 X53.4115 Y-199.0606
G1 X53.7527 Y-200.5952
G1 X53.8446 Y-201.0907
G1 X53.9073 Y-201.5203
G1 X53.9273 Y-202.1578
G1 X53.9452 Y-202.3817
G1 X53.9729 Y-202.5306
G1 X54.0189 Y-202.6651
G1 X54.1042 Y-202.7714
G1 X54.2274 Y-202.8493
G1 X54.3761 Y-202.9083
G1 X54.7936 Y-203.0402
G1 X54.9063 Y-203.0932
G1 X54.9791 Y-203.1420
G1 X55.0987 Y-203.2580
G1 X55.2253 Y-203.4143
G1 X55.3274 Y-203.5804
G1 X55.4054 Y-203.7539
G1 X55.4662 Y-203.9625
G1 X55.4952 Y-204.1742
G1 X55.4928 Y-204.3853
G1 X55.4522 Y-204.6212
G1 X55.3721 Y-204.8460
G1 X55.2702 Y-205.0290
G1 X55.1389 Y-205.1956
G1 X54.9790 Y-205.3419
G1 X54.8194 Y-205.4484
G1 X54.6709 Y-205.5221
G1 X54.5084 Y-205.5806
G1 X54.3370 Y-205.6210
G1 X54.2440 Y-205.6276
G1 X54.1223 Y-205.6191
G1 X53.6347 Y-205.5322
G1 X53.4858 Y-205.4869
G1 X53.3437 Y-205.4255
G1 X53.2375 Y-205.3623
G1 X53.1400 Y-205.2842
G1 X53.0519 Y-205.1887
G1 X52.9539 Y-205.0525
G1 X52.8885 Y-204.9381
G1 X52.8227 Y-204.7901
G1 X52.7741 Y-204.6376
G1 X52.7380 Y-204.4508
G1 X52.7259 Y-204.2941
G1 X52.7326 Y-204.1070
G1 X52.7552 Y-203.9536
G1 X52.8023 Y-203.7751
G1 X52.8706 Y-203.6050
G1 X52.9431 Y-203.4716
G1 X53.0484 Y-203.3241
G1 X53.1508 Y-203.2132
G1 X53.2662 Y-203.1153
G1 X53.3941 Y-203.0316
G1 X53.5342 Y-202.9638
G1 X53.6860 Y-202.9134
G1 X53.8494 Y-202.8821
G1 X54.0236 Y-202.8713
G1 X54.0811 Y-203.7908
G1 X54.0047 Y-204.1518
G1 X53.3339 Y-204.1931
G1 X12.4725 Y-204.1931
G1 Z0.0000 F2500.0
G4 P0.02
G0 X25.5860 Y-204.2743 F15000.0
G1 Z11.9000 F2500.0
G4 P0.02
G1 X25.5860 Y-185.2837 F12000.0
G1 Z0.0000 F2500.0
G4 P0.02
G0 X46.5906 Y-189.1462 F15000.0
G1 Z11.9000 F2500.0
G4 P0.02
G1 X48.4415 Y-190.8360 F12000.0
G1 X50.1315 Y-192.6868
G1 X51.4997 Y-194.6985
G1 Z0.0000 F2500.0
G4 P0.02
G0 X85.3001 Y-192.6063 F15000.0
G1 Z11.9000 F2500.0
G4 P0.02
G1 X109.0409 Y-192.6063 F12000.0
G1 Z0.0000 F2500.0
G4 P0.02
G0 X91.7817 Y-192.4117 F15000.0
G1 Z11.9000 F2500.0
G4 P0.02
G1 X91.2869 Y-191.4922 F12000.0
G1 X90.1151 Y-189.6530
G1 Z0.0000 F2500.0
G4 P0.02
G0 X91.2070 Y-190.9749 F15000.0
G1 Z11.9000 F2500.0
G4 P0.02
G1 X92.5288 Y-190.9749 F12000.0
G1 Z0.0000 F2500.0
G4 P0.02
G0 X92.0691 Y-192.6990 F15000.0
G1 Z11.9000 F2500.0
G4 P0.02
G1 X92.7012 Y-193.4462 F12000.0
G1 X92.8737 Y-193.8484
G1 X92.7542 Y-192.5841
G1 X92.5754 Y-190.9749
G1 X92.4139 Y-189.7105
G1 Z0.0000 F2500.0
G4 P0.02
G0 X94.5977 Y-190.6300 F15000.0
G1 Z11.9000 F2500.0
G4 P0.02
G1 X96.2644 Y-190.6300 F12000.0
G1 Z0.0000 F2500.0
G4 P0.02
G0 X95.0575 Y-191.6071 F15000.0
G1 Z11.9000 F2500.0
G4 P0.02
G1 X96.6667 Y-191.6645 F12000.0
G1 Z0.0000 F2500.0
G4 P0.02
G0 X98.4483 Y-192.4117 F15000.0
G1 Z11.9000 F2500.0
G4 P0.02
G1 X97.9534 Y-191.4922 F12000.0
G1 X96.7816 Y-189.6530
G1 Z0.0000 F2500.0
G4 P0.02
G0 X97.8736 Y-190.9749 F15000.0
G1 Z11.9000 F2500.0
G4 P0.02
G1 X99.1954 Y-190.9749 F12000.0
G1 Z0.0000 F2500.0
G4 P0.02
G0 X98.7356 Y-192.6990 F15000.0
G1 Z11.9000 F2500.0
G4 P0.02
G1 X99.3679 Y-193.4462 F12000.0
G1 X99.5402 Y-193.8484
G1 X99.4207 Y-192.5841
G1 X99.2419 Y-190.9749
G1 X99.0805 Y-189.7105
G1 Z0.0000 F2500.0
G4 P0.02
G0 X112.9308 Y-192.9863 F15000.0
G1 Z11.9000 F2500.0
G4 P0.02
G1 X111.4544 Y-190.6893 F12000.0
G1 X111.0631 Y-190.3410
G1 X110.8665 Y-189.7680
G1 X110.1148 Y-188.7031
G1 X109.5975 Y-188.5037
G1 Z0.0000 F2500.0
G4 P0.02
G0 X111.0918 Y-190.4577 F15000.0
G1 Z11.9000 F2500.0
G4 P0.02
G1 X111.0872 Y-191.3772 F12000.0
G1 X111.2068 Y-192.8139
G1 Z0.0000 F2500.0
G4 P0.02
G0 X21.7827 Y-187.0094 F15000.0
G1 Z11.9000 F2500.0
G4 P0.02
G1 X21.6475 Y-186.9336 F12000.0
G1 X21.5277 Y-186.8371
G1 X21.4206 Y-186.7240
G1 X21.3054 Y-186.5723
G1 X20.4259 Y-185.1602
G1 X20.3233 Y-184.9714
G1 X20.2439 Y-184.7358
G1 X20.2056 Y-184.6548
G1 X20.1496 Y-184.5840
G1 X19.9665 Y-184.4142
G1 X19.8709 Y-184.2889
G1 X19.1965 Y-183.2164
G1 Z0.0000 F2500.0
G4 P0.02
G0 X20.2884 Y-184.5382 F15000.0
G1 Z11.9000 F2500.0
G4 P0.02
G1 X21.6103 Y-184.5382 F12000.0
G1 Z0.0000 F2500.0
G4 P0.02
G0 X21.4953 Y-183.2739 F15000.0
G1 Z11.9000 F2500.0
G4 P0.02
G1 X21.6566 Y-184.5382 F12000.0
G1 X21.8354 Y-186.1474
G1 X21.9551 Y-187.4118
G1 Z0.0000 F2500.0
G4 P0.02
G0 X23.7367 Y-186.6071 F15000.0
G1 Z11.9000 F2500.0
G4 P0.02
G1 X24.4263 Y-188.4462 F12000.0
G1 Z0.0000 F2500.0
G4 P0.02
G0 X30.9474 Y-185.2262 F15000.0
G1 Z11.9000 F2500.0
G4 P0.02
G1 X34.3404 Y-185.2079 F12000.0
G1 X35.6064 Y-185.2288
G1 Z0.0000 F2500.0
G4 P0.02
G0 X36.4951 Y-185.2853 F15000.0
G1 Z11.9000 F2500.0
G4 P0.02
G1 X36.4717 Y-185.5250 F12000.0
G1 X36.4012 Y-185.7691
G1 X36.2886 Y-185.9825
G1 X36.1390 Y-186.1667
G1 X35.9573 Y-186.3231
G1 X35.7208 Y-186.4676
G1 X35.4571 Y-186.5808
G1 X35.1733 Y-186.6646
G1 X35.1158 Y-186.6071
G1 X34.9248 Y-186.5939
G1 X34.7108 Y-186.5463
G1 X34.5093 Y-186.4665
G1 X34.3232 Y-186.3568
G1 X34.1557 Y-186.2195
G1 X34.0097 Y-186.0571
G1 X33.8883 Y-185.8720
G1 X33.8061 Y-185.6969
G1 X33.7473 Y-185.5105
G1 X33.7193 Y-185.3221
G1 X33.7215 Y-185.1329
G1 X33.7591 Y-184.9152
G1 X33.8190 Y-184.7349
G1 X33.9181 Y-184.5356
G1 X34.0453 Y-184.3529
G1 X34.1743 Y-184.2132
G1 X34.3448 Y-184.0741
G1 X34.5057 Y-183.9786
G1 X34.6778 Y-183.9083
G1 X34.8603 Y-183.8657
G1 X35.0494 Y-183.8501
G1 X35.2670 Y-183.8627
G1 X35.4831 Y-183.9035
G1 X35.6961 Y-183.9714
G1 X35.8585 Y-184.0578
G1 X36.0044 Y-184.1671
G1 X36.1842 Y-184.3420
G1 X36.3024 Y-184.4869
G1 X36.3987 Y-184.6505
G1 X36.4729 Y-184.8277
G1 X36.5238 Y-185.0122
G1 X36.5526 Y-185.2279
G1 X36.5309 Y-185.2032
G1 X36.2895 Y-184.5594
G1 X35.8066 Y-184.0766
G1 Z0.0000 F2500.0
G4 P0.02
G0 X25.5860 Y-185.2837 F15000.0
G1 Z11.9000 F2500.0
G4 P0.02
G1 X35.0824 Y-185.2837 F12000.0
G1 X37.5771 Y-185.4446
G1 Z0.0000 F2500.0
G4 P0.02
G0 X27.0347 Y-185.2837 F15000.0
G1 Z11.9000 F2500.0
G4 P0.02
G1 X26.8737 Y-185.9274 F12000.0
G1 Z0.0000 F2500.0
G4 P0.02
G0 X33.7142 Y-185.6860 F15000.0
G1 Z11.9000 F2500.0
G4 P0.02
G1 X34.0361 Y-186.2493 F12000.0
G1 X34.5994 Y-186.6516
G1 X35.2433 Y-186.7321
G1 X35.8871 Y-186.4907
G1 X36.3700 Y-185.9274
G1 X36.5309 Y-185.2837
G1 X36.6101 Y-185.2853
G1 X36.9418 Y-185.3267
G1 X37.7992 Y-185.3764
G1 X38.1520 Y-185.4291
G1 X38.3618 Y-185.4870
G1 X38.5287 Y-185.5569
G1 X38.6806 Y-185.6490
G1 X38.7940 Y-185.7450
G1 Z0.0000 F2500.0
G4 P0.02
G0 X33.7142 Y-185.6860 F15000.0
G1 Z11.9000 F2500.0
G4 P0.02
G1 X33.7142 Y-185.0423 F12000.0
G1 X33.9557 Y-184.3986
G1 X34.5191 Y-183.9962
G1 X35.1628 Y-183.9157
G1 X35.8066 Y-184.0766
G1 Z0.0000 F2500.0
G4 P0.02
G0 X38.4491 Y-185.4003 F15000.0
G1 Z11.9000 F2500.0
G4 P0.02
G1 X37.8568 Y-184.3658 F12000.0
G1 X37.1272 Y-183.2164
G1 Z0.0000 F2500.0
G4 P0.02
G0 X37.5771 Y-185.4446 F15000.0
G1 Z11.9000 F2500.0
G4 P0.02
G1 X39.9914 Y-185.9274 F12000.0
G1 Z0.0000 F2500.0
G4 P0.02
G0 X39.5410 Y-184.5382 F15000.0
G1 Z11.9000 F2500.0
G4 P0.02
G1 X38.2192 Y-184.5382 F12000.0
G1 Z0.0000 F2500.0
G4 P0.02
G0 X39.5985 Y-185.7450 F15000.0
G1 Z11.9000 F2500.0
G4 P0.02
G1 X38.8755 Y-185.7083 F12000.0
G1 X38.9853 Y-186.1474
G1 X39.7135 Y-187.0094
G1 X39.8859 Y-187.4118
G1 X39.8221 Y-186.7220
G1 X39.7710 Y-185.9175
G1 X39.9914 Y-185.9274
G1 X42.3253 Y-186.7321
G1 X44.4981 Y-187.8587
G1 X46.5906 Y-189.1462
G1 Z0.0000 F2500.0
G4 P0.02
G0 X41.4950 Y-183.9635 F15000.0
G1 Z11.9000 F2500.0
G4 P0.02
G1 X41.3491 Y-183.7621 F12000.0
G1 X40.9956 Y-183.2164
G1 X40.7047 Y-182.8654
G1 X40.4735 Y-182.4206
G1 X40.3780 Y-182.2683
G1 X40.3012 Y-182.1790
G1 X40.2094 Y-182.1029
G1 X40.0986 Y-182.0426
G1 X40.0009 Y-182.0095
G1 Z0.0000 F2500.0
G4 P0.02
G0 X40.6905 Y-182.9290 F15000.0
G1 Z11.9000 F2500.0
G4 P0.02
G1 X40.6905 Y-183.9060 F12000.0
G1 Z0.0000 F2500.0
G4 P0.02
G0 X23.0470 Y-178.0440 F15000.0
G1 Z11.9000 F2500.0
G4 P0.02
G1 X22.3574 Y-176.2050 F12000.0
G1 X22.7597 Y-176.2050
G1 X23.4493 Y-178.0440
G1 Z0.0000 F2500.0
G4 P0.02
G0 X37.2997 Y-178.9636 F15000.0
G1 Z11.9000 F2500.0
G4 P0.02
G1 X38.6790 Y-178.9061 F12000.0
G1 X38.6304 Y-178.7826
G1 X38.5562 Y-178.6415
G1 X38.3728 Y-178.3918
G1 X37.9588 Y-177.9534
G1 X37.1159 Y-177.0077
G1 X36.6857 Y-176.5761
G1 X36.5653 Y-176.4419
G1 X36.4552 Y-176.2693
G1 X36.4272 Y-176.1828
G1 X36.4244 Y-176.0988
G1 X36.4524 Y-176.0193
G1 X36.5042 Y-175.9612
G1 X36.6045 Y-175.9174
G1 X36.7345 Y-175.8972
G1 X36.9179 Y-175.8948
G1 X37.4838 Y-175.9237
G1 X37.8744 Y-175.9751
G1 Z0.0000 F2500.0
G4 P0.02
G0 X74.6771 Y-179.3290 F15000.0
G1 Z11.9000 F2500.0
G4 P0.02
G1 X101.8784 Y-179.3290 F12000.0
G1 Z0.0000 F2500.0
G4 P0.02
G0 X103.4483 Y-177.8141 F15000.0
G1 Z11.9000 F2500.0
G4 P0.02
G1 X103.5429 Y-177.7606 F12000.0
G1 X103.6782 Y-177.7118
G1 X103.8284 Y-177.6809
G1 X104.0224 Y-177.6640
G1 X104.4273 Y-177.6794
G1 X104.9425 Y-177.7567
G1 Z0.0000 F2500.0
G4 P0.02
G0 X135.7656 Y-179.7681 F15000.0
G1 Z11.9000 F2500.0
G4 P0.02
G1 X135.6064 Y-179.3474 F12000.0
G1 X135.5223 Y-179.1807
G1 X135.4410 Y-179.0501
G1 X135.3472 Y-178.9283
G1 X135.2388 Y-178.8162
G1 X135.1135 Y-178.7151
G1 X134.9727 Y-178.6281
G1 X134.7700 Y-178.5402
G1 X134.5530 Y-178.4800
G1 X134.3674 Y-178.4509
G1 X134.0064 Y-178.4203
G1 X133.7822 Y-178.4185
G1 X133.6119 Y-178.4368
G1 X133.4814 Y-178.4808
G1 X133.4158 Y-178.5468
G1 X133.3852 Y-178.6265
G1 X133.3783 Y-178.7461
G1 X133.4004 Y-178.8737
G1 X133.4404 Y-179.0017
G1 X133.5843 Y-179.3681
G1 X133.9760 Y-180.4578
G1 X134.2099 Y-180.9436
G1 X134.4312 Y-181.6990
G1 X134.7571 Y-182.6286
G1 X134.7989 Y-182.7178
G1 X134.8535 Y-182.7924
G1 X134.8990 Y-182.8302
G1 X134.9776 Y-182.8636
G1 X135.0999 Y-182.8790
G1 X135.6839 Y-182.8718
G1 X135.8827 Y-182.8574
G1 X136.0423 Y-182.8273
G1 X136.1876 Y-182.7741
G1 X136.3102 Y-182.6913
G1 X136.3863 Y-182.5995
G1 X136.4384 Y-182.4816
G1 X136.4615 Y-182.3319
G1 X136.4445 Y-182.1233
G1 X136.3875 Y-181.8990
G1 X136.2867 Y-181.6481
G1 X136.1946 Y-181.4803
G1 X136.1123 Y-181.3636
G1 X136.0353 Y-181.2812
G1 X135.7720 Y-181.0501
G1 X135.7174 Y-180.9744
G1 X135.6816 Y-180.8863
G1 X135.6761 Y-180.8259
G1 X135.6937 Y-180.7389
G1 X135.8457 Y-180.4601
G1 X135.8823 Y-180.3429
G1 X135.8857 Y-180.2519
G1 X135.8714 Y-180.1282
G1 X135.8043 Y-179.8832
G1 X135.7656 Y-179.7681
G1 Z0.0000 F2500.0
G4 P0.02
G0 X135.6317 Y-180.8601 F15000.0
G1 Z11.9000 F2500.0
G4 P0.02
G1 X135.0430 Y-180.7890 F12000.0
G1 X134.8791 Y-180.7787
G1 X134.7170 Y-180.7787
G1 X134.5598 Y-180.7924
G1 X134.4104 Y-180.8233
G1 X134.2985 Y-180.8629
G1 X134.1949 Y-180.9175
G1 Z0.0000 F2500.0
G4 P0.02
G0 X136.4938 Y-178.1590 F15000.0
G1 Z11.9000 F2500.0
G4 P0.02
G1 X136.5700 Y-178.3573 F12000.0
G1 X136.6234 Y-178.5667
G1 X136.7384 Y-179.3500
G1 X136.7954 Y-179.6237
G1 X137.0218 Y-180.3697
G1 X137.2460 Y-181.0026
G1 X137.5050 Y-181.6277
G1 X137.7868 Y-182.2039
G1 X138.0724 Y-182.6975
G1 X138.3903 Y-183.1589
G1 Z0.0000 F2500.0
G4 P0.02
G0 X140.3443 Y-182.8715 F15000.0
G1 Z11.9000 F2500.0
G4 P0.02
G1 X139.8621 Y-181.6646 F12000.0
G1 X138.6777 Y-178.4464
G1 Z0.0000 F2500.0
G4 P0.02
G0 X138.8500 Y-181.7796 F15000.0
G1 Z11.9000 F2500.0
G4 P0.02
G1 X139.2011 Y-182.0928 F12000.0
G1 X139.5138 Y-182.3229
G1 X139.6793 Y-182.4206
G1 X139.8212 Y-182.4896
G1 X139.9664 Y-182.5448
G1 X140.1144 Y-182.5842
G1 Z0.0000 F2500.0
G4 P0.02
G0 X142.5464 Y-180.6768 F15000.0
G1 Z11.9000 F2500.0
G4 P0.02
G1 X142.3137 Y-179.9599 F12000.0
G1 X142.2065 Y-179.6855
G1 X142.0985 Y-179.4517
G1 X141.9754 Y-179.2321
G1 X141.8529 Y-179.0548
G1 X141.7146 Y-178.8944
G1 X141.5821 Y-178.7724
G1 X141.3828 Y-178.6353
G1 X141.1853 Y-178.5423
G1 X140.9641 Y-178.4774
G1 X140.7462 Y-178.4469
G1 X140.5698 Y-178.4504
G1 X140.3859 Y-178.4920
G1 X140.2574 Y-178.5557
G1 X140.1348 Y-178.6648
G1 X140.0487 Y-178.8071
G1 X140.0015 Y-178.9797
G1 X139.9954 Y-179.1799
G1 X140.0236 Y-179.3659
G1 X140.1276 Y-179.7241
G1 X140.4764 Y-180.6232
G1 X140.7981 Y-181.5950
G1 X140.9799 Y-182.0157
G1 X141.0729 Y-182.1825
G1 X141.1771 Y-182.3375
G1 X141.2941 Y-182.4779
G1 X141.4025 Y-182.5820
G1 X141.5218 Y-182.6727
G1 X141.6528 Y-182.7485
G1 X141.8267 Y-182.8175
G1 X142.0368 Y-182.8629
G1 X142.2553 Y-182.8785
G1 X142.4877 Y-182.8633
G1 X142.6796 Y-182.8186
G1 X142.8226 Y-182.7542
G1 X142.9409 Y-182.6614
G1 X143.0257 Y-182.5368
G1 X143.0632 Y-182.4118
G1 X143.0721 Y-182.2969
G1 X143.0643 Y-182.1766
G1 X143.0350 Y-182.0211
G1 X142.9556 Y-181.7669
G1 X142.7219 Y-181.1996
G1 X142.5942 Y-180.8285
G1 X142.5464 Y-180.6768
G1 Z0.0000 F2500.0
G4 P0.02
G0 X142.9879 Y-178.5038 F15000.0
G1 Z11.9000 F2500.0
G4 P0.02
G1 X142.4707 Y-177.7567 F12000.0
G1 Z0.0000 F2500.0
G4 P0.02
G0 X147.0866 Y-180.6768 F15000.0
G1 Z11.9000 F2500.0
G4 P0.02
G1 X146.8538 Y-179.9599 F12000.0
G1 X146.7467 Y-179.6855
G1 X146.6387 Y-179.4517
G1 X146.5155 Y-179.2321
G1 X146.3930 Y-179.0548
G1 X146.2548 Y-178.8944
G1 X146.1222 Y-178.7724
G1 X145.9230 Y-178.6353
G1 X145.7255 Y-178.5423
G1 X145.5042 Y-178.4774
G1 X145.2863 Y-178.4469
G1 X145.1100 Y-178.4504
G1 X144.9262 Y-178.4920
G1 X144.7976 Y-178.5557
G1 X144.6749 Y-178.6648
G1 X144.5888 Y-178.8071
G1 X144.5417 Y-178.9797
G1 X144.5357 Y-179.1799
G1 X144.5637 Y-179.3659
G1 X144.6678 Y-179.7241
G1 X145.0165 Y-180.6232
G1 X145.3383 Y-181.5950
G1 X145.5201 Y-182.0157
G1 X145.6130 Y-182.1825
G1 X145.7173 Y-182.3375
G1 X145.8343 Y-182.4779
G1 X145.9427 Y-182.5820
G1 X146.0620 Y-182.6727
G1 X146.1929 Y-182.7485
G1 X146.3668 Y-182.8175
G1 X146.5769 Y-182.8629
G1 X146.7954 Y-182.8785
G1 X147.0278 Y-182.8633
G1 X147.2197 Y-182.8186
G1 X147.3628 Y-182.7542
G1 X147.4811 Y-182.6614
G1 X147.5658 Y-182.5368
G1 X147.6033 Y-182.4118
G1 X147.6123 Y-182.2969
G1 X147.6045 Y-182.1766
G1 X147.5752 Y-182.0211
G1 X147.4958 Y-181.7669
G1 X147.2622 Y-181.1996
G1 X147.1344 Y-180.8285
G1 X147.0866 Y-180.6768
G1 Z0.0000 F2500.0
G4 P0.02
G0 X147.5281 Y-178.5038 F15000.0
G1 Z11.9000 F2500.0
G4 P0.02
G1 X147.0108 Y-177.7567 F12000.0
G1 Z0.0000 F2500.0
G4 P0.02
G0 X150.6315 Y-178.4464 F15000.0
G1 Z11.9000 F2500.0
G4 P0.02
G1 X149.8398 Y-178.4071 F12000.0
G1 X149.5053 Y-178.4126
G1 X149.3467 Y-178.4305
G1 X149.1979 Y-178.4619
G1 X149.0621 Y-178.5096
G1 X148.9648 Y-178.5612
G1 X149.0444 Y-178.7065
G1 X149.1326 Y-178.8392
G1 X149.3521 Y-179.0991
G1 X150.2458 Y-179.9469
G1 X151.2853 Y-180.9964
G1 X151.6304 Y-181.3246
G1 X151.7816 Y-181.4898
G1 X151.9077 Y-181.6682
G1 X151.9920 Y-181.8516
G1 X152.0342 Y-182.0438
G1 X152.0314 Y-182.2287
G1 X152.0059 Y-182.3452
G1 X151.9493 Y-182.4802
G1 X151.8668 Y-182.6004
G1 X151.7833 Y-182.6836
G1 X151.6589 Y-182.7689
G1 X151.5444 Y-182.8200
G1 X151.3840 Y-182.8598
G1 X151.2431 Y-182.8704
G1 X151.1115 Y-182.8622
G1 X150.9584 Y-182.8304
G1 X150.8118 Y-182.7772
G1 X150.6729 Y-182.7054
G1 X150.5422 Y-182.6178
G1 X150.3976 Y-182.4958
G1 X150.2883 Y-182.3832
G1 X150.1717 Y-182.2394
G1 Z0.0000 F2500.0
G4 P0.02
G0 X154.6152 Y-180.6768 F15000.0
G1 Z11.9000 F2500.0
G4 P0.02
G1 X154.3825 Y-179.9599 F12000.0
G1 X154.2753 Y-179.6855
G1 X154.1673 Y-179.4517
G1 X154.0442 Y-179.2321
G1 X153.9217 Y-179.0548
G1 X153.7834 Y-178.8944
G1 X153.6509 Y-178.7724
G1 X153.4516 Y-178.6353
G1 X153.2541 Y-178.5423
G1 X153.0329 Y-178.4774
G1 X152.8150 Y-178.4469
G1 X152.6386 Y-178.4504
G1 X152.4547 Y-178.4920
G1 X152.3262 Y-178.5557
G1 X152.2036 Y-178.6648
G1 X152.1175 Y-178.8071
G1 X152.0703 Y-178.9797
G1 X152.0642 Y-179.1799
G1 X152.0924 Y-179.3659
G1 X152.1964 Y-179.7241
G1 X152.5452 Y-180.6232
G1 X152.8669 Y-181.5950
G1 X153.0488 Y-182.0157
G1 X153.1417 Y-182.1825
G1 X153.2459 Y-182.3375
G1 X153.3629 Y-182.4779
G1 X153.4713 Y-182.5820
G1 X153.5906 Y-182.6727
G1 X153.7216 Y-182.7485
G1 X153.8955 Y-182.8175
G1 X154.1056 Y-182.8629
G1 X154.3241 Y-182.8785
G1 X154.5565 Y-182.8633
G1 X154.7484 Y-182.8186
G1 X154.8914 Y-182.7542
G1 X155.0097 Y-182.6614
G1 X155.0945 Y-182.5368
G1 X155.1320 Y-182.4118
G1 X155.1409 Y-182.2969
G1 X155.1331 Y-182.1766
G1 X155.1038 Y-182.0211
G1 X155.0244 Y-181.7669
G1 X154.7907 Y-181.1996
G1 X154.6630 Y-180.8285
G1 X154.6152 Y-180.6768
G1 Z0.0000 F2500.0
G4 P0.02
G0 X154.5395 Y-178.1015 F15000.0
G1 Z11.9000 F2500.0
G4 P0.02
G1 X155.2992 Y-179.3084 F12000.0
G1 X156.2717 Y-182.0095
G1 X156.4935 Y-183.1589
G1 Z0.0000 F2500.0
G4 P0.02
G0 X19.6005 Y-176.8116 F15000.0
G1 Z11.9000 F2500.0
G4 P0.02
G1 X19.6566 Y-176.9699 F12000.0
G1 X19.7203 Y-177.0800
G1 X19.7856 Y-177.1406
G1 X19.8642 Y-177.1740
G1 X20.0185 Y-177.1898
G1 X20.6037 Y-177.1810
G1 X20.8021 Y-177.1634
G1 X20.9593 Y-177.1291
G1 X21.0741 Y-177.0845
G1 X21.1744 Y-177.0210
G1 X21.2558 Y-176.9353
G1 X21.3143 Y-176.8242
G1 X21.3405 Y-176.7222
G1 X21.3478 Y-176.5856
G1 X21.3311 Y-176.4338
G1 X21.2939 Y-176.2740
G1 X21.1875 Y-175.9886
G1 X21.0487 Y-175.7410
G1 X20.9442 Y-175.6129
G1 X20.6586 Y-175.3605
G1 X20.6039 Y-175.2849
G1 X20.5774 Y-175.2280
G1 X20.5628 Y-175.1363
G1 X20.5804 Y-175.0493
G1 X20.7325 Y-174.7705
G1 X20.7638 Y-174.6834
G1 X20.7727 Y-174.5930
G1 X20.7633 Y-174.4696
G1 X20.7008 Y-174.2234
G1 X20.5185 Y-173.7155
G1 X20.3937 Y-173.4644
G1 X20.2538 Y-173.2623
G1 X20.1018 Y-173.1055
G1 X19.9447 Y-172.9884
G1 X19.7753 Y-172.8974
G1 X19.5645 Y-172.8213
G1 X19.3151 Y-172.7687
G1 X18.9300 Y-172.7327
G1 X18.6327 Y-172.7309
G1 X18.4403 Y-172.7612
G1 X18.3681 Y-172.7912
G1 X18.3321 Y-172.8177
G1 X18.2794 Y-172.9092
G1 X18.2668 Y-172.9656
G1 X18.2650 Y-173.0564
G1 X18.2958 Y-173.2164
G1 X18.8513 Y-174.7391
G1 X19.0966 Y-175.2541
G1 X19.3177 Y-176.0092
G1 X19.5814 Y-176.7494
G1 X19.6005 Y-176.8116
G1 Z0.0000 F2500.0
G4 P0.02
G0 X19.0815 Y-175.2280 F15000.0
G1 Z11.9000 F2500.0
G4 P0.02
G1 X19.1851 Y-175.1733 F12000.0
G1 X19.2971 Y-175.1337
G1 X19.4465 Y-175.1028
G1 X19.6036 Y-175.0890
G1 X19.7657 Y-175.0891
G1 X19.9297 Y-175.0995
G1 X20.5183 Y-175.1705
G1 Z0.0000 F2500.0
G4 P0.02
G0 X24.2179 Y-171.4431 F15000.0
G1 Z11.9000 F2500.0
G4 P0.02
G1 X24.1375 Y-170.7993 F12000.0
G1 X24.4594 Y-170.1556
G1 X25.0227 Y-169.7532
G1 X25.6665 Y-169.6728
G1 X26.3104 Y-169.8337
G1 X26.7932 Y-170.3165
G1 X27.0347 Y-170.9603
G1 X27.0124 Y-170.9752
G1 X27.0058 Y-171.1386
G1 X26.9581 Y-171.4061
G1 X26.9075 Y-171.5444
G1 X26.8527 Y-171.6518
G1 X26.7837 Y-171.7579
G1 X26.6761 Y-171.8910
G1 X26.5664 Y-172.0069
G1 X26.4548 Y-172.1013
G1 X26.3307 Y-172.1800
G1 X26.2153 Y-172.2356
G1 X25.8823 Y-172.3511
G1 X25.7700 Y-172.3712
G1 X25.6512 Y-172.3771
G1 X25.3921 Y-172.3501
G1 X25.1222 Y-172.2978
G1 X24.9249 Y-172.2280
G1 X24.7380 Y-172.1167
G1 X24.5970 Y-171.9846
G1 X24.4685 Y-171.7757
G1 X24.3469 Y-171.5250
G1 X24.2763 Y-171.3519
G1 X24.2113 Y-171.1129
G1 X24.1960 Y-170.9902
G1 X24.1954 Y-170.8657
G1 X24.2330 Y-170.6372
G1 X24.3232 Y-170.3950
G1 X24.4562 Y-170.1829
G1 X24.6258 Y-170.0030
G1 X24.8255 Y-169.8578
G1 X25.0787 Y-169.7389
G1 X25.3219 Y-169.6751
G1 X25.5757 Y-169.6533
G1 Z0.0000 F2500.0
G4 P0.02
G0 X26.0929 Y-170.9752 F15000.0
G1 Z11.9000 F2500.0
G4 P0.02
G1 X25.7098 Y-170.9338 F12000.0
G1 X25.6332 Y-170.5728
G1 X25.5860 Y-171.0408
G1 X35.0824 Y-171.0408
G1 Z0.0000 F2500.0
G4 P0.02
G0 X25.6332 Y-169.5384 F15000.0
G1 Z11.9000 F2500.0
G4 P0.02
G1 X26.7203 Y-170.1131 F12000.0
G1 X27.1865 Y-170.9562
G1 X27.9321 Y-170.9752
G1 Z0.0000 F2500.0
G4 P0.02
G0 X24.5399 Y-172.0869 F15000.0
G1 Z11.9000 F2500.0
G4 P0.02
G1 X24.2179 Y-171.4431 F12000.0
G1 Z0.0000 F2500.0
G4 P0.02
G0 X24.5399 Y-172.0869 F15000.0
G1 Z11.9000 F2500.0
G4 P0.02
G1 X25.1032 Y-172.4087 F12000.0
G1 X25.7470 Y-172.4892
G1 X26.3909 Y-172.2477
G1 X26.8737 Y-171.6845
G1 X27.0347 Y-171.0408
G1 Z0.0000 F2500.0
G4 P0.02
G0 X33.7142 Y-171.4431 F15000.0
G1 Z11.9000 F2500.0
G4 P0.02
G1 X34.0361 Y-172.0869 F12000.0
G1 X34.5994 Y-172.4087
G1 X35.2433 Y-172.4892
G1 X35.8871 Y-172.2477
G1 X36.3700 Y-171.6845
G1 X36.5309 Y-171.0408
G1 X36.5309 Y-170.9603
G1 X36.2895 Y-170.3165
G1 X35.8066 Y-169.8337
G1 X35.1628 Y-169.6728
G1 X34.5191 Y-169.7532
G1 X33.9557 Y-170.1556
G1 X33.7142 Y-170.7993
G1 X33.7142 Y-171.4431
G1 Z0.0000 F2500.0
G4 P0.02
G0 X35.4771 Y-170.9988 F15000.0
G1 Z11.9000 F2500.0
G4 P0.02
G1 X35.4155 Y-170.8089 F12000.0
G1 X35.2539 Y-170.6915
G1 X35.0542 Y-170.6915
G1 X34.8926 Y-170.8089
G1 X34.8309 Y-170.9988
G1 X34.8926 Y-171.1887
G1 X35.0542 Y-171.3061
G1 X35.2539 Y-171.3061
G1 X35.4155 Y-171.1887
G1 X35.4771 Y-170.9988
G1 Z0.0000 F2500.0
G4 P0.02
G0 X39.7899 Y-170.6303 F15000.0
G1 Z11.9000 F2500.0
G4 P0.02
G1 X39.6306 Y-170.2096 F12000.0
G1 X39.5466 Y-170.0430
G1 X39.4654 Y-169.9123
G1 X39.3716 Y-169.7905
G1 X39.2630 Y-169.6784
G1 X39.1377 Y-169.5773
G1 X38.9978 Y-169.4907
G1 X38.8034 Y-169.4064
G1 X38.5970 Y-169.3483
G1 X38.3587 Y-169.3089
G1 X38.0597 Y-169.2818
G1 X37.8346 Y-169.2783
G1 X37.6311 Y-169.2994
G1 X37.5042 Y-169.3438
G1 X37.4402 Y-169.4090
G1 X37.4096 Y-169.4887
G1 X37.4026 Y-169.6083
G1 X37.4247 Y-169.7359
G1 X37.4648 Y-169.8639
G1 X38.0522 Y-171.3112
G1 X38.1969 Y-171.6914
G1 X38.3160 Y-172.0459
G1 X38.5532 Y-172.8285
G1 X38.7813 Y-173.4908
G1 X38.8231 Y-173.5799
G1 X38.8777 Y-173.6546
G1 X38.9232 Y-173.6924
G1 X39.0018 Y-173.7258
G1 X39.1241 Y-173.7412
G1 X39.7083 Y-173.7339
G1 X39.9071 Y-173.7196
G1 X40.0666 Y-173.6895
G1 X40.2118 Y-173.6363
G1 X40.3344 Y-173.5535
G1 X40.4106 Y-173.4618
G1 X40.4627 Y-173.3438
G1 X40.4858 Y-173.1941
G1 X40.4688 Y-172.9856
G1 X40.4119 Y-172.7612
G1 X40.3109 Y-172.5103
G1 X40.2189 Y-172.3425
G1 X40.1366 Y-172.2257
G1 X40.0596 Y-172.1433
G1 X39.7963 Y-171.9123
G1 X39.7417 Y-171.8366
G1 X39.7060 Y-171.7486
G1 X39.7004 Y-171.6881
G1 X39.7180 Y-171.6012
G1 X39.8700 Y-171.3225
G1 X39.9066 Y-171.2051
G1 X39.9100 Y-171.1141
G1 X39.8957 Y-170.9904
G1 X39.8287 Y-170.7454
G1 X39.7899 Y-170.6303
G1 Z0.0000 F2500.0
G4 P0.02
G0 X39.6560 Y-171.7223 F15000.0
G1 Z11.9000 F2500.0
G4 P0.02
G1 X39.0673 Y-171.6512 F12000.0
G1 X38.9034 Y-171.6409
G1 X38.7413 Y-171.6409
G1 X38.5841 Y-171.6546
G1 X38.4348 Y-171.6855
G1 X38.3228 Y-171.7251
G1 X38.2192 Y-171.7797
G1 Z0.0000 F2500.0
G4 P0.02
G0 X40.4606 Y-170.0556 F15000.0
G1 Z11.9000 F2500.0
G4 P0.02
G1 X40.9922 Y-169.9792 F12000.0
G1 X40.8612 Y-169.6533
G1 X40.1732 Y-168.7913
G1 X40.7479 Y-168.7338
G1 Z0.0000 F2500.0
G4 P0.02
G0 X42.0698 Y-170.3430 F15000.0
G1 Z11.9000 F2500.0
G4 P0.02
G1 X43.7364 Y-170.3430 F12000.0
G1 Z0.0000 F2500.0
G4 P0.02
G0 X44.1386 Y-171.3775 F15000.0
G1 Z11.9000 F2500.0
G4 P0.02
G1 X42.5295 Y-171.3200 F12000.0
G1 Z0.0000 F2500.0
G4 P0.02
G0 X46.8013 Y-170.6303 F15000.0
G1 Z11.9000 F2500.0
G4 P0.02
G1 X46.6420 Y-170.2096 F12000.0
G1 X46.5580 Y-170.0430
G1 X46.4768 Y-169.9123
G1 X46.3830 Y-169.7905
G1 X46.2744 Y-169.6784
G1 X46.1491 Y-169.5773
G1 X46.0084 Y-169.4903
G1 X45.8058 Y-169.4023
G1 X45.5886 Y-169.3422
G1 X45.4030 Y-169.3131
G1 X45.0421 Y-169.2825
G1 X44.8178 Y-169.2807
G1 X44.6476 Y-169.2989
G1 X44.5171 Y-169.3430
G1 X44.4515 Y-169.4090
G1 X44.4208 Y-169.4887
G1 X44.4140 Y-169.6083
G1 X44.4360 Y-169.7359
G1 X44.4761 Y-169.8639
G1 X44.6200 Y-170.2303
G1 X45.0117 Y-171.3200
G1 X45.2457 Y-171.8059
G1 X45.4668 Y-172.5612
G1 X45.7927 Y-173.4908
G1 X45.8346 Y-173.5799
G1 X45.8891 Y-173.6546
G1 X45.9346 Y-173.6924
G1 X46.0132 Y-173.7258
G1 X46.1355 Y-173.7412
G1 X46.7197 Y-173.7339
G1 X46.9185 Y-173.7196
G1 X47.0780 Y-173.6895
G1 X47.2232 Y-173.6363
G1 X47.3458 Y-173.5535
G1 X47.4220 Y-173.4618
G1 X47.4741 Y-173.3438
G1 X47.4972 Y-173.1941
G1 X47.4802 Y-172.9856
G1 X47.4233 Y-172.7612
G1 X47.3223 Y-172.5103
G1 X47.2304 Y-172.3425
G1 X47.1480 Y-172.2257
G1 X47.0710 Y-172.1433
G1 X46.8077 Y-171.9123
G1 X46.7531 Y-171.8366
G1 X46.7174 Y-171.7486
G1 X46.7118 Y-171.6881
G1 X46.7294 Y-171.6012
G1 X46.8814 Y-171.3225
G1 X46.9180 Y-171.2051
G1 X46.9214 Y-171.1141
G1 X46.9071 Y-170.9904
G1 X46.8401 Y-170.7454
G1 X46.8013 Y-170.6303
G1 Z0.0000 F2500.0
G4 P0.02
G0 X46.6674 Y-171.7223 F15000.0
G1 Z11.9000 F2500.0
G4 P0.02
G1 X46.0787 Y-171.6512 F12000.0
G1 X45.9148 Y-171.6409
G1 X45.7527 Y-171.6409
G1 X45.5956 Y-171.6546
G1 X45.4462 Y-171.6855
G1 X45.3342 Y-171.7251
G1 X45.2306 Y-171.7797
G1 Z0.0000 F2500.0
G4 P0.02
G0 X48.4490 Y-172.6993 F15000.0
G1 Z11.9000 F2500.0
G4 P0.02
G1 X49.1386 Y-174.5383 F12000.0
G1 X49.5984 Y-174.5383
G1 X48.9088 Y-172.6993
G1 X49.3685 Y-172.6993
G1 X50.0582 Y-174.5383
G1 Z0.0000 F2500.0
G4 P0.02
G0 X76.4945 Y-173.1591 F15000.0
G1 Z11.9000 F2500.0
G4 P0.02
G1 X76.6660 Y-173.2715 F12000.0
G1 X76.7973 Y-173.3979
G1 X76.8981 Y-173.5380
G1 X76.9900 Y-173.7187
G1 X77.4455 Y-174.9045
G1 X77.5850 Y-175.2938
G1 X77.7159 Y-175.7179
G1 X77.8164 Y-176.1475
G1 Z0.0000 F2500.0
G4 P0.02
G0 X77.4715 Y-176.2050 F15000.0
G1 Z11.9000 F2500.0
G4 P0.02
G1 X78.4818 Y-176.1647 F12000.0
G1 X78.7768 Y-176.1662
G1 X79.0352 Y-176.1826
G1 X79.2864 Y-176.2178
G1 X79.4975 Y-176.2679
G1 X79.6979 Y-176.3392
G1 X79.8853 Y-176.4349
G1 Z0.0000 F2500.0
G4 P0.02
G0 X79.1957 Y-176.0900 F15000.0
G1 Z11.9000 F2500.0
G4 P0.02
G1 X78.6961 Y-174.6319 F12000.0
G1 X78.4606 Y-174.0127
G1 X78.3917 Y-173.8019
G1 X78.3523 Y-173.6192
G1 X78.3398 Y-173.4661
G1 X78.3510 Y-173.3126
G1 X78.3911 Y-173.1591
G1 Z0.0000 F2500.0
G4 P0.02
G0 X80.4600 Y-174.0211 F15000.0
G1 Z11.9000 F2500.0
G4 P0.02
G1 X80.6845 Y-174.2374 F12000.0
G1 X80.8576 Y-174.3652
G1 X81.0251 Y-174.4407
G1 X81.1850 Y-174.4694
G1 X81.2879 Y-174.4668
G1 X81.3850 Y-174.4484
G1 X81.4742 Y-174.4157
G1 X81.5540 Y-174.3697
G1 X81.6225 Y-174.3119
G1 X81.6781 Y-174.2437
G1 X81.7191 Y-174.1662
G1 X81.7434 Y-174.0810
G1 X81.7473 Y-173.9573
G1 X81.7146 Y-173.8252
G1 X81.6413 Y-173.6835
G1 X81.5491 Y-173.5584
G1 X81.3751 Y-173.3744
G1 X80.5082 Y-172.5557
G1 X80.2361 Y-172.2839
G1 X79.9705 Y-171.9726
G1 X79.8640 Y-171.8214
G1 X79.7704 Y-171.6648
G1 X80.8623 Y-171.5498
G1 Z0.0000 F2500.0
G4 P0.02
G0 X87.4904 Y-172.3545 F15000.0
G1 Z11.9000 F2500.0
G4 P0.02
G1 X87.3312 Y-171.9337 F12000.0
G1 X87.2471 Y-171.7670
G1 X87.1658 Y-171.6364
G1 X87.0720 Y-171.5145
G1 X86.9636 Y-171.4025
G1 X86.8383 Y-171.3014
G1 X86.6983 Y-171.2149
G1 X86.5039 Y-171.1305
G1 X86.2974 Y-171.0724
G1 X86.0592 Y-171.0331
G1 X85.7601 Y-171.0059
G1 X85.5350 Y-171.0025
G1 X85.3316 Y-171.0236
G1 X85.2046 Y-171.0679
G1 X85.1405 Y-171.1331
G1 X85.1099 Y-171.2128
G1 X85.1031 Y-171.3324
G1 X85.1252 Y-171.4600
G1 X85.1652 Y-171.5880
G1 X85.7526 Y-173.0354
G1 X85.8974 Y-173.4155
G1 X86.0165 Y-173.7700
G1 X86.2536 Y-174.5525
G1 X86.4819 Y-175.2150
G1 X86.5237 Y-175.3040
G1 X86.5783 Y-175.3787
G1 X86.6238 Y-175.4165
G1 X86.7024 Y-175.4499
G1 X86.8247 Y-175.4654
G1 X87.4087 Y-175.4580
G1 X87.6075 Y-175.4437
G1 X87.7671 Y-175.4137
G1 X87.9124 Y-175.3604
G1 X88.0350 Y-175.2777
G1 X88.1111 Y-175.1859
G1 X88.1632 Y-175.0679
G1 X88.1863 Y-174.9183
G1 X88.1692 Y-174.7097
G1 X88.1123 Y-174.4853
G1 X88.0115 Y-174.2343
G1 X87.9194 Y-174.0665
G1 X87.8371 Y-173.9498
G1 X87.7600 Y-173.8674
G1 X87.4968 Y-173.6364
G1 X87.4422 Y-173.5608
G1 X87.4064 Y-173.4727
G1 X87.4009 Y-173.4122
G1 X87.4185 Y-173.3253
G1 X87.5705 Y-173.0467
G1 X87.6071 Y-172.9292
G1 X87.6105 Y-172.8383
G1 X87.5962 Y-172.7145
G1 X87.5291 Y-172.4695
G1 X87.4904 Y-172.3545
G1 Z0.0000 F2500.0
G4 P0.02
G0 X87.3565 Y-173.4464 F15000.0
G1 Z11.9000 F2500.0
G4 P0.02
G1 X86.7678 Y-173.3754 F12000.0
G1 X86.6039 Y-173.3650
G1 X86.4418 Y-173.3649
G1 X86.2846 Y-173.3787
G1 X86.1352 Y-173.4097
G1 X86.0233 Y-173.4492
G1 X85.9197 Y-173.5038
G1 Z0.0000 F2500.0
G4 P0.02
G0 X89.1381 Y-174.4234 F15000.0
G1 Z11.9000 F2500.0
G4 P0.02
G1 X89.8277 Y-176.2625 F12000.0
G1 X90.2875 Y-176.2625
G1 X89.5978 Y-174.4234
G1 Z0.0000 F2500.0
G4 P0.02
G0 X89.4829 Y-172.0671 F15000.0
G1 Z11.9000 F2500.0
G4 P0.02
G1 X91.1496 Y-172.0671 F12000.0
G1 Z0.0000 F2500.0
G4 P0.02
G0 X89.9427 Y-173.0441 F15000.0
G1 Z11.9000 F2500.0
G4 P0.02
G1 X91.5518 Y-173.1016 F12000.0
G1 Z0.0000 F2500.0
G4 P0.02
G0 X91.4163 Y-170.3165 F15000.0
G1 Z11.9000 F2500.0
G4 P0.02
G1 X91.0140 Y-169.7532 F12000.0
G1 X91.0140 Y-169.0291
G1 X91.2553 Y-168.4657
G1 X91.8187 Y-168.0634
G1 X92.4625 Y-167.9025
G1 X93.1063 Y-168.1439
G1 X93.5892 Y-168.5462
G1 X93.8307 Y-169.1900
G1 X93.8506 Y-169.2511
G1 X93.8105 Y-168.9854
G1 X93.7728 Y-168.8612
G1 X93.7105 Y-168.7144
G1 X93.6495 Y-168.6044
G1 X93.5605 Y-168.4763
G1 X93.4586 Y-168.3593
G1 X93.3454 Y-168.2542
G1 X93.1176 Y-168.0963
G1 X92.9804 Y-168.0270
G1 X92.8372 Y-167.9716
G1 X92.6897 Y-167.9307
G1 X92.5392 Y-167.9050
G1 X92.2655 Y-167.8984
G1 X92.1145 Y-167.9179
G1 X91.9954 Y-167.9459
G1 X91.8500 Y-167.9969
G1 X91.7374 Y-168.0508
G1 X91.5250 Y-168.1951
G1 X91.3349 Y-168.3896
G1 X91.1910 Y-168.6096
G1 X91.1396 Y-168.7227
G1 X91.0912 Y-168.8684
G1 X91.0427 Y-169.1409
G1 X91.0363 Y-169.4574
G1 X91.0488 Y-169.5536
G1 X91.0814 Y-169.6715
G1 X91.1752 Y-169.8621
G1 X91.3707 Y-170.1379
G1 X91.5906 Y-170.3657
G1 X91.7677 Y-170.4999
G1 X91.9565 Y-170.5949
G1 X92.1755 Y-170.6476
G1 X92.4353 Y-170.6621
G1 X92.6875 Y-170.6286
G1 X92.9268 Y-170.5516
G1 X93.1476 Y-170.4352
G1 X93.3674 Y-170.2623
G1 X93.5313 Y-170.0758
G1 X93.6600 Y-169.8629
G1 X93.7482 Y-169.6277
G1 X93.7905 Y-169.3742
G1 X93.7932 Y-169.3086
G1 Z0.0000 F2500.0
G4 P0.02
G0 X91.4163 Y-170.3165 F15000.0
G1 Z11.9000 F2500.0
G4 P0.02
G1 X91.9797 Y-170.7189 F12000.0
G1 X92.6235 Y-170.7189
G1 X93.2673 Y-170.4774
G1 X93.6697 Y-169.9947
G1 X93.8307 Y-169.3509
G1 Z0.0000 F2500.0
G4 P0.02
G0 X94.2145 Y-172.3545 F15000.0
G1 Z11.9000 F2500.0
G4 P0.02
G1 X94.0552 Y-171.9337 F12000.0
G1 X93.9712 Y-171.7670
G1 X93.8899 Y-171.6364
G1 X93.7962 Y-171.5145
G1 X93.6876 Y-171.4025
G1 X93.5623 Y-171.3014
G1 X93.4223 Y-171.2149
G1 X93.2280 Y-171.1305
G1 X93.0215 Y-171.0724
G1 X92.7832 Y-171.0331
G1 X92.4843 Y-171.0059
G1 X92.2591 Y-171.0025
G1 X92.0556 Y-171.0236
G1 X91.9286 Y-171.0679
G1 X91.8646 Y-171.1331
G1 X91.8340 Y-171.2128
G1 X91.8271 Y-171.3324
G1 X91.8492 Y-171.4600
G1 X91.8893 Y-171.5880
G1 X92.4767 Y-173.0354
G1 X92.6214 Y-173.4155
G1 X92.7406 Y-173.7700
G1 X92.9777 Y-174.5525
G1 X93.2061 Y-175.2150
G1 X93.2480 Y-175.3040
G1 X93.3025 Y-175.3787
G1 X93.3478 Y-175.4165
G1 X93.4264 Y-175.4499
G1 X93.5487 Y-175.4654
G1 X94.1328 Y-175.4580
G1 X94.3316 Y-175.4437
G1 X94.4912 Y-175.4137
G1 X94.6364 Y-175.3604
G1 X94.7590 Y-175.2777
G1 X94.8351 Y-175.1859
G1 X94.8872 Y-175.0679
G1 X94.9104 Y-174.9183
G1 X94.8933 Y-174.7097
G1 X94.8364 Y-174.4853
G1 X94.7355 Y-174.2343
G1 X94.6434 Y-174.0665
G1 X94.5612 Y-173.9498
G1 X94.4841 Y-173.8674
G1 X94.2208 Y-173.6364
G1 X94.1662 Y-173.5608
G1 X94.1306 Y-173.4727
G1 X94.1250 Y-173.4122
G1 X94.1425 Y-173.3253
G1 X94.2946 Y-173.0467
G1 X94.3311 Y-172.9292
G1 X94.3345 Y-172.8383
G1 X94.3203 Y-172.7145
G1 X94.2533 Y-172.4695
G1 X94.2145 Y-172.3545
G1 Z0.0000 F2500.0
G4 P0.02
G0 X92.3820 Y-169.3509 F15000.0
G1 Z11.9000 F2500.0
G4 P0.02
G1 X101.8784 Y-169.3509 F12000.0
G1 Z0.0000 F2500.0
G4 P0.02
G0 X92.6437 Y-173.5038 F15000.0
G1 Z11.9000 F2500.0
G4 P0.02
G1 X92.7473 Y-173.4492 F12000.0
G1 X92.8593 Y-173.4097
G1 X93.0087 Y-173.3787
G1 X93.1659 Y-173.3649
G1 X93.3279 Y-173.3650
G1 X93.4919 Y-173.3754
G1 X94.0806 Y-173.4464
G1 Z0.0000 F2500.0
G4 P0.02
G0 X102.2393 Y-169.2678 F15000.0
G1 Z11.9000 F2500.0
G4 P0.02
G1 X102.1775 Y-169.0779 F12000.0
G1 X102.0160 Y-168.9605
G1 X101.8163 Y-168.9605
G1 X101.6548 Y-169.0779
G1 X101.5931 Y-169.2678
G1 X101.6548 Y-169.4577
G1 X101.8163 Y-169.5751
G1 X102.0160 Y-169.5751
G1 X102.1775 Y-169.4577
G1 X102.2393 Y-169.2678
G1 Z0.0000 F2500.0
G4 P0.02
G0 X100.9127 Y-170.3165 F15000.0
G1 Z11.9000 F2500.0
G4 P0.02
G1 X100.5102 Y-169.7532 F12000.0
G1 X100.5102 Y-169.0291
G1 X100.8322 Y-168.4657
G1 X101.3150 Y-168.0634
G1 X101.9589 Y-167.9025
G1 X102.6027 Y-168.1439
G1 X103.0855 Y-168.5462
G1 X103.3269 Y-169.1900
G1 X103.3269 Y-169.3509
G1 X103.1660 Y-169.9947
G1 X102.7636 Y-170.4774
G1 X102.1197 Y-170.7189
G1 X101.4760 Y-170.7189
G1 X100.9127 Y-170.3165
G1 Z0.0000 F2500.0
G4 P0.02
G0 X101.8784 Y-179.3290 F15000.0
G1 Z11.9000 F2500.0
G4 P0.02
G1 X112.5818 Y-168.7071 F12000.0
G1 Z0.0000 F2500.0
G4 P0.02
G0 X103.6781 Y-177.5842 F15000.0
G1 Z11.9000 F2500.0
G4 P0.02
G1 X103.8960 Y-177.3135 F12000.0
G1 X104.1565 Y-177.0348
G1 X104.7478 Y-176.4571
G1 X106.7776 Y-174.4270
G1 X109.4995 Y-171.6382
G1 X110.4792 Y-170.6941
G1 X111.3011 Y-169.9577
G1 X111.8900 Y-169.3390
G1 X112.2919 Y-168.9889
G1 X112.4064 Y-168.8754
G1 X112.5174 Y-168.7269
G1 X112.5725 Y-168.5990
G1 X112.5822 Y-168.4631
G1 X112.5708 Y-168.0581
G1 X112.5830 Y-167.9184
G1 X112.6066 Y-167.8302
G1 X112.6312 Y-167.7825
G1 X112.6643 Y-167.7457
G1 X112.7069 Y-167.7217
G1 X112.7601 Y-167.7120
G1 X112.8455 Y-167.7228
G1 X112.9296 Y-167.7561
G1 X113.0104 Y-167.8056
G1 X113.2136 Y-167.9884
G1 X113.3502 Y-168.1613
G1 X113.5119 Y-168.4397
G1 X113.6348 Y-168.7240
G1 X113.7222 Y-169.0149
G1 X113.7607 Y-169.2882
G1 X113.7504 Y-169.4640
G1 X113.6986 Y-169.6338
G1 X113.6128 Y-169.7538
G1 X113.4993 Y-169.8323
G1 X113.3643 Y-169.8774
G1 X113.1829 Y-169.8987
G1 X112.4606 Y-169.8757
G1 X112.3263 Y-169.8818
G1 X112.2356 Y-169.9054
G1 X112.1854 Y-169.9346
G1 X112.1467 Y-169.9774
G1 X112.1232 Y-170.0303
G1 X112.1076 Y-170.1132
G1 X112.1119 Y-170.2335
G1 X112.1386 Y-170.3604
G1 X112.1803 Y-170.4891
G1 X112.3662 Y-170.9459
G1 X112.6650 Y-171.7741
G1 X112.7275 Y-171.8728
G1 X112.7728 Y-171.9108
G1 X112.8235 Y-171.9356
G1 X112.9737 Y-171.9596
G1 X113.5306 Y-171.9552
G1 X113.7269 Y-171.9452
G1 X113.8852 Y-171.9189
G1 X114.0314 Y-171.8688
G1 X114.1350 Y-171.8065
G1 X114.2424 Y-171.6950
G1 X114.3031 Y-171.5815
G1 X114.3249 Y-171.4990
G1 X114.3331 Y-171.4103
G1 X114.3094 Y-171.1893
G1 X114.2347 Y-170.9355
G1 X114.1195 Y-170.6585
G1 X114.0557 Y-170.5485
G1 X113.9599 Y-170.4245
G1 X113.6283 Y-170.0865
G1 X113.5056 Y-169.9407
G1 Z0.0000 F2500.0
G4 P0.02
G0 X106.6281 Y-168.8487 F15000.0
G1 Z11.9000 F2500.0
G4 P0.02
G1 X106.4688 Y-168.4280 F12000.0
G1 X106.3848 Y-168.2613
G1 X106.3035 Y-168.1308
G1 X106.2097 Y-168.0088
G1 X106.1013 Y-167.8968
G1 X105.9759 Y-167.7957
G1 X105.8351 Y-167.7086
G1 X105.6325 Y-167.6207
G1 X105.4154 Y-167.5607
G1 X105.2298 Y-167.5315
G1 X104.8689 Y-167.5009
G1 X104.6446 Y-167.4992
G1 X104.4744 Y-167.5173
G1 X104.3438 Y-167.5613
G1 X104.2782 Y-167.6274
G1 X104.2476 Y-167.7071
G1 X104.2408 Y-167.8267
G1 X104.2628 Y-167.9543
G1 X104.3029 Y-168.0823
G1 X104.4468 Y-168.4487
G1 X104.8384 Y-169.5384
G1 X105.0724 Y-170.0242
G1 X105.2936 Y-170.7794
G1 X105.6195 Y-171.7092
G1 X105.6613 Y-171.7983
G1 X105.7159 Y-171.8729
G1 X105.7614 Y-171.9108
G1 X105.8400 Y-171.9442
G1 X105.9623 Y-171.9596
G1 X106.5464 Y-171.9524
G1 X106.7452 Y-171.9379
G1 X106.9048 Y-171.9079
G1 X107.0500 Y-171.8547
G1 X107.1726 Y-171.7719
G1 X107.2488 Y-171.6802
G1 X107.3009 Y-171.5622
G1 X107.3240 Y-171.4126
G1 X107.3069 Y-171.2039
G1 X107.2500 Y-170.9796
G1 X107.1491 Y-170.7287
G1 X107.0571 Y-170.5609
G1 X106.9747 Y-170.4442
G1 X106.8977 Y-170.3618
G1 X106.6344 Y-170.1308
G1 X106.5799 Y-170.0551
G1 X106.5441 Y-169.9669
G1 X106.5385 Y-169.9065
G1 X106.5562 Y-169.8195
G1 X106.7082 Y-169.5407
G1 X106.7447 Y-169.4235
G1 X106.7482 Y-169.3326
G1 X106.7338 Y-169.2088
G1 X106.6668 Y-168.9638
G1 X106.6281 Y-168.8487
G1 Z0.0000 F2500.0
G4 P0.02
G0 X106.4942 Y-169.9407 F15000.0
G1 Z11.9000 F2500.0
G4 P0.02
G1 X105.9054 Y-169.8696 F12000.0
G1 X105.7415 Y-169.8594
G1 X105.5795 Y-169.8593
G1 X105.4223 Y-169.8729
G1 X105.2729 Y-169.9039
G1 X105.1610 Y-169.9436
G1 X105.0574 Y-169.9982
G1 Z0.0000 F2500.0
G4 P0.02
G0 X108.9079 Y-168.5614 F15000.0
G1 Z11.9000 F2500.0
G4 P0.02
G1 X110.5746 Y-168.5614 F12000.0
G1 Z0.0000 F2500.0
G4 P0.02
G0 X110.9769 Y-169.5958 F15000.0
G1 Z11.9000 F2500.0
G4 P0.02
G1 X109.3677 Y-169.5384 F12000.0
G1 Z0.0000 F2500.0
G4 P0.02
G0 X111.8389 Y-169.3660 F15000.0
G1 Z11.9000 F2500.0
G4 P0.02
G1 X111.7294 Y-169.1811 F12000.0
G1 X111.6391 Y-168.9835
G1 X111.3051 Y-168.0462
G1 X111.2712 Y-167.9216
G1 X111.2579 Y-167.8271
G1 X111.2604 Y-167.7351
G1 X111.2832 Y-167.6482
G1 X111.3389 Y-167.5745
G1 X111.3899 Y-167.5466
G1 X111.4484 Y-167.5315
G1 X112.1480 Y-167.5185
G1 X112.3028 Y-167.5316
G1 X112.4519 Y-167.5650
G1 X112.5937 Y-167.6260
G1 X112.7009 Y-167.6993
G1 Z0.0000 F2500.0
G4 P0.02
G0 X111.7814 Y-169.4809 F15000.0
G1 Z11.9000 F2500.0
G4 P0.02
G1 X112.0688 Y-169.9407 F12000.0
G1 Z0.0000 F2500.0
G4 P0.02
G0 X115.2872 Y-170.9752 F15000.0
G1 Z11.9000 F2500.0
G4 P0.02
G1 X115.9768 Y-172.8142 F12000.0
G1 X116.4366 Y-172.8142
G1 X115.7469 Y-170.9752
G1 X116.2067 Y-170.9752
G1 X116.8963 Y-172.8142
G1 Z0.0000 F2500.0
G4 P0.02
G0 X135.7656 Y-172.7567 F15000.0
G1 Z11.9000 F2500.0
G4 P0.02
G1 X135.6064 Y-172.3360 F12000.0
G1 X135.5223 Y-172.1693
G1 X135.4410 Y-172.0387
G1 X135.3472 Y-171.9168
G1 X135.2388 Y-171.8048
G1 X135.1135 Y-171.7037
G1 X134.9735 Y-171.6171
G1 X134.7792 Y-171.5328
G1 X134.5727 Y-171.4747
G1 X134.3344 Y-171.4354
G1 X134.0354 Y-171.4082
G1 X133.8102 Y-171.4047
G1 X133.6068 Y-171.4259
G1 X133.4798 Y-171.4702
G1 X133.4158 Y-171.5354
G1 X133.3852 Y-171.6151
G1 X133.3783 Y-171.7347
G1 X133.4004 Y-171.8623
G1 X133.4404 Y-171.9903
G1 X134.0278 Y-173.4376
G1 X134.1726 Y-173.8178
G1 X134.2917 Y-174.1724
G1 X134.5288 Y-174.9549
G1 X134.7571 Y-175.6172
G1 X134.7989 Y-175.7064
G1 X134.8535 Y-175.7810
G1 X134.8990 Y-175.8188
G1 X134.9776 Y-175.8522
G1 X135.0999 Y-175.8676
G1 X135.6839 Y-175.8604
G1 X135.8827 Y-175.8460
G1 X136.0423 Y-175.8159
G1 X136.1876 Y-175.7627
G1 X136.3102 Y-175.6799
G1 X136.3863 Y-175.5881
G1 X136.4384 Y-175.4702
G1 X136.4615 Y-175.3205
G1 X136.4445 Y-175.1119
G1 X136.3875 Y-174.8876
G1 X136.2867 Y-174.6367
G1 X136.1946 Y-174.4689
G1 X136.1123 Y-174.3522
G1 X136.0353 Y-174.2698
G1 X135.7720 Y-174.0387
G1 X135.7174 Y-173.9631
G1 X135.6816 Y-173.8749
G1 X135.6761 Y-173.8145
G1 X135.6937 Y-173.7275
G1 X135.8457 Y-173.4487
G1 X135.8823 Y-173.3315
G1 X135.8857 Y-173.2405
G1 X135.8714 Y-173.1168
G1 X135.8043 Y-172.8718
G1 X135.7656 Y-172.7567
G1 Z0.0000 F2500.0
G4 P0.02
G0 X135.6317 Y-173.8487 F15000.0
G1 Z11.9000 F2500.0
G4 P0.02
G1 X135.0430 Y-173.7776 F12000.0
G1 X134.8791 Y-173.7673
G1 X134.7170 Y-173.7673
G1 X134.5598 Y-173.7810
G1 X134.4104 Y-173.8119
G1 X134.2985 Y-173.8515
G1 X134.1949 Y-173.9062
G1 Z0.0000 F2500.0
G4 P0.02
G0 X139.2523 Y-173.8487 F15000.0
G1 Z11.9000 F2500.0
G4 P0.02
G1 X139.1343 Y-173.6619 F12000.0
G1 X139.0413 Y-173.4638
G1 X138.6654 Y-172.4291
G1 X138.6277 Y-172.2450
G1 X138.6168 Y-172.0537
G1 X138.6243 Y-171.9003
G1 X138.6581 Y-171.7581
G1 X138.7294 Y-171.6305
G1 X138.8214 Y-171.5414
G1 X138.9445 Y-171.4713
G1 X139.0819 Y-171.4292
G1 X139.2679 Y-171.4027
G1 X139.4684 Y-171.3963
G1 X140.2293 Y-171.4350
G1 Z0.0000 F2500.0
G4 P0.02
G0 X140.4018 Y-173.7912 F15000.0
G1 Z11.9000 F2500.0
G4 P0.02
G1 X139.4706 Y-173.7888 F12000.0
G1 X139.3530 Y-173.8173
G1 X139.3061 Y-173.8535
G1 X139.2755 Y-173.9030
G1 X139.2608 Y-173.9919
G1 X139.2820 Y-174.1250
G1 X139.4799 Y-174.6919
G1 X139.6421 Y-175.0718
G1 X139.8049 Y-175.3401
G1 X139.9459 Y-175.5061
G1 X140.1144 Y-175.6481
G1 X140.3008 Y-175.7519
G1 X140.5040 Y-175.8210
G1 X140.7515 Y-175.8656
G1 X141.0090 Y-175.8826
G1 X141.8959 Y-175.8601
G1 Z0.0000 F2500.0
G4 P0.02
G0 X145.6226 Y-173.1133 F15000.0
G1 Z11.9000 F2500.0
G4 P0.02
G1 X145.4450 Y-172.5443 F12000.0
G1 X145.2775 Y-172.1408
G1 X145.1831 Y-171.9712
G1 X145.0944 Y-171.8423
G1 X144.9953 Y-171.7274
G1 X144.8850 Y-171.6292
G1 X144.7361 Y-171.5369
G1 X144.5971 Y-171.4844
G1 X144.3436 Y-171.4323
G1 X144.1025 Y-171.4113
G1 X143.9292 Y-171.4174
G1 X143.7698 Y-171.4481
G1 X143.6378 Y-171.5099
G1 X143.5609 Y-171.5860
G1 X143.5114 Y-171.6951
G1 X143.4950 Y-171.8156
G1 X143.5060 Y-171.9396
G1 X143.5454 Y-172.0945
G1 X143.9955 Y-173.3690
G1 X144.2283 Y-173.9906
G1 X144.3008 Y-174.1614
G1 X144.4495 Y-174.4304
G1 X144.5112 Y-174.5676
G1 X144.6601 Y-175.1423
G1 X144.7304 Y-175.3509
G1 X144.8290 Y-175.5396
G1 X144.9458 Y-175.6765
G1 X145.1008 Y-175.7829
G1 X145.1951 Y-175.8223
G1 X145.2984 Y-175.8484
G1 X145.3659 Y-175.8537
G1 X145.4623 Y-175.8440
G1 X145.6025 Y-175.7859
G1 X145.6694 Y-175.7291
G1 X145.7049 Y-175.6831
G1 X145.7426 Y-175.6035
G1 X145.7558 Y-175.5443
G1 X145.7556 Y-175.4475
G1 X145.7408 Y-175.3785
G1 X145.6699 Y-175.2312
G1 X145.5704 Y-175.1157
G1 X145.2496 Y-174.8265
G1 X145.1925 Y-174.7504
G1 X145.1630 Y-174.6641
G1 X145.1814 Y-174.5749
G1 X145.2132 Y-174.5319
G1 X145.2557 Y-174.5017
G1 X145.3657 Y-174.4696
G1 X145.6335 Y-174.4472
G1 X145.7620 Y-174.4159
G1 X145.8185 Y-174.3863
G1 X145.8673 Y-174.3440
G1 X145.9224 Y-174.2510
G1 X145.9443 Y-174.1080
G1 X145.9214 Y-173.9526
G1 X145.8700 Y-173.7932
G1 X145.7366 Y-173.4713
G1 X145.6578 Y-173.2308
G1 X145.6226 Y-173.1133
G1 Z0.0000 F2500.0
G4 P0.02
G0 X145.0568 Y-174.5383 F15000.0
G1 Z11.9000 F2500.0
G4 P0.02
G1 X144.5396 Y-174.5383 F12000.0
G1 Z0.0000 F2500.0
G4 P0.02
G0 X146.8384 Y-171.4350 F15000.0
G1 Z11.9000 F2500.0
G4 P0.02
G1 X147.0064 Y-171.7649 F12000.0
G1 X147.1744 Y-172.1750
G1 X147.6594 Y-173.6139
G1 X147.7973 Y-174.0816
G1 X147.8575 Y-174.2325
G1 X147.9321 Y-174.3616
G1 X148.0152 Y-174.4432
G1 X148.0716 Y-174.4675
G1 X148.1661 Y-174.4838
G1 X148.4137 Y-174.4811
G1 X148.8911 Y-174.5023
G1 X149.1653 Y-174.4787
G1 X149.2569 Y-174.4541
G1 X149.3381 Y-174.4180
G1 X149.4062 Y-174.3690
G1 X149.4583 Y-174.3050
G1 X149.4828 Y-174.2533
G1 X149.5019 Y-174.1641
G1 X149.4889 Y-173.9818
G1 X149.4440 Y-173.8268
G1 X149.2907 Y-173.4464
G1 X148.8457 Y-172.1592
G1 X148.7052 Y-171.8066
G1 X148.5626 Y-171.4924
G1 Z0.0000 F2500.0
G4 P0.02
G0 X152.5855 Y-171.4350 F15000.0
G1 Z11.9000 F2500.0
G4 P0.02
G1 X152.7569 Y-171.5475 F12000.0
G1 X152.8882 Y-171.6738
G1 X152.9891 Y-171.8138
G1 X153.0809 Y-171.9947
G1 X153.5364 Y-173.1804
G1 X153.6759 Y-173.5697
G1 X153.8068 Y-173.9937
G1 X153.9073 Y-174.4234
G1 Z0.0000 F2500.0
G4 P0.02
G0 X153.5625 Y-174.4809 F15000.0
G1 Z11.9000 F2500.0
G4 P0.02
G1 X154.5727 Y-174.4406 F12000.0
G1 X154.8676 Y-174.4421
G1 X155.1261 Y-174.4584
G1 X155.3773 Y-174.4937
G1 X155.5884 Y-174.5438
G1 X155.7888 Y-174.6150
G1 X155.9762 Y-174.7107
G1 Z0.0000 F2500.0
G4 P0.02
G0 X155.2866 Y-174.3660 F15000.0
G1 Z11.9000 F2500.0
G4 P0.02
G1 X154.7870 Y-172.9078 F12000.0
G1 X154.5516 Y-172.2886
G1 X154.4827 Y-172.0777
G1 X154.4432 Y-171.8951
G1 X154.4307 Y-171.7420
G1 X154.4420 Y-171.5885
G1 X154.4820 Y-171.4350
G1 Z0.0000 F2500.0
G4 P0.02
G0 X156.2061 Y-172.2395 F15000.0
G1 Z11.9000 F2500.0
G4 P0.02
G1 X156.4306 Y-172.4558 F12000.0
G1 X156.6037 Y-172.5837
G1 X156.7712 Y-172.6591
G1 X156.9311 Y-172.6878
G1 X157.0340 Y-172.6853
G1 X157.1310 Y-172.6669
G1 X157.2203 Y-172.6340
G1 X157.3001 Y-172.5881
G1 X157.3687 Y-172.5304
G1 X157.4243 Y-172.4620
G1 X157.4652 Y-172.3847
G1 X157.4896 Y-172.2993
G1 X157.4934 Y-172.1757
G1 X157.4607 Y-172.0436
G1 X157.3873 Y-171.9019
G1 X157.2952 Y-171.7768
G1 X157.1212 Y-171.5929
G1 X156.2543 Y-170.7742
G1 X155.9821 Y-170.5023
G1 X155.7166 Y-170.1910
G1 X155.6101 Y-170.0399
G1 X155.5165 Y-169.8832
G1 X156.6084 Y-169.7683
G1 Z0.0000 F2500.0
G4 P0.02
G0 X74.6771 Y-179.3290 F15000.0
G1 Z11.9000 F2500.0
G4 P0.02
G1 X74.6771 Y-150.3604 F12000.0
G1 Z0.0000 F2500.0
G4 P0.02
G0 X101.8784 Y-179.3290 F15000.0
G1 Z11.9000 F2500.0
G4 P0.02
G1 X101.8784 Y-150.3604 F12000.0
G1 Z0.0000 F2500.0
G4 P0.02
G0 X107.2988 Y-168.3316 F15000.0
G1 Z11.9000 F2500.0
G4 P0.02
G1 X107.8304 Y-168.2551 F12000.0
G1 X107.6993 Y-167.9292
G1 X107.0114 Y-167.0672
G1 X107.5861 Y-167.0097
G1 Z0.0000 F2500.0
G4 P0.02
G0 X135.7656 Y-164.8258 F15000.0
G1 Z11.9000 F2500.0
G4 P0.02
G1 X135.6064 Y-164.4051 F12000.0
G1 X135.5223 Y-164.2384
G1 X135.4410 Y-164.1078
G1 X135.3472 Y-163.9859
G1 X135.2388 Y-163.8739
G1 X135.1135 Y-163.7728
G1 X134.9727 Y-163.6857
G1 X134.7700 Y-163.5977
G1 X134.5530 Y-163.5377
G1 X134.3674 Y-163.5086
G1 X134.0064 Y-163.4780
G1 X133.7822 Y-163.4762
G1 X133.6119 Y-163.4943
G1 X133.4814 Y-163.5384
G1 X133.4158 Y-163.6045
G1 X133.3852 Y-163.6842
G1 X133.3783 Y-163.8038
G1 X133.4004 Y-163.9314
G1 X133.4404 Y-164.0594
G1 X133.5843 Y-164.4258
G1 X133.9760 Y-165.5154
G1 X134.2099 Y-166.0013
G1 X134.4312 Y-166.7564
G1 X134.7571 Y-167.6863
G1 X134.7989 Y-167.7753
G1 X134.8535 Y-167.8500
G1 X134.8990 Y-167.8879
G1 X134.9776 Y-167.9213
G1 X135.0999 Y-167.9367
G1 X135.6839 Y-167.9294
G1 X135.8827 Y-167.9150
G1 X136.0423 Y-167.8850
G1 X136.1876 Y-167.8318
G1 X136.3102 Y-167.7490
G1 X136.3863 Y-167.6572
G1 X136.4384 Y-167.5393
G1 X136.4615 Y-167.3896
G1 X136.4445 Y-167.1810
G1 X136.3875 Y-166.9567
G1 X136.2867 Y-166.7058
G1 X136.1946 Y-166.5380
G1 X136.1123 Y-166.4212
G1 X136.0353 Y-166.3388
G1 X135.7720 Y-166.1078
G1 X135.7174 Y-166.0321
G1 X135.6816 Y-165.9440
G1 X135.6761 Y-165.8835
G1 X135.6937 Y-165.7965
G1 X135.8457 Y-165.5178
G1 X135.8823 Y-165.4006
G1 X135.8857 Y-165.3096
G1 X135.8714 Y-165.1859
G1 X135.8043 Y-164.9409
G1 X135.7656 Y-164.8258
G1 Z0.0000 F2500.0
G4 P0.02
G0 X135.6317 Y-165.9178 F15000.0
G1 Z11.9000 F2500.0
G4 P0.02
G1 X135.0430 Y-165.8467 F12000.0
G1 X134.8791 Y-165.8364
G1 X134.7170 Y-165.8364
G1 X134.5598 Y-165.8500
G1 X134.4104 Y-165.8810
G1 X134.2985 Y-165.9206
G1 X134.1949 Y-165.9752
G1 Z0.0000 F2500.0
G4 P0.02
G0 X139.4822 Y-166.6074 F15000.0
G1 Z11.9000 F2500.0
G4 P0.02
G1 X139.3730 Y-166.4204 F12000.0
G1 X139.2730 Y-166.1915
G1 X138.5777 Y-164.2557
G1 X138.5132 Y-164.0385
G1 X138.4965 Y-163.8508
G1 X138.5203 Y-163.7327
G1 X138.5817 Y-163.6253
G1 X138.6553 Y-163.5609
G1 X138.7696 Y-163.5172
G1 X138.9267 Y-163.5038
G1 X139.9420 Y-163.5040
G1 X139.7887 Y-162.8972
G1 X139.6955 Y-162.6667
G1 X139.5723 Y-162.4796
G1 X139.4361 Y-162.3520
G1 X139.2526 Y-162.2458
G1 X139.0489 Y-162.1778
G1 X138.7999 Y-162.1363
G1 X138.5109 Y-162.1212
G1 X138.0454 Y-162.1247
G1 Z0.0000 F2500.0
G4 P0.02
G0 X139.9420 Y-163.5040 F15000.0
G1 Z11.9000 F2500.0
G4 P0.02
G1 X140.3092 Y-164.3661 F12000.0
G1 X141.0914 Y-166.4924
G1 Z0.0000 F2500.0
G4 P0.02
G0 X142.5282 Y-167.9292 F15000.0
G1 Z11.9000 F2500.0
G4 P0.02
G1 X143.6563 Y-167.9279 F12000.0
G1 X143.7805 Y-167.9160
G1 X143.8684 Y-167.8912
G1 X143.9475 Y-167.8454
G1 X143.9936 Y-167.8000
G1 X144.0562 Y-167.6804
G1 X144.0718 Y-167.5977
G1 X144.0735 Y-167.5087
G1 X144.0331 Y-167.2843
G1 X143.9363 Y-167.0193
G1 X143.6741 Y-166.4629
G1 X143.5241 Y-165.9178
G1 X143.0215 Y-164.5390
G1 X142.8588 Y-164.1482
G1 X142.7864 Y-164.0104
G1 X142.7035 Y-163.8843
G1 X142.5853 Y-163.7517
G1 X142.4410 Y-163.6432
G1 X142.2964 Y-163.5739
G1 X142.1258 Y-163.5264
G1 X141.8264 Y-163.4866
G1 X141.5821 Y-163.4863
G1 X141.3896 Y-163.5223
G1 X141.2632 Y-163.5880
G1 X141.1896 Y-163.6773
G1 X141.1644 Y-163.7328
G1 X141.1441 Y-163.8212
G1 X141.1474 Y-163.9770
G1 X141.1825 Y-164.1347
G1 X141.8415 Y-165.9582
G1 X141.9348 Y-166.1598
G1 X142.0379 Y-166.3155
G1 X142.1190 Y-166.3961
G1 X142.2410 Y-166.4732
G1 X142.3821 Y-166.5270
G1 X142.5705 Y-166.5661
G1 X142.7383 Y-166.5815
G1 X142.9461 Y-166.5848
G1 X143.6776 Y-166.5499
G1 Z0.0000 F2500.0
G4 P0.02
G0 X145.3442 Y-163.7339 F15000.0
G1 Z11.9000 F2500.0
G4 P0.02
G1 X145.0182 Y-163.6030 F12000.0
G1 X144.6907 Y-163.5288
G1 X144.4730 Y-163.5078
G1 X144.2454 Y-163.5041
G1 X144.1177 Y-163.5098
G1 X143.9984 Y-163.5360
G1 X143.9192 Y-163.5784
G1 X143.8527 Y-163.6478
G1 X143.8103 Y-163.7288
G1 X143.7877 Y-163.8106
G1 X143.7788 Y-163.8982
G1 X143.7851 Y-164.0221
G1 X143.8090 Y-164.1516
G1 X143.8572 Y-164.3172
G1 X144.1253 Y-164.9685
G1 X144.3406 Y-165.6358
G1 X144.4446 Y-165.9093
G1 X144.5912 Y-166.1861
G1 X144.6625 Y-166.2842
G1 X144.7368 Y-166.3626
G1 X144.8505 Y-166.4402
G1 X145.0165 Y-166.5108
G1 X145.2062 Y-166.5588
G1 X145.4106 Y-166.5861
G1 X145.6560 Y-166.5948
G1 X145.8952 Y-166.5812
G1 X146.1141 Y-166.5487
G1 X146.2985 Y-166.5004
G1 X146.0918 Y-165.7356
G1 X145.8522 Y-165.0485
G1 X145.5261 Y-164.1794
G1 X145.4804 Y-164.0244
G1 X145.4631 Y-163.8746
G1 X145.4803 Y-163.7612
G1 X145.5338 Y-163.6561
G1 X145.6316 Y-163.5614
G1 Z0.0000 F2500.0
G4 P0.02
G0 X146.2637 Y-163.5614 F15000.0
G1 Z11.9000 F2500.0
G4 P0.02
G1 X147.4562 Y-165.5729 F12000.0
G1 X148.0499 Y-166.5086
G1 X148.9648 Y-166.4924
G1 X147.9303 Y-163.5614
G1 Z0.0000 F2500.0
G4 P0.02
G0 X149.5396 Y-165.1132 F15000.0
G1 Z11.9000 F2500.0
G4 P0.02
G1 X149.5560 Y-165.3109 F12000.0
G1 X149.5911 Y-165.4975
G1 X149.6558 Y-165.7234
G1 X149.7310 Y-165.9145
G1 X149.8239 Y-166.0946
G1 X149.9145 Y-166.2302
G1 X150.0167 Y-166.3474
G1 X150.1303 Y-166.4416
G1 X150.2491 Y-166.5054
G1 X150.4335 Y-166.5551
G1 X150.6726 Y-166.5833
G1 X150.8954 Y-166.5841
G1 X151.0771 Y-166.5642
G1 X151.2420 Y-166.5225
G1 X151.3779 Y-166.4557
G1 X151.4574 Y-166.3821
G1 X151.4957 Y-166.3143
G1 X151.5134 Y-166.2335
G1 X151.5116 Y-166.1140
G1 X151.4877 Y-165.9911
G1 X151.2145 Y-165.2562
G1 X151.1703 Y-165.1769
G1 X151.1310 Y-165.1322
G1 X151.0263 Y-165.0735
G1 X150.9048 Y-165.0535
G1 X149.6415 Y-165.0634
G1 X149.5230 Y-165.0384
G1 X149.4308 Y-164.9627
G1 X149.3664 Y-164.8561
G1 X149.1198 Y-164.1866
G1 X149.0736 Y-163.9567
G1 X149.0712 Y-163.8627
G1 X149.0827 Y-163.7743
G1 X149.1106 Y-163.6935
G1 X149.1576 Y-163.6223
G1 X149.2260 Y-163.5624
G1 X149.2813 Y-163.5322
G1 X149.4338 Y-163.5015
G1 X150.0040 Y-163.5055
G1 X150.3486 Y-163.5226
G1 X150.6315 Y-163.5614
G1 Z0.0000 F2500.0
G4 P0.02
G0 X151.4361 Y-163.5040 F15000.0
G1 Z11.9000 F2500.0
G4 P0.02
G1 X152.1257 Y-165.1132 F12000.0
G1 Z0.0000 F2500.0
G4 P0.02
G0 X152.6430 Y-166.6074 F15000.0
G1 Z11.9000 F2500.0
G4 P0.02
G1 X152.2389 Y-165.6304 F12000.0
G1 X152.1447 Y-165.1769
G1 X152.4706 Y-165.0557
G1 X153.3326 Y-165.0557
G1 X153.6711 Y-165.0879
G1 X153.8883 Y-165.5154
G1 X154.2521 Y-166.4924
G1 Z0.0000 F2500.0
G4 P0.02
G0 X153.6200 Y-164.9982 F15000.0
G1 Z11.9000 F2500.0
G4 P0.02
G1 X153.1602 Y-163.5614 F12000.0
G1 Z0.0000 F2500.0
G4 P0.02
G0 X155.8614 Y-163.7339 F15000.0
G1 Z11.9000 F2500.0
G4 P0.02
G1 X155.5354 Y-163.6030 F12000.0
G1 X155.2078 Y-163.5288
G1 X154.9900 Y-163.5078
G1 X154.7624 Y-163.5041
G1 X154.6348 Y-163.5098
G1 X154.5154 Y-163.5360
G1 X154.4363 Y-163.5784
G1 X154.3698 Y-163.6478
G1 X154.3275 Y-163.7288
G1 X154.3049 Y-163.8106
G1 X154.2958 Y-163.8982
G1 X154.3023 Y-164.0221
G1 X154.3260 Y-164.1516
G1 X154.3742 Y-164.3172
G1 X154.6424 Y-164.9685
G1 X154.8577 Y-165.6358
G1 X154.9616 Y-165.9093
G1 X155.1083 Y-166.1861
G1 X155.1795 Y-166.2842
G1 X155.2539 Y-166.3626
G1 X155.3677 Y-166.4402
G1 X155.5336 Y-166.5108
G1 X155.7233 Y-166.5588
G1 X155.9278 Y-166.5861
G1 X156.1731 Y-166.5948
G1 X156.4123 Y-166.5812
G1 X156.6312 Y-166.5487
G1 X156.8156 Y-166.5004
G1 X156.6090 Y-165.7356
G1 X156.3694 Y-165.0485
G1 X156.0432 Y-164.1794
G1 X155.9974 Y-164.0244
G1 X155.9801 Y-163.8746
G1 X155.9973 Y-163.7612
G1 X156.0508 Y-163.6561
G1 X156.1486 Y-163.5614
G1 Z0.0000 F2500.0
G4 P0.02
G0 X161.2505 Y-165.6790 F15000.0
G1 Z11.9000 F2500.0
G4 P0.02
G1 X160.6756 Y-164.1278 F12000.0
G1 X160.5683 Y-163.9158
G1 X160.4418 Y-163.7580
G1 X160.3224 Y-163.6643
G1 X160.2046 Y-163.6021
G1 X160.0528 Y-163.5500
G1 X159.8675 Y-163.5152
G1 X159.5013 Y-163.4936
G1 X159.3064 Y-163.4991
G1 X159.1591 Y-163.5363
G1 X159.0630 Y-163.6016
G1 X159.0249 Y-163.6494
G1 X158.9857 Y-163.7323
G1 X158.9602 Y-163.8884
G1 X158.9780 Y-164.0783
G1 X159.0439 Y-164.3142
G1 X159.1867 Y-164.7280
G1 X159.6609 Y-165.9572
G1 X159.7739 Y-166.1845
G1 X159.9055 Y-166.3551
G1 X159.9993 Y-166.4345
G1 X160.1096 Y-166.4971
G1 X160.2391 Y-166.5402
G1 X160.4120 Y-166.5704
G1 X160.6176 Y-166.5855
G1 X160.8349 Y-166.5801
G1 X161.0097 Y-166.5559
G1 X161.1656 Y-166.5106
G1 X161.2686 Y-166.4568
G1 X161.3289 Y-166.4052
G1 X161.3719 Y-166.3432
G1 X161.3971 Y-166.2645
G1 X161.4032 Y-166.1757
G1 X161.3862 Y-166.0508
G1 X161.2878 Y-165.7669
G1 X161.2505 Y-165.6790
G1 Z0.0000 F2500.0
G4 P0.02
G0 X161.3785 Y-163.5040 F15000.0
G1 Z11.9000 F2500.0
G4 P0.02
G1 X161.5723 Y-163.8891 F12000.0
G1 X161.7502 Y-164.3310
G1 X162.2097 Y-165.7108
G1 X162.3352 Y-166.1449
G1 X162.3966 Y-166.3041
G1 X162.4724 Y-166.4356
G1 X162.5457 Y-166.5086
G1 X162.6225 Y-166.5438
G1 X162.7481 Y-166.5628
G1 X163.1026 Y-166.5499
G1 X164.7002 Y-166.5454
G1 X164.8214 Y-166.5250
G1 X164.9026 Y-166.4916
G1 X164.9713 Y-166.4366
G1 X165.0241 Y-166.3544
G1 X165.0522 Y-166.2629
G1 X165.0593 Y-166.1738
G1 X165.0460 Y-166.0504
G1 X165.0131 Y-165.9248
G1 X164.7849 Y-165.3398
G1 X164.3997 Y-164.1880
G1 X164.2652 Y-163.8676
G1 X164.1370 Y-163.6189
G1 Z0.0000 F2500.0
G4 P0.02
G0 X162.7578 Y-163.5614 F15000.0
G1 Z11.9000 F2500.0
G4 P0.02
G1 X163.2400 Y-164.8258 F12000.0
G1 X163.7923 Y-166.4924
G1 Z0.0000 F2500.0
G4 P0.02
G0 X14.5431 Y-158.5935 F15000.0
G1 Z11.9000 F2500.0
G4 P0.02
G1 X14.5992 Y-158.7517 F12000.0
G1 X14.6629 Y-158.8618
G1 X14.7282 Y-158.9225
G1 X14.8068 Y-158.9559
G1 X14.9611 Y-158.9717
G1 X15.5463 Y-158.9628
G1 X15.7447 Y-158.9452
G1 X15.9019 Y-158.9111
G1 X16.0167 Y-158.8664
G1 X16.1170 Y-158.8028
G1 X16.1984 Y-158.7171
G1 X16.2569 Y-158.6060
G1 X16.2831 Y-158.5040
G1 X16.2904 Y-158.3674
G1 X16.2737 Y-158.2156
G1 X16.2365 Y-158.0559
G1 X16.1301 Y-157.7705
G1 X15.9913 Y-157.5229
G1 X15.8868 Y-157.3948
G1 X15.6012 Y-157.1424
G1 X15.5465 Y-157.0668
G1 X15.5200 Y-157.0099
G1 X15.5054 Y-156.9182
G1 X15.5230 Y-156.8311
G1 X15.6751 Y-156.5524
G1 X15.7064 Y-156.4652
G1 X15.7153 Y-156.3748
G1 X15.7059 Y-156.2515
G1 X15.6434 Y-156.0053
G1 X15.4611 Y-155.4973
G1 X15.3363 Y-155.2462
G1 X15.1964 Y-155.0441
G1 X15.0444 Y-154.8874
G1 X14.8873 Y-154.7703
G1 X14.7178 Y-154.6793
G1 X14.5071 Y-154.6033
G1 X14.2577 Y-154.5506
G1 X13.8726 Y-154.5145
G1 X13.5753 Y-154.5128
G1 X13.3829 Y-154.5431
G1 X13.3107 Y-154.5730
G1 X13.2747 Y-154.5996
G1 X13.2220 Y-154.6911
G1 X13.2094 Y-154.7475
G1 X13.2076 Y-154.8384
G1 X13.2384 Y-154.9983
G1 X13.7939 Y-156.5210
G1 X14.0392 Y-157.0359
G1 X14.2603 Y-157.7911
G1 X14.5240 Y-158.5312
G1 X14.5431 Y-158.5935
G1 Z0.0000 F2500.0
G4 P0.02
G0 X14.0241 Y-157.0099 F15000.0
G1 Z11.9000 F2500.0
G4 P0.02
G1 X14.1277 Y-156.9551 F12000.0
G1 X14.2397 Y-156.9156
G1 X14.3891 Y-156.8846
G1 X14.5462 Y-156.8709
G1 X14.7083 Y-156.8709
G1 X14.8722 Y-156.8813
G1 X15.4609 Y-156.9524
G1 Z0.0000 F2500.0
G4 P0.02
G0 X18.3919 Y-156.5500 F15000.0
G1 Z11.9000 F2500.0
G4 P0.02
G1 X20.0010 Y-156.6075 F12000.0
G1 Z0.0000 F2500.0
G4 P0.02
G0 X21.5545 Y-158.5935 F15000.0
G1 Z11.9000 F2500.0
G4 P0.02
G1 X21.6106 Y-158.7517 F12000.0
G1 X21.6742 Y-158.8618
G1 X21.7395 Y-158.9225
G1 X21.8182 Y-158.9559
G1 X21.9725 Y-158.9717
G1 X22.5577 Y-158.9628
G1 X22.7560 Y-158.9452
G1 X22.9133 Y-158.9111
G1 X23.0281 Y-158.8664
G1 X23.1283 Y-158.8028
G1 X23.2098 Y-158.7171
G1 X23.2683 Y-158.6060
G1 X23.2945 Y-158.5040
G1 X23.3018 Y-158.3674
G1 X23.2851 Y-158.2156
G1 X23.2479 Y-158.0559
G1 X23.1415 Y-157.7705
G1 X23.0027 Y-157.5229
G1 X22.8981 Y-157.3948
G1 X22.6126 Y-157.1424
G1 X22.5579 Y-157.0668
G1 X22.5314 Y-157.0099
G1 X22.5168 Y-156.9182
G1 X22.5344 Y-156.8311
G1 X22.6865 Y-156.5524
G1 X22.7178 Y-156.4652
G1 X22.7267 Y-156.3748
G1 X22.7173 Y-156.2515
G1 X22.6548 Y-156.0053
G1 X22.4725 Y-155.4973
G1 X22.3477 Y-155.2462
G1 X22.2078 Y-155.0441
G1 X22.0558 Y-154.8874
G1 X21.8987 Y-154.7703
G1 X21.7292 Y-154.6793
G1 X21.5185 Y-154.6033
G1 X21.2691 Y-154.5506
G1 X20.8840 Y-154.5145
G1 X20.5866 Y-154.5128
G1 X20.3943 Y-154.5431
G1 X20.3221 Y-154.5730
G1 X20.2861 Y-154.5996
G1 X20.2334 Y-154.6911
G1 X20.2208 Y-154.7475
G1 X20.2190 Y-154.8384
G1 X20.2498 Y-154.9983
G1 X20.8053 Y-156.5210
G1 X21.0507 Y-157.0359
G1 X21.2717 Y-157.7911
G1 X21.5354 Y-158.5312
G1 X21.5545 Y-158.5935
G1 Z0.0000 F2500.0
G4 P0.02
G0 X21.0355 Y-157.0099 F15000.0
G1 Z11.9000 F2500.0
G4 P0.02
G1 X21.1391 Y-156.9551 F12000.0
G1 X21.2511 Y-156.9156
G1 X21.4005 Y-156.8846
G1 X21.5576 Y-156.8709
G1 X21.7197 Y-156.8709
G1 X21.8836 Y-156.8813
G1 X22.4723 Y-156.9524
G1 Z0.0000 F2500.0
G4 P0.02
G0 X24.3114 Y-157.9868 F15000.0
G1 Z11.9000 F2500.0
G4 P0.02
G1 X25.0010 Y-159.8259 F12000.0
G1 Z0.0000 F2500.0
G4 P0.02
G0 X25.5860 Y-152.0502 F15000.0
G1 Z11.9000 F2500.0
G4 P0.02
G1 X25.5860 Y-171.0408 F12000.0
G1 Z0.0000 F2500.0
G4 P0.02
G0 X25.6332 Y-152.3547 F15000.0
G1 Z11.9000 F2500.0
G4 P0.02
G1 X25.7098 Y-152.0513 F12000.0
G1 X26.0929 Y-152.0099
G1 Z0.0000 F2500.0
G4 P0.02
G0 X27.0124 Y-152.0099 F15000.0
G1 Z11.9000 F2500.0
G4 P0.02
G1 X26.9876 Y-152.2596 F12000.0
G1 X26.9217 Y-152.5019
G1 X26.8157 Y-152.7293
G1 X26.6703 Y-152.9336
G1 X26.5115 Y-153.0874
G1 X26.3540 Y-153.1955
G1 X26.1861 Y-153.2752
G1 X25.7482 Y-153.4466
G1 X25.7470 Y-153.4986
G1 X25.1032 Y-153.4181
G1 X24.5399 Y-153.0158
G1 X24.2179 Y-152.4525
G1 X24.1964 Y-152.0099
G1 X24.2693 Y-152.2937
G1 X24.3776 Y-152.5587
G1 X24.5207 Y-152.7981
G1 X24.6980 Y-153.0056
G1 X24.9092 Y-153.1748
G1 X25.1247 Y-153.2877
G1 X25.3662 Y-153.3606
G1 X25.6332 Y-153.3892
G1 X25.7470 Y-153.4986
G1 X26.3909 Y-153.2572
G1 X26.8737 Y-152.6939
G1 X27.0347 Y-152.0502
G1 X27.0347 Y-151.9697
G1 X26.7932 Y-151.3260
G1 X26.3104 Y-150.8432
G1 Z0.0000 F2500.0
G4 P0.02
G0 X39.9041 Y-157.3438 F15000.0
G1 Z11.9000 F2500.0
G4 P0.02
G1 X39.6714 Y-156.6269 F12000.0
G1 X39.5643 Y-156.3524
G1 X39.4562 Y-156.1187
G1 X39.3331 Y-155.8991
G1 X39.2106 Y-155.7218
G1 X39.0724 Y-155.5613
G1 X38.9398 Y-155.4394
G1 X38.7406 Y-155.3023
G1 X38.5430 Y-155.2093
G1 X38.3218 Y-155.1444
G1 X38.1039 Y-155.1138
G1 X37.9275 Y-155.1175
G1 X37.7436 Y-155.1590
G1 X37.6150 Y-155.2228
G1 X37.4924 Y-155.3318
G1 X37.4063 Y-155.4741
G1 X37.3591 Y-155.6466
G1 X37.3530 Y-155.8468
G1 X37.3812 Y-156.0329
G1 X37.4851 Y-156.3911
G1 X37.8342 Y-157.2901
G1 X38.1558 Y-158.2619
G1 X38.3376 Y-158.6826
G1 X38.4306 Y-158.8495
G1 X38.5348 Y-159.0044
G1 X38.6518 Y-159.1448
G1 X38.7602 Y-159.2490
G1 X38.8795 Y-159.3396
G1 X39.0105 Y-159.4155
G1 X39.1844 Y-159.4846
G1 X39.3945 Y-159.5298
G1 X39.6129 Y-159.5455
G1 X39.8454 Y-159.5303
G1 X40.0373 Y-159.4855
G1 X40.1804 Y-159.4212
G1 X40.2987 Y-159.3284
G1 X40.3834 Y-159.2037
G1 X40.4209 Y-159.0788
G1 X40.4298 Y-158.9638
G1 X40.4220 Y-158.8436
G1 X40.3928 Y-158.6880
G1 X40.3133 Y-158.4339
G1 X40.0797 Y-157.8666
G1 X39.9519 Y-157.4955
G1 X39.9041 Y-157.3438
G1 Z0.0000 F2500.0
G4 P0.02
G0 X40.2881 Y-156.1478 F15000.0
G1 Z11.9000 F2500.0
G4 P0.02
G1 X41.9548 Y-156.1478 F12000.0
G1 Z0.0000 F2500.0
G4 P0.02
G0 X42.3571 Y-157.1823 F15000.0
G1 Z11.9000 F2500.0
G4 P0.02
G1 X40.7479 Y-157.1248 F12000.0
G1 Z0.0000 F2500.0
G4 P0.02
G0 X45.0197 Y-156.4351 F15000.0
G1 Z11.9000 F2500.0
G4 P0.02
G1 X44.8605 Y-156.0143 F12000.0
G1 X44.7764 Y-155.8477
G1 X44.6951 Y-155.7171
G1 X44.6013 Y-155.5952
G1 X44.4929 Y-155.4831
G1 X44.3676 Y-155.3821
G1 X44.2267 Y-155.2951
G1 X44.0241 Y-155.2071
G1 X43.8071 Y-155.1470
G1 X43.6215 Y-155.1179
G1 X43.2605 Y-155.0872
G1 X43.0363 Y-155.0855
G1 X42.8660 Y-155.1037
G1 X42.7355 Y-155.1478
G1 X42.6699 Y-155.2138
G1 X42.6393 Y-155.2935
G1 X42.6324 Y-155.4130
G1 X42.6545 Y-155.5407
G1 X42.6945 Y-155.6687
G1 X42.8384 Y-156.0351
G1 X43.2301 Y-157.1248
G1 X43.4640 Y-157.6107
G1 X43.6853 Y-158.3660
G1 X44.0112 Y-159.2956
G1 X44.0530 Y-159.3847
G1 X44.1076 Y-159.4594
G1 X44.1531 Y-159.4972
G1 X44.2317 Y-159.5306
G1 X44.3540 Y-159.5459
G1 X44.9380 Y-159.5387
G1 X45.1368 Y-159.5244
G1 X45.2964 Y-159.4943
G1 X45.4417 Y-159.4410
G1 X45.5642 Y-159.3583
G1 X45.6404 Y-159.2666
G1 X45.6925 Y-159.1486
G1 X45.7156 Y-158.9990
G1 X45.6986 Y-158.7904
G1 X45.6416 Y-158.5660
G1 X45.5408 Y-158.3150
G1 X45.4487 Y-158.1472
G1 X45.3664 Y-158.0305
G1 X45.2894 Y-157.9481
G1 X45.0260 Y-157.7171
G1 X44.9715 Y-157.6415
G1 X44.9358 Y-157.5534
G1 X44.9302 Y-157.4929
G1 X44.9478 Y-157.4060
G1 X45.0998 Y-157.1273
G1 X45.1364 Y-157.0099
G1 X45.1398 Y-156.9189
G1 X45.1255 Y-156.7951
G1 X45.0584 Y-156.5502
G1 X45.0197 Y-156.4351
G1 Z0.0000 F2500.0
G4 P0.02
G0 X44.8858 Y-157.5270 F15000.0
G1 Z11.9000 F2500.0
G4 P0.02
G1 X44.2972 Y-157.4560 F12000.0
G1 X44.1331 Y-157.4457
G1 X43.9711 Y-157.4456
G1 X43.8139 Y-157.4594
G1 X43.6645 Y-157.4904
G1 X43.5526 Y-157.5299
G1 X43.4490 Y-157.5845
G1 Z0.0000 F2500.0
G4 P0.02
G0 X101.2069 Y-179.2509 F15000.0
G1 Z11.9000 F2500.0
G4 P0.02
G1 X101.6046 Y-179.2627 F12000.0
G1 X101.7504 Y-179.2405
G1 X101.8881 Y-179.1853
G1 X102.0458 Y-179.0960
G1 X102.1944 Y-178.9870
G1 X102.4490 Y-178.7498
G1 X103.0610 Y-178.0831
G1 X103.2215 Y-177.9379
G1 X103.3908 Y-177.8141
G1 X105.0046 Y-179.7106
G1 X105.7470 Y-180.6876
G1 X104.3678 Y-180.7451
G1 Z0.0000 F2500.0
G4 P0.02
G0 X74.9834 Y-179.2567 F15000.0
G1 Z11.9000 F2500.0
G4 P0.02
G1 X74.8534 Y-179.2394 F12000.0
G1 X74.7746 Y-179.1966
G1 X74.7412 Y-179.1546
G1 X74.7115 Y-179.0826
G1 X74.6944 Y-178.9953
G1 X74.6870 Y-178.8635
G1 X74.7130 Y-178.3889
G1 Z0.0000 F2500.0
G4 P0.02
G0 X74.7130 Y-150.8605 F15000.0
G1 Z11.9000 F2500.0
G4 P0.02
G1 X74.7028 Y-150.5860 F12000.0
G1 X74.7170 Y-150.4035
G1 X74.7523 Y-150.2964
G1 X74.8234 Y-150.1691
G1 X74.9187 Y-150.0440
G1 X75.0310 Y-149.9222
G1 X75.5750 Y-149.4237
G1 Z0.0000 F2500.0
G4 P0.02
G0 X84.3896 Y-140.6090 F15000.0
G1 Z11.9000 F2500.0
G4 P0.02
G1 X84.9312 Y-140.0451 F12000.0
G1 X85.2301 Y-139.7750
G1 X85.3058 Y-139.7248
G1 X85.4161 Y-139.6794
G1 X85.5650 Y-139.6502
G1 X85.7212 Y-139.6426
G1 X86.0922 Y-139.6537
G1 X111.2642 Y-139.6537
G1 X111.8042 Y-139.6230
G1 X112.0466 Y-139.6252
G1 X112.1755 Y-139.6403
G1 X112.2916 Y-139.6694
G1 X112.3905 Y-139.7156
G1 X112.4607 Y-139.7724
G1 X112.5169 Y-139.8447
G1 X112.5552 Y-139.9260
G1 X112.5789 Y-140.0141
G1 X112.5931 Y-140.1387
G1 X112.5860 Y-150.9180
G1 X112.5980 Y-151.4138
G1 X112.5791 Y-151.6916
G1 X112.5286 Y-151.8950
G1 X112.2777 Y-151.6683
G1 X112.1162 Y-151.4788
G1 X112.0202 Y-151.3214
G1 X111.8372 Y-150.9577
G1 X111.7196 Y-150.7858
G1 X111.6358 Y-150.7027
G1 X111.5620 Y-150.6499
G1 X111.4770 Y-150.6063
G1 X111.3792 Y-150.5731
G1 Z0.0000 F2500.0
G4 P0.02
G0 X92.8737 Y-169.3086 F15000.0
G1 Z11.9000 F2500.0
G4 P0.02
G1 X92.4904 Y-169.2671 F12000.0
G1 X92.4139 Y-168.9637
G1 Z0.0000 F2500.0
G4 P0.02
G0 X91.7817 Y-158.1018 F15000.0
G1 Z11.9000 F2500.0
G4 P0.02
G1 X91.0921 Y-156.2628 F12000.0
G1 Z0.0000 F2500.0
G4 P0.02
G0 X92.3820 Y-150.3604 F15000.0
G1 Z11.9000 F2500.0
G4 P0.02
G1 X92.3820 Y-169.3509 F12000.0
G1 Z0.0000 F2500.0
G4 P0.02
G0 X108.2183 Y-163.2167 F15000.0
G1 Z11.9000 F2500.0
G4 P0.02
G1 X108.1177 Y-162.7870 F12000.0
G1 X107.9869 Y-162.3630
G1 X107.8474 Y-161.9736
G1 X107.3919 Y-160.7879
G1 X107.3000 Y-160.6071
G1 X107.1992 Y-160.4670
G1 X107.0679 Y-160.3407
G1 X106.8964 Y-160.2282
G1 Z0.0000 F2500.0
G4 P0.02
G0 X107.8734 Y-163.2742 F15000.0
G1 Z11.9000 F2500.0
G4 P0.02
G1 X108.8837 Y-163.2338 F12000.0
G1 X109.1787 Y-163.2354
G1 X109.4370 Y-163.2516
G1 X109.6883 Y-163.2869
G1 X109.8994 Y-163.3370
G1 X110.0998 Y-163.4083
G1 X110.2872 Y-163.5040
G1 Z0.0000 F2500.0
G4 P0.02
G0 X109.5975 Y-163.1592 F15000.0
G1 Z11.9000 F2500.0
G4 P0.02
G1 X109.0980 Y-161.7008 F12000.0
G1 X108.8625 Y-161.0819
G1 X108.7936 Y-160.8710
G1 X108.7542 Y-160.6883
G1 X108.7417 Y-160.5352
G1 X108.7529 Y-160.3817
G1 X108.7930 Y-160.2282
G1 Z0.0000 F2500.0
G4 P0.02
G0 X109.9424 Y-158.6765 F15000.0
G1 Z11.9000 F2500.0
G4 P0.02
G1 X110.2761 Y-158.6743 F12000.0
G1 X110.4568 Y-158.6900
G1 X110.6351 Y-158.7362
G1 X110.7780 Y-158.8021
G1 X110.9565 Y-158.9288
G1 X111.1083 Y-159.0886
G1 X111.2315 Y-159.2744
G1 X111.3243 Y-159.4789
G1 X111.3849 Y-159.6948
G1 X111.4099 Y-159.9139
G1 X111.3944 Y-160.0016
G1 X111.3281 Y-160.1973
G1 X111.3241 Y-160.3135
G1 X111.3746 Y-160.4218
G1 X111.5579 Y-160.6322
G1 X111.6709 Y-160.8265
G1 X111.7435 Y-161.0426
G1 X111.7593 Y-161.1659
G1 X111.7562 Y-161.2547
G1 X111.7292 Y-161.3643
G1 X111.6898 Y-161.4373
G1 X111.6323 Y-161.5001
G1 X111.5553 Y-161.5509
G1 X111.4571 Y-161.5874
G1 X111.3484 Y-161.6065
G1 X111.0343 Y-161.6074
G1 Z0.0000 F2500.0
G4 P0.02
G0 X111.2642 Y-160.2857 F15000.0
G1 Z11.9000 F2500.0
G4 P0.02
G1 X110.9194 Y-160.2282 F12000.0
G1 Z0.0000 F2500.0
G4 P0.02
G0 X112.5860 Y-153.4466 F15000.0
G1 Z11.9000 F2500.0
G4 P0.02
G1 X112.7009 Y-152.4122 F12000.0
G1 X112.5860 Y-151.9524
G1 Z0.0000 F2500.0
G4 P0.02
G0 X133.4478 Y-156.5500 F15000.0
G1 Z11.9000 F2500.0
G4 P0.02
G1 X133.6192 Y-156.6625 F12000.0
G1 X133.7505 Y-156.7889
G1 X133.8514 Y-156.9290
G1 X133.9433 Y-157.1098
G1 X134.3987 Y-158.2955
G1 X134.5382 Y-158.6849
G1 X134.6691 Y-159.1089
G1 X134.7696 Y-159.5385
G1 Z0.0000 F2500.0
G4 P0.02
G0 X134.4248 Y-159.5960 F15000.0
G1 Z11.9000 F2500.0
G4 P0.02
G1 X135.4350 Y-159.5556 F12000.0
G1 X135.7300 Y-159.5573
G1 X135.9884 Y-159.5735
G1 X136.2397 Y-159.6089
G1 X136.4507 Y-159.6588
G1 X136.6511 Y-159.7302
G1 X136.8385 Y-159.8259
G1 Z0.0000 F2500.0
G4 P0.02
G0 X136.1489 Y-159.4810 F15000.0
G1 Z11.9000 F2500.0
G4 P0.02
G1 X135.6493 Y-158.0228 F12000.0
G1 X135.4139 Y-157.4038
G1 X135.3450 Y-157.1929
G1 X135.3055 Y-157.0103
G1 X135.2931 Y-156.8572
G1 X135.3043 Y-156.7036
G1 X135.3444 Y-156.5500
G1 Z0.0000 F2500.0
G4 P0.02
G0 X136.7811 Y-154.8260 F15000.0
G1 Z11.9000 F2500.0
G4 P0.02
G1 X137.6047 Y-156.9524 F12000.0
G1 X137.8730 Y-157.6995
G1 X137.7007 Y-157.5270
G1 X136.9535 Y-157.0673
G1 Z0.0000 F2500.0
G4 P0.02
G0 X140.6317 Y-156.5500 F15000.0
G1 Z11.9000 F2500.0
G4 P0.02
G1 X141.3213 Y-158.1593 F12000.0
G1 Z0.0000 F2500.0
G4 P0.02
G0 X141.8385 Y-159.6535 F15000.0
G1 Z11.9000 F2500.0
G4 P0.02
G1 X141.4345 Y-158.6765 F12000.0
G1 X141.3402 Y-158.2230
G1 X141.6661 Y-158.1018
G1 X142.5282 Y-158.1018
G1 X142.8667 Y-158.1340
G1 X143.0839 Y-158.5615
G1 X143.4477 Y-159.5385
G1 Z0.0000 F2500.0
G4 P0.02
G0 X142.8155 Y-158.0443 F15000.0
G1 Z11.9000 F2500.0
G4 P0.02
G1 X142.3558 Y-156.6075 F12000.0
G1 Z0.0000 F2500.0
G4 P0.02
G0 X145.0568 Y-156.7799 F15000.0
G1 Z11.9000 F2500.0
G4 P0.02
G1 X144.7309 Y-156.6491 F12000.0
G1 X144.4034 Y-156.5749
G1 X144.1856 Y-156.5539
G1 X143.9580 Y-156.5502
G1 X143.8304 Y-156.5559
G1 X143.7110 Y-156.5820
G1 X143.6319 Y-156.6244
G1 X143.5653 Y-156.6939
G1 X143.5230 Y-156.7749
G1 X143.5003 Y-156.8567
G1 X143.4914 Y-156.9442
G1 X143.4978 Y-157.0681
G1 X143.5216 Y-157.1977
G1 X143.5698 Y-157.3633
G1 X143.8380 Y-158.0145
G1 X144.0532 Y-158.6817
G1 X144.1572 Y-158.9553
G1 X144.3038 Y-159.2322
G1 X144.3751 Y-159.3303
G1 X144.4495 Y-159.4087
G1 X144.5631 Y-159.4863
G1 X144.7292 Y-159.5569
G1 X144.9188 Y-159.6049
G1 X145.1233 Y-159.6322
G1 X145.3686 Y-159.6408
G1 X145.6078 Y-159.6273
G1 X145.8268 Y-159.5948
G1 X146.0111 Y-159.5465
G1 X145.8044 Y-158.7817
G1 X145.5650 Y-158.0946
G1 X145.2387 Y-157.2255
G1 X145.1930 Y-157.0705
G1 X145.1757 Y-156.9206
G1 X145.1929 Y-156.8073
G1 X145.2464 Y-156.7022
G1 X145.3442 Y-156.6075
G1 Z0.0000 F2500.0
G4 P0.02
G0 X149.8843 Y-156.5500 F15000.0
G1 Z11.9000 F2500.0
G4 P0.02
G1 X149.0927 Y-156.5109 F12000.0
G1 X148.7581 Y-156.5164
G1 X148.5995 Y-156.5343
G1 X148.4508 Y-156.5657
G1 X148.3149 Y-156.6134
G1 X148.2177 Y-156.6650
G1 X148.2973 Y-156.8102
G1 X148.3854 Y-156.9429
G1 X148.6050 Y-157.2028
G1 X149.4988 Y-158.0507
G1 X150.5382 Y-159.1002
G1 X150.8833 Y-159.4284
G1 X151.0345 Y-159.5935
G1 X151.1606 Y-159.7719
G1 X151.2449 Y-159.9553
G1 X151.2871 Y-160.1475
G1 X151.2842 Y-160.3325
G1 X151.2588 Y-160.4489
G1 X151.2021 Y-160.5840
G1 X151.1196 Y-160.7042
G1 X151.0362 Y-160.7874
G1 X150.9118 Y-160.8727
G1 X150.7973 Y-160.9238
G1 X150.6369 Y-160.9636
G1 X150.4960 Y-160.9742
G1 X150.3643 Y-160.9659
G1 X150.2113 Y-160.9341
G1 X150.0648 Y-160.8809
G1 X149.9258 Y-160.8091
G1 X149.7951 Y-160.7215
G1 X149.6505 Y-160.5994
G1 X149.5412 Y-160.4869
G1 X149.4246 Y-160.3432
G1 Z0.0000 F2500.0
G4 P0.02
G0 X153.8106 Y-158.7806 F15000.0
G1 Z11.9000 F2500.0
G4 P0.02
G1 X153.5779 Y-158.0637 F12000.0
G1 X153.4708 Y-157.7891
G1 X153.3627 Y-157.5554
G1 X153.2396 Y-157.3358
G1 X153.1172 Y-157.1586
G1 X152.9789 Y-156.9981
G1 X152.8462 Y-156.8762
G1 X152.6471 Y-156.7390
G1 X152.4495 Y-156.6460
G1 X152.2283 Y-156.5812
G1 X152.0105 Y-156.5506
G1 X151.8341 Y-156.5542
G1 X151.6502 Y-156.5957
G1 X151.5216 Y-156.6595
G1 X151.3989 Y-156.7686
G1 X151.3128 Y-156.9109
G1 X151.2657 Y-157.0833
G1 X151.2597 Y-157.2836
G1 X151.2878 Y-157.4696
G1 X151.3918 Y-157.8279
G1 X151.7406 Y-158.7269
G1 X152.0623 Y-159.6987
G1 X152.2441 Y-160.1194
G1 X152.3371 Y-160.2862
G1 X152.4413 Y-160.4411
G1 X152.5583 Y-160.5817
G1 X152.6667 Y-160.6857
G1 X152.7860 Y-160.7764
G1 X152.9169 Y-160.8522
G1 X153.0908 Y-160.9213
G1 X153.3010 Y-160.9666
G1 X153.5194 Y-160.9822
G1 X153.7519 Y-160.9670
G1 X153.9437 Y-160.9223
G1 X154.0869 Y-160.8579
G1 X154.2052 Y-160.7652
G1 X154.2898 Y-160.6406
G1 X154.3274 Y-160.5155
G1 X154.3363 Y-160.4006
G1 X154.3285 Y-160.2803
G1 X154.2992 Y-160.1248
G1 X154.2198 Y-159.8707
G1 X153.9862 Y-159.3033
G1 X153.8584 Y-158.9322
G1 X153.8106 Y-158.7806
G1 Z0.0000 F2500.0
G4 P0.02
G0 X155.9762 Y-156.5500 F15000.0
G1 Z11.9000 F2500.0
G4 P0.02
G1 X156.6084 Y-158.2168 F12000.0
G1 X157.1256 Y-159.1937
G1 X157.1256 Y-159.4810
G1 X157.3159 Y-158.9638
G1 X157.5998 Y-158.3207
G1 X157.9877 Y-158.5057
G1 X158.8498 Y-159.1363
G1 X159.1371 Y-159.5960
G1 X158.7923 Y-158.6190
G1 X158.0452 Y-156.6075
G1 Z0.0000 F2500.0
G4 P0.02
G0 X158.9647 Y-156.5500 F15000.0
G1 Z11.9000 F2500.0
G4 P0.02
G1 X159.5969 Y-158.2168 F12000.0
G1 X160.1141 Y-159.1937
G1 X160.1141 Y-159.4810
G1 X160.3044 Y-158.9638
G1 X160.5882 Y-158.3207
G1 X160.9761 Y-158.5057
G1 X161.8383 Y-159.1363
G1 X162.1256 Y-159.5960
G1 X161.7808 Y-158.6190
G1 X161.0336 Y-156.6075
G1 Z0.0000 F2500.0
G4 P0.02
G0 X161.6084 Y-155.8604 F15000.0
G1 Z11.9000 F2500.0
G4 P0.02
G1 X162.0681 Y-156.5500 F12000.0
G1 Z0.0000 F2500.0
G4 P0.02
G0 X0.0000 Y-288.0419 F15000.0
G1 Z11.9000 F2500.0
G4 P0.02
G1 X0.0000 Y-21.9812 F12000.0
G1 Z0.0000 F2500.0
G4 P0.02
G0 X10.5759 Y-148.7341 F15000.0
G1 Z11.9000 F2500.0
G4 P0.02
G1 X10.4035 Y-149.8835 F12000.0
G1 Z0.0000 F2500.0
G4 P0.02
G0 X12.4683 Y-152.0502 F15000.0
G1 Z11.9000 F2500.0
G4 P0.02
G1 X54.0750 Y-152.0502 F12000.0
G1 Z0.0000 F2500.0
G4 P0.02
G0 X24.1389 Y-151.9524 F15000.0
G1 Z11.9000 F2500.0
G4 P0.02
G1 X22.9321 Y-152.0099 F12000.0
G1 Z0.0000 F2500.0
G4 P0.02
G0 X16.4954 Y-154.7685 F15000.0
G1 Z11.9000 F2500.0
G4 P0.02
G1 X15.8633 Y-154.0214 F12000.0
G1 Z0.0000 F2500.0
G4 P0.02
G0 X16.3804 Y-155.2858 F15000.0
G1 Z11.9000 F2500.0
G4 P0.02
G1 X16.4954 Y-154.7685 F12000.0
G1 X17.0701 Y-155.3432
G1 Z0.0000 F2500.0
G4 P0.02
G0 X16.4379 Y-154.5386 F15000.0
G1 Z11.9000 F2500.0
G4 P0.02
G1 X16.6103 Y-154.0789 F12000.0
G1 Z0.0000 F2500.0
G4 P0.02
G0 X17.9321 Y-155.5730 F15000.0
G1 Z11.9000 F2500.0
G4 P0.02
G1 X19.5988 Y-155.5730 F12000.0
G1 Z0.0000 F2500.0
G4 P0.02
G0 X24.2179 Y-152.4525 F15000.0
G1 Z11.9000 F2500.0
G4 P0.02
G1 X24.1375 Y-151.8088 F12000.0
G1 X24.4594 Y-151.1651
G1 X25.0227 Y-150.7627
G1 X25.6665 Y-150.6017
G1 X26.3104 Y-150.8432
G1 Z0.0000 F2500.0
G4 P0.02
G0 X24.1389 Y-151.9524 F15000.0
G1 Z11.9000 F2500.0
G4 P0.02
G1 X24.1985 Y-151.6982 F12000.0
G1 X24.3115 Y-151.4421
G1 X24.4702 Y-151.1963
G1 X24.6670 Y-150.9733
G1 X24.8944 Y-150.7852
G1 X25.1160 Y-150.6573
G1 X25.3504 Y-150.5752
G1 X25.4707 Y-150.5540
G1 X25.5921 Y-150.5476
G1 X25.8056 Y-150.5748
G1 X26.0732 Y-150.6642
G1 X26.3224 Y-150.7935
G1 X26.5233 Y-150.9406
G1 X26.7001 Y-151.1166
G1 X26.8480 Y-151.3203
G1 X26.8960 Y-151.4256
G1 X27.0026 Y-151.7733
G1 X27.0580 Y-151.8833
G1 X27.1140 Y-151.9478
G1 X27.1603 Y-151.9793
G1 X27.2983 Y-152.0168
G1 X27.4219 Y-152.0238
G1 X27.7596 Y-152.0099
G1 X34.6511 Y-152.0127
G1 X34.8006 Y-152.0033
G1 X34.9171 Y-151.9813
G1 X35.0315 Y-151.9407
G1 X35.1158 Y-151.8950
G1 Z0.0000 F2500.0
G4 P0.02
G0 X33.7142 Y-152.4525 F15000.0
G1 Z11.9000 F2500.0
G4 P0.02
G1 X34.0361 Y-153.0158 F12000.0
G1 X34.5994 Y-153.4181
G1 X35.2433 Y-153.4986
G1 Z0.0000 F2500.0
G4 P0.02
G0 X33.7142 Y-152.4525 F15000.0
G1 Z11.9000 F2500.0
G4 P0.02
G1 X33.7142 Y-151.8088 F12000.0
G1 X33.9557 Y-151.1651
G1 X34.5191 Y-150.7627
G1 X35.1628 Y-150.6017
G1 X35.8066 Y-150.8432
G1 X36.2895 Y-151.3260
G1 X36.5309 Y-151.9697
G1 X36.4951 Y-152.0099
G1 X36.4697 Y-152.2805
G1 X36.3990 Y-152.5234
G1 X36.2873 Y-152.7391
G1 X36.1391 Y-152.9280
G1 X35.9589 Y-153.0902
G1 X35.7235 Y-153.2415
G1 X35.4595 Y-153.3602
G1 X35.1733 Y-153.4466
G1 X35.2433 Y-153.4986
G1 X35.8871 Y-153.2572
G1 X36.3700 Y-152.6939
G1 X36.5309 Y-152.0502
G1 Z0.0000 F2500.0
G4 P0.02
G0 X35.1158 Y-153.3892 F15000.0
G1 Z11.9000 F2500.0
G4 P0.02
G1 X34.8361 Y-153.3672 F12000.0
G1 X34.7141 Y-153.3415
G1 X34.5960 Y-153.3024
G1 X34.4055 Y-153.1978
G1 X34.1844 Y-153.0193
G1 X33.9928 Y-152.8029
G1 X33.8431 Y-152.5584
G1 X33.7827 Y-152.4138
G1 X33.7470 Y-152.2919
G1 X33.7152 Y-152.0394
G1 X33.7349 Y-151.7889
G1 X33.7625 Y-151.6663
G1 X33.8125 Y-151.5172
G1 X33.9419 Y-151.2639
G1 X34.1160 Y-151.0377
G1 X34.3276 Y-150.8472
G1 X34.5414 Y-150.7144
G1 X34.6849 Y-150.6517
G1 X34.8042 Y-150.6140
G1 X35.0524 Y-150.5748
G1 X35.2676 Y-150.5840
G1 X35.5074 Y-150.6427
G1 X35.7370 Y-150.7458
G1 X35.9493 Y-150.8856
G1 X36.0702 Y-150.9883
G1 X36.1799 Y-151.1004
G1 X36.3434 Y-151.3203
G1 X36.3937 Y-151.4321
G1 X36.4933 Y-151.7819
G1 X36.5678 Y-151.9130
G1 X36.6350 Y-151.9696
G1 X36.6922 Y-151.9951
G1 X36.9340 Y-152.0333
G1 X37.2819 Y-152.0430
G1 X38.1042 Y-152.0099
G1 X53.6947 Y-152.0133
G1 X53.9064 Y-152.0042
G1 X54.1453 Y-151.9622
G1 X54.2374 Y-151.9568
G1 X54.2957 Y-151.9672
G1 X54.3494 Y-151.9938
G1 X54.3903 Y-152.0332
G1 X54.4208 Y-152.0830
G1 X54.4583 Y-152.2021
G1 X54.4834 Y-152.4122
G1 Z0.0000 F2500.0
G4 P0.02
G0 X57.4810 Y-139.0793 F15000.0
G1 Z11.9000 F2500.0
G4 P0.02
G1 X57.4810 Y-177.6934 F12000.0
G1 Z0.0000 F2500.0
G4 P0.02
G0 X45.0008 Y-153.9639 F15000.0
G1 Z11.9000 F2500.0
G4 P0.02
G1 X45.0985 Y-153.9971 F12000.0
G1 X45.2094 Y-154.0573
G1 X45.3011 Y-154.1334
G1 X45.3779 Y-154.2227
G1 X45.4735 Y-154.3751
G1 X45.7046 Y-154.8198
G1 X45.9955 Y-155.1708
G1 X46.3490 Y-155.7165
G1 X46.4950 Y-155.9179
G1 Z0.0000 F2500.0
G4 P0.02
G0 X45.6904 Y-155.8604 F15000.0
G1 Z11.9000 F2500.0
G4 P0.02
G1 X45.6904 Y-154.8834 F12000.0
G1 Z0.0000 F2500.0
G4 P0.02
G0 X52.8742 Y-148.1019 F15000.0
G1 Z11.9000 F2500.0
G4 P0.02
G1 X53.3914 Y-148.3013 F12000.0
G1 X54.1431 Y-149.3662
G1 X54.3397 Y-149.9393
G1 X54.7311 Y-150.2876
G1 X56.2075 Y-152.5846
G1 Z0.0000 F2500.0
G4 P0.02
G0 X54.4259 Y-151.8950 F15000.0
G1 Z11.9000 F2500.0
G4 P0.02
G1 X54.3684 Y-150.0559 F12000.0
G1 Z0.0000 F2500.0
G4 P0.02
G0 X70.0579 Y-150.2858 F15000.0
G1 Z11.9000 F2500.0
G4 P0.02
G1 X71.0797 Y-151.3760 F12000.0
G1 X71.3922 Y-151.6790
G1 X71.4446 Y-151.7650
G1 X71.4721 Y-151.8446
G1 X71.4946 Y-152.0674
G1 X72.0694 Y-152.4696
G1 X72.9314 Y-153.3892
G1 Z0.0000 F2500.0
G4 P0.02
G0 X71.2648 Y-153.2743 F15000.0
G1 Z11.9000 F2500.0
G4 P0.02
G1 X71.4371 Y-152.1249 F12000.0
G1 Z0.0000 F2500.0
G4 P0.02
G0 X71.5521 Y-151.5501 F15000.0
G1 Z11.9000 F2500.0
G4 P0.02
G1 X71.7820 Y-150.4007 F12000.0
G1 Z0.0000 F2500.0
G4 P0.02
G0 X74.6771 Y-150.3604 F15000.0
G1 Z11.9000 F2500.0
G4 P0.02
G1 X101.8784 Y-150.3604 F12000.0
G1 Z0.0000 F2500.0
G4 P0.02
G0 X82.4330 Y-154.1363 F15000.0
G1 Z11.9000 F2500.0
G4 P0.02
G1 X82.2738 Y-153.7156 F12000.0
G1 X82.1897 Y-153.5489
G1 X82.1084 Y-153.4182
G1 X82.0146 Y-153.2964
G1 X81.9062 Y-153.1844
G1 X81.7809 Y-153.0832
G1 X81.6400 Y-152.9962
G1 X81.4374 Y-152.9083
G1 X81.2204 Y-152.8482
G1 X81.0348 Y-152.8191
G1 X80.6738 Y-152.7885
G1 X80.4496 Y-152.7867
G1 X80.2793 Y-152.8049
G1 X80.1488 Y-152.8489
G1 X80.0832 Y-152.9149
G1 X80.0526 Y-152.9947
G1 X80.0457 Y-153.1142
G1 X80.0678 Y-153.2419
G1 X80.1078 Y-153.3699
G1 X80.2517 Y-153.7363
G1 X80.6434 Y-154.8260
G1 X80.8773 Y-155.3118
G1 X81.0985 Y-156.0670
G1 X81.4245 Y-156.9968
G1 X81.4663 Y-157.0859
G1 X81.5209 Y-157.1605
G1 X81.5664 Y-157.1983
G1 X81.6450 Y-157.2318
G1 X81.7673 Y-157.2472
G1 X82.3513 Y-157.2400
G1 X82.5501 Y-157.2255
G1 X82.7097 Y-157.1955
G1 X82.8550 Y-157.1423
G1 X82.9775 Y-157.0595
G1 X83.0537 Y-156.9678
G1 X83.1058 Y-156.8498
G1 X83.1289 Y-156.7002
G1 X83.1119 Y-156.4915
G1 X83.0549 Y-156.2671
G1 X82.9541 Y-156.0163
G1 X82.8620 Y-155.8484
G1 X82.7797 Y-155.7317
G1 X82.7027 Y-155.6493
G1 X82.4393 Y-155.4182
G1 X82.3848 Y-155.3427
G1 X82.3490 Y-155.2545
G1 X82.3435 Y-155.1941
G1 X82.3611 Y-155.1071
G1 X82.5131 Y-154.8283
G1 X82.5497 Y-154.7110
G1 X82.5531 Y-154.6202
G1 X82.5388 Y-154.4963
G1 X82.4717 Y-154.2514
G1 X82.4330 Y-154.1363
G1 Z0.0000 F2500.0
G4 P0.02
G0 X82.2991 Y-155.2283 F15000.0
G1 Z11.9000 F2500.0
G4 P0.02
G1 X81.7104 Y-155.1572 F12000.0
G1 X81.5464 Y-155.1469
G1 X81.3844 Y-155.1468
G1 X81.2272 Y-155.1605
G1 X81.0778 Y-155.1915
G1 X80.9659 Y-155.2310
G1 X80.8623 Y-155.2858
G1 Z0.0000 F2500.0
G4 P0.02
G0 X83.2761 Y-153.0444 F15000.0
G1 Z11.9000 F2500.0
G4 P0.02
G1 X82.6439 Y-152.2973 F12000.0
G1 Z0.0000 F2500.0
G4 P0.02
G0 X83.1612 Y-153.5616 F15000.0
G1 Z11.9000 F2500.0
G4 P0.02
G1 X83.2761 Y-153.0444 F12000.0
G1 X83.8508 Y-153.6191
G1 Z0.0000 F2500.0
G4 P0.02
G0 X83.2187 Y-152.8145 F15000.0
G1 Z11.9000 F2500.0
G4 P0.02
G1 X83.3910 Y-152.3547 F12000.0
G1 Z0.0000 F2500.0
G4 P0.02
G0 X84.7128 Y-153.8490 F15000.0
G1 Z11.9000 F2500.0
G4 P0.02
G1 X86.3795 Y-153.8490 F12000.0
G1 Z0.0000 F2500.0
G4 P0.02
G0 X86.7818 Y-154.8834 F15000.0
G1 Z11.9000 F2500.0
G4 P0.02
G1 X85.1726 Y-154.8260 F12000.0
G1 Z0.0000 F2500.0
G4 P0.02
G0 X89.4444 Y-154.1363 F15000.0
G1 Z11.9000 F2500.0
G4 P0.02
G1 X89.2852 Y-153.7156 F12000.0
G1 X89.2011 Y-153.5489
G1 X89.1198 Y-153.4182
G1 X89.0260 Y-153.2964
G1 X88.9176 Y-153.1844
G1 X88.7923 Y-153.0832
G1 X88.6514 Y-152.9962
G1 X88.4488 Y-152.9083
G1 X88.2318 Y-152.8482
G1 X88.0462 Y-152.8191
G1 X87.6852 Y-152.7885
G1 X87.4610 Y-152.7867
G1 X87.2907 Y-152.8049
G1 X87.1602 Y-152.8489
G1 X87.0946 Y-152.9149
G1 X87.0640 Y-152.9947
G1 X87.0571 Y-153.1142
G1 X87.0792 Y-153.2419
G1 X87.1192 Y-153.3699
G1 X87.2631 Y-153.7363
G1 X87.6548 Y-154.8260
G1 X87.8887 Y-155.3118
G1 X88.1099 Y-156.0670
G1 X88.4359 Y-156.9968
G1 X88.4777 Y-157.0859
G1 X88.5323 Y-157.1605
G1 X88.5778 Y-157.1983
G1 X88.6564 Y-157.2318
G1 X88.7787 Y-157.2472
G1 X89.3627 Y-157.2400
G1 X89.5615 Y-157.2255
G1 X89.7211 Y-157.1955
G1 X89.8664 Y-157.1423
G1 X89.9889 Y-157.0595
G1 X90.0651 Y-156.9678
G1 X90.1172 Y-156.8498
G1 X90.1403 Y-156.7002
G1 X90.1233 Y-156.4915
G1 X90.0663 Y-156.2671
G1 X89.9655 Y-156.0163
G1 X89.8734 Y-155.8484
G1 X89.7911 Y-155.7317
G1 X89.7141 Y-155.6493
G1 X89.4507 Y-155.4182
G1 X89.3962 Y-155.3427
G1 X89.3604 Y-155.2545
G1 X89.3548 Y-155.1941
G1 X89.3725 Y-155.1071
G1 X89.5245 Y-154.8283
G1 X89.5611 Y-154.7110
G1 X89.5645 Y-154.6202
G1 X89.5502 Y-154.4963
G1 X89.4831 Y-154.2514
G1 X89.4444 Y-154.1363
G1 Z0.0000 F2500.0
G4 P0.02
G0 X89.3105 Y-155.2283 F15000.0
G1 Z11.9000 F2500.0
G4 P0.02
G1 X88.7218 Y-155.1572 F12000.0
G1 X88.5578 Y-155.1469
G1 X88.3958 Y-155.1468
G1 X88.2386 Y-155.1605
G1 X88.0892 Y-155.1915
G1 X87.9773 Y-155.2310
G1 X87.8737 Y-155.2858
G1 Z0.0000 F2500.0
G4 P0.02
G0 X91.4163 Y-151.3260 F15000.0
G1 Z11.9000 F2500.0
G4 P0.02
G1 X91.0140 Y-150.7627 F12000.0
G1 X91.0140 Y-150.0385
G1 X91.2553 Y-149.4751
G1 X91.8187 Y-149.0729
G1 X92.4625 Y-148.9119
G1 X93.1063 Y-149.0729
G1 X93.5892 Y-149.5556
G1 X93.8307 Y-150.1994
G1 X93.8506 Y-150.2284
G1 X93.8148 Y-150.0195
G1 X93.7623 Y-149.8365
G1 X93.6908 Y-149.6594
G1 X93.6007 Y-149.4968
G1 X93.4739 Y-149.3317
G1 X93.3229 Y-149.1757
G1 X93.1769 Y-149.0616
G1 X93.0171 Y-148.9792
G1 X92.8379 Y-148.9223
G1 X92.6202 Y-148.8850
G1 X92.3980 Y-148.8788
G1 X92.1765 Y-148.9035
G1 X91.9608 Y-148.9589
G1 X91.7557 Y-149.0446
G1 X91.5664 Y-149.1604
G1 X91.4205 Y-149.2835
G1 X91.2933 Y-149.4283
G1 X91.1847 Y-149.5974
G1 X91.1045 Y-149.7750
G1 X91.0458 Y-149.9894
G1 X91.0243 Y-150.1759
G1 X91.0320 Y-150.3931
G1 X91.0738 Y-150.6056
G1 X91.1360 Y-150.7805
G1 X91.2380 Y-150.9723
G1 X91.3501 Y-151.1231
G1 X91.4840 Y-151.2581
G1 X91.6391 Y-151.3748
G1 X91.8116 Y-151.4701
G1 X92.0139 Y-151.5488
G1 X92.1919 Y-151.5893
G1 X92.4139 Y-151.6076
G1 Z0.0000 F2500.0
G4 P0.02
G0 X91.4163 Y-151.3260 F15000.0
G1 Z11.9000 F2500.0
G4 P0.02
G1 X91.9797 Y-151.6478 F12000.0
G1 X92.6235 Y-151.7283
G1 Z0.0000 F2500.0
G4 P0.02
G0 X93.7932 Y-150.2858 F15000.0
G1 Z11.9000 F2500.0
G4 P0.02
G1 X93.7692 Y-150.5558 F12000.0
G1 X93.7018 Y-150.8003
G1 X93.5945 Y-151.0180
G1 X93.5268 Y-151.1162
G1 X93.4300 Y-151.2288
G1 X93.2486 Y-151.3844
G1 X93.0092 Y-151.5217
G1 X92.7371 Y-151.6171
G1 X92.4713 Y-151.6651
G1 X92.6235 Y-151.7283
G1 X93.2673 Y-151.4869
G1 X93.6697 Y-151.0041
G1 X93.8307 Y-150.3604
G1 Z0.0000 F2500.0
G4 P0.02
G0 X102.2362 Y-150.2660 F15000.0
G1 Z11.9000 F2500.0
G4 P0.02
G1 X102.1746 Y-150.0761 F12000.0
G1 X102.0130 Y-149.9587
G1 X101.8133 Y-149.9587
G1 X101.6517 Y-150.0761
G1 X101.5900 Y-150.2660
G1 X101.6517 Y-150.4559
G1 X101.8133 Y-150.5733
G1 X102.0130 Y-150.5733
G1 X102.1746 Y-150.4559
G1 X102.2362 Y-150.2660
G1 Z0.0000 F2500.0
G4 P0.02
G0 X100.9127 Y-151.3260 F15000.0
G1 Z11.9000 F2500.0
G4 P0.02
G1 X100.5102 Y-150.7627 F12000.0
G1 X100.5102 Y-150.0385
G1 X100.8322 Y-149.4751
G1 X101.3150 Y-149.0729
G1 X101.9589 Y-148.9119
G1 X102.6027 Y-149.0729
G1 X103.0855 Y-149.5556
G1 X103.3269 Y-150.1994
G1 X103.3269 Y-150.3604
G1 X103.1660 Y-151.0041
G1 X102.7636 Y-151.4869
G1 X102.1197 Y-151.7283
G1 X101.4760 Y-151.6478
G1 X100.9127 Y-151.3260
G1 Z0.0000 F2500.0
G4 P0.02
G0 X106.3400 Y-153.9531 F15000.0
G1 Z11.9000 F2500.0
G4 P0.02
G1 X106.1073 Y-153.2361 F12000.0
G1 X106.0001 Y-152.9616
G1 X105.8921 Y-152.7279
G1 X105.7690 Y-152.5083
G1 X105.6465 Y-152.3311
G1 X105.5082 Y-152.1706
G1 X105.3757 Y-152.0487
G1 X105.1764 Y-151.9115
G1 X104.9789 Y-151.8185
G1 X104.7577 Y-151.7537
G1 X104.5398 Y-151.7231
G1 X104.3634 Y-151.7267
G1 X104.1795 Y-151.7682
G1 X104.0510 Y-151.8320
G1 X103.9283 Y-151.9411
G1 X103.8423 Y-152.0833
G1 X103.7951 Y-152.2558
G1 X103.7890 Y-152.4560
G1 X103.8172 Y-152.6421
G1 X103.9212 Y-153.0004
G1 X104.2700 Y-153.8994
G1 X104.5917 Y-154.8711
G1 X104.7735 Y-155.2918
G1 X104.8665 Y-155.4587
G1 X104.9707 Y-155.6136
G1 X105.0877 Y-155.7542
G1 X105.1961 Y-155.8582
G1 X105.3154 Y-155.9489
G1 X105.4464 Y-156.0247
G1 X105.6203 Y-156.0938
G1 X105.8304 Y-156.1391
G1 X106.0488 Y-156.1547
G1 X106.2813 Y-156.1395
G1 X106.4732 Y-156.0947
G1 X106.6162 Y-156.0304
G1 X106.7345 Y-155.9377
G1 X106.8193 Y-155.8131
G1 X106.8568 Y-155.6880
G1 X106.8657 Y-155.5730
G1 X106.8579 Y-155.4528
G1 X106.8286 Y-155.2973
G1 X106.7492 Y-155.0431
G1 X106.5155 Y-154.4758
G1 X106.3878 Y-154.1047
G1 X106.3400 Y-153.9531
G1 Z0.0000 F2500.0
G4 P0.02
G0 X106.6665 Y-152.7570 F15000.0
G1 Z11.9000 F2500.0
G4 P0.02
G1 X108.3332 Y-152.7570 F12000.0
G1 Z0.0000 F2500.0
G4 P0.02
G0 X108.7355 Y-153.7915 F15000.0
G1 Z11.9000 F2500.0
G4 P0.02
G1 X107.1263 Y-153.7340 F12000.0
G1 Z0.0000 F2500.0
G4 P0.02
G0 X111.3981 Y-153.0444 F15000.0
G1 Z11.9000 F2500.0
G4 P0.02
G1 X111.2389 Y-152.6236 F12000.0
G1 X111.1548 Y-152.4569
G1 X111.0736 Y-152.3263
G1 X110.9798 Y-152.2044
G1 X110.8713 Y-152.0925
G1 X110.7460 Y-151.9914
G1 X110.6052 Y-151.9043
G1 X110.4025 Y-151.8163
G1 X110.1855 Y-151.7562
G1 X109.9999 Y-151.7272
G1 X109.6389 Y-151.6965
G1 X109.4147 Y-151.6948
G1 X109.2444 Y-151.7129
G1 X109.1139 Y-151.7570
G1 X109.0483 Y-151.8231
G1 X109.0177 Y-151.9027
G1 X109.0108 Y-152.0223
G1 X109.0329 Y-152.1500
G1 X109.0729 Y-152.2780
G1 X109.2169 Y-152.6443
G1 X109.6085 Y-153.7340
G1 X109.8424 Y-154.2199
G1 X110.0637 Y-154.9750
G1 X110.3896 Y-155.9049
G1 X110.4314 Y-155.9939
G1 X110.4860 Y-156.0686
G1 X110.5315 Y-156.1064
G1 X110.6101 Y-156.1398
G1 X110.7324 Y-156.1553
G1 X111.3164 Y-156.1480
G1 X111.5153 Y-156.1336
G1 X111.6748 Y-156.1036
G1 X111.8201 Y-156.0504
G1 X111.9426 Y-155.9676
G1 X112.0188 Y-155.8758
G1 X112.0709 Y-155.7579
G1 X112.0940 Y-155.6082
G1 X112.0770 Y-155.3996
G1 X112.0201 Y-155.1752
G1 X111.9192 Y-154.9243
G1 X111.8271 Y-154.7564
G1 X111.7448 Y-154.6397
G1 X111.6678 Y-154.5574
G1 X111.4044 Y-154.3263
G1 X111.3499 Y-154.2507
G1 X111.3142 Y-154.1626
G1 X111.3087 Y-154.1021
G1 X111.3262 Y-154.0151
G1 X111.4782 Y-153.7363
G1 X111.5148 Y-153.6191
G1 X111.5182 Y-153.5282
G1 X111.5039 Y-153.4044
G1 X111.4369 Y-153.1595
G1 X111.3981 Y-153.0444
G1 Z0.0000 F2500.0
G4 P0.02
G0 X111.2642 Y-154.1363 F15000.0
G1 Z11.9000 F2500.0
G4 P0.02
G1 X110.6756 Y-154.0653 F12000.0
G1 X110.5115 Y-154.0549
G1 X110.3495 Y-154.0548
G1 X110.1923 Y-154.0686
G1 X110.0430 Y-154.0996
G1 X109.9310 Y-154.1391
G1 X109.8274 Y-154.1938
G1 Z0.0000 F2500.0
G4 P0.02
G0 X112.0688 Y-152.4696 F15000.0
G1 Z11.9000 F2500.0
G4 P0.02
G1 X112.0688 Y-151.4926 F12000.0
G1 Z0.0000 F2500.0
G4 P0.02
G0 X112.5818 Y-139.7385 F15000.0
G1 Z11.9000 F2500.0
G4 P0.02
G1 X112.5818 Y-168.7071 F12000.0
G1 Z0.0000 F2500.0
G4 P0.02
G0 X133.4478 Y-148.4467 F15000.0
G1 Z11.9000 F2500.0
G4 P0.02
G1 X133.6192 Y-148.5593 F12000.0
G1 X133.7505 Y-148.6855
G1 X133.8514 Y-148.8256
G1 X133.9433 Y-149.0065
G1 X134.3987 Y-150.1922
G1 X134.5382 Y-150.5815
G1 X134.6691 Y-151.0056
G1 X134.7696 Y-151.4352
G1 Z0.0000 F2500.0
G4 P0.02
G0 X134.4248 Y-151.4926 F15000.0
G1 Z11.9000 F2500.0
G4 P0.02
G1 X135.4350 Y-151.4523 F12000.0
G1 X135.7300 Y-151.4539
G1 X135.9884 Y-151.4702
G1 X136.2397 Y-151.5055
G1 X136.4507 Y-151.5555
G1 X136.6511 Y-151.6268
G1 X136.8385 Y-151.7225
G1 Z0.0000 F2500.0
G4 P0.02
G0 X136.1489 Y-151.3777 F15000.0
G1 Z11.9000 F2500.0
G4 P0.02
G1 X135.6493 Y-149.9196 F12000.0
G1 X135.4139 Y-149.3005
G1 X135.3450 Y-149.0896
G1 X135.3055 Y-148.9069
G1 X135.2931 Y-148.7538
G1 X135.3043 Y-148.6003
G1 X135.3444 Y-148.4467
G1 Z0.0000 F2500.0
G4 P0.02
G0 X141.2638 Y-148.4467 F15000.0
G1 Z11.9000 F2500.0
G4 P0.02
G1 X141.9534 Y-150.0559 F12000.0
G1 Z0.0000 F2500.0
G4 P0.02
G0 X142.4707 Y-151.5501 F15000.0
G1 Z11.9000 F2500.0
G4 P0.02
G1 X142.0667 Y-150.5731 F12000.0
G1 X141.9724 Y-150.1197
G1 X142.2983 Y-149.9985
G1 X143.1603 Y-149.9985
G1 X143.4988 Y-150.0306
G1 X143.7161 Y-150.4582
G1 X144.0798 Y-151.4352
G1 Z0.0000 F2500.0
G4 P0.02
G0 X143.4477 Y-149.9410 F15000.0
G1 Z11.9000 F2500.0
G4 P0.02
G1 X142.9879 Y-148.5042 F12000.0
G1 Z0.0000 F2500.0
G4 P0.02
G0 X145.6891 Y-148.6766 F15000.0
G1 Z11.9000 F2500.0
G4 P0.02
G1 X145.3631 Y-148.5458 F12000.0
G1 X145.0355 Y-148.4716
G1 X144.8177 Y-148.4506
G1 X144.5901 Y-148.4468
G1 X144.4625 Y-148.4525
G1 X144.3432 Y-148.4787
G1 X144.2640 Y-148.5211
G1 X144.1975 Y-148.5906
G1 X144.1552 Y-148.6716
G1 X144.1326 Y-148.7533
G1 X144.1235 Y-148.8409
G1 X144.1300 Y-148.9648
G1 X144.1538 Y-149.0944
G1 X144.2020 Y-149.2599
G1 X144.4701 Y-149.9111
G1 X144.6855 Y-150.5784
G1 X144.7893 Y-150.8520
G1 X144.9360 Y-151.1289
G1 X145.0073 Y-151.2270
G1 X145.0816 Y-151.3053
G1 X145.1954 Y-151.3829
G1 X145.3613 Y-151.4535
G1 X145.5510 Y-151.5015
G1 X145.7555 Y-151.5289
G1 X146.0009 Y-151.5375
G1 X146.2400 Y-151.5239
G1 X146.4589 Y-151.4914
G1 X146.6434 Y-151.4432
G1 X146.4367 Y-150.6783
G1 X146.1971 Y-149.9912
G1 X145.8709 Y-149.1221
G1 X145.8251 Y-148.9671
G1 X145.8078 Y-148.8173
G1 X145.8250 Y-148.7039
G1 X145.8786 Y-148.5989
G1 X145.9764 Y-148.5042
G1 Z0.0000 F2500.0
G4 P0.02
G0 X151.4543 Y-150.6772 F15000.0
G1 Z11.9000 F2500.0
G4 P0.02
G1 X151.2216 Y-149.9604 F12000.0
G1 X151.1144 Y-149.6858
G1 X151.0065 Y-149.4522
G1 X150.8833 Y-149.2325
G1 X150.7608 Y-149.0552
G1 X150.6225 Y-148.8948
G1 X150.4900 Y-148.7728
G1 X150.2907 Y-148.6357
G1 X150.0932 Y-148.5427
G1 X149.8720 Y-148.4779
G1 X149.6541 Y-148.4473
G1 X149.4778 Y-148.4509
G1 X149.2939 Y-148.4924
G1 X149.1654 Y-148.5561
G1 X149.0427 Y-148.6653
G1 X148.9566 Y-148.8075
G1 X148.9094 Y-148.9800
G1 X148.9034 Y-149.1803
G1 X148.9315 Y-149.3662
G1 X149.0355 Y-149.7245
G1 X149.3843 Y-150.6236
G1 X149.7061 Y-151.5954
G1 X149.8879 Y-152.0161
G1 X149.9808 Y-152.1828
G1 X150.0851 Y-152.3378
G1 X150.2020 Y-152.4783
G1 X150.3105 Y-152.5823
G1 X150.4297 Y-152.6731
G1 X150.5607 Y-152.7488
G1 X150.7346 Y-152.8179
G1 X150.9447 Y-152.8633
G1 X151.1632 Y-152.8788
G1 X151.3956 Y-152.8637
G1 X151.5875 Y-152.8190
G1 X151.7306 Y-152.7545
G1 X151.8488 Y-152.6618
G1 X151.9336 Y-152.5372
G1 X151.9711 Y-152.4122
G1 X151.9800 Y-152.2973
G1 X151.9723 Y-152.1770
G1 X151.9430 Y-152.0215
G1 X151.8635 Y-151.7673
G1 X151.6300 Y-151.1999
G1 X151.5021 Y-150.8289
G1 X151.4543 Y-150.6772
G1 Z0.0000 F2500.0
G4 P0.02
G0 X153.6200 Y-148.4467 F15000.0
G1 Z11.9000 F2500.0
G4 P0.02
G1 X154.2521 Y-150.1134 F12000.0
G1 X154.7694 Y-151.0904
G1 X154.7694 Y-151.3777
G1 X154.9596 Y-150.8605
G1 X155.2435 Y-150.2174
G1 X155.6315 Y-150.4025
G1 X156.4935 Y-151.0329
G1 X156.7809 Y-151.4926
G1 X156.4360 Y-150.5156
G1 X155.6889 Y-148.5042
G1 Z0.0000 F2500.0
G4 P0.02
G0 X156.6084 Y-148.4467 F15000.0
G1 Z11.9000 F2500.0
G4 P0.02
G1 X157.2406 Y-150.1134 F12000.0
G1 X157.7579 Y-151.0904
G1 X157.7579 Y-151.3777
G1 X157.9480 Y-150.8605
G1 X158.2320 Y-150.2174
G1 X158.6199 Y-150.4025
G1 X159.4820 Y-151.0329
G1 X159.7693 Y-151.4926
G1 X159.4245 Y-150.5156
G1 X158.6774 Y-148.5042
G1 Z0.0000 F2500.0
G4 P0.02
G0 X171.0539 Y-21.9812 F15000.0
G1 Z11.9000 F2500.0
G4 P0.02
G1 X171.0539 Y-288.0419 F12000.0
G1 Z0.0000 F2500.0
G4 P0.02
G0 X12.0701 Y-149.9985 F15000.0
G1 Z11.9000 F2500.0
G4 P0.02
G1 X11.2081 Y-149.0789 F12000.0
G1 X10.6334 Y-148.6766
G1 X10.6109 Y-148.4540
G1 X10.5834 Y-148.3742
G1 X10.5309 Y-148.2882
G1 X10.2184 Y-147.9853
G1 X9.1966 Y-146.8950
G1 Z0.0000 F2500.0
G4 P0.02
G0 X10.9207 Y-147.0100 F15000.0
G1 Z11.9000 F2500.0
G4 P0.02
G1 X10.6909 Y-148.1594 F12000.0
G1 Z0.0000 F2500.0
G4 P0.02
G0 X74.6771 Y-150.3604 F15000.0
G1 Z11.9000 F2500.0
G4 P0.02
G1 X85.3001 Y-139.7385 F12000.0
G1 Z0.0000 F2500.0
G4 P0.02
G0 X86.6093 Y-143.4468 F15000.0
G1 Z11.9000 F2500.0
G4 P0.02
G1 X86.7809 Y-143.5593 F12000.0
G1 X86.9122 Y-143.6856
G1 X87.0129 Y-143.8257
G1 X87.1048 Y-144.0065
G1 X87.5603 Y-145.1922
G1 X87.6998 Y-145.5816
G1 X87.8308 Y-146.0056
G1 X87.9312 Y-146.4352
G1 Z0.0000 F2500.0
G4 P0.02
G0 X87.5863 Y-146.4927 F15000.0
G1 Z11.9000 F2500.0
G4 P0.02
G1 X88.5966 Y-146.4524 F12000.0
G1 X88.8916 Y-146.4540
G1 X89.1500 Y-146.4703
G1 X89.4012 Y-146.5056
G1 X89.6123 Y-146.5556
G1 X89.8127 Y-146.6269
G1 X90.0001 Y-146.7226
G1 Z0.0000 F2500.0
G4 P0.02
G0 X89.3105 Y-146.3778 F15000.0
G1 Z11.9000 F2500.0
G4 P0.02
G1 X88.8109 Y-144.9195 F12000.0
G1 X88.5754 Y-144.3005
G1 X88.5065 Y-144.0896
G1 X88.4671 Y-143.9070
G1 X88.4546 Y-143.7539
G1 X88.4658 Y-143.6003
G1 X88.5059 Y-143.4468
G1 Z0.0000 F2500.0
G4 P0.02
G0 X90.2300 Y-141.8951 F15000.0
G1 Z11.9000 F2500.0
G4 P0.02
G1 X91.0536 Y-144.0215 F12000.0
G1 Z0.0000 F2500.0
G4 P0.02
G0 X91.1496 Y-144.5962 F15000.0
G1 Z11.9000 F2500.0
G4 P0.02
G1 X90.4025 Y-144.1365 F12000.0
G1 Z0.0000 F2500.0
G4 P0.02
G0 X101.8784 Y-150.3604 F15000.0
G1 Z11.9000 F2500.0
G4 P0.02
G1 X112.5818 Y-139.7385 F12000.0
G1 Z0.0000 F2500.0
G4 P0.02
G0 X134.4248 Y-143.3318 F15000.0
G1 Z11.9000 F2500.0
G4 P0.02
G1 X135.4350 Y-143.2916 F12000.0
G1 X135.7300 Y-143.2931
G1 X135.9884 Y-143.3094
G1 X136.2397 Y-143.3447
G1 X136.4507 Y-143.3948
G1 X136.6511 Y-143.4660
G1 X136.8385 Y-143.5617
G1 Z0.0000 F2500.0
G4 P0.02
G0 X137.4708 Y-146.7226 F15000.0
G1 Z11.9000 F2500.0
G4 P0.02
G1 X136.3788 Y-146.8376 F12000.0
G1 X136.4724 Y-146.9942
G1 X136.5790 Y-147.1454
G1 X136.8444 Y-147.4566
G1 X137.1167 Y-147.7285
G1 X137.9835 Y-148.5472
G1 X138.1575 Y-148.7311
G1 X138.2497 Y-148.8562
G1 X138.3230 Y-148.9979
G1 X138.3558 Y-149.1300
G1 X138.3519 Y-149.2536
G1 X138.3275 Y-149.3390
G1 X138.2866 Y-149.4164
G1 X138.2310 Y-149.4847
G1 X138.1624 Y-149.5424
G1 X138.0826 Y-149.5884
G1 X137.9933 Y-149.6212
G1 X137.8964 Y-149.6396
G1 X137.7934 Y-149.6421
G1 X137.6336 Y-149.6134
G1 X137.4661 Y-149.5380
G1 X137.2929 Y-149.4101
G1 X137.0684 Y-149.1939
G1 Z0.0000 F2500.0
G4 P0.02
G0 X149.5396 Y-143.6192 F15000.0
G1 Z11.9000 F2500.0
G4 P0.02
G1 X149.8905 Y-143.9324 F12000.0
G1 X150.2034 Y-144.1625
G1 X150.3688 Y-144.2602
G1 X150.5107 Y-144.3292
G1 X150.6558 Y-144.3844
G1 X150.8040 Y-144.4238
G1 X151.0338 Y-144.7111
G1 X150.5516 Y-143.5042
G1 X149.3671 Y-140.2859
G1 Z0.0000 F2500.0
G4 P0.02
G0 X159.2521 Y-147.7571 F15000.0
G1 Z11.9000 F2500.0
G4 P0.02
G1 X159.7119 Y-148.4467 F12000.0
G1 Z0.0000 F2500.0
G4 P0.02
G0 X112.5818 Y-139.7385 F15000.0
G1 Z11.9000 F2500.0
G4 P0.02
G1 X85.3001 Y-139.7385 F12000.0
G1 Z0.0000 F2500.0
G4 P0.02
G0 X133.4478 Y-140.2859 F15000.0
G1 Z11.9000 F2500.0
G4 P0.02
G1 X133.6192 Y-140.3985 F12000.0
G1 X133.7505 Y-140.5248
G1 X133.8514 Y-140.6648
G1 X133.9433 Y-140.8457
G1 X134.3987 Y-142.0314
G1 X134.5382 Y-142.4207
G1 X134.6691 Y-142.8447
G1 X134.7696 Y-143.2744
G1 Z0.0000 F2500.0
G4 P0.02
G0 X136.1489 Y-143.2170 F15000.0
G1 Z11.9000 F2500.0
G4 P0.02
G1 X135.6493 Y-141.7586 F12000.0
G1 X135.4139 Y-141.1397
G1 X135.3450 Y-140.9287
G1 X135.3055 Y-140.7461
G1 X135.2931 Y-140.5930
G1 X135.3043 Y-140.4395
G1 X135.3444 Y-140.2859
G1 Z0.0000 F2500.0
G4 P0.02
G0 X136.2064 Y-138.5618 F15000.0
G1 Z11.9000 F2500.0
G4 P0.02
G1 X136.5401 Y-138.5596 F12000.0
G1 X136.7208 Y-138.5753
G1 X136.8992 Y-138.6215
G1 X137.0420 Y-138.6875
G1 X137.2205 Y-138.8141
G1 X137.3723 Y-138.9740
G1 X137.4956 Y-139.1597
G1 X137.5883 Y-139.3642
G1 X137.6489 Y-139.5801
G1 X137.6739 Y-139.7992
G1 X137.6584 Y-139.8869
G1 X137.5921 Y-140.0826
G1 X137.5880 Y-140.1989
G1 X137.6386 Y-140.3071
G1 X137.8219 Y-140.5175
G1 X137.9349 Y-140.7118
G1 X138.0075 Y-140.9279
G1 X138.0233 Y-141.0512
G1 X138.0202 Y-141.1401
G1 X137.9932 Y-141.2496
G1 X137.9538 Y-141.3226
G1 X137.8963 Y-141.3855
G1 X137.8193 Y-141.4362
G1 X137.7211 Y-141.4728
G1 X137.6124 Y-141.4918
G1 X137.2983 Y-141.4928
G1 Z0.0000 F2500.0
G4 P0.02
G0 X137.5283 Y-140.1710 F15000.0
G1 Z11.9000 F2500.0
G4 P0.02
G1 X137.1834 Y-140.1136 F12000.0
G1 Z0.0000 F2500.0
G4 P0.02
G0 X141.0339 Y-140.2859 F15000.0
G1 Z11.9000 F2500.0
G4 P0.02
G1 X141.7236 Y-141.8951 F12000.0
G1 Z0.0000 F2500.0
G4 P0.02
G0 X142.2408 Y-143.3893 F15000.0
G1 Z11.9000 F2500.0
G4 P0.02
G1 X141.8368 Y-142.4123 F12000.0
G1 X141.7426 Y-141.9589
G1 X142.0684 Y-141.8376
G1 X142.9304 Y-141.8376
G1 X143.2689 Y-141.8698
G1 X143.4862 Y-142.2973
G1 X143.8499 Y-143.2744
G1 Z0.0000 F2500.0
G4 P0.02
G0 X143.2178 Y-141.7802 F15000.0
G1 Z11.9000 F2500.0
G4 P0.02
G1 X142.7581 Y-140.3434 F12000.0
G1 Z0.0000 F2500.0
G4 P0.02
G0 X145.4592 Y-140.5158 F15000.0
G1 Z11.9000 F2500.0
G4 P0.02
G1 X145.1332 Y-140.3850 F12000.0
G1 X144.8057 Y-140.3108
G1 X144.5879 Y-140.2897
G1 X144.3603 Y-140.2860
G1 X144.2326 Y-140.2917
G1 X144.1134 Y-140.3179
G1 X144.0341 Y-140.3604
G1 X143.9676 Y-140.4297
G1 X143.9253 Y-140.5108
G1 X143.9027 Y-140.5925
G1 X143.8937 Y-140.6801
G1 X143.9001 Y-140.8040
G1 X143.9239 Y-140.9336
G1 X143.9721 Y-141.0991
G1 X144.2402 Y-141.7504
G1 X144.4556 Y-142.4177
G1 X144.5594 Y-142.6912
G1 X144.7062 Y-142.9681
G1 X144.7773 Y-143.0661
G1 X144.8518 Y-143.1445
G1 X144.9655 Y-143.2221
G1 X145.1314 Y-143.2927
G1 X145.3211 Y-143.3407
G1 X145.5256 Y-143.3681
G1 X145.7710 Y-143.3767
G1 X146.0102 Y-143.3631
G1 X146.2290 Y-143.3306
G1 X146.4135 Y-143.2824
G1 X146.2068 Y-142.5175
G1 X145.9672 Y-141.8304
G1 X145.6411 Y-140.9613
G1 X145.5953 Y-140.8063
G1 X145.5780 Y-140.6565
G1 X145.5952 Y-140.5431
G1 X145.6487 Y-140.4380
G1 X145.7465 Y-140.3434
G1 Z0.0000 F2500.0
G4 P0.02
G0 X153.2360 Y-142.5164 F15000.0
G1 Z11.9000 F2500.0
G4 P0.02
G1 X153.0031 Y-141.7995 F12000.0
G1 X152.8960 Y-141.5250
G1 X152.7880 Y-141.2914
G1 X152.6649 Y-141.0717
G1 X152.5424 Y-140.8944
G1 X152.4042 Y-140.7340
G1 X152.2716 Y-140.6120
G1 X152.0723 Y-140.4749
G1 X151.8748 Y-140.3819
G1 X151.6536 Y-140.3170
G1 X151.4357 Y-140.2865
G1 X151.2593 Y-140.2900
G1 X151.0755 Y-140.3316
G1 X150.9469 Y-140.3953
G1 X150.8242 Y-140.5045
G1 X150.7382 Y-140.6467
G1 X150.6910 Y-140.8193
G1 X150.6850 Y-141.0195
G1 X150.7131 Y-141.2055
G1 X150.8172 Y-141.5637
G1 X151.1659 Y-142.4628
G1 X151.4876 Y-143.4346
G1 X151.6694 Y-143.8553
G1 X151.7624 Y-144.0220
G1 X151.8666 Y-144.1770
G1 X151.9837 Y-144.3175
G1 X152.0921 Y-144.4216
G1 X152.2113 Y-144.5123
G1 X152.3423 Y-144.5880
G1 X152.5162 Y-144.6571
G1 X152.7263 Y-144.7025
G1 X152.9448 Y-144.7180
G1 X153.1771 Y-144.7029
G1 X153.3691 Y-144.6582
G1 X153.5121 Y-144.5937
G1 X153.6304 Y-144.5010
G1 X153.7151 Y-144.3764
G1 X153.7527 Y-144.2514
G1 X153.7617 Y-144.1365
G1 X153.7538 Y-144.0162
G1 X153.7245 Y-143.8607
G1 X153.6451 Y-143.6065
G1 X153.4115 Y-143.0392
G1 X153.2837 Y-142.6681
G1 X153.2360 Y-142.5164
G1 Z0.0000 F2500.0
G4 P0.02
G0 X155.3441 Y-140.2859 F15000.0
G1 Z11.9000 F2500.0
G4 P0.02
G1 X155.9762 Y-141.9526 F12000.0
G1 X156.4935 Y-142.9296
G1 X156.4935 Y-143.2170
G1 X156.6837 Y-142.6997
G1 X156.9676 Y-142.0566
G1 X157.3555 Y-142.2417
G1 X158.2176 Y-142.8721
G1 X158.5050 Y-143.3318
G1 X158.1601 Y-142.3548
G1 X157.4130 Y-140.3434
G1 Z0.0000 F2500.0
G4 P0.02
G0 X158.3900 Y-140.2859 F15000.0
G1 Z11.9000 F2500.0
G4 P0.02
G1 X159.0221 Y-141.9526 F12000.0
G1 X159.5394 Y-142.9296
G1 X159.5394 Y-143.2170
G1 X159.7296 Y-142.6997
G1 X160.0136 Y-142.0566
G1 X160.4015 Y-142.2417
G1 X161.2635 Y-142.8721
G1 X161.5509 Y-143.3318
G1 X161.2060 Y-142.3548
G1 X160.4590 Y-140.3434
G1 Z0.0000 F2500.0
G4 P0.02
G0 X41.0353 Y-135.8032 F15000.0
G1 Z11.9000 F2500.0
G4 P0.02
G1 X39.5589 Y-133.5061 F12000.0
G1 X39.1675 Y-133.1578
G1 X38.9709 Y-132.5849
G1 X38.2192 Y-131.5199
G1 X37.7020 Y-131.3205
G1 Z0.0000 F2500.0
G4 P0.02
G0 X39.1962 Y-133.2745 F15000.0
G1 Z11.9000 F2500.0
G4 P0.02
G1 X39.1917 Y-134.1941 F12000.0
G1 X39.3111 Y-135.6308
G1 Z0.0000 F2500.0
G4 P0.02
G0 X114.5401 Y-134.0217 F15000.0
G1 Z11.9000 F2500.0
G4 P0.02
G1 X115.0573 Y-134.2210 F12000.0
G1 X115.8090 Y-135.2860
G1 X116.0055 Y-135.8590
G1 X116.3969 Y-136.2073
G1 X117.8733 Y-138.5043
G1 Z0.0000 F2500.0
G4 P0.02
G0 X116.1492 Y-138.3319 F15000.0
G1 Z11.9000 F2500.0
G4 P0.02
G1 X116.0296 Y-136.8952 F12000.0
G1 X116.0343 Y-135.9757
G1 Z0.0000 F2500.0
G4 P0.02
G0 X22.8747 Y-125.6884 F15000.0
G1 Z11.9000 F2500.0
G4 P0.02
G1 X22.1849 Y-123.8494 F12000.0
G1 Z0.0000 F2500.0
G4 P0.02
G0 X40.4606 Y-128.6194 F15000.0
G1 Z11.9000 F2500.0
G4 P0.02
G1 X41.8399 Y-128.5619 F12000.0
G1 X41.7926 Y-128.4414
G1 X41.7207 Y-128.3035
G1 X41.5433 Y-128.0588
G1 X41.1190 Y-127.6088
G1 X40.2768 Y-126.6635
G1 X39.8465 Y-126.2319
G1 X39.7261 Y-126.0978
G1 X39.6161 Y-125.9251
G1 X39.5880 Y-125.8386
G1 X39.5853 Y-125.7546
G1 X39.6135 Y-125.6751
G1 X39.6653 Y-125.6171
G1 X39.7655 Y-125.5733
G1 X39.8955 Y-125.5531
G1 X40.0789 Y-125.5507
G1 X40.6446 Y-125.5795
G1 X41.0353 Y-125.6310
G1 Z0.0000 F2500.0
G4 P0.02
G0 X93.3335 Y-124.5390 F15000.0
G1 Z11.9000 F2500.0
G4 P0.02
G1 X95.1150 Y-124.5390 F12000.0
G1 Z0.0000 F2500.0
G4 P0.02
G0 X96.4369 Y-123.5620 F15000.0
G1 Z11.9000 F2500.0
G4 P0.02
G1 X96.4322 Y-124.4815 F12000.0
G1 X96.5517 Y-125.9183
G1 Z0.0000 F2500.0
G4 P0.02
G0 X133.2179 Y-125.3436 F15000.0
G1 Z11.9000 F2500.0
G4 P0.02
G1 X132.7658 Y-125.2751 F12000.0
G1 X132.4281 Y-125.2672
G1 X132.2976 Y-125.2817
G1 X132.1742 Y-125.3094
G1 X132.0607 Y-125.3527
G1 X131.9603 Y-125.4136
G1 X131.8759 Y-125.4943
G1 X131.8261 Y-125.5680
G1 X131.7830 Y-125.6794
G1 X131.7633 Y-125.8020
G1 X131.7631 Y-125.9318
G1 X131.7785 Y-126.0649
G1 X131.8138 Y-126.2298
G1 X131.8696 Y-126.4153
G1 X132.2979 Y-127.5612
G1 X132.7084 Y-128.7248
G1 X132.8605 Y-129.0424
G1 X133.0205 Y-129.2725
G1 X133.1550 Y-129.4073
G1 X133.3124 Y-129.5204
G1 X133.4787 Y-129.6025
G1 X133.6524 Y-129.6583
G1 X133.8323 Y-129.6928
G1 X134.0480 Y-129.7123
G1 X134.7122 Y-129.7114
G1 Z0.0000 F2500.0
G4 P0.02
G0 X136.2064 Y-129.9987 F15000.0
G1 Z11.9000 F2500.0
G4 P0.02
G1 X135.8885 Y-129.5373 F12000.0
G1 X135.6030 Y-129.0437
G1 X135.3211 Y-128.4675
G1 X135.0621 Y-127.8423
G1 X134.8379 Y-127.2094
G1 X134.6115 Y-126.4635
G1 X134.5545 Y-126.1899
G1 X134.4395 Y-125.4065
G1 X134.3861 Y-125.1971
G1 X134.3099 Y-124.9988
G1 Z0.0000 F2500.0
G4 P0.02
G0 X136.4938 Y-125.2861 F15000.0
G1 Z11.9000 F2500.0
G4 P0.02
G1 X137.6782 Y-128.5045 F12000.0
G1 X138.1604 Y-129.7114
G1 X137.9305 Y-129.4240
G1 X137.7825 Y-129.3846
G1 X137.6373 Y-129.3294
G1 X137.4954 Y-129.2604
G1 X137.3300 Y-129.1627
G1 X137.0172 Y-128.9326
G1 X136.6662 Y-128.6194
G1 Z0.0000 F2500.0
G4 P0.02
G0 X140.3625 Y-127.5166 F15000.0
G1 Z11.9000 F2500.0
G4 P0.02
G1 X140.1298 Y-126.7997 F12000.0
G1 X140.0226 Y-126.5252
G1 X139.9147 Y-126.2916
G1 X139.7915 Y-126.0719
G1 X139.6690 Y-125.8946
G1 X139.5307 Y-125.7342
G1 X139.3982 Y-125.6122
G1 X139.1989 Y-125.4751
G1 X139.0014 Y-125.3821
G1 X138.7802 Y-125.3172
G1 X138.5623 Y-125.2867
G1 X138.3860 Y-125.2903
G1 X138.2021 Y-125.3317
G1 X138.0736 Y-125.3955
G1 X137.9509 Y-125.5047
G1 X137.8648 Y-125.6469
G1 X137.8176 Y-125.8194
G1 X137.8117 Y-126.0197
G1 X137.8397 Y-126.2056
G1 X137.9437 Y-126.5639
G1 X138.2925 Y-127.4630
G1 X138.6142 Y-128.4348
G1 X138.7961 Y-128.8555
G1 X138.8890 Y-129.0222
G1 X138.9933 Y-129.1772
G1 X139.1102 Y-129.3177
G1 X139.2187 Y-129.4217
G1 X139.3379 Y-129.5125
G1 X139.4689 Y-129.5882
G1 X139.6428 Y-129.6573
G1 X139.8529 Y-129.7027
G1 X140.0714 Y-129.7182
G1 X140.3038 Y-129.7031
G1 X140.4957 Y-129.6584
G1 X140.6387 Y-129.5939
G1 X140.7570 Y-129.5012
G1 X140.8418 Y-129.3766
G1 X140.8793 Y-129.2516
G1 X140.8882 Y-129.1367
G1 X140.8805 Y-129.0163
G1 X140.8511 Y-128.8609
G1 X140.7717 Y-128.6067
G1 X140.5382 Y-128.0393
G1 X140.4103 Y-127.6683
G1 X140.3625 Y-127.5166
G1 Z0.0000 F2500.0
G4 P0.02
G0 X140.8040 Y-125.3436 F15000.0
G1 Z11.9000 F2500.0
G4 P0.02
G1 X140.2868 Y-124.5965 F12000.0
G1 Z0.0000 F2500.0
G4 P0.02
G0 X142.5282 Y-126.8379 F15000.0
G1 Z11.9000 F2500.0
G4 P0.02
G1 X144.3097 Y-126.8379 F12000.0
G1 Z0.0000 F2500.0
G4 P0.02
G0 X145.6316 Y-125.2861 F15000.0
G1 Z11.9000 F2500.0
G4 P0.02
G1 X146.8160 Y-128.5045 F12000.0
G1 X147.2982 Y-129.7114
G1 X147.0683 Y-129.4240
G1 X146.9203 Y-129.3846
G1 X146.7751 Y-129.3294
G1 X146.6333 Y-129.2604
G1 X146.4678 Y-129.1627
G1 X146.1550 Y-128.9326
G1 X145.8040 Y-128.6194
G1 Z0.0000 F2500.0
G4 P0.02
G0 X149.5003 Y-127.5166 F15000.0
G1 Z11.9000 F2500.0
G4 P0.02
G1 X149.2676 Y-126.7997 F12000.0
G1 X149.1605 Y-126.5252
G1 X149.0525 Y-126.2916
G1 X148.9293 Y-126.0719
G1 X148.8068 Y-125.8946
G1 X148.6685 Y-125.7342
G1 X148.5360 Y-125.6122
G1 X148.3368 Y-125.4751
G1 X148.1392 Y-125.3821
G1 X147.9180 Y-125.3172
G1 X147.7001 Y-125.2867
G1 X147.5238 Y-125.2903
G1 X147.3399 Y-125.3317
G1 X147.2113 Y-125.3955
G1 X147.0887 Y-125.5047
G1 X147.0026 Y-125.6469
G1 X146.9554 Y-125.8194
G1 X146.9494 Y-126.0197
G1 X146.9775 Y-126.2056
G1 X147.0815 Y-126.5639
G1 X147.4303 Y-127.4630
G1 X147.7521 Y-128.4348
G1 X147.9339 Y-128.8555
G1 X148.0268 Y-129.0222
G1 X148.1310 Y-129.1772
G1 X148.2480 Y-129.3177
G1 X148.3565 Y-129.4217
G1 X148.4757 Y-129.5125
G1 X148.6067 Y-129.5882
G1 X148.7806 Y-129.6573
G1 X148.9907 Y-129.7027
G1 X149.2092 Y-129.7182
G1 X149.4416 Y-129.7031
G1 X149.6335 Y-129.6584
G1 X149.7766 Y-129.5939
G1 X149.8949 Y-129.5012
G1 X149.9796 Y-129.3766
G1 X150.0171 Y-129.2516
G1 X150.0260 Y-129.1367
G1 X150.0182 Y-129.0163
G1 X149.9890 Y-128.8609
G1 X149.9095 Y-128.6067
G1 X149.6759 Y-128.0393
G1 X149.5481 Y-127.6683
G1 X149.5003 Y-127.5166
G1 Z0.0000 F2500.0
G4 P0.02
G0 X149.9993 Y-125.3436 F15000.0
G1 Z11.9000 F2500.0
G4 P0.02
G1 X149.4821 Y-124.5965 F12000.0
G1 Z0.0000 F2500.0
G4 P0.02
G0 X151.7235 Y-126.8379 F15000.0
G1 Z11.9000 F2500.0
G4 P0.02
G1 X153.5050 Y-126.8379 F12000.0
G1 Z0.0000 F2500.0
G4 P0.02
G0 X154.8269 Y-125.2861 F15000.0
G1 Z11.9000 F2500.0
G4 P0.02
G1 X156.0113 Y-128.5045 F12000.0
G1 X156.4935 Y-129.7114
G1 X156.2636 Y-129.4240
G1 X156.1156 Y-129.3846
G1 X155.9704 Y-129.3294
G1 X155.8285 Y-129.2604
G1 X155.6631 Y-129.1627
G1 X155.3503 Y-128.9326
G1 X154.9992 Y-128.6194
G1 Z0.0000 F2500.0
G4 P0.02
G0 X158.6956 Y-127.5166 F15000.0
G1 Z11.9000 F2500.0
G4 P0.02
G1 X158.4629 Y-126.7997 F12000.0
G1 X158.3557 Y-126.5252
G1 X158.2477 Y-126.2916
G1 X158.1246 Y-126.0719
G1 X158.0021 Y-125.8946
G1 X157.8638 Y-125.7342
G1 X157.7313 Y-125.6122
G1 X157.5320 Y-125.4751
G1 X157.3345 Y-125.3821
G1 X157.1133 Y-125.3172
G1 X156.8954 Y-125.2867
G1 X156.7191 Y-125.2903
G1 X156.5352 Y-125.3317
G1 X156.4066 Y-125.3955
G1 X156.2839 Y-125.5047
G1 X156.1979 Y-125.6469
G1 X156.1507 Y-125.8194
G1 X156.1447 Y-126.0197
G1 X156.1728 Y-126.2056
G1 X156.2768 Y-126.5639
G1 X156.6256 Y-127.4630
G1 X156.9474 Y-128.4348
G1 X157.1291 Y-128.8555
G1 X157.2221 Y-129.0222
G1 X157.3263 Y-129.1772
G1 X157.4433 Y-129.3177
G1 X157.5517 Y-129.4217
G1 X157.6710 Y-129.5125
G1 X157.8020 Y-129.5882
G1 X157.9759 Y-129.6573
G1 X158.1860 Y-129.7027
G1 X158.4044 Y-129.7182
G1 X158.6369 Y-129.7031
G1 X158.8288 Y-129.6584
G1 X158.9719 Y-129.5939
G1 X159.0901 Y-129.5012
G1 X159.1749 Y-129.3766
G1 X159.2124 Y-129.2516
G1 X159.2213 Y-129.1367
G1 X159.2135 Y-129.0163
G1 X159.1843 Y-128.8609
G1 X159.1048 Y-128.6067
G1 X158.8712 Y-128.0393
G1 X158.7434 Y-127.6683
G1 X158.6956 Y-127.5166
G1 Z0.0000 F2500.0
G4 P0.02
G0 X158.6774 Y-124.9413 F15000.0
G1 Z11.9000 F2500.0
G4 P0.02
G1 X159.4371 Y-126.1482 F12000.0
G1 X160.4095 Y-128.8493
G1 X160.6314 Y-129.9987
G1 Z0.0000 F2500.0
G4 P0.02
G0 X21.6103 Y-124.8264 F15000.0
G1 Z11.9000 F2500.0
G4 P0.02
G1 X20.9460 Y-124.8273 F12000.0
G1 X20.7302 Y-124.8078
G1 X20.5504 Y-124.7734
G1 X20.3766 Y-124.7175
G1 X20.2104 Y-124.6354
G1 X20.0529 Y-124.5224
G1 X19.9186 Y-124.3875
G1 X19.7584 Y-124.1574
G1 X19.6064 Y-123.8398
G1 X19.1960 Y-122.6763
G1 X18.7677 Y-121.5304
G1 X18.7119 Y-121.3449
G1 X18.6766 Y-121.1799
G1 X18.6612 Y-121.0468
G1 X18.6615 Y-120.9169
G1 X18.6812 Y-120.7944
G1 X18.7243 Y-120.6830
G1 X18.7741 Y-120.6092
G1 X18.8585 Y-120.5286
G1 X18.9589 Y-120.4676
G1 X19.0724 Y-120.4244
G1 X19.1959 Y-120.3967
G1 X19.3263 Y-120.3822
G1 X19.6640 Y-120.3901
G1 X20.1160 Y-120.4586
G1 Z0.0000 F2500.0
G4 P0.02
G0 X23.4937 Y-120.1042 F15000.0
G1 Z11.9000 F2500.0
G4 P0.02
G1 X23.5741 Y-120.8284 F12000.0
G1 X23.8960 Y-121.3917
G1 X24.4594 Y-121.7136
G1 X25.1032 Y-121.7941
G1 X25.7470 Y-121.5526
G1 X26.1494 Y-121.0698
G1 X26.3104 Y-120.4261
G1 X26.3104 Y-120.2651
G1 X26.1494 Y-119.6214
G1 X25.6665 Y-119.1386
G1 X25.0227 Y-118.9777
G1 X24.2984 Y-119.1386
G1 X23.8155 Y-119.5409
G1 X23.4937 Y-120.1042
G1 Z0.0000 F2500.0
G4 P0.02
G0 X25.0010 Y-118.9069 F15000.0
G1 Z11.9000 F2500.0
G4 P0.02
G1 X25.3412 Y-118.9886 F12000.0
G1 X25.5980 Y-119.0855
G1 X25.8062 Y-119.2043
G1 X25.9923 Y-119.3623
G1 X26.1530 Y-119.5672
G1 X26.2588 Y-119.7724
G1 X26.3288 Y-120.0177
G1 X26.3489 Y-120.2691
G1 X26.3413 Y-120.3950
G1 X26.3164 Y-120.5511
G1 X26.2303 Y-120.8230
G1 X26.0960 Y-121.0753
G1 X25.9187 Y-121.2986
G1 X25.7035 Y-121.4834
G1 X25.4847 Y-121.6077
G1 X25.3363 Y-121.6632
G1 X25.2121 Y-121.6940
G1 X24.9622 Y-121.7155
G1 X24.8389 Y-121.7069
G1 X24.6859 Y-121.6797
G1 X24.4185 Y-121.5880
G1 X24.1694 Y-121.4472
G1 X23.9482 Y-121.2645
G1 X23.7643 Y-121.0468
G1 X23.6818 Y-120.9133
G1 X23.6273 Y-120.8012
G1 X23.5526 Y-120.5650
G1 X23.5340 Y-120.4424
G1 X23.5290 Y-120.3173
G1 X23.5385 Y-120.1906
G1 X23.5634 Y-120.0629
G1 X23.6009 Y-119.9437
G1 X23.6610 Y-119.8059
G1 X23.7374 Y-119.6697
G1 X23.8282 Y-119.5382
G1 X24.0212 Y-119.3222
G1 X24.2167 Y-119.1638
G1 X24.4263 Y-119.0488
G1 X24.5755 Y-119.0022
G1 X24.8822 Y-118.9418
G1 X25.0010 Y-118.9069
G1 X24.9375 Y-118.6462
G1 X24.9148 Y-118.3297
G1 X24.9435 Y-117.4993
G1 Z0.0000 F2500.0
G4 P0.02
G0 X24.9436 Y-114.4242 F15000.0
G1 Z11.9000 F2500.0
G4 P0.02
G1 X24.9081 Y-113.5563 F12000.0
G1 X24.9174 Y-113.3579
G1 X24.9447 Y-113.1700
G1 X24.9950 Y-112.9986
G1 X25.0584 Y-112.8725
G1 X25.1333 Y-112.9812
G1 X25.1843 Y-113.0908
G1 X25.3031 Y-113.5303
G1 X25.4600 Y-113.9744
G1 X25.6450 Y-114.4572
G1 X25.8259 Y-114.8685
G1 X25.9680 Y-115.1448
G1 X26.1997 Y-115.5414
G1 X26.4522 Y-115.9405
G1 X26.6677 Y-116.2581
G1 X26.9527 Y-116.6479
G1 X27.2737 Y-117.0490
G1 X27.5672 Y-117.3820
G1 X27.8709 Y-117.6934
G1 X28.1421 Y-117.9425
G1 X28.4338 Y-118.1810
G1 X28.7917 Y-118.4419
G1 X29.1634 Y-118.6861
G1 X29.7629 Y-119.0410
G1 X30.6658 Y-119.5455
G1 X30.9185 Y-119.6731
G1 X31.2122 Y-119.7826
G1 X31.8279 Y-119.9401
G1 X32.0392 Y-120.0050
G1 X32.2097 Y-120.0741
G1 X32.5124 Y-120.2301
G1 X32.6901 Y-120.2839
G1 X32.7795 Y-120.2868
G1 X32.8681 Y-120.2672
G1 X32.9322 Y-120.2303
G1 X32.9910 Y-120.1721
G1 X33.0952 Y-120.0102
G1 X33.3171 Y-119.5511
G1 X33.4017 Y-119.4385
G1 X33.5118 Y-119.3271
G1 X33.6336 Y-119.2276
G1 X33.7928 Y-119.1250
G1 X33.9636 Y-119.0419
G1 X34.1126 Y-118.9885
G1 X34.3279 Y-118.9396
G1 X34.5156 Y-118.9229
G1 X34.7340 Y-118.9350
G1 X34.9174 Y-118.9739
G1 X35.0943 Y-119.0403
G1 X35.2615 Y-119.1358
G1 X35.4123 Y-119.2579
G1 X35.5389 Y-119.3992
G1 X35.6415 Y-119.5567
G1 X35.7202 Y-119.7272
G1 X35.7757 Y-119.9074
G1 X35.8112 Y-120.1261
G1 X35.8171 Y-120.3170
G1 X35.7955 Y-120.5395
G1 X35.7441 Y-120.7570
G1 X35.6765 Y-120.9357
G1 X35.5876 Y-121.1040
G1 X35.4975 Y-121.2339
G1 X35.3703 Y-121.3749
G1 X35.2556 Y-121.4697
G1 X35.0937 Y-121.5594
G1 X34.9096 Y-121.6305
G1 X34.6882 Y-121.6896
G1 X34.4836 Y-121.7230
G1 X34.4836 Y-125.4010
G1 Z0.0000 F2500.0
G4 P0.02
G0 X24.9422 Y-120.4261 F15000.0
G1 Z11.9000 F2500.0
G4 P0.02
G1 X34.4386 Y-120.4261 F12000.0
G1 X32.6681 Y-120.2651
G1 X30.9780 Y-119.7823
G1 X29.4489 Y-118.9777
G1 X28.0004 Y-117.9316
G1 Z0.0000 F2500.0
G4 P0.02
G0 X25.1501 Y-120.3493 F15000.0
G1 Z11.9000 F2500.0
G4 P0.02
G1 X25.0661 Y-120.3279 F12000.0
G1 X24.9986 Y-120.2827
G1 X24.9675 Y-120.2353
G1 X24.9448 Y-120.1500
G1 X24.9436 Y-118.9644
G1 Z0.0000 F2500.0
G4 P0.02
G0 X30.7481 Y-120.3436 F15000.0
G1 Z11.9000 F2500.0
G4 P0.02
G1 X31.7088 Y-120.3843 F12000.0
G1 X31.9387 Y-120.3717
G1 X32.1236 Y-120.3424
G1 X32.2916 Y-120.2913
G1 X32.4147 Y-120.2287
G1 Z0.0000 F2500.0
G4 P0.02
G0 X33.0704 Y-120.8284 F15000.0
G1 Z11.9000 F2500.0
G4 P0.02
G1 X32.9899 Y-120.1042 F12000.0
G1 X33.3119 Y-119.5409
G1 X33.7947 Y-119.1386
G1 X34.5191 Y-118.9777
G1 Z0.0000 F2500.0
G4 P0.02
G0 X33.0991 Y-120.5850 F15000.0
G1 Z11.9000 F2500.0
G4 P0.02
G1 X33.0468 Y-120.2862 F12000.0
G1 X34.4836 Y-121.6080
G1 X34.5994 Y-121.7941
G1 X33.9557 Y-121.7136
G1 X33.3923 Y-121.3917
G1 X33.0704 Y-120.8284
G1 Z0.0000 F2500.0
G4 P0.02
G0 X34.4836 Y-120.2862 F15000.0
G1 Z11.9000 F2500.0
G4 P0.02
G1 X34.4262 Y-118.9644 F12000.0
G1 X34.5191 Y-118.9777
G1 X35.1628 Y-119.1386
G1 X35.6457 Y-119.6214
G1 X35.8066 Y-120.2651
G1 X35.8066 Y-120.4261
G1 X35.6457 Y-121.0698
G1 X35.2433 Y-121.5526
G1 X34.5994 Y-121.7941
G1 Z0.0000 F2500.0
G4 P0.02
G0 X38.1617 Y-119.7115 F15000.0
G1 Z11.9000 F2500.0
G4 P0.02
G1 X37.7097 Y-119.6430 F12000.0
G1 X37.3721 Y-119.6351
G1 X37.2416 Y-119.6495
G1 X37.1181 Y-119.6774
G1 X37.0047 Y-119.7206
G1 X36.9043 Y-119.7814
G1 X36.8198 Y-119.8621
G1 X36.7700 Y-119.9359
G1 X36.7270 Y-120.0472
G1 X36.7072 Y-120.1698
G1 X36.7069 Y-120.2996
G1 X36.7223 Y-120.4328
G1 X36.7576 Y-120.5977
G1 X36.8134 Y-120.7832
G1 X37.2417 Y-121.9292
G1 X37.6521 Y-123.0927
G1 X37.8042 Y-123.4102
G1 X37.9644 Y-123.6404
G1 X38.0988 Y-123.7753
G1 X38.2562 Y-123.8882
G1 X38.4225 Y-123.9704
G1 X38.5962 Y-124.0262
G1 X38.7761 Y-124.0606
G1 X38.9918 Y-124.0802
G1 X39.6560 Y-124.0793
G1 Z0.0000 F2500.0
G4 P0.02
G0 X40.0583 Y-120.4586 F15000.0
G1 Z11.9000 F2500.0
G4 P0.02
G1 X39.9124 Y-120.2572 F12000.0
G1 X39.5589 Y-119.7115
G1 X39.2680 Y-119.3605
G1 X39.0368 Y-118.9157
G1 X38.9413 Y-118.7634
G1 X38.8645 Y-118.6741
G1 X38.7726 Y-118.5980
G1 X38.6619 Y-118.5378
G1 X38.5641 Y-118.5046
G1 Z0.0000 F2500.0
G4 P0.02
G0 X39.2537 Y-119.4241 F15000.0
G1 Z11.9000 F2500.0
G4 P0.02
G1 X39.2537 Y-120.4011 F12000.0
G1 Z0.0000 F2500.0
G4 P0.02
G0 X67.1122 Y-120.0238 F15000.0
G1 Z11.9000 F2500.0
G4 P0.02
G1 X97.2912 Y-120.0238 F12000.0
G1 Z0.0000 F2500.0
G4 P0.02
G0 X94.9426 Y-121.6080 F15000.0
G1 Z11.9000 F2500.0
G4 P0.02
G1 X95.4598 Y-121.8075 F12000.0
G1 X96.2115 Y-122.8724
G1 X96.4081 Y-123.4453
G1 X96.7995 Y-123.7936
G1 X98.2759 Y-126.0908
G1 Z0.0000 F2500.0
G4 P0.02
G0 X97.2912 Y-120.0238 F15000.0
G1 Z11.9000 F2500.0
G4 P0.02
G1 X97.2912 Y-116.4831 F12000.0
G1 Z0.0000 F2500.0
G4 P0.02
G0 X107.1838 Y-115.5736 F15000.0
G1 Z11.9000 F2500.0
G4 P0.02
G1 X106.7315 Y-115.5051 F12000.0
G1 X106.3940 Y-115.4972
G1 X106.2635 Y-115.5116
G1 X106.1401 Y-115.5395
G1 X106.0266 Y-115.5827
G1 X105.9262 Y-115.6435
G1 X105.8418 Y-115.7242
G1 X105.7920 Y-115.7980
G1 X105.7489 Y-115.9093
G1 X105.7292 Y-116.0319
G1 X105.7290 Y-116.1618
G1 X105.7444 Y-116.2949
G1 X105.7797 Y-116.4598
G1 X105.8355 Y-116.6453
G1 X106.2638 Y-117.7913
G1 X106.6742 Y-118.9548
G1 X106.8263 Y-119.2724
G1 X106.9864 Y-119.5026
G1 X107.1209 Y-119.6374
G1 X107.2782 Y-119.7505
G1 X107.4446 Y-119.8325
G1 X107.6183 Y-119.8883
G1 X107.7982 Y-119.9228
G1 X108.0139 Y-119.9423
G1 X108.6780 Y-119.9414
G1 Z0.0000 F2500.0
G4 P0.02
G0 X133.2179 Y-118.5621 F15000.0
G1 Z11.9000 F2500.0
G4 P0.02
G1 X132.7658 Y-118.4936 F12000.0
G1 X132.4281 Y-118.4857
G1 X132.2976 Y-118.5001
G1 X132.1742 Y-118.5279
G1 X132.0607 Y-118.5711
G1 X131.9603 Y-118.6320
G1 X131.8759 Y-118.7127
G1 X131.8261 Y-118.7865
G1 X131.7830 Y-118.8978
G1 X131.7633 Y-119.0204
G1 X131.7631 Y-119.1502
G1 X131.7785 Y-119.2834
G1 X131.8138 Y-119.4483
G1 X131.8696 Y-119.6338
G1 X132.2979 Y-120.7798
G1 X132.7084 Y-121.9433
G1 X132.8605 Y-122.2609
G1 X133.0205 Y-122.4910
G1 X133.1550 Y-122.6258
G1 X133.3124 Y-122.7389
G1 X133.4787 Y-122.8210
G1 X133.6524 Y-122.8768
G1 X133.8323 Y-122.9112
G1 X134.0480 Y-122.9308
G1 X134.7122 Y-122.9299
G1 Z0.0000 F2500.0
G4 P0.02
G0 X137.0684 Y-120.9184 F15000.0
G1 Z11.9000 F2500.0
G4 P0.02
G1 X136.9504 Y-120.7315 F12000.0
G1 X136.8575 Y-120.5336
G1 X136.4815 Y-119.4987
G1 X136.4438 Y-119.3146
G1 X136.4330 Y-119.1233
G1 X136.4405 Y-118.9701
G1 X136.4742 Y-118.8278
G1 X136.5456 Y-118.7002
G1 X136.6376 Y-118.6110
G1 X136.7606 Y-118.5411
G1 X136.8980 Y-118.4989
G1 X137.0840 Y-118.4724
G1 X137.2845 Y-118.4659
G1 X138.0454 Y-118.5046
G1 Z0.0000 F2500.0
G4 P0.02
G0 X138.2179 Y-120.8609 F15000.0
G1 Z11.9000 F2500.0
G4 P0.02
G1 X137.2867 Y-120.8585 F12000.0
G1 X137.1692 Y-120.8869
G1 X137.1222 Y-120.9232
G1 X137.0916 Y-120.9726
G1 X137.0769 Y-121.0616
G1 X137.0981 Y-121.1946
G1 X137.2960 Y-121.7616
G1 X137.4582 Y-122.1416
G1 X137.6210 Y-122.4098
G1 X137.7620 Y-122.5758
G1 X137.9305 Y-122.7178
G1 X138.1169 Y-122.8215
G1 X138.3202 Y-122.8906
G1 X138.5676 Y-122.9353
G1 X138.8251 Y-122.9523
G1 X139.7121 Y-122.9299
G1 Z0.0000 F2500.0
G4 P0.02
G0 X142.7006 Y-122.8724 F15000.0
G1 Z11.9000 F2500.0
G4 P0.02
G1 X141.7620 Y-120.2862 F12000.0
G1 X141.0914 Y-118.5046
G1 Z0.0000 F2500.0
G4 P0.02
G0 X142.1258 Y-118.5046 F15000.0
G1 Z11.9000 F2500.0
G4 P0.02
G1 X142.7965 Y-120.2862 F12000.0
G1 X143.7351 Y-122.8724
G1 Z0.0000 F2500.0
G4 P0.02
G0 X144.7121 Y-122.8724 F15000.0
G1 Z11.9000 F2500.0
G4 P0.02
G1 X143.7735 Y-120.2862 F12000.0
G1 Z0.0000 F2500.0
G4 P0.02
G0 X146.1488 Y-118.5046 F15000.0
G1 Z11.9000 F2500.0
G4 P0.02
G1 X146.3167 Y-118.8346 F12000.0
G1 X146.4847 Y-119.2447
G1 X146.9697 Y-120.6836
G1 X147.1077 Y-121.1514
G1 X147.1677 Y-121.3022
G1 X147.2425 Y-121.4312
G1 X147.3256 Y-121.5129
G1 X147.3819 Y-121.5373
G1 X147.4765 Y-121.5535
G1 X147.7240 Y-121.5508
G1 X148.2015 Y-121.5721
G1 X148.4756 Y-121.5483
G1 X148.5672 Y-121.5237
G1 X148.6485 Y-121.4878
G1 X148.7165 Y-121.4387
G1 X148.7687 Y-121.3747
G1 X148.7932 Y-121.3229
G1 X148.8123 Y-121.2338
G1 X148.7993 Y-121.0515
G1 X148.7543 Y-120.8965
G1 X148.6011 Y-120.5161
G1 X148.1560 Y-119.2288
G1 X148.0156 Y-118.8764
G1 X147.8729 Y-118.5621
G1 Z0.0000 F2500.0
G4 P0.02
G0 X149.4246 Y-117.1253 F15000.0
G1 Z11.9000 F2500.0
G4 P0.02
G1 X149.8902 Y-117.1218 F12000.0
G1 X150.1792 Y-117.1368
G1 X150.4282 Y-117.1784
G1 X150.6319 Y-117.2464
G1 X150.8153 Y-117.3527
G1 X150.9514 Y-117.4803
G1 X151.0747 Y-117.6674
G1 X151.1678 Y-117.8977
G1 X151.3211 Y-118.5046
G1 X150.3058 Y-118.5045
G1 X150.1487 Y-118.5177
G1 X150.0345 Y-118.5614
G1 X149.9608 Y-118.6259
G1 X149.8995 Y-118.7333
G1 X149.8757 Y-118.8515
G1 X149.8923 Y-119.0392
G1 X149.9569 Y-119.2563
G1 X150.6522 Y-121.1921
G1 X150.7521 Y-121.4210
G1 X150.8614 Y-121.6080
G1 Z0.0000 F2500.0
G4 P0.02
G0 X152.4706 Y-121.4931 F15000.0
G1 Z11.9000 F2500.0
G4 P0.02
G1 X151.6884 Y-119.3666 F12000.0
G1 X151.3211 Y-118.5046
G1 Z0.0000 F2500.0
G4 P0.02
G0 X14.0241 Y-117.4701 F15000.0
G1 Z11.9000 F2500.0
G4 P0.02
G1 X13.3599 Y-117.4711 F12000.0
G1 X13.1442 Y-117.4516
G1 X12.9643 Y-117.4171
G1 X12.7906 Y-117.3612
G1 X12.6243 Y-117.2792
G1 X12.4669 Y-117.1661
G1 X12.3324 Y-117.0314
G1 X12.1724 Y-116.8012
G1 X12.0203 Y-116.4835
G1 X11.6099 Y-115.3201
G1 X11.1816 Y-114.1741
G1 X11.1257 Y-113.9886
G1 X11.0905 Y-113.8237
G1 X11.0751 Y-113.6906
G1 X11.0754 Y-113.5608
G1 X11.0951 Y-113.4382
G1 X11.1383 Y-113.3268
G1 X11.1881 Y-113.2530
G1 X11.2725 Y-113.1723
G1 X11.3729 Y-113.1115
G1 X11.4863 Y-113.0682
G1 X11.6097 Y-113.0405
G1 X11.7403 Y-113.0260
G1 X12.0778 Y-113.0338
G1 X12.5299 Y-113.1023
G1 Z0.0000 F2500.0
G4 P0.02
G0 X11.7440 Y-110.9308 F15000.0
G1 Z11.9000 F2500.0
G4 P0.02
G1 X58.3402 Y-110.9308 F12000.0
G1 Z0.0000 F2500.0
G4 P0.02
G0 X13.7368 Y-113.2748 F15000.0
G1 Z11.9000 F2500.0
G4 P0.02
G1 X13.1046 Y-112.5277 F12000.0
G1 Z0.0000 F2500.0
G4 P0.02
G0 X13.5644 Y-109.7116 F15000.0
G1 Z11.9000 F2500.0
G4 P0.02
G1 X13.7368 Y-108.5622 F12000.0
G1 Z0.0000 F2500.0
G4 P0.02
G0 X13.6219 Y-113.7921 F15000.0
G1 Z11.9000 F2500.0
G4 P0.02
G1 X13.7368 Y-113.2748 F12000.0
G1 X14.3115 Y-113.8495
G1 Z0.0000 F2500.0
G4 P0.02
G0 X13.6794 Y-113.0449 F15000.0
G1 Z11.9000 F2500.0
G4 P0.02
G1 X13.8518 Y-112.5852 F12000.0
G1 Z0.0000 F2500.0
G4 P0.02
G0 X15.1735 Y-114.0793 F15000.0
G1 Z11.9000 F2500.0
G4 P0.02
G1 X16.8403 Y-114.0793 F12000.0
G1 Z0.0000 F2500.0
G4 P0.02
G0 X17.2425 Y-115.1138 F15000.0
G1 Z11.9000 F2500.0
G4 P0.02
G1 X15.6334 Y-115.0564 F12000.0
G1 Z0.0000 F2500.0
G4 P0.02
G0 X19.1390 Y-113.1023 F15000.0
G1 Z11.9000 F2500.0
G4 P0.02
G1 X18.6870 Y-113.0338 F12000.0
G1 X18.3493 Y-113.0260
G1 X18.2189 Y-113.0405
G1 X18.0954 Y-113.0682
G1 X17.9819 Y-113.1115
G1 X17.8816 Y-113.1723
G1 X17.7971 Y-113.2530
G1 X17.7473 Y-113.3268
G1 X17.7042 Y-113.4382
G1 X17.6845 Y-113.5608
G1 X17.6842 Y-113.6906
G1 X17.6996 Y-113.8237
G1 X17.7349 Y-113.9886
G1 X17.7906 Y-114.1741
G1 X18.2189 Y-115.3201
G1 X18.6294 Y-116.4835
G1 X18.7814 Y-116.8012
G1 X18.9416 Y-117.0314
G1 X19.0759 Y-117.1661
G1 X19.2334 Y-117.2792
G1 X19.3996 Y-117.3612
G1 X19.5734 Y-117.4171
G1 X19.7532 Y-117.4516
G1 X19.9690 Y-117.4711
G1 X20.6333 Y-117.4701
G1 Z0.0000 F2500.0
G4 P0.02
G0 X21.0355 Y-113.8495 F15000.0
G1 Z11.9000 F2500.0
G4 P0.02
G1 X20.8896 Y-113.6481 F12000.0
G1 X20.5359 Y-113.1023
G1 X20.2454 Y-112.7514
G1 X20.0143 Y-112.3067
G1 X19.9187 Y-112.1542
G1 X19.8419 Y-112.0650
G1 X19.7500 Y-111.9889
G1 X19.6392 Y-111.9286
G1 X19.5413 Y-111.8955
G1 Z0.0000 F2500.0
G4 P0.02
G0 X20.2309 Y-112.8151 F15000.0
G1 Z11.9000 F2500.0
G4 P0.02
G1 X20.2309 Y-113.7921 F12000.0
G1 Z0.0000 F2500.0
G4 P0.02
G0 X23.5741 Y-111.3332 F15000.0
G1 Z11.9000 F2500.0
G4 P0.02
G1 X23.4937 Y-110.6090 F12000.0
G1 X23.8155 Y-110.0456
G1 X24.2984 Y-109.6433
G1 X25.0227 Y-109.4824
G1 X25.6665 Y-109.6433
G1 X26.1494 Y-110.1261
G1 X26.3104 Y-110.7698
G1 X26.3104 Y-110.9308
G1 X26.1494 Y-111.5746
G1 X25.7470 Y-112.0574
G1 X25.1032 Y-112.2988
G1 X24.4594 Y-112.2183
G1 X23.8960 Y-111.8964
G1 X23.5741 Y-111.3332
G1 Z0.0000 F2500.0
G4 P0.02
G0 X24.5332 Y-110.8323 F15000.0
G1 Z11.9000 F2500.0
G4 P0.02
G1 X24.4829 Y-110.6776 F12000.0
G1 X24.3513 Y-110.5820
G1 X24.1887 Y-110.5820
G1 X24.0571 Y-110.6776
G1 X24.0068 Y-110.8323
G1 X24.0571 Y-110.9870
G1 X24.1887 Y-111.0826
G1 X24.3513 Y-111.0826
G1 X24.4829 Y-110.9870
G1 X24.5332 Y-110.8323
G1 Z0.0000 F2500.0
G4 P0.02
G0 X24.9422 Y-110.9308 F15000.0
G1 Z11.9000 F2500.0
G4 P0.02
G1 X24.9422 Y-120.4261 F12000.0
G1 Z0.0000 F2500.0
G4 P0.02
G0 X25.2642 Y-113.5862 F15000.0
G1 Z11.9000 F2500.0
G4 P0.02
G1 X24.9422 Y-111.8159 F12000.0
G1 Z0.0000 F2500.0
G4 P0.02
G0 X25.2642 Y-113.5862 F15000.0
G1 Z11.9000 F2500.0
G4 P0.02
G1 X25.9079 Y-115.1957 F12000.0
G1 X26.8737 Y-116.6440
G1 X28.0004 Y-117.9316
G1 Z0.0000 F2500.0
G4 P0.02
G0 X33.0704 Y-111.3332 F15000.0
G1 Z11.9000 F2500.0
G4 P0.02
G1 X32.9899 Y-110.6090 F12000.0
G1 X33.3119 Y-110.0456
G1 X33.7947 Y-109.6433
G1 X34.5191 Y-109.4824
G1 Z0.0000 F2500.0
G4 P0.02
G0 X34.4262 Y-112.1828 F15000.0
G1 Z11.9000 F2500.0
G4 P0.02
G1 X34.3019 Y-112.1761 F12000.0
G1 X34.1482 Y-112.1507
G1 X34.0277 Y-112.1176
G1 X33.8810 Y-112.0614
G1 X33.6339 Y-111.9218
G1 X33.5089 Y-111.8250
G1 X33.3947 Y-111.7161
G1 X33.2213 Y-111.4931
G1 X33.1460 Y-111.3565
G1 X33.0979 Y-111.2415
G1 X33.0543 Y-111.0919
G1 X33.0336 Y-110.9682
G1 X33.0266 Y-110.8416
G1 X33.0340 Y-110.7126
G1 X33.0567 Y-110.5820
G1 X33.0936 Y-110.4550
G1 X33.1408 Y-110.3367
G1 X33.2141 Y-110.1968
G1 X33.3815 Y-109.9697
G1 X33.4919 Y-109.8582
G1 X33.6128 Y-109.7580
G1 X33.8528 Y-109.6077
G1 X33.9961 Y-109.5421
G1 X34.1447 Y-109.4901
G1 X34.2973 Y-109.4521
G1 X34.4524 Y-109.4289
G1 X34.5906 Y-109.4216
G1 X34.7270 Y-109.4291
G1 X34.9477 Y-109.4762
G1 X35.1452 Y-109.5626
G1 X35.3412 Y-109.7028
G1 X35.5045 Y-109.8804
G1 X35.6339 Y-110.0879
G1 X35.7374 Y-110.3480
G1 X35.7948 Y-110.6262
G1 X35.8057 Y-110.8803
G1 X35.7713 Y-111.1641
G1 X35.6978 Y-111.4064
G1 X35.5962 Y-111.6040
G1 X35.4388 Y-111.7985
G1 X35.2460 Y-111.9588
G1 X35.0268 Y-112.0845
G1 X34.7599 Y-112.1845
G1 X34.4836 Y-112.2403
G1 X34.4836 Y-118.8495
G1 Z0.0000 F2500.0
G4 P0.02
G0 X33.3923 Y-111.8964 F15000.0
G1 Z11.9000 F2500.0
G4 P0.02
G1 X33.0704 Y-111.3332 F12000.0
G1 Z0.0000 F2500.0
G4 P0.02
G0 X33.3923 Y-111.8964 F15000.0
G1 Z11.9000 F2500.0
G4 P0.02
G1 X33.9557 Y-112.2183 F12000.0
G1 X34.5994 Y-112.2988
G1 X34.4836 Y-112.1253
G1 X34.4836 Y-110.4013
G1 X34.4262 Y-109.4817
G1 X34.5191 Y-109.4824
G1 X35.1628 Y-109.6433
G1 X35.6457 Y-110.1261
G1 X35.8066 Y-110.7698
G1 X35.8066 Y-110.9308
G1 X35.6457 Y-111.5746
G1 X35.2433 Y-112.0574
G1 X34.5994 Y-112.2988
G1 Z0.0000 F2500.0
G4 P0.02
G0 X39.2720 Y-114.2984 F15000.0
G1 Z11.9000 F2500.0
G4 P0.02
G1 X39.0392 Y-113.5815 F12000.0
G1 X38.9321 Y-113.3070
G1 X38.8241 Y-113.0733
G1 X38.7009 Y-112.8537
G1 X38.5784 Y-112.6764
G1 X38.4402 Y-112.5160
G1 X38.3076 Y-112.3940
G1 X38.1083 Y-112.2569
G1 X37.9109 Y-112.1639
G1 X37.6896 Y-112.0990
G1 X37.4717 Y-112.0685
G1 X37.2954 Y-112.0720
G1 X37.1115 Y-112.1136
G1 X36.9829 Y-112.1773
G1 X36.8602 Y-112.2864
G1 X36.7741 Y-112.4287
G1 X36.7269 Y-112.6013
G1 X36.7209 Y-112.8015
G1 X36.7489 Y-112.9875
G1 X36.8530 Y-113.3457
G1 X37.2019 Y-114.2448
G1 X37.5236 Y-115.2166
G1 X37.7054 Y-115.6373
G1 X37.7983 Y-115.8040
G1 X37.9026 Y-115.9590
G1 X38.0196 Y-116.0995
G1 X38.1280 Y-116.2036
G1 X38.2473 Y-116.2943
G1 X38.3782 Y-116.3700
G1 X38.5522 Y-116.4391
G1 X38.7623 Y-116.4845
G1 X38.9808 Y-116.5000
G1 X39.2132 Y-116.4849
G1 X39.4051 Y-116.4402
G1 X39.5481 Y-116.3757
G1 X39.6664 Y-116.2830
G1 X39.7511 Y-116.1584
G1 X39.7887 Y-116.0334
G1 X39.7977 Y-115.9185
G1 X39.7898 Y-115.7982
G1 X39.7605 Y-115.6427
G1 X39.6812 Y-115.3885
G1 X39.4475 Y-114.8212
G1 X39.3197 Y-114.4501
G1 X39.2720 Y-114.2984
G1 Z0.0000 F2500.0
G4 P0.02
G0 X59.9431 Y-109.6542 F15000.0
G1 Z11.9000 F2500.0
G4 P0.02
G1 X60.4603 Y-109.8536 F12000.0
G1 X61.2120 Y-110.9185
G1 X61.4085 Y-111.4915
G1 X61.8000 Y-111.8398
G1 X63.2763 Y-114.1368
G1 Z0.0000 F2500.0
G4 P0.02
G0 X61.5522 Y-113.9645 F15000.0
G1 Z11.9000 F2500.0
G4 P0.02
G1 X61.4327 Y-112.5277 F12000.0
G1 X61.4373 Y-111.6082
G1 Z0.0000 F2500.0
G4 P0.02
G0 X67.1122 Y-120.0238 F15000.0
G1 Z11.9000 F2500.0
G4 P0.02
G1 X79.5057 Y-107.6316 F12000.0
G1 Z0.0000 F2500.0
G4 P0.02
G0 X78.7934 Y-108.3323 F15000.0
G1 Z11.9000 F2500.0
G4 P0.02
G1 X79.6026 Y-107.5818 F12000.0
G1 X92.8162 Y-107.5852
G1 X94.0231 Y-107.4703
G1 X94.1138 Y-107.5975
G1 X94.1881 Y-107.7339
G1 X94.4145 Y-108.2868
G1 X94.5152 Y-108.4828
G1 X94.5884 Y-108.5910
G1 X94.6768 Y-108.6954
G1 X94.8459 Y-108.8411
G1 X94.9499 Y-108.9053
G1 X95.0866 Y-108.9684
G1 X95.2295 Y-109.0146
G1 X95.4080 Y-109.0517
G1 X95.7492 Y-109.0806
G1 X96.3219 Y-109.0794
G1 Z0.0000 F2500.0
G4 P0.02
G0 X68.1614 Y-118.9644 F15000.0
G1 Z11.9000 F2500.0
G4 P0.02
G1 X67.3567 Y-119.8839 F12000.0
G1 X67.5375 Y-119.9293
G1 X67.7873 Y-119.9459
G1 Z0.0000 F2500.0
G4 P0.02
G0 X96.4943 Y-119.9414 F15000.0
G1 Z11.9000 F2500.0
G4 P0.02
G1 X96.9056 Y-119.9552 F12000.0
G1 X97.1267 Y-119.9358
G1 X97.2703 Y-119.8893
G1 X97.4347 Y-119.8009
G1 X97.6110 Y-119.6730
G1 X97.7974 Y-119.5050
G1 Z0.0000 F2500.0
G4 P0.02
G0 X104.6551 Y-112.6426 F15000.0
G1 Z11.9000 F2500.0
G4 P0.02
G1 X104.9592 Y-112.3609 F12000.0
G1 X105.0926 Y-112.2194
G1 X105.1662 Y-112.1196
G1 X105.2105 Y-112.0375
G1 X105.2271 Y-111.9772
G1 X105.2279 Y-111.8876
G1 X105.1815 Y-111.7412
G1 X105.0267 Y-111.4624
G1 X104.9744 Y-111.3237
G1 X104.9318 Y-111.0709
G1 X104.9364 Y-110.8101
G1 X104.9786 Y-110.5990
G1 X105.0748 Y-110.3557
G1 X105.1894 Y-110.1645
G1 X105.3509 Y-109.9730
G1 X105.5401 Y-109.8129
G1 X105.7523 Y-109.6866
G1 X105.9824 Y-109.5966
G1 X106.1948 Y-109.5497
G1 X106.4455 Y-109.5347
G1 X106.7002 Y-109.5633
G1 X106.9539 Y-109.6380
G1 X107.0392 Y-109.6784
G1 X107.1182 Y-109.7316
G1 X107.1828 Y-109.7968
G1 X107.2139 Y-109.8466
G1 X107.2323 Y-109.9011
G1 X107.2360 Y-109.9601
G1 X107.2079 Y-110.0564
G1 X107.1096 Y-110.2113
G1 X107.0072 Y-110.3268
G1 X106.8914 Y-110.4327
G1 X106.2988 Y-110.8884
G1 X106.1982 Y-111.0021
G1 X106.0268 Y-111.2487
G1 X105.9106 Y-111.3898
G1 X106.0919 Y-111.0335
G1 X105.2298 Y-110.9760
G1 Z0.0000 F2500.0
G4 P0.02
G0 X80.0578 Y-116.3207 F15000.0
G1 Z11.9000 F2500.0
G4 P0.02
G1 X79.9572 Y-115.8911 F12000.0
G1 X79.8264 Y-115.4671
G1 X79.6869 Y-115.0777
G1 X79.2313 Y-113.8920
G1 X79.1395 Y-113.7112
G1 X79.0387 Y-113.5711
G1 X78.9073 Y-113.4447
G1 X78.7359 Y-113.3322
G1 Z0.0000 F2500.0
G4 P0.02
G0 X79.7129 Y-116.3782 F15000.0
G1 Z11.9000 F2500.0
G4 P0.02
G1 X80.7232 Y-116.3378 F12000.0
G1 X81.0181 Y-116.3394
G1 X81.2765 Y-116.3558
G1 X81.5277 Y-116.3910
G1 X81.7389 Y-116.4411
G1 X81.9393 Y-116.5124
G1 X82.1267 Y-116.6081
G1 Z0.0000 F2500.0
G4 P0.02
G0 X81.4370 Y-116.2632 F15000.0
G1 Z11.9000 F2500.0
G4 P0.02
G1 X80.9375 Y-114.8052 F12000.0
G1 X80.7020 Y-114.1860
G1 X80.6331 Y-113.9751
G1 X80.5937 Y-113.7925
G1 X80.5811 Y-113.6394
G1 X80.5924 Y-113.4858
G1 X80.6324 Y-113.3322
G1 Z0.0000 F2500.0
G4 P0.02
G0 X82.3566 Y-111.7231 F15000.0
G1 Z11.9000 F2500.0
G4 P0.02
G1 X83.1801 Y-113.8495 F12000.0
G1 X83.4485 Y-114.5966
G1 X83.2761 Y-114.4242
G1 X82.5289 Y-113.9645
G1 Z0.0000 F2500.0
G4 P0.02
G0 X92.5863 Y-111.5507 F15000.0
G1 Z11.9000 F2500.0
G4 P0.02
G1 X92.1341 Y-111.4822 F12000.0
G1 X91.7965 Y-111.4743
G1 X91.6660 Y-111.4887
G1 X91.5425 Y-111.5165
G1 X91.4291 Y-111.5597
G1 X91.3287 Y-111.6206
G1 X91.2442 Y-111.7013
G1 X91.1944 Y-111.7751
G1 X91.1514 Y-111.8864
G1 X91.1317 Y-112.0090
G1 X91.1315 Y-112.1388
G1 X91.1469 Y-112.2720
G1 X91.1822 Y-112.4369
G1 X91.2380 Y-112.6224
G1 X91.6663 Y-113.7684
G1 X92.0768 Y-114.9319
G1 X92.2288 Y-115.2495
G1 X92.3889 Y-115.4796
G1 X92.5233 Y-115.6145
G1 X92.6808 Y-115.7275
G1 X92.8470 Y-115.8096
G1 X93.0208 Y-115.8654
G1 X93.2006 Y-115.8998
G1 X93.4164 Y-115.9194
G1 X94.0806 Y-115.9185
G1 Z0.0000 F2500.0
G4 P0.02
G0 X94.6552 Y-114.9415 F15000.0
G1 Z11.9000 F2500.0
G4 P0.02
G1 X95.3449 Y-116.7805 F12000.0
G1 Z0.0000 F2500.0
G4 P0.02
G0 X97.1840 Y-112.2978 F15000.0
G1 Z11.9000 F2500.0
G4 P0.02
G1 X96.8783 Y-112.2932 F12000.0
G1 X96.6211 Y-112.2735
G1 X96.4052 Y-112.2349
G1 X96.2358 Y-112.1791
G1 X96.0670 Y-112.0911
G1 X95.8871 Y-111.9606
G1 X95.7369 Y-111.8122
G1 X95.6160 Y-111.6489
G1 X95.5275 Y-111.4773
G1 X95.4633 Y-111.2699
G1 X95.4394 Y-111.0886
G1 X95.4457 Y-110.8763
G1 X95.4860 Y-110.6666
G1 X95.5575 Y-110.4636
G1 X95.6576 Y-110.2706
G1 X95.7832 Y-110.0916
G1 X95.9319 Y-109.9302
G1 X96.1006 Y-109.7904
G1 X96.2868 Y-109.6756
G1 X96.4875 Y-109.5898
G1 X96.7000 Y-109.5365
G1 X96.8895 Y-109.5198
G1 X97.1165 Y-109.5371
G1 X97.3144 Y-109.5864
G1 X97.4951 Y-109.6638
G1 X97.6506 Y-109.7716
G1 X97.8392 Y-109.9506
G1 X98.0188 Y-110.1609
G1 X98.1147 Y-110.3184
G1 X98.1998 Y-110.5241
G1 X98.2484 Y-110.7081
G1 X98.2759 Y-110.9185
G1 X98.2569 Y-110.8503
G1 X98.0155 Y-110.2066
G1 X97.5325 Y-109.7237
G1 X96.8888 Y-109.5629
G1 X96.2450 Y-109.7237
G1 X95.6816 Y-110.1261
G1 X95.4402 Y-110.6893
G1 X95.4402 Y-111.4137
G1 X95.7621 Y-111.9769
G1 X96.3255 Y-112.2988 F12000.0
G1 X97.0497 Y-112.3793
G1 X97.6130 Y-112.1378
G1 X98.0959 Y-111.6550
G1 X98.2569 Y-111.0113
G1 Z0.0000 F2500.0
G4 P0.02
G0 X96.8083 Y-111.0113 F15000.0
G1 Z11.9000 F2500.0
G4 P0.02
G1 X100.1883 Y-107.6316 F12000.0
G1 X100.1724 Y-107.5916
G1 X99.8230 Y-107.9301
G1 X100.0000 Y-107.7002
G1 X99.0230 Y-107.5852
G1 X98.8202 Y-108.0339
G1 X99.1422 Y-108.5972
G1 X99.7055 Y-108.9995
G1 X100.3493 Y-108.9995
G1 X100.9931 Y-108.7581
G1 X101.4760 Y-108.2753
G1 Z0.0000 F2500.0
G4 P0.02
G0 X96.8083 Y-111.0113 F15000.0
G1 Z11.9000 F2500.0
G4 P0.02
G1 X106.3046 Y-111.0113 F12000.0
G1 Z0.0000 F2500.0
G4 P0.02
G0 X97.2912 Y-120.0238 F15000.0
G1 Z11.9000 F2500.0
G4 P0.02
G1 X109.6846 Y-107.6316 F12000.0
G1 Z0.0000 F2500.0
G4 P0.02
G0 X97.2912 Y-111.0113 F15000.0
G1 Z11.9000 F2500.0
G4 P0.02
G1 X97.2912 Y-114.5518 F12000.0
G1 X97.2989 Y-114.4242
G1 X97.3052 Y-112.0105
G1 X97.3403 Y-111.0525
G1 X98.2184 Y-110.9760
G1 X98.1978 Y-111.1924
G1 X98.1436 Y-111.4064
G1 X98.0564 Y-111.6090
G1 X97.9557 Y-111.7664
G1 X97.8317 Y-111.9029
G1 X97.6847 Y-112.0126
G1 X97.5149 Y-112.0900
G1 X97.3564 Y-112.1253
G1 Z0.0000 F2500.0
G4 P0.02
G0 X104.9365 Y-111.4137 F15000.0
G1 Z11.9000 F2500.0
G4 P0.02
G1 X105.2584 Y-111.9769 F12000.0
G1 X105.8217 Y-112.2988
G1 X106.5460 Y-112.3793
G1 X107.1899 Y-112.1378
G1 X107.5922 Y-111.6550
G1 X107.7532 Y-111.0113
G1 X107.7532 Y-110.8503
G1 X107.5117 Y-110.2066
G1 X107.0289 Y-109.7237
G1 X106.3851 Y-109.5629
G1 X105.7412 Y-109.7237
G1 X105.1779 Y-110.1261
G1 X104.9365 Y-110.6893
G1 X104.9365 Y-111.4137
G1 Z0.0000 F2500.0
G4 P0.02
G0 X105.4023 Y-111.9530 F15000.0
G1 Z11.9000 F2500.0
G4 P0.02
G1 X105.5141 Y-112.0335 F12000.0
G1 X105.6599 Y-112.1165
G1 X105.7804 Y-112.1692
G1 X105.9345 Y-112.2184
G1 X106.0912 Y-112.2498
G1 X106.2490 Y-112.2641
G1 X106.4064 Y-112.2619
G1 X106.5621 Y-112.2438
G1 X106.7144 Y-112.2107
G1 X106.8620 Y-112.1630
G1 X107.0033 Y-112.1015
G1 X107.1370 Y-112.0269
G1 X107.2615 Y-111.9398
G1 X107.3755 Y-111.8409
G1 X107.4772 Y-111.7310
G1 X107.5655 Y-111.6105
G1 X107.6635 Y-111.4254
G1 X107.7280 Y-111.2231
G1 X107.7550 Y-111.0052
G1 X107.7453 Y-110.8076
G1 X107.6921 Y-110.5656
G1 X107.6045 Y-110.3379
G1 X107.4901 Y-110.1204
G1 X107.3563 Y-109.9416
G1 Z0.0000 F2500.0
G4 P0.02
G0 X108.4553 Y-108.8524 F15000.0
G1 Z11.9000 F2500.0
G4 P0.02
G1 X108.5412 Y-108.7544 F12000.0
G1 X108.5903 Y-108.6753
G1 X108.6223 Y-108.5622
G1 X108.6081 Y-108.4467
G1 X108.5604 Y-108.3353
G1 X108.3834 Y-108.0405
G1 X108.3331 Y-107.8766
G1 X108.3120 Y-107.6646
G1 X108.3305 Y-107.4070
G1 X108.3636 Y-107.2447
G1 X108.4118 Y-107.0863
G1 X108.4743 Y-106.9359
G1 X108.5500 Y-106.7975
G1 X108.6963 Y-106.6113
G1 X108.9353 Y-106.4216
G1 X109.1575 Y-106.2934
G1 X109.3964 Y-106.1996
G1 X109.6133 Y-106.1548
G1 X109.8296 Y-106.1522
G1 X110.0684 Y-106.2000
G1 X110.3020 Y-106.2953
G1 X110.5224 Y-106.4312
G1 X110.7217 Y-106.6015
G1 X110.8917 Y-106.7996
G1 X111.0103 Y-106.9903
G1 X111.1041 Y-107.2225
G1 X111.1438 Y-107.4331
G1 X111.1384 Y-107.6487
G1 X111.0826 Y-107.8941
G1 X110.9971 Y-108.0954
G1 X110.8628 Y-108.3068
G1 X110.7613 Y-108.4271
G1 X110.6479 Y-108.5372
G1 X110.5241 Y-108.6363
G1 X110.3636 Y-108.7393
G1 X110.2215 Y-108.8108
G1 X110.0734 Y-108.8683
G1 X109.9205 Y-108.9109
G1 X109.7642 Y-108.9376
G1 X109.6060 Y-108.9474
G1 X109.4472 Y-108.9397
G1 X109.2892 Y-108.9132
G1 X109.1659 Y-108.8781
G1 X109.0812 Y-108.8388
G1 X108.9749 Y-108.7695
G1 X108.7355 Y-108.5622
G1 X109.6935 Y-107.4128
G1 X109.7125 Y-106.2634
G1 Z0.0000 F2500.0
G4 P0.02
G0 X107.5287 Y-114.3667 F15000.0
G1 Z11.9000 F2500.0
G4 P0.02
G1 X107.6264 Y-114.3999 F12000.0
G1 X107.7372 Y-114.4601
G1 X107.8290 Y-114.5363
G1 X107.9058 Y-114.6255
G1 X108.0014 Y-114.7779
G1 X108.2325 Y-115.2227
G1 X108.5234 Y-115.5736
G1 X108.8769 Y-116.1194
G1 X109.0229 Y-116.3207
G1 Z0.0000 F2500.0
G4 P0.02
G0 X108.2183 Y-115.2862 F15000.0
G1 Z11.9000 F2500.0
G4 P0.02
G1 X108.2183 Y-116.2632 F12000.0
G1 Z0.0000 F2500.0
G4 P0.02
G0 X113.4089 Y-111.6548 F15000.0
G1 Z11.9000 F2500.0
G4 P0.02
G1 X113.1761 Y-110.9379 F12000.0
G1 X113.0690 Y-110.6634
G1 X112.9609 Y-110.4296
G1 X112.8379 Y-110.2100
G1 X112.7154 Y-110.0328
G1 X112.5771 Y-109.8723
G1 X112.4446 Y-109.7504
G1 X112.2453 Y-109.6132
G1 X112.0478 Y-109.5203
G1 X111.8266 Y-109.4554
G1 X111.6087 Y-109.4249
G1 X111.4323 Y-109.4284
G1 X111.2484 Y-109.4699
G1 X111.1198 Y-109.5337
G1 X110.9971 Y-109.6428
G1 X110.9111 Y-109.7850
G1 X110.8639 Y-109.9576
G1 X110.8579 Y-110.1578
G1 X110.8861 Y-110.3438
G1 X110.9901 Y-110.7021
G1 X111.3389 Y-111.6012
G1 X111.6606 Y-112.5729
G1 X111.8423 Y-112.9935
G1 X111.9354 Y-113.1604
G1 X112.0395 Y-113.3154
G1 X112.1566 Y-113.4559
G1 X112.2650 Y-113.5599
G1 X112.3842 Y-113.6506
G1 X112.5153 Y-113.7264
G1 X112.6892 Y-113.7955
G1 X112.8993 Y-113.8408
G1 X113.1177 Y-113.8564
G1 X113.3501 Y-113.8413
G1 X113.5421 Y-113.7965
G1 X113.6851 Y-113.7321
G1 X113.8034 Y-113.6394
G1 X113.8881 Y-113.5148
G1 X113.9257 Y-113.3897
G1 X113.9346 Y-113.2748
G1 X113.9267 Y-113.1545
G1 X113.8975 Y-112.9990
G1 X113.8180 Y-112.7448
G1 X113.5844 Y-112.1775
G1 X113.4566 Y-111.8064
G1 X113.4089 Y-111.6548
G1 Z0.0000 F2500.0
G4 P0.02
G0 X133.2179 Y-111.7806 F15000.0
G1 Z11.9000 F2500.0
G4 P0.02
G1 X132.7658 Y-111.7121 F12000.0
G1 X132.4281 Y-111.7042
G1 X132.2976 Y-111.7186
G1 X132.1742 Y-111.7464
G1 X132.0607 Y-111.7896
G1 X131.9603 Y-111.8505
G1 X131.8759 Y-111.9312
G1 X131.8261 Y-112.0049
G1 X131.7830 Y-112.1163
G1 X131.7633 Y-112.2389
G1 X131.7631 Y-112.3687
G1 X131.7785 Y-112.5019
G1 X131.8138 Y-112.6667
G1 X131.8696 Y-112.8523
G1 X132.2979 Y-113.9983
G1 X132.7084 Y-115.1617
G1 X132.8605 Y-115.4793
G1 X133.0205 Y-115.7095
G1 X133.1550 Y-115.8443
G1 X133.3124 Y-115.9573
G1 X133.4787 Y-116.0394
G1 X133.6524 Y-116.0953
G1 X133.8323 Y-116.1297
G1 X134.0480 Y-116.1493
G1 X134.7122 Y-116.1483
G1 Z0.0000 F2500.0
G4 P0.02
G0 X137.2983 Y-114.8265 F15000.0
G1 Z11.9000 F2500.0
G4 P0.02
G1 X137.1891 Y-114.6396 F12000.0
G1 X137.0891 Y-114.4105
G1 X136.3938 Y-112.4748
G1 X136.3293 Y-112.2576
G1 X136.3126 Y-112.0699
G1 X136.3364 Y-111.9518
G1 X136.3978 Y-111.8443
G1 X136.4714 Y-111.7799
G1 X136.5858 Y-111.7362
G1 X136.7428 Y-111.7230
G1 X137.7581 Y-111.7231
G1 X137.6048 Y-111.1162
G1 X137.5116 Y-110.8859
G1 X137.3884 Y-110.6988
G1 X137.2523 Y-110.5711
G1 X137.0688 Y-110.4649
G1 X136.8652 Y-110.3968
G1 X136.6163 Y-110.3553
G1 X136.3272 Y-110.3403
G1 X135.8615 Y-110.3438
G1 Z0.0000 F2500.0
G4 P0.02
G0 X137.7581 Y-111.7231 F15000.0
G1 Z11.9000 F2500.0
G4 P0.02
G1 X138.1253 Y-112.5852 F12000.0
G1 X138.9075 Y-114.7116
G1 Z0.0000 F2500.0
G4 P0.02
G0 X140.3443 Y-116.1483 F15000.0
G1 Z11.9000 F2500.0
G4 P0.02
G1 X141.4724 Y-116.1469 F12000.0
G1 X141.5966 Y-116.1351
G1 X141.6845 Y-116.1102
G1 X141.7637 Y-116.0644
G1 X141.8098 Y-116.0190
G1 X141.8723 Y-115.8996
G1 X141.8880 Y-115.8169
G1 X141.8896 Y-115.7278
G1 X141.8492 Y-115.5035
G1 X141.7524 Y-115.2384
G1 X141.4903 Y-114.6819
G1 X141.3402 Y-114.1368
G1 X140.8376 Y-112.7581
G1 X140.6749 Y-112.3672
G1 X140.6025 Y-112.2295
G1 X140.5196 Y-112.1034
G1 X140.4014 Y-111.9708
G1 X140.2572 Y-111.8623
G1 X140.1125 Y-111.7930
G1 X139.9420 Y-111.7455
G1 X139.6425 Y-111.7058
G1 X139.3982 Y-111.7053
G1 X139.2057 Y-111.7413
G1 X139.0793 Y-111.8071
G1 X139.0057 Y-111.8964
G1 X138.9805 Y-111.9519
G1 X138.9602 Y-112.0403
G1 X138.9635 Y-112.1961
G1 X138.9986 Y-112.3538
G1 X139.6576 Y-114.1773
G1 X139.7509 Y-114.3790
G1 X139.8540 Y-114.5345
G1 X139.9351 Y-114.6152
G1 X140.0571 Y-114.6922
G1 X140.1982 Y-114.7461
G1 X140.3866 Y-114.7851
G1 X140.5544 Y-114.8006
G1 X140.7622 Y-114.8039
G1 X141.4937 Y-114.7691
G1 Z0.0000 F2500.0
G4 P0.02
G0 X143.1028 Y-111.9530 F15000.0
G1 Z11.9000 F2500.0
G4 P0.02
G1 X142.7769 Y-111.8221 F12000.0
G1 X142.4494 Y-111.7480
G1 X142.2316 Y-111.7270
G1 X142.0040 Y-111.7232
G1 X141.8764 Y-111.7289
G1 X141.7570 Y-111.7550
G1 X141.6778 Y-111.7975
G1 X141.6113 Y-111.8670
G1 X141.5690 Y-111.9479
G1 X141.5463 Y-112.0296
G1 X141.5374 Y-112.1173
G1 X141.5438 Y-112.2412
G1 X141.5676 Y-112.3707
G1 X141.6158 Y-112.5363
G1 X141.8840 Y-113.1875
G1 X142.0992 Y-113.8548
G1 X142.2032 Y-114.1284
G1 X142.3499 Y-114.4052
G1 X142.4211 Y-114.5034
G1 X142.4955 Y-114.5817
G1 X142.6092 Y-114.6593
G1 X142.7752 Y-114.7299
G1 X142.9648 Y-114.7779
G1 X143.1693 Y-114.8053
G1 X143.4146 Y-114.8138
G1 X143.6539 Y-114.8003
G1 X143.8728 Y-114.7678
G1 X144.0571 Y-114.7196
G1 X143.8504 Y-113.9547
G1 X143.6109 Y-113.2676
G1 X143.2847 Y-112.3985
G1 X143.2390 Y-112.2435
G1 X143.2217 Y-112.0936
G1 X143.2389 Y-111.9803
G1 X143.2924 Y-111.8752
G1 X143.3902 Y-111.7806
G1 Z0.0000 F2500.0
G4 P0.02
G0 X144.0224 Y-111.7806 F15000.0
G1 Z11.9000 F2500.0
G4 P0.02
G1 X145.2149 Y-113.7921 F12000.0
G1 X145.8086 Y-114.7276
G1 X146.7235 Y-114.7116
G1 X145.6891 Y-111.7806
G1 Z0.0000 F2500.0
G4 P0.02
G0 X147.2982 Y-113.3322 F15000.0
G1 Z11.9000 F2500.0
G4 P0.02
G1 X147.3147 Y-113.5300 F12000.0
G1 X147.3498 Y-113.7165
G1 X147.4144 Y-113.9424
G1 X147.4896 Y-114.1336
G1 X147.5825 Y-114.3136
G1 X147.6731 Y-114.4492
G1 X147.7753 Y-114.5665
G1 X147.8890 Y-114.6606
G1 X148.0078 Y-114.7245
G1 X148.1922 Y-114.7742
G1 X148.4313 Y-114.8025
G1 X148.6540 Y-114.8034
G1 X148.8357 Y-114.7836
G1 X149.0008 Y-114.7418
G1 X149.1367 Y-114.6749
G1 X149.2160 Y-114.6013
G1 X149.2544 Y-114.5334
G1 X149.2721 Y-114.4526
G1 X149.2703 Y-114.3331
G1 X149.2463 Y-114.2101
G1 X148.9731 Y-113.4752
G1 X148.9290 Y-113.3960
G1 X148.8896 Y-113.3512
G1 X148.7849 Y-113.2926
G1 X148.6635 Y-113.2725
G1 X147.4002 Y-113.2825
G1 X147.2817 Y-113.2575
G1 X147.1895 Y-113.1818
G1 X147.1251 Y-113.0753
G1 X146.8785 Y-112.4058
G1 X146.8323 Y-112.1757
G1 X146.8298 Y-112.0817
G1 X146.8413 Y-111.9933
G1 X146.8692 Y-111.9126
G1 X146.9162 Y-111.8413
G1 X146.9846 Y-111.7815
G1 X147.0399 Y-111.7512
G1 X147.1924 Y-111.7205
G1 X147.7626 Y-111.7245
G1 X148.1072 Y-111.7416
G1 X148.3902 Y-111.7806
G1 Z0.0000 F2500.0
G4 P0.02
G0 X149.2522 Y-111.7231 F15000.0
G1 Z11.9000 F2500.0
G4 P0.02
G1 X149.9418 Y-113.3322 F12000.0
G1 Z0.0000 F2500.0
G4 P0.02
G0 X150.4591 Y-114.8265 F15000.0
G1 Z11.9000 F2500.0
G4 P0.02
G1 X150.0550 Y-113.8495 F12000.0
G1 X149.9608 Y-113.3961
G1 X150.2867 Y-113.2748
G1 X151.1487 Y-113.2748
G1 X151.4872 Y-113.3069
G1 X151.7045 Y-113.7346
G1 X152.0682 Y-114.7116
G1 Z0.0000 F2500.0
G4 P0.02
G0 X151.4361 Y-113.2173 F15000.0
G1 Z11.9000 F2500.0
G4 P0.02
G1 X150.9763 Y-111.7806 F12000.0
G1 Z0.0000 F2500.0
G4 P0.02
G0 X153.6775 Y-111.9530 F15000.0
G1 Z11.9000 F2500.0
G4 P0.02
G1 X153.3515 Y-111.8221 F12000.0
G1 X153.0239 Y-111.7480
G1 X152.8061 Y-111.7270
G1 X152.5785 Y-111.7232
G1 X152.4509 Y-111.7289
G1 X152.3316 Y-111.7550
G1 X152.2524 Y-111.7975
G1 X152.1859 Y-111.8670
G1 X152.1436 Y-111.9479
G1 X152.1210 Y-112.0296
G1 X152.1119 Y-112.1173
G1 X152.1184 Y-112.2412
G1 X152.1422 Y-112.3707
G1 X152.1903 Y-112.5363
G1 X152.4585 Y-113.1875
G1 X152.6739 Y-113.8548
G1 X152.7777 Y-114.1284
G1 X152.9245 Y-114.4052
G1 X152.9956 Y-114.5034
G1 X153.0700 Y-114.5817
G1 X153.1838 Y-114.6593
G1 X153.3497 Y-114.7299
G1 X153.5394 Y-114.7779
G1 X153.7439 Y-114.8053
G1 X153.9893 Y-114.8138
G1 X154.2285 Y-114.8003
G1 X154.4473 Y-114.7678
G1 X154.6318 Y-114.7196
G1 X154.4251 Y-113.9547
G1 X154.1855 Y-113.2676
G1 X153.8594 Y-112.3985
G1 X153.8136 Y-112.2435
G1 X153.7963 Y-112.0936
G1 X153.8135 Y-111.9803
G1 X153.8670 Y-111.8752
G1 X153.9647 Y-111.7806
G1 Z0.0000 F2500.0
G4 P0.02
G0 X159.0666 Y-113.8981 F15000.0
G1 Z11.9000 F2500.0
G4 P0.02
G1 X158.4917 Y-112.3470 F12000.0
G1 X158.3844 Y-112.1348
G1 X158.2579 Y-111.9771
G1 X158.1386 Y-111.8833
G1 X158.0207 Y-111.8212
G1 X157.8690 Y-111.7692
G1 X157.6836 Y-111.7343
G1 X157.3174 Y-111.7126
G1 X157.1225 Y-111.7182
G1 X156.9752 Y-111.7554
G1 X156.8791 Y-111.8207
G1 X156.8410 Y-111.8685
G1 X156.8018 Y-111.9513
G1 X156.7763 Y-112.1075
G1 X156.7942 Y-112.2974
G1 X156.8600 Y-112.5333
G1 X157.0029 Y-112.9471
G1 X157.4771 Y-114.1764
G1 X157.5900 Y-114.4035
G1 X157.7217 Y-114.5742
G1 X157.8155 Y-114.6536
G1 X157.9257 Y-114.7162
G1 X158.0552 Y-114.7593
G1 X158.2281 Y-114.7894
G1 X158.4337 Y-114.8046
G1 X158.6511 Y-114.7992
G1 X158.8258 Y-114.7751
G1 X158.9818 Y-114.7296
G1 X159.0847 Y-114.6759
G1 X159.1450 Y-114.6243
G1 X159.1881 Y-114.5623
G1 X159.2132 Y-114.4835
G1 X159.2193 Y-114.3948
G1 X159.2023 Y-114.2699
G1 X159.1040 Y-113.9860
G1 X159.0666 Y-113.8981
G1 Z0.0000 F2500.0
G4 P0.02
G0 X159.1946 Y-111.7231 F15000.0
G1 Z11.9000 F2500.0
G4 P0.02
G1 X159.3884 Y-112.1082 F12000.0
G1 X159.5663 Y-112.5501
G1 X160.0258 Y-113.9299
G1 X160.1513 Y-114.3640
G1 X160.2127 Y-114.5231
G1 X160.2885 Y-114.6548
G1 X160.3618 Y-114.7276
G1 X160.4387 Y-114.7626
G1 X160.5642 Y-114.7816
G1 X160.9187 Y-114.7691
G1 X162.5163 Y-114.7645
G1 X162.6376 Y-114.7442
G1 X162.7187 Y-114.7107
G1 X162.7874 Y-114.6556
G1 X162.8403 Y-114.5735
G1 X162.8683 Y-114.4821
G1 X162.8754 Y-114.3929
G1 X162.8621 Y-114.2695
G1 X162.8292 Y-114.1440
G1 X162.6011 Y-113.5589
G1 X162.2158 Y-112.4071
G1 X162.0813 Y-112.0868
G1 X161.9532 Y-111.8381
G1 Z0.0000 F2500.0
G4 P0.02
G0 X160.5739 Y-111.7806 F15000.0
G1 Z11.9000 F2500.0
G4 P0.02
G1 X161.0561 Y-113.0449 F12000.0
G1 X161.6084 Y-114.7116
G1 Z0.0000 F2500.0
G4 P0.02
G0 X15.2310 Y-109.8266 F15000.0
G1 Z11.9000 F2500.0
G4 P0.02
G1 X14.3690 Y-108.9071 F12000.0
G1 X13.7943 Y-108.5047
G1 X13.7717 Y-108.2820
G1 X13.7443 Y-108.2024
G1 X13.6918 Y-108.1164
G1 X13.3793 Y-107.8134
G1 X12.3575 Y-106.7232
G1 Z0.0000 F2500.0
G4 P0.02
G0 X14.0816 Y-106.8381 F15000.0
G1 Z11.9000 F2500.0
G4 P0.02
G1 X13.8518 Y-107.9876 F12000.0
G1 Z0.0000 F2500.0
G4 P0.02
G0 X24.9436 Y-108.7347 F15000.0
G1 Z11.9000 F2500.0
G4 P0.02
G1 X24.9285 Y-109.0388 F12000.0
G1 X24.9352 Y-109.1941
G1 X24.9747 Y-109.3273
G1 X25.0075 Y-109.3699
G1 X25.0751 Y-109.4202
G1 X25.2231 Y-109.4771
G1 X25.5572 Y-109.5475
G1 X25.6677 Y-109.5823
G1 X25.8291 Y-109.6802
G1 X25.9919 Y-109.8289
G1 X26.1360 Y-110.0305
G1 X26.2380 Y-110.2584
G1 X26.3006 Y-110.5041
G1 X26.3263 Y-110.7852
G1 X26.3042 Y-111.0662
G1 X26.2337 Y-111.3404
G1 X26.1294 Y-111.5678
G1 X25.9854 Y-111.7701
G1 X25.8507 Y-111.8998
G1 X25.7252 Y-111.9871
G1 X25.6168 Y-112.0330
G1 X25.2023 Y-112.1597
G1 X25.0993 Y-112.2152
G1 X25.0277 Y-112.2916
G1 X25.0013 Y-112.3708
G1 X24.9965 Y-112.4631
G1 X25.0584 Y-112.8725
G1 Z0.0000 F2500.0
G4 P0.02
G0 X25.0010 Y-102.7577 F15000.0
G1 Z11.9000 F2500.0
G4 P0.02
G1 X25.2996 Y-102.6776 F12000.0
G1 X25.5380 Y-102.5790
G1 X25.7719 Y-102.4359
G1 X25.9462 Y-102.2786
G1 X26.0855 Y-102.0917
G1 X26.1871 Y-101.8740
G1 X26.2479 Y-101.6243
G1 X26.2653 Y-101.3784
G1 X25.1989 Y-101.3754
G1 X25.1075 Y-101.3844
G1 X25.0270 Y-101.4158
G1 X24.9851 Y-101.4548
G1 X24.9502 Y-101.5273
G1 X24.9344 Y-101.6159
G1 X24.9436 Y-101.9532
G1 X24.9422 Y-101.4355
G1 X24.9422 Y-110.9308
G1 Z0.0000 F2500.0
G4 P0.02
G0 X75.1728 Y-104.3094 F15000.0
G1 Z11.9000 F2500.0
G4 P0.02
G1 X76.1946 Y-105.3996 F12000.0
G1 X76.5071 Y-105.7027
G1 X76.5595 Y-105.7887
G1 X76.5870 Y-105.8683
G1 X76.6095 Y-106.0909
G1 X77.1843 Y-106.4933
G1 X78.0463 Y-107.4128
G1 Z0.0000 F2500.0
G4 P0.02
G0 X76.3796 Y-107.2978 F15000.0
G1 Z11.9000 F2500.0
G4 P0.02
G1 X76.5520 Y-106.1484 F12000.0
G1 Z0.0000 F2500.0
G4 P0.02
G0 X76.6670 Y-105.5738 F15000.0
G1 Z11.9000 F2500.0
G4 P0.02
G1 X76.8969 Y-104.4243 F12000.0
G1 Z0.0000 F2500.0
G4 P0.02
G0 X79.5057 Y-107.6316 F15000.0
G1 Z11.9000 F2500.0
G4 P0.02
G1 X109.6846 Y-107.6316 F12000.0
G1 Z0.0000 F2500.0
G4 P0.02
G0 X94.8276 Y-104.7117 F15000.0
G1 Z11.9000 F2500.0
G4 P0.02
G1 X94.5865 Y-104.6741 F12000.0
G1 X94.3765 Y-104.6569
G1 X94.0063 Y-104.6522
G1 X93.8229 Y-104.6714
G1 X93.6922 Y-104.7135
G1 X93.5600 Y-104.7983
G1 X93.4683 Y-104.9108
G1 X93.4120 Y-105.0449
G1 X93.3890 Y-105.1635
G1 X93.3833 Y-105.3213
G1 X93.3985 Y-105.4837
G1 X93.4354 Y-105.6697
G1 X93.5513 Y-106.0300
G1 X93.8104 Y-106.6492
G1 X93.9204 Y-106.9469
G1 X93.9919 Y-107.2205
G1 X94.0231 Y-107.4703
G1 X94.1955 Y-107.7002
G1 X94.8851 Y-107.5852
G1 Z0.0000 F2500.0
G4 P0.02
G0 X96.0920 Y-107.5852 F15000.0
G1 Z11.9000 F2500.0
G4 P0.02
G1 X96.8391 Y-107.4703 F12000.0
G1 Z0.0000 F2500.0
G4 P0.02
G0 X96.0920 Y-104.8841 F15000.0
G1 Z11.9000 F2500.0
G4 P0.02
G1 X95.4598 Y-104.1370 F12000.0
G1 Z0.0000 F2500.0
G4 P0.02
G0 X95.9771 Y-105.4013 F15000.0
G1 Z11.9000 F2500.0
G4 P0.02
G1 X96.0920 Y-104.8841 F12000.0
G1 X96.7816 Y-105.4588
G1 X97.2912 Y-105.5394
G1 X97.2912 Y-109.0800
G1 Z0.0000 F2500.0
G4 P0.02
G0 X96.0345 Y-104.6542 F15000.0
G1 Z11.9000 F2500.0
G4 P0.02
G1 X96.2070 Y-104.1944 F12000.0
G1 Z0.0000 F2500.0
G4 P0.02
G0 X96.8083 Y-101.5160 F15000.0
G1 Z11.9000 F2500.0
G4 P0.02
G1 X96.8083 Y-111.0113 F12000.0
G1 X97.2414 Y-110.9760
G1 X96.8581 Y-110.6886
G1 X96.8391 Y-110.1714
G1 Z0.0000 F2500.0
G4 P0.02
G0 X96.8391 Y-102.8152 F15000.0
G1 Z11.9000 F2500.0
G4 P0.02
G1 X97.2305 Y-102.7388 F12000.0
G1 X97.2989 Y-102.3554
G1 X97.2972 Y-101.3209
G1 X97.3385 Y-100.8675
G1 X97.6437 Y-100.6250
G1 X98.0155 Y-100.7113
G1 X97.5325 Y-100.2285
G1 X96.8888 Y-100.0676
G1 X96.2450 Y-100.1481
G1 X95.6816 Y-100.6308
G1 X95.4402 Y-101.1941
G1 X95.4402 Y-101.9184
G1 X95.7621 Y-102.4816
G1 X96.3255 Y-102.8035
G1 X97.0497 Y-102.8840
G1 X96.8391 Y-102.7003
G1 X96.8050 Y-102.0843
G1 X96.8058 Y-101.8985
G1 X96.8168 Y-101.7576
G1 X96.8401 Y-101.6295
G1 X96.8784 Y-101.5199
G1 X96.9346 Y-101.4343
G1 X96.9703 Y-101.4023
G1 X97.0115 Y-101.3784
G1 X96.8083 Y-101.5160
G1 X100.1883 Y-98.1363
G1 Z0.0000 F2500.0
G4 P0.02
G0 X99.3679 Y-98.9072 F15000.0
G1 Z11.9000 F2500.0
G4 P0.02
G1 X100.1150 Y-98.2175 F12000.0
G1 X100.1724 Y-98.9646
G1 Z0.0000 F2500.0
G4 P0.02
G0 X100.1724 Y-104.3669 F15000.0
G1 Z11.9000 F2500.0
G4 P0.02
G1 X100.2299 Y-106.1484 F12000.0
G1 X99.7184 Y-106.3095
G1 X99.5485 Y-106.3745
G1 X99.3638 Y-106.4743
G1 X99.1983 Y-106.6132
G1 X99.1143 Y-106.7157
G1 X99.0570 Y-106.8055
G1 X98.9509 Y-107.0385
G1 X98.8848 Y-107.2809
G1 X98.8556 Y-107.5623
G1 X98.8700 Y-107.8124
G1 X98.9144 Y-108.0255
G1 X99.0018 Y-108.2562
G1 X99.1108 Y-108.4416
G1 X99.2506 Y-108.6067
G1 X99.4215 Y-108.7467
G1 X99.5331 Y-108.8137
G1 X99.6551 Y-108.8703
G1 X99.8269 Y-108.9130
G1 X100.1261 Y-108.9236
G1 X100.4652 Y-108.8823
G1 X100.5886 Y-108.8495
G1 X100.7376 Y-108.7935
G1 X100.9876 Y-108.6547
G1 X101.1139 Y-108.5588
G1 X101.2300 Y-108.4511
G1 X101.3343 Y-108.3331
G1 X101.4258 Y-108.2059
G1 X101.5033 Y-108.0711
G1 X101.5654 Y-107.9299
G1 X101.6109 Y-107.7835
G1 X101.6346 Y-107.6636
G1 X101.6472 Y-107.5115
G1 X101.6431 Y-107.3887
G1 X101.6254 Y-107.2656
G1 X101.5937 Y-107.1431
G1 X101.5474 Y-107.0218
G1 X101.4857 Y-106.9022
G1 X101.3313 Y-106.6920
G1 X101.1242 Y-106.5049
G1 X100.9928 Y-106.4156
G1 X100.8529 Y-106.3375
G1 X100.5578 Y-106.2181
G1 X100.3777 Y-106.1716
G1 X100.2299 Y-106.1484
G1 Z0.0000 F2500.0
G4 P0.02
G0 X97.3277 Y-101.4423 F15000.0
G1 Z11.9000 F2500.0
G4 P0.02
G1 X97.2093 Y-101.4286 F12000.0
G1 X97.1307 Y-101.3989
G1 X97.0639 Y-101.3459
G1 X97.0115 Y-101.2634
G1 X97.1840 Y-101.0910
G1 X97.2989 Y-100.7463
G1 X97.2989 Y-100.1715
G1 X97.3564 Y-99.9991
G1 X98.1035 Y-99.1945
G1 Z0.0000 F2500.0
G4 P0.02
G0 X98.8202 Y-108.0339 F15000.0
G1 Z11.9000 F2500.0
G4 P0.02
G1 X98.8202 Y-107.3902 F12000.0
G1 X99.0617 Y-106.7465
G1 X99.6250 Y-106.3441
G1 X100.2688 Y-106.1831
G1 X100.9127 Y-106.4246
G1 X101.3955 Y-106.8269
G1 X101.6369 Y-107.4707
G1 X101.6369 Y-107.6316
G1 X101.4760 Y-108.2753
G1 Z0.0000 F2500.0
G4 P0.02
G0 X106.3046 Y-111.0113 F15000.0
G1 Z11.9000 F2500.0
G4 P0.02
G1 X106.3046 Y-101.5160 F12000.0
G1 Z0.0000 F2500.0
G4 P0.02
G0 X108.3165 Y-108.0339 F15000.0
G1 Z11.9000 F2500.0
G4 P0.02
G1 X108.6384 Y-108.5972 F12000.0
G1 X109.2017 Y-108.9995
G1 X109.9261 Y-108.9995
G1 X110.4894 Y-108.7581
G1 X110.9723 Y-108.2753
G1 X111.1332 Y-107.6316
G1 X111.1332 Y-107.4707
G1 X110.8918 Y-106.8269
G1 X110.4089 Y-106.4246
G1 X109.7651 Y-106.1831
G1 X109.1213 Y-106.3441
G1 X108.5579 Y-106.7465
G1 X108.3165 Y-107.3902
G1 X108.3165 Y-108.0339
G1 Z0.0000 F2500.0
G4 P0.02
G0 X109.7125 Y-105.0565 F15000.0
G1 Z11.9000 F2500.0
G4 P0.02
G1 X109.7889 Y-104.7008 F12000.0
G1 X110.2298 Y-104.7565
G1 X111.1493 Y-104.7692
G1 Z0.0000 F2500.0
G4 P0.02
G0 X112.3562 Y-105.6312 F15000.0
G1 Z11.9000 F2500.0
G4 P0.02
G1 X111.6665 Y-103.7922 F12000.0
G1 X112.1263 Y-103.7922
G1 X112.8159 Y-105.6312
G1 X113.2757 Y-105.6312
G1 X112.5860 Y-103.7922
G1 Z0.0000 F2500.0
G4 P0.02
G0 X131.6663 Y-104.7692 F15000.0
G1 Z11.9000 F2500.0
G4 P0.02
G1 X131.8377 Y-104.8817 F12000.0
G1 X131.9690 Y-105.0080
G1 X132.0698 Y-105.1481
G1 X132.1616 Y-105.3289
G1 X132.6172 Y-106.5146
G1 X132.7567 Y-106.9039
G1 X132.8876 Y-107.3280
G1 X132.9880 Y-107.7577
G1 Z0.0000 F2500.0
G4 P0.02
G0 X132.6433 Y-107.8151 F15000.0
G1 Z11.9000 F2500.0
G4 P0.02
G1 X133.6534 Y-107.7748 F12000.0
G1 X133.9484 Y-107.7763
G1 X134.2069 Y-107.7926
G1 X134.4580 Y-107.8279
G1 X134.6691 Y-107.8780
G1 X134.8696 Y-107.9493
G1 X135.0570 Y-108.0449
G1 Z0.0000 F2500.0
G4 P0.02
G0 X134.3674 Y-107.7002 F15000.0
G1 Z11.9000 F2500.0
G4 P0.02
G1 X133.8678 Y-106.2420 F12000.0
G1 X133.6323 Y-105.6229
G1 X133.5634 Y-105.4120
G1 X133.5240 Y-105.2293
G1 X133.5115 Y-105.0762
G1 X133.5228 Y-104.9227
G1 X133.5628 Y-104.7692
G1 Z0.0000 F2500.0
G4 P0.02
G0 X134.9995 Y-103.1025 F15000.0
G1 Z11.9000 F2500.0
G4 P0.02
G1 X135.8231 Y-105.2289 F12000.0
G1 X136.0914 Y-105.9761
G1 X135.9190 Y-105.8037
G1 X135.1719 Y-105.3439
G1 Z0.0000 F2500.0
G4 P0.02
G0 X138.7925 Y-104.7692 F15000.0
G1 Z11.9000 F2500.0
G4 P0.02
G1 X139.4822 Y-106.3783 F12000.0
G1 Z0.0000 F2500.0
G4 P0.02
G0 X139.9994 Y-107.8726 F15000.0
G1 Z11.9000 F2500.0
G4 P0.02
G1 X139.5955 Y-106.8956 F12000.0
G1 X139.5012 Y-106.4422
G1 X139.8270 Y-106.3209
G1 X140.6891 Y-106.3209
G1 X141.0276 Y-106.3530
G1 X141.2448 Y-106.7807
G1 X141.6087 Y-107.7577
G1 Z0.0000 F2500.0
G4 P0.02
G0 X140.9764 Y-106.2634 F15000.0
G1 Z11.9000 F2500.0
G4 P0.02
G1 X140.5167 Y-104.8267 F12000.0
G1 Z0.0000 F2500.0
G4 P0.02
G0 X143.2178 Y-104.9990 F15000.0
G1 Z11.9000 F2500.0
G4 P0.02
G1 X142.8919 Y-104.8682 F12000.0
G1 X142.5643 Y-104.7941
G1 X142.3466 Y-104.7731
G1 X142.1190 Y-104.7693
G1 X141.9913 Y-104.7750
G1 X141.8720 Y-104.8011
G1 X141.7928 Y-104.8436
G1 X141.7262 Y-104.9130
G1 X141.6839 Y-104.9940
G1 X141.6613 Y-105.0757
G1 X141.6523 Y-105.1634
G1 X141.6587 Y-105.2873
G1 X141.6825 Y-105.4168
G1 X141.7308 Y-105.5823
G1 X141.9990 Y-106.2336
G1 X142.2142 Y-106.9009
G1 X142.3182 Y-107.1745
G1 X142.4648 Y-107.4513
G1 X142.5361 Y-107.5495
G1 X142.6104 Y-107.6278
G1 X142.7241 Y-107.7053
G1 X142.8901 Y-107.7759
G1 X143.0797 Y-107.8239
G1 X143.2842 Y-107.8514
G1 X143.5296 Y-107.8599
G1 X143.7688 Y-107.8463
G1 X143.9876 Y-107.8138
G1 X144.1721 Y-107.7657
G1 X143.9654 Y-107.0008
G1 X143.7258 Y-106.3136
G1 X143.3997 Y-105.4446
G1 X143.3539 Y-105.2896
G1 X143.3366 Y-105.1397
G1 X143.3538 Y-105.0263
G1 X143.4073 Y-104.9213
G1 X143.5052 Y-104.8267
G1 Z0.0000 F2500.0
G4 P0.02
G0 X147.1258 Y-104.7692 F15000.0
G1 Z11.9000 F2500.0
G4 P0.02
G1 X148.3103 Y-107.9876 F12000.0
G1 X148.7925 Y-109.1944
G1 X148.5626 Y-108.9071
G1 X148.4145 Y-108.8676
G1 X148.2693 Y-108.8124
G1 X148.1274 Y-108.7434
G1 X147.9620 Y-108.6457
G1 X147.6492 Y-108.4157
G1 X147.2982 Y-108.1024
G1 Z0.0000 F2500.0
G4 P0.02
G0 X150.9946 Y-106.9996 F15000.0
G1 Z11.9000 F2500.0
G4 P0.02
G1 X150.7619 Y-106.2827 F12000.0
G1 X150.6547 Y-106.0083
G1 X150.5467 Y-105.7746
G1 X150.4235 Y-105.5550
G1 X150.3011 Y-105.3776
G1 X150.1628 Y-105.2172
G1 X150.0302 Y-105.0952
G1 X149.8309 Y-104.9581
G1 X149.6335 Y-104.8652
G1 X149.4122 Y-104.8002
G1 X149.1943 Y-104.7697
G1 X149.0180 Y-104.7734
G1 X148.8341 Y-104.8148
G1 X148.7056 Y-104.8786
G1 X148.5829 Y-104.9877
G1 X148.4968 Y-105.1299
G1 X148.4497 Y-105.3025
G1 X148.4436 Y-105.5027
G1 X148.4717 Y-105.6887
G1 X148.5758 Y-106.0469
G1 X148.9245 Y-106.9460
G1 X149.2462 Y-107.9178
G1 X149.4281 Y-108.3385
G1 X149.5210 Y-108.5053
G1 X149.6253 Y-108.6603
G1 X149.7423 Y-108.8007
G1 X149.8507 Y-108.9048
G1 X149.9700 Y-108.9955
G1 X150.1009 Y-109.0713
G1 X150.2748 Y-109.1404
G1 X150.4849 Y-109.1857
G1 X150.7034 Y-109.2013
G1 X150.9359 Y-109.1862
G1 X151.1277 Y-109.1414
G1 X151.2707 Y-109.0770
G1 X151.3891 Y-108.9842
G1 X151.4738 Y-108.8596
G1 X151.5114 Y-108.7347
G1 X151.5203 Y-108.6197
G1 X151.5125 Y-108.4994
G1 X151.4831 Y-108.3439
G1 X151.4038 Y-108.0897
G1 X151.1701 Y-107.5224
G1 X151.0424 Y-107.1513
G1 X150.9946 Y-106.9996
G1 Z0.0000 F2500.0
G4 P0.02
G0 X153.1027 Y-104.7692 F15000.0
G1 Z11.9000 F2500.0
G4 P0.02
G1 X153.7349 Y-106.4358 F12000.0
G1 X154.2521 Y-107.4128
G1 X154.2521 Y-107.7002
G1 X154.4424 Y-107.1829
G1 X154.7263 Y-106.5399
G1 X155.1142 Y-106.7249
G1 X155.9762 Y-107.3553
G1 X156.2636 Y-107.8151
G1 X155.9187 Y-106.8381
G1 X155.1716 Y-104.8267
G1 Z0.0000 F2500.0
G4 P0.02
G0 X156.1486 Y-104.7692 F15000.0
G1 Z11.9000 F2500.0
G4 P0.02
G1 X156.7809 Y-106.4358 F12000.0
G1 X157.2981 Y-107.4128
G1 X157.2981 Y-107.7002
G1 X157.4883 Y-107.1829
G1 X157.7722 Y-106.5399
G1 X158.1601 Y-106.7249
G1 X159.0221 Y-107.3553
G1 X159.3095 Y-107.8151
G1 X158.9647 Y-106.8381
G1 X158.2176 Y-104.8267
G1 Z0.0000 F2500.0
G4 P0.02
G0 X158.7349 Y-104.0795 F15000.0
G1 Z11.9000 F2500.0
G4 P0.02
G1 X159.1946 Y-104.7692 F12000.0
G1 Z0.0000 F2500.0
G4 P0.02
G0 X13.0471 Y-102.0680 F15000.0
G1 Z11.9000 F2500.0
G4 P0.02
G1 X12.3829 Y-102.0690 F12000.0
G1 X12.1672 Y-102.0495
G1 X11.9873 Y-102.0150
G1 X11.8136 Y-101.9591
G1 X11.6472 Y-101.8771
G1 X11.4899 Y-101.7640
G1 X11.3554 Y-101.6293
G1 X11.1954 Y-101.3990
G1 X11.0433 Y-101.0814
G1 X10.6329 Y-99.9180
G1 X10.2046 Y-98.7720
G1 X10.1487 Y-98.5865
G1 X10.1135 Y-98.4216
G1 X10.0982 Y-98.2885
G1 X10.0984 Y-98.1586
G1 X10.1181 Y-98.0360
G1 X10.1613 Y-97.9246
G1 X10.2111 Y-97.8509
G1 X10.2954 Y-97.7702
G1 X10.3959 Y-97.7094
G1 X10.5093 Y-97.6662
G1 X10.6327 Y-97.6383
G1 X10.7633 Y-97.6239
G1 X11.1008 Y-97.6318
G1 X11.5529 Y-97.7003
G1 Z0.0000 F2500.0
G4 P0.02
G0 X13.6219 Y-101.0335 F15000.0
G1 Z11.9000 F2500.0
G4 P0.02
G1 X14.3115 Y-102.8727 F12000.0
G1 X14.7713 Y-102.8727
G1 X14.0816 Y-101.0335
G1 Z0.0000 F2500.0
G4 P0.02
G0 X13.9666 Y-98.6773 F15000.0
G1 Z11.9000 F2500.0
G4 P0.02
G1 X15.6334 Y-98.6773 F12000.0
G1 Z0.0000 F2500.0
G4 P0.02
G0 X14.4265 Y-99.6543 F15000.0
G1 Z11.9000 F2500.0
G4 P0.02
G1 X16.0356 Y-99.7118 F12000.0
G1 Z0.0000 F2500.0
G4 P0.02
G0 X17.8747 Y-97.7003 F15000.0
G1 Z11.9000 F2500.0
G4 P0.02
G1 X17.4226 Y-97.6318 F12000.0
G1 X17.0851 Y-97.6239
G1 X16.9545 Y-97.6383
G1 X16.8310 Y-97.6662
G1 X16.7176 Y-97.7094
G1 X16.6172 Y-97.7702
G1 X16.5327 Y-97.8509
G1 X16.4829 Y-97.9246
G1 X16.4399 Y-98.0360
G1 X16.4201 Y-98.1586
G1 X16.4198 Y-98.2885
G1 X16.4352 Y-98.4216
G1 X16.4705 Y-98.5865
G1 X16.5264 Y-98.7720
G1 X16.9546 Y-99.9180
G1 X17.3650 Y-101.0814
G1 X17.5172 Y-101.3990
G1 X17.6772 Y-101.6293
G1 X17.8117 Y-101.7640
G1 X17.9690 Y-101.8771
G1 X18.1352 Y-101.9591
G1 X18.3090 Y-102.0150
G1 X18.4889 Y-102.0495
G1 X18.7046 Y-102.0690
G1 X19.3689 Y-102.0680
G1 Z0.0000 F2500.0
G4 P0.02
G0 X19.9436 Y-101.0335 F15000.0
G1 Z11.9000 F2500.0
G4 P0.02
G1 X20.6333 Y-102.8727 F12000.0
G1 X21.0930 Y-102.8727
G1 X20.4034 Y-101.0335
G1 X20.8632 Y-101.0335
G1 X21.5528 Y-102.8727
G1 Z0.0000 F2500.0
G4 P0.02
G0 X23.5741 Y-101.7574 F15000.0
G1 Z11.9000 F2500.0
G4 P0.02
G1 X23.4937 Y-101.1137 F12000.0
G1 X23.8155 Y-100.5504
G1 X24.2984 Y-100.0676
G1 X25.0227 Y-99.9871
G1 X25.6665 Y-100.1481
G1 X26.1494 Y-100.6308
G1 X26.3104 Y-101.2745
G1 X26.3104 Y-101.4355
G1 X26.1494 Y-102.0793
G1 X25.7470 Y-102.5621
G1 X25.1032 Y-102.8035
G1 X24.4594 Y-102.7230
G1 X23.8960 Y-102.4011
G1 X23.5741 Y-101.7574
G1 Z0.0000 F2500.0
G4 P0.02
G0 X24.9436 Y-102.7003 F15000.0
G1 Z11.9000 F2500.0
G4 P0.02
G1 X24.6921 Y-102.6731 F12000.0
G1 X24.4822 Y-102.6222
G1 X24.2805 Y-102.5394
G1 X24.0873 Y-102.4183
G1 X23.9785 Y-102.3180
G1 X23.8743 Y-102.1791
G1 X23.7428 Y-101.9320
G1 X23.6439 Y-101.7050
G1 X23.5844 Y-101.5240
G1 X23.5482 Y-101.3389
G1 X23.5430 Y-101.1851
G1 X23.5664 Y-101.0347
G1 X23.6415 Y-100.8460
G1 X23.7494 Y-100.6570
G1 X23.8842 Y-100.4703
G1 X24.0387 Y-100.2964
G1 X24.2055 Y-100.1463
G1 X24.3773 Y-100.0306
G1 X24.5352 Y-99.9624
G1 X24.7116 Y-99.9219
G1 X24.8989 Y-99.9090
G1 X25.1245 Y-99.9266
G1 X25.3500 Y-99.9772
G1 X25.5674 Y-100.0579
G1 X25.7411 Y-100.1491
G1 X25.8977 Y-100.2591
G1 X26.0323 Y-100.3861
G1 X26.1396 Y-100.5286
G1 X26.2161 Y-100.6869
G1 X26.2693 Y-100.8628
G1 X26.3068 Y-101.0777
G1 X26.3228 Y-101.3209
G1 Z0.0000 F2500.0
G4 P0.02
G0 X24.9422 Y-101.4355 F15000.0
G1 Z11.9000 F2500.0
G4 P0.02
G1 X34.4386 Y-101.4355 F12000.0
G1 Z0.0000 F2500.0
G4 P0.02
G0 X32.9899 Y-101.1137 F15000.0
G1 Z11.9000 F2500.0
G4 P0.02
G1 X33.0704 Y-101.7574 F12000.0
G1 X33.3923 Y-102.4011
G1 X33.9557 Y-102.7230
G1 X34.5994 Y-102.8035
G1 X35.2433 Y-102.5621
G1 X35.6457 Y-102.0793
G1 X35.8066 Y-101.4355
G1 X35.8066 Y-101.2745
G1 X35.6457 Y-100.6308
G1 X35.1628 Y-100.1481
G1 X34.5191 Y-99.9871
G1 X33.7947 Y-100.0676
G1 X33.3119 Y-100.5504
G1 X32.9899 Y-101.1137
G1 Z0.0000 F2500.0
G4 P0.02
G0 X34.7689 Y-101.3373 F15000.0
G1 Z11.9000 F2500.0
G4 P0.02
G1 X34.7071 Y-101.1474 F12000.0
G1 X34.5456 Y-101.0300
G1 X34.3459 Y-101.0300
G1 X34.1844 Y-101.1474
G1 X34.1226 Y-101.3373
G1 X34.1844 Y-101.5272
G1 X34.3459 Y-101.6446
G1 X34.5456 Y-101.6446
G1 X34.7071 Y-101.5272
G1 X34.7689 Y-101.3373
G1 Z0.0000 F2500.0
G4 P0.02
G0 X56.4261 Y-85.0038 F15000.0
G1 Z11.9000 F2500.0
G4 P0.02
G1 X56.4261 Y-129.5042 F12000.0
G1 Z0.0000 F2500.0
G4 P0.02
G0 X38.1617 Y-98.8497 F15000.0
G1 Z11.9000 F2500.0
G4 P0.02
G1 X37.7097 Y-98.7812 F12000.0
G1 X37.3721 Y-98.7734
G1 X37.2416 Y-98.7878
G1 X37.1181 Y-98.8155
G1 X37.0047 Y-98.8588
G1 X36.9043 Y-98.9197
G1 X36.8198 Y-99.0003
G1 X36.7700 Y-99.0741
G1 X36.7270 Y-99.1855
G1 X36.7072 Y-99.3081
G1 X36.7069 Y-99.4379
G1 X36.7223 Y-99.5710
G1 X36.7576 Y-99.7359
G1 X36.8134 Y-99.9214
G1 X37.2417 Y-101.0674
G1 X37.6521 Y-102.2308
G1 X37.8042 Y-102.5485
G1 X37.9644 Y-102.7787
G1 X38.0988 Y-102.9134
G1 X38.2562 Y-103.0265
G1 X38.4225 Y-103.1085
G1 X38.5962 Y-103.1644
G1 X38.7761 Y-103.1989
G1 X38.9918 Y-103.2184
G1 X39.6560 Y-103.2174
G1 Z0.0000 F2500.0
G4 P0.02
G0 X39.2537 Y-99.5968 F15000.0
G1 Z11.9000 F2500.0
G4 P0.02
G1 X39.7853 Y-99.5204 F12000.0
G1 X39.6543 Y-99.1945
G1 X38.9664 Y-98.3325
G1 X39.5410 Y-98.2750
G1 Z0.0000 F2500.0
G4 P0.02
G0 X92.3565 Y-99.0221 F15000.0
G1 Z11.9000 F2500.0
G4 P0.02
G1 X91.9042 Y-98.9536 F12000.0
G1 X91.5667 Y-98.9457
G1 X91.4361 Y-98.9602
G1 X91.3126 Y-98.9879
G1 X91.1992 Y-99.0312
G1 X91.0988 Y-99.0921
G1 X91.0143 Y-99.1728
G1 X90.9646 Y-99.2465
G1 X90.9215 Y-99.3579
G1 X90.9018 Y-99.4805
G1 X90.9016 Y-99.6103
G1 X90.9170 Y-99.7434
G1 X90.9523 Y-99.9083
G1 X91.0082 Y-100.0938
G1 X91.4365 Y-101.2398
G1 X91.8469 Y-102.4033
G1 X91.9990 Y-102.7209
G1 X92.1590 Y-102.9511
G1 X92.2935 Y-103.0858
G1 X92.4509 Y-103.1989
G1 X92.6171 Y-103.2810
G1 X92.7909 Y-103.3368
G1 X92.9707 Y-103.3713
G1 X93.1865 Y-103.3909
G1 X93.8506 Y-103.3899
G1 Z0.0000 F2500.0
G4 P0.02
G0 X96.7816 Y-102.7577 F15000.0
G1 Z11.9000 F2500.0
G4 P0.02
G1 X96.5335 Y-102.7561 F12000.0
G1 X96.3827 Y-102.7356
G1 X96.2306 Y-102.6797
G1 X96.0444 Y-102.5724
G1 X95.8853 Y-102.4466
G1 X95.7332 Y-102.2801
G1 X95.6308 Y-102.1236
G1 X95.5431 Y-101.9283
G1 X95.4887 Y-101.7233
G1 X95.4665 Y-101.5127
G1 X95.4756 Y-101.3006
G1 X95.5149 Y-101.0911
G1 X95.5834 Y-100.8885
G1 X95.6801 Y-100.6967
G1 X95.8040 Y-100.5198
G1 X95.9311 Y-100.3833
G1 X96.1029 Y-100.2452
G1 X96.2695 Y-100.1479
G1 X96.4856 Y-100.0626
G1 X96.6888 Y-100.0167
G1 X96.8466 Y-100.0046
G1 X97.0303 Y-100.0221
G1 X97.2111 Y-100.0660
G1 X97.4434 Y-100.1505
G1 X97.6098 Y-100.2372
G1 X97.7585 Y-100.3457
G1 X97.8921 Y-100.4756
G1 X98.0082 Y-100.6207
G1 X98.0996 Y-100.7798
G1 X98.1742 Y-100.9573
G1 X98.2382 Y-101.1725
G1 X98.2759 Y-101.3784
G1 X98.2569 Y-101.3550
G1 X98.0155 Y-100.7113
G1 Z0.0000 F2500.0
G4 P0.02
G0 X96.8083 Y-101.5160 F15000.0
G1 Z11.9000 F2500.0
G4 P0.02
G1 X106.3046 Y-101.5160 F12000.0
G1 Z0.0000 F2500.0
G4 P0.02
G0 X97.6130 Y-102.6425 F15000.0
G1 Z11.9000 F2500.0
G4 P0.02
G1 X97.0497 Y-102.8840 F12000.0
G1 X97.3564 Y-102.6428
G1 X97.5505 Y-102.5831
G1 X97.7190 Y-102.4937
G1 X97.8623 Y-102.3781
G1 X97.9808 Y-102.2400
G1 X98.0749 Y-102.0831
G1 X98.1544 Y-101.8806
G1 X98.2020 Y-101.6630
G1 X98.2184 Y-101.4359
G1 X98.2569 Y-101.5160
G1 X98.0959 Y-102.1597
G1 X97.6130 Y-102.6425
G1 Z0.0000 F2500.0
G4 P0.02
G0 X97.2912 Y-103.6082 F15000.0
G1 Z11.9000 F2500.0
G4 P0.02
G1 X97.2912 Y-100.0676 F12000.0
G1 X99.3835 Y-97.9754
G1 Z0.0000 F2500.0
G4 P0.02
G0 X99.1422 Y-99.1020 F15000.0
G1 Z11.9000 F2500.0
G4 P0.02
G1 X98.8202 Y-98.5386 F12000.0
G1 X98.8202 Y-97.8144
G1 Z0.0000 F2500.0
G4 P0.02
G0 X98.8506 Y-98.5624 F15000.0
G1 Z11.9000 F2500.0
G4 P0.02
G1 X99.1788 Y-98.9829 F12000.0
G1 X99.3017 Y-99.1252
G1 X99.4389 Y-99.2522
G1 X99.5969 Y-99.3565
G1 X99.7126 Y-99.4052
G1 X99.8658 Y-99.4275
G1 X100.1809 Y-99.4226
G1 X100.3761 Y-99.4025
G1 X100.6268 Y-99.3430
G1 X100.8612 Y-99.2476
G1 X101.0736 Y-99.1185
G1 X101.2586 Y-98.9575
G1 X101.4101 Y-98.7665
G1 X101.5111 Y-98.5764
G1 X101.5850 Y-98.3344
G1 X101.6091 Y-98.1026
G1 X100.1724 Y-98.1600
G1 X100.1883 Y-98.1363
G1 X100.1883 Y-107.6316
G1 Z0.0000 F2500.0
G4 P0.02
G0 X99.1422 Y-99.1020 F15000.0
G1 Z11.9000 F2500.0
G4 P0.02
G1 X99.7055 Y-99.5043 F12000.0
G1 X100.3493 Y-99.5043
G1 X100.9931 Y-99.2629
G1 X101.4760 Y-98.7800
G1 X101.6369 Y-98.1363
G1 X101.6369 Y-97.9754
G1 X101.3955 Y-97.3317
G1 X100.9127 Y-96.8488
G1 X100.7517 Y-96.6074
G1 X102.8441 Y-94.5153
G1 Z0.0000 F2500.0
G4 P0.02
G0 X100.1883 Y-98.1363 F15000.0
G1 Z11.9000 F2500.0
G4 P0.02
G1 X109.6846 Y-98.1363 F12000.0
G1 X106.3046 Y-101.5160
G1 Z0.0000 F2500.0
G4 P0.02
G0 X106.6650 Y-101.4088 F15000.0
G1 Z11.9000 F2500.0
G4 P0.02
G1 X106.6033 Y-101.2189 F12000.0
G1 X106.4418 Y-101.1016
G1 X106.2420 Y-101.1016
G1 X106.0805 Y-101.2189
G1 X106.0188 Y-101.4088
G1 X106.0805 Y-101.5988
G1 X106.2420 Y-101.7161
G1 X106.4418 Y-101.7161
G1 X106.6033 Y-101.5988
G1 X106.6650 Y-101.4088
G1 Z0.0000 F2500.0
G4 P0.02
G0 X105.2584 Y-102.4816 F15000.0
G1 Z11.9000 F2500.0
G4 P0.02
G1 X104.9365 Y-101.9184 F12000.0
G1 X104.9365 Y-101.1941
G1 X105.1779 Y-100.6308
G1 X105.7412 Y-100.1481
G1 X106.3851 Y-100.0676
G1 X107.0289 Y-100.2285
G1 X107.5117 Y-100.7113
G1 X107.7532 Y-101.3550
G1 X107.7532 Y-101.5160
G1 X107.5922 Y-102.1597
G1 X107.1899 Y-102.6425
G1 X106.5460 Y-102.8840
G1 X105.8217 Y-102.8035
G1 X105.2584 Y-102.4816
G1 Z0.0000 F2500.0
G4 P0.02
G0 X109.5975 Y-100.3439 F15000.0
G1 Z11.9000 F2500.0
G4 P0.02
G1 X109.6682 Y-100.1991 F12000.0
G1 X109.7056 Y-100.0259
G1 X109.7422 Y-98.8510
G1 X109.7235 Y-98.6256
G1 X109.6849 Y-98.4445
G1 X109.6194 Y-98.2802
G1 X109.5401 Y-98.1600
G1 X106.3218 Y-101.4359
G1 Z0.0000 F2500.0
G4 P0.02
G0 X109.7125 Y-101.3784 F15000.0
G1 Z11.9000 F2500.0
G4 P0.02
G1 X109.7359 Y-100.8785 F12000.0
G1 X109.7303 Y-100.7444
G1 X109.7110 Y-100.6191
G1 X109.6737 Y-100.5091
G1 X109.6310 Y-100.4402
G1 X109.5650 Y-100.3823
G1 X109.4791 Y-100.3505
G1 X109.3841 Y-100.3402
G1 X108.8841 Y-100.3427
G1 X108.7217 Y-100.3543
G1 X108.5968 Y-100.3775
G1 X108.4544 Y-100.4314
G1 X108.3571 Y-100.5000
G1 X108.2796 Y-100.5960
G1 X108.2373 Y-100.6888
G1 X108.2030 Y-100.8396
G1 X108.1975 Y-100.9933
G1 X108.2154 Y-101.1484
G1 X108.2602 Y-101.3345
G1 X108.8955 Y-103.0714
G1 X109.0971 Y-103.6638
G1 X109.2054 Y-103.9297
G1 X109.3081 Y-104.1222
G1 X109.4140 Y-104.2710
G1 X109.5217 Y-104.3830
G1 X109.8274 Y-104.6542
G1 X109.5975 Y-104.3669
G1 X109.6417 Y-104.2854
G1 X109.6833 Y-104.1707
G1 X109.7084 Y-104.0506
G1 X109.7220 Y-103.8950
G1 X109.7125 Y-103.3899
G1 Z0.0000 F2500.0
G4 P0.02
G0 X108.6384 Y-99.1020 F15000.0
G1 Z11.9000 F2500.0
G4 P0.02
G1 X108.3165 Y-98.5386 F12000.0
G1 X108.3165 Y-97.8144
G1 X108.3907 Y-98.1026
G1 X108.3636 Y-98.1985
G1 X108.3520 Y-98.3228
G1 X108.3594 Y-98.4135
G1 X108.3878 Y-98.5311
G1 X108.4339 Y-98.6453
G1 X108.4938 Y-98.7564
G1 X108.6780 Y-99.0221
G1 X109.0105 Y-99.2896
G1 X109.1615 Y-99.3814
G1 X109.2697 Y-99.4159
G1 X109.3947 Y-99.4372
G1 X109.7005 Y-99.4431
G1 X109.8619 Y-99.4259
G1 X109.9999 Y-99.3974
G1 X110.1344 Y-99.3547
G1 X110.2918 Y-99.2880
G1 X110.4371 Y-99.2078
G1 X110.5697 Y-99.1153
G1 X110.6891 Y-99.0115
G1 X110.7946 Y-98.8978
G1 X110.9485 Y-98.6721
G1 X111.0129 Y-98.5371
G1 X111.0618 Y-98.3967
G1 X111.0945 Y-98.2523
G1 X111.1105 Y-98.1049
G1 X111.1095 Y-97.9559
G1 X111.0959 Y-97.8363
G1 X111.0627 Y-97.6873
G1 X111.0228 Y-97.5692
G1 X110.9064 Y-97.3389
G1 X110.7394 Y-97.1203
G1 X110.4935 Y-96.8799
G1 X110.3711 Y-96.7921
G1 X110.2024 Y-96.7154
G1 X110.0525 Y-96.6744
G1 X109.8657 Y-96.6515
G1 X109.6752 Y-96.6554
G1 X109.4846 Y-96.6846
G1 X109.2978 Y-96.7371
G1 X109.0899 Y-96.8257
G1 X108.9512 Y-96.9055
G1 X108.8231 Y-96.9979
G1 X108.7081 Y-97.1019
G1 X108.6081 Y-97.2165
G1 X108.5067 Y-97.3727
G1 X108.4246 Y-97.5478
G1 X108.3732 Y-97.6983
G1 X108.3299 Y-97.9098
G1 X108.3015 Y-97.9923
G1 X108.2419 Y-98.0575
G1 X108.1858 Y-98.0843
G1 X108.1004 Y-98.1047
G1 X107.9761 Y-98.1126
G1 X107.7010 Y-98.1026
G1 Z0.0000 F2500.0
G4 P0.02
G0 X108.3907 Y-98.1026 F15000.0
G1 Z11.9000 F2500.0
G4 P0.02
G1 X109.4827 Y-98.2175 F12000.0
G1 X109.6550 Y-98.1026
G1 X109.7125 Y-96.8958
G1 X109.7651 Y-96.6878
G1 X109.1213 Y-96.8488
G1 X108.5579 Y-97.2512
G1 X108.3165 Y-97.8144
G1 Z0.0000 F2500.0
G4 P0.02
G0 X108.6384 Y-99.1020 F15000.0
G1 Z11.9000 F2500.0
G4 P0.02
G1 X109.2017 Y-99.5043 F12000.0
G1 X109.9261 Y-99.5043
G1 X110.4894 Y-99.2629
G1 X110.9723 Y-98.7800
G1 X111.1332 Y-98.1363
G1 X111.1332 Y-97.9754
G1 X110.8918 Y-97.3317
G1 X110.4089 Y-96.8488
G1 X109.7651 Y-96.6878
G1 Z0.0000 F2500.0
G4 P0.02
G0 X113.3907 Y-96.2060 F15000.0
G1 Z11.9000 F2500.0
G4 P0.02
G1 X112.9384 Y-96.1375 F12000.0
G1 X112.6008 Y-96.1297
G1 X112.4703 Y-96.1442
G1 X112.3469 Y-96.1719
G1 X112.2334 Y-96.2151
G1 X112.1329 Y-96.2760
G1 X112.0486 Y-96.3566
G1 X111.9988 Y-96.4305
G1 X111.9557 Y-96.5419
G1 X111.9360 Y-96.6644
G1 X111.9358 Y-96.7943
G1 X111.9512 Y-96.9274
G1 X111.9865 Y-97.0923
G1 X112.0424 Y-97.2778
G1 X112.4706 Y-98.4237
G1 X112.8811 Y-99.5872
G1 X113.0332 Y-99.9049
G1 X113.1932 Y-100.1350
G1 X113.3277 Y-100.2698
G1 X113.4851 Y-100.3829
G1 X113.6513 Y-100.4649
G1 X113.8251 Y-100.5208
G1 X114.0049 Y-100.5553
G1 X114.2207 Y-100.5747
G1 X114.8848 Y-100.5738
G1 Z0.0000 F2500.0
G4 P0.02
G0 X131.6663 Y-96.6659 F15000.0
G1 Z11.9000 F2500.0
G4 P0.02
G1 X131.8377 Y-96.7783 F12000.0
G1 X131.9690 Y-96.9047
G1 X132.0698 Y-97.0448
G1 X132.1616 Y-97.2255
G1 X132.6172 Y-98.4113
G1 X132.7567 Y-98.8006
G1 X132.8876 Y-99.2247
G1 X132.9880 Y-99.6543
G1 Z0.0000 F2500.0
G4 P0.02
G0 X132.6433 Y-99.7118 F15000.0
G1 Z11.9000 F2500.0
G4 P0.02
G1 X133.6534 Y-99.6714 F12000.0
G1 X133.9484 Y-99.6730
G1 X134.2069 Y-99.6893
G1 X134.4580 Y-99.7246
G1 X134.6691 Y-99.7747
G1 X134.8696 Y-99.8460
G1 X135.0570 Y-99.9417
G1 Z0.0000 F2500.0
G4 P0.02
G0 X134.3674 Y-99.5968 F15000.0
G1 Z11.9000 F2500.0
G4 P0.02
G1 X133.8678 Y-98.1387 F12000.0
G1 X133.6323 Y-97.5195
G1 X133.5634 Y-97.3087
G1 X133.5240 Y-97.1260
G1 X133.5115 Y-96.9729
G1 X133.5228 Y-96.8193
G1 X133.5628 Y-96.6659
G1 Z0.0000 F2500.0
G4 P0.02
G0 X140.6891 Y-99.7693 F15000.0
G1 Z11.9000 F2500.0
G4 P0.02
G1 X140.2851 Y-98.7923 F12000.0
G1 X140.1908 Y-98.3388
G1 X140.5167 Y-98.2175
G1 X141.3788 Y-98.2175
G1 X141.7173 Y-98.2497
G1 X141.9345 Y-98.6773
G1 X142.2983 Y-99.6543
G1 Z0.0000 F2500.0
G4 P0.02
G0 X143.9074 Y-96.8958 F15000.0
G1 Z11.9000 F2500.0
G4 P0.02
G1 X143.5815 Y-96.7648 F12000.0
G1 X143.2539 Y-96.6907
G1 X143.0362 Y-96.6697
G1 X142.8086 Y-96.6660
G1 X142.6810 Y-96.6717
G1 X142.5616 Y-96.6978
G1 X142.4825 Y-96.7402
G1 X142.4159 Y-96.8097
G1 X142.3736 Y-96.8906
G1 X142.3509 Y-96.9724
G1 X142.3420 Y-97.0601
G1 X142.3484 Y-97.1839
G1 X142.3722 Y-97.3134
G1 X142.4204 Y-97.4790
G1 X142.6886 Y-98.1303
G1 X142.9038 Y-98.7976
G1 X143.0078 Y-99.0712
G1 X143.1544 Y-99.3479
G1 X143.2257 Y-99.4461
G1 X143.3000 Y-99.5245
G1 X143.4138 Y-99.6020
G1 X143.5798 Y-99.6726
G1 X143.7695 Y-99.7206
G1 X143.9739 Y-99.7480
G1 X144.2192 Y-99.7565
G1 X144.4584 Y-99.7430
G1 X144.6774 Y-99.7105
G1 X144.8617 Y-99.6623
G1 X144.6550 Y-98.8975
G1 X144.4155 Y-98.2103
G1 X144.0893 Y-97.3413
G1 X144.0436 Y-97.1863
G1 X144.0263 Y-97.0364
G1 X144.0435 Y-96.9230
G1 X144.0970 Y-96.8179
G1 X144.1948 Y-96.7233
G1 Z0.0000 F2500.0
G4 P0.02
G0 X147.8155 Y-96.6659 F15000.0
G1 Z11.9000 F2500.0
G4 P0.02
G1 X148.9999 Y-99.8842 F12000.0
G1 X149.4821 Y-101.0910
G1 X149.2522 Y-100.8037
G1 X149.1042 Y-100.7643
G1 X148.9589 Y-100.7090
G1 X148.8171 Y-100.6401
G1 X148.6517 Y-100.5423
G1 X148.3389 Y-100.3124
G1 X147.9878 Y-99.9991
G1 Z0.0000 F2500.0
G4 P0.02
G0 X151.6842 Y-98.8963 F15000.0
G1 Z11.9000 F2500.0
G4 P0.02
G1 X151.4515 Y-98.1794 F12000.0
G1 X151.3444 Y-97.9049
G1 X151.2363 Y-97.6712
G1 X151.1132 Y-97.4516
G1 X150.9907 Y-97.2744
G1 X150.8524 Y-97.1138
G1 X150.7199 Y-96.9919
G1 X150.5207 Y-96.8548
G1 X150.3231 Y-96.7619
G1 X150.1019 Y-96.6969
G1 X149.8840 Y-96.6663
G1 X149.7077 Y-96.6700
G1 X149.5238 Y-96.7115
G1 X149.3952 Y-96.7753
G1 X149.2725 Y-96.8843
G1 X149.1864 Y-97.0266
G1 X149.1393 Y-97.1992
G1 X149.1333 Y-97.3993
G1 X149.1614 Y-97.5854
G1 X149.2654 Y-97.9436
G1 X149.6142 Y-98.8426
G1 X149.9359 Y-99.8145
G1 X150.1177 Y-100.2351
G1 X150.2107 Y-100.4020
G1 X150.3149 Y-100.5569
G1 X150.4319 Y-100.6974
G1 X150.5403 Y-100.8015
G1 X150.6596 Y-100.8921
G1 X150.7906 Y-100.9680
G1 X150.9645 Y-101.0371
G1 X151.1746 Y-101.0824
G1 X151.3930 Y-101.0980
G1 X151.6255 Y-101.0829
G1 X151.8174 Y-101.0380
G1 X151.9605 Y-100.9737
G1 X152.0787 Y-100.8809
G1 X152.1635 Y-100.7563
G1 X152.2010 Y-100.6313
G1 X152.2099 Y-100.5163
G1 X152.2021 Y-100.3961
G1 X152.1729 Y-100.2405
G1 X152.0934 Y-99.9864
G1 X151.8598 Y-99.4191
G1 X151.7320 Y-99.0480
G1 X151.6842 Y-98.8963
G1 Z0.0000 F2500.0
G4 P0.02
G0 X153.7924 Y-96.6659 F15000.0
G1 Z11.9000 F2500.0
G4 P0.02
G1 X154.4246 Y-98.3325 F12000.0
G1 X154.9417 Y-99.3095
G1 X154.9417 Y-99.5968
G1 X155.1320 Y-99.0796
G1 X155.4159 Y-98.4365
G1 X155.8039 Y-98.6216
G1 X156.6659 Y-99.2520
G1 X156.9532 Y-99.7118
G1 X156.6084 Y-98.7348
G1 X155.8614 Y-96.7233
G1 Z0.0000 F2500.0
G4 P0.02
G0 X156.8384 Y-96.6659 F15000.0
G1 Z11.9000 F2500.0
G4 P0.02
G1 X157.4705 Y-98.3325 F12000.0
G1 X157.9877 Y-99.3095
G1 X157.9877 Y-99.5968
G1 X158.1780 Y-99.0796
G1 X158.4618 Y-98.4365
G1 X158.8498 Y-98.6216
G1 X159.7119 Y-99.2520
G1 X159.9991 Y-99.7118
G1 X159.6544 Y-98.7348
G1 X158.9073 Y-96.7233
G1 Z0.0000 F2500.0
G4 P0.02
G0 X79.5057 Y-87.6754 F15000.0
G1 Z11.9000 F2500.0
G4 P0.02
G1 X79.5057 Y-107.6316 F12000.0
G1 Z0.0000 F2500.0
G4 P0.02
G0 X79.5405 Y-88.1027 F15000.0
G1 Z11.9000 F2500.0
G4 P0.02
G1 X79.5819 Y-87.7194 F12000.0
G1 X80.0003 Y-87.6430
G1 Z0.0000 F2500.0
G4 P0.02
G0 X107.6435 Y-89.6545 F15000.0
G1 Z11.9000 F2500.0
G4 P0.02
G1 X109.4827 Y-87.7579 F12000.0
G1 X108.7930 Y-87.6430
G1 Z0.0000 F2500.0
G4 P0.02
G0 X97.2989 Y-92.7579 F15000.0
G1 Z11.9000 F2500.0
G4 P0.02
G1 X96.9783 Y-92.7045 F12000.0
G1 X96.7116 Y-92.6799
G1 X96.4760 Y-92.6839
G1 X96.2852 Y-92.7154
G1 X96.1153 Y-92.7804
G1 X96.0412 Y-92.8278
G1 X95.9762 Y-92.8863
G1 X95.8939 Y-93.0087
G1 X95.8515 Y-93.1538
G1 X95.8420 Y-93.2804
G1 X95.8543 Y-93.4458
G1 X95.9311 Y-93.7699
G1 X96.4028 Y-95.0464
G1 X96.7418 Y-96.0161
G1 X96.8767 Y-96.3377
G1 X97.0347 Y-96.6040
G1 X97.2086 Y-96.7984
G1 X97.3146 Y-96.8835
G1 X97.4235 Y-96.9508
G1 X97.6203 Y-97.0323
G1 X97.8240 Y-97.0780
G1 X98.0336 Y-97.0996
G1 X98.5916 Y-97.1279
G1 X98.9081 Y-97.1830
G1 X99.0617 Y-97.2512
G1 X98.8202 Y-97.8144
G1 X98.8506 Y-98.2750
G1 X99.0069 Y-97.2584
G1 X99.5977 Y-96.7808
G1 X100.1724 Y-98.1026
G1 Z0.0000 F2500.0
G4 P0.02
G0 X99.6250 Y-96.8488 F15000.0
G1 Z11.9000 F2500.0
G4 P0.02
G1 X99.0617 Y-97.2512 F12000.0
G1 Z0.0000 F2500.0
G4 P0.02
G0 X99.5977 Y-96.7808 F15000.0
G1 Z11.9000 F2500.0
G4 P0.02
G1 X99.3679 Y-96.0911 F12000.0
G1 X99.7701 Y-96.0911
G1 X100.0575 Y-96.7233
G1 X100.1734 Y-96.6740
G1 X100.3225 Y-96.6446
G1 X100.4436 Y-96.6443
G1 X100.5949 Y-96.6701
G1 X100.7438 Y-96.7214
G1 X100.8878 Y-96.7946
G1 X101.0242 Y-96.8862
G1 X101.1506 Y-96.9923
G1 X101.3254 Y-97.1833
G1 X101.4572 Y-97.3872
G1 X101.5095 Y-97.5192
G1 X101.5942 Y-97.8373
G1 X101.6586 Y-97.9776
G1 X101.7129 Y-98.0414
G1 X101.7579 Y-98.0723
G1 X101.8391 Y-98.0994
G1 X101.9302 Y-98.1105
G1 X102.2414 Y-98.1026
G1 Z0.0000 F2500.0
G4 P0.02
G0 X99.6250 Y-96.8488 F15000.0
G1 Z11.9000 F2500.0
G4 P0.02
G1 X100.2688 Y-96.6878 F12000.0
G1 Z0.0000 F2500.0
G4 P0.02
G0 X99.9425 Y-96.6659 F15000.0
G1 Z11.9000 F2500.0
G4 P0.02
G1 X99.6551 Y-96.8383 F12000.0
G1 Z0.0000 F2500.0
G4 P0.02
G0 X100.4598 Y-98.0451 F15000.0
G1 Z11.9000 F2500.0
G4 P0.02
G1 X100.0575 Y-96.7233 F12000.0
G1 X100.2688 Y-96.6878
G1 X100.9127 Y-96.8488
G1 X100.7471 Y-96.6659
G1 X101.3793 Y-95.9187
G1 Z0.0000 F2500.0
G4 P0.02
G0 X106.4367 Y-96.2060 F15000.0
G1 Z11.9000 F2500.0
G4 P0.02
G1 X106.3362 Y-95.7764 F12000.0
G1 X106.2054 Y-95.3524
G1 X106.0659 Y-94.9630
G1 X105.6103 Y-93.7773
G1 X105.5185 Y-93.5965
G1 X105.4177 Y-93.4564
G1 X105.2863 Y-93.3301
G1 X105.1149 Y-93.2176
G1 Z0.0000 F2500.0
G4 P0.02
G0 X106.0919 Y-96.2635 F15000.0
G1 Z11.9000 F2500.0
G4 P0.02
G1 X107.1021 Y-96.2232 F12000.0
G1 X107.3970 Y-96.2247
G1 X107.6555 Y-96.2411
G1 X107.9067 Y-96.2763
G1 X108.1177 Y-96.3264
G1 X108.3183 Y-96.3977
G1 X108.5057 Y-96.4934
G1 Z0.0000 F2500.0
G4 P0.02
G0 X107.8160 Y-96.1486 F15000.0
G1 Z11.9000 F2500.0
G4 P0.02
G1 X107.3164 Y-94.6905 F12000.0
G1 X107.0810 Y-94.0714
G1 X107.0121 Y-93.8604
G1 X106.9726 Y-93.6778
G1 X106.9601 Y-93.5247
G1 X106.9714 Y-93.3712
G1 X107.0114 Y-93.2176
G1 Z0.0000 F2500.0
G4 P0.02
G0 X109.6550 Y-94.5394 F15000.0
G1 Z11.9000 F2500.0
G4 P0.02
G1 X109.3102 Y-94.5394 F12000.0
G1 X109.6550 Y-94.5394
G1 X109.7836 Y-94.4991
G1 X109.9096 Y-94.4071
G1 X109.9957 Y-94.2816
G1 X110.0402 Y-94.1358
G1 X110.0462 Y-94.0442
G1 X110.0363 Y-93.9532
G1 X109.9837 Y-93.8103
G1 X109.8843 Y-93.6904
G1 X109.7700 Y-93.6199
G1 X109.7125 Y-94.7693
G1 Z0.0000 F2500.0
G4 P0.02
G0 X109.6846 Y-87.6754 F15000.0
G1 Z11.9000 F2500.0
G4 P0.02
G1 X109.6846 Y-107.6316 F12000.0
G1 Z0.0000 F2500.0
G4 P0.02
G0 X114.4826 Y-96.9532 F15000.0
G1 Z11.9000 F2500.0
G4 P0.02
G1 X115.0142 Y-96.8767 F12000.0
G1 X114.8831 Y-96.5509
G1 X114.1952 Y-95.6889
G1 X114.7699 Y-95.6314
G1 Z0.0000 F2500.0
G4 P0.02
G0 X135.2869 Y-97.4129 F15000.0
G1 Z11.9000 F2500.0
G4 P0.02
G1 X135.5114 Y-97.6292 F12000.0
G1 X135.6845 Y-97.7571
G1 X135.8519 Y-97.8326
G1 X136.0119 Y-97.8613
G1 X136.1148 Y-97.8587
G1 X136.2118 Y-97.8403
G1 X136.3011 Y-97.8075
G1 X136.3809 Y-97.7616
G1 X136.4494 Y-97.7038
G1 X136.5050 Y-97.6355
G1 X136.5459 Y-97.5581
G1 X136.5703 Y-97.4728
G1 X136.5742 Y-97.3491
G1 X136.5415 Y-97.2170
G1 X136.4681 Y-97.0754
G1 X136.3759 Y-96.9502
G1 X136.2019 Y-96.7663
G1 X135.3351 Y-95.9476
G1 X135.0629 Y-95.6758
G1 X134.7974 Y-95.3644
G1 X134.6909 Y-95.2133
G1 X134.5973 Y-95.0566
G1 X135.6892 Y-94.9417
G1 Z0.0000 F2500.0
G4 P0.02
G0 X139.4822 Y-96.6659 F15000.0
G1 Z11.9000 F2500.0
G4 P0.02
G1 X140.1719 Y-98.2750 F12000.0
G1 Z0.0000 F2500.0
G4 P0.02
G0 X141.6661 Y-98.1600 F15000.0
G1 Z11.9000 F2500.0
G4 P0.02
G1 X141.2063 Y-96.7233 F12000.0
G1 Z0.0000 F2500.0
G4 P0.02
G0 X159.4245 Y-95.9761 F15000.0
G1 Z11.9000 F2500.0
G4 P0.02
G1 X159.8843 Y-96.6659 F12000.0
G1 Z0.0000 F2500.0
G4 P0.02
G0 X81.8968 Y-93.4475 F15000.0
G1 Z11.9000 F2500.0
G4 P0.02
G1 X81.7964 Y-93.0179 F12000.0
G1 X81.6654 Y-92.5938
G1 X81.5259 Y-92.2044
G1 X81.0704 Y-91.0187
G1 X80.9785 Y-90.8380
G1 X80.8778 Y-90.6978
G1 X80.7465 Y-90.5715
G1 X80.5749 Y-90.4590
G1 Z0.0000 F2500.0
G4 P0.02
G0 X81.5519 Y-93.5050 F15000.0
G1 Z11.9000 F2500.0
G4 P0.02
G1 X82.5622 Y-93.4646 F12000.0
G1 X82.8572 Y-93.4662
G1 X83.1156 Y-93.4825
G1 X83.3668 Y-93.5177
G1 X83.5779 Y-93.5678
G1 X83.7783 Y-93.6392
G1 X83.9657 Y-93.7349
G1 Z0.0000 F2500.0
G4 P0.02
G0 X83.2761 Y-93.3900 F15000.0
G1 Z11.9000 F2500.0
G4 P0.02
G1 X82.7765 Y-91.9318 F12000.0
G1 X82.5410 Y-91.3127
G1 X82.4721 Y-91.1019
G1 X82.4327 Y-90.9191
G1 X82.4202 Y-90.7660
G1 X82.4314 Y-90.6126
G1 X82.4715 Y-90.4590
G1 Z0.0000 F2500.0
G4 P0.02
G0 X84.4829 Y-91.3785 F15000.0
G1 Z11.9000 F2500.0
G4 P0.02
G1 X84.7074 Y-91.5948 F12000.0
G1 X84.8806 Y-91.7227
G1 X85.0480 Y-91.7982
G1 X85.2079 Y-91.8269
G1 X85.3108 Y-91.8243
G1 X85.4079 Y-91.8059
G1 X85.4971 Y-91.7731
G1 X85.5769 Y-91.7272
G1 X85.6455 Y-91.6694
G1 X85.7011 Y-91.6011
G1 X85.7420 Y-91.5237
G1 X85.7664 Y-91.4384
G1 X85.7702 Y-91.3147
G1 X85.7375 Y-91.1826
G1 X85.6642 Y-91.0410
G1 X85.5720 Y-90.9158
G1 X85.3980 Y-90.7319
G1 X84.5312 Y-89.9132
G1 X84.2590 Y-89.6414
G1 X83.9934 Y-89.3300
G1 X83.8869 Y-89.1789
G1 X83.7933 Y-89.0222
G1 X84.8853 Y-88.9073
G1 Z0.0000 F2500.0
G4 P0.02
G0 X104.1317 Y-93.2277 F15000.0
G1 Z11.9000 F2500.0
G4 P0.02
G1 X106.2241 Y-91.1355 F12000.0
G1 Z0.0000 F2500.0
G4 P0.02
G0 X107.5922 Y-89.7676 F15000.0
G1 Z11.9000 F2500.0
G4 P0.02
G1 X109.6846 Y-87.6754 F12000.0
G1 X109.5401 Y-87.7005
G1 X109.6269 Y-87.8333
G1 X109.6820 Y-87.9760
G1 X109.7121 Y-88.1262
G1 X109.7241 Y-88.3134
G1 X109.7125 Y-88.7924
G1 Z0.0000 F2500.0
G4 P0.02
G0 X108.2183 Y-91.6084 F15000.0
G1 Z11.9000 F2500.0
G4 P0.02
G1 X108.4415 Y-91.6155 F12000.0
G1 X108.6319 Y-91.6351
G1 X108.8174 Y-91.6702
G1 X108.9656 Y-91.7138
G1 X109.1058 Y-91.7719
G1 X109.2357 Y-91.8464
G1 X109.3531 Y-91.9391
G1 X109.4368 Y-92.0275
G1 X109.5574 Y-92.2152
G1 X109.6394 Y-92.4462
G1 X109.6713 Y-92.6710
G1 X109.6727 Y-93.0937
G1 X109.6875 Y-93.2689
G1 X109.7338 Y-93.4437
G1 X109.8274 Y-93.6199
G1 X109.5975 Y-93.2176
G1 X109.1953 Y-93.1601
G1 Z0.0000 F2500.0
G4 P0.02
G0 X109.5975 Y-92.1831 F15000.0
G1 Z11.9000 F2500.0
G4 P0.02
G1 X109.6531 Y-92.0754 F12000.0
G1 X109.6905 Y-91.9603
G1 X109.7130 Y-91.8396
G1 X109.7249 Y-91.6834
G1 X109.7125 Y-91.1486
G1 Z0.0000 F2500.0
G4 P0.02
G0 X131.6663 Y-88.5050 F15000.0
G1 Z11.9000 F2500.0
G4 P0.02
G1 X131.8377 Y-88.6175 F12000.0
G1 X131.9690 Y-88.7438
G1 X132.0698 Y-88.8840
G1 X132.1616 Y-89.0647
G1 X132.6172 Y-90.2505
G1 X132.7567 Y-90.6398
G1 X132.8876 Y-91.0639
G1 X132.9880 Y-91.4935
G1 Z0.0000 F2500.0
G4 P0.02
G0 X132.6433 Y-91.5510 F15000.0
G1 Z11.9000 F2500.0
G4 P0.02
G1 X133.6534 Y-91.5106 F12000.0
G1 X133.9484 Y-91.5122
G1 X134.2069 Y-91.5285
G1 X134.4580 Y-91.5637
G1 X134.6691 Y-91.6138
G1 X134.8696 Y-91.6852
G1 X135.0570 Y-91.7809
G1 Z0.0000 F2500.0
G4 P0.02
G0 X134.3674 Y-91.4360 F15000.0
G1 Z11.9000 F2500.0
G4 P0.02
G1 X133.8678 Y-89.9780 F12000.0
G1 X133.6323 Y-89.3587
G1 X133.5634 Y-89.1479
G1 X133.5240 Y-88.9652
G1 X133.5115 Y-88.8120
G1 X133.5228 Y-88.6586
G1 X133.5628 Y-88.5050
G1 Z0.0000 F2500.0
G4 P0.02
G0 X134.4248 Y-86.8384 F15000.0
G1 Z11.9000 F2500.0
G4 P0.02
G1 X134.7584 Y-86.8362 F12000.0
G1 X134.9392 Y-86.8518
G1 X135.1176 Y-86.8980
G1 X135.2604 Y-86.9641
G1 X135.4389 Y-87.0907
G1 X135.5907 Y-87.2505
G1 X135.7140 Y-87.4363
G1 X135.8067 Y-87.6408
G1 X135.8672 Y-87.8567
G1 X135.8923 Y-88.0757
G1 X135.8767 Y-88.1635
G1 X135.8105 Y-88.3592
G1 X135.8064 Y-88.4754
G1 X135.8570 Y-88.5837
G1 X136.0403 Y-88.7941
G1 X136.1534 Y-88.9884
G1 X136.2259 Y-89.2044
G1 X136.2418 Y-89.3278
G1 X136.2386 Y-89.4166
G1 X136.2116 Y-89.5262
G1 X136.1722 Y-89.5993
G1 X136.1147 Y-89.6621
G1 X136.0377 Y-89.7128
G1 X135.9395 Y-89.7493
G1 X135.8308 Y-89.7684
G1 X135.5168 Y-89.7694
G1 Z0.0000 F2500.0
G4 P0.02
G0 X135.7467 Y-88.4476 F15000.0
G1 Z11.9000 F2500.0
G4 P0.02
G1 X135.4018 Y-88.3901 F12000.0
G1 Z0.0000 F2500.0
G4 P0.02
G0 X139.1949 Y-88.5050 F15000.0
G1 Z11.9000 F2500.0
G4 P0.02
G1 X139.8845 Y-90.1142 F12000.0
G1 Z0.0000 F2500.0
G4 P0.02
G0 X140.4018 Y-91.6084 F15000.0
G1 Z11.9000 F2500.0
G4 P0.02
G1 X139.9977 Y-90.6315 F12000.0
G1 X139.9034 Y-90.1780
G1 X140.2293 Y-90.0567
G1 X141.0914 Y-90.0567
G1 X141.4299 Y-90.0889
G1 X141.6472 Y-90.5165
G1 X142.0109 Y-91.4935
G1 Z0.0000 F2500.0
G4 P0.02
G0 X141.3788 Y-89.9992 F15000.0
G1 Z11.9000 F2500.0
G4 P0.02
G1 X140.9189 Y-88.5625 F12000.0
G1 Z0.0000 F2500.0
G4 P0.02
G0 X143.6201 Y-88.7349 F15000.0
G1 Z11.9000 F2500.0
G4 P0.02
G1 X143.2941 Y-88.6040 F12000.0
G1 X142.9666 Y-88.5299
G1 X142.7488 Y-88.5089
G1 X142.5212 Y-88.5052
G1 X142.3936 Y-88.5109
G1 X142.2743 Y-88.5369
G1 X142.1951 Y-88.5794
G1 X142.1286 Y-88.6489
G1 X142.0863 Y-88.7298
G1 X142.0636 Y-88.8116
G1 X142.0546 Y-88.8992
G1 X142.0610 Y-89.0231
G1 X142.0849 Y-89.1526
G1 X142.1330 Y-89.3183
G1 X142.4012 Y-89.9695
G1 X142.6165 Y-90.6367
G1 X142.7204 Y-90.9103
G1 X142.8671 Y-91.1871
G1 X142.9383 Y-91.2853
G1 X143.0126 Y-91.3637
G1 X143.1264 Y-91.4412
G1 X143.2924 Y-91.5118
G1 X143.4821 Y-91.5598
G1 X143.6865 Y-91.5872
G1 X143.9319 Y-91.5957
G1 X144.1711 Y-91.5822
G1 X144.3900 Y-91.5497
G1 X144.5744 Y-91.5015
G1 X144.3677 Y-90.7366
G1 X144.1282 Y-90.0495
G1 X143.8020 Y-89.1805
G1 X143.7562 Y-89.0255
G1 X143.7390 Y-88.8755
G1 X143.7562 Y-88.7622
G1 X143.8097 Y-88.6571
G1 X143.9074 Y-88.5625
G1 Z0.0000 F2500.0
G4 P0.02
G0 X147.5281 Y-88.5050 F15000.0
G1 Z11.9000 F2500.0
G4 P0.02
G1 X148.7125 Y-91.7234 F12000.0
G1 X149.1947 Y-92.9302
G1 X148.9648 Y-92.6429
G1 X148.8168 Y-92.6035
G1 X148.6717 Y-92.5482
G1 X148.5298 Y-92.4793
G1 X148.3643 Y-92.3815
G1 X148.0515 Y-92.1516
G1 X147.7005 Y-91.8384
G1 Z0.0000 F2500.0
G4 P0.02
G0 X151.3968 Y-90.7355 F15000.0
G1 Z11.9000 F2500.0
G4 P0.02
G1 X151.1641 Y-90.0186 F12000.0
G1 X151.0570 Y-89.7441
G1 X150.9490 Y-89.5104
G1 X150.8258 Y-89.2908
G1 X150.7034 Y-89.1136
G1 X150.5651 Y-88.9531
G1 X150.4325 Y-88.8311
G1 X150.2333 Y-88.6940
G1 X150.0357 Y-88.6010
G1 X149.8145 Y-88.5362
G1 X149.5967 Y-88.5056
G1 X149.4203 Y-88.5092
G1 X149.2364 Y-88.5507
G1 X149.1079 Y-88.6145
G1 X148.9852 Y-88.7236
G1 X148.8991 Y-88.8658
G1 X148.8519 Y-89.0383
G1 X148.8460 Y-89.2385
G1 X148.8741 Y-89.4246
G1 X148.9780 Y-89.7828
G1 X149.3268 Y-90.6818
G1 X149.6486 Y-91.6536
G1 X149.8304 Y-92.0743
G1 X149.9233 Y-92.2412
G1 X150.0276 Y-92.3961
G1 X150.1445 Y-92.5365
G1 X150.2530 Y-92.6407
G1 X150.3722 Y-92.7314
G1 X150.5032 Y-92.8071
G1 X150.6771 Y-92.8762
G1 X150.8872 Y-92.9215
G1 X151.1057 Y-92.9372
G1 X151.3381 Y-92.9220
G1 X151.5300 Y-92.8772
G1 X151.6731 Y-92.8129
G1 X151.7914 Y-92.7201
G1 X151.8761 Y-92.5955
G1 X151.9136 Y-92.4705
G1 X151.9226 Y-92.3555
G1 X151.9148 Y-92.2353
G1 X151.8855 Y-92.0797
G1 X151.8060 Y-91.8256
G1 X151.5725 Y-91.2583
G1 X151.4446 Y-90.8872
G1 X151.3968 Y-90.7355
G1 Z0.0000 F2500.0
G4 P0.02
G0 X153.5625 Y-88.5050 F15000.0
G1 Z11.9000 F2500.0
G4 P0.02
G1 X154.1946 Y-90.1716 F12000.0
G1 X154.7119 Y-91.1486
G1 X154.7119 Y-91.4360
G1 X154.9021 Y-90.9187
G1 X155.1861 Y-90.2757
G1 X155.5740 Y-90.4607
G1 X156.4360 Y-91.0912
G1 X156.7234 Y-91.5510
G1 X156.3785 Y-90.5740
G1 X155.6315 Y-88.5625
G1 Z0.0000 F2500.0
G4 P0.02
G0 X156.5510 Y-88.5050 F15000.0
G1 Z11.9000 F2500.0
G4 P0.02
G1 X157.1831 Y-90.1716 F12000.0
G1 X157.7004 Y-91.1486
G1 X157.7004 Y-91.4360
G1 X157.8906 Y-90.9187
G1 X158.1745 Y-90.2757
G1 X158.5624 Y-90.4607
G1 X159.4245 Y-91.0912
G1 X159.7119 Y-91.5510
G1 X159.3670 Y-90.5740
G1 X158.6199 Y-88.5625
G1 Z0.0000 F2500.0
G4 P0.02
G0 X109.6846 Y-87.6754 F15000.0
G1 Z11.9000 F2500.0
G4 P0.02
G1 X79.5057 Y-87.6754 F12000.0
G1 Z0.0000 F2500.0
G4 P0.02
G0 X87.8753 Y-86.1465 F15000.0
G1 Z11.9000 F2500.0
G4 P0.02
G1 X87.8753 Y-82.9278 F12000.0
G1 Z0.0000 F2500.0
G4 P0.02
G0 X111.6665 Y-84.9418 F15000.0
G1 Z11.9000 F2500.0
G4 P0.02
G1 X113.4481 Y-84.9418 F12000.0
G1 Z0.0000 F2500.0
G4 P0.02
G0 X114.8848 Y-86.4361 F15000.0
G1 Z11.9000 F2500.0
G4 P0.02
G1 X116.2642 Y-86.3786 F12000.0
G1 X116.2169 Y-86.2581
G1 X116.1450 Y-86.1202
G1 X115.9675 Y-85.8755
G1 X115.5432 Y-85.4254
G1 X114.7011 Y-84.4802
G1 X114.2708 Y-84.0486
G1 X114.1503 Y-83.9144
G1 X114.0403 Y-83.7418
G1 X114.0123 Y-83.6553
G1 X114.0096 Y-83.5713
G1 X114.0377 Y-83.4918
G1 X114.0896 Y-83.4337
G1 X114.1898 Y-83.3899
G1 X114.3198 Y-83.3698
G1 X114.5031 Y-83.3674
G1 X115.0689 Y-83.3962
G1 X115.4596 Y-83.4476
G1 Z0.0000 F2500.0
G4 P0.02
G0 X38.5066 Y-83.0453 F15000.0
G1 Z11.9000 F2500.0
G4 P0.02
G1 X37.0299 Y-80.7483 F12000.0
G1 X36.6388 Y-80.4000
G1 X36.4425 Y-79.8270
G1 X35.6905 Y-78.7620
G1 X35.1733 Y-78.5627
G1 Z0.0000 F2500.0
G4 P0.02
G0 X36.6675 Y-80.5166 F15000.0
G1 Z11.9000 F2500.0
G4 P0.02
G1 X36.6627 Y-81.4362 F12000.0
G1 X36.7825 Y-82.8729
G1 Z0.0000 F2500.0
G4 P0.02
G0 X85.4834 Y-89.5582 F15000.0
G1 Z11.9000 F2500.0
G4 P0.02
G1 X85.5394 Y-90.9034 F12000.0
G1 X86.3779 Y-90.1748
G1 X94.0932 Y-82.4394
G1 X94.7641 Y-81.8263
G1 X95.0201 Y-82.0471
G1 X95.3791 Y-83.0560
G1 Z0.0000 F2500.0
G4 P0.02
G0 X87.8753 Y-81.0770 F15000.0
G1 Z11.9000 F2500.0
G4 P0.02
G1 X87.8753 Y-77.8582 F12000.0
G1 Z0.0000 F2500.0
G4 P0.02
G0 X87.8753 Y-86.1465 F15000.0
G1 Z11.9000 F2500.0
G4 P0.02
G1 X101.3150 Y-72.7083 F12000.0
G1 Z0.0000 F2500.0
G4 P0.02
G0 X85.4850 Y-77.4694 F15000.0
G1 Z11.9000 F2500.0
G4 P0.02
G1 X85.4850 Y-91.1255 F12000.0
G1 Z0.0000 F2500.0
G4 P0.02
G0 X89.7128 Y-79.4247 F15000.0
G1 Z11.9000 F2500.0
G4 P0.02
G1 X89.6123 Y-78.9951 F12000.0
G1 X89.4814 Y-78.5710
G1 X89.3419 Y-78.1817
G1 X88.8863 Y-76.9959
G1 X88.7945 Y-76.8152
G1 X88.6937 Y-76.6750
G1 X88.5624 Y-76.5487
G1 X88.3910 Y-76.4362
G1 Z0.0000 F2500.0
G4 P0.02
G0 X89.3680 Y-79.4822 F15000.0
G1 Z11.9000 F2500.0
G4 P0.02
G1 X90.3782 Y-79.4418 F12000.0
G1 X90.6731 Y-79.4434
G1 X90.9316 Y-79.4597
G1 X91.1827 Y-79.4949
G1 X91.3939 Y-79.5450
G1 X91.5943 Y-79.6164
G1 X91.7817 Y-79.7121
G1 Z0.0000 F2500.0
G4 P0.02
G0 X91.0921 Y-79.3672 F15000.0
G1 Z11.9000 F2500.0
G4 P0.02
G1 X90.5925 Y-77.9092 F12000.0
G1 X90.3570 Y-77.2899
G1 X90.2881 Y-77.0791
G1 X90.2487 Y-76.8964
G1 X90.2361 Y-76.7432
G1 X90.2475 Y-76.5898
G1 X90.2875 Y-76.4362
G1 Z0.0000 F2500.0
G4 P0.02
G0 X91.4943 Y-74.8845 F15000.0
G1 Z11.9000 F2500.0
G4 P0.02
G1 X91.8280 Y-74.8824 F12000.0
G1 X92.0087 Y-74.8980
G1 X92.1871 Y-74.9442
G1 X92.3299 Y-75.0103
G1 X92.5085 Y-75.1368
G1 X92.6603 Y-75.2967
G1 X92.7835 Y-75.4825
G1 X92.8763 Y-75.6870
G1 X92.9368 Y-75.9028
G1 X92.9618 Y-76.1219
G1 X92.9461 Y-76.2096
G1 X92.8801 Y-76.4053
G1 X92.8760 Y-76.5215
G1 X92.9265 Y-76.6299
G1 X93.1099 Y-76.8403
G1 X93.2229 Y-77.0345
G1 X93.2954 Y-77.2506
G1 X93.3113 Y-77.3739
G1 X93.3082 Y-77.4627
G1 X93.2811 Y-77.5724
G1 X93.2418 Y-77.6453
G1 X93.1843 Y-77.7083
G1 X93.1072 Y-77.7589
G1 X93.0090 Y-77.7954
G1 X92.9004 Y-77.8145
G1 X92.5863 Y-77.8155
G1 Z0.0000 F2500.0
G4 P0.02
G0 X92.8162 Y-76.4937 F15000.0
G1 Z11.9000 F2500.0
G4 P0.02
G1 X92.4713 Y-76.4362 F12000.0
G1 X92.8441 Y-76.2135
G1 X92.2178 Y-76.4490
G1 X91.5915 Y-76.3705
G1 X91.0434 Y-76.0566
G1 X90.6520 Y-75.4288
G1 X90.6520 Y-74.8009
G1 X90.9651 Y-74.1730
G1 X91.4350 Y-73.7806
G1 X92.0613 Y-73.7021
G1 X92.6875 Y-73.8591
G1 X93.1573 Y-74.3299
G1 X93.3921 Y-74.9578
G1 X93.3921 Y-75.0363
G1 X93.2355 Y-75.7427
G1 X92.8441 Y-76.2135
G1 Z0.0000 F2500.0
G4 P0.02
G0 X97.3564 Y-76.0339 F15000.0
G1 Z11.9000 F2500.0
G4 P0.02
G1 X97.4713 Y-76.3213 F12000.0
G1 X97.5287 Y-76.4937
G1 X97.8161 Y-76.2638
G1 Z0.0000 F2500.0
G4 P0.02
G0 X98.4483 Y-77.8729 F15000.0
G1 Z11.9000 F2500.0
G4 P0.02
G1 X98.1822 Y-77.1063 F12000.0
G1 X97.8549 Y-76.2604
G1 X97.8444 Y-76.1734
G1 X97.8676 Y-76.0921
G1 X97.9374 Y-76.0196
G1 X98.0317 Y-75.9781
G1 X98.1138 Y-75.9847
G1 X98.1844 Y-76.0279
G1 X98.2438 Y-76.0969
G1 X98.3068 Y-76.2094
G1 X98.7138 Y-77.3033
G1 X98.9081 Y-77.8729
G1 Z0.0000 F2500.0
G4 P0.02
G0 X10.3457 Y-76.8342 F15000.0
G1 Z11.9000 F2500.0
G4 P0.02
G1 X10.7434 Y-77.9236 F12000.0
G1 X10.7993 Y-78.0251
G1 X10.8843 Y-78.0961
G1 X10.9635 Y-78.1222
G1 X11.0840 Y-78.1335
G1 X11.3505 Y-78.1233
G1 X11.7998 Y-78.1260
G1 X12.0574 Y-78.0990
G1 X12.2067 Y-78.0590
G1 X12.3381 Y-77.9948
G1 X12.4439 Y-77.9007
G1 X12.5052 Y-77.8004
G1 X12.5417 Y-77.6749
G1 X12.5490 Y-77.5373
G1 X12.5317 Y-77.3906
G1 X12.4865 Y-77.2080
G1 X12.4124 Y-76.9950
G1 X12.0830 Y-76.1552
G1 X11.5933 Y-74.7982
G1 X11.4652 Y-74.5242
G1 X11.3170 Y-74.3018
G1 X11.1465 Y-74.1284
G1 X10.9591 Y-73.9990
G1 X10.8205 Y-73.9313
G1 X10.6492 Y-73.8739
G1 X10.4441 Y-73.8332
G1 X10.2348 Y-73.8138
G1 X9.6833 Y-73.8039
G1 X9.5890 Y-73.8102
G1 X9.4805 Y-73.8485
G1 X9.4227 Y-73.9124
G1 X9.3999 Y-73.9771
G1 X9.3893 Y-74.0933
G1 X9.4220 Y-74.3012
G1 X9.4713 Y-74.4499
G1 X9.6082 Y-74.7899
G1 X9.9542 Y-75.7696
G1 X10.3457 Y-76.8342
G1 Z0.0000 F2500.0
G4 P0.02
G0 X13.3072 Y-77.1704 F15000.0
G1 Z11.9000 F2500.0
G4 P0.02
G1 X13.9781 Y-78.9642 F12000.0
G1 X14.4254 Y-78.9642
G1 X13.7545 Y-77.1704
G1 X14.2017 Y-77.1704
G1 X14.8727 Y-78.9642
G1 Z0.0000 F2500.0
G4 P0.02
G0 X14.0080 Y-72.8387 F15000.0
G1 Z11.9000 F2500.0
G4 P0.02
G1 X13.6949 Y-72.2894 F12000.0
G1 X13.6166 Y-71.6615
G1 X13.9297 Y-71.0336
G1 X14.3995 Y-70.6413
G1 X15.1041 Y-70.4842
G1 X15.7303 Y-70.7198
G1 X16.2000 Y-71.1906
G1 X16.3566 Y-71.8184
G1 X16.3822 Y-71.7893
G1 X18.1711 Y-71.8454
G1 Z0.0000 F2500.0
G4 P0.02
G0 X14.5560 Y-73.2312 F15000.0
G1 Z11.9000 F2500.0
G4 P0.02
G1 X14.0080 Y-72.8387 F12000.0
G1 Z0.0000 F2500.0
G4 P0.02
G0 X15.1824 Y-73.3097 F15000.0
G1 Z11.9000 F2500.0
G4 P0.02
G1 X14.5560 Y-73.2312 F12000.0
G1 Z0.0000 F2500.0
G4 P0.02
G0 X15.1824 Y-73.3097 F15000.0
G1 Z11.9000 F2500.0
G4 P0.02
G1 X15.8086 Y-73.0742 F12000.0
G1 X16.2000 Y-72.5249
G1 X16.3566 Y-71.8970
G1 X16.3262 Y-71.8454
G1 X16.3095 Y-72.1250
G1 X16.2571 Y-72.3517
G1 X16.1557 Y-72.5737
G1 X16.0812 Y-72.6895
G1 X15.9955 Y-72.7976
G1 X15.8300 Y-72.9540
G1 X15.6208 Y-73.0840
G1 X15.3963 Y-73.1645
G1 X15.1626 Y-73.1986
G1 X14.8963 Y-73.1851
G1 X14.6351 Y-73.1205
G1 X14.4954 Y-73.0641
G1 X14.3615 Y-72.9939
G1 X14.1398 Y-72.8352
G1 X13.9506 Y-72.6382
G1 X13.8628 Y-72.5137
G1 X13.8026 Y-72.4072
G1 X13.7415 Y-72.2656
G1 X13.7047 Y-72.1463
G1 X13.6667 Y-71.8925
G1 X13.6672 Y-71.7588
G1 X13.6815 Y-71.6212
G1 X13.7066 Y-71.5099
G1 X13.7465 Y-71.3983
G1 X13.8138 Y-71.2608
G1 X13.8973 Y-71.1275
G1 X14.0966 Y-70.8850
G1 X14.3135 Y-70.6918
G1 X14.3953 Y-70.6367
G1 X14.5052 Y-70.5810
G1 X14.6169 Y-70.5426
G1 X14.7319 Y-70.5185
G1 X15.0078 Y-70.5002
G1 X15.0404 Y-70.5001
G1 Z0.0000 F2500.0
G4 P0.02
G0 X18.4523 Y-76.8902 F15000.0
G1 Z11.9000 F2500.0
G4 P0.02
G1 X18.8500 Y-77.9797 F12000.0
G1 X18.9059 Y-78.0811
G1 X18.9909 Y-78.1521
G1 X19.0700 Y-78.1783
G1 X19.1904 Y-78.1896
G1 X19.4570 Y-78.1794
G1 X19.9063 Y-78.1821
G1 X20.1640 Y-78.1551
G1 X20.3133 Y-78.1151
G1 X20.4446 Y-78.0507
G1 X20.5504 Y-77.9568
G1 X20.6118 Y-77.8565
G1 X20.6481 Y-77.7310
G1 X20.6554 Y-77.5934
G1 X20.6381 Y-77.4466
G1 X20.5930 Y-77.2641
G1 X20.5190 Y-77.0510
G1 X20.1895 Y-76.2113
G1 X19.6998 Y-74.8541
G1 X19.5718 Y-74.5803
G1 X19.4235 Y-74.3578
G1 X19.2532 Y-74.1845
G1 X19.0657 Y-74.0550
G1 X18.9270 Y-73.9874
G1 X18.7557 Y-73.9299
G1 X18.5506 Y-73.8893
G1 X18.3413 Y-73.8699
G1 X17.7899 Y-73.8599
G1 X17.6955 Y-73.8663
G1 X17.5870 Y-73.9046
G1 X17.5292 Y-73.9685
G1 X17.5065 Y-74.0332
G1 X17.4959 Y-74.1493
G1 X17.5285 Y-74.3573
G1 X17.5780 Y-74.5059
G1 X17.7147 Y-74.8459
G1 X18.0608 Y-75.8257
G1 X18.4523 Y-76.8902
G1 Z0.0000 F2500.0
G4 P0.02
G0 X21.3020 Y-74.8723 F15000.0
G1 Z11.9000 F2500.0
G4 P0.02
G1 X22.9233 Y-74.8723 F12000.0
G1 Z0.0000 F2500.0
G4 P0.02
G0 X21.4138 Y-77.2266 F15000.0
G1 Z11.9000 F2500.0
G4 P0.02
G1 X22.0847 Y-79.0202 F12000.0
G1 Z0.0000 F2500.0
G4 P0.02
G0 X21.7492 Y-75.8251 F15000.0
G1 Z11.9000 F2500.0
G4 P0.02
G1 X23.3146 Y-75.8812 F12000.0
G1 Z0.0000 F2500.0
G4 P0.02
G0 X23.2460 Y-72.8387 F15000.0
G1 Z11.9000 F2500.0
G4 P0.02
G1 X22.9328 Y-72.2894 F12000.0
G1 X22.8546 Y-71.6615
G1 X23.1677 Y-71.0336
G1 X23.6375 Y-70.6413
G1 X24.3421 Y-70.4842
G1 X24.9684 Y-70.7198
G1 X25.4381 Y-71.1906
G1 X25.5947 Y-71.8184
G1 X25.6730 Y-71.8970
G1 X25.5164 Y-72.5249
G1 X25.0467 Y-73.0742
G1 X24.4204 Y-73.3097
G1 X23.7941 Y-73.2312
G1 X23.2460 Y-72.8387
G1 Z0.0000 F2500.0
G4 P0.02
G0 X24.5462 Y-76.8902 F15000.0
G1 Z11.9000 F2500.0
G4 P0.02
G1 X24.9438 Y-77.9797 F12000.0
G1 X24.9998 Y-78.0811
G1 X25.0849 Y-78.1521
G1 X25.1639 Y-78.1783
G1 X25.2843 Y-78.1896
G1 X25.5509 Y-78.1794
G1 X26.0002 Y-78.1821
G1 X26.2579 Y-78.1551
G1 X26.4072 Y-78.1151
G1 X26.5384 Y-78.0507
G1 X26.6443 Y-77.9568
G1 X26.7057 Y-77.8565
G1 X26.7421 Y-77.7310
G1 X26.7493 Y-77.5934
G1 X26.7320 Y-77.4466
G1 X26.6869 Y-77.2641
G1 X26.6128 Y-77.0510
G1 X26.2834 Y-76.2113
G1 X25.7936 Y-74.8541
G1 X25.6657 Y-74.5803
G1 X25.5174 Y-74.3578
G1 X25.3470 Y-74.1845
G1 X25.1596 Y-74.0550
G1 X25.0209 Y-73.9874
G1 X24.8496 Y-73.9299
G1 X24.6445 Y-73.8893
G1 X24.4351 Y-73.8699
G1 X23.8837 Y-73.8599
G1 X23.7894 Y-73.8663
G1 X23.6810 Y-73.9046
G1 X23.6231 Y-73.9685
G1 X23.6004 Y-74.0332
G1 X23.5898 Y-74.1493
G1 X23.6224 Y-74.3573
G1 X23.6719 Y-74.5059
G1 X23.8086 Y-74.8459
G1 X24.1547 Y-75.8257
G1 X24.5462 Y-76.8902
G1 Z0.0000 F2500.0
G4 P0.02
G0 X27.5076 Y-77.2266 F15000.0
G1 Z11.9000 F2500.0
G4 P0.02
G1 X28.1786 Y-79.0202 F12000.0
G1 X28.6258 Y-79.0202
G1 X27.9550 Y-77.2266
G1 Z0.0000 F2500.0
G4 P0.02
G0 X33.3342 Y-76.4937 F15000.0
G1 Z11.9000 F2500.0
G4 P0.02
G1 X34.7135 Y-76.4362 F12000.0
G1 X34.6649 Y-76.3127
G1 X34.5908 Y-76.1717
G1 X34.4074 Y-75.9220
G1 X33.9933 Y-75.4836
G1 X33.1505 Y-74.5378
G1 X32.7202 Y-74.1061
G1 X32.5998 Y-73.9721
G1 X32.4898 Y-73.7994
G1 X32.4617 Y-73.7129
G1 X32.4589 Y-73.6289
G1 X32.4869 Y-73.5494
G1 X32.5388 Y-73.4913
G1 X32.6391 Y-73.4476
G1 X32.7691 Y-73.4273
G1 X32.9524 Y-73.4250
G1 X33.5183 Y-73.4538
G1 X33.9090 Y-73.5052
G1 Z0.0000 F2500.0
G4 P0.02
G0 X32.4840 Y-72.8387 F15000.0
G1 Z11.9000 F2500.0
G4 P0.02
G1 X32.1709 Y-72.2894 F12000.0
G1 X32.1709 Y-71.6615
G1 X32.4058 Y-71.0336
G1 X32.9538 Y-70.6413
G1 X33.5801 Y-70.4842
G1 X33.4898 Y-70.5001
G1 X33.5239 Y-71.7893
G1 X33.5457 Y-73.1347
G1 X33.2296 Y-73.1643 F12000.0
G1 X32.9933 Y-73.0893
G1 X32.8850 Y-73.0356
G1 X32.7592 Y-72.9545
G1 X32.6666 Y-72.8795
G1 X32.5615 Y-72.7745
G1 X32.4037 Y-72.5580
G1 X32.2888 Y-72.3137
G1 X32.2203 Y-72.0504
G1 X32.2015 Y-71.7765
G1 X32.2290 Y-71.5313
G1 X32.3006 Y-71.2910
G1 X32.4184 Y-71.0613
G1 X32.4896 Y-70.9613
G1 X32.5687 Y-70.8756
G1 X32.6601 Y-70.7959
G1 X32.7884 Y-70.7056
G1 X33.0459 Y-70.5726
G1 X33.3157 Y-70.4832
G1 X33.5746 Y-70.4446
G1 X33.6610 Y-70.4536
G1 X33.7748 Y-70.4863
G1 X34.1237 Y-70.6385
G1 X34.3522 Y-70.7832
G1 X34.5386 Y-70.9457
G1 X34.7177 Y-71.1602
G1 X34.8390 Y-71.3738
G1 X34.9153 Y-71.6038
G1 X34.9378 Y-71.8147
G1 X34.9113 Y-72.0684
G1 X34.8812 Y-72.1897
G1 X34.8289 Y-72.3342
G1 X34.7145 Y-72.5481
G1 X34.5455 Y-72.7606
G1 X34.3404 Y-72.9397
G1 X34.2133 Y-73.0236
G1 X34.0785 Y-73.0956
G1 X33.8195 Y-73.1932
G1 X33.5457 Y-73.2467
G1 X33.5457 Y-75.4889
G1 Z0.0000 F2500.0
G4 P0.02
G0 X33.0321 Y-73.2312 F15000.0
G1 Z11.9000 F2500.0
G4 P0.02
G1 X32.4840 Y-72.8387 F12000.0
G1 Z0.0000 F2500.0
G4 P0.02
G0 X33.0321 Y-73.2312 F15000.0
G1 Z11.9000 F2500.0
G4 P0.02
G1 X33.6583 Y-73.3097 F12000.0
G1 X34.2846 Y-73.0742
G1 X34.7543 Y-72.5249
G1 X34.9110 Y-71.8970
G1 X34.9110 Y-71.8184
G1 X34.6761 Y-71.1906
G1 X34.2063 Y-70.7198
G1 X33.5801 Y-70.4842
G1 Z0.0000 F2500.0
G4 P0.02
G0 X37.6845 Y-75.0404 F15000.0
G1 Z11.9000 F2500.0
G4 P0.02
G1 X38.0821 Y-76.1299 F12000.0
G1 X38.1379 Y-76.2313
G1 X38.2229 Y-76.3024
G1 X38.3021 Y-76.3284
G1 X38.4226 Y-76.3398
G1 X38.6892 Y-76.3297
G1 X39.1385 Y-76.3323
G1 X39.3961 Y-76.3054
G1 X39.5455 Y-76.2653
G1 X39.6767 Y-76.2010
G1 X39.7827 Y-76.1070
G1 X39.8440 Y-76.0067
G1 X39.8805 Y-75.8812
G1 X39.8876 Y-75.7436
G1 X39.8703 Y-75.5969
G1 X39.8250 Y-75.4144
G1 X39.7510 Y-75.2013
G1 X39.4216 Y-74.3615
G1 X38.9321 Y-73.0044
G1 X38.8040 Y-72.7305
G1 X38.6557 Y-72.5080
G1 X38.4852 Y-72.3347
G1 X38.2977 Y-72.2054
G1 X38.1591 Y-72.1377
G1 X37.9877 Y-72.0801
G1 X37.7827 Y-72.0395
G1 X37.5733 Y-72.0201
G1 X37.0220 Y-72.0102
G1 X36.9276 Y-72.0165
G1 X36.8191 Y-72.0548
G1 X36.7613 Y-72.1187
G1 X36.7386 Y-72.1834
G1 X36.7279 Y-72.2995
G1 X36.7607 Y-72.5076
G1 X36.8100 Y-72.6563
G1 X36.9468 Y-72.9961
G1 X37.2929 Y-73.9760
G1 X37.6845 Y-75.0404
G1 Z0.0000 F2500.0
G4 P0.02
G0 X41.2609 Y-73.0225 F15000.0
G1 Z11.9000 F2500.0
G4 P0.02
G1 X42.8822 Y-73.0225 F12000.0
G1 Z0.0000 F2500.0
G4 P0.02
G0 X43.2735 Y-74.0315 F15000.0
G1 Z11.9000 F2500.0
G4 P0.02
G1 X41.7082 Y-73.9755 F12000.0
G1 Z0.0000 F2500.0
G4 P0.02
G0 X44.4492 Y-75.0404 F15000.0
G1 Z11.9000 F2500.0
G4 P0.02
G1 X44.8468 Y-76.1299 F12000.0
G1 X44.9028 Y-76.2313
G1 X44.9878 Y-76.3024
G1 X45.0669 Y-76.3284
G1 X45.1873 Y-76.3398
G1 X45.4540 Y-76.3297
G1 X45.9032 Y-76.3323
G1 X46.1610 Y-76.3054
G1 X46.3103 Y-76.2653
G1 X46.4416 Y-76.2010
G1 X46.5475 Y-76.1070
G1 X46.6089 Y-76.0067
G1 X46.6453 Y-75.8812
G1 X46.6525 Y-75.7436
G1 X46.6351 Y-75.5969
G1 X46.5898 Y-75.4144
G1 X46.5157 Y-75.2013
G1 X46.1863 Y-74.3615
G1 X45.6968 Y-73.0044
G1 X45.5688 Y-72.7305
G1 X45.4204 Y-72.5080
G1 X45.2500 Y-72.3347
G1 X45.0625 Y-72.2054
G1 X44.9239 Y-72.1377
G1 X44.7525 Y-72.0801
G1 X44.5474 Y-72.0395
G1 X44.3381 Y-72.0201
G1 X43.7866 Y-72.0102
G1 X43.6923 Y-72.0165
G1 X43.5838 Y-72.0548
G1 X43.5260 Y-72.1187
G1 X43.5034 Y-72.1834
G1 X43.4926 Y-72.2995
G1 X43.5252 Y-72.5076
G1 X43.5747 Y-72.6563
G1 X43.7116 Y-72.9961
G1 X44.0576 Y-73.9760
G1 X44.4492 Y-75.0404
G1 Z0.0000 F2500.0
G4 P0.02
G0 X77.5743 Y-72.7083 F15000.0
G1 Z11.9000 F2500.0
G4 P0.02
G1 X101.3150 Y-72.7083 F12000.0
G1 Z0.0000 F2500.0
G4 P0.02
G0 X80.1164 Y-73.6391 F15000.0
G1 Z11.9000 F2500.0
G4 P0.02
G1 X79.9340 Y-73.5457 F12000.0
G1 X79.7391 Y-73.4760
G1 X79.5337 Y-73.4271
G1 X79.2894 Y-73.3928
G1 X79.0379 Y-73.3769
G1 X78.7510 Y-73.3754
G1 X77.7682 Y-73.4149
G1 X78.1038 Y-73.3589
G1 X78.0059 Y-72.9398
G1 X77.8786 Y-72.5262
G1 X77.7429 Y-72.1464
G1 X77.2997 Y-70.9900
G1 X77.2105 Y-70.8136
G1 X77.1123 Y-70.6770
G1 X76.9846 Y-70.5538
G1 X76.8178 Y-70.4441
G1 Z0.0000 F2500.0
G4 P0.02
G0 X84.0232 Y-72.4708 F15000.0
G1 Z11.9000 F2500.0
G4 P0.02
G1 X83.9440 Y-72.5277 F12000.0
G1 X83.8347 Y-72.5835
G1 X83.6342 Y-72.6365
G1 X83.4238 Y-72.6505
G1 X82.8958 Y-72.6419
G1 X82.7412 Y-72.6672
G1 X82.6675 Y-72.7141
G1 X82.6251 Y-72.7849
G1 X82.6154 Y-72.8836
G1 X82.6431 Y-73.0359
G1 X82.7288 Y-73.2745
G1 X82.9089 Y-73.6777
G1 X83.1850 Y-74.4123
G1 X83.6076 Y-75.5964
G1 X83.8171 Y-76.2637
G1 X83.8824 Y-76.4229
G1 X83.9447 Y-76.5306
G1 X84.0375 Y-76.6247
G1 X84.0883 Y-76.6495
G1 X84.1756 Y-76.6692
G1 X84.9474 Y-76.6756
G1 X85.2087 Y-76.6562
G1 X85.3625 Y-76.6215
G1 X85.4755 Y-76.5765
G1 X85.5764 Y-76.5133
G1 X85.6621 Y-76.4285
G1 X85.7295 Y-76.3196
G1 X85.7581 Y-76.2377
G1 X85.7718 Y-76.1207
G1 X85.7630 Y-75.9977
G1 X85.6894 Y-75.7153
G1 X85.1533 Y-74.2515
G1 X84.8790 Y-73.4444
G1 X84.7382 Y-73.0933
G1 X84.5979 Y-72.8155
G1 Z0.0000 F2500.0
G4 P0.02
G0 X82.8239 Y-76.3586 F15000.0
G1 Z11.9000 F2500.0
G4 P0.02
G1 X82.9529 Y-76.3678 F12000.0
G1 X83.0782 Y-76.3613
G1 X83.1987 Y-76.3396
G1 X83.3138 Y-76.3042
G1 X83.4232 Y-76.2557
G1 X83.5513 Y-76.1786
G1 X83.6463 Y-76.1049
G1 X83.7552 Y-75.9996
G1 X83.9210 Y-75.7794
G1 X83.9950 Y-75.6436
G1 X84.0550 Y-75.5010
G1 X84.1004 Y-75.3533
G1 X84.1301 Y-75.2029
G1 X84.1437 Y-75.0517
G1 X84.1422 Y-74.9317
G1 X84.1029 Y-74.6852
G1 X84.0657 Y-74.5665
G1 X84.0045 Y-74.4258
G1 X83.8752 Y-74.2199
G1 X83.6899 Y-74.0201
G1 X83.4696 Y-73.8577
G1 X83.2218 Y-73.7373
G1 X82.9542 Y-73.6632
G1 X82.8000 Y-73.6436
G1 X82.6809 Y-73.6418
G1 X82.4446 Y-73.6784
G1 X82.3289 Y-73.7151
G1 X82.1885 Y-73.7765
G1 X81.9769 Y-73.9077
G1 X81.7653 Y-74.0961
G1 X81.5909 Y-74.3195
G1 X81.4746 Y-74.5399
G1 X81.4235 Y-74.6853
G1 X81.3959 Y-74.8044
G1 X81.3810 Y-74.9253
G1 X81.3796 Y-75.0471
G1 X81.4121 Y-75.2604
G1 X81.5053 Y-75.5078
G1 X81.6328 Y-75.7256
G1 X81.8103 Y-75.9293
G1 X81.9949 Y-76.0755
G1 X82.2284 Y-76.2029
G1 X82.4852 Y-76.2938
G1 X82.7922 Y-76.3547
G1 X82.8239 Y-76.3586
G1 Z0.0000 F2500.0
G4 P0.02
G0 X81.8055 Y-76.0566 F15000.0
G1 Z11.9000 F2500.0
G4 P0.02
G1 X81.4140 Y-75.4288 F12000.0
G1 X81.4140 Y-74.8009
G1 X81.6490 Y-74.1730
G1 X82.1969 Y-73.7806
G1 X82.8232 Y-73.7021
G1 X83.4496 Y-73.8591
G1 X83.9193 Y-74.3299
G1 X84.1541 Y-74.9578
G1 X84.1541 Y-75.0363
G1 X83.9976 Y-75.7427
G1 X83.6062 Y-76.2135
G1 X82.9799 Y-76.4490
G1 X82.3535 Y-76.3705
G1 X81.8055 Y-76.0566
G1 Z0.0000 F2500.0
G4 P0.02
G0 X82.7449 Y-75.0363 F15000.0
G1 Z11.9000 F2500.0
G4 P0.02
G1 X91.9830 Y-75.0363 F12000.0
G1 Z0.0000 F2500.0
G4 P0.02
G0 X87.8753 Y-75.9270 F15000.0
G1 Z11.9000 F2500.0
G4 P0.02
G1 X87.8753 Y-72.7083 F12000.0
G1 Z0.0000 F2500.0
G4 P0.02
G0 X85.4850 Y-73.0742 F15000.0
G1 Z11.9000 F2500.0
G4 P0.02
G1 X85.4850 Y-76.2135 F12000.0
G1 Z0.0000 F2500.0
G4 P0.02
G0 X92.0487 Y-76.3586 F15000.0
G1 Z11.9000 F2500.0
G4 P0.02
G1 X92.1797 Y-76.3681 F12000.0
G1 X92.3075 Y-76.3619
G1 X92.4299 Y-76.3405
G1 X92.5466 Y-76.3051
G1 X92.6571 Y-76.2568
G1 X92.7861 Y-76.1795
G1 X92.8815 Y-76.1057
G1 X92.9904 Y-75.9998
G1 X93.0690 Y-75.9056
G1 X93.1558 Y-75.7778
G1 X93.2290 Y-75.6406
G1 X93.2883 Y-75.4961
G1 X93.3329 Y-75.3462
G1 X93.3619 Y-75.1930
G1 X93.3748 Y-75.0385
G1 X93.3731 Y-74.9153
G1 X93.3551 Y-74.7637
G1 X93.3272 Y-74.6435
G1 X93.2359 Y-74.4149
G1 X93.1036 Y-74.2105
G1 X92.9138 Y-74.0129
G1 X92.6897 Y-73.8531
G1 X92.4405 Y-73.7351
G1 X92.1753 Y-73.6627
G1 X92.0246 Y-73.6436
G1 X91.9028 Y-73.6422
G1 X91.7829 Y-73.6555
G1 X91.6653 Y-73.6825
G1 X91.4406 Y-73.7741
G1 X91.2339 Y-73.9096
G1 X91.0296 Y-74.1053
G1 X90.8627 Y-74.3364
G1 X90.7519 Y-74.5633
G1 X90.7029 Y-74.7119
G1 X90.6762 Y-74.8329
G1 X90.6587 Y-75.0772
G1 X90.6691 Y-75.1984
G1 X90.6933 Y-75.3180
G1 X90.7854 Y-75.5627
G1 X90.9130 Y-75.7763
G1 X91.0696 Y-75.9531
G1 X91.2520 Y-76.0953
G1 X91.4843 Y-76.2175
G1 X91.7407 Y-76.3028
G1 X92.0169 Y-76.3547
G1 X92.0487 Y-76.3586
G1 Z0.0000 F2500.0
G4 P0.02
G0 X95.0575 Y-72.7581 F15000.0
G1 Z11.9000 F2500.0
G4 P0.02
G1 X95.1588 Y-72.7050 F12000.0
G1 X95.2988 Y-72.6586
G1 X95.4503 Y-72.6306
G1 X95.6428 Y-72.6163
G1 X96.4086 Y-72.6430
G1 X99.7126 Y-72.6432
G1 X100.4704 Y-72.6128
G1 X100.6659 Y-72.6202
G1 X100.8519 Y-72.6455
G1 X101.0228 Y-72.6948
G1 X101.1494 Y-72.7581
G1 Z0.0000 F2500.0
G4 P0.02
G0 X98.5658 Y-77.2266 F15000.0
G1 Z11.9000 F2500.0
G4 P0.02
G1 X98.5255 Y-77.8992 F12000.0
G1 X97.7272 Y-78.7960
G1 X96.2735 Y-80.2533
G1 X95.4909 Y-81.0942
G1 Z0.0000 F2500.0
G4 P0.02
G0 X98.5658 Y-69.3230 F15000.0
G1 Z11.9000 F2500.0
G4 P0.02
G1 X98.4540 Y-68.5382 F12000.0
G1 X98.3980 Y-68.5943
G1 X97.6712 Y-68.4822
G1 Z0.0000 F2500.0
G4 P0.02
G0 X97.6712 Y-69.4351 F15000.0
G1 Z11.9000 F2500.0
G4 P0.02
G1 X97.8855 Y-69.6396 F12000.0
G1 X98.0351 Y-69.7325
G1 X98.2798 Y-69.8009
G1 X98.5284 Y-69.8190
G1 X98.6514 Y-69.8102
G1 X98.8026 Y-69.7839
G1 X99.0643 Y-69.6965
G1 X99.3064 Y-69.5633
G1 X99.5216 Y-69.3910
G1 X99.7029 Y-69.1862
G1 X99.8433 Y-68.9551
G1 X99.9356 Y-68.7045
G1 X99.9715 Y-68.4706
G1 X99.9589 Y-68.2311
G1 X99.9327 Y-68.1107
G1 X99.8926 Y-67.9906
G1 X99.7868 Y-67.7828
G1 X99.6327 Y-67.5827
G1 X99.4979 Y-67.4557
G1 X99.3482 Y-67.3471
G1 X99.1864 Y-67.2579
G1 X99.0156 Y-67.1887
G1 X98.8083 Y-67.1345
G1 X98.6270 Y-67.1114
G1 X98.4452 Y-67.1106
G1 X98.2660 Y-67.1330
G1 X98.0918 Y-67.1794
G1 X97.9256 Y-67.2503
G1 X97.7701 Y-67.3466
G1 X97.6508 Y-67.4468
G1 X97.5424 Y-67.5655
G1 X97.4392 Y-67.7165
G1 X97.3593 Y-67.8766
G1 X97.2935 Y-68.0551
G1 X97.2453 Y-68.2439
G1 X97.2213 Y-68.4033
G1 X97.2148 Y-68.5901
G1 X97.2306 Y-68.7367
G1 X97.2590 Y-68.8461
G1 X97.3149 Y-68.9831
G1 X97.5594 Y-69.4351
G1 X97.5414 Y-69.4639
G1 X98.0894 Y-69.8564
G1 X98.7158 Y-69.8564
G1 X99.3420 Y-69.6209
G1 X99.8117 Y-69.1500
G1 Z0.0000 F2500.0
G4 P0.02
G0 X101.9202 Y-76.0494 F15000.0
G1 Z11.9000 F2500.0
G4 P0.02
G1 X101.5402 Y-75.9992 F12000.0
G1 X100.9898 Y-75.9711
G1 X100.8114 Y-75.9735
G1 X100.6849 Y-75.9932
G1 X100.5875 Y-76.0358
G1 X100.5371 Y-76.0925
G1 X100.5096 Y-76.1701
G1 X100.5123 Y-76.2520
G1 X100.5396 Y-76.3363
G1 X100.6467 Y-76.5047
G1 X100.7638 Y-76.6356
G1 X101.1824 Y-77.0565
G1 X102.0016 Y-77.9783
G1 X102.4143 Y-78.4175
G1 X102.5870 Y-78.6560
G1 X102.6569 Y-78.7905
G1 X102.7029 Y-78.9081
G1 X101.3611 Y-78.9642
G1 Z0.0000 F2500.0
G4 P0.02
G0 X131.3850 Y-78.1794 F15000.0
G1 Z11.9000 F2500.0
G4 P0.02
G1 X131.7826 Y-79.2688 F12000.0
G1 X131.8384 Y-79.3703
G1 X131.9235 Y-79.4414
G1 X132.0026 Y-79.4675
G1 X132.1231 Y-79.4789
G1 X132.3896 Y-79.4687
G1 X132.8389 Y-79.4713
G1 X133.0966 Y-79.4443
G1 X133.2460 Y-79.4044
G1 X133.3773 Y-79.3400
G1 X133.4832 Y-79.2459
G1 X133.5445 Y-79.1458
G1 X133.5810 Y-79.0202
G1 X133.5881 Y-78.8825
G1 X133.5707 Y-78.7358
G1 X133.5255 Y-78.5534
G1 X133.4515 Y-78.3402
G1 X133.1220 Y-77.5004
G1 X132.6325 Y-76.1434
G1 X132.5045 Y-75.8695
G1 X132.3562 Y-75.6471
G1 X132.1858 Y-75.4736
G1 X131.9983 Y-75.3442
G1 X131.8596 Y-75.2765
G1 X131.6883 Y-75.2191
G1 X131.4831 Y-75.1785
G1 X131.2739 Y-75.1591
G1 X130.7223 Y-75.1491
G1 X130.6280 Y-75.1555
G1 X130.5195 Y-75.1938
G1 X130.4618 Y-75.2576
G1 X130.4390 Y-75.3223
G1 X130.4284 Y-75.4386
G1 X130.4610 Y-75.6465
G1 X130.5105 Y-75.7952
G1 X130.6472 Y-76.1351
G1 X130.9933 Y-77.1149
G1 X131.3850 Y-78.1794
G1 Z0.0000 F2500.0
G4 P0.02
G0 X133.4519 Y-74.8723 F15000.0
G1 Z11.9000 F2500.0
G4 P0.02
G1 X133.5261 Y-75.0657 F12000.0
G1 X133.5780 Y-75.2700
G1 X133.6898 Y-76.0340
G1 X133.7453 Y-76.3009
G1 X133.9655 Y-77.0284
G1 X134.1837 Y-77.6457
G1 X134.4356 Y-78.2554
G1 X134.7098 Y-78.8174
G1 X134.9876 Y-79.2989
G1 X135.2968 Y-79.7488
G1 Z0.0000 F2500.0
G4 P0.02
G0 X137.1977 Y-79.4687 F15000.0
G1 Z11.9000 F2500.0
G4 P0.02
G1 X136.7286 Y-78.2916 F12000.0
G1 X135.5764 Y-75.1525
G1 Z0.0000 F2500.0
G4 P0.02
G0 X139.5397 Y-73.1029 F15000.0
G1 Z11.9000 F2500.0
G4 P0.02
G1 X139.8907 Y-73.4161 F12000.0
G1 X140.2036 Y-73.6462
G1 X140.3689 Y-73.7439
G1 X140.5108 Y-73.8129
G1 X140.6560 Y-73.8681
G1 X140.8040 Y-73.9075
G1 Z0.0000 F2500.0
G4 P0.02
G0 X139.3399 Y-77.3280 F15000.0
G1 Z11.9000 F2500.0
G4 P0.02
G1 X139.1135 Y-76.6288 F12000.0
G1 X139.0093 Y-76.3611
G1 X138.9042 Y-76.1331
G1 X138.7844 Y-75.9189
G1 X138.6652 Y-75.7460
G1 X138.5307 Y-75.5896
G1 X138.4018 Y-75.4706
G1 X138.2080 Y-75.3368
G1 X138.0158 Y-75.2461
G1 X137.8005 Y-75.1828
G1 X137.5886 Y-75.1531
G1 X137.4171 Y-75.1566
G1 X137.2382 Y-75.1970
G1 X137.1132 Y-75.2592
G1 X136.9938 Y-75.3658
G1 X136.9101 Y-75.5044
G1 X136.8642 Y-75.6727
G1 X136.8584 Y-75.8680
G1 X136.8857 Y-76.0494
G1 X136.9869 Y-76.3988
G1 X137.3261 Y-77.2757
G1 X137.6392 Y-78.2235
G1 X137.8160 Y-78.6338
G1 X137.9064 Y-78.7965
G1 X138.0078 Y-78.9477
G1 X138.1216 Y-79.0847
G1 X138.2271 Y-79.1862
G1 X138.3432 Y-79.2747
G1 X138.4705 Y-79.3486
G1 X138.6397 Y-79.4159
G1 X138.8441 Y-79.4601
G1 X139.0566 Y-79.4753
G1 X139.2827 Y-79.4606
G1 X139.4694 Y-79.4170
G1 X139.6086 Y-79.3541
G1 X139.7237 Y-79.2636
G1 X139.8060 Y-79.1422
G1 X139.8426 Y-79.0202
G1 X139.8513 Y-78.9081
G1 X139.8437 Y-78.7907
G1 X139.8153 Y-78.6392
G1 X139.7379 Y-78.3912
G1 X139.5107 Y-77.8379
G1 X139.3864 Y-77.4759
G1 X139.3399 Y-77.3280
G1 Z0.0000 F2500.0
G4 P0.02
G0 X139.7694 Y-75.2086 F15000.0
G1 Z11.9000 F2500.0
G4 P0.02
G1 X139.2662 Y-74.4799 F12000.0
G1 Z0.0000 F2500.0
G4 P0.02
G0 X141.4466 Y-76.6661 F15000.0
G1 Z11.9000 F2500.0
G4 P0.02
G1 X143.1798 Y-76.6661 F12000.0
G1 Z0.0000 F2500.0
G4 P0.02
G0 X145.3601 Y-75.1525 F15000.0
G1 Z11.9000 F2500.0
G4 P0.02
G1 X144.5899 Y-75.1143 F12000.0
G1 X144.2646 Y-75.1196
G1 X144.1102 Y-75.1370
G1 X143.9655 Y-75.1677
G1 X143.8333 Y-75.2143
G1 X143.7388 Y-75.2647
G1 X143.8161 Y-75.4063
G1 X143.9019 Y-75.5357
G1 X144.1155 Y-75.7892
G1 X144.9850 Y-76.6162
G1 X145.9961 Y-77.6398
G1 X146.3318 Y-77.9599
G1 X146.4790 Y-78.1210
G1 X146.6016 Y-78.2949
G1 X146.6836 Y-78.4738
G1 X146.7247 Y-78.6613
G1 X146.7218 Y-78.8417
G1 X146.6971 Y-78.9553
G1 X146.6420 Y-79.0870
G1 X146.5618 Y-79.2041
G1 X146.4806 Y-79.2854
G1 X146.3596 Y-79.3686
G1 X146.2482 Y-79.4184
G1 X146.0922 Y-79.4572
G1 X145.9551 Y-79.4675
G1 X145.8270 Y-79.4595
G1 X145.6781 Y-79.4285
G1 X145.5356 Y-79.3765
G1 X145.4004 Y-79.3066
G1 X145.2733 Y-79.2211
G1 X145.1326 Y-79.1021
G1 X145.0262 Y-78.9924
G1 X144.9129 Y-78.8520
G1 Z0.0000 F2500.0
G4 P0.02
G0 X149.2355 Y-77.3280 F15000.0
G1 Z11.9000 F2500.0
G4 P0.02
G1 X149.0090 Y-76.6288 F12000.0
G1 X148.9048 Y-76.3611
G1 X148.7998 Y-76.1331
G1 X148.6799 Y-75.9189
G1 X148.5608 Y-75.7460
G1 X148.4263 Y-75.5896
G1 X148.2973 Y-75.4706
G1 X148.1035 Y-75.3368
G1 X147.9113 Y-75.2461
G1 X147.6962 Y-75.1828
G1 X147.4842 Y-75.1531
G1 X147.3126 Y-75.1566
G1 X147.1337 Y-75.1970
G1 X147.0087 Y-75.2592
G1 X146.8894 Y-75.3658
G1 X146.8057 Y-75.5044
G1 X146.7598 Y-75.6727
G1 X146.7539 Y-75.8680
G1 X146.7812 Y-76.0494
G1 X146.8824 Y-76.3988
G1 X147.2217 Y-77.2757
G1 X147.5346 Y-78.2235
G1 X147.7116 Y-78.6338
G1 X147.8021 Y-78.7965
G1 X147.9034 Y-78.9477
G1 X148.0172 Y-79.0847
G1 X148.1227 Y-79.1862
G1 X148.2387 Y-79.2747
G1 X148.3662 Y-79.3486
G1 X148.5353 Y-79.4159
G1 X148.7397 Y-79.4601
G1 X148.9522 Y-79.4753
G1 X149.1784 Y-79.4606
G1 X149.3650 Y-79.4170
G1 X149.5041 Y-79.3541
G1 X149.6192 Y-79.2636
G1 X149.7017 Y-79.1422
G1 X149.7382 Y-79.0202
G1 X149.7468 Y-78.9081
G1 X149.7393 Y-78.7907
G1 X149.7107 Y-78.6392
G1 X149.6336 Y-78.3912
G1 X149.4063 Y-77.8379
G1 X149.2820 Y-77.4759
G1 X149.2355 Y-77.3280
G1 Z0.0000 F2500.0
G4 P0.02
G0 X149.6649 Y-75.2086 F15000.0
G1 Z11.9000 F2500.0
G4 P0.02
G1 X149.1618 Y-74.4799 F12000.0
G1 Z0.0000 F2500.0
G4 P0.02
G0 X152.7399 Y-75.1525 F15000.0
G1 Z11.9000 F2500.0
G4 P0.02
G1 X151.9696 Y-75.1143 F12000.0
G1 X151.6443 Y-75.1196
G1 X151.4900 Y-75.1370
G1 X151.3452 Y-75.1677
G1 X151.2132 Y-75.2143
G1 X151.1186 Y-75.2647
G1 X151.1959 Y-75.4063
G1 X151.2817 Y-75.5357
G1 X151.4953 Y-75.7892
G1 X152.3647 Y-76.6162
G1 X153.3758 Y-77.6398
G1 X153.7116 Y-77.9599
G1 X153.8588 Y-78.1210
G1 X153.9814 Y-78.2949
G1 X154.0634 Y-78.4738
G1 X154.1044 Y-78.6613
G1 X154.1016 Y-78.8417
G1 X154.0768 Y-78.9553
G1 X154.0218 Y-79.0870
G1 X153.9415 Y-79.2041
G1 X153.8604 Y-79.2854
G1 X153.7394 Y-79.3686
G1 X153.6279 Y-79.4184
G1 X153.4719 Y-79.4572
G1 X153.3348 Y-79.4675
G1 X153.2068 Y-79.4595
G1 X153.0579 Y-79.4285
G1 X152.9153 Y-79.3765
G1 X152.7801 Y-79.3066
G1 X152.6530 Y-79.2211
G1 X152.5124 Y-79.1021
G1 X152.4060 Y-78.9924
G1 X152.2926 Y-78.8520
G1 Z0.0000 F2500.0
G4 P0.02
G0 X156.5593 Y-77.3280 F15000.0
G1 Z11.9000 F2500.0
G4 P0.02
G1 X156.3329 Y-76.6288 F12000.0
G1 X156.2286 Y-76.3611
G1 X156.1235 Y-76.1331
G1 X156.0038 Y-75.9189
G1 X155.8846 Y-75.7460
G1 X155.7502 Y-75.5896
G1 X155.6212 Y-75.4706
G1 X155.4273 Y-75.3368
G1 X155.2352 Y-75.2461
G1 X155.0201 Y-75.1828
G1 X154.8080 Y-75.1531
G1 X154.6365 Y-75.1566
G1 X154.4576 Y-75.1970
G1 X154.3325 Y-75.2592
G1 X154.2132 Y-75.3658
G1 X154.1295 Y-75.5044
G1 X154.0835 Y-75.6727
G1 X154.0777 Y-75.8680
G1 X154.1051 Y-76.0494
G1 X154.2063 Y-76.3988
G1 X154.5456 Y-77.2757
G1 X154.8585 Y-78.2235
G1 X155.0354 Y-78.6338
G1 X155.1259 Y-78.7965
G1 X155.2273 Y-78.9477
G1 X155.3411 Y-79.0847
G1 X155.4465 Y-79.1862
G1 X155.5625 Y-79.2747
G1 X155.6900 Y-79.3486
G1 X155.8592 Y-79.4159
G1 X156.0636 Y-79.4601
G1 X156.2761 Y-79.4753
G1 X156.5021 Y-79.4606
G1 X156.6889 Y-79.4170
G1 X156.8280 Y-79.3541
G1 X156.9431 Y-79.2636
G1 X157.0255 Y-79.1422
G1 X157.0621 Y-79.0202
G1 X157.0707 Y-78.9081
G1 X157.0631 Y-78.7907
G1 X157.0346 Y-78.6392
G1 X156.9574 Y-78.3912
G1 X156.7301 Y-77.8379
G1 X156.6057 Y-77.4759
G1 X156.5593 Y-77.3280
G1 Z0.0000 F2500.0
G4 P0.02
G0 X156.5416 Y-74.8162 F15000.0
G1 Z11.9000 F2500.0
G4 P0.02
G1 X157.2807 Y-75.9933 F12000.0
G1 X158.2266 Y-78.6279
G1 X158.4425 Y-79.7488
G1 Z0.0000 F2500.0
G4 P0.02
G0 X15.4876 Y-71.8454 F15000.0
G1 Z11.9000 F2500.0
G4 P0.02
G1 X15.1149 Y-71.8051 F12000.0
G1 X15.0404 Y-71.4531
G1 X15.0258 Y-71.8970
G1 X24.2638 Y-71.8970
G1 Z0.0000 F2500.0
G4 P0.02
G0 X21.3579 Y-71.8454 F15000.0
G1 Z11.9000 F2500.0
G4 P0.02
G1 X22.8673 Y-71.7893 F12000.0
G1 X22.9187 Y-71.5442
G1 X23.0228 Y-71.2874
G1 X23.1520 Y-71.0805
G1 X23.3335 Y-70.8776
G1 X23.5475 Y-70.7122
G1 X23.7605 Y-70.6013
G1 X23.9026 Y-70.5516
G1 X24.0204 Y-70.5233
G1 X24.2650 Y-70.5001
G1 Z0.0000 F2500.0
G4 P0.02
G0 X24.2638 Y-69.4639 F15000.0
G1 Z11.9000 F2500.0
G4 P0.02
G1 X22.3066 Y-68.1297 F12000.0
G1 X20.5059 Y-66.5601
G1 X18.8619 Y-64.7549
G1 X17.5310 Y-62.7143
G1 Z0.0000 F2500.0
G4 P0.02
G0 X24.2650 Y-69.4912 F15000.0
G1 Z11.9000 F2500.0
G4 P0.02
G1 X24.2351 Y-70.0651 F12000.0
G1 X24.2499 Y-70.2235
G1 X24.2927 Y-70.3496
G1 X24.3406 Y-70.4080
G1 X24.4377 Y-70.4695
G1 X24.8049 Y-70.5953
G1 X24.9364 Y-70.6594
G1 X25.0925 Y-70.7655
G1 X25.2494 Y-70.9096
G1 X25.3949 Y-71.0987
G1 X25.5036 Y-71.3107
G1 X25.5745 Y-71.5419
G1 X25.6068 Y-71.7893
G1 Z0.0000 F2500.0
G4 P0.02
G0 X24.2638 Y-71.8970 F15000.0
G1 Z11.9000 F2500.0
G4 P0.02
G1 X33.5018 Y-71.8970 F12000.0
G1 Z0.0000 F2500.0
G4 P0.02
G0 X26.4559 Y-70.4842 F15000.0
G1 Z11.9000 F2500.0
G4 P0.02
G1 X24.2638 Y-69.4639 F12000.0
G1 X24.2092 Y-69.2669
G1 X24.0090 Y-69.1945
G1 X23.7667 Y-69.0572
G1 X22.6166 Y-68.2251
G1 X21.9394 Y-67.7016
G1 Z0.0000 F2500.0
G4 P0.02
G0 X26.4559 Y-70.4842 F15000.0
G1 Z11.9000 F2500.0
G4 P0.02
G1 X28.7262 Y-71.2691 F12000.0
G1 X31.0749 Y-71.7400
G1 X33.5018 Y-71.8970
G1 X33.4898 Y-71.8454
G1 X30.8062 Y-71.7333
G1 Z0.0000 F2500.0
G4 P0.02
G0 X39.0245 Y-70.8925 F15000.0
G1 Z11.9000 F2500.0
G4 P0.02
G1 X39.1196 Y-70.9248 F12000.0
G1 X39.2275 Y-70.9837
G1 X39.3167 Y-71.0579
G1 X39.3915 Y-71.1449
G1 X39.4845 Y-71.2935
G1 X39.7093 Y-71.7274
G1 X39.9924 Y-72.0697
G1 X40.3361 Y-72.6019
G1 X40.4782 Y-72.7983
G1 Z0.0000 F2500.0
G4 P0.02
G0 X39.6954 Y-72.7423 F15000.0
G1 Z11.9000 F2500.0
G4 P0.02
G1 X39.6954 Y-71.7893 F12000.0
G1 Z0.0000 F2500.0
G4 P0.02
G0 X46.5161 Y-72.7983 F15000.0
G1 Z11.9000 F2500.0
G4 P0.02
G1 X47.0333 Y-72.7238 F12000.0
G1 X46.9057 Y-72.4060
G1 X46.2365 Y-71.5651
G1 X46.7957 Y-71.5091
G1 Z0.0000 F2500.0
G4 P0.02
G0 X75.4742 Y-72.5018 F15000.0
G1 Z11.9000 F2500.0
G4 P0.02
G1 X75.4475 Y-65.6071 F12000.0
G1 X75.4835 Y-61.9300
G1 X75.4759 Y-60.0456
G1 X75.4566 Y-59.4505
G1 X75.4657 Y-59.2927
G1 X75.4902 Y-59.1414
G1 X75.5346 Y-59.0003
G1 X75.5879 Y-58.8971
G1 X75.8115 Y-59.0653
G1 Z0.0000 F2500.0
G4 P0.02
G0 X75.4714 Y-77.4638 F15000.0
G1 Z11.9000 F2500.0
G4 P0.02
G1 X75.4822 Y-77.7697 F12000.0
G1 X75.4943 Y-77.8281
G1 X75.5196 Y-77.8794
G1 X75.5940 Y-77.9367
G1 X75.7372 Y-77.9627
G1 X75.9793 Y-77.9552
G1 X78.9423 Y-77.9552
G1 X79.5250 Y-77.9744
G1 X79.7710 Y-77.9695
G1 X79.9487 Y-77.9491
G1 X80.0716 Y-77.9033
G1 X80.1614 Y-77.8272
G1 X80.3132 Y-77.6526
G1 X80.4106 Y-77.5884
G1 X80.4726 Y-77.5696
G1 X80.5636 Y-77.5593
G1 X80.9366 Y-77.5414
G1 X81.2263 Y-77.5594
G1 X81.4615 Y-77.6128
G1 X81.6168 Y-77.6843
G1 X82.0401 Y-77.9380
G1 X82.1804 Y-77.9892
G1 X82.2968 Y-78.0050
G1 X82.5646 Y-78.0008
G1 X83.3850 Y-77.9553
G1 X88.2788 Y-77.9552
G1 X89.9111 Y-77.9692
G1 X90.4029 Y-77.9532
G1 X91.1142 Y-77.8961
G1 X91.4645 Y-77.8812
G1 X91.7858 Y-77.8941
G1 X92.0311 Y-77.9321
G1 X92.2015 Y-77.9814
G1 X92.3312 Y-78.0383
G1 X92.4279 Y-78.0985
G1 X92.5388 Y-78.1943
G1 X92.6381 Y-78.3088
G1 X92.7429 Y-78.4638
G1 X92.8471 Y-78.6596
G1 X92.9333 Y-78.8594
G1 X93.6004 Y-80.6902
G1 X93.8007 Y-81.2699
G1 X93.8544 Y-81.4532
G1 X93.8837 Y-81.6661
G1 X93.8785 Y-81.7541
G1 X93.8595 Y-81.8386
G1 X93.7911 Y-81.9696
G1 X93.6733 Y-82.0804
G1 X93.5439 Y-82.1507
G1 X93.4025 Y-82.1952
G1 X93.2222 Y-82.2219
G1 X93.0358 Y-82.2283
G1 X92.3185 Y-82.2122
G1 X92.2101 Y-82.1758
G1 X92.1644 Y-82.1407
G1 X92.1129 Y-82.0800
G1 X92.0393 Y-81.9560
G1 X91.9785 Y-81.8111
G1 X91.7882 Y-81.1746
G1 X91.2054 Y-79.5596
G1 X90.8700 Y-78.6703
G1 X90.8096 Y-78.4670
G1 X90.7701 Y-78.2898
G1 X90.7456 Y-78.1091
G1 X90.7388 Y-77.9552
G1 Z0.0000 F2500.0
G4 P0.02
G0 X78.6627 Y-70.4441 F15000.0
G1 Z11.9000 F2500.0
G4 P0.02
G1 X78.6239 Y-70.5938 F12000.0
G1 X78.6128 Y-70.7435
G1 X78.6250 Y-70.8929
G1 X78.6634 Y-71.0711
G1 X78.7304 Y-71.2768
G1 X78.9595 Y-71.8806
G1 X79.4455 Y-73.3029
G1 Z0.0000 F2500.0
G4 P0.02
G0 X79.7251 Y-68.3701 F15000.0
G1 Z11.9000 F2500.0
G4 P0.02
G1 X81.4581 Y-68.3701 F12000.0
G1 Z0.0000 F2500.0
G4 P0.02
G0 X81.0108 Y-68.8747 F15000.0
G1 Z11.9000 F2500.0
G4 P0.02
G1 X79.9487 Y-68.9867 F12000.0
G1 X80.0397 Y-69.1395
G1 X80.1434 Y-69.2869
G1 X80.4017 Y-69.5905
G1 X80.6664 Y-69.8557
G1 X81.5097 Y-70.6542
G1 X81.6790 Y-70.8336
G1 X81.7686 Y-70.9556
G1 X81.8400 Y-71.0938
G1 X81.8718 Y-71.2227
G1 X81.8680 Y-71.3432
G1 X81.8443 Y-71.4264
G1 X81.8045 Y-71.5019
G1 X81.7505 Y-71.5686
G1 X81.6837 Y-71.6249
G1 X81.6061 Y-71.6697
G1 X81.5193 Y-71.7018
G1 X81.4249 Y-71.7197
G1 X81.3248 Y-71.7221
G1 X81.1692 Y-71.6942
G1 X81.0064 Y-71.6205
G1 X80.8379 Y-71.4958
G1 X80.6195 Y-71.2848
G1 Z0.0000 F2500.0
G4 P0.02
G0 X84.5330 Y-69.8835 F15000.0
G1 Z11.9000 F2500.0
G4 P0.02
G1 X83.9955 Y-69.0637 F12000.0
G1 X83.2040 Y-67.7879
G1 X83.0911 Y-67.6490
G1 X82.9830 Y-67.5487
G1 X82.8582 Y-67.4667
G1 X82.7440 Y-67.4173
G1 X82.6952 Y-67.6243
G1 X82.6886 Y-67.8325
G1 X82.8169 Y-69.0793
G1 X82.8497 Y-69.6593
G1 X82.8366 Y-69.7794
G1 X82.7500 Y-70.1023
G1 X82.7364 Y-70.4107
G1 X82.7278 Y-71.1222
G1 X82.7439 Y-73.0420
G1 X82.7401 Y-74.5620
G1 X82.7508 Y-74.6781
G1 X82.7778 Y-74.7547
G1 X82.8291 Y-74.8201
G1 X82.9117 Y-74.8723
G1 Z0.0000 F2500.0
G4 P0.02
G0 X82.7449 Y-75.0363 F15000.0
G1 Z11.9000 F2500.0
G4 P0.02
G1 X89.3211 Y-68.5222 F12000.0
G1 Z0.0000 F2500.0
G4 P0.02
G0 X88.3907 Y-69.4351 F15000.0
G1 Z11.9000 F2500.0
G4 P0.02
G1 X88.5172 Y-69.5345 F12000.0
G1 X88.6521 Y-69.6157
G1 X88.7937 Y-69.6789
G1 X88.9703 Y-69.7318
G1 X89.1212 Y-69.7574
G1 X89.3041 Y-69.7665
G1 X89.4564 Y-69.7567
G1 X89.6365 Y-69.7249
G1 X89.8111 Y-69.6719
G1 X89.9775 Y-69.5983
G1 X90.1328 Y-69.5054
G1 X90.2517 Y-69.4136
G1 X90.3797 Y-69.2870
G1 X90.4720 Y-69.1683
G1 X90.5497 Y-69.0381
G1 X90.6110 Y-68.8971
G1 X90.6665 Y-68.6819
G1 X90.6828 Y-68.4822
G1 X90.7303 Y-68.5222
G1 X90.5738 Y-69.1500
G1 X90.1041 Y-69.6209
G1 X89.4777 Y-69.8564
G1 X88.8514 Y-69.8564
G1 X88.3034 Y-69.4639
G1 X87.9903 Y-68.9146
G1 X87.9120 Y-68.2867
G1 X88.2251 Y-67.6588
G1 X88.7731 Y-67.2665
G1 X89.3994 Y-67.1094
G1 X90.0258 Y-67.3450
G1 X90.4955 Y-67.7372
G1 Z0.0000 F2500.0
G4 P0.02
G0 X89.3411 Y-68.4822 F15000.0
G1 Z11.9000 F2500.0
G4 P0.02
G1 X89.2852 Y-66.9688 F12000.0
G1 X89.1314 Y-67.0693
G1 X88.8657 Y-67.1856
G1 X88.7307 Y-67.2560
G1 X88.5800 Y-67.3538
G1 X88.4602 Y-67.4472
G1 X88.3265 Y-67.5727
G1 X88.2070 Y-67.7117
G1 X88.1053 Y-67.8631
G1 X88.0250 Y-68.0258
G1 X87.9770 Y-68.1690
G1 X87.9504 Y-68.3114
G1 X87.9492 Y-68.4282
G1 X87.9674 Y-68.5844
G1 X88.0025 Y-68.7397
G1 X88.0488 Y-68.8809
G1 X88.2288 Y-69.2330
G1 X88.2591 Y-69.3150
G1 X88.2726 Y-69.3984
G1 X88.2638 Y-69.4841
G1 X88.2426 Y-69.5428
G1 X88.1533 Y-69.6756
G1 X87.9244 Y-69.9186
G1 X87.4624 Y-70.3166
G1 X87.1722 Y-70.5906
G1 Z0.0000 F2500.0
G4 P0.02
G0 X83.3621 Y-74.9886 F15000.0
G1 Z11.9000 F2500.0
G4 P0.02
G1 X83.2165 Y-74.9781 F12000.0
G1 X83.1030 Y-74.9558
G1 X82.9925 Y-74.9161
G1 X82.9117 Y-74.8723
G1 Z0.0000 F2500.0
G4 P0.02
G0 X90.3474 Y-74.9844 F15000.0
G1 Z11.9000 F2500.0
G4 P0.02
G1 X91.1731 Y-75.0264 F12000.0
G1 X91.5468 Y-75.0204
G1 X91.7213 Y-74.9980
G1 X91.8838 Y-74.9573
G1 X92.0448 Y-74.8878
G1 X92.2028 Y-74.7909
G1 X92.3799 Y-74.6516
G1 X92.5667 Y-74.4694
G1 X92.7301 Y-74.2766
G1 X92.8633 Y-74.0875
G1 Z0.0000 F2500.0
G4 P0.02
G0 X85.4850 Y-71.1906 F15000.0
G1 Z11.9000 F2500.0
G4 P0.02
G1 X85.4850 Y-68.0512 F12000.0
G1 Z0.0000 F2500.0
G4 P0.02
G0 X89.3211 Y-68.5222 F15000.0
G1 Z11.9000 F2500.0
G4 P0.02
G1 X98.5592 Y-68.5222 F12000.0
G1 Z0.0000 F2500.0
G4 P0.02
G0 X90.7303 Y-68.3652 F15000.0
G1 Z11.9000 F2500.0
G4 P0.02
G1 X90.4955 Y-67.7372 F12000.0
G1 Z0.0000 F2500.0
G4 P0.02
G0 X90.7388 Y-68.4262 F15000.0
G1 Z11.9000 F2500.0
G4 P0.02
G1 X92.5278 Y-68.4822 F12000.0
G1 Z0.0000 F2500.0
G4 P0.02
G0 X98.5592 Y-68.5222 F15000.0
G1 Z11.9000 F2500.0
G4 P0.02
G1 X91.9830 Y-75.0363 F12000.0
G1 Z0.0000 F2500.0
G4 P0.02
G0 X95.7145 Y-71.2894 F15000.0
G1 Z11.9000 F2500.0
G4 P0.02
G1 X96.8885 Y-70.1638 F12000.0
G1 X97.5036 Y-69.4912
G1 X97.5414 Y-69.4639
G1 X97.2283 Y-68.9146
G1 X97.2283 Y-68.2867
G1 X97.4631 Y-67.6588
G1 X98.0111 Y-67.2665
G1 X98.6375 Y-67.1094
G1 X99.2638 Y-67.3450
G1 X99.7334 Y-67.7372
G1 X99.9683 Y-68.3652
G1 X99.9683 Y-68.5222
G1 X99.8117 Y-69.1500
G1 Z0.0000 F2500.0
G4 P0.02
G0 X102.5928 Y-68.9306 F15000.0
G1 Z11.9000 F2500.0
G4 P0.02
G1 X102.9903 Y-70.0201 F12000.0
G1 X103.0463 Y-70.1215
G1 X103.1313 Y-70.1926
G1 X103.2104 Y-70.2187
G1 X103.3309 Y-70.2301
G1 X103.5974 Y-70.2199
G1 X104.0468 Y-70.2225
G1 X104.3044 Y-70.1956
G1 X104.4537 Y-70.1556
G1 X104.5851 Y-70.0912
G1 X104.6910 Y-69.9972
G1 X104.7524 Y-69.8970
G1 X104.7888 Y-69.7715
G1 X104.7960 Y-69.6338
G1 X104.7786 Y-69.4871
G1 X104.7333 Y-69.3046
G1 X104.6593 Y-69.0915
G1 X104.3298 Y-68.2516
G1 X103.8403 Y-66.8946
G1 X103.7122 Y-66.6206
G1 X103.5639 Y-66.3983
G1 X103.3934 Y-66.2249
G1 X103.2061 Y-66.0955
G1 X103.0674 Y-66.0278
G1 X102.8961 Y-65.9703
G1 X102.6909 Y-65.9297
G1 X102.4817 Y-65.9102
G1 X101.9302 Y-65.9004
G1 X101.8358 Y-65.9067
G1 X101.7273 Y-65.9450
G1 X101.6696 Y-66.0088
G1 X101.6468 Y-66.0736
G1 X101.6362 Y-66.1898
G1 X101.6688 Y-66.3978
G1 X101.7181 Y-66.5464
G1 X101.8551 Y-66.8863
G1 X102.2012 Y-67.8662
G1 X102.5928 Y-68.9306
G1 Z0.0000 F2500.0
G4 P0.02
G0 X131.3850 Y-71.5651 F15000.0
G1 Z11.9000 F2500.0
G4 P0.02
G1 X131.7826 Y-72.6546 F12000.0
G1 X131.8384 Y-72.7561
G1 X131.9235 Y-72.8271
G1 X132.0026 Y-72.8532
G1 X132.1231 Y-72.8646
G1 X132.3896 Y-72.8544
G1 X132.8389 Y-72.8570
G1 X133.0966 Y-72.8300
G1 X133.2460 Y-72.7901
G1 X133.3773 Y-72.7257
G1 X133.4832 Y-72.6317
G1 X133.5445 Y-72.5315
G1 X133.5810 Y-72.4060
G1 X133.5881 Y-72.2683
G1 X133.5707 Y-72.1215
G1 X133.5255 Y-71.9391
G1 X133.4515 Y-71.7260
G1 X133.1220 Y-70.8862
G1 X132.6325 Y-69.5291
G1 X132.5045 Y-69.2552
G1 X132.3562 Y-69.0328
G1 X132.1858 Y-68.8594
G1 X131.9983 Y-68.7299
G1 X131.8596 Y-68.6623
G1 X131.6883 Y-68.6049
G1 X131.4831 Y-68.5642
G1 X131.2739 Y-68.5447
G1 X130.7223 Y-68.5349
G1 X130.6280 Y-68.5411
G1 X130.5195 Y-68.5795
G1 X130.4618 Y-68.6434
G1 X130.4390 Y-68.7081
G1 X130.4284 Y-68.8243
G1 X130.4610 Y-69.0322
G1 X130.5105 Y-69.1809
G1 X130.6472 Y-69.5209
G1 X130.9933 Y-70.5007
G1 X131.3850 Y-71.5651
G1 Z0.0000 F2500.0
G4 P0.02
G0 X136.1354 Y-70.8925 F15000.0
G1 Z11.9000 F2500.0
G4 P0.02
G1 X136.0205 Y-70.7103 F12000.0
G1 X135.9302 Y-70.5172
G1 X135.5644 Y-69.5078
G1 X135.5277 Y-69.3283
G1 X135.5172 Y-69.1418
G1 X135.5245 Y-68.9922
G1 X135.5574 Y-68.8535
G1 X135.6267 Y-68.7290
G1 X135.7162 Y-68.6421
G1 X135.8360 Y-68.5739
G1 X135.9696 Y-68.5327
G1 X136.1505 Y-68.5069
G1 X136.3456 Y-68.5005
G1 X137.0858 Y-68.5382
G1 Z0.0000 F2500.0
G4 P0.02
G0 X137.2535 Y-70.8365 F15000.0
G1 Z11.9000 F2500.0
G4 P0.02
G1 X136.3477 Y-70.8341 F12000.0
G1 X136.2335 Y-70.8618
G1 X136.1877 Y-70.8973
G1 X136.1579 Y-70.9455
G1 X136.1436 Y-71.0322
G1 X136.1642 Y-71.1619
G1 X136.3567 Y-71.7149
G1 X136.5146 Y-72.0855
G1 X136.6729 Y-72.3471
G1 X136.8102 Y-72.5091
G1 X136.9741 Y-72.6475
G1 X137.1553 Y-72.7487
G1 X137.3530 Y-72.8161
G1 X137.5938 Y-72.8596
G1 X137.8443 Y-72.8763
G1 X138.7072 Y-72.8544
G1 Z0.0000 F2500.0
G4 P0.02
G0 X141.6143 Y-72.7983 F15000.0
G1 Z11.9000 F2500.0
G4 P0.02
G1 X140.7013 Y-70.2760 F12000.0
G1 X140.0489 Y-68.5382
G1 Z0.0000 F2500.0
G4 P0.02
G0 X141.0553 Y-68.5382 F15000.0
G1 Z11.9000 F2500.0
G4 P0.02
G1 X141.7077 Y-70.2760 F12000.0
G1 X142.6206 Y-72.7983
G1 Z0.0000 F2500.0
G4 P0.02
G0 X143.9624 Y-68.5382 F15000.0
G1 Z11.9000 F2500.0
G4 P0.02
G1 X144.1257 Y-68.8602 F12000.0
G1 X144.2892 Y-69.2601
G1 X144.7610 Y-70.6635
G1 X144.8952 Y-71.1197
G1 X144.9537 Y-71.2668
G1 X145.0263 Y-71.3928
G1 X145.1073 Y-71.4724
G1 X145.1619 Y-71.4962
G1 X145.2540 Y-71.5119
G1 X145.4948 Y-71.5094
G1 X145.9592 Y-71.5301
G1 X146.2259 Y-71.5069
G1 X146.3151 Y-71.4829
G1 X146.3941 Y-71.4479
G1 X146.4603 Y-71.4000
G1 X146.5111 Y-71.3375
G1 X146.5348 Y-71.2871
G1 X146.5535 Y-71.2001
G1 X146.5408 Y-71.0223
G1 X146.4971 Y-70.8711
G1 X146.3479 Y-70.5001
G1 X145.9150 Y-69.2446
G1 X145.7784 Y-68.9009
G1 X145.6396 Y-68.5943
G1 Z0.0000 F2500.0
G4 P0.02
G0 X147.1492 Y-67.1930 F15000.0
G1 Z11.9000 F2500.0
G4 P0.02
G1 X147.6019 Y-67.1896 F12000.0
G1 X147.8830 Y-67.2042
G1 X148.1253 Y-67.2447
G1 X148.3234 Y-67.3111
G1 X148.5019 Y-67.4147
G1 X148.6344 Y-67.5392
G1 X148.7543 Y-67.7217
G1 X148.8449 Y-67.9464
G1 X148.9941 Y-68.5382
G1 X148.0065 Y-68.5382
G1 X147.8536 Y-68.5511
G1 X147.7425 Y-68.5937
G1 X147.6707 Y-68.6566
G1 X147.6110 Y-68.7614
G1 X147.5880 Y-68.8766
G1 X147.6041 Y-69.0597
G1 X147.6668 Y-69.2714
G1 X148.3432 Y-71.1595
G1 X148.4406 Y-71.3827
G1 X148.5468 Y-71.5651
G1 Z0.0000 F2500.0
G4 P0.02
G0 X150.1122 Y-71.4531 F15000.0
G1 Z11.9000 F2500.0
G4 P0.02
G1 X149.3513 Y-69.3791 F12000.0
G1 X148.9941 Y-68.5382
G1 Z0.0000 F2500.0
G4 P0.02
G0 X16.3822 Y-71.7893 F15000.0
G1 Z11.9000 F2500.0
G4 P0.02
G1 X16.3400 Y-71.5358 F12000.0
G1 X16.2777 Y-71.3323
G1 X16.1890 Y-71.1452
G1 X16.0713 Y-70.9739
G1 X15.9221 Y-70.8174
G1 X15.7449 Y-70.6802
G1 X15.6395 Y-70.6300
G1 X15.2919 Y-70.5072
G1 X15.2057 Y-70.4650
G1 X15.1329 Y-70.4139
G1 X15.0781 Y-70.3512
G1 X15.0542 Y-70.3016
G1 X15.0214 Y-70.1007
G1 X15.0147 Y-69.8239
G1 X15.0404 Y-69.2109
G1 Z0.0000 F2500.0
G4 P0.02
G0 X21.0777 Y-66.9521 F15000.0
G1 Z11.9000 F2500.0
G4 P0.02
G1 X20.2663 Y-66.1933 F12000.0
G1 X19.9178 Y-65.8435
G1 X19.5582 Y-65.4618
G1 X19.2516 Y-65.1152
G1 X18.9567 Y-64.7591
G1 X18.7340 Y-64.4688
G1 X18.5017 Y-64.1426
G1 X18.0957 Y-63.5166
G1 X17.7015 Y-62.8462
G1 X16.7707 Y-61.1561
G1 X16.5906 Y-60.8002
G1 X16.4662 Y-60.5226
G1 X16.0843 Y-59.5192
G1 X15.8284 Y-58.7483
G1 X15.7195 Y-58.3612
G1 X15.6222 Y-57.9470
G1 X15.4847 Y-57.0598
G1 X15.4108 Y-56.7103
G1 X15.3559 Y-56.5311
G1 X15.2995 Y-56.3917
G1 X15.2322 Y-56.2641
G1 X15.1522 Y-56.1505
G1 X15.0982 Y-56.2553
G1 X15.0540 Y-56.3980
G1 X15.0307 Y-56.5503
G1 X15.0229 Y-56.7085
G1 X15.0404 Y-57.2716
G1 Z0.0000 F2500.0
G4 P0.02
G0 X15.0258 Y-71.8970 F15000.0
G1 Z11.9000 F2500.0
G4 P0.02
G1 X15.0258 Y-53.3747 F12000.0
G1 Z0.0000 F2500.0
G4 P0.02
G0 X25.6068 Y-71.7893 F15000.0
G1 Z11.9000 F2500.0
G4 P0.02
G1 X24.7123 Y-71.8454 F12000.0
G1 X22.9233 Y-71.8454
G1 X22.9354 Y-71.9707
G1 X22.9664 Y-72.1190
G1 X23.0644 Y-72.3770
G1 X23.2155 Y-72.6377
G1 X23.3091 Y-72.7619
G1 X23.4140 Y-72.8781
G1 X23.6036 Y-73.0378
G1 X23.7891 Y-73.1411
G1 X24.0302 Y-73.2107
G1 X24.2789 Y-73.2316
G1 X24.4010 Y-73.2245
G1 X24.5505 Y-73.1999
G1 X24.8074 Y-73.1152
G1 X25.0427 Y-72.9832
G1 X25.2497 Y-72.8095
G1 X25.4220 Y-72.5999
G1 X25.5527 Y-72.3602
G1 X25.6049 Y-72.2162
G1 X25.6352 Y-72.0961
G1 X25.6627 Y-71.8454
G1 X29.3237 Y-71.8456
G1 X30.1736 Y-71.8795
G1 X30.3653 Y-71.8679
G1 X30.5458 Y-71.8379
G1 X30.6836 Y-71.7953
G1 X30.8062 Y-71.7333
G1 X30.6274 Y-71.6192
G1 X30.4361 Y-71.5489
G1 X29.1837 Y-71.3050
G1 X28.7376 Y-71.2054
G1 X28.1212 Y-71.0314
G1 X27.4175 Y-70.7923
G1 X26.9817 Y-70.6246
G1 X26.5229 Y-70.4332
G1 X26.0727 Y-70.2313
G1 X24.9652 Y-69.7055
G1 X24.6862 Y-69.5831
G1 X24.4583 Y-69.4994
G1 X24.3347 Y-69.4183
G1 X24.2977 Y-69.3729
G1 X24.2713 Y-69.3173
G1 X24.2556 Y-69.1965
G1 X24.2669 Y-68.7088
G1 X24.2650 Y-54.3008
G1 X24.2368 Y-53.8301
G1 X24.2425 Y-53.6297
G1 X24.2724 Y-53.4866
G1 X24.3241 Y-53.3930
G1 X24.3925 Y-53.3384
G1 X24.5039 Y-53.3023
G1 X24.6546 Y-53.2921
G1 X25.2876 Y-53.2967
G1 X25.4653 Y-53.2747
G1 X25.6068 Y-53.2358
G1 X25.7187 Y-53.3479
G1 X25.5888 Y-53.7512
G1 X25.5256 Y-53.9096
G1 X25.4162 Y-54.0882
G1 X25.2889 Y-54.2250
G1 X25.1796 Y-54.3131
G1 X25.0540 Y-54.3960
G1 X24.7965 Y-54.5252
G1 X24.5150 Y-54.6191
G1 X24.2279 Y-54.6662
G1 X24.0126 Y-54.6630
G1 X23.8143 Y-54.6192
G1 X23.6514 Y-54.5414
G1 X23.4793 Y-54.4161
G1 X23.3122 Y-54.2412
G1 X23.1559 Y-54.0168
G1 X22.9924 Y-53.7251
G1 X22.9490 Y-53.6090
G1 X22.9335 Y-53.5205
G1 X22.9400 Y-53.4266
G1 X22.9820 Y-53.3510
G1 X23.0514 Y-53.3111
G1 X23.1373 Y-53.2954
G1 X23.6548 Y-53.2781
G1 X23.8710 Y-53.2845
G1 X24.0775 Y-53.3211
G1 X24.1876 Y-53.3618
G1 X24.2650 Y-53.4039
G1 X24.2638 Y-71.8970 F12000.0
G1 Z0.0000 F2500.0
G4 P0.02
G0 X62.6733 Y-63.0450 F15000.0
G1 Z11.9000 F2500.0
G4 P0.02
G1 X75.4201 Y-63.0450 F12000.0
G1 Z0.0000 F2500.0
G4 P0.02
G0 X75.4641 Y-49.9999 F15000.0
G1 Z11.9000 F2500.0
G4 P0.02
G1 X75.4641 Y-78.0187 F12000.0
G1 Z0.0000 F2500.0
G4 P0.02
G0 X77.3210 Y-63.0450 F15000.0
G1 Z11.9000 F2500.0
G4 P0.02
G1 X80.5076 Y-63.0450 F12000.0
G1 Z0.0000 F2500.0
G4 P0.02
G0 X81.2904 Y-65.5115 F15000.0
G1 Z11.9000 F2500.0
G4 P0.02
G1 X81.7936 Y-65.7059 F12000.0
G1 X82.5919 Y-66.8006
G1 X82.8000 Y-67.4173
G1 Z0.0000 F2500.0
G4 P0.02
G0 X82.3527 Y-63.0450 F15000.0
G1 Z11.9000 F2500.0
G4 P0.02
G1 X84.7566 Y-63.0075 F12000.0
G1 X85.4834 Y-63.0389
G1 X86.3779 Y-62.1482
G1 X86.5081 Y-62.2942
G1 X86.6331 Y-62.4681
G1 X86.7360 Y-62.6475
G1 X86.8234 Y-62.8339
G1 X87.3414 Y-64.1948
G1 X87.7249 Y-65.2686
G1 X87.7867 Y-65.5208
G1 X87.7920 Y-65.7042
G1 X87.7755 Y-65.7907
G1 X87.7434 Y-65.8723
G1 X87.6934 Y-65.9475
G1 X87.6291 Y-66.0134
G1 X87.5322 Y-66.0821
G1 X87.3967 Y-66.1409
G1 X87.2495 Y-66.1754
G1 X87.0948 Y-66.1914
G1 X86.2510 Y-66.1856
G1 X86.1395 Y-66.1565
G1 X86.0521 Y-66.0893
G1 X85.9798 Y-65.9648
G1 X85.8517 Y-65.5958
G1 X85.6635 Y-65.2839
G1 X85.6137 Y-65.1750
G1 X85.5424 Y-64.9104
G1 X85.4426 Y-64.2992
G1 X85.3877 Y-64.0605
G1 X85.3113 Y-63.8570
G1 X85.0970 Y-63.4392
G1 X85.0531 Y-63.2916
G1 X85.0362 Y-63.1572
G1 Z0.0000 F2500.0
G4 P0.02
G0 X85.4850 Y-63.1067 F15000.0
G1 Z11.9000 F2500.0
G4 P0.02
G1 X82.3535 Y-63.1067 F12000.0
G1 Z0.0000 F2500.0
G4 P0.02
G0 X82.7449 Y-56.5141 F15000.0
G1 Z11.9000 F2500.0
G4 P0.02
G1 X82.7449 Y-75.0363 F12000.0
G1 Z0.0000 F2500.0
G4 P0.02
G0 X83.3277 Y-56.4369 F15000.0
G1 Z11.9000 F2500.0
G4 P0.02
G1 X83.0856 Y-56.4191 F12000.0
G1 X82.9117 Y-56.3748
G1 X83.0549 Y-56.1794
G1 X83.2634 Y-55.9533
G1 X84.3842 Y-54.8557
G1 X85.3966 Y-53.9158
G1 X86.0153 Y-53.3159
G1 X86.7535 Y-52.5694
G1 X88.1378 Y-51.1244
G1 X88.2202 Y-50.9906
G1 X88.2408 Y-50.9186
G1 X88.2429 Y-50.8492
G1 X88.2128 Y-50.7308
G1 X88.0608 Y-50.4107
G1 X87.9982 Y-50.2279
G1 X87.9666 Y-50.0317
G1 X87.9777 Y-49.9593
G1 X87.9993 Y-49.9286
G1 X87.9434 Y-49.8726
G1 X87.9526 Y-49.7455
G1 X87.9753 Y-49.6230
G1 X88.0580 Y-49.3933
G1 X88.1161 Y-49.2868
G1 X88.2030 Y-49.1619
G1 X88.3939 Y-48.9629
G1 X88.6207 Y-48.8002
G1 X88.7589 Y-48.7268
G1 X88.9034 Y-48.6665
G1 X89.0527 Y-48.6199
G1 X89.2053 Y-48.5878
G1 X89.4823 Y-48.5682
G1 X89.7245 Y-48.5948
G1 X89.9560 Y-48.6658
G1 X90.1400 Y-48.7677
G1 X90.3227 Y-48.9270
G1 X90.4027 Y-49.0206
G1 X90.4914 Y-49.1482
G1 X90.6185 Y-49.3989
G1 X90.7018 Y-49.6641
G1 X90.7388 Y-49.9286
G1 Z0.0000 F2500.0
G4 P0.02
G0 X91.1860 Y-56.4308 F15000.0
G1 Z11.9000 F2500.0
G4 P0.02
G1 X91.5932 Y-56.4131 F12000.0
G1 X91.7193 Y-56.4247
G1 X91.8277 Y-56.4583
G1 X91.8861 Y-56.4997
G1 X91.9400 Y-56.5815
G1 X91.9852 Y-56.7517
G1 X91.9986 Y-56.9569
G1 X91.9687 Y-57.5518
G1 X92.2178 Y-57.9268
G1 X91.5915 Y-57.8483
G1 X91.0434 Y-57.4560
G1 X90.6520 Y-56.9065
G1 X90.6520 Y-56.2786
G1 X90.9651 Y-55.6508
G1 X91.4350 Y-55.2584
G1 X92.0613 Y-55.1799
G1 X92.6875 Y-55.3369
G1 X93.1573 Y-55.8077
G1 X93.3921 Y-56.4356
G1 X93.3921 Y-56.5141
G1 X93.2355 Y-57.1419
G1 X92.8441 Y-57.6913
G1 Z0.0000 F2500.0
G4 P0.02
G0 X86.3222 Y-62.1482 F15000.0
G1 Z11.9000 F2500.0
G4 P0.02
G1 X86.1881 Y-62.0610 F12000.0
G1 X86.0503 Y-61.9939
G1 X85.8801 Y-61.9367
G1 X85.7050 Y-61.8999
G1 X85.4345 Y-61.8737
G1 X84.9444 Y-61.8632
G1 X84.8204 Y-61.8718
G1 X84.7388 Y-61.9003
G1 X84.6951 Y-61.9353
G1 X84.6633 Y-61.9862
G1 X84.6399 Y-62.0678
G1 X84.6342 Y-62.1825
G1 X84.6655 Y-62.3633
G1 X84.7869 Y-62.7613
G1 X84.8126 Y-62.9330
G1 Z0.0000 F2500.0
G4 P0.02
G0 X85.4834 Y-63.1011 F15000.0
G1 Z11.9000 F2500.0
G4 P0.02
G1 X85.3717 Y-63.8859 F12000.0
G1 Z0.0000 F2500.0
G4 P0.02
G0 X85.6512 Y-65.2872 F15000.0
G1 Z11.9000 F2500.0
G4 P0.02
G1 X85.5937 Y-65.3669 F12000.0
G1 X85.5506 Y-65.4478
G1 X85.5197 Y-65.5299
G1 X85.4992 Y-65.6134
G1 X85.4812 Y-65.7862
G1 X85.4850 Y-66.2461
G1 X85.4850 Y-63.1067
G1 X87.7554 Y-60.8308
G1 Z0.0000 F2500.0
G4 P0.02
G0 X88.6143 Y-65.2311 F15000.0
G1 Z11.9000 F2500.0
G4 P0.02
G1 X88.6799 Y-65.3638 F12000.0
G1 X88.7352 Y-65.5065
G1 X88.9490 Y-66.2053
G1 X89.0207 Y-66.3740
G1 X89.0940 Y-66.5026
G1 X89.1701 Y-66.6000
G1 X89.2215 Y-66.6372
G1 X89.4454 Y-66.6946
G1 X89.5283 Y-66.7423
G1 X89.5803 Y-66.8125
G1 X89.6477 Y-67.0356
G1 X89.6950 Y-67.1106
G1 X89.7834 Y-67.1810
G1 X90.0194 Y-67.3013
G1 X90.1471 Y-67.3839
G1 X90.3150 Y-67.5215
G1 X90.4390 Y-67.6519
G1 X90.5588 Y-67.8193
G1 X90.6498 Y-68.0036
G1 X90.7104 Y-68.2057
G1 X90.7388 Y-68.4262
G1 Z0.0000 F2500.0
G4 P0.02
G0 X89.3970 Y-66.6324 F15000.0
G1 Z11.9000 F2500.0
G4 P0.02
G1 X89.3575 Y-66.2236 F12000.0
G1 X89.2832 Y-65.8773
G1 X89.1634 Y-65.5427
G1 X89.0056 Y-65.2311
G1 Z0.0000 F2500.0
G4 P0.02
G0 X91.9830 Y-75.0363 F15000.0
G1 Z11.9000 F2500.0
G4 P0.02
G1 X91.9830 Y-56.5141 F12000.0
G1 Z0.0000 F2500.0
G4 P0.02
G0 X98.5592 Y-78.0187 F15000.0
G1 Z11.9000 F2500.0
G4 P0.02
G1 X98.5592 Y-49.9999 F12000.0
G1 Z0.0000 F2500.0
G4 P0.02
G0 X104.6037 Y-66.6885 F15000.0
G1 Z11.9000 F2500.0
G4 P0.02
G1 X105.1209 Y-66.6140 F12000.0
G1 X104.9934 Y-66.2962
G1 X104.3242 Y-65.4554
G1 X104.8833 Y-65.3992
G1 Z0.0000 F2500.0
G4 P0.02
G0 X131.3850 Y-64.9509 F15000.0
G1 Z11.9000 F2500.0
G4 P0.02
G1 X131.7826 Y-66.0404 F12000.0
G1 X131.8384 Y-66.1418
G1 X131.9235 Y-66.2129
G1 X132.0026 Y-66.2389
G1 X132.1231 Y-66.2503
G1 X132.3896 Y-66.2401
G1 X132.8389 Y-66.2427
G1 X133.0966 Y-66.2157
G1 X133.2460 Y-66.1758
G1 X133.3773 Y-66.1115
G1 X133.4832 Y-66.0175
G1 X133.5445 Y-65.9172
G1 X133.5810 Y-65.7917
G1 X133.5881 Y-65.6541
G1 X133.5707 Y-65.5074
G1 X133.5255 Y-65.3248
G1 X133.4515 Y-65.1118
G1 X133.1220 Y-64.2718
G1 X132.6325 Y-62.9148
G1 X132.5045 Y-62.6409
G1 X132.3562 Y-62.4185
G1 X132.1858 Y-62.2452
G1 X131.9983 Y-62.1157
G1 X131.8596 Y-62.0481
G1 X131.6883 Y-61.9905
G1 X131.4831 Y-61.9499
G1 X131.2739 Y-61.9304
G1 X130.7223 Y-61.9207
G1 X130.6280 Y-61.9269
G1 X130.5195 Y-61.9652
G1 X130.4618 Y-62.0291
G1 X130.4390 Y-62.0939
G1 X130.4284 Y-62.2100
G1 X130.4610 Y-62.4179
G1 X130.5105 Y-62.5667
G1 X130.6472 Y-62.9066
G1 X130.9933 Y-63.8864
G1 X131.3850 Y-64.9509
G1 Z0.0000 F2500.0
G4 P0.02
G0 X136.3591 Y-64.9509 F15000.0
G1 Z11.9000 F2500.0
G4 P0.02
G1 X136.2528 Y-64.7685 F12000.0
G1 X136.1556 Y-64.5452
G1 X135.4791 Y-62.6571
G1 X135.4163 Y-62.4453
G1 X135.4003 Y-62.2623
G1 X135.4233 Y-62.1471
G1 X135.4829 Y-62.0423
G1 X135.5547 Y-61.9794
G1 X135.6659 Y-61.9368
G1 X135.8187 Y-61.9239
G1 X136.8063 Y-61.9240
G1 X136.6571 Y-61.3321
G1 X136.5666 Y-61.1074
G1 X136.4466 Y-60.9249
G1 X136.3142 Y-60.8004
G1 X136.1356 Y-60.6969
G1 X135.9376 Y-60.6304
G1 X135.6952 Y-60.5899
G1 X135.4141 Y-60.5753
G1 X134.9614 Y-60.5787
G1 Z0.0000 F2500.0
G4 P0.02
G0 X136.8063 Y-61.9240 F15000.0
G1 Z11.9000 F2500.0
G4 P0.02
G1 X137.1635 Y-62.7648 F12000.0
G1 X137.9245 Y-64.8388
G1 Z0.0000 F2500.0
G4 P0.02
G0 X139.3222 Y-66.2401 F15000.0
G1 Z11.9000 F2500.0
G4 P0.02
G1 X140.4196 Y-66.2387 F12000.0
G1 X140.5403 Y-66.2272
G1 X140.6259 Y-66.2030
G1 X140.7028 Y-66.1582
G1 X140.7477 Y-66.1139
G1 X140.8085 Y-65.9974
G1 X140.8238 Y-65.9168
G1 X140.8253 Y-65.8300
G1 X140.7861 Y-65.6111
G1 X140.6920 Y-65.3527
G1 X140.4369 Y-64.8098
G1 X140.2910 Y-64.2782
G1 X139.8021 Y-62.9335
G1 X139.6437 Y-62.5522
G1 X139.5733 Y-62.4179
G1 X139.4927 Y-62.2949
G1 X139.3776 Y-62.1656
G1 X139.2374 Y-62.0598
G1 X139.0966 Y-61.9922
G1 X138.9308 Y-61.9458
G1 X138.6396 Y-61.9071
G1 X138.4037 Y-61.9075
G1 X138.2164 Y-61.9446
G1 X138.0906 Y-62.0113
G1 X138.0206 Y-62.0939
G1 X137.9954 Y-62.1494
G1 X137.9746 Y-62.2360
G1 X137.9764 Y-62.3858
G1 X138.0103 Y-62.5373
G1 X138.6542 Y-64.3177
G1 X138.7449 Y-64.5144
G1 X138.8452 Y-64.6662
G1 X138.9241 Y-64.7448
G1 X139.0428 Y-64.8199
G1 X139.1801 Y-64.8725
G1 X139.3633 Y-64.9105
G1 X139.5266 Y-64.9256
G1 X139.7287 Y-64.9288
G1 X140.4403 Y-64.8949
G1 Z0.0000 F2500.0
G4 P0.02
G0 X142.0616 Y-62.1482 F15000.0
G1 Z11.9000 F2500.0
G4 P0.02
G1 X141.7445 Y-62.0205 F12000.0
G1 X141.4259 Y-61.9483
G1 X141.2140 Y-61.9278
G1 X140.9926 Y-61.9241
G1 X140.8685 Y-61.9297
G1 X140.7524 Y-61.9551
G1 X140.6754 Y-61.9966
G1 X140.6107 Y-62.0643
G1 X140.5695 Y-62.1433
G1 X140.5474 Y-62.2230
G1 X140.5387 Y-62.3085
G1 X140.5449 Y-62.4293
G1 X140.5681 Y-62.5556
G1 X140.6149 Y-62.7172
G1 X140.8759 Y-63.3523
G1 X141.0852 Y-64.0031
G1 X141.1864 Y-64.2700
G1 X141.3290 Y-64.5400
G1 X141.3984 Y-64.6358
G1 X141.4707 Y-64.7121
G1 X141.5813 Y-64.7878
G1 X141.7428 Y-64.8567
G1 X141.9273 Y-64.9034
G1 X142.1262 Y-64.9302
G1 X142.3648 Y-64.9385
G1 X142.5975 Y-64.9254
G1 X142.8105 Y-64.8937
G1 X142.9899 Y-64.8465
G1 X142.7888 Y-64.1005
G1 X142.5558 Y-63.4304
G1 X142.2385 Y-62.5827
G1 X142.1941 Y-62.4315
G1 X142.1772 Y-62.2854
G1 X142.1940 Y-62.1749
G1 X142.2459 Y-62.0724
G1 X142.3411 Y-61.9800
G1 Z0.0000 F2500.0
G4 P0.02
G0 X142.9002 Y-61.9800 F15000.0
G1 Z11.9000 F2500.0
G4 P0.02
G1 X144.0603 Y-63.9419 F12000.0
G1 X144.6378 Y-64.8544
G1 X145.5279 Y-64.8388
G1 X144.5215 Y-61.9800
G1 Z0.0000 F2500.0
G4 P0.02
G0 X146.0869 Y-63.4935 F15000.0
G1 Z11.9000 F2500.0
G4 P0.02
G1 X146.1030 Y-63.6863 F12000.0
G1 X146.1371 Y-63.8683
G1 X146.1999 Y-64.0886
G1 X146.2731 Y-64.2751
G1 X146.3635 Y-64.4506
G1 X146.4516 Y-64.5829
G1 X146.5511 Y-64.6972
G1 X146.6616 Y-64.7891
G1 X146.7772 Y-64.8514
G1 X146.9566 Y-64.8997
G1 X147.1892 Y-64.9273
G1 X147.4058 Y-64.9282
G1 X147.5825 Y-64.9088
G1 X147.7431 Y-64.8680
G1 X147.8753 Y-64.8028
G1 X147.9526 Y-64.7312
G1 X147.9898 Y-64.6649
G1 X148.0070 Y-64.5862
G1 X148.0054 Y-64.4696
G1 X147.9820 Y-64.3497
G1 X147.7162 Y-63.6329
G1 X147.6734 Y-63.5556
G1 X147.6350 Y-63.5120
G1 X147.5332 Y-63.4548
G1 X147.4151 Y-63.4352
G1 X146.1861 Y-63.4449
G1 X146.0708 Y-63.4206
G1 X145.9811 Y-63.3468
G1 X145.9185 Y-63.2428
G1 X145.6785 Y-62.5899
G1 X145.6337 Y-62.3655
G1 X145.6312 Y-62.2738
G1 X145.6424 Y-62.1876
G1 X145.6696 Y-62.1088
G1 X145.7153 Y-62.0392
G1 X145.7818 Y-61.9810
G1 X145.8357 Y-61.9514
G1 X145.9840 Y-61.9215
G1 X146.5386 Y-61.9254
G1 X146.8739 Y-61.9420
G1 X147.1492 Y-61.9800
G1 Z0.0000 F2500.0
G4 P0.02
G0 X147.9877 Y-61.9240 F15000.0
G1 Z11.9000 F2500.0
G4 P0.02
G1 X148.6587 Y-63.4935 F12000.0
G1 Z0.0000 F2500.0
G4 P0.02
G0 X149.1618 Y-64.9509 F15000.0
G1 Z11.9000 F2500.0
G4 P0.02
G1 X148.7688 Y-63.9979 F12000.0
G1 X148.6771 Y-63.5557
G1 X148.9941 Y-63.4374
G1 X149.8327 Y-63.4374
G1 X150.1619 Y-63.4688
G1 X150.3733 Y-63.8859
G1 X150.7272 Y-64.8388
G1 Z0.0000 F2500.0
G4 P0.02
G0 X150.1122 Y-63.3814 F15000.0
G1 Z11.9000 F2500.0
G4 P0.02
G1 X149.6649 Y-61.9800 F12000.0
G1 Z0.0000 F2500.0
G4 P0.02
G0 X152.2926 Y-62.1482 F15000.0
G1 Z11.9000 F2500.0
G4 P0.02
G1 X151.9756 Y-62.0205 F12000.0
G1 X151.6568 Y-61.9483
G1 X151.4450 Y-61.9278
G1 X151.2236 Y-61.9241
G1 X151.0994 Y-61.9297
G1 X150.9835 Y-61.9551
G1 X150.9063 Y-61.9966
G1 X150.8416 Y-62.0643
G1 X150.8004 Y-62.1433
G1 X150.7785 Y-62.2230
G1 X150.7696 Y-62.3085
G1 X150.7760 Y-62.4293
G1 X150.7991 Y-62.5556
G1 X150.8460 Y-62.7172
G1 X151.1068 Y-63.3523
G1 X151.3164 Y-64.0031
G1 X151.4174 Y-64.2700
G1 X151.5601 Y-64.5400
G1 X151.6294 Y-64.6358
G1 X151.7017 Y-64.7121
G1 X151.8124 Y-64.7878
G1 X151.9738 Y-64.8567
G1 X152.1583 Y-64.9034
G1 X152.3572 Y-64.9302
G1 X152.5959 Y-64.9385
G1 X152.8287 Y-64.9254
G1 X153.0415 Y-64.8937
G1 X153.2209 Y-64.8465
G1 X153.0199 Y-64.1005
G1 X152.7868 Y-63.4304
G1 X152.4695 Y-62.5827
G1 X152.4250 Y-62.4315
G1 X152.4082 Y-62.2854
G1 X152.4249 Y-62.1749
G1 X152.4770 Y-62.0724
G1 X152.5722 Y-61.9800
G1 Z0.0000 F2500.0
G4 P0.02
G0 X157.5352 Y-64.0454 F15000.0
G1 Z11.9000 F2500.0
G4 P0.02
G1 X156.9759 Y-62.5325 F12000.0
G1 X156.8715 Y-62.3256
G1 X156.7485 Y-62.1717
G1 X156.6323 Y-62.0803
G1 X156.5177 Y-62.0197
G1 X156.3701 Y-61.9689
G1 X156.1899 Y-61.9349
G1 X155.8335 Y-61.9138
G1 X155.6439 Y-61.9192
G1 X155.5006 Y-61.9555
G1 X155.4072 Y-62.0192
G1 X155.3701 Y-62.0658
G1 X155.3319 Y-62.1466
G1 X155.3071 Y-62.2989
G1 X155.3245 Y-62.4842
G1 X155.3886 Y-62.7142
G1 X155.5275 Y-63.1177
G1 X155.9889 Y-64.3167
G1 X156.0987 Y-64.5383
G1 X156.2268 Y-64.7047
G1 X156.3181 Y-64.7823
G1 X156.4253 Y-64.8433
G1 X156.5513 Y-64.8853
G1 X156.7195 Y-64.9147
G1 X156.9195 Y-64.9295
G1 X157.1310 Y-64.9243
G1 X157.3010 Y-64.9007
G1 X157.4526 Y-64.8564
G1 X157.5528 Y-64.8040
G1 X157.6114 Y-64.7536
G1 X157.6533 Y-64.6931
G1 X157.6778 Y-64.6164
G1 X157.6837 Y-64.5299
G1 X157.6672 Y-64.4080
G1 X157.5715 Y-64.1311
G1 X157.5352 Y-64.0454
G1 Z0.0000 F2500.0
G4 P0.02
G0 X157.6597 Y-61.9240 F15000.0
G1 Z11.9000 F2500.0
G4 P0.02
G1 X157.8482 Y-62.2996 F12000.0
G1 X158.0213 Y-62.7306
G1 X158.4684 Y-64.0763
G1 X158.5905 Y-64.4998
G1 X158.6504 Y-64.6549
G1 X158.7240 Y-64.7833
G1 X158.7952 Y-64.8544
G1 X158.8699 Y-64.8885
G1 X158.9920 Y-64.9071
G1 X159.3370 Y-64.8949
G1 X160.8910 Y-64.8904
G1 X161.0090 Y-64.8706
G1 X161.0879 Y-64.8380
G1 X161.1548 Y-64.7842
G1 X161.2062 Y-64.7041
G1 X161.2336 Y-64.6149
G1 X161.2404 Y-64.5280
G1 X161.2274 Y-64.4076
G1 X161.1955 Y-64.2852
G1 X160.9735 Y-63.7145
G1 X160.5987 Y-62.5912
G1 X160.4679 Y-62.2787
G1 X160.3432 Y-62.0361
G1 Z0.0000 F2500.0
G4 P0.02
G0 X159.0014 Y-61.9800 F15000.0
G1 Z11.9000 F2500.0
G4 P0.02
G1 X159.4705 Y-63.2132 F12000.0
G1 X160.0078 Y-64.8388
G1 Z0.0000 F2500.0
G4 P0.02
G0 X15.1522 Y-56.1505 F15000.0
G1 Z11.9000 F2500.0
G4 P0.02
G1 X15.1420 Y-55.8749 F12000.0
G1 X15.1027 Y-55.3570
G1 X15.0883 Y-54.9574
G1 X15.0954 Y-54.8283
G1 X15.1220 Y-54.7436
G1 X15.1740 Y-54.6774
G1 X15.2717 Y-54.6120
G1 X15.6333 Y-54.4873
G1 X15.7610 Y-54.4253
G1 X15.9069 Y-54.3231
G1 X16.0200 Y-54.2194
G1 X16.1573 Y-54.0514
G1 X16.2591 Y-53.8629
G1 X16.3139 Y-53.6610
G1 X16.3139 Y-53.4990
G1 X16.2823 Y-53.4146
G1 X16.2285 Y-53.3565
G1 X16.1306 Y-53.3113
G1 X16.0132 Y-53.2930
G1 X14.0563 Y-53.2883
G1 X13.8746 Y-53.3036
G1 X13.6986 Y-53.3479
G1 X13.6712 Y-53.1927
G1 X13.6942 Y-53.0567
G1 X13.7503 Y-52.9270
G1 X13.9383 Y-52.5719
G1 X14.0617 Y-52.3920
G1 X14.2078 Y-52.2292
G1 X14.3492 Y-52.1116
G1 X14.5045 Y-52.0230
G1 X14.6778 Y-51.9632
G1 X14.8633 Y-51.9319
G1 X15.0861 Y-51.9303
G1 X15.2752 Y-51.9588
G1 X15.4557 Y-52.0143
G1 X15.6208 Y-52.0963
G1 X15.7641 Y-52.2047
G1 X15.8790 Y-52.3389
G1 X14.8727 Y-52.5071
G1 X14.4300 Y-52.4886
G1 X14.2017 Y-52.2828
G1 Z0.0000 F2500.0
G4 P0.02
G0 X13.6949 Y-53.7671 F15000.0
G1 Z11.9000 F2500.0
G4 P0.02
G1 X14.0080 Y-54.3165 F12000.0
G1 X14.5560 Y-54.7090
G1 X15.1824 Y-54.7090
G1 X15.8086 Y-54.4734
G1 X16.2000 Y-54.0027
G1 X16.3566 Y-53.3747
G1 X16.3566 Y-53.2178
G1 X16.2000 Y-52.5899
G1 X15.7303 Y-52.1975
G1 X15.1041 Y-51.9621
G1 X14.3995 Y-52.1190
G1 X13.9297 Y-52.5115
G1 X13.6166 Y-53.1392
G1 X13.6949 Y-53.7671
G1 Z0.0000 F2500.0
G4 P0.02
G0 X13.6986 Y-53.3479 F15000.0
G1 Z11.9000 F2500.0
G4 P0.02
G1 X13.7053 Y-53.4618 F12000.0
G1 X13.7306 Y-53.6070
G1 X13.8194 Y-53.8677
G1 X13.8906 Y-54.0075
G1 X13.9758 Y-54.1405
G1 X14.1600 Y-54.3541
G1 X14.2772 Y-54.4538
G1 X14.3776 Y-54.5213
G1 X14.4830 Y-54.5767
G1 X14.5931 Y-54.6186
G1 X14.7385 Y-54.6421
G1 X15.0404 Y-54.6371
G1 X15.0963 Y-54.5810
G1 X15.0404 Y-53.3479
G1 X15.0258 Y-53.5317
G1 X15.1824 Y-55.9647
G1 X15.6521 Y-58.3192
G1 X16.4350 Y-60.5953
G1 X17.5310 Y-62.7143 F12000.0
G1 Z0.0000 F2500.0
G4 P0.02
G0 X23.2460 Y-54.3165 F15000.0
G1 Z11.9000 F2500.0
G4 P0.02
G1 X22.9328 Y-53.7671 F12000.0
G1 X22.8546 Y-53.1392
G1 Z0.0000 F2500.0
G4 P0.02
G0 X23.2460 Y-54.3165 F15000.0
G1 Z11.9000 F2500.0
G4 P0.02
G1 X23.7941 Y-54.7090 F12000.0
G1 X24.4204 Y-54.7090
G1 X25.0467 Y-54.4734
G1 X25.5164 Y-54.0027
G1 X25.6730 Y-53.3747
G1 Z0.0000 F2500.0
G4 P0.02
G0 X32.1709 Y-53.7671 F15000.0
G1 Z11.9000 F2500.0
G4 P0.02
G1 X32.4840 Y-54.3165 F12000.0
G1 X33.0321 Y-54.7090
G1 X33.6583 Y-54.7090
G1 X34.2846 Y-54.4734
G1 X34.7543 Y-54.0027
G1 X34.9110 Y-53.3747
G1 X34.9110 Y-53.2178
G1 X34.6761 Y-52.5899
G1 X34.2063 Y-52.1975
G1 X33.5801 Y-51.9621
G1 X32.9538 Y-52.1190
G1 X32.4058 Y-52.5115
G1 X32.1709 Y-53.1392
G1 X32.1709 Y-53.7671
G1 Z0.0000 F2500.0
G4 P0.02
G0 X56.4261 Y-37.5994 F15000.0
G1 Z11.9000 F2500.0
G4 P0.02
G1 X56.4261 Y-75.5857 F12000.0
G1 Z0.0000 F2500.0
G4 P0.02
G0 X37.4770 Y-57.5973 F15000.0
G1 Z11.9000 F2500.0
G4 P0.02
G1 X37.2505 Y-56.8980 F12000.0
G1 X37.1463 Y-56.6304
G1 X37.0412 Y-56.4024
G1 X36.9214 Y-56.1883
G1 X36.8022 Y-56.0153
G1 X36.6678 Y-55.8589
G1 X36.5388 Y-55.7399
G1 X36.3450 Y-55.6061
G1 X36.1528 Y-55.5154
G1 X35.9377 Y-55.4522
G1 X35.7256 Y-55.4224
G1 X35.5541 Y-55.4258
G1 X35.3752 Y-55.4663
G1 X35.2501 Y-55.5286
G1 X35.1308 Y-55.6350
G1 X35.0470 Y-55.7737
G1 X35.0011 Y-55.9420
G1 X34.9952 Y-56.1373
G1 X35.0225 Y-56.3187
G1 X35.1237 Y-56.6682
G1 X35.4632 Y-57.5450
G1 X35.7761 Y-58.4928
G1 X35.9530 Y-58.9032
G1 X36.0434 Y-59.0659
G1 X36.1448 Y-59.2170
G1 X36.2586 Y-59.3540
G1 X36.3641 Y-59.4555
G1 X36.4801 Y-59.5440
G1 X36.6075 Y-59.6179
G1 X36.7768 Y-59.6853
G1 X36.9812 Y-59.7294
G1 X37.1937 Y-59.7447
G1 X37.4198 Y-59.7299
G1 X37.6065 Y-59.6863
G1 X37.7456 Y-59.6234
G1 X37.8607 Y-59.5329
G1 X37.9431 Y-59.4115
G1 X37.9797 Y-59.2895
G1 X37.9883 Y-59.1774
G1 X37.9808 Y-59.0601
G1 X37.9522 Y-58.9084
G1 X37.8750 Y-58.6605
G1 X37.6477 Y-58.1072
G1 X37.5234 Y-57.7452
G1 X37.4770 Y-57.5973
G1 Z0.0000 F2500.0
G4 P0.02
G0 X55.4053 Y-51.5541 F15000.0
G1 Z11.9000 F2500.0
G4 P0.02
G1 X55.9085 Y-51.7486 F12000.0
G1 X56.6397 Y-52.7873
G1 X56.8215 Y-53.3461
G1 X57.2117 Y-53.6858
G1 X58.6480 Y-55.9264
G1 Z0.0000 F2500.0
G4 P0.02
G0 X56.9708 Y-55.7581 F15000.0
G1 Z11.9000 F2500.0
G4 P0.02
G1 X56.8545 Y-54.3568 F12000.0
G1 X56.8590 Y-53.4599
G1 Z0.0000 F2500.0
G4 P0.02
G0 X63.1765 Y-62.3164 F15000.0
G1 Z11.9000 F2500.0
G4 P0.02
G1 X62.7599 Y-62.7724 F12000.0
G1 X62.6444 Y-62.8770
G1 X62.5474 Y-62.9486
G1 X62.4453 Y-63.0057
G1 X62.3379 Y-63.0450
G1 Z0.0000 F2500.0
G4 P0.02
G0 X73.6870 Y-51.7784 F15000.0
G1 Z11.9000 F2500.0
G4 P0.02
G1 X74.0740 Y-51.3409 F12000.0
G1 X74.1965 Y-51.2410
G1 X74.3222 Y-51.1825
G1 X74.4239 Y-51.1770
G1 X74.5257 Y-51.2179
G1 X74.4138 Y-51.0496
G1 X73.5193 Y-50.1528
G1 X73.1463 Y-49.9707
G1 X72.9603 Y-50.6573
G1 X72.9044 Y-51.1058
G1 Z0.0000 F2500.0
G4 P0.02
G0 X75.4641 Y-49.9999 F15000.0
G1 Z11.9000 F2500.0
G4 P0.02
G1 X62.3900 Y-63.1067 F12000.0
G1 Z0.0000 F2500.0
G4 P0.02
G0 X71.2271 Y-57.8322 F15000.0
G1 Z11.9000 F2500.0
G4 P0.02
G1 X71.3939 Y-57.9418 F12000.0
G1 X71.5216 Y-58.0651
G1 X71.6198 Y-58.2017
G1 X71.7090 Y-58.3780
G1 X72.1522 Y-59.5345
G1 X72.2879 Y-59.9143
G1 X72.4152 Y-60.3279
G1 X72.5130 Y-60.7468
G1 Z0.0000 F2500.0
G4 P0.02
G0 X72.1775 Y-60.8029 F15000.0
G1 Z11.9000 F2500.0
G4 P0.02
G1 X73.1603 Y-60.7635 F12000.0
G1 X73.4472 Y-60.7649
G1 X73.6987 Y-60.7808
G1 X73.9430 Y-60.8152
G1 X74.1484 Y-60.8640
G1 X74.3433 Y-60.9338
G1 X74.5257 Y-61.0272
G1 Z0.0000 F2500.0
G4 P0.02
G0 X73.8548 Y-60.6908 F15000.0
G1 Z11.9000 F2500.0
G4 P0.02
G1 X73.3688 Y-59.2686 F12000.0
G1 X73.1397 Y-58.6647
G1 X73.0727 Y-58.4591
G1 X73.0343 Y-58.2809
G1 X73.0221 Y-58.1316
G1 X73.0332 Y-57.9818
G1 X73.0720 Y-57.8322
G1 Z0.0000 F2500.0
G4 P0.02
G0 X74.7493 Y-56.2626 F15000.0
G1 Z11.9000 F2500.0
G4 P0.02
G1 X75.1792 Y-57.3277 F12000.0
G1 X75.4185 Y-57.7761
G1 X75.6438 Y-58.8971
G1 X75.5320 Y-58.7849
G1 X74.9169 Y-58.4487
G1 Z0.0000 F2500.0
G4 P0.02
G0 X75.3642 Y-57.6079 F15000.0
G1 Z11.9000 F2500.0
G4 P0.02
G1 X75.4247 Y-57.4890 F12000.0
G1 X75.4746 Y-57.3268
G1 X75.5040 Y-57.1480
G1 X75.5169 Y-56.9574
G1 X75.5141 Y-56.6608
G1 X75.4762 Y-55.9524
G1 X75.4761 Y-50.4892
G1 X75.4581 Y-50.1902
G1 X75.4827 Y-50.0474
G1 X75.5085 Y-50.0031
G1 X75.5646 Y-49.9580
G1 X75.7019 Y-49.9161
G1 X75.8725 Y-49.9051
G1 X76.3146 Y-49.9286
G1 Z0.0000 F2500.0
G4 P0.02
G0 X88.2229 Y-49.9286 F15000.0
G1 Z11.9000 F2500.0
G4 P0.02
G1 X88.6528 Y-49.9180 F12000.0
G1 X88.8057 Y-49.9254
G1 X88.9536 Y-49.9496
G1 X89.0667 Y-49.9859
G1 X89.1734 Y-50.0408
G1 X89.2852 Y-50.0408
G1 X89.3838 Y-49.9890
G1 X89.4917 Y-49.9512
G1 X89.6073 Y-49.9254
G1 X89.7288 Y-49.9097
G1 X90.0149 Y-49.9021
G1 X90.6269 Y-49.9286
G1 X90.7303 Y-49.9999
G1 X90.5738 Y-50.6279
G1 X90.1041 Y-51.0986
G1 X89.4777 Y-51.3341
G1 X88.8514 Y-51.2557
G1 X88.3034 Y-50.9417
G1 X87.9903 Y-50.3923
G1 X87.9120 Y-49.6859
G1 X88.2251 Y-49.1367
G1 X88.7731 Y-48.7442
G1 X89.3994 Y-48.5873
G1 X90.0258 Y-48.7442
G1 X90.4955 Y-49.2151
G1 Z0.0000 F2500.0
G4 P0.02
G0 X77.8818 Y-59.3455 F15000.0
G1 Z11.9000 F2500.0
G4 P0.02
G1 X78.2793 Y-60.4350 F12000.0
G1 X78.3353 Y-60.5364
G1 X78.4203 Y-60.6075
G1 X78.4994 Y-60.6336
G1 X78.6199 Y-60.6450
G1 X78.8863 Y-60.6348
G1 X79.3357 Y-60.6374
G1 X79.5934 Y-60.6105
G1 X79.7428 Y-60.5705
G1 X79.8741 Y-60.5061
G1 X79.9800 Y-60.4120
G1 X80.0413 Y-60.3119
G1 X80.0778 Y-60.1864
G1 X80.0850 Y-60.0487
G1 X80.0676 Y-59.9019
G1 X80.0223 Y-59.7196
G1 X79.9483 Y-59.5063
G1 X79.6188 Y-58.6665
G1 X79.1293 Y-57.3095
G1 X79.0013 Y-57.0356
G1 X78.8529 Y-56.8132
G1 X78.6824 Y-56.6397
G1 X78.4951 Y-56.5104
G1 X78.3564 Y-56.4427
G1 X78.1851 Y-56.3853
G1 X77.9799 Y-56.3447
G1 X77.7707 Y-56.3252
G1 X77.2191 Y-56.3152
G1 X77.1248 Y-56.3216
G1 X77.0163 Y-56.3600
G1 X76.9586 Y-56.4238
G1 X76.9358 Y-56.4885
G1 X76.9251 Y-56.6047
G1 X76.9578 Y-56.8126
G1 X77.0071 Y-56.9614
G1 X77.1441 Y-57.3012
G1 X77.4902 Y-58.2810
G1 X77.8818 Y-59.3455
G1 Z0.0000 F2500.0
G4 P0.02
G0 X80.8432 Y-59.6819 F15000.0
G1 Z11.9000 F2500.0
G4 P0.02
G1 X81.5140 Y-61.4755 F12000.0
G1 Z0.0000 F2500.0
G4 P0.02
G0 X82.5515 Y-55.1431 F15000.0
G1 Z11.9000 F2500.0
G4 P0.02
G1 X82.4333 Y-55.1592 F12000.0
G1 X82.3190 Y-55.1890
G1 X82.2078 Y-55.2323
G1 X82.0740 Y-55.3032
G1 X81.9723 Y-55.3723
G1 X81.8530 Y-55.4727
G1 X81.6646 Y-55.6856
G1 X81.5183 Y-55.9304
G1 X81.4583 Y-56.0757
G1 X81.4227 Y-56.1952
G1 X81.3877 Y-56.4379
G1 X81.3900 Y-56.5592
G1 X81.4064 Y-56.6789
G1 X81.4375 Y-56.7956
G1 X81.4934 Y-56.9352
G1 X81.6350 Y-57.1713
G1 X81.8212 Y-57.3826
G1 X81.9403 Y-57.4867
G1 X82.0687 Y-57.5800
G1 X82.2045 Y-57.6609
G1 X82.3461 Y-57.7288
G1 X82.6106 Y-57.8138
G1 X82.7599 Y-57.8384
G1 X82.8790 Y-57.8453
G1 X83.1308 Y-57.8208
G1 X83.2533 Y-57.7884
G1 X83.3690 Y-57.7439
G1 X83.5783 Y-57.6221
G1 X83.7563 Y-57.4621
G1 X83.8333 Y-57.3701
G1 X83.9176 Y-57.2454
G1 X84.0349 Y-56.9992
G1 X84.1056 Y-56.7337
G1 X84.1272 Y-56.4586
G1 X84.0974 Y-56.1841
G1 X84.0257 Y-55.9486
G1 X83.9095 Y-55.7282
G1 X83.7510 Y-55.5332
G1 X83.5646 Y-55.3786
G1 X83.3556 Y-55.2634
G1 X83.1002 Y-55.1789
G1 X82.8602 Y-55.1419
G1 X82.5825 Y-55.1407
G1 X82.5515 Y-55.1431
G1 Z0.0000 F2500.0
G4 P0.02
G0 X81.4140 Y-56.9065 F15000.0
G1 Z11.9000 F2500.0
G4 P0.02
G1 X81.8055 Y-57.4560 F12000.0
G1 X82.3535 Y-57.8483
G1 X82.9799 Y-57.9268
G1 X83.6062 Y-57.6913
G1 X83.9976 Y-57.1419
G1 X84.1541 Y-56.5141
G1 X84.1541 Y-56.4356
G1 X83.9193 Y-55.8077
G1 X83.4496 Y-55.3369
G1 X82.8232 Y-55.1799
G1 X82.1969 Y-55.2584
G1 X81.6490 Y-55.6508
G1 X81.4140 Y-56.2786
G1 X81.4140 Y-56.9065
G1 Z0.0000 F2500.0
G4 P0.02
G0 X82.9117 Y-56.3187 F15000.0
G1 Z11.9000 F2500.0
G4 P0.02
G1 X82.8384 Y-56.4254 F12000.0
G1 X82.7802 Y-56.5613
G1 X82.7507 Y-56.7015
G1 X82.7409 Y-56.8470
G1 X82.7486 Y-66.2634
G1 X82.7411 Y-66.4101
G1 X82.7225 Y-66.5247
G1 X82.6877 Y-66.6362
G1 X82.6321 Y-66.7446
G1 Z0.0000 F2500.0
G4 P0.02
G0 X82.7449 Y-56.5141 F15000.0
G1 Z11.9000 F2500.0
G4 P0.02
G1 X91.9830 Y-56.5141 F12000.0
G1 Z0.0000 F2500.0
G4 P0.02
G0 X89.3411 Y-50.8815 F15000.0
G1 Z11.9000 F2500.0
G4 P0.02
G1 X89.2292 Y-50.0408 F12000.0
G1 X88.3907 Y-50.8815
G1 X88.5982 Y-51.0352
G1 X88.8193 Y-51.1458
G1 X89.0493 Y-51.2143
G1 X89.3137 Y-51.2424
G1 X89.5488 Y-51.2251
G1 X89.8077 Y-51.1593
G1 X90.0278 Y-51.0609
G1 X90.2344 Y-50.9259
G1 X90.4005 Y-50.7788
G1 X90.5398 Y-50.6109
G1 X90.5857 Y-50.4964
G1 X90.6776 Y-50.1336
G1 X90.7438 Y-50.0040
G1 X90.7811 Y-49.9675
G1 X90.8262 Y-49.9425
G1 X91.0220 Y-49.9055
G1 X91.2291 Y-49.8865
G1 X91.4745 Y-49.8806
G1 X92.6112 Y-49.9285
G1 Z0.0000 F2500.0
G4 P0.02
G0 X97.9460 Y-49.9259 F15000.0
G1 Z11.9000 F2500.0
G4 P0.02
G1 X98.0915 Y-49.9351 F12000.0
G1 X98.2047 Y-49.9565
G1 X98.3159 Y-49.9961
G1 X98.3980 Y-50.0408
G1 X98.5592 Y-49.9999
G1 X96.2888 Y-52.2760
G1 Z0.0000 F2500.0
G4 P0.02
G0 X91.3566 Y-57.2205 F15000.0
G1 Z11.9000 F2500.0
G4 P0.02
G1 X89.0863 Y-59.4965 F12000.0
G1 X89.3411 Y-59.7940
G1 X89.3255 Y-59.4179
G1 X89.3332 Y-59.2924
G1 X89.3595 Y-59.1790
G1 X89.3985 Y-59.1072
G1 X89.4557 Y-59.0424
G1 X89.7884 Y-58.7849
G1 Z0.0000 F2500.0
G4 P0.02
G0 X89.3211 Y-68.5222 F15000.0
G1 Z11.9000 F2500.0
G4 P0.02
G1 X89.3211 Y-49.9999 F12000.0
G1 Z0.0000 F2500.0
G4 P0.02
G0 X90.5710 Y-58.0003 F15000.0
G1 Z11.9000 F2500.0
G4 P0.02
G1 X90.8186 Y-57.7677 F12000.0
G1 X90.9221 Y-57.6514
G1 X90.9858 Y-57.5518
G1 X91.0137 Y-57.4647
G1 X91.0054 Y-57.3523
G1 X90.9437 Y-57.2166
G1 X90.7613 Y-56.9539
G1 X90.7086 Y-56.8494
G1 X90.6721 Y-56.6800
G1 X90.6670 Y-56.4718
G1 X90.6807 Y-56.3507
G1 X90.7135 Y-56.1992
G1 X90.8124 Y-55.9328
G1 X90.9559 Y-55.6854
G1 X91.1359 Y-55.4694
G1 X91.3202 Y-55.3139
G1 X91.5215 Y-55.2021
G1 X91.6382 Y-55.1610
G1 X91.7578 Y-55.1331
G1 X92.0018 Y-55.1157
G1 X92.2463 Y-55.1451
G1 X92.5130 Y-55.2295
G1 X92.7606 Y-55.3623
G1 X92.9791 Y-55.5373
G1 X93.1403 Y-55.7237
G1 X93.2630 Y-55.9345
G1 X93.3334 Y-56.1358
G1 X93.3628 Y-56.3510
G1 X93.3347 Y-56.4965
G1 X93.2113 Y-56.7930
G1 X93.1586 Y-57.1021
G1 X93.1241 Y-57.2364
G1 X93.0492 Y-57.3900
G1 X92.9423 Y-57.5191
G1 X92.8442 Y-57.6052
G1 X92.7177 Y-57.6887
G1 X92.5811 Y-57.7530
G1 X92.4372 Y-57.7990
G1 X92.2883 Y-57.8275
G1 X92.1367 Y-57.8395
G1 X91.9846 Y-57.8356
G1 X91.8052 Y-57.8113
G1 X91.6238 Y-57.7636
G1 X91.5018 Y-57.7116
G1 X91.3983 Y-57.6452
G1 X91.3214 Y-57.5649
G1 X91.2792 Y-57.4713
G1 X91.2753 Y-57.3928
G1 X91.2990 Y-57.3074
G1 X91.3537 Y-57.2155
G1 Z0.0000 F2500.0
G4 P0.02
G0 X92.8441 Y-57.6913 F15000.0
G1 Z11.9000 F2500.0
G4 P0.02
G1 X92.2178 Y-57.9268 F12000.0
G1 Z0.0000 F2500.0
G4 P0.02
G0 X92.6875 Y-55.8862 F15000.0
G1 Z11.9000 F2500.0
G4 P0.02
G1 X94.9579 Y-53.6102 F12000.0
G1 X95.0695 Y-53.4290
G1 X91.9687 Y-56.4868
G1 Z0.0000 F2500.0
G4 P0.02
G0 X93.4222 Y-56.5990 F15000.0
G1 Z11.9000 F2500.0
G4 P0.02
G1 X93.8490 Y-56.5964 F12000.0
G1 X94.0918 Y-56.6060
G1 X94.3316 Y-56.6372
G1 X94.5370 Y-56.6904
G1 X94.7439 Y-56.7789
G1 X94.9055 Y-56.8823
G1 X95.0617 Y-57.0248
G1 X95.1891 Y-57.1878
G1 X95.3075 Y-57.3943
G1 X95.4175 Y-57.6459
G1 X95.9739 Y-59.1696
G1 X96.2030 Y-59.7168
G1 X96.3023 Y-60.0005
G1 X96.3527 Y-60.2457
G1 X96.3506 Y-60.4443
G1 X96.3328 Y-60.5227
G1 X96.2964 Y-60.6120
G1 X96.2476 Y-60.6873
G1 X96.1879 Y-60.7496
G1 X96.0935 Y-60.8147
G1 X95.9570 Y-60.8709
G1 X95.8055 Y-60.9042
G1 X95.6131 Y-60.9216
G1 X94.8049 Y-60.9168
G1 X94.6933 Y-60.8877
G1 X94.6065 Y-60.8215
G1 X94.5133 Y-60.6813
G1 X94.4393 Y-60.5071
G1 X94.2679 Y-59.9305
G1 X93.7246 Y-58.4534
G1 X93.4657 Y-57.6922
G1 X93.3352 Y-57.4139
G1 X93.1986 Y-57.2155
G1 Z0.0000 F2500.0
G4 P0.02
G0 X95.4909 Y-55.4779 F15000.0
G1 Z11.9000 F2500.0
G4 P0.02
G1 X95.5860 Y-55.5102 F12000.0
G1 X95.6937 Y-55.5689
G1 X95.7831 Y-55.6432
G1 X95.8578 Y-55.7303
G1 X95.9507 Y-55.8789
G1 X96.1756 Y-56.3126
G1 X96.4586 Y-56.6550
G1 X96.8025 Y-57.1872
G1 X96.9444 Y-57.3836
G1 Z0.0000 F2500.0
G4 P0.02
G0 X96.1617 Y-57.3277 F15000.0
G1 Z11.9000 F2500.0
G4 P0.02
G1 X96.1617 Y-56.3748 F12000.0
G1 Z0.0000 F2500.0
G4 P0.02
G0 X98.4540 Y-50.0408 F15000.0
G1 Z11.9000 F2500.0
G4 P0.02
G1 X98.5153 Y-50.1629 F12000.0
G1 X98.5646 Y-50.3298
G1 X98.5919 Y-50.5135
G1 X98.6025 Y-50.7409
G1 X98.5664 Y-51.5274
G1 X98.5565 Y-52.4750
G1 X98.5653 Y-54.7785
G1 X98.5658 Y-68.4822
G1 Z0.0000 F2500.0
G4 P0.02
G0 X98.5658 Y-51.2179 F15000.0
G1 Z11.9000 F2500.0
G4 P0.02
G1 X98.2802 Y-51.2001 F12000.0
G1 X98.1379 Y-51.1722
G1 X98.0297 Y-51.1386
G1 X97.8220 Y-51.0369
G1 X97.6154 Y-50.8815
G1 X97.5414 Y-50.9417
G1 X97.2283 Y-50.3923
G1 X97.2283 Y-49.6859
G1 X97.4631 Y-49.1367
G1 X98.0111 Y-48.7442
G1 X98.6375 Y-48.5873
G1 X99.2638 Y-48.7442
G1 X99.7334 Y-49.2151
G1 X99.9683 Y-49.8430
G1 X99.9683 Y-49.9999
G1 X99.8117 Y-50.6279
G1 X99.3420 Y-51.0986
G1 X98.7158 Y-51.3341
G1 X98.0894 Y-51.2557
G1 X97.5414 Y-50.9417
G1 X97.3411 Y-51.1661
G1 X97.4651 Y-50.9920
G1 X97.4902 Y-50.9067
G1 X97.4905 Y-50.8223
G1 X97.4503 Y-50.6832
G1 X97.2887 Y-50.3783
G1 X97.2435 Y-50.2658
G1 X97.2177 Y-50.1132
G1 X97.2124 Y-49.9553
G1 X97.2254 Y-49.8007
G1 X97.2557 Y-49.6502
G1 X97.3024 Y-49.5049
G1 X97.3782 Y-49.3388
G1 X97.4743 Y-49.1834
G1 X97.6092 Y-49.0183
G1 X97.7663 Y-48.8731
G1 X97.9426 Y-48.7507
G1 X98.1353 Y-48.6540
G1 X98.3113 Y-48.5937
G1 X98.5267 Y-48.5522
G1 X98.7178 Y-48.5442
G1 X98.8426 Y-48.5561
G1 X98.9634 Y-48.5814
G1 X99.1903 Y-48.6687
G1 X99.3951 Y-48.7993
G1 X99.5945 Y-48.9893
G1 X99.7561 Y-49.2154
G1 X99.8746 Y-49.4678
G1 X99.9450 Y-49.7370
G1 X99.9615 Y-49.8900
G1 X99.9623 Y-50.0127
G1 X99.9287 Y-50.2556
G1 X99.8588 Y-50.4607
G1 X99.7527 Y-50.6451
G1 X99.5912 Y-50.8291
G1 X99.3958 Y-50.9844
G1 X99.1482 Y-51.1226
G1 X98.8853 Y-51.2199
G1 X98.6217 Y-51.2739
G1 Z0.0000 F2500.0
G4 P0.02
G0 X102.4970 Y-54.2341 F15000.0
G1 Z11.9000 F2500.0
G4 P0.02
G1 X102.2706 Y-53.5349 F12000.0
G1 X102.1664 Y-53.2671
G1 X102.0613 Y-53.0392
G1 X101.9416 Y-52.8250
G1 X101.8224 Y-52.6521
G1 X101.6878 Y-52.4957
G1 X101.5589 Y-52.3766
G1 X101.3650 Y-52.2430
G1 X101.1730 Y-52.1522
G1 X100.9577 Y-52.0890
G1 X100.7458 Y-52.0592
G1 X100.5743 Y-52.0627
G1 X100.3954 Y-52.1031
G1 X100.2703 Y-52.1654
G1 X100.1510 Y-52.2718
G1 X100.0672 Y-52.4104
G1 X100.0214 Y-52.5788
G1 X100.0155 Y-52.7741
G1 X100.0428 Y-52.9554
G1 X100.1441 Y-53.3049
G1 X100.4833 Y-54.1818
G1 X100.7963 Y-55.1296
G1 X100.9732 Y-55.5400
G1 X101.0636 Y-55.7026
G1 X101.1650 Y-55.8537
G1 X101.2788 Y-55.9908
G1 X101.3843 Y-56.0924
G1 X101.5002 Y-56.1807
G1 X101.6277 Y-56.2547
G1 X101.7968 Y-56.3221
G1 X102.0012 Y-56.3662
G1 X102.2138 Y-56.3815
G1 X102.4399 Y-56.3667
G1 X102.6265 Y-56.3230
G1 X102.7657 Y-56.2602
G1 X102.8807 Y-56.1698
G1 X102.9632 Y-56.0482
G1 X102.9997 Y-55.9264
G1 X103.0085 Y-55.8142
G1 X103.0009 Y-55.6969
G1 X102.9723 Y-55.5452
G1 X102.8951 Y-55.2973
G1 X102.6679 Y-54.7440
G1 X102.5436 Y-54.3820
G1 X102.4970 Y-54.2341
G1 Z0.0000 F2500.0
G4 P0.02
G0 X130.4888 Y-55.1416 F15000.0
G1 Z11.9000 F2500.0
G4 P0.02
G1 X130.6556 Y-55.2514 F12000.0
G1 X130.7833 Y-55.3745
G1 X130.8813 Y-55.5111
G1 X130.9707 Y-55.6874
G1 X131.4140 Y-56.8440
G1 X131.5496 Y-57.2237
G1 X131.6769 Y-57.6374
G1 X131.7747 Y-58.0564
G1 Z0.0000 F2500.0
G4 P0.02
G0 X131.4392 Y-58.1123 F15000.0
G1 Z11.9000 F2500.0
G4 P0.02
G1 X132.4219 Y-58.0731 F12000.0
G1 X132.7089 Y-58.0745
G1 X132.9603 Y-58.0905
G1 X133.2047 Y-58.1249
G1 X133.4100 Y-58.1737
G1 X133.6050 Y-58.2432
G1 X133.7873 Y-58.3366
G1 Z0.0000 F2500.0
G4 P0.02
G0 X133.1164 Y-58.0003 F15000.0
G1 Z11.9000 F2500.0
G4 P0.02
G1 X132.6304 Y-56.5782 F12000.0
G1 X132.4013 Y-55.9742
G1 X132.3343 Y-55.7686
G1 X132.2959 Y-55.5903
G1 X132.2839 Y-55.4410
G1 X132.2948 Y-55.2914
G1 X132.3337 Y-55.1416
G1 Z0.0000 F2500.0
G4 P0.02
G0 X133.7873 Y-54.6371 F15000.0
G1 Z11.9000 F2500.0
G4 P0.02
G1 X134.4023 Y-56.3748 F12000.0
G1 X134.3464 Y-56.3187
G1 X133.8991 Y-56.0945
G1 Z0.0000 F2500.0
G4 P0.02
G0 X136.8063 Y-55.1416 F15000.0
G1 Z11.9000 F2500.0
G4 P0.02
G1 X137.4772 Y-56.7110 F12000.0
G1 Z0.0000 F2500.0
G4 P0.02
G0 X137.9804 Y-58.1684 F15000.0
G1 Z11.9000 F2500.0
G4 P0.02
G1 X137.5873 Y-57.2155 F12000.0
G1 X137.4956 Y-56.7734
G1 X137.8126 Y-56.6550
G1 X138.6512 Y-56.6550
G1 X138.9805 Y-56.6864
G1 X139.1919 Y-57.1035
G1 X139.5458 Y-58.0564
G1 Z0.0000 F2500.0
G4 P0.02
G0 X138.9308 Y-56.5990 F15000.0
G1 Z11.9000 F2500.0
G4 P0.02
G1 X138.4836 Y-55.1977 F12000.0
G1 Z0.0000 F2500.0
G4 P0.02
G0 X141.1111 Y-55.3658 F15000.0
G1 Z11.9000 F2500.0
G4 P0.02
G1 X140.7941 Y-55.2381 F12000.0
G1 X140.4754 Y-55.1658
G1 X140.2636 Y-55.1454
G1 X140.0422 Y-55.1417
G1 X139.9180 Y-55.1472
G1 X139.8020 Y-55.1727
G1 X139.7249 Y-55.2141
G1 X139.6602 Y-55.2819
G1 X139.6190 Y-55.3608
G1 X139.5970 Y-55.4406
G1 X139.5882 Y-55.5260
G1 X139.5945 Y-55.6469
G1 X139.6177 Y-55.7733
G1 X139.6645 Y-55.9347
G1 X139.9254 Y-56.5699
G1 X140.1348 Y-57.2208
G1 X140.2360 Y-57.4876
G1 X140.3786 Y-57.7576
G1 X140.4480 Y-57.8533
G1 X140.5203 Y-57.9297
G1 X140.6309 Y-58.0053
G1 X140.7924 Y-58.0741
G1 X140.9769 Y-58.1210
G1 X141.1757 Y-58.1478
G1 X141.4144 Y-58.1561
G1 X141.6472 Y-58.1428
G1 X141.8601 Y-58.1112
G1 X142.0394 Y-58.0641
G1 X141.8384 Y-57.3182
G1 X141.6054 Y-56.6479
G1 X141.2880 Y-55.8002
G1 X141.2436 Y-55.6491
G1 X141.2267 Y-55.5030
G1 X141.2435 Y-55.3924
G1 X141.2955 Y-55.2899
G1 X141.3907 Y-55.1977
G1 Z0.0000 F2500.0
G4 P0.02
G0 X145.8074 Y-55.1416 F15000.0
G1 Z11.9000 F2500.0
G4 P0.02
G1 X145.0372 Y-55.1033 F12000.0
G1 X144.7118 Y-55.1086
G1 X144.5574 Y-55.1261
G1 X144.4128 Y-55.1568
G1 X144.2806 Y-55.2033
G1 X144.1861 Y-55.2536
G1 X144.2634 Y-55.3952
G1 X144.3492 Y-55.5248
G1 X144.5628 Y-55.7782
G1 X145.3248 Y-56.4995
G1 X146.3871 Y-57.5724
G1 X146.7644 Y-57.9304
G1 X146.9107 Y-58.0892
G1 X147.0495 Y-58.2848
G1 X147.1309 Y-58.4628
G1 X147.1719 Y-58.6503
G1 X147.1692 Y-58.8307
G1 X147.1444 Y-58.9443
G1 X147.0892 Y-59.0760
G1 X147.0090 Y-59.1932
G1 X146.9279 Y-59.2744
G1 X146.8068 Y-59.3576
G1 X146.6954 Y-59.4075
G1 X146.5394 Y-59.4462
G1 X146.4023 Y-59.4565
G1 X146.2743 Y-59.4485
G1 X146.1253 Y-59.4175
G1 X145.9829 Y-59.3656
G1 X145.8477 Y-59.2955
G1 X145.7205 Y-59.2101
G1 X145.5799 Y-59.0911
G1 X145.4735 Y-58.9814
G1 X145.3601 Y-58.8410
G1 Z0.0000 F2500.0
G4 P0.02
G0 X149.6827 Y-57.3170 F15000.0
G1 Z11.9000 F2500.0
G4 P0.02
G1 X149.4563 Y-56.6178 F12000.0
G1 X149.3521 Y-56.3501
G1 X149.2470 Y-56.1222
G1 X149.1272 Y-55.9080
G1 X149.0081 Y-55.7351
G1 X148.8735 Y-55.5785
G1 X148.7446 Y-55.4596
G1 X148.5507 Y-55.3259
G1 X148.3586 Y-55.2352
G1 X148.1434 Y-55.1719
G1 X147.9315 Y-55.1422
G1 X147.7600 Y-55.1457
G1 X147.5811 Y-55.1861
G1 X147.4560 Y-55.2482
G1 X147.3367 Y-55.3547
G1 X147.2529 Y-55.4934
G1 X147.2071 Y-55.6617
G1 X147.2012 Y-55.8570
G1 X147.2285 Y-56.0384
G1 X147.3298 Y-56.3878
G1 X147.6690 Y-57.2648
G1 X147.9820 Y-58.2126
G1 X148.1589 Y-58.6228
G1 X148.2493 Y-58.7855
G1 X148.3507 Y-58.9367
G1 X148.4645 Y-59.0737
G1 X148.5700 Y-59.1751
G1 X148.6860 Y-59.2637
G1 X148.8134 Y-59.3375
G1 X148.9825 Y-59.4049
G1 X149.1869 Y-59.4492
G1 X149.3995 Y-59.4644
G1 X149.6256 Y-59.4496
G1 X149.8122 Y-59.4060
G1 X149.9514 Y-59.3432
G1 X150.0664 Y-59.2527
G1 X150.1489 Y-59.1311
G1 X150.1854 Y-59.0093
G1 X150.1941 Y-58.8971
G1 X150.1865 Y-58.7798
G1 X150.1580 Y-58.6281
G1 X150.0808 Y-58.3802
G1 X149.8536 Y-57.8269
G1 X149.7293 Y-57.4650
G1 X149.6827 Y-57.3170
G1 Z0.0000 F2500.0
G4 P0.02
G0 X151.7335 Y-55.1416 F15000.0
G1 Z11.9000 F2500.0
G4 P0.02
G1 X152.3485 Y-56.7671 F12000.0
G1 X152.8517 Y-57.7200
G1 X152.8517 Y-58.0003
G1 X153.0367 Y-57.4958
G1 X153.3129 Y-56.8686
G1 X153.6903 Y-57.0490
G1 X154.5288 Y-57.6640
G1 X154.8084 Y-58.1123
G1 X154.4730 Y-57.1595
G1 X153.7463 Y-55.1977
G1 Z0.0000 F2500.0
G4 P0.02
G0 X154.6966 Y-55.1416 F15000.0
G1 Z11.9000 F2500.0
G4 P0.02
G1 X155.3116 Y-56.7671 F12000.0
G1 X155.8148 Y-57.7200
G1 X155.8148 Y-58.0003
G1 X155.9998 Y-57.4958
G1 X156.2760 Y-56.8686
G1 X156.6533 Y-57.0490
G1 X157.4920 Y-57.6640
G1 X157.7715 Y-58.1123
G1 X157.4361 Y-57.1595
G1 X156.7093 Y-55.1977
G1 Z0.0000 F2500.0
G4 P0.02
G0 X157.2125 Y-54.4690 F15000.0
G1 Z11.9000 F2500.0
G4 P0.02
G1 X157.6597 Y-55.1416 F12000.0
G1 Z0.0000 F2500.0
G4 P0.02
G0 X10.1765 Y-50.5452 F15000.0
G1 Z11.9000 F2500.0
G4 P0.02
G1 X9.3378 Y-49.6483 F12000.0
G1 X8.7788 Y-49.2560
G1 X8.7568 Y-49.0388
G1 X8.7301 Y-48.9610
G1 X8.6791 Y-48.8772
G1 X8.3750 Y-48.5817
G1 X7.3811 Y-47.5183
G1 Z0.0000 F2500.0
G4 P0.02
G0 X8.7228 Y-49.3121 F15000.0
G1 Z11.9000 F2500.0
G4 P0.02
G1 X8.5552 Y-50.4331 F12000.0
G1 Z0.0000 F2500.0
G4 P0.02
G0 X11.4064 Y-53.2918 F15000.0
G1 Z11.9000 F2500.0
G4 P0.02
G1 X13.6427 Y-53.2918 F12000.0
G1 Z0.0000 F2500.0
G4 P0.02
G0 X11.4245 Y-53.3747 F15000.0
G1 Z11.9000 F2500.0
G4 P0.02
G1 X56.7533 Y-53.3747 F12000.0
G1 Z0.0000 F2500.0
G4 P0.02
G0 X25.6068 Y-53.2358 F15000.0
G1 Z11.9000 F2500.0
G4 P0.02
G1 X25.5837 Y-52.9348 F12000.0
G1 X25.5239 Y-52.6967
G1 X25.4741 Y-52.5884
G1 X25.4259 Y-52.5124
G1 X25.2658 Y-52.3297
G1 X25.1716 Y-52.2506
G1 X25.0431 Y-52.1638
G1 X24.7881 Y-52.0430
G1 X24.5138 Y-51.9701
G1 X24.2334 Y-51.9474
G1 X23.9894 Y-51.9720
G1 X23.7600 Y-52.0406
G1 X23.5539 Y-52.1539
G1 X23.3665 Y-52.3108
G1 X23.1821 Y-52.5275
G1 X23.0326 Y-52.7730
G1 X22.9253 Y-53.0326
G1 X22.8673 Y-53.2918
G1 X16.3822 Y-53.2918
G1 X16.3597 Y-52.9947
G1 X16.2995 Y-52.7255
G1 X16.2315 Y-52.5631
G1 X16.0912 Y-52.3650
G1 X16.0545 Y-52.2828
G1 X16.0361 Y-52.1416
G1 X16.0346 Y-51.7813
G1 X15.9770 Y-51.5469
G1 X15.8893 Y-51.2552
G1 X15.7178 Y-50.7619
G1 X15.2749 Y-49.6197
G1 X15.1125 Y-49.1521
G1 X15.0404 Y-48.9818
G1 X14.9518 Y-48.8202
G1 X14.8165 Y-48.6462
G1 X14.6530 Y-48.4982
G1 X14.4754 Y-48.3852
G1 X14.2572 Y-48.2932
G1 X14.0262 Y-48.2345
G1 X13.7853 Y-48.2027
G1 X13.2330 Y-48.1798
G1 X13.0727 Y-48.1957
G1 X13.0184 Y-48.2154
G1 X12.9741 Y-48.2458
G1 X12.9416 Y-48.2874
G1 X12.9116 Y-48.3607
G1 X12.9015 Y-48.5037
G1 X12.9391 Y-48.6963
G1 X13.0085 Y-48.8945
G1 X13.1506 Y-49.2345
G1 X13.6203 Y-50.5600
G1 X14.2017 Y-52.1147
G1 Z0.0000 F2500.0
G4 P0.02
G0 X15.8790 Y-48.9196 F15000.0
G1 Z11.9000 F2500.0
G4 P0.02
G1 X15.8790 Y-47.9667 F12000.0
G1 Z0.0000 F2500.0
G4 P0.02
G0 X20.2973 Y-49.6483 F15000.0
G1 Z11.9000 F2500.0
G4 P0.02
G1 X20.6950 Y-50.7378 F12000.0
G1 X20.7508 Y-50.8392
G1 X20.8359 Y-50.9104
G1 X20.9149 Y-50.9364
G1 X21.0354 Y-50.9478
G1 X21.3020 Y-50.9376
G1 X21.7512 Y-50.9402
G1 X22.0089 Y-50.9132
G1 X22.1582 Y-50.8732
G1 X22.2896 Y-50.8090
G1 X22.3953 Y-50.7150
G1 X22.4567 Y-50.6147
G1 X22.4932 Y-50.4892
G1 X22.5004 Y-50.3515
G1 X22.4831 Y-50.2048
G1 X22.4380 Y-50.0223
G1 X22.3640 Y-49.8093
G1 X22.0345 Y-48.9693
G1 X21.5447 Y-47.6123
G1 X21.4167 Y-47.3384
G1 X21.2685 Y-47.1159
G1 X21.0981 Y-46.9426
G1 X20.9106 Y-46.8132
G1 X20.7719 Y-46.7456
G1 X20.6007 Y-46.6880
G1 X20.3955 Y-46.6474
G1 X20.1863 Y-46.6280
G1 X19.6348 Y-46.6182
G1 X19.5404 Y-46.6244
G1 X19.4320 Y-46.6627
G1 X19.3741 Y-46.7266
G1 X19.3514 Y-46.7914
G1 X19.3408 Y-46.9075
G1 X19.3736 Y-47.1154
G1 X19.4229 Y-47.2642
G1 X19.5597 Y-47.6040
G1 X19.9057 Y-48.5840
G1 X20.2973 Y-49.6483
G1 Z0.0000 F2500.0
G4 P0.02
G0 X22.8546 Y-53.1392 F15000.0
G1 Z11.9000 F2500.0
G4 P0.02
G1 X23.1677 Y-52.5115 F12000.0
G1 X23.6375 Y-52.1190
G1 X24.3421 Y-51.9621
G1 X24.9684 Y-52.1975
G1 X25.4381 Y-52.5899
G1 X25.5947 Y-53.2178
G1 X25.7746 Y-53.3479
G1 X26.7249 Y-53.2918
G1 X34.8315 Y-53.2918
G1 Z0.0000 F2500.0
G4 P0.02
G0 X34.9433 Y-53.2918 F15000.0
G1 Z11.9000 F2500.0
G4 P0.02
G1 X34.9017 Y-53.0203 F12000.0
G1 X34.8100 Y-52.7529
G1 X34.6894 Y-52.5430
G1 X34.6132 Y-52.4476
G1 X34.5055 Y-52.3386
G1 X34.2816 Y-52.1733
G1 X34.1441 Y-52.1003
G1 X33.9998 Y-52.0414
G1 X33.7290 Y-51.9735
G1 X33.5757 Y-51.9582
G1 X33.4534 Y-51.9582
G1 X33.3025 Y-51.9742
G1 X33.1845 Y-52.0000
G1 X32.9648 Y-52.0862
G1 X32.7634 Y-52.2170
G1 X32.5610 Y-52.4095
G1 X32.3925 Y-52.6394
G1 X32.2667 Y-52.8954
G1 X32.2182 Y-53.0449
G1 X32.1919 Y-53.1667
G1 X32.1753 Y-53.4116
G1 X32.1865 Y-53.5328
G1 X32.2119 Y-53.6519
G1 X32.2892 Y-53.8484
G1 X32.4424 Y-54.1086
G1 X32.6192 Y-54.3245
G1 X32.8048 Y-54.4845
G1 X32.9872 Y-54.5874
G1 X33.1848 Y-54.6473
G1 X33.3927 Y-54.6670
G1 X33.6364 Y-54.6459
G1 X33.9088 Y-54.5739
G1 X34.1682 Y-54.4594
G1 X34.4274 Y-54.2931
G1 X34.6221 Y-54.1178
G1 X34.6976 Y-54.0288
G1 X34.7609 Y-53.9303
G1 X34.8368 Y-53.7448
G1 X34.8961 Y-53.4457
G1 X34.9324 Y-53.3664
G1 X34.9761 Y-53.3258
G1 X35.0300 Y-53.3009
G1 X35.1105 Y-53.2795
G1 X35.2303 Y-53.2648
G1 X35.4261 Y-53.2639
G1 X35.8938 Y-53.2918
G1 X56.7472 Y-53.2918
G1 Z0.0000 F2500.0
G4 P0.02
G0 X71.7303 Y-48.1909 F15000.0
G1 Z11.9000 F2500.0
G4 P0.02
G1 X72.7243 Y-49.2543 F12000.0
G1 X73.0282 Y-49.5499
G1 X73.0793 Y-49.6337
G1 X73.1061 Y-49.7115
G1 X73.1280 Y-49.9286
G1 X73.1839 Y-49.4241
G1 X73.4076 Y-48.3031
G1 Z0.0000 F2500.0
G4 P0.02
G0 X75.4641 Y-49.9999 F15000.0
G1 Z11.9000 F2500.0
G4 P0.02
G1 X98.5592 Y-49.9999 F12000.0
G1 Z0.0000 F2500.0
G4 P0.02
G0 X89.3211 Y-49.9999 F15000.0
G1 Z11.9000 F2500.0
G4 P0.02
G1 X82.7449 Y-56.5141 F12000.0
G1 Z0.0000 F2500.0
G4 P0.02
G0 X90.7303 Y-49.8430 F15000.0
G1 Z11.9000 F2500.0
G4 P0.02
G1 X90.4955 Y-49.2151 F12000.0
G1 Z0.0000 F2500.0
G4 P0.02
G0 X98.5592 Y-49.9999 F15000.0
G1 Z11.9000 F2500.0
G4 P0.02
G1 X91.9830 Y-56.5141 F12000.0
G1 Z0.0000 F2500.0
G4 P0.02
G0 X130.4888 Y-48.3031 F15000.0
G1 Z11.9000 F2500.0
G4 P0.02
G1 X130.6556 Y-48.4128 F12000.0
G1 X130.7833 Y-48.5360
G1 X130.8813 Y-48.6726
G1 X130.9707 Y-48.8490
G1 X131.4140 Y-50.0054
G1 X131.5496 Y-50.3852
G1 X131.6769 Y-50.7988
G1 X131.7747 Y-51.2179
G1 Z0.0000 F2500.0
G4 P0.02
G0 X131.4392 Y-51.2739 F15000.0
G1 Z11.9000 F2500.0
G4 P0.02
G1 X132.4219 Y-51.2345 F12000.0
G1 X132.7089 Y-51.2361
G1 X132.9603 Y-51.2520
G1 X133.2047 Y-51.2864
G1 X133.4100 Y-51.3353
G1 X133.6050 Y-51.4047
G1 X133.7873 Y-51.4981
G1 Z0.0000 F2500.0
G4 P0.02
G0 X133.1164 Y-51.1618 F15000.0
G1 Z11.9000 F2500.0
G4 P0.02
G1 X132.6304 Y-49.7396 F12000.0
G1 X132.4013 Y-49.1358
G1 X132.3343 Y-48.9301
G1 X132.2959 Y-48.7519
G1 X132.2839 Y-48.6026
G1 X132.2948 Y-48.4528
G1 X132.3337 Y-48.3031
G1 Z0.0000 F2500.0
G4 P0.02
G0 X134.2346 Y-47.7986 F15000.0
G1 Z11.9000 F2500.0
G4 P0.02
G1 X133.5078 Y-47.8547 F12000.0
G1 X133.6128 Y-48.0400
G1 X133.7666 Y-48.2260
G1 X133.9450 Y-48.3932
G1 X134.3713 Y-48.7512
G1 X134.5825 Y-48.9705
G1 X134.6714 Y-49.0932
G1 X134.7451 Y-49.2306
G1 X134.7662 Y-49.3225
G1 X134.7606 Y-49.4109
G1 X134.7159 Y-49.5162
G1 X134.6346 Y-49.5987
G1 X134.5232 Y-49.6489
G1 X134.4260 Y-49.6601
G1 X134.3058 Y-49.6441
G1 X134.1965 Y-49.6013
G1 X134.0959 Y-49.5387
G1 X133.9551 Y-49.4241
G1 Z0.0000 F2500.0
G4 P0.02
G0 X137.2535 Y-48.3031 F15000.0
G1 Z11.9000 F2500.0
G4 P0.02
G1 X137.9245 Y-49.8726 F12000.0
G1 Z0.0000 F2500.0
G4 P0.02
G0 X138.4276 Y-51.3299 F15000.0
G1 Z11.9000 F2500.0
G4 P0.02
G1 X138.0346 Y-50.3770 F12000.0
G1 X137.9429 Y-49.9348
G1 X138.2598 Y-49.8166
G1 X139.0985 Y-49.8166
G1 X139.4278 Y-49.8479
G1 X139.6391 Y-50.2649
G1 X139.9930 Y-51.2179
G1 Z0.0000 F2500.0
G4 P0.02
G0 X139.3780 Y-49.7605 F15000.0
G1 Z11.9000 F2500.0
G4 P0.02
G1 X138.9308 Y-48.3591 F12000.0
G1 Z0.0000 F2500.0
G4 P0.02
G0 X141.5584 Y-48.5273 F15000.0
G1 Z11.9000 F2500.0
G4 P0.02
G1 X141.2413 Y-48.3997 F12000.0
G1 X140.9227 Y-48.3274
G1 X140.7108 Y-48.3069
G1 X140.4894 Y-48.3031
G1 X140.3653 Y-48.3088
G1 X140.2492 Y-48.3342
G1 X140.1722 Y-48.3757
G1 X140.1075 Y-48.4434
G1 X140.0663 Y-48.5224
G1 X140.0442 Y-48.6021
G1 X140.0355 Y-48.6875
G1 X140.0417 Y-48.8084
G1 X140.0649 Y-48.9347
G1 X140.1118 Y-49.0962
G1 X140.3727 Y-49.7314
G1 X140.5821 Y-50.3822
G1 X140.6832 Y-50.6491
G1 X140.8259 Y-50.9190
G1 X140.8952 Y-51.0148
G1 X140.9676 Y-51.0911
G1 X141.0782 Y-51.1668
G1 X141.2397 Y-51.2357
G1 X141.4241 Y-51.2825
G1 X141.6231 Y-51.3092
G1 X141.8617 Y-51.3176
G1 X142.0945 Y-51.3044
G1 X142.3073 Y-51.2726
G1 X142.4867 Y-51.2257
G1 X142.2857 Y-50.4796
G1 X142.0526 Y-49.8094
G1 X141.7353 Y-48.9618
G1 X141.6909 Y-48.8106
G1 X141.6740 Y-48.6644
G1 X141.6908 Y-48.5539
G1 X141.7428 Y-48.4515
G1 X141.8380 Y-48.3591
G1 Z0.0000 F2500.0
G4 P0.02
G0 X146.2546 Y-48.3031 F15000.0
G1 Z11.9000 F2500.0
G4 P0.02
G1 X145.4845 Y-48.2648 F12000.0
G1 X145.1590 Y-48.2702
G1 X145.0048 Y-48.2876
G1 X144.8600 Y-48.3183
G1 X144.7279 Y-48.3648
G1 X144.6333 Y-48.4152
G1 X144.7106 Y-48.5568
G1 X144.7964 Y-48.6862
G1 X145.0100 Y-48.9398
G1 X145.8795 Y-49.7667
G1 X146.8906 Y-50.7903
G1 X147.2264 Y-51.1104
G1 X147.3735 Y-51.2714
G1 X147.4962 Y-51.4454
G1 X147.5782 Y-51.6243
G1 X147.6192 Y-51.8118
G1 X147.6164 Y-51.9922
G1 X147.5917 Y-52.1058
G1 X147.5365 Y-52.2375
G1 X147.4562 Y-52.3547
G1 X147.3751 Y-52.4359
G1 X147.2541 Y-52.5191
G1 X147.1427 Y-52.5689
G1 X146.9867 Y-52.6078
G1 X146.8496 Y-52.6180
G1 X146.7216 Y-52.6100
G1 X146.5726 Y-52.5790
G1 X146.4301 Y-52.5270
G1 X146.2949 Y-52.4571
G1 X146.1678 Y-52.3717
G1 X146.0271 Y-52.2526
G1 X145.9207 Y-52.1429
G1 X145.8074 Y-52.0026
G1 Z0.0000 F2500.0
G4 P0.02
G0 X150.0740 Y-50.4785 F15000.0
G1 Z11.9000 F2500.0
G4 P0.02
G1 X149.8477 Y-49.7793 F12000.0
G1 X149.7434 Y-49.5116
G1 X149.6383 Y-49.2837
G1 X149.5186 Y-49.0695
G1 X149.3995 Y-48.8965
G1 X149.2649 Y-48.7401
G1 X149.1360 Y-48.6211
G1 X148.9421 Y-48.4873
G1 X148.7500 Y-48.3967
G1 X148.5347 Y-48.3335
G1 X148.3228 Y-48.3036
G1 X148.1513 Y-48.3071
G1 X147.9724 Y-48.3475
G1 X147.8473 Y-48.4098
G1 X147.7279 Y-48.5163
G1 X147.6442 Y-48.6549
G1 X147.5984 Y-48.8232
G1 X147.5925 Y-49.0185
G1 X147.6199 Y-49.1999
G1 X147.7210 Y-49.5494
G1 X148.0603 Y-50.4262
G1 X148.3734 Y-51.3740
G1 X148.5502 Y-51.7844
G1 X148.6406 Y-51.9471
G1 X148.7420 Y-52.0982
G1 X148.8559 Y-52.2352
G1 X148.9613 Y-52.3367
G1 X149.0773 Y-52.4252
G1 X149.2047 Y-52.4991
G1 X149.3738 Y-52.5665
G1 X149.5784 Y-52.6107
G1 X149.7907 Y-52.6259
G1 X150.0169 Y-52.6111
G1 X150.2036 Y-52.5675
G1 X150.3428 Y-52.5046
G1 X150.4579 Y-52.4141
G1 X150.5402 Y-52.2927
G1 X150.5768 Y-52.1708
G1 X150.5856 Y-52.0586
G1 X150.5779 Y-51.9414
G1 X150.5494 Y-51.7897
G1 X150.4721 Y-51.5418
G1 X150.2449 Y-50.9884
G1 X150.1205 Y-50.6264
G1 X150.0740 Y-50.4785
G1 Z0.0000 F2500.0
G4 P0.02
G0 X152.1807 Y-48.3031 F15000.0
G1 Z11.9000 F2500.0
G4 P0.02
G1 X152.7958 Y-49.9286 F12000.0
G1 X153.2989 Y-50.8815
G1 X153.2989 Y-51.1618
G1 X153.4840 Y-50.6573
G1 X153.7602 Y-50.0301
G1 X154.1375 Y-50.2106
G1 X154.9761 Y-50.8254
G1 X155.2556 Y-51.2739
G1 X154.9203 Y-50.3209
G1 X154.1935 Y-48.3591
G1 Z0.0000 F2500.0
G4 P0.02
G0 X155.0880 Y-48.3031 F15000.0
G1 Z11.9000 F2500.0
G4 P0.02
G1 X155.7029 Y-49.9286 F12000.0
G1 X156.2061 Y-50.8815
G1 X156.2061 Y-51.1618
G1 X156.3911 Y-50.6573
G1 X156.6673 Y-50.0301
G1 X157.0447 Y-50.2106
G1 X157.8833 Y-50.8254
G1 X158.1629 Y-51.2739
G1 X157.8274 Y-50.3209
G1 X157.1006 Y-48.3591
G1 Z0.0000 F2500.0
G4 P0.02
G0 X9.0583 Y-47.6304 F15000.0
G1 Z11.9000 F2500.0
G4 P0.02
G1 X8.8346 Y-48.7515 F12000.0
G1 Z0.0000 F2500.0
G4 P0.02
G0 X15.2081 Y-47.0698 F15000.0
G1 Z11.9000 F2500.0
G4 P0.02
G1 X15.3032 Y-47.1023 F12000.0
G1 X15.4110 Y-47.1610
G1 X15.5004 Y-47.2352
G1 X15.5751 Y-47.3222
G1 X15.6682 Y-47.4710
G1 X15.8930 Y-47.9047
G1 X16.1756 Y-48.2470
G1 X16.5197 Y-48.7793
G1 X16.6616 Y-48.9757
G1 Z0.0000 F2500.0
G4 P0.02
G0 X21.8611 Y-46.1170 F15000.0
G1 Z11.9000 F2500.0
G4 P0.02
G1 X22.4761 Y-46.8457 F12000.0
G1 X22.3642 Y-47.3502
G1 X22.4761 Y-46.8457
G1 X23.0351 Y-47.4063
G1 Z0.0000 F2500.0
G4 P0.02
G0 X22.4201 Y-46.6215 F15000.0
G1 Z11.9000 F2500.0
G4 P0.02
G1 X22.5879 Y-46.1730 F12000.0
G1 Z0.0000 F2500.0
G4 P0.02
G0 X88.9514 Y-46.8457 F15000.0
G1 Z11.9000 F2500.0
G4 P0.02
G1 X89.3489 Y-47.9351 F12000.0
G1 X89.4048 Y-48.0366
G1 X89.4899 Y-48.1077
G1 X89.5690 Y-48.1337
G1 X89.6895 Y-48.1451
G1 X89.9560 Y-48.1349
G1 X90.4054 Y-48.1375
G1 X90.6630 Y-48.1106
G1 X90.8123 Y-48.0706
G1 X90.9437 Y-48.0063
G1 X91.0496 Y-47.9122
G1 X91.1109 Y-47.8120
G1 X91.1475 Y-47.6865
G1 X91.1546 Y-47.5488
G1 X91.1372 Y-47.4021
G1 X91.0920 Y-47.2197
G1 X91.0180 Y-47.0066
G1 X90.6885 Y-46.1667
G1 X90.1990 Y-44.8097
G1 X90.0709 Y-44.5358
G1 X89.9226 Y-44.3133
G1 X89.7521 Y-44.1399
G1 X89.5647 Y-44.0105
G1 X89.4260 Y-43.9428
G1 X89.2548 Y-43.8854
G1 X89.0496 Y-43.8448
G1 X88.8403 Y-43.8253
G1 X88.2888 Y-43.8155
G1 X88.1944 Y-43.8217
G1 X88.0860 Y-43.8600
G1 X88.0282 Y-43.9239
G1 X88.0054 Y-43.9886
G1 X87.9948 Y-44.1048
G1 X88.0275 Y-44.3127
G1 X88.0768 Y-44.4615
G1 X88.2137 Y-44.8014
G1 X88.5598 Y-45.7812
G1 X88.9514 Y-46.8457
G1 Z0.0000 F2500.0
G4 P0.02
G0 X91.1301 Y-43.9870 F15000.0
G1 Z11.9000 F2500.0
G4 P0.02
G1 X90.5152 Y-43.2583 F12000.0
G1 Z0.0000 F2500.0
G4 P0.02
G0 X91.0183 Y-44.4914 F15000.0
G1 Z11.9000 F2500.0
G4 P0.02
G1 X91.1301 Y-43.9870 F12000.0
G1 X91.6892 Y-44.5476
G1 Z0.0000 F2500.0
G4 P0.02
G0 X91.0741 Y-43.7627 F15000.0
G1 Z11.9000 F2500.0
G4 P0.02
G1 X91.2419 Y-43.3144 F12000.0
G1 Z0.0000 F2500.0
G4 P0.02
G0 X130.4888 Y-41.4646 F15000.0
G1 Z11.9000 F2500.0
G4 P0.02
G1 X130.6556 Y-41.5744 F12000.0
G1 X130.7833 Y-41.6975
G1 X130.8813 Y-41.8342
G1 X130.9707 Y-42.0105
G1 X131.4140 Y-43.1670
G1 X131.5496 Y-43.5468
G1 X131.6769 Y-43.9604
G1 X131.7747 Y-44.3794
G1 Z0.0000 F2500.0
G4 P0.02
G0 X131.4392 Y-44.4353 F15000.0
G1 Z11.9000 F2500.0
G4 P0.02
G1 X132.4219 Y-44.3961 F12000.0
G1 X132.7089 Y-44.3975
G1 X132.9603 Y-44.4135
G1 X133.2047 Y-44.4479
G1 X133.4100 Y-44.4967
G1 X133.6050 Y-44.5664
G1 X133.7873 Y-44.6596
G1 Z0.0000 F2500.0
G4 P0.02
G0 X133.1164 Y-44.3233 F15000.0
G1 Z11.9000 F2500.0
G4 P0.02
G1 X132.6304 Y-42.9012 F12000.0
G1 X132.4013 Y-42.2973
G1 X132.3343 Y-42.0916
G1 X132.2959 Y-41.9133
G1 X132.2839 Y-41.7640
G1 X132.2948 Y-41.6144
G1 X132.3337 Y-41.4646
G1 Z0.0000 F2500.0
G4 P0.02
G0 X133.3400 Y-40.9601 F15000.0
G1 Z11.9000 F2500.0
G4 P0.02
G1 X133.7004 Y-40.9579 F12000.0
G1 X133.8159 Y-40.9792
G1 X133.9034 Y-41.0133
G1 X134.0132 Y-41.0790
G1 X134.1079 Y-41.1625
G1 X134.1854 Y-41.2601
G1 X134.2559 Y-41.3967
G1 X134.2938 Y-41.5427
G1 X134.2959 Y-41.6914
G1 X134.2586 Y-41.8359
G1 X134.1787 Y-41.9691
G1 X134.3745 Y-42.1809
G1 X134.4961 Y-42.3498
G1 X134.5620 Y-42.4945
G1 X134.5752 Y-42.5774
G1 X134.5699 Y-42.6292
G1 X134.5513 Y-42.6773
G1 X134.5178 Y-42.7210
G1 X134.4682 Y-42.7592
G1 X134.4006 Y-42.7914
G1 X134.2550 Y-42.8160
G1 X134.0110 Y-42.8098
G1 Z0.0000 F2500.0
G4 P0.02
G0 X137.0858 Y-41.4646 F15000.0
G1 Z11.9000 F2500.0
G4 P0.02
G1 X137.7567 Y-43.0340 F12000.0
G1 Z0.0000 F2500.0
G4 P0.02
G0 X138.2598 Y-44.4914 F15000.0
G1 Z11.9000 F2500.0
G4 P0.02
G1 X137.8669 Y-43.5385 F12000.0
G1 X137.7752 Y-43.0964
G1 X138.0922 Y-42.9780
G1 X138.9308 Y-42.9780
G1 X139.2601 Y-43.0094
G1 X139.4714 Y-43.4265
G1 X139.8253 Y-44.3794
G1 Z0.0000 F2500.0
G4 P0.02
G0 X139.2103 Y-42.9220 F15000.0
G1 Z11.9000 F2500.0
G4 P0.02
G1 X138.7630 Y-41.5207 F12000.0
G1 Z0.0000 F2500.0
G4 P0.02
G0 X141.3907 Y-41.6888 F15000.0
G1 Z11.9000 F2500.0
G4 P0.02
G1 X141.0736 Y-41.5612 F12000.0
G1 X140.7549 Y-41.4888
G1 X140.5431 Y-41.4684
G1 X140.3218 Y-41.4647
G1 X140.1976 Y-41.4702
G1 X140.0814 Y-41.4958
G1 X140.0045 Y-41.5372
G1 X139.9398 Y-41.6049
G1 X139.8985 Y-41.6838
G1 X139.8766 Y-41.7636
G1 X139.8678 Y-41.8491
G1 X139.8740 Y-41.9699
G1 X139.8973 Y-42.0963
G1 X139.9441 Y-42.2577
G1 X140.2050 Y-42.8929
G1 X140.4143 Y-43.5438
G1 X140.5155 Y-43.8106
G1 X140.6582 Y-44.0806
G1 X140.7275 Y-44.1763
G1 X140.7998 Y-44.2527
G1 X140.9104 Y-44.3283
G1 X141.0719 Y-44.3972
G1 X141.2565 Y-44.4440
G1 X141.4553 Y-44.4708
G1 X141.6940 Y-44.4791
G1 X141.9266 Y-44.4658
G1 X142.1397 Y-44.4343
G1 X142.3190 Y-44.3872
G1 X142.1179 Y-43.6412
G1 X141.8849 Y-42.9710
G1 X141.5676 Y-42.1233
G1 X141.5231 Y-41.9722
G1 X141.5063 Y-41.8260
G1 X141.5230 Y-41.7154
G1 X141.5751 Y-41.6129
G1 X141.6702 Y-41.5207
G1 Z0.0000 F2500.0
G4 P0.02
G0 X145.1924 Y-41.4646 F15000.0
G1 Z11.9000 F2500.0
G4 P0.02
G1 X146.3446 Y-44.6036 F12000.0
G1 X146.8136 Y-45.7807
G1 X146.5900 Y-45.5004
G1 X146.4461 Y-45.4619
G1 X146.3048 Y-45.4082
G1 X146.1669 Y-45.3408
G1 X146.0059 Y-45.2456
G1 X145.7016 Y-45.0212
G1 X145.3601 Y-44.7157
G1 Z0.0000 F2500.0
G4 P0.02
G0 X148.9559 Y-43.6400 F15000.0
G1 Z11.9000 F2500.0
G4 P0.02
G1 X148.7295 Y-42.9409 F12000.0
G1 X148.6253 Y-42.6731
G1 X148.5202 Y-42.4452
G1 X148.4005 Y-42.2310
G1 X148.2813 Y-42.0581
G1 X148.1467 Y-41.9016
G1 X148.0178 Y-41.7826
G1 X147.8240 Y-41.6490
G1 X147.6319 Y-41.5582
G1 X147.4166 Y-41.4950
G1 X147.2046 Y-41.4652
G1 X147.0332 Y-41.4687
G1 X146.8543 Y-41.5091
G1 X146.7292 Y-41.5712
G1 X146.6098 Y-41.6778
G1 X146.5261 Y-41.8164
G1 X146.4803 Y-41.9847
G1 X146.4744 Y-42.1800
G1 X146.5017 Y-42.3614
G1 X146.6029 Y-42.7108
G1 X146.9422 Y-43.5878
G1 X147.2553 Y-44.5356
G1 X147.4321 Y-44.9459
G1 X147.5225 Y-45.1085
G1 X147.6239 Y-45.2597
G1 X147.7377 Y-45.3967
G1 X147.8432 Y-45.4983
G1 X147.9591 Y-45.5867
G1 X148.0866 Y-45.6606
G1 X148.2557 Y-45.7279
G1 X148.4601 Y-45.7722
G1 X148.6726 Y-45.7874
G1 X148.8988 Y-45.7727
G1 X149.0854 Y-45.7290
G1 X149.2247 Y-45.6662
G1 X149.3397 Y-45.5758
G1 X149.4221 Y-45.4541
G1 X149.4586 Y-45.3323
G1 X149.4674 Y-45.2202
G1 X149.4598 Y-45.1029
G1 X149.4312 Y-44.9512
G1 X149.3540 Y-44.7032
G1 X149.1268 Y-44.1499
G1 X149.0024 Y-43.7880
G1 X148.9559 Y-43.6400
G1 Z0.0000 F2500.0
G4 P0.02
G0 X151.0067 Y-41.4646 F15000.0
G1 Z11.9000 F2500.0
G4 P0.02
G1 X151.6218 Y-43.0901 F12000.0
G1 X152.1249 Y-44.0430
G1 X152.1249 Y-44.3233
G1 X152.3099 Y-43.8188
G1 X152.5861 Y-43.1916
G1 X152.9635 Y-43.3720
G1 X153.8021 Y-43.9870
G1 X154.0816 Y-44.4353
G1 X153.7463 Y-43.4825
G1 X153.0194 Y-41.5207
G1 Z0.0000 F2500.0
G4 P0.02
G0 X153.9699 Y-41.4646 F15000.0
G1 Z11.9000 F2500.0
G4 P0.02
G1 X154.5848 Y-43.0901 F12000.0
G1 X155.0880 Y-44.0430
G1 X155.0880 Y-44.3233
G1 X155.2730 Y-43.8188
G1 X155.5492 Y-43.1916
G1 X155.9265 Y-43.3720
G1 X156.7652 Y-43.9870
G1 X157.0447 Y-44.4353
G1 X156.7093 Y-43.4825
G1 X155.9825 Y-41.5207
G1 Z0.0000 F2500.0
G4 P0.02
G0 X157.6597 Y-47.6304 F15000.0
G1 Z11.9000 F2500.0
G4 P0.02
G1 X158.1070 Y-48.3031 F12000.0
G1 Z0.0000 F2500.0
G4 P0.02
G0 X37.4592 Y-40.2875 F15000.0
G1 Z11.9000 F2500.0
G4 P0.02
G1 X36.0227 Y-38.0470 F12000.0
G1 X35.6422 Y-37.7074
G1 X35.4512 Y-37.1484
G1 X34.7197 Y-36.1099
G1 X34.2166 Y-35.9153
G1 Z0.0000 F2500.0
G4 P0.02
G0 X35.6701 Y-37.8212 F15000.0
G1 Z11.9000 F2500.0
G4 P0.02
G1 X35.6655 Y-38.7180 F12000.0
G1 X35.7819 Y-40.1194
G1 Z0.0000 F2500.0
G4 P0.02
G0 X0.0000 Y-31.2422 F15000.0
G1 Z11.9000 F2500.0
G4 P0.02
G1 X171.0539 Y-31.2422 F12000.0
G1 Z0.0000 F2500.0
G4 P0.02
G0 X3.4693 Y-28.8837 F15000.0
G1 Z11.9000 F2500.0
G4 P0.02
G1 X3.5238 Y-29.0381 F12000.0
G1 X3.5858 Y-29.1456
G1 X3.6492 Y-29.2047
G1 X3.7258 Y-29.2372
G1 X3.8760 Y-29.2526
G1 X4.4451 Y-29.2440
G1 X4.6380 Y-29.2268
G1 X4.7911 Y-29.1935
G1 X4.9027 Y-29.1499
G1 X5.0003 Y-29.0880
G1 X5.0794 Y-29.0044
G1 X5.1365 Y-28.8960
G1 X5.1618 Y-28.7965
G1 X5.1690 Y-28.6633
G1 X5.1527 Y-28.5153
G1 X5.1166 Y-28.3594
G1 X5.0131 Y-28.0811
G1 X4.8780 Y-27.8396
G1 X4.7764 Y-27.7146
G1 X4.4984 Y-27.4685
G1 X4.4454 Y-27.3947
G1 X4.4196 Y-27.3392
G1 X4.4053 Y-27.2497
G1 X4.4225 Y-27.1650
G1 X4.5704 Y-26.8930
G1 X4.6009 Y-26.8080
G1 X4.6096 Y-26.7199
G1 X4.6003 Y-26.5995
G1 X4.5396 Y-26.3594
G1 X4.3623 Y-25.8640
G1 X4.2408 Y-25.6191
G1 X4.1047 Y-25.4219
G1 X3.9569 Y-25.2690
G1 X3.8040 Y-25.1548
G1 X3.6392 Y-25.0660
G1 X3.4342 Y-24.9919
G1 X3.1916 Y-24.9405
G1 X2.8169 Y-24.9054
G1 X2.5277 Y-24.9036
G1 X2.3406 Y-24.9332
G1 X2.2704 Y-24.9626
G1 X2.2354 Y-24.9884
G1 X2.1840 Y-25.0776
G1 X2.1719 Y-25.1326
G1 X2.1700 Y-25.2212
G1 X2.2000 Y-25.3772
G1 X2.7404 Y-26.8624
G1 X2.9790 Y-27.3646
G1 X3.1941 Y-28.1013
G1 X3.4507 Y-28.8231
G1 X3.4693 Y-28.8837
G1 Z0.0000 F2500.0
G4 P0.02
G0 X2.9645 Y-27.3392 F15000.0
G1 Z11.9000 F2500.0
G4 P0.02
G1 X3.0652 Y-27.2859 F12000.0
G1 X3.1741 Y-27.2473
G1 X3.3194 Y-27.2171
G1 X3.4723 Y-27.2036
G1 X3.6300 Y-27.2037
G1 X3.7894 Y-27.2139
G1 X4.3621 Y-27.2831
G1 Z0.0000 F2500.0
G4 P0.02
G0 X4.9771 Y-24.9289 F15000.0
G1 Z11.9000 F2500.0
G4 P0.02
G1 X5.4057 Y-26.0500 F12000.0
G1 X6.4291 Y-28.8527
G1 X6.6123 Y-29.2047
G1 X7.0456 Y-29.2450
G1 X8.1638 Y-29.2450
G1 Z0.0000 F2500.0
G4 P0.02
G0 X8.1079 Y-26.4424 F15000.0
G1 Z11.9000 F2500.0
G4 P0.02
G1 X9.8409 Y-26.4424 F12000.0
G1 Z0.0000 F2500.0
G4 P0.02
G0 X11.1269 Y-24.9289 F15000.0
G1 Z11.9000 F2500.0
G4 P0.02
G1 X12.2792 Y-28.0679 F12000.0
G1 X12.7482 Y-29.2450
G1 X12.5246 Y-28.9647
G1 X12.3804 Y-28.9264
G1 X12.2393 Y-28.8724
G1 X12.1012 Y-28.8052
G1 X11.9403 Y-28.7099
G1 X11.6360 Y-28.4855
G1 X11.2946 Y-28.1800
G1 Z0.0000 F2500.0
G4 P0.02
G0 X14.7049 Y-29.2450 F15000.0
G1 Z11.9000 F2500.0
G4 P0.02
G1 X14.2359 Y-28.0679 F12000.0
G1 X13.0836 Y-24.9289
G1 Z0.0000 F2500.0
G4 P0.02
G0 X13.2514 Y-28.1800 F15000.0
G1 Z11.9000 F2500.0
G4 P0.02
G1 X13.5927 Y-28.4855 F12000.0
G1 X13.8971 Y-28.7099
G1 X14.0580 Y-28.8052
G1 X14.1960 Y-28.8724
G1 X14.3372 Y-28.9264
G1 X14.4813 Y-28.9647
G1 Z0.0000 F2500.0
G4 P0.02
G0 X17.2208 Y-29.2450 F15000.0
G1 Z11.9000 F2500.0
G4 P0.02
G1 X15.8378 Y-29.2495 F12000.0
G1 X15.7500 Y-29.2361
G1 X15.6717 Y-29.2046
G1 X15.6274 Y-29.1705
G1 X15.5758 Y-29.1098
G1 X15.5022 Y-28.9857
G1 X15.4414 Y-28.8408
G1 X15.2601 Y-28.2297
G1 X15.0674 Y-27.7428
G1 X15.0223 Y-27.5441
G1 X15.0275 Y-27.3968
G1 X15.0714 Y-27.3016
G1 X15.1121 Y-27.2648
G1 X15.1628 Y-27.2410
G1 X15.2818 Y-27.2221
G1 X15.6117 Y-27.2261
G1 X15.8251 Y-27.2096
G1 X15.9945 Y-27.1645
G1 X16.0714 Y-27.1259
G1 X16.1415 Y-27.0741
G1 X16.2036 Y-27.0072
G1 X16.2565 Y-26.9229
G1 X16.2820 Y-26.8649
G1 X16.3004 Y-26.7823
G1 X16.2923 Y-26.6017
G1 X16.2259 Y-26.3545
G1 X16.0588 Y-25.8757
G1 X15.9452 Y-25.6277
G1 X15.8551 Y-25.4871
G1 X15.7734 Y-25.3865
G1 X15.6858 Y-25.2988
G1 X15.5686 Y-25.2058
G1 X15.4436 Y-25.1299
G1 X15.3118 Y-25.0694
G1 X15.1739 Y-25.0224
G1 X15.0018 Y-24.9816
G1 X14.6415 Y-24.9390
G1 X14.1459 Y-24.9289
G1 Z0.0000 F2500.0
G4 P0.02
G0 X16.7735 Y-25.2092 F15000.0
G1 Z11.9000 F2500.0
G4 P0.02
G1 X16.8147 Y-25.1273 F12000.0
G1 X16.8892 Y-25.0402
G1 X16.9576 Y-24.9903
G1 X17.0625 Y-24.9431
G1 X17.1798 Y-24.9160
G1 X17.3056 Y-24.9073
G1 X17.4363 Y-24.9154
G1 X17.6007 Y-24.9460
G1 X17.8494 Y-25.0343
G1 X17.9844 Y-25.1085
G1 X18.0754 Y-25.1754
G1 X18.1544 Y-25.2545
G1 X18.2457 Y-25.3756
G1 X18.3083 Y-25.4825
G1 X18.3737 Y-25.6254
G1 X18.4424 Y-25.8354
G1 X18.4861 Y-26.0468
G1 X18.4968 Y-26.1666
G1 X18.4879 Y-26.3537
G1 X18.5036 Y-26.4424
G1 X18.5613 Y-26.5469
G1 X18.7719 Y-26.7998
G1 X18.8571 Y-26.9517
G1 X18.9252 Y-27.1023
G1 X18.9916 Y-27.2946
G1 X19.0245 Y-27.4516
G1 X19.0305 Y-27.5671
G1 X19.0103 Y-27.6759
G1 X18.9855 Y-27.7258
G1 X18.9318 Y-27.7891
G1 X18.8615 Y-27.8393
G1 X18.7779 Y-27.8770
G1 X18.5838 Y-27.9185
G1 X18.3757 Y-27.9199
G1 X18.1804 Y-27.8875
G1 X18.0239 Y-27.8278
G1 X17.9111 Y-27.7460
G1 X17.7239 Y-27.5634
G1 Z0.0000 F2500.0
G4 P0.02
G0 X17.9475 Y-26.4424 F15000.0
G1 Z11.9000 F2500.0
G4 P0.02
G1 X18.4507 Y-26.4424 F12000.0
G1 Z0.0000 F2500.0
G4 P0.02
G0 X41.6437 Y-21.9812 F15000.0
G1 Z11.9000 F2500.0
G4 P0.02
G1 X41.6437 Y-31.2422 F12000.0
G1 Z0.0000 F2500.0
G4 P0.02
G0 X43.5531 Y-24.9289 F15000.0
G1 Z11.9000 F2500.0
G4 P0.02
G1 X43.9818 Y-26.0500 F12000.0
G1 X44.7165 Y-28.0679
G1 X45.1464 Y-29.1705
G1 X45.6216 Y-29.2450
G1 X47.0753 Y-29.1889
G1 X45.5657 Y-24.9850
G1 Z0.0000 F2500.0
G4 P0.02
G0 X46.2925 Y-23.5836 F15000.0
G1 Z11.9000 F2500.0
G4 P0.02
G1 X46.7452 Y-23.5802 F12000.0
G1 X47.0264 Y-23.5949
G1 X47.2686 Y-23.6354
G1 X47.4668 Y-23.7017
G1 X47.6453 Y-23.8053
G1 X47.7778 Y-23.9298
G1 X47.8977 Y-24.1123
G1 X47.9883 Y-24.3370
G1 X48.1374 Y-24.9289
G1 X47.1498 Y-24.9288
G1 X46.9970 Y-24.9417
G1 X46.8858 Y-24.9843
G1 X46.8141 Y-25.0471
G1 X46.7544 Y-25.1520
G1 X46.7314 Y-25.2672
G1 X46.7475 Y-25.4503
G1 X46.8103 Y-25.6620
G1 X47.4866 Y-27.5500
G1 X47.5839 Y-27.7734
G1 X47.6902 Y-27.9557
G1 Z0.0000 F2500.0
G4 P0.02
G0 X49.2556 Y-27.8437 F15000.0
G1 Z11.9000 F2500.0
G4 P0.02
G1 X48.4947 Y-25.7697 F12000.0
G1 X48.1374 Y-24.9289
G1 Z0.0000 F2500.0
G4 P0.02
G0 X49.1438 Y-24.9850 F15000.0
G1 Z11.9000 F2500.0
G4 P0.02
G1 X50.3039 Y-26.9469 F12000.0
G1 X50.8814 Y-27.8594
G1 X51.7715 Y-27.8437
G1 X50.7651 Y-24.9850
G1 Z0.0000 F2500.0
G4 P0.02
G0 X52.2746 Y-26.4984 F15000.0
G1 Z11.9000 F2500.0
G4 P0.02
G1 X52.2906 Y-26.6912 F12000.0
G1 X52.3247 Y-26.8732
G1 X52.3876 Y-27.0936
G1 X52.4608 Y-27.2800
G1 X52.5512 Y-27.4556
G1 X52.6393 Y-27.5878
G1 X52.7388 Y-27.7023
G1 X52.8493 Y-27.7941
G1 X52.9648 Y-27.8563
G1 X53.1443 Y-27.9048
G1 X53.3768 Y-27.9323
G1 X53.5936 Y-27.9332
G1 X53.7703 Y-27.9139
G1 X53.9307 Y-27.8731
G1 X54.0629 Y-27.8079
G1 X54.1403 Y-27.7362
G1 X54.1775 Y-27.6699
G1 X54.1948 Y-27.5911
G1 X54.1930 Y-27.4745
G1 X54.1697 Y-27.3546
G1 X53.9039 Y-26.6378
G1 X53.8610 Y-26.5605
G1 X53.8227 Y-26.5169
G1 X53.7209 Y-26.4597
G1 X53.6027 Y-26.4401
G1 X52.3738 Y-26.4499
G1 X52.2584 Y-26.4254
G1 X52.1688 Y-26.3516
G1 X52.1061 Y-26.2477
G1 X51.8663 Y-25.5947
G1 X51.8213 Y-25.3703
G1 X51.8189 Y-25.2786
G1 X51.8300 Y-25.1925
G1 X51.8573 Y-25.1137
G1 X51.9030 Y-25.0442
G1 X51.9694 Y-24.9858
G1 X52.0234 Y-24.9563
G1 X52.1717 Y-24.9264
G1 X52.7264 Y-24.9303
G1 X53.0616 Y-24.9470
G1 X53.3368 Y-24.9850
G1 Z0.0000 F2500.0
G4 P0.02
G0 X54.1754 Y-24.9289 F15000.0
G1 Z11.9000 F2500.0
G4 P0.02
G1 X54.8463 Y-26.4984 F12000.0
G1 Z0.0000 F2500.0
G4 P0.02
G0 X55.3495 Y-27.9557 F15000.0
G1 Z11.9000 F2500.0
G4 P0.02
G1 X54.9565 Y-27.0029 F12000.0
G1 X54.8648 Y-26.5606
G1 X55.1817 Y-26.4424
G1 X56.0204 Y-26.4424
G1 X56.3497 Y-26.4737
G1 X56.5610 Y-26.8908
G1 X56.9149 Y-27.8437
G1 Z0.0000 F2500.0
G4 P0.02
G0 X56.2999 Y-26.3863 F15000.0
G1 Z11.9000 F2500.0
G4 P0.02
G1 X55.8526 Y-24.9850 F12000.0
G1 Z0.0000 F2500.0
G4 P0.02
G0 X57.4180 Y-26.4984 F15000.0
G1 Z11.9000 F2500.0
G4 P0.02
G1 X57.4341 Y-26.6912 F12000.0
G1 X57.4682 Y-26.8732
G1 X57.5311 Y-27.0936
G1 X57.6042 Y-27.2800
G1 X57.6947 Y-27.4556
G1 X57.7828 Y-27.5878
G1 X57.8823 Y-27.7023
G1 X57.9927 Y-27.7941
G1 X58.1082 Y-27.8563
G1 X58.2877 Y-27.9048
G1 X58.5203 Y-27.9323
G1 X58.7370 Y-27.9332
G1 X58.9137 Y-27.9139
G1 X59.0742 Y-27.8731
G1 X59.2064 Y-27.8079
G1 X59.2837 Y-27.7362
G1 X59.3209 Y-27.6699
G1 X59.3382 Y-27.5911
G1 X59.3365 Y-27.4745
G1 X59.3132 Y-27.3546
G1 X59.0474 Y-26.6378
G1 X59.0045 Y-26.5605
G1 X58.9662 Y-26.5169
G1 X58.8644 Y-26.4597
G1 X58.7462 Y-26.4401
G1 X57.5172 Y-26.4499
G1 X57.4020 Y-26.4254
G1 X57.3122 Y-26.3516
G1 X57.2496 Y-26.2477
G1 X57.0097 Y-25.5947
G1 X56.9648 Y-25.3703
G1 X56.9624 Y-25.2786
G1 X56.9736 Y-25.1925
G1 X57.0008 Y-25.1137
G1 X57.0465 Y-25.0442
G1 X57.1130 Y-24.9858
G1 X57.1668 Y-24.9563
G1 X57.3152 Y-24.9264
G1 X57.8698 Y-24.9303
G1 X58.2051 Y-24.9470
G1 X58.4803 Y-24.9850
G1 Z0.0000 F2500.0
G4 P0.02
G0 X60.4930 Y-27.9557 F15000.0
G1 Z11.9000 F2500.0
G4 P0.02
G1 X60.3026 Y-27.6266 F12000.0
G1 X60.1312 Y-27.2307
G1 X60.0048 Y-26.8728
G1 X59.5576 Y-25.4822
G1 X59.5349 Y-25.2752
G1 X59.5430 Y-25.1850
G1 X59.5651 Y-25.1039
G1 X59.6071 Y-25.0405
G1 X59.6671 Y-24.9914
G1 X59.7424 Y-24.9549
G1 X59.8299 Y-24.9293
G1 X59.9604 Y-24.9098
G1 X60.1361 Y-24.9028
G1 X60.6156 Y-24.9279
G1 X60.8417 Y-24.9292
G1 X60.9309 Y-24.9447
G1 X60.9855 Y-24.9674
G1 X61.0655 Y-25.0414
G1 X61.1419 Y-25.1976
G1 X61.2777 Y-25.6901
G1 X61.6988 Y-26.8021
G1 X62.0583 Y-27.8437
G1 Z0.0000 F2500.0
G4 P0.02
G0 X61.1638 Y-24.9289 F15000.0
G1 Z11.9000 F2500.0
G4 P0.02
G1 X61.1080 Y-24.3684 F12000.0
G1 Z0.0000 F2500.0
G4 P0.02
G0 X64.2946 Y-24.9850 F15000.0
G1 Z11.9000 F2500.0
G4 P0.02
G1 X64.9506 Y-26.0310 F12000.0
G1 X65.0437 Y-26.1533
G1 X65.2218 Y-26.3188
G1 X65.2764 Y-26.3878
G1 X65.3136 Y-26.4668
G1 X65.3906 Y-26.6966
G1 X65.4905 Y-26.8808
G1 X66.3463 Y-28.2579
G1 X66.4583 Y-28.4060
G1 X66.5625 Y-28.5163
G1 X66.6790 Y-28.6105
G1 X66.8105 Y-28.6844
G1 X66.9781 Y-29.0769
G1 X66.8619 Y-27.8437
G1 X66.6880 Y-26.2743
G1 X66.5309 Y-25.0411
G1 Z0.0000 F2500.0
G4 P0.02
G0 X66.6427 Y-26.2743 F15000.0
G1 Z11.9000 F2500.0
G4 P0.02
G1 X65.3568 Y-26.2743 F12000.0
G1 Z0.0000 F2500.0
G4 P0.02
G0 X67.5931 Y-24.9850 F15000.0
G1 Z11.9000 F2500.0
G4 P0.02
G1 X68.7532 Y-26.9469 F12000.0
G1 X69.3307 Y-27.8594
G1 X70.2208 Y-27.8437
G1 X69.2145 Y-24.9850
G1 Z0.0000 F2500.0
G4 P0.02
G0 X70.7799 Y-26.4984 F15000.0
G1 Z11.9000 F2500.0
G4 P0.02
G1 X70.7959 Y-26.6912 F12000.0
G1 X70.8301 Y-26.8732
G1 X70.8929 Y-27.0936
G1 X70.9661 Y-27.2800
G1 X71.0564 Y-27.4556
G1 X71.1445 Y-27.5878
G1 X71.2440 Y-27.7023
G1 X71.3547 Y-27.7941
G1 X71.4701 Y-27.8563
G1 X71.6495 Y-27.9048
G1 X71.8822 Y-27.9323
G1 X72.0988 Y-27.9332
G1 X72.2756 Y-27.9139
G1 X72.4361 Y-27.8731
G1 X72.5682 Y-27.8079
G1 X72.6455 Y-27.7362
G1 X72.6828 Y-27.6699
G1 X72.7001 Y-27.5911
G1 X72.6983 Y-27.4745
G1 X72.6750 Y-27.3546
G1 X72.4092 Y-26.6378
G1 X72.3662 Y-26.5605
G1 X72.3279 Y-26.5169
G1 X72.2262 Y-26.4597
G1 X72.1080 Y-26.4401
G1 X70.8790 Y-26.4499
G1 X70.7638 Y-26.4254
G1 X70.6741 Y-26.3516
G1 X70.6114 Y-26.2477
G1 X70.3716 Y-25.5947
G1 X70.3266 Y-25.3703
G1 X70.3242 Y-25.2786
G1 X70.3354 Y-25.1925
G1 X70.3625 Y-25.1137
G1 X70.4082 Y-25.0442
G1 X70.4748 Y-24.9858
G1 X70.5287 Y-24.9563
G1 X70.6770 Y-24.9264
G1 X71.2317 Y-24.9303
G1 X71.5669 Y-24.9470
G1 X71.8421 Y-24.9850
G1 Z0.0000 F2500.0
G4 P0.02
G0 X72.7367 Y-25.0411 F15000.0
G1 Z11.9000 F2500.0
G4 P0.02
G1 X73.2956 Y-26.3863 F12000.0
G1 Z0.0000 F2500.0
G4 P0.02
G0 X73.8548 Y-27.9557 F15000.0
G1 Z11.9000 F2500.0
G4 P0.02
G1 X73.3516 Y-26.4424 F12000.0
G1 X73.8486 Y-26.5511
G1 X74.2461 Y-26.9811
G1 X75.4761 Y-27.9557
G1 Z0.0000 F2500.0
G4 P0.02
G0 X73.9665 Y-26.4984 F15000.0
G1 Z11.9000 F2500.0
G4 P0.02
G1 X74.3580 Y-25.0411 F12000.0
G1 Z0.0000 F2500.0
G4 P0.02
G0 X76.9856 Y-24.9850 F15000.0
G1 Z11.9000 F2500.0
G4 P0.02
G1 X76.6816 Y-24.9442 F12000.0
G1 X76.3477 Y-24.9293
G1 X75.8240 Y-24.9305
G1 X75.7333 Y-24.9417
G1 X75.6485 Y-24.9699
G1 X75.5729 Y-25.0228
G1 X75.5317 Y-25.0720
G1 X75.4911 Y-25.1520
G1 X75.4713 Y-25.2382
G1 X75.4687 Y-25.3287
G1 X75.4795 Y-25.4212
G1 X75.5472 Y-25.6619
G1 X76.1599 Y-27.3478
G1 X76.2720 Y-27.5684
G1 X76.3437 Y-27.6649
G1 X76.4054 Y-27.7273
G1 X76.4962 Y-27.7937
G1 X76.5976 Y-27.8448
G1 X76.7369 Y-27.8898
G1 X76.8871 Y-27.9173
G1 X77.1757 Y-27.9358
G1 X77.7911 Y-27.9311
G1 X78.0478 Y-27.9557
G1 Z0.0000 F2500.0
G4 P0.02
G0 X78.4951 Y-26.4984 F15000.0
G1 Z11.9000 F2500.0
G4 P0.02
G1 X78.5111 Y-26.6912 F12000.0
G1 X78.5453 Y-26.8732
G1 X78.6081 Y-27.0936
G1 X78.6813 Y-27.2800
G1 X78.7716 Y-27.4556
G1 X78.8597 Y-27.5878
G1 X78.9592 Y-27.7023
G1 X79.0698 Y-27.7941
G1 X79.1853 Y-27.8563
G1 X79.3647 Y-27.9048
G1 X79.5974 Y-27.9323
G1 X79.8139 Y-27.9332
G1 X79.9907 Y-27.9139
G1 X80.1513 Y-27.8731
G1 X80.2835 Y-27.8079
G1 X80.3607 Y-27.7362
G1 X80.3981 Y-27.6699
G1 X80.4153 Y-27.5911
G1 X80.4135 Y-27.4745
G1 X80.3902 Y-27.3546
G1 X80.1244 Y-26.6378
G1 X80.0815 Y-26.5605
G1 X80.0431 Y-26.5169
G1 X79.9414 Y-26.4597
G1 X79.8232 Y-26.4401
G1 X78.5942 Y-26.4499
G1 X78.4790 Y-26.4254
G1 X78.3893 Y-26.3516
G1 X78.3266 Y-26.2477
G1 X78.0868 Y-25.5947
G1 X78.0418 Y-25.3703
G1 X78.0394 Y-25.2786
G1 X78.0506 Y-25.1925
G1 X78.0777 Y-25.1137
G1 X78.1234 Y-25.0442
G1 X78.1900 Y-24.9858
G1 X78.2438 Y-24.9563
G1 X78.3922 Y-24.9264
G1 X78.9469 Y-24.9303
G1 X79.2820 Y-24.9470
G1 X79.5573 Y-24.9850
G1 Z0.0000 F2500.0
G4 P0.02
G0 X81.5700 Y-27.9557 F15000.0
G1 Z11.9000 F2500.0
G4 P0.02
G1 X81.4194 Y-27.6985 F12000.0
G1 X81.2726 Y-27.3611
G1 X80.9502 Y-26.3862
G1 X80.7080 Y-25.7664
G1 X80.6400 Y-25.5277
G1 X80.6224 Y-25.4096
G1 X80.6193 Y-25.2936
G1 X80.6321 Y-25.1975
G1 X80.6643 Y-25.1124
G1 X80.7133 Y-25.0455
G1 X80.7768 Y-24.9947
G1 X80.8522 Y-24.9580
G1 X80.9374 Y-24.9333
G1 X81.0616 Y-24.9157
G1 X81.1930 Y-24.9111
G1 X81.8663 Y-24.9292
G1 X81.9539 Y-24.9465
G1 X82.0076 Y-24.9692
G1 X82.0558 Y-25.0035
G1 X82.1108 Y-25.0642
G1 X82.1715 Y-25.1626
G1 X82.2208 Y-25.2751
G1 X82.3654 Y-25.7449
G1 X83.1353 Y-27.8437
G1 Z0.0000 F2500.0
G4 P0.02
G0 X83.0794 Y-29.2450 F15000.0
G1 Z11.9000 F2500.0
G4 P0.02
G1 X82.4645 Y-29.2450 F12000.0
G1 Z0.0000 F2500.0
G4 P0.02
G0 X88.0552 Y-29.2450 F15000.0
G1 Z11.9000 F2500.0
G4 P0.02
G1 X87.4091 Y-29.2459 F12000.0
G1 X87.1992 Y-29.2268
G1 X87.0242 Y-29.1933
G1 X86.8553 Y-29.1387
G1 X86.6934 Y-29.0587
G1 X86.5403 Y-28.9485
G1 X86.4096 Y-28.8170
G1 X86.2539 Y-28.5925
G1 X86.1060 Y-28.2827
G1 X85.7066 Y-27.1480
G1 X85.2899 Y-26.0302
G1 X85.2357 Y-25.8494
G1 X85.2013 Y-25.6884
G1 X85.1864 Y-25.5586
G1 X85.1865 Y-25.4320
G1 X85.2057 Y-25.3125
G1 X85.2476 Y-25.2037
G1 X85.2960 Y-25.1319
G1 X85.3781 Y-25.0531
G1 X85.4759 Y-24.9938
G1 X85.5862 Y-24.9516
G1 X85.7064 Y-24.9245
G1 X85.8332 Y-24.9104
G1 X86.1617 Y-24.9181
G1 X86.6015 Y-24.9850
G1 Z0.0000 F2500.0
G4 P0.02
G0 X88.1111 Y-26.4984 F15000.0
G1 Z11.9000 F2500.0
G4 P0.02
G1 X88.1272 Y-26.6912 F12000.0
G1 X88.1613 Y-26.8732
G1 X88.2242 Y-27.0936
G1 X88.2973 Y-27.2800
G1 X88.3877 Y-27.4556
G1 X88.4758 Y-27.5878
G1 X88.5753 Y-27.7023
G1 X88.6858 Y-27.7941
G1 X88.8014 Y-27.8563
G1 X88.9808 Y-27.9048
G1 X89.2134 Y-27.9323
G1 X89.4300 Y-27.9332
G1 X89.6068 Y-27.9139
G1 X89.7674 Y-27.8731
G1 X89.8996 Y-27.8079
G1 X89.9767 Y-27.7362
G1 X90.0141 Y-27.6699
G1 X90.0313 Y-27.5911
G1 X90.0296 Y-27.4745
G1 X90.0063 Y-27.3546
G1 X89.7405 Y-26.6378
G1 X89.6975 Y-26.5605
G1 X89.6592 Y-26.5169
G1 X89.5574 Y-26.4597
G1 X89.4392 Y-26.4401
G1 X88.2103 Y-26.4499
G1 X88.0950 Y-26.4254
G1 X88.0053 Y-26.3516
G1 X87.9427 Y-26.2477
G1 X87.7027 Y-25.5947
G1 X87.6579 Y-25.3703
G1 X87.6554 Y-25.2786
G1 X87.6666 Y-25.1925
G1 X87.6938 Y-25.1137
G1 X87.7394 Y-25.0442
G1 X87.8060 Y-24.9858
G1 X87.8598 Y-24.9563
G1 X88.0082 Y-24.9264
G1 X88.5629 Y-24.9303
G1 X88.8981 Y-24.9470
G1 X89.1734 Y-24.9850
G1 Z0.0000 F2500.0
G4 P0.02
G0 X90.1796 Y-24.9850 F15000.0
G1 Z11.9000 F2500.0
G4 P0.02
G1 X90.1880 Y-25.1638 F12000.0
G1 X90.2167 Y-25.3725
G1 X90.2627 Y-25.5808
G1 X90.3323 Y-25.8181
G1 X90.4603 Y-26.1714
G1 X90.7830 Y-26.9752
G1 X90.9677 Y-27.5679
G1 X91.0307 Y-27.7102
G1 X91.0927 Y-27.8049
G1 X91.1567 Y-27.8631
G1 X91.2720 Y-27.8995
G1 X91.5701 Y-27.9007
G1 X92.0119 Y-27.9220
G1 X92.1809 Y-27.9138
G1 X92.3072 Y-27.8921
G1 X92.4193 Y-27.8525
G1 X92.4902 Y-27.8083
G1 X92.5622 Y-27.7271
G1 X92.6018 Y-27.6212
G1 X92.6060 Y-27.5048
G1 X92.5836 Y-27.3818
G1 X92.3910 Y-26.8706
G1 X92.1746 Y-26.1545
G1 X92.0770 Y-25.8718
G1 X91.9462 Y-25.5746
G1 X91.8190 Y-25.3621
G1 X91.7077 Y-25.2240
G1 X91.5804 Y-25.1087
G1 X91.4356 Y-25.0203
G1 X91.2706 Y-24.9610
G1 X91.0938 Y-24.9294
G1 X90.8804 Y-24.9177
G1 X90.4592 Y-24.9289
G1 X90.2193 Y-24.9470
G1 X90.1329 Y-24.9321
G1 X90.0818 Y-24.9054
G1 X90.0213 Y-24.8430
G1 X89.9773 Y-24.7644
G1 X89.7161 Y-24.0226
G1 X89.5647 Y-23.6958
G1 Z0.0000 F2500.0
G4 P0.02
G0 X94.4286 Y-25.3213 F15000.0
G1 Z11.9000 F2500.0
G4 P0.02
G1 X94.2537 Y-25.1728 F12000.0
G1 X94.0488 Y-25.0534
G1 X93.8328 Y-24.9792
G1 X93.6000 Y-24.9407
G1 X93.2749 Y-24.9294
G1 X93.1401 Y-24.9420
G1 X93.0492 Y-24.9629
G1 X92.9691 Y-24.9947
G1 X92.9016 Y-25.0379
G1 X92.8488 Y-25.0931
G1 X92.8125 Y-25.1612
G1 X92.7946 Y-25.2427
G1 X92.7939 Y-25.3050
G1 X92.8217 Y-25.4491
G1 X92.8876 Y-25.5963
G1 X93.0026 Y-25.7384
G1 X93.1980 Y-25.9002
G1 X93.7019 Y-26.2419
G1 X94.9063 Y-27.0917
G1 X95.0135 Y-27.1948
G1 X95.1007 Y-27.3132
G1 X95.1539 Y-27.4349
G1 X95.1697 Y-27.5277
G1 X95.1640 Y-27.6155
G1 X95.1380 Y-27.6956
G1 X95.0928 Y-27.7660
G1 X95.0296 Y-27.8239
G1 X94.9500 Y-27.8672
G1 X94.8882 Y-27.8868
G1 X94.6628 Y-27.9108
G1 X94.3276 Y-27.9112
G1 X94.1808 Y-27.8939
G1 X94.0383 Y-27.8624
G1 X93.9002 Y-27.8146
G1 X93.7933 Y-27.7629
G1 X93.6899 Y-27.6984
G1 X93.5900 Y-27.6195
G1 Z0.0000 F2500.0
G4 P0.02
G0 X95.8263 Y-26.4984 F15000.0
G1 Z11.9000 F2500.0
G4 P0.02
G1 X95.8423 Y-26.6912 F12000.0
G1 X95.8765 Y-26.8732
G1 X95.9394 Y-27.0936
G1 X96.0125 Y-27.2800
G1 X96.1029 Y-27.4556
G1 X96.1910 Y-27.5878
G1 X96.2904 Y-27.7023
G1 X96.4010 Y-27.7941
G1 X96.5166 Y-27.8563
G1 X96.6960 Y-27.9048
G1 X96.9286 Y-27.9323
G1 X97.1452 Y-27.9332
G1 X97.3221 Y-27.9139
G1 X97.4826 Y-27.8731
G1 X97.6147 Y-27.8079
G1 X97.6920 Y-27.7362
G1 X97.7293 Y-27.6699
G1 X97.7465 Y-27.5911
G1 X97.7448 Y-27.4745
G1 X97.7214 Y-27.3546
G1 X97.4557 Y-26.6378
G1 X97.4127 Y-26.5605
G1 X97.3744 Y-26.5169
G1 X97.2726 Y-26.4597
G1 X97.1544 Y-26.4401
G1 X95.9255 Y-26.4499
G1 X95.8102 Y-26.4254
G1 X95.7205 Y-26.3516
G1 X95.6579 Y-26.2477
G1 X95.4179 Y-25.5947
G1 X95.3730 Y-25.3703
G1 X95.3706 Y-25.2786
G1 X95.3818 Y-25.1925
G1 X95.4090 Y-25.1137
G1 X95.4546 Y-25.0442
G1 X95.5212 Y-24.9858
G1 X95.5751 Y-24.9563
G1 X95.7235 Y-24.9264
G1 X96.2781 Y-24.9303
G1 X96.6132 Y-24.9470
G1 X96.8885 Y-24.9850
G1 Z0.0000 F2500.0
G4 P0.02
G0 X98.3980 Y-26.4984 F15000.0
G1 Z11.9000 F2500.0
G4 P0.02
G1 X98.4141 Y-26.6912 F12000.0
G1 X98.4483 Y-26.8732
G1 X98.5111 Y-27.0936
G1 X98.5842 Y-27.2800
G1 X98.6746 Y-27.4556
G1 X98.7628 Y-27.5878
G1 X98.8622 Y-27.7023
G1 X98.9727 Y-27.7941
G1 X99.0883 Y-27.8563
G1 X99.2677 Y-27.9048
G1 X99.5003 Y-27.9323
G1 X99.7169 Y-27.9332
G1 X99.8938 Y-27.9139
G1 X100.0543 Y-27.8731
G1 X100.1864 Y-27.8079
G1 X100.2637 Y-27.7362
G1 X100.3010 Y-27.6699
G1 X100.3182 Y-27.5911
G1 X100.3165 Y-27.4745
G1 X100.2933 Y-27.3546
G1 X100.0274 Y-26.6378
G1 X99.9845 Y-26.5605
G1 X99.9461 Y-26.5169
G1 X99.8444 Y-26.4597
G1 X99.7262 Y-26.4401
G1 X98.4972 Y-26.4499
G1 X98.3819 Y-26.4254
G1 X98.2922 Y-26.3516
G1 X98.2296 Y-26.2477
G1 X97.9896 Y-25.5947
G1 X97.9448 Y-25.3703
G1 X97.9423 Y-25.2786
G1 X97.9535 Y-25.1925
G1 X97.9807 Y-25.1137
G1 X98.0264 Y-25.0442
G1 X98.0929 Y-24.9858
G1 X98.1468 Y-24.9563
G1 X98.2953 Y-24.9264
G1 X98.8498 Y-24.9303
G1 X99.1850 Y-24.9470
G1 X99.4603 Y-24.9850
G1 Z0.0000 F2500.0
G4 P0.02
G0 X102.5823 Y-26.5659 F15000.0
G1 Z11.9000 F2500.0
G4 P0.02
G1 X102.4097 Y-26.0111 F12000.0
G1 X102.2467 Y-25.6176
G1 X102.1549 Y-25.4522
G1 X102.0685 Y-25.3264
G1 X101.9723 Y-25.2144
G1 X101.8648 Y-25.1185
G1 X101.7200 Y-25.0285
G1 X101.5848 Y-24.9771
G1 X101.3382 Y-24.9264
G1 X101.1037 Y-24.9059
G1 X100.9350 Y-24.9117
G1 X100.7799 Y-24.9417
G1 X100.6516 Y-25.0020
G1 X100.5767 Y-25.0761
G1 X100.5286 Y-25.1827
G1 X100.5127 Y-25.3002
G1 X100.5233 Y-25.4212
G1 X100.5616 Y-25.5722
G1 X100.9995 Y-26.8153
G1 X101.2260 Y-27.4216
G1 X101.2965 Y-27.5880
G1 X101.4411 Y-27.8504
G1 X101.5012 Y-27.9844
G1 X101.6461 Y-28.5447
G1 X101.7144 Y-28.7483
G1 X101.8104 Y-28.9322
G1 X101.9241 Y-29.0660
G1 X102.0747 Y-29.1696
G1 X102.1664 Y-29.2080
G1 X102.2669 Y-29.2335
G1 X102.3327 Y-29.2386
G1 X102.4264 Y-29.2292
G1 X102.5629 Y-29.1726
G1 X102.6280 Y-29.1171
G1 X102.6625 Y-29.0723
G1 X102.6990 Y-28.9948
G1 X102.7119 Y-28.9370
G1 X102.7117 Y-28.8425
G1 X102.6973 Y-28.7753
G1 X102.6284 Y-28.6316
G1 X102.5315 Y-28.5188
G1 X102.2195 Y-28.2368
G1 X102.1640 Y-28.1625
G1 X102.1353 Y-28.0785
G1 X102.1531 Y-27.9914
G1 X102.1841 Y-27.9493
G1 X102.2255 Y-27.9199
G1 X102.3324 Y-27.8885
G1 X102.5929 Y-27.8668
G1 X102.7180 Y-27.8363
G1 X102.7729 Y-27.8075
G1 X102.8205 Y-27.7662
G1 X102.8739 Y-27.6756
G1 X102.8954 Y-27.5362
G1 X102.8731 Y-27.3845
G1 X102.8230 Y-27.2291
G1 X102.6932 Y-26.9151
G1 X102.6166 Y-26.6805
G1 X102.5823 Y-26.5659
G1 Z0.0000 F2500.0
G4 P0.02
G0 X102.0320 Y-27.9557 F15000.0
G1 Z11.9000 F2500.0
G4 P0.02
G1 X101.5288 Y-27.9557 F12000.0
G1 Z0.0000 F2500.0
G4 P0.02
G0 X104.0447 Y-27.9557 F15000.0
G1 Z11.9000 F2500.0
G4 P0.02
G1 X103.8941 Y-27.6985 F12000.0
G1 X103.7473 Y-27.3611
G1 X103.4250 Y-26.3862
G1 X103.1826 Y-25.7664
G1 X103.1148 Y-25.5277
G1 X103.0970 Y-25.4096
G1 X103.0941 Y-25.2936
G1 X103.1068 Y-25.1975
G1 X103.1389 Y-25.1124
G1 X103.1880 Y-25.0455
G1 X103.2514 Y-24.9947
G1 X103.3270 Y-24.9580
G1 X103.4120 Y-24.9333
G1 X103.5363 Y-24.9157
G1 X103.6677 Y-24.9111
G1 X104.3410 Y-24.9291
G1 X104.4286 Y-24.9462
G1 X104.4823 Y-24.9690
G1 X104.5306 Y-25.0035
G1 X104.5855 Y-25.0642
G1 X104.6463 Y-25.1626
G1 X104.6955 Y-25.2751
G1 X104.8401 Y-25.7449
G1 X105.6101 Y-27.8437
G1 Z0.0000 F2500.0
G4 P0.02
G0 X106.6164 Y-27.9557 F15000.0
G1 Z11.9000 F2500.0
G4 P0.02
G1 X106.2267 Y-26.8908 F12000.0
G1 X106.3431 Y-26.4827
G1 X107.0637 Y-26.4424
G1 X107.6166 Y-26.4737
G1 X107.8279 Y-26.8908
G1 X108.1819 Y-27.8437
G1 Z0.0000 F2500.0
G4 P0.02
G0 X107.5668 Y-26.3863 F15000.0
G1 Z11.9000 F2500.0
G4 P0.02
G1 X107.1195 Y-24.9850 F12000.0
G1 Z0.0000 F2500.0
G4 P0.02
G0 X171.0539 Y-21.9812 F15000.0
G1 Z11.9000 F2500.0
G4 P0.02
G1 X0.0000 Y-21.9812 F12000.0
G1 Z0.0000 F2500.0
G4 P0.02
G0 X69.8960 Y-281.4847 F15000.0
G1 Z11.9000 F2500.0
G4 P0.02
G1 X69.5622 Y-281.2287 F12000.0
G1 X69.3065 Y-280.8699
G1 X69.4614 Y-281.1118
G1 X69.6006 Y-281.2371
G1 X69.4320 Y-281.0907
G1 X69.4123 Y-281.0394
G1 X69.6355 Y-281.2637
G1 X69.4032 Y-281.0326
G1 X69.2832 Y-280.8246
G1 X69.1368 Y-280.1315
G1 X69.1510 Y-279.8912
G1 X69.2831 Y-279.4525
G1 X69.4246 Y-279.2694
G1 X69.9252 Y-278.8226
G1 X69.6158 Y-278.9862
G1 X69.3941 Y-279.2255
G1 X69.4606 Y-279.1329
G1 X69.7155 Y-278.9516
G1 X70.1449 Y-278.7438
G1 X70.6319 Y-278.7315
G1 X70.9867 Y-278.8074
G1 X71.3840 Y-279.1022
G1 X71.6288 Y-279.5663
G1 X71.6997 Y-280.1533
G1 X71.6099 Y-280.7335
G1 X71.3684 Y-281.1734
G1 X71.0456 Y-281.4321
G1 X70.8343 Y-281.5170
G1 X70.4852 Y-281.5636
G1 X69.9911 Y-281.5322
G1 Z0.0000 F2500.0
G4 P0.02
G0 X71.3690 Y-279.1089 F15000.0
G1 Z11.9000 F2500.0
G4 P0.02
G1 X70.9753 Y-278.8143 F12000.0
G1 X71.2935 Y-278.9990
G1 X71.0839 Y-278.8713
G1 Z0.0000 F2500.0
G4 P0.02
G0 X72.6044 Y-278.7763 F15000.0
G1 Z11.9000 F2500.0
G4 P0.02
G1 X72.6044 Y-280.3823 F12000.0
G1 X72.6384 Y-280.6032
G1 X72.8326 Y-280.6750
G1 X73.6966 Y-280.6769
G1 X73.9283 Y-280.6537
G1 X74.0008 Y-280.5904
G1 X74.0264 Y-280.4858
G1 X74.0305 Y-279.0066
G1 X74.0812 Y-278.8207
G1 X75.0124 Y-278.9424
G1 X75.6572 Y-278.7235
G1 X75.8777 Y-278.7180
G1 X76.0990 Y-278.7685
G1 X76.2897 Y-278.9018
G1 X76.4301 Y-279.0897
G1 X76.5465 Y-279.5356
G1 X76.5369 Y-280.0244
G1 X76.3756 Y-280.4507
G1 X76.1309 Y-280.6763
G1 X75.8372 Y-280.7442
G1 X75.6163 Y-280.7066
G1 X75.0780 Y-280.5048
G1 X74.9944 Y-280.5862
G1 X74.9801 Y-279.3934
G1 X75.0124 Y-278.9237
G1 X74.9801 Y-277.9210
G1 Z0.0000 F2500.0
G4 P0.02
G0 X75.3603 Y-280.5819 F15000.0
G1 Z11.9000 F2500.0
G4 P0.02
G1 X75.1596 Y-280.4810 F12000.0
G1 X75.4078 Y-280.6294
G1 Z0.0000 F2500.0
G4 P0.02
G0 X76.3106 Y-278.9188 F15000.0
G1 Z11.9000 F2500.0
G4 P0.02
G1 X76.2155 Y-278.8238 F12000.0
G1 Z0.0000 F2500.0
G4 P0.02
G0 X77.4034 Y-280.2493 F15000.0
G1 Z11.9000 F2500.0
G4 P0.02
G1 X77.3371 Y-279.9180 F12000.0
G1 X77.3725 Y-279.8302
G1 X77.4602 Y-279.7863
G1 X78.8061 Y-279.7804
G1 X78.9035 Y-279.8140
G1 X78.9621 Y-280.0089
G1 X78.8582 Y-280.3352
G1 X78.7036 Y-280.5444
G1 X78.4323 Y-280.6825
G1 X78.2020 Y-280.7230
G1 X77.9618 Y-280.7092
G1 X77.7517 Y-280.6199
G1 X77.5709 Y-280.4787
G1 X77.4325 Y-280.2983
G1 X77.3452 Y-279.9468
G1 X77.3166 Y-279.5822
G1 X77.4169 Y-279.1317
G1 X77.5145 Y-278.9832
G1 X77.7231 Y-278.8173
G1 X77.9380 Y-278.7410
G1 X78.2760 Y-278.7043
G1 X78.6110 Y-278.7863
G1 X78.7813 Y-278.9188
G1 Z0.0000 F2500.0
G4 P0.02
G0 X81.3471 Y-278.7763 F15000.0
G1 Z11.9000 F2500.0
G4 P0.02
G1 X80.9962 Y-278.7288 F12000.0
G1 X79.6126 Y-278.7580
G1 X79.8266 Y-279.0383
G1 X79.8442 Y-278.9197
G1 X80.0449 Y-279.8104
G1 X80.1486 Y-280.6386
G1 X81.1981 Y-280.6671
G1 X81.2922 Y-280.6413
G1 X81.3463 Y-280.4503
G1 X81.3627 Y-278.8543
G1 X81.4135 Y-278.7703
G1 X81.5906 Y-278.6905
G1 X81.6264 Y-278.6026
G1 X81.6322 Y-278.1111
G1 Z0.0000 F2500.0
G4 P0.02
G0 X79.5416 Y-278.1111 F15000.0
G1 Z11.9000 F2500.0
G4 P0.02
G1 X79.5516 Y-278.5970 F12000.0
G1 X79.5891 Y-278.7288
G1 Z0.0000 F2500.0
G4 P0.02
G0 X82.3450 Y-279.7741 F15000.0
G1 Z11.9000 F2500.0
G4 P0.02
G1 X83.7034 Y-279.7752 F12000.0
G1 X83.9092 Y-279.8306
G1 X83.9486 Y-279.9216
G1 X83.9159 Y-280.1446
G1 X83.8312 Y-280.3547
G1 X83.6562 Y-280.5746
G1 X83.3992 Y-280.6969
G1 X83.1634 Y-280.7238
G1 X82.9235 Y-280.7075
G1 X82.7180 Y-280.6071
G1 X82.4318 Y-280.3180
G1 X82.4903 Y-280.4057
G1 X82.3578 Y-280.0919
G1 X82.2993 Y-279.6231
G1 X82.3582 Y-279.2769
G1 X82.4484 Y-279.0698
G1 X82.5453 Y-278.9352
G1 X82.7771 Y-278.7811
G1 X83.2251 Y-278.6965
G1 X83.5630 Y-278.7717
G1 X83.7704 Y-278.9188
G1 Z0.0000 F2500.0
G4 P0.02
G0 X82.5825 Y-280.4868 F15000.0
G1 Z11.9000 F2500.0
G4 P0.02
G1 X82.5825 Y-280.5344 F12000.0
G1 Z0.0000 F2500.0
G4 P0.02
G0 X84.5782 Y-278.7288 F15000.0
G1 Z11.9000 F2500.0
G4 P0.02
G1 X84.8797 Y-278.7844 F12000.0
G1 X84.9826 Y-278.9446
G1 X85.0169 Y-280.5321
G1 X85.0593 Y-280.6226
G1 X85.2666 Y-280.6759
G1 X86.2516 Y-280.6730
G1 X86.3533 Y-280.6445
G1 X86.4114 Y-280.5668
G1 X86.4312 Y-278.7763
G1 Z0.0000 F2500.0
G4 P0.02
G0 X87.3815 Y-280.6294 F15000.0
G1 Z11.9000 F2500.0
G4 P0.02
G1 X87.3840 Y-279.2714 F12000.0
G1 X87.4579 Y-279.0828
G1 X87.5479 Y-279.0692
G1 X87.8199 Y-279.1921
G1 X88.3292 Y-280.0052
G1 X88.5938 Y-280.2485
G1 X88.5118 Y-280.2153
G1 X88.7212 Y-280.3054
G1 X88.3419 Y-280.0131
G1 X88.6697 Y-280.2490
G1 X88.7632 Y-280.2835
G1 X88.8277 Y-280.2500
G1 X88.8545 Y-278.7763
G1 Z0.0000 F2500.0
G4 P0.02
G0 X87.6191 Y-279.0614 F15000.0
G1 Z11.9000 F2500.0
G4 P0.02
G1 X87.4563 Y-278.8996 F12000.0
G1 X87.5404 Y-279.0198
G1 X87.9085 Y-279.3172
G1 X88.3434 Y-279.9998
G1 X88.7100 Y-280.3191
G1 X88.8845 Y-280.5911
G1 X89.2184 Y-280.6521
G1 X90.2009 Y-280.6745
G1 X90.2894 Y-280.6556
G1 X90.3231 Y-280.5954
G1 X90.3275 Y-278.7763
G1 Z0.0000 F2500.0
G4 P0.02
G0 X91.8004 Y-279.7266 F15000.0
G1 Z11.9000 F2500.0
G4 P0.02
G1 X91.8015 Y-278.9858 F12000.0
G1 X91.8570 Y-278.7800
G1 X92.0662 Y-278.7296
G1 X92.7922 Y-278.7649
G1 X93.1042 Y-278.8859
G1 X93.2252 Y-279.0674
G1 X93.2585 Y-279.1763
G1 X93.2424 Y-279.3989
G1 X93.1495 Y-279.5844
G1 X92.9949 Y-279.6783
G1 X92.6637 Y-279.7722
G1 X91.8457 Y-279.7800
G1 X91.8086 Y-279.8465
G1 X91.7770 Y-280.5503
G1 X91.7132 Y-280.6139
G1 X91.1175 Y-280.6709
G1 X90.3275 Y-280.6769
G1 Z0.0000 F2500.0
G4 P0.02
G0 X96.7375 Y-280.6769 F15000.0
G1 Z11.9000 F2500.0
G4 P0.02
G1 X96.5282 Y-280.6074 F12000.0
G1 X96.4571 Y-280.5302
G1 X96.2571 Y-280.1444
G1 X96.0323 Y-279.8632
G1 X95.5996 Y-279.6927
G1 X95.9398 Y-279.7234
G1 X95.6433 Y-279.7266
G1 X96.0249 Y-279.7443
G1 X96.2382 Y-280.0727
G1 X96.0773 Y-279.7719
G1 X96.0811 Y-279.6076
G1 X96.3087 Y-279.3702
G1 X96.6411 Y-278.8090
G1 X96.9276 Y-278.5862
G1 Z0.0000 F2500.0
G4 P0.02
G0 X95.5021 Y-278.7763 F15000.0
G1 Z11.9000 F2500.0
G4 P0.02
G1 X95.5021 Y-280.3823 F12000.0
G1 X95.5380 Y-280.5730
G1 X95.6185 Y-280.5697
G1 X96.1699 Y-280.3140
G1 X96.3099 Y-280.2017
G1 Z0.0000 F2500.0
G4 P0.02
G0 X98.6856 Y-280.5344 F15000.0
G1 Z11.9000 F2500.0
G4 P0.02
G1 X98.3872 Y-280.7085 F12000.0
G1 X98.0261 Y-280.7171
G1 X97.8065 Y-280.6510
G1 X97.5242 Y-280.4530
G1 X97.3636 Y-280.1501
G1 X97.2818 Y-279.6993
G1 X97.3650 Y-279.2479
G1 X97.5285 Y-278.9461
G1 X97.8163 Y-278.7585
G1 X98.1528 Y-278.7027
G1 X98.4962 Y-278.7524
G1 X98.7742 Y-278.9514
G1 X98.9522 Y-279.2562
G1 X98.9907 Y-279.7238
G1 X98.9329 Y-280.1835
G1 X98.7415 Y-280.4878
G1 X98.8757 Y-280.2968
G1 Z0.0000 F2500.0
G4 P0.02
G0 X98.8757 Y-279.1089 F15000.0
G1 Z11.9000 F2500.0
G4 P0.02
G1 X98.7807 Y-278.9188 F12000.0
G1 Z0.0000 F2500.0
G4 P0.02
G0 X101.2039 Y-278.9188 F15000.0
G1 Z11.9000 F2500.0
G4 P0.02
G1 X101.2576 Y-279.0373 F12000.0
G1 X101.1566 Y-278.9019
G1 X100.9668 Y-278.7807
G1 X100.5183 Y-278.6970
G1 X100.1839 Y-278.7793
G1 X99.9105 Y-278.9927
G1 X99.7712 Y-279.3052
G1 X99.6987 Y-279.7583
G1 X99.8467 Y-280.3131
G1 X100.0799 Y-280.5715
G1 X100.3935 Y-280.7092
G1 X100.6337 Y-280.7228
G1 X100.8621 Y-280.6778
G1 X101.1496 Y-280.5172
G1 X101.3118 Y-280.2861
G1 X101.3834 Y-280.0705
G1 X101.4140 Y-279.7242
G1 X101.3663 Y-279.1674
G1 X101.3993 Y-279.1117
G1 X102.2170 Y-278.9681
G1 X102.7559 Y-278.7667
G1 X103.0911 Y-278.7079
G1 X103.3129 Y-278.7421
G1 X103.5136 Y-278.8409
G1 X103.6631 Y-279.0189
G1 X103.7957 Y-279.3348
G1 X103.8021 Y-280.0608
G1 X103.6780 Y-280.3800
G1 X103.5376 Y-280.5610
G1 X103.1298 Y-280.7467
G1 X102.9087 Y-280.7142
G1 X102.4936 Y-280.5355
G1 X102.3974 Y-280.5353
G1 X102.2725 Y-280.5989
G1 X102.3304 Y-280.4438
G1 X102.2508 Y-280.0557
G1 X102.2771 Y-278.9670
G1 X102.2493 Y-277.9210
G1 Z0.0000 F2500.0
G4 P0.02
G0 X103.5322 Y-278.8238 F15000.0
G1 Z11.9000 F2500.0
G4 P0.02
G1 X103.5797 Y-278.9188 F12000.0
G1 Z0.0000 F2500.0
G4 P0.02
G0 X106.1930 Y-278.7763 F15000.0
G1 Z11.9000 F2500.0
G4 P0.02
G1 X105.8421 Y-278.7288 F12000.0
G1 X104.4584 Y-278.7580
G1 X104.6724 Y-279.0383
G1 X104.6901 Y-278.9197
G1 X104.8908 Y-279.8104
G1 X104.9945 Y-280.6386
G1 X106.0441 Y-280.6671
G1 X106.1381 Y-280.6413
G1 X106.1922 Y-280.4503
G1 X106.2086 Y-278.8543
G1 X106.2593 Y-278.7703
G1 X106.4365 Y-278.6905
G1 X106.4723 Y-278.6026
G1 X106.4781 Y-278.1111
G1 Z0.0000 F2500.0
G4 P0.02
G0 X104.3874 Y-278.1111 F15000.0
G1 Z11.9000 F2500.0
G4 P0.02
G1 X104.3974 Y-278.5970 F12000.0
G1 X104.4350 Y-278.7288
G1 Z0.0000 F2500.0
G4 P0.02
G0 X107.2383 Y-280.6294 F15000.0
G1 Z11.9000 F2500.0
G4 P0.02
G1 X107.2408 Y-279.2714 F12000.0
G1 X107.3147 Y-279.0828
G1 X107.4047 Y-279.0692
G1 X107.6767 Y-279.1921
G1 X108.1863 Y-280.0048
G1 X108.6195 Y-280.2834
G1 X108.6843 Y-280.2506
G1 X108.7081 Y-280.1548
G1 X108.7113 Y-278.7763
G1 Z0.0000 F2500.0
G4 P0.02
G0 X107.2859 Y-278.8238 F15000.0
G1 Z11.9000 F2500.0
G4 P0.02
G1 X107.3810 Y-279.0002 F12000.0
G1 X107.7610 Y-279.3127
G1 X108.2152 Y-280.0357
G1 X108.4958 Y-280.2611
G1 X108.3605 Y-280.2079
G1 X108.5982 Y-280.3721
G1 X108.7168 Y-280.5479
G1 X108.8939 Y-280.6267
G1 X109.3853 Y-280.6294
G1 X109.6011 Y-280.5980
G1 X109.6485 Y-280.5219
G1 X109.6677 Y-279.8046
G1 X109.7008 Y-279.7322
G1 X110.8857 Y-279.7253
G1 X111.0882 Y-279.6653
G1 X111.1340 Y-279.4527
G1 X111.1346 Y-278.7763
G1 Z0.0000 F2500.0
G4 P0.02
G0 X109.6616 Y-278.7763 F15000.0
G1 Z11.9000 F2500.0
G4 P0.02
G1 X109.6616 Y-279.7266 F12000.0
G1 Z0.0000 F2500.0
G4 P0.02
G0 X111.1346 Y-279.7741 F15000.0
G1 Z11.9000 F2500.0
G4 P0.02
G1 X111.1346 Y-280.6294 F12000.0
G1 Z0.0000 F2500.0
G4 P0.02
G0 X113.4628 Y-280.4868 F15000.0
G1 Z11.9000 F2500.0
G4 P0.02
G1 X113.5559 Y-280.1548 F12000.0
G1 X113.5348 Y-279.9237
G1 X113.4719 Y-279.8509
G1 X112.3381 Y-279.6282
G1 X112.0773 Y-279.4044
G1 X112.0124 Y-279.1914
G1 X112.0193 Y-279.0808
G1 X112.1039 Y-278.8716
G1 X112.1853 Y-278.7915
G1 X112.3961 Y-278.7065
G1 X112.8690 Y-278.7074
G1 X113.4971 Y-278.9454
G1 X113.5587 Y-278.9254
G1 X113.6053 Y-278.7763
G1 X113.5578 Y-279.0139
G1 X113.5563 Y-279.6587
G1 X113.4919 Y-279.8278
G1 X112.6085 Y-279.7146
G1 X112.4256 Y-280.5768
G1 X112.3495 Y-280.6074
G1 X112.3903 Y-280.6414
G1 X112.2478 Y-280.5474
G1 X112.0889 Y-280.3467
G1 X112.4123 Y-280.6165
G1 X112.6231 Y-280.7092
G1 X113.1844 Y-280.7026
G1 X113.4249 Y-280.5482
G1 X113.4153 Y-280.5819
G1 Z0.0000 F2500.0
G4 P0.02
G0 X115.0308 Y-278.7763 F15000.0
G1 Z11.9000 F2500.0
G4 P0.02
G1 X115.0234 Y-280.6032 F12000.0
G1 X114.9849 Y-280.6587
G1 X114.4136 Y-280.6769
G1 X115.7706 Y-280.6732
G1 X116.3803 Y-280.6302
G1 X116.4662 Y-280.5874
G1 X116.4991 Y-280.4948
G1 X116.5290 Y-279.8020
G1 X117.4392 Y-279.7696
G1 X117.7659 Y-279.6696
G1 X117.8955 Y-279.5292
G1 X117.9622 Y-279.3382
G1 X117.9574 Y-279.1061
G1 X117.9138 Y-279.0010
G1 X117.7617 Y-278.8391
G1 X117.4321 Y-278.7427
G1 X116.5932 Y-278.7567
G1 X116.5282 Y-278.8274
G1 X116.5065 Y-278.9360
G1 X116.5038 Y-279.7266
G1 Z0.0000 F2500.0
G4 P0.02
G0 X118.6894 Y-280.6294 F15000.0
G1 Z11.9000 F2500.0
G4 P0.02
G1 X118.6894 Y-278.8238 F12000.0
G1 Z0.0000 F2500.0
G4 P0.02
G0 X121.1113 Y-278.8238 F15000.0
G1 Z11.9000 F2500.0
G4 P0.02
G1 X121.0287 Y-278.9520 F12000.0
G1 X121.1655 Y-278.8330
G1 X121.3740 Y-278.7397
G1 X121.5987 Y-278.7028
G1 X121.9413 Y-278.7445
G1 X122.1297 Y-278.8647
G1 X122.2328 Y-279.0660
G1 X122.2470 Y-279.1822
G1 X122.2023 Y-279.4070
G1 X122.0449 Y-279.6322
G1 X121.6930 Y-279.7172
G1 X121.8825 Y-279.7500
G1 X121.9740 Y-279.8088
G1 X122.1343 Y-280.1060
G1 X122.1392 Y-280.3368
G1 X121.9742 Y-280.6173
G1 X121.7740 Y-280.7092
G1 X121.4162 Y-280.7090
G1 X121.2178 Y-280.6185
G1 X121.0163 Y-280.3918
G1 Z0.0000 F2500.0
G4 P0.02
G0 X124.1522 Y-278.8238 F15000.0
G1 Z11.9000 F2500.0
G4 P0.02
G1 X124.4086 Y-278.9322 F12000.0
G1 X123.8099 Y-278.6965
G1 X123.5699 Y-278.6832
G1 X123.2317 Y-278.7613
G1 X123.1334 Y-278.8176
G1 X123.0105 Y-279.0031
G1 X122.9856 Y-279.1116
G1 X123.0197 Y-279.3324
G1 X123.0724 Y-279.4331
G1 X123.2468 Y-279.5807
G1 X123.4582 Y-279.6665
G1 X124.3777 Y-279.8284
G1 X124.4711 Y-279.8681
G1 X124.5185 Y-279.9547
G1 X124.5269 Y-280.1914
G1 X124.4785 Y-280.4158
G1 X124.4178 Y-280.5336
G1 X124.2854 Y-280.6383
G1 X124.0228 Y-280.7227
G1 X123.5408 Y-280.7065
G1 X123.3313 Y-280.5988
G1 X123.1152 Y-280.4067
G1 X123.3112 Y-280.5933
G1 X123.2541 Y-280.5631
G1 X123.0596 Y-280.3328
G1 X123.5781 Y-279.7119
G1 X124.4643 Y-279.8282
G1 X124.5307 Y-279.6613
G1 X124.5799 Y-278.7763
G1 Z0.0000 F2500.0
G4 P0.02
G0 X127.0031 Y-278.7763 F15000.0
G1 Z11.9000 F2500.0
G4 P0.02
G1 X126.6522 Y-278.7288 F12000.0
G1 X125.2685 Y-278.7580
G1 X125.4825 Y-279.0383
G1 X125.5001 Y-278.9197
G1 X125.7009 Y-279.8104
G1 X125.8045 Y-280.6386
G1 X126.8541 Y-280.6671
G1 X126.9481 Y-280.6413
G1 X127.0023 Y-280.4503
G1 X127.0187 Y-278.8543
G1 X127.0694 Y-278.7703
G1 X127.2465 Y-278.6905
G1 X127.2823 Y-278.6026
G1 X127.2882 Y-278.1111
G1 Z0.0000 F2500.0
G4 P0.02
G0 X125.1976 Y-278.1111 F15000.0
G1 Z11.9000 F2500.0
G4 P0.02
G1 X125.2075 Y-278.5970 F12000.0
G1 X125.2451 Y-278.7288
G1 Z0.0000 F2500.0
G4 P0.02
G0 X128.5711 Y-279.7266 F15000.0
G1 Z11.9000 F2500.0
G4 P0.02
G1 X128.6786 Y-279.7102 F12000.0
G1 X129.3959 Y-279.8400
G1 X129.4828 Y-279.8215
G1 X129.5166 Y-279.7387
G1 X129.5599 Y-278.8603
G1 X129.4997 Y-278.9614
G1 X129.4142 Y-278.9504
G1 X128.8819 Y-278.7278
G1 X128.5312 Y-278.6832
G1 X128.1988 Y-278.7754
G1 X128.0327 Y-278.9229
G1 X127.9885 Y-279.2466
G1 X128.0764 Y-279.4545
G1 X128.1594 Y-279.5360
G1 X128.4713 Y-279.6758
G1 X129.3912 Y-279.8350
G1 X129.4766 Y-279.8845
G1 X129.5134 Y-279.9794
G1 X129.5111 Y-280.2171
G1 X129.4254 Y-280.5089
G1 X129.1649 Y-280.6935
G1 X128.8657 Y-280.7244
G1 X128.5082 Y-280.6920
G1 X128.0676 Y-280.3566
G1 X128.1842 Y-280.5218
G1 X128.3811 Y-280.6769
G1 Z0.0000 F2500.0
G4 P0.02
G0 X130.4717 Y-280.6294 F15000.0
G1 Z11.9000 F2500.0
G4 P0.02
G1 X130.4728 Y-279.8907 F12000.0
G1 X130.5282 Y-279.7331
G1 X131.7243 Y-279.7243
G1 X131.9130 Y-279.6470
G1 X131.9447 Y-278.7763
G1 Z0.0000 F2500.0
G4 P0.02
G0 X130.4717 Y-278.7763 F15000.0
G1 Z11.9000 F2500.0
G4 P0.02
G1 X130.4717 Y-279.7266 F12000.0
G1 Z0.0000 F2500.0
G4 P0.02
G0 X131.9447 Y-279.7741 F15000.0
G1 Z11.9000 F2500.0
G4 P0.02
G1 X131.9451 Y-280.3914 F12000.0
G1 X131.9911 Y-280.5925
G1 X132.2013 Y-280.6294
G1 X132.8007 Y-280.6111
G1 X132.8688 Y-280.5556
G1 X132.9184 Y-279.7593
G1 X132.9819 Y-279.7289
G1 X134.0727 Y-279.7266
G1 X134.2937 Y-279.6928
G1 X134.3660 Y-279.4990
G1 X134.3680 Y-278.7763
G1 Z0.0000 F2500.0
G4 P0.02
G0 X132.8950 Y-278.7763 F15000.0
G1 Z11.9000 F2500.0
G4 P0.02
G1 X132.8950 Y-279.7266 F12000.0
G1 Z0.0000 F2500.0
G4 P0.02
G0 X134.3680 Y-279.7741 F15000.0
G1 Z11.9000 F2500.0
G4 P0.02
G1 X134.3683 Y-280.3914 F12000.0
G1 X134.4143 Y-280.5925
G1 X134.6245 Y-280.6294
G1 X135.2240 Y-280.6111
G1 X135.2920 Y-280.5556
G1 X135.3152 Y-280.4553
G1 X135.3243 Y-279.8518
G1 X135.3579 Y-279.7797
G1 X136.1722 Y-279.7725
G1 X136.5139 Y-279.7027
G1 X136.6116 Y-279.6496
G1 X136.7242 Y-279.5049
G1 X136.7822 Y-279.3008
G1 X136.7625 Y-279.0692
G1 X136.6323 Y-278.8869
G1 X136.3202 Y-278.7646
G1 X135.5940 Y-278.7294
G1 X135.3807 Y-278.7740
G1 X135.3196 Y-278.9758
G1 X135.3183 Y-279.7266
G1 Z0.0000 F2500.0
G4 P0.02
G0 X137.5039 Y-280.6294 F15000.0
G1 Z11.9000 F2500.0
G4 P0.02
G1 X137.5213 Y-278.9127 F12000.0
G1 X137.5744 Y-278.8284
G1 X137.6703 Y-278.7756
G1 X138.1373 Y-278.6553
G1 X138.2466 Y-278.6777
G1 X138.4276 Y-278.8141
G1 X138.8986 Y-279.4683
G1 X138.9897 Y-279.5033
G1 X139.0937 Y-279.4786
G1 X139.3838 Y-279.3290
G1 X139.2808 Y-279.4794
G1 X139.0268 Y-279.5764
G1 X139.1030 Y-279.9114
G1 X138.9014 Y-280.0285
G1 X138.5081 Y-280.5849
G1 X138.2910 Y-280.7623
G1 X139.0119 Y-280.1058
G1 X139.1960 Y-280.0220
G1 X139.3602 Y-280.1430
G1 X139.6972 Y-280.6189
G1 X139.9747 Y-280.8194
G1 Z0.0000 F2500.0
G4 P0.02
G0 X139.4521 Y-279.2514 F15000.0
G1 Z11.9000 F2500.0
G4 P0.02
G1 X139.8148 Y-278.7307 F12000.0
G1 X140.0698 Y-278.5862
G1 Z0.0000 F2500.0
G4 P0.02
G0 X142.3980 Y-278.7763 F15000.0
G1 Z11.9000 F2500.0
G4 P0.02
G1 X142.3790 Y-280.6482 F12000.0
G1 X141.6853 Y-280.6769
G1 Z0.0000 F2500.0
G4 P0.02
G0 X142.3980 Y-280.6769 F15000.0
G1 Z11.9000 F2500.0
G4 P0.02
G1 X143.1107 Y-280.6769 F12000.0
G1 Z0.0000 F2500.0
G4 P0.02
G0 X145.1539 Y-280.5344 F15000.0
G1 Z11.9000 F2500.0
G4 P0.02
G1 X144.8554 Y-280.7085 F12000.0
G1 X144.4943 Y-280.7171
G1 X144.2746 Y-280.6510
G1 X143.9924 Y-280.4530
G1 X143.8317 Y-280.1501
G1 X143.7499 Y-279.6993
G1 X143.8331 Y-279.2479
G1 X143.9966 Y-278.9461
G1 X144.2845 Y-278.7585
G1 X144.6209 Y-278.7027
G1 X144.9643 Y-278.7524
G1 X145.2396 Y-278.9479
G1 X145.4154 Y-279.2486
G1 X145.4559 Y-279.7155
G1 X145.4056 Y-280.1755
G1 X145.2098 Y-280.4872
G1 X145.3439 Y-280.2968
G1 Z0.0000 F2500.0
G4 P0.02
G0 X145.3439 Y-279.1089 F15000.0
G1 Z11.9000 F2500.0
G4 P0.02
G1 X145.2964 Y-279.0139 F12000.0
G1 Z0.0000 F2500.0
G4 P0.02
G0 X146.1517 Y-280.6294 F15000.0
G1 Z11.9000 F2500.0
G4 P0.02
G1 X146.2111 Y-280.0363 F12000.0
G1 X146.2822 Y-279.8198
G1 X146.3540 Y-279.7337
G1 X146.7698 Y-279.5546
G1 X147.3476 Y-279.6179
G1 X147.5581 Y-279.5903
G1 X147.6230 Y-279.3912
G1 X147.6246 Y-278.8562
G1 X147.6246 Y-280.3842
G1 X147.6544 Y-280.5622
G1 X148.5333 Y-279.8043
G1 X148.7684 Y-279.7743
G1 X149.9971 Y-279.7849
G1 X150.0880 Y-279.8270
G1 X150.1298 Y-280.0288
G1 X150.0168 Y-280.3503
G1 X149.8417 Y-280.5711
G1 X149.4726 Y-280.7170
G1 X149.1116 Y-280.7086
G1 X148.9045 Y-280.6125
G1 X148.7277 Y-280.4666
G1 X148.5535 Y-280.1760
G1 X148.4817 Y-279.7121
G1 X148.5855 Y-279.1395
G1 X148.6882 Y-278.9832
G1 X148.8873 Y-278.8214
G1 X149.3260 Y-278.6991
G1 X149.6673 Y-278.7431
G1 X149.9952 Y-278.9134
G1 X150.7830 Y-278.8068
G1 X150.9982 Y-278.8337
G1 X151.1372 Y-279.0164
G1 X151.5703 Y-279.8046
G1 X151.4843 Y-279.7290
G1 X151.1367 Y-279.7266
G1 X151.4217 Y-279.7200
G1 X151.0821 Y-279.6956
G1 X151.5805 Y-279.8930
G1 X151.8550 Y-280.2731
G1 X151.9745 Y-280.5527
G1 X151.8384 Y-280.2859
G1 X151.9723 Y-280.5409
G1 X152.0564 Y-280.6159
G1 X152.2336 Y-280.6769
G1 Z0.0000 F2500.0
G4 P0.02
G0 X150.9982 Y-280.6294 F15000.0
G1 Z11.9000 F2500.0
G4 P0.02
G1 X150.9986 Y-280.0120 F12000.0
G1 X151.0429 Y-279.7987
G1 X151.5959 Y-279.5803
G1 X151.7975 Y-279.3711
G1 X152.1312 Y-278.8212
G1 X152.4236 Y-278.5862
G1 Z0.0000 F2500.0
G4 P0.02
G0 X154.0361 Y-278.7288 F15000.0
G1 Z11.9000 F2500.0
G4 P0.02
G1 X154.4958 Y-279.8499 F12000.0
G1 X154.6146 Y-280.2950
G1 X154.8307 Y-280.8289
G1 X154.9920 Y-280.9703
G1 X155.3857 Y-281.0761
G1 X155.1173 Y-281.2026
G1 X154.9644 Y-281.2021
G1 X154.9396 Y-281.1463
G1 X154.9674 Y-281.1136
G1 X155.3627 Y-281.1725
G1 X155.2624 Y-281.1883
G1 X154.9422 Y-281.0729
G1 X154.8829 Y-281.0240
G1 X154.8343 Y-280.8569
G1 X154.9493 Y-281.1310
G1 X155.0322 Y-281.1830
G1 X155.3429 Y-281.2253
G1 X155.3435 Y-281.2772
G1 X155.2725 Y-281.3311
G1 X155.1795 Y-281.3535
G1 X155.1144 Y-281.3224
G1 X155.1214 Y-281.2572
G1 X155.4856 Y-281.0001
G1 X155.8741 Y-279.9851
G1 X155.8601 Y-279.7656
G1 X155.7876 Y-279.7023
G1 X155.6780 Y-279.6816
G1 X154.6920 Y-279.6810
G1 X154.4637 Y-279.7266
G1 Z0.0000 F2500.0
G4 P0.02
G0 X154.7964 Y-280.7719 F15000.0
G1 Z11.9000 F2500.0
G4 P0.02
G1 X154.7964 Y-280.8194 F12000.0
G1 Z0.0000 F2500.0
G4 P0.02
G0 X155.8892 Y-279.7741 F15000.0
G1 Z11.9000 F2500.0
G4 P0.02
G1 X156.0258 Y-279.6224 F12000.0
G1 X156.3366 Y-278.8912
G1 X157.1033 Y-278.7914
G1 X157.3035 Y-278.7003
G1 X157.3588 Y-278.4855
G1 X157.2671 Y-278.1111
G1 Z0.0000 F2500.0
G4 P0.02
G0 X159.7854 Y-280.1542 F15000.0
G1 Z11.9000 F2500.0
G4 P0.02
G1 X159.8268 Y-280.1214 F12000.0
G1 X159.7859 Y-279.8687
G1 X159.7854 Y-278.9451
G1 X159.8152 Y-278.7696
G1 X159.9801 Y-278.7293
G1 X161.2094 Y-278.7333
G1 X161.3026 Y-278.7561
G1 X161.5634 Y-278.9529
G1 X161.4578 Y-278.7899
G1 X161.6652 Y-279.1132
G1 X161.6849 Y-279.5163
G1 X161.6410 Y-279.7034
G1 X161.2688 Y-280.1271
G1 X161.3634 Y-280.1889
G1 X161.4100 Y-280.1616
G1 X161.4653 Y-279.9336
G1 X161.2102 Y-280.1252
G1 X161.1175 Y-280.1491
G1 X159.8988 Y-280.1767
G1 X159.8305 Y-280.2323
G1 X159.7866 Y-280.4158
G1 X159.7869 Y-281.2358
G1 X159.8380 Y-281.4141
G1 X159.9101 Y-281.4648
G1 X160.8231 Y-281.4815
G1 X161.3363 Y-281.3432
G1 X161.2780 Y-281.3302
G1 X161.3741 Y-281.2569
G1 X161.4009 Y-281.2946
G1 Z0.0000 F2500.0
G4 P0.02
G0 X161.4960 Y-281.1045 F15000.0
G1 Z11.9000 F2500.0
G4 P0.02
G1 X161.4868 Y-280.5140 F12000.0
G1 X161.4009 Y-280.3443
G1 Z0.0000 F2500.0
G4 P0.02
G0 X162.8264 Y-278.7288 F15000.0
G1 Z11.9000 F2500.0
G4 P0.02
G1 X162.9098 Y-278.5601 F12000.0
G1 X162.8384 Y-278.2894
G1 X162.8264 Y-278.0636
G1 Z0.0000 F2500.0
G4 P0.02
G0 X167.0077 Y-278.8238 F15000.0
G1 Z11.9000 F2500.0
G4 P0.02
G1 X167.1305 Y-278.9599 F12000.0
G1 X166.8737 Y-278.7757
G1 X167.2002 Y-279.0326
G1 X167.2633 Y-279.1475
G1 X166.8266 Y-278.8176
G1 X166.6504 Y-278.7374
G1 X165.9391 Y-278.7385
G1 X165.6763 Y-278.8474
G1 X165.4465 Y-278.9841
G1 X165.2267 Y-279.3967
G1 X165.1148 Y-279.7610
G1 X165.1185 Y-280.4715
G1 X165.4064 Y-281.0580
G1 X165.6202 Y-281.2300
G1 X165.8718 Y-281.3658
G1 X166.3380 Y-281.4787
G1 X166.5306 Y-281.4594
G1 X166.9015 Y-281.3445
G1 X167.0830 Y-281.2537
G1 X167.1682 Y-281.1626
G1 X166.9092 Y-281.3627
G1 X166.8176 Y-281.3896
G1 Z0.0000 F2500.0
G4 P0.02
G0 X165.3922 Y-281.0095 F15000.0
G1 Z11.9000 F2500.0
G4 P0.02
G1 X165.2972 Y-280.8194 F12000.0
G1 Z0.0000 F2500.0
G4 P0.02
G0 X168.4331 Y-278.7288 F15000.0
G1 Z11.9000 F2500.0
G4 P0.02
G1 X168.5166 Y-278.5601 F12000.0
G1 X168.4452 Y-278.2894
G1 X168.4331 Y-278.0636
G1 Z0.0000 F2500.0
G4 P0.02
G0 X170.8089 Y-278.8238 F15000.0
G1 Z11.9000 F2500.0
G4 P0.02
G1 X170.8089 Y-281.1844 F12000.0
G1 X170.8372 Y-281.3818
G1 X170.8824 Y-281.4359
G1 X171.0615 Y-281.4832
G1 X171.8815 Y-281.4834
G1 X172.3417 Y-281.3557
G1 X172.5112 Y-281.2733
G1 X172.8493 Y-280.8678
G1 X172.8977 Y-280.6836
G1 X172.9153 Y-280.3831
G1 X172.9911 Y-280.1080
G1 X172.9158 Y-279.8327
G1 X172.8843 Y-279.4352
G1 X172.6722 Y-279.0595
G1 X172.7411 Y-279.0685
G1 X172.3882 Y-278.7788
G1 X172.5508 Y-278.8673
G1 X172.2633 Y-278.7304
G1 X171.0812 Y-278.7295
G1 X170.8396 Y-278.7744
G1 X170.9039 Y-278.7288
G1 Z0.0000 F2500.0
G4 P0.02
G0 X69.1532 Y-272.0185 F15000.0
G1 Z11.9000 F2500.0
G4 P0.02
G1 X69.1076 Y-271.7904 F12000.0
G1 X69.1057 Y-271.2583
G1 Z0.0000 F2500.0
G4 P0.02
G0 X71.3389 Y-272.0185 F15000.0
G1 Z11.9000 F2500.0
G4 P0.02
G1 X69.2461 Y-272.0072 F12000.0
G1 X69.4153 Y-272.0557
G1 X69.4706 Y-272.1369
G1 X69.6150 Y-272.6920
G1 X69.7104 Y-273.2702
G1 X69.8202 Y-274.7333
G1 X69.8903 Y-274.9287
G1 X70.1100 Y-274.9644
G1 X71.2181 Y-274.9589
G1 X71.3164 Y-274.9266
G1 X71.3695 Y-274.8444
G1 X71.3922 Y-272.0608
G1 X71.6626 Y-271.9856
G1 X71.7075 Y-271.9069
G1 X71.7190 Y-271.2583
G1 Z0.0000 F2500.0
G4 P0.02
G0 X74.0947 Y-272.3036 F15000.0
G1 Z11.9000 F2500.0
G4 P0.02
G1 X74.1347 Y-272.4932 F12000.0
G1 X74.1414 Y-272.9814
G1 X74.0873 Y-273.1616
G1 X73.5549 Y-273.0928
G1 X73.0445 Y-274.0512
G1 X72.6925 Y-273.8621
G1 X72.7268 Y-273.9187
G1 X72.9791 Y-274.0664
G1 X72.7427 Y-273.9176
G1 X72.6913 Y-273.8442
G1 X72.9559 Y-274.0319
G1 X73.1775 Y-274.1062
G1 X73.5427 Y-274.0986
G1 X73.7683 Y-274.0467
G1 X73.9632 Y-273.9326
G1 X74.0325 Y-273.8453
G1 X74.1251 Y-273.2806
G1 X74.0806 Y-273.1867
G1 X73.9921 Y-273.1320
G1 X73.0583 Y-273.0040
G1 X72.6490 Y-272.8274
G1 X72.4955 Y-272.5800
G1 X72.4939 Y-272.3468
G1 X72.5573 Y-272.1674
G1 X72.7559 Y-271.9890
G1 X73.0480 Y-271.9428
G1 X73.5034 Y-272.0098
G1 X74.0455 Y-272.2380
G1 X74.1038 Y-272.2341
G1 X74.1898 Y-272.0660
G1 Z0.0000 F2500.0
G4 P0.02
G0 X75.7578 Y-272.0660 F15000.0
G1 Z11.9000 F2500.0
G4 P0.02
G1 X75.7512 Y-274.0048 F12000.0
G1 X75.5942 Y-274.0606
G1 X75.0419 Y-274.0617
G1 X76.5830 Y-274.0566
G1 X77.1949 Y-274.0170
G1 X77.2843 Y-273.9779
G1 X77.3201 Y-273.8881
G1 X77.3374 Y-273.1749
G1 X77.3806 Y-273.1178
G1 X78.3237 Y-273.0968
G1 X78.7058 Y-272.9389
G1 X78.8248 Y-272.7487
G1 X78.8640 Y-272.5324
G1 X78.8174 Y-272.3172
G1 X78.5798 Y-272.0897
G1 X78.3127 Y-272.0016
G1 X77.5846 Y-271.9721
G1 X77.3781 Y-272.0264
G1 X77.3266 Y-272.2350
G1 X77.3258 Y-273.0639
G1 Z0.0000 F2500.0
G4 P0.02
G0 X78.7037 Y-272.1611 F15000.0
G1 Z11.9000 F2500.0
G4 P0.02
G1 X78.7987 Y-272.2561 F12000.0
G1 Z0.0000 F2500.0
G4 P0.02
G0 X80.7453 Y-274.2042 F15000.0
G1 Z11.9000 F2500.0
G4 P0.02
G1 X80.9392 Y-274.0966 F12000.0
G1 X81.3814 Y-273.4925
G1 X81.5223 Y-273.4271
G1 X81.8646 Y-273.4686
G1 X82.0034 Y-273.5226
G1 X82.4663 Y-274.0978
G1 X82.3253 Y-273.9813
G1 X82.0997 Y-273.6448
G1 X81.8479 Y-273.3981
G1 X81.4766 Y-273.3716
G1 X81.6881 Y-273.3007
G1 X81.8537 Y-273.3527
G1 X81.7003 Y-273.2305
G1 X81.7008 Y-273.1003
G1 X81.7152 Y-273.1790
G1 X81.6483 Y-273.0498
G1 X81.6469 Y-272.9714
G1 X81.8133 Y-272.8601
G1 X81.6544 Y-272.8819
G1 X81.5543 Y-272.8386
G1 X81.3961 Y-272.6756
G1 X80.8763 Y-271.9558
G1 X80.7263 Y-271.9061
G1 X80.9156 Y-272.0446
G1 X80.9451 Y-272.0261
G1 X80.9203 Y-271.9836
G1 X80.9395 Y-272.0591
G1 X81.0464 Y-272.1879
G1 X80.9440 Y-272.0277
G1 X81.5420 Y-272.8558
G1 X81.7722 Y-272.8136
G1 X81.9259 Y-272.7391
G1 X82.4259 Y-272.0181
G1 X82.7409 Y-271.8285
G1 Z0.0000 F2500.0
G4 P0.02
G0 X83.4062 Y-273.8241 F15000.0
G1 Z11.9000 F2500.0
G4 P0.02
G1 X83.7653 Y-274.0710 F12000.0
G1 X83.7161 Y-274.0492
G1 X84.0030 Y-274.1079
G1 X84.4807 Y-274.0702
G1 X84.6869 Y-273.9750
G1 X84.8285 Y-273.8083
G1 X84.9103 Y-273.3524
G1 X84.8988 Y-273.2487
G1 X84.7375 Y-273.1276
G1 X83.8019 Y-273.0018
G1 X83.4108 Y-272.8095
G1 X83.3132 Y-272.6420
G1 X83.2683 Y-272.4228
G1 X83.3173 Y-272.2073
G1 X83.4860 Y-272.0280
G1 X83.8692 Y-271.9451
G1 X84.2158 Y-271.9862
G1 X84.8000 Y-272.2339
G1 X84.6194 Y-272.1522
G1 X84.8330 Y-272.2255
G1 X84.8409 Y-272.1709
G1 X84.8922 Y-272.1802
G1 X84.9266 Y-273.1114
G1 Z0.0000 F2500.0
G4 P0.02
G0 X84.3089 Y-273.1114 F15000.0
G1 Z11.9000 F2500.0
G4 P0.02
G1 X84.3082 Y-272.9165 F12000.0
G1 X84.4814 Y-272.3276
G1 X84.4990 Y-272.1136
G1 Z0.0000 F2500.0
G4 P0.02
G0 X85.9720 Y-271.1633 F15000.0
G1 Z11.9000 F2500.0
G4 P0.02
G1 X86.0022 Y-272.1217 F12000.0
G1 X86.0748 Y-272.1620
G1 X86.3240 Y-272.0935
G1 X86.0706 Y-272.1718
G1 X86.0005 Y-272.2280
G1 X85.9245 Y-272.9213
G1 X85.9700 Y-273.5202
G1 X85.9570 Y-273.9302
G1 X86.0917 Y-273.8642
G1 X86.1926 Y-273.8794
G1 X86.6068 Y-274.0679
G1 X86.8371 Y-274.1074
G1 X87.0727 Y-274.0824
G1 X87.3540 Y-273.9015
G1 X87.5440 Y-273.5402
G1 X87.5073 Y-273.7016
G1 X87.6174 Y-273.4375
G1 X87.6331 Y-272.8279
G1 X87.5705 Y-272.4958
G1 X87.2227 Y-272.0683
G1 X87.2848 Y-272.1105
G1 X87.0285 Y-272.0336
G1 X86.4795 Y-272.0520
G1 X86.6445 Y-271.9738
G1 X86.8659 Y-271.9464
G1 X87.0795 Y-272.0243
G1 X87.4439 Y-272.2707
G1 X87.1091 Y-272.0173
G1 X87.3974 Y-272.2086
G1 Z0.0000 F2500.0
G4 P0.02
G0 X88.6328 Y-273.8241 F15000.0
G1 Z11.9000 F2500.0
G4 P0.02
G1 X88.9744 Y-274.0537 F12000.0
G1 X88.6845 Y-273.8390
G1 X89.1224 Y-274.0947
G1 X89.4873 Y-274.1073
G1 X89.7181 Y-274.0681
G1 X90.0029 Y-273.8929
G1 X90.0910 Y-273.6891
G1 X90.1365 Y-273.3413
G1 X90.1222 Y-273.2402
G1 X89.9531 Y-273.1272
G1 X89.0173 Y-273.0006
G1 X88.6828 Y-272.8490
G1 X88.5811 Y-272.7213
G1 X88.5053 Y-272.5278
G1 X88.5119 Y-272.2971
G1 X88.6168 Y-272.1042
G1 X88.7925 Y-272.0051
G1 X89.1066 Y-271.9434
G1 X89.4541 Y-271.9862
G1 X90.0287 Y-272.2323
G1 X89.8012 Y-272.1435
G1 X90.0872 Y-272.2386
G1 X90.2008 Y-272.0660
G1 Z0.0000 F2500.0
G4 P0.02
G0 X91.1986 Y-274.0142 F15000.0
G1 Z11.9000 F2500.0
G4 P0.02
G1 X91.2084 Y-273.1322 F12000.0
G1 X91.2483 Y-273.0700
G1 X91.5834 Y-273.0639
G1 X91.2949 Y-273.0386
G1 X91.2256 Y-272.9721
G1 X91.1766 Y-272.1539
G1 X91.1157 Y-272.1060
G1 X90.1950 Y-272.3044
G1 X90.1451 Y-272.3722
G1 X90.1533 Y-272.9583
G1 X90.1150 Y-273.1579
G1 X90.0284 Y-273.1745
G1 X89.5834 Y-273.0898
G1 X89.5319 Y-273.1142
G1 X89.1256 Y-273.9666
G1 X89.0129 Y-274.0617
G1 Z0.0000 F2500.0
G4 P0.02
G0 X92.3865 Y-272.0185 F15000.0
G1 Z11.9000 F2500.0
G4 P0.02
G1 X91.8559 Y-272.9320 F12000.0
G1 X91.8106 Y-273.1529
G1 X91.8723 Y-273.2826
G1 X91.8166 Y-273.1640
G1 X91.8721 Y-272.9263
G1 X91.8478 Y-272.8970
G1 X91.7443 Y-273.0083
G1 X91.7518 Y-273.0856
G1 X92.2756 Y-273.9709
G1 X92.3705 Y-274.0270
G1 X92.6030 Y-274.0608
G1 X93.7911 Y-274.0337
G1 X93.8119 Y-272.0660
G1 Z0.0000 F2500.0
G4 P0.02
G0 X93.8595 Y-274.0617 F15000.0
G1 Z11.9000 F2500.0
G4 P0.02
G1 X94.5722 Y-274.0617 F12000.0
G1 Z0.0000 F2500.0
G4 P0.02
G0 X96.3777 Y-274.1092 F15000.0
G1 Z11.9000 F2500.0
G4 P0.02
G1 X96.2418 Y-274.0817 F12000.0
G1 X96.0612 Y-274.1073
G1 X96.3884 Y-274.0750
G1 X95.8384 Y-274.0401
G1 X95.4678 Y-273.7654
G1 X95.3439 Y-273.4994
G1 X95.2955 Y-273.2724
G1 X95.3000 Y-272.6653
G1 X95.4278 Y-272.3487
G1 X95.5593 Y-272.1813
G1 X96.0730 Y-271.9487
G1 X96.3008 Y-271.9480
G1 X96.6231 Y-272.0498
G1 X96.7480 Y-272.1195
G1 X96.9302 Y-272.3256
G1 X96.6628 Y-272.0660
G1 Z0.0000 F2500.0
G4 P0.02
G0 X95.3324 Y-273.0639 F15000.0
G1 Z11.9000 F2500.0
G4 P0.02
G1 X96.9232 Y-273.0906 F12000.0
G1 X96.9911 Y-273.1551
G1 X97.0048 Y-273.2528
G1 X96.9454 Y-273.5923
G1 X96.7468 Y-273.8795
G1 X96.4728 Y-274.0617
G1 Z0.0000 F2500.0
G4 P0.02
G0 X97.9457 Y-274.0142 F15000.0
G1 Z11.9000 F2500.0
G4 P0.02
G1 X98.0004 Y-273.7199 F12000.0
G1 X97.9457 Y-273.0089
G1 X97.9981 Y-272.2922
G1 X98.0315 Y-272.2011
G1 X98.3393 Y-272.0971
G1 X98.0718 Y-272.1610
G1 X98.0141 Y-272.0993
G1 X97.9940 Y-271.3771
G1 X98.0274 Y-271.2486
G1 X98.4602 Y-271.9186
G1 X98.5000 Y-272.0378
G1 X99.0471 Y-272.0268
G1 X99.3068 Y-272.1112
G1 X99.2433 Y-272.0674
G1 X99.5917 Y-272.4947
G1 X99.6563 Y-272.9482
G1 X99.6542 Y-273.3180
G1 X99.6013 Y-273.5431
G1 X99.5223 Y-273.7088
G1 X99.5660 Y-273.5392
G1 X99.3770 Y-273.8999
G1 X99.2014 Y-274.0373
G1 X98.9815 Y-274.1028
G1 X98.7416 Y-274.0982
G1 X98.0408 Y-273.8241
G1 Z0.0000 F2500.0
G4 P0.02
G0 X98.6109 Y-271.9710 F15000.0
G1 Z11.9000 F2500.0
G4 P0.02
G1 X98.8383 Y-271.9505 F12000.0
G1 X99.0560 Y-272.0028
G1 X99.4678 Y-272.2834
G1 X99.1097 Y-272.0076
G1 X99.4187 Y-272.2086
G1 Z0.0000 F2500.0
G4 P0.02
G0 X100.6066 Y-274.0142 F15000.0
G1 Z11.9000 F2500.0
G4 P0.02
G1 X100.6085 Y-272.5325 F12000.0
G1 X100.6752 Y-272.3569
G1 X100.7645 Y-272.3692
G1 X101.1393 Y-272.5766
G1 X101.5143 Y-273.2017
G1 X101.7964 Y-273.6059
G1 X101.8752 Y-273.6451
G1 X101.7652 Y-273.5656
G1 X102.0056 Y-273.6894
G1 X102.0070 Y-273.7494
G1 X102.1042 Y-273.8491
G1 X102.1711 Y-273.5660
G1 X102.1746 Y-272.0185
G1 Z0.0000 F2500.0
G4 P0.02
G0 X100.9392 Y-272.3987 F15000.0
G1 Z11.9000 F2500.0
G4 P0.02
G1 X100.7385 Y-272.2979 F12000.0
G1 X101.0980 Y-272.5190
G1 X101.6994 Y-273.4915
G1 Z0.0000 F2500.0
G4 P0.02
G0 X100.6541 Y-272.3036 F15000.0
G1 Z11.9000 F2500.0
G4 P0.02
G1 X100.6541 Y-272.1136 F12000.0
G1 Z0.0000 F2500.0
G4 P0.02
G0 X103.7426 Y-271.9710 F15000.0
G1 Z11.9000 F2500.0
G4 P0.02
G1 X104.0858 Y-271.9460 F12000.0
G1 X104.2363 Y-271.9972
G1 X103.8349 Y-271.9874
G1 X103.6089 Y-272.0290
G1 X103.4135 Y-272.1493
G1 X103.2695 Y-272.3088
G1 X103.1857 Y-272.5011
G1 X103.1268 Y-272.8462
G1 X103.1390 Y-273.3337
G1 X103.2025 Y-273.5535
G1 X103.4035 Y-273.8715
G1 X103.5679 Y-274.0034
G1 X103.7800 Y-274.0882
G1 X104.2249 Y-274.0985
G1 X104.3987 Y-274.0228
G1 X104.6032 Y-273.8289
G1 X104.5503 Y-273.8716
G1 Z0.0000 F2500.0
G4 P0.02
G0 X104.7879 Y-272.5412 F15000.0
G1 Z11.9000 F2500.0
G4 P0.02
G1 X104.5369 Y-272.1532 F12000.0
G1 X104.2177 Y-271.9710
G1 Z0.0000 F2500.0
G4 P0.02
G0 X106.1183 Y-272.0660 F15000.0
G1 Z11.9000 F2500.0
G4 P0.02
G1 X106.1119 Y-274.0048 F12000.0
G1 X105.9549 Y-274.0606
G1 X105.4025 Y-274.0617
G1 X106.9436 Y-274.0566
G1 X107.5554 Y-274.0170
G1 X107.6449 Y-273.9779
G1 X107.6862 Y-273.7697
G1 X107.6881 Y-272.5352
G1 X107.7534 Y-272.3582
G1 X107.8420 Y-272.3689
G1 X108.2189 Y-272.5765
G1 X108.7808 Y-273.5000
G1 X109.0945 Y-273.6946
G1 X109.0924 Y-273.7565
G1 X109.1877 Y-273.8392
G1 X109.2524 Y-273.5468
G1 X109.2543 Y-272.0185
G1 Z0.0000 F2500.0
G4 P0.02
G0 X108.3515 Y-272.7788 F15000.0
G1 Z11.9000 F2500.0
G4 P0.02
G1 X108.0118 Y-272.3896 F12000.0
G1 X107.8115 Y-272.3030
G1 X108.1405 Y-272.4879
G1 X108.3886 Y-272.8231
G1 X108.7280 Y-273.4057
G1 X108.9692 Y-273.6816
G1 Z0.0000 F2500.0
G4 P0.02
G0 X107.7338 Y-272.3036 F15000.0
G1 Z11.9000 F2500.0
G4 P0.02
G1 X107.7338 Y-272.1136 F12000.0
G1 Z0.0000 F2500.0
G4 P0.02
G0 X110.2996 Y-272.0660 F15000.0
G1 Z11.9000 F2500.0
G4 P0.02
G1 X110.3118 Y-272.9236 F12000.0
G1 X110.3562 Y-273.0126
G1 X110.4478 Y-273.0536
G1 X110.6794 Y-273.0639
G1 X110.3234 Y-273.0956
G1 X110.3008 Y-273.7932
G1 X110.3587 Y-273.9844
G1 X110.5737 Y-274.0243
G1 X111.4957 Y-274.0561
G1 X111.3098 Y-273.9077
G1 X110.8368 Y-273.0430
G1 X111.0609 Y-272.7537
G1 X111.5352 Y-271.9796
G1 X112.4470 Y-271.2220
G1 X112.5040 Y-271.1474
G1 X112.4858 Y-271.0926
G1 X112.3838 Y-271.0762
G1 X112.5565 Y-271.1183
G1 X112.7465 Y-271.2488
G1 X112.9546 Y-271.6556
G1 X113.0394 Y-272.2292
G1 X113.2449 Y-272.4613
G1 X113.5481 Y-273.2973
G1 X113.2763 Y-272.5664
G1 X113.0569 Y-272.3388
G1 X112.9690 Y-272.3172
G1 X112.8762 Y-272.3491
G1 X112.7519 Y-272.5135
G1 X112.2002 Y-274.0617
G1 Z0.0000 F2500.0
G4 P0.02
G0 X113.8633 Y-274.0617 F15000.0
G1 Z11.9000 F2500.0
G4 P0.02
G1 X113.3881 Y-272.8738 F12000.0
G1 Z0.0000 F2500.0
G4 P0.02
G0 X115.6213 Y-274.0142 F15000.0
G1 Z11.9000 F2500.0
G4 P0.02
G1 X115.6232 Y-272.5325 F12000.0
G1 X115.6899 Y-272.3569
G1 X115.7792 Y-272.3692
G1 X116.1540 Y-272.5766
G1 X116.7004 Y-273.4934
G1 X116.7974 Y-273.5145
G1 X116.9627 Y-273.6316
G1 X117.1159 Y-273.8478
G1 X117.1847 Y-273.5721
G1 X117.1893 Y-272.0185
G1 Z0.0000 F2500.0
G4 P0.02
G0 X115.9539 Y-272.3987 F15000.0
G1 Z11.9000 F2500.0
G4 P0.02
G1 X115.7532 Y-272.2979 F12000.0
G1 X116.1127 Y-272.5190
G1 X116.6500 Y-273.3871
G1 X116.8812 Y-273.6374
G1 X116.7117 Y-273.4717
G1 X116.1331 Y-272.6110
G1 X115.7266 Y-272.1975
G1 X115.6842 Y-272.2087
G1 X115.6688 Y-272.3036
G1 Z0.0000 F2500.0
G4 P0.02
G0 X117.8545 Y-271.8760 F15000.0
G1 Z11.9000 F2500.0
G4 P0.02
G1 X118.0734 Y-271.9416 F12000.0
G1 X118.1582 Y-272.0100
G1 X118.3772 Y-272.3511
G1 Z0.0000 F2500.0
G4 P0.02
G0 X119.9452 Y-271.8285 F15000.0
G1 Z11.9000 F2500.0
G4 P0.02
G1 X119.6543 Y-271.9935 F12000.0
G1 X119.1749 Y-272.6492
G1 X118.6893 Y-272.6970
G1 X119.0411 Y-272.7569
G1 X118.6711 Y-272.7322
G1 X118.7462 Y-272.8518
G1 X118.3791 Y-272.3660
G1 X118.8054 Y-272.8441
G1 X119.0118 Y-272.8731
G1 X118.8508 Y-273.0020
G1 X118.8637 Y-273.2457
G1 X118.8225 Y-273.2585
G1 X118.8173 Y-273.2058
G1 X118.8834 Y-273.1001
G1 X118.9090 Y-273.2337
G1 X119.0109 Y-273.3291
G1 X118.7624 Y-273.3489
G1 X119.0434 Y-273.3758
G1 X118.6891 Y-273.3800
G1 X118.9736 Y-273.3738
G1 X119.0788 Y-273.4102
G1 X119.2166 Y-273.5352
G1 X119.5707 Y-274.0160
G1 X119.6918 Y-274.1150
G1 X119.5149 Y-273.9675
G1 X119.1469 Y-273.4878
G1 X118.7282 Y-273.4270
G1 X118.5864 Y-273.4913
G1 X118.1450 Y-274.0958
G1 X117.9495 Y-274.2042
G1 Z0.0000 F2500.0
G4 P0.02
G0 X118.0921 Y-271.9710 F15000.0
G1 Z11.9000 F2500.0
G4 P0.02
G1 X118.0446 Y-271.9235 F12000.0
G1 Z0.0000 F2500.0
G4 P0.02
G0 X121.8933 Y-272.0185 F15000.0
G1 Z11.9000 F2500.0
G4 P0.02
G1 X121.8967 Y-273.8693 F12000.0
G1 X121.9220 Y-273.9742
G1 X121.9939 Y-274.0381
G1 X123.2117 Y-274.0587
G1 X123.3190 Y-274.0358
G1 X123.3873 Y-273.9685
G1 X123.4312 Y-272.1654
G1 X123.4811 Y-272.1326
G1 X124.0876 Y-272.4916
G1 X124.2660 Y-272.6377
G1 X124.2994 Y-273.3186
G1 X124.4037 Y-273.6505
G1 X124.4965 Y-273.8070
G1 X124.8623 Y-274.0596
G1 X124.8366 Y-274.0543
G1 X125.1469 Y-274.1086
G1 X125.3880 Y-274.0951
G1 X125.6989 Y-273.9590
G1 X125.8555 Y-273.8101
G1 X126.0225 Y-273.5405
G1 X126.1014 Y-272.9677
G1 X126.0596 Y-272.6193
G1 X125.9797 Y-272.4054
G1 X125.8047 Y-272.1490
G1 X125.5806 Y-272.0177
G1 X125.7083 Y-272.0842
G1 X125.2031 Y-271.9451
G1 X124.8671 Y-272.0207
G1 X124.5592 Y-272.2019
G1 X124.3541 Y-272.5190
G1 X124.5861 Y-272.1515
G1 X124.7855 Y-272.0403
G1 X125.1273 Y-271.9726
G1 X125.3691 Y-271.9729
G1 X125.5044 Y-272.0185
G1 Z0.0000 F2500.0
G4 P0.02
G0 X127.1674 Y-272.1136 F15000.0
G1 Z11.9000 F2500.0
G4 P0.02
G1 X127.0695 Y-272.0521 F12000.0
G1 X126.9103 Y-272.0364
G1 X127.1839 Y-272.1692
G1 X127.2211 Y-273.8960
G1 X127.2546 Y-273.9935
G1 X127.3377 Y-274.0454
G1 X128.4402 Y-274.0617
G1 X128.6612 Y-274.0278
G1 X128.7335 Y-273.8343
G1 X128.7383 Y-272.2342
G1 X128.7596 Y-272.1492
G1 X128.8201 Y-272.1355
G1 X129.4331 Y-272.5069
G1 X129.5984 Y-272.6556
G1 X129.6045 Y-273.2336
G1 X129.7267 Y-273.6557
G1 X129.8872 Y-273.8733
G1 X130.1706 Y-274.0583
G1 X130.3740 Y-274.1062
G1 X130.7377 Y-274.0940
G1 X131.0413 Y-273.9459
G1 X131.2466 Y-273.7167
G1 X131.3815 Y-273.4040
G1 X131.4230 Y-273.0567
G1 X131.3793 Y-272.5918
G1 X131.2218 Y-272.2863
G1 X130.9044 Y-272.0216
G1 X131.0342 Y-272.0842
G1 X130.5333 Y-271.9445
G1 X130.1973 Y-272.0168
G1 X129.8865 Y-272.1963
G1 X129.6749 Y-272.5216
G1 X129.9066 Y-272.1547
G1 X130.1005 Y-272.0469
G1 X130.3208 Y-271.9846
G1 X130.7927 Y-271.9957
G1 X131.1498 Y-272.2013
G1 X131.2006 Y-272.1319
G1 X132.1382 Y-272.1305
G1 X132.2793 Y-272.2061
G1 X132.0917 Y-271.9450
G1 X132.2083 Y-272.0706
G1 X132.5397 Y-272.6163
G1 X132.7684 Y-272.8652
G1 X132.9704 Y-272.9908
G1 X133.3057 Y-273.1080
G1 X133.3684 Y-273.1836
G1 X133.3919 Y-274.0142
G1 Z0.0000 F2500.0
G4 P0.02
G0 X132.1090 Y-274.0617 F15000.0
G1 Z11.9000 F2500.0
G4 P0.02
G1 X132.2218 Y-274.0383 F12000.0
G1 X132.3881 Y-273.9098
G1 X132.6339 Y-273.4043
G1 X132.9184 Y-273.0690
G1 X133.7038 Y-273.0628
G1 X133.8924 Y-273.0274
G1 X133.8795 Y-272.9952
G1 X133.4546 Y-272.9807
G1 X133.4060 Y-272.9101
G1 X133.3919 Y-272.0660
G1 Z0.0000 F2500.0
G4 P0.02
G0 X132.8692 Y-273.0163 F15000.0
G1 Z11.9000 F2500.0
G4 P0.02
G1 X132.8692 Y-273.0639 F12000.0
G1 Z0.0000 F2500.0
G4 P0.02
G0 X134.6748 Y-274.0617 F15000.0
G1 Z11.9000 F2500.0
G4 P0.02
G1 X134.4764 Y-273.9581 F12000.0
G1 X134.3436 Y-273.7871
G1 X134.0522 Y-273.1459
G1 X134.0088 Y-272.9417
G1 X134.0446 Y-272.8976
G1 X134.0654 Y-272.9261
G1 X134.0097 Y-273.1636
G1 X134.0655 Y-273.2825
G1 X134.0041 Y-273.1533
G1 X134.0105 Y-273.0454
G1 X134.0984 Y-272.8298
G1 X134.6010 Y-272.0259
G1 X134.9124 Y-271.8285
G1 Z0.0000 F2500.0
G4 P0.02
G0 X135.4350 Y-273.0639 F15000.0
G1 Z11.9000 F2500.0
G4 P0.02
G1 X137.0258 Y-273.0906 F12000.0
G1 X137.0937 Y-273.1551
G1 X137.0832 Y-273.4833
G1 X136.9967 Y-273.6946
G1 X136.7590 Y-273.9582
G1 X136.5747 Y-274.0628
G1 X136.1357 Y-274.1046
G1 X136.4840 Y-274.0929
G1 X135.9061 Y-274.0270
G1 X135.7119 Y-273.8995
G1 X135.5603 Y-273.7519
G1 X135.4387 Y-273.4713
G1 X135.3929 Y-273.2431
G1 X135.3910 Y-272.7525
G1 X135.4385 Y-272.5251
G1 X135.5941 Y-272.2279
G1 X135.9837 Y-272.0044
G1 X136.2025 Y-271.9395
G1 X136.5434 Y-271.9827
G1 X136.8274 Y-272.0990
G1 X137.0432 Y-272.3347
G1 X136.8252 Y-272.1140
G1 X136.9026 Y-272.1898
G1 X136.8605 Y-272.1136
G1 Z0.0000 F2500.0
G4 P0.02
G0 X138.0959 Y-274.0142 F15000.0
G1 Z11.9000 F2500.0
G4 P0.02
G1 X138.1272 Y-273.0760 F12000.0
G1 X139.4250 Y-273.0623
G1 X139.6235 Y-272.9966
G1 X139.6636 Y-272.7800
G1 X139.6639 Y-272.0660
G1 Z0.0000 F2500.0
G4 P0.02
G0 X138.0959 Y-272.0185 F15000.0
G1 Z11.9000 F2500.0
G4 P0.02
G1 X138.0959 Y-273.0639 F12000.0
G1 Z0.0000 F2500.0
G4 P0.02
G0 X139.6639 Y-273.1114 F15000.0
G1 Z11.9000 F2500.0
G4 P0.02
G1 X139.6928 Y-273.9473 F12000.0
G1 X139.8745 Y-274.0126
G1 X140.5880 Y-273.9879
G1 X140.6598 Y-273.8127
G1 X140.6695 Y-272.4623
G1 X140.7038 Y-272.3786
G1 X140.7815 Y-272.3628
G1 X141.1736 Y-272.5596
G1 X141.6998 Y-273.3760
G1 X141.9096 Y-273.6244
G1 X141.8075 Y-273.5629
G1 X141.7987 Y-273.5055
G1 X142.0738 Y-273.6938
G1 X142.0689 Y-273.7591
G1 X142.1639 Y-273.8366
G1 X142.2278 Y-273.5417
G1 X142.2297 Y-272.0185
G1 Z0.0000 F2500.0
G4 P0.02
G0 X140.9943 Y-272.3987 F15000.0
G1 Z11.9000 F2500.0
G4 P0.02
G1 X140.7936 Y-272.2979 F12000.0
G1 X141.1531 Y-272.5190
G1 X141.7545 Y-273.4915
G1 Z0.0000 F2500.0
G4 P0.02
G0 X140.7092 Y-272.3036 F15000.0
G1 Z11.9000 F2500.0
G4 P0.02
G1 X140.7092 Y-272.1136 F12000.0
G1 Z0.0000 F2500.0
G4 P0.02
G0 X143.1800 Y-271.9710 F15000.0
G1 Z11.9000 F2500.0
G4 P0.02
G1 X143.1065 Y-271.9137 F12000.0
G1 X143.5774 Y-272.4790
G1 X143.6955 Y-272.6925
G1 X143.7487 Y-272.8989
G1 X143.6903 Y-272.9662
G1 X143.3889 Y-273.1130
G1 X143.3153 Y-273.1975
G1 X143.2347 Y-273.5292
G1 X143.2820 Y-273.7523
G1 X143.3645 Y-273.8849
G1 X143.5326 Y-273.9991
G1 X143.8779 Y-274.0610
G1 X144.4948 Y-274.0605
G1 X144.6990 Y-274.0029
G1 X144.7473 Y-273.7921
G1 X144.7352 Y-273.0587
G1 X144.6896 Y-272.9707
G1 X144.5970 Y-272.9309
G1 X143.8822 Y-272.9002
G1 X143.8104 Y-272.8431
G1 X143.6783 Y-272.5954
G1 X144.7035 Y-272.9157
G1 X144.7476 Y-272.7324
G1 X144.7480 Y-272.0185
G1 Z0.0000 F2500.0
G4 P0.02
G0 X147.0748 Y-273.0163 F15000.0
G1 Z11.9000 F2500.0
G4 P0.02
G1 X147.1061 Y-272.0516 F12000.0
G1 X147.1823 Y-271.9919
G1 X148.0284 Y-271.9843
G1 X148.2558 Y-272.0318
G1 X148.4969 Y-272.1395
G1 X148.6009 Y-272.4542
G1 X148.5424 Y-272.7770
G1 X148.4045 Y-272.9659
G1 X148.2164 Y-273.0788
G1 X147.2531 Y-273.0641
G1 X147.0943 Y-273.1066
G1 X147.0759 Y-273.8091
G1 X147.1339 Y-274.0131
G1 X147.3450 Y-274.0610
G1 X147.8386 Y-274.0613
G1 X148.3050 Y-273.9923
G1 X148.4475 Y-273.8212
G1 X148.4970 Y-273.5994
G1 X148.4605 Y-273.3691
G1 X148.3196 Y-273.1398
G1 X148.3577 Y-273.1589
G1 Z0.0000 F2500.0
G4 P0.02
G0 X150.8760 Y-272.0660 F15000.0
G1 Z11.9000 F2500.0
G4 P0.02
G1 X150.8894 Y-273.9941 F12000.0
G1 X152.1005 Y-274.0537
G1 X152.3217 Y-274.0268
G1 X152.3945 Y-273.8349
G1 X152.4175 Y-272.1156
G1 X152.5511 Y-271.9278
G1 X153.3507 Y-271.2348
G1 X153.3934 Y-271.3853
G1 X153.4175 Y-272.1050
G1 X153.4790 Y-272.1613
G1 X153.7447 Y-272.0966
G1 X153.5102 Y-272.1597
G1 X153.4299 Y-272.2079
G1 X153.3487 Y-272.7717
G1 X153.3991 Y-273.7268
G1 X153.3714 Y-273.9395
G1 X153.4943 Y-273.8637
G1 X153.5906 Y-273.8757
G1 X154.0059 Y-274.0591
G1 X154.2330 Y-274.1073
G1 X154.4728 Y-274.0936
G1 X154.6782 Y-273.9957
G1 X154.8370 Y-273.8277
G1 X154.9786 Y-273.5332
G1 X154.9106 Y-273.7159
G1 X155.0497 Y-273.3450
G1 X155.0359 Y-272.6294
G1 X154.8561 Y-272.2765
G1 X154.4890 Y-272.0163
G1 X154.2735 Y-271.9487
G1 X153.8942 Y-272.0403
G1 X154.3271 Y-271.9865
G1 X154.5535 Y-272.0228
G1 X154.9360 Y-272.2522
G1 X155.8296 Y-272.6257
G1 X155.8742 Y-272.7043
G1 X155.8834 Y-273.2872
G1 X156.0836 Y-273.7938
G1 X156.4307 Y-274.0493
G1 X156.2691 Y-273.9547
G1 X156.5263 Y-274.0825
G1 X156.7654 Y-274.1090
G1 X157.0061 Y-274.0940
G1 X157.3079 Y-273.9583
G1 X157.4272 Y-273.8525
G1 X157.6033 Y-273.5782
G1 X157.6995 Y-273.0113
G1 X157.6000 Y-272.4393
G1 X157.4627 Y-272.2541
G1 X157.1594 Y-272.0451
G1 X156.9393 Y-271.9617
G1 X156.7140 Y-271.9438
G1 X156.4901 Y-272.0085
G1 X156.1088 Y-272.2323
G1 X155.9570 Y-272.5146
G1 X156.1707 Y-272.1661
G1 X156.4639 Y-272.0178
G1 X156.6925 Y-271.9857
G1 X157.1126 Y-272.0100
G1 X157.4230 Y-272.1616
G1 X157.2298 Y-272.0465
G1 X157.3855 Y-272.1611
G1 Z0.0000 F2500.0
G4 P0.02
G0 X159.1436 Y-271.9710 F15000.0
G1 Z11.9000 F2500.0
G4 P0.02
G1 X159.4867 Y-271.9460 F12000.0
G1 X159.6373 Y-271.9972
G1 X159.2360 Y-271.9874
G1 X159.0099 Y-272.0290
G1 X158.8144 Y-272.1493
G1 X158.6705 Y-272.3088
G1 X158.5867 Y-272.5011
G1 X158.5278 Y-272.8462
G1 X158.5400 Y-273.3337
G1 X158.6034 Y-273.5535
G1 X158.8044 Y-273.8715
G1 X158.9689 Y-274.0034
G1 X159.1810 Y-274.0882
G1 X159.6259 Y-274.0985
G1 X159.7998 Y-274.0228
G1 X160.0041 Y-273.8289
G1 X159.9513 Y-273.8716
G1 Z0.0000 F2500.0
G4 P0.02
G0 X160.1889 Y-272.5412 F15000.0
G1 Z11.9000 F2500.0
G4 P0.02
G1 X159.9379 Y-272.1532 F12000.0
G1 X159.6187 Y-271.9710
G1 Z0.0000 F2500.0
G4 P0.02
G0 X161.5193 Y-272.0660 F15000.0
G1 Z11.9000 F2500.0
G4 P0.02
G1 X161.5128 Y-274.0048 F12000.0
G1 X161.3558 Y-274.0606
G1 X160.8035 Y-274.0617
G1 X162.3446 Y-274.0564
G1 X162.8360 Y-274.0252
G1 X163.0201 Y-273.9491
G1 X163.0886 Y-273.7826
G1 X163.0411 Y-272.8412
G1 X163.1041 Y-272.2593
G1 X163.1563 Y-272.1870
G1 X163.4207 Y-272.0920
G1 X163.2247 Y-272.1608
G1 X163.1391 Y-272.1441
G1 X163.0983 Y-272.0630
G1 X163.1017 Y-271.2572
G1 X163.2582 Y-271.4429
G1 X163.5715 Y-271.9532
G1 X163.5841 Y-272.0383
G1 X163.8434 Y-271.9614
G1 X164.0601 Y-271.9698
G1 X164.2746 Y-272.0678
G1 X164.5449 Y-272.2703
G1 X164.7276 Y-272.6278
G1 X164.7457 Y-273.3311
G1 X164.6225 Y-273.6959
G1 X164.6706 Y-273.5400
G1 X164.4616 Y-273.9091
G1 X164.1788 Y-274.0883
G1 X163.9410 Y-274.1074
G1 X163.7128 Y-274.0621
G1 X163.1348 Y-273.8241
G1 Z0.0000 F2500.0
G4 P0.02
G0 X164.1327 Y-271.9710 F15000.0
G1 Z11.9000 F2500.0
G4 P0.02
G1 X164.5128 Y-272.2086 F12000.0
G1 Z0.0000 F2500.0
G4 P0.02
G0 X165.7482 Y-273.8241 F15000.0
G1 Z11.9000 F2500.0
G4 P0.02
G1 X166.1011 Y-274.0702 F12000.0
G1 X165.8045 Y-273.8543
G1 X166.1953 Y-274.0870
G1 X166.5575 Y-274.1076
G1 X166.9017 Y-274.0436
G1 X167.0941 Y-273.9264
G1 X167.1619 Y-273.8383
G1 X167.2535 Y-273.3846
G1 X167.2022 Y-273.1814
G1 X167.1115 Y-273.1295
G1 X166.1766 Y-273.0035
G1 X165.7724 Y-272.8249
G1 X165.6611 Y-272.6710
G1 X165.6094 Y-272.4560
G1 X165.6513 Y-272.2342
G1 X165.8176 Y-272.0171
G1 X166.2943 Y-271.9488
G1 X166.6363 Y-272.0141
G1 X167.1702 Y-272.2247
G1 X167.0378 Y-272.1545
G1 X167.2060 Y-272.1530
G1 X167.2460 Y-272.2192
G1 X167.2686 Y-273.1114
G1 Z0.0000 F2500.0
G4 P0.02
G0 X167.0786 Y-272.2086 F15000.0
G1 Z11.9000 F2500.0
G4 P0.02
G1 X167.0476 Y-272.3726 F12000.0
G1 X166.7188 Y-272.8881
G1 X166.5574 Y-273.2790
G1 X166.2053 Y-273.9270
G1 X166.1758 Y-274.1092
G1 Z0.0000 F2500.0
G4 P0.02
G0 X168.3140 Y-274.0142 F15000.0
G1 Z11.9000 F2500.0
G4 P0.02
G1 X168.3453 Y-273.0760 F12000.0
G1 X169.6431 Y-273.0623
G1 X169.8415 Y-272.9966
G1 X169.8817 Y-272.7800
G1 X169.8820 Y-272.0660
G1 Z0.0000 F2500.0
G4 P0.02
G0 X168.3140 Y-272.0660 F15000.0
G1 Z11.9000 F2500.0
G4 P0.02
G1 X168.3140 Y-273.0639 F12000.0
G1 Z0.0000 F2500.0
G4 P0.02
G0 X169.8820 Y-273.1114 F15000.0
G1 Z11.9000 F2500.0
G4 P0.02
G1 X169.8820 Y-274.0142 F12000.0
G1 Z0.0000 F2500.0
G4 P0.02
G0 X172.2102 Y-273.8716 F15000.0
G1 Z11.9000 F2500.0
G4 P0.02
G1 X172.2572 Y-273.8351 F12000.0
G1 X172.0882 Y-274.0076
G1 X171.9314 Y-274.0872
G1 X171.4915 Y-274.0946
G1 X171.1760 Y-273.9615
G1 X170.9359 Y-273.7194
G1 X170.8595 Y-273.5758
G1 X170.9792 Y-273.7863
G1 X171.0662 Y-273.8580
G1 X170.8184 Y-273.3626
G1 X170.7952 Y-272.7611
G1 X170.9283 Y-272.3432
G1 X171.1427 Y-272.1048
G1 X171.4627 Y-271.9917
G1 X171.8892 Y-272.0002
G1 X171.6645 Y-271.9451
G1 X171.4949 Y-271.9665
G1 X171.8559 Y-271.9851
G1 X172.0684 Y-272.0686
G1 X172.2463 Y-272.2142
G1 X172.4362 Y-272.4786
G1 X172.5307 Y-272.4958
G1 X173.5716 Y-272.1410
G1 X173.7486 Y-272.1369
G1 X173.7782 Y-272.3420
G1 X173.7726 Y-274.0219
G1 X173.7008 Y-274.0555
G1 X173.0496 Y-274.0617
G1 X174.3839 Y-274.0587
G1 X174.5908 Y-273.9769
G1 X175.3234 Y-273.0003
G1 X175.3503 Y-272.1463
G1 X175.3798 Y-272.0456
G1 X175.5732 Y-271.9730
G1 X176.4244 Y-272.0025
G1 X176.6727 Y-272.0897
G1 X176.8305 Y-272.2619
G1 X176.8804 Y-272.4748
G1 X176.8518 Y-272.6935
G1 X176.6099 Y-273.0631
G1 X176.6111 Y-273.1392
G1 X176.7553 Y-273.4303
G1 X176.7657 Y-273.6675
G1 X176.7171 Y-273.8477
G1 X176.5683 Y-273.9849
G1 X176.2603 Y-274.0478
G1 X175.3758 Y-274.0225
G1 X175.3500 Y-273.2451
G1 X175.3781 Y-273.1429
G1 X175.5673 Y-273.0660
G1 X176.3067 Y-273.0658
G1 X176.6050 Y-273.1019
G1 X176.6721 Y-272.9326
G1 X176.7850 Y-272.3284
G1 X176.7716 Y-272.1136
G1 Z0.0000 F2500.0
G4 P0.02
G0 X179.0999 Y-272.0660 F15000.0
G1 Z11.9000 F2500.0
G4 P0.02
G1 X179.3788 Y-272.3390 F12000.0
G1 X179.0944 Y-272.0639
G1 X178.8929 Y-271.9845
G1 X178.5525 Y-271.9393
G1 X178.3306 Y-271.9963
G1 X178.0248 Y-272.1501
G1 X177.8188 Y-272.4049
G1 X177.7280 Y-272.7377
G1 X177.7376 Y-273.3464
G1 X177.8641 Y-273.6646
G1 X178.2084 Y-274.0029
G1 X178.3140 Y-274.0462
G1 X178.8314 Y-274.0798
G1 X178.4805 Y-274.1062
G1 X178.8822 Y-274.0731
G1 X179.0632 Y-273.9873
G1 X179.3790 Y-273.6330
G1 X179.4420 Y-273.1875
G1 X179.3893 Y-273.1109
G1 X179.1701 Y-273.0648
G1 X177.8435 Y-273.0913
G1 X177.8025 Y-273.2682
G1 X177.8802 Y-273.7306
G1 X178.1496 Y-274.0142
G1 Z0.0000 F2500.0
G4 P0.02
G0 X70.9144 Y-266.7875 F15000.0
G1 Z11.9000 F2500.0
G4 P0.02
G1 X70.7266 Y-267.1034 F12000.0
G1 X70.3728 Y-267.3614
G1 X70.6518 Y-267.1587
G1 X70.8537 Y-266.8605
G1 X70.9211 Y-266.6355
G1 X70.9518 Y-266.1619
G1 X70.7176 Y-265.4710
G1 X70.8288 Y-265.6524
G1 X70.4300 Y-265.2762
G1 X70.0692 Y-265.1898
G1 X69.6324 Y-265.2931
G1 X69.3604 Y-265.4739
G1 X69.2283 Y-265.7210
G1 X69.1107 Y-266.1664
G1 X69.1240 Y-266.5300
G1 X69.2706 Y-266.9441
G1 X69.3846 Y-267.0942
G1 X69.6654 Y-267.3201
G1 X69.8843 Y-267.3912
G1 X70.2492 Y-267.4052
G1 Z0.0000 F2500.0
G4 P0.02
G0 X69.5840 Y-267.3102 F15000.0
G1 Z11.9000 F2500.0
G4 P0.02
G1 X69.3875 Y-267.1349 F12000.0
G1 X69.3939 Y-267.1676
G1 Z0.0000 F2500.0
G4 P0.02
G0 X71.6271 Y-267.3577 F15000.0
G1 Z11.9000 F2500.0
G4 P0.02
G1 X72.2441 Y-267.3574 F12000.0
G1 X72.4293 Y-267.3181
G1 X72.4349 Y-265.3145
G1 Z0.0000 F2500.0
G4 P0.02
G0 X72.4349 Y-267.3577 F15000.0
G1 Z11.9000 F2500.0
G4 P0.02
G1 X73.3558 Y-267.3501 F12000.0
G1 X73.9414 Y-267.2830
G1 X73.9894 Y-267.2046
G1 X74.0039 Y-266.4785
G1 X74.0581 Y-266.3187
G1 X75.4814 Y-266.2844
G1 X75.5465 Y-266.2137
G1 X75.5681 Y-266.1051
G1 X75.5708 Y-265.3145
G1 Z0.0000 F2500.0
G4 P0.02
G0 X74.0029 Y-265.2670 F15000.0
G1 Z11.9000 F2500.0
G4 P0.02
G1 X74.0029 Y-266.3124 F12000.0
G1 Z0.0000 F2500.0
G4 P0.02
G0 X75.5708 Y-266.3599 F15000.0
G1 Z11.9000 F2500.0
G4 P0.02
G1 X75.5708 Y-267.3102 F12000.0
G1 Z0.0000 F2500.0
G4 P0.02
G0 X77.6140 Y-267.4052 F15000.0
G1 Z11.9000 F2500.0
G4 P0.02
G1 X77.2491 Y-267.3913 F12000.0
G1 X77.0262 Y-267.3251
G1 X76.7362 Y-267.1189
G1 X76.6459 Y-266.9587
G1 X76.4904 Y-266.5478
G1 X76.4755 Y-266.1849
G1 X76.5841 Y-265.7357
G1 X76.7745 Y-265.4293
G1 X76.9868 Y-265.2974
G1 X77.4168 Y-265.1928
G1 X77.7856 Y-265.2742
G1 X78.1973 Y-265.6588
G1 X78.0829 Y-265.4704
G1 X78.3132 Y-266.1447
G1 X78.3110 Y-266.5037
G1 X78.2663 Y-266.7336
G1 X78.1651 Y-266.9486
G1 X77.9740 Y-267.2096
G1 X77.7312 Y-267.3646
G1 X78.0905 Y-267.1018
G1 X78.2792 Y-266.7875
G1 Z0.0000 F2500.0
G4 P0.02
G0 X76.9488 Y-267.3102 F15000.0
G1 Z11.9000 F2500.0
G4 P0.02
G1 X76.8259 Y-267.1727 F12000.0
G1 X76.9013 Y-267.2627
G1 Z0.0000 F2500.0
G4 P0.02
G0 X80.6549 Y-267.0726 F15000.0
G1 Z11.9000 F2500.0
G4 P0.02
G1 X80.7651 Y-266.9302 F12000.0
G1 X80.6044 Y-267.1451
G1 X80.3919 Y-267.3335
G1 X80.2770 Y-267.3758
G1 X79.9001 Y-267.4026
G1 X80.2485 Y-267.3710
G1 X79.7115 Y-267.3344
G1 X79.4503 Y-267.1749
G1 X79.5880 Y-267.2691
G1 X79.4652 Y-267.1981
G1 X79.3343 Y-267.0690
G1 X79.1706 Y-266.6582
G1 X79.1364 Y-266.4253
G1 X79.1498 Y-265.9382
G1 X79.3278 Y-265.5177
G1 X79.4959 Y-265.3504
G1 X79.9250 Y-265.1971
G1 X80.2569 Y-265.2303
G1 X80.6189 Y-265.4460
G1 X80.7423 Y-265.6606
G1 X80.5918 Y-265.4115
G1 X80.2748 Y-265.2195
G1 Z0.0000 F2500.0
G4 P0.02
G0 X81.9379 Y-265.6472 F15000.0
G1 Z11.9000 F2500.0
G4 P0.02
G1 X81.8360 Y-265.5963 F12000.0
G1 X82.0905 Y-265.7604
G1 X82.6413 Y-266.6220
G1 X82.6165 Y-266.6069
G1 X82.9905 Y-266.9351
G1 X82.7565 Y-266.7901
G1 X82.9600 Y-266.9339
G1 X82.6229 Y-266.6224
G1 X82.1386 Y-265.8238
G1 X81.8754 Y-265.6591
G1 X81.6838 Y-265.6203
G1 X81.6078 Y-265.8040
G1 X81.6052 Y-267.3102
G1 Z0.0000 F2500.0
G4 P0.02
G0 X81.7003 Y-265.5521 F15000.0
G1 Z11.9000 F2500.0
G4 P0.02
G1 X81.6528 Y-265.3145 F12000.0
G1 Z0.0000 F2500.0
G4 P0.02
G0 X83.2208 Y-265.3145 F15000.0
G1 Z11.9000 F2500.0
G4 P0.02
G1 X83.2175 Y-266.7957 F12000.0
G1 X83.1731 Y-267.1105
G1 X83.2209 Y-267.1912
G1 X83.3155 Y-267.2361
G1 X83.9203 Y-267.3431
G1 X84.7456 Y-267.3383
G1 X84.7825 Y-267.2812
G1 X84.7887 Y-265.3145
G1 Z0.0000 F2500.0
G4 P0.02
G0 X84.7887 Y-267.3577 F15000.0
G1 Z11.9000 F2500.0
G4 P0.02
G1 X85.5965 Y-267.3577 F12000.0
G1 Z0.0000 F2500.0
G4 P0.02
G0 X87.9723 Y-266.8350 F15000.0
G1 Z11.9000 F2500.0
G4 P0.02
G1 X87.8287 Y-267.0751 F12000.0
G1 X87.5328 Y-267.3115
G1 X87.5945 Y-267.3040
G1 X87.4417 Y-267.3597
G1 X87.0089 Y-267.4014
G1 X87.3632 Y-267.3838
G1 X86.8787 Y-267.3409
G1 X86.7010 Y-267.2725
G1 X86.4673 Y-267.0653
G1 X86.2784 Y-266.6430
G1 X86.2841 Y-265.9179
G1 X86.4041 Y-265.6051
G1 X86.5639 Y-265.4073
G1 X86.9267 Y-265.2301
G1 X87.2604 Y-265.1875
G1 X87.6558 Y-265.3003
G1 X87.8812 Y-265.5312
G1 X87.8101 Y-265.4078
G1 X87.6102 Y-265.2921
G1 X87.6396 Y-265.3145
G1 X87.7822 Y-265.4096
G1 X87.8909 Y-265.3419
G1 X88.6177 Y-265.2401
G1 X88.8493 Y-265.2580
G1 X89.0616 Y-265.3344
G1 X89.1560 Y-265.5315
G1 X89.1616 Y-267.1344
G1 X89.1937 Y-267.3159
G1 X89.4287 Y-267.3566
G1 X90.5352 Y-267.3534
G1 X90.6284 Y-267.3231
G1 X90.6799 Y-267.1275
G1 X90.6806 Y-265.2670
G1 Z0.0000 F2500.0
G4 P0.02
G0 X88.0198 Y-266.7400 F15000.0
G1 Z11.9000 F2500.0
G4 P0.02
G1 X88.0077 Y-266.5001 F12000.0
G1 X87.9633 Y-266.4111
G1 X87.8717 Y-266.3701
G1 X86.4140 Y-266.3749
G1 X86.3523 Y-266.4248
G1 X86.3471 Y-266.5205
G1 X86.4578 Y-267.0411
G1 X86.6418 Y-267.2627
G1 Z0.0000 F2500.0
G4 P0.02
G0 X91.7259 Y-266.3599 F15000.0
G1 Z11.9000 F2500.0
G4 P0.02
G1 X91.7265 Y-265.4953 F12000.0
G1 X91.7713 Y-265.2820
G1 X91.9729 Y-265.2208
G1 X92.5866 Y-265.2277
G1 X93.0323 Y-265.3451
G1 X93.1508 Y-265.4319
G1 X93.2526 Y-265.6548
G1 X93.2777 Y-265.8795
G1 X93.1800 Y-266.1486
G1 X93.0395 Y-266.2985
G1 X92.7332 Y-266.3939
G1 X91.7861 Y-266.4140
G1 X91.7393 Y-266.4659
G1 X91.7259 Y-267.3102
G1 Z0.0000 F2500.0
G4 P0.02
G0 X94.1967 Y-267.3102 F15000.0
G1 Z11.9000 F2500.0
G4 P0.02
G1 X94.2149 Y-266.3585 F12000.0
G1 X94.3702 Y-266.3126
G1 X95.4789 Y-266.3121
G1 X95.6962 Y-266.2731
G1 X95.7631 Y-266.0755
G1 X95.7647 Y-265.3145
G1 Z0.0000 F2500.0
G4 P0.02
G0 X94.1967 Y-265.2670 F15000.0
G1 Z11.9000 F2500.0
G4 P0.02
G1 X94.1967 Y-266.3124 F12000.0
G1 Z0.0000 F2500.0
G4 P0.02
G0 X95.7647 Y-266.3599 F15000.0
G1 Z11.9000 F2500.0
G4 P0.02
G1 X95.7647 Y-267.3102 F12000.0
G1 Z0.0000 F2500.0
G4 P0.02
G0 X98.4255 Y-266.8825 F15000.0
G1 Z11.9000 F2500.0
G4 P0.02
G1 X98.4365 Y-266.8545 F12000.0
G1 X98.2647 Y-267.1181
G1 X98.0534 Y-267.3119
G1 X97.7684 Y-267.3967
G1 X97.4159 Y-267.3903
G1 X97.0989 Y-267.2565
G1 X96.9187 Y-267.1080
G1 X96.7160 Y-266.6414
G1 X96.6694 Y-266.4136
G1 X96.6827 Y-266.0501
G1 X96.8758 Y-265.5310
G1 X97.1041 Y-265.3416
G1 X97.5138 Y-265.1939
G1 X97.8419 Y-265.2279
G1 X98.2375 Y-265.4422
G1 X98.3830 Y-265.6522
G1 X98.1885 Y-265.3856
G1 X97.9029 Y-265.2195
G1 Z0.0000 F2500.0
G4 P0.02
G0 X96.9526 Y-267.1201 F15000.0
G1 Z11.9000 F2500.0
G4 P0.02
G1 X96.9526 Y-267.1676 F12000.0
G1 Z0.0000 F2500.0
G4 P0.02
G0 X98.4731 Y-266.7875 F15000.0
G1 Z11.9000 F2500.0
G4 P0.02
G1 X98.5188 Y-266.3125 F12000.0
G1 X98.4731 Y-265.7897
G1 Z0.0000 F2500.0
G4 P0.02
G0 X100.3203 Y-265.2670 F15000.0
G1 Z11.9000 F2500.0
G4 P0.02
G1 X100.3363 Y-267.2343 F12000.0
G1 X100.3879 Y-267.3176
G1 X100.4853 Y-267.3514
G1 X101.5924 Y-267.3564
G1 X101.7946 Y-267.2959
G1 X101.8402 Y-267.0832
G1 X101.8690 Y-265.3791
G1 X102.0486 Y-265.2916
G1 X102.5362 Y-265.2375
G1 X102.8807 Y-265.2843
G1 X103.0475 Y-265.4223
G1 X103.0775 Y-267.1373
G1 X103.1309 Y-267.3388
G1 X104.3351 Y-267.3577
G1 X104.5467 Y-267.3222
G1 X104.5960 Y-267.1244
G1 X104.5966 Y-265.2670
G1 Z0.0000 F2500.0
G4 P0.02
G0 X106.9723 Y-265.3621 F15000.0
G1 Z11.9000 F2500.0
G4 P0.02
G1 X107.1128 Y-265.4701 F12000.0
G1 X107.2170 Y-265.6660
G1 X107.0804 Y-265.4520
G1 X106.7799 Y-265.2530
G1 X106.8439 Y-265.2781
G1 X106.5467 Y-265.2078
G1 X106.2127 Y-265.2277
G1 X106.0075 Y-265.2982
G1 X105.8006 Y-265.4270
G1 X105.6491 Y-265.6373
G1 X105.5139 Y-266.0748
G1 X105.5186 Y-266.5550
G1 X105.7682 Y-267.1239
G1 X106.0584 Y-267.3298
G1 X106.2823 Y-267.3929
G1 X106.6258 Y-267.3934
G1 X106.8982 Y-267.3024
G1 X107.1519 Y-267.0538
G1 X107.2745 Y-266.8543
G1 X107.2574 Y-266.8825
G1 X107.3050 Y-266.7875
G1 X107.3506 Y-266.3125
G1 X107.3050 Y-265.7897
G1 Z0.0000 F2500.0
G4 P0.02
G0 X105.9745 Y-267.3102 F15000.0
G1 Z11.9000 F2500.0
G4 P0.02
G1 X105.8517 Y-267.1727 F12000.0
G1 X105.9270 Y-267.2627
G1 Z0.0000 F2500.0
G4 P0.02
G0 X109.3006 Y-265.2195 F15000.0
G1 Z11.9000 F2500.0
G4 P0.02
G1 X109.5980 Y-265.3921 F12000.0
G1 X109.7734 Y-265.6601
G1 X109.6458 Y-265.4491
G1 X109.2962 Y-265.2325
G1 X108.9751 Y-265.1882
G1 X108.5418 Y-265.3310
G1 X108.3075 Y-265.5941
G1 X108.1843 Y-265.9137
G1 X108.1602 Y-266.2744
G1 X108.1902 Y-266.6325
G1 X108.3504 Y-267.0565
G1 X108.5130 Y-267.2195
G1 X108.4647 Y-267.1725
G1 X108.7938 Y-267.3427
G1 X109.2567 Y-267.3888
G1 X108.9082 Y-267.4006
G1 X109.3257 Y-267.3697
G1 X109.4484 Y-267.3159
G1 X109.8073 Y-266.9346
G1 X109.6807 Y-267.0726
G1 Z0.0000 F2500.0
G4 P0.02
G0 X110.6310 Y-265.3145 F15000.0
G1 Z11.9000 F2500.0
G4 P0.02
G1 X110.6355 Y-266.1755 F12000.0
G1 X110.6674 Y-266.2720
G1 X111.1942 Y-266.4537
G1 X111.4112 Y-266.7211
G1 X111.6866 Y-267.2162
G1 X111.9139 Y-267.3577
G1 Z0.0000 F2500.0
G4 P0.02
G0 X110.6310 Y-267.3102 F15000.0
G1 Z11.9000 F2500.0
G4 P0.02
G1 X110.6544 Y-266.4610 F12000.0
G1 X110.7180 Y-266.3888
G1 X111.1495 Y-266.3317
G1 X111.2123 Y-266.3925
G1 X111.1704 Y-266.3046
G1 X111.6292 Y-265.7194
G1 X111.8637 Y-265.2845
G1 X112.1515 Y-265.0770
G1 Z0.0000 F2500.0
G4 P0.02
G0 X114.3372 Y-266.7875 F15000.0
G1 Z11.9000 F2500.0
G4 P0.02
G1 X114.1655 Y-267.0772 F12000.0
G1 X113.7904 Y-267.3579
G1 X114.1040 Y-267.1182
G1 X114.2431 Y-266.9184
G1 X114.3302 Y-266.6990
G1 X114.3828 Y-266.3492
G1 X114.3667 Y-266.1094
G1 X114.1417 Y-265.4694
G1 X114.2500 Y-265.6766
G1 X113.8902 Y-265.3009
G1 X113.7514 Y-265.2389
G1 X113.4428 Y-265.1931
G1 X113.1121 Y-265.2675
G1 X112.8242 Y-265.4286
G1 X112.6305 Y-265.7676
G1 X112.5430 Y-266.1019
G1 X112.5406 Y-266.4640
G1 X112.6329 Y-266.7970
G1 X112.7696 Y-266.9909
G1 X113.1112 Y-267.3344
G1 X113.3317 Y-267.3965
G1 X113.6720 Y-267.4052
G1 Z0.0000 F2500.0
G4 P0.02
G0 X113.0067 Y-267.3102 F15000.0
G1 Z11.9000 F2500.0
G4 P0.02
G1 X112.7205 Y-266.9991 F12000.0
G1 X112.8167 Y-267.1676
G1 Z0.0000 F2500.0
G4 P0.02
G0 X116.7129 Y-267.0726 F15000.0
G1 Z11.9000 F2500.0
G4 P0.02
G1 X116.8230 Y-266.9302 F12000.0
G1 X116.6623 Y-267.1451
G1 X116.4499 Y-267.3335
G1 X116.3350 Y-267.3758
G1 X115.9581 Y-267.4026
G1 X116.3065 Y-267.3710
G1 X115.7704 Y-267.3331
G1 X115.4140 Y-267.0859
G1 X115.6396 Y-267.2629
G1 X115.4492 Y-267.1188
G1 X115.3149 Y-266.9298
G1 X115.2110 Y-266.6022
G1 X115.2058 Y-265.9977
G1 X115.2949 Y-265.6641
G1 X115.4217 Y-265.4702
G1 X115.6051 Y-265.3214
G1 X116.0408 Y-265.1902
G1 X116.4068 Y-265.2513
G1 X116.5935 Y-265.3608
G1 X116.4055 Y-265.2561
G1 X116.6764 Y-265.4486
G1 X116.7968 Y-265.6568
G1 X116.7129 Y-265.4571
G1 Z0.0000 F2500.0
G4 P0.02
G0 X115.5726 Y-267.2627 F15000.0
G1 Z11.9000 F2500.0
G4 P0.02
G1 X115.6201 Y-267.3102 F12000.0
G1 Z0.0000 F2500.0
G4 P0.02
G0 X117.4256 Y-267.3577 F15000.0
G1 Z11.9000 F2500.0
G4 P0.02
G1 X118.0427 Y-267.3574 F12000.0
G1 X118.2278 Y-267.3181
G1 X118.2334 Y-265.3145
G1 Z0.0000 F2500.0
G4 P0.02
G0 X118.2334 Y-267.3577 F15000.0
G1 Z11.9000 F2500.0
G4 P0.02
G1 X119.0411 Y-267.3577 F12000.0
G1 Z0.0000 F2500.0
G4 P0.02
G0 X121.4169 Y-266.8350 F15000.0
G1 Z11.9000 F2500.0
G4 P0.02
G1 X121.2733 Y-267.0751 F12000.0
G1 X120.9774 Y-267.3115
G1 X121.0392 Y-267.3040
G1 X120.8863 Y-267.3597
G1 X120.4535 Y-267.4014
G1 X120.8078 Y-267.3838
G1 X120.3233 Y-267.3409
G1 X120.0872 Y-267.2326
G1 X119.9210 Y-267.0866
G1 X119.8171 Y-266.9122
G1 X119.7205 Y-266.5842
G1 X119.7083 Y-266.0966
G1 X119.7686 Y-265.7511
G1 X119.8614 Y-265.5677
G1 X120.0339 Y-265.3915
G1 X120.3222 Y-265.2476
G1 X120.6451 Y-265.1788
G1 X121.0703 Y-265.2885
G1 X121.3142 Y-265.5237
G1 X121.1733 Y-265.3468
G1 X120.9749 Y-265.2468
G1 X121.2724 Y-265.4501
G1 X121.2268 Y-265.3621
G1 Z0.0000 F2500.0
G4 P0.02
G0 X121.4644 Y-266.7400 F15000.0
G1 Z11.9000 F2500.0
G4 P0.02
G1 X121.4522 Y-266.5001 F12000.0
G1 X121.4079 Y-266.4111
G1 X121.3163 Y-266.3701
G1 X119.7539 Y-266.3599
G1 Z0.0000 F2500.0
G4 P0.02
G0 X122.4147 Y-267.3102 F15000.0
G1 Z11.9000 F2500.0
G4 P0.02
G1 X122.4166 Y-265.8285 F12000.0
G1 X122.4796 Y-265.6313
G1 X122.5627 Y-265.6107
G1 X122.9437 Y-265.8194
G1 X123.6075 Y-266.8567
G1 X123.9505 Y-267.0388
G1 X124.0285 Y-266.7410
G1 X124.0302 Y-265.3145
G1 Z0.0000 F2500.0
G4 P0.02
G0 X122.4622 Y-265.3145 F15000.0
G1 Z11.9000 F2500.0
G4 P0.02
G1 X122.5839 Y-265.5031 F12000.0
G1 X122.9975 Y-265.9069
G1 X123.0785 Y-266.0206
G1 X122.7622 Y-265.6524
G1 X122.6310 Y-265.5846
G1 X122.9121 Y-265.8189
G1 X123.5415 Y-266.7899
G1 X123.7926 Y-266.9776
G1 Z0.0000 F2500.0
G4 P0.02
G0 X122.5097 Y-265.5521 F15000.0
G1 Z11.9000 F2500.0
G4 P0.02
G1 X122.5097 Y-265.5046 F12000.0
G1 Z0.0000 F2500.0
G4 P0.02
G0 X123.0799 Y-267.9754 F15000.0
G1 Z11.9000 F2500.0
G4 P0.02
G1 X122.7859 Y-268.2220 F12000.0
G1 X122.9010 Y-268.0841
G1 X123.0037 Y-268.0279
G1 X123.3553 Y-267.9818
G1 X123.5711 Y-268.0567
G1 X123.7322 Y-268.2231
G1 X123.7926 Y-268.3555
G1 Z0.0000 F2500.0
G4 P0.02
G0 X126.0748 Y-265.2670 F15000.0
G1 Z11.9000 F2500.0
G4 P0.02
G1 X126.0909 Y-267.2343 F12000.0
G1 X126.1425 Y-267.3176
G1 X126.3594 Y-267.3574
G1 X127.3470 Y-267.3564
G1 X127.5493 Y-267.2959
G1 X127.5947 Y-267.0832
G1 X127.6159 Y-265.3627
G1 X127.7467 Y-265.1716
G1 X128.5463 Y-264.4116
G1 X128.6110 Y-264.3840
G1 X128.6367 Y-264.4475
G1 X128.6425 Y-265.1788
G1 X128.6935 Y-265.3730
G1 X128.8573 Y-265.3830
G1 X129.2984 Y-265.2305
G1 X129.5206 Y-265.1961
G1 X129.7398 Y-265.2428
G1 X129.9475 Y-265.3437
G1 X130.0950 Y-265.4599
G1 X130.2523 Y-265.7443
G1 X130.3377 Y-266.3198
G1 X130.2414 Y-266.8932
G1 X130.0419 Y-267.1801
G1 X129.8597 Y-267.3230
G1 X129.6428 Y-267.3957
G1 X129.4034 Y-267.3915
G1 X128.9534 Y-267.2093
G1 X128.7348 Y-267.1649
G1 X128.6697 Y-267.2097
G1 X128.6632 Y-267.2703
G1 X128.8242 Y-267.1926
G1 X128.9104 Y-267.1988
G1 X129.1501 Y-267.3135
G1 X128.7471 Y-267.1158
G1 X128.6538 Y-266.8136
G1 X128.6425 Y-265.8311
G1 X128.7172 Y-265.4996
G1 X128.8977 Y-265.3741
G1 X129.2475 Y-265.2840
G1 X129.9670 Y-265.3750
G1 X130.0660 Y-265.4571
G1 Z0.0000 F2500.0
G4 P0.02
G0 X132.7269 Y-265.4571 F15000.0
G1 Z11.9000 F2500.0
G4 P0.02
G1 X132.3879 Y-265.2513 F12000.0
G1 X132.6677 Y-265.4484
G1 X132.8311 Y-265.6738
G1 X132.5982 Y-265.3780
G1 X132.3736 Y-265.2438
G1 X131.9876 Y-265.1878
G1 X131.5707 Y-265.3250
G1 X131.3775 Y-265.4553
G1 X131.2878 Y-265.5929
G1 X131.1316 Y-266.0197
G1 X131.1133 Y-266.3812
G1 X131.2893 Y-267.0009
G1 X131.5199 Y-267.2393
G1 X131.8380 Y-267.3901
G1 X132.1936 Y-267.3998
G1 X132.4788 Y-267.3229
G1 X132.6749 Y-267.1563
G1 X132.8694 Y-266.8825
G1 Z0.0000 F2500.0
G4 P0.02
G0 X131.5865 Y-267.3102 F15000.0
G1 Z11.9000 F2500.0
G4 P0.02
G1 X131.4637 Y-267.1727 F12000.0
G1 X131.5390 Y-267.2627
G1 Z0.0000 F2500.0
G4 P0.02
G0 X132.9169 Y-266.7875 F15000.0
G1 Z11.9000 F2500.0
G4 P0.02
G1 X132.9627 Y-266.3125 F12000.0
G1 X132.9405 Y-265.8775
G1 X132.9959 Y-265.8581
G1 X133.8216 Y-266.3369
G1 X135.4111 Y-266.3770
G1 X135.4930 Y-266.4304
G1 X135.5245 Y-266.5289
G1 X135.5088 Y-266.7409
G1 X135.4402 Y-266.9335
G1 X135.3208 Y-267.0886
G1 X135.0298 Y-267.3253
G1 X135.1190 Y-267.2964
G1 X134.9092 Y-267.3734
G1 X134.5414 Y-267.4028
G1 X134.8827 Y-267.3710
G1 X134.3426 Y-267.3356
G1 X134.1429 Y-267.2250
G1 X133.9647 Y-267.0558
G1 X133.8229 Y-266.7567
G1 X133.7757 Y-266.5292
G1 X133.7931 Y-265.9216
G1 X133.9123 Y-265.6078
G1 X134.0387 Y-265.4427
G1 X134.1673 Y-265.3523
G1 X134.4332 Y-265.2308
G1 X134.6521 Y-265.1852
G1 X135.1652 Y-265.3024
G1 X135.3918 Y-265.5304
G1 X135.3199 Y-265.4070
G1 X135.0337 Y-265.2483
G1 X135.2831 Y-265.3120
G1 X136.2680 Y-265.3160
G1 X136.4511 Y-265.3799
G1 X136.4771 Y-265.4775
G1 X136.4813 Y-266.0914
G1 X136.5303 Y-266.3017
G1 X136.6185 Y-266.3471
G1 X136.8653 Y-266.3599
G1 X136.5076 Y-266.3833
G1 X136.4812 Y-267.0780
G1 X136.5313 Y-267.2768
G1 X136.7430 Y-267.3199
G1 X137.6715 Y-267.3520
G1 X137.5218 Y-267.1956
G1 X137.0177 Y-266.3385
G1 X137.4757 Y-265.7166
G1 X137.7193 Y-265.2792
G1 X138.0010 Y-265.0770
G1 Z0.0000 F2500.0
G4 P0.02
G0 X137.1933 Y-266.5975 F15000.0
G1 Z11.9000 F2500.0
G4 P0.02
G1 X137.3623 Y-266.7481 F12000.0
G1 X138.4518 Y-267.2516
G1 X138.5052 Y-267.2132
G1 X138.5238 Y-265.5133
G1 X138.5584 Y-265.2930
G1 X138.7528 Y-265.2214
G1 X140.0913 Y-265.2404
G1 X140.3095 Y-265.2114
G1 X140.3898 Y-265.1671
G1 X140.4201 Y-265.0738
G1 X140.4119 Y-264.6437
G1 X140.1417 Y-265.2068
G1 X140.0936 Y-265.4438
G1 X140.0917 Y-267.0494
G1 X140.1274 Y-267.2608
G1 X140.3257 Y-267.3096
G1 X141.0631 Y-267.3069
G1 X141.1622 Y-267.2824
G1 X141.2153 Y-267.2120
G1 X141.2405 Y-265.7505
G1 X141.2738 Y-265.6501
G1 X141.3469 Y-265.6039
G1 X141.4453 Y-265.6280
G1 X141.7735 Y-265.8354
G1 X142.4236 Y-266.8472
G1 X142.7656 Y-267.0524
G1 X142.8447 Y-266.7828
G1 X142.8476 Y-265.3145
G1 Z0.0000 F2500.0
G4 P0.02
G0 X141.2796 Y-265.3145 F15000.0
G1 Z11.9000 F2500.0
G4 P0.02
G1 X141.4013 Y-265.5031 F12000.0
G1 X141.8149 Y-265.9069
G1 X141.8958 Y-266.0206
G1 X141.5797 Y-265.6524
G1 X141.4484 Y-265.5846
G1 X141.7295 Y-265.8189
G1 X142.3588 Y-266.7899
G1 X142.6100 Y-266.9776
G1 Z0.0000 F2500.0
G4 P0.02
G0 X141.3271 Y-265.5521 F15000.0
G1 Z11.9000 F2500.0
G4 P0.02
G1 X141.3271 Y-265.5046 F12000.0
G1 Z0.0000 F2500.0
G4 P0.02
G0 X143.8454 Y-267.3102 F15000.0
G1 Z11.9000 F2500.0
G4 P0.02
G1 X143.8473 Y-265.8285 F12000.0
G1 X143.9103 Y-265.6313
G1 X143.9934 Y-265.6107
G1 X144.3761 Y-265.8185
G1 X145.0508 Y-266.8611
G1 X144.9995 Y-266.8137
G1 X145.1830 Y-266.8936
G1 X145.3547 Y-267.0508
G1 X145.3868 Y-267.0318
G1 X145.4598 Y-266.7258
G1 X145.4609 Y-265.3145
G1 Z0.0000 F2500.0
G4 P0.02
G0 X143.9404 Y-265.5521 F15000.0
G1 Z11.9000 F2500.0
G4 P0.02
G1 X143.9422 Y-265.3956 F12000.0
G1 X144.1368 Y-265.5979
G1 X144.0691 Y-265.6013
G1 X144.3140 Y-265.7492
G1 X144.9239 Y-266.7032
G1 X145.2233 Y-266.9776
G1 Z0.0000 F2500.0
G4 P0.02
G0 X144.5106 Y-267.9754 F15000.0
G1 Z11.9000 F2500.0
G4 P0.02
G1 X144.2167 Y-268.2220 F12000.0
G1 X144.3317 Y-268.0841
G1 X144.4344 Y-268.0279
G1 X144.7861 Y-267.9818
G1 X145.0019 Y-268.0567
G1 X145.1629 Y-268.2231
G1 X145.2233 Y-268.3555
G1 Z0.0000 F2500.0
G4 P0.02
G0 X148.8820 Y-265.3145 F15000.0
G1 Z11.9000 F2500.0
G4 P0.02
G1 X148.8839 Y-268.0315 F12000.0
G1 X148.9553 Y-268.2260
G1 X149.2994 Y-268.2605
G1 X150.9015 Y-268.2544
G1 X150.9991 Y-268.2212
G1 X151.0513 Y-268.1383
G1 X151.0677 Y-265.3145
G1 Z0.0000 F2500.0
G4 P0.02
G0 X153.2533 Y-265.2195 F15000.0
G1 Z11.9000 F2500.0
G4 P0.02
G1 X153.5346 Y-265.3848 F12000.0
G1 X153.7417 Y-265.6730
G1 X153.6091 Y-265.4643
G1 X153.2580 Y-265.2481
G1 X152.8381 Y-265.2034
G1 X152.4431 Y-265.3377
G1 X152.2232 Y-265.5475
G1 X152.0906 Y-265.8572
G1 X152.0199 Y-266.1985
G1 X152.0705 Y-266.6702
G1 X152.2902 Y-267.1273
G1 X152.5771 Y-267.3237
G1 X152.7962 Y-267.3918
G1 X153.1417 Y-267.3934
G1 X153.4167 Y-267.3029
G1 X153.6695 Y-267.0556
G1 X153.7931 Y-266.8537
G1 X153.7760 Y-266.8825
G1 X153.8235 Y-266.7875
G1 X153.8692 Y-266.3125
G1 X153.8430 Y-265.8824
G1 X153.9614 Y-265.9367
G1 X154.6922 Y-266.6743
G1 X154.7054 Y-265.9066
G1 X154.7756 Y-265.6886
G1 X154.8941 Y-265.4906
G1 X155.1689 Y-265.2750
G1 X155.6153 Y-265.1880
G1 X155.8650 Y-265.2440
G1 X156.1298 Y-265.4305
G1 X156.3040 Y-265.6740
G1 X156.1685 Y-265.4428
G1 X155.9142 Y-265.2670
G1 Z0.0000 F2500.0
G4 P0.02
G0 X152.3031 Y-267.1201 F15000.0
G1 Z11.9000 F2500.0
G4 P0.02
G1 X152.3031 Y-267.1676 F12000.0
G1 Z0.0000 F2500.0
G4 P0.02
G0 X156.1993 Y-267.0726 F15000.0
G1 Z11.9000 F2500.0
G4 P0.02
G1 X156.3094 Y-266.9302 F12000.0
G1 X156.1487 Y-267.1451
G1 X155.9362 Y-267.3335
G1 X155.8214 Y-267.3758
G1 X155.4445 Y-267.4026
G1 X155.7928 Y-267.3710
G1 X155.3728 Y-267.3548
G1 X155.1520 Y-267.2801
G1 X154.7660 Y-266.8253
G1 X154.8704 Y-267.0148
G1 X155.1327 Y-267.2679
G1 X154.9046 Y-267.0898
G1 X154.7644 Y-266.8258
G1 X154.8504 Y-267.0272
G1 X155.1064 Y-267.3102
G1 Z0.0000 F2500.0
G4 P0.02
G0 X156.9120 Y-267.3577 F15000.0
G1 Z11.9000 F2500.0
G4 P0.02
G1 X157.5291 Y-267.3574 F12000.0
G1 X157.7141 Y-267.3181
G1 X157.7198 Y-265.3145
G1 Z0.0000 F2500.0
G4 P0.02
G0 X157.7198 Y-267.3577 F15000.0
G1 Z11.9000 F2500.0
G4 P0.02
G1 X159.7937 Y-267.3328 F12000.0
G1 X159.5629 Y-267.2055
G1 X159.4610 Y-267.2051
G1 X159.3184 Y-267.2841
G1 X159.3424 Y-267.1743
G1 X159.4048 Y-267.1459
G1 X159.9940 Y-267.3763
G1 X160.3485 Y-267.3900
G1 X160.6495 Y-267.2248
G1 X160.8514 Y-266.9405
G1 X160.9356 Y-266.7283
G1 X160.9831 Y-266.2648
G1 X160.9074 Y-265.8036
G1 X160.7573 Y-265.4809
G1 X160.4390 Y-265.2686
G1 X160.1104 Y-265.1949
G1 X159.3632 Y-265.4072
G1 X159.3090 Y-265.3472
G1 X159.2890 Y-264.5057
G1 X159.3286 Y-264.4129
G1 X159.7518 Y-265.2226
G1 X159.7065 Y-265.2933
G1 X159.4059 Y-265.4540
G1 X159.3502 Y-265.5405
G1 X159.2896 Y-265.8813
G1 X159.3011 Y-266.8633
G1 X159.3646 Y-267.0746
G1 X159.7629 Y-267.3102
G1 Z0.0000 F2500.0
G4 P0.02
G0 X160.7132 Y-265.4571 F15000.0
G1 Z11.9000 F2500.0
G4 P0.02
G1 X160.6657 Y-265.3621 F12000.0
G1 Z0.0000 F2500.0
G4 P0.02
G0 X162.9939 Y-265.2195 F15000.0
G1 Z11.9000 F2500.0
G4 P0.02
G1 X163.2752 Y-265.3848 F12000.0
G1 X163.4823 Y-265.6730
G1 X163.3497 Y-265.4643
G1 X162.9986 Y-265.2481
G1 X162.5786 Y-265.2034
G1 X162.1837 Y-265.3377
G1 X161.9638 Y-265.5475
G1 X161.8311 Y-265.8572
G1 X161.7604 Y-266.1985
G1 X161.8111 Y-266.6702
G1 X162.0308 Y-267.1273
G1 X162.3177 Y-267.3237
G1 X162.5367 Y-267.3918
G1 X162.8823 Y-267.3934
G1 X163.1573 Y-267.3029
G1 X163.4101 Y-267.0556
G1 X163.5337 Y-266.8537
G1 X163.5166 Y-266.8825
G1 X163.5641 Y-266.7875
G1 X163.6098 Y-266.3125
G1 X163.5641 Y-265.7897
G1 Z0.0000 F2500.0
G4 P0.02
G0 X162.0436 Y-267.1201 F15000.0
G1 Z11.9000 F2500.0
G4 P0.02
G1 X162.0436 Y-267.1676 F12000.0
G1 Z0.0000 F2500.0
G4 P0.02
G0 X164.5144 Y-267.3102 F15000.0
G1 Z11.9000 F2500.0
G4 P0.02
G1 X164.5163 Y-265.8285 F12000.0
G1 X164.5793 Y-265.6313
G1 X164.6625 Y-265.6107
G1 X165.0435 Y-265.8194
G1 X165.5958 Y-266.7300
G1 X166.0230 Y-267.0505
G1 X166.0551 Y-267.0326
G1 X166.1287 Y-266.7275
G1 X166.1299 Y-265.3145
G1 Z0.0000 F2500.0
G4 P0.02
G0 X164.6094 Y-265.5521 F15000.0
G1 Z11.9000 F2500.0
G4 P0.02
G1 X164.6115 Y-265.3953 F12000.0
G1 X165.1775 Y-266.0221
G1 X164.8620 Y-265.6538
G1 X164.7321 Y-265.5858
G1 X165.0244 Y-265.7896
G1 X165.7201 Y-266.8637
G1 X165.9972 Y-267.0137
G1 X166.8040 Y-267.3197
G1 X167.5356 Y-267.3566
G1 X167.6913 Y-267.3000
G1 X167.6979 Y-265.3145
G1 Z0.0000 F2500.0
G4 P0.02
G0 X169.2659 Y-266.3599 F15000.0
G1 Z11.9000 F2500.0
G4 P0.02
G1 X169.2665 Y-265.4953 F12000.0
G1 X169.3112 Y-265.2820
G1 X169.5129 Y-265.2208
G1 X170.1266 Y-265.2277
G1 X170.5723 Y-265.3451
G1 X170.6909 Y-265.4319
G1 X170.8182 Y-265.7661
G1 X170.7896 Y-265.9888
G1 X170.6981 Y-266.1849
G1 X170.4956 Y-266.3415
G1 X170.2731 Y-266.3939
G1 X169.3260 Y-266.4140
G1 X169.2672 Y-266.5658
G1 X169.2612 Y-267.1761
G1 X169.2282 Y-267.2686
G1 X169.1421 Y-267.3112
G1 X168.6555 Y-267.3481
G1 X167.6979 Y-267.3577
G1 Z0.0000 F2500.0
G4 P0.02
G0 X70.4678 Y-260.4513 F15000.0
G1 Z11.9000 F2500.0
G4 P0.02
G1 X70.5952 Y-260.1730 F12000.0
G1 X70.6074 Y-259.8512
G1 X70.4244 Y-259.7878
G1 X69.9329 Y-259.7887
G1 X69.7447 Y-259.8717
G1 X69.4337 Y-260.7275
G1 X69.3021 Y-260.6527
G1 X69.3509 Y-260.7121
G1 X69.1258 Y-260.4679
G1 X69.2856 Y-260.6561
G1 X69.4969 Y-260.7653
G1 X70.0075 Y-260.8038
G1 X69.6558 Y-260.8282
G1 X70.1256 Y-260.7730
G1 X70.4160 Y-260.5064
G1 X70.6447 Y-259.8344
G1 X70.6445 Y-259.5949
G1 X70.5553 Y-259.1378
G1 X70.3719 Y-258.8518
G1 X70.2293 Y-258.7484
G1 X69.8886 Y-258.6607
G1 X69.6618 Y-258.6845
G1 X69.4460 Y-258.7792
G1 X69.0919 Y-259.0546
G1 X69.3619 Y-258.7967
G1 X69.5650 Y-258.6932
G1 Z0.0000 F2500.0
G4 P0.02
G0 X70.3253 Y-258.8358 F15000.0
G1 Z11.9000 F2500.0
G4 P0.02
G1 X70.2728 Y-258.7511 F12000.0
G1 X71.3312 Y-258.7415
G1 X71.5263 Y-258.7935
G1 X71.5564 Y-258.8868
G1 X71.5607 Y-260.4886
G1 X71.5945 Y-260.7097
G1 X71.7882 Y-260.7820
G1 X72.7756 Y-260.7839
G1 X72.9995 Y-260.7529
G1 X73.0599 Y-260.6774
G1 X73.0812 Y-258.7883
G1 Z0.0000 F2500.0
G4 P0.02
G0 X74.0790 Y-258.7408 F15000.0
G1 Z11.9000 F2500.0
G4 P0.02
G1 X74.0790 Y-260.6487 F12000.0
G1 X74.0793 Y-259.9761
G1 X74.1190 Y-259.7917
G1 X74.9342 Y-259.7861
G1 Z0.0000 F2500.0
G4 P0.02
G0 X75.5994 Y-258.6932 F15000.0
G1 Z11.9000 F2500.0
G4 P0.02
G1 X75.8283 Y-258.6592 F12000.0
G1 X76.0931 Y-258.7195
G1 X75.5761 Y-258.7217
G1 X75.3656 Y-258.8046
G1 X75.1171 Y-259.1227
G1 X74.9624 Y-259.7840
G1 X75.1087 Y-260.3273
G1 X75.2514 Y-260.5765
G1 X75.5367 Y-260.7676
G1 X76.0406 Y-260.8052
G1 X75.6882 Y-260.8281
G1 X76.1849 Y-260.7562
G1 X76.4541 Y-260.5037
G1 X76.5959 Y-260.2108
G1 X76.6448 Y-259.7369
G1 X76.5957 Y-259.2630
G1 X76.5077 Y-259.0541
G1 X76.1534 Y-258.7421
G1 X76.4484 Y-258.9264
G1 X76.3122 Y-258.8358
G1 Z0.0000 F2500.0
G4 P0.02
G0 X77.5951 Y-257.8855 F15000.0
G1 Z11.9000 F2500.0
G4 P0.02
G1 X77.6251 Y-258.8435 F12000.0
G1 X77.6972 Y-258.8827
G1 X78.0343 Y-258.7676
G1 X77.6758 Y-258.9046
G1 X77.6163 Y-258.9698
G1 X77.5492 Y-259.5472
G1 X77.5971 Y-260.3875
G1 X77.5670 Y-260.6391
G1 X77.7331 Y-260.5899
G1 X78.2508 Y-260.8035
G1 X78.6052 Y-260.8202
G1 X78.8205 Y-260.7432
G1 X78.9952 Y-260.6059
G1 X79.1736 Y-260.2524
G1 X79.1300 Y-260.4369
G1 X79.2562 Y-260.0162
G1 X79.2554 Y-259.5250
G1 X79.1919 Y-259.2049
G1 X79.1852 Y-259.2375
G1 X79.0836 Y-259.0516
G1 X78.8480 Y-258.7925
G1 X79.0064 Y-258.9265
G1 X78.6434 Y-258.7492
G1 X78.2092 Y-258.7293
G1 X78.4245 Y-258.6698
G1 X78.6442 Y-258.7151
G1 X79.0627 Y-259.0206
G1 X78.6404 Y-258.6932
G1 Z0.0000 F2500.0
G4 P0.02
G0 X80.2084 Y-259.7861 F15000.0
G1 Z11.9000 F2500.0
G4 P0.02
G1 X80.2102 Y-258.9221 F12000.0
G1 X80.2817 Y-258.7276
G1 X80.5023 Y-258.6932
G1 X81.2324 Y-258.7200
G1 X81.5574 Y-258.8401
G1 X81.6994 Y-259.0134
G1 X81.7535 Y-259.2305
G1 X81.7199 Y-259.4511
G1 X81.6467 Y-259.6034
G1 X81.4736 Y-259.7439
G1 X81.1398 Y-259.8298
G1 X80.2970 Y-259.8352
G1 X80.2323 Y-259.8646
G1 X80.2084 Y-260.7364
G1 Z0.0000 F2500.0
G4 P0.02
G0 X82.4891 Y-260.7364 F15000.0
G1 Z11.9000 F2500.0
G4 P0.02
G1 X82.4891 Y-258.7408 F12000.0
G1 Z0.0000 F2500.0
G4 P0.02
G0 X85.4350 Y-258.7883 F15000.0
G1 Z11.9000 F2500.0
G4 P0.02
G1 X85.4293 Y-260.7443 F12000.0
G1 X85.2443 Y-260.7836
G1 X84.6273 Y-260.7839
G1 Z0.0000 F2500.0
G4 P0.02
G0 X85.4350 Y-260.7839 F15000.0
G1 Z11.9000 F2500.0
G4 P0.02
G1 X85.9927 Y-260.7827 F12000.0
G1 X86.2208 Y-260.7348
G1 X86.7680 Y-260.2468
G1 X86.8744 Y-260.0599
G1 X86.8624 Y-259.5866
G1 X86.9080 Y-259.3585
G1 Z0.0000 F2500.0
G4 P0.02
G0 X86.9555 Y-260.2137 F15000.0
G1 Z11.9000 F2500.0
G4 P0.02
G1 X87.0781 Y-260.5132 F12000.0
G1 X87.4531 Y-260.7876
G1 X87.6764 Y-260.8297
G1 X88.0396 Y-260.8145
G1 X88.3212 Y-260.6727
G1 X88.4664 Y-260.5235
G1 X88.6129 Y-260.2674
G1 X88.6984 Y-259.8102
G1 X88.6511 Y-259.3466
G1 X88.5118 Y-259.0357
G1 X88.1210 Y-258.7507
G1 X87.8987 Y-258.6789
G1 X87.6759 Y-258.6785
G1 X87.4511 Y-258.7462
G1 X87.1456 Y-258.9290
G1 X86.9469 Y-259.2382
G1 X87.1771 Y-258.8729
G1 X87.4923 Y-258.7267
G1 X88.0954 Y-258.7240
G1 X88.4184 Y-258.8805
G1 X88.2186 Y-258.7733
G1 X88.3810 Y-258.8833
G1 Z0.0000 F2500.0
G4 P0.02
G0 X89.4738 Y-260.7364 F15000.0
G1 Z11.9000 F2500.0
G4 P0.02
G1 X89.4890 Y-260.1250 F12000.0
G1 X89.5990 Y-259.8406
G1 X89.6951 Y-259.7257
G1 X90.0745 Y-259.5736
G1 X90.8998 Y-259.6406
G1 X90.5493 Y-259.6102
G1 X90.9443 Y-259.5790
G1 X91.0143 Y-259.5254
G1 X91.0418 Y-258.8776
G1 X91.0418 Y-260.7364
G1 Z0.0000 F2500.0
G4 P0.02
G0 X93.0374 Y-260.8314 F15000.0
G1 Z11.9000 F2500.0
G4 P0.02
G1 X92.9014 Y-260.8040 F12000.0
G1 X92.7208 Y-260.8295
G1 X93.0480 Y-260.7972
G1 X92.4997 Y-260.7604
G1 X92.3088 Y-260.6246
G1 X92.0594 Y-260.3579
G1 X91.9579 Y-260.0293
G1 X91.9582 Y-259.4228
G1 X92.1233 Y-259.0048
G1 X92.2787 Y-258.8506
G1 X92.4800 Y-258.7428
G1 X92.8151 Y-258.6606
G1 X93.1516 Y-258.7168
G1 X93.3895 Y-258.8254
G1 X93.5882 Y-259.0492
G1 X93.3225 Y-258.7883
G1 Z0.0000 F2500.0
G4 P0.02
G0 X91.9921 Y-259.7861 F15000.0
G1 Z11.9000 F2500.0
G4 P0.02
G1 X93.5828 Y-259.8127 F12000.0
G1 X93.6508 Y-259.8773
G1 X93.6644 Y-259.9750
G1 X93.6050 Y-260.3145
G1 X93.4064 Y-260.6017
G1 X93.1325 Y-260.7839
G1 Z0.0000 F2500.0
G4 P0.02
G0 X92.3722 Y-260.7364 F15000.0
G1 Z11.9000 F2500.0
G4 P0.02
G1 X92.0871 Y-260.4038 F12000.0
G1 Z0.0000 F2500.0
G4 P0.02
G0 X94.6530 Y-258.7883 F15000.0
G1 Z11.9000 F2500.0
G4 P0.02
G1 X94.6544 Y-259.5282 F12000.0
G1 X94.7189 Y-259.7207
G1 X95.1610 Y-259.8444
G1 X95.2475 Y-259.9088
G1 X95.4523 Y-260.1869
G1 X95.7228 Y-260.6830
G1 X95.9359 Y-260.7839
G1 Z0.0000 F2500.0
G4 P0.02
G0 X94.6530 Y-260.7364 F15000.0
G1 Z11.9000 F2500.0
G4 P0.02
G1 X94.6763 Y-259.8872 F12000.0
G1 X94.7398 Y-259.8150
G1 X95.1714 Y-259.7579
G1 X95.2342 Y-259.8188
G1 X95.1922 Y-259.7308
G1 X95.4360 Y-259.4418
G1 X95.8408 Y-258.7408
G1 Z0.0000 F2500.0
G4 P0.02
G0 X97.8809 Y-259.7386 F15000.0
G1 Z11.9000 F2500.0
G4 P0.02
G1 X97.9123 Y-258.7738 F12000.0
G1 X97.9884 Y-258.7141
G1 X98.8346 Y-258.7065
G1 X99.0620 Y-258.7541
G1 X99.3031 Y-258.8617
G1 X99.4071 Y-259.1764
G1 X99.3486 Y-259.4991
G1 X99.2107 Y-259.6881
G1 X99.0225 Y-259.8010
G1 X98.0592 Y-259.7863
G1 X97.9004 Y-259.8289
G1 X97.8822 Y-260.5313
G1 X97.9401 Y-260.7352
G1 X98.1511 Y-260.7831
G1 X98.6449 Y-260.7835
G1 X99.1111 Y-260.7144
G1 X99.2536 Y-260.5435
G1 X99.3031 Y-260.3216
G1 X99.2667 Y-260.0913
G1 X99.1257 Y-259.8619
G1 X99.1638 Y-259.8811
G1 Z0.0000 F2500.0
G4 P0.02
G0 X102.2048 Y-258.6932 F15000.0
G1 Z11.9000 F2500.0
G4 P0.02
G1 X102.5480 Y-258.6682 F12000.0
G1 X102.6986 Y-258.7195
G1 X102.2972 Y-258.7095
G1 X102.0711 Y-258.7511
G1 X101.8757 Y-258.8714
G1 X101.7317 Y-259.0310
G1 X101.6479 Y-259.2233
G1 X101.5890 Y-259.5684
G1 X101.6061 Y-260.0553
G1 X101.7452 Y-260.4583
G1 X101.6695 Y-260.2938
G1 X101.7894 Y-260.4958
G1 X101.9570 Y-260.6661
G1 X102.2654 Y-260.8162
G1 X102.7291 Y-260.8078
G1 X102.8794 Y-260.7348
G1 X103.0689 Y-260.5458
G1 X103.0125 Y-260.5938
G1 Z0.0000 F2500.0
G4 P0.02
G0 X101.8247 Y-260.5938 F15000.0
G1 Z11.9000 F2500.0
G4 P0.02
G1 X101.8247 Y-260.5463 F12000.0
G1 Z0.0000 F2500.0
G4 P0.02
G0 X103.2501 Y-259.2634 F15000.0
G1 Z11.9000 F2500.0
G4 P0.02
G1 X102.9991 Y-258.8753 F12000.0
G1 X102.6799 Y-258.6932
G1 Z0.0000 F2500.0
G4 P0.02
G0 X104.0104 Y-260.7364 F15000.0
G1 Z11.9000 F2500.0
G4 P0.02
G1 X104.0123 Y-259.2547 F12000.0
G1 X104.0790 Y-259.0791
G1 X104.1683 Y-259.0914
G1 X104.5431 Y-259.2988
G1 X105.0894 Y-260.2155
G1 X105.1864 Y-260.2366
G1 X105.3518 Y-260.3537
G1 X105.5050 Y-260.5699
G1 X105.5738 Y-260.2943
G1 X105.5784 Y-258.7408
G1 Z0.0000 F2500.0
G4 P0.02
G0 X104.6756 Y-259.5010 F15000.0
G1 Z11.9000 F2500.0
G4 P0.02
G1 X104.3358 Y-259.1119 F12000.0
G1 X104.1355 Y-259.0252
G1 X104.4646 Y-259.2100
G1 X104.7125 Y-259.5452
G1 X105.0556 Y-260.1307
G1 X105.2933 Y-260.4038
G1 X105.0557 Y-260.1662
G1 X105.0557 Y-260.1187
G1 Z0.0000 F2500.0
G4 P0.02
G0 X104.0579 Y-259.0258 F15000.0
G1 Z11.9000 F2500.0
G4 P0.02
G1 X104.0579 Y-258.8358 F12000.0
G1 Z0.0000 F2500.0
G4 P0.02
G0 X107.1463 Y-258.6932 F15000.0
G1 Z11.9000 F2500.0
G4 P0.02
G1 X107.4896 Y-258.6682 F12000.0
G1 X107.6401 Y-258.7195
G1 X107.2387 Y-258.7095
G1 X107.0126 Y-258.7511
G1 X106.8173 Y-258.8714
G1 X106.6733 Y-259.0310
G1 X106.5895 Y-259.2233
G1 X106.5306 Y-259.5684
G1 X106.5428 Y-260.0559
G1 X106.6057 Y-260.2769
G1 X106.7087 Y-260.4735
G1 X106.8598 Y-260.6380
G1 X107.1618 Y-260.8009
G1 X107.3968 Y-260.8302
G1 X107.6927 Y-260.8001
G1 X108.0009 Y-260.5617
G1 X107.9541 Y-260.5938
G1 Z0.0000 F2500.0
G4 P0.02
G0 X108.1917 Y-259.2634 F15000.0
G1 Z11.9000 F2500.0
G4 P0.02
G1 X107.9407 Y-258.8753 F12000.0
G1 X107.6215 Y-258.6932
G1 Z0.0000 F2500.0
G4 P0.02
G0 X109.5221 Y-258.7883 F15000.0
G1 Z11.9000 F2500.0
G4 P0.02
G1 X109.5156 Y-260.7270 F12000.0
G1 X109.3586 Y-260.7828
G1 X108.8062 Y-260.7839
G1 X110.2823 Y-260.7839
G1 Z0.0000 F2500.0
G4 P0.02
G0 X112.0879 Y-260.8314 F15000.0
G1 Z11.9000 F2500.0
G4 P0.02
G1 X111.9519 Y-260.8040 F12000.0
G1 X111.7714 Y-260.8295
G1 X112.0985 Y-260.7972
G1 X111.5485 Y-260.7623
G1 X111.1779 Y-260.4876
G1 X111.0541 Y-260.2215
G1 X111.0057 Y-259.9945
G1 X111.0102 Y-259.3874
G1 X111.1379 Y-259.0709
G1 X111.2694 Y-258.9034
G1 X111.7831 Y-258.6709
G1 X112.0109 Y-258.6702
G1 X112.3333 Y-258.7720
G1 X112.4581 Y-258.8417
G1 X112.6403 Y-259.0478
G1 X112.3730 Y-258.7883
G1 Z0.0000 F2500.0
G4 P0.02
G0 X111.0426 Y-259.7861 F15000.0
G1 Z11.9000 F2500.0
G4 P0.02
G1 X112.6333 Y-259.8127 F12000.0
G1 X112.7012 Y-259.8773
G1 X112.7149 Y-259.9750
G1 X112.6555 Y-260.3145
G1 X112.4570 Y-260.6017
G1 X112.1829 Y-260.7839
G1 Z0.0000 F2500.0
G4 P0.02
G0 X113.7034 Y-258.7408 F15000.0
G1 Z11.9000 F2500.0
G4 P0.02
G1 X113.7049 Y-260.2228 F12000.0
G1 X113.7560 Y-260.4458
G1 X113.8289 Y-260.5059
G1 X113.9255 Y-260.5016
G1 X114.1127 Y-260.3895
G1 X114.1753 Y-260.2997
G1 X114.5847 Y-259.1126
G1 X114.7189 Y-258.9603
G1 X114.8000 Y-258.9432
G1 X114.8855 Y-258.9863
G1 X115.0194 Y-259.1691
G1 X115.4165 Y-260.2375
G1 X115.7534 Y-260.5775
G1 X115.5778 Y-260.4140
G1 X115.6642 Y-260.4387
G1 X115.6040 Y-260.4038
G1 X115.7466 Y-260.4988
G1 X115.8706 Y-260.3012
G1 X115.8606 Y-258.8591
G1 X115.6805 Y-258.8170
G1 X114.9528 Y-258.9126
G1 X114.8438 Y-258.9783
G1 Z0.0000 F2500.0
G4 P0.02
G0 X113.7984 Y-260.5463 F15000.0
G1 Z11.9000 F2500.0
G4 P0.02
G1 X113.7509 Y-260.4988 F12000.0
G1 Z0.0000 F2500.0
G4 P0.02
G0 X117.8847 Y-260.8314 F15000.0
G1 Z11.9000 F2500.0
G4 P0.02
G1 X117.7487 Y-260.8040 F12000.0
G1 X117.5682 Y-260.8295
G1 X117.8954 Y-260.7972
G1 X117.3457 Y-260.7619
G1 X116.9367 Y-260.4318
G1 X116.8020 Y-259.9915
G1 X116.8071 Y-259.3843
G1 X116.9927 Y-258.9756
G1 X117.1607 Y-258.8408
G1 X117.4718 Y-258.6990
G1 X117.6966 Y-258.6592
G1 X118.0304 Y-258.7352
G1 X118.2573 Y-258.8435
G1 X118.4395 Y-259.0474
G1 Z0.0000 F2500.0
G4 P0.02
G0 X116.8394 Y-259.7861 F15000.0
G1 Z11.9000 F2500.0
G4 P0.02
G1 X118.4301 Y-259.8127 F12000.0
G1 X118.4981 Y-259.8773
G1 X118.5117 Y-259.9750
G1 X118.4523 Y-260.3145
G1 X118.2538 Y-260.6017
G1 X117.9798 Y-260.7839
G1 Z0.0000 F2500.0
G4 P0.02
G0 X117.2195 Y-260.7364 F15000.0
G1 Z11.9000 F2500.0
G4 P0.02
G1 X117.0593 Y-260.5625 F12000.0
G1 X117.1720 Y-260.6889
G1 Z0.0000 F2500.0
G4 P0.02
G0 X120.5441 Y-260.7839 F15000.0
G1 Z11.9000 F2500.0
G4 P0.02
G1 X121.1612 Y-260.7836 F12000.0
G1 X121.3463 Y-260.7443
G1 X121.3519 Y-258.7883
G1 Z0.0000 F2500.0
G4 P0.02
G0 X122.9199 Y-257.8855 F15000.0
G1 Z11.9000 F2500.0
G4 P0.02
G1 X122.9501 Y-258.8439 F12000.0
G1 X123.0226 Y-258.8842
G1 X123.2718 Y-258.8157
G1 X123.0184 Y-258.8940
G1 X122.9484 Y-258.9501
G1 X122.8724 Y-259.6434
G1 X122.9183 Y-260.4694
G1 X122.8710 Y-260.6433
G1 X122.8090 Y-260.7119
G1 X122.7097 Y-260.7430
G1 X121.3519 Y-260.7839
G1 Z0.0000 F2500.0
G4 P0.02
G0 X122.9674 Y-260.5463 F15000.0
G1 Z11.9000 F2500.0
G4 P0.02
G1 X123.5972 Y-260.8153 F12000.0
G1 X123.8368 Y-260.8295
G1 X124.0640 Y-260.7813
G1 X124.2585 Y-260.6646
G1 X124.3662 Y-260.5505
G1 X124.5049 Y-260.2425
G1 X124.4444 Y-260.4407
G1 X124.5810 Y-259.9897
G1 X124.5765 Y-259.5023
G1 X124.5136 Y-259.1908
G1 X124.5046 Y-259.2244
G1 X124.4041 Y-259.0311
G1 X124.2582 Y-258.8906
G1 X123.8366 Y-258.6712
G1 X123.6147 Y-258.6912
G1 X123.4279 Y-258.7612
G1 X123.9286 Y-258.7121
G1 X124.1444 Y-258.7791
G1 X125.5053 Y-259.7644
G1 X127.0867 Y-259.8160
G1 X127.1495 Y-259.8843
G1 X127.1569 Y-259.9846
G1 X127.0983 Y-260.3267
G1 X126.8917 Y-260.6107
G1 X126.6193 Y-260.7871
G1 X126.1836 Y-260.8275
G1 X126.5384 Y-260.8113
G1 X125.9455 Y-260.7428
G1 X125.6056 Y-260.4600
G1 X125.4523 Y-260.0598
G1 X125.4458 Y-259.4512
G1 X125.4944 Y-259.2242
G1 X125.5935 Y-259.0223
G1 X125.7484 Y-258.8672
G1 X125.9482 Y-258.7560
G1 X126.2780 Y-258.6612
G1 X126.6184 Y-258.7070
G1 X126.8806 Y-258.8232
G1 X127.0934 Y-259.0564
G1 X126.8816 Y-258.8426
G1 X126.9615 Y-258.9203
G1 X126.9111 Y-258.8358
G1 Z0.0000 F2500.0
G4 P0.02
G0 X125.8183 Y-260.6889 F15000.0
G1 Z11.9000 F2500.0
G4 P0.02
G1 X125.6957 Y-260.5542 F12000.0
G1 X125.8658 Y-260.7364
G1 Z0.0000 F2500.0
G4 P0.02
G0 X127.8614 Y-260.9264 F15000.0
G1 Z11.9000 F2500.0
G4 P0.02
G1 X128.0553 Y-260.8188 F12000.0
G1 X128.4974 Y-260.2148
G1 X128.6384 Y-260.1493
G1 X129.0950 Y-260.2169
G1 X129.2861 Y-260.5031
G1 X129.5981 Y-260.8316
G1 X129.4131 Y-260.6598
G1 X129.0227 Y-260.1519
G1 X128.9236 Y-260.1010
G1 X128.6094 Y-260.1015
G1 X128.7445 Y-260.0225
G1 X128.9766 Y-260.0753
G1 X128.8175 Y-259.9204
G1 X128.8226 Y-259.8293
G1 X128.8174 Y-259.8920
G1 X128.7627 Y-259.7399
G1 X128.7855 Y-259.6770
G1 X128.9168 Y-259.6049
G1 X128.7284 Y-259.5866
G1 X128.6303 Y-259.5308
G1 X128.0991 Y-258.8250
G1 X127.8644 Y-258.6267
G1 X127.9172 Y-258.7035
G1 X128.0732 Y-258.7907
G1 X128.0333 Y-258.7048
G1 X128.1628 Y-258.9019
G1 X128.0548 Y-258.7125
G1 X128.6680 Y-259.5848
G1 X128.6491 Y-259.5560
G1 X128.7650 Y-259.5675
G1 X129.0232 Y-259.4805
G1 X129.5153 Y-258.7658
G1 X129.8571 Y-258.5507
G1 Z0.0000 F2500.0
G4 P0.02
G0 X131.7086 Y-258.7408 F15000.0
G1 Z11.9000 F2500.0
G4 P0.02
G1 X131.7121 Y-260.5916 F12000.0
G1 X131.7373 Y-260.6965
G1 X131.8093 Y-260.7603
G1 X132.0406 Y-260.7839
G1 X133.1344 Y-260.7581
G1 X133.2027 Y-260.6906
G1 X133.2261 Y-260.5837
G1 X133.2496 Y-258.8775
G1 X133.3087 Y-258.8155
G1 X134.1470 Y-258.8258
G1 X134.2934 Y-258.7997
G1 X134.1569 Y-258.7491
G1 X134.1208 Y-258.7664
G1 X134.3887 Y-258.8920
G1 X134.4180 Y-260.5245
G1 X134.4721 Y-260.7312
G1 X134.5630 Y-260.7731
G1 X135.6681 Y-260.7831
G1 X135.8787 Y-260.7349
G1 X135.9363 Y-260.5306
G1 X135.9375 Y-259.0486
G1 X135.9678 Y-258.8564
G1 X136.1356 Y-258.9139
G1 X136.7487 Y-259.3145
G1 X136.8021 Y-259.3987
G1 X136.8094 Y-259.9813
G1 X136.9382 Y-260.3879
G1 X137.0443 Y-260.5471
G1 X137.3891 Y-260.7920
G1 X137.2017 Y-260.6826
G1 X137.5421 Y-260.8221
G1 X138.0152 Y-260.7874
G1 X138.3727 Y-260.5616
G1 X138.5553 Y-260.2170
G1 X138.6214 Y-259.7594
G1 X138.5753 Y-259.2954
G1 X138.4903 Y-259.0840
G1 X138.3172 Y-258.9200
G1 X138.0059 Y-258.7275
G1 X137.6700 Y-258.6613
G1 X137.3353 Y-258.7694
G1 X137.0507 Y-258.9474
G1 X136.8935 Y-259.2211
G1 X136.9706 Y-259.0476
G1 X137.1119 Y-258.8720
G1 X137.4725 Y-258.7084
G1 X138.0160 Y-258.7196
G1 X138.3512 Y-258.8805
G1 X138.1514 Y-258.7734
G1 X138.3132 Y-258.8833
G1 Z0.0000 F2500.0
G4 P0.02
G0 X140.0713 Y-258.6932 F15000.0
G1 Z11.9000 F2500.0
G4 P0.02
G1 X140.4145 Y-258.6682 F12000.0
G1 X140.5650 Y-258.7195
G1 X140.1636 Y-258.7095
G1 X139.9376 Y-258.7511
G1 X139.7422 Y-258.8714
G1 X139.5982 Y-259.0310
G1 X139.5144 Y-259.2233
G1 X139.4555 Y-259.5684
G1 X139.4676 Y-260.0559
G1 X139.5306 Y-260.2769
G1 X139.6336 Y-260.4735
G1 X139.7848 Y-260.6380
G1 X140.0868 Y-260.8009
G1 X140.3218 Y-260.8302
G1 X140.6175 Y-260.8001
G1 X140.9258 Y-260.5617
G1 X140.8790 Y-260.5938
G1 Z0.0000 F2500.0
G4 P0.02
G0 X141.1166 Y-259.2634 F15000.0
G1 Z11.9000 F2500.0
G4 P0.02
G1 X140.9445 Y-258.9642 F12000.0
G1 X140.6301 Y-258.7107
G1 X141.6304 Y-258.7707
G1 X141.8374 Y-258.8250
G1 X141.8719 Y-258.9164
G1 X141.8784 Y-259.5283
G1 X141.9429 Y-259.7207
G1 X142.3850 Y-259.8444
G1 X142.4714 Y-259.9088
G1 X142.6762 Y-260.1869
G1 X142.9467 Y-260.6830
G1 X143.1597 Y-260.7839
G1 Z0.0000 F2500.0
G4 P0.02
G0 X141.8768 Y-260.7364 F15000.0
G1 Z11.9000 F2500.0
G4 P0.02
G1 X141.9002 Y-259.8872 F12000.0
G1 X141.9638 Y-259.8150
G1 X142.3954 Y-259.7579
G1 X142.4581 Y-259.8188
G1 X142.4162 Y-259.7308
G1 X142.6345 Y-259.4797
G1 X143.0789 Y-258.7520
G1 X143.6458 Y-259.2136
G1 X143.7884 Y-259.3843
G1 X143.7928 Y-259.9676
G1 X143.8666 Y-260.2264
G1 X144.0712 Y-260.5824
G1 X143.8967 Y-260.2916
G1 X144.0158 Y-260.5187
G1 X144.3604 Y-260.7828
G1 X144.8144 Y-260.8295
G1 X145.1440 Y-260.7347
G1 X145.3458 Y-260.5677
G1 X145.5590 Y-260.1807
G1 X145.6062 Y-259.7172
G1 X145.5688 Y-259.3712
G1 X145.4465 Y-259.0526
G1 X145.0597 Y-258.7611
G1 X144.8382 Y-258.6833
G1 X144.6144 Y-258.6706
G1 X144.3901 Y-258.7363
G1 X144.0163 Y-258.9588
G1 X143.8642 Y-259.2415
G1 X144.0906 Y-258.8814
G1 X144.3891 Y-258.7375
G1 X144.6187 Y-258.7088
G1 X144.9994 Y-258.7310
G1 X145.3302 Y-258.8804
G1 X145.1359 Y-258.7697
G1 X145.2979 Y-258.8833
G1 Z0.0000 F2500.0
G4 P0.02
G0 X147.0560 Y-258.6932 F15000.0
G1 Z11.9000 F2500.0
G4 P0.02
G1 X147.3992 Y-258.6682 F12000.0
G1 X147.5497 Y-258.7195
G1 X147.1483 Y-258.7095
G1 X146.9223 Y-258.7511
G1 X146.7269 Y-258.8714
G1 X146.5829 Y-259.0310
G1 X146.4991 Y-259.2233
G1 X146.4402 Y-259.5684
G1 X146.4523 Y-260.0559
G1 X146.5153 Y-260.2769
G1 X146.6183 Y-260.4735
G1 X146.7695 Y-260.6380
G1 X147.0715 Y-260.8009
G1 X147.3065 Y-260.8302
G1 X147.6022 Y-260.8001
G1 X147.9105 Y-260.5617
G1 X147.8637 Y-260.5938
G1 Z0.0000 F2500.0
G4 P0.02
G0 X148.1013 Y-259.2634 F15000.0
G1 Z11.9000 F2500.0
G4 P0.02
G1 X147.8503 Y-258.8753 F12000.0
G1 X147.5311 Y-258.6932
G1 Z0.0000 F2500.0
G4 P0.02
G0 X149.4317 Y-258.7883 F15000.0
G1 Z11.9000 F2500.0
G4 P0.02
G1 X149.4252 Y-260.7270 F12000.0
G1 X149.2682 Y-260.7828
G1 X148.7159 Y-260.7839
G1 X150.1920 Y-260.7839
G1 Z0.0000 F2500.0
G4 P0.02
G0 X151.9975 Y-260.8314 F15000.0
G1 Z11.9000 F2500.0
G4 P0.02
G1 X151.8614 Y-260.8040 F12000.0
G1 X151.6810 Y-260.8295
G1 X152.0081 Y-260.7972
G1 X151.4580 Y-260.7623
G1 X151.0875 Y-260.4876
G1 X150.9637 Y-260.2215
G1 X150.9153 Y-259.9945
G1 X150.9198 Y-259.3874
G1 X151.0475 Y-259.0709
G1 X151.1790 Y-258.9034
G1 X151.6927 Y-258.6709
G1 X151.9206 Y-258.6702
G1 X152.2429 Y-258.7720
G1 X152.3678 Y-258.8417
G1 X152.5498 Y-259.0478
G1 X152.2826 Y-258.7883
G1 Z0.0000 F2500.0
G4 P0.02
G0 X150.9522 Y-259.7861 F15000.0
G1 Z11.9000 F2500.0
G4 P0.02
G1 X152.5429 Y-259.8127 F12000.0
G1 X152.6109 Y-259.8773
G1 X152.6244 Y-259.9750
G1 X152.5651 Y-260.3145
G1 X152.3666 Y-260.6017
G1 X152.0926 Y-260.7839
G1 Z0.0000 F2500.0
G4 P0.02
G0 X153.6130 Y-260.7364 F15000.0
G1 Z11.9000 F2500.0
G4 P0.02
G1 X153.6149 Y-259.2547 F12000.0
G1 X153.6816 Y-259.0791
G1 X153.7709 Y-259.0914
G1 X154.1458 Y-259.2988
G1 X154.6921 Y-260.2155
G1 X154.7891 Y-260.2366
G1 X154.9544 Y-260.3537
G1 X155.1077 Y-260.5699
G1 X155.1765 Y-260.2943
G1 X155.1810 Y-258.7408
G1 Z0.0000 F2500.0
G4 P0.02
G0 X154.2782 Y-259.5010 F15000.0
G1 Z11.9000 F2500.0
G4 P0.02
G1 X153.9384 Y-259.1119 F12000.0
G1 X153.7382 Y-259.0252
G1 X154.0673 Y-259.2100
G1 X154.3152 Y-259.5452
G1 X154.6583 Y-260.1307
G1 X154.8959 Y-260.4038
G1 X154.6584 Y-260.1662
G1 X154.6584 Y-260.1187
G1 Z0.0000 F2500.0
G4 P0.02
G0 X153.6606 Y-259.0258 F15000.0
G1 Z11.9000 F2500.0
G4 P0.02
G1 X153.6606 Y-258.8358 F12000.0
G1 Z0.0000 F2500.0
G4 P0.02
G0 X154.0882 Y-261.4966 F15000.0
G1 Z11.9000 F2500.0
G4 P0.02
G1 X154.0528 Y-261.5333 F12000.0
G1 X154.2807 Y-261.4174
G1 X154.6379 Y-261.4182
G1 X154.8336 Y-261.5367
G1 X154.9435 Y-261.7342
G1 X154.8484 Y-261.5441
G1 X154.8009 Y-261.4966
G1 Z0.0000 F2500.0
G4 P0.02
G0 X158.7937 Y-258.7408 F15000.0
G1 Z11.9000 F2500.0
G4 P0.02
G1 X158.7970 Y-260.5916 F12000.0
G1 X158.8224 Y-260.6965
G1 X158.8943 Y-260.7603
G1 X159.0036 Y-260.7812
G1 X160.1120 Y-260.7809
G1 X160.2194 Y-260.7581
G1 X160.2878 Y-260.6906
G1 X160.3294 Y-258.8629
G1 X160.4490 Y-258.6689
G1 X161.2535 Y-257.9626
G1 X161.2970 Y-257.9882
G1 X161.3283 Y-258.8080
G1 X161.3788 Y-258.8791
G1 X161.6491 Y-258.8205
G1 X161.3622 Y-258.9165
G1 X161.3214 Y-259.0003
G1 X161.2649 Y-259.5891
G1 X161.3201 Y-260.4264
G1 X161.2837 Y-260.6561
G1 X161.3891 Y-260.5911
G1 X161.4825 Y-260.5957
G1 X162.0048 Y-260.8162
G1 X162.3629 Y-260.8162
G1 X162.5724 Y-260.7269
G1 X162.7787 Y-260.5436
G1 X162.9221 Y-260.2492
G1 X162.9733 Y-259.9861
G1 X162.9740 Y-259.6170
G1 X162.8759 Y-259.1627
G1 X162.5737 Y-258.7999
G1 X162.3675 Y-258.7042
G1 X162.1457 Y-258.6702
G1 X161.8224 Y-258.7518
G1 X162.1123 Y-258.6950
G1 X162.3425 Y-258.7147
G1 X162.7836 Y-259.0177
G1 X163.0093 Y-259.0601
G1 X163.7005 Y-259.3158
G1 X163.7816 Y-259.3774
G1 X163.8187 Y-260.0528
G1 X163.9143 Y-260.3717
G1 X164.0814 Y-260.5962
G1 X164.4375 Y-260.8084
G1 X164.7976 Y-260.8295
G1 X165.0250 Y-260.7820
G1 X165.3127 Y-260.6098
G1 X165.5554 Y-260.1992
G1 X165.6092 Y-259.7384
G1 X165.5566 Y-259.2770
G1 X165.4682 Y-259.0672
G1 X165.2896 Y-258.9070
G1 X164.9766 Y-258.7186
G1 X164.6387 Y-258.6633
G1 X164.4150 Y-258.7275
G1 X164.0303 Y-258.9526
G1 X163.8776 Y-259.2341
G1 X164.0840 Y-258.8923
G1 X164.4841 Y-258.7128
G1 X165.0268 Y-258.7292
G1 X165.3404 Y-258.8826
G1 X165.1512 Y-258.7680
G1 X165.3032 Y-258.8833
G1 Z0.0000 F2500.0
G4 P0.02
G0 X166.4911 Y-259.7861 F15000.0
G1 Z11.9000 F2500.0
G4 P0.02
G1 X168.0818 Y-259.8127 F12000.0
G1 X168.1498 Y-259.8773
G1 X168.1392 Y-260.2055
G1 X168.0526 Y-260.4167
G1 X167.8150 Y-260.6803
G1 X167.6308 Y-260.7849
G1 X167.1918 Y-260.8268
G1 X167.5400 Y-260.8151
G1 X166.9611 Y-260.7487
G1 X166.7677 Y-260.6074
G1 X166.5883 Y-260.4238
G1 X166.4899 Y-260.1825
G1 X166.4466 Y-259.9532
G1 X166.4491 Y-259.4627
G1 X166.5910 Y-259.0297
G1 X166.7441 Y-258.8739
G1 X166.9447 Y-258.7644
G1 X167.2711 Y-258.6616
G1 X167.6115 Y-258.7066
G1 X167.8851 Y-258.8224
G1 X168.1023 Y-259.0605
G1 X167.8829 Y-258.8389
G1 X167.9628 Y-258.9163
G1 X167.9166 Y-258.8358
G1 Z0.0000 F2500.0
G4 P0.02
G0 X166.8237 Y-260.6889 F15000.0
G1 Z11.9000 F2500.0
G4 P0.02
G1 X166.7011 Y-260.5542 F12000.0
G1 X166.8712 Y-260.7364
G1 Z0.0000 F2500.0
G4 P0.02
G0 X169.1520 Y-258.7883 F15000.0
G1 Z11.9000 F2500.0
G4 P0.02
G1 X169.1534 Y-259.5282 F12000.0
G1 X169.2179 Y-259.7207
G1 X169.6600 Y-259.8444
G1 X169.8654 Y-260.0041
G1 X169.7639 Y-259.7810
G1 X170.1575 Y-260.6088
G1 X170.2292 Y-260.6936
G1 X170.4349 Y-260.7839
G1 Z0.0000 F2500.0
G4 P0.02
G0 X169.1520 Y-260.7364 F15000.0
G1 Z11.9000 F2500.0
G4 P0.02
G1 X169.1753 Y-259.8872 F12000.0
G1 X169.2389 Y-259.8150
G1 X169.5800 Y-259.7658
G1 X169.8241 Y-259.6154
G1 X169.7929 Y-259.7648
G1 X169.7435 Y-259.8128
G1 X169.6965 Y-259.7839
G1 X169.6915 Y-259.7254
G1 X169.9276 Y-259.4740
G1 X170.3398 Y-258.7408
G1 Z0.0000 F2500.0
G4 P0.02
G0 X171.1951 Y-260.7364 F15000.0
G1 Z11.9000 F2500.0
G4 P0.02
G1 X171.1984 Y-258.8856 F12000.0
G1 X171.2238 Y-258.7807
G1 X171.2957 Y-258.7168
G1 X172.7427 Y-258.7141
G1 X172.9532 Y-258.6775
G1 X173.0214 Y-258.6209
G1 X173.0450 Y-258.5210
G1 X173.0416 Y-258.1877
G1 X173.0213 Y-258.1694
G1 X172.7757 Y-258.8098
G1 X172.7813 Y-260.6422
G1 X172.8368 Y-260.7102
G1 X173.0578 Y-260.7364
G1 X173.7753 Y-260.7128
G1 X173.8350 Y-260.6489
G1 X173.8617 Y-259.1926
G1 X173.8927 Y-259.1051
G1 X173.9682 Y-259.0837
G1 X174.4033 Y-259.3185
G1 X174.9353 Y-260.1720
G1 X175.1099 Y-260.3502
G1 X175.0030 Y-260.2874
G1 X175.0014 Y-260.2304
G1 X175.2137 Y-260.3659
G1 X175.3068 Y-260.5423
G1 X175.3565 Y-260.5634
G1 X175.4220 Y-260.2731
G1 X175.4239 Y-258.7408
G1 Z0.0000 F2500.0
G4 P0.02
G0 X174.1885 Y-259.1209 F15000.0
G1 Z11.9000 F2500.0
G4 P0.02
G1 X173.9878 Y-259.0201 F12000.0
G1 X174.3472 Y-259.2412
G1 X174.9488 Y-260.2137
G1 Z0.0000 F2500.0
G4 P0.02
G0 X173.9034 Y-259.0258 F15000.0
G1 Z11.9000 F2500.0
G4 P0.02
G1 X173.9034 Y-258.8358 F12000.0
G1 Z0.0000 F2500.0
G4 P0.02
G0 X176.4693 Y-260.7364 F15000.0
G1 Z11.9000 F2500.0
G4 P0.02
G1 X176.4711 Y-259.2547 F12000.0
G1 X176.5378 Y-259.0791
G1 X176.6271 Y-259.0914
G1 X177.0020 Y-259.2988
G1 X177.5671 Y-260.1926
G1 X177.8815 Y-260.4172
G1 X177.8770 Y-260.4829
G1 X177.9720 Y-260.5572
G1 X178.0354 Y-260.2607
G1 X178.0373 Y-258.7408
G1 Z0.0000 F2500.0
G4 P0.02
G0 X177.0394 Y-259.3585 F15000.0
G1 Z11.9000 F2500.0
G4 P0.02
G1 X177.1270 Y-259.4937 F12000.0
G1 X176.8172 Y-259.1312
G1 X176.5905 Y-259.0124
G1 X176.9026 Y-259.1891
G1 X177.0315 Y-259.3207
G1 X177.4924 Y-260.1004
G1 X177.6891 Y-260.3082
G1 X177.5583 Y-260.1934
G1 X177.7522 Y-260.4038
G1 X177.5146 Y-260.1662
G1 X177.5146 Y-260.1187
G1 Z0.0000 F2500.0
G4 P0.02
G0 X176.5168 Y-259.0258 F15000.0
G1 Z11.9000 F2500.0
G4 P0.02
G1 X176.5168 Y-258.8358 F12000.0
G1 Z0.0000 F2500.0
G4 P0.02
G0 X176.9444 Y-261.4966 F15000.0
G1 Z11.9000 F2500.0
G4 P0.02
G1 X176.9091 Y-261.5333 F12000.0
G1 X177.1369 Y-261.4174
G1 X177.4941 Y-261.4182
G1 X177.6898 Y-261.5367
G1 X177.7997 Y-261.7342
G1 X177.7046 Y-261.5441
G1 X177.6571 Y-261.4966
G1 Z0.0000 F2500.0
G4 P0.02
G0 X70.6265 Y-252.2161 F15000.0
G1 Z11.9000 F2500.0
G4 P0.02
G1 X70.6226 Y-253.7182 F12000.0
G1 X70.5518 Y-254.0020
G1 X70.3146 Y-253.7897
G1 X70.4426 Y-253.8341
G1 X70.1601 Y-253.6575
G1 X69.5908 Y-252.7265
G1 X69.2057 Y-252.5549
G1 X69.1355 Y-252.5899
G1 X69.1096 Y-252.6853
G1 X69.1061 Y-254.1642
G1 Z0.0000 F2500.0
G4 P0.02
G0 X69.7237 Y-252.9763 F15000.0
G1 Z11.9000 F2500.0
G4 P0.02
G1 X70.1135 Y-253.6021 F12000.0
G1 X70.0990 Y-253.5237
G1 X69.6527 Y-252.8155
G1 X69.5130 Y-252.6580
G1 X69.1497 Y-252.3953
G1 X69.2486 Y-252.5487
G1 Z0.0000 F2500.0
G4 P0.02
G0 X74.2852 Y-251.3608 F15000.0
G1 Z11.9000 F2500.0
G4 P0.02
G1 X74.2872 Y-253.7964 F12000.0
G1 X74.3681 Y-254.0653
G1 X74.2832 Y-254.0435
G1 X74.8919 Y-254.2318
G1 X75.1256 Y-254.2534
G1 X75.3463 Y-254.1913
G1 X75.5251 Y-254.0437
G1 X75.6333 Y-253.8977
G1 X75.5821 Y-253.9441
G1 X75.7431 Y-253.5615
G1 X75.7439 Y-252.8322
G1 X75.6755 Y-252.6086
G1 X75.5508 Y-252.4011
G1 X75.2744 Y-252.1849
G1 X74.9443 Y-252.1591
G1 X74.3016 Y-252.3204
G1 X73.6669 Y-252.1644
G1 X73.4450 Y-252.1569
G1 X73.2319 Y-252.2228
G1 X73.0454 Y-252.3664
G1 X72.9078 Y-252.5556
G1 X72.7787 Y-252.9963
G1 X72.7666 Y-253.2368
G1 X72.8912 Y-253.8029
G1 X73.0008 Y-254.0039
G1 X73.1756 Y-254.1570
G1 X73.3866 Y-254.2440
G1 X73.6214 Y-254.2430
G1 X74.1995 Y-254.0466
G1 X73.8913 Y-254.1587
G1 X74.1641 Y-254.1365
G1 X74.2485 Y-254.1668
G1 X74.2806 Y-254.2548
G1 X74.2852 Y-255.1145
G1 Z0.0000 F2500.0
G4 P0.02
G0 X75.6631 Y-252.5962 F15000.0
G1 Z11.9000 F2500.0
G4 P0.02
G1 X75.5681 Y-252.4062 F12000.0
G1 Z0.0000 F2500.0
G4 P0.02
G0 X76.6609 Y-251.3608 F15000.0
G1 Z11.9000 F2500.0
G4 P0.02
G1 X76.6614 Y-252.2244 F12000.0
G1 X76.6999 Y-252.3851
G1 X77.3142 Y-252.1738
G1 X77.6472 Y-252.1660
G1 X77.9572 Y-252.2993
G1 X78.2054 Y-252.6818
G1 X78.2764 Y-253.1465
G1 X78.2664 Y-253.5130
G1 X78.2119 Y-253.7375
G1 X77.9355 Y-254.1082
G1 X77.6237 Y-254.2481
G1 X77.3872 Y-254.2452
G1 X76.7212 Y-254.0222
G1 X76.6490 Y-254.0496
G1 X76.6450 Y-254.0950
G1 X76.8456 Y-254.0410
G1 X77.0022 Y-254.1177
G1 X76.7303 Y-253.9797
G1 X76.6774 Y-253.8903
G1 X76.6143 Y-253.4264
G1 X76.6149 Y-252.9333
G1 X76.6608 Y-252.5824
G1 X76.7709 Y-252.3999
G1 X77.2311 Y-252.1686
G1 Z0.0000 F2500.0
G4 P0.02
G0 X80.6047 Y-252.4062 F15000.0
G1 Z11.9000 F2500.0
G4 P0.02
G1 X80.6141 Y-252.4350 F12000.0
G1 X80.4979 Y-252.3204
G1 X80.2954 Y-252.2154
G1 X79.8461 Y-252.1387
G1 X79.5181 Y-252.2379
G1 X79.2452 Y-252.4523
G1 X79.0975 Y-252.7607
G1 X79.0386 Y-253.1069
G1 X79.0429 Y-253.3507
G1 X79.1597 Y-253.7964
G1 X79.3810 Y-254.0673
G1 X79.6828 Y-254.2335
G1 X80.0419 Y-254.2573
G1 X80.3712 Y-254.1574
G1 X80.6334 Y-253.9256
G1 X80.7795 Y-253.5865
G1 X80.8189 Y-253.2405
G1 X80.7795 Y-252.7737
G1 X80.6522 Y-252.5012
G1 Z0.0000 F2500.0
G4 P0.02
G0 X81.6975 Y-254.1642 F15000.0
G1 Z11.9000 F2500.0
G4 P0.02
G1 X81.7289 Y-253.2261 F12000.0
G1 X83.1301 Y-253.1854
G1 X83.1942 Y-253.1138
G1 X83.2180 Y-252.2636
G1 Z0.0000 F2500.0
G4 P0.02
G0 X81.6975 Y-252.2636 F15000.0
G1 Z11.9000 F2500.0
G4 P0.02
G1 X81.6975 Y-253.2139 F12000.0
G1 Z0.0000 F2500.0
G4 P0.02
G0 X83.2180 Y-253.2614 F15000.0
G1 Z11.9000 F2500.0
G4 P0.02
G1 X83.2214 Y-253.9995 F12000.0
G1 X83.2468 Y-254.0991
G1 X83.3189 Y-254.1550
G1 X84.0433 Y-254.2104
G1 X84.6542 Y-254.2076
G1 X84.7321 Y-254.1782
G1 X84.7385 Y-252.2161
G1 Z0.0000 F2500.0
G4 P0.02
G0 X84.7385 Y-254.2117 F15000.0
G1 Z11.9000 F2500.0
G4 P0.02
G1 X85.4987 Y-254.2117 F12000.0
G1 Z0.0000 F2500.0
G4 P0.02
G0 X86.3540 Y-253.9266 F15000.0
G1 Z11.9000 F2500.0
G4 P0.02
G1 X86.5067 Y-254.1092 F12000.0
G1 X86.8204 Y-254.2445
G1 X87.3053 Y-254.2518
G1 X87.5288 Y-254.1726
G1 X87.8038 Y-253.3431
G1 X87.8098 Y-252.6136
G1 X87.7606 Y-252.5149
G1 X87.5913 Y-252.3789
G1 X87.7365 Y-252.4057
G1 X87.1063 Y-252.1733
G1 X86.7606 Y-252.1346
G1 X86.4305 Y-252.2258
G1 X86.2727 Y-252.3859
G1 X86.2261 Y-252.7250
G1 X86.3708 Y-253.0327
G1 X86.5632 Y-253.1594
G1 X87.7075 Y-253.3728
G1 X87.7879 Y-253.4260
G1 X87.8110 Y-253.5208
G1 X87.7643 Y-253.8661
G1 X87.5894 Y-254.1642
G1 Z0.0000 F2500.0
G4 P0.02
G0 X87.5419 Y-252.3586 F15000.0
G1 Z11.9000 F2500.0
G4 P0.02
G1 X87.9388 Y-252.3619 F12000.0
G1 X88.5161 Y-252.1880
G1 X88.6342 Y-252.1807
G1 X88.8488 Y-252.2480
G1 X88.9254 Y-252.3187
G1 X89.0015 Y-252.6490
G1 X89.0457 Y-254.1701
G1 X90.2937 Y-254.2035
G1 X90.3990 Y-254.1818
G1 X90.4637 Y-254.1120
G1 X90.4850 Y-254.0035
G1 X90.5139 Y-252.3368
G1 X90.6584 Y-252.4266
G1 X91.4408 Y-253.1405
G1 X91.4847 Y-252.9957
G1 X91.5083 Y-252.2715
G1 X91.5707 Y-252.1982
G1 X91.7961 Y-252.1686
G1 X92.4075 Y-252.1837
G1 X92.8256 Y-252.3467
G1 X92.9380 Y-252.5405
G1 X92.9558 Y-252.7780
G1 X92.8901 Y-252.9971
G1 X92.7360 Y-253.1586
G1 X92.4082 Y-253.2592
G1 X91.5674 Y-253.2657
G1 X91.5070 Y-253.2992
G1 X91.4856 Y-254.1642
G1 Z0.0000 F2500.0
G4 P0.02
G0 X93.8614 Y-254.1642 F15000.0
G1 Z11.9000 F2500.0
G4 P0.02
G1 X93.8927 Y-253.2261 F12000.0
G1 X95.2939 Y-253.1854
G1 X95.3581 Y-253.1138
G1 X95.3818 Y-252.2636
G1 Z0.0000 F2500.0
G4 P0.02
G0 X93.8614 Y-252.2636 F15000.0
G1 Z11.9000 F2500.0
G4 P0.02
G1 X93.8614 Y-253.2139 F12000.0
G1 Z0.0000 F2500.0
G4 P0.02
G0 X95.3818 Y-253.2614 F15000.0
G1 Z11.9000 F2500.0
G4 P0.02
G1 X95.4107 Y-254.0973 F12000.0
G1 X95.5924 Y-254.1627
G1 X96.3059 Y-254.1380
G1 X96.3777 Y-253.9627
G1 X96.4110 Y-253.2736
G1 X97.3379 Y-253.2595
G1 X97.5641 Y-253.2090
G1 X97.7435 Y-253.0756
G1 X97.8612 Y-252.8974
G1 X97.8785 Y-252.5534
G1 X97.6584 Y-252.2874
G1 X97.4058 Y-252.2064
G1 X97.0507 Y-252.1686
G1 X96.4576 Y-252.2010
G1 X96.3817 Y-252.3912
G1 X96.3796 Y-253.2139
G1 Z0.0000 F2500.0
G4 P0.02
G0 X97.8051 Y-252.4062 F15000.0
G1 Z11.9000 F2500.0
G4 P0.02
G1 X97.8180 Y-252.3366 F12000.0
G1 X97.8956 Y-252.2998
G1 X98.3797 Y-252.2426
G1 X98.5772 Y-252.2690
G1 X98.6128 Y-252.4763
G1 X98.6141 Y-253.9560
G1 X98.6644 Y-254.0899
G1 X99.5331 Y-253.3752
G1 X99.6473 Y-253.7675
G1 X99.7846 Y-253.9974
G1 X100.1490 Y-254.2170
G1 X100.5014 Y-254.2573
G1 X100.8344 Y-254.1667
G1 X101.0151 Y-254.0260
G1 X101.2150 Y-253.6163
G1 X101.2389 Y-253.3987
G1 X101.1922 Y-253.3175
G1 X100.9789 Y-253.2629
G1 X99.6307 Y-253.2514
G1 X99.5499 Y-253.2085
G1 X99.5307 Y-253.0021
G1 X99.6618 Y-252.5637
G1 X99.8582 Y-252.3369
G1 X100.1115 Y-252.2037
G1 X100.4504 Y-252.1346
G1 X100.6764 Y-252.1681
G1 X101.0737 Y-252.3781
G1 X101.0270 Y-252.3099
G1 X100.7985 Y-252.1686
G1 Z0.0000 F2500.0
G4 P0.02
G0 X103.4579 Y-251.5509 F15000.0
G1 Z11.9000 F2500.0
G4 P0.02
G1 X103.4595 Y-251.9589 F12000.0
G1 X103.5243 Y-252.1410
G1 X103.7204 Y-252.1807
G1 X105.0628 Y-252.1699
G1 X105.2783 Y-252.2249
G1 X105.3560 Y-252.4244
G1 X105.3585 Y-253.9058
G1 X105.3277 Y-254.1291
G1 X105.2524 Y-254.1876
G1 X104.1027 Y-254.1783
G1 X103.9118 Y-252.8677
G1 X103.6954 Y-252.2161
G1 Z0.0000 F2500.0
G4 P0.02
G0 X105.3585 Y-252.2636 F15000.0
G1 Z11.9000 F2500.0
G4 P0.02
G1 X105.6091 Y-252.1159 F12000.0
G1 X105.6435 Y-251.5509
G1 Z0.0000 F2500.0
G4 P0.02
G0 X107.1640 Y-253.1189 F15000.0
G1 Z11.9000 F2500.0
G4 P0.02
G1 X106.4988 Y-252.3893 F12000.0
G1 X106.6079 Y-252.5150
G1 X106.9720 Y-252.7581
G1 X107.5712 Y-253.7583
G1 X107.4171 Y-253.8546
G1 X106.5073 Y-254.1143
G1 X106.4523 Y-253.9425
G1 X106.4513 Y-252.8321
G1 X106.4741 Y-252.6058
G1 X106.5338 Y-252.5537
G1 X106.7378 Y-252.6207
G1 X106.9641 Y-252.7596
G1 X107.4569 Y-253.5922
G1 X107.7937 Y-253.8334
G1 X107.7158 Y-253.8456
G1 X107.9021 Y-253.9922
G1 X107.9699 Y-253.6978
G1 X107.9718 Y-252.2161
G1 Z0.0000 F2500.0
G4 P0.02
G0 X109.0171 Y-252.2161 F15000.0
G1 Z11.9000 F2500.0
G4 P0.02
G1 X109.0281 Y-253.6940 F12000.0
G1 X109.1260 Y-253.9144
G1 X109.3454 Y-253.8334
G1 X109.4907 Y-253.6733
G1 X109.8256 Y-252.7015
G1 X109.9440 Y-252.5212
G1 X110.0365 Y-252.4849
G1 X110.1367 Y-252.5038
G1 X110.2907 Y-252.6432
G1 X110.6550 Y-253.5980
G1 X110.9893 Y-253.9965
G1 X110.9180 Y-253.8686
G1 X110.7210 Y-253.7309
G1 X110.9599 Y-253.8258
G1 X111.0332 Y-253.8103
G1 X111.0863 Y-253.7367
G1 X111.0840 Y-252.3010
G1 X111.0215 Y-252.2670
G1 X110.2559 Y-252.5182
G1 X110.1901 Y-252.4997
G1 X110.0603 Y-252.3591
G1 X110.0149 Y-252.4537
G1 Z0.0000 F2500.0
G4 P0.02
G0 X112.0581 Y-253.3089 F15000.0
G1 Z11.9000 F2500.0
G4 P0.02
G1 X112.0756 Y-253.5488 F12000.0
G1 X112.1895 Y-253.8694
G1 X112.2800 Y-253.9981
G1 X112.4400 Y-254.1166
G1 X112.7563 Y-254.2476
G1 X112.9978 Y-254.2573
G1 X113.2260 Y-254.2117
G1 X113.4282 Y-254.1059
G1 X113.5755 Y-253.9297
G1 X113.6766 Y-253.7245
G1 X113.7335 Y-253.3973
G1 X113.6862 Y-253.3166
G1 X113.4724 Y-253.2628
G1 X112.1246 Y-253.2509
G1 X112.0445 Y-253.2075
G1 X112.0166 Y-253.1144
G1 X112.1567 Y-252.5623
G1 X112.3211 Y-252.3589
G1 X112.6076 Y-252.2029
G1 X112.9467 Y-252.1346
G1 X113.1727 Y-252.1686
G1 X113.5681 Y-252.3777
G1 X113.5218 Y-252.3098
G1 X113.2935 Y-252.1686
G1 Z0.0000 F2500.0
G4 P0.02
G0 X115.1941 Y-252.2161 F15000.0
G1 Z11.9000 F2500.0
G4 P0.02
G1 X115.1875 Y-254.1549 F12000.0
G1 X115.0305 Y-254.2107
G1 X114.5210 Y-254.2117
G1 X116.4834 Y-254.1781
G1 X116.6836 Y-254.1189
G1 X116.8294 Y-253.9800
G1 X116.7164 Y-253.4724
G1 X116.7164 Y-252.8563
G1 X116.7945 Y-252.4124
G1 X116.8685 Y-252.3553
G1 X117.1486 Y-252.2637
G1 X116.8562 Y-252.3557
G1 X116.7891 Y-252.3118
G1 X116.7620 Y-251.7208
G1 X116.7893 Y-251.4360
G1 X117.1950 Y-251.9748
G1 X117.3065 Y-252.1859
G1 X117.6969 Y-252.1591
G1 X117.9176 Y-252.2190
G1 X118.1038 Y-252.3455
G1 X118.3281 Y-252.7417
G1 X118.3757 Y-252.9691
G1 X118.3623 Y-253.5798
G1 X118.1577 Y-253.9890
G1 X117.8866 Y-254.2084
G1 X117.6600 Y-254.2570
G1 X117.3119 Y-254.2064
G1 X116.8096 Y-253.9742
G1 Z0.0000 F2500.0
G4 P0.02
G0 X119.2803 Y-254.1642 F15000.0
G1 Z11.9000 F2500.0
G4 P0.02
G1 X119.2839 Y-252.6853 F12000.0
G1 X119.3098 Y-252.5899
G1 X119.3801 Y-252.5549
G1 X119.7652 Y-252.7265
G1 X120.3345 Y-253.6575
G1 X120.6169 Y-253.8341
G1 X120.4889 Y-253.7897
G1 X120.7261 Y-254.0020
G1 X120.7969 Y-253.7182
G1 X120.8008 Y-252.2161
G1 Z0.0000 F2500.0
G4 P0.02
G0 X119.8980 Y-252.9763 F15000.0
G1 Z11.9000 F2500.0
G4 P0.02
G1 X120.2878 Y-253.6021 F12000.0
G1 X120.2733 Y-253.5237
G1 X119.8270 Y-252.8155
G1 X119.6874 Y-252.6580
G1 X119.3240 Y-252.3953
G1 X119.4229 Y-252.5487
G1 Z0.0000 F2500.0
G4 P0.02
G0 X121.7036 Y-254.1642 F15000.0
G1 Z11.9000 F2500.0
G4 P0.02
G1 X121.7336 Y-253.5590 F12000.0
G1 X121.8744 Y-253.2505
G1 X122.0612 Y-253.1202
G1 X122.2748 Y-253.0423
G1 X123.1745 Y-253.1128
G1 X123.2233 Y-252.9440
G1 X123.2241 Y-252.3687
G1 X123.2245 Y-253.9280
G1 X123.2589 Y-254.0950
G1 X124.0992 Y-253.3774
G1 X124.2597 Y-253.8707
G1 X124.3498 Y-253.9995
G1 X124.5112 Y-254.1191
G1 X124.7166 Y-254.2195
G1 X124.9477 Y-254.2580
G1 X125.1882 Y-254.2443
G1 X125.4023 Y-254.1649
G1 X125.5818 Y-254.0229
G1 X125.7470 Y-253.7218
G1 X125.8016 Y-253.3944
G1 X125.7530 Y-253.3146
G1 X125.5378 Y-253.2627
G1 X124.1909 Y-253.2499
G1 X124.1123 Y-253.2050
G1 X124.0852 Y-253.1112
G1 X124.2257 Y-252.5593
G1 X124.3915 Y-252.3574
G1 X124.6791 Y-252.2011
G1 X125.0184 Y-252.1346
G1 X125.2444 Y-252.1697
G1 X125.6357 Y-252.3770
G1 X125.5901 Y-252.3096
G1 X125.3623 Y-252.1686
G1 Z0.0000 F2500.0
G4 P0.02
G0 X128.1181 Y-252.4062 F15000.0
G1 Z11.9000 F2500.0
G4 P0.02
G1 X128.2105 Y-252.6151 F12000.0
G1 X128.0584 Y-252.3600
G1 X127.7667 Y-252.1821
G1 X127.4263 Y-252.1369
G1 X127.0929 Y-252.2230
G1 X126.9072 Y-252.3496
G1 X126.7691 Y-252.5108
G1 X126.6013 Y-253.1438
G1 X126.6233 Y-253.3795
G1 X126.7483 Y-253.8241
G1 X126.8881 Y-254.0194
G1 X127.0743 Y-254.1610
G1 X127.2870 Y-254.2440
G1 X127.6473 Y-254.2498
G1 X127.8643 Y-254.1770
G1 X128.0803 Y-253.9941
G1 X128.0706 Y-254.0217
G1 Z0.0000 F2500.0
G4 P0.02
G0 X126.8352 Y-253.9742 F15000.0
G1 Z11.9000 F2500.0
G4 P0.02
G1 X126.7877 Y-253.8791 F12000.0
G1 Z0.0000 F2500.0
G4 P0.02
G0 X129.0209 Y-252.2636 F15000.0
G1 Z11.9000 F2500.0
G4 P0.02
G1 X129.0488 Y-253.1071 F12000.0
G1 X129.1185 Y-253.1774
G1 X129.5558 Y-253.3548
G1 X129.7802 Y-253.6383
G1 X130.0124 Y-254.0822
G1 X130.2563 Y-254.2117
G1 Z0.0000 F2500.0
G4 P0.02
G0 X129.0209 Y-254.1642 F15000.0
G1 Z11.9000 F2500.0
G4 P0.02
G1 X129.0443 Y-253.3150 F12000.0
G1 X129.1079 Y-253.2428
G1 X129.5383 Y-253.1861
G1 X129.6045 Y-253.2704
G1 X129.5440 Y-253.2108
G1 X129.5664 Y-253.1563
G1 X129.6650 Y-253.2605
G1 X129.7551 Y-253.5625
G1 X129.6707 Y-253.3585
G1 X129.7343 Y-252.9828
G1 X129.6446 Y-253.0540
G1 X130.2563 Y-252.1211
G1 Z0.0000 F2500.0
G4 P0.02
G0 X131.0165 Y-254.1642 F15000.0
G1 Z11.9000 F2500.0
G4 P0.02
G1 X131.0460 Y-252.5899 F12000.0
G1 X131.1163 Y-252.5549
G1 X131.5014 Y-252.7265
G1 X132.1417 Y-253.6905
G1 X132.3657 Y-253.8483
G1 X132.1526 Y-253.7416
G1 X132.4436 Y-253.8287
G1 X132.5102 Y-253.7841
G1 X132.5370 Y-252.2161
G1 Z0.0000 F2500.0
G4 P0.02
G0 X131.1116 Y-252.5012 F15000.0
G1 Z11.9000 F2500.0
G4 P0.02
G1 X131.0685 Y-252.3857 F12000.0
G1 X131.1241 Y-252.4707
G1 X131.5524 Y-252.7957
G1 X131.9892 Y-253.5278
G1 X132.4398 Y-253.9221
G1 X132.5370 Y-254.1167
G1 Z0.0000 F2500.0
G4 P0.02
G0 X131.7293 Y-253.1189 F15000.0
G1 Z11.9000 F2500.0
G4 P0.02
G1 X131.7293 Y-253.0714 F12000.0
G1 Z0.0000 F2500.0
G4 P0.02
G0 X133.4873 Y-253.3089 F15000.0
G1 Z11.9000 F2500.0
G4 P0.02
G1 X133.5049 Y-253.5488 F12000.0
G1 X133.5739 Y-253.7681
G1 X133.6964 Y-253.9695
G1 X133.8736 Y-254.1202
G1 X134.1907 Y-254.2488
G1 X134.4327 Y-254.2573
G1 X134.6604 Y-254.2107
G1 X134.8616 Y-254.1027
G1 X135.0073 Y-253.9252
G1 X135.1085 Y-253.7200
G1 X135.1616 Y-253.3924
G1 X135.1121 Y-253.3133
G1 X134.8961 Y-253.2627
G1 X133.5497 Y-253.2494
G1 X133.4721 Y-253.2035
G1 X133.4456 Y-253.1091
G1 X133.5864 Y-252.5574
G1 X133.7530 Y-252.3565
G1 X134.0412 Y-252.1999
G1 X134.3808 Y-252.1346
G1 X134.7512 Y-252.2026
G1 X135.0010 Y-252.3783
G1 X134.9518 Y-252.3102
G1 X134.7702 Y-252.2161
G1 X134.8652 Y-252.2636
G1 X134.9128 Y-252.3111
G1 Z0.0000 F2500.0
G4 P0.02
G0 X133.6299 Y-253.8791 F15000.0
G1 Z11.9000 F2500.0
G4 P0.02
G1 X133.7249 Y-254.0217 F12000.0
G1 Z0.0000 F2500.0
G4 P0.02
G0 X137.5231 Y-252.2636 F15000.0
G1 Z11.9000 F2500.0
G4 P0.02
G1 X137.5247 Y-253.9920 F12000.0
G1 X137.5555 Y-254.1674
G1 X138.9008 Y-254.1841
G1 X138.9695 Y-254.1186
G1 X138.9930 Y-254.0124
G1 X139.0210 Y-252.2958
G1 X139.1642 Y-252.1123
G1 X139.9604 Y-251.4285
G1 X140.0282 Y-252.3853
G1 X140.6404 Y-252.1761
G1 X140.9737 Y-252.1634
G1 X141.2860 Y-252.2933
G1 X141.4316 Y-252.4712
G1 X141.5331 Y-252.6761
G1 X141.6075 Y-253.0160
G1 X141.6010 Y-253.5058
G1 X141.5500 Y-253.7318
G1 X141.2738 Y-254.1026
G1 X140.9639 Y-254.2465
G1 X140.6145 Y-254.2204
G1 X140.0605 Y-254.0226
G1 X139.9858 Y-254.0462
G1 X139.9777 Y-254.0916
G1 X140.1712 Y-254.0421
G1 X140.3387 Y-254.1187
G1 X140.0685 Y-253.9841
G1 X140.0126 Y-253.8968
G1 X139.9475 Y-253.4342
G1 X139.9476 Y-252.9410
G1 X139.9922 Y-252.5896
G1 X140.0989 Y-252.4048
G1 X140.5641 Y-252.1686
G1 Z0.0000 F2500.0
G4 P0.02
G0 X143.9852 Y-253.8791 F15000.0
G1 Z11.9000 F2500.0
G4 P0.02
G1 X143.9718 Y-253.9061 F12000.0
G1 X144.0943 Y-253.6596
G1 X144.1497 Y-253.1995
G1 X144.1034 Y-252.7346
G1 X143.9337 Y-252.4293
G1 X143.6578 Y-252.2216
G1 X143.3230 Y-252.1391
G1 X142.9850 Y-252.1856
G1 X142.6816 Y-252.3470
G1 X142.4704 Y-252.6217
G1 X142.3834 Y-252.9562
G1 X142.3838 Y-253.4388
G1 X142.5261 Y-253.8740
G1 X142.8831 Y-254.1783
G1 X143.2208 Y-254.2575
G1 X143.5721 Y-254.2141
G1 X143.7758 Y-254.1123
G1 X143.9377 Y-253.9742
G1 Z0.0000 F2500.0
G4 P0.02
G0 X143.9852 Y-252.5012 F15000.0
G1 Z11.9000 F2500.0
G4 P0.02
G1 X143.9866 Y-252.4672 F12000.0
G1 X144.8520 Y-253.2446
G1 X144.9116 Y-253.3417
G1 X145.0303 Y-253.7851
G1 X145.1654 Y-254.0052
G1 X145.5401 Y-254.2290
G1 X145.8974 Y-254.2573
G1 X146.1237 Y-254.2075
G1 X146.4035 Y-254.0095
G1 X146.5651 Y-253.7070
G1 X146.6062 Y-253.3776
G1 X146.5505 Y-253.3035
G1 X146.4479 Y-253.2699
G1 X144.9860 Y-253.2447
G1 X144.9158 Y-253.1916
G1 X144.9045 Y-252.9790
G1 X145.0926 Y-252.4674
G1 X145.3973 Y-252.2336
G1 X145.7286 Y-252.1428
G1 X146.1540 Y-252.1889
G1 X146.4372 Y-252.3858
G1 X146.3095 Y-252.2516
G1 X146.4801 Y-252.3013
G1 X147.4480 Y-252.2834
G1 X147.5200 Y-252.3318
G1 X147.5454 Y-252.4290
G1 X147.5536 Y-253.0394
G1 X147.5871 Y-253.1374
G1 X148.1193 Y-253.3715
G1 X148.2640 Y-253.5533
G1 X148.5376 Y-254.0400
G1 X148.4771 Y-253.9771
G1 X148.3830 Y-253.7774
G1 X148.6913 Y-254.1913
G1 X148.5941 Y-254.1642
G1 Z0.0000 F2500.0
G4 P0.02
G0 X147.5488 Y-254.1642 F15000.0
G1 Z11.9000 F2500.0
G4 P0.02
G1 X147.5722 Y-253.3150 F12000.0
G1 X147.6358 Y-253.2428
G1 X148.0662 Y-253.1861
G1 X148.1324 Y-253.2704
G1 X148.0752 Y-253.2075
G1 X148.1089 Y-253.1181
G1 X148.2888 Y-252.9140
G1 X148.7842 Y-252.1211
G1 Z0.0000 F2500.0
G4 P0.02
G0 X149.5444 Y-254.1642 F15000.0
G1 Z11.9000 F2500.0
G4 P0.02
G1 X149.5452 Y-252.4350 F12000.0
G1 X149.5953 Y-252.2255
G1 X149.6841 Y-252.1809
G1 X151.2345 Y-252.1608
G1 X151.3152 Y-252.1169
G1 X151.3457 Y-252.0239
G1 X151.3308 Y-251.6338
G1 X151.0821 Y-252.2575
G1 X151.0649 Y-253.8602
G1 X151.0885 Y-254.0837
G1 X151.1524 Y-254.1434
G1 X151.9929 Y-254.1608
G1 X152.0909 Y-254.1353
G1 X152.1422 Y-254.0631
G1 X152.1777 Y-252.6125
G1 X152.2330 Y-252.5533
G1 X152.4342 Y-252.6157
G1 X152.6638 Y-252.7511
G1 X152.9621 Y-253.1948
G1 X153.1838 Y-253.6319
G1 X153.5059 Y-253.8472
G1 X153.3700 Y-253.8037
G1 X153.5760 Y-253.9896
G1 X153.6193 Y-253.9659
G1 X153.6764 Y-253.6469
G1 X153.6782 Y-252.2161
G1 Z0.0000 F2500.0
G4 P0.02
G0 X152.8705 Y-253.0714 F15000.0
G1 Z11.9000 F2500.0
G4 P0.02
G1 X153.1691 Y-253.6058 F12000.0
G1 X153.1489 Y-253.5135
G1 X152.6850 Y-252.7720
G1 X152.3276 Y-252.5250
G1 X152.2115 Y-252.3934
G1 X152.2528 Y-252.5012
G1 Z0.0000 F2500.0
G4 P0.02
G0 X154.7236 Y-254.1642 F15000.0
G1 Z11.9000 F2500.0
G4 P0.02
G1 X154.7272 Y-252.6853 F12000.0
G1 X154.7530 Y-252.5899
G1 X154.8232 Y-252.5549
G1 X155.2083 Y-252.7265
G1 X155.7776 Y-253.6575
G1 X156.0602 Y-253.8341
G1 X155.9321 Y-253.7897
G1 X156.1693 Y-254.0020
G1 X156.2401 Y-253.7182
G1 X156.2440 Y-252.2161
G1 Z0.0000 F2500.0
G4 P0.02
G0 X155.2462 Y-252.8338 F15000.0
G1 Z11.9000 F2500.0
G4 P0.02
G1 X155.3689 Y-252.9751 F12000.0
G1 X155.7423 Y-253.6016
G1 X155.4764 Y-253.1189
G1 X155.2113 Y-252.7380
G1 X154.8532 Y-252.4868
G1 X154.7636 Y-252.3757
G1 X154.8186 Y-252.5012
G1 Z0.0000 F2500.0
G4 P0.02
G0 X158.6198 Y-253.8791 F15000.0
G1 Z11.9000 F2500.0
G4 P0.02
G1 X158.8253 Y-254.1171 F12000.0
G1 X159.1407 Y-254.2504
G1 X159.3834 Y-254.2573
G1 X159.6104 Y-254.2091
G1 X159.7779 Y-254.1226
G1 X159.8986 Y-253.9955
G1 X160.0775 Y-253.6315
G1 X160.1023 Y-253.3013
G1 X160.0427 Y-253.2387
G1 X159.3796 Y-253.2156
G1 X159.9857 Y-253.2491
G1 X160.0812 Y-253.2263
G1 X160.1260 Y-253.1526
G1 X160.0380 Y-252.5899
G1 X159.7371 Y-252.2197
G1 X159.4217 Y-252.1361
G1 X159.0791 Y-252.1768
G1 X158.7693 Y-252.3212
G1 X158.6114 Y-252.5351
G1 X159.8487 Y-252.3081
G1 X159.9502 Y-252.4537
G1 Z0.0000 F2500.0
G4 P0.02
G0 X161.5657 Y-252.2161 F15000.0
G1 Z11.9000 F2500.0
G4 P0.02
G1 X161.5592 Y-254.1549 F12000.0
G1 X161.4022 Y-254.2107
G1 X160.8926 Y-254.2117
G1 X162.3625 Y-254.2079
G1 X163.0717 Y-254.1371
G1 X163.1325 Y-253.9473
G1 X163.1553 Y-252.6085
G1 X163.2133 Y-252.5535
G1 X163.4161 Y-252.6187
G1 X163.6437 Y-252.7562
G1 X164.1659 Y-253.6445
G1 X164.4725 Y-253.8494
G1 X164.3521 Y-253.7992
G1 X164.5627 Y-253.9945
G1 X164.6265 Y-253.8614
G1 X164.6530 Y-253.6270
G1 X164.6542 Y-252.2161
G1 Z0.0000 F2500.0
G4 P0.02
G0 X163.2287 Y-252.5012 F15000.0
G1 Z11.9000 F2500.0
G4 P0.02
G1 X163.1857 Y-252.3857 F12000.0
G1 X163.2412 Y-252.4707
G1 X163.6696 Y-252.7957
G1 X164.2527 Y-253.7102
G1 X165.2145 Y-254.2457
G1 X165.4277 Y-254.3119
G1 X165.6248 Y-254.2385
G1 X166.0683 Y-253.6165
G1 X166.2473 Y-253.5078
G1 X166.3472 Y-253.5059
G1 X166.6694 Y-253.7207
G1 X167.1016 Y-254.2556
G1 X166.9779 Y-254.1545
G1 X166.4416 Y-253.5043
G1 X166.4938 Y-253.5069
G1 X166.2024 Y-252.9980
G1 X166.2607 Y-253.0511
G1 X166.3376 Y-253.2589
G1 X166.3148 Y-253.3646
G1 X165.8271 Y-252.5272
G1 X165.5173 Y-252.1548
G1 X165.3931 Y-252.1075
G1 X165.6072 Y-252.2625
G1 X165.6305 Y-252.2454
G1 X165.5649 Y-252.1792
G1 X165.7100 Y-252.3758
G1 X165.6209 Y-252.2011
G1 X166.3136 Y-253.0239
G1 X166.5574 Y-252.9060
G1 X167.0600 Y-252.2017
G1 X167.3625 Y-252.0260
G1 Z0.0000 F2500.0
G4 P0.02
G0 X169.7843 Y-252.2161 F15000.0
G1 Z11.9000 F2500.0
G4 P0.02
G1 X169.7772 Y-254.1441 F12000.0
G1 X169.7328 Y-254.1957
G1 X169.0240 Y-254.2117
G1 Z0.0000 F2500.0
G4 P0.02
G0 X169.7843 Y-254.2117 F15000.0
G1 Z11.9000 F2500.0
G4 P0.02
G1 X170.5445 Y-254.2117 F12000.0
G1 Z0.0000 F2500.0
G4 P0.02
G0 X172.7777 Y-253.9742 F15000.0
G1 Z11.9000 F2500.0
G4 P0.02
G1 X172.4939 Y-254.1835 F12000.0
G1 X172.2736 Y-254.2483
G1 X172.0318 Y-254.2573
G1 X171.6985 Y-254.1674
G1 X171.4268 Y-253.9432
G1 X171.2710 Y-253.6372
G1 X171.2100 Y-253.1685
G1 X171.2266 Y-252.9283
G1 X171.3208 Y-252.5967
G1 X171.4522 Y-252.4052
G1 X171.7441 Y-252.2178
G1 X172.0766 Y-252.1426
G1 X172.5227 Y-252.2323
G1 X172.7920 Y-252.4520
G1 X172.9526 Y-252.7600
G1 X172.9896 Y-253.2278
G1 X172.9536 Y-253.5732
G1 X172.8119 Y-253.9097
G1 X172.8252 Y-253.8791
G1 Z0.0000 F2500.0
G4 P0.02
G0 X172.8252 Y-252.5012 F15000.0
G1 Z11.9000 F2500.0
G4 P0.02
G1 X172.7777 Y-252.4062 F12000.0
G1 Z0.0000 F2500.0
G4 P0.02
G0 X173.7280 Y-254.1642 F15000.0
G1 Z11.9000 F2500.0
G4 P0.02
G1 X173.7581 Y-253.5590 F12000.0
G1 X173.8988 Y-253.2505
G1 X174.0856 Y-253.1202
G1 X174.2992 Y-253.0423
G1 X175.1989 Y-253.1128
G1 X175.2477 Y-252.9440
G1 X175.2485 Y-252.3687
G1 X175.2489 Y-253.9280
G1 X175.2833 Y-254.0950
G1 X176.1236 Y-253.3774
G1 X176.2841 Y-253.8707
G1 X176.3742 Y-253.9995
G1 X176.5356 Y-254.1191
G1 X176.7411 Y-254.2195
G1 X176.9723 Y-254.2580
G1 X177.2126 Y-254.2443
G1 X177.4267 Y-254.1649
G1 X177.6062 Y-254.0229
G1 X177.7715 Y-253.7218
G1 X177.8260 Y-253.3944
G1 X177.7774 Y-253.3146
G1 X177.5623 Y-253.2627
G1 X176.2153 Y-253.2499
G1 X176.1367 Y-253.2050
G1 X176.1097 Y-253.1112
G1 X176.2122 Y-252.6651
G1 X176.3029 Y-252.4744
G1 X176.5997 Y-252.2461
G1 X177.0429 Y-252.1346
G1 X177.4135 Y-252.2014
G1 X177.6472 Y-252.3799
G1 X177.6161 Y-252.3103
G1 X177.5214 Y-252.2505
G1 X177.6817 Y-252.2971
G1 X178.5364 Y-252.2736
G1 X178.7306 Y-252.3185
G1 X178.7978 Y-253.1226
G1 X178.8757 Y-253.1866
G1 X179.3219 Y-253.3600
G1 X179.5250 Y-253.5741
G1 X179.3685 Y-253.2137
G1 X179.5235 Y-253.6252
G1 X179.7568 Y-254.0811
G1 X180.0000 Y-254.2117
G1 Z0.0000 F2500.0
G4 P0.02
G0 X178.7646 Y-254.1642 F15000.0
G1 Z11.9000 F2500.0
G4 P0.02
G1 X178.7880 Y-253.3150 F12000.0
G1 X178.8516 Y-253.2428
G1 X179.3288 Y-253.1597
G1 X179.3505 Y-253.2870
G1 X179.3035 Y-253.1807
G1 X179.3499 Y-253.0889
G1 X179.4637 Y-252.9771
G1 X179.3903 Y-253.0513
G1 X180.0000 Y-252.1211
G1 Z0.0000 F2500.0
G4 P0.02
G0 X171.0539 Y-244.8773 F15000.0
G1 Z11.9000 F2500.0
G4 P0.02
G1 X0.0000 Y-244.8773 F12000.0
G1 Z0.0000 F2500.0
G4 P0.02

G0 Z0.0000 F800.0
G4 P0.02
G0 X0.0000 Y0.0000 F15000.0
M5
G4 P0.10
