; hatch density controlled A4
G21
G90
G0 Z3.500
F3000
G0 X3.522 Y-23.524
G1 Z0.000 F1200
G1 X176.478 Y-23.524
G1 X176.478 Y-256.476
G1 X3.522 Y-256.476
G1 X3.522 Y-23.524
G0 Z3.500
G0 X20.747 Y-34.815
G1 Z0.000 F1200
G1 X24.032 Y-32.399
G1 X28.659 Y-29.491
G0 Z3.500
G0 X28.000 Y-32.928
G1 Z0.000 F1200
G1 X27.341 Y-33.692
G1 X24.964 Y-35.272
G1 X24.026 Y-35.654
G1 X22.411 Y-36.927
G0 Z3.500
G0 X19.778 Y-37.884
G1 Z0.000 F1200
G1 X18.769 Y-38.824
G1 X17.670 Y-39.247
G1 X15.718 Y-40.951
G1 X14.570 Y-41.505
G1 X12.596 Y-43.133
G0 Z3.500
G0 X13.940 Y-42.756
G1 Z0.000 F1200
G1 X14.945 Y-42.242
G1 X15.674 Y-41.428
G1 X16.567 Y-41.051
G1 X17.328 Y-40.287
G1 X19.836 Y-38.536
G0 Z3.500
G0 X18.747 Y-42.108
G1 Z0.000 F1200
G1 X17.626 Y-43.177
G1 X15.340 Y-44.362
G1 X13.181 Y-46.185
G1 X11.263 Y-47.466
G0 Z3.500
G0 X13.118 Y-46.670
G1 Z0.000 F1200
G1 X6.509 Y-51.487
G0 Z3.500
G0 X13.885 Y-54.450
G1 Z0.000 F1200
G1 X19.005 Y-51.576
G0 Z3.500
G0 X19.067 Y-49.514
G1 Z0.000 F1200
G1 X22.341 Y-46.947
G1 X24.604 Y-45.690
G1 X25.532 Y-44.652
G1 X26.796 Y-44.074
G0 Z3.500
G0 X24.826 Y-43.963
G1 Z0.000 F1200
G1 X19.081 Y-47.963
G1 X17.916 Y-48.572
G0 Z3.500
G0 X24.000 Y-45.438
G1 Z0.000 F1200
G1 X25.651 Y-44.045
G1 X27.376 Y-43.189
G1 X29.793 Y-41.263
G0 Z3.500
G0 X29.150 Y-39.101
G1 Z0.000 F1200
G1 X22.499 Y-43.422
G0 Z3.500
G0 X23.968 Y-42.828
G1 Z0.000 F1200
G1 X26.364 Y-40.973
G1 X28.633 Y-39.604
G1 X29.806 Y-38.551
G1 X30.989 Y-38.039
G1 X31.956 Y-36.925
G0 Z3.500
G0 X33.255 Y-36.959
G1 Z0.000 F1200
G1 X25.777 Y-42.103
G0 Z3.500
G0 X23.678 Y-40.628
G1 Z0.000 F1200
G1 X25.762 Y-39.235
G1 X26.647 Y-38.878
G1 X27.603 Y-37.950
G1 X30.557 Y-36.004
G0 Z3.500
G0 X33.212 Y-41.373
G1 Z0.000 F1200
G1 X38.061 Y-37.982
G0 Z3.500
G0 X39.112 Y-37.800
G1 Z0.000 F1200
G1 X37.257 Y-39.435
G1 X34.547 Y-41.059
G0 Z3.500
G0 X35.947 Y-42.895
G1 Z0.000 F1200
G1 X34.270 Y-43.835
G1 X33.611 Y-44.577
G1 X32.614 Y-44.952
G1 X31.944 Y-45.759
G1 X30.320 Y-46.696
G0 Z3.500
G0 X31.099 Y-46.987
G1 Z0.000 F1200
G1 X30.209 Y-47.868
G1 X29.423 Y-48.123
G1 X28.500 Y-49.057
G1 X25.277 Y-51.315
G0 Z3.500
G0 X16.075 Y-39.902
G1 Z0.000 F1200
G1 X14.488 Y-41.156
G1 X13.634 Y-41.435
G1 X11.128 Y-43.417
G1 X10.478 Y-43.686
G0 Z3.500
G0 X23.567 Y-70.079
G1 Z0.000 F1200
G1 X21.305 Y-70.896
G1 X19.201 Y-72.138
G1 X18.003 Y-72.534
G1 X16.791 Y-73.357
G1 X15.768 Y-73.677
G0 Z3.500
G0 X20.416 Y-74.845
G1 Z0.000 F1200
G1 X21.344 Y-74.679
G1 X23.130 Y-73.759
G1 X23.987 Y-73.031
G1 X26.787 Y-72.042
G0 Z3.500
G0 X29.376 Y-67.105
G1 Z0.000 F1200
G1 X33.346 Y-65.112
G1 X35.243 Y-64.494
G1 X36.123 Y-63.833
G0 Z3.500
G0 X35.406 Y-70.403
G1 Z0.000 F1200
G1 X36.494 Y-70.238
G1 X37.510 Y-69.580
G1 X38.701 Y-69.141
G1 X39.791 Y-68.304
G1 X42.894 Y-66.968
G0 Z3.500
G0 X42.382 Y-69.044
G1 Z0.000 F1200
G1 X40.233 Y-70.315
G1 X39.599 Y-70.334
G1 X37.436 Y-71.352
G0 Z3.500
G0 X40.798 Y-75.789
G1 Z0.000 F1200
G1 X42.387 Y-75.307
G1 X46.461 Y-73.114
G0 Z3.500
G0 X45.250 Y-74.688
G1 Z0.000 F1200
G1 X42.779 Y-76.076
G1 X41.185 Y-76.571
G1 X39.644 Y-77.535
G0 Z3.500
G0 X39.732 Y-79.081
G1 Z0.000 F1200
G1 X38.878 Y-78.887
G1 X37.191 Y-77.671
G1 X36.707 Y-77.653
G0 Z3.500
G0 X29.460 Y-78.837
G1 Z0.000 F1200
G1 X24.981 Y-81.162
G1 X23.903 Y-81.407
G1 X21.761 Y-82.737
G0 Z3.500
G0 X24.334 Y-84.565
G1 Z0.000 F1200
G1 X25.577 Y-85.712
G1 X26.228 Y-85.867
G1 X26.554 Y-86.222
G1 X27.135 Y-86.192
G1 X27.473 Y-86.786
G0 Z3.500
G0 X23.643 Y-87.307
G1 Z0.000 F1200
G1 X20.754 Y-88.937
G1 X18.406 Y-89.847
G0 Z3.500
G0 X17.401 Y-89.377
G1 Z0.000 F1200
G1 X17.868 Y-89.345
G1 X19.215 Y-88.620
G1 X19.820 Y-88.015
G1 X20.531 Y-87.884
G1 X21.767 Y-87.205
G0 Z3.500
G0 X22.132 Y-86.675
G1 Z0.000 F1200
G1 X20.336 Y-85.390
G1 X17.774 Y-84.259
G0 Z3.500
G0 X16.365 Y-80.539
G1 Z0.000 F1200
G1 X22.021 Y-77.783
G0 Z3.500
G0 X17.652 Y-78.714
G1 Z0.000 F1200
G1 X12.355 Y-81.469
G1 X10.202 Y-82.359
G0 Z3.500
G0 X14.326 Y-102.269
G1 Z0.000 F1200
G1 X10.298 Y-110.103
G0 Z3.500
G0 X9.457 Y-110.200
G1 Z0.000 F1200
G1 X13.233 Y-115.917
G0 Z3.500
G0 X13.696 Y-116.117
G1 Z0.000 F1200
G1 X14.087 Y-115.922
G1 X14.478 Y-116.313
G1 X14.478 Y-117.096
G1 X13.304 Y-117.488
G1 X13.109 Y-117.096
G1 X13.696 Y-116.313
G0 Z3.500
G0 X13.777 Y-116.730
G1 Z0.000 F1200
G1 X17.069 Y-121.592
G0 Z3.500
G0 X17.413 Y-122.186
G1 Z0.000 F1200
G1 X19.174 Y-121.990
G1 X19.565 Y-123.361
G1 X18.978 Y-123.948
G1 X17.804 Y-123.752
G1 X17.022 Y-122.773
G1 X17.217 Y-122.382
G0 Z3.500
G0 X17.623 Y-122.399
G1 Z0.000 F1200
G1 X19.292 Y-124.814
G0 Z3.500
G0 X19.971 Y-125.001
G1 Z0.000 F1200
G1 X19.775 Y-122.071
G0 Z3.500
G0 X19.414 Y-121.878
G1 Z0.000 F1200
G1 X18.348 Y-124.823
G0 Z3.500
G0 X18.993 Y-125.814
G1 Z0.000 F1200
G1 X21.705 Y-120.606
G0 Z3.500
G0 X21.669 Y-120.199
G1 Z0.000 F1200
G1 X22.756 Y-117.262
G0 Z3.500
G0 X23.028 Y-116.528
G1 Z0.000 F1200
G1 X24.386 Y-112.856
G0 Z3.500
G0 X24.657 Y-112.121
G1 Z0.000 F1200
G1 X25.467 Y-109.916
G0 Z3.500
G0 X25.966 Y-110.845
G1 Z0.000 F1200
G1 X26.221 Y-114.752
G0 Z3.500
G0 X25.564 Y-114.118
G1 Z0.000 F1200
G1 X24.211 Y-117.792
G0 Z3.500
G0 X23.940 Y-118.526
G1 Z0.000 F1200
G1 X22.581 Y-122.198
G0 Z3.500
G0 X23.314 Y-122.100
G1 Z0.000 F1200
G1 X19.507 Y-116.405
G0 Z3.500
G0 X19.422 Y-117.190
G1 Z0.000 F1200
G1 X19.707 Y-121.095
G0 Z3.500
G0 X19.639 Y-121.038
G1 Z0.000 F1200
G1 X15.828 Y-115.346
G0 Z3.500
G0 X15.862 Y-116.458
G1 Z0.000 F1200
G1 X16.117 Y-120.365
G0 Z3.500
G0 X15.457 Y-120.228
G1 Z0.000 F1200
G1 X15.457 Y-121.599
G1 X16.043 Y-122.186
G1 X17.217 Y-122.382
G1 X17.609 Y-121.990
G1 X17.609 Y-121.207
G1 X16.630 Y-120.033
G1 X15.457 Y-120.033
G0 Z3.500
G0 X15.147 Y-120.324
G1 Z0.000 F1200
G1 X15.933 Y-118.110
G0 Z3.500
G0 X15.457 Y-118.858
G1 Z0.000 F1200
G1 X17.022 Y-118.662
G1 X17.413 Y-119.250
G1 X15.652 Y-119.837
G1 X15.457 Y-119.054
G0 Z3.500
G0 X14.674 Y-118.662
G1 Z0.000 F1200
G1 X15.457 Y-118.662
G1 X15.261 Y-119.837
G1 X13.891 Y-119.641
G1 X13.500 Y-118.858
G1 X14.478 Y-118.662
G0 Z3.500
G0 X14.218 Y-118.535
G1 Z0.000 F1200
G1 X13.837 Y-112.675
G0 Z3.500
G0 X14.087 Y-111.615
G1 Z0.000 F1200
G1 X14.283 Y-115.139
G1 X13.891 Y-115.726
G1 X14.478 Y-116.313
G1 X14.478 Y-117.096
G1 X15.457 Y-117.684
G1 X15.652 Y-118.662
G1 X17.022 Y-118.662
G1 X17.609 Y-119.054
G1 X18.196 Y-118.467
G1 X18.196 Y-117.879
G1 X18.978 Y-117.292
G1 X18.978 Y-116.705
G1 X18.783 Y-117.488
G1 X19.565 Y-122.577
G1 X19.174 Y-123.948
G1 X19.957 Y-124.731
G1 X21.913 Y-125.122
G1 X19.957 Y-124.731
G1 X18.783 Y-123.752
G1 X17.804 Y-123.752
G1 X17.217 Y-122.969
G1 X16.826 Y-122.969
G1 X15.848 Y-123.948
G1 X14.674 Y-123.948
G1 X14.087 Y-123.361
G1 X12.717 Y-123.361
G1 X11.935 Y-123.948
G1 X12.717 Y-123.361
G1 X12.522 Y-122.577
G1 X11.152 Y-120.816
G1 X10.370 Y-121.011
G1 X11.152 Y-120.816
G1 X12.130 Y-119.837
G1 X12.717 Y-117.684
G1 X10.761 Y-117.488
G1 X9.391 Y-115.922
G1 X9.391 Y-115.334
G1 X8.804 Y-115.139
G1 X9.196 Y-114.943
G1 X9.391 Y-114.160
G1 X8.609 Y-114.160
G1 X9.391 Y-114.160
G1 X9.783 Y-113.768
G1 X9.587 Y-112.594
G1 X9.783 Y-113.181
G1 X10.565 Y-112.790
G1 X10.957 Y-112.985
G1 X10.761 Y-112.790
G1 X9.783 Y-113.377
G1 X9.587 Y-114.160
G1 X10.761 Y-114.356
G1 X11.152 Y-113.768
G1 X11.152 Y-114.551
G1 X11.739 Y-114.356
G1 X11.348 Y-114.356
G1 X10.957 Y-114.943
G1 X12.130 Y-114.943
G1 X11.739 Y-115.334
G1 X11.739 Y-115.922
G1 X12.130 Y-116.117
G1 X11.739 Y-116.313
G1 X11.739 Y-116.900
G1 X12.130 Y-117.488
G1 X12.913 Y-117.684
G1 X14.283 Y-115.139
G1 X14.283 Y-114.356
G1 X13.696 Y-114.160
G1 X14.283 Y-113.964
G1 X14.087 Y-111.419
G0 Z3.500
G0 X15.735 Y-110.686
G1 Z0.000 F1200
G1 X18.967 Y-115.589
G0 Z3.500
G0 X17.311 Y-116.051
G1 Z0.000 F1200
G1 X12.815 Y-124.745
G0 Z3.500
G0 X12.786 Y-124.523
G1 Z0.000 F1200
G1 X12.608 Y-121.592
G0 Z3.500
G0 X12.717 Y-122.186
G1 Z0.000 F1200
G1 X13.696 Y-121.990
G1 X14.283 Y-122.577
G1 X14.087 Y-123.165
G1 X12.717 Y-123.361
G1 X12.522 Y-122.382
G0 Z3.500
G0 X12.550 Y-120.614
G1 Z0.000 F1200
G1 X12.197 Y-114.752
G0 Z3.500
G0 X12.490 Y-112.378
G1 Z0.000 F1200
G1 X10.231 Y-116.719
G0 Z3.500
G0 X10.174 Y-116.313
G1 Z0.000 F1200
G1 X10.761 Y-117.488
G1 X12.130 Y-117.488
G1 X11.152 Y-115.922
G1 X10.174 Y-116.117
G0 Z3.500
G0 X8.686 Y-115.979
G1 Z0.000 F1200
G1 X8.451 Y-112.071
G0 Z3.500
G0 X7.394 Y-111.593
G1 Z0.000 F1200
G1 X11.194 Y-117.293
G0 Z3.500
G0 X11.742 Y-118.104
G1 Z0.000 F1200
G1 X14.508 Y-122.140
G0 Z3.500
G0 X14.453 Y-122.444
G1 Z0.000 F1200
G1 X14.277 Y-119.512
G0 Z3.500
G0 X13.996 Y-119.072
G1 Z0.000 F1200
G1 X14.782 Y-116.858
G0 Z3.500
G0 X13.500 Y-117.488
G1 Z0.000 F1200
G1 X15.065 Y-117.292
G1 X15.457 Y-118.271
G1 X14.674 Y-118.662
G1 X13.109 Y-118.662
G1 X12.717 Y-117.879
G1 X13.304 Y-117.488
G0 Z3.500
G0 X12.326 Y-118.662
G1 Z0.000 F1200
G1 X12.913 Y-118.467
G1 X13.891 Y-119.250
G1 X13.696 Y-121.011
G1 X12.522 Y-121.207
G1 X11.739 Y-120.424
G1 X12.326 Y-118.858
G0 Z3.500
G0 X13.734 Y-119.809
G1 Z0.000 F1200
G1 X12.156 Y-124.234
G0 Z3.500
G0 X13.071 Y-124.291
G1 Z0.000 F1200
G1 X10.281 Y-120.270
G0 Z3.500
G0 X11.348 Y-120.620
G1 Z0.000 F1200
G1 X11.739 Y-120.424
G1 X12.717 Y-121.207
G1 X12.913 Y-121.990
G1 X12.326 Y-122.382
G1 X11.348 Y-120.816
G0 Z3.500
G0 X13.891 Y-120.228
G1 Z0.000 F1200
G1 X13.891 Y-122.186
G1 X14.283 Y-122.577
G1 X15.457 Y-122.577
G1 X15.848 Y-121.990
G1 X15.457 Y-121.599
G1 X15.457 Y-120.033
G1 X13.891 Y-120.033
G0 Z3.500
G0 X14.885 Y-121.062
G1 Z0.000 F1200
G1 X13.837 Y-124.013
G0 Z3.500
G0 X15.457 Y-122.577
G1 Z0.000 F1200
G1 X14.087 Y-122.773
G1 X14.087 Y-123.361
G1 X14.674 Y-123.948
G1 X15.848 Y-123.948
G1 X17.022 Y-122.773
G1 X16.826 Y-122.186
G1 X15.652 Y-122.382
G0 Z3.500
G0 X16.178 Y-121.342
G1 Z0.000 F1200
G1 X16.356 Y-124.273
G0 Z3.500
G0 X16.360 Y-124.413
G1 Z0.000 F1200
G1 X19.052 Y-119.195
G0 Z3.500
G0 X19.503 Y-118.326
G1 Z0.000 F1200
G1 X21.322 Y-114.860
G0 Z3.500
G0 X22.108 Y-115.831
G1 Z0.000 F1200
G1 X25.352 Y-120.725
G0 Z3.500
G0 X24.906 Y-120.731
G1 Z0.000 F1200
G1 X25.354 Y-126.587
G0 Z3.500
G0 X24.413 Y-127.099
G1 Z0.000 F1200
G1 X35.720 Y-130.260
G0 Z3.500
G0 X35.086 Y-130.684
G1 Z0.000 F1200
G1 X31.762 Y-125.844
G0 Z3.500
G0 X32.223 Y-125.125
G1 Z0.000 F1200
G1 X32.569 Y-130.007
G0 Z3.500
G0 X31.417 Y-129.619
G1 Z0.000 F1200
G1 X34.210 Y-133.637
G0 Z3.500
G0 X33.344 Y-132.784
G1 Z0.000 F1200
G1 X32.559 Y-134.998
G0 Z3.500
G0 X31.448 Y-134.658
G1 Z0.000 F1200
G1 X35.229 Y-127.800
G0 Z3.500
G0 X35.985 Y-127.717
G1 Z0.000 F1200
G1 X32.707 Y-122.845
G0 Z3.500
G0 X33.868 Y-123.048
G1 Z0.000 F1200
G1 X34.116 Y-126.955
G0 Z3.500
G0 X35.455 Y-126.886
G1 Z0.000 F1200
G1 X36.256 Y-124.678
G0 Z3.500
G0 X37.497 Y-123.775
G1 Z0.000 F1200
G1 X37.730 Y-127.683
G0 Z3.500
G0 X38.561 Y-127.158
G1 Z0.000 F1200
G1 X35.304 Y-122.273
G0 Z3.500
G0 X34.863 Y-122.063
G1 Z0.000 F1200
G1 X32.512 Y-126.355
G0 Z3.500
G0 X32.039 Y-127.212
G1 Z0.000 F1200
G1 X28.271 Y-134.076
G0 Z3.500
G0 X28.544 Y-133.919
G1 Z0.000 F1200
G1 X24.079 Y-127.487
G0 Z3.500
G0 X23.319 Y-129.133
G1 Z0.000 F1200
G1 X22.234 Y-132.071
G0 Z3.500
G0 X21.756 Y-132.597
G1 Z0.000 F1200
G1 X19.534 Y-129.374
G0 Z3.500
G0 X20.217 Y-128.909
G1 Z0.000 F1200
G1 X20.394 Y-131.840
G0 Z3.500
G0 X19.383 Y-131.565
G1 Z0.000 F1200
G1 X23.457 Y-123.755
G0 Z3.500
G0 X23.493 Y-124.197
G1 Z0.000 F1200
G1 X24.580 Y-121.259
G0 Z3.500
G0 X25.896 Y-121.539
G1 Z0.000 F1200
G1 X28.088 Y-124.782
G0 Z3.500
G0 X28.640 Y-125.590
G1 Z0.000 F1200
G1 X30.860 Y-128.814
G0 Z3.500
G0 X30.913 Y-129.038
G1 Z0.000 F1200
G1 X30.717 Y-129.429
G1 X31.696 Y-130.408
G1 X34.043 Y-130.408
G1 X33.848 Y-129.038
G1 X31.109 Y-129.038
G0 Z3.500
G0 X31.093 Y-128.717
G1 Z0.000 F1200
G1 X16.209 Y-132.092
G0 Z3.500
G0 X14.410 Y-130.471
G1 Z0.000 F1200
G1 X11.079 Y-125.635
G0 Z3.500
G0 X11.902 Y-126.476
G1 Z0.000 F1200
G1 X10.053 Y-129.927
G0 Z3.500
G0 X10.736 Y-129.408
G1 Z0.000 F1200
G1 X8.523 Y-126.179
G0 Z3.500
G0 X5.960 Y-126.728
G1 Z0.000 F1200
G1 X2.066 Y-121.092
G0 Z3.500
G0 X2.039 Y-120.550
G1 Z0.000 F1200
G1 X3.647 Y-116.136
G0 Z3.500
G0 X3.326 Y-116.117
G1 Z0.000 F1200
G1 X2.543 Y-116.900
G1 X2.739 Y-117.096
G1 X4.304 Y-116.900
G1 X3.913 Y-115.726
G1 X3.326 Y-115.922
G0 Z3.500
G0 X2.543 Y-117.292
G1 Z0.000 F1200
G1 X4.109 Y-117.096
G1 X4.696 Y-117.684
G1 X4.500 Y-118.662
G1 X3.522 Y-119.054
G1 X2.543 Y-118.075
G1 X2.543 Y-117.488
G0 Z3.500
G0 X1.833 Y-116.527
G1 Z0.000 F1200
G1 X4.616 Y-120.551
G0 Z3.500
G0 X5.417 Y-120.132
G1 Z0.000 F1200
G1 X5.075 Y-115.250
G0 Z3.500
G0 X5.369 Y-115.930
G1 Z0.000 F1200
G1 X4.285 Y-118.868
G0 Z3.500
G0 X4.015 Y-119.603
G1 Z0.000 F1200
G1 X2.406 Y-124.017
G0 Z3.500
G0 X2.253 Y-124.278
G1 Z0.000 F1200
G1 X1.879 Y-119.399
G0 Z3.500
G0 X2.031 Y-119.008
G1 Z0.000 F1200
G1 X5.796 Y-112.142
G0 Z3.500
G0 X6.260 Y-111.281
G1 Z0.000 F1200
G1 X8.551 Y-106.956
G0 Z3.500
G0 X8.381 Y-108.565
G1 Z0.000 F1200
G1 X6.222 Y-105.300
G0 Z3.500
G0 X6.343 Y-104.673
G1 Z0.000 F1200
G1 X2.149 Y-112.419
G0 Z3.500
G0 X2.209 Y-112.731
G1 Z0.000 F1200
G1 X5.502 Y-117.592
G0 Z3.500
G0 X6.162 Y-117.880
G1 Z0.000 F1200
G1 X9.846 Y-110.971
G0 Z3.500
G0 X6.856 Y-110.775
G1 Z0.000 F1200
G1 X4.168 Y-106.686
G0 Z3.500
G0 X6.652 Y-106.330
G1 Z0.000 F1200
G1 X5.870 Y-108.287
G1 X6.848 Y-108.483
G1 X7.239 Y-107.896
G1 X6.848 Y-108.483
G1 X6.848 Y-109.657
G1 X7.435 Y-110.049
G1 X6.848 Y-109.657
G1 X6.652 Y-108.483
G1 X5.478 Y-108.679
G1 X5.674 Y-109.657
G1 X5.283 Y-108.287
G1 X4.891 Y-108.287
G1 X4.109 Y-107.308
G1 X2.935 Y-106.917
G1 X4.109 Y-107.308
G1 X4.891 Y-108.287
G1 X5.674 Y-108.483
G1 X6.065 Y-108.091
G1 X6.065 Y-107.308
G1 X5.478 Y-106.721
G1 X6.065 Y-107.308
G1 X6.457 Y-107.113
G1 X6.652 Y-106.134
G0 Z3.500
G0 X6.904 Y-107.322
G1 Z0.000 F1200
G1 X6.088 Y-109.525
G0 Z3.500
G0 X4.798 Y-112.164
G1 Z0.000 F1200
G1 X7.520 Y-116.230
G0 Z3.500
G0 X9.196 Y-114.551
G1 Z0.000 F1200
G1 X9.391 Y-115.922
G1 X9.783 Y-116.313
G1 X10.761 Y-115.726
G1 X10.761 Y-114.356
G1 X9.196 Y-114.356
G0 Z3.500
G0 X4.304 Y-113.573
G1 Z0.000 F1200
G1 X3.913 Y-113.768
G1 X3.913 Y-114.356
G1 X4.500 Y-114.551
G1 X3.913 Y-114.747
G1 X4.304 Y-117.292
G1 X4.891 Y-117.488
G1 X5.283 Y-116.509
G1 X5.674 Y-117.096
G1 X6.652 Y-116.117
G1 X6.457 Y-115.726
G1 X6.652 Y-116.117
G1 X4.696 Y-117.684
G1 X4.500 Y-118.662
G1 X3.130 Y-119.837
G1 X3.130 Y-123.165
G1 X4.304 Y-124.144
G1 X6.065 Y-124.339
G1 X5.478 Y-124.339
G1 X5.283 Y-124.731
G1 X6.065 Y-124.927
G1 X5.478 Y-124.927
G1 X4.891 Y-124.144
G1 X4.304 Y-124.144
G1 X3.130 Y-123.361
G1 X2.543 Y-123.948
G1 X2.348 Y-126.101
G1 X2.543 Y-123.948
G1 X3.130 Y-123.361
G1 X3.130 Y-119.837
G1 X3.522 Y-119.250
G1 X2.543 Y-118.075
G1 X2.348 Y-115.922
G1 X2.543 Y-114.943
G1 X2.935 Y-115.530
G1 X3.130 Y-114.747
G1 X2.543 Y-114.160
G1 X2.935 Y-113.768
G1 X3.717 Y-113.964
G1 X4.109 Y-113.573
G0 Z3.500
G0 X3.184 Y-113.420
G1 Z0.000 F1200
G1 X3.682 Y-120.254
G0 Z3.500
G0 X3.756 Y-121.230
G1 Z0.000 F1200
G1 X3.982 Y-124.157
G0 Z3.500
G0 X5.783 Y-125.013
G1 Z0.000 F1200
G1 X6.008 Y-127.940
G0 Z3.500
G0 X4.157 Y-127.899
G1 Z0.000 F1200
G1 X6.992 Y-122.756
G0 Z3.500
G0 X5.693 Y-118.739
G1 Z0.000 F1200
G1 X1.910 Y-125.595
G0 Z3.500
G0 X2.941 Y-132.025
G1 Z0.000 F1200
G1 X15.512 Y-129.069
G0 Z3.500
G0 X15.457 Y-126.884
G1 Z0.000 F1200
G1 X15.457 Y-127.863
G1 X16.043 Y-128.059
G1 X15.652 Y-128.059
G1 X15.261 Y-128.646
G1 X14.674 Y-128.450
G1 X14.870 Y-128.646
G1 X15.457 Y-128.450
G1 X15.457 Y-126.688
G0 Z3.500
G0 X15.911 Y-125.283
G1 Z0.000 F1200
G1 X13.194 Y-130.489
G0 Z3.500
G0 X11.727 Y-129.911
G1 Z0.000 F1200
G1 X12.522 Y-127.701
G0 Z3.500
G0 X9.586 Y-130.787
G1 Z0.000 F1200
G1 X6.756 Y-135.933
G0 Z3.500
G0 X9.002 Y-138.236
G1 Z0.000 F1200
G1 X10.882 Y-134.802
G0 Z3.500
G0 X14.858 Y-140.243
G1 Z0.000 F1200
G1 X18.036 Y-134.174
G0 Z3.500
G0 X19.348 Y-131.020
G1 Z0.000 F1200
G1 X20.149 Y-128.812
G0 Z3.500
G0 X20.080 Y-127.984
G1 Z0.000 F1200
G1 X30.381 Y-125.635
G0 Z3.500
G0 X29.524 Y-125.560
G1 Z0.000 F1200
G1 X28.467 Y-128.508
G0 Z3.500
G0 X27.748 Y-128.553
G1 Z0.000 F1200
G1 X31.100 Y-133.374
G0 Z3.500
G0 X31.146 Y-134.483
G1 Z0.000 F1200
G1 X31.932 Y-132.269
G0 Z3.500
G0 X30.911 Y-131.104
G1 Z0.000 F1200
G1 X30.689 Y-128.176
G0 Z3.500
G0 X30.416 Y-127.551
G1 Z0.000 F1200
G1 X29.363 Y-130.501
G0 Z3.500
G0 X29.543 Y-129.821
G1 Z0.000 F1200
G1 X29.152 Y-130.408
G1 X29.348 Y-130.995
G1 X28.957 Y-130.408
G1 X27.196 Y-130.408
G1 X27.196 Y-131.974
G1 X26.804 Y-132.365
G1 X27.000 Y-132.757
G1 X29.348 Y-133.344
G1 X29.543 Y-132.953
G1 X28.957 Y-131.974
G1 X29.348 Y-132.170
G1 X29.739 Y-131.778
G1 X31.304 Y-131.582
G1 X31.109 Y-129.821
G1 X30.717 Y-129.429
G1 X29.739 Y-129.625
G0 Z3.500
G0 X31.109 Y-130.408
G1 Z0.000 F1200
G1 X31.500 Y-130.212
G1 X34.043 Y-130.799
G1 X34.239 Y-132.757
G1 X33.652 Y-133.148
G1 X32.674 Y-133.148
G1 X34.435 Y-132.953
G1 X35.217 Y-134.127
G1 X34.630 Y-134.910
G1 X32.087 Y-134.519
G1 X30.913 Y-133.736
G1 X31.304 Y-132.757
G1 X31.109 Y-130.604
G0 Z3.500
G0 X31.567 Y-128.803
G1 Z0.000 F1200
G1 X29.729 Y-133.967
G0 Z3.500
G0 X29.348 Y-132.170
G1 Z0.000 F1200
G1 X29.739 Y-133.344
G1 X30.717 Y-133.344
G1 X31.304 Y-132.757
G1 X31.109 Y-131.778
G1 X29.543 Y-131.974
G0 Z3.500
G0 X27.595 Y-133.298
G1 Z0.000 F1200
G1 X27.380 Y-130.370
G0 Z3.500
G0 X27.935 Y-129.981
G1 Z0.000 F1200
G1 X26.595 Y-133.659
G0 Z3.500
G0 X25.844 Y-133.421
G1 Z0.000 F1200
G1 X25.641 Y-130.492
G0 Z3.500
G0 X24.775 Y-129.663
G1 Z0.000 F1200
G1 X23.689 Y-132.601
G0 Z3.500
G0 X24.874 Y-132.854
G1 Z0.000 F1200
G1 X21.528 Y-128.028
G0 Z3.500
G0 X20.935 Y-130.212
G1 Z0.000 F1200
G1 X22.304 Y-130.016
G1 X23.087 Y-131.191
G1 X21.326 Y-131.387
G1 X20.543 Y-130.995
G1 X20.739 Y-130.408
G0 Z3.500
G0 X22.020 Y-132.967
G1 Z0.000 F1200
G1 X26.608 Y-124.323
G0 Z3.500
G0 X26.609 Y-124.927
G1 Z0.000 F1200
G1 X26.217 Y-125.710
G1 X23.870 Y-125.122
G1 X25.239 Y-125.318
G1 X26.609 Y-126.101
G1 X26.609 Y-125.122
G0 Z3.500
G0 X27.008 Y-125.490
G1 Z0.000 F1200
G1 X27.307 Y-129.394
G0 Z3.500
G0 X27.190 Y-127.749
G1 Z0.000 F1200
G1 X23.863 Y-122.910
G0 Z3.500
G0 X23.917 Y-122.891
G1 Z0.000 F1200
G1 X27.181 Y-116.868
G0 Z3.500
G0 X27.652 Y-116.010
G1 Z0.000 F1200
G1 X30.009 Y-111.721
G0 Z3.500
G0 X29.652 Y-112.550
G1 Z0.000 F1200
G1 X29.949 Y-117.435
G0 Z3.500
G0 X31.500 Y-116.900
G1 Z0.000 F1200
G1 X31.500 Y-121.011
G1 X31.304 Y-117.684
G1 X30.717 Y-117.292
G1 X31.109 Y-117.488
G1 X31.500 Y-116.705
G0 Z3.500
G0 X31.530 Y-116.556
G1 Z0.000 F1200
G1 X28.814 Y-112.485
G0 Z3.500
G0 X27.269 Y-113.905
G1 Z0.000 F1200
G1 X25.661 Y-118.320
G0 Z3.500
G0 X24.757 Y-118.779
G1 Z0.000 F1200
G1 X24.539 Y-115.851
G0 Z3.500
G0 X24.261 Y-115.726
G1 Z0.000 F1200
G1 X23.674 Y-117.488
G1 X23.870 Y-118.075
G1 X25.043 Y-117.879
G1 X25.826 Y-115.726
G1 X25.435 Y-115.334
G1 X24.457 Y-115.530
G0 Z3.500
G0 X24.468 Y-114.875
G1 Z0.000 F1200
G1 X24.197 Y-110.969
G0 Z3.500
G0 X24.044 Y-109.801
G1 Z0.000 F1200
G1 X27.850 Y-115.497
G0 Z3.500
G0 X28.390 Y-116.314
G1 Z0.000 F1200
G1 X31.625 Y-121.214
G0 Z3.500
G0 X30.522 Y-122.186
G1 Z0.000 F1200
G1 X30.130 Y-122.577
G1 X28.957 Y-122.773
G1 X29.935 Y-122.773
G1 X29.739 Y-123.752
G1 X30.326 Y-125.318
G1 X30.130 Y-126.101
G1 X29.543 Y-126.297
G1 X29.152 Y-125.905
G1 X29.348 Y-125.514
G1 X28.957 Y-125.905
G1 X27.391 Y-125.710
G1 X28.370 Y-125.710
G1 X29.348 Y-126.297
G1 X29.348 Y-126.884
G1 X30.717 Y-128.059
G1 X30.522 Y-129.429
G1 X28.957 Y-129.038
G1 X28.174 Y-128.059
G1 X28.957 Y-129.038
G1 X29.935 Y-129.429
G1 X29.152 Y-130.408
G1 X27.000 Y-130.016
G1 X26.609 Y-127.667
G1 X27.783 Y-126.688
G1 X27.783 Y-126.297
G1 X27.196 Y-127.276
G1 X26.804 Y-127.471
G1 X26.609 Y-127.080
G1 X26.804 Y-127.471
G1 X26.413 Y-127.863
G1 X25.435 Y-127.863
G1 X24.457 Y-126.688
G1 X25.239 Y-127.863
G1 X24.848 Y-128.059
G1 X23.870 Y-127.471
G1 X24.848 Y-128.059
G1 X26.609 Y-128.059
G1 X26.804 Y-129.233
G1 X25.826 Y-129.429
G1 X26.609 Y-129.429
G1 X27.196 Y-130.212
G1 X27.196 Y-131.974
G1 X26.804 Y-132.365
G1 X24.848 Y-131.974
G1 X25.630 Y-130.799
G1 X25.043 Y-131.191
G1 X25.043 Y-130.212
G1 X24.261 Y-130.212
G1 X24.261 Y-129.233
G1 X23.674 Y-128.842
G1 X24.261 Y-129.233
G1 X24.261 Y-129.821
G1 X23.283 Y-130.604
G1 X22.891 Y-130.408
G1 X22.891 Y-129.821
G1 X22.696 Y-130.408
G1 X22.304 Y-130.016
G1 X21.130 Y-130.016
G1 X20.543 Y-130.408
G1 X19.565 Y-128.450
G1 X20.152 Y-129.233
G1 X19.957 Y-130.016
G1 X19.174 Y-129.625
G1 X20.152 Y-130.016
G1 X20.543 Y-130.995
G1 X19.370 Y-131.387
G1 X12.326 Y-129.625
G1 X11.935 Y-129.038
G1 X12.326 Y-128.450
G1 X11.739 Y-128.254
G1 X11.739 Y-127.080
G1 X11.739 Y-129.038
G1 X9.000 Y-128.646
G1 X8.609 Y-128.254
G1 X8.609 Y-125.710
G1 X8.413 Y-128.450
G1 X5.870 Y-127.863
G1 X8.217 Y-128.450
G1 X8.609 Y-128.254
G1 X10.370 Y-129.038
G1 X11.935 Y-129.038
G1 X12.326 Y-129.625
G1 X18.391 Y-131.191
G1 X22.891 Y-131.387
G1 X23.674 Y-131.974
G1 X26.609 Y-132.365
G1 X27.783 Y-133.148
G1 X30.717 Y-133.344
G1 X31.696 Y-134.323
G1 X33.848 Y-134.910
G1 X35.804 Y-134.323
G1 X36.783 Y-135.693
G1 X37.957 Y-136.281
G1 X40.304 Y-136.672
G1 X46.370 Y-139.021
G1 X47.348 Y-139.021
G1 X48.326 Y-139.804
G1 X49.696 Y-139.804
G1 X52.239 Y-140.979
G1 X53.217 Y-140.783
G1 X53.804 Y-141.566
G1 X55.370 Y-142.153
G1 X56.348 Y-142.153
G1 X56.935 Y-141.762
G1 X57.717 Y-142.936
G1 X58.696 Y-143.328
G1 X64.174 Y-143.328
G1 X65.543 Y-144.894
G1 X66.913 Y-145.285
G1 X69.261 Y-145.481
G1 X70.043 Y-145.090
G1 X70.630 Y-145.873
G1 X72.587 Y-146.069
G1 X74.739 Y-146.852
G1 X77.870 Y-147.243
G1 X78.261 Y-147.635
G1 X80.413 Y-147.830
G1 X81.391 Y-147.047
G1 X81.978 Y-147.830
G1 X82.761 Y-147.635
G1 X81.978 Y-147.830
G1 X81.391 Y-147.047
G1 X81.978 Y-146.460
G1 X82.174 Y-144.111
G1 X83.152 Y-144.307
G1 X82.957 Y-145.285
G1 X83.152 Y-144.111
G1 X83.543 Y-143.719
G1 X82.957 Y-143.719
G1 X83.152 Y-142.936
G1 X82.957 Y-143.915
G1 X81.978 Y-144.111
G1 X81.783 Y-142.936
G1 X81.783 Y-143.719
G1 X81.000 Y-143.524
G1 X79.239 Y-141.958
G1 X78.065 Y-141.566
G1 X77.478 Y-140.979
G1 X77.478 Y-140.392
G1 X76.891 Y-140.000
G1 X76.891 Y-139.608
G1 X77.870 Y-138.630
G1 X77.870 Y-138.042
G1 X77.283 Y-137.651
G1 X77.674 Y-136.281
G1 X77.674 Y-137.064
G1 X77.087 Y-137.651
G1 X76.500 Y-137.455
G1 X76.500 Y-135.889
G1 X77.283 Y-135.106
G1 X77.283 Y-134.519
G1 X78.261 Y-133.736
G1 X78.457 Y-132.561
G1 X78.261 Y-133.736
G1 X77.283 Y-134.519
G1 X77.283 Y-135.106
G1 X76.696 Y-135.693
G1 X75.717 Y-134.519
G1 X76.500 Y-135.693
G1 X76.304 Y-136.476
G1 X75.130 Y-136.085
G1 X74.935 Y-135.693
G1 X75.130 Y-136.085
G1 X76.500 Y-136.672
G1 X76.304 Y-139.804
G1 X75.717 Y-140.392
G1 X74.935 Y-140.392
G1 X75.717 Y-140.392
G1 X76.696 Y-139.804
G1 X77.478 Y-140.392
G1 X77.478 Y-140.979
G1 X78.848 Y-141.958
G1 X78.848 Y-142.545
G1 X79.239 Y-141.958
G1 X81.978 Y-144.111
G1 X81.978 Y-146.460
G1 X81.391 Y-146.852
G1 X80.804 Y-145.677
G1 X81.391 Y-147.047
G1 X80.413 Y-147.830
G1 X75.717 Y-147.047
G1 X75.130 Y-142.545
G1 X75.522 Y-146.656
G1 X74.739 Y-146.852
G1 X72.783 Y-146.264
G1 X72.783 Y-141.370
G1 X72.587 Y-145.873
G1 X70.630 Y-145.873
G1 X70.239 Y-145.090
G1 X71.022 Y-144.698
G1 X71.413 Y-144.894
G1 X69.457 Y-144.894
G1 X68.478 Y-143.132
G1 X68.870 Y-142.741
G1 X70.239 Y-142.741
G1 X68.674 Y-142.545
G1 X68.870 Y-141.762
G1 X70.239 Y-140.979
G1 X69.261 Y-141.370
G1 X69.065 Y-141.175
G1 X69.065 Y-137.455
G1 X69.652 Y-137.259
G1 X70.043 Y-137.651
G1 X70.043 Y-138.434
G1 X70.826 Y-138.825
G1 X70.043 Y-138.434
G1 X70.043 Y-137.651
G1 X69.652 Y-137.259
G1 X70.043 Y-136.672
G1 X70.043 Y-133.931
G1 X70.043 Y-136.672
G1 X69.457 Y-137.259
G1 X68.674 Y-136.476
G1 X68.674 Y-135.889
G1 X69.261 Y-135.498
G1 X68.870 Y-135.693
G1 X68.870 Y-135.106
G1 X68.478 Y-135.693
G1 X67.891 Y-135.106
G1 X68.478 Y-135.693
G1 X67.304 Y-136.281
G1 X68.478 Y-135.889
G1 X69.261 Y-137.064
G1 X68.870 Y-138.238
G1 X68.478 Y-138.434
G1 X69.065 Y-138.825
G1 X68.870 Y-142.349
G1 X68.478 Y-143.132
G1 X67.696 Y-142.741
G1 X68.478 Y-143.328
G1 X68.087 Y-143.719
G1 X68.478 Y-143.915
G1 X68.087 Y-145.481
G1 X65.543 Y-144.894
G1 X64.370 Y-143.524
G1 X65.152 Y-142.936
G1 X66.130 Y-143.719
G1 X64.957 Y-142.741
G1 X64.957 Y-140.587
G1 X65.543 Y-140.196
G1 X65.152 Y-139.804
G1 X65.348 Y-138.825
G1 X64.957 Y-138.825
G1 X64.957 Y-137.651
G1 X66.717 Y-137.455
G1 X67.696 Y-137.847
G1 X66.522 Y-137.259
G1 X66.326 Y-136.281
G1 X66.326 Y-137.455
G1 X64.957 Y-137.455
G1 X64.565 Y-137.064
G1 X64.565 Y-136.085
G1 X64.761 Y-136.868
G1 X64.174 Y-137.259
G1 X63.196 Y-136.281
G1 X61.435 Y-136.476
G1 X61.043 Y-135.889
G1 X61.826 Y-137.259
G1 X62.022 Y-138.825
G1 X61.239 Y-139.608
G1 X60.652 Y-139.413
G1 X61.239 Y-139.608
G1 X61.043 Y-140.392
G1 X61.826 Y-141.175
G1 X60.457 Y-141.175
G1 X59.283 Y-140.196
G1 X57.522 Y-141.175
G1 X57.522 Y-138.238
G1 X58.500 Y-137.847
G1 X57.522 Y-137.847
G1 X57.913 Y-135.693
G1 X57.522 Y-138.238
G1 X56.935 Y-138.630
G1 X57.522 Y-138.630
G1 X57.522 Y-140.000
G1 X57.130 Y-140.196
G1 X55.761 Y-139.804
G1 X54.783 Y-138.825
G1 X54.783 Y-137.259
G1 X56.739 Y-136.281
G1 X55.957 Y-136.868
G1 X54.587 Y-136.868
G1 X54.978 Y-135.106
G1 X56.152 Y-134.715
G1 X56.543 Y-134.127
G1 X56.152 Y-134.715
G1 X55.174 Y-134.910
G1 X54.978 Y-133.931
G1 X55.370 Y-133.148
G1 X54.783 Y-134.127
G1 X53.609 Y-134.127
G1 X54.391 Y-133.931
G1 X54.978 Y-134.323
G1 X54.587 Y-136.281
G1 X53.609 Y-135.693
G1 X54.587 Y-136.281
G1 X54.587 Y-137.064
G1 X52.826 Y-137.064
G1 X54.587 Y-137.259
G1 X54.783 Y-138.630
G1 X53.022 Y-139.413
G1 X52.043 Y-139.413
G1 X51.457 Y-139.021
G1 X52.043 Y-139.413
G1 X53.804 Y-139.217
G1 X53.609 Y-140.587
G1 X52.239 Y-140.979
G1 X49.891 Y-140.000
G1 X49.891 Y-138.630
G1 X50.283 Y-138.434
G1 X49.696 Y-138.630
G1 X49.304 Y-137.847
G1 X50.087 Y-137.651
G1 X48.717 Y-137.455
G1 X48.717 Y-136.476
G1 X48.326 Y-137.455
G1 X47.739 Y-137.455
G1 X47.543 Y-136.672
G1 X47.543 Y-137.259
G1 X46.957 Y-137.455
G1 X46.370 Y-137.064
G1 X46.761 Y-136.476
G1 X46.565 Y-135.889
G1 X45.587 Y-136.476
G1 X44.804 Y-136.085
G1 X45.000 Y-135.302
G1 X46.565 Y-133.736
G1 X46.957 Y-133.736
G1 X46.370 Y-133.931
G1 X45.978 Y-133.344
G1 X46.370 Y-133.931
G1 X45.783 Y-134.715
G1 X45.196 Y-134.323
G1 X45.391 Y-134.910
G1 X45.000 Y-135.302
G1 X44.413 Y-134.715
G1 X45.000 Y-135.498
G1 X44.413 Y-136.281
G1 X43.826 Y-136.281
G1 X42.848 Y-135.302
G1 X42.848 Y-134.910
G1 X43.826 Y-134.323
G1 X43.630 Y-134.127
G1 X42.848 Y-134.910
G1 X41.674 Y-134.910
G1 X40.891 Y-135.302
G1 X40.696 Y-134.323
G1 X41.087 Y-133.931
G1 X42.261 Y-133.736
G1 X42.457 Y-133.148
G1 X41.478 Y-132.953
G1 X40.696 Y-133.540
G1 X39.913 Y-133.148
G1 X39.913 Y-132.365
G1 X40.500 Y-132.365
G1 X40.109 Y-132.170
G1 X40.500 Y-131.191
G1 X40.500 Y-129.821
G1 X40.500 Y-131.191
G1 X40.109 Y-131.974
G1 X37.370 Y-131.387
G1 X38.348 Y-131.387
G1 X39.717 Y-131.974
G1 X39.913 Y-133.148
G1 X40.500 Y-133.736
G1 X40.304 Y-133.931
G1 X36.391 Y-133.931
G1 X35.413 Y-134.323
G1 X34.239 Y-132.757
G1 X34.043 Y-130.995
G1 X35.609 Y-130.995
G1 X34.043 Y-130.604
G1 X34.043 Y-129.038
G1 X36.391 Y-129.038
G1 X34.826 Y-129.038
G1 X34.435 Y-128.646
G1 X34.630 Y-128.254
G1 X34.043 Y-129.038
G1 X32.087 Y-129.038
G1 X31.891 Y-128.646
G1 X33.457 Y-127.471
G1 X31.696 Y-128.842
G1 X30.717 Y-128.842
G1 X30.717 Y-128.254
G1 X31.696 Y-127.276
G1 X32.674 Y-127.276
G1 X31.696 Y-127.276
G1 X31.500 Y-126.884
G1 X31.500 Y-127.471
G1 X30.913 Y-128.059
G1 X30.130 Y-127.667
G1 X30.717 Y-126.884
G1 X30.717 Y-126.493
G1 X30.326 Y-127.276
G1 X29.935 Y-127.080
G1 X30.130 Y-125.514
G1 X31.891 Y-125.514
G1 X32.283 Y-125.122
G1 X31.891 Y-125.514
G1 X30.717 Y-125.514
G1 X30.130 Y-125.122
G1 X29.739 Y-122.969
G1 X30.326 Y-122.382
G0 Z3.500
G0 X30.267 Y-122.318
G1 Z0.000 F1200
G1 X30.616 Y-127.200
G0 Z3.500
G0 X32.239 Y-128.465
G1 Z0.000 F1200
G1 X43.691 Y-125.881
G0 Z3.500
G0 X45.510 Y-127.727
G1 Z0.000 F1200
G1 X42.360 Y-133.811
G0 Z3.500
G0 X42.528 Y-134.462
G1 Z0.000 F1200
G1 X41.444 Y-137.400
G0 Z3.500
G0 X42.102 Y-136.576
G1 Z0.000 F1200
G1 X37.643 Y-130.139
G0 Z3.500
G0 X37.848 Y-129.638
G1 Z0.000 F1200
G1 X38.226 Y-135.498
G0 Z3.500
G0 X37.957 Y-134.910
G1 Z0.000 F1200
G1 X37.565 Y-135.889
G1 X37.957 Y-136.281
G1 X39.326 Y-136.672
G1 X40.304 Y-136.476
G1 X40.109 Y-135.106
G1 X38.935 Y-135.106
G1 X38.152 Y-134.519
G1 X37.957 Y-134.715
G0 Z3.500
G0 X37.957 Y-134.323
G1 Z0.000 F1200
G1 X38.935 Y-135.106
G1 X40.696 Y-134.910
G1 X40.304 Y-133.931
G1 X37.957 Y-134.127
G0 Z3.500
G0 X37.897 Y-133.608
G1 Z0.000 F1200
G1 X36.823 Y-136.550
G0 Z3.500
G0 X36.651 Y-137.144
G1 Z0.000 F1200
G1 X46.927 Y-134.683
G0 Z3.500
G0 X47.053 Y-133.899
G1 Z0.000 F1200
G1 X47.420 Y-139.761
G0 Z3.500
G0 X47.199 Y-139.496
G1 Z0.000 F1200
G1 X48.249 Y-136.545
G0 Z3.500
G0 X49.011 Y-136.706
G1 Z0.000 F1200
G1 X49.262 Y-140.613
G0 Z3.500
G0 X48.485 Y-141.504
G1 Z0.000 F1200
G1 X52.084 Y-134.550
G0 Z3.500
G0 X53.749 Y-135.529
G1 Z0.000 F1200
G1 X62.783 Y-138.099
G0 Z3.500
G0 X62.217 Y-136.476
G1 Z0.000 F1200
G1 X63.196 Y-136.281
G1 X63.783 Y-137.064
G1 X64.565 Y-137.064
G1 X64.957 Y-137.455
G1 X65.348 Y-140.000
G1 X64.761 Y-140.979
G1 X64.174 Y-140.979
G1 X64.957 Y-141.175
G1 X64.957 Y-142.936
G1 X64.565 Y-143.328
G1 X63.000 Y-143.132
G1 X64.174 Y-141.762
G1 X62.804 Y-143.132
G1 X62.217 Y-142.545
G1 X62.413 Y-140.196
G1 X62.022 Y-141.175
G1 X61.043 Y-140.392
G1 X61.043 Y-139.804
G1 X61.826 Y-139.021
G1 X62.609 Y-139.021
G1 X62.022 Y-138.825
G1 X61.826 Y-137.259
G1 X61.435 Y-136.868
G1 X62.022 Y-136.476
G0 Z3.500
G0 X62.229 Y-135.979
G1 Z0.000 F1200
G1 X66.627 Y-142.457
G0 Z3.500
G0 X66.954 Y-142.319
G1 Z0.000 F1200
G1 X67.142 Y-145.249
G0 Z3.500
G0 X66.895 Y-145.755
G1 Z0.000 F1200
G1 X70.603 Y-138.860
G0 Z3.500
G0 X70.344 Y-139.138
G1 Z0.000 F1200
G1 X69.958 Y-133.278
G0 Z3.500
G0 X69.378 Y-132.779
G1 Z0.000 F1200
G1 X80.798 Y-130.056
G0 Z3.500
G0 X80.194 Y-129.618
G1 Z0.000 F1200
G1 X79.896 Y-124.733
G0 Z3.500
G0 X79.849 Y-125.554
G1 Z0.000 F1200
G1 X79.058 Y-127.766
G0 Z3.500
G0 X78.235 Y-126.812
G1 Z0.000 F1200
G1 X77.994 Y-122.904
G0 Z3.500
G0 X78.652 Y-122.969
G1 Z0.000 F1200
G1 X78.652 Y-125.318
G1 X78.261 Y-125.710
G1 X77.478 Y-125.514
G1 X77.478 Y-124.535
G1 X78.065 Y-124.339
G1 X77.478 Y-123.948
G1 X77.478 Y-124.927
G1 X76.891 Y-125.122
G1 X77.478 Y-125.318
G1 X77.283 Y-126.101
G1 X77.674 Y-125.710
G1 X78.261 Y-125.905
G1 X78.457 Y-126.688
G1 X78.065 Y-127.080
G1 X78.261 Y-126.884
G1 X78.848 Y-127.276
G1 X78.848 Y-127.863
G1 X79.826 Y-126.884
G1 X79.826 Y-126.493
G1 X79.239 Y-127.471
G1 X78.457 Y-127.080
G1 X78.261 Y-125.710
G1 X78.652 Y-125.318
G1 X78.652 Y-123.165
G0 Z3.500
G0 X79.143 Y-122.340
G1 Z0.000 F1200
G1 X76.879 Y-126.678
G0 Z3.500
G0 X77.898 Y-126.510
G1 Z0.000 F1200
G1 X78.695 Y-124.300
G0 Z3.500
G0 X79.089 Y-125.781
G1 Z0.000 F1200
G1 X75.749 Y-120.952
G0 Z3.500
G0 X72.641 Y-120.688
G1 Z0.000 F1200
G1 X70.417 Y-117.466
G0 Z3.500
G0 X70.603 Y-118.515
G1 Z0.000 F1200
G1 X70.887 Y-122.420
G0 Z3.500
G0 X71.196 Y-122.403
G1 Z0.000 F1200
G1 X72.012 Y-120.200
G0 Z3.500
G0 X72.000 Y-119.054
G1 Z0.000 F1200
G1 X71.804 Y-120.424
G1 X72.587 Y-120.424
G1 X71.804 Y-120.816
G1 X71.804 Y-121.599
G1 X71.217 Y-122.186
G1 X71.804 Y-121.599
G1 X71.804 Y-120.424
G1 X71.022 Y-120.228
G1 X70.239 Y-120.620
G1 X69.457 Y-120.033
G1 X69.652 Y-119.445
G1 X69.457 Y-119.837
G1 X70.239 Y-120.620
G1 X70.826 Y-119.837
G1 X70.826 Y-120.424
G1 X71.609 Y-120.228
G1 X72.196 Y-118.858
G0 Z3.500
G0 X70.092 Y-121.228
G1 Z0.000 F1200
G1 X66.749 Y-116.400
G0 Z3.500
G0 X69.006 Y-115.839
G1 Z0.000 F1200
G1 X65.398 Y-122.788
G0 Z3.500
G0 X64.939 Y-123.652
G1 Z0.000 F1200
G1 X61.676 Y-129.676
G0 Z3.500
G0 X61.047 Y-129.693
G1 Z0.000 F1200
G1 X58.355 Y-125.607
G0 Z3.500
G0 X58.813 Y-126.208
G1 Z0.000 F1200
G1 X59.051 Y-130.116
G0 Z3.500
G0 X58.634 Y-130.327
G1 Z0.000 F1200
G1 X59.445 Y-128.123
G0 Z3.500
G0 X61.764 Y-128.868
G1 Z0.000 F1200
G1 X52.755 Y-126.215
G0 Z3.500
G0 X53.636 Y-126.007
G1 Z0.000 F1200
G1 X52.297 Y-129.686
G0 Z3.500
G0 X51.243 Y-129.669
G1 Z0.000 F1200
G1 X55.867 Y-121.043
G0 Z3.500
G0 X55.261 Y-121.599
G1 Z0.000 F1200
G1 X56.077 Y-119.397
G0 Z3.500
G0 X56.337 Y-120.184
G1 Z0.000 F1200
G1 X59.623 Y-114.173
G0 Z3.500
G0 X58.536 Y-117.220
G1 Z0.000 F1200
G1 X61.872 Y-122.052
G0 Z3.500
G0 X62.424 Y-122.861
G1 Z0.000 F1200
G1 X64.615 Y-126.104
G0 Z3.500
G0 X65.348 Y-126.688
G1 Z0.000 F1200
G1 X65.739 Y-126.493
G1 X66.522 Y-127.276
G1 X66.326 Y-128.254
G1 X65.739 Y-128.059
G1 X65.348 Y-126.884
G0 Z3.500
G0 X65.159 Y-126.918
G1 Z0.000 F1200
G1 X67.320 Y-130.182
G0 Z3.500
G0 X65.670 Y-128.723
G1 Z0.000 F1200
G1 X66.721 Y-125.773
G0 Z3.500
G0 X67.192 Y-125.546
G1 Z0.000 F1200
G1 X63.876 Y-120.700
G0 Z3.500
G0 X65.626 Y-121.807
G1 Z0.000 F1200
G1 X66.045 Y-127.665
G0 Z3.500
G0 X64.258 Y-128.209
G1 Z0.000 F1200
G1 X65.832 Y-123.783
G0 Z3.500
G0 X69.457 Y-124.535
G1 Z0.000 F1200
G1 X70.826 Y-124.731
G1 X71.217 Y-127.080
G1 X71.609 Y-127.471
G1 X71.217 Y-127.080
G1 X70.826 Y-124.731
G1 X69.652 Y-124.535
G0 Z3.500
G0 X71.034 Y-124.372
G1 Z0.000 F1200
G1 X71.259 Y-127.300
G0 Z3.500
G0 X72.104 Y-128.928
G1 Z0.000 F1200
G1 X83.524 Y-126.205
G0 Z3.500
G0 X83.325 Y-126.075
G1 Z0.000 F1200
G1 X93.492 Y-128.953
G0 Z3.500
G0 X93.037 Y-129.523
G1 Z0.000 F1200
G1 X91.684 Y-133.197
G0 Z3.500
G0 X90.825 Y-132.989
G1 Z0.000 F1200
G1 X94.981 Y-125.224
G0 Z3.500
G0 X94.912 Y-124.373
G1 Z0.000 F1200
G1 X94.112 Y-126.582
G0 Z3.500
G0 X94.136 Y-126.681
G1 Z0.000 F1200
G1 X93.916 Y-123.752
G0 Z3.500
G0 X92.410 Y-123.875
G1 Z0.000 F1200
G1 X94.061 Y-126.303
G0 Z3.500
G0 X94.508 Y-126.816
G1 Z0.000 F1200
G1 X87.646 Y-128.405
G0 Z3.500
G0 X87.521 Y-129.536
G1 Z0.000 F1200
G1 X90.279 Y-133.578
G0 Z3.500
G0 X89.278 Y-131.926
G1 Z0.000 F1200
G1 X88.943 Y-127.044
G0 Z3.500
G0 X88.951 Y-127.202
G1 Z0.000 F1200
G1 X87.865 Y-130.139
G0 Z3.500
G0 X88.348 Y-131.449
G1 Z0.000 F1200
G1 X99.803 Y-128.877
G0 Z3.500
G0 X100.949 Y-128.623
G1 Z0.000 F1200
G1 X112.394 Y-126.011
G0 Z3.500
G0 X111.130 Y-126.297
G1 Z0.000 F1200
G1 X110.935 Y-128.059
G1 X109.761 Y-126.688
G1 X111.130 Y-128.646
G1 X111.717 Y-128.842
G1 X111.326 Y-128.842
G1 X110.935 Y-128.254
G1 X111.130 Y-126.884
G1 X111.717 Y-126.688
G1 X111.130 Y-126.493
G0 Z3.500
G0 X110.499 Y-127.936
G1 Z0.000 F1200
G1 X114.239 Y-121.058
G0 Z3.500
G0 X114.746 Y-121.788
G1 Z0.000 F1200
G1 X117.961 Y-126.703
G0 Z3.500
G0 X118.269 Y-126.527
G1 Z0.000 F1200
G1 X114.989 Y-132.542
G0 Z3.500
G0 X115.479 Y-131.919
G1 Z0.000 F1200
G1 X118.225 Y-135.969
G0 Z3.500
G0 X118.293 Y-136.160
G1 Z0.000 F1200
G1 X111.517 Y-134.237
G0 Z3.500
G0 X109.469 Y-135.975
G1 Z0.000 F1200
G1 X106.144 Y-131.136
G0 Z3.500
G0 X106.449 Y-129.107
G1 Z0.000 F1200
G1 X108.727 Y-124.777
G0 Z3.500
G0 X110.116 Y-122.190
G1 Z0.000 F1200
G1 X111.987 Y-118.751
G0 Z3.500
G0 X116.579 Y-116.759
G1 Z0.000 F1200
G1 X120.248 Y-109.843
G0 Z3.500
G0 X121.322 Y-110.061
G1 Z0.000 F1200
G1 X121.521 Y-112.990
G0 Z3.500
G0 X120.717 Y-112.398
G1 Z0.000 F1200
G1 X120.522 Y-112.985
G1 X121.304 Y-113.181
G1 X122.087 Y-112.398
G1 X121.304 Y-112.007
G1 X120.717 Y-112.202
G0 Z3.500
G0 X120.743 Y-111.281
G1 Z0.000 F1200
G1 X119.382 Y-114.952
G0 Z3.500
G0 X119.111 Y-115.687
G1 Z0.000 F1200
G1 X118.034 Y-118.627
G0 Z3.500
G0 X117.719 Y-117.421
G1 Z0.000 F1200
G1 X120.998 Y-122.292
G0 Z3.500
G0 X120.580 Y-122.214
G1 Z0.000 F1200
G1 X125.084 Y-113.524
G0 Z3.500
G0 X125.529 Y-112.653
G1 Z0.000 F1200
G1 X127.765 Y-108.299
G0 Z3.500
G0 X127.873 Y-109.711
G1 Z0.000 F1200
G1 X127.074 Y-111.920
G0 Z3.500
G0 X127.174 Y-112.594
G1 Z0.000 F1200
G1 X128.348 Y-112.398
G1 X128.739 Y-112.985
G1 X126.587 Y-114.943
G1 X126.196 Y-114.943
G1 X126.000 Y-113.964
G1 X126.978 Y-112.790
G0 Z3.500
G0 X126.807 Y-112.656
G1 Z0.000 F1200
G1 X125.191 Y-117.067
G0 Z3.500
G0 X125.925 Y-116.605
G1 Z0.000 F1200
G1 X124.260 Y-114.187
G0 Z3.500
G0 X123.706 Y-113.380
G1 Z0.000 F1200
G1 X119.858 Y-107.712
G0 Z3.500
G0 X118.039 Y-107.559
G1 Z0.000 F1200
G1 X114.802 Y-113.597
G0 Z3.500
G0 X114.395 Y-112.580
G1 Z0.000 F1200
G1 X117.168 Y-116.612
G0 Z3.500
G0 X117.140 Y-116.635
G1 Z0.000 F1200
G1 X118.211 Y-113.692
G0 Z3.500
G0 X117.196 Y-113.181
G1 Z0.000 F1200
G1 X117.391 Y-113.964
G1 X118.565 Y-115.139
G1 X119.348 Y-115.139
G1 X119.739 Y-114.747
G1 X119.935 Y-113.768
G1 X119.152 Y-112.985
G1 X117.196 Y-112.985
G0 Z3.500
G0 X117.000 Y-112.398
G1 Z0.000 F1200
G1 X117.391 Y-112.398
G1 X117.196 Y-113.377
G1 X116.609 Y-113.964
G1 X115.630 Y-113.964
G1 X115.239 Y-113.573
G1 X116.804 Y-112.398
G0 Z3.500
G0 X117.315 Y-111.699
G1 Z0.000 F1200
G1 X115.984 Y-115.381
G0 Z3.500
G0 X116.358 Y-116.295
G1 Z0.000 F1200
G1 X116.064 Y-111.410
G0 Z3.500
G0 X116.388 Y-111.235
G1 Z0.000 F1200
G1 X120.827 Y-117.685
G0 Z3.500
G0 X121.109 Y-117.292
G1 Z0.000 F1200
G1 X121.304 Y-117.684
G1 X122.087 Y-117.488
G1 X120.913 Y-117.879
G1 X120.913 Y-119.054
G1 X121.304 Y-119.250
G1 X122.087 Y-118.467
G1 X121.109 Y-119.445
G1 X121.109 Y-120.424
G1 X122.087 Y-120.033
G1 X124.239 Y-117.684
G1 X122.087 Y-120.033
G1 X120.913 Y-120.620
G1 X121.304 Y-121.011
G1 X121.500 Y-122.186
G1 X121.304 Y-121.011
G1 X120.717 Y-120.816
G1 X119.543 Y-121.599
G1 X119.543 Y-122.186
G1 X119.543 Y-121.599
G1 X120.913 Y-120.620
G1 X121.109 Y-120.033
G1 X121.109 Y-117.096
G0 Z3.500
G0 X121.739 Y-117.477
G1 Z0.000 F1200
G1 X120.104 Y-121.881
G0 Z3.500
G0 X118.957 Y-123.361
G1 Z0.000 F1200
G1 X119.152 Y-123.752
G1 X117.000 Y-127.667
G1 X116.217 Y-128.059
G1 X115.630 Y-129.038
G1 X115.239 Y-128.646
G1 X116.217 Y-129.821
G1 X116.413 Y-131.974
G1 X116.804 Y-132.365
G1 X115.826 Y-134.127
G1 X115.239 Y-134.323
G1 X115.630 Y-134.323
G1 X116.804 Y-135.889
G1 X115.239 Y-137.259
G1 X114.261 Y-136.672
G1 X113.478 Y-137.259
G1 X112.304 Y-137.064
G1 X112.109 Y-135.889
G1 X112.500 Y-138.630
G1 X113.478 Y-139.413
G1 X112.304 Y-140.587
G1 X111.717 Y-142.545
G1 X111.130 Y-143.132
G1 X110.935 Y-142.349
G1 X110.739 Y-143.328
G1 X109.565 Y-142.936
G1 X109.565 Y-142.349
G1 X110.152 Y-141.762
G1 X110.739 Y-141.762
G1 X110.543 Y-141.370
G1 X110.935 Y-140.783
G1 X109.370 Y-142.741
G1 X107.804 Y-142.545
G1 X107.609 Y-141.762
G1 X107.413 Y-142.349
G1 X105.652 Y-141.958
G1 X105.065 Y-141.370
G1 X104.870 Y-139.804
G1 X104.870 Y-141.370
G1 X103.304 Y-141.175
G1 X105.065 Y-141.370
G1 X106.630 Y-142.349
G1 X110.543 Y-143.132
G1 X112.304 Y-144.698
G1 X110.935 Y-143.328
G1 X111.717 Y-142.545
G1 X112.304 Y-140.587
G1 X113.283 Y-139.608
G1 X115.435 Y-139.608
G1 X118.565 Y-140.392
G1 X117.783 Y-140.000
G1 X115.630 Y-139.804
G1 X115.435 Y-139.413
G1 X116.022 Y-138.630
G1 X115.239 Y-139.608
G1 X113.674 Y-139.608
G1 X113.478 Y-139.217
G1 X114.457 Y-137.847
G1 X116.609 Y-136.085
G1 X118.174 Y-138.042
G1 X116.804 Y-136.085
G1 X116.804 Y-135.498
G1 X117.587 Y-134.715
G1 X118.174 Y-134.715
G1 X117.587 Y-134.519
G1 X117.391 Y-133.344
G1 X116.804 Y-132.757
G1 X117.196 Y-131.974
G1 X116.413 Y-131.974
G1 X116.217 Y-129.821
G1 X116.804 Y-129.429
G1 X115.826 Y-129.625
G1 X115.630 Y-129.038
G1 X116.609 Y-127.863
G1 X117.000 Y-128.450
G1 X117.000 Y-127.471
G1 X117.978 Y-126.101
G1 X117.978 Y-125.514
G1 X119.152 Y-123.752
G1 X118.957 Y-123.556
G0 Z3.500
G0 X116.021 Y-124.223
G1 Z0.000 F1200
G1 X119.274 Y-118.193
G0 Z3.500
G0 X119.732 Y-117.329
G1 Z0.000 F1200
G1 X123.341 Y-110.380
G0 Z3.500
G0 X124.470 Y-110.138
G1 Z0.000 F1200
G1 X123.380 Y-113.075
G0 Z3.500
G0 X124.630 Y-111.811
G1 Z0.000 F1200
G1 X124.239 Y-112.202
G1 X124.435 Y-112.985
G1 X126.000 Y-113.964
G1 X126.587 Y-113.377
G1 X126.391 Y-111.615
G1 X124.630 Y-111.615
G0 Z3.500
G0 X124.614 Y-110.406
G1 Z0.000 F1200
G1 X128.472 Y-116.067
G0 Z3.500
G0 X128.778 Y-116.407
G1 Z0.000 F1200
G1 X128.328 Y-110.552
G0 Z3.500
G0 X130.065 Y-110.430
G1 Z0.000 F1200
G1 X130.355 Y-114.335
G0 Z3.500
G0 X130.471 Y-114.718
G1 Z0.000 F1200
G1 X126.105 Y-108.219
G0 Z3.500
G0 X130.312 Y-110.103
G1 Z0.000 F1200
G1 X132.485 Y-113.359
G0 Z3.500
G0 X133.005 Y-113.247
G1 Z0.000 F1200
G1 X134.610 Y-108.832
G0 Z3.500
G0 X134.960 Y-108.146
G1 Z0.000 F1200
G1 X138.723 Y-113.871
G0 Z3.500
G0 X138.512 Y-114.017
G1 Z0.000 F1200
G1 X141.809 Y-108.011
G0 Z3.500
G0 X140.155 Y-107.001
G1 Z0.000 F1200
G1 X142.831 Y-111.099
G0 Z3.500
G0 X142.131 Y-110.737
G1 Z0.000 F1200
G1 X140.503 Y-115.144
G0 Z3.500
G0 X140.763 Y-116.323
G1 Z0.000 F1200
G1 X142.644 Y-112.890
G0 Z3.500
G0 X141.065 Y-112.985
G1 Z0.000 F1200
G1 X141.652 Y-112.790
G1 X142.043 Y-113.181
G1 X142.043 Y-113.964
G1 X141.652 Y-114.356
G1 X140.870 Y-113.964
G1 X140.870 Y-113.181
G0 Z3.500
G0 X139.500 Y-113.573
G1 Z0.000 F1200
G1 X140.674 Y-113.377
G1 X141.457 Y-114.551
G1 X141.457 Y-115.139
G1 X140.283 Y-115.139
G1 X139.304 Y-113.768
G0 Z3.500
G0 X139.224 Y-114.695
G1 Z0.000 F1200
G1 X138.991 Y-110.787
G0 Z3.500
G0 X138.687 Y-111.150
G1 Z0.000 F1200
G1 X137.593 Y-114.084
G0 Z3.500
G0 X136.414 Y-112.822
G1 Z0.000 F1200
G1 X137.505 Y-109.886
G0 Z3.500
G0 X137.205 Y-110.912
G1 Z0.000 F1200
G1 X136.971 Y-107.003
G0 Z3.500
G0 X138.149 Y-108.281
G1 Z0.000 F1200
G1 X135.329 Y-113.432
G0 Z3.500
G0 X135.602 Y-113.616
G1 Z0.000 F1200
G1 X131.292 Y-107.080
G0 Z3.500
G0 X132.023 Y-107.056
G1 Z0.000 F1200
G1 X130.702 Y-110.741
G0 Z3.500
G0 X130.438 Y-111.479
G1 Z0.000 F1200
G1 X129.383 Y-114.427
G0 Z3.500
G0 X128.348 Y-113.377
G1 Z0.000 F1200
G1 X128.935 Y-113.377
G1 X128.935 Y-114.160
G1 X127.565 Y-115.334
G1 X126.783 Y-115.334
G1 X126.587 Y-114.943
G1 X128.152 Y-113.377
G0 Z3.500
G0 X128.739 Y-112.790
G1 Z0.000 F1200
G1 X129.130 Y-113.964
G1 X130.109 Y-113.964
G1 X130.500 Y-113.573
G1 X130.500 Y-112.398
G1 X128.935 Y-112.594
G0 Z3.500
G0 X130.696 Y-112.007
G1 Z0.000 F1200
G1 X130.500 Y-113.768
G1 X130.891 Y-114.160
G1 X132.065 Y-113.964
G1 X132.457 Y-112.594
G1 X131.087 Y-111.615
G1 X130.696 Y-111.811
G0 Z3.500
G0 X131.283 Y-111.419
G1 Z0.000 F1200
G1 X131.870 Y-112.398
G1 X132.457 Y-112.594
G1 X132.848 Y-112.202
G1 X132.457 Y-111.419
G1 X131.870 Y-111.028
G1 X131.478 Y-111.223
G0 Z3.500
G0 X132.381 Y-110.520
G1 Z0.000 F1200
G1 X130.795 Y-114.942
G0 Z3.500
G0 X130.812 Y-115.463
G1 Z0.000 F1200
G1 X133.560 Y-110.274
G0 Z3.500
G0 X134.025 Y-109.413
G1 Z0.000 F1200
G1 X136.372 Y-105.118
G0 Z3.500
G0 X136.370 Y-105.155
G1 Z0.000 F1200
G1 X136.174 Y-108.091
G1 X135.783 Y-108.874
G1 X136.957 Y-109.070
G1 X137.543 Y-108.679
G1 X135.783 Y-109.266
G1 X135.587 Y-111.028
G1 X136.565 Y-111.223
G1 X137.739 Y-109.657
G1 X136.761 Y-111.028
G1 X137.739 Y-111.223
G1 X136.174 Y-111.419
G1 X137.152 Y-112.398
G1 X138.326 Y-112.790
G1 X138.913 Y-112.202
G1 X138.913 Y-110.636
G1 X139.109 Y-111.615
G1 X139.696 Y-111.615
G1 X140.087 Y-111.028
G1 X139.891 Y-113.181
G1 X140.674 Y-113.377
G1 X141.457 Y-112.594
G1 X141.457 Y-111.615
G1 X141.848 Y-111.223
G1 X141.457 Y-109.657
G1 X141.848 Y-111.028
G1 X142.435 Y-110.636
G1 X142.630 Y-109.462
G1 X143.022 Y-109.070
G1 X142.630 Y-109.462
G1 X142.435 Y-110.636
G1 X141.457 Y-111.615
G1 X141.457 Y-112.594
G1 X142.043 Y-113.181
G1 X142.043 Y-113.964
G1 X141.457 Y-114.551
G1 X141.457 Y-115.334
G1 X142.043 Y-115.530
G1 X142.630 Y-115.139
G1 X142.043 Y-115.530
G1 X140.674 Y-115.334
G1 X139.109 Y-113.573
G1 X138.326 Y-113.377
G1 X137.348 Y-114.160
G1 X138.326 Y-112.985
G1 X136.174 Y-111.419
G1 X135.391 Y-112.790
G1 X135.978 Y-111.419
G1 X135.000 Y-111.223
G1 X133.043 Y-112.007
G1 X132.457 Y-112.594
G1 X132.457 Y-113.573
G1 X133.239 Y-113.573
G1 X133.826 Y-112.985
G1 X133.239 Y-113.573
G1 X131.087 Y-114.160
G1 X130.696 Y-115.530
G1 X130.891 Y-114.160
G1 X130.500 Y-113.768
G1 X128.543 Y-114.356
G1 X127.565 Y-115.334
G1 X127.957 Y-115.922
G1 X127.957 Y-117.488
G1 X127.957 Y-115.922
G1 X126.391 Y-114.943
G1 X125.413 Y-115.530
G1 X125.022 Y-116.705
G1 X125.413 Y-115.530
G1 X126.000 Y-114.943
G1 X126.000 Y-113.964
G1 X124.826 Y-113.377
G1 X124.043 Y-112.202
G1 X123.457 Y-112.202
G1 X123.848 Y-112.007
G1 X123.457 Y-111.028
G1 X123.652 Y-111.811
G1 X124.239 Y-112.202
G1 X124.630 Y-111.811
G1 X124.239 Y-110.245
G1 X124.630 Y-109.462
G1 X124.239 Y-110.440
G1 X124.826 Y-111.419
G1 X126.587 Y-111.223
G1 X126.391 Y-110.049
G1 X125.413 Y-109.462
G1 X126.391 Y-110.049
G1 X126.783 Y-109.657
G1 X126.783 Y-108.874
G1 X126.391 Y-108.483
G1 X126.587 Y-105.938
G1 X126.391 Y-108.483
G1 X126.978 Y-109.070
G1 X127.761 Y-108.874
G1 X126.783 Y-109.266
G1 X126.391 Y-110.636
G1 X127.174 Y-110.832
G1 X127.957 Y-110.245
G1 X126.783 Y-110.832
G1 X126.391 Y-111.419
G1 X126.391 Y-112.790
G1 X126.783 Y-112.985
G1 X127.957 Y-112.202
G1 X128.543 Y-111.028
G1 X127.957 Y-112.007
G1 X128.152 Y-112.398
G1 X128.935 Y-112.594
G1 X130.696 Y-112.202
G1 X130.304 Y-111.223
G1 X129.522 Y-111.223
G1 X130.109 Y-111.028
G1 X129.913 Y-110.636
G1 X130.696 Y-111.615
G1 X131.478 Y-111.223
G1 X131.674 Y-110.636
G1 X130.696 Y-109.853
G1 X131.674 Y-110.636
G1 X132.065 Y-109.266
G1 X131.087 Y-108.679
G1 X132.065 Y-109.266
G1 X132.652 Y-108.874
G1 X132.457 Y-107.308
G1 X133.043 Y-106.134
G1 X132.457 Y-107.308
G1 X132.652 Y-108.874
G1 X132.065 Y-109.462
G1 X131.674 Y-110.832
G1 X133.043 Y-112.007
G1 X135.391 Y-111.223
G1 X135.391 Y-109.853
G1 X135.783 Y-109.853
G1 X135.783 Y-108.679
G1 X136.174 Y-108.091
G1 X136.174 Y-106.917
G1 X135.587 Y-106.330
G1 X135.783 Y-106.721
G1 X136.370 Y-106.525
G1 X136.370 Y-104.959
G0 Z3.500
G0 X135.185 Y-107.128
G1 Z0.000 F1200
G1 X135.541 Y-112.991
G0 Z3.500
G0 X134.701 Y-113.031
G1 Z0.000 F1200
G1 X136.325 Y-108.623
G0 Z3.500
G0 X138.913 Y-111.811
G1 Z0.000 F1200
G1 X139.891 Y-111.811
G1 X139.891 Y-113.181
G1 X139.500 Y-113.573
G1 X138.326 Y-113.377
G1 X138.326 Y-112.790
G1 X138.913 Y-112.007
G0 Z3.500
G0 X140.831 Y-111.639
G1 Z0.000 F1200
G1 X141.127 Y-116.525
G0 Z3.500
G0 X143.012 Y-118.628
G1 Z0.000 F1200
G1 X145.346 Y-114.327
G0 Z3.500
G0 X144.975 Y-114.374
G1 Z0.000 F1200
G1 X148.773 Y-120.076
G0 Z3.500
G0 X148.538 Y-120.912
G1 Z0.000 F1200
G1 X148.265 Y-117.006
G0 Z3.500
G0 X148.194 Y-116.030
G1 Z0.000 F1200
G1 X147.900 Y-112.126
G0 Z3.500
G0 X146.729 Y-111.737
G1 Z0.000 F1200
G1 X149.898 Y-105.663
G0 Z3.500
G0 X150.202 Y-106.177
G1 Z0.000 F1200
G1 X151.278 Y-103.235
G0 Z3.500
G0 X150.261 Y-103.980
G1 Z0.000 F1200
G1 X150.652 Y-103.785
G1 X151.043 Y-104.176
G1 X151.043 Y-105.351
G1 X150.457 Y-106.134
G1 X149.674 Y-105.742
G1 X150.065 Y-104.176
G0 Z3.500
G0 X149.365 Y-103.148
G1 Z0.000 F1200
G1 X153.200 Y-108.824
G0 Z3.500
G0 X154.719 Y-109.336
G1 Z0.000 F1200
G1 X158.829 Y-101.546
G0 Z3.500
G0 X159.565 Y-101.498
G1 Z0.000 F1200
G1 X159.829 Y-105.404
G0 Z3.500
G0 X159.661 Y-106.422
G1 Z0.000 F1200
G1 X162.948 Y-100.411
G0 Z3.500
G0 X162.668 Y-101.253
G1 Z0.000 F1200
G1 X165.990 Y-106.095
G0 Z3.500
G0 X164.736 Y-106.470
G1 Z0.000 F1200
G1 X165.796 Y-103.523
G0 Z3.500
G0 X166.062 Y-102.786
G1 Z0.000 F1200
G1 X166.863 Y-100.578
G0 Z3.500
G0 X166.425 Y-100.037
G1 Z0.000 F1200
G1 X166.797 Y-104.917
G0 Z3.500
G0 X167.442 Y-105.019
G1 Z0.000 F1200
G1 X170.720 Y-99.003
G0 Z3.500
G0 X169.864 Y-98.815
G1 Z0.000 F1200
G1 X170.126 Y-102.721
G0 Z3.500
G0 X169.989 Y-103.396
G1 Z0.000 F1200
G1 X167.804 Y-100.148
G0 Z3.500
G0 X168.169 Y-99.915
G1 Z0.000 F1200
G1 X168.452 Y-103.820
G0 Z3.500
G0 X168.937 Y-103.833
G1 Z0.000 F1200
G1 X170.026 Y-100.896
G0 Z3.500
G0 X170.022 Y-101.436
G1 Z0.000 F1200
G1 X171.000 Y-101.240
G1 X171.783 Y-102.219
G1 X171.391 Y-102.610
G1 X170.217 Y-101.631
G0 Z3.500
G0 X170.935 Y-102.894
G1 Z0.000 F1200
G1 X171.754 Y-100.693
G0 Z3.500
G0 X171.702 Y-99.668
G1 Z0.000 F1200
G1 X171.888 Y-102.598
G0 Z3.500
G0 X172.663 Y-102.690
G1 Z0.000 F1200
G1 X174.288 Y-98.282
G0 Z3.500
G0 X174.749 Y-97.821
G1 Z0.000 F1200
G1 X171.550 Y-103.879
G0 Z3.500
G0 X173.103 Y-103.656
G1 Z0.000 F1200
G1 X169.310 Y-97.952
G0 Z3.500
G0 X167.088 Y-99.288
G1 Z0.000 F1200
G1 X163.301 Y-106.142
G0 Z3.500
G0 X161.446 Y-107.981
G1 Z0.000 F1200
G1 X157.010 Y-101.530
G0 Z3.500
G0 X155.018 Y-102.874
G1 Z0.000 F1200
G1 X157.234 Y-106.101
G0 Z3.500
G0 X158.259 Y-106.611
G1 Z0.000 F1200
G1 X159.601 Y-102.933
G0 Z3.500
G0 X160.435 Y-102.414
G1 Z0.000 F1200
G1 X160.826 Y-103.785
G1 X161.413 Y-103.393
G1 X161.413 Y-102.610
G1 X161.022 Y-102.023
G1 X160.435 Y-102.219
G0 Z3.500
G0 X161.222 Y-103.410
G1 Z0.000 F1200
G1 X158.458 Y-99.372
G0 Z3.500
G0 X154.783 Y-102.719
G1 Z0.000 F1200
G1 X152.981 Y-106.194
G0 Z3.500
G0 X152.532 Y-107.064
G1 Z0.000 F1200
G1 X150.740 Y-110.545
G0 Z3.500
G0 X150.295 Y-110.377
G1 Z0.000 F1200
G1 X151.369 Y-107.435
G0 Z3.500
G0 X151.004 Y-107.003
G1 Z0.000 F1200
G1 X150.620 Y-101.143
G0 Z3.500
G0 X150.261 Y-101.240
G1 Z0.000 F1200
G1 X150.065 Y-103.197
G1 X151.043 Y-104.176
G1 X151.043 Y-105.351
G1 X150.652 Y-105.938
G1 X151.239 Y-105.938
G1 X150.457 Y-106.330
G1 X150.457 Y-107.308
G1 X151.435 Y-107.504
G1 X152.022 Y-107.113
G1 X150.848 Y-107.504
G1 X150.652 Y-108.287
G1 X151.239 Y-108.483
G1 X152.413 Y-108.091
G1 X152.609 Y-108.679
G1 X151.239 Y-109.462
G1 X150.261 Y-109.070
G1 X149.674 Y-109.266
G1 X150.652 Y-110.636
G1 X151.826 Y-110.636
G1 X153.391 Y-109.462
G1 X151.826 Y-110.636
G1 X150.652 Y-110.636
G1 X150.261 Y-112.398
G1 X151.239 Y-112.594
G1 X152.022 Y-112.007
G1 X154.761 Y-111.811
G1 X153.000 Y-111.811
G1 X151.239 Y-112.594
G1 X150.457 Y-112.594
G1 X150.457 Y-113.573
G1 X153.978 Y-113.768
G1 X150.652 Y-113.573
G1 X150.652 Y-114.356
G1 X152.022 Y-114.160
G1 X150.457 Y-114.356
G1 X150.261 Y-115.139
G1 X149.478 Y-115.726
G1 X149.478 Y-116.509
G1 X148.500 Y-117.488
G1 X145.370 Y-119.054
G1 X143.022 Y-118.271
G1 X143.804 Y-117.879
G1 X143.609 Y-118.467
G1 X144.391 Y-118.662
G1 X145.761 Y-117.684
G1 X144.587 Y-118.467
G1 X144.978 Y-119.054
G1 X148.500 Y-117.488
G1 X148.696 Y-117.096
G1 X148.109 Y-116.313
G1 X147.326 Y-116.705
G1 X149.283 Y-115.922
G1 X150.261 Y-115.139
G1 X150.261 Y-113.768
G1 X149.674 Y-113.768
G1 X147.717 Y-114.943
G1 X145.957 Y-114.943
G1 X144.391 Y-113.964
G1 X145.957 Y-114.943
G1 X147.717 Y-114.943
G1 X150.261 Y-113.573
G1 X150.261 Y-112.790
G1 X149.674 Y-112.594
G1 X148.891 Y-112.985
G1 X148.696 Y-113.573
G1 X147.326 Y-113.964
G1 X146.348 Y-113.768
G1 X147.326 Y-113.964
G1 X148.696 Y-113.573
G1 X149.087 Y-112.790
G1 X146.739 Y-111.811
G1 X145.565 Y-110.636
G1 X146.739 Y-111.811
G1 X149.087 Y-112.790
G1 X149.674 Y-112.594
G1 X148.696 Y-111.811
G1 X149.674 Y-112.594
G1 X150.457 Y-112.202
G1 X150.457 Y-110.440
G1 X149.674 Y-109.266
G1 X147.326 Y-109.266
G1 X146.739 Y-108.679
G1 X147.326 Y-109.266
G1 X148.109 Y-109.070
G1 X147.522 Y-108.287
G1 X148.304 Y-109.266
G1 X149.478 Y-109.070
G1 X147.717 Y-106.525
G1 X149.478 Y-109.070
G1 X150.065 Y-109.070
G1 X150.652 Y-108.287
G1 X150.457 Y-106.330
G1 X148.696 Y-104.568
G1 X149.478 Y-105.351
G1 X150.065 Y-104.959
G1 X150.457 Y-103.589
G1 X149.674 Y-103.197
G1 X150.065 Y-103.002
G1 X150.261 Y-101.044
G0 Z3.500
G0 X149.842 Y-102.713
G1 Z0.000 F1200
G1 X148.778 Y-105.658
G0 Z3.500
G0 X148.248 Y-107.132
G1 Z0.000 F1200
G1 X147.456 Y-109.343
G0 Z3.500
G0 X148.606 Y-110.595
G1 Z0.000 F1200
G1 X149.935 Y-106.913
G0 Z3.500
G0 X149.331 Y-108.101
G1 Z0.000 F1200
G1 X148.980 Y-103.220
G0 Z3.500
G0 X147.708 Y-103.389
G1 Z0.000 F1200
G1 X145.890 Y-106.856
G0 Z3.500
G0 X147.356 Y-104.503
G1 Z0.000 F1200
G1 X151.156 Y-110.203
G0 Z3.500
G0 X152.000 Y-110.164
G1 Z0.000 F1200
G1 X150.654 Y-113.841
G0 Z3.500
G0 X150.386 Y-114.577
G1 Z0.000 F1200
G1 X149.322 Y-117.522
G0 Z3.500
G0 X150.745 Y-118.041
G1 Z0.000 F1200
G1 X149.946 Y-120.249
G0 Z3.500
G0 X149.322 Y-120.886
G1 Z0.000 F1200
G1 X152.641 Y-125.730
G0 Z3.500
G0 X152.451 Y-126.525
G1 Z0.000 F1200
G1 X152.244 Y-123.596
G0 Z3.500
G0 X151.731 Y-124.233
G1 Z0.000 F1200
G1 X153.081 Y-120.558
G0 Z3.500
G0 X153.756 Y-120.547
G1 Z0.000 F1200
G1 X153.531 Y-117.619
G0 Z3.500
G0 X153.457 Y-116.643
G1 Z0.000 F1200
G1 X153.097 Y-111.762
G0 Z3.500
G0 X151.693 Y-111.021
G1 Z0.000 F1200
G1 X154.371 Y-115.117
G0 Z3.500
G0 X154.906 Y-115.936
G1 Z0.000 F1200
G1 X156.516 Y-118.392
G0 Z3.500
G0 X156.326 Y-118.271
G1 Z0.000 F1200
G1 X156.913 Y-118.271
G1 X157.500 Y-119.837
G1 X156.522 Y-120.816
G1 X156.326 Y-122.186
G1 X155.152 Y-122.382
G1 X154.761 Y-120.620
G1 X154.957 Y-119.250
G1 X156.130 Y-118.271
G0 Z3.500
G0 X157.109 Y-117.684
G1 Z0.000 F1200
G1 X156.913 Y-118.467
G1 X157.500 Y-119.250
G1 X158.674 Y-118.467
G1 X158.478 Y-117.684
G1 X158.087 Y-118.075
G1 X158.478 Y-117.684
G1 X160.826 Y-119.641
G1 X163.174 Y-120.424
G1 X162.978 Y-120.228
G1 X162.000 Y-120.228
G1 X161.804 Y-121.207
G1 X162.978 Y-122.186
G1 X164.348 Y-122.577
G1 X162.978 Y-122.186
G1 X162.587 Y-121.599
G1 X161.804 Y-121.990
G1 X161.804 Y-121.207
G1 X161.217 Y-121.207
G1 X160.826 Y-121.794
G1 X160.435 Y-121.794
G1 X160.826 Y-121.794
G1 X161.217 Y-121.207
G1 X159.848 Y-120.033
G1 X159.261 Y-120.033
G1 X158.674 Y-120.816
G1 X158.870 Y-121.207
G1 X159.457 Y-121.207
G1 X158.478 Y-121.403
G1 X159.065 Y-121.990
G1 X159.652 Y-121.990
G1 X158.674 Y-121.794
G1 X157.500 Y-120.033
G1 X156.522 Y-120.816
G1 X156.326 Y-122.186
G1 X156.913 Y-122.577
G1 X157.696 Y-124.535
G1 X162.196 Y-124.339
G1 X156.913 Y-124.535
G1 X155.935 Y-125.514
G1 X155.739 Y-127.863
G1 X156.326 Y-128.450
G1 X157.500 Y-128.254
G1 X158.087 Y-127.667
G1 X160.043 Y-127.471
G1 X158.087 Y-127.667
G1 X156.913 Y-128.450
G1 X156.326 Y-128.450
G1 X155.543 Y-127.667
G1 X155.152 Y-128.254
G1 X155.152 Y-130.212
G1 X155.543 Y-130.604
G1 X159.848 Y-129.625
G1 X155.543 Y-130.604
G1 X154.565 Y-131.778
G1 X154.761 Y-132.561
G1 X156.130 Y-133.931
G1 X157.696 Y-133.148
G1 X158.478 Y-132.170
G1 X158.478 Y-132.757
G1 X158.870 Y-132.561
G1 X156.326 Y-133.931
G1 X155.543 Y-134.910
G1 X156.522 Y-139.021
G1 X155.739 Y-135.106
G1 X155.348 Y-134.715
G1 X153.978 Y-134.715
G1 X153.196 Y-135.498
G1 X153.391 Y-136.672
G1 X153.000 Y-135.693
G1 X152.413 Y-136.085
G1 X152.217 Y-138.434
G1 X151.630 Y-139.021
G1 X151.239 Y-141.958
G1 X150.065 Y-142.741
G1 X150.065 Y-143.719
G1 X149.870 Y-141.762
G1 X149.478 Y-141.370
G1 X147.913 Y-141.958
G1 X148.109 Y-141.762
G1 X147.326 Y-141.175
G1 X145.957 Y-142.545
G1 X145.370 Y-143.915
G1 X144.587 Y-144.307
G1 X142.435 Y-144.307
G1 X142.043 Y-144.698
G1 X143.217 Y-145.873
G1 X144.000 Y-145.285
G1 X142.043 Y-147.047
G1 X142.043 Y-148.026
G1 X142.043 Y-147.243
G1 X141.457 Y-147.047
G1 X142.435 Y-146.852
G1 X143.217 Y-145.873
G1 X142.043 Y-144.698
G1 X139.696 Y-146.852
G1 X140.674 Y-147.243
G1 X138.913 Y-146.852
G1 X137.543 Y-147.635
G1 X137.935 Y-147.243
G1 X137.935 Y-146.460
G1 X137.543 Y-146.069
G1 X137.543 Y-144.894
G1 X137.152 Y-144.307
G1 X136.565 Y-144.698
G1 X136.761 Y-146.264
G1 X136.565 Y-146.069
G1 X136.957 Y-143.328
G1 X136.565 Y-142.936
G1 X136.370 Y-137.651
G1 X136.565 Y-142.936
G1 X136.957 Y-143.328
G1 X137.543 Y-142.741
G1 X137.543 Y-141.762
G1 X137.543 Y-142.741
G1 X136.957 Y-143.328
G1 X136.957 Y-144.111
G1 X137.543 Y-144.894
G1 X137.543 Y-146.069
G1 X138.326 Y-146.264
G1 X138.522 Y-145.677
G1 X138.717 Y-146.264
G1 X139.304 Y-145.677
G1 X139.304 Y-145.090
G1 X139.500 Y-145.677
G1 X141.065 Y-145.481
G1 X141.652 Y-144.894
G1 X141.261 Y-143.328
G1 X140.087 Y-143.328
G1 X139.109 Y-143.719
G1 X138.717 Y-144.307
G1 X139.109 Y-143.719
G1 X140.087 Y-143.328
G1 X139.696 Y-142.936
G1 X139.696 Y-141.762
G1 X140.087 Y-141.370
G1 X139.696 Y-140.979
G1 X138.326 Y-141.175
G1 X139.500 Y-140.587
G1 X139.500 Y-139.217
G1 X140.478 Y-138.825
G1 X140.087 Y-135.889
G1 X140.478 Y-138.630
G1 X140.283 Y-141.175
G1 X141.065 Y-141.175
G1 X140.087 Y-141.566
G1 X141.261 Y-143.132
G1 X142.435 Y-141.370
G1 X143.022 Y-141.370
G1 X142.043 Y-141.762
G1 X142.043 Y-142.349
G1 X141.457 Y-142.936
G1 X141.457 Y-144.307
G1 X142.043 Y-144.698
G1 X143.217 Y-144.111
G1 X143.413 Y-143.132
G1 X144.783 Y-142.153
G1 X144.587 Y-141.566
G1 X144.978 Y-142.153
G1 X145.761 Y-142.153
G1 X145.761 Y-140.979
G1 X147.130 Y-139.608
G1 X147.326 Y-137.847
G1 X147.717 Y-137.455
G1 X147.326 Y-137.847
G1 X147.326 Y-138.825
G1 X148.500 Y-138.238
G1 X147.130 Y-139.021
G1 X146.935 Y-139.804
G1 X147.717 Y-140.000
G1 X148.500 Y-139.217
G1 X147.522 Y-140.196
G1 X147.522 Y-141.175
G1 X148.109 Y-141.762
G1 X148.891 Y-141.762
G1 X149.870 Y-140.587
G1 X149.478 Y-138.238
G1 X149.870 Y-139.021
G1 X150.848 Y-138.630
G1 X151.043 Y-137.847
G1 X151.826 Y-137.064
G1 X151.043 Y-136.476
G1 X150.261 Y-137.259
G1 X151.826 Y-135.889
G1 X153.000 Y-135.693
G1 X153.978 Y-134.715
G1 X156.130 Y-134.519
G1 X156.130 Y-133.931
G1 X154.761 Y-132.561
G1 X154.761 Y-132.170
G1 X153.000 Y-131.191
G1 X153.783 Y-131.778
G1 X154.565 Y-131.778
G1 X155.348 Y-130.995
G1 X155.348 Y-130.408
G1 X152.804 Y-129.625
G1 X152.413 Y-129.038
G1 X152.022 Y-129.038
G1 X154.370 Y-128.254
G1 X153.783 Y-127.667
G1 X154.370 Y-128.254
G1 X155.152 Y-128.254
G1 X155.935 Y-126.884
G1 X155.739 Y-125.514
G1 X154.957 Y-125.514
G1 X152.413 Y-123.361
G1 X151.826 Y-123.556
G1 X151.826 Y-124.535
G1 X152.609 Y-125.514
G1 X154.174 Y-126.101
G1 X152.609 Y-125.514
G1 X151.826 Y-124.535
G1 X151.826 Y-123.556
G1 X152.804 Y-122.773
G1 X153.978 Y-122.773
G1 X154.957 Y-122.186
G1 X154.761 Y-119.250
G1 X154.174 Y-119.250
G1 X153.587 Y-120.228
G1 X153.000 Y-120.228
G1 X151.435 Y-119.054
G1 X153.000 Y-120.228
G1 X153.783 Y-120.033
G1 X154.174 Y-119.250
G1 X153.978 Y-118.858
G1 X150.848 Y-117.879
G1 X149.870 Y-119.054
G1 X150.652 Y-120.228
G1 X153.391 Y-121.794
G1 X152.022 Y-121.207
G1 X150.065 Y-119.641
G1 X148.304 Y-121.403
G1 X148.891 Y-122.186
G1 X150.457 Y-123.165
G1 X149.674 Y-123.165
G1 X149.674 Y-123.948
G1 X150.457 Y-124.144
G1 X148.304 Y-124.731
G1 X147.717 Y-124.339
G1 X147.326 Y-123.361
G1 X146.348 Y-123.165
G1 X145.370 Y-124.144
G1 X144.587 Y-124.339
G1 X144.587 Y-125.122
G1 X144.783 Y-123.948
G1 X143.804 Y-123.948
G1 X144.391 Y-123.752
G1 X144.978 Y-122.382
G1 X148.304 Y-121.207
G1 X150.065 Y-119.641
G1 X149.870 Y-119.054
G1 X148.304 Y-119.250
G1 X146.935 Y-120.033
G1 X148.891 Y-119.054
G1 X149.870 Y-119.054
G1 X150.848 Y-117.879
G1 X154.957 Y-119.250
G1 X157.304 Y-117.488
G0 Z3.500
G0 X158.674 Y-118.271
G1 Z0.000 F1200
G1 X159.065 Y-118.075
G1 X160.239 Y-119.250
G1 X161.609 Y-119.837
G1 X161.804 Y-121.011
G1 X161.217 Y-121.207
G1 X159.065 Y-119.641
G1 X159.065 Y-120.424
G1 X158.283 Y-121.011
G1 X157.500 Y-120.033
G1 X157.500 Y-119.445
G1 X158.674 Y-118.467
G0 Z3.500
G0 X158.832 Y-118.229
G1 Z0.000 F1200
G1 X159.242 Y-124.088
G0 Z3.500
G0 X159.220 Y-122.470
G1 Z0.000 F1200
G1 X157.054 Y-119.210
G0 Z3.500
G0 X155.958 Y-119.972
G1 Z0.000 F1200
G1 X158.659 Y-114.758
G0 Z3.500
G0 X159.115 Y-113.892
G1 Z0.000 F1200
G1 X161.423 Y-109.577
G0 Z3.500
G0 X161.998 Y-108.789
G1 Z0.000 F1200
G1 X164.192 Y-112.031
G0 Z3.500
G0 X164.737 Y-112.844
G1 Z0.000 F1200
G1 X168.516 Y-118.558
G0 Z3.500
G0 X167.660 Y-116.630
G1 Z0.000 F1200
G1 X167.974 Y-121.514
G0 Z3.500
G0 X168.033 Y-122.491
G1 Z0.000 F1200
G1 X168.209 Y-125.423
G0 Z3.500
G0 X167.100 Y-125.417
G1 Z0.000 F1200
G1 X165.472 Y-122.974
G0 Z3.500
G0 X165.377 Y-122.536
G1 Z0.000 F1200
G1 X166.170 Y-120.325
G0 Z3.500
G0 X166.500 Y-120.424
G1 Z0.000 F1200
G1 X165.717 Y-120.620
G1 X165.326 Y-121.207
G1 X166.696 Y-121.403
G1 X167.674 Y-121.011
G1 X167.478 Y-120.228
G1 X166.696 Y-120.424
G0 Z3.500
G0 X166.190 Y-121.639
G1 Z0.000 F1200
G1 X165.831 Y-115.777
G0 Z3.500
G0 X165.189 Y-114.135
G1 Z0.000 F1200
G1 X164.134 Y-117.083
G0 Z3.500
G0 X163.870 Y-117.821
G1 Z0.000 F1200
G1 X162.286 Y-122.243
G0 Z3.500
G0 X162.344 Y-122.723
G1 Z0.000 F1200
G1 X165.629 Y-127.591
G0 Z3.500
G0 X166.181 Y-128.398
G1 Z0.000 F1200
G1 X167.847 Y-130.816
G0 Z3.500
G0 X167.511 Y-129.979
G1 Z0.000 F1200
G1 X168.312 Y-127.771
G0 Z3.500
G0 X168.744 Y-127.850
G1 Z0.000 F1200
G1 X170.401 Y-130.273
G0 Z3.500
G0 X172.074 Y-130.058
G1 Z0.000 F1200
G1 X171.894 Y-127.127
G0 Z3.500
G0 X172.536 Y-127.684
G1 Z0.000 F1200
G1 X168.772 Y-134.549
G0 Z3.500
G0 X168.305 Y-135.409
G1 Z0.000 F1200
G1 X165.999 Y-139.725
G0 Z3.500
G0 X166.500 Y-139.804
G1 Z0.000 F1200
G1 X165.913 Y-140.000
G1 X166.304 Y-140.979
G1 X167.674 Y-140.587
G1 X167.087 Y-139.608
G1 X166.696 Y-139.804
G0 Z3.500
G0 X166.304 Y-140.979
G1 Z0.000 F1200
G1 X168.065 Y-140.783
G1 X168.261 Y-141.370
G1 X166.304 Y-141.566
G1 X166.109 Y-141.175
G0 Z3.500
G0 X165.717 Y-141.762
G1 Z0.000 F1200
G1 X168.457 Y-141.566
G1 X169.043 Y-143.132
G1 X165.522 Y-143.328
G1 X165.130 Y-142.545
G1 X165.717 Y-141.958
G0 Z3.500
G0 X165.544 Y-140.592
G1 Z0.000 F1200
G1 X162.848 Y-145.809
G0 Z3.500
G0 X161.953 Y-145.454
G1 Z0.000 F1200
G1 X163.284 Y-141.772
G0 Z3.500
G0 X163.548 Y-141.035
G1 Z0.000 F1200
G1 X164.604 Y-138.087
G0 Z3.500
G0 X164.152 Y-138.434
G1 Z0.000 F1200
G1 X164.935 Y-138.238
G1 X165.326 Y-138.630
G1 X165.326 Y-139.413
G1 X164.543 Y-139.804
G1 X164.152 Y-139.413
G1 X164.152 Y-138.630
G0 Z3.500
G0 X164.543 Y-139.804
G1 Z0.000 F1200
G1 X165.522 Y-139.608
G1 X166.109 Y-140.196
G1 X166.109 Y-141.370
G1 X165.913 Y-141.566
G1 X164.543 Y-140.000
G0 Z3.500
G0 X164.152 Y-140.196
G1 Z0.000 F1200
G1 X164.543 Y-140.000
G1 X165.717 Y-141.370
G1 X165.717 Y-141.958
G1 X165.130 Y-142.545
G1 X163.565 Y-140.587
G1 X163.957 Y-140.196
G0 Z3.500
G0 X162.587 Y-140.783
G1 Z0.000 F1200
G1 X163.565 Y-140.587
G1 X165.130 Y-142.936
G1 X162.978 Y-143.132
G1 X162.587 Y-142.545
G1 X162.587 Y-140.979
G0 Z3.500
G0 X162.377 Y-142.511
G1 Z0.000 F1200
G1 X161.868 Y-135.678
G0 Z3.500
G0 X162.587 Y-135.106
G1 Z0.000 F1200
G1 X162.391 Y-136.085
G1 X162.783 Y-136.281
G1 X163.565 Y-136.085
G1 X164.348 Y-135.106
G1 X163.957 Y-134.715
G1 X162.783 Y-134.910
G0 Z3.500
G0 X162.830 Y-134.108
G1 Z0.000 F1200
G1 X161.231 Y-138.525
G0 Z3.500
G0 X161.467 Y-138.664
G1 Z0.000 F1200
G1 X165.242 Y-144.380
G0 Z3.500
G0 X166.394 Y-145.478
G1 Z0.000 F1200
G1 X169.147 Y-140.292
G0 Z3.500
G0 X169.163 Y-140.074
G1 Z0.000 F1200
G1 X169.538 Y-144.953
G0 Z3.500
G0 X169.992 Y-145.175
G1 Z0.000 F1200
G1 X172.797 Y-140.016
G0 Z3.500
G0 X172.674 Y-139.828
G1 Z0.000 F1200
G1 X172.871 Y-142.758
G0 Z3.500
G0 X173.034 Y-142.664
G1 Z0.000 F1200
G1 X170.847 Y-139.417
G0 Z3.500
G0 X170.911 Y-139.951
G1 Z0.000 F1200
G1 X171.268 Y-144.832
G0 Z3.500
G0 X170.113 Y-145.093
G1 Z0.000 F1200
G1 X171.737 Y-140.684
G0 Z3.500
G0 X171.196 Y-140.587
G1 Z0.000 F1200
G1 X171.783 Y-140.392
G1 X172.370 Y-141.566
G1 X171.196 Y-141.958
G1 X171.196 Y-140.783
G0 Z3.500
G0 X170.609 Y-140.196
G1 Z0.000 F1200
G1 X168.652 Y-141.958
G1 X169.043 Y-142.936
G1 X171.000 Y-141.762
G1 X171.000 Y-140.979
G1 X171.587 Y-140.196
G1 X171.196 Y-139.804
G1 X170.804 Y-140.000
G0 Z3.500
G0 X170.021 Y-140.893
G1 Z0.000 F1200
G1 X168.416 Y-145.308
G0 Z3.500
G0 X168.628 Y-145.202
G1 Z0.000 F1200
G1 X151.464 Y-149.137
G0 Z3.500
G0 X150.318 Y-149.389
G1 Z0.000 F1200
G1 X138.864 Y-151.966
G0 Z3.500
G0 X137.370 Y-150.558
G1 Z0.000 F1200
G1 X129.484 Y-148.246
G0 Z3.500
G0 X128.357 Y-147.918
G1 Z0.000 F1200
G1 X115.934 Y-144.392
G0 Z3.500
G0 X118.454 Y-147.053
G1 Z0.000 F1200
G1 X135.629 Y-143.165
G0 Z3.500
G0 X136.771 Y-142.893
G1 Z0.000 F1200
G1 X145.907 Y-140.716
G0 Z3.500
G0 X145.907 Y-140.444
G1 Z0.000 F1200
G1 X146.702 Y-138.234
G0 Z3.500
G0 X146.377 Y-138.155
G1 Z0.000 F1200
G1 X142.171 Y-145.894
G0 Z3.500
G0 X142.409 Y-145.622
G1 Z0.000 F1200
G1 X138.556 Y-139.958
G0 Z3.500
G0 X138.012 Y-139.145
G1 Z0.000 F1200
G1 X134.776 Y-134.244
G0 Z3.500
G0 X137.174 Y-135.444
G1 Z0.000 F1200
G1 X136.810 Y-130.563
G0 Z3.500
G0 X136.478 Y-130.672
G1 Z0.000 F1200
G1 X140.189 Y-123.778
G0 Z3.500
G0 X140.226 Y-124.663
G1 Z0.000 F1200
G1 X136.896 Y-119.827
G0 Z3.500
G0 X135.706 Y-119.175
G1 Z0.000 F1200
G1 X132.962 Y-124.367
G0 Z3.500
G0 X132.511 Y-125.235
G1 Z0.000 F1200
G1 X129.389 Y-131.334
G0 Z3.500
G0 X129.849 Y-132.031
G1 Z0.000 F1200
G1 X129.544 Y-127.147
G0 Z3.500
G0 X129.717 Y-127.080
G1 Z0.000 F1200
G1 X131.870 Y-127.471
G1 X132.261 Y-127.080
G1 X131.870 Y-127.471
G1 X132.065 Y-128.450
G1 X132.848 Y-128.842
G1 X133.239 Y-128.059
G1 X133.043 Y-128.842
G1 X133.630 Y-129.625
G1 X133.239 Y-129.625
G1 X132.457 Y-130.604
G1 X132.457 Y-131.582
G1 X131.870 Y-132.365
G1 X131.478 Y-134.519
G1 X130.891 Y-134.715
G1 X131.283 Y-134.715
G1 X131.870 Y-132.365
G1 X130.500 Y-132.170
G1 X130.500 Y-133.540
G1 X130.109 Y-131.191
G1 X130.500 Y-132.170
G1 X132.065 Y-132.170
G1 X132.457 Y-131.582
G1 X132.652 Y-130.408
G1 X132.261 Y-130.016
G1 X132.261 Y-128.646
G1 X131.870 Y-127.667
G1 X130.500 Y-127.276
G1 X130.109 Y-128.059
G1 X130.304 Y-128.646
G1 X129.913 Y-128.254
G1 X128.935 Y-128.450
G1 X128.543 Y-129.821
G1 X129.522 Y-130.408
G1 X128.935 Y-130.408
G1 X129.130 Y-132.170
G1 X128.739 Y-130.016
G1 X127.370 Y-130.604
G1 X128.152 Y-132.561
G1 X128.152 Y-133.736
G1 X127.761 Y-130.995
G1 X126.000 Y-128.842
G1 X127.370 Y-130.408
G1 X128.152 Y-130.212
G1 X128.935 Y-128.450
G1 X128.152 Y-127.276
G1 X128.935 Y-128.450
G1 X129.913 Y-128.254
G1 X130.304 Y-127.276
G1 X129.522 Y-126.884
G0 Z3.500
G0 X129.950 Y-126.876
G1 Z0.000 F1200
G1 X133.170 Y-131.787
G0 Z3.500
G0 X132.023 Y-132.735
G1 Z0.000 F1200
G1 X127.563 Y-141.448
G0 Z3.500
G0 X127.726 Y-141.323
G1 Z0.000 F1200
G1 X129.326 Y-136.906
G0 Z3.500
G0 X128.543 Y-136.868
G1 Z0.000 F1200
G1 X129.326 Y-136.868
G1 X129.326 Y-138.042
G1 X128.935 Y-138.825
G1 X127.565 Y-138.630
G1 X128.348 Y-137.064
G0 Z3.500
G0 X126.978 Y-136.868
G1 Z0.000 F1200
G1 X126.978 Y-137.847
G1 X127.565 Y-138.238
G1 X128.152 Y-137.259
G1 X127.174 Y-136.476
G1 X126.978 Y-136.672
G0 Z3.500
G0 X127.174 Y-136.085
G1 Z0.000 F1200
G1 X127.174 Y-136.476
G1 X127.957 Y-137.064
G1 X128.935 Y-136.476
G1 X128.152 Y-135.693
G1 X127.174 Y-135.889
G0 Z3.500
G0 X126.391 Y-135.498
G1 Z0.000 F1200
G1 X125.804 Y-136.085
G1 X126.000 Y-136.868
G1 X126.978 Y-136.672
G1 X127.370 Y-135.693
G1 X126.978 Y-135.106
G1 X126.391 Y-135.302
G0 Z3.500
G0 X126.999 Y-134.392
G1 Z0.000 F1200
G1 X125.918 Y-137.331
G0 Z3.500
G0 X125.351 Y-139.163
G1 Z0.000 F1200
G1 X128.944 Y-132.206
G0 Z3.500
G0 X127.536 Y-132.921
G1 Z0.000 F1200
G1 X128.870 Y-129.240
G0 Z3.500
G0 X126.752 Y-129.931
G1 Z0.000 F1200
G1 X124.500 Y-134.276
G0 Z3.500
G0 X124.044 Y-135.142
G1 Z0.000 F1200
G1 X121.273 Y-140.319
G0 Z3.500
G0 X123.545 Y-139.463
G1 Z0.000 F1200
G1 X121.333 Y-136.233
G0 Z3.500
G0 X120.555 Y-136.791
G1 Z0.000 F1200
G1 X131.862 Y-139.947
G0 Z3.500
G0 X131.990 Y-139.369
G1 Z0.000 F1200
G1 X128.867 Y-145.468
G0 Z3.500
G0 X129.521 Y-145.309
G1 Z0.000 F1200
G1 X130.578 Y-142.361
G0 Z3.500
G0 X130.500 Y-142.741
G1 Z0.000 F1200
G1 X129.913 Y-143.328
G1 X130.304 Y-144.307
G1 X130.696 Y-144.307
G1 X131.674 Y-143.328
G1 X131.283 Y-142.545
G1 X130.696 Y-142.741
G0 Z3.500
G0 X130.449 Y-141.801
G1 Z0.000 F1200
G1 X130.714 Y-145.707
G0 Z3.500
G0 X130.696 Y-144.894
G1 Z0.000 F1200
G1 X130.696 Y-146.069
G1 X128.739 Y-147.439
G1 X129.522 Y-148.026
G1 X132.848 Y-147.830
G1 X133.239 Y-147.439
G1 X133.239 Y-146.460
G1 X132.065 Y-146.069
G1 X131.870 Y-144.894
G1 X130.891 Y-144.502
G1 X130.696 Y-144.698
G0 Z3.500
G0 X129.985 Y-144.562
G1 Z0.000 F1200
G1 X127.205 Y-140.535
G0 Z3.500
G0 X126.651 Y-139.728
G1 Z0.000 F1200
G1 X123.350 Y-134.872
G0 Z3.500
G0 X122.492 Y-133.223
G1 Z0.000 F1200
G1 X135.103 Y-130.442
G0 Z3.500
G0 X135.768 Y-131.214
G1 Z0.000 F1200
G1 X138.446 Y-135.309
G0 Z3.500
G0 X138.040 Y-135.079
G1 Z0.000 F1200
G1 X136.688 Y-138.753
G0 Z3.500
G0 X137.446 Y-139.349
G1 Z0.000 F1200
G1 X137.244 Y-136.420
G0 Z3.500
G0 X138.983 Y-136.128
G1 Z0.000 F1200
G1 X142.769 Y-141.837
G0 Z3.500
G0 X142.222 Y-141.602
G1 Z0.000 F1200
G1 X140.859 Y-145.272
G0 Z3.500
G0 X139.500 Y-145.677
G1 Z0.000 F1200
G1 X140.674 Y-145.677
G1 X139.696 Y-146.852
G1 X138.913 Y-146.656
G1 X139.304 Y-145.677
G0 Z3.500
G0 X139.132 Y-145.476
G1 Z0.000 F1200
G1 X140.494 Y-141.806
G0 Z3.500
G0 X139.696 Y-141.762
G1 Z0.000 F1200
G1 X140.087 Y-141.566
G1 X141.261 Y-143.132
G1 X140.087 Y-143.328
G1 X139.696 Y-142.936
G1 X139.696 Y-141.958
G0 Z3.500
G0 X139.757 Y-142.229
G1 Z0.000 F1200
G1 X146.516 Y-144.212
G0 Z3.500
G0 X146.282 Y-144.756
G1 Z0.000 F1200
G1 X150.486 Y-137.015
G0 Z3.500
G0 X150.947 Y-136.152
G1 Z0.000 F1200
G1 X153.676 Y-130.952
G0 Z3.500
G0 X154.125 Y-130.083
G1 Z0.000 F1200
G1 X156.359 Y-125.728
G0 Z3.500
G0 X155.932 Y-126.282
G1 Z0.000 F1200
G1 X155.632 Y-122.378
G0 Z3.500
G0 X155.739 Y-122.577
G1 Z0.000 F1200
G1 X156.717 Y-122.382
G1 X157.500 Y-124.339
G1 X156.717 Y-124.535
G1 X155.739 Y-123.556
G1 X155.739 Y-122.773
G0 Z3.500
G0 X154.565 Y-122.577
G1 Z0.000 F1200
G1 X155.739 Y-122.577
G1 X155.739 Y-123.556
G1 X156.717 Y-124.535
G1 X156.326 Y-125.318
G1 X154.957 Y-125.514
G1 X152.413 Y-123.361
G1 X152.804 Y-122.773
G1 X154.370 Y-122.577
G0 Z3.500
G0 X153.906 Y-122.499
G1 Z0.000 F1200
G1 X154.408 Y-129.332
G0 Z3.500
G0 X154.174 Y-128.450
G1 Z0.000 F1200
G1 X155.152 Y-128.450
G1 X154.957 Y-130.212
G1 X153.587 Y-129.821
G1 X153.587 Y-128.842
G1 X153.978 Y-128.450
G0 Z3.500
G0 X152.583 Y-128.478
G1 Z0.000 F1200
G1 X152.893 Y-133.363
G0 Z3.500
G0 X152.953 Y-134.340
G1 Z0.000 F1200
G1 X153.130 Y-137.271
G0 Z3.500
G0 X154.075 Y-136.708
G1 Z0.000 F1200
G1 X157.654 Y-129.743
G0 Z3.500
G0 X158.100 Y-128.872
G1 Z0.000 F1200
G1 X161.708 Y-121.923
G0 Z3.500
G0 X161.802 Y-121.908
G1 Z0.000 F1200
G1 X159.648 Y-118.640
G0 Z3.500
G0 X160.237 Y-118.997
G1 Z0.000 F1200
G1 X159.161 Y-121.939
G0 Z3.500
G0 X159.048 Y-120.507
G1 Z0.000 F1200
G1 X156.805 Y-124.857
G0 Z3.500
G0 X157.803 Y-125.610
G1 Z0.000 F1200
G1 X156.437 Y-129.279
G0 Z3.500
G0 X156.163 Y-130.013
G1 Z0.000 F1200
G1 X155.343 Y-132.214
G0 Z3.500
G0 X155.070 Y-132.948
G1 Z0.000 F1200
G1 X153.983 Y-135.885
G0 Z3.500
G0 X153.038 Y-134.907
G1 Z0.000 F1200
G1 X150.308 Y-130.847
G0 Z3.500
G0 X149.205 Y-131.658
G1 Z0.000 F1200
G1 X148.970 Y-127.750
G0 Z3.500
G0 X148.333 Y-128.110
G1 Z0.000 F1200
G1 X151.979 Y-121.181
G0 Z3.500
G0 X152.429 Y-120.312
G1 Z0.000 F1200
G1 X156.010 Y-113.349
G0 Z3.500
G0 X155.811 Y-113.219
G1 Z0.000 F1200
G1 X156.903 Y-110.284
G0 Z3.500
G0 X157.407 Y-110.707
G1 Z0.000 F1200
G1 X153.576 Y-105.028
G0 Z3.500
G0 X154.365 Y-103.824
G1 Z0.000 F1200
G1 X154.542 Y-106.755
G0 Z3.500
G0 X154.813 Y-107.023
G1 Z0.000 F1200
G1 X155.633 Y-104.821
G0 Z3.500
G0 X155.935 Y-108.483
G1 Z0.000 F1200
G1 X155.543 Y-109.853
G1 X155.739 Y-109.462
G1 X156.326 Y-109.657
G1 X156.522 Y-110.636
G1 X155.935 Y-113.377
G1 X155.348 Y-113.573
G1 X156.130 Y-113.768
G1 X156.130 Y-115.726
G1 X156.130 Y-114.943
G1 X156.913 Y-114.551
G1 X156.130 Y-114.551
G1 X156.130 Y-113.573
G1 X157.109 Y-112.985
G1 X156.130 Y-113.573
G1 X155.935 Y-113.377
G1 X156.522 Y-110.636
G1 X157.109 Y-111.028
G1 X156.522 Y-110.636
G1 X156.522 Y-109.853
G1 X157.109 Y-109.266
G1 X156.522 Y-109.853
G1 X156.130 Y-109.657
G1 X155.935 Y-108.874
G1 X156.326 Y-108.483
G1 X156.130 Y-108.679
G0 Z3.500
G0 X154.270 Y-110.206
G1 Z0.000 F1200
G1 X152.032 Y-114.558
G0 Z3.500
G0 X151.583 Y-115.428
G1 Z0.000 F1200
G1 X147.951 Y-122.364
G0 Z3.500
G0 X148.603 Y-121.889
G1 Z0.000 F1200
G1 X148.911 Y-126.773
G0 Z3.500
G0 X149.967 Y-126.985
G1 Z0.000 F1200
G1 X136.249 Y-130.187
G0 Z3.500
G0 X136.174 Y-130.212
G1 Z0.000 F1200
G1 X136.370 Y-132.365
G1 X136.957 Y-132.757
G1 X137.152 Y-132.365
G1 X136.957 Y-133.148
G1 X137.739 Y-134.715
G1 X138.326 Y-134.323
G1 X138.326 Y-133.344
G1 X138.326 Y-134.323
G1 X137.739 Y-134.910
G1 X137.739 Y-135.693
G1 X138.522 Y-136.085
G1 X137.739 Y-135.889
G1 X137.348 Y-136.672
G1 X137.348 Y-139.413
G1 X137.739 Y-140.979
G1 X137.348 Y-139.413
G1 X137.348 Y-136.672
G1 X137.739 Y-135.889
G1 X137.739 Y-134.715
G1 X136.370 Y-132.365
G1 X136.174 Y-130.016
G0 Z3.500
G0 X136.022 Y-131.538
G1 Z0.000 F1200
G1 X132.434 Y-138.497
G0 Z3.500
G0 X131.894 Y-138.674
G1 Z0.000 F1200
G1 X130.842 Y-141.624
G0 Z3.500
G0 X130.385 Y-140.824
G1 Z0.000 F1200
G1 X130.025 Y-134.963
G0 Z3.500
G0 X129.593 Y-135.381
G1 Z0.000 F1200
G1 X125.297 Y-128.835
G0 Z3.500
G0 X127.359 Y-127.444
G1 Z0.000 F1200
G1 X130.571 Y-132.360
G0 Z3.500
G0 X130.647 Y-133.220
G1 Z0.000 F1200
G1 X131.437 Y-131.008
G0 Z3.500
G0 X131.566 Y-130.930
G1 Z0.000 F1200
G1 X131.811 Y-134.838
G0 Z3.500
G0 X130.891 Y-135.498
G1 Z0.000 F1200
G1 X130.500 Y-135.693
G1 X130.696 Y-137.064
G1 X132.848 Y-139.021
G1 X130.696 Y-137.064
G1 X130.696 Y-135.498
G0 Z3.500
G0 X130.135 Y-136.196
G1 Z0.000 F1200
G1 X132.319 Y-139.445
G0 Z3.500
G0 X132.869 Y-140.254
G1 Z0.000 F1200
G1 X136.752 Y-145.898
G0 Z3.500
G0 X137.415 Y-145.684
G1 Z0.000 F1200
G1 X138.225 Y-143.479
G0 Z3.500
G0 X139.537 Y-144.109
G1 Z0.000 F1200
G1 X139.131 Y-138.250
G0 Z3.500
G0 X139.500 Y-139.217
G1 Z0.000 F1200
G1 X140.478 Y-139.217
G1 X140.478 Y-140.783
G1 X140.087 Y-141.370
G1 X139.304 Y-140.783
G1 X139.696 Y-140.196
G1 X139.500 Y-139.413
G0 Z3.500
G0 X139.857 Y-139.074
G1 Z0.000 F1200
G1 X138.767 Y-142.010
G0 Z3.500
G0 X138.630 Y-141.899
G1 Z0.000 F1200
G1 X132.991 Y-140.269
G0 Z3.500
G0 X135.072 Y-139.900
G1 Z0.000 F1200
G1 X132.402 Y-145.131
G0 Z3.500
G0 X132.286 Y-142.654
G1 Z0.000 F1200
G1 X131.988 Y-137.769
G0 Z3.500
G0 X134.889 Y-138.891
G1 Z0.000 F1200
G1 X131.107 Y-133.179
G0 Z3.500
G0 X128.935 Y-134.127
G1 Z0.000 F1200
G1 X129.522 Y-135.498
G1 X128.935 Y-136.281
G1 X127.174 Y-135.302
G1 X127.370 Y-134.323
G1 X126.978 Y-135.106
G1 X125.022 Y-134.323
G1 X126.587 Y-135.106
G1 X125.804 Y-136.085
G1 X126.000 Y-137.847
G1 X126.000 Y-137.064
G1 X126.783 Y-136.672
G1 X127.565 Y-138.825
G1 X125.804 Y-139.021
G1 X125.217 Y-138.630
G1 X125.804 Y-139.021
G1 X127.370 Y-139.021
G1 X127.565 Y-140.392
G1 X129.522 Y-141.762
G1 X129.913 Y-143.524
G1 X128.739 Y-144.307
G1 X127.761 Y-143.915
G1 X128.152 Y-144.307
G1 X128.739 Y-144.307
G1 X129.522 Y-143.719
G1 X130.109 Y-143.915
G1 X129.326 Y-145.677
G1 X130.109 Y-144.307
G1 X130.696 Y-144.502
G1 X130.696 Y-146.069
G1 X130.109 Y-146.656
G1 X129.522 Y-146.656
G1 X128.739 Y-147.439
G1 X125.022 Y-147.439
G1 X124.630 Y-146.264
G1 X124.826 Y-147.243
G1 X123.848 Y-147.439
G1 X123.065 Y-145.481
G1 X123.652 Y-146.460
G1 X123.652 Y-147.243
G1 X122.478 Y-147.439
G1 X121.696 Y-147.047
G1 X122.283 Y-146.264
G1 X121.500 Y-147.047
G1 X121.304 Y-146.069
G1 X121.304 Y-146.460
G1 X120.717 Y-146.656
G1 X119.739 Y-145.677
G1 X119.739 Y-144.894
G1 X119.739 Y-145.677
G1 X119.348 Y-146.069
G1 X118.565 Y-146.069
G1 X118.174 Y-144.307
G1 X118.565 Y-145.090
G1 X118.174 Y-145.677
G1 X117.391 Y-145.677
G1 X116.022 Y-144.894
G1 X114.457 Y-145.285
G1 X113.478 Y-144.307
G1 X114.457 Y-145.285
G1 X116.022 Y-144.894
G1 X118.565 Y-146.069
G1 X119.935 Y-145.873
G1 X121.304 Y-146.852
G1 X121.304 Y-147.243
G1 X120.522 Y-147.635
G1 X121.500 Y-147.047
G1 X124.239 Y-147.635
G1 X123.848 Y-148.418
G1 X122.674 Y-148.418
G1 X125.217 Y-148.809
G1 X124.435 Y-148.809
G1 X124.043 Y-147.830
G1 X124.435 Y-147.439
G1 X125.804 Y-147.439
G1 X125.804 Y-149.005
G1 X129.717 Y-149.005
G1 X129.913 Y-149.592
G1 X129.522 Y-149.788
G1 X130.304 Y-149.005
G1 X129.717 Y-148.809
G1 X129.717 Y-148.222
G1 X130.304 Y-147.830
G1 X135.391 Y-147.635
G1 X133.630 Y-147.830
G1 X133.239 Y-147.439
G1 X133.435 Y-146.852
G1 X134.217 Y-146.852
G1 X133.435 Y-146.852
G1 X133.043 Y-146.264
G1 X133.043 Y-145.481
G1 X134.022 Y-145.090
G1 X134.022 Y-144.111
G1 X133.826 Y-145.285
G1 X133.043 Y-145.090
G1 X133.043 Y-143.915
G1 X132.848 Y-145.285
G1 X130.891 Y-144.502
G1 X131.674 Y-143.328
G1 X131.087 Y-140.587
G1 X132.065 Y-140.196
G1 X131.674 Y-140.196
G1 X130.891 Y-139.217
G1 X131.478 Y-140.000
G1 X131.087 Y-140.587
G1 X129.326 Y-140.000
G1 X128.935 Y-138.825
G1 X129.326 Y-138.042
G1 X129.326 Y-136.868
G1 X130.109 Y-136.476
G1 X128.935 Y-136.476
G1 X129.522 Y-135.693
G1 X128.935 Y-134.323
G0 Z3.500
G0 X128.166 Y-135.650
G1 Z0.000 F1200
G1 X126.823 Y-139.327
G0 Z3.500
G0 X127.565 Y-139.217
G1 Z0.000 F1200
G1 X127.565 Y-140.392
G1 X128.152 Y-140.979
G1 X129.130 Y-141.175
G1 X129.130 Y-139.021
G1 X127.565 Y-139.021
G0 Z3.500
G0 X129.326 Y-140.392
G1 Z0.000 F1200
G1 X129.717 Y-140.196
G1 X130.891 Y-140.587
G1 X131.478 Y-142.153
G1 X129.913 Y-143.132
G1 X129.130 Y-141.370
G1 X129.326 Y-140.587
G0 Z3.500
G0 X128.418 Y-143.443
G1 Z0.000 F1200
G1 X140.816 Y-147.055
G0 Z3.500
G0 X139.301 Y-145.358
G1 Z0.000 F1200
G1 X135.436 Y-139.703
G0 Z3.500
G0 X135.520 Y-139.030
G1 Z0.000 F1200
G1 X137.785 Y-134.692
G0 Z3.500
G0 X138.243 Y-133.828
G1 Z0.000 F1200
G1 X140.563 Y-129.519
G0 Z3.500
G0 X140.948 Y-130.079
G1 Z0.000 F1200
G1 X145.254 Y-136.619
G0 Z3.500
G0 X145.986 Y-136.789
G1 Z0.000 F1200
G1 X145.713 Y-132.884
G0 Z3.500
G0 X144.978 Y-132.561
G1 Z0.000 F1200
G1 X144.391 Y-134.323
G1 X144.196 Y-133.736
G1 X143.804 Y-133.736
G1 X142.826 Y-134.910
G1 X144.000 Y-133.148
G1 X144.000 Y-133.736
G1 X144.587 Y-133.540
G1 X144.978 Y-132.365
G0 Z3.500
G0 X145.158 Y-131.961
G1 Z0.000 F1200
G1 X148.390 Y-136.863
G0 Z3.500
G0 X147.805 Y-137.643
G1 Z0.000 F1200
G1 X147.421 Y-131.783
G0 Z3.500
G0 X147.737 Y-131.400
G1 Z0.000 F1200
G1 X151.526 Y-137.108
G0 Z3.500
G0 X151.285 Y-136.419
G1 Z0.000 F1200
G1 X151.658 Y-142.280
G0 Z3.500
G0 X151.570 Y-142.506
G1 Z0.000 F1200
G1 X152.636 Y-139.561
G0 Z3.500
G0 X152.772 Y-139.138
G1 Z0.000 F1200
G1 X147.050 Y-140.449
G0 Z3.500
G0 X146.739 Y-140.000
G1 Z0.000 F1200
G1 X146.935 Y-139.804
G1 X147.522 Y-140.196
G1 X147.522 Y-140.979
G1 X145.957 Y-142.545
G1 X145.761 Y-140.979
G1 X146.543 Y-140.000
G0 Z3.500
G0 X145.641 Y-141.180
G1 Z0.000 F1200
G1 X144.303 Y-144.859
G0 Z3.500
G0 X144.967 Y-145.077
G1 Z0.000 F1200
G1 X143.316 Y-142.649
G0 Z3.500
G0 X144.391 Y-142.349
G1 Z0.000 F1200
G1 X143.413 Y-143.132
G1 X143.413 Y-144.307
G1 X144.587 Y-144.307
G1 X145.565 Y-143.719
G1 X145.957 Y-142.741
G1 X145.370 Y-142.153
G1 X144.587 Y-142.349
G0 Z3.500
G0 X146.430 Y-142.645
G1 Z0.000 F1200
G1 X146.058 Y-137.766
G0 Z3.500
G0 X145.790 Y-137.437
G1 Z0.000 F1200
G1 X149.565 Y-143.154
G0 Z3.500
G0 X150.045 Y-144.355
G1 Z0.000 F1200
G1 X149.632 Y-138.497
G0 Z3.500
G0 X150.261 Y-138.825
G1 Z0.000 F1200
G1 X149.674 Y-139.217
G1 X149.674 Y-139.804
G1 X150.065 Y-140.196
G1 X151.239 Y-140.196
G1 X151.630 Y-139.804
G1 X151.630 Y-139.021
G1 X151.239 Y-138.630
G1 X150.457 Y-138.825
G0 Z3.500
G0 X149.870 Y-140.392
G1 Z0.000 F1200
G1 X151.435 Y-140.392
G1 X151.239 Y-141.958
G1 X150.848 Y-142.349
G1 X149.870 Y-142.349
G1 X149.478 Y-141.370
G1 X149.870 Y-140.587
G0 Z3.500
G0 X148.087 Y-141.548
G1 Z0.000 F1200
G1 X147.874 Y-138.620
G0 Z3.500
G0 X148.926 Y-137.682
G1 Z0.000 F1200
G1 X151.614 Y-141.771
G0 Z3.500
G0 X153.168 Y-138.442
G1 Z0.000 F1200
G1 X149.472 Y-145.344
G0 Z3.500
G0 X146.985 Y-143.715
G1 Z0.000 F1200
G1 X143.729 Y-138.828
G0 Z3.500
G0 X143.036 Y-139.398
G1 Z0.000 F1200
G1 X144.115 Y-136.458
G0 Z3.500
G0 X144.391 Y-136.476
G1 Z0.000 F1200
G1 X143.609 Y-137.455
G1 X143.804 Y-138.042
G1 X145.565 Y-137.259
G1 X144.783 Y-136.085
G1 X144.391 Y-136.281
G0 Z3.500
G0 X144.125 Y-135.848
G1 Z0.000 F1200
G1 X147.870 Y-128.972
G0 Z3.500
G0 X149.206 Y-129.229
G1 Z0.000 F1200
G1 X146.990 Y-126.002
G0 Z3.500
G0 X145.879 Y-124.390
G1 Z0.000 F1200
G1 X144.212 Y-121.973
G0 Z3.500
G0 X144.320 Y-122.649
G1 Z0.000 F1200
G1 X141.031 Y-128.659
G0 Z3.500
G0 X141.457 Y-129.625
G1 Z0.000 F1200
G1 X141.065 Y-130.212
G1 X140.478 Y-130.016
G1 X141.261 Y-130.408
G1 X140.674 Y-133.931
G1 X140.087 Y-134.519
G1 X142.043 Y-133.344
G1 X141.065 Y-133.931
G1 X140.674 Y-133.736
G1 X141.065 Y-131.582
G1 X141.652 Y-131.582
G1 X141.261 Y-131.387
G1 X141.457 Y-129.821
G0 Z3.500
G0 X139.861 Y-128.451
G1 Z0.000 F1200
G1 X137.670 Y-125.208
G0 Z3.500
G0 X137.119 Y-124.399
G1 Z0.000 F1200
G1 X133.794 Y-119.559
G0 Z3.500
G0 X132.355 Y-121.711
G1 Z0.000 F1200
G1 X135.106 Y-125.757
G0 Z3.500
G0 X136.089 Y-124.922
G1 Z0.000 F1200
G1 X138.880 Y-119.755
G0 Z3.500
G0 X138.717 Y-121.207
G1 Z0.000 F1200
G1 X138.326 Y-125.318
G1 X138.717 Y-121.403
G0 Z3.500
G0 X138.023 Y-123.610
G1 Z0.000 F1200
G1 X138.313 Y-127.514
G0 Z3.500
G0 X138.913 Y-127.471
G1 Z0.000 F1200
G1 X139.304 Y-129.038
G1 X138.913 Y-129.821
G1 X138.913 Y-131.778
G1 X138.913 Y-129.821
G1 X139.304 Y-129.233
G1 X138.913 Y-127.667
G0 Z3.500
G0 X138.387 Y-128.490
G1 Z0.000 F1200
G1 X138.689 Y-132.394
G0 Z3.500
G0 X139.974 Y-133.098
G1 Z0.000 F1200
G1 X136.740 Y-128.196
G0 Z3.500
G0 X138.326 Y-126.297
G1 Z0.000 F1200
G1 X137.935 Y-126.688
G1 X137.739 Y-129.038
G1 X137.935 Y-126.688
G1 X138.326 Y-126.101
G0 Z3.500
G0 X140.779 Y-125.471
G1 Z0.000 F1200
G1 X142.431 Y-127.898
G0 Z3.500
G0 X144.222 Y-129.248
G1 Z0.000 F1200
G1 X140.476 Y-136.124
G0 Z3.500
G0 X140.013 Y-136.986
G1 Z0.000 F1200
G1 X135.481 Y-145.661
G0 Z3.500
G0 X136.247 Y-144.426
G1 Z0.000 F1200
G1 X137.590 Y-140.748
G0 Z3.500
G0 X137.511 Y-140.326
G1 Z0.000 F1200
G1 X137.821 Y-145.210
G0 Z3.500
G0 X139.031 Y-145.332
G1 Z0.000 F1200
G1 X143.655 Y-136.707
G0 Z3.500
G0 X144.383 Y-135.723
G1 Z0.000 F1200
G1 X145.185 Y-133.515
G0 Z3.500
G0 X146.935 Y-134.519
G1 Z0.000 F1200
G1 X144.783 Y-135.889
G1 X145.565 Y-137.259
G1 X146.543 Y-136.476
G1 X147.130 Y-136.476
G1 X147.326 Y-135.889
G1 X148.109 Y-135.302
G1 X147.913 Y-134.323
G1 X147.130 Y-134.519
G0 Z3.500
G0 X147.494 Y-136.022
G1 Z0.000 F1200
G1 X148.811 Y-132.335
G0 Z3.500
G0 X149.263 Y-132.635
G1 Z0.000 F1200
G1 X149.443 Y-135.566
G0 Z3.500
G0 X146.846 Y-137.296
G1 Z0.000 F1200
G1 X151.016 Y-129.537
G0 Z3.500
G0 X151.471 Y-128.671
G1 Z0.000 F1200
G1 X155.511 Y-120.843
G0 Z3.500
G0 X155.557 Y-121.402
G1 Z0.000 F1200
G1 X155.263 Y-117.498
G0 Z3.500
G0 X151.804 Y-117.740
G1 Z0.000 F1200
G1 X152.173 Y-122.620
G0 Z3.500
G0 X153.197 Y-126.535
G1 Z0.000 F1200
G1 X157.086 Y-132.175
G0 Z3.500
G0 X156.364 Y-132.139
G1 Z0.000 F1200
G1 X156.630 Y-136.045
G0 Z3.500
G0 X157.161 Y-136.209
G1 Z0.000 F1200
G1 X156.068 Y-139.145
G0 Z3.500
G0 X157.434 Y-135.476
G1 Z0.000 F1200
G1 X158.526 Y-132.540
G0 Z3.500
G0 X156.295 Y-131.162
G1 Z0.000 F1200
G1 X156.007 Y-127.258
G0 Z3.500
G0 X154.475 Y-130.308
G1 Z0.000 F1200
G1 X154.733 Y-134.215
G0 Z3.500
G0 X160.794 Y-137.358
G1 Z0.000 F1200
G1 X177.948 Y-133.378
G0 Z3.500
G0 X177.628 Y-133.663
G1 Z0.000 F1200
G1 X176.550 Y-136.604
G0 Z3.500
G0 X176.059 Y-136.648
G1 Z0.000 F1200
G1 X175.686 Y-130.787
G0 Z3.500
G0 X176.631 Y-130.791
G1 Z0.000 F1200
G1 X174.441 Y-127.547
G0 Z3.500
G0 X173.728 Y-127.980
G1 Z0.000 F1200
G1 X173.530 Y-125.050
G0 Z3.500
G0 X173.461 Y-124.074
G1 Z0.000 F1200
G1 X173.249 Y-121.145
G0 Z3.500
G0 X173.176 Y-120.169
G1 Z0.000 F1200
G1 X172.729 Y-114.314
G0 Z3.500
G0 X173.752 Y-113.086
G1 Z0.000 F1200
G1 X175.377 Y-108.678
G0 Z3.500
G0 X175.645 Y-107.943
G1 Z0.000 F1200
G1 X176.447 Y-105.735
G0 Z3.500
G0 X176.283 Y-105.546
G1 Z0.000 F1200
G1 X175.891 Y-108.483
G1 X176.478 Y-110.049
G1 X175.891 Y-111.615
G1 X176.283 Y-112.007
G1 X177.652 Y-111.811
G1 X176.674 Y-112.202
G1 X176.283 Y-114.356
G1 X177.065 Y-114.747
G1 X177.065 Y-118.662
G1 X176.870 Y-117.879
G1 X174.522 Y-117.879
G1 X174.130 Y-118.858
G1 X174.522 Y-119.250
G1 X175.696 Y-119.250
G1 X176.283 Y-120.033
G1 X176.870 Y-119.837
G1 X176.087 Y-120.228
G1 X175.891 Y-121.011
G1 X176.870 Y-121.207
G1 X177.261 Y-120.816
G1 X176.674 Y-121.403
G1 X177.065 Y-121.990
G1 X175.696 Y-120.816
G1 X172.565 Y-120.620
G1 X170.022 Y-119.054
G1 X171.978 Y-120.424
G1 X173.348 Y-120.816
G1 X174.522 Y-120.620
G1 X174.522 Y-119.250
G1 X174.130 Y-118.858
G1 X172.370 Y-118.467
G1 X170.804 Y-117.488
G1 X172.370 Y-118.467
G1 X173.935 Y-118.858
G1 X174.326 Y-118.467
G1 X174.130 Y-117.684
G1 X172.174 Y-117.096
G1 X174.326 Y-117.879
G1 X175.696 Y-117.684
G1 X175.500 Y-116.900
G1 X174.717 Y-116.705
G1 X173.348 Y-115.334
G1 X172.761 Y-115.334
G1 X171.978 Y-114.356
G1 X172.761 Y-115.334
G1 X173.348 Y-115.334
G1 X173.935 Y-115.922
G1 X174.522 Y-115.530
G1 X176.087 Y-115.530
G1 X175.891 Y-114.747
G1 X175.304 Y-114.747
G1 X173.152 Y-112.790
G1 X171.978 Y-110.832
G1 X174.130 Y-113.768
G1 X175.304 Y-114.747
G1 X176.283 Y-114.551
G1 X176.674 Y-112.202
G1 X175.891 Y-111.615
G1 X174.913 Y-111.615
G1 X175.696 Y-111.615
G1 X175.891 Y-111.223
G1 X174.717 Y-110.049
G1 X173.739 Y-107.700
G1 X174.717 Y-110.049
G1 X175.891 Y-111.028
G1 X176.478 Y-110.049
G1 X175.891 Y-108.483
G1 X176.283 Y-106.134
G1 X176.087 Y-105.351
G0 Z3.500
G0 X175.625 Y-105.280
G1 Z0.000 F1200
G1 X175.933 Y-110.165
G0 Z3.500
G0 X175.997 Y-111.141
G1 Z0.000 F1200
G1 X176.340 Y-116.023
G0 Z3.500
G0 X175.734 Y-116.048
G1 Z0.000 F1200
G1 X172.426 Y-111.197
G0 Z3.500
G0 X172.565 Y-110.049
G1 Z0.000 F1200
G1 X174.717 Y-112.790
G1 X172.370 Y-109.853
G0 Z3.500
G0 X172.752 Y-107.435
G1 Z0.000 F1200
G1 X176.087 Y-112.268
G0 Z3.500
G0 X174.315 Y-112.240
G1 Z0.000 F1200
G1 X173.975 Y-107.358
G0 Z3.500
G0 X175.304 Y-106.894
G1 Z0.000 F1200
G1 X176.967 Y-109.313
G0 Z3.500
G0 X174.386 Y-113.216
G1 Z0.000 F1200
G1 X174.606 Y-116.145
G0 Z3.500
G0 X174.326 Y-115.726
G1 Z0.000 F1200
G1 X176.870 Y-115.922
G1 X177.065 Y-116.509
G1 X175.304 Y-116.900
G1 X174.717 Y-116.705
G1 X174.130 Y-115.922
G0 Z3.500
G0 X174.680 Y-117.121
G1 Z0.000 F1200
G1 X174.905 Y-120.048
G0 Z3.500
G0 X174.522 Y-119.641
G1 Z0.000 F1200
G1 X174.717 Y-120.816
G1 X176.087 Y-120.620
G1 X175.696 Y-119.250
G1 X174.522 Y-119.445
G0 Z3.500
G0 X174.783 Y-119.051
G1 Z0.000 F1200
G1 X177.473 Y-123.139
G0 Z3.500
G0 X176.857 Y-122.855
G1 Z0.000 F1200
G1 X177.229 Y-127.735
G0 Z3.500
G0 X177.028 Y-126.981
G1 Z0.000 F1200
G1 X174.873 Y-123.713
G0 Z3.500
G0 X174.336 Y-122.895
G1 Z0.000 F1200
G1 X170.572 Y-117.170
G0 Z3.500
G0 X171.150 Y-116.386
G1 Z0.000 F1200
G1 X171.437 Y-120.291
G0 Z3.500
G0 X170.662 Y-121.832
G1 Z0.000 F1200
G1 X173.897 Y-126.733
G0 Z3.500
G0 X173.746 Y-126.417
G1 Z0.000 F1200
G1 X175.380 Y-122.012
G0 Z3.500
G0 X175.650 Y-121.277
G1 Z0.000 F1200
G1 X176.727 Y-118.336
G0 Z3.500
G0 X177.183 Y-119.070
G1 Z0.000 F1200
G1 X173.007 Y-126.825
G0 Z3.500
G0 X171.769 Y-125.174
G1 Z0.000 F1200
G1 X171.573 Y-122.244
G0 Z3.500
G0 X171.000 Y-122.186
G1 Z0.000 F1200
G1 X170.804 Y-122.382
G1 X171.587 Y-123.361
G1 X173.348 Y-123.752
G1 X173.739 Y-124.144
G1 X175.304 Y-124.339
G1 X175.500 Y-123.361
G1 X174.717 Y-122.773
G1 X172.957 Y-122.382
G1 X174.717 Y-122.773
G1 X175.500 Y-123.361
G1 X176.674 Y-123.361
G1 X177.261 Y-124.144
G1 X173.935 Y-124.144
G1 X173.739 Y-124.731
G1 X174.913 Y-125.710
G1 X176.674 Y-125.905
G1 X177.261 Y-125.318
G1 X176.283 Y-126.101
G1 X176.283 Y-126.688
G1 X176.870 Y-127.276
G1 X176.087 Y-126.884
G1 X175.109 Y-127.667
G1 X173.348 Y-128.059
G1 X171.587 Y-127.863
G1 X170.413 Y-128.842
G1 X171.783 Y-130.016
G1 X172.370 Y-129.625
G1 X173.152 Y-130.016
G1 X171.783 Y-130.016
G1 X170.413 Y-128.842
G1 X169.630 Y-129.038
G1 X170.022 Y-129.625
G1 X169.435 Y-129.038
G1 X167.478 Y-129.038
G1 X166.304 Y-129.625
G1 X166.500 Y-129.429
G1 X166.109 Y-129.038
G1 X165.130 Y-129.233
G1 X164.543 Y-129.625
G1 X164.152 Y-130.799
G1 X163.957 Y-130.408
G1 X162.978 Y-130.408
G1 X162.391 Y-130.799
G1 X161.217 Y-132.561
G1 X161.217 Y-133.344
G1 X160.826 Y-133.540
G1 X161.217 Y-133.344
G1 X161.217 Y-132.757
G1 X160.826 Y-132.561
G1 X162.000 Y-131.778
G1 X162.391 Y-130.995
G1 X162.391 Y-129.821
G1 X162.783 Y-129.429
G1 X162.391 Y-129.821
G1 X162.587 Y-130.604
G1 X164.152 Y-130.408
G1 X165.130 Y-129.233
G1 X166.304 Y-129.233
G1 X166.500 Y-128.059
G1 X166.696 Y-129.233
G1 X168.261 Y-129.038
G1 X169.043 Y-128.059
G1 X168.457 Y-128.842
G1 X168.652 Y-129.038
G1 X170.413 Y-128.842
G1 X171.000 Y-128.450
G1 X171.391 Y-127.667
G1 X170.217 Y-126.493
G1 X170.217 Y-126.101
G1 X168.848 Y-125.710
G1 X170.022 Y-125.905
G1 X171.587 Y-127.863
G1 X171.978 Y-127.276
G1 X171.978 Y-128.059
G1 X175.109 Y-127.667
G1 X176.283 Y-126.688
G1 X176.087 Y-125.710
G1 X173.348 Y-126.101
G1 X172.957 Y-125.514
G1 X173.348 Y-126.101
G1 X174.522 Y-126.101
G1 X174.913 Y-125.710
G1 X173.739 Y-124.731
G1 X173.348 Y-123.752
G1 X171.783 Y-123.752
G1 X171.587 Y-125.514
G1 X171.978 Y-123.556
G1 X171.196 Y-122.577
G1 X170.804 Y-122.577
G1 X169.630 Y-123.752
G1 X168.457 Y-124.144
G1 X167.674 Y-124.927
G1 X167.870 Y-125.318
G1 X167.478 Y-125.122
G1 X167.087 Y-125.514
G1 X168.652 Y-123.556
G1 X168.652 Y-124.144
G1 X169.630 Y-123.752
G1 X171.000 Y-121.990
G0 Z3.500
G0 X168.603 Y-123.222
G1 Z0.000 F1200
G1 X165.917 Y-119.131
G0 Z3.500
G0 X165.381 Y-118.312
G1 Z0.000 F1200
G1 X162.695 Y-114.222
G0 Z3.500
G0 X162.256 Y-114.454
G1 Z0.000 F1200
G1 X159.500 Y-119.640
G0 Z3.500
G0 X159.112 Y-117.821
G1 Z0.000 F1200
G1 X155.360 Y-112.088
G0 Z3.500
G0 X157.949 Y-111.522
G1 Z0.000 F1200
G1 X161.175 Y-116.429
G0 Z3.500
G0 X160.542 Y-117.128
G1 Z0.000 F1200
G1 X160.854 Y-122.013
G0 Z3.500
G0 X162.167 Y-121.058
G1 Z0.000 F1200
G1 X166.376 Y-113.321
G0 Z3.500
G0 X162.722 Y-113.594
G1 Z0.000 F1200
G1 X165.074 Y-109.303
G0 Z3.500
G0 X161.413 Y-108.287
G1 Z0.000 F1200
G1 X160.435 Y-109.853
G1 X160.239 Y-109.657
G1 X160.239 Y-110.636
G1 X159.457 Y-110.636
G1 X160.239 Y-111.028
G1 X160.239 Y-112.398
G1 X159.848 Y-112.790
G1 X159.457 Y-112.594
G1 X159.848 Y-112.985
G1 X159.065 Y-113.181
G1 X159.652 Y-113.181
G1 X160.435 Y-113.768
G1 X160.435 Y-114.943
G1 X161.022 Y-116.117
G1 X160.826 Y-115.530
G1 X161.413 Y-115.334
G1 X161.804 Y-115.726
G1 X161.609 Y-114.943
G1 X162.196 Y-114.747
G1 X163.565 Y-115.922
G1 X164.739 Y-116.313
G1 X164.739 Y-117.879
G1 X163.565 Y-117.879
G1 X162.196 Y-117.096
G1 X163.565 Y-117.879
G1 X164.739 Y-117.879
G1 X165.130 Y-118.271
G1 X164.935 Y-119.250
G1 X161.413 Y-118.467
G1 X165.130 Y-119.445
G1 X165.522 Y-124.927
G1 X163.761 Y-126.493
G1 X165.130 Y-125.122
G1 X166.500 Y-124.339
G1 X166.109 Y-124.731
G1 X165.522 Y-124.535
G1 X165.326 Y-121.599
G1 X167.283 Y-121.207
G1 X167.478 Y-121.599
G1 X167.087 Y-122.186
G1 X167.674 Y-120.424
G1 X168.848 Y-119.837
G1 X165.522 Y-120.816
G1 X165.130 Y-120.424
G1 X165.326 Y-119.641
G1 X168.261 Y-118.271
G1 X165.717 Y-119.641
G1 X165.130 Y-119.445
G1 X165.130 Y-118.662
G1 X165.913 Y-118.467
G1 X165.326 Y-118.271
G1 X165.913 Y-117.684
G1 X165.326 Y-118.271
G1 X164.935 Y-118.075
G1 X164.543 Y-114.943
G1 X164.739 Y-110.832
G1 X164.739 Y-112.790
G1 X164.152 Y-112.985
G1 X164.739 Y-113.181
G1 X164.739 Y-114.356
G1 X163.957 Y-114.551
G1 X163.370 Y-113.964
G1 X164.739 Y-115.139
G1 X164.739 Y-115.922
G1 X163.957 Y-116.117
G1 X162.000 Y-114.551
G1 X162.000 Y-113.573
G1 X161.413 Y-112.985
G1 X162.000 Y-112.007
G1 X162.391 Y-112.202
G1 X162.000 Y-111.615
G1 X163.957 Y-110.245
G1 X162.000 Y-111.615
G1 X161.413 Y-111.615
G1 X162.000 Y-111.811
G1 X161.217 Y-112.985
G1 X160.239 Y-112.007
G1 X160.239 Y-111.223
G1 X161.217 Y-110.636
G1 X160.435 Y-111.028
G1 X160.239 Y-110.049
G1 X162.000 Y-109.266
G1 X161.022 Y-109.657
G1 X160.826 Y-109.266
G1 X161.217 Y-108.483
G0 Z3.500
G0 X160.074 Y-109.312
G1 Z0.000 F1200
G1 X160.308 Y-113.220
G0 Z3.500
G0 X160.826 Y-113.377
G1 Z0.000 F1200
G1 X160.435 Y-113.768
G1 X160.435 Y-114.943
G1 X161.413 Y-115.334
G1 X162.000 Y-114.551
G1 X162.000 Y-113.573
G1 X161.413 Y-112.985
G1 X161.022 Y-113.181
G0 Z3.500
G0 X162.156 Y-113.406
G1 Z0.000 F1200
G1 X159.436 Y-109.338
G0 Z3.500
G0 X162.364 Y-113.105
G1 Z0.000 F1200
G1 X161.570 Y-115.316
G0 Z3.500
G0 X161.711 Y-117.248
G1 Z0.000 F1200
G1 X164.932 Y-122.158
G0 Z3.500
G0 X169.142 Y-124.039
G1 Z0.000 F1200
G1 X172.962 Y-129.725
G0 Z3.500
G0 X173.514 Y-130.533
G1 Z0.000 F1200
G1 X177.410 Y-136.168
G0 Z3.500
G0 X177.856 Y-137.165
G1 Z0.000 F1200
G1 X174.578 Y-143.181
G0 Z3.500
G0 X174.100 Y-143.211
G1 Z0.000 F1200
G1 X174.919 Y-141.010
G0 Z3.500
G0 X173.968 Y-139.672
G1 Z0.000 F1200
G1 X176.164 Y-142.912
G0 Z3.500
G0 X177.065 Y-145.285
G1 Z0.000 F1200
G1 X176.870 Y-146.069
G1 X177.261 Y-147.047
G1 X175.109 Y-150.767
G1 X172.957 Y-148.613
G1 X171.783 Y-148.613
G1 X170.217 Y-149.984
G1 X170.022 Y-149.592
G1 X170.609 Y-148.222
G1 X169.630 Y-150.767
G1 X166.696 Y-147.830
G1 X164.935 Y-148.026
G1 X164.935 Y-147.243
G1 X163.761 Y-149.592
G1 X162.783 Y-149.592
G1 X162.587 Y-149.005
G1 X162.783 Y-150.571
G1 X162.000 Y-151.941
G1 X162.391 Y-152.137
G1 X162.000 Y-151.746
G1 X162.783 Y-150.767
G1 X164.152 Y-152.137
G1 X163.957 Y-152.529
G1 X162.783 Y-152.529
G1 X163.957 Y-152.724
G1 X163.370 Y-153.507
G1 X164.152 Y-152.529
G1 X165.913 Y-152.724
G1 X166.696 Y-153.507
G1 X167.674 Y-153.507
G1 X167.674 Y-154.290
G1 X167.870 Y-152.724
G1 X169.435 Y-151.158
G1 X169.826 Y-151.158
G1 X170.609 Y-151.941
G1 X170.609 Y-154.095
G1 X169.435 Y-154.290
G1 X173.152 Y-154.878
G1 X173.543 Y-154.095
G1 X174.522 Y-153.116
G1 X174.913 Y-153.116
G1 X175.891 Y-154.095
G1 X175.891 Y-154.878
G1 X175.891 Y-154.095
G1 X174.717 Y-152.920
G1 X174.717 Y-151.941
G1 X175.109 Y-151.550
G1 X177.652 Y-154.095
G1 X175.109 Y-151.354
G1 X175.109 Y-150.767
G1 X177.261 Y-147.047
G1 X176.870 Y-146.069
G1 X177.065 Y-145.481
G0 Z3.500
G0 X177.317 Y-146.309
G1 Z0.000 F1200
G1 X167.043 Y-148.774
G0 Z3.500
G0 X165.902 Y-149.049
G1 Z0.000 F1200
G1 X149.883 Y-152.725
G0 Z3.500
G0 X154.174 Y-154.682
G1 Z0.000 F1200
G1 X158.870 Y-155.465
G1 X154.370 Y-154.682
G0 Z3.500
G0 X154.030 Y-155.036
G1 Z0.000 F1200
G1 X170.022 Y-151.244
G0 Z3.500
G0 X170.609 Y-151.941
G1 Z0.000 F1200
G1 X173.739 Y-151.941
G1 X174.522 Y-152.333
G1 X174.717 Y-152.920
G1 X173.152 Y-154.878
G1 X171.978 Y-154.878
G1 X170.609 Y-154.290
G1 X170.609 Y-152.137
G0 Z3.500
G0 X171.164 Y-150.970
G1 Z0.000 F1200
G1 X178.022 Y-149.363
G0 Z3.500
G0 X178.128 Y-153.222
G1 Z0.000 F1200
G1 X173.621 Y-151.903
G0 Z3.500
G0 X172.493 Y-151.577
G1 Z0.000 F1200
G1 X160.063 Y-148.076
G0 Z3.500
G0 X162.783 Y-149.788
G1 Z0.000 F1200
G1 X163.761 Y-149.592
G1 X164.348 Y-150.179
G1 X163.761 Y-151.550
G1 X162.783 Y-150.767
G1 X162.783 Y-149.984
G0 Z3.500
G0 X164.152 Y-150.375
G1 Z0.000 F1200
G1 X164.935 Y-150.179
G1 X165.326 Y-150.571
G1 X165.326 Y-150.962
G1 X164.152 Y-152.137
G1 X164.152 Y-150.571
G0 Z3.500
G0 X164.935 Y-151.354
G1 Z0.000 F1200
G1 X165.522 Y-151.158
G1 X165.913 Y-151.550
G1 X165.717 Y-152.724
G1 X164.543 Y-152.724
G1 X164.152 Y-152.333
G1 X164.739 Y-151.550
G0 Z3.500
G0 X166.500 Y-151.550
G1 Z0.000 F1200
G1 X165.913 Y-151.746
G1 X166.109 Y-152.920
G1 X167.870 Y-151.550
G1 X166.696 Y-151.550
G0 Z3.500
G0 X167.674 Y-151.746
G1 Z0.000 F1200
G1 X166.304 Y-152.920
G1 X166.696 Y-153.507
G1 X167.674 Y-153.507
G1 X167.870 Y-152.724
G1 X169.043 Y-151.550
G1 X167.870 Y-151.550
G0 Z3.500
G0 X165.913 Y-148.222
G1 Z0.000 F1200
G1 X166.304 Y-149.592
G1 X165.326 Y-150.571
G1 X166.109 Y-150.571
G1 X165.326 Y-150.962
G1 X165.913 Y-151.550
G1 X169.239 Y-151.354
G1 X169.630 Y-150.962
G1 X168.457 Y-149.592
G1 X167.087 Y-149.592
G1 X168.261 Y-149.396
G1 X166.696 Y-147.830
G1 X165.913 Y-148.026
G0 Z3.500
G0 X164.543 Y-148.222
G1 Z0.000 F1200
G1 X165.717 Y-148.026
G1 X166.304 Y-149.005
G1 X166.304 Y-149.592
G1 X165.522 Y-150.375
G1 X164.935 Y-150.179
G1 X164.935 Y-149.592
G1 X164.348 Y-148.809
G1 X164.543 Y-148.418
G0 Z3.500
G0 X166.998 Y-144.791
G1 Z0.000 F1200
G1 X168.056 Y-141.844
G0 Z3.500
G0 X167.658 Y-143.123
G1 Z0.000 F1200
G1 X167.280 Y-138.243
G0 Z3.500
G0 X167.134 Y-136.291
G1 Z0.000 F1200
G1 X166.925 Y-133.362
G0 Z3.500
G0 X166.970 Y-133.769
G1 Z0.000 F1200
G1 X164.183 Y-129.747
G0 Z3.500
G0 X162.737 Y-129.907
G1 Z0.000 F1200
G1 X161.674 Y-132.853
G0 Z3.500
G0 X166.450 Y-132.926
G1 Z0.000 F1200
G1 X165.131 Y-136.612
G0 Z3.500
G0 X167.527 Y-134.574
G1 Z0.000 F1200
G1 X169.192 Y-136.992
G0 Z3.500
G0 X168.952 Y-137.145
G1 Z0.000 F1200
G1 X168.688 Y-133.239
G0 Z3.500
G0 X168.962 Y-132.425
G1 Z0.000 F1200
G1 X173.415 Y-138.865
G0 Z3.500
G0 X173.268 Y-139.158
G1 Z0.000 F1200
G1 X175.618 Y-134.866
G0 Z3.500
G0 X176.087 Y-133.148
G1 Z0.000 F1200
G1 X174.913 Y-134.715
G1 X174.913 Y-135.302
G1 X176.283 Y-134.910
G1 X177.261 Y-133.931
G1 X176.870 Y-132.953
G1 X176.283 Y-133.148
G0 Z3.500
G0 X174.469 Y-133.346
G1 Z0.000 F1200
G1 X173.101 Y-137.015
G0 Z3.500
G0 X174.272 Y-136.773
G1 Z0.000 F1200
G1 X173.976 Y-131.888
G0 Z3.500
G0 X172.627 Y-133.493
G1 Z0.000 F1200
G1 X176.530 Y-139.124
G0 Z3.500
G0 X177.060 Y-139.972
G1 Z0.000 F1200
G1 X162.213 Y-143.508
G0 Z3.500
G0 X162.391 Y-143.524
G1 Z0.000 F1200
G1 X162.000 Y-144.698
G1 X162.587 Y-145.090
G1 X163.565 Y-144.307
G1 X163.761 Y-143.328
G1 X162.587 Y-143.328
G0 Z3.500
G0 X162.391 Y-138.434
G1 Z0.000 F1200
G1 X162.587 Y-140.587
G1 X163.565 Y-140.587
G1 X164.543 Y-139.804
G1 X164.152 Y-139.413
G1 X163.957 Y-138.238
G1 X162.391 Y-138.238
G0 Z3.500
G0 X171.017 Y-136.852
G1 Z0.000 F1200
G1 X175.248 Y-129.126
G0 Z3.500
G0 X174.653 Y-128.414
G1 Z0.000 F1200
G1 X176.010 Y-124.741
G0 Z3.500
G0 X176.280 Y-124.006
G1 Z0.000 F1200
G1 X177.354 Y-121.064
G0 Z3.500
G0 X176.782 Y-121.879
G1 Z0.000 F1200
G1 X176.411 Y-116.999
G0 Z3.500
G0 X174.242 Y-118.235
G1 Z0.000 F1200
G1 X170.972 Y-113.359
G0 Z3.500
G0 X174.980 Y-121.024
G1 Z0.000 F1200
G1 X175.346 Y-125.905
G0 Z3.500
G0 X175.714 Y-128.266
G1 Z0.000 F1200
G1 X177.562 Y-124.815
G0 Z3.500
G0 X176.478 Y-129.625
G1 Z0.000 F1200
G1 X176.674 Y-130.604
G1 X175.891 Y-131.387
G1 X173.543 Y-132.170
G1 X175.891 Y-131.387
G1 X176.674 Y-130.604
G1 X176.478 Y-129.821
G0 Z3.500
G0 X172.466 Y-134.283
G1 Z0.000 F1200
G1 X171.647 Y-136.485
G0 Z3.500
G0 X169.826 Y-132.365
G1 Z0.000 F1200
G1 X170.413 Y-132.953
G1 X171.196 Y-132.170
G1 X169.239 Y-134.127
G1 X168.848 Y-135.302
G1 X169.239 Y-135.693
G1 X170.804 Y-135.693
G1 X171.783 Y-135.106
G1 X174.130 Y-135.498
G1 X174.326 Y-135.106
G1 X172.957 Y-133.736
G1 X174.326 Y-135.106
G1 X174.717 Y-135.106
G1 X176.478 Y-132.953
G1 X177.065 Y-133.148
G1 X177.261 Y-133.931
G1 X176.478 Y-134.910
G1 X177.652 Y-134.910
G1 X176.087 Y-134.910
G1 X175.109 Y-135.302
G1 X174.522 Y-135.106
G1 X173.935 Y-136.281
G1 X174.130 Y-135.693
G1 X173.543 Y-135.498
G1 X172.174 Y-137.064
G1 X173.543 Y-135.498
G1 X171.783 Y-135.106
G1 X170.804 Y-135.693
G1 X169.239 Y-135.693
G1 X168.848 Y-136.085
G1 X169.043 Y-134.519
G1 X170.217 Y-133.148
G1 X169.826 Y-132.561
G1 X169.435 Y-132.561
G1 X167.870 Y-133.540
G1 X166.891 Y-133.540
G1 X165.326 Y-134.910
G1 X165.522 Y-136.476
G1 X165.326 Y-135.106
G1 X164.348 Y-135.106
G1 X163.565 Y-136.085
G1 X162.391 Y-136.281
G1 X162.196 Y-137.847
G1 X164.935 Y-138.238
G1 X165.717 Y-139.804
G1 X166.696 Y-139.804
G1 X167.087 Y-139.413
G1 X166.304 Y-138.238
G1 X168.652 Y-141.762
G1 X171.000 Y-139.608
G1 X172.565 Y-141.566
G1 X174.326 Y-141.566
G1 X174.913 Y-140.979
G1 X174.717 Y-140.392
G1 X174.913 Y-140.979
G1 X174.326 Y-141.566
G1 X174.522 Y-141.958
G1 X176.674 Y-142.153
G1 X175.109 Y-142.153
G1 X174.326 Y-143.132
G1 X173.739 Y-143.132
G1 X174.326 Y-143.132
G1 X174.913 Y-142.153
G1 X174.130 Y-141.566
G1 X172.370 Y-141.566
G1 X170.022 Y-142.153
G1 X169.043 Y-143.132
G1 X171.391 Y-145.090
G1 X169.239 Y-143.328
G1 X168.848 Y-143.328
G1 X167.478 Y-144.698
G1 X166.500 Y-144.698
G1 X167.478 Y-144.698
G1 X168.652 Y-143.524
G1 X165.717 Y-143.328
G1 X165.717 Y-144.111
G1 X165.130 Y-142.936
G1 X163.957 Y-143.132
G1 X163.174 Y-146.656
G1 X164.152 Y-147.047
G1 X163.370 Y-146.852
G1 X163.174 Y-147.830
G1 X163.174 Y-146.656
G1 X162.196 Y-146.460
G1 X162.978 Y-146.460
G1 X163.174 Y-146.069
G1 X162.587 Y-145.285
G1 X162.000 Y-145.677
G1 X162.391 Y-145.090
G1 X162.000 Y-144.111
G1 X162.783 Y-143.132
G1 X162.391 Y-138.238
G1 X161.217 Y-138.042
G1 X162.196 Y-137.847
G1 X162.196 Y-136.281
G1 X160.239 Y-136.085
G1 X162.196 Y-136.281
G1 X162.978 Y-133.931
G1 X163.957 Y-132.953
G1 X162.783 Y-134.519
G1 X164.935 Y-135.106
G1 X165.326 Y-133.540
G1 X164.935 Y-134.323
G1 X165.130 Y-134.910
G1 X166.891 Y-133.540
G1 X166.891 Y-133.148
G1 X167.087 Y-133.540
G1 X167.870 Y-133.540
G1 X168.848 Y-133.148
G1 X169.826 Y-132.170
G0 Z3.500
G0 X177.652 Y-137.651
G1 Z0.000 F1200
G1 X176.478 Y-138.630
G1 X174.522 Y-138.630
G1 X176.478 Y-138.630
G1 X177.848 Y-137.651
G0 Z3.500
G0 X171.587 Y-148.809
G1 Z0.000 F1200
G1 X172.957 Y-148.613
G1 X175.109 Y-150.767
G1 X175.109 Y-151.550
G1 X174.522 Y-152.333
G1 X173.739 Y-151.941
G1 X171.000 Y-151.941
G1 X169.630 Y-150.962
G1 X170.022 Y-150.179
G1 X171.391 Y-149.005
G0 Z3.500
G0 X164.536 Y-153.775
G1 Z0.000 F1200
G1 X156.622 Y-151.560
G0 Z3.500
G0 X155.491 Y-151.246
G1 Z0.000 F1200
G1 X145.325 Y-148.368
G0 Z3.500
G0 X145.370 Y-148.222
G1 Z0.000 F1200
G1 X149.870 Y-150.179
G1 X150.457 Y-150.767
G1 X150.652 Y-153.116
G1 X150.457 Y-150.767
G1 X152.022 Y-150.375
G1 X153.196 Y-151.746
G1 X152.022 Y-152.137
G1 X153.391 Y-151.941
G1 X154.370 Y-152.920
G1 X155.152 Y-152.529
G1 X155.739 Y-152.920
G1 X156.326 Y-152.333
G1 X158.283 Y-152.724
G1 X160.435 Y-152.137
G1 X160.826 Y-152.920
G1 X160.630 Y-153.312
G1 X160.826 Y-152.724
G1 X160.239 Y-151.941
G1 X160.239 Y-151.354
G1 X160.630 Y-150.962
G1 X161.217 Y-151.158
G1 X160.435 Y-150.767
G1 X160.630 Y-149.396
G1 X160.043 Y-148.222
G1 X160.630 Y-149.984
G1 X160.239 Y-151.354
G1 X159.652 Y-151.354
G1 X159.457 Y-150.571
G1 X159.457 Y-151.158
G1 X160.239 Y-151.550
G1 X159.848 Y-152.333
G1 X158.283 Y-152.724
G1 X158.087 Y-151.746
G1 X157.696 Y-151.550
G1 X158.087 Y-151.746
G1 X157.891 Y-152.529
G1 X155.935 Y-152.529
G1 X155.739 Y-151.941
G1 X156.130 Y-151.746
G1 X155.739 Y-151.746
G1 X155.152 Y-150.767
G1 X155.543 Y-150.375
G1 X156.717 Y-150.375
G1 X157.304 Y-150.767
G1 X157.891 Y-150.571
G1 X157.304 Y-150.767
G1 X156.717 Y-150.375
G1 X154.957 Y-150.375
G1 X154.565 Y-149.984
G1 X154.761 Y-149.592
G1 X154.565 Y-149.984
G1 X155.348 Y-150.571
G1 X155.152 Y-150.962
G1 X155.739 Y-151.746
G1 X155.739 Y-152.333
G1 X154.565 Y-152.920
G1 X152.022 Y-150.375
G1 X150.261 Y-150.571
G1 X150.065 Y-150.179
G1 X150.457 Y-149.201
G1 X150.457 Y-149.788
G1 X149.870 Y-150.179
G1 X149.674 Y-149.396
G1 X149.478 Y-150.179
G1 X145.565 Y-148.222
G0 Z3.500
G0 X145.025 Y-147.337
G1 Z0.000 F1200
G1 X130.171 Y-150.842
G0 Z3.500
G0 X126.196 Y-147.439
G1 Z0.000 F1200
G1 X128.739 Y-147.439
G1 X129.717 Y-148.222
G1 X129.717 Y-148.809
G1 X127.370 Y-149.201
G1 X126.000 Y-148.613
G1 X126.000 Y-147.635
G0 Z3.500
G0 X127.988 Y-145.909
G1 Z0.000 F1200
G1 X126.324 Y-143.490
G0 Z3.500
G0 X118.450 Y-140.540
G1 Z0.000 F1200
G1 X115.674 Y-136.511
G0 Z3.500
G0 X116.303 Y-136.567
G1 Z0.000 F1200
G1 X113.967 Y-140.867
G0 Z3.500
G0 X113.207 Y-141.035
G1 Z0.000 F1200
G1 X114.524 Y-137.348
G0 Z3.500
G0 X114.340 Y-137.041
G1 Z0.000 F1200
G1 X114.531 Y-139.971
G0 Z3.500
G0 X112.240 Y-140.008
G1 Z0.000 F1200
G1 X110.024 Y-136.781
G0 Z3.500
G0 X109.058 Y-137.146
G1 Z0.000 F1200
G1 X112.740 Y-130.237
G0 Z3.500
G0 X113.208 Y-129.377
G1 Z0.000 F1200
G1 X115.553 Y-125.082
G0 Z3.500
G0 X114.293 Y-125.636
G1 Z0.000 F1200
G1 X116.975 Y-129.729
G0 Z3.500
G0 X116.892 Y-130.711
G1 Z0.000 F1200
G1 X116.101 Y-132.923
G0 Z3.500
G0 X116.413 Y-133.148
G1 Z0.000 F1200
G1 X117.000 Y-132.953
G1 X117.587 Y-134.127
G1 X117.587 Y-134.715
G1 X116.804 Y-135.498
G1 X115.826 Y-134.910
G1 X115.826 Y-133.931
G1 X116.413 Y-133.344
G0 Z3.500
G0 X115.838 Y-133.660
G1 Z0.000 F1200
G1 X114.787 Y-136.611
G0 Z3.500
G0 X114.275 Y-136.065
G1 Z0.000 F1200
G1 X114.000 Y-132.159
G0 Z3.500
G0 X114.521 Y-133.401
G1 Z0.000 F1200
G1 X111.733 Y-138.570
G0 Z3.500
G0 X111.460 Y-138.696
G1 Z0.000 F1200
G1 X118.244 Y-140.591
G0 Z3.500
G0 X117.616 Y-140.591
G1 Z0.000 F1200
G1 X121.818 Y-132.850
G0 Z3.500
G0 X121.347 Y-133.482
G1 Z0.000 F1200
G1 X108.778 Y-136.447
G0 Z3.500
G0 X106.852 Y-134.864
G1 Z0.000 F1200
G1 X109.118 Y-130.527
G0 Z3.500
G0 X111.817 Y-130.849
G1 Z0.000 F1200
G1 X115.119 Y-135.704
G0 Z3.500
G0 X114.065 Y-136.868
G1 Z0.000 F1200
G1 X114.261 Y-136.672
G1 X114.848 Y-137.455
G1 X114.261 Y-138.434
G1 X113.087 Y-139.217
G1 X112.500 Y-138.630
G1 X112.500 Y-138.042
G1 X113.870 Y-136.868
G0 Z3.500
G0 X113.108 Y-136.833
G1 Z0.000 F1200
G1 X112.047 Y-139.779
G0 Z3.500
G0 X112.569 Y-137.165
G1 Z0.000 F1200
G1 X112.183 Y-131.305
G0 Z3.500
G0 X115.740 Y-129.458
G1 Z0.000 F1200
G1 X116.796 Y-126.510
G0 Z3.500
G0 X120.509 Y-128.827
G1 Z0.000 F1200
G1 X116.772 Y-135.708
G0 Z3.500
G0 X117.763 Y-135.820
G1 Z0.000 F1200
G1 X117.463 Y-131.917
G0 Z3.500
G0 X118.056 Y-131.361
G1 Z0.000 F1200
G1 X119.687 Y-133.802
G0 Z3.500
G0 X122.279 Y-131.986
G1 Z0.000 F1200
G1 X126.344 Y-124.172
G0 Z3.500
G0 X126.789 Y-123.300
G1 Z0.000 F1200
G1 X128.569 Y-119.813
G0 Z3.500
G0 X126.381 Y-117.540
G1 Z0.000 F1200
G1 X130.876 Y-108.846
G0 Z3.500
G0 X121.500 Y-109.657
G1 Z0.000 F1200
G1 X121.696 Y-110.832
G1 X121.109 Y-112.007
G1 X120.326 Y-111.811
G1 X120.326 Y-111.028
G1 X120.717 Y-112.790
G1 X119.935 Y-113.573
G1 X119.152 Y-112.985
G1 X117.391 Y-112.594
G1 X117.391 Y-112.007
G1 X118.565 Y-110.636
G1 X117.000 Y-112.398
G1 X115.435 Y-113.377
G1 X114.652 Y-113.181
G1 X115.435 Y-113.768
G1 X115.826 Y-115.139
G1 X117.587 Y-115.922
G1 X117.783 Y-116.705
G1 X118.565 Y-117.292
G1 X118.761 Y-119.445
G1 X118.565 Y-117.292
G1 X119.348 Y-116.509
G1 X119.935 Y-113.573
G1 X120.326 Y-113.181
G1 X121.696 Y-112.985
G1 X122.283 Y-112.007
G1 X121.304 Y-112.007
G1 X121.696 Y-110.832
G1 X121.500 Y-109.853
G0 Z3.500
G0 X119.493 Y-111.501
G1 Z0.000 F1200
G1 X121.156 Y-113.920
G0 Z3.500
G0 X122.267 Y-115.532
G1 Z0.000 F1200
G1 X123.932 Y-117.950
G0 Z3.500
G0 X121.379 Y-118.493
G1 Z0.000 F1200
G1 X123.027 Y-120.922
G0 Z3.500
G0 X122.063 Y-121.783
G1 Z0.000 F1200
G1 X121.709 Y-115.921
G0 Z3.500
G0 X118.174 Y-115.530
G1 Z0.000 F1200
G1 X117.783 Y-115.922
G1 X117.783 Y-116.705
G1 X118.761 Y-117.096
G1 X119.348 Y-116.509
G1 X119.543 Y-115.334
G1 X118.174 Y-115.334
G0 Z3.500
G0 X116.609 Y-113.964
G1 Z0.000 F1200
G1 X115.435 Y-114.160
G1 X115.826 Y-115.139
G1 X116.609 Y-115.726
G1 X117.783 Y-115.922
G1 X118.370 Y-114.943
G1 X117.196 Y-113.573
G1 X116.804 Y-113.768
G0 Z3.500
G0 X113.283 Y-110.969
G1 Z0.000 F1200
G1 X111.618 Y-108.551
G0 Z3.500
G0 X110.773 Y-108.128
G1 Z0.000 F1200
G1 X108.894 Y-111.563
G0 Z3.500
G0 X108.917 Y-110.929
G1 Z0.000 F1200
G1 X108.713 Y-107.999
G0 Z3.500
G0 X108.783 Y-107.700
G1 Z0.000 F1200
G1 X108.391 Y-108.091
G1 X108.391 Y-108.874
G1 X109.370 Y-109.657
G1 X109.761 Y-108.679
G1 X109.370 Y-107.700
G1 X108.978 Y-107.700
G0 Z3.500
G0 X109.062 Y-107.861
G1 Z0.000 F1200
G1 X108.252 Y-110.065
G0 Z3.500
G0 X107.981 Y-110.800
G1 Z0.000 F1200
G1 X106.892 Y-113.737
G0 Z3.500
G0 X106.619 Y-114.470
G1 Z0.000 F1200
G1 X105.526 Y-117.405
G0 Z3.500
G0 X105.252 Y-118.139
G1 Z0.000 F1200
G1 X104.161 Y-121.075
G0 Z3.500
G0 X104.674 Y-122.382
G1 Z0.000 F1200
G1 X104.283 Y-123.556
G1 X104.478 Y-123.752
G1 X104.283 Y-123.361
G1 X104.674 Y-123.165
G1 X105.261 Y-123.556
G1 X105.261 Y-123.948
G1 X105.261 Y-123.556
G1 X104.283 Y-122.969
G1 X104.870 Y-122.382
G0 Z3.500
G0 X104.607 Y-123.986
G1 Z0.000 F1200
G1 X104.291 Y-119.102
G0 Z3.500
G0 X103.743 Y-118.588
G1 Z0.000 F1200
G1 X99.953 Y-112.882
G0 Z3.500
G0 X100.311 Y-112.512
G1 Z0.000 F1200
G1 X100.627 Y-117.396
G0 Z3.500
G0 X100.565 Y-116.313
G1 Z0.000 F1200
G1 X99.978 Y-116.705
G1 X100.370 Y-117.292
G1 X101.739 Y-117.096
G1 X101.543 Y-115.922
G1 X100.761 Y-116.117
G0 Z3.500
G0 X101.454 Y-115.089
G1 Z0.000 F1200
G1 X99.854 Y-119.507
G0 Z3.500
G0 X98.902 Y-118.498
G1 Z0.000 F1200
G1 X98.667 Y-114.589
G0 Z3.500
G0 X99.000 Y-114.551
G1 Z0.000 F1200
G1 X99.196 Y-114.356
G1 X100.957 Y-115.922
G1 X99.196 Y-116.900
G1 X99.000 Y-115.922
G1 X99.587 Y-115.726
G1 X99.000 Y-115.334
G1 X99.000 Y-114.747
G0 Z3.500
G0 X100.789 Y-113.902
G1 Z0.000 F1200
G1 X97.675 Y-120.005
G0 Z3.500
G0 X96.763 Y-119.214
G1 Z0.000 F1200
G1 X97.553 Y-117.002
G0 Z3.500
G0 X97.239 Y-117.879
G1 Z0.000 F1200
G1 X98.022 Y-117.879
G1 X97.630 Y-118.662
G1 X96.457 Y-118.858
G1 X96.261 Y-118.467
G1 X97.043 Y-117.879
G0 Z3.500
G0 X97.116 Y-118.623
G1 Z0.000 F1200
G1 X96.883 Y-114.714
G0 Z3.500
G0 X96.825 Y-113.737
G1 Z0.000 F1200
G1 X96.647 Y-110.806
G0 Z3.500
G0 X96.065 Y-111.028
G1 Z0.000 F1200
G1 X96.457 Y-110.832
G1 X97.239 Y-111.223
G1 X96.848 Y-112.985
G1 X96.457 Y-113.377
G1 X94.891 Y-113.573
G1 X94.500 Y-112.594
G1 X95.870 Y-111.223
G0 Z3.500
G0 X95.518 Y-111.098
G1 Z0.000 F1200
G1 X97.742 Y-106.739
G0 Z3.500
G0 X98.150 Y-106.776
G1 Z0.000 F1200
G1 X98.545 Y-112.635
G0 Z3.500
G0 X99.405 Y-112.071
G1 Z0.000 F1200
G1 X95.532 Y-106.420
G0 Z3.500
G0 X96.329 Y-105.922
G1 Z0.000 F1200
G1 X96.585 Y-109.829
G0 Z3.500
G0 X97.100 Y-109.337
G1 Z0.000 F1200
G1 X96.309 Y-111.549
G0 Z3.500
G0 X96.045 Y-112.286
G1 Z0.000 F1200
G1 X94.456 Y-116.707
G0 Z3.500
G0 X95.087 Y-115.922
G1 Z0.000 F1200
G1 X95.087 Y-117.096
G1 X95.478 Y-117.488
G1 X96.652 Y-116.705
G1 X96.457 Y-116.117
G1 X95.478 Y-115.530
G1 X95.087 Y-115.726
G0 Z3.500
G0 X95.097 Y-114.839
G1 Z0.000 F1200
G1 X95.337 Y-118.747
G0 Z3.500
G0 X95.031 Y-118.599
G1 Z0.000 F1200
G1 X99.042 Y-110.756
G0 Z3.500
G0 X99.488 Y-109.884
G1 Z0.000 F1200
G1 X101.285 Y-106.406
G0 Z3.500
G0 X101.744 Y-106.950
G1 Z0.000 F1200
G1 X104.526 Y-110.976
G0 Z3.500
G0 X105.080 Y-111.783
G1 Z0.000 F1200
G1 X107.283 Y-115.019
G0 Z3.500
G0 X107.031 Y-115.006
G1 Z0.000 F1200
G1 X102.945 Y-122.809
G0 Z3.500
G0 X100.370 Y-121.794
G1 Z0.000 F1200
G1 X100.761 Y-122.577
G1 X102.130 Y-122.186
G1 X101.348 Y-122.577
G1 X99.783 Y-122.382
G1 X99.000 Y-123.165
G1 X99.783 Y-122.382
G1 X99.587 Y-121.794
G1 X100.174 Y-122.382
G1 X100.370 Y-121.599
G0 Z3.500
G0 X101.547 Y-119.290
G1 Z0.000 F1200
G1 X102.623 Y-116.349
G0 Z3.500
G0 X102.894 Y-115.614
G1 Z0.000 F1200
G1 X103.982 Y-112.677
G0 Z3.500
G0 X103.798 Y-112.268
G1 Z0.000 F1200
G1 X103.422 Y-107.388
G0 Z3.500
G0 X103.956 Y-107.827
G1 Z0.000 F1200
G1 X101.236 Y-113.031
G0 Z3.500
G0 X102.061 Y-112.389
G1 Z0.000 F1200
G1 X102.399 Y-117.272
G0 Z3.500
G0 X103.500 Y-115.726
G1 Z0.000 F1200
G1 X103.500 Y-117.879
G1 X103.891 Y-118.075
G1 X105.261 Y-116.900
G1 X105.261 Y-115.530
G1 X103.500 Y-115.530
G0 Z3.500
G0 X104.165 Y-114.762
G1 Z0.000 F1200
G1 X106.335 Y-118.020
G0 Z3.500
G0 X106.041 Y-118.979
G1 Z0.000 F1200
G1 X105.601 Y-113.123
G0 Z3.500
G0 X104.674 Y-113.181
G1 Z0.000 F1200
G1 X105.652 Y-113.181
G1 X105.457 Y-115.139
G1 X103.500 Y-115.334
G1 X102.913 Y-114.747
G1 X104.478 Y-113.181
G0 Z3.500
G0 X103.871 Y-113.244
G1 Z0.000 F1200
G1 X104.224 Y-118.125
G0 Z3.500
G0 X101.935 Y-115.139
G1 Z0.000 F1200
G1 X101.739 Y-117.292
G1 X102.326 Y-117.879
G1 X103.304 Y-117.879
G1 X103.500 Y-115.334
G1 X102.913 Y-114.747
G1 X101.935 Y-114.943
G0 Z3.500
G0 X101.723 Y-114.354
G1 Z0.000 F1200
G1 X102.533 Y-112.149
G0 Z3.500
G0 X102.804 Y-111.415
G1 Z0.000 F1200
G1 X103.620 Y-109.212
G0 Z3.500
G0 X105.075 Y-109.742
G1 Z0.000 F1200
G1 X104.254 Y-111.943
G0 Z3.500
G0 X103.109 Y-111.419
G1 Z0.000 F1200
G1 X103.891 Y-111.223
G1 X104.870 Y-112.985
G1 X102.522 Y-112.985
G1 X102.326 Y-112.202
G1 X102.913 Y-111.419
G0 Z3.500
G0 X101.990 Y-111.413
G1 Z0.000 F1200
G1 X101.695 Y-107.509
G0 Z3.500
G0 X99.196 Y-107.489
G1 Z0.000 F1200
G1 X103.618 Y-113.950
G0 Z3.500
G0 X102.326 Y-113.377
G1 Z0.000 F1200
G1 X102.130 Y-114.551
G1 X102.913 Y-114.747
G1 X104.283 Y-113.181
G1 X102.326 Y-113.181
G0 Z3.500
G0 X101.348 Y-110.636
G1 Z0.000 F1200
G1 X101.152 Y-112.007
G1 X102.130 Y-112.398
G1 X102.717 Y-111.811
G1 X102.717 Y-110.832
G1 X101.935 Y-110.245
G1 X101.348 Y-110.440
G0 Z3.500
G0 X105.226 Y-108.243
G1 Z0.000 F1200
G1 X105.526 Y-112.147
G0 Z3.500
G0 X107.328 Y-113.002
G1 Z0.000 F1200
G1 X107.034 Y-109.098
G0 Z3.500
G0 X107.609 Y-108.874
G1 Z0.000 F1200
G1 X107.413 Y-109.657
G1 X107.804 Y-110.049
G1 X109.174 Y-109.853
G1 X108.196 Y-108.483
G1 X107.609 Y-108.679
G0 Z3.500
G0 X105.406 Y-108.021
G1 Z0.000 F1200
G1 X107.632 Y-111.241
G0 Z3.500
G0 X110.736 Y-111.783
G1 Z0.000 F1200
G1 X110.541 Y-108.853
G0 Z3.500
G0 X112.554 Y-111.293
G1 Z0.000 F1200
G1 X114.427 Y-107.855
G0 Z3.500
G0 X117.196 Y-107.700
G1 Z0.000 F1200
G1 X117.783 Y-108.287
G1 X118.957 Y-108.287
G1 X117.783 Y-108.287
G1 X117.196 Y-107.896
G1 X117.196 Y-107.504
G0 Z3.500
G0 X124.149 Y-121.896
G1 Z0.000 F1200
G1 X120.970 Y-127.964
G0 Z3.500
G0 X121.787 Y-130.168
G1 Z0.000 F1200
G1 X104.653 Y-134.232
G0 Z3.500
G0 X103.423 Y-133.880
G1 Z0.000 F1200
G1 X102.998 Y-127.042
G0 Z3.500
G0 X104.247 Y-126.827
G1 Z0.000 F1200
G1 X101.132 Y-132.930
G0 Z3.500
G0 X101.597 Y-133.027
G1 Z0.000 F1200
G1 X101.276 Y-128.143
G0 Z3.500
G0 X101.469 Y-128.427
G1 Z0.000 F1200
G1 X100.408 Y-131.374
G0 Z3.500
G0 X101.044 Y-132.216
G1 Z0.000 F1200
G1 X98.273 Y-128.183
G0 Z3.500
G0 X97.824 Y-129.366
G1 Z0.000 F1200
G1 X98.041 Y-132.294
G0 Z3.500
G0 X98.041 Y-132.394
G1 Z0.000 F1200
G1 X101.609 Y-125.424
G0 Z3.500
G0 X99.737 Y-126.014
G1 Z0.000 F1200
G1 X103.038 Y-130.870
G0 Z3.500
G0 X103.592 Y-131.677
G1 Z0.000 F1200
G1 X105.812 Y-134.901
G0 Z3.500
G0 X105.783 Y-136.980
G1 Z0.000 F1200
G1 X104.355 Y-141.456
G0 Z3.500
G0 X101.288 Y-142.105
G1 Z0.000 F1200
G1 X103.430 Y-135.392
G0 Z3.500
G0 X102.996 Y-133.150
G1 Z0.000 F1200
G1 X104.074 Y-130.210
G0 Z3.500
G0 X103.630 Y-131.927
G1 Z0.000 F1200
G1 X95.747 Y-129.606
G0 Z3.500
G0 X95.721 Y-128.725
G1 Z0.000 F1200
G1 X98.497 Y-132.754
G0 Z3.500
G0 X98.413 Y-132.757
G1 Z0.000 F1200
G1 X98.804 Y-132.561
G1 X99.783 Y-133.540
G1 X99.783 Y-134.715
G1 X98.804 Y-135.106
G1 X97.826 Y-134.127
G1 X97.826 Y-132.953
G1 X98.217 Y-132.757
G0 Z3.500
G0 X96.792 Y-132.557
G1 Z0.000 F1200
G1 X97.581 Y-130.345
G0 Z3.500
G0 X94.696 Y-131.582
G1 Z0.000 F1200
G1 X95.478 Y-131.387
G1 X96.457 Y-131.778
G1 X95.674 Y-133.344
G1 X93.913 Y-132.953
G1 X93.717 Y-131.974
G1 X94.500 Y-131.582
G0 Z3.500
G0 X94.284 Y-130.875
G1 Z0.000 F1200
G1 X90.953 Y-126.039
G0 Z3.500
G0 X90.606 Y-125.946
G1 Z0.000 F1200
G1 X90.897 Y-129.851
G0 Z3.500
G0 X90.626 Y-129.802
G1 Z0.000 F1200
G1 X87.292 Y-124.968
G0 Z3.500
G0 X86.594 Y-124.677
G1 Z0.000 F1200
G1 X85.520 Y-127.619
G0 Z3.500
G0 X85.423 Y-127.290
G1 Z0.000 F1200
G1 X85.234 Y-124.360
G0 Z3.500
G0 X85.168 Y-123.383
G1 Z0.000 F1200
G1 X84.821 Y-118.502
G0 Z3.500
G0 X85.104 Y-117.752
G1 Z0.000 F1200
G1 X80.908 Y-125.496
G0 Z3.500
G0 X80.449 Y-126.361
G1 Z0.000 F1200
G1 X78.179 Y-130.696
G0 Z3.500
G0 X77.729 Y-131.565
G1 Z0.000 F1200
G1 X75.049 Y-136.791
G0 Z3.500
G0 X75.845 Y-136.595
G1 Z0.000 F1200
G1 X76.655 Y-134.390
G0 Z3.500
G0 X76.810 Y-135.584
G1 Z0.000 F1200
G1 X74.124 Y-131.493
G0 Z3.500
G0 X73.054 Y-132.086
G1 Z0.000 F1200
G1 X78.706 Y-133.672
G0 Z3.500
G0 X78.871 Y-134.193
G1 Z0.000 F1200
G1 X75.622 Y-129.302
G0 Z3.500
G0 X75.983 Y-128.419
G1 Z0.000 F1200
G1 X73.307 Y-133.647
G0 Z3.500
G0 X71.225 Y-135.559
G1 Z0.000 F1200
G1 X58.636 Y-138.435
G0 Z3.500
G0 X57.641 Y-137.895
G1 Z0.000 F1200
G1 X61.529 Y-143.535
G0 Z3.500
G0 X61.819 Y-143.987
G1 Z0.000 F1200
G1 X62.882 Y-141.041
G0 Z3.500
G0 X63.287 Y-140.613
G1 Z0.000 F1200
G1 X63.564 Y-144.518
G0 Z3.500
G0 X63.248 Y-144.507
G1 Z0.000 F1200
G1 X64.565 Y-140.820
G0 Z3.500
G0 X64.827 Y-140.082
G1 Z0.000 F1200
G1 X66.136 Y-136.393
G0 Z3.500
G0 X64.759 Y-136.859
G1 Z0.000 F1200
G1 X60.984 Y-143.719
G0 Z3.500
G0 X61.200 Y-144.329
G1 Z0.000 F1200
G1 X72.621 Y-141.610
G0 Z3.500
G0 X72.807 Y-141.140
G1 Z0.000 F1200
G1 X70.525 Y-145.470
G0 Z3.500
G0 X71.395 Y-145.141
G1 Z0.000 F1200
G1 X68.631 Y-141.104
G0 Z3.500
G0 X68.620 Y-140.240
G1 Z0.000 F1200
G1 X68.857 Y-144.148
G0 Z3.500
G0 X68.478 Y-144.111
G1 Z0.000 F1200
G1 X68.283 Y-145.285
G1 X69.261 Y-145.481
G1 X69.652 Y-145.090
G1 X68.674 Y-143.719
G1 X68.478 Y-143.915
G0 Z3.500
G0 X67.181 Y-143.263
G1 Z0.000 F1200
G1 X68.848 Y-145.680
G0 Z3.500
G0 X66.472 Y-146.292
G1 Z0.000 F1200
G1 X75.600 Y-144.080
G0 Z3.500
G0 X73.946 Y-144.600
G1 Z0.000 F1200
G1 X70.652 Y-139.740
G0 Z3.500
G0 X70.107 Y-138.927
G1 Z0.000 F1200
G1 X66.868 Y-134.029
G0 Z3.500
G0 X68.078 Y-135.433
G1 Z0.000 F1200
G1 X67.288 Y-137.645
G0 Z3.500
G0 X66.986 Y-138.672
G1 Z0.000 F1200
G1 X64.813 Y-135.416
G0 Z3.500
G0 X68.322 Y-135.355
G1 Z0.000 F1200
G1 X68.503 Y-138.286
G0 Z3.500
G0 X71.076 Y-135.912
G1 Z0.000 F1200
G1 X68.931 Y-132.637
G0 Z3.500
G0 X63.109 Y-128.302
G1 Z0.000 F1200
G1 X61.487 Y-125.854
G0 Z3.500
G0 X62.442 Y-126.936
G1 Z0.000 F1200
G1 X62.196 Y-123.028
G0 Z3.500
G0 X59.852 Y-123.416
G1 Z0.000 F1200
G1 X56.540 Y-118.567
G0 Z3.500
G0 X56.561 Y-118.516
G1 Z0.000 F1200
G1 X56.970 Y-125.356
G0 Z3.500
G0 X56.706 Y-125.924
G1 Z0.000 F1200
G1 X60.466 Y-119.056
G0 Z3.500
G0 X60.934 Y-118.196
G1 Z0.000 F1200
G1 X63.245 Y-113.883
G0 Z3.500
G0 X61.435 Y-116.900
G1 Z0.000 F1200
G1 X60.457 Y-120.228
G1 X60.065 Y-120.424
G1 X59.478 Y-119.837
G1 X58.891 Y-121.207
G1 X58.500 Y-121.403
G1 X58.891 Y-121.403
G1 X58.891 Y-121.794
G1 X60.261 Y-121.207
G1 X60.652 Y-121.599
G1 X60.652 Y-122.382
G1 X62.804 Y-124.144
G1 X62.217 Y-125.318
G1 X62.609 Y-124.731
G1 X63.391 Y-124.927
G1 X63.783 Y-126.493
G1 X62.804 Y-128.450
G1 X63.783 Y-126.493
G1 X65.348 Y-126.688
G1 X65.348 Y-127.276
G1 X66.326 Y-128.842
G1 X66.326 Y-130.799
G1 X66.130 Y-128.450
G1 X67.696 Y-127.080
G1 X68.087 Y-126.101
G1 X67.696 Y-127.080
G1 X66.717 Y-127.863
G1 X65.935 Y-126.688
G1 X65.935 Y-124.927
G1 X66.913 Y-124.731
G1 X66.522 Y-124.927
G1 X66.130 Y-124.535
G1 X65.739 Y-122.773
G1 X65.935 Y-121.011
G1 X65.935 Y-123.556
G1 X64.957 Y-124.144
G1 X65.152 Y-125.318
G1 X64.761 Y-126.493
G1 X63.978 Y-126.493
G1 X63.587 Y-126.101
G1 X63.391 Y-124.731
G1 X63.783 Y-124.144
G1 X63.391 Y-124.731
G1 X63.000 Y-124.731
G1 X62.804 Y-124.144
G1 X60.652 Y-122.382
G1 X60.261 Y-120.424
G1 X61.435 Y-117.096
G0 Z3.500
G0 X58.341 Y-118.392
G1 Z0.000 F1200
G1 X58.580 Y-122.300
G0 Z3.500
G0 X58.171 Y-122.659
G1 Z0.000 F1200
G1 X59.252 Y-119.720
G0 Z3.500
G0 X57.533 Y-119.927
G1 Z0.000 F1200
G1 X56.444 Y-122.864
G0 Z3.500
G0 X54.951 Y-121.573
G1 Z0.000 F1200
G1 X55.133 Y-124.503
G0 Z3.500
G0 X55.196 Y-125.480
G1 Z0.000 F1200
G1 X55.529 Y-130.363
G0 Z3.500
G0 X55.453 Y-130.002
G1 Z0.000 F1200
G1 X56.812 Y-126.331
G0 Z3.500
G0 X57.031 Y-126.333
G1 Z0.000 F1200
G1 X57.282 Y-130.240
G0 Z3.500
G0 X58.984 Y-131.085
G1 Z0.000 F1200
G1 X56.297 Y-126.996
G0 Z3.500
G0 X56.237 Y-126.783
G1 Z0.000 F1200
G1 X53.913 Y-131.089
G0 Z3.500
G0 X53.734 Y-130.210
G1 Z0.000 F1200
G1 X55.356 Y-125.801
G0 Z3.500
G0 X55.565 Y-125.514
G1 Z0.000 F1200
G1 X55.174 Y-125.710
G1 X55.370 Y-126.688
G1 X57.326 Y-126.493
G1 X56.935 Y-125.710
G1 X56.152 Y-125.318
G1 X55.761 Y-125.514
G0 Z3.500
G0 X55.759 Y-126.178
G1 Z0.000 F1200
G1 X53.596 Y-122.915
G0 Z3.500
G0 X53.303 Y-123.650
G1 Z0.000 F1200
G1 X52.991 Y-118.766
G0 Z3.500
G0 X52.826 Y-118.467
G1 Z0.000 F1200
G1 X52.826 Y-119.445
G1 X54.000 Y-118.662
G1 X53.804 Y-118.075
G1 X52.826 Y-118.271
G0 Z3.500
G0 X52.931 Y-117.789
G1 Z0.000 F1200
G1 X52.697 Y-113.881
G0 Z3.500
G0 X52.630 Y-114.551
G1 Z0.000 F1200
G1 X52.826 Y-115.139
G1 X52.435 Y-115.530
G1 X52.239 Y-116.900
G1 X52.826 Y-118.075
G1 X52.630 Y-119.054
G1 X50.870 Y-119.054
G1 X48.326 Y-115.334
G1 X50.674 Y-118.467
G1 X50.674 Y-119.054
G1 X49.891 Y-119.837
G1 X50.870 Y-119.054
G1 X51.261 Y-119.837
G1 X51.065 Y-120.816
G1 X52.239 Y-121.207
G1 X52.043 Y-123.165
G1 X51.261 Y-123.361
G1 X52.043 Y-123.556
G1 X52.043 Y-124.339
G1 X52.630 Y-124.731
G1 X52.826 Y-125.514
G1 X52.630 Y-124.731
G1 X53.217 Y-124.339
G1 X55.174 Y-125.710
G1 X55.174 Y-126.688
G1 X54.783 Y-126.884
G1 X53.609 Y-125.514
G1 X54.587 Y-126.884
G1 X54.000 Y-127.276
G1 X53.413 Y-128.842
G1 X52.826 Y-129.429
G1 X53.413 Y-128.842
G1 X54.000 Y-127.276
G1 X55.174 Y-126.884
G1 X56.348 Y-128.646
G1 X56.348 Y-131.191
G1 X56.543 Y-130.408
G1 X58.109 Y-129.233
G1 X58.696 Y-129.429
G1 X58.891 Y-130.408
G1 X58.500 Y-128.842
G1 X59.674 Y-128.646
G1 X58.696 Y-128.450
G1 X59.087 Y-127.863
G1 X59.478 Y-127.863
G1 X58.696 Y-127.276
G1 X58.500 Y-126.297
G1 X58.304 Y-126.884
G1 X56.935 Y-125.710
G1 X55.370 Y-125.318
G1 X57.130 Y-121.990
G1 X58.500 Y-122.382
G1 X57.717 Y-122.382
G1 X56.348 Y-121.599
G1 X57.522 Y-119.837
G1 X56.152 Y-121.403
G1 X55.565 Y-120.816
G1 X55.761 Y-120.228
G1 X56.348 Y-120.228
G1 X55.565 Y-120.033
G1 X56.152 Y-119.054
G1 X55.761 Y-119.250
G1 X54.587 Y-118.075
G1 X55.761 Y-116.900
G1 X54.978 Y-117.879
G1 X54.196 Y-117.879
G1 X54.391 Y-116.509
G1 X55.174 Y-115.334
G1 X54.391 Y-116.509
G1 X54.000 Y-118.075
G1 X53.217 Y-117.879
G1 X53.217 Y-116.705
G1 X53.217 Y-117.879
G1 X52.826 Y-118.075
G1 X52.435 Y-117.684
G1 X52.239 Y-116.900
G1 X52.826 Y-114.747
G0 Z3.500
G0 X51.757 Y-115.892
G1 Z0.000 F1200
G1 X47.289 Y-109.462
G0 Z3.500
G0 X48.317 Y-109.267
G1 Z0.000 F1200
G1 X45.602 Y-114.474
G0 Z3.500
G0 X44.909 Y-114.496
G1 Z0.000 F1200
G1 X44.112 Y-116.706
G0 Z3.500
G0 X44.028 Y-116.450
G1 Z0.000 F1200
G1 X43.733 Y-112.546
G0 Z3.500
G0 X43.411 Y-112.199
G1 Z0.000 F1200
G1 X39.382 Y-120.033
G0 Z3.500
G0 X39.030 Y-119.743
G1 Z0.000 F1200
G1 X38.617 Y-113.885
G0 Z3.500
G0 X37.370 Y-113.377
G1 Z0.000 F1200
G1 X37.370 Y-114.943
G1 X38.152 Y-115.726
G1 X38.739 Y-115.530
G1 X38.543 Y-114.356
G1 X39.130 Y-118.271
G1 X40.891 Y-118.075
G1 X40.109 Y-116.705
G1 X40.696 Y-117.684
G1 X41.283 Y-117.488
G1 X40.696 Y-115.726
G1 X40.696 Y-116.313
G1 X41.283 Y-117.096
G1 X41.674 Y-116.705
G1 X41.478 Y-115.922
G1 X41.674 Y-116.509
G1 X40.696 Y-118.271
G1 X40.891 Y-119.250
G1 X42.261 Y-119.250
G1 X42.848 Y-118.271
G1 X42.652 Y-117.684
G1 X43.043 Y-118.271
G1 X43.630 Y-118.271
G1 X44.217 Y-117.488
G1 X43.630 Y-118.271
G1 X43.630 Y-118.858
G1 X44.022 Y-119.054
G1 X42.652 Y-119.837
G1 X42.652 Y-120.424
G1 X42.652 Y-119.641
G1 X42.261 Y-119.250
G1 X40.696 Y-119.445
G1 X40.696 Y-122.577
G1 X40.500 Y-121.990
G1 X39.913 Y-121.990
G1 X39.130 Y-122.577
G1 X39.717 Y-122.186
G1 X39.913 Y-121.403
G1 X39.130 Y-121.403
G1 X40.500 Y-120.620
G1 X40.696 Y-118.467
G1 X39.326 Y-118.271
G1 X38.935 Y-118.662
G1 X38.935 Y-119.445
G1 X38.935 Y-116.117
G1 X37.370 Y-114.943
G1 X37.370 Y-113.181
G0 Z3.500
G0 X36.873 Y-114.007
G1 Z0.000 F1200
G1 X37.136 Y-117.913
G0 Z3.500
G0 X37.198 Y-118.890
G1 Z0.000 F1200
G1 X37.439 Y-122.798
G0 Z3.500
G0 X36.978 Y-122.773
G1 Z0.000 F1200
G1 X37.370 Y-122.577
G1 X38.152 Y-123.361
G1 X38.152 Y-124.144
G1 X36.978 Y-125.122
G1 X36.196 Y-125.318
G1 X35.609 Y-124.731
G1 X35.804 Y-123.165
G1 X36.783 Y-122.773
G0 Z3.500
G0 X36.793 Y-123.207
G1 Z0.000 F1200
G1 X37.873 Y-120.267
G0 Z3.500
G0 X38.145 Y-119.533
G1 Z0.000 F1200
G1 X38.960 Y-117.330
G0 Z3.500
G0 X37.630 Y-116.884
G1 Z0.000 F1200
G1 X35.329 Y-121.202
G0 Z3.500
G0 X34.458 Y-120.690
G1 Z0.000 F1200
G1 X35.256 Y-118.481
G0 Z3.500
G0 X36.426 Y-119.740
G1 Z0.000 F1200
G1 X37.777 Y-116.066
G0 Z3.500
G0 X38.084 Y-116.017
G1 Z0.000 F1200
G1 X41.223 Y-109.927
G0 Z3.500
G0 X39.074 Y-110.284
G1 Z0.000 F1200
G1 X40.747 Y-112.696
G0 Z3.500
G0 X43.302 Y-112.153
G1 Z0.000 F1200
G1 X46.637 Y-116.986
G0 Z3.500
G0 X45.832 Y-117.305
G1 Z0.000 F1200
G1 X45.476 Y-112.424
G0 Z3.500
G0 X46.565 Y-113.181
G1 Z0.000 F1200
G1 X47.152 Y-113.964
G1 X46.761 Y-114.356
G1 X46.174 Y-113.964
G1 X46.370 Y-114.747
G1 X45.587 Y-115.922
G1 X46.370 Y-117.488
G1 X45.978 Y-116.705
G1 X46.370 Y-116.117
G1 X45.783 Y-116.313
G1 X45.587 Y-115.922
G1 X46.565 Y-114.356
G1 X47.543 Y-114.160
G1 X46.761 Y-113.377
G0 Z3.500
G0 X47.236 Y-112.301
G1 Z0.000 F1200
G1 X47.433 Y-115.230
G0 Z3.500
G0 X47.801 Y-116.752
G1 Z0.000 F1200
G1 X50.543 Y-111.560
G0 Z3.500
G0 X50.911 Y-114.006
G1 Z0.000 F1200
G1 X51.281 Y-119.867
G0 Z3.500
G0 X50.936 Y-120.024
G1 Z0.000 F1200
G1 X52.270 Y-116.344
G0 Z3.500
G0 X52.315 Y-116.696
G1 Z0.000 F1200
G1 X54.532 Y-119.922
G0 Z3.500
G0 X54.351 Y-119.601
G1 Z0.000 F1200
G1 X55.166 Y-117.398
G0 Z3.500
G0 X55.984 Y-117.762
G1 Z0.000 F1200
G1 X52.632 Y-112.940
G0 Z3.500
G0 X54.184 Y-111.279
G1 Z0.000 F1200
G1 X49.555 Y-119.902
G0 Z3.500
G0 X51.065 Y-119.445
G1 Z0.000 F1200
G1 X51.457 Y-120.228
G1 X52.630 Y-120.033
G1 X52.435 Y-119.054
G1 X51.065 Y-119.250
G0 Z3.500
G0 X50.309 Y-118.050
G1 Z0.000 F1200
G1 X53.052 Y-122.102
G0 Z3.500
G0 X51.346 Y-120.844
G1 Z0.000 F1200
G1 X51.550 Y-123.773
G0 Z3.500
G0 X51.003 Y-123.484
G1 Z0.000 F1200
G1 X54.771 Y-129.206
G0 Z3.500
G0 X53.645 Y-128.532
G1 Z0.000 F1200
G1 X53.369 Y-124.627
G0 Z3.500
G0 X50.855 Y-123.920
G1 Z0.000 F1200
G1 X55.026 Y-116.162
G0 Z3.500
G0 X54.600 Y-115.710
G1 Z0.000 F1200
G1 X54.892 Y-120.596
G0 Z3.500
G0 X55.083 Y-120.731
G1 Z0.000 F1200
G1 X57.813 Y-124.792
G0 Z3.500
G0 X56.935 Y-127.667
G1 Z0.000 F1200
G1 X57.522 Y-127.471
G1 X58.500 Y-129.038
G1 X57.913 Y-129.429
G1 X56.543 Y-129.038
G1 X56.152 Y-128.450
G1 X56.739 Y-127.863
G0 Z3.500
G0 X55.370 Y-127.080
G1 Z0.000 F1200
G1 X55.957 Y-128.254
G1 X57.130 Y-127.471
G1 X56.935 Y-126.688
G1 X55.174 Y-126.884
G0 Z3.500
G0 X54.345 Y-133.036
G1 Z0.000 F1200
G1 X57.088 Y-137.087
G0 Z3.500
G0 X57.697 Y-136.098
G1 Z0.000 F1200
G1 X58.146 Y-141.954
G0 Z3.500
G0 X57.869 Y-142.464
G1 Z0.000 F1200
G1 X53.423 Y-136.019
G0 Z3.500
G0 X52.199 Y-136.646
G1 Z0.000 F1200
G1 X60.216 Y-134.841
G0 Z3.500
G0 X58.378 Y-135.682
G1 Z0.000 F1200
G1 X54.672 Y-142.578
G0 Z3.500
G0 X54.763 Y-142.198
G1 Z0.000 F1200
G1 X52.537 Y-138.978
G0 Z3.500
G0 X52.653 Y-138.413
G1 Z0.000 F1200
G1 X52.862 Y-141.342
G0 Z3.500
G0 X54.300 Y-142.082
G1 Z0.000 F1200
G1 X55.377 Y-139.141
G0 Z3.500
G0 X54.463 Y-139.268
G1 Z0.000 F1200
G1 X54.013 Y-133.412
G0 Z3.500
G0 X55.817 Y-134.267
G1 Z0.000 F1200
G1 X56.343 Y-141.099
G0 Z3.500
G0 X58.696 Y-140.392
G1 Z0.000 F1200
G1 X57.913 Y-141.175
G1 X58.891 Y-141.175
G1 X58.696 Y-141.370
G1 X57.522 Y-141.175
G1 X57.130 Y-141.566
G1 X57.130 Y-142.153
G1 X57.717 Y-142.936
G1 X59.478 Y-143.524
G1 X60.848 Y-143.328
G1 X60.457 Y-142.545
G1 X60.848 Y-143.328
G1 X62.022 Y-143.524
G1 X62.609 Y-143.132
G1 X62.022 Y-141.175
G1 X61.043 Y-141.370
G1 X59.283 Y-140.196
G1 X58.891 Y-140.392
G0 Z3.500
G0 X57.490 Y-138.690
G1 Z0.000 F1200
G1 X43.756 Y-141.827
G0 Z3.500
G0 X44.880 Y-140.604
G1 Z0.000 F1200
G1 X42.659 Y-137.380
G0 Z3.500
G0 X43.730 Y-138.057
G1 Z0.000 F1200
G1 X43.496 Y-134.148
G0 Z3.500
G0 X41.904 Y-134.677
G1 Z0.000 F1200
G1 X39.128 Y-139.852
G0 Z3.500
G0 X39.634 Y-139.627
G1 Z0.000 F1200
G1 X51.055 Y-136.910
G0 Z3.500
G0 X48.988 Y-134.012
G1 Z0.000 F1200
G1 X45.396 Y-140.969
G0 Z3.500
G0 X45.575 Y-138.909
G1 Z0.000 F1200
G1 X45.340 Y-135.000
G0 Z3.500
G0 X45.008 Y-135.220
G1 Z0.000 F1200
G1 X42.740 Y-139.556
G0 Z3.500
G0 X44.342 Y-138.455
G1 Z0.000 F1200
G1 X45.675 Y-134.774
G0 Z3.500
G0 X45.458 Y-134.351
G1 Z0.000 F1200
G1 X48.145 Y-129.129
G0 Z3.500
G0 X45.910 Y-129.283
G1 Z0.000 F1200
G1 X47.550 Y-131.718
G0 Z3.500
G0 X45.863 Y-133.216
G1 Z0.000 F1200
G1 X37.976 Y-130.908
G0 Z3.500
G0 X36.998 Y-130.959
G1 Z0.000 F1200
G1 X40.679 Y-124.049
G0 Z3.500
G0 X40.109 Y-123.361
G1 Z0.000 F1200
G1 X40.109 Y-124.535
G1 X38.935 Y-125.905
G1 X38.935 Y-126.884
G1 X39.326 Y-127.080
G1 X40.304 Y-125.905
G1 X39.326 Y-127.080
G1 X39.717 Y-128.059
G1 X40.696 Y-128.059
G1 X39.717 Y-128.059
G1 X39.326 Y-128.450
G1 X39.130 Y-129.625
G1 X38.152 Y-130.212
G1 X39.130 Y-129.625
G1 X39.522 Y-127.276
G1 X38.935 Y-126.884
G1 X38.935 Y-125.905
G1 X40.109 Y-124.535
G1 X40.109 Y-123.165
G0 Z3.500
G0 X41.130 Y-123.180
G1 Z0.000 F1200
G1 X45.155 Y-115.344
G0 Z3.500
G0 X44.063 Y-117.542
G1 Z0.000 F1200
G1 X42.412 Y-115.115
G0 Z3.500
G0 X42.302 Y-116.571
G1 Z0.000 F1200
G1 X42.597 Y-120.475
G0 Z3.500
G0 X42.774 Y-120.385
G1 Z0.000 F1200
G1 X43.846 Y-117.442
G0 Z3.500
G0 X43.107 Y-120.549
G1 Z0.000 F1200
G1 X40.388 Y-116.481
G0 Z3.500
G0 X39.840 Y-115.670
G1 Z0.000 F1200
G1 X36.520 Y-110.827
G0 Z3.500
G0 X38.138 Y-109.394
G1 Z0.000 F1200
G1 X34.026 Y-117.183
G0 Z3.500
G0 X33.091 Y-118.903
G1 Z0.000 F1200
G1 X30.262 Y-124.050
G0 Z3.500
G0 X29.790 Y-124.907
G1 Z0.000 F1200
G1 X25.127 Y-133.512
G0 Z3.500
G0 X24.924 Y-133.313
G1 Z0.000 F1200
G1 X44.391 Y-128.915
G0 Z3.500
G0 X44.609 Y-128.450
G1 Z0.000 F1200
G1 X44.609 Y-129.233
G1 X45.000 Y-129.625
G1 X45.783 Y-129.625
G1 X46.174 Y-130.408
G1 X45.783 Y-129.625
G1 X45.000 Y-129.625
G1 X44.609 Y-129.233
G1 X44.804 Y-128.254
G0 Z3.500
G0 X46.404 Y-125.986
G1 Z0.000 F1200
G1 X48.198 Y-122.506
G0 Z3.500
G0 X44.664 Y-122.843
G1 Z0.000 F1200
G1 X41.973 Y-128.063
G0 Z3.500
G0 X39.521 Y-129.200
G1 Z0.000 F1200
G1 X38.437 Y-132.138
G0 Z3.500
G0 X39.749 Y-131.467
G1 Z0.000 F1200
G1 X40.054 Y-136.351
G0 Z3.500
G0 X40.304 Y-135.498
G1 Z0.000 F1200
G1 X40.304 Y-136.672
G1 X41.478 Y-137.259
G1 X41.870 Y-136.085
G1 X41.283 Y-135.302
G1 X40.304 Y-135.302
G0 Z3.500
G0 X41.674 Y-136.281
G1 Z0.000 F1200
G1 X41.870 Y-137.455
G1 X43.043 Y-137.847
G1 X43.630 Y-137.651
G1 X43.435 Y-136.281
G1 X42.261 Y-135.889
G1 X41.870 Y-136.085
G0 Z3.500
G0 X44.217 Y-136.281
G1 Z0.000 F1200
G1 X43.630 Y-136.476
G1 X43.630 Y-137.847
G1 X44.804 Y-138.238
G1 X45.000 Y-136.281
G1 X44.413 Y-136.281
G0 Z3.500
G0 X45.000 Y-136.672
G1 Z0.000 F1200
G1 X45.587 Y-136.476
G1 X47.152 Y-137.455
G1 X47.348 Y-138.825
G1 X46.370 Y-139.021
G1 X45.000 Y-138.434
G1 X45.000 Y-136.868
G0 Z3.500
G0 X46.324 Y-138.449
G1 Z0.000 F1200
G1 X42.423 Y-132.817
G0 Z3.500
G0 X41.283 Y-133.148
G1 Z0.000 F1200
G1 X42.261 Y-132.953
G1 X42.457 Y-133.540
G1 X40.696 Y-134.127
G1 X40.500 Y-133.736
G1 X41.087 Y-133.148
G0 Z3.500
G0 X40.151 Y-131.528
G1 Z0.000 F1200
G1 X36.889 Y-137.552
G0 Z3.500
G0 X39.550 Y-137.117
G1 Z0.000 F1200
G1 X35.644 Y-131.489
G0 Z3.500
G0 X36.530 Y-131.818
G1 Z0.000 F1200
G1 X33.696 Y-136.962
G0 Z3.500
G0 X33.972 Y-135.512
G1 Z0.000 F1200
G1 X35.026 Y-132.563
G0 Z3.500
G0 X36.196 Y-134.127
G1 Z0.000 F1200
G1 X37.761 Y-134.127
G1 X37.957 Y-135.302
G1 X37.174 Y-135.889
G1 X36.587 Y-135.498
G1 X36.000 Y-134.323
G0 Z3.500
G0 X34.668 Y-134.766
G1 Z0.000 F1200
G1 X34.246 Y-128.908
G0 Z3.500
G0 X35.697 Y-126.941
G1 Z0.000 F1200
G1 X38.929 Y-120.900
G0 Z3.500
G0 X39.094 Y-120.720
G1 Z0.000 F1200
G1 X39.399 Y-125.604
G0 Z3.500
G0 X39.458 Y-126.581
G1 Z0.000 F1200
G1 X39.690 Y-130.490
G0 Z3.500
G0 X41.313 Y-131.205
G1 Z0.000 F1200
G1 X39.109 Y-127.970
G0 Z3.500
G0 X37.430 Y-125.939
G1 Z0.000 F1200
G1 X38.512 Y-123.000
G0 Z3.500
G0 X39.056 Y-121.531
G1 Z0.000 F1200
G1 X40.416 Y-117.860
G0 Z3.500
G0 X39.429 Y-119.490
G1 Z0.000 F1200
G1 X35.616 Y-113.798
G0 Z3.500
G0 X36.587 Y-114.943
G1 Z0.000 F1200
G1 X36.391 Y-118.271
G1 X35.804 Y-118.467
G1 X35.413 Y-118.075
G1 X35.413 Y-117.292
G1 X34.630 Y-120.228
G1 X34.826 Y-120.424
G1 X34.630 Y-119.445
G1 X35.413 Y-118.271
G1 X36.391 Y-118.467
G1 X36.783 Y-119.837
G1 X37.565 Y-119.445
G1 X38.152 Y-119.641
G1 X38.152 Y-120.228
G1 X36.978 Y-121.011
G1 X38.152 Y-120.228
G1 X38.152 Y-116.313
G1 X38.152 Y-117.292
G1 X37.761 Y-117.684
G1 X37.174 Y-116.509
G1 X37.565 Y-117.684
G1 X36.587 Y-117.879
G1 X36.587 Y-115.139
G0 Z3.500
G0 X33.186 Y-112.303
G1 Z0.000 F1200
G1 X35.937 Y-107.115
G0 Z3.500
G0 X38.587 Y-108.524
G1 Z0.000 F1200
G1 X40.814 Y-104.167
G0 Z3.500
G0 X46.102 Y-106.980
G1 Z0.000 F1200
G1 X43.857 Y-111.328
G0 Z3.500
G0 X45.294 Y-110.809
G1 Z0.000 F1200
G1 X49.756 Y-117.243
G0 Z3.500
G0 X49.390 Y-118.037
G1 Z0.000 F1200
G1 X49.132 Y-114.130
G0 Z3.500
G0 X49.680 Y-114.567
G1 Z0.000 F1200
G1 X48.889 Y-116.779
G0 Z3.500
G0 X54.000 Y-118.271
G1 Z0.000 F1200
G1 X54.391 Y-118.075
G1 X55.761 Y-119.250
G1 X55.565 Y-119.641
G1 X54.783 Y-119.641
G1 X55.565 Y-119.837
G1 X55.565 Y-120.816
G1 X55.957 Y-121.403
G1 X54.587 Y-122.773
G1 X55.957 Y-121.403
G1 X56.935 Y-121.990
G1 X56.739 Y-123.165
G1 X55.761 Y-124.144
G1 X55.174 Y-125.710
G1 X53.217 Y-124.339
G1 X54.196 Y-123.361
G1 X52.826 Y-124.535
G1 X52.043 Y-124.339
G1 X51.848 Y-123.361
G1 X52.239 Y-122.577
G1 X53.804 Y-121.794
G1 X52.630 Y-122.577
G1 X52.043 Y-122.382
G1 X52.630 Y-119.641
G1 X54.000 Y-118.467
G0 Z3.500
G0 X55.496 Y-115.303
G1 Z0.000 F1200
G1 X57.844 Y-111.009
G0 Z3.500
G0 X63.319 Y-106.908
G1 Z0.000 F1200
G1 X64.939 Y-109.357
G0 Z3.500
G0 X65.510 Y-109.545
G1 Z0.000 F1200
G1 X67.739 Y-105.188
G0 Z3.500
G0 X68.011 Y-105.941
G1 Z0.000 F1200
G1 X68.192 Y-108.872
G0 Z3.500
G0 X69.973 Y-108.747
G1 Z0.000 F1200
G1 X69.738 Y-104.839
G0 Z3.500
G0 X70.034 Y-103.558
G1 Z0.000 F1200
G1 X73.816 Y-109.269
G0 Z3.500
G0 X74.373 Y-109.394
G1 Z0.000 F1200
G1 X75.455 Y-106.455
G0 Z3.500
G0 X75.130 Y-106.525
G1 Z0.000 F1200
G1 X76.109 Y-106.525
G1 X76.109 Y-107.504
G1 X76.696 Y-108.091
G1 X76.500 Y-108.483
G1 X73.957 Y-108.287
G1 X73.565 Y-107.896
G1 X74.935 Y-106.525
G0 Z3.500
G0 X74.011 Y-105.929
G1 Z0.000 F1200
G1 X72.375 Y-110.333
G0 Z3.500
G0 X71.754 Y-110.661
G1 Z0.000 F1200
G1 X74.460 Y-114.738
G0 Z3.500
G0 X76.530 Y-114.299
G1 Z0.000 F1200
G1 X80.693 Y-106.537
G0 Z3.500
G0 X81.603 Y-107.556
G1 Z0.000 F1200
G1 X77.754 Y-101.889
G0 Z3.500
G0 X78.065 Y-102.023
G1 Z0.000 F1200
G1 X77.870 Y-103.393
G1 X77.087 Y-104.568
G1 X77.870 Y-103.589
G1 X78.848 Y-104.959
G1 X78.065 Y-105.546
G1 X77.870 Y-104.568
G1 X77.674 Y-105.938
G1 X77.283 Y-105.155
G1 X76.500 Y-105.742
G1 X75.522 Y-105.546
G1 X73.761 Y-107.504
G1 X73.565 Y-106.525
G1 X74.152 Y-105.742
G1 X73.565 Y-106.525
G1 X73.370 Y-107.896
G1 X72.196 Y-107.896
G1 X71.609 Y-107.308
G1 X70.435 Y-107.113
G1 X70.435 Y-103.785
G1 X70.435 Y-106.917
G1 X68.674 Y-107.308
G1 X67.696 Y-106.525
G1 X68.674 Y-107.308
G1 X68.283 Y-108.287
G1 X68.870 Y-107.308
G1 X71.609 Y-107.308
G1 X72.196 Y-107.896
G1 X71.804 Y-108.091
G1 X72.196 Y-108.287
G1 X72.391 Y-111.028
G1 X72.391 Y-107.896
G1 X75.326 Y-108.287
G1 X75.326 Y-108.679
G1 X78.457 Y-108.091
G1 X79.043 Y-108.679
G1 X79.043 Y-109.266
G1 X78.261 Y-110.049
G1 X77.478 Y-112.985
G1 X78.261 Y-110.049
G1 X78.848 Y-109.462
G1 X80.804 Y-109.853
G1 X81.000 Y-112.007
G1 X80.609 Y-115.139
G1 X80.217 Y-115.530
G1 X79.239 Y-114.747
G1 X79.239 Y-112.790
G1 X79.239 Y-114.747
G1 X80.413 Y-115.726
G1 X81.587 Y-117.684
G1 X81.587 Y-118.271
G1 X81.000 Y-118.858
G1 X81.587 Y-118.271
G1 X82.174 Y-118.271
G1 X82.761 Y-117.488
G1 X82.174 Y-118.271
G1 X81.783 Y-118.271
G1 X81.196 Y-116.705
G1 X80.413 Y-115.922
G1 X80.609 Y-114.943
G1 X81.391 Y-114.356
G1 X81.000 Y-114.747
G1 X80.609 Y-114.551
G1 X81.000 Y-110.049
G1 X79.239 Y-109.462
G1 X78.457 Y-108.091
G1 X78.457 Y-107.113
G1 X79.239 Y-106.330
G1 X79.826 Y-104.959
G1 X79.239 Y-106.330
G1 X78.457 Y-107.113
G1 X77.870 Y-106.525
G1 X77.870 Y-105.742
G1 X78.848 Y-104.763
G1 X77.870 Y-103.589
G1 X78.065 Y-102.219
G0 Z3.500
G0 X78.364 Y-102.273
G1 Z0.000 F1200
G1 X78.667 Y-106.177
G0 Z3.500
G0 X78.575 Y-106.758
G1 Z0.000 F1200
G1 X77.249 Y-110.441
G0 Z3.500
G0 X77.274 Y-111.180
G1 Z0.000 F1200
G1 X76.859 Y-105.322
G0 Z3.500
G0 X76.838 Y-104.869
G1 Z0.000 F1200
G1 X81.170 Y-111.390
G0 Z3.500
G0 X80.769 Y-110.936
G1 Z0.000 F1200
G1 X80.984 Y-113.864
G0 Z3.500
G0 X80.184 Y-114.417
G1 Z0.000 F1200
G1 X82.891 Y-118.493
G0 Z3.500
G0 X82.480 Y-118.179
G1 Z0.000 F1200
G1 X81.690 Y-120.391
G0 Z3.500
G0 X81.968 Y-121.477
G1 Z0.000 F1200
G1 X85.298 Y-126.313
G0 Z3.500
G0 X83.584 Y-126.438
G1 Z0.000 F1200
G1 X83.340 Y-122.530
G0 Z3.500
G0 X83.276 Y-121.553
G1 Z0.000 F1200
G1 X83.009 Y-117.647
G0 Z3.500
G0 X83.437 Y-119.305
G1 Z0.000 F1200
G1 X86.738 Y-124.161
G0 Z3.500
G0 X86.864 Y-123.942
G1 Z0.000 F1200
G1 X87.949 Y-121.004
G0 Z3.500
G0 X88.430 Y-120.211
G1 Z0.000 F1200
G1 X88.654 Y-123.139
G0 Z3.500
G0 X89.296 Y-123.616
G1 Z0.000 F1200
G1 X87.105 Y-120.372
G0 Z3.500
G0 X86.018 Y-118.744
G1 Z0.000 F1200
G1 X83.320 Y-114.662
G0 Z3.500
G0 X81.054 Y-114.840
G1 Z0.000 F1200
G1 X81.319 Y-118.747
G0 Z3.500
G0 X80.985 Y-118.886
G1 Z0.000 F1200
G1 X84.728 Y-112.009
G0 Z3.500
G0 X85.197 Y-111.150
G1 Z0.000 F1200
G1 X87.988 Y-105.984
G0 Z3.500
G0 X87.261 Y-105.938
G1 Z0.000 F1200
G1 X87.065 Y-105.742
G1 X86.674 Y-106.134
G1 X86.870 Y-108.874
G1 X86.674 Y-106.134
G1 X87.065 Y-105.742
G0 Z3.500
G0 X87.043 Y-105.675
G1 Z0.000 F1200
G1 X86.226 Y-107.877
G0 Z3.500
G0 X84.514 Y-108.087
G1 Z0.000 F1200
G1 X83.444 Y-111.031
G0 Z3.500
G0 X83.769 Y-110.817
G1 Z0.000 F1200
G1 X82.146 Y-108.370
G0 Z3.500
G0 X82.272 Y-107.887
G1 Z0.000 F1200
G1 X82.574 Y-111.791
G0 Z3.500
G0 X81.233 Y-112.725
G1 Z0.000 F1200
G1 X79.917 Y-116.413
G0 Z3.500
G0 X79.360 Y-115.940
G1 Z0.000 F1200
G1 X79.165 Y-113.010
G0 Z3.500
G0 X79.645 Y-113.600
G1 Z0.000 F1200
G1 X76.956 Y-109.512
G0 Z3.500
G0 X76.417 Y-108.694
G1 Z0.000 F1200
G1 X73.709 Y-104.619
G0 Z3.500
G0 X75.286 Y-103.660
G1 Z0.000 F1200
G1 X71.675 Y-110.607
G0 Z3.500
G0 X71.818 Y-109.599
G1 Z0.000 F1200
G1 X71.581 Y-105.691
G0 Z3.500
G0 X72.285 Y-106.133
G1 Z0.000 F1200
G1 X71.192 Y-109.069
G0 Z3.500
G0 X70.676 Y-109.027
G1 Z0.000 F1200
G1 X68.522 Y-105.758
G0 Z3.500
G0 X65.543 Y-105.351
G1 Z0.000 F1200
G1 X65.152 Y-105.938
G1 X64.957 Y-108.287
G1 X64.370 Y-108.483
G1 X63.391 Y-107.308
G1 X63.196 Y-108.679
G1 X63.391 Y-107.308
G1 X64.370 Y-108.483
G1 X64.957 Y-108.287
G1 X65.348 Y-105.546
G0 Z3.500
G0 X76.304 Y-105.742
G1 Z0.000 F1200
G1 X75.913 Y-105.938
G1 X76.109 Y-107.504
G1 X76.891 Y-108.287
G1 X78.261 Y-108.091
G1 X78.457 Y-107.113
G1 X77.283 Y-105.546
G1 X76.500 Y-105.742
G0 Z3.500
G0 X77.421 Y-105.504
G1 Z0.000 F1200
G1 X75.816 Y-109.920
G0 Z3.500
G0 X79.029 Y-111.057
G1 Z0.000 F1200
G1 X78.741 Y-107.153
G0 Z3.500
G0 X80.318 Y-105.080
G1 Z0.000 F1200
G1 X80.695 Y-109.960
G0 Z3.500
G0 X84.225 Y-110.694
G1 Z0.000 F1200
G1 X83.858 Y-105.814
G0 Z3.500
G0 X83.634 Y-106.185
G1 Z0.000 F1200
G1 X87.443 Y-111.879
G0 Z3.500
G0 X86.870 Y-111.419
G1 Z0.000 F1200
G1 X87.261 Y-112.398
G1 X87.652 Y-112.398
G1 X88.239 Y-111.615
G1 X88.043 Y-111.028
G1 X86.870 Y-111.223
G0 Z3.500
G0 X87.701 Y-110.451
G1 Z0.000 F1200
G1 X87.437 Y-106.544
G0 Z3.500
G0 X89.314 Y-105.894
G1 Z0.000 F1200
G1 X93.705 Y-112.375
G0 Z3.500
G0 X94.247 Y-113.190
G1 Z0.000 F1200
G1 X96.402 Y-116.459
G0 Z3.500
G0 X94.339 Y-117.851
G1 Z0.000 F1200
G1 X90.576 Y-112.126
G0 Z3.500
G0 X90.950 Y-112.931
G1 Z0.000 F1200
G1 X92.304 Y-109.257
G0 Z3.500
G0 X90.978 Y-109.266
G1 Z0.000 F1200
G1 X91.565 Y-109.266
G1 X91.370 Y-109.657
G1 X91.761 Y-110.636
G1 X90.783 Y-111.419
G1 X89.804 Y-111.419
G1 X88.826 Y-110.636
G1 X89.217 Y-109.853
G1 X90.783 Y-109.462
G0 Z3.500
G0 X89.755 Y-109.141
G1 Z0.000 F1200
G1 X91.572 Y-105.673
G0 Z3.500
G0 X92.843 Y-107.147
G1 Z0.000 F1200
G1 X93.077 Y-111.056
G0 Z3.500
G0 X91.565 Y-110.832
G1 Z0.000 F1200
G1 X91.957 Y-110.636
G1 X92.348 Y-111.028
G1 X91.957 Y-112.202
G1 X90.978 Y-111.615
G1 X91.370 Y-110.832
G0 Z3.500
G0 X90.034 Y-111.311
G1 Z0.000 F1200
G1 X85.646 Y-104.827
G0 Z3.500
G0 X84.130 Y-106.917
G1 Z0.000 F1200
G1 X83.152 Y-108.287
G1 X83.739 Y-109.266
G1 X83.543 Y-111.223
G1 X83.739 Y-109.462
G1 X84.913 Y-109.070
G1 X85.500 Y-108.287
G1 X85.500 Y-107.700
G1 X85.304 Y-108.679
G1 X84.522 Y-109.266
G1 X84.522 Y-108.091
G1 X84.326 Y-109.070
G1 X83.739 Y-109.266
G1 X83.152 Y-108.287
G1 X83.935 Y-107.113
G0 Z3.500
G0 X89.153 Y-105.443
G1 Z0.000 F1200
G1 X89.397 Y-109.351
G0 Z3.500
G0 X89.297 Y-110.005
G1 Z0.000 F1200
G1 X85.573 Y-116.893
G0 Z3.500
G0 X86.283 Y-118.075
G1 Z0.000 F1200
G1 X82.957 Y-120.816
G1 X82.370 Y-120.620
G1 X82.370 Y-119.641
G1 X82.761 Y-119.054
G1 X82.370 Y-119.837
G1 X81.783 Y-120.033
G1 X82.370 Y-120.228
G1 X83.152 Y-121.990
G1 X85.500 Y-124.927
G1 X84.913 Y-126.884
G1 X84.130 Y-127.863
G1 X84.130 Y-129.038
G1 X83.935 Y-128.646
G1 X84.522 Y-127.276
G1 X84.913 Y-127.080
G1 X85.500 Y-127.667
G1 X84.913 Y-127.080
G1 X85.109 Y-125.905
G1 X85.500 Y-125.514
G1 X87.065 Y-126.884
G1 X85.500 Y-125.122
G1 X86.087 Y-124.731
G1 X87.848 Y-126.297
G1 X86.283 Y-124.731
G1 X87.261 Y-123.752
G1 X88.239 Y-123.752
G1 X87.261 Y-123.556
G1 X87.848 Y-122.773
G1 X88.630 Y-122.382
G1 X89.609 Y-122.773
G1 X90.391 Y-122.577
G1 X90.391 Y-121.207
G1 X90.000 Y-121.599
G1 X88.826 Y-121.599
G1 X89.022 Y-122.186
G1 X87.652 Y-122.969
G1 X87.065 Y-122.773
G1 X87.065 Y-121.990
G1 X87.457 Y-123.361
G1 X87.065 Y-123.556
G1 X86.478 Y-122.969
G1 X87.065 Y-123.556
G1 X87.065 Y-124.144
G1 X85.696 Y-124.927
G1 X84.913 Y-124.535
G1 X84.522 Y-123.752
G1 X85.304 Y-122.969
G1 X85.500 Y-121.599
G1 X85.304 Y-122.186
G1 X84.717 Y-121.599
G1 X84.913 Y-121.207
G1 X83.543 Y-122.382
G1 X82.957 Y-121.599
G1 X83.935 Y-121.403
G1 X82.957 Y-121.403
G1 X82.761 Y-121.011
G1 X86.478 Y-118.075
G0 Z3.500
G0 X84.522 Y-121.794
G1 Z0.000 F1200
G1 X84.717 Y-121.599
G1 X85.304 Y-122.186
G1 X85.304 Y-122.969
G1 X84.522 Y-123.752
G1 X83.739 Y-122.773
G1 X84.326 Y-121.794
G0 Z3.500
G0 X82.194 Y-126.047
G1 Z0.000 F1200
G1 X84.415 Y-129.271
G0 Z3.500
G0 X86.791 Y-127.518
G1 Z0.000 F1200
G1 X89.603 Y-122.362
G0 Z3.500
G0 X91.842 Y-124.662
G1 Z0.000 F1200
G1 X88.104 Y-131.542
G0 Z3.500
G0 X89.045 Y-131.403
G1 Z0.000 F1200
G1 X90.135 Y-128.466
G0 Z3.500
G0 X96.065 Y-123.165
G1 Z0.000 F1200
G1 X94.891 Y-124.731
G1 X95.087 Y-125.122
G1 X94.500 Y-124.927
G1 X92.935 Y-125.905
G1 X92.543 Y-127.080
G1 X89.804 Y-128.646
G1 X89.413 Y-129.625
G1 X91.370 Y-130.604
G1 X92.935 Y-128.842
G1 X91.565 Y-130.408
G1 X91.565 Y-130.799
G1 X92.739 Y-131.778
G1 X94.304 Y-131.778
G1 X94.500 Y-130.799
G1 X94.696 Y-131.582
G1 X95.283 Y-130.995
G1 X95.283 Y-131.387
G1 X96.457 Y-131.778
G1 X97.435 Y-131.387
G1 X96.848 Y-131.582
G1 X95.870 Y-132.757
G1 X95.870 Y-133.736
G1 X96.261 Y-133.931
G1 X96.848 Y-133.344
G1 X96.261 Y-133.931
G1 X98.609 Y-136.085
G1 X99.000 Y-135.302
G1 X97.826 Y-134.127
G1 X98.022 Y-132.170
G1 X99.391 Y-130.799
G1 X98.022 Y-132.170
G1 X98.217 Y-132.757
G1 X99.000 Y-132.365
G1 X98.804 Y-132.561
G1 X99.783 Y-133.540
G1 X100.957 Y-131.974
G1 X100.370 Y-131.387
G1 X100.957 Y-131.974
G1 X101.935 Y-131.582
G1 X101.152 Y-130.408
G1 X100.565 Y-130.408
G1 X101.152 Y-130.212
G1 X100.957 Y-129.429
G1 X100.174 Y-129.821
G1 X100.957 Y-129.038
G1 X101.348 Y-129.821
G1 X101.935 Y-129.429
G1 X101.739 Y-128.646
G1 X102.522 Y-127.276
G1 X102.326 Y-128.254
G1 X102.913 Y-128.842
G1 X103.109 Y-128.059
G1 X103.304 Y-128.646
G1 X103.891 Y-128.254
G1 X103.109 Y-128.842
G1 X102.913 Y-130.016
G1 X104.087 Y-130.016
G1 X102.717 Y-130.604
G1 X102.326 Y-131.387
G1 X102.522 Y-132.365
G1 X105.652 Y-133.344
G1 X103.891 Y-132.561
G1 X102.717 Y-132.757
G1 X104.283 Y-135.889
G1 X106.630 Y-135.498
G1 X104.283 Y-135.889
G1 X103.500 Y-137.064
G1 X102.522 Y-137.259
G1 X101.935 Y-138.042
G1 X100.957 Y-138.434
G1 X100.761 Y-140.392
G1 X100.565 Y-138.434
G1 X99.391 Y-138.434
G1 X98.609 Y-138.042
G1 X97.826 Y-138.825
G1 X96.261 Y-139.217
G1 X97.826 Y-138.825
G1 X98.804 Y-137.847
G1 X98.609 Y-136.476
G1 X96.652 Y-136.672
G1 X98.413 Y-136.476
G1 X98.609 Y-136.085
G1 X95.674 Y-133.344
G1 X93.913 Y-133.148
G1 X93.522 Y-133.736
G1 X93.913 Y-132.953
G1 X93.717 Y-131.974
G1 X92.739 Y-131.778
G1 X91.565 Y-130.799
G1 X90.978 Y-130.995
G1 X90.391 Y-133.344
G1 X90.587 Y-133.736
G1 X89.022 Y-134.519
G1 X90.391 Y-133.540
G1 X90.978 Y-130.995
G1 X91.370 Y-130.604
G1 X89.413 Y-129.625
G1 X89.413 Y-129.038
G1 X88.239 Y-128.059
G1 X88.826 Y-126.884
G1 X88.435 Y-127.276
G1 X88.239 Y-128.059
G1 X89.413 Y-129.038
G1 X90.391 Y-126.688
G1 X89.804 Y-127.667
G1 X89.804 Y-128.450
G1 X90.196 Y-128.646
G1 X90.978 Y-127.863
G1 X90.978 Y-127.276
G1 X91.174 Y-127.667
G1 X91.761 Y-127.667
G1 X92.543 Y-127.080
G1 X92.935 Y-125.905
G1 X92.152 Y-124.927
G1 X93.130 Y-125.905
G1 X93.717 Y-125.514
G1 X93.717 Y-125.122
G1 X93.130 Y-124.339
G1 X93.522 Y-124.927
G1 X94.109 Y-124.144
G1 X93.717 Y-124.731
G1 X93.913 Y-125.318
G1 X95.283 Y-124.339
G1 X96.261 Y-122.969
G0 Z3.500
G0 X99.196 Y-116.900
G1 Z0.000 F1200
G1 X99.000 Y-117.684
G1 X100.761 Y-118.662
G1 X102.130 Y-117.879
G1 X101.739 Y-117.292
G1 X100.370 Y-117.292
G1 X99.783 Y-116.705
G1 X99.391 Y-116.900
G0 Z3.500
G0 X96.457 Y-113.377
G1 Z0.000 F1200
G1 X97.239 Y-113.377
G1 X97.239 Y-114.551
G1 X95.870 Y-114.943
G1 X95.478 Y-113.768
G1 X96.261 Y-113.377
G0 Z3.500
G0 X95.039 Y-113.862
G1 Z0.000 F1200
G1 X94.746 Y-108.977
G0 Z3.500
G0 X95.158 Y-110.297
G1 Z0.000 F1200
G1 X96.742 Y-105.874
G0 Z3.500
G0 X96.848 Y-105.546
G1 Z0.000 F1200
G1 X96.848 Y-106.330
G1 X97.239 Y-106.525
G1 X96.848 Y-106.721
G1 X96.848 Y-108.483
G1 X98.217 Y-108.874
G1 X99.196 Y-110.049
G1 X98.804 Y-109.853
G1 X97.239 Y-111.223
G1 X96.848 Y-112.985
G1 X97.239 Y-113.377
G1 X97.435 Y-114.551
G1 X95.674 Y-115.334
G1 X96.065 Y-116.117
G1 X97.435 Y-115.530
G1 X96.457 Y-116.117
G1 X96.652 Y-116.705
G1 X95.674 Y-117.684
G1 X96.261 Y-118.271
G1 X98.609 Y-117.488
G1 X97.826 Y-116.509
G1 X98.609 Y-117.488
G1 X99.000 Y-117.292
G1 X99.000 Y-114.160
G1 X100.957 Y-115.922
G1 X101.935 Y-115.726
G1 X102.326 Y-112.594
G1 X101.543 Y-112.202
G1 X100.174 Y-112.202
G1 X101.152 Y-112.007
G1 X101.152 Y-111.028
G1 X99.978 Y-110.049
G1 X100.761 Y-110.832
G1 X101.152 Y-110.832
G1 X101.543 Y-110.245
G1 X100.370 Y-108.679
G1 X100.565 Y-109.266
G1 X101.739 Y-110.245
G1 X102.130 Y-109.853
G1 X102.522 Y-108.483
G1 X101.739 Y-106.721
G1 X102.522 Y-108.483
G1 X101.935 Y-110.245
G1 X102.717 Y-110.636
G1 X103.696 Y-110.245
G1 X103.696 Y-109.266
G1 X103.304 Y-108.874
G1 X103.696 Y-109.266
G1 X103.696 Y-110.440
G1 X104.283 Y-110.440
G1 X103.891 Y-110.636
G1 X104.087 Y-111.811
G1 X105.065 Y-112.985
G1 X105.652 Y-112.985
G1 X106.435 Y-112.202
G1 X106.435 Y-110.636
G1 X105.457 Y-110.049
G1 X105.457 Y-109.266
G1 X104.478 Y-108.483
G1 X104.870 Y-109.070
G1 X105.652 Y-108.679
G1 X105.457 Y-110.049
G1 X106.435 Y-110.636
G1 X107.804 Y-110.245
G1 X107.413 Y-109.657
G1 X107.609 Y-108.679
G1 X109.174 Y-107.504
G1 X109.761 Y-108.679
G1 X111.522 Y-108.483
G1 X111.913 Y-109.070
G1 X111.522 Y-108.483
G1 X110.348 Y-108.483
G1 X109.370 Y-109.657
G1 X110.348 Y-111.615
G1 X110.739 Y-111.811
G1 X109.370 Y-109.853
G1 X108.000 Y-110.245
G1 X108.783 Y-111.028
G1 X108.000 Y-110.245
G1 X106.435 Y-110.832
G1 X106.435 Y-112.202
G1 X107.217 Y-112.202
G1 X106.239 Y-112.398
G1 X105.652 Y-112.985
G1 X105.652 Y-113.768
G1 X107.022 Y-114.943
G1 X105.848 Y-113.964
G1 X105.457 Y-114.160
G1 X105.261 Y-116.900
G1 X104.674 Y-117.879
G1 X106.043 Y-118.662
G1 X104.283 Y-117.684
G1 X103.891 Y-118.075
G1 X104.283 Y-118.858
G1 X104.087 Y-120.228
G1 X104.283 Y-118.858
G1 X103.500 Y-117.879
G1 X102.130 Y-117.879
G1 X100.761 Y-118.662
G1 X98.609 Y-117.488
G1 X97.435 Y-118.858
G1 X96.457 Y-118.858
G1 X94.891 Y-116.705
G1 X94.500 Y-116.900
G1 X95.087 Y-116.509
G1 X95.087 Y-115.726
G1 X94.696 Y-115.334
G1 X93.913 Y-115.530
G1 X95.478 Y-115.530
G1 X95.870 Y-114.943
G1 X95.478 Y-113.768
G1 X94.500 Y-113.181
G1 X94.500 Y-112.594
G1 X96.457 Y-110.636
G1 X96.261 Y-110.049
G1 X95.087 Y-109.853
G1 X96.261 Y-110.049
G1 X96.457 Y-108.874
G1 X95.478 Y-108.483
G1 X94.500 Y-108.874
G1 X95.478 Y-108.483
G1 X96.457 Y-108.874
G1 X96.848 Y-108.679
G1 X96.848 Y-106.721
G1 X95.870 Y-106.721
G1 X96.848 Y-106.330
G1 X96.848 Y-105.351
G0 Z3.500
G0 X96.652 Y-108.874
G1 Z0.000 F1200
G1 X98.217 Y-108.874
G1 X98.804 Y-109.657
G1 X97.239 Y-111.223
G1 X96.457 Y-110.832
G1 X96.457 Y-109.070
G0 Z3.500
G0 X95.072 Y-111.969
G1 Z0.000 F1200
G1 X92.369 Y-117.183
G0 Z3.500
G0 X89.804 Y-104.176
G1 Z0.000 F1200
G1 X89.413 Y-107.308
G1 X90.391 Y-107.504
G1 X89.217 Y-107.700
G1 X89.217 Y-109.657
G1 X90.000 Y-109.853
G1 X91.370 Y-108.874
G1 X91.370 Y-108.091
G1 X91.565 Y-109.070
G1 X92.543 Y-109.266
G1 X91.761 Y-109.070
G1 X91.370 Y-109.462
G1 X92.348 Y-111.028
G1 X92.152 Y-111.811
G1 X92.739 Y-112.007
G1 X91.761 Y-112.398
G1 X91.761 Y-113.377
G1 X92.348 Y-114.356
G1 X91.565 Y-112.594
G1 X90.978 Y-113.181
G1 X91.761 Y-112.398
G1 X90.783 Y-111.419
G1 X89.804 Y-111.419
G1 X88.630 Y-110.832
G1 X88.043 Y-112.007
G1 X87.065 Y-112.790
G1 X87.065 Y-114.160
G1 X86.087 Y-115.530
G1 X84.913 Y-115.922
G1 X84.717 Y-116.509
G1 X84.717 Y-116.117
G1 X84.130 Y-115.726
G1 X83.152 Y-116.900
G1 X83.935 Y-115.922
G1 X83.739 Y-115.334
G1 X83.935 Y-115.726
G1 X84.326 Y-115.530
G1 X84.326 Y-114.551
G1 X84.326 Y-115.726
G1 X85.109 Y-115.922
G1 X86.087 Y-115.530
G1 X85.891 Y-114.943
G1 X86.478 Y-114.943
G1 X86.674 Y-114.551
G1 X86.283 Y-114.160
G1 X87.065 Y-114.160
G1 X87.261 Y-112.398
G1 X86.478 Y-110.440
G1 X86.674 Y-109.853
G1 X86.478 Y-110.049
G1 X86.870 Y-111.028
G1 X88.435 Y-111.028
G1 X89.022 Y-110.440
G1 X89.217 Y-107.896
G1 X88.043 Y-107.504
G1 X89.413 Y-107.504
G1 X89.413 Y-106.134
G1 X88.630 Y-105.938
G1 X88.043 Y-106.525
G1 X88.630 Y-105.938
G1 X89.609 Y-105.742
G1 X90.000 Y-103.980
G0 Z3.500
G0 X95.179 Y-94.319
G1 Z0.000 F1200
G1 X101.280 Y-90.797
G0 Z3.500
G0 X98.919 Y-89.929
G1 Z0.000 F1200
G1 X95.134 Y-91.803
G1 X94.133 Y-91.867
G1 X92.238 Y-92.792
G0 Z3.500
G0 X93.432 Y-92.278
G1 Z0.000 F1200
G1 X95.022 Y-91.687
G1 X95.794 Y-91.003
G1 X96.495 Y-91.034
G1 X97.331 Y-90.748
G1 X98.763 Y-89.781
G0 Z3.500
G0 X97.577 Y-86.252
G1 Z0.000 F1200
G1 X96.970 Y-86.118
G1 X93.475 Y-87.754
G0 Z3.500
G0 X88.167 Y-86.006
G1 Z0.000 F1200
G1 X87.596 Y-86.417
G1 X86.160 Y-86.626
G1 X83.678 Y-87.856
G0 Z3.500
G0 X84.806 Y-89.059
G1 Z0.000 F1200
G1 X84.109 Y-89.463
G1 X83.288 Y-89.518
G1 X82.645 Y-90.030
G1 X81.832 Y-90.088
G1 X79.718 Y-90.984
G0 Z3.500
G0 X76.325 Y-84.019
G1 Z0.000 F1200
G1 X76.970 Y-83.440
G1 X77.558 Y-83.391
G1 X80.444 Y-82.174
G0 Z3.500
G0 X83.551 Y-84.018
G1 Z0.000 F1200
G1 X85.211 Y-83.657
G1 X86.842 Y-82.599
G1 X87.723 Y-82.643
G1 X88.593 Y-81.962
G1 X89.426 Y-81.887
G0 Z3.500
G0 X122.355 Y-65.133
G1 Z0.000 F1200
G1 X124.532 Y-64.147
G1 X130.062 Y-61.059
G0 Z3.500
G0 X129.116 Y-61.285
G1 Z0.000 F1200
G1 X133.924 Y-58.546
G1 X134.901 Y-58.232
G0 Z3.500
G0 X137.471 Y-56.611
G1 Z0.000 F1200
G1 X139.034 Y-55.441
G1 X140.575 Y-54.973
G1 X141.402 Y-54.210
G1 X143.009 Y-53.755
G0 Z3.500
G0 X139.925 Y-49.712
G1 Z0.000 F1200
G1 X138.864 Y-50.061
G1 X137.867 Y-50.893
G1 X136.842 Y-51.145
G1 X135.878 Y-52.029
G1 X132.587 Y-53.616
G0 Z3.500
G0 X130.503 Y-56.520
G1 Z0.000 F1200
G1 X129.924 Y-57.047
G1 X129.113 Y-57.124
G1 X126.922 Y-58.493
G1 X125.526 Y-59.046
G0 Z3.500
G0 X131.108 Y-63.178
G1 Z0.000 F1200
G1 X130.007 Y-63.405
G1 X125.263 Y-66.051
G1 X124.388 Y-66.238
G0 Z3.500
G0 X128.816 Y-65.401
G1 Z0.000 F1200
G1 X129.633 Y-65.228
G1 X130.304 Y-64.654
G1 X133.741 Y-62.979
G0 Z3.500
G0 X134.330 Y-65.495
G1 Z0.000 F1200
G1 X132.938 Y-66.114
G1 X131.662 Y-67.094
G1 X129.625 Y-67.889
G0 Z3.500
G0 X130.475 Y-74.728
G1 Z0.000 F1200
G1 X131.247 Y-74.490
G1 X132.805 Y-73.353
G1 X134.426 Y-72.865
G1 X135.969 Y-71.971
G0 Z3.500
G0 X138.017 Y-69.449
G1 Z0.000 F1200
G1 X139.193 Y-68.742
G1 X140.296 Y-68.443
G1 X143.652 Y-66.524
G1 X144.801 Y-66.192
G1 X145.787 Y-65.372
G0 Z3.500
G0 X146.181 Y-67.850
G1 Z0.000 F1200
G1 X144.671 Y-68.332
G1 X141.434 Y-70.371
G0 Z3.500
G0 X137.149 Y-64.570
G1 Z0.000 F1200
G1 X138.386 Y-64.276
G1 X143.867 Y-61.145
G1 X144.973 Y-60.754
G0 Z3.500
G0 X148.756 Y-61.229
G1 Z0.000 F1200
G1 X152.948 Y-59.294
G1 X155.859 Y-57.523
G0 Z3.500
G0 X153.885 Y-58.971
G1 Z0.000 F1200
G1 X153.221 Y-59.169
G1 X152.608 Y-59.832
G1 X151.307 Y-60.163
G1 X149.451 Y-61.265
G0 Z3.500
G0 X147.700 Y-57.682
G1 Z0.000 F1200
G1 X151.839 Y-55.992
G1 X152.762 Y-55.144
G1 X153.703 Y-54.852
G1 X154.726 Y-54.169
G0 Z3.500
G0 X155.985 Y-77.043
G1 Z0.000 F1200
G1 X154.717 Y-78.021
G1 X153.875 Y-78.033
G1 X153.306 Y-78.694
G1 X151.081 Y-79.625
G0 Z3.500
G0 X153.284 Y-81.996
G1 Z0.000 F1200
G1 X150.055 Y-83.844
G1 X149.222 Y-83.891
G1 X147.467 Y-85.011
G0 Z3.500
G0 X148.975 Y-83.190
G1 Z0.000 F1200
G1 X148.325 Y-83.280
G1 X147.087 Y-84.165
G1 X146.482 Y-84.287
G1 X144.503 Y-85.396
G0 Z3.500
G0 X151.240 Y-87.024
G1 Z0.000 F1200
G1 X153.328 Y-86.351
G1 X154.374 Y-85.549
G1 X158.495 Y-83.803
G0 Z3.500
G0 X159.799 Y-84.290
G1 Z0.000 F1200
G1 X158.449 Y-84.676
G1 X154.956 Y-86.385
G0 Z3.500
G0 X155.796 Y-89.349
G1 Z0.000 F1200
G1 X154.152 Y-90.006
G1 X151.877 Y-91.287
G0 Z3.500
G0 X153.997 Y-93.030
G1 Z0.000 F1200
G1 X149.561 Y-95.186
G0 Z3.500
G0 X152.448 Y-94.948
G1 Z0.000 F1200
G1 X150.208 Y-93.633
G1 X149.572 Y-93.524
G1 X147.486 Y-92.131
G0 Z3.500
G0 X154.685 Y-95.922
G1 Z0.000 F1200
G1 X157.801 Y-94.804
G1 X159.346 Y-93.766
G1 X160.041 Y-93.628
G0 Z3.500
G0 X164.543 Y-98.206
G1 Z0.000 F1200
G1 X164.995 Y-104.062
G0 Z3.500
G0 X167.431 Y-103.942
G1 Z0.000 F1200
G1 X164.140 Y-99.079
G0 Z3.500
G0 X168.261 Y-102.023
G1 Z0.000 F1200
G1 X167.087 Y-102.414
G1 X166.500 Y-103.002
G1 X167.087 Y-103.785
G1 X168.065 Y-103.980
G1 X168.848 Y-103.393
G1 X169.043 Y-102.023
G1 X168.457 Y-102.023
G0 Z3.500
G0 X172.565 Y-101.827
G1 Z0.000 F1200
G1 X172.370 Y-102.023
G1 X172.957 Y-102.806
G1 X173.739 Y-102.806
G1 X174.522 Y-102.219
G1 X174.717 Y-101.631
G1 X172.761 Y-101.631
G0 Z3.500
G0 X173.724 Y-103.451
G1 Z0.000 F1200
G1 X173.427 Y-98.566
G0 Z3.500
G0 X174.503 Y-96.808
G1 Z0.000 F1200
G1 X177.720 Y-101.721
G0 Z3.500
G0 X175.331 Y-100.395
G1 Z0.000 F1200
G1 X175.091 Y-96.487
G0 Z3.500
G0 X176.478 Y-96.346
G1 Z0.000 F1200
G1 X174.522 Y-97.325
G1 X174.130 Y-99.478
G1 X173.152 Y-98.891
G1 X173.152 Y-98.108
G1 X173.152 Y-98.891
G1 X173.739 Y-99.478
G1 X172.761 Y-100.065
G1 X173.739 Y-99.478
G1 X174.717 Y-99.478
G1 X175.304 Y-100.065
G1 X174.913 Y-101.436
G1 X172.957 Y-101.436
G1 X172.370 Y-102.023
G1 X171.783 Y-102.023
G1 X171.000 Y-101.240
G1 X171.783 Y-100.261
G1 X171.196 Y-99.869
G1 X171.391 Y-100.653
G1 X170.804 Y-101.240
G1 X169.826 Y-101.044
G1 X170.217 Y-99.869
G1 X169.826 Y-101.044
G1 X169.043 Y-101.240
G1 X168.652 Y-100.457
G1 X169.630 Y-99.282
G1 X169.043 Y-99.869
G1 X168.457 Y-99.478
G1 X169.043 Y-101.631
G1 X166.304 Y-103.002
G1 X166.109 Y-100.848
G1 X167.283 Y-100.065
G1 X166.109 Y-100.848
G1 X166.109 Y-103.002
G1 X164.739 Y-103.589
G1 X164.348 Y-103.197
G1 X164.348 Y-102.610
G1 X164.935 Y-102.023
G1 X164.739 Y-99.869
G1 X164.935 Y-102.023
G1 X164.152 Y-102.610
G1 X163.370 Y-101.631
G1 X164.739 Y-103.589
G1 X164.543 Y-103.785
G1 X163.565 Y-103.785
G1 X162.587 Y-102.610
G1 X163.370 Y-103.589
G1 X163.174 Y-103.980
G1 X162.196 Y-103.980
G1 X161.413 Y-103.197
G1 X161.804 Y-102.414
G1 X161.804 Y-100.653
G1 X161.609 Y-102.610
G1 X161.217 Y-102.414
G1 X161.217 Y-101.827
G1 X160.435 Y-102.219
G1 X160.239 Y-101.827
G1 X160.239 Y-102.219
G1 X159.652 Y-102.414
G1 X159.065 Y-100.848
G1 X158.478 Y-100.457
G1 X158.478 Y-99.674
G1 X158.283 Y-101.044
G1 X157.696 Y-101.827
G1 X157.304 Y-101.631
G1 X157.696 Y-102.414
G1 X157.500 Y-102.023
G1 X158.478 Y-101.436
G1 X158.087 Y-101.240
G1 X158.478 Y-100.653
G1 X158.870 Y-100.653
G1 X159.261 Y-101.240
G1 X159.457 Y-102.219
G1 X159.065 Y-103.197
G1 X159.848 Y-103.980
G1 X159.848 Y-104.568
G1 X159.261 Y-104.763
G1 X158.870 Y-104.372
G1 X159.261 Y-104.763
G1 X159.065 Y-105.938
G1 X158.478 Y-106.330
G1 X157.304 Y-105.351
G1 X157.109 Y-104.372
G1 X157.109 Y-105.351
G1 X155.543 Y-105.742
G1 X155.348 Y-104.763
G1 X155.348 Y-105.742
G1 X154.761 Y-106.525
G1 X153.587 Y-106.525
G1 X153.391 Y-105.938
G1 X153.391 Y-107.700
G1 X153.196 Y-106.917
G1 X153.587 Y-106.525
G1 X154.370 Y-106.721
G1 X155.739 Y-105.546
G1 X157.304 Y-105.351
G1 X158.478 Y-106.330
G1 X158.870 Y-106.134
G1 X159.848 Y-104.176
G1 X161.609 Y-103.393
G1 X162.196 Y-103.980
G1 X164.935 Y-103.980
G1 X164.935 Y-107.896
G1 X164.739 Y-105.351
G1 X164.935 Y-105.155
G1 X166.109 Y-106.134
G1 X164.935 Y-105.155
G1 X164.935 Y-103.589
G1 X166.304 Y-103.002
G1 X167.478 Y-103.980
G1 X167.478 Y-104.568
G1 X167.674 Y-103.980
G1 X168.848 Y-103.393
G1 X169.043 Y-102.414
G1 X170.217 Y-103.589
G1 X169.043 Y-102.219
G1 X169.239 Y-101.240
G1 X169.826 Y-101.240
G1 X171.391 Y-102.610
G1 X170.804 Y-103.197
G1 X171.978 Y-102.023
G1 X172.761 Y-102.414
G1 X172.957 Y-103.393
G1 X173.152 Y-102.806
G1 X174.326 Y-102.414
G1 X174.913 Y-103.589
G1 X174.717 Y-104.176
G1 X174.913 Y-103.589
G1 X174.522 Y-101.827
G1 X175.696 Y-100.065
G1 X176.478 Y-100.065
G1 X177.848 Y-101.436
G1 X176.478 Y-100.065
G1 X176.870 Y-98.108
G1 X177.848 Y-97.716
G1 X177.065 Y-97.716
G1 X177.261 Y-96.542
G1 X176.674 Y-96.346
G0 Z3.500
G0 X176.520 Y-96.595
G1 Z0.000 F1200
G1 X175.723 Y-98.805
G0 Z3.500
G0 X175.456 Y-99.541
G1 Z0.000 F1200
G1 X174.112 Y-103.218
G0 Z3.500
G0 X178.172 Y-97.874
G1 Z0.000 F1200
G1 X176.565 Y-95.417
G0 Z3.500
G0 X159.652 Y-116.900
G1 Z0.000 F1200
G1 X160.630 Y-117.879
G1 X160.630 Y-117.488
G1 X161.413 Y-117.684
G1 X159.848 Y-117.096
G0 Z3.500
G0 X151.430 Y-112.860
G1 Z0.000 F1200
G1 X151.073 Y-107.979
G0 Z3.500
G0 X151.043 Y-108.483
G1 Z0.000 F1200
G1 X150.261 Y-108.874
G1 X150.652 Y-109.462
G1 X151.826 Y-109.266
G1 X152.217 Y-108.874
G1 X151.826 Y-108.287
G1 X151.239 Y-108.483
G0 Z3.500
G0 X149.404 Y-109.077
G1 Z0.000 F1200
G1 X149.777 Y-113.957
G0 Z3.500
G0 X148.699 Y-114.796
G1 Z0.000 F1200
G1 X150.027 Y-111.113
G0 Z3.500
G0 X150.291 Y-111.415
G1 Z0.000 F1200
G1 X145.721 Y-120.069
G0 Z3.500
G0 X144.872 Y-119.206
G1 Z0.000 F1200
G1 X144.687 Y-116.275
G0 Z3.500
G0 X147.380 Y-118.481
G1 Z0.000 F1200
G1 X148.435 Y-115.533
G0 Z3.500
G0 X148.793 Y-118.996
G1 Z0.000 F1200
G1 X148.001 Y-121.208
G0 Z3.500
G0 X147.522 Y-121.403
G1 Z0.000 F1200
G1 X148.109 Y-121.207
G1 X149.870 Y-122.773
G1 X149.674 Y-124.144
G1 X148.891 Y-124.731
G1 X147.913 Y-124.535
G1 X147.522 Y-123.556
G1 X146.543 Y-122.969
G1 X146.739 Y-121.794
G1 X147.326 Y-121.403
G0 Z3.500
G0 X145.957 Y-121.990
G1 Z0.000 F1200
G1 X146.543 Y-121.794
G1 X146.739 Y-122.773
G1 X145.957 Y-123.556
G1 X145.174 Y-123.165
G1 X144.587 Y-123.752
G1 X144.587 Y-122.773
G1 X145.761 Y-121.990
G0 Z3.500
G0 X147.490 Y-123.227
G1 Z0.000 F1200
G1 X144.692 Y-128.390
G0 Z3.500
G0 X144.992 Y-127.350
G1 Z0.000 F1200
G1 X146.643 Y-129.778
G0 Z3.500
G0 X150.652 Y-127.471
G1 Z0.000 F1200
G1 X150.652 Y-128.254
G1 X151.239 Y-128.450
G1 X149.674 Y-128.254
G1 X149.087 Y-128.842
G1 X148.500 Y-130.799
G1 X148.500 Y-132.170
G1 X149.087 Y-132.365
G1 X150.261 Y-131.387
G1 X148.109 Y-132.953
G1 X148.304 Y-133.736
G1 X149.283 Y-133.540
G1 X148.109 Y-133.931
G1 X148.109 Y-135.302
G1 X149.870 Y-135.302
G1 X148.500 Y-135.498
G1 X148.304 Y-135.889
G1 X148.109 Y-135.498
G1 X147.522 Y-135.693
G1 X147.326 Y-136.281
G1 X147.717 Y-136.476
G1 X146.543 Y-136.476
G1 X145.174 Y-137.651
G1 X143.804 Y-138.042
G1 X143.022 Y-139.021
G1 X142.239 Y-139.217
G1 X143.022 Y-139.021
G1 X143.609 Y-138.238
G1 X143.022 Y-137.651
G1 X142.435 Y-137.847
G1 X143.022 Y-137.651
G1 X143.413 Y-138.042
G1 X144.783 Y-135.889
G1 X143.609 Y-135.889
G1 X144.783 Y-135.889
G1 X146.152 Y-134.910
G1 X145.761 Y-134.519
G1 X145.761 Y-132.757
G1 X145.957 Y-133.344
G1 X146.348 Y-133.344
G1 X145.761 Y-133.540
G1 X145.761 Y-134.519
G1 X146.152 Y-134.910
G1 X148.109 Y-134.127
G1 X148.109 Y-133.148
G1 X147.522 Y-132.561
G1 X147.717 Y-131.778
G1 X147.522 Y-132.365
G1 X147.913 Y-132.953
G1 X148.500 Y-132.561
G1 X148.500 Y-131.191
G1 X147.522 Y-130.995
G1 X148.304 Y-130.995
G1 X148.696 Y-130.604
G1 X149.087 Y-128.842
G1 X149.674 Y-128.254
G1 X150.652 Y-128.059
G1 X150.652 Y-127.276
G0 Z3.500
G0 X142.239 Y-124.144
G1 Z0.000 F1200
G1 X141.848 Y-126.688
G1 X143.413 Y-126.688
G1 X140.870 Y-127.080
G1 X141.848 Y-126.688
G1 X142.239 Y-123.948
G0 Z3.500
G0 X140.415 Y-132.273
G1 Z0.000 F1200
G1 X140.868 Y-138.129
G0 Z3.500
G0 X140.942 Y-139.105
G1 Z0.000 F1200
G1 X141.230 Y-143.009
G0 Z3.500
G0 X142.823 Y-140.935
G1 Z0.000 F1200
G1 X143.189 Y-145.816
G0 Z3.500
G0 X145.174 Y-149.984
G1 Z0.000 F1200
G1 X146.152 Y-152.724
G1 X145.174 Y-150.179
G0 Z3.500
G0 X137.935 Y-149.005
G1 Z0.000 F1200
G1 X130.891 Y-149.201
G1 X137.739 Y-148.809
G0 Z3.500
G0 X143.191 Y-138.010
G1 Z0.000 F1200
G1 X140.510 Y-133.917
G0 Z3.500
G0 X132.098 Y-127.864
G1 Z0.000 F1200
G1 X122.931 Y-129.905
G0 Z3.500
G0 X126.284 Y-125.808
G1 Z0.000 F1200
G1 X124.662 Y-123.361
G0 Z3.500
G0 X101.739 Y-129.625
G1 Z0.000 F1200
G1 X102.913 Y-129.625
G1 X102.717 Y-130.995
G1 X102.130 Y-131.582
G1 X101.152 Y-130.408
G1 X101.543 Y-129.625
G0 Z3.500
G0 X101.739 Y-131.778
G1 Z0.000 F1200
G1 X102.522 Y-131.778
G1 X102.522 Y-132.757
G1 X99.978 Y-134.910
G1 X99.783 Y-133.540
G1 X100.957 Y-131.974
G1 X101.543 Y-131.974
G0 Z3.500
G0 X102.130 Y-132.953
G1 Z0.000 F1200
G1 X100.174 Y-134.910
G1 X100.761 Y-135.106
G1 X102.717 Y-137.259
G1 X104.087 Y-136.476
G1 X104.087 Y-135.693
G1 X102.913 Y-132.953
G1 X102.326 Y-132.953
G0 Z3.500
G0 X100.603 Y-135.296
G1 Z0.000 F1200
G1 X98.931 Y-140.516
G0 Z3.500
G0 X98.643 Y-144.524
G1 Z0.000 F1200
G1 X102.423 Y-149.013
G1 X106.801 Y-153.234
G1 X125.928 Y-168.503
G1 X130.025 Y-172.190
G1 X132.803 Y-175.176
G1 X135.468 Y-179.002
G1 X136.817 Y-182.171
G1 X137.300 Y-184.629
G1 X137.344 Y-186.313
G1 X136.701 Y-189.805
G0 Z3.500
G0 X135.968 Y-188.773
G1 Z0.000 F1200
G1 X136.373 Y-187.601
G1 X136.524 Y-185.697
G1 X136.166 Y-183.637
G1 X135.342 Y-181.441
G1 X132.468 Y-176.721
G1 X128.249 Y-171.695
G1 X122.085 Y-165.657
G1 X115.109 Y-159.671
G1 X105.826 Y-152.459
G1 X95.586 Y-145.110
G0 Z3.500
G0 X96.430 Y-144.275
G1 Z0.000 F1200
G1 X120.512 Y-164.589
G1 X125.990 Y-169.783
G1 X129.907 Y-174.119
G1 X133.515 Y-179.282
G1 X135.362 Y-183.513
G1 X135.931 Y-187.643
G1 X135.570 Y-190.059
G1 X135.009 Y-191.639
G0 Z3.500
G0 X134.156 Y-191.487
G1 Z0.000 F1200
G1 X135.140 Y-188.514
G0 Z3.500
G0 X134.340 Y-190.338
G1 Z0.000 F1200
G1 X134.892 Y-186.733
G1 X134.334 Y-182.509
G1 X133.014 Y-179.315
G1 X130.438 Y-175.498
G1 X127.762 Y-172.545
G1 X123.815 Y-168.924
G1 X109.883 Y-157.906
G1 X104.304 Y-153.148
G1 X100.032 Y-148.906
G1 X97.006 Y-145.283
G0 Z3.500
G0 X97.283 Y-145.165
G1 Z0.000 F1200
G1 X104.582 Y-152.893
G1 X123.065 Y-170.064
G1 X128.985 Y-176.543
G1 X132.063 Y-181.122
G1 X133.440 Y-184.707
G1 X133.652 Y-186.741
G1 X133.510 Y-188.043
G1 X132.483 Y-190.509
G0 Z3.500
G0 X132.029 Y-189.149
G1 Z0.000 F1200
G1 X131.052 Y-192.125
G0 Z3.500
G0 X131.247 Y-194.850
G1 Z0.000 F1200
G1 X131.866 Y-189.707
G1 X131.180 Y-184.745
G1 X130.219 Y-181.857
G1 X128.894 Y-179.038
G1 X125.310 Y-173.612
G1 X120.746 Y-168.476
G1 X114.605 Y-162.864
G1 X108.064 Y-157.678
G1 X95.042 Y-148.073
G0 Z3.500
G0 X94.933 Y-147.783
G1 Z0.000 F1200
G1 X99.558 Y-152.125
G1 X110.982 Y-161.541
G1 X116.219 Y-166.203
G1 X121.002 Y-171.262
G1 X124.417 Y-175.883
G1 X126.135 Y-178.870
G1 X127.559 Y-182.039
G1 X129.170 Y-187.773
G1 X129.675 Y-194.144
G1 X128.891 Y-201.235
G0 Z3.500
G0 X128.141 Y-202.618
G1 Z0.000 F1200
G1 X128.814 Y-199.830
G1 X129.374 Y-195.738
G1 X129.433 Y-191.760
G1 X129.032 Y-187.903
G1 X128.214 Y-184.173
G1 X127.021 Y-180.578
G1 X123.680 Y-173.819
G1 X121.615 Y-170.669
G1 X118.548 Y-166.723
G1 X115.215 Y-163.080
G1 X111.714 Y-159.759
G1 X103.745 Y-153.544
G1 X95.877 Y-148.867
G0 Z3.500
G0 X95.573 Y-149.290
G1 Z0.000 F1200
G1 X115.710 Y-165.078
G1 X120.501 Y-169.729
G1 X124.537 Y-174.832
G1 X126.169 Y-177.581
G1 X127.488 Y-180.476
G1 X128.882 Y-185.652
G1 X129.102 Y-191.313
G1 X127.960 Y-197.507
G0 Z3.500
G0 X126.049 Y-198.732
G1 Z0.000 F1200
G1 X124.854 Y-202.460
G0 Z3.500
G0 X124.630 Y-202.251
G1 Z0.000 F1200
G1 X126.196 Y-202.447
G1 X128.739 Y-203.622
G1 X126.196 Y-202.447
G1 X125.022 Y-202.447
G1 X124.435 Y-202.055
G0 Z3.500
G0 X123.847 Y-202.790
G1 Z0.000 F1200
G1 X125.174 Y-196.815
G1 X125.198 Y-191.008
G1 X124.662 Y-187.616
G1 X123.762 Y-184.300
G1 X121.025 Y-177.922
G1 X116.606 Y-170.961
G1 X111.341 Y-164.590
G1 X104.929 Y-158.129
G1 X95.460 Y-149.779
G0 Z3.500
G0 X95.879 Y-150.541
G1 Z0.000 F1200
G1 X109.905 Y-161.873
G1 X114.101 Y-165.565
G1 X118.852 Y-170.542
G1 X123.001 Y-176.266
G1 X124.753 Y-179.456
G1 X126.239 Y-182.893
G1 X128.019 Y-189.222
G1 X128.773 Y-196.381
G1 X128.518 Y-202.768
G0 Z3.500
G0 X126.984 Y-201.029
G1 Z0.000 F1200
G1 X127.689 Y-195.433
G1 X127.181 Y-190.035
G1 X126.363 Y-186.891
G1 X125.206 Y-183.817
G1 X122.019 Y-177.881
G1 X117.913 Y-172.227
G1 X113.178 Y-166.852
G1 X94.483 Y-148.815
G0 Z3.500
G0 X95.135 Y-148.865
G1 Z0.000 F1200
G1 X106.216 Y-159.710
G1 X111.807 Y-165.784
G1 X117.005 Y-172.536
G1 X120.784 Y-178.882
G1 X123.620 Y-185.762
G1 X125.047 Y-191.914
G1 X125.436 Y-198.457
G1 X124.613 Y-205.399
G0 Z3.500
G0 X124.352 Y-206.506
G1 Z0.000 F1200
G1 X125.126 Y-209.338
G0 Z3.500
G0 X125.604 Y-210.169
G1 Z0.000 F1200
G1 X125.944 Y-208.241
G0 Z3.500
G0 X124.804 Y-204.081
G1 Z0.000 F1200
G1 X125.446 Y-196.086
G1 X124.924 Y-189.027
G1 X123.403 Y-182.805
G1 X122.082 Y-179.434
G1 X120.499 Y-176.309
G1 X116.691 Y-170.712
G1 X112.270 Y-165.848
G1 X108.328 Y-162.233
G1 X94.886 Y-150.965
G0 Z3.500
G0 X94.358 Y-150.907
G1 Z0.000 F1200
G1 X102.161 Y-156.551
G1 X109.135 Y-162.798
G1 X114.235 Y-168.698
G1 X116.822 Y-172.486
G1 X118.539 Y-175.529
G1 X121.237 Y-182.140
G1 X122.145 Y-185.711
G1 X122.710 Y-189.460
G1 X122.894 Y-193.390
G1 X122.662 Y-197.501
G1 X121.246 Y-204.760
G0 Z3.500
G0 X121.104 Y-205.143
G1 Z0.000 F1200
G1 X122.250 Y-197.553
G1 X122.182 Y-190.532
G1 X121.627 Y-186.588
G1 X120.732 Y-182.842
G1 X118.060 Y-175.936
G1 X116.356 Y-172.771
G1 X113.783 Y-168.844
G1 X108.692 Y-162.759
G1 X101.686 Y-156.368
G1 X93.737 Y-150.653
G0 Z3.500
G0 X93.816 Y-150.538
G1 Z0.000 F1200
G1 X103.472 Y-158.600
G1 X108.564 Y-163.491
G1 X113.228 Y-169.347
G1 X116.543 Y-175.358
G1 X117.869 Y-178.767
G1 X118.927 Y-182.477
G1 X119.998 Y-189.391
G1 X120.060 Y-197.310
G1 X118.949 Y-206.341
G0 Z3.500
G0 X118.255 Y-206.395
G1 Z0.000 F1200
G1 X119.009 Y-197.977
G1 X118.719 Y-190.324
G1 X117.206 Y-182.124
G1 X114.671 Y-174.969
G1 X113.101 Y-171.774
G1 X110.768 Y-167.901
G1 X106.245 Y-162.165
G1 X103.540 Y-159.466
G1 X100.183 Y-156.668
G1 X96.993 Y-154.493
G1 X94.122 Y-152.922
G0 Z3.500
G0 X93.717 Y-152.920
G1 Z0.000 F1200
G1 X93.913 Y-153.312
G1 X92.152 Y-154.486
G1 X91.761 Y-155.465
G1 X90.196 Y-156.835
G1 X88.630 Y-160.359
G1 X87.652 Y-164.470
G1 X87.261 Y-170.930
G1 X88.043 Y-162.316
G1 X89.413 Y-158.401
G1 X90.391 Y-156.639
G1 X90.196 Y-155.661
G1 X91.565 Y-153.899
G1 X91.565 Y-154.290
G1 X92.348 Y-154.486
G1 X93.717 Y-153.507
G1 X93.717 Y-152.724
G0 Z3.500
G0 X93.588 Y-152.862
G1 Z0.000 F1200
G1 X100.395 Y-159.727
G1 X105.796 Y-166.245
G1 X109.520 Y-172.044
G1 X112.355 Y-178.423
G1 X113.753 Y-184.311
G1 X114.004 Y-187.390
G1 X113.912 Y-190.553
G1 X112.905 Y-196.000
G1 X110.693 Y-201.649
G0 Z3.500
G0 X109.986 Y-199.919
G1 Z0.000 F1200
G1 X111.562 Y-194.149
G1 X112.145 Y-187.628
G1 X111.519 Y-181.577
G1 X109.916 Y-176.027
G1 X107.118 Y-170.229
G1 X103.673 Y-165.207
G1 X98.884 Y-159.971
G1 X93.541 Y-155.580
G0 Z3.500
G0 X93.313 Y-154.917
G1 Z0.000 F1200
G1 X98.642 Y-159.217
G1 X103.902 Y-164.748
G1 X108.287 Y-170.842
G1 X111.448 Y-176.984
G1 X113.360 Y-182.785
G1 X114.291 Y-189.029
G1 X114.008 Y-195.663
G1 X112.677 Y-201.453
G0 Z3.500
G0 X110.543 Y-199.511
G1 Z0.000 F1200
G1 X111.913 Y-200.489
G1 X112.304 Y-199.902
G1 X111.717 Y-203.034
G1 X110.935 Y-204.600
G1 X109.174 Y-206.558
G1 X109.174 Y-205.775
G1 X108.587 Y-205.971
G1 X106.630 Y-208.124
G1 X108.587 Y-205.971
G1 X109.565 Y-205.971
G1 X110.935 Y-204.600
G1 X111.717 Y-203.034
G1 X111.913 Y-201.664
G1 X111.326 Y-201.077
G1 X111.913 Y-201.468
G1 X112.109 Y-200.685
G1 X110.348 Y-199.315
G0 Z3.500
G0 X107.509 Y-200.575
G1 Z0.000 F1200
G1 X108.868 Y-196.570
G1 X109.819 Y-192.686
G1 X110.391 Y-188.934
G1 X110.609 Y-185.322
G1 X110.096 Y-178.558
G1 X109.419 Y-175.426
G1 X108.141 Y-171.529
G1 X106.935 Y-168.829
G1 X105.050 Y-165.543
G1 X102.907 Y-162.638
G1 X100.571 Y-160.136
G1 X98.104 Y-158.060
G1 X95.572 Y-156.432
G1 X92.413 Y-155.062
G1 X89.969 Y-154.526
G0 Z3.500
G0 X90.130 Y-154.389
G1 Z0.000 F1200
G1 X87.448 Y-158.319
G1 X85.158 Y-163.490
G1 X83.400 Y-169.697
G1 X82.407 Y-175.820
G1 X82.024 Y-182.446
G1 X82.342 Y-189.440
G1 X83.245 Y-195.624
G1 X84.791 Y-201.892
G0 Z3.500
G0 X85.011 Y-201.374
G1 Z0.000 F1200
G1 X84.143 Y-204.383
G0 Z3.500
G0 X84.170 Y-204.543
G1 Z0.000 F1200
G1 X81.340 Y-201.840
G0 Z3.500
G0 X81.385 Y-201.767
G1 Z0.000 F1200
G1 X79.848 Y-197.282
G1 X79.043 Y-191.948
G1 X78.909 Y-185.008
G1 X79.510 Y-177.697
G1 X80.707 Y-170.438
G1 X82.623 Y-162.745
G1 X84.925 Y-156.300
G1 X87.403 Y-151.733
G0 Z3.500
G0 X87.541 Y-151.764
G1 Z0.000 F1200
G1 X85.015 Y-156.714
G1 X82.952 Y-162.841
G1 X81.253 Y-170.198
G1 X80.210 Y-177.348
G1 X79.713 Y-184.897
G1 X79.814 Y-191.493
G1 X80.486 Y-198.037
G1 X81.805 Y-204.369
G0 Z3.500
G0 X81.890 Y-204.456
G1 Z0.000 F1200
G1 X80.828 Y-198.612
G1 X80.334 Y-192.603
G1 X80.345 Y-186.520
G1 X80.913 Y-179.453
G1 X81.982 Y-172.556
G1 X83.691 Y-165.070
G1 X85.775 Y-158.216
G1 X88.383 Y-151.530
G0 Z3.500
G0 X89.421 Y-151.807
G1 Z0.000 F1200
G1 X86.918 Y-155.596
G1 X84.370 Y-161.431
G1 X82.307 Y-168.428
G1 X81.026 Y-175.142
G1 X80.345 Y-182.085
G1 X80.371 Y-188.948
G1 X81.209 Y-195.423
G1 X82.655 Y-200.430
G0 Z3.500
G0 X82.127 Y-200.546
G1 Z0.000 F1200
G1 X80.376 Y-206.561
G0 Z3.500
G0 X80.408 Y-206.124
G1 Z0.000 F1200
G1 X82.842 Y-198.682
G0 Z3.500
G0 X83.088 Y-197.938
G1 Z0.000 F1200
G1 X84.316 Y-194.221
G0 Z3.500
G0 X84.090 Y-193.778
G1 Z0.000 F1200
G1 X82.346 Y-199.794
G0 Z3.500
G0 X81.783 Y-199.315
G1 Z0.000 F1200
G1 X82.565 Y-199.119
G1 X83.152 Y-199.706
G1 X83.935 Y-202.251
G1 X83.739 Y-203.230
G1 X81.391 Y-200.881
G1 X80.609 Y-200.685
G1 X81.587 Y-199.511
G0 Z3.500
G0 X81.978 Y-200.636
G1 Z0.000 F1200
G1 X80.644 Y-195.859
G1 X79.697 Y-190.144
G1 X79.369 Y-184.486
G1 X79.564 Y-178.927
G1 X80.323 Y-172.621
G1 X81.506 Y-166.572
G1 X83.181 Y-160.058
G1 X85.852 Y-151.290
G0 Z3.500
G0 X85.916 Y-151.505
G1 Z0.000 F1200
G1 X82.014 Y-166.494
G1 X79.317 Y-180.814
G1 X78.573 Y-187.263
G1 X78.317 Y-192.386
G1 X78.490 Y-196.957
G1 X79.014 Y-200.223
G0 Z3.500
G0 X79.224 Y-200.336
G1 Z0.000 F1200
G1 X78.217 Y-196.726
G1 X77.628 Y-191.833
G1 X77.626 Y-186.469
G1 X78.245 Y-179.814
G1 X79.393 Y-172.954
G1 X81.166 Y-165.166
G1 X83.224 Y-157.770
G1 X85.864 Y-149.613
G0 Z3.500
G0 X85.356 Y-148.649
G1 Z0.000 F1200
G1 X83.340 Y-154.635
G1 X81.273 Y-162.443
G1 X79.630 Y-170.464
G1 X78.513 Y-177.998
G1 X77.839 Y-185.741
G1 X77.719 Y-192.345
G1 X78.113 Y-198.747
G1 X78.897 Y-203.808
G0 Z3.500
G0 X78.288 Y-203.788
G1 Z0.000 F1200
G1 X81.205 Y-194.856
G0 Z3.500
G0 X81.196 Y-195.008
G1 Z0.000 F1200
G1 X81.783 Y-194.812
G1 X82.565 Y-195.595
G1 X82.957 Y-196.770
G1 X82.761 Y-197.162
G1 X81.587 Y-196.574
G1 X81.196 Y-195.204
G0 Z3.500
G0 X81.431 Y-194.982
G1 Z0.000 F1200
G1 X76.954 Y-190.602
G0 Z3.500
G0 X77.093 Y-190.956
G1 Z0.000 F1200
G1 X77.964 Y-187.948
G0 Z3.500
G0 X78.256 Y-188.552
G1 Z0.000 F1200
G1 X75.837 Y-191.630
G0 Z3.500
G0 X76.344 Y-192.362
G1 Z0.000 F1200
G1 X79.703 Y-195.645
G0 Z3.500
G0 X80.263 Y-196.192
G1 Z0.000 F1200
G1 X84.197 Y-200.007
G0 Z3.500
G0 X84.912 Y-199.718
G1 Z0.000 F1200
G1 X81.556 Y-204.051
G0 Z3.500
G0 X81.332 Y-204.102
G1 Z0.000 F1200
G1 X78.501 Y-201.399
G0 Z3.500
G0 X77.935 Y-200.859
G1 Z0.000 F1200
G1 X72.850 Y-195.982
G0 Z3.500
G0 X73.917 Y-195.978
G1 Z0.000 F1200
G1 X73.480 Y-194.243
G1 X73.338 Y-191.437
G1 X74.164 Y-184.037
G1 X82.678 Y-145.395
G0 Z3.500
G0 X82.635 Y-145.308
G1 Z0.000 F1200
G1 X74.194 Y-180.231
G1 X72.655 Y-188.718
G1 X72.252 Y-194.116
G0 Z3.500
G0 X71.777 Y-193.431
G1 Z0.000 F1200
G1 X70.811 Y-195.354
G1 X69.818 Y-198.539
G1 X69.304 Y-202.041
G1 X69.196 Y-205.811
G1 X69.901 Y-213.950
G1 X73.159 Y-232.647
G1 X74.056 Y-239.556
G1 X74.230 Y-245.953
G1 X73.337 Y-251.605
G0 Z3.500
G0 X73.650 Y-251.877
G1 Z0.000 F1200
G1 X75.390 Y-245.860
G0 Z3.500
G0 X75.606 Y-245.107
G1 Z0.000 F1200
G1 X76.675 Y-241.341
G0 Z3.500
G0 X76.858 Y-241.427
G1 Z0.000 F1200
G1 X80.241 Y-244.685
G0 Z3.500
G0 X80.804 Y-245.230
G1 Z0.000 F1200
G1 X86.408 Y-250.695
G0 Z3.500
G0 X86.339 Y-250.630
G1 Z0.000 F1200
G1 X87.877 Y-245.369
G0 Z3.500
G0 X88.097 Y-244.618
G1 Z0.000 F1200
G1 X89.409 Y-240.107
G0 Z3.500
G0 X89.364 Y-239.742
G1 Z0.000 F1200
G1 X93.884 Y-244.076
G0 Z3.500
G0 X94.461 Y-244.000
G1 Z0.000 F1200
G1 X93.399 Y-247.768
G0 Z3.500
G0 X91.977 Y-247.360
G1 Z0.000 F1200
G1 X93.047 Y-243.594
G0 Z3.500
G0 X93.260 Y-242.840
G1 Z0.000 F1200
G1 X93.896 Y-240.579
G0 Z3.500
G0 X93.522 Y-240.816
G1 Z0.000 F1200
G1 X93.913 Y-240.620
G1 X94.500 Y-241.207
G1 X94.500 Y-241.794
G1 X93.326 Y-242.969
G1 X91.957 Y-242.969
G1 X91.761 Y-242.577
G1 X93.326 Y-241.011
G0 Z3.500
G0 X93.332 Y-241.267
G1 Z0.000 F1200
G1 X88.274 Y-236.362
G0 Z3.500
G0 X88.841 Y-236.685
G1 Z0.000 F1200
G1 X89.922 Y-232.922
G0 Z3.500
G0 X90.137 Y-232.169
G1 Z0.000 F1200
G1 X91.628 Y-226.895
G0 Z3.500
G0 X91.839 Y-226.141
G1 Z0.000 F1200
G1 X92.683 Y-223.125
G0 Z3.500
G0 X92.894 Y-222.371
G1 Z0.000 F1200
G1 X93.738 Y-219.355
G0 Z3.500
G0 X93.950 Y-218.601
G1 Z0.000 F1200
G1 X95.443 Y-213.327
G0 Z3.500
G0 X94.912 Y-212.576
G1 Z0.000 F1200
G1 X97.157 Y-214.759
G0 Z3.500
G0 X96.229 Y-215.996
G1 Z0.000 F1200
G1 X95.370 Y-219.008
G0 Z3.500
G0 X95.156 Y-219.762
G1 Z0.000 F1200
G1 X93.462 Y-225.792
G0 Z3.500
G0 X93.409 Y-225.240
G1 Z0.000 F1200
G1 X88.072 Y-231.999
G0 Z3.500
G0 X87.652 Y-231.615
G1 Z0.000 F1200
G1 X89.022 Y-231.419
G1 X90.587 Y-233.964
G1 X92.935 Y-234.943
G1 X94.109 Y-236.117
G1 X95.478 Y-236.313
G1 X96.652 Y-235.726
G1 X98.804 Y-238.075
G1 X96.848 Y-235.726
G1 X98.022 Y-235.530
G1 X99.587 Y-237.096
G1 X99.391 Y-237.684
G1 X99.978 Y-237.488
G1 X98.022 Y-235.530
G1 X98.413 Y-235.139
G1 X99.196 Y-235.139
G1 X100.370 Y-236.117
G1 X101.739 Y-238.075
G1 X102.913 Y-240.816
G1 X103.500 Y-243.165
G1 X103.304 Y-244.731
G1 X102.130 Y-245.710
G1 X101.543 Y-245.710
G1 X99.978 Y-243.948
G1 X100.957 Y-242.969
G1 X100.565 Y-242.773
G1 X100.565 Y-242.186
G1 X100.565 Y-243.165
G1 X99.783 Y-243.948
G1 X98.804 Y-243.948
G1 X98.217 Y-243.361
G1 X96.848 Y-243.165
G1 X96.652 Y-242.186
G1 X95.674 Y-240.816
G1 X96.652 Y-242.186
G1 X96.457 Y-243.165
G1 X93.717 Y-243.165
G1 X93.522 Y-242.773
G1 X94.500 Y-241.794
G1 X94.500 Y-241.207
G1 X93.913 Y-240.620
G1 X91.761 Y-242.577
G1 X91.370 Y-243.361
G1 X89.413 Y-241.599
G1 X88.239 Y-241.011
G1 X87.065 Y-239.250
G1 X85.500 Y-238.467
G1 X83.348 Y-236.313
G1 X87.457 Y-231.811
G0 Z3.500
G0 X87.587 Y-232.613
G1 Z0.000 F1200
G1 X84.205 Y-236.925
G0 Z3.500
G0 X83.723 Y-237.542
G1 Z0.000 F1200
G1 X79.888 Y-242.494
G0 Z3.500
G0 X80.413 Y-242.969
G1 Z0.000 F1200
G1 X80.609 Y-242.773
G1 X81.783 Y-243.752
G1 X81.783 Y-244.535
G1 X81.196 Y-245.122
G1 X80.413 Y-244.339
G1 X80.413 Y-243.165
G0 Z3.500
G0 X80.826 Y-242.951
G1 Z0.000 F1200
G1 X77.434 Y-239.703
G0 Z3.500
G0 X77.211 Y-240.401
G1 Z0.000 F1200
G1 X81.988 Y-234.198
G0 Z3.500
G0 X81.391 Y-234.356
G1 Z0.000 F1200
G1 X82.174 Y-234.160
G1 X83.348 Y-236.117
G1 X82.565 Y-236.900
G1 X80.804 Y-236.900
G1 X80.609 Y-237.096
G1 X82.565 Y-237.096
G1 X81.783 Y-237.879
G1 X81.000 Y-238.075
G1 X79.435 Y-239.641
G1 X78.457 Y-238.858
G1 X78.457 Y-238.467
G1 X81.196 Y-234.551
G0 Z3.500
G0 X80.413 Y-233.573
G1 Z0.000 F1200
G1 X78.457 Y-235.726
G1 X79.043 Y-236.900
G1 X79.826 Y-236.705
G1 X79.826 Y-236.117
G1 X81.587 Y-234.160
G1 X81.196 Y-233.181
G1 X80.609 Y-233.377
G0 Z3.500
G0 X80.649 Y-233.152
G1 Z0.000 F1200
G1 X85.912 Y-226.336
G0 Z3.500
G0 X86.393 Y-225.718
G1 Z0.000 F1200
G1 X89.288 Y-222.019
G0 Z3.500
G0 X89.772 Y-221.403
G1 Z0.000 F1200
G1 X94.137 Y-215.872
G0 Z3.500
G0 X94.622 Y-215.258
G1 Z0.000 F1200
G1 X96.559 Y-212.798
G0 Z3.500
G0 X95.188 Y-211.725
G1 Z0.000 F1200
G1 X96.641 Y-209.881
G0 Z3.500
G0 X95.500 Y-210.839
G1 Z0.000 F1200
G1 X93.241 Y-208.672
G0 Z3.500
G0 X92.675 Y-208.130
G1 Z0.000 F1200
G1 X88.148 Y-203.803
G0 Z3.500
G0 X87.583 Y-203.262
G1 Z0.000 F1200
G1 X84.760 Y-200.550
G0 Z3.500
G0 X85.227 Y-200.621
G1 Z0.000 F1200
G1 X86.301 Y-196.856
G0 Z3.500
G0 X86.445 Y-196.560
G1 Z0.000 F1200
G1 X85.463 Y-199.534
G0 Z3.500
G0 X85.390 Y-199.098
G1 Z0.000 F1200
G1 X87.298 Y-196.615
G0 Z3.500
G0 X86.870 Y-196.966
G1 Z0.000 F1200
G1 X91.957 Y-203.426
G1 X92.348 Y-204.405
G1 X94.109 Y-205.383
G1 X93.326 Y-205.383
G1 X93.522 Y-205.971
G1 X93.326 Y-204.992
G1 X92.348 Y-204.405
G1 X91.957 Y-203.426
G1 X86.674 Y-196.770
G0 Z3.500
G0 X86.518 Y-197.602
G1 Z0.000 F1200
G1 X83.720 Y-194.864
G0 Z3.500
G0 X83.161 Y-194.316
G1 Z0.000 F1200
G1 X76.996 Y-188.305
G0 Z3.500
G0 X76.404 Y-188.099
G1 Z0.000 F1200
G1 X81.734 Y-181.335
G0 Z3.500
G0 X81.589 Y-181.291
G1 Z0.000 F1200
G1 X78.770 Y-178.576
G0 Z3.500
G0 X79.153 Y-178.513
G1 Z0.000 F1200
G1 X78.493 Y-180.768
G0 Z3.500
G0 X77.030 Y-181.149
G1 Z0.000 F1200
G1 X79.489 Y-173.715
G0 Z3.500
G0 X79.733 Y-172.971
G1 Z0.000 F1200
G1 X82.398 Y-164.781
G0 Z3.500
G0 X82.638 Y-164.036
G1 Z0.000 F1200
G1 X84.311 Y-158.816
G0 Z3.500
G0 X82.565 Y-159.967
G1 Z0.000 F1200
G1 X81.783 Y-161.533
G1 X78.652 Y-171.713
G1 X77.870 Y-178.760
G1 X78.652 Y-171.713
G1 X82.370 Y-160.163
G0 Z3.500
G0 X87.704 Y-154.591
G1 Z0.000 F1200
G1 X86.751 Y-155.815
G1 X85.815 Y-157.670
G1 X84.089 Y-162.956
G1 X82.717 Y-169.816
G1 X81.893 Y-177.617
G1 X81.773 Y-184.717
G1 X82.218 Y-190.670
G1 X83.257 Y-196.217
G1 X84.968 Y-201.093
G0 Z3.500
G0 X85.217 Y-200.277
G1 Z0.000 F1200
G1 X82.529 Y-208.460
G0 Z3.500
G0 X82.819 Y-208.019
G1 Z0.000 F1200
G1 X78.495 Y-213.582
G0 Z3.500
G0 X78.432 Y-213.334
G1 Z0.000 F1200
G1 X80.159 Y-207.313
G0 Z3.500
G0 X81.320 Y-206.369
G1 Z0.000 F1200
G1 X85.820 Y-210.724
G0 Z3.500
G0 X86.381 Y-211.271
G1 Z0.000 F1200
G1 X91.414 Y-216.201
G0 Z3.500
G0 X91.972 Y-216.749
G1 Z0.000 F1200
G1 X95.888 Y-220.582
G0 Z3.500
G0 X96.368 Y-220.924
G1 Z0.000 F1200
G1 X95.512 Y-223.937
G0 Z3.500
G0 X95.299 Y-224.690
G1 Z0.000 F1200
G1 X93.607 Y-230.721
G0 Z3.500
G0 X93.396 Y-231.475
G1 Z0.000 F1200
G1 X91.701 Y-237.506
G0 Z3.500
G0 X91.487 Y-238.259
G1 Z0.000 F1200
G1 X90.411 Y-242.023
G0 Z3.500
G0 X90.194 Y-242.776
G1 Z0.000 F1200
G1 X89.104 Y-246.536
G0 Z3.500
G0 X89.327 Y-246.543
G1 Z0.000 F1200
G1 X94.389 Y-251.444
G0 Z3.500
G0 X93.884 Y-250.922
G1 Z0.000 F1200
G1 X94.518 Y-248.852
G1 X95.075 Y-245.467
G1 X95.143 Y-239.184
G1 X94.447 Y-232.272
G1 X91.805 Y-214.312
G1 X91.263 Y-208.253
G1 X91.160 Y-203.791
G1 X91.401 Y-199.447
G1 X92.066 Y-195.265
G1 X93.231 Y-191.288
G1 X94.325 Y-188.771
G0 Z3.500
G0 X94.267 Y-189.125
G1 Z0.000 F1200
G1 X93.173 Y-191.596
G1 X92.007 Y-195.518
G1 X91.342 Y-199.664
G1 X91.100 Y-203.996
G1 X91.574 Y-213.070
G1 X94.385 Y-233.354
G1 X95.081 Y-240.886
G1 X95.012 Y-248.002
G1 X94.454 Y-252.001
G1 X93.819 Y-254.530
G0 Z3.500
G0 X92.561 Y-254.589
G1 Z0.000 F1200
G1 X93.182 Y-252.052
G1 X93.721 Y-248.046
G1 X93.763 Y-240.933
G1 X93.045 Y-233.437
G1 X90.185 Y-213.500
G1 X89.685 Y-204.761
G1 X89.913 Y-200.650
G1 X90.561 Y-196.764
G1 X91.708 Y-193.144
G1 X92.788 Y-190.898
G0 Z3.500
G0 X91.039 Y-190.884
G1 Z0.000 F1200
G1 X92.328 Y-186.366
G0 Z3.500
G0 X93.504 Y-185.854
G1 Z0.000 F1200
G1 X87.872 Y-180.418
G0 Z3.500
G0 X89.195 Y-180.211
G1 Z0.000 F1200
G1 X85.838 Y-184.543
G0 Z3.500
G0 X85.357 Y-185.160
G1 Z0.000 F1200
G1 X80.520 Y-191.316
G0 Z3.500
G0 X80.035 Y-191.931
G1 Z0.000 F1200
G1 X76.639 Y-196.232
G0 Z3.500
G0 X77.229 Y-195.883
G1 Z0.000 F1200
G1 X78.752 Y-190.617
G0 Z3.500
G0 X77.087 Y-190.114
G1 Z0.000 F1200
G1 X76.891 Y-191.093
G1 X77.478 Y-191.485
G1 X78.065 Y-190.506
G1 X77.478 Y-189.723
G1 X77.087 Y-189.918
G0 Z3.500
G0 X76.877 Y-191.709
G1 Z0.000 F1200
G1 X75.163 Y-197.734
G0 Z3.500
G0 X75.084 Y-198.422
G1 Z0.000 F1200
G1 X74.833 Y-194.634
G1 X74.998 Y-189.584
G1 X76.535 Y-178.390
G1 X79.621 Y-164.773
G1 X84.451 Y-147.749
G0 Z3.500
G0 X84.685 Y-147.730
G1 Z0.000 F1200
G1 X82.323 Y-155.167
G1 X80.095 Y-163.450
G1 X78.289 Y-171.608
G1 X77.018 Y-179.037
G1 X76.274 Y-185.413
G1 X75.943 Y-191.620
G1 X76.117 Y-197.493
G1 X76.712 Y-202.013
G0 Z3.500
G0 X76.228 Y-201.499
G1 Z0.000 F1200
G1 X80.755 Y-205.827
G0 Z3.500
G0 X81.075 Y-204.668
G1 Z0.000 F1200
G1 X76.237 Y-210.823
G0 Z3.500
G0 X76.020 Y-211.013
G1 Z0.000 F1200
G1 X75.176 Y-214.029
G0 Z3.500
G0 X75.671 Y-214.355
G1 Z0.000 F1200
G1 X71.304 Y-219.885
G0 Z3.500
G0 X70.820 Y-220.500
G1 Z0.000 F1200
G1 X66.003 Y-226.671
G0 Z3.500
G0 X65.341 Y-226.685
G1 Z0.000 F1200
G1 X66.866 Y-221.420
G0 Z3.500
G0 X67.085 Y-220.668
G1 Z0.000 F1200
G1 X68.618 Y-215.406
G0 Z3.500
G0 X68.193 Y-215.465
G1 Z0.000 F1200
G1 X64.848 Y-219.806
G0 Z3.500
G0 X64.371 Y-220.427
G1 Z0.000 F1200
G1 X61.504 Y-224.148
G0 Z3.500
G0 X61.687 Y-224.456
G1 Z0.000 F1200
G1 X57.769 Y-220.625
G0 Z3.500
G0 X57.208 Y-220.079
G1 Z0.000 F1200
G1 X54.397 Y-217.356
G0 Z3.500
G0 X53.833 Y-216.812
G1 Z0.000 F1200
G1 X48.176 Y-211.401
G0 Z3.500
G0 X47.916 Y-211.910
G1 Z0.000 F1200
G1 X49.226 Y-207.399
G0 Z3.500
G0 X49.328 Y-207.954
G1 Z0.000 F1200
G1 X54.990 Y-213.360
G0 Z3.500
G0 X55.339 Y-213.225
G1 Z0.000 F1200
G1 X53.829 Y-218.494
G0 Z3.500
G0 X53.612 Y-219.246
G1 Z0.000 F1200
G1 X51.861 Y-225.261
G0 Z3.500
G0 X50.633 Y-224.094
G1 Z0.000 F1200
G1 X52.605 Y-217.328
G0 Z3.500
G0 X52.115 Y-217.465
G1 Z0.000 F1200
G1 X56.042 Y-221.287
G0 Z3.500
G0 X56.543 Y-220.848
G1 Z0.000 F1200
G1 X56.348 Y-221.827
G1 X55.565 Y-222.414
G1 X55.565 Y-222.806
G1 X57.326 Y-223.002
G1 X58.304 Y-223.980
G1 X58.891 Y-221.827
G1 X57.913 Y-220.848
G1 X56.935 Y-220.457
G1 X56.543 Y-220.653
G0 Z3.500
G0 X56.953 Y-221.584
G1 Z0.000 F1200
G1 X62.259 Y-214.801
G0 Z3.500
G0 X62.738 Y-214.182
G1 Z0.000 F1200
G1 X65.128 Y-211.082
G0 Z3.500
G0 X65.605 Y-210.462
G1 Z0.000 F1200
G1 X67.036 Y-208.599
G0 Z3.500
G0 X67.990 Y-207.357
G1 Z0.000 F1200
G1 X70.857 Y-203.636
G0 Z3.500
G0 X71.336 Y-203.017
G1 Z0.000 F1200
G1 X76.155 Y-196.847
G0 Z3.500
G0 X75.694 Y-196.416
G1 Z0.000 F1200
G1 X74.008 Y-194.782
G0 Z3.500
G0 X74.384 Y-195.066
G1 Z0.000 F1200
G1 X73.116 Y-199.590
G0 Z3.500
G0 X73.950 Y-197.846
G1 Z0.000 F1200
G1 X73.636 Y-194.237
G1 X73.721 Y-190.297
G1 X75.067 Y-180.641
G1 X77.568 Y-169.950
G1 X84.719 Y-143.882
G0 Z3.500
G0 X83.624 Y-144.538
G1 Z0.000 F1200
G1 X81.199 Y-155.414
G1 X74.077 Y-183.896
G1 X72.967 Y-190.258
G1 X72.902 Y-194.725
G0 Z3.500
G0 X73.911 Y-194.100
G1 Z0.000 F1200
G1 X71.037 Y-197.815
G0 Z3.500
G0 X70.560 Y-198.435
G1 Z0.000 F1200
G1 X65.790 Y-204.644
G0 Z3.500
G0 X65.457 Y-204.724
G1 Z0.000 F1200
G1 X66.770 Y-200.213
G0 Z3.500
G0 X67.314 Y-199.873
G1 Z0.000 F1200
G1 X62.525 Y-206.066
G0 Z3.500
G0 X62.479 Y-206.728
G1 Z0.000 F1200
G1 X57.438 Y-201.805
G0 Z3.500
G0 X57.102 Y-201.512
G1 Z0.000 F1200
G1 X55.834 Y-206.036
G0 Z3.500
G0 X55.174 Y-206.166
G1 Z0.000 F1200
G1 X56.348 Y-205.971
G1 X56.935 Y-206.558
G1 X56.935 Y-207.537
G1 X57.522 Y-208.124
G1 X56.152 Y-209.299
G1 X55.761 Y-209.299
G1 X54.978 Y-208.320
G1 X54.978 Y-207.341
G1 X54.391 Y-206.754
G1 X54.978 Y-206.166
G0 Z3.500
G0 X55.051 Y-206.533
G1 Z0.000 F1200
G1 X51.129 Y-202.706
G0 Z3.500
G0 X51.457 Y-202.838
G1 Z0.000 F1200
G1 X50.674 Y-205.188
G1 X51.457 Y-205.971
G1 X52.043 Y-205.383
G1 X52.435 Y-204.209
G1 X52.239 Y-202.643
G1 X51.652 Y-202.643
G0 Z3.500
G0 X52.043 Y-202.055
G1 Z0.000 F1200
G1 X52.435 Y-203.426
G1 X53.022 Y-203.034
G1 X53.217 Y-202.251
G1 X52.239 Y-201.664
G1 X52.043 Y-201.860
G0 Z3.500
G0 X51.739 Y-200.946
G1 Z0.000 F1200
G1 X56.779 Y-205.869
G0 Z3.500
G0 X57.339 Y-206.416
G1 Z0.000 F1200
G1 X61.268 Y-210.236
G0 Z3.500
G0 X61.239 Y-210.082
G1 Z0.000 F1200
G1 X61.630 Y-209.886
G1 X62.022 Y-210.277
G1 X61.826 Y-212.235
G1 X61.043 Y-213.018
G1 X59.870 Y-213.018
G1 X59.674 Y-210.865
G1 X61.043 Y-210.277
G0 Z3.500
G0 X60.993 Y-210.831
G1 Z0.000 F1200
G1 X65.312 Y-205.264
G0 Z3.500
G0 X65.238 Y-205.476
G1 Z0.000 F1200
G1 X63.929 Y-209.988
G0 Z3.500
G0 X64.717 Y-208.917
G1 Z0.000 F1200
G1 X63.038 Y-207.275
G0 Z3.500
G0 X62.043 Y-206.683
G1 Z0.000 F1200
G1 X59.143 Y-210.378
G0 Z3.500
G0 X59.551 Y-210.888
G1 Z0.000 F1200
G1 X55.612 Y-207.078
G0 Z3.500
G0 X55.622 Y-206.790
G1 Z0.000 F1200
G1 X54.340 Y-211.310
G0 Z3.500
G0 X54.454 Y-210.687
G1 Z0.000 F1200
G1 X48.672 Y-218.092
G0 Z3.500
G0 X49.057 Y-218.754
G1 Z0.000 F1200
G1 X50.807 Y-212.740
G0 Z3.500
G0 X51.026 Y-211.988
G1 Z0.000 F1200
G1 X52.769 Y-205.971
G0 Z3.500
G0 X52.985 Y-205.219
G1 Z0.000 F1200
G1 X53.845 Y-202.207
G0 Z3.500
G0 X53.217 Y-202.251
G1 Z0.000 F1200
G1 X54.000 Y-202.251
G1 X54.196 Y-203.426
G1 X52.630 Y-204.405
G1 X52.435 Y-203.426
G1 X53.022 Y-203.034
G1 X53.022 Y-202.447
G0 Z3.500
G0 X54.059 Y-201.454
G1 Z0.000 F1200
G1 X55.755 Y-195.424
G0 Z3.500
G0 X55.361 Y-195.498
G1 Z0.000 F1200
G1 X51.527 Y-200.450
G0 Z3.500
G0 X53.351 Y-200.882
G1 Z0.000 F1200
G1 X50.002 Y-205.220
G0 Z3.500
G0 X49.918 Y-206.215
G1 Z0.000 F1200
G1 X54.431 Y-210.556
G0 Z3.500
G0 X54.938 Y-210.072
G1 Z0.000 F1200
G1 X58.336 Y-205.773
G0 Z3.500
G0 X58.109 Y-205.579
G1 Z0.000 F1200
G1 X59.283 Y-205.383
G1 X60.261 Y-206.362
G1 X58.500 Y-208.124
G1 X57.717 Y-208.320
G1 X56.935 Y-207.537
G1 X56.935 Y-206.558
G1 X56.348 Y-205.775
G1 X57.913 Y-205.579
G0 Z3.500
G0 X58.821 Y-205.158
G1 Z0.000 F1200
G1 X61.729 Y-201.469
G0 Z3.500
G0 X62.213 Y-200.854
G1 Z0.000 F1200
G1 X64.622 Y-197.768
G0 Z3.500
G0 X65.102 Y-197.150
G1 Z0.000 F1200
G1 X69.882 Y-190.950
G0 Z3.500
G0 X71.035 Y-190.960
G1 Z0.000 F1200
G1 X70.088 Y-193.197
G1 X69.121 Y-196.802
G1 X68.630 Y-200.664
G1 X68.542 Y-204.737
G1 X69.492 Y-214.795
G1 X72.608 Y-232.402
G1 X73.535 Y-239.286
G1 X73.746 Y-245.587
G1 X72.898 Y-251.088
G0 Z3.500
G0 X72.978 Y-250.799
G1 Z0.000 F1200
G1 X72.000 Y-251.778
G1 X72.196 Y-254.519
G1 X72.587 Y-254.910
G1 X75.326 Y-254.910
G1 X75.522 Y-250.995
G1 X75.130 Y-250.604
G1 X73.174 Y-250.604
G0 Z3.500
G0 X73.290 Y-249.633
G1 Z0.000 F1200
G1 X78.342 Y-254.543
G0 Z3.500
G0 X77.661 Y-254.710
G1 Z0.000 F1200
G1 X78.744 Y-248.135
G1 X78.723 Y-241.023
G1 X77.953 Y-233.586
G1 X74.978 Y-214.242
G1 X74.418 Y-206.079
G1 X74.611 Y-202.347
G1 X75.220 Y-198.907
G1 X76.323 Y-195.806
G1 X77.369 Y-193.949
G0 Z3.500
G0 X77.870 Y-194.421
G1 Z0.000 F1200
G1 X78.261 Y-194.225
G1 X79.239 Y-194.617
G1 X80.413 Y-196.770
G1 X80.413 Y-197.357
G1 X79.630 Y-197.553
G1 X79.239 Y-196.770
G1 X78.261 Y-196.183
G1 X78.848 Y-196.378
G1 X79.630 Y-197.553
G1 X78.848 Y-197.945
G1 X80.413 Y-197.553
G1 X81.587 Y-198.923
G1 X80.217 Y-198.923
G1 X79.826 Y-199.315
G1 X80.609 Y-200.489
G1 X79.239 Y-200.881
G1 X80.217 Y-200.685
G1 X80.217 Y-201.468
G1 X80.609 Y-200.685
G1 X81.391 Y-200.881
G1 X83.739 Y-203.230
G1 X84.130 Y-204.600
G1 X83.935 Y-205.971
G1 X80.022 Y-202.251
G1 X84.130 Y-206.166
G1 X84.913 Y-210.865
G1 X84.522 Y-212.039
G1 X84.522 Y-214.388
G1 X76.696 Y-206.558
G1 X75.522 Y-204.796
G1 X73.761 Y-203.034
G1 X71.609 Y-201.664
G1 X70.239 Y-201.468
G1 X69.457 Y-200.685
G1 X69.848 Y-199.902
G1 X72.000 Y-198.140
G1 X73.565 Y-197.945
G1 X75.326 Y-196.966
G1 X73.565 Y-197.945
G1 X72.196 Y-198.140
G1 X72.000 Y-197.357
G1 X72.783 Y-196.183
G1 X77.674 Y-194.617
G0 Z3.500
G0 X77.655 Y-194.818
G1 Z0.000 F1200
G1 X76.732 Y-196.564
G1 X75.796 Y-199.512
G1 X75.333 Y-202.810
G1 X75.269 Y-206.404
G1 X76.052 Y-214.268
G1 X79.460 Y-232.613
G1 X80.424 Y-239.435
G1 X80.678 Y-245.752
G1 X79.886 Y-251.315
G0 Z3.500
G0 X79.826 Y-252.170
G1 Z0.000 F1200
G1 X80.609 Y-251.974
G1 X81.000 Y-252.365
G1 X82.370 Y-252.561
G1 X80.022 Y-255.302
G1 X79.630 Y-255.106
G1 X79.630 Y-252.365
G0 Z3.500
G0 X79.126 Y-251.835
G1 Z0.000 F1200
G1 X83.459 Y-246.279
G0 Z3.500
G0 X83.943 Y-245.664
G1 Z0.000 F1200
G1 X88.312 Y-240.135
G0 Z3.500
G0 X88.798 Y-239.522
G1 Z0.000 F1200
G1 X91.709 Y-235.835
G0 Z3.500
G0 X92.193 Y-235.220
G1 Z0.000 F1200
G1 X97.005 Y-229.045
G0 Z3.500
G0 X97.292 Y-228.520
G1 Z0.000 F1200
G1 X95.799 Y-233.794
G0 Z3.500
G0 X95.478 Y-233.813
G1 Z0.000 F1200
G1 X99.778 Y-228.231
G0 Z3.500
G0 X100.255 Y-227.610
G1 Z0.000 F1200
G1 X102.162 Y-225.127
G0 Z3.500
G0 X101.777 Y-222.838
G1 Z0.000 F1200
G1 X97.483 Y-228.425
G0 Z3.500
G0 X98.100 Y-227.309
G1 Z0.000 F1200
G1 X102.060 Y-231.097
G0 Z3.500
G0 X101.176 Y-231.264
G1 Z0.000 F1200
G1 X101.833 Y-229.008
G0 Z3.500
G0 X102.069 Y-228.832
G1 Z0.000 F1200
G1 X99.241 Y-226.127
G0 Z3.500
G0 X99.160 Y-227.427
G1 Z0.000 F1200
G1 X98.077 Y-231.189
G0 Z3.500
G0 X99.685 Y-231.140
G1 Z0.000 F1200
G1 X95.388 Y-236.724
G0 Z3.500
G0 X94.909 Y-237.343
G1 Z0.000 F1200
G1 X90.572 Y-242.896
G0 Z3.500
G0 X90.088 Y-243.511
G1 Z0.000 F1200
G1 X87.174 Y-247.196
G0 Z3.500
G0 X86.870 Y-247.471
G1 Z0.000 F1200
G1 X87.261 Y-247.276
G1 X87.848 Y-247.863
G1 X87.848 Y-248.450
G1 X85.696 Y-250.408
G1 X84.913 Y-250.408
G1 X84.717 Y-249.625
G1 X86.674 Y-247.667
G0 Z3.500
G0 X86.688 Y-247.810
G1 Z0.000 F1200
G1 X83.287 Y-252.106
G0 Z3.500
G0 X82.822 Y-252.065
G1 Z0.000 F1200
G1 X81.118 Y-258.093
G0 Z3.500
G0 X80.777 Y-258.094
G1 Z0.000 F1200
G1 X84.659 Y-253.179
G0 Z3.500
G0 X84.032 Y-253.226
G1 Z0.000 F1200
G1 X82.744 Y-257.745
G0 Z3.500
G0 X83.116 Y-257.935
G1 Z0.000 F1200
G1 X86.521 Y-253.641
G0 Z3.500
G0 X87.065 Y-253.540
G1 Z0.000 F1200
G1 X86.478 Y-253.540
G1 X85.500 Y-254.519
G1 X85.500 Y-255.889
G1 X89.022 Y-256.281
G1 X89.413 Y-255.889
G1 X88.043 Y-254.323
G1 X88.043 Y-253.540
G1 X87.652 Y-253.148
G1 X87.261 Y-253.344
G0 Z3.500
G0 X87.125 Y-253.299
G1 Z0.000 F1200
G1 X85.812 Y-257.810
G0 Z3.500
G0 X85.464 Y-257.783
G1 Z0.000 F1200
G1 X90.313 Y-251.636
G0 Z3.500
G0 X90.364 Y-251.885
G1 Z0.000 F1200
G1 X90.984 Y-249.692
G1 X91.521 Y-246.147
G1 X91.560 Y-239.669
G1 X90.840 Y-232.666
G1 X87.976 Y-213.550
G1 X87.473 Y-205.072
G1 X87.699 Y-201.086
G1 X88.346 Y-197.330
G1 X89.491 Y-193.852
G1 X90.570 Y-191.710
G0 Z3.500
G0 X91.116 Y-191.650
G1 Z0.000 F1200
G1 X95.440 Y-186.087
G0 Z3.500
G0 X96.909 Y-186.835
G1 Z0.000 F1200
G1 X100.869 Y-190.624
G0 Z3.500
G0 X100.619 Y-190.917
G1 Z0.000 F1200
G1 X102.839 Y-186.556
G1 X104.277 Y-181.349
G1 X104.565 Y-176.284
G1 X103.708 Y-170.712
G1 X101.866 Y-165.683
G1 X98.956 Y-160.842
G1 X97.318 Y-158.867
G1 X95.214 Y-156.886
G1 X93.155 Y-155.512
G1 X91.616 Y-154.896
G0 Z3.500
G0 X91.212 Y-154.777
G1 Z0.000 F1200
G1 X97.322 Y-158.220
G1 X100.496 Y-160.641
G1 X102.975 Y-162.946
G1 X105.330 Y-165.596
G1 X107.493 Y-168.609
G1 X109.399 Y-172.003
G1 X110.620 Y-174.808
G1 X112.406 Y-181.121
G1 X113.131 Y-188.418
G1 X112.571 Y-196.760
G1 X110.963 Y-204.551
G0 Z3.500
G0 X110.378 Y-204.827
G1 Z0.000 F1200
G1 X111.992 Y-197.481
G1 X112.574 Y-189.385
G1 X111.879 Y-182.096
G1 X111.121 Y-178.761
G1 X109.743 Y-174.643
G1 X108.469 Y-171.803
G1 X106.502 Y-168.355
G1 X104.286 Y-165.300
G1 X101.885 Y-162.644
G1 X99.361 Y-160.394
G1 X96.132 Y-158.164
G1 X93.567 Y-156.854
G1 X90.487 Y-155.819
G0 Z3.500
G0 X90.478 Y-155.965
G1 Z0.000 F1200
G1 X93.158 Y-156.853
G1 X95.382 Y-158.009
G1 X98.154 Y-159.985
G1 X100.286 Y-161.969
G1 X102.272 Y-164.295
G1 X104.045 Y-166.947
G1 X106.443 Y-172.319
G1 X107.298 Y-175.780
G1 X107.643 Y-178.549
G1 X107.454 Y-184.505
G1 X105.909 Y-190.970
G1 X103.426 Y-196.708
G0 Z3.500
G0 X104.143 Y-197.219
G1 Z0.000 F1200
G1 X106.185 Y-192.256
G1 X107.339 Y-186.452
G1 X107.267 Y-180.884
G1 X105.894 Y-174.787
G1 X103.433 Y-169.233
G1 X99.687 Y-163.703
G1 X94.842 Y-158.736
G1 X89.968 Y-155.343
G0 Z3.500
G0 X90.376 Y-154.960
G1 Z0.000 F1200
G1 X97.187 Y-159.687
G1 X101.638 Y-163.871
G1 X105.020 Y-168.455
G1 X106.603 Y-171.535
G1 X107.577 Y-174.089
G1 X108.862 Y-179.890
G1 X109.090 Y-186.705
G1 X108.054 Y-194.649
G1 X106.075 Y-202.211
G0 Z3.500
G0 X106.281 Y-202.588
G1 Z0.000 F1200
G1 X106.915 Y-200.327
G0 Z3.500
G0 X107.102 Y-199.178
G1 Z0.000 F1200
G1 X103.285 Y-204.143
G0 Z3.500
G0 X104.233 Y-204.444
G1 Z0.000 F1200
G1 X105.504 Y-199.922
G0 Z3.500
G0 X105.184 Y-199.291
G1 Z0.000 F1200
G1 X107.648 Y-192.572
G1 X109.126 Y-185.388
G1 X109.221 Y-179.106
G1 X108.178 Y-173.667
G1 X105.846 Y-168.309
G1 X102.681 Y-163.924
G1 X98.012 Y-159.566
G1 X92.502 Y-155.922
G0 Z3.500
G0 X91.262 Y-155.871
G1 Z0.000 F1200
G1 X88.606 Y-159.728
G1 X86.296 Y-164.577
G1 X84.146 Y-171.102
G1 X82.755 Y-177.466
G1 X81.877 Y-184.252
G1 X81.565 Y-191.276
G1 X81.874 Y-198.358
G1 X82.855 Y-205.316
G0 Z3.500
G0 X82.909 Y-205.108
G1 Z0.000 F1200
G1 X86.729 Y-200.145
G0 Z3.500
G0 X85.915 Y-199.354
G1 Z0.000 F1200
G1 X89.857 Y-203.160
G0 Z3.500
G0 X90.422 Y-203.702
G1 Z0.000 F1200
G1 X94.381 Y-207.491
G0 Z3.500
G0 X94.218 Y-208.143
G1 Z0.000 F1200
G1 X92.510 Y-213.352
G0 Z3.500
G0 X92.630 Y-212.686
G1 Z0.000 F1200
G1 X95.990 Y-215.968
G0 Z3.500
G0 X95.993 Y-216.330
G1 Z0.000 F1200
G1 X92.601 Y-220.634
G0 Z3.500
G0 X93.044 Y-220.148
G1 Z0.000 F1200
G1 X88.566 Y-215.769
G0 Z3.500
G0 X88.043 Y-216.346
G1 Z0.000 F1200
G1 X91.370 Y-216.150
G1 X95.283 Y-220.065
G1 X95.870 Y-220.065
G1 X96.065 Y-220.848
G1 X94.304 Y-222.219
G1 X91.957 Y-222.219
G1 X91.174 Y-221.436
G1 X91.174 Y-220.848
G1 X87.457 Y-217.129
G1 X87.848 Y-216.542
G0 Z3.500
G0 X88.289 Y-216.977
G1 Z0.000 F1200
G1 X89.989 Y-210.948
G0 Z3.500
G0 X90.200 Y-210.194
G1 Z0.000 F1200
G1 X91.466 Y-205.669
G0 Z3.500
G0 X91.678 Y-204.915
G1 Z0.000 F1200
G1 X92.314 Y-202.654
G0 Z3.500
G0 X91.240 Y-202.677
G1 Z0.000 F1200
G1 X87.885 Y-207.010
G0 Z3.500
G0 X87.407 Y-207.630
G1 Z0.000 F1200
G1 X82.638 Y-213.839
G0 Z3.500
G0 X82.160 Y-214.459
G1 Z0.000 F1200
G1 X78.325 Y-219.410
G0 Z3.500
G0 X77.843 Y-220.028
G1 Z0.000 F1200
G1 X73.000 Y-226.179
G0 Z3.500
G0 X73.200 Y-226.496
G1 Z0.000 F1200
G1 X74.266 Y-222.728
G0 Z3.500
G0 X74.831 Y-223.237
G1 Z0.000 F1200
G1 X69.743 Y-218.363
G0 Z3.500
G0 X70.421 Y-218.201
G1 Z0.000 F1200
G1 X67.533 Y-221.905
G0 Z3.500
G0 X67.053 Y-222.524
G1 Z0.000 F1200
G1 X63.226 Y-227.482
G0 Z3.500
G0 X64.483 Y-227.196
G1 Z0.000 F1200
G1 X62.246 Y-225.004
G0 Z3.500
G0 X61.026 Y-224.768
G1 Z0.000 F1200
G1 X57.661 Y-229.094
G0 Z3.500
G0 X56.969 Y-229.170
G1 Z0.000 F1200
G1 X58.886 Y-222.389
G0 Z3.500
G0 X59.097 Y-221.635
G1 Z0.000 F1200
G1 X60.363 Y-217.111
G0 Z3.500
G0 X60.575 Y-216.357
G1 Z0.000 F1200
G1 X62.064 Y-211.082
G0 Z3.500
G0 X61.831 Y-210.780
G1 Z0.000 F1200
G1 X63.522 Y-212.410
G0 Z3.500
G0 X62.376 Y-213.598
G1 Z0.000 F1200
G1 X60.115 Y-211.431
G0 Z3.500
G0 X60.511 Y-211.447
G1 Z0.000 F1200
G1 X55.662 Y-217.594
G0 Z3.500
G0 X55.479 Y-218.153
G1 Z0.000 F1200
G1 X57.394 Y-211.371
G0 Z3.500
G0 X57.605 Y-210.617
G1 Z0.000 F1200
G1 X59.293 Y-204.585
G0 Z3.500
G0 X59.505 Y-203.831
G1 Z0.000 F1200
G1 X60.784 Y-199.310
G0 Z3.500
G0 X60.843 Y-199.783
G1 Z0.000 F1200
G1 X66.150 Y-193.001
G0 Z3.500
G0 X66.629 Y-192.382
G1 Z0.000 F1200
G1 X70.928 Y-186.799
G0 Z3.500
G0 X71.404 Y-186.178
G1 Z0.000 F1200
G1 X73.312 Y-183.694
G0 Z3.500
G0 X72.482 Y-183.964
G1 Z0.000 F1200
G1 X70.216 Y-181.802
G0 Z3.500
G0 X70.496 Y-181.732
G1 Z0.000 F1200
G1 X69.649 Y-184.747
G0 Z3.500
G0 X69.639 Y-183.527
G1 Z0.000 F1200
G1 X71.898 Y-185.696
G0 Z3.500
G0 X71.273 Y-184.399
G1 Z0.000 F1200
G1 X70.427 Y-187.414
G0 Z3.500
G0 X70.215 Y-188.168
G1 Z0.000 F1200
G1 X69.150 Y-191.935
G0 Z3.500
G0 X68.916 Y-192.168
G1 Z0.000 F1200
G1 X65.554 Y-188.887
G0 Z3.500
G0 X66.720 Y-189.609
G1 Z0.000 F1200
G1 X64.972 Y-195.624
G0 Z3.500
G0 X64.753 Y-196.376
G1 Z0.000 F1200
G1 X63.222 Y-201.639
G0 Z3.500
G0 X63.005 Y-202.391
G1 Z0.000 F1200
G1 X61.709 Y-206.907
G0 Z3.500
G0 X61.494 Y-207.660
G1 Z0.000 F1200
G1 X60.007 Y-212.935
G0 Z3.500
G0 X59.795 Y-213.689
G1 Z0.000 F1200
G1 X58.952 Y-216.706
G0 Z3.500
G0 X58.741 Y-217.460
G1 Z0.000 F1200
G1 X57.044 Y-223.490
G0 Z3.500
G0 X56.831 Y-224.243
G1 Z0.000 F1200
G1 X55.537 Y-228.759
G0 Z3.500
G0 X55.813 Y-228.642
G1 Z0.000 F1200
G1 X60.158 Y-223.096
G0 Z3.500
G0 X60.638 Y-222.478
G1 Z0.000 F1200
G1 X64.465 Y-217.519
G0 Z3.500
G0 X64.942 Y-216.898
G1 Z0.000 F1200
G1 X67.806 Y-213.175
G0 Z3.500
G0 X67.500 Y-213.605
G1 Z0.000 F1200
G1 X69.652 Y-213.605
G1 X76.696 Y-220.848
G1 X75.913 Y-221.631
G1 X74.543 Y-221.631
G1 X67.500 Y-214.584
G1 X67.500 Y-213.801
G0 Z3.500
G0 X68.672 Y-214.846
G1 Z0.000 F1200
G1 X71.557 Y-211.139
G0 Z3.500
G0 X71.533 Y-210.873
G1 Z0.000 F1200
G1 X76.019 Y-215.242
G0 Z3.500
G0 X76.377 Y-215.188
G1 Z0.000 F1200
G1 X78.077 Y-209.159
G0 Z3.500
G0 X78.291 Y-208.406
G1 Z0.000 F1200
G1 X79.371 Y-204.643
G0 Z3.500
G0 X79.084 Y-205.217
G1 Z0.000 F1200
G1 X78.495 Y-199.138
G1 X78.267 Y-191.997
G1 X78.491 Y-185.116
G1 X79.226 Y-177.543
G1 X80.362 Y-170.606
G1 X82.003 Y-163.655
G1 X84.079 Y-157.351
G1 X86.163 Y-152.967
G0 Z3.500
G0 X86.479 Y-153.614
G1 Z0.000 F1200
G1 X84.530 Y-158.981
G1 X82.819 Y-165.287
G1 X81.305 Y-172.605
G1 X80.272 Y-179.513
G1 X79.630 Y-186.600
G1 X79.478 Y-192.606
G1 X79.767 Y-198.366
G1 X80.568 Y-203.702
G0 Z3.500
G0 X80.318 Y-203.086
G1 Z0.000 F1200
G1 X78.972 Y-197.304
G1 X78.331 Y-191.285
G1 X78.309 Y-185.140
G1 X78.956 Y-177.959
G1 X80.198 Y-170.932
G1 X82.176 Y-163.317
G1 X84.558 Y-156.394
G1 X87.472 Y-149.761
G0 Z3.500
G0 X87.035 Y-149.767
G1 Z0.000 F1200
G1 X81.773 Y-165.769
G1 X80.208 Y-172.083
G1 X79.036 Y-178.675
G1 X78.378 Y-185.576
G1 X78.317 Y-191.764
G1 X78.800 Y-198.226
G1 X79.674 Y-203.834
G0 Z3.500
G0 X79.588 Y-203.891
G1 Z0.000 F1200
G1 X81.337 Y-197.876
G0 Z3.500
G0 X81.557 Y-197.124
G1 Z0.000 F1200
G1 X82.870 Y-192.613
G0 Z3.500
G0 X83.739 Y-192.839
G1 Z0.000 F1200
G1 X81.327 Y-195.921
G0 Z3.500
G0 X81.991 Y-195.529
G1 Z0.000 F1200
G1 X85.353 Y-198.808
G0 Z3.500
G0 X84.659 Y-197.199
G1 Z0.000 F1200
G1 X82.917 Y-203.216
G0 Z3.500
G0 X82.698 Y-203.968
G1 Z0.000 F1200
G1 X81.165 Y-209.231
G0 Z3.500
G0 X80.947 Y-209.983
G1 Z0.000 F1200
G1 X79.216 Y-216.003
G0 Z3.500
G0 X79.002 Y-216.756
G1 Z0.000 F1200
G1 X77.725 Y-221.277
G0 Z3.500
G0 X77.674 Y-220.848
G1 Z0.000 F1200
G1 X78.261 Y-220.653
G1 X78.848 Y-221.240
G1 X78.848 Y-227.504
G1 X76.500 Y-229.853
G1 X75.130 Y-229.853
G1 X74.348 Y-230.636
G1 X71.413 Y-230.636
G1 X70.630 Y-229.462
G1 X70.826 Y-224.568
G1 X72.783 Y-222.610
G1 X73.565 Y-222.414
G1 X74.348 Y-221.631
G1 X75.913 Y-221.631
G1 X76.696 Y-220.848
G1 X77.478 Y-220.848
G0 Z3.500
G0 X77.513 Y-222.031
G1 Z0.000 F1200
G1 X75.824 Y-228.063
G0 Z3.500
G0 X75.613 Y-228.817
G1 Z0.000 F1200
G1 X74.763 Y-231.832
G0 Z3.500
G0 X75.130 Y-231.811
G1 Z0.000 F1200
G1 X72.196 Y-234.747
G1 X72.391 Y-235.530
G1 X76.304 Y-231.811
G1 X75.717 Y-231.419
G1 X75.326 Y-231.615
G0 Z3.500
G0 X74.654 Y-232.438
G1 Z0.000 F1200
G1 X71.854 Y-229.703
G0 Z3.500
G0 X71.295 Y-229.155
G1 Z0.000 F1200
G1 X66.823 Y-224.770
G0 Z3.500
G0 X66.264 Y-224.223
G1 Z0.000 F1200
G1 X61.210 Y-219.314
G0 Z3.500
G0 X60.646 Y-218.771
G1 Z0.000 F1200
G1 X55.556 Y-213.900
G0 Z3.500
G0 X55.258 Y-215.291
G1 Z0.000 F1200
G1 X58.658 Y-210.993
G0 Z3.500
G0 X58.696 Y-211.452
G1 Z0.000 F1200
G1 X57.130 Y-211.843
G1 X57.326 Y-213.801
G1 X59.283 Y-213.605
G1 X59.674 Y-213.214
G1 X59.674 Y-211.452
G1 X58.891 Y-211.452
G0 Z3.500
G0 X58.304 Y-213.801
G1 Z0.000 F1200
G1 X59.283 Y-213.801
G1 X58.696 Y-217.716
G1 X57.326 Y-218.891
G1 X56.935 Y-220.261
G1 X55.565 Y-221.631
G1 X55.370 Y-222.414
G1 X54.587 Y-222.219
G1 X54.391 Y-221.436
G1 X54.196 Y-222.219
G1 X53.413 Y-222.219
G1 X51.652 Y-220.457
G1 X51.652 Y-219.869
G1 X52.826 Y-219.674
G1 X53.609 Y-220.457
G1 X54.978 Y-220.457
G1 X53.609 Y-220.457
G1 X53.022 Y-219.869
G1 X54.587 Y-218.303
G1 X54.587 Y-217.129
G1 X54.000 Y-216.346
G1 X54.587 Y-215.563
G1 X56.348 Y-214.976
G1 X57.522 Y-213.801
G1 X58.109 Y-213.801
G0 Z3.500
G0 X57.829 Y-213.799
G1 Z0.000 F1200
G1 X54.997 Y-211.097
G0 Z3.500
G0 X54.125 Y-212.062
G1 Z0.000 F1200
G1 X52.823 Y-216.577
G0 Z3.500
G0 X52.826 Y-216.737
G1 Z0.000 F1200
G1 X51.652 Y-219.282
G1 X51.848 Y-219.674
G1 X53.022 Y-219.674
G1 X54.587 Y-218.303
G1 X54.587 Y-217.129
G1 X54.000 Y-216.542
G1 X53.022 Y-216.737
G0 Z3.500
G0 X52.433 Y-216.063
G1 Z0.000 F1200
G1 X49.059 Y-220.382
G0 Z3.500
G0 X49.733 Y-222.188
G1 Z0.000 F1200
G1 X54.782 Y-227.101
G0 Z3.500
G0 X54.783 Y-225.742
G1 Z0.000 F1200
G1 X54.391 Y-226.134
G1 X54.587 Y-227.700
G1 X55.174 Y-228.287
G1 X55.957 Y-228.287
G1 X56.935 Y-227.308
G1 X57.717 Y-225.742
G1 X57.326 Y-225.351
G1 X54.978 Y-225.546
G0 Z3.500
G0 X53.089 Y-226.428
G1 Z0.000 F1200
G1 X54.399 Y-221.916
G0 Z3.500
G0 X54.000 Y-222.414
G1 Z0.000 F1200
G1 X55.174 Y-222.219
G1 X55.761 Y-223.002
G1 X55.761 Y-223.589
G1 X54.587 Y-224.763
G1 X54.000 Y-224.372
G1 X54.000 Y-222.610
G0 Z3.500
G0 X53.753 Y-221.405
G1 Z0.000 F1200
G1 X56.549 Y-224.143
G0 Z3.500
G0 X57.109 Y-224.691
G1 Z0.000 F1200
G1 X60.471 Y-227.971
G0 Z3.500
G0 X58.817 Y-228.071
G1 Z0.000 F1200
G1 X60.508 Y-222.040
G0 Z3.500
G0 X60.720 Y-221.286
G1 Z0.000 F1200
G1 X61.992 Y-216.763
G0 Z3.500
G0 X61.630 Y-216.542
G1 Z0.000 F1200
G1 X61.630 Y-217.129
G1 X62.413 Y-217.912
G1 X63.000 Y-217.325
G1 X63.196 Y-216.346
G1 X61.826 Y-216.346
G0 Z3.500
G0 X61.227 Y-217.042
G1 Z0.000 F1200
G1 X58.396 Y-214.340
G0 Z3.500
G0 X55.552 Y-212.472
G1 Z0.000 F1200
G1 X56.614 Y-208.704
G0 Z3.500
G0 X56.826 Y-207.950
G1 Z0.000 F1200
G1 X58.302 Y-202.671
G0 Z3.500
G0 X58.513 Y-201.917
G1 Z0.000 F1200
G1 X60.215 Y-195.889
G0 Z3.500
G0 X60.430 Y-195.136
G1 Z0.000 F1200
G1 X62.166 Y-189.117
G0 Z3.500
G0 X62.055 Y-189.800
G1 Z0.000 F1200
G1 X57.206 Y-195.946
G0 Z3.500
G0 X56.723 Y-196.562
G1 Z0.000 F1200
G1 X53.832 Y-200.264
G0 Z3.500
G0 X54.000 Y-198.140
G1 Z0.000 F1200
G1 X53.022 Y-198.923
G1 X53.217 Y-199.706
G1 X53.609 Y-199.511
G1 X52.630 Y-199.706
G1 X52.630 Y-200.489
G1 X53.609 Y-201.077
G1 X52.630 Y-200.685
G1 X52.239 Y-201.664
G1 X53.217 Y-202.251
G1 X54.391 Y-202.055
G1 X54.000 Y-202.643
G1 X54.391 Y-203.426
G1 X56.935 Y-203.034
G1 X58.891 Y-201.272
G1 X57.522 Y-199.119
G1 X56.152 Y-199.119
G1 X54.783 Y-197.945
G1 X54.196 Y-198.140
G0 Z3.500
G0 X53.498 Y-197.996
G1 Z0.000 F1200
G1 X56.876 Y-201.260
G0 Z3.500
G0 X57.312 Y-200.758
G1 Z0.000 F1200
G1 X58.157 Y-197.742
G0 Z3.500
G0 X57.124 Y-198.863
G1 Z0.000 F1200
G1 X60.519 Y-194.561
G0 Z3.500
G0 X61.004 Y-193.947
G1 Z0.000 F1200
G1 X64.395 Y-189.642
G0 Z3.500
G0 X63.454 Y-189.755
G1 Z0.000 F1200
G1 X62.569 Y-192.146
G1 X61.683 Y-195.959
G1 X61.264 Y-200.007
G1 X61.240 Y-204.249
G1 X62.317 Y-214.676
G1 X65.629 Y-233.010
G1 X66.652 Y-240.308
G1 X66.977 Y-247.131
G1 X66.273 Y-253.289
G0 Z3.500
G0 X66.577 Y-253.950
G1 Z0.000 F1200
G1 X64.631 Y-256.403
G0 Z3.500
G0 X62.997 Y-255.788
G1 Z0.000 F1200
G1 X59.039 Y-251.999
G0 Z3.500
G0 X59.674 Y-252.365
G1 Z0.000 F1200
G1 X59.870 Y-253.540
G1 X59.283 Y-253.540
G1 X59.283 Y-253.148
G1 X60.065 Y-254.323
G1 X59.674 Y-252.561
G0 Z3.500
G0 X60.652 Y-252.561
G1 Z0.000 F1200
G1 X61.239 Y-254.715
G1 X61.239 Y-256.672
G1 X61.239 Y-254.715
G1 X60.652 Y-252.757
G0 Z3.500
G0 X62.041 Y-251.740
G1 Z0.000 F1200
G1 X62.797 Y-246.038
G1 X62.512 Y-239.537
G1 X61.524 Y-232.408
G1 X58.281 Y-213.743
G1 X57.250 Y-202.561
G1 X57.297 Y-197.852
G1 X57.741 Y-193.245
G1 X58.657 Y-188.777
G1 X59.564 Y-185.894
G0 Z3.500
G0 X60.463 Y-186.271
G1 Z0.000 F1200
G1 X65.506 Y-191.192
G0 Z3.500
G0 X66.067 Y-191.737
G1 Z0.000 F1200
G1 X67.753 Y-193.372
G0 Z3.500
G0 X67.274 Y-191.814
G1 Z0.000 F1200
G1 X66.469 Y-193.943
G1 X65.691 Y-197.406
G1 X65.366 Y-201.156
G1 X65.426 Y-205.149
G1 X66.420 Y-213.693
G1 X70.240 Y-233.319
G1 X71.389 Y-240.701
G1 X71.866 Y-247.686
G1 X71.350 Y-254.075
G0 Z3.500
G0 X71.534 Y-252.579
G1 Z0.000 F1200
G1 X76.054 Y-256.914
G0 Z3.500
G0 X75.219 Y-257.215
G1 Z0.000 F1200
G1 X76.736 Y-251.948
G0 Z3.500
G0 X76.828 Y-252.026
G1 Z0.000 F1200
G1 X81.619 Y-245.834
G0 Z3.500
G0 X82.100 Y-245.217
G1 Z0.000 F1200
G1 X86.451 Y-239.675
G0 Z3.500
G0 X86.520 Y-239.278
G1 Z0.000 F1200
G1 X85.423 Y-243.036
G0 Z3.500
G0 X85.204 Y-243.788
G1 Z0.000 F1200
G1 X84.332 Y-246.796
G0 Z3.500
G0 X84.828 Y-247.349
G1 Z0.000 F1200
G1 X89.201 Y-241.824
G0 Z3.500
G0 X89.687 Y-241.210
G1 Z0.000 F1200
G1 X94.998 Y-234.432
G0 Z3.500
G0 X95.587 Y-234.548
G1 Z0.000 F1200
G1 X94.319 Y-239.071
G0 Z3.500
G0 X95.730 Y-239.476
G1 Z0.000 F1200
G1 X97.432 Y-233.448
G0 Z3.500
G0 X96.352 Y-232.501
G1 Z0.000 F1200
G1 X100.832 Y-236.878
G0 Z3.500
G0 X101.089 Y-236.941
G1 Z0.000 F1200
G1 X100.435 Y-239.197
G0 Z3.500
G0 X99.886 Y-239.246
G1 Z0.000 F1200
G1 X101.801 Y-236.768
G0 Z3.500
G0 X102.317 Y-238.108
G1 Z0.000 F1200
G1 X101.659 Y-240.363
G0 Z3.500
G0 X101.899 Y-240.281
G1 Z0.000 F1200
G1 X96.866 Y-235.350
G0 Z3.500
G0 X96.307 Y-234.802
G1 Z0.000 F1200
G1 X91.262 Y-229.885
G0 Z3.500
G0 X90.700 Y-229.340
G1 Z0.000 F1200
G1 X85.620 Y-224.458
G0 Z3.500
G0 X85.042 Y-224.661
G1 Z0.000 F1200
G1 X90.338 Y-217.871
G0 Z3.500
G0 X90.822 Y-217.256
G1 Z0.000 F1200
G1 X94.703 Y-212.340
G0 Z3.500
G0 X94.350 Y-212.031
G1 Z0.000 F1200
G1 X89.837 Y-207.689
G0 Z3.500
G0 X89.421 Y-207.526
G1 Z0.000 F1200
G1 X88.148 Y-212.049
G0 Z3.500
G0 X88.184 Y-212.213
G1 Z0.000 F1200
G1 X92.036 Y-207.274
G0 Z3.500
G0 X92.520 Y-206.659
G1 Z0.000 F1200
G1 X93.973 Y-204.814
G0 Z3.500
G0 X93.826 Y-204.684
G1 Z0.000 F1200
G1 X91.007 Y-201.968
G0 Z3.500
G0 X90.899 Y-202.248
G1 Z0.000 F1200
G1 X89.632 Y-206.772
G0 Z3.500
G0 X89.272 Y-207.148
G1 Z0.000 F1200
G1 X84.744 Y-202.821
G0 Z3.500
G0 X84.547 Y-202.591
G1 Z0.000 F1200
G1 X82.900 Y-196.736
G1 X81.931 Y-190.827
G1 X81.563 Y-183.992
G1 X81.912 Y-177.364
G1 X82.866 Y-171.095
G1 X84.555 Y-164.563
G1 X86.724 Y-158.923
G1 X89.208 Y-154.400
G0 Z3.500
G0 X89.317 Y-154.375
G1 Z0.000 F1200
G1 X86.881 Y-158.464
G1 X84.732 Y-164.009
G1 X83.000 Y-170.711
G1 X81.929 Y-177.290
G1 X81.363 Y-184.327
G1 X81.389 Y-191.623
G1 X81.948 Y-197.931
G1 X83.061 Y-204.156
G0 Z3.500
G0 X81.898 Y-204.643
G1 Z0.000 F1200
G1 X85.288 Y-207.893
G0 Z3.500
G0 X85.852 Y-208.436
G1 Z0.000 F1200
G1 X90.346 Y-212.798
G0 Z3.500
G0 X90.906 Y-213.345
G1 Z0.000 F1200
G1 X95.378 Y-217.730
G0 Z3.500
G0 X95.937 Y-218.278
G1 Z0.000 F1200
G1 X99.293 Y-221.563
G0 Z3.500
G0 X99.962 Y-222.413
G1 Z0.000 F1200
G1 X98.530 Y-224.275
G0 Z3.500
G0 X98.052 Y-224.895
G1 Z0.000 F1200
G1 X95.173 Y-228.607
G0 Z3.500
G0 X94.692 Y-229.224
G1 Z0.000 F1200
G1 X91.792 Y-232.919
G0 Z3.500
G0 X91.559 Y-232.577
G1 Z0.000 F1200
G1 X93.251 Y-226.546
G0 Z3.500
G0 X92.426 Y-226.424
G1 Z0.000 F1200
G1 X95.817 Y-229.674
G0 Z3.500
G0 X96.381 Y-230.217
G1 Z0.000 F1200
G1 X99.196 Y-232.937
G0 Z3.500
G0 X101.024 Y-232.187
G1 Z0.000 F1200
G1 X98.162 Y-235.911
G0 Z3.500
G0 X97.685 Y-236.532
G1 Z0.000 F1200
G1 X93.859 Y-241.491
G0 Z3.500
G0 X93.896 Y-241.809
G1 Z0.000 F1200
G1 X97.854 Y-245.599
G0 Z3.500
G0 X97.630 Y-245.318
G1 Z0.000 F1200
G1 X97.239 Y-245.905
G1 X98.022 Y-247.667
G1 X98.804 Y-246.884
G1 X98.804 Y-246.101
G1 X98.022 Y-244.927
G1 X97.630 Y-245.122
G0 Z3.500
G0 X98.217 Y-244.339
G1 Z0.000 F1200
G1 X98.217 Y-245.514
G1 X98.804 Y-246.101
G1 X98.804 Y-246.884
G1 X99.196 Y-247.080
G1 X100.761 Y-244.535
G1 X99.978 Y-243.948
G1 X98.413 Y-244.144
G0 Z3.500
G0 X97.499 Y-244.057
G1 Z0.000 F1200
G1 X96.226 Y-248.579
G0 Z3.500
G0 X95.495 Y-247.738
G1 Z0.000 F1200
G1 X92.626 Y-251.457
G0 Z3.500
G0 X92.103 Y-251.558
G1 Z0.000 F1200
G1 X95.459 Y-254.844
G0 Z3.500
G0 X95.616 Y-254.416
G1 Z0.000 F1200
G1 X96.335 Y-251.901
G1 X97.005 Y-247.920
G1 X97.232 Y-240.815
G1 X96.667 Y-233.264
G1 X94.148 Y-212.693
G1 X93.824 Y-203.330
G1 X94.154 Y-198.807
G1 X94.917 Y-194.437
G1 X96.195 Y-190.253
G1 X97.373 Y-187.585
G0 Z3.500
G0 X98.244 Y-186.655
G1 Z0.000 F1200
G1 X96.945 Y-189.442
G1 X95.504 Y-193.781
G1 X94.596 Y-198.280
G1 X94.140 Y-202.901
G1 X94.245 Y-212.366
G1 X96.339 Y-232.663
G1 X96.714 Y-239.906
G1 X96.257 Y-246.577
G1 X95.424 Y-250.234
G1 X94.584 Y-252.506
G0 Z3.500
G0 X94.950 Y-251.990
G1 Z0.000 F1200
G1 X99.986 Y-256.917
G0 Z3.500
G0 X101.834 Y-255.890
G1 Z0.000 F1200
G1 X102.926 Y-252.131
G0 Z3.500
G0 X102.926 Y-252.744
G1 Z0.000 F1200
G1 X100.107 Y-250.028
G0 Z3.500
G0 X99.272 Y-248.638
G1 Z0.000 F1200
G1 X101.004 Y-242.618
G0 Z3.500
G0 X99.567 Y-242.206
G1 Z0.000 F1200
G1 X97.852 Y-248.231
G0 Z3.500
G0 X98.412 Y-248.403
G1 Z0.000 F1200
G1 X94.450 Y-244.617
G0 Z3.500
G0 X95.111 Y-245.451
G1 Z0.000 F1200
G1 X97.975 Y-241.728
G0 Z3.500
G0 X98.452 Y-241.597
G1 Z0.000 F1200
G1 X103.532 Y-246.480
G0 Z3.500
G0 X103.870 Y-245.342
G1 Z0.000 F1200
G1 X99.042 Y-251.505
G0 Z3.500
G0 X98.562 Y-252.123
G1 Z0.000 F1200
G1 X94.254 Y-257.699
G0 Z3.500
G0 X93.887 Y-256.868
G1 Z0.000 F1200
G1 X95.379 Y-251.594
G0 Z3.500
G0 X95.400 Y-250.645
G1 Z0.000 F1200
G1 X89.651 Y-258.075
G0 Z3.500
G0 X88.919 Y-257.887
G1 Z0.000 F1200
G1 X90.457 Y-252.626
G0 Z3.500
G0 X90.587 Y-252.170
G1 Z0.000 F1200
G1 X90.391 Y-253.344
G1 X91.761 Y-254.715
G1 X92.152 Y-252.170
G1 X91.761 Y-251.778
G1 X90.783 Y-251.974
G0 Z3.500
G0 X90.675 Y-251.874
G1 Z0.000 F1200
G1 X91.328 Y-249.618
G0 Z3.500
G0 X91.761 Y-250.016
G1 Z0.000 F1200
G1 X90.978 Y-251.387
G1 X92.348 Y-251.974
G1 X93.326 Y-250.799
G1 X92.152 Y-249.821
G1 X91.957 Y-250.016
G0 Z3.500
G0 X92.757 Y-250.028
G1 Z0.000 F1200
G1 X92.111 Y-252.286
G0 Z3.500
G0 X92.146 Y-252.076
G1 Z0.000 F1200
G1 X87.323 Y-258.242
G0 Z3.500
G0 X86.844 Y-258.134
G1 Z0.000 F1200
G1 X84.027 Y-255.416
G0 Z3.500
G0 X83.465 Y-254.871
G1 Z0.000 F1200
G1 X78.983 Y-250.498
G0 Z3.500
G0 X78.424 Y-249.950
G1 Z0.000 F1200
G1 X73.953 Y-245.564
G0 Z3.500
G0 X73.393 Y-245.017
G1 Z0.000 F1200
G1 X69.466 Y-241.195
G0 Z3.500
G0 X69.751 Y-241.525
G1 Z0.000 F1200
G1 X64.891 Y-247.663
G0 Z3.500
G0 X65.457 Y-247.897
G1 Z0.000 F1200
G1 X67.396 Y-241.122
G0 Z3.500
G0 X67.614 Y-240.370
G1 Z0.000 F1200
G1 X69.146 Y-235.108
G0 Z3.500
G0 X68.478 Y-234.943
G1 Z0.000 F1200
G1 X70.630 Y-234.943
G1 X68.674 Y-236.900
G1 X67.891 Y-236.900
G1 X66.913 Y-237.488
G1 X66.522 Y-237.096
G1 X66.522 Y-235.139
G1 X68.283 Y-234.943
G0 Z3.500
G0 X69.366 Y-234.356
G1 Z0.000 F1200
G1 X71.118 Y-228.342
G0 Z3.500
G0 X71.335 Y-227.590
G1 Z0.000 F1200
G1 X72.631 Y-223.074
G0 Z3.500
G0 X71.990 Y-222.799
G1 Z0.000 F1200
G1 X75.361 Y-226.069
G0 Z3.500
G0 X74.833 Y-226.150
G1 Z0.000 F1200
G1 X76.523 Y-220.118
G0 Z3.500
G0 X76.734 Y-219.364
G1 Z0.000 F1200
G1 X78.219 Y-214.087
G0 Z3.500
G0 X78.012 Y-214.198
G1 Z0.000 F1200
G1 X74.134 Y-219.116
G0 Z3.500
G0 X73.697 Y-219.307
G1 Z0.000 F1200
G1 X72.845 Y-222.321
G0 Z3.500
G0 X71.426 Y-222.256
G1 Z0.000 F1200
G1 X68.037 Y-219.004
G0 Z3.500
G0 X67.471 Y-218.463
G1 Z0.000 F1200
G1 X64.074 Y-215.220
G0 Z3.500
G0 X64.081 Y-215.232
G1 Z0.000 F1200
G1 X66.943 Y-211.507
G0 Z3.500
G0 X67.521 Y-211.648
G1 Z0.000 F1200
G1 X73.722 Y-217.623
G0 Z3.500
G0 X74.287 Y-218.164
G1 Z0.000 F1200
G1 X78.249 Y-221.951
G0 Z3.500
G0 X78.848 Y-221.827
G1 Z0.000 F1200
G1 X78.848 Y-227.504
G1 X79.435 Y-228.091
G1 X80.022 Y-231.811
G1 X81.000 Y-232.202
G1 X84.717 Y-228.287
G1 X84.717 Y-227.113
G1 X79.043 Y-221.436
G1 X78.848 Y-221.631
G0 Z3.500
G0 X78.814 Y-222.492
G1 Z0.000 F1200
G1 X82.202 Y-225.745
G0 Z3.500
G0 X82.766 Y-226.288
G1 Z0.000 F1200
G1 X86.698 Y-230.105
G0 Z3.500
G0 X87.258 Y-230.652
G1 Z0.000 F1200
G1 X90.613 Y-233.939
G0 Z3.500
G0 X91.172 Y-234.487
G1 Z0.000 F1200
G1 X96.206 Y-239.416
G0 Z3.500
G0 X95.307 Y-240.984
G1 Z0.000 F1200
G1 X94.673 Y-243.246
G0 Z3.500
G0 X94.696 Y-243.361
G1 Z0.000 F1200
G1 X96.065 Y-243.165
G1 X96.457 Y-245.514
G1 X95.087 Y-246.884
G1 X94.109 Y-246.688
G1 X94.696 Y-245.710
G1 X94.696 Y-243.556
G0 Z3.500
G0 X95.205 Y-242.543
G1 Z0.000 F1200
G1 X90.400 Y-248.724
G0 Z3.500
G0 X90.196 Y-249.429
G1 Z0.000 F1200
G1 X90.783 Y-249.233
G1 X90.978 Y-249.821
G1 X89.804 Y-250.799
G1 X89.609 Y-250.016
G1 X90.000 Y-249.625
G0 Z3.500
G0 X89.917 Y-249.340
G1 Z0.000 F1200
G1 X87.007 Y-253.027
G0 Z3.500
G0 X87.107 Y-252.867
G1 Z0.000 F1200
G1 X87.782 Y-250.549
G1 X88.394 Y-246.836
G1 X88.538 Y-240.119
G1 X87.904 Y-232.916
G1 X85.233 Y-213.335
G1 X84.831 Y-204.606
G1 X85.115 Y-200.472
G1 X85.827 Y-196.549
G1 X87.046 Y-192.880
G1 X88.180 Y-190.596
G0 Z3.500
G0 X87.483 Y-190.797
G1 Z0.000 F1200
G1 X92.257 Y-184.592
G0 Z3.500
G0 X93.527 Y-183.576
G1 Z0.000 F1200
G1 X89.599 Y-179.756
G0 Z3.500
G0 X89.557 Y-179.869
G1 Z0.000 F1200
G1 X88.493 Y-183.637
G0 Z3.500
G0 X88.624 Y-183.739
G1 Z0.000 F1200
G1 X84.307 Y-189.308
G0 Z3.500
G0 X83.825 Y-189.925
G1 Z0.000 F1200
G1 X78.499 Y-196.692
G0 Z3.500
G0 X78.014 Y-197.306
G1 Z0.000 F1200
G1 X75.105 Y-200.995
G0 Z3.500
G0 X75.662 Y-200.959
G1 Z0.000 F1200
G1 X71.135 Y-196.632
G0 Z3.500
G0 X69.990 Y-197.817
G1 Z0.000 F1200
G1 X73.956 Y-201.599
G0 Z3.500
G0 X74.621 Y-201.610
G1 Z0.000 F1200
G1 X71.729 Y-205.311
G0 Z3.500
G0 X71.413 Y-204.992
G1 Z0.000 F1200
G1 X70.435 Y-205.971
G1 X70.630 Y-206.362
G1 X71.804 Y-206.558
G1 X72.783 Y-206.166
G1 X72.391 Y-204.600
G1 X71.413 Y-204.796
G0 Z3.500
G0 X71.848 Y-204.114
G1 Z0.000 F1200
G1 X70.782 Y-207.881
G0 Z3.500
G0 X70.467 Y-207.469
G1 Z0.000 F1200
G1 X76.060 Y-212.946
G0 Z3.500
G0 X76.620 Y-213.493
G1 Z0.000 F1200
G1 X79.987 Y-216.768
G0 Z3.500
G0 X80.549 Y-217.312
G1 Z0.000 F1200
G1 X85.629 Y-222.195
G0 Z3.500
G0 X85.132 Y-221.751
G1 Z0.000 F1200
G1 X80.836 Y-227.336
G0 Z3.500
G0 X80.709 Y-227.021
G1 Z0.000 F1200
G1 X82.006 Y-222.505
G0 Z3.500
G0 X82.224 Y-221.753
G1 Z0.000 F1200
G1 X83.317 Y-217.994
G0 Z3.500
G0 X83.392 Y-217.749
G1 Z0.000 F1200
G1 X88.466 Y-222.637
G0 Z3.500
G0 X89.032 Y-223.178
G1 Z0.000 F1200
G1 X91.860 Y-225.883
G0 Z3.500
G0 X90.719 Y-227.065
G1 Z0.000 F1200
G1 X86.194 Y-222.736
G0 Z3.500
G0 X86.561 Y-222.998
G1 Z0.000 F1200
G1 X85.030 Y-228.260
G0 Z3.500
G0 X84.717 Y-227.700
G1 Z0.000 F1200
G1 X84.717 Y-228.287
G1 X85.500 Y-229.070
G1 X85.891 Y-230.832
G1 X87.065 Y-230.832
G1 X88.043 Y-231.419
G1 X89.217 Y-231.223
G1 X89.217 Y-227.308
G1 X84.717 Y-227.504
G0 Z3.500
G0 X84.326 Y-228.679
G1 Z0.000 F1200
G1 X84.913 Y-228.483
G1 X85.696 Y-229.657
G1 X85.696 Y-230.832
G1 X84.913 Y-231.615
G1 X82.370 Y-231.028
G1 X84.130 Y-228.874
G0 Z3.500
G0 X84.811 Y-229.012
G1 Z0.000 F1200
G1 X83.281 Y-234.275
G0 Z3.500
G0 X83.064 Y-235.028
G1 Z0.000 F1200
G1 X81.983 Y-238.791
G0 Z3.500
G0 X81.769 Y-239.544
G1 Z0.000 F1200
G1 X80.065 Y-245.571
G0 Z3.500
G0 X79.853 Y-246.325
G1 Z0.000 F1200
G1 X78.368 Y-251.601
G0 Z3.500
G0 X78.308 Y-251.911
G1 Z0.000 F1200
G1 X79.019 Y-249.716
G1 X79.678 Y-246.169
G1 X79.889 Y-239.707
G1 X79.312 Y-232.760
G1 X76.765 Y-214.112
G1 X76.426 Y-206.077
G1 X76.747 Y-202.380
G1 X77.502 Y-198.966
G1 X78.769 Y-195.883
G1 X79.938 Y-194.038
G0 Z3.500
G0 X80.563 Y-193.705
G1 Z0.000 F1200
G1 X79.650 Y-195.593
G1 X78.727 Y-198.731
G1 X78.275 Y-202.193
G1 X78.222 Y-205.927
G1 X79.022 Y-214.011
G1 X82.464 Y-232.631
G1 X83.443 Y-239.518
G1 X83.716 Y-245.891
G1 X82.946 Y-251.516
G0 Z3.500
G0 X83.036 Y-251.312
G1 Z0.000 F1200
G1 X84.115 Y-247.548
G0 Z3.500
G0 X84.342 Y-247.963
G1 Z0.000 F1200
G1 X81.922 Y-251.039
G0 Z3.500
G0 X81.439 Y-251.655
G1 Z0.000 F1200
G1 X76.635 Y-257.837
G0 Z3.500
G0 X76.653 Y-257.626
G1 Z0.000 F1200
G1 X78.155 Y-252.355
G0 Z3.500
G0 X78.646 Y-252.454
G1 Z0.000 F1200
G1 X74.819 Y-257.411
G0 Z3.500
G0 X73.782 Y-257.013
G1 Z0.000 F1200
G1 X69.823 Y-253.225
G0 Z3.500
G0 X68.887 Y-253.496
G1 Z0.000 F1200
G1 X69.738 Y-247.278
G1 X69.530 Y-240.422
G1 X68.606 Y-233.125
G1 X65.285 Y-213.516
G1 X64.548 Y-204.880
G1 X64.637 Y-200.816
G1 X65.130 Y-196.980
G1 X66.100 Y-193.415
G1 X67.048 Y-191.209
G0 Z3.500
G0 X68.273 Y-191.052
G1 Z0.000 F1200
G1 X67.528 Y-193.278
G1 X66.832 Y-196.871
G1 X66.580 Y-200.731
G1 X66.703 Y-204.816
G1 X68.072 Y-214.988
G1 X71.840 Y-233.205
G1 X73.084 Y-240.556
G1 X73.676 Y-247.481
G1 X73.302 Y-253.784
G0 Z3.500
G0 X73.430 Y-252.629
G1 Z0.000 F1200
G1 X72.109 Y-257.137
G0 Z3.500
G0 X72.519 Y-257.601
G1 Z0.000 F1200
G1 X76.350 Y-252.646
G0 Z3.500
G0 X76.556 Y-252.446
G1 Z0.000 F1200
G1 X77.092 Y-246.543
G1 X76.631 Y-239.942
G1 X75.495 Y-232.861
G1 X71.952 Y-215.209
G1 X70.726 Y-205.410
G1 X70.675 Y-201.514
G1 X71.009 Y-197.867
G1 X71.799 Y-194.518
G1 X72.612 Y-192.474
G0 Z3.500
G0 X74.599 Y-193.911
G1 Z0.000 F1200
G1 X73.675 Y-195.772
G1 X72.737 Y-198.878
G1 X72.272 Y-202.317
G1 X72.207 Y-206.042
G1 X72.987 Y-214.157
G1 X76.390 Y-233.169
G1 X77.352 Y-240.363
G1 X77.604 Y-247.150
G1 X76.809 Y-253.307
G0 Z3.500
G0 X76.891 Y-253.540
G1 Z0.000 F1200
G1 X75.522 Y-254.715
G1 X76.500 Y-255.693
G1 X79.630 Y-255.693
G1 X79.435 Y-253.148
G1 X77.087 Y-253.344
G0 Z3.500
G0 X76.950 Y-251.195
G1 Z0.000 F1200
G1 X78.229 Y-246.674
G0 Z3.500
G0 X78.441 Y-245.920
G1 Z0.000 F1200
G1 X79.712 Y-241.397
G0 Z3.500
G0 X79.435 Y-241.011
G1 Z0.000 F1200
G1 X78.848 Y-242.186
G1 X79.630 Y-242.577
G1 X80.413 Y-241.011
G1 X79.826 Y-240.620
G1 X79.435 Y-240.816
G0 Z3.500
G0 X79.924 Y-240.644
G1 Z0.000 F1200
G1 X80.774 Y-237.629
G0 Z3.500
G0 X81.000 Y-238.075
G1 Z0.000 F1200
G1 X79.630 Y-239.445
G1 X79.826 Y-239.837
G1 X81.196 Y-239.641
G1 X81.783 Y-238.075
G1 X81.196 Y-238.075
G0 Z3.500
G0 X81.992 Y-237.234
G1 Z0.000 F1200
G1 X86.511 Y-241.571
G0 Z3.500
G0 X87.077 Y-242.112
G1 Z0.000 F1200
G1 X91.038 Y-245.898
G0 Z3.500
G0 X91.603 Y-246.440
G1 Z0.000 F1200
G1 X94.424 Y-249.153
G0 Z3.500
G0 X95.878 Y-250.025
G1 Z0.000 F1200
G1 X99.224 Y-245.685
G0 Z3.500
G0 X99.703 Y-245.065
G1 Z0.000 F1200
G1 X103.553 Y-240.126
G0 Z3.500
G0 X102.459 Y-240.828
G1 Z0.000 F1200
G1 X104.141 Y-242.467
G0 Z3.500
G0 X102.502 Y-244.273
G1 Z0.000 F1200
G1 X99.133 Y-248.594
G0 Z3.500
G0 X98.421 Y-246.139
G1 Z0.000 F1200
G1 X103.514 Y-251.008
G0 Z3.500
G0 X101.849 Y-250.718
G1 Z0.000 F1200
G1 X103.303 Y-248.873
G0 Z3.500
G0 X101.365 Y-251.333
G1 Z0.000 F1200
G1 X96.551 Y-257.507
G0 Z3.500
G0 X96.930 Y-256.927
G1 Z0.000 F1200
G1 X97.991 Y-253.158
G0 Z3.500
G0 X97.319 Y-252.469
G1 Z0.000 F1200
G1 X98.163 Y-250.202
G1 X99.001 Y-246.549
G1 X99.464 Y-239.872
G1 X99.096 Y-232.595
G1 X97.127 Y-213.621
G1 X96.848 Y-203.854
G1 X97.626 Y-195.837
G1 X98.707 Y-191.150
G1 X99.734 Y-188.098
G0 Z3.500
G0 X99.540 Y-188.436
G1 Z0.000 F1200
G1 X98.887 Y-190.692
G0 Z3.500
G0 X98.597 Y-190.723
G1 Z0.000 F1200
G1 X103.682 Y-195.599
G0 Z3.500
G0 X103.969 Y-195.670
G1 Z0.000 F1200
G1 X101.806 Y-202.377
G0 Z3.500
G0 X101.941 Y-203.093
G1 Z0.000 F1200
G1 X106.241 Y-197.511
G0 Z3.500
G0 X106.333 Y-197.262
G1 Z0.000 F1200
G1 X103.680 Y-205.456
G0 Z3.500
G0 X105.224 Y-206.358
G1 Z0.000 F1200
G1 X103.948 Y-210.879
G0 Z3.500
G0 X104.589 Y-210.440
G1 Z0.000 F1200
G1 X101.762 Y-207.733
G0 Z3.500
G0 X102.326 Y-208.124
G1 Z0.000 F1200
G1 X102.130 Y-212.039
G1 X102.326 Y-209.886
G1 X102.913 Y-209.494
G1 X102.326 Y-209.494
G1 X102.326 Y-208.320
G0 Z3.500
G0 X102.964 Y-207.693
G1 Z0.000 F1200
G1 X101.772 Y-211.423
G0 Z3.500
G0 X102.084 Y-211.974
G1 Z0.000 F1200
G1 X102.949 Y-208.964
G0 Z3.500
G0 X100.803 Y-210.153
G1 Z0.000 F1200
G1 X106.531 Y-202.706
G0 Z3.500
G0 X105.279 Y-201.835
G1 Z0.000 F1200
G1 X109.753 Y-206.218
G0 Z3.500
G0 X108.744 Y-205.430
G1 Z0.000 F1200
G1 X105.870 Y-209.145
G0 Z3.500
G0 X105.392 Y-209.765
G1 Z0.000 F1200
G1 X101.577 Y-214.732
G0 Z3.500
G0 X102.220 Y-216.901
G1 Z0.000 F1200
G1 X103.733 Y-211.633
G0 Z3.500
G0 X101.742 Y-212.263
G1 Z0.000 F1200
G1 X104.562 Y-214.977
G0 Z3.500
G0 X103.300 Y-218.067
G1 Z0.000 F1200
G1 X101.393 Y-220.551
G0 Z3.500
G0 X98.784 Y-218.710
G1 Z0.000 F1200
G1 X96.549 Y-216.516
G0 Z3.500
G0 X98.230 Y-219.072
G1 Z0.000 F1200
G1 X93.894 Y-224.625
G0 Z3.500
G0 X91.060 Y-223.474
G1 Z0.000 F1200
G1 X92.537 Y-218.195
G0 Z3.500
G0 X92.748 Y-217.441
G1 Z0.000 F1200
G1 X94.019 Y-212.918
G0 Z3.500
G0 X94.232 Y-212.165
G1 Z0.000 F1200
G1 X95.089 Y-209.152
G0 Z3.500
G0 X95.268 Y-208.807
G1 Z0.000 F1200
G1 X90.420 Y-214.954
G0 Z3.500
G0 X89.937 Y-215.570
G1 Z0.000 F1200
G1 X85.611 Y-221.131
G0 Z3.500
G0 X85.990 Y-219.575
G1 Z0.000 F1200
G1 X84.240 Y-225.590
G0 Z3.500
G0 X84.563 Y-225.281
G1 Z0.000 F1200
G1 X81.220 Y-229.623
G0 Z3.500
G0 X80.743 Y-230.244
G1 Z0.000 F1200
G1 X77.397 Y-234.585
G0 Z3.500
G0 X76.918 Y-235.204
G1 Z0.000 F1200
G1 X74.031 Y-238.909
G0 Z3.500
G0 X73.548 Y-239.525
G1 Z0.000 F1200
G1 X70.640 Y-243.214
G0 Z3.500
G0 X70.153 Y-243.827
G1 Z0.000 F1200
G1 X65.775 Y-249.348
G0 Z3.500
G0 X65.879 Y-249.421
G1 Z0.000 F1200
G1 X67.567 Y-251.054
G0 Z3.500
G0 X67.660 Y-250.973
G1 Z0.000 F1200
G1 X68.966 Y-246.460
G0 Z3.500
G0 X68.870 Y-246.297
G1 Z0.000 F1200
G1 X69.652 Y-246.101
G1 X70.043 Y-246.688
G1 X70.043 Y-248.059
G1 X69.065 Y-248.842
G1 X68.674 Y-248.646
G1 X68.674 Y-246.493
G0 Z3.500
G0 X68.087 Y-246.297
G1 Z0.000 F1200
G1 X67.500 Y-247.080
G1 X68.478 Y-247.276
G1 X69.065 Y-246.101
G1 X68.087 Y-246.101
G0 Z3.500
G0 X68.478 Y-245.318
G1 Z0.000 F1200
G1 X68.478 Y-245.710
G1 X69.065 Y-246.101
G1 X69.848 Y-245.905
G1 X69.457 Y-244.927
G1 X68.283 Y-245.122
G0 Z3.500
G0 X67.963 Y-244.543
G1 Z0.000 F1200
G1 X66.450 Y-249.811
G0 Z3.500
G0 X67.149 Y-250.422
G1 Z0.000 F1200
G1 X72.977 Y-243.053
G0 Z3.500
G0 X73.460 Y-242.437
G1 Z0.000 F1200
G1 X77.305 Y-237.493
G0 Z3.500
G0 X77.443 Y-237.439
G1 Z0.000 F1200
G1 X81.402 Y-241.227
G0 Z3.500
G0 X80.804 Y-240.816
G1 Z0.000 F1200
G1 X81.196 Y-240.620
G1 X81.587 Y-241.011
G1 X81.196 Y-242.186
G1 X80.217 Y-241.599
G1 X80.609 Y-240.816
G0 Z3.500
G0 X79.630 Y-240.228
G1 Z0.000 F1200
G1 X80.413 Y-241.011
G1 X81.196 Y-240.424
G1 X81.000 Y-239.837
G1 X79.630 Y-240.033
G0 Z3.500
G0 X76.887 Y-240.587
G1 Z0.000 F1200
G1 X78.158 Y-236.064
G0 Z3.500
G0 X78.261 Y-236.313
G1 Z0.000 F1200
G1 X78.457 Y-236.117
G1 X79.435 Y-237.096
G1 X78.848 Y-237.879
G1 X78.457 Y-237.879
G1 X77.674 Y-236.900
G1 X78.065 Y-236.509
G0 Z3.500
G0 X77.783 Y-236.874
G1 Z0.000 F1200
G1 X80.171 Y-233.772
G0 Z3.500
G0 X79.826 Y-232.398
G1 Z0.000 F1200
G1 X77.087 Y-234.747
G1 X77.087 Y-236.313
G1 X77.478 Y-236.705
G1 X78.457 Y-236.117
G1 X78.848 Y-235.139
G1 X81.000 Y-232.985
G1 X80.609 Y-232.007
G1 X80.022 Y-232.202
G0 Z3.500
G0 X79.428 Y-231.541
G1 Z0.000 F1200
G1 X78.369 Y-235.310
G0 Z3.500
G0 X78.025 Y-235.709
G1 Z0.000 F1200
G1 X75.215 Y-232.985
G0 Z3.500
G0 X74.935 Y-233.181
G1 Z0.000 F1200
G1 X76.500 Y-232.985
G1 X76.696 Y-233.573
G1 X72.978 Y-237.292
G1 X72.587 Y-237.292
G1 X72.391 Y-235.726
G1 X74.739 Y-233.377
G0 Z3.500
G0 X74.205 Y-233.083
G1 Z0.000 F1200
G1 X79.018 Y-226.908
G0 Z3.500
G0 X78.767 Y-227.050
G1 Z0.000 F1200
G1 X75.394 Y-223.781
G0 Z3.500
G0 X74.478 Y-221.975
G1 Z0.000 F1200
G1 X76.166 Y-215.942
G0 Z3.500
G0 X76.582 Y-215.787
G1 Z0.000 F1200
G1 X79.400 Y-218.504
G0 Z3.500
G0 X79.964 Y-219.046
G1 Z0.000 F1200
G1 X85.055 Y-223.917
G0 Z3.500
G0 X86.779 Y-222.245
G1 Z0.000 F1200
G1 X88.075 Y-217.730
G0 Z3.500
G0 X88.518 Y-218.074
G1 Z0.000 F1200
G1 X84.602 Y-214.241
G0 Z3.500
G0 X84.411 Y-214.235
G1 Z0.000 F1200
G1 X83.536 Y-217.242
G0 Z3.500
G0 X82.830 Y-217.204
G1 Z0.000 F1200
G1 X79.466 Y-213.925
G0 Z3.500
G0 X78.907 Y-213.378
G1 Z0.000 F1200
G1 X75.552 Y-210.090
G0 Z3.500
G0 X76.232 Y-210.259
G1 Z0.000 F1200
G1 X77.937 Y-204.231
G0 Z3.500
G0 X77.368 Y-203.758
G1 Z0.000 F1200
G1 X72.039 Y-210.522
G0 Z3.500
G0 X72.196 Y-210.669
G1 Z0.000 F1200
G1 X72.196 Y-211.060
G1 X79.239 Y-218.108
G1 X80.217 Y-217.520
G1 X72.978 Y-210.277
G1 X72.391 Y-210.473
G0 Z3.500
G0 X72.783 Y-209.886
G1 Z0.000 F1200
G1 X80.217 Y-217.520
G1 X81.000 Y-217.520
G1 X81.587 Y-216.933
G1 X74.152 Y-209.494
G1 X72.783 Y-209.690
G0 Z3.500
G0 X71.779 Y-209.796
G1 Z0.000 F1200
G1 X72.839 Y-206.027
G0 Z3.500
G0 X73.050 Y-205.273
G1 Z0.000 F1200
G1 X73.683 Y-203.011
G0 Z3.500
G0 X74.522 Y-202.140
G1 Z0.000 F1200
G1 X77.914 Y-205.389
G0 Z3.500
G0 X78.478 Y-205.931
G1 Z0.000 F1200
G1 X83.535 Y-210.837
G0 Z3.500
G0 X84.095 Y-211.385
G1 Z0.000 F1200
G1 X88.008 Y-215.221
G0 Z3.500
G0 X88.096 Y-215.125
G1 Z0.000 F1200
G1 X84.269 Y-220.082
G0 Z3.500
G0 X83.791 Y-220.703
G1 Z0.000 F1200
G1 X79.496 Y-226.288
G0 Z3.500
G0 X79.327 Y-227.596
G1 Z0.000 F1200
G1 X82.684 Y-230.882
G0 Z3.500
G0 X82.712 Y-230.854
G1 Z0.000 F1200
G1 X84.021 Y-226.342
G0 Z3.500
G0 X86.788 Y-228.014
G1 Z0.000 F1200
G1 X82.466 Y-233.579
G0 Z3.500
G0 X82.495 Y-231.606
G1 Z0.000 F1200
G1 X80.988 Y-236.876
G0 Z3.500
G0 X81.429 Y-236.691
G1 Z0.000 F1200
G1 X78.059 Y-233.419
G0 Z3.500
G0 X77.498 Y-232.873
G1 Z0.000 F1200
G1 X73.025 Y-228.490
G0 Z3.500
G0 X72.466 Y-227.942
G1 Z0.000 F1200
G1 X69.110 Y-224.655
G0 Z3.500
G0 X69.768 Y-224.646
G1 Z0.000 F1200
G1 X66.391 Y-228.962
G0 Z3.500
G0 X66.162 Y-228.838
G1 Z0.000 F1200
G1 X71.218 Y-233.744
G0 Z3.500
G0 X71.377 Y-233.853
G1 Z0.000 F1200
G1 X67.974 Y-238.149
G0 Z3.500
G0 X67.489 Y-238.763
G1 Z0.000 F1200
G1 X64.103 Y-243.072
G0 Z3.500
G0 X63.903 Y-242.564
G1 Z0.000 F1200
G1 X65.398 Y-237.291
G0 Z3.500
G0 X64.953 Y-236.853
G1 Z0.000 F1200
G1 X68.903 Y-240.651
G0 Z3.500
G0 X68.870 Y-240.424
G1 Z0.000 F1200
G1 X69.652 Y-240.228
G1 X70.435 Y-241.207
G1 X69.848 Y-241.794
G1 X69.848 Y-242.382
G1 X67.304 Y-244.731
G1 X66.913 Y-242.773
G1 X66.522 Y-242.382
G1 X66.522 Y-241.011
G1 X68.674 Y-240.620
G0 Z3.500
G0 X69.275 Y-240.032
G1 Z0.000 F1200
G1 X68.181 Y-243.791
G0 Z3.500
G0 X69.261 Y-242.969
G1 Z0.000 F1200
G1 X67.696 Y-244.731
G1 X70.630 Y-245.318
G1 X70.826 Y-244.144
G1 X69.848 Y-242.577
G1 X69.457 Y-242.773
G0 Z3.500
G0 X69.988 Y-244.036
G1 Z0.000 F1200
G1 X64.373 Y-238.582
G0 Z3.500
G0 X64.565 Y-237.879
G1 Z0.000 F1200
G1 X63.978 Y-241.207
G1 X64.957 Y-244.339
G1 X65.935 Y-244.535
G1 X66.130 Y-244.144
G1 X65.739 Y-243.361
G1 X66.717 Y-241.794
G1 X66.522 Y-239.250
G1 X66.913 Y-237.879
G1 X65.543 Y-237.488
G1 X64.565 Y-237.684
G0 Z3.500
G0 X64.286 Y-237.253
G1 Z0.000 F1200
G1 X67.661 Y-232.936
G0 Z3.500
G0 X68.145 Y-232.320
G1 Z0.000 F1200
G1 X72.514 Y-226.792
G0 Z3.500
G0 X72.985 Y-227.249
G1 Z0.000 F1200
G1 X71.904 Y-231.011
G0 Z3.500
G0 X71.413 Y-231.028
G1 Z0.000 F1200
G1 X71.413 Y-234.160
G1 X71.804 Y-234.551
G1 X72.391 Y-234.551
G1 X75.717 Y-231.223
G1 X75.522 Y-230.636
G1 X71.413 Y-230.832
G0 Z3.500
G0 X71.687 Y-231.764
G1 Z0.000 F1200
G1 X70.593 Y-235.523
G0 Z3.500
G0 X70.374 Y-236.274
G1 Z0.000 F1200
G1 X69.495 Y-239.281
G0 Z3.500
G0 X69.835 Y-238.610
G1 Z0.000 F1200
G1 X64.496 Y-245.367
G0 Z3.500
G0 X64.801 Y-246.029
G1 Z0.000 F1200
G1 X70.971 Y-252.036
G0 Z3.500
G0 X70.977 Y-250.296
G1 Z0.000 F1200
G1 X69.442 Y-255.557
G0 Z3.500
G0 X68.838 Y-256.711
G1 Z0.000 F1200
G1 X74.628 Y-249.312
G0 Z3.500
G0 X75.107 Y-248.693
G1 Z0.000 F1200
G1 X79.410 Y-243.114
G0 Z3.500
G0 X78.065 Y-242.577
G1 Z0.000 F1200
G1 X77.674 Y-242.969
G1 X77.870 Y-243.361
G1 X79.239 Y-243.361
G1 X79.435 Y-242.773
G1 X78.848 Y-242.186
G1 X78.065 Y-242.382
G0 Z3.500
G0 X77.283 Y-243.556
G1 Z0.000 F1200
G1 X78.848 Y-243.361
G1 X80.217 Y-244.144
G1 X81.196 Y-245.318
G1 X81.196 Y-246.884
G1 X80.413 Y-247.080
G1 X78.457 Y-244.731
G1 X76.891 Y-244.731
G1 X76.696 Y-244.144
G1 X77.087 Y-243.752
G0 Z3.500
G0 X76.274 Y-243.159
G1 Z0.000 F1200
G1 X81.324 Y-248.072
G0 Z3.500
G0 X81.883 Y-248.620
G1 Z0.000 F1200
G1 X85.796 Y-252.457
G0 Z3.500
G0 X85.346 Y-252.644
G1 Z0.000 F1200
G1 X86.039 Y-250.355
G1 X86.674 Y-246.683
G1 X86.853 Y-240.049
G1 X86.247 Y-232.967
G1 X83.639 Y-214.087
G1 X83.268 Y-205.971
G1 X83.571 Y-202.234
G1 X84.305 Y-198.777
G1 X85.548 Y-195.647
G1 X86.700 Y-193.768
G0 Z3.500
G0 X87.441 Y-193.064
G1 Z0.000 F1200
G1 X86.445 Y-195.033
G1 X85.411 Y-198.282
G1 X84.861 Y-201.842
G1 X84.722 Y-205.666
G1 X85.372 Y-213.912
G1 X88.525 Y-232.913
G1 X89.374 Y-239.997
G1 X89.490 Y-246.616
G1 X88.527 Y-252.550
G0 Z3.500
G0 X87.345 Y-252.548
G1 Z0.000 F1200
G1 X88.665 Y-248.039
G0 Z3.500
G0 X88.435 Y-249.038
G1 Z0.000 F1200
G1 X89.022 Y-248.842
G1 X89.609 Y-250.408
G1 X88.826 Y-250.995
G1 X88.435 Y-250.799
G1 X88.435 Y-249.233
G0 Z3.500
G0 X87.261 Y-248.842
G1 Z0.000 F1200
G1 X88.435 Y-248.842
G1 X88.239 Y-251.191
G1 X86.283 Y-250.995
G1 X85.696 Y-250.408
G1 X87.065 Y-249.038
G0 Z3.500
G0 X87.015 Y-248.938
G1 Z0.000 F1200
G1 X90.933 Y-252.770
G0 Z3.500
G0 X91.492 Y-253.318
G1 Z0.000 F1200
G1 X94.289 Y-256.056
G0 Z3.500
G0 X95.305 Y-257.275
G1 Z0.000 F1200
G1 X96.790 Y-251.999
G0 Z3.500
G0 X96.261 Y-252.311
G1 Z0.000 F1200
G1 X91.959 Y-257.892
G0 Z3.500
G0 X91.402 Y-257.921
G1 Z0.000 F1200
G1 X89.716 Y-256.285
G0 Z3.500
G0 X89.155 Y-255.740
G1 Z0.000 F1200
G1 X86.355 Y-253.004
G0 Z3.500
G0 X85.146 Y-252.566
G1 Z0.000 F1200
G1 X89.519 Y-247.041
G0 Z3.500
G0 X90.003 Y-246.426
G1 Z0.000 F1200
G1 X93.379 Y-242.110
G0 Z3.500
G0 X91.565 Y-243.165
G1 Z0.000 F1200
G1 X94.500 Y-243.165
G1 X94.696 Y-245.710
G1 X93.913 Y-246.493
G1 X92.935 Y-246.297
G1 X91.957 Y-245.122
G1 X91.370 Y-243.361
G0 Z3.500
G0 X88.763 Y-246.000
G1 Z0.000 F1200
G1 X84.240 Y-241.669
G0 Z3.500
G0 X83.674 Y-241.129
G1 Z0.000 F1200
G1 X78.589 Y-236.252
G0 Z3.500
G0 X76.878 Y-236.897
G1 Z0.000 F1200
G1 X72.371 Y-232.549
G0 Z3.500
G0 X72.907 Y-232.928
G1 Z0.000 F1200
G1 X74.621 Y-226.903
G0 Z3.500
G0 X75.922 Y-226.616
G1 Z0.000 F1200
G1 X79.837 Y-230.450
G0 Z3.500
G0 X79.640 Y-230.787
G1 Z0.000 F1200
G1 X80.494 Y-227.774
G0 Z3.500
G0 X80.359 Y-227.957
G1 Z0.000 F1200
G1 X75.084 Y-234.764
G0 Z3.500
G0 X75.130 Y-235.139
G1 Z0.000 F1200
G1 X76.891 Y-234.943
G1 X77.283 Y-235.726
G1 X76.891 Y-236.313
G1 X74.348 Y-236.313
G1 X74.152 Y-236.117
G1 X74.935 Y-235.334
G0 Z3.500
G0 X74.602 Y-235.380
G1 Z0.000 F1200
G1 X70.238 Y-240.912
G0 Z3.500
G0 X70.630 Y-241.207
G1 Z0.000 F1200
G1 X69.848 Y-241.794
G1 X69.848 Y-242.577
G1 X70.826 Y-244.144
G1 X72.196 Y-243.556
G1 X72.196 Y-242.186
G1 X71.022 Y-241.011
G1 X70.826 Y-241.207
G0 Z3.500
G0 X70.723 Y-240.447
G1 Z0.000 F1200
G1 X69.185 Y-245.708
G0 Z3.500
G0 X69.377 Y-245.796
G1 Z0.000 F1200
G1 X63.781 Y-240.322
G0 Z3.500
G0 X63.736 Y-242.623
G1 Z0.000 F1200
G1 X68.207 Y-247.009
G0 Z3.500
G0 X68.766 Y-247.557
G1 Z0.000 F1200
G1 X73.812 Y-252.473
G0 Z3.500
G0 X74.509 Y-252.360
G1 Z0.000 F1200
G1 X75.029 Y-246.484
G1 X74.554 Y-239.915
G1 X73.408 Y-232.883
G1 X69.593 Y-214.072
G1 X68.602 Y-205.967
G1 X68.543 Y-202.233
G1 X68.869 Y-198.777
G1 X69.649 Y-195.648
G1 X70.456 Y-193.769
G0 Z3.500
G0 X66.636 Y-195.287
G1 Z0.000 F1200
G1 X68.368 Y-189.267
G0 Z3.500
G0 X64.154 Y-188.179
G1 Z0.000 F1200
G1 X63.259 Y-190.772
G1 X62.360 Y-194.854
G1 X61.929 Y-199.136
G1 X61.894 Y-203.582
G1 X62.950 Y-214.391
G1 X66.230 Y-233.206
G1 X67.237 Y-240.695
G1 X67.543 Y-247.731
G1 X66.815 Y-254.146
G0 Z3.500
G0 X66.875 Y-254.116
G1 Z0.000 F1200
G1 X67.124 Y-247.709
G1 X66.431 Y-240.681
G1 X65.102 Y-233.199
G1 X61.163 Y-214.406
G1 X59.813 Y-205.126
G1 X59.526 Y-200.643
G1 X59.585 Y-196.314
G1 X60.057 Y-192.174
G1 X61.008 Y-188.261
G0 Z3.500
G0 X60.726 Y-188.704
G1 Z0.000 F1200
G1 X58.793 Y-195.481
G0 Z3.500
G0 X55.966 Y-194.670
G1 Z0.000 F1200
G1 X56.599 Y-192.408
G0 Z3.500
G0 X56.938 Y-192.178
G1 Z0.000 F1200
G1 X62.604 Y-197.580
G0 Z3.500
G0 X63.170 Y-198.120
G1 Z0.000 F1200
G1 X66.566 Y-201.365
G0 Z3.500
G0 X67.131 Y-201.907
G1 Z0.000 F1200
G1 X70.510 Y-205.169
G0 Z3.500
G0 X71.072 Y-205.715
G1 Z0.000 F1200
G1 X74.993 Y-209.542
G0 Z3.500
G0 X73.619 Y-208.695
G1 Z0.000 F1200
G1 X72.135 Y-213.971
G0 Z3.500
G0 X71.921 Y-214.724
G1 Z0.000 F1200
G1 X70.846 Y-218.489
G0 Z3.500
G0 X70.630 Y-219.241
G1 Z0.000 F1200
G1 X69.759 Y-222.250
G0 Z3.500
G0 X69.541 Y-223.002
G1 Z0.000 F1200
G1 X68.007 Y-228.264
G0 Z3.500
G0 X67.788 Y-229.016
G1 Z0.000 F1200
G1 X66.696 Y-232.775
G0 Z3.500
G0 X66.479 Y-233.528
G1 Z0.000 F1200
G1 X65.613 Y-236.538
G0 Z3.500
G0 X65.739 Y-236.117
G1 Z0.000 F1200
G1 X64.957 Y-236.705
G1 X64.957 Y-237.292
G1 X66.717 Y-237.684
G1 X66.522 Y-236.117
G1 X65.935 Y-236.117
G0 Z3.500
G0 X66.103 Y-233.407
G1 Z0.000 F1200
G1 X70.062 Y-237.196
G0 Z3.500
G0 X70.628 Y-237.737
G1 Z0.000 F1200
G1 X75.711 Y-242.615
G0 Z3.500
G0 X75.326 Y-242.186
G1 Z0.000 F1200
G1 X75.717 Y-241.990
G1 X76.109 Y-242.382
G1 X76.109 Y-243.165
G1 X76.696 Y-244.144
G1 X76.500 Y-246.101
G1 X75.522 Y-247.080
G1 X74.543 Y-247.080
G1 X73.565 Y-246.101
G1 X73.565 Y-245.514
G1 X74.152 Y-244.927
G1 X74.152 Y-243.556
G1 X75.130 Y-242.382
G0 Z3.500
G0 X75.717 Y-241.990
G1 Z0.000 F1200
G1 X76.500 Y-243.948
G1 X76.891 Y-243.948
G1 X78.065 Y-242.577
G1 X77.087 Y-241.599
G1 X75.717 Y-241.794
G0 Z3.500
G0 X74.935 Y-241.403
G1 Z0.000 F1200
G1 X75.326 Y-241.207
G1 X75.717 Y-241.794
G1 X74.152 Y-243.556
G1 X73.174 Y-243.165
G1 X74.739 Y-241.599
G0 Z3.500
G0 X73.608 Y-241.275
G1 Z0.000 F1200
G1 X72.517 Y-245.035
G0 Z3.500
G0 X72.391 Y-245.514
G1 Z0.000 F1200
G1 X73.174 Y-245.318
G1 X74.348 Y-246.884
G1 X73.565 Y-247.863
G1 X72.196 Y-247.667
G1 X71.609 Y-247.080
G1 X71.609 Y-245.710
G1 X72.196 Y-245.514
G0 Z3.500
G0 X72.297 Y-245.787
G1 Z0.000 F1200
G1 X71.197 Y-249.544
G0 Z3.500
G0 X69.848 Y-249.429
G1 Z0.000 F1200
G1 X70.239 Y-249.233
G1 X70.630 Y-249.625
G1 X70.435 Y-250.799
G1 X69.261 Y-250.408
G1 X69.652 Y-249.625
G0 Z3.500
G0 X69.652 Y-248.254
G1 Z0.000 F1200
G1 X68.478 Y-249.429
G1 X68.870 Y-250.016
G1 X70.826 Y-248.646
G1 X70.630 Y-248.059
G1 X69.848 Y-248.254
G0 Z3.500
G0 X70.043 Y-247.276
G1 Z0.000 F1200
G1 X70.043 Y-247.863
G1 X70.826 Y-248.254
G1 X71.413 Y-248.254
G1 X72.000 Y-247.667
G1 X71.022 Y-246.884
G1 X70.043 Y-247.080
G0 Z3.500
G0 X69.936 Y-246.344
G1 Z0.000 F1200
G1 X72.730 Y-249.085
G0 Z3.500
G0 X71.609 Y-248.059
G1 Z0.000 F1200
G1 X70.826 Y-248.450
G1 X71.022 Y-249.038
G1 X70.630 Y-248.842
G1 X70.239 Y-249.233
G1 X70.630 Y-249.625
G1 X70.630 Y-250.799
G1 X72.196 Y-251.582
G1 X73.565 Y-250.212
G1 X73.565 Y-248.059
G1 X72.587 Y-247.667
G1 X71.804 Y-247.863
G0 Z3.500
G0 X71.922 Y-247.197
G1 Z0.000 F1200
G1 X68.525 Y-251.497
G0 Z3.500
G0 X69.095 Y-251.385
G1 Z0.000 F1200
G1 X71.070 Y-244.620
G0 Z3.500
G0 X70.547 Y-244.584
G1 Z0.000 F1200
G1 X75.577 Y-249.518
G0 Z3.500
G0 X76.136 Y-250.065
G1 Z0.000 F1200
G1 X81.184 Y-254.980
G0 Z3.500
G0 X81.747 Y-255.524
G1 Z0.000 F1200
G1 X84.004 Y-257.695
G0 Z3.500
G0 X84.380 Y-257.399
G1 Z0.000 F1200
G1 X86.120 Y-251.382
G0 Z3.500
G0 X86.967 Y-251.243
G1 Z0.000 F1200
G1 X92.001 Y-256.172
G0 Z3.500
G0 X90.585 Y-257.550
G1 Z0.000 F1200
G1 X91.894 Y-253.038
G0 Z3.500
G0 X92.152 Y-252.757
G1 Z0.000 F1200
G1 X92.152 Y-255.106
G1 X94.109 Y-255.106
G1 X95.087 Y-254.519
G1 X93.522 Y-252.365
G1 X92.152 Y-252.561
G0 Z3.500
G0 X91.543 Y-251.011
G1 Z0.000 F1200
G1 X85.923 Y-245.561
G0 Z3.500
G0 X85.359 Y-245.019
G1 Z0.000 F1200
G1 X81.968 Y-241.768
G0 Z3.500
G0 X82.174 Y-242.969
G1 Z0.000 F1200
G1 X82.957 Y-242.773
G1 X83.739 Y-244.144
G1 X82.761 Y-244.339
G1 X81.978 Y-243.752
G1 X81.978 Y-243.165
G0 Z3.500
G0 X81.391 Y-243.494
G1 Z0.000 F1200
G1 X86.455 Y-248.392
G0 Z3.500
G0 X85.772 Y-247.209
G1 Z0.000 F1200
G1 X84.248 Y-252.474
G0 Z3.500
G0 X84.774 Y-252.252
G1 Z0.000 F1200
G1 X85.470 Y-250.013
G1 X86.111 Y-246.407
G1 X86.297 Y-239.854
G1 X85.699 Y-232.814
G1 X83.104 Y-213.822
G1 X82.741 Y-205.528
G1 X83.048 Y-201.669
G1 X83.786 Y-198.065
G1 X85.035 Y-194.763
G1 X86.191 Y-192.755
G0 Z3.500
G0 X86.050 Y-192.658
G1 Z0.000 F1200
G1 X82.691 Y-196.988
G0 Z3.500
G0 X82.209 Y-197.605
G1 Z0.000 F1200
G1 X77.853 Y-203.143
G0 Z3.500
G0 X78.152 Y-203.479
G1 Z0.000 F1200
G1 X79.236 Y-199.717
G0 Z3.500
G0 X79.454 Y-198.965
G1 Z0.000 F1200
G1 X80.987 Y-193.702
G0 Z3.500
G0 X81.450 Y-194.113
G1 Z0.000 F1200
G1 X82.433 Y-191.139
G0 Z3.500
G0 X82.083 Y-189.944
G1 Z0.000 F1200
G1 X81.206 Y-192.951
G0 Z3.500
G0 X81.262 Y-194.573
G1 Z0.000 F1200
G1 X80.218 Y-196.350
G1 X79.120 Y-199.344
G1 X78.514 Y-202.689
G1 X78.324 Y-206.337
G1 X78.889 Y-214.349
G1 X81.875 Y-233.372
G1 X82.650 Y-240.653
G1 X82.676 Y-247.572
G1 X82.185 Y-251.458
G1 X81.600 Y-253.908
G0 Z3.500
G0 X81.978 Y-253.148
G1 Z0.000 F1200
G1 X79.630 Y-255.498
G1 X79.630 Y-255.889
G1 X80.804 Y-256.281
G1 X83.935 Y-256.281
G1 X84.130 Y-255.889
G1 X83.152 Y-254.910
G1 X83.152 Y-252.953
G1 X82.174 Y-252.953
G0 Z3.500
G0 X82.802 Y-252.721
G1 Z0.000 F1200
G1 X78.458 Y-258.268
G0 Z3.500
G0 X79.457 Y-257.897
G1 Z0.000 F1200
G1 X77.760 Y-256.273
G0 Z3.500
G0 X77.195 Y-255.732
G1 Z0.000 F1200
G1 X74.375 Y-253.017
G0 Z3.500
G0 X78.065 Y-251.387
G1 Z0.000 F1200
G1 X77.478 Y-252.170
G1 X77.478 Y-252.953
G1 X79.239 Y-253.148
G1 X80.022 Y-251.778
G1 X78.848 Y-250.995
G1 X78.261 Y-251.191
G0 Z3.500
G0 X77.087 Y-249.625
G1 Z0.000 F1200
G1 X75.522 Y-250.995
G1 X75.717 Y-254.519
G1 X77.478 Y-252.953
G1 X77.674 Y-251.778
G1 X78.652 Y-250.799
G1 X78.652 Y-250.016
G1 X77.870 Y-249.233
G1 X77.283 Y-249.429
G0 Z3.500
G0 X80.022 Y-247.471
G1 Z0.000 F1200
G1 X78.848 Y-247.471
G1 X77.674 Y-248.646
G1 X77.674 Y-249.038
G1 X78.652 Y-250.016
G1 X78.652 Y-250.799
G1 X80.413 Y-251.974
G1 X83.935 Y-248.254
G1 X83.935 Y-247.863
G1 X83.152 Y-247.667
G1 X82.761 Y-247.080
G1 X80.217 Y-247.276
G0 Z3.500
G0 X82.472 Y-247.891
G1 Z0.000 F1200
G1 X81.405 Y-251.658
G0 Z3.500
G0 X81.192 Y-252.412
G1 Z0.000 F1200
G1 X79.707 Y-257.688
G0 Z3.500
G0 X81.730 Y-257.797
G1 Z0.000 F1200
G1 X78.906 Y-255.086
G0 Z3.500
G0 X82.815 Y-253.749
G1 Z0.000 F1200
G1 X83.574 Y-251.319
G1 X84.298 Y-247.460
G1 X84.602 Y-240.571
G1 X84.100 Y-233.300
G1 X81.724 Y-214.179
G1 X81.472 Y-206.046
G1 X81.844 Y-202.316
G1 X82.656 Y-198.873
G1 X83.988 Y-195.766
G1 X85.206 Y-193.904
G0 Z3.500
G0 X85.181 Y-190.985
G1 Z0.000 F1200
G1 X89.486 Y-185.407
G0 Z3.500
G0 X89.413 Y-184.829
G1 Z0.000 F1200
G1 X89.609 Y-185.612
G1 X90.196 Y-186.003
G1 X90.587 Y-185.416
G1 X90.391 Y-184.633
G1 X89.413 Y-184.633
G0 Z3.500
G0 X89.963 Y-184.786
G1 Z0.000 F1200
G1 X92.350 Y-181.684
G0 Z3.500
G0 X91.011 Y-180.637
G1 Z0.000 F1200
G1 X89.102 Y-183.119
G0 Z3.500
G0 X89.217 Y-183.263
G1 Z0.000 F1200
G1 X89.217 Y-184.241
G1 X90.196 Y-184.437
G1 X90.196 Y-183.067
G1 X89.413 Y-183.067
G0 Z3.500
G0 X90.550 Y-181.783
G1 Z0.000 F1200
G1 X89.270 Y-186.304
G0 Z3.500
G0 X90.089 Y-187.138
G1 Z0.000 F1200
G1 X84.997 Y-182.269
G0 Z3.500
G0 X85.127 Y-182.958
G1 Z0.000 F1200
G1 X87.539 Y-175.509
G0 Z3.500
G0 X87.779 Y-174.763
G1 Z0.000 F1200
G1 X90.410 Y-166.562
G0 Z3.500
G0 X90.650 Y-165.817
G1 Z0.000 F1200
G1 X92.586 Y-159.860
G0 Z3.500
G0 X94.711 Y-162.197
G1 Z0.000 F1200
G1 X93.736 Y-165.173
G0 Z3.500
G0 X91.957 Y-167.015
G1 Z0.000 F1200
G1 X92.739 Y-170.538
G1 X92.152 Y-167.210
G0 Z3.500
G0 X96.838 Y-164.535
G1 Z0.000 F1200
G1 X98.804 Y-158.588
G0 Z3.500
G0 X99.391 Y-160.555
G1 Z0.000 F1200
G1 X100.565 Y-160.555
G1 X100.370 Y-162.316
G1 X99.587 Y-162.121
G1 X99.391 Y-160.750
G0 Z3.500
G0 X97.435 Y-156.835
G1 Z0.000 F1200
G1 X98.217 Y-160.163
G1 X98.413 Y-166.232
G1 X97.826 Y-170.734
G1 X97.826 Y-172.692
G1 X98.609 Y-172.887
G1 X97.826 Y-173.083
G1 X98.217 Y-175.628
G1 X97.826 Y-174.454
G1 X97.826 Y-170.734
G1 X98.413 Y-166.232
G1 X98.413 Y-162.708
G1 X97.435 Y-156.639
G0 Z3.500
G0 X99.000 Y-156.248
G1 Z0.000 F1200
G1 X100.174 Y-158.597
G1 X100.565 Y-160.555
G1 X100.565 Y-165.449
G1 X100.174 Y-166.036
G1 X100.174 Y-167.993
G1 X100.565 Y-162.512
G1 X99.783 Y-162.512
G1 X99.587 Y-164.470
G1 X99.783 Y-164.274
G1 X99.196 Y-163.883
G1 X99.196 Y-163.491
G1 X99.783 Y-162.904
G1 X98.804 Y-157.814
G1 X99.587 Y-160.359
G1 X100.370 Y-160.163
G1 X100.370 Y-159.380
G1 X99.000 Y-156.052
G0 Z3.500
G0 X98.413 Y-154.095
G1 Z0.000 F1200
G1 X100.565 Y-154.486
G1 X102.913 Y-155.661
G1 X99.978 Y-154.290
G1 X98.217 Y-154.095
G0 Z3.500
G0 X96.261 Y-154.878
G1 Z0.000 F1200
G1 X94.891 Y-156.444
G1 X93.717 Y-158.793
G1 X93.326 Y-160.750
G1 X91.957 Y-161.729
G1 X90.391 Y-167.602
G1 X89.609 Y-173.279
G1 X89.217 Y-174.649
G1 X88.826 Y-174.649
G1 X88.826 Y-182.088
G1 X89.413 Y-185.220
G1 X90.196 Y-186.003
G1 X91.761 Y-190.506
G1 X92.348 Y-190.897
G1 X92.348 Y-191.485
G1 X94.304 Y-193.834
G1 X94.500 Y-195.204
G1 X95.478 Y-196.183
G1 X96.065 Y-197.749
G1 X96.652 Y-197.945
G1 X100.761 Y-202.055
G1 X99.196 Y-200.294
G1 X98.022 Y-199.511
G1 X98.413 Y-198.728
G1 X97.630 Y-199.119
G1 X97.043 Y-198.336
G1 X97.630 Y-197.749
G1 X98.413 Y-197.945
G1 X97.826 Y-197.553
G1 X98.022 Y-196.183
G1 X98.413 Y-196.183
G1 X100.174 Y-198.140
G1 X100.174 Y-198.728
G1 X99.587 Y-199.119
G1 X100.565 Y-198.532
G1 X101.935 Y-198.923
G1 X102.326 Y-199.511
G1 X103.304 Y-199.902
G1 X102.522 Y-201.077
G1 X101.152 Y-200.685
G1 X102.717 Y-201.077
G1 X103.304 Y-201.664
G1 X103.109 Y-201.468
G1 X103.891 Y-200.489
G1 X105.457 Y-200.685
G1 X105.652 Y-201.860
G1 X106.043 Y-202.251
G1 X105.652 Y-201.860
G1 X105.652 Y-200.881
G1 X106.826 Y-200.881
G1 X108.587 Y-201.468
G1 X109.565 Y-202.447
G1 X110.348 Y-202.643
G1 X109.370 Y-202.251
G1 X109.761 Y-201.664
G1 X110.543 Y-201.860
G1 X109.174 Y-201.860
G1 X107.609 Y-201.077
G1 X105.652 Y-200.685
G1 X104.870 Y-199.119
G1 X103.891 Y-199.315
G1 X103.696 Y-198.728
G1 X103.696 Y-199.511
G1 X102.717 Y-199.706
G1 X101.935 Y-198.923
G1 X102.326 Y-198.728
G1 X101.543 Y-197.749
G1 X101.935 Y-198.336
G1 X101.739 Y-198.923
G1 X100.370 Y-198.532
G1 X98.609 Y-196.378
G1 X99.587 Y-196.183
G1 X98.022 Y-196.183
G1 X97.043 Y-195.204
G1 X97.043 Y-194.029
G1 X93.522 Y-188.744
G1 X91.761 Y-184.241
G1 X90.587 Y-178.173
G1 X90.391 Y-174.062
G1 X89.609 Y-173.279
G1 X91.370 Y-163.491
G1 X91.957 Y-161.729
G1 X93.130 Y-160.946
G1 X93.522 Y-161.142
G1 X93.717 Y-162.512
G1 X94.109 Y-162.904
G1 X93.913 Y-165.449
G1 X94.109 Y-162.904
G1 X93.717 Y-162.512
G1 X93.326 Y-160.359
G1 X94.891 Y-156.444
G1 X96.065 Y-155.073
G0 Z3.500
G0 X94.545 Y-153.910
G1 Z0.000 F1200
G1 X95.527 Y-150.936
G0 Z3.500
G0 X93.447 Y-150.813
G1 Z0.000 F1200
G1 X104.314 Y-159.481
G1 X110.851 Y-165.367
G1 X116.110 Y-171.250
G1 X119.924 Y-176.931
G1 X122.803 Y-183.280
G1 X123.806 Y-186.728
G1 X124.470 Y-190.371
G1 X124.732 Y-196.901
G1 X123.797 Y-204.042
G0 Z3.500
G0 X125.926 Y-203.854
G1 Z0.000 F1200
G1 X127.096 Y-196.209
G1 X126.917 Y-189.090
G1 X126.242 Y-185.072
G1 X125.193 Y-181.244
G1 X123.811 Y-177.604
G1 X122.137 Y-174.154
G1 X120.214 Y-170.892
G1 X117.333 Y-166.837
G1 X111.698 Y-160.546
G1 X104.085 Y-153.961
G1 X95.742 Y-148.204
G0 Z3.500
G0 X94.681 Y-147.957
G1 Z0.000 F1200
G1 X104.920 Y-156.723
G1 X111.698 Y-163.263
G1 X117.204 Y-169.589
G1 X121.785 Y-176.393
G1 X124.592 Y-182.547
G1 X125.503 Y-185.719
G1 X126.031 Y-188.945
G1 X125.954 Y-194.426
G1 X125.269 Y-197.767
G1 X124.521 Y-200.013
G0 Z3.500
G0 X121.589 Y-203.543
G1 Z0.000 F1200
G1 X122.519 Y-195.874
G1 X122.312 Y-188.969
G1 X121.707 Y-185.169
G1 X120.779 Y-181.612
G1 X118.091 Y-175.179
G1 X116.396 Y-172.279
G1 X113.845 Y-168.711
G1 X108.801 Y-163.215
G1 X102.593 Y-157.926
G1 X93.043 Y-151.018
G0 Z3.500
G0 X93.083 Y-151.429
G1 Z0.000 F1200
G1 X96.338 Y-153.429
G1 X99.874 Y-156.061
G1 X103.542 Y-159.290
G1 X106.470 Y-162.279
G1 X111.987 Y-169.264
G1 X116.043 Y-176.384
G1 X118.621 Y-183.159
G1 X120.096 Y-190.490
G1 X120.339 Y-194.345
G1 X120.209 Y-198.316
G1 X119.077 Y-205.173
G0 Z3.500
G0 X118.811 Y-205.172
G1 Z0.000 F1200
G1 X119.872 Y-196.764
G1 X119.971 Y-192.095
G1 X119.703 Y-187.705
G1 X119.099 Y-183.588
G1 X118.190 Y-179.743
G1 X117.007 Y-176.166
G1 X115.054 Y-171.806
G1 X113.348 Y-168.840
G1 X110.811 Y-165.283
G1 X108.038 Y-162.173
G1 X105.103 Y-159.502
G1 X102.077 Y-157.263
G1 X98.279 Y-155.057
G1 X95.316 Y-153.757
G1 X91.825 Y-152.701
G0 Z3.500
G0 X92.052 Y-153.118
G1 Z0.000 F1200
G1 X100.142 Y-159.293
G1 X105.673 Y-164.512
G1 X110.034 Y-170.043
G1 X112.157 Y-173.678
G1 X113.514 Y-176.655
G1 X115.481 Y-183.315
G1 X116.027 Y-187.026
G1 X116.237 Y-191.008
G1 X115.752 Y-198.285
G1 X114.094 Y-206.419
G0 Z3.500
G0 X114.185 Y-205.930
G1 Z0.000 F1200
G1 X115.689 Y-198.108
G1 X116.094 Y-191.061
G1 X115.869 Y-187.182
G1 X115.330 Y-183.550
G1 X113.435 Y-176.978
G1 X112.140 Y-174.014
G1 X110.123 Y-170.368
G1 X105.999 Y-164.750
G1 X100.793 Y-159.348
G1 X92.668 Y-152.312
G0 Z3.500
G0 X92.935 Y-151.746
G1 Z0.000 F1200
G1 X90.000 Y-153.312
G1 X86.870 Y-156.248
G1 X84.913 Y-159.184
G1 X83.543 Y-162.512
G1 X82.957 Y-165.644
G1 X81.978 Y-167.406
G1 X81.000 Y-173.083
G1 X80.217 Y-173.670
G1 X80.217 Y-174.845
G1 X79.630 Y-175.628
G1 X79.630 Y-178.760
G1 X78.652 Y-179.543
G1 X78.457 Y-180.718
G1 X78.652 Y-179.543
G1 X79.435 Y-178.956
G1 X79.826 Y-179.152
G1 X79.826 Y-180.522
G1 X79.435 Y-180.914
G1 X79.630 Y-183.458
G1 X80.022 Y-183.850
G1 X79.630 Y-183.458
G1 X79.435 Y-180.914
G1 X80.022 Y-180.718
G1 X80.413 Y-181.109
G1 X80.609 Y-183.654
G1 X80.413 Y-181.109
G1 X79.826 Y-180.522
G1 X79.630 Y-178.173
G1 X80.609 Y-177.586
G1 X80.022 Y-177.977
G1 X79.435 Y-177.586
G1 X79.630 Y-175.628
G1 X80.217 Y-174.845
G1 X80.217 Y-173.670
G1 X81.000 Y-173.083
G1 X81.587 Y-173.670
G1 X82.174 Y-179.543
G1 X85.500 Y-191.680
G1 X82.174 Y-179.543
G1 X81.587 Y-173.670
G1 X81.000 Y-173.083
G1 X81.391 Y-169.755
G1 X82.761 Y-165.840
G1 X83.543 Y-166.427
G1 X83.543 Y-167.993
G1 X83.543 Y-166.427
G1 X82.957 Y-165.840
G1 X83.543 Y-162.512
G1 X85.500 Y-158.206
G1 X86.870 Y-156.248
G1 X90.000 Y-153.312
G1 X93.130 Y-151.746
G0 Z3.500
G0 X93.098 Y-150.473
G1 Z0.000 F1200
G1 X101.206 Y-157.025
G1 X108.280 Y-163.862
G1 X113.416 Y-170.022
G1 X117.755 Y-176.861
G1 X120.511 Y-183.225
G1 X121.464 Y-186.570
G1 X122.088 Y-190.019
G1 X122.349 Y-193.566
G1 X122.213 Y-197.208
G1 X121.009 Y-203.478
G0 Z3.500
G0 X118.370 Y-200.294
G1 Z0.000 F1200
G1 X120.717 Y-201.860
G1 X121.891 Y-202.055
G1 X120.717 Y-201.860
G1 X118.174 Y-200.294
G0 Z3.500
G0 X116.804 Y-200.489
G1 Z0.000 F1200
G1 X119.348 Y-202.055
G1 X120.717 Y-203.817
G1 X121.304 Y-203.622
G1 X121.109 Y-204.013
G1 X124.043 Y-206.754
G1 X124.043 Y-205.775
G1 X122.478 Y-203.817
G1 X124.043 Y-205.775
G1 X124.239 Y-206.949
G1 X126.391 Y-210.277
G1 X126.783 Y-212.039
G1 X126.391 Y-210.277
G1 X124.826 Y-207.537
G1 X119.543 Y-202.643
G1 X119.152 Y-202.643
G1 X118.565 Y-201.860
G1 X117.978 Y-201.860
G1 X118.565 Y-201.664
G1 X116.609 Y-200.294
G0 Z3.500
G0 X115.499 Y-205.852
G1 Z0.000 F1200
G1 X116.538 Y-197.348
G1 X116.647 Y-192.611
G1 X116.409 Y-188.149
G1 X115.017 Y-180.053
G1 X112.619 Y-173.065
G1 X111.121 Y-169.988
G1 X108.886 Y-166.319
G1 X106.448 Y-163.148
G1 X103.883 Y-160.476
G1 X101.265 Y-158.304
G1 X98.671 Y-156.635
G1 X96.175 Y-155.469
G1 X93.308 Y-154.722
G0 Z3.500
G0 X92.614 Y-154.658
G1 Z0.000 F1200
G1 X95.782 Y-155.984
G1 X98.503 Y-157.538
G1 X102.018 Y-160.084
G1 X104.828 Y-162.591
G1 X107.558 Y-165.506
G1 X110.133 Y-168.821
G1 X112.479 Y-172.526
G1 X114.043 Y-175.555
G1 X115.808 Y-179.921
G1 X116.851 Y-183.435
G1 X117.620 Y-187.151
G1 X118.081 Y-191.064
G1 X118.205 Y-195.171
G1 X117.960 Y-199.468
G1 X116.645 Y-207.041
G0 Z3.500
G0 X117.599 Y-206.648
G1 Z0.000 F1200
G1 X119.070 Y-198.539
G1 X119.340 Y-191.138
G1 X118.995 Y-187.031
G1 X118.315 Y-183.168
G1 X116.097 Y-176.160
G1 X114.633 Y-173.007
G1 X112.394 Y-169.158
G1 X107.935 Y-163.370
G1 X105.227 Y-160.588
G1 X101.842 Y-157.630
G1 X95.192 Y-153.067
G0 Z3.500
G0 X93.386 Y-153.982
G1 Z0.000 F1200
G1 X100.164 Y-159.557
G1 X105.039 Y-164.609
G1 X109.011 Y-170.011
G1 X112.308 Y-176.410
G1 X114.307 Y-182.747
G1 X115.289 Y-189.921
G1 X115.322 Y-193.837
G1 X115.011 Y-197.980
G1 X113.645 Y-205.408
G0 Z3.500
G0 X110.540 Y-205.152
G1 Z0.000 F1200
G1 X112.518 Y-198.244
G1 X113.148 Y-194.295
G1 X113.396 Y-190.497
G1 X112.869 Y-183.364
G1 X112.152 Y-180.034
G1 X110.796 Y-175.847
G1 X107.516 Y-169.233
G1 X105.247 Y-165.872
G1 X102.778 Y-162.824
G1 X97.528 Y-157.693
G1 X94.239 Y-155.160
G1 X91.111 Y-153.159
G0 Z3.500
G0 X90.934 Y-153.237
G1 Z0.000 F1200
G1 X96.070 Y-157.050
G1 X100.738 Y-161.805
G1 X104.335 Y-167.121
G1 X106.653 Y-172.640
G1 X107.761 Y-178.032
G1 X107.838 Y-184.047
G1 X106.677 Y-190.700
G1 X104.614 Y-196.741
G0 Z3.500
G0 X104.902 Y-196.465
G1 Z0.000 F1200
G1 X101.550 Y-200.800
G0 Z3.500
G0 X102.027 Y-201.368
G1 Z0.000 F1200
G1 X102.885 Y-198.356
G0 Z3.500
G0 X103.891 Y-199.315
G1 Z0.000 F1200
G1 X103.500 Y-199.902
G1 X104.087 Y-200.489
G1 X105.457 Y-200.489
G1 X104.870 Y-199.119
G1 X104.087 Y-199.315
G0 Z3.500
G0 X104.081 Y-197.612
G1 Z0.000 F1200
G1 X106.269 Y-191.123
G1 X107.113 Y-184.839
G1 X106.797 Y-178.863
G1 X105.211 Y-172.417
G1 X102.594 Y-166.695
G1 X100.750 Y-163.813
G1 X98.720 Y-161.252
G1 X94.324 Y-157.210
G1 X91.507 Y-155.506
G1 X89.302 Y-154.645
G0 Z3.500
G0 X88.365 Y-154.091
G1 Z0.000 F1200
G1 X86.136 Y-159.093
G1 X84.102 Y-165.281
G1 X82.409 Y-172.316
G1 X81.319 Y-178.902
G1 X80.696 Y-185.650
G1 X80.636 Y-192.335
G1 X81.106 Y-197.843
G1 X82.122 Y-202.995
G0 Z3.500
G0 X81.861 Y-203.662
G1 Z0.000 F1200
G1 X80.864 Y-197.605
G1 X80.420 Y-191.516
G1 X80.524 Y-184.487
G1 X81.214 Y-177.665
G1 X82.399 Y-171.184
G1 X84.246 Y-164.367
G1 X86.490 Y-158.372
G1 X88.996 Y-153.398
G0 Z3.500
G0 X88.724 Y-153.683
G1 Z0.000 F1200
G1 X86.085 Y-157.390
G1 X83.705 Y-162.845
G1 X81.733 Y-169.681
G1 X80.462 Y-176.508
G1 X79.719 Y-183.867
G1 X79.606 Y-191.512
G1 X80.086 Y-198.106
G1 X81.167 Y-204.576
G0 Z3.500
G0 X81.947 Y-204.947
G1 Z0.000 F1200
G1 X80.814 Y-198.604
G1 X80.280 Y-192.330
G1 X80.336 Y-185.158
G1 X81.039 Y-178.211
G1 X82.298 Y-171.558
G1 X84.302 Y-164.406
G1 X86.779 Y-157.835
G1 X89.596 Y-151.950
G0 Z3.500
G0 X89.627 Y-152.875
G1 Z0.000 F1200
G1 X87.463 Y-156.418
G1 X85.267 Y-162.031
G1 X83.480 Y-168.984
G1 X82.341 Y-175.900
G1 X81.682 Y-183.353
G1 X81.580 Y-191.115
G1 X82.113 Y-198.958
G1 X83.134 Y-205.572
G0 Z3.500
G0 X82.430 Y-205.727
G1 Z0.000 F1200
G1 X80.027 Y-208.817
G0 Z3.500
G0 X79.544 Y-209.433
G1 Z0.000 F1200
G1 X76.157 Y-213.741
G0 Z3.500
G0 X74.966 Y-214.783
G1 Z0.000 F1200
G1 X73.909 Y-218.553
G0 Z3.500
G0 X73.648 Y-219.730
G1 Z0.000 F1200
G1 X70.252 Y-224.031
G0 Z3.500
G0 X68.550 Y-224.109
G1 Z0.000 F1200
G1 X65.742 Y-221.382
G0 Z3.500
G0 X65.179 Y-220.838
G1 Z0.000 F1200
G1 X61.793 Y-217.583
G0 Z3.500
G0 X63.000 Y-216.737
G1 Z0.000 F1200
G1 X62.413 Y-218.695
G1 X64.174 Y-220.653
G1 X64.370 Y-216.737
G1 X63.978 Y-216.346
G1 X63.000 Y-216.542
G0 Z3.500
G0 X63.603 Y-215.852
G1 Z0.000 F1200
G1 X59.767 Y-220.803
G0 Z3.500
G0 X59.283 Y-220.848
G1 Z0.000 F1200
G1 X59.870 Y-221.631
G1 X60.652 Y-221.631
G1 X63.000 Y-223.980
G1 X65.152 Y-222.023
G1 X63.978 Y-220.457
G1 X59.283 Y-220.653
G0 Z3.500
G0 X59.087 Y-221.240
G1 Z0.000 F1200
G1 X59.283 Y-221.044
G1 X59.870 Y-221.631
G1 X60.652 Y-221.631
G1 X62.804 Y-223.785
G1 X62.609 Y-224.372
G1 X59.283 Y-224.959
G1 X58.500 Y-224.176
G1 X59.087 Y-221.436
G0 Z3.500
G0 X59.285 Y-221.420
G1 Z0.000 F1200
G1 X53.954 Y-228.183
G0 Z3.500
G0 X53.065 Y-226.494
G1 Z0.000 F1200
G1 X56.468 Y-222.199
G0 Z3.500
G0 X56.601 Y-221.835
G1 Z0.000 F1200
G1 X61.076 Y-226.217
G0 Z3.500
G0 X62.857 Y-223.244
G1 Z0.000 F1200
G1 X66.771 Y-227.079
G0 Z3.500
G0 X67.330 Y-227.627
G1 Z0.000 F1200
G1 X71.810 Y-232.003
G0 Z3.500
G0 X71.863 Y-233.240
G1 Z0.000 F1200
G1 X76.706 Y-227.088
G0 Z3.500
G0 X77.187 Y-226.471
G1 Z0.000 F1200
G1 X82.454 Y-219.657
G0 Z3.500
G0 X82.930 Y-219.036
G1 Z0.000 F1200
G1 X87.705 Y-212.832
G0 Z3.500
G0 X87.934 Y-212.802
G1 Z0.000 F1200
G1 X86.208 Y-218.823
G0 Z3.500
G0 X89.078 Y-218.620
G1 Z0.000 F1200
G1 X91.888 Y-221.346
G0 Z3.500
G0 X92.116 Y-221.248
G1 Z0.000 F1200
G1 X87.271 Y-227.398
G0 Z3.500
G0 X88.353 Y-227.585
G1 Z0.000 F1200
G1 X86.609 Y-233.601
G0 Z3.500
G0 X86.390 Y-234.353
G1 Z0.000 F1200
G1 X85.293 Y-238.111
G0 Z3.500
G0 X84.913 Y-238.662
G1 Z0.000 F1200
G1 X85.891 Y-238.467
G1 X86.087 Y-238.858
G1 X84.522 Y-240.620
G1 X84.130 Y-240.620
G1 X84.522 Y-240.816
G1 X84.913 Y-242.382
G1 X83.739 Y-244.144
G1 X83.348 Y-243.752
G1 X83.348 Y-243.165
G1 X83.739 Y-242.969
G1 X83.348 Y-243.165
G1 X82.957 Y-242.773
G1 X83.348 Y-241.794
G1 X82.761 Y-242.186
G1 X82.370 Y-241.599
G1 X84.717 Y-238.858
G0 Z3.500
G0 X85.074 Y-238.863
G1 Z0.000 F1200
G1 X83.765 Y-243.375
G0 Z3.500
G0 X83.549 Y-244.127
G1 Z0.000 F1200
G1 X82.686 Y-247.138
G0 Z3.500
G0 X83.543 Y-248.646
G1 Z0.000 F1200
G1 X84.130 Y-248.450
G1 X84.717 Y-249.625
G1 X84.326 Y-252.365
G1 X83.152 Y-252.757
G1 X81.000 Y-252.365
G1 X80.609 Y-251.778
G1 X83.348 Y-248.842
G0 Z3.500
G0 X84.522 Y-250.604
G1 Z0.000 F1200
G1 X85.696 Y-250.408
G1 X86.283 Y-250.995
G1 X87.652 Y-250.995
G1 X87.652 Y-252.953
G1 X85.304 Y-254.323
G1 X85.109 Y-253.148
G1 X84.326 Y-252.365
G1 X84.522 Y-250.799
G0 Z3.500
G0 X83.217 Y-251.373
G1 Z0.000 F1200
G1 X83.766 Y-249.246
G1 X84.209 Y-245.792
G1 X84.116 Y-239.459
G1 X83.286 Y-232.617
G1 X80.177 Y-214.190
G1 X79.549 Y-206.260
G1 X79.701 Y-202.624
G1 X80.266 Y-199.276
G1 X81.317 Y-196.270
G1 X82.325 Y-194.482
G0 Z3.500
G0 X80.843 Y-196.537
G1 Z0.000 F1200
G1 X75.508 Y-203.297
G0 Z3.500
G0 X75.023 Y-203.912
G1 Z0.000 F1200
G1 X71.161 Y-208.842
G0 Z3.500
G0 X69.907 Y-206.922
G1 Z0.000 F1200
G1 X64.852 Y-202.014
G0 Z3.500
G0 X64.288 Y-201.471
G1 Z0.000 F1200
G1 X61.462 Y-198.763
G0 Z3.500
G0 X60.999 Y-198.558
G1 Z0.000 F1200
G1 X62.082 Y-194.795
G0 Z3.500
G0 X62.299 Y-194.043
G1 Z0.000 F1200
G1 X63.393 Y-190.284
G0 Z3.500
G0 X62.657 Y-190.761
G1 Z0.000 F1200
G1 X59.292 Y-187.484
G0 Z3.500
G0 X59.674 Y-187.178
G1 Z0.000 F1200
G1 X59.478 Y-188.548
G1 X60.457 Y-189.527
G1 X61.435 Y-189.723
G1 X61.630 Y-188.744
G1 X61.043 Y-187.374
G1 X60.457 Y-186.786
G1 X59.870 Y-186.982
G0 Z3.500
G0 X61.065 Y-187.086
G1 Z0.000 F1200
G1 X60.169 Y-191.218
G1 X59.745 Y-195.542
G1 X59.728 Y-200.018
G1 X60.054 Y-204.608
G1 X61.776 Y-215.532
G1 X66.916 Y-239.302
G1 X67.681 Y-245.668
G1 X67.520 Y-251.211
G0 Z3.500
G0 X65.178 Y-250.948
G1 Z0.000 F1200
G1 X65.707 Y-245.482
G1 X65.240 Y-239.168
G1 X60.810 Y-215.344
G1 X59.406 Y-204.257
G1 X59.239 Y-199.568
G1 X59.433 Y-194.971
G1 X60.059 Y-190.505
G1 X61.186 Y-186.210
G0 Z3.500
G0 X60.760 Y-185.806
G1 Z0.000 F1200
G1 X58.822 Y-188.266
G0 Z3.500
G0 X58.685 Y-189.240
G1 Z0.000 F1200
G1 X63.755 Y-194.133
G0 Z3.500
G0 X64.320 Y-194.675
G1 Z0.000 F1200
G1 X69.984 Y-200.079
G0 Z3.500
G0 X70.550 Y-200.619
G1 Z0.000 F1200
G1 X74.509 Y-204.408
G0 Z3.500
G0 X75.073 Y-204.951
G1 Z0.000 F1200
G1 X78.447 Y-208.218
G0 Z3.500
G0 X79.008 Y-208.764
G1 Z0.000 F1200
G1 X84.043 Y-213.693
G0 Z3.500
G0 X84.630 Y-213.483
G1 Z0.000 F1200
G1 X86.366 Y-207.464
G0 Z3.500
G0 X86.581 Y-206.712
G1 Z0.000 F1200
G1 X88.286 Y-200.684
G0 Z3.500
G0 X88.067 Y-201.191
G1 Z0.000 F1200
G1 X83.297 Y-207.399
G0 Z3.500
G0 X83.925 Y-205.135
G1 Z0.000 F1200
G1 X82.393 Y-210.397
G0 Z3.500
G0 X82.174 Y-211.149
G1 Z0.000 F1200
G1 X81.083 Y-214.909
G0 Z3.500
G0 X80.865 Y-215.661
G1 Z0.000 F1200
G1 X79.785 Y-219.424
G0 Z3.500
G0 X79.571 Y-220.177
G1 Z0.000 F1200
G1 X78.717 Y-223.191
G0 Z3.500
G0 X78.505 Y-223.945
G1 Z0.000 F1200
G1 X76.814 Y-229.976
G0 Z3.500
G0 X76.602 Y-230.730
G1 Z0.000 F1200
G1 X74.903 Y-236.759
G0 Z3.500
G0 X74.688 Y-237.512
G1 Z0.000 F1200
G1 X73.825 Y-240.523
G0 Z3.500
G0 X72.387 Y-240.110
G1 Z0.000 F1200
G1 X73.475 Y-236.349
G0 Z3.500
G0 X73.761 Y-236.509
G1 Z0.000 F1200
G1 X77.087 Y-236.313
G1 X78.652 Y-238.075
G1 X78.457 Y-238.858
G1 X79.630 Y-239.837
G1 X79.239 Y-240.033
G1 X79.630 Y-240.228
G1 X79.239 Y-241.599
G1 X78.652 Y-242.186
G1 X77.674 Y-241.207
G1 X77.478 Y-239.641
G1 X78.065 Y-239.445
G1 X77.674 Y-239.445
G1 X77.478 Y-238.858
G1 X77.674 Y-241.207
G1 X77.087 Y-241.599
G1 X75.717 Y-241.599
G1 X75.130 Y-241.011
G1 X75.130 Y-240.424
G1 X72.783 Y-238.075
G1 X76.891 Y-237.879
G1 X72.978 Y-237.879
G1 X72.783 Y-237.488
G1 X73.565 Y-236.705
G0 Z3.500
G0 X73.691 Y-235.597
G1 Z0.000 F1200
G1 X74.550 Y-232.585
G0 Z3.500
G0 X73.721 Y-233.698
G1 Z0.000 F1200
G1 X70.321 Y-237.996
G0 Z3.500
G0 X69.065 Y-238.467
G1 Z0.000 F1200
G1 X72.587 Y-238.467
G1 X71.217 Y-239.837
G1 X70.826 Y-241.207
G1 X69.652 Y-240.228
G1 X67.891 Y-239.641
G1 X66.913 Y-238.662
G1 X68.870 Y-238.467
G0 Z3.500
G0 X66.717 Y-239.054
G1 Z0.000 F1200
G1 X67.109 Y-238.858
G1 X69.065 Y-240.228
G1 X68.478 Y-240.816
G1 X66.717 Y-240.816
G1 X66.522 Y-239.250
G0 Z3.500
G0 X66.130 Y-242.773
G1 Z0.000 F1200
G1 X66.913 Y-242.773
G1 X66.913 Y-244.339
G1 X65.935 Y-243.948
G1 X65.935 Y-242.969
G0 Z3.500
G0 X65.935 Y-244.535
G1 Z0.000 F1200
G1 X67.109 Y-244.535
G1 X66.913 Y-245.905
G1 X66.326 Y-246.493
G1 X64.957 Y-245.318
G1 X64.957 Y-244.731
G1 X65.739 Y-244.535
G0 Z3.500
G0 X66.913 Y-244.927
G1 Z0.000 F1200
G1 X67.696 Y-244.731
G1 X68.478 Y-245.318
G1 X67.304 Y-247.276
G1 X66.522 Y-246.688
G1 X66.913 Y-245.122
G0 Z3.500
G0 X65.935 Y-246.884
G1 Z0.000 F1200
G1 X66.522 Y-246.688
G1 X67.109 Y-247.080
G1 X67.109 Y-248.059
G1 X65.935 Y-248.254
G1 X65.739 Y-247.080
G0 Z3.500
G0 X67.109 Y-248.059
G1 Z0.000 F1200
G1 X68.478 Y-247.863
G1 X68.674 Y-249.233
G1 X67.500 Y-249.233
G1 X67.109 Y-248.254
G0 Z3.500
G0 X69.848 Y-245.710
G1 Z0.000 F1200
G1 X69.848 Y-246.493
G1 X70.239 Y-246.884
G1 X71.609 Y-246.884
G1 X71.413 Y-245.514
G1 X69.848 Y-245.514
G0 Z3.500
G0 X71.290 Y-243.869
G1 Z0.000 F1200
G1 X72.168 Y-240.862
G0 Z3.500
G0 X70.942 Y-239.696
G1 Z0.000 F1200
G1 X72.690 Y-233.681
G0 Z3.500
G0 X71.781 Y-234.287
G1 Z0.000 F1200
G1 X76.868 Y-239.162
G0 Z3.500
G0 X76.293 Y-240.885
G1 Z0.000 F1200
G1 X72.334 Y-237.097
G0 Z3.500
G0 X71.768 Y-236.556
G1 Z0.000 F1200
G1 X66.124 Y-231.131
G0 Z3.500
G0 X66.345 Y-228.602
G1 Z0.000 F1200
G1 X67.875 Y-223.339
G0 Z3.500
G0 X68.094 Y-222.587
G1 Z0.000 F1200
G1 X68.970 Y-219.580
G0 Z3.500
G0 X69.189 Y-218.828
G1 Z0.000 F1200
G1 X70.923 Y-212.809
G0 Z3.500
G0 X69.706 Y-211.645
G1 Z0.000 F1200
G1 X68.836 Y-214.654
G0 Z3.500
G0 X66.326 Y-214.976
G1 Z0.000 F1200
G1 X67.696 Y-214.780
G1 X74.348 Y-221.631
G1 X72.978 Y-222.610
G1 X71.217 Y-221.240
G1 X70.630 Y-221.240
G1 X65.935 Y-216.542
G1 X65.739 Y-215.759
G1 X66.326 Y-215.171
G0 Z3.500
G0 X65.781 Y-214.578
G1 Z0.000 F1200
G1 X69.177 Y-217.823
G0 Z3.500
G0 X70.904 Y-217.585
G1 Z0.000 F1200
G1 X75.752 Y-211.437
G0 Z3.500
G0 X71.248 Y-205.929
G1 Z0.000 F1200
G1 X67.420 Y-210.887
G0 Z3.500
G0 X67.618 Y-207.039
G1 Z0.000 F1200
G1 X63.694 Y-203.213
G0 Z3.500
G0 X63.132 Y-202.669
G1 Z0.000 F1200
G1 X59.751 Y-199.409
G0 Z3.500
G0 X59.186 Y-198.867
G1 Z0.000 F1200
G1 X54.654 Y-194.544
G0 Z3.500
G0 X54.009 Y-194.441
G1 Z0.000 F1200
G1 X55.929 Y-191.966
G0 Z3.500
G0 X55.227 Y-192.823
G1 Z0.000 F1200
G1 X60.896 Y-198.222
G0 Z3.500
G0 X60.358 Y-200.398
G1 Z0.000 F1200
G1 X57.931 Y-203.469
G0 Z3.500
G0 X57.446 Y-204.083
G1 Z0.000 F1200
G1 X52.124 Y-210.854
G0 Z3.500
G0 X51.643 Y-211.471
G1 Z0.000 F1200
G1 X48.287 Y-215.804
G0 Z3.500
G0 X48.707 Y-216.488
G1 Z0.000 F1200
G1 X53.193 Y-220.857
G0 Z3.500
G0 X51.457 Y-220.848
G1 Z0.000 F1200
G1 X51.848 Y-220.653
G1 X54.000 Y-222.414
G1 X53.804 Y-224.568
G1 X52.043 Y-223.785
G1 X51.457 Y-221.044
G0 Z3.500
G0 X49.449 Y-222.674
G1 Z0.000 F1200
G1 X54.772 Y-215.905
G0 Z3.500
G0 X54.415 Y-215.082
G1 Z0.000 F1200
G1 X57.804 Y-218.335
G0 Z3.500
G0 X58.109 Y-218.108
G1 Z0.000 F1200
G1 X56.935 Y-219.674
G1 X56.935 Y-220.457
G1 X58.891 Y-221.631
G1 X59.478 Y-220.457
G1 X59.478 Y-218.891
G1 X58.891 Y-217.912
G1 X58.304 Y-218.108
G0 Z3.500
G0 X58.367 Y-218.878
G1 Z0.000 F1200
G1 X62.297 Y-222.697
G0 Z3.500
G0 X59.478 Y-219.478
G1 Z0.000 F1200
G1 X59.674 Y-220.457
G1 X63.783 Y-220.261
G1 X62.609 Y-219.086
G1 X59.478 Y-219.282
G0 Z3.500
G0 X55.176 Y-218.208
G1 Z0.000 F1200
G1 X50.325 Y-224.352
G0 Z3.500
G0 X55.761 Y-223.393
G1 Z0.000 F1200
G1 X54.783 Y-224.568
G1 X55.174 Y-225.351
G1 X58.696 Y-225.546
G1 X59.087 Y-225.155
G1 X59.087 Y-224.763
G1 X57.326 Y-223.002
G1 X55.761 Y-223.197
G0 Z3.500
G0 X51.552 Y-216.921
G1 Z0.000 F1200
G1 X48.167 Y-213.665
G0 Z3.500
G0 X47.998 Y-210.609
G1 Z0.000 F1200
G1 X51.823 Y-205.650
G0 Z3.500
G0 X52.302 Y-205.031
G1 Z0.000 F1200
G1 X56.640 Y-199.478
G0 Z3.500
G0 X58.696 Y-201.468
G1 Z0.000 F1200
G1 X62.217 Y-201.468
G1 X61.826 Y-206.362
G1 X60.261 Y-206.362
G1 X59.283 Y-205.383
G1 X56.543 Y-205.579
G1 X54.196 Y-206.754
G1 X53.022 Y-206.754
G1 X52.239 Y-207.145
G1 X51.652 Y-206.949
G1 X51.457 Y-205.971
G1 X52.435 Y-204.405
G1 X54.978 Y-203.230
G1 X55.957 Y-203.817
G1 X55.565 Y-203.622
G1 X55.761 Y-203.034
G1 X56.935 Y-203.034
G1 X58.500 Y-201.664
G0 Z3.500
G0 X62.129 Y-203.769
G1 Z0.000 F1200
G1 X58.740 Y-208.076
G0 Z3.500
G0 X58.255 Y-208.690
G1 Z0.000 F1200
G1 X52.916 Y-215.448
G0 Z3.500
G0 X53.849 Y-214.541
G1 Z0.000 F1200
G1 X48.182 Y-209.140
G0 Z3.500
G0 X52.630 Y-206.949
G1 Z0.000 F1200
G1 X51.652 Y-207.341
G1 X49.696 Y-210.473
G1 X49.109 Y-213.409
G1 X49.109 Y-214.584
G1 X49.500 Y-215.171
G1 X50.478 Y-215.367
G1 X52.630 Y-212.235
G1 X55.761 Y-209.494
G1 X54.978 Y-208.320
G1 X54.978 Y-207.341
G1 X54.391 Y-206.754
G1 X52.826 Y-206.949
G0 Z3.500
G0 X59.870 Y-206.754
G1 Z0.000 F1200
G1 X58.500 Y-208.124
G1 X57.522 Y-208.320
G1 X54.000 Y-210.865
G1 X51.457 Y-213.605
G1 X50.283 Y-215.759
G1 X49.109 Y-216.150
G1 X49.304 Y-217.325
G1 X51.457 Y-219.282
G1 X51.848 Y-218.695
G1 X50.087 Y-216.737
G1 X51.848 Y-218.695
G1 X52.630 Y-216.933
G1 X54.196 Y-216.150
G1 X54.978 Y-213.605
G1 X55.957 Y-213.018
G1 X55.370 Y-213.214
G1 X54.391 Y-215.171
G1 X54.587 Y-215.563
G1 X56.739 Y-214.780
G1 X57.326 Y-214.192
G1 X57.130 Y-212.039
G1 X55.565 Y-212.039
G1 X59.478 Y-211.256
G1 X59.870 Y-210.669
G1 X61.043 Y-210.277
G1 X61.630 Y-209.690
G1 X61.826 Y-207.928
G1 X62.217 Y-207.341
G1 X62.022 Y-206.558
G1 X60.065 Y-206.558
G0 Z3.500
G0 X63.575 Y-205.813
G1 Z0.000 F1200
G1 X62.278 Y-210.329
G0 Z3.500
G0 X63.793 Y-205.061
G1 Z0.000 F1200
G1 X65.105 Y-200.550
G0 Z3.500
G0 X64.565 Y-200.881
G1 Z0.000 F1200
G1 X65.739 Y-200.685
G1 X66.913 Y-201.860
G1 X66.913 Y-203.622
G1 X67.891 Y-204.600
G1 X67.304 Y-205.188
G1 X64.565 Y-205.971
G1 X63.000 Y-206.949
G1 X62.217 Y-206.949
G1 X62.022 Y-201.664
G1 X62.413 Y-201.272
G1 X64.370 Y-200.881
G0 Z3.500
G0 X65.739 Y-200.489
G1 Z0.000 F1200
G1 X66.913 Y-201.860
G1 X66.913 Y-203.622
G1 X67.891 Y-204.600
G1 X69.065 Y-203.622
G1 X69.261 Y-203.034
G1 X68.283 Y-204.600
G1 X69.261 Y-204.796
G1 X70.826 Y-203.622
G1 X71.022 Y-202.838
G1 X71.022 Y-204.013
G1 X71.804 Y-203.622
G1 X72.587 Y-203.817
G1 X72.587 Y-205.383
G1 X72.978 Y-206.166
G1 X74.152 Y-205.188
G1 X73.174 Y-206.166
G1 X73.957 Y-206.754
G1 X73.174 Y-206.166
G1 X71.804 Y-206.558
G1 X72.000 Y-208.320
G1 X73.565 Y-208.515
G1 X72.196 Y-208.515
G1 X71.609 Y-206.558
G1 X70.630 Y-206.362
G1 X69.065 Y-204.796
G1 X68.283 Y-204.600
G1 X66.130 Y-205.579
G1 X66.130 Y-206.754
G1 X65.935 Y-205.579
G1 X62.413 Y-206.949
G1 X61.630 Y-209.103
G1 X62.022 Y-211.256
G1 X61.826 Y-212.235
G1 X61.239 Y-212.822
G1 X61.239 Y-213.997
G1 X61.043 Y-213.018
G1 X59.870 Y-213.018
G1 X59.283 Y-213.605
G1 X58.696 Y-217.716
G1 X59.674 Y-219.086
G1 X62.609 Y-218.891
G1 X62.413 Y-217.912
G1 X61.630 Y-217.129
G1 X61.630 Y-216.346
G1 X61.239 Y-215.954
G1 X61.239 Y-214.584
G1 X61.239 Y-215.954
G1 X61.630 Y-216.346
G1 X63.587 Y-216.346
G1 X63.783 Y-215.367
G1 X63.783 Y-216.150
G1 X64.174 Y-216.346
G1 X64.565 Y-215.954
G1 X64.565 Y-215.171
G1 X64.565 Y-215.954
G1 X65.348 Y-216.150
G1 X65.543 Y-214.780
G1 X65.348 Y-215.563
G1 X65.739 Y-215.759
G1 X66.522 Y-214.780
G1 X66.717 Y-213.409
G1 X69.652 Y-213.409
G1 X68.283 Y-212.431
G1 X68.870 Y-212.626
G1 X76.891 Y-220.848
G1 X78.261 Y-220.457
G1 X70.435 Y-212.626
G1 X70.239 Y-211.452
G1 X70.435 Y-212.626
G1 X78.065 Y-220.261
G1 X78.848 Y-219.674
G1 X79.239 Y-218.108
G1 X72.196 Y-211.060
G1 X72.783 Y-209.690
G1 X71.804 Y-209.103
G1 X72.587 Y-209.494
G1 X74.152 Y-209.494
G1 X81.587 Y-216.933
G1 X82.565 Y-216.933
G1 X83.152 Y-216.542
G1 X74.935 Y-208.320
G1 X74.935 Y-207.928
G1 X74.935 Y-208.320
G1 X83.152 Y-216.542
G1 X84.130 Y-216.542
G1 X84.913 Y-215.954
G1 X84.522 Y-214.388
G1 X76.696 Y-206.558
G1 X75.522 Y-204.796
G1 X73.761 Y-203.034
G1 X71.609 Y-201.664
G1 X70.239 Y-201.468
G1 X69.457 Y-200.685
G1 X66.913 Y-200.881
G1 X66.130 Y-200.098
G1 X65.739 Y-200.294
G0 Z3.500
G0 X65.324 Y-199.798
G1 Z0.000 F1200
G1 X66.418 Y-196.039
G0 Z3.500
G0 X67.405 Y-196.963
G1 Z0.000 F1200
G1 X65.972 Y-198.824
G0 Z3.500
G0 X65.493 Y-199.443
G1 Z0.000 F1200
G1 X62.611 Y-203.152
G0 Z3.500
G0 X66.989 Y-199.461
G1 Z0.000 F1200
G1 X67.641 Y-197.205
G0 Z3.500
G0 X66.034 Y-194.026
G1 Z0.000 F1200
G1 X63.219 Y-191.307
G0 Z3.500
G0 X62.804 Y-193.834
G1 Z0.000 F1200
G1 X63.391 Y-193.638
G1 X64.957 Y-195.204
G1 X64.957 Y-196.183
G1 X63.587 Y-197.553
G1 X62.413 Y-197.553
G1 X61.435 Y-196.183
G1 X61.435 Y-194.421
G1 X62.609 Y-194.029
G0 Z3.500
G0 X60.652 Y-190.114
G1 Z0.000 F1200
G1 X59.674 Y-191.093
G1 X59.478 Y-192.072
G1 X61.630 Y-194.225
G1 X62.413 Y-194.225
G1 X63.196 Y-193.442
G1 X63.196 Y-192.463
G1 X62.022 Y-190.310
G1 X61.435 Y-189.723
G1 X60.848 Y-189.918
G0 Z3.500
G0 X60.679 Y-188.724
G1 Z0.000 F1200
G1 X55.842 Y-194.880
G0 Z3.500
G0 X55.174 Y-196.966
G1 Z0.000 F1200
G1 X55.761 Y-196.770
G1 X57.326 Y-198.336
G1 X57.326 Y-198.923
G1 X55.761 Y-198.923
G1 X54.587 Y-197.749
G1 X54.978 Y-196.966
G0 Z3.500
G0 X44.991 Y-199.395
G1 Z0.000 F1200
G1 X36.980 Y-201.223
G0 Z3.500
G0 X30.823 Y-205.871
G1 Z0.000 F1200
G1 X19.401 Y-208.583
G0 Z3.500
G0 X15.261 Y-206.303
G1 Z0.000 F1200
G1 X2.654 Y-209.102
G0 Z3.500
G0 X5.165 Y-208.798
G1 Z0.000 F1200
G1 X6.045 Y-203.984
G0 Z3.500
G0 X4.109 Y-204.600
G1 Z0.000 F1200
G1 X4.500 Y-207.537
G1 X4.304 Y-208.515
G1 X4.500 Y-207.537
G1 X4.109 Y-204.796
G0 Z3.500
G0 X8.413 Y-205.971
G1 Z0.000 F1200
G1 X8.609 Y-206.558
G1 X8.217 Y-206.949
G1 X7.630 Y-206.754
G1 X8.217 Y-206.949
G1 X7.826 Y-208.907
G1 X8.217 Y-206.949
G1 X8.609 Y-206.558
G1 X8.413 Y-206.166
G0 Z3.500
G0 X4.452 Y-212.648
G1 Z0.000 F1200
G1 X3.573 Y-217.463
G0 Z3.500
G0 X3.415 Y-215.622
G1 Z0.000 F1200
G1 X2.409 Y-211.838
G0 Z3.500
G0 X3.061 Y-220.354
G1 Z0.000 F1200
G1 X2.562 Y-223.248
G0 Z3.500
G0 X2.398 Y-224.213
G1 Z0.000 F1200
G1 X1.598 Y-229.041
G0 Z3.500
G0 X7.239 Y-235.334
G1 Z0.000 F1200
G1 X4.891 Y-238.467
G1 X6.261 Y-236.313
G1 X7.435 Y-235.334
G0 Z3.500
G0 X8.022 Y-237.292
G1 Z0.000 F1200
G1 X7.435 Y-238.075
G1 X6.848 Y-237.488
G1 X7.435 Y-238.271
G1 X7.239 Y-239.054
G1 X7.435 Y-238.075
G1 X8.413 Y-237.684
G1 X8.022 Y-237.488
G0 Z3.500
G0 X6.065 Y-244.339
G1 Z0.000 F1200
G1 X6.065 Y-248.254
G1 X6.848 Y-251.778
G1 X7.435 Y-252.953
G1 X7.435 Y-254.715
G1 X8.022 Y-255.693
G1 X8.022 Y-256.672
G1 X8.022 Y-255.693
G1 X7.435 Y-254.715
G1 X7.435 Y-252.953
G1 X8.022 Y-252.561
G1 X8.413 Y-250.212
G1 X8.804 Y-249.821
G1 X9.196 Y-250.016
G1 X8.804 Y-249.233
G1 X9.978 Y-247.471
G1 X10.565 Y-247.863
G1 X11.543 Y-250.016
G1 X12.717 Y-251.582
G1 X12.326 Y-252.170
G1 X10.565 Y-253.148
G1 X9.783 Y-251.387
G1 X11.935 Y-256.476
G1 X10.565 Y-253.344
G1 X11.543 Y-252.365
G1 X12.522 Y-251.974
G1 X13.500 Y-256.476
G1 X12.717 Y-251.778
G1 X14.283 Y-250.995
G1 X14.870 Y-252.365
G1 X14.283 Y-257.259
G1 X13.696 Y-257.847
G1 X5.870 Y-257.847
G1 X4.891 Y-255.106
G1 X5.870 Y-254.910
G1 X6.848 Y-256.085
G1 X6.065 Y-255.302
G1 X6.065 Y-254.127
G1 X5.478 Y-252.953
G1 X5.087 Y-250.799
G1 X6.065 Y-254.715
G1 X5.087 Y-254.910
G1 X4.304 Y-253.931
G1 X4.304 Y-253.540
G1 X4.891 Y-253.344
G1 X4.304 Y-253.344
G1 X3.717 Y-252.170
G1 X3.326 Y-250.408
G1 X3.522 Y-248.450
G1 X3.326 Y-250.408
G1 X3.717 Y-252.170
G1 X5.674 Y-257.259
G1 X5.478 Y-257.847
G1 X4.891 Y-257.847
G1 X28.957 Y-257.847
G1 X14.283 Y-257.847
G1 X14.087 Y-257.455
G1 X14.674 Y-253.736
G1 X15.457 Y-253.148
G1 X14.870 Y-253.148
G1 X15.261 Y-250.995
G1 X14.870 Y-250.212
G1 X14.674 Y-250.604
G1 X14.087 Y-250.212
G1 X13.696 Y-248.842
G1 X13.891 Y-248.450
G1 X13.696 Y-248.842
G1 X14.283 Y-250.995
G1 X12.717 Y-251.582
G1 X9.978 Y-247.276
G1 X10.174 Y-246.101
G1 X9.978 Y-247.276
G1 X8.609 Y-250.016
G1 X8.217 Y-249.821
G1 X7.826 Y-248.646
G1 X8.413 Y-250.799
G1 X8.022 Y-252.561
G1 X7.435 Y-252.953
G1 X6.848 Y-251.778
G1 X6.065 Y-247.471
G1 X6.848 Y-247.080
G1 X6.065 Y-247.080
G1 X6.065 Y-244.535
G0 Z3.500
G0 X2.568 Y-245.235
G1 Z0.000 F1200
G1 X2.064 Y-243.344
G0 Z3.500
G0 X3.077 Y-247.126
G1 Z0.000 F1200
G1 X4.108 Y-250.902
G0 Z3.500
G0 X4.369 Y-251.846
G1 Z0.000 F1200
G1 X5.154 Y-254.675
G0 Z3.500
G0 X5.417 Y-255.618
G1 Z0.000 F1200
G1 X5.942 Y-257.504
G0 Z3.500
G0 X14.355 Y-256.262
G1 Z0.000 F1200
G1 X13.086 Y-251.535
G0 Z3.500
G0 X16.539 Y-252.549
G1 Z0.000 F1200
G1 X15.575 Y-258.342
G0 Z3.500
G0 X18.000 Y-252.561
G1 Z0.000 F1200
G1 X17.804 Y-255.106
G1 X18.196 Y-256.672
G1 X17.804 Y-255.106
G1 X18.000 Y-252.365
G0 Z3.500
G0 X22.121 Y-252.153
G1 Z0.000 F1200
G1 X23.107 Y-255.942
G0 Z3.500
G0 X22.325 Y-255.557
G1 Z0.000 F1200
G1 X22.999 Y-251.700
G0 Z3.500
G0 X24.889 Y-251.411
G1 Z0.000 F1200
G1 X25.629 Y-254.253
G0 Z3.500
G0 X23.519 Y-248.810
G1 Z0.000 F1200
G1 X24.049 Y-245.922
G0 Z3.500
G0 X18.978 Y-243.361
G1 Z0.000 F1200
G1 X20.152 Y-248.254
G1 X19.174 Y-243.556
G1 X18.783 Y-243.165
G0 Z3.500
G0 X18.890 Y-239.049
G1 Z0.000 F1200
G1 X19.601 Y-235.199
G0 Z3.500
G0 X15.261 Y-236.705
G1 Z0.000 F1200
G1 X14.870 Y-240.033
G1 X15.065 Y-241.990
G1 X14.870 Y-240.033
G1 X15.261 Y-236.900
G0 Z3.500
G0 X18.701 Y-228.750
G1 Z0.000 F1200
G1 X18.185 Y-226.862
G0 Z3.500
G0 X20.842 Y-228.460
G1 Z0.000 F1200
G1 X21.528 Y-224.606
G0 Z3.500
G0 X23.478 Y-224.959
G1 Z0.000 F1200
G1 X22.696 Y-229.070
G1 X23.478 Y-225.155
G0 Z3.500
G0 X22.026 Y-221.712
G1 Z0.000 F1200
G1 X22.670 Y-217.850
G0 Z3.500
G0 X21.326 Y-218.303
G1 Z0.000 F1200
G1 X21.717 Y-219.869
G1 X21.130 Y-220.065
G1 X21.522 Y-220.261
G1 X21.522 Y-222.023
G1 X21.522 Y-220.065
G1 X22.304 Y-218.499
G1 X21.913 Y-219.086
G1 X21.522 Y-219.086
G1 X21.326 Y-218.499
G0 Z3.500
G0 X18.587 Y-215.367
G1 Z0.000 F1200
G1 X18.196 Y-217.129
G1 X17.804 Y-217.520
G1 X18.196 Y-219.282
G1 X17.804 Y-217.520
G1 X18.196 Y-217.129
G1 X18.587 Y-215.171
G0 Z3.500
G0 X12.916 Y-218.141
G1 Z0.000 F1200
G1 X13.414 Y-220.034
G0 Z3.500
G0 X28.293 Y-221.824
G1 Z0.000 F1200
G1 X28.608 Y-219.892
G0 Z3.500
G0 X30.379 Y-209.168
G1 Z0.000 F1200
G1 X42.973 Y-206.313
G0 Z3.500
G0 X25.089 Y-203.368
G1 Z0.000 F1200
G1 X24.259 Y-208.191
G0 Z3.500
G0 X12.913 Y-194.617
G1 Z0.000 F1200
G1 X11.739 Y-196.378
G1 X11.739 Y-197.162
G1 X11.935 Y-195.987
G1 X13.109 Y-194.421
G0 Z3.500
G0 X8.512 Y-189.511
G1 Z0.000 F1200
G1 X8.994 Y-186.614
G0 Z3.500
G0 X11.016 Y-187.907
G1 Z0.000 F1200
G1 X1.883 Y-190.096
G0 Z3.500
G0 X2.767 Y-183.486
G1 Z0.000 F1200
G1 X16.473 Y-180.227
G0 Z3.500
G0 X14.087 Y-179.347
G1 Z0.000 F1200
G1 X13.500 Y-180.131
G1 X13.109 Y-179.739
G1 X13.500 Y-180.326
G1 X12.522 Y-182.088
G1 X12.130 Y-181.892
G1 X12.326 Y-180.718
G1 X12.130 Y-183.458
G1 X12.130 Y-182.480
G1 X12.913 Y-181.697
G1 X13.891 Y-179.543
G0 Z3.500
G0 X10.159 Y-179.863
G1 Z0.000 F1200
G1 X9.484 Y-183.719
G0 Z3.500
G0 X13.744 Y-184.066
G1 Z0.000 F1200
G1 X24.043 Y-181.705
G0 Z3.500
G0 X2.571 Y-179.369
G1 Z0.000 F1200
G1 X2.079 Y-177.474
G0 Z3.500
G0 X23.674 Y-130.212
G1 Z0.000 F1200
G1 X23.087 Y-130.799
G1 X23.087 Y-131.582
G1 X23.674 Y-131.974
G1 X24.652 Y-131.974
G1 X25.043 Y-131.582
G1 X24.848 Y-130.408
G1 X24.065 Y-130.016
G1 X23.870 Y-130.212
G0 Z3.500
G0 X27.076 Y-123.463
G1 Z0.000 F1200
G1 X29.430 Y-119.173
G0 Z3.500
G0 X27.946 Y-120.155
G1 Z0.000 F1200
G1 X31.212 Y-125.035
G0 Z3.500
G0 X37.957 Y-121.207
G1 Z0.000 F1200
G1 X36.978 Y-122.773
G1 X36.000 Y-122.969
G1 X35.804 Y-122.577
G1 X36.196 Y-121.794
G1 X35.609 Y-123.165
G1 X33.848 Y-122.969
G1 X33.065 Y-122.186
G1 X33.261 Y-121.990
G1 X33.261 Y-122.577
G1 X33.848 Y-122.969
G1 X35.804 Y-123.361
G1 X35.804 Y-125.318
G1 X34.826 Y-125.318
G1 X34.435 Y-124.927
G1 X33.652 Y-125.122
G1 X34.435 Y-124.927
G1 X34.826 Y-125.318
G1 X36.000 Y-125.514
G1 X35.217 Y-126.884
G1 X34.239 Y-126.884
G1 X35.022 Y-126.688
G1 X35.804 Y-127.471
G1 X35.804 Y-128.059
G1 X35.413 Y-127.080
G1 X35.804 Y-125.710
G1 X37.565 Y-124.731
G1 X38.152 Y-124.144
G1 X38.152 Y-123.361
G1 X38.543 Y-123.165
G1 X37.957 Y-123.165
G1 X37.370 Y-122.577
G1 X37.761 Y-121.403
G1 X38.152 Y-121.207
G0 Z3.500
G0 X26.866 Y-118.523
G1 Z0.000 F1200
G1 X23.090 Y-112.806
G0 Z3.500
G0 X22.704 Y-112.269
G1 Z0.000 F1200
G1 X25.038 Y-107.968
G0 Z3.500
G0 X25.435 Y-108.287
G1 Z0.000 F1200
G1 X24.848 Y-109.462
G1 X24.652 Y-115.334
G1 X24.065 Y-115.726
G1 X23.283 Y-115.139
G1 X24.065 Y-115.726
G1 X23.870 Y-117.292
G1 X23.478 Y-117.292
G1 X23.674 Y-118.075
G1 X22.891 Y-118.467
G1 X22.109 Y-117.684
G1 X22.109 Y-116.509
G1 X22.696 Y-116.313
G1 X22.109 Y-116.509
G1 X22.109 Y-117.684
G1 X21.522 Y-118.271
G1 X20.935 Y-118.075
G1 X20.935 Y-116.900
G1 X21.130 Y-118.662
G1 X21.913 Y-117.879
G1 X22.891 Y-118.467
G1 X22.696 Y-118.858
G1 X21.913 Y-119.054
G1 X21.913 Y-119.641
G1 X22.500 Y-120.228
G1 X22.696 Y-123.752
G1 X23.087 Y-124.144
G1 X22.696 Y-123.361
G1 X23.283 Y-123.165
G1 X24.065 Y-123.948
G1 X23.478 Y-123.361
G1 X24.065 Y-122.773
G1 X25.239 Y-124.144
G1 X24.261 Y-122.773
G1 X24.457 Y-121.990
G1 X25.630 Y-122.382
G1 X26.804 Y-122.186
G1 X25.630 Y-122.382
G1 X24.261 Y-121.990
G1 X24.065 Y-121.403
G1 X24.261 Y-122.577
G1 X23.674 Y-123.165
G1 X22.891 Y-123.165
G1 X22.500 Y-121.794
G1 X22.500 Y-120.033
G1 X23.087 Y-119.054
G1 X22.891 Y-118.662
G1 X24.065 Y-118.075
G1 X24.848 Y-119.250
G1 X24.261 Y-118.075
G1 X25.043 Y-117.879
G1 X25.630 Y-118.467
G1 X25.239 Y-118.075
G1 X25.630 Y-115.922
G1 X26.217 Y-115.530
G1 X27.000 Y-116.117
G1 X26.217 Y-115.334
G1 X26.804 Y-115.139
G1 X28.174 Y-113.573
G1 X27.587 Y-113.377
G1 X27.783 Y-113.768
G1 X26.804 Y-115.139
G1 X26.217 Y-114.943
G1 X26.413 Y-114.356
G1 X26.022 Y-115.530
G1 X24.652 Y-115.139
G1 X24.848 Y-112.985
G1 X25.435 Y-112.594
G1 X24.848 Y-112.594
G1 X24.848 Y-109.462
G1 X25.239 Y-108.483
G0 Z3.500
G0 X30.947 Y-110.003
G1 Z0.000 F1200
G1 X32.806 Y-106.558
G0 Z3.500
G0 X24.938 Y-114.566
G1 Z0.000 F1200
G1 X22.161 Y-119.740
G0 Z3.500
G0 X18.391 Y-120.033
G1 Z0.000 F1200
G1 X19.370 Y-120.033
G1 X19.174 Y-121.990
G1 X17.609 Y-121.794
G1 X18.196 Y-120.033
G0 Z3.500
G0 X17.217 Y-119.445
G1 Z0.000 F1200
G1 X17.609 Y-119.250
G1 X18.000 Y-120.033
G1 X18.000 Y-120.816
G1 X17.609 Y-121.207
G1 X16.826 Y-120.424
G1 X17.022 Y-119.641
G0 Z3.500
G0 X17.804 Y-118.858
G1 Z0.000 F1200
G1 X17.609 Y-119.250
G1 X18.000 Y-120.033
G1 X19.174 Y-119.641
G1 X18.783 Y-118.467
G1 X18.000 Y-118.662
G0 Z3.500
G0 X17.682 Y-117.312
G1 Z0.000 F1200
G1 X18.076 Y-123.171
G0 Z3.500
G0 X16.239 Y-112.202
G1 Z0.000 F1200
G1 X16.826 Y-113.573
G1 X18.196 Y-114.356
G1 X18.391 Y-115.922
G1 X18.196 Y-114.356
G1 X17.413 Y-113.964
G1 X17.217 Y-114.356
G1 X16.435 Y-112.398
G1 X16.043 Y-112.202
G0 Z3.500
G0 X14.279 Y-108.895
G1 Z0.000 F1200
G1 X16.972 Y-103.677
G0 Z3.500
G0 X15.261 Y-103.589
G1 Z0.000 F1200
G1 X13.891 Y-105.351
G1 X14.870 Y-106.330
G1 X14.674 Y-106.134
G1 X15.457 Y-105.546
G1 X14.870 Y-105.938
G1 X14.283 Y-104.763
G1 X14.674 Y-104.176
G1 X15.261 Y-104.176
G1 X15.065 Y-103.785
G0 Z3.500
G0 X14.912 Y-103.769
G1 Z0.000 F1200
G1 X15.140 Y-106.697
G0 Z3.500
G0 X15.602 Y-106.054
G1 Z0.000 F1200
G1 X13.948 Y-103.628
G0 Z3.500
G0 X9.352 Y-105.549
G1 Z0.000 F1200
G1 X10.978 Y-107.993
G0 Z3.500
G0 X32.399 Y-84.102
G1 Z0.000 F1200
G1 X35.475 Y-86.223
G1 X37.748 Y-87.405
G0 Z3.500
G0 X54.222 Y-59.355
G1 Z0.000 F1200
G1 X59.607 Y-55.699
G0 Z3.500
G0 X62.036 Y-55.102
G1 Z0.000 F1200
G1 X60.258 Y-55.949
G1 X56.646 Y-58.214
G1 X55.709 Y-59.067
G0 Z3.500
G0 X55.039 Y-53.661
G1 Z0.000 F1200
G1 X53.591 Y-54.831
G1 X51.245 Y-56.009
G1 X50.374 Y-56.775
G1 X49.554 Y-57.054
G0 Z3.500
G0 X42.644 Y-50.042
G1 Z0.000 F1200
G1 X43.742 Y-49.656
G1 X44.474 Y-48.976
G1 X49.125 Y-46.223
G0 Z3.500
G0 X49.558 Y-43.769
G1 Z0.000 F1200
G1 X43.712 Y-47.358
G0 Z3.500
G0 X55.714 Y-45.788
G1 Z0.000 F1200
G1 X57.282 Y-45.022
G1 X58.961 Y-43.770
G1 X59.911 Y-43.491
G1 X61.534 Y-42.294
G0 Z3.500
G0 X60.832 Y-41.844
G1 Z0.000 F1200
G1 X68.931 Y-37.086
G0 Z3.500
G0 X65.248 Y-37.190
G1 Z0.000 F1200
G1 X63.435 Y-38.256
G1 X62.743 Y-38.911
G1 X61.751 Y-39.245
G1 X61.099 Y-39.975
G1 X60.149 Y-40.154
G1 X59.409 Y-40.817
G0 Z3.500
G0 X60.509 Y-46.660
G1 Z0.000 F1200
G1 X56.058 Y-49.612
G0 Z3.500
G0 X60.980 Y-47.928
G1 Z0.000 F1200
G1 X61.560 Y-47.311
G1 X65.308 Y-45.160
G0 Z3.500
G0 X65.779 Y-47.954
G1 Z0.000 F1200
G1 X63.491 Y-49.678
G1 X61.608 Y-50.737
G0 Z3.500
G0 X75.174 Y-116.903
G1 Z0.000 F1200
G1 X72.495 Y-122.129
G0 Z3.500
G0 X79.645 Y-126.587
G1 Z0.000 F1200
G1 X81.305 Y-129.008
G0 Z3.500
G0 X76.500 Y-137.847
G1 Z0.000 F1200
G1 X77.283 Y-137.651
G1 X77.870 Y-138.042
G1 X77.870 Y-138.630
G1 X76.696 Y-139.804
G1 X76.304 Y-139.608
G1 X76.304 Y-138.042
G0 Z3.500
G0 X75.283 Y-137.795
G1 Z0.000 F1200
G1 X77.982 Y-141.877
G0 Z3.500
G0 X79.468 Y-139.956
G1 Z0.000 F1200
G1 X73.762 Y-141.333
G0 Z3.500
G0 X72.367 Y-142.921
G1 Z0.000 F1200
G1 X72.547 Y-145.852
G0 Z3.500
G0 X65.716 Y-142.073
G1 Z0.000 F1200
G1 X64.668 Y-145.024
G0 Z3.500
G0 X64.077 Y-142.997
G1 Z0.000 F1200
G1 X60.203 Y-137.347
G0 Z3.500
G0 X61.451 Y-140.520
G1 Z0.000 F1200
G1 X60.378 Y-143.462
G0 Z3.500
G0 X54.391 Y-139.021
G1 Z0.000 F1200
G1 X54.783 Y-138.825
G1 X55.761 Y-139.804
G1 X56.935 Y-140.000
G1 X57.522 Y-141.175
G1 X56.739 Y-141.762
G1 X55.761 Y-140.783
G1 X56.739 Y-141.762
G1 X56.348 Y-142.153
G1 X53.804 Y-141.566
G1 X53.413 Y-141.175
G1 X53.804 Y-140.392
G1 X54.978 Y-140.587
G1 X55.370 Y-140.196
G1 X54.978 Y-140.587
G1 X54.196 Y-140.587
G1 X53.804 Y-140.196
G1 X53.804 Y-139.217
G1 X54.196 Y-139.021
G0 Z3.500
G0 X47.348 Y-137.847
G1 Z0.000 F1200
G1 X47.348 Y-139.021
G1 X47.935 Y-139.608
G1 X49.891 Y-139.608
G1 X49.891 Y-138.825
G1 X49.109 Y-137.455
G1 X47.348 Y-137.651
G0 Z3.500
G0 X56.709 Y-161.413
G1 Z0.000 F1200
G1 X69.267 Y-158.403
G0 Z3.500
G0 X81.391 Y-151.746
G1 Z0.000 F1200
G1 X79.826 Y-155.856
G1 X79.630 Y-159.772
G1 X80.413 Y-159.576
G1 X81.196 Y-156.248
G1 X82.174 Y-154.095
G1 X82.174 Y-153.116
G1 X81.978 Y-153.312
G1 X82.565 Y-153.703
G1 X81.587 Y-155.073
G1 X80.217 Y-160.359
G1 X79.435 Y-161.142
G1 X77.870 Y-168.777
G1 X79.630 Y-160.946
G1 X79.435 Y-159.184
G1 X79.826 Y-155.856
G1 X81.587 Y-151.550
G0 Z3.500
G0 X84.363 Y-148.015
G1 Z0.000 F1200
G1 X79.775 Y-165.154
G1 X78.481 Y-171.815
G1 X77.593 Y-178.763
G1 X77.287 Y-184.862
G1 X77.517 Y-191.020
G1 X78.197 Y-196.145
G1 X79.388 Y-201.221
G0 Z3.500
G0 X80.774 Y-201.299
G1 Z0.000 F1200
G1 X77.384 Y-198.047
G0 Z3.500
G0 X77.491 Y-198.306
G1 Z0.000 F1200
G1 X76.566 Y-195.442
G1 X76.101 Y-191.211
G1 X76.256 Y-186.255
G1 X77.104 Y-179.761
G1 X78.538 Y-172.727
G1 X80.713 Y-164.336
G1 X86.652 Y-145.893
G0 Z3.500
G0 X85.749 Y-145.917
G1 Z0.000 F1200
G1 X80.220 Y-164.100
G1 X78.444 Y-171.233
G1 X77.026 Y-178.286
G1 X76.107 Y-185.061
G1 X75.821 Y-190.496
G1 X76.090 Y-195.456
G1 X76.801 Y-199.135
G0 Z3.500
G0 X76.846 Y-198.773
G1 Z0.000 F1200
G1 X76.315 Y-194.402
G1 X76.193 Y-188.775
G1 X76.551 Y-182.872
G1 X77.303 Y-176.836
G1 X78.564 Y-169.823
G1 X80.341 Y-162.128
G1 X82.527 Y-154.291
G1 X84.846 Y-147.178
G0 Z3.500
G0 X85.476 Y-146.422
G1 Z0.000 F1200
G1 X79.705 Y-167.336
G1 X78.015 Y-174.774
G1 X76.750 Y-181.932
G1 X76.121 Y-187.682
G1 X76.018 Y-192.937
G1 X76.538 Y-197.563
G1 X77.519 Y-200.841
G0 Z3.500
G0 X76.930 Y-200.971
G1 Z0.000 F1200
G1 X76.487 Y-196.416
G1 X76.552 Y-191.024
G1 X77.050 Y-185.035
G1 X78.076 Y-177.618
G1 X79.691 Y-169.043
G1 X81.606 Y-160.912
G1 X83.642 Y-153.799
G1 X85.620 Y-148.275
G0 Z3.500
G0 X86.287 Y-147.466
G1 Z0.000 F1200
G1 X81.388 Y-163.563
G1 X77.947 Y-178.368
G1 X76.141 Y-190.700
G1 X75.818 Y-196.362
G1 X75.913 Y-200.686
G0 Z3.500
G0 X77.868 Y-200.254
G1 Z0.000 F1200
G1 X77.441 Y-196.230
G1 X77.498 Y-191.448
G1 X78.097 Y-185.172
G1 X79.175 Y-178.443
G1 X80.636 Y-171.571
G1 X82.653 Y-163.941
G1 X84.900 Y-156.995
G1 X87.234 Y-151.197
G0 Z3.500
G0 X88.826 Y-149.005
G1 Z0.000 F1200
G1 X86.674 Y-149.984
G1 X84.913 Y-151.354
G1 X86.674 Y-149.984
G1 X88.239 Y-149.201
G1 X89.609 Y-149.005
G1 X89.022 Y-149.005
G0 Z3.500
G0 X89.472 Y-153.242
G1 Z0.000 F1200
G1 X93.686 Y-157.501
G1 X97.743 Y-163.005
G1 X100.721 Y-168.464
G1 X102.485 Y-173.341
G1 X103.161 Y-178.019
G1 X102.655 Y-181.661
G1 X101.965 Y-183.297
G1 X100.953 Y-184.781
G1 X98.491 Y-186.854
G0 Z3.500
G0 X98.467 Y-186.682
G1 Z0.000 F1200
G1 X101.070 Y-184.729
G1 X102.147 Y-183.323
G1 X102.890 Y-181.765
G1 X103.470 Y-178.278
G1 X102.836 Y-173.765
G1 X101.084 Y-169.020
G1 X98.104 Y-163.645
G1 X94.051 Y-158.122
G1 X89.883 Y-153.682
G0 Z3.500
G0 X90.978 Y-154.486
G1 Z0.000 F1200
G1 X90.196 Y-155.661
G1 X90.391 Y-156.444
G1 X90.783 Y-156.444
G1 X91.957 Y-155.073
G1 X91.761 Y-154.290
G1 X91.174 Y-154.290
G0 Z3.500
G0 X91.232 Y-154.558
G1 Z0.000 F1200
G1 X92.951 Y-155.060
G1 X94.759 Y-156.116
G1 X97.047 Y-158.123
G1 X98.820 Y-160.205
G1 X101.938 Y-165.384
G1 X103.154 Y-168.361
G1 X104.053 Y-171.515
G1 X104.573 Y-174.787
G1 X104.674 Y-177.281
G1 X104.015 Y-182.266
G1 X103.200 Y-184.705
G1 X102.026 Y-187.075
G1 X99.195 Y-190.801
G0 Z3.500
G0 X99.661 Y-189.453
G1 Z0.000 F1200
G1 X102.246 Y-185.519
G1 X104.013 Y-181.004
G1 X104.520 Y-176.734
G1 X103.972 Y-172.730
G1 X102.274 Y-168.424
G1 X99.748 Y-164.543
G1 X95.807 Y-160.232
G1 X90.878 Y-156.100
G0 Z3.500
G0 X88.882 Y-155.966
G1 Z0.000 F1200
G1 X93.939 Y-159.778
G1 X98.760 Y-164.763
G1 X102.298 Y-169.962
G1 X104.424 Y-174.947
G1 X105.103 Y-177.927
G1 X105.310 Y-180.206
G1 X104.841 Y-184.834
G1 X104.113 Y-187.164
G1 X103.023 Y-189.491
G1 X100.334 Y-193.334
G0 Z3.500
G0 X98.536 Y-194.727
G1 Z0.000 F1200
G1 X97.104 Y-199.202
G0 Z3.500
G0 X97.922 Y-199.376
G1 Z0.000 F1200
G1 X99.018 Y-195.617
G0 Z3.500
G0 X100.241 Y-196.783
G1 Z0.000 F1200
G1 X99.150 Y-200.542
G0 Z3.500
G0 X99.455 Y-200.789
G1 Z0.000 F1200
G1 X100.649 Y-197.061
G0 Z3.500
G0 X100.805 Y-197.453
G1 Z0.000 F1200
G1 X96.310 Y-193.093
G0 Z3.500
G0 X95.746 Y-192.550
G1 Z0.000 F1200
G1 X90.656 Y-187.679
G0 Z3.500
G0 X90.978 Y-188.548
G1 Z0.000 F1200
G1 X91.957 Y-188.352
G1 X92.543 Y-188.940
G1 X91.565 Y-189.723
G1 X91.174 Y-188.744
G0 Z3.500
G0 X90.646 Y-189.943
G1 Z0.000 F1200
G1 X95.717 Y-194.834
G0 Z3.500
G0 X96.065 Y-195.400
G1 Z0.000 F1200
G1 X97.043 Y-195.204
G1 X97.826 Y-195.987
G1 X97.043 Y-197.162
G1 X96.848 Y-198.140
G1 X96.065 Y-197.749
G1 X95.283 Y-195.987
G1 X95.870 Y-195.595
G0 Z3.500
G0 X96.278 Y-195.380
G1 Z0.000 F1200
G1 X100.197 Y-199.210
G0 Z3.500
G0 X100.675 Y-199.122
G1 Z0.000 F1200
G1 X96.804 Y-204.046
G0 Z3.500
G0 X96.608 Y-203.886
G1 Z0.000 F1200
G1 X97.264 Y-201.631
G0 Z3.500
G0 X96.132 Y-202.294
G1 Z0.000 F1200
G1 X98.942 Y-205.019
G0 Z3.500
G0 X97.835 Y-205.053
G1 Z0.000 F1200
G1 X98.492 Y-202.798
G0 Z3.500
G0 X98.739 Y-203.026
G1 Z0.000 F1200
G1 X97.783 Y-206.009
G0 Z3.500
G0 X97.692 Y-205.733
G1 Z0.000 F1200
G1 X101.069 Y-201.418
G0 Z3.500
G0 X100.375 Y-201.708
G1 Z0.000 F1200
G1 X101.459 Y-197.947
G0 Z3.500
G0 X101.365 Y-198.000
G1 Z0.000 F1200
G1 X104.720 Y-201.287
G0 Z3.500
G0 X104.234 Y-201.723
G1 Z0.000 F1200
G1 X106.791 Y-195.281
G1 X107.772 Y-191.542
G1 X108.374 Y-187.910
G1 X108.557 Y-181.015
G1 X108.197 Y-177.772
G1 X107.315 Y-173.686
G1 X104.862 Y-167.260
G1 X103.059 Y-164.047
G1 X101.051 Y-161.200
G1 X98.909 Y-158.745
G1 X96.148 Y-156.266
G1 X93.957 Y-154.787
G1 X91.354 Y-153.610
G0 Z3.500
G0 X95.025 Y-146.880
G1 Z0.000 F1200
G1 X100.922 Y-152.512
G1 X118.923 Y-167.594
G1 X124.022 Y-172.722
G1 X127.647 Y-177.276
G1 X129.466 Y-180.162
G1 X130.970 Y-183.179
G1 X132.665 Y-188.541
G1 X133.185 Y-194.376
G1 X132.629 Y-199.431
G0 Z3.500
G0 X132.950 Y-197.538
G1 Z0.000 F1200
G1 X133.427 Y-195.667
G1 X133.697 Y-192.852
G1 X133.060 Y-188.146
G1 X131.239 Y-183.440
G1 X127.771 Y-177.819
G1 X124.044 Y-173.182
G1 X118.864 Y-167.702
G1 X101.146 Y-151.339
G1 X96.366 Y-146.607
G0 Z3.500
G0 X96.303 Y-146.663
G1 Z0.000 F1200
G1 X110.569 Y-157.923
G1 X115.989 Y-162.545
G1 X121.850 Y-168.412
G1 X126.086 Y-173.877
G1 X129.235 Y-179.767
G1 X130.784 Y-185.019
G1 X131.144 Y-190.596
G1 X130.708 Y-194.104
G1 X130.119 Y-196.512
G0 Z3.500
G0 X134.670 Y-198.823
G1 Z0.000 F1200
G1 X134.869 Y-192.751
G1 X133.804 Y-186.923
G1 X131.667 Y-181.350
G1 X127.964 Y-175.017
G1 X123.334 Y-169.093
G1 X117.208 Y-162.728
G1 X110.810 Y-156.985
G1 X98.022 Y-146.381
G0 Z3.500
G0 X96.765 Y-146.109
G1 Z0.000 F1200
G1 X109.207 Y-154.413
G1 X117.109 Y-160.228
G1 X123.668 Y-165.959
G1 X128.580 Y-171.349
G1 X132.466 Y-177.184
G1 X133.913 Y-180.268
G1 X134.972 Y-183.463
G1 X135.754 Y-189.038
G1 X135.561 Y-192.532
G1 X135.129 Y-194.923
G0 Z3.500
G0 X139.264 Y-205.622
G1 Z0.000 F1200
G1 X138.567 Y-209.474
G0 Z3.500
G0 X137.673 Y-214.286
G1 Z0.000 F1200
G1 X136.776 Y-219.097
G0 Z3.500
G0 X133.671 Y-218.549
G1 Z0.000 F1200
G1 X134.197 Y-215.660
G0 Z3.500
G0 X144.238 Y-213.456
G1 Z0.000 F1200
G1 X144.577 Y-211.528
G0 Z3.500
G0 X145.401 Y-206.704
G1 Z0.000 F1200
G1 X145.885 Y-203.808
G0 Z3.500
G0 X148.771 Y-205.311
G1 Z0.000 F1200
G1 X148.289 Y-208.208
G0 Z3.500
G0 X153.422 Y-215.077
G1 Z0.000 F1200
G1 X153.103 Y-217.008
G0 Z3.500
G0 X151.961 Y-223.764
G1 Z0.000 F1200
G1 X151.452 Y-226.656
G0 Z3.500
G0 X151.280 Y-227.619
G1 Z0.000 F1200
G1 X150.401 Y-232.434
G0 Z3.500
G0 X150.652 Y-232.007
G1 Z0.000 F1200
G1 X150.848 Y-233.768
G1 X150.457 Y-237.292
G1 X150.848 Y-233.768
G1 X150.652 Y-231.811
G0 Z3.500
G0 X150.223 Y-233.396
G1 Z0.000 F1200
G1 X149.510 Y-237.246
G0 Z3.500
G0 X143.816 Y-233.260
G1 Z0.000 F1200
G1 X144.343 Y-230.371
G0 Z3.500
G0 X141.235 Y-229.823
G1 Z0.000 F1200
G1 X140.892 Y-231.750
G0 Z3.500
G0 X140.060 Y-236.573
G1 Z0.000 F1200
G1 X139.578 Y-239.469
G0 Z3.500
G0 X133.640 Y-237.428
G1 Z0.000 F1200
G1 X133.955 Y-235.496
G0 Z3.500
G0 X132.042 Y-234.844
G1 Z0.000 F1200
G1 X131.551 Y-232.949
G0 Z3.500
G0 X131.224 Y-233.026
G1 Z0.000 F1200
G1 X130.747 Y-235.923
G0 Z3.500
G0 X128.152 Y-237.096
G1 Z0.000 F1200
G1 X126.196 Y-238.662
G1 X125.022 Y-240.228
G1 X124.239 Y-242.382
G1 X125.022 Y-240.228
G1 X127.957 Y-237.096
G0 Z3.500
G0 X130.098 Y-239.784
G1 Z0.000 F1200
G1 X129.764 Y-241.713
G0 Z3.500
G0 X129.595 Y-242.677
G1 Z0.000 F1200
G1 X129.079 Y-245.568
G0 Z3.500
G0 X128.904 Y-246.531
G1 Z0.000 F1200
G1 X128.017 Y-251.344
G0 Z3.500
G0 X128.739 Y-250.604
G1 Z0.000 F1200
G1 X128.152 Y-250.799
G1 X126.196 Y-252.757
G1 X126.000 Y-253.344
G1 X126.587 Y-253.540
G1 X126.000 Y-253.540
G1 X125.413 Y-254.323
G1 X124.239 Y-257.455
G1 X126.196 Y-252.757
G1 X128.935 Y-250.408
G0 Z3.500
G0 X131.135 Y-251.894
G1 Z0.000 F1200
G1 X131.834 Y-248.042
G0 Z3.500
G0 X132.005 Y-247.078
G1 Z0.000 F1200
G1 X132.675 Y-243.221
G0 Z3.500
G0 X134.609 Y-248.842
G1 Z0.000 F1200
G1 X134.217 Y-255.693
G1 X134.609 Y-251.974
G1 X135.391 Y-250.212
G1 X135.000 Y-251.582
G1 X134.609 Y-251.778
G1 X134.609 Y-249.038
G0 Z3.500
G0 X137.829 Y-250.093
G1 Z0.000 F1200
G1 X137.333 Y-252.988
G0 Z3.500
G0 X145.261 Y-251.566
G1 Z0.000 F1200
G1 X146.017 Y-254.403
G0 Z3.500
G0 X146.666 Y-253.640
G1 Z0.000 F1200
G1 X146.033 Y-257.504
G0 Z3.500
G0 X147.303 Y-249.777
G1 Z0.000 F1200
G1 X147.627 Y-247.846
G0 Z3.500
G0 X159.671 Y-251.959
G1 Z0.000 F1200
G1 X159.315 Y-253.884
G0 Z3.500
G0 X158.788 Y-256.773
G1 Z0.000 F1200
G1 X158.442 Y-258.700
G0 Z3.500
G0 X165.017 Y-257.872
G1 Z0.000 F1200
G1 X165.727 Y-254.021
G0 Z3.500
G0 X165.902 Y-253.058
G1 Z0.000 F1200
G1 X166.249 Y-251.132
G0 Z3.500
G0 X169.503 Y-250.712
G1 Z0.000 F1200
G1 X168.658 Y-255.532
G0 Z3.500
G0 X168.457 Y-254.910
G1 Z0.000 F1200
G1 X173.739 Y-255.302
G1 X168.261 Y-254.910
G0 Z3.500
G0 X167.090 Y-246.311
G1 Z0.000 F1200
G1 X167.417 Y-244.381
G0 Z3.500
G0 X167.738 Y-242.449
G1 Z0.000 F1200
G1 X168.055 Y-240.518
G0 Z3.500
G0 X171.260 Y-240.089
G1 Z0.000 F1200
G1 X170.471 Y-244.919
G0 Z3.500
G0 X176.250 Y-247.927
G1 Z0.000 F1200
G1 X177.216 Y-242.134
G0 Z3.500
G0 X173.072 Y-229.476
G1 Z0.000 F1200
G1 X174.133 Y-223.700
G0 Z3.500
G0 X171.196 Y-222.188
G1 Z0.000 F1200
G1 X170.494 Y-226.040
G0 Z3.500
G0 X176.674 Y-216.737
G1 Z0.000 F1200
G1 X176.674 Y-250.799
G1 X176.674 Y-216.542
G0 Z3.500
G0 X176.259 Y-212.148
G1 Z0.000 F1200
G1 X177.096 Y-207.326
G0 Z3.500
G0 X167.842 Y-205.694
G1 Z0.000 F1200
G1 X167.482 Y-207.618
G0 Z3.500
G0 X164.363 Y-207.068
G1 Z0.000 F1200
G1 X164.907 Y-204.182
G0 Z3.500
G0 X176.155 Y-194.240
G1 Z0.000 F1200
G1 X177.156 Y-188.453
G0 Z3.500
G0 X138.809 Y-177.356
G1 Z0.000 F1200
G1 X137.594 Y-181.078
G0 Z3.500
G0 X134.733 Y-180.971
G1 Z0.000 F1200
G1 X135.958 Y-177.253
G0 Z3.500
G0 X133.096 Y-177.146
G1 Z0.000 F1200
G1 X132.112 Y-180.120
G0 Z3.500
G0 X128.739 Y-176.020
G1 Z0.000 F1200
G1 X131.283 Y-177.390
G1 X131.674 Y-176.803
G1 X136.761 Y-177.977
G1 X142.043 Y-178.173
G1 X142.239 Y-177.977
G1 X141.848 Y-177.586
G1 X141.261 Y-177.586
G1 X142.239 Y-177.977
G1 X145.174 Y-177.977
G1 X146.348 Y-177.586
G1 X145.174 Y-177.977
G1 X139.109 Y-178.173
G1 X135.587 Y-177.781
G1 X132.457 Y-176.998
G1 X131.674 Y-177.194
G1 X132.065 Y-177.781
G1 X134.413 Y-178.760
G1 X140.283 Y-180.326
G1 X134.413 Y-178.760
G1 X128.543 Y-176.020
G0 Z3.500
G0 X127.761 Y-171.321
G1 Z0.000 F1200
G1 X129.913 Y-172.104
G1 X130.891 Y-172.887
G1 X133.043 Y-173.083
G1 X132.457 Y-173.279
G1 X132.652 Y-173.670
G1 X134.804 Y-174.062
G1 X132.652 Y-173.670
G1 X132.261 Y-173.083
G1 X130.891 Y-172.887
G1 X129.913 Y-172.104
G1 X129.522 Y-172.692
G1 X129.326 Y-171.909
G1 X127.565 Y-171.321
G0 Z3.500
G0 X124.435 Y-170.734
G1 Z0.000 F1200
G1 X126.587 Y-172.104
G1 X132.065 Y-174.649
G1 X124.239 Y-170.734
G0 Z3.500
G0 X118.174 Y-176.215
G1 Z0.000 F1200
G1 X118.370 Y-176.803
G1 X120.326 Y-178.760
G1 X122.870 Y-180.326
G1 X122.674 Y-180.131
G1 X122.283 Y-180.522
G1 X122.674 Y-181.109
G1 X129.717 Y-185.416
G1 X125.804 Y-183.263
G1 X121.891 Y-180.522
G1 X117.978 Y-176.020
G0 Z3.500
G0 X111.717 Y-177.781
G1 Z0.000 F1200
G1 X115.435 Y-182.088
G1 X111.522 Y-177.586
G0 Z3.500
G0 X109.360 Y-179.309
G1 Z0.000 F1200
G1 X108.133 Y-183.027
G0 Z3.500
G0 X107.888 Y-183.771
G1 Z0.000 F1200
G1 X105.185 Y-191.949
G0 Z3.500
G0 X104.038 Y-194.795
G1 Z0.000 F1200
G1 X101.156 Y-198.505
G0 Z3.500
G0 X100.755 Y-199.759
G1 Z0.000 F1200
G1 X104.668 Y-203.596
G0 Z3.500
G0 X104.674 Y-203.230
G1 Z0.000 F1200
G1 X104.674 Y-207.145
G1 X105.457 Y-206.949
G1 X107.217 Y-205.579
G1 X106.826 Y-205.188
G1 X107.022 Y-203.817
G1 X106.630 Y-203.034
G1 X107.022 Y-203.817
G1 X106.826 Y-205.188
G1 X107.217 Y-205.579
G1 X108.783 Y-204.405
G1 X108.783 Y-204.013
G1 X108.978 Y-204.405
G1 X109.565 Y-204.209
G1 X108.783 Y-204.405
G1 X107.609 Y-205.383
G1 X107.022 Y-206.362
G1 X107.217 Y-205.971
G1 X106.826 Y-205.775
G1 X106.043 Y-206.558
G1 X106.630 Y-206.949
G1 X105.848 Y-206.558
G1 X104.674 Y-207.145
G1 X103.500 Y-208.907
G1 X104.478 Y-207.537
G1 X104.674 Y-203.034
G0 Z3.500
G0 X106.347 Y-205.237
G1 Z0.000 F1200
G1 X108.592 Y-207.420
G0 Z3.500
G0 X108.049 Y-207.168
G1 Z0.000 F1200
G1 X109.110 Y-203.400
G0 Z3.500
G0 X107.055 Y-198.868
G1 Z0.000 F1200
G1 X104.246 Y-196.143
G0 Z3.500
G0 X102.688 Y-193.740
G1 Z0.000 F1200
G1 X100.277 Y-196.823
G0 Z3.500
G0 X99.793 Y-197.439
G1 Z0.000 F1200
G1 X95.429 Y-202.970
G0 Z3.500
G0 X95.385 Y-202.721
G1 Z0.000 F1200
G1 X96.038 Y-200.464
G0 Z3.500
G0 X95.571 Y-201.748
G1 Z0.000 F1200
G1 X90.536 Y-196.821
G0 Z3.500
G0 X92.348 Y-198.336
G1 Z0.000 F1200
G1 X93.130 Y-198.140
G1 X94.109 Y-199.511
G1 X93.326 Y-199.706
G1 X92.348 Y-198.532
G0 Z3.500
G0 X93.169 Y-200.210
G1 Z0.000 F1200
G1 X97.046 Y-195.292
G0 Z3.500
G0 X97.792 Y-194.451
G1 Z0.000 F1200
G1 X96.694 Y-198.209
G0 Z3.500
G0 X94.247 Y-195.877
G1 Z0.000 F1200
G1 X95.776 Y-190.614
G0 Z3.500
G0 X96.239 Y-190.686
G1 Z0.000 F1200
G1 X93.339 Y-194.381
G0 Z3.500
G0 X93.246 Y-193.961
G1 Z0.000 F1200
G1 X94.769 Y-188.696
G0 Z3.500
G0 X95.839 Y-188.386
G1 Z0.000 F1200
G1 X92.464 Y-192.703
G0 Z3.500
G0 X91.364 Y-192.083
G1 Z0.000 F1200
G1 X90.194 Y-194.177
G1 X88.925 Y-197.594
G1 X88.169 Y-201.299
G1 X87.846 Y-205.249
G1 X88.183 Y-213.698
G1 X90.725 Y-232.998
G1 X91.300 Y-240.178
G1 X91.086 Y-246.901
G1 X90.425 Y-250.628
G1 X89.713 Y-252.957
G0 Z3.500
G0 X88.826 Y-250.995
G1 Z0.000 F1200
G1 X88.435 Y-251.191
G1 X89.804 Y-252.561
G1 X90.196 Y-252.561
G1 X91.174 Y-251.582
G1 X90.783 Y-250.995
G1 X89.609 Y-250.604
G1 X89.022 Y-250.799
G0 Z3.500
G0 X87.848 Y-251.387
G1 Z0.000 F1200
G1 X88.435 Y-251.191
G1 X90.391 Y-252.757
G1 X90.391 Y-253.344
G1 X91.957 Y-254.910
G1 X91.565 Y-255.889
G1 X89.413 Y-255.889
G1 X89.022 Y-255.498
G1 X89.022 Y-253.736
G1 X87.652 Y-253.148
G1 X87.848 Y-251.582
G0 Z3.500
G0 X90.795 Y-251.020
G1 Z0.000 F1200
G1 X94.634 Y-246.071
G0 Z3.500
G0 X95.870 Y-246.101
G1 Z0.000 F1200
G1 X95.087 Y-246.884
G1 X95.478 Y-247.276
G1 X96.848 Y-247.276
G1 X97.043 Y-245.905
G1 X96.065 Y-245.905
G0 Z3.500
G0 X95.972 Y-247.118
G1 Z0.000 F1200
G1 X101.232 Y-240.299
G0 Z3.500
G0 X99.215 Y-238.032
G1 Z0.000 F1200
G1 X100.957 Y-232.015
G0 Z3.500
G0 X100.162 Y-230.519
G1 Z0.000 F1200
G1 X102.071 Y-228.036
G0 Z3.500
G0 X100.565 Y-227.700
G1 Z0.000 F1200
G1 X100.174 Y-232.007
G1 X100.565 Y-227.504
G0 Z3.500
G0 X97.534 Y-226.768
G1 Z0.000 F1200
G1 X92.451 Y-221.890
G0 Z3.500
G0 X93.605 Y-220.693
G1 Z0.000 F1200
G1 X96.982 Y-223.958
G0 Z3.500
G0 X90.848 Y-224.227
G1 Z0.000 F1200
G1 X89.997 Y-227.242
G0 Z3.500
G0 X89.413 Y-227.308
G1 Z0.000 F1200
G1 X90.000 Y-227.113
G1 X91.761 Y-228.874
G1 X92.739 Y-228.874
G1 X93.130 Y-229.266
G1 X92.935 Y-230.245
G1 X92.348 Y-230.832
G1 X91.565 Y-230.832
G1 X90.000 Y-232.398
G1 X89.217 Y-232.007
G1 X89.413 Y-227.504
G0 Z3.500
G0 X89.783 Y-227.995
G1 Z0.000 F1200
G1 X88.489 Y-232.511
G0 Z3.500
G0 X88.271 Y-233.263
G1 Z0.000 F1200
G1 X86.740 Y-238.526
G0 Z3.500
G0 X86.937 Y-239.061
G1 Z0.000 F1200
G1 X91.307 Y-233.534
G0 Z3.500
G0 X91.346 Y-233.331
G1 Z0.000 F1200
G1 X89.626 Y-239.354
G0 Z3.500
G0 X88.800 Y-239.198
G1 Z0.000 F1200
G1 X85.990 Y-236.474
G0 Z3.500
G0 X85.429 Y-235.928
G1 Z0.000 F1200
G1 X80.395 Y-230.998
G0 Z3.500
G0 X79.239 Y-230.636
G1 Z0.000 F1200
G1 X79.630 Y-230.440
G1 X80.022 Y-230.832
G1 X80.217 Y-232.007
G1 X78.457 Y-233.768
G1 X77.674 Y-233.964
G1 X76.891 Y-232.985
G1 X79.043 Y-230.832
G0 Z3.500
G0 X78.848 Y-229.462
G1 Z0.000 F1200
G1 X75.522 Y-232.594
G1 X75.717 Y-232.985
G1 X76.891 Y-232.985
G1 X79.630 Y-230.245
G1 X79.630 Y-229.266
G1 X79.043 Y-229.266
G0 Z3.500
G0 X78.261 Y-228.091
G1 Z0.000 F1200
G1 X75.717 Y-230.832
G1 X75.913 Y-231.615
G1 X76.500 Y-231.811
G1 X79.435 Y-228.874
G1 X79.435 Y-228.091
G1 X79.043 Y-227.700
G1 X78.457 Y-227.896
G0 Z3.500
G0 X81.783 Y-231.419
G1 Z0.000 F1200
G1 X83.739 Y-231.223
G1 X84.522 Y-231.615
G1 X82.174 Y-234.160
G1 X81.783 Y-234.160
G1 X81.000 Y-232.985
G1 X81.000 Y-232.202
G1 X81.587 Y-231.615
G0 Z3.500
G0 X83.243 Y-231.430
G1 Z0.000 F1200
G1 X87.714 Y-235.815
G0 Z3.500
G0 X88.623 Y-237.437
G1 Z0.000 F1200
G1 X87.309 Y-241.948
G0 Z3.500
G0 X87.089 Y-242.699
G1 Z0.000 F1200
G1 X85.991 Y-246.457
G0 Z3.500
G0 X85.500 Y-246.493
G1 Z0.000 F1200
G1 X86.283 Y-246.297
G1 X86.870 Y-246.884
G1 X86.870 Y-247.471
G1 X84.717 Y-249.625
G1 X83.935 Y-248.059
G1 X85.304 Y-246.688
G0 Z3.500
G0 X84.130 Y-245.122
G1 Z0.000 F1200
G1 X84.130 Y-245.710
G1 X82.761 Y-247.080
G1 X83.152 Y-247.667
G1 X83.935 Y-247.863
G1 X85.891 Y-246.101
G1 X85.891 Y-245.514
G1 X85.109 Y-244.731
G1 X84.326 Y-244.927
G0 Z3.500
G0 X82.761 Y-244.731
G1 Z0.000 F1200
G1 X82.957 Y-246.884
G1 X84.130 Y-245.710
G1 X84.130 Y-244.927
G1 X83.739 Y-244.339
G1 X82.761 Y-244.535
G0 Z3.500
G0 X81.783 Y-244.144
G1 Z0.000 F1200
G1 X81.196 Y-245.122
G1 X81.196 Y-246.884
G1 X82.565 Y-247.080
G1 X82.761 Y-244.339
G1 X81.978 Y-243.752
G1 X81.783 Y-243.948
G0 Z3.500
G0 X76.500 Y-244.927
G1 Z0.000 F1200
G1 X78.457 Y-244.731
G1 X80.413 Y-247.080
G1 X80.022 Y-247.471
G1 X78.848 Y-247.471
G1 X77.674 Y-248.450
G1 X75.717 Y-247.080
G1 X76.500 Y-246.101
G1 X76.500 Y-245.122
G0 Z3.500
G0 X73.565 Y-243.948
G1 Z0.000 F1200
G1 X72.587 Y-244.927
G1 X73.370 Y-245.514
G1 X74.152 Y-244.927
G1 X74.152 Y-243.752
G1 X73.565 Y-243.752
G0 Z3.500
G0 X72.196 Y-243.556
G1 Z0.000 F1200
G1 X72.391 Y-244.535
G1 X72.783 Y-244.731
G1 X73.761 Y-243.556
G1 X73.174 Y-243.165
G1 X72.196 Y-243.361
G0 Z3.500
G0 X71.804 Y-243.948
G1 Z0.000 F1200
G1 X72.391 Y-243.948
G1 X72.391 Y-245.514
G1 X70.826 Y-245.318
G1 X70.826 Y-244.144
G1 X71.609 Y-243.948
G0 Z3.500
G0 X72.405 Y-246.581
G1 Z0.000 F1200
G1 X76.732 Y-241.021
G0 Z3.500
G0 X72.587 Y-238.467
G1 Z0.000 F1200
G1 X72.783 Y-238.271
G1 X75.130 Y-240.424
G1 X75.130 Y-241.207
G1 X73.174 Y-243.165
G1 X72.391 Y-243.165
G1 X72.196 Y-242.186
G1 X71.022 Y-241.011
G1 X71.217 Y-239.837
G1 X72.391 Y-238.662
G0 Z3.500
G0 X70.826 Y-234.551
G1 Z0.000 F1200
G1 X68.674 Y-236.900
G1 X67.891 Y-236.900
G1 X66.913 Y-237.684
G1 X67.109 Y-238.467
G1 X72.783 Y-238.075
G1 X72.196 Y-234.747
G1 X71.413 Y-234.160
G1 X71.022 Y-234.356
G0 Z3.500
G0 X70.043 Y-229.853
G1 Z0.000 F1200
G1 X66.717 Y-233.181
G1 X66.717 Y-234.943
G1 X70.630 Y-234.747
G1 X71.413 Y-233.964
G1 X71.413 Y-230.636
G1 X70.630 Y-229.462
G1 X70.239 Y-229.657
G0 Z3.500
G0 X76.696 Y-233.377
G1 Z0.000 F1200
G1 X76.891 Y-233.181
G1 X77.478 Y-233.768
G1 X77.478 Y-234.356
G1 X76.891 Y-234.943
G1 X75.717 Y-234.943
G1 X75.522 Y-234.747
G1 X76.696 Y-233.573
G0 Z3.500
G0 X82.761 Y-236.705
G1 Z0.000 F1200
G1 X81.196 Y-239.054
G1 X81.196 Y-239.641
G1 X81.978 Y-240.228
G1 X82.370 Y-240.228
G1 X84.717 Y-237.684
G1 X83.739 Y-236.509
G1 X82.957 Y-236.509
G0 Z3.500
G0 X84.326 Y-238.075
G1 Z0.000 F1200
G1 X85.109 Y-237.879
G1 X85.304 Y-238.271
G1 X82.565 Y-241.011
G1 X82.174 Y-240.424
G1 X84.130 Y-238.271
G0 Z3.500
G0 X85.500 Y-239.445
G1 Z0.000 F1200
G1 X84.522 Y-240.620
G1 X84.522 Y-241.403
G1 X84.913 Y-241.794
G1 X85.304 Y-241.794
G1 X87.261 Y-239.837
G1 X87.261 Y-239.445
G1 X86.674 Y-239.054
G1 X85.696 Y-239.250
G0 Z3.500
G0 X86.870 Y-240.228
G1 Z0.000 F1200
G1 X87.457 Y-240.033
G1 X91.174 Y-243.361
G1 X88.826 Y-245.710
G1 X88.826 Y-246.101
G1 X88.826 Y-245.710
G1 X90.978 Y-243.556
G1 X91.370 Y-243.556
G1 X92.348 Y-245.710
G1 X92.935 Y-246.297
G1 X93.913 Y-246.493
G1 X95.478 Y-248.842
G1 X96.261 Y-249.038
G1 X94.891 Y-248.254
G1 X94.500 Y-247.667
G1 X94.696 Y-246.884
G1 X95.478 Y-247.276
G1 X97.826 Y-247.471
G1 X98.609 Y-248.254
G1 X99.783 Y-248.254
G1 X100.761 Y-247.471
G1 X100.957 Y-246.101
G1 X101.348 Y-245.710
G1 X101.935 Y-245.905
G1 X101.935 Y-247.471
G1 X102.130 Y-245.710
G1 X102.913 Y-246.884
G1 X102.130 Y-249.038
G1 X102.130 Y-250.212
G1 X100.957 Y-253.148
G1 X99.783 Y-253.736
G1 X97.043 Y-253.931
G1 X96.848 Y-252.170
G1 X96.261 Y-250.995
G1 X96.848 Y-252.170
G1 X96.848 Y-253.931
G1 X96.261 Y-254.323
G1 X95.478 Y-254.127
G1 X95.478 Y-252.365
G1 X95.087 Y-251.387
G1 X95.478 Y-252.365
G1 X95.283 Y-254.519
G1 X93.522 Y-252.365
G1 X92.152 Y-252.170
G1 X93.326 Y-250.799
G1 X94.891 Y-250.995
G1 X94.109 Y-250.604
G1 X94.109 Y-250.016
G1 X94.109 Y-250.604
G1 X93.326 Y-250.799
G1 X92.152 Y-249.821
G1 X91.565 Y-250.016
G1 X90.196 Y-248.646
G1 X88.043 Y-248.646
G1 X87.848 Y-247.863
G1 X85.891 Y-246.101
G1 X86.283 Y-244.927
G1 X85.891 Y-245.514
G1 X85.109 Y-244.731
G1 X85.109 Y-244.339
G1 X85.696 Y-244.144
G1 X85.109 Y-243.948
G1 X85.304 Y-243.165
G1 X85.109 Y-244.535
G1 X84.326 Y-244.927
G1 X83.935 Y-244.731
G1 X83.935 Y-243.948
G1 X84.913 Y-241.990
G1 X86.674 Y-240.424
G0 Z3.500
G0 X84.130 Y-232.202
G1 Z0.000 F1200
G1 X82.174 Y-234.160
G1 X82.761 Y-234.747
G1 X84.913 Y-232.790
G1 X84.717 Y-232.007
G1 X84.326 Y-232.007
G0 Z3.500
G0 X85.304 Y-231.223
G1 Z0.000 F1200
G1 X84.717 Y-231.811
G1 X84.717 Y-232.594
G1 X85.109 Y-232.985
G1 X84.717 Y-232.985
G1 X82.761 Y-234.943
G1 X83.152 Y-235.922
G1 X83.543 Y-235.922
G1 X87.848 Y-231.419
G1 X87.065 Y-230.832
G1 X85.500 Y-231.028
G0 Z3.500
G0 X88.569 Y-226.832
G1 Z0.000 F1200
G1 X90.279 Y-220.806
G0 Z3.500
G0 X90.491 Y-220.052
G1 Z0.000 F1200
G1 X91.969 Y-214.774
G0 Z3.500
G0 X92.180 Y-214.020
G1 Z0.000 F1200
G1 X93.237 Y-210.250
G0 Z3.500
G0 X91.954 Y-210.191
G1 Z0.000 F1200
G1 X94.863 Y-206.503
G0 Z3.500
G0 X98.575 Y-207.417
G1 Z0.000 F1200
G1 X100.501 Y-204.948
G0 Z3.500
G0 X105.652 Y-207.732
G1 Z0.000 F1200
G1 X104.478 Y-208.907
G1 X104.283 Y-210.277
G1 X103.304 Y-212.626
G1 X102.913 Y-216.542
G1 X103.109 Y-218.108
G1 X102.913 Y-216.542
G1 X103.304 Y-213.997
G1 X101.935 Y-213.409
G1 X101.739 Y-213.997
G1 X101.543 Y-213.214
G1 X102.717 Y-213.801
G1 X103.304 Y-213.605
G1 X103.304 Y-212.626
G1 X104.283 Y-210.277
G1 X104.478 Y-208.907
G1 X105.848 Y-207.537
G0 Z3.500
G0 X117.783 Y-208.124
G1 Z0.000 F1200
G1 X119.152 Y-211.452
G1 X121.304 Y-215.171
G1 X124.435 Y-218.499
G1 X125.217 Y-218.891
G1 X124.435 Y-218.499
G1 X121.304 Y-215.171
G1 X117.783 Y-208.320
G0 Z3.500
G0 X119.959 Y-211.737
G1 Z0.000 F1200
G1 X120.745 Y-214.566
G0 Z3.500
G0 X121.729 Y-214.455
G1 Z0.000 F1200
G1 X121.411 Y-216.386
G0 Z3.500
G0 X120.448 Y-222.180
G1 Z0.000 F1200
G1 X120.119 Y-224.109
G0 Z3.500
G0 X123.184 Y-224.650
G1 Z0.000 F1200
G1 X123.505 Y-222.719
G0 Z3.500
G0 X118.746 Y-231.818
G1 Z0.000 F1200
G1 X117.858 Y-236.631
G0 Z3.500
G0 X117.680 Y-237.594
G1 Z0.000 F1200
G1 X116.628 Y-243.371
G0 Z3.500
G0 X116.288 Y-245.299
G1 Z0.000 F1200
G1 X115.624 Y-249.158
G0 Z3.500
G0 X116.181 Y-252.269
G1 Z0.000 F1200
G1 X116.916 Y-255.112
G0 Z3.500
G0 X112.925 Y-251.115
G1 Z0.000 F1200
G1 X112.186 Y-248.274
G0 Z3.500
G0 X109.676 Y-247.114
G1 Z0.000 F1200
G1 X110.152 Y-244.217
G0 Z3.500
G0 X108.642 Y-242.116
G1 Z0.000 F1200
G1 X105.245 Y-246.416
G0 Z3.500
G0 X100.565 Y-245.122
G1 Z0.000 F1200
G1 X100.957 Y-244.927
G1 X101.348 Y-245.710
G1 X100.957 Y-246.101
G1 X100.761 Y-247.471
G1 X100.174 Y-247.863
G1 X99.391 Y-246.884
G1 X100.370 Y-245.318
G0 Z3.500
G0 X96.261 Y-243.556
G1 Z0.000 F1200
G1 X96.652 Y-245.710
G1 X97.239 Y-245.710
G1 X98.609 Y-243.948
G1 X98.217 Y-243.361
G1 X96.261 Y-243.361
G0 Z3.500
G0 X98.069 Y-238.820
G1 Z0.000 F1200
G1 X101.411 Y-234.477
G0 Z3.500
G0 X104.603 Y-235.978
G1 Z0.000 F1200
G1 X106.540 Y-233.517
G0 Z3.500
G0 X106.007 Y-234.898
G1 Z0.000 F1200
G1 X109.935 Y-238.719
G0 Z3.500
G0 X110.124 Y-237.904
G1 Z0.000 F1200
G1 X110.757 Y-235.642
G0 Z3.500
G0 X110.660 Y-236.738
G1 Z0.000 F1200
G1 X108.239 Y-239.814
G0 Z3.500
G0 X107.349 Y-238.124
G1 Z0.000 F1200
G1 X109.774 Y-235.052
G0 Z3.500
G0 X111.315 Y-234.321
G1 Z0.000 F1200
G1 X112.101 Y-237.150
G0 Z3.500
G0 X110.963 Y-239.390
G1 Z0.000 F1200
G1 X111.810 Y-234.570
G0 Z3.500
G0 X112.891 Y-233.768
G1 Z0.000 F1200
G1 X111.522 Y-235.530
G1 X110.348 Y-238.271
G1 X111.522 Y-235.530
G1 X113.087 Y-233.573
G0 Z3.500
G0 X109.855 Y-232.134
G1 Z0.000 F1200
G1 X111.792 Y-229.674
G0 Z3.500
G0 X110.906 Y-227.987
G1 Z0.000 F1200
G1 X108.965 Y-230.445
G0 Z3.500
G0 X107.914 Y-234.592
G1 Z0.000 F1200
G1 X105.974 Y-237.049
G0 Z3.500
G0 X95.791 Y-231.956
G1 Z0.000 F1200
G1 X91.284 Y-227.607
G0 Z3.500
G0 X92.543 Y-230.636
G1 Z0.000 F1200
G1 X93.130 Y-230.440
G1 X93.522 Y-230.832
G1 X93.522 Y-232.398
G1 X91.761 Y-234.356
G1 X91.370 Y-234.356
G1 X90.196 Y-233.573
G1 X89.804 Y-232.594
G1 X91.565 Y-230.832
G1 X92.348 Y-230.832
G0 Z3.500
G0 X93.522 Y-232.007
G1 Z0.000 F1200
G1 X94.500 Y-231.811
G1 X94.696 Y-232.985
G1 X92.739 Y-234.943
G1 X92.152 Y-234.747
G1 X91.957 Y-234.160
G1 X93.522 Y-232.202
G0 Z3.500
G0 X90.587 Y-222.023
G1 Z0.000 F1200
G1 X89.804 Y-224.763
G1 X89.804 Y-226.917
G1 X91.761 Y-228.874
G1 X93.522 Y-229.266
G1 X93.717 Y-227.700
G1 X94.500 Y-226.134
G1 X94.500 Y-224.959
G1 X91.370 Y-221.631
G1 X90.783 Y-221.827
G0 Z3.500
G0 X88.577 Y-214.507
G1 Z0.000 F1200
G1 X91.470 Y-210.806
G0 Z3.500
G0 X92.069 Y-212.140
G1 Z0.000 F1200
G1 X88.693 Y-208.875
G0 Z3.500
G0 X88.128 Y-208.332
G1 Z0.000 F1200
G1 X84.736 Y-205.084
G0 Z3.500
G0 X84.178 Y-202.280
G1 Z0.000 F1200
G1 X80.227 Y-198.483
G0 Z3.500
G0 X79.664 Y-197.939
G1 Z0.000 F1200
G1 X75.174 Y-193.574
G0 Z3.500
G0 X74.935 Y-194.421
G1 Z0.000 F1200
G1 X75.130 Y-194.225
G1 X75.913 Y-195.204
G1 X74.543 Y-195.595
G1 X74.348 Y-195.400
G1 X74.739 Y-194.617
G0 Z3.500
G0 X74.816 Y-195.405
G1 Z0.000 F1200
G1 X74.390 Y-193.299
G1 X74.416 Y-189.782
G1 X75.897 Y-180.183
G1 X78.974 Y-167.277
G1 X84.972 Y-145.343
G0 Z3.500
G0 X84.119 Y-145.804
G1 Z0.000 F1200
G1 X79.197 Y-163.124
G1 X77.610 Y-170.094
G1 X76.360 Y-177.169
G1 X75.683 Y-183.146
G1 X75.479 Y-188.893
G1 X75.852 Y-194.269
G1 X76.680 Y-198.362
G0 Z3.500
G0 X77.283 Y-198.728
G1 Z0.000 F1200
G1 X78.652 Y-199.315
G1 X77.674 Y-200.294
G1 X78.848 Y-200.294
G1 X78.261 Y-200.098
G1 X78.457 Y-199.511
G1 X78.848 Y-199.315
G1 X79.239 Y-199.706
G1 X77.478 Y-198.728
G0 Z3.500
G0 X80.217 Y-199.315
G1 Z0.000 F1200
G1 X81.783 Y-199.315
G1 X80.804 Y-200.294
G1 X80.217 Y-200.098
G1 X80.217 Y-199.511
G0 Z3.500
G0 X76.235 Y-194.691
G1 Z0.000 F1200
G1 X75.274 Y-191.590
G1 X74.829 Y-187.903
G1 X74.883 Y-182.846
G1 X75.469 Y-177.260
G1 X78.016 Y-164.170
G1 X83.501 Y-143.135
G0 Z3.500
G0 X83.135 Y-145.770
G1 Z0.000 F1200
G1 X81.276 Y-154.812
G1 X76.520 Y-174.428
G1 X74.842 Y-182.460
G1 X73.871 Y-190.373
G1 X74.161 Y-196.304
G0 Z3.500
G0 X76.304 Y-193.051
G1 Z0.000 F1200
G1 X75.130 Y-194.225
G1 X75.913 Y-195.204
G1 X77.674 Y-194.617
G1 X78.261 Y-194.029
G1 X76.891 Y-192.659
G1 X76.500 Y-192.855
G0 Z3.500
G0 X76.891 Y-192.268
G1 Z0.000 F1200
G1 X76.891 Y-192.659
G1 X78.065 Y-193.834
G1 X78.261 Y-192.268
G1 X77.870 Y-191.876
G1 X77.087 Y-192.072
G0 Z3.500
G0 X81.196 Y-188.548
G1 Z0.000 F1200
G1 X81.000 Y-189.331
G1 X82.957 Y-193.442
G1 X84.130 Y-194.225
G1 X85.304 Y-197.162
G1 X86.087 Y-197.749
G1 X85.696 Y-197.357
G1 X85.500 Y-198.140
G1 X86.087 Y-198.728
G1 X86.674 Y-198.336
G1 X86.478 Y-199.119
G1 X86.870 Y-199.902
G1 X88.630 Y-201.860
G1 X86.870 Y-199.902
G1 X86.478 Y-198.923
G1 X85.500 Y-198.140
G1 X85.109 Y-196.183
G1 X84.130 Y-194.225
G1 X83.348 Y-193.638
G1 X83.152 Y-194.421
G1 X83.152 Y-193.638
G1 X81.000 Y-189.331
G1 X81.196 Y-188.352
G0 Z3.500
G0 X82.122 Y-188.630
G1 Z0.000 F1200
G1 X79.863 Y-186.462
G0 Z3.500
G0 X79.711 Y-186.709
G1 Z0.000 F1200
G1 X83.594 Y-181.795
G0 Z3.500
G0 X82.742 Y-180.097
G1 Z0.000 F1200
G1 X81.054 Y-178.464
G0 Z3.500
G0 X81.330 Y-179.031
G1 Z0.000 F1200
G1 X77.454 Y-183.951
G0 Z3.500
G0 X77.057 Y-181.654
G1 Z0.000 F1200
G1 X79.472 Y-178.573
G0 Z3.500
G0 X80.598 Y-178.928
G1 Z0.000 F1200
G1 X79.500 Y-182.686
G0 Z3.500
G0 X84.640 Y-184.446
G1 Z0.000 F1200
G1 X83.662 Y-187.422
G0 Z3.500
G0 X86.021 Y-187.001
G1 Z0.000 F1200
G1 X87.082 Y-183.232
G0 Z3.500
G0 X85.456 Y-183.580
G1 Z0.000 F1200
G1 X86.730 Y-179.058
G0 Z3.500
G0 X89.173 Y-179.333
G1 Z0.000 F1200
G1 X86.520 Y-187.527
G0 Z3.500
G0 X87.817 Y-187.238
G1 Z0.000 F1200
G1 X84.984 Y-184.537
G0 Z3.500
G0 X87.646 Y-186.652
G1 Z0.000 F1200
G1 X87.011 Y-188.914
G0 Z3.500
G0 X89.366 Y-187.629
G1 Z0.000 F1200
G1 X92.240 Y-178.684
G0 Z3.500
G0 X89.412 Y-178.588
G1 Z0.000 F1200
G1 X91.085 Y-173.368
G0 Z3.500
G0 X92.152 Y-173.083
G1 Z0.000 F1200
G1 X91.761 Y-174.649
G1 X91.761 Y-179.347
G1 X92.152 Y-182.088
G1 X93.522 Y-186.591
G1 X94.304 Y-186.982
G1 X93.913 Y-187.569
G1 X94.891 Y-188.940
G1 X94.891 Y-189.723
G1 X94.891 Y-188.940
G1 X93.130 Y-185.612
G1 X92.152 Y-182.088
G1 X91.761 Y-179.347
G1 X91.761 Y-174.649
G1 X92.152 Y-172.887
G0 Z3.500
G0 X89.413 Y-173.670
G1 Z0.000 F1200
G1 X89.804 Y-173.475
G1 X90.391 Y-174.062
G1 X91.174 Y-181.892
G1 X92.543 Y-186.591
G1 X94.304 Y-190.114
G1 X95.478 Y-191.289
G1 X96.848 Y-193.638
G1 X96.848 Y-195.204
G1 X94.500 Y-194.029
G1 X92.739 Y-191.876
G1 X93.522 Y-190.701
G1 X92.935 Y-189.918
G1 X92.348 Y-190.701
G1 X91.761 Y-190.506
G1 X91.761 Y-189.723
G1 X92.739 Y-189.135
G1 X92.543 Y-188.744
G1 X91.174 Y-188.352
G1 X90.391 Y-186.982
G1 X90.196 Y-186.003
G1 X90.587 Y-185.220
G1 X90.000 Y-182.480
G1 X90.000 Y-180.718
G1 X90.196 Y-182.675
G1 X89.217 Y-183.067
G1 X88.826 Y-182.088
G1 X88.826 Y-176.803
G1 X89.217 Y-173.866
G0 Z3.500
G0 X85.500 Y-174.062
G1 Z0.000 F1200
G1 X85.500 Y-176.411
G1 X86.087 Y-176.998
G1 X86.087 Y-177.781
G1 X85.696 Y-178.173
G1 X84.522 Y-176.998
G1 X84.913 Y-176.215
G1 X84.522 Y-176.998
G1 X85.891 Y-178.369
G1 X86.087 Y-181.892
G1 X87.065 Y-185.808
G1 X86.870 Y-186.591
G1 X86.087 Y-186.395
G1 X85.304 Y-183.263
G1 X87.261 Y-190.114
G1 X86.674 Y-188.157
G1 X86.870 Y-187.961
G1 X87.652 Y-188.157
G1 X88.630 Y-191.485
G1 X91.761 Y-197.162
G1 X91.761 Y-197.945
G1 X93.326 Y-199.706
G1 X93.913 Y-199.706
G1 X94.696 Y-200.489
G1 X94.696 Y-201.468
G1 X95.870 Y-203.034
G1 X94.696 Y-201.468
G1 X94.891 Y-200.489
G1 X95.870 Y-201.077
G1 X97.435 Y-203.034
G1 X97.239 Y-203.817
G1 X96.848 Y-204.013
G1 X97.435 Y-204.209
G1 X99.000 Y-206.949
G1 X99.978 Y-207.732
G1 X99.000 Y-206.949
G1 X97.239 Y-203.817
G1 X97.826 Y-203.622
G1 X99.196 Y-204.796
G1 X97.630 Y-203.622
G1 X97.435 Y-203.034
G1 X98.022 Y-202.643
G1 X100.565 Y-204.992
G1 X101.152 Y-206.166
G1 X100.565 Y-204.992
G1 X97.826 Y-202.251
G1 X97.826 Y-202.643
G1 X97.239 Y-202.838
G1 X95.478 Y-200.685
G1 X94.109 Y-199.902
G1 X93.913 Y-198.923
G1 X91.370 Y-196.770
G1 X88.630 Y-191.485
G1 X87.065 Y-186.591
G1 X86.087 Y-181.892
G1 X85.891 Y-177.977
G1 X86.674 Y-176.020
G1 X86.283 Y-176.803
G1 X85.500 Y-176.411
G1 X85.500 Y-174.258
G0 Z3.500
G0 X83.739 Y-172.887
G1 Z0.000 F1200
G1 X84.522 Y-174.845
G1 X83.739 Y-172.692
G0 Z3.500
G0 X94.696 Y-176.607
G1 Z0.000 F1200
G1 X97.630 Y-185.808
G1 X97.826 Y-187.765
G1 X100.761 Y-192.659
G1 X100.957 Y-194.029
G1 X101.348 Y-194.225
G1 X101.935 Y-193.834
G1 X104.087 Y-196.378
G1 X103.891 Y-197.162
G1 X104.283 Y-196.574
G1 X107.413 Y-199.119
G1 X105.065 Y-197.357
G1 X102.130 Y-194.225
G1 X101.935 Y-193.638
G1 X100.761 Y-192.855
G1 X97.826 Y-187.765
G1 X98.022 Y-186.591
G1 X98.804 Y-186.982
G1 X99.391 Y-188.157
G1 X98.804 Y-186.982
G1 X97.630 Y-186.395
G1 X94.891 Y-176.803
G0 Z3.500
G0 X101.543 Y-176.803
G1 Z0.000 F1200
G1 X101.739 Y-179.347
G1 X102.717 Y-180.131
G1 X102.913 Y-180.914
G1 X102.522 Y-179.935
G1 X101.935 Y-179.543
G1 X101.543 Y-179.739
G1 X101.543 Y-181.892
G1 X102.717 Y-185.808
G1 X105.065 Y-190.897
G1 X107.413 Y-194.029
G1 X108.196 Y-194.225
G1 X108.587 Y-193.442
G1 X107.217 Y-190.506
G1 X106.630 Y-184.829
G1 X104.283 Y-178.956
G1 X103.696 Y-178.564
G1 X103.304 Y-179.347
G1 X103.696 Y-177.977
G1 X103.304 Y-177.194
G1 X102.130 Y-176.411
G1 X101.543 Y-176.607
G0 Z3.500
G0 X101.152 Y-174.258
G1 Z0.000 F1200
G1 X101.152 Y-176.020
G1 X101.935 Y-176.411
G1 X102.326 Y-176.020
G1 X102.130 Y-174.454
G1 X101.543 Y-173.866
G1 X101.152 Y-174.062
G0 Z3.500
G0 X104.615 Y-176.120
G1 Z0.000 F1200
G1 X106.332 Y-170.915
G0 Z3.500
G0 X106.576 Y-170.171
G1 Z0.000 F1200
G1 X108.753 Y-163.469
G0 Z3.500
G0 X110.867 Y-165.803
G1 Z0.000 F1200
G1 X109.667 Y-169.529
G0 Z3.500
G0 X107.968 Y-174.740
G1 Z0.000 F1200
G1 X105.267 Y-182.919
G0 Z3.500
G0 X105.021 Y-183.662
G1 Z0.000 F1200
G1 X103.305 Y-188.868
G0 Z3.500
G0 X106.630 Y-186.591
G1 Z0.000 F1200
G1 X108.783 Y-186.395
G1 X109.565 Y-187.569
G1 X108.978 Y-188.157
G1 X107.022 Y-187.961
G1 X106.826 Y-186.786
G0 Z3.500
G0 X106.630 Y-185.416
G1 Z0.000 F1200
G1 X107.022 Y-186.395
G1 X108.783 Y-186.199
G1 X108.391 Y-185.220
G1 X106.630 Y-185.220
G0 Z3.500
G0 X110.015 Y-186.109
G1 Z0.000 F1200
G1 X107.311 Y-194.287
G0 Z3.500
G0 X114.065 Y-194.421
G1 Z0.000 F1200
G1 X115.630 Y-196.183
G1 X118.565 Y-197.945
G1 X122.674 Y-199.706
G1 X125.217 Y-200.294
G1 X122.674 Y-199.706
G1 X116.413 Y-196.770
G1 X116.413 Y-195.791
G1 X115.630 Y-196.183
G1 X114.065 Y-194.617
G0 Z3.500
G0 X118.565 Y-185.808
G1 Z0.000 F1200
G1 X122.870 Y-187.765
G1 X126.587 Y-188.744
G1 X130.891 Y-189.331
G1 X138.130 Y-189.527
G1 X142.043 Y-190.310
G1 X144.196 Y-191.093
G1 X147.326 Y-193.442
G1 X144.196 Y-191.093
G1 X142.043 Y-190.310
G1 X138.130 Y-189.527
G1 X130.891 Y-189.331
G1 X126.587 Y-188.744
G1 X122.870 Y-187.765
G1 X118.761 Y-185.808
G0 Z3.500
G0 X104.369 Y-176.863
G1 Z0.000 F1200
G1 X101.670 Y-185.043
G0 Z3.500
G0 X99.696 Y-186.831
G1 Z0.000 F1200
G1 X98.557 Y-189.820
G1 X97.328 Y-194.430
G1 X96.358 Y-202.375
G1 X96.499 Y-212.166
G1 X98.661 Y-233.227
G1 X99.066 Y-240.864
G1 X98.647 Y-248.026
G1 X97.840 Y-252.037
G1 X97.020 Y-254.572
G0 Z3.500
G0 X99.478 Y-254.062
G1 Z0.000 F1200
G1 X96.112 Y-250.786
G0 Z3.500
G0 X99.587 Y-253.736
G1 Z0.000 F1200
G1 X97.826 Y-253.736
G1 X97.630 Y-254.127
G1 X99.391 Y-256.281
G1 X100.370 Y-256.281
G1 X101.152 Y-255.693
G1 X101.152 Y-253.931
G1 X100.761 Y-253.540
G1 X99.783 Y-253.736
G0 Z3.500
G0 X104.983 Y-256.225
G1 Z0.000 F1200
G1 X105.824 Y-251.404
G0 Z3.500
G0 X108.723 Y-252.910
G1 Z0.000 F1200
G1 X109.202 Y-250.012
G0 Z3.500
G0 X108.398 Y-254.840
G1 Z0.000 F1200
G1 X108.068 Y-256.770
G0 Z3.500
G0 X115.435 Y-245.710
G1 Z0.000 F1200
G1 X113.674 Y-246.884
G1 X111.913 Y-248.646
G1 X110.348 Y-251.191
G1 X111.130 Y-249.625
G1 X112.500 Y-248.254
G1 X112.696 Y-249.233
G1 X111.913 Y-251.778
G1 X112.891 Y-247.667
G1 X114.652 Y-246.101
G1 X115.630 Y-245.710
G0 Z3.500
G0 X120.087 Y-241.994
G1 Z0.000 F1200
G1 X121.153 Y-236.219
G0 Z3.500
G0 X121.330 Y-235.256
G1 Z0.000 F1200
G1 X121.679 Y-233.330
G0 Z3.500
G0 X121.891 Y-233.768
G1 Z0.000 F1200
G1 X119.348 Y-238.858
G1 X118.761 Y-241.794
G1 X119.348 Y-238.858
G1 X121.696 Y-233.964
G0 Z3.500
G0 X118.761 Y-237.096
G1 Z0.000 F1200
G1 X117.587 Y-240.816
G1 X117.587 Y-242.186
G1 X117.587 Y-240.816
G1 X118.761 Y-237.292
G0 Z3.500
G0 X121.696 Y-249.429
G1 Z0.000 F1200
G1 X119.152 Y-255.498
G1 X119.152 Y-256.281
G1 X119.348 Y-254.910
G1 X119.935 Y-254.323
G1 X119.935 Y-256.672
G1 X119.935 Y-255.889
G1 X120.522 Y-255.302
G1 X120.130 Y-255.106
G1 X119.739 Y-253.931
G1 X121.500 Y-249.625
G0 Z3.500
G0 X125.217 Y-249.038
G1 Z0.000 F1200
G1 X123.848 Y-250.604
G1 X124.826 Y-250.995
G1 X125.217 Y-250.408
G1 X125.022 Y-250.799
G1 X125.609 Y-250.995
G1 X127.174 Y-249.625
G1 X125.609 Y-250.995
G1 X125.804 Y-251.387
G1 X126.587 Y-251.191
G1 X125.804 Y-251.387
G1 X123.848 Y-250.604
G1 X123.457 Y-250.799
G1 X121.891 Y-253.344
G1 X121.109 Y-256.868
G1 X121.891 Y-253.344
G1 X123.848 Y-250.408
G1 X123.652 Y-249.821
G1 X125.413 Y-248.842
G0 Z3.500
G0 X127.660 Y-253.269
G1 Z0.000 F1200
G1 X126.952 Y-257.119
G0 Z3.500
G0 X124.435 Y-254.127
G1 Z0.000 F1200
G1 X124.239 Y-254.715
G1 X122.674 Y-256.085
G1 X124.239 Y-254.715
G1 X124.630 Y-253.931
G0 Z3.500
G0 X110.176 Y-220.461
G1 Z0.000 F1200
G1 X112.117 Y-218.003
G0 Z3.500
G0 X90.445 Y-201.424
G1 Z0.000 F1200
G1 X87.078 Y-198.149
G0 Z3.500
G0 X94.304 Y-194.421
G1 Z0.000 F1200
G1 X94.891 Y-195.791
G1 X95.478 Y-195.791
G1 X96.261 Y-195.204
G1 X95.674 Y-194.421
G1 X94.696 Y-194.029
G1 X94.304 Y-194.225
G0 Z3.500
G0 X98.622 Y-186.188
G1 Z0.000 F1200
G1 X95.810 Y-183.465
G0 Z3.500
G0 X100.957 Y-167.993
G1 Z0.000 F1200
G1 X101.348 Y-173.475
G1 X102.130 Y-174.454
G1 X102.130 Y-176.411
G1 X103.304 Y-177.194
G1 X103.696 Y-178.369
G1 X104.283 Y-178.956
G1 X106.435 Y-184.633
G1 X106.826 Y-185.024
G1 X108.391 Y-185.220
G1 X108.783 Y-186.395
G1 X109.761 Y-187.569
G1 X110.935 Y-187.765
G1 X113.283 Y-190.114
G1 X110.935 Y-187.765
G1 X109.761 Y-187.765
G1 X110.739 Y-190.506
G1 X111.522 Y-191.093
G1 X111.913 Y-190.310
G1 X114.261 Y-192.855
G1 X113.478 Y-192.855
G1 X110.739 Y-190.506
G1 X109.565 Y-187.765
G1 X108.587 Y-188.352
G1 X108.587 Y-189.527
G1 X109.370 Y-189.918
G1 X108.587 Y-189.527
G1 X108.587 Y-188.352
G1 X108.196 Y-187.961
G1 X107.022 Y-188.157
G1 X107.217 Y-188.744
G1 X108.000 Y-188.744
G1 X107.022 Y-188.940
G1 X107.609 Y-191.680
G1 X109.174 Y-194.617
G1 X111.717 Y-197.162
G1 X114.652 Y-199.315
G1 X115.239 Y-198.923
G1 X115.826 Y-197.749
G1 X115.630 Y-198.140
G1 X116.022 Y-198.336
G1 X115.239 Y-198.532
G1 X114.652 Y-199.706
G1 X114.652 Y-200.685
G1 X114.848 Y-199.511
G1 X112.891 Y-197.749
G1 X111.717 Y-197.162
G1 X108.783 Y-193.834
G1 X108.196 Y-194.225
G1 X107.413 Y-194.029
G1 X105.065 Y-190.897
G1 X103.109 Y-186.786
G1 X101.543 Y-181.892
G1 X101.739 Y-178.173
G1 X101.543 Y-176.411
G1 X100.957 Y-175.041
G1 X100.957 Y-174.454
G1 X101.543 Y-173.670
G1 X100.957 Y-167.798
G0 Z3.500
G0 X101.543 Y-156.444
G1 Z0.000 F1200
G1 X102.326 Y-157.031
G1 X102.522 Y-157.618
G1 X101.348 Y-157.618
G1 X102.717 Y-157.814
G1 X104.283 Y-159.967
G1 X105.457 Y-163.100
G1 X103.891 Y-165.057
G1 X103.891 Y-168.581
G1 X104.283 Y-169.364
G1 X104.087 Y-170.734
G1 X104.674 Y-175.041
G1 X107.217 Y-180.522
G1 X108.587 Y-182.088
G1 X109.174 Y-183.458
G1 X111.522 Y-186.003
G1 X111.522 Y-186.591
G1 X111.913 Y-186.003
G1 X113.870 Y-187.569
G1 X116.413 Y-188.940
G1 X125.804 Y-191.093
G1 X126.196 Y-191.680
G1 X130.109 Y-193.638
G1 X132.652 Y-195.791
G1 X129.522 Y-193.246
G1 X126.196 Y-191.680
G1 X126.000 Y-191.093
G1 X129.130 Y-190.897
G1 X130.500 Y-191.680
G1 X130.109 Y-191.289
G1 X130.304 Y-190.897
G1 X137.348 Y-191.093
G1 X141.652 Y-192.268
G1 X144.000 Y-193.638
G1 X141.652 Y-192.268
G1 X137.348 Y-191.093
G1 X124.826 Y-191.093
G1 X122.674 Y-190.310
G1 X119.348 Y-189.723
G1 X116.804 Y-188.548
G1 X117.000 Y-188.744
G1 X116.413 Y-188.940
G1 X111.522 Y-186.003
G1 X109.174 Y-183.458
G1 X108.587 Y-182.480
G1 X108.783 Y-181.892
G1 X109.174 Y-181.892
G1 X113.283 Y-185.808
G1 X108.783 Y-181.697
G1 X108.783 Y-181.109
G1 X108.587 Y-181.892
G1 X107.609 Y-181.109
G1 X105.652 Y-177.586
G1 X104.674 Y-175.041
G1 X104.087 Y-170.538
G1 X104.870 Y-170.538
G1 X105.652 Y-171.713
G1 X104.283 Y-170.147
G1 X103.891 Y-168.581
G1 X103.891 Y-165.057
G1 X105.261 Y-163.491
G1 X106.435 Y-164.078
G1 X105.652 Y-165.253
G1 X105.652 Y-166.623
G1 X107.609 Y-171.517
G1 X111.130 Y-176.607
G1 X107.609 Y-171.517
G1 X105.652 Y-166.623
G1 X105.652 Y-165.253
G1 X106.239 Y-164.666
G1 X107.217 Y-165.253
G1 X107.413 Y-166.623
G1 X108.587 Y-168.385
G1 X111.130 Y-170.343
G1 X108.587 Y-168.385
G1 X107.413 Y-166.623
G1 X107.217 Y-165.253
G1 X106.630 Y-164.666
G1 X107.217 Y-164.470
G1 X108.978 Y-165.057
G1 X112.109 Y-169.168
G1 X115.630 Y-172.496
G1 X115.630 Y-173.475
G1 X115.630 Y-172.887
G1 X116.413 Y-172.692
G1 X118.174 Y-174.258
G1 X126.587 Y-178.173
G1 X136.761 Y-180.914
G1 X139.500 Y-182.284
G1 X138.326 Y-181.501
G1 X139.304 Y-181.305
G1 X140.087 Y-181.892
G1 X137.348 Y-180.522
G1 X136.370 Y-180.326
G1 X136.761 Y-180.718
G1 X136.174 Y-180.914
G1 X133.630 Y-179.935
G1 X126.587 Y-178.173
G1 X118.174 Y-174.258
G1 X116.413 Y-172.692
G1 X115.826 Y-172.692
G1 X112.109 Y-169.168
G1 X108.978 Y-165.057
G1 X106.630 Y-164.470
G1 X105.457 Y-163.295
G1 X104.283 Y-159.967
G1 X101.739 Y-156.444
G0 Z3.500
G0 X99.783 Y-150.767
G1 Z0.000 F1200
G1 X102.522 Y-152.920
G1 X105.065 Y-155.661
G1 X102.522 Y-152.920
G1 X99.587 Y-150.571
G0 Z3.500
G0 X101.152 Y-147.047
G1 Z0.000 F1200
G1 X101.935 Y-147.635
G1 X102.913 Y-147.635
G1 X103.304 Y-147.243
G1 X101.935 Y-146.656
G1 X101.152 Y-146.852
G0 Z3.500
G0 X103.696 Y-148.026
G1 Z0.000 F1200
G1 X109.957 Y-149.396
G1 X103.891 Y-148.026
G0 Z3.500
G0 X111.130 Y-154.878
G1 Z0.000 F1200
G1 X115.043 Y-156.052
G1 X111.326 Y-154.878
G0 Z3.500
G0 X115.435 Y-155.465
G1 Z0.000 F1200
G1 X120.717 Y-156.835
G1 X115.630 Y-155.465
G0 Z3.500
G0 X94.696 Y-142.153
G1 Z0.000 F1200
G1 X94.696 Y-144.307
G1 X95.478 Y-144.894
G1 X96.065 Y-144.894
G1 X95.283 Y-145.090
G1 X95.478 Y-145.677
G1 X99.196 Y-146.460
G1 X99.978 Y-146.264
G1 X100.565 Y-146.656
G1 X101.935 Y-146.656
G1 X104.087 Y-147.243
G1 X101.935 Y-147.635
G1 X101.152 Y-147.243
G1 X100.957 Y-146.656
G1 X99.978 Y-146.264
G1 X99.196 Y-146.460
G1 X94.109 Y-145.481
G1 X92.348 Y-143.915
G1 X90.978 Y-144.111
G1 X90.587 Y-144.698
G1 X90.978 Y-144.111
G1 X91.957 Y-144.111
G1 X92.348 Y-143.719
G1 X92.348 Y-142.741
G1 X92.348 Y-143.524
G1 X93.130 Y-143.328
G1 X92.348 Y-143.915
G1 X93.326 Y-144.894
G1 X94.500 Y-144.698
G1 X94.891 Y-143.132
G1 X94.696 Y-141.958
G0 Z3.500
G0 X99.000 Y-135.302
G1 Z0.000 F1200
G1 X98.609 Y-136.476
G1 X99.000 Y-138.238
G1 X101.152 Y-138.434
G1 X102.130 Y-137.847
G1 X102.326 Y-137.064
G1 X100.761 Y-135.106
G1 X99.196 Y-135.106
G0 Z3.500
G0 X73.174 Y-177.977
G1 Z0.000 F1200
G1 X73.957 Y-177.977
G1 X73.761 Y-179.543
G1 X73.174 Y-180.131
G1 X72.783 Y-179.739
G1 X73.174 Y-178.173
G0 Z3.500
G0 X66.326 Y-174.062
G1 Z0.000 F1200
G1 X67.109 Y-173.866
G1 X66.326 Y-174.062
G1 X63.587 Y-176.607
G1 X62.609 Y-179.739
G1 X63.587 Y-176.607
G1 X66.130 Y-174.454
G1 X66.130 Y-173.866
G0 Z3.500
G0 X65.348 Y-173.866
G1 Z0.000 F1200
G1 X63.783 Y-174.258
G1 X61.630 Y-176.411
G1 X60.457 Y-180.914
G1 X60.457 Y-186.786
G1 X61.630 Y-188.744
G1 X61.630 Y-189.918
G1 X63.196 Y-192.463
G1 X68.478 Y-190.701
G1 X69.261 Y-189.918
G1 X69.261 Y-188.940
G1 X69.652 Y-188.352
G1 X69.457 Y-187.569
G1 X69.652 Y-188.352
G1 X70.630 Y-187.765
G1 X73.370 Y-181.501
G1 X73.370 Y-180.326
G1 X72.783 Y-179.739
G1 X73.174 Y-178.564
G1 X72.978 Y-177.977
G1 X72.000 Y-178.564
G1 X71.022 Y-180.326
G1 X70.043 Y-182.871
G1 X70.043 Y-185.024
G1 X70.043 Y-182.871
G1 X71.609 Y-179.152
G1 X73.957 Y-175.824
G1 X74.152 Y-174.454
G1 X73.174 Y-174.062
G1 X68.870 Y-178.369
G1 X67.304 Y-181.892
G1 X68.870 Y-178.369
G1 X72.978 Y-174.258
G1 X72.587 Y-173.866
G1 X70.630 Y-174.062
G1 X67.696 Y-175.824
G1 X66.326 Y-177.194
G1 X64.761 Y-180.522
G1 X64.370 Y-180.718
G1 X64.761 Y-180.522
G1 X65.935 Y-177.781
G1 X67.696 Y-175.824
G1 X70.043 Y-174.258
G1 X72.587 Y-173.866
G1 X72.978 Y-174.258
G1 X73.761 Y-174.062
G1 X74.152 Y-174.454
G1 X73.957 Y-175.824
G1 X72.783 Y-177.586
G1 X72.978 Y-177.977
G1 X73.957 Y-177.977
G1 X73.957 Y-178.956
G1 X73.370 Y-179.935
G1 X73.370 Y-181.501
G1 X70.630 Y-187.765
G1 X69.457 Y-188.548
G1 X69.261 Y-189.918
G1 X68.478 Y-190.701
G1 X63.196 Y-192.659
G1 X63.196 Y-193.442
G1 X64.957 Y-195.204
G1 X65.152 Y-197.749
G1 X65.739 Y-198.532
G1 X65.935 Y-199.902
G1 X66.913 Y-200.881
G1 X69.261 Y-200.685
G1 X70.826 Y-198.923
G1 X72.000 Y-198.140
G1 X72.196 Y-196.770
G1 X72.783 Y-196.183
G1 X73.957 Y-195.791
G1 X77.478 Y-191.680
G1 X76.891 Y-190.701
G1 X77.478 Y-189.527
G1 X77.283 Y-187.765
G1 X77.870 Y-185.416
G1 X77.478 Y-186.199
G1 X77.283 Y-189.135
G1 X78.065 Y-190.897
G1 X77.478 Y-191.680
G1 X78.065 Y-191.876
G1 X78.848 Y-191.289
G1 X78.065 Y-191.876
G1 X78.261 Y-194.225
G1 X79.435 Y-194.812
G1 X80.413 Y-196.770
G1 X80.413 Y-197.553
G1 X81.783 Y-199.119
G1 X82.565 Y-199.119
G1 X83.152 Y-199.706
G1 X83.348 Y-198.923
G1 X82.957 Y-197.357
G1 X81.978 Y-196.966
G1 X81.391 Y-196.183
G1 X81.391 Y-194.617
G1 X80.609 Y-193.246
G1 X79.630 Y-189.723
G1 X81.196 Y-194.421
G1 X82.761 Y-195.987
G1 X83.348 Y-198.923
G1 X83.152 Y-200.098
G1 X83.935 Y-202.251
G1 X83.739 Y-203.622
G1 X84.130 Y-204.600
G1 X84.130 Y-206.754
G1 X84.522 Y-207.341
G1 X84.717 Y-210.669
G1 X85.109 Y-210.865
G1 X90.783 Y-205.188
G1 X91.370 Y-205.188
G1 X90.783 Y-205.188
G1 X84.913 Y-211.060
G1 X84.522 Y-212.039
G1 X84.522 Y-214.780
G1 X84.913 Y-216.150
G1 X86.674 Y-216.933
G1 X87.457 Y-216.933
G1 X88.239 Y-216.150
G1 X91.370 Y-216.150
G1 X95.283 Y-220.065
G1 X96.261 Y-220.065
G1 X96.457 Y-219.086
G1 X96.065 Y-220.848
G1 X94.696 Y-222.023
G1 X91.957 Y-222.414
G1 X94.500 Y-224.959
G1 X94.500 Y-226.134
G1 X93.717 Y-227.700
G1 X93.913 Y-228.874
G1 X95.283 Y-227.896
G1 X96.261 Y-224.763
G1 X95.283 Y-227.896
G1 X93.717 Y-229.070
G1 X94.696 Y-230.636
G1 X94.696 Y-230.245
G1 X93.717 Y-229.266
G1 X92.935 Y-229.462
G1 X93.522 Y-231.615
G1 X94.500 Y-231.811
G1 X94.696 Y-232.594
G1 X95.087 Y-232.790
G1 X92.935 Y-234.943
G1 X93.717 Y-235.334
G1 X96.652 Y-232.398
G1 X96.457 Y-231.419
G1 X96.652 Y-232.594
G1 X97.043 Y-232.790
G1 X96.457 Y-232.594
G1 X93.717 Y-235.334
G1 X93.913 Y-235.922
G1 X95.478 Y-236.313
G1 X96.261 Y-235.726
G1 X97.435 Y-235.530
G1 X97.630 Y-234.160
G1 X97.239 Y-233.573
G1 X97.826 Y-235.530
G1 X99.196 Y-235.139
G1 X101.348 Y-232.985
G1 X101.739 Y-228.287
G1 X101.348 Y-232.985
G1 X99.391 Y-234.943
G1 X99.391 Y-235.334
G1 X100.565 Y-236.313
G1 X101.739 Y-238.075
G1 X103.500 Y-243.165
G1 X103.304 Y-244.731
G1 X102.130 Y-245.710
G1 X102.913 Y-246.884
G1 X101.348 Y-252.561
G1 X100.761 Y-253.344
G1 X101.152 Y-253.931
G1 X101.152 Y-256.085
G1 X101.935 Y-256.868
G1 X101.935 Y-257.455
G1 X101.935 Y-256.868
G1 X100.957 Y-255.889
G1 X100.370 Y-256.281
G1 X99.391 Y-256.281
G1 X99.196 Y-255.693
G1 X97.435 Y-253.931
G1 X95.478 Y-254.323
G1 X94.109 Y-255.106
G1 X92.152 Y-255.106
G1 X91.957 Y-257.455
G1 X91.761 Y-255.693
G1 X90.391 Y-256.085
G1 X90.391 Y-257.455
G1 X90.196 Y-255.889
G1 X89.413 Y-255.889
G1 X89.022 Y-256.281
G1 X86.087 Y-256.085
G1 X85.696 Y-257.651
G1 X85.696 Y-256.085
G1 X80.804 Y-256.281
G1 X78.065 Y-255.889
G1 X77.674 Y-256.868
G1 X77.674 Y-255.693
G1 X76.500 Y-255.693
G1 X75.717 Y-254.910
G1 X72.000 Y-255.106
G1 X72.391 Y-254.715
G1 X72.000 Y-254.127
G1 X72.000 Y-251.778
G1 X71.217 Y-250.995
G1 X69.457 Y-250.604
G1 X68.283 Y-249.429
G1 X67.500 Y-249.233
G1 X66.913 Y-248.254
G1 X65.739 Y-248.059
G1 X65.739 Y-247.080
G1 X66.326 Y-246.493
G1 X64.957 Y-245.318
G1 X63.978 Y-240.228
G1 X64.957 Y-236.705
G1 X66.522 Y-235.726
G1 X66.717 Y-233.181
G1 X70.630 Y-229.266
G1 X70.630 Y-224.959
G1 X72.783 Y-222.414
G1 X71.217 Y-221.240
G1 X70.630 Y-221.240
G1 X69.652 Y-222.023
G1 X65.152 Y-222.023
G1 X62.413 Y-224.568
G1 X59.674 Y-224.763
G1 X58.696 Y-225.546
G1 X57.913 Y-225.546
G1 X56.935 Y-227.308
G1 X55.957 Y-228.287
G1 X55.174 Y-228.287
G1 X54.391 Y-227.113
G1 X54.391 Y-226.134
G1 X55.174 Y-225.351
G1 X54.196 Y-224.568
G1 X52.043 Y-223.785
G1 X51.457 Y-221.827
G1 X51.652 Y-219.478
G1 X49.304 Y-217.325
G1 X49.109 Y-216.737
G1 X49.109 Y-213.409
G1 X49.696 Y-210.473
G1 X51.652 Y-207.537
G1 X51.457 Y-205.971
G1 X50.674 Y-205.188
G1 X51.261 Y-203.230
G1 X52.043 Y-202.251
G1 X53.217 Y-198.532
G1 X54.196 Y-198.140
G1 X55.370 Y-196.770
G1 X55.565 Y-195.987
G1 X54.978 Y-194.617
G1 X55.174 Y-193.638
G1 X56.739 Y-192.268
G1 X55.174 Y-193.638
G1 X54.978 Y-194.617
G1 X55.565 Y-195.987
G1 X55.370 Y-196.574
G1 X55.761 Y-196.770
G1 X57.130 Y-195.791
G1 X55.761 Y-196.770
G1 X56.935 Y-197.749
G1 X57.326 Y-198.923
G1 X59.087 Y-201.272
G1 X62.217 Y-201.468
G1 X65.543 Y-200.685
G1 X65.935 Y-200.098
G1 X65.935 Y-199.119
G1 X65.152 Y-197.749
G1 X64.957 Y-196.378
G1 X63.587 Y-197.553
G1 X62.413 Y-197.553
G1 X61.630 Y-196.770
G1 X61.239 Y-194.421
G1 X58.109 Y-194.421
G1 X59.283 Y-194.225
G1 X58.696 Y-193.638
G1 X58.109 Y-193.638
G1 X60.065 Y-194.421
G1 X61.630 Y-194.225
G1 X59.478 Y-192.072
G1 X59.674 Y-191.093
G1 X61.043 Y-189.723
G1 X60.848 Y-189.527
G1 X58.891 Y-190.114
G1 X57.522 Y-192.463
G1 X58.696 Y-190.310
G1 X60.261 Y-189.331
G1 X59.478 Y-188.157
G1 X59.674 Y-187.178
G1 X60.457 Y-186.591
G1 X60.457 Y-180.914
G1 X61.630 Y-176.411
G1 X63.783 Y-174.258
G1 X65.152 Y-173.866
G0 Z3.500
G0 X60.841 Y-182.888
G1 Z0.000 F1200
G1 X58.422 Y-185.966
G0 Z3.500
G0 X70.043 Y-204.013
G1 Z0.000 F1200
G1 X70.826 Y-203.817
G1 X71.609 Y-204.405
G1 X70.435 Y-205.971
G1 X69.261 Y-205.188
G1 X69.848 Y-204.209
G0 Z3.500
G0 X65.348 Y-216.150
G1 Z0.000 F1200
G1 X65.739 Y-215.954
G1 X65.935 Y-216.542
G1 X70.630 Y-221.240
G1 X70.043 Y-221.827
G1 X65.348 Y-222.023
G1 X64.370 Y-221.044
G1 X64.174 Y-216.346
G1 X65.152 Y-216.150
G0 Z3.500
G0 X84.326 Y-216.346
G1 Z0.000 F1200
G1 X81.587 Y-216.933
G1 X81.000 Y-217.520
G1 X79.630 Y-217.912
G1 X78.261 Y-220.653
G1 X84.913 Y-227.308
G1 X89.413 Y-227.308
G1 X89.804 Y-226.917
G1 X89.804 Y-224.763
G1 X90.391 Y-222.414
G1 X91.174 Y-221.436
G1 X91.174 Y-220.848
G1 X87.261 Y-216.933
G1 X84.913 Y-216.150
G1 X84.522 Y-216.346
G0 Z3.500
G0 X74.152 Y-247.276
G1 Z0.000 F1200
G1 X75.717 Y-247.080
G1 X76.891 Y-247.667
G1 X77.674 Y-248.450
G1 X77.674 Y-249.038
G1 X75.913 Y-250.799
G1 X73.957 Y-250.604
G1 X73.565 Y-250.212
G1 X73.565 Y-247.863
G1 X73.957 Y-247.471
G0 Z3.500
G0 X83.152 Y-252.757
G1 Z0.000 F1200
G1 X84.522 Y-252.561
G1 X85.109 Y-253.148
G1 X85.109 Y-254.127
G1 X85.500 Y-254.519
G1 X85.304 Y-256.085
G1 X84.326 Y-256.085
G1 X83.152 Y-254.910
G1 X83.152 Y-252.953
G0 Z3.500
G0 X66.400 Y-256.771
G1 Z0.000 F1200
G1 X62.441 Y-252.982
G0 Z3.500
G0 X63.834 Y-251.805
G1 Z0.000 F1200
G1 X61.418 Y-254.885
G0 Z3.500
G0 X62.292 Y-256.562
G1 Z0.000 F1200
G1 X64.717 Y-253.489
G0 Z3.500
G0 X54.497 Y-252.593
G1 Z0.000 F1200
G1 X53.988 Y-250.703
G0 Z3.500
G0 X51.771 Y-250.813
G1 Z0.000 F1200
G1 X50.962 Y-255.640
G0 Z3.500
G0 X49.316 Y-254.995
G1 Z0.000 F1200
G1 X48.531 Y-252.166
G0 Z3.500
G0 X48.714 Y-250.274
G1 Z0.000 F1200
G1 X47.755 Y-256.068
G0 Z3.500
G0 X44.864 Y-254.564
G1 Z0.000 F1200
G1 X44.371 Y-257.459
G0 Z3.500
G0 X45.347 Y-251.668
G1 Z0.000 F1200
G1 X45.984 Y-247.804
G0 Z3.500
G0 X47.238 Y-247.446
G1 Z0.000 F1200
G1 X48.011 Y-250.279
G0 Z3.500
G0 X45.000 Y-249.038
G1 Z0.000 F1200
G1 X45.196 Y-250.604
G1 X46.174 Y-252.170
G1 X47.152 Y-255.889
G1 X46.174 Y-252.170
G1 X45.196 Y-250.604
G1 X45.000 Y-248.842
G0 Z3.500
G0 X43.239 Y-249.429
G1 Z0.000 F1200
G1 X40.696 Y-252.561
G1 X43.043 Y-249.429
G0 Z3.500
G0 X40.891 Y-250.016
G1 Z0.000 F1200
G1 X39.326 Y-253.344
G1 X39.522 Y-254.323
G1 X39.326 Y-253.344
G1 X40.696 Y-250.212
G0 Z3.500
G0 X39.060 Y-251.552
G1 Z0.000 F1200
G1 X39.886 Y-246.729
G0 Z3.500
G0 X36.978 Y-247.667
G1 Z0.000 F1200
G1 X37.565 Y-250.604
G1 X38.152 Y-250.995
G1 X37.761 Y-253.148
G1 X36.978 Y-252.757
G1 X36.783 Y-251.582
G1 X36.978 Y-252.757
G1 X37.957 Y-253.344
G1 X37.761 Y-254.715
G1 X38.152 Y-255.693
G1 X37.761 Y-253.736
G1 X38.543 Y-249.233
G1 X38.543 Y-250.408
G1 X37.761 Y-250.799
G1 X36.978 Y-247.863
G0 Z3.500
G0 X35.322 Y-246.587
G1 Z0.000 F1200
G1 X36.369 Y-250.360
G0 Z3.500
G0 X36.629 Y-251.304
G1 Z0.000 F1200
G1 X37.657 Y-255.081
G0 Z3.500
G0 X38.017 Y-257.332
G1 Z0.000 F1200
G1 X38.890 Y-252.516
G0 Z3.500
G0 X43.435 Y-246.884
G1 Z0.000 F1200
G1 X43.043 Y-247.276
G1 X43.630 Y-246.884
G1 X44.413 Y-247.863
G1 X43.826 Y-248.646
G1 X45.000 Y-247.667
G1 X44.413 Y-247.863
G1 X43.630 Y-246.884
G0 Z3.500
G0 X46.304 Y-245.873
G1 Z0.000 F1200
G1 X46.954 Y-242.012
G0 Z3.500
G0 X47.120 Y-241.047
G1 Z0.000 F1200
G1 X47.455 Y-239.119
G0 Z3.500
G0 X50.551 Y-239.665
G1 Z0.000 F1200
G1 X51.078 Y-236.776
G0 Z3.500
G0 X51.007 Y-239.342
G1 Z0.000 F1200
G1 X51.500 Y-241.237
G0 Z3.500
G0 X50.204 Y-241.592
G1 Z0.000 F1200
G1 X49.363 Y-246.413
G0 Z3.500
G0 X52.957 Y-244.065
G1 Z0.000 F1200
G1 X53.661 Y-240.214
G0 Z3.500
G0 X54.495 Y-241.524
G1 Z0.000 F1200
G1 X56.426 Y-239.058
G0 Z3.500
G0 X55.806 Y-239.568
G1 Z0.000 F1200
G1 X58.601 Y-242.307
G0 Z3.500
G0 X59.497 Y-243.447
G1 Z0.000 F1200
G1 X56.625 Y-247.164
G0 Z3.500
G0 X55.370 Y-243.202
G1 Z0.000 F1200
G1 X57.294 Y-240.731
G0 Z3.500
G0 X48.495 Y-233.339
G1 Z0.000 F1200
G1 X48.850 Y-231.414
G0 Z3.500
G0 X42.467 Y-231.282
G1 Z0.000 F1200
G1 X43.153 Y-227.427
G0 Z3.500
G0 X25.831 Y-236.298
G1 Z0.000 F1200
G1 X25.302 Y-239.186
G0 Z3.500
G0 X159.020 Y-237.930
G1 Z0.000 F1200
G1 X159.357 Y-236.001
G0 Z3.500
G0 X134.708 Y-96.054
G1 Z0.000 F1200
G1 X135.348 Y-95.703
G1 X136.146 Y-95.651
G1 X136.827 Y-95.030
G1 X137.506 Y-94.998
G1 X139.463 Y-93.949
G0 Z3.500
G0 X133.078 Y-87.910
G1 Z0.000 F1200
G1 X131.968 Y-87.487
G1 X131.628 Y-86.901
G1 X129.436 Y-85.873
G0 Z3.500
G0 X131.305 Y-86.441
G1 Z0.000 F1200
G1 X132.582 Y-85.735
G1 X133.885 Y-85.359
G1 X134.480 Y-84.678
G1 X135.838 Y-84.445
G0 Z3.500
M2
