0
SECTION
2
HEADER
9
$ACADVER
1
AC1009
0
ENDSEC
0
SECTION
2
ENTITIES
0
POLYLINE
8
P00000
66
1
70
0
0
VERTEX
8
P00000
10
159.342664
20
242.315991
30
0.0
0
VERTEX
8
P00000
10
161.120667
20
241.723327
30
0.0
0
VERTEX
8
P00000
10
159.342664
20
242.315991
30
0.0
0
SEQEND
0
POLYLINE
8
P00001
66
1
70
0
0
VERTEX
8
P00001
10
161.120667
20
241.723327
30
0.0
0
VERTEX
8
P00001
10
162.729333
20
240.876662
30
0.0
0
VERTEX
8
P00001
10
161.120667
20
241.723327
30
0.0
0
SEQEND
0
POLYLINE
8
P00002
66
1
70
0
0
VERTEX
8
P00002
10
162.729333
20
240.876662
30
0.0
0
VERTEX
8
P00002
10
164.168661
20
239.775992
30
0.0
0
VERTEX
8
P00002
10
162.729333
20
240.876662
30
0.0
0
SEQEND
0
POLYLINE
8
P00003
66
1
70
0
0
VERTEX
8
P00003
10
164.168661
20
239.775992
30
0.0
0
VERTEX
8
P00003
10
165.438664
20
238.421327
30
0.0
0
VERTEX
8
P00003
10
164.168661
20
239.775992
30
0.0
0
SEQEND
0
POLYLINE
8
P00004
66
1
70
0
0
VERTEX
8
P00004
10
165.438664
20
238.421327
30
0.0
0
VERTEX
8
P00004
10
166.369991
20
236.812661
30
0.0
0
VERTEX
8
P00004
10
165.438664
20
238.421327
30
0.0
0
SEQEND
0
POLYLINE
8
P00005
66
1
70
0
0
VERTEX
8
P00005
10
166.369991
20
236.812661
30
0.0
0
VERTEX
8
P00005
10
166.962666
20
235.119326
30
0.0
0
VERTEX
8
P00005
10
166.369991
20
236.812661
30
0.0
0
SEQEND
0
POLYLINE
8
P00006
66
1
70
0
0
VERTEX
8
P00006
10
166.962666
20
235.119326
30
0.0
0
VERTEX
8
P00006
10
167.301330
20
233.256660
30
0.0
0
VERTEX
8
P00006
10
166.962666
20
235.119326
30
0.0
0
SEQEND
0
POLYLINE
8
P00007
66
1
70
0
0
VERTEX
8
P00007
10
167.301330
20
233.256660
30
0.0
0
VERTEX
8
P00007
10
167.301330
20
231.478663
30
0.0
0
VERTEX
8
P00007
10
167.301330
20
233.256660
30
0.0
0
SEQEND
0
POLYLINE
8
P00008
66
1
70
0
0
VERTEX
8
P00008
10
167.301330
20
231.478663
30
0.0
0
VERTEX
8
P00008
10
166.962666
20
229.615996
30
0.0
0
VERTEX
8
P00008
10
167.301330
20
231.478663
30
0.0
0
SEQEND
0
POLYLINE
8
P00009
66
1
70
0
0
VERTEX
8
P00009
10
166.962666
20
229.615996
30
0.0
0
VERTEX
8
P00009
10
166.285328
20
227.922662
30
0.0
0
VERTEX
8
P00009
10
166.962666
20
229.615996
30
0.0
0
SEQEND
0
POLYLINE
8
P00010
66
1
70
0
0
VERTEX
8
P00010
10
166.285328
20
227.922662
30
0.0
0
VERTEX
8
P00010
10
165.269326
20
226.398659
30
0.0
0
VERTEX
8
P00010
10
166.285328
20
227.922662
30
0.0
0
SEQEND
0
POLYLINE
8
P00011
66
1
70
0
0
VERTEX
8
P00011
10
165.269326
20
226.398659
30
0.0
0
VERTEX
8
P00011
10
163.999324
20
225.043994
30
0.0
0
VERTEX
8
P00011
10
165.269326
20
226.398659
30
0.0
0
SEQEND
0
POLYLINE
8
P00012
66
1
70
0
0
VERTEX
8
P00012
10
163.999324
20
225.043994
30
0.0
0
VERTEX
8
P00012
10
162.559996
20
223.943329
30
0.0
0
VERTEX
8
P00012
10
163.999324
20
225.043994
30
0.0
0
SEQEND
0
POLYLINE
8
P00013
66
1
70
0
0
VERTEX
8
P00013
10
162.559996
20
223.943329
30
0.0
0
VERTEX
8
P00013
10
160.866667
20
223.096659
30
0.0
0
VERTEX
8
P00013
10
162.559996
20
223.943329
30
0.0
0
SEQEND
0
POLYLINE
8
P00014
66
1
70
0
0
VERTEX
8
P00014
10
160.866667
20
223.096659
30
0.0
0
VERTEX
8
P00014
10
159.342664
20
222.673327
30
0.0
0
VERTEX
8
P00014
10
160.866667
20
223.096659
30
0.0
0
SEQEND
0
POLYLINE
8
P00015
66
1
70
0
0
VERTEX
8
P00015
10
111.336669
20
252.052660
30
0.0
0
VERTEX
8
P00015
10
159.342664
20
242.315991
30
0.0
0
VERTEX
8
P00015
10
111.336669
20
252.052660
30
0.0
0
SEQEND
0
POLYLINE
8
P00016
66
1
70
0
0
VERTEX
8
P00016
10
159.342664
20
222.673327
30
0.0
0
VERTEX
8
P00016
10
111.336669
20
212.851995
30
0.0
0
VERTEX
8
P00016
10
159.342664
20
222.673327
30
0.0
0
SEQEND
0
POLYLINE
8
P00017
66
1
70
0
0
VERTEX
8
P00017
10
103.378003
20
212.851995
30
0.0
0
VERTEX
8
P00017
10
55.371997
20
222.673327
30
0.0
0
VERTEX
8
P00017
10
103.378003
20
212.851995
30
0.0
0
SEQEND
0
POLYLINE
8
P00018
66
1
70
0
0
VERTEX
8
P00018
10
103.378003
20
252.052660
30
0.0
0
VERTEX
8
P00018
10
105.917997
20
252.475992
30
0.0
0
VERTEX
8
P00018
10
103.378003
20
252.052660
30
0.0
0
SEQEND
0
POLYLINE
8
P00019
66
1
70
0
0
VERTEX
8
P00019
10
105.917997
20
252.475992
30
0.0
0
VERTEX
8
P00019
10
108.542664
20
252.475992
30
0.0
0
VERTEX
8
P00019
10
105.917997
20
252.475992
30
0.0
0
SEQEND
0
POLYLINE
8
P00020
66
1
70
0
0
VERTEX
8
P00020
10
108.542664
20
252.475992
30
0.0
0
VERTEX
8
P00020
10
111.082668
20
252.137328
30
0.0
0
VERTEX
8
P00020
10
108.542664
20
252.475992
30
0.0
0
SEQEND
0
POLYLINE
8
P00021
66
1
70
0
0
VERTEX
8
P00021
10
111.082668
20
252.137328
30
0.0
0
VERTEX
8
P00021
10
111.336669
20
252.052660
30
0.0
0
VERTEX
8
P00021
10
111.082668
20
252.137328
30
0.0
0
SEQEND
0
POLYLINE
8
P00022
66
1
70
0
0
VERTEX
8
P00022
10
55.371997
20
232.494659
30
0.0
0
VERTEX
8
P00022
10
55.541334
20
233.256660
30
0.0
0
VERTEX
8
P00022
10
55.371997
20
232.494659
30
0.0
0
SEQEND
0
POLYLINE
8
P00023
66
1
70
0
0
VERTEX
8
P00023
10
55.541334
20
233.256660
30
0.0
0
VERTEX
8
P00023
10
55.964666
20
233.933993
30
0.0
0
VERTEX
8
P00023
10
55.541334
20
233.256660
30
0.0
0
SEQEND
0
POLYLINE
8
P00024
66
1
70
0
0
VERTEX
8
P00024
10
55.964666
20
233.933993
30
0.0
0
VERTEX
8
P00024
10
56.726668
20
234.357325
30
0.0
0
VERTEX
8
P00024
10
55.964666
20
233.933993
30
0.0
0
SEQEND
0
POLYLINE
8
P00025
66
1
70
0
0
VERTEX
8
P00025
10
56.726668
20
234.357325
30
0.0
0
VERTEX
8
P00025
10
57.488664
20
234.441994
30
0.0
0
VERTEX
8
P00025
10
56.726668
20
234.357325
30
0.0
0
SEQEND
0
POLYLINE
8
P00026
66
1
70
0
0
VERTEX
8
P00026
10
57.488664
20
234.441994
30
0.0
0
VERTEX
8
P00026
10
58.250665
20
234.272662
30
0.0
0
VERTEX
8
P00026
10
57.488664
20
234.441994
30
0.0
0
SEQEND
0
POLYLINE
8
P00027
66
1
70
0
0
VERTEX
8
P00027
10
58.250665
20
234.272662
30
0.0
0
VERTEX
8
P00027
10
58.927998
20
233.764661
30
0.0
0
VERTEX
8
P00027
10
58.250665
20
234.272662
30
0.0
0
SEQEND
0
POLYLINE
8
P00028
66
1
70
0
0
VERTEX
8
P00028
10
58.927998
20
233.764661
30
0.0
0
VERTEX
8
P00028
10
59.266667
20
233.002660
30
0.0
0
VERTEX
8
P00028
10
58.927998
20
233.764661
30
0.0
0
SEQEND
0
POLYLINE
8
P00029
66
1
70
0
0
VERTEX
8
P00029
10
59.266667
20
233.002660
30
0.0
0
VERTEX
8
P00029
10
59.351330
20
232.155995
30
0.0
0
VERTEX
8
P00029
10
59.266667
20
233.002660
30
0.0
0
SEQEND
0
POLYLINE
8
P00030
66
1
70
0
0
VERTEX
8
P00030
10
59.351330
20
232.155995
30
0.0
0
VERTEX
8
P00030
10
59.012666
20
231.393994
30
0.0
0
VERTEX
8
P00030
10
59.351330
20
232.155995
30
0.0
0
SEQEND
0
POLYLINE
8
P00031
66
1
70
0
0
VERTEX
8
P00031
10
59.012666
20
231.393994
30
0.0
0
VERTEX
8
P00031
10
58.419997
20
230.801325
30
0.0
0
VERTEX
8
P00031
10
59.012666
20
231.393994
30
0.0
0
SEQEND
0
POLYLINE
8
P00032
66
1
70
0
0
VERTEX
8
P00032
10
58.419997
20
230.801325
30
0.0
0
VERTEX
8
P00032
10
57.658001
20
230.547329
30
0.0
0
VERTEX
8
P00032
10
58.419997
20
230.801325
30
0.0
0
SEQEND
0
POLYLINE
8
P00033
66
1
70
0
0
VERTEX
8
P00033
10
57.658001
20
230.547329
30
0.0
0
VERTEX
8
P00033
10
56.896000
20
230.547329
30
0.0
0
VERTEX
8
P00033
10
57.658001
20
230.547329
30
0.0
0
SEQEND
0
POLYLINE
8
P00034
66
1
70
0
0
VERTEX
8
P00034
10
56.896000
20
230.547329
30
0.0
0
VERTEX
8
P00034
10
56.133998
20
230.885993
30
0.0
0
VERTEX
8
P00034
10
56.896000
20
230.547329
30
0.0
0
SEQEND
0
POLYLINE
8
P00035
66
1
70
0
0
VERTEX
8
P00035
10
56.133998
20
230.885993
30
0.0
0
VERTEX
8
P00035
10
55.625997
20
231.478663
30
0.0
0
VERTEX
8
P00035
10
56.133998
20
230.885993
30
0.0
0
SEQEND
0
POLYLINE
8
P00036
66
1
70
0
0
VERTEX
8
P00036
10
55.625997
20
231.478663
30
0.0
0
VERTEX
8
P00036
10
55.371997
20
232.325327
30
0.0
0
VERTEX
8
P00036
10
55.625997
20
231.478663
30
0.0
0
SEQEND
0
POLYLINE
8
P00037
66
1
70
0
0
VERTEX
8
P00037
10
55.371997
20
232.325327
30
0.0
0
VERTEX
8
P00037
10
55.371997
20
232.494659
30
0.0
0
VERTEX
8
P00037
10
55.371997
20
232.325327
30
0.0
0
SEQEND
0
POLYLINE
8
P00038
66
1
70
0
0
VERTEX
8
P00038
10
155.363331
20
232.494659
30
0.0
0
VERTEX
8
P00038
10
155.532668
20
233.256660
30
0.0
0
VERTEX
8
P00038
10
155.363331
20
232.494659
30
0.0
0
SEQEND
0
POLYLINE
8
P00039
66
1
70
0
0
VERTEX
8
P00039
10
155.532668
20
233.256660
30
0.0
0
VERTEX
8
P00039
10
155.955995
20
233.933993
30
0.0
0
VERTEX
8
P00039
10
155.532668
20
233.256660
30
0.0
0
SEQEND
0
POLYLINE
8
P00040
66
1
70
0
0
VERTEX
8
P00040
10
155.955995
20
233.933993
30
0.0
0
VERTEX
8
P00040
10
156.717997
20
234.357325
30
0.0
0
VERTEX
8
P00040
10
155.955995
20
233.933993
30
0.0
0
SEQEND
0
POLYLINE
8
P00041
66
1
70
0
0
VERTEX
8
P00041
10
156.717997
20
234.357325
30
0.0
0
VERTEX
8
P00041
10
157.479998
20
234.441994
30
0.0
0
VERTEX
8
P00041
10
156.717997
20
234.357325
30
0.0
0
SEQEND
0
POLYLINE
8
P00042
66
1
70
0
0
VERTEX
8
P00042
10
157.479998
20
234.441994
30
0.0
0
VERTEX
8
P00042
10
158.241999
20
234.272662
30
0.0
0
VERTEX
8
P00042
10
157.479998
20
234.441994
30
0.0
0
SEQEND
0
POLYLINE
8
P00043
66
1
70
0
0
VERTEX
8
P00043
10
158.241999
20
234.272662
30
0.0
0
VERTEX
8
P00043
10
158.919326
20
233.764661
30
0.0
0
VERTEX
8
P00043
10
158.241999
20
234.272662
30
0.0
0
SEQEND
0
POLYLINE
8
P00044
66
1
70
0
0
VERTEX
8
P00044
10
158.919326
20
233.764661
30
0.0
0
VERTEX
8
P00044
10
159.258001
20
233.002660
30
0.0
0
VERTEX
8
P00044
10
158.919326
20
233.764661
30
0.0
0
SEQEND
0
POLYLINE
8
P00045
66
1
70
0
0
VERTEX
8
P00045
10
159.258001
20
233.002660
30
0.0
0
VERTEX
8
P00045
10
159.342664
20
232.155995
30
0.0
0
VERTEX
8
P00045
10
159.258001
20
233.002660
30
0.0
0
SEQEND
0
POLYLINE
8
P00046
66
1
70
0
0
VERTEX
8
P00046
10
159.342664
20
232.155995
30
0.0
0
VERTEX
8
P00046
10
159.004000
20
231.393994
30
0.0
0
VERTEX
8
P00046
10
159.342664
20
232.155995
30
0.0
0
SEQEND
0
POLYLINE
8
P00047
66
1
70
0
0
VERTEX
8
P00047
10
159.004000
20
231.393994
30
0.0
0
VERTEX
8
P00047
10
158.496000
20
230.801325
30
0.0
0
VERTEX
8
P00047
10
159.004000
20
231.393994
30
0.0
0
SEQEND
0
POLYLINE
8
P00048
66
1
70
0
0
VERTEX
8
P00048
10
158.496000
20
230.801325
30
0.0
0
VERTEX
8
P00048
10
157.733998
20
230.547329
30
0.0
0
VERTEX
8
P00048
10
158.496000
20
230.801325
30
0.0
0
SEQEND
0
POLYLINE
8
P00049
66
1
70
0
0
VERTEX
8
P00049
10
157.733998
20
230.547329
30
0.0
0
VERTEX
8
P00049
10
156.887334
20
230.547329
30
0.0
0
VERTEX
8
P00049
10
157.733998
20
230.547329
30
0.0
0
SEQEND
0
POLYLINE
8
P00050
66
1
70
0
0
VERTEX
8
P00050
10
156.887334
20
230.547329
30
0.0
0
VERTEX
8
P00050
10
156.125332
20
230.885993
30
0.0
0
VERTEX
8
P00050
10
156.887334
20
230.547329
30
0.0
0
SEQEND
0
POLYLINE
8
P00051
66
1
70
0
0
VERTEX
8
P00051
10
156.125332
20
230.885993
30
0.0
0
VERTEX
8
P00051
10
155.617332
20
231.478663
30
0.0
0
VERTEX
8
P00051
10
156.125332
20
230.885993
30
0.0
0
SEQEND
0
POLYLINE
8
P00052
66
1
70
0
0
VERTEX
8
P00052
10
155.617332
20
231.478663
30
0.0
0
VERTEX
8
P00052
10
155.363331
20
232.325327
30
0.0
0
VERTEX
8
P00052
10
155.617332
20
231.478663
30
0.0
0
SEQEND
0
POLYLINE
8
P00053
66
1
70
0
0
VERTEX
8
P00053
10
155.363331
20
232.325327
30
0.0
0
VERTEX
8
P00053
10
155.363331
20
232.494659
30
0.0
0
VERTEX
8
P00053
10
155.363331
20
232.325327
30
0.0
0
SEQEND
0
POLYLINE
8
P00054
66
1
70
0
0
VERTEX
8
P00054
10
55.371997
20
242.315991
30
0.0
0
VERTEX
8
P00054
10
103.378003
20
252.052660
30
0.0
0
VERTEX
8
P00054
10
55.371997
20
242.315991
30
0.0
0
SEQEND
0
POLYLINE
8
P00055
66
1
70
0
0
VERTEX
8
P00055
10
111.336669
20
212.851995
30
0.0
0
VERTEX
8
P00055
10
108.796665
20
212.513326
30
0.0
0
VERTEX
8
P00055
10
111.336669
20
212.851995
30
0.0
0
SEQEND
0
POLYLINE
8
P00056
66
1
70
0
0
VERTEX
8
P00056
10
108.796665
20
212.513326
30
0.0
0
VERTEX
8
P00056
10
106.171997
20
212.513326
30
0.0
0
VERTEX
8
P00056
10
108.796665
20
212.513326
30
0.0
0
SEQEND
0
POLYLINE
8
P00057
66
1
70
0
0
VERTEX
8
P00057
10
106.171997
20
212.513326
30
0.0
0
VERTEX
8
P00057
10
103.547329
20
212.851995
30
0.0
0
VERTEX
8
P00057
10
106.171997
20
212.513326
30
0.0
0
SEQEND
0
POLYLINE
8
P00058
66
1
70
0
0
VERTEX
8
P00058
10
103.547329
20
212.851995
30
0.0
0
VERTEX
8
P00058
10
103.378003
20
212.851995
30
0.0
0
VERTEX
8
P00058
10
103.547329
20
212.851995
30
0.0
0
SEQEND
0
POLYLINE
8
P00059
66
1
70
0
0
VERTEX
8
P00059
10
55.371997
20
222.673327
30
0.0
0
VERTEX
8
P00059
10
53.593999
20
223.181328
30
0.0
0
VERTEX
8
P00059
10
55.371997
20
222.673327
30
0.0
0
SEQEND
0
POLYLINE
8
P00060
66
1
70
0
0
VERTEX
8
P00060
10
53.593999
20
223.181328
30
0.0
0
VERTEX
8
P00060
10
51.985334
20
224.027992
30
0.0
0
VERTEX
8
P00060
10
53.593999
20
223.181328
30
0.0
0
SEQEND
0
POLYLINE
8
P00061
66
1
70
0
0
VERTEX
8
P00061
10
51.985334
20
224.027992
30
0.0
0
VERTEX
8
P00061
10
50.461331
20
225.213326
30
0.0
0
VERTEX
8
P00061
10
51.985334
20
224.027992
30
0.0
0
SEQEND
0
POLYLINE
8
P00062
66
1
70
0
0
VERTEX
8
P00062
10
50.461331
20
225.213326
30
0.0
0
VERTEX
8
P00062
10
49.275997
20
226.567991
30
0.0
0
VERTEX
8
P00062
10
50.461331
20
225.213326
30
0.0
0
SEQEND
0
POLYLINE
8
P00063
66
1
70
0
0
VERTEX
8
P00063
10
49.275997
20
226.567991
30
0.0
0
VERTEX
8
P00063
10
48.344664
20
228.176662
30
0.0
0
VERTEX
8
P00063
10
49.275997
20
226.567991
30
0.0
0
SEQEND
0
POLYLINE
8
P00064
66
1
70
0
0
VERTEX
8
P00064
10
48.344664
20
228.176662
30
0.0
0
VERTEX
8
P00064
10
47.667332
20
229.869991
30
0.0
0
VERTEX
8
P00064
10
48.344664
20
228.176662
30
0.0
0
SEQEND
0
POLYLINE
8
P00065
66
1
70
0
0
VERTEX
8
P00065
10
47.667332
20
229.869991
30
0.0
0
VERTEX
8
P00065
10
47.413331
20
231.647994
30
0.0
0
VERTEX
8
P00065
10
47.667332
20
229.869991
30
0.0
0
SEQEND
0
POLYLINE
8
P00066
66
1
70
0
0
VERTEX
8
P00066
10
47.413331
20
231.647994
30
0.0
0
VERTEX
8
P00066
10
47.413331
20
233.510661
30
0.0
0
VERTEX
8
P00066
10
47.413331
20
231.647994
30
0.0
0
SEQEND
0
POLYLINE
8
P00067
66
1
70
0
0
VERTEX
8
P00067
10
47.413331
20
233.510661
30
0.0
0
VERTEX
8
P00067
10
47.752000
20
235.288658
30
0.0
0
VERTEX
8
P00067
10
47.413331
20
233.510661
30
0.0
0
SEQEND
0
POLYLINE
8
P00068
66
1
70
0
0
VERTEX
8
P00068
10
47.752000
20
235.288658
30
0.0
0
VERTEX
8
P00068
10
48.429333
20
237.066661
30
0.0
0
VERTEX
8
P00068
10
47.752000
20
235.288658
30
0.0
0
SEQEND
0
POLYLINE
8
P00069
66
1
70
0
0
VERTEX
8
P00069
10
48.429333
20
237.066661
30
0.0
0
VERTEX
8
P00069
10
49.445335
20
238.590658
30
0.0
0
VERTEX
8
P00069
10
48.429333
20
237.066661
30
0.0
0
SEQEND
0
POLYLINE
8
P00070
66
1
70
0
0
VERTEX
8
P00070
10
49.445335
20
238.590658
30
0.0
0
VERTEX
8
P00070
10
50.630668
20
239.945329
30
0.0
0
VERTEX
8
P00070
10
49.445335
20
238.590658
30
0.0
0
SEQEND
0
POLYLINE
8
P00071
66
1
70
0
0
VERTEX
8
P00071
10
50.630668
20
239.945329
30
0.0
0
VERTEX
8
P00071
10
52.154665
20
241.045994
30
0.0
0
VERTEX
8
P00071
10
50.630668
20
239.945329
30
0.0
0
SEQEND
0
POLYLINE
8
P00072
66
1
70
0
0
VERTEX
8
P00072
10
107.357336
20
225.382663
30
0.0
0
VERTEX
8
P00072
10
100.245335
20
232.494659
30
0.0
0
VERTEX
8
P00072
10
107.357336
20
225.382663
30
0.0
0
SEQEND
0
POLYLINE
8
P00073
66
1
70
0
0
VERTEX
8
P00073
10
114.384663
20
232.494659
30
0.0
0
VERTEX
8
P00073
10
107.357336
20
225.382663
30
0.0
0
VERTEX
8
P00073
10
114.384663
20
232.494659
30
0.0
0
SEQEND
0
POLYLINE
8
P00074
66
1
70
0
0
VERTEX
8
P00074
10
107.357336
20
239.521992
30
0.0
0
VERTEX
8
P00074
10
114.384663
20
232.494659
30
0.0
0
VERTEX
8
P00074
10
107.357336
20
239.521992
30
0.0
0
SEQEND
0
POLYLINE
8
P00075
66
1
70
0
0
VERTEX
8
P00075
10
100.245335
20
232.494659
30
0.0
0
VERTEX
8
P00075
10
107.357336
20
239.521992
30
0.0
0
VERTEX
8
P00075
10
100.245335
20
232.494659
30
0.0
0
SEQEND
0
POLYLINE
8
P00076
66
1
70
0
0
VERTEX
8
P00076
10
53.339999
20
232.494659
30
0.0
0
VERTEX
8
P00076
10
57.319332
20
232.494659
30
0.0
0
VERTEX
8
P00076
10
53.339999
20
232.494659
30
0.0
0
SEQEND
0
POLYLINE
8
P00077
66
1
70
0
0
VERTEX
8
P00077
10
61.383333
20
232.494659
30
0.0
0
VERTEX
8
P00077
10
57.319332
20
232.494659
30
0.0
0
VERTEX
8
P00077
10
61.383333
20
232.494659
30
0.0
0
SEQEND
0
POLYLINE
8
P00078
66
1
70
0
0
VERTEX
8
P00078
10
57.319332
20
228.515326
30
0.0
0
VERTEX
8
P00078
10
57.319332
20
232.494659
30
0.0
0
VERTEX
8
P00078
10
57.319332
20
228.515326
30
0.0
0
SEQEND
0
POLYLINE
8
P00079
66
1
70
0
0
VERTEX
8
P00079
10
57.319332
20
236.473992
30
0.0
0
VERTEX
8
P00079
10
57.319332
20
232.494659
30
0.0
0
VERTEX
8
P00079
10
57.319332
20
236.473992
30
0.0
0
SEQEND
0
POLYLINE
8
P00080
66
1
70
0
0
VERTEX
8
P00080
10
153.331328
20
232.494659
30
0.0
0
VERTEX
8
P00080
10
157.310661
20
232.494659
30
0.0
0
VERTEX
8
P00080
10
153.331328
20
232.494659
30
0.0
0
SEQEND
0
POLYLINE
8
P00081
66
1
70
0
0
VERTEX
8
P00081
10
161.374668
20
232.494659
30
0.0
0
VERTEX
8
P00081
10
157.310661
20
232.494659
30
0.0
0
VERTEX
8
P00081
10
161.374668
20
232.494659
30
0.0
0
SEQEND
0
POLYLINE
8
P00082
66
1
70
0
0
VERTEX
8
P00082
10
157.310661
20
228.515326
30
0.0
0
VERTEX
8
P00082
10
157.310661
20
232.494659
30
0.0
0
VERTEX
8
P00082
10
157.310661
20
228.515326
30
0.0
0
SEQEND
0
POLYLINE
8
P00083
66
1
70
0
0
VERTEX
8
P00083
10
157.310661
20
236.473992
30
0.0
0
VERTEX
8
P00083
10
157.310661
20
232.494659
30
0.0
0
VERTEX
8
P00083
10
157.310661
20
236.473992
30
0.0
0
SEQEND
0
POLYLINE
8
P00084
66
1
70
0
0
VERTEX
8
P00084
10
45.381333
20
232.494659
30
0.0
0
VERTEX
8
P00084
10
62.229998
20
232.494659
30
0.0
0
VERTEX
8
P00084
10
45.381333
20
232.494659
30
0.0
0
SEQEND
0
POLYLINE
8
P00085
66
1
70
0
0
VERTEX
8
P00085
10
63.669332
20
232.494659
30
0.0
0
VERTEX
8
P00085
10
65.277998
20
232.494659
30
0.0
0
VERTEX
8
P00085
10
63.669332
20
232.494659
30
0.0
0
SEQEND
0
POLYLINE
8
P00086
66
1
70
0
0
VERTEX
8
P00086
10
66.802000
20
232.494659
30
0.0
0
VERTEX
8
P00086
10
83.650665
20
232.494659
30
0.0
0
VERTEX
8
P00086
10
66.802000
20
232.494659
30
0.0
0
SEQEND
0
POLYLINE
8
P00087
66
1
70
0
0
VERTEX
8
P00087
10
85.174662
20
232.494659
30
0.0
0
VERTEX
8
P00087
10
86.698665
20
232.494659
30
0.0
0
VERTEX
8
P00087
10
85.174662
20
232.494659
30
0.0
0
SEQEND
0
POLYLINE
8
P00088
66
1
70
0
0
VERTEX
8
P00088
10
88.222667
20
232.494659
30
0.0
0
VERTEX
8
P00088
10
105.071332
20
232.494659
30
0.0
0
VERTEX
8
P00088
10
88.222667
20
232.494659
30
0.0
0
SEQEND
0
POLYLINE
8
P00089
66
1
70
0
0
VERTEX
8
P00089
10
106.595335
20
232.494659
30
0.0
0
VERTEX
8
P00089
10
108.119326
20
232.494659
30
0.0
0
VERTEX
8
P00089
10
106.595335
20
232.494659
30
0.0
0
SEQEND
0
POLYLINE
8
P00090
66
1
70
0
0
VERTEX
8
P00090
10
109.643329
20
232.494659
30
0.0
0
VERTEX
8
P00090
10
126.491999
20
232.494659
30
0.0
0
VERTEX
8
P00090
10
109.643329
20
232.494659
30
0.0
0
SEQEND
0
POLYLINE
8
P00091
66
1
70
0
0
VERTEX
8
P00091
10
128.016002
20
232.494659
30
0.0
0
VERTEX
8
P00091
10
129.539994
20
232.494659
30
0.0
0
VERTEX
8
P00091
10
128.016002
20
232.494659
30
0.0
0
SEQEND
0
POLYLINE
8
P00092
66
1
70
0
0
VERTEX
8
P00092
10
131.063996
20
232.494659
30
0.0
0
VERTEX
8
P00092
10
147.912666
20
232.494659
30
0.0
0
VERTEX
8
P00092
10
131.063996
20
232.494659
30
0.0
0
SEQEND
0
POLYLINE
8
P00093
66
1
70
0
0
VERTEX
8
P00093
10
149.436658
20
232.494659
30
0.0
0
VERTEX
8
P00093
10
150.960661
20
232.494659
30
0.0
0
VERTEX
8
P00093
10
149.436658
20
232.494659
30
0.0
0
SEQEND
0
POLYLINE
8
P00094
66
1
70
0
0
VERTEX
8
P00094
10
152.484663
20
232.494659
30
0.0
0
VERTEX
8
P00094
10
169.333333
20
232.494659
30
0.0
0
VERTEX
8
P00094
10
152.484663
20
232.494659
30
0.0
0
SEQEND
0
POLYLINE
8
P00095
66
1
70
0
0
VERTEX
8
P00095
10
107.357336
20
254.507993
30
0.0
0
VERTEX
8
P00095
10
107.357336
20
242.908660
30
0.0
0
VERTEX
8
P00095
10
107.357336
20
254.507993
30
0.0
0
SEQEND
0
POLYLINE
8
P00096
66
1
70
0
0
VERTEX
8
P00096
10
107.357336
20
241.469326
30
0.0
0
VERTEX
8
P00096
10
107.357336
20
239.775992
30
0.0
0
VERTEX
8
P00096
10
107.357336
20
241.469326
30
0.0
0
SEQEND
0
POLYLINE
8
P00097
66
1
70
0
0
VERTEX
8
P00097
10
107.357336
20
238.251995
30
0.0
0
VERTEX
8
P00097
10
107.357336
20
226.737328
30
0.0
0
VERTEX
8
P00097
10
107.357336
20
238.251995
30
0.0
0
SEQEND
0
POLYLINE
8
P00098
66
1
70
0
0
VERTEX
8
P00098
10
107.357336
20
225.213326
30
0.0
0
VERTEX
8
P00098
10
107.357336
20
223.519991
30
0.0
0
VERTEX
8
P00098
10
107.357336
20
225.213326
30
0.0
0
SEQEND
0
POLYLINE
8
P00099
66
1
70
0
0
VERTEX
8
P00099
10
107.357336
20
221.995994
30
0.0
0
VERTEX
8
P00099
10
107.357336
20
210.481328
30
0.0
0
VERTEX
8
P00099
10
107.357336
20
221.995994
30
0.0
0
SEQEND
0
POLYLINE
8
P00100
66
1
70
0
0
VERTEX
8
P00100
10
47.328668
20
232.494659
30
0.0
0
VERTEX
8
P00100
10
47.328668
20
193.801995
30
0.0
0
VERTEX
8
P00100
10
47.328668
20
232.494659
30
0.0
0
SEQEND
0
POLYLINE
8
P00101
66
1
70
0
0
VERTEX
8
P00101
10
167.301330
20
232.494659
30
0.0
0
VERTEX
8
P00101
10
167.301330
20
193.801995
30
0.0
0
VERTEX
8
P00101
10
167.301330
20
232.494659
30
0.0
0
SEQEND
0
POLYLINE
8
P00102
66
1
70
0
0
VERTEX
8
P00102
10
120.819326
20
247.226662
30
0.0
0
VERTEX
8
P00102
10
140.885328
20
269.070659
30
0.0
0
VERTEX
8
P00102
10
120.819326
20
247.226662
30
0.0
0
SEQEND
0
POLYLINE
8
P00103
66
1
70
0
0
VERTEX
8
P00103
10
111.336669
20
212.851995
30
0.0
0
VERTEX
8
P00103
10
113.876662
20
213.613996
30
0.0
0
VERTEX
8
P00103
10
111.336669
20
212.851995
30
0.0
0
SEQEND
0
POLYLINE
8
P00104
66
1
70
0
0
VERTEX
8
P00104
10
113.876662
20
213.613996
30
0.0
0
VERTEX
8
P00104
10
116.247329
20
214.545329
30
0.0
0
VERTEX
8
P00104
10
113.876662
20
213.613996
30
0.0
0
SEQEND
0
POLYLINE
8
P00105
66
1
70
0
0
VERTEX
8
P00105
10
116.247329
20
214.545329
30
0.0
0
VERTEX
8
P00105
10
118.533333
20
215.899995
30
0.0
0
VERTEX
8
P00105
10
116.247329
20
214.545329
30
0.0
0
SEQEND
0
POLYLINE
8
P00106
66
1
70
0
0
VERTEX
8
P00106
10
118.533333
20
215.899995
30
0.0
0
VERTEX
8
P00106
10
120.565326
20
217.508660
30
0.0
0
VERTEX
8
P00106
10
118.533333
20
215.899995
30
0.0
0
SEQEND
0
POLYLINE
8
P00107
66
1
70
0
0
VERTEX
8
P00107
10
120.565326
20
217.508660
30
0.0
0
VERTEX
8
P00107
10
122.427992
20
219.286658
30
0.0
0
VERTEX
8
P00107
10
120.565326
20
217.508660
30
0.0
0
SEQEND
0
POLYLINE
8
P00108
66
1
70
0
0
VERTEX
8
P00108
10
122.427992
20
219.286658
30
0.0
0
VERTEX
8
P00108
10
123.951995
20
221.403325
30
0.0
0
VERTEX
8
P00108
10
122.427992
20
219.286658
30
0.0
0
SEQEND
0
POLYLINE
8
P00109
66
1
70
0
0
VERTEX
8
P00109
10
123.951995
20
221.403325
30
0.0
0
VERTEX
8
P00109
10
125.306660
20
223.604660
30
0.0
0
VERTEX
8
P00109
10
123.951995
20
221.403325
30
0.0
0
SEQEND
0
POLYLINE
8
P00110
66
1
70
0
0
VERTEX
8
P00110
10
125.306660
20
223.604660
30
0.0
0
VERTEX
8
P00110
10
126.237999
20
226.059996
30
0.0
0
VERTEX
8
P00110
10
125.306660
20
223.604660
30
0.0
0
SEQEND
0
POLYLINE
8
P00111
66
1
70
0
0
VERTEX
8
P00111
10
126.237999
20
226.059996
30
0.0
0
VERTEX
8
P00111
10
126.915326
20
228.515326
30
0.0
0
VERTEX
8
P00111
10
126.237999
20
226.059996
30
0.0
0
SEQEND
0
POLYLINE
8
P00112
66
1
70
0
0
VERTEX
8
P00112
10
126.915326
20
228.515326
30
0.0
0
VERTEX
8
P00112
10
127.254000
20
231.139994
30
0.0
0
VERTEX
8
P00112
10
126.915326
20
228.515326
30
0.0
0
SEQEND
0
POLYLINE
8
P00113
66
1
70
0
0
VERTEX
8
P00113
10
127.254000
20
231.139994
30
0.0
0
VERTEX
8
P00113
10
127.338664
20
233.764661
30
0.0
0
VERTEX
8
P00113
10
127.254000
20
231.139994
30
0.0
0
SEQEND
0
POLYLINE
8
P00114
66
1
70
0
0
VERTEX
8
P00114
10
127.338664
20
233.764661
30
0.0
0
VERTEX
8
P00114
10
127.000000
20
236.304660
30
0.0
0
VERTEX
8
P00114
10
127.338664
20
233.764661
30
0.0
0
SEQEND
0
POLYLINE
8
P00115
66
1
70
0
0
VERTEX
8
P00115
10
127.000000
20
236.304660
30
0.0
0
VERTEX
8
P00115
10
126.322662
20
238.844659
30
0.0
0
VERTEX
8
P00115
10
127.000000
20
236.304660
30
0.0
0
SEQEND
0
POLYLINE
8
P00116
66
1
70
0
0
VERTEX
8
P00116
10
126.322662
20
238.844659
30
0.0
0
VERTEX
8
P00116
10
125.306660
20
241.215326
30
0.0
0
VERTEX
8
P00116
10
126.322662
20
238.844659
30
0.0
0
SEQEND
0
POLYLINE
8
P00117
66
1
70
0
0
VERTEX
8
P00117
10
125.306660
20
241.215326
30
0.0
0
VERTEX
8
P00117
10
124.036669
20
243.501325
30
0.0
0
VERTEX
8
P00117
10
125.306660
20
241.215326
30
0.0
0
SEQEND
0
POLYLINE
8
P00118
66
1
70
0
0
VERTEX
8
P00118
10
124.036669
20
243.501325
30
0.0
0
VERTEX
8
P00118
10
122.427992
20
245.533328
30
0.0
0
VERTEX
8
P00118
10
124.036669
20
243.501325
30
0.0
0
SEQEND
0
POLYLINE
8
P00119
66
1
70
0
0
VERTEX
8
P00119
10
122.427992
20
245.533328
30
0.0
0
VERTEX
8
P00119
10
120.650000
20
247.395994
30
0.0
0
VERTEX
8
P00119
10
122.427992
20
245.533328
30
0.0
0
SEQEND
0
POLYLINE
8
P00120
66
1
70
0
0
VERTEX
8
P00120
10
120.650000
20
247.395994
30
0.0
0
VERTEX
8
P00120
10
119.295335
20
248.496659
30
0.0
0
VERTEX
8
P00120
10
120.650000
20
247.395994
30
0.0
0
SEQEND
0
POLYLINE
8
P00121
66
1
70
0
0
VERTEX
8
P00121
10
158.580663
20
234.018661
30
0.0
0
VERTEX
8
P00121
10
177.037999
20
256.370659
30
0.0
0
VERTEX
8
P00121
10
158.580663
20
234.018661
30
0.0
0
SEQEND
0
POLYLINE
8
P00122
66
1
70
0
0
VERTEX
8
P00122
10
100.245335
20
232.494659
30
0.0
0
VERTEX
8
P00122
10
78.655330
20
254.169326
30
0.0
0
VERTEX
8
P00122
10
100.245335
20
232.494659
30
0.0
0
SEQEND
0
POLYLINE
8
P00123
66
1
70
0
0
VERTEX
8
P00123
10
87.121997
20
259.757325
30
0.0
0
VERTEX
8
P00123
10
90.678003
20
263.313326
30
0.0
0
VERTEX
8
P00123
10
87.121997
20
259.757325
30
0.0
0
SEQEND
0
POLYLINE
8
P00124
66
1
70
0
0
VERTEX
8
P00124
10
107.357336
20
239.521992
30
0.0
0
VERTEX
8
P00124
10
85.682663
20
261.196659
30
0.0
0
VERTEX
8
P00124
10
107.357336
20
239.521992
30
0.0
0
SEQEND
0
POLYLINE
8
P00125
66
1
70
0
0
VERTEX
8
P00125
10
90.339329
20
256.539994
30
0.0
0
VERTEX
8
P00125
10
92.455995
20
258.402660
30
0.0
0
VERTEX
8
P00125
10
90.339329
20
256.539994
30
0.0
0
SEQEND
0
POLYLINE
8
P00126
66
1
70
0
0
VERTEX
8
P00126
10
92.455995
20
258.402660
30
0.0
0
VERTEX
8
P00126
10
94.826662
20
260.095994
30
0.0
0
VERTEX
8
P00126
10
92.455995
20
258.402660
30
0.0
0
SEQEND
0
POLYLINE
8
P00127
66
1
70
0
0
VERTEX
8
P00127
10
94.826662
20
260.095994
30
0.0
0
VERTEX
8
P00127
10
97.366667
20
261.365994
30
0.0
0
VERTEX
8
P00127
10
94.826662
20
260.095994
30
0.0
0
SEQEND
0
POLYLINE
8
P00128
66
1
70
0
0
VERTEX
8
P00128
10
97.366667
20
261.365994
30
0.0
0
VERTEX
8
P00128
10
99.991334
20
262.466659
30
0.0
0
VERTEX
8
P00128
10
97.366667
20
261.365994
30
0.0
0
SEQEND
0
POLYLINE
8
P00129
66
1
70
0
0
VERTEX
8
P00129
10
99.991334
20
262.466659
30
0.0
0
VERTEX
8
P00129
10
102.785328
20
263.143994
30
0.0
0
VERTEX
8
P00129
10
99.991334
20
262.466659
30
0.0
0
SEQEND
0
POLYLINE
8
P00130
66
1
70
0
0
VERTEX
8
P00130
10
102.785328
20
263.143994
30
0.0
0
VERTEX
8
P00130
10
105.579333
20
263.482660
30
0.0
0
VERTEX
8
P00130
10
102.785328
20
263.143994
30
0.0
0
SEQEND
0
POLYLINE
8
P00131
66
1
70
0
0
VERTEX
8
P00131
10
105.579333
20
263.482660
30
0.0
0
VERTEX
8
P00131
10
107.357336
20
263.567326
30
0.0
0
VERTEX
8
P00131
10
105.579333
20
263.482660
30
0.0
0
SEQEND
0
POLYLINE
8
P00132
66
1
70
0
0
VERTEX
8
P00132
10
114.384663
20
232.494659
30
0.0
0
VERTEX
8
P00132
10
88.900000
20
257.979328
30
0.0
0
VERTEX
8
P00132
10
114.384663
20
232.494659
30
0.0
0
SEQEND
0
POLYLINE
8
P00133
66
1
70
0
0
VERTEX
8
P00133
10
107.357336
20
252.475992
30
0.0
0
VERTEX
8
P00133
10
107.357336
20
265.599327
30
0.0
0
VERTEX
8
P00133
10
107.357336
20
252.475992
30
0.0
0
SEQEND
0
POLYLINE
8
P00134
66
1
70
0
0
VERTEX
8
P00134
10
35.305998
20
232.494659
30
0.0
0
VERTEX
8
P00134
10
47.328668
20
232.494659
30
0.0
0
VERTEX
8
P00134
10
35.305998
20
232.494659
30
0.0
0
SEQEND
0
POLYLINE
8
P00135
66
1
70
0
0
VERTEX
8
P00135
10
167.301330
20
232.494659
30
0.0
0
VERTEX
8
P00135
10
179.323992
20
232.494659
30
0.0
0
VERTEX
8
P00135
10
167.301330
20
232.494659
30
0.0
0
SEQEND
0
POLYLINE
8
P00136
66
1
70
0
0
VERTEX
8
P00136
10
52.239334
20
197.019326
30
0.0
0
VERTEX
8
P00136
10
52.831998
20
197.019326
30
0.0
0
SEQEND
0
POLYLINE
8
P00137
66
1
70
0
0
VERTEX
8
P00137
10
51.646665
20
196.934663
30
0.0
0
VERTEX
8
P00137
10
52.831998
20
196.934663
30
0.0
0
SEQEND
0
POLYLINE
8
P00138
66
1
70
0
0
VERTEX
8
P00138
10
50.969332
20
196.849989
30
0.0
0
VERTEX
8
P00138
10
52.831998
20
196.849989
30
0.0
0
SEQEND
0
POLYLINE
8
P00139
66
1
70
0
0
VERTEX
8
P00139
10
50.376668
20
196.765326
30
0.0
0
VERTEX
8
P00139
10
52.831998
20
196.765326
30
0.0
0
SEQEND
0
POLYLINE
8
P00140
66
1
70
0
0
VERTEX
8
P00140
10
49.783998
20
196.680663
30
0.0
0
VERTEX
8
P00140
10
52.831998
20
196.680663
30
0.0
0
SEQEND
0
POLYLINE
8
P00141
66
1
70
0
0
VERTEX
8
P00141
10
49.106666
20
196.596000
30
0.0
0
VERTEX
8
P00141
10
52.831998
20
196.596000
30
0.0
0
SEQEND
0
POLYLINE
8
P00142
66
1
70
0
0
VERTEX
8
P00142
10
48.937334
20
196.511326
30
0.0
0
VERTEX
8
P00142
10
52.831998
20
196.511326
30
0.0
0
SEQEND
0
POLYLINE
8
P00143
66
1
70
0
0
VERTEX
8
P00143
10
48.767997
20
196.426662
30
0.0
0
VERTEX
8
P00143
10
52.831998
20
196.426662
30
0.0
0
SEQEND
0
POLYLINE
8
P00144
66
1
70
0
0
VERTEX
8
P00144
10
48.514002
20
196.341999
30
0.0
0
VERTEX
8
P00144
10
52.831998
20
196.341999
30
0.0
0
SEQEND
0
POLYLINE
8
P00145
66
1
70
0
0
VERTEX
8
P00145
10
48.344664
20
196.257325
30
0.0
0
VERTEX
8
P00145
10
52.831998
20
196.257325
30
0.0
0
SEQEND
0
POLYLINE
8
P00146
66
1
70
0
0
VERTEX
8
P00146
10
48.175332
20
196.172662
30
0.0
0
VERTEX
8
P00146
10
52.831998
20
196.172662
30
0.0
0
SEQEND
0
POLYLINE
8
P00147
66
1
70
0
0
VERTEX
8
P00147
10
47.921332
20
196.087999
30
0.0
0
VERTEX
8
P00147
10
52.831998
20
196.087999
30
0.0
0
SEQEND
0
POLYLINE
8
P00148
66
1
70
0
0
VERTEX
8
P00148
10
47.752000
20
196.003325
30
0.0
0
VERTEX
8
P00148
10
52.831998
20
196.003325
30
0.0
0
SEQEND
0
POLYLINE
8
P00149
66
1
70
0
0
VERTEX
8
P00149
10
47.582663
20
195.918661
30
0.0
0
VERTEX
8
P00149
10
52.831998
20
195.918661
30
0.0
0
SEQEND
0
POLYLINE
8
P00150
66
1
70
0
0
VERTEX
8
P00150
10
47.328668
20
195.833998
30
0.0
0
VERTEX
8
P00150
10
52.831998
20
195.833998
30
0.0
0
SEQEND
0
POLYLINE
8
P00151
66
1
70
0
0
VERTEX
8
P00151
10
47.582663
20
195.749324
30
0.0
0
VERTEX
8
P00151
10
52.831998
20
195.749324
30
0.0
0
SEQEND
0
POLYLINE
8
P00152
66
1
70
0
0
VERTEX
8
P00152
10
47.752000
20
195.664661
30
0.0
0
VERTEX
8
P00152
10
52.831998
20
195.664661
30
0.0
0
SEQEND
0
POLYLINE
8
P00153
66
1
70
0
0
VERTEX
8
P00153
10
47.921332
20
195.579998
30
0.0
0
VERTEX
8
P00153
10
52.831998
20
195.579998
30
0.0
0
SEQEND
0
POLYLINE
8
P00154
66
1
70
0
0
VERTEX
8
P00154
10
48.175332
20
195.495324
30
0.0
0
VERTEX
8
P00154
10
52.831998
20
195.495324
30
0.0
0
SEQEND
0
POLYLINE
8
P00155
66
1
70
0
0
VERTEX
8
P00155
10
48.344664
20
195.410661
30
0.0
0
VERTEX
8
P00155
10
52.831998
20
195.410661
30
0.0
0
SEQEND
0
POLYLINE
8
P00156
66
1
70
0
0
VERTEX
8
P00156
10
48.514002
20
195.325997
30
0.0
0
VERTEX
8
P00156
10
52.831998
20
195.325997
30
0.0
0
SEQEND
0
POLYLINE
8
P00157
66
1
70
0
0
VERTEX
8
P00157
10
48.767997
20
195.241323
30
0.0
0
VERTEX
8
P00157
10
52.831998
20
195.241323
30
0.0
0
SEQEND
0
POLYLINE
8
P00158
66
1
70
0
0
VERTEX
8
P00158
10
48.937334
20
195.156660
30
0.0
0
VERTEX
8
P00158
10
52.831998
20
195.156660
30
0.0
0
SEQEND
0
POLYLINE
8
P00159
66
1
70
0
0
VERTEX
8
P00159
10
49.106666
20
195.071997
30
0.0
0
VERTEX
8
P00159
10
52.831998
20
195.071997
30
0.0
0
SEQEND
0
POLYLINE
8
P00160
66
1
70
0
0
VERTEX
8
P00160
10
49.868667
20
194.987323
30
0.0
0
VERTEX
8
P00160
10
52.831998
20
194.987323
30
0.0
0
SEQEND
0
POLYLINE
8
P00161
66
1
70
0
0
VERTEX
8
P00161
10
50.630668
20
194.902660
30
0.0
0
VERTEX
8
P00161
10
52.831998
20
194.902660
30
0.0
0
SEQEND
0
POLYLINE
8
P00162
66
1
70
0
0
VERTEX
8
P00162
10
51.392664
20
194.817997
30
0.0
0
VERTEX
8
P00162
10
52.831998
20
194.817997
30
0.0
0
SEQEND
0
POLYLINE
8
P00163
66
1
70
0
0
VERTEX
8
P00163
10
52.154665
20
194.733323
30
0.0
0
VERTEX
8
P00163
10
52.831998
20
194.733323
30
0.0
0
VERTEX
8
P00163
10
52.154665
20
194.733323
30
0.0
0
SEQEND
0
POLYLINE
8
P00164
66
1
70
0
0
VERTEX
8
P00164
10
47.328668
20
195.833998
30
0.0
0
VERTEX
8
P00164
10
52.323997
20
196.511326
30
0.0
0
VERTEX
8
P00164
10
47.328668
20
195.833998
30
0.0
0
SEQEND
0
POLYLINE
8
P00165
66
1
70
0
0
VERTEX
8
P00165
10
52.323997
20
196.511326
30
0.0
0
VERTEX
8
P00165
10
51.815996
20
195.833998
30
0.0
0
VERTEX
8
P00165
10
52.323997
20
196.511326
30
0.0
0
SEQEND
0
POLYLINE
8
P00166
66
1
70
0
0
VERTEX
8
P00166
10
51.815996
20
195.833998
30
0.0
0
VERTEX
8
P00166
10
52.323997
20
195.156660
30
0.0
0
VERTEX
8
P00166
10
51.815996
20
195.833998
30
0.0
0
SEQEND
0
POLYLINE
8
P00167
66
1
70
0
0
VERTEX
8
P00167
10
52.323997
20
195.156660
30
0.0
0
VERTEX
8
P00167
10
47.328668
20
195.833998
30
0.0
0
VERTEX
8
P00167
10
52.323997
20
195.156660
30
0.0
0
SEQEND
0
POLYLINE
8
P00168
66
1
70
0
0
VERTEX
8
P00168
10
51.731333
20
196.426662
30
0.0
0
VERTEX
8
P00168
10
52.323997
20
196.426662
30
0.0
0
SEQEND
0
POLYLINE
8
P00169
66
1
70
0
0
VERTEX
8
P00169
10
51.138664
20
196.341999
30
0.0
0
VERTEX
8
P00169
10
52.239334
20
196.341999
30
0.0
0
SEQEND
0
POLYLINE
8
P00170
66
1
70
0
0
VERTEX
8
P00170
10
50.461331
20
196.257325
30
0.0
0
VERTEX
8
P00170
10
52.154665
20
196.257325
30
0.0
0
SEQEND
0
POLYLINE
8
P00171
66
1
70
0
0
VERTEX
8
P00171
10
49.868667
20
196.172662
30
0.0
0
VERTEX
8
P00171
10
52.069997
20
196.172662
30
0.0
0
SEQEND
0
POLYLINE
8
P00172
66
1
70
0
0
VERTEX
8
P00172
10
49.275997
20
196.087999
30
0.0
0
VERTEX
8
P00172
10
52.069997
20
196.087999
30
0.0
0
SEQEND
0
POLYLINE
8
P00173
66
1
70
0
0
VERTEX
8
P00173
10
48.598665
20
196.003325
30
0.0
0
VERTEX
8
P00173
10
51.985334
20
196.003325
30
0.0
0
SEQEND
0
POLYLINE
8
P00174
66
1
70
0
0
VERTEX
8
P00174
10
48.006001
20
195.918661
30
0.0
0
VERTEX
8
P00174
10
51.900665
20
195.918661
30
0.0
0
VERTEX
8
P00174
10
48.006001
20
195.918661
30
0.0
0
SEQEND
0
POLYLINE
8
P00175
66
1
70
0
0
VERTEX
8
P00175
10
47.328668
20
195.833998
30
0.0
0
VERTEX
8
P00175
10
51.815996
20
195.833998
30
0.0
0
SEQEND
0
POLYLINE
8
P00176
66
1
70
0
0
VERTEX
8
P00176
10
48.006001
20
195.749324
30
0.0
0
VERTEX
8
P00176
10
51.900665
20
195.749324
30
0.0
0
SEQEND
0
POLYLINE
8
P00177
66
1
70
0
0
VERTEX
8
P00177
10
48.598665
20
195.664661
30
0.0
0
VERTEX
8
P00177
10
51.985334
20
195.664661
30
0.0
0
SEQEND
0
POLYLINE
8
P00178
66
1
70
0
0
VERTEX
8
P00178
10
49.275997
20
195.579998
30
0.0
0
VERTEX
8
P00178
10
52.069997
20
195.579998
30
0.0
0
SEQEND
0
POLYLINE
8
P00179
66
1
70
0
0
VERTEX
8
P00179
10
49.868667
20
195.495324
30
0.0
0
VERTEX
8
P00179
10
52.069997
20
195.495324
30
0.0
0
SEQEND
0
POLYLINE
8
P00180
66
1
70
0
0
VERTEX
8
P00180
10
50.461331
20
195.410661
30
0.0
0
VERTEX
8
P00180
10
52.154665
20
195.410661
30
0.0
0
SEQEND
0
POLYLINE
8
P00181
66
1
70
0
0
VERTEX
8
P00181
10
51.138664
20
195.325997
30
0.0
0
VERTEX
8
P00181
10
52.239334
20
195.325997
30
0.0
0
SEQEND
0
POLYLINE
8
P00182
66
1
70
0
0
VERTEX
8
P00182
10
51.731333
20
195.241323
30
0.0
0
VERTEX
8
P00182
10
52.323997
20
195.241323
30
0.0
0
VERTEX
8
P00182
10
51.731333
20
195.241323
30
0.0
0
SEQEND
0
POLYLINE
8
P00183
66
1
70
0
0
VERTEX
8
P00183
10
161.882668
20
197.019326
30
0.0
0
VERTEX
8
P00183
10
162.559996
20
197.019326
30
0.0
0
SEQEND
0
POLYLINE
8
P00184
66
1
70
0
0
VERTEX
8
P00184
10
161.882668
20
196.934663
30
0.0
0
VERTEX
8
P00184
10
163.152660
20
196.934663
30
0.0
0
SEQEND
0
POLYLINE
8
P00185
66
1
70
0
0
VERTEX
8
P00185
10
161.882668
20
196.849989
30
0.0
0
VERTEX
8
P00185
10
163.745335
20
196.849989
30
0.0
0
SEQEND
0
POLYLINE
8
P00186
66
1
70
0
0
VERTEX
8
P00186
10
161.882668
20
196.765326
30
0.0
0
VERTEX
8
P00186
10
164.337999
20
196.765326
30
0.0
0
SEQEND
0
POLYLINE
8
P00187
66
1
70
0
0
VERTEX
8
P00187
10
161.882668
20
196.680663
30
0.0
0
VERTEX
8
P00187
10
164.930663
20
196.680663
30
0.0
0
SEQEND
0
POLYLINE
8
P00188
66
1
70
0
0
VERTEX
8
P00188
10
161.882668
20
196.596000
30
0.0
0
VERTEX
8
P00188
10
165.523327
20
196.596000
30
0.0
0
SEQEND
0
POLYLINE
8
P00189
66
1
70
0
0
VERTEX
8
P00189
10
161.882668
20
196.511326
30
0.0
0
VERTEX
8
P00189
10
165.777327
20
196.511326
30
0.0
0
SEQEND
0
POLYLINE
8
P00190
66
1
70
0
0
VERTEX
8
P00190
10
161.882668
20
196.426662
30
0.0
0
VERTEX
8
P00190
10
165.946665
20
196.426662
30
0.0
0
SEQEND
0
POLYLINE
8
P00191
66
1
70
0
0
VERTEX
8
P00191
10
161.882668
20
196.341999
30
0.0
0
VERTEX
8
P00191
10
166.115991
20
196.341999
30
0.0
0
SEQEND
0
POLYLINE
8
P00192
66
1
70
0
0
VERTEX
8
P00192
10
161.882668
20
196.257325
30
0.0
0
VERTEX
8
P00192
10
166.369991
20
196.257325
30
0.0
0
SEQEND
0
POLYLINE
8
P00193
66
1
70
0
0
VERTEX
8
P00193
10
161.882668
20
196.172662
30
0.0
0
VERTEX
8
P00193
10
166.539329
20
196.172662
30
0.0
0
SEQEND
0
POLYLINE
8
P00194
66
1
70
0
0
VERTEX
8
P00194
10
161.882668
20
196.087999
30
0.0
0
VERTEX
8
P00194
10
166.708666
20
196.087999
30
0.0
0
SEQEND
0
POLYLINE
8
P00195
66
1
70
0
0
VERTEX
8
P00195
10
161.882668
20
196.003325
30
0.0
0
VERTEX
8
P00195
10
166.962666
20
196.003325
30
0.0
0
SEQEND
0
POLYLINE
8
P00196
66
1
70
0
0
VERTEX
8
P00196
10
161.882668
20
195.918661
30
0.0
0
VERTEX
8
P00196
10
167.131993
20
195.918661
30
0.0
0
SEQEND
0
POLYLINE
8
P00197
66
1
70
0
0
VERTEX
8
P00197
10
161.882668
20
195.833998
30
0.0
0
VERTEX
8
P00197
10
167.301330
20
195.833998
30
0.0
0
SEQEND
0
POLYLINE
8
P00198
66
1
70
0
0
VERTEX
8
P00198
10
161.882668
20
195.749324
30
0.0
0
VERTEX
8
P00198
10
167.131993
20
195.749324
30
0.0
0
SEQEND
0
POLYLINE
8
P00199
66
1
70
0
0
VERTEX
8
P00199
10
161.882668
20
195.664661
30
0.0
0
VERTEX
8
P00199
10
166.962666
20
195.664661
30
0.0
0
SEQEND
0
POLYLINE
8
P00200
66
1
70
0
0
VERTEX
8
P00200
10
161.882668
20
195.579998
30
0.0
0
VERTEX
8
P00200
10
166.708666
20
195.579998
30
0.0
0
SEQEND
0
POLYLINE
8
P00201
66
1
70
0
0
VERTEX
8
P00201
10
161.882668
20
195.495324
30
0.0
0
VERTEX
8
P00201
10
166.539329
20
195.495324
30
0.0
0
SEQEND
0
POLYLINE
8
P00202
66
1
70
0
0
VERTEX
8
P00202
10
161.882668
20
195.410661
30
0.0
0
VERTEX
8
P00202
10
166.369991
20
195.410661
30
0.0
0
SEQEND
0
POLYLINE
8
P00203
66
1
70
0
0
VERTEX
8
P00203
10
161.882668
20
195.325997
30
0.0
0
VERTEX
8
P00203
10
166.115991
20
195.325997
30
0.0
0
SEQEND
0
POLYLINE
8
P00204
66
1
70
0
0
VERTEX
8
P00204
10
161.882668
20
195.241323
30
0.0
0
VERTEX
8
P00204
10
165.946665
20
195.241323
30
0.0
0
SEQEND
0
POLYLINE
8
P00205
66
1
70
0
0
VERTEX
8
P00205
10
161.882668
20
195.156660
30
0.0
0
VERTEX
8
P00205
10
165.777327
20
195.156660
30
0.0
0
SEQEND
0
POLYLINE
8
P00206
66
1
70
0
0
VERTEX
8
P00206
10
161.882668
20
195.071997
30
0.0
0
VERTEX
8
P00206
10
165.523327
20
195.071997
30
0.0
0
SEQEND
0
POLYLINE
8
P00207
66
1
70
0
0
VERTEX
8
P00207
10
161.882668
20
194.987323
30
0.0
0
VERTEX
8
P00207
10
164.846000
20
194.987323
30
0.0
0
SEQEND
0
POLYLINE
8
P00208
66
1
70
0
0
VERTEX
8
P00208
10
161.882668
20
194.902660
30
0.0
0
VERTEX
8
P00208
10
164.083998
20
194.902660
30
0.0
0
SEQEND
0
POLYLINE
8
P00209
66
1
70
0
0
VERTEX
8
P00209
10
161.882668
20
194.817997
30
0.0
0
VERTEX
8
P00209
10
163.406660
20
194.817997
30
0.0
0
SEQEND
0
POLYLINE
8
P00210
66
1
70
0
0
VERTEX
8
P00210
10
161.882668
20
194.733323
30
0.0
0
VERTEX
8
P00210
10
162.644659
20
194.733323
30
0.0
0
VERTEX
8
P00210
10
161.882668
20
194.733323
30
0.0
0
SEQEND
0
POLYLINE
8
P00211
66
1
70
0
0
VERTEX
8
P00211
10
167.301330
20
195.833998
30
0.0
0
VERTEX
8
P00211
10
162.305995
20
195.156660
30
0.0
0
VERTEX
8
P00211
10
167.301330
20
195.833998
30
0.0
0
SEQEND
0
POLYLINE
8
P00212
66
1
70
0
0
VERTEX
8
P00212
10
162.305995
20
195.156660
30
0.0
0
VERTEX
8
P00212
10
162.813996
20
195.833998
30
0.0
0
VERTEX
8
P00212
10
162.305995
20
195.156660
30
0.0
0
SEQEND
0
POLYLINE
8
P00213
66
1
70
0
0
VERTEX
8
P00213
10
162.813996
20
195.833998
30
0.0
0
VERTEX
8
P00213
10
162.305995
20
196.511326
30
0.0
0
VERTEX
8
P00213
10
162.813996
20
195.833998
30
0.0
0
SEQEND
0
POLYLINE
8
P00214
66
1
70
0
0
VERTEX
8
P00214
10
162.305995
20
196.511326
30
0.0
0
VERTEX
8
P00214
10
167.301330
20
195.833998
30
0.0
0
VERTEX
8
P00214
10
162.305995
20
196.511326
30
0.0
0
SEQEND
0
POLYLINE
8
P00215
66
1
70
0
0
VERTEX
8
P00215
10
162.813996
20
195.833998
30
0.0
0
VERTEX
8
P00215
10
167.301330
20
195.833998
30
0.0
0
SEQEND
0
POLYLINE
8
P00216
66
1
70
0
0
VERTEX
8
P00216
10
162.813996
20
195.749324
30
0.0
0
VERTEX
8
P00216
10
166.708666
20
195.749324
30
0.0
0
SEQEND
0
POLYLINE
8
P00217
66
1
70
0
0
VERTEX
8
P00217
10
162.729333
20
195.664661
30
0.0
0
VERTEX
8
P00217
10
166.115991
20
195.664661
30
0.0
0
SEQEND
0
POLYLINE
8
P00218
66
1
70
0
0
VERTEX
8
P00218
10
162.644659
20
195.579998
30
0.0
0
VERTEX
8
P00218
10
165.438664
20
195.579998
30
0.0
0
SEQEND
0
POLYLINE
8
P00219
66
1
70
0
0
VERTEX
8
P00219
10
162.559996
20
195.495324
30
0.0
0
VERTEX
8
P00219
10
164.846000
20
195.495324
30
0.0
0
SEQEND
0
POLYLINE
8
P00220
66
1
70
0
0
VERTEX
8
P00220
10
162.559996
20
195.410661
30
0.0
0
VERTEX
8
P00220
10
164.253325
20
195.410661
30
0.0
0
SEQEND
0
POLYLINE
8
P00221
66
1
70
0
0
VERTEX
8
P00221
10
162.475332
20
195.325997
30
0.0
0
VERTEX
8
P00221
10
163.575997
20
195.325997
30
0.0
0
SEQEND
0
POLYLINE
8
P00222
66
1
70
0
0
VERTEX
8
P00222
10
162.390658
20
195.241323
30
0.0
0
VERTEX
8
P00222
10
162.983333
20
195.241323
30
0.0
0
VERTEX
8
P00222
10
162.390658
20
195.241323
30
0.0
0
SEQEND
0
POLYLINE
8
P00223
66
1
70
0
0
VERTEX
8
P00223
10
162.390658
20
196.426662
30
0.0
0
VERTEX
8
P00223
10
162.983333
20
196.426662
30
0.0
0
SEQEND
0
POLYLINE
8
P00224
66
1
70
0
0
VERTEX
8
P00224
10
162.475332
20
196.341999
30
0.0
0
VERTEX
8
P00224
10
163.575997
20
196.341999
30
0.0
0
SEQEND
0
POLYLINE
8
P00225
66
1
70
0
0
VERTEX
8
P00225
10
162.559996
20
196.257325
30
0.0
0
VERTEX
8
P00225
10
164.253325
20
196.257325
30
0.0
0
SEQEND
0
POLYLINE
8
P00226
66
1
70
0
0
VERTEX
8
P00226
10
162.559996
20
196.172662
30
0.0
0
VERTEX
8
P00226
10
164.846000
20
196.172662
30
0.0
0
SEQEND
0
POLYLINE
8
P00227
66
1
70
0
0
VERTEX
8
P00227
10
162.644659
20
196.087999
30
0.0
0
VERTEX
8
P00227
10
165.438664
20
196.087999
30
0.0
0
SEQEND
0
POLYLINE
8
P00228
66
1
70
0
0
VERTEX
8
P00228
10
162.729333
20
196.003325
30
0.0
0
VERTEX
8
P00228
10
166.115991
20
196.003325
30
0.0
0
SEQEND
0
POLYLINE
8
P00229
66
1
70
0
0
VERTEX
8
P00229
10
162.813996
20
195.918661
30
0.0
0
VERTEX
8
P00229
10
166.708666
20
195.918661
30
0.0
0
VERTEX
8
P00229
10
162.813996
20
195.918661
30
0.0
0
SEQEND
0
POLYLINE
8
P00230
66
1
70
0
0
VERTEX
8
P00230
10
47.328668
20
195.833998
30
0.0
0
VERTEX
8
P00230
10
167.301330
20
195.833998
30
0.0
0
VERTEX
8
P00230
10
47.328668
20
195.833998
30
0.0
0
SEQEND
0
POLYLINE
8
P00231
66
1
70
0
0
VERTEX
8
P00231
10
49.868667
20
238.929328
30
0.0
0
VERTEX
8
P00231
10
50.122667
20
238.929328
30
0.0
0
SEQEND
0
POLYLINE
8
P00232
66
1
70
0
0
VERTEX
8
P00232
10
49.868667
20
238.844659
30
0.0
0
VERTEX
8
P00232
10
50.376668
20
238.844659
30
0.0
0
SEQEND
0
POLYLINE
8
P00233
66
1
70
0
0
VERTEX
8
P00233
10
49.953330
20
238.759996
30
0.0
0
VERTEX
8
P00233
10
50.630668
20
238.759996
30
0.0
0
SEQEND
0
POLYLINE
8
P00234
66
1
70
0
0
VERTEX
8
P00234
10
49.953330
20
238.675327
30
0.0
0
VERTEX
8
P00234
10
50.884663
20
238.675327
30
0.0
0
SEQEND
0
POLYLINE
8
P00235
66
1
70
0
0
VERTEX
8
P00235
10
50.037999
20
238.590658
30
0.0
0
VERTEX
8
P00235
10
51.138664
20
238.590658
30
0.0
0
SEQEND
0
POLYLINE
8
P00236
66
1
70
0
0
VERTEX
8
P00236
10
50.037999
20
238.505995
30
0.0
0
VERTEX
8
P00236
10
51.392664
20
238.505995
30
0.0
0
SEQEND
0
POLYLINE
8
P00237
66
1
70
0
0
VERTEX
8
P00237
10
50.122667
20
238.421327
30
0.0
0
VERTEX
8
P00237
10
51.646665
20
238.421327
30
0.0
0
SEQEND
0
POLYLINE
8
P00238
66
1
70
0
0
VERTEX
8
P00238
10
50.122667
20
238.336658
30
0.0
0
VERTEX
8
P00238
10
51.815996
20
238.336658
30
0.0
0
SEQEND
0
POLYLINE
8
P00239
66
1
70
0
0
VERTEX
8
P00239
10
50.207331
20
238.251995
30
0.0
0
VERTEX
8
P00239
10
51.985334
20
238.251995
30
0.0
0
SEQEND
0
POLYLINE
8
P00240
66
1
70
0
0
VERTEX
8
P00240
10
50.207331
20
238.167326
30
0.0
0
VERTEX
8
P00240
10
52.069997
20
238.167326
30
0.0
0
SEQEND
0
POLYLINE
8
P00241
66
1
70
0
0
VERTEX
8
P00241
10
50.291999
20
238.082658
30
0.0
0
VERTEX
8
P00241
10
52.239334
20
238.082658
30
0.0
0
SEQEND
0
POLYLINE
8
P00242
66
1
70
0
0
VERTEX
8
P00242
10
50.291999
20
237.997994
30
0.0
0
VERTEX
8
P00242
10
52.323997
20
237.997994
30
0.0
0
SEQEND
0
POLYLINE
8
P00243
66
1
70
0
0
VERTEX
8
P00243
10
50.376668
20
237.913326
30
0.0
0
VERTEX
8
P00243
10
52.493334
20
237.913326
30
0.0
0
SEQEND
0
POLYLINE
8
P00244
66
1
70
0
0
VERTEX
8
P00244
10
50.376668
20
237.828663
30
0.0
0
VERTEX
8
P00244
10
52.577998
20
237.828663
30
0.0
0
SEQEND
0
POLYLINE
8
P00245
66
1
70
0
0
VERTEX
8
P00245
10
50.461331
20
237.743994
30
0.0
0
VERTEX
8
P00245
10
52.747335
20
237.743994
30
0.0
0
SEQEND
0
POLYLINE
8
P00246
66
1
70
0
0
VERTEX
8
P00246
10
50.461331
20
237.659325
30
0.0
0
VERTEX
8
P00246
10
52.831998
20
237.659325
30
0.0
0
SEQEND
0
POLYLINE
8
P00247
66
1
70
0
0
VERTEX
8
P00247
10
50.546000
20
237.574662
30
0.0
0
VERTEX
8
P00247
10
53.001330
20
237.574662
30
0.0
0
SEQEND
0
POLYLINE
8
P00248
66
1
70
0
0
VERTEX
8
P00248
10
50.546000
20
237.489994
30
0.0
0
VERTEX
8
P00248
10
53.085998
20
237.489994
30
0.0
0
SEQEND
0
POLYLINE
8
P00249
66
1
70
0
0
VERTEX
8
P00249
10
50.630668
20
237.405325
30
0.0
0
VERTEX
8
P00249
10
53.255330
20
237.405325
30
0.0
0
SEQEND
0
POLYLINE
8
P00250
66
1
70
0
0
VERTEX
8
P00250
10
50.630668
20
237.320662
30
0.0
0
VERTEX
8
P00250
10
53.424668
20
237.320662
30
0.0
0
SEQEND
0
POLYLINE
8
P00251
66
1
70
0
0
VERTEX
8
P00251
10
50.715331
20
237.235993
30
0.0
0
VERTEX
8
P00251
10
53.509331
20
237.235993
30
0.0
0
SEQEND
0
POLYLINE
8
P00252
66
1
70
0
0
VERTEX
8
P00252
10
50.800000
20
237.151325
30
0.0
0
VERTEX
8
P00252
10
53.678668
20
237.151325
30
0.0
0
SEQEND
0
POLYLINE
8
P00253
66
1
70
0
0
VERTEX
8
P00253
10
50.884663
20
237.066661
30
0.0
0
VERTEX
8
P00253
10
53.763331
20
237.066661
30
0.0
0
SEQEND
0
POLYLINE
8
P00254
66
1
70
0
0
VERTEX
8
P00254
10
50.969332
20
236.981993
30
0.0
0
VERTEX
8
P00254
10
53.932663
20
236.981993
30
0.0
0
SEQEND
0
POLYLINE
8
P00255
66
1
70
0
0
VERTEX
8
P00255
10
51.054000
20
236.897329
30
0.0
0
VERTEX
8
P00255
10
54.017332
20
236.897329
30
0.0
0
SEQEND
0
POLYLINE
8
P00256
66
1
70
0
0
VERTEX
8
P00256
10
51.138664
20
236.812661
30
0.0
0
VERTEX
8
P00256
10
54.186663
20
236.812661
30
0.0
0
SEQEND
0
POLYLINE
8
P00257
66
1
70
0
0
VERTEX
8
P00257
10
51.223332
20
236.727992
30
0.0
0
VERTEX
8
P00257
10
54.271332
20
236.727992
30
0.0
0
SEQEND
0
POLYLINE
8
P00258
66
1
70
0
0
VERTEX
8
P00258
10
51.308001
20
236.643329
30
0.0
0
VERTEX
8
P00258
10
54.440664
20
236.643329
30
0.0
0
SEQEND
0
POLYLINE
8
P00259
66
1
70
0
0
VERTEX
8
P00259
10
51.392664
20
236.558660
30
0.0
0
VERTEX
8
P00259
10
54.525332
20
236.558660
30
0.0
0
SEQEND
0
POLYLINE
8
P00260
66
1
70
0
0
VERTEX
8
P00260
10
51.477333
20
236.473992
30
0.0
0
VERTEX
8
P00260
10
54.694664
20
236.473992
30
0.0
0
SEQEND
0
POLYLINE
8
P00261
66
1
70
0
0
VERTEX
8
P00261
10
51.477333
20
236.389329
30
0.0
0
VERTEX
8
P00261
10
54.779333
20
236.389329
30
0.0
0
SEQEND
0
POLYLINE
8
P00262
66
1
70
0
0
VERTEX
8
P00262
10
51.562001
20
236.304660
30
0.0
0
VERTEX
8
P00262
10
54.779333
20
236.304660
30
0.0
0
SEQEND
0
POLYLINE
8
P00263
66
1
70
0
0
VERTEX
8
P00263
10
51.646665
20
236.219991
30
0.0
0
VERTEX
8
P00263
10
54.694664
20
236.219991
30
0.0
0
SEQEND
0
POLYLINE
8
P00264
66
1
70
0
0
VERTEX
8
P00264
10
51.731333
20
236.135328
30
0.0
0
VERTEX
8
P00264
10
54.610001
20
236.135328
30
0.0
0
SEQEND
0
POLYLINE
8
P00265
66
1
70
0
0
VERTEX
8
P00265
10
51.815996
20
236.050660
30
0.0
0
VERTEX
8
P00265
10
54.525332
20
236.050660
30
0.0
0
SEQEND
0
POLYLINE
8
P00266
66
1
70
0
0
VERTEX
8
P00266
10
51.900665
20
235.965991
30
0.0
0
VERTEX
8
P00266
10
54.440664
20
235.965991
30
0.0
0
SEQEND
0
POLYLINE
8
P00267
66
1
70
0
0
VERTEX
8
P00267
10
51.985334
20
235.881328
30
0.0
0
VERTEX
8
P00267
10
54.356001
20
235.881328
30
0.0
0
SEQEND
0
POLYLINE
8
P00268
66
1
70
0
0
VERTEX
8
P00268
10
52.069997
20
235.796659
30
0.0
0
VERTEX
8
P00268
10
54.271332
20
235.796659
30
0.0
0
SEQEND
0
POLYLINE
8
P00269
66
1
70
0
0
VERTEX
8
P00269
10
52.154665
20
235.711996
30
0.0
0
VERTEX
8
P00269
10
54.186663
20
235.711996
30
0.0
0
SEQEND
0
POLYLINE
8
P00270
66
1
70
0
0
VERTEX
8
P00270
10
52.239334
20
235.627327
30
0.0
0
VERTEX
8
P00270
10
54.102000
20
235.627327
30
0.0
0
SEQEND
0
POLYLINE
8
P00271
66
1
70
0
0
VERTEX
8
P00271
10
52.323997
20
235.542659
30
0.0
0
VERTEX
8
P00271
10
54.017332
20
235.542659
30
0.0
0
SEQEND
0
POLYLINE
8
P00272
66
1
70
0
0
VERTEX
8
P00272
10
52.323997
20
235.457995
30
0.0
0
VERTEX
8
P00272
10
53.932663
20
235.457995
30
0.0
0
SEQEND
0
POLYLINE
8
P00273
66
1
70
0
0
VERTEX
8
P00273
10
52.408666
20
235.373327
30
0.0
0
VERTEX
8
P00273
10
53.932663
20
235.373327
30
0.0
0
SEQEND
0
POLYLINE
8
P00274
66
1
70
0
0
VERTEX
8
P00274
10
52.493334
20
235.288658
30
0.0
0
VERTEX
8
P00274
10
53.848000
20
235.288658
30
0.0
0
SEQEND
0
POLYLINE
8
P00275
66
1
70
0
0
VERTEX
8
P00275
10
52.577998
20
235.203995
30
0.0
0
VERTEX
8
P00275
10
53.763331
20
235.203995
30
0.0
0
SEQEND
0
POLYLINE
8
P00276
66
1
70
0
0
VERTEX
8
P00276
10
52.662666
20
235.119326
30
0.0
0
VERTEX
8
P00276
10
53.678668
20
235.119326
30
0.0
0
SEQEND
0
POLYLINE
8
P00277
66
1
70
0
0
VERTEX
8
P00277
10
52.747335
20
235.034658
30
0.0
0
VERTEX
8
P00277
10
53.593999
20
235.034658
30
0.0
0
SEQEND
0
POLYLINE
8
P00278
66
1
70
0
0
VERTEX
8
P00278
10
52.831998
20
234.949995
30
0.0
0
VERTEX
8
P00278
10
53.593999
20
234.949995
30
0.0
0
SEQEND
0
POLYLINE
8
P00279
66
1
70
0
0
VERTEX
8
P00279
10
52.916667
20
234.865326
30
0.0
0
VERTEX
8
P00279
10
53.509331
20
234.865326
30
0.0
0
SEQEND
0
POLYLINE
8
P00280
66
1
70
0
0
VERTEX
8
P00280
10
53.001330
20
234.780663
30
0.0
0
VERTEX
8
P00280
10
53.424668
20
234.780663
30
0.0
0
SEQEND
0
POLYLINE
8
P00281
66
1
70
0
0
VERTEX
8
P00281
10
53.085998
20
234.695994
30
0.0
0
VERTEX
8
P00281
10
53.339999
20
234.695994
30
0.0
0
SEQEND
0
POLYLINE
8
P00282
66
1
70
0
0
VERTEX
8
P00282
10
53.170667
20
234.611326
30
0.0
0
VERTEX
8
P00282
10
53.255330
20
234.611326
30
0.0
0
VERTEX
8
P00282
10
53.170667
20
234.611326
30
0.0
0
SEQEND
0
POLYLINE
8
P00283
66
1
70
0
0
VERTEX
8
P00283
10
49.783998
20
239.013996
30
0.0
0
VERTEX
8
P00283
10
54.017332
20
236.219991
30
0.0
0
VERTEX
8
P00283
10
49.783998
20
239.013996
30
0.0
0
SEQEND
0
POLYLINE
8
P00284
66
1
70
0
0
VERTEX
8
P00284
10
54.017332
20
236.219991
30
0.0
0
VERTEX
8
P00284
10
53.170667
20
236.050660
30
0.0
0
VERTEX
8
P00284
10
54.017332
20
236.219991
30
0.0
0
SEQEND
0
POLYLINE
8
P00285
66
1
70
0
0
VERTEX
8
P00285
10
53.170667
20
236.050660
30
0.0
0
VERTEX
8
P00285
10
53.170667
20
235.288658
30
0.0
0
VERTEX
8
P00285
10
53.170667
20
236.050660
30
0.0
0
SEQEND
0
POLYLINE
8
P00286
66
1
70
0
0
VERTEX
8
P00286
10
53.170667
20
235.288658
30
0.0
0
VERTEX
8
P00286
10
49.783998
20
239.013996
30
0.0
0
VERTEX
8
P00286
10
53.170667
20
235.288658
30
0.0
0
SEQEND
0
POLYLINE
8
P00287
66
1
70
0
0
VERTEX
8
P00287
10
50.037999
20
238.844659
30
0.0
0
VERTEX
8
P00287
10
50.122667
20
238.844659
30
0.0
0
VERTEX
8
P00287
10
50.207331
20
238.759996
30
0.0
0
VERTEX
8
P00287
10
50.376668
20
238.675327
30
0.0
0
SEQEND
0
POLYLINE
8
P00288
66
1
70
0
0
VERTEX
8
P00288
10
50.291999
20
238.590658
30
0.0
0
VERTEX
8
P00288
10
50.461331
20
238.590658
30
0.0
0
SEQEND
0
POLYLINE
8
P00289
66
1
70
0
0
VERTEX
8
P00289
10
50.376668
20
238.505995
30
0.0
0
VERTEX
8
P00289
10
50.630668
20
238.505995
30
0.0
0
SEQEND
0
POLYLINE
8
P00290
66
1
70
0
0
VERTEX
8
P00290
10
50.461331
20
238.421327
30
0.0
0
VERTEX
8
P00290
10
50.715331
20
238.421327
30
0.0
0
SEQEND
0
POLYLINE
8
P00291
66
1
70
0
0
VERTEX
8
P00291
10
50.630668
20
238.336658
30
0.0
0
VERTEX
8
P00291
10
50.884663
20
238.336658
30
0.0
0
SEQEND
0
POLYLINE
8
P00292
66
1
70
0
0
VERTEX
8
P00292
10
50.715331
20
238.251995
30
0.0
0
VERTEX
8
P00292
10
50.969332
20
238.251995
30
0.0
0
SEQEND
0
POLYLINE
8
P00293
66
1
70
0
0
VERTEX
8
P00293
10
50.800000
20
238.167326
30
0.0
0
VERTEX
8
P00293
10
51.138664
20
238.167326
30
0.0
0
SEQEND
0
POLYLINE
8
P00294
66
1
70
0
0
VERTEX
8
P00294
10
50.884663
20
238.082658
30
0.0
0
VERTEX
8
P00294
10
51.223332
20
238.082658
30
0.0
0
SEQEND
0
POLYLINE
8
P00295
66
1
70
0
0
VERTEX
8
P00295
10
50.969332
20
237.997994
30
0.0
0
VERTEX
8
P00295
10
51.392664
20
237.997994
30
0.0
0
SEQEND
0
POLYLINE
8
P00296
66
1
70
0
0
VERTEX
8
P00296
10
51.054000
20
237.913326
30
0.0
0
VERTEX
8
P00296
10
51.477333
20
237.913326
30
0.0
0
SEQEND
0
POLYLINE
8
P00297
66
1
70
0
0
VERTEX
8
P00297
10
51.138664
20
237.828663
30
0.0
0
VERTEX
8
P00297
10
51.646665
20
237.828663
30
0.0
0
SEQEND
0
POLYLINE
8
P00298
66
1
70
0
0
VERTEX
8
P00298
10
51.308001
20
237.743994
30
0.0
0
VERTEX
8
P00298
10
51.731333
20
237.743994
30
0.0
0
SEQEND
0
POLYLINE
8
P00299
66
1
70
0
0
VERTEX
8
P00299
10
51.392664
20
237.659325
30
0.0
0
VERTEX
8
P00299
10
51.900665
20
237.659325
30
0.0
0
SEQEND
0
POLYLINE
8
P00300
66
1
70
0
0
VERTEX
8
P00300
10
51.477333
20
237.574662
30
0.0
0
VERTEX
8
P00300
10
51.985334
20
237.574662
30
0.0
0
SEQEND
0
POLYLINE
8
P00301
66
1
70
0
0
VERTEX
8
P00301
10
51.562001
20
237.489994
30
0.0
0
VERTEX
8
P00301
10
52.154665
20
237.489994
30
0.0
0
SEQEND
0
POLYLINE
8
P00302
66
1
70
0
0
VERTEX
8
P00302
10
51.646665
20
237.405325
30
0.0
0
VERTEX
8
P00302
10
52.239334
20
237.405325
30
0.0
0
SEQEND
0
POLYLINE
8
P00303
66
1
70
0
0
VERTEX
8
P00303
10
51.731333
20
237.320662
30
0.0
0
VERTEX
8
P00303
10
52.408666
20
237.320662
30
0.0
0
SEQEND
0
POLYLINE
8
P00304
66
1
70
0
0
VERTEX
8
P00304
10
51.815996
20
237.235993
30
0.0
0
VERTEX
8
P00304
10
52.493334
20
237.235993
30
0.0
0
SEQEND
0
POLYLINE
8
P00305
66
1
70
0
0
VERTEX
8
P00305
10
51.985334
20
237.151325
30
0.0
0
VERTEX
8
P00305
10
52.662666
20
237.151325
30
0.0
0
SEQEND
0
POLYLINE
8
P00306
66
1
70
0
0
VERTEX
8
P00306
10
52.069997
20
237.066661
30
0.0
0
VERTEX
8
P00306
10
52.747335
20
237.066661
30
0.0
0
SEQEND
0
POLYLINE
8
P00307
66
1
70
0
0
VERTEX
8
P00307
10
52.154665
20
236.981993
30
0.0
0
VERTEX
8
P00307
10
52.916667
20
236.981993
30
0.0
0
SEQEND
0
POLYLINE
8
P00308
66
1
70
0
0
VERTEX
8
P00308
10
52.239334
20
236.897329
30
0.0
0
VERTEX
8
P00308
10
53.001330
20
236.897329
30
0.0
0
SEQEND
0
POLYLINE
8
P00309
66
1
70
0
0
VERTEX
8
P00309
10
52.323997
20
236.812661
30
0.0
0
VERTEX
8
P00309
10
53.170667
20
236.812661
30
0.0
0
SEQEND
0
POLYLINE
8
P00310
66
1
70
0
0
VERTEX
8
P00310
10
52.408666
20
236.727992
30
0.0
0
VERTEX
8
P00310
10
53.255330
20
236.727992
30
0.0
0
SEQEND
0
POLYLINE
8
P00311
66
1
70
0
0
VERTEX
8
P00311
10
52.493334
20
236.643329
30
0.0
0
VERTEX
8
P00311
10
53.424668
20
236.643329
30
0.0
0
SEQEND
0
POLYLINE
8
P00312
66
1
70
0
0
VERTEX
8
P00312
10
52.662666
20
236.558660
30
0.0
0
VERTEX
8
P00312
10
53.509331
20
236.558660
30
0.0
0
SEQEND
0
POLYLINE
8
P00313
66
1
70
0
0
VERTEX
8
P00313
10
52.747335
20
236.473992
30
0.0
0
VERTEX
8
P00313
10
53.678668
20
236.473992
30
0.0
0
SEQEND
0
POLYLINE
8
P00314
66
1
70
0
0
VERTEX
8
P00314
10
52.831998
20
236.389329
30
0.0
0
VERTEX
8
P00314
10
53.763331
20
236.389329
30
0.0
0
SEQEND
0
POLYLINE
8
P00315
66
1
70
0
0
VERTEX
8
P00315
10
52.916667
20
236.304660
30
0.0
0
VERTEX
8
P00315
10
53.932663
20
236.304660
30
0.0
0
SEQEND
0
POLYLINE
8
P00316
66
1
70
0
0
VERTEX
8
P00316
10
53.001330
20
236.219991
30
0.0
0
VERTEX
8
P00316
10
54.017332
20
236.219991
30
0.0
0
SEQEND
0
POLYLINE
8
P00317
66
1
70
0
0
VERTEX
8
P00317
10
53.085998
20
236.135328
30
0.0
0
VERTEX
8
P00317
10
53.593999
20
236.135328
30
0.0
0
VERTEX
8
P00317
10
53.085998
20
236.135328
30
0.0
0
SEQEND
0
POLYLINE
8
P00318
66
1
70
0
0
VERTEX
8
P00318
10
49.868667
20
238.929328
30
0.0
0
VERTEX
8
P00318
10
49.953330
20
238.929328
30
0.0
0
VERTEX
8
P00318
10
50.037999
20
238.844659
30
0.0
0
VERTEX
8
P00318
10
50.122667
20
238.759996
30
0.0
0
VERTEX
8
P00318
10
50.207331
20
238.675327
30
0.0
0
VERTEX
8
P00318
10
50.291999
20
238.590658
30
0.0
0
VERTEX
8
P00318
10
50.376668
20
238.505995
30
0.0
0
VERTEX
8
P00318
10
50.461331
20
238.421327
30
0.0
0
VERTEX
8
P00318
10
50.630668
20
238.336658
30
0.0
0
SEQEND
0
POLYLINE
8
P00319
66
1
70
0
0
VERTEX
8
P00319
10
50.546000
20
238.251995
30
0.0
0
VERTEX
8
P00319
10
50.715331
20
238.251995
30
0.0
0
SEQEND
0
POLYLINE
8
P00320
66
1
70
0
0
VERTEX
8
P00320
10
50.630668
20
238.167326
30
0.0
0
VERTEX
8
P00320
10
50.800000
20
238.167326
30
0.0
0
SEQEND
0
POLYLINE
8
P00321
66
1
70
0
0
VERTEX
8
P00321
10
50.630668
20
238.082658
30
0.0
0
VERTEX
8
P00321
10
50.884663
20
238.082658
30
0.0
0
SEQEND
0
POLYLINE
8
P00322
66
1
70
0
0
VERTEX
8
P00322
10
50.715331
20
237.997994
30
0.0
0
VERTEX
8
P00322
10
50.969332
20
237.997994
30
0.0
0
SEQEND
0
POLYLINE
8
P00323
66
1
70
0
0
VERTEX
8
P00323
10
50.800000
20
237.913326
30
0.0
0
VERTEX
8
P00323
10
51.054000
20
237.913326
30
0.0
0
SEQEND
0
POLYLINE
8
P00324
66
1
70
0
0
VERTEX
8
P00324
10
50.884663
20
237.828663
30
0.0
0
VERTEX
8
P00324
10
51.138664
20
237.828663
30
0.0
0
SEQEND
0
POLYLINE
8
P00325
66
1
70
0
0
VERTEX
8
P00325
10
50.969332
20
237.743994
30
0.0
0
VERTEX
8
P00325
10
51.308001
20
237.743994
30
0.0
0
SEQEND
0
POLYLINE
8
P00326
66
1
70
0
0
VERTEX
8
P00326
10
51.054000
20
237.659325
30
0.0
0
VERTEX
8
P00326
10
51.392664
20
237.659325
30
0.0
0
SEQEND
0
POLYLINE
8
P00327
66
1
70
0
0
VERTEX
8
P00327
10
51.138664
20
237.574662
30
0.0
0
VERTEX
8
P00327
10
51.477333
20
237.574662
30
0.0
0
SEQEND
0
POLYLINE
8
P00328
66
1
70
0
0
VERTEX
8
P00328
10
51.223332
20
237.489994
30
0.0
0
VERTEX
8
P00328
10
51.562001
20
237.489994
30
0.0
0
SEQEND
0
POLYLINE
8
P00329
66
1
70
0
0
VERTEX
8
P00329
10
51.308001
20
237.405325
30
0.0
0
VERTEX
8
P00329
10
51.646665
20
237.405325
30
0.0
0
SEQEND
0
POLYLINE
8
P00330
66
1
70
0
0
VERTEX
8
P00330
10
51.392664
20
237.320662
30
0.0
0
VERTEX
8
P00330
10
51.731333
20
237.320662
30
0.0
0
SEQEND
0
POLYLINE
8
P00331
66
1
70
0
0
VERTEX
8
P00331
10
51.477333
20
237.235993
30
0.0
0
VERTEX
8
P00331
10
51.815996
20
237.235993
30
0.0
0
SEQEND
0
POLYLINE
8
P00332
66
1
70
0
0
VERTEX
8
P00332
10
51.477333
20
237.151325
30
0.0
0
VERTEX
8
P00332
10
51.985334
20
237.151325
30
0.0
0
SEQEND
0
POLYLINE
8
P00333
66
1
70
0
0
VERTEX
8
P00333
10
51.562001
20
237.066661
30
0.0
0
VERTEX
8
P00333
10
52.069997
20
237.066661
30
0.0
0
SEQEND
0
POLYLINE
8
P00334
66
1
70
0
0
VERTEX
8
P00334
10
51.646665
20
236.981993
30
0.0
0
VERTEX
8
P00334
10
52.154665
20
236.981993
30
0.0
0
SEQEND
0
POLYLINE
8
P00335
66
1
70
0
0
VERTEX
8
P00335
10
51.731333
20
236.897329
30
0.0
0
VERTEX
8
P00335
10
52.239334
20
236.897329
30
0.0
0
SEQEND
0
POLYLINE
8
P00336
66
1
70
0
0
VERTEX
8
P00336
10
51.815996
20
236.812661
30
0.0
0
VERTEX
8
P00336
10
52.323997
20
236.812661
30
0.0
0
SEQEND
0
POLYLINE
8
P00337
66
1
70
0
0
VERTEX
8
P00337
10
51.900665
20
236.727992
30
0.0
0
VERTEX
8
P00337
10
52.408666
20
236.727992
30
0.0
0
SEQEND
0
POLYLINE
8
P00338
66
1
70
0
0
VERTEX
8
P00338
10
51.985334
20
236.643329
30
0.0
0
VERTEX
8
P00338
10
52.493334
20
236.643329
30
0.0
0
SEQEND
0
POLYLINE
8
P00339
66
1
70
0
0
VERTEX
8
P00339
10
52.069997
20
236.558660
30
0.0
0
VERTEX
8
P00339
10
52.662666
20
236.558660
30
0.0
0
SEQEND
0
POLYLINE
8
P00340
66
1
70
0
0
VERTEX
8
P00340
10
52.154665
20
236.473992
30
0.0
0
VERTEX
8
P00340
10
52.747335
20
236.473992
30
0.0
0
SEQEND
0
POLYLINE
8
P00341
66
1
70
0
0
VERTEX
8
P00341
10
52.239334
20
236.389329
30
0.0
0
VERTEX
8
P00341
10
52.831998
20
236.389329
30
0.0
0
SEQEND
0
POLYLINE
8
P00342
66
1
70
0
0
VERTEX
8
P00342
10
52.323997
20
236.304660
30
0.0
0
VERTEX
8
P00342
10
52.916667
20
236.304660
30
0.0
0
SEQEND
0
POLYLINE
8
P00343
66
1
70
0
0
VERTEX
8
P00343
10
52.323997
20
236.219991
30
0.0
0
VERTEX
8
P00343
10
53.001330
20
236.219991
30
0.0
0
SEQEND
0
POLYLINE
8
P00344
66
1
70
0
0
VERTEX
8
P00344
10
52.408666
20
236.135328
30
0.0
0
VERTEX
8
P00344
10
53.085998
20
236.135328
30
0.0
0
SEQEND
0
POLYLINE
8
P00345
66
1
70
0
0
VERTEX
8
P00345
10
52.493334
20
236.050660
30
0.0
0
VERTEX
8
P00345
10
53.170667
20
236.050660
30
0.0
0
SEQEND
0
POLYLINE
8
P00346
66
1
70
0
0
VERTEX
8
P00346
10
52.577998
20
235.965991
30
0.0
0
VERTEX
8
P00346
10
53.170667
20
235.965991
30
0.0
0
SEQEND
0
POLYLINE
8
P00347
66
1
70
0
0
VERTEX
8
P00347
10
52.662666
20
235.881328
30
0.0
0
VERTEX
8
P00347
10
53.170667
20
235.881328
30
0.0
0
SEQEND
0
POLYLINE
8
P00348
66
1
70
0
0
VERTEX
8
P00348
10
52.747335
20
235.796659
30
0.0
0
VERTEX
8
P00348
10
53.170667
20
235.796659
30
0.0
0
SEQEND
0
POLYLINE
8
P00349
66
1
70
0
0
VERTEX
8
P00349
10
52.831998
20
235.711996
30
0.0
0
VERTEX
8
P00349
10
53.170667
20
235.711996
30
0.0
0
SEQEND
0
POLYLINE
8
P00350
66
1
70
0
0
VERTEX
8
P00350
10
52.916667
20
235.627327
30
0.0
0
VERTEX
8
P00350
10
53.170667
20
235.627327
30
0.0
0
SEQEND
0
POLYLINE
8
P00351
66
1
70
0
0
VERTEX
8
P00351
10
53.001330
20
235.542659
30
0.0
0
VERTEX
8
P00351
10
53.170667
20
235.542659
30
0.0
0
SEQEND
0
POLYLINE
8
P00352
66
1
70
0
0
VERTEX
8
P00352
10
53.085998
20
235.457995
30
0.0
0
VERTEX
8
P00352
10
53.170667
20
235.457995
30
0.0
0
VERTEX
8
P00352
10
53.085998
20
235.457995
30
0.0
0
SEQEND
0
POLYLINE
8
P00353
66
1
70
0
0
VERTEX
8
P00353
10
57.319332
20
232.494659
30
0.0
0
VERTEX
8
P00353
10
49.783998
20
239.013996
30
0.0
0
VERTEX
8
P00353
10
57.319332
20
232.494659
30
0.0
0
SEQEND
0
POLYLINE
8
P00354
66
1
70
0
0
VERTEX
8
P00354
10
120.650000
20
247.141994
30
0.0
0
VERTEX
8
P00354
10
120.819326
20
247.141994
30
0.0
0
SEQEND
0
POLYLINE
8
P00355
66
1
70
0
0
VERTEX
8
P00355
10
120.480663
20
247.057325
30
0.0
0
VERTEX
8
P00355
10
120.819326
20
247.057325
30
0.0
0
SEQEND
0
POLYLINE
8
P00356
66
1
70
0
0
VERTEX
8
P00356
10
120.311326
20
246.972662
30
0.0
0
VERTEX
8
P00356
10
120.734663
20
246.972662
30
0.0
0
SEQEND
0
POLYLINE
8
P00357
66
1
70
0
0
VERTEX
8
P00357
10
120.141999
20
246.887993
30
0.0
0
VERTEX
8
P00357
10
120.734663
20
246.887993
30
0.0
0
SEQEND
0
POLYLINE
8
P00358
66
1
70
0
0
VERTEX
8
P00358
10
119.972662
20
246.803325
30
0.0
0
VERTEX
8
P00358
10
120.734663
20
246.803325
30
0.0
0
SEQEND
0
POLYLINE
8
P00359
66
1
70
0
0
VERTEX
8
P00359
10
119.803335
20
246.718661
30
0.0
0
VERTEX
8
P00359
10
120.650000
20
246.718661
30
0.0
0
SEQEND
0
POLYLINE
8
P00360
66
1
70
0
0
VERTEX
8
P00360
10
119.633998
20
246.633993
30
0.0
0
VERTEX
8
P00360
10
120.650000
20
246.633993
30
0.0
0
SEQEND
0
POLYLINE
8
P00361
66
1
70
0
0
VERTEX
8
P00361
10
119.464661
20
246.549324
30
0.0
0
VERTEX
8
P00361
10
120.650000
20
246.549324
30
0.0
0
SEQEND
0
POLYLINE
8
P00362
66
1
70
0
0
VERTEX
8
P00362
10
119.295335
20
246.464661
30
0.0
0
VERTEX
8
P00362
10
120.565326
20
246.464661
30
0.0
0
SEQEND
0
POLYLINE
8
P00363
66
1
70
0
0
VERTEX
8
P00363
10
119.125997
20
246.379992
30
0.0
0
VERTEX
8
P00363
10
120.565326
20
246.379992
30
0.0
0
SEQEND
0
POLYLINE
8
P00364
66
1
70
0
0
VERTEX
8
P00364
10
119.041334
20
246.295329
30
0.0
0
VERTEX
8
P00364
10
120.565326
20
246.295329
30
0.0
0
SEQEND
0
POLYLINE
8
P00365
66
1
70
0
0
VERTEX
8
P00365
10
118.956660
20
246.210661
30
0.0
0
VERTEX
8
P00365
10
120.480663
20
246.210661
30
0.0
0
SEQEND
0
POLYLINE
8
P00366
66
1
70
0
0
VERTEX
8
P00366
10
118.871997
20
246.125992
30
0.0
0
VERTEX
8
P00366
10
120.480663
20
246.125992
30
0.0
0
SEQEND
0
POLYLINE
8
P00367
66
1
70
0
0
VERTEX
8
P00367
10
118.787334
20
246.041329
30
0.0
0
VERTEX
8
P00367
10
120.480663
20
246.041329
30
0.0
0
SEQEND
0
POLYLINE
8
P00368
66
1
70
0
0
VERTEX
8
P00368
10
118.617997
20
245.956660
30
0.0
0
VERTEX
8
P00368
10
120.396000
20
245.956660
30
0.0
0
SEQEND
0
POLYLINE
8
P00369
66
1
70
0
0
VERTEX
8
P00369
10
118.533333
20
245.871992
30
0.0
0
VERTEX
8
P00369
10
120.396000
20
245.871992
30
0.0
0
SEQEND
0
POLYLINE
8
P00370
66
1
70
0
0
VERTEX
8
P00370
10
118.448659
20
245.787328
30
0.0
0
VERTEX
8
P00370
10
120.396000
20
245.787328
30
0.0
0
SEQEND
0
POLYLINE
8
P00371
66
1
70
0
0
VERTEX
8
P00371
10
118.363996
20
245.702660
30
0.0
0
VERTEX
8
P00371
10
120.311326
20
245.702660
30
0.0
0
SEQEND
0
POLYLINE
8
P00372
66
1
70
0
0
VERTEX
8
P00372
10
118.279333
20
245.617991
30
0.0
0
VERTEX
8
P00372
10
120.311326
20
245.617991
30
0.0
0
SEQEND
0
POLYLINE
8
P00373
66
1
70
0
0
VERTEX
8
P00373
10
118.109996
20
245.533328
30
0.0
0
VERTEX
8
P00373
10
120.311326
20
245.533328
30
0.0
0
SEQEND
0
POLYLINE
8
P00374
66
1
70
0
0
VERTEX
8
P00374
10
118.025332
20
245.448659
30
0.0
0
VERTEX
8
P00374
10
120.226662
20
245.448659
30
0.0
0
SEQEND
0
POLYLINE
8
P00375
66
1
70
0
0
VERTEX
8
P00375
10
117.940669
20
245.363991
30
0.0
0
VERTEX
8
P00375
10
120.226662
20
245.363991
30
0.0
0
SEQEND
0
POLYLINE
8
P00376
66
1
70
0
0
VERTEX
8
P00376
10
117.855995
20
245.279328
30
0.0
0
VERTEX
8
P00376
10
120.141999
20
245.279328
30
0.0
0
SEQEND
0
POLYLINE
8
P00377
66
1
70
0
0
VERTEX
8
P00377
10
117.686669
20
245.194659
30
0.0
0
VERTEX
8
P00377
10
120.057336
20
245.194659
30
0.0
0
SEQEND
0
POLYLINE
8
P00378
66
1
70
0
0
VERTEX
8
P00378
10
117.601995
20
245.109996
30
0.0
0
VERTEX
8
P00378
10
120.057336
20
245.109996
30
0.0
0
SEQEND
0
POLYLINE
8
P00379
66
1
70
0
0
VERTEX
8
P00379
10
117.517332
20
245.025327
30
0.0
0
VERTEX
8
P00379
10
119.972662
20
245.025327
30
0.0
0
SEQEND
0
POLYLINE
8
P00380
66
1
70
0
0
VERTEX
8
P00380
10
117.432668
20
244.940658
30
0.0
0
VERTEX
8
P00380
10
119.887999
20
244.940658
30
0.0
0
SEQEND
0
POLYLINE
8
P00381
66
1
70
0
0
VERTEX
8
P00381
10
117.347994
20
244.855995
30
0.0
0
VERTEX
8
P00381
10
119.887999
20
244.855995
30
0.0
0
SEQEND
0
POLYLINE
8
P00382
66
1
70
0
0
VERTEX
8
P00382
10
117.178668
20
244.771327
30
0.0
0
VERTEX
8
P00382
10
119.803335
20
244.771327
30
0.0
0
SEQEND
0
POLYLINE
8
P00383
66
1
70
0
0
VERTEX
8
P00383
10
117.093994
20
244.686658
30
0.0
0
VERTEX
8
P00383
10
119.718661
20
244.686658
30
0.0
0
SEQEND
0
POLYLINE
8
P00384
66
1
70
0
0
VERTEX
8
P00384
10
117.009331
20
244.601995
30
0.0
0
VERTEX
8
P00384
10
119.633998
20
244.601995
30
0.0
0
SEQEND
0
POLYLINE
8
P00385
66
1
70
0
0
VERTEX
8
P00385
10
116.924668
20
244.517326
30
0.0
0
VERTEX
8
P00385
10
119.633998
20
244.517326
30
0.0
0
SEQEND
0
POLYLINE
8
P00386
66
1
70
0
0
VERTEX
8
P00386
10
116.839994
20
244.432658
30
0.0
0
VERTEX
8
P00386
10
119.549335
20
244.432658
30
0.0
0
SEQEND
0
POLYLINE
8
P00387
66
1
70
0
0
VERTEX
8
P00387
10
116.670667
20
244.347994
30
0.0
0
VERTEX
8
P00387
10
119.464661
20
244.347994
30
0.0
0
SEQEND
0
POLYLINE
8
P00388
66
1
70
0
0
VERTEX
8
P00388
10
116.585993
20
244.263326
30
0.0
0
VERTEX
8
P00388
10
119.464661
20
244.263326
30
0.0
0
SEQEND
0
POLYLINE
8
P00389
66
1
70
0
0
VERTEX
8
P00389
10
116.501330
20
244.178663
30
0.0
0
VERTEX
8
P00389
10
119.379998
20
244.178663
30
0.0
0
SEQEND
0
POLYLINE
8
P00390
66
1
70
0
0
VERTEX
8
P00390
10
116.416667
20
244.093994
30
0.0
0
VERTEX
8
P00390
10
119.295335
20
244.093994
30
0.0
0
SEQEND
0
POLYLINE
8
P00391
66
1
70
0
0
VERTEX
8
P00391
10
116.247329
20
244.009325
30
0.0
0
VERTEX
8
P00391
10
119.295335
20
244.009325
30
0.0
0
SEQEND
0
POLYLINE
8
P00392
66
1
70
0
0
VERTEX
8
P00392
10
116.416667
20
243.924662
30
0.0
0
VERTEX
8
P00392
10
119.210661
20
243.924662
30
0.0
0
SEQEND
0
POLYLINE
8
P00393
66
1
70
0
0
VERTEX
8
P00393
10
116.501330
20
243.839994
30
0.0
0
VERTEX
8
P00393
10
119.125997
20
243.839994
30
0.0
0
SEQEND
0
POLYLINE
8
P00394
66
1
70
0
0
VERTEX
8
P00394
10
116.585993
20
243.755325
30
0.0
0
VERTEX
8
P00394
10
119.041334
20
243.755325
30
0.0
0
SEQEND
0
POLYLINE
8
P00395
66
1
70
0
0
VERTEX
8
P00395
10
116.670667
20
243.670662
30
0.0
0
VERTEX
8
P00395
10
119.041334
20
243.670662
30
0.0
0
SEQEND
0
POLYLINE
8
P00396
66
1
70
0
0
VERTEX
8
P00396
10
116.755330
20
243.585993
30
0.0
0
VERTEX
8
P00396
10
118.956660
20
243.585993
30
0.0
0
SEQEND
0
POLYLINE
8
P00397
66
1
70
0
0
VERTEX
8
P00397
10
116.839994
20
243.501325
30
0.0
0
VERTEX
8
P00397
10
118.871997
20
243.501325
30
0.0
0
SEQEND
0
POLYLINE
8
P00398
66
1
70
0
0
VERTEX
8
P00398
10
116.924668
20
243.416661
30
0.0
0
VERTEX
8
P00398
10
118.871997
20
243.416661
30
0.0
0
SEQEND
0
POLYLINE
8
P00399
66
1
70
0
0
VERTEX
8
P00399
10
117.009331
20
243.331993
30
0.0
0
VERTEX
8
P00399
10
118.787334
20
243.331993
30
0.0
0
SEQEND
0
POLYLINE
8
P00400
66
1
70
0
0
VERTEX
8
P00400
10
117.093994
20
243.247329
30
0.0
0
VERTEX
8
P00400
10
118.702660
20
243.247329
30
0.0
0
SEQEND
0
POLYLINE
8
P00401
66
1
70
0
0
VERTEX
8
P00401
10
117.178668
20
243.162661
30
0.0
0
VERTEX
8
P00401
10
118.702660
20
243.162661
30
0.0
0
SEQEND
0
POLYLINE
8
P00402
66
1
70
0
0
VERTEX
8
P00402
10
117.263331
20
243.077992
30
0.0
0
VERTEX
8
P00402
10
118.617997
20
243.077992
30
0.0
0
SEQEND
0
POLYLINE
8
P00403
66
1
70
0
0
VERTEX
8
P00403
10
117.347994
20
242.993329
30
0.0
0
VERTEX
8
P00403
10
118.533333
20
242.993329
30
0.0
0
SEQEND
0
POLYLINE
8
P00404
66
1
70
0
0
VERTEX
8
P00404
10
117.432668
20
242.908660
30
0.0
0
VERTEX
8
P00404
10
118.448659
20
242.908660
30
0.0
0
SEQEND
0
POLYLINE
8
P00405
66
1
70
0
0
VERTEX
8
P00405
10
117.517332
20
242.823992
30
0.0
0
VERTEX
8
P00405
10
118.448659
20
242.823992
30
0.0
0
SEQEND
0
POLYLINE
8
P00406
66
1
70
0
0
VERTEX
8
P00406
10
117.601995
20
242.739329
30
0.0
0
VERTEX
8
P00406
10
118.363996
20
242.739329
30
0.0
0
SEQEND
0
POLYLINE
8
P00407
66
1
70
0
0
VERTEX
8
P00407
10
117.686669
20
242.654660
30
0.0
0
VERTEX
8
P00407
10
118.279333
20
242.654660
30
0.0
0
SEQEND
0
POLYLINE
8
P00408
66
1
70
0
0
VERTEX
8
P00408
10
117.771332
20
242.569991
30
0.0
0
VERTEX
8
P00408
10
118.279333
20
242.569991
30
0.0
0
SEQEND
0
POLYLINE
8
P00409
66
1
70
0
0
VERTEX
8
P00409
10
117.855995
20
242.485328
30
0.0
0
VERTEX
8
P00409
10
118.194659
20
242.485328
30
0.0
0
SEQEND
0
POLYLINE
8
P00410
66
1
70
0
0
VERTEX
8
P00410
10
117.940669
20
242.400660
30
0.0
0
VERTEX
8
P00410
10
118.109996
20
242.400660
30
0.0
0
VERTEX
8
P00410
10
117.940669
20
242.400660
30
0.0
0
SEQEND
0
POLYLINE
8
P00411
66
1
70
0
0
VERTEX
8
P00411
10
120.819326
20
247.226662
30
0.0
0
VERTEX
8
P00411
10
117.940669
20
243.077992
30
0.0
0
VERTEX
8
P00411
10
120.819326
20
247.226662
30
0.0
0
SEQEND
0
POLYLINE
8
P00412
66
1
70
0
0
VERTEX
8
P00412
10
117.940669
20
243.077992
30
0.0
0
VERTEX
8
P00412
10
117.855995
20
243.924662
30
0.0
0
VERTEX
8
P00412
10
117.940669
20
243.077992
30
0.0
0
SEQEND
0
POLYLINE
8
P00413
66
1
70
0
0
VERTEX
8
P00413
10
117.855995
20
243.924662
30
0.0
0
VERTEX
8
P00413
10
117.009331
20
244.009325
30
0.0
0
VERTEX
8
P00413
10
117.855995
20
243.924662
30
0.0
0
SEQEND
0
POLYLINE
8
P00414
66
1
70
0
0
VERTEX
8
P00414
10
117.009331
20
244.009325
30
0.0
0
VERTEX
8
P00414
10
120.819326
20
247.226662
30
0.0
0
VERTEX
8
P00414
10
117.009331
20
244.009325
30
0.0
0
SEQEND
0
POLYLINE
8
P00415
66
1
70
0
0
VERTEX
8
P00415
10
120.565326
20
246.887993
30
0.0
0
VERTEX
8
P00415
10
120.650000
20
246.887993
30
0.0
0
SEQEND
0
POLYLINE
8
P00416
66
1
70
0
0
VERTEX
8
P00416
10
120.480663
20
246.803325
30
0.0
0
VERTEX
8
P00416
10
120.565326
20
246.803325
30
0.0
0
SEQEND
0
POLYLINE
8
P00417
66
1
70
0
0
VERTEX
8
P00417
10
120.396000
20
246.718661
30
0.0
0
VERTEX
8
P00417
10
120.480663
20
246.718661
30
0.0
0
SEQEND
0
POLYLINE
8
P00418
66
1
70
0
0
VERTEX
8
P00418
10
120.311326
20
246.633993
30
0.0
0
VERTEX
8
P00418
10
120.480663
20
246.633993
30
0.0
0
SEQEND
0
POLYLINE
8
P00419
66
1
70
0
0
VERTEX
8
P00419
10
120.226662
20
246.549324
30
0.0
0
VERTEX
8
P00419
10
120.396000
20
246.549324
30
0.0
0
SEQEND
0
POLYLINE
8
P00420
66
1
70
0
0
VERTEX
8
P00420
10
120.141999
20
246.464661
30
0.0
0
VERTEX
8
P00420
10
120.311326
20
246.464661
30
0.0
0
SEQEND
0
POLYLINE
8
P00421
66
1
70
0
0
VERTEX
8
P00421
10
120.141999
20
246.379992
30
0.0
0
VERTEX
8
P00421
10
120.311326
20
246.379992
30
0.0
0
SEQEND
0
POLYLINE
8
P00422
66
1
70
0
0
VERTEX
8
P00422
10
120.057336
20
246.295329
30
0.0
0
VERTEX
8
P00422
10
120.226662
20
246.295329
30
0.0
0
SEQEND
0
POLYLINE
8
P00423
66
1
70
0
0
VERTEX
8
P00423
10
119.972662
20
246.210661
30
0.0
0
VERTEX
8
P00423
10
120.141999
20
246.210661
30
0.0
0
SEQEND
0
POLYLINE
8
P00424
66
1
70
0
0
VERTEX
8
P00424
10
119.887999
20
246.125992
30
0.0
0
VERTEX
8
P00424
10
120.057336
20
246.125992
30
0.0
0
SEQEND
0
POLYLINE
8
P00425
66
1
70
0
0
VERTEX
8
P00425
10
119.803335
20
246.041329
30
0.0
0
VERTEX
8
P00425
10
120.057336
20
246.041329
30
0.0
0
SEQEND
0
POLYLINE
8
P00426
66
1
70
0
0
VERTEX
8
P00426
10
119.718661
20
245.956660
30
0.0
0
VERTEX
8
P00426
10
119.972662
20
245.956660
30
0.0
0
SEQEND
0
POLYLINE
8
P00427
66
1
70
0
0
VERTEX
8
P00427
10
119.633998
20
245.871992
30
0.0
0
VERTEX
8
P00427
10
119.887999
20
245.871992
30
0.0
0
SEQEND
0
POLYLINE
8
P00428
66
1
70
0
0
VERTEX
8
P00428
10
119.549335
20
245.787328
30
0.0
0
VERTEX
8
P00428
10
119.887999
20
245.787328
30
0.0
0
SEQEND
0
POLYLINE
8
P00429
66
1
70
0
0
VERTEX
8
P00429
10
119.464661
20
245.702660
30
0.0
0
VERTEX
8
P00429
10
119.803335
20
245.702660
30
0.0
0
SEQEND
0
POLYLINE
8
P00430
66
1
70
0
0
VERTEX
8
P00430
10
119.379998
20
245.617991
30
0.0
0
VERTEX
8
P00430
10
119.718661
20
245.617991
30
0.0
0
SEQEND
0
POLYLINE
8
P00431
66
1
70
0
0
VERTEX
8
P00431
10
119.379998
20
245.533328
30
0.0
0
VERTEX
8
P00431
10
119.718661
20
245.533328
30
0.0
0
SEQEND
0
POLYLINE
8
P00432
66
1
70
0
0
VERTEX
8
P00432
10
119.295335
20
245.448659
30
0.0
0
VERTEX
8
P00432
10
119.633998
20
245.448659
30
0.0
0
SEQEND
0
POLYLINE
8
P00433
66
1
70
0
0
VERTEX
8
P00433
10
119.210661
20
245.363991
30
0.0
0
VERTEX
8
P00433
10
119.549335
20
245.363991
30
0.0
0
SEQEND
0
POLYLINE
8
P00434
66
1
70
0
0
VERTEX
8
P00434
10
119.125997
20
245.279328
30
0.0
0
VERTEX
8
P00434
10
119.549335
20
245.279328
30
0.0
0
SEQEND
0
POLYLINE
8
P00435
66
1
70
0
0
VERTEX
8
P00435
10
119.041334
20
245.194659
30
0.0
0
VERTEX
8
P00435
10
119.464661
20
245.194659
30
0.0
0
SEQEND
0
POLYLINE
8
P00436
66
1
70
0
0
VERTEX
8
P00436
10
118.956660
20
245.109996
30
0.0
0
VERTEX
8
P00436
10
119.379998
20
245.109996
30
0.0
0
SEQEND
0
POLYLINE
8
P00437
66
1
70
0
0
VERTEX
8
P00437
10
118.871997
20
245.025327
30
0.0
0
VERTEX
8
P00437
10
119.295335
20
245.025327
30
0.0
0
SEQEND
0
POLYLINE
8
P00438
66
1
70
0
0
VERTEX
8
P00438
10
118.787334
20
244.940658
30
0.0
0
VERTEX
8
P00438
10
119.295335
20
244.940658
30
0.0
0
SEQEND
0
POLYLINE
8
P00439
66
1
70
0
0
VERTEX
8
P00439
10
118.702660
20
244.855995
30
0.0
0
VERTEX
8
P00439
10
119.210661
20
244.855995
30
0.0
0
SEQEND
0
POLYLINE
8
P00440
66
1
70
0
0
VERTEX
8
P00440
10
118.617997
20
244.771327
30
0.0
0
VERTEX
8
P00440
10
119.125997
20
244.771327
30
0.0
0
SEQEND
0
POLYLINE
8
P00441
66
1
70
0
0
VERTEX
8
P00441
10
118.617997
20
244.686658
30
0.0
0
VERTEX
8
P00441
10
119.125997
20
244.686658
30
0.0
0
SEQEND
0
POLYLINE
8
P00442
66
1
70
0
0
VERTEX
8
P00442
10
118.533333
20
244.601995
30
0.0
0
VERTEX
8
P00442
10
119.041334
20
244.601995
30
0.0
0
SEQEND
0
POLYLINE
8
P00443
66
1
70
0
0
VERTEX
8
P00443
10
118.448659
20
244.517326
30
0.0
0
VERTEX
8
P00443
10
118.956660
20
244.517326
30
0.0
0
SEQEND
0
POLYLINE
8
P00444
66
1
70
0
0
VERTEX
8
P00444
10
118.363996
20
244.432658
30
0.0
0
VERTEX
8
P00444
10
118.956660
20
244.432658
30
0.0
0
SEQEND
0
POLYLINE
8
P00445
66
1
70
0
0
VERTEX
8
P00445
10
118.279333
20
244.347994
30
0.0
0
VERTEX
8
P00445
10
118.871997
20
244.347994
30
0.0
0
SEQEND
0
POLYLINE
8
P00446
66
1
70
0
0
VERTEX
8
P00446
10
118.194659
20
244.263326
30
0.0
0
VERTEX
8
P00446
10
118.787334
20
244.263326
30
0.0
0
SEQEND
0
POLYLINE
8
P00447
66
1
70
0
0
VERTEX
8
P00447
10
118.109996
20
244.178663
30
0.0
0
VERTEX
8
P00447
10
118.787334
20
244.178663
30
0.0
0
SEQEND
0
POLYLINE
8
P00448
66
1
70
0
0
VERTEX
8
P00448
10
118.025332
20
244.093994
30
0.0
0
VERTEX
8
P00448
10
118.702660
20
244.093994
30
0.0
0
SEQEND
0
POLYLINE
8
P00449
66
1
70
0
0
VERTEX
8
P00449
10
117.940669
20
244.009325
30
0.0
0
VERTEX
8
P00449
10
118.617997
20
244.009325
30
0.0
0
SEQEND
0
POLYLINE
8
P00450
66
1
70
0
0
VERTEX
8
P00450
10
117.855995
20
243.924662
30
0.0
0
VERTEX
8
P00450
10
118.533333
20
243.924662
30
0.0
0
SEQEND
0
POLYLINE
8
P00451
66
1
70
0
0
VERTEX
8
P00451
10
117.940669
20
243.839994
30
0.0
0
VERTEX
8
P00451
10
118.533333
20
243.839994
30
0.0
0
SEQEND
0
POLYLINE
8
P00452
66
1
70
0
0
VERTEX
8
P00452
10
117.940669
20
243.755325
30
0.0
0
VERTEX
8
P00452
10
118.448659
20
243.755325
30
0.0
0
SEQEND
0
POLYLINE
8
P00453
66
1
70
0
0
VERTEX
8
P00453
10
117.940669
20
243.670662
30
0.0
0
VERTEX
8
P00453
10
118.363996
20
243.670662
30
0.0
0
SEQEND
0
POLYLINE
8
P00454
66
1
70
0
0
VERTEX
8
P00454
10
117.940669
20
243.585993
30
0.0
0
VERTEX
8
P00454
10
118.363996
20
243.585993
30
0.0
0
SEQEND
0
POLYLINE
8
P00455
66
1
70
0
0
VERTEX
8
P00455
10
117.940669
20
243.501325
30
0.0
0
VERTEX
8
P00455
10
118.279333
20
243.501325
30
0.0
0
SEQEND
0
POLYLINE
8
P00456
66
1
70
0
0
VERTEX
8
P00456
10
117.940669
20
243.416661
30
0.0
0
VERTEX
8
P00456
10
118.194659
20
243.416661
30
0.0
0
SEQEND
0
POLYLINE
8
P00457
66
1
70
0
0
VERTEX
8
P00457
10
117.940669
20
243.331993
30
0.0
0
VERTEX
8
P00457
10
118.194659
20
243.331993
30
0.0
0
SEQEND
0
POLYLINE
8
P00458
66
1
70
0
0
VERTEX
8
P00458
10
117.940669
20
243.247329
30
0.0
0
VERTEX
8
P00458
10
118.109996
20
243.247329
30
0.0
0
SEQEND
0
POLYLINE
8
P00459
66
1
70
0
0
VERTEX
8
P00459
10
117.940669
20
243.162661
30
0.0
0
VERTEX
8
P00459
10
118.025332
20
243.162661
30
0.0
0
VERTEX
8
P00459
10
117.940669
20
243.162661
30
0.0
0
SEQEND
0
POLYLINE
8
P00460
66
1
70
0
0
VERTEX
8
P00460
10
120.734663
20
247.141994
30
0.0
0
VERTEX
8
P00460
10
120.819326
20
247.141994
30
0.0
0
SEQEND
0
POLYLINE
8
P00461
66
1
70
0
0
VERTEX
8
P00461
10
120.650000
20
247.057325
30
0.0
0
VERTEX
8
P00461
10
120.734663
20
247.057325
30
0.0
0
SEQEND
0
POLYLINE
8
P00462
66
1
70
0
0
VERTEX
8
P00462
10
120.565326
20
246.972662
30
0.0
0
VERTEX
8
P00462
10
120.650000
20
246.972662
30
0.0
0
SEQEND
0
POLYLINE
8
P00463
66
1
70
0
0
VERTEX
8
P00463
10
120.480663
20
246.887993
30
0.0
0
VERTEX
8
P00463
10
120.565326
20
246.887993
30
0.0
0
SEQEND
0
POLYLINE
8
P00464
66
1
70
0
0
VERTEX
8
P00464
10
120.396000
20
246.803325
30
0.0
0
VERTEX
8
P00464
10
120.480663
20
246.803325
30
0.0
0
SEQEND
0
POLYLINE
8
P00465
66
1
70
0
0
VERTEX
8
P00465
10
120.226662
20
246.718661
30
0.0
0
VERTEX
8
P00465
10
120.396000
20
246.718661
30
0.0
0
SEQEND
0
POLYLINE
8
P00466
66
1
70
0
0
VERTEX
8
P00466
10
120.141999
20
246.633993
30
0.0
0
VERTEX
8
P00466
10
120.311326
20
246.633993
30
0.0
0
SEQEND
0
POLYLINE
8
P00467
66
1
70
0
0
VERTEX
8
P00467
10
120.057336
20
246.549324
30
0.0
0
VERTEX
8
P00467
10
120.226662
20
246.549324
30
0.0
0
SEQEND
0
POLYLINE
8
P00468
66
1
70
0
0
VERTEX
8
P00468
10
119.972662
20
246.464661
30
0.0
0
VERTEX
8
P00468
10
120.141999
20
246.464661
30
0.0
0
SEQEND
0
POLYLINE
8
P00469
66
1
70
0
0
VERTEX
8
P00469
10
119.887999
20
246.379992
30
0.0
0
VERTEX
8
P00469
10
120.141999
20
246.379992
30
0.0
0
SEQEND
0
POLYLINE
8
P00470
66
1
70
0
0
VERTEX
8
P00470
10
119.718661
20
246.295329
30
0.0
0
VERTEX
8
P00470
10
120.057336
20
246.295329
30
0.0
0
SEQEND
0
POLYLINE
8
P00471
66
1
70
0
0
VERTEX
8
P00471
10
119.633998
20
246.210661
30
0.0
0
VERTEX
8
P00471
10
119.972662
20
246.210661
30
0.0
0
SEQEND
0
POLYLINE
8
P00472
66
1
70
0
0
VERTEX
8
P00472
10
119.549335
20
246.125992
30
0.0
0
VERTEX
8
P00472
10
119.887999
20
246.125992
30
0.0
0
SEQEND
0
POLYLINE
8
P00473
66
1
70
0
0
VERTEX
8
P00473
10
119.464661
20
246.041329
30
0.0
0
VERTEX
8
P00473
10
119.803335
20
246.041329
30
0.0
0
SEQEND
0
POLYLINE
8
P00474
66
1
70
0
0
VERTEX
8
P00474
10
119.379998
20
245.956660
30
0.0
0
VERTEX
8
P00474
10
119.718661
20
245.956660
30
0.0
0
SEQEND
0
POLYLINE
8
P00475
66
1
70
0
0
VERTEX
8
P00475
10
119.295335
20
245.871992
30
0.0
0
VERTEX
8
P00475
10
119.633998
20
245.871992
30
0.0
0
SEQEND
0
POLYLINE
8
P00476
66
1
70
0
0
VERTEX
8
P00476
10
119.125997
20
245.787328
30
0.0
0
VERTEX
8
P00476
10
119.549335
20
245.787328
30
0.0
0
SEQEND
0
POLYLINE
8
P00477
66
1
70
0
0
VERTEX
8
P00477
10
119.041334
20
245.702660
30
0.0
0
VERTEX
8
P00477
10
119.464661
20
245.702660
30
0.0
0
SEQEND
0
POLYLINE
8
P00478
66
1
70
0
0
VERTEX
8
P00478
10
118.956660
20
245.617991
30
0.0
0
VERTEX
8
P00478
10
119.379998
20
245.617991
30
0.0
0
SEQEND
0
POLYLINE
8
P00479
66
1
70
0
0
VERTEX
8
P00479
10
118.871997
20
245.533328
30
0.0
0
VERTEX
8
P00479
10
119.379998
20
245.533328
30
0.0
0
SEQEND
0
POLYLINE
8
P00480
66
1
70
0
0
VERTEX
8
P00480
10
118.787334
20
245.448659
30
0.0
0
VERTEX
8
P00480
10
119.295335
20
245.448659
30
0.0
0
SEQEND
0
POLYLINE
8
P00481
66
1
70
0
0
VERTEX
8
P00481
10
118.617997
20
245.363991
30
0.0
0
VERTEX
8
P00481
10
119.210661
20
245.363991
30
0.0
0
SEQEND
0
POLYLINE
8
P00482
66
1
70
0
0
VERTEX
8
P00482
10
118.533333
20
245.279328
30
0.0
0
VERTEX
8
P00482
10
119.125997
20
245.279328
30
0.0
0
SEQEND
0
POLYLINE
8
P00483
66
1
70
0
0
VERTEX
8
P00483
10
118.448659
20
245.194659
30
0.0
0
VERTEX
8
P00483
10
119.041334
20
245.194659
30
0.0
0
SEQEND
0
POLYLINE
8
P00484
66
1
70
0
0
VERTEX
8
P00484
10
118.363996
20
245.109996
30
0.0
0
VERTEX
8
P00484
10
118.956660
20
245.109996
30
0.0
0
SEQEND
0
POLYLINE
8
P00485
66
1
70
0
0
VERTEX
8
P00485
10
118.279333
20
245.025327
30
0.0
0
VERTEX
8
P00485
10
118.871997
20
245.025327
30
0.0
0
SEQEND
0
POLYLINE
8
P00486
66
1
70
0
0
VERTEX
8
P00486
10
118.194659
20
244.940658
30
0.0
0
VERTEX
8
P00486
10
118.787334
20
244.940658
30
0.0
0
SEQEND
0
POLYLINE
8
P00487
66
1
70
0
0
VERTEX
8
P00487
10
118.025332
20
244.855995
30
0.0
0
VERTEX
8
P00487
10
118.702660
20
244.855995
30
0.0
0
SEQEND
0
POLYLINE
8
P00488
66
1
70
0
0
VERTEX
8
P00488
10
117.940669
20
244.771327
30
0.0
0
VERTEX
8
P00488
10
118.617997
20
244.771327
30
0.0
0
SEQEND
0
POLYLINE
8
P00489
66
1
70
0
0
VERTEX
8
P00489
10
117.855995
20
244.686658
30
0.0
0
VERTEX
8
P00489
10
118.617997
20
244.686658
30
0.0
0
SEQEND
0
POLYLINE
8
P00490
66
1
70
0
0
VERTEX
8
P00490
10
117.771332
20
244.601995
30
0.0
0
VERTEX
8
P00490
10
118.533333
20
244.601995
30
0.0
0
SEQEND
0
POLYLINE
8
P00491
66
1
70
0
0
VERTEX
8
P00491
10
117.686669
20
244.517326
30
0.0
0
VERTEX
8
P00491
10
118.448659
20
244.517326
30
0.0
0
SEQEND
0
POLYLINE
8
P00492
66
1
70
0
0
VERTEX
8
P00492
10
117.517332
20
244.432658
30
0.0
0
VERTEX
8
P00492
10
118.363996
20
244.432658
30
0.0
0
SEQEND
0
POLYLINE
8
P00493
66
1
70
0
0
VERTEX
8
P00493
10
117.432668
20
244.347994
30
0.0
0
VERTEX
8
P00493
10
118.279333
20
244.347994
30
0.0
0
SEQEND
0
POLYLINE
8
P00494
66
1
70
0
0
VERTEX
8
P00494
10
117.347994
20
244.263326
30
0.0
0
VERTEX
8
P00494
10
118.194659
20
244.263326
30
0.0
0
SEQEND
0
POLYLINE
8
P00495
66
1
70
0
0
VERTEX
8
P00495
10
117.263331
20
244.178663
30
0.0
0
VERTEX
8
P00495
10
118.109996
20
244.178663
30
0.0
0
SEQEND
0
POLYLINE
8
P00496
66
1
70
0
0
VERTEX
8
P00496
10
117.178668
20
244.093994
30
0.0
0
VERTEX
8
P00496
10
118.025332
20
244.093994
30
0.0
0
SEQEND
0
POLYLINE
8
P00497
66
1
70
0
0
VERTEX
8
P00497
10
117.009331
20
244.009325
30
0.0
0
VERTEX
8
P00497
10
117.940669
20
244.009325
30
0.0
0
VERTEX
8
P00497
10
117.009331
20
244.009325
30
0.0
0
SEQEND
0
POLYLINE
8
P00498
66
1
70
0
0
VERTEX
8
P00498
10
107.357336
20
232.494659
30
0.0
0
VERTEX
8
P00498
10
120.819326
20
247.226662
30
0.0
0
VERTEX
8
P00498
10
107.357336
20
232.494659
30
0.0
0
SEQEND
0
POLYLINE
8
P00499
66
1
70
0
0
VERTEX
8
P00499
10
111.336669
20
212.851995
30
0.0
0
VERTEX
8
P00499
10
113.876662
20
213.613996
30
0.0
0
VERTEX
8
P00499
10
111.336669
20
212.851995
30
0.0
0
SEQEND
0
POLYLINE
8
P00500
66
1
70
0
0
VERTEX
8
P00500
10
113.876662
20
213.613996
30
0.0
0
VERTEX
8
P00500
10
116.247329
20
214.545329
30
0.0
0
VERTEX
8
P00500
10
113.876662
20
213.613996
30
0.0
0
SEQEND
0
POLYLINE
8
P00501
66
1
70
0
0
VERTEX
8
P00501
10
116.247329
20
214.545329
30
0.0
0
VERTEX
8
P00501
10
118.533333
20
215.899995
30
0.0
0
VERTEX
8
P00501
10
116.247329
20
214.545329
30
0.0
0
SEQEND
0
POLYLINE
8
P00502
66
1
70
0
0
VERTEX
8
P00502
10
118.533333
20
215.899995
30
0.0
0
VERTEX
8
P00502
10
120.565326
20
217.508660
30
0.0
0
VERTEX
8
P00502
10
118.533333
20
215.899995
30
0.0
0
SEQEND
0
POLYLINE
8
P00503
66
1
70
0
0
VERTEX
8
P00503
10
120.565326
20
217.508660
30
0.0
0
VERTEX
8
P00503
10
122.427992
20
219.286658
30
0.0
0
VERTEX
8
P00503
10
120.565326
20
217.508660
30
0.0
0
SEQEND
0
POLYLINE
8
P00504
66
1
70
0
0
VERTEX
8
P00504
10
122.427992
20
219.286658
30
0.0
0
VERTEX
8
P00504
10
123.951995
20
221.403325
30
0.0
0
VERTEX
8
P00504
10
122.427992
20
219.286658
30
0.0
0
SEQEND
0
POLYLINE
8
P00505
66
1
70
0
0
VERTEX
8
P00505
10
123.951995
20
221.403325
30
0.0
0
VERTEX
8
P00505
10
125.306660
20
223.604660
30
0.0
0
VERTEX
8
P00505
10
123.951995
20
221.403325
30
0.0
0
SEQEND
0
POLYLINE
8
P00506
66
1
70
0
0
VERTEX
8
P00506
10
125.306660
20
223.604660
30
0.0
0
VERTEX
8
P00506
10
126.237999
20
226.059996
30
0.0
0
VERTEX
8
P00506
10
125.306660
20
223.604660
30
0.0
0
SEQEND
0
POLYLINE
8
P00507
66
1
70
0
0
VERTEX
8
P00507
10
126.237999
20
226.059996
30
0.0
0
VERTEX
8
P00507
10
126.915326
20
228.515326
30
0.0
0
VERTEX
8
P00507
10
126.237999
20
226.059996
30
0.0
0
SEQEND
0
POLYLINE
8
P00508
66
1
70
0
0
VERTEX
8
P00508
10
126.915326
20
228.515326
30
0.0
0
VERTEX
8
P00508
10
127.254000
20
231.139994
30
0.0
0
VERTEX
8
P00508
10
126.915326
20
228.515326
30
0.0
0
SEQEND
0
POLYLINE
8
P00509
66
1
70
0
0
VERTEX
8
P00509
10
127.254000
20
231.139994
30
0.0
0
VERTEX
8
P00509
10
127.338664
20
233.764661
30
0.0
0
VERTEX
8
P00509
10
127.254000
20
231.139994
30
0.0
0
SEQEND
0
POLYLINE
8
P00510
66
1
70
0
0
VERTEX
8
P00510
10
127.338664
20
233.764661
30
0.0
0
VERTEX
8
P00510
10
127.000000
20
236.304660
30
0.0
0
VERTEX
8
P00510
10
127.338664
20
233.764661
30
0.0
0
SEQEND
0
POLYLINE
8
P00511
66
1
70
0
0
VERTEX
8
P00511
10
127.000000
20
236.304660
30
0.0
0
VERTEX
8
P00511
10
126.322662
20
238.844659
30
0.0
0
VERTEX
8
P00511
10
127.000000
20
236.304660
30
0.0
0
SEQEND
0
POLYLINE
8
P00512
66
1
70
0
0
VERTEX
8
P00512
10
126.322662
20
238.844659
30
0.0
0
VERTEX
8
P00512
10
125.306660
20
241.215326
30
0.0
0
VERTEX
8
P00512
10
126.322662
20
238.844659
30
0.0
0
SEQEND
0
POLYLINE
8
P00513
66
1
70
0
0
VERTEX
8
P00513
10
125.306660
20
241.215326
30
0.0
0
VERTEX
8
P00513
10
124.036669
20
243.501325
30
0.0
0
VERTEX
8
P00513
10
125.306660
20
241.215326
30
0.0
0
SEQEND
0
POLYLINE
8
P00514
66
1
70
0
0
VERTEX
8
P00514
10
124.036669
20
243.501325
30
0.0
0
VERTEX
8
P00514
10
122.427992
20
245.533328
30
0.0
0
VERTEX
8
P00514
10
124.036669
20
243.501325
30
0.0
0
SEQEND
0
POLYLINE
8
P00515
66
1
70
0
0
VERTEX
8
P00515
10
122.427992
20
245.533328
30
0.0
0
VERTEX
8
P00515
10
120.650000
20
247.395994
30
0.0
0
VERTEX
8
P00515
10
122.427992
20
245.533328
30
0.0
0
SEQEND
0
POLYLINE
8
P00516
66
1
70
0
0
VERTEX
8
P00516
10
120.650000
20
247.395994
30
0.0
0
VERTEX
8
P00516
10
119.295335
20
248.496659
30
0.0
0
VERTEX
8
P00516
10
120.650000
20
247.395994
30
0.0
0
SEQEND
0
POLYLINE
8
P00517
66
1
70
0
0
VERTEX
8
P00517
10
155.955995
20
230.885993
30
0.0
0
VERTEX
8
P00517
10
156.040658
20
230.885993
30
0.0
0
SEQEND
0
POLYLINE
8
P00518
66
1
70
0
0
VERTEX
8
P00518
10
155.786658
20
230.801325
30
0.0
0
VERTEX
8
P00518
10
156.040658
20
230.801325
30
0.0
0
SEQEND
0
POLYLINE
8
P00519
66
1
70
0
0
VERTEX
8
P00519
10
155.617332
20
230.716661
30
0.0
0
VERTEX
8
P00519
10
156.040658
20
230.716661
30
0.0
0
SEQEND
0
POLYLINE
8
P00520
66
1
70
0
0
VERTEX
8
P00520
10
155.447994
20
230.631993
30
0.0
0
VERTEX
8
P00520
10
155.955995
20
230.631993
30
0.0
0
SEQEND
0
POLYLINE
8
P00521
66
1
70
0
0
VERTEX
8
P00521
10
155.278668
20
230.547329
30
0.0
0
VERTEX
8
P00521
10
155.955995
20
230.547329
30
0.0
0
SEQEND
0
POLYLINE
8
P00522
66
1
70
0
0
VERTEX
8
P00522
10
155.193994
20
230.462661
30
0.0
0
VERTEX
8
P00522
10
155.955995
20
230.462661
30
0.0
0
SEQEND
0
POLYLINE
8
P00523
66
1
70
0
0
VERTEX
8
P00523
10
155.024668
20
230.377992
30
0.0
0
VERTEX
8
P00523
10
155.955995
20
230.377992
30
0.0
0
SEQEND
0
POLYLINE
8
P00524
66
1
70
0
0
VERTEX
8
P00524
10
154.855330
20
230.293329
30
0.0
0
VERTEX
8
P00524
10
155.871332
20
230.293329
30
0.0
0
SEQEND
0
POLYLINE
8
P00525
66
1
70
0
0
VERTEX
8
P00525
10
154.685993
20
230.208660
30
0.0
0
VERTEX
8
P00525
10
155.871332
20
230.208660
30
0.0
0
SEQEND
0
POLYLINE
8
P00526
66
1
70
0
0
VERTEX
8
P00526
10
154.516667
20
230.123992
30
0.0
0
VERTEX
8
P00526
10
155.871332
20
230.123992
30
0.0
0
SEQEND
0
POLYLINE
8
P00527
66
1
70
0
0
VERTEX
8
P00527
10
154.347329
20
230.039329
30
0.0
0
VERTEX
8
P00527
10
155.786658
20
230.039329
30
0.0
0
SEQEND
0
POLYLINE
8
P00528
66
1
70
0
0
VERTEX
8
P00528
10
154.262666
20
229.954660
30
0.0
0
VERTEX
8
P00528
10
155.786658
20
229.954660
30
0.0
0
SEQEND
0
POLYLINE
8
P00529
66
1
70
0
0
VERTEX
8
P00529
10
154.177992
20
229.869991
30
0.0
0
VERTEX
8
P00529
10
155.786658
20
229.869991
30
0.0
0
SEQEND
0
POLYLINE
8
P00530
66
1
70
0
0
VERTEX
8
P00530
10
154.093329
20
229.785328
30
0.0
0
VERTEX
8
P00530
10
155.786658
20
229.785328
30
0.0
0
SEQEND
0
POLYLINE
8
P00531
66
1
70
0
0
VERTEX
8
P00531
10
154.008666
20
229.700660
30
0.0
0
VERTEX
8
P00531
10
155.701995
20
229.700660
30
0.0
0
SEQEND
0
POLYLINE
8
P00532
66
1
70
0
0
VERTEX
8
P00532
10
153.923992
20
229.615996
30
0.0
0
VERTEX
8
P00532
10
155.701995
20
229.615996
30
0.0
0
SEQEND
0
POLYLINE
8
P00533
66
1
70
0
0
VERTEX
8
P00533
10
153.839329
20
229.531328
30
0.0
0
VERTEX
8
P00533
10
155.701995
20
229.531328
30
0.0
0
SEQEND
0
POLYLINE
8
P00534
66
1
70
0
0
VERTEX
8
P00534
10
153.754665
20
229.446659
30
0.0
0
VERTEX
8
P00534
10
155.701995
20
229.446659
30
0.0
0
SEQEND
0
POLYLINE
8
P00535
66
1
70
0
0
VERTEX
8
P00535
10
153.669991
20
229.361996
30
0.0
0
VERTEX
8
P00535
10
155.617332
20
229.361996
30
0.0
0
SEQEND
0
POLYLINE
8
P00536
66
1
70
0
0
VERTEX
8
P00536
10
153.585328
20
229.277327
30
0.0
0
VERTEX
8
P00536
10
155.617332
20
229.277327
30
0.0
0
SEQEND
0
POLYLINE
8
P00537
66
1
70
0
0
VERTEX
8
P00537
10
153.500665
20
229.192659
30
0.0
0
VERTEX
8
P00537
10
155.617332
20
229.192659
30
0.0
0
SEQEND
0
POLYLINE
8
P00538
66
1
70
0
0
VERTEX
8
P00538
10
153.416002
20
229.107995
30
0.0
0
VERTEX
8
P00538
10
155.532668
20
229.107995
30
0.0
0
SEQEND
0
POLYLINE
8
P00539
66
1
70
0
0
VERTEX
8
P00539
10
153.331328
20
229.023327
30
0.0
0
VERTEX
8
P00539
10
155.532668
20
229.023327
30
0.0
0
SEQEND
0
POLYLINE
8
P00540
66
1
70
0
0
VERTEX
8
P00540
10
153.246665
20
228.938658
30
0.0
0
VERTEX
8
P00540
10
155.447994
20
228.938658
30
0.0
0
SEQEND
0
POLYLINE
8
P00541
66
1
70
0
0
VERTEX
8
P00541
10
153.162001
20
228.853995
30
0.0
0
VERTEX
8
P00541
10
155.447994
20
228.853995
30
0.0
0
SEQEND
0
POLYLINE
8
P00542
66
1
70
0
0
VERTEX
8
P00542
10
152.992664
20
228.769326
30
0.0
0
VERTEX
8
P00542
10
155.363331
20
228.769326
30
0.0
0
SEQEND
0
POLYLINE
8
P00543
66
1
70
0
0
VERTEX
8
P00543
10
152.908001
20
228.684658
30
0.0
0
VERTEX
8
P00543
10
155.278668
20
228.684658
30
0.0
0
SEQEND
0
POLYLINE
8
P00544
66
1
70
0
0
VERTEX
8
P00544
10
152.823327
20
228.599995
30
0.0
0
VERTEX
8
P00544
10
155.278668
20
228.599995
30
0.0
0
SEQEND
0
POLYLINE
8
P00545
66
1
70
0
0
VERTEX
8
P00545
10
152.738664
20
228.515326
30
0.0
0
VERTEX
8
P00545
10
155.193994
20
228.515326
30
0.0
0
SEQEND
0
POLYLINE
8
P00546
66
1
70
0
0
VERTEX
8
P00546
10
152.654000
20
228.430663
30
0.0
0
VERTEX
8
P00546
10
155.109331
20
228.430663
30
0.0
0
SEQEND
0
POLYLINE
8
P00547
66
1
70
0
0
VERTEX
8
P00547
10
152.569326
20
228.345994
30
0.0
0
VERTEX
8
P00547
10
155.109331
20
228.345994
30
0.0
0
SEQEND
0
POLYLINE
8
P00548
66
1
70
0
0
VERTEX
8
P00548
10
152.484663
20
228.261326
30
0.0
0
VERTEX
8
P00548
10
155.024668
20
228.261326
30
0.0
0
SEQEND
0
POLYLINE
8
P00549
66
1
70
0
0
VERTEX
8
P00549
10
152.400000
20
228.176662
30
0.0
0
VERTEX
8
P00549
10
155.024668
20
228.176662
30
0.0
0
SEQEND
0
POLYLINE
8
P00550
66
1
70
0
0
VERTEX
8
P00550
10
152.315326
20
228.091994
30
0.0
0
VERTEX
8
P00550
10
154.939994
20
228.091994
30
0.0
0
SEQEND
0
POLYLINE
8
P00551
66
1
70
0
0
VERTEX
8
P00551
10
152.230663
20
228.007325
30
0.0
0
VERTEX
8
P00551
10
154.855330
20
228.007325
30
0.0
0
SEQEND
0
POLYLINE
8
P00552
66
1
70
0
0
VERTEX
8
P00552
10
152.146000
20
227.922662
30
0.0
0
VERTEX
8
P00552
10
154.855330
20
227.922662
30
0.0
0
SEQEND
0
POLYLINE
8
P00553
66
1
70
0
0
VERTEX
8
P00553
10
152.061326
20
227.837993
30
0.0
0
VERTEX
8
P00553
10
154.770667
20
227.837993
30
0.0
0
SEQEND
0
POLYLINE
8
P00554
66
1
70
0
0
VERTEX
8
P00554
10
151.976662
20
227.753325
30
0.0
0
VERTEX
8
P00554
10
154.685993
20
227.753325
30
0.0
0
SEQEND
0
POLYLINE
8
P00555
66
1
70
0
0
VERTEX
8
P00555
10
151.891999
20
227.668661
30
0.0
0
VERTEX
8
P00555
10
154.685993
20
227.668661
30
0.0
0
SEQEND
0
POLYLINE
8
P00556
66
1
70
0
0
VERTEX
8
P00556
10
151.807325
20
227.583993
30
0.0
0
VERTEX
8
P00556
10
154.601330
20
227.583993
30
0.0
0
SEQEND
0
POLYLINE
8
P00557
66
1
70
0
0
VERTEX
8
P00557
10
151.637999
20
227.499330
30
0.0
0
VERTEX
8
P00557
10
154.516667
20
227.499330
30
0.0
0
SEQEND
0
POLYLINE
8
P00558
66
1
70
0
0
VERTEX
8
P00558
10
151.807325
20
227.414661
30
0.0
0
VERTEX
8
P00558
10
154.516667
20
227.414661
30
0.0
0
SEQEND
0
POLYLINE
8
P00559
66
1
70
0
0
VERTEX
8
P00559
10
151.891999
20
227.329992
30
0.0
0
VERTEX
8
P00559
10
154.431993
20
227.329992
30
0.0
0
SEQEND
0
POLYLINE
8
P00560
66
1
70
0
0
VERTEX
8
P00560
10
151.976662
20
227.245329
30
0.0
0
VERTEX
8
P00560
10
154.431993
20
227.245329
30
0.0
0
SEQEND
0
POLYLINE
8
P00561
66
1
70
0
0
VERTEX
8
P00561
10
152.061326
20
227.160661
30
0.0
0
VERTEX
8
P00561
10
154.347329
20
227.160661
30
0.0
0
SEQEND
0
POLYLINE
8
P00562
66
1
70
0
0
VERTEX
8
P00562
10
152.230663
20
227.075992
30
0.0
0
VERTEX
8
P00562
10
154.262666
20
227.075992
30
0.0
0
SEQEND
0
POLYLINE
8
P00563
66
1
70
0
0
VERTEX
8
P00563
10
152.315326
20
226.991329
30
0.0
0
VERTEX
8
P00563
10
154.262666
20
226.991329
30
0.0
0
SEQEND
0
POLYLINE
8
P00564
66
1
70
0
0
VERTEX
8
P00564
10
152.400000
20
226.906660
30
0.0
0
VERTEX
8
P00564
10
154.177992
20
226.906660
30
0.0
0
SEQEND
0
POLYLINE
8
P00565
66
1
70
0
0
VERTEX
8
P00565
10
152.484663
20
226.821992
30
0.0
0
VERTEX
8
P00565
10
154.093329
20
226.821992
30
0.0
0
SEQEND
0
POLYLINE
8
P00566
66
1
70
0
0
VERTEX
8
P00566
10
152.569326
20
226.737328
30
0.0
0
VERTEX
8
P00566
10
154.093329
20
226.737328
30
0.0
0
SEQEND
0
POLYLINE
8
P00567
66
1
70
0
0
VERTEX
8
P00567
10
152.738664
20
226.652660
30
0.0
0
VERTEX
8
P00567
10
154.008666
20
226.652660
30
0.0
0
SEQEND
0
POLYLINE
8
P00568
66
1
70
0
0
VERTEX
8
P00568
10
152.823327
20
226.567991
30
0.0
0
VERTEX
8
P00568
10
154.008666
20
226.567991
30
0.0
0
SEQEND
0
POLYLINE
8
P00569
66
1
70
0
0
VERTEX
8
P00569
10
152.908001
20
226.483328
30
0.0
0
VERTEX
8
P00569
10
153.923992
20
226.483328
30
0.0
0
SEQEND
0
POLYLINE
8
P00570
66
1
70
0
0
VERTEX
8
P00570
10
152.992664
20
226.398659
30
0.0
0
VERTEX
8
P00570
10
153.839329
20
226.398659
30
0.0
0
SEQEND
0
POLYLINE
8
P00571
66
1
70
0
0
VERTEX
8
P00571
10
153.077327
20
226.313996
30
0.0
0
VERTEX
8
P00571
10
153.839329
20
226.313996
30
0.0
0
SEQEND
0
POLYLINE
8
P00572
66
1
70
0
0
VERTEX
8
P00572
10
153.162001
20
226.229328
30
0.0
0
VERTEX
8
P00572
10
153.754665
20
226.229328
30
0.0
0
SEQEND
0
POLYLINE
8
P00573
66
1
70
0
0
VERTEX
8
P00573
10
153.246665
20
226.144659
30
0.0
0
VERTEX
8
P00573
10
153.669991
20
226.144659
30
0.0
0
SEQEND
0
POLYLINE
8
P00574
66
1
70
0
0
VERTEX
8
P00574
10
153.331328
20
226.059996
30
0.0
0
VERTEX
8
P00574
10
153.669991
20
226.059996
30
0.0
0
SEQEND
0
POLYLINE
8
P00575
66
1
70
0
0
VERTEX
8
P00575
10
153.416002
20
225.975327
30
0.0
0
VERTEX
8
P00575
10
153.585328
20
225.975327
30
0.0
0
VERTEX
8
P00575
10
153.416002
20
225.975327
30
0.0
0
SEQEND
0
POLYLINE
8
P00576
66
1
70
0
0
VERTEX
8
P00576
10
156.040658
20
230.970662
30
0.0
0
VERTEX
8
P00576
10
152.400000
20
227.499330
30
0.0
0
VERTEX
8
P00576
10
156.040658
20
230.970662
30
0.0
0
SEQEND
0
POLYLINE
8
P00577
66
1
70
0
0
VERTEX
8
P00577
10
152.400000
20
227.499330
30
0.0
0
VERTEX
8
P00577
10
153.246665
20
227.499330
30
0.0
0
VERTEX
8
P00577
10
152.400000
20
227.499330
30
0.0
0
SEQEND
0
POLYLINE
8
P00578
66
1
70
0
0
VERTEX
8
P00578
10
153.246665
20
227.499330
30
0.0
0
VERTEX
8
P00578
10
153.416002
20
226.652660
30
0.0
0
VERTEX
8
P00578
10
153.246665
20
227.499330
30
0.0
0
SEQEND
0
POLYLINE
8
P00579
66
1
70
0
0
VERTEX
8
P00579
10
153.416002
20
226.652660
30
0.0
0
VERTEX
8
P00579
10
156.040658
20
230.970662
30
0.0
0
VERTEX
8
P00579
10
153.416002
20
226.652660
30
0.0
0
SEQEND
0
POLYLINE
8
P00580
66
1
70
0
0
VERTEX
8
P00580
10
156.040658
20
230.970662
30
0.0
0
VERTEX
8
P00580
10
151.637999
20
225.551995
30
0.0
0
VERTEX
8
P00580
10
156.040658
20
230.970662
30
0.0
0
SEQEND
0
POLYLINE
8
P00581
66
1
70
0
0
VERTEX
8
P00581
10
155.955995
20
230.885993
30
0.0
0
VERTEX
8
P00581
10
156.040658
20
230.885993
30
0.0
0
SEQEND
0
POLYLINE
8
P00582
66
1
70
0
0
VERTEX
8
P00582
10
155.871332
20
230.801325
30
0.0
0
VERTEX
8
P00582
10
155.955995
20
230.801325
30
0.0
0
SEQEND
0
POLYLINE
8
P00583
66
1
70
0
0
VERTEX
8
P00583
10
155.786658
20
230.716661
30
0.0
0
VERTEX
8
P00583
10
155.871332
20
230.716661
30
0.0
0
SEQEND
0
POLYLINE
8
P00584
66
1
70
0
0
VERTEX
8
P00584
10
155.701995
20
230.631993
30
0.0
0
VERTEX
8
P00584
10
155.786658
20
230.631993
30
0.0
0
SEQEND
0
POLYLINE
8
P00585
66
1
70
0
0
VERTEX
8
P00585
10
155.617332
20
230.547329
30
0.0
0
VERTEX
8
P00585
10
155.701995
20
230.547329
30
0.0
0
SEQEND
0
POLYLINE
8
P00586
66
1
70
0
0
VERTEX
8
P00586
10
155.532668
20
230.462661
30
0.0
0
VERTEX
8
P00586
10
155.701995
20
230.462661
30
0.0
0
SEQEND
0
POLYLINE
8
P00587
66
1
70
0
0
VERTEX
8
P00587
10
155.447994
20
230.377992
30
0.0
0
VERTEX
8
P00587
10
155.617332
20
230.377992
30
0.0
0
SEQEND
0
POLYLINE
8
P00588
66
1
70
0
0
VERTEX
8
P00588
10
155.363331
20
230.293329
30
0.0
0
VERTEX
8
P00588
10
155.532668
20
230.293329
30
0.0
0
SEQEND
0
POLYLINE
8
P00589
66
1
70
0
0
VERTEX
8
P00589
10
155.278668
20
230.208660
30
0.0
0
VERTEX
8
P00589
10
155.447994
20
230.208660
30
0.0
0
SEQEND
0
POLYLINE
8
P00590
66
1
70
0
0
VERTEX
8
P00590
10
155.193994
20
230.123992
30
0.0
0
VERTEX
8
P00590
10
155.363331
20
230.123992
30
0.0
0
SEQEND
0
POLYLINE
8
P00591
66
1
70
0
0
VERTEX
8
P00591
10
155.109331
20
230.039329
30
0.0
0
VERTEX
8
P00591
10
155.363331
20
230.039329
30
0.0
0
SEQEND
0
POLYLINE
8
P00592
66
1
70
0
0
VERTEX
8
P00592
10
155.024668
20
229.954660
30
0.0
0
VERTEX
8
P00592
10
155.278668
20
229.954660
30
0.0
0
SEQEND
0
POLYLINE
8
P00593
66
1
70
0
0
VERTEX
8
P00593
10
154.939994
20
229.869991
30
0.0
0
VERTEX
8
P00593
10
155.193994
20
229.869991
30
0.0
0
SEQEND
0
POLYLINE
8
P00594
66
1
70
0
0
VERTEX
8
P00594
10
154.855330
20
229.785328
30
0.0
0
VERTEX
8
P00594
10
155.109331
20
229.785328
30
0.0
0
SEQEND
0
POLYLINE
8
P00595
66
1
70
0
0
VERTEX
8
P00595
10
154.770667
20
229.700660
30
0.0
0
VERTEX
8
P00595
10
155.024668
20
229.700660
30
0.0
0
SEQEND
0
POLYLINE
8
P00596
66
1
70
0
0
VERTEX
8
P00596
10
154.685993
20
229.615996
30
0.0
0
VERTEX
8
P00596
10
155.024668
20
229.615996
30
0.0
0
SEQEND
0
POLYLINE
8
P00597
66
1
70
0
0
VERTEX
8
P00597
10
154.601330
20
229.531328
30
0.0
0
VERTEX
8
P00597
10
154.939994
20
229.531328
30
0.0
0
SEQEND
0
POLYLINE
8
P00598
66
1
70
0
0
VERTEX
8
P00598
10
154.516667
20
229.446659
30
0.0
0
VERTEX
8
P00598
10
154.855330
20
229.446659
30
0.0
0
SEQEND
0
POLYLINE
8
P00599
66
1
70
0
0
VERTEX
8
P00599
10
154.431993
20
229.361996
30
0.0
0
VERTEX
8
P00599
10
154.770667
20
229.361996
30
0.0
0
SEQEND
0
POLYLINE
8
P00600
66
1
70
0
0
VERTEX
8
P00600
10
154.347329
20
229.277327
30
0.0
0
VERTEX
8
P00600
10
154.685993
20
229.277327
30
0.0
0
SEQEND
0
POLYLINE
8
P00601
66
1
70
0
0
VERTEX
8
P00601
10
154.177992
20
229.192659
30
0.0
0
VERTEX
8
P00601
10
154.685993
20
229.192659
30
0.0
0
SEQEND
0
POLYLINE
8
P00602
66
1
70
0
0
VERTEX
8
P00602
10
154.093329
20
229.107995
30
0.0
0
VERTEX
8
P00602
10
154.601330
20
229.107995
30
0.0
0
SEQEND
0
POLYLINE
8
P00603
66
1
70
0
0
VERTEX
8
P00603
10
154.008666
20
229.023327
30
0.0
0
VERTEX
8
P00603
10
154.516667
20
229.023327
30
0.0
0
SEQEND
0
POLYLINE
8
P00604
66
1
70
0
0
VERTEX
8
P00604
10
153.923992
20
228.938658
30
0.0
0
VERTEX
8
P00604
10
154.431993
20
228.938658
30
0.0
0
SEQEND
0
POLYLINE
8
P00605
66
1
70
0
0
VERTEX
8
P00605
10
153.839329
20
228.853995
30
0.0
0
VERTEX
8
P00605
10
154.347329
20
228.853995
30
0.0
0
SEQEND
0
POLYLINE
8
P00606
66
1
70
0
0
VERTEX
8
P00606
10
153.754665
20
228.769326
30
0.0
0
VERTEX
8
P00606
10
154.347329
20
228.769326
30
0.0
0
SEQEND
0
POLYLINE
8
P00607
66
1
70
0
0
VERTEX
8
P00607
10
153.669991
20
228.684658
30
0.0
0
VERTEX
8
P00607
10
154.262666
20
228.684658
30
0.0
0
SEQEND
0
POLYLINE
8
P00608
66
1
70
0
0
VERTEX
8
P00608
10
153.585328
20
228.599995
30
0.0
0
VERTEX
8
P00608
10
154.177992
20
228.599995
30
0.0
0
SEQEND
0
POLYLINE
8
P00609
66
1
70
0
0
VERTEX
8
P00609
10
153.500665
20
228.515326
30
0.0
0
VERTEX
8
P00609
10
154.093329
20
228.515326
30
0.0
0
SEQEND
0
POLYLINE
8
P00610
66
1
70
0
0
VERTEX
8
P00610
10
153.416002
20
228.430663
30
0.0
0
VERTEX
8
P00610
10
154.008666
20
228.430663
30
0.0
0
SEQEND
0
POLYLINE
8
P00611
66
1
70
0
0
VERTEX
8
P00611
10
153.331328
20
228.345994
30
0.0
0
VERTEX
8
P00611
10
154.008666
20
228.345994
30
0.0
0
SEQEND
0
POLYLINE
8
P00612
66
1
70
0
0
VERTEX
8
P00612
10
153.246665
20
228.261326
30
0.0
0
VERTEX
8
P00612
10
153.923992
20
228.261326
30
0.0
0
SEQEND
0
POLYLINE
8
P00613
66
1
70
0
0
VERTEX
8
P00613
10
153.162001
20
228.176662
30
0.0
0
VERTEX
8
P00613
10
153.839329
20
228.176662
30
0.0
0
SEQEND
0
POLYLINE
8
P00614
66
1
70
0
0
VERTEX
8
P00614
10
153.077327
20
228.091994
30
0.0
0
VERTEX
8
P00614
10
153.754665
20
228.091994
30
0.0
0
SEQEND
0
POLYLINE
8
P00615
66
1
70
0
0
VERTEX
8
P00615
10
152.992664
20
228.007325
30
0.0
0
VERTEX
8
P00615
10
153.669991
20
228.007325
30
0.0
0
SEQEND
0
POLYLINE
8
P00616
66
1
70
0
0
VERTEX
8
P00616
10
152.908001
20
227.922662
30
0.0
0
VERTEX
8
P00616
10
153.669991
20
227.922662
30
0.0
0
SEQEND
0
POLYLINE
8
P00617
66
1
70
0
0
VERTEX
8
P00617
10
152.823327
20
227.837993
30
0.0
0
VERTEX
8
P00617
10
153.585328
20
227.837993
30
0.0
0
SEQEND
0
POLYLINE
8
P00618
66
1
70
0
0
VERTEX
8
P00618
10
152.738664
20
227.753325
30
0.0
0
VERTEX
8
P00618
10
153.500665
20
227.753325
30
0.0
0
SEQEND
0
POLYLINE
8
P00619
66
1
70
0
0
VERTEX
8
P00619
10
152.654000
20
227.668661
30
0.0
0
VERTEX
8
P00619
10
153.416002
20
227.668661
30
0.0
0
SEQEND
0
POLYLINE
8
P00620
66
1
70
0
0
VERTEX
8
P00620
10
152.569326
20
227.583993
30
0.0
0
VERTEX
8
P00620
10
153.331328
20
227.583993
30
0.0
0
VERTEX
8
P00620
10
152.569326
20
227.583993
30
0.0
0
SEQEND
0
POLYLINE
8
P00621
66
1
70
0
0
VERTEX
8
P00621
10
155.871332
20
230.716661
30
0.0
0
VERTEX
8
P00621
10
155.955995
20
230.716661
30
0.0
0
SEQEND
0
POLYLINE
8
P00622
66
1
70
0
0
VERTEX
8
P00622
10
155.786658
20
230.631993
30
0.0
0
VERTEX
8
P00622
10
155.871332
20
230.631993
30
0.0
0
SEQEND
0
POLYLINE
8
P00623
66
1
70
0
0
VERTEX
8
P00623
10
155.701995
20
230.547329
30
0.0
0
VERTEX
8
P00623
10
155.786658
20
230.547329
30
0.0
0
SEQEND
0
POLYLINE
8
P00624
66
1
70
0
0
VERTEX
8
P00624
10
155.701995
20
230.462661
30
0.0
0
VERTEX
8
P00624
10
155.786658
20
230.462661
30
0.0
0
SEQEND
0
POLYLINE
8
P00625
66
1
70
0
0
VERTEX
8
P00625
10
155.617332
20
230.377992
30
0.0
0
VERTEX
8
P00625
10
155.701995
20
230.377992
30
0.0
0
SEQEND
0
POLYLINE
8
P00626
66
1
70
0
0
VERTEX
8
P00626
10
155.532668
20
230.293329
30
0.0
0
VERTEX
8
P00626
10
155.701995
20
230.293329
30
0.0
0
SEQEND
0
POLYLINE
8
P00627
66
1
70
0
0
VERTEX
8
P00627
10
155.447994
20
230.208660
30
0.0
0
VERTEX
8
P00627
10
155.617332
20
230.208660
30
0.0
0
SEQEND
0
POLYLINE
8
P00628
66
1
70
0
0
VERTEX
8
P00628
10
155.363331
20
230.123992
30
0.0
0
VERTEX
8
P00628
10
155.532668
20
230.123992
30
0.0
0
SEQEND
0
POLYLINE
8
P00629
66
1
70
0
0
VERTEX
8
P00629
10
155.363331
20
230.039329
30
0.0
0
VERTEX
8
P00629
10
155.532668
20
230.039329
30
0.0
0
SEQEND
0
POLYLINE
8
P00630
66
1
70
0
0
VERTEX
8
P00630
10
155.278668
20
229.954660
30
0.0
0
VERTEX
8
P00630
10
155.447994
20
229.954660
30
0.0
0
SEQEND
0
POLYLINE
8
P00631
66
1
70
0
0
VERTEX
8
P00631
10
155.193994
20
229.869991
30
0.0
0
VERTEX
8
P00631
10
155.447994
20
229.869991
30
0.0
0
SEQEND
0
POLYLINE
8
P00632
66
1
70
0
0
VERTEX
8
P00632
10
155.109331
20
229.785328
30
0.0
0
VERTEX
8
P00632
10
155.363331
20
229.785328
30
0.0
0
SEQEND
0
POLYLINE
8
P00633
66
1
70
0
0
VERTEX
8
P00633
10
155.024668
20
229.700660
30
0.0
0
VERTEX
8
P00633
10
155.278668
20
229.700660
30
0.0
0
SEQEND
0
POLYLINE
8
P00634
66
1
70
0
0
VERTEX
8
P00634
10
155.024668
20
229.615996
30
0.0
0
VERTEX
8
P00634
10
155.278668
20
229.615996
30
0.0
0
SEQEND
0
POLYLINE
8
P00635
66
1
70
0
0
VERTEX
8
P00635
10
154.939994
20
229.531328
30
0.0
0
VERTEX
8
P00635
10
155.193994
20
229.531328
30
0.0
0
SEQEND
0
POLYLINE
8
P00636
66
1
70
0
0
VERTEX
8
P00636
10
154.855330
20
229.446659
30
0.0
0
VERTEX
8
P00636
10
155.193994
20
229.446659
30
0.0
0
SEQEND
0
POLYLINE
8
P00637
66
1
70
0
0
VERTEX
8
P00637
10
154.770667
20
229.361996
30
0.0
0
VERTEX
8
P00637
10
155.109331
20
229.361996
30
0.0
0
SEQEND
0
POLYLINE
8
P00638
66
1
70
0
0
VERTEX
8
P00638
10
154.685993
20
229.277327
30
0.0
0
VERTEX
8
P00638
10
155.024668
20
229.277327
30
0.0
0
SEQEND
0
POLYLINE
8
P00639
66
1
70
0
0
VERTEX
8
P00639
10
154.685993
20
229.192659
30
0.0
0
VERTEX
8
P00639
10
155.024668
20
229.192659
30
0.0
0
SEQEND
0
POLYLINE
8
P00640
66
1
70
0
0
VERTEX
8
P00640
10
154.601330
20
229.107995
30
0.0
0
VERTEX
8
P00640
10
154.939994
20
229.107995
30
0.0
0
SEQEND
0
POLYLINE
8
P00641
66
1
70
0
0
VERTEX
8
P00641
10
154.516667
20
229.023327
30
0.0
0
VERTEX
8
P00641
10
154.939994
20
229.023327
30
0.0
0
SEQEND
0
POLYLINE
8
P00642
66
1
70
0
0
VERTEX
8
P00642
10
154.431993
20
228.938658
30
0.0
0
VERTEX
8
P00642
10
154.855330
20
228.938658
30
0.0
0
SEQEND
0
POLYLINE
8
P00643
66
1
70
0
0
VERTEX
8
P00643
10
154.347329
20
228.853995
30
0.0
0
VERTEX
8
P00643
10
154.770667
20
228.853995
30
0.0
0
SEQEND
0
POLYLINE
8
P00644
66
1
70
0
0
VERTEX
8
P00644
10
154.347329
20
228.769326
30
0.0
0
VERTEX
8
P00644
10
154.770667
20
228.769326
30
0.0
0
SEQEND
0
POLYLINE
8
P00645
66
1
70
0
0
VERTEX
8
P00645
10
154.262666
20
228.684658
30
0.0
0
VERTEX
8
P00645
10
154.685993
20
228.684658
30
0.0
0
SEQEND
0
POLYLINE
8
P00646
66
1
70
0
0
VERTEX
8
P00646
10
154.177992
20
228.599995
30
0.0
0
VERTEX
8
P00646
10
154.601330
20
228.599995
30
0.0
0
SEQEND
0
POLYLINE
8
P00647
66
1
70
0
0
VERTEX
8
P00647
10
154.093329
20
228.515326
30
0.0
0
VERTEX
8
P00647
10
154.601330
20
228.515326
30
0.0
0
SEQEND
0
POLYLINE
8
P00648
66
1
70
0
0
VERTEX
8
P00648
10
154.008666
20
228.430663
30
0.0
0
VERTEX
8
P00648
10
154.516667
20
228.430663
30
0.0
0
SEQEND
0
POLYLINE
8
P00649
66
1
70
0
0
VERTEX
8
P00649
10
154.008666
20
228.345994
30
0.0
0
VERTEX
8
P00649
10
154.516667
20
228.345994
30
0.0
0
SEQEND
0
POLYLINE
8
P00650
66
1
70
0
0
VERTEX
8
P00650
10
153.923992
20
228.261326
30
0.0
0
VERTEX
8
P00650
10
154.431993
20
228.261326
30
0.0
0
SEQEND
0
POLYLINE
8
P00651
66
1
70
0
0
VERTEX
8
P00651
10
153.839329
20
228.176662
30
0.0
0
VERTEX
8
P00651
10
154.347329
20
228.176662
30
0.0
0
SEQEND
0
POLYLINE
8
P00652
66
1
70
0
0
VERTEX
8
P00652
10
153.754665
20
228.091994
30
0.0
0
VERTEX
8
P00652
10
154.347329
20
228.091994
30
0.0
0
SEQEND
0
POLYLINE
8
P00653
66
1
70
0
0
VERTEX
8
P00653
10
153.669991
20
228.007325
30
0.0
0
VERTEX
8
P00653
10
154.262666
20
228.007325
30
0.0
0
SEQEND
0
POLYLINE
8
P00654
66
1
70
0
0
VERTEX
8
P00654
10
153.669991
20
227.922662
30
0.0
0
VERTEX
8
P00654
10
154.262666
20
227.922662
30
0.0
0
SEQEND
0
POLYLINE
8
P00655
66
1
70
0
0
VERTEX
8
P00655
10
153.585328
20
227.837993
30
0.0
0
VERTEX
8
P00655
10
154.177992
20
227.837993
30
0.0
0
SEQEND
0
POLYLINE
8
P00656
66
1
70
0
0
VERTEX
8
P00656
10
153.500665
20
227.753325
30
0.0
0
VERTEX
8
P00656
10
154.093329
20
227.753325
30
0.0
0
SEQEND
0
POLYLINE
8
P00657
66
1
70
0
0
VERTEX
8
P00657
10
153.416002
20
227.668661
30
0.0
0
VERTEX
8
P00657
10
154.093329
20
227.668661
30
0.0
0
SEQEND
0
POLYLINE
8
P00658
66
1
70
0
0
VERTEX
8
P00658
10
153.331328
20
227.583993
30
0.0
0
VERTEX
8
P00658
10
154.008666
20
227.583993
30
0.0
0
SEQEND
0
POLYLINE
8
P00659
66
1
70
0
0
VERTEX
8
P00659
10
153.246665
20
227.499330
30
0.0
0
VERTEX
8
P00659
10
154.008666
20
227.499330
30
0.0
0
SEQEND
0
POLYLINE
8
P00660
66
1
70
0
0
VERTEX
8
P00660
10
153.331328
20
227.414661
30
0.0
0
VERTEX
8
P00660
10
153.923992
20
227.414661
30
0.0
0
SEQEND
0
POLYLINE
8
P00661
66
1
70
0
0
VERTEX
8
P00661
10
153.331328
20
227.329992
30
0.0
0
VERTEX
8
P00661
10
153.839329
20
227.329992
30
0.0
0
SEQEND
0
POLYLINE
8
P00662
66
1
70
0
0
VERTEX
8
P00662
10
153.331328
20
227.245329
30
0.0
0
VERTEX
8
P00662
10
153.839329
20
227.245329
30
0.0
0
SEQEND
0
POLYLINE
8
P00663
66
1
70
0
0
VERTEX
8
P00663
10
153.331328
20
227.160661
30
0.0
0
VERTEX
8
P00663
10
153.754665
20
227.160661
30
0.0
0
SEQEND
0
POLYLINE
8
P00664
66
1
70
0
0
VERTEX
8
P00664
10
153.331328
20
227.075992
30
0.0
0
VERTEX
8
P00664
10
153.754665
20
227.075992
30
0.0
0
SEQEND
0
POLYLINE
8
P00665
66
1
70
0
0
VERTEX
8
P00665
10
153.416002
20
226.991329
30
0.0
0
VERTEX
8
P00665
10
153.669991
20
226.991329
30
0.0
0
SEQEND
0
POLYLINE
8
P00666
66
1
70
0
0
VERTEX
8
P00666
10
153.416002
20
226.906660
30
0.0
0
VERTEX
8
P00666
10
153.585328
20
226.906660
30
0.0
0
SEQEND
0
POLYLINE
8
P00667
66
1
70
0
0
VERTEX
8
P00667
10
153.416002
20
226.821992
30
0.0
0
VERTEX
8
P00667
10
153.585328
20
226.821992
30
0.0
0
SEQEND
0
POLYLINE
8
P00668
66
1
70
0
0
VERTEX
8
P00668
10
153.416002
20
226.737328
30
0.0
0
VERTEX
8
P00668
10
153.500665
20
226.737328
30
0.0
0
VERTEX
8
P00668
10
153.416002
20
226.737328
30
0.0
0
SEQEND
0
POLYLINE
8
P00669
66
1
70
0
0
VERTEX
8
P00669
10
161.205330
20
238.929328
30
0.0
0
VERTEX
8
P00669
10
161.374668
20
238.929328
30
0.0
0
SEQEND
0
POLYLINE
8
P00670
66
1
70
0
0
VERTEX
8
P00670
10
161.120667
20
238.844659
30
0.0
0
VERTEX
8
P00670
10
161.459331
20
238.844659
30
0.0
0
SEQEND
0
POLYLINE
8
P00671
66
1
70
0
0
VERTEX
8
P00671
10
161.120667
20
238.759996
30
0.0
0
VERTEX
8
P00671
10
161.543994
20
238.759996
30
0.0
0
SEQEND
0
POLYLINE
8
P00672
66
1
70
0
0
VERTEX
8
P00672
10
161.035993
20
238.675327
30
0.0
0
VERTEX
8
P00672
10
161.628668
20
238.675327
30
0.0
0
SEQEND
0
POLYLINE
8
P00673
66
1
70
0
0
VERTEX
8
P00673
10
160.951330
20
238.590658
30
0.0
0
VERTEX
8
P00673
10
161.797994
20
238.590658
30
0.0
0
SEQEND
0
POLYLINE
8
P00674
66
1
70
0
0
VERTEX
8
P00674
10
160.951330
20
238.505995
30
0.0
0
VERTEX
8
P00674
10
161.882668
20
238.505995
30
0.0
0
SEQEND
0
POLYLINE
8
P00675
66
1
70
0
0
VERTEX
8
P00675
10
160.866667
20
238.421327
30
0.0
0
VERTEX
8
P00675
10
161.967332
20
238.421327
30
0.0
0
SEQEND
0
POLYLINE
8
P00676
66
1
70
0
0
VERTEX
8
P00676
10
160.781993
20
238.336658
30
0.0
0
VERTEX
8
P00676
10
162.051995
20
238.336658
30
0.0
0
SEQEND
0
POLYLINE
8
P00677
66
1
70
0
0
VERTEX
8
P00677
10
160.781993
20
238.251995
30
0.0
0
VERTEX
8
P00677
10
162.136658
20
238.251995
30
0.0
0
SEQEND
0
POLYLINE
8
P00678
66
1
70
0
0
VERTEX
8
P00678
10
160.697329
20
238.167326
30
0.0
0
VERTEX
8
P00678
10
162.305995
20
238.167326
30
0.0
0
SEQEND
0
POLYLINE
8
P00679
66
1
70
0
0
VERTEX
8
P00679
10
160.612666
20
238.082658
30
0.0
0
VERTEX
8
P00679
10
162.390658
20
238.082658
30
0.0
0
SEQEND
0
POLYLINE
8
P00680
66
1
70
0
0
VERTEX
8
P00680
10
160.612666
20
237.997994
30
0.0
0
VERTEX
8
P00680
10
162.475332
20
237.997994
30
0.0
0
SEQEND
0
POLYLINE
8
P00681
66
1
70
0
0
VERTEX
8
P00681
10
160.527992
20
237.913326
30
0.0
0
VERTEX
8
P00681
10
162.559996
20
237.913326
30
0.0
0
SEQEND
0
POLYLINE
8
P00682
66
1
70
0
0
VERTEX
8
P00682
10
160.443329
20
237.828663
30
0.0
0
VERTEX
8
P00682
10
162.729333
20
237.828663
30
0.0
0
SEQEND
0
POLYLINE
8
P00683
66
1
70
0
0
VERTEX
8
P00683
10
160.443329
20
237.743994
30
0.0
0
VERTEX
8
P00683
10
162.813996
20
237.743994
30
0.0
0
SEQEND
0
POLYLINE
8
P00684
66
1
70
0
0
VERTEX
8
P00684
10
160.358666
20
237.659325
30
0.0
0
VERTEX
8
P00684
10
162.898659
20
237.659325
30
0.0
0
SEQEND
0
POLYLINE
8
P00685
66
1
70
0
0
VERTEX
8
P00685
10
160.273992
20
237.574662
30
0.0
0
VERTEX
8
P00685
10
162.983333
20
237.574662
30
0.0
0
SEQEND
0
POLYLINE
8
P00686
66
1
70
0
0
VERTEX
8
P00686
10
160.273992
20
237.489994
30
0.0
0
VERTEX
8
P00686
10
163.067997
20
237.489994
30
0.0
0
SEQEND
0
POLYLINE
8
P00687
66
1
70
0
0
VERTEX
8
P00687
10
160.189329
20
237.405325
30
0.0
0
VERTEX
8
P00687
10
162.983333
20
237.405325
30
0.0
0
SEQEND
0
POLYLINE
8
P00688
66
1
70
0
0
VERTEX
8
P00688
10
160.189329
20
237.320662
30
0.0
0
VERTEX
8
P00688
10
162.898659
20
237.320662
30
0.0
0
SEQEND
0
POLYLINE
8
P00689
66
1
70
0
0
VERTEX
8
P00689
10
160.104665
20
237.235993
30
0.0
0
VERTEX
8
P00689
10
162.813996
20
237.235993
30
0.0
0
SEQEND
0
POLYLINE
8
P00690
66
1
70
0
0
VERTEX
8
P00690
10
160.019991
20
237.151325
30
0.0
0
VERTEX
8
P00690
10
162.729333
20
237.151325
30
0.0
0
SEQEND
0
POLYLINE
8
P00691
66
1
70
0
0
VERTEX
8
P00691
10
160.019991
20
237.066661
30
0.0
0
VERTEX
8
P00691
10
162.644659
20
237.066661
30
0.0
0
SEQEND
0
POLYLINE
8
P00692
66
1
70
0
0
VERTEX
8
P00692
10
159.935328
20
236.981993
30
0.0
0
VERTEX
8
P00692
10
162.559996
20
236.981993
30
0.0
0
SEQEND
0
POLYLINE
8
P00693
66
1
70
0
0
VERTEX
8
P00693
10
159.850665
20
236.897329
30
0.0
0
VERTEX
8
P00693
10
162.475332
20
236.897329
30
0.0
0
SEQEND
0
POLYLINE
8
P00694
66
1
70
0
0
VERTEX
8
P00694
10
159.850665
20
236.812661
30
0.0
0
VERTEX
8
P00694
10
162.390658
20
236.812661
30
0.0
0
SEQEND
0
POLYLINE
8
P00695
66
1
70
0
0
VERTEX
8
P00695
10
159.766002
20
236.727992
30
0.0
0
VERTEX
8
P00695
10
162.305995
20
236.727992
30
0.0
0
SEQEND
0
POLYLINE
8
P00696
66
1
70
0
0
VERTEX
8
P00696
10
159.681328
20
236.643329
30
0.0
0
VERTEX
8
P00696
10
162.221332
20
236.643329
30
0.0
0
SEQEND
0
POLYLINE
8
P00697
66
1
70
0
0
VERTEX
8
P00697
10
159.681328
20
236.558660
30
0.0
0
VERTEX
8
P00697
10
162.136658
20
236.558660
30
0.0
0
SEQEND
0
POLYLINE
8
P00698
66
1
70
0
0
VERTEX
8
P00698
10
159.596665
20
236.473992
30
0.0
0
VERTEX
8
P00698
10
162.051995
20
236.473992
30
0.0
0
SEQEND
0
POLYLINE
8
P00699
66
1
70
0
0
VERTEX
8
P00699
10
159.512001
20
236.389329
30
0.0
0
VERTEX
8
P00699
10
161.967332
20
236.389329
30
0.0
0
SEQEND
0
POLYLINE
8
P00700
66
1
70
0
0
VERTEX
8
P00700
10
159.512001
20
236.304660
30
0.0
0
VERTEX
8
P00700
10
161.882668
20
236.304660
30
0.0
0
SEQEND
0
POLYLINE
8
P00701
66
1
70
0
0
VERTEX
8
P00701
10
159.427327
20
236.219991
30
0.0
0
VERTEX
8
P00701
10
161.713331
20
236.219991
30
0.0
0
SEQEND
0
POLYLINE
8
P00702
66
1
70
0
0
VERTEX
8
P00702
10
159.342664
20
236.135328
30
0.0
0
VERTEX
8
P00702
10
161.628668
20
236.135328
30
0.0
0
SEQEND
0
POLYLINE
8
P00703
66
1
70
0
0
VERTEX
8
P00703
10
159.342664
20
236.050660
30
0.0
0
VERTEX
8
P00703
10
161.543994
20
236.050660
30
0.0
0
SEQEND
0
POLYLINE
8
P00704
66
1
70
0
0
VERTEX
8
P00704
10
159.258001
20
235.965991
30
0.0
0
VERTEX
8
P00704
10
161.459331
20
235.965991
30
0.0
0
SEQEND
0
POLYLINE
8
P00705
66
1
70
0
0
VERTEX
8
P00705
10
159.173327
20
235.881328
30
0.0
0
VERTEX
8
P00705
10
161.374668
20
235.881328
30
0.0
0
SEQEND
0
POLYLINE
8
P00706
66
1
70
0
0
VERTEX
8
P00706
10
159.173327
20
235.796659
30
0.0
0
VERTEX
8
P00706
10
161.289994
20
235.796659
30
0.0
0
SEQEND
0
POLYLINE
8
P00707
66
1
70
0
0
VERTEX
8
P00707
10
159.173327
20
235.711996
30
0.0
0
VERTEX
8
P00707
10
161.205330
20
235.711996
30
0.0
0
SEQEND
0
POLYLINE
8
P00708
66
1
70
0
0
VERTEX
8
P00708
10
159.173327
20
235.627327
30
0.0
0
VERTEX
8
P00708
10
161.120667
20
235.627327
30
0.0
0
SEQEND
0
POLYLINE
8
P00709
66
1
70
0
0
VERTEX
8
P00709
10
159.088664
20
235.542659
30
0.0
0
VERTEX
8
P00709
10
161.035993
20
235.542659
30
0.0
0
SEQEND
0
POLYLINE
8
P00710
66
1
70
0
0
VERTEX
8
P00710
10
159.088664
20
235.457995
30
0.0
0
VERTEX
8
P00710
10
160.951330
20
235.457995
30
0.0
0
SEQEND
0
POLYLINE
8
P00711
66
1
70
0
0
VERTEX
8
P00711
10
159.088664
20
235.373327
30
0.0
0
VERTEX
8
P00711
10
160.866667
20
235.373327
30
0.0
0
SEQEND
0
POLYLINE
8
P00712
66
1
70
0
0
VERTEX
8
P00712
10
159.004000
20
235.288658
30
0.0
0
VERTEX
8
P00712
10
160.781993
20
235.288658
30
0.0
0
SEQEND
0
POLYLINE
8
P00713
66
1
70
0
0
VERTEX
8
P00713
10
159.004000
20
235.203995
30
0.0
0
VERTEX
8
P00713
10
160.697329
20
235.203995
30
0.0
0
SEQEND
0
POLYLINE
8
P00714
66
1
70
0
0
VERTEX
8
P00714
10
159.004000
20
235.119326
30
0.0
0
VERTEX
8
P00714
10
160.612666
20
235.119326
30
0.0
0
SEQEND
0
POLYLINE
8
P00715
66
1
70
0
0
VERTEX
8
P00715
10
158.919326
20
235.034658
30
0.0
0
VERTEX
8
P00715
10
160.527992
20
235.034658
30
0.0
0
SEQEND
0
POLYLINE
8
P00716
66
1
70
0
0
VERTEX
8
P00716
10
158.919326
20
234.949995
30
0.0
0
VERTEX
8
P00716
10
160.358666
20
234.949995
30
0.0
0
SEQEND
0
POLYLINE
8
P00717
66
1
70
0
0
VERTEX
8
P00717
10
158.919326
20
234.865326
30
0.0
0
VERTEX
8
P00717
10
160.273992
20
234.865326
30
0.0
0
SEQEND
0
POLYLINE
8
P00718
66
1
70
0
0
VERTEX
8
P00718
10
158.834663
20
234.780663
30
0.0
0
VERTEX
8
P00718
10
160.104665
20
234.780663
30
0.0
0
SEQEND
0
POLYLINE
8
P00719
66
1
70
0
0
VERTEX
8
P00719
10
158.834663
20
234.695994
30
0.0
0
VERTEX
8
P00719
10
159.935328
20
234.695994
30
0.0
0
SEQEND
0
POLYLINE
8
P00720
66
1
70
0
0
VERTEX
8
P00720
10
158.834663
20
234.611326
30
0.0
0
VERTEX
8
P00720
10
159.766002
20
234.611326
30
0.0
0
SEQEND
0
POLYLINE
8
P00721
66
1
70
0
0
VERTEX
8
P00721
10
158.750000
20
234.526662
30
0.0
0
VERTEX
8
P00721
10
159.596665
20
234.526662
30
0.0
0
SEQEND
0
POLYLINE
8
P00722
66
1
70
0
0
VERTEX
8
P00722
10
158.750000
20
234.441994
30
0.0
0
VERTEX
8
P00722
10
159.427327
20
234.441994
30
0.0
0
SEQEND
0
POLYLINE
8
P00723
66
1
70
0
0
VERTEX
8
P00723
10
158.750000
20
234.357325
30
0.0
0
VERTEX
8
P00723
10
159.258001
20
234.357325
30
0.0
0
SEQEND
0
POLYLINE
8
P00724
66
1
70
0
0
VERTEX
8
P00724
10
158.665326
20
234.272662
30
0.0
0
VERTEX
8
P00724
10
159.088664
20
234.272662
30
0.0
0
SEQEND
0
POLYLINE
8
P00725
66
1
70
0
0
VERTEX
8
P00725
10
158.665326
20
234.187993
30
0.0
0
VERTEX
8
P00725
10
158.919326
20
234.187993
30
0.0
0
SEQEND
0
POLYLINE
8
P00726
66
1
70
0
0
VERTEX
8
P00726
10
158.665326
20
234.103325
30
0.0
0
VERTEX
8
P00726
10
158.750000
20
234.103325
30
0.0
0
VERTEX
8
P00726
10
158.665326
20
234.103325
30
0.0
0
SEQEND
0
POLYLINE
8
P00727
66
1
70
0
0
VERTEX
8
P00727
10
158.580663
20
234.018661
30
0.0
0
VERTEX
8
P00727
10
162.305995
20
237.489994
30
0.0
0
VERTEX
8
P00727
10
158.580663
20
234.018661
30
0.0
0
SEQEND
0
POLYLINE
8
P00728
66
1
70
0
0
VERTEX
8
P00728
10
162.305995
20
237.489994
30
0.0
0
VERTEX
8
P00728
10
161.459331
20
237.489994
30
0.0
0
VERTEX
8
P00728
10
162.305995
20
237.489994
30
0.0
0
SEQEND
0
POLYLINE
8
P00729
66
1
70
0
0
VERTEX
8
P00729
10
161.459331
20
237.489994
30
0.0
0
VERTEX
8
P00729
10
161.289994
20
238.336658
30
0.0
0
VERTEX
8
P00729
10
161.459331
20
237.489994
30
0.0
0
SEQEND
0
POLYLINE
8
P00730
66
1
70
0
0
VERTEX
8
P00730
10
161.289994
20
238.336658
30
0.0
0
VERTEX
8
P00730
10
158.580663
20
234.018661
30
0.0
0
VERTEX
8
P00730
10
161.289994
20
238.336658
30
0.0
0
SEQEND
0
POLYLINE
8
P00731
66
1
70
0
0
VERTEX
8
P00731
10
158.580663
20
234.018661
30
0.0
0
VERTEX
8
P00731
10
163.067997
20
239.437328
30
0.0
0
VERTEX
8
P00731
10
158.580663
20
234.018661
30
0.0
0
SEQEND
0
POLYLINE
8
P00732
66
1
70
0
0
VERTEX
8
P00732
10
161.459331
20
237.489994
30
0.0
0
VERTEX
8
P00732
10
162.305995
20
237.489994
30
0.0
0
SEQEND
0
POLYLINE
8
P00733
66
1
70
0
0
VERTEX
8
P00733
10
161.459331
20
237.405325
30
0.0
0
VERTEX
8
P00733
10
162.221332
20
237.405325
30
0.0
0
SEQEND
0
POLYLINE
8
P00734
66
1
70
0
0
VERTEX
8
P00734
10
161.374668
20
237.320662
30
0.0
0
VERTEX
8
P00734
10
162.136658
20
237.320662
30
0.0
0
SEQEND
0
POLYLINE
8
P00735
66
1
70
0
0
VERTEX
8
P00735
10
161.289994
20
237.235993
30
0.0
0
VERTEX
8
P00735
10
162.051995
20
237.235993
30
0.0
0
SEQEND
0
POLYLINE
8
P00736
66
1
70
0
0
VERTEX
8
P00736
10
161.205330
20
237.151325
30
0.0
0
VERTEX
8
P00736
10
161.967332
20
237.151325
30
0.0
0
SEQEND
0
POLYLINE
8
P00737
66
1
70
0
0
VERTEX
8
P00737
10
161.120667
20
237.066661
30
0.0
0
VERTEX
8
P00737
10
161.882668
20
237.066661
30
0.0
0
SEQEND
0
POLYLINE
8
P00738
66
1
70
0
0
VERTEX
8
P00738
10
161.120667
20
236.981993
30
0.0
0
VERTEX
8
P00738
10
161.797994
20
236.981993
30
0.0
0
SEQEND
0
POLYLINE
8
P00739
66
1
70
0
0
VERTEX
8
P00739
10
161.035993
20
236.897329
30
0.0
0
VERTEX
8
P00739
10
161.713331
20
236.897329
30
0.0
0
SEQEND
0
POLYLINE
8
P00740
66
1
70
0
0
VERTEX
8
P00740
10
160.951330
20
236.812661
30
0.0
0
VERTEX
8
P00740
10
161.628668
20
236.812661
30
0.0
0
SEQEND
0
POLYLINE
8
P00741
66
1
70
0
0
VERTEX
8
P00741
10
160.866667
20
236.727992
30
0.0
0
VERTEX
8
P00741
10
161.543994
20
236.727992
30
0.0
0
SEQEND
0
POLYLINE
8
P00742
66
1
70
0
0
VERTEX
8
P00742
10
160.781993
20
236.643329
30
0.0
0
VERTEX
8
P00742
10
161.459331
20
236.643329
30
0.0
0
SEQEND
0
POLYLINE
8
P00743
66
1
70
0
0
VERTEX
8
P00743
10
160.697329
20
236.558660
30
0.0
0
VERTEX
8
P00743
10
161.374668
20
236.558660
30
0.0
0
SEQEND
0
POLYLINE
8
P00744
66
1
70
0
0
VERTEX
8
P00744
10
160.697329
20
236.473992
30
0.0
0
VERTEX
8
P00744
10
161.289994
20
236.473992
30
0.0
0
SEQEND
0
POLYLINE
8
P00745
66
1
70
0
0
VERTEX
8
P00745
10
160.612666
20
236.389329
30
0.0
0
VERTEX
8
P00745
10
161.205330
20
236.389329
30
0.0
0
SEQEND
0
POLYLINE
8
P00746
66
1
70
0
0
VERTEX
8
P00746
10
160.527992
20
236.304660
30
0.0
0
VERTEX
8
P00746
10
161.035993
20
236.304660
30
0.0
0
SEQEND
0
POLYLINE
8
P00747
66
1
70
0
0
VERTEX
8
P00747
10
160.443329
20
236.219991
30
0.0
0
VERTEX
8
P00747
10
160.951330
20
236.219991
30
0.0
0
SEQEND
0
POLYLINE
8
P00748
66
1
70
0
0
VERTEX
8
P00748
10
160.358666
20
236.135328
30
0.0
0
VERTEX
8
P00748
10
160.866667
20
236.135328
30
0.0
0
SEQEND
0
POLYLINE
8
P00749
66
1
70
0
0
VERTEX
8
P00749
10
160.273992
20
236.050660
30
0.0
0
VERTEX
8
P00749
10
160.781993
20
236.050660
30
0.0
0
SEQEND
0
POLYLINE
8
P00750
66
1
70
0
0
VERTEX
8
P00750
10
160.273992
20
235.965991
30
0.0
0
VERTEX
8
P00750
10
160.697329
20
235.965991
30
0.0
0
SEQEND
0
POLYLINE
8
P00751
66
1
70
0
0
VERTEX
8
P00751
10
160.189329
20
235.881328
30
0.0
0
VERTEX
8
P00751
10
160.612666
20
235.881328
30
0.0
0
SEQEND
0
POLYLINE
8
P00752
66
1
70
0
0
VERTEX
8
P00752
10
160.104665
20
235.796659
30
0.0
0
VERTEX
8
P00752
10
160.527992
20
235.796659
30
0.0
0
SEQEND
0
POLYLINE
8
P00753
66
1
70
0
0
VERTEX
8
P00753
10
160.019991
20
235.711996
30
0.0
0
VERTEX
8
P00753
10
160.443329
20
235.711996
30
0.0
0
SEQEND
0
POLYLINE
8
P00754
66
1
70
0
0
VERTEX
8
P00754
10
159.935328
20
235.627327
30
0.0
0
VERTEX
8
P00754
10
160.358666
20
235.627327
30
0.0
0
SEQEND
0
POLYLINE
8
P00755
66
1
70
0
0
VERTEX
8
P00755
10
159.850665
20
235.542659
30
0.0
0
VERTEX
8
P00755
10
160.273992
20
235.542659
30
0.0
0
SEQEND
0
POLYLINE
8
P00756
66
1
70
0
0
VERTEX
8
P00756
10
159.850665
20
235.457995
30
0.0
0
VERTEX
8
P00756
10
160.189329
20
235.457995
30
0.0
0
SEQEND
0
POLYLINE
8
P00757
66
1
70
0
0
VERTEX
8
P00757
10
159.766002
20
235.373327
30
0.0
0
VERTEX
8
P00757
10
160.104665
20
235.373327
30
0.0
0
SEQEND
0
POLYLINE
8
P00758
66
1
70
0
0
VERTEX
8
P00758
10
159.681328
20
235.288658
30
0.0
0
VERTEX
8
P00758
10
160.019991
20
235.288658
30
0.0
0
SEQEND
0
POLYLINE
8
P00759
66
1
70
0
0
VERTEX
8
P00759
10
159.596665
20
235.203995
30
0.0
0
VERTEX
8
P00759
10
159.935328
20
235.203995
30
0.0
0
SEQEND
0
POLYLINE
8
P00760
66
1
70
0
0
VERTEX
8
P00760
10
159.512001
20
235.119326
30
0.0
0
VERTEX
8
P00760
10
159.766002
20
235.119326
30
0.0
0
SEQEND
0
POLYLINE
8
P00761
66
1
70
0
0
VERTEX
8
P00761
10
159.427327
20
235.034658
30
0.0
0
VERTEX
8
P00761
10
159.681328
20
235.034658
30
0.0
0
SEQEND
0
POLYLINE
8
P00762
66
1
70
0
0
VERTEX
8
P00762
10
159.427327
20
234.949995
30
0.0
0
VERTEX
8
P00762
10
159.596665
20
234.949995
30
0.0
0
SEQEND
0
POLYLINE
8
P00763
66
1
70
0
0
VERTEX
8
P00763
10
159.342664
20
234.865326
30
0.0
0
VERTEX
8
P00763
10
159.512001
20
234.865326
30
0.0
0
SEQEND
0
POLYLINE
8
P00764
66
1
70
0
0
VERTEX
8
P00764
10
159.258001
20
234.780663
30
0.0
0
VERTEX
8
P00764
10
159.427327
20
234.780663
30
0.0
0
SEQEND
0
POLYLINE
8
P00765
66
1
70
0
0
VERTEX
8
P00765
10
159.173327
20
234.695994
30
0.0
0
VERTEX
8
P00765
10
159.342664
20
234.695994
30
0.0
0
SEQEND
0
POLYLINE
8
P00766
66
1
70
0
0
VERTEX
8
P00766
10
159.088664
20
234.611326
30
0.0
0
VERTEX
8
P00766
10
159.258001
20
234.611326
30
0.0
0
SEQEND
0
POLYLINE
8
P00767
66
1
70
0
0
VERTEX
8
P00767
10
159.004000
20
234.526662
30
0.0
0
VERTEX
8
P00767
10
159.173327
20
234.526662
30
0.0
0
SEQEND
0
POLYLINE
8
P00768
66
1
70
0
0
VERTEX
8
P00768
10
159.004000
20
234.441994
30
0.0
0
VERTEX
8
P00768
10
159.088664
20
234.441994
30
0.0
0
SEQEND
0
POLYLINE
8
P00769
66
1
70
0
0
VERTEX
8
P00769
10
158.919326
20
234.357325
30
0.0
0
VERTEX
8
P00769
10
159.004000
20
234.357325
30
0.0
0
SEQEND
0
POLYLINE
8
P00770
66
1
70
0
0
VERTEX
8
P00770
10
158.834663
20
234.272662
30
0.0
0
VERTEX
8
P00770
10
158.919326
20
234.272662
30
0.0
0
SEQEND
0
POLYLINE
8
P00771
66
1
70
0
0
VERTEX
8
P00771
10
158.750000
20
234.187993
30
0.0
0
VERTEX
8
P00771
10
158.834663
20
234.187993
30
0.0
0
SEQEND
0
POLYLINE
8
P00772
66
1
70
0
0
VERTEX
8
P00772
10
158.665326
20
234.103325
30
0.0
0
VERTEX
8
P00772
10
158.750000
20
234.103325
30
0.0
0
VERTEX
8
P00772
10
158.665326
20
234.103325
30
0.0
0
SEQEND
0
POLYLINE
8
P00773
66
1
70
0
0
VERTEX
8
P00773
10
161.289994
20
238.251995
30
0.0
0
VERTEX
8
P00773
10
161.374668
20
238.251995
30
0.0
0
SEQEND
0
POLYLINE
8
P00774
66
1
70
0
0
VERTEX
8
P00774
10
161.205330
20
238.167326
30
0.0
0
VERTEX
8
P00774
10
161.374668
20
238.167326
30
0.0
0
SEQEND
0
POLYLINE
8
P00775
66
1
70
0
0
VERTEX
8
P00775
10
161.205330
20
238.082658
30
0.0
0
VERTEX
8
P00775
10
161.374668
20
238.082658
30
0.0
0
SEQEND
0
POLYLINE
8
P00776
66
1
70
0
0
VERTEX
8
P00776
10
161.120667
20
237.997994
30
0.0
0
VERTEX
8
P00776
10
161.374668
20
237.997994
30
0.0
0
SEQEND
0
POLYLINE
8
P00777
66
1
70
0
0
VERTEX
8
P00777
10
161.035993
20
237.913326
30
0.0
0
VERTEX
8
P00777
10
161.374668
20
237.913326
30
0.0
0
SEQEND
0
POLYLINE
8
P00778
66
1
70
0
0
VERTEX
8
P00778
10
161.035993
20
237.828663
30
0.0
0
VERTEX
8
P00778
10
161.459331
20
237.828663
30
0.0
0
SEQEND
0
POLYLINE
8
P00779
66
1
70
0
0
VERTEX
8
P00779
10
160.951330
20
237.743994
30
0.0
0
VERTEX
8
P00779
10
161.459331
20
237.743994
30
0.0
0
SEQEND
0
POLYLINE
8
P00780
66
1
70
0
0
VERTEX
8
P00780
10
160.866667
20
237.659325
30
0.0
0
VERTEX
8
P00780
10
161.459331
20
237.659325
30
0.0
0
SEQEND
0
POLYLINE
8
P00781
66
1
70
0
0
VERTEX
8
P00781
10
160.866667
20
237.574662
30
0.0
0
VERTEX
8
P00781
10
161.459331
20
237.574662
30
0.0
0
SEQEND
0
POLYLINE
8
P00782
66
1
70
0
0
VERTEX
8
P00782
10
160.781993
20
237.489994
30
0.0
0
VERTEX
8
P00782
10
161.459331
20
237.489994
30
0.0
0
SEQEND
0
POLYLINE
8
P00783
66
1
70
0
0
VERTEX
8
P00783
10
160.781993
20
237.405325
30
0.0
0
VERTEX
8
P00783
10
161.459331
20
237.405325
30
0.0
0
SEQEND
0
POLYLINE
8
P00784
66
1
70
0
0
VERTEX
8
P00784
10
160.697329
20
237.320662
30
0.0
0
VERTEX
8
P00784
10
161.374668
20
237.320662
30
0.0
0
SEQEND
0
POLYLINE
8
P00785
66
1
70
0
0
VERTEX
8
P00785
10
160.612666
20
237.235993
30
0.0
0
VERTEX
8
P00785
10
161.289994
20
237.235993
30
0.0
0
SEQEND
0
POLYLINE
8
P00786
66
1
70
0
0
VERTEX
8
P00786
10
160.612666
20
237.151325
30
0.0
0
VERTEX
8
P00786
10
161.205330
20
237.151325
30
0.0
0
SEQEND
0
POLYLINE
8
P00787
66
1
70
0
0
VERTEX
8
P00787
10
160.527992
20
237.066661
30
0.0
0
VERTEX
8
P00787
10
161.120667
20
237.066661
30
0.0
0
SEQEND
0
POLYLINE
8
P00788
66
1
70
0
0
VERTEX
8
P00788
10
160.443329
20
236.981993
30
0.0
0
VERTEX
8
P00788
10
161.120667
20
236.981993
30
0.0
0
SEQEND
0
POLYLINE
8
P00789
66
1
70
0
0
VERTEX
8
P00789
10
160.443329
20
236.897329
30
0.0
0
VERTEX
8
P00789
10
161.035993
20
236.897329
30
0.0
0
SEQEND
0
POLYLINE
8
P00790
66
1
70
0
0
VERTEX
8
P00790
10
160.358666
20
236.812661
30
0.0
0
VERTEX
8
P00790
10
160.951330
20
236.812661
30
0.0
0
SEQEND
0
POLYLINE
8
P00791
66
1
70
0
0
VERTEX
8
P00791
10
160.358666
20
236.727992
30
0.0
0
VERTEX
8
P00791
10
160.866667
20
236.727992
30
0.0
0
SEQEND
0
POLYLINE
8
P00792
66
1
70
0
0
VERTEX
8
P00792
10
160.273992
20
236.643329
30
0.0
0
VERTEX
8
P00792
10
160.781993
20
236.643329
30
0.0
0
SEQEND
0
POLYLINE
8
P00793
66
1
70
0
0
VERTEX
8
P00793
10
160.189329
20
236.558660
30
0.0
0
VERTEX
8
P00793
10
160.697329
20
236.558660
30
0.0
0
SEQEND
0
POLYLINE
8
P00794
66
1
70
0
0
VERTEX
8
P00794
10
160.189329
20
236.473992
30
0.0
0
VERTEX
8
P00794
10
160.697329
20
236.473992
30
0.0
0
SEQEND
0
POLYLINE
8
P00795
66
1
70
0
0
VERTEX
8
P00795
10
160.104665
20
236.389329
30
0.0
0
VERTEX
8
P00795
10
160.612666
20
236.389329
30
0.0
0
SEQEND
0
POLYLINE
8
P00796
66
1
70
0
0
VERTEX
8
P00796
10
160.019991
20
236.304660
30
0.0
0
VERTEX
8
P00796
10
160.527992
20
236.304660
30
0.0
0
SEQEND
0
POLYLINE
8
P00797
66
1
70
0
0
VERTEX
8
P00797
10
160.019991
20
236.219991
30
0.0
0
VERTEX
8
P00797
10
160.443329
20
236.219991
30
0.0
0
SEQEND
0
POLYLINE
8
P00798
66
1
70
0
0
VERTEX
8
P00798
10
159.935328
20
236.135328
30
0.0
0
VERTEX
8
P00798
10
160.358666
20
236.135328
30
0.0
0
SEQEND
0
POLYLINE
8
P00799
66
1
70
0
0
VERTEX
8
P00799
10
159.935328
20
236.050660
30
0.0
0
VERTEX
8
P00799
10
160.273992
20
236.050660
30
0.0
0
SEQEND
0
POLYLINE
8
P00800
66
1
70
0
0
VERTEX
8
P00800
10
159.850665
20
235.965991
30
0.0
0
VERTEX
8
P00800
10
160.273992
20
235.965991
30
0.0
0
SEQEND
0
POLYLINE
8
P00801
66
1
70
0
0
VERTEX
8
P00801
10
159.766002
20
235.881328
30
0.0
0
VERTEX
8
P00801
10
160.189329
20
235.881328
30
0.0
0
SEQEND
0
POLYLINE
8
P00802
66
1
70
0
0
VERTEX
8
P00802
10
159.766002
20
235.796659
30
0.0
0
VERTEX
8
P00802
10
160.104665
20
235.796659
30
0.0
0
SEQEND
0
POLYLINE
8
P00803
66
1
70
0
0
VERTEX
8
P00803
10
159.681328
20
235.711996
30
0.0
0
VERTEX
8
P00803
10
160.019991
20
235.711996
30
0.0
0
SEQEND
0
POLYLINE
8
P00804
66
1
70
0
0
VERTEX
8
P00804
10
159.596665
20
235.627327
30
0.0
0
VERTEX
8
P00804
10
159.935328
20
235.627327
30
0.0
0
SEQEND
0
POLYLINE
8
P00805
66
1
70
0
0
VERTEX
8
P00805
10
159.596665
20
235.542659
30
0.0
0
VERTEX
8
P00805
10
159.850665
20
235.542659
30
0.0
0
SEQEND
0
POLYLINE
8
P00806
66
1
70
0
0
VERTEX
8
P00806
10
159.512001
20
235.457995
30
0.0
0
VERTEX
8
P00806
10
159.850665
20
235.457995
30
0.0
0
SEQEND
0
POLYLINE
8
P00807
66
1
70
0
0
VERTEX
8
P00807
10
159.512001
20
235.373327
30
0.0
0
VERTEX
8
P00807
10
159.766002
20
235.373327
30
0.0
0
SEQEND
0
POLYLINE
8
P00808
66
1
70
0
0
VERTEX
8
P00808
10
159.427327
20
235.288658
30
0.0
0
VERTEX
8
P00808
10
159.681328
20
235.288658
30
0.0
0
SEQEND
0
POLYLINE
8
P00809
66
1
70
0
0
VERTEX
8
P00809
10
159.342664
20
235.203995
30
0.0
0
VERTEX
8
P00809
10
159.596665
20
235.203995
30
0.0
0
SEQEND
0
POLYLINE
8
P00810
66
1
70
0
0
VERTEX
8
P00810
10
159.342664
20
235.119326
30
0.0
0
VERTEX
8
P00810
10
159.512001
20
235.119326
30
0.0
0
SEQEND
0
POLYLINE
8
P00811
66
1
70
0
0
VERTEX
8
P00811
10
159.258001
20
235.034658
30
0.0
0
VERTEX
8
P00811
10
159.427327
20
235.034658
30
0.0
0
SEQEND
0
POLYLINE
8
P00812
66
1
70
0
0
VERTEX
8
P00812
10
159.173327
20
234.949995
30
0.0
0
VERTEX
8
P00812
10
159.427327
20
234.949995
30
0.0
0
SEQEND
0
POLYLINE
8
P00813
66
1
70
0
0
VERTEX
8
P00813
10
159.173327
20
234.865326
30
0.0
0
VERTEX
8
P00813
10
159.342664
20
234.865326
30
0.0
0
SEQEND
0
POLYLINE
8
P00814
66
1
70
0
0
VERTEX
8
P00814
10
159.088664
20
234.780663
30
0.0
0
VERTEX
8
P00814
10
159.258001
20
234.780663
30
0.0
0
SEQEND
0
POLYLINE
8
P00815
66
1
70
0
0
VERTEX
8
P00815
10
159.088664
20
234.695994
30
0.0
0
VERTEX
8
P00815
10
159.173327
20
234.695994
30
0.0
0
SEQEND
0
POLYLINE
8
P00816
66
1
70
0
0
VERTEX
8
P00816
10
159.004000
20
234.611326
30
0.0
0
VERTEX
8
P00816
10
159.088664
20
234.611326
30
0.0
0
SEQEND
0
POLYLINE
8
P00817
66
1
70
0
0
VERTEX
8
P00817
10
158.919326
20
234.526662
30
0.0
0
VERTEX
8
P00817
10
159.004000
20
234.526662
30
0.0
0
SEQEND
0
POLYLINE
8
P00818
66
1
70
0
0
VERTEX
8
P00818
10
158.919326
20
234.441994
30
0.0
0
VERTEX
8
P00818
10
159.004000
20
234.441994
30
0.0
0
SEQEND
0
POLYLINE
8
P00819
66
1
70
0
0
VERTEX
8
P00819
10
158.834663
20
234.357325
30
0.0
0
VERTEX
8
P00819
10
158.919326
20
234.357325
30
0.0
0
SEQEND
0
POLYLINE
8
P00820
66
1
70
0
0
VERTEX
8
P00820
10
158.750000
20
234.272662
30
0.0
0
VERTEX
8
P00820
10
158.834663
20
234.272662
30
0.0
0
VERTEX
8
P00820
10
158.750000
20
234.272662
30
0.0
0
SEQEND
0
POLYLINE
8
P00821
66
1
70
0
0
VERTEX
8
P00821
10
156.040658
20
230.970662
30
0.0
0
VERTEX
8
P00821
10
158.580663
20
234.018661
30
0.0
0
VERTEX
8
P00821
10
156.040658
20
230.970662
30
0.0
0
SEQEND
0
POLYLINE
8
P00822
66
1
70
0
0
VERTEX
8
P00822
10
83.057995
20
257.386661
30
0.0
0
VERTEX
8
P00822
10
83.142664
20
257.386661
30
0.0
0
SEQEND
0
POLYLINE
8
P00823
66
1
70
0
0
VERTEX
8
P00823
10
82.973332
20
257.301992
30
0.0
0
VERTEX
8
P00823
10
83.227333
20
257.301992
30
0.0
0
SEQEND
0
POLYLINE
8
P00824
66
1
70
0
0
VERTEX
8
P00824
10
82.888664
20
257.217326
30
0.0
0
VERTEX
8
P00824
10
83.311996
20
257.217326
30
0.0
0
SEQEND
0
POLYLINE
8
P00825
66
1
70
0
0
VERTEX
8
P00825
10
82.804000
20
257.132660
30
0.0
0
VERTEX
8
P00825
10
83.396665
20
257.132660
30
0.0
0
SEQEND
0
POLYLINE
8
P00826
66
1
70
0
0
VERTEX
8
P00826
10
82.804000
20
257.047994
30
0.0
0
VERTEX
8
P00826
10
83.481333
20
257.047994
30
0.0
0
SEQEND
0
POLYLINE
8
P00827
66
1
70
0
0
VERTEX
8
P00827
10
82.719332
20
256.963326
30
0.0
0
VERTEX
8
P00827
10
83.565996
20
256.963326
30
0.0
0
SEQEND
0
POLYLINE
8
P00828
66
1
70
0
0
VERTEX
8
P00828
10
82.634663
20
256.878660
30
0.0
0
VERTEX
8
P00828
10
83.650665
20
256.878660
30
0.0
0
SEQEND
0
POLYLINE
8
P00829
66
1
70
0
0
VERTEX
8
P00829
10
82.550000
20
256.793994
30
0.0
0
VERTEX
8
P00829
10
83.735334
20
256.793994
30
0.0
0
SEQEND
0
POLYLINE
8
P00830
66
1
70
0
0
VERTEX
8
P00830
10
82.550000
20
256.709325
30
0.0
0
VERTEX
8
P00830
10
83.819997
20
256.709325
30
0.0
0
SEQEND
0
POLYLINE
8
P00831
66
1
70
0
0
VERTEX
8
P00831
10
82.465331
20
256.624659
30
0.0
0
VERTEX
8
P00831
10
83.904665
20
256.624659
30
0.0
0
SEQEND
0
POLYLINE
8
P00832
66
1
70
0
0
VERTEX
8
P00832
10
82.380663
20
256.539994
30
0.0
0
VERTEX
8
P00832
10
83.989334
20
256.539994
30
0.0
0
SEQEND
0
POLYLINE
8
P00833
66
1
70
0
0
VERTEX
8
P00833
10
82.296000
20
256.455328
30
0.0
0
VERTEX
8
P00833
10
84.073997
20
256.455328
30
0.0
0
SEQEND
0
POLYLINE
8
P00834
66
1
70
0
0
VERTEX
8
P00834
10
82.211331
20
256.370659
30
0.0
0
VERTEX
8
P00834
10
84.158666
20
256.370659
30
0.0
0
SEQEND
0
POLYLINE
8
P00835
66
1
70
0
0
VERTEX
8
P00835
10
82.211331
20
256.285993
30
0.0
0
VERTEX
8
P00835
10
84.243329
20
256.285993
30
0.0
0
SEQEND
0
POLYLINE
8
P00836
66
1
70
0
0
VERTEX
8
P00836
10
82.126662
20
256.201327
30
0.0
0
VERTEX
8
P00836
10
84.327998
20
256.201327
30
0.0
0
SEQEND
0
POLYLINE
8
P00837
66
1
70
0
0
VERTEX
8
P00837
10
82.041999
20
256.116659
30
0.0
0
VERTEX
8
P00837
10
84.412666
20
256.116659
30
0.0
0
SEQEND
0
POLYLINE
8
P00838
66
1
70
0
0
VERTEX
8
P00838
10
81.957331
20
256.031993
30
0.0
0
VERTEX
8
P00838
10
84.497329
20
256.031993
30
0.0
0
SEQEND
0
POLYLINE
8
P00839
66
1
70
0
0
VERTEX
8
P00839
10
81.957331
20
255.947327
30
0.0
0
VERTEX
8
P00839
10
84.581998
20
255.947327
30
0.0
0
SEQEND
0
POLYLINE
8
P00840
66
1
70
0
0
VERTEX
8
P00840
10
81.872667
20
255.862661
30
0.0
0
VERTEX
8
P00840
10
84.666667
20
255.862661
30
0.0
0
SEQEND
0
POLYLINE
8
P00841
66
1
70
0
0
VERTEX
8
P00841
10
81.787999
20
255.777992
30
0.0
0
VERTEX
8
P00841
10
84.751330
20
255.777992
30
0.0
0
SEQEND
0
POLYLINE
8
P00842
66
1
70
0
0
VERTEX
8
P00842
10
81.703330
20
255.693326
30
0.0
0
VERTEX
8
P00842
10
84.835998
20
255.693326
30
0.0
0
SEQEND
0
POLYLINE
8
P00843
66
1
70
0
0
VERTEX
8
P00843
10
81.703330
20
255.608660
30
0.0
0
VERTEX
8
P00843
10
84.751330
20
255.608660
30
0.0
0
SEQEND
0
POLYLINE
8
P00844
66
1
70
0
0
VERTEX
8
P00844
10
81.618667
20
255.523995
30
0.0
0
VERTEX
8
P00844
10
84.666667
20
255.523995
30
0.0
0
SEQEND
0
POLYLINE
8
P00845
66
1
70
0
0
VERTEX
8
P00845
10
81.533998
20
255.439326
30
0.0
0
VERTEX
8
P00845
10
84.497329
20
255.439326
30
0.0
0
SEQEND
0
POLYLINE
8
P00846
66
1
70
0
0
VERTEX
8
P00846
10
81.449330
20
255.354660
30
0.0
0
VERTEX
8
P00846
10
84.412666
20
255.354660
30
0.0
0
SEQEND
0
POLYLINE
8
P00847
66
1
70
0
0
VERTEX
8
P00847
10
81.364666
20
255.269994
30
0.0
0
VERTEX
8
P00847
10
84.327998
20
255.269994
30
0.0
0
SEQEND
0
POLYLINE
8
P00848
66
1
70
0
0
VERTEX
8
P00848
10
81.364666
20
255.185325
30
0.0
0
VERTEX
8
P00848
10
84.158666
20
255.185325
30
0.0
0
SEQEND
0
POLYLINE
8
P00849
66
1
70
0
0
VERTEX
8
P00849
10
81.279998
20
255.100660
30
0.0
0
VERTEX
8
P00849
10
84.073997
20
255.100660
30
0.0
0
SEQEND
0
POLYLINE
8
P00850
66
1
70
0
0
VERTEX
8
P00850
10
81.195329
20
255.015994
30
0.0
0
VERTEX
8
P00850
10
83.904665
20
255.015994
30
0.0
0
SEQEND
0
POLYLINE
8
P00851
66
1
70
0
0
VERTEX
8
P00851
10
81.110666
20
254.931328
30
0.0
0
VERTEX
8
P00851
10
83.819997
20
254.931328
30
0.0
0
SEQEND
0
POLYLINE
8
P00852
66
1
70
0
0
VERTEX
8
P00852
10
81.110666
20
254.846659
30
0.0
0
VERTEX
8
P00852
10
83.735334
20
254.846659
30
0.0
0
SEQEND
0
POLYLINE
8
P00853
66
1
70
0
0
VERTEX
8
P00853
10
81.025997
20
254.761993
30
0.0
0
VERTEX
8
P00853
10
83.565996
20
254.761993
30
0.0
0
SEQEND
0
POLYLINE
8
P00854
66
1
70
0
0
VERTEX
8
P00854
10
80.941334
20
254.677327
30
0.0
0
VERTEX
8
P00854
10
83.481333
20
254.677327
30
0.0
0
SEQEND
0
POLYLINE
8
P00855
66
1
70
0
0
VERTEX
8
P00855
10
80.856666
20
254.592659
30
0.0
0
VERTEX
8
P00855
10
83.311996
20
254.592659
30
0.0
0
SEQEND
0
POLYLINE
8
P00856
66
1
70
0
0
VERTEX
8
P00856
10
80.771997
20
254.507993
30
0.0
0
VERTEX
8
P00856
10
83.227333
20
254.507993
30
0.0
0
SEQEND
0
POLYLINE
8
P00857
66
1
70
0
0
VERTEX
8
P00857
10
80.771997
20
254.423327
30
0.0
0
VERTEX
8
P00857
10
83.142664
20
254.423327
30
0.0
0
SEQEND
0
POLYLINE
8
P00858
66
1
70
0
0
VERTEX
8
P00858
10
80.771997
20
254.338661
30
0.0
0
VERTEX
8
P00858
10
82.973332
20
254.338661
30
0.0
0
SEQEND
0
POLYLINE
8
P00859
66
1
70
0
0
VERTEX
8
P00859
10
80.687334
20
254.253992
30
0.0
0
VERTEX
8
P00859
10
82.888664
20
254.253992
30
0.0
0
SEQEND
0
POLYLINE
8
P00860
66
1
70
0
0
VERTEX
8
P00860
10
80.687334
20
254.169326
30
0.0
0
VERTEX
8
P00860
10
82.804000
20
254.169326
30
0.0
0
SEQEND
0
POLYLINE
8
P00861
66
1
70
0
0
VERTEX
8
P00861
10
80.602665
20
254.084661
30
0.0
0
VERTEX
8
P00861
10
82.634663
20
254.084661
30
0.0
0
SEQEND
0
POLYLINE
8
P00862
66
1
70
0
0
VERTEX
8
P00862
10
80.602665
20
253.999992
30
0.0
0
VERTEX
8
P00862
10
82.550000
20
253.999992
30
0.0
0
SEQEND
0
POLYLINE
8
P00863
66
1
70
0
0
VERTEX
8
P00863
10
80.517997
20
253.915326
30
0.0
0
VERTEX
8
P00863
10
82.380663
20
253.915326
30
0.0
0
SEQEND
0
POLYLINE
8
P00864
66
1
70
0
0
VERTEX
8
P00864
10
80.517997
20
253.830660
30
0.0
0
VERTEX
8
P00864
10
82.296000
20
253.830660
30
0.0
0
SEQEND
0
POLYLINE
8
P00865
66
1
70
0
0
VERTEX
8
P00865
10
80.517997
20
253.745994
30
0.0
0
VERTEX
8
P00865
10
82.211331
20
253.745994
30
0.0
0
SEQEND
0
POLYLINE
8
P00866
66
1
70
0
0
VERTEX
8
P00866
10
80.433333
20
253.661326
30
0.0
0
VERTEX
8
P00866
10
82.041999
20
253.661326
30
0.0
0
SEQEND
0
POLYLINE
8
P00867
66
1
70
0
0
VERTEX
8
P00867
10
80.433333
20
253.576660
30
0.0
0
VERTEX
8
P00867
10
81.957331
20
253.576660
30
0.0
0
SEQEND
0
POLYLINE
8
P00868
66
1
70
0
0
VERTEX
8
P00868
10
80.348665
20
253.491994
30
0.0
0
VERTEX
8
P00868
10
81.787999
20
253.491994
30
0.0
0
SEQEND
0
POLYLINE
8
P00869
66
1
70
0
0
VERTEX
8
P00869
10
80.348665
20
253.407328
30
0.0
0
VERTEX
8
P00869
10
81.618667
20
253.407328
30
0.0
0
SEQEND
0
POLYLINE
8
P00870
66
1
70
0
0
VERTEX
8
P00870
10
80.263996
20
253.322659
30
0.0
0
VERTEX
8
P00870
10
81.449330
20
253.322659
30
0.0
0
SEQEND
0
POLYLINE
8
P00871
66
1
70
0
0
VERTEX
8
P00871
10
80.263996
20
253.237993
30
0.0
0
VERTEX
8
P00871
10
81.195329
20
253.237993
30
0.0
0
SEQEND
0
POLYLINE
8
P00872
66
1
70
0
0
VERTEX
8
P00872
10
80.263996
20
253.153327
30
0.0
0
VERTEX
8
P00872
10
81.025997
20
253.153327
30
0.0
0
SEQEND
0
POLYLINE
8
P00873
66
1
70
0
0
VERTEX
8
P00873
10
80.179333
20
253.068659
30
0.0
0
VERTEX
8
P00873
10
80.856666
20
253.068659
30
0.0
0
SEQEND
0
POLYLINE
8
P00874
66
1
70
0
0
VERTEX
8
P00874
10
80.179333
20
252.983993
30
0.0
0
VERTEX
8
P00874
10
80.602665
20
252.983993
30
0.0
0
SEQEND
0
POLYLINE
8
P00875
66
1
70
0
0
VERTEX
8
P00875
10
80.094664
20
252.899324
30
0.0
0
VERTEX
8
P00875
10
80.433333
20
252.899324
30
0.0
0
SEQEND
0
POLYLINE
8
P00876
66
1
70
0
0
VERTEX
8
P00876
10
80.094664
20
252.814661
30
0.0
0
VERTEX
8
P00876
10
80.263996
20
252.814661
30
0.0
0
VERTEX
8
P00876
10
80.094664
20
252.814661
30
0.0
0
SEQEND
0
POLYLINE
8
P00877
66
1
70
0
0
VERTEX
8
P00877
10
80.009996
20
252.729992
30
0.0
0
VERTEX
8
P00877
10
83.142664
20
256.709325
30
0.0
0
VERTEX
8
P00877
10
80.009996
20
252.729992
30
0.0
0
SEQEND
0
POLYLINE
8
P00878
66
1
70
0
0
VERTEX
8
P00878
10
83.142664
20
256.709325
30
0.0
0
VERTEX
8
P00878
10
83.227333
20
255.862661
30
0.0
0
VERTEX
8
P00878
10
83.142664
20
256.709325
30
0.0
0
SEQEND
0
POLYLINE
8
P00879
66
1
70
0
0
VERTEX
8
P00879
10
83.227333
20
255.862661
30
0.0
0
VERTEX
8
P00879
10
84.073997
20
255.777992
30
0.0
0
VERTEX
8
P00879
10
83.227333
20
255.862661
30
0.0
0
SEQEND
0
POLYLINE
8
P00880
66
1
70
0
0
VERTEX
8
P00880
10
84.073997
20
255.777992
30
0.0
0
VERTEX
8
P00880
10
80.009996
20
252.729992
30
0.0
0
VERTEX
8
P00880
10
84.073997
20
255.777992
30
0.0
0
SEQEND
0
POLYLINE
8
P00881
66
1
70
0
0
VERTEX
8
P00881
10
83.142664
20
256.624659
30
0.0
0
VERTEX
8
P00881
10
83.227333
20
256.624659
30
0.0
0
SEQEND
0
POLYLINE
8
P00882
66
1
70
0
0
VERTEX
8
P00882
10
83.057995
20
256.539994
30
0.0
0
VERTEX
8
P00882
10
83.227333
20
256.539994
30
0.0
0
SEQEND
0
POLYLINE
8
P00883
66
1
70
0
0
VERTEX
8
P00883
10
82.973332
20
256.455328
30
0.0
0
VERTEX
8
P00883
10
83.227333
20
256.455328
30
0.0
0
SEQEND
0
POLYLINE
8
P00884
66
1
70
0
0
VERTEX
8
P00884
10
82.888664
20
256.370659
30
0.0
0
VERTEX
8
P00884
10
83.227333
20
256.370659
30
0.0
0
SEQEND
0
POLYLINE
8
P00885
66
1
70
0
0
VERTEX
8
P00885
10
82.888664
20
256.285993
30
0.0
0
VERTEX
8
P00885
10
83.227333
20
256.285993
30
0.0
0
SEQEND
0
POLYLINE
8
P00886
66
1
70
0
0
VERTEX
8
P00886
10
82.804000
20
256.201327
30
0.0
0
VERTEX
8
P00886
10
83.227333
20
256.201327
30
0.0
0
SEQEND
0
POLYLINE
8
P00887
66
1
70
0
0
VERTEX
8
P00887
10
82.719332
20
256.116659
30
0.0
0
VERTEX
8
P00887
10
83.227333
20
256.116659
30
0.0
0
SEQEND
0
POLYLINE
8
P00888
66
1
70
0
0
VERTEX
8
P00888
10
82.634663
20
256.031993
30
0.0
0
VERTEX
8
P00888
10
83.227333
20
256.031993
30
0.0
0
SEQEND
0
POLYLINE
8
P00889
66
1
70
0
0
VERTEX
8
P00889
10
82.550000
20
255.947327
30
0.0
0
VERTEX
8
P00889
10
83.227333
20
255.947327
30
0.0
0
SEQEND
0
POLYLINE
8
P00890
66
1
70
0
0
VERTEX
8
P00890
10
82.550000
20
255.862661
30
0.0
0
VERTEX
8
P00890
10
83.227333
20
255.862661
30
0.0
0
SEQEND
0
POLYLINE
8
P00891
66
1
70
0
0
VERTEX
8
P00891
10
82.465331
20
255.777992
30
0.0
0
VERTEX
8
P00891
10
83.142664
20
255.777992
30
0.0
0
SEQEND
0
POLYLINE
8
P00892
66
1
70
0
0
VERTEX
8
P00892
10
82.380663
20
255.693326
30
0.0
0
VERTEX
8
P00892
10
83.057995
20
255.693326
30
0.0
0
SEQEND
0
POLYLINE
8
P00893
66
1
70
0
0
VERTEX
8
P00893
10
82.296000
20
255.608660
30
0.0
0
VERTEX
8
P00893
10
82.973332
20
255.608660
30
0.0
0
SEQEND
0
POLYLINE
8
P00894
66
1
70
0
0
VERTEX
8
P00894
10
82.211331
20
255.523995
30
0.0
0
VERTEX
8
P00894
10
82.888664
20
255.523995
30
0.0
0
SEQEND
0
POLYLINE
8
P00895
66
1
70
0
0
VERTEX
8
P00895
10
82.211331
20
255.439326
30
0.0
0
VERTEX
8
P00895
10
82.804000
20
255.439326
30
0.0
0
SEQEND
0
POLYLINE
8
P00896
66
1
70
0
0
VERTEX
8
P00896
10
82.126662
20
255.354660
30
0.0
0
VERTEX
8
P00896
10
82.719332
20
255.354660
30
0.0
0
SEQEND
0
POLYLINE
8
P00897
66
1
70
0
0
VERTEX
8
P00897
10
82.041999
20
255.269994
30
0.0
0
VERTEX
8
P00897
10
82.634663
20
255.269994
30
0.0
0
SEQEND
0
POLYLINE
8
P00898
66
1
70
0
0
VERTEX
8
P00898
10
81.957331
20
255.185325
30
0.0
0
VERTEX
8
P00898
10
82.550000
20
255.185325
30
0.0
0
SEQEND
0
POLYLINE
8
P00899
66
1
70
0
0
VERTEX
8
P00899
10
81.957331
20
255.100660
30
0.0
0
VERTEX
8
P00899
10
82.465331
20
255.100660
30
0.0
0
SEQEND
0
POLYLINE
8
P00900
66
1
70
0
0
VERTEX
8
P00900
10
81.872667
20
255.015994
30
0.0
0
VERTEX
8
P00900
10
82.380663
20
255.015994
30
0.0
0
SEQEND
0
POLYLINE
8
P00901
66
1
70
0
0
VERTEX
8
P00901
10
81.787999
20
254.931328
30
0.0
0
VERTEX
8
P00901
10
82.296000
20
254.931328
30
0.0
0
SEQEND
0
POLYLINE
8
P00902
66
1
70
0
0
VERTEX
8
P00902
10
81.703330
20
254.846659
30
0.0
0
VERTEX
8
P00902
10
82.211331
20
254.846659
30
0.0
0
SEQEND
0
POLYLINE
8
P00903
66
1
70
0
0
VERTEX
8
P00903
10
81.618667
20
254.761993
30
0.0
0
VERTEX
8
P00903
10
82.126662
20
254.761993
30
0.0
0
SEQEND
0
POLYLINE
8
P00904
66
1
70
0
0
VERTEX
8
P00904
10
81.618667
20
254.677327
30
0.0
0
VERTEX
8
P00904
10
82.041999
20
254.677327
30
0.0
0
SEQEND
0
POLYLINE
8
P00905
66
1
70
0
0
VERTEX
8
P00905
10
81.533998
20
254.592659
30
0.0
0
VERTEX
8
P00905
10
81.957331
20
254.592659
30
0.0
0
SEQEND
0
POLYLINE
8
P00906
66
1
70
0
0
VERTEX
8
P00906
10
81.449330
20
254.507993
30
0.0
0
VERTEX
8
P00906
10
81.872667
20
254.507993
30
0.0
0
SEQEND
0
POLYLINE
8
P00907
66
1
70
0
0
VERTEX
8
P00907
10
81.364666
20
254.423327
30
0.0
0
VERTEX
8
P00907
10
81.787999
20
254.423327
30
0.0
0
SEQEND
0
POLYLINE
8
P00908
66
1
70
0
0
VERTEX
8
P00908
10
81.279998
20
254.338661
30
0.0
0
VERTEX
8
P00908
10
81.703330
20
254.338661
30
0.0
0
SEQEND
0
POLYLINE
8
P00909
66
1
70
0
0
VERTEX
8
P00909
10
81.279998
20
254.253992
30
0.0
0
VERTEX
8
P00909
10
81.618667
20
254.253992
30
0.0
0
SEQEND
0
POLYLINE
8
P00910
66
1
70
0
0
VERTEX
8
P00910
10
81.195329
20
254.169326
30
0.0
0
VERTEX
8
P00910
10
81.533998
20
254.169326
30
0.0
0
SEQEND
0
POLYLINE
8
P00911
66
1
70
0
0
VERTEX
8
P00911
10
81.110666
20
254.084661
30
0.0
0
VERTEX
8
P00911
10
81.449330
20
254.084661
30
0.0
0
SEQEND
0
POLYLINE
8
P00912
66
1
70
0
0
VERTEX
8
P00912
10
81.025997
20
253.999992
30
0.0
0
VERTEX
8
P00912
10
81.364666
20
253.999992
30
0.0
0
SEQEND
0
POLYLINE
8
P00913
66
1
70
0
0
VERTEX
8
P00913
10
81.025997
20
253.915326
30
0.0
0
VERTEX
8
P00913
10
81.279998
20
253.915326
30
0.0
0
SEQEND
0
POLYLINE
8
P00914
66
1
70
0
0
VERTEX
8
P00914
10
80.941334
20
253.830660
30
0.0
0
VERTEX
8
P00914
10
81.195329
20
253.830660
30
0.0
0
SEQEND
0
POLYLINE
8
P00915
66
1
70
0
0
VERTEX
8
P00915
10
80.856666
20
253.745994
30
0.0
0
VERTEX
8
P00915
10
81.110666
20
253.745994
30
0.0
0
SEQEND
0
POLYLINE
8
P00916
66
1
70
0
0
VERTEX
8
P00916
10
80.771997
20
253.661326
30
0.0
0
VERTEX
8
P00916
10
81.025997
20
253.661326
30
0.0
0
SEQEND
0
POLYLINE
8
P00917
66
1
70
0
0
VERTEX
8
P00917
10
80.687334
20
253.576660
30
0.0
0
VERTEX
8
P00917
10
80.941334
20
253.576660
30
0.0
0
SEQEND
0
POLYLINE
8
P00918
66
1
70
0
0
VERTEX
8
P00918
10
80.687334
20
253.491994
30
0.0
0
VERTEX
8
P00918
10
80.856666
20
253.491994
30
0.0
0
SEQEND
0
POLYLINE
8
P00919
66
1
70
0
0
VERTEX
8
P00919
10
80.602665
20
253.407328
30
0.0
0
VERTEX
8
P00919
10
80.771997
20
253.407328
30
0.0
0
SEQEND
0
POLYLINE
8
P00920
66
1
70
0
0
VERTEX
8
P00920
10
80.517997
20
253.322659
30
0.0
0
VERTEX
8
P00920
10
80.687334
20
253.322659
30
0.0
0
SEQEND
0
POLYLINE
8
P00921
66
1
70
0
0
VERTEX
8
P00921
10
80.433333
20
253.237993
30
0.0
0
VERTEX
8
P00921
10
80.602665
20
253.237993
30
0.0
0
SEQEND
0
POLYLINE
8
P00922
66
1
70
0
0
VERTEX
8
P00922
10
80.348665
20
253.153327
30
0.0
0
VERTEX
8
P00922
10
80.517997
20
253.153327
30
0.0
0
SEQEND
0
POLYLINE
8
P00923
66
1
70
0
0
VERTEX
8
P00923
10
80.348665
20
253.068659
30
0.0
0
VERTEX
8
P00923
10
80.433333
20
253.068659
30
0.0
0
SEQEND
0
POLYLINE
8
P00924
66
1
70
0
0
VERTEX
8
P00924
10
80.263996
20
252.983993
30
0.0
0
VERTEX
8
P00924
10
80.348665
20
252.983993
30
0.0
0
SEQEND
0
POLYLINE
8
P00925
66
1
70
0
0
VERTEX
8
P00925
10
80.179333
20
252.899324
30
0.0
0
VERTEX
8
P00925
10
80.263996
20
252.899324
30
0.0
0
SEQEND
0
POLYLINE
8
P00926
66
1
70
0
0
VERTEX
8
P00926
10
80.094664
20
252.814661
30
0.0
0
VERTEX
8
P00926
10
80.179333
20
252.814661
30
0.0
0
VERTEX
8
P00926
10
80.094664
20
252.814661
30
0.0
0
SEQEND
0
POLYLINE
8
P00927
66
1
70
0
0
VERTEX
8
P00927
10
83.142664
20
255.777992
30
0.0
0
VERTEX
8
P00927
10
84.073997
20
255.777992
30
0.0
0
SEQEND
0
POLYLINE
8
P00928
66
1
70
0
0
VERTEX
8
P00928
10
83.057995
20
255.693326
30
0.0
0
VERTEX
8
P00928
10
83.989334
20
255.693326
30
0.0
0
SEQEND
0
POLYLINE
8
P00929
66
1
70
0
0
VERTEX
8
P00929
10
82.973332
20
255.608660
30
0.0
0
VERTEX
8
P00929
10
83.904665
20
255.608660
30
0.0
0
SEQEND
0
POLYLINE
8
P00930
66
1
70
0
0
VERTEX
8
P00930
10
82.888664
20
255.523995
30
0.0
0
VERTEX
8
P00930
10
83.735334
20
255.523995
30
0.0
0
SEQEND
0
POLYLINE
8
P00931
66
1
70
0
0
VERTEX
8
P00931
10
82.804000
20
255.439326
30
0.0
0
VERTEX
8
P00931
10
83.650665
20
255.439326
30
0.0
0
SEQEND
0
POLYLINE
8
P00932
66
1
70
0
0
VERTEX
8
P00932
10
82.719332
20
255.354660
30
0.0
0
VERTEX
8
P00932
10
83.565996
20
255.354660
30
0.0
0
SEQEND
0
POLYLINE
8
P00933
66
1
70
0
0
VERTEX
8
P00933
10
82.634663
20
255.269994
30
0.0
0
VERTEX
8
P00933
10
83.396665
20
255.269994
30
0.0
0
SEQEND
0
POLYLINE
8
P00934
66
1
70
0
0
VERTEX
8
P00934
10
82.550000
20
255.185325
30
0.0
0
VERTEX
8
P00934
10
83.311996
20
255.185325
30
0.0
0
SEQEND
0
POLYLINE
8
P00935
66
1
70
0
0
VERTEX
8
P00935
10
82.465331
20
255.100660
30
0.0
0
VERTEX
8
P00935
10
83.227333
20
255.100660
30
0.0
0
SEQEND
0
POLYLINE
8
P00936
66
1
70
0
0
VERTEX
8
P00936
10
82.380663
20
255.015994
30
0.0
0
VERTEX
8
P00936
10
83.057995
20
255.015994
30
0.0
0
SEQEND
0
POLYLINE
8
P00937
66
1
70
0
0
VERTEX
8
P00937
10
82.296000
20
254.931328
30
0.0
0
VERTEX
8
P00937
10
82.973332
20
254.931328
30
0.0
0
SEQEND
0
POLYLINE
8
P00938
66
1
70
0
0
VERTEX
8
P00938
10
82.211331
20
254.846659
30
0.0
0
VERTEX
8
P00938
10
82.888664
20
254.846659
30
0.0
0
SEQEND
0
POLYLINE
8
P00939
66
1
70
0
0
VERTEX
8
P00939
10
82.126662
20
254.761993
30
0.0
0
VERTEX
8
P00939
10
82.719332
20
254.761993
30
0.0
0
SEQEND
0
POLYLINE
8
P00940
66
1
70
0
0
VERTEX
8
P00940
10
82.041999
20
254.677327
30
0.0
0
VERTEX
8
P00940
10
82.634663
20
254.677327
30
0.0
0
SEQEND
0
POLYLINE
8
P00941
66
1
70
0
0
VERTEX
8
P00941
10
81.957331
20
254.592659
30
0.0
0
VERTEX
8
P00941
10
82.550000
20
254.592659
30
0.0
0
SEQEND
0
POLYLINE
8
P00942
66
1
70
0
0
VERTEX
8
P00942
10
81.872667
20
254.507993
30
0.0
0
VERTEX
8
P00942
10
82.380663
20
254.507993
30
0.0
0
SEQEND
0
POLYLINE
8
P00943
66
1
70
0
0
VERTEX
8
P00943
10
81.787999
20
254.423327
30
0.0
0
VERTEX
8
P00943
10
82.296000
20
254.423327
30
0.0
0
SEQEND
0
POLYLINE
8
P00944
66
1
70
0
0
VERTEX
8
P00944
10
81.703330
20
254.338661
30
0.0
0
VERTEX
8
P00944
10
82.211331
20
254.338661
30
0.0
0
SEQEND
0
POLYLINE
8
P00945
66
1
70
0
0
VERTEX
8
P00945
10
81.618667
20
254.253992
30
0.0
0
VERTEX
8
P00945
10
82.041999
20
254.253992
30
0.0
0
SEQEND
0
POLYLINE
8
P00946
66
1
70
0
0
VERTEX
8
P00946
10
81.533998
20
254.169326
30
0.0
0
VERTEX
8
P00946
10
81.957331
20
254.169326
30
0.0
0
SEQEND
0
POLYLINE
8
P00947
66
1
70
0
0
VERTEX
8
P00947
10
81.449330
20
254.084661
30
0.0
0
VERTEX
8
P00947
10
81.872667
20
254.084661
30
0.0
0
SEQEND
0
POLYLINE
8
P00948
66
1
70
0
0
VERTEX
8
P00948
10
81.364666
20
253.999992
30
0.0
0
VERTEX
8
P00948
10
81.703330
20
253.999992
30
0.0
0
SEQEND
0
POLYLINE
8
P00949
66
1
70
0
0
VERTEX
8
P00949
10
81.279998
20
253.915326
30
0.0
0
VERTEX
8
P00949
10
81.618667
20
253.915326
30
0.0
0
SEQEND
0
POLYLINE
8
P00950
66
1
70
0
0
VERTEX
8
P00950
10
81.195329
20
253.830660
30
0.0
0
VERTEX
8
P00950
10
81.533998
20
253.830660
30
0.0
0
SEQEND
0
POLYLINE
8
P00951
66
1
70
0
0
VERTEX
8
P00951
10
81.110666
20
253.745994
30
0.0
0
VERTEX
8
P00951
10
81.364666
20
253.745994
30
0.0
0
SEQEND
0
POLYLINE
8
P00952
66
1
70
0
0
VERTEX
8
P00952
10
81.025997
20
253.661326
30
0.0
0
VERTEX
8
P00952
10
81.279998
20
253.661326
30
0.0
0
SEQEND
0
POLYLINE
8
P00953
66
1
70
0
0
VERTEX
8
P00953
10
80.941334
20
253.576660
30
0.0
0
VERTEX
8
P00953
10
81.195329
20
253.576660
30
0.0
0
SEQEND
0
POLYLINE
8
P00954
66
1
70
0
0
VERTEX
8
P00954
10
80.856666
20
253.491994
30
0.0
0
VERTEX
8
P00954
10
81.025997
20
253.491994
30
0.0
0
SEQEND
0
POLYLINE
8
P00955
66
1
70
0
0
VERTEX
8
P00955
10
80.771997
20
253.407328
30
0.0
0
VERTEX
8
P00955
10
80.941334
20
253.407328
30
0.0
0
SEQEND
0
POLYLINE
8
P00956
66
1
70
0
0
VERTEX
8
P00956
10
80.687334
20
253.322659
30
0.0
0
VERTEX
8
P00956
10
80.856666
20
253.322659
30
0.0
0
SEQEND
0
POLYLINE
8
P00957
66
1
70
0
0
VERTEX
8
P00957
10
80.602665
20
253.237993
30
0.0
0
VERTEX
8
P00957
10
80.687334
20
253.237993
30
0.0
0
SEQEND
0
POLYLINE
8
P00958
66
1
70
0
0
VERTEX
8
P00958
10
80.517997
20
253.153327
30
0.0
0
VERTEX
8
P00958
10
80.602665
20
253.153327
30
0.0
0
SEQEND
0
POLYLINE
8
P00959
66
1
70
0
0
VERTEX
8
P00959
10
80.433333
20
253.068659
30
0.0
0
VERTEX
8
P00959
10
80.517997
20
253.068659
30
0.0
0
VERTEX
8
P00959
10
80.433333
20
253.068659
30
0.0
0
SEQEND
0
POLYLINE
8
P00960
66
1
70
0
0
VERTEX
8
P00960
10
86.952665
20
259.672659
30
0.0
0
VERTEX
8
P00960
10
87.121997
20
259.672659
30
0.0
0
SEQEND
0
POLYLINE
8
P00961
66
1
70
0
0
VERTEX
8
P00961
10
86.698665
20
259.587993
30
0.0
0
VERTEX
8
P00961
10
87.121997
20
259.587993
30
0.0
0
SEQEND
0
POLYLINE
8
P00962
66
1
70
0
0
VERTEX
8
P00962
10
86.529333
20
259.503327
30
0.0
0
VERTEX
8
P00962
10
87.037334
20
259.503327
30
0.0
0
SEQEND
0
POLYLINE
8
P00963
66
1
70
0
0
VERTEX
8
P00963
10
86.275332
20
259.418659
30
0.0
0
VERTEX
8
P00963
10
87.037334
20
259.418659
30
0.0
0
SEQEND
0
POLYLINE
8
P00964
66
1
70
0
0
VERTEX
8
P00964
10
86.021332
20
259.333993
30
0.0
0
VERTEX
8
P00964
10
86.952665
20
259.333993
30
0.0
0
SEQEND
0
POLYLINE
8
P00965
66
1
70
0
0
VERTEX
8
P00965
10
85.852000
20
259.249327
30
0.0
0
VERTEX
8
P00965
10
86.952665
20
259.249327
30
0.0
0
SEQEND
0
POLYLINE
8
P00966
66
1
70
0
0
VERTEX
8
P00966
10
85.598000
20
259.164661
30
0.0
0
VERTEX
8
P00966
10
86.867997
20
259.164661
30
0.0
0
SEQEND
0
POLYLINE
8
P00967
66
1
70
0
0
VERTEX
8
P00967
10
85.343999
20
259.079992
30
0.0
0
VERTEX
8
P00967
10
86.867997
20
259.079992
30
0.0
0
SEQEND
0
POLYLINE
8
P00968
66
1
70
0
0
VERTEX
8
P00968
10
85.259331
20
258.995327
30
0.0
0
VERTEX
8
P00968
10
86.867997
20
258.995327
30
0.0
0
SEQEND
0
POLYLINE
8
P00969
66
1
70
0
0
VERTEX
8
P00969
10
85.174662
20
258.910661
30
0.0
0
VERTEX
8
P00969
10
86.783333
20
258.910661
30
0.0
0
SEQEND
0
POLYLINE
8
P00970
66
1
70
0
0
VERTEX
8
P00970
10
85.089999
20
258.825992
30
0.0
0
VERTEX
8
P00970
10
86.783333
20
258.825992
30
0.0
0
SEQEND
0
POLYLINE
8
P00971
66
1
70
0
0
VERTEX
8
P00971
10
84.920667
20
258.741326
30
0.0
0
VERTEX
8
P00971
10
86.698665
20
258.741326
30
0.0
0
SEQEND
0
POLYLINE
8
P00972
66
1
70
0
0
VERTEX
8
P00972
10
84.835998
20
258.656660
30
0.0
0
VERTEX
8
P00972
10
86.698665
20
258.656660
30
0.0
0
SEQEND
0
POLYLINE
8
P00973
66
1
70
0
0
VERTEX
8
P00973
10
84.751330
20
258.571994
30
0.0
0
VERTEX
8
P00973
10
86.613996
20
258.571994
30
0.0
0
SEQEND
0
POLYLINE
8
P00974
66
1
70
0
0
VERTEX
8
P00974
10
84.581998
20
258.487326
30
0.0
0
VERTEX
8
P00974
10
86.613996
20
258.487326
30
0.0
0
SEQEND
0
POLYLINE
8
P00975
66
1
70
0
0
VERTEX
8
P00975
10
84.497329
20
258.402660
30
0.0
0
VERTEX
8
P00975
10
86.613996
20
258.402660
30
0.0
0
SEQEND
0
POLYLINE
8
P00976
66
1
70
0
0
VERTEX
8
P00976
10
84.412666
20
258.317994
30
0.0
0
VERTEX
8
P00976
10
86.529333
20
258.317994
30
0.0
0
SEQEND
0
POLYLINE
8
P00977
66
1
70
0
0
VERTEX
8
P00977
10
84.327998
20
258.233325
30
0.0
0
VERTEX
8
P00977
10
86.529333
20
258.233325
30
0.0
0
SEQEND
0
POLYLINE
8
P00978
66
1
70
0
0
VERTEX
8
P00978
10
84.158666
20
258.148659
30
0.0
0
VERTEX
8
P00978
10
86.444664
20
258.148659
30
0.0
0
SEQEND
0
POLYLINE
8
P00979
66
1
70
0
0
VERTEX
8
P00979
10
84.073997
20
258.063993
30
0.0
0
VERTEX
8
P00979
10
86.444664
20
258.063993
30
0.0
0
SEQEND
0
POLYLINE
8
P00980
66
1
70
0
0
VERTEX
8
P00980
10
83.989334
20
257.979328
30
0.0
0
VERTEX
8
P00980
10
86.359996
20
257.979328
30
0.0
0
SEQEND
0
POLYLINE
8
P00981
66
1
70
0
0
VERTEX
8
P00981
10
83.819997
20
257.894659
30
0.0
0
VERTEX
8
P00981
10
86.359996
20
257.894659
30
0.0
0
SEQEND
0
POLYLINE
8
P00982
66
1
70
0
0
VERTEX
8
P00982
10
83.735334
20
257.809993
30
0.0
0
VERTEX
8
P00982
10
86.275332
20
257.809993
30
0.0
0
SEQEND
0
POLYLINE
8
P00983
66
1
70
0
0
VERTEX
8
P00983
10
83.650665
20
257.725327
30
0.0
0
VERTEX
8
P00983
10
86.190664
20
257.725327
30
0.0
0
SEQEND
0
POLYLINE
8
P00984
66
1
70
0
0
VERTEX
8
P00984
10
83.481333
20
257.640658
30
0.0
0
VERTEX
8
P00984
10
86.106001
20
257.640658
30
0.0
0
SEQEND
0
POLYLINE
8
P00985
66
1
70
0
0
VERTEX
8
P00985
10
83.396665
20
257.555993
30
0.0
0
VERTEX
8
P00985
10
86.106001
20
257.555993
30
0.0
0
SEQEND
0
POLYLINE
8
P00986
66
1
70
0
0
VERTEX
8
P00986
10
83.311996
20
257.471327
30
0.0
0
VERTEX
8
P00986
10
86.021332
20
257.471327
30
0.0
0
SEQEND
0
POLYLINE
8
P00987
66
1
70
0
0
VERTEX
8
P00987
10
83.227333
20
257.386661
30
0.0
0
VERTEX
8
P00987
10
85.936663
20
257.386661
30
0.0
0
SEQEND
0
POLYLINE
8
P00988
66
1
70
0
0
VERTEX
8
P00988
10
83.057995
20
257.301992
30
0.0
0
VERTEX
8
P00988
10
85.852000
20
257.301992
30
0.0
0
SEQEND
0
POLYLINE
8
P00989
66
1
70
0
0
VERTEX
8
P00989
10
82.973332
20
257.217326
30
0.0
0
VERTEX
8
P00989
10
85.852000
20
257.217326
30
0.0
0
SEQEND
0
POLYLINE
8
P00990
66
1
70
0
0
VERTEX
8
P00990
10
82.888664
20
257.132660
30
0.0
0
VERTEX
8
P00990
10
85.767332
20
257.132660
30
0.0
0
SEQEND
0
POLYLINE
8
P00991
66
1
70
0
0
VERTEX
8
P00991
10
82.719332
20
257.047994
30
0.0
0
VERTEX
8
P00991
10
85.682663
20
257.047994
30
0.0
0
SEQEND
0
POLYLINE
8
P00992
66
1
70
0
0
VERTEX
8
P00992
10
82.634663
20
256.963326
30
0.0
0
VERTEX
8
P00992
10
85.598000
20
256.963326
30
0.0
0
SEQEND
0
POLYLINE
8
P00993
66
1
70
0
0
VERTEX
8
P00993
10
82.550000
20
256.878660
30
0.0
0
VERTEX
8
P00993
10
85.513331
20
256.878660
30
0.0
0
SEQEND
0
POLYLINE
8
P00994
66
1
70
0
0
VERTEX
8
P00994
10
82.380663
20
256.793994
30
0.0
0
VERTEX
8
P00994
10
85.513331
20
256.793994
30
0.0
0
SEQEND
0
POLYLINE
8
P00995
66
1
70
0
0
VERTEX
8
P00995
10
82.465331
20
256.709325
30
0.0
0
VERTEX
8
P00995
10
85.428663
20
256.709325
30
0.0
0
SEQEND
0
POLYLINE
8
P00996
66
1
70
0
0
VERTEX
8
P00996
10
82.550000
20
256.624659
30
0.0
0
VERTEX
8
P00996
10
85.343999
20
256.624659
30
0.0
0
SEQEND
0
POLYLINE
8
P00997
66
1
70
0
0
VERTEX
8
P00997
10
82.634663
20
256.539994
30
0.0
0
VERTEX
8
P00997
10
85.259331
20
256.539994
30
0.0
0
SEQEND
0
POLYLINE
8
P00998
66
1
70
0
0
VERTEX
8
P00998
10
82.719332
20
256.455328
30
0.0
0
VERTEX
8
P00998
10
85.259331
20
256.455328
30
0.0
0
SEQEND
0
POLYLINE
8
P00999
66
1
70
0
0
VERTEX
8
P00999
10
82.804000
20
256.370659
30
0.0
0
VERTEX
8
P00999
10
85.174662
20
256.370659
30
0.0
0
SEQEND
0
POLYLINE
8
P01000
66
1
70
0
0
VERTEX
8
P01000
10
82.888664
20
256.285993
30
0.0
0
VERTEX
8
P01000
10
85.089999
20
256.285993
30
0.0
0
SEQEND
0
POLYLINE
8
P01001
66
1
70
0
0
VERTEX
8
P01001
10
82.973332
20
256.201327
30
0.0
0
VERTEX
8
P01001
10
85.005330
20
256.201327
30
0.0
0
SEQEND
0
POLYLINE
8
P01002
66
1
70
0
0
VERTEX
8
P01002
10
83.057995
20
256.116659
30
0.0
0
VERTEX
8
P01002
10
85.005330
20
256.116659
30
0.0
0
SEQEND
0
POLYLINE
8
P01003
66
1
70
0
0
VERTEX
8
P01003
10
83.142664
20
256.031993
30
0.0
0
VERTEX
8
P01003
10
84.920667
20
256.031993
30
0.0
0
SEQEND
0
POLYLINE
8
P01004
66
1
70
0
0
VERTEX
8
P01004
10
83.227333
20
255.947327
30
0.0
0
VERTEX
8
P01004
10
84.835998
20
255.947327
30
0.0
0
SEQEND
0
POLYLINE
8
P01005
66
1
70
0
0
VERTEX
8
P01005
10
83.227333
20
255.862661
30
0.0
0
VERTEX
8
P01005
10
84.751330
20
255.862661
30
0.0
0
SEQEND
0
POLYLINE
8
P01006
66
1
70
0
0
VERTEX
8
P01006
10
83.311996
20
255.777992
30
0.0
0
VERTEX
8
P01006
10
84.666667
20
255.777992
30
0.0
0
SEQEND
0
POLYLINE
8
P01007
66
1
70
0
0
VERTEX
8
P01007
10
83.396665
20
255.693326
30
0.0
0
VERTEX
8
P01007
10
84.666667
20
255.693326
30
0.0
0
SEQEND
0
POLYLINE
8
P01008
66
1
70
0
0
VERTEX
8
P01008
10
83.481333
20
255.608660
30
0.0
0
VERTEX
8
P01008
10
84.581998
20
255.608660
30
0.0
0
SEQEND
0
POLYLINE
8
P01009
66
1
70
0
0
VERTEX
8
P01009
10
83.565996
20
255.523995
30
0.0
0
VERTEX
8
P01009
10
84.497329
20
255.523995
30
0.0
0
SEQEND
0
POLYLINE
8
P01010
66
1
70
0
0
VERTEX
8
P01010
10
83.650665
20
255.439326
30
0.0
0
VERTEX
8
P01010
10
84.412666
20
255.439326
30
0.0
0
SEQEND
0
POLYLINE
8
P01011
66
1
70
0
0
VERTEX
8
P01011
10
83.735334
20
255.354660
30
0.0
0
VERTEX
8
P01011
10
84.412666
20
255.354660
30
0.0
0
SEQEND
0
POLYLINE
8
P01012
66
1
70
0
0
VERTEX
8
P01012
10
83.819997
20
255.269994
30
0.0
0
VERTEX
8
P01012
10
84.327998
20
255.269994
30
0.0
0
SEQEND
0
POLYLINE
8
P01013
66
1
70
0
0
VERTEX
8
P01013
10
83.904665
20
255.185325
30
0.0
0
VERTEX
8
P01013
10
84.243329
20
255.185325
30
0.0
0
SEQEND
0
POLYLINE
8
P01014
66
1
70
0
0
VERTEX
8
P01014
10
83.989334
20
255.100660
30
0.0
0
VERTEX
8
P01014
10
84.158666
20
255.100660
30
0.0
0
VERTEX
8
P01014
10
83.989334
20
255.100660
30
0.0
0
SEQEND
0
POLYLINE
8
P01015
66
1
70
0
0
VERTEX
8
P01015
10
87.121997
20
259.757325
30
0.0
0
VERTEX
8
P01015
10
84.073997
20
255.777992
30
0.0
0
VERTEX
8
P01015
10
87.121997
20
259.757325
30
0.0
0
SEQEND
0
POLYLINE
8
P01016
66
1
70
0
0
VERTEX
8
P01016
10
84.073997
20
255.777992
30
0.0
0
VERTEX
8
P01016
10
83.904665
20
256.624659
30
0.0
0
VERTEX
8
P01016
10
84.073997
20
255.777992
30
0.0
0
SEQEND
0
POLYLINE
8
P01017
66
1
70
0
0
VERTEX
8
P01017
10
83.904665
20
256.624659
30
0.0
0
VERTEX
8
P01017
10
83.142664
20
256.709325
30
0.0
0
VERTEX
8
P01017
10
83.904665
20
256.624659
30
0.0
0
SEQEND
0
POLYLINE
8
P01018
66
1
70
0
0
VERTEX
8
P01018
10
83.142664
20
256.709325
30
0.0
0
VERTEX
8
P01018
10
87.121997
20
259.757325
30
0.0
0
VERTEX
8
P01018
10
83.142664
20
256.709325
30
0.0
0
SEQEND
0
POLYLINE
8
P01019
66
1
70
0
0
VERTEX
8
P01019
10
87.037334
20
259.672659
30
0.0
0
VERTEX
8
P01019
10
87.121997
20
259.672659
30
0.0
0
SEQEND
0
POLYLINE
8
P01020
66
1
70
0
0
VERTEX
8
P01020
10
86.952665
20
259.587993
30
0.0
0
VERTEX
8
P01020
10
87.037334
20
259.587993
30
0.0
0
SEQEND
0
POLYLINE
8
P01021
66
1
70
0
0
VERTEX
8
P01021
10
86.867997
20
259.503327
30
0.0
0
VERTEX
8
P01021
10
86.952665
20
259.503327
30
0.0
0
SEQEND
0
POLYLINE
8
P01022
66
1
70
0
0
VERTEX
8
P01022
10
86.783333
20
259.418659
30
0.0
0
VERTEX
8
P01022
10
86.867997
20
259.418659
30
0.0
0
SEQEND
0
POLYLINE
8
P01023
66
1
70
0
0
VERTEX
8
P01023
10
86.698665
20
259.333993
30
0.0
0
VERTEX
8
P01023
10
86.867997
20
259.333993
30
0.0
0
SEQEND
0
POLYLINE
8
P01024
66
1
70
0
0
VERTEX
8
P01024
10
86.613996
20
259.249327
30
0.0
0
VERTEX
8
P01024
10
86.783333
20
259.249327
30
0.0
0
SEQEND
0
POLYLINE
8
P01025
66
1
70
0
0
VERTEX
8
P01025
10
86.529333
20
259.164661
30
0.0
0
VERTEX
8
P01025
10
86.698665
20
259.164661
30
0.0
0
SEQEND
0
POLYLINE
8
P01026
66
1
70
0
0
VERTEX
8
P01026
10
86.444664
20
259.079992
30
0.0
0
VERTEX
8
P01026
10
86.613996
20
259.079992
30
0.0
0
SEQEND
0
POLYLINE
8
P01027
66
1
70
0
0
VERTEX
8
P01027
10
86.359996
20
258.995327
30
0.0
0
VERTEX
8
P01027
10
86.613996
20
258.995327
30
0.0
0
SEQEND
0
POLYLINE
8
P01028
66
1
70
0
0
VERTEX
8
P01028
10
86.275332
20
258.910661
30
0.0
0
VERTEX
8
P01028
10
86.529333
20
258.910661
30
0.0
0
SEQEND
0
POLYLINE
8
P01029
66
1
70
0
0
VERTEX
8
P01029
10
86.190664
20
258.825992
30
0.0
0
VERTEX
8
P01029
10
86.444664
20
258.825992
30
0.0
0
SEQEND
0
POLYLINE
8
P01030
66
1
70
0
0
VERTEX
8
P01030
10
86.106001
20
258.741326
30
0.0
0
VERTEX
8
P01030
10
86.359996
20
258.741326
30
0.0
0
SEQEND
0
POLYLINE
8
P01031
66
1
70
0
0
VERTEX
8
P01031
10
86.021332
20
258.656660
30
0.0
0
VERTEX
8
P01031
10
86.359996
20
258.656660
30
0.0
0
SEQEND
0
POLYLINE
8
P01032
66
1
70
0
0
VERTEX
8
P01032
10
85.936663
20
258.571994
30
0.0
0
VERTEX
8
P01032
10
86.275332
20
258.571994
30
0.0
0
SEQEND
0
POLYLINE
8
P01033
66
1
70
0
0
VERTEX
8
P01033
10
85.852000
20
258.487326
30
0.0
0
VERTEX
8
P01033
10
86.190664
20
258.487326
30
0.0
0
SEQEND
0
POLYLINE
8
P01034
66
1
70
0
0
VERTEX
8
P01034
10
85.767332
20
258.402660
30
0.0
0
VERTEX
8
P01034
10
86.106001
20
258.402660
30
0.0
0
SEQEND
0
POLYLINE
8
P01035
66
1
70
0
0
VERTEX
8
P01035
10
85.682663
20
258.317994
30
0.0
0
VERTEX
8
P01035
10
86.021332
20
258.317994
30
0.0
0
SEQEND
0
POLYLINE
8
P01036
66
1
70
0
0
VERTEX
8
P01036
10
85.598000
20
258.233325
30
0.0
0
VERTEX
8
P01036
10
86.021332
20
258.233325
30
0.0
0
SEQEND
0
POLYLINE
8
P01037
66
1
70
0
0
VERTEX
8
P01037
10
85.513331
20
258.148659
30
0.0
0
VERTEX
8
P01037
10
85.936663
20
258.148659
30
0.0
0
SEQEND
0
POLYLINE
8
P01038
66
1
70
0
0
VERTEX
8
P01038
10
85.428663
20
258.063993
30
0.0
0
VERTEX
8
P01038
10
85.852000
20
258.063993
30
0.0
0
SEQEND
0
POLYLINE
8
P01039
66
1
70
0
0
VERTEX
8
P01039
10
85.343999
20
257.979328
30
0.0
0
VERTEX
8
P01039
10
85.767332
20
257.979328
30
0.0
0
SEQEND
0
POLYLINE
8
P01040
66
1
70
0
0
VERTEX
8
P01040
10
85.259331
20
257.894659
30
0.0
0
VERTEX
8
P01040
10
85.767332
20
257.894659
30
0.0
0
SEQEND
0
POLYLINE
8
P01041
66
1
70
0
0
VERTEX
8
P01041
10
85.174662
20
257.809993
30
0.0
0
VERTEX
8
P01041
10
85.682663
20
257.809993
30
0.0
0
SEQEND
0
POLYLINE
8
P01042
66
1
70
0
0
VERTEX
8
P01042
10
85.089999
20
257.725327
30
0.0
0
VERTEX
8
P01042
10
85.598000
20
257.725327
30
0.0
0
SEQEND
0
POLYLINE
8
P01043
66
1
70
0
0
VERTEX
8
P01043
10
85.005330
20
257.640658
30
0.0
0
VERTEX
8
P01043
10
85.513331
20
257.640658
30
0.0
0
SEQEND
0
POLYLINE
8
P01044
66
1
70
0
0
VERTEX
8
P01044
10
84.920667
20
257.555993
30
0.0
0
VERTEX
8
P01044
10
85.513331
20
257.555993
30
0.0
0
SEQEND
0
POLYLINE
8
P01045
66
1
70
0
0
VERTEX
8
P01045
10
84.835998
20
257.471327
30
0.0
0
VERTEX
8
P01045
10
85.428663
20
257.471327
30
0.0
0
SEQEND
0
POLYLINE
8
P01046
66
1
70
0
0
VERTEX
8
P01046
10
84.751330
20
257.386661
30
0.0
0
VERTEX
8
P01046
10
85.343999
20
257.386661
30
0.0
0
SEQEND
0
POLYLINE
8
P01047
66
1
70
0
0
VERTEX
8
P01047
10
84.666667
20
257.301992
30
0.0
0
VERTEX
8
P01047
10
85.259331
20
257.301992
30
0.0
0
SEQEND
0
POLYLINE
8
P01048
66
1
70
0
0
VERTEX
8
P01048
10
84.581998
20
257.217326
30
0.0
0
VERTEX
8
P01048
10
85.259331
20
257.217326
30
0.0
0
SEQEND
0
POLYLINE
8
P01049
66
1
70
0
0
VERTEX
8
P01049
10
84.497329
20
257.132660
30
0.0
0
VERTEX
8
P01049
10
85.174662
20
257.132660
30
0.0
0
SEQEND
0
POLYLINE
8
P01050
66
1
70
0
0
VERTEX
8
P01050
10
84.412666
20
257.047994
30
0.0
0
VERTEX
8
P01050
10
85.089999
20
257.047994
30
0.0
0
SEQEND
0
POLYLINE
8
P01051
66
1
70
0
0
VERTEX
8
P01051
10
84.327998
20
256.963326
30
0.0
0
VERTEX
8
P01051
10
85.005330
20
256.963326
30
0.0
0
SEQEND
0
POLYLINE
8
P01052
66
1
70
0
0
VERTEX
8
P01052
10
84.243329
20
256.878660
30
0.0
0
VERTEX
8
P01052
10
84.920667
20
256.878660
30
0.0
0
SEQEND
0
POLYLINE
8
P01053
66
1
70
0
0
VERTEX
8
P01053
10
84.158666
20
256.793994
30
0.0
0
VERTEX
8
P01053
10
84.920667
20
256.793994
30
0.0
0
SEQEND
0
POLYLINE
8
P01054
66
1
70
0
0
VERTEX
8
P01054
10
84.073997
20
256.709325
30
0.0
0
VERTEX
8
P01054
10
84.835998
20
256.709325
30
0.0
0
SEQEND
0
POLYLINE
8
P01055
66
1
70
0
0
VERTEX
8
P01055
10
83.904665
20
256.624659
30
0.0
0
VERTEX
8
P01055
10
84.751330
20
256.624659
30
0.0
0
SEQEND
0
POLYLINE
8
P01056
66
1
70
0
0
VERTEX
8
P01056
10
83.989334
20
256.539994
30
0.0
0
VERTEX
8
P01056
10
84.666667
20
256.539994
30
0.0
0
SEQEND
0
POLYLINE
8
P01057
66
1
70
0
0
VERTEX
8
P01057
10
83.989334
20
256.455328
30
0.0
0
VERTEX
8
P01057
10
84.666667
20
256.455328
30
0.0
0
SEQEND
0
POLYLINE
8
P01058
66
1
70
0
0
VERTEX
8
P01058
10
83.989334
20
256.370659
30
0.0
0
VERTEX
8
P01058
10
84.581998
20
256.370659
30
0.0
0
SEQEND
0
POLYLINE
8
P01059
66
1
70
0
0
VERTEX
8
P01059
10
83.989334
20
256.285993
30
0.0
0
VERTEX
8
P01059
10
84.497329
20
256.285993
30
0.0
0
SEQEND
0
POLYLINE
8
P01060
66
1
70
0
0
VERTEX
8
P01060
10
83.989334
20
256.201327
30
0.0
0
VERTEX
8
P01060
10
84.412666
20
256.201327
30
0.0
0
SEQEND
0
POLYLINE
8
P01061
66
1
70
0
0
VERTEX
8
P01061
10
84.073997
20
256.116659
30
0.0
0
VERTEX
8
P01061
10
84.412666
20
256.116659
30
0.0
0
SEQEND
0
POLYLINE
8
P01062
66
1
70
0
0
VERTEX
8
P01062
10
84.073997
20
256.031993
30
0.0
0
VERTEX
8
P01062
10
84.327998
20
256.031993
30
0.0
0
SEQEND
0
POLYLINE
8
P01063
66
1
70
0
0
VERTEX
8
P01063
10
84.073997
20
255.947327
30
0.0
0
VERTEX
8
P01063
10
84.243329
20
255.947327
30
0.0
0
SEQEND
0
POLYLINE
8
P01064
66
1
70
0
0
VERTEX
8
P01064
10
84.073997
20
255.862661
30
0.0
0
VERTEX
8
P01064
10
84.158666
20
255.862661
30
0.0
0
VERTEX
8
P01064
10
84.073997
20
255.862661
30
0.0
0
SEQEND
0
POLYLINE
8
P01065
66
1
70
0
0
VERTEX
8
P01065
10
86.698665
20
259.418659
30
0.0
0
VERTEX
8
P01065
10
86.783333
20
259.418659
30
0.0
0
SEQEND
0
POLYLINE
8
P01066
66
1
70
0
0
VERTEX
8
P01066
10
86.613996
20
259.333993
30
0.0
0
VERTEX
8
P01066
10
86.698665
20
259.333993
30
0.0
0
SEQEND
0
POLYLINE
8
P01067
66
1
70
0
0
VERTEX
8
P01067
10
86.529333
20
259.249327
30
0.0
0
VERTEX
8
P01067
10
86.613996
20
259.249327
30
0.0
0
SEQEND
0
POLYLINE
8
P01068
66
1
70
0
0
VERTEX
8
P01068
10
86.359996
20
259.164661
30
0.0
0
VERTEX
8
P01068
10
86.529333
20
259.164661
30
0.0
0
SEQEND
0
POLYLINE
8
P01069
66
1
70
0
0
VERTEX
8
P01069
10
86.275332
20
259.079992
30
0.0
0
VERTEX
8
P01069
10
86.444664
20
259.079992
30
0.0
0
SEQEND
0
POLYLINE
8
P01070
66
1
70
0
0
VERTEX
8
P01070
10
86.190664
20
258.995327
30
0.0
0
VERTEX
8
P01070
10
86.359996
20
258.995327
30
0.0
0
SEQEND
0
POLYLINE
8
P01071
66
1
70
0
0
VERTEX
8
P01071
10
86.021332
20
258.910661
30
0.0
0
VERTEX
8
P01071
10
86.275332
20
258.910661
30
0.0
0
SEQEND
0
POLYLINE
8
P01072
66
1
70
0
0
VERTEX
8
P01072
10
85.936663
20
258.825992
30
0.0
0
VERTEX
8
P01072
10
86.190664
20
258.825992
30
0.0
0
SEQEND
0
POLYLINE
8
P01073
66
1
70
0
0
VERTEX
8
P01073
10
85.852000
20
258.741326
30
0.0
0
VERTEX
8
P01073
10
86.106001
20
258.741326
30
0.0
0
SEQEND
0
POLYLINE
8
P01074
66
1
70
0
0
VERTEX
8
P01074
10
85.767332
20
258.656660
30
0.0
0
VERTEX
8
P01074
10
86.021332
20
258.656660
30
0.0
0
SEQEND
0
POLYLINE
8
P01075
66
1
70
0
0
VERTEX
8
P01075
10
85.598000
20
258.571994
30
0.0
0
VERTEX
8
P01075
10
85.936663
20
258.571994
30
0.0
0
SEQEND
0
POLYLINE
8
P01076
66
1
70
0
0
VERTEX
8
P01076
10
85.513331
20
258.487326
30
0.0
0
VERTEX
8
P01076
10
85.852000
20
258.487326
30
0.0
0
SEQEND
0
POLYLINE
8
P01077
66
1
70
0
0
VERTEX
8
P01077
10
85.428663
20
258.402660
30
0.0
0
VERTEX
8
P01077
10
85.767332
20
258.402660
30
0.0
0
SEQEND
0
POLYLINE
8
P01078
66
1
70
0
0
VERTEX
8
P01078
10
85.259331
20
258.317994
30
0.0
0
VERTEX
8
P01078
10
85.682663
20
258.317994
30
0.0
0
SEQEND
0
POLYLINE
8
P01079
66
1
70
0
0
VERTEX
8
P01079
10
85.174662
20
258.233325
30
0.0
0
VERTEX
8
P01079
10
85.598000
20
258.233325
30
0.0
0
SEQEND
0
POLYLINE
8
P01080
66
1
70
0
0
VERTEX
8
P01080
10
85.089999
20
258.148659
30
0.0
0
VERTEX
8
P01080
10
85.513331
20
258.148659
30
0.0
0
SEQEND
0
POLYLINE
8
P01081
66
1
70
0
0
VERTEX
8
P01081
10
84.920667
20
258.063993
30
0.0
0
VERTEX
8
P01081
10
85.428663
20
258.063993
30
0.0
0
SEQEND
0
POLYLINE
8
P01082
66
1
70
0
0
VERTEX
8
P01082
10
84.835998
20
257.979328
30
0.0
0
VERTEX
8
P01082
10
85.343999
20
257.979328
30
0.0
0
SEQEND
0
POLYLINE
8
P01083
66
1
70
0
0
VERTEX
8
P01083
10
84.751330
20
257.894659
30
0.0
0
VERTEX
8
P01083
10
85.259331
20
257.894659
30
0.0
0
SEQEND
0
POLYLINE
8
P01084
66
1
70
0
0
VERTEX
8
P01084
10
84.581998
20
257.809993
30
0.0
0
VERTEX
8
P01084
10
85.174662
20
257.809993
30
0.0
0
SEQEND
0
POLYLINE
8
P01085
66
1
70
0
0
VERTEX
8
P01085
10
84.497329
20
257.725327
30
0.0
0
VERTEX
8
P01085
10
85.089999
20
257.725327
30
0.0
0
SEQEND
0
POLYLINE
8
P01086
66
1
70
0
0
VERTEX
8
P01086
10
84.412666
20
257.640658
30
0.0
0
VERTEX
8
P01086
10
85.005330
20
257.640658
30
0.0
0
SEQEND
0
POLYLINE
8
P01087
66
1
70
0
0
VERTEX
8
P01087
10
84.327998
20
257.555993
30
0.0
0
VERTEX
8
P01087
10
84.920667
20
257.555993
30
0.0
0
SEQEND
0
POLYLINE
8
P01088
66
1
70
0
0
VERTEX
8
P01088
10
84.158666
20
257.471327
30
0.0
0
VERTEX
8
P01088
10
84.835998
20
257.471327
30
0.0
0
SEQEND
0
POLYLINE
8
P01089
66
1
70
0
0
VERTEX
8
P01089
10
84.073997
20
257.386661
30
0.0
0
VERTEX
8
P01089
10
84.751330
20
257.386661
30
0.0
0
SEQEND
0
POLYLINE
8
P01090
66
1
70
0
0
VERTEX
8
P01090
10
83.989334
20
257.301992
30
0.0
0
VERTEX
8
P01090
10
84.666667
20
257.301992
30
0.0
0
SEQEND
0
POLYLINE
8
P01091
66
1
70
0
0
VERTEX
8
P01091
10
83.819997
20
257.217326
30
0.0
0
VERTEX
8
P01091
10
84.581998
20
257.217326
30
0.0
0
SEQEND
0
POLYLINE
8
P01092
66
1
70
0
0
VERTEX
8
P01092
10
83.735334
20
257.132660
30
0.0
0
VERTEX
8
P01092
10
84.497329
20
257.132660
30
0.0
0
SEQEND
0
POLYLINE
8
P01093
66
1
70
0
0
VERTEX
8
P01093
10
83.650665
20
257.047994
30
0.0
0
VERTEX
8
P01093
10
84.412666
20
257.047994
30
0.0
0
SEQEND
0
POLYLINE
8
P01094
66
1
70
0
0
VERTEX
8
P01094
10
83.481333
20
256.963326
30
0.0
0
VERTEX
8
P01094
10
84.327998
20
256.963326
30
0.0
0
SEQEND
0
POLYLINE
8
P01095
66
1
70
0
0
VERTEX
8
P01095
10
83.396665
20
256.878660
30
0.0
0
VERTEX
8
P01095
10
84.243329
20
256.878660
30
0.0
0
SEQEND
0
POLYLINE
8
P01096
66
1
70
0
0
VERTEX
8
P01096
10
83.311996
20
256.793994
30
0.0
0
VERTEX
8
P01096
10
84.158666
20
256.793994
30
0.0
0
SEQEND
0
POLYLINE
8
P01097
66
1
70
0
0
VERTEX
8
P01097
10
83.142664
20
256.709325
30
0.0
0
VERTEX
8
P01097
10
84.073997
20
256.709325
30
0.0
0
VERTEX
8
P01097
10
83.142664
20
256.709325
30
0.0
0
SEQEND
0
POLYLINE
8
P01098
66
1
70
0
0
VERTEX
8
P01098
10
80.009996
20
252.729992
30
0.0
0
VERTEX
8
P01098
10
87.121997
20
259.757325
30
0.0
0
VERTEX
8
P01098
10
80.009996
20
252.729992
30
0.0
0
SEQEND
0
POLYLINE
8
P01099
66
1
70
0
0
VERTEX
8
P01099
10
93.810661
20
260.942659
30
0.0
0
VERTEX
8
P01099
10
93.895335
20
260.942659
30
0.0
0
SEQEND
0
POLYLINE
8
P01100
66
1
70
0
0
VERTEX
8
P01100
10
93.725997
20
260.857993
30
0.0
0
VERTEX
8
P01100
10
93.979998
20
260.857993
30
0.0
0
SEQEND
0
POLYLINE
8
P01101
66
1
70
0
0
VERTEX
8
P01101
10
93.641334
20
260.773327
30
0.0
0
VERTEX
8
P01101
10
94.064661
20
260.773327
30
0.0
0
SEQEND
0
POLYLINE
8
P01102
66
1
70
0
0
VERTEX
8
P01102
10
93.556660
20
260.688661
30
0.0
0
VERTEX
8
P01102
10
94.149335
20
260.688661
30
0.0
0
SEQEND
0
POLYLINE
8
P01103
66
1
70
0
0
VERTEX
8
P01103
10
93.471997
20
260.603992
30
0.0
0
VERTEX
8
P01103
10
94.233998
20
260.603992
30
0.0
0
SEQEND
0
POLYLINE
8
P01104
66
1
70
0
0
VERTEX
8
P01104
10
93.387334
20
260.519326
30
0.0
0
VERTEX
8
P01104
10
94.233998
20
260.519326
30
0.0
0
SEQEND
0
POLYLINE
8
P01105
66
1
70
0
0
VERTEX
8
P01105
10
93.302660
20
260.434661
30
0.0
0
VERTEX
8
P01105
10
94.318661
20
260.434661
30
0.0
0
SEQEND
0
POLYLINE
8
P01106
66
1
70
0
0
VERTEX
8
P01106
10
93.217997
20
260.349992
30
0.0
0
VERTEX
8
P01106
10
94.403335
20
260.349992
30
0.0
0
SEQEND
0
POLYLINE
8
P01107
66
1
70
0
0
VERTEX
8
P01107
10
93.133333
20
260.265326
30
0.0
0
VERTEX
8
P01107
10
94.487999
20
260.265326
30
0.0
0
SEQEND
0
POLYLINE
8
P01108
66
1
70
0
0
VERTEX
8
P01108
10
93.048659
20
260.180660
30
0.0
0
VERTEX
8
P01108
10
94.572662
20
260.180660
30
0.0
0
SEQEND
0
POLYLINE
8
P01109
66
1
70
0
0
VERTEX
8
P01109
10
92.963996
20
260.095994
30
0.0
0
VERTEX
8
P01109
10
94.572662
20
260.095994
30
0.0
0
SEQEND
0
POLYLINE
8
P01110
66
1
70
0
0
VERTEX
8
P01110
10
92.963996
20
260.011326
30
0.0
0
VERTEX
8
P01110
10
94.657336
20
260.011326
30
0.0
0
SEQEND
0
POLYLINE
8
P01111
66
1
70
0
0
VERTEX
8
P01111
10
92.879333
20
259.926660
30
0.0
0
VERTEX
8
P01111
10
94.741999
20
259.926660
30
0.0
0
SEQEND
0
POLYLINE
8
P01112
66
1
70
0
0
VERTEX
8
P01112
10
92.794670
20
259.841994
30
0.0
0
VERTEX
8
P01112
10
94.826662
20
259.841994
30
0.0
0
SEQEND
0
POLYLINE
8
P01113
66
1
70
0
0
VERTEX
8
P01113
10
92.709996
20
259.757325
30
0.0
0
VERTEX
8
P01113
10
94.826662
20
259.757325
30
0.0
0
SEQEND
0
POLYLINE
8
P01114
66
1
70
0
0
VERTEX
8
P01114
10
92.625332
20
259.672659
30
0.0
0
VERTEX
8
P01114
10
94.911336
20
259.672659
30
0.0
0
SEQEND
0
POLYLINE
8
P01115
66
1
70
0
0
VERTEX
8
P01115
10
92.540669
20
259.587993
30
0.0
0
VERTEX
8
P01115
10
94.996000
20
259.587993
30
0.0
0
SEQEND
0
POLYLINE
8
P01116
66
1
70
0
0
VERTEX
8
P01116
10
92.455995
20
259.503327
30
0.0
0
VERTEX
8
P01116
10
95.080663
20
259.503327
30
0.0
0
SEQEND
0
POLYLINE
8
P01117
66
1
70
0
0
VERTEX
8
P01117
10
92.371332
20
259.418659
30
0.0
0
VERTEX
8
P01117
10
95.080663
20
259.418659
30
0.0
0
SEQEND
0
POLYLINE
8
P01118
66
1
70
0
0
VERTEX
8
P01118
10
92.286669
20
259.333993
30
0.0
0
VERTEX
8
P01118
10
95.165326
20
259.333993
30
0.0
0
SEQEND
0
POLYLINE
8
P01119
66
1
70
0
0
VERTEX
8
P01119
10
92.201995
20
259.249327
30
0.0
0
VERTEX
8
P01119
10
95.250000
20
259.249327
30
0.0
0
SEQEND
0
POLYLINE
8
P01120
66
1
70
0
0
VERTEX
8
P01120
10
92.117332
20
259.164661
30
0.0
0
VERTEX
8
P01120
10
95.334663
20
259.164661
30
0.0
0
SEQEND
0
POLYLINE
8
P01121
66
1
70
0
0
VERTEX
8
P01121
10
92.117332
20
259.079992
30
0.0
0
VERTEX
8
P01121
10
95.334663
20
259.079992
30
0.0
0
SEQEND
0
POLYLINE
8
P01122
66
1
70
0
0
VERTEX
8
P01122
10
92.032668
20
258.995327
30
0.0
0
VERTEX
8
P01122
10
95.250000
20
258.995327
30
0.0
0
SEQEND
0
POLYLINE
8
P01123
66
1
70
0
0
VERTEX
8
P01123
10
91.947994
20
258.910661
30
0.0
0
VERTEX
8
P01123
10
95.080663
20
258.910661
30
0.0
0
SEQEND
0
POLYLINE
8
P01124
66
1
70
0
0
VERTEX
8
P01124
10
91.863331
20
258.825992
30
0.0
0
VERTEX
8
P01124
10
94.996000
20
258.825992
30
0.0
0
SEQEND
0
POLYLINE
8
P01125
66
1
70
0
0
VERTEX
8
P01125
10
91.778668
20
258.741326
30
0.0
0
VERTEX
8
P01125
10
94.826662
20
258.741326
30
0.0
0
SEQEND
0
POLYLINE
8
P01126
66
1
70
0
0
VERTEX
8
P01126
10
91.693994
20
258.656660
30
0.0
0
VERTEX
8
P01126
10
94.657336
20
258.656660
30
0.0
0
SEQEND
0
POLYLINE
8
P01127
66
1
70
0
0
VERTEX
8
P01127
10
91.609331
20
258.571994
30
0.0
0
VERTEX
8
P01127
10
94.572662
20
258.571994
30
0.0
0
SEQEND
0
POLYLINE
8
P01128
66
1
70
0
0
VERTEX
8
P01128
10
91.524668
20
258.487326
30
0.0
0
VERTEX
8
P01128
10
94.403335
20
258.487326
30
0.0
0
SEQEND
0
POLYLINE
8
P01129
66
1
70
0
0
VERTEX
8
P01129
10
91.439994
20
258.402660
30
0.0
0
VERTEX
8
P01129
10
94.318661
20
258.402660
30
0.0
0
SEQEND
0
POLYLINE
8
P01130
66
1
70
0
0
VERTEX
8
P01130
10
91.355330
20
258.317994
30
0.0
0
VERTEX
8
P01130
10
94.149335
20
258.317994
30
0.0
0
SEQEND
0
POLYLINE
8
P01131
66
1
70
0
0
VERTEX
8
P01131
10
91.270667
20
258.233325
30
0.0
0
VERTEX
8
P01131
10
93.979998
20
258.233325
30
0.0
0
SEQEND
0
POLYLINE
8
P01132
66
1
70
0
0
VERTEX
8
P01132
10
91.270667
20
258.148659
30
0.0
0
VERTEX
8
P01132
10
93.895335
20
258.148659
30
0.0
0
SEQEND
0
POLYLINE
8
P01133
66
1
70
0
0
VERTEX
8
P01133
10
91.185993
20
258.063993
30
0.0
0
VERTEX
8
P01133
10
93.725997
20
258.063993
30
0.0
0
SEQEND
0
POLYLINE
8
P01134
66
1
70
0
0
VERTEX
8
P01134
10
91.185993
20
257.979328
30
0.0
0
VERTEX
8
P01134
10
93.641334
20
257.979328
30
0.0
0
SEQEND
0
POLYLINE
8
P01135
66
1
70
0
0
VERTEX
8
P01135
10
91.101330
20
257.894659
30
0.0
0
VERTEX
8
P01135
10
93.471997
20
257.894659
30
0.0
0
SEQEND
0
POLYLINE
8
P01136
66
1
70
0
0
VERTEX
8
P01136
10
91.101330
20
257.809993
30
0.0
0
VERTEX
8
P01136
10
93.302660
20
257.809993
30
0.0
0
SEQEND
0
POLYLINE
8
P01137
66
1
70
0
0
VERTEX
8
P01137
10
91.016667
20
257.725327
30
0.0
0
VERTEX
8
P01137
10
93.217997
20
257.725327
30
0.0
0
SEQEND
0
POLYLINE
8
P01138
66
1
70
0
0
VERTEX
8
P01138
10
91.016667
20
257.640658
30
0.0
0
VERTEX
8
P01138
10
93.048659
20
257.640658
30
0.0
0
SEQEND
0
POLYLINE
8
P01139
66
1
70
0
0
VERTEX
8
P01139
10
90.931993
20
257.555993
30
0.0
0
VERTEX
8
P01139
10
92.963996
20
257.555993
30
0.0
0
SEQEND
0
POLYLINE
8
P01140
66
1
70
0
0
VERTEX
8
P01140
10
90.931993
20
257.471327
30
0.0
0
VERTEX
8
P01140
10
92.794670
20
257.471327
30
0.0
0
SEQEND
0
POLYLINE
8
P01141
66
1
70
0
0
VERTEX
8
P01141
10
90.847329
20
257.386661
30
0.0
0
VERTEX
8
P01141
10
92.625332
20
257.386661
30
0.0
0
SEQEND
0
POLYLINE
8
P01142
66
1
70
0
0
VERTEX
8
P01142
10
90.762666
20
257.301992
30
0.0
0
VERTEX
8
P01142
10
92.540669
20
257.301992
30
0.0
0
SEQEND
0
POLYLINE
8
P01143
66
1
70
0
0
VERTEX
8
P01143
10
90.762666
20
257.217326
30
0.0
0
VERTEX
8
P01143
10
92.371332
20
257.217326
30
0.0
0
SEQEND
0
POLYLINE
8
P01144
66
1
70
0
0
VERTEX
8
P01144
10
90.678003
20
257.132660
30
0.0
0
VERTEX
8
P01144
10
92.201995
20
257.132660
30
0.0
0
SEQEND
0
POLYLINE
8
P01145
66
1
70
0
0
VERTEX
8
P01145
10
90.678003
20
257.047994
30
0.0
0
VERTEX
8
P01145
10
91.947994
20
257.047994
30
0.0
0
SEQEND
0
POLYLINE
8
P01146
66
1
70
0
0
VERTEX
8
P01146
10
90.593329
20
256.963326
30
0.0
0
VERTEX
8
P01146
10
91.693994
20
256.963326
30
0.0
0
SEQEND
0
POLYLINE
8
P01147
66
1
70
0
0
VERTEX
8
P01147
10
90.593329
20
256.878660
30
0.0
0
VERTEX
8
P01147
10
91.439994
20
256.878660
30
0.0
0
SEQEND
0
POLYLINE
8
P01148
66
1
70
0
0
VERTEX
8
P01148
10
90.508666
20
256.793994
30
0.0
0
VERTEX
8
P01148
10
91.185993
20
256.793994
30
0.0
0
SEQEND
0
POLYLINE
8
P01149
66
1
70
0
0
VERTEX
8
P01149
10
90.508666
20
256.709325
30
0.0
0
VERTEX
8
P01149
10
90.931993
20
256.709325
30
0.0
0
SEQEND
0
POLYLINE
8
P01150
66
1
70
0
0
VERTEX
8
P01150
10
90.424003
20
256.624659
30
0.0
0
VERTEX
8
P01150
10
90.678003
20
256.624659
30
0.0
0
VERTEX
8
P01150
10
90.424003
20
256.624659
30
0.0
0
SEQEND
0
POLYLINE
8
P01151
66
1
70
0
0
VERTEX
8
P01151
10
90.339329
20
256.539994
30
0.0
0
VERTEX
8
P01151
10
93.810661
20
260.265326
30
0.0
0
VERTEX
8
P01151
10
90.339329
20
256.539994
30
0.0
0
SEQEND
0
POLYLINE
8
P01152
66
1
70
0
0
VERTEX
8
P01152
10
93.810661
20
260.265326
30
0.0
0
VERTEX
8
P01152
10
93.810661
20
259.418659
30
0.0
0
VERTEX
8
P01152
10
93.810661
20
260.265326
30
0.0
0
SEQEND
0
POLYLINE
8
P01153
66
1
70
0
0
VERTEX
8
P01153
10
93.810661
20
259.418659
30
0.0
0
VERTEX
8
P01153
10
94.657336
20
259.249327
30
0.0
0
VERTEX
8
P01153
10
93.810661
20
259.418659
30
0.0
0
SEQEND
0
POLYLINE
8
P01154
66
1
70
0
0
VERTEX
8
P01154
10
94.657336
20
259.249327
30
0.0
0
VERTEX
8
P01154
10
90.339329
20
256.539994
30
0.0
0
VERTEX
8
P01154
10
94.657336
20
259.249327
30
0.0
0
SEQEND
0
POLYLINE
8
P01155
66
1
70
0
0
VERTEX
8
P01155
10
93.725997
20
260.095994
30
0.0
0
VERTEX
8
P01155
10
93.810661
20
260.095994
30
0.0
0
SEQEND
0
POLYLINE
8
P01156
66
1
70
0
0
VERTEX
8
P01156
10
93.641334
20
260.011326
30
0.0
0
VERTEX
8
P01156
10
93.810661
20
260.011326
30
0.0
0
SEQEND
0
POLYLINE
8
P01157
66
1
70
0
0
VERTEX
8
P01157
10
93.556660
20
259.926660
30
0.0
0
VERTEX
8
P01157
10
93.810661
20
259.926660
30
0.0
0
SEQEND
0
POLYLINE
8
P01158
66
1
70
0
0
VERTEX
8
P01158
10
93.471997
20
259.841994
30
0.0
0
VERTEX
8
P01158
10
93.810661
20
259.841994
30
0.0
0
SEQEND
0
POLYLINE
8
P01159
66
1
70
0
0
VERTEX
8
P01159
10
93.387334
20
259.757325
30
0.0
0
VERTEX
8
P01159
10
93.810661
20
259.757325
30
0.0
0
SEQEND
0
POLYLINE
8
P01160
66
1
70
0
0
VERTEX
8
P01160
10
93.302660
20
259.672659
30
0.0
0
VERTEX
8
P01160
10
93.810661
20
259.672659
30
0.0
0
SEQEND
0
POLYLINE
8
P01161
66
1
70
0
0
VERTEX
8
P01161
10
93.217997
20
259.587993
30
0.0
0
VERTEX
8
P01161
10
93.810661
20
259.587993
30
0.0
0
SEQEND
0
POLYLINE
8
P01162
66
1
70
0
0
VERTEX
8
P01162
10
93.133333
20
259.503327
30
0.0
0
VERTEX
8
P01162
10
93.810661
20
259.503327
30
0.0
0
SEQEND
0
POLYLINE
8
P01163
66
1
70
0
0
VERTEX
8
P01163
10
93.048659
20
259.418659
30
0.0
0
VERTEX
8
P01163
10
93.810661
20
259.418659
30
0.0
0
SEQEND
0
POLYLINE
8
P01164
66
1
70
0
0
VERTEX
8
P01164
10
92.963996
20
259.333993
30
0.0
0
VERTEX
8
P01164
10
93.725997
20
259.333993
30
0.0
0
SEQEND
0
POLYLINE
8
P01165
66
1
70
0
0
VERTEX
8
P01165
10
92.879333
20
259.249327
30
0.0
0
VERTEX
8
P01165
10
93.641334
20
259.249327
30
0.0
0
SEQEND
0
POLYLINE
8
P01166
66
1
70
0
0
VERTEX
8
P01166
10
92.794670
20
259.164661
30
0.0
0
VERTEX
8
P01166
10
93.556660
20
259.164661
30
0.0
0
SEQEND
0
POLYLINE
8
P01167
66
1
70
0
0
VERTEX
8
P01167
10
92.709996
20
259.079992
30
0.0
0
VERTEX
8
P01167
10
93.471997
20
259.079992
30
0.0
0
SEQEND
0
POLYLINE
8
P01168
66
1
70
0
0
VERTEX
8
P01168
10
92.709996
20
258.995327
30
0.0
0
VERTEX
8
P01168
10
93.302660
20
258.995327
30
0.0
0
SEQEND
0
POLYLINE
8
P01169
66
1
70
0
0
VERTEX
8
P01169
10
92.625332
20
258.910661
30
0.0
0
VERTEX
8
P01169
10
93.217997
20
258.910661
30
0.0
0
SEQEND
0
POLYLINE
8
P01170
66
1
70
0
0
VERTEX
8
P01170
10
92.540669
20
258.825992
30
0.0
0
VERTEX
8
P01170
10
93.133333
20
258.825992
30
0.0
0
SEQEND
0
POLYLINE
8
P01171
66
1
70
0
0
VERTEX
8
P01171
10
92.455995
20
258.741326
30
0.0
0
VERTEX
8
P01171
10
93.048659
20
258.741326
30
0.0
0
SEQEND
0
POLYLINE
8
P01172
66
1
70
0
0
VERTEX
8
P01172
10
92.371332
20
258.656660
30
0.0
0
VERTEX
8
P01172
10
92.963996
20
258.656660
30
0.0
0
SEQEND
0
POLYLINE
8
P01173
66
1
70
0
0
VERTEX
8
P01173
10
92.286669
20
258.571994
30
0.0
0
VERTEX
8
P01173
10
92.794670
20
258.571994
30
0.0
0
SEQEND
0
POLYLINE
8
P01174
66
1
70
0
0
VERTEX
8
P01174
10
92.201995
20
258.487326
30
0.0
0
VERTEX
8
P01174
10
92.709996
20
258.487326
30
0.0
0
SEQEND
0
POLYLINE
8
P01175
66
1
70
0
0
VERTEX
8
P01175
10
92.117332
20
258.402660
30
0.0
0
VERTEX
8
P01175
10
92.625332
20
258.402660
30
0.0
0
SEQEND
0
POLYLINE
8
P01176
66
1
70
0
0
VERTEX
8
P01176
10
92.032668
20
258.317994
30
0.0
0
VERTEX
8
P01176
10
92.540669
20
258.317994
30
0.0
0
SEQEND
0
POLYLINE
8
P01177
66
1
70
0
0
VERTEX
8
P01177
10
91.947994
20
258.233325
30
0.0
0
VERTEX
8
P01177
10
92.455995
20
258.233325
30
0.0
0
SEQEND
0
POLYLINE
8
P01178
66
1
70
0
0
VERTEX
8
P01178
10
91.863331
20
258.148659
30
0.0
0
VERTEX
8
P01178
10
92.286669
20
258.148659
30
0.0
0
SEQEND
0
POLYLINE
8
P01179
66
1
70
0
0
VERTEX
8
P01179
10
91.778668
20
258.063993
30
0.0
0
VERTEX
8
P01179
10
92.201995
20
258.063993
30
0.0
0
SEQEND
0
POLYLINE
8
P01180
66
1
70
0
0
VERTEX
8
P01180
10
91.693994
20
257.979328
30
0.0
0
VERTEX
8
P01180
10
92.117332
20
257.979328
30
0.0
0
SEQEND
0
POLYLINE
8
P01181
66
1
70
0
0
VERTEX
8
P01181
10
91.609331
20
257.894659
30
0.0
0
VERTEX
8
P01181
10
92.032668
20
257.894659
30
0.0
0
SEQEND
0
POLYLINE
8
P01182
66
1
70
0
0
VERTEX
8
P01182
10
91.524668
20
257.809993
30
0.0
0
VERTEX
8
P01182
10
91.947994
20
257.809993
30
0.0
0
SEQEND
0
POLYLINE
8
P01183
66
1
70
0
0
VERTEX
8
P01183
10
91.524668
20
257.725327
30
0.0
0
VERTEX
8
P01183
10
91.778668
20
257.725327
30
0.0
0
SEQEND
0
POLYLINE
8
P01184
66
1
70
0
0
VERTEX
8
P01184
10
91.439994
20
257.640658
30
0.0
0
VERTEX
8
P01184
10
91.693994
20
257.640658
30
0.0
0
SEQEND
0
POLYLINE
8
P01185
66
1
70
0
0
VERTEX
8
P01185
10
91.355330
20
257.555993
30
0.0
0
VERTEX
8
P01185
10
91.609331
20
257.555993
30
0.0
0
SEQEND
0
POLYLINE
8
P01186
66
1
70
0
0
VERTEX
8
P01186
10
91.270667
20
257.471327
30
0.0
0
VERTEX
8
P01186
10
91.524668
20
257.471327
30
0.0
0
SEQEND
0
POLYLINE
8
P01187
66
1
70
0
0
VERTEX
8
P01187
10
91.185993
20
257.386661
30
0.0
0
VERTEX
8
P01187
10
91.439994
20
257.386661
30
0.0
0
SEQEND
0
POLYLINE
8
P01188
66
1
70
0
0
VERTEX
8
P01188
10
91.101330
20
257.301992
30
0.0
0
VERTEX
8
P01188
10
91.270667
20
257.301992
30
0.0
0
SEQEND
0
POLYLINE
8
P01189
66
1
70
0
0
VERTEX
8
P01189
10
91.016667
20
257.217326
30
0.0
0
VERTEX
8
P01189
10
91.185993
20
257.217326
30
0.0
0
SEQEND
0
POLYLINE
8
P01190
66
1
70
0
0
VERTEX
8
P01190
10
90.931993
20
257.132660
30
0.0
0
VERTEX
8
P01190
10
91.101330
20
257.132660
30
0.0
0
SEQEND
0
POLYLINE
8
P01191
66
1
70
0
0
VERTEX
8
P01191
10
90.847329
20
257.047994
30
0.0
0
VERTEX
8
P01191
10
91.016667
20
257.047994
30
0.0
0
SEQEND
0
POLYLINE
8
P01192
66
1
70
0
0
VERTEX
8
P01192
10
90.762666
20
256.963326
30
0.0
0
VERTEX
8
P01192
10
90.931993
20
256.963326
30
0.0
0
SEQEND
0
POLYLINE
8
P01193
66
1
70
0
0
VERTEX
8
P01193
10
90.678003
20
256.878660
30
0.0
0
VERTEX
8
P01193
10
90.762666
20
256.878660
30
0.0
0
SEQEND
0
POLYLINE
8
P01194
66
1
70
0
0
VERTEX
8
P01194
10
90.593329
20
256.793994
30
0.0
0
VERTEX
8
P01194
10
90.678003
20
256.793994
30
0.0
0
SEQEND
0
POLYLINE
8
P01195
66
1
70
0
0
VERTEX
8
P01195
10
90.508666
20
256.709325
30
0.0
0
VERTEX
8
P01195
10
90.593329
20
256.709325
30
0.0
0
SEQEND
0
POLYLINE
8
P01196
66
1
70
0
0
VERTEX
8
P01196
10
90.424003
20
256.624659
30
0.0
0
VERTEX
8
P01196
10
90.508666
20
256.624659
30
0.0
0
VERTEX
8
P01196
10
90.424003
20
256.624659
30
0.0
0
SEQEND
0
POLYLINE
8
P01197
66
1
70
0
0
VERTEX
8
P01197
10
93.725997
20
259.333993
30
0.0
0
VERTEX
8
P01197
10
94.233998
20
259.333993
30
0.0
0
SEQEND
0
POLYLINE
8
P01198
66
1
70
0
0
VERTEX
8
P01198
10
93.641334
20
259.249327
30
0.0
0
VERTEX
8
P01198
10
94.657336
20
259.249327
30
0.0
0
SEQEND
0
POLYLINE
8
P01199
66
1
70
0
0
VERTEX
8
P01199
10
93.556660
20
259.164661
30
0.0
0
VERTEX
8
P01199
10
94.572662
20
259.164661
30
0.0
0
SEQEND
0
POLYLINE
8
P01200
66
1
70
0
0
VERTEX
8
P01200
10
93.471997
20
259.079992
30
0.0
0
VERTEX
8
P01200
10
94.403335
20
259.079992
30
0.0
0
SEQEND
0
POLYLINE
8
P01201
66
1
70
0
0
VERTEX
8
P01201
10
93.302660
20
258.995327
30
0.0
0
VERTEX
8
P01201
10
94.318661
20
258.995327
30
0.0
0
SEQEND
0
POLYLINE
8
P01202
66
1
70
0
0
VERTEX
8
P01202
10
93.217997
20
258.910661
30
0.0
0
VERTEX
8
P01202
10
94.149335
20
258.910661
30
0.0
0
SEQEND
0
POLYLINE
8
P01203
66
1
70
0
0
VERTEX
8
P01203
10
93.133333
20
258.825992
30
0.0
0
VERTEX
8
P01203
10
94.064661
20
258.825992
30
0.0
0
SEQEND
0
POLYLINE
8
P01204
66
1
70
0
0
VERTEX
8
P01204
10
93.048659
20
258.741326
30
0.0
0
VERTEX
8
P01204
10
93.895335
20
258.741326
30
0.0
0
SEQEND
0
POLYLINE
8
P01205
66
1
70
0
0
VERTEX
8
P01205
10
92.963996
20
258.656660
30
0.0
0
VERTEX
8
P01205
10
93.725997
20
258.656660
30
0.0
0
SEQEND
0
POLYLINE
8
P01206
66
1
70
0
0
VERTEX
8
P01206
10
92.794670
20
258.571994
30
0.0
0
VERTEX
8
P01206
10
93.641334
20
258.571994
30
0.0
0
SEQEND
0
POLYLINE
8
P01207
66
1
70
0
0
VERTEX
8
P01207
10
92.709996
20
258.487326
30
0.0
0
VERTEX
8
P01207
10
93.471997
20
258.487326
30
0.0
0
SEQEND
0
POLYLINE
8
P01208
66
1
70
0
0
VERTEX
8
P01208
10
92.625332
20
258.402660
30
0.0
0
VERTEX
8
P01208
10
93.387334
20
258.402660
30
0.0
0
SEQEND
0
POLYLINE
8
P01209
66
1
70
0
0
VERTEX
8
P01209
10
92.540669
20
258.317994
30
0.0
0
VERTEX
8
P01209
10
93.217997
20
258.317994
30
0.0
0
SEQEND
0
POLYLINE
8
P01210
66
1
70
0
0
VERTEX
8
P01210
10
92.455995
20
258.233325
30
0.0
0
VERTEX
8
P01210
10
93.048659
20
258.233325
30
0.0
0
SEQEND
0
POLYLINE
8
P01211
66
1
70
0
0
VERTEX
8
P01211
10
92.286669
20
258.148659
30
0.0
0
VERTEX
8
P01211
10
92.963996
20
258.148659
30
0.0
0
SEQEND
0
POLYLINE
8
P01212
66
1
70
0
0
VERTEX
8
P01212
10
92.201995
20
258.063993
30
0.0
0
VERTEX
8
P01212
10
92.794670
20
258.063993
30
0.0
0
SEQEND
0
POLYLINE
8
P01213
66
1
70
0
0
VERTEX
8
P01213
10
92.117332
20
257.979328
30
0.0
0
VERTEX
8
P01213
10
92.709996
20
257.979328
30
0.0
0
SEQEND
0
POLYLINE
8
P01214
66
1
70
0
0
VERTEX
8
P01214
10
92.032668
20
257.894659
30
0.0
0
VERTEX
8
P01214
10
92.540669
20
257.894659
30
0.0
0
SEQEND
0
POLYLINE
8
P01215
66
1
70
0
0
VERTEX
8
P01215
10
91.947994
20
257.809993
30
0.0
0
VERTEX
8
P01215
10
92.371332
20
257.809993
30
0.0
0
SEQEND
0
POLYLINE
8
P01216
66
1
70
0
0
VERTEX
8
P01216
10
91.778668
20
257.725327
30
0.0
0
VERTEX
8
P01216
10
92.286669
20
257.725327
30
0.0
0
SEQEND
0
POLYLINE
8
P01217
66
1
70
0
0
VERTEX
8
P01217
10
91.693994
20
257.640658
30
0.0
0
VERTEX
8
P01217
10
92.117332
20
257.640658
30
0.0
0
SEQEND
0
POLYLINE
8
P01218
66
1
70
0
0
VERTEX
8
P01218
10
91.609331
20
257.555993
30
0.0
0
VERTEX
8
P01218
10
92.032668
20
257.555993
30
0.0
0
SEQEND
0
POLYLINE
8
P01219
66
1
70
0
0
VERTEX
8
P01219
10
91.524668
20
257.471327
30
0.0
0
VERTEX
8
P01219
10
91.863331
20
257.471327
30
0.0
0
SEQEND
0
POLYLINE
8
P01220
66
1
70
0
0
VERTEX
8
P01220
10
91.439994
20
257.386661
30
0.0
0
VERTEX
8
P01220
10
91.693994
20
257.386661
30
0.0
0
SEQEND
0
POLYLINE
8
P01221
66
1
70
0
0
VERTEX
8
P01221
10
91.270667
20
257.301992
30
0.0
0
VERTEX
8
P01221
10
91.609331
20
257.301992
30
0.0
0
SEQEND
0
POLYLINE
8
P01222
66
1
70
0
0
VERTEX
8
P01222
10
91.185993
20
257.217326
30
0.0
0
VERTEX
8
P01222
10
91.439994
20
257.217326
30
0.0
0
SEQEND
0
POLYLINE
8
P01223
66
1
70
0
0
VERTEX
8
P01223
10
91.101330
20
257.132660
30
0.0
0
VERTEX
8
P01223
10
91.355330
20
257.132660
30
0.0
0
SEQEND
0
POLYLINE
8
P01224
66
1
70
0
0
VERTEX
8
P01224
10
91.016667
20
257.047994
30
0.0
0
VERTEX
8
P01224
10
91.185993
20
257.047994
30
0.0
0
SEQEND
0
POLYLINE
8
P01225
66
1
70
0
0
VERTEX
8
P01225
10
90.931993
20
256.963326
30
0.0
0
VERTEX
8
P01225
10
91.016667
20
256.963326
30
0.0
0
SEQEND
0
POLYLINE
8
P01226
66
1
70
0
0
VERTEX
8
P01226
10
90.762666
20
256.878660
30
0.0
0
VERTEX
8
P01226
10
90.931993
20
256.878660
30
0.0
0
SEQEND
0
POLYLINE
8
P01227
66
1
70
0
0
VERTEX
8
P01227
10
90.678003
20
256.793994
30
0.0
0
VERTEX
8
P01227
10
90.762666
20
256.793994
30
0.0
0
SEQEND
0
POLYLINE
8
P01228
66
1
70
0
0
VERTEX
8
P01228
10
90.593329
20
256.709325
30
0.0
0
VERTEX
8
P01228
10
90.678003
20
256.709325
30
0.0
0
VERTEX
8
P01228
10
90.593329
20
256.709325
30
0.0
0
SEQEND
0
POLYLINE
8
P01229
66
1
70
0
0
VERTEX
8
P01229
10
101.854000
20
264.244659
30
0.0
0
VERTEX
8
P01229
10
103.631993
20
264.244659
30
0.0
0
SEQEND
0
POLYLINE
8
P01230
66
1
70
0
0
VERTEX
8
P01230
10
101.854000
20
264.159993
30
0.0
0
VERTEX
8
P01230
10
105.494670
20
264.159993
30
0.0
0
SEQEND
0
POLYLINE
8
P01231
66
1
70
0
0
VERTEX
8
P01231
10
101.854000
20
264.075327
30
0.0
0
VERTEX
8
P01231
10
105.833333
20
264.075327
30
0.0
0
SEQEND
0
POLYLINE
8
P01232
66
1
70
0
0
VERTEX
8
P01232
10
101.854000
20
263.990658
30
0.0
0
VERTEX
8
P01232
10
106.087334
20
263.990658
30
0.0
0
SEQEND
0
POLYLINE
8
P01233
66
1
70
0
0
VERTEX
8
P01233
10
101.854000
20
263.905993
30
0.0
0
VERTEX
8
P01233
10
106.341334
20
263.905993
30
0.0
0
SEQEND
0
POLYLINE
8
P01234
66
1
70
0
0
VERTEX
8
P01234
10
101.854000
20
263.821327
30
0.0
0
VERTEX
8
P01234
10
106.595335
20
263.821327
30
0.0
0
SEQEND
0
POLYLINE
8
P01235
66
1
70
0
0
VERTEX
8
P01235
10
101.854000
20
263.736661
30
0.0
0
VERTEX
8
P01235
10
106.849335
20
263.736661
30
0.0
0
SEQEND
0
POLYLINE
8
P01236
66
1
70
0
0
VERTEX
8
P01236
10
101.854000
20
263.651992
30
0.0
0
VERTEX
8
P01236
10
107.103335
20
263.651992
30
0.0
0
SEQEND
0
POLYLINE
8
P01237
66
1
70
0
0
VERTEX
8
P01237
10
101.854000
20
263.567326
30
0.0
0
VERTEX
8
P01237
10
107.357336
20
263.567326
30
0.0
0
SEQEND
0
POLYLINE
8
P01238
66
1
70
0
0
VERTEX
8
P01238
10
101.854000
20
263.482660
30
0.0
0
VERTEX
8
P01238
10
107.187999
20
263.482660
30
0.0
0
SEQEND
0
POLYLINE
8
P01239
66
1
70
0
0
VERTEX
8
P01239
10
101.854000
20
263.397992
30
0.0
0
VERTEX
8
P01239
10
107.018661
20
263.397992
30
0.0
0
SEQEND
0
POLYLINE
8
P01240
66
1
70
0
0
VERTEX
8
P01240
10
101.854000
20
263.313326
30
0.0
0
VERTEX
8
P01240
10
106.849335
20
263.313326
30
0.0
0
SEQEND
0
POLYLINE
8
P01241
66
1
70
0
0
VERTEX
8
P01241
10
101.854000
20
263.228660
30
0.0
0
VERTEX
8
P01241
10
106.679998
20
263.228660
30
0.0
0
SEQEND
0
POLYLINE
8
P01242
66
1
70
0
0
VERTEX
8
P01242
10
101.854000
20
263.143994
30
0.0
0
VERTEX
8
P01242
10
106.510661
20
263.143994
30
0.0
0
SEQEND
0
POLYLINE
8
P01243
66
1
70
0
0
VERTEX
8
P01243
10
101.854000
20
263.059325
30
0.0
0
VERTEX
8
P01243
10
106.341334
20
263.059325
30
0.0
0
SEQEND
0
POLYLINE
8
P01244
66
1
70
0
0
VERTEX
8
P01244
10
101.938664
20
262.974659
30
0.0
0
VERTEX
8
P01244
10
106.171997
20
262.974659
30
0.0
0
SEQEND
0
POLYLINE
8
P01245
66
1
70
0
0
VERTEX
8
P01245
10
101.938664
20
262.889994
30
0.0
0
VERTEX
8
P01245
10
106.002660
20
262.889994
30
0.0
0
SEQEND
0
POLYLINE
8
P01246
66
1
70
0
0
VERTEX
8
P01246
10
101.938664
20
262.805328
30
0.0
0
VERTEX
8
P01246
10
105.833333
20
262.805328
30
0.0
0
SEQEND
0
POLYLINE
8
P01247
66
1
70
0
0
VERTEX
8
P01247
10
101.938664
20
262.720659
30
0.0
0
VERTEX
8
P01247
10
105.663996
20
262.720659
30
0.0
0
SEQEND
0
POLYLINE
8
P01248
66
1
70
0
0
VERTEX
8
P01248
10
101.938664
20
262.635993
30
0.0
0
VERTEX
8
P01248
10
105.325332
20
262.635993
30
0.0
0
SEQEND
0
POLYLINE
8
P01249
66
1
70
0
0
VERTEX
8
P01249
10
101.938664
20
262.551327
30
0.0
0
VERTEX
8
P01249
10
104.986669
20
262.551327
30
0.0
0
SEQEND
0
POLYLINE
8
P01250
66
1
70
0
0
VERTEX
8
P01250
10
101.938664
20
262.466659
30
0.0
0
VERTEX
8
P01250
10
104.563331
20
262.466659
30
0.0
0
SEQEND
0
POLYLINE
8
P01251
66
1
70
0
0
VERTEX
8
P01251
10
101.938664
20
262.381993
30
0.0
0
VERTEX
8
P01251
10
104.224668
20
262.381993
30
0.0
0
SEQEND
0
POLYLINE
8
P01252
66
1
70
0
0
VERTEX
8
P01252
10
101.938664
20
262.297327
30
0.0
0
VERTEX
8
P01252
10
103.801330
20
262.297327
30
0.0
0
SEQEND
0
POLYLINE
8
P01253
66
1
70
0
0
VERTEX
8
P01253
10
101.938664
20
262.212661
30
0.0
0
VERTEX
8
P01253
10
103.462666
20
262.212661
30
0.0
0
SEQEND
0
POLYLINE
8
P01254
66
1
70
0
0
VERTEX
8
P01254
10
101.938664
20
262.127992
30
0.0
0
VERTEX
8
P01254
10
103.124003
20
262.127992
30
0.0
0
SEQEND
0
POLYLINE
8
P01255
66
1
70
0
0
VERTEX
8
P01255
10
101.938664
20
262.043326
30
0.0
0
VERTEX
8
P01255
10
102.700665
20
262.043326
30
0.0
0
SEQEND
0
POLYLINE
8
P01256
66
1
70
0
0
VERTEX
8
P01256
10
101.938664
20
261.958660
30
0.0
0
VERTEX
8
P01256
10
102.362001
20
261.958660
30
0.0
0
VERTEX
8
P01256
10
101.938664
20
261.958660
30
0.0
0
SEQEND
0
POLYLINE
8
P01257
66
1
70
0
0
VERTEX
8
P01257
10
107.357336
20
263.567326
30
0.0
0
VERTEX
8
P01257
10
102.446665
20
262.466659
30
0.0
0
VERTEX
8
P01257
10
107.357336
20
263.567326
30
0.0
0
SEQEND
0
POLYLINE
8
P01258
66
1
70
0
0
VERTEX
8
P01258
10
102.446665
20
262.466659
30
0.0
0
VERTEX
8
P01258
10
102.870002
20
263.143994
30
0.0
0
VERTEX
8
P01258
10
102.446665
20
262.466659
30
0.0
0
SEQEND
0
POLYLINE
8
P01259
66
1
70
0
0
VERTEX
8
P01259
10
102.870002
20
263.143994
30
0.0
0
VERTEX
8
P01259
10
102.277327
20
263.736661
30
0.0
0
VERTEX
8
P01259
10
102.870002
20
263.143994
30
0.0
0
SEQEND
0
POLYLINE
8
P01260
66
1
70
0
0
VERTEX
8
P01260
10
102.277327
20
263.736661
30
0.0
0
VERTEX
8
P01260
10
107.357336
20
263.567326
30
0.0
0
VERTEX
8
P01260
10
102.277327
20
263.736661
30
0.0
0
SEQEND
0
POLYLINE
8
P01261
66
1
70
0
0
VERTEX
8
P01261
10
106.510661
20
263.482660
30
0.0
0
VERTEX
8
P01261
10
107.018661
20
263.482660
30
0.0
0
SEQEND
0
POLYLINE
8
P01262
66
1
70
0
0
VERTEX
8
P01262
10
105.579333
20
263.397992
30
0.0
0
VERTEX
8
P01262
10
106.679998
20
263.397992
30
0.0
0
SEQEND
0
POLYLINE
8
P01263
66
1
70
0
0
VERTEX
8
P01263
10
104.732668
20
263.313326
30
0.0
0
VERTEX
8
P01263
10
106.256660
20
263.313326
30
0.0
0
SEQEND
0
POLYLINE
8
P01264
66
1
70
0
0
VERTEX
8
P01264
10
103.801330
20
263.228660
30
0.0
0
VERTEX
8
P01264
10
105.917997
20
263.228660
30
0.0
0
SEQEND
0
POLYLINE
8
P01265
66
1
70
0
0
VERTEX
8
P01265
10
102.870002
20
263.143994
30
0.0
0
VERTEX
8
P01265
10
105.494670
20
263.143994
30
0.0
0
SEQEND
0
POLYLINE
8
P01266
66
1
70
0
0
VERTEX
8
P01266
10
102.870002
20
263.059325
30
0.0
0
VERTEX
8
P01266
10
105.155995
20
263.059325
30
0.0
0
SEQEND
0
POLYLINE
8
P01267
66
1
70
0
0
VERTEX
8
P01267
10
102.785328
20
262.974659
30
0.0
0
VERTEX
8
P01267
10
104.732668
20
262.974659
30
0.0
0
SEQEND
0
POLYLINE
8
P01268
66
1
70
0
0
VERTEX
8
P01268
10
102.785328
20
262.889994
30
0.0
0
VERTEX
8
P01268
10
104.393994
20
262.889994
30
0.0
0
SEQEND
0
POLYLINE
8
P01269
66
1
70
0
0
VERTEX
8
P01269
10
102.700665
20
262.805328
30
0.0
0
VERTEX
8
P01269
10
103.970667
20
262.805328
30
0.0
0
SEQEND
0
POLYLINE
8
P01270
66
1
70
0
0
VERTEX
8
P01270
10
102.616002
20
262.720659
30
0.0
0
VERTEX
8
P01270
10
103.631993
20
262.720659
30
0.0
0
SEQEND
0
POLYLINE
8
P01271
66
1
70
0
0
VERTEX
8
P01271
10
102.616002
20
262.635993
30
0.0
0
VERTEX
8
P01271
10
103.208666
20
262.635993
30
0.0
0
SEQEND
0
POLYLINE
8
P01272
66
1
70
0
0
VERTEX
8
P01272
10
102.531328
20
262.551327
30
0.0
0
VERTEX
8
P01272
10
102.870002
20
262.551327
30
0.0
0
VERTEX
8
P01272
10
102.531328
20
262.551327
30
0.0
0
SEQEND
0
POLYLINE
8
P01273
66
1
70
0
0
VERTEX
8
P01273
10
102.362001
20
263.651992
30
0.0
0
VERTEX
8
P01273
10
104.817332
20
263.651992
30
0.0
0
SEQEND
0
POLYLINE
8
P01274
66
1
70
0
0
VERTEX
8
P01274
10
102.446665
20
263.567326
30
0.0
0
VERTEX
8
P01274
10
107.357336
20
263.567326
30
0.0
0
SEQEND
0
POLYLINE
8
P01275
66
1
70
0
0
VERTEX
8
P01275
10
102.531328
20
263.482660
30
0.0
0
VERTEX
8
P01275
10
106.510661
20
263.482660
30
0.0
0
SEQEND
0
POLYLINE
8
P01276
66
1
70
0
0
VERTEX
8
P01276
10
102.616002
20
263.397992
30
0.0
0
VERTEX
8
P01276
10
105.579333
20
263.397992
30
0.0
0
SEQEND
0
POLYLINE
8
P01277
66
1
70
0
0
VERTEX
8
P01277
10
102.700665
20
263.313326
30
0.0
0
VERTEX
8
P01277
10
104.732668
20
263.313326
30
0.0
0
SEQEND
0
POLYLINE
8
P01278
66
1
70
0
0
VERTEX
8
P01278
10
102.785328
20
263.228660
30
0.0
0
VERTEX
8
P01278
10
103.801330
20
263.228660
30
0.0
0
VERTEX
8
P01278
10
102.785328
20
263.228660
30
0.0
0
SEQEND
0
POLYLINE
8
P01279
66
1
70
0
0
VERTEX
8
P01279
10
90.339329
20
256.539994
30
0.0
0
VERTEX
8
P01279
10
92.455995
20
258.402660
30
0.0
0
VERTEX
8
P01279
10
90.339329
20
256.539994
30
0.0
0
SEQEND
0
POLYLINE
8
P01280
66
1
70
0
0
VERTEX
8
P01280
10
92.455995
20
258.402660
30
0.0
0
VERTEX
8
P01280
10
94.826662
20
260.095994
30
0.0
0
VERTEX
8
P01280
10
92.455995
20
258.402660
30
0.0
0
SEQEND
0
POLYLINE
8
P01281
66
1
70
0
0
VERTEX
8
P01281
10
94.826662
20
260.095994
30
0.0
0
VERTEX
8
P01281
10
97.366667
20
261.365994
30
0.0
0
VERTEX
8
P01281
10
94.826662
20
260.095994
30
0.0
0
SEQEND
0
POLYLINE
8
P01282
66
1
70
0
0
VERTEX
8
P01282
10
97.366667
20
261.365994
30
0.0
0
VERTEX
8
P01282
10
99.991334
20
262.466659
30
0.0
0
VERTEX
8
P01282
10
97.366667
20
261.365994
30
0.0
0
SEQEND
0
POLYLINE
8
P01283
66
1
70
0
0
VERTEX
8
P01283
10
99.991334
20
262.466659
30
0.0
0
VERTEX
8
P01283
10
102.785328
20
263.143994
30
0.0
0
VERTEX
8
P01283
10
99.991334
20
262.466659
30
0.0
0
SEQEND
0
POLYLINE
8
P01284
66
1
70
0
0
VERTEX
8
P01284
10
102.785328
20
263.143994
30
0.0
0
VERTEX
8
P01284
10
105.579333
20
263.482660
30
0.0
0
VERTEX
8
P01284
10
102.785328
20
263.143994
30
0.0
0
SEQEND
0
POLYLINE
8
P01285
66
1
70
0
0
VERTEX
8
P01285
10
105.579333
20
263.482660
30
0.0
0
VERTEX
8
P01285
10
107.357336
20
263.567326
30
0.0
0
VERTEX
8
P01285
10
105.579333
20
263.482660
30
0.0
0
SEQEND
0
POLYLINE
8
P01286
66
1
70
0
0
VERTEX
8
P01286
10
59.351330
20
152.654000
30
0.0
0
VERTEX
8
P01286
10
100.245335
20
152.654000
30
0.0
0
VERTEX
8
P01286
10
59.351330
20
152.654000
30
0.0
0
SEQEND
0
POLYLINE
8
P01287
66
1
70
0
0
VERTEX
8
P01287
10
47.328668
20
172.635328
30
0.0
0
VERTEX
8
P01287
10
55.371997
20
172.635328
30
0.0
0
VERTEX
8
P01287
10
47.328668
20
172.635328
30
0.0
0
SEQEND
0
POLYLINE
8
P01288
66
1
70
0
0
VERTEX
8
P01288
10
155.363331
20
172.635328
30
0.0
0
VERTEX
8
P01288
10
155.363331
20
152.654000
30
0.0
0
VERTEX
8
P01288
10
155.363331
20
172.635328
30
0.0
0
SEQEND
0
POLYLINE
8
P01289
66
1
70
0
0
VERTEX
8
P01289
10
159.342664
20
152.654000
30
0.0
0
VERTEX
8
P01289
10
167.301330
20
152.654000
30
0.0
0
VERTEX
8
P01289
10
159.342664
20
152.654000
30
0.0
0
SEQEND
0
POLYLINE
8
P01290
66
1
70
0
0
VERTEX
8
P01290
10
167.301330
20
172.635328
30
0.0
0
VERTEX
8
P01290
10
167.301330
20
152.654000
30
0.0
0
VERTEX
8
P01290
10
167.301330
20
172.635328
30
0.0
0
SEQEND
0
POLYLINE
8
P01291
66
1
70
0
0
VERTEX
8
P01291
10
114.384663
20
152.654000
30
0.0
0
VERTEX
8
P01291
10
155.363331
20
152.654000
30
0.0
0
VERTEX
8
P01291
10
114.384663
20
152.654000
30
0.0
0
SEQEND
0
POLYLINE
8
P01292
66
1
70
0
0
VERTEX
8
P01292
10
55.371997
20
172.635328
30
0.0
0
VERTEX
8
P01292
10
55.371997
20
152.654000
30
0.0
0
VERTEX
8
P01292
10
55.371997
20
172.635328
30
0.0
0
SEQEND
0
POLYLINE
8
P01293
66
1
70
0
0
VERTEX
8
P01293
10
159.342664
20
172.635328
30
0.0
0
VERTEX
8
P01293
10
167.301330
20
172.635328
30
0.0
0
VERTEX
8
P01293
10
159.342664
20
172.635328
30
0.0
0
SEQEND
0
POLYLINE
8
P01294
66
1
70
0
0
VERTEX
8
P01294
10
100.245335
20
172.635328
30
0.0
0
VERTEX
8
P01294
10
100.245335
20
152.654000
30
0.0
0
VERTEX
8
P01294
10
100.245335
20
172.635328
30
0.0
0
SEQEND
0
POLYLINE
8
P01295
66
1
70
0
0
VERTEX
8
P01295
10
159.342664
20
172.635328
30
0.0
0
VERTEX
8
P01295
10
159.342664
20
152.654000
30
0.0
0
VERTEX
8
P01295
10
159.342664
20
172.635328
30
0.0
0
SEQEND
0
POLYLINE
8
P01296
66
1
70
0
0
VERTEX
8
P01296
10
47.328668
20
172.635328
30
0.0
0
VERTEX
8
P01296
10
47.328668
20
152.654000
30
0.0
0
VERTEX
8
P01296
10
47.328668
20
172.635328
30
0.0
0
SEQEND
0
POLYLINE
8
P01297
66
1
70
0
0
VERTEX
8
P01297
10
59.351330
20
172.635328
30
0.0
0
VERTEX
8
P01297
10
100.245335
20
172.635328
30
0.0
0
VERTEX
8
P01297
10
59.351330
20
172.635328
30
0.0
0
SEQEND
0
POLYLINE
8
P01298
66
1
70
0
0
VERTEX
8
P01298
10
114.384663
20
172.635328
30
0.0
0
VERTEX
8
P01298
10
155.363331
20
172.635328
30
0.0
0
VERTEX
8
P01298
10
114.384663
20
172.635328
30
0.0
0
SEQEND
0
POLYLINE
8
P01299
66
1
70
0
0
VERTEX
8
P01299
10
114.384663
20
152.654000
30
0.0
0
VERTEX
8
P01299
10
114.384663
20
172.635328
30
0.0
0
VERTEX
8
P01299
10
114.384663
20
152.654000
30
0.0
0
SEQEND
0
POLYLINE
8
P01300
66
1
70
0
0
VERTEX
8
P01300
10
59.351330
20
172.635328
30
0.0
0
VERTEX
8
P01300
10
59.351330
20
152.654000
30
0.0
0
VERTEX
8
P01300
10
59.351330
20
172.635328
30
0.0
0
SEQEND
0
POLYLINE
8
P01301
66
1
70
0
0
VERTEX
8
P01301
10
47.328668
20
152.654000
30
0.0
0
VERTEX
8
P01301
10
55.371997
20
152.654000
30
0.0
0
VERTEX
8
P01301
10
47.328668
20
152.654000
30
0.0
0
SEQEND
0
POLYLINE
8
P01302
66
1
70
0
0
VERTEX
8
P01302
10
155.363331
20
152.654000
30
0.0
0
VERTEX
8
P01302
10
159.342664
20
152.654000
30
0.0
0
VERTEX
8
P01302
10
155.363331
20
152.654000
30
0.0
0
SEQEND
0
POLYLINE
8
P01303
66
1
70
0
0
VERTEX
8
P01303
10
55.371997
20
172.635328
30
0.0
0
VERTEX
8
P01303
10
59.351330
20
172.635328
30
0.0
0
VERTEX
8
P01303
10
55.371997
20
172.635328
30
0.0
0
SEQEND
0
POLYLINE
8
P01304
66
1
70
0
0
VERTEX
8
P01304
10
55.371997
20
152.654000
30
0.0
0
VERTEX
8
P01304
10
59.351330
20
152.654000
30
0.0
0
VERTEX
8
P01304
10
55.371997
20
152.654000
30
0.0
0
SEQEND
0
POLYLINE
8
P01305
66
1
70
0
0
VERTEX
8
P01305
10
155.363331
20
172.635328
30
0.0
0
VERTEX
8
P01305
10
159.342664
20
172.635328
30
0.0
0
VERTEX
8
P01305
10
155.363331
20
172.635328
30
0.0
0
SEQEND
0
POLYLINE
8
P01306
66
1
70
0
0
VERTEX
8
P01306
10
107.357336
20
172.635328
30
0.0
0
VERTEX
8
P01306
10
107.357336
20
152.654000
30
0.0
0
VERTEX
8
P01306
10
107.357336
20
172.635328
30
0.0
0
SEQEND
0
POLYLINE
8
P01307
66
1
70
0
0
VERTEX
8
P01307
10
100.245335
20
152.654000
30
0.0
0
VERTEX
8
P01307
10
107.357336
20
152.654000
30
0.0
0
VERTEX
8
P01307
10
100.245335
20
152.654000
30
0.0
0
SEQEND
0
POLYLINE
8
P01308
66
1
70
0
0
VERTEX
8
P01308
10
107.357336
20
152.654000
30
0.0
0
VERTEX
8
P01308
10
114.384663
20
152.654000
30
0.0
0
VERTEX
8
P01308
10
107.357336
20
152.654000
30
0.0
0
SEQEND
0
POLYLINE
8
P01309
66
1
70
0
0
VERTEX
8
P01309
10
157.310661
20
174.582658
30
0.0
0
VERTEX
8
P01309
10
157.310661
20
165.015326
30
0.0
0
VERTEX
8
P01309
10
157.310661
20
174.582658
30
0.0
0
SEQEND
0
POLYLINE
8
P01310
66
1
70
0
0
VERTEX
8
P01310
10
157.310661
20
163.575997
30
0.0
0
VERTEX
8
P01310
10
157.310661
20
161.713331
30
0.0
0
VERTEX
8
P01310
10
157.310661
20
163.575997
30
0.0
0
SEQEND
0
POLYLINE
8
P01311
66
1
70
0
0
VERTEX
8
P01311
10
157.310661
20
160.189329
30
0.0
0
VERTEX
8
P01311
10
157.310661
20
150.621997
30
0.0
0
VERTEX
8
P01311
10
157.310661
20
160.189329
30
0.0
0
SEQEND
0
POLYLINE
8
P01312
66
1
70
0
0
VERTEX
8
P01312
10
57.319332
20
174.582658
30
0.0
0
VERTEX
8
P01312
10
57.319332
20
165.015326
30
0.0
0
VERTEX
8
P01312
10
57.319332
20
174.582658
30
0.0
0
SEQEND
0
POLYLINE
8
P01313
66
1
70
0
0
VERTEX
8
P01313
10
57.319332
20
163.575997
30
0.0
0
VERTEX
8
P01313
10
57.319332
20
161.713331
30
0.0
0
VERTEX
8
P01313
10
57.319332
20
163.575997
30
0.0
0
SEQEND
0
POLYLINE
8
P01314
66
1
70
0
0
VERTEX
8
P01314
10
57.319332
20
160.189329
30
0.0
0
VERTEX
8
P01314
10
57.319332
20
150.621997
30
0.0
0
VERTEX
8
P01314
10
57.319332
20
160.189329
30
0.0
0
SEQEND
0
POLYLINE
8
P01315
66
1
70
0
0
VERTEX
8
P01315
10
165.862001
20
152.654000
30
0.0
0
VERTEX
8
P01315
10
167.301330
20
154.177992
30
0.0
0
VERTEX
8
P01315
10
165.862001
20
152.654000
30
0.0
0
SEQEND
0
POLYLINE
8
P01316
66
1
70
0
0
VERTEX
8
P01316
10
163.745335
20
152.654000
30
0.0
0
VERTEX
8
P01316
10
167.301330
20
156.294659
30
0.0
0
VERTEX
8
P01316
10
163.745335
20
152.654000
30
0.0
0
SEQEND
0
POLYLINE
8
P01317
66
1
70
0
0
VERTEX
8
P01317
10
161.628668
20
152.654000
30
0.0
0
VERTEX
8
P01317
10
167.301330
20
158.411326
30
0.0
0
VERTEX
8
P01317
10
161.628668
20
152.654000
30
0.0
0
SEQEND
0
POLYLINE
8
P01318
66
1
70
0
0
VERTEX
8
P01318
10
159.427327
20
152.654000
30
0.0
0
VERTEX
8
P01318
10
167.301330
20
160.527992
30
0.0
0
VERTEX
8
P01318
10
159.427327
20
152.654000
30
0.0
0
SEQEND
0
POLYLINE
8
P01319
66
1
70
0
0
VERTEX
8
P01319
10
159.342664
20
154.601330
30
0.0
0
VERTEX
8
P01319
10
167.301330
20
162.644659
30
0.0
0
VERTEX
8
P01319
10
159.342664
20
154.601330
30
0.0
0
SEQEND
0
POLYLINE
8
P01320
66
1
70
0
0
VERTEX
8
P01320
10
159.342664
20
156.717997
30
0.0
0
VERTEX
8
P01320
10
167.301330
20
164.761326
30
0.0
0
VERTEX
8
P01320
10
159.342664
20
156.717997
30
0.0
0
SEQEND
0
POLYLINE
8
P01321
66
1
70
0
0
VERTEX
8
P01321
10
155.193994
20
152.654000
30
0.0
0
VERTEX
8
P01321
10
155.363331
20
152.738664
30
0.0
0
VERTEX
8
P01321
10
155.193994
20
152.654000
30
0.0
0
SEQEND
0
POLYLINE
8
P01322
66
1
70
0
0
VERTEX
8
P01322
10
153.077327
20
152.654000
30
0.0
0
VERTEX
8
P01322
10
155.363331
20
154.855330
30
0.0
0
VERTEX
8
P01322
10
153.077327
20
152.654000
30
0.0
0
SEQEND
0
POLYLINE
8
P01323
66
1
70
0
0
VERTEX
8
P01323
10
159.342664
20
158.834663
30
0.0
0
VERTEX
8
P01323
10
167.301330
20
166.877992
30
0.0
0
VERTEX
8
P01323
10
159.342664
20
158.834663
30
0.0
0
SEQEND
0
POLYLINE
8
P01324
66
1
70
0
0
VERTEX
8
P01324
10
159.342664
20
160.951330
30
0.0
0
VERTEX
8
P01324
10
167.301330
20
168.994659
30
0.0
0
VERTEX
8
P01324
10
159.342664
20
160.951330
30
0.0
0
SEQEND
0
POLYLINE
8
P01325
66
1
70
0
0
VERTEX
8
P01325
10
150.960661
20
152.654000
30
0.0
0
VERTEX
8
P01325
10
155.363331
20
156.971997
30
0.0
0
VERTEX
8
P01325
10
150.960661
20
152.654000
30
0.0
0
SEQEND
0
POLYLINE
8
P01326
66
1
70
0
0
VERTEX
8
P01326
10
148.843994
20
152.654000
30
0.0
0
VERTEX
8
P01326
10
155.363331
20
159.088664
30
0.0
0
VERTEX
8
P01326
10
148.843994
20
152.654000
30
0.0
0
SEQEND
0
POLYLINE
8
P01327
66
1
70
0
0
VERTEX
8
P01327
10
159.342664
20
163.067997
30
0.0
0
VERTEX
8
P01327
10
167.301330
20
171.111326
30
0.0
0
VERTEX
8
P01327
10
159.342664
20
163.067997
30
0.0
0
SEQEND
0
POLYLINE
8
P01328
66
1
70
0
0
VERTEX
8
P01328
10
159.342664
20
165.269326
30
0.0
0
VERTEX
8
P01328
10
166.708666
20
172.635328
30
0.0
0
VERTEX
8
P01328
10
159.342664
20
165.269326
30
0.0
0
SEQEND
0
POLYLINE
8
P01329
66
1
70
0
0
VERTEX
8
P01329
10
146.727327
20
152.654000
30
0.0
0
VERTEX
8
P01329
10
155.363331
20
161.205330
30
0.0
0
VERTEX
8
P01329
10
146.727327
20
152.654000
30
0.0
0
SEQEND
0
POLYLINE
8
P01330
66
1
70
0
0
VERTEX
8
P01330
10
144.610661
20
152.654000
30
0.0
0
VERTEX
8
P01330
10
155.363331
20
163.321997
30
0.0
0
VERTEX
8
P01330
10
144.610661
20
152.654000
30
0.0
0
SEQEND
0
POLYLINE
8
P01331
66
1
70
0
0
VERTEX
8
P01331
10
159.342664
20
167.385993
30
0.0
0
VERTEX
8
P01331
10
164.591999
20
172.635328
30
0.0
0
VERTEX
8
P01331
10
159.342664
20
167.385993
30
0.0
0
SEQEND
0
POLYLINE
8
P01332
66
1
70
0
0
VERTEX
8
P01332
10
159.342664
20
169.502660
30
0.0
0
VERTEX
8
P01332
10
162.475332
20
172.635328
30
0.0
0
VERTEX
8
P01332
10
159.342664
20
169.502660
30
0.0
0
SEQEND
0
POLYLINE
8
P01333
66
1
70
0
0
VERTEX
8
P01333
10
142.493994
20
152.654000
30
0.0
0
VERTEX
8
P01333
10
155.363331
20
165.438664
30
0.0
0
VERTEX
8
P01333
10
142.493994
20
152.654000
30
0.0
0
SEQEND
0
POLYLINE
8
P01334
66
1
70
0
0
VERTEX
8
P01334
10
140.377327
20
152.654000
30
0.0
0
VERTEX
8
P01334
10
155.363331
20
167.555330
30
0.0
0
VERTEX
8
P01334
10
140.377327
20
152.654000
30
0.0
0
SEQEND
0
POLYLINE
8
P01335
66
1
70
0
0
VERTEX
8
P01335
10
159.342664
20
171.619326
30
0.0
0
VERTEX
8
P01335
10
160.358666
20
172.635328
30
0.0
0
VERTEX
8
P01335
10
159.342664
20
171.619326
30
0.0
0
SEQEND
0
POLYLINE
8
P01336
66
1
70
0
0
VERTEX
8
P01336
10
138.260661
20
152.654000
30
0.0
0
VERTEX
8
P01336
10
155.363331
20
169.671997
30
0.0
0
VERTEX
8
P01336
10
138.260661
20
152.654000
30
0.0
0
SEQEND
0
POLYLINE
8
P01337
66
1
70
0
0
VERTEX
8
P01337
10
136.143994
20
152.654000
30
0.0
0
VERTEX
8
P01337
10
155.363331
20
171.873327
30
0.0
0
VERTEX
8
P01337
10
136.143994
20
152.654000
30
0.0
0
SEQEND
0
POLYLINE
8
P01338
66
1
70
0
0
VERTEX
8
P01338
10
134.027327
20
152.654000
30
0.0
0
VERTEX
8
P01338
10
154.008666
20
172.635328
30
0.0
0
VERTEX
8
P01338
10
134.027327
20
152.654000
30
0.0
0
SEQEND
0
POLYLINE
8
P01339
66
1
70
0
0
VERTEX
8
P01339
10
131.910661
20
152.654000
30
0.0
0
VERTEX
8
P01339
10
151.891999
20
172.635328
30
0.0
0
VERTEX
8
P01339
10
131.910661
20
152.654000
30
0.0
0
SEQEND
0
POLYLINE
8
P01340
66
1
70
0
0
VERTEX
8
P01340
10
129.793994
20
152.654000
30
0.0
0
VERTEX
8
P01340
10
149.775332
20
172.635328
30
0.0
0
VERTEX
8
P01340
10
129.793994
20
152.654000
30
0.0
0
SEQEND
0
POLYLINE
8
P01341
66
1
70
0
0
VERTEX
8
P01341
10
127.677327
20
152.654000
30
0.0
0
VERTEX
8
P01341
10
147.658666
20
172.635328
30
0.0
0
VERTEX
8
P01341
10
127.677327
20
152.654000
30
0.0
0
SEQEND
0
POLYLINE
8
P01342
66
1
70
0
0
VERTEX
8
P01342
10
125.560661
20
152.654000
30
0.0
0
VERTEX
8
P01342
10
145.541999
20
172.635328
30
0.0
0
VERTEX
8
P01342
10
125.560661
20
152.654000
30
0.0
0
SEQEND
0
POLYLINE
8
P01343
66
1
70
0
0
VERTEX
8
P01343
10
123.443994
20
152.654000
30
0.0
0
VERTEX
8
P01343
10
143.425332
20
172.635328
30
0.0
0
VERTEX
8
P01343
10
123.443994
20
152.654000
30
0.0
0
SEQEND
0
POLYLINE
8
P01344
66
1
70
0
0
VERTEX
8
P01344
10
121.242664
20
152.654000
30
0.0
0
VERTEX
8
P01344
10
141.308666
20
172.635328
30
0.0
0
VERTEX
8
P01344
10
121.242664
20
152.654000
30
0.0
0
SEQEND
0
POLYLINE
8
P01345
66
1
70
0
0
VERTEX
8
P01345
10
119.125997
20
152.654000
30
0.0
0
VERTEX
8
P01345
10
139.191999
20
172.635328
30
0.0
0
VERTEX
8
P01345
10
119.125997
20
152.654000
30
0.0
0
SEQEND
0
POLYLINE
8
P01346
66
1
70
0
0
VERTEX
8
P01346
10
117.009331
20
152.654000
30
0.0
0
VERTEX
8
P01346
10
137.075332
20
172.635328
30
0.0
0
VERTEX
8
P01346
10
117.009331
20
152.654000
30
0.0
0
SEQEND
0
POLYLINE
8
P01347
66
1
70
0
0
VERTEX
8
P01347
10
114.892664
20
152.654000
30
0.0
0
VERTEX
8
P01347
10
134.958666
20
172.635328
30
0.0
0
VERTEX
8
P01347
10
114.892664
20
152.654000
30
0.0
0
SEQEND
0
POLYLINE
8
P01348
66
1
70
0
0
VERTEX
8
P01348
10
114.384663
20
154.262666
30
0.0
0
VERTEX
8
P01348
10
132.757325
20
172.635328
30
0.0
0
VERTEX
8
P01348
10
114.384663
20
154.262666
30
0.0
0
SEQEND
0
POLYLINE
8
P01349
66
1
70
0
0
VERTEX
8
P01349
10
114.384663
20
156.379333
30
0.0
0
VERTEX
8
P01349
10
130.640658
20
172.635328
30
0.0
0
VERTEX
8
P01349
10
114.384663
20
156.379333
30
0.0
0
SEQEND
0
POLYLINE
8
P01350
66
1
70
0
0
VERTEX
8
P01350
10
114.384663
20
158.496000
30
0.0
0
VERTEX
8
P01350
10
128.523992
20
172.635328
30
0.0
0
VERTEX
8
P01350
10
114.384663
20
158.496000
30
0.0
0
SEQEND
0
POLYLINE
8
P01351
66
1
70
0
0
VERTEX
8
P01351
10
114.384663
20
160.612666
30
0.0
0
VERTEX
8
P01351
10
126.407325
20
172.635328
30
0.0
0
VERTEX
8
P01351
10
114.384663
20
160.612666
30
0.0
0
SEQEND
0
POLYLINE
8
P01352
66
1
70
0
0
VERTEX
8
P01352
10
114.384663
20
162.729333
30
0.0
0
VERTEX
8
P01352
10
124.290669
20
172.635328
30
0.0
0
VERTEX
8
P01352
10
114.384663
20
162.729333
30
0.0
0
SEQEND
0
POLYLINE
8
P01353
66
1
70
0
0
VERTEX
8
P01353
10
114.384663
20
164.846000
30
0.0
0
VERTEX
8
P01353
10
122.174003
20
172.635328
30
0.0
0
VERTEX
8
P01353
10
114.384663
20
164.846000
30
0.0
0
SEQEND
0
POLYLINE
8
P01354
66
1
70
0
0
VERTEX
8
P01354
10
114.384663
20
166.962666
30
0.0
0
VERTEX
8
P01354
10
120.057336
20
172.635328
30
0.0
0
VERTEX
8
P01354
10
114.384663
20
166.962666
30
0.0
0
SEQEND
0
POLYLINE
8
P01355
66
1
70
0
0
VERTEX
8
P01355
10
100.075997
20
152.654000
30
0.0
0
VERTEX
8
P01355
10
100.245335
20
152.823327
30
0.0
0
VERTEX
8
P01355
10
100.075997
20
152.654000
30
0.0
0
SEQEND
0
POLYLINE
8
P01356
66
1
70
0
0
VERTEX
8
P01356
10
97.959331
20
152.654000
30
0.0
0
VERTEX
8
P01356
10
100.245335
20
154.939994
30
0.0
0
VERTEX
8
P01356
10
97.959331
20
152.654000
30
0.0
0
SEQEND
0
POLYLINE
8
P01357
66
1
70
0
0
VERTEX
8
P01357
10
114.384663
20
169.079333
30
0.0
0
VERTEX
8
P01357
10
117.940669
20
172.635328
30
0.0
0
VERTEX
8
P01357
10
114.384663
20
169.079333
30
0.0
0
SEQEND
0
POLYLINE
8
P01358
66
1
70
0
0
VERTEX
8
P01358
10
114.384663
20
171.196000
30
0.0
0
VERTEX
8
P01358
10
115.824003
20
172.635328
30
0.0
0
VERTEX
8
P01358
10
114.384663
20
171.196000
30
0.0
0
SEQEND
0
POLYLINE
8
P01359
66
1
70
0
0
VERTEX
8
P01359
10
95.842664
20
152.654000
30
0.0
0
VERTEX
8
P01359
10
100.245335
20
157.056660
30
0.0
0
VERTEX
8
P01359
10
95.842664
20
152.654000
30
0.0
0
SEQEND
0
POLYLINE
8
P01360
66
1
70
0
0
VERTEX
8
P01360
10
93.725997
20
152.654000
30
0.0
0
VERTEX
8
P01360
10
100.245335
20
159.173327
30
0.0
0
VERTEX
8
P01360
10
93.725997
20
152.654000
30
0.0
0
SEQEND
0
POLYLINE
8
P01361
66
1
70
0
0
VERTEX
8
P01361
10
91.609331
20
152.654000
30
0.0
0
VERTEX
8
P01361
10
100.245335
20
161.289994
30
0.0
0
VERTEX
8
P01361
10
91.609331
20
152.654000
30
0.0
0
SEQEND
0
POLYLINE
8
P01362
66
1
70
0
0
VERTEX
8
P01362
10
89.492664
20
152.654000
30
0.0
0
VERTEX
8
P01362
10
100.245335
20
163.406660
30
0.0
0
VERTEX
8
P01362
10
89.492664
20
152.654000
30
0.0
0
SEQEND
0
POLYLINE
8
P01363
66
1
70
0
0
VERTEX
8
P01363
10
87.375997
20
152.654000
30
0.0
0
VERTEX
8
P01363
10
100.245335
20
165.523327
30
0.0
0
VERTEX
8
P01363
10
87.375997
20
152.654000
30
0.0
0
SEQEND
0
POLYLINE
8
P01364
66
1
70
0
0
VERTEX
8
P01364
10
85.259331
20
152.654000
30
0.0
0
VERTEX
8
P01364
10
100.245335
20
167.639994
30
0.0
0
VERTEX
8
P01364
10
85.259331
20
152.654000
30
0.0
0
SEQEND
0
POLYLINE
8
P01365
66
1
70
0
0
VERTEX
8
P01365
10
83.057995
20
152.654000
30
0.0
0
VERTEX
8
P01365
10
100.245335
20
169.756660
30
0.0
0
VERTEX
8
P01365
10
83.057995
20
152.654000
30
0.0
0
SEQEND
0
POLYLINE
8
P01366
66
1
70
0
0
VERTEX
8
P01366
10
80.941334
20
152.654000
30
0.0
0
VERTEX
8
P01366
10
100.245335
20
171.957990
30
0.0
0
VERTEX
8
P01366
10
80.941334
20
152.654000
30
0.0
0
SEQEND
0
POLYLINE
8
P01367
66
1
70
0
0
VERTEX
8
P01367
10
78.824668
20
152.654000
30
0.0
0
VERTEX
8
P01367
10
98.890669
20
172.635328
30
0.0
0
VERTEX
8
P01367
10
78.824668
20
152.654000
30
0.0
0
SEQEND
0
POLYLINE
8
P01368
66
1
70
0
0
VERTEX
8
P01368
10
76.708001
20
152.654000
30
0.0
0
VERTEX
8
P01368
10
96.774003
20
172.635328
30
0.0
0
VERTEX
8
P01368
10
76.708001
20
152.654000
30
0.0
0
SEQEND
0
POLYLINE
8
P01369
66
1
70
0
0
VERTEX
8
P01369
10
74.591334
20
152.654000
30
0.0
0
VERTEX
8
P01369
10
94.572662
20
172.635328
30
0.0
0
VERTEX
8
P01369
10
74.591334
20
152.654000
30
0.0
0
SEQEND
0
POLYLINE
8
P01370
66
1
70
0
0
VERTEX
8
P01370
10
72.474668
20
152.654000
30
0.0
0
VERTEX
8
P01370
10
92.455995
20
172.635328
30
0.0
0
VERTEX
8
P01370
10
72.474668
20
152.654000
30
0.0
0
SEQEND
0
POLYLINE
8
P01371
66
1
70
0
0
VERTEX
8
P01371
10
70.358001
20
152.654000
30
0.0
0
VERTEX
8
P01371
10
90.339329
20
172.635328
30
0.0
0
VERTEX
8
P01371
10
70.358001
20
152.654000
30
0.0
0
SEQEND
0
POLYLINE
8
P01372
66
1
70
0
0
VERTEX
8
P01372
10
68.241334
20
152.654000
30
0.0
0
VERTEX
8
P01372
10
88.222667
20
172.635328
30
0.0
0
VERTEX
8
P01372
10
68.241334
20
152.654000
30
0.0
0
SEQEND
0
POLYLINE
8
P01373
66
1
70
0
0
VERTEX
8
P01373
10
66.124668
20
152.654000
30
0.0
0
VERTEX
8
P01373
10
86.106001
20
172.635328
30
0.0
0
VERTEX
8
P01373
10
66.124668
20
152.654000
30
0.0
0
SEQEND
0
POLYLINE
8
P01374
66
1
70
0
0
VERTEX
8
P01374
10
64.008001
20
152.654000
30
0.0
0
VERTEX
8
P01374
10
83.989334
20
172.635328
30
0.0
0
VERTEX
8
P01374
10
64.008001
20
152.654000
30
0.0
0
SEQEND
0
POLYLINE
8
P01375
66
1
70
0
0
VERTEX
8
P01375
10
61.891334
20
152.654000
30
0.0
0
VERTEX
8
P01375
10
81.872667
20
172.635328
30
0.0
0
VERTEX
8
P01375
10
61.891334
20
152.654000
30
0.0
0
SEQEND
0
POLYLINE
8
P01376
66
1
70
0
0
VERTEX
8
P01376
10
59.774668
20
152.654000
30
0.0
0
VERTEX
8
P01376
10
79.756001
20
172.635328
30
0.0
0
VERTEX
8
P01376
10
59.774668
20
152.654000
30
0.0
0
SEQEND
0
POLYLINE
8
P01377
66
1
70
0
0
VERTEX
8
P01377
10
59.351330
20
154.347329
30
0.0
0
VERTEX
8
P01377
10
77.639334
20
172.635328
30
0.0
0
VERTEX
8
P01377
10
59.351330
20
154.347329
30
0.0
0
SEQEND
0
POLYLINE
8
P01378
66
1
70
0
0
VERTEX
8
P01378
10
59.351330
20
156.463996
30
0.0
0
VERTEX
8
P01378
10
75.522667
20
172.635328
30
0.0
0
VERTEX
8
P01378
10
59.351330
20
156.463996
30
0.0
0
SEQEND
0
POLYLINE
8
P01379
66
1
70
0
0
VERTEX
8
P01379
10
59.351330
20
158.580663
30
0.0
0
VERTEX
8
P01379
10
73.406001
20
172.635328
30
0.0
0
VERTEX
8
P01379
10
59.351330
20
158.580663
30
0.0
0
SEQEND
0
POLYLINE
8
P01380
66
1
70
0
0
VERTEX
8
P01380
10
53.424668
20
152.654000
30
0.0
0
VERTEX
8
P01380
10
55.371997
20
154.601330
30
0.0
0
VERTEX
8
P01380
10
53.424668
20
152.654000
30
0.0
0
SEQEND
0
POLYLINE
8
P01381
66
1
70
0
0
VERTEX
8
P01381
10
51.308001
20
152.654000
30
0.0
0
VERTEX
8
P01381
10
55.371997
20
156.717997
30
0.0
0
VERTEX
8
P01381
10
51.308001
20
152.654000
30
0.0
0
SEQEND
0
POLYLINE
8
P01382
66
1
70
0
0
VERTEX
8
P01382
10
59.351330
20
160.697329
30
0.0
0
VERTEX
8
P01382
10
71.289334
20
172.635328
30
0.0
0
VERTEX
8
P01382
10
59.351330
20
160.697329
30
0.0
0
SEQEND
0
POLYLINE
8
P01383
66
1
70
0
0
VERTEX
8
P01383
10
59.351330
20
162.813996
30
0.0
0
VERTEX
8
P01383
10
69.172667
20
172.635328
30
0.0
0
VERTEX
8
P01383
10
59.351330
20
162.813996
30
0.0
0
SEQEND
0
POLYLINE
8
P01384
66
1
70
0
0
VERTEX
8
P01384
10
49.191334
20
152.654000
30
0.0
0
VERTEX
8
P01384
10
55.371997
20
158.834663
30
0.0
0
VERTEX
8
P01384
10
49.191334
20
152.654000
30
0.0
0
SEQEND
0
POLYLINE
8
P01385
66
1
70
0
0
VERTEX
8
P01385
10
47.328668
20
152.908001
30
0.0
0
VERTEX
8
P01385
10
55.371997
20
160.951330
30
0.0
0
VERTEX
8
P01385
10
47.328668
20
152.908001
30
0.0
0
SEQEND
0
POLYLINE
8
P01386
66
1
70
0
0
VERTEX
8
P01386
10
59.351330
20
164.930663
30
0.0
0
VERTEX
8
P01386
10
67.056001
20
172.635328
30
0.0
0
VERTEX
8
P01386
10
59.351330
20
164.930663
30
0.0
0
SEQEND
0
POLYLINE
8
P01387
66
1
70
0
0
VERTEX
8
P01387
10
59.351330
20
167.047329
30
0.0
0
VERTEX
8
P01387
10
64.939334
20
172.635328
30
0.0
0
VERTEX
8
P01387
10
59.351330
20
167.047329
30
0.0
0
SEQEND
0
POLYLINE
8
P01388
66
1
70
0
0
VERTEX
8
P01388
10
47.328668
20
155.024657
30
0.0
0
VERTEX
8
P01388
10
55.371997
20
163.067997
30
0.0
0
VERTEX
8
P01388
10
47.328668
20
155.024657
30
0.0
0
SEQEND
0
POLYLINE
8
P01389
66
1
70
0
0
VERTEX
8
P01389
10
47.328668
20
157.141323
30
0.0
0
VERTEX
8
P01389
10
55.371997
20
165.184663
30
0.0
0
VERTEX
8
P01389
10
47.328668
20
157.141323
30
0.0
0
SEQEND
0
POLYLINE
8
P01390
66
1
70
0
0
VERTEX
8
P01390
10
59.351330
20
169.163996
30
0.0
0
VERTEX
8
P01390
10
62.822667
20
172.635328
30
0.0
0
VERTEX
8
P01390
10
59.351330
20
169.163996
30
0.0
0
SEQEND
0
POLYLINE
8
P01391
66
1
70
0
0
VERTEX
8
P01391
10
59.351330
20
171.280663
30
0.0
0
VERTEX
8
P01391
10
60.706001
20
172.635328
30
0.0
0
VERTEX
8
P01391
10
59.351330
20
171.280663
30
0.0
0
SEQEND
0
POLYLINE
8
P01392
66
1
70
0
0
VERTEX
8
P01392
10
47.328668
20
159.257990
30
0.0
0
VERTEX
8
P01392
10
55.371997
20
167.301330
30
0.0
0
VERTEX
8
P01392
10
47.328668
20
159.257990
30
0.0
0
SEQEND
0
POLYLINE
8
P01393
66
1
70
0
0
VERTEX
8
P01393
10
47.328668
20
161.374657
30
0.0
0
VERTEX
8
P01393
10
55.371997
20
169.417997
30
0.0
0
VERTEX
8
P01393
10
47.328668
20
161.374657
30
0.0
0
SEQEND
0
POLYLINE
8
P01394
66
1
70
0
0
VERTEX
8
P01394
10
47.328668
20
163.575997
30
0.0
0
VERTEX
8
P01394
10
55.371997
20
171.534663
30
0.0
0
VERTEX
8
P01394
10
47.328668
20
163.575997
30
0.0
0
SEQEND
0
POLYLINE
8
P01395
66
1
70
0
0
VERTEX
8
P01395
10
47.328668
20
165.692664
30
0.0
0
VERTEX
8
P01395
10
54.271332
20
172.635328
30
0.0
0
VERTEX
8
P01395
10
47.328668
20
165.692664
30
0.0
0
SEQEND
0
POLYLINE
8
P01396
66
1
70
0
0
VERTEX
8
P01396
10
47.328668
20
167.809331
30
0.0
0
VERTEX
8
P01396
10
52.154665
20
172.635328
30
0.0
0
VERTEX
8
P01396
10
47.328668
20
167.809331
30
0.0
0
SEQEND
0
POLYLINE
8
P01397
66
1
70
0
0
VERTEX
8
P01397
10
47.328668
20
169.925997
30
0.0
0
VERTEX
8
P01397
10
50.037999
20
172.635328
30
0.0
0
VERTEX
8
P01397
10
47.328668
20
169.925997
30
0.0
0
SEQEND
0
POLYLINE
8
P01398
66
1
70
0
0
VERTEX
8
P01398
10
47.328668
20
172.042664
30
0.0
0
VERTEX
8
P01398
10
47.921332
20
172.635328
30
0.0
0
VERTEX
8
P01398
10
47.328668
20
172.042664
30
0.0
0
SEQEND
0
POLYLINE
8
P01399
66
1
70
0
0
VERTEX
8
P01399
10
165.862001
20
152.654000
30
0.0
0
VERTEX
8
P01399
10
167.301330
20
154.177992
30
0.0
0
VERTEX
8
P01399
10
165.862001
20
152.654000
30
0.0
0
SEQEND
0
POLYLINE
8
P01400
66
1
70
0
0
VERTEX
8
P01400
10
163.745335
20
152.654000
30
0.0
0
VERTEX
8
P01400
10
167.301330
20
156.294659
30
0.0
0
VERTEX
8
P01400
10
163.745335
20
152.654000
30
0.0
0
SEQEND
0
POLYLINE
8
P01401
66
1
70
0
0
VERTEX
8
P01401
10
161.628668
20
152.654000
30
0.0
0
VERTEX
8
P01401
10
167.301330
20
158.411326
30
0.0
0
VERTEX
8
P01401
10
161.628668
20
152.654000
30
0.0
0
SEQEND
0
POLYLINE
8
P01402
66
1
70
0
0
VERTEX
8
P01402
10
159.427327
20
152.654000
30
0.0
0
VERTEX
8
P01402
10
167.301330
20
160.527992
30
0.0
0
VERTEX
8
P01402
10
159.427327
20
152.654000
30
0.0
0
SEQEND
0
POLYLINE
8
P01403
66
1
70
0
0
VERTEX
8
P01403
10
159.342664
20
154.601330
30
0.0
0
VERTEX
8
P01403
10
167.301330
20
162.644659
30
0.0
0
VERTEX
8
P01403
10
159.342664
20
154.601330
30
0.0
0
SEQEND
0
POLYLINE
8
P01404
66
1
70
0
0
VERTEX
8
P01404
10
159.342664
20
156.717997
30
0.0
0
VERTEX
8
P01404
10
167.301330
20
164.761326
30
0.0
0
VERTEX
8
P01404
10
159.342664
20
156.717997
30
0.0
0
SEQEND
0
POLYLINE
8
P01405
66
1
70
0
0
VERTEX
8
P01405
10
155.193994
20
152.654000
30
0.0
0
VERTEX
8
P01405
10
155.363331
20
152.738664
30
0.0
0
VERTEX
8
P01405
10
155.193994
20
152.654000
30
0.0
0
SEQEND
0
POLYLINE
8
P01406
66
1
70
0
0
VERTEX
8
P01406
10
153.077327
20
152.654000
30
0.0
0
VERTEX
8
P01406
10
155.363331
20
154.855330
30
0.0
0
VERTEX
8
P01406
10
153.077327
20
152.654000
30
0.0
0
SEQEND
0
POLYLINE
8
P01407
66
1
70
0
0
VERTEX
8
P01407
10
159.342664
20
158.834663
30
0.0
0
VERTEX
8
P01407
10
167.301330
20
166.877992
30
0.0
0
VERTEX
8
P01407
10
159.342664
20
158.834663
30
0.0
0
SEQEND
0
POLYLINE
8
P01408
66
1
70
0
0
VERTEX
8
P01408
10
159.342664
20
160.951330
30
0.0
0
VERTEX
8
P01408
10
167.301330
20
168.994659
30
0.0
0
VERTEX
8
P01408
10
159.342664
20
160.951330
30
0.0
0
SEQEND
0
POLYLINE
8
P01409
66
1
70
0
0
VERTEX
8
P01409
10
150.960661
20
152.654000
30
0.0
0
VERTEX
8
P01409
10
155.363331
20
156.971997
30
0.0
0
VERTEX
8
P01409
10
150.960661
20
152.654000
30
0.0
0
SEQEND
0
POLYLINE
8
P01410
66
1
70
0
0
VERTEX
8
P01410
10
148.843994
20
152.654000
30
0.0
0
VERTEX
8
P01410
10
155.363331
20
159.088664
30
0.0
0
VERTEX
8
P01410
10
148.843994
20
152.654000
30
0.0
0
SEQEND
0
POLYLINE
8
P01411
66
1
70
0
0
VERTEX
8
P01411
10
159.342664
20
163.067997
30
0.0
0
VERTEX
8
P01411
10
167.301330
20
171.111326
30
0.0
0
VERTEX
8
P01411
10
159.342664
20
163.067997
30
0.0
0
SEQEND
0
POLYLINE
8
P01412
66
1
70
0
0
VERTEX
8
P01412
10
159.342664
20
165.269326
30
0.0
0
VERTEX
8
P01412
10
166.708666
20
172.635328
30
0.0
0
VERTEX
8
P01412
10
159.342664
20
165.269326
30
0.0
0
SEQEND
0
POLYLINE
8
P01413
66
1
70
0
0
VERTEX
8
P01413
10
146.727327
20
152.654000
30
0.0
0
VERTEX
8
P01413
10
155.363331
20
161.205330
30
0.0
0
VERTEX
8
P01413
10
146.727327
20
152.654000
30
0.0
0
SEQEND
0
POLYLINE
8
P01414
66
1
70
0
0
VERTEX
8
P01414
10
144.610661
20
152.654000
30
0.0
0
VERTEX
8
P01414
10
155.363331
20
163.321997
30
0.0
0
VERTEX
8
P01414
10
144.610661
20
152.654000
30
0.0
0
SEQEND
0
POLYLINE
8
P01415
66
1
70
0
0
VERTEX
8
P01415
10
159.342664
20
167.385993
30
0.0
0
VERTEX
8
P01415
10
164.591999
20
172.635328
30
0.0
0
VERTEX
8
P01415
10
159.342664
20
167.385993
30
0.0
0
SEQEND
0
POLYLINE
8
P01416
66
1
70
0
0
VERTEX
8
P01416
10
159.342664
20
169.502660
30
0.0
0
VERTEX
8
P01416
10
162.475332
20
172.635328
30
0.0
0
VERTEX
8
P01416
10
159.342664
20
169.502660
30
0.0
0
SEQEND
0
POLYLINE
8
P01417
66
1
70
0
0
VERTEX
8
P01417
10
142.493994
20
152.654000
30
0.0
0
VERTEX
8
P01417
10
155.363331
20
165.438664
30
0.0
0
VERTEX
8
P01417
10
142.493994
20
152.654000
30
0.0
0
SEQEND
0
POLYLINE
8
P01418
66
1
70
0
0
VERTEX
8
P01418
10
140.377327
20
152.654000
30
0.0
0
VERTEX
8
P01418
10
155.363331
20
167.555330
30
0.0
0
VERTEX
8
P01418
10
140.377327
20
152.654000
30
0.0
0
SEQEND
0
POLYLINE
8
P01419
66
1
70
0
0
VERTEX
8
P01419
10
159.342664
20
171.619326
30
0.0
0
VERTEX
8
P01419
10
160.358666
20
172.635328
30
0.0
0
VERTEX
8
P01419
10
159.342664
20
171.619326
30
0.0
0
SEQEND
0
POLYLINE
8
P01420
66
1
70
0
0
VERTEX
8
P01420
10
138.260661
20
152.654000
30
0.0
0
VERTEX
8
P01420
10
155.363331
20
169.671997
30
0.0
0
VERTEX
8
P01420
10
138.260661
20
152.654000
30
0.0
0
SEQEND
0
POLYLINE
8
P01421
66
1
70
0
0
VERTEX
8
P01421
10
136.143994
20
152.654000
30
0.0
0
VERTEX
8
P01421
10
155.363331
20
171.873327
30
0.0
0
VERTEX
8
P01421
10
136.143994
20
152.654000
30
0.0
0
SEQEND
0
POLYLINE
8
P01422
66
1
70
0
0
VERTEX
8
P01422
10
134.027327
20
152.654000
30
0.0
0
VERTEX
8
P01422
10
154.008666
20
172.635328
30
0.0
0
VERTEX
8
P01422
10
134.027327
20
152.654000
30
0.0
0
SEQEND
0
POLYLINE
8
P01423
66
1
70
0
0
VERTEX
8
P01423
10
131.910661
20
152.654000
30
0.0
0
VERTEX
8
P01423
10
151.891999
20
172.635328
30
0.0
0
VERTEX
8
P01423
10
131.910661
20
152.654000
30
0.0
0
SEQEND
0
POLYLINE
8
P01424
66
1
70
0
0
VERTEX
8
P01424
10
129.793994
20
152.654000
30
0.0
0
VERTEX
8
P01424
10
149.775332
20
172.635328
30
0.0
0
VERTEX
8
P01424
10
129.793994
20
152.654000
30
0.0
0
SEQEND
0
POLYLINE
8
P01425
66
1
70
0
0
VERTEX
8
P01425
10
127.677327
20
152.654000
30
0.0
0
VERTEX
8
P01425
10
147.658666
20
172.635328
30
0.0
0
VERTEX
8
P01425
10
127.677327
20
152.654000
30
0.0
0
SEQEND
0
POLYLINE
8
P01426
66
1
70
0
0
VERTEX
8
P01426
10
125.560661
20
152.654000
30
0.0
0
VERTEX
8
P01426
10
145.541999
20
172.635328
30
0.0
0
VERTEX
8
P01426
10
125.560661
20
152.654000
30
0.0
0
SEQEND
0
POLYLINE
8
P01427
66
1
70
0
0
VERTEX
8
P01427
10
123.443994
20
152.654000
30
0.0
0
VERTEX
8
P01427
10
143.425332
20
172.635328
30
0.0
0
VERTEX
8
P01427
10
123.443994
20
152.654000
30
0.0
0
SEQEND
0
POLYLINE
8
P01428
66
1
70
0
0
VERTEX
8
P01428
10
121.242664
20
152.654000
30
0.0
0
VERTEX
8
P01428
10
141.308666
20
172.635328
30
0.0
0
VERTEX
8
P01428
10
121.242664
20
152.654000
30
0.0
0
SEQEND
0
POLYLINE
8
P01429
66
1
70
0
0
VERTEX
8
P01429
10
119.125997
20
152.654000
30
0.0
0
VERTEX
8
P01429
10
139.191999
20
172.635328
30
0.0
0
VERTEX
8
P01429
10
119.125997
20
152.654000
30
0.0
0
SEQEND
0
POLYLINE
8
P01430
66
1
70
0
0
VERTEX
8
P01430
10
117.009331
20
152.654000
30
0.0
0
VERTEX
8
P01430
10
137.075332
20
172.635328
30
0.0
0
VERTEX
8
P01430
10
117.009331
20
152.654000
30
0.0
0
SEQEND
0
POLYLINE
8
P01431
66
1
70
0
0
VERTEX
8
P01431
10
114.892664
20
152.654000
30
0.0
0
VERTEX
8
P01431
10
134.958666
20
172.635328
30
0.0
0
VERTEX
8
P01431
10
114.892664
20
152.654000
30
0.0
0
SEQEND
0
POLYLINE
8
P01432
66
1
70
0
0
VERTEX
8
P01432
10
114.384663
20
154.262666
30
0.0
0
VERTEX
8
P01432
10
132.757325
20
172.635328
30
0.0
0
VERTEX
8
P01432
10
114.384663
20
154.262666
30
0.0
0
SEQEND
0
POLYLINE
8
P01433
66
1
70
0
0
VERTEX
8
P01433
10
114.384663
20
156.379333
30
0.0
0
VERTEX
8
P01433
10
130.640658
20
172.635328
30
0.0
0
VERTEX
8
P01433
10
114.384663
20
156.379333
30
0.0
0
SEQEND
0
POLYLINE
8
P01434
66
1
70
0
0
VERTEX
8
P01434
10
114.384663
20
158.496000
30
0.0
0
VERTEX
8
P01434
10
128.523992
20
172.635328
30
0.0
0
VERTEX
8
P01434
10
114.384663
20
158.496000
30
0.0
0
SEQEND
0
POLYLINE
8
P01435
66
1
70
0
0
VERTEX
8
P01435
10
114.384663
20
160.612666
30
0.0
0
VERTEX
8
P01435
10
126.407325
20
172.635328
30
0.0
0
VERTEX
8
P01435
10
114.384663
20
160.612666
30
0.0
0
SEQEND
0
POLYLINE
8
P01436
66
1
70
0
0
VERTEX
8
P01436
10
114.384663
20
162.729333
30
0.0
0
VERTEX
8
P01436
10
124.290669
20
172.635328
30
0.0
0
VERTEX
8
P01436
10
114.384663
20
162.729333
30
0.0
0
SEQEND
0
POLYLINE
8
P01437
66
1
70
0
0
VERTEX
8
P01437
10
114.384663
20
164.846000
30
0.0
0
VERTEX
8
P01437
10
122.174003
20
172.635328
30
0.0
0
VERTEX
8
P01437
10
114.384663
20
164.846000
30
0.0
0
SEQEND
0
POLYLINE
8
P01438
66
1
70
0
0
VERTEX
8
P01438
10
114.384663
20
166.962666
30
0.0
0
VERTEX
8
P01438
10
120.057336
20
172.635328
30
0.0
0
VERTEX
8
P01438
10
114.384663
20
166.962666
30
0.0
0
SEQEND
0
POLYLINE
8
P01439
66
1
70
0
0
VERTEX
8
P01439
10
100.075997
20
152.654000
30
0.0
0
VERTEX
8
P01439
10
100.245335
20
152.823327
30
0.0
0
VERTEX
8
P01439
10
100.075997
20
152.654000
30
0.0
0
SEQEND
0
POLYLINE
8
P01440
66
1
70
0
0
VERTEX
8
P01440
10
97.959331
20
152.654000
30
0.0
0
VERTEX
8
P01440
10
100.245335
20
154.939994
30
0.0
0
VERTEX
8
P01440
10
97.959331
20
152.654000
30
0.0
0
SEQEND
0
POLYLINE
8
P01441
66
1
70
0
0
VERTEX
8
P01441
10
114.384663
20
169.079333
30
0.0
0
VERTEX
8
P01441
10
117.940669
20
172.635328
30
0.0
0
VERTEX
8
P01441
10
114.384663
20
169.079333
30
0.0
0
SEQEND
0
POLYLINE
8
P01442
66
1
70
0
0
VERTEX
8
P01442
10
114.384663
20
171.196000
30
0.0
0
VERTEX
8
P01442
10
115.824003
20
172.635328
30
0.0
0
VERTEX
8
P01442
10
114.384663
20
171.196000
30
0.0
0
SEQEND
0
POLYLINE
8
P01443
66
1
70
0
0
VERTEX
8
P01443
10
95.842664
20
152.654000
30
0.0
0
VERTEX
8
P01443
10
100.245335
20
157.056660
30
0.0
0
VERTEX
8
P01443
10
95.842664
20
152.654000
30
0.0
0
SEQEND
0
POLYLINE
8
P01444
66
1
70
0
0
VERTEX
8
P01444
10
93.725997
20
152.654000
30
0.0
0
VERTEX
8
P01444
10
100.245335
20
159.173327
30
0.0
0
VERTEX
8
P01444
10
93.725997
20
152.654000
30
0.0
0
SEQEND
0
POLYLINE
8
P01445
66
1
70
0
0
VERTEX
8
P01445
10
91.609331
20
152.654000
30
0.0
0
VERTEX
8
P01445
10
100.245335
20
161.289994
30
0.0
0
VERTEX
8
P01445
10
91.609331
20
152.654000
30
0.0
0
SEQEND
0
POLYLINE
8
P01446
66
1
70
0
0
VERTEX
8
P01446
10
89.492664
20
152.654000
30
0.0
0
VERTEX
8
P01446
10
100.245335
20
163.406660
30
0.0
0
VERTEX
8
P01446
10
89.492664
20
152.654000
30
0.0
0
SEQEND
0
POLYLINE
8
P01447
66
1
70
0
0
VERTEX
8
P01447
10
87.375997
20
152.654000
30
0.0
0
VERTEX
8
P01447
10
100.245335
20
165.523327
30
0.0
0
VERTEX
8
P01447
10
87.375997
20
152.654000
30
0.0
0
SEQEND
0
POLYLINE
8
P01448
66
1
70
0
0
VERTEX
8
P01448
10
85.259331
20
152.654000
30
0.0
0
VERTEX
8
P01448
10
100.245335
20
167.639994
30
0.0
0
VERTEX
8
P01448
10
85.259331
20
152.654000
30
0.0
0
SEQEND
0
POLYLINE
8
P01449
66
1
70
0
0
VERTEX
8
P01449
10
83.057995
20
152.654000
30
0.0
0
VERTEX
8
P01449
10
100.245335
20
169.756660
30
0.0
0
VERTEX
8
P01449
10
83.057995
20
152.654000
30
0.0
0
SEQEND
0
POLYLINE
8
P01450
66
1
70
0
0
VERTEX
8
P01450
10
80.941334
20
152.654000
30
0.0
0
VERTEX
8
P01450
10
100.245335
20
171.957990
30
0.0
0
VERTEX
8
P01450
10
80.941334
20
152.654000
30
0.0
0
SEQEND
0
POLYLINE
8
P01451
66
1
70
0
0
VERTEX
8
P01451
10
78.824668
20
152.654000
30
0.0
0
VERTEX
8
P01451
10
98.890669
20
172.635328
30
0.0
0
VERTEX
8
P01451
10
78.824668
20
152.654000
30
0.0
0
SEQEND
0
POLYLINE
8
P01452
66
1
70
0
0
VERTEX
8
P01452
10
76.708001
20
152.654000
30
0.0
0
VERTEX
8
P01452
10
96.774003
20
172.635328
30
0.0
0
VERTEX
8
P01452
10
76.708001
20
152.654000
30
0.0
0
SEQEND
0
POLYLINE
8
P01453
66
1
70
0
0
VERTEX
8
P01453
10
74.591334
20
152.654000
30
0.0
0
VERTEX
8
P01453
10
94.572662
20
172.635328
30
0.0
0
VERTEX
8
P01453
10
74.591334
20
152.654000
30
0.0
0
SEQEND
0
POLYLINE
8
P01454
66
1
70
0
0
VERTEX
8
P01454
10
72.474668
20
152.654000
30
0.0
0
VERTEX
8
P01454
10
92.455995
20
172.635328
30
0.0
0
VERTEX
8
P01454
10
72.474668
20
152.654000
30
0.0
0
SEQEND
0
POLYLINE
8
P01455
66
1
70
0
0
VERTEX
8
P01455
10
70.358001
20
152.654000
30
0.0
0
VERTEX
8
P01455
10
90.339329
20
172.635328
30
0.0
0
VERTEX
8
P01455
10
70.358001
20
152.654000
30
0.0
0
SEQEND
0
POLYLINE
8
P01456
66
1
70
0
0
VERTEX
8
P01456
10
68.241334
20
152.654000
30
0.0
0
VERTEX
8
P01456
10
88.222667
20
172.635328
30
0.0
0
VERTEX
8
P01456
10
68.241334
20
152.654000
30
0.0
0
SEQEND
0
POLYLINE
8
P01457
66
1
70
0
0
VERTEX
8
P01457
10
66.124668
20
152.654000
30
0.0
0
VERTEX
8
P01457
10
86.106001
20
172.635328
30
0.0
0
VERTEX
8
P01457
10
66.124668
20
152.654000
30
0.0
0
SEQEND
0
POLYLINE
8
P01458
66
1
70
0
0
VERTEX
8
P01458
10
64.008001
20
152.654000
30
0.0
0
VERTEX
8
P01458
10
83.989334
20
172.635328
30
0.0
0
VERTEX
8
P01458
10
64.008001
20
152.654000
30
0.0
0
SEQEND
0
POLYLINE
8
P01459
66
1
70
0
0
VERTEX
8
P01459
10
61.891334
20
152.654000
30
0.0
0
VERTEX
8
P01459
10
81.872667
20
172.635328
30
0.0
0
VERTEX
8
P01459
10
61.891334
20
152.654000
30
0.0
0
SEQEND
0
POLYLINE
8
P01460
66
1
70
0
0
VERTEX
8
P01460
10
59.774668
20
152.654000
30
0.0
0
VERTEX
8
P01460
10
79.756001
20
172.635328
30
0.0
0
VERTEX
8
P01460
10
59.774668
20
152.654000
30
0.0
0
SEQEND
0
POLYLINE
8
P01461
66
1
70
0
0
VERTEX
8
P01461
10
59.351330
20
154.347329
30
0.0
0
VERTEX
8
P01461
10
77.639334
20
172.635328
30
0.0
0
VERTEX
8
P01461
10
59.351330
20
154.347329
30
0.0
0
SEQEND
0
POLYLINE
8
P01462
66
1
70
0
0
VERTEX
8
P01462
10
59.351330
20
156.463996
30
0.0
0
VERTEX
8
P01462
10
75.522667
20
172.635328
30
0.0
0
VERTEX
8
P01462
10
59.351330
20
156.463996
30
0.0
0
SEQEND
0
POLYLINE
8
P01463
66
1
70
0
0
VERTEX
8
P01463
10
59.351330
20
158.580663
30
0.0
0
VERTEX
8
P01463
10
73.406001
20
172.635328
30
0.0
0
VERTEX
8
P01463
10
59.351330
20
158.580663
30
0.0
0
SEQEND
0
POLYLINE
8
P01464
66
1
70
0
0
VERTEX
8
P01464
10
53.424668
20
152.654000
30
0.0
0
VERTEX
8
P01464
10
55.371997
20
154.601330
30
0.0
0
VERTEX
8
P01464
10
53.424668
20
152.654000
30
0.0
0
SEQEND
0
POLYLINE
8
P01465
66
1
70
0
0
VERTEX
8
P01465
10
51.308001
20
152.654000
30
0.0
0
VERTEX
8
P01465
10
55.371997
20
156.717997
30
0.0
0
VERTEX
8
P01465
10
51.308001
20
152.654000
30
0.0
0
SEQEND
0
POLYLINE
8
P01466
66
1
70
0
0
VERTEX
8
P01466
10
59.351330
20
160.697329
30
0.0
0
VERTEX
8
P01466
10
71.289334
20
172.635328
30
0.0
0
VERTEX
8
P01466
10
59.351330
20
160.697329
30
0.0
0
SEQEND
0
POLYLINE
8
P01467
66
1
70
0
0
VERTEX
8
P01467
10
59.351330
20
162.813996
30
0.0
0
VERTEX
8
P01467
10
69.172667
20
172.635328
30
0.0
0
VERTEX
8
P01467
10
59.351330
20
162.813996
30
0.0
0
SEQEND
0
POLYLINE
8
P01468
66
1
70
0
0
VERTEX
8
P01468
10
49.191334
20
152.654000
30
0.0
0
VERTEX
8
P01468
10
55.371997
20
158.834663
30
0.0
0
VERTEX
8
P01468
10
49.191334
20
152.654000
30
0.0
0
SEQEND
0
POLYLINE
8
P01469
66
1
70
0
0
VERTEX
8
P01469
10
47.328668
20
152.908001
30
0.0
0
VERTEX
8
P01469
10
55.371997
20
160.951330
30
0.0
0
VERTEX
8
P01469
10
47.328668
20
152.908001
30
0.0
0
SEQEND
0
POLYLINE
8
P01470
66
1
70
0
0
VERTEX
8
P01470
10
59.351330
20
164.930663
30
0.0
0
VERTEX
8
P01470
10
67.056001
20
172.635328
30
0.0
0
VERTEX
8
P01470
10
59.351330
20
164.930663
30
0.0
0
SEQEND
0
POLYLINE
8
P01471
66
1
70
0
0
VERTEX
8
P01471
10
59.351330
20
167.047329
30
0.0
0
VERTEX
8
P01471
10
64.939334
20
172.635328
30
0.0
0
VERTEX
8
P01471
10
59.351330
20
167.047329
30
0.0
0
SEQEND
0
POLYLINE
8
P01472
66
1
70
0
0
VERTEX
8
P01472
10
47.328668
20
155.024657
30
0.0
0
VERTEX
8
P01472
10
55.371997
20
163.067997
30
0.0
0
VERTEX
8
P01472
10
47.328668
20
155.024657
30
0.0
0
SEQEND
0
POLYLINE
8
P01473
66
1
70
0
0
VERTEX
8
P01473
10
47.328668
20
157.141323
30
0.0
0
VERTEX
8
P01473
10
55.371997
20
165.184663
30
0.0
0
VERTEX
8
P01473
10
47.328668
20
157.141323
30
0.0
0
SEQEND
0
POLYLINE
8
P01474
66
1
70
0
0
VERTEX
8
P01474
10
59.351330
20
169.163996
30
0.0
0
VERTEX
8
P01474
10
62.822667
20
172.635328
30
0.0
0
VERTEX
8
P01474
10
59.351330
20
169.163996
30
0.0
0
SEQEND
0
POLYLINE
8
P01475
66
1
70
0
0
VERTEX
8
P01475
10
59.351330
20
171.280663
30
0.0
0
VERTEX
8
P01475
10
60.706001
20
172.635328
30
0.0
0
VERTEX
8
P01475
10
59.351330
20
171.280663
30
0.0
0
SEQEND
0
POLYLINE
8
P01476
66
1
70
0
0
VERTEX
8
P01476
10
47.328668
20
159.257990
30
0.0
0
VERTEX
8
P01476
10
55.371997
20
167.301330
30
0.0
0
VERTEX
8
P01476
10
47.328668
20
159.257990
30
0.0
0
SEQEND
0
POLYLINE
8
P01477
66
1
70
0
0
VERTEX
8
P01477
10
47.328668
20
161.374657
30
0.0
0
VERTEX
8
P01477
10
55.371997
20
169.417997
30
0.0
0
VERTEX
8
P01477
10
47.328668
20
161.374657
30
0.0
0
SEQEND
0
POLYLINE
8
P01478
66
1
70
0
0
VERTEX
8
P01478
10
47.328668
20
163.575997
30
0.0
0
VERTEX
8
P01478
10
55.371997
20
171.534663
30
0.0
0
VERTEX
8
P01478
10
47.328668
20
163.575997
30
0.0
0
SEQEND
0
POLYLINE
8
P01479
66
1
70
0
0
VERTEX
8
P01479
10
47.328668
20
165.692664
30
0.0
0
VERTEX
8
P01479
10
54.271332
20
172.635328
30
0.0
0
VERTEX
8
P01479
10
47.328668
20
165.692664
30
0.0
0
SEQEND
0
POLYLINE
8
P01480
66
1
70
0
0
VERTEX
8
P01480
10
47.328668
20
167.809331
30
0.0
0
VERTEX
8
P01480
10
52.154665
20
172.635328
30
0.0
0
VERTEX
8
P01480
10
47.328668
20
167.809331
30
0.0
0
SEQEND
0
POLYLINE
8
P01481
66
1
70
0
0
VERTEX
8
P01481
10
47.328668
20
169.925997
30
0.0
0
VERTEX
8
P01481
10
50.037999
20
172.635328
30
0.0
0
VERTEX
8
P01481
10
47.328668
20
169.925997
30
0.0
0
SEQEND
0
POLYLINE
8
P01482
66
1
70
0
0
VERTEX
8
P01482
10
47.328668
20
172.042664
30
0.0
0
VERTEX
8
P01482
10
47.921332
20
172.635328
30
0.0
0
VERTEX
8
P01482
10
47.328668
20
172.042664
30
0.0
0
SEQEND
0
POLYLINE
8
P01483
66
1
70
0
0
VERTEX
8
P01483
10
107.357336
20
174.582658
30
0.0
0
VERTEX
8
P01483
10
107.357336
20
165.015326
30
0.0
0
VERTEX
8
P01483
10
107.357336
20
174.582658
30
0.0
0
SEQEND
0
POLYLINE
8
P01484
66
1
70
0
0
VERTEX
8
P01484
10
107.357336
20
163.575997
30
0.0
0
VERTEX
8
P01484
10
107.357336
20
161.713331
30
0.0
0
VERTEX
8
P01484
10
107.357336
20
163.575997
30
0.0
0
SEQEND
0
POLYLINE
8
P01485
66
1
70
0
0
VERTEX
8
P01485
10
107.357336
20
160.189329
30
0.0
0
VERTEX
8
P01485
10
107.357336
20
150.621997
30
0.0
0
VERTEX
8
P01485
10
107.357336
20
160.189329
30
0.0
0
SEQEND
0
POLYLINE
8
P01486
66
1
70
0
0
VERTEX
8
P01486
10
57.319332
20
152.654000
30
0.0
0
VERTEX
8
P01486
10
57.319332
20
129.201330
30
0.0
0
VERTEX
8
P01486
10
57.319332
20
152.654000
30
0.0
0
SEQEND
0
POLYLINE
8
P01487
66
1
70
0
0
VERTEX
8
P01487
10
157.310661
20
152.654000
30
0.0
0
VERTEX
8
P01487
10
157.310661
20
129.201330
30
0.0
0
VERTEX
8
P01487
10
157.310661
20
152.654000
30
0.0
0
SEQEND
0
POLYLINE
8
P01488
66
1
70
0
0
VERTEX
8
P01488
10
155.363331
20
172.635328
30
0.0
0
VERTEX
8
P01488
10
155.363331
20
179.662666
30
0.0
0
VERTEX
8
P01488
10
155.363331
20
172.635328
30
0.0
0
SEQEND
0
POLYLINE
8
P01489
66
1
70
0
0
VERTEX
8
P01489
10
159.342664
20
172.635328
30
0.0
0
VERTEX
8
P01489
10
159.342664
20
179.662666
30
0.0
0
VERTEX
8
P01489
10
159.342664
20
172.635328
30
0.0
0
SEQEND
0
POLYLINE
8
P01490
66
1
70
0
0
VERTEX
8
P01490
10
100.245335
20
152.654000
30
0.0
0
VERTEX
8
P01490
10
100.245335
20
139.615326
30
0.0
0
VERTEX
8
P01490
10
100.245335
20
152.654000
30
0.0
0
SEQEND
0
POLYLINE
8
P01491
66
1
70
0
0
VERTEX
8
P01491
10
114.384663
20
152.654000
30
0.0
0
VERTEX
8
P01491
10
114.384663
20
139.615326
30
0.0
0
VERTEX
8
P01491
10
114.384663
20
152.654000
30
0.0
0
SEQEND
0
POLYLINE
8
P01492
66
1
70
0
0
VERTEX
8
P01492
10
47.328668
20
152.654000
30
0.0
0
VERTEX
8
P01492
10
47.328668
20
123.613331
30
0.0
0
VERTEX
8
P01492
10
47.328668
20
152.654000
30
0.0
0
SEQEND
0
POLYLINE
8
P01493
66
1
70
0
0
VERTEX
8
P01493
10
55.371997
20
162.644659
30
0.0
0
VERTEX
8
P01493
10
55.371997
20
123.613331
30
0.0
0
VERTEX
8
P01493
10
55.371997
20
162.644659
30
0.0
0
SEQEND
0
POLYLINE
8
P01494
66
1
70
0
0
VERTEX
8
P01494
10
155.363331
20
152.654000
30
0.0
0
VERTEX
8
P01494
10
191.685328
20
152.654000
30
0.0
0
VERTEX
8
P01494
10
155.363331
20
152.654000
30
0.0
0
SEQEND
0
POLYLINE
8
P01495
66
1
70
0
0
VERTEX
8
P01495
10
155.363331
20
172.635328
30
0.0
0
VERTEX
8
P01495
10
191.685328
20
172.635328
30
0.0
0
VERTEX
8
P01495
10
155.363331
20
172.635328
30
0.0
0
SEQEND
0
POLYLINE
8
P01496
66
1
70
0
0
VERTEX
8
P01496
10
62.145335
20
132.333998
30
0.0
0
VERTEX
8
P01496
10
62.822667
20
132.333998
30
0.0
0
SEQEND
0
POLYLINE
8
P01497
66
1
70
0
0
VERTEX
8
P01497
10
61.383333
20
132.249324
30
0.0
0
VERTEX
8
P01497
10
62.822667
20
132.249324
30
0.0
0
SEQEND
0
POLYLINE
8
P01498
66
1
70
0
0
VERTEX
8
P01498
10
60.621332
20
132.164661
30
0.0
0
VERTEX
8
P01498
10
62.822667
20
132.164661
30
0.0
0
SEQEND
0
POLYLINE
8
P01499
66
1
70
0
0
VERTEX
8
P01499
10
59.859331
20
132.079998
30
0.0
0
VERTEX
8
P01499
10
62.822667
20
132.079998
30
0.0
0
SEQEND
0
POLYLINE
8
P01500
66
1
70
0
0
VERTEX
8
P01500
10
59.097329
20
131.995335
30
0.0
0
VERTEX
8
P01500
10
62.822667
20
131.995335
30
0.0
0
SEQEND
0
POLYLINE
8
P01501
66
1
70
0
0
VERTEX
8
P01501
10
58.927998
20
131.910661
30
0.0
0
VERTEX
8
P01501
10
62.822667
20
131.910661
30
0.0
0
SEQEND
0
POLYLINE
8
P01502
66
1
70
0
0
VERTEX
8
P01502
10
58.758666
20
131.825997
30
0.0
0
VERTEX
8
P01502
10
62.822667
20
131.825997
30
0.0
0
SEQEND
0
POLYLINE
8
P01503
66
1
70
0
0
VERTEX
8
P01503
10
58.504665
20
131.741334
30
0.0
0
VERTEX
8
P01503
10
62.822667
20
131.741334
30
0.0
0
SEQEND
0
POLYLINE
8
P01504
66
1
70
0
0
VERTEX
8
P01504
10
58.335334
20
131.656660
30
0.0
0
VERTEX
8
P01504
10
62.822667
20
131.656660
30
0.0
0
SEQEND
0
POLYLINE
8
P01505
66
1
70
0
0
VERTEX
8
P01505
10
58.165996
20
131.571997
30
0.0
0
VERTEX
8
P01505
10
62.822667
20
131.571997
30
0.0
0
SEQEND
0
POLYLINE
8
P01506
66
1
70
0
0
VERTEX
8
P01506
10
57.912001
20
131.487334
30
0.0
0
VERTEX
8
P01506
10
62.822667
20
131.487334
30
0.0
0
SEQEND
0
POLYLINE
8
P01507
66
1
70
0
0
VERTEX
8
P01507
10
57.742664
20
131.402660
30
0.0
0
VERTEX
8
P01507
10
62.822667
20
131.402660
30
0.0
0
SEQEND
0
POLYLINE
8
P01508
66
1
70
0
0
VERTEX
8
P01508
10
57.573332
20
131.317997
30
0.0
0
VERTEX
8
P01508
10
62.822667
20
131.317997
30
0.0
0
SEQEND
0
POLYLINE
8
P01509
66
1
70
0
0
VERTEX
8
P01509
10
57.319332
20
131.233333
30
0.0
0
VERTEX
8
P01509
10
62.822667
20
131.233333
30
0.0
0
SEQEND
0
POLYLINE
8
P01510
66
1
70
0
0
VERTEX
8
P01510
10
57.573332
20
131.148659
30
0.0
0
VERTEX
8
P01510
10
62.822667
20
131.148659
30
0.0
0
SEQEND
0
POLYLINE
8
P01511
66
1
70
0
0
VERTEX
8
P01511
10
57.742664
20
131.063996
30
0.0
0
VERTEX
8
P01511
10
62.822667
20
131.063996
30
0.0
0
SEQEND
0
POLYLINE
8
P01512
66
1
70
0
0
VERTEX
8
P01512
10
57.912001
20
130.979333
30
0.0
0
VERTEX
8
P01512
10
62.822667
20
130.979333
30
0.0
0
SEQEND
0
POLYLINE
8
P01513
66
1
70
0
0
VERTEX
8
P01513
10
58.165996
20
130.894659
30
0.0
0
VERTEX
8
P01513
10
62.822667
20
130.894659
30
0.0
0
SEQEND
0
POLYLINE
8
P01514
66
1
70
0
0
VERTEX
8
P01514
10
58.335334
20
130.809996
30
0.0
0
VERTEX
8
P01514
10
62.822667
20
130.809996
30
0.0
0
SEQEND
0
POLYLINE
8
P01515
66
1
70
0
0
VERTEX
8
P01515
10
58.504665
20
130.725332
30
0.0
0
VERTEX
8
P01515
10
62.822667
20
130.725332
30
0.0
0
SEQEND
0
POLYLINE
8
P01516
66
1
70
0
0
VERTEX
8
P01516
10
58.758666
20
130.640658
30
0.0
0
VERTEX
8
P01516
10
62.822667
20
130.640658
30
0.0
0
SEQEND
0
POLYLINE
8
P01517
66
1
70
0
0
VERTEX
8
P01517
10
58.927998
20
130.555995
30
0.0
0
VERTEX
8
P01517
10
62.822667
20
130.555995
30
0.0
0
SEQEND
0
POLYLINE
8
P01518
66
1
70
0
0
VERTEX
8
P01518
10
59.097329
20
130.471332
30
0.0
0
VERTEX
8
P01518
10
62.822667
20
130.471332
30
0.0
0
SEQEND
0
POLYLINE
8
P01519
66
1
70
0
0
VERTEX
8
P01519
10
59.774668
20
130.386658
30
0.0
0
VERTEX
8
P01519
10
62.822667
20
130.386658
30
0.0
0
SEQEND
0
POLYLINE
8
P01520
66
1
70
0
0
VERTEX
8
P01520
10
60.367332
20
130.301995
30
0.0
0
VERTEX
8
P01520
10
62.822667
20
130.301995
30
0.0
0
SEQEND
0
POLYLINE
8
P01521
66
1
70
0
0
VERTEX
8
P01521
10
60.960001
20
130.217332
30
0.0
0
VERTEX
8
P01521
10
62.822667
20
130.217332
30
0.0
0
SEQEND
0
POLYLINE
8
P01522
66
1
70
0
0
VERTEX
8
P01522
10
61.637334
20
130.132658
30
0.0
0
VERTEX
8
P01522
10
62.822667
20
130.132658
30
0.0
0
SEQEND
0
POLYLINE
8
P01523
66
1
70
0
0
VERTEX
8
P01523
10
62.229998
20
130.047994
30
0.0
0
VERTEX
8
P01523
10
62.822667
20
130.047994
30
0.0
0
VERTEX
8
P01523
10
62.229998
20
130.047994
30
0.0
0
SEQEND
0
POLYLINE
8
P01524
66
1
70
0
0
VERTEX
8
P01524
10
57.319332
20
131.233333
30
0.0
0
VERTEX
8
P01524
10
62.314666
20
131.910661
30
0.0
0
VERTEX
8
P01524
10
57.319332
20
131.233333
30
0.0
0
SEQEND
0
POLYLINE
8
P01525
66
1
70
0
0
VERTEX
8
P01525
10
62.314666
20
131.910661
30
0.0
0
VERTEX
8
P01525
10
61.806666
20
131.233333
30
0.0
0
VERTEX
8
P01525
10
62.314666
20
131.910661
30
0.0
0
SEQEND
0
POLYLINE
8
P01526
66
1
70
0
0
VERTEX
8
P01526
10
61.806666
20
131.233333
30
0.0
0
VERTEX
8
P01526
10
62.314666
20
130.555995
30
0.0
0
VERTEX
8
P01526
10
61.806666
20
131.233333
30
0.0
0
SEQEND
0
POLYLINE
8
P01527
66
1
70
0
0
VERTEX
8
P01527
10
62.314666
20
130.555995
30
0.0
0
VERTEX
8
P01527
10
57.319332
20
131.233333
30
0.0
0
VERTEX
8
P01527
10
62.314666
20
130.555995
30
0.0
0
SEQEND
0
POLYLINE
8
P01528
66
1
70
0
0
VERTEX
8
P01528
10
61.721997
20
131.825997
30
0.0
0
VERTEX
8
P01528
10
62.314666
20
131.825997
30
0.0
0
SEQEND
0
POLYLINE
8
P01529
66
1
70
0
0
VERTEX
8
P01529
10
61.129333
20
131.741334
30
0.0
0
VERTEX
8
P01529
10
62.229998
20
131.741334
30
0.0
0
SEQEND
0
POLYLINE
8
P01530
66
1
70
0
0
VERTEX
8
P01530
10
60.452000
20
131.656660
30
0.0
0
VERTEX
8
P01530
10
62.145335
20
131.656660
30
0.0
0
SEQEND
0
POLYLINE
8
P01531
66
1
70
0
0
VERTEX
8
P01531
10
59.859331
20
131.571997
30
0.0
0
VERTEX
8
P01531
10
62.060666
20
131.571997
30
0.0
0
SEQEND
0
POLYLINE
8
P01532
66
1
70
0
0
VERTEX
8
P01532
10
59.266667
20
131.487334
30
0.0
0
VERTEX
8
P01532
10
62.060666
20
131.487334
30
0.0
0
SEQEND
0
POLYLINE
8
P01533
66
1
70
0
0
VERTEX
8
P01533
10
58.589334
20
131.402660
30
0.0
0
VERTEX
8
P01533
10
61.975997
20
131.402660
30
0.0
0
SEQEND
0
POLYLINE
8
P01534
66
1
70
0
0
VERTEX
8
P01534
10
57.996665
20
131.317997
30
0.0
0
VERTEX
8
P01534
10
61.891334
20
131.317997
30
0.0
0
VERTEX
8
P01534
10
57.996665
20
131.317997
30
0.0
0
SEQEND
0
POLYLINE
8
P01535
66
1
70
0
0
VERTEX
8
P01535
10
57.319332
20
131.233333
30
0.0
0
VERTEX
8
P01535
10
61.806666
20
131.233333
30
0.0
0
SEQEND
0
POLYLINE
8
P01536
66
1
70
0
0
VERTEX
8
P01536
10
57.996665
20
131.148659
30
0.0
0
VERTEX
8
P01536
10
61.891334
20
131.148659
30
0.0
0
SEQEND
0
POLYLINE
8
P01537
66
1
70
0
0
VERTEX
8
P01537
10
58.589334
20
131.063996
30
0.0
0
VERTEX
8
P01537
10
61.975997
20
131.063996
30
0.0
0
SEQEND
0
POLYLINE
8
P01538
66
1
70
0
0
VERTEX
8
P01538
10
59.266667
20
130.979333
30
0.0
0
VERTEX
8
P01538
10
62.060666
20
130.979333
30
0.0
0
SEQEND
0
POLYLINE
8
P01539
66
1
70
0
0
VERTEX
8
P01539
10
59.859331
20
130.894659
30
0.0
0
VERTEX
8
P01539
10
62.060666
20
130.894659
30
0.0
0
SEQEND
0
POLYLINE
8
P01540
66
1
70
0
0
VERTEX
8
P01540
10
60.452000
20
130.809996
30
0.0
0
VERTEX
8
P01540
10
62.145335
20
130.809996
30
0.0
0
SEQEND
0
POLYLINE
8
P01541
66
1
70
0
0
VERTEX
8
P01541
10
61.129333
20
130.725332
30
0.0
0
VERTEX
8
P01541
10
62.229998
20
130.725332
30
0.0
0
SEQEND
0
POLYLINE
8
P01542
66
1
70
0
0
VERTEX
8
P01542
10
61.721997
20
130.640658
30
0.0
0
VERTEX
8
P01542
10
62.314666
20
130.640658
30
0.0
0
VERTEX
8
P01542
10
61.721997
20
130.640658
30
0.0
0
SEQEND
0
POLYLINE
8
P01543
66
1
70
0
0
VERTEX
8
P01543
10
151.807325
20
132.333998
30
0.0
0
VERTEX
8
P01543
10
152.569326
20
132.333998
30
0.0
0
SEQEND
0
POLYLINE
8
P01544
66
1
70
0
0
VERTEX
8
P01544
10
151.807325
20
132.249324
30
0.0
0
VERTEX
8
P01544
10
153.331328
20
132.249324
30
0.0
0
SEQEND
0
POLYLINE
8
P01545
66
1
70
0
0
VERTEX
8
P01545
10
151.807325
20
132.164661
30
0.0
0
VERTEX
8
P01545
10
154.093329
20
132.164661
30
0.0
0
SEQEND
0
POLYLINE
8
P01546
66
1
70
0
0
VERTEX
8
P01546
10
151.807325
20
132.079998
30
0.0
0
VERTEX
8
P01546
10
154.855330
20
132.079998
30
0.0
0
SEQEND
0
POLYLINE
8
P01547
66
1
70
0
0
VERTEX
8
P01547
10
151.807325
20
131.995335
30
0.0
0
VERTEX
8
P01547
10
155.532668
20
131.995335
30
0.0
0
SEQEND
0
POLYLINE
8
P01548
66
1
70
0
0
VERTEX
8
P01548
10
151.807325
20
131.910661
30
0.0
0
VERTEX
8
P01548
10
155.786658
20
131.910661
30
0.0
0
SEQEND
0
POLYLINE
8
P01549
66
1
70
0
0
VERTEX
8
P01549
10
151.807325
20
131.825997
30
0.0
0
VERTEX
8
P01549
10
155.955995
20
131.825997
30
0.0
0
SEQEND
0
POLYLINE
8
P01550
66
1
70
0
0
VERTEX
8
P01550
10
151.807325
20
131.741334
30
0.0
0
VERTEX
8
P01550
10
156.125332
20
131.741334
30
0.0
0
SEQEND
0
POLYLINE
8
P01551
66
1
70
0
0
VERTEX
8
P01551
10
151.807325
20
131.656660
30
0.0
0
VERTEX
8
P01551
10
156.379333
20
131.656660
30
0.0
0
SEQEND
0
POLYLINE
8
P01552
66
1
70
0
0
VERTEX
8
P01552
10
151.807325
20
131.571997
30
0.0
0
VERTEX
8
P01552
10
156.548659
20
131.571997
30
0.0
0
SEQEND
0
POLYLINE
8
P01553
66
1
70
0
0
VERTEX
8
P01553
10
151.807325
20
131.487334
30
0.0
0
VERTEX
8
P01553
10
156.717997
20
131.487334
30
0.0
0
SEQEND
0
POLYLINE
8
P01554
66
1
70
0
0
VERTEX
8
P01554
10
151.807325
20
131.402660
30
0.0
0
VERTEX
8
P01554
10
156.971997
20
131.402660
30
0.0
0
SEQEND
0
POLYLINE
8
P01555
66
1
70
0
0
VERTEX
8
P01555
10
151.807325
20
131.317997
30
0.0
0
VERTEX
8
P01555
10
157.141334
20
131.317997
30
0.0
0
SEQEND
0
POLYLINE
8
P01556
66
1
70
0
0
VERTEX
8
P01556
10
151.807325
20
131.233333
30
0.0
0
VERTEX
8
P01556
10
157.310661
20
131.233333
30
0.0
0
SEQEND
0
POLYLINE
8
P01557
66
1
70
0
0
VERTEX
8
P01557
10
151.807325
20
131.148659
30
0.0
0
VERTEX
8
P01557
10
157.141334
20
131.148659
30
0.0
0
SEQEND
0
POLYLINE
8
P01558
66
1
70
0
0
VERTEX
8
P01558
10
151.807325
20
131.063996
30
0.0
0
VERTEX
8
P01558
10
156.971997
20
131.063996
30
0.0
0
SEQEND
0
POLYLINE
8
P01559
66
1
70
0
0
VERTEX
8
P01559
10
151.807325
20
130.979333
30
0.0
0
VERTEX
8
P01559
10
156.717997
20
130.979333
30
0.0
0
SEQEND
0
POLYLINE
8
P01560
66
1
70
0
0
VERTEX
8
P01560
10
151.807325
20
130.894659
30
0.0
0
VERTEX
8
P01560
10
156.548659
20
130.894659
30
0.0
0
SEQEND
0
POLYLINE
8
P01561
66
1
70
0
0
VERTEX
8
P01561
10
151.807325
20
130.809996
30
0.0
0
VERTEX
8
P01561
10
156.379333
20
130.809996
30
0.0
0
SEQEND
0
POLYLINE
8
P01562
66
1
70
0
0
VERTEX
8
P01562
10
151.807325
20
130.725332
30
0.0
0
VERTEX
8
P01562
10
156.125332
20
130.725332
30
0.0
0
SEQEND
0
POLYLINE
8
P01563
66
1
70
0
0
VERTEX
8
P01563
10
151.807325
20
130.640658
30
0.0
0
VERTEX
8
P01563
10
155.955995
20
130.640658
30
0.0
0
SEQEND
0
POLYLINE
8
P01564
66
1
70
0
0
VERTEX
8
P01564
10
151.807325
20
130.555995
30
0.0
0
VERTEX
8
P01564
10
155.786658
20
130.555995
30
0.0
0
SEQEND
0
POLYLINE
8
P01565
66
1
70
0
0
VERTEX
8
P01565
10
151.807325
20
130.471332
30
0.0
0
VERTEX
8
P01565
10
155.532668
20
130.471332
30
0.0
0
SEQEND
0
POLYLINE
8
P01566
66
1
70
0
0
VERTEX
8
P01566
10
151.807325
20
130.386658
30
0.0
0
VERTEX
8
P01566
10
154.939994
20
130.386658
30
0.0
0
SEQEND
0
POLYLINE
8
P01567
66
1
70
0
0
VERTEX
8
P01567
10
151.807325
20
130.301995
30
0.0
0
VERTEX
8
P01567
10
154.347329
20
130.301995
30
0.0
0
SEQEND
0
POLYLINE
8
P01568
66
1
70
0
0
VERTEX
8
P01568
10
151.807325
20
130.217332
30
0.0
0
VERTEX
8
P01568
10
153.669991
20
130.217332
30
0.0
0
SEQEND
0
POLYLINE
8
P01569
66
1
70
0
0
VERTEX
8
P01569
10
151.807325
20
130.132658
30
0.0
0
VERTEX
8
P01569
10
153.077327
20
130.132658
30
0.0
0
SEQEND
0
POLYLINE
8
P01570
66
1
70
0
0
VERTEX
8
P01570
10
151.807325
20
130.047994
30
0.0
0
VERTEX
8
P01570
10
152.484663
20
130.047994
30
0.0
0
VERTEX
8
P01570
10
151.807325
20
130.047994
30
0.0
0
SEQEND
0
POLYLINE
8
P01571
66
1
70
0
0
VERTEX
8
P01571
10
157.310661
20
131.233333
30
0.0
0
VERTEX
8
P01571
10
152.315326
20
130.555995
30
0.0
0
VERTEX
8
P01571
10
157.310661
20
131.233333
30
0.0
0
SEQEND
0
POLYLINE
8
P01572
66
1
70
0
0
VERTEX
8
P01572
10
152.315326
20
130.555995
30
0.0
0
VERTEX
8
P01572
10
152.823327
20
131.233333
30
0.0
0
VERTEX
8
P01572
10
152.315326
20
130.555995
30
0.0
0
SEQEND
0
POLYLINE
8
P01573
66
1
70
0
0
VERTEX
8
P01573
10
152.823327
20
131.233333
30
0.0
0
VERTEX
8
P01573
10
152.315326
20
131.910661
30
0.0
0
VERTEX
8
P01573
10
152.823327
20
131.233333
30
0.0
0
SEQEND
0
POLYLINE
8
P01574
66
1
70
0
0
VERTEX
8
P01574
10
152.315326
20
131.910661
30
0.0
0
VERTEX
8
P01574
10
157.310661
20
131.233333
30
0.0
0
VERTEX
8
P01574
10
152.315326
20
131.910661
30
0.0
0
SEQEND
0
POLYLINE
8
P01575
66
1
70
0
0
VERTEX
8
P01575
10
152.823327
20
131.233333
30
0.0
0
VERTEX
8
P01575
10
157.310661
20
131.233333
30
0.0
0
SEQEND
0
POLYLINE
8
P01576
66
1
70
0
0
VERTEX
8
P01576
10
152.823327
20
131.148659
30
0.0
0
VERTEX
8
P01576
10
156.717997
20
131.148659
30
0.0
0
SEQEND
0
POLYLINE
8
P01577
66
1
70
0
0
VERTEX
8
P01577
10
152.738664
20
131.063996
30
0.0
0
VERTEX
8
P01577
10
156.125332
20
131.063996
30
0.0
0
SEQEND
0
POLYLINE
8
P01578
66
1
70
0
0
VERTEX
8
P01578
10
152.654000
20
130.979333
30
0.0
0
VERTEX
8
P01578
10
155.447994
20
130.979333
30
0.0
0
SEQEND
0
POLYLINE
8
P01579
66
1
70
0
0
VERTEX
8
P01579
10
152.569326
20
130.894659
30
0.0
0
VERTEX
8
P01579
10
154.855330
20
130.894659
30
0.0
0
SEQEND
0
POLYLINE
8
P01580
66
1
70
0
0
VERTEX
8
P01580
10
152.569326
20
130.809996
30
0.0
0
VERTEX
8
P01580
10
154.262666
20
130.809996
30
0.0
0
SEQEND
0
POLYLINE
8
P01581
66
1
70
0
0
VERTEX
8
P01581
10
152.484663
20
130.725332
30
0.0
0
VERTEX
8
P01581
10
153.585328
20
130.725332
30
0.0
0
SEQEND
0
POLYLINE
8
P01582
66
1
70
0
0
VERTEX
8
P01582
10
152.400000
20
130.640658
30
0.0
0
VERTEX
8
P01582
10
152.992664
20
130.640658
30
0.0
0
VERTEX
8
P01582
10
152.400000
20
130.640658
30
0.0
0
SEQEND
0
POLYLINE
8
P01583
66
1
70
0
0
VERTEX
8
P01583
10
152.400000
20
131.825997
30
0.0
0
VERTEX
8
P01583
10
152.992664
20
131.825997
30
0.0
0
SEQEND
0
POLYLINE
8
P01584
66
1
70
0
0
VERTEX
8
P01584
10
152.484663
20
131.741334
30
0.0
0
VERTEX
8
P01584
10
153.585328
20
131.741334
30
0.0
0
SEQEND
0
POLYLINE
8
P01585
66
1
70
0
0
VERTEX
8
P01585
10
152.569326
20
131.656660
30
0.0
0
VERTEX
8
P01585
10
154.262666
20
131.656660
30
0.0
0
SEQEND
0
POLYLINE
8
P01586
66
1
70
0
0
VERTEX
8
P01586
10
152.569326
20
131.571997
30
0.0
0
VERTEX
8
P01586
10
154.855330
20
131.571997
30
0.0
0
SEQEND
0
POLYLINE
8
P01587
66
1
70
0
0
VERTEX
8
P01587
10
152.654000
20
131.487334
30
0.0
0
VERTEX
8
P01587
10
155.447994
20
131.487334
30
0.0
0
SEQEND
0
POLYLINE
8
P01588
66
1
70
0
0
VERTEX
8
P01588
10
152.738664
20
131.402660
30
0.0
0
VERTEX
8
P01588
10
156.125332
20
131.402660
30
0.0
0
SEQEND
0
POLYLINE
8
P01589
66
1
70
0
0
VERTEX
8
P01589
10
152.823327
20
131.317997
30
0.0
0
VERTEX
8
P01589
10
156.717997
20
131.317997
30
0.0
0
VERTEX
8
P01589
10
152.823327
20
131.317997
30
0.0
0
SEQEND
0
POLYLINE
8
P01590
66
1
70
0
0
VERTEX
8
P01590
10
57.319332
20
131.233333
30
0.0
0
VERTEX
8
P01590
10
157.310661
20
131.233333
30
0.0
0
VERTEX
8
P01590
10
57.319332
20
131.233333
30
0.0
0
SEQEND
0
POLYLINE
8
P01591
66
1
70
0
0
VERTEX
8
P01591
10
149.859996
20
178.815991
30
0.0
0
VERTEX
8
P01591
10
150.537334
20
178.815991
30
0.0
0
SEQEND
0
POLYLINE
8
P01592
66
1
70
0
0
VERTEX
8
P01592
10
149.859996
20
178.731328
30
0.0
0
VERTEX
8
P01592
10
151.129998
20
178.731328
30
0.0
0
SEQEND
0
POLYLINE
8
P01593
66
1
70
0
0
VERTEX
8
P01593
10
149.859996
20
178.646665
30
0.0
0
VERTEX
8
P01593
10
151.722662
20
178.646665
30
0.0
0
SEQEND
0
POLYLINE
8
P01594
66
1
70
0
0
VERTEX
8
P01594
10
149.859996
20
178.561991
30
0.0
0
VERTEX
8
P01594
10
152.400000
20
178.561991
30
0.0
0
SEQEND
0
POLYLINE
8
P01595
66
1
70
0
0
VERTEX
8
P01595
10
149.859996
20
178.477327
30
0.0
0
VERTEX
8
P01595
10
152.992664
20
178.477327
30
0.0
0
SEQEND
0
POLYLINE
8
P01596
66
1
70
0
0
VERTEX
8
P01596
10
149.859996
20
178.392664
30
0.0
0
VERTEX
8
P01596
10
153.585328
20
178.392664
30
0.0
0
SEQEND
0
POLYLINE
8
P01597
66
1
70
0
0
VERTEX
8
P01597
10
149.859996
20
178.307990
30
0.0
0
VERTEX
8
P01597
10
153.839329
20
178.307990
30
0.0
0
SEQEND
0
POLYLINE
8
P01598
66
1
70
0
0
VERTEX
8
P01598
10
149.859996
20
178.223327
30
0.0
0
VERTEX
8
P01598
10
154.008666
20
178.223327
30
0.0
0
SEQEND
0
POLYLINE
8
P01599
66
1
70
0
0
VERTEX
8
P01599
10
149.859996
20
178.138664
30
0.0
0
VERTEX
8
P01599
10
154.177992
20
178.138664
30
0.0
0
SEQEND
0
POLYLINE
8
P01600
66
1
70
0
0
VERTEX
8
P01600
10
149.859996
20
178.053990
30
0.0
0
VERTEX
8
P01600
10
154.431993
20
178.053990
30
0.0
0
SEQEND
0
POLYLINE
8
P01601
66
1
70
0
0
VERTEX
8
P01601
10
149.859996
20
177.969326
30
0.0
0
VERTEX
8
P01601
10
154.601330
20
177.969326
30
0.0
0
SEQEND
0
POLYLINE
8
P01602
66
1
70
0
0
VERTEX
8
P01602
10
149.859996
20
177.884663
30
0.0
0
VERTEX
8
P01602
10
154.770667
20
177.884663
30
0.0
0
SEQEND
0
POLYLINE
8
P01603
66
1
70
0
0
VERTEX
8
P01603
10
149.859996
20
177.800000
30
0.0
0
VERTEX
8
P01603
10
155.024668
20
177.800000
30
0.0
0
SEQEND
0
POLYLINE
8
P01604
66
1
70
0
0
VERTEX
8
P01604
10
149.859996
20
177.715326
30
0.0
0
VERTEX
8
P01604
10
155.193994
20
177.715326
30
0.0
0
SEQEND
0
POLYLINE
8
P01605
66
1
70
0
0
VERTEX
8
P01605
10
149.859996
20
177.630663
30
0.0
0
VERTEX
8
P01605
10
155.363331
20
177.630663
30
0.0
0
SEQEND
0
POLYLINE
8
P01606
66
1
70
0
0
VERTEX
8
P01606
10
149.859996
20
177.546000
30
0.0
0
VERTEX
8
P01606
10
155.193994
20
177.546000
30
0.0
0
SEQEND
0
POLYLINE
8
P01607
66
1
70
0
0
VERTEX
8
P01607
10
149.859996
20
177.461326
30
0.0
0
VERTEX
8
P01607
10
155.024668
20
177.461326
30
0.0
0
SEQEND
0
POLYLINE
8
P01608
66
1
70
0
0
VERTEX
8
P01608
10
149.859996
20
177.376662
30
0.0
0
VERTEX
8
P01608
10
154.770667
20
177.376662
30
0.0
0
SEQEND
0
POLYLINE
8
P01609
66
1
70
0
0
VERTEX
8
P01609
10
149.859996
20
177.291999
30
0.0
0
VERTEX
8
P01609
10
154.601330
20
177.291999
30
0.0
0
SEQEND
0
POLYLINE
8
P01610
66
1
70
0
0
VERTEX
8
P01610
10
149.859996
20
177.207325
30
0.0
0
VERTEX
8
P01610
10
154.431993
20
177.207325
30
0.0
0
SEQEND
0
POLYLINE
8
P01611
66
1
70
0
0
VERTEX
8
P01611
10
149.859996
20
177.122662
30
0.0
0
VERTEX
8
P01611
10
154.177992
20
177.122662
30
0.0
0
SEQEND
0
POLYLINE
8
P01612
66
1
70
0
0
VERTEX
8
P01612
10
149.859996
20
177.037999
30
0.0
0
VERTEX
8
P01612
10
154.008666
20
177.037999
30
0.0
0
SEQEND
0
POLYLINE
8
P01613
66
1
70
0
0
VERTEX
8
P01613
10
149.859996
20
176.953325
30
0.0
0
VERTEX
8
P01613
10
153.839329
20
176.953325
30
0.0
0
SEQEND
0
POLYLINE
8
P01614
66
1
70
0
0
VERTEX
8
P01614
10
149.859996
20
176.868661
30
0.0
0
VERTEX
8
P01614
10
153.585328
20
176.868661
30
0.0
0
SEQEND
0
POLYLINE
8
P01615
66
1
70
0
0
VERTEX
8
P01615
10
149.859996
20
176.783998
30
0.0
0
VERTEX
8
P01615
10
152.908001
20
176.783998
30
0.0
0
SEQEND
0
POLYLINE
8
P01616
66
1
70
0
0
VERTEX
8
P01616
10
149.859996
20
176.699324
30
0.0
0
VERTEX
8
P01616
10
152.146000
20
176.699324
30
0.0
0
SEQEND
0
POLYLINE
8
P01617
66
1
70
0
0
VERTEX
8
P01617
10
149.859996
20
176.614661
30
0.0
0
VERTEX
8
P01617
10
151.383998
20
176.614661
30
0.0
0
SEQEND
0
POLYLINE
8
P01618
66
1
70
0
0
VERTEX
8
P01618
10
149.859996
20
176.529998
30
0.0
0
VERTEX
8
P01618
10
150.621997
20
176.529998
30
0.0
0
VERTEX
8
P01618
10
149.859996
20
176.529998
30
0.0
0
SEQEND
0
POLYLINE
8
P01619
66
1
70
0
0
VERTEX
8
P01619
10
155.363331
20
177.630663
30
0.0
0
VERTEX
8
P01619
10
150.367997
20
178.307990
30
0.0
0
VERTEX
8
P01619
10
155.363331
20
177.630663
30
0.0
0
SEQEND
0
POLYLINE
8
P01620
66
1
70
0
0
VERTEX
8
P01620
10
150.367997
20
178.307990
30
0.0
0
VERTEX
8
P01620
10
150.875997
20
177.630663
30
0.0
0
VERTEX
8
P01620
10
150.367997
20
178.307990
30
0.0
0
SEQEND
0
POLYLINE
8
P01621
66
1
70
0
0
VERTEX
8
P01621
10
150.875997
20
177.630663
30
0.0
0
VERTEX
8
P01621
10
150.367997
20
176.953325
30
0.0
0
VERTEX
8
P01621
10
150.875997
20
177.630663
30
0.0
0
SEQEND
0
POLYLINE
8
P01622
66
1
70
0
0
VERTEX
8
P01622
10
150.367997
20
176.953325
30
0.0
0
VERTEX
8
P01622
10
155.363331
20
177.630663
30
0.0
0
VERTEX
8
P01622
10
150.367997
20
176.953325
30
0.0
0
SEQEND
0
POLYLINE
8
P01623
66
1
70
0
0
VERTEX
8
P01623
10
155.363331
20
177.630663
30
0.0
0
VERTEX
8
P01623
10
148.335993
20
177.630663
30
0.0
0
VERTEX
8
P01623
10
155.363331
20
177.630663
30
0.0
0
SEQEND
0
POLYLINE
8
P01624
66
1
70
0
0
VERTEX
8
P01624
10
150.452660
20
178.223327
30
0.0
0
VERTEX
8
P01624
10
151.045335
20
178.223327
30
0.0
0
SEQEND
0
POLYLINE
8
P01625
66
1
70
0
0
VERTEX
8
P01625
10
150.537334
20
178.138664
30
0.0
0
VERTEX
8
P01625
10
151.637999
20
178.138664
30
0.0
0
SEQEND
0
POLYLINE
8
P01626
66
1
70
0
0
VERTEX
8
P01626
10
150.621997
20
178.053990
30
0.0
0
VERTEX
8
P01626
10
152.315326
20
178.053990
30
0.0
0
SEQEND
0
POLYLINE
8
P01627
66
1
70
0
0
VERTEX
8
P01627
10
150.621997
20
177.969326
30
0.0
0
VERTEX
8
P01627
10
152.908001
20
177.969326
30
0.0
0
SEQEND
0
POLYLINE
8
P01628
66
1
70
0
0
VERTEX
8
P01628
10
150.706660
20
177.884663
30
0.0
0
VERTEX
8
P01628
10
153.500665
20
177.884663
30
0.0
0
SEQEND
0
POLYLINE
8
P01629
66
1
70
0
0
VERTEX
8
P01629
10
150.791334
20
177.800000
30
0.0
0
VERTEX
8
P01629
10
154.177992
20
177.800000
30
0.0
0
SEQEND
0
POLYLINE
8
P01630
66
1
70
0
0
VERTEX
8
P01630
10
150.875997
20
177.715326
30
0.0
0
VERTEX
8
P01630
10
154.770667
20
177.715326
30
0.0
0
VERTEX
8
P01630
10
150.875997
20
177.715326
30
0.0
0
SEQEND
0
POLYLINE
8
P01631
66
1
70
0
0
VERTEX
8
P01631
10
150.875997
20
177.630663
30
0.0
0
VERTEX
8
P01631
10
155.363331
20
177.630663
30
0.0
0
SEQEND
0
POLYLINE
8
P01632
66
1
70
0
0
VERTEX
8
P01632
10
150.875997
20
177.546000
30
0.0
0
VERTEX
8
P01632
10
154.770667
20
177.546000
30
0.0
0
SEQEND
0
POLYLINE
8
P01633
66
1
70
0
0
VERTEX
8
P01633
10
150.791334
20
177.461326
30
0.0
0
VERTEX
8
P01633
10
154.177992
20
177.461326
30
0.0
0
SEQEND
0
POLYLINE
8
P01634
66
1
70
0
0
VERTEX
8
P01634
10
150.706660
20
177.376662
30
0.0
0
VERTEX
8
P01634
10
153.500665
20
177.376662
30
0.0
0
SEQEND
0
POLYLINE
8
P01635
66
1
70
0
0
VERTEX
8
P01635
10
150.621997
20
177.291999
30
0.0
0
VERTEX
8
P01635
10
152.908001
20
177.291999
30
0.0
0
SEQEND
0
POLYLINE
8
P01636
66
1
70
0
0
VERTEX
8
P01636
10
150.621997
20
177.207325
30
0.0
0
VERTEX
8
P01636
10
152.315326
20
177.207325
30
0.0
0
SEQEND
0
POLYLINE
8
P01637
66
1
70
0
0
VERTEX
8
P01637
10
150.537334
20
177.122662
30
0.0
0
VERTEX
8
P01637
10
151.637999
20
177.122662
30
0.0
0
SEQEND
0
POLYLINE
8
P01638
66
1
70
0
0
VERTEX
8
P01638
10
150.452660
20
177.037999
30
0.0
0
VERTEX
8
P01638
10
151.045335
20
177.037999
30
0.0
0
VERTEX
8
P01638
10
150.452660
20
177.037999
30
0.0
0
SEQEND
0
POLYLINE
8
P01639
66
1
70
0
0
VERTEX
8
P01639
10
159.342664
20
177.630663
30
0.0
0
VERTEX
8
P01639
10
163.829998
20
177.630663
30
0.0
0
SEQEND
0
POLYLINE
8
P01640
66
1
70
0
0
VERTEX
8
P01640
10
155.363331
20
177.630663
30
0.0
0
VERTEX
8
P01640
10
159.342664
20
177.630663
30
0.0
0
VERTEX
8
P01640
10
155.363331
20
177.630663
30
0.0
0
SEQEND
0
POLYLINE
8
P01641
66
1
70
0
0
VERTEX
8
P01641
10
42.841332
20
125.560661
30
0.0
0
VERTEX
8
P01641
10
47.328668
20
125.560661
30
0.0
0
SEQEND
0
POLYLINE
8
P01642
66
1
70
0
0
VERTEX
8
P01642
10
60.282663
20
126.746000
30
0.0
0
VERTEX
8
P01642
10
60.875332
20
126.746000
30
0.0
0
SEQEND
0
POLYLINE
8
P01643
66
1
70
0
0
VERTEX
8
P01643
10
59.689999
20
126.661326
30
0.0
0
VERTEX
8
P01643
10
60.875332
20
126.661326
30
0.0
0
SEQEND
0
POLYLINE
8
P01644
66
1
70
0
0
VERTEX
8
P01644
10
59.012666
20
126.576662
30
0.0
0
VERTEX
8
P01644
10
60.875332
20
126.576662
30
0.0
0
SEQEND
0
POLYLINE
8
P01645
66
1
70
0
0
VERTEX
8
P01645
10
58.419997
20
126.491999
30
0.0
0
VERTEX
8
P01645
10
60.875332
20
126.491999
30
0.0
0
SEQEND
0
POLYLINE
8
P01646
66
1
70
0
0
VERTEX
8
P01646
10
57.827333
20
126.407325
30
0.0
0
VERTEX
8
P01646
10
60.875332
20
126.407325
30
0.0
0
SEQEND
0
POLYLINE
8
P01647
66
1
70
0
0
VERTEX
8
P01647
10
57.150000
20
126.322662
30
0.0
0
VERTEX
8
P01647
10
60.875332
20
126.322662
30
0.0
0
SEQEND
0
POLYLINE
8
P01648
66
1
70
0
0
VERTEX
8
P01648
10
56.980663
20
126.237999
30
0.0
0
VERTEX
8
P01648
10
60.875332
20
126.237999
30
0.0
0
SEQEND
0
POLYLINE
8
P01649
66
1
70
0
0
VERTEX
8
P01649
10
56.811331
20
126.153325
30
0.0
0
VERTEX
8
P01649
10
60.875332
20
126.153325
30
0.0
0
SEQEND
0
POLYLINE
8
P01650
66
1
70
0
0
VERTEX
8
P01650
10
56.557331
20
126.068661
30
0.0
0
VERTEX
8
P01650
10
60.875332
20
126.068661
30
0.0
0
SEQEND
0
POLYLINE
8
P01651
66
1
70
0
0
VERTEX
8
P01651
10
56.387999
20
125.983998
30
0.0
0
VERTEX
8
P01651
10
60.875332
20
125.983998
30
0.0
0
SEQEND
0
POLYLINE
8
P01652
66
1
70
0
0
VERTEX
8
P01652
10
56.218667
20
125.899324
30
0.0
0
VERTEX
8
P01652
10
60.875332
20
125.899324
30
0.0
0
SEQEND
0
POLYLINE
8
P01653
66
1
70
0
0
VERTEX
8
P01653
10
55.964666
20
125.814661
30
0.0
0
VERTEX
8
P01653
10
60.875332
20
125.814661
30
0.0
0
SEQEND
0
POLYLINE
8
P01654
66
1
70
0
0
VERTEX
8
P01654
10
55.795335
20
125.729998
30
0.0
0
VERTEX
8
P01654
10
60.875332
20
125.729998
30
0.0
0
SEQEND
0
POLYLINE
8
P01655
66
1
70
0
0
VERTEX
8
P01655
10
55.625997
20
125.645335
30
0.0
0
VERTEX
8
P01655
10
60.875332
20
125.645335
30
0.0
0
SEQEND
0
POLYLINE
8
P01656
66
1
70
0
0
VERTEX
8
P01656
10
55.371997
20
125.560661
30
0.0
0
VERTEX
8
P01656
10
60.875332
20
125.560661
30
0.0
0
SEQEND
0
POLYLINE
8
P01657
66
1
70
0
0
VERTEX
8
P01657
10
55.625997
20
125.475997
30
0.0
0
VERTEX
8
P01657
10
60.875332
20
125.475997
30
0.0
0
SEQEND
0
POLYLINE
8
P01658
66
1
70
0
0
VERTEX
8
P01658
10
55.879998
20
125.391334
30
0.0
0
VERTEX
8
P01658
10
60.875332
20
125.391334
30
0.0
0
SEQEND
0
POLYLINE
8
P01659
66
1
70
0
0
VERTEX
8
P01659
10
56.049330
20
125.306660
30
0.0
0
VERTEX
8
P01659
10
60.875332
20
125.306660
30
0.0
0
SEQEND
0
POLYLINE
8
P01660
66
1
70
0
0
VERTEX
8
P01660
10
56.303330
20
125.221997
30
0.0
0
VERTEX
8
P01660
10
60.875332
20
125.221997
30
0.0
0
SEQEND
0
POLYLINE
8
P01661
66
1
70
0
0
VERTEX
8
P01661
10
56.557331
20
125.137334
30
0.0
0
VERTEX
8
P01661
10
60.875332
20
125.137334
30
0.0
0
SEQEND
0
POLYLINE
8
P01662
66
1
70
0
0
VERTEX
8
P01662
10
56.726668
20
125.052660
30
0.0
0
VERTEX
8
P01662
10
60.875332
20
125.052660
30
0.0
0
SEQEND
0
POLYLINE
8
P01663
66
1
70
0
0
VERTEX
8
P01663
10
56.980663
20
124.967997
30
0.0
0
VERTEX
8
P01663
10
60.875332
20
124.967997
30
0.0
0
SEQEND
0
POLYLINE
8
P01664
66
1
70
0
0
VERTEX
8
P01664
10
57.150000
20
124.883333
30
0.0
0
VERTEX
8
P01664
10
60.875332
20
124.883333
30
0.0
0
SEQEND
0
POLYLINE
8
P01665
66
1
70
0
0
VERTEX
8
P01665
10
57.827333
20
124.798659
30
0.0
0
VERTEX
8
P01665
10
60.875332
20
124.798659
30
0.0
0
SEQEND
0
POLYLINE
8
P01666
66
1
70
0
0
VERTEX
8
P01666
10
58.419997
20
124.713996
30
0.0
0
VERTEX
8
P01666
10
60.875332
20
124.713996
30
0.0
0
SEQEND
0
POLYLINE
8
P01667
66
1
70
0
0
VERTEX
8
P01667
10
59.012666
20
124.629333
30
0.0
0
VERTEX
8
P01667
10
60.875332
20
124.629333
30
0.0
0
SEQEND
0
POLYLINE
8
P01668
66
1
70
0
0
VERTEX
8
P01668
10
59.689999
20
124.544659
30
0.0
0
VERTEX
8
P01668
10
60.875332
20
124.544659
30
0.0
0
SEQEND
0
POLYLINE
8
P01669
66
1
70
0
0
VERTEX
8
P01669
10
60.282663
20
124.459996
30
0.0
0
VERTEX
8
P01669
10
60.875332
20
124.459996
30
0.0
0
VERTEX
8
P01669
10
60.282663
20
124.459996
30
0.0
0
SEQEND
0
POLYLINE
8
P01670
66
1
70
0
0
VERTEX
8
P01670
10
55.371997
20
125.560661
30
0.0
0
VERTEX
8
P01670
10
60.367332
20
124.883333
30
0.0
0
VERTEX
8
P01670
10
55.371997
20
125.560661
30
0.0
0
SEQEND
0
POLYLINE
8
P01671
66
1
70
0
0
VERTEX
8
P01671
10
60.367332
20
124.883333
30
0.0
0
VERTEX
8
P01671
10
59.859331
20
125.560661
30
0.0
0
VERTEX
8
P01671
10
60.367332
20
124.883333
30
0.0
0
SEQEND
0
POLYLINE
8
P01672
66
1
70
0
0
VERTEX
8
P01672
10
59.859331
20
125.560661
30
0.0
0
VERTEX
8
P01672
10
60.367332
20
126.237999
30
0.0
0
VERTEX
8
P01672
10
59.859331
20
125.560661
30
0.0
0
SEQEND
0
POLYLINE
8
P01673
66
1
70
0
0
VERTEX
8
P01673
10
60.367332
20
126.237999
30
0.0
0
VERTEX
8
P01673
10
55.371997
20
125.560661
30
0.0
0
VERTEX
8
P01673
10
60.367332
20
126.237999
30
0.0
0
SEQEND
0
POLYLINE
8
P01674
66
1
70
0
0
VERTEX
8
P01674
10
55.371997
20
125.560661
30
0.0
0
VERTEX
8
P01674
10
62.314666
20
125.560661
30
0.0
0
VERTEX
8
P01674
10
55.371997
20
125.560661
30
0.0
0
SEQEND
0
POLYLINE
8
P01675
66
1
70
0
0
VERTEX
8
P01675
10
55.371997
20
125.560661
30
0.0
0
VERTEX
8
P01675
10
59.859331
20
125.560661
30
0.0
0
SEQEND
0
POLYLINE
8
P01676
66
1
70
0
0
VERTEX
8
P01676
10
56.049330
20
125.475997
30
0.0
0
VERTEX
8
P01676
10
59.943999
20
125.475997
30
0.0
0
SEQEND
0
POLYLINE
8
P01677
66
1
70
0
0
VERTEX
8
P01677
10
56.641999
20
125.391334
30
0.0
0
VERTEX
8
P01677
10
60.028668
20
125.391334
30
0.0
0
SEQEND
0
POLYLINE
8
P01678
66
1
70
0
0
VERTEX
8
P01678
10
57.319332
20
125.306660
30
0.0
0
VERTEX
8
P01678
10
60.113331
20
125.306660
30
0.0
0
SEQEND
0
POLYLINE
8
P01679
66
1
70
0
0
VERTEX
8
P01679
10
57.912001
20
125.221997
30
0.0
0
VERTEX
8
P01679
10
60.113331
20
125.221997
30
0.0
0
SEQEND
0
POLYLINE
8
P01680
66
1
70
0
0
VERTEX
8
P01680
10
58.504665
20
125.137334
30
0.0
0
VERTEX
8
P01680
10
60.198000
20
125.137334
30
0.0
0
SEQEND
0
POLYLINE
8
P01681
66
1
70
0
0
VERTEX
8
P01681
10
59.181998
20
125.052660
30
0.0
0
VERTEX
8
P01681
10
60.282663
20
125.052660
30
0.0
0
SEQEND
0
POLYLINE
8
P01682
66
1
70
0
0
VERTEX
8
P01682
10
59.774668
20
124.967997
30
0.0
0
VERTEX
8
P01682
10
60.367332
20
124.967997
30
0.0
0
VERTEX
8
P01682
10
59.774668
20
124.967997
30
0.0
0
SEQEND
0
POLYLINE
8
P01683
66
1
70
0
0
VERTEX
8
P01683
10
59.774668
20
126.153325
30
0.0
0
VERTEX
8
P01683
10
60.367332
20
126.153325
30
0.0
0
SEQEND
0
POLYLINE
8
P01684
66
1
70
0
0
VERTEX
8
P01684
10
59.181998
20
126.068661
30
0.0
0
VERTEX
8
P01684
10
60.282663
20
126.068661
30
0.0
0
SEQEND
0
POLYLINE
8
P01685
66
1
70
0
0
VERTEX
8
P01685
10
58.504665
20
125.983998
30
0.0
0
VERTEX
8
P01685
10
60.198000
20
125.983998
30
0.0
0
SEQEND
0
POLYLINE
8
P01686
66
1
70
0
0
VERTEX
8
P01686
10
57.912001
20
125.899324
30
0.0
0
VERTEX
8
P01686
10
60.113331
20
125.899324
30
0.0
0
SEQEND
0
POLYLINE
8
P01687
66
1
70
0
0
VERTEX
8
P01687
10
57.319332
20
125.814661
30
0.0
0
VERTEX
8
P01687
10
60.113331
20
125.814661
30
0.0
0
SEQEND
0
POLYLINE
8
P01688
66
1
70
0
0
VERTEX
8
P01688
10
56.641999
20
125.729998
30
0.0
0
VERTEX
8
P01688
10
60.028668
20
125.729998
30
0.0
0
SEQEND
0
POLYLINE
8
P01689
66
1
70
0
0
VERTEX
8
P01689
10
56.049330
20
125.645335
30
0.0
0
VERTEX
8
P01689
10
59.943999
20
125.645335
30
0.0
0
VERTEX
8
P01689
10
56.049330
20
125.645335
30
0.0
0
SEQEND
0
POLYLINE
8
P01690
66
1
70
0
0
VERTEX
8
P01690
10
47.328668
20
125.560661
30
0.0
0
VERTEX
8
P01690
10
55.371997
20
125.560661
30
0.0
0
VERTEX
8
P01690
10
47.328668
20
125.560661
30
0.0
0
SEQEND
0
POLYLINE
8
P01691
66
1
70
0
0
VERTEX
8
P01691
10
189.229987
20
153.923992
30
0.0
0
VERTEX
8
P01691
10
190.245989
20
153.923992
30
0.0
0
SEQEND
0
POLYLINE
8
P01692
66
1
70
0
0
VERTEX
8
P01692
10
189.229987
20
153.839329
30
0.0
0
VERTEX
8
P01692
10
190.161326
20
153.839329
30
0.0
0
SEQEND
0
POLYLINE
8
P01693
66
1
70
0
0
VERTEX
8
P01693
10
189.314672
20
153.754665
30
0.0
0
VERTEX
8
P01693
10
190.161326
20
153.754665
30
0.0
0
SEQEND
0
POLYLINE
8
P01694
66
1
70
0
0
VERTEX
8
P01694
10
189.314672
20
153.669991
30
0.0
0
VERTEX
8
P01694
10
190.161326
20
153.669991
30
0.0
0
SEQEND
0
POLYLINE
8
P01695
66
1
70
0
0
VERTEX
8
P01695
10
189.314672
20
153.585328
30
0.0
0
VERTEX
8
P01695
10
190.076662
20
153.585328
30
0.0
0
SEQEND
0
POLYLINE
8
P01696
66
1
70
0
0
VERTEX
8
P01696
10
189.399335
20
153.500665
30
0.0
0
VERTEX
8
P01696
10
190.076662
20
153.500665
30
0.0
0
SEQEND
0
POLYLINE
8
P01697
66
1
70
0
0
VERTEX
8
P01697
10
189.399335
20
153.415991
30
0.0
0
VERTEX
8
P01697
10
189.991999
20
153.415991
30
0.0
0
SEQEND
0
POLYLINE
8
P01698
66
1
70
0
0
VERTEX
8
P01698
10
189.399335
20
153.331328
30
0.0
0
VERTEX
8
P01698
10
189.991999
20
153.331328
30
0.0
0
SEQEND
0
POLYLINE
8
P01699
66
1
70
0
0
VERTEX
8
P01699
10
189.483998
20
153.246665
30
0.0
0
VERTEX
8
P01699
10
189.907336
20
153.246665
30
0.0
0
SEQEND
0
POLYLINE
8
P01700
66
1
70
0
0
VERTEX
8
P01700
10
189.483998
20
153.161991
30
0.0
0
VERTEX
8
P01700
10
189.907336
20
153.161991
30
0.0
0
SEQEND
0
POLYLINE
8
P01701
66
1
70
0
0
VERTEX
8
P01701
10
189.568661
20
153.077327
30
0.0
0
VERTEX
8
P01701
10
189.907336
20
153.077327
30
0.0
0
SEQEND
0
POLYLINE
8
P01702
66
1
70
0
0
VERTEX
8
P01702
10
189.568661
20
152.992664
30
0.0
0
VERTEX
8
P01702
10
189.822673
20
152.992664
30
0.0
0
SEQEND
0
POLYLINE
8
P01703
66
1
70
0
0
VERTEX
8
P01703
10
189.568661
20
152.908001
30
0.0
0
VERTEX
8
P01703
10
189.822673
20
152.908001
30
0.0
0
SEQEND
0
POLYLINE
8
P01704
66
1
70
0
0
VERTEX
8
P01704
10
189.653325
20
152.823327
30
0.0
0
VERTEX
8
P01704
10
189.737988
20
152.823327
30
0.0
0
SEQEND
0
POLYLINE
8
P01705
66
1
70
0
0
VERTEX
8
P01705
10
189.653325
20
152.738664
30
0.0
0
VERTEX
8
P01705
10
189.737988
20
152.738664
30
0.0
0
VERTEX
8
P01705
10
189.653325
20
152.738664
30
0.0
0
SEQEND
0
POLYLINE
8
P01706
66
1
70
0
0
VERTEX
8
P01706
10
189.568661
20
153.923992
30
0.0
0
VERTEX
8
P01706
10
189.653325
20
153.923992
30
0.0
0
SEQEND
0
POLYLINE
8
P01707
66
1
70
0
0
VERTEX
8
P01707
10
189.568661
20
153.839329
30
0.0
0
VERTEX
8
P01707
10
189.653325
20
153.839329
30
0.0
0
SEQEND
0
POLYLINE
8
P01708
66
1
70
0
0
VERTEX
8
P01708
10
189.568661
20
153.754665
30
0.0
0
VERTEX
8
P01708
10
189.653325
20
153.754665
30
0.0
0
SEQEND
0
POLYLINE
8
P01709
66
1
70
0
0
VERTEX
8
P01709
10
189.568661
20
153.669991
30
0.0
0
VERTEX
8
P01709
10
189.653325
20
153.669991
30
0.0
0
SEQEND
0
POLYLINE
8
P01710
66
1
70
0
0
VERTEX
8
P01710
10
189.568661
20
153.585328
30
0.0
0
VERTEX
8
P01710
10
189.653325
20
153.585328
30
0.0
0
SEQEND
0
POLYLINE
8
P01711
66
1
70
0
0
VERTEX
8
P01711
10
189.568661
20
153.500665
30
0.0
0
VERTEX
8
P01711
10
189.653325
20
153.500665
30
0.0
0
SEQEND
0
POLYLINE
8
P01712
66
1
70
0
0
VERTEX
8
P01712
10
189.568661
20
153.415991
30
0.0
0
VERTEX
8
P01712
10
189.653325
20
153.415991
30
0.0
0
VERTEX
8
P01712
10
189.568661
20
153.415991
30
0.0
0
SEQEND
0
POLYLINE
8
P01713
66
1
70
0
0
VERTEX
8
P01713
10
189.653325
20
153.923992
30
0.0
0
VERTEX
8
P01713
10
189.907336
20
153.923992
30
0.0
0
SEQEND
0
POLYLINE
8
P01714
66
1
70
0
0
VERTEX
8
P01714
10
189.653325
20
153.839329
30
0.0
0
VERTEX
8
P01714
10
189.822673
20
153.839329
30
0.0
0
SEQEND
0
POLYLINE
8
P01715
66
1
70
0
0
VERTEX
8
P01715
10
189.653325
20
153.754665
30
0.0
0
VERTEX
8
P01715
10
189.822673
20
153.754665
30
0.0
0
SEQEND
0
POLYLINE
8
P01716
66
1
70
0
0
VERTEX
8
P01716
10
189.653325
20
153.669991
30
0.0
0
VERTEX
8
P01716
10
189.822673
20
153.669991
30
0.0
0
SEQEND
0
POLYLINE
8
P01717
66
1
70
0
0
VERTEX
8
P01717
10
189.653325
20
153.585328
30
0.0
0
VERTEX
8
P01717
10
189.822673
20
153.585328
30
0.0
0
SEQEND
0
POLYLINE
8
P01718
66
1
70
0
0
VERTEX
8
P01718
10
189.653325
20
153.500665
30
0.0
0
VERTEX
8
P01718
10
189.822673
20
153.500665
30
0.0
0
SEQEND
0
POLYLINE
8
P01719
66
1
70
0
0
VERTEX
8
P01719
10
189.653325
20
153.415991
30
0.0
0
VERTEX
8
P01719
10
189.822673
20
153.415991
30
0.0
0
SEQEND
0
POLYLINE
8
P01720
66
1
70
0
0
VERTEX
8
P01720
10
189.653325
20
153.331328
30
0.0
0
VERTEX
8
P01720
10
189.822673
20
153.331328
30
0.0
0
SEQEND
0
POLYLINE
8
P01721
66
1
70
0
0
VERTEX
8
P01721
10
189.653325
20
153.246665
30
0.0
0
VERTEX
8
P01721
10
189.737988
20
153.246665
30
0.0
0
SEQEND
0
POLYLINE
8
P01722
66
1
70
0
0
VERTEX
8
P01722
10
189.653325
20
153.161991
30
0.0
0
VERTEX
8
P01722
10
189.737988
20
153.161991
30
0.0
0
SEQEND
0
POLYLINE
8
P01723
66
1
70
0
0
VERTEX
8
P01723
10
189.653325
20
153.077327
30
0.0
0
VERTEX
8
P01723
10
189.737988
20
153.077327
30
0.0
0
SEQEND
0
POLYLINE
8
P01724
66
1
70
0
0
VERTEX
8
P01724
10
189.653325
20
152.992664
30
0.0
0
VERTEX
8
P01724
10
189.737988
20
152.992664
30
0.0
0
SEQEND
0
POLYLINE
8
P01725
66
1
70
0
0
VERTEX
8
P01725
10
189.653325
20
152.908001
30
0.0
0
VERTEX
8
P01725
10
189.737988
20
152.908001
30
0.0
0
SEQEND
0
POLYLINE
8
P01726
66
1
70
0
0
VERTEX
8
P01726
10
189.653325
20
152.823327
30
0.0
0
VERTEX
8
P01726
10
189.737988
20
152.823327
30
0.0
0
SEQEND
0
POLYLINE
8
P01727
66
1
70
0
0
VERTEX
8
P01727
10
189.653325
20
152.738664
30
0.0
0
VERTEX
8
P01727
10
189.737988
20
152.738664
30
0.0
0
VERTEX
8
P01727
10
189.653325
20
152.738664
30
0.0
0
SEQEND
0
POLYLINE
8
P01728
66
1
70
0
0
VERTEX
8
P01728
10
189.653325
20
172.550665
30
0.0
0
VERTEX
8
P01728
10
189.737988
20
172.550665
30
0.0
0
SEQEND
0
POLYLINE
8
P01729
66
1
70
0
0
VERTEX
8
P01729
10
189.653325
20
172.465991
30
0.0
0
VERTEX
8
P01729
10
189.737988
20
172.465991
30
0.0
0
SEQEND
0
POLYLINE
8
P01730
66
1
70
0
0
VERTEX
8
P01730
10
189.568661
20
172.381328
30
0.0
0
VERTEX
8
P01730
10
189.822673
20
172.381328
30
0.0
0
SEQEND
0
POLYLINE
8
P01731
66
1
70
0
0
VERTEX
8
P01731
10
189.568661
20
172.296665
30
0.0
0
VERTEX
8
P01731
10
189.822673
20
172.296665
30
0.0
0
SEQEND
0
POLYLINE
8
P01732
66
1
70
0
0
VERTEX
8
P01732
10
189.568661
20
172.211991
30
0.0
0
VERTEX
8
P01732
10
189.907336
20
172.211991
30
0.0
0
SEQEND
0
POLYLINE
8
P01733
66
1
70
0
0
VERTEX
8
P01733
10
189.483998
20
172.127327
30
0.0
0
VERTEX
8
P01733
10
189.907336
20
172.127327
30
0.0
0
SEQEND
0
POLYLINE
8
P01734
66
1
70
0
0
VERTEX
8
P01734
10
189.483998
20
172.042664
30
0.0
0
VERTEX
8
P01734
10
189.907336
20
172.042664
30
0.0
0
SEQEND
0
POLYLINE
8
P01735
66
1
70
0
0
VERTEX
8
P01735
10
189.399335
20
171.957990
30
0.0
0
VERTEX
8
P01735
10
189.991999
20
171.957990
30
0.0
0
SEQEND
0
POLYLINE
8
P01736
66
1
70
0
0
VERTEX
8
P01736
10
189.399335
20
171.873327
30
0.0
0
VERTEX
8
P01736
10
189.991999
20
171.873327
30
0.0
0
SEQEND
0
POLYLINE
8
P01737
66
1
70
0
0
VERTEX
8
P01737
10
189.399335
20
171.788664
30
0.0
0
VERTEX
8
P01737
10
190.076662
20
171.788664
30
0.0
0
SEQEND
0
POLYLINE
8
P01738
66
1
70
0
0
VERTEX
8
P01738
10
189.314672
20
171.704000
30
0.0
0
VERTEX
8
P01738
10
190.076662
20
171.704000
30
0.0
0
SEQEND
0
POLYLINE
8
P01739
66
1
70
0
0
VERTEX
8
P01739
10
189.314672
20
171.619326
30
0.0
0
VERTEX
8
P01739
10
190.161326
20
171.619326
30
0.0
0
SEQEND
0
POLYLINE
8
P01740
66
1
70
0
0
VERTEX
8
P01740
10
189.314672
20
171.534663
30
0.0
0
VERTEX
8
P01740
10
190.161326
20
171.534663
30
0.0
0
SEQEND
0
POLYLINE
8
P01741
66
1
70
0
0
VERTEX
8
P01741
10
189.229987
20
171.450000
30
0.0
0
VERTEX
8
P01741
10
190.161326
20
171.450000
30
0.0
0
SEQEND
0
POLYLINE
8
P01742
66
1
70
0
0
VERTEX
8
P01742
10
189.229987
20
171.365326
30
0.0
0
VERTEX
8
P01742
10
190.245989
20
171.365326
30
0.0
0
SEQEND
0
POLYLINE
8
P01743
66
1
70
0
0
VERTEX
8
P01743
10
189.145324
20
171.280663
30
0.0
0
VERTEX
8
P01743
10
190.245989
20
171.280663
30
0.0
0
SEQEND
0
POLYLINE
8
P01744
66
1
70
0
0
VERTEX
8
P01744
10
189.653325
20
172.550665
30
0.0
0
VERTEX
8
P01744
10
189.737988
20
172.550665
30
0.0
0
SEQEND
0
POLYLINE
8
P01745
66
1
70
0
0
VERTEX
8
P01745
10
189.653325
20
172.465991
30
0.0
0
VERTEX
8
P01745
10
189.737988
20
172.465991
30
0.0
0
SEQEND
0
POLYLINE
8
P01746
66
1
70
0
0
VERTEX
8
P01746
10
189.653325
20
172.381328
30
0.0
0
VERTEX
8
P01746
10
189.737988
20
172.381328
30
0.0
0
SEQEND
0
POLYLINE
8
P01747
66
1
70
0
0
VERTEX
8
P01747
10
189.653325
20
172.296665
30
0.0
0
VERTEX
8
P01747
10
189.737988
20
172.296665
30
0.0
0
SEQEND
0
POLYLINE
8
P01748
66
1
70
0
0
VERTEX
8
P01748
10
189.653325
20
172.211991
30
0.0
0
VERTEX
8
P01748
10
189.737988
20
172.211991
30
0.0
0
SEQEND
0
POLYLINE
8
P01749
66
1
70
0
0
VERTEX
8
P01749
10
189.653325
20
172.127327
30
0.0
0
VERTEX
8
P01749
10
189.737988
20
172.127327
30
0.0
0
SEQEND
0
POLYLINE
8
P01750
66
1
70
0
0
VERTEX
8
P01750
10
189.653325
20
172.042664
30
0.0
0
VERTEX
8
P01750
10
189.737988
20
172.042664
30
0.0
0
SEQEND
0
POLYLINE
8
P01751
66
1
70
0
0
VERTEX
8
P01751
10
189.653325
20
171.957990
30
0.0
0
VERTEX
8
P01751
10
189.822673
20
171.957990
30
0.0
0
SEQEND
0
POLYLINE
8
P01752
66
1
70
0
0
VERTEX
8
P01752
10
189.653325
20
171.873327
30
0.0
0
VERTEX
8
P01752
10
189.822673
20
171.873327
30
0.0
0
SEQEND
0
POLYLINE
8
P01753
66
1
70
0
0
VERTEX
8
P01753
10
189.653325
20
171.788664
30
0.0
0
VERTEX
8
P01753
10
189.822673
20
171.788664
30
0.0
0
SEQEND
0
POLYLINE
8
P01754
66
1
70
0
0
VERTEX
8
P01754
10
189.653325
20
171.704000
30
0.0
0
VERTEX
8
P01754
10
189.822673
20
171.704000
30
0.0
0
SEQEND
0
POLYLINE
8
P01755
66
1
70
0
0
VERTEX
8
P01755
10
189.653325
20
171.619326
30
0.0
0
VERTEX
8
P01755
10
189.822673
20
171.619326
30
0.0
0
SEQEND
0
POLYLINE
8
P01756
66
1
70
0
0
VERTEX
8
P01756
10
189.653325
20
171.534663
30
0.0
0
VERTEX
8
P01756
10
189.822673
20
171.534663
30
0.0
0
SEQEND
0
POLYLINE
8
P01757
66
1
70
0
0
VERTEX
8
P01757
10
189.653325
20
171.450000
30
0.0
0
VERTEX
8
P01757
10
189.822673
20
171.450000
30
0.0
0
SEQEND
0
POLYLINE
8
P01758
66
1
70
0
0
VERTEX
8
P01758
10
189.653325
20
171.365326
30
0.0
0
VERTEX
8
P01758
10
189.907336
20
171.365326
30
0.0
0
SEQEND
0
POLYLINE
8
P01759
66
1
70
0
0
VERTEX
8
P01759
10
189.653325
20
171.280663
30
0.0
0
VERTEX
8
P01759
10
189.907336
20
171.280663
30
0.0
0
SEQEND
0
POLYLINE
8
P01760
66
1
70
0
0
VERTEX
8
P01760
10
189.568661
20
171.873327
30
0.0
0
VERTEX
8
P01760
10
189.653325
20
171.873327
30
0.0
0
SEQEND
0
POLYLINE
8
P01761
66
1
70
0
0
VERTEX
8
P01761
10
189.568661
20
171.788664
30
0.0
0
VERTEX
8
P01761
10
189.653325
20
171.788664
30
0.0
0
SEQEND
0
POLYLINE
8
P01762
66
1
70
0
0
VERTEX
8
P01762
10
189.568661
20
171.704000
30
0.0
0
VERTEX
8
P01762
10
189.653325
20
171.704000
30
0.0
0
SEQEND
0
POLYLINE
8
P01763
66
1
70
0
0
VERTEX
8
P01763
10
189.568661
20
171.619326
30
0.0
0
VERTEX
8
P01763
10
189.653325
20
171.619326
30
0.0
0
SEQEND
0
POLYLINE
8
P01764
66
1
70
0
0
VERTEX
8
P01764
10
189.568661
20
171.534663
30
0.0
0
VERTEX
8
P01764
10
189.653325
20
171.534663
30
0.0
0
SEQEND
0
POLYLINE
8
P01765
66
1
70
0
0
VERTEX
8
P01765
10
189.568661
20
171.450000
30
0.0
0
VERTEX
8
P01765
10
189.653325
20
171.450000
30
0.0
0
SEQEND
0
POLYLINE
8
P01766
66
1
70
0
0
VERTEX
8
P01766
10
189.568661
20
171.365326
30
0.0
0
VERTEX
8
P01766
10
189.653325
20
171.365326
30
0.0
0
SEQEND
0
POLYLINE
8
P01767
66
1
70
0
0
VERTEX
8
P01767
10
189.568661
20
171.280663
30
0.0
0
VERTEX
8
P01767
10
189.653325
20
171.280663
30
0.0
0
SEQEND
0
POLYLINE
8
P01768
66
1
70
0
0
VERTEX
8
P01768
10
189.653325
20
152.654000
30
0.0
0
VERTEX
8
P01768
10
189.653325
20
172.635328
30
0.0
0
VERTEX
8
P01768
10
189.653325
20
152.654000
30
0.0
0
SEQEND
0
POLYLINE
8
P01769
66
1
70
0
0
VERTEX
8
P01769
10
20.489333
20
60.621321
30
0.0
0
VERTEX
8
P01769
10
205.485993
20
60.621321
30
0.0
0
VERTEX
8
P01769
10
20.489333
20
60.621321
30
0.0
0
SEQEND
0
POLYLINE
8
P01770
66
1
70
0
0
VERTEX
8
P01770
10
20.489333
20
50.630674
30
0.0
0
VERTEX
8
P01770
10
85.513331
20
50.630674
30
0.0
0
VERTEX
8
P01770
10
20.489333
20
50.630674
30
0.0
0
SEQEND
0
POLYLINE
8
P01771
66
1
70
0
0
VERTEX
8
P01771
10
20.489333
20
45.635328
30
0.0
0
VERTEX
8
P01771
10
85.513331
20
45.635328
30
0.0
0
VERTEX
8
P01771
10
20.489333
20
45.635328
30
0.0
0
SEQEND
0
POLYLINE
8
P01772
66
1
70
0
0
VERTEX
8
P01772
10
20.489333
20
30.649335
30
0.0
0
VERTEX
8
P01772
10
85.513331
20
30.649335
30
0.0
0
VERTEX
8
P01772
10
20.489333
20
30.649335
30
0.0
0
SEQEND
0
POLYLINE
8
P01773
66
1
70
0
0
VERTEX
8
P01773
10
20.489333
20
25.569326
30
0.0
0
VERTEX
8
P01773
10
85.513331
20
25.569326
30
0.0
0
VERTEX
8
P01773
10
20.489333
20
25.569326
30
0.0
0
SEQEND
0
POLYLINE
8
P01774
66
1
70
0
0
VERTEX
8
P01774
10
20.489333
20
20.574003
30
0.0
0
VERTEX
8
P01774
10
85.513331
20
20.574003
30
0.0
0
VERTEX
8
P01774
10
20.489333
20
20.574003
30
0.0
0
SEQEND
0
POLYLINE
8
P01775
66
1
70
0
0
VERTEX
8
P01775
10
20.489333
20
15.578657
30
0.0
0
VERTEX
8
P01775
10
85.513331
20
15.578657
30
0.0
0
VERTEX
8
P01775
10
20.489333
20
15.578657
30
0.0
0
SEQEND
0
POLYLINE
8
P01776
66
1
70
0
0
VERTEX
8
P01776
10
20.489333
20
10.583333
30
0.0
0
VERTEX
8
P01776
10
85.513331
20
10.583333
30
0.0
0
VERTEX
8
P01776
10
20.489333
20
10.583333
30
0.0
0
SEQEND
0
POLYLINE
8
P01777
66
1
70
0
0
VERTEX
8
P01777
10
20.489333
20
55.625997
30
0.0
0
VERTEX
8
P01777
10
85.513331
20
55.625997
30
0.0
0
VERTEX
8
P01777
10
20.489333
20
55.625997
30
0.0
0
SEQEND
0
POLYLINE
8
P01778
66
1
70
0
0
VERTEX
8
P01778
10
60.536663
20
5.588009
30
0.0
0
VERTEX
8
P01778
10
60.536663
20
60.621321
30
0.0
0
VERTEX
8
P01778
10
60.536663
20
5.588009
30
0.0
0
SEQEND
0
POLYLINE
8
P01779
66
1
70
0
0
VERTEX
8
P01779
10
75.522667
20
5.588009
30
0.0
0
VERTEX
8
P01779
10
75.522667
20
60.621321
30
0.0
0
VERTEX
8
P01779
10
75.522667
20
5.588009
30
0.0
0
SEQEND
0
POLYLINE
8
P01780
66
1
70
0
0
VERTEX
8
P01780
10
85.513331
20
5.588009
30
0.0
0
VERTEX
8
P01780
10
85.513331
20
60.621321
30
0.0
0
VERTEX
8
P01780
10
85.513331
20
5.588009
30
0.0
0
SEQEND
0
POLYLINE
8
P01781
66
1
70
0
0
VERTEX
8
P01781
10
155.532668
20
5.588009
30
0.0
0
VERTEX
8
P01781
10
155.532668
20
45.635328
30
0.0
0
VERTEX
8
P01781
10
155.532668
20
5.588009
30
0.0
0
SEQEND
0
POLYLINE
8
P01782
66
1
70
0
0
VERTEX
8
P01782
10
170.518661
20
25.569326
30
0.0
0
VERTEX
8
P01782
10
170.518661
20
45.635328
30
0.0
0
VERTEX
8
P01782
10
170.518661
20
25.569326
30
0.0
0
SEQEND
0
POLYLINE
8
P01783
66
1
70
0
0
VERTEX
8
P01783
10
187.536658
20
25.569326
30
0.0
0
VERTEX
8
P01783
10
187.536658
20
45.635328
30
0.0
0
VERTEX
8
P01783
10
187.536658
20
25.569326
30
0.0
0
SEQEND
0
POLYLINE
8
P01784
66
1
70
0
0
VERTEX
8
P01784
10
20.489333
20
40.640004
30
0.0
0
VERTEX
8
P01784
10
85.513331
20
40.640004
30
0.0
0
VERTEX
8
P01784
10
20.489333
20
40.640004
30
0.0
0
SEQEND
0
POLYLINE
8
P01785
66
1
70
0
0
VERTEX
8
P01785
10
20.489333
20
35.644659
30
0.0
0
VERTEX
8
P01785
10
85.513331
20
35.644659
30
0.0
0
VERTEX
8
P01785
10
20.489333
20
35.644659
30
0.0
0
SEQEND
0
POLYLINE
8
P01786
66
1
70
0
0
VERTEX
8
P01786
10
170.518661
20
40.640004
30
0.0
0
VERTEX
8
P01786
10
205.485993
20
40.640004
30
0.0
0
VERTEX
8
P01786
10
170.518661
20
40.640004
30
0.0
0
SEQEND
0
POLYLINE
8
P01787
66
1
70
0
0
VERTEX
8
P01787
10
85.513331
20
45.635328
30
0.0
0
VERTEX
8
P01787
10
205.485993
20
45.635328
30
0.0
0
VERTEX
8
P01787
10
85.513331
20
45.635328
30
0.0
0
SEQEND
0
POLYLINE
8
P01788
66
1
70
0
0
VERTEX
8
P01788
10
155.532668
20
25.569326
30
0.0
0
VERTEX
8
P01788
10
205.485993
20
25.569326
30
0.0
0
VERTEX
8
P01788
10
155.532668
20
25.569326
30
0.0
0
SEQEND
0
POLYLINE
8
P01789
66
1
70
0
0
VERTEX
8
P01789
10
160.443329
20
25.569326
30
0.0
0
VERTEX
8
P01789
10
160.443329
20
40.640004
30
0.0
0
VERTEX
8
P01789
10
160.443329
20
25.569326
30
0.0
0
SEQEND
0
POLYLINE
8
P01790
66
1
70
0
0
VERTEX
8
P01790
10
165.523327
20
25.569326
30
0.0
0
VERTEX
8
P01790
10
165.523327
20
40.640004
30
0.0
0
VERTEX
8
P01790
10
165.523327
20
25.569326
30
0.0
0
SEQEND
0
POLYLINE
8
P01791
66
1
70
0
0
VERTEX
8
P01791
10
90.508666
20
292.607992
30
0.0
0
VERTEX
8
P01791
10
90.508666
20
278.637993
30
0.0
0
VERTEX
8
P01791
10
90.508666
20
292.607992
30
0.0
0
SEQEND
0
POLYLINE
8
P01792
66
1
70
0
0
VERTEX
8
P01792
10
20.000000
20
5.000000
30
0.0
0
VERTEX
8
P01792
10
206.074003
20
5.000000
30
0.0
0
SEQEND
0
POLYLINE
8
P01793
66
1
70
0
0
VERTEX
8
P01793
10
206.074003
20
5.000000
30
0.0
0
VERTEX
8
P01793
10
206.074003
20
293.111326
30
0.0
0
SEQEND
0
POLYLINE
8
P01794
66
1
70
0
0
VERTEX
8
P01794
10
206.074003
20
293.111326
30
0.0
0
VERTEX
8
P01794
10
20.000000
20
293.111326
30
0.0
0
SEQEND
0
POLYLINE
8
P01795
66
1
70
0
0
VERTEX
8
P01795
10
20.000000
20
293.111326
30
0.0
0
VERTEX
8
P01795
10
20.000000
20
5.000000
30
0.0
0
SEQEND
0
ENDSEC
0
EOF
