0
SECTION
2
HEADER
9
$ACADVER
1
AC1009
0
ENDSEC
0
SECTION
2
ENTITIES
0
POLYLINE
8
P00000
66
1
70
0
0
VERTEX
8
P00000
10
168.571332
20
241.384658
30
0.0
0
VERTEX
8
P00000
10
170.349324
20
240.791994
30
0.0
0
VERTEX
8
P00000
10
168.571332
20
241.384658
30
0.0
0
SEQEND
0
POLYLINE
8
P00001
66
1
70
0
0
VERTEX
8
P00001
10
170.349324
20
240.791994
30
0.0
0
VERTEX
8
P00001
10
171.958001
20
239.945329
30
0.0
0
VERTEX
8
P00001
10
170.349324
20
240.791994
30
0.0
0
SEQEND
0
POLYLINE
8
P00002
66
1
70
0
0
VERTEX
8
P00002
10
171.958001
20
239.945329
30
0.0
0
VERTEX
8
P00002
10
173.397329
20
238.844659
30
0.0
0
VERTEX
8
P00002
10
171.958001
20
239.945329
30
0.0
0
SEQEND
0
POLYLINE
8
P00003
66
1
70
0
0
VERTEX
8
P00003
10
173.397329
20
238.844659
30
0.0
0
VERTEX
8
P00003
10
174.667332
20
237.489994
30
0.0
0
VERTEX
8
P00003
10
173.397329
20
238.844659
30
0.0
0
SEQEND
0
POLYLINE
8
P00004
66
1
70
0
0
VERTEX
8
P00004
10
174.667332
20
237.489994
30
0.0
0
VERTEX
8
P00004
10
175.598659
20
235.881328
30
0.0
0
VERTEX
8
P00004
10
174.667332
20
237.489994
30
0.0
0
SEQEND
0
POLYLINE
8
P00005
66
1
70
0
0
VERTEX
8
P00005
10
175.598659
20
235.881328
30
0.0
0
VERTEX
8
P00005
10
176.191334
20
234.187993
30
0.0
0
VERTEX
8
P00005
10
175.598659
20
235.881328
30
0.0
0
SEQEND
0
POLYLINE
8
P00006
66
1
70
0
0
VERTEX
8
P00006
10
176.191334
20
234.187993
30
0.0
0
VERTEX
8
P00006
10
176.529998
20
232.325327
30
0.0
0
VERTEX
8
P00006
10
176.191334
20
234.187993
30
0.0
0
SEQEND
0
POLYLINE
8
P00007
66
1
70
0
0
VERTEX
8
P00007
10
176.529998
20
232.325327
30
0.0
0
VERTEX
8
P00007
10
176.529998
20
230.547329
30
0.0
0
VERTEX
8
P00007
10
176.529998
20
232.325327
30
0.0
0
SEQEND
0
POLYLINE
8
P00008
66
1
70
0
0
VERTEX
8
P00008
10
176.529998
20
230.547329
30
0.0
0
VERTEX
8
P00008
10
176.191334
20
228.684658
30
0.0
0
VERTEX
8
P00008
10
176.529998
20
230.547329
30
0.0
0
SEQEND
0
POLYLINE
8
P00009
66
1
70
0
0
VERTEX
8
P00009
10
176.191334
20
228.684658
30
0.0
0
VERTEX
8
P00009
10
175.513996
20
226.991329
30
0.0
0
VERTEX
8
P00009
10
176.191334
20
228.684658
30
0.0
0
SEQEND
0
POLYLINE
8
P00010
66
1
70
0
0
VERTEX
8
P00010
10
175.513996
20
226.991329
30
0.0
0
VERTEX
8
P00010
10
174.497994
20
225.467326
30
0.0
0
VERTEX
8
P00010
10
175.513996
20
226.991329
30
0.0
0
SEQEND
0
POLYLINE
8
P00011
66
1
70
0
0
VERTEX
8
P00011
10
174.497994
20
225.467326
30
0.0
0
VERTEX
8
P00011
10
173.227992
20
224.112661
30
0.0
0
VERTEX
8
P00011
10
174.497994
20
225.467326
30
0.0
0
SEQEND
0
POLYLINE
8
P00012
66
1
70
0
0
VERTEX
8
P00012
10
173.227992
20
224.112661
30
0.0
0
VERTEX
8
P00012
10
171.788664
20
223.011996
30
0.0
0
VERTEX
8
P00012
10
173.227992
20
224.112661
30
0.0
0
SEQEND
0
POLYLINE
8
P00013
66
1
70
0
0
VERTEX
8
P00013
10
171.788664
20
223.011996
30
0.0
0
VERTEX
8
P00013
10
170.095335
20
222.165326
30
0.0
0
VERTEX
8
P00013
10
171.788664
20
223.011996
30
0.0
0
SEQEND
0
POLYLINE
8
P00014
66
1
70
0
0
VERTEX
8
P00014
10
170.095335
20
222.165326
30
0.0
0
VERTEX
8
P00014
10
168.571332
20
221.741994
30
0.0
0
VERTEX
8
P00014
10
170.095335
20
222.165326
30
0.0
0
SEQEND
0
POLYLINE
8
P00015
66
1
70
0
0
VERTEX
8
P00015
10
120.565326
20
251.121327
30
0.0
0
VERTEX
8
P00015
10
168.571332
20
241.384658
30
0.0
0
VERTEX
8
P00015
10
120.565326
20
251.121327
30
0.0
0
SEQEND
0
POLYLINE
8
P00016
66
1
70
0
0
VERTEX
8
P00016
10
168.571332
20
221.741994
30
0.0
0
VERTEX
8
P00016
10
120.565326
20
211.920662
30
0.0
0
VERTEX
8
P00016
10
168.571332
20
221.741994
30
0.0
0
SEQEND
0
POLYLINE
8
P00017
66
1
70
0
0
VERTEX
8
P00017
10
112.606660
20
211.920662
30
0.0
0
VERTEX
8
P00017
10
64.600665
20
221.741994
30
0.0
0
VERTEX
8
P00017
10
112.606660
20
211.920662
30
0.0
0
SEQEND
0
POLYLINE
8
P00018
66
1
70
0
0
VERTEX
8
P00018
10
112.606660
20
251.121327
30
0.0
0
VERTEX
8
P00018
10
115.146665
20
251.459996
30
0.0
0
VERTEX
8
P00018
10
112.606660
20
251.121327
30
0.0
0
SEQEND
0
POLYLINE
8
P00019
66
1
70
0
0
VERTEX
8
P00019
10
115.146665
20
251.459996
30
0.0
0
VERTEX
8
P00019
10
117.771332
20
251.544659
30
0.0
0
VERTEX
8
P00019
10
115.146665
20
251.459996
30
0.0
0
SEQEND
0
POLYLINE
8
P00020
66
1
70
0
0
VERTEX
8
P00020
10
117.771332
20
251.544659
30
0.0
0
VERTEX
8
P00020
10
120.311326
20
251.205995
30
0.0
0
VERTEX
8
P00020
10
117.771332
20
251.544659
30
0.0
0
SEQEND
0
POLYLINE
8
P00021
66
1
70
0
0
VERTEX
8
P00021
10
120.311326
20
251.205995
30
0.0
0
VERTEX
8
P00021
10
120.565326
20
251.121327
30
0.0
0
VERTEX
8
P00021
10
120.311326
20
251.205995
30
0.0
0
SEQEND
0
POLYLINE
8
P00022
66
1
70
0
0
VERTEX
8
P00022
10
68.579998
20
231.563326
30
0.0
0
VERTEX
8
P00022
10
68.410666
20
232.325327
30
0.0
0
VERTEX
8
P00022
10
68.579998
20
231.563326
30
0.0
0
SEQEND
0
POLYLINE
8
P00023
66
1
70
0
0
VERTEX
8
P00023
10
68.410666
20
232.325327
30
0.0
0
VERTEX
8
P00023
10
67.902665
20
233.002660
30
0.0
0
VERTEX
8
P00023
10
68.410666
20
232.325327
30
0.0
0
SEQEND
0
POLYLINE
8
P00024
66
1
70
0
0
VERTEX
8
P00024
10
67.902665
20
233.002660
30
0.0
0
VERTEX
8
P00024
10
67.225332
20
233.425992
30
0.0
0
VERTEX
8
P00024
10
67.902665
20
233.002660
30
0.0
0
SEQEND
0
POLYLINE
8
P00025
66
1
70
0
0
VERTEX
8
P00025
10
67.225332
20
233.425992
30
0.0
0
VERTEX
8
P00025
10
66.378663
20
233.510661
30
0.0
0
VERTEX
8
P00025
10
67.225332
20
233.425992
30
0.0
0
SEQEND
0
POLYLINE
8
P00026
66
1
70
0
0
VERTEX
8
P00026
10
66.378663
20
233.510661
30
0.0
0
VERTEX
8
P00026
10
65.616667
20
233.341329
30
0.0
0
VERTEX
8
P00026
10
66.378663
20
233.510661
30
0.0
0
SEQEND
0
POLYLINE
8
P00027
66
1
70
0
0
VERTEX
8
P00027
10
65.616667
20
233.341329
30
0.0
0
VERTEX
8
P00027
10
65.023997
20
232.748659
30
0.0
0
VERTEX
8
P00027
10
65.616667
20
233.341329
30
0.0
0
SEQEND
0
POLYLINE
8
P00028
66
1
70
0
0
VERTEX
8
P00028
10
65.023997
20
232.748659
30
0.0
0
VERTEX
8
P00028
10
64.600665
20
232.071327
30
0.0
0
VERTEX
8
P00028
10
65.023997
20
232.748659
30
0.0
0
SEQEND
0
POLYLINE
8
P00029
66
1
70
0
0
VERTEX
8
P00029
10
64.600665
20
232.071327
30
0.0
0
VERTEX
8
P00029
10
64.600665
20
231.224662
30
0.0
0
VERTEX
8
P00029
10
64.600665
20
232.071327
30
0.0
0
SEQEND
0
POLYLINE
8
P00030
66
1
70
0
0
VERTEX
8
P00030
10
64.600665
20
231.224662
30
0.0
0
VERTEX
8
P00030
10
64.854665
20
230.462661
30
0.0
0
VERTEX
8
P00030
10
64.600665
20
231.224662
30
0.0
0
SEQEND
0
POLYLINE
8
P00031
66
1
70
0
0
VERTEX
8
P00031
10
64.854665
20
230.462661
30
0.0
0
VERTEX
8
P00031
10
65.447329
20
229.869991
30
0.0
0
VERTEX
8
P00031
10
64.854665
20
230.462661
30
0.0
0
SEQEND
0
POLYLINE
8
P00032
66
1
70
0
0
VERTEX
8
P00032
10
65.447329
20
229.869991
30
0.0
0
VERTEX
8
P00032
10
66.209331
20
229.615996
30
0.0
0
VERTEX
8
P00032
10
65.447329
20
229.869991
30
0.0
0
SEQEND
0
POLYLINE
8
P00033
66
1
70
0
0
VERTEX
8
P00033
10
66.209331
20
229.615996
30
0.0
0
VERTEX
8
P00033
10
67.056001
20
229.615996
30
0.0
0
VERTEX
8
P00033
10
66.209331
20
229.615996
30
0.0
0
SEQEND
0
POLYLINE
8
P00034
66
1
70
0
0
VERTEX
8
P00034
10
67.056001
20
229.615996
30
0.0
0
VERTEX
8
P00034
10
67.733333
20
229.954660
30
0.0
0
VERTEX
8
P00034
10
67.056001
20
229.615996
30
0.0
0
SEQEND
0
POLYLINE
8
P00035
66
1
70
0
0
VERTEX
8
P00035
10
67.733333
20
229.954660
30
0.0
0
VERTEX
8
P00035
10
68.325997
20
230.547329
30
0.0
0
VERTEX
8
P00035
10
67.733333
20
229.954660
30
0.0
0
SEQEND
0
POLYLINE
8
P00036
66
1
70
0
0
VERTEX
8
P00036
10
68.325997
20
230.547329
30
0.0
0
VERTEX
8
P00036
10
68.579998
20
231.309325
30
0.0
0
VERTEX
8
P00036
10
68.325997
20
230.547329
30
0.0
0
SEQEND
0
POLYLINE
8
P00037
66
1
70
0
0
VERTEX
8
P00037
10
68.579998
20
231.309325
30
0.0
0
VERTEX
8
P00037
10
68.579998
20
231.563326
30
0.0
0
VERTEX
8
P00037
10
68.579998
20
231.309325
30
0.0
0
SEQEND
0
POLYLINE
8
P00038
66
1
70
0
0
VERTEX
8
P00038
10
168.571332
20
231.563326
30
0.0
0
VERTEX
8
P00038
10
168.401995
20
232.325327
30
0.0
0
VERTEX
8
P00038
10
168.571332
20
231.563326
30
0.0
0
SEQEND
0
POLYLINE
8
P00039
66
1
70
0
0
VERTEX
8
P00039
10
168.401995
20
232.325327
30
0.0
0
VERTEX
8
P00039
10
167.893994
20
233.002660
30
0.0
0
VERTEX
8
P00039
10
168.401995
20
232.325327
30
0.0
0
SEQEND
0
POLYLINE
8
P00040
66
1
70
0
0
VERTEX
8
P00040
10
167.893994
20
233.002660
30
0.0
0
VERTEX
8
P00040
10
167.216667
20
233.425992
30
0.0
0
VERTEX
8
P00040
10
167.893994
20
233.002660
30
0.0
0
SEQEND
0
POLYLINE
8
P00041
66
1
70
0
0
VERTEX
8
P00041
10
167.216667
20
233.425992
30
0.0
0
VERTEX
8
P00041
10
166.369991
20
233.510661
30
0.0
0
VERTEX
8
P00041
10
167.216667
20
233.425992
30
0.0
0
SEQEND
0
POLYLINE
8
P00042
66
1
70
0
0
VERTEX
8
P00042
10
166.369991
20
233.510661
30
0.0
0
VERTEX
8
P00042
10
165.608001
20
233.341329
30
0.0
0
VERTEX
8
P00042
10
166.369991
20
233.510661
30
0.0
0
SEQEND
0
POLYLINE
8
P00043
66
1
70
0
0
VERTEX
8
P00043
10
165.608001
20
233.341329
30
0.0
0
VERTEX
8
P00043
10
165.015326
20
232.748659
30
0.0
0
VERTEX
8
P00043
10
165.608001
20
233.341329
30
0.0
0
SEQEND
0
POLYLINE
8
P00044
66
1
70
0
0
VERTEX
8
P00044
10
165.015326
20
232.748659
30
0.0
0
VERTEX
8
P00044
10
164.591999
20
232.071327
30
0.0
0
VERTEX
8
P00044
10
165.015326
20
232.748659
30
0.0
0
SEQEND
0
POLYLINE
8
P00045
66
1
70
0
0
VERTEX
8
P00045
10
164.591999
20
232.071327
30
0.0
0
VERTEX
8
P00045
10
164.591999
20
231.224662
30
0.0
0
VERTEX
8
P00045
10
164.591999
20
232.071327
30
0.0
0
SEQEND
0
POLYLINE
8
P00046
66
1
70
0
0
VERTEX
8
P00046
10
164.591999
20
231.224662
30
0.0
0
VERTEX
8
P00046
10
164.846000
20
230.462661
30
0.0
0
VERTEX
8
P00046
10
164.591999
20
231.224662
30
0.0
0
SEQEND
0
POLYLINE
8
P00047
66
1
70
0
0
VERTEX
8
P00047
10
164.846000
20
230.462661
30
0.0
0
VERTEX
8
P00047
10
165.438664
20
229.869991
30
0.0
0
VERTEX
8
P00047
10
164.846000
20
230.462661
30
0.0
0
SEQEND
0
POLYLINE
8
P00048
66
1
70
0
0
VERTEX
8
P00048
10
165.438664
20
229.869991
30
0.0
0
VERTEX
8
P00048
10
166.200665
20
229.615996
30
0.0
0
VERTEX
8
P00048
10
165.438664
20
229.869991
30
0.0
0
SEQEND
0
POLYLINE
8
P00049
66
1
70
0
0
VERTEX
8
P00049
10
166.200665
20
229.615996
30
0.0
0
VERTEX
8
P00049
10
167.047329
20
229.615996
30
0.0
0
VERTEX
8
P00049
10
166.200665
20
229.615996
30
0.0
0
SEQEND
0
POLYLINE
8
P00050
66
1
70
0
0
VERTEX
8
P00050
10
167.047329
20
229.615996
30
0.0
0
VERTEX
8
P00050
10
167.809331
20
229.954660
30
0.0
0
VERTEX
8
P00050
10
167.047329
20
229.615996
30
0.0
0
SEQEND
0
POLYLINE
8
P00051
66
1
70
0
0
VERTEX
8
P00051
10
167.809331
20
229.954660
30
0.0
0
VERTEX
8
P00051
10
168.317332
20
230.547329
30
0.0
0
VERTEX
8
P00051
10
167.809331
20
229.954660
30
0.0
0
SEQEND
0
POLYLINE
8
P00052
66
1
70
0
0
VERTEX
8
P00052
10
168.317332
20
230.547329
30
0.0
0
VERTEX
8
P00052
10
168.571332
20
231.309325
30
0.0
0
VERTEX
8
P00052
10
168.317332
20
230.547329
30
0.0
0
SEQEND
0
POLYLINE
8
P00053
66
1
70
0
0
VERTEX
8
P00053
10
168.571332
20
231.309325
30
0.0
0
VERTEX
8
P00053
10
168.571332
20
231.563326
30
0.0
0
VERTEX
8
P00053
10
168.571332
20
231.309325
30
0.0
0
SEQEND
0
POLYLINE
8
P00054
66
1
70
0
0
VERTEX
8
P00054
10
64.600665
20
241.384658
30
0.0
0
VERTEX
8
P00054
10
112.606660
20
251.121327
30
0.0
0
VERTEX
8
P00054
10
64.600665
20
241.384658
30
0.0
0
SEQEND
0
POLYLINE
8
P00055
66
1
70
0
0
VERTEX
8
P00055
10
120.565326
20
211.920662
30
0.0
0
VERTEX
8
P00055
10
118.025332
20
211.581993
30
0.0
0
VERTEX
8
P00055
10
120.565326
20
211.920662
30
0.0
0
SEQEND
0
POLYLINE
8
P00056
66
1
70
0
0
VERTEX
8
P00056
10
118.025332
20
211.581993
30
0.0
0
VERTEX
8
P00056
10
115.400665
20
211.581993
30
0.0
0
VERTEX
8
P00056
10
118.025332
20
211.581993
30
0.0
0
SEQEND
0
POLYLINE
8
P00057
66
1
70
0
0
VERTEX
8
P00057
10
115.400665
20
211.581993
30
0.0
0
VERTEX
8
P00057
10
112.775997
20
211.920662
30
0.0
0
VERTEX
8
P00057
10
115.400665
20
211.581993
30
0.0
0
SEQEND
0
POLYLINE
8
P00058
66
1
70
0
0
VERTEX
8
P00058
10
112.775997
20
211.920662
30
0.0
0
VERTEX
8
P00058
10
112.606660
20
211.920662
30
0.0
0
VERTEX
8
P00058
10
112.775997
20
211.920662
30
0.0
0
SEQEND
0
POLYLINE
8
P00059
66
1
70
0
0
VERTEX
8
P00059
10
64.600665
20
221.741994
30
0.0
0
VERTEX
8
P00059
10
62.822667
20
222.249995
30
0.0
0
VERTEX
8
P00059
10
64.600665
20
221.741994
30
0.0
0
SEQEND
0
POLYLINE
8
P00060
66
1
70
0
0
VERTEX
8
P00060
10
62.822667
20
222.249995
30
0.0
0
VERTEX
8
P00060
10
61.213996
20
223.096659
30
0.0
0
VERTEX
8
P00060
10
62.822667
20
222.249995
30
0.0
0
SEQEND
0
POLYLINE
8
P00061
66
1
70
0
0
VERTEX
8
P00061
10
61.213996
20
223.096659
30
0.0
0
VERTEX
8
P00061
10
59.689999
20
224.281993
30
0.0
0
VERTEX
8
P00061
10
61.213996
20
223.096659
30
0.0
0
SEQEND
0
POLYLINE
8
P00062
66
1
70
0
0
VERTEX
8
P00062
10
59.689999
20
224.281993
30
0.0
0
VERTEX
8
P00062
10
58.504665
20
225.636658
30
0.0
0
VERTEX
8
P00062
10
59.689999
20
224.281993
30
0.0
0
SEQEND
0
POLYLINE
8
P00063
66
1
70
0
0
VERTEX
8
P00063
10
58.504665
20
225.636658
30
0.0
0
VERTEX
8
P00063
10
57.573332
20
227.245329
30
0.0
0
VERTEX
8
P00063
10
58.504665
20
225.636658
30
0.0
0
SEQEND
0
POLYLINE
8
P00064
66
1
70
0
0
VERTEX
8
P00064
10
57.573332
20
227.245329
30
0.0
0
VERTEX
8
P00064
10
56.896000
20
228.938658
30
0.0
0
VERTEX
8
P00064
10
57.573332
20
227.245329
30
0.0
0
SEQEND
0
POLYLINE
8
P00065
66
1
70
0
0
VERTEX
8
P00065
10
56.896000
20
228.938658
30
0.0
0
VERTEX
8
P00065
10
56.641999
20
230.716661
30
0.0
0
VERTEX
8
P00065
10
56.896000
20
228.938658
30
0.0
0
SEQEND
0
POLYLINE
8
P00066
66
1
70
0
0
VERTEX
8
P00066
10
56.641999
20
230.716661
30
0.0
0
VERTEX
8
P00066
10
56.641999
20
232.579328
30
0.0
0
VERTEX
8
P00066
10
56.641999
20
230.716661
30
0.0
0
SEQEND
0
POLYLINE
8
P00067
66
1
70
0
0
VERTEX
8
P00067
10
56.641999
20
232.579328
30
0.0
0
VERTEX
8
P00067
10
56.980663
20
234.357325
30
0.0
0
VERTEX
8
P00067
10
56.641999
20
232.579328
30
0.0
0
SEQEND
0
POLYLINE
8
P00068
66
1
70
0
0
VERTEX
8
P00068
10
56.980663
20
234.357325
30
0.0
0
VERTEX
8
P00068
10
57.658001
20
236.050660
30
0.0
0
VERTEX
8
P00068
10
56.980663
20
234.357325
30
0.0
0
SEQEND
0
POLYLINE
8
P00069
66
1
70
0
0
VERTEX
8
P00069
10
57.658001
20
236.050660
30
0.0
0
VERTEX
8
P00069
10
58.673997
20
237.659325
30
0.0
0
VERTEX
8
P00069
10
57.658001
20
236.050660
30
0.0
0
SEQEND
0
POLYLINE
8
P00070
66
1
70
0
0
VERTEX
8
P00070
10
58.673997
20
237.659325
30
0.0
0
VERTEX
8
P00070
10
59.859331
20
239.013996
30
0.0
0
VERTEX
8
P00070
10
58.673997
20
237.659325
30
0.0
0
SEQEND
0
POLYLINE
8
P00071
66
1
70
0
0
VERTEX
8
P00071
10
59.859331
20
239.013996
30
0.0
0
VERTEX
8
P00071
10
61.383333
20
240.114661
30
0.0
0
VERTEX
8
P00071
10
59.859331
20
239.013996
30
0.0
0
SEQEND
0
POLYLINE
8
P00072
66
1
70
0
0
VERTEX
8
P00072
10
61.383333
20
240.114661
30
0.0
0
VERTEX
8
P00072
10
62.991999
20
240.876662
30
0.0
0
VERTEX
8
P00072
10
61.383333
20
240.114661
30
0.0
0
SEQEND
0
POLYLINE
8
P00073
66
1
70
0
0
VERTEX
8
P00073
10
62.991999
20
240.876662
30
0.0
0
VERTEX
8
P00073
10
64.600665
20
241.384658
30
0.0
0
VERTEX
8
P00073
10
62.991999
20
240.876662
30
0.0
0
SEQEND
0
POLYLINE
8
P00074
66
1
70
0
0
VERTEX
8
P00074
10
116.585993
20
224.451330
30
0.0
0
VERTEX
8
P00074
10
109.474003
20
231.563326
30
0.0
0
VERTEX
8
P00074
10
116.585993
20
224.451330
30
0.0
0
SEQEND
0
POLYLINE
8
P00075
66
1
70
0
0
VERTEX
8
P00075
10
123.613331
20
231.563326
30
0.0
0
VERTEX
8
P00075
10
116.585993
20
224.451330
30
0.0
0
VERTEX
8
P00075
10
123.613331
20
231.563326
30
0.0
0
SEQEND
0
POLYLINE
8
P00076
66
1
70
0
0
VERTEX
8
P00076
10
116.585993
20
238.590658
30
0.0
0
VERTEX
8
P00076
10
123.613331
20
231.563326
30
0.0
0
VERTEX
8
P00076
10
116.585993
20
238.590658
30
0.0
0
SEQEND
0
POLYLINE
8
P00077
66
1
70
0
0
VERTEX
8
P00077
10
109.474003
20
231.563326
30
0.0
0
VERTEX
8
P00077
10
116.585993
20
238.590658
30
0.0
0
VERTEX
8
P00077
10
109.474003
20
231.563326
30
0.0
0
SEQEND
0
POLYLINE
8
P00078
66
1
70
0
0
VERTEX
8
P00078
10
62.568667
20
231.563326
30
0.0
0
VERTEX
8
P00078
10
66.548000
20
231.563326
30
0.0
0
VERTEX
8
P00078
10
62.568667
20
231.563326
30
0.0
0
SEQEND
0
POLYLINE
8
P00079
66
1
70
0
0
VERTEX
8
P00079
10
70.527333
20
231.563326
30
0.0
0
VERTEX
8
P00079
10
66.548000
20
231.563326
30
0.0
0
VERTEX
8
P00079
10
70.527333
20
231.563326
30
0.0
0
SEQEND
0
POLYLINE
8
P00080
66
1
70
0
0
VERTEX
8
P00080
10
66.548000
20
227.583993
30
0.0
0
VERTEX
8
P00080
10
66.548000
20
231.563326
30
0.0
0
VERTEX
8
P00080
10
66.548000
20
227.583993
30
0.0
0
SEQEND
0
POLYLINE
8
P00081
66
1
70
0
0
VERTEX
8
P00081
10
66.548000
20
235.542659
30
0.0
0
VERTEX
8
P00081
10
66.548000
20
231.563326
30
0.0
0
VERTEX
8
P00081
10
66.548000
20
235.542659
30
0.0
0
SEQEND
0
POLYLINE
8
P00082
66
1
70
0
0
VERTEX
8
P00082
10
162.559996
20
231.563326
30
0.0
0
VERTEX
8
P00082
10
166.539329
20
231.563326
30
0.0
0
VERTEX
8
P00082
10
162.559996
20
231.563326
30
0.0
0
SEQEND
0
POLYLINE
8
P00083
66
1
70
0
0
VERTEX
8
P00083
10
170.603325
20
231.563326
30
0.0
0
VERTEX
8
P00083
10
166.539329
20
231.563326
30
0.0
0
VERTEX
8
P00083
10
170.603325
20
231.563326
30
0.0
0
SEQEND
0
POLYLINE
8
P00084
66
1
70
0
0
VERTEX
8
P00084
10
166.539329
20
227.583993
30
0.0
0
VERTEX
8
P00084
10
166.539329
20
231.563326
30
0.0
0
VERTEX
8
P00084
10
166.539329
20
227.583993
30
0.0
0
SEQEND
0
POLYLINE
8
P00085
66
1
70
0
0
VERTEX
8
P00085
10
166.539329
20
235.542659
30
0.0
0
VERTEX
8
P00085
10
166.539329
20
231.563326
30
0.0
0
VERTEX
8
P00085
10
166.539329
20
235.542659
30
0.0
0
SEQEND
0
POLYLINE
8
P00086
66
1
70
0
0
VERTEX
8
P00086
10
116.585993
20
253.576660
30
0.0
0
VERTEX
8
P00086
10
116.585993
20
241.977327
30
0.0
0
VERTEX
8
P00086
10
116.585993
20
253.576660
30
0.0
0
SEQEND
0
POLYLINE
8
P00087
66
1
70
0
0
VERTEX
8
P00087
10
116.585993
20
240.453325
30
0.0
0
VERTEX
8
P00087
10
116.585993
20
238.844659
30
0.0
0
VERTEX
8
P00087
10
116.585993
20
240.453325
30
0.0
0
SEQEND
0
POLYLINE
8
P00088
66
1
70
0
0
VERTEX
8
P00088
10
116.585993
20
237.320662
30
0.0
0
VERTEX
8
P00088
10
116.585993
20
225.805995
30
0.0
0
VERTEX
8
P00088
10
116.585993
20
237.320662
30
0.0
0
SEQEND
0
POLYLINE
8
P00089
66
1
70
0
0
VERTEX
8
P00089
10
116.585993
20
224.281993
30
0.0
0
VERTEX
8
P00089
10
116.585993
20
222.588658
30
0.0
0
VERTEX
8
P00089
10
116.585993
20
224.281993
30
0.0
0
SEQEND
0
POLYLINE
8
P00090
66
1
70
0
0
VERTEX
8
P00090
10
116.585993
20
221.064661
30
0.0
0
VERTEX
8
P00090
10
116.585993
20
209.549995
30
0.0
0
VERTEX
8
P00090
10
116.585993
20
221.064661
30
0.0
0
SEQEND
0
POLYLINE
8
P00091
66
1
70
0
0
VERTEX
8
P00091
10
44.534666
20
231.563326
30
0.0
0
VERTEX
8
P00091
10
61.213996
20
231.563326
30
0.0
0
VERTEX
8
P00091
10
44.534666
20
231.563326
30
0.0
0
SEQEND
0
POLYLINE
8
P00092
66
1
70
0
0
VERTEX
8
P00092
10
62.737999
20
231.563326
30
0.0
0
VERTEX
8
P00092
10
64.261996
20
231.563326
30
0.0
0
VERTEX
8
P00092
10
62.737999
20
231.563326
30
0.0
0
SEQEND
0
POLYLINE
8
P00093
66
1
70
0
0
VERTEX
8
P00093
10
65.785998
20
231.563326
30
0.0
0
VERTEX
8
P00093
10
82.465331
20
231.563326
30
0.0
0
VERTEX
8
P00093
10
65.785998
20
231.563326
30
0.0
0
SEQEND
0
POLYLINE
8
P00094
66
1
70
0
0
VERTEX
8
P00094
10
83.989334
20
231.563326
30
0.0
0
VERTEX
8
P00094
10
85.513331
20
231.563326
30
0.0
0
VERTEX
8
P00094
10
83.989334
20
231.563326
30
0.0
0
SEQEND
0
POLYLINE
8
P00095
66
1
70
0
0
VERTEX
8
P00095
10
87.037334
20
231.563326
30
0.0
0
VERTEX
8
P00095
10
103.716667
20
231.563326
30
0.0
0
VERTEX
8
P00095
10
87.037334
20
231.563326
30
0.0
0
SEQEND
0
POLYLINE
8
P00096
66
1
70
0
0
VERTEX
8
P00096
10
105.155995
20
231.563326
30
0.0
0
VERTEX
8
P00096
10
106.764661
20
231.563326
30
0.0
0
VERTEX
8
P00096
10
105.155995
20
231.563326
30
0.0
0
SEQEND
0
POLYLINE
8
P00097
66
1
70
0
0
VERTEX
8
P00097
10
108.204000
20
231.563326
30
0.0
0
VERTEX
8
P00097
10
124.883333
20
231.563326
30
0.0
0
VERTEX
8
P00097
10
108.204000
20
231.563326
30
0.0
0
SEQEND
0
POLYLINE
8
P00098
66
1
70
0
0
VERTEX
8
P00098
10
126.407325
20
231.563326
30
0.0
0
VERTEX
8
P00098
10
127.931328
20
231.563326
30
0.0
0
VERTEX
8
P00098
10
126.407325
20
231.563326
30
0.0
0
SEQEND
0
POLYLINE
8
P00099
66
1
70
0
0
VERTEX
8
P00099
10
150.706660
20
231.563326
30
0.0
0
VERTEX
8
P00099
10
167.385993
20
231.563326
30
0.0
0
VERTEX
8
P00099
10
150.706660
20
231.563326
30
0.0
0
SEQEND
0
POLYLINE
8
P00100
66
1
70
0
0
VERTEX
8
P00100
10
168.825332
20
231.563326
30
0.0
0
VERTEX
8
P00100
10
170.433998
20
231.563326
30
0.0
0
VERTEX
8
P00100
10
168.825332
20
231.563326
30
0.0
0
SEQEND
0
POLYLINE
8
P00101
66
1
70
0
0
VERTEX
8
P00101
10
171.873327
20
231.563326
30
0.0
0
VERTEX
8
P00101
10
188.552660
20
231.563326
30
0.0
0
VERTEX
8
P00101
10
171.873327
20
231.563326
30
0.0
0
SEQEND
0
POLYLINE
8
P00102
66
1
70
0
0
VERTEX
8
P00102
10
34.543999
20
231.563326
30
0.0
0
VERTEX
8
P00102
10
46.566667
20
231.563326
30
0.0
0
VERTEX
8
P00102
10
34.543999
20
231.563326
30
0.0
0
SEQEND
0
POLYLINE
8
P00103
66
1
70
0
0
VERTEX
8
P00103
10
186.605320
20
231.563326
30
0.0
0
VERTEX
8
P00103
10
198.543329
20
231.563326
30
0.0
0
VERTEX
8
P00103
10
186.605320
20
231.563326
30
0.0
0
SEQEND
0
POLYLINE
8
P00104
66
1
70
0
0
VERTEX
8
P00104
10
46.566667
20
231.563326
30
0.0
0
VERTEX
8
P00104
10
46.566667
20
194.563996
30
0.0
0
VERTEX
8
P00104
10
46.566667
20
231.563326
30
0.0
0
SEQEND
0
POLYLINE
8
P00105
66
1
70
0
0
VERTEX
8
P00105
10
186.605320
20
231.563326
30
0.0
0
VERTEX
8
P00105
10
186.605320
20
194.563996
30
0.0
0
VERTEX
8
P00105
10
186.605320
20
231.563326
30
0.0
0
SEQEND
0
POLYLINE
8
P00106
66
1
70
0
0
VERTEX
8
P00106
10
173.905330
20
234.187993
30
0.0
0
VERTEX
8
P00106
10
196.257336
20
259.164661
30
0.0
0
VERTEX
8
P00106
10
173.905330
20
234.187993
30
0.0
0
SEQEND
0
POLYLINE
8
P00107
66
1
70
0
0
VERTEX
8
P00107
10
109.474003
20
231.563326
30
0.0
0
VERTEX
8
P00107
10
85.343999
20
255.693326
30
0.0
0
VERTEX
8
P00107
10
109.474003
20
231.563326
30
0.0
0
SEQEND
0
POLYLINE
8
P00108
66
1
70
0
0
VERTEX
8
P00108
10
93.895335
20
261.281328
30
0.0
0
VERTEX
8
P00108
10
97.366667
20
264.837326
30
0.0
0
VERTEX
8
P00108
10
93.895335
20
261.281328
30
0.0
0
SEQEND
0
POLYLINE
8
P00109
66
1
70
0
0
VERTEX
8
P00109
10
116.585993
20
238.590658
30
0.0
0
VERTEX
8
P00109
10
92.455995
20
262.720659
30
0.0
0
VERTEX
8
P00109
10
116.585993
20
238.590658
30
0.0
0
SEQEND
0
POLYLINE
8
P00110
66
1
70
0
0
VERTEX
8
P00110
10
132.841999
20
254.931328
30
0.0
0
VERTEX
8
P00110
10
130.809996
20
256.793994
30
0.0
0
VERTEX
8
P00110
10
132.841999
20
254.931328
30
0.0
0
SEQEND
0
POLYLINE
8
P00111
66
1
70
0
0
VERTEX
8
P00111
10
109.474003
20
231.563326
30
0.0
0
VERTEX
8
P00111
10
134.281328
20
256.370659
30
0.0
0
VERTEX
8
P00111
10
109.474003
20
231.563326
30
0.0
0
SEQEND
0
POLYLINE
8
P00112
66
1
70
0
0
VERTEX
8
P00112
10
116.585993
20
251.544659
30
0.0
0
VERTEX
8
P00112
10
116.585993
20
263.651992
30
0.0
0
VERTEX
8
P00112
10
116.585993
20
251.544659
30
0.0
0
SEQEND
0
POLYLINE
8
P00113
66
1
70
0
0
VERTEX
8
P00113
10
118.363996
20
211.666661
30
0.0
0
VERTEX
8
P00113
10
120.988664
20
212.005325
30
0.0
0
VERTEX
8
P00113
10
118.363996
20
211.666661
30
0.0
0
SEQEND
0
POLYLINE
8
P00114
66
1
70
0
0
VERTEX
8
P00114
10
120.988664
20
212.005325
30
0.0
0
VERTEX
8
P00114
10
123.443994
20
212.767326
30
0.0
0
VERTEX
8
P00114
10
120.988664
20
212.005325
30
0.0
0
SEQEND
0
POLYLINE
8
P00115
66
1
70
0
0
VERTEX
8
P00115
10
123.443994
20
212.767326
30
0.0
0
VERTEX
8
P00115
10
125.814661
20
213.783328
30
0.0
0
VERTEX
8
P00115
10
123.443994
20
212.767326
30
0.0
0
SEQEND
0
POLYLINE
8
P00116
66
1
70
0
0
VERTEX
8
P00116
10
125.814661
20
213.783328
30
0.0
0
VERTEX
8
P00116
10
128.016002
20
215.137993
30
0.0
0
VERTEX
8
P00116
10
125.814661
20
213.783328
30
0.0
0
SEQEND
0
POLYLINE
8
P00117
66
1
70
0
0
VERTEX
8
P00117
10
128.016002
20
215.137993
30
0.0
0
VERTEX
8
P00117
10
130.047994
20
216.831328
30
0.0
0
VERTEX
8
P00117
10
128.016002
20
215.137993
30
0.0
0
SEQEND
0
POLYLINE
8
P00118
66
1
70
0
0
VERTEX
8
P00118
10
130.047994
20
216.831328
30
0.0
0
VERTEX
8
P00118
10
131.910661
20
218.693994
30
0.0
0
VERTEX
8
P00118
10
130.047994
20
216.831328
30
0.0
0
SEQEND
0
POLYLINE
8
P00119
66
1
70
0
0
VERTEX
8
P00119
10
131.910661
20
218.693994
30
0.0
0
VERTEX
8
P00119
10
133.434663
20
220.810661
30
0.0
0
VERTEX
8
P00119
10
131.910661
20
218.693994
30
0.0
0
SEQEND
0
POLYLINE
8
P00120
66
1
70
0
0
VERTEX
8
P00120
10
133.434663
20
220.810661
30
0.0
0
VERTEX
8
P00120
10
134.704665
20
223.011996
30
0.0
0
VERTEX
8
P00120
10
133.434663
20
220.810661
30
0.0
0
SEQEND
0
POLYLINE
8
P00121
66
1
70
0
0
VERTEX
8
P00121
10
134.704665
20
223.011996
30
0.0
0
VERTEX
8
P00121
10
135.635993
20
225.467326
30
0.0
0
VERTEX
8
P00121
10
134.704665
20
223.011996
30
0.0
0
SEQEND
0
POLYLINE
8
P00122
66
1
70
0
0
VERTEX
8
P00122
10
135.635993
20
225.467326
30
0.0
0
VERTEX
8
P00122
10
136.228668
20
228.007325
30
0.0
0
VERTEX
8
P00122
10
135.635993
20
225.467326
30
0.0
0
SEQEND
0
POLYLINE
8
P00123
66
1
70
0
0
VERTEX
8
P00123
10
136.228668
20
228.007325
30
0.0
0
VERTEX
8
P00123
10
136.567332
20
230.547329
30
0.0
0
VERTEX
8
P00123
10
136.228668
20
228.007325
30
0.0
0
SEQEND
0
POLYLINE
8
P00124
66
1
70
0
0
VERTEX
8
P00124
10
136.567332
20
230.547329
30
0.0
0
VERTEX
8
P00124
10
136.482668
20
233.171992
30
0.0
0
VERTEX
8
P00124
10
136.567332
20
230.547329
30
0.0
0
SEQEND
0
POLYLINE
8
P00125
66
1
70
0
0
VERTEX
8
P00125
10
136.482668
20
233.171992
30
0.0
0
VERTEX
8
P00125
10
136.143994
20
235.796659
30
0.0
0
VERTEX
8
P00125
10
136.482668
20
233.171992
30
0.0
0
SEQEND
0
POLYLINE
8
P00126
66
1
70
0
0
VERTEX
8
P00126
10
136.143994
20
235.796659
30
0.0
0
VERTEX
8
P00126
10
136.059331
20
235.965991
30
0.0
0
VERTEX
8
P00126
10
136.143994
20
235.796659
30
0.0
0
SEQEND
0
POLYLINE
8
P00127
66
1
70
0
0
VERTEX
8
P00127
10
51.477333
20
197.781328
30
0.0
0
VERTEX
8
P00127
10
52.069997
20
197.781328
30
0.0
0
SEQEND
0
POLYLINE
8
P00128
66
1
70
0
0
VERTEX
8
P00128
10
50.884663
20
197.696665
30
0.0
0
VERTEX
8
P00128
10
52.069997
20
197.696665
30
0.0
0
SEQEND
0
POLYLINE
8
P00129
66
1
70
0
0
VERTEX
8
P00129
10
50.207331
20
197.611991
30
0.0
0
VERTEX
8
P00129
10
52.069997
20
197.611991
30
0.0
0
SEQEND
0
POLYLINE
8
P00130
66
1
70
0
0
VERTEX
8
P00130
10
49.614666
20
197.527327
30
0.0
0
VERTEX
8
P00130
10
52.069997
20
197.527327
30
0.0
0
SEQEND
0
POLYLINE
8
P00131
66
1
70
0
0
VERTEX
8
P00131
10
49.021997
20
197.442664
30
0.0
0
VERTEX
8
P00131
10
52.069997
20
197.442664
30
0.0
0
SEQEND
0
POLYLINE
8
P00132
66
1
70
0
0
VERTEX
8
P00132
10
48.344664
20
197.357990
30
0.0
0
VERTEX
8
P00132
10
52.069997
20
197.357990
30
0.0
0
SEQEND
0
POLYLINE
8
P00133
66
1
70
0
0
VERTEX
8
P00133
10
48.175332
20
197.273327
30
0.0
0
VERTEX
8
P00133
10
52.069997
20
197.273327
30
0.0
0
SEQEND
0
POLYLINE
8
P00134
66
1
70
0
0
VERTEX
8
P00134
10
48.006001
20
197.188664
30
0.0
0
VERTEX
8
P00134
10
52.069997
20
197.188664
30
0.0
0
SEQEND
0
POLYLINE
8
P00135
66
1
70
0
0
VERTEX
8
P00135
10
47.752000
20
197.103990
30
0.0
0
VERTEX
8
P00135
10
52.069997
20
197.103990
30
0.0
0
SEQEND
0
POLYLINE
8
P00136
66
1
70
0
0
VERTEX
8
P00136
10
47.582663
20
197.019326
30
0.0
0
VERTEX
8
P00136
10
52.069997
20
197.019326
30
0.0
0
SEQEND
0
POLYLINE
8
P00137
66
1
70
0
0
VERTEX
8
P00137
10
47.413331
20
196.934663
30
0.0
0
VERTEX
8
P00137
10
52.069997
20
196.934663
30
0.0
0
SEQEND
0
POLYLINE
8
P00138
66
1
70
0
0
VERTEX
8
P00138
10
47.159331
20
196.849989
30
0.0
0
VERTEX
8
P00138
10
52.069997
20
196.849989
30
0.0
0
SEQEND
0
POLYLINE
8
P00139
66
1
70
0
0
VERTEX
8
P00139
10
46.989999
20
196.765326
30
0.0
0
VERTEX
8
P00139
10
52.069997
20
196.765326
30
0.0
0
SEQEND
0
POLYLINE
8
P00140
66
1
70
0
0
VERTEX
8
P00140
10
46.820667
20
196.680663
30
0.0
0
VERTEX
8
P00140
10
52.069997
20
196.680663
30
0.0
0
SEQEND
0
POLYLINE
8
P00141
66
1
70
0
0
VERTEX
8
P00141
10
46.566667
20
196.596000
30
0.0
0
VERTEX
8
P00141
10
52.069997
20
196.596000
30
0.0
0
SEQEND
0
POLYLINE
8
P00142
66
1
70
0
0
VERTEX
8
P00142
10
46.820667
20
196.511326
30
0.0
0
VERTEX
8
P00142
10
52.069997
20
196.511326
30
0.0
0
SEQEND
0
POLYLINE
8
P00143
66
1
70
0
0
VERTEX
8
P00143
10
46.989999
20
196.426662
30
0.0
0
VERTEX
8
P00143
10
52.069997
20
196.426662
30
0.0
0
SEQEND
0
POLYLINE
8
P00144
66
1
70
0
0
VERTEX
8
P00144
10
47.159331
20
196.341999
30
0.0
0
VERTEX
8
P00144
10
52.069997
20
196.341999
30
0.0
0
SEQEND
0
POLYLINE
8
P00145
66
1
70
0
0
VERTEX
8
P00145
10
47.413331
20
196.257325
30
0.0
0
VERTEX
8
P00145
10
52.069997
20
196.257325
30
0.0
0
SEQEND
0
POLYLINE
8
P00146
66
1
70
0
0
VERTEX
8
P00146
10
47.582663
20
196.172662
30
0.0
0
VERTEX
8
P00146
10
52.069997
20
196.172662
30
0.0
0
SEQEND
0
POLYLINE
8
P00147
66
1
70
0
0
VERTEX
8
P00147
10
47.752000
20
196.087999
30
0.0
0
VERTEX
8
P00147
10
52.069997
20
196.087999
30
0.0
0
SEQEND
0
POLYLINE
8
P00148
66
1
70
0
0
VERTEX
8
P00148
10
48.006001
20
196.003325
30
0.0
0
VERTEX
8
P00148
10
52.069997
20
196.003325
30
0.0
0
SEQEND
0
POLYLINE
8
P00149
66
1
70
0
0
VERTEX
8
P00149
10
48.175332
20
195.918661
30
0.0
0
VERTEX
8
P00149
10
52.069997
20
195.918661
30
0.0
0
SEQEND
0
POLYLINE
8
P00150
66
1
70
0
0
VERTEX
8
P00150
10
48.344664
20
195.833998
30
0.0
0
VERTEX
8
P00150
10
52.069997
20
195.833998
30
0.0
0
SEQEND
0
POLYLINE
8
P00151
66
1
70
0
0
VERTEX
8
P00151
10
49.106666
20
195.749324
30
0.0
0
VERTEX
8
P00151
10
52.069997
20
195.749324
30
0.0
0
SEQEND
0
POLYLINE
8
P00152
66
1
70
0
0
VERTEX
8
P00152
10
49.868667
20
195.664661
30
0.0
0
VERTEX
8
P00152
10
52.069997
20
195.664661
30
0.0
0
SEQEND
0
POLYLINE
8
P00153
66
1
70
0
0
VERTEX
8
P00153
10
50.630668
20
195.579998
30
0.0
0
VERTEX
8
P00153
10
52.069997
20
195.579998
30
0.0
0
SEQEND
0
POLYLINE
8
P00154
66
1
70
0
0
VERTEX
8
P00154
10
51.392664
20
195.495324
30
0.0
0
VERTEX
8
P00154
10
52.069997
20
195.495324
30
0.0
0
VERTEX
8
P00154
10
51.392664
20
195.495324
30
0.0
0
SEQEND
0
POLYLINE
8
P00155
66
1
70
0
0
VERTEX
8
P00155
10
46.566667
20
196.596000
30
0.0
0
VERTEX
8
P00155
10
51.562001
20
197.273327
30
0.0
0
VERTEX
8
P00155
10
46.566667
20
196.596000
30
0.0
0
SEQEND
0
POLYLINE
8
P00156
66
1
70
0
0
VERTEX
8
P00156
10
51.562001
20
197.273327
30
0.0
0
VERTEX
8
P00156
10
51.054000
20
196.596000
30
0.0
0
VERTEX
8
P00156
10
51.562001
20
197.273327
30
0.0
0
SEQEND
0
POLYLINE
8
P00157
66
1
70
0
0
VERTEX
8
P00157
10
51.054000
20
196.596000
30
0.0
0
VERTEX
8
P00157
10
51.562001
20
195.918661
30
0.0
0
VERTEX
8
P00157
10
51.054000
20
196.596000
30
0.0
0
SEQEND
0
POLYLINE
8
P00158
66
1
70
0
0
VERTEX
8
P00158
10
51.562001
20
195.918661
30
0.0
0
VERTEX
8
P00158
10
46.566667
20
196.596000
30
0.0
0
VERTEX
8
P00158
10
51.562001
20
195.918661
30
0.0
0
SEQEND
0
POLYLINE
8
P00159
66
1
70
0
0
VERTEX
8
P00159
10
50.969332
20
197.188664
30
0.0
0
VERTEX
8
P00159
10
51.562001
20
197.188664
30
0.0
0
SEQEND
0
POLYLINE
8
P00160
66
1
70
0
0
VERTEX
8
P00160
10
50.376668
20
197.103990
30
0.0
0
VERTEX
8
P00160
10
51.477333
20
197.103990
30
0.0
0
SEQEND
0
POLYLINE
8
P00161
66
1
70
0
0
VERTEX
8
P00161
10
49.699330
20
197.019326
30
0.0
0
VERTEX
8
P00161
10
51.392664
20
197.019326
30
0.0
0
SEQEND
0
POLYLINE
8
P00162
66
1
70
0
0
VERTEX
8
P00162
10
49.106666
20
196.934663
30
0.0
0
VERTEX
8
P00162
10
51.308001
20
196.934663
30
0.0
0
SEQEND
0
POLYLINE
8
P00163
66
1
70
0
0
VERTEX
8
P00163
10
48.514002
20
196.849989
30
0.0
0
VERTEX
8
P00163
10
51.308001
20
196.849989
30
0.0
0
SEQEND
0
POLYLINE
8
P00164
66
1
70
0
0
VERTEX
8
P00164
10
47.836663
20
196.765326
30
0.0
0
VERTEX
8
P00164
10
51.223332
20
196.765326
30
0.0
0
SEQEND
0
POLYLINE
8
P00165
66
1
70
0
0
VERTEX
8
P00165
10
47.243999
20
196.680663
30
0.0
0
VERTEX
8
P00165
10
51.138664
20
196.680663
30
0.0
0
VERTEX
8
P00165
10
47.243999
20
196.680663
30
0.0
0
SEQEND
0
POLYLINE
8
P00166
66
1
70
0
0
VERTEX
8
P00166
10
46.566667
20
196.596000
30
0.0
0
VERTEX
8
P00166
10
51.054000
20
196.596000
30
0.0
0
SEQEND
0
POLYLINE
8
P00167
66
1
70
0
0
VERTEX
8
P00167
10
47.243999
20
196.511326
30
0.0
0
VERTEX
8
P00167
10
51.138664
20
196.511326
30
0.0
0
SEQEND
0
POLYLINE
8
P00168
66
1
70
0
0
VERTEX
8
P00168
10
47.836663
20
196.426662
30
0.0
0
VERTEX
8
P00168
10
51.223332
20
196.426662
30
0.0
0
SEQEND
0
POLYLINE
8
P00169
66
1
70
0
0
VERTEX
8
P00169
10
48.514002
20
196.341999
30
0.0
0
VERTEX
8
P00169
10
51.308001
20
196.341999
30
0.0
0
SEQEND
0
POLYLINE
8
P00170
66
1
70
0
0
VERTEX
8
P00170
10
49.106666
20
196.257325
30
0.0
0
VERTEX
8
P00170
10
51.308001
20
196.257325
30
0.0
0
SEQEND
0
POLYLINE
8
P00171
66
1
70
0
0
VERTEX
8
P00171
10
49.699330
20
196.172662
30
0.0
0
VERTEX
8
P00171
10
51.392664
20
196.172662
30
0.0
0
SEQEND
0
POLYLINE
8
P00172
66
1
70
0
0
VERTEX
8
P00172
10
50.376668
20
196.087999
30
0.0
0
VERTEX
8
P00172
10
51.477333
20
196.087999
30
0.0
0
SEQEND
0
POLYLINE
8
P00173
66
1
70
0
0
VERTEX
8
P00173
10
50.969332
20
196.003325
30
0.0
0
VERTEX
8
P00173
10
51.562001
20
196.003325
30
0.0
0
VERTEX
8
P00173
10
50.969332
20
196.003325
30
0.0
0
SEQEND
0
POLYLINE
8
P00174
66
1
70
0
0
VERTEX
8
P00174
10
181.101995
20
197.781328
30
0.0
0
VERTEX
8
P00174
10
181.779322
20
197.781328
30
0.0
0
SEQEND
0
POLYLINE
8
P00175
66
1
70
0
0
VERTEX
8
P00175
10
181.101995
20
197.696665
30
0.0
0
VERTEX
8
P00175
10
182.371986
20
197.696665
30
0.0
0
SEQEND
0
POLYLINE
8
P00176
66
1
70
0
0
VERTEX
8
P00176
10
181.101995
20
197.611991
30
0.0
0
VERTEX
8
P00176
10
182.964672
20
197.611991
30
0.0
0
SEQEND
0
POLYLINE
8
P00177
66
1
70
0
0
VERTEX
8
P00177
10
181.101995
20
197.527327
30
0.0
0
VERTEX
8
P00177
10
183.557336
20
197.527327
30
0.0
0
SEQEND
0
POLYLINE
8
P00178
66
1
70
0
0
VERTEX
8
P00178
10
181.101995
20
197.442664
30
0.0
0
VERTEX
8
P00178
10
184.150000
20
197.442664
30
0.0
0
SEQEND
0
POLYLINE
8
P00179
66
1
70
0
0
VERTEX
8
P00179
10
181.101995
20
197.357990
30
0.0
0
VERTEX
8
P00179
10
184.742664
20
197.357990
30
0.0
0
SEQEND
0
POLYLINE
8
P00180
66
1
70
0
0
VERTEX
8
P00180
10
181.101995
20
197.273327
30
0.0
0
VERTEX
8
P00180
10
184.996654
20
197.273327
30
0.0
0
SEQEND
0
POLYLINE
8
P00181
66
1
70
0
0
VERTEX
8
P00181
10
181.101995
20
197.188664
30
0.0
0
VERTEX
8
P00181
10
185.166002
20
197.188664
30
0.0
0
SEQEND
0
POLYLINE
8
P00182
66
1
70
0
0
VERTEX
8
P00182
10
181.101995
20
197.103990
30
0.0
0
VERTEX
8
P00182
10
185.419991
20
197.103990
30
0.0
0
SEQEND
0
POLYLINE
8
P00183
66
1
70
0
0
VERTEX
8
P00183
10
181.101995
20
197.019326
30
0.0
0
VERTEX
8
P00183
10
185.589339
20
197.019326
30
0.0
0
SEQEND
0
POLYLINE
8
P00184
66
1
70
0
0
VERTEX
8
P00184
10
181.101995
20
196.934663
30
0.0
0
VERTEX
8
P00184
10
185.843329
20
196.934663
30
0.0
0
SEQEND
0
POLYLINE
8
P00185
66
1
70
0
0
VERTEX
8
P00185
10
181.101995
20
196.849989
30
0.0
0
VERTEX
8
P00185
10
186.012655
20
196.849989
30
0.0
0
SEQEND
0
POLYLINE
8
P00186
66
1
70
0
0
VERTEX
8
P00186
10
181.101995
20
196.765326
30
0.0
0
VERTEX
8
P00186
10
186.266667
20
196.765326
30
0.0
0
SEQEND
0
POLYLINE
8
P00187
66
1
70
0
0
VERTEX
8
P00187
10
181.101995
20
196.680663
30
0.0
0
VERTEX
8
P00187
10
186.435993
20
196.680663
30
0.0
0
SEQEND
0
POLYLINE
8
P00188
66
1
70
0
0
VERTEX
8
P00188
10
181.101995
20
196.596000
30
0.0
0
VERTEX
8
P00188
10
186.605320
20
196.596000
30
0.0
0
SEQEND
0
POLYLINE
8
P00189
66
1
70
0
0
VERTEX
8
P00189
10
181.101995
20
196.511326
30
0.0
0
VERTEX
8
P00189
10
186.435993
20
196.511326
30
0.0
0
SEQEND
0
POLYLINE
8
P00190
66
1
70
0
0
VERTEX
8
P00190
10
181.101995
20
196.426662
30
0.0
0
VERTEX
8
P00190
10
186.266667
20
196.426662
30
0.0
0
SEQEND
0
POLYLINE
8
P00191
66
1
70
0
0
VERTEX
8
P00191
10
181.101995
20
196.341999
30
0.0
0
VERTEX
8
P00191
10
186.012655
20
196.341999
30
0.0
0
SEQEND
0
POLYLINE
8
P00192
66
1
70
0
0
VERTEX
8
P00192
10
181.101995
20
196.257325
30
0.0
0
VERTEX
8
P00192
10
185.843329
20
196.257325
30
0.0
0
SEQEND
0
POLYLINE
8
P00193
66
1
70
0
0
VERTEX
8
P00193
10
181.101995
20
196.172662
30
0.0
0
VERTEX
8
P00193
10
185.589339
20
196.172662
30
0.0
0
SEQEND
0
POLYLINE
8
P00194
66
1
70
0
0
VERTEX
8
P00194
10
181.101995
20
196.087999
30
0.0
0
VERTEX
8
P00194
10
185.419991
20
196.087999
30
0.0
0
SEQEND
0
POLYLINE
8
P00195
66
1
70
0
0
VERTEX
8
P00195
10
181.101995
20
196.003325
30
0.0
0
VERTEX
8
P00195
10
185.166002
20
196.003325
30
0.0
0
SEQEND
0
POLYLINE
8
P00196
66
1
70
0
0
VERTEX
8
P00196
10
181.101995
20
195.918661
30
0.0
0
VERTEX
8
P00196
10
184.996654
20
195.918661
30
0.0
0
SEQEND
0
POLYLINE
8
P00197
66
1
70
0
0
VERTEX
8
P00197
10
181.101995
20
195.833998
30
0.0
0
VERTEX
8
P00197
10
184.742664
20
195.833998
30
0.0
0
SEQEND
0
POLYLINE
8
P00198
66
1
70
0
0
VERTEX
8
P00198
10
181.101995
20
195.749324
30
0.0
0
VERTEX
8
P00198
10
184.065337
20
195.749324
30
0.0
0
SEQEND
0
POLYLINE
8
P00199
66
1
70
0
0
VERTEX
8
P00199
10
181.101995
20
195.664661
30
0.0
0
VERTEX
8
P00199
10
183.303325
20
195.664661
30
0.0
0
SEQEND
0
POLYLINE
8
P00200
66
1
70
0
0
VERTEX
8
P00200
10
181.101995
20
195.579998
30
0.0
0
VERTEX
8
P00200
10
182.625997
20
195.579998
30
0.0
0
SEQEND
0
POLYLINE
8
P00201
66
1
70
0
0
VERTEX
8
P00201
10
181.101995
20
195.495324
30
0.0
0
VERTEX
8
P00201
10
181.863985
20
195.495324
30
0.0
0
VERTEX
8
P00201
10
181.101995
20
195.495324
30
0.0
0
SEQEND
0
POLYLINE
8
P00202
66
1
70
0
0
VERTEX
8
P00202
10
186.605320
20
196.596000
30
0.0
0
VERTEX
8
P00202
10
181.525332
20
195.918661
30
0.0
0
VERTEX
8
P00202
10
186.605320
20
196.596000
30
0.0
0
SEQEND
0
POLYLINE
8
P00203
66
1
70
0
0
VERTEX
8
P00203
10
181.525332
20
195.918661
30
0.0
0
VERTEX
8
P00203
10
182.033333
20
196.596000
30
0.0
0
VERTEX
8
P00203
10
181.525332
20
195.918661
30
0.0
0
SEQEND
0
POLYLINE
8
P00204
66
1
70
0
0
VERTEX
8
P00204
10
182.033333
20
196.596000
30
0.0
0
VERTEX
8
P00204
10
181.525332
20
197.273327
30
0.0
0
VERTEX
8
P00204
10
182.033333
20
196.596000
30
0.0
0
SEQEND
0
POLYLINE
8
P00205
66
1
70
0
0
VERTEX
8
P00205
10
181.525332
20
197.273327
30
0.0
0
VERTEX
8
P00205
10
186.605320
20
196.596000
30
0.0
0
VERTEX
8
P00205
10
181.525332
20
197.273327
30
0.0
0
SEQEND
0
POLYLINE
8
P00206
66
1
70
0
0
VERTEX
8
P00206
10
182.033333
20
196.596000
30
0.0
0
VERTEX
8
P00206
10
186.605320
20
196.596000
30
0.0
0
SEQEND
0
POLYLINE
8
P00207
66
1
70
0
0
VERTEX
8
P00207
10
182.033333
20
196.511326
30
0.0
0
VERTEX
8
P00207
10
186.012655
20
196.511326
30
0.0
0
SEQEND
0
POLYLINE
8
P00208
66
1
70
0
0
VERTEX
8
P00208
10
181.948670
20
196.426662
30
0.0
0
VERTEX
8
P00208
10
185.335328
20
196.426662
30
0.0
0
SEQEND
0
POLYLINE
8
P00209
66
1
70
0
0
VERTEX
8
P00209
10
181.863985
20
196.341999
30
0.0
0
VERTEX
8
P00209
10
184.742664
20
196.341999
30
0.0
0
SEQEND
0
POLYLINE
8
P00210
66
1
70
0
0
VERTEX
8
P00210
10
181.779322
20
196.257325
30
0.0
0
VERTEX
8
P00210
10
184.065337
20
196.257325
30
0.0
0
SEQEND
0
POLYLINE
8
P00211
66
1
70
0
0
VERTEX
8
P00211
10
181.779322
20
196.172662
30
0.0
0
VERTEX
8
P00211
10
183.472673
20
196.172662
30
0.0
0
SEQEND
0
POLYLINE
8
P00212
66
1
70
0
0
VERTEX
8
P00212
10
181.694659
20
196.087999
30
0.0
0
VERTEX
8
P00212
10
182.795324
20
196.087999
30
0.0
0
SEQEND
0
POLYLINE
8
P00213
66
1
70
0
0
VERTEX
8
P00213
10
181.609996
20
196.003325
30
0.0
0
VERTEX
8
P00213
10
182.202660
20
196.003325
30
0.0
0
VERTEX
8
P00213
10
181.609996
20
196.003325
30
0.0
0
SEQEND
0
POLYLINE
8
P00214
66
1
70
0
0
VERTEX
8
P00214
10
181.609996
20
197.188664
30
0.0
0
VERTEX
8
P00214
10
182.202660
20
197.188664
30
0.0
0
SEQEND
0
POLYLINE
8
P00215
66
1
70
0
0
VERTEX
8
P00215
10
181.694659
20
197.103990
30
0.0
0
VERTEX
8
P00215
10
182.795324
20
197.103990
30
0.0
0
SEQEND
0
POLYLINE
8
P00216
66
1
70
0
0
VERTEX
8
P00216
10
181.779322
20
197.019326
30
0.0
0
VERTEX
8
P00216
10
183.472673
20
197.019326
30
0.0
0
SEQEND
0
POLYLINE
8
P00217
66
1
70
0
0
VERTEX
8
P00217
10
181.779322
20
196.934663
30
0.0
0
VERTEX
8
P00217
10
184.065337
20
196.934663
30
0.0
0
SEQEND
0
POLYLINE
8
P00218
66
1
70
0
0
VERTEX
8
P00218
10
181.863985
20
196.849989
30
0.0
0
VERTEX
8
P00218
10
184.742664
20
196.849989
30
0.0
0
SEQEND
0
POLYLINE
8
P00219
66
1
70
0
0
VERTEX
8
P00219
10
181.948670
20
196.765326
30
0.0
0
VERTEX
8
P00219
10
185.335328
20
196.765326
30
0.0
0
SEQEND
0
POLYLINE
8
P00220
66
1
70
0
0
VERTEX
8
P00220
10
182.033333
20
196.680663
30
0.0
0
VERTEX
8
P00220
10
186.012655
20
196.680663
30
0.0
0
VERTEX
8
P00220
10
182.033333
20
196.680663
30
0.0
0
SEQEND
0
POLYLINE
8
P00221
66
1
70
0
0
VERTEX
8
P00221
10
46.566667
20
196.596000
30
0.0
0
VERTEX
8
P00221
10
186.605320
20
196.596000
30
0.0
0
VERTEX
8
P00221
10
46.566667
20
196.596000
30
0.0
0
SEQEND
0
POLYLINE
8
P00222
66
1
70
0
0
VERTEX
8
P00222
10
52.662666
20
243.416661
30
0.0
0
VERTEX
8
P00222
10
52.747335
20
243.416661
30
0.0
0
SEQEND
0
POLYLINE
8
P00223
66
1
70
0
0
VERTEX
8
P00223
10
52.662666
20
243.331993
30
0.0
0
VERTEX
8
P00223
10
52.916667
20
243.331993
30
0.0
0
SEQEND
0
POLYLINE
8
P00224
66
1
70
0
0
VERTEX
8
P00224
10
52.662666
20
243.247329
30
0.0
0
VERTEX
8
P00224
10
53.085998
20
243.247329
30
0.0
0
SEQEND
0
POLYLINE
8
P00225
66
1
70
0
0
VERTEX
8
P00225
10
52.662666
20
243.162661
30
0.0
0
VERTEX
8
P00225
10
53.170667
20
243.162661
30
0.0
0
SEQEND
0
POLYLINE
8
P00226
66
1
70
0
0
VERTEX
8
P00226
10
52.747335
20
243.077992
30
0.0
0
VERTEX
8
P00226
10
53.339999
20
243.077992
30
0.0
0
SEQEND
0
POLYLINE
8
P00227
66
1
70
0
0
VERTEX
8
P00227
10
52.747335
20
242.993329
30
0.0
0
VERTEX
8
P00227
10
53.509331
20
242.993329
30
0.0
0
SEQEND
0
POLYLINE
8
P00228
66
1
70
0
0
VERTEX
8
P00228
10
52.747335
20
242.908660
30
0.0
0
VERTEX
8
P00228
10
53.678668
20
242.908660
30
0.0
0
SEQEND
0
POLYLINE
8
P00229
66
1
70
0
0
VERTEX
8
P00229
10
52.747335
20
242.823992
30
0.0
0
VERTEX
8
P00229
10
53.763331
20
242.823992
30
0.0
0
SEQEND
0
POLYLINE
8
P00230
66
1
70
0
0
VERTEX
8
P00230
10
52.831998
20
242.739329
30
0.0
0
VERTEX
8
P00230
10
53.932663
20
242.739329
30
0.0
0
SEQEND
0
POLYLINE
8
P00231
66
1
70
0
0
VERTEX
8
P00231
10
52.831998
20
242.654660
30
0.0
0
VERTEX
8
P00231
10
54.102000
20
242.654660
30
0.0
0
SEQEND
0
POLYLINE
8
P00232
66
1
70
0
0
VERTEX
8
P00232
10
52.831998
20
242.569991
30
0.0
0
VERTEX
8
P00232
10
54.186663
20
242.569991
30
0.0
0
SEQEND
0
POLYLINE
8
P00233
66
1
70
0
0
VERTEX
8
P00233
10
52.831998
20
242.485328
30
0.0
0
VERTEX
8
P00233
10
54.271332
20
242.485328
30
0.0
0
SEQEND
0
POLYLINE
8
P00234
66
1
70
0
0
VERTEX
8
P00234
10
52.831998
20
242.400660
30
0.0
0
VERTEX
8
P00234
10
54.356001
20
242.400660
30
0.0
0
SEQEND
0
POLYLINE
8
P00235
66
1
70
0
0
VERTEX
8
P00235
10
52.916667
20
242.315991
30
0.0
0
VERTEX
8
P00235
10
54.440664
20
242.315991
30
0.0
0
SEQEND
0
POLYLINE
8
P00236
66
1
70
0
0
VERTEX
8
P00236
10
52.916667
20
242.231328
30
0.0
0
VERTEX
8
P00236
10
54.525332
20
242.231328
30
0.0
0
SEQEND
0
POLYLINE
8
P00237
66
1
70
0
0
VERTEX
8
P00237
10
52.916667
20
242.146659
30
0.0
0
VERTEX
8
P00237
10
54.610001
20
242.146659
30
0.0
0
SEQEND
0
POLYLINE
8
P00238
66
1
70
0
0
VERTEX
8
P00238
10
52.916667
20
242.061996
30
0.0
0
VERTEX
8
P00238
10
54.694664
20
242.061996
30
0.0
0
SEQEND
0
POLYLINE
8
P00239
66
1
70
0
0
VERTEX
8
P00239
10
53.001330
20
241.977327
30
0.0
0
VERTEX
8
P00239
10
54.779333
20
241.977327
30
0.0
0
SEQEND
0
POLYLINE
8
P00240
66
1
70
0
0
VERTEX
8
P00240
10
53.001330
20
241.892659
30
0.0
0
VERTEX
8
P00240
10
54.863996
20
241.892659
30
0.0
0
SEQEND
0
POLYLINE
8
P00241
66
1
70
0
0
VERTEX
8
P00241
10
53.001330
20
241.807995
30
0.0
0
VERTEX
8
P00241
10
54.948665
20
241.807995
30
0.0
0
SEQEND
0
POLYLINE
8
P00242
66
1
70
0
0
VERTEX
8
P00242
10
53.001330
20
241.723327
30
0.0
0
VERTEX
8
P00242
10
55.033333
20
241.723327
30
0.0
0
SEQEND
0
POLYLINE
8
P00243
66
1
70
0
0
VERTEX
8
P00243
10
53.001330
20
241.638658
30
0.0
0
VERTEX
8
P00243
10
55.117997
20
241.638658
30
0.0
0
SEQEND
0
POLYLINE
8
P00244
66
1
70
0
0
VERTEX
8
P00244
10
53.085998
20
241.553995
30
0.0
0
VERTEX
8
P00244
10
55.202665
20
241.553995
30
0.0
0
SEQEND
0
POLYLINE
8
P00245
66
1
70
0
0
VERTEX
8
P00245
10
53.170667
20
241.469326
30
0.0
0
VERTEX
8
P00245
10
55.287334
20
241.469326
30
0.0
0
SEQEND
0
POLYLINE
8
P00246
66
1
70
0
0
VERTEX
8
P00246
10
53.170667
20
241.384658
30
0.0
0
VERTEX
8
P00246
10
55.371997
20
241.384658
30
0.0
0
SEQEND
0
POLYLINE
8
P00247
66
1
70
0
0
VERTEX
8
P00247
10
53.255330
20
241.299995
30
0.0
0
VERTEX
8
P00247
10
55.456666
20
241.299995
30
0.0
0
SEQEND
0
POLYLINE
8
P00248
66
1
70
0
0
VERTEX
8
P00248
10
53.255330
20
241.215326
30
0.0
0
VERTEX
8
P00248
10
55.541334
20
241.215326
30
0.0
0
SEQEND
0
POLYLINE
8
P00249
66
1
70
0
0
VERTEX
8
P00249
10
53.339999
20
241.130663
30
0.0
0
VERTEX
8
P00249
10
55.625997
20
241.130663
30
0.0
0
SEQEND
0
POLYLINE
8
P00250
66
1
70
0
0
VERTEX
8
P00250
10
53.424668
20
241.045994
30
0.0
0
VERTEX
8
P00250
10
55.710666
20
241.045994
30
0.0
0
SEQEND
0
POLYLINE
8
P00251
66
1
70
0
0
VERTEX
8
P00251
10
53.424668
20
240.961326
30
0.0
0
VERTEX
8
P00251
10
55.795335
20
240.961326
30
0.0
0
SEQEND
0
POLYLINE
8
P00252
66
1
70
0
0
VERTEX
8
P00252
10
53.509331
20
240.876662
30
0.0
0
VERTEX
8
P00252
10
55.879998
20
240.876662
30
0.0
0
SEQEND
0
POLYLINE
8
P00253
66
1
70
0
0
VERTEX
8
P00253
10
53.509331
20
240.791994
30
0.0
0
VERTEX
8
P00253
10
55.964666
20
240.791994
30
0.0
0
SEQEND
0
POLYLINE
8
P00254
66
1
70
0
0
VERTEX
8
P00254
10
53.593999
20
240.707325
30
0.0
0
VERTEX
8
P00254
10
56.049330
20
240.707325
30
0.0
0
SEQEND
0
POLYLINE
8
P00255
66
1
70
0
0
VERTEX
8
P00255
10
53.593999
20
240.622662
30
0.0
0
VERTEX
8
P00255
10
56.133998
20
240.622662
30
0.0
0
SEQEND
0
POLYLINE
8
P00256
66
1
70
0
0
VERTEX
8
P00256
10
53.678668
20
240.537993
30
0.0
0
VERTEX
8
P00256
10
56.218667
20
240.537993
30
0.0
0
SEQEND
0
POLYLINE
8
P00257
66
1
70
0
0
VERTEX
8
P00257
10
53.763331
20
240.453325
30
0.0
0
VERTEX
8
P00257
10
56.303330
20
240.453325
30
0.0
0
SEQEND
0
POLYLINE
8
P00258
66
1
70
0
0
VERTEX
8
P00258
10
53.763331
20
240.368661
30
0.0
0
VERTEX
8
P00258
10
56.387999
20
240.368661
30
0.0
0
SEQEND
0
POLYLINE
8
P00259
66
1
70
0
0
VERTEX
8
P00259
10
53.848000
20
240.283993
30
0.0
0
VERTEX
8
P00259
10
56.472667
20
240.283993
30
0.0
0
SEQEND
0
POLYLINE
8
P00260
66
1
70
0
0
VERTEX
8
P00260
10
53.848000
20
240.199324
30
0.0
0
VERTEX
8
P00260
10
56.557331
20
240.199324
30
0.0
0
SEQEND
0
POLYLINE
8
P00261
66
1
70
0
0
VERTEX
8
P00261
10
53.932663
20
240.114661
30
0.0
0
VERTEX
8
P00261
10
56.641999
20
240.114661
30
0.0
0
SEQEND
0
POLYLINE
8
P00262
66
1
70
0
0
VERTEX
8
P00262
10
53.932663
20
240.029992
30
0.0
0
VERTEX
8
P00262
10
56.726668
20
240.029992
30
0.0
0
SEQEND
0
POLYLINE
8
P00263
66
1
70
0
0
VERTEX
8
P00263
10
54.017332
20
239.945329
30
0.0
0
VERTEX
8
P00263
10
56.811331
20
239.945329
30
0.0
0
SEQEND
0
POLYLINE
8
P00264
66
1
70
0
0
VERTEX
8
P00264
10
54.102000
20
239.860661
30
0.0
0
VERTEX
8
P00264
10
56.811331
20
239.860661
30
0.0
0
SEQEND
0
POLYLINE
8
P00265
66
1
70
0
0
VERTEX
8
P00265
10
54.102000
20
239.775992
30
0.0
0
VERTEX
8
P00265
10
56.726668
20
239.775992
30
0.0
0
SEQEND
0
POLYLINE
8
P00266
66
1
70
0
0
VERTEX
8
P00266
10
54.186663
20
239.691329
30
0.0
0
VERTEX
8
P00266
10
56.641999
20
239.691329
30
0.0
0
SEQEND
0
POLYLINE
8
P00267
66
1
70
0
0
VERTEX
8
P00267
10
54.186663
20
239.606660
30
0.0
0
VERTEX
8
P00267
10
56.557331
20
239.606660
30
0.0
0
SEQEND
0
POLYLINE
8
P00268
66
1
70
0
0
VERTEX
8
P00268
10
54.271332
20
239.521992
30
0.0
0
VERTEX
8
P00268
10
56.472667
20
239.521992
30
0.0
0
SEQEND
0
POLYLINE
8
P00269
66
1
70
0
0
VERTEX
8
P00269
10
54.356001
20
239.437328
30
0.0
0
VERTEX
8
P00269
10
56.303330
20
239.437328
30
0.0
0
SEQEND
0
POLYLINE
8
P00270
66
1
70
0
0
VERTEX
8
P00270
10
54.356001
20
239.352660
30
0.0
0
VERTEX
8
P00270
10
56.218667
20
239.352660
30
0.0
0
SEQEND
0
POLYLINE
8
P00271
66
1
70
0
0
VERTEX
8
P00271
10
54.440664
20
239.267991
30
0.0
0
VERTEX
8
P00271
10
56.133998
20
239.267991
30
0.0
0
SEQEND
0
POLYLINE
8
P00272
66
1
70
0
0
VERTEX
8
P00272
10
54.440664
20
239.183328
30
0.0
0
VERTEX
8
P00272
10
56.049330
20
239.183328
30
0.0
0
SEQEND
0
POLYLINE
8
P00273
66
1
70
0
0
VERTEX
8
P00273
10
54.525332
20
239.098659
30
0.0
0
VERTEX
8
P00273
10
55.879998
20
239.098659
30
0.0
0
SEQEND
0
POLYLINE
8
P00274
66
1
70
0
0
VERTEX
8
P00274
10
54.525332
20
239.013996
30
0.0
0
VERTEX
8
P00274
10
55.795335
20
239.013996
30
0.0
0
SEQEND
0
POLYLINE
8
P00275
66
1
70
0
0
VERTEX
8
P00275
10
54.610001
20
238.929328
30
0.0
0
VERTEX
8
P00275
10
55.625997
20
238.929328
30
0.0
0
SEQEND
0
POLYLINE
8
P00276
66
1
70
0
0
VERTEX
8
P00276
10
54.694664
20
238.844659
30
0.0
0
VERTEX
8
P00276
10
55.541334
20
238.844659
30
0.0
0
SEQEND
0
POLYLINE
8
P00277
66
1
70
0
0
VERTEX
8
P00277
10
54.694664
20
238.759996
30
0.0
0
VERTEX
8
P00277
10
55.371997
20
238.759996
30
0.0
0
SEQEND
0
POLYLINE
8
P00278
66
1
70
0
0
VERTEX
8
P00278
10
54.779333
20
238.675327
30
0.0
0
VERTEX
8
P00278
10
55.287334
20
238.675327
30
0.0
0
SEQEND
0
POLYLINE
8
P00279
66
1
70
0
0
VERTEX
8
P00279
10
54.779333
20
238.590658
30
0.0
0
VERTEX
8
P00279
10
55.117997
20
238.590658
30
0.0
0
SEQEND
0
POLYLINE
8
P00280
66
1
70
0
0
VERTEX
8
P00280
10
54.863996
20
238.505995
30
0.0
0
VERTEX
8
P00280
10
55.033333
20
238.505995
30
0.0
0
VERTEX
8
P00280
10
54.863996
20
238.505995
30
0.0
0
SEQEND
0
POLYLINE
8
P00281
66
1
70
0
0
VERTEX
8
P00281
10
52.577998
20
243.501325
30
0.0
0
VERTEX
8
P00281
10
56.049330
20
239.945329
30
0.0
0
VERTEX
8
P00281
10
52.577998
20
243.501325
30
0.0
0
SEQEND
0
POLYLINE
8
P00282
66
1
70
0
0
VERTEX
8
P00282
10
56.049330
20
239.945329
30
0.0
0
VERTEX
8
P00282
10
55.287334
20
239.945329
30
0.0
0
VERTEX
8
P00282
10
56.049330
20
239.945329
30
0.0
0
SEQEND
0
POLYLINE
8
P00283
66
1
70
0
0
VERTEX
8
P00283
10
55.287334
20
239.945329
30
0.0
0
VERTEX
8
P00283
10
55.033333
20
239.098659
30
0.0
0
VERTEX
8
P00283
10
55.287334
20
239.945329
30
0.0
0
SEQEND
0
POLYLINE
8
P00284
66
1
70
0
0
VERTEX
8
P00284
10
55.033333
20
239.098659
30
0.0
0
VERTEX
8
P00284
10
52.577998
20
243.501325
30
0.0
0
VERTEX
8
P00284
10
55.033333
20
239.098659
30
0.0
0
SEQEND
0
POLYLINE
8
P00285
66
1
70
0
0
VERTEX
8
P00285
10
52.916667
20
243.077992
30
0.0
0
VERTEX
8
P00285
10
53.001330
20
243.077992
30
0.0
0
VERTEX
8
P00285
10
53.085998
20
242.993329
30
0.0
0
VERTEX
8
P00285
10
53.170667
20
242.908660
30
0.0
0
VERTEX
8
P00285
10
53.255330
20
242.823992
30
0.0
0
SEQEND
0
POLYLINE
8
P00286
66
1
70
0
0
VERTEX
8
P00286
10
53.170667
20
242.739329
30
0.0
0
VERTEX
8
P00286
10
53.339999
20
242.739329
30
0.0
0
SEQEND
0
POLYLINE
8
P00287
66
1
70
0
0
VERTEX
8
P00287
10
53.255330
20
242.654660
30
0.0
0
VERTEX
8
P00287
10
53.424668
20
242.654660
30
0.0
0
SEQEND
0
POLYLINE
8
P00288
66
1
70
0
0
VERTEX
8
P00288
10
53.339999
20
242.569991
30
0.0
0
VERTEX
8
P00288
10
53.509331
20
242.569991
30
0.0
0
SEQEND
0
POLYLINE
8
P00289
66
1
70
0
0
VERTEX
8
P00289
10
53.424668
20
242.485328
30
0.0
0
VERTEX
8
P00289
10
53.593999
20
242.485328
30
0.0
0
SEQEND
0
POLYLINE
8
P00290
66
1
70
0
0
VERTEX
8
P00290
10
53.424668
20
242.400660
30
0.0
0
VERTEX
8
P00290
10
53.678668
20
242.400660
30
0.0
0
SEQEND
0
POLYLINE
8
P00291
66
1
70
0
0
VERTEX
8
P00291
10
53.509331
20
242.315991
30
0.0
0
VERTEX
8
P00291
10
53.763331
20
242.315991
30
0.0
0
SEQEND
0
POLYLINE
8
P00292
66
1
70
0
0
VERTEX
8
P00292
10
53.593999
20
242.231328
30
0.0
0
VERTEX
8
P00292
10
53.848000
20
242.231328
30
0.0
0
SEQEND
0
POLYLINE
8
P00293
66
1
70
0
0
VERTEX
8
P00293
10
53.678668
20
242.146659
30
0.0
0
VERTEX
8
P00293
10
53.932663
20
242.146659
30
0.0
0
SEQEND
0
POLYLINE
8
P00294
66
1
70
0
0
VERTEX
8
P00294
10
53.678668
20
242.061996
30
0.0
0
VERTEX
8
P00294
10
54.017332
20
242.061996
30
0.0
0
SEQEND
0
POLYLINE
8
P00295
66
1
70
0
0
VERTEX
8
P00295
10
53.763331
20
241.977327
30
0.0
0
VERTEX
8
P00295
10
54.102000
20
241.977327
30
0.0
0
SEQEND
0
POLYLINE
8
P00296
66
1
70
0
0
VERTEX
8
P00296
10
53.848000
20
241.892659
30
0.0
0
VERTEX
8
P00296
10
54.186663
20
241.892659
30
0.0
0
SEQEND
0
POLYLINE
8
P00297
66
1
70
0
0
VERTEX
8
P00297
10
53.932663
20
241.807995
30
0.0
0
VERTEX
8
P00297
10
54.271332
20
241.807995
30
0.0
0
SEQEND
0
POLYLINE
8
P00298
66
1
70
0
0
VERTEX
8
P00298
10
53.932663
20
241.723327
30
0.0
0
VERTEX
8
P00298
10
54.356001
20
241.723327
30
0.0
0
SEQEND
0
POLYLINE
8
P00299
66
1
70
0
0
VERTEX
8
P00299
10
54.017332
20
241.638658
30
0.0
0
VERTEX
8
P00299
10
54.440664
20
241.638658
30
0.0
0
SEQEND
0
POLYLINE
8
P00300
66
1
70
0
0
VERTEX
8
P00300
10
54.102000
20
241.553995
30
0.0
0
VERTEX
8
P00300
10
54.525332
20
241.553995
30
0.0
0
SEQEND
0
POLYLINE
8
P00301
66
1
70
0
0
VERTEX
8
P00301
10
54.186663
20
241.469326
30
0.0
0
VERTEX
8
P00301
10
54.610001
20
241.469326
30
0.0
0
SEQEND
0
POLYLINE
8
P00302
66
1
70
0
0
VERTEX
8
P00302
10
54.271332
20
241.384658
30
0.0
0
VERTEX
8
P00302
10
54.694664
20
241.384658
30
0.0
0
SEQEND
0
POLYLINE
8
P00303
66
1
70
0
0
VERTEX
8
P00303
10
54.271332
20
241.299995
30
0.0
0
VERTEX
8
P00303
10
54.779333
20
241.299995
30
0.0
0
SEQEND
0
POLYLINE
8
P00304
66
1
70
0
0
VERTEX
8
P00304
10
54.356001
20
241.215326
30
0.0
0
VERTEX
8
P00304
10
54.863996
20
241.215326
30
0.0
0
SEQEND
0
POLYLINE
8
P00305
66
1
70
0
0
VERTEX
8
P00305
10
54.440664
20
241.130663
30
0.0
0
VERTEX
8
P00305
10
54.948665
20
241.130663
30
0.0
0
SEQEND
0
POLYLINE
8
P00306
66
1
70
0
0
VERTEX
8
P00306
10
54.525332
20
241.045994
30
0.0
0
VERTEX
8
P00306
10
55.033333
20
241.045994
30
0.0
0
SEQEND
0
POLYLINE
8
P00307
66
1
70
0
0
VERTEX
8
P00307
10
54.525332
20
240.961326
30
0.0
0
VERTEX
8
P00307
10
55.117997
20
240.961326
30
0.0
0
SEQEND
0
POLYLINE
8
P00308
66
1
70
0
0
VERTEX
8
P00308
10
54.610001
20
240.876662
30
0.0
0
VERTEX
8
P00308
10
55.202665
20
240.876662
30
0.0
0
SEQEND
0
POLYLINE
8
P00309
66
1
70
0
0
VERTEX
8
P00309
10
54.694664
20
240.791994
30
0.0
0
VERTEX
8
P00309
10
55.287334
20
240.791994
30
0.0
0
SEQEND
0
POLYLINE
8
P00310
66
1
70
0
0
VERTEX
8
P00310
10
54.779333
20
240.707325
30
0.0
0
VERTEX
8
P00310
10
55.371997
20
240.707325
30
0.0
0
SEQEND
0
POLYLINE
8
P00311
66
1
70
0
0
VERTEX
8
P00311
10
54.779333
20
240.622662
30
0.0
0
VERTEX
8
P00311
10
55.456666
20
240.622662
30
0.0
0
SEQEND
0
POLYLINE
8
P00312
66
1
70
0
0
VERTEX
8
P00312
10
54.863996
20
240.537993
30
0.0
0
VERTEX
8
P00312
10
55.541334
20
240.537993
30
0.0
0
SEQEND
0
POLYLINE
8
P00313
66
1
70
0
0
VERTEX
8
P00313
10
54.948665
20
240.453325
30
0.0
0
VERTEX
8
P00313
10
55.625997
20
240.453325
30
0.0
0
SEQEND
0
POLYLINE
8
P00314
66
1
70
0
0
VERTEX
8
P00314
10
55.033333
20
240.368661
30
0.0
0
VERTEX
8
P00314
10
55.710666
20
240.368661
30
0.0
0
SEQEND
0
POLYLINE
8
P00315
66
1
70
0
0
VERTEX
8
P00315
10
55.033333
20
240.283993
30
0.0
0
VERTEX
8
P00315
10
55.795335
20
240.283993
30
0.0
0
SEQEND
0
POLYLINE
8
P00316
66
1
70
0
0
VERTEX
8
P00316
10
55.117997
20
240.199324
30
0.0
0
VERTEX
8
P00316
10
55.879998
20
240.199324
30
0.0
0
SEQEND
0
POLYLINE
8
P00317
66
1
70
0
0
VERTEX
8
P00317
10
55.202665
20
240.114661
30
0.0
0
VERTEX
8
P00317
10
55.964666
20
240.114661
30
0.0
0
SEQEND
0
POLYLINE
8
P00318
66
1
70
0
0
VERTEX
8
P00318
10
55.287334
20
240.029992
30
0.0
0
VERTEX
8
P00318
10
56.049330
20
240.029992
30
0.0
0
VERTEX
8
P00318
10
55.287334
20
240.029992
30
0.0
0
SEQEND
0
POLYLINE
8
P00319
66
1
70
0
0
VERTEX
8
P00319
10
52.747335
20
243.247329
30
0.0
0
VERTEX
8
P00319
10
52.831998
20
243.247329
30
0.0
0
VERTEX
8
P00319
10
52.916667
20
243.162661
30
0.0
0
SEQEND
0
POLYLINE
8
P00320
66
1
70
0
0
VERTEX
8
P00320
10
52.831998
20
243.077992
30
0.0
0
VERTEX
8
P00320
10
52.916667
20
243.077992
30
0.0
0
VERTEX
8
P00320
10
53.001330
20
242.993329
30
0.0
0
SEQEND
0
POLYLINE
8
P00321
66
1
70
0
0
VERTEX
8
P00321
10
52.916667
20
242.908660
30
0.0
0
VERTEX
8
P00321
10
53.085998
20
242.908660
30
0.0
0
SEQEND
0
POLYLINE
8
P00322
66
1
70
0
0
VERTEX
8
P00322
10
53.001330
20
242.823992
30
0.0
0
VERTEX
8
P00322
10
53.170667
20
242.823992
30
0.0
0
SEQEND
0
POLYLINE
8
P00323
66
1
70
0
0
VERTEX
8
P00323
10
53.085998
20
242.739329
30
0.0
0
VERTEX
8
P00323
10
53.170667
20
242.739329
30
0.0
0
SEQEND
0
POLYLINE
8
P00324
66
1
70
0
0
VERTEX
8
P00324
10
53.085998
20
242.654660
30
0.0
0
VERTEX
8
P00324
10
53.255330
20
242.654660
30
0.0
0
SEQEND
0
POLYLINE
8
P00325
66
1
70
0
0
VERTEX
8
P00325
10
53.170667
20
242.569991
30
0.0
0
VERTEX
8
P00325
10
53.339999
20
242.569991
30
0.0
0
SEQEND
0
POLYLINE
8
P00326
66
1
70
0
0
VERTEX
8
P00326
10
53.170667
20
242.485328
30
0.0
0
VERTEX
8
P00326
10
53.424668
20
242.485328
30
0.0
0
SEQEND
0
POLYLINE
8
P00327
66
1
70
0
0
VERTEX
8
P00327
10
53.255330
20
242.400660
30
0.0
0
VERTEX
8
P00327
10
53.424668
20
242.400660
30
0.0
0
SEQEND
0
POLYLINE
8
P00328
66
1
70
0
0
VERTEX
8
P00328
10
53.255330
20
242.315991
30
0.0
0
VERTEX
8
P00328
10
53.509331
20
242.315991
30
0.0
0
SEQEND
0
POLYLINE
8
P00329
66
1
70
0
0
VERTEX
8
P00329
10
53.339999
20
242.231328
30
0.0
0
VERTEX
8
P00329
10
53.593999
20
242.231328
30
0.0
0
SEQEND
0
POLYLINE
8
P00330
66
1
70
0
0
VERTEX
8
P00330
10
53.339999
20
242.146659
30
0.0
0
VERTEX
8
P00330
10
53.678668
20
242.146659
30
0.0
0
SEQEND
0
POLYLINE
8
P00331
66
1
70
0
0
VERTEX
8
P00331
10
53.424668
20
242.061996
30
0.0
0
VERTEX
8
P00331
10
53.678668
20
242.061996
30
0.0
0
SEQEND
0
POLYLINE
8
P00332
66
1
70
0
0
VERTEX
8
P00332
10
53.509331
20
241.977327
30
0.0
0
VERTEX
8
P00332
10
53.763331
20
241.977327
30
0.0
0
SEQEND
0
POLYLINE
8
P00333
66
1
70
0
0
VERTEX
8
P00333
10
53.509331
20
241.892659
30
0.0
0
VERTEX
8
P00333
10
53.848000
20
241.892659
30
0.0
0
SEQEND
0
POLYLINE
8
P00334
66
1
70
0
0
VERTEX
8
P00334
10
53.593999
20
241.807995
30
0.0
0
VERTEX
8
P00334
10
53.932663
20
241.807995
30
0.0
0
SEQEND
0
POLYLINE
8
P00335
66
1
70
0
0
VERTEX
8
P00335
10
53.593999
20
241.723327
30
0.0
0
VERTEX
8
P00335
10
53.932663
20
241.723327
30
0.0
0
SEQEND
0
POLYLINE
8
P00336
66
1
70
0
0
VERTEX
8
P00336
10
53.678668
20
241.638658
30
0.0
0
VERTEX
8
P00336
10
54.017332
20
241.638658
30
0.0
0
SEQEND
0
POLYLINE
8
P00337
66
1
70
0
0
VERTEX
8
P00337
10
53.678668
20
241.553995
30
0.0
0
VERTEX
8
P00337
10
54.102000
20
241.553995
30
0.0
0
SEQEND
0
POLYLINE
8
P00338
66
1
70
0
0
VERTEX
8
P00338
10
53.763331
20
241.469326
30
0.0
0
VERTEX
8
P00338
10
54.186663
20
241.469326
30
0.0
0
SEQEND
0
POLYLINE
8
P00339
66
1
70
0
0
VERTEX
8
P00339
10
53.763331
20
241.384658
30
0.0
0
VERTEX
8
P00339
10
54.271332
20
241.384658
30
0.0
0
SEQEND
0
POLYLINE
8
P00340
66
1
70
0
0
VERTEX
8
P00340
10
53.848000
20
241.299995
30
0.0
0
VERTEX
8
P00340
10
54.271332
20
241.299995
30
0.0
0
SEQEND
0
POLYLINE
8
P00341
66
1
70
0
0
VERTEX
8
P00341
10
53.932663
20
241.215326
30
0.0
0
VERTEX
8
P00341
10
54.356001
20
241.215326
30
0.0
0
SEQEND
0
POLYLINE
8
P00342
66
1
70
0
0
VERTEX
8
P00342
10
53.932663
20
241.130663
30
0.0
0
VERTEX
8
P00342
10
54.440664
20
241.130663
30
0.0
0
SEQEND
0
POLYLINE
8
P00343
66
1
70
0
0
VERTEX
8
P00343
10
54.017332
20
241.045994
30
0.0
0
VERTEX
8
P00343
10
54.525332
20
241.045994
30
0.0
0
SEQEND
0
POLYLINE
8
P00344
66
1
70
0
0
VERTEX
8
P00344
10
54.017332
20
240.961326
30
0.0
0
VERTEX
8
P00344
10
54.525332
20
240.961326
30
0.0
0
SEQEND
0
POLYLINE
8
P00345
66
1
70
0
0
VERTEX
8
P00345
10
54.102000
20
240.876662
30
0.0
0
VERTEX
8
P00345
10
54.610001
20
240.876662
30
0.0
0
SEQEND
0
POLYLINE
8
P00346
66
1
70
0
0
VERTEX
8
P00346
10
54.102000
20
240.791994
30
0.0
0
VERTEX
8
P00346
10
54.694664
20
240.791994
30
0.0
0
SEQEND
0
POLYLINE
8
P00347
66
1
70
0
0
VERTEX
8
P00347
10
54.186663
20
240.707325
30
0.0
0
VERTEX
8
P00347
10
54.779333
20
240.707325
30
0.0
0
SEQEND
0
POLYLINE
8
P00348
66
1
70
0
0
VERTEX
8
P00348
10
54.186663
20
240.622662
30
0.0
0
VERTEX
8
P00348
10
54.779333
20
240.622662
30
0.0
0
SEQEND
0
POLYLINE
8
P00349
66
1
70
0
0
VERTEX
8
P00349
10
54.271332
20
240.537993
30
0.0
0
VERTEX
8
P00349
10
54.863996
20
240.537993
30
0.0
0
SEQEND
0
POLYLINE
8
P00350
66
1
70
0
0
VERTEX
8
P00350
10
54.356001
20
240.453325
30
0.0
0
VERTEX
8
P00350
10
54.948665
20
240.453325
30
0.0
0
SEQEND
0
POLYLINE
8
P00351
66
1
70
0
0
VERTEX
8
P00351
10
54.356001
20
240.368661
30
0.0
0
VERTEX
8
P00351
10
55.033333
20
240.368661
30
0.0
0
SEQEND
0
POLYLINE
8
P00352
66
1
70
0
0
VERTEX
8
P00352
10
54.440664
20
240.283993
30
0.0
0
VERTEX
8
P00352
10
55.033333
20
240.283993
30
0.0
0
SEQEND
0
POLYLINE
8
P00353
66
1
70
0
0
VERTEX
8
P00353
10
54.440664
20
240.199324
30
0.0
0
VERTEX
8
P00353
10
55.117997
20
240.199324
30
0.0
0
SEQEND
0
POLYLINE
8
P00354
66
1
70
0
0
VERTEX
8
P00354
10
54.525332
20
240.114661
30
0.0
0
VERTEX
8
P00354
10
55.202665
20
240.114661
30
0.0
0
SEQEND
0
POLYLINE
8
P00355
66
1
70
0
0
VERTEX
8
P00355
10
54.525332
20
240.029992
30
0.0
0
VERTEX
8
P00355
10
55.287334
20
240.029992
30
0.0
0
SEQEND
0
POLYLINE
8
P00356
66
1
70
0
0
VERTEX
8
P00356
10
54.610001
20
239.945329
30
0.0
0
VERTEX
8
P00356
10
55.287334
20
239.945329
30
0.0
0
SEQEND
0
POLYLINE
8
P00357
66
1
70
0
0
VERTEX
8
P00357
10
54.610001
20
239.860661
30
0.0
0
VERTEX
8
P00357
10
55.287334
20
239.860661
30
0.0
0
SEQEND
0
POLYLINE
8
P00358
66
1
70
0
0
VERTEX
8
P00358
10
54.694664
20
239.775992
30
0.0
0
VERTEX
8
P00358
10
55.287334
20
239.775992
30
0.0
0
SEQEND
0
POLYLINE
8
P00359
66
1
70
0
0
VERTEX
8
P00359
10
54.779333
20
239.691329
30
0.0
0
VERTEX
8
P00359
10
55.287334
20
239.691329
30
0.0
0
SEQEND
0
POLYLINE
8
P00360
66
1
70
0
0
VERTEX
8
P00360
10
54.779333
20
239.606660
30
0.0
0
VERTEX
8
P00360
10
55.202665
20
239.606660
30
0.0
0
SEQEND
0
POLYLINE
8
P00361
66
1
70
0
0
VERTEX
8
P00361
10
54.863996
20
239.521992
30
0.0
0
VERTEX
8
P00361
10
55.202665
20
239.521992
30
0.0
0
SEQEND
0
POLYLINE
8
P00362
66
1
70
0
0
VERTEX
8
P00362
10
54.863996
20
239.437328
30
0.0
0
VERTEX
8
P00362
10
55.202665
20
239.437328
30
0.0
0
SEQEND
0
POLYLINE
8
P00363
66
1
70
0
0
VERTEX
8
P00363
10
54.948665
20
239.352660
30
0.0
0
VERTEX
8
P00363
10
55.117997
20
239.352660
30
0.0
0
SEQEND
0
POLYLINE
8
P00364
66
1
70
0
0
VERTEX
8
P00364
10
54.948665
20
239.267991
30
0.0
0
VERTEX
8
P00364
10
55.117997
20
239.267991
30
0.0
0
SEQEND
0
POLYLINE
8
P00365
66
1
70
0
0
VERTEX
8
P00365
10
55.033333
20
239.183328
30
0.0
0
VERTEX
8
P00365
10
55.117997
20
239.183328
30
0.0
0
VERTEX
8
P00365
10
55.033333
20
239.183328
30
0.0
0
SEQEND
0
POLYLINE
8
P00366
66
1
70
0
0
VERTEX
8
P00366
10
61.552665
20
231.563326
30
0.0
0
VERTEX
8
P00366
10
52.577998
20
243.501325
30
0.0
0
VERTEX
8
P00366
10
61.552665
20
231.563326
30
0.0
0
SEQEND
0
POLYLINE
8
P00367
66
1
70
0
0
VERTEX
8
P00367
10
169.079333
20
228.853995
30
0.0
0
VERTEX
8
P00367
10
169.248659
20
228.853995
30
0.0
0
SEQEND
0
POLYLINE
8
P00368
66
1
70
0
0
VERTEX
8
P00368
10
168.909996
20
228.769326
30
0.0
0
VERTEX
8
P00368
10
169.248659
20
228.769326
30
0.0
0
SEQEND
0
POLYLINE
8
P00369
66
1
70
0
0
VERTEX
8
P00369
10
168.740658
20
228.684658
30
0.0
0
VERTEX
8
P00369
10
169.163996
20
228.684658
30
0.0
0
SEQEND
0
POLYLINE
8
P00370
66
1
70
0
0
VERTEX
8
P00370
10
168.571332
20
228.599995
30
0.0
0
VERTEX
8
P00370
10
169.163996
20
228.599995
30
0.0
0
SEQEND
0
POLYLINE
8
P00371
66
1
70
0
0
VERTEX
8
P00371
10
168.401995
20
228.515326
30
0.0
0
VERTEX
8
P00371
10
169.163996
20
228.515326
30
0.0
0
SEQEND
0
POLYLINE
8
P00372
66
1
70
0
0
VERTEX
8
P00372
10
168.232658
20
228.430663
30
0.0
0
VERTEX
8
P00372
10
169.079333
20
228.430663
30
0.0
0
SEQEND
0
POLYLINE
8
P00373
66
1
70
0
0
VERTEX
8
P00373
10
168.063331
20
228.345994
30
0.0
0
VERTEX
8
P00373
10
169.079333
20
228.345994
30
0.0
0
SEQEND
0
POLYLINE
8
P00374
66
1
70
0
0
VERTEX
8
P00374
10
167.893994
20
228.261326
30
0.0
0
VERTEX
8
P00374
10
169.079333
20
228.261326
30
0.0
0
SEQEND
0
POLYLINE
8
P00375
66
1
70
0
0
VERTEX
8
P00375
10
167.724668
20
228.176662
30
0.0
0
VERTEX
8
P00375
10
168.994659
20
228.176662
30
0.0
0
SEQEND
0
POLYLINE
8
P00376
66
1
70
0
0
VERTEX
8
P00376
10
167.470667
20
228.091994
30
0.0
0
VERTEX
8
P00376
10
168.994659
20
228.091994
30
0.0
0
SEQEND
0
POLYLINE
8
P00377
66
1
70
0
0
VERTEX
8
P00377
10
167.385993
20
228.007325
30
0.0
0
VERTEX
8
P00377
10
168.909996
20
228.007325
30
0.0
0
SEQEND
0
POLYLINE
8
P00378
66
1
70
0
0
VERTEX
8
P00378
10
167.301330
20
227.922662
30
0.0
0
VERTEX
8
P00378
10
168.909996
20
227.922662
30
0.0
0
SEQEND
0
POLYLINE
8
P00379
66
1
70
0
0
VERTEX
8
P00379
10
167.216667
20
227.837993
30
0.0
0
VERTEX
8
P00379
10
168.909996
20
227.837993
30
0.0
0
SEQEND
0
POLYLINE
8
P00380
66
1
70
0
0
VERTEX
8
P00380
10
167.131993
20
227.753325
30
0.0
0
VERTEX
8
P00380
10
168.825332
20
227.753325
30
0.0
0
SEQEND
0
POLYLINE
8
P00381
66
1
70
0
0
VERTEX
8
P00381
10
167.047329
20
227.668661
30
0.0
0
VERTEX
8
P00381
10
168.825332
20
227.668661
30
0.0
0
SEQEND
0
POLYLINE
8
P00382
66
1
70
0
0
VERTEX
8
P00382
10
166.962666
20
227.583993
30
0.0
0
VERTEX
8
P00382
10
168.825332
20
227.583993
30
0.0
0
SEQEND
0
POLYLINE
8
P00383
66
1
70
0
0
VERTEX
8
P00383
10
166.877992
20
227.499330
30
0.0
0
VERTEX
8
P00383
10
168.740658
20
227.499330
30
0.0
0
SEQEND
0
POLYLINE
8
P00384
66
1
70
0
0
VERTEX
8
P00384
10
166.708666
20
227.414661
30
0.0
0
VERTEX
8
P00384
10
168.740658
20
227.414661
30
0.0
0
SEQEND
0
POLYLINE
8
P00385
66
1
70
0
0
VERTEX
8
P00385
10
166.623992
20
227.329992
30
0.0
0
VERTEX
8
P00385
10
168.740658
20
227.329992
30
0.0
0
SEQEND
0
POLYLINE
8
P00386
66
1
70
0
0
VERTEX
8
P00386
10
166.539329
20
227.245329
30
0.0
0
VERTEX
8
P00386
10
168.655995
20
227.245329
30
0.0
0
SEQEND
0
POLYLINE
8
P00387
66
1
70
0
0
VERTEX
8
P00387
10
166.454665
20
227.160661
30
0.0
0
VERTEX
8
P00387
10
168.655995
20
227.160661
30
0.0
0
SEQEND
0
POLYLINE
8
P00388
66
1
70
0
0
VERTEX
8
P00388
10
166.369991
20
227.075992
30
0.0
0
VERTEX
8
P00388
10
168.571332
20
227.075992
30
0.0
0
SEQEND
0
POLYLINE
8
P00389
66
1
70
0
0
VERTEX
8
P00389
10
166.285328
20
226.991329
30
0.0
0
VERTEX
8
P00389
10
168.571332
20
226.991329
30
0.0
0
SEQEND
0
POLYLINE
8
P00390
66
1
70
0
0
VERTEX
8
P00390
10
166.200665
20
226.906660
30
0.0
0
VERTEX
8
P00390
10
168.486658
20
226.906660
30
0.0
0
SEQEND
0
POLYLINE
8
P00391
66
1
70
0
0
VERTEX
8
P00391
10
166.031328
20
226.821992
30
0.0
0
VERTEX
8
P00391
10
168.401995
20
226.821992
30
0.0
0
SEQEND
0
POLYLINE
8
P00392
66
1
70
0
0
VERTEX
8
P00392
10
165.946665
20
226.737328
30
0.0
0
VERTEX
8
P00392
10
168.401995
20
226.737328
30
0.0
0
SEQEND
0
POLYLINE
8
P00393
66
1
70
0
0
VERTEX
8
P00393
10
165.862001
20
226.652660
30
0.0
0
VERTEX
8
P00393
10
168.317332
20
226.652660
30
0.0
0
SEQEND
0
POLYLINE
8
P00394
66
1
70
0
0
VERTEX
8
P00394
10
165.777327
20
226.567991
30
0.0
0
VERTEX
8
P00394
10
168.232658
20
226.567991
30
0.0
0
SEQEND
0
POLYLINE
8
P00395
66
1
70
0
0
VERTEX
8
P00395
10
165.692664
20
226.483328
30
0.0
0
VERTEX
8
P00395
10
168.232658
20
226.483328
30
0.0
0
SEQEND
0
POLYLINE
8
P00396
66
1
70
0
0
VERTEX
8
P00396
10
165.608001
20
226.398659
30
0.0
0
VERTEX
8
P00396
10
168.147994
20
226.398659
30
0.0
0
SEQEND
0
POLYLINE
8
P00397
66
1
70
0
0
VERTEX
8
P00397
10
165.523327
20
226.313996
30
0.0
0
VERTEX
8
P00397
10
168.063331
20
226.313996
30
0.0
0
SEQEND
0
POLYLINE
8
P00398
66
1
70
0
0
VERTEX
8
P00398
10
165.354000
20
226.229328
30
0.0
0
VERTEX
8
P00398
10
168.063331
20
226.229328
30
0.0
0
SEQEND
0
POLYLINE
8
P00399
66
1
70
0
0
VERTEX
8
P00399
10
165.269326
20
226.144659
30
0.0
0
VERTEX
8
P00399
10
167.978668
20
226.144659
30
0.0
0
SEQEND
0
POLYLINE
8
P00400
66
1
70
0
0
VERTEX
8
P00400
10
165.184663
20
226.059996
30
0.0
0
VERTEX
8
P00400
10
167.893994
20
226.059996
30
0.0
0
SEQEND
0
POLYLINE
8
P00401
66
1
70
0
0
VERTEX
8
P00401
10
165.100000
20
225.975327
30
0.0
0
VERTEX
8
P00401
10
167.809331
20
225.975327
30
0.0
0
SEQEND
0
POLYLINE
8
P00402
66
1
70
0
0
VERTEX
8
P00402
10
165.015326
20
225.890658
30
0.0
0
VERTEX
8
P00402
10
167.809331
20
225.890658
30
0.0
0
SEQEND
0
POLYLINE
8
P00403
66
1
70
0
0
VERTEX
8
P00403
10
164.930663
20
225.805995
30
0.0
0
VERTEX
8
P00403
10
167.724668
20
225.805995
30
0.0
0
SEQEND
0
POLYLINE
8
P00404
66
1
70
0
0
VERTEX
8
P00404
10
164.846000
20
225.721327
30
0.0
0
VERTEX
8
P00404
10
167.639994
20
225.721327
30
0.0
0
SEQEND
0
POLYLINE
8
P00405
66
1
70
0
0
VERTEX
8
P00405
10
164.676662
20
225.636658
30
0.0
0
VERTEX
8
P00405
10
167.639994
20
225.636658
30
0.0
0
SEQEND
0
POLYLINE
8
P00406
66
1
70
0
0
VERTEX
8
P00406
10
164.846000
20
225.551995
30
0.0
0
VERTEX
8
P00406
10
167.555330
20
225.551995
30
0.0
0
SEQEND
0
POLYLINE
8
P00407
66
1
70
0
0
VERTEX
8
P00407
10
164.930663
20
225.467326
30
0.0
0
VERTEX
8
P00407
10
167.470667
20
225.467326
30
0.0
0
SEQEND
0
POLYLINE
8
P00408
66
1
70
0
0
VERTEX
8
P00408
10
165.015326
20
225.382663
30
0.0
0
VERTEX
8
P00408
10
167.470667
20
225.382663
30
0.0
0
SEQEND
0
POLYLINE
8
P00409
66
1
70
0
0
VERTEX
8
P00409
10
165.100000
20
225.297994
30
0.0
0
VERTEX
8
P00409
10
167.385993
20
225.297994
30
0.0
0
SEQEND
0
POLYLINE
8
P00410
66
1
70
0
0
VERTEX
8
P00410
10
165.184663
20
225.213326
30
0.0
0
VERTEX
8
P00410
10
167.301330
20
225.213326
30
0.0
0
SEQEND
0
POLYLINE
8
P00411
66
1
70
0
0
VERTEX
8
P00411
10
165.269326
20
225.128663
30
0.0
0
VERTEX
8
P00411
10
167.301330
20
225.128663
30
0.0
0
SEQEND
0
POLYLINE
8
P00412
66
1
70
0
0
VERTEX
8
P00412
10
165.354000
20
225.043994
30
0.0
0
VERTEX
8
P00412
10
167.216667
20
225.043994
30
0.0
0
SEQEND
0
POLYLINE
8
P00413
66
1
70
0
0
VERTEX
8
P00413
10
165.438664
20
224.959325
30
0.0
0
VERTEX
8
P00413
10
167.131993
20
224.959325
30
0.0
0
SEQEND
0
POLYLINE
8
P00414
66
1
70
0
0
VERTEX
8
P00414
10
165.523327
20
224.874662
30
0.0
0
VERTEX
8
P00414
10
167.047329
20
224.874662
30
0.0
0
SEQEND
0
POLYLINE
8
P00415
66
1
70
0
0
VERTEX
8
P00415
10
165.692664
20
224.789994
30
0.0
0
VERTEX
8
P00415
10
167.047329
20
224.789994
30
0.0
0
SEQEND
0
POLYLINE
8
P00416
66
1
70
0
0
VERTEX
8
P00416
10
165.777327
20
224.705325
30
0.0
0
VERTEX
8
P00416
10
166.962666
20
224.705325
30
0.0
0
SEQEND
0
POLYLINE
8
P00417
66
1
70
0
0
VERTEX
8
P00417
10
165.862001
20
224.620662
30
0.0
0
VERTEX
8
P00417
10
166.877992
20
224.620662
30
0.0
0
SEQEND
0
POLYLINE
8
P00418
66
1
70
0
0
VERTEX
8
P00418
10
165.946665
20
224.535993
30
0.0
0
VERTEX
8
P00418
10
166.877992
20
224.535993
30
0.0
0
SEQEND
0
POLYLINE
8
P00419
66
1
70
0
0
VERTEX
8
P00419
10
166.031328
20
224.451330
30
0.0
0
VERTEX
8
P00419
10
166.793329
20
224.451330
30
0.0
0
SEQEND
0
POLYLINE
8
P00420
66
1
70
0
0
VERTEX
8
P00420
10
166.115991
20
224.366661
30
0.0
0
VERTEX
8
P00420
10
166.708666
20
224.366661
30
0.0
0
SEQEND
0
POLYLINE
8
P00421
66
1
70
0
0
VERTEX
8
P00421
10
166.200665
20
224.281993
30
0.0
0
VERTEX
8
P00421
10
166.708666
20
224.281993
30
0.0
0
SEQEND
0
POLYLINE
8
P00422
66
1
70
0
0
VERTEX
8
P00422
10
166.285328
20
224.197329
30
0.0
0
VERTEX
8
P00422
10
166.623992
20
224.197329
30
0.0
0
SEQEND
0
POLYLINE
8
P00423
66
1
70
0
0
VERTEX
8
P00423
10
166.369991
20
224.112661
30
0.0
0
VERTEX
8
P00423
10
166.539329
20
224.112661
30
0.0
0
VERTEX
8
P00423
10
166.369991
20
224.112661
30
0.0
0
SEQEND
0
POLYLINE
8
P00424
66
1
70
0
0
VERTEX
8
P00424
10
169.248659
20
228.938658
30
0.0
0
VERTEX
8
P00424
10
165.438664
20
225.636658
30
0.0
0
VERTEX
8
P00424
10
169.248659
20
228.938658
30
0.0
0
SEQEND
0
POLYLINE
8
P00425
66
1
70
0
0
VERTEX
8
P00425
10
165.438664
20
225.636658
30
0.0
0
VERTEX
8
P00425
10
166.200665
20
225.551995
30
0.0
0
VERTEX
8
P00425
10
165.438664
20
225.636658
30
0.0
0
SEQEND
0
POLYLINE
8
P00426
66
1
70
0
0
VERTEX
8
P00426
10
166.200665
20
225.551995
30
0.0
0
VERTEX
8
P00426
10
166.369991
20
224.789994
30
0.0
0
VERTEX
8
P00426
10
166.200665
20
225.551995
30
0.0
0
SEQEND
0
POLYLINE
8
P00427
66
1
70
0
0
VERTEX
8
P00427
10
166.369991
20
224.789994
30
0.0
0
VERTEX
8
P00427
10
169.248659
20
228.938658
30
0.0
0
VERTEX
8
P00427
10
166.369991
20
224.789994
30
0.0
0
SEQEND
0
POLYLINE
8
P00428
66
1
70
0
0
VERTEX
8
P00428
10
169.248659
20
228.938658
30
0.0
0
VERTEX
8
P00428
10
164.591999
20
223.689329
30
0.0
0
VERTEX
8
P00428
10
169.248659
20
228.938658
30
0.0
0
SEQEND
0
POLYLINE
8
P00429
66
1
70
0
0
VERTEX
8
P00429
10
169.163996
20
228.853995
30
0.0
0
VERTEX
8
P00429
10
169.248659
20
228.853995
30
0.0
0
SEQEND
0
POLYLINE
8
P00430
66
1
70
0
0
VERTEX
8
P00430
10
169.079333
20
228.769326
30
0.0
0
VERTEX
8
P00430
10
169.163996
20
228.769326
30
0.0
0
SEQEND
0
POLYLINE
8
P00431
66
1
70
0
0
VERTEX
8
P00431
10
168.994659
20
228.684658
30
0.0
0
VERTEX
8
P00431
10
169.079333
20
228.684658
30
0.0
0
SEQEND
0
POLYLINE
8
P00432
66
1
70
0
0
VERTEX
8
P00432
10
168.909996
20
228.599995
30
0.0
0
VERTEX
8
P00432
10
168.994659
20
228.599995
30
0.0
0
SEQEND
0
POLYLINE
8
P00433
66
1
70
0
0
VERTEX
8
P00433
10
168.825332
20
228.515326
30
0.0
0
VERTEX
8
P00433
10
168.909996
20
228.515326
30
0.0
0
SEQEND
0
POLYLINE
8
P00434
66
1
70
0
0
VERTEX
8
P00434
10
168.740658
20
228.430663
30
0.0
0
VERTEX
8
P00434
10
168.825332
20
228.430663
30
0.0
0
SEQEND
0
POLYLINE
8
P00435
66
1
70
0
0
VERTEX
8
P00435
10
168.571332
20
228.345994
30
0.0
0
VERTEX
8
P00435
10
168.740658
20
228.345994
30
0.0
0
SEQEND
0
POLYLINE
8
P00436
66
1
70
0
0
VERTEX
8
P00436
10
168.486658
20
228.261326
30
0.0
0
VERTEX
8
P00436
10
168.655995
20
228.261326
30
0.0
0
SEQEND
0
POLYLINE
8
P00437
66
1
70
0
0
VERTEX
8
P00437
10
168.401995
20
228.176662
30
0.0
0
VERTEX
8
P00437
10
168.571332
20
228.176662
30
0.0
0
SEQEND
0
POLYLINE
8
P00438
66
1
70
0
0
VERTEX
8
P00438
10
168.317332
20
228.091994
30
0.0
0
VERTEX
8
P00438
10
168.486658
20
228.091994
30
0.0
0
SEQEND
0
POLYLINE
8
P00439
66
1
70
0
0
VERTEX
8
P00439
10
168.232658
20
228.007325
30
0.0
0
VERTEX
8
P00439
10
168.486658
20
228.007325
30
0.0
0
SEQEND
0
POLYLINE
8
P00440
66
1
70
0
0
VERTEX
8
P00440
10
168.147994
20
227.922662
30
0.0
0
VERTEX
8
P00440
10
168.401995
20
227.922662
30
0.0
0
SEQEND
0
POLYLINE
8
P00441
66
1
70
0
0
VERTEX
8
P00441
10
167.978668
20
227.837993
30
0.0
0
VERTEX
8
P00441
10
168.317332
20
227.837993
30
0.0
0
SEQEND
0
POLYLINE
8
P00442
66
1
70
0
0
VERTEX
8
P00442
10
167.893994
20
227.753325
30
0.0
0
VERTEX
8
P00442
10
168.232658
20
227.753325
30
0.0
0
SEQEND
0
POLYLINE
8
P00443
66
1
70
0
0
VERTEX
8
P00443
10
167.809331
20
227.668661
30
0.0
0
VERTEX
8
P00443
10
168.147994
20
227.668661
30
0.0
0
SEQEND
0
POLYLINE
8
P00444
66
1
70
0
0
VERTEX
8
P00444
10
167.724668
20
227.583993
30
0.0
0
VERTEX
8
P00444
10
168.063331
20
227.583993
30
0.0
0
SEQEND
0
POLYLINE
8
P00445
66
1
70
0
0
VERTEX
8
P00445
10
167.639994
20
227.499330
30
0.0
0
VERTEX
8
P00445
10
167.978668
20
227.499330
30
0.0
0
SEQEND
0
POLYLINE
8
P00446
66
1
70
0
0
VERTEX
8
P00446
10
167.555330
20
227.414661
30
0.0
0
VERTEX
8
P00446
10
167.893994
20
227.414661
30
0.0
0
SEQEND
0
POLYLINE
8
P00447
66
1
70
0
0
VERTEX
8
P00447
10
167.470667
20
227.329992
30
0.0
0
VERTEX
8
P00447
10
167.809331
20
227.329992
30
0.0
0
SEQEND
0
POLYLINE
8
P00448
66
1
70
0
0
VERTEX
8
P00448
10
167.301330
20
227.245329
30
0.0
0
VERTEX
8
P00448
10
167.724668
20
227.245329
30
0.0
0
SEQEND
0
POLYLINE
8
P00449
66
1
70
0
0
VERTEX
8
P00449
10
167.216667
20
227.160661
30
0.0
0
VERTEX
8
P00449
10
167.724668
20
227.160661
30
0.0
0
SEQEND
0
POLYLINE
8
P00450
66
1
70
0
0
VERTEX
8
P00450
10
167.131993
20
227.075992
30
0.0
0
VERTEX
8
P00450
10
167.639994
20
227.075992
30
0.0
0
SEQEND
0
POLYLINE
8
P00451
66
1
70
0
0
VERTEX
8
P00451
10
167.047329
20
226.991329
30
0.0
0
VERTEX
8
P00451
10
167.555330
20
226.991329
30
0.0
0
SEQEND
0
POLYLINE
8
P00452
66
1
70
0
0
VERTEX
8
P00452
10
166.962666
20
226.906660
30
0.0
0
VERTEX
8
P00452
10
167.470667
20
226.906660
30
0.0
0
SEQEND
0
POLYLINE
8
P00453
66
1
70
0
0
VERTEX
8
P00453
10
166.877992
20
226.821992
30
0.0
0
VERTEX
8
P00453
10
167.385993
20
226.821992
30
0.0
0
SEQEND
0
POLYLINE
8
P00454
66
1
70
0
0
VERTEX
8
P00454
10
166.708666
20
226.737328
30
0.0
0
VERTEX
8
P00454
10
167.301330
20
226.737328
30
0.0
0
SEQEND
0
POLYLINE
8
P00455
66
1
70
0
0
VERTEX
8
P00455
10
166.623992
20
226.652660
30
0.0
0
VERTEX
8
P00455
10
167.216667
20
226.652660
30
0.0
0
SEQEND
0
POLYLINE
8
P00456
66
1
70
0
0
VERTEX
8
P00456
10
166.539329
20
226.567991
30
0.0
0
VERTEX
8
P00456
10
167.131993
20
226.567991
30
0.0
0
SEQEND
0
POLYLINE
8
P00457
66
1
70
0
0
VERTEX
8
P00457
10
166.454665
20
226.483328
30
0.0
0
VERTEX
8
P00457
10
167.047329
20
226.483328
30
0.0
0
SEQEND
0
POLYLINE
8
P00458
66
1
70
0
0
VERTEX
8
P00458
10
166.369991
20
226.398659
30
0.0
0
VERTEX
8
P00458
10
166.962666
20
226.398659
30
0.0
0
SEQEND
0
POLYLINE
8
P00459
66
1
70
0
0
VERTEX
8
P00459
10
166.285328
20
226.313996
30
0.0
0
VERTEX
8
P00459
10
166.962666
20
226.313996
30
0.0
0
SEQEND
0
POLYLINE
8
P00460
66
1
70
0
0
VERTEX
8
P00460
10
166.200665
20
226.229328
30
0.0
0
VERTEX
8
P00460
10
166.877992
20
226.229328
30
0.0
0
SEQEND
0
POLYLINE
8
P00461
66
1
70
0
0
VERTEX
8
P00461
10
166.031328
20
226.144659
30
0.0
0
VERTEX
8
P00461
10
166.793329
20
226.144659
30
0.0
0
SEQEND
0
POLYLINE
8
P00462
66
1
70
0
0
VERTEX
8
P00462
10
165.946665
20
226.059996
30
0.0
0
VERTEX
8
P00462
10
166.708666
20
226.059996
30
0.0
0
SEQEND
0
POLYLINE
8
P00463
66
1
70
0
0
VERTEX
8
P00463
10
165.862001
20
225.975327
30
0.0
0
VERTEX
8
P00463
10
166.623992
20
225.975327
30
0.0
0
SEQEND
0
POLYLINE
8
P00464
66
1
70
0
0
VERTEX
8
P00464
10
165.777327
20
225.890658
30
0.0
0
VERTEX
8
P00464
10
166.539329
20
225.890658
30
0.0
0
SEQEND
0
POLYLINE
8
P00465
66
1
70
0
0
VERTEX
8
P00465
10
165.692664
20
225.805995
30
0.0
0
VERTEX
8
P00465
10
166.454665
20
225.805995
30
0.0
0
SEQEND
0
POLYLINE
8
P00466
66
1
70
0
0
VERTEX
8
P00466
10
165.608001
20
225.721327
30
0.0
0
VERTEX
8
P00466
10
166.369991
20
225.721327
30
0.0
0
SEQEND
0
POLYLINE
8
P00467
66
1
70
0
0
VERTEX
8
P00467
10
165.438664
20
225.636658
30
0.0
0
VERTEX
8
P00467
10
166.285328
20
225.636658
30
0.0
0
VERTEX
8
P00467
10
165.438664
20
225.636658
30
0.0
0
SEQEND
0
POLYLINE
8
P00468
66
1
70
0
0
VERTEX
8
P00468
10
168.994659
20
228.599995
30
0.0
0
VERTEX
8
P00468
10
169.079333
20
228.599995
30
0.0
0
SEQEND
0
POLYLINE
8
P00469
66
1
70
0
0
VERTEX
8
P00469
10
168.909996
20
228.515326
30
0.0
0
VERTEX
8
P00469
10
168.994659
20
228.515326
30
0.0
0
SEQEND
0
POLYLINE
8
P00470
66
1
70
0
0
VERTEX
8
P00470
10
168.825332
20
228.430663
30
0.0
0
VERTEX
8
P00470
10
168.909996
20
228.430663
30
0.0
0
SEQEND
0
POLYLINE
8
P00471
66
1
70
0
0
VERTEX
8
P00471
10
168.740658
20
228.345994
30
0.0
0
VERTEX
8
P00471
10
168.909996
20
228.345994
30
0.0
0
SEQEND
0
POLYLINE
8
P00472
66
1
70
0
0
VERTEX
8
P00472
10
168.655995
20
228.261326
30
0.0
0
VERTEX
8
P00472
10
168.825332
20
228.261326
30
0.0
0
SEQEND
0
POLYLINE
8
P00473
66
1
70
0
0
VERTEX
8
P00473
10
168.571332
20
228.176662
30
0.0
0
VERTEX
8
P00473
10
168.740658
20
228.176662
30
0.0
0
SEQEND
0
POLYLINE
8
P00474
66
1
70
0
0
VERTEX
8
P00474
10
168.486658
20
228.091994
30
0.0
0
VERTEX
8
P00474
10
168.740658
20
228.091994
30
0.0
0
SEQEND
0
POLYLINE
8
P00475
66
1
70
0
0
VERTEX
8
P00475
10
168.486658
20
228.007325
30
0.0
0
VERTEX
8
P00475
10
168.655995
20
228.007325
30
0.0
0
SEQEND
0
POLYLINE
8
P00476
66
1
70
0
0
VERTEX
8
P00476
10
168.401995
20
227.922662
30
0.0
0
VERTEX
8
P00476
10
168.571332
20
227.922662
30
0.0
0
SEQEND
0
POLYLINE
8
P00477
66
1
70
0
0
VERTEX
8
P00477
10
168.317332
20
227.837993
30
0.0
0
VERTEX
8
P00477
10
168.486658
20
227.837993
30
0.0
0
SEQEND
0
POLYLINE
8
P00478
66
1
70
0
0
VERTEX
8
P00478
10
168.232658
20
227.753325
30
0.0
0
VERTEX
8
P00478
10
168.486658
20
227.753325
30
0.0
0
SEQEND
0
POLYLINE
8
P00479
66
1
70
0
0
VERTEX
8
P00479
10
168.147994
20
227.668661
30
0.0
0
VERTEX
8
P00479
10
168.401995
20
227.668661
30
0.0
0
SEQEND
0
POLYLINE
8
P00480
66
1
70
0
0
VERTEX
8
P00480
10
168.063331
20
227.583993
30
0.0
0
VERTEX
8
P00480
10
168.317332
20
227.583993
30
0.0
0
SEQEND
0
POLYLINE
8
P00481
66
1
70
0
0
VERTEX
8
P00481
10
167.978668
20
227.499330
30
0.0
0
VERTEX
8
P00481
10
168.317332
20
227.499330
30
0.0
0
SEQEND
0
POLYLINE
8
P00482
66
1
70
0
0
VERTEX
8
P00482
10
167.893994
20
227.414661
30
0.0
0
VERTEX
8
P00482
10
168.232658
20
227.414661
30
0.0
0
SEQEND
0
POLYLINE
8
P00483
66
1
70
0
0
VERTEX
8
P00483
10
167.809331
20
227.329992
30
0.0
0
VERTEX
8
P00483
10
168.147994
20
227.329992
30
0.0
0
SEQEND
0
POLYLINE
8
P00484
66
1
70
0
0
VERTEX
8
P00484
10
167.724668
20
227.245329
30
0.0
0
VERTEX
8
P00484
10
168.147994
20
227.245329
30
0.0
0
SEQEND
0
POLYLINE
8
P00485
66
1
70
0
0
VERTEX
8
P00485
10
167.724668
20
227.160661
30
0.0
0
VERTEX
8
P00485
10
168.063331
20
227.160661
30
0.0
0
SEQEND
0
POLYLINE
8
P00486
66
1
70
0
0
VERTEX
8
P00486
10
167.639994
20
227.075992
30
0.0
0
VERTEX
8
P00486
10
167.978668
20
227.075992
30
0.0
0
SEQEND
0
POLYLINE
8
P00487
66
1
70
0
0
VERTEX
8
P00487
10
167.555330
20
226.991329
30
0.0
0
VERTEX
8
P00487
10
167.978668
20
226.991329
30
0.0
0
SEQEND
0
POLYLINE
8
P00488
66
1
70
0
0
VERTEX
8
P00488
10
167.470667
20
226.906660
30
0.0
0
VERTEX
8
P00488
10
167.893994
20
226.906660
30
0.0
0
SEQEND
0
POLYLINE
8
P00489
66
1
70
0
0
VERTEX
8
P00489
10
167.385993
20
226.821992
30
0.0
0
VERTEX
8
P00489
10
167.809331
20
226.821992
30
0.0
0
SEQEND
0
POLYLINE
8
P00490
66
1
70
0
0
VERTEX
8
P00490
10
167.301330
20
226.737328
30
0.0
0
VERTEX
8
P00490
10
167.724668
20
226.737328
30
0.0
0
SEQEND
0
POLYLINE
8
P00491
66
1
70
0
0
VERTEX
8
P00491
10
167.216667
20
226.652660
30
0.0
0
VERTEX
8
P00491
10
167.724668
20
226.652660
30
0.0
0
SEQEND
0
POLYLINE
8
P00492
66
1
70
0
0
VERTEX
8
P00492
10
167.131993
20
226.567991
30
0.0
0
VERTEX
8
P00492
10
167.639994
20
226.567991
30
0.0
0
SEQEND
0
POLYLINE
8
P00493
66
1
70
0
0
VERTEX
8
P00493
10
167.047329
20
226.483328
30
0.0
0
VERTEX
8
P00493
10
167.555330
20
226.483328
30
0.0
0
SEQEND
0
POLYLINE
8
P00494
66
1
70
0
0
VERTEX
8
P00494
10
166.962666
20
226.398659
30
0.0
0
VERTEX
8
P00494
10
167.555330
20
226.398659
30
0.0
0
SEQEND
0
POLYLINE
8
P00495
66
1
70
0
0
VERTEX
8
P00495
10
166.962666
20
226.313996
30
0.0
0
VERTEX
8
P00495
10
167.470667
20
226.313996
30
0.0
0
SEQEND
0
POLYLINE
8
P00496
66
1
70
0
0
VERTEX
8
P00496
10
166.877992
20
226.229328
30
0.0
0
VERTEX
8
P00496
10
167.385993
20
226.229328
30
0.0
0
SEQEND
0
POLYLINE
8
P00497
66
1
70
0
0
VERTEX
8
P00497
10
166.793329
20
226.144659
30
0.0
0
VERTEX
8
P00497
10
167.385993
20
226.144659
30
0.0
0
SEQEND
0
POLYLINE
8
P00498
66
1
70
0
0
VERTEX
8
P00498
10
166.708666
20
226.059996
30
0.0
0
VERTEX
8
P00498
10
167.301330
20
226.059996
30
0.0
0
SEQEND
0
POLYLINE
8
P00499
66
1
70
0
0
VERTEX
8
P00499
10
166.623992
20
225.975327
30
0.0
0
VERTEX
8
P00499
10
167.216667
20
225.975327
30
0.0
0
SEQEND
0
POLYLINE
8
P00500
66
1
70
0
0
VERTEX
8
P00500
10
166.539329
20
225.890658
30
0.0
0
VERTEX
8
P00500
10
167.216667
20
225.890658
30
0.0
0
SEQEND
0
POLYLINE
8
P00501
66
1
70
0
0
VERTEX
8
P00501
10
166.454665
20
225.805995
30
0.0
0
VERTEX
8
P00501
10
167.131993
20
225.805995
30
0.0
0
SEQEND
0
POLYLINE
8
P00502
66
1
70
0
0
VERTEX
8
P00502
10
166.369991
20
225.721327
30
0.0
0
VERTEX
8
P00502
10
167.047329
20
225.721327
30
0.0
0
SEQEND
0
POLYLINE
8
P00503
66
1
70
0
0
VERTEX
8
P00503
10
166.285328
20
225.636658
30
0.0
0
VERTEX
8
P00503
10
166.962666
20
225.636658
30
0.0
0
SEQEND
0
POLYLINE
8
P00504
66
1
70
0
0
VERTEX
8
P00504
10
166.200665
20
225.551995
30
0.0
0
VERTEX
8
P00504
10
166.962666
20
225.551995
30
0.0
0
SEQEND
0
POLYLINE
8
P00505
66
1
70
0
0
VERTEX
8
P00505
10
166.285328
20
225.467326
30
0.0
0
VERTEX
8
P00505
10
166.877992
20
225.467326
30
0.0
0
SEQEND
0
POLYLINE
8
P00506
66
1
70
0
0
VERTEX
8
P00506
10
166.285328
20
225.382663
30
0.0
0
VERTEX
8
P00506
10
166.793329
20
225.382663
30
0.0
0
SEQEND
0
POLYLINE
8
P00507
66
1
70
0
0
VERTEX
8
P00507
10
166.285328
20
225.297994
30
0.0
0
VERTEX
8
P00507
10
166.793329
20
225.297994
30
0.0
0
SEQEND
0
POLYLINE
8
P00508
66
1
70
0
0
VERTEX
8
P00508
10
166.285328
20
225.213326
30
0.0
0
VERTEX
8
P00508
10
166.708666
20
225.213326
30
0.0
0
SEQEND
0
POLYLINE
8
P00509
66
1
70
0
0
VERTEX
8
P00509
10
166.369991
20
225.128663
30
0.0
0
VERTEX
8
P00509
10
166.623992
20
225.128663
30
0.0
0
SEQEND
0
POLYLINE
8
P00510
66
1
70
0
0
VERTEX
8
P00510
10
166.369991
20
225.043994
30
0.0
0
VERTEX
8
P00510
10
166.623992
20
225.043994
30
0.0
0
SEQEND
0
POLYLINE
8
P00511
66
1
70
0
0
VERTEX
8
P00511
10
166.369991
20
224.959325
30
0.0
0
VERTEX
8
P00511
10
166.539329
20
224.959325
30
0.0
0
SEQEND
0
POLYLINE
8
P00512
66
1
70
0
0
VERTEX
8
P00512
10
166.369991
20
224.874662
30
0.0
0
VERTEX
8
P00512
10
166.454665
20
224.874662
30
0.0
0
VERTEX
8
P00512
10
166.369991
20
224.874662
30
0.0
0
SEQEND
0
POLYLINE
8
P00513
66
1
70
0
0
VERTEX
8
P00513
10
176.614661
20
239.013996
30
0.0
0
VERTEX
8
P00513
10
176.783998
20
239.013996
30
0.0
0
SEQEND
0
POLYLINE
8
P00514
66
1
70
0
0
VERTEX
8
P00514
10
176.529998
20
238.929328
30
0.0
0
VERTEX
8
P00514
10
176.868661
20
238.929328
30
0.0
0
SEQEND
0
POLYLINE
8
P00515
66
1
70
0
0
VERTEX
8
P00515
10
176.529998
20
238.844659
30
0.0
0
VERTEX
8
P00515
10
176.953325
20
238.844659
30
0.0
0
SEQEND
0
POLYLINE
8
P00516
66
1
70
0
0
VERTEX
8
P00516
10
176.445335
20
238.759996
30
0.0
0
VERTEX
8
P00516
10
177.037999
20
238.759996
30
0.0
0
SEQEND
0
POLYLINE
8
P00517
66
1
70
0
0
VERTEX
8
P00517
10
176.360661
20
238.675327
30
0.0
0
VERTEX
8
P00517
10
177.122662
20
238.675327
30
0.0
0
SEQEND
0
POLYLINE
8
P00518
66
1
70
0
0
VERTEX
8
P00518
10
176.360661
20
238.590658
30
0.0
0
VERTEX
8
P00518
10
177.207325
20
238.590658
30
0.0
0
SEQEND
0
POLYLINE
8
P00519
66
1
70
0
0
VERTEX
8
P00519
10
176.275997
20
238.505995
30
0.0
0
VERTEX
8
P00519
10
177.291999
20
238.505995
30
0.0
0
SEQEND
0
POLYLINE
8
P00520
66
1
70
0
0
VERTEX
8
P00520
10
176.191334
20
238.421327
30
0.0
0
VERTEX
8
P00520
10
177.376662
20
238.421327
30
0.0
0
SEQEND
0
POLYLINE
8
P00521
66
1
70
0
0
VERTEX
8
P00521
10
176.191334
20
238.336658
30
0.0
0
VERTEX
8
P00521
10
177.461326
20
238.336658
30
0.0
0
SEQEND
0
POLYLINE
8
P00522
66
1
70
0
0
VERTEX
8
P00522
10
176.106660
20
238.251995
30
0.0
0
VERTEX
8
P00522
10
177.546000
20
238.251995
30
0.0
0
SEQEND
0
POLYLINE
8
P00523
66
1
70
0
0
VERTEX
8
P00523
10
176.021997
20
238.167326
30
0.0
0
VERTEX
8
P00523
10
177.715326
20
238.167326
30
0.0
0
SEQEND
0
POLYLINE
8
P00524
66
1
70
0
0
VERTEX
8
P00524
10
176.021997
20
238.082658
30
0.0
0
VERTEX
8
P00524
10
177.800000
20
238.082658
30
0.0
0
SEQEND
0
POLYLINE
8
P00525
66
1
70
0
0
VERTEX
8
P00525
10
175.937334
20
237.997994
30
0.0
0
VERTEX
8
P00525
10
177.884663
20
237.997994
30
0.0
0
SEQEND
0
POLYLINE
8
P00526
66
1
70
0
0
VERTEX
8
P00526
10
175.852660
20
237.913326
30
0.0
0
VERTEX
8
P00526
10
177.969326
20
237.913326
30
0.0
0
SEQEND
0
POLYLINE
8
P00527
66
1
70
0
0
VERTEX
8
P00527
10
175.852660
20
237.828663
30
0.0
0
VERTEX
8
P00527
10
178.054000
20
237.828663
30
0.0
0
SEQEND
0
POLYLINE
8
P00528
66
1
70
0
0
VERTEX
8
P00528
10
175.767997
20
237.743994
30
0.0
0
VERTEX
8
P00528
10
178.138664
20
237.743994
30
0.0
0
SEQEND
0
POLYLINE
8
P00529
66
1
70
0
0
VERTEX
8
P00529
10
175.683333
20
237.659325
30
0.0
0
VERTEX
8
P00529
10
178.223327
20
237.659325
30
0.0
0
SEQEND
0
POLYLINE
8
P00530
66
1
70
0
0
VERTEX
8
P00530
10
175.683333
20
237.574662
30
0.0
0
VERTEX
8
P00530
10
178.308001
20
237.574662
30
0.0
0
SEQEND
0
POLYLINE
8
P00531
66
1
70
0
0
VERTEX
8
P00531
10
175.598659
20
237.489994
30
0.0
0
VERTEX
8
P00531
10
178.392664
20
237.489994
30
0.0
0
SEQEND
0
POLYLINE
8
P00532
66
1
70
0
0
VERTEX
8
P00532
10
175.598659
20
237.405325
30
0.0
0
VERTEX
8
P00532
10
178.477327
20
237.405325
30
0.0
0
SEQEND
0
POLYLINE
8
P00533
66
1
70
0
0
VERTEX
8
P00533
10
175.513996
20
237.320662
30
0.0
0
VERTEX
8
P00533
10
178.392664
20
237.320662
30
0.0
0
SEQEND
0
POLYLINE
8
P00534
66
1
70
0
0
VERTEX
8
P00534
10
175.429333
20
237.235993
30
0.0
0
VERTEX
8
P00534
10
178.308001
20
237.235993
30
0.0
0
SEQEND
0
POLYLINE
8
P00535
66
1
70
0
0
VERTEX
8
P00535
10
175.429333
20
237.151325
30
0.0
0
VERTEX
8
P00535
10
178.223327
20
237.151325
30
0.0
0
SEQEND
0
POLYLINE
8
P00536
66
1
70
0
0
VERTEX
8
P00536
10
175.344659
20
237.066661
30
0.0
0
VERTEX
8
P00536
10
178.138664
20
237.066661
30
0.0
0
SEQEND
0
POLYLINE
8
P00537
66
1
70
0
0
VERTEX
8
P00537
10
175.259996
20
236.981993
30
0.0
0
VERTEX
8
P00537
10
178.054000
20
236.981993
30
0.0
0
SEQEND
0
POLYLINE
8
P00538
66
1
70
0
0
VERTEX
8
P00538
10
175.259996
20
236.897329
30
0.0
0
VERTEX
8
P00538
10
177.969326
20
236.897329
30
0.0
0
SEQEND
0
POLYLINE
8
P00539
66
1
70
0
0
VERTEX
8
P00539
10
175.175332
20
236.812661
30
0.0
0
VERTEX
8
P00539
10
177.884663
20
236.812661
30
0.0
0
SEQEND
0
POLYLINE
8
P00540
66
1
70
0
0
VERTEX
8
P00540
10
175.090658
20
236.727992
30
0.0
0
VERTEX
8
P00540
10
177.715326
20
236.727992
30
0.0
0
SEQEND
0
POLYLINE
8
P00541
66
1
70
0
0
VERTEX
8
P00541
10
175.090658
20
236.643329
30
0.0
0
VERTEX
8
P00541
10
177.630663
20
236.643329
30
0.0
0
SEQEND
0
POLYLINE
8
P00542
66
1
70
0
0
VERTEX
8
P00542
10
175.005995
20
236.558660
30
0.0
0
VERTEX
8
P00542
10
177.546000
20
236.558660
30
0.0
0
SEQEND
0
POLYLINE
8
P00543
66
1
70
0
0
VERTEX
8
P00543
10
174.921332
20
236.473992
30
0.0
0
VERTEX
8
P00543
10
177.461326
20
236.473992
30
0.0
0
SEQEND
0
POLYLINE
8
P00544
66
1
70
0
0
VERTEX
8
P00544
10
174.921332
20
236.389329
30
0.0
0
VERTEX
8
P00544
10
177.376662
20
236.389329
30
0.0
0
SEQEND
0
POLYLINE
8
P00545
66
1
70
0
0
VERTEX
8
P00545
10
174.836658
20
236.304660
30
0.0
0
VERTEX
8
P00545
10
177.291999
20
236.304660
30
0.0
0
SEQEND
0
POLYLINE
8
P00546
66
1
70
0
0
VERTEX
8
P00546
10
174.751995
20
236.219991
30
0.0
0
VERTEX
8
P00546
10
177.207325
20
236.219991
30
0.0
0
SEQEND
0
POLYLINE
8
P00547
66
1
70
0
0
VERTEX
8
P00547
10
174.751995
20
236.135328
30
0.0
0
VERTEX
8
P00547
10
177.037999
20
236.135328
30
0.0
0
SEQEND
0
POLYLINE
8
P00548
66
1
70
0
0
VERTEX
8
P00548
10
174.667332
20
236.050660
30
0.0
0
VERTEX
8
P00548
10
176.953325
20
236.050660
30
0.0
0
SEQEND
0
POLYLINE
8
P00549
66
1
70
0
0
VERTEX
8
P00549
10
174.582658
20
235.965991
30
0.0
0
VERTEX
8
P00549
10
176.868661
20
235.965991
30
0.0
0
SEQEND
0
POLYLINE
8
P00550
66
1
70
0
0
VERTEX
8
P00550
10
174.582658
20
235.881328
30
0.0
0
VERTEX
8
P00550
10
176.783998
20
235.881328
30
0.0
0
SEQEND
0
POLYLINE
8
P00551
66
1
70
0
0
VERTEX
8
P00551
10
174.582658
20
235.796659
30
0.0
0
VERTEX
8
P00551
10
176.699324
20
235.796659
30
0.0
0
SEQEND
0
POLYLINE
8
P00552
66
1
70
0
0
VERTEX
8
P00552
10
174.497994
20
235.711996
30
0.0
0
VERTEX
8
P00552
10
176.614661
20
235.711996
30
0.0
0
SEQEND
0
POLYLINE
8
P00553
66
1
70
0
0
VERTEX
8
P00553
10
174.497994
20
235.627327
30
0.0
0
VERTEX
8
P00553
10
176.529998
20
235.627327
30
0.0
0
SEQEND
0
POLYLINE
8
P00554
66
1
70
0
0
VERTEX
8
P00554
10
174.497994
20
235.542659
30
0.0
0
VERTEX
8
P00554
10
176.360661
20
235.542659
30
0.0
0
SEQEND
0
POLYLINE
8
P00555
66
1
70
0
0
VERTEX
8
P00555
10
174.413331
20
235.457995
30
0.0
0
VERTEX
8
P00555
10
176.275997
20
235.457995
30
0.0
0
SEQEND
0
POLYLINE
8
P00556
66
1
70
0
0
VERTEX
8
P00556
10
174.413331
20
235.373327
30
0.0
0
VERTEX
8
P00556
10
176.191334
20
235.373327
30
0.0
0
SEQEND
0
POLYLINE
8
P00557
66
1
70
0
0
VERTEX
8
P00557
10
174.328668
20
235.288658
30
0.0
0
VERTEX
8
P00557
10
176.106660
20
235.288658
30
0.0
0
SEQEND
0
POLYLINE
8
P00558
66
1
70
0
0
VERTEX
8
P00558
10
174.328668
20
235.203995
30
0.0
0
VERTEX
8
P00558
10
176.021997
20
235.203995
30
0.0
0
SEQEND
0
POLYLINE
8
P00559
66
1
70
0
0
VERTEX
8
P00559
10
174.328668
20
235.119326
30
0.0
0
VERTEX
8
P00559
10
175.937334
20
235.119326
30
0.0
0
SEQEND
0
POLYLINE
8
P00560
66
1
70
0
0
VERTEX
8
P00560
10
174.243994
20
235.034658
30
0.0
0
VERTEX
8
P00560
10
175.852660
20
235.034658
30
0.0
0
SEQEND
0
POLYLINE
8
P00561
66
1
70
0
0
VERTEX
8
P00561
10
174.243994
20
234.949995
30
0.0
0
VERTEX
8
P00561
10
175.683333
20
234.949995
30
0.0
0
SEQEND
0
POLYLINE
8
P00562
66
1
70
0
0
VERTEX
8
P00562
10
174.243994
20
234.865326
30
0.0
0
VERTEX
8
P00562
10
175.513996
20
234.865326
30
0.0
0
SEQEND
0
POLYLINE
8
P00563
66
1
70
0
0
VERTEX
8
P00563
10
174.159331
20
234.780663
30
0.0
0
VERTEX
8
P00563
10
175.344659
20
234.780663
30
0.0
0
SEQEND
0
POLYLINE
8
P00564
66
1
70
0
0
VERTEX
8
P00564
10
174.159331
20
234.695994
30
0.0
0
VERTEX
8
P00564
10
175.090658
20
234.695994
30
0.0
0
SEQEND
0
POLYLINE
8
P00565
66
1
70
0
0
VERTEX
8
P00565
10
174.074668
20
234.611326
30
0.0
0
VERTEX
8
P00565
10
174.921332
20
234.611326
30
0.0
0
SEQEND
0
POLYLINE
8
P00566
66
1
70
0
0
VERTEX
8
P00566
10
174.074668
20
234.526662
30
0.0
0
VERTEX
8
P00566
10
174.751995
20
234.526662
30
0.0
0
SEQEND
0
POLYLINE
8
P00567
66
1
70
0
0
VERTEX
8
P00567
10
174.074668
20
234.441994
30
0.0
0
VERTEX
8
P00567
10
174.497994
20
234.441994
30
0.0
0
SEQEND
0
POLYLINE
8
P00568
66
1
70
0
0
VERTEX
8
P00568
10
173.989994
20
234.357325
30
0.0
0
VERTEX
8
P00568
10
174.328668
20
234.357325
30
0.0
0
SEQEND
0
POLYLINE
8
P00569
66
1
70
0
0
VERTEX
8
P00569
10
173.989994
20
234.272662
30
0.0
0
VERTEX
8
P00569
10
174.159331
20
234.272662
30
0.0
0
VERTEX
8
P00569
10
173.989994
20
234.272662
30
0.0
0
SEQEND
0
POLYLINE
8
P00570
66
1
70
0
0
VERTEX
8
P00570
10
173.905330
20
234.187993
30
0.0
0
VERTEX
8
P00570
10
177.715326
20
237.405325
30
0.0
0
VERTEX
8
P00570
10
173.905330
20
234.187993
30
0.0
0
SEQEND
0
POLYLINE
8
P00571
66
1
70
0
0
VERTEX
8
P00571
10
177.715326
20
237.405325
30
0.0
0
VERTEX
8
P00571
10
176.868661
20
237.489994
30
0.0
0
VERTEX
8
P00571
10
177.715326
20
237.405325
30
0.0
0
SEQEND
0
POLYLINE
8
P00572
66
1
70
0
0
VERTEX
8
P00572
10
176.868661
20
237.489994
30
0.0
0
VERTEX
8
P00572
10
176.783998
20
238.336658
30
0.0
0
VERTEX
8
P00572
10
176.868661
20
237.489994
30
0.0
0
SEQEND
0
POLYLINE
8
P00573
66
1
70
0
0
VERTEX
8
P00573
10
176.783998
20
238.336658
30
0.0
0
VERTEX
8
P00573
10
173.905330
20
234.187993
30
0.0
0
VERTEX
8
P00573
10
176.783998
20
238.336658
30
0.0
0
SEQEND
0
POLYLINE
8
P00574
66
1
70
0
0
VERTEX
8
P00574
10
173.905330
20
234.187993
30
0.0
0
VERTEX
8
P00574
10
178.562001
20
239.352660
30
0.0
0
VERTEX
8
P00574
10
173.905330
20
234.187993
30
0.0
0
SEQEND
0
POLYLINE
8
P00575
66
1
70
0
0
VERTEX
8
P00575
10
176.868661
20
237.405325
30
0.0
0
VERTEX
8
P00575
10
177.715326
20
237.405325
30
0.0
0
SEQEND
0
POLYLINE
8
P00576
66
1
70
0
0
VERTEX
8
P00576
10
176.783998
20
237.320662
30
0.0
0
VERTEX
8
P00576
10
177.630663
20
237.320662
30
0.0
0
SEQEND
0
POLYLINE
8
P00577
66
1
70
0
0
VERTEX
8
P00577
10
176.699324
20
237.235993
30
0.0
0
VERTEX
8
P00577
10
177.546000
20
237.235993
30
0.0
0
SEQEND
0
POLYLINE
8
P00578
66
1
70
0
0
VERTEX
8
P00578
10
176.614661
20
237.151325
30
0.0
0
VERTEX
8
P00578
10
177.461326
20
237.151325
30
0.0
0
SEQEND
0
POLYLINE
8
P00579
66
1
70
0
0
VERTEX
8
P00579
10
176.529998
20
237.066661
30
0.0
0
VERTEX
8
P00579
10
177.376662
20
237.066661
30
0.0
0
SEQEND
0
POLYLINE
8
P00580
66
1
70
0
0
VERTEX
8
P00580
10
176.445335
20
236.981993
30
0.0
0
VERTEX
8
P00580
10
177.291999
20
236.981993
30
0.0
0
SEQEND
0
POLYLINE
8
P00581
66
1
70
0
0
VERTEX
8
P00581
10
176.360661
20
236.897329
30
0.0
0
VERTEX
8
P00581
10
177.122662
20
236.897329
30
0.0
0
SEQEND
0
POLYLINE
8
P00582
66
1
70
0
0
VERTEX
8
P00582
10
176.275997
20
236.812661
30
0.0
0
VERTEX
8
P00582
10
177.037999
20
236.812661
30
0.0
0
SEQEND
0
POLYLINE
8
P00583
66
1
70
0
0
VERTEX
8
P00583
10
176.191334
20
236.727992
30
0.0
0
VERTEX
8
P00583
10
176.953325
20
236.727992
30
0.0
0
SEQEND
0
POLYLINE
8
P00584
66
1
70
0
0
VERTEX
8
P00584
10
176.191334
20
236.643329
30
0.0
0
VERTEX
8
P00584
10
176.868661
20
236.643329
30
0.0
0
SEQEND
0
POLYLINE
8
P00585
66
1
70
0
0
VERTEX
8
P00585
10
176.106660
20
236.558660
30
0.0
0
VERTEX
8
P00585
10
176.783998
20
236.558660
30
0.0
0
SEQEND
0
POLYLINE
8
P00586
66
1
70
0
0
VERTEX
8
P00586
10
176.021997
20
236.473992
30
0.0
0
VERTEX
8
P00586
10
176.614661
20
236.473992
30
0.0
0
SEQEND
0
POLYLINE
8
P00587
66
1
70
0
0
VERTEX
8
P00587
10
175.937334
20
236.389329
30
0.0
0
VERTEX
8
P00587
10
176.529998
20
236.389329
30
0.0
0
SEQEND
0
POLYLINE
8
P00588
66
1
70
0
0
VERTEX
8
P00588
10
175.852660
20
236.304660
30
0.0
0
VERTEX
8
P00588
10
176.445335
20
236.304660
30
0.0
0
SEQEND
0
POLYLINE
8
P00589
66
1
70
0
0
VERTEX
8
P00589
10
175.767997
20
236.219991
30
0.0
0
VERTEX
8
P00589
10
176.360661
20
236.219991
30
0.0
0
SEQEND
0
POLYLINE
8
P00590
66
1
70
0
0
VERTEX
8
P00590
10
175.683333
20
236.135328
30
0.0
0
VERTEX
8
P00590
10
176.275997
20
236.135328
30
0.0
0
SEQEND
0
POLYLINE
8
P00591
66
1
70
0
0
VERTEX
8
P00591
10
175.598659
20
236.050660
30
0.0
0
VERTEX
8
P00591
10
176.191334
20
236.050660
30
0.0
0
SEQEND
0
POLYLINE
8
P00592
66
1
70
0
0
VERTEX
8
P00592
10
175.513996
20
235.965991
30
0.0
0
VERTEX
8
P00592
10
176.021997
20
235.965991
30
0.0
0
SEQEND
0
POLYLINE
8
P00593
66
1
70
0
0
VERTEX
8
P00593
10
175.429333
20
235.881328
30
0.0
0
VERTEX
8
P00593
10
175.937334
20
235.881328
30
0.0
0
SEQEND
0
POLYLINE
8
P00594
66
1
70
0
0
VERTEX
8
P00594
10
175.429333
20
235.796659
30
0.0
0
VERTEX
8
P00594
10
175.852660
20
235.796659
30
0.0
0
SEQEND
0
POLYLINE
8
P00595
66
1
70
0
0
VERTEX
8
P00595
10
175.344659
20
235.711996
30
0.0
0
VERTEX
8
P00595
10
175.767997
20
235.711996
30
0.0
0
SEQEND
0
POLYLINE
8
P00596
66
1
70
0
0
VERTEX
8
P00596
10
175.259996
20
235.627327
30
0.0
0
VERTEX
8
P00596
10
175.683333
20
235.627327
30
0.0
0
SEQEND
0
POLYLINE
8
P00597
66
1
70
0
0
VERTEX
8
P00597
10
175.175332
20
235.542659
30
0.0
0
VERTEX
8
P00597
10
175.513996
20
235.542659
30
0.0
0
SEQEND
0
POLYLINE
8
P00598
66
1
70
0
0
VERTEX
8
P00598
10
175.090658
20
235.457995
30
0.0
0
VERTEX
8
P00598
10
175.429333
20
235.457995
30
0.0
0
SEQEND
0
POLYLINE
8
P00599
66
1
70
0
0
VERTEX
8
P00599
10
175.005995
20
235.373327
30
0.0
0
VERTEX
8
P00599
10
175.344659
20
235.373327
30
0.0
0
SEQEND
0
POLYLINE
8
P00600
66
1
70
0
0
VERTEX
8
P00600
10
174.921332
20
235.288658
30
0.0
0
VERTEX
8
P00600
10
175.259996
20
235.288658
30
0.0
0
SEQEND
0
POLYLINE
8
P00601
66
1
70
0
0
VERTEX
8
P00601
10
174.836658
20
235.203995
30
0.0
0
VERTEX
8
P00601
10
175.175332
20
235.203995
30
0.0
0
SEQEND
0
POLYLINE
8
P00602
66
1
70
0
0
VERTEX
8
P00602
10
174.751995
20
235.119326
30
0.0
0
VERTEX
8
P00602
10
175.090658
20
235.119326
30
0.0
0
SEQEND
0
POLYLINE
8
P00603
66
1
70
0
0
VERTEX
8
P00603
10
174.667332
20
235.034658
30
0.0
0
VERTEX
8
P00603
10
174.921332
20
235.034658
30
0.0
0
SEQEND
0
POLYLINE
8
P00604
66
1
70
0
0
VERTEX
8
P00604
10
174.667332
20
234.949995
30
0.0
0
VERTEX
8
P00604
10
174.836658
20
234.949995
30
0.0
0
SEQEND
0
POLYLINE
8
P00605
66
1
70
0
0
VERTEX
8
P00605
10
174.582658
20
234.865326
30
0.0
0
VERTEX
8
P00605
10
174.751995
20
234.865326
30
0.0
0
SEQEND
0
POLYLINE
8
P00606
66
1
70
0
0
VERTEX
8
P00606
10
174.497994
20
234.780663
30
0.0
0
VERTEX
8
P00606
10
174.667332
20
234.780663
30
0.0
0
SEQEND
0
POLYLINE
8
P00607
66
1
70
0
0
VERTEX
8
P00607
10
174.413331
20
234.695994
30
0.0
0
VERTEX
8
P00607
10
174.582658
20
234.695994
30
0.0
0
SEQEND
0
POLYLINE
8
P00608
66
1
70
0
0
VERTEX
8
P00608
10
174.328668
20
234.611326
30
0.0
0
VERTEX
8
P00608
10
174.413331
20
234.611326
30
0.0
0
SEQEND
0
POLYLINE
8
P00609
66
1
70
0
0
VERTEX
8
P00609
10
174.243994
20
234.526662
30
0.0
0
VERTEX
8
P00609
10
174.328668
20
234.526662
30
0.0
0
SEQEND
0
POLYLINE
8
P00610
66
1
70
0
0
VERTEX
8
P00610
10
174.159331
20
234.441994
30
0.0
0
VERTEX
8
P00610
10
174.243994
20
234.441994
30
0.0
0
SEQEND
0
POLYLINE
8
P00611
66
1
70
0
0
VERTEX
8
P00611
10
174.074668
20
234.357325
30
0.0
0
VERTEX
8
P00611
10
174.159331
20
234.357325
30
0.0
0
SEQEND
0
POLYLINE
8
P00612
66
1
70
0
0
VERTEX
8
P00612
10
173.989994
20
234.272662
30
0.0
0
VERTEX
8
P00612
10
174.074668
20
234.272662
30
0.0
0
VERTEX
8
P00612
10
173.989994
20
234.272662
30
0.0
0
SEQEND
0
POLYLINE
8
P00613
66
1
70
0
0
VERTEX
8
P00613
10
176.783998
20
238.251995
30
0.0
0
VERTEX
8
P00613
10
176.868661
20
238.251995
30
0.0
0
SEQEND
0
POLYLINE
8
P00614
66
1
70
0
0
VERTEX
8
P00614
10
176.699324
20
238.167326
30
0.0
0
VERTEX
8
P00614
10
176.868661
20
238.167326
30
0.0
0
SEQEND
0
POLYLINE
8
P00615
66
1
70
0
0
VERTEX
8
P00615
10
176.614661
20
238.082658
30
0.0
0
VERTEX
8
P00615
10
176.868661
20
238.082658
30
0.0
0
SEQEND
0
POLYLINE
8
P00616
66
1
70
0
0
VERTEX
8
P00616
10
176.614661
20
237.997994
30
0.0
0
VERTEX
8
P00616
10
176.868661
20
237.997994
30
0.0
0
SEQEND
0
POLYLINE
8
P00617
66
1
70
0
0
VERTEX
8
P00617
10
176.529998
20
237.913326
30
0.0
0
VERTEX
8
P00617
10
176.868661
20
237.913326
30
0.0
0
SEQEND
0
POLYLINE
8
P00618
66
1
70
0
0
VERTEX
8
P00618
10
176.445335
20
237.828663
30
0.0
0
VERTEX
8
P00618
10
176.868661
20
237.828663
30
0.0
0
SEQEND
0
POLYLINE
8
P00619
66
1
70
0
0
VERTEX
8
P00619
10
176.445335
20
237.743994
30
0.0
0
VERTEX
8
P00619
10
176.868661
20
237.743994
30
0.0
0
SEQEND
0
POLYLINE
8
P00620
66
1
70
0
0
VERTEX
8
P00620
10
176.360661
20
237.659325
30
0.0
0
VERTEX
8
P00620
10
176.868661
20
237.659325
30
0.0
0
SEQEND
0
POLYLINE
8
P00621
66
1
70
0
0
VERTEX
8
P00621
10
176.275997
20
237.574662
30
0.0
0
VERTEX
8
P00621
10
176.868661
20
237.574662
30
0.0
0
SEQEND
0
POLYLINE
8
P00622
66
1
70
0
0
VERTEX
8
P00622
10
176.275997
20
237.489994
30
0.0
0
VERTEX
8
P00622
10
176.868661
20
237.489994
30
0.0
0
SEQEND
0
POLYLINE
8
P00623
66
1
70
0
0
VERTEX
8
P00623
10
176.191334
20
237.405325
30
0.0
0
VERTEX
8
P00623
10
176.868661
20
237.405325
30
0.0
0
SEQEND
0
POLYLINE
8
P00624
66
1
70
0
0
VERTEX
8
P00624
10
176.106660
20
237.320662
30
0.0
0
VERTEX
8
P00624
10
176.783998
20
237.320662
30
0.0
0
SEQEND
0
POLYLINE
8
P00625
66
1
70
0
0
VERTEX
8
P00625
10
176.021997
20
237.235993
30
0.0
0
VERTEX
8
P00625
10
176.699324
20
237.235993
30
0.0
0
SEQEND
0
POLYLINE
8
P00626
66
1
70
0
0
VERTEX
8
P00626
10
176.021997
20
237.151325
30
0.0
0
VERTEX
8
P00626
10
176.614661
20
237.151325
30
0.0
0
SEQEND
0
POLYLINE
8
P00627
66
1
70
0
0
VERTEX
8
P00627
10
175.937334
20
237.066661
30
0.0
0
VERTEX
8
P00627
10
176.529998
20
237.066661
30
0.0
0
SEQEND
0
POLYLINE
8
P00628
66
1
70
0
0
VERTEX
8
P00628
10
175.852660
20
236.981993
30
0.0
0
VERTEX
8
P00628
10
176.445335
20
236.981993
30
0.0
0
SEQEND
0
POLYLINE
8
P00629
66
1
70
0
0
VERTEX
8
P00629
10
175.852660
20
236.897329
30
0.0
0
VERTEX
8
P00629
10
176.360661
20
236.897329
30
0.0
0
SEQEND
0
POLYLINE
8
P00630
66
1
70
0
0
VERTEX
8
P00630
10
175.767997
20
236.812661
30
0.0
0
VERTEX
8
P00630
10
176.275997
20
236.812661
30
0.0
0
SEQEND
0
POLYLINE
8
P00631
66
1
70
0
0
VERTEX
8
P00631
10
175.683333
20
236.727992
30
0.0
0
VERTEX
8
P00631
10
176.191334
20
236.727992
30
0.0
0
SEQEND
0
POLYLINE
8
P00632
66
1
70
0
0
VERTEX
8
P00632
10
175.683333
20
236.643329
30
0.0
0
VERTEX
8
P00632
10
176.191334
20
236.643329
30
0.0
0
SEQEND
0
POLYLINE
8
P00633
66
1
70
0
0
VERTEX
8
P00633
10
175.598659
20
236.558660
30
0.0
0
VERTEX
8
P00633
10
176.106660
20
236.558660
30
0.0
0
SEQEND
0
POLYLINE
8
P00634
66
1
70
0
0
VERTEX
8
P00634
10
175.513996
20
236.473992
30
0.0
0
VERTEX
8
P00634
10
176.021997
20
236.473992
30
0.0
0
SEQEND
0
POLYLINE
8
P00635
66
1
70
0
0
VERTEX
8
P00635
10
175.513996
20
236.389329
30
0.0
0
VERTEX
8
P00635
10
175.937334
20
236.389329
30
0.0
0
SEQEND
0
POLYLINE
8
P00636
66
1
70
0
0
VERTEX
8
P00636
10
175.429333
20
236.304660
30
0.0
0
VERTEX
8
P00636
10
175.852660
20
236.304660
30
0.0
0
SEQEND
0
POLYLINE
8
P00637
66
1
70
0
0
VERTEX
8
P00637
10
175.344659
20
236.219991
30
0.0
0
VERTEX
8
P00637
10
175.767997
20
236.219991
30
0.0
0
SEQEND
0
POLYLINE
8
P00638
66
1
70
0
0
VERTEX
8
P00638
10
175.259996
20
236.135328
30
0.0
0
VERTEX
8
P00638
10
175.683333
20
236.135328
30
0.0
0
SEQEND
0
POLYLINE
8
P00639
66
1
70
0
0
VERTEX
8
P00639
10
175.259996
20
236.050660
30
0.0
0
VERTEX
8
P00639
10
175.598659
20
236.050660
30
0.0
0
SEQEND
0
POLYLINE
8
P00640
66
1
70
0
0
VERTEX
8
P00640
10
175.175332
20
235.965991
30
0.0
0
VERTEX
8
P00640
10
175.513996
20
235.965991
30
0.0
0
SEQEND
0
POLYLINE
8
P00641
66
1
70
0
0
VERTEX
8
P00641
10
175.090658
20
235.881328
30
0.0
0
VERTEX
8
P00641
10
175.429333
20
235.881328
30
0.0
0
SEQEND
0
POLYLINE
8
P00642
66
1
70
0
0
VERTEX
8
P00642
10
175.090658
20
235.796659
30
0.0
0
VERTEX
8
P00642
10
175.429333
20
235.796659
30
0.0
0
SEQEND
0
POLYLINE
8
P00643
66
1
70
0
0
VERTEX
8
P00643
10
175.005995
20
235.711996
30
0.0
0
VERTEX
8
P00643
10
175.344659
20
235.711996
30
0.0
0
SEQEND
0
POLYLINE
8
P00644
66
1
70
0
0
VERTEX
8
P00644
10
174.921332
20
235.627327
30
0.0
0
VERTEX
8
P00644
10
175.259996
20
235.627327
30
0.0
0
SEQEND
0
POLYLINE
8
P00645
66
1
70
0
0
VERTEX
8
P00645
10
174.921332
20
235.542659
30
0.0
0
VERTEX
8
P00645
10
175.175332
20
235.542659
30
0.0
0
SEQEND
0
POLYLINE
8
P00646
66
1
70
0
0
VERTEX
8
P00646
10
174.836658
20
235.457995
30
0.0
0
VERTEX
8
P00646
10
175.090658
20
235.457995
30
0.0
0
SEQEND
0
POLYLINE
8
P00647
66
1
70
0
0
VERTEX
8
P00647
10
174.751995
20
235.373327
30
0.0
0
VERTEX
8
P00647
10
175.005995
20
235.373327
30
0.0
0
SEQEND
0
POLYLINE
8
P00648
66
1
70
0
0
VERTEX
8
P00648
10
174.751995
20
235.288658
30
0.0
0
VERTEX
8
P00648
10
174.921332
20
235.288658
30
0.0
0
SEQEND
0
POLYLINE
8
P00649
66
1
70
0
0
VERTEX
8
P00649
10
174.667332
20
235.203995
30
0.0
0
VERTEX
8
P00649
10
174.836658
20
235.203995
30
0.0
0
SEQEND
0
POLYLINE
8
P00650
66
1
70
0
0
VERTEX
8
P00650
10
174.582658
20
235.119326
30
0.0
0
VERTEX
8
P00650
10
174.751995
20
235.119326
30
0.0
0
SEQEND
0
POLYLINE
8
P00651
66
1
70
0
0
VERTEX
8
P00651
10
174.497994
20
235.034658
30
0.0
0
VERTEX
8
P00651
10
174.667332
20
235.034658
30
0.0
0
SEQEND
0
POLYLINE
8
P00652
66
1
70
0
0
VERTEX
8
P00652
10
174.497994
20
234.949995
30
0.0
0
VERTEX
8
P00652
10
174.667332
20
234.949995
30
0.0
0
SEQEND
0
POLYLINE
8
P00653
66
1
70
0
0
VERTEX
8
P00653
10
174.413331
20
234.865326
30
0.0
0
VERTEX
8
P00653
10
174.582658
20
234.865326
30
0.0
0
SEQEND
0
POLYLINE
8
P00654
66
1
70
0
0
VERTEX
8
P00654
10
174.328668
20
234.780663
30
0.0
0
VERTEX
8
P00654
10
174.497994
20
234.780663
30
0.0
0
SEQEND
0
POLYLINE
8
P00655
66
1
70
0
0
VERTEX
8
P00655
10
174.328668
20
234.695994
30
0.0
0
VERTEX
8
P00655
10
174.413331
20
234.695994
30
0.0
0
SEQEND
0
POLYLINE
8
P00656
66
1
70
0
0
VERTEX
8
P00656
10
174.243994
20
234.611326
30
0.0
0
VERTEX
8
P00656
10
174.328668
20
234.611326
30
0.0
0
SEQEND
0
POLYLINE
8
P00657
66
1
70
0
0
VERTEX
8
P00657
10
174.159331
20
234.526662
30
0.0
0
VERTEX
8
P00657
10
174.243994
20
234.526662
30
0.0
0
VERTEX
8
P00657
10
174.159331
20
234.526662
30
0.0
0
SEQEND
0
POLYLINE
8
P00658
66
1
70
0
0
VERTEX
8
P00658
10
169.248659
20
228.938658
30
0.0
0
VERTEX
8
P00658
10
173.905330
20
234.187993
30
0.0
0
VERTEX
8
P00658
10
169.248659
20
228.938658
30
0.0
0
SEQEND
0
POLYLINE
8
P00659
66
1
70
0
0
VERTEX
8
P00659
10
89.831333
20
258.910661
30
0.0
0
VERTEX
8
P00659
10
89.915996
20
258.910661
30
0.0
0
SEQEND
0
POLYLINE
8
P00660
66
1
70
0
0
VERTEX
8
P00660
10
89.746665
20
258.825992
30
0.0
0
VERTEX
8
P00660
10
90.000665
20
258.825992
30
0.0
0
SEQEND
0
POLYLINE
8
P00661
66
1
70
0
0
VERTEX
8
P00661
10
89.661996
20
258.741326
30
0.0
0
VERTEX
8
P00661
10
90.085334
20
258.741326
30
0.0
0
SEQEND
0
POLYLINE
8
P00662
66
1
70
0
0
VERTEX
8
P00662
10
89.577333
20
258.656660
30
0.0
0
VERTEX
8
P00662
10
90.169997
20
258.656660
30
0.0
0
SEQEND
0
POLYLINE
8
P00663
66
1
70
0
0
VERTEX
8
P00663
10
89.577333
20
258.571994
30
0.0
0
VERTEX
8
P00663
10
90.254665
20
258.571994
30
0.0
0
SEQEND
0
POLYLINE
8
P00664
66
1
70
0
0
VERTEX
8
P00664
10
89.492664
20
258.487326
30
0.0
0
VERTEX
8
P00664
10
90.339329
20
258.487326
30
0.0
0
SEQEND
0
POLYLINE
8
P00665
66
1
70
0
0
VERTEX
8
P00665
10
89.407995
20
258.402660
30
0.0
0
VERTEX
8
P00665
10
90.424003
20
258.402660
30
0.0
0
SEQEND
0
POLYLINE
8
P00666
66
1
70
0
0
VERTEX
8
P00666
10
89.323332
20
258.317994
30
0.0
0
VERTEX
8
P00666
10
90.508666
20
258.317994
30
0.0
0
SEQEND
0
POLYLINE
8
P00667
66
1
70
0
0
VERTEX
8
P00667
10
89.323332
20
258.233325
30
0.0
0
VERTEX
8
P00667
10
90.593329
20
258.233325
30
0.0
0
SEQEND
0
POLYLINE
8
P00668
66
1
70
0
0
VERTEX
8
P00668
10
89.238664
20
258.148659
30
0.0
0
VERTEX
8
P00668
10
90.678003
20
258.148659
30
0.0
0
SEQEND
0
POLYLINE
8
P00669
66
1
70
0
0
VERTEX
8
P00669
10
89.154000
20
258.063993
30
0.0
0
VERTEX
8
P00669
10
90.762666
20
258.063993
30
0.0
0
SEQEND
0
POLYLINE
8
P00670
66
1
70
0
0
VERTEX
8
P00670
10
89.069332
20
257.979328
30
0.0
0
VERTEX
8
P00670
10
90.847329
20
257.979328
30
0.0
0
SEQEND
0
POLYLINE
8
P00671
66
1
70
0
0
VERTEX
8
P00671
10
88.984663
20
257.894659
30
0.0
0
VERTEX
8
P00671
10
90.931993
20
257.894659
30
0.0
0
SEQEND
0
POLYLINE
8
P00672
66
1
70
0
0
VERTEX
8
P00672
10
88.984663
20
257.809993
30
0.0
0
VERTEX
8
P00672
10
91.016667
20
257.809993
30
0.0
0
SEQEND
0
POLYLINE
8
P00673
66
1
70
0
0
VERTEX
8
P00673
10
88.900000
20
257.725327
30
0.0
0
VERTEX
8
P00673
10
91.101330
20
257.725327
30
0.0
0
SEQEND
0
POLYLINE
8
P00674
66
1
70
0
0
VERTEX
8
P00674
10
88.815331
20
257.640658
30
0.0
0
VERTEX
8
P00674
10
91.185993
20
257.640658
30
0.0
0
SEQEND
0
POLYLINE
8
P00675
66
1
70
0
0
VERTEX
8
P00675
10
88.730663
20
257.555993
30
0.0
0
VERTEX
8
P00675
10
91.270667
20
257.555993
30
0.0
0
SEQEND
0
POLYLINE
8
P00676
66
1
70
0
0
VERTEX
8
P00676
10
88.730663
20
257.471327
30
0.0
0
VERTEX
8
P00676
10
91.355330
20
257.471327
30
0.0
0
SEQEND
0
POLYLINE
8
P00677
66
1
70
0
0
VERTEX
8
P00677
10
88.646000
20
257.386661
30
0.0
0
VERTEX
8
P00677
10
91.439994
20
257.386661
30
0.0
0
SEQEND
0
POLYLINE
8
P00678
66
1
70
0
0
VERTEX
8
P00678
10
88.561331
20
257.301992
30
0.0
0
VERTEX
8
P00678
10
91.524668
20
257.301992
30
0.0
0
SEQEND
0
POLYLINE
8
P00679
66
1
70
0
0
VERTEX
8
P00679
10
88.476662
20
257.217326
30
0.0
0
VERTEX
8
P00679
10
91.439994
20
257.217326
30
0.0
0
SEQEND
0
POLYLINE
8
P00680
66
1
70
0
0
VERTEX
8
P00680
10
88.476662
20
257.132660
30
0.0
0
VERTEX
8
P00680
10
91.355330
20
257.132660
30
0.0
0
SEQEND
0
POLYLINE
8
P00681
66
1
70
0
0
VERTEX
8
P00681
10
88.391999
20
257.047994
30
0.0
0
VERTEX
8
P00681
10
91.270667
20
257.047994
30
0.0
0
SEQEND
0
POLYLINE
8
P00682
66
1
70
0
0
VERTEX
8
P00682
10
88.307331
20
256.963326
30
0.0
0
VERTEX
8
P00682
10
91.101330
20
256.963326
30
0.0
0
SEQEND
0
POLYLINE
8
P00683
66
1
70
0
0
VERTEX
8
P00683
10
88.222667
20
256.878660
30
0.0
0
VERTEX
8
P00683
10
91.016667
20
256.878660
30
0.0
0
SEQEND
0
POLYLINE
8
P00684
66
1
70
0
0
VERTEX
8
P00684
10
88.137999
20
256.793994
30
0.0
0
VERTEX
8
P00684
10
90.931993
20
256.793994
30
0.0
0
SEQEND
0
POLYLINE
8
P00685
66
1
70
0
0
VERTEX
8
P00685
10
88.137999
20
256.709325
30
0.0
0
VERTEX
8
P00685
10
90.762666
20
256.709325
30
0.0
0
SEQEND
0
POLYLINE
8
P00686
66
1
70
0
0
VERTEX
8
P00686
10
88.053330
20
256.624659
30
0.0
0
VERTEX
8
P00686
10
90.678003
20
256.624659
30
0.0
0
SEQEND
0
POLYLINE
8
P00687
66
1
70
0
0
VERTEX
8
P00687
10
87.968667
20
256.539994
30
0.0
0
VERTEX
8
P00687
10
90.593329
20
256.539994
30
0.0
0
SEQEND
0
POLYLINE
8
P00688
66
1
70
0
0
VERTEX
8
P00688
10
87.883998
20
256.455328
30
0.0
0
VERTEX
8
P00688
10
90.508666
20
256.455328
30
0.0
0
SEQEND
0
POLYLINE
8
P00689
66
1
70
0
0
VERTEX
8
P00689
10
87.883998
20
256.370659
30
0.0
0
VERTEX
8
P00689
10
90.339329
20
256.370659
30
0.0
0
SEQEND
0
POLYLINE
8
P00690
66
1
70
0
0
VERTEX
8
P00690
10
87.799330
20
256.285993
30
0.0
0
VERTEX
8
P00690
10
90.254665
20
256.285993
30
0.0
0
SEQEND
0
POLYLINE
8
P00691
66
1
70
0
0
VERTEX
8
P00691
10
87.714666
20
256.201327
30
0.0
0
VERTEX
8
P00691
10
90.169997
20
256.201327
30
0.0
0
SEQEND
0
POLYLINE
8
P00692
66
1
70
0
0
VERTEX
8
P00692
10
87.629998
20
256.116659
30
0.0
0
VERTEX
8
P00692
10
90.000665
20
256.116659
30
0.0
0
SEQEND
0
POLYLINE
8
P00693
66
1
70
0
0
VERTEX
8
P00693
10
87.545329
20
256.031993
30
0.0
0
VERTEX
8
P00693
10
89.915996
20
256.031993
30
0.0
0
SEQEND
0
POLYLINE
8
P00694
66
1
70
0
0
VERTEX
8
P00694
10
87.545329
20
255.947327
30
0.0
0
VERTEX
8
P00694
10
89.831333
20
255.947327
30
0.0
0
SEQEND
0
POLYLINE
8
P00695
66
1
70
0
0
VERTEX
8
P00695
10
87.545329
20
255.862661
30
0.0
0
VERTEX
8
P00695
10
89.661996
20
255.862661
30
0.0
0
SEQEND
0
POLYLINE
8
P00696
66
1
70
0
0
VERTEX
8
P00696
10
87.460666
20
255.777992
30
0.0
0
VERTEX
8
P00696
10
89.577333
20
255.777992
30
0.0
0
SEQEND
0
POLYLINE
8
P00697
66
1
70
0
0
VERTEX
8
P00697
10
87.460666
20
255.693326
30
0.0
0
VERTEX
8
P00697
10
89.492664
20
255.693326
30
0.0
0
SEQEND
0
POLYLINE
8
P00698
66
1
70
0
0
VERTEX
8
P00698
10
87.375997
20
255.608660
30
0.0
0
VERTEX
8
P00698
10
89.407995
20
255.608660
30
0.0
0
SEQEND
0
POLYLINE
8
P00699
66
1
70
0
0
VERTEX
8
P00699
10
87.375997
20
255.523995
30
0.0
0
VERTEX
8
P00699
10
89.238664
20
255.523995
30
0.0
0
SEQEND
0
POLYLINE
8
P00700
66
1
70
0
0
VERTEX
8
P00700
10
87.291329
20
255.439326
30
0.0
0
VERTEX
8
P00700
10
89.154000
20
255.439326
30
0.0
0
SEQEND
0
POLYLINE
8
P00701
66
1
70
0
0
VERTEX
8
P00701
10
87.291329
20
255.354660
30
0.0
0
VERTEX
8
P00701
10
89.069332
20
255.354660
30
0.0
0
SEQEND
0
POLYLINE
8
P00702
66
1
70
0
0
VERTEX
8
P00702
10
87.291329
20
255.269994
30
0.0
0
VERTEX
8
P00702
10
88.900000
20
255.269994
30
0.0
0
SEQEND
0
POLYLINE
8
P00703
66
1
70
0
0
VERTEX
8
P00703
10
87.206666
20
255.185325
30
0.0
0
VERTEX
8
P00703
10
88.815331
20
255.185325
30
0.0
0
SEQEND
0
POLYLINE
8
P00704
66
1
70
0
0
VERTEX
8
P00704
10
87.206666
20
255.100660
30
0.0
0
VERTEX
8
P00704
10
88.730663
20
255.100660
30
0.0
0
SEQEND
0
POLYLINE
8
P00705
66
1
70
0
0
VERTEX
8
P00705
10
87.121997
20
255.015994
30
0.0
0
VERTEX
8
P00705
10
88.561331
20
255.015994
30
0.0
0
SEQEND
0
POLYLINE
8
P00706
66
1
70
0
0
VERTEX
8
P00706
10
87.121997
20
254.931328
30
0.0
0
VERTEX
8
P00706
10
88.391999
20
254.931328
30
0.0
0
SEQEND
0
POLYLINE
8
P00707
66
1
70
0
0
VERTEX
8
P00707
10
87.037334
20
254.846659
30
0.0
0
VERTEX
8
P00707
10
88.222667
20
254.846659
30
0.0
0
SEQEND
0
POLYLINE
8
P00708
66
1
70
0
0
VERTEX
8
P00708
10
87.037334
20
254.761993
30
0.0
0
VERTEX
8
P00708
10
87.968667
20
254.761993
30
0.0
0
SEQEND
0
POLYLINE
8
P00709
66
1
70
0
0
VERTEX
8
P00709
10
87.037334
20
254.677327
30
0.0
0
VERTEX
8
P00709
10
87.799330
20
254.677327
30
0.0
0
SEQEND
0
POLYLINE
8
P00710
66
1
70
0
0
VERTEX
8
P00710
10
86.952665
20
254.592659
30
0.0
0
VERTEX
8
P00710
10
87.629998
20
254.592659
30
0.0
0
SEQEND
0
POLYLINE
8
P00711
66
1
70
0
0
VERTEX
8
P00711
10
86.952665
20
254.507993
30
0.0
0
VERTEX
8
P00711
10
87.375997
20
254.507993
30
0.0
0
SEQEND
0
POLYLINE
8
P00712
66
1
70
0
0
VERTEX
8
P00712
10
86.867997
20
254.423327
30
0.0
0
VERTEX
8
P00712
10
87.206666
20
254.423327
30
0.0
0
SEQEND
0
POLYLINE
8
P00713
66
1
70
0
0
VERTEX
8
P00713
10
86.867997
20
254.338661
30
0.0
0
VERTEX
8
P00713
10
87.037334
20
254.338661
30
0.0
0
VERTEX
8
P00713
10
86.867997
20
254.338661
30
0.0
0
SEQEND
0
POLYLINE
8
P00714
66
1
70
0
0
VERTEX
8
P00714
10
86.783333
20
254.253992
30
0.0
0
VERTEX
8
P00714
10
89.831333
20
258.233325
30
0.0
0
VERTEX
8
P00714
10
86.783333
20
254.253992
30
0.0
0
SEQEND
0
POLYLINE
8
P00715
66
1
70
0
0
VERTEX
8
P00715
10
89.831333
20
258.233325
30
0.0
0
VERTEX
8
P00715
10
90.000665
20
257.386661
30
0.0
0
VERTEX
8
P00715
10
89.831333
20
258.233325
30
0.0
0
SEQEND
0
POLYLINE
8
P00716
66
1
70
0
0
VERTEX
8
P00716
10
90.000665
20
257.386661
30
0.0
0
VERTEX
8
P00716
10
90.762666
20
257.301992
30
0.0
0
VERTEX
8
P00716
10
90.000665
20
257.386661
30
0.0
0
SEQEND
0
POLYLINE
8
P00717
66
1
70
0
0
VERTEX
8
P00717
10
90.762666
20
257.301992
30
0.0
0
VERTEX
8
P00717
10
86.783333
20
254.253992
30
0.0
0
VERTEX
8
P00717
10
90.762666
20
257.301992
30
0.0
0
SEQEND
0
POLYLINE
8
P00718
66
1
70
0
0
VERTEX
8
P00718
10
89.831333
20
258.148659
30
0.0
0
VERTEX
8
P00718
10
89.915996
20
258.148659
30
0.0
0
SEQEND
0
POLYLINE
8
P00719
66
1
70
0
0
VERTEX
8
P00719
10
89.746665
20
258.063993
30
0.0
0
VERTEX
8
P00719
10
89.915996
20
258.063993
30
0.0
0
SEQEND
0
POLYLINE
8
P00720
66
1
70
0
0
VERTEX
8
P00720
10
89.661996
20
257.979328
30
0.0
0
VERTEX
8
P00720
10
89.915996
20
257.979328
30
0.0
0
SEQEND
0
POLYLINE
8
P00721
66
1
70
0
0
VERTEX
8
P00721
10
89.577333
20
257.894659
30
0.0
0
VERTEX
8
P00721
10
89.915996
20
257.894659
30
0.0
0
SEQEND
0
POLYLINE
8
P00722
66
1
70
0
0
VERTEX
8
P00722
10
89.577333
20
257.809993
30
0.0
0
VERTEX
8
P00722
10
89.915996
20
257.809993
30
0.0
0
SEQEND
0
POLYLINE
8
P00723
66
1
70
0
0
VERTEX
8
P00723
10
89.492664
20
257.725327
30
0.0
0
VERTEX
8
P00723
10
90.000665
20
257.725327
30
0.0
0
SEQEND
0
POLYLINE
8
P00724
66
1
70
0
0
VERTEX
8
P00724
10
89.407995
20
257.640658
30
0.0
0
VERTEX
8
P00724
10
90.000665
20
257.640658
30
0.0
0
SEQEND
0
POLYLINE
8
P00725
66
1
70
0
0
VERTEX
8
P00725
10
89.323332
20
257.555993
30
0.0
0
VERTEX
8
P00725
10
90.000665
20
257.555993
30
0.0
0
SEQEND
0
POLYLINE
8
P00726
66
1
70
0
0
VERTEX
8
P00726
10
89.323332
20
257.471327
30
0.0
0
VERTEX
8
P00726
10
90.000665
20
257.471327
30
0.0
0
SEQEND
0
POLYLINE
8
P00727
66
1
70
0
0
VERTEX
8
P00727
10
89.238664
20
257.386661
30
0.0
0
VERTEX
8
P00727
10
90.000665
20
257.386661
30
0.0
0
SEQEND
0
POLYLINE
8
P00728
66
1
70
0
0
VERTEX
8
P00728
10
89.154000
20
257.301992
30
0.0
0
VERTEX
8
P00728
10
89.915996
20
257.301992
30
0.0
0
SEQEND
0
POLYLINE
8
P00729
66
1
70
0
0
VERTEX
8
P00729
10
89.069332
20
257.217326
30
0.0
0
VERTEX
8
P00729
10
89.831333
20
257.217326
30
0.0
0
SEQEND
0
POLYLINE
8
P00730
66
1
70
0
0
VERTEX
8
P00730
10
89.069332
20
257.132660
30
0.0
0
VERTEX
8
P00730
10
89.746665
20
257.132660
30
0.0
0
SEQEND
0
POLYLINE
8
P00731
66
1
70
0
0
VERTEX
8
P00731
10
88.984663
20
257.047994
30
0.0
0
VERTEX
8
P00731
10
89.661996
20
257.047994
30
0.0
0
SEQEND
0
POLYLINE
8
P00732
66
1
70
0
0
VERTEX
8
P00732
10
88.900000
20
256.963326
30
0.0
0
VERTEX
8
P00732
10
89.577333
20
256.963326
30
0.0
0
SEQEND
0
POLYLINE
8
P00733
66
1
70
0
0
VERTEX
8
P00733
10
88.815331
20
256.878660
30
0.0
0
VERTEX
8
P00733
10
89.492664
20
256.878660
30
0.0
0
SEQEND
0
POLYLINE
8
P00734
66
1
70
0
0
VERTEX
8
P00734
10
88.730663
20
256.793994
30
0.0
0
VERTEX
8
P00734
10
89.407995
20
256.793994
30
0.0
0
SEQEND
0
POLYLINE
8
P00735
66
1
70
0
0
VERTEX
8
P00735
10
88.730663
20
256.709325
30
0.0
0
VERTEX
8
P00735
10
89.323332
20
256.709325
30
0.0
0
SEQEND
0
POLYLINE
8
P00736
66
1
70
0
0
VERTEX
8
P00736
10
88.646000
20
256.624659
30
0.0
0
VERTEX
8
P00736
10
89.238664
20
256.624659
30
0.0
0
SEQEND
0
POLYLINE
8
P00737
66
1
70
0
0
VERTEX
8
P00737
10
88.561331
20
256.539994
30
0.0
0
VERTEX
8
P00737
10
89.154000
20
256.539994
30
0.0
0
SEQEND
0
POLYLINE
8
P00738
66
1
70
0
0
VERTEX
8
P00738
10
88.476662
20
256.455328
30
0.0
0
VERTEX
8
P00738
10
89.069332
20
256.455328
30
0.0
0
SEQEND
0
POLYLINE
8
P00739
66
1
70
0
0
VERTEX
8
P00739
10
88.476662
20
256.370659
30
0.0
0
VERTEX
8
P00739
10
88.984663
20
256.370659
30
0.0
0
SEQEND
0
POLYLINE
8
P00740
66
1
70
0
0
VERTEX
8
P00740
10
88.391999
20
256.285993
30
0.0
0
VERTEX
8
P00740
10
88.900000
20
256.285993
30
0.0
0
SEQEND
0
POLYLINE
8
P00741
66
1
70
0
0
VERTEX
8
P00741
10
88.307331
20
256.201327
30
0.0
0
VERTEX
8
P00741
10
88.815331
20
256.201327
30
0.0
0
SEQEND
0
POLYLINE
8
P00742
66
1
70
0
0
VERTEX
8
P00742
10
88.222667
20
256.116659
30
0.0
0
VERTEX
8
P00742
10
88.730663
20
256.116659
30
0.0
0
SEQEND
0
POLYLINE
8
P00743
66
1
70
0
0
VERTEX
8
P00743
10
88.222667
20
256.031993
30
0.0
0
VERTEX
8
P00743
10
88.646000
20
256.031993
30
0.0
0
SEQEND
0
POLYLINE
8
P00744
66
1
70
0
0
VERTEX
8
P00744
10
88.137999
20
255.947327
30
0.0
0
VERTEX
8
P00744
10
88.561331
20
255.947327
30
0.0
0
SEQEND
0
POLYLINE
8
P00745
66
1
70
0
0
VERTEX
8
P00745
10
88.053330
20
255.862661
30
0.0
0
VERTEX
8
P00745
10
88.476662
20
255.862661
30
0.0
0
SEQEND
0
POLYLINE
8
P00746
66
1
70
0
0
VERTEX
8
P00746
10
87.968667
20
255.777992
30
0.0
0
VERTEX
8
P00746
10
88.391999
20
255.777992
30
0.0
0
SEQEND
0
POLYLINE
8
P00747
66
1
70
0
0
VERTEX
8
P00747
10
87.968667
20
255.693326
30
0.0
0
VERTEX
8
P00747
10
88.307331
20
255.693326
30
0.0
0
SEQEND
0
POLYLINE
8
P00748
66
1
70
0
0
VERTEX
8
P00748
10
87.883998
20
255.608660
30
0.0
0
VERTEX
8
P00748
10
88.222667
20
255.608660
30
0.0
0
SEQEND
0
POLYLINE
8
P00749
66
1
70
0
0
VERTEX
8
P00749
10
87.799330
20
255.523995
30
0.0
0
VERTEX
8
P00749
10
88.137999
20
255.523995
30
0.0
0
SEQEND
0
POLYLINE
8
P00750
66
1
70
0
0
VERTEX
8
P00750
10
87.714666
20
255.439326
30
0.0
0
VERTEX
8
P00750
10
88.053330
20
255.439326
30
0.0
0
SEQEND
0
POLYLINE
8
P00751
66
1
70
0
0
VERTEX
8
P00751
10
87.629998
20
255.354660
30
0.0
0
VERTEX
8
P00751
10
87.968667
20
255.354660
30
0.0
0
SEQEND
0
POLYLINE
8
P00752
66
1
70
0
0
VERTEX
8
P00752
10
87.629998
20
255.269994
30
0.0
0
VERTEX
8
P00752
10
87.883998
20
255.269994
30
0.0
0
SEQEND
0
POLYLINE
8
P00753
66
1
70
0
0
VERTEX
8
P00753
10
87.545329
20
255.185325
30
0.0
0
VERTEX
8
P00753
10
87.799330
20
255.185325
30
0.0
0
SEQEND
0
POLYLINE
8
P00754
66
1
70
0
0
VERTEX
8
P00754
10
87.460666
20
255.100660
30
0.0
0
VERTEX
8
P00754
10
87.714666
20
255.100660
30
0.0
0
SEQEND
0
POLYLINE
8
P00755
66
1
70
0
0
VERTEX
8
P00755
10
87.375997
20
255.015994
30
0.0
0
VERTEX
8
P00755
10
87.629998
20
255.015994
30
0.0
0
SEQEND
0
POLYLINE
8
P00756
66
1
70
0
0
VERTEX
8
P00756
10
87.375997
20
254.931328
30
0.0
0
VERTEX
8
P00756
10
87.545329
20
254.931328
30
0.0
0
SEQEND
0
POLYLINE
8
P00757
66
1
70
0
0
VERTEX
8
P00757
10
87.291329
20
254.846659
30
0.0
0
VERTEX
8
P00757
10
87.460666
20
254.846659
30
0.0
0
SEQEND
0
POLYLINE
8
P00758
66
1
70
0
0
VERTEX
8
P00758
10
87.206666
20
254.761993
30
0.0
0
VERTEX
8
P00758
10
87.375997
20
254.761993
30
0.0
0
SEQEND
0
POLYLINE
8
P00759
66
1
70
0
0
VERTEX
8
P00759
10
87.121997
20
254.677327
30
0.0
0
VERTEX
8
P00759
10
87.291329
20
254.677327
30
0.0
0
SEQEND
0
POLYLINE
8
P00760
66
1
70
0
0
VERTEX
8
P00760
10
87.121997
20
254.592659
30
0.0
0
VERTEX
8
P00760
10
87.206666
20
254.592659
30
0.0
0
SEQEND
0
POLYLINE
8
P00761
66
1
70
0
0
VERTEX
8
P00761
10
87.037334
20
254.507993
30
0.0
0
VERTEX
8
P00761
10
87.121997
20
254.507993
30
0.0
0
SEQEND
0
POLYLINE
8
P00762
66
1
70
0
0
VERTEX
8
P00762
10
86.952665
20
254.423327
30
0.0
0
VERTEX
8
P00762
10
87.037334
20
254.423327
30
0.0
0
SEQEND
0
POLYLINE
8
P00763
66
1
70
0
0
VERTEX
8
P00763
10
86.867997
20
254.338661
30
0.0
0
VERTEX
8
P00763
10
86.952665
20
254.338661
30
0.0
0
VERTEX
8
P00763
10
86.867997
20
254.338661
30
0.0
0
SEQEND
0
POLYLINE
8
P00764
66
1
70
0
0
VERTEX
8
P00764
10
89.915996
20
257.301992
30
0.0
0
VERTEX
8
P00764
10
90.762666
20
257.301992
30
0.0
0
SEQEND
0
POLYLINE
8
P00765
66
1
70
0
0
VERTEX
8
P00765
10
89.831333
20
257.217326
30
0.0
0
VERTEX
8
P00765
10
90.678003
20
257.217326
30
0.0
0
SEQEND
0
POLYLINE
8
P00766
66
1
70
0
0
VERTEX
8
P00766
10
89.746665
20
257.132660
30
0.0
0
VERTEX
8
P00766
10
90.593329
20
257.132660
30
0.0
0
SEQEND
0
POLYLINE
8
P00767
66
1
70
0
0
VERTEX
8
P00767
10
89.661996
20
257.047994
30
0.0
0
VERTEX
8
P00767
10
90.508666
20
257.047994
30
0.0
0
SEQEND
0
POLYLINE
8
P00768
66
1
70
0
0
VERTEX
8
P00768
10
89.577333
20
256.963326
30
0.0
0
VERTEX
8
P00768
10
90.339329
20
256.963326
30
0.0
0
SEQEND
0
POLYLINE
8
P00769
66
1
70
0
0
VERTEX
8
P00769
10
89.492664
20
256.878660
30
0.0
0
VERTEX
8
P00769
10
90.254665
20
256.878660
30
0.0
0
SEQEND
0
POLYLINE
8
P00770
66
1
70
0
0
VERTEX
8
P00770
10
89.407995
20
256.793994
30
0.0
0
VERTEX
8
P00770
10
90.169997
20
256.793994
30
0.0
0
SEQEND
0
POLYLINE
8
P00771
66
1
70
0
0
VERTEX
8
P00771
10
89.323332
20
256.709325
30
0.0
0
VERTEX
8
P00771
10
90.000665
20
256.709325
30
0.0
0
SEQEND
0
POLYLINE
8
P00772
66
1
70
0
0
VERTEX
8
P00772
10
89.238664
20
256.624659
30
0.0
0
VERTEX
8
P00772
10
89.915996
20
256.624659
30
0.0
0
SEQEND
0
POLYLINE
8
P00773
66
1
70
0
0
VERTEX
8
P00773
10
89.154000
20
256.539994
30
0.0
0
VERTEX
8
P00773
10
89.831333
20
256.539994
30
0.0
0
SEQEND
0
POLYLINE
8
P00774
66
1
70
0
0
VERTEX
8
P00774
10
89.069332
20
256.455328
30
0.0
0
VERTEX
8
P00774
10
89.661996
20
256.455328
30
0.0
0
SEQEND
0
POLYLINE
8
P00775
66
1
70
0
0
VERTEX
8
P00775
10
88.984663
20
256.370659
30
0.0
0
VERTEX
8
P00775
10
89.577333
20
256.370659
30
0.0
0
SEQEND
0
POLYLINE
8
P00776
66
1
70
0
0
VERTEX
8
P00776
10
88.900000
20
256.285993
30
0.0
0
VERTEX
8
P00776
10
89.492664
20
256.285993
30
0.0
0
SEQEND
0
POLYLINE
8
P00777
66
1
70
0
0
VERTEX
8
P00777
10
88.815331
20
256.201327
30
0.0
0
VERTEX
8
P00777
10
89.407995
20
256.201327
30
0.0
0
SEQEND
0
POLYLINE
8
P00778
66
1
70
0
0
VERTEX
8
P00778
10
88.730663
20
256.116659
30
0.0
0
VERTEX
8
P00778
10
89.238664
20
256.116659
30
0.0
0
SEQEND
0
POLYLINE
8
P00779
66
1
70
0
0
VERTEX
8
P00779
10
88.646000
20
256.031993
30
0.0
0
VERTEX
8
P00779
10
89.154000
20
256.031993
30
0.0
0
SEQEND
0
POLYLINE
8
P00780
66
1
70
0
0
VERTEX
8
P00780
10
88.561331
20
255.947327
30
0.0
0
VERTEX
8
P00780
10
89.069332
20
255.947327
30
0.0
0
SEQEND
0
POLYLINE
8
P00781
66
1
70
0
0
VERTEX
8
P00781
10
88.476662
20
255.862661
30
0.0
0
VERTEX
8
P00781
10
88.900000
20
255.862661
30
0.0
0
SEQEND
0
POLYLINE
8
P00782
66
1
70
0
0
VERTEX
8
P00782
10
88.391999
20
255.777992
30
0.0
0
VERTEX
8
P00782
10
88.815331
20
255.777992
30
0.0
0
SEQEND
0
POLYLINE
8
P00783
66
1
70
0
0
VERTEX
8
P00783
10
88.307331
20
255.693326
30
0.0
0
VERTEX
8
P00783
10
88.730663
20
255.693326
30
0.0
0
SEQEND
0
POLYLINE
8
P00784
66
1
70
0
0
VERTEX
8
P00784
10
88.222667
20
255.608660
30
0.0
0
VERTEX
8
P00784
10
88.561331
20
255.608660
30
0.0
0
SEQEND
0
POLYLINE
8
P00785
66
1
70
0
0
VERTEX
8
P00785
10
88.137999
20
255.523995
30
0.0
0
VERTEX
8
P00785
10
88.476662
20
255.523995
30
0.0
0
SEQEND
0
POLYLINE
8
P00786
66
1
70
0
0
VERTEX
8
P00786
10
88.053330
20
255.439326
30
0.0
0
VERTEX
8
P00786
10
88.391999
20
255.439326
30
0.0
0
SEQEND
0
POLYLINE
8
P00787
66
1
70
0
0
VERTEX
8
P00787
10
87.968667
20
255.354660
30
0.0
0
VERTEX
8
P00787
10
88.222667
20
255.354660
30
0.0
0
SEQEND
0
POLYLINE
8
P00788
66
1
70
0
0
VERTEX
8
P00788
10
87.883998
20
255.269994
30
0.0
0
VERTEX
8
P00788
10
88.137999
20
255.269994
30
0.0
0
SEQEND
0
POLYLINE
8
P00789
66
1
70
0
0
VERTEX
8
P00789
10
87.799330
20
255.185325
30
0.0
0
VERTEX
8
P00789
10
88.053330
20
255.185325
30
0.0
0
SEQEND
0
POLYLINE
8
P00790
66
1
70
0
0
VERTEX
8
P00790
10
87.714666
20
255.100660
30
0.0
0
VERTEX
8
P00790
10
87.968667
20
255.100660
30
0.0
0
SEQEND
0
POLYLINE
8
P00791
66
1
70
0
0
VERTEX
8
P00791
10
87.629998
20
255.015994
30
0.0
0
VERTEX
8
P00791
10
87.799330
20
255.015994
30
0.0
0
SEQEND
0
POLYLINE
8
P00792
66
1
70
0
0
VERTEX
8
P00792
10
87.545329
20
254.931328
30
0.0
0
VERTEX
8
P00792
10
87.714666
20
254.931328
30
0.0
0
SEQEND
0
POLYLINE
8
P00793
66
1
70
0
0
VERTEX
8
P00793
10
87.460666
20
254.846659
30
0.0
0
VERTEX
8
P00793
10
87.629998
20
254.846659
30
0.0
0
SEQEND
0
POLYLINE
8
P00794
66
1
70
0
0
VERTEX
8
P00794
10
87.375997
20
254.761993
30
0.0
0
VERTEX
8
P00794
10
87.460666
20
254.761993
30
0.0
0
SEQEND
0
POLYLINE
8
P00795
66
1
70
0
0
VERTEX
8
P00795
10
87.291329
20
254.677327
30
0.0
0
VERTEX
8
P00795
10
87.375997
20
254.677327
30
0.0
0
SEQEND
0
POLYLINE
8
P00796
66
1
70
0
0
VERTEX
8
P00796
10
87.206666
20
254.592659
30
0.0
0
VERTEX
8
P00796
10
87.291329
20
254.592659
30
0.0
0
VERTEX
8
P00796
10
87.206666
20
254.592659
30
0.0
0
SEQEND
0
POLYLINE
8
P00797
66
1
70
0
0
VERTEX
8
P00797
10
93.725997
20
261.196659
30
0.0
0
VERTEX
8
P00797
10
93.895335
20
261.196659
30
0.0
0
SEQEND
0
POLYLINE
8
P00798
66
1
70
0
0
VERTEX
8
P00798
10
93.471997
20
261.111993
30
0.0
0
VERTEX
8
P00798
10
93.895335
20
261.111993
30
0.0
0
SEQEND
0
POLYLINE
8
P00799
66
1
70
0
0
VERTEX
8
P00799
10
93.302660
20
261.027327
30
0.0
0
VERTEX
8
P00799
10
93.810661
20
261.027327
30
0.0
0
SEQEND
0
POLYLINE
8
P00800
66
1
70
0
0
VERTEX
8
P00800
10
93.048659
20
260.942659
30
0.0
0
VERTEX
8
P00800
10
93.810661
20
260.942659
30
0.0
0
SEQEND
0
POLYLINE
8
P00801
66
1
70
0
0
VERTEX
8
P00801
10
92.794670
20
260.857993
30
0.0
0
VERTEX
8
P00801
10
93.725997
20
260.857993
30
0.0
0
SEQEND
0
POLYLINE
8
P00802
66
1
70
0
0
VERTEX
8
P00802
10
92.625332
20
260.773327
30
0.0
0
VERTEX
8
P00802
10
93.725997
20
260.773327
30
0.0
0
SEQEND
0
POLYLINE
8
P00803
66
1
70
0
0
VERTEX
8
P00803
10
92.371332
20
260.688661
30
0.0
0
VERTEX
8
P00803
10
93.641334
20
260.688661
30
0.0
0
SEQEND
0
POLYLINE
8
P00804
66
1
70
0
0
VERTEX
8
P00804
10
92.117332
20
260.603992
30
0.0
0
VERTEX
8
P00804
10
93.641334
20
260.603992
30
0.0
0
SEQEND
0
POLYLINE
8
P00805
66
1
70
0
0
VERTEX
8
P00805
10
92.032668
20
260.519326
30
0.0
0
VERTEX
8
P00805
10
93.641334
20
260.519326
30
0.0
0
SEQEND
0
POLYLINE
8
P00806
66
1
70
0
0
VERTEX
8
P00806
10
91.947994
20
260.434661
30
0.0
0
VERTEX
8
P00806
10
93.556660
20
260.434661
30
0.0
0
SEQEND
0
POLYLINE
8
P00807
66
1
70
0
0
VERTEX
8
P00807
10
91.778668
20
260.349992
30
0.0
0
VERTEX
8
P00807
10
93.556660
20
260.349992
30
0.0
0
SEQEND
0
POLYLINE
8
P00808
66
1
70
0
0
VERTEX
8
P00808
10
91.693994
20
260.265326
30
0.0
0
VERTEX
8
P00808
10
93.471997
20
260.265326
30
0.0
0
SEQEND
0
POLYLINE
8
P00809
66
1
70
0
0
VERTEX
8
P00809
10
91.609331
20
260.180660
30
0.0
0
VERTEX
8
P00809
10
93.471997
20
260.180660
30
0.0
0
SEQEND
0
POLYLINE
8
P00810
66
1
70
0
0
VERTEX
8
P00810
10
91.439994
20
260.095994
30
0.0
0
VERTEX
8
P00810
10
93.387334
20
260.095994
30
0.0
0
SEQEND
0
POLYLINE
8
P00811
66
1
70
0
0
VERTEX
8
P00811
10
91.355330
20
260.011326
30
0.0
0
VERTEX
8
P00811
10
93.387334
20
260.011326
30
0.0
0
SEQEND
0
POLYLINE
8
P00812
66
1
70
0
0
VERTEX
8
P00812
10
91.270667
20
259.926660
30
0.0
0
VERTEX
8
P00812
10
93.387334
20
259.926660
30
0.0
0
SEQEND
0
POLYLINE
8
P00813
66
1
70
0
0
VERTEX
8
P00813
10
91.101330
20
259.841994
30
0.0
0
VERTEX
8
P00813
10
93.302660
20
259.841994
30
0.0
0
SEQEND
0
POLYLINE
8
P00814
66
1
70
0
0
VERTEX
8
P00814
10
91.016667
20
259.757325
30
0.0
0
VERTEX
8
P00814
10
93.302660
20
259.757325
30
0.0
0
SEQEND
0
POLYLINE
8
P00815
66
1
70
0
0
VERTEX
8
P00815
10
90.931993
20
259.672659
30
0.0
0
VERTEX
8
P00815
10
93.217997
20
259.672659
30
0.0
0
SEQEND
0
POLYLINE
8
P00816
66
1
70
0
0
VERTEX
8
P00816
10
90.762666
20
259.587993
30
0.0
0
VERTEX
8
P00816
10
93.217997
20
259.587993
30
0.0
0
SEQEND
0
POLYLINE
8
P00817
66
1
70
0
0
VERTEX
8
P00817
10
90.678003
20
259.503327
30
0.0
0
VERTEX
8
P00817
10
93.133333
20
259.503327
30
0.0
0
SEQEND
0
POLYLINE
8
P00818
66
1
70
0
0
VERTEX
8
P00818
10
90.593329
20
259.418659
30
0.0
0
VERTEX
8
P00818
10
93.133333
20
259.418659
30
0.0
0
SEQEND
0
POLYLINE
8
P00819
66
1
70
0
0
VERTEX
8
P00819
10
90.424003
20
259.333993
30
0.0
0
VERTEX
8
P00819
10
93.048659
20
259.333993
30
0.0
0
SEQEND
0
POLYLINE
8
P00820
66
1
70
0
0
VERTEX
8
P00820
10
90.339329
20
259.249327
30
0.0
0
VERTEX
8
P00820
10
92.963996
20
259.249327
30
0.0
0
SEQEND
0
POLYLINE
8
P00821
66
1
70
0
0
VERTEX
8
P00821
10
90.254665
20
259.164661
30
0.0
0
VERTEX
8
P00821
10
92.879333
20
259.164661
30
0.0
0
SEQEND
0
POLYLINE
8
P00822
66
1
70
0
0
VERTEX
8
P00822
10
90.085334
20
259.079992
30
0.0
0
VERTEX
8
P00822
10
92.879333
20
259.079992
30
0.0
0
SEQEND
0
POLYLINE
8
P00823
66
1
70
0
0
VERTEX
8
P00823
10
90.000665
20
258.995327
30
0.0
0
VERTEX
8
P00823
10
92.794670
20
258.995327
30
0.0
0
SEQEND
0
POLYLINE
8
P00824
66
1
70
0
0
VERTEX
8
P00824
10
89.915996
20
258.910661
30
0.0
0
VERTEX
8
P00824
10
92.709996
20
258.910661
30
0.0
0
SEQEND
0
POLYLINE
8
P00825
66
1
70
0
0
VERTEX
8
P00825
10
89.746665
20
258.825992
30
0.0
0
VERTEX
8
P00825
10
92.625332
20
258.825992
30
0.0
0
SEQEND
0
POLYLINE
8
P00826
66
1
70
0
0
VERTEX
8
P00826
10
89.661996
20
258.741326
30
0.0
0
VERTEX
8
P00826
10
92.625332
20
258.741326
30
0.0
0
SEQEND
0
POLYLINE
8
P00827
66
1
70
0
0
VERTEX
8
P00827
10
89.577333
20
258.656660
30
0.0
0
VERTEX
8
P00827
10
92.540669
20
258.656660
30
0.0
0
SEQEND
0
POLYLINE
8
P00828
66
1
70
0
0
VERTEX
8
P00828
10
89.407995
20
258.571994
30
0.0
0
VERTEX
8
P00828
10
92.455995
20
258.571994
30
0.0
0
SEQEND
0
POLYLINE
8
P00829
66
1
70
0
0
VERTEX
8
P00829
10
89.323332
20
258.487326
30
0.0
0
VERTEX
8
P00829
10
92.371332
20
258.487326
30
0.0
0
SEQEND
0
POLYLINE
8
P00830
66
1
70
0
0
VERTEX
8
P00830
10
89.238664
20
258.402660
30
0.0
0
VERTEX
8
P00830
10
92.286669
20
258.402660
30
0.0
0
SEQEND
0
POLYLINE
8
P00831
66
1
70
0
0
VERTEX
8
P00831
10
89.069332
20
258.317994
30
0.0
0
VERTEX
8
P00831
10
92.286669
20
258.317994
30
0.0
0
SEQEND
0
POLYLINE
8
P00832
66
1
70
0
0
VERTEX
8
P00832
10
89.154000
20
258.233325
30
0.0
0
VERTEX
8
P00832
10
92.201995
20
258.233325
30
0.0
0
SEQEND
0
POLYLINE
8
P00833
66
1
70
0
0
VERTEX
8
P00833
10
89.238664
20
258.148659
30
0.0
0
VERTEX
8
P00833
10
92.117332
20
258.148659
30
0.0
0
SEQEND
0
POLYLINE
8
P00834
66
1
70
0
0
VERTEX
8
P00834
10
89.323332
20
258.063993
30
0.0
0
VERTEX
8
P00834
10
92.032668
20
258.063993
30
0.0
0
SEQEND
0
POLYLINE
8
P00835
66
1
70
0
0
VERTEX
8
P00835
10
89.407995
20
257.979328
30
0.0
0
VERTEX
8
P00835
10
92.032668
20
257.979328
30
0.0
0
SEQEND
0
POLYLINE
8
P00836
66
1
70
0
0
VERTEX
8
P00836
10
89.492664
20
257.894659
30
0.0
0
VERTEX
8
P00836
10
91.947994
20
257.894659
30
0.0
0
SEQEND
0
POLYLINE
8
P00837
66
1
70
0
0
VERTEX
8
P00837
10
89.577333
20
257.809993
30
0.0
0
VERTEX
8
P00837
10
91.863331
20
257.809993
30
0.0
0
SEQEND
0
POLYLINE
8
P00838
66
1
70
0
0
VERTEX
8
P00838
10
89.661996
20
257.725327
30
0.0
0
VERTEX
8
P00838
10
91.778668
20
257.725327
30
0.0
0
SEQEND
0
POLYLINE
8
P00839
66
1
70
0
0
VERTEX
8
P00839
10
89.746665
20
257.640658
30
0.0
0
VERTEX
8
P00839
10
91.778668
20
257.640658
30
0.0
0
SEQEND
0
POLYLINE
8
P00840
66
1
70
0
0
VERTEX
8
P00840
10
89.831333
20
257.555993
30
0.0
0
VERTEX
8
P00840
10
91.693994
20
257.555993
30
0.0
0
SEQEND
0
POLYLINE
8
P00841
66
1
70
0
0
VERTEX
8
P00841
10
89.915996
20
257.471327
30
0.0
0
VERTEX
8
P00841
10
91.609331
20
257.471327
30
0.0
0
SEQEND
0
POLYLINE
8
P00842
66
1
70
0
0
VERTEX
8
P00842
10
90.000665
20
257.386661
30
0.0
0
VERTEX
8
P00842
10
91.524668
20
257.386661
30
0.0
0
SEQEND
0
POLYLINE
8
P00843
66
1
70
0
0
VERTEX
8
P00843
10
90.085334
20
257.301992
30
0.0
0
VERTEX
8
P00843
10
91.439994
20
257.301992
30
0.0
0
SEQEND
0
POLYLINE
8
P00844
66
1
70
0
0
VERTEX
8
P00844
10
90.169997
20
257.217326
30
0.0
0
VERTEX
8
P00844
10
91.439994
20
257.217326
30
0.0
0
SEQEND
0
POLYLINE
8
P00845
66
1
70
0
0
VERTEX
8
P00845
10
90.254665
20
257.132660
30
0.0
0
VERTEX
8
P00845
10
91.355330
20
257.132660
30
0.0
0
SEQEND
0
POLYLINE
8
P00846
66
1
70
0
0
VERTEX
8
P00846
10
90.339329
20
257.047994
30
0.0
0
VERTEX
8
P00846
10
91.270667
20
257.047994
30
0.0
0
SEQEND
0
POLYLINE
8
P00847
66
1
70
0
0
VERTEX
8
P00847
10
90.424003
20
256.963326
30
0.0
0
VERTEX
8
P00847
10
91.185993
20
256.963326
30
0.0
0
SEQEND
0
POLYLINE
8
P00848
66
1
70
0
0
VERTEX
8
P00848
10
90.508666
20
256.878660
30
0.0
0
VERTEX
8
P00848
10
91.185993
20
256.878660
30
0.0
0
SEQEND
0
POLYLINE
8
P00849
66
1
70
0
0
VERTEX
8
P00849
10
90.593329
20
256.793994
30
0.0
0
VERTEX
8
P00849
10
91.101330
20
256.793994
30
0.0
0
SEQEND
0
POLYLINE
8
P00850
66
1
70
0
0
VERTEX
8
P00850
10
90.678003
20
256.709325
30
0.0
0
VERTEX
8
P00850
10
91.016667
20
256.709325
30
0.0
0
SEQEND
0
POLYLINE
8
P00851
66
1
70
0
0
VERTEX
8
P00851
10
90.762666
20
256.624659
30
0.0
0
VERTEX
8
P00851
10
90.931993
20
256.624659
30
0.0
0
VERTEX
8
P00851
10
90.762666
20
256.624659
30
0.0
0
SEQEND
0
POLYLINE
8
P00852
66
1
70
0
0
VERTEX
8
P00852
10
93.895335
20
261.281328
30
0.0
0
VERTEX
8
P00852
10
90.762666
20
257.301992
30
0.0
0
VERTEX
8
P00852
10
93.895335
20
261.281328
30
0.0
0
SEQEND
0
POLYLINE
8
P00853
66
1
70
0
0
VERTEX
8
P00853
10
90.762666
20
257.301992
30
0.0
0
VERTEX
8
P00853
10
90.678003
20
258.148659
30
0.0
0
VERTEX
8
P00853
10
90.762666
20
257.301992
30
0.0
0
SEQEND
0
POLYLINE
8
P00854
66
1
70
0
0
VERTEX
8
P00854
10
90.678003
20
258.148659
30
0.0
0
VERTEX
8
P00854
10
89.831333
20
258.233325
30
0.0
0
VERTEX
8
P00854
10
90.678003
20
258.148659
30
0.0
0
SEQEND
0
POLYLINE
8
P00855
66
1
70
0
0
VERTEX
8
P00855
10
89.831333
20
258.233325
30
0.0
0
VERTEX
8
P00855
10
93.895335
20
261.281328
30
0.0
0
VERTEX
8
P00855
10
89.831333
20
258.233325
30
0.0
0
SEQEND
0
POLYLINE
8
P00856
66
1
70
0
0
VERTEX
8
P00856
10
93.810661
20
261.196659
30
0.0
0
VERTEX
8
P00856
10
93.895335
20
261.196659
30
0.0
0
SEQEND
0
POLYLINE
8
P00857
66
1
70
0
0
VERTEX
8
P00857
10
93.725997
20
261.111993
30
0.0
0
VERTEX
8
P00857
10
93.810661
20
261.111993
30
0.0
0
SEQEND
0
POLYLINE
8
P00858
66
1
70
0
0
VERTEX
8
P00858
10
93.641334
20
261.027327
30
0.0
0
VERTEX
8
P00858
10
93.725997
20
261.027327
30
0.0
0
SEQEND
0
POLYLINE
8
P00859
66
1
70
0
0
VERTEX
8
P00859
10
93.556660
20
260.942659
30
0.0
0
VERTEX
8
P00859
10
93.641334
20
260.942659
30
0.0
0
SEQEND
0
POLYLINE
8
P00860
66
1
70
0
0
VERTEX
8
P00860
10
93.471997
20
260.857993
30
0.0
0
VERTEX
8
P00860
10
93.641334
20
260.857993
30
0.0
0
SEQEND
0
POLYLINE
8
P00861
66
1
70
0
0
VERTEX
8
P00861
10
93.387334
20
260.773327
30
0.0
0
VERTEX
8
P00861
10
93.556660
20
260.773327
30
0.0
0
SEQEND
0
POLYLINE
8
P00862
66
1
70
0
0
VERTEX
8
P00862
10
93.302660
20
260.688661
30
0.0
0
VERTEX
8
P00862
10
93.471997
20
260.688661
30
0.0
0
SEQEND
0
POLYLINE
8
P00863
66
1
70
0
0
VERTEX
8
P00863
10
93.217997
20
260.603992
30
0.0
0
VERTEX
8
P00863
10
93.387334
20
260.603992
30
0.0
0
SEQEND
0
POLYLINE
8
P00864
66
1
70
0
0
VERTEX
8
P00864
10
93.133333
20
260.519326
30
0.0
0
VERTEX
8
P00864
10
93.302660
20
260.519326
30
0.0
0
SEQEND
0
POLYLINE
8
P00865
66
1
70
0
0
VERTEX
8
P00865
10
93.048659
20
260.434661
30
0.0
0
VERTEX
8
P00865
10
93.302660
20
260.434661
30
0.0
0
SEQEND
0
POLYLINE
8
P00866
66
1
70
0
0
VERTEX
8
P00866
10
92.963996
20
260.349992
30
0.0
0
VERTEX
8
P00866
10
93.217997
20
260.349992
30
0.0
0
SEQEND
0
POLYLINE
8
P00867
66
1
70
0
0
VERTEX
8
P00867
10
92.879333
20
260.265326
30
0.0
0
VERTEX
8
P00867
10
93.133333
20
260.265326
30
0.0
0
SEQEND
0
POLYLINE
8
P00868
66
1
70
0
0
VERTEX
8
P00868
10
92.794670
20
260.180660
30
0.0
0
VERTEX
8
P00868
10
93.048659
20
260.180660
30
0.0
0
SEQEND
0
POLYLINE
8
P00869
66
1
70
0
0
VERTEX
8
P00869
10
92.709996
20
260.095994
30
0.0
0
VERTEX
8
P00869
10
92.963996
20
260.095994
30
0.0
0
SEQEND
0
POLYLINE
8
P00870
66
1
70
0
0
VERTEX
8
P00870
10
92.625332
20
260.011326
30
0.0
0
VERTEX
8
P00870
10
92.963996
20
260.011326
30
0.0
0
SEQEND
0
POLYLINE
8
P00871
66
1
70
0
0
VERTEX
8
P00871
10
92.540669
20
259.926660
30
0.0
0
VERTEX
8
P00871
10
92.879333
20
259.926660
30
0.0
0
SEQEND
0
POLYLINE
8
P00872
66
1
70
0
0
VERTEX
8
P00872
10
92.455995
20
259.841994
30
0.0
0
VERTEX
8
P00872
10
92.794670
20
259.841994
30
0.0
0
SEQEND
0
POLYLINE
8
P00873
66
1
70
0
0
VERTEX
8
P00873
10
92.371332
20
259.757325
30
0.0
0
VERTEX
8
P00873
10
92.709996
20
259.757325
30
0.0
0
SEQEND
0
POLYLINE
8
P00874
66
1
70
0
0
VERTEX
8
P00874
10
92.286669
20
259.672659
30
0.0
0
VERTEX
8
P00874
10
92.709996
20
259.672659
30
0.0
0
SEQEND
0
POLYLINE
8
P00875
66
1
70
0
0
VERTEX
8
P00875
10
92.201995
20
259.587993
30
0.0
0
VERTEX
8
P00875
10
92.625332
20
259.587993
30
0.0
0
SEQEND
0
POLYLINE
8
P00876
66
1
70
0
0
VERTEX
8
P00876
10
92.117332
20
259.503327
30
0.0
0
VERTEX
8
P00876
10
92.540669
20
259.503327
30
0.0
0
SEQEND
0
POLYLINE
8
P00877
66
1
70
0
0
VERTEX
8
P00877
10
92.032668
20
259.418659
30
0.0
0
VERTEX
8
P00877
10
92.455995
20
259.418659
30
0.0
0
SEQEND
0
POLYLINE
8
P00878
66
1
70
0
0
VERTEX
8
P00878
10
91.947994
20
259.333993
30
0.0
0
VERTEX
8
P00878
10
92.371332
20
259.333993
30
0.0
0
SEQEND
0
POLYLINE
8
P00879
66
1
70
0
0
VERTEX
8
P00879
10
91.863331
20
259.249327
30
0.0
0
VERTEX
8
P00879
10
92.371332
20
259.249327
30
0.0
0
SEQEND
0
POLYLINE
8
P00880
66
1
70
0
0
VERTEX
8
P00880
10
91.778668
20
259.164661
30
0.0
0
VERTEX
8
P00880
10
92.286669
20
259.164661
30
0.0
0
SEQEND
0
POLYLINE
8
P00881
66
1
70
0
0
VERTEX
8
P00881
10
91.693994
20
259.079992
30
0.0
0
VERTEX
8
P00881
10
92.201995
20
259.079992
30
0.0
0
SEQEND
0
POLYLINE
8
P00882
66
1
70
0
0
VERTEX
8
P00882
10
91.609331
20
258.995327
30
0.0
0
VERTEX
8
P00882
10
92.117332
20
258.995327
30
0.0
0
SEQEND
0
POLYLINE
8
P00883
66
1
70
0
0
VERTEX
8
P00883
10
91.524668
20
258.910661
30
0.0
0
VERTEX
8
P00883
10
92.032668
20
258.910661
30
0.0
0
SEQEND
0
POLYLINE
8
P00884
66
1
70
0
0
VERTEX
8
P00884
10
91.439994
20
258.825992
30
0.0
0
VERTEX
8
P00884
10
92.032668
20
258.825992
30
0.0
0
SEQEND
0
POLYLINE
8
P00885
66
1
70
0
0
VERTEX
8
P00885
10
91.355330
20
258.741326
30
0.0
0
VERTEX
8
P00885
10
91.947994
20
258.741326
30
0.0
0
SEQEND
0
POLYLINE
8
P00886
66
1
70
0
0
VERTEX
8
P00886
10
91.270667
20
258.656660
30
0.0
0
VERTEX
8
P00886
10
91.863331
20
258.656660
30
0.0
0
SEQEND
0
POLYLINE
8
P00887
66
1
70
0
0
VERTEX
8
P00887
10
91.185993
20
258.571994
30
0.0
0
VERTEX
8
P00887
10
91.778668
20
258.571994
30
0.0
0
SEQEND
0
POLYLINE
8
P00888
66
1
70
0
0
VERTEX
8
P00888
10
91.101330
20
258.487326
30
0.0
0
VERTEX
8
P00888
10
91.778668
20
258.487326
30
0.0
0
SEQEND
0
POLYLINE
8
P00889
66
1
70
0
0
VERTEX
8
P00889
10
91.016667
20
258.402660
30
0.0
0
VERTEX
8
P00889
10
91.693994
20
258.402660
30
0.0
0
SEQEND
0
POLYLINE
8
P00890
66
1
70
0
0
VERTEX
8
P00890
10
90.931993
20
258.317994
30
0.0
0
VERTEX
8
P00890
10
91.609331
20
258.317994
30
0.0
0
SEQEND
0
POLYLINE
8
P00891
66
1
70
0
0
VERTEX
8
P00891
10
90.847329
20
258.233325
30
0.0
0
VERTEX
8
P00891
10
91.524668
20
258.233325
30
0.0
0
SEQEND
0
POLYLINE
8
P00892
66
1
70
0
0
VERTEX
8
P00892
10
90.678003
20
258.148659
30
0.0
0
VERTEX
8
P00892
10
91.439994
20
258.148659
30
0.0
0
SEQEND
0
POLYLINE
8
P00893
66
1
70
0
0
VERTEX
8
P00893
10
90.762666
20
258.063993
30
0.0
0
VERTEX
8
P00893
10
91.439994
20
258.063993
30
0.0
0
SEQEND
0
POLYLINE
8
P00894
66
1
70
0
0
VERTEX
8
P00894
10
90.762666
20
257.979328
30
0.0
0
VERTEX
8
P00894
10
91.355330
20
257.979328
30
0.0
0
SEQEND
0
POLYLINE
8
P00895
66
1
70
0
0
VERTEX
8
P00895
10
90.762666
20
257.894659
30
0.0
0
VERTEX
8
P00895
10
91.270667
20
257.894659
30
0.0
0
SEQEND
0
POLYLINE
8
P00896
66
1
70
0
0
VERTEX
8
P00896
10
90.762666
20
257.809993
30
0.0
0
VERTEX
8
P00896
10
91.185993
20
257.809993
30
0.0
0
SEQEND
0
POLYLINE
8
P00897
66
1
70
0
0
VERTEX
8
P00897
10
90.762666
20
257.725327
30
0.0
0
VERTEX
8
P00897
10
91.101330
20
257.725327
30
0.0
0
SEQEND
0
POLYLINE
8
P00898
66
1
70
0
0
VERTEX
8
P00898
10
90.762666
20
257.640658
30
0.0
0
VERTEX
8
P00898
10
91.101330
20
257.640658
30
0.0
0
SEQEND
0
POLYLINE
8
P00899
66
1
70
0
0
VERTEX
8
P00899
10
90.762666
20
257.555993
30
0.0
0
VERTEX
8
P00899
10
91.016667
20
257.555993
30
0.0
0
SEQEND
0
POLYLINE
8
P00900
66
1
70
0
0
VERTEX
8
P00900
10
90.762666
20
257.471327
30
0.0
0
VERTEX
8
P00900
10
90.931993
20
257.471327
30
0.0
0
SEQEND
0
POLYLINE
8
P00901
66
1
70
0
0
VERTEX
8
P00901
10
90.762666
20
257.386661
30
0.0
0
VERTEX
8
P00901
10
90.847329
20
257.386661
30
0.0
0
VERTEX
8
P00901
10
90.762666
20
257.386661
30
0.0
0
SEQEND
0
POLYLINE
8
P00902
66
1
70
0
0
VERTEX
8
P00902
10
93.556660
20
261.027327
30
0.0
0
VERTEX
8
P00902
10
93.641334
20
261.027327
30
0.0
0
SEQEND
0
POLYLINE
8
P00903
66
1
70
0
0
VERTEX
8
P00903
10
93.471997
20
260.942659
30
0.0
0
VERTEX
8
P00903
10
93.556660
20
260.942659
30
0.0
0
SEQEND
0
POLYLINE
8
P00904
66
1
70
0
0
VERTEX
8
P00904
10
93.387334
20
260.857993
30
0.0
0
VERTEX
8
P00904
10
93.471997
20
260.857993
30
0.0
0
SEQEND
0
POLYLINE
8
P00905
66
1
70
0
0
VERTEX
8
P00905
10
93.217997
20
260.773327
30
0.0
0
VERTEX
8
P00905
10
93.387334
20
260.773327
30
0.0
0
SEQEND
0
POLYLINE
8
P00906
66
1
70
0
0
VERTEX
8
P00906
10
93.133333
20
260.688661
30
0.0
0
VERTEX
8
P00906
10
93.302660
20
260.688661
30
0.0
0
SEQEND
0
POLYLINE
8
P00907
66
1
70
0
0
VERTEX
8
P00907
10
93.048659
20
260.603992
30
0.0
0
VERTEX
8
P00907
10
93.217997
20
260.603992
30
0.0
0
SEQEND
0
POLYLINE
8
P00908
66
1
70
0
0
VERTEX
8
P00908
10
92.879333
20
260.519326
30
0.0
0
VERTEX
8
P00908
10
93.133333
20
260.519326
30
0.0
0
SEQEND
0
POLYLINE
8
P00909
66
1
70
0
0
VERTEX
8
P00909
10
92.794670
20
260.434661
30
0.0
0
VERTEX
8
P00909
10
93.048659
20
260.434661
30
0.0
0
SEQEND
0
POLYLINE
8
P00910
66
1
70
0
0
VERTEX
8
P00910
10
92.709996
20
260.349992
30
0.0
0
VERTEX
8
P00910
10
92.963996
20
260.349992
30
0.0
0
SEQEND
0
POLYLINE
8
P00911
66
1
70
0
0
VERTEX
8
P00911
10
92.540669
20
260.265326
30
0.0
0
VERTEX
8
P00911
10
92.879333
20
260.265326
30
0.0
0
SEQEND
0
POLYLINE
8
P00912
66
1
70
0
0
VERTEX
8
P00912
10
92.455995
20
260.180660
30
0.0
0
VERTEX
8
P00912
10
92.794670
20
260.180660
30
0.0
0
SEQEND
0
POLYLINE
8
P00913
66
1
70
0
0
VERTEX
8
P00913
10
92.371332
20
260.095994
30
0.0
0
VERTEX
8
P00913
10
92.709996
20
260.095994
30
0.0
0
SEQEND
0
POLYLINE
8
P00914
66
1
70
0
0
VERTEX
8
P00914
10
92.201995
20
260.011326
30
0.0
0
VERTEX
8
P00914
10
92.625332
20
260.011326
30
0.0
0
SEQEND
0
POLYLINE
8
P00915
66
1
70
0
0
VERTEX
8
P00915
10
92.117332
20
259.926660
30
0.0
0
VERTEX
8
P00915
10
92.540669
20
259.926660
30
0.0
0
SEQEND
0
POLYLINE
8
P00916
66
1
70
0
0
VERTEX
8
P00916
10
92.032668
20
259.841994
30
0.0
0
VERTEX
8
P00916
10
92.455995
20
259.841994
30
0.0
0
SEQEND
0
POLYLINE
8
P00917
66
1
70
0
0
VERTEX
8
P00917
10
91.863331
20
259.757325
30
0.0
0
VERTEX
8
P00917
10
92.371332
20
259.757325
30
0.0
0
SEQEND
0
POLYLINE
8
P00918
66
1
70
0
0
VERTEX
8
P00918
10
91.778668
20
259.672659
30
0.0
0
VERTEX
8
P00918
10
92.286669
20
259.672659
30
0.0
0
SEQEND
0
POLYLINE
8
P00919
66
1
70
0
0
VERTEX
8
P00919
10
91.693994
20
259.587993
30
0.0
0
VERTEX
8
P00919
10
92.201995
20
259.587993
30
0.0
0
SEQEND
0
POLYLINE
8
P00920
66
1
70
0
0
VERTEX
8
P00920
10
91.524668
20
259.503327
30
0.0
0
VERTEX
8
P00920
10
92.117332
20
259.503327
30
0.0
0
SEQEND
0
POLYLINE
8
P00921
66
1
70
0
0
VERTEX
8
P00921
10
91.439994
20
259.418659
30
0.0
0
VERTEX
8
P00921
10
92.032668
20
259.418659
30
0.0
0
SEQEND
0
POLYLINE
8
P00922
66
1
70
0
0
VERTEX
8
P00922
10
91.355330
20
259.333993
30
0.0
0
VERTEX
8
P00922
10
91.947994
20
259.333993
30
0.0
0
SEQEND
0
POLYLINE
8
P00923
66
1
70
0
0
VERTEX
8
P00923
10
91.185993
20
259.249327
30
0.0
0
VERTEX
8
P00923
10
91.863331
20
259.249327
30
0.0
0
SEQEND
0
POLYLINE
8
P00924
66
1
70
0
0
VERTEX
8
P00924
10
91.101330
20
259.164661
30
0.0
0
VERTEX
8
P00924
10
91.778668
20
259.164661
30
0.0
0
SEQEND
0
POLYLINE
8
P00925
66
1
70
0
0
VERTEX
8
P00925
10
91.016667
20
259.079992
30
0.0
0
VERTEX
8
P00925
10
91.693994
20
259.079992
30
0.0
0
SEQEND
0
POLYLINE
8
P00926
66
1
70
0
0
VERTEX
8
P00926
10
90.847329
20
258.995327
30
0.0
0
VERTEX
8
P00926
10
91.609331
20
258.995327
30
0.0
0
SEQEND
0
POLYLINE
8
P00927
66
1
70
0
0
VERTEX
8
P00927
10
90.762666
20
258.910661
30
0.0
0
VERTEX
8
P00927
10
91.524668
20
258.910661
30
0.0
0
SEQEND
0
POLYLINE
8
P00928
66
1
70
0
0
VERTEX
8
P00928
10
90.678003
20
258.825992
30
0.0
0
VERTEX
8
P00928
10
91.439994
20
258.825992
30
0.0
0
SEQEND
0
POLYLINE
8
P00929
66
1
70
0
0
VERTEX
8
P00929
10
90.508666
20
258.741326
30
0.0
0
VERTEX
8
P00929
10
91.355330
20
258.741326
30
0.0
0
SEQEND
0
POLYLINE
8
P00930
66
1
70
0
0
VERTEX
8
P00930
10
90.424003
20
258.656660
30
0.0
0
VERTEX
8
P00930
10
91.270667
20
258.656660
30
0.0
0
SEQEND
0
POLYLINE
8
P00931
66
1
70
0
0
VERTEX
8
P00931
10
90.339329
20
258.571994
30
0.0
0
VERTEX
8
P00931
10
91.185993
20
258.571994
30
0.0
0
SEQEND
0
POLYLINE
8
P00932
66
1
70
0
0
VERTEX
8
P00932
10
90.169997
20
258.487326
30
0.0
0
VERTEX
8
P00932
10
91.101330
20
258.487326
30
0.0
0
SEQEND
0
POLYLINE
8
P00933
66
1
70
0
0
VERTEX
8
P00933
10
90.085334
20
258.402660
30
0.0
0
VERTEX
8
P00933
10
91.016667
20
258.402660
30
0.0
0
SEQEND
0
POLYLINE
8
P00934
66
1
70
0
0
VERTEX
8
P00934
10
90.000665
20
258.317994
30
0.0
0
VERTEX
8
P00934
10
90.931993
20
258.317994
30
0.0
0
SEQEND
0
POLYLINE
8
P00935
66
1
70
0
0
VERTEX
8
P00935
10
89.831333
20
258.233325
30
0.0
0
VERTEX
8
P00935
10
90.847329
20
258.233325
30
0.0
0
VERTEX
8
P00935
10
89.831333
20
258.233325
30
0.0
0
SEQEND
0
POLYLINE
8
P00936
66
1
70
0
0
VERTEX
8
P00936
10
86.783333
20
254.253992
30
0.0
0
VERTEX
8
P00936
10
93.895335
20
261.281328
30
0.0
0
VERTEX
8
P00936
10
86.783333
20
254.253992
30
0.0
0
SEQEND
0
POLYLINE
8
P00937
66
1
70
0
0
VERTEX
8
P00937
10
130.555995
20
255.862661
30
0.0
0
VERTEX
8
P00937
10
132.418661
20
255.862661
30
0.0
0
SEQEND
0
POLYLINE
8
P00938
66
1
70
0
0
VERTEX
8
P00938
10
130.725332
20
255.777992
30
0.0
0
VERTEX
8
P00938
10
132.418661
20
255.777992
30
0.0
0
SEQEND
0
POLYLINE
8
P00939
66
1
70
0
0
VERTEX
8
P00939
10
130.809996
20
255.693326
30
0.0
0
VERTEX
8
P00939
10
132.503335
20
255.693326
30
0.0
0
SEQEND
0
POLYLINE
8
P00940
66
1
70
0
0
VERTEX
8
P00940
10
130.979333
20
255.608660
30
0.0
0
VERTEX
8
P00940
10
132.503335
20
255.608660
30
0.0
0
SEQEND
0
POLYLINE
8
P00941
66
1
70
0
0
VERTEX
8
P00941
10
131.063996
20
255.523995
30
0.0
0
VERTEX
8
P00941
10
132.587999
20
255.523995
30
0.0
0
SEQEND
0
POLYLINE
8
P00942
66
1
70
0
0
VERTEX
8
P00942
10
131.317997
20
255.439326
30
0.0
0
VERTEX
8
P00942
10
132.587999
20
255.439326
30
0.0
0
SEQEND
0
POLYLINE
8
P00943
66
1
70
0
0
VERTEX
8
P00943
10
131.571997
20
255.354660
30
0.0
0
VERTEX
8
P00943
10
132.672662
20
255.354660
30
0.0
0
SEQEND
0
POLYLINE
8
P00944
66
1
70
0
0
VERTEX
8
P00944
10
131.825997
20
255.269994
30
0.0
0
VERTEX
8
P00944
10
132.672662
20
255.269994
30
0.0
0
SEQEND
0
POLYLINE
8
P00945
66
1
70
0
0
VERTEX
8
P00945
10
132.079998
20
255.185325
30
0.0
0
VERTEX
8
P00945
10
132.757325
20
255.185325
30
0.0
0
SEQEND
0
POLYLINE
8
P00946
66
1
70
0
0
VERTEX
8
P00946
10
132.333998
20
255.100660
30
0.0
0
VERTEX
8
P00946
10
132.757325
20
255.100660
30
0.0
0
SEQEND
0
POLYLINE
8
P00947
66
1
70
0
0
VERTEX
8
P00947
10
132.587999
20
255.015994
30
0.0
0
VERTEX
8
P00947
10
132.841999
20
255.015994
30
0.0
0
VERTEX
8
P00947
10
132.587999
20
255.015994
30
0.0
0
SEQEND
0
POLYLINE
8
P00948
66
1
70
0
0
VERTEX
8
P00948
10
131.402660
20
255.862661
30
0.0
0
VERTEX
8
P00948
10
131.741334
20
255.862661
30
0.0
0
SEQEND
0
POLYLINE
8
P00949
66
1
70
0
0
VERTEX
8
P00949
10
131.487334
20
255.777992
30
0.0
0
VERTEX
8
P00949
10
131.825997
20
255.777992
30
0.0
0
SEQEND
0
POLYLINE
8
P00950
66
1
70
0
0
VERTEX
8
P00950
10
131.656660
20
255.693326
30
0.0
0
VERTEX
8
P00950
10
131.995335
20
255.693326
30
0.0
0
SEQEND
0
POLYLINE
8
P00951
66
1
70
0
0
VERTEX
8
P00951
10
131.825997
20
255.608660
30
0.0
0
VERTEX
8
P00951
10
132.079998
20
255.608660
30
0.0
0
SEQEND
0
POLYLINE
8
P00952
66
1
70
0
0
VERTEX
8
P00952
10
131.910661
20
255.523995
30
0.0
0
VERTEX
8
P00952
10
132.164661
20
255.523995
30
0.0
0
SEQEND
0
POLYLINE
8
P00953
66
1
70
0
0
VERTEX
8
P00953
10
132.079998
20
255.439326
30
0.0
0
VERTEX
8
P00953
10
132.249335
20
255.439326
30
0.0
0
SEQEND
0
POLYLINE
8
P00954
66
1
70
0
0
VERTEX
8
P00954
10
132.164661
20
255.354660
30
0.0
0
VERTEX
8
P00954
10
132.333998
20
255.354660
30
0.0
0
VERTEX
8
P00954
10
132.503335
20
255.269994
30
0.0
0
VERTEX
8
P00954
10
132.587999
20
255.185325
30
0.0
0
VERTEX
8
P00954
10
132.672662
20
255.100660
30
0.0
0
VERTEX
8
P00954
10
132.587999
20
255.100660
30
0.0
0
SEQEND
0
POLYLINE
8
P00955
66
1
70
0
0
VERTEX
8
P00955
10
131.741334
20
255.862661
30
0.0
0
VERTEX
8
P00955
10
131.995335
20
255.862661
30
0.0
0
SEQEND
0
POLYLINE
8
P00956
66
1
70
0
0
VERTEX
8
P00956
10
131.825997
20
255.777992
30
0.0
0
VERTEX
8
P00956
10
132.079998
20
255.777992
30
0.0
0
SEQEND
0
POLYLINE
8
P00957
66
1
70
0
0
VERTEX
8
P00957
10
131.995335
20
255.693326
30
0.0
0
VERTEX
8
P00957
10
132.164661
20
255.693326
30
0.0
0
SEQEND
0
POLYLINE
8
P00958
66
1
70
0
0
VERTEX
8
P00958
10
132.079998
20
255.608660
30
0.0
0
VERTEX
8
P00958
10
132.249335
20
255.608660
30
0.0
0
SEQEND
0
POLYLINE
8
P00959
66
1
70
0
0
VERTEX
8
P00959
10
132.164661
20
255.523995
30
0.0
0
VERTEX
8
P00959
10
132.333998
20
255.523995
30
0.0
0
SEQEND
0
POLYLINE
8
P00960
66
1
70
0
0
VERTEX
8
P00960
10
132.249335
20
255.439326
30
0.0
0
VERTEX
8
P00960
10
132.418661
20
255.439326
30
0.0
0
SEQEND
0
POLYLINE
8
P00961
66
1
70
0
0
VERTEX
8
P00961
10
132.333998
20
255.354660
30
0.0
0
VERTEX
8
P00961
10
132.503335
20
255.354660
30
0.0
0
VERTEX
8
P00961
10
132.587999
20
255.269994
30
0.0
0
VERTEX
8
P00961
10
132.672662
20
255.185325
30
0.0
0
VERTEX
8
P00961
10
132.757325
20
255.100660
30
0.0
0
VERTEX
8
P00961
10
132.841999
20
255.015994
30
0.0
0
VERTEX
8
P00961
10
132.757325
20
255.015994
30
0.0
0
SEQEND
0
POLYLINE
8
P00962
66
1
70
0
0
VERTEX
8
P00962
10
132.841999
20
254.931328
30
0.0
0
VERTEX
8
P00962
10
130.809996
20
256.793994
30
0.0
0
VERTEX
8
P00962
10
132.841999
20
254.931328
30
0.0
0
SEQEND
0
POLYLINE
8
P00963
66
1
70
0
0
VERTEX
8
P00963
10
130.894659
20
234.441994
30
0.0
0
VERTEX
8
P00963
10
134.535328
20
234.441994
30
0.0
0
SEQEND
0
POLYLINE
8
P00964
66
1
70
0
0
VERTEX
8
P00964
10
130.894659
20
234.357325
30
0.0
0
VERTEX
8
P00964
10
134.873992
20
234.357325
30
0.0
0
SEQEND
0
POLYLINE
8
P00965
66
1
70
0
0
VERTEX
8
P00965
10
130.894659
20
234.272662
30
0.0
0
VERTEX
8
P00965
10
135.212666
20
234.272662
30
0.0
0
SEQEND
0
POLYLINE
8
P00966
66
1
70
0
0
VERTEX
8
P00966
10
130.894659
20
234.187993
30
0.0
0
VERTEX
8
P00966
10
135.466667
20
234.187993
30
0.0
0
SEQEND
0
POLYLINE
8
P00967
66
1
70
0
0
VERTEX
8
P00967
10
130.894659
20
234.103325
30
0.0
0
VERTEX
8
P00967
10
135.805330
20
234.103325
30
0.0
0
SEQEND
0
POLYLINE
8
P00968
66
1
70
0
0
VERTEX
8
P00968
10
130.894659
20
234.018661
30
0.0
0
VERTEX
8
P00968
10
136.143994
20
234.018661
30
0.0
0
SEQEND
0
POLYLINE
8
P00969
66
1
70
0
0
VERTEX
8
P00969
10
130.894659
20
233.933993
30
0.0
0
VERTEX
8
P00969
10
136.397994
20
233.933993
30
0.0
0
SEQEND
0
POLYLINE
8
P00970
66
1
70
0
0
VERTEX
8
P00970
10
130.979333
20
233.849330
30
0.0
0
VERTEX
8
P00970
10
136.313331
20
233.849330
30
0.0
0
SEQEND
0
POLYLINE
8
P00971
66
1
70
0
0
VERTEX
8
P00971
10
130.979333
20
233.764661
30
0.0
0
VERTEX
8
P00971
10
136.143994
20
233.764661
30
0.0
0
SEQEND
0
POLYLINE
8
P00972
66
1
70
0
0
VERTEX
8
P00972
10
130.979333
20
233.679992
30
0.0
0
VERTEX
8
P00972
10
135.974668
20
233.679992
30
0.0
0
SEQEND
0
POLYLINE
8
P00973
66
1
70
0
0
VERTEX
8
P00973
10
130.979333
20
233.595329
30
0.0
0
VERTEX
8
P00973
10
135.805330
20
233.595329
30
0.0
0
SEQEND
0
POLYLINE
8
P00974
66
1
70
0
0
VERTEX
8
P00974
10
130.979333
20
233.510661
30
0.0
0
VERTEX
8
P00974
10
135.635993
20
233.510661
30
0.0
0
SEQEND
0
POLYLINE
8
P00975
66
1
70
0
0
VERTEX
8
P00975
10
130.979333
20
233.425992
30
0.0
0
VERTEX
8
P00975
10
135.551330
20
233.425992
30
0.0
0
SEQEND
0
POLYLINE
8
P00976
66
1
70
0
0
VERTEX
8
P00976
10
130.979333
20
233.341329
30
0.0
0
VERTEX
8
P00976
10
135.381993
20
233.341329
30
0.0
0
SEQEND
0
POLYLINE
8
P00977
66
1
70
0
0
VERTEX
8
P00977
10
130.979333
20
233.256660
30
0.0
0
VERTEX
8
P00977
10
135.212666
20
233.256660
30
0.0
0
SEQEND
0
POLYLINE
8
P00978
66
1
70
0
0
VERTEX
8
P00978
10
131.063996
20
233.171992
30
0.0
0
VERTEX
8
P00978
10
135.043329
20
233.171992
30
0.0
0
SEQEND
0
POLYLINE
8
P00979
66
1
70
0
0
VERTEX
8
P00979
10
131.063996
20
233.087328
30
0.0
0
VERTEX
8
P00979
10
134.873992
20
233.087328
30
0.0
0
SEQEND
0
POLYLINE
8
P00980
66
1
70
0
0
VERTEX
8
P00980
10
131.063996
20
233.002660
30
0.0
0
VERTEX
8
P00980
10
134.704665
20
233.002660
30
0.0
0
SEQEND
0
POLYLINE
8
P00981
66
1
70
0
0
VERTEX
8
P00981
10
131.063996
20
232.917991
30
0.0
0
VERTEX
8
P00981
10
134.450665
20
232.917991
30
0.0
0
SEQEND
0
POLYLINE
8
P00982
66
1
70
0
0
VERTEX
8
P00982
10
131.063996
20
232.833328
30
0.0
0
VERTEX
8
P00982
10
134.112001
20
232.833328
30
0.0
0
SEQEND
0
POLYLINE
8
P00983
66
1
70
0
0
VERTEX
8
P00983
10
131.063996
20
232.748659
30
0.0
0
VERTEX
8
P00983
10
133.773327
20
232.748659
30
0.0
0
SEQEND
0
POLYLINE
8
P00984
66
1
70
0
0
VERTEX
8
P00984
10
131.063996
20
232.663996
30
0.0
0
VERTEX
8
P00984
10
133.434663
20
232.663996
30
0.0
0
SEQEND
0
POLYLINE
8
P00985
66
1
70
0
0
VERTEX
8
P00985
10
131.148659
20
232.579328
30
0.0
0
VERTEX
8
P00985
10
133.096000
20
232.579328
30
0.0
0
SEQEND
0
POLYLINE
8
P00986
66
1
70
0
0
VERTEX
8
P00986
10
131.148659
20
232.494659
30
0.0
0
VERTEX
8
P00986
10
132.841999
20
232.494659
30
0.0
0
SEQEND
0
POLYLINE
8
P00987
66
1
70
0
0
VERTEX
8
P00987
10
131.148659
20
232.409996
30
0.0
0
VERTEX
8
P00987
10
132.503335
20
232.409996
30
0.0
0
SEQEND
0
POLYLINE
8
P00988
66
1
70
0
0
VERTEX
8
P00988
10
131.148659
20
232.325327
30
0.0
0
VERTEX
8
P00988
10
132.164661
20
232.325327
30
0.0
0
SEQEND
0
POLYLINE
8
P00989
66
1
70
0
0
VERTEX
8
P00989
10
131.148659
20
232.240658
30
0.0
0
VERTEX
8
P00989
10
131.825997
20
232.240658
30
0.0
0
SEQEND
0
POLYLINE
8
P00990
66
1
70
0
0
VERTEX
8
P00990
10
131.148659
20
232.155995
30
0.0
0
VERTEX
8
P00990
10
131.487334
20
232.155995
30
0.0
0
VERTEX
8
P00990
10
131.148659
20
232.155995
30
0.0
0
SEQEND
0
POLYLINE
8
P00991
66
1
70
0
0
VERTEX
8
P00991
10
136.397994
20
233.933993
30
0.0
0
VERTEX
8
P00991
10
131.571997
20
232.663996
30
0.0
0
VERTEX
8
P00991
10
136.397994
20
233.933993
30
0.0
0
SEQEND
0
POLYLINE
8
P00992
66
1
70
0
0
VERTEX
8
P00992
10
131.571997
20
232.663996
30
0.0
0
VERTEX
8
P00992
10
131.995335
20
233.425992
30
0.0
0
VERTEX
8
P00992
10
131.571997
20
232.663996
30
0.0
0
SEQEND
0
POLYLINE
8
P00993
66
1
70
0
0
VERTEX
8
P00993
10
131.995335
20
233.425992
30
0.0
0
VERTEX
8
P00993
10
131.402660
20
234.018661
30
0.0
0
VERTEX
8
P00993
10
131.995335
20
233.425992
30
0.0
0
SEQEND
0
POLYLINE
8
P00994
66
1
70
0
0
VERTEX
8
P00994
10
131.402660
20
234.018661
30
0.0
0
VERTEX
8
P00994
10
136.397994
20
233.933993
30
0.0
0
VERTEX
8
P00994
10
131.402660
20
234.018661
30
0.0
0
SEQEND
0
POLYLINE
8
P00995
66
1
70
0
0
VERTEX
8
P00995
10
135.720667
20
233.849330
30
0.0
0
VERTEX
8
P00995
10
136.143994
20
233.849330
30
0.0
0
SEQEND
0
POLYLINE
8
P00996
66
1
70
0
0
VERTEX
8
P00996
10
134.958666
20
233.764661
30
0.0
0
VERTEX
8
P00996
10
135.805330
20
233.764661
30
0.0
0
SEQEND
0
POLYLINE
8
P00997
66
1
70
0
0
VERTEX
8
P00997
10
134.196665
20
233.679992
30
0.0
0
VERTEX
8
P00997
10
135.466667
20
233.679992
30
0.0
0
SEQEND
0
POLYLINE
8
P00998
66
1
70
0
0
VERTEX
8
P00998
10
133.519326
20
233.595329
30
0.0
0
VERTEX
8
P00998
10
135.127992
20
233.595329
30
0.0
0
SEQEND
0
POLYLINE
8
P00999
66
1
70
0
0
VERTEX
8
P00999
10
132.757325
20
233.510661
30
0.0
0
VERTEX
8
P00999
10
134.789329
20
233.510661
30
0.0
0
SEQEND
0
POLYLINE
8
P01000
66
1
70
0
0
VERTEX
8
P01000
10
131.995335
20
233.425992
30
0.0
0
VERTEX
8
P01000
10
134.535328
20
233.425992
30
0.0
0
SEQEND
0
POLYLINE
8
P01001
66
1
70
0
0
VERTEX
8
P01001
10
131.995335
20
233.341329
30
0.0
0
VERTEX
8
P01001
10
134.196665
20
233.341329
30
0.0
0
SEQEND
0
POLYLINE
8
P01002
66
1
70
0
0
VERTEX
8
P01002
10
131.910661
20
233.256660
30
0.0
0
VERTEX
8
P01002
10
133.858001
20
233.256660
30
0.0
0
SEQEND
0
POLYLINE
8
P01003
66
1
70
0
0
VERTEX
8
P01003
10
131.910661
20
233.171992
30
0.0
0
VERTEX
8
P01003
10
133.519326
20
233.171992
30
0.0
0
SEQEND
0
POLYLINE
8
P01004
66
1
70
0
0
VERTEX
8
P01004
10
131.825997
20
233.087328
30
0.0
0
VERTEX
8
P01004
10
133.180663
20
233.087328
30
0.0
0
SEQEND
0
POLYLINE
8
P01005
66
1
70
0
0
VERTEX
8
P01005
10
131.825997
20
233.002660
30
0.0
0
VERTEX
8
P01005
10
132.926662
20
233.002660
30
0.0
0
SEQEND
0
POLYLINE
8
P01006
66
1
70
0
0
VERTEX
8
P01006
10
131.741334
20
232.917991
30
0.0
0
VERTEX
8
P01006
10
132.587999
20
232.917991
30
0.0
0
SEQEND
0
POLYLINE
8
P01007
66
1
70
0
0
VERTEX
8
P01007
10
131.741334
20
232.833328
30
0.0
0
VERTEX
8
P01007
10
132.249335
20
232.833328
30
0.0
0
SEQEND
0
POLYLINE
8
P01008
66
1
70
0
0
VERTEX
8
P01008
10
131.656660
20
232.748659
30
0.0
0
VERTEX
8
P01008
10
131.910661
20
232.748659
30
0.0
0
VERTEX
8
P01008
10
131.656660
20
232.748659
30
0.0
0
SEQEND
0
POLYLINE
8
P01009
66
1
70
0
0
VERTEX
8
P01009
10
131.487334
20
233.933993
30
0.0
0
VERTEX
8
P01009
10
136.397994
20
233.933993
30
0.0
0
SEQEND
0
POLYLINE
8
P01010
66
1
70
0
0
VERTEX
8
P01010
10
131.571997
20
233.849330
30
0.0
0
VERTEX
8
P01010
10
135.720667
20
233.849330
30
0.0
0
SEQEND
0
POLYLINE
8
P01011
66
1
70
0
0
VERTEX
8
P01011
10
131.656660
20
233.764661
30
0.0
0
VERTEX
8
P01011
10
134.958666
20
233.764661
30
0.0
0
SEQEND
0
POLYLINE
8
P01012
66
1
70
0
0
VERTEX
8
P01012
10
131.741334
20
233.679992
30
0.0
0
VERTEX
8
P01012
10
134.196665
20
233.679992
30
0.0
0
SEQEND
0
POLYLINE
8
P01013
66
1
70
0
0
VERTEX
8
P01013
10
131.825997
20
233.595329
30
0.0
0
VERTEX
8
P01013
10
133.519326
20
233.595329
30
0.0
0
SEQEND
0
POLYLINE
8
P01014
66
1
70
0
0
VERTEX
8
P01014
10
131.910661
20
233.510661
30
0.0
0
VERTEX
8
P01014
10
132.757325
20
233.510661
30
0.0
0
VERTEX
8
P01014
10
131.910661
20
233.510661
30
0.0
0
SEQEND
0
POLYLINE
8
P01015
66
1
70
0
0
VERTEX
8
P01015
10
116.585993
20
231.563326
30
0.0
0
VERTEX
8
P01015
10
136.397994
20
233.933993
30
0.0
0
VERTEX
8
P01015
10
116.585993
20
231.563326
30
0.0
0
SEQEND
0
POLYLINE
8
P01016
66
1
70
0
0
VERTEX
8
P01016
10
118.363996
20
211.666661
30
0.0
0
VERTEX
8
P01016
10
120.988664
20
212.005325
30
0.0
0
VERTEX
8
P01016
10
118.363996
20
211.666661
30
0.0
0
SEQEND
0
POLYLINE
8
P01017
66
1
70
0
0
VERTEX
8
P01017
10
120.988664
20
212.005325
30
0.0
0
VERTEX
8
P01017
10
123.443994
20
212.767326
30
0.0
0
VERTEX
8
P01017
10
120.988664
20
212.005325
30
0.0
0
SEQEND
0
POLYLINE
8
P01018
66
1
70
0
0
VERTEX
8
P01018
10
123.443994
20
212.767326
30
0.0
0
VERTEX
8
P01018
10
125.814661
20
213.783328
30
0.0
0
VERTEX
8
P01018
10
123.443994
20
212.767326
30
0.0
0
SEQEND
0
POLYLINE
8
P01019
66
1
70
0
0
VERTEX
8
P01019
10
125.814661
20
213.783328
30
0.0
0
VERTEX
8
P01019
10
128.016002
20
215.137993
30
0.0
0
VERTEX
8
P01019
10
125.814661
20
213.783328
30
0.0
0
SEQEND
0
POLYLINE
8
P01020
66
1
70
0
0
VERTEX
8
P01020
10
128.016002
20
215.137993
30
0.0
0
VERTEX
8
P01020
10
130.047994
20
216.831328
30
0.0
0
VERTEX
8
P01020
10
128.016002
20
215.137993
30
0.0
0
SEQEND
0
POLYLINE
8
P01021
66
1
70
0
0
VERTEX
8
P01021
10
130.047994
20
216.831328
30
0.0
0
VERTEX
8
P01021
10
131.910661
20
218.693994
30
0.0
0
VERTEX
8
P01021
10
130.047994
20
216.831328
30
0.0
0
SEQEND
0
POLYLINE
8
P01022
66
1
70
0
0
VERTEX
8
P01022
10
131.910661
20
218.693994
30
0.0
0
VERTEX
8
P01022
10
133.434663
20
220.810661
30
0.0
0
VERTEX
8
P01022
10
131.910661
20
218.693994
30
0.0
0
SEQEND
0
POLYLINE
8
P01023
66
1
70
0
0
VERTEX
8
P01023
10
133.434663
20
220.810661
30
0.0
0
VERTEX
8
P01023
10
134.704665
20
223.011996
30
0.0
0
VERTEX
8
P01023
10
133.434663
20
220.810661
30
0.0
0
SEQEND
0
POLYLINE
8
P01024
66
1
70
0
0
VERTEX
8
P01024
10
134.704665
20
223.011996
30
0.0
0
VERTEX
8
P01024
10
135.635993
20
225.467326
30
0.0
0
VERTEX
8
P01024
10
134.704665
20
223.011996
30
0.0
0
SEQEND
0
POLYLINE
8
P01025
66
1
70
0
0
VERTEX
8
P01025
10
135.635993
20
225.467326
30
0.0
0
VERTEX
8
P01025
10
136.228668
20
228.007325
30
0.0
0
VERTEX
8
P01025
10
135.635993
20
225.467326
30
0.0
0
SEQEND
0
POLYLINE
8
P01026
66
1
70
0
0
VERTEX
8
P01026
10
136.228668
20
228.007325
30
0.0
0
VERTEX
8
P01026
10
136.567332
20
230.547329
30
0.0
0
VERTEX
8
P01026
10
136.228668
20
228.007325
30
0.0
0
SEQEND
0
POLYLINE
8
P01027
66
1
70
0
0
VERTEX
8
P01027
10
136.567332
20
230.547329
30
0.0
0
VERTEX
8
P01027
10
136.482668
20
233.171992
30
0.0
0
VERTEX
8
P01027
10
136.567332
20
230.547329
30
0.0
0
SEQEND
0
POLYLINE
8
P01028
66
1
70
0
0
VERTEX
8
P01028
10
136.482668
20
233.171992
30
0.0
0
VERTEX
8
P01028
10
136.143994
20
235.796659
30
0.0
0
VERTEX
8
P01028
10
136.482668
20
233.171992
30
0.0
0
SEQEND
0
POLYLINE
8
P01029
66
1
70
0
0
VERTEX
8
P01029
10
136.143994
20
235.796659
30
0.0
0
VERTEX
8
P01029
10
136.059331
20
235.965991
30
0.0
0
VERTEX
8
P01029
10
136.143994
20
235.796659
30
0.0
0
SEQEND
0
POLYLINE
8
P01030
66
1
70
0
0
VERTEX
8
P01030
10
109.474003
20
175.767997
30
0.0
0
VERTEX
8
P01030
10
109.474003
20
155.786658
30
0.0
0
VERTEX
8
P01030
10
109.474003
20
175.767997
30
0.0
0
SEQEND
0
POLYLINE
8
P01031
66
1
70
0
0
VERTEX
8
P01031
10
109.474003
20
175.767997
30
0.0
0
VERTEX
8
P01031
10
68.579998
20
175.767997
30
0.0
0
VERTEX
8
P01031
10
109.474003
20
175.767997
30
0.0
0
SEQEND
0
POLYLINE
8
P01032
66
1
70
0
0
VERTEX
8
P01032
10
123.613331
20
155.786658
30
0.0
0
VERTEX
8
P01032
10
123.613331
20
175.767997
30
0.0
0
VERTEX
8
P01032
10
123.613331
20
155.786658
30
0.0
0
SEQEND
0
POLYLINE
8
P01033
66
1
70
0
0
VERTEX
8
P01033
10
164.591999
20
155.786658
30
0.0
0
VERTEX
8
P01033
10
123.613331
20
155.786658
30
0.0
0
VERTEX
8
P01033
10
164.591999
20
155.786658
30
0.0
0
SEQEND
0
POLYLINE
8
P01034
66
1
70
0
0
VERTEX
8
P01034
10
168.571332
20
155.786658
30
0.0
0
VERTEX
8
P01034
10
168.571332
20
175.767997
30
0.0
0
VERTEX
8
P01034
10
168.571332
20
155.786658
30
0.0
0
SEQEND
0
POLYLINE
8
P01035
66
1
70
0
0
VERTEX
8
P01035
10
64.600665
20
175.767997
30
0.0
0
VERTEX
8
P01035
10
56.557331
20
175.767997
30
0.0
0
VERTEX
8
P01035
10
64.600665
20
175.767997
30
0.0
0
SEQEND
0
POLYLINE
8
P01036
66
1
70
0
0
VERTEX
8
P01036
10
64.600665
20
155.786658
30
0.0
0
VERTEX
8
P01036
10
64.600665
20
175.767997
30
0.0
0
VERTEX
8
P01036
10
64.600665
20
155.786658
30
0.0
0
SEQEND
0
POLYLINE
8
P01037
66
1
70
0
0
VERTEX
8
P01037
10
176.529998
20
155.786658
30
0.0
0
VERTEX
8
P01037
10
176.529998
20
175.767997
30
0.0
0
VERTEX
8
P01037
10
176.529998
20
155.786658
30
0.0
0
SEQEND
0
POLYLINE
8
P01038
66
1
70
0
0
VERTEX
8
P01038
10
176.529998
20
175.767997
30
0.0
0
VERTEX
8
P01038
10
168.571332
20
175.767997
30
0.0
0
VERTEX
8
P01038
10
176.529998
20
175.767997
30
0.0
0
SEQEND
0
POLYLINE
8
P01039
66
1
70
0
0
VERTEX
8
P01039
10
64.600665
20
155.786658
30
0.0
0
VERTEX
8
P01039
10
56.557331
20
155.786658
30
0.0
0
VERTEX
8
P01039
10
64.600665
20
155.786658
30
0.0
0
SEQEND
0
POLYLINE
8
P01040
66
1
70
0
0
VERTEX
8
P01040
10
109.474003
20
155.786658
30
0.0
0
VERTEX
8
P01040
10
68.579998
20
155.786658
30
0.0
0
VERTEX
8
P01040
10
109.474003
20
155.786658
30
0.0
0
SEQEND
0
POLYLINE
8
P01041
66
1
70
0
0
VERTEX
8
P01041
10
56.557331
20
155.786658
30
0.0
0
VERTEX
8
P01041
10
56.557331
20
175.767997
30
0.0
0
VERTEX
8
P01041
10
56.557331
20
155.786658
30
0.0
0
SEQEND
0
POLYLINE
8
P01042
66
1
70
0
0
VERTEX
8
P01042
10
164.591999
20
155.786658
30
0.0
0
VERTEX
8
P01042
10
164.591999
20
175.767997
30
0.0
0
VERTEX
8
P01042
10
164.591999
20
155.786658
30
0.0
0
SEQEND
0
POLYLINE
8
P01043
66
1
70
0
0
VERTEX
8
P01043
10
176.529998
20
155.786658
30
0.0
0
VERTEX
8
P01043
10
168.571332
20
155.786658
30
0.0
0
VERTEX
8
P01043
10
176.529998
20
155.786658
30
0.0
0
SEQEND
0
POLYLINE
8
P01044
66
1
70
0
0
VERTEX
8
P01044
10
164.591999
20
175.767997
30
0.0
0
VERTEX
8
P01044
10
123.613331
20
175.767997
30
0.0
0
VERTEX
8
P01044
10
164.591999
20
175.767997
30
0.0
0
SEQEND
0
POLYLINE
8
P01045
66
1
70
0
0
VERTEX
8
P01045
10
68.579998
20
155.786658
30
0.0
0
VERTEX
8
P01045
10
68.579998
20
175.767997
30
0.0
0
VERTEX
8
P01045
10
68.579998
20
155.786658
30
0.0
0
SEQEND
0
POLYLINE
8
P01046
66
1
70
0
0
VERTEX
8
P01046
10
168.571332
20
175.767997
30
0.0
0
VERTEX
8
P01046
10
164.591999
20
175.767997
30
0.0
0
VERTEX
8
P01046
10
168.571332
20
175.767997
30
0.0
0
SEQEND
0
POLYLINE
8
P01047
66
1
70
0
0
VERTEX
8
P01047
10
68.579998
20
155.786658
30
0.0
0
VERTEX
8
P01047
10
64.600665
20
155.786658
30
0.0
0
VERTEX
8
P01047
10
68.579998
20
155.786658
30
0.0
0
SEQEND
0
POLYLINE
8
P01048
66
1
70
0
0
VERTEX
8
P01048
10
68.579998
20
175.767997
30
0.0
0
VERTEX
8
P01048
10
64.600665
20
175.767997
30
0.0
0
VERTEX
8
P01048
10
68.579998
20
175.767997
30
0.0
0
SEQEND
0
POLYLINE
8
P01049
66
1
70
0
0
VERTEX
8
P01049
10
168.571332
20
155.786658
30
0.0
0
VERTEX
8
P01049
10
164.591999
20
155.786658
30
0.0
0
VERTEX
8
P01049
10
168.571332
20
155.786658
30
0.0
0
SEQEND
0
POLYLINE
8
P01050
66
1
70
0
0
VERTEX
8
P01050
10
116.585993
20
155.786658
30
0.0
0
VERTEX
8
P01050
10
109.474003
20
155.786658
30
0.0
0
VERTEX
8
P01050
10
116.585993
20
155.786658
30
0.0
0
SEQEND
0
POLYLINE
8
P01051
66
1
70
0
0
VERTEX
8
P01051
10
123.613331
20
155.786658
30
0.0
0
VERTEX
8
P01051
10
116.585993
20
155.786658
30
0.0
0
VERTEX
8
P01051
10
123.613331
20
155.786658
30
0.0
0
SEQEND
0
POLYLINE
8
P01052
66
1
70
0
0
VERTEX
8
P01052
10
116.585993
20
155.786658
30
0.0
0
VERTEX
8
P01052
10
116.585993
20
175.767997
30
0.0
0
VERTEX
8
P01052
10
116.585993
20
155.786658
30
0.0
0
SEQEND
0
POLYLINE
8
P01053
66
1
70
0
0
VERTEX
8
P01053
10
166.539329
20
153.754665
30
0.0
0
VERTEX
8
P01053
10
166.539329
20
163.321997
30
0.0
0
VERTEX
8
P01053
10
166.539329
20
153.754665
30
0.0
0
SEQEND
0
POLYLINE
8
P01054
66
1
70
0
0
VERTEX
8
P01054
10
166.539329
20
164.846000
30
0.0
0
VERTEX
8
P01054
10
166.539329
20
166.708666
30
0.0
0
VERTEX
8
P01054
10
166.539329
20
164.846000
30
0.0
0
SEQEND
0
POLYLINE
8
P01055
66
1
70
0
0
VERTEX
8
P01055
10
166.539329
20
168.232658
30
0.0
0
VERTEX
8
P01055
10
166.539329
20
177.800000
30
0.0
0
VERTEX
8
P01055
10
166.539329
20
168.232658
30
0.0
0
SEQEND
0
POLYLINE
8
P01056
66
1
70
0
0
VERTEX
8
P01056
10
66.548000
20
153.754665
30
0.0
0
VERTEX
8
P01056
10
66.548000
20
163.321997
30
0.0
0
VERTEX
8
P01056
10
66.548000
20
153.754665
30
0.0
0
SEQEND
0
POLYLINE
8
P01057
66
1
70
0
0
VERTEX
8
P01057
10
66.548000
20
164.846000
30
0.0
0
VERTEX
8
P01057
10
66.548000
20
166.708666
30
0.0
0
VERTEX
8
P01057
10
66.548000
20
164.846000
30
0.0
0
SEQEND
0
POLYLINE
8
P01058
66
1
70
0
0
VERTEX
8
P01058
10
66.548000
20
168.232658
30
0.0
0
VERTEX
8
P01058
10
66.548000
20
177.800000
30
0.0
0
VERTEX
8
P01058
10
66.548000
20
168.232658
30
0.0
0
SEQEND
0
POLYLINE
8
P01059
66
1
70
0
0
VERTEX
8
P01059
10
175.937334
20
155.786658
30
0.0
0
VERTEX
8
P01059
10
176.529998
20
156.379333
30
0.0
0
VERTEX
8
P01059
10
175.937334
20
155.786658
30
0.0
0
SEQEND
0
POLYLINE
8
P01060
66
1
70
0
0
VERTEX
8
P01060
10
173.143329
20
155.786658
30
0.0
0
VERTEX
8
P01060
10
176.529998
20
159.257990
30
0.0
0
VERTEX
8
P01060
10
173.143329
20
155.786658
30
0.0
0
SEQEND
0
POLYLINE
8
P01061
66
1
70
0
0
VERTEX
8
P01061
10
170.349324
20
155.786658
30
0.0
0
VERTEX
8
P01061
10
176.529998
20
162.051995
30
0.0
0
VERTEX
8
P01061
10
170.349324
20
155.786658
30
0.0
0
SEQEND
0
POLYLINE
8
P01062
66
1
70
0
0
VERTEX
8
P01062
10
168.571332
20
156.887334
30
0.0
0
VERTEX
8
P01062
10
176.529998
20
164.846000
30
0.0
0
VERTEX
8
P01062
10
168.571332
20
156.887334
30
0.0
0
SEQEND
0
POLYLINE
8
P01063
66
1
70
0
0
VERTEX
8
P01063
10
168.571332
20
159.681328
30
0.0
0
VERTEX
8
P01063
10
176.529998
20
167.724657
30
0.0
0
VERTEX
8
P01063
10
168.571332
20
159.681328
30
0.0
0
SEQEND
0
POLYLINE
8
P01064
66
1
70
0
0
VERTEX
8
P01064
10
168.571332
20
162.559996
30
0.0
0
VERTEX
8
P01064
10
176.529998
20
170.518661
30
0.0
0
VERTEX
8
P01064
10
168.571332
20
162.559996
30
0.0
0
SEQEND
0
POLYLINE
8
P01065
66
1
70
0
0
VERTEX
8
P01065
10
161.797994
20
155.786658
30
0.0
0
VERTEX
8
P01065
10
164.591999
20
158.496000
30
0.0
0
VERTEX
8
P01065
10
161.797994
20
155.786658
30
0.0
0
SEQEND
0
POLYLINE
8
P01066
66
1
70
0
0
VERTEX
8
P01066
10
159.004000
20
155.786658
30
0.0
0
VERTEX
8
P01066
10
164.591999
20
161.374657
30
0.0
0
VERTEX
8
P01066
10
159.004000
20
155.786658
30
0.0
0
SEQEND
0
POLYLINE
8
P01067
66
1
70
0
0
VERTEX
8
P01067
10
168.571332
20
165.354000
30
0.0
0
VERTEX
8
P01067
10
176.529998
20
173.397329
30
0.0
0
VERTEX
8
P01067
10
168.571332
20
165.354000
30
0.0
0
SEQEND
0
POLYLINE
8
P01068
66
1
70
0
0
VERTEX
8
P01068
10
168.571332
20
168.232658
30
0.0
0
VERTEX
8
P01068
10
176.191334
20
175.767997
30
0.0
0
VERTEX
8
P01068
10
168.571332
20
168.232658
30
0.0
0
SEQEND
0
POLYLINE
8
P01069
66
1
70
0
0
VERTEX
8
P01069
10
156.125332
20
155.786658
30
0.0
0
VERTEX
8
P01069
10
164.591999
20
164.168661
30
0.0
0
VERTEX
8
P01069
10
156.125332
20
155.786658
30
0.0
0
SEQEND
0
POLYLINE
8
P01070
66
1
70
0
0
VERTEX
8
P01070
10
153.331328
20
155.786658
30
0.0
0
VERTEX
8
P01070
10
164.591999
20
167.047329
30
0.0
0
VERTEX
8
P01070
10
153.331328
20
155.786658
30
0.0
0
SEQEND
0
POLYLINE
8
P01071
66
1
70
0
0
VERTEX
8
P01071
10
168.571332
20
171.026662
30
0.0
0
VERTEX
8
P01071
10
173.312666
20
175.767997
30
0.0
0
VERTEX
8
P01071
10
168.571332
20
171.026662
30
0.0
0
SEQEND
0
POLYLINE
8
P01072
66
1
70
0
0
VERTEX
8
P01072
10
168.571332
20
173.820656
30
0.0
0
VERTEX
8
P01072
10
170.518661
20
175.767997
30
0.0
0
VERTEX
8
P01072
10
168.571332
20
173.820656
30
0.0
0
SEQEND
0
POLYLINE
8
P01073
66
1
70
0
0
VERTEX
8
P01073
10
150.537334
20
155.786658
30
0.0
0
VERTEX
8
P01073
10
164.591999
20
169.841323
30
0.0
0
VERTEX
8
P01073
10
150.537334
20
155.786658
30
0.0
0
SEQEND
0
POLYLINE
8
P01074
66
1
70
0
0
VERTEX
8
P01074
10
147.658666
20
155.786658
30
0.0
0
VERTEX
8
P01074
10
164.591999
20
172.635328
30
0.0
0
VERTEX
8
P01074
10
147.658666
20
155.786658
30
0.0
0
SEQEND
0
POLYLINE
8
P01075
66
1
70
0
0
VERTEX
8
P01075
10
144.864661
20
155.786658
30
0.0
0
VERTEX
8
P01075
10
164.591999
20
175.513996
30
0.0
0
VERTEX
8
P01075
10
144.864661
20
155.786658
30
0.0
0
SEQEND
0
POLYLINE
8
P01076
66
1
70
0
0
VERTEX
8
P01076
10
141.985993
20
155.786658
30
0.0
0
VERTEX
8
P01076
10
162.051995
20
175.767997
30
0.0
0
VERTEX
8
P01076
10
141.985993
20
155.786658
30
0.0
0
SEQEND
0
POLYLINE
8
P01077
66
1
70
0
0
VERTEX
8
P01077
10
139.191999
20
155.786658
30
0.0
0
VERTEX
8
P01077
10
159.173327
20
175.767997
30
0.0
0
VERTEX
8
P01077
10
139.191999
20
155.786658
30
0.0
0
SEQEND
0
POLYLINE
8
P01078
66
1
70
0
0
VERTEX
8
P01078
10
136.397994
20
155.786658
30
0.0
0
VERTEX
8
P01078
10
156.379333
20
175.767997
30
0.0
0
VERTEX
8
P01078
10
136.397994
20
155.786658
30
0.0
0
SEQEND
0
POLYLINE
8
P01079
66
1
70
0
0
VERTEX
8
P01079
10
133.519326
20
155.786658
30
0.0
0
VERTEX
8
P01079
10
153.500665
20
175.767997
30
0.0
0
VERTEX
8
P01079
10
133.519326
20
155.786658
30
0.0
0
SEQEND
0
POLYLINE
8
P01080
66
1
70
0
0
VERTEX
8
P01080
10
130.725332
20
155.786658
30
0.0
0
VERTEX
8
P01080
10
150.706660
20
175.767997
30
0.0
0
VERTEX
8
P01080
10
130.725332
20
155.786658
30
0.0
0
SEQEND
0
POLYLINE
8
P01081
66
1
70
0
0
VERTEX
8
P01081
10
127.846665
20
155.786658
30
0.0
0
VERTEX
8
P01081
10
147.912666
20
175.767997
30
0.0
0
VERTEX
8
P01081
10
127.846665
20
155.786658
30
0.0
0
SEQEND
0
POLYLINE
8
P01082
66
1
70
0
0
VERTEX
8
P01082
10
125.052660
20
155.786658
30
0.0
0
VERTEX
8
P01082
10
145.033998
20
175.767997
30
0.0
0
VERTEX
8
P01082
10
125.052660
20
155.786658
30
0.0
0
SEQEND
0
POLYLINE
8
P01083
66
1
70
0
0
VERTEX
8
P01083
10
123.613331
20
157.225997
30
0.0
0
VERTEX
8
P01083
10
142.239994
20
175.767997
30
0.0
0
VERTEX
8
P01083
10
123.613331
20
157.225997
30
0.0
0
SEQEND
0
POLYLINE
8
P01084
66
1
70
0
0
VERTEX
8
P01084
10
123.613331
20
160.019991
30
0.0
0
VERTEX
8
P01084
10
139.361326
20
175.767997
30
0.0
0
VERTEX
8
P01084
10
123.613331
20
160.019991
30
0.0
0
SEQEND
0
POLYLINE
8
P01085
66
1
70
0
0
VERTEX
8
P01085
10
123.613331
20
162.898659
30
0.0
0
VERTEX
8
P01085
10
136.567332
20
175.767997
30
0.0
0
VERTEX
8
P01085
10
123.613331
20
162.898659
30
0.0
0
SEQEND
0
POLYLINE
8
P01086
66
1
70
0
0
VERTEX
8
P01086
10
123.613331
20
165.692664
30
0.0
0
VERTEX
8
P01086
10
133.773327
20
175.767997
30
0.0
0
VERTEX
8
P01086
10
123.613331
20
165.692664
30
0.0
0
SEQEND
0
POLYLINE
8
P01087
66
1
70
0
0
VERTEX
8
P01087
10
108.119326
20
155.786658
30
0.0
0
VERTEX
8
P01087
10
109.474003
20
157.225997
30
0.0
0
VERTEX
8
P01087
10
108.119326
20
155.786658
30
0.0
0
SEQEND
0
POLYLINE
8
P01088
66
1
70
0
0
VERTEX
8
P01088
10
105.240669
20
155.786658
30
0.0
0
VERTEX
8
P01088
10
109.474003
20
160.019991
30
0.0
0
VERTEX
8
P01088
10
105.240669
20
155.786658
30
0.0
0
SEQEND
0
POLYLINE
8
P01089
66
1
70
0
0
VERTEX
8
P01089
10
102.446665
20
155.786658
30
0.0
0
VERTEX
8
P01089
10
109.474003
20
162.898659
30
0.0
0
VERTEX
8
P01089
10
102.446665
20
155.786658
30
0.0
0
SEQEND
0
POLYLINE
8
P01090
66
1
70
0
0
VERTEX
8
P01090
10
99.567997
20
155.786658
30
0.0
0
VERTEX
8
P01090
10
109.474003
20
165.692664
30
0.0
0
VERTEX
8
P01090
10
99.567997
20
155.786658
30
0.0
0
SEQEND
0
POLYLINE
8
P01091
66
1
70
0
0
VERTEX
8
P01091
10
96.774003
20
155.786658
30
0.0
0
VERTEX
8
P01091
10
109.474003
20
168.486658
30
0.0
0
VERTEX
8
P01091
10
96.774003
20
155.786658
30
0.0
0
SEQEND
0
POLYLINE
8
P01092
66
1
70
0
0
VERTEX
8
P01092
10
93.979998
20
155.786658
30
0.0
0
VERTEX
8
P01092
10
109.474003
20
171.365326
30
0.0
0
VERTEX
8
P01092
10
93.979998
20
155.786658
30
0.0
0
SEQEND
0
POLYLINE
8
P01093
66
1
70
0
0
VERTEX
8
P01093
10
91.101330
20
155.786658
30
0.0
0
VERTEX
8
P01093
10
109.474003
20
174.159331
30
0.0
0
VERTEX
8
P01093
10
91.101330
20
155.786658
30
0.0
0
SEQEND
0
POLYLINE
8
P01094
66
1
70
0
0
VERTEX
8
P01094
10
88.307331
20
155.786658
30
0.0
0
VERTEX
8
P01094
10
108.288664
20
175.767997
30
0.0
0
VERTEX
8
P01094
10
88.307331
20
155.786658
30
0.0
0
SEQEND
0
POLYLINE
8
P01095
66
1
70
0
0
VERTEX
8
P01095
10
85.428663
20
155.786658
30
0.0
0
VERTEX
8
P01095
10
105.494670
20
175.767997
30
0.0
0
VERTEX
8
P01095
10
85.428663
20
155.786658
30
0.0
0
SEQEND
0
POLYLINE
8
P01096
66
1
70
0
0
VERTEX
8
P01096
10
82.634663
20
155.786658
30
0.0
0
VERTEX
8
P01096
10
102.616002
20
175.767997
30
0.0
0
VERTEX
8
P01096
10
82.634663
20
155.786658
30
0.0
0
SEQEND
0
POLYLINE
8
P01097
66
1
70
0
0
VERTEX
8
P01097
10
79.756001
20
155.786658
30
0.0
0
VERTEX
8
P01097
10
99.821997
20
175.767997
30
0.0
0
VERTEX
8
P01097
10
79.756001
20
155.786658
30
0.0
0
SEQEND
0
POLYLINE
8
P01098
66
1
70
0
0
VERTEX
8
P01098
10
76.961996
20
155.786658
30
0.0
0
VERTEX
8
P01098
10
96.943329
20
175.767997
30
0.0
0
VERTEX
8
P01098
10
76.961996
20
155.786658
30
0.0
0
SEQEND
0
POLYLINE
8
P01099
66
1
70
0
0
VERTEX
8
P01099
10
74.167997
20
155.786658
30
0.0
0
VERTEX
8
P01099
10
94.149335
20
175.767997
30
0.0
0
VERTEX
8
P01099
10
74.167997
20
155.786658
30
0.0
0
SEQEND
0
POLYLINE
8
P01100
66
1
70
0
0
VERTEX
8
P01100
10
71.289334
20
155.786658
30
0.0
0
VERTEX
8
P01100
10
91.270667
20
175.767997
30
0.0
0
VERTEX
8
P01100
10
71.289334
20
155.786658
30
0.0
0
SEQEND
0
POLYLINE
8
P01101
66
1
70
0
0
VERTEX
8
P01101
10
68.579998
20
155.871332
30
0.0
0
VERTEX
8
P01101
10
88.476662
20
175.767997
30
0.0
0
VERTEX
8
P01101
10
68.579998
20
155.871332
30
0.0
0
SEQEND
0
POLYLINE
8
P01102
66
1
70
0
0
VERTEX
8
P01102
10
68.579998
20
158.665326
30
0.0
0
VERTEX
8
P01102
10
85.682663
20
175.767997
30
0.0
0
VERTEX
8
P01102
10
68.579998
20
158.665326
30
0.0
0
SEQEND
0
POLYLINE
8
P01103
66
1
70
0
0
VERTEX
8
P01103
10
62.822667
20
155.786658
30
0.0
0
VERTEX
8
P01103
10
64.600665
20
157.564661
30
0.0
0
VERTEX
8
P01103
10
62.822667
20
155.786658
30
0.0
0
SEQEND
0
POLYLINE
8
P01104
66
1
70
0
0
VERTEX
8
P01104
10
68.579998
20
161.543994
30
0.0
0
VERTEX
8
P01104
10
82.804000
20
175.767997
30
0.0
0
VERTEX
8
P01104
10
68.579998
20
161.543994
30
0.0
0
SEQEND
0
POLYLINE
8
P01105
66
1
70
0
0
VERTEX
8
P01105
10
68.579998
20
164.337999
30
0.0
0
VERTEX
8
P01105
10
80.009996
20
175.767997
30
0.0
0
VERTEX
8
P01105
10
68.579998
20
164.337999
30
0.0
0
SEQEND
0
POLYLINE
8
P01106
66
1
70
0
0
VERTEX
8
P01106
10
60.028668
20
155.786658
30
0.0
0
VERTEX
8
P01106
10
64.600665
20
160.358666
30
0.0
0
VERTEX
8
P01106
10
60.028668
20
155.786658
30
0.0
0
SEQEND
0
POLYLINE
8
P01107
66
1
70
0
0
VERTEX
8
P01107
10
57.150000
20
155.786658
30
0.0
0
VERTEX
8
P01107
10
64.600665
20
163.152660
30
0.0
0
VERTEX
8
P01107
10
57.150000
20
155.786658
30
0.0
0
SEQEND
0
POLYLINE
8
P01108
66
1
70
0
0
VERTEX
8
P01108
10
68.579998
20
167.216667
30
0.0
0
VERTEX
8
P01108
10
77.131333
20
175.767997
30
0.0
0
VERTEX
8
P01108
10
68.579998
20
167.216667
30
0.0
0
SEQEND
0
POLYLINE
8
P01109
66
1
70
0
0
VERTEX
8
P01109
10
68.579998
20
170.010661
30
0.0
0
VERTEX
8
P01109
10
74.337334
20
175.767997
30
0.0
0
VERTEX
8
P01109
10
68.579998
20
170.010661
30
0.0
0
SEQEND
0
POLYLINE
8
P01110
66
1
70
0
0
VERTEX
8
P01110
10
56.557331
20
157.987999
30
0.0
0
VERTEX
8
P01110
10
64.600665
20
166.031328
30
0.0
0
VERTEX
8
P01110
10
56.557331
20
157.987999
30
0.0
0
SEQEND
0
POLYLINE
8
P01111
66
1
70
0
0
VERTEX
8
P01111
10
56.557331
20
160.866667
30
0.0
0
VERTEX
8
P01111
10
64.600665
20
168.825332
30
0.0
0
VERTEX
8
P01111
10
56.557331
20
160.866667
30
0.0
0
SEQEND
0
POLYLINE
8
P01112
66
1
70
0
0
VERTEX
8
P01112
10
68.579998
20
172.804665
30
0.0
0
VERTEX
8
P01112
10
71.543334
20
175.767997
30
0.0
0
VERTEX
8
P01112
10
68.579998
20
172.804665
30
0.0
0
SEQEND
0
POLYLINE
8
P01113
66
1
70
0
0
VERTEX
8
P01113
10
68.579998
20
175.683333
30
0.0
0
VERTEX
8
P01113
10
68.664666
20
175.767997
30
0.0
0
VERTEX
8
P01113
10
68.579998
20
175.683333
30
0.0
0
SEQEND
0
POLYLINE
8
P01114
66
1
70
0
0
VERTEX
8
P01114
10
56.557331
20
163.660661
30
0.0
0
VERTEX
8
P01114
10
64.600665
20
171.704000
30
0.0
0
VERTEX
8
P01114
10
56.557331
20
163.660661
30
0.0
0
SEQEND
0
POLYLINE
8
P01115
66
1
70
0
0
VERTEX
8
P01115
10
56.557331
20
166.539329
30
0.0
0
VERTEX
8
P01115
10
64.600665
20
174.497994
30
0.0
0
VERTEX
8
P01115
10
56.557331
20
166.539329
30
0.0
0
SEQEND
0
POLYLINE
8
P01116
66
1
70
0
0
VERTEX
8
P01116
10
56.557331
20
169.333333
30
0.0
0
VERTEX
8
P01116
10
62.991999
20
175.767997
30
0.0
0
VERTEX
8
P01116
10
56.557331
20
169.333333
30
0.0
0
SEQEND
0
POLYLINE
8
P01117
66
1
70
0
0
VERTEX
8
P01117
10
56.557331
20
172.127327
30
0.0
0
VERTEX
8
P01117
10
60.198000
20
175.767997
30
0.0
0
VERTEX
8
P01117
10
56.557331
20
172.127327
30
0.0
0
SEQEND
0
POLYLINE
8
P01118
66
1
70
0
0
VERTEX
8
P01118
10
56.557331
20
175.005995
30
0.0
0
VERTEX
8
P01118
10
57.404000
20
175.767997
30
0.0
0
VERTEX
8
P01118
10
56.557331
20
175.005995
30
0.0
0
SEQEND
0
POLYLINE
8
P01119
66
1
70
0
0
VERTEX
8
P01119
10
175.937334
20
155.786658
30
0.0
0
VERTEX
8
P01119
10
176.529998
20
156.379333
30
0.0
0
VERTEX
8
P01119
10
175.937334
20
155.786658
30
0.0
0
SEQEND
0
POLYLINE
8
P01120
66
1
70
0
0
VERTEX
8
P01120
10
173.143329
20
155.786658
30
0.0
0
VERTEX
8
P01120
10
176.529998
20
159.257990
30
0.0
0
VERTEX
8
P01120
10
173.143329
20
155.786658
30
0.0
0
SEQEND
0
POLYLINE
8
P01121
66
1
70
0
0
VERTEX
8
P01121
10
170.349324
20
155.786658
30
0.0
0
VERTEX
8
P01121
10
176.529998
20
162.051995
30
0.0
0
VERTEX
8
P01121
10
170.349324
20
155.786658
30
0.0
0
SEQEND
0
POLYLINE
8
P01122
66
1
70
0
0
VERTEX
8
P01122
10
168.571332
20
156.887334
30
0.0
0
VERTEX
8
P01122
10
176.529998
20
164.846000
30
0.0
0
VERTEX
8
P01122
10
168.571332
20
156.887334
30
0.0
0
SEQEND
0
POLYLINE
8
P01123
66
1
70
0
0
VERTEX
8
P01123
10
168.571332
20
159.681328
30
0.0
0
VERTEX
8
P01123
10
176.529998
20
167.724657
30
0.0
0
VERTEX
8
P01123
10
168.571332
20
159.681328
30
0.0
0
SEQEND
0
POLYLINE
8
P01124
66
1
70
0
0
VERTEX
8
P01124
10
168.571332
20
162.559996
30
0.0
0
VERTEX
8
P01124
10
176.529998
20
170.518661
30
0.0
0
VERTEX
8
P01124
10
168.571332
20
162.559996
30
0.0
0
SEQEND
0
POLYLINE
8
P01125
66
1
70
0
0
VERTEX
8
P01125
10
161.797994
20
155.786658
30
0.0
0
VERTEX
8
P01125
10
164.591999
20
158.496000
30
0.0
0
VERTEX
8
P01125
10
161.797994
20
155.786658
30
0.0
0
SEQEND
0
POLYLINE
8
P01126
66
1
70
0
0
VERTEX
8
P01126
10
159.004000
20
155.786658
30
0.0
0
VERTEX
8
P01126
10
164.591999
20
161.374657
30
0.0
0
VERTEX
8
P01126
10
159.004000
20
155.786658
30
0.0
0
SEQEND
0
POLYLINE
8
P01127
66
1
70
0
0
VERTEX
8
P01127
10
168.571332
20
165.354000
30
0.0
0
VERTEX
8
P01127
10
176.529998
20
173.397329
30
0.0
0
VERTEX
8
P01127
10
168.571332
20
165.354000
30
0.0
0
SEQEND
0
POLYLINE
8
P01128
66
1
70
0
0
VERTEX
8
P01128
10
168.571332
20
168.232658
30
0.0
0
VERTEX
8
P01128
10
176.191334
20
175.767997
30
0.0
0
VERTEX
8
P01128
10
168.571332
20
168.232658
30
0.0
0
SEQEND
0
POLYLINE
8
P01129
66
1
70
0
0
VERTEX
8
P01129
10
156.125332
20
155.786658
30
0.0
0
VERTEX
8
P01129
10
164.591999
20
164.168661
30
0.0
0
VERTEX
8
P01129
10
156.125332
20
155.786658
30
0.0
0
SEQEND
0
POLYLINE
8
P01130
66
1
70
0
0
VERTEX
8
P01130
10
153.331328
20
155.786658
30
0.0
0
VERTEX
8
P01130
10
164.591999
20
167.047329
30
0.0
0
VERTEX
8
P01130
10
153.331328
20
155.786658
30
0.0
0
SEQEND
0
POLYLINE
8
P01131
66
1
70
0
0
VERTEX
8
P01131
10
168.571332
20
171.026662
30
0.0
0
VERTEX
8
P01131
10
173.312666
20
175.767997
30
0.0
0
VERTEX
8
P01131
10
168.571332
20
171.026662
30
0.0
0
SEQEND
0
POLYLINE
8
P01132
66
1
70
0
0
VERTEX
8
P01132
10
168.571332
20
173.820656
30
0.0
0
VERTEX
8
P01132
10
170.518661
20
175.767997
30
0.0
0
VERTEX
8
P01132
10
168.571332
20
173.820656
30
0.0
0
SEQEND
0
POLYLINE
8
P01133
66
1
70
0
0
VERTEX
8
P01133
10
150.537334
20
155.786658
30
0.0
0
VERTEX
8
P01133
10
164.591999
20
169.841323
30
0.0
0
VERTEX
8
P01133
10
150.537334
20
155.786658
30
0.0
0
SEQEND
0
POLYLINE
8
P01134
66
1
70
0
0
VERTEX
8
P01134
10
147.658666
20
155.786658
30
0.0
0
VERTEX
8
P01134
10
164.591999
20
172.635328
30
0.0
0
VERTEX
8
P01134
10
147.658666
20
155.786658
30
0.0
0
SEQEND
0
POLYLINE
8
P01135
66
1
70
0
0
VERTEX
8
P01135
10
144.864661
20
155.786658
30
0.0
0
VERTEX
8
P01135
10
164.591999
20
175.513996
30
0.0
0
VERTEX
8
P01135
10
144.864661
20
155.786658
30
0.0
0
SEQEND
0
POLYLINE
8
P01136
66
1
70
0
0
VERTEX
8
P01136
10
141.985993
20
155.786658
30
0.0
0
VERTEX
8
P01136
10
162.051995
20
175.767997
30
0.0
0
VERTEX
8
P01136
10
141.985993
20
155.786658
30
0.0
0
SEQEND
0
POLYLINE
8
P01137
66
1
70
0
0
VERTEX
8
P01137
10
139.191999
20
155.786658
30
0.0
0
VERTEX
8
P01137
10
159.173327
20
175.767997
30
0.0
0
VERTEX
8
P01137
10
139.191999
20
155.786658
30
0.0
0
SEQEND
0
POLYLINE
8
P01138
66
1
70
0
0
VERTEX
8
P01138
10
136.397994
20
155.786658
30
0.0
0
VERTEX
8
P01138
10
156.379333
20
175.767997
30
0.0
0
VERTEX
8
P01138
10
136.397994
20
155.786658
30
0.0
0
SEQEND
0
POLYLINE
8
P01139
66
1
70
0
0
VERTEX
8
P01139
10
133.519326
20
155.786658
30
0.0
0
VERTEX
8
P01139
10
153.500665
20
175.767997
30
0.0
0
VERTEX
8
P01139
10
133.519326
20
155.786658
30
0.0
0
SEQEND
0
POLYLINE
8
P01140
66
1
70
0
0
VERTEX
8
P01140
10
130.725332
20
155.786658
30
0.0
0
VERTEX
8
P01140
10
150.706660
20
175.767997
30
0.0
0
VERTEX
8
P01140
10
130.725332
20
155.786658
30
0.0
0
SEQEND
0
POLYLINE
8
P01141
66
1
70
0
0
VERTEX
8
P01141
10
127.846665
20
155.786658
30
0.0
0
VERTEX
8
P01141
10
147.912666
20
175.767997
30
0.0
0
VERTEX
8
P01141
10
127.846665
20
155.786658
30
0.0
0
SEQEND
0
POLYLINE
8
P01142
66
1
70
0
0
VERTEX
8
P01142
10
125.052660
20
155.786658
30
0.0
0
VERTEX
8
P01142
10
145.033998
20
175.767997
30
0.0
0
VERTEX
8
P01142
10
125.052660
20
155.786658
30
0.0
0
SEQEND
0
POLYLINE
8
P01143
66
1
70
0
0
VERTEX
8
P01143
10
123.613331
20
157.225997
30
0.0
0
VERTEX
8
P01143
10
142.239994
20
175.767997
30
0.0
0
VERTEX
8
P01143
10
123.613331
20
157.225997
30
0.0
0
SEQEND
0
POLYLINE
8
P01144
66
1
70
0
0
VERTEX
8
P01144
10
123.613331
20
160.019991
30
0.0
0
VERTEX
8
P01144
10
139.361326
20
175.767997
30
0.0
0
VERTEX
8
P01144
10
123.613331
20
160.019991
30
0.0
0
SEQEND
0
POLYLINE
8
P01145
66
1
70
0
0
VERTEX
8
P01145
10
123.613331
20
162.898659
30
0.0
0
VERTEX
8
P01145
10
136.567332
20
175.767997
30
0.0
0
VERTEX
8
P01145
10
123.613331
20
162.898659
30
0.0
0
SEQEND
0
POLYLINE
8
P01146
66
1
70
0
0
VERTEX
8
P01146
10
123.613331
20
165.692664
30
0.0
0
VERTEX
8
P01146
10
133.773327
20
175.767997
30
0.0
0
VERTEX
8
P01146
10
123.613331
20
165.692664
30
0.0
0
SEQEND
0
POLYLINE
8
P01147
66
1
70
0
0
VERTEX
8
P01147
10
108.119326
20
155.786658
30
0.0
0
VERTEX
8
P01147
10
109.474003
20
157.225997
30
0.0
0
VERTEX
8
P01147
10
108.119326
20
155.786658
30
0.0
0
SEQEND
0
POLYLINE
8
P01148
66
1
70
0
0
VERTEX
8
P01148
10
105.240669
20
155.786658
30
0.0
0
VERTEX
8
P01148
10
109.474003
20
160.019991
30
0.0
0
VERTEX
8
P01148
10
105.240669
20
155.786658
30
0.0
0
SEQEND
0
POLYLINE
8
P01149
66
1
70
0
0
VERTEX
8
P01149
10
102.446665
20
155.786658
30
0.0
0
VERTEX
8
P01149
10
109.474003
20
162.898659
30
0.0
0
VERTEX
8
P01149
10
102.446665
20
155.786658
30
0.0
0
SEQEND
0
POLYLINE
8
P01150
66
1
70
0
0
VERTEX
8
P01150
10
99.567997
20
155.786658
30
0.0
0
VERTEX
8
P01150
10
109.474003
20
165.692664
30
0.0
0
VERTEX
8
P01150
10
99.567997
20
155.786658
30
0.0
0
SEQEND
0
POLYLINE
8
P01151
66
1
70
0
0
VERTEX
8
P01151
10
96.774003
20
155.786658
30
0.0
0
VERTEX
8
P01151
10
109.474003
20
168.486658
30
0.0
0
VERTEX
8
P01151
10
96.774003
20
155.786658
30
0.0
0
SEQEND
0
POLYLINE
8
P01152
66
1
70
0
0
VERTEX
8
P01152
10
93.979998
20
155.786658
30
0.0
0
VERTEX
8
P01152
10
109.474003
20
171.365326
30
0.0
0
VERTEX
8
P01152
10
93.979998
20
155.786658
30
0.0
0
SEQEND
0
POLYLINE
8
P01153
66
1
70
0
0
VERTEX
8
P01153
10
91.101330
20
155.786658
30
0.0
0
VERTEX
8
P01153
10
109.474003
20
174.159331
30
0.0
0
VERTEX
8
P01153
10
91.101330
20
155.786658
30
0.0
0
SEQEND
0
POLYLINE
8
P01154
66
1
70
0
0
VERTEX
8
P01154
10
88.307331
20
155.786658
30
0.0
0
VERTEX
8
P01154
10
108.288664
20
175.767997
30
0.0
0
VERTEX
8
P01154
10
88.307331
20
155.786658
30
0.0
0
SEQEND
0
POLYLINE
8
P01155
66
1
70
0
0
VERTEX
8
P01155
10
85.428663
20
155.786658
30
0.0
0
VERTEX
8
P01155
10
105.494670
20
175.767997
30
0.0
0
VERTEX
8
P01155
10
85.428663
20
155.786658
30
0.0
0
SEQEND
0
POLYLINE
8
P01156
66
1
70
0
0
VERTEX
8
P01156
10
82.634663
20
155.786658
30
0.0
0
VERTEX
8
P01156
10
102.616002
20
175.767997
30
0.0
0
VERTEX
8
P01156
10
82.634663
20
155.786658
30
0.0
0
SEQEND
0
POLYLINE
8
P01157
66
1
70
0
0
VERTEX
8
P01157
10
79.756001
20
155.786658
30
0.0
0
VERTEX
8
P01157
10
99.821997
20
175.767997
30
0.0
0
VERTEX
8
P01157
10
79.756001
20
155.786658
30
0.0
0
SEQEND
0
POLYLINE
8
P01158
66
1
70
0
0
VERTEX
8
P01158
10
76.961996
20
155.786658
30
0.0
0
VERTEX
8
P01158
10
96.943329
20
175.767997
30
0.0
0
VERTEX
8
P01158
10
76.961996
20
155.786658
30
0.0
0
SEQEND
0
POLYLINE
8
P01159
66
1
70
0
0
VERTEX
8
P01159
10
74.167997
20
155.786658
30
0.0
0
VERTEX
8
P01159
10
94.149335
20
175.767997
30
0.0
0
VERTEX
8
P01159
10
74.167997
20
155.786658
30
0.0
0
SEQEND
0
POLYLINE
8
P01160
66
1
70
0
0
VERTEX
8
P01160
10
71.289334
20
155.786658
30
0.0
0
VERTEX
8
P01160
10
91.270667
20
175.767997
30
0.0
0
VERTEX
8
P01160
10
71.289334
20
155.786658
30
0.0
0
SEQEND
0
POLYLINE
8
P01161
66
1
70
0
0
VERTEX
8
P01161
10
68.579998
20
155.871332
30
0.0
0
VERTEX
8
P01161
10
88.476662
20
175.767997
30
0.0
0
VERTEX
8
P01161
10
68.579998
20
155.871332
30
0.0
0
SEQEND
0
POLYLINE
8
P01162
66
1
70
0
0
VERTEX
8
P01162
10
68.579998
20
158.665326
30
0.0
0
VERTEX
8
P01162
10
85.682663
20
175.767997
30
0.0
0
VERTEX
8
P01162
10
68.579998
20
158.665326
30
0.0
0
SEQEND
0
POLYLINE
8
P01163
66
1
70
0
0
VERTEX
8
P01163
10
62.822667
20
155.786658
30
0.0
0
VERTEX
8
P01163
10
64.600665
20
157.564661
30
0.0
0
VERTEX
8
P01163
10
62.822667
20
155.786658
30
0.0
0
SEQEND
0
POLYLINE
8
P01164
66
1
70
0
0
VERTEX
8
P01164
10
68.579998
20
161.543994
30
0.0
0
VERTEX
8
P01164
10
82.804000
20
175.767997
30
0.0
0
VERTEX
8
P01164
10
68.579998
20
161.543994
30
0.0
0
SEQEND
0
POLYLINE
8
P01165
66
1
70
0
0
VERTEX
8
P01165
10
68.579998
20
164.337999
30
0.0
0
VERTEX
8
P01165
10
80.009996
20
175.767997
30
0.0
0
VERTEX
8
P01165
10
68.579998
20
164.337999
30
0.0
0
SEQEND
0
POLYLINE
8
P01166
66
1
70
0
0
VERTEX
8
P01166
10
60.028668
20
155.786658
30
0.0
0
VERTEX
8
P01166
10
64.600665
20
160.358666
30
0.0
0
VERTEX
8
P01166
10
60.028668
20
155.786658
30
0.0
0
SEQEND
0
POLYLINE
8
P01167
66
1
70
0
0
VERTEX
8
P01167
10
57.150000
20
155.786658
30
0.0
0
VERTEX
8
P01167
10
64.600665
20
163.152660
30
0.0
0
VERTEX
8
P01167
10
57.150000
20
155.786658
30
0.0
0
SEQEND
0
POLYLINE
8
P01168
66
1
70
0
0
VERTEX
8
P01168
10
68.579998
20
167.216667
30
0.0
0
VERTEX
8
P01168
10
77.131333
20
175.767997
30
0.0
0
VERTEX
8
P01168
10
68.579998
20
167.216667
30
0.0
0
SEQEND
0
POLYLINE
8
P01169
66
1
70
0
0
VERTEX
8
P01169
10
68.579998
20
170.010661
30
0.0
0
VERTEX
8
P01169
10
74.337334
20
175.767997
30
0.0
0
VERTEX
8
P01169
10
68.579998
20
170.010661
30
0.0
0
SEQEND
0
POLYLINE
8
P01170
66
1
70
0
0
VERTEX
8
P01170
10
56.557331
20
157.987999
30
0.0
0
VERTEX
8
P01170
10
64.600665
20
166.031328
30
0.0
0
VERTEX
8
P01170
10
56.557331
20
157.987999
30
0.0
0
SEQEND
0
POLYLINE
8
P01171
66
1
70
0
0
VERTEX
8
P01171
10
56.557331
20
160.866667
30
0.0
0
VERTEX
8
P01171
10
64.600665
20
168.825332
30
0.0
0
VERTEX
8
P01171
10
56.557331
20
160.866667
30
0.0
0
SEQEND
0
POLYLINE
8
P01172
66
1
70
0
0
VERTEX
8
P01172
10
68.579998
20
172.804665
30
0.0
0
VERTEX
8
P01172
10
71.543334
20
175.767997
30
0.0
0
VERTEX
8
P01172
10
68.579998
20
172.804665
30
0.0
0
SEQEND
0
POLYLINE
8
P01173
66
1
70
0
0
VERTEX
8
P01173
10
68.579998
20
175.683333
30
0.0
0
VERTEX
8
P01173
10
68.664666
20
175.767997
30
0.0
0
VERTEX
8
P01173
10
68.579998
20
175.683333
30
0.0
0
SEQEND
0
POLYLINE
8
P01174
66
1
70
0
0
VERTEX
8
P01174
10
56.557331
20
163.660661
30
0.0
0
VERTEX
8
P01174
10
64.600665
20
171.704000
30
0.0
0
VERTEX
8
P01174
10
56.557331
20
163.660661
30
0.0
0
SEQEND
0
POLYLINE
8
P01175
66
1
70
0
0
VERTEX
8
P01175
10
56.557331
20
166.539329
30
0.0
0
VERTEX
8
P01175
10
64.600665
20
174.497994
30
0.0
0
VERTEX
8
P01175
10
56.557331
20
166.539329
30
0.0
0
SEQEND
0
POLYLINE
8
P01176
66
1
70
0
0
VERTEX
8
P01176
10
56.557331
20
169.333333
30
0.0
0
VERTEX
8
P01176
10
62.991999
20
175.767997
30
0.0
0
VERTEX
8
P01176
10
56.557331
20
169.333333
30
0.0
0
SEQEND
0
POLYLINE
8
P01177
66
1
70
0
0
VERTEX
8
P01177
10
56.557331
20
172.127327
30
0.0
0
VERTEX
8
P01177
10
60.198000
20
175.767997
30
0.0
0
VERTEX
8
P01177
10
56.557331
20
172.127327
30
0.0
0
SEQEND
0
POLYLINE
8
P01178
66
1
70
0
0
VERTEX
8
P01178
10
56.557331
20
175.005995
30
0.0
0
VERTEX
8
P01178
10
57.404000
20
175.767997
30
0.0
0
VERTEX
8
P01178
10
56.557331
20
175.005995
30
0.0
0
SEQEND
0
POLYLINE
8
P01179
66
1
70
0
0
VERTEX
8
P01179
10
116.585993
20
172.804665
30
0.0
0
VERTEX
8
P01179
10
116.585993
20
153.754665
30
0.0
0
VERTEX
8
P01179
10
116.585993
20
172.804665
30
0.0
0
SEQEND
0
POLYLINE
8
P01180
66
1
70
0
0
VERTEX
8
P01180
10
168.063331
20
155.786658
30
0.0
0
VERTEX
8
P01180
10
203.200000
20
155.786658
30
0.0
0
VERTEX
8
P01180
10
168.063331
20
155.786658
30
0.0
0
SEQEND
0
POLYLINE
8
P01181
66
1
70
0
0
VERTEX
8
P01181
10
168.063331
20
170.772662
30
0.0
0
VERTEX
8
P01181
10
203.200000
20
170.772662
30
0.0
0
VERTEX
8
P01181
10
168.063331
20
170.772662
30
0.0
0
SEQEND
0
POLYLINE
8
P01182
66
1
70
0
0
VERTEX
8
P01182
10
61.552665
20
155.786658
30
0.0
0
VERTEX
8
P01182
10
61.552665
20
126.746000
30
0.0
0
VERTEX
8
P01182
10
61.552665
20
155.786658
30
0.0
0
SEQEND
0
POLYLINE
8
P01183
66
1
70
0
0
VERTEX
8
P01183
10
171.534663
20
155.786658
30
0.0
0
VERTEX
8
P01183
10
171.534663
20
126.746000
30
0.0
0
VERTEX
8
P01183
10
171.534663
20
155.786658
30
0.0
0
SEQEND
0
POLYLINE
8
P01184
66
1
70
0
0
VERTEX
8
P01184
10
168.063331
20
163.321997
30
0.0
0
VERTEX
8
P01184
10
168.063331
20
182.287323
30
0.0
0
VERTEX
8
P01184
10
168.063331
20
163.321997
30
0.0
0
SEQEND
0
POLYLINE
8
P01185
66
1
70
0
0
VERTEX
8
P01185
10
175.090658
20
163.321997
30
0.0
0
VERTEX
8
P01185
10
175.090658
20
182.287323
30
0.0
0
VERTEX
8
P01185
10
175.090658
20
163.321997
30
0.0
0
SEQEND
0
POLYLINE
8
P01186
66
1
70
0
0
VERTEX
8
P01186
10
46.566667
20
163.321997
30
0.0
0
VERTEX
8
P01186
10
46.566667
20
126.746000
30
0.0
0
VERTEX
8
P01186
10
46.566667
20
163.321997
30
0.0
0
SEQEND
0
POLYLINE
8
P01187
66
1
70
0
0
VERTEX
8
P01187
10
58.081333
20
163.321997
30
0.0
0
VERTEX
8
P01187
10
58.081333
20
126.746000
30
0.0
0
VERTEX
8
P01187
10
58.081333
20
163.321997
30
0.0
0
SEQEND
0
POLYLINE
8
P01188
66
1
70
0
0
VERTEX
8
P01188
10
109.474003
20
155.786658
30
0.0
0
VERTEX
8
P01188
10
109.474003
20
141.816667
30
0.0
0
VERTEX
8
P01188
10
109.474003
20
155.786658
30
0.0
0
SEQEND
0
POLYLINE
8
P01189
66
1
70
0
0
VERTEX
8
P01189
10
123.613331
20
155.786658
30
0.0
0
VERTEX
8
P01189
10
123.613331
20
141.816667
30
0.0
0
VERTEX
8
P01189
10
123.613331
20
155.786658
30
0.0
0
SEQEND
0
POLYLINE
8
P01190
66
1
70
0
0
VERTEX
8
P01190
10
66.463331
20
129.878668
30
0.0
0
VERTEX
8
P01190
10
67.056001
20
129.878668
30
0.0
0
SEQEND
0
POLYLINE
8
P01191
66
1
70
0
0
VERTEX
8
P01191
10
65.870667
20
129.793994
30
0.0
0
VERTEX
8
P01191
10
67.056001
20
129.793994
30
0.0
0
SEQEND
0
POLYLINE
8
P01192
66
1
70
0
0
VERTEX
8
P01192
10
65.193334
20
129.709331
30
0.0
0
VERTEX
8
P01192
10
67.056001
20
129.709331
30
0.0
0
SEQEND
0
POLYLINE
8
P01193
66
1
70
0
0
VERTEX
8
P01193
10
64.600665
20
129.624668
30
0.0
0
VERTEX
8
P01193
10
67.056001
20
129.624668
30
0.0
0
SEQEND
0
POLYLINE
8
P01194
66
1
70
0
0
VERTEX
8
P01194
10
64.008001
20
129.539994
30
0.0
0
VERTEX
8
P01194
10
67.056001
20
129.539994
30
0.0
0
SEQEND
0
POLYLINE
8
P01195
66
1
70
0
0
VERTEX
8
P01195
10
63.330663
20
129.455330
30
0.0
0
VERTEX
8
P01195
10
67.056001
20
129.455330
30
0.0
0
SEQEND
0
POLYLINE
8
P01196
66
1
70
0
0
VERTEX
8
P01196
10
63.161331
20
129.370667
30
0.0
0
VERTEX
8
P01196
10
67.056001
20
129.370667
30
0.0
0
SEQEND
0
POLYLINE
8
P01197
66
1
70
0
0
VERTEX
8
P01197
10
62.991999
20
129.285993
30
0.0
0
VERTEX
8
P01197
10
67.056001
20
129.285993
30
0.0
0
SEQEND
0
POLYLINE
8
P01198
66
1
70
0
0
VERTEX
8
P01198
10
62.737999
20
129.201330
30
0.0
0
VERTEX
8
P01198
10
67.056001
20
129.201330
30
0.0
0
SEQEND
0
POLYLINE
8
P01199
66
1
70
0
0
VERTEX
8
P01199
10
62.568667
20
129.116667
30
0.0
0
VERTEX
8
P01199
10
67.056001
20
129.116667
30
0.0
0
SEQEND
0
POLYLINE
8
P01200
66
1
70
0
0
VERTEX
8
P01200
10
62.399330
20
129.031993
30
0.0
0
VERTEX
8
P01200
10
67.056001
20
129.031993
30
0.0
0
SEQEND
0
POLYLINE
8
P01201
66
1
70
0
0
VERTEX
8
P01201
10
62.145335
20
128.947329
30
0.0
0
VERTEX
8
P01201
10
67.056001
20
128.947329
30
0.0
0
SEQEND
0
POLYLINE
8
P01202
66
1
70
0
0
VERTEX
8
P01202
10
61.975997
20
128.862666
30
0.0
0
VERTEX
8
P01202
10
67.056001
20
128.862666
30
0.0
0
SEQEND
0
POLYLINE
8
P01203
66
1
70
0
0
VERTEX
8
P01203
10
61.806666
20
128.777992
30
0.0
0
VERTEX
8
P01203
10
67.056001
20
128.777992
30
0.0
0
SEQEND
0
POLYLINE
8
P01204
66
1
70
0
0
VERTEX
8
P01204
10
61.552665
20
128.693329
30
0.0
0
VERTEX
8
P01204
10
67.056001
20
128.693329
30
0.0
0
SEQEND
0
POLYLINE
8
P01205
66
1
70
0
0
VERTEX
8
P01205
10
61.806666
20
128.608666
30
0.0
0
VERTEX
8
P01205
10
67.056001
20
128.608666
30
0.0
0
SEQEND
0
POLYLINE
8
P01206
66
1
70
0
0
VERTEX
8
P01206
10
62.060666
20
128.523992
30
0.0
0
VERTEX
8
P01206
10
67.056001
20
128.523992
30
0.0
0
SEQEND
0
POLYLINE
8
P01207
66
1
70
0
0
VERTEX
8
P01207
10
62.229998
20
128.439329
30
0.0
0
VERTEX
8
P01207
10
67.056001
20
128.439329
30
0.0
0
SEQEND
0
POLYLINE
8
P01208
66
1
70
0
0
VERTEX
8
P01208
10
62.483998
20
128.354665
30
0.0
0
VERTEX
8
P01208
10
67.056001
20
128.354665
30
0.0
0
SEQEND
0
POLYLINE
8
P01209
66
1
70
0
0
VERTEX
8
P01209
10
62.737999
20
128.269991
30
0.0
0
VERTEX
8
P01209
10
67.056001
20
128.269991
30
0.0
0
SEQEND
0
POLYLINE
8
P01210
66
1
70
0
0
VERTEX
8
P01210
10
62.907331
20
128.185328
30
0.0
0
VERTEX
8
P01210
10
67.056001
20
128.185328
30
0.0
0
SEQEND
0
POLYLINE
8
P01211
66
1
70
0
0
VERTEX
8
P01211
10
63.161331
20
128.100665
30
0.0
0
VERTEX
8
P01211
10
67.056001
20
128.100665
30
0.0
0
SEQEND
0
POLYLINE
8
P01212
66
1
70
0
0
VERTEX
8
P01212
10
63.330663
20
128.015991
30
0.0
0
VERTEX
8
P01212
10
67.056001
20
128.015991
30
0.0
0
SEQEND
0
POLYLINE
8
P01213
66
1
70
0
0
VERTEX
8
P01213
10
64.008001
20
127.931328
30
0.0
0
VERTEX
8
P01213
10
67.056001
20
127.931328
30
0.0
0
SEQEND
0
POLYLINE
8
P01214
66
1
70
0
0
VERTEX
8
P01214
10
64.600665
20
127.846665
30
0.0
0
VERTEX
8
P01214
10
67.056001
20
127.846665
30
0.0
0
SEQEND
0
POLYLINE
8
P01215
66
1
70
0
0
VERTEX
8
P01215
10
65.193334
20
127.762001
30
0.0
0
VERTEX
8
P01215
10
67.056001
20
127.762001
30
0.0
0
SEQEND
0
POLYLINE
8
P01216
66
1
70
0
0
VERTEX
8
P01216
10
65.870667
20
127.677327
30
0.0
0
VERTEX
8
P01216
10
67.056001
20
127.677327
30
0.0
0
SEQEND
0
POLYLINE
8
P01217
66
1
70
0
0
VERTEX
8
P01217
10
66.463331
20
127.592664
30
0.0
0
VERTEX
8
P01217
10
67.056001
20
127.592664
30
0.0
0
VERTEX
8
P01217
10
66.463331
20
127.592664
30
0.0
0
SEQEND
0
POLYLINE
8
P01218
66
1
70
0
0
VERTEX
8
P01218
10
61.552665
20
128.693329
30
0.0
0
VERTEX
8
P01218
10
66.548000
20
129.370667
30
0.0
0
VERTEX
8
P01218
10
61.552665
20
128.693329
30
0.0
0
SEQEND
0
POLYLINE
8
P01219
66
1
70
0
0
VERTEX
8
P01219
10
66.548000
20
129.370667
30
0.0
0
VERTEX
8
P01219
10
66.039999
20
128.693329
30
0.0
0
VERTEX
8
P01219
10
66.548000
20
129.370667
30
0.0
0
SEQEND
0
POLYLINE
8
P01220
66
1
70
0
0
VERTEX
8
P01220
10
66.039999
20
128.693329
30
0.0
0
VERTEX
8
P01220
10
66.548000
20
128.015991
30
0.0
0
VERTEX
8
P01220
10
66.039999
20
128.693329
30
0.0
0
SEQEND
0
POLYLINE
8
P01221
66
1
70
0
0
VERTEX
8
P01221
10
66.548000
20
128.015991
30
0.0
0
VERTEX
8
P01221
10
61.552665
20
128.693329
30
0.0
0
VERTEX
8
P01221
10
66.548000
20
128.015991
30
0.0
0
SEQEND
0
POLYLINE
8
P01222
66
1
70
0
0
VERTEX
8
P01222
10
65.955330
20
129.285993
30
0.0
0
VERTEX
8
P01222
10
66.548000
20
129.285993
30
0.0
0
SEQEND
0
POLYLINE
8
P01223
66
1
70
0
0
VERTEX
8
P01223
10
65.362666
20
129.201330
30
0.0
0
VERTEX
8
P01223
10
66.463331
20
129.201330
30
0.0
0
SEQEND
0
POLYLINE
8
P01224
66
1
70
0
0
VERTEX
8
P01224
10
64.685334
20
129.116667
30
0.0
0
VERTEX
8
P01224
10
66.378663
20
129.116667
30
0.0
0
SEQEND
0
POLYLINE
8
P01225
66
1
70
0
0
VERTEX
8
P01225
10
64.092664
20
129.031993
30
0.0
0
VERTEX
8
P01225
10
66.293999
20
129.031993
30
0.0
0
SEQEND
0
POLYLINE
8
P01226
66
1
70
0
0
VERTEX
8
P01226
10
63.500000
20
128.947329
30
0.0
0
VERTEX
8
P01226
10
66.293999
20
128.947329
30
0.0
0
SEQEND
0
POLYLINE
8
P01227
66
1
70
0
0
VERTEX
8
P01227
10
62.822667
20
128.862666
30
0.0
0
VERTEX
8
P01227
10
66.209331
20
128.862666
30
0.0
0
SEQEND
0
POLYLINE
8
P01228
66
1
70
0
0
VERTEX
8
P01228
10
62.229998
20
128.777992
30
0.0
0
VERTEX
8
P01228
10
66.124668
20
128.777992
30
0.0
0
VERTEX
8
P01228
10
62.229998
20
128.777992
30
0.0
0
SEQEND
0
POLYLINE
8
P01229
66
1
70
0
0
VERTEX
8
P01229
10
61.552665
20
128.693329
30
0.0
0
VERTEX
8
P01229
10
66.039999
20
128.693329
30
0.0
0
SEQEND
0
POLYLINE
8
P01230
66
1
70
0
0
VERTEX
8
P01230
10
62.229998
20
128.608666
30
0.0
0
VERTEX
8
P01230
10
66.124668
20
128.608666
30
0.0
0
SEQEND
0
POLYLINE
8
P01231
66
1
70
0
0
VERTEX
8
P01231
10
62.822667
20
128.523992
30
0.0
0
VERTEX
8
P01231
10
66.209331
20
128.523992
30
0.0
0
SEQEND
0
POLYLINE
8
P01232
66
1
70
0
0
VERTEX
8
P01232
10
63.500000
20
128.439329
30
0.0
0
VERTEX
8
P01232
10
66.293999
20
128.439329
30
0.0
0
SEQEND
0
POLYLINE
8
P01233
66
1
70
0
0
VERTEX
8
P01233
10
64.092664
20
128.354665
30
0.0
0
VERTEX
8
P01233
10
66.293999
20
128.354665
30
0.0
0
SEQEND
0
POLYLINE
8
P01234
66
1
70
0
0
VERTEX
8
P01234
10
64.685334
20
128.269991
30
0.0
0
VERTEX
8
P01234
10
66.378663
20
128.269991
30
0.0
0
SEQEND
0
POLYLINE
8
P01235
66
1
70
0
0
VERTEX
8
P01235
10
65.362666
20
128.185328
30
0.0
0
VERTEX
8
P01235
10
66.463331
20
128.185328
30
0.0
0
SEQEND
0
POLYLINE
8
P01236
66
1
70
0
0
VERTEX
8
P01236
10
65.955330
20
128.100665
30
0.0
0
VERTEX
8
P01236
10
66.548000
20
128.100665
30
0.0
0
VERTEX
8
P01236
10
65.955330
20
128.100665
30
0.0
0
SEQEND
0
POLYLINE
8
P01237
66
1
70
0
0
VERTEX
8
P01237
10
166.031328
20
129.878668
30
0.0
0
VERTEX
8
P01237
10
166.708666
20
129.878668
30
0.0
0
SEQEND
0
POLYLINE
8
P01238
66
1
70
0
0
VERTEX
8
P01238
10
166.031328
20
129.793994
30
0.0
0
VERTEX
8
P01238
10
167.301330
20
129.793994
30
0.0
0
SEQEND
0
POLYLINE
8
P01239
66
1
70
0
0
VERTEX
8
P01239
10
166.031328
20
129.709331
30
0.0
0
VERTEX
8
P01239
10
167.893994
20
129.709331
30
0.0
0
SEQEND
0
POLYLINE
8
P01240
66
1
70
0
0
VERTEX
8
P01240
10
166.031328
20
129.624668
30
0.0
0
VERTEX
8
P01240
10
168.571332
20
129.624668
30
0.0
0
SEQEND
0
POLYLINE
8
P01241
66
1
70
0
0
VERTEX
8
P01241
10
166.031328
20
129.539994
30
0.0
0
VERTEX
8
P01241
10
169.163996
20
129.539994
30
0.0
0
SEQEND
0
POLYLINE
8
P01242
66
1
70
0
0
VERTEX
8
P01242
10
166.031328
20
129.455330
30
0.0
0
VERTEX
8
P01242
10
169.756660
20
129.455330
30
0.0
0
SEQEND
0
POLYLINE
8
P01243
66
1
70
0
0
VERTEX
8
P01243
10
166.031328
20
129.370667
30
0.0
0
VERTEX
8
P01243
10
170.010661
20
129.370667
30
0.0
0
SEQEND
0
POLYLINE
8
P01244
66
1
70
0
0
VERTEX
8
P01244
10
166.031328
20
129.285993
30
0.0
0
VERTEX
8
P01244
10
170.179998
20
129.285993
30
0.0
0
SEQEND
0
POLYLINE
8
P01245
66
1
70
0
0
VERTEX
8
P01245
10
166.031328
20
129.201330
30
0.0
0
VERTEX
8
P01245
10
170.349324
20
129.201330
30
0.0
0
SEQEND
0
POLYLINE
8
P01246
66
1
70
0
0
VERTEX
8
P01246
10
166.031328
20
129.116667
30
0.0
0
VERTEX
8
P01246
10
170.603325
20
129.116667
30
0.0
0
SEQEND
0
POLYLINE
8
P01247
66
1
70
0
0
VERTEX
8
P01247
10
166.031328
20
129.031993
30
0.0
0
VERTEX
8
P01247
10
170.772662
20
129.031993
30
0.0
0
SEQEND
0
POLYLINE
8
P01248
66
1
70
0
0
VERTEX
8
P01248
10
166.031328
20
128.947329
30
0.0
0
VERTEX
8
P01248
10
170.941999
20
128.947329
30
0.0
0
SEQEND
0
POLYLINE
8
P01249
66
1
70
0
0
VERTEX
8
P01249
10
166.031328
20
128.862666
30
0.0
0
VERTEX
8
P01249
10
171.196000
20
128.862666
30
0.0
0
SEQEND
0
POLYLINE
8
P01250
66
1
70
0
0
VERTEX
8
P01250
10
166.031328
20
128.777992
30
0.0
0
VERTEX
8
P01250
10
171.365326
20
128.777992
30
0.0
0
SEQEND
0
POLYLINE
8
P01251
66
1
70
0
0
VERTEX
8
P01251
10
166.031328
20
128.693329
30
0.0
0
VERTEX
8
P01251
10
171.534663
20
128.693329
30
0.0
0
SEQEND
0
POLYLINE
8
P01252
66
1
70
0
0
VERTEX
8
P01252
10
166.031328
20
128.608666
30
0.0
0
VERTEX
8
P01252
10
171.365326
20
128.608666
30
0.0
0
SEQEND
0
POLYLINE
8
P01253
66
1
70
0
0
VERTEX
8
P01253
10
166.031328
20
128.523992
30
0.0
0
VERTEX
8
P01253
10
171.111326
20
128.523992
30
0.0
0
SEQEND
0
POLYLINE
8
P01254
66
1
70
0
0
VERTEX
8
P01254
10
166.031328
20
128.439329
30
0.0
0
VERTEX
8
P01254
10
170.941999
20
128.439329
30
0.0
0
SEQEND
0
POLYLINE
8
P01255
66
1
70
0
0
VERTEX
8
P01255
10
166.031328
20
128.354665
30
0.0
0
VERTEX
8
P01255
10
170.687999
20
128.354665
30
0.0
0
SEQEND
0
POLYLINE
8
P01256
66
1
70
0
0
VERTEX
8
P01256
10
166.031328
20
128.269991
30
0.0
0
VERTEX
8
P01256
10
170.433998
20
128.269991
30
0.0
0
SEQEND
0
POLYLINE
8
P01257
66
1
70
0
0
VERTEX
8
P01257
10
166.031328
20
128.185328
30
0.0
0
VERTEX
8
P01257
10
170.264661
20
128.185328
30
0.0
0
SEQEND
0
POLYLINE
8
P01258
66
1
70
0
0
VERTEX
8
P01258
10
166.031328
20
128.100665
30
0.0
0
VERTEX
8
P01258
10
170.010661
20
128.100665
30
0.0
0
SEQEND
0
POLYLINE
8
P01259
66
1
70
0
0
VERTEX
8
P01259
10
166.031328
20
128.015991
30
0.0
0
VERTEX
8
P01259
10
169.756660
20
128.015991
30
0.0
0
SEQEND
0
POLYLINE
8
P01260
66
1
70
0
0
VERTEX
8
P01260
10
166.031328
20
127.931328
30
0.0
0
VERTEX
8
P01260
10
169.163996
20
127.931328
30
0.0
0
SEQEND
0
POLYLINE
8
P01261
66
1
70
0
0
VERTEX
8
P01261
10
166.031328
20
127.846665
30
0.0
0
VERTEX
8
P01261
10
168.571332
20
127.846665
30
0.0
0
SEQEND
0
POLYLINE
8
P01262
66
1
70
0
0
VERTEX
8
P01262
10
166.031328
20
127.762001
30
0.0
0
VERTEX
8
P01262
10
167.893994
20
127.762001
30
0.0
0
SEQEND
0
POLYLINE
8
P01263
66
1
70
0
0
VERTEX
8
P01263
10
166.031328
20
127.677327
30
0.0
0
VERTEX
8
P01263
10
167.301330
20
127.677327
30
0.0
0
SEQEND
0
POLYLINE
8
P01264
66
1
70
0
0
VERTEX
8
P01264
10
166.031328
20
127.592664
30
0.0
0
VERTEX
8
P01264
10
166.708666
20
127.592664
30
0.0
0
VERTEX
8
P01264
10
166.031328
20
127.592664
30
0.0
0
SEQEND
0
POLYLINE
8
P01265
66
1
70
0
0
VERTEX
8
P01265
10
171.534663
20
128.693329
30
0.0
0
VERTEX
8
P01265
10
166.539329
20
128.015991
30
0.0
0
VERTEX
8
P01265
10
171.534663
20
128.693329
30
0.0
0
SEQEND
0
POLYLINE
8
P01266
66
1
70
0
0
VERTEX
8
P01266
10
166.539329
20
128.015991
30
0.0
0
VERTEX
8
P01266
10
167.047329
20
128.693329
30
0.0
0
VERTEX
8
P01266
10
166.539329
20
128.015991
30
0.0
0
SEQEND
0
POLYLINE
8
P01267
66
1
70
0
0
VERTEX
8
P01267
10
167.047329
20
128.693329
30
0.0
0
VERTEX
8
P01267
10
166.539329
20
129.370667
30
0.0
0
VERTEX
8
P01267
10
167.047329
20
128.693329
30
0.0
0
SEQEND
0
POLYLINE
8
P01268
66
1
70
0
0
VERTEX
8
P01268
10
166.539329
20
129.370667
30
0.0
0
VERTEX
8
P01268
10
171.534663
20
128.693329
30
0.0
0
VERTEX
8
P01268
10
166.539329
20
129.370667
30
0.0
0
SEQEND
0
POLYLINE
8
P01269
66
1
70
0
0
VERTEX
8
P01269
10
167.047329
20
128.693329
30
0.0
0
VERTEX
8
P01269
10
171.534663
20
128.693329
30
0.0
0
SEQEND
0
POLYLINE
8
P01270
66
1
70
0
0
VERTEX
8
P01270
10
167.047329
20
128.608666
30
0.0
0
VERTEX
8
P01270
10
170.941999
20
128.608666
30
0.0
0
SEQEND
0
POLYLINE
8
P01271
66
1
70
0
0
VERTEX
8
P01271
10
166.962666
20
128.523992
30
0.0
0
VERTEX
8
P01271
10
170.349324
20
128.523992
30
0.0
0
SEQEND
0
POLYLINE
8
P01272
66
1
70
0
0
VERTEX
8
P01272
10
166.877992
20
128.439329
30
0.0
0
VERTEX
8
P01272
10
169.671997
20
128.439329
30
0.0
0
SEQEND
0
POLYLINE
8
P01273
66
1
70
0
0
VERTEX
8
P01273
10
166.793329
20
128.354665
30
0.0
0
VERTEX
8
P01273
10
169.079333
20
128.354665
30
0.0
0
SEQEND
0
POLYLINE
8
P01274
66
1
70
0
0
VERTEX
8
P01274
10
166.793329
20
128.269991
30
0.0
0
VERTEX
8
P01274
10
168.486658
20
128.269991
30
0.0
0
SEQEND
0
POLYLINE
8
P01275
66
1
70
0
0
VERTEX
8
P01275
10
166.708666
20
128.185328
30
0.0
0
VERTEX
8
P01275
10
167.809331
20
128.185328
30
0.0
0
SEQEND
0
POLYLINE
8
P01276
66
1
70
0
0
VERTEX
8
P01276
10
166.623992
20
128.100665
30
0.0
0
VERTEX
8
P01276
10
167.216667
20
128.100665
30
0.0
0
VERTEX
8
P01276
10
166.623992
20
128.100665
30
0.0
0
SEQEND
0
POLYLINE
8
P01277
66
1
70
0
0
VERTEX
8
P01277
10
166.623992
20
129.285993
30
0.0
0
VERTEX
8
P01277
10
167.216667
20
129.285993
30
0.0
0
SEQEND
0
POLYLINE
8
P01278
66
1
70
0
0
VERTEX
8
P01278
10
166.708666
20
129.201330
30
0.0
0
VERTEX
8
P01278
10
167.809331
20
129.201330
30
0.0
0
SEQEND
0
POLYLINE
8
P01279
66
1
70
0
0
VERTEX
8
P01279
10
166.793329
20
129.116667
30
0.0
0
VERTEX
8
P01279
10
168.486658
20
129.116667
30
0.0
0
SEQEND
0
POLYLINE
8
P01280
66
1
70
0
0
VERTEX
8
P01280
10
166.793329
20
129.031993
30
0.0
0
VERTEX
8
P01280
10
169.079333
20
129.031993
30
0.0
0
SEQEND
0
POLYLINE
8
P01281
66
1
70
0
0
VERTEX
8
P01281
10
166.877992
20
128.947329
30
0.0
0
VERTEX
8
P01281
10
169.671997
20
128.947329
30
0.0
0
SEQEND
0
POLYLINE
8
P01282
66
1
70
0
0
VERTEX
8
P01282
10
166.962666
20
128.862666
30
0.0
0
VERTEX
8
P01282
10
170.349324
20
128.862666
30
0.0
0
SEQEND
0
POLYLINE
8
P01283
66
1
70
0
0
VERTEX
8
P01283
10
167.047329
20
128.777992
30
0.0
0
VERTEX
8
P01283
10
170.941999
20
128.777992
30
0.0
0
VERTEX
8
P01283
10
167.047329
20
128.777992
30
0.0
0
SEQEND
0
POLYLINE
8
P01284
66
1
70
0
0
VERTEX
8
P01284
10
61.552665
20
128.693329
30
0.0
0
VERTEX
8
P01284
10
171.534663
20
128.693329
30
0.0
0
VERTEX
8
P01284
10
61.552665
20
128.693329
30
0.0
0
SEQEND
0
POLYLINE
8
P01285
66
1
70
0
0
VERTEX
8
P01285
10
162.559996
20
181.440658
30
0.0
0
VERTEX
8
P01285
10
163.237334
20
181.440658
30
0.0
0
SEQEND
0
POLYLINE
8
P01286
66
1
70
0
0
VERTEX
8
P01286
10
162.559996
20
181.355995
30
0.0
0
VERTEX
8
P01286
10
163.829998
20
181.355995
30
0.0
0
SEQEND
0
POLYLINE
8
P01287
66
1
70
0
0
VERTEX
8
P01287
10
162.559996
20
181.271332
30
0.0
0
VERTEX
8
P01287
10
164.422662
20
181.271332
30
0.0
0
SEQEND
0
POLYLINE
8
P01288
66
1
70
0
0
VERTEX
8
P01288
10
162.559996
20
181.186658
30
0.0
0
VERTEX
8
P01288
10
165.100000
20
181.186658
30
0.0
0
SEQEND
0
POLYLINE
8
P01289
66
1
70
0
0
VERTEX
8
P01289
10
162.559996
20
181.101995
30
0.0
0
VERTEX
8
P01289
10
165.692664
20
181.101995
30
0.0
0
SEQEND
0
POLYLINE
8
P01290
66
1
70
0
0
VERTEX
8
P01290
10
162.559996
20
181.017332
30
0.0
0
VERTEX
8
P01290
10
166.285328
20
181.017332
30
0.0
0
SEQEND
0
POLYLINE
8
P01291
66
1
70
0
0
VERTEX
8
P01291
10
162.559996
20
180.932658
30
0.0
0
VERTEX
8
P01291
10
166.539329
20
180.932658
30
0.0
0
SEQEND
0
POLYLINE
8
P01292
66
1
70
0
0
VERTEX
8
P01292
10
162.559996
20
180.847994
30
0.0
0
VERTEX
8
P01292
10
166.708666
20
180.847994
30
0.0
0
SEQEND
0
POLYLINE
8
P01293
66
1
70
0
0
VERTEX
8
P01293
10
162.559996
20
180.763331
30
0.0
0
VERTEX
8
P01293
10
166.877992
20
180.763331
30
0.0
0
SEQEND
0
POLYLINE
8
P01294
66
1
70
0
0
VERTEX
8
P01294
10
162.559996
20
180.678657
30
0.0
0
VERTEX
8
P01294
10
167.131993
20
180.678657
30
0.0
0
SEQEND
0
POLYLINE
8
P01295
66
1
70
0
0
VERTEX
8
P01295
10
162.559996
20
180.593994
30
0.0
0
VERTEX
8
P01295
10
167.301330
20
180.593994
30
0.0
0
SEQEND
0
POLYLINE
8
P01296
66
1
70
0
0
VERTEX
8
P01296
10
162.559996
20
180.509331
30
0.0
0
VERTEX
8
P01296
10
167.470667
20
180.509331
30
0.0
0
SEQEND
0
POLYLINE
8
P01297
66
1
70
0
0
VERTEX
8
P01297
10
162.559996
20
180.424657
30
0.0
0
VERTEX
8
P01297
10
167.724668
20
180.424657
30
0.0
0
SEQEND
0
POLYLINE
8
P01298
66
1
70
0
0
VERTEX
8
P01298
10
162.559996
20
180.339994
30
0.0
0
VERTEX
8
P01298
10
167.893994
20
180.339994
30
0.0
0
SEQEND
0
POLYLINE
8
P01299
66
1
70
0
0
VERTEX
8
P01299
10
162.559996
20
180.255330
30
0.0
0
VERTEX
8
P01299
10
168.063331
20
180.255330
30
0.0
0
SEQEND
0
POLYLINE
8
P01300
66
1
70
0
0
VERTEX
8
P01300
10
162.559996
20
180.170656
30
0.0
0
VERTEX
8
P01300
10
167.893994
20
180.170656
30
0.0
0
SEQEND
0
POLYLINE
8
P01301
66
1
70
0
0
VERTEX
8
P01301
10
162.559996
20
180.085993
30
0.0
0
VERTEX
8
P01301
10
167.639994
20
180.085993
30
0.0
0
SEQEND
0
POLYLINE
8
P01302
66
1
70
0
0
VERTEX
8
P01302
10
162.559996
20
180.001330
30
0.0
0
VERTEX
8
P01302
10
167.470667
20
180.001330
30
0.0
0
SEQEND
0
POLYLINE
8
P01303
66
1
70
0
0
VERTEX
8
P01303
10
162.559996
20
179.916667
30
0.0
0
VERTEX
8
P01303
10
167.216667
20
179.916667
30
0.0
0
SEQEND
0
POLYLINE
8
P01304
66
1
70
0
0
VERTEX
8
P01304
10
162.559996
20
179.831993
30
0.0
0
VERTEX
8
P01304
10
166.962666
20
179.831993
30
0.0
0
SEQEND
0
POLYLINE
8
P01305
66
1
70
0
0
VERTEX
8
P01305
10
162.559996
20
179.747329
30
0.0
0
VERTEX
8
P01305
10
166.793329
20
179.747329
30
0.0
0
SEQEND
0
POLYLINE
8
P01306
66
1
70
0
0
VERTEX
8
P01306
10
162.559996
20
179.662666
30
0.0
0
VERTEX
8
P01306
10
166.539329
20
179.662666
30
0.0
0
SEQEND
0
POLYLINE
8
P01307
66
1
70
0
0
VERTEX
8
P01307
10
162.559996
20
179.577992
30
0.0
0
VERTEX
8
P01307
10
166.285328
20
179.577992
30
0.0
0
SEQEND
0
POLYLINE
8
P01308
66
1
70
0
0
VERTEX
8
P01308
10
162.559996
20
179.493329
30
0.0
0
VERTEX
8
P01308
10
165.692664
20
179.493329
30
0.0
0
SEQEND
0
POLYLINE
8
P01309
66
1
70
0
0
VERTEX
8
P01309
10
162.559996
20
179.408666
30
0.0
0
VERTEX
8
P01309
10
165.100000
20
179.408666
30
0.0
0
SEQEND
0
POLYLINE
8
P01310
66
1
70
0
0
VERTEX
8
P01310
10
162.559996
20
179.323992
30
0.0
0
VERTEX
8
P01310
10
164.422662
20
179.323992
30
0.0
0
SEQEND
0
POLYLINE
8
P01311
66
1
70
0
0
VERTEX
8
P01311
10
162.559996
20
179.239329
30
0.0
0
VERTEX
8
P01311
10
163.829998
20
179.239329
30
0.0
0
SEQEND
0
POLYLINE
8
P01312
66
1
70
0
0
VERTEX
8
P01312
10
162.559996
20
179.154665
30
0.0
0
VERTEX
8
P01312
10
163.237334
20
179.154665
30
0.0
0
VERTEX
8
P01312
10
162.559996
20
179.154665
30
0.0
0
SEQEND
0
POLYLINE
8
P01313
66
1
70
0
0
VERTEX
8
P01313
10
168.063331
20
180.255330
30
0.0
0
VERTEX
8
P01313
10
163.067997
20
180.932658
30
0.0
0
VERTEX
8
P01313
10
168.063331
20
180.255330
30
0.0
0
SEQEND
0
POLYLINE
8
P01314
66
1
70
0
0
VERTEX
8
P01314
10
163.067997
20
180.932658
30
0.0
0
VERTEX
8
P01314
10
163.575997
20
180.255330
30
0.0
0
VERTEX
8
P01314
10
163.067997
20
180.932658
30
0.0
0
SEQEND
0
POLYLINE
8
P01315
66
1
70
0
0
VERTEX
8
P01315
10
163.575997
20
180.255330
30
0.0
0
VERTEX
8
P01315
10
163.067997
20
179.662666
30
0.0
0
VERTEX
8
P01315
10
163.575997
20
180.255330
30
0.0
0
SEQEND
0
POLYLINE
8
P01316
66
1
70
0
0
VERTEX
8
P01316
10
163.067997
20
179.662666
30
0.0
0
VERTEX
8
P01316
10
168.063331
20
180.255330
30
0.0
0
VERTEX
8
P01316
10
163.067997
20
179.662666
30
0.0
0
SEQEND
0
POLYLINE
8
P01317
66
1
70
0
0
VERTEX
8
P01317
10
168.063331
20
180.255330
30
0.0
0
VERTEX
8
P01317
10
161.035993
20
180.255330
30
0.0
0
VERTEX
8
P01317
10
168.063331
20
180.255330
30
0.0
0
SEQEND
0
POLYLINE
8
P01318
66
1
70
0
0
VERTEX
8
P01318
10
163.152660
20
180.847994
30
0.0
0
VERTEX
8
P01318
10
163.745335
20
180.847994
30
0.0
0
SEQEND
0
POLYLINE
8
P01319
66
1
70
0
0
VERTEX
8
P01319
10
163.237334
20
180.763331
30
0.0
0
VERTEX
8
P01319
10
164.337999
20
180.763331
30
0.0
0
SEQEND
0
POLYLINE
8
P01320
66
1
70
0
0
VERTEX
8
P01320
10
163.321997
20
180.678657
30
0.0
0
VERTEX
8
P01320
10
165.015326
20
180.678657
30
0.0
0
SEQEND
0
POLYLINE
8
P01321
66
1
70
0
0
VERTEX
8
P01321
10
163.321997
20
180.593994
30
0.0
0
VERTEX
8
P01321
10
165.608001
20
180.593994
30
0.0
0
SEQEND
0
POLYLINE
8
P01322
66
1
70
0
0
VERTEX
8
P01322
10
163.406660
20
180.509331
30
0.0
0
VERTEX
8
P01322
10
166.200665
20
180.509331
30
0.0
0
SEQEND
0
POLYLINE
8
P01323
66
1
70
0
0
VERTEX
8
P01323
10
163.491334
20
180.424657
30
0.0
0
VERTEX
8
P01323
10
166.877992
20
180.424657
30
0.0
0
SEQEND
0
POLYLINE
8
P01324
66
1
70
0
0
VERTEX
8
P01324
10
163.575997
20
180.339994
30
0.0
0
VERTEX
8
P01324
10
167.470667
20
180.339994
30
0.0
0
VERTEX
8
P01324
10
163.575997
20
180.339994
30
0.0
0
SEQEND
0
POLYLINE
8
P01325
66
1
70
0
0
VERTEX
8
P01325
10
163.575997
20
180.255330
30
0.0
0
VERTEX
8
P01325
10
168.063331
20
180.255330
30
0.0
0
SEQEND
0
POLYLINE
8
P01326
66
1
70
0
0
VERTEX
8
P01326
10
163.575997
20
180.170656
30
0.0
0
VERTEX
8
P01326
10
167.385993
20
180.170656
30
0.0
0
SEQEND
0
POLYLINE
8
P01327
66
1
70
0
0
VERTEX
8
P01327
10
163.491334
20
180.085993
30
0.0
0
VERTEX
8
P01327
10
166.708666
20
180.085993
30
0.0
0
SEQEND
0
POLYLINE
8
P01328
66
1
70
0
0
VERTEX
8
P01328
10
163.406660
20
180.001330
30
0.0
0
VERTEX
8
P01328
10
165.946665
20
180.001330
30
0.0
0
SEQEND
0
POLYLINE
8
P01329
66
1
70
0
0
VERTEX
8
P01329
10
163.321997
20
179.916667
30
0.0
0
VERTEX
8
P01329
10
165.269326
20
179.916667
30
0.0
0
SEQEND
0
POLYLINE
8
P01330
66
1
70
0
0
VERTEX
8
P01330
10
163.237334
20
179.831993
30
0.0
0
VERTEX
8
P01330
10
164.507325
20
179.831993
30
0.0
0
SEQEND
0
POLYLINE
8
P01331
66
1
70
0
0
VERTEX
8
P01331
10
163.152660
20
179.747329
30
0.0
0
VERTEX
8
P01331
10
163.829998
20
179.747329
30
0.0
0
VERTEX
8
P01331
10
163.152660
20
179.747329
30
0.0
0
SEQEND
0
POLYLINE
8
P01332
66
1
70
0
0
VERTEX
8
P01332
10
175.090658
20
180.255330
30
0.0
0
VERTEX
8
P01332
10
179.577992
20
180.255330
30
0.0
0
SEQEND
0
POLYLINE
8
P01333
66
1
70
0
0
VERTEX
8
P01333
10
168.063331
20
180.255330
30
0.0
0
VERTEX
8
P01333
10
175.090658
20
180.255330
30
0.0
0
VERTEX
8
P01333
10
168.063331
20
180.255330
30
0.0
0
SEQEND
0
POLYLINE
8
P01334
66
1
70
0
0
VERTEX
8
P01334
10
51.477333
20
129.878668
30
0.0
0
VERTEX
8
P01334
10
52.069997
20
129.878668
30
0.0
0
SEQEND
0
POLYLINE
8
P01335
66
1
70
0
0
VERTEX
8
P01335
10
50.884663
20
129.793994
30
0.0
0
VERTEX
8
P01335
10
52.069997
20
129.793994
30
0.0
0
SEQEND
0
POLYLINE
8
P01336
66
1
70
0
0
VERTEX
8
P01336
10
50.207331
20
129.709331
30
0.0
0
VERTEX
8
P01336
10
52.069997
20
129.709331
30
0.0
0
SEQEND
0
POLYLINE
8
P01337
66
1
70
0
0
VERTEX
8
P01337
10
49.614666
20
129.624668
30
0.0
0
VERTEX
8
P01337
10
52.069997
20
129.624668
30
0.0
0
SEQEND
0
POLYLINE
8
P01338
66
1
70
0
0
VERTEX
8
P01338
10
49.021997
20
129.539994
30
0.0
0
VERTEX
8
P01338
10
52.069997
20
129.539994
30
0.0
0
SEQEND
0
POLYLINE
8
P01339
66
1
70
0
0
VERTEX
8
P01339
10
48.344664
20
129.455330
30
0.0
0
VERTEX
8
P01339
10
52.069997
20
129.455330
30
0.0
0
SEQEND
0
POLYLINE
8
P01340
66
1
70
0
0
VERTEX
8
P01340
10
48.175332
20
129.370667
30
0.0
0
VERTEX
8
P01340
10
52.069997
20
129.370667
30
0.0
0
SEQEND
0
POLYLINE
8
P01341
66
1
70
0
0
VERTEX
8
P01341
10
48.006001
20
129.285993
30
0.0
0
VERTEX
8
P01341
10
52.069997
20
129.285993
30
0.0
0
SEQEND
0
POLYLINE
8
P01342
66
1
70
0
0
VERTEX
8
P01342
10
47.752000
20
129.201330
30
0.0
0
VERTEX
8
P01342
10
52.069997
20
129.201330
30
0.0
0
SEQEND
0
POLYLINE
8
P01343
66
1
70
0
0
VERTEX
8
P01343
10
47.582663
20
129.116667
30
0.0
0
VERTEX
8
P01343
10
52.069997
20
129.116667
30
0.0
0
SEQEND
0
POLYLINE
8
P01344
66
1
70
0
0
VERTEX
8
P01344
10
47.413331
20
129.031993
30
0.0
0
VERTEX
8
P01344
10
52.069997
20
129.031993
30
0.0
0
SEQEND
0
POLYLINE
8
P01345
66
1
70
0
0
VERTEX
8
P01345
10
47.159331
20
128.947329
30
0.0
0
VERTEX
8
P01345
10
52.069997
20
128.947329
30
0.0
0
SEQEND
0
POLYLINE
8
P01346
66
1
70
0
0
VERTEX
8
P01346
10
46.989999
20
128.862666
30
0.0
0
VERTEX
8
P01346
10
52.069997
20
128.862666
30
0.0
0
SEQEND
0
POLYLINE
8
P01347
66
1
70
0
0
VERTEX
8
P01347
10
46.820667
20
128.777992
30
0.0
0
VERTEX
8
P01347
10
52.069997
20
128.777992
30
0.0
0
SEQEND
0
POLYLINE
8
P01348
66
1
70
0
0
VERTEX
8
P01348
10
46.566667
20
128.693329
30
0.0
0
VERTEX
8
P01348
10
52.069997
20
128.693329
30
0.0
0
SEQEND
0
POLYLINE
8
P01349
66
1
70
0
0
VERTEX
8
P01349
10
46.820667
20
128.608666
30
0.0
0
VERTEX
8
P01349
10
52.069997
20
128.608666
30
0.0
0
SEQEND
0
POLYLINE
8
P01350
66
1
70
0
0
VERTEX
8
P01350
10
47.074668
20
128.523992
30
0.0
0
VERTEX
8
P01350
10
52.069997
20
128.523992
30
0.0
0
SEQEND
0
POLYLINE
8
P01351
66
1
70
0
0
VERTEX
8
P01351
10
47.243999
20
128.439329
30
0.0
0
VERTEX
8
P01351
10
52.069997
20
128.439329
30
0.0
0
SEQEND
0
POLYLINE
8
P01352
66
1
70
0
0
VERTEX
8
P01352
10
47.498000
20
128.354665
30
0.0
0
VERTEX
8
P01352
10
52.069997
20
128.354665
30
0.0
0
SEQEND
0
POLYLINE
8
P01353
66
1
70
0
0
VERTEX
8
P01353
10
47.752000
20
128.269991
30
0.0
0
VERTEX
8
P01353
10
52.069997
20
128.269991
30
0.0
0
SEQEND
0
POLYLINE
8
P01354
66
1
70
0
0
VERTEX
8
P01354
10
47.921332
20
128.185328
30
0.0
0
VERTEX
8
P01354
10
52.069997
20
128.185328
30
0.0
0
SEQEND
0
POLYLINE
8
P01355
66
1
70
0
0
VERTEX
8
P01355
10
48.175332
20
128.100665
30
0.0
0
VERTEX
8
P01355
10
52.069997
20
128.100665
30
0.0
0
SEQEND
0
POLYLINE
8
P01356
66
1
70
0
0
VERTEX
8
P01356
10
48.344664
20
128.015991
30
0.0
0
VERTEX
8
P01356
10
52.069997
20
128.015991
30
0.0
0
SEQEND
0
POLYLINE
8
P01357
66
1
70
0
0
VERTEX
8
P01357
10
49.021997
20
127.931328
30
0.0
0
VERTEX
8
P01357
10
52.069997
20
127.931328
30
0.0
0
SEQEND
0
POLYLINE
8
P01358
66
1
70
0
0
VERTEX
8
P01358
10
49.614666
20
127.846665
30
0.0
0
VERTEX
8
P01358
10
52.069997
20
127.846665
30
0.0
0
SEQEND
0
POLYLINE
8
P01359
66
1
70
0
0
VERTEX
8
P01359
10
50.207331
20
127.762001
30
0.0
0
VERTEX
8
P01359
10
52.069997
20
127.762001
30
0.0
0
SEQEND
0
POLYLINE
8
P01360
66
1
70
0
0
VERTEX
8
P01360
10
50.884663
20
127.677327
30
0.0
0
VERTEX
8
P01360
10
52.069997
20
127.677327
30
0.0
0
SEQEND
0
POLYLINE
8
P01361
66
1
70
0
0
VERTEX
8
P01361
10
51.477333
20
127.592664
30
0.0
0
VERTEX
8
P01361
10
52.069997
20
127.592664
30
0.0
0
VERTEX
8
P01361
10
51.477333
20
127.592664
30
0.0
0
SEQEND
0
POLYLINE
8
P01362
66
1
70
0
0
VERTEX
8
P01362
10
46.566667
20
128.693329
30
0.0
0
VERTEX
8
P01362
10
51.562001
20
129.370667
30
0.0
0
VERTEX
8
P01362
10
46.566667
20
128.693329
30
0.0
0
SEQEND
0
POLYLINE
8
P01363
66
1
70
0
0
VERTEX
8
P01363
10
51.562001
20
129.370667
30
0.0
0
VERTEX
8
P01363
10
51.054000
20
128.693329
30
0.0
0
VERTEX
8
P01363
10
51.562001
20
129.370667
30
0.0
0
SEQEND
0
POLYLINE
8
P01364
66
1
70
0
0
VERTEX
8
P01364
10
51.054000
20
128.693329
30
0.0
0
VERTEX
8
P01364
10
51.562001
20
128.015991
30
0.0
0
VERTEX
8
P01364
10
51.054000
20
128.693329
30
0.0
0
SEQEND
0
POLYLINE
8
P01365
66
1
70
0
0
VERTEX
8
P01365
10
51.562001
20
128.015991
30
0.0
0
VERTEX
8
P01365
10
46.566667
20
128.693329
30
0.0
0
VERTEX
8
P01365
10
51.562001
20
128.015991
30
0.0
0
SEQEND
0
POLYLINE
8
P01366
66
1
70
0
0
VERTEX
8
P01366
10
50.969332
20
129.285993
30
0.0
0
VERTEX
8
P01366
10
51.562001
20
129.285993
30
0.0
0
SEQEND
0
POLYLINE
8
P01367
66
1
70
0
0
VERTEX
8
P01367
10
50.376668
20
129.201330
30
0.0
0
VERTEX
8
P01367
10
51.477333
20
129.201330
30
0.0
0
SEQEND
0
POLYLINE
8
P01368
66
1
70
0
0
VERTEX
8
P01368
10
49.699330
20
129.116667
30
0.0
0
VERTEX
8
P01368
10
51.392664
20
129.116667
30
0.0
0
SEQEND
0
POLYLINE
8
P01369
66
1
70
0
0
VERTEX
8
P01369
10
49.106666
20
129.031993
30
0.0
0
VERTEX
8
P01369
10
51.308001
20
129.031993
30
0.0
0
SEQEND
0
POLYLINE
8
P01370
66
1
70
0
0
VERTEX
8
P01370
10
48.514002
20
128.947329
30
0.0
0
VERTEX
8
P01370
10
51.308001
20
128.947329
30
0.0
0
SEQEND
0
POLYLINE
8
P01371
66
1
70
0
0
VERTEX
8
P01371
10
47.836663
20
128.862666
30
0.0
0
VERTEX
8
P01371
10
51.223332
20
128.862666
30
0.0
0
SEQEND
0
POLYLINE
8
P01372
66
1
70
0
0
VERTEX
8
P01372
10
47.243999
20
128.777992
30
0.0
0
VERTEX
8
P01372
10
51.138664
20
128.777992
30
0.0
0
VERTEX
8
P01372
10
47.243999
20
128.777992
30
0.0
0
SEQEND
0
POLYLINE
8
P01373
66
1
70
0
0
VERTEX
8
P01373
10
46.566667
20
128.693329
30
0.0
0
VERTEX
8
P01373
10
51.054000
20
128.693329
30
0.0
0
SEQEND
0
POLYLINE
8
P01374
66
1
70
0
0
VERTEX
8
P01374
10
47.243999
20
128.608666
30
0.0
0
VERTEX
8
P01374
10
51.138664
20
128.608666
30
0.0
0
SEQEND
0
POLYLINE
8
P01375
66
1
70
0
0
VERTEX
8
P01375
10
47.836663
20
128.523992
30
0.0
0
VERTEX
8
P01375
10
51.223332
20
128.523992
30
0.0
0
SEQEND
0
POLYLINE
8
P01376
66
1
70
0
0
VERTEX
8
P01376
10
48.514002
20
128.439329
30
0.0
0
VERTEX
8
P01376
10
51.308001
20
128.439329
30
0.0
0
SEQEND
0
POLYLINE
8
P01377
66
1
70
0
0
VERTEX
8
P01377
10
49.106666
20
128.354665
30
0.0
0
VERTEX
8
P01377
10
51.308001
20
128.354665
30
0.0
0
SEQEND
0
POLYLINE
8
P01378
66
1
70
0
0
VERTEX
8
P01378
10
49.699330
20
128.269991
30
0.0
0
VERTEX
8
P01378
10
51.392664
20
128.269991
30
0.0
0
SEQEND
0
POLYLINE
8
P01379
66
1
70
0
0
VERTEX
8
P01379
10
50.376668
20
128.185328
30
0.0
0
VERTEX
8
P01379
10
51.477333
20
128.185328
30
0.0
0
SEQEND
0
POLYLINE
8
P01380
66
1
70
0
0
VERTEX
8
P01380
10
50.969332
20
128.100665
30
0.0
0
VERTEX
8
P01380
10
51.562001
20
128.100665
30
0.0
0
VERTEX
8
P01380
10
50.969332
20
128.100665
30
0.0
0
SEQEND
0
POLYLINE
8
P01381
66
1
70
0
0
VERTEX
8
P01381
10
52.577998
20
129.878668
30
0.0
0
VERTEX
8
P01381
10
53.255330
20
129.878668
30
0.0
0
SEQEND
0
POLYLINE
8
P01382
66
1
70
0
0
VERTEX
8
P01382
10
52.577998
20
129.793994
30
0.0
0
VERTEX
8
P01382
10
53.848000
20
129.793994
30
0.0
0
SEQEND
0
POLYLINE
8
P01383
66
1
70
0
0
VERTEX
8
P01383
10
52.577998
20
129.709331
30
0.0
0
VERTEX
8
P01383
10
54.440664
20
129.709331
30
0.0
0
SEQEND
0
POLYLINE
8
P01384
66
1
70
0
0
VERTEX
8
P01384
10
52.577998
20
129.624668
30
0.0
0
VERTEX
8
P01384
10
55.117997
20
129.624668
30
0.0
0
SEQEND
0
POLYLINE
8
P01385
66
1
70
0
0
VERTEX
8
P01385
10
52.577998
20
129.539994
30
0.0
0
VERTEX
8
P01385
10
55.710666
20
129.539994
30
0.0
0
SEQEND
0
POLYLINE
8
P01386
66
1
70
0
0
VERTEX
8
P01386
10
52.577998
20
129.455330
30
0.0
0
VERTEX
8
P01386
10
56.303330
20
129.455330
30
0.0
0
SEQEND
0
POLYLINE
8
P01387
66
1
70
0
0
VERTEX
8
P01387
10
52.577998
20
129.370667
30
0.0
0
VERTEX
8
P01387
10
56.557331
20
129.370667
30
0.0
0
SEQEND
0
POLYLINE
8
P01388
66
1
70
0
0
VERTEX
8
P01388
10
52.577998
20
129.285993
30
0.0
0
VERTEX
8
P01388
10
56.726668
20
129.285993
30
0.0
0
SEQEND
0
POLYLINE
8
P01389
66
1
70
0
0
VERTEX
8
P01389
10
52.577998
20
129.201330
30
0.0
0
VERTEX
8
P01389
10
56.896000
20
129.201330
30
0.0
0
SEQEND
0
POLYLINE
8
P01390
66
1
70
0
0
VERTEX
8
P01390
10
52.577998
20
129.116667
30
0.0
0
VERTEX
8
P01390
10
57.150000
20
129.116667
30
0.0
0
SEQEND
0
POLYLINE
8
P01391
66
1
70
0
0
VERTEX
8
P01391
10
52.577998
20
129.031993
30
0.0
0
VERTEX
8
P01391
10
57.319332
20
129.031993
30
0.0
0
SEQEND
0
POLYLINE
8
P01392
66
1
70
0
0
VERTEX
8
P01392
10
52.577998
20
128.947329
30
0.0
0
VERTEX
8
P01392
10
57.488664
20
128.947329
30
0.0
0
SEQEND
0
POLYLINE
8
P01393
66
1
70
0
0
VERTEX
8
P01393
10
52.577998
20
128.862666
30
0.0
0
VERTEX
8
P01393
10
57.742664
20
128.862666
30
0.0
0
SEQEND
0
POLYLINE
8
P01394
66
1
70
0
0
VERTEX
8
P01394
10
52.577998
20
128.777992
30
0.0
0
VERTEX
8
P01394
10
57.912001
20
128.777992
30
0.0
0
SEQEND
0
POLYLINE
8
P01395
66
1
70
0
0
VERTEX
8
P01395
10
52.577998
20
128.693329
30
0.0
0
VERTEX
8
P01395
10
58.081333
20
128.693329
30
0.0
0
SEQEND
0
POLYLINE
8
P01396
66
1
70
0
0
VERTEX
8
P01396
10
52.577998
20
128.608666
30
0.0
0
VERTEX
8
P01396
10
57.912001
20
128.608666
30
0.0
0
SEQEND
0
POLYLINE
8
P01397
66
1
70
0
0
VERTEX
8
P01397
10
52.577998
20
128.523992
30
0.0
0
VERTEX
8
P01397
10
57.658001
20
128.523992
30
0.0
0
SEQEND
0
POLYLINE
8
P01398
66
1
70
0
0
VERTEX
8
P01398
10
52.577998
20
128.439329
30
0.0
0
VERTEX
8
P01398
10
57.488664
20
128.439329
30
0.0
0
SEQEND
0
POLYLINE
8
P01399
66
1
70
0
0
VERTEX
8
P01399
10
52.577998
20
128.354665
30
0.0
0
VERTEX
8
P01399
10
57.234663
20
128.354665
30
0.0
0
SEQEND
0
POLYLINE
8
P01400
66
1
70
0
0
VERTEX
8
P01400
10
52.577998
20
128.269991
30
0.0
0
VERTEX
8
P01400
10
56.980663
20
128.269991
30
0.0
0
SEQEND
0
POLYLINE
8
P01401
66
1
70
0
0
VERTEX
8
P01401
10
52.577998
20
128.185328
30
0.0
0
VERTEX
8
P01401
10
56.811331
20
128.185328
30
0.0
0
SEQEND
0
POLYLINE
8
P01402
66
1
70
0
0
VERTEX
8
P01402
10
52.577998
20
128.100665
30
0.0
0
VERTEX
8
P01402
10
56.557331
20
128.100665
30
0.0
0
SEQEND
0
POLYLINE
8
P01403
66
1
70
0
0
VERTEX
8
P01403
10
52.577998
20
128.015991
30
0.0
0
VERTEX
8
P01403
10
56.303330
20
128.015991
30
0.0
0
SEQEND
0
POLYLINE
8
P01404
66
1
70
0
0
VERTEX
8
P01404
10
52.577998
20
127.931328
30
0.0
0
VERTEX
8
P01404
10
55.710666
20
127.931328
30
0.0
0
SEQEND
0
POLYLINE
8
P01405
66
1
70
0
0
VERTEX
8
P01405
10
52.577998
20
127.846665
30
0.0
0
VERTEX
8
P01405
10
55.117997
20
127.846665
30
0.0
0
SEQEND
0
POLYLINE
8
P01406
66
1
70
0
0
VERTEX
8
P01406
10
52.577998
20
127.762001
30
0.0
0
VERTEX
8
P01406
10
54.440664
20
127.762001
30
0.0
0
SEQEND
0
POLYLINE
8
P01407
66
1
70
0
0
VERTEX
8
P01407
10
52.577998
20
127.677327
30
0.0
0
VERTEX
8
P01407
10
53.848000
20
127.677327
30
0.0
0
SEQEND
0
POLYLINE
8
P01408
66
1
70
0
0
VERTEX
8
P01408
10
52.577998
20
127.592664
30
0.0
0
VERTEX
8
P01408
10
53.255330
20
127.592664
30
0.0
0
VERTEX
8
P01408
10
52.577998
20
127.592664
30
0.0
0
SEQEND
0
POLYLINE
8
P01409
66
1
70
0
0
VERTEX
8
P01409
10
58.081333
20
128.693329
30
0.0
0
VERTEX
8
P01409
10
53.085998
20
128.015991
30
0.0
0
VERTEX
8
P01409
10
58.081333
20
128.693329
30
0.0
0
SEQEND
0
POLYLINE
8
P01410
66
1
70
0
0
VERTEX
8
P01410
10
53.085998
20
128.015991
30
0.0
0
VERTEX
8
P01410
10
53.593999
20
128.693329
30
0.0
0
VERTEX
8
P01410
10
53.085998
20
128.015991
30
0.0
0
SEQEND
0
POLYLINE
8
P01411
66
1
70
0
0
VERTEX
8
P01411
10
53.593999
20
128.693329
30
0.0
0
VERTEX
8
P01411
10
53.085998
20
129.370667
30
0.0
0
VERTEX
8
P01411
10
53.593999
20
128.693329
30
0.0
0
SEQEND
0
POLYLINE
8
P01412
66
1
70
0
0
VERTEX
8
P01412
10
53.085998
20
129.370667
30
0.0
0
VERTEX
8
P01412
10
58.081333
20
128.693329
30
0.0
0
VERTEX
8
P01412
10
53.085998
20
129.370667
30
0.0
0
SEQEND
0
POLYLINE
8
P01413
66
1
70
0
0
VERTEX
8
P01413
10
53.593999
20
128.693329
30
0.0
0
VERTEX
8
P01413
10
58.081333
20
128.693329
30
0.0
0
SEQEND
0
POLYLINE
8
P01414
66
1
70
0
0
VERTEX
8
P01414
10
53.593999
20
128.608666
30
0.0
0
VERTEX
8
P01414
10
57.488664
20
128.608666
30
0.0
0
SEQEND
0
POLYLINE
8
P01415
66
1
70
0
0
VERTEX
8
P01415
10
53.509331
20
128.523992
30
0.0
0
VERTEX
8
P01415
10
56.896000
20
128.523992
30
0.0
0
SEQEND
0
POLYLINE
8
P01416
66
1
70
0
0
VERTEX
8
P01416
10
53.424668
20
128.439329
30
0.0
0
VERTEX
8
P01416
10
56.218667
20
128.439329
30
0.0
0
SEQEND
0
POLYLINE
8
P01417
66
1
70
0
0
VERTEX
8
P01417
10
53.339999
20
128.354665
30
0.0
0
VERTEX
8
P01417
10
55.625997
20
128.354665
30
0.0
0
SEQEND
0
POLYLINE
8
P01418
66
1
70
0
0
VERTEX
8
P01418
10
53.339999
20
128.269991
30
0.0
0
VERTEX
8
P01418
10
55.033333
20
128.269991
30
0.0
0
SEQEND
0
POLYLINE
8
P01419
66
1
70
0
0
VERTEX
8
P01419
10
53.255330
20
128.185328
30
0.0
0
VERTEX
8
P01419
10
54.356001
20
128.185328
30
0.0
0
SEQEND
0
POLYLINE
8
P01420
66
1
70
0
0
VERTEX
8
P01420
10
53.170667
20
128.100665
30
0.0
0
VERTEX
8
P01420
10
53.763331
20
128.100665
30
0.0
0
VERTEX
8
P01420
10
53.170667
20
128.100665
30
0.0
0
SEQEND
0
POLYLINE
8
P01421
66
1
70
0
0
VERTEX
8
P01421
10
53.170667
20
129.285993
30
0.0
0
VERTEX
8
P01421
10
53.763331
20
129.285993
30
0.0
0
SEQEND
0
POLYLINE
8
P01422
66
1
70
0
0
VERTEX
8
P01422
10
53.255330
20
129.201330
30
0.0
0
VERTEX
8
P01422
10
54.356001
20
129.201330
30
0.0
0
SEQEND
0
POLYLINE
8
P01423
66
1
70
0
0
VERTEX
8
P01423
10
53.339999
20
129.116667
30
0.0
0
VERTEX
8
P01423
10
55.033333
20
129.116667
30
0.0
0
SEQEND
0
POLYLINE
8
P01424
66
1
70
0
0
VERTEX
8
P01424
10
53.339999
20
129.031993
30
0.0
0
VERTEX
8
P01424
10
55.625997
20
129.031993
30
0.0
0
SEQEND
0
POLYLINE
8
P01425
66
1
70
0
0
VERTEX
8
P01425
10
53.424668
20
128.947329
30
0.0
0
VERTEX
8
P01425
10
56.218667
20
128.947329
30
0.0
0
SEQEND
0
POLYLINE
8
P01426
66
1
70
0
0
VERTEX
8
P01426
10
53.509331
20
128.862666
30
0.0
0
VERTEX
8
P01426
10
56.896000
20
128.862666
30
0.0
0
SEQEND
0
POLYLINE
8
P01427
66
1
70
0
0
VERTEX
8
P01427
10
53.593999
20
128.777992
30
0.0
0
VERTEX
8
P01427
10
57.488664
20
128.777992
30
0.0
0
VERTEX
8
P01427
10
53.593999
20
128.777992
30
0.0
0
SEQEND
0
POLYLINE
8
P01428
66
1
70
0
0
VERTEX
8
P01428
10
46.566667
20
128.693329
30
0.0
0
VERTEX
8
P01428
10
58.081333
20
128.693329
30
0.0
0
VERTEX
8
P01428
10
46.566667
20
128.693329
30
0.0
0
SEQEND
0
POLYLINE
8
P01429
66
1
70
0
0
VERTEX
8
P01429
10
114.384663
20
144.949324
30
0.0
0
VERTEX
8
P01429
10
114.977327
20
144.949324
30
0.0
0
SEQEND
0
POLYLINE
8
P01430
66
1
70
0
0
VERTEX
8
P01430
10
113.791999
20
144.864661
30
0.0
0
VERTEX
8
P01430
10
114.977327
20
144.864661
30
0.0
0
SEQEND
0
POLYLINE
8
P01431
66
1
70
0
0
VERTEX
8
P01431
10
113.114661
20
144.779998
30
0.0
0
VERTEX
8
P01431
10
114.977327
20
144.779998
30
0.0
0
SEQEND
0
POLYLINE
8
P01432
66
1
70
0
0
VERTEX
8
P01432
10
112.521997
20
144.695324
30
0.0
0
VERTEX
8
P01432
10
114.977327
20
144.695324
30
0.0
0
SEQEND
0
POLYLINE
8
P01433
66
1
70
0
0
VERTEX
8
P01433
10
111.929333
20
144.610661
30
0.0
0
VERTEX
8
P01433
10
114.977327
20
144.610661
30
0.0
0
SEQEND
0
POLYLINE
8
P01434
66
1
70
0
0
VERTEX
8
P01434
10
111.251995
20
144.525997
30
0.0
0
VERTEX
8
P01434
10
114.977327
20
144.525997
30
0.0
0
SEQEND
0
POLYLINE
8
P01435
66
1
70
0
0
VERTEX
8
P01435
10
111.082668
20
144.441334
30
0.0
0
VERTEX
8
P01435
10
114.977327
20
144.441334
30
0.0
0
SEQEND
0
POLYLINE
8
P01436
66
1
70
0
0
VERTEX
8
P01436
10
110.828668
20
144.356660
30
0.0
0
VERTEX
8
P01436
10
114.977327
20
144.356660
30
0.0
0
SEQEND
0
POLYLINE
8
P01437
66
1
70
0
0
VERTEX
8
P01437
10
110.659331
20
144.271997
30
0.0
0
VERTEX
8
P01437
10
114.977327
20
144.271997
30
0.0
0
SEQEND
0
POLYLINE
8
P01438
66
1
70
0
0
VERTEX
8
P01438
10
110.405330
20
144.187334
30
0.0
0
VERTEX
8
P01438
10
114.977327
20
144.187334
30
0.0
0
SEQEND
0
POLYLINE
8
P01439
66
1
70
0
0
VERTEX
8
P01439
10
110.151330
20
144.102660
30
0.0
0
VERTEX
8
P01439
10
114.977327
20
144.102660
30
0.0
0
SEQEND
0
POLYLINE
8
P01440
66
1
70
0
0
VERTEX
8
P01440
10
109.981993
20
144.017997
30
0.0
0
VERTEX
8
P01440
10
114.977327
20
144.017997
30
0.0
0
SEQEND
0
POLYLINE
8
P01441
66
1
70
0
0
VERTEX
8
P01441
10
109.727992
20
143.933333
30
0.0
0
VERTEX
8
P01441
10
114.977327
20
143.933333
30
0.0
0
SEQEND
0
POLYLINE
8
P01442
66
1
70
0
0
VERTEX
8
P01442
10
109.474003
20
143.848659
30
0.0
0
VERTEX
8
P01442
10
114.977327
20
143.848659
30
0.0
0
SEQEND
0
POLYLINE
8
P01443
66
1
70
0
0
VERTEX
8
P01443
10
109.727992
20
143.763996
30
0.0
0
VERTEX
8
P01443
10
114.977327
20
143.763996
30
0.0
0
SEQEND
0
POLYLINE
8
P01444
66
1
70
0
0
VERTEX
8
P01444
10
109.897329
20
143.679333
30
0.0
0
VERTEX
8
P01444
10
114.977327
20
143.679333
30
0.0
0
SEQEND
0
POLYLINE
8
P01445
66
1
70
0
0
VERTEX
8
P01445
10
110.066667
20
143.594659
30
0.0
0
VERTEX
8
P01445
10
114.977327
20
143.594659
30
0.0
0
SEQEND
0
POLYLINE
8
P01446
66
1
70
0
0
VERTEX
8
P01446
10
110.320667
20
143.509996
30
0.0
0
VERTEX
8
P01446
10
114.977327
20
143.509996
30
0.0
0
SEQEND
0
POLYLINE
8
P01447
66
1
70
0
0
VERTEX
8
P01447
10
110.489994
20
143.425332
30
0.0
0
VERTEX
8
P01447
10
114.977327
20
143.425332
30
0.0
0
SEQEND
0
POLYLINE
8
P01448
66
1
70
0
0
VERTEX
8
P01448
10
110.659331
20
143.340658
30
0.0
0
VERTEX
8
P01448
10
114.977327
20
143.340658
30
0.0
0
SEQEND
0
POLYLINE
8
P01449
66
1
70
0
0
VERTEX
8
P01449
10
110.913331
20
143.255995
30
0.0
0
VERTEX
8
P01449
10
114.977327
20
143.255995
30
0.0
0
SEQEND
0
POLYLINE
8
P01450
66
1
70
0
0
VERTEX
8
P01450
10
111.082668
20
143.171332
30
0.0
0
VERTEX
8
P01450
10
114.977327
20
143.171332
30
0.0
0
SEQEND
0
POLYLINE
8
P01451
66
1
70
0
0
VERTEX
8
P01451
10
111.251995
20
143.086658
30
0.0
0
VERTEX
8
P01451
10
114.977327
20
143.086658
30
0.0
0
SEQEND
0
POLYLINE
8
P01452
66
1
70
0
0
VERTEX
8
P01452
10
111.929333
20
143.001995
30
0.0
0
VERTEX
8
P01452
10
114.977327
20
143.001995
30
0.0
0
SEQEND
0
POLYLINE
8
P01453
66
1
70
0
0
VERTEX
8
P01453
10
112.521997
20
142.917332
30
0.0
0
VERTEX
8
P01453
10
114.977327
20
142.917332
30
0.0
0
SEQEND
0
POLYLINE
8
P01454
66
1
70
0
0
VERTEX
8
P01454
10
113.114661
20
142.832658
30
0.0
0
VERTEX
8
P01454
10
114.977327
20
142.832658
30
0.0
0
SEQEND
0
POLYLINE
8
P01455
66
1
70
0
0
VERTEX
8
P01455
10
113.791999
20
142.747994
30
0.0
0
VERTEX
8
P01455
10
114.977327
20
142.747994
30
0.0
0
SEQEND
0
POLYLINE
8
P01456
66
1
70
0
0
VERTEX
8
P01456
10
114.384663
20
142.663331
30
0.0
0
VERTEX
8
P01456
10
114.977327
20
142.663331
30
0.0
0
VERTEX
8
P01456
10
114.384663
20
142.663331
30
0.0
0
SEQEND
0
POLYLINE
8
P01457
66
1
70
0
0
VERTEX
8
P01457
10
109.474003
20
143.848659
30
0.0
0
VERTEX
8
P01457
10
114.469326
20
144.441334
30
0.0
0
VERTEX
8
P01457
10
109.474003
20
143.848659
30
0.0
0
SEQEND
0
POLYLINE
8
P01458
66
1
70
0
0
VERTEX
8
P01458
10
114.469326
20
144.441334
30
0.0
0
VERTEX
8
P01458
10
113.961326
20
143.848659
30
0.0
0
VERTEX
8
P01458
10
114.469326
20
144.441334
30
0.0
0
SEQEND
0
POLYLINE
8
P01459
66
1
70
0
0
VERTEX
8
P01459
10
113.961326
20
143.848659
30
0.0
0
VERTEX
8
P01459
10
114.469326
20
143.171332
30
0.0
0
VERTEX
8
P01459
10
113.961326
20
143.848659
30
0.0
0
SEQEND
0
POLYLINE
8
P01460
66
1
70
0
0
VERTEX
8
P01460
10
114.469326
20
143.171332
30
0.0
0
VERTEX
8
P01460
10
109.474003
20
143.848659
30
0.0
0
VERTEX
8
P01460
10
114.469326
20
143.171332
30
0.0
0
SEQEND
0
POLYLINE
8
P01461
66
1
70
0
0
VERTEX
8
P01461
10
113.791999
20
144.356660
30
0.0
0
VERTEX
8
P01461
10
114.469326
20
144.356660
30
0.0
0
SEQEND
0
POLYLINE
8
P01462
66
1
70
0
0
VERTEX
8
P01462
10
113.114661
20
144.271997
30
0.0
0
VERTEX
8
P01462
10
114.384663
20
144.271997
30
0.0
0
SEQEND
0
POLYLINE
8
P01463
66
1
70
0
0
VERTEX
8
P01463
10
112.352660
20
144.187334
30
0.0
0
VERTEX
8
P01463
10
114.300000
20
144.187334
30
0.0
0
SEQEND
0
POLYLINE
8
P01464
66
1
70
0
0
VERTEX
8
P01464
10
111.675332
20
144.102660
30
0.0
0
VERTEX
8
P01464
10
114.215326
20
144.102660
30
0.0
0
SEQEND
0
POLYLINE
8
P01465
66
1
70
0
0
VERTEX
8
P01465
10
110.913331
20
144.017997
30
0.0
0
VERTEX
8
P01465
10
114.130663
20
144.017997
30
0.0
0
SEQEND
0
POLYLINE
8
P01466
66
1
70
0
0
VERTEX
8
P01466
10
110.235993
20
143.933333
30
0.0
0
VERTEX
8
P01466
10
114.046000
20
143.933333
30
0.0
0
VERTEX
8
P01466
10
110.235993
20
143.933333
30
0.0
0
SEQEND
0
POLYLINE
8
P01467
66
1
70
0
0
VERTEX
8
P01467
10
109.474003
20
143.848659
30
0.0
0
VERTEX
8
P01467
10
113.961326
20
143.848659
30
0.0
0
SEQEND
0
POLYLINE
8
P01468
66
1
70
0
0
VERTEX
8
P01468
10
110.151330
20
143.763996
30
0.0
0
VERTEX
8
P01468
10
114.046000
20
143.763996
30
0.0
0
SEQEND
0
POLYLINE
8
P01469
66
1
70
0
0
VERTEX
8
P01469
10
110.743994
20
143.679333
30
0.0
0
VERTEX
8
P01469
10
114.130663
20
143.679333
30
0.0
0
SEQEND
0
POLYLINE
8
P01470
66
1
70
0
0
VERTEX
8
P01470
10
111.421332
20
143.594659
30
0.0
0
VERTEX
8
P01470
10
114.215326
20
143.594659
30
0.0
0
SEQEND
0
POLYLINE
8
P01471
66
1
70
0
0
VERTEX
8
P01471
10
112.013996
20
143.509996
30
0.0
0
VERTEX
8
P01471
10
114.215326
20
143.509996
30
0.0
0
SEQEND
0
POLYLINE
8
P01472
66
1
70
0
0
VERTEX
8
P01472
10
112.606660
20
143.425332
30
0.0
0
VERTEX
8
P01472
10
114.300000
20
143.425332
30
0.0
0
SEQEND
0
POLYLINE
8
P01473
66
1
70
0
0
VERTEX
8
P01473
10
113.283998
20
143.340658
30
0.0
0
VERTEX
8
P01473
10
114.384663
20
143.340658
30
0.0
0
SEQEND
0
POLYLINE
8
P01474
66
1
70
0
0
VERTEX
8
P01474
10
113.876662
20
143.255995
30
0.0
0
VERTEX
8
P01474
10
114.469326
20
143.255995
30
0.0
0
VERTEX
8
P01474
10
113.876662
20
143.255995
30
0.0
0
SEQEND
0
POLYLINE
8
P01475
66
1
70
0
0
VERTEX
8
P01475
10
118.109996
20
144.949324
30
0.0
0
VERTEX
8
P01475
10
118.787334
20
144.949324
30
0.0
0
SEQEND
0
POLYLINE
8
P01476
66
1
70
0
0
VERTEX
8
P01476
10
118.109996
20
144.864661
30
0.0
0
VERTEX
8
P01476
10
119.379998
20
144.864661
30
0.0
0
SEQEND
0
POLYLINE
8
P01477
66
1
70
0
0
VERTEX
8
P01477
10
118.109996
20
144.779998
30
0.0
0
VERTEX
8
P01477
10
119.972662
20
144.779998
30
0.0
0
SEQEND
0
POLYLINE
8
P01478
66
1
70
0
0
VERTEX
8
P01478
10
118.109996
20
144.695324
30
0.0
0
VERTEX
8
P01478
10
120.650000
20
144.695324
30
0.0
0
SEQEND
0
POLYLINE
8
P01479
66
1
70
0
0
VERTEX
8
P01479
10
118.109996
20
144.610661
30
0.0
0
VERTEX
8
P01479
10
121.242664
20
144.610661
30
0.0
0
SEQEND
0
POLYLINE
8
P01480
66
1
70
0
0
VERTEX
8
P01480
10
118.109996
20
144.525997
30
0.0
0
VERTEX
8
P01480
10
121.835328
20
144.525997
30
0.0
0
SEQEND
0
POLYLINE
8
P01481
66
1
70
0
0
VERTEX
8
P01481
10
118.109996
20
144.441334
30
0.0
0
VERTEX
8
P01481
10
122.089329
20
144.441334
30
0.0
0
SEQEND
0
POLYLINE
8
P01482
66
1
70
0
0
VERTEX
8
P01482
10
118.109996
20
144.356660
30
0.0
0
VERTEX
8
P01482
10
122.343329
20
144.356660
30
0.0
0
SEQEND
0
POLYLINE
8
P01483
66
1
70
0
0
VERTEX
8
P01483
10
118.109996
20
144.271997
30
0.0
0
VERTEX
8
P01483
10
122.512666
20
144.271997
30
0.0
0
SEQEND
0
POLYLINE
8
P01484
66
1
70
0
0
VERTEX
8
P01484
10
118.109996
20
144.187334
30
0.0
0
VERTEX
8
P01484
10
122.766667
20
144.187334
30
0.0
0
SEQEND
0
POLYLINE
8
P01485
66
1
70
0
0
VERTEX
8
P01485
10
118.109996
20
144.102660
30
0.0
0
VERTEX
8
P01485
10
123.020667
20
144.102660
30
0.0
0
SEQEND
0
POLYLINE
8
P01486
66
1
70
0
0
VERTEX
8
P01486
10
118.109996
20
144.017997
30
0.0
0
VERTEX
8
P01486
10
123.189994
20
144.017997
30
0.0
0
SEQEND
0
POLYLINE
8
P01487
66
1
70
0
0
VERTEX
8
P01487
10
118.109996
20
143.933333
30
0.0
0
VERTEX
8
P01487
10
123.443994
20
143.933333
30
0.0
0
SEQEND
0
POLYLINE
8
P01488
66
1
70
0
0
VERTEX
8
P01488
10
118.109996
20
143.848659
30
0.0
0
VERTEX
8
P01488
10
123.613331
20
143.848659
30
0.0
0
SEQEND
0
POLYLINE
8
P01489
66
1
70
0
0
VERTEX
8
P01489
10
118.109996
20
143.763996
30
0.0
0
VERTEX
8
P01489
10
123.443994
20
143.763996
30
0.0
0
SEQEND
0
POLYLINE
8
P01490
66
1
70
0
0
VERTEX
8
P01490
10
118.109996
20
143.679333
30
0.0
0
VERTEX
8
P01490
10
123.274668
20
143.679333
30
0.0
0
SEQEND
0
POLYLINE
8
P01491
66
1
70
0
0
VERTEX
8
P01491
10
118.109996
20
143.594659
30
0.0
0
VERTEX
8
P01491
10
123.020667
20
143.594659
30
0.0
0
SEQEND
0
POLYLINE
8
P01492
66
1
70
0
0
VERTEX
8
P01492
10
118.109996
20
143.509996
30
0.0
0
VERTEX
8
P01492
10
122.851330
20
143.509996
30
0.0
0
SEQEND
0
POLYLINE
8
P01493
66
1
70
0
0
VERTEX
8
P01493
10
118.109996
20
143.425332
30
0.0
0
VERTEX
8
P01493
10
122.681993
20
143.425332
30
0.0
0
SEQEND
0
POLYLINE
8
P01494
66
1
70
0
0
VERTEX
8
P01494
10
118.109996
20
143.340658
30
0.0
0
VERTEX
8
P01494
10
122.427992
20
143.340658
30
0.0
0
SEQEND
0
POLYLINE
8
P01495
66
1
70
0
0
VERTEX
8
P01495
10
118.109996
20
143.255995
30
0.0
0
VERTEX
8
P01495
10
122.258666
20
143.255995
30
0.0
0
SEQEND
0
POLYLINE
8
P01496
66
1
70
0
0
VERTEX
8
P01496
10
118.109996
20
143.171332
30
0.0
0
VERTEX
8
P01496
10
122.089329
20
143.171332
30
0.0
0
SEQEND
0
POLYLINE
8
P01497
66
1
70
0
0
VERTEX
8
P01497
10
118.109996
20
143.086658
30
0.0
0
VERTEX
8
P01497
10
121.835328
20
143.086658
30
0.0
0
SEQEND
0
POLYLINE
8
P01498
66
1
70
0
0
VERTEX
8
P01498
10
118.109996
20
143.001995
30
0.0
0
VERTEX
8
P01498
10
121.242664
20
143.001995
30
0.0
0
SEQEND
0
POLYLINE
8
P01499
66
1
70
0
0
VERTEX
8
P01499
10
118.109996
20
142.917332
30
0.0
0
VERTEX
8
P01499
10
120.650000
20
142.917332
30
0.0
0
SEQEND
0
POLYLINE
8
P01500
66
1
70
0
0
VERTEX
8
P01500
10
118.109996
20
142.832658
30
0.0
0
VERTEX
8
P01500
10
119.972662
20
142.832658
30
0.0
0
SEQEND
0
POLYLINE
8
P01501
66
1
70
0
0
VERTEX
8
P01501
10
118.109996
20
142.747994
30
0.0
0
VERTEX
8
P01501
10
119.379998
20
142.747994
30
0.0
0
SEQEND
0
POLYLINE
8
P01502
66
1
70
0
0
VERTEX
8
P01502
10
118.109996
20
142.663331
30
0.0
0
VERTEX
8
P01502
10
118.787334
20
142.663331
30
0.0
0
VERTEX
8
P01502
10
118.109996
20
142.663331
30
0.0
0
SEQEND
0
POLYLINE
8
P01503
66
1
70
0
0
VERTEX
8
P01503
10
123.613331
20
143.848659
30
0.0
0
VERTEX
8
P01503
10
118.617997
20
143.171332
30
0.0
0
VERTEX
8
P01503
10
123.613331
20
143.848659
30
0.0
0
SEQEND
0
POLYLINE
8
P01504
66
1
70
0
0
VERTEX
8
P01504
10
118.617997
20
143.171332
30
0.0
0
VERTEX
8
P01504
10
119.125997
20
143.848659
30
0.0
0
VERTEX
8
P01504
10
118.617997
20
143.171332
30
0.0
0
SEQEND
0
POLYLINE
8
P01505
66
1
70
0
0
VERTEX
8
P01505
10
119.125997
20
143.848659
30
0.0
0
VERTEX
8
P01505
10
118.617997
20
144.441334
30
0.0
0
VERTEX
8
P01505
10
119.125997
20
143.848659
30
0.0
0
SEQEND
0
POLYLINE
8
P01506
66
1
70
0
0
VERTEX
8
P01506
10
118.617997
20
144.441334
30
0.0
0
VERTEX
8
P01506
10
123.613331
20
143.848659
30
0.0
0
VERTEX
8
P01506
10
118.617997
20
144.441334
30
0.0
0
SEQEND
0
POLYLINE
8
P01507
66
1
70
0
0
VERTEX
8
P01507
10
119.125997
20
143.848659
30
0.0
0
VERTEX
8
P01507
10
123.613331
20
143.848659
30
0.0
0
SEQEND
0
POLYLINE
8
P01508
66
1
70
0
0
VERTEX
8
P01508
10
119.125997
20
143.763996
30
0.0
0
VERTEX
8
P01508
10
123.020667
20
143.763996
30
0.0
0
SEQEND
0
POLYLINE
8
P01509
66
1
70
0
0
VERTEX
8
P01509
10
119.041334
20
143.679333
30
0.0
0
VERTEX
8
P01509
10
122.427992
20
143.679333
30
0.0
0
SEQEND
0
POLYLINE
8
P01510
66
1
70
0
0
VERTEX
8
P01510
10
118.956660
20
143.594659
30
0.0
0
VERTEX
8
P01510
10
121.750665
20
143.594659
30
0.0
0
SEQEND
0
POLYLINE
8
P01511
66
1
70
0
0
VERTEX
8
P01511
10
118.871997
20
143.509996
30
0.0
0
VERTEX
8
P01511
10
121.158001
20
143.509996
30
0.0
0
SEQEND
0
POLYLINE
8
P01512
66
1
70
0
0
VERTEX
8
P01512
10
118.871997
20
143.425332
30
0.0
0
VERTEX
8
P01512
10
120.565326
20
143.425332
30
0.0
0
SEQEND
0
POLYLINE
8
P01513
66
1
70
0
0
VERTEX
8
P01513
10
118.787334
20
143.340658
30
0.0
0
VERTEX
8
P01513
10
119.887999
20
143.340658
30
0.0
0
SEQEND
0
POLYLINE
8
P01514
66
1
70
0
0
VERTEX
8
P01514
10
118.702660
20
143.255995
30
0.0
0
VERTEX
8
P01514
10
119.295335
20
143.255995
30
0.0
0
VERTEX
8
P01514
10
118.702660
20
143.255995
30
0.0
0
SEQEND
0
POLYLINE
8
P01515
66
1
70
0
0
VERTEX
8
P01515
10
118.702660
20
144.356660
30
0.0
0
VERTEX
8
P01515
10
119.379998
20
144.356660
30
0.0
0
SEQEND
0
POLYLINE
8
P01516
66
1
70
0
0
VERTEX
8
P01516
10
118.787334
20
144.271997
30
0.0
0
VERTEX
8
P01516
10
120.057336
20
144.271997
30
0.0
0
SEQEND
0
POLYLINE
8
P01517
66
1
70
0
0
VERTEX
8
P01517
10
118.871997
20
144.187334
30
0.0
0
VERTEX
8
P01517
10
120.819326
20
144.187334
30
0.0
0
SEQEND
0
POLYLINE
8
P01518
66
1
70
0
0
VERTEX
8
P01518
10
118.956660
20
144.102660
30
0.0
0
VERTEX
8
P01518
10
121.496665
20
144.102660
30
0.0
0
SEQEND
0
POLYLINE
8
P01519
66
1
70
0
0
VERTEX
8
P01519
10
119.041334
20
144.017997
30
0.0
0
VERTEX
8
P01519
10
122.258666
20
144.017997
30
0.0
0
SEQEND
0
POLYLINE
8
P01520
66
1
70
0
0
VERTEX
8
P01520
10
119.125997
20
143.933333
30
0.0
0
VERTEX
8
P01520
10
122.935993
20
143.933333
30
0.0
0
VERTEX
8
P01520
10
119.125997
20
143.933333
30
0.0
0
SEQEND
0
POLYLINE
8
P01521
66
1
70
0
0
VERTEX
8
P01521
10
109.474003
20
143.848659
30
0.0
0
VERTEX
8
P01521
10
123.613331
20
143.848659
30
0.0
0
VERTEX
8
P01521
10
109.474003
20
143.848659
30
0.0
0
SEQEND
0
POLYLINE
8
P01522
66
1
70
0
0
VERTEX
8
P01522
10
20.489333
20
60.621321
30
0.0
0
VERTEX
8
P01522
10
205.485993
20
60.621321
30
0.0
0
VERTEX
8
P01522
10
20.489333
20
60.621321
30
0.0
0
SEQEND
0
POLYLINE
8
P01523
66
1
70
0
0
VERTEX
8
P01523
10
20.489333
20
50.630674
30
0.0
0
VERTEX
8
P01523
10
85.513331
20
50.630674
30
0.0
0
VERTEX
8
P01523
10
20.489333
20
50.630674
30
0.0
0
SEQEND
0
POLYLINE
8
P01524
66
1
70
0
0
VERTEX
8
P01524
10
20.489333
20
45.635328
30
0.0
0
VERTEX
8
P01524
10
85.513331
20
45.635328
30
0.0
0
VERTEX
8
P01524
10
20.489333
20
45.635328
30
0.0
0
SEQEND
0
POLYLINE
8
P01525
66
1
70
0
0
VERTEX
8
P01525
10
20.489333
20
30.649335
30
0.0
0
VERTEX
8
P01525
10
85.513331
20
30.649335
30
0.0
0
VERTEX
8
P01525
10
20.489333
20
30.649335
30
0.0
0
SEQEND
0
POLYLINE
8
P01526
66
1
70
0
0
VERTEX
8
P01526
10
20.489333
20
25.569326
30
0.0
0
VERTEX
8
P01526
10
85.513331
20
25.569326
30
0.0
0
VERTEX
8
P01526
10
20.489333
20
25.569326
30
0.0
0
SEQEND
0
POLYLINE
8
P01527
66
1
70
0
0
VERTEX
8
P01527
10
20.489333
20
20.574003
30
0.0
0
VERTEX
8
P01527
10
85.513331
20
20.574003
30
0.0
0
VERTEX
8
P01527
10
20.489333
20
20.574003
30
0.0
0
SEQEND
0
POLYLINE
8
P01528
66
1
70
0
0
VERTEX
8
P01528
10
20.489333
20
15.578657
30
0.0
0
VERTEX
8
P01528
10
85.513331
20
15.578657
30
0.0
0
VERTEX
8
P01528
10
20.489333
20
15.578657
30
0.0
0
SEQEND
0
POLYLINE
8
P01529
66
1
70
0
0
VERTEX
8
P01529
10
20.489333
20
10.583333
30
0.0
0
VERTEX
8
P01529
10
85.513331
20
10.583333
30
0.0
0
VERTEX
8
P01529
10
20.489333
20
10.583333
30
0.0
0
SEQEND
0
POLYLINE
8
P01530
66
1
70
0
0
VERTEX
8
P01530
10
20.489333
20
55.625997
30
0.0
0
VERTEX
8
P01530
10
85.513331
20
55.625997
30
0.0
0
VERTEX
8
P01530
10
20.489333
20
55.625997
30
0.0
0
SEQEND
0
POLYLINE
8
P01531
66
1
70
0
0
VERTEX
8
P01531
10
60.536663
20
5.588009
30
0.0
0
VERTEX
8
P01531
10
60.536663
20
60.621321
30
0.0
0
VERTEX
8
P01531
10
60.536663
20
5.588009
30
0.0
0
SEQEND
0
POLYLINE
8
P01532
66
1
70
0
0
VERTEX
8
P01532
10
75.522667
20
5.588009
30
0.0
0
VERTEX
8
P01532
10
75.522667
20
60.621321
30
0.0
0
VERTEX
8
P01532
10
75.522667
20
5.588009
30
0.0
0
SEQEND
0
POLYLINE
8
P01533
66
1
70
0
0
VERTEX
8
P01533
10
85.513331
20
5.588009
30
0.0
0
VERTEX
8
P01533
10
85.513331
20
60.621321
30
0.0
0
VERTEX
8
P01533
10
85.513331
20
5.588009
30
0.0
0
SEQEND
0
POLYLINE
8
P01534
66
1
70
0
0
VERTEX
8
P01534
10
155.532668
20
5.588009
30
0.0
0
VERTEX
8
P01534
10
155.532668
20
45.635328
30
0.0
0
VERTEX
8
P01534
10
155.532668
20
5.588009
30
0.0
0
SEQEND
0
POLYLINE
8
P01535
66
1
70
0
0
VERTEX
8
P01535
10
170.518661
20
25.569326
30
0.0
0
VERTEX
8
P01535
10
170.518661
20
45.635328
30
0.0
0
VERTEX
8
P01535
10
170.518661
20
25.569326
30
0.0
0
SEQEND
0
POLYLINE
8
P01536
66
1
70
0
0
VERTEX
8
P01536
10
187.536658
20
25.569326
30
0.0
0
VERTEX
8
P01536
10
187.536658
20
45.635328
30
0.0
0
VERTEX
8
P01536
10
187.536658
20
25.569326
30
0.0
0
SEQEND
0
POLYLINE
8
P01537
66
1
70
0
0
VERTEX
8
P01537
10
20.489333
20
40.640004
30
0.0
0
VERTEX
8
P01537
10
85.513331
20
40.640004
30
0.0
0
VERTEX
8
P01537
10
20.489333
20
40.640004
30
0.0
0
SEQEND
0
POLYLINE
8
P01538
66
1
70
0
0
VERTEX
8
P01538
10
20.489333
20
35.644659
30
0.0
0
VERTEX
8
P01538
10
85.513331
20
35.644659
30
0.0
0
VERTEX
8
P01538
10
20.489333
20
35.644659
30
0.0
0
SEQEND
0
POLYLINE
8
P01539
66
1
70
0
0
VERTEX
8
P01539
10
170.518661
20
40.640004
30
0.0
0
VERTEX
8
P01539
10
205.485993
20
40.640004
30
0.0
0
VERTEX
8
P01539
10
170.518661
20
40.640004
30
0.0
0
SEQEND
0
POLYLINE
8
P01540
66
1
70
0
0
VERTEX
8
P01540
10
85.513331
20
45.635328
30
0.0
0
VERTEX
8
P01540
10
205.485993
20
45.635328
30
0.0
0
VERTEX
8
P01540
10
85.513331
20
45.635328
30
0.0
0
SEQEND
0
POLYLINE
8
P01541
66
1
70
0
0
VERTEX
8
P01541
10
155.532668
20
25.569326
30
0.0
0
VERTEX
8
P01541
10
205.485993
20
25.569326
30
0.0
0
VERTEX
8
P01541
10
155.532668
20
25.569326
30
0.0
0
SEQEND
0
POLYLINE
8
P01542
66
1
70
0
0
VERTEX
8
P01542
10
160.443329
20
25.569326
30
0.0
0
VERTEX
8
P01542
10
160.443329
20
40.640004
30
0.0
0
VERTEX
8
P01542
10
160.443329
20
25.569326
30
0.0
0
SEQEND
0
POLYLINE
8
P01543
66
1
70
0
0
VERTEX
8
P01543
10
165.523327
20
25.569326
30
0.0
0
VERTEX
8
P01543
10
165.523327
20
40.640004
30
0.0
0
VERTEX
8
P01543
10
165.523327
20
25.569326
30
0.0
0
SEQEND
0
POLYLINE
8
P01544
66
1
70
0
0
VERTEX
8
P01544
10
90.508666
20
292.607992
30
0.0
0
VERTEX
8
P01544
10
90.508666
20
278.637993
30
0.0
0
VERTEX
8
P01544
10
90.508666
20
292.607992
30
0.0
0
SEQEND
0
POLYLINE
8
P01545
66
1
70
0
0
VERTEX
8
P01545
10
20.000000
20
5.000000
30
0.0
0
VERTEX
8
P01545
10
206.074003
20
5.000000
30
0.0
0
SEQEND
0
POLYLINE
8
P01546
66
1
70
0
0
VERTEX
8
P01546
10
206.074003
20
5.000000
30
0.0
0
VERTEX
8
P01546
10
206.074003
20
293.111326
30
0.0
0
SEQEND
0
POLYLINE
8
P01547
66
1
70
0
0
VERTEX
8
P01547
10
206.074003
20
293.111326
30
0.0
0
VERTEX
8
P01547
10
20.000000
20
293.111326
30
0.0
0
SEQEND
0
POLYLINE
8
P01548
66
1
70
0
0
VERTEX
8
P01548
10
20.000000
20
293.111326
30
0.0
0
VERTEX
8
P01548
10
20.000000
20
5.000000
30
0.0
0
SEQEND
0
ENDSEC
0
EOF
