0
SECTION
2
HEADER
9
$ACADVER
1
AC1009
0
ENDSEC
0
SECTION
2
ENTITIES
0
POLYLINE
8
P00000
66
1
70
0
0
VERTEX
8
P00000
10
168.571332
20
241.384658
30
0.0
0
VERTEX
8
P00000
10
170.349324
20
240.791994
30
0.0
0
VERTEX
8
P00000
10
168.571332
20
241.384658
30
0.0
0
SEQEND
0
POLYLINE
8
P00001
66
1
70
0
0
VERTEX
8
P00001
10
170.349324
20
240.791994
30
0.0
0
VERTEX
8
P00001
10
171.958001
20
239.945329
30
0.0
0
VERTEX
8
P00001
10
170.349324
20
240.791994
30
0.0
0
SEQEND
0
POLYLINE
8
P00002
66
1
70
0
0
VERTEX
8
P00002
10
171.958001
20
239.945329
30
0.0
0
VERTEX
8
P00002
10
173.397329
20
238.844659
30
0.0
0
VERTEX
8
P00002
10
171.958001
20
239.945329
30
0.0
0
SEQEND
0
POLYLINE
8
P00003
66
1
70
0
0
VERTEX
8
P00003
10
173.397329
20
238.844659
30
0.0
0
VERTEX
8
P00003
10
174.667332
20
237.489994
30
0.0
0
VERTEX
8
P00003
10
173.397329
20
238.844659
30
0.0
0
SEQEND
0
POLYLINE
8
P00004
66
1
70
0
0
VERTEX
8
P00004
10
174.667332
20
237.489994
30
0.0
0
VERTEX
8
P00004
10
175.598659
20
235.881328
30
0.0
0
VERTEX
8
P00004
10
174.667332
20
237.489994
30
0.0
0
SEQEND
0
POLYLINE
8
P00005
66
1
70
0
0
VERTEX
8
P00005
10
175.598659
20
235.881328
30
0.0
0
VERTEX
8
P00005
10
176.191334
20
234.187993
30
0.0
0
VERTEX
8
P00005
10
175.598659
20
235.881328
30
0.0
0
SEQEND
0
POLYLINE
8
P00006
66
1
70
0
0
VERTEX
8
P00006
10
176.191334
20
234.187993
30
0.0
0
VERTEX
8
P00006
10
176.529998
20
232.325327
30
0.0
0
VERTEX
8
P00006
10
176.191334
20
234.187993
30
0.0
0
SEQEND
0
POLYLINE
8
P00007
66
1
70
0
0
VERTEX
8
P00007
10
176.529998
20
232.325327
30
0.0
0
VERTEX
8
P00007
10
176.529998
20
230.547329
30
0.0
0
VERTEX
8
P00007
10
176.529998
20
232.325327
30
0.0
0
SEQEND
0
POLYLINE
8
P00008
66
1
70
0
0
VERTEX
8
P00008
10
176.529998
20
230.547329
30
0.0
0
VERTEX
8
P00008
10
176.191334
20
228.684658
30
0.0
0
VERTEX
8
P00008
10
176.529998
20
230.547329
30
0.0
0
SEQEND
0
POLYLINE
8
P00009
66
1
70
0
0
VERTEX
8
P00009
10
176.191334
20
228.684658
30
0.0
0
VERTEX
8
P00009
10
175.513996
20
226.991329
30
0.0
0
VERTEX
8
P00009
10
176.191334
20
228.684658
30
0.0
0
SEQEND
0
POLYLINE
8
P00010
66
1
70
0
0
VERTEX
8
P00010
10
175.513996
20
226.991329
30
0.0
0
VERTEX
8
P00010
10
174.497994
20
225.467326
30
0.0
0
VERTEX
8
P00010
10
175.513996
20
226.991329
30
0.0
0
SEQEND
0
POLYLINE
8
P00011
66
1
70
0
0
VERTEX
8
P00011
10
174.497994
20
225.467326
30
0.0
0
VERTEX
8
P00011
10
173.227992
20
224.112661
30
0.0
0
VERTEX
8
P00011
10
174.497994
20
225.467326
30
0.0
0
SEQEND
0
POLYLINE
8
P00012
66
1
70
0
0
VERTEX
8
P00012
10
173.227992
20
224.112661
30
0.0
0
VERTEX
8
P00012
10
171.788664
20
223.011996
30
0.0
0
VERTEX
8
P00012
10
173.227992
20
224.112661
30
0.0
0
SEQEND
0
POLYLINE
8
P00013
66
1
70
0
0
VERTEX
8
P00013
10
171.788664
20
223.011996
30
0.0
0
VERTEX
8
P00013
10
170.095335
20
222.165326
30
0.0
0
VERTEX
8
P00013
10
171.788664
20
223.011996
30
0.0
0
SEQEND
0
POLYLINE
8
P00014
66
1
70
0
0
VERTEX
8
P00014
10
170.095335
20
222.165326
30
0.0
0
VERTEX
8
P00014
10
168.571332
20
221.741994
30
0.0
0
VERTEX
8
P00014
10
170.095335
20
222.165326
30
0.0
0
SEQEND
0
POLYLINE
8
P00015
66
1
70
0
0
VERTEX
8
P00015
10
120.565326
20
251.121327
30
0.0
0
VERTEX
8
P00015
10
168.571332
20
241.384658
30
0.0
0
VERTEX
8
P00015
10
120.565326
20
251.121327
30
0.0
0
SEQEND
0
POLYLINE
8
P00016
66
1
70
0
0
VERTEX
8
P00016
10
168.571332
20
221.741994
30
0.0
0
VERTEX
8
P00016
10
120.565326
20
211.920662
30
0.0
0
VERTEX
8
P00016
10
168.571332
20
221.741994
30
0.0
0
SEQEND
0
POLYLINE
8
P00017
66
1
70
0
0
VERTEX
8
P00017
10
112.606660
20
211.920662
30
0.0
0
VERTEX
8
P00017
10
64.600665
20
221.741994
30
0.0
0
VERTEX
8
P00017
10
112.606660
20
211.920662
30
0.0
0
SEQEND
0
POLYLINE
8
P00018
66
1
70
0
0
VERTEX
8
P00018
10
112.606660
20
251.121327
30
0.0
0
VERTEX
8
P00018
10
115.146665
20
251.459996
30
0.0
0
VERTEX
8
P00018
10
112.606660
20
251.121327
30
0.0
0
SEQEND
0
POLYLINE
8
P00019
66
1
70
0
0
VERTEX
8
P00019
10
115.146665
20
251.459996
30
0.0
0
VERTEX
8
P00019
10
117.771332
20
251.544659
30
0.0
0
VERTEX
8
P00019
10
115.146665
20
251.459996
30
0.0
0
SEQEND
0
POLYLINE
8
P00020
66
1
70
0
0
VERTEX
8
P00020
10
117.771332
20
251.544659
30
0.0
0
VERTEX
8
P00020
10
120.311326
20
251.205995
30
0.0
0
VERTEX
8
P00020
10
117.771332
20
251.544659
30
0.0
0
SEQEND
0
POLYLINE
8
P00021
66
1
70
0
0
VERTEX
8
P00021
10
120.311326
20
251.205995
30
0.0
0
VERTEX
8
P00021
10
120.565326
20
251.121327
30
0.0
0
VERTEX
8
P00021
10
120.311326
20
251.205995
30
0.0
0
SEQEND
0
POLYLINE
8
P00022
66
1
70
0
0
VERTEX
8
P00022
10
68.579998
20
231.563326
30
0.0
0
VERTEX
8
P00022
10
68.410666
20
232.325327
30
0.0
0
VERTEX
8
P00022
10
68.579998
20
231.563326
30
0.0
0
SEQEND
0
POLYLINE
8
P00023
66
1
70
0
0
VERTEX
8
P00023
10
68.410666
20
232.325327
30
0.0
0
VERTEX
8
P00023
10
67.902665
20
233.002660
30
0.0
0
VERTEX
8
P00023
10
68.410666
20
232.325327
30
0.0
0
SEQEND
0
POLYLINE
8
P00024
66
1
70
0
0
VERTEX
8
P00024
10
67.902665
20
233.002660
30
0.0
0
VERTEX
8
P00024
10
67.225332
20
233.425992
30
0.0
0
VERTEX
8
P00024
10
67.902665
20
233.002660
30
0.0
0
SEQEND
0
POLYLINE
8
P00025
66
1
70
0
0
VERTEX
8
P00025
10
67.225332
20
233.425992
30
0.0
0
VERTEX
8
P00025
10
66.378663
20
233.510661
30
0.0
0
VERTEX
8
P00025
10
67.225332
20
233.425992
30
0.0
0
SEQEND
0
POLYLINE
8
P00026
66
1
70
0
0
VERTEX
8
P00026
10
66.378663
20
233.510661
30
0.0
0
VERTEX
8
P00026
10
65.616667
20
233.341329
30
0.0
0
VERTEX
8
P00026
10
66.378663
20
233.510661
30
0.0
0
SEQEND
0
POLYLINE
8
P00027
66
1
70
0
0
VERTEX
8
P00027
10
65.616667
20
233.341329
30
0.0
0
VERTEX
8
P00027
10
65.023997
20
232.748659
30
0.0
0
VERTEX
8
P00027
10
65.616667
20
233.341329
30
0.0
0
SEQEND
0
POLYLINE
8
P00028
66
1
70
0
0
VERTEX
8
P00028
10
65.023997
20
232.748659
30
0.0
0
VERTEX
8
P00028
10
64.600665
20
232.071327
30
0.0
0
VERTEX
8
P00028
10
65.023997
20
232.748659
30
0.0
0
SEQEND
0
POLYLINE
8
P00029
66
1
70
0
0
VERTEX
8
P00029
10
64.600665
20
232.071327
30
0.0
0
VERTEX
8
P00029
10
64.600665
20
231.224662
30
0.0
0
VERTEX
8
P00029
10
64.600665
20
232.071327
30
0.0
0
SEQEND
0
POLYLINE
8
P00030
66
1
70
0
0
VERTEX
8
P00030
10
64.600665
20
231.224662
30
0.0
0
VERTEX
8
P00030
10
64.854665
20
230.462661
30
0.0
0
VERTEX
8
P00030
10
64.600665
20
231.224662
30
0.0
0
SEQEND
0
POLYLINE
8
P00031
66
1
70
0
0
VERTEX
8
P00031
10
64.854665
20
230.462661
30
0.0
0
VERTEX
8
P00031
10
65.447329
20
229.869991
30
0.0
0
VERTEX
8
P00031
10
64.854665
20
230.462661
30
0.0
0
SEQEND
0
POLYLINE
8
P00032
66
1
70
0
0
VERTEX
8
P00032
10
65.447329
20
229.869991
30
0.0
0
VERTEX
8
P00032
10
66.209331
20
229.615996
30
0.0
0
VERTEX
8
P00032
10
65.447329
20
229.869991
30
0.0
0
SEQEND
0
POLYLINE
8
P00033
66
1
70
0
0
VERTEX
8
P00033
10
66.209331
20
229.615996
30
0.0
0
VERTEX
8
P00033
10
67.056001
20
229.615996
30
0.0
0
VERTEX
8
P00033
10
66.209331
20
229.615996
30
0.0
0
SEQEND
0
POLYLINE
8
P00034
66
1
70
0
0
VERTEX
8
P00034
10
67.056001
20
229.615996
30
0.0
0
VERTEX
8
P00034
10
67.733333
20
229.954660
30
0.0
0
VERTEX
8
P00034
10
67.056001
20
229.615996
30
0.0
0
SEQEND
0
POLYLINE
8
P00035
66
1
70
0
0
VERTEX
8
P00035
10
67.733333
20
229.954660
30
0.0
0
VERTEX
8
P00035
10
68.325997
20
230.547329
30
0.0
0
VERTEX
8
P00035
10
67.733333
20
229.954660
30
0.0
0
SEQEND
0
POLYLINE
8
P00036
66
1
70
0
0
VERTEX
8
P00036
10
68.325997
20
230.547329
30
0.0
0
VERTEX
8
P00036
10
68.579998
20
231.309325
30
0.0
0
VERTEX
8
P00036
10
68.325997
20
230.547329
30
0.0
0
SEQEND
0
POLYLINE
8
P00037
66
1
70
0
0
VERTEX
8
P00037
10
68.579998
20
231.309325
30
0.0
0
VERTEX
8
P00037
10
68.579998
20
231.563326
30
0.0
0
VERTEX
8
P00037
10
68.579998
20
231.309325
30
0.0
0
SEQEND
0
POLYLINE
8
P00038
66
1
70
0
0
VERTEX
8
P00038
10
168.571332
20
231.563326
30
0.0
0
VERTEX
8
P00038
10
168.401995
20
232.325327
30
0.0
0
VERTEX
8
P00038
10
168.571332
20
231.563326
30
0.0
0
SEQEND
0
POLYLINE
8
P00039
66
1
70
0
0
VERTEX
8
P00039
10
168.401995
20
232.325327
30
0.0
0
VERTEX
8
P00039
10
167.893994
20
233.002660
30
0.0
0
VERTEX
8
P00039
10
168.401995
20
232.325327
30
0.0
0
SEQEND
0
POLYLINE
8
P00040
66
1
70
0
0
VERTEX
8
P00040
10
167.893994
20
233.002660
30
0.0
0
VERTEX
8
P00040
10
167.216667
20
233.425992
30
0.0
0
VERTEX
8
P00040
10
167.893994
20
233.002660
30
0.0
0
SEQEND
0
POLYLINE
8
P00041
66
1
70
0
0
VERTEX
8
P00041
10
167.216667
20
233.425992
30
0.0
0
VERTEX
8
P00041
10
166.369991
20
233.510661
30
0.0
0
VERTEX
8
P00041
10
167.216667
20
233.425992
30
0.0
0
SEQEND
0
POLYLINE
8
P00042
66
1
70
0
0
VERTEX
8
P00042
10
166.369991
20
233.510661
30
0.0
0
VERTEX
8
P00042
10
165.608001
20
233.341329
30
0.0
0
VERTEX
8
P00042
10
166.369991
20
233.510661
30
0.0
0
SEQEND
0
POLYLINE
8
P00043
66
1
70
0
0
VERTEX
8
P00043
10
165.608001
20
233.341329
30
0.0
0
VERTEX
8
P00043
10
165.015326
20
232.748659
30
0.0
0
VERTEX
8
P00043
10
165.608001
20
233.341329
30
0.0
0
SEQEND
0
POLYLINE
8
P00044
66
1
70
0
0
VERTEX
8
P00044
10
165.015326
20
232.748659
30
0.0
0
VERTEX
8
P00044
10
164.591999
20
232.071327
30
0.0
0
VERTEX
8
P00044
10
165.015326
20
232.748659
30
0.0
0
SEQEND
0
POLYLINE
8
P00045
66
1
70
0
0
VERTEX
8
P00045
10
164.591999
20
232.071327
30
0.0
0
VERTEX
8
P00045
10
164.591999
20
231.224662
30
0.0
0
VERTEX
8
P00045
10
164.591999
20
232.071327
30
0.0
0
SEQEND
0
POLYLINE
8
P00046
66
1
70
0
0
VERTEX
8
P00046
10
164.591999
20
231.224662
30
0.0
0
VERTEX
8
P00046
10
164.846000
20
230.462661
30
0.0
0
VERTEX
8
P00046
10
164.591999
20
231.224662
30
0.0
0
SEQEND
0
POLYLINE
8
P00047
66
1
70
0
0
VERTEX
8
P00047
10
164.846000
20
230.462661
30
0.0
0
VERTEX
8
P00047
10
165.438664
20
229.869991
30
0.0
0
VERTEX
8
P00047
10
164.846000
20
230.462661
30
0.0
0
SEQEND
0
POLYLINE
8
P00048
66
1
70
0
0
VERTEX
8
P00048
10
165.438664
20
229.869991
30
0.0
0
VERTEX
8
P00048
10
166.200665
20
229.615996
30
0.0
0
VERTEX
8
P00048
10
165.438664
20
229.869991
30
0.0
0
SEQEND
0
POLYLINE
8
P00049
66
1
70
0
0
VERTEX
8
P00049
10
166.200665
20
229.615996
30
0.0
0
VERTEX
8
P00049
10
167.047329
20
229.615996
30
0.0
0
VERTEX
8
P00049
10
166.200665
20
229.615996
30
0.0
0
SEQEND
0
POLYLINE
8
P00050
66
1
70
0
0
VERTEX
8
P00050
10
167.047329
20
229.615996
30
0.0
0
VERTEX
8
P00050
10
167.809331
20
229.954660
30
0.0
0
VERTEX
8
P00050
10
167.047329
20
229.615996
30
0.0
0
SEQEND
0
POLYLINE
8
P00051
66
1
70
0
0
VERTEX
8
P00051
10
167.809331
20
229.954660
30
0.0
0
VERTEX
8
P00051
10
168.317332
20
230.547329
30
0.0
0
VERTEX
8
P00051
10
167.809331
20
229.954660
30
0.0
0
SEQEND
0
POLYLINE
8
P00052
66
1
70
0
0
VERTEX
8
P00052
10
168.317332
20
230.547329
30
0.0
0
VERTEX
8
P00052
10
168.571332
20
231.309325
30
0.0
0
VERTEX
8
P00052
10
168.317332
20
230.547329
30
0.0
0
SEQEND
0
POLYLINE
8
P00053
66
1
70
0
0
VERTEX
8
P00053
10
168.571332
20
231.309325
30
0.0
0
VERTEX
8
P00053
10
168.571332
20
231.563326
30
0.0
0
VERTEX
8
P00053
10
168.571332
20
231.309325
30
0.0
0
SEQEND
0
POLYLINE
8
P00054
66
1
70
0
0
VERTEX
8
P00054
10
64.600665
20
241.384658
30
0.0
0
VERTEX
8
P00054
10
112.606660
20
251.121327
30
0.0
0
VERTEX
8
P00054
10
64.600665
20
241.384658
30
0.0
0
SEQEND
0
POLYLINE
8
P00055
66
1
70
0
0
VERTEX
8
P00055
10
120.565326
20
211.920662
30
0.0
0
VERTEX
8
P00055
10
118.025332
20
211.581993
30
0.0
0
VERTEX
8
P00055
10
120.565326
20
211.920662
30
0.0
0
SEQEND
0
POLYLINE
8
P00056
66
1
70
0
0
VERTEX
8
P00056
10
118.025332
20
211.581993
30
0.0
0
VERTEX
8
P00056
10
115.400665
20
211.581993
30
0.0
0
VERTEX
8
P00056
10
118.025332
20
211.581993
30
0.0
0
SEQEND
0
POLYLINE
8
P00057
66
1
70
0
0
VERTEX
8
P00057
10
115.400665
20
211.581993
30
0.0
0
VERTEX
8
P00057
10
112.775997
20
211.920662
30
0.0
0
VERTEX
8
P00057
10
115.400665
20
211.581993
30
0.0
0
SEQEND
0
POLYLINE
8
P00058
66
1
70
0
0
VERTEX
8
P00058
10
112.775997
20
211.920662
30
0.0
0
VERTEX
8
P00058
10
112.606660
20
211.920662
30
0.0
0
VERTEX
8
P00058
10
112.775997
20
211.920662
30
0.0
0
SEQEND
0
POLYLINE
8
P00059
66
1
70
0
0
VERTEX
8
P00059
10
64.600665
20
221.741994
30
0.0
0
VERTEX
8
P00059
10
62.822667
20
222.249995
30
0.0
0
VERTEX
8
P00059
10
64.600665
20
221.741994
30
0.0
0
SEQEND
0
POLYLINE
8
P00060
66
1
70
0
0
VERTEX
8
P00060
10
62.822667
20
222.249995
30
0.0
0
VERTEX
8
P00060
10
61.213996
20
223.096659
30
0.0
0
VERTEX
8
P00060
10
62.822667
20
222.249995
30
0.0
0
SEQEND
0
POLYLINE
8
P00061
66
1
70
0
0
VERTEX
8
P00061
10
61.213996
20
223.096659
30
0.0
0
VERTEX
8
P00061
10
59.689999
20
224.281993
30
0.0
0
VERTEX
8
P00061
10
61.213996
20
223.096659
30
0.0
0
SEQEND
0
POLYLINE
8
P00062
66
1
70
0
0
VERTEX
8
P00062
10
59.689999
20
224.281993
30
0.0
0
VERTEX
8
P00062
10
58.504665
20
225.636658
30
0.0
0
VERTEX
8
P00062
10
59.689999
20
224.281993
30
0.0
0
SEQEND
0
POLYLINE
8
P00063
66
1
70
0
0
VERTEX
8
P00063
10
58.504665
20
225.636658
30
0.0
0
VERTEX
8
P00063
10
57.573332
20
227.245329
30
0.0
0
VERTEX
8
P00063
10
58.504665
20
225.636658
30
0.0
0
SEQEND
0
POLYLINE
8
P00064
66
1
70
0
0
VERTEX
8
P00064
10
57.573332
20
227.245329
30
0.0
0
VERTEX
8
P00064
10
56.896000
20
228.938658
30
0.0
0
VERTEX
8
P00064
10
57.573332
20
227.245329
30
0.0
0
SEQEND
0
POLYLINE
8
P00065
66
1
70
0
0
VERTEX
8
P00065
10
56.896000
20
228.938658
30
0.0
0
VERTEX
8
P00065
10
56.641999
20
230.716661
30
0.0
0
VERTEX
8
P00065
10
56.896000
20
228.938658
30
0.0
0
SEQEND
0
POLYLINE
8
P00066
66
1
70
0
0
VERTEX
8
P00066
10
56.641999
20
230.716661
30
0.0
0
VERTEX
8
P00066
10
56.641999
20
232.579328
30
0.0
0
VERTEX
8
P00066
10
56.641999
20
230.716661
30
0.0
0
SEQEND
0
POLYLINE
8
P00067
66
1
70
0
0
VERTEX
8
P00067
10
56.641999
20
232.579328
30
0.0
0
VERTEX
8
P00067
10
56.980663
20
234.357325
30
0.0
0
VERTEX
8
P00067
10
56.641999
20
232.579328
30
0.0
0
SEQEND
0
POLYLINE
8
P00068
66
1
70
0
0
VERTEX
8
P00068
10
56.980663
20
234.357325
30
0.0
0
VERTEX
8
P00068
10
57.658001
20
236.050660
30
0.0
0
VERTEX
8
P00068
10
56.980663
20
234.357325
30
0.0
0
SEQEND
0
POLYLINE
8
P00069
66
1
70
0
0
VERTEX
8
P00069
10
57.658001
20
236.050660
30
0.0
0
VERTEX
8
P00069
10
58.673997
20
237.659325
30
0.0
0
VERTEX
8
P00069
10
57.658001
20
236.050660
30
0.0
0
SEQEND
0
POLYLINE
8
P00070
66
1
70
0
0
VERTEX
8
P00070
10
58.673997
20
237.659325
30
0.0
0
VERTEX
8
P00070
10
59.859331
20
239.013996
30
0.0
0
VERTEX
8
P00070
10
58.673997
20
237.659325
30
0.0
0
SEQEND
0
POLYLINE
8
P00071
66
1
70
0
0
VERTEX
8
P00071
10
59.859331
20
239.013996
30
0.0
0
VERTEX
8
P00071
10
61.383333
20
240.114661
30
0.0
0
VERTEX
8
P00071
10
59.859331
20
239.013996
30
0.0
0
SEQEND
0
POLYLINE
8
P00072
66
1
70
0
0
VERTEX
8
P00072
10
61.383333
20
240.114661
30
0.0
0
VERTEX
8
P00072
10
62.991999
20
240.876662
30
0.0
0
VERTEX
8
P00072
10
61.383333
20
240.114661
30
0.0
0
SEQEND
0
POLYLINE
8
P00073
66
1
70
0
0
VERTEX
8
P00073
10
62.991999
20
240.876662
30
0.0
0
VERTEX
8
P00073
10
64.600665
20
241.384658
30
0.0
0
VERTEX
8
P00073
10
62.991999
20
240.876662
30
0.0
0
SEQEND
0
POLYLINE
8
P00074
66
1
70
0
0
VERTEX
8
P00074
10
116.585993
20
224.451330
30
0.0
0
VERTEX
8
P00074
10
109.474003
20
231.563326
30
0.0
0
VERTEX
8
P00074
10
116.585993
20
224.451330
30
0.0
0
SEQEND
0
POLYLINE
8
P00075
66
1
70
0
0
VERTEX
8
P00075
10
123.613331
20
231.563326
30
0.0
0
VERTEX
8
P00075
10
116.585993
20
224.451330
30
0.0
0
VERTEX
8
P00075
10
123.613331
20
231.563326
30
0.0
0
SEQEND
0
POLYLINE
8
P00076
66
1
70
0
0
VERTEX
8
P00076
10
116.585993
20
238.590658
30
0.0
0
VERTEX
8
P00076
10
123.613331
20
231.563326
30
0.0
0
VERTEX
8
P00076
10
116.585993
20
238.590658
30
0.0
0
SEQEND
0
POLYLINE
8
P00077
66
1
70
0
0
VERTEX
8
P00077
10
109.474003
20
231.563326
30
0.0
0
VERTEX
8
P00077
10
116.585993
20
238.590658
30
0.0
0
VERTEX
8
P00077
10
109.474003
20
231.563326
30
0.0
0
SEQEND
0
POLYLINE
8
P00078
66
1
70
0
0
VERTEX
8
P00078
10
62.568667
20
231.563326
30
0.0
0
VERTEX
8
P00078
10
66.548000
20
231.563326
30
0.0
0
VERTEX
8
P00078
10
62.568667
20
231.563326
30
0.0
0
SEQEND
0
POLYLINE
8
P00079
66
1
70
0
0
VERTEX
8
P00079
10
70.527333
20
231.563326
30
0.0
0
VERTEX
8
P00079
10
66.548000
20
231.563326
30
0.0
0
VERTEX
8
P00079
10
70.527333
20
231.563326
30
0.0
0
SEQEND
0
POLYLINE
8
P00080
66
1
70
0
0
VERTEX
8
P00080
10
66.548000
20
227.583993
30
0.0
0
VERTEX
8
P00080
10
66.548000
20
231.563326
30
0.0
0
VERTEX
8
P00080
10
66.548000
20
227.583993
30
0.0
0
SEQEND
0
POLYLINE
8
P00081
66
1
70
0
0
VERTEX
8
P00081
10
66.548000
20
235.542659
30
0.0
0
VERTEX
8
P00081
10
66.548000
20
231.563326
30
0.0
0
VERTEX
8
P00081
10
66.548000
20
235.542659
30
0.0
0
SEQEND
0
POLYLINE
8
P00082
66
1
70
0
0
VERTEX
8
P00082
10
162.559996
20
231.563326
30
0.0
0
VERTEX
8
P00082
10
166.539329
20
231.563326
30
0.0
0
VERTEX
8
P00082
10
162.559996
20
231.563326
30
0.0
0
SEQEND
0
POLYLINE
8
P00083
66
1
70
0
0
VERTEX
8
P00083
10
170.603325
20
231.563326
30
0.0
0
VERTEX
8
P00083
10
166.539329
20
231.563326
30
0.0
0
VERTEX
8
P00083
10
170.603325
20
231.563326
30
0.0
0
SEQEND
0
POLYLINE
8
P00084
66
1
70
0
0
VERTEX
8
P00084
10
166.539329
20
227.583993
30
0.0
0
VERTEX
8
P00084
10
166.539329
20
231.563326
30
0.0
0
VERTEX
8
P00084
10
166.539329
20
227.583993
30
0.0
0
SEQEND
0
POLYLINE
8
P00085
66
1
70
0
0
VERTEX
8
P00085
10
166.539329
20
235.542659
30
0.0
0
VERTEX
8
P00085
10
166.539329
20
231.563326
30
0.0
0
VERTEX
8
P00085
10
166.539329
20
235.542659
30
0.0
0
SEQEND
0
POLYLINE
8
P00086
66
1
70
0
0
VERTEX
8
P00086
10
116.585993
20
253.576660
30
0.0
0
VERTEX
8
P00086
10
116.585993
20
241.977327
30
0.0
0
VERTEX
8
P00086
10
116.585993
20
253.576660
30
0.0
0
SEQEND
0
POLYLINE
8
P00087
66
1
70
0
0
VERTEX
8
P00087
10
116.585993
20
240.453325
30
0.0
0
VERTEX
8
P00087
10
116.585993
20
238.844659
30
0.0
0
VERTEX
8
P00087
10
116.585993
20
240.453325
30
0.0
0
SEQEND
0
POLYLINE
8
P00088
66
1
70
0
0
VERTEX
8
P00088
10
116.585993
20
237.320662
30
0.0
0
VERTEX
8
P00088
10
116.585993
20
225.805995
30
0.0
0
VERTEX
8
P00088
10
116.585993
20
237.320662
30
0.0
0
SEQEND
0
POLYLINE
8
P00089
66
1
70
0
0
VERTEX
8
P00089
10
116.585993
20
224.281993
30
0.0
0
VERTEX
8
P00089
10
116.585993
20
222.588658
30
0.0
0
VERTEX
8
P00089
10
116.585993
20
224.281993
30
0.0
0
SEQEND
0
POLYLINE
8
P00090
66
1
70
0
0
VERTEX
8
P00090
10
116.585993
20
221.064661
30
0.0
0
VERTEX
8
P00090
10
116.585993
20
209.549995
30
0.0
0
VERTEX
8
P00090
10
116.585993
20
221.064661
30
0.0
0
SEQEND
0
POLYLINE
8
P00091
66
1
70
0
0
VERTEX
8
P00091
10
44.534666
20
231.563326
30
0.0
0
VERTEX
8
P00091
10
61.213996
20
231.563326
30
0.0
0
VERTEX
8
P00091
10
44.534666
20
231.563326
30
0.0
0
SEQEND
0
POLYLINE
8
P00092
66
1
70
0
0
VERTEX
8
P00092
10
62.737999
20
231.563326
30
0.0
0
VERTEX
8
P00092
10
64.261996
20
231.563326
30
0.0
0
VERTEX
8
P00092
10
62.737999
20
231.563326
30
0.0
0
SEQEND
0
POLYLINE
8
P00093
66
1
70
0
0
VERTEX
8
P00093
10
65.785998
20
231.563326
30
0.0
0
VERTEX
8
P00093
10
82.465331
20
231.563326
30
0.0
0
VERTEX
8
P00093
10
65.785998
20
231.563326
30
0.0
0
SEQEND
0
POLYLINE
8
P00094
66
1
70
0
0
VERTEX
8
P00094
10
83.989334
20
231.563326
30
0.0
0
VERTEX
8
P00094
10
85.513331
20
231.563326
30
0.0
0
VERTEX
8
P00094
10
83.989334
20
231.563326
30
0.0
0
SEQEND
0
POLYLINE
8
P00095
66
1
70
0
0
VERTEX
8
P00095
10
87.037334
20
231.563326
30
0.0
0
VERTEX
8
P00095
10
103.716667
20
231.563326
30
0.0
0
VERTEX
8
P00095
10
87.037334
20
231.563326
30
0.0
0
SEQEND
0
POLYLINE
8
P00096
66
1
70
0
0
VERTEX
8
P00096
10
105.155995
20
231.563326
30
0.0
0
VERTEX
8
P00096
10
106.764661
20
231.563326
30
0.0
0
VERTEX
8
P00096
10
105.155995
20
231.563326
30
0.0
0
SEQEND
0
POLYLINE
8
P00097
66
1
70
0
0
VERTEX
8
P00097
10
108.204000
20
231.563326
30
0.0
0
VERTEX
8
P00097
10
124.883333
20
231.563326
30
0.0
0
VERTEX
8
P00097
10
108.204000
20
231.563326
30
0.0
0
SEQEND
0
POLYLINE
8
P00098
66
1
70
0
0
VERTEX
8
P00098
10
126.407325
20
231.563326
30
0.0
0
VERTEX
8
P00098
10
127.931328
20
231.563326
30
0.0
0
VERTEX
8
P00098
10
126.407325
20
231.563326
30
0.0
0
SEQEND
0
POLYLINE
8
P00099
66
1
70
0
0
VERTEX
8
P00099
10
129.455330
20
231.563326
30
0.0
0
VERTEX
8
P00099
10
146.134663
20
231.563326
30
0.0
0
VERTEX
8
P00099
10
129.455330
20
231.563326
30
0.0
0
SEQEND
0
POLYLINE
8
P00100
66
1
70
0
0
VERTEX
8
P00100
10
147.658666
20
231.563326
30
0.0
0
VERTEX
8
P00100
10
149.182668
20
231.563326
30
0.0
0
VERTEX
8
P00100
10
147.658666
20
231.563326
30
0.0
0
SEQEND
0
POLYLINE
8
P00101
66
1
70
0
0
VERTEX
8
P00101
10
150.706660
20
231.563326
30
0.0
0
VERTEX
8
P00101
10
167.385993
20
231.563326
30
0.0
0
VERTEX
8
P00101
10
150.706660
20
231.563326
30
0.0
0
SEQEND
0
POLYLINE
8
P00102
66
1
70
0
0
VERTEX
8
P00102
10
168.825332
20
231.563326
30
0.0
0
VERTEX
8
P00102
10
170.433998
20
231.563326
30
0.0
0
VERTEX
8
P00102
10
168.825332
20
231.563326
30
0.0
0
SEQEND
0
POLYLINE
8
P00103
66
1
70
0
0
VERTEX
8
P00103
10
171.873327
20
231.563326
30
0.0
0
VERTEX
8
P00103
10
188.552660
20
231.563326
30
0.0
0
VERTEX
8
P00103
10
171.873327
20
231.563326
30
0.0
0
SEQEND
0
POLYLINE
8
P00104
66
1
70
0
0
VERTEX
8
P00104
10
34.543999
20
231.563326
30
0.0
0
VERTEX
8
P00104
10
46.566667
20
231.563326
30
0.0
0
VERTEX
8
P00104
10
34.543999
20
231.563326
30
0.0
0
SEQEND
0
POLYLINE
8
P00105
66
1
70
0
0
VERTEX
8
P00105
10
186.605320
20
231.563326
30
0.0
0
VERTEX
8
P00105
10
198.543329
20
231.563326
30
0.0
0
VERTEX
8
P00105
10
186.605320
20
231.563326
30
0.0
0
SEQEND
0
POLYLINE
8
P00106
66
1
70
0
0
VERTEX
8
P00106
10
46.566667
20
231.563326
30
0.0
0
VERTEX
8
P00106
10
46.566667
20
194.563996
30
0.0
0
VERTEX
8
P00106
10
46.566667
20
231.563326
30
0.0
0
SEQEND
0
POLYLINE
8
P00107
66
1
70
0
0
VERTEX
8
P00107
10
186.605320
20
231.563326
30
0.0
0
VERTEX
8
P00107
10
186.605320
20
194.563996
30
0.0
0
VERTEX
8
P00107
10
186.605320
20
231.563326
30
0.0
0
SEQEND
0
POLYLINE
8
P00108
66
1
70
0
0
VERTEX
8
P00108
10
52.577998
20
243.501325
30
0.0
0
VERTEX
8
P00108
10
42.417999
20
257.047994
30
0.0
0
VERTEX
8
P00108
10
52.577998
20
243.501325
30
0.0
0
SEQEND
0
POLYLINE
8
P00109
66
1
70
0
0
VERTEX
8
P00109
10
173.905330
20
234.187993
30
0.0
0
VERTEX
8
P00109
10
196.257336
20
259.164661
30
0.0
0
VERTEX
8
P00109
10
173.905330
20
234.187993
30
0.0
0
SEQEND
0
POLYLINE
8
P00110
66
1
70
0
0
VERTEX
8
P00110
10
109.474003
20
231.563326
30
0.0
0
VERTEX
8
P00110
10
85.343999
20
255.693326
30
0.0
0
VERTEX
8
P00110
10
109.474003
20
231.563326
30
0.0
0
SEQEND
0
POLYLINE
8
P00111
66
1
70
0
0
VERTEX
8
P00111
10
93.895335
20
261.281328
30
0.0
0
VERTEX
8
P00111
10
97.366667
20
264.837326
30
0.0
0
VERTEX
8
P00111
10
93.895335
20
261.281328
30
0.0
0
SEQEND
0
POLYLINE
8
P00112
66
1
70
0
0
VERTEX
8
P00112
10
116.585993
20
238.590658
30
0.0
0
VERTEX
8
P00112
10
92.455995
20
262.720659
30
0.0
0
VERTEX
8
P00112
10
116.585993
20
238.590658
30
0.0
0
SEQEND
0
POLYLINE
8
P00113
66
1
70
0
0
VERTEX
8
P00113
10
97.366667
20
264.837326
30
0.0
0
VERTEX
8
P00113
10
109.304665
20
276.775326
30
0.0
0
VERTEX
8
P00113
10
97.366667
20
264.837326
30
0.0
0
SEQEND
0
POLYLINE
8
P00114
66
1
70
0
0
VERTEX
8
P00114
10
132.841999
20
254.931328
30
0.0
0
VERTEX
8
P00114
10
130.809996
20
256.793994
30
0.0
0
VERTEX
8
P00114
10
132.841999
20
254.931328
30
0.0
0
SEQEND
0
POLYLINE
8
P00115
66
1
70
0
0
VERTEX
8
P00115
10
130.809996
20
256.793994
30
0.0
0
VERTEX
8
P00115
10
128.523992
20
258.402660
30
0.0
0
VERTEX
8
P00115
10
130.809996
20
256.793994
30
0.0
0
SEQEND
0
POLYLINE
8
P00116
66
1
70
0
0
VERTEX
8
P00116
10
128.523992
20
258.402660
30
0.0
0
VERTEX
8
P00116
10
125.983998
20
259.672659
30
0.0
0
VERTEX
8
P00116
10
128.523992
20
258.402660
30
0.0
0
SEQEND
0
POLYLINE
8
P00117
66
1
70
0
0
VERTEX
8
P00117
10
120.650000
20
261.281328
30
0.0
0
VERTEX
8
P00117
10
117.940669
20
261.619994
30
0.0
0
VERTEX
8
P00117
10
120.650000
20
261.281328
30
0.0
0
SEQEND
0
POLYLINE
8
P00118
66
1
70
0
0
VERTEX
8
P00118
10
117.940669
20
261.619994
30
0.0
0
VERTEX
8
P00118
10
116.585993
20
261.704660
30
0.0
0
VERTEX
8
P00118
10
117.940669
20
261.619994
30
0.0
0
SEQEND
0
POLYLINE
8
P00119
66
1
70
0
0
VERTEX
8
P00119
10
109.474003
20
231.563326
30
0.0
0
VERTEX
8
P00119
10
134.281328
20
256.370659
30
0.0
0
VERTEX
8
P00119
10
109.474003
20
231.563326
30
0.0
0
SEQEND
0
POLYLINE
8
P00120
66
1
70
0
0
VERTEX
8
P00120
10
116.585993
20
251.544659
30
0.0
0
VERTEX
8
P00120
10
116.585993
20
263.651992
30
0.0
0
VERTEX
8
P00120
10
116.585993
20
251.544659
30
0.0
0
SEQEND
0
POLYLINE
8
P00121
66
1
70
0
0
VERTEX
8
P00121
10
136.397994
20
233.933993
30
0.0
0
VERTEX
8
P00121
10
154.601330
20
236.135328
30
0.0
0
VERTEX
8
P00121
10
136.397994
20
233.933993
30
0.0
0
SEQEND
0
POLYLINE
8
P00122
66
1
70
0
0
VERTEX
8
P00122
10
118.363996
20
211.666661
30
0.0
0
VERTEX
8
P00122
10
120.988664
20
212.005325
30
0.0
0
VERTEX
8
P00122
10
118.363996
20
211.666661
30
0.0
0
SEQEND
0
POLYLINE
8
P00123
66
1
70
0
0
VERTEX
8
P00123
10
120.988664
20
212.005325
30
0.0
0
VERTEX
8
P00123
10
123.443994
20
212.767326
30
0.0
0
VERTEX
8
P00123
10
120.988664
20
212.005325
30
0.0
0
SEQEND
0
POLYLINE
8
P00124
66
1
70
0
0
VERTEX
8
P00124
10
123.443994
20
212.767326
30
0.0
0
VERTEX
8
P00124
10
125.814661
20
213.783328
30
0.0
0
VERTEX
8
P00124
10
123.443994
20
212.767326
30
0.0
0
SEQEND
0
POLYLINE
8
P00125
66
1
70
0
0
VERTEX
8
P00125
10
125.814661
20
213.783328
30
0.0
0
VERTEX
8
P00125
10
128.016002
20
215.137993
30
0.0
0
VERTEX
8
P00125
10
125.814661
20
213.783328
30
0.0
0
SEQEND
0
POLYLINE
8
P00126
66
1
70
0
0
VERTEX
8
P00126
10
128.016002
20
215.137993
30
0.0
0
VERTEX
8
P00126
10
130.047994
20
216.831328
30
0.0
0
VERTEX
8
P00126
10
128.016002
20
215.137993
30
0.0
0
SEQEND
0
POLYLINE
8
P00127
66
1
70
0
0
VERTEX
8
P00127
10
130.047994
20
216.831328
30
0.0
0
VERTEX
8
P00127
10
131.910661
20
218.693994
30
0.0
0
VERTEX
8
P00127
10
130.047994
20
216.831328
30
0.0
0
SEQEND
0
POLYLINE
8
P00128
66
1
70
0
0
VERTEX
8
P00128
10
131.910661
20
218.693994
30
0.0
0
VERTEX
8
P00128
10
133.434663
20
220.810661
30
0.0
0
VERTEX
8
P00128
10
131.910661
20
218.693994
30
0.0
0
SEQEND
0
POLYLINE
8
P00129
66
1
70
0
0
VERTEX
8
P00129
10
133.434663
20
220.810661
30
0.0
0
VERTEX
8
P00129
10
134.704665
20
223.011996
30
0.0
0
VERTEX
8
P00129
10
133.434663
20
220.810661
30
0.0
0
SEQEND
0
POLYLINE
8
P00130
66
1
70
0
0
VERTEX
8
P00130
10
134.704665
20
223.011996
30
0.0
0
VERTEX
8
P00130
10
135.635993
20
225.467326
30
0.0
0
VERTEX
8
P00130
10
134.704665
20
223.011996
30
0.0
0
SEQEND
0
POLYLINE
8
P00131
66
1
70
0
0
VERTEX
8
P00131
10
135.635993
20
225.467326
30
0.0
0
VERTEX
8
P00131
10
136.228668
20
228.007325
30
0.0
0
VERTEX
8
P00131
10
135.635993
20
225.467326
30
0.0
0
SEQEND
0
POLYLINE
8
P00132
66
1
70
0
0
VERTEX
8
P00132
10
136.228668
20
228.007325
30
0.0
0
VERTEX
8
P00132
10
136.567332
20
230.547329
30
0.0
0
VERTEX
8
P00132
10
136.228668
20
228.007325
30
0.0
0
SEQEND
0
POLYLINE
8
P00133
66
1
70
0
0
VERTEX
8
P00133
10
136.567332
20
230.547329
30
0.0
0
VERTEX
8
P00133
10
136.482668
20
233.171992
30
0.0
0
VERTEX
8
P00133
10
136.567332
20
230.547329
30
0.0
0
SEQEND
0
POLYLINE
8
P00134
66
1
70
0
0
VERTEX
8
P00134
10
136.482668
20
233.171992
30
0.0
0
VERTEX
8
P00134
10
136.143994
20
235.796659
30
0.0
0
VERTEX
8
P00134
10
136.482668
20
233.171992
30
0.0
0
SEQEND
0
POLYLINE
8
P00135
66
1
70
0
0
VERTEX
8
P00135
10
136.143994
20
235.796659
30
0.0
0
VERTEX
8
P00135
10
136.059331
20
235.965991
30
0.0
0
VERTEX
8
P00135
10
136.143994
20
235.796659
30
0.0
0
SEQEND
0
POLYLINE
8
P00136
66
1
70
0
0
VERTEX
8
P00136
10
35.983333
20
239.521992
30
0.0
0
VERTEX
8
P00136
10
39.115999
20
239.521992
30
0.0
0
SEQEND
0
POLYLINE
8
P00137
66
1
70
0
0
VERTEX
8
P00137
10
36.067999
20
239.437328
30
0.0
0
VERTEX
8
P00137
10
39.115999
20
239.437328
30
0.0
0
SEQEND
0
POLYLINE
8
P00138
66
1
70
0
0
VERTEX
8
P00138
10
36.067999
20
239.352660
30
0.0
0
VERTEX
8
P00138
10
39.115999
20
239.352660
30
0.0
0
SEQEND
0
POLYLINE
8
P00139
66
1
70
0
0
VERTEX
8
P00139
10
36.067999
20
239.267991
30
0.0
0
VERTEX
8
P00139
10
39.115999
20
239.267991
30
0.0
0
SEQEND
0
POLYLINE
8
P00140
66
1
70
0
0
VERTEX
8
P00140
10
36.067999
20
239.183328
30
0.0
0
VERTEX
8
P00140
10
39.115999
20
239.183328
30
0.0
0
SEQEND
0
POLYLINE
8
P00141
66
1
70
0
0
VERTEX
8
P00141
10
36.067999
20
239.098659
30
0.0
0
VERTEX
8
P00141
10
39.115999
20
239.098659
30
0.0
0
SEQEND
0
POLYLINE
8
P00142
66
1
70
0
0
VERTEX
8
P00142
10
36.067999
20
239.013996
30
0.0
0
VERTEX
8
P00142
10
39.115999
20
239.013996
30
0.0
0
SEQEND
0
POLYLINE
8
P00143
66
1
70
0
0
VERTEX
8
P00143
10
36.067999
20
238.929328
30
0.0
0
VERTEX
8
P00143
10
39.115999
20
238.929328
30
0.0
0
SEQEND
0
POLYLINE
8
P00144
66
1
70
0
0
VERTEX
8
P00144
10
36.152665
20
238.844659
30
0.0
0
VERTEX
8
P00144
10
39.031333
20
238.844659
30
0.0
0
SEQEND
0
POLYLINE
8
P00145
66
1
70
0
0
VERTEX
8
P00145
10
36.152665
20
238.759996
30
0.0
0
VERTEX
8
P00145
10
39.031333
20
238.759996
30
0.0
0
SEQEND
0
POLYLINE
8
P00146
66
1
70
0
0
VERTEX
8
P00146
10
36.152665
20
238.675327
30
0.0
0
VERTEX
8
P00146
10
39.031333
20
238.675327
30
0.0
0
SEQEND
0
POLYLINE
8
P00147
66
1
70
0
0
VERTEX
8
P00147
10
36.152665
20
238.590658
30
0.0
0
VERTEX
8
P00147
10
39.031333
20
238.590658
30
0.0
0
SEQEND
0
POLYLINE
8
P00148
66
1
70
0
0
VERTEX
8
P00148
10
36.152665
20
238.505995
30
0.0
0
VERTEX
8
P00148
10
39.031333
20
238.505995
30
0.0
0
SEQEND
0
POLYLINE
8
P00149
66
1
70
0
0
VERTEX
8
P00149
10
36.152665
20
238.421327
30
0.0
0
VERTEX
8
P00149
10
39.031333
20
238.421327
30
0.0
0
SEQEND
0
POLYLINE
8
P00150
66
1
70
0
0
VERTEX
8
P00150
10
36.152665
20
238.336658
30
0.0
0
VERTEX
8
P00150
10
39.031333
20
238.336658
30
0.0
0
SEQEND
0
POLYLINE
8
P00151
66
1
70
0
0
VERTEX
8
P00151
10
36.237334
20
238.251995
30
0.0
0
VERTEX
8
P00151
10
38.946665
20
238.251995
30
0.0
0
SEQEND
0
POLYLINE
8
P00152
66
1
70
0
0
VERTEX
8
P00152
10
36.237334
20
238.167326
30
0.0
0
VERTEX
8
P00152
10
38.946665
20
238.167326
30
0.0
0
SEQEND
0
POLYLINE
8
P00153
66
1
70
0
0
VERTEX
8
P00153
10
36.237334
20
238.082658
30
0.0
0
VERTEX
8
P00153
10
38.946665
20
238.082658
30
0.0
0
SEQEND
0
POLYLINE
8
P00154
66
1
70
0
0
VERTEX
8
P00154
10
36.237334
20
237.997994
30
0.0
0
VERTEX
8
P00154
10
38.946665
20
237.997994
30
0.0
0
SEQEND
0
POLYLINE
8
P00155
66
1
70
0
0
VERTEX
8
P00155
10
36.237334
20
237.913326
30
0.0
0
VERTEX
8
P00155
10
38.946665
20
237.913326
30
0.0
0
SEQEND
0
POLYLINE
8
P00156
66
1
70
0
0
VERTEX
8
P00156
10
36.237334
20
237.828663
30
0.0
0
VERTEX
8
P00156
10
38.946665
20
237.828663
30
0.0
0
SEQEND
0
POLYLINE
8
P00157
66
1
70
0
0
VERTEX
8
P00157
10
36.237334
20
237.743994
30
0.0
0
VERTEX
8
P00157
10
38.946665
20
237.743994
30
0.0
0
SEQEND
0
POLYLINE
8
P00158
66
1
70
0
0
VERTEX
8
P00158
10
36.322000
20
237.659325
30
0.0
0
VERTEX
8
P00158
10
38.861999
20
237.659325
30
0.0
0
SEQEND
0
POLYLINE
8
P00159
66
1
70
0
0
VERTEX
8
P00159
10
36.322000
20
237.574662
30
0.0
0
VERTEX
8
P00159
10
38.861999
20
237.574662
30
0.0
0
SEQEND
0
POLYLINE
8
P00160
66
1
70
0
0
VERTEX
8
P00160
10
36.322000
20
237.489994
30
0.0
0
VERTEX
8
P00160
10
38.861999
20
237.489994
30
0.0
0
SEQEND
0
POLYLINE
8
P00161
66
1
70
0
0
VERTEX
8
P00161
10
36.322000
20
237.405325
30
0.0
0
VERTEX
8
P00161
10
38.861999
20
237.405325
30
0.0
0
SEQEND
0
POLYLINE
8
P00162
66
1
70
0
0
VERTEX
8
P00162
10
36.322000
20
237.320662
30
0.0
0
VERTEX
8
P00162
10
38.861999
20
237.320662
30
0.0
0
SEQEND
0
POLYLINE
8
P00163
66
1
70
0
0
VERTEX
8
P00163
10
36.322000
20
237.235993
30
0.0
0
VERTEX
8
P00163
10
38.861999
20
237.235993
30
0.0
0
SEQEND
0
POLYLINE
8
P00164
66
1
70
0
0
VERTEX
8
P00164
10
36.322000
20
237.151325
30
0.0
0
VERTEX
8
P00164
10
38.861999
20
237.151325
30
0.0
0
SEQEND
0
POLYLINE
8
P00165
66
1
70
0
0
VERTEX
8
P00165
10
36.322000
20
237.066661
30
0.0
0
VERTEX
8
P00165
10
38.861999
20
237.066661
30
0.0
0
SEQEND
0
POLYLINE
8
P00166
66
1
70
0
0
VERTEX
8
P00166
10
36.406666
20
236.981993
30
0.0
0
VERTEX
8
P00166
10
38.777333
20
236.981993
30
0.0
0
SEQEND
0
POLYLINE
8
P00167
66
1
70
0
0
VERTEX
8
P00167
10
36.406666
20
236.897329
30
0.0
0
VERTEX
8
P00167
10
38.777333
20
236.897329
30
0.0
0
SEQEND
0
POLYLINE
8
P00168
66
1
70
0
0
VERTEX
8
P00168
10
36.406666
20
236.812661
30
0.0
0
VERTEX
8
P00168
10
38.777333
20
236.812661
30
0.0
0
SEQEND
0
POLYLINE
8
P00169
66
1
70
0
0
VERTEX
8
P00169
10
36.406666
20
236.727992
30
0.0
0
VERTEX
8
P00169
10
38.777333
20
236.727992
30
0.0
0
SEQEND
0
POLYLINE
8
P00170
66
1
70
0
0
VERTEX
8
P00170
10
36.406666
20
236.643329
30
0.0
0
VERTEX
8
P00170
10
38.777333
20
236.643329
30
0.0
0
SEQEND
0
POLYLINE
8
P00171
66
1
70
0
0
VERTEX
8
P00171
10
36.406666
20
236.558660
30
0.0
0
VERTEX
8
P00171
10
38.777333
20
236.558660
30
0.0
0
SEQEND
0
POLYLINE
8
P00172
66
1
70
0
0
VERTEX
8
P00172
10
36.406666
20
236.473992
30
0.0
0
VERTEX
8
P00172
10
38.777333
20
236.473992
30
0.0
0
SEQEND
0
POLYLINE
8
P00173
66
1
70
0
0
VERTEX
8
P00173
10
36.491332
20
236.389329
30
0.0
0
VERTEX
8
P00173
10
38.692667
20
236.389329
30
0.0
0
SEQEND
0
POLYLINE
8
P00174
66
1
70
0
0
VERTEX
8
P00174
10
36.491332
20
236.304660
30
0.0
0
VERTEX
8
P00174
10
38.692667
20
236.304660
30
0.0
0
SEQEND
0
POLYLINE
8
P00175
66
1
70
0
0
VERTEX
8
P00175
10
36.491332
20
236.219991
30
0.0
0
VERTEX
8
P00175
10
38.692667
20
236.219991
30
0.0
0
SEQEND
0
POLYLINE
8
P00176
66
1
70
0
0
VERTEX
8
P00176
10
36.491332
20
236.135328
30
0.0
0
VERTEX
8
P00176
10
38.692667
20
236.135328
30
0.0
0
SEQEND
0
POLYLINE
8
P00177
66
1
70
0
0
VERTEX
8
P00177
10
36.491332
20
236.050660
30
0.0
0
VERTEX
8
P00177
10
38.692667
20
236.050660
30
0.0
0
SEQEND
0
POLYLINE
8
P00178
66
1
70
0
0
VERTEX
8
P00178
10
36.491332
20
235.965991
30
0.0
0
VERTEX
8
P00178
10
38.692667
20
235.965991
30
0.0
0
SEQEND
0
POLYLINE
8
P00179
66
1
70
0
0
VERTEX
8
P00179
10
36.491332
20
235.881328
30
0.0
0
VERTEX
8
P00179
10
38.692667
20
235.881328
30
0.0
0
SEQEND
0
POLYLINE
8
P00180
66
1
70
0
0
VERTEX
8
P00180
10
36.576000
20
235.796659
30
0.0
0
VERTEX
8
P00180
10
38.607998
20
235.796659
30
0.0
0
SEQEND
0
POLYLINE
8
P00181
66
1
70
0
0
VERTEX
8
P00181
10
36.576000
20
235.711996
30
0.0
0
VERTEX
8
P00181
10
38.607998
20
235.711996
30
0.0
0
SEQEND
0
POLYLINE
8
P00182
66
1
70
0
0
VERTEX
8
P00182
10
36.576000
20
235.627327
30
0.0
0
VERTEX
8
P00182
10
38.607998
20
235.627327
30
0.0
0
SEQEND
0
POLYLINE
8
P00183
66
1
70
0
0
VERTEX
8
P00183
10
36.576000
20
235.542659
30
0.0
0
VERTEX
8
P00183
10
38.607998
20
235.542659
30
0.0
0
SEQEND
0
POLYLINE
8
P00184
66
1
70
0
0
VERTEX
8
P00184
10
36.576000
20
235.457995
30
0.0
0
VERTEX
8
P00184
10
38.607998
20
235.457995
30
0.0
0
SEQEND
0
POLYLINE
8
P00185
66
1
70
0
0
VERTEX
8
P00185
10
36.576000
20
235.373327
30
0.0
0
VERTEX
8
P00185
10
38.607998
20
235.373327
30
0.0
0
SEQEND
0
POLYLINE
8
P00186
66
1
70
0
0
VERTEX
8
P00186
10
36.576000
20
235.288658
30
0.0
0
VERTEX
8
P00186
10
38.607998
20
235.288658
30
0.0
0
SEQEND
0
POLYLINE
8
P00187
66
1
70
0
0
VERTEX
8
P00187
10
36.576000
20
235.203995
30
0.0
0
VERTEX
8
P00187
10
38.607998
20
235.203995
30
0.0
0
SEQEND
0
POLYLINE
8
P00188
66
1
70
0
0
VERTEX
8
P00188
10
36.660666
20
235.119326
30
0.0
0
VERTEX
8
P00188
10
38.523332
20
235.119326
30
0.0
0
SEQEND
0
POLYLINE
8
P00189
66
1
70
0
0
VERTEX
8
P00189
10
36.660666
20
235.034658
30
0.0
0
VERTEX
8
P00189
10
38.523332
20
235.034658
30
0.0
0
SEQEND
0
POLYLINE
8
P00190
66
1
70
0
0
VERTEX
8
P00190
10
36.660666
20
234.949995
30
0.0
0
VERTEX
8
P00190
10
38.523332
20
234.949995
30
0.0
0
SEQEND
0
POLYLINE
8
P00191
66
1
70
0
0
VERTEX
8
P00191
10
36.660666
20
234.865326
30
0.0
0
VERTEX
8
P00191
10
38.523332
20
234.865326
30
0.0
0
SEQEND
0
POLYLINE
8
P00192
66
1
70
0
0
VERTEX
8
P00192
10
36.660666
20
234.780663
30
0.0
0
VERTEX
8
P00192
10
38.523332
20
234.780663
30
0.0
0
SEQEND
0
POLYLINE
8
P00193
66
1
70
0
0
VERTEX
8
P00193
10
36.660666
20
234.695994
30
0.0
0
VERTEX
8
P00193
10
38.523332
20
234.695994
30
0.0
0
SEQEND
0
POLYLINE
8
P00194
66
1
70
0
0
VERTEX
8
P00194
10
36.660666
20
234.611326
30
0.0
0
VERTEX
8
P00194
10
38.523332
20
234.611326
30
0.0
0
SEQEND
0
POLYLINE
8
P00195
66
1
70
0
0
VERTEX
8
P00195
10
36.745332
20
234.526662
30
0.0
0
VERTEX
8
P00195
10
38.438666
20
234.526662
30
0.0
0
SEQEND
0
POLYLINE
8
P00196
66
1
70
0
0
VERTEX
8
P00196
10
36.745332
20
234.441994
30
0.0
0
VERTEX
8
P00196
10
38.438666
20
234.441994
30
0.0
0
SEQEND
0
POLYLINE
8
P00197
66
1
70
0
0
VERTEX
8
P00197
10
36.745332
20
234.357325
30
0.0
0
VERTEX
8
P00197
10
38.438666
20
234.357325
30
0.0
0
SEQEND
0
POLYLINE
8
P00198
66
1
70
0
0
VERTEX
8
P00198
10
36.745332
20
234.272662
30
0.0
0
VERTEX
8
P00198
10
38.438666
20
234.272662
30
0.0
0
SEQEND
0
POLYLINE
8
P00199
66
1
70
0
0
VERTEX
8
P00199
10
36.745332
20
234.187993
30
0.0
0
VERTEX
8
P00199
10
38.438666
20
234.187993
30
0.0
0
SEQEND
0
POLYLINE
8
P00200
66
1
70
0
0
VERTEX
8
P00200
10
36.745332
20
234.103325
30
0.0
0
VERTEX
8
P00200
10
38.438666
20
234.103325
30
0.0
0
SEQEND
0
POLYLINE
8
P00201
66
1
70
0
0
VERTEX
8
P00201
10
36.745332
20
234.018661
30
0.0
0
VERTEX
8
P00201
10
38.438666
20
234.018661
30
0.0
0
SEQEND
0
POLYLINE
8
P00202
66
1
70
0
0
VERTEX
8
P00202
10
36.829998
20
233.933993
30
0.0
0
VERTEX
8
P00202
10
38.354000
20
233.933993
30
0.0
0
SEQEND
0
POLYLINE
8
P00203
66
1
70
0
0
VERTEX
8
P00203
10
36.829998
20
233.849330
30
0.0
0
VERTEX
8
P00203
10
38.354000
20
233.849330
30
0.0
0
SEQEND
0
POLYLINE
8
P00204
66
1
70
0
0
VERTEX
8
P00204
10
36.829998
20
233.764661
30
0.0
0
VERTEX
8
P00204
10
38.354000
20
233.764661
30
0.0
0
SEQEND
0
POLYLINE
8
P00205
66
1
70
0
0
VERTEX
8
P00205
10
36.829998
20
233.679992
30
0.0
0
VERTEX
8
P00205
10
38.354000
20
233.679992
30
0.0
0
SEQEND
0
POLYLINE
8
P00206
66
1
70
0
0
VERTEX
8
P00206
10
36.829998
20
233.595329
30
0.0
0
VERTEX
8
P00206
10
38.354000
20
233.595329
30
0.0
0
SEQEND
0
POLYLINE
8
P00207
66
1
70
0
0
VERTEX
8
P00207
10
36.829998
20
233.510661
30
0.0
0
VERTEX
8
P00207
10
38.354000
20
233.510661
30
0.0
0
SEQEND
0
POLYLINE
8
P00208
66
1
70
0
0
VERTEX
8
P00208
10
36.829998
20
233.425992
30
0.0
0
VERTEX
8
P00208
10
38.354000
20
233.425992
30
0.0
0
SEQEND
0
POLYLINE
8
P00209
66
1
70
0
0
VERTEX
8
P00209
10
36.829998
20
233.341329
30
0.0
0
VERTEX
8
P00209
10
38.269332
20
233.341329
30
0.0
0
SEQEND
0
POLYLINE
8
P00210
66
1
70
0
0
VERTEX
8
P00210
10
36.914666
20
233.256660
30
0.0
0
VERTEX
8
P00210
10
38.269332
20
233.256660
30
0.0
0
SEQEND
0
POLYLINE
8
P00211
66
1
70
0
0
VERTEX
8
P00211
10
36.914666
20
233.171992
30
0.0
0
VERTEX
8
P00211
10
38.269332
20
233.171992
30
0.0
0
SEQEND
0
POLYLINE
8
P00212
66
1
70
0
0
VERTEX
8
P00212
10
36.999332
20
233.087328
30
0.0
0
VERTEX
8
P00212
10
38.184666
20
233.087328
30
0.0
0
SEQEND
0
POLYLINE
8
P00213
66
1
70
0
0
VERTEX
8
P00213
10
36.999332
20
233.002660
30
0.0
0
VERTEX
8
P00213
10
38.184666
20
233.002660
30
0.0
0
SEQEND
0
POLYLINE
8
P00214
66
1
70
0
0
VERTEX
8
P00214
10
37.083998
20
232.917991
30
0.0
0
VERTEX
8
P00214
10
38.184666
20
232.917991
30
0.0
0
SEQEND
0
POLYLINE
8
P00215
66
1
70
0
0
VERTEX
8
P00215
10
37.083998
20
232.833328
30
0.0
0
VERTEX
8
P00215
10
38.100000
20
232.833328
30
0.0
0
SEQEND
0
POLYLINE
8
P00216
66
1
70
0
0
VERTEX
8
P00216
10
37.083998
20
232.748659
30
0.0
0
VERTEX
8
P00216
10
38.100000
20
232.748659
30
0.0
0
SEQEND
0
POLYLINE
8
P00217
66
1
70
0
0
VERTEX
8
P00217
10
37.168667
20
232.663996
30
0.0
0
VERTEX
8
P00217
10
38.015331
20
232.663996
30
0.0
0
SEQEND
0
POLYLINE
8
P00218
66
1
70
0
0
VERTEX
8
P00218
10
37.168667
20
232.579328
30
0.0
0
VERTEX
8
P00218
10
38.015331
20
232.579328
30
0.0
0
SEQEND
0
POLYLINE
8
P00219
66
1
70
0
0
VERTEX
8
P00219
10
37.253333
20
232.494659
30
0.0
0
VERTEX
8
P00219
10
38.015331
20
232.494659
30
0.0
0
SEQEND
0
POLYLINE
8
P00220
66
1
70
0
0
VERTEX
8
P00220
10
37.253333
20
232.409996
30
0.0
0
VERTEX
8
P00220
10
37.930665
20
232.409996
30
0.0
0
SEQEND
0
POLYLINE
8
P00221
66
1
70
0
0
VERTEX
8
P00221
10
37.337999
20
232.325327
30
0.0
0
VERTEX
8
P00221
10
37.930665
20
232.325327
30
0.0
0
SEQEND
0
POLYLINE
8
P00222
66
1
70
0
0
VERTEX
8
P00222
10
37.337999
20
232.240658
30
0.0
0
VERTEX
8
P00222
10
37.930665
20
232.240658
30
0.0
0
SEQEND
0
POLYLINE
8
P00223
66
1
70
0
0
VERTEX
8
P00223
10
37.337999
20
232.155995
30
0.0
0
VERTEX
8
P00223
10
37.846000
20
232.155995
30
0.0
0
SEQEND
0
POLYLINE
8
P00224
66
1
70
0
0
VERTEX
8
P00224
10
37.422665
20
232.071327
30
0.0
0
VERTEX
8
P00224
10
37.846000
20
232.071327
30
0.0
0
SEQEND
0
POLYLINE
8
P00225
66
1
70
0
0
VERTEX
8
P00225
10
37.422665
20
231.986658
30
0.0
0
VERTEX
8
P00225
10
37.761334
20
231.986658
30
0.0
0
SEQEND
0
POLYLINE
8
P00226
66
1
70
0
0
VERTEX
8
P00226
10
37.507333
20
231.901995
30
0.0
0
VERTEX
8
P00226
10
37.761334
20
231.901995
30
0.0
0
SEQEND
0
POLYLINE
8
P00227
66
1
70
0
0
VERTEX
8
P00227
10
37.507333
20
231.817326
30
0.0
0
VERTEX
8
P00227
10
37.761334
20
231.817326
30
0.0
0
SEQEND
0
POLYLINE
8
P00228
66
1
70
0
0
VERTEX
8
P00228
10
37.591999
20
231.732663
30
0.0
0
VERTEX
8
P00228
10
37.676665
20
231.732663
30
0.0
0
SEQEND
0
POLYLINE
8
P00229
66
1
70
0
0
VERTEX
8
P00229
10
37.591999
20
231.647994
30
0.0
0
VERTEX
8
P00229
10
37.676665
20
231.647994
30
0.0
0
VERTEX
8
P00229
10
37.591999
20
231.647994
30
0.0
0
SEQEND
0
POLYLINE
8
P00230
66
1
70
0
0
VERTEX
8
P00230
10
37.591999
20
231.563326
30
0.0
0
VERTEX
8
P00230
10
36.576000
20
239.013996
30
0.0
0
VERTEX
8
P00230
10
37.591999
20
231.563326
30
0.0
0
SEQEND
0
POLYLINE
8
P00231
66
1
70
0
0
VERTEX
8
P00231
10
36.576000
20
239.013996
30
0.0
0
VERTEX
8
P00231
10
37.591999
20
238.336658
30
0.0
0
VERTEX
8
P00231
10
36.576000
20
239.013996
30
0.0
0
SEQEND
0
POLYLINE
8
P00232
66
1
70
0
0
VERTEX
8
P00232
10
37.591999
20
238.336658
30
0.0
0
VERTEX
8
P00232
10
38.523332
20
239.013996
30
0.0
0
VERTEX
8
P00232
10
37.591999
20
238.336658
30
0.0
0
SEQEND
0
POLYLINE
8
P00233
66
1
70
0
0
VERTEX
8
P00233
10
38.523332
20
239.013996
30
0.0
0
VERTEX
8
P00233
10
37.591999
20
231.563326
30
0.0
0
VERTEX
8
P00233
10
38.523332
20
239.013996
30
0.0
0
SEQEND
0
POLYLINE
8
P00234
66
1
70
0
0
VERTEX
8
P00234
10
36.660666
20
238.929328
30
0.0
0
VERTEX
8
P00234
10
36.745332
20
238.929328
30
0.0
0
SEQEND
0
POLYLINE
8
P00235
66
1
70
0
0
VERTEX
8
P00235
10
36.660666
20
238.844659
30
0.0
0
VERTEX
8
P00235
10
36.829998
20
238.844659
30
0.0
0
SEQEND
0
POLYLINE
8
P00236
66
1
70
0
0
VERTEX
8
P00236
10
36.660666
20
238.759996
30
0.0
0
VERTEX
8
P00236
10
36.999332
20
238.759996
30
0.0
0
SEQEND
0
POLYLINE
8
P00237
66
1
70
0
0
VERTEX
8
P00237
10
36.660666
20
238.675327
30
0.0
0
VERTEX
8
P00237
10
37.083998
20
238.675327
30
0.0
0
SEQEND
0
POLYLINE
8
P00238
66
1
70
0
0
VERTEX
8
P00238
10
36.660666
20
238.590658
30
0.0
0
VERTEX
8
P00238
10
37.253333
20
238.590658
30
0.0
0
SEQEND
0
POLYLINE
8
P00239
66
1
70
0
0
VERTEX
8
P00239
10
36.660666
20
238.505995
30
0.0
0
VERTEX
8
P00239
10
37.337999
20
238.505995
30
0.0
0
SEQEND
0
POLYLINE
8
P00240
66
1
70
0
0
VERTEX
8
P00240
10
36.660666
20
238.421327
30
0.0
0
VERTEX
8
P00240
10
37.507333
20
238.421327
30
0.0
0
SEQEND
0
POLYLINE
8
P00241
66
1
70
0
0
VERTEX
8
P00241
10
36.745332
20
238.336658
30
0.0
0
VERTEX
8
P00241
10
37.591999
20
238.336658
30
0.0
0
SEQEND
0
POLYLINE
8
P00242
66
1
70
0
0
VERTEX
8
P00242
10
36.745332
20
238.251995
30
0.0
0
VERTEX
8
P00242
10
37.591999
20
238.251995
30
0.0
0
SEQEND
0
POLYLINE
8
P00243
66
1
70
0
0
VERTEX
8
P00243
10
36.745332
20
238.167326
30
0.0
0
VERTEX
8
P00243
10
37.591999
20
238.167326
30
0.0
0
SEQEND
0
POLYLINE
8
P00244
66
1
70
0
0
VERTEX
8
P00244
10
36.745332
20
238.082658
30
0.0
0
VERTEX
8
P00244
10
37.591999
20
238.082658
30
0.0
0
SEQEND
0
POLYLINE
8
P00245
66
1
70
0
0
VERTEX
8
P00245
10
36.745332
20
237.997994
30
0.0
0
VERTEX
8
P00245
10
37.591999
20
237.997994
30
0.0
0
SEQEND
0
POLYLINE
8
P00246
66
1
70
0
0
VERTEX
8
P00246
10
36.745332
20
237.913326
30
0.0
0
VERTEX
8
P00246
10
37.591999
20
237.913326
30
0.0
0
SEQEND
0
POLYLINE
8
P00247
66
1
70
0
0
VERTEX
8
P00247
10
36.745332
20
237.828663
30
0.0
0
VERTEX
8
P00247
10
37.591999
20
237.828663
30
0.0
0
SEQEND
0
POLYLINE
8
P00248
66
1
70
0
0
VERTEX
8
P00248
10
36.829998
20
237.743994
30
0.0
0
VERTEX
8
P00248
10
37.591999
20
237.743994
30
0.0
0
SEQEND
0
POLYLINE
8
P00249
66
1
70
0
0
VERTEX
8
P00249
10
36.829998
20
237.659325
30
0.0
0
VERTEX
8
P00249
10
37.591999
20
237.659325
30
0.0
0
SEQEND
0
POLYLINE
8
P00250
66
1
70
0
0
VERTEX
8
P00250
10
36.829998
20
237.574662
30
0.0
0
VERTEX
8
P00250
10
37.591999
20
237.574662
30
0.0
0
SEQEND
0
POLYLINE
8
P00251
66
1
70
0
0
VERTEX
8
P00251
10
36.829998
20
237.489994
30
0.0
0
VERTEX
8
P00251
10
37.591999
20
237.489994
30
0.0
0
SEQEND
0
POLYLINE
8
P00252
66
1
70
0
0
VERTEX
8
P00252
10
36.829998
20
237.405325
30
0.0
0
VERTEX
8
P00252
10
37.591999
20
237.405325
30
0.0
0
SEQEND
0
POLYLINE
8
P00253
66
1
70
0
0
VERTEX
8
P00253
10
36.829998
20
237.320662
30
0.0
0
VERTEX
8
P00253
10
37.591999
20
237.320662
30
0.0
0
SEQEND
0
POLYLINE
8
P00254
66
1
70
0
0
VERTEX
8
P00254
10
36.829998
20
237.235993
30
0.0
0
VERTEX
8
P00254
10
37.591999
20
237.235993
30
0.0
0
SEQEND
0
POLYLINE
8
P00255
66
1
70
0
0
VERTEX
8
P00255
10
36.829998
20
237.151325
30
0.0
0
VERTEX
8
P00255
10
37.591999
20
237.151325
30
0.0
0
SEQEND
0
POLYLINE
8
P00256
66
1
70
0
0
VERTEX
8
P00256
10
36.914666
20
237.066661
30
0.0
0
VERTEX
8
P00256
10
37.591999
20
237.066661
30
0.0
0
SEQEND
0
POLYLINE
8
P00257
66
1
70
0
0
VERTEX
8
P00257
10
36.914666
20
236.981993
30
0.0
0
VERTEX
8
P00257
10
37.591999
20
236.981993
30
0.0
0
SEQEND
0
POLYLINE
8
P00258
66
1
70
0
0
VERTEX
8
P00258
10
36.914666
20
236.897329
30
0.0
0
VERTEX
8
P00258
10
37.591999
20
236.897329
30
0.0
0
SEQEND
0
POLYLINE
8
P00259
66
1
70
0
0
VERTEX
8
P00259
10
36.914666
20
236.812661
30
0.0
0
VERTEX
8
P00259
10
37.591999
20
236.812661
30
0.0
0
SEQEND
0
POLYLINE
8
P00260
66
1
70
0
0
VERTEX
8
P00260
10
36.914666
20
236.727992
30
0.0
0
VERTEX
8
P00260
10
37.591999
20
236.727992
30
0.0
0
SEQEND
0
POLYLINE
8
P00261
66
1
70
0
0
VERTEX
8
P00261
10
36.914666
20
236.643329
30
0.0
0
VERTEX
8
P00261
10
37.591999
20
236.643329
30
0.0
0
SEQEND
0
POLYLINE
8
P00262
66
1
70
0
0
VERTEX
8
P00262
10
36.914666
20
236.558660
30
0.0
0
VERTEX
8
P00262
10
37.591999
20
236.558660
30
0.0
0
SEQEND
0
POLYLINE
8
P00263
66
1
70
0
0
VERTEX
8
P00263
10
36.999332
20
236.473992
30
0.0
0
VERTEX
8
P00263
10
37.591999
20
236.473992
30
0.0
0
SEQEND
0
POLYLINE
8
P00264
66
1
70
0
0
VERTEX
8
P00264
10
36.999332
20
236.389329
30
0.0
0
VERTEX
8
P00264
10
37.591999
20
236.389329
30
0.0
0
SEQEND
0
POLYLINE
8
P00265
66
1
70
0
0
VERTEX
8
P00265
10
36.999332
20
236.304660
30
0.0
0
VERTEX
8
P00265
10
37.591999
20
236.304660
30
0.0
0
SEQEND
0
POLYLINE
8
P00266
66
1
70
0
0
VERTEX
8
P00266
10
36.999332
20
236.219991
30
0.0
0
VERTEX
8
P00266
10
37.591999
20
236.219991
30
0.0
0
SEQEND
0
POLYLINE
8
P00267
66
1
70
0
0
VERTEX
8
P00267
10
36.999332
20
236.135328
30
0.0
0
VERTEX
8
P00267
10
37.591999
20
236.135328
30
0.0
0
SEQEND
0
POLYLINE
8
P00268
66
1
70
0
0
VERTEX
8
P00268
10
36.999332
20
236.050660
30
0.0
0
VERTEX
8
P00268
10
37.591999
20
236.050660
30
0.0
0
SEQEND
0
POLYLINE
8
P00269
66
1
70
0
0
VERTEX
8
P00269
10
36.999332
20
235.965991
30
0.0
0
VERTEX
8
P00269
10
37.591999
20
235.965991
30
0.0
0
SEQEND
0
POLYLINE
8
P00270
66
1
70
0
0
VERTEX
8
P00270
10
37.083998
20
235.881328
30
0.0
0
VERTEX
8
P00270
10
37.591999
20
235.881328
30
0.0
0
SEQEND
0
POLYLINE
8
P00271
66
1
70
0
0
VERTEX
8
P00271
10
37.083998
20
235.796659
30
0.0
0
VERTEX
8
P00271
10
37.591999
20
235.796659
30
0.0
0
SEQEND
0
POLYLINE
8
P00272
66
1
70
0
0
VERTEX
8
P00272
10
37.083998
20
235.711996
30
0.0
0
VERTEX
8
P00272
10
37.591999
20
235.711996
30
0.0
0
SEQEND
0
POLYLINE
8
P00273
66
1
70
0
0
VERTEX
8
P00273
10
37.083998
20
235.627327
30
0.0
0
VERTEX
8
P00273
10
37.591999
20
235.627327
30
0.0
0
SEQEND
0
POLYLINE
8
P00274
66
1
70
0
0
VERTEX
8
P00274
10
37.083998
20
235.542659
30
0.0
0
VERTEX
8
P00274
10
37.591999
20
235.542659
30
0.0
0
SEQEND
0
POLYLINE
8
P00275
66
1
70
0
0
VERTEX
8
P00275
10
37.083998
20
235.457995
30
0.0
0
VERTEX
8
P00275
10
37.591999
20
235.457995
30
0.0
0
SEQEND
0
POLYLINE
8
P00276
66
1
70
0
0
VERTEX
8
P00276
10
37.083998
20
235.373327
30
0.0
0
VERTEX
8
P00276
10
37.591999
20
235.373327
30
0.0
0
SEQEND
0
POLYLINE
8
P00277
66
1
70
0
0
VERTEX
8
P00277
10
37.083998
20
235.288658
30
0.0
0
VERTEX
8
P00277
10
37.591999
20
235.288658
30
0.0
0
SEQEND
0
POLYLINE
8
P00278
66
1
70
0
0
VERTEX
8
P00278
10
37.168667
20
235.203995
30
0.0
0
VERTEX
8
P00278
10
37.591999
20
235.203995
30
0.0
0
SEQEND
0
POLYLINE
8
P00279
66
1
70
0
0
VERTEX
8
P00279
10
37.168667
20
235.119326
30
0.0
0
VERTEX
8
P00279
10
37.591999
20
235.119326
30
0.0
0
SEQEND
0
POLYLINE
8
P00280
66
1
70
0
0
VERTEX
8
P00280
10
37.168667
20
235.034658
30
0.0
0
VERTEX
8
P00280
10
37.591999
20
235.034658
30
0.0
0
SEQEND
0
POLYLINE
8
P00281
66
1
70
0
0
VERTEX
8
P00281
10
37.168667
20
234.949995
30
0.0
0
VERTEX
8
P00281
10
37.591999
20
234.949995
30
0.0
0
SEQEND
0
POLYLINE
8
P00282
66
1
70
0
0
VERTEX
8
P00282
10
37.168667
20
234.865326
30
0.0
0
VERTEX
8
P00282
10
37.591999
20
234.865326
30
0.0
0
SEQEND
0
POLYLINE
8
P00283
66
1
70
0
0
VERTEX
8
P00283
10
37.168667
20
234.780663
30
0.0
0
VERTEX
8
P00283
10
37.591999
20
234.780663
30
0.0
0
SEQEND
0
POLYLINE
8
P00284
66
1
70
0
0
VERTEX
8
P00284
10
37.168667
20
234.695994
30
0.0
0
VERTEX
8
P00284
10
37.591999
20
234.695994
30
0.0
0
SEQEND
0
POLYLINE
8
P00285
66
1
70
0
0
VERTEX
8
P00285
10
37.253333
20
234.611326
30
0.0
0
VERTEX
8
P00285
10
37.591999
20
234.611326
30
0.0
0
SEQEND
0
POLYLINE
8
P00286
66
1
70
0
0
VERTEX
8
P00286
10
37.253333
20
234.526662
30
0.0
0
VERTEX
8
P00286
10
37.591999
20
234.526662
30
0.0
0
SEQEND
0
POLYLINE
8
P00287
66
1
70
0
0
VERTEX
8
P00287
10
37.253333
20
234.441994
30
0.0
0
VERTEX
8
P00287
10
37.591999
20
234.441994
30
0.0
0
SEQEND
0
POLYLINE
8
P00288
66
1
70
0
0
VERTEX
8
P00288
10
37.253333
20
234.357325
30
0.0
0
VERTEX
8
P00288
10
37.591999
20
234.357325
30
0.0
0
SEQEND
0
POLYLINE
8
P00289
66
1
70
0
0
VERTEX
8
P00289
10
37.253333
20
234.272662
30
0.0
0
VERTEX
8
P00289
10
37.591999
20
234.272662
30
0.0
0
SEQEND
0
POLYLINE
8
P00290
66
1
70
0
0
VERTEX
8
P00290
10
37.253333
20
234.187993
30
0.0
0
VERTEX
8
P00290
10
37.591999
20
234.187993
30
0.0
0
SEQEND
0
POLYLINE
8
P00291
66
1
70
0
0
VERTEX
8
P00291
10
37.253333
20
234.103325
30
0.0
0
VERTEX
8
P00291
10
37.591999
20
234.103325
30
0.0
0
SEQEND
0
POLYLINE
8
P00292
66
1
70
0
0
VERTEX
8
P00292
10
37.337999
20
234.018661
30
0.0
0
VERTEX
8
P00292
10
37.591999
20
234.018661
30
0.0
0
SEQEND
0
POLYLINE
8
P00293
66
1
70
0
0
VERTEX
8
P00293
10
37.337999
20
233.933993
30
0.0
0
VERTEX
8
P00293
10
37.591999
20
233.933993
30
0.0
0
SEQEND
0
POLYLINE
8
P00294
66
1
70
0
0
VERTEX
8
P00294
10
37.337999
20
233.849330
30
0.0
0
VERTEX
8
P00294
10
37.591999
20
233.849330
30
0.0
0
SEQEND
0
POLYLINE
8
P00295
66
1
70
0
0
VERTEX
8
P00295
10
37.337999
20
233.764661
30
0.0
0
VERTEX
8
P00295
10
37.591999
20
233.764661
30
0.0
0
SEQEND
0
POLYLINE
8
P00296
66
1
70
0
0
VERTEX
8
P00296
10
37.337999
20
233.679992
30
0.0
0
VERTEX
8
P00296
10
37.591999
20
233.679992
30
0.0
0
SEQEND
0
POLYLINE
8
P00297
66
1
70
0
0
VERTEX
8
P00297
10
37.337999
20
233.595329
30
0.0
0
VERTEX
8
P00297
10
37.591999
20
233.595329
30
0.0
0
SEQEND
0
POLYLINE
8
P00298
66
1
70
0
0
VERTEX
8
P00298
10
37.337999
20
233.510661
30
0.0
0
VERTEX
8
P00298
10
37.591999
20
233.510661
30
0.0
0
SEQEND
0
POLYLINE
8
P00299
66
1
70
0
0
VERTEX
8
P00299
10
37.337999
20
233.425992
30
0.0
0
VERTEX
8
P00299
10
37.591999
20
233.425992
30
0.0
0
SEQEND
0
POLYLINE
8
P00300
66
1
70
0
0
VERTEX
8
P00300
10
37.422665
20
233.341329
30
0.0
0
VERTEX
8
P00300
10
37.591999
20
233.341329
30
0.0
0
SEQEND
0
POLYLINE
8
P00301
66
1
70
0
0
VERTEX
8
P00301
10
37.422665
20
233.256660
30
0.0
0
VERTEX
8
P00301
10
37.591999
20
233.256660
30
0.0
0
SEQEND
0
POLYLINE
8
P00302
66
1
70
0
0
VERTEX
8
P00302
10
37.422665
20
233.171992
30
0.0
0
VERTEX
8
P00302
10
37.591999
20
233.171992
30
0.0
0
SEQEND
0
POLYLINE
8
P00303
66
1
70
0
0
VERTEX
8
P00303
10
37.422665
20
233.087328
30
0.0
0
VERTEX
8
P00303
10
37.591999
20
233.087328
30
0.0
0
SEQEND
0
POLYLINE
8
P00304
66
1
70
0
0
VERTEX
8
P00304
10
37.422665
20
233.002660
30
0.0
0
VERTEX
8
P00304
10
37.591999
20
233.002660
30
0.0
0
SEQEND
0
POLYLINE
8
P00305
66
1
70
0
0
VERTEX
8
P00305
10
37.422665
20
232.917991
30
0.0
0
VERTEX
8
P00305
10
37.591999
20
232.917991
30
0.0
0
SEQEND
0
POLYLINE
8
P00306
66
1
70
0
0
VERTEX
8
P00306
10
37.422665
20
232.833328
30
0.0
0
VERTEX
8
P00306
10
37.591999
20
232.833328
30
0.0
0
SEQEND
0
POLYLINE
8
P00307
66
1
70
0
0
VERTEX
8
P00307
10
37.507333
20
232.748659
30
0.0
0
VERTEX
8
P00307
10
37.591999
20
232.748659
30
0.0
0
SEQEND
0
POLYLINE
8
P00308
66
1
70
0
0
VERTEX
8
P00308
10
37.507333
20
232.663996
30
0.0
0
VERTEX
8
P00308
10
37.591999
20
232.663996
30
0.0
0
SEQEND
0
POLYLINE
8
P00309
66
1
70
0
0
VERTEX
8
P00309
10
37.507333
20
232.579328
30
0.0
0
VERTEX
8
P00309
10
37.591999
20
232.579328
30
0.0
0
SEQEND
0
POLYLINE
8
P00310
66
1
70
0
0
VERTEX
8
P00310
10
37.507333
20
232.494659
30
0.0
0
VERTEX
8
P00310
10
37.591999
20
232.494659
30
0.0
0
SEQEND
0
POLYLINE
8
P00311
66
1
70
0
0
VERTEX
8
P00311
10
37.507333
20
232.409996
30
0.0
0
VERTEX
8
P00311
10
37.591999
20
232.409996
30
0.0
0
SEQEND
0
POLYLINE
8
P00312
66
1
70
0
0
VERTEX
8
P00312
10
37.507333
20
232.325327
30
0.0
0
VERTEX
8
P00312
10
37.591999
20
232.325327
30
0.0
0
SEQEND
0
POLYLINE
8
P00313
66
1
70
0
0
VERTEX
8
P00313
10
37.507333
20
232.240658
30
0.0
0
VERTEX
8
P00313
10
37.591999
20
232.240658
30
0.0
0
VERTEX
8
P00313
10
37.507333
20
232.240658
30
0.0
0
SEQEND
0
POLYLINE
8
P00314
66
1
70
0
0
VERTEX
8
P00314
10
38.438666
20
238.929328
30
0.0
0
VERTEX
8
P00314
10
38.523332
20
238.929328
30
0.0
0
SEQEND
0
POLYLINE
8
P00315
66
1
70
0
0
VERTEX
8
P00315
10
38.354000
20
238.844659
30
0.0
0
VERTEX
8
P00315
10
38.523332
20
238.844659
30
0.0
0
SEQEND
0
POLYLINE
8
P00316
66
1
70
0
0
VERTEX
8
P00316
10
38.184666
20
238.759996
30
0.0
0
VERTEX
8
P00316
10
38.523332
20
238.759996
30
0.0
0
SEQEND
0
POLYLINE
8
P00317
66
1
70
0
0
VERTEX
8
P00317
10
38.100000
20
238.675327
30
0.0
0
VERTEX
8
P00317
10
38.523332
20
238.675327
30
0.0
0
SEQEND
0
POLYLINE
8
P00318
66
1
70
0
0
VERTEX
8
P00318
10
38.015331
20
238.590658
30
0.0
0
VERTEX
8
P00318
10
38.523332
20
238.590658
30
0.0
0
SEQEND
0
POLYLINE
8
P00319
66
1
70
0
0
VERTEX
8
P00319
10
37.846000
20
238.505995
30
0.0
0
VERTEX
8
P00319
10
38.523332
20
238.505995
30
0.0
0
SEQEND
0
POLYLINE
8
P00320
66
1
70
0
0
VERTEX
8
P00320
10
37.761334
20
238.421327
30
0.0
0
VERTEX
8
P00320
10
38.523332
20
238.421327
30
0.0
0
SEQEND
0
POLYLINE
8
P00321
66
1
70
0
0
VERTEX
8
P00321
10
37.591999
20
238.336658
30
0.0
0
VERTEX
8
P00321
10
38.438666
20
238.336658
30
0.0
0
SEQEND
0
POLYLINE
8
P00322
66
1
70
0
0
VERTEX
8
P00322
10
37.591999
20
238.251995
30
0.0
0
VERTEX
8
P00322
10
38.438666
20
238.251995
30
0.0
0
SEQEND
0
POLYLINE
8
P00323
66
1
70
0
0
VERTEX
8
P00323
10
37.591999
20
238.167326
30
0.0
0
VERTEX
8
P00323
10
38.438666
20
238.167326
30
0.0
0
SEQEND
0
POLYLINE
8
P00324
66
1
70
0
0
VERTEX
8
P00324
10
37.591999
20
238.082658
30
0.0
0
VERTEX
8
P00324
10
38.438666
20
238.082658
30
0.0
0
SEQEND
0
POLYLINE
8
P00325
66
1
70
0
0
VERTEX
8
P00325
10
37.591999
20
237.997994
30
0.0
0
VERTEX
8
P00325
10
38.438666
20
237.997994
30
0.0
0
SEQEND
0
POLYLINE
8
P00326
66
1
70
0
0
VERTEX
8
P00326
10
37.591999
20
237.913326
30
0.0
0
VERTEX
8
P00326
10
38.438666
20
237.913326
30
0.0
0
SEQEND
0
POLYLINE
8
P00327
66
1
70
0
0
VERTEX
8
P00327
10
37.591999
20
237.828663
30
0.0
0
VERTEX
8
P00327
10
38.438666
20
237.828663
30
0.0
0
SEQEND
0
POLYLINE
8
P00328
66
1
70
0
0
VERTEX
8
P00328
10
37.591999
20
237.743994
30
0.0
0
VERTEX
8
P00328
10
38.438666
20
237.743994
30
0.0
0
SEQEND
0
POLYLINE
8
P00329
66
1
70
0
0
VERTEX
8
P00329
10
37.591999
20
237.659325
30
0.0
0
VERTEX
8
P00329
10
38.354000
20
237.659325
30
0.0
0
SEQEND
0
POLYLINE
8
P00330
66
1
70
0
0
VERTEX
8
P00330
10
37.591999
20
237.574662
30
0.0
0
VERTEX
8
P00330
10
38.354000
20
237.574662
30
0.0
0
SEQEND
0
POLYLINE
8
P00331
66
1
70
0
0
VERTEX
8
P00331
10
37.591999
20
237.489994
30
0.0
0
VERTEX
8
P00331
10
38.354000
20
237.489994
30
0.0
0
SEQEND
0
POLYLINE
8
P00332
66
1
70
0
0
VERTEX
8
P00332
10
37.591999
20
237.405325
30
0.0
0
VERTEX
8
P00332
10
38.354000
20
237.405325
30
0.0
0
SEQEND
0
POLYLINE
8
P00333
66
1
70
0
0
VERTEX
8
P00333
10
37.591999
20
237.320662
30
0.0
0
VERTEX
8
P00333
10
38.354000
20
237.320662
30
0.0
0
SEQEND
0
POLYLINE
8
P00334
66
1
70
0
0
VERTEX
8
P00334
10
37.591999
20
237.235993
30
0.0
0
VERTEX
8
P00334
10
38.354000
20
237.235993
30
0.0
0
SEQEND
0
POLYLINE
8
P00335
66
1
70
0
0
VERTEX
8
P00335
10
37.591999
20
237.151325
30
0.0
0
VERTEX
8
P00335
10
38.354000
20
237.151325
30
0.0
0
SEQEND
0
POLYLINE
8
P00336
66
1
70
0
0
VERTEX
8
P00336
10
37.591999
20
237.066661
30
0.0
0
VERTEX
8
P00336
10
38.354000
20
237.066661
30
0.0
0
SEQEND
0
POLYLINE
8
P00337
66
1
70
0
0
VERTEX
8
P00337
10
37.591999
20
236.981993
30
0.0
0
VERTEX
8
P00337
10
38.269332
20
236.981993
30
0.0
0
SEQEND
0
POLYLINE
8
P00338
66
1
70
0
0
VERTEX
8
P00338
10
37.591999
20
236.897329
30
0.0
0
VERTEX
8
P00338
10
38.269332
20
236.897329
30
0.0
0
SEQEND
0
POLYLINE
8
P00339
66
1
70
0
0
VERTEX
8
P00339
10
37.591999
20
236.812661
30
0.0
0
VERTEX
8
P00339
10
38.269332
20
236.812661
30
0.0
0
SEQEND
0
POLYLINE
8
P00340
66
1
70
0
0
VERTEX
8
P00340
10
37.591999
20
236.727992
30
0.0
0
VERTEX
8
P00340
10
38.269332
20
236.727992
30
0.0
0
SEQEND
0
POLYLINE
8
P00341
66
1
70
0
0
VERTEX
8
P00341
10
37.591999
20
236.643329
30
0.0
0
VERTEX
8
P00341
10
38.269332
20
236.643329
30
0.0
0
SEQEND
0
POLYLINE
8
P00342
66
1
70
0
0
VERTEX
8
P00342
10
37.591999
20
236.558660
30
0.0
0
VERTEX
8
P00342
10
38.269332
20
236.558660
30
0.0
0
SEQEND
0
POLYLINE
8
P00343
66
1
70
0
0
VERTEX
8
P00343
10
37.591999
20
236.473992
30
0.0
0
VERTEX
8
P00343
10
38.269332
20
236.473992
30
0.0
0
SEQEND
0
POLYLINE
8
P00344
66
1
70
0
0
VERTEX
8
P00344
10
37.591999
20
236.389329
30
0.0
0
VERTEX
8
P00344
10
38.269332
20
236.389329
30
0.0
0
SEQEND
0
POLYLINE
8
P00345
66
1
70
0
0
VERTEX
8
P00345
10
37.591999
20
236.304660
30
0.0
0
VERTEX
8
P00345
10
38.184666
20
236.304660
30
0.0
0
SEQEND
0
POLYLINE
8
P00346
66
1
70
0
0
VERTEX
8
P00346
10
37.591999
20
236.219991
30
0.0
0
VERTEX
8
P00346
10
38.184666
20
236.219991
30
0.0
0
SEQEND
0
POLYLINE
8
P00347
66
1
70
0
0
VERTEX
8
P00347
10
37.591999
20
236.135328
30
0.0
0
VERTEX
8
P00347
10
38.184666
20
236.135328
30
0.0
0
SEQEND
0
POLYLINE
8
P00348
66
1
70
0
0
VERTEX
8
P00348
10
37.591999
20
236.050660
30
0.0
0
VERTEX
8
P00348
10
38.184666
20
236.050660
30
0.0
0
SEQEND
0
POLYLINE
8
P00349
66
1
70
0
0
VERTEX
8
P00349
10
37.591999
20
235.965991
30
0.0
0
VERTEX
8
P00349
10
38.184666
20
235.965991
30
0.0
0
SEQEND
0
POLYLINE
8
P00350
66
1
70
0
0
VERTEX
8
P00350
10
37.591999
20
235.881328
30
0.0
0
VERTEX
8
P00350
10
38.184666
20
235.881328
30
0.0
0
SEQEND
0
POLYLINE
8
P00351
66
1
70
0
0
VERTEX
8
P00351
10
37.591999
20
235.796659
30
0.0
0
VERTEX
8
P00351
10
38.184666
20
235.796659
30
0.0
0
SEQEND
0
POLYLINE
8
P00352
66
1
70
0
0
VERTEX
8
P00352
10
37.591999
20
235.711996
30
0.0
0
VERTEX
8
P00352
10
38.184666
20
235.711996
30
0.0
0
SEQEND
0
POLYLINE
8
P00353
66
1
70
0
0
VERTEX
8
P00353
10
37.591999
20
235.627327
30
0.0
0
VERTEX
8
P00353
10
38.100000
20
235.627327
30
0.0
0
SEQEND
0
POLYLINE
8
P00354
66
1
70
0
0
VERTEX
8
P00354
10
37.591999
20
235.542659
30
0.0
0
VERTEX
8
P00354
10
38.100000
20
235.542659
30
0.0
0
SEQEND
0
POLYLINE
8
P00355
66
1
70
0
0
VERTEX
8
P00355
10
37.591999
20
235.457995
30
0.0
0
VERTEX
8
P00355
10
38.100000
20
235.457995
30
0.0
0
SEQEND
0
POLYLINE
8
P00356
66
1
70
0
0
VERTEX
8
P00356
10
37.591999
20
235.373327
30
0.0
0
VERTEX
8
P00356
10
38.100000
20
235.373327
30
0.0
0
SEQEND
0
POLYLINE
8
P00357
66
1
70
0
0
VERTEX
8
P00357
10
37.591999
20
235.288658
30
0.0
0
VERTEX
8
P00357
10
38.100000
20
235.288658
30
0.0
0
SEQEND
0
POLYLINE
8
P00358
66
1
70
0
0
VERTEX
8
P00358
10
37.591999
20
235.203995
30
0.0
0
VERTEX
8
P00358
10
38.100000
20
235.203995
30
0.0
0
SEQEND
0
POLYLINE
8
P00359
66
1
70
0
0
VERTEX
8
P00359
10
37.591999
20
235.119326
30
0.0
0
VERTEX
8
P00359
10
38.100000
20
235.119326
30
0.0
0
SEQEND
0
POLYLINE
8
P00360
66
1
70
0
0
VERTEX
8
P00360
10
37.591999
20
235.034658
30
0.0
0
VERTEX
8
P00360
10
38.100000
20
235.034658
30
0.0
0
SEQEND
0
POLYLINE
8
P00361
66
1
70
0
0
VERTEX
8
P00361
10
37.591999
20
234.949995
30
0.0
0
VERTEX
8
P00361
10
38.015331
20
234.949995
30
0.0
0
SEQEND
0
POLYLINE
8
P00362
66
1
70
0
0
VERTEX
8
P00362
10
37.591999
20
234.865326
30
0.0
0
VERTEX
8
P00362
10
38.015331
20
234.865326
30
0.0
0
SEQEND
0
POLYLINE
8
P00363
66
1
70
0
0
VERTEX
8
P00363
10
37.591999
20
234.780663
30
0.0
0
VERTEX
8
P00363
10
38.015331
20
234.780663
30
0.0
0
SEQEND
0
POLYLINE
8
P00364
66
1
70
0
0
VERTEX
8
P00364
10
37.591999
20
234.695994
30
0.0
0
VERTEX
8
P00364
10
38.015331
20
234.695994
30
0.0
0
SEQEND
0
POLYLINE
8
P00365
66
1
70
0
0
VERTEX
8
P00365
10
37.591999
20
234.611326
30
0.0
0
VERTEX
8
P00365
10
38.015331
20
234.611326
30
0.0
0
SEQEND
0
POLYLINE
8
P00366
66
1
70
0
0
VERTEX
8
P00366
10
37.591999
20
234.526662
30
0.0
0
VERTEX
8
P00366
10
38.015331
20
234.526662
30
0.0
0
SEQEND
0
POLYLINE
8
P00367
66
1
70
0
0
VERTEX
8
P00367
10
37.591999
20
234.441994
30
0.0
0
VERTEX
8
P00367
10
38.015331
20
234.441994
30
0.0
0
SEQEND
0
POLYLINE
8
P00368
66
1
70
0
0
VERTEX
8
P00368
10
37.591999
20
234.357325
30
0.0
0
VERTEX
8
P00368
10
38.015331
20
234.357325
30
0.0
0
SEQEND
0
POLYLINE
8
P00369
66
1
70
0
0
VERTEX
8
P00369
10
37.591999
20
234.272662
30
0.0
0
VERTEX
8
P00369
10
37.930665
20
234.272662
30
0.0
0
SEQEND
0
POLYLINE
8
P00370
66
1
70
0
0
VERTEX
8
P00370
10
37.591999
20
234.187993
30
0.0
0
VERTEX
8
P00370
10
37.930665
20
234.187993
30
0.0
0
SEQEND
0
POLYLINE
8
P00371
66
1
70
0
0
VERTEX
8
P00371
10
37.591999
20
234.103325
30
0.0
0
VERTEX
8
P00371
10
37.930665
20
234.103325
30
0.0
0
SEQEND
0
POLYLINE
8
P00372
66
1
70
0
0
VERTEX
8
P00372
10
37.591999
20
234.018661
30
0.0
0
VERTEX
8
P00372
10
37.930665
20
234.018661
30
0.0
0
SEQEND
0
POLYLINE
8
P00373
66
1
70
0
0
VERTEX
8
P00373
10
37.591999
20
233.933993
30
0.0
0
VERTEX
8
P00373
10
37.930665
20
233.933993
30
0.0
0
SEQEND
0
POLYLINE
8
P00374
66
1
70
0
0
VERTEX
8
P00374
10
37.591999
20
233.849330
30
0.0
0
VERTEX
8
P00374
10
37.930665
20
233.849330
30
0.0
0
SEQEND
0
POLYLINE
8
P00375
66
1
70
0
0
VERTEX
8
P00375
10
37.591999
20
233.764661
30
0.0
0
VERTEX
8
P00375
10
37.930665
20
233.764661
30
0.0
0
SEQEND
0
POLYLINE
8
P00376
66
1
70
0
0
VERTEX
8
P00376
10
37.591999
20
233.679992
30
0.0
0
VERTEX
8
P00376
10
37.930665
20
233.679992
30
0.0
0
SEQEND
0
POLYLINE
8
P00377
66
1
70
0
0
VERTEX
8
P00377
10
37.591999
20
233.595329
30
0.0
0
VERTEX
8
P00377
10
37.846000
20
233.595329
30
0.0
0
SEQEND
0
POLYLINE
8
P00378
66
1
70
0
0
VERTEX
8
P00378
10
37.591999
20
233.510661
30
0.0
0
VERTEX
8
P00378
10
37.846000
20
233.510661
30
0.0
0
SEQEND
0
POLYLINE
8
P00379
66
1
70
0
0
VERTEX
8
P00379
10
37.591999
20
233.425992
30
0.0
0
VERTEX
8
P00379
10
37.846000
20
233.425992
30
0.0
0
SEQEND
0
POLYLINE
8
P00380
66
1
70
0
0
VERTEX
8
P00380
10
37.591999
20
233.341329
30
0.0
0
VERTEX
8
P00380
10
37.846000
20
233.341329
30
0.0
0
SEQEND
0
POLYLINE
8
P00381
66
1
70
0
0
VERTEX
8
P00381
10
37.591999
20
233.256660
30
0.0
0
VERTEX
8
P00381
10
37.846000
20
233.256660
30
0.0
0
SEQEND
0
POLYLINE
8
P00382
66
1
70
0
0
VERTEX
8
P00382
10
37.591999
20
233.171992
30
0.0
0
VERTEX
8
P00382
10
37.846000
20
233.171992
30
0.0
0
SEQEND
0
POLYLINE
8
P00383
66
1
70
0
0
VERTEX
8
P00383
10
37.591999
20
233.087328
30
0.0
0
VERTEX
8
P00383
10
37.846000
20
233.087328
30
0.0
0
SEQEND
0
POLYLINE
8
P00384
66
1
70
0
0
VERTEX
8
P00384
10
37.591999
20
233.002660
30
0.0
0
VERTEX
8
P00384
10
37.846000
20
233.002660
30
0.0
0
SEQEND
0
POLYLINE
8
P00385
66
1
70
0
0
VERTEX
8
P00385
10
37.591999
20
232.917991
30
0.0
0
VERTEX
8
P00385
10
37.761334
20
232.917991
30
0.0
0
SEQEND
0
POLYLINE
8
P00386
66
1
70
0
0
VERTEX
8
P00386
10
37.591999
20
232.833328
30
0.0
0
VERTEX
8
P00386
10
37.761334
20
232.833328
30
0.0
0
SEQEND
0
POLYLINE
8
P00387
66
1
70
0
0
VERTEX
8
P00387
10
37.591999
20
232.748659
30
0.0
0
VERTEX
8
P00387
10
37.761334
20
232.748659
30
0.0
0
SEQEND
0
POLYLINE
8
P00388
66
1
70
0
0
VERTEX
8
P00388
10
37.591999
20
232.663996
30
0.0
0
VERTEX
8
P00388
10
37.761334
20
232.663996
30
0.0
0
SEQEND
0
POLYLINE
8
P00389
66
1
70
0
0
VERTEX
8
P00389
10
37.591999
20
232.579328
30
0.0
0
VERTEX
8
P00389
10
37.761334
20
232.579328
30
0.0
0
SEQEND
0
POLYLINE
8
P00390
66
1
70
0
0
VERTEX
8
P00390
10
37.591999
20
232.494659
30
0.0
0
VERTEX
8
P00390
10
37.761334
20
232.494659
30
0.0
0
SEQEND
0
POLYLINE
8
P00391
66
1
70
0
0
VERTEX
8
P00391
10
37.591999
20
232.409996
30
0.0
0
VERTEX
8
P00391
10
37.761334
20
232.409996
30
0.0
0
SEQEND
0
POLYLINE
8
P00392
66
1
70
0
0
VERTEX
8
P00392
10
37.591999
20
232.325327
30
0.0
0
VERTEX
8
P00392
10
37.761334
20
232.325327
30
0.0
0
SEQEND
0
POLYLINE
8
P00393
66
1
70
0
0
VERTEX
8
P00393
10
37.591999
20
232.240658
30
0.0
0
VERTEX
8
P00393
10
37.676665
20
232.240658
30
0.0
0
SEQEND
0
POLYLINE
8
P00394
66
1
70
0
0
VERTEX
8
P00394
10
37.591999
20
232.155995
30
0.0
0
VERTEX
8
P00394
10
37.676665
20
232.155995
30
0.0
0
SEQEND
0
POLYLINE
8
P00395
66
1
70
0
0
VERTEX
8
P00395
10
37.591999
20
232.071327
30
0.0
0
VERTEX
8
P00395
10
37.676665
20
232.071327
30
0.0
0
SEQEND
0
POLYLINE
8
P00396
66
1
70
0
0
VERTEX
8
P00396
10
37.591999
20
231.986658
30
0.0
0
VERTEX
8
P00396
10
37.676665
20
231.986658
30
0.0
0
SEQEND
0
POLYLINE
8
P00397
66
1
70
0
0
VERTEX
8
P00397
10
37.591999
20
231.901995
30
0.0
0
VERTEX
8
P00397
10
37.676665
20
231.901995
30
0.0
0
SEQEND
0
POLYLINE
8
P00398
66
1
70
0
0
VERTEX
8
P00398
10
37.591999
20
231.817326
30
0.0
0
VERTEX
8
P00398
10
37.676665
20
231.817326
30
0.0
0
SEQEND
0
POLYLINE
8
P00399
66
1
70
0
0
VERTEX
8
P00399
10
37.591999
20
231.732663
30
0.0
0
VERTEX
8
P00399
10
37.676665
20
231.732663
30
0.0
0
SEQEND
0
POLYLINE
8
P00400
66
1
70
0
0
VERTEX
8
P00400
10
37.591999
20
231.647994
30
0.0
0
VERTEX
8
P00400
10
37.676665
20
231.647994
30
0.0
0
VERTEX
8
P00400
10
37.591999
20
231.647994
30
0.0
0
SEQEND
0
POLYLINE
8
P00401
66
1
70
0
0
VERTEX
8
P00401
10
37.591999
20
246.549324
30
0.0
0
VERTEX
8
P00401
10
37.591999
20
231.563326
30
0.0
0
VERTEX
8
P00401
10
37.591999
20
246.549324
30
0.0
0
SEQEND
0
POLYLINE
8
P00402
66
1
70
0
0
VERTEX
8
P00402
10
193.971321
20
239.521992
30
0.0
0
VERTEX
8
P00402
10
197.103990
20
239.521992
30
0.0
0
SEQEND
0
POLYLINE
8
P00403
66
1
70
0
0
VERTEX
8
P00403
10
194.056006
20
239.437328
30
0.0
0
VERTEX
8
P00403
10
197.103990
20
239.437328
30
0.0
0
SEQEND
0
POLYLINE
8
P00404
66
1
70
0
0
VERTEX
8
P00404
10
194.056006
20
239.352660
30
0.0
0
VERTEX
8
P00404
10
197.103990
20
239.352660
30
0.0
0
SEQEND
0
POLYLINE
8
P00405
66
1
70
0
0
VERTEX
8
P00405
10
194.056006
20
239.267991
30
0.0
0
VERTEX
8
P00405
10
197.103990
20
239.267991
30
0.0
0
SEQEND
0
POLYLINE
8
P00406
66
1
70
0
0
VERTEX
8
P00406
10
194.056006
20
239.183328
30
0.0
0
VERTEX
8
P00406
10
197.103990
20
239.183328
30
0.0
0
SEQEND
0
POLYLINE
8
P00407
66
1
70
0
0
VERTEX
8
P00407
10
194.056006
20
239.098659
30
0.0
0
VERTEX
8
P00407
10
197.103990
20
239.098659
30
0.0
0
SEQEND
0
POLYLINE
8
P00408
66
1
70
0
0
VERTEX
8
P00408
10
194.056006
20
239.013996
30
0.0
0
VERTEX
8
P00408
10
197.103990
20
239.013996
30
0.0
0
SEQEND
0
POLYLINE
8
P00409
66
1
70
0
0
VERTEX
8
P00409
10
194.056006
20
238.929328
30
0.0
0
VERTEX
8
P00409
10
197.103990
20
238.929328
30
0.0
0
SEQEND
0
POLYLINE
8
P00410
66
1
70
0
0
VERTEX
8
P00410
10
194.140669
20
238.844659
30
0.0
0
VERTEX
8
P00410
10
197.103990
20
238.844659
30
0.0
0
SEQEND
0
POLYLINE
8
P00411
66
1
70
0
0
VERTEX
8
P00411
10
194.140669
20
238.759996
30
0.0
0
VERTEX
8
P00411
10
197.019326
20
238.759996
30
0.0
0
SEQEND
0
POLYLINE
8
P00412
66
1
70
0
0
VERTEX
8
P00412
10
194.140669
20
238.675327
30
0.0
0
VERTEX
8
P00412
10
197.019326
20
238.675327
30
0.0
0
SEQEND
0
POLYLINE
8
P00413
66
1
70
0
0
VERTEX
8
P00413
10
194.140669
20
238.590658
30
0.0
0
VERTEX
8
P00413
10
197.019326
20
238.590658
30
0.0
0
SEQEND
0
POLYLINE
8
P00414
66
1
70
0
0
VERTEX
8
P00414
10
194.140669
20
238.505995
30
0.0
0
VERTEX
8
P00414
10
197.019326
20
238.505995
30
0.0
0
SEQEND
0
POLYLINE
8
P00415
66
1
70
0
0
VERTEX
8
P00415
10
194.140669
20
238.421327
30
0.0
0
VERTEX
8
P00415
10
197.019326
20
238.421327
30
0.0
0
SEQEND
0
POLYLINE
8
P00416
66
1
70
0
0
VERTEX
8
P00416
10
194.140669
20
238.336658
30
0.0
0
VERTEX
8
P00416
10
197.019326
20
238.336658
30
0.0
0
SEQEND
0
POLYLINE
8
P00417
66
1
70
0
0
VERTEX
8
P00417
10
194.225332
20
238.251995
30
0.0
0
VERTEX
8
P00417
10
197.019326
20
238.251995
30
0.0
0
SEQEND
0
POLYLINE
8
P00418
66
1
70
0
0
VERTEX
8
P00418
10
194.225332
20
238.167326
30
0.0
0
VERTEX
8
P00418
10
197.019326
20
238.167326
30
0.0
0
SEQEND
0
POLYLINE
8
P00419
66
1
70
0
0
VERTEX
8
P00419
10
194.225332
20
238.082658
30
0.0
0
VERTEX
8
P00419
10
196.934663
20
238.082658
30
0.0
0
SEQEND
0
POLYLINE
8
P00420
66
1
70
0
0
VERTEX
8
P00420
10
194.225332
20
237.997994
30
0.0
0
VERTEX
8
P00420
10
196.934663
20
237.997994
30
0.0
0
SEQEND
0
POLYLINE
8
P00421
66
1
70
0
0
VERTEX
8
P00421
10
194.225332
20
237.913326
30
0.0
0
VERTEX
8
P00421
10
196.934663
20
237.913326
30
0.0
0
SEQEND
0
POLYLINE
8
P00422
66
1
70
0
0
VERTEX
8
P00422
10
194.225332
20
237.828663
30
0.0
0
VERTEX
8
P00422
10
196.934663
20
237.828663
30
0.0
0
SEQEND
0
POLYLINE
8
P00423
66
1
70
0
0
VERTEX
8
P00423
10
194.225332
20
237.743994
30
0.0
0
VERTEX
8
P00423
10
196.934663
20
237.743994
30
0.0
0
SEQEND
0
POLYLINE
8
P00424
66
1
70
0
0
VERTEX
8
P00424
10
194.309996
20
237.659325
30
0.0
0
VERTEX
8
P00424
10
196.934663
20
237.659325
30
0.0
0
SEQEND
0
POLYLINE
8
P00425
66
1
70
0
0
VERTEX
8
P00425
10
194.309996
20
237.574662
30
0.0
0
VERTEX
8
P00425
10
196.934663
20
237.574662
30
0.0
0
SEQEND
0
POLYLINE
8
P00426
66
1
70
0
0
VERTEX
8
P00426
10
194.309996
20
237.489994
30
0.0
0
VERTEX
8
P00426
10
196.934663
20
237.489994
30
0.0
0
SEQEND
0
POLYLINE
8
P00427
66
1
70
0
0
VERTEX
8
P00427
10
194.309996
20
237.405325
30
0.0
0
VERTEX
8
P00427
10
196.850000
20
237.405325
30
0.0
0
SEQEND
0
POLYLINE
8
P00428
66
1
70
0
0
VERTEX
8
P00428
10
194.309996
20
237.320662
30
0.0
0
VERTEX
8
P00428
10
196.850000
20
237.320662
30
0.0
0
SEQEND
0
POLYLINE
8
P00429
66
1
70
0
0
VERTEX
8
P00429
10
194.309996
20
237.235993
30
0.0
0
VERTEX
8
P00429
10
196.850000
20
237.235993
30
0.0
0
SEQEND
0
POLYLINE
8
P00430
66
1
70
0
0
VERTEX
8
P00430
10
194.309996
20
237.151325
30
0.0
0
VERTEX
8
P00430
10
196.850000
20
237.151325
30
0.0
0
SEQEND
0
POLYLINE
8
P00431
66
1
70
0
0
VERTEX
8
P00431
10
194.309996
20
237.066661
30
0.0
0
VERTEX
8
P00431
10
196.850000
20
237.066661
30
0.0
0
SEQEND
0
POLYLINE
8
P00432
66
1
70
0
0
VERTEX
8
P00432
10
194.394659
20
236.981993
30
0.0
0
VERTEX
8
P00432
10
196.850000
20
236.981993
30
0.0
0
SEQEND
0
POLYLINE
8
P00433
66
1
70
0
0
VERTEX
8
P00433
10
194.394659
20
236.897329
30
0.0
0
VERTEX
8
P00433
10
196.850000
20
236.897329
30
0.0
0
SEQEND
0
POLYLINE
8
P00434
66
1
70
0
0
VERTEX
8
P00434
10
194.394659
20
236.812661
30
0.0
0
VERTEX
8
P00434
10
196.850000
20
236.812661
30
0.0
0
SEQEND
0
POLYLINE
8
P00435
66
1
70
0
0
VERTEX
8
P00435
10
194.394659
20
236.727992
30
0.0
0
VERTEX
8
P00435
10
196.765337
20
236.727992
30
0.0
0
SEQEND
0
POLYLINE
8
P00436
66
1
70
0
0
VERTEX
8
P00436
10
194.394659
20
236.643329
30
0.0
0
VERTEX
8
P00436
10
196.765337
20
236.643329
30
0.0
0
SEQEND
0
POLYLINE
8
P00437
66
1
70
0
0
VERTEX
8
P00437
10
194.394659
20
236.558660
30
0.0
0
VERTEX
8
P00437
10
196.765337
20
236.558660
30
0.0
0
SEQEND
0
POLYLINE
8
P00438
66
1
70
0
0
VERTEX
8
P00438
10
194.394659
20
236.473992
30
0.0
0
VERTEX
8
P00438
10
196.765337
20
236.473992
30
0.0
0
SEQEND
0
POLYLINE
8
P00439
66
1
70
0
0
VERTEX
8
P00439
10
194.479322
20
236.389329
30
0.0
0
VERTEX
8
P00439
10
196.765337
20
236.389329
30
0.0
0
SEQEND
0
POLYLINE
8
P00440
66
1
70
0
0
VERTEX
8
P00440
10
194.479322
20
236.304660
30
0.0
0
VERTEX
8
P00440
10
196.765337
20
236.304660
30
0.0
0
SEQEND
0
POLYLINE
8
P00441
66
1
70
0
0
VERTEX
8
P00441
10
194.479322
20
236.219991
30
0.0
0
VERTEX
8
P00441
10
196.765337
20
236.219991
30
0.0
0
SEQEND
0
POLYLINE
8
P00442
66
1
70
0
0
VERTEX
8
P00442
10
194.479322
20
236.135328
30
0.0
0
VERTEX
8
P00442
10
196.765337
20
236.135328
30
0.0
0
SEQEND
0
POLYLINE
8
P00443
66
1
70
0
0
VERTEX
8
P00443
10
194.479322
20
236.050660
30
0.0
0
VERTEX
8
P00443
10
196.680652
20
236.050660
30
0.0
0
SEQEND
0
POLYLINE
8
P00444
66
1
70
0
0
VERTEX
8
P00444
10
194.479322
20
235.965991
30
0.0
0
VERTEX
8
P00444
10
196.680652
20
235.965991
30
0.0
0
SEQEND
0
POLYLINE
8
P00445
66
1
70
0
0
VERTEX
8
P00445
10
194.479322
20
235.881328
30
0.0
0
VERTEX
8
P00445
10
196.680652
20
235.881328
30
0.0
0
SEQEND
0
POLYLINE
8
P00446
66
1
70
0
0
VERTEX
8
P00446
10
194.563985
20
235.796659
30
0.0
0
VERTEX
8
P00446
10
196.680652
20
235.796659
30
0.0
0
SEQEND
0
POLYLINE
8
P00447
66
1
70
0
0
VERTEX
8
P00447
10
194.563985
20
235.711996
30
0.0
0
VERTEX
8
P00447
10
196.680652
20
235.711996
30
0.0
0
SEQEND
0
POLYLINE
8
P00448
66
1
70
0
0
VERTEX
8
P00448
10
194.563985
20
235.627327
30
0.0
0
VERTEX
8
P00448
10
196.680652
20
235.627327
30
0.0
0
SEQEND
0
POLYLINE
8
P00449
66
1
70
0
0
VERTEX
8
P00449
10
194.563985
20
235.542659
30
0.0
0
VERTEX
8
P00449
10
196.680652
20
235.542659
30
0.0
0
SEQEND
0
POLYLINE
8
P00450
66
1
70
0
0
VERTEX
8
P00450
10
194.563985
20
235.457995
30
0.0
0
VERTEX
8
P00450
10
196.680652
20
235.457995
30
0.0
0
SEQEND
0
POLYLINE
8
P00451
66
1
70
0
0
VERTEX
8
P00451
10
194.563985
20
235.373327
30
0.0
0
VERTEX
8
P00451
10
196.595989
20
235.373327
30
0.0
0
SEQEND
0
POLYLINE
8
P00452
66
1
70
0
0
VERTEX
8
P00452
10
194.563985
20
235.288658
30
0.0
0
VERTEX
8
P00452
10
196.595989
20
235.288658
30
0.0
0
SEQEND
0
POLYLINE
8
P00453
66
1
70
0
0
VERTEX
8
P00453
10
194.563985
20
235.203995
30
0.0
0
VERTEX
8
P00453
10
196.595989
20
235.203995
30
0.0
0
SEQEND
0
POLYLINE
8
P00454
66
1
70
0
0
VERTEX
8
P00454
10
194.648670
20
235.119326
30
0.0
0
VERTEX
8
P00454
10
196.595989
20
235.119326
30
0.0
0
SEQEND
0
POLYLINE
8
P00455
66
1
70
0
0
VERTEX
8
P00455
10
194.648670
20
235.034658
30
0.0
0
VERTEX
8
P00455
10
196.595989
20
235.034658
30
0.0
0
SEQEND
0
POLYLINE
8
P00456
66
1
70
0
0
VERTEX
8
P00456
10
194.648670
20
234.949995
30
0.0
0
VERTEX
8
P00456
10
196.595989
20
234.949995
30
0.0
0
SEQEND
0
POLYLINE
8
P00457
66
1
70
0
0
VERTEX
8
P00457
10
194.648670
20
234.865326
30
0.0
0
VERTEX
8
P00457
10
196.595989
20
234.865326
30
0.0
0
SEQEND
0
POLYLINE
8
P00458
66
1
70
0
0
VERTEX
8
P00458
10
194.648670
20
234.780663
30
0.0
0
VERTEX
8
P00458
10
196.595989
20
234.780663
30
0.0
0
SEQEND
0
POLYLINE
8
P00459
66
1
70
0
0
VERTEX
8
P00459
10
194.648670
20
234.695994
30
0.0
0
VERTEX
8
P00459
10
196.511326
20
234.695994
30
0.0
0
SEQEND
0
POLYLINE
8
P00460
66
1
70
0
0
VERTEX
8
P00460
10
194.648670
20
234.611326
30
0.0
0
VERTEX
8
P00460
10
196.511326
20
234.611326
30
0.0
0
SEQEND
0
POLYLINE
8
P00461
66
1
70
0
0
VERTEX
8
P00461
10
194.733333
20
234.526662
30
0.0
0
VERTEX
8
P00461
10
196.511326
20
234.526662
30
0.0
0
SEQEND
0
POLYLINE
8
P00462
66
1
70
0
0
VERTEX
8
P00462
10
194.733333
20
234.441994
30
0.0
0
VERTEX
8
P00462
10
196.511326
20
234.441994
30
0.0
0
SEQEND
0
POLYLINE
8
P00463
66
1
70
0
0
VERTEX
8
P00463
10
194.733333
20
234.357325
30
0.0
0
VERTEX
8
P00463
10
196.511326
20
234.357325
30
0.0
0
SEQEND
0
POLYLINE
8
P00464
66
1
70
0
0
VERTEX
8
P00464
10
194.733333
20
234.272662
30
0.0
0
VERTEX
8
P00464
10
196.511326
20
234.272662
30
0.0
0
SEQEND
0
POLYLINE
8
P00465
66
1
70
0
0
VERTEX
8
P00465
10
194.733333
20
234.187993
30
0.0
0
VERTEX
8
P00465
10
196.511326
20
234.187993
30
0.0
0
SEQEND
0
POLYLINE
8
P00466
66
1
70
0
0
VERTEX
8
P00466
10
194.733333
20
234.103325
30
0.0
0
VERTEX
8
P00466
10
196.511326
20
234.103325
30
0.0
0
SEQEND
0
POLYLINE
8
P00467
66
1
70
0
0
VERTEX
8
P00467
10
194.733333
20
234.018661
30
0.0
0
VERTEX
8
P00467
10
196.426662
20
234.018661
30
0.0
0
SEQEND
0
POLYLINE
8
P00468
66
1
70
0
0
VERTEX
8
P00468
10
194.817997
20
233.933993
30
0.0
0
VERTEX
8
P00468
10
196.426662
20
233.933993
30
0.0
0
SEQEND
0
POLYLINE
8
P00469
66
1
70
0
0
VERTEX
8
P00469
10
194.817997
20
233.849330
30
0.0
0
VERTEX
8
P00469
10
196.426662
20
233.849330
30
0.0
0
SEQEND
0
POLYLINE
8
P00470
66
1
70
0
0
VERTEX
8
P00470
10
194.817997
20
233.764661
30
0.0
0
VERTEX
8
P00470
10
196.426662
20
233.764661
30
0.0
0
SEQEND
0
POLYLINE
8
P00471
66
1
70
0
0
VERTEX
8
P00471
10
194.817997
20
233.679992
30
0.0
0
VERTEX
8
P00471
10
196.426662
20
233.679992
30
0.0
0
SEQEND
0
POLYLINE
8
P00472
66
1
70
0
0
VERTEX
8
P00472
10
194.817997
20
233.595329
30
0.0
0
VERTEX
8
P00472
10
196.426662
20
233.595329
30
0.0
0
SEQEND
0
POLYLINE
8
P00473
66
1
70
0
0
VERTEX
8
P00473
10
194.817997
20
233.510661
30
0.0
0
VERTEX
8
P00473
10
196.426662
20
233.510661
30
0.0
0
SEQEND
0
POLYLINE
8
P00474
66
1
70
0
0
VERTEX
8
P00474
10
194.817997
20
233.425992
30
0.0
0
VERTEX
8
P00474
10
196.426662
20
233.425992
30
0.0
0
SEQEND
0
POLYLINE
8
P00475
66
1
70
0
0
VERTEX
8
P00475
10
194.817997
20
233.341329
30
0.0
0
VERTEX
8
P00475
10
196.341999
20
233.341329
30
0.0
0
SEQEND
0
POLYLINE
8
P00476
66
1
70
0
0
VERTEX
8
P00476
10
194.902660
20
233.256660
30
0.0
0
VERTEX
8
P00476
10
196.341999
20
233.256660
30
0.0
0
SEQEND
0
POLYLINE
8
P00477
66
1
70
0
0
VERTEX
8
P00477
10
194.902660
20
233.171992
30
0.0
0
VERTEX
8
P00477
10
196.341999
20
233.171992
30
0.0
0
SEQEND
0
POLYLINE
8
P00478
66
1
70
0
0
VERTEX
8
P00478
10
194.987323
20
233.087328
30
0.0
0
VERTEX
8
P00478
10
196.257336
20
233.087328
30
0.0
0
SEQEND
0
POLYLINE
8
P00479
66
1
70
0
0
VERTEX
8
P00479
10
194.987323
20
233.002660
30
0.0
0
VERTEX
8
P00479
10
196.257336
20
233.002660
30
0.0
0
SEQEND
0
POLYLINE
8
P00480
66
1
70
0
0
VERTEX
8
P00480
10
195.071986
20
232.917991
30
0.0
0
VERTEX
8
P00480
10
196.172673
20
232.917991
30
0.0
0
SEQEND
0
POLYLINE
8
P00481
66
1
70
0
0
VERTEX
8
P00481
10
195.071986
20
232.833328
30
0.0
0
VERTEX
8
P00481
10
196.172673
20
232.833328
30
0.0
0
SEQEND
0
POLYLINE
8
P00482
66
1
70
0
0
VERTEX
8
P00482
10
195.071986
20
232.748659
30
0.0
0
VERTEX
8
P00482
10
196.087988
20
232.748659
30
0.0
0
SEQEND
0
POLYLINE
8
P00483
66
1
70
0
0
VERTEX
8
P00483
10
195.156671
20
232.663996
30
0.0
0
VERTEX
8
P00483
10
196.087988
20
232.663996
30
0.0
0
SEQEND
0
POLYLINE
8
P00484
66
1
70
0
0
VERTEX
8
P00484
10
195.156671
20
232.579328
30
0.0
0
VERTEX
8
P00484
10
196.087988
20
232.579328
30
0.0
0
SEQEND
0
POLYLINE
8
P00485
66
1
70
0
0
VERTEX
8
P00485
10
195.241334
20
232.494659
30
0.0
0
VERTEX
8
P00485
10
196.003325
20
232.494659
30
0.0
0
SEQEND
0
POLYLINE
8
P00486
66
1
70
0
0
VERTEX
8
P00486
10
195.241334
20
232.409996
30
0.0
0
VERTEX
8
P00486
10
196.003325
20
232.409996
30
0.0
0
SEQEND
0
POLYLINE
8
P00487
66
1
70
0
0
VERTEX
8
P00487
10
195.325997
20
232.325327
30
0.0
0
VERTEX
8
P00487
10
195.918661
20
232.325327
30
0.0
0
SEQEND
0
POLYLINE
8
P00488
66
1
70
0
0
VERTEX
8
P00488
10
195.325997
20
232.240658
30
0.0
0
VERTEX
8
P00488
10
195.918661
20
232.240658
30
0.0
0
SEQEND
0
POLYLINE
8
P00489
66
1
70
0
0
VERTEX
8
P00489
10
195.325997
20
232.155995
30
0.0
0
VERTEX
8
P00489
10
195.833998
20
232.155995
30
0.0
0
SEQEND
0
POLYLINE
8
P00490
66
1
70
0
0
VERTEX
8
P00490
10
195.410661
20
232.071327
30
0.0
0
VERTEX
8
P00490
10
195.833998
20
232.071327
30
0.0
0
SEQEND
0
POLYLINE
8
P00491
66
1
70
0
0
VERTEX
8
P00491
10
195.410661
20
231.986658
30
0.0
0
VERTEX
8
P00491
10
195.833998
20
231.986658
30
0.0
0
SEQEND
0
POLYLINE
8
P00492
66
1
70
0
0
VERTEX
8
P00492
10
195.495324
20
231.901995
30
0.0
0
VERTEX
8
P00492
10
195.749335
20
231.901995
30
0.0
0
SEQEND
0
POLYLINE
8
P00493
66
1
70
0
0
VERTEX
8
P00493
10
195.495324
20
231.817326
30
0.0
0
VERTEX
8
P00493
10
195.749335
20
231.817326
30
0.0
0
SEQEND
0
POLYLINE
8
P00494
66
1
70
0
0
VERTEX
8
P00494
10
195.579987
20
231.732663
30
0.0
0
VERTEX
8
P00494
10
195.664672
20
231.732663
30
0.0
0
SEQEND
0
POLYLINE
8
P00495
66
1
70
0
0
VERTEX
8
P00495
10
195.579987
20
231.647994
30
0.0
0
VERTEX
8
P00495
10
195.664672
20
231.647994
30
0.0
0
VERTEX
8
P00495
10
195.579987
20
231.647994
30
0.0
0
SEQEND
0
POLYLINE
8
P00496
66
1
70
0
0
VERTEX
8
P00496
10
195.579987
20
231.563326
30
0.0
0
VERTEX
8
P00496
10
194.563985
20
239.013996
30
0.0
0
VERTEX
8
P00496
10
195.579987
20
231.563326
30
0.0
0
SEQEND
0
POLYLINE
8
P00497
66
1
70
0
0
VERTEX
8
P00497
10
194.563985
20
239.013996
30
0.0
0
VERTEX
8
P00497
10
195.579987
20
238.336658
30
0.0
0
VERTEX
8
P00497
10
194.563985
20
239.013996
30
0.0
0
SEQEND
0
POLYLINE
8
P00498
66
1
70
0
0
VERTEX
8
P00498
10
195.579987
20
238.336658
30
0.0
0
VERTEX
8
P00498
10
196.595989
20
239.013996
30
0.0
0
VERTEX
8
P00498
10
195.579987
20
238.336658
30
0.0
0
SEQEND
0
POLYLINE
8
P00499
66
1
70
0
0
VERTEX
8
P00499
10
196.595989
20
239.013996
30
0.0
0
VERTEX
8
P00499
10
195.579987
20
231.563326
30
0.0
0
VERTEX
8
P00499
10
196.595989
20
239.013996
30
0.0
0
SEQEND
0
POLYLINE
8
P00500
66
1
70
0
0
VERTEX
8
P00500
10
194.648670
20
238.929328
30
0.0
0
VERTEX
8
P00500
10
194.733333
20
238.929328
30
0.0
0
SEQEND
0
POLYLINE
8
P00501
66
1
70
0
0
VERTEX
8
P00501
10
194.648670
20
238.844659
30
0.0
0
VERTEX
8
P00501
10
194.817997
20
238.844659
30
0.0
0
SEQEND
0
POLYLINE
8
P00502
66
1
70
0
0
VERTEX
8
P00502
10
194.648670
20
238.759996
30
0.0
0
VERTEX
8
P00502
10
194.987323
20
238.759996
30
0.0
0
SEQEND
0
POLYLINE
8
P00503
66
1
70
0
0
VERTEX
8
P00503
10
194.648670
20
238.675327
30
0.0
0
VERTEX
8
P00503
10
195.071986
20
238.675327
30
0.0
0
SEQEND
0
POLYLINE
8
P00504
66
1
70
0
0
VERTEX
8
P00504
10
194.648670
20
238.590658
30
0.0
0
VERTEX
8
P00504
10
195.241334
20
238.590658
30
0.0
0
SEQEND
0
POLYLINE
8
P00505
66
1
70
0
0
VERTEX
8
P00505
10
194.648670
20
238.505995
30
0.0
0
VERTEX
8
P00505
10
195.325997
20
238.505995
30
0.0
0
SEQEND
0
POLYLINE
8
P00506
66
1
70
0
0
VERTEX
8
P00506
10
194.648670
20
238.421327
30
0.0
0
VERTEX
8
P00506
10
195.495324
20
238.421327
30
0.0
0
SEQEND
0
POLYLINE
8
P00507
66
1
70
0
0
VERTEX
8
P00507
10
194.733333
20
238.336658
30
0.0
0
VERTEX
8
P00507
10
195.579987
20
238.336658
30
0.0
0
SEQEND
0
POLYLINE
8
P00508
66
1
70
0
0
VERTEX
8
P00508
10
194.733333
20
238.251995
30
0.0
0
VERTEX
8
P00508
10
195.579987
20
238.251995
30
0.0
0
SEQEND
0
POLYLINE
8
P00509
66
1
70
0
0
VERTEX
8
P00509
10
194.733333
20
238.167326
30
0.0
0
VERTEX
8
P00509
10
195.579987
20
238.167326
30
0.0
0
SEQEND
0
POLYLINE
8
P00510
66
1
70
0
0
VERTEX
8
P00510
10
194.733333
20
238.082658
30
0.0
0
VERTEX
8
P00510
10
195.579987
20
238.082658
30
0.0
0
SEQEND
0
POLYLINE
8
P00511
66
1
70
0
0
VERTEX
8
P00511
10
194.733333
20
237.997994
30
0.0
0
VERTEX
8
P00511
10
195.579987
20
237.997994
30
0.0
0
SEQEND
0
POLYLINE
8
P00512
66
1
70
0
0
VERTEX
8
P00512
10
194.733333
20
237.913326
30
0.0
0
VERTEX
8
P00512
10
195.579987
20
237.913326
30
0.0
0
SEQEND
0
POLYLINE
8
P00513
66
1
70
0
0
VERTEX
8
P00513
10
194.733333
20
237.828663
30
0.0
0
VERTEX
8
P00513
10
195.579987
20
237.828663
30
0.0
0
SEQEND
0
POLYLINE
8
P00514
66
1
70
0
0
VERTEX
8
P00514
10
194.817997
20
237.743994
30
0.0
0
VERTEX
8
P00514
10
195.579987
20
237.743994
30
0.0
0
SEQEND
0
POLYLINE
8
P00515
66
1
70
0
0
VERTEX
8
P00515
10
194.817997
20
237.659325
30
0.0
0
VERTEX
8
P00515
10
195.579987
20
237.659325
30
0.0
0
SEQEND
0
POLYLINE
8
P00516
66
1
70
0
0
VERTEX
8
P00516
10
194.817997
20
237.574662
30
0.0
0
VERTEX
8
P00516
10
195.579987
20
237.574662
30
0.0
0
SEQEND
0
POLYLINE
8
P00517
66
1
70
0
0
VERTEX
8
P00517
10
194.817997
20
237.489994
30
0.0
0
VERTEX
8
P00517
10
195.579987
20
237.489994
30
0.0
0
SEQEND
0
POLYLINE
8
P00518
66
1
70
0
0
VERTEX
8
P00518
10
194.817997
20
237.405325
30
0.0
0
VERTEX
8
P00518
10
195.579987
20
237.405325
30
0.0
0
SEQEND
0
POLYLINE
8
P00519
66
1
70
0
0
VERTEX
8
P00519
10
194.817997
20
237.320662
30
0.0
0
VERTEX
8
P00519
10
195.579987
20
237.320662
30
0.0
0
SEQEND
0
POLYLINE
8
P00520
66
1
70
0
0
VERTEX
8
P00520
10
194.817997
20
237.235993
30
0.0
0
VERTEX
8
P00520
10
195.579987
20
237.235993
30
0.0
0
SEQEND
0
POLYLINE
8
P00521
66
1
70
0
0
VERTEX
8
P00521
10
194.817997
20
237.151325
30
0.0
0
VERTEX
8
P00521
10
195.579987
20
237.151325
30
0.0
0
SEQEND
0
POLYLINE
8
P00522
66
1
70
0
0
VERTEX
8
P00522
10
194.902660
20
237.066661
30
0.0
0
VERTEX
8
P00522
10
195.579987
20
237.066661
30
0.0
0
SEQEND
0
POLYLINE
8
P00523
66
1
70
0
0
VERTEX
8
P00523
10
194.902660
20
236.981993
30
0.0
0
VERTEX
8
P00523
10
195.579987
20
236.981993
30
0.0
0
SEQEND
0
POLYLINE
8
P00524
66
1
70
0
0
VERTEX
8
P00524
10
194.902660
20
236.897329
30
0.0
0
VERTEX
8
P00524
10
195.579987
20
236.897329
30
0.0
0
SEQEND
0
POLYLINE
8
P00525
66
1
70
0
0
VERTEX
8
P00525
10
194.902660
20
236.812661
30
0.0
0
VERTEX
8
P00525
10
195.579987
20
236.812661
30
0.0
0
SEQEND
0
POLYLINE
8
P00526
66
1
70
0
0
VERTEX
8
P00526
10
194.902660
20
236.727992
30
0.0
0
VERTEX
8
P00526
10
195.579987
20
236.727992
30
0.0
0
SEQEND
0
POLYLINE
8
P00527
66
1
70
0
0
VERTEX
8
P00527
10
194.902660
20
236.643329
30
0.0
0
VERTEX
8
P00527
10
195.579987
20
236.643329
30
0.0
0
SEQEND
0
POLYLINE
8
P00528
66
1
70
0
0
VERTEX
8
P00528
10
194.902660
20
236.558660
30
0.0
0
VERTEX
8
P00528
10
195.579987
20
236.558660
30
0.0
0
SEQEND
0
POLYLINE
8
P00529
66
1
70
0
0
VERTEX
8
P00529
10
194.987323
20
236.473992
30
0.0
0
VERTEX
8
P00529
10
195.579987
20
236.473992
30
0.0
0
SEQEND
0
POLYLINE
8
P00530
66
1
70
0
0
VERTEX
8
P00530
10
194.987323
20
236.389329
30
0.0
0
VERTEX
8
P00530
10
195.579987
20
236.389329
30
0.0
0
SEQEND
0
POLYLINE
8
P00531
66
1
70
0
0
VERTEX
8
P00531
10
194.987323
20
236.304660
30
0.0
0
VERTEX
8
P00531
10
195.579987
20
236.304660
30
0.0
0
SEQEND
0
POLYLINE
8
P00532
66
1
70
0
0
VERTEX
8
P00532
10
194.987323
20
236.219991
30
0.0
0
VERTEX
8
P00532
10
195.579987
20
236.219991
30
0.0
0
SEQEND
0
POLYLINE
8
P00533
66
1
70
0
0
VERTEX
8
P00533
10
194.987323
20
236.135328
30
0.0
0
VERTEX
8
P00533
10
195.579987
20
236.135328
30
0.0
0
SEQEND
0
POLYLINE
8
P00534
66
1
70
0
0
VERTEX
8
P00534
10
194.987323
20
236.050660
30
0.0
0
VERTEX
8
P00534
10
195.579987
20
236.050660
30
0.0
0
SEQEND
0
POLYLINE
8
P00535
66
1
70
0
0
VERTEX
8
P00535
10
194.987323
20
235.965991
30
0.0
0
VERTEX
8
P00535
10
195.579987
20
235.965991
30
0.0
0
SEQEND
0
POLYLINE
8
P00536
66
1
70
0
0
VERTEX
8
P00536
10
195.071986
20
235.881328
30
0.0
0
VERTEX
8
P00536
10
195.579987
20
235.881328
30
0.0
0
SEQEND
0
POLYLINE
8
P00537
66
1
70
0
0
VERTEX
8
P00537
10
195.071986
20
235.796659
30
0.0
0
VERTEX
8
P00537
10
195.579987
20
235.796659
30
0.0
0
SEQEND
0
POLYLINE
8
P00538
66
1
70
0
0
VERTEX
8
P00538
10
195.071986
20
235.711996
30
0.0
0
VERTEX
8
P00538
10
195.579987
20
235.711996
30
0.0
0
SEQEND
0
POLYLINE
8
P00539
66
1
70
0
0
VERTEX
8
P00539
10
195.071986
20
235.627327
30
0.0
0
VERTEX
8
P00539
10
195.579987
20
235.627327
30
0.0
0
SEQEND
0
POLYLINE
8
P00540
66
1
70
0
0
VERTEX
8
P00540
10
195.071986
20
235.542659
30
0.0
0
VERTEX
8
P00540
10
195.579987
20
235.542659
30
0.0
0
SEQEND
0
POLYLINE
8
P00541
66
1
70
0
0
VERTEX
8
P00541
10
195.071986
20
235.457995
30
0.0
0
VERTEX
8
P00541
10
195.579987
20
235.457995
30
0.0
0
SEQEND
0
POLYLINE
8
P00542
66
1
70
0
0
VERTEX
8
P00542
10
195.071986
20
235.373327
30
0.0
0
VERTEX
8
P00542
10
195.579987
20
235.373327
30
0.0
0
SEQEND
0
POLYLINE
8
P00543
66
1
70
0
0
VERTEX
8
P00543
10
195.071986
20
235.288658
30
0.0
0
VERTEX
8
P00543
10
195.579987
20
235.288658
30
0.0
0
SEQEND
0
POLYLINE
8
P00544
66
1
70
0
0
VERTEX
8
P00544
10
195.156671
20
235.203995
30
0.0
0
VERTEX
8
P00544
10
195.579987
20
235.203995
30
0.0
0
SEQEND
0
POLYLINE
8
P00545
66
1
70
0
0
VERTEX
8
P00545
10
195.156671
20
235.119326
30
0.0
0
VERTEX
8
P00545
10
195.579987
20
235.119326
30
0.0
0
SEQEND
0
POLYLINE
8
P00546
66
1
70
0
0
VERTEX
8
P00546
10
195.156671
20
235.034658
30
0.0
0
VERTEX
8
P00546
10
195.579987
20
235.034658
30
0.0
0
SEQEND
0
POLYLINE
8
P00547
66
1
70
0
0
VERTEX
8
P00547
10
195.156671
20
234.949995
30
0.0
0
VERTEX
8
P00547
10
195.579987
20
234.949995
30
0.0
0
SEQEND
0
POLYLINE
8
P00548
66
1
70
0
0
VERTEX
8
P00548
10
195.156671
20
234.865326
30
0.0
0
VERTEX
8
P00548
10
195.579987
20
234.865326
30
0.0
0
SEQEND
0
POLYLINE
8
P00549
66
1
70
0
0
VERTEX
8
P00549
10
195.156671
20
234.780663
30
0.0
0
VERTEX
8
P00549
10
195.579987
20
234.780663
30
0.0
0
SEQEND
0
POLYLINE
8
P00550
66
1
70
0
0
VERTEX
8
P00550
10
195.156671
20
234.695994
30
0.0
0
VERTEX
8
P00550
10
195.579987
20
234.695994
30
0.0
0
SEQEND
0
POLYLINE
8
P00551
66
1
70
0
0
VERTEX
8
P00551
10
195.241334
20
234.611326
30
0.0
0
VERTEX
8
P00551
10
195.579987
20
234.611326
30
0.0
0
SEQEND
0
POLYLINE
8
P00552
66
1
70
0
0
VERTEX
8
P00552
10
195.241334
20
234.526662
30
0.0
0
VERTEX
8
P00552
10
195.579987
20
234.526662
30
0.0
0
SEQEND
0
POLYLINE
8
P00553
66
1
70
0
0
VERTEX
8
P00553
10
195.241334
20
234.441994
30
0.0
0
VERTEX
8
P00553
10
195.579987
20
234.441994
30
0.0
0
SEQEND
0
POLYLINE
8
P00554
66
1
70
0
0
VERTEX
8
P00554
10
195.241334
20
234.357325
30
0.0
0
VERTEX
8
P00554
10
195.579987
20
234.357325
30
0.0
0
SEQEND
0
POLYLINE
8
P00555
66
1
70
0
0
VERTEX
8
P00555
10
195.241334
20
234.272662
30
0.0
0
VERTEX
8
P00555
10
195.579987
20
234.272662
30
0.0
0
SEQEND
0
POLYLINE
8
P00556
66
1
70
0
0
VERTEX
8
P00556
10
195.241334
20
234.187993
30
0.0
0
VERTEX
8
P00556
10
195.579987
20
234.187993
30
0.0
0
SEQEND
0
POLYLINE
8
P00557
66
1
70
0
0
VERTEX
8
P00557
10
195.241334
20
234.103325
30
0.0
0
VERTEX
8
P00557
10
195.579987
20
234.103325
30
0.0
0
SEQEND
0
POLYLINE
8
P00558
66
1
70
0
0
VERTEX
8
P00558
10
195.325997
20
234.018661
30
0.0
0
VERTEX
8
P00558
10
195.579987
20
234.018661
30
0.0
0
SEQEND
0
POLYLINE
8
P00559
66
1
70
0
0
VERTEX
8
P00559
10
195.325997
20
233.933993
30
0.0
0
VERTEX
8
P00559
10
195.579987
20
233.933993
30
0.0
0
SEQEND
0
POLYLINE
8
P00560
66
1
70
0
0
VERTEX
8
P00560
10
195.325997
20
233.849330
30
0.0
0
VERTEX
8
P00560
10
195.579987
20
233.849330
30
0.0
0
SEQEND
0
POLYLINE
8
P00561
66
1
70
0
0
VERTEX
8
P00561
10
195.325997
20
233.764661
30
0.0
0
VERTEX
8
P00561
10
195.579987
20
233.764661
30
0.0
0
SEQEND
0
POLYLINE
8
P00562
66
1
70
0
0
VERTEX
8
P00562
10
195.325997
20
233.679992
30
0.0
0
VERTEX
8
P00562
10
195.579987
20
233.679992
30
0.0
0
SEQEND
0
POLYLINE
8
P00563
66
1
70
0
0
VERTEX
8
P00563
10
195.325997
20
233.595329
30
0.0
0
VERTEX
8
P00563
10
195.579987
20
233.595329
30
0.0
0
SEQEND
0
POLYLINE
8
P00564
66
1
70
0
0
VERTEX
8
P00564
10
195.325997
20
233.510661
30
0.0
0
VERTEX
8
P00564
10
195.579987
20
233.510661
30
0.0
0
SEQEND
0
POLYLINE
8
P00565
66
1
70
0
0
VERTEX
8
P00565
10
195.325997
20
233.425992
30
0.0
0
VERTEX
8
P00565
10
195.579987
20
233.425992
30
0.0
0
SEQEND
0
POLYLINE
8
P00566
66
1
70
0
0
VERTEX
8
P00566
10
195.410661
20
233.341329
30
0.0
0
VERTEX
8
P00566
10
195.579987
20
233.341329
30
0.0
0
SEQEND
0
POLYLINE
8
P00567
66
1
70
0
0
VERTEX
8
P00567
10
195.410661
20
233.256660
30
0.0
0
VERTEX
8
P00567
10
195.579987
20
233.256660
30
0.0
0
SEQEND
0
POLYLINE
8
P00568
66
1
70
0
0
VERTEX
8
P00568
10
195.410661
20
233.171992
30
0.0
0
VERTEX
8
P00568
10
195.579987
20
233.171992
30
0.0
0
SEQEND
0
POLYLINE
8
P00569
66
1
70
0
0
VERTEX
8
P00569
10
195.410661
20
233.087328
30
0.0
0
VERTEX
8
P00569
10
195.579987
20
233.087328
30
0.0
0
SEQEND
0
POLYLINE
8
P00570
66
1
70
0
0
VERTEX
8
P00570
10
195.410661
20
233.002660
30
0.0
0
VERTEX
8
P00570
10
195.579987
20
233.002660
30
0.0
0
SEQEND
0
POLYLINE
8
P00571
66
1
70
0
0
VERTEX
8
P00571
10
195.410661
20
232.917991
30
0.0
0
VERTEX
8
P00571
10
195.579987
20
232.917991
30
0.0
0
SEQEND
0
POLYLINE
8
P00572
66
1
70
0
0
VERTEX
8
P00572
10
195.410661
20
232.833328
30
0.0
0
VERTEX
8
P00572
10
195.579987
20
232.833328
30
0.0
0
SEQEND
0
POLYLINE
8
P00573
66
1
70
0
0
VERTEX
8
P00573
10
195.495324
20
232.748659
30
0.0
0
VERTEX
8
P00573
10
195.579987
20
232.748659
30
0.0
0
SEQEND
0
POLYLINE
8
P00574
66
1
70
0
0
VERTEX
8
P00574
10
195.495324
20
232.663996
30
0.0
0
VERTEX
8
P00574
10
195.579987
20
232.663996
30
0.0
0
SEQEND
0
POLYLINE
8
P00575
66
1
70
0
0
VERTEX
8
P00575
10
195.495324
20
232.579328
30
0.0
0
VERTEX
8
P00575
10
195.579987
20
232.579328
30
0.0
0
SEQEND
0
POLYLINE
8
P00576
66
1
70
0
0
VERTEX
8
P00576
10
195.495324
20
232.494659
30
0.0
0
VERTEX
8
P00576
10
195.579987
20
232.494659
30
0.0
0
SEQEND
0
POLYLINE
8
P00577
66
1
70
0
0
VERTEX
8
P00577
10
195.495324
20
232.409996
30
0.0
0
VERTEX
8
P00577
10
195.579987
20
232.409996
30
0.0
0
SEQEND
0
POLYLINE
8
P00578
66
1
70
0
0
VERTEX
8
P00578
10
195.495324
20
232.325327
30
0.0
0
VERTEX
8
P00578
10
195.579987
20
232.325327
30
0.0
0
SEQEND
0
POLYLINE
8
P00579
66
1
70
0
0
VERTEX
8
P00579
10
195.495324
20
232.240658
30
0.0
0
VERTEX
8
P00579
10
195.579987
20
232.240658
30
0.0
0
VERTEX
8
P00579
10
195.495324
20
232.240658
30
0.0
0
SEQEND
0
POLYLINE
8
P00580
66
1
70
0
0
VERTEX
8
P00580
10
196.511326
20
238.929328
30
0.0
0
VERTEX
8
P00580
10
196.595989
20
238.929328
30
0.0
0
SEQEND
0
POLYLINE
8
P00581
66
1
70
0
0
VERTEX
8
P00581
10
196.341999
20
238.844659
30
0.0
0
VERTEX
8
P00581
10
196.595989
20
238.844659
30
0.0
0
SEQEND
0
POLYLINE
8
P00582
66
1
70
0
0
VERTEX
8
P00582
10
196.257336
20
238.759996
30
0.0
0
VERTEX
8
P00582
10
196.595989
20
238.759996
30
0.0
0
SEQEND
0
POLYLINE
8
P00583
66
1
70
0
0
VERTEX
8
P00583
10
196.087988
20
238.675327
30
0.0
0
VERTEX
8
P00583
10
196.595989
20
238.675327
30
0.0
0
SEQEND
0
POLYLINE
8
P00584
66
1
70
0
0
VERTEX
8
P00584
10
196.003325
20
238.590658
30
0.0
0
VERTEX
8
P00584
10
196.595989
20
238.590658
30
0.0
0
SEQEND
0
POLYLINE
8
P00585
66
1
70
0
0
VERTEX
8
P00585
10
195.833998
20
238.505995
30
0.0
0
VERTEX
8
P00585
10
196.595989
20
238.505995
30
0.0
0
SEQEND
0
POLYLINE
8
P00586
66
1
70
0
0
VERTEX
8
P00586
10
195.749335
20
238.421327
30
0.0
0
VERTEX
8
P00586
10
196.595989
20
238.421327
30
0.0
0
SEQEND
0
POLYLINE
8
P00587
66
1
70
0
0
VERTEX
8
P00587
10
195.579987
20
238.336658
30
0.0
0
VERTEX
8
P00587
10
196.511326
20
238.336658
30
0.0
0
SEQEND
0
POLYLINE
8
P00588
66
1
70
0
0
VERTEX
8
P00588
10
195.579987
20
238.251995
30
0.0
0
VERTEX
8
P00588
10
196.511326
20
238.251995
30
0.0
0
SEQEND
0
POLYLINE
8
P00589
66
1
70
0
0
VERTEX
8
P00589
10
195.579987
20
238.167326
30
0.0
0
VERTEX
8
P00589
10
196.511326
20
238.167326
30
0.0
0
SEQEND
0
POLYLINE
8
P00590
66
1
70
0
0
VERTEX
8
P00590
10
195.579987
20
238.082658
30
0.0
0
VERTEX
8
P00590
10
196.511326
20
238.082658
30
0.0
0
SEQEND
0
POLYLINE
8
P00591
66
1
70
0
0
VERTEX
8
P00591
10
195.579987
20
237.997994
30
0.0
0
VERTEX
8
P00591
10
196.511326
20
237.997994
30
0.0
0
SEQEND
0
POLYLINE
8
P00592
66
1
70
0
0
VERTEX
8
P00592
10
195.579987
20
237.913326
30
0.0
0
VERTEX
8
P00592
10
196.511326
20
237.913326
30
0.0
0
SEQEND
0
POLYLINE
8
P00593
66
1
70
0
0
VERTEX
8
P00593
10
195.579987
20
237.828663
30
0.0
0
VERTEX
8
P00593
10
196.511326
20
237.828663
30
0.0
0
SEQEND
0
POLYLINE
8
P00594
66
1
70
0
0
VERTEX
8
P00594
10
195.579987
20
237.743994
30
0.0
0
VERTEX
8
P00594
10
196.426662
20
237.743994
30
0.0
0
SEQEND
0
POLYLINE
8
P00595
66
1
70
0
0
VERTEX
8
P00595
10
195.579987
20
237.659325
30
0.0
0
VERTEX
8
P00595
10
196.426662
20
237.659325
30
0.0
0
SEQEND
0
POLYLINE
8
P00596
66
1
70
0
0
VERTEX
8
P00596
10
195.579987
20
237.574662
30
0.0
0
VERTEX
8
P00596
10
196.426662
20
237.574662
30
0.0
0
SEQEND
0
POLYLINE
8
P00597
66
1
70
0
0
VERTEX
8
P00597
10
195.579987
20
237.489994
30
0.0
0
VERTEX
8
P00597
10
196.426662
20
237.489994
30
0.0
0
SEQEND
0
POLYLINE
8
P00598
66
1
70
0
0
VERTEX
8
P00598
10
195.579987
20
237.405325
30
0.0
0
VERTEX
8
P00598
10
196.426662
20
237.405325
30
0.0
0
SEQEND
0
POLYLINE
8
P00599
66
1
70
0
0
VERTEX
8
P00599
10
195.579987
20
237.320662
30
0.0
0
VERTEX
8
P00599
10
196.426662
20
237.320662
30
0.0
0
SEQEND
0
POLYLINE
8
P00600
66
1
70
0
0
VERTEX
8
P00600
10
195.579987
20
237.235993
30
0.0
0
VERTEX
8
P00600
10
196.426662
20
237.235993
30
0.0
0
SEQEND
0
POLYLINE
8
P00601
66
1
70
0
0
VERTEX
8
P00601
10
195.579987
20
237.151325
30
0.0
0
VERTEX
8
P00601
10
196.341999
20
237.151325
30
0.0
0
SEQEND
0
POLYLINE
8
P00602
66
1
70
0
0
VERTEX
8
P00602
10
195.579987
20
237.066661
30
0.0
0
VERTEX
8
P00602
10
196.341999
20
237.066661
30
0.0
0
SEQEND
0
POLYLINE
8
P00603
66
1
70
0
0
VERTEX
8
P00603
10
195.579987
20
236.981993
30
0.0
0
VERTEX
8
P00603
10
196.341999
20
236.981993
30
0.0
0
SEQEND
0
POLYLINE
8
P00604
66
1
70
0
0
VERTEX
8
P00604
10
195.579987
20
236.897329
30
0.0
0
VERTEX
8
P00604
10
196.341999
20
236.897329
30
0.0
0
SEQEND
0
POLYLINE
8
P00605
66
1
70
0
0
VERTEX
8
P00605
10
195.579987
20
236.812661
30
0.0
0
VERTEX
8
P00605
10
196.341999
20
236.812661
30
0.0
0
SEQEND
0
POLYLINE
8
P00606
66
1
70
0
0
VERTEX
8
P00606
10
195.579987
20
236.727992
30
0.0
0
VERTEX
8
P00606
10
196.341999
20
236.727992
30
0.0
0
SEQEND
0
POLYLINE
8
P00607
66
1
70
0
0
VERTEX
8
P00607
10
195.579987
20
236.643329
30
0.0
0
VERTEX
8
P00607
10
196.341999
20
236.643329
30
0.0
0
SEQEND
0
POLYLINE
8
P00608
66
1
70
0
0
VERTEX
8
P00608
10
195.579987
20
236.558660
30
0.0
0
VERTEX
8
P00608
10
196.341999
20
236.558660
30
0.0
0
SEQEND
0
POLYLINE
8
P00609
66
1
70
0
0
VERTEX
8
P00609
10
195.579987
20
236.473992
30
0.0
0
VERTEX
8
P00609
10
196.257336
20
236.473992
30
0.0
0
SEQEND
0
POLYLINE
8
P00610
66
1
70
0
0
VERTEX
8
P00610
10
195.579987
20
236.389329
30
0.0
0
VERTEX
8
P00610
10
196.257336
20
236.389329
30
0.0
0
SEQEND
0
POLYLINE
8
P00611
66
1
70
0
0
VERTEX
8
P00611
10
195.579987
20
236.304660
30
0.0
0
VERTEX
8
P00611
10
196.257336
20
236.304660
30
0.0
0
SEQEND
0
POLYLINE
8
P00612
66
1
70
0
0
VERTEX
8
P00612
10
195.579987
20
236.219991
30
0.0
0
VERTEX
8
P00612
10
196.257336
20
236.219991
30
0.0
0
SEQEND
0
POLYLINE
8
P00613
66
1
70
0
0
VERTEX
8
P00613
10
195.579987
20
236.135328
30
0.0
0
VERTEX
8
P00613
10
196.257336
20
236.135328
30
0.0
0
SEQEND
0
POLYLINE
8
P00614
66
1
70
0
0
VERTEX
8
P00614
10
195.579987
20
236.050660
30
0.0
0
VERTEX
8
P00614
10
196.257336
20
236.050660
30
0.0
0
SEQEND
0
POLYLINE
8
P00615
66
1
70
0
0
VERTEX
8
P00615
10
195.579987
20
235.965991
30
0.0
0
VERTEX
8
P00615
10
196.257336
20
235.965991
30
0.0
0
SEQEND
0
POLYLINE
8
P00616
66
1
70
0
0
VERTEX
8
P00616
10
195.579987
20
235.881328
30
0.0
0
VERTEX
8
P00616
10
196.172673
20
235.881328
30
0.0
0
SEQEND
0
POLYLINE
8
P00617
66
1
70
0
0
VERTEX
8
P00617
10
195.579987
20
235.796659
30
0.0
0
VERTEX
8
P00617
10
196.172673
20
235.796659
30
0.0
0
SEQEND
0
POLYLINE
8
P00618
66
1
70
0
0
VERTEX
8
P00618
10
195.579987
20
235.711996
30
0.0
0
VERTEX
8
P00618
10
196.172673
20
235.711996
30
0.0
0
SEQEND
0
POLYLINE
8
P00619
66
1
70
0
0
VERTEX
8
P00619
10
195.579987
20
235.627327
30
0.0
0
VERTEX
8
P00619
10
196.172673
20
235.627327
30
0.0
0
SEQEND
0
POLYLINE
8
P00620
66
1
70
0
0
VERTEX
8
P00620
10
195.579987
20
235.542659
30
0.0
0
VERTEX
8
P00620
10
196.172673
20
235.542659
30
0.0
0
SEQEND
0
POLYLINE
8
P00621
66
1
70
0
0
VERTEX
8
P00621
10
195.579987
20
235.457995
30
0.0
0
VERTEX
8
P00621
10
196.172673
20
235.457995
30
0.0
0
SEQEND
0
POLYLINE
8
P00622
66
1
70
0
0
VERTEX
8
P00622
10
195.579987
20
235.373327
30
0.0
0
VERTEX
8
P00622
10
196.172673
20
235.373327
30
0.0
0
SEQEND
0
POLYLINE
8
P00623
66
1
70
0
0
VERTEX
8
P00623
10
195.579987
20
235.288658
30
0.0
0
VERTEX
8
P00623
10
196.087988
20
235.288658
30
0.0
0
SEQEND
0
POLYLINE
8
P00624
66
1
70
0
0
VERTEX
8
P00624
10
195.579987
20
235.203995
30
0.0
0
VERTEX
8
P00624
10
196.087988
20
235.203995
30
0.0
0
SEQEND
0
POLYLINE
8
P00625
66
1
70
0
0
VERTEX
8
P00625
10
195.579987
20
235.119326
30
0.0
0
VERTEX
8
P00625
10
196.087988
20
235.119326
30
0.0
0
SEQEND
0
POLYLINE
8
P00626
66
1
70
0
0
VERTEX
8
P00626
10
195.579987
20
235.034658
30
0.0
0
VERTEX
8
P00626
10
196.087988
20
235.034658
30
0.0
0
SEQEND
0
POLYLINE
8
P00627
66
1
70
0
0
VERTEX
8
P00627
10
195.579987
20
234.949995
30
0.0
0
VERTEX
8
P00627
10
196.087988
20
234.949995
30
0.0
0
SEQEND
0
POLYLINE
8
P00628
66
1
70
0
0
VERTEX
8
P00628
10
195.579987
20
234.865326
30
0.0
0
VERTEX
8
P00628
10
196.087988
20
234.865326
30
0.0
0
SEQEND
0
POLYLINE
8
P00629
66
1
70
0
0
VERTEX
8
P00629
10
195.579987
20
234.780663
30
0.0
0
VERTEX
8
P00629
10
196.087988
20
234.780663
30
0.0
0
SEQEND
0
POLYLINE
8
P00630
66
1
70
0
0
VERTEX
8
P00630
10
195.579987
20
234.695994
30
0.0
0
VERTEX
8
P00630
10
196.087988
20
234.695994
30
0.0
0
SEQEND
0
POLYLINE
8
P00631
66
1
70
0
0
VERTEX
8
P00631
10
195.579987
20
234.611326
30
0.0
0
VERTEX
8
P00631
10
196.003325
20
234.611326
30
0.0
0
SEQEND
0
POLYLINE
8
P00632
66
1
70
0
0
VERTEX
8
P00632
10
195.579987
20
234.526662
30
0.0
0
VERTEX
8
P00632
10
196.003325
20
234.526662
30
0.0
0
SEQEND
0
POLYLINE
8
P00633
66
1
70
0
0
VERTEX
8
P00633
10
195.579987
20
234.441994
30
0.0
0
VERTEX
8
P00633
10
196.003325
20
234.441994
30
0.0
0
SEQEND
0
POLYLINE
8
P00634
66
1
70
0
0
VERTEX
8
P00634
10
195.579987
20
234.357325
30
0.0
0
VERTEX
8
P00634
10
196.003325
20
234.357325
30
0.0
0
SEQEND
0
POLYLINE
8
P00635
66
1
70
0
0
VERTEX
8
P00635
10
195.579987
20
234.272662
30
0.0
0
VERTEX
8
P00635
10
196.003325
20
234.272662
30
0.0
0
SEQEND
0
POLYLINE
8
P00636
66
1
70
0
0
VERTEX
8
P00636
10
195.579987
20
234.187993
30
0.0
0
VERTEX
8
P00636
10
196.003325
20
234.187993
30
0.0
0
SEQEND
0
POLYLINE
8
P00637
66
1
70
0
0
VERTEX
8
P00637
10
195.579987
20
234.103325
30
0.0
0
VERTEX
8
P00637
10
196.003325
20
234.103325
30
0.0
0
SEQEND
0
POLYLINE
8
P00638
66
1
70
0
0
VERTEX
8
P00638
10
195.579987
20
234.018661
30
0.0
0
VERTEX
8
P00638
10
195.918661
20
234.018661
30
0.0
0
SEQEND
0
POLYLINE
8
P00639
66
1
70
0
0
VERTEX
8
P00639
10
195.579987
20
233.933993
30
0.0
0
VERTEX
8
P00639
10
195.918661
20
233.933993
30
0.0
0
SEQEND
0
POLYLINE
8
P00640
66
1
70
0
0
VERTEX
8
P00640
10
195.579987
20
233.849330
30
0.0
0
VERTEX
8
P00640
10
195.918661
20
233.849330
30
0.0
0
SEQEND
0
POLYLINE
8
P00641
66
1
70
0
0
VERTEX
8
P00641
10
195.579987
20
233.764661
30
0.0
0
VERTEX
8
P00641
10
195.918661
20
233.764661
30
0.0
0
SEQEND
0
POLYLINE
8
P00642
66
1
70
0
0
VERTEX
8
P00642
10
195.579987
20
233.679992
30
0.0
0
VERTEX
8
P00642
10
195.918661
20
233.679992
30
0.0
0
SEQEND
0
POLYLINE
8
P00643
66
1
70
0
0
VERTEX
8
P00643
10
195.579987
20
233.595329
30
0.0
0
VERTEX
8
P00643
10
195.918661
20
233.595329
30
0.0
0
SEQEND
0
POLYLINE
8
P00644
66
1
70
0
0
VERTEX
8
P00644
10
195.579987
20
233.510661
30
0.0
0
VERTEX
8
P00644
10
195.918661
20
233.510661
30
0.0
0
SEQEND
0
POLYLINE
8
P00645
66
1
70
0
0
VERTEX
8
P00645
10
195.579987
20
233.425992
30
0.0
0
VERTEX
8
P00645
10
195.833998
20
233.425992
30
0.0
0
SEQEND
0
POLYLINE
8
P00646
66
1
70
0
0
VERTEX
8
P00646
10
195.579987
20
233.341329
30
0.0
0
VERTEX
8
P00646
10
195.833998
20
233.341329
30
0.0
0
SEQEND
0
POLYLINE
8
P00647
66
1
70
0
0
VERTEX
8
P00647
10
195.579987
20
233.256660
30
0.0
0
VERTEX
8
P00647
10
195.833998
20
233.256660
30
0.0
0
SEQEND
0
POLYLINE
8
P00648
66
1
70
0
0
VERTEX
8
P00648
10
195.579987
20
233.171992
30
0.0
0
VERTEX
8
P00648
10
195.833998
20
233.171992
30
0.0
0
SEQEND
0
POLYLINE
8
P00649
66
1
70
0
0
VERTEX
8
P00649
10
195.579987
20
233.087328
30
0.0
0
VERTEX
8
P00649
10
195.833998
20
233.087328
30
0.0
0
SEQEND
0
POLYLINE
8
P00650
66
1
70
0
0
VERTEX
8
P00650
10
195.579987
20
233.002660
30
0.0
0
VERTEX
8
P00650
10
195.833998
20
233.002660
30
0.0
0
SEQEND
0
POLYLINE
8
P00651
66
1
70
0
0
VERTEX
8
P00651
10
195.579987
20
232.917991
30
0.0
0
VERTEX
8
P00651
10
195.833998
20
232.917991
30
0.0
0
SEQEND
0
POLYLINE
8
P00652
66
1
70
0
0
VERTEX
8
P00652
10
195.579987
20
232.833328
30
0.0
0
VERTEX
8
P00652
10
195.833998
20
232.833328
30
0.0
0
SEQEND
0
POLYLINE
8
P00653
66
1
70
0
0
VERTEX
8
P00653
10
195.579987
20
232.748659
30
0.0
0
VERTEX
8
P00653
10
195.749335
20
232.748659
30
0.0
0
SEQEND
0
POLYLINE
8
P00654
66
1
70
0
0
VERTEX
8
P00654
10
195.579987
20
232.663996
30
0.0
0
VERTEX
8
P00654
10
195.749335
20
232.663996
30
0.0
0
SEQEND
0
POLYLINE
8
P00655
66
1
70
0
0
VERTEX
8
P00655
10
195.579987
20
232.579328
30
0.0
0
VERTEX
8
P00655
10
195.749335
20
232.579328
30
0.0
0
SEQEND
0
POLYLINE
8
P00656
66
1
70
0
0
VERTEX
8
P00656
10
195.579987
20
232.494659
30
0.0
0
VERTEX
8
P00656
10
195.749335
20
232.494659
30
0.0
0
SEQEND
0
POLYLINE
8
P00657
66
1
70
0
0
VERTEX
8
P00657
10
195.579987
20
232.409996
30
0.0
0
VERTEX
8
P00657
10
195.749335
20
232.409996
30
0.0
0
SEQEND
0
POLYLINE
8
P00658
66
1
70
0
0
VERTEX
8
P00658
10
195.579987
20
232.325327
30
0.0
0
VERTEX
8
P00658
10
195.749335
20
232.325327
30
0.0
0
SEQEND
0
POLYLINE
8
P00659
66
1
70
0
0
VERTEX
8
P00659
10
195.579987
20
232.240658
30
0.0
0
VERTEX
8
P00659
10
195.749335
20
232.240658
30
0.0
0
SEQEND
0
POLYLINE
8
P00660
66
1
70
0
0
VERTEX
8
P00660
10
195.579987
20
232.155995
30
0.0
0
VERTEX
8
P00660
10
195.664672
20
232.155995
30
0.0
0
SEQEND
0
POLYLINE
8
P00661
66
1
70
0
0
VERTEX
8
P00661
10
195.579987
20
232.071327
30
0.0
0
VERTEX
8
P00661
10
195.664672
20
232.071327
30
0.0
0
SEQEND
0
POLYLINE
8
P00662
66
1
70
0
0
VERTEX
8
P00662
10
195.579987
20
231.986658
30
0.0
0
VERTEX
8
P00662
10
195.664672
20
231.986658
30
0.0
0
SEQEND
0
POLYLINE
8
P00663
66
1
70
0
0
VERTEX
8
P00663
10
195.579987
20
231.901995
30
0.0
0
VERTEX
8
P00663
10
195.664672
20
231.901995
30
0.0
0
SEQEND
0
POLYLINE
8
P00664
66
1
70
0
0
VERTEX
8
P00664
10
195.579987
20
231.817326
30
0.0
0
VERTEX
8
P00664
10
195.664672
20
231.817326
30
0.0
0
SEQEND
0
POLYLINE
8
P00665
66
1
70
0
0
VERTEX
8
P00665
10
195.579987
20
231.732663
30
0.0
0
VERTEX
8
P00665
10
195.664672
20
231.732663
30
0.0
0
SEQEND
0
POLYLINE
8
P00666
66
1
70
0
0
VERTEX
8
P00666
10
195.579987
20
231.647994
30
0.0
0
VERTEX
8
P00666
10
195.664672
20
231.647994
30
0.0
0
VERTEX
8
P00666
10
195.579987
20
231.647994
30
0.0
0
SEQEND
0
POLYLINE
8
P00667
66
1
70
0
0
VERTEX
8
P00667
10
195.579987
20
246.549324
30
0.0
0
VERTEX
8
P00667
10
195.579987
20
231.563326
30
0.0
0
VERTEX
8
P00667
10
195.579987
20
246.549324
30
0.0
0
SEQEND
0
POLYLINE
8
P00668
66
1
70
0
0
VERTEX
8
P00668
10
51.477333
20
197.781328
30
0.0
0
VERTEX
8
P00668
10
52.069997
20
197.781328
30
0.0
0
SEQEND
0
POLYLINE
8
P00669
66
1
70
0
0
VERTEX
8
P00669
10
50.884663
20
197.696665
30
0.0
0
VERTEX
8
P00669
10
52.069997
20
197.696665
30
0.0
0
SEQEND
0
POLYLINE
8
P00670
66
1
70
0
0
VERTEX
8
P00670
10
50.207331
20
197.611991
30
0.0
0
VERTEX
8
P00670
10
52.069997
20
197.611991
30
0.0
0
SEQEND
0
POLYLINE
8
P00671
66
1
70
0
0
VERTEX
8
P00671
10
49.614666
20
197.527327
30
0.0
0
VERTEX
8
P00671
10
52.069997
20
197.527327
30
0.0
0
SEQEND
0
POLYLINE
8
P00672
66
1
70
0
0
VERTEX
8
P00672
10
49.021997
20
197.442664
30
0.0
0
VERTEX
8
P00672
10
52.069997
20
197.442664
30
0.0
0
SEQEND
0
POLYLINE
8
P00673
66
1
70
0
0
VERTEX
8
P00673
10
48.344664
20
197.357990
30
0.0
0
VERTEX
8
P00673
10
52.069997
20
197.357990
30
0.0
0
SEQEND
0
POLYLINE
8
P00674
66
1
70
0
0
VERTEX
8
P00674
10
48.175332
20
197.273327
30
0.0
0
VERTEX
8
P00674
10
52.069997
20
197.273327
30
0.0
0
SEQEND
0
POLYLINE
8
P00675
66
1
70
0
0
VERTEX
8
P00675
10
48.006001
20
197.188664
30
0.0
0
VERTEX
8
P00675
10
52.069997
20
197.188664
30
0.0
0
SEQEND
0
POLYLINE
8
P00676
66
1
70
0
0
VERTEX
8
P00676
10
47.752000
20
197.103990
30
0.0
0
VERTEX
8
P00676
10
52.069997
20
197.103990
30
0.0
0
SEQEND
0
POLYLINE
8
P00677
66
1
70
0
0
VERTEX
8
P00677
10
47.582663
20
197.019326
30
0.0
0
VERTEX
8
P00677
10
52.069997
20
197.019326
30
0.0
0
SEQEND
0
POLYLINE
8
P00678
66
1
70
0
0
VERTEX
8
P00678
10
47.413331
20
196.934663
30
0.0
0
VERTEX
8
P00678
10
52.069997
20
196.934663
30
0.0
0
SEQEND
0
POLYLINE
8
P00679
66
1
70
0
0
VERTEX
8
P00679
10
47.159331
20
196.849989
30
0.0
0
VERTEX
8
P00679
10
52.069997
20
196.849989
30
0.0
0
SEQEND
0
POLYLINE
8
P00680
66
1
70
0
0
VERTEX
8
P00680
10
46.989999
20
196.765326
30
0.0
0
VERTEX
8
P00680
10
52.069997
20
196.765326
30
0.0
0
SEQEND
0
POLYLINE
8
P00681
66
1
70
0
0
VERTEX
8
P00681
10
46.820667
20
196.680663
30
0.0
0
VERTEX
8
P00681
10
52.069997
20
196.680663
30
0.0
0
SEQEND
0
POLYLINE
8
P00682
66
1
70
0
0
VERTEX
8
P00682
10
46.566667
20
196.596000
30
0.0
0
VERTEX
8
P00682
10
52.069997
20
196.596000
30
0.0
0
SEQEND
0
POLYLINE
8
P00683
66
1
70
0
0
VERTEX
8
P00683
10
46.820667
20
196.511326
30
0.0
0
VERTEX
8
P00683
10
52.069997
20
196.511326
30
0.0
0
SEQEND
0
POLYLINE
8
P00684
66
1
70
0
0
VERTEX
8
P00684
10
46.989999
20
196.426662
30
0.0
0
VERTEX
8
P00684
10
52.069997
20
196.426662
30
0.0
0
SEQEND
0
POLYLINE
8
P00685
66
1
70
0
0
VERTEX
8
P00685
10
47.159331
20
196.341999
30
0.0
0
VERTEX
8
P00685
10
52.069997
20
196.341999
30
0.0
0
SEQEND
0
POLYLINE
8
P00686
66
1
70
0
0
VERTEX
8
P00686
10
47.413331
20
196.257325
30
0.0
0
VERTEX
8
P00686
10
52.069997
20
196.257325
30
0.0
0
SEQEND
0
POLYLINE
8
P00687
66
1
70
0
0
VERTEX
8
P00687
10
47.582663
20
196.172662
30
0.0
0
VERTEX
8
P00687
10
52.069997
20
196.172662
30
0.0
0
SEQEND
0
POLYLINE
8
P00688
66
1
70
0
0
VERTEX
8
P00688
10
47.752000
20
196.087999
30
0.0
0
VERTEX
8
P00688
10
52.069997
20
196.087999
30
0.0
0
SEQEND
0
POLYLINE
8
P00689
66
1
70
0
0
VERTEX
8
P00689
10
48.006001
20
196.003325
30
0.0
0
VERTEX
8
P00689
10
52.069997
20
196.003325
30
0.0
0
SEQEND
0
POLYLINE
8
P00690
66
1
70
0
0
VERTEX
8
P00690
10
48.175332
20
195.918661
30
0.0
0
VERTEX
8
P00690
10
52.069997
20
195.918661
30
0.0
0
SEQEND
0
POLYLINE
8
P00691
66
1
70
0
0
VERTEX
8
P00691
10
48.344664
20
195.833998
30
0.0
0
VERTEX
8
P00691
10
52.069997
20
195.833998
30
0.0
0
SEQEND
0
POLYLINE
8
P00692
66
1
70
0
0
VERTEX
8
P00692
10
49.106666
20
195.749324
30
0.0
0
VERTEX
8
P00692
10
52.069997
20
195.749324
30
0.0
0
SEQEND
0
POLYLINE
8
P00693
66
1
70
0
0
VERTEX
8
P00693
10
49.868667
20
195.664661
30
0.0
0
VERTEX
8
P00693
10
52.069997
20
195.664661
30
0.0
0
SEQEND
0
POLYLINE
8
P00694
66
1
70
0
0
VERTEX
8
P00694
10
50.630668
20
195.579998
30
0.0
0
VERTEX
8
P00694
10
52.069997
20
195.579998
30
0.0
0
SEQEND
0
POLYLINE
8
P00695
66
1
70
0
0
VERTEX
8
P00695
10
51.392664
20
195.495324
30
0.0
0
VERTEX
8
P00695
10
52.069997
20
195.495324
30
0.0
0
VERTEX
8
P00695
10
51.392664
20
195.495324
30
0.0
0
SEQEND
0
POLYLINE
8
P00696
66
1
70
0
0
VERTEX
8
P00696
10
46.566667
20
196.596000
30
0.0
0
VERTEX
8
P00696
10
51.562001
20
197.273327
30
0.0
0
VERTEX
8
P00696
10
46.566667
20
196.596000
30
0.0
0
SEQEND
0
POLYLINE
8
P00697
66
1
70
0
0
VERTEX
8
P00697
10
51.562001
20
197.273327
30
0.0
0
VERTEX
8
P00697
10
51.054000
20
196.596000
30
0.0
0
VERTEX
8
P00697
10
51.562001
20
197.273327
30
0.0
0
SEQEND
0
POLYLINE
8
P00698
66
1
70
0
0
VERTEX
8
P00698
10
51.054000
20
196.596000
30
0.0
0
VERTEX
8
P00698
10
51.562001
20
195.918661
30
0.0
0
VERTEX
8
P00698
10
51.054000
20
196.596000
30
0.0
0
SEQEND
0
POLYLINE
8
P00699
66
1
70
0
0
VERTEX
8
P00699
10
51.562001
20
195.918661
30
0.0
0
VERTEX
8
P00699
10
46.566667
20
196.596000
30
0.0
0
VERTEX
8
P00699
10
51.562001
20
195.918661
30
0.0
0
SEQEND
0
POLYLINE
8
P00700
66
1
70
0
0
VERTEX
8
P00700
10
50.969332
20
197.188664
30
0.0
0
VERTEX
8
P00700
10
51.562001
20
197.188664
30
0.0
0
SEQEND
0
POLYLINE
8
P00701
66
1
70
0
0
VERTEX
8
P00701
10
50.376668
20
197.103990
30
0.0
0
VERTEX
8
P00701
10
51.477333
20
197.103990
30
0.0
0
SEQEND
0
POLYLINE
8
P00702
66
1
70
0
0
VERTEX
8
P00702
10
49.699330
20
197.019326
30
0.0
0
VERTEX
8
P00702
10
51.392664
20
197.019326
30
0.0
0
SEQEND
0
POLYLINE
8
P00703
66
1
70
0
0
VERTEX
8
P00703
10
49.106666
20
196.934663
30
0.0
0
VERTEX
8
P00703
10
51.308001
20
196.934663
30
0.0
0
SEQEND
0
POLYLINE
8
P00704
66
1
70
0
0
VERTEX
8
P00704
10
48.514002
20
196.849989
30
0.0
0
VERTEX
8
P00704
10
51.308001
20
196.849989
30
0.0
0
SEQEND
0
POLYLINE
8
P00705
66
1
70
0
0
VERTEX
8
P00705
10
47.836663
20
196.765326
30
0.0
0
VERTEX
8
P00705
10
51.223332
20
196.765326
30
0.0
0
SEQEND
0
POLYLINE
8
P00706
66
1
70
0
0
VERTEX
8
P00706
10
47.243999
20
196.680663
30
0.0
0
VERTEX
8
P00706
10
51.138664
20
196.680663
30
0.0
0
VERTEX
8
P00706
10
47.243999
20
196.680663
30
0.0
0
SEQEND
0
POLYLINE
8
P00707
66
1
70
0
0
VERTEX
8
P00707
10
46.566667
20
196.596000
30
0.0
0
VERTEX
8
P00707
10
51.054000
20
196.596000
30
0.0
0
SEQEND
0
POLYLINE
8
P00708
66
1
70
0
0
VERTEX
8
P00708
10
47.243999
20
196.511326
30
0.0
0
VERTEX
8
P00708
10
51.138664
20
196.511326
30
0.0
0
SEQEND
0
POLYLINE
8
P00709
66
1
70
0
0
VERTEX
8
P00709
10
47.836663
20
196.426662
30
0.0
0
VERTEX
8
P00709
10
51.223332
20
196.426662
30
0.0
0
SEQEND
0
POLYLINE
8
P00710
66
1
70
0
0
VERTEX
8
P00710
10
48.514002
20
196.341999
30
0.0
0
VERTEX
8
P00710
10
51.308001
20
196.341999
30
0.0
0
SEQEND
0
POLYLINE
8
P00711
66
1
70
0
0
VERTEX
8
P00711
10
49.106666
20
196.257325
30
0.0
0
VERTEX
8
P00711
10
51.308001
20
196.257325
30
0.0
0
SEQEND
0
POLYLINE
8
P00712
66
1
70
0
0
VERTEX
8
P00712
10
49.699330
20
196.172662
30
0.0
0
VERTEX
8
P00712
10
51.392664
20
196.172662
30
0.0
0
SEQEND
0
POLYLINE
8
P00713
66
1
70
0
0
VERTEX
8
P00713
10
50.376668
20
196.087999
30
0.0
0
VERTEX
8
P00713
10
51.477333
20
196.087999
30
0.0
0
SEQEND
0
POLYLINE
8
P00714
66
1
70
0
0
VERTEX
8
P00714
10
50.969332
20
196.003325
30
0.0
0
VERTEX
8
P00714
10
51.562001
20
196.003325
30
0.0
0
VERTEX
8
P00714
10
50.969332
20
196.003325
30
0.0
0
SEQEND
0
POLYLINE
8
P00715
66
1
70
0
0
VERTEX
8
P00715
10
181.101995
20
197.781328
30
0.0
0
VERTEX
8
P00715
10
181.779322
20
197.781328
30
0.0
0
SEQEND
0
POLYLINE
8
P00716
66
1
70
0
0
VERTEX
8
P00716
10
181.101995
20
197.696665
30
0.0
0
VERTEX
8
P00716
10
182.371986
20
197.696665
30
0.0
0
SEQEND
0
POLYLINE
8
P00717
66
1
70
0
0
VERTEX
8
P00717
10
181.101995
20
197.611991
30
0.0
0
VERTEX
8
P00717
10
182.964672
20
197.611991
30
0.0
0
SEQEND
0
POLYLINE
8
P00718
66
1
70
0
0
VERTEX
8
P00718
10
181.101995
20
197.527327
30
0.0
0
VERTEX
8
P00718
10
183.557336
20
197.527327
30
0.0
0
SEQEND
0
POLYLINE
8
P00719
66
1
70
0
0
VERTEX
8
P00719
10
181.101995
20
197.442664
30
0.0
0
VERTEX
8
P00719
10
184.150000
20
197.442664
30
0.0
0
SEQEND
0
POLYLINE
8
P00720
66
1
70
0
0
VERTEX
8
P00720
10
181.101995
20
197.357990
30
0.0
0
VERTEX
8
P00720
10
184.742664
20
197.357990
30
0.0
0
SEQEND
0
POLYLINE
8
P00721
66
1
70
0
0
VERTEX
8
P00721
10
181.101995
20
197.273327
30
0.0
0
VERTEX
8
P00721
10
184.996654
20
197.273327
30
0.0
0
SEQEND
0
POLYLINE
8
P00722
66
1
70
0
0
VERTEX
8
P00722
10
181.101995
20
197.188664
30
0.0
0
VERTEX
8
P00722
10
185.166002
20
197.188664
30
0.0
0
SEQEND
0
POLYLINE
8
P00723
66
1
70
0
0
VERTEX
8
P00723
10
181.101995
20
197.103990
30
0.0
0
VERTEX
8
P00723
10
185.419991
20
197.103990
30
0.0
0
SEQEND
0
POLYLINE
8
P00724
66
1
70
0
0
VERTEX
8
P00724
10
181.101995
20
197.019326
30
0.0
0
VERTEX
8
P00724
10
185.589339
20
197.019326
30
0.0
0
SEQEND
0
POLYLINE
8
P00725
66
1
70
0
0
VERTEX
8
P00725
10
181.101995
20
196.934663
30
0.0
0
VERTEX
8
P00725
10
185.843329
20
196.934663
30
0.0
0
SEQEND
0
POLYLINE
8
P00726
66
1
70
0
0
VERTEX
8
P00726
10
181.101995
20
196.849989
30
0.0
0
VERTEX
8
P00726
10
186.012655
20
196.849989
30
0.0
0
SEQEND
0
POLYLINE
8
P00727
66
1
70
0
0
VERTEX
8
P00727
10
181.101995
20
196.765326
30
0.0
0
VERTEX
8
P00727
10
186.266667
20
196.765326
30
0.0
0
SEQEND
0
POLYLINE
8
P00728
66
1
70
0
0
VERTEX
8
P00728
10
181.101995
20
196.680663
30
0.0
0
VERTEX
8
P00728
10
186.435993
20
196.680663
30
0.0
0
SEQEND
0
POLYLINE
8
P00729
66
1
70
0
0
VERTEX
8
P00729
10
181.101995
20
196.596000
30
0.0
0
VERTEX
8
P00729
10
186.605320
20
196.596000
30
0.0
0
SEQEND
0
POLYLINE
8
P00730
66
1
70
0
0
VERTEX
8
P00730
10
181.101995
20
196.511326
30
0.0
0
VERTEX
8
P00730
10
186.435993
20
196.511326
30
0.0
0
SEQEND
0
POLYLINE
8
P00731
66
1
70
0
0
VERTEX
8
P00731
10
181.101995
20
196.426662
30
0.0
0
VERTEX
8
P00731
10
186.266667
20
196.426662
30
0.0
0
SEQEND
0
POLYLINE
8
P00732
66
1
70
0
0
VERTEX
8
P00732
10
181.101995
20
196.341999
30
0.0
0
VERTEX
8
P00732
10
186.012655
20
196.341999
30
0.0
0
SEQEND
0
POLYLINE
8
P00733
66
1
70
0
0
VERTEX
8
P00733
10
181.101995
20
196.257325
30
0.0
0
VERTEX
8
P00733
10
185.843329
20
196.257325
30
0.0
0
SEQEND
0
POLYLINE
8
P00734
66
1
70
0
0
VERTEX
8
P00734
10
181.101995
20
196.172662
30
0.0
0
VERTEX
8
P00734
10
185.589339
20
196.172662
30
0.0
0
SEQEND
0
POLYLINE
8
P00735
66
1
70
0
0
VERTEX
8
P00735
10
181.101995
20
196.087999
30
0.0
0
VERTEX
8
P00735
10
185.419991
20
196.087999
30
0.0
0
SEQEND
0
POLYLINE
8
P00736
66
1
70
0
0
VERTEX
8
P00736
10
181.101995
20
196.003325
30
0.0
0
VERTEX
8
P00736
10
185.166002
20
196.003325
30
0.0
0
SEQEND
0
POLYLINE
8
P00737
66
1
70
0
0
VERTEX
8
P00737
10
181.101995
20
195.918661
30
0.0
0
VERTEX
8
P00737
10
184.996654
20
195.918661
30
0.0
0
SEQEND
0
POLYLINE
8
P00738
66
1
70
0
0
VERTEX
8
P00738
10
181.101995
20
195.833998
30
0.0
0
VERTEX
8
P00738
10
184.742664
20
195.833998
30
0.0
0
SEQEND
0
POLYLINE
8
P00739
66
1
70
0
0
VERTEX
8
P00739
10
181.101995
20
195.749324
30
0.0
0
VERTEX
8
P00739
10
184.065337
20
195.749324
30
0.0
0
SEQEND
0
POLYLINE
8
P00740
66
1
70
0
0
VERTEX
8
P00740
10
181.101995
20
195.664661
30
0.0
0
VERTEX
8
P00740
10
183.303325
20
195.664661
30
0.0
0
SEQEND
0
POLYLINE
8
P00741
66
1
70
0
0
VERTEX
8
P00741
10
181.101995
20
195.579998
30
0.0
0
VERTEX
8
P00741
10
182.625997
20
195.579998
30
0.0
0
SEQEND
0
POLYLINE
8
P00742
66
1
70
0
0
VERTEX
8
P00742
10
181.101995
20
195.495324
30
0.0
0
VERTEX
8
P00742
10
181.863985
20
195.495324
30
0.0
0
VERTEX
8
P00742
10
181.101995
20
195.495324
30
0.0
0
SEQEND
0
POLYLINE
8
P00743
66
1
70
0
0
VERTEX
8
P00743
10
186.605320
20
196.596000
30
0.0
0
VERTEX
8
P00743
10
181.525332
20
195.918661
30
0.0
0
VERTEX
8
P00743
10
186.605320
20
196.596000
30
0.0
0
SEQEND
0
POLYLINE
8
P00744
66
1
70
0
0
VERTEX
8
P00744
10
181.525332
20
195.918661
30
0.0
0
VERTEX
8
P00744
10
182.033333
20
196.596000
30
0.0
0
VERTEX
8
P00744
10
181.525332
20
195.918661
30
0.0
0
SEQEND
0
POLYLINE
8
P00745
66
1
70
0
0
VERTEX
8
P00745
10
182.033333
20
196.596000
30
0.0
0
VERTEX
8
P00745
10
181.525332
20
197.273327
30
0.0
0
VERTEX
8
P00745
10
182.033333
20
196.596000
30
0.0
0
SEQEND
0
POLYLINE
8
P00746
66
1
70
0
0
VERTEX
8
P00746
10
181.525332
20
197.273327
30
0.0
0
VERTEX
8
P00746
10
186.605320
20
196.596000
30
0.0
0
VERTEX
8
P00746
10
181.525332
20
197.273327
30
0.0
0
SEQEND
0
POLYLINE
8
P00747
66
1
70
0
0
VERTEX
8
P00747
10
182.033333
20
196.596000
30
0.0
0
VERTEX
8
P00747
10
186.605320
20
196.596000
30
0.0
0
SEQEND
0
POLYLINE
8
P00748
66
1
70
0
0
VERTEX
8
P00748
10
182.033333
20
196.511326
30
0.0
0
VERTEX
8
P00748
10
186.012655
20
196.511326
30
0.0
0
SEQEND
0
POLYLINE
8
P00749
66
1
70
0
0
VERTEX
8
P00749
10
181.948670
20
196.426662
30
0.0
0
VERTEX
8
P00749
10
185.335328
20
196.426662
30
0.0
0
SEQEND
0
POLYLINE
8
P00750
66
1
70
0
0
VERTEX
8
P00750
10
181.863985
20
196.341999
30
0.0
0
VERTEX
8
P00750
10
184.742664
20
196.341999
30
0.0
0
SEQEND
0
POLYLINE
8
P00751
66
1
70
0
0
VERTEX
8
P00751
10
181.779322
20
196.257325
30
0.0
0
VERTEX
8
P00751
10
184.065337
20
196.257325
30
0.0
0
SEQEND
0
POLYLINE
8
P00752
66
1
70
0
0
VERTEX
8
P00752
10
181.779322
20
196.172662
30
0.0
0
VERTEX
8
P00752
10
183.472673
20
196.172662
30
0.0
0
SEQEND
0
POLYLINE
8
P00753
66
1
70
0
0
VERTEX
8
P00753
10
181.694659
20
196.087999
30
0.0
0
VERTEX
8
P00753
10
182.795324
20
196.087999
30
0.0
0
SEQEND
0
POLYLINE
8
P00754
66
1
70
0
0
VERTEX
8
P00754
10
181.609996
20
196.003325
30
0.0
0
VERTEX
8
P00754
10
182.202660
20
196.003325
30
0.0
0
VERTEX
8
P00754
10
181.609996
20
196.003325
30
0.0
0
SEQEND
0
POLYLINE
8
P00755
66
1
70
0
0
VERTEX
8
P00755
10
181.609996
20
197.188664
30
0.0
0
VERTEX
8
P00755
10
182.202660
20
197.188664
30
0.0
0
SEQEND
0
POLYLINE
8
P00756
66
1
70
0
0
VERTEX
8
P00756
10
181.694659
20
197.103990
30
0.0
0
VERTEX
8
P00756
10
182.795324
20
197.103990
30
0.0
0
SEQEND
0
POLYLINE
8
P00757
66
1
70
0
0
VERTEX
8
P00757
10
181.779322
20
197.019326
30
0.0
0
VERTEX
8
P00757
10
183.472673
20
197.019326
30
0.0
0
SEQEND
0
POLYLINE
8
P00758
66
1
70
0
0
VERTEX
8
P00758
10
181.779322
20
196.934663
30
0.0
0
VERTEX
8
P00758
10
184.065337
20
196.934663
30
0.0
0
SEQEND
0
POLYLINE
8
P00759
66
1
70
0
0
VERTEX
8
P00759
10
181.863985
20
196.849989
30
0.0
0
VERTEX
8
P00759
10
184.742664
20
196.849989
30
0.0
0
SEQEND
0
POLYLINE
8
P00760
66
1
70
0
0
VERTEX
8
P00760
10
181.948670
20
196.765326
30
0.0
0
VERTEX
8
P00760
10
185.335328
20
196.765326
30
0.0
0
SEQEND
0
POLYLINE
8
P00761
66
1
70
0
0
VERTEX
8
P00761
10
182.033333
20
196.680663
30
0.0
0
VERTEX
8
P00761
10
186.012655
20
196.680663
30
0.0
0
VERTEX
8
P00761
10
182.033333
20
196.680663
30
0.0
0
SEQEND
0
POLYLINE
8
P00762
66
1
70
0
0
VERTEX
8
P00762
10
46.566667
20
196.596000
30
0.0
0
VERTEX
8
P00762
10
186.605320
20
196.596000
30
0.0
0
VERTEX
8
P00762
10
46.566667
20
196.596000
30
0.0
0
SEQEND
0
POLYLINE
8
P00763
66
1
70
0
0
VERTEX
8
P00763
10
52.662666
20
243.416661
30
0.0
0
VERTEX
8
P00763
10
52.747335
20
243.416661
30
0.0
0
SEQEND
0
POLYLINE
8
P00764
66
1
70
0
0
VERTEX
8
P00764
10
52.662666
20
243.331993
30
0.0
0
VERTEX
8
P00764
10
52.916667
20
243.331993
30
0.0
0
SEQEND
0
POLYLINE
8
P00765
66
1
70
0
0
VERTEX
8
P00765
10
52.662666
20
243.247329
30
0.0
0
VERTEX
8
P00765
10
53.085998
20
243.247329
30
0.0
0
SEQEND
0
POLYLINE
8
P00766
66
1
70
0
0
VERTEX
8
P00766
10
52.662666
20
243.162661
30
0.0
0
VERTEX
8
P00766
10
53.170667
20
243.162661
30
0.0
0
SEQEND
0
POLYLINE
8
P00767
66
1
70
0
0
VERTEX
8
P00767
10
52.747335
20
243.077992
30
0.0
0
VERTEX
8
P00767
10
53.339999
20
243.077992
30
0.0
0
SEQEND
0
POLYLINE
8
P00768
66
1
70
0
0
VERTEX
8
P00768
10
52.747335
20
242.993329
30
0.0
0
VERTEX
8
P00768
10
53.509331
20
242.993329
30
0.0
0
SEQEND
0
POLYLINE
8
P00769
66
1
70
0
0
VERTEX
8
P00769
10
52.747335
20
242.908660
30
0.0
0
VERTEX
8
P00769
10
53.678668
20
242.908660
30
0.0
0
SEQEND
0
POLYLINE
8
P00770
66
1
70
0
0
VERTEX
8
P00770
10
52.747335
20
242.823992
30
0.0
0
VERTEX
8
P00770
10
53.763331
20
242.823992
30
0.0
0
SEQEND
0
POLYLINE
8
P00771
66
1
70
0
0
VERTEX
8
P00771
10
52.831998
20
242.739329
30
0.0
0
VERTEX
8
P00771
10
53.932663
20
242.739329
30
0.0
0
SEQEND
0
POLYLINE
8
P00772
66
1
70
0
0
VERTEX
8
P00772
10
52.831998
20
242.654660
30
0.0
0
VERTEX
8
P00772
10
54.102000
20
242.654660
30
0.0
0
SEQEND
0
POLYLINE
8
P00773
66
1
70
0
0
VERTEX
8
P00773
10
52.831998
20
242.569991
30
0.0
0
VERTEX
8
P00773
10
54.186663
20
242.569991
30
0.0
0
SEQEND
0
POLYLINE
8
P00774
66
1
70
0
0
VERTEX
8
P00774
10
52.831998
20
242.485328
30
0.0
0
VERTEX
8
P00774
10
54.271332
20
242.485328
30
0.0
0
SEQEND
0
POLYLINE
8
P00775
66
1
70
0
0
VERTEX
8
P00775
10
52.831998
20
242.400660
30
0.0
0
VERTEX
8
P00775
10
54.356001
20
242.400660
30
0.0
0
SEQEND
0
POLYLINE
8
P00776
66
1
70
0
0
VERTEX
8
P00776
10
52.916667
20
242.315991
30
0.0
0
VERTEX
8
P00776
10
54.440664
20
242.315991
30
0.0
0
SEQEND
0
POLYLINE
8
P00777
66
1
70
0
0
VERTEX
8
P00777
10
52.916667
20
242.231328
30
0.0
0
VERTEX
8
P00777
10
54.525332
20
242.231328
30
0.0
0
SEQEND
0
POLYLINE
8
P00778
66
1
70
0
0
VERTEX
8
P00778
10
52.916667
20
242.146659
30
0.0
0
VERTEX
8
P00778
10
54.610001
20
242.146659
30
0.0
0
SEQEND
0
POLYLINE
8
P00779
66
1
70
0
0
VERTEX
8
P00779
10
52.916667
20
242.061996
30
0.0
0
VERTEX
8
P00779
10
54.694664
20
242.061996
30
0.0
0
SEQEND
0
POLYLINE
8
P00780
66
1
70
0
0
VERTEX
8
P00780
10
53.001330
20
241.977327
30
0.0
0
VERTEX
8
P00780
10
54.779333
20
241.977327
30
0.0
0
SEQEND
0
POLYLINE
8
P00781
66
1
70
0
0
VERTEX
8
P00781
10
53.001330
20
241.892659
30
0.0
0
VERTEX
8
P00781
10
54.863996
20
241.892659
30
0.0
0
SEQEND
0
POLYLINE
8
P00782
66
1
70
0
0
VERTEX
8
P00782
10
53.001330
20
241.807995
30
0.0
0
VERTEX
8
P00782
10
54.948665
20
241.807995
30
0.0
0
SEQEND
0
POLYLINE
8
P00783
66
1
70
0
0
VERTEX
8
P00783
10
53.001330
20
241.723327
30
0.0
0
VERTEX
8
P00783
10
55.033333
20
241.723327
30
0.0
0
SEQEND
0
POLYLINE
8
P00784
66
1
70
0
0
VERTEX
8
P00784
10
53.001330
20
241.638658
30
0.0
0
VERTEX
8
P00784
10
55.117997
20
241.638658
30
0.0
0
SEQEND
0
POLYLINE
8
P00785
66
1
70
0
0
VERTEX
8
P00785
10
53.085998
20
241.553995
30
0.0
0
VERTEX
8
P00785
10
55.202665
20
241.553995
30
0.0
0
SEQEND
0
POLYLINE
8
P00786
66
1
70
0
0
VERTEX
8
P00786
10
53.170667
20
241.469326
30
0.0
0
VERTEX
8
P00786
10
55.287334
20
241.469326
30
0.0
0
SEQEND
0
POLYLINE
8
P00787
66
1
70
0
0
VERTEX
8
P00787
10
53.170667
20
241.384658
30
0.0
0
VERTEX
8
P00787
10
55.371997
20
241.384658
30
0.0
0
SEQEND
0
POLYLINE
8
P00788
66
1
70
0
0
VERTEX
8
P00788
10
53.255330
20
241.299995
30
0.0
0
VERTEX
8
P00788
10
55.456666
20
241.299995
30
0.0
0
SEQEND
0
POLYLINE
8
P00789
66
1
70
0
0
VERTEX
8
P00789
10
53.255330
20
241.215326
30
0.0
0
VERTEX
8
P00789
10
55.541334
20
241.215326
30
0.0
0
SEQEND
0
POLYLINE
8
P00790
66
1
70
0
0
VERTEX
8
P00790
10
53.339999
20
241.130663
30
0.0
0
VERTEX
8
P00790
10
55.625997
20
241.130663
30
0.0
0
SEQEND
0
POLYLINE
8
P00791
66
1
70
0
0
VERTEX
8
P00791
10
53.424668
20
241.045994
30
0.0
0
VERTEX
8
P00791
10
55.710666
20
241.045994
30
0.0
0
SEQEND
0
POLYLINE
8
P00792
66
1
70
0
0
VERTEX
8
P00792
10
53.424668
20
240.961326
30
0.0
0
VERTEX
8
P00792
10
55.795335
20
240.961326
30
0.0
0
SEQEND
0
POLYLINE
8
P00793
66
1
70
0
0
VERTEX
8
P00793
10
53.509331
20
240.876662
30
0.0
0
VERTEX
8
P00793
10
55.879998
20
240.876662
30
0.0
0
SEQEND
0
POLYLINE
8
P00794
66
1
70
0
0
VERTEX
8
P00794
10
53.509331
20
240.791994
30
0.0
0
VERTEX
8
P00794
10
55.964666
20
240.791994
30
0.0
0
SEQEND
0
POLYLINE
8
P00795
66
1
70
0
0
VERTEX
8
P00795
10
53.593999
20
240.707325
30
0.0
0
VERTEX
8
P00795
10
56.049330
20
240.707325
30
0.0
0
SEQEND
0
POLYLINE
8
P00796
66
1
70
0
0
VERTEX
8
P00796
10
53.593999
20
240.622662
30
0.0
0
VERTEX
8
P00796
10
56.133998
20
240.622662
30
0.0
0
SEQEND
0
POLYLINE
8
P00797
66
1
70
0
0
VERTEX
8
P00797
10
53.678668
20
240.537993
30
0.0
0
VERTEX
8
P00797
10
56.218667
20
240.537993
30
0.0
0
SEQEND
0
POLYLINE
8
P00798
66
1
70
0
0
VERTEX
8
P00798
10
53.763331
20
240.453325
30
0.0
0
VERTEX
8
P00798
10
56.303330
20
240.453325
30
0.0
0
SEQEND
0
POLYLINE
8
P00799
66
1
70
0
0
VERTEX
8
P00799
10
53.763331
20
240.368661
30
0.0
0
VERTEX
8
P00799
10
56.387999
20
240.368661
30
0.0
0
SEQEND
0
POLYLINE
8
P00800
66
1
70
0
0
VERTEX
8
P00800
10
53.848000
20
240.283993
30
0.0
0
VERTEX
8
P00800
10
56.472667
20
240.283993
30
0.0
0
SEQEND
0
POLYLINE
8
P00801
66
1
70
0
0
VERTEX
8
P00801
10
53.848000
20
240.199324
30
0.0
0
VERTEX
8
P00801
10
56.557331
20
240.199324
30
0.0
0
SEQEND
0
POLYLINE
8
P00802
66
1
70
0
0
VERTEX
8
P00802
10
53.932663
20
240.114661
30
0.0
0
VERTEX
8
P00802
10
56.641999
20
240.114661
30
0.0
0
SEQEND
0
POLYLINE
8
P00803
66
1
70
0
0
VERTEX
8
P00803
10
53.932663
20
240.029992
30
0.0
0
VERTEX
8
P00803
10
56.726668
20
240.029992
30
0.0
0
SEQEND
0
POLYLINE
8
P00804
66
1
70
0
0
VERTEX
8
P00804
10
54.017332
20
239.945329
30
0.0
0
VERTEX
8
P00804
10
56.811331
20
239.945329
30
0.0
0
SEQEND
0
POLYLINE
8
P00805
66
1
70
0
0
VERTEX
8
P00805
10
54.102000
20
239.860661
30
0.0
0
VERTEX
8
P00805
10
56.811331
20
239.860661
30
0.0
0
SEQEND
0
POLYLINE
8
P00806
66
1
70
0
0
VERTEX
8
P00806
10
54.102000
20
239.775992
30
0.0
0
VERTEX
8
P00806
10
56.726668
20
239.775992
30
0.0
0
SEQEND
0
POLYLINE
8
P00807
66
1
70
0
0
VERTEX
8
P00807
10
54.186663
20
239.691329
30
0.0
0
VERTEX
8
P00807
10
56.641999
20
239.691329
30
0.0
0
SEQEND
0
POLYLINE
8
P00808
66
1
70
0
0
VERTEX
8
P00808
10
54.186663
20
239.606660
30
0.0
0
VERTEX
8
P00808
10
56.557331
20
239.606660
30
0.0
0
SEQEND
0
POLYLINE
8
P00809
66
1
70
0
0
VERTEX
8
P00809
10
54.271332
20
239.521992
30
0.0
0
VERTEX
8
P00809
10
56.472667
20
239.521992
30
0.0
0
SEQEND
0
POLYLINE
8
P00810
66
1
70
0
0
VERTEX
8
P00810
10
54.356001
20
239.437328
30
0.0
0
VERTEX
8
P00810
10
56.303330
20
239.437328
30
0.0
0
SEQEND
0
POLYLINE
8
P00811
66
1
70
0
0
VERTEX
8
P00811
10
54.356001
20
239.352660
30
0.0
0
VERTEX
8
P00811
10
56.218667
20
239.352660
30
0.0
0
SEQEND
0
POLYLINE
8
P00812
66
1
70
0
0
VERTEX
8
P00812
10
54.440664
20
239.267991
30
0.0
0
VERTEX
8
P00812
10
56.133998
20
239.267991
30
0.0
0
SEQEND
0
POLYLINE
8
P00813
66
1
70
0
0
VERTEX
8
P00813
10
54.440664
20
239.183328
30
0.0
0
VERTEX
8
P00813
10
56.049330
20
239.183328
30
0.0
0
SEQEND
0
POLYLINE
8
P00814
66
1
70
0
0
VERTEX
8
P00814
10
54.525332
20
239.098659
30
0.0
0
VERTEX
8
P00814
10
55.879998
20
239.098659
30
0.0
0
SEQEND
0
POLYLINE
8
P00815
66
1
70
0
0
VERTEX
8
P00815
10
54.525332
20
239.013996
30
0.0
0
VERTEX
8
P00815
10
55.795335
20
239.013996
30
0.0
0
SEQEND
0
POLYLINE
8
P00816
66
1
70
0
0
VERTEX
8
P00816
10
54.610001
20
238.929328
30
0.0
0
VERTEX
8
P00816
10
55.625997
20
238.929328
30
0.0
0
SEQEND
0
POLYLINE
8
P00817
66
1
70
0
0
VERTEX
8
P00817
10
54.694664
20
238.844659
30
0.0
0
VERTEX
8
P00817
10
55.541334
20
238.844659
30
0.0
0
SEQEND
0
POLYLINE
8
P00818
66
1
70
0
0
VERTEX
8
P00818
10
54.694664
20
238.759996
30
0.0
0
VERTEX
8
P00818
10
55.371997
20
238.759996
30
0.0
0
SEQEND
0
POLYLINE
8
P00819
66
1
70
0
0
VERTEX
8
P00819
10
54.779333
20
238.675327
30
0.0
0
VERTEX
8
P00819
10
55.287334
20
238.675327
30
0.0
0
SEQEND
0
POLYLINE
8
P00820
66
1
70
0
0
VERTEX
8
P00820
10
54.779333
20
238.590658
30
0.0
0
VERTEX
8
P00820
10
55.117997
20
238.590658
30
0.0
0
SEQEND
0
POLYLINE
8
P00821
66
1
70
0
0
VERTEX
8
P00821
10
54.863996
20
238.505995
30
0.0
0
VERTEX
8
P00821
10
55.033333
20
238.505995
30
0.0
0
VERTEX
8
P00821
10
54.863996
20
238.505995
30
0.0
0
SEQEND
0
POLYLINE
8
P00822
66
1
70
0
0
VERTEX
8
P00822
10
52.577998
20
243.501325
30
0.0
0
VERTEX
8
P00822
10
56.049330
20
239.945329
30
0.0
0
VERTEX
8
P00822
10
52.577998
20
243.501325
30
0.0
0
SEQEND
0
POLYLINE
8
P00823
66
1
70
0
0
VERTEX
8
P00823
10
56.049330
20
239.945329
30
0.0
0
VERTEX
8
P00823
10
55.287334
20
239.945329
30
0.0
0
VERTEX
8
P00823
10
56.049330
20
239.945329
30
0.0
0
SEQEND
0
POLYLINE
8
P00824
66
1
70
0
0
VERTEX
8
P00824
10
55.287334
20
239.945329
30
0.0
0
VERTEX
8
P00824
10
55.033333
20
239.098659
30
0.0
0
VERTEX
8
P00824
10
55.287334
20
239.945329
30
0.0
0
SEQEND
0
POLYLINE
8
P00825
66
1
70
0
0
VERTEX
8
P00825
10
55.033333
20
239.098659
30
0.0
0
VERTEX
8
P00825
10
52.577998
20
243.501325
30
0.0
0
VERTEX
8
P00825
10
55.033333
20
239.098659
30
0.0
0
SEQEND
0
POLYLINE
8
P00826
66
1
70
0
0
VERTEX
8
P00826
10
52.916667
20
243.077992
30
0.0
0
VERTEX
8
P00826
10
53.001330
20
243.077992
30
0.0
0
VERTEX
8
P00826
10
53.085998
20
242.993329
30
0.0
0
VERTEX
8
P00826
10
53.170667
20
242.908660
30
0.0
0
VERTEX
8
P00826
10
53.255330
20
242.823992
30
0.0
0
SEQEND
0
POLYLINE
8
P00827
66
1
70
0
0
VERTEX
8
P00827
10
53.170667
20
242.739329
30
0.0
0
VERTEX
8
P00827
10
53.339999
20
242.739329
30
0.0
0
SEQEND
0
POLYLINE
8
P00828
66
1
70
0
0
VERTEX
8
P00828
10
53.255330
20
242.654660
30
0.0
0
VERTEX
8
P00828
10
53.424668
20
242.654660
30
0.0
0
SEQEND
0
POLYLINE
8
P00829
66
1
70
0
0
VERTEX
8
P00829
10
53.339999
20
242.569991
30
0.0
0
VERTEX
8
P00829
10
53.509331
20
242.569991
30
0.0
0
SEQEND
0
POLYLINE
8
P00830
66
1
70
0
0
VERTEX
8
P00830
10
53.424668
20
242.485328
30
0.0
0
VERTEX
8
P00830
10
53.593999
20
242.485328
30
0.0
0
SEQEND
0
POLYLINE
8
P00831
66
1
70
0
0
VERTEX
8
P00831
10
53.424668
20
242.400660
30
0.0
0
VERTEX
8
P00831
10
53.678668
20
242.400660
30
0.0
0
SEQEND
0
POLYLINE
8
P00832
66
1
70
0
0
VERTEX
8
P00832
10
53.509331
20
242.315991
30
0.0
0
VERTEX
8
P00832
10
53.763331
20
242.315991
30
0.0
0
SEQEND
0
POLYLINE
8
P00833
66
1
70
0
0
VERTEX
8
P00833
10
53.593999
20
242.231328
30
0.0
0
VERTEX
8
P00833
10
53.848000
20
242.231328
30
0.0
0
SEQEND
0
POLYLINE
8
P00834
66
1
70
0
0
VERTEX
8
P00834
10
53.678668
20
242.146659
30
0.0
0
VERTEX
8
P00834
10
53.932663
20
242.146659
30
0.0
0
SEQEND
0
POLYLINE
8
P00835
66
1
70
0
0
VERTEX
8
P00835
10
53.678668
20
242.061996
30
0.0
0
VERTEX
8
P00835
10
54.017332
20
242.061996
30
0.0
0
SEQEND
0
POLYLINE
8
P00836
66
1
70
0
0
VERTEX
8
P00836
10
53.763331
20
241.977327
30
0.0
0
VERTEX
8
P00836
10
54.102000
20
241.977327
30
0.0
0
SEQEND
0
POLYLINE
8
P00837
66
1
70
0
0
VERTEX
8
P00837
10
53.848000
20
241.892659
30
0.0
0
VERTEX
8
P00837
10
54.186663
20
241.892659
30
0.0
0
SEQEND
0
POLYLINE
8
P00838
66
1
70
0
0
VERTEX
8
P00838
10
53.932663
20
241.807995
30
0.0
0
VERTEX
8
P00838
10
54.271332
20
241.807995
30
0.0
0
SEQEND
0
POLYLINE
8
P00839
66
1
70
0
0
VERTEX
8
P00839
10
53.932663
20
241.723327
30
0.0
0
VERTEX
8
P00839
10
54.356001
20
241.723327
30
0.0
0
SEQEND
0
POLYLINE
8
P00840
66
1
70
0
0
VERTEX
8
P00840
10
54.017332
20
241.638658
30
0.0
0
VERTEX
8
P00840
10
54.440664
20
241.638658
30
0.0
0
SEQEND
0
POLYLINE
8
P00841
66
1
70
0
0
VERTEX
8
P00841
10
54.102000
20
241.553995
30
0.0
0
VERTEX
8
P00841
10
54.525332
20
241.553995
30
0.0
0
SEQEND
0
POLYLINE
8
P00842
66
1
70
0
0
VERTEX
8
P00842
10
54.186663
20
241.469326
30
0.0
0
VERTEX
8
P00842
10
54.610001
20
241.469326
30
0.0
0
SEQEND
0
POLYLINE
8
P00843
66
1
70
0
0
VERTEX
8
P00843
10
54.271332
20
241.384658
30
0.0
0
VERTEX
8
P00843
10
54.694664
20
241.384658
30
0.0
0
SEQEND
0
POLYLINE
8
P00844
66
1
70
0
0
VERTEX
8
P00844
10
54.271332
20
241.299995
30
0.0
0
VERTEX
8
P00844
10
54.779333
20
241.299995
30
0.0
0
SEQEND
0
POLYLINE
8
P00845
66
1
70
0
0
VERTEX
8
P00845
10
54.356001
20
241.215326
30
0.0
0
VERTEX
8
P00845
10
54.863996
20
241.215326
30
0.0
0
SEQEND
0
POLYLINE
8
P00846
66
1
70
0
0
VERTEX
8
P00846
10
54.440664
20
241.130663
30
0.0
0
VERTEX
8
P00846
10
54.948665
20
241.130663
30
0.0
0
SEQEND
0
POLYLINE
8
P00847
66
1
70
0
0
VERTEX
8
P00847
10
54.525332
20
241.045994
30
0.0
0
VERTEX
8
P00847
10
55.033333
20
241.045994
30
0.0
0
SEQEND
0
POLYLINE
8
P00848
66
1
70
0
0
VERTEX
8
P00848
10
54.525332
20
240.961326
30
0.0
0
VERTEX
8
P00848
10
55.117997
20
240.961326
30
0.0
0
SEQEND
0
POLYLINE
8
P00849
66
1
70
0
0
VERTEX
8
P00849
10
54.610001
20
240.876662
30
0.0
0
VERTEX
8
P00849
10
55.202665
20
240.876662
30
0.0
0
SEQEND
0
POLYLINE
8
P00850
66
1
70
0
0
VERTEX
8
P00850
10
54.694664
20
240.791994
30
0.0
0
VERTEX
8
P00850
10
55.287334
20
240.791994
30
0.0
0
SEQEND
0
POLYLINE
8
P00851
66
1
70
0
0
VERTEX
8
P00851
10
54.779333
20
240.707325
30
0.0
0
VERTEX
8
P00851
10
55.371997
20
240.707325
30
0.0
0
SEQEND
0
POLYLINE
8
P00852
66
1
70
0
0
VERTEX
8
P00852
10
54.779333
20
240.622662
30
0.0
0
VERTEX
8
P00852
10
55.456666
20
240.622662
30
0.0
0
SEQEND
0
POLYLINE
8
P00853
66
1
70
0
0
VERTEX
8
P00853
10
54.863996
20
240.537993
30
0.0
0
VERTEX
8
P00853
10
55.541334
20
240.537993
30
0.0
0
SEQEND
0
POLYLINE
8
P00854
66
1
70
0
0
VERTEX
8
P00854
10
54.948665
20
240.453325
30
0.0
0
VERTEX
8
P00854
10
55.625997
20
240.453325
30
0.0
0
SEQEND
0
POLYLINE
8
P00855
66
1
70
0
0
VERTEX
8
P00855
10
55.033333
20
240.368661
30
0.0
0
VERTEX
8
P00855
10
55.710666
20
240.368661
30
0.0
0
SEQEND
0
POLYLINE
8
P00856
66
1
70
0
0
VERTEX
8
P00856
10
55.033333
20
240.283993
30
0.0
0
VERTEX
8
P00856
10
55.795335
20
240.283993
30
0.0
0
SEQEND
0
POLYLINE
8
P00857
66
1
70
0
0
VERTEX
8
P00857
10
55.117997
20
240.199324
30
0.0
0
VERTEX
8
P00857
10
55.879998
20
240.199324
30
0.0
0
SEQEND
0
POLYLINE
8
P00858
66
1
70
0
0
VERTEX
8
P00858
10
55.202665
20
240.114661
30
0.0
0
VERTEX
8
P00858
10
55.964666
20
240.114661
30
0.0
0
SEQEND
0
POLYLINE
8
P00859
66
1
70
0
0
VERTEX
8
P00859
10
55.287334
20
240.029992
30
0.0
0
VERTEX
8
P00859
10
56.049330
20
240.029992
30
0.0
0
VERTEX
8
P00859
10
55.287334
20
240.029992
30
0.0
0
SEQEND
0
POLYLINE
8
P00860
66
1
70
0
0
VERTEX
8
P00860
10
52.747335
20
243.247329
30
0.0
0
VERTEX
8
P00860
10
52.831998
20
243.247329
30
0.0
0
VERTEX
8
P00860
10
52.916667
20
243.162661
30
0.0
0
SEQEND
0
POLYLINE
8
P00861
66
1
70
0
0
VERTEX
8
P00861
10
52.831998
20
243.077992
30
0.0
0
VERTEX
8
P00861
10
52.916667
20
243.077992
30
0.0
0
VERTEX
8
P00861
10
53.001330
20
242.993329
30
0.0
0
SEQEND
0
POLYLINE
8
P00862
66
1
70
0
0
VERTEX
8
P00862
10
52.916667
20
242.908660
30
0.0
0
VERTEX
8
P00862
10
53.085998
20
242.908660
30
0.0
0
SEQEND
0
POLYLINE
8
P00863
66
1
70
0
0
VERTEX
8
P00863
10
53.001330
20
242.823992
30
0.0
0
VERTEX
8
P00863
10
53.170667
20
242.823992
30
0.0
0
SEQEND
0
POLYLINE
8
P00864
66
1
70
0
0
VERTEX
8
P00864
10
53.085998
20
242.739329
30
0.0
0
VERTEX
8
P00864
10
53.170667
20
242.739329
30
0.0
0
SEQEND
0
POLYLINE
8
P00865
66
1
70
0
0
VERTEX
8
P00865
10
53.085998
20
242.654660
30
0.0
0
VERTEX
8
P00865
10
53.255330
20
242.654660
30
0.0
0
SEQEND
0
POLYLINE
8
P00866
66
1
70
0
0
VERTEX
8
P00866
10
53.170667
20
242.569991
30
0.0
0
VERTEX
8
P00866
10
53.339999
20
242.569991
30
0.0
0
SEQEND
0
POLYLINE
8
P00867
66
1
70
0
0
VERTEX
8
P00867
10
53.170667
20
242.485328
30
0.0
0
VERTEX
8
P00867
10
53.424668
20
242.485328
30
0.0
0
SEQEND
0
POLYLINE
8
P00868
66
1
70
0
0
VERTEX
8
P00868
10
53.255330
20
242.400660
30
0.0
0
VERTEX
8
P00868
10
53.424668
20
242.400660
30
0.0
0
SEQEND
0
POLYLINE
8
P00869
66
1
70
0
0
VERTEX
8
P00869
10
53.255330
20
242.315991
30
0.0
0
VERTEX
8
P00869
10
53.509331
20
242.315991
30
0.0
0
SEQEND
0
POLYLINE
8
P00870
66
1
70
0
0
VERTEX
8
P00870
10
53.339999
20
242.231328
30
0.0
0
VERTEX
8
P00870
10
53.593999
20
242.231328
30
0.0
0
SEQEND
0
POLYLINE
8
P00871
66
1
70
0
0
VERTEX
8
P00871
10
53.339999
20
242.146659
30
0.0
0
VERTEX
8
P00871
10
53.678668
20
242.146659
30
0.0
0
SEQEND
0
POLYLINE
8
P00872
66
1
70
0
0
VERTEX
8
P00872
10
53.424668
20
242.061996
30
0.0
0
VERTEX
8
P00872
10
53.678668
20
242.061996
30
0.0
0
SEQEND
0
POLYLINE
8
P00873
66
1
70
0
0
VERTEX
8
P00873
10
53.509331
20
241.977327
30
0.0
0
VERTEX
8
P00873
10
53.763331
20
241.977327
30
0.0
0
SEQEND
0
POLYLINE
8
P00874
66
1
70
0
0
VERTEX
8
P00874
10
53.509331
20
241.892659
30
0.0
0
VERTEX
8
P00874
10
53.848000
20
241.892659
30
0.0
0
SEQEND
0
POLYLINE
8
P00875
66
1
70
0
0
VERTEX
8
P00875
10
53.593999
20
241.807995
30
0.0
0
VERTEX
8
P00875
10
53.932663
20
241.807995
30
0.0
0
SEQEND
0
POLYLINE
8
P00876
66
1
70
0
0
VERTEX
8
P00876
10
53.593999
20
241.723327
30
0.0
0
VERTEX
8
P00876
10
53.932663
20
241.723327
30
0.0
0
SEQEND
0
POLYLINE
8
P00877
66
1
70
0
0
VERTEX
8
P00877
10
53.678668
20
241.638658
30
0.0
0
VERTEX
8
P00877
10
54.017332
20
241.638658
30
0.0
0
SEQEND
0
POLYLINE
8
P00878
66
1
70
0
0
VERTEX
8
P00878
10
53.678668
20
241.553995
30
0.0
0
VERTEX
8
P00878
10
54.102000
20
241.553995
30
0.0
0
SEQEND
0
POLYLINE
8
P00879
66
1
70
0
0
VERTEX
8
P00879
10
53.763331
20
241.469326
30
0.0
0
VERTEX
8
P00879
10
54.186663
20
241.469326
30
0.0
0
SEQEND
0
POLYLINE
8
P00880
66
1
70
0
0
VERTEX
8
P00880
10
53.763331
20
241.384658
30
0.0
0
VERTEX
8
P00880
10
54.271332
20
241.384658
30
0.0
0
SEQEND
0
POLYLINE
8
P00881
66
1
70
0
0
VERTEX
8
P00881
10
53.848000
20
241.299995
30
0.0
0
VERTEX
8
P00881
10
54.271332
20
241.299995
30
0.0
0
SEQEND
0
POLYLINE
8
P00882
66
1
70
0
0
VERTEX
8
P00882
10
53.932663
20
241.215326
30
0.0
0
VERTEX
8
P00882
10
54.356001
20
241.215326
30
0.0
0
SEQEND
0
POLYLINE
8
P00883
66
1
70
0
0
VERTEX
8
P00883
10
53.932663
20
241.130663
30
0.0
0
VERTEX
8
P00883
10
54.440664
20
241.130663
30
0.0
0
SEQEND
0
POLYLINE
8
P00884
66
1
70
0
0
VERTEX
8
P00884
10
54.017332
20
241.045994
30
0.0
0
VERTEX
8
P00884
10
54.525332
20
241.045994
30
0.0
0
SEQEND
0
POLYLINE
8
P00885
66
1
70
0
0
VERTEX
8
P00885
10
54.017332
20
240.961326
30
0.0
0
VERTEX
8
P00885
10
54.525332
20
240.961326
30
0.0
0
SEQEND
0
POLYLINE
8
P00886
66
1
70
0
0
VERTEX
8
P00886
10
54.102000
20
240.876662
30
0.0
0
VERTEX
8
P00886
10
54.610001
20
240.876662
30
0.0
0
SEQEND
0
POLYLINE
8
P00887
66
1
70
0
0
VERTEX
8
P00887
10
54.102000
20
240.791994
30
0.0
0
VERTEX
8
P00887
10
54.694664
20
240.791994
30
0.0
0
SEQEND
0
POLYLINE
8
P00888
66
1
70
0
0
VERTEX
8
P00888
10
54.186663
20
240.707325
30
0.0
0
VERTEX
8
P00888
10
54.779333
20
240.707325
30
0.0
0
SEQEND
0
POLYLINE
8
P00889
66
1
70
0
0
VERTEX
8
P00889
10
54.186663
20
240.622662
30
0.0
0
VERTEX
8
P00889
10
54.779333
20
240.622662
30
0.0
0
SEQEND
0
POLYLINE
8
P00890
66
1
70
0
0
VERTEX
8
P00890
10
54.271332
20
240.537993
30
0.0
0
VERTEX
8
P00890
10
54.863996
20
240.537993
30
0.0
0
SEQEND
0
POLYLINE
8
P00891
66
1
70
0
0
VERTEX
8
P00891
10
54.356001
20
240.453325
30
0.0
0
VERTEX
8
P00891
10
54.948665
20
240.453325
30
0.0
0
SEQEND
0
POLYLINE
8
P00892
66
1
70
0
0
VERTEX
8
P00892
10
54.356001
20
240.368661
30
0.0
0
VERTEX
8
P00892
10
55.033333
20
240.368661
30
0.0
0
SEQEND
0
POLYLINE
8
P00893
66
1
70
0
0
VERTEX
8
P00893
10
54.440664
20
240.283993
30
0.0
0
VERTEX
8
P00893
10
55.033333
20
240.283993
30
0.0
0
SEQEND
0
POLYLINE
8
P00894
66
1
70
0
0
VERTEX
8
P00894
10
54.440664
20
240.199324
30
0.0
0
VERTEX
8
P00894
10
55.117997
20
240.199324
30
0.0
0
SEQEND
0
POLYLINE
8
P00895
66
1
70
0
0
VERTEX
8
P00895
10
54.525332
20
240.114661
30
0.0
0
VERTEX
8
P00895
10
55.202665
20
240.114661
30
0.0
0
SEQEND
0
POLYLINE
8
P00896
66
1
70
0
0
VERTEX
8
P00896
10
54.525332
20
240.029992
30
0.0
0
VERTEX
8
P00896
10
55.287334
20
240.029992
30
0.0
0
SEQEND
0
POLYLINE
8
P00897
66
1
70
0
0
VERTEX
8
P00897
10
54.610001
20
239.945329
30
0.0
0
VERTEX
8
P00897
10
55.287334
20
239.945329
30
0.0
0
SEQEND
0
POLYLINE
8
P00898
66
1
70
0
0
VERTEX
8
P00898
10
54.610001
20
239.860661
30
0.0
0
VERTEX
8
P00898
10
55.287334
20
239.860661
30
0.0
0
SEQEND
0
POLYLINE
8
P00899
66
1
70
0
0
VERTEX
8
P00899
10
54.694664
20
239.775992
30
0.0
0
VERTEX
8
P00899
10
55.287334
20
239.775992
30
0.0
0
SEQEND
0
POLYLINE
8
P00900
66
1
70
0
0
VERTEX
8
P00900
10
54.779333
20
239.691329
30
0.0
0
VERTEX
8
P00900
10
55.287334
20
239.691329
30
0.0
0
SEQEND
0
POLYLINE
8
P00901
66
1
70
0
0
VERTEX
8
P00901
10
54.779333
20
239.606660
30
0.0
0
VERTEX
8
P00901
10
55.202665
20
239.606660
30
0.0
0
SEQEND
0
POLYLINE
8
P00902
66
1
70
0
0
VERTEX
8
P00902
10
54.863996
20
239.521992
30
0.0
0
VERTEX
8
P00902
10
55.202665
20
239.521992
30
0.0
0
SEQEND
0
POLYLINE
8
P00903
66
1
70
0
0
VERTEX
8
P00903
10
54.863996
20
239.437328
30
0.0
0
VERTEX
8
P00903
10
55.202665
20
239.437328
30
0.0
0
SEQEND
0
POLYLINE
8
P00904
66
1
70
0
0
VERTEX
8
P00904
10
54.948665
20
239.352660
30
0.0
0
VERTEX
8
P00904
10
55.117997
20
239.352660
30
0.0
0
SEQEND
0
POLYLINE
8
P00905
66
1
70
0
0
VERTEX
8
P00905
10
54.948665
20
239.267991
30
0.0
0
VERTEX
8
P00905
10
55.117997
20
239.267991
30
0.0
0
SEQEND
0
POLYLINE
8
P00906
66
1
70
0
0
VERTEX
8
P00906
10
55.033333
20
239.183328
30
0.0
0
VERTEX
8
P00906
10
55.117997
20
239.183328
30
0.0
0
VERTEX
8
P00906
10
55.033333
20
239.183328
30
0.0
0
SEQEND
0
POLYLINE
8
P00907
66
1
70
0
0
VERTEX
8
P00907
10
61.552665
20
231.563326
30
0.0
0
VERTEX
8
P00907
10
52.577998
20
243.501325
30
0.0
0
VERTEX
8
P00907
10
61.552665
20
231.563326
30
0.0
0
SEQEND
0
POLYLINE
8
P00908
66
1
70
0
0
VERTEX
8
P00908
10
50.207331
20
260.349992
30
0.0
0
VERTEX
8
P00908
10
50.376668
20
260.349992
30
0.0
0
SEQEND
0
POLYLINE
8
P00909
66
1
70
0
0
VERTEX
8
P00909
10
50.122667
20
260.265326
30
0.0
0
VERTEX
8
P00909
10
50.461331
20
260.265326
30
0.0
0
SEQEND
0
POLYLINE
8
P00910
66
1
70
0
0
VERTEX
8
P00910
10
49.953330
20
260.180660
30
0.0
0
VERTEX
8
P00910
10
50.546000
20
260.180660
30
0.0
0
SEQEND
0
POLYLINE
8
P00911
66
1
70
0
0
VERTEX
8
P00911
10
49.868667
20
260.095994
30
0.0
0
VERTEX
8
P00911
10
50.630668
20
260.095994
30
0.0
0
SEQEND
0
POLYLINE
8
P00912
66
1
70
0
0
VERTEX
8
P00912
10
49.783998
20
260.011326
30
0.0
0
VERTEX
8
P00912
10
50.630668
20
260.011326
30
0.0
0
SEQEND
0
POLYLINE
8
P00913
66
1
70
0
0
VERTEX
8
P00913
10
49.783998
20
248.919991
30
0.0
0
VERTEX
8
P00913
10
51.392664
20
248.919991
30
0.0
0
SEQEND
0
POLYLINE
8
P00914
66
1
70
0
0
VERTEX
8
P00914
10
49.783998
20
248.835328
30
0.0
0
VERTEX
8
P00914
10
51.223332
20
248.835328
30
0.0
0
SEQEND
0
POLYLINE
8
P00915
66
1
70
0
0
VERTEX
8
P00915
10
49.868667
20
248.750660
30
0.0
0
VERTEX
8
P00915
10
51.138664
20
248.750660
30
0.0
0
SEQEND
0
POLYLINE
8
P00916
66
1
70
0
0
VERTEX
8
P00916
10
49.953330
20
248.665991
30
0.0
0
VERTEX
8
P00916
10
51.054000
20
248.665991
30
0.0
0
SEQEND
0
POLYLINE
8
P00917
66
1
70
0
0
VERTEX
8
P00917
10
50.037999
20
248.581328
30
0.0
0
VERTEX
8
P00917
10
50.884663
20
248.581328
30
0.0
0
SEQEND
0
POLYLINE
8
P00918
66
1
70
0
0
VERTEX
8
P00918
10
50.037999
20
248.496659
30
0.0
0
VERTEX
8
P00918
10
50.800000
20
248.496659
30
0.0
0
SEQEND
0
POLYLINE
8
P00919
66
1
70
0
0
VERTEX
8
P00919
10
50.122667
20
248.411996
30
0.0
0
VERTEX
8
P00919
10
50.715331
20
248.411996
30
0.0
0
SEQEND
0
POLYLINE
8
P00920
66
1
70
0
0
VERTEX
8
P00920
10
50.207331
20
248.327327
30
0.0
0
VERTEX
8
P00920
10
50.546000
20
248.327327
30
0.0
0
SEQEND
0
POLYLINE
8
P00921
66
1
70
0
0
VERTEX
8
P00921
10
50.291999
20
248.242659
30
0.0
0
VERTEX
8
P00921
10
50.461331
20
248.242659
30
0.0
0
VERTEX
8
P00921
10
50.291999
20
248.242659
30
0.0
0
SEQEND
0
POLYLINE
8
P00922
66
1
70
0
0
VERTEX
8
P00922
10
169.079333
20
228.853995
30
0.0
0
VERTEX
8
P00922
10
169.248659
20
228.853995
30
0.0
0
SEQEND
0
POLYLINE
8
P00923
66
1
70
0
0
VERTEX
8
P00923
10
168.909996
20
228.769326
30
0.0
0
VERTEX
8
P00923
10
169.248659
20
228.769326
30
0.0
0
SEQEND
0
POLYLINE
8
P00924
66
1
70
0
0
VERTEX
8
P00924
10
168.740658
20
228.684658
30
0.0
0
VERTEX
8
P00924
10
169.163996
20
228.684658
30
0.0
0
SEQEND
0
POLYLINE
8
P00925
66
1
70
0
0
VERTEX
8
P00925
10
168.571332
20
228.599995
30
0.0
0
VERTEX
8
P00925
10
169.163996
20
228.599995
30
0.0
0
SEQEND
0
POLYLINE
8
P00926
66
1
70
0
0
VERTEX
8
P00926
10
168.401995
20
228.515326
30
0.0
0
VERTEX
8
P00926
10
169.163996
20
228.515326
30
0.0
0
SEQEND
0
POLYLINE
8
P00927
66
1
70
0
0
VERTEX
8
P00927
10
168.232658
20
228.430663
30
0.0
0
VERTEX
8
P00927
10
169.079333
20
228.430663
30
0.0
0
SEQEND
0
POLYLINE
8
P00928
66
1
70
0
0
VERTEX
8
P00928
10
168.063331
20
228.345994
30
0.0
0
VERTEX
8
P00928
10
169.079333
20
228.345994
30
0.0
0
SEQEND
0
POLYLINE
8
P00929
66
1
70
0
0
VERTEX
8
P00929
10
167.893994
20
228.261326
30
0.0
0
VERTEX
8
P00929
10
169.079333
20
228.261326
30
0.0
0
SEQEND
0
POLYLINE
8
P00930
66
1
70
0
0
VERTEX
8
P00930
10
167.724668
20
228.176662
30
0.0
0
VERTEX
8
P00930
10
168.994659
20
228.176662
30
0.0
0
SEQEND
0
POLYLINE
8
P00931
66
1
70
0
0
VERTEX
8
P00931
10
167.470667
20
228.091994
30
0.0
0
VERTEX
8
P00931
10
168.994659
20
228.091994
30
0.0
0
SEQEND
0
POLYLINE
8
P00932
66
1
70
0
0
VERTEX
8
P00932
10
167.385993
20
228.007325
30
0.0
0
VERTEX
8
P00932
10
168.909996
20
228.007325
30
0.0
0
SEQEND
0
POLYLINE
8
P00933
66
1
70
0
0
VERTEX
8
P00933
10
167.301330
20
227.922662
30
0.0
0
VERTEX
8
P00933
10
168.909996
20
227.922662
30
0.0
0
SEQEND
0
POLYLINE
8
P00934
66
1
70
0
0
VERTEX
8
P00934
10
167.216667
20
227.837993
30
0.0
0
VERTEX
8
P00934
10
168.909996
20
227.837993
30
0.0
0
SEQEND
0
POLYLINE
8
P00935
66
1
70
0
0
VERTEX
8
P00935
10
167.131993
20
227.753325
30
0.0
0
VERTEX
8
P00935
10
168.825332
20
227.753325
30
0.0
0
SEQEND
0
POLYLINE
8
P00936
66
1
70
0
0
VERTEX
8
P00936
10
167.047329
20
227.668661
30
0.0
0
VERTEX
8
P00936
10
168.825332
20
227.668661
30
0.0
0
SEQEND
0
POLYLINE
8
P00937
66
1
70
0
0
VERTEX
8
P00937
10
166.962666
20
227.583993
30
0.0
0
VERTEX
8
P00937
10
168.825332
20
227.583993
30
0.0
0
SEQEND
0
POLYLINE
8
P00938
66
1
70
0
0
VERTEX
8
P00938
10
166.877992
20
227.499330
30
0.0
0
VERTEX
8
P00938
10
168.740658
20
227.499330
30
0.0
0
SEQEND
0
POLYLINE
8
P00939
66
1
70
0
0
VERTEX
8
P00939
10
166.708666
20
227.414661
30
0.0
0
VERTEX
8
P00939
10
168.740658
20
227.414661
30
0.0
0
SEQEND
0
POLYLINE
8
P00940
66
1
70
0
0
VERTEX
8
P00940
10
166.623992
20
227.329992
30
0.0
0
VERTEX
8
P00940
10
168.740658
20
227.329992
30
0.0
0
SEQEND
0
POLYLINE
8
P00941
66
1
70
0
0
VERTEX
8
P00941
10
166.539329
20
227.245329
30
0.0
0
VERTEX
8
P00941
10
168.655995
20
227.245329
30
0.0
0
SEQEND
0
POLYLINE
8
P00942
66
1
70
0
0
VERTEX
8
P00942
10
166.454665
20
227.160661
30
0.0
0
VERTEX
8
P00942
10
168.655995
20
227.160661
30
0.0
0
SEQEND
0
POLYLINE
8
P00943
66
1
70
0
0
VERTEX
8
P00943
10
166.369991
20
227.075992
30
0.0
0
VERTEX
8
P00943
10
168.571332
20
227.075992
30
0.0
0
SEQEND
0
POLYLINE
8
P00944
66
1
70
0
0
VERTEX
8
P00944
10
166.285328
20
226.991329
30
0.0
0
VERTEX
8
P00944
10
168.571332
20
226.991329
30
0.0
0
SEQEND
0
POLYLINE
8
P00945
66
1
70
0
0
VERTEX
8
P00945
10
166.200665
20
226.906660
30
0.0
0
VERTEX
8
P00945
10
168.486658
20
226.906660
30
0.0
0
SEQEND
0
POLYLINE
8
P00946
66
1
70
0
0
VERTEX
8
P00946
10
166.031328
20
226.821992
30
0.0
0
VERTEX
8
P00946
10
168.401995
20
226.821992
30
0.0
0
SEQEND
0
POLYLINE
8
P00947
66
1
70
0
0
VERTEX
8
P00947
10
165.946665
20
226.737328
30
0.0
0
VERTEX
8
P00947
10
168.401995
20
226.737328
30
0.0
0
SEQEND
0
POLYLINE
8
P00948
66
1
70
0
0
VERTEX
8
P00948
10
165.862001
20
226.652660
30
0.0
0
VERTEX
8
P00948
10
168.317332
20
226.652660
30
0.0
0
SEQEND
0
POLYLINE
8
P00949
66
1
70
0
0
VERTEX
8
P00949
10
165.777327
20
226.567991
30
0.0
0
VERTEX
8
P00949
10
168.232658
20
226.567991
30
0.0
0
SEQEND
0
POLYLINE
8
P00950
66
1
70
0
0
VERTEX
8
P00950
10
165.692664
20
226.483328
30
0.0
0
VERTEX
8
P00950
10
168.232658
20
226.483328
30
0.0
0
SEQEND
0
POLYLINE
8
P00951
66
1
70
0
0
VERTEX
8
P00951
10
165.608001
20
226.398659
30
0.0
0
VERTEX
8
P00951
10
168.147994
20
226.398659
30
0.0
0
SEQEND
0
POLYLINE
8
P00952
66
1
70
0
0
VERTEX
8
P00952
10
165.523327
20
226.313996
30
0.0
0
VERTEX
8
P00952
10
168.063331
20
226.313996
30
0.0
0
SEQEND
0
POLYLINE
8
P00953
66
1
70
0
0
VERTEX
8
P00953
10
165.354000
20
226.229328
30
0.0
0
VERTEX
8
P00953
10
168.063331
20
226.229328
30
0.0
0
SEQEND
0
POLYLINE
8
P00954
66
1
70
0
0
VERTEX
8
P00954
10
165.269326
20
226.144659
30
0.0
0
VERTEX
8
P00954
10
167.978668
20
226.144659
30
0.0
0
SEQEND
0
POLYLINE
8
P00955
66
1
70
0
0
VERTEX
8
P00955
10
165.184663
20
226.059996
30
0.0
0
VERTEX
8
P00955
10
167.893994
20
226.059996
30
0.0
0
SEQEND
0
POLYLINE
8
P00956
66
1
70
0
0
VERTEX
8
P00956
10
165.100000
20
225.975327
30
0.0
0
VERTEX
8
P00956
10
167.809331
20
225.975327
30
0.0
0
SEQEND
0
POLYLINE
8
P00957
66
1
70
0
0
VERTEX
8
P00957
10
165.015326
20
225.890658
30
0.0
0
VERTEX
8
P00957
10
167.809331
20
225.890658
30
0.0
0
SEQEND
0
POLYLINE
8
P00958
66
1
70
0
0
VERTEX
8
P00958
10
164.930663
20
225.805995
30
0.0
0
VERTEX
8
P00958
10
167.724668
20
225.805995
30
0.0
0
SEQEND
0
POLYLINE
8
P00959
66
1
70
0
0
VERTEX
8
P00959
10
164.846000
20
225.721327
30
0.0
0
VERTEX
8
P00959
10
167.639994
20
225.721327
30
0.0
0
SEQEND
0
POLYLINE
8
P00960
66
1
70
0
0
VERTEX
8
P00960
10
164.676662
20
225.636658
30
0.0
0
VERTEX
8
P00960
10
167.639994
20
225.636658
30
0.0
0
SEQEND
0
POLYLINE
8
P00961
66
1
70
0
0
VERTEX
8
P00961
10
164.846000
20
225.551995
30
0.0
0
VERTEX
8
P00961
10
167.555330
20
225.551995
30
0.0
0
SEQEND
0
POLYLINE
8
P00962
66
1
70
0
0
VERTEX
8
P00962
10
164.930663
20
225.467326
30
0.0
0
VERTEX
8
P00962
10
167.470667
20
225.467326
30
0.0
0
SEQEND
0
POLYLINE
8
P00963
66
1
70
0
0
VERTEX
8
P00963
10
165.015326
20
225.382663
30
0.0
0
VERTEX
8
P00963
10
167.470667
20
225.382663
30
0.0
0
SEQEND
0
POLYLINE
8
P00964
66
1
70
0
0
VERTEX
8
P00964
10
165.100000
20
225.297994
30
0.0
0
VERTEX
8
P00964
10
167.385993
20
225.297994
30
0.0
0
SEQEND
0
POLYLINE
8
P00965
66
1
70
0
0
VERTEX
8
P00965
10
165.184663
20
225.213326
30
0.0
0
VERTEX
8
P00965
10
167.301330
20
225.213326
30
0.0
0
SEQEND
0
POLYLINE
8
P00966
66
1
70
0
0
VERTEX
8
P00966
10
165.269326
20
225.128663
30
0.0
0
VERTEX
8
P00966
10
167.301330
20
225.128663
30
0.0
0
SEQEND
0
POLYLINE
8
P00967
66
1
70
0
0
VERTEX
8
P00967
10
165.354000
20
225.043994
30
0.0
0
VERTEX
8
P00967
10
167.216667
20
225.043994
30
0.0
0
SEQEND
0
POLYLINE
8
P00968
66
1
70
0
0
VERTEX
8
P00968
10
165.438664
20
224.959325
30
0.0
0
VERTEX
8
P00968
10
167.131993
20
224.959325
30
0.0
0
SEQEND
0
POLYLINE
8
P00969
66
1
70
0
0
VERTEX
8
P00969
10
165.523327
20
224.874662
30
0.0
0
VERTEX
8
P00969
10
167.047329
20
224.874662
30
0.0
0
SEQEND
0
POLYLINE
8
P00970
66
1
70
0
0
VERTEX
8
P00970
10
165.692664
20
224.789994
30
0.0
0
VERTEX
8
P00970
10
167.047329
20
224.789994
30
0.0
0
SEQEND
0
POLYLINE
8
P00971
66
1
70
0
0
VERTEX
8
P00971
10
165.777327
20
224.705325
30
0.0
0
VERTEX
8
P00971
10
166.962666
20
224.705325
30
0.0
0
SEQEND
0
POLYLINE
8
P00972
66
1
70
0
0
VERTEX
8
P00972
10
165.862001
20
224.620662
30
0.0
0
VERTEX
8
P00972
10
166.877992
20
224.620662
30
0.0
0
SEQEND
0
POLYLINE
8
P00973
66
1
70
0
0
VERTEX
8
P00973
10
165.946665
20
224.535993
30
0.0
0
VERTEX
8
P00973
10
166.877992
20
224.535993
30
0.0
0
SEQEND
0
POLYLINE
8
P00974
66
1
70
0
0
VERTEX
8
P00974
10
166.031328
20
224.451330
30
0.0
0
VERTEX
8
P00974
10
166.793329
20
224.451330
30
0.0
0
SEQEND
0
POLYLINE
8
P00975
66
1
70
0
0
VERTEX
8
P00975
10
166.115991
20
224.366661
30
0.0
0
VERTEX
8
P00975
10
166.708666
20
224.366661
30
0.0
0
SEQEND
0
POLYLINE
8
P00976
66
1
70
0
0
VERTEX
8
P00976
10
166.200665
20
224.281993
30
0.0
0
VERTEX
8
P00976
10
166.708666
20
224.281993
30
0.0
0
SEQEND
0
POLYLINE
8
P00977
66
1
70
0
0
VERTEX
8
P00977
10
166.285328
20
224.197329
30
0.0
0
VERTEX
8
P00977
10
166.623992
20
224.197329
30
0.0
0
SEQEND
0
POLYLINE
8
P00978
66
1
70
0
0
VERTEX
8
P00978
10
166.369991
20
224.112661
30
0.0
0
VERTEX
8
P00978
10
166.539329
20
224.112661
30
0.0
0
VERTEX
8
P00978
10
166.369991
20
224.112661
30
0.0
0
SEQEND
0
POLYLINE
8
P00979
66
1
70
0
0
VERTEX
8
P00979
10
169.248659
20
228.938658
30
0.0
0
VERTEX
8
P00979
10
165.438664
20
225.636658
30
0.0
0
VERTEX
8
P00979
10
169.248659
20
228.938658
30
0.0
0
SEQEND
0
POLYLINE
8
P00980
66
1
70
0
0
VERTEX
8
P00980
10
165.438664
20
225.636658
30
0.0
0
VERTEX
8
P00980
10
166.200665
20
225.551995
30
0.0
0
VERTEX
8
P00980
10
165.438664
20
225.636658
30
0.0
0
SEQEND
0
POLYLINE
8
P00981
66
1
70
0
0
VERTEX
8
P00981
10
166.200665
20
225.551995
30
0.0
0
VERTEX
8
P00981
10
166.369991
20
224.789994
30
0.0
0
VERTEX
8
P00981
10
166.200665
20
225.551995
30
0.0
0
SEQEND
0
POLYLINE
8
P00982
66
1
70
0
0
VERTEX
8
P00982
10
166.369991
20
224.789994
30
0.0
0
VERTEX
8
P00982
10
169.248659
20
228.938658
30
0.0
0
VERTEX
8
P00982
10
166.369991
20
224.789994
30
0.0
0
SEQEND
0
POLYLINE
8
P00983
66
1
70
0
0
VERTEX
8
P00983
10
169.248659
20
228.938658
30
0.0
0
VERTEX
8
P00983
10
164.591999
20
223.689329
30
0.0
0
VERTEX
8
P00983
10
169.248659
20
228.938658
30
0.0
0
SEQEND
0
POLYLINE
8
P00984
66
1
70
0
0
VERTEX
8
P00984
10
169.163996
20
228.853995
30
0.0
0
VERTEX
8
P00984
10
169.248659
20
228.853995
30
0.0
0
SEQEND
0
POLYLINE
8
P00985
66
1
70
0
0
VERTEX
8
P00985
10
169.079333
20
228.769326
30
0.0
0
VERTEX
8
P00985
10
169.163996
20
228.769326
30
0.0
0
SEQEND
0
POLYLINE
8
P00986
66
1
70
0
0
VERTEX
8
P00986
10
168.994659
20
228.684658
30
0.0
0
VERTEX
8
P00986
10
169.079333
20
228.684658
30
0.0
0
SEQEND
0
POLYLINE
8
P00987
66
1
70
0
0
VERTEX
8
P00987
10
168.909996
20
228.599995
30
0.0
0
VERTEX
8
P00987
10
168.994659
20
228.599995
30
0.0
0
SEQEND
0
POLYLINE
8
P00988
66
1
70
0
0
VERTEX
8
P00988
10
168.825332
20
228.515326
30
0.0
0
VERTEX
8
P00988
10
168.909996
20
228.515326
30
0.0
0
SEQEND
0
POLYLINE
8
P00989
66
1
70
0
0
VERTEX
8
P00989
10
168.740658
20
228.430663
30
0.0
0
VERTEX
8
P00989
10
168.825332
20
228.430663
30
0.0
0
SEQEND
0
POLYLINE
8
P00990
66
1
70
0
0
VERTEX
8
P00990
10
168.571332
20
228.345994
30
0.0
0
VERTEX
8
P00990
10
168.740658
20
228.345994
30
0.0
0
SEQEND
0
POLYLINE
8
P00991
66
1
70
0
0
VERTEX
8
P00991
10
168.486658
20
228.261326
30
0.0
0
VERTEX
8
P00991
10
168.655995
20
228.261326
30
0.0
0
SEQEND
0
POLYLINE
8
P00992
66
1
70
0
0
VERTEX
8
P00992
10
168.401995
20
228.176662
30
0.0
0
VERTEX
8
P00992
10
168.571332
20
228.176662
30
0.0
0
SEQEND
0
POLYLINE
8
P00993
66
1
70
0
0
VERTEX
8
P00993
10
168.317332
20
228.091994
30
0.0
0
VERTEX
8
P00993
10
168.486658
20
228.091994
30
0.0
0
SEQEND
0
POLYLINE
8
P00994
66
1
70
0
0
VERTEX
8
P00994
10
168.232658
20
228.007325
30
0.0
0
VERTEX
8
P00994
10
168.486658
20
228.007325
30
0.0
0
SEQEND
0
POLYLINE
8
P00995
66
1
70
0
0
VERTEX
8
P00995
10
168.147994
20
227.922662
30
0.0
0
VERTEX
8
P00995
10
168.401995
20
227.922662
30
0.0
0
SEQEND
0
POLYLINE
8
P00996
66
1
70
0
0
VERTEX
8
P00996
10
167.978668
20
227.837993
30
0.0
0
VERTEX
8
P00996
10
168.317332
20
227.837993
30
0.0
0
SEQEND
0
POLYLINE
8
P00997
66
1
70
0
0
VERTEX
8
P00997
10
167.893994
20
227.753325
30
0.0
0
VERTEX
8
P00997
10
168.232658
20
227.753325
30
0.0
0
SEQEND
0
POLYLINE
8
P00998
66
1
70
0
0
VERTEX
8
P00998
10
167.809331
20
227.668661
30
0.0
0
VERTEX
8
P00998
10
168.147994
20
227.668661
30
0.0
0
SEQEND
0
POLYLINE
8
P00999
66
1
70
0
0
VERTEX
8
P00999
10
167.724668
20
227.583993
30
0.0
0
VERTEX
8
P00999
10
168.063331
20
227.583993
30
0.0
0
SEQEND
0
POLYLINE
8
P01000
66
1
70
0
0
VERTEX
8
P01000
10
167.639994
20
227.499330
30
0.0
0
VERTEX
8
P01000
10
167.978668
20
227.499330
30
0.0
0
SEQEND
0
POLYLINE
8
P01001
66
1
70
0
0
VERTEX
8
P01001
10
167.555330
20
227.414661
30
0.0
0
VERTEX
8
P01001
10
167.893994
20
227.414661
30
0.0
0
SEQEND
0
POLYLINE
8
P01002
66
1
70
0
0
VERTEX
8
P01002
10
167.470667
20
227.329992
30
0.0
0
VERTEX
8
P01002
10
167.809331
20
227.329992
30
0.0
0
SEQEND
0
POLYLINE
8
P01003
66
1
70
0
0
VERTEX
8
P01003
10
167.301330
20
227.245329
30
0.0
0
VERTEX
8
P01003
10
167.724668
20
227.245329
30
0.0
0
SEQEND
0
POLYLINE
8
P01004
66
1
70
0
0
VERTEX
8
P01004
10
167.216667
20
227.160661
30
0.0
0
VERTEX
8
P01004
10
167.724668
20
227.160661
30
0.0
0
SEQEND
0
POLYLINE
8
P01005
66
1
70
0
0
VERTEX
8
P01005
10
167.131993
20
227.075992
30
0.0
0
VERTEX
8
P01005
10
167.639994
20
227.075992
30
0.0
0
SEQEND
0
POLYLINE
8
P01006
66
1
70
0
0
VERTEX
8
P01006
10
167.047329
20
226.991329
30
0.0
0
VERTEX
8
P01006
10
167.555330
20
226.991329
30
0.0
0
SEQEND
0
POLYLINE
8
P01007
66
1
70
0
0
VERTEX
8
P01007
10
166.962666
20
226.906660
30
0.0
0
VERTEX
8
P01007
10
167.470667
20
226.906660
30
0.0
0
SEQEND
0
POLYLINE
8
P01008
66
1
70
0
0
VERTEX
8
P01008
10
166.877992
20
226.821992
30
0.0
0
VERTEX
8
P01008
10
167.385993
20
226.821992
30
0.0
0
SEQEND
0
POLYLINE
8
P01009
66
1
70
0
0
VERTEX
8
P01009
10
166.708666
20
226.737328
30
0.0
0
VERTEX
8
P01009
10
167.301330
20
226.737328
30
0.0
0
SEQEND
0
POLYLINE
8
P01010
66
1
70
0
0
VERTEX
8
P01010
10
166.623992
20
226.652660
30
0.0
0
VERTEX
8
P01010
10
167.216667
20
226.652660
30
0.0
0
SEQEND
0
POLYLINE
8
P01011
66
1
70
0
0
VERTEX
8
P01011
10
166.539329
20
226.567991
30
0.0
0
VERTEX
8
P01011
10
167.131993
20
226.567991
30
0.0
0
SEQEND
0
POLYLINE
8
P01012
66
1
70
0
0
VERTEX
8
P01012
10
166.454665
20
226.483328
30
0.0
0
VERTEX
8
P01012
10
167.047329
20
226.483328
30
0.0
0
SEQEND
0
POLYLINE
8
P01013
66
1
70
0
0
VERTEX
8
P01013
10
166.369991
20
226.398659
30
0.0
0
VERTEX
8
P01013
10
166.962666
20
226.398659
30
0.0
0
SEQEND
0
POLYLINE
8
P01014
66
1
70
0
0
VERTEX
8
P01014
10
166.285328
20
226.313996
30
0.0
0
VERTEX
8
P01014
10
166.962666
20
226.313996
30
0.0
0
SEQEND
0
POLYLINE
8
P01015
66
1
70
0
0
VERTEX
8
P01015
10
166.200665
20
226.229328
30
0.0
0
VERTEX
8
P01015
10
166.877992
20
226.229328
30
0.0
0
SEQEND
0
POLYLINE
8
P01016
66
1
70
0
0
VERTEX
8
P01016
10
166.031328
20
226.144659
30
0.0
0
VERTEX
8
P01016
10
166.793329
20
226.144659
30
0.0
0
SEQEND
0
POLYLINE
8
P01017
66
1
70
0
0
VERTEX
8
P01017
10
165.946665
20
226.059996
30
0.0
0
VERTEX
8
P01017
10
166.708666
20
226.059996
30
0.0
0
SEQEND
0
POLYLINE
8
P01018
66
1
70
0
0
VERTEX
8
P01018
10
165.862001
20
225.975327
30
0.0
0
VERTEX
8
P01018
10
166.623992
20
225.975327
30
0.0
0
SEQEND
0
POLYLINE
8
P01019
66
1
70
0
0
VERTEX
8
P01019
10
165.777327
20
225.890658
30
0.0
0
VERTEX
8
P01019
10
166.539329
20
225.890658
30
0.0
0
SEQEND
0
POLYLINE
8
P01020
66
1
70
0
0
VERTEX
8
P01020
10
165.692664
20
225.805995
30
0.0
0
VERTEX
8
P01020
10
166.454665
20
225.805995
30
0.0
0
SEQEND
0
POLYLINE
8
P01021
66
1
70
0
0
VERTEX
8
P01021
10
165.608001
20
225.721327
30
0.0
0
VERTEX
8
P01021
10
166.369991
20
225.721327
30
0.0
0
SEQEND
0
POLYLINE
8
P01022
66
1
70
0
0
VERTEX
8
P01022
10
165.438664
20
225.636658
30
0.0
0
VERTEX
8
P01022
10
166.285328
20
225.636658
30
0.0
0
VERTEX
8
P01022
10
165.438664
20
225.636658
30
0.0
0
SEQEND
0
POLYLINE
8
P01023
66
1
70
0
0
VERTEX
8
P01023
10
168.994659
20
228.599995
30
0.0
0
VERTEX
8
P01023
10
169.079333
20
228.599995
30
0.0
0
SEQEND
0
POLYLINE
8
P01024
66
1
70
0
0
VERTEX
8
P01024
10
168.909996
20
228.515326
30
0.0
0
VERTEX
8
P01024
10
168.994659
20
228.515326
30
0.0
0
SEQEND
0
POLYLINE
8
P01025
66
1
70
0
0
VERTEX
8
P01025
10
168.825332
20
228.430663
30
0.0
0
VERTEX
8
P01025
10
168.909996
20
228.430663
30
0.0
0
SEQEND
0
POLYLINE
8
P01026
66
1
70
0
0
VERTEX
8
P01026
10
168.740658
20
228.345994
30
0.0
0
VERTEX
8
P01026
10
168.909996
20
228.345994
30
0.0
0
SEQEND
0
POLYLINE
8
P01027
66
1
70
0
0
VERTEX
8
P01027
10
168.655995
20
228.261326
30
0.0
0
VERTEX
8
P01027
10
168.825332
20
228.261326
30
0.0
0
SEQEND
0
POLYLINE
8
P01028
66
1
70
0
0
VERTEX
8
P01028
10
168.571332
20
228.176662
30
0.0
0
VERTEX
8
P01028
10
168.740658
20
228.176662
30
0.0
0
SEQEND
0
POLYLINE
8
P01029
66
1
70
0
0
VERTEX
8
P01029
10
168.486658
20
228.091994
30
0.0
0
VERTEX
8
P01029
10
168.740658
20
228.091994
30
0.0
0
SEQEND
0
POLYLINE
8
P01030
66
1
70
0
0
VERTEX
8
P01030
10
168.486658
20
228.007325
30
0.0
0
VERTEX
8
P01030
10
168.655995
20
228.007325
30
0.0
0
SEQEND
0
POLYLINE
8
P01031
66
1
70
0
0
VERTEX
8
P01031
10
168.401995
20
227.922662
30
0.0
0
VERTEX
8
P01031
10
168.571332
20
227.922662
30
0.0
0
SEQEND
0
POLYLINE
8
P01032
66
1
70
0
0
VERTEX
8
P01032
10
168.317332
20
227.837993
30
0.0
0
VERTEX
8
P01032
10
168.486658
20
227.837993
30
0.0
0
SEQEND
0
POLYLINE
8
P01033
66
1
70
0
0
VERTEX
8
P01033
10
168.232658
20
227.753325
30
0.0
0
VERTEX
8
P01033
10
168.486658
20
227.753325
30
0.0
0
SEQEND
0
POLYLINE
8
P01034
66
1
70
0
0
VERTEX
8
P01034
10
168.147994
20
227.668661
30
0.0
0
VERTEX
8
P01034
10
168.401995
20
227.668661
30
0.0
0
SEQEND
0
POLYLINE
8
P01035
66
1
70
0
0
VERTEX
8
P01035
10
168.063331
20
227.583993
30
0.0
0
VERTEX
8
P01035
10
168.317332
20
227.583993
30
0.0
0
SEQEND
0
POLYLINE
8
P01036
66
1
70
0
0
VERTEX
8
P01036
10
167.978668
20
227.499330
30
0.0
0
VERTEX
8
P01036
10
168.317332
20
227.499330
30
0.0
0
SEQEND
0
POLYLINE
8
P01037
66
1
70
0
0
VERTEX
8
P01037
10
167.893994
20
227.414661
30
0.0
0
VERTEX
8
P01037
10
168.232658
20
227.414661
30
0.0
0
SEQEND
0
POLYLINE
8
P01038
66
1
70
0
0
VERTEX
8
P01038
10
167.809331
20
227.329992
30
0.0
0
VERTEX
8
P01038
10
168.147994
20
227.329992
30
0.0
0
SEQEND
0
POLYLINE
8
P01039
66
1
70
0
0
VERTEX
8
P01039
10
167.724668
20
227.245329
30
0.0
0
VERTEX
8
P01039
10
168.147994
20
227.245329
30
0.0
0
SEQEND
0
POLYLINE
8
P01040
66
1
70
0
0
VERTEX
8
P01040
10
167.724668
20
227.160661
30
0.0
0
VERTEX
8
P01040
10
168.063331
20
227.160661
30
0.0
0
SEQEND
0
POLYLINE
8
P01041
66
1
70
0
0
VERTEX
8
P01041
10
167.639994
20
227.075992
30
0.0
0
VERTEX
8
P01041
10
167.978668
20
227.075992
30
0.0
0
SEQEND
0
POLYLINE
8
P01042
66
1
70
0
0
VERTEX
8
P01042
10
167.555330
20
226.991329
30
0.0
0
VERTEX
8
P01042
10
167.978668
20
226.991329
30
0.0
0
SEQEND
0
POLYLINE
8
P01043
66
1
70
0
0
VERTEX
8
P01043
10
167.470667
20
226.906660
30
0.0
0
VERTEX
8
P01043
10
167.893994
20
226.906660
30
0.0
0
SEQEND
0
POLYLINE
8
P01044
66
1
70
0
0
VERTEX
8
P01044
10
167.385993
20
226.821992
30
0.0
0
VERTEX
8
P01044
10
167.809331
20
226.821992
30
0.0
0
SEQEND
0
POLYLINE
8
P01045
66
1
70
0
0
VERTEX
8
P01045
10
167.301330
20
226.737328
30
0.0
0
VERTEX
8
P01045
10
167.724668
20
226.737328
30
0.0
0
SEQEND
0
POLYLINE
8
P01046
66
1
70
0
0
VERTEX
8
P01046
10
167.216667
20
226.652660
30
0.0
0
VERTEX
8
P01046
10
167.724668
20
226.652660
30
0.0
0
SEQEND
0
POLYLINE
8
P01047
66
1
70
0
0
VERTEX
8
P01047
10
167.131993
20
226.567991
30
0.0
0
VERTEX
8
P01047
10
167.639994
20
226.567991
30
0.0
0
SEQEND
0
POLYLINE
8
P01048
66
1
70
0
0
VERTEX
8
P01048
10
167.047329
20
226.483328
30
0.0
0
VERTEX
8
P01048
10
167.555330
20
226.483328
30
0.0
0
SEQEND
0
POLYLINE
8
P01049
66
1
70
0
0
VERTEX
8
P01049
10
166.962666
20
226.398659
30
0.0
0
VERTEX
8
P01049
10
167.555330
20
226.398659
30
0.0
0
SEQEND
0
POLYLINE
8
P01050
66
1
70
0
0
VERTEX
8
P01050
10
166.962666
20
226.313996
30
0.0
0
VERTEX
8
P01050
10
167.470667
20
226.313996
30
0.0
0
SEQEND
0
POLYLINE
8
P01051
66
1
70
0
0
VERTEX
8
P01051
10
166.877992
20
226.229328
30
0.0
0
VERTEX
8
P01051
10
167.385993
20
226.229328
30
0.0
0
SEQEND
0
POLYLINE
8
P01052
66
1
70
0
0
VERTEX
8
P01052
10
166.793329
20
226.144659
30
0.0
0
VERTEX
8
P01052
10
167.385993
20
226.144659
30
0.0
0
SEQEND
0
POLYLINE
8
P01053
66
1
70
0
0
VERTEX
8
P01053
10
166.708666
20
226.059996
30
0.0
0
VERTEX
8
P01053
10
167.301330
20
226.059996
30
0.0
0
SEQEND
0
POLYLINE
8
P01054
66
1
70
0
0
VERTEX
8
P01054
10
166.623992
20
225.975327
30
0.0
0
VERTEX
8
P01054
10
167.216667
20
225.975327
30
0.0
0
SEQEND
0
POLYLINE
8
P01055
66
1
70
0
0
VERTEX
8
P01055
10
166.539329
20
225.890658
30
0.0
0
VERTEX
8
P01055
10
167.216667
20
225.890658
30
0.0
0
SEQEND
0
POLYLINE
8
P01056
66
1
70
0
0
VERTEX
8
P01056
10
166.454665
20
225.805995
30
0.0
0
VERTEX
8
P01056
10
167.131993
20
225.805995
30
0.0
0
SEQEND
0
POLYLINE
8
P01057
66
1
70
0
0
VERTEX
8
P01057
10
166.369991
20
225.721327
30
0.0
0
VERTEX
8
P01057
10
167.047329
20
225.721327
30
0.0
0
SEQEND
0
POLYLINE
8
P01058
66
1
70
0
0
VERTEX
8
P01058
10
166.285328
20
225.636658
30
0.0
0
VERTEX
8
P01058
10
166.962666
20
225.636658
30
0.0
0
SEQEND
0
POLYLINE
8
P01059
66
1
70
0
0
VERTEX
8
P01059
10
166.200665
20
225.551995
30
0.0
0
VERTEX
8
P01059
10
166.962666
20
225.551995
30
0.0
0
SEQEND
0
POLYLINE
8
P01060
66
1
70
0
0
VERTEX
8
P01060
10
166.285328
20
225.467326
30
0.0
0
VERTEX
8
P01060
10
166.877992
20
225.467326
30
0.0
0
SEQEND
0
POLYLINE
8
P01061
66
1
70
0
0
VERTEX
8
P01061
10
166.285328
20
225.382663
30
0.0
0
VERTEX
8
P01061
10
166.793329
20
225.382663
30
0.0
0
SEQEND
0
POLYLINE
8
P01062
66
1
70
0
0
VERTEX
8
P01062
10
166.285328
20
225.297994
30
0.0
0
VERTEX
8
P01062
10
166.793329
20
225.297994
30
0.0
0
SEQEND
0
POLYLINE
8
P01063
66
1
70
0
0
VERTEX
8
P01063
10
166.285328
20
225.213326
30
0.0
0
VERTEX
8
P01063
10
166.708666
20
225.213326
30
0.0
0
SEQEND
0
POLYLINE
8
P01064
66
1
70
0
0
VERTEX
8
P01064
10
166.369991
20
225.128663
30
0.0
0
VERTEX
8
P01064
10
166.623992
20
225.128663
30
0.0
0
SEQEND
0
POLYLINE
8
P01065
66
1
70
0
0
VERTEX
8
P01065
10
166.369991
20
225.043994
30
0.0
0
VERTEX
8
P01065
10
166.623992
20
225.043994
30
0.0
0
SEQEND
0
POLYLINE
8
P01066
66
1
70
0
0
VERTEX
8
P01066
10
166.369991
20
224.959325
30
0.0
0
VERTEX
8
P01066
10
166.539329
20
224.959325
30
0.0
0
SEQEND
0
POLYLINE
8
P01067
66
1
70
0
0
VERTEX
8
P01067
10
166.369991
20
224.874662
30
0.0
0
VERTEX
8
P01067
10
166.454665
20
224.874662
30
0.0
0
VERTEX
8
P01067
10
166.369991
20
224.874662
30
0.0
0
SEQEND
0
POLYLINE
8
P01068
66
1
70
0
0
VERTEX
8
P01068
10
176.614661
20
239.013996
30
0.0
0
VERTEX
8
P01068
10
176.783998
20
239.013996
30
0.0
0
SEQEND
0
POLYLINE
8
P01069
66
1
70
0
0
VERTEX
8
P01069
10
176.529998
20
238.929328
30
0.0
0
VERTEX
8
P01069
10
176.868661
20
238.929328
30
0.0
0
SEQEND
0
POLYLINE
8
P01070
66
1
70
0
0
VERTEX
8
P01070
10
176.529998
20
238.844659
30
0.0
0
VERTEX
8
P01070
10
176.953325
20
238.844659
30
0.0
0
SEQEND
0
POLYLINE
8
P01071
66
1
70
0
0
VERTEX
8
P01071
10
176.445335
20
238.759996
30
0.0
0
VERTEX
8
P01071
10
177.037999
20
238.759996
30
0.0
0
SEQEND
0
POLYLINE
8
P01072
66
1
70
0
0
VERTEX
8
P01072
10
176.360661
20
238.675327
30
0.0
0
VERTEX
8
P01072
10
177.122662
20
238.675327
30
0.0
0
SEQEND
0
POLYLINE
8
P01073
66
1
70
0
0
VERTEX
8
P01073
10
176.360661
20
238.590658
30
0.0
0
VERTEX
8
P01073
10
177.207325
20
238.590658
30
0.0
0
SEQEND
0
POLYLINE
8
P01074
66
1
70
0
0
VERTEX
8
P01074
10
176.275997
20
238.505995
30
0.0
0
VERTEX
8
P01074
10
177.291999
20
238.505995
30
0.0
0
SEQEND
0
POLYLINE
8
P01075
66
1
70
0
0
VERTEX
8
P01075
10
176.191334
20
238.421327
30
0.0
0
VERTEX
8
P01075
10
177.376662
20
238.421327
30
0.0
0
SEQEND
0
POLYLINE
8
P01076
66
1
70
0
0
VERTEX
8
P01076
10
176.191334
20
238.336658
30
0.0
0
VERTEX
8
P01076
10
177.461326
20
238.336658
30
0.0
0
SEQEND
0
POLYLINE
8
P01077
66
1
70
0
0
VERTEX
8
P01077
10
176.106660
20
238.251995
30
0.0
0
VERTEX
8
P01077
10
177.546000
20
238.251995
30
0.0
0
SEQEND
0
POLYLINE
8
P01078
66
1
70
0
0
VERTEX
8
P01078
10
176.021997
20
238.167326
30
0.0
0
VERTEX
8
P01078
10
177.715326
20
238.167326
30
0.0
0
SEQEND
0
POLYLINE
8
P01079
66
1
70
0
0
VERTEX
8
P01079
10
176.021997
20
238.082658
30
0.0
0
VERTEX
8
P01079
10
177.800000
20
238.082658
30
0.0
0
SEQEND
0
POLYLINE
8
P01080
66
1
70
0
0
VERTEX
8
P01080
10
175.937334
20
237.997994
30
0.0
0
VERTEX
8
P01080
10
177.884663
20
237.997994
30
0.0
0
SEQEND
0
POLYLINE
8
P01081
66
1
70
0
0
VERTEX
8
P01081
10
175.852660
20
237.913326
30
0.0
0
VERTEX
8
P01081
10
177.969326
20
237.913326
30
0.0
0
SEQEND
0
POLYLINE
8
P01082
66
1
70
0
0
VERTEX
8
P01082
10
175.852660
20
237.828663
30
0.0
0
VERTEX
8
P01082
10
178.054000
20
237.828663
30
0.0
0
SEQEND
0
POLYLINE
8
P01083
66
1
70
0
0
VERTEX
8
P01083
10
175.767997
20
237.743994
30
0.0
0
VERTEX
8
P01083
10
178.138664
20
237.743994
30
0.0
0
SEQEND
0
POLYLINE
8
P01084
66
1
70
0
0
VERTEX
8
P01084
10
175.683333
20
237.659325
30
0.0
0
VERTEX
8
P01084
10
178.223327
20
237.659325
30
0.0
0
SEQEND
0
POLYLINE
8
P01085
66
1
70
0
0
VERTEX
8
P01085
10
175.683333
20
237.574662
30
0.0
0
VERTEX
8
P01085
10
178.308001
20
237.574662
30
0.0
0
SEQEND
0
POLYLINE
8
P01086
66
1
70
0
0
VERTEX
8
P01086
10
175.598659
20
237.489994
30
0.0
0
VERTEX
8
P01086
10
178.392664
20
237.489994
30
0.0
0
SEQEND
0
POLYLINE
8
P01087
66
1
70
0
0
VERTEX
8
P01087
10
175.598659
20
237.405325
30
0.0
0
VERTEX
8
P01087
10
178.477327
20
237.405325
30
0.0
0
SEQEND
0
POLYLINE
8
P01088
66
1
70
0
0
VERTEX
8
P01088
10
175.513996
20
237.320662
30
0.0
0
VERTEX
8
P01088
10
178.392664
20
237.320662
30
0.0
0
SEQEND
0
POLYLINE
8
P01089
66
1
70
0
0
VERTEX
8
P01089
10
175.429333
20
237.235993
30
0.0
0
VERTEX
8
P01089
10
178.308001
20
237.235993
30
0.0
0
SEQEND
0
POLYLINE
8
P01090
66
1
70
0
0
VERTEX
8
P01090
10
175.429333
20
237.151325
30
0.0
0
VERTEX
8
P01090
10
178.223327
20
237.151325
30
0.0
0
SEQEND
0
POLYLINE
8
P01091
66
1
70
0
0
VERTEX
8
P01091
10
175.344659
20
237.066661
30
0.0
0
VERTEX
8
P01091
10
178.138664
20
237.066661
30
0.0
0
SEQEND
0
POLYLINE
8
P01092
66
1
70
0
0
VERTEX
8
P01092
10
175.259996
20
236.981993
30
0.0
0
VERTEX
8
P01092
10
178.054000
20
236.981993
30
0.0
0
SEQEND
0
POLYLINE
8
P01093
66
1
70
0
0
VERTEX
8
P01093
10
175.259996
20
236.897329
30
0.0
0
VERTEX
8
P01093
10
177.969326
20
236.897329
30
0.0
0
SEQEND
0
POLYLINE
8
P01094
66
1
70
0
0
VERTEX
8
P01094
10
175.175332
20
236.812661
30
0.0
0
VERTEX
8
P01094
10
177.884663
20
236.812661
30
0.0
0
SEQEND
0
POLYLINE
8
P01095
66
1
70
0
0
VERTEX
8
P01095
10
175.090658
20
236.727992
30
0.0
0
VERTEX
8
P01095
10
177.715326
20
236.727992
30
0.0
0
SEQEND
0
POLYLINE
8
P01096
66
1
70
0
0
VERTEX
8
P01096
10
175.090658
20
236.643329
30
0.0
0
VERTEX
8
P01096
10
177.630663
20
236.643329
30
0.0
0
SEQEND
0
POLYLINE
8
P01097
66
1
70
0
0
VERTEX
8
P01097
10
175.005995
20
236.558660
30
0.0
0
VERTEX
8
P01097
10
177.546000
20
236.558660
30
0.0
0
SEQEND
0
POLYLINE
8
P01098
66
1
70
0
0
VERTEX
8
P01098
10
174.921332
20
236.473992
30
0.0
0
VERTEX
8
P01098
10
177.461326
20
236.473992
30
0.0
0
SEQEND
0
POLYLINE
8
P01099
66
1
70
0
0
VERTEX
8
P01099
10
174.921332
20
236.389329
30
0.0
0
VERTEX
8
P01099
10
177.376662
20
236.389329
30
0.0
0
SEQEND
0
POLYLINE
8
P01100
66
1
70
0
0
VERTEX
8
P01100
10
174.836658
20
236.304660
30
0.0
0
VERTEX
8
P01100
10
177.291999
20
236.304660
30
0.0
0
SEQEND
0
POLYLINE
8
P01101
66
1
70
0
0
VERTEX
8
P01101
10
174.751995
20
236.219991
30
0.0
0
VERTEX
8
P01101
10
177.207325
20
236.219991
30
0.0
0
SEQEND
0
POLYLINE
8
P01102
66
1
70
0
0
VERTEX
8
P01102
10
174.751995
20
236.135328
30
0.0
0
VERTEX
8
P01102
10
177.037999
20
236.135328
30
0.0
0
SEQEND
0
POLYLINE
8
P01103
66
1
70
0
0
VERTEX
8
P01103
10
174.667332
20
236.050660
30
0.0
0
VERTEX
8
P01103
10
176.953325
20
236.050660
30
0.0
0
SEQEND
0
POLYLINE
8
P01104
66
1
70
0
0
VERTEX
8
P01104
10
174.582658
20
235.965991
30
0.0
0
VERTEX
8
P01104
10
176.868661
20
235.965991
30
0.0
0
SEQEND
0
POLYLINE
8
P01105
66
1
70
0
0
VERTEX
8
P01105
10
174.582658
20
235.881328
30
0.0
0
VERTEX
8
P01105
10
176.783998
20
235.881328
30
0.0
0
SEQEND
0
POLYLINE
8
P01106
66
1
70
0
0
VERTEX
8
P01106
10
174.582658
20
235.796659
30
0.0
0
VERTEX
8
P01106
10
176.699324
20
235.796659
30
0.0
0
SEQEND
0
POLYLINE
8
P01107
66
1
70
0
0
VERTEX
8
P01107
10
174.497994
20
235.711996
30
0.0
0
VERTEX
8
P01107
10
176.614661
20
235.711996
30
0.0
0
SEQEND
0
POLYLINE
8
P01108
66
1
70
0
0
VERTEX
8
P01108
10
174.497994
20
235.627327
30
0.0
0
VERTEX
8
P01108
10
176.529998
20
235.627327
30
0.0
0
SEQEND
0
POLYLINE
8
P01109
66
1
70
0
0
VERTEX
8
P01109
10
174.497994
20
235.542659
30
0.0
0
VERTEX
8
P01109
10
176.360661
20
235.542659
30
0.0
0
SEQEND
0
POLYLINE
8
P01110
66
1
70
0
0
VERTEX
8
P01110
10
174.413331
20
235.457995
30
0.0
0
VERTEX
8
P01110
10
176.275997
20
235.457995
30
0.0
0
SEQEND
0
POLYLINE
8
P01111
66
1
70
0
0
VERTEX
8
P01111
10
174.413331
20
235.373327
30
0.0
0
VERTEX
8
P01111
10
176.191334
20
235.373327
30
0.0
0
SEQEND
0
POLYLINE
8
P01112
66
1
70
0
0
VERTEX
8
P01112
10
174.328668
20
235.288658
30
0.0
0
VERTEX
8
P01112
10
176.106660
20
235.288658
30
0.0
0
SEQEND
0
POLYLINE
8
P01113
66
1
70
0
0
VERTEX
8
P01113
10
174.328668
20
235.203995
30
0.0
0
VERTEX
8
P01113
10
176.021997
20
235.203995
30
0.0
0
SEQEND
0
POLYLINE
8
P01114
66
1
70
0
0
VERTEX
8
P01114
10
174.328668
20
235.119326
30
0.0
0
VERTEX
8
P01114
10
175.937334
20
235.119326
30
0.0
0
SEQEND
0
POLYLINE
8
P01115
66
1
70
0
0
VERTEX
8
P01115
10
174.243994
20
235.034658
30
0.0
0
VERTEX
8
P01115
10
175.852660
20
235.034658
30
0.0
0
SEQEND
0
POLYLINE
8
P01116
66
1
70
0
0
VERTEX
8
P01116
10
174.243994
20
234.949995
30
0.0
0
VERTEX
8
P01116
10
175.683333
20
234.949995
30
0.0
0
SEQEND
0
POLYLINE
8
P01117
66
1
70
0
0
VERTEX
8
P01117
10
174.243994
20
234.865326
30
0.0
0
VERTEX
8
P01117
10
175.513996
20
234.865326
30
0.0
0
SEQEND
0
POLYLINE
8
P01118
66
1
70
0
0
VERTEX
8
P01118
10
174.159331
20
234.780663
30
0.0
0
VERTEX
8
P01118
10
175.344659
20
234.780663
30
0.0
0
SEQEND
0
POLYLINE
8
P01119
66
1
70
0
0
VERTEX
8
P01119
10
174.159331
20
234.695994
30
0.0
0
VERTEX
8
P01119
10
175.090658
20
234.695994
30
0.0
0
SEQEND
0
POLYLINE
8
P01120
66
1
70
0
0
VERTEX
8
P01120
10
174.074668
20
234.611326
30
0.0
0
VERTEX
8
P01120
10
174.921332
20
234.611326
30
0.0
0
SEQEND
0
POLYLINE
8
P01121
66
1
70
0
0
VERTEX
8
P01121
10
174.074668
20
234.526662
30
0.0
0
VERTEX
8
P01121
10
174.751995
20
234.526662
30
0.0
0
SEQEND
0
POLYLINE
8
P01122
66
1
70
0
0
VERTEX
8
P01122
10
174.074668
20
234.441994
30
0.0
0
VERTEX
8
P01122
10
174.497994
20
234.441994
30
0.0
0
SEQEND
0
POLYLINE
8
P01123
66
1
70
0
0
VERTEX
8
P01123
10
173.989994
20
234.357325
30
0.0
0
VERTEX
8
P01123
10
174.328668
20
234.357325
30
0.0
0
SEQEND
0
POLYLINE
8
P01124
66
1
70
0
0
VERTEX
8
P01124
10
173.989994
20
234.272662
30
0.0
0
VERTEX
8
P01124
10
174.159331
20
234.272662
30
0.0
0
VERTEX
8
P01124
10
173.989994
20
234.272662
30
0.0
0
SEQEND
0
POLYLINE
8
P01125
66
1
70
0
0
VERTEX
8
P01125
10
173.905330
20
234.187993
30
0.0
0
VERTEX
8
P01125
10
177.715326
20
237.405325
30
0.0
0
VERTEX
8
P01125
10
173.905330
20
234.187993
30
0.0
0
SEQEND
0
POLYLINE
8
P01126
66
1
70
0
0
VERTEX
8
P01126
10
177.715326
20
237.405325
30
0.0
0
VERTEX
8
P01126
10
176.868661
20
237.489994
30
0.0
0
VERTEX
8
P01126
10
177.715326
20
237.405325
30
0.0
0
SEQEND
0
POLYLINE
8
P01127
66
1
70
0
0
VERTEX
8
P01127
10
176.868661
20
237.489994
30
0.0
0
VERTEX
8
P01127
10
176.783998
20
238.336658
30
0.0
0
VERTEX
8
P01127
10
176.868661
20
237.489994
30
0.0
0
SEQEND
0
POLYLINE
8
P01128
66
1
70
0
0
VERTEX
8
P01128
10
176.783998
20
238.336658
30
0.0
0
VERTEX
8
P01128
10
173.905330
20
234.187993
30
0.0
0
VERTEX
8
P01128
10
176.783998
20
238.336658
30
0.0
0
SEQEND
0
POLYLINE
8
P01129
66
1
70
0
0
VERTEX
8
P01129
10
173.905330
20
234.187993
30
0.0
0
VERTEX
8
P01129
10
178.562001
20
239.352660
30
0.0
0
VERTEX
8
P01129
10
173.905330
20
234.187993
30
0.0
0
SEQEND
0
POLYLINE
8
P01130
66
1
70
0
0
VERTEX
8
P01130
10
176.868661
20
237.405325
30
0.0
0
VERTEX
8
P01130
10
177.715326
20
237.405325
30
0.0
0
SEQEND
0
POLYLINE
8
P01131
66
1
70
0
0
VERTEX
8
P01131
10
176.783998
20
237.320662
30
0.0
0
VERTEX
8
P01131
10
177.630663
20
237.320662
30
0.0
0
SEQEND
0
POLYLINE
8
P01132
66
1
70
0
0
VERTEX
8
P01132
10
176.699324
20
237.235993
30
0.0
0
VERTEX
8
P01132
10
177.546000
20
237.235993
30
0.0
0
SEQEND
0
POLYLINE
8
P01133
66
1
70
0
0
VERTEX
8
P01133
10
176.614661
20
237.151325
30
0.0
0
VERTEX
8
P01133
10
177.461326
20
237.151325
30
0.0
0
SEQEND
0
POLYLINE
8
P01134
66
1
70
0
0
VERTEX
8
P01134
10
176.529998
20
237.066661
30
0.0
0
VERTEX
8
P01134
10
177.376662
20
237.066661
30
0.0
0
SEQEND
0
POLYLINE
8
P01135
66
1
70
0
0
VERTEX
8
P01135
10
176.445335
20
236.981993
30
0.0
0
VERTEX
8
P01135
10
177.291999
20
236.981993
30
0.0
0
SEQEND
0
POLYLINE
8
P01136
66
1
70
0
0
VERTEX
8
P01136
10
176.360661
20
236.897329
30
0.0
0
VERTEX
8
P01136
10
177.122662
20
236.897329
30
0.0
0
SEQEND
0
POLYLINE
8
P01137
66
1
70
0
0
VERTEX
8
P01137
10
176.275997
20
236.812661
30
0.0
0
VERTEX
8
P01137
10
177.037999
20
236.812661
30
0.0
0
SEQEND
0
POLYLINE
8
P01138
66
1
70
0
0
VERTEX
8
P01138
10
176.191334
20
236.727992
30
0.0
0
VERTEX
8
P01138
10
176.953325
20
236.727992
30
0.0
0
SEQEND
0
POLYLINE
8
P01139
66
1
70
0
0
VERTEX
8
P01139
10
176.191334
20
236.643329
30
0.0
0
VERTEX
8
P01139
10
176.868661
20
236.643329
30
0.0
0
SEQEND
0
POLYLINE
8
P01140
66
1
70
0
0
VERTEX
8
P01140
10
176.106660
20
236.558660
30
0.0
0
VERTEX
8
P01140
10
176.783998
20
236.558660
30
0.0
0
SEQEND
0
POLYLINE
8
P01141
66
1
70
0
0
VERTEX
8
P01141
10
176.021997
20
236.473992
30
0.0
0
VERTEX
8
P01141
10
176.614661
20
236.473992
30
0.0
0
SEQEND
0
POLYLINE
8
P01142
66
1
70
0
0
VERTEX
8
P01142
10
175.937334
20
236.389329
30
0.0
0
VERTEX
8
P01142
10
176.529998
20
236.389329
30
0.0
0
SEQEND
0
POLYLINE
8
P01143
66
1
70
0
0
VERTEX
8
P01143
10
175.852660
20
236.304660
30
0.0
0
VERTEX
8
P01143
10
176.445335
20
236.304660
30
0.0
0
SEQEND
0
POLYLINE
8
P01144
66
1
70
0
0
VERTEX
8
P01144
10
175.767997
20
236.219991
30
0.0
0
VERTEX
8
P01144
10
176.360661
20
236.219991
30
0.0
0
SEQEND
0
POLYLINE
8
P01145
66
1
70
0
0
VERTEX
8
P01145
10
175.683333
20
236.135328
30
0.0
0
VERTEX
8
P01145
10
176.275997
20
236.135328
30
0.0
0
SEQEND
0
POLYLINE
8
P01146
66
1
70
0
0
VERTEX
8
P01146
10
175.598659
20
236.050660
30
0.0
0
VERTEX
8
P01146
10
176.191334
20
236.050660
30
0.0
0
SEQEND
0
POLYLINE
8
P01147
66
1
70
0
0
VERTEX
8
P01147
10
175.513996
20
235.965991
30
0.0
0
VERTEX
8
P01147
10
176.021997
20
235.965991
30
0.0
0
SEQEND
0
POLYLINE
8
P01148
66
1
70
0
0
VERTEX
8
P01148
10
175.429333
20
235.881328
30
0.0
0
VERTEX
8
P01148
10
175.937334
20
235.881328
30
0.0
0
SEQEND
0
POLYLINE
8
P01149
66
1
70
0
0
VERTEX
8
P01149
10
175.429333
20
235.796659
30
0.0
0
VERTEX
8
P01149
10
175.852660
20
235.796659
30
0.0
0
SEQEND
0
POLYLINE
8
P01150
66
1
70
0
0
VERTEX
8
P01150
10
175.344659
20
235.711996
30
0.0
0
VERTEX
8
P01150
10
175.767997
20
235.711996
30
0.0
0
SEQEND
0
POLYLINE
8
P01151
66
1
70
0
0
VERTEX
8
P01151
10
175.259996
20
235.627327
30
0.0
0
VERTEX
8
P01151
10
175.683333
20
235.627327
30
0.0
0
SEQEND
0
POLYLINE
8
P01152
66
1
70
0
0
VERTEX
8
P01152
10
175.175332
20
235.542659
30
0.0
0
VERTEX
8
P01152
10
175.513996
20
235.542659
30
0.0
0
SEQEND
0
POLYLINE
8
P01153
66
1
70
0
0
VERTEX
8
P01153
10
175.090658
20
235.457995
30
0.0
0
VERTEX
8
P01153
10
175.429333
20
235.457995
30
0.0
0
SEQEND
0
POLYLINE
8
P01154
66
1
70
0
0
VERTEX
8
P01154
10
175.005995
20
235.373327
30
0.0
0
VERTEX
8
P01154
10
175.344659
20
235.373327
30
0.0
0
SEQEND
0
POLYLINE
8
P01155
66
1
70
0
0
VERTEX
8
P01155
10
174.921332
20
235.288658
30
0.0
0
VERTEX
8
P01155
10
175.259996
20
235.288658
30
0.0
0
SEQEND
0
POLYLINE
8
P01156
66
1
70
0
0
VERTEX
8
P01156
10
174.836658
20
235.203995
30
0.0
0
VERTEX
8
P01156
10
175.175332
20
235.203995
30
0.0
0
SEQEND
0
POLYLINE
8
P01157
66
1
70
0
0
VERTEX
8
P01157
10
174.751995
20
235.119326
30
0.0
0
VERTEX
8
P01157
10
175.090658
20
235.119326
30
0.0
0
SEQEND
0
POLYLINE
8
P01158
66
1
70
0
0
VERTEX
8
P01158
10
174.667332
20
235.034658
30
0.0
0
VERTEX
8
P01158
10
174.921332
20
235.034658
30
0.0
0
SEQEND
0
POLYLINE
8
P01159
66
1
70
0
0
VERTEX
8
P01159
10
174.667332
20
234.949995
30
0.0
0
VERTEX
8
P01159
10
174.836658
20
234.949995
30
0.0
0
SEQEND
0
POLYLINE
8
P01160
66
1
70
0
0
VERTEX
8
P01160
10
174.582658
20
234.865326
30
0.0
0
VERTEX
8
P01160
10
174.751995
20
234.865326
30
0.0
0
SEQEND
0
POLYLINE
8
P01161
66
1
70
0
0
VERTEX
8
P01161
10
174.497994
20
234.780663
30
0.0
0
VERTEX
8
P01161
10
174.667332
20
234.780663
30
0.0
0
SEQEND
0
POLYLINE
8
P01162
66
1
70
0
0
VERTEX
8
P01162
10
174.413331
20
234.695994
30
0.0
0
VERTEX
8
P01162
10
174.582658
20
234.695994
30
0.0
0
SEQEND
0
POLYLINE
8
P01163
66
1
70
0
0
VERTEX
8
P01163
10
174.328668
20
234.611326
30
0.0
0
VERTEX
8
P01163
10
174.413331
20
234.611326
30
0.0
0
SEQEND
0
POLYLINE
8
P01164
66
1
70
0
0
VERTEX
8
P01164
10
174.243994
20
234.526662
30
0.0
0
VERTEX
8
P01164
10
174.328668
20
234.526662
30
0.0
0
SEQEND
0
POLYLINE
8
P01165
66
1
70
0
0
VERTEX
8
P01165
10
174.159331
20
234.441994
30
0.0
0
VERTEX
8
P01165
10
174.243994
20
234.441994
30
0.0
0
SEQEND
0
POLYLINE
8
P01166
66
1
70
0
0
VERTEX
8
P01166
10
174.074668
20
234.357325
30
0.0
0
VERTEX
8
P01166
10
174.159331
20
234.357325
30
0.0
0
SEQEND
0
POLYLINE
8
P01167
66
1
70
0
0
VERTEX
8
P01167
10
173.989994
20
234.272662
30
0.0
0
VERTEX
8
P01167
10
174.074668
20
234.272662
30
0.0
0
VERTEX
8
P01167
10
173.989994
20
234.272662
30
0.0
0
SEQEND
0
POLYLINE
8
P01168
66
1
70
0
0
VERTEX
8
P01168
10
176.783998
20
238.251995
30
0.0
0
VERTEX
8
P01168
10
176.868661
20
238.251995
30
0.0
0
SEQEND
0
POLYLINE
8
P01169
66
1
70
0
0
VERTEX
8
P01169
10
176.699324
20
238.167326
30
0.0
0
VERTEX
8
P01169
10
176.868661
20
238.167326
30
0.0
0
SEQEND
0
POLYLINE
8
P01170
66
1
70
0
0
VERTEX
8
P01170
10
176.614661
20
238.082658
30
0.0
0
VERTEX
8
P01170
10
176.868661
20
238.082658
30
0.0
0
SEQEND
0
POLYLINE
8
P01171
66
1
70
0
0
VERTEX
8
P01171
10
176.614661
20
237.997994
30
0.0
0
VERTEX
8
P01171
10
176.868661
20
237.997994
30
0.0
0
SEQEND
0
POLYLINE
8
P01172
66
1
70
0
0
VERTEX
8
P01172
10
176.529998
20
237.913326
30
0.0
0
VERTEX
8
P01172
10
176.868661
20
237.913326
30
0.0
0
SEQEND
0
POLYLINE
8
P01173
66
1
70
0
0
VERTEX
8
P01173
10
176.445335
20
237.828663
30
0.0
0
VERTEX
8
P01173
10
176.868661
20
237.828663
30
0.0
0
SEQEND
0
POLYLINE
8
P01174
66
1
70
0
0
VERTEX
8
P01174
10
176.445335
20
237.743994
30
0.0
0
VERTEX
8
P01174
10
176.868661
20
237.743994
30
0.0
0
SEQEND
0
POLYLINE
8
P01175
66
1
70
0
0
VERTEX
8
P01175
10
176.360661
20
237.659325
30
0.0
0
VERTEX
8
P01175
10
176.868661
20
237.659325
30
0.0
0
SEQEND
0
POLYLINE
8
P01176
66
1
70
0
0
VERTEX
8
P01176
10
176.275997
20
237.574662
30
0.0
0
VERTEX
8
P01176
10
176.868661
20
237.574662
30
0.0
0
SEQEND
0
POLYLINE
8
P01177
66
1
70
0
0
VERTEX
8
P01177
10
176.275997
20
237.489994
30
0.0
0
VERTEX
8
P01177
10
176.868661
20
237.489994
30
0.0
0
SEQEND
0
POLYLINE
8
P01178
66
1
70
0
0
VERTEX
8
P01178
10
176.191334
20
237.405325
30
0.0
0
VERTEX
8
P01178
10
176.868661
20
237.405325
30
0.0
0
SEQEND
0
POLYLINE
8
P01179
66
1
70
0
0
VERTEX
8
P01179
10
176.106660
20
237.320662
30
0.0
0
VERTEX
8
P01179
10
176.783998
20
237.320662
30
0.0
0
SEQEND
0
POLYLINE
8
P01180
66
1
70
0
0
VERTEX
8
P01180
10
176.021997
20
237.235993
30
0.0
0
VERTEX
8
P01180
10
176.699324
20
237.235993
30
0.0
0
SEQEND
0
POLYLINE
8
P01181
66
1
70
0
0
VERTEX
8
P01181
10
176.021997
20
237.151325
30
0.0
0
VERTEX
8
P01181
10
176.614661
20
237.151325
30
0.0
0
SEQEND
0
POLYLINE
8
P01182
66
1
70
0
0
VERTEX
8
P01182
10
175.937334
20
237.066661
30
0.0
0
VERTEX
8
P01182
10
176.529998
20
237.066661
30
0.0
0
SEQEND
0
POLYLINE
8
P01183
66
1
70
0
0
VERTEX
8
P01183
10
175.852660
20
236.981993
30
0.0
0
VERTEX
8
P01183
10
176.445335
20
236.981993
30
0.0
0
SEQEND
0
POLYLINE
8
P01184
66
1
70
0
0
VERTEX
8
P01184
10
175.852660
20
236.897329
30
0.0
0
VERTEX
8
P01184
10
176.360661
20
236.897329
30
0.0
0
SEQEND
0
POLYLINE
8
P01185
66
1
70
0
0
VERTEX
8
P01185
10
175.767997
20
236.812661
30
0.0
0
VERTEX
8
P01185
10
176.275997
20
236.812661
30
0.0
0
SEQEND
0
POLYLINE
8
P01186
66
1
70
0
0
VERTEX
8
P01186
10
175.683333
20
236.727992
30
0.0
0
VERTEX
8
P01186
10
176.191334
20
236.727992
30
0.0
0
SEQEND
0
POLYLINE
8
P01187
66
1
70
0
0
VERTEX
8
P01187
10
175.683333
20
236.643329
30
0.0
0
VERTEX
8
P01187
10
176.191334
20
236.643329
30
0.0
0
SEQEND
0
POLYLINE
8
P01188
66
1
70
0
0
VERTEX
8
P01188
10
175.598659
20
236.558660
30
0.0
0
VERTEX
8
P01188
10
176.106660
20
236.558660
30
0.0
0
SEQEND
0
POLYLINE
8
P01189
66
1
70
0
0
VERTEX
8
P01189
10
175.513996
20
236.473992
30
0.0
0
VERTEX
8
P01189
10
176.021997
20
236.473992
30
0.0
0
SEQEND
0
POLYLINE
8
P01190
66
1
70
0
0
VERTEX
8
P01190
10
175.513996
20
236.389329
30
0.0
0
VERTEX
8
P01190
10
175.937334
20
236.389329
30
0.0
0
SEQEND
0
POLYLINE
8
P01191
66
1
70
0
0
VERTEX
8
P01191
10
175.429333
20
236.304660
30
0.0
0
VERTEX
8
P01191
10
175.852660
20
236.304660
30
0.0
0
SEQEND
0
POLYLINE
8
P01192
66
1
70
0
0
VERTEX
8
P01192
10
175.344659
20
236.219991
30
0.0
0
VERTEX
8
P01192
10
175.767997
20
236.219991
30
0.0
0
SEQEND
0
POLYLINE
8
P01193
66
1
70
0
0
VERTEX
8
P01193
10
175.259996
20
236.135328
30
0.0
0
VERTEX
8
P01193
10
175.683333
20
236.135328
30
0.0
0
SEQEND
0
POLYLINE
8
P01194
66
1
70
0
0
VERTEX
8
P01194
10
175.259996
20
236.050660
30
0.0
0
VERTEX
8
P01194
10
175.598659
20
236.050660
30
0.0
0
SEQEND
0
POLYLINE
8
P01195
66
1
70
0
0
VERTEX
8
P01195
10
175.175332
20
235.965991
30
0.0
0
VERTEX
8
P01195
10
175.513996
20
235.965991
30
0.0
0
SEQEND
0
POLYLINE
8
P01196
66
1
70
0
0
VERTEX
8
P01196
10
175.090658
20
235.881328
30
0.0
0
VERTEX
8
P01196
10
175.429333
20
235.881328
30
0.0
0
SEQEND
0
POLYLINE
8
P01197
66
1
70
0
0
VERTEX
8
P01197
10
175.090658
20
235.796659
30
0.0
0
VERTEX
8
P01197
10
175.429333
20
235.796659
30
0.0
0
SEQEND
0
POLYLINE
8
P01198
66
1
70
0
0
VERTEX
8
P01198
10
175.005995
20
235.711996
30
0.0
0
VERTEX
8
P01198
10
175.344659
20
235.711996
30
0.0
0
SEQEND
0
POLYLINE
8
P01199
66
1
70
0
0
VERTEX
8
P01199
10
174.921332
20
235.627327
30
0.0
0
VERTEX
8
P01199
10
175.259996
20
235.627327
30
0.0
0
SEQEND
0
POLYLINE
8
P01200
66
1
70
0
0
VERTEX
8
P01200
10
174.921332
20
235.542659
30
0.0
0
VERTEX
8
P01200
10
175.175332
20
235.542659
30
0.0
0
SEQEND
0
POLYLINE
8
P01201
66
1
70
0
0
VERTEX
8
P01201
10
174.836658
20
235.457995
30
0.0
0
VERTEX
8
P01201
10
175.090658
20
235.457995
30
0.0
0
SEQEND
0
POLYLINE
8
P01202
66
1
70
0
0
VERTEX
8
P01202
10
174.751995
20
235.373327
30
0.0
0
VERTEX
8
P01202
10
175.005995
20
235.373327
30
0.0
0
SEQEND
0
POLYLINE
8
P01203
66
1
70
0
0
VERTEX
8
P01203
10
174.751995
20
235.288658
30
0.0
0
VERTEX
8
P01203
10
174.921332
20
235.288658
30
0.0
0
SEQEND
0
POLYLINE
8
P01204
66
1
70
0
0
VERTEX
8
P01204
10
174.667332
20
235.203995
30
0.0
0
VERTEX
8
P01204
10
174.836658
20
235.203995
30
0.0
0
SEQEND
0
POLYLINE
8
P01205
66
1
70
0
0
VERTEX
8
P01205
10
174.582658
20
235.119326
30
0.0
0
VERTEX
8
P01205
10
174.751995
20
235.119326
30
0.0
0
SEQEND
0
POLYLINE
8
P01206
66
1
70
0
0
VERTEX
8
P01206
10
174.497994
20
235.034658
30
0.0
0
VERTEX
8
P01206
10
174.667332
20
235.034658
30
0.0
0
SEQEND
0
POLYLINE
8
P01207
66
1
70
0
0
VERTEX
8
P01207
10
174.497994
20
234.949995
30
0.0
0
VERTEX
8
P01207
10
174.667332
20
234.949995
30
0.0
0
SEQEND
0
POLYLINE
8
P01208
66
1
70
0
0
VERTEX
8
P01208
10
174.413331
20
234.865326
30
0.0
0
VERTEX
8
P01208
10
174.582658
20
234.865326
30
0.0
0
SEQEND
0
POLYLINE
8
P01209
66
1
70
0
0
VERTEX
8
P01209
10
174.328668
20
234.780663
30
0.0
0
VERTEX
8
P01209
10
174.497994
20
234.780663
30
0.0
0
SEQEND
0
POLYLINE
8
P01210
66
1
70
0
0
VERTEX
8
P01210
10
174.328668
20
234.695994
30
0.0
0
VERTEX
8
P01210
10
174.413331
20
234.695994
30
0.0
0
SEQEND
0
POLYLINE
8
P01211
66
1
70
0
0
VERTEX
8
P01211
10
174.243994
20
234.611326
30
0.0
0
VERTEX
8
P01211
10
174.328668
20
234.611326
30
0.0
0
SEQEND
0
POLYLINE
8
P01212
66
1
70
0
0
VERTEX
8
P01212
10
174.159331
20
234.526662
30
0.0
0
VERTEX
8
P01212
10
174.243994
20
234.526662
30
0.0
0
VERTEX
8
P01212
10
174.159331
20
234.526662
30
0.0
0
SEQEND
0
POLYLINE
8
P01213
66
1
70
0
0
VERTEX
8
P01213
10
169.248659
20
228.938658
30
0.0
0
VERTEX
8
P01213
10
173.905330
20
234.187993
30
0.0
0
VERTEX
8
P01213
10
169.248659
20
228.938658
30
0.0
0
SEQEND
0
POLYLINE
8
P01214
66
1
70
0
0
VERTEX
8
P01214
10
185.419991
20
259.503327
30
0.0
0
VERTEX
8
P01214
10
192.955320
20
259.503327
30
0.0
0
SEQEND
0
POLYLINE
8
P01215
66
1
70
0
0
VERTEX
8
P01215
10
185.335328
20
259.418659
30
0.0
0
VERTEX
8
P01215
10
193.040004
20
259.418659
30
0.0
0
SEQEND
0
POLYLINE
8
P01216
66
1
70
0
0
VERTEX
8
P01216
10
185.250665
20
259.333993
30
0.0
0
VERTEX
8
P01216
10
193.124668
20
259.333993
30
0.0
0
SEQEND
0
POLYLINE
8
P01217
66
1
70
0
0
VERTEX
8
P01217
10
185.166002
20
259.249327
30
0.0
0
VERTEX
8
P01217
10
193.209331
20
259.249327
30
0.0
0
SEQEND
0
POLYLINE
8
P01218
66
1
70
0
0
VERTEX
8
P01218
10
185.081339
20
259.164661
30
0.0
0
VERTEX
8
P01218
10
193.293994
20
259.164661
30
0.0
0
SEQEND
0
POLYLINE
8
P01219
66
1
70
0
0
VERTEX
8
P01219
10
184.996654
20
259.079992
30
0.0
0
VERTEX
8
P01219
10
193.378657
20
259.079992
30
0.0
0
SEQEND
0
POLYLINE
8
P01220
66
1
70
0
0
VERTEX
8
P01220
10
184.911991
20
258.995327
30
0.0
0
VERTEX
8
P01220
10
193.548005
20
258.995327
30
0.0
0
SEQEND
0
POLYLINE
8
P01221
66
1
70
0
0
VERTEX
8
P01221
10
184.827327
20
258.910661
30
0.0
0
VERTEX
8
P01221
10
193.632668
20
258.910661
30
0.0
0
SEQEND
0
POLYLINE
8
P01222
66
1
70
0
0
VERTEX
8
P01222
10
184.742664
20
258.825992
30
0.0
0
VERTEX
8
P01222
10
193.717332
20
258.825992
30
0.0
0
SEQEND
0
POLYLINE
8
P01223
66
1
70
0
0
VERTEX
8
P01223
10
184.742664
20
258.741326
30
0.0
0
VERTEX
8
P01223
10
193.801995
20
258.741326
30
0.0
0
SEQEND
0
POLYLINE
8
P01224
66
1
70
0
0
VERTEX
8
P01224
10
184.658001
20
258.656660
30
0.0
0
VERTEX
8
P01224
10
193.886658
20
258.656660
30
0.0
0
SEQEND
0
POLYLINE
8
P01225
66
1
70
0
0
VERTEX
8
P01225
10
184.573338
20
258.571994
30
0.0
0
VERTEX
8
P01225
10
193.971321
20
258.571994
30
0.0
0
SEQEND
0
POLYLINE
8
P01226
66
1
70
0
0
VERTEX
8
P01226
10
184.488653
20
258.487326
30
0.0
0
VERTEX
8
P01226
10
194.056006
20
258.487326
30
0.0
0
SEQEND
0
POLYLINE
8
P01227
66
1
70
0
0
VERTEX
8
P01227
10
184.403990
20
258.402660
30
0.0
0
VERTEX
8
P01227
10
194.140669
20
258.402660
30
0.0
0
SEQEND
0
POLYLINE
8
P01228
66
1
70
0
0
VERTEX
8
P01228
10
184.319326
20
258.317994
30
0.0
0
VERTEX
8
P01228
10
194.225332
20
258.317994
30
0.0
0
SEQEND
0
POLYLINE
8
P01229
66
1
70
0
0
VERTEX
8
P01229
10
184.234663
20
258.233325
30
0.0
0
VERTEX
8
P01229
10
194.225332
20
258.233325
30
0.0
0
SEQEND
0
POLYLINE
8
P01230
66
1
70
0
0
VERTEX
8
P01230
10
184.150000
20
258.148659
30
0.0
0
VERTEX
8
P01230
10
194.140669
20
258.148659
30
0.0
0
SEQEND
0
POLYLINE
8
P01231
66
1
70
0
0
VERTEX
8
P01231
10
184.065337
20
258.063993
30
0.0
0
VERTEX
8
P01231
10
194.056006
20
258.063993
30
0.0
0
SEQEND
0
POLYLINE
8
P01232
66
1
70
0
0
VERTEX
8
P01232
10
183.980652
20
257.979328
30
0.0
0
VERTEX
8
P01232
10
193.971321
20
257.979328
30
0.0
0
SEQEND
0
POLYLINE
8
P01233
66
1
70
0
0
VERTEX
8
P01233
10
183.980652
20
257.894659
30
0.0
0
VERTEX
8
P01233
10
193.886658
20
257.894659
30
0.0
0
SEQEND
0
POLYLINE
8
P01234
66
1
70
0
0
VERTEX
8
P01234
10
183.895989
20
257.809993
30
0.0
0
VERTEX
8
P01234
10
193.801995
20
257.809993
30
0.0
0
SEQEND
0
POLYLINE
8
P01235
66
1
70
0
0
VERTEX
8
P01235
10
183.811326
20
257.725327
30
0.0
0
VERTEX
8
P01235
10
193.717332
20
257.725327
30
0.0
0
SEQEND
0
POLYLINE
8
P01236
66
1
70
0
0
VERTEX
8
P01236
10
183.726662
20
257.640658
30
0.0
0
VERTEX
8
P01236
10
193.632668
20
257.640658
30
0.0
0
SEQEND
0
POLYLINE
8
P01237
66
1
70
0
0
VERTEX
8
P01237
10
183.641999
20
257.555993
30
0.0
0
VERTEX
8
P01237
10
193.548005
20
257.555993
30
0.0
0
SEQEND
0
POLYLINE
8
P01238
66
1
70
0
0
VERTEX
8
P01238
10
183.557336
20
257.471327
30
0.0
0
VERTEX
8
P01238
10
193.463320
20
257.471327
30
0.0
0
SEQEND
0
POLYLINE
8
P01239
66
1
70
0
0
VERTEX
8
P01239
10
183.472673
20
257.386661
30
0.0
0
VERTEX
8
P01239
10
193.463320
20
257.386661
30
0.0
0
SEQEND
0
POLYLINE
8
P01240
66
1
70
0
0
VERTEX
8
P01240
10
183.387988
20
257.301992
30
0.0
0
VERTEX
8
P01240
10
193.378657
20
257.301992
30
0.0
0
SEQEND
0
POLYLINE
8
P01241
66
1
70
0
0
VERTEX
8
P01241
10
183.303325
20
257.217326
30
0.0
0
VERTEX
8
P01241
10
193.293994
20
257.217326
30
0.0
0
SEQEND
0
POLYLINE
8
P01242
66
1
70
0
0
VERTEX
8
P01242
10
183.218661
20
257.132660
30
0.0
0
VERTEX
8
P01242
10
193.209331
20
257.132660
30
0.0
0
SEQEND
0
POLYLINE
8
P01243
66
1
70
0
0
VERTEX
8
P01243
10
183.133998
20
257.047994
30
0.0
0
VERTEX
8
P01243
10
193.124668
20
257.047994
30
0.0
0
SEQEND
0
POLYLINE
8
P01244
66
1
70
0
0
VERTEX
8
P01244
10
183.303325
20
256.963326
30
0.0
0
VERTEX
8
P01244
10
193.040004
20
256.963326
30
0.0
0
SEQEND
0
POLYLINE
8
P01245
66
1
70
0
0
VERTEX
8
P01245
10
183.387988
20
256.878660
30
0.0
0
VERTEX
8
P01245
10
192.955320
20
256.878660
30
0.0
0
SEQEND
0
POLYLINE
8
P01246
66
1
70
0
0
VERTEX
8
P01246
10
183.472673
20
256.793994
30
0.0
0
VERTEX
8
P01246
10
192.870656
20
256.793994
30
0.0
0
SEQEND
0
POLYLINE
8
P01247
66
1
70
0
0
VERTEX
8
P01247
10
183.557336
20
256.709325
30
0.0
0
VERTEX
8
P01247
10
192.785993
20
256.709325
30
0.0
0
SEQEND
0
POLYLINE
8
P01248
66
1
70
0
0
VERTEX
8
P01248
10
183.641999
20
256.624659
30
0.0
0
VERTEX
8
P01248
10
192.701330
20
256.624659
30
0.0
0
SEQEND
0
POLYLINE
8
P01249
66
1
70
0
0
VERTEX
8
P01249
10
183.726662
20
256.539994
30
0.0
0
VERTEX
8
P01249
10
192.701330
20
256.539994
30
0.0
0
SEQEND
0
POLYLINE
8
P01250
66
1
70
0
0
VERTEX
8
P01250
10
183.811326
20
256.455328
30
0.0
0
VERTEX
8
P01250
10
192.616667
20
256.455328
30
0.0
0
SEQEND
0
POLYLINE
8
P01251
66
1
70
0
0
VERTEX
8
P01251
10
183.895989
20
256.370659
30
0.0
0
VERTEX
8
P01251
10
192.532003
20
256.370659
30
0.0
0
SEQEND
0
POLYLINE
8
P01252
66
1
70
0
0
VERTEX
8
P01252
10
184.065337
20
256.285993
30
0.0
0
VERTEX
8
P01252
10
192.447319
20
256.285993
30
0.0
0
SEQEND
0
POLYLINE
8
P01253
66
1
70
0
0
VERTEX
8
P01253
10
184.150000
20
256.201327
30
0.0
0
VERTEX
8
P01253
10
192.362655
20
256.201327
30
0.0
0
SEQEND
0
POLYLINE
8
P01254
66
1
70
0
0
VERTEX
8
P01254
10
184.234663
20
256.116659
30
0.0
0
VERTEX
8
P01254
10
192.277992
20
256.116659
30
0.0
0
SEQEND
0
POLYLINE
8
P01255
66
1
70
0
0
VERTEX
8
P01255
10
184.319326
20
256.031993
30
0.0
0
VERTEX
8
P01255
10
192.193329
20
256.031993
30
0.0
0
SEQEND
0
POLYLINE
8
P01256
66
1
70
0
0
VERTEX
8
P01256
10
184.403990
20
255.947327
30
0.0
0
VERTEX
8
P01256
10
192.108666
20
255.947327
30
0.0
0
SEQEND
0
POLYLINE
8
P01257
66
1
70
0
0
VERTEX
8
P01257
10
184.488653
20
255.862661
30
0.0
0
VERTEX
8
P01257
10
192.024003
20
255.862661
30
0.0
0
SEQEND
0
POLYLINE
8
P01258
66
1
70
0
0
VERTEX
8
P01258
10
184.573338
20
255.777992
30
0.0
0
VERTEX
8
P01258
10
191.939339
20
255.777992
30
0.0
0
SEQEND
0
POLYLINE
8
P01259
66
1
70
0
0
VERTEX
8
P01259
10
184.658001
20
255.693326
30
0.0
0
VERTEX
8
P01259
10
191.854655
20
255.693326
30
0.0
0
SEQEND
0
POLYLINE
8
P01260
66
1
70
0
0
VERTEX
8
P01260
10
184.827327
20
255.608660
30
0.0
0
VERTEX
8
P01260
10
191.854655
20
255.608660
30
0.0
0
SEQEND
0
POLYLINE
8
P01261
66
1
70
0
0
VERTEX
8
P01261
10
184.911991
20
255.523995
30
0.0
0
VERTEX
8
P01261
10
191.769991
20
255.523995
30
0.0
0
SEQEND
0
POLYLINE
8
P01262
66
1
70
0
0
VERTEX
8
P01262
10
184.996654
20
255.439326
30
0.0
0
VERTEX
8
P01262
10
191.685328
20
255.439326
30
0.0
0
SEQEND
0
POLYLINE
8
P01263
66
1
70
0
0
VERTEX
8
P01263
10
185.081339
20
255.354660
30
0.0
0
VERTEX
8
P01263
10
191.600665
20
255.354660
30
0.0
0
SEQEND
0
POLYLINE
8
P01264
66
1
70
0
0
VERTEX
8
P01264
10
185.166002
20
255.269994
30
0.0
0
VERTEX
8
P01264
10
191.516002
20
255.269994
30
0.0
0
SEQEND
0
POLYLINE
8
P01265
66
1
70
0
0
VERTEX
8
P01265
10
97.281993
20
276.605993
30
0.0
0
VERTEX
8
P01265
10
106.595335
20
276.605993
30
0.0
0
SEQEND
0
POLYLINE
8
P01266
66
1
70
0
0
VERTEX
8
P01266
10
97.197329
20
276.521327
30
0.0
0
VERTEX
8
P01266
10
106.679998
20
276.521327
30
0.0
0
SEQEND
0
POLYLINE
8
P01267
66
1
70
0
0
VERTEX
8
P01267
10
97.112666
20
276.436659
30
0.0
0
VERTEX
8
P01267
10
106.764661
20
276.436659
30
0.0
0
SEQEND
0
POLYLINE
8
P01268
66
1
70
0
0
VERTEX
8
P01268
10
97.028003
20
276.351992
30
0.0
0
VERTEX
8
P01268
10
106.849335
20
276.351992
30
0.0
0
SEQEND
0
POLYLINE
8
P01269
66
1
70
0
0
VERTEX
8
P01269
10
96.943329
20
276.267326
30
0.0
0
VERTEX
8
P01269
10
106.933998
20
276.267326
30
0.0
0
SEQEND
0
POLYLINE
8
P01270
66
1
70
0
0
VERTEX
8
P01270
10
96.858666
20
276.182659
30
0.0
0
VERTEX
8
P01270
10
107.018661
20
276.182659
30
0.0
0
SEQEND
0
POLYLINE
8
P01271
66
1
70
0
0
VERTEX
8
P01271
10
96.774003
20
276.097993
30
0.0
0
VERTEX
8
P01271
10
107.103335
20
276.097993
30
0.0
0
SEQEND
0
POLYLINE
8
P01272
66
1
70
0
0
VERTEX
8
P01272
10
96.689329
20
276.013326
30
0.0
0
VERTEX
8
P01272
10
107.187999
20
276.013326
30
0.0
0
SEQEND
0
POLYLINE
8
P01273
66
1
70
0
0
VERTEX
8
P01273
10
96.604665
20
275.928660
30
0.0
0
VERTEX
8
P01273
10
107.103335
20
275.928660
30
0.0
0
SEQEND
0
POLYLINE
8
P01274
66
1
70
0
0
VERTEX
8
P01274
10
96.520002
20
275.843993
30
0.0
0
VERTEX
8
P01274
10
107.018661
20
275.843993
30
0.0
0
SEQEND
0
POLYLINE
8
P01275
66
1
70
0
0
VERTEX
8
P01275
10
96.435328
20
275.759327
30
0.0
0
VERTEX
8
P01275
10
106.933998
20
275.759327
30
0.0
0
SEQEND
0
POLYLINE
8
P01276
66
1
70
0
0
VERTEX
8
P01276
10
96.350665
20
275.674659
30
0.0
0
VERTEX
8
P01276
10
106.849335
20
275.674659
30
0.0
0
SEQEND
0
POLYLINE
8
P01277
66
1
70
0
0
VERTEX
8
P01277
10
96.266002
20
275.589992
30
0.0
0
VERTEX
8
P01277
10
106.764661
20
275.589992
30
0.0
0
SEQEND
0
POLYLINE
8
P01278
66
1
70
0
0
VERTEX
8
P01278
10
96.181328
20
275.505325
30
0.0
0
VERTEX
8
P01278
10
106.679998
20
275.505325
30
0.0
0
SEQEND
0
POLYLINE
8
P01279
66
1
70
0
0
VERTEX
8
P01279
10
96.096665
20
275.420659
30
0.0
0
VERTEX
8
P01279
10
106.595335
20
275.420659
30
0.0
0
SEQEND
0
POLYLINE
8
P01280
66
1
70
0
0
VERTEX
8
P01280
10
96.012001
20
275.335993
30
0.0
0
VERTEX
8
P01280
10
106.510661
20
275.335993
30
0.0
0
SEQEND
0
POLYLINE
8
P01281
66
1
70
0
0
VERTEX
8
P01281
10
95.927327
20
275.251327
30
0.0
0
VERTEX
8
P01281
10
106.425997
20
275.251327
30
0.0
0
SEQEND
0
POLYLINE
8
P01282
66
1
70
0
0
VERTEX
8
P01282
10
95.842664
20
275.166659
30
0.0
0
VERTEX
8
P01282
10
106.341334
20
275.166659
30
0.0
0
SEQEND
0
POLYLINE
8
P01283
66
1
70
0
0
VERTEX
8
P01283
10
95.758001
20
275.081993
30
0.0
0
VERTEX
8
P01283
10
106.256660
20
275.081993
30
0.0
0
SEQEND
0
POLYLINE
8
P01284
66
1
70
0
0
VERTEX
8
P01284
10
95.673327
20
274.997327
30
0.0
0
VERTEX
8
P01284
10
106.171997
20
274.997327
30
0.0
0
SEQEND
0
POLYLINE
8
P01285
66
1
70
0
0
VERTEX
8
P01285
10
95.588664
20
274.912658
30
0.0
0
VERTEX
8
P01285
10
106.087334
20
274.912658
30
0.0
0
SEQEND
0
POLYLINE
8
P01286
66
1
70
0
0
VERTEX
8
P01286
10
95.504000
20
274.827992
30
0.0
0
VERTEX
8
P01286
10
106.002660
20
274.827992
30
0.0
0
SEQEND
0
POLYLINE
8
P01287
66
1
70
0
0
VERTEX
8
P01287
10
95.419326
20
274.743326
30
0.0
0
VERTEX
8
P01287
10
105.917997
20
274.743326
30
0.0
0
SEQEND
0
POLYLINE
8
P01288
66
1
70
0
0
VERTEX
8
P01288
10
95.334663
20
274.658660
30
0.0
0
VERTEX
8
P01288
10
105.833333
20
274.658660
30
0.0
0
SEQEND
0
POLYLINE
8
P01289
66
1
70
0
0
VERTEX
8
P01289
10
95.250000
20
274.573992
30
0.0
0
VERTEX
8
P01289
10
105.748659
20
274.573992
30
0.0
0
SEQEND
0
POLYLINE
8
P01290
66
1
70
0
0
VERTEX
8
P01290
10
95.165326
20
274.489326
30
0.0
0
VERTEX
8
P01290
10
105.663996
20
274.489326
30
0.0
0
SEQEND
0
POLYLINE
8
P01291
66
1
70
0
0
VERTEX
8
P01291
10
95.080663
20
274.404660
30
0.0
0
VERTEX
8
P01291
10
105.579333
20
274.404660
30
0.0
0
SEQEND
0
POLYLINE
8
P01292
66
1
70
0
0
VERTEX
8
P01292
10
94.996000
20
274.319994
30
0.0
0
VERTEX
8
P01292
10
105.494670
20
274.319994
30
0.0
0
SEQEND
0
POLYLINE
8
P01293
66
1
70
0
0
VERTEX
8
P01293
10
94.911336
20
274.235325
30
0.0
0
VERTEX
8
P01293
10
105.409996
20
274.235325
30
0.0
0
SEQEND
0
POLYLINE
8
P01294
66
1
70
0
0
VERTEX
8
P01294
10
94.826662
20
274.150660
30
0.0
0
VERTEX
8
P01294
10
105.325332
20
274.150660
30
0.0
0
SEQEND
0
POLYLINE
8
P01295
66
1
70
0
0
VERTEX
8
P01295
10
94.741999
20
274.065994
30
0.0
0
VERTEX
8
P01295
10
105.240669
20
274.065994
30
0.0
0
SEQEND
0
POLYLINE
8
P01296
66
1
70
0
0
VERTEX
8
P01296
10
94.657336
20
273.981325
30
0.0
0
VERTEX
8
P01296
10
105.155995
20
273.981325
30
0.0
0
SEQEND
0
POLYLINE
8
P01297
66
1
70
0
0
VERTEX
8
P01297
10
94.572662
20
273.896659
30
0.0
0
VERTEX
8
P01297
10
105.071332
20
273.896659
30
0.0
0
SEQEND
0
POLYLINE
8
P01298
66
1
70
0
0
VERTEX
8
P01298
10
94.487999
20
273.811993
30
0.0
0
VERTEX
8
P01298
10
104.986669
20
273.811993
30
0.0
0
SEQEND
0
POLYLINE
8
P01299
66
1
70
0
0
VERTEX
8
P01299
10
94.403335
20
273.727327
30
0.0
0
VERTEX
8
P01299
10
104.901995
20
273.727327
30
0.0
0
SEQEND
0
POLYLINE
8
P01300
66
1
70
0
0
VERTEX
8
P01300
10
94.318661
20
273.642659
30
0.0
0
VERTEX
8
P01300
10
104.817332
20
273.642659
30
0.0
0
SEQEND
0
POLYLINE
8
P01301
66
1
70
0
0
VERTEX
8
P01301
10
94.233998
20
273.557993
30
0.0
0
VERTEX
8
P01301
10
104.732668
20
273.557993
30
0.0
0
SEQEND
0
POLYLINE
8
P01302
66
1
70
0
0
VERTEX
8
P01302
10
94.149335
20
273.473327
30
0.0
0
VERTEX
8
P01302
10
104.647994
20
273.473327
30
0.0
0
SEQEND
0
POLYLINE
8
P01303
66
1
70
0
0
VERTEX
8
P01303
10
94.064661
20
273.388658
30
0.0
0
VERTEX
8
P01303
10
104.563331
20
273.388658
30
0.0
0
SEQEND
0
POLYLINE
8
P01304
66
1
70
0
0
VERTEX
8
P01304
10
93.979998
20
273.303992
30
0.0
0
VERTEX
8
P01304
10
104.478668
20
273.303992
30
0.0
0
SEQEND
0
POLYLINE
8
P01305
66
1
70
0
0
VERTEX
8
P01305
10
93.895335
20
273.219326
30
0.0
0
VERTEX
8
P01305
10
104.393994
20
273.219326
30
0.0
0
SEQEND
0
POLYLINE
8
P01306
66
1
70
0
0
VERTEX
8
P01306
10
93.810661
20
273.134661
30
0.0
0
VERTEX
8
P01306
10
104.309331
20
273.134661
30
0.0
0
SEQEND
0
POLYLINE
8
P01307
66
1
70
0
0
VERTEX
8
P01307
10
93.725997
20
273.049992
30
0.0
0
VERTEX
8
P01307
10
104.224668
20
273.049992
30
0.0
0
SEQEND
0
POLYLINE
8
P01308
66
1
70
0
0
VERTEX
8
P01308
10
93.641334
20
272.965326
30
0.0
0
VERTEX
8
P01308
10
104.139994
20
272.965326
30
0.0
0
SEQEND
0
POLYLINE
8
P01309
66
1
70
0
0
VERTEX
8
P01309
10
93.556660
20
272.880660
30
0.0
0
VERTEX
8
P01309
10
104.055330
20
272.880660
30
0.0
0
SEQEND
0
POLYLINE
8
P01310
66
1
70
0
0
VERTEX
8
P01310
10
93.471997
20
272.795991
30
0.0
0
VERTEX
8
P01310
10
103.970667
20
272.795991
30
0.0
0
SEQEND
0
POLYLINE
8
P01311
66
1
70
0
0
VERTEX
8
P01311
10
93.387334
20
272.711326
30
0.0
0
VERTEX
8
P01311
10
103.885993
20
272.711326
30
0.0
0
SEQEND
0
POLYLINE
8
P01312
66
1
70
0
0
VERTEX
8
P01312
10
93.302660
20
272.626660
30
0.0
0
VERTEX
8
P01312
10
103.801330
20
272.626660
30
0.0
0
SEQEND
0
POLYLINE
8
P01313
66
1
70
0
0
VERTEX
8
P01313
10
93.217997
20
272.541994
30
0.0
0
VERTEX
8
P01313
10
103.716667
20
272.541994
30
0.0
0
SEQEND
0
POLYLINE
8
P01314
66
1
70
0
0
VERTEX
8
P01314
10
93.133333
20
272.457325
30
0.0
0
VERTEX
8
P01314
10
103.631993
20
272.457325
30
0.0
0
SEQEND
0
POLYLINE
8
P01315
66
1
70
0
0
VERTEX
8
P01315
10
93.048659
20
272.372659
30
0.0
0
VERTEX
8
P01315
10
103.547329
20
272.372659
30
0.0
0
SEQEND
0
POLYLINE
8
P01316
66
1
70
0
0
VERTEX
8
P01316
10
92.963996
20
272.287993
30
0.0
0
VERTEX
8
P01316
10
103.462666
20
272.287993
30
0.0
0
SEQEND
0
POLYLINE
8
P01317
66
1
70
0
0
VERTEX
8
P01317
10
92.879333
20
272.203327
30
0.0
0
VERTEX
8
P01317
10
103.378003
20
272.203327
30
0.0
0
SEQEND
0
POLYLINE
8
P01318
66
1
70
0
0
VERTEX
8
P01318
10
92.963996
20
272.118659
30
0.0
0
VERTEX
8
P01318
10
103.293329
20
272.118659
30
0.0
0
SEQEND
0
POLYLINE
8
P01319
66
1
70
0
0
VERTEX
8
P01319
10
93.048659
20
272.033993
30
0.0
0
VERTEX
8
P01319
10
103.208666
20
272.033993
30
0.0
0
SEQEND
0
POLYLINE
8
P01320
66
1
70
0
0
VERTEX
8
P01320
10
93.133333
20
271.949327
30
0.0
0
VERTEX
8
P01320
10
103.124003
20
271.949327
30
0.0
0
SEQEND
0
POLYLINE
8
P01321
66
1
70
0
0
VERTEX
8
P01321
10
93.217997
20
271.864658
30
0.0
0
VERTEX
8
P01321
10
103.039329
20
271.864658
30
0.0
0
SEQEND
0
POLYLINE
8
P01322
66
1
70
0
0
VERTEX
8
P01322
10
93.302660
20
271.779992
30
0.0
0
VERTEX
8
P01322
10
102.954665
20
271.779992
30
0.0
0
SEQEND
0
POLYLINE
8
P01323
66
1
70
0
0
VERTEX
8
P01323
10
93.387334
20
271.695327
30
0.0
0
VERTEX
8
P01323
10
102.870002
20
271.695327
30
0.0
0
SEQEND
0
POLYLINE
8
P01324
66
1
70
0
0
VERTEX
8
P01324
10
93.471997
20
271.610661
30
0.0
0
VERTEX
8
P01324
10
102.785328
20
271.610661
30
0.0
0
SEQEND
0
POLYLINE
8
P01325
66
1
70
0
0
VERTEX
8
P01325
10
93.556660
20
271.525992
30
0.0
0
VERTEX
8
P01325
10
102.700665
20
271.525992
30
0.0
0
SEQEND
0
POLYLINE
8
P01326
66
1
70
0
0
VERTEX
8
P01326
10
93.641334
20
271.441326
30
0.0
0
VERTEX
8
P01326
10
102.616002
20
271.441326
30
0.0
0
SEQEND
0
POLYLINE
8
P01327
66
1
70
0
0
VERTEX
8
P01327
10
93.725997
20
271.356660
30
0.0
0
VERTEX
8
P01327
10
102.531328
20
271.356660
30
0.0
0
SEQEND
0
POLYLINE
8
P01328
66
1
70
0
0
VERTEX
8
P01328
10
93.810661
20
271.271992
30
0.0
0
VERTEX
8
P01328
10
102.446665
20
271.271992
30
0.0
0
SEQEND
0
POLYLINE
8
P01329
66
1
70
0
0
VERTEX
8
P01329
10
93.895335
20
271.187326
30
0.0
0
VERTEX
8
P01329
10
102.362001
20
271.187326
30
0.0
0
SEQEND
0
POLYLINE
8
P01330
66
1
70
0
0
VERTEX
8
P01330
10
93.979998
20
271.102660
30
0.0
0
VERTEX
8
P01330
10
102.277327
20
271.102660
30
0.0
0
SEQEND
0
POLYLINE
8
P01331
66
1
70
0
0
VERTEX
8
P01331
10
94.064661
20
271.017994
30
0.0
0
VERTEX
8
P01331
10
102.192664
20
271.017994
30
0.0
0
SEQEND
0
POLYLINE
8
P01332
66
1
70
0
0
VERTEX
8
P01332
10
94.149335
20
270.933325
30
0.0
0
VERTEX
8
P01332
10
102.108001
20
270.933325
30
0.0
0
SEQEND
0
POLYLINE
8
P01333
66
1
70
0
0
VERTEX
8
P01333
10
94.233998
20
270.848659
30
0.0
0
VERTEX
8
P01333
10
102.023327
20
270.848659
30
0.0
0
SEQEND
0
POLYLINE
8
P01334
66
1
70
0
0
VERTEX
8
P01334
10
94.318661
20
270.763993
30
0.0
0
VERTEX
8
P01334
10
101.938664
20
270.763993
30
0.0
0
SEQEND
0
POLYLINE
8
P01335
66
1
70
0
0
VERTEX
8
P01335
10
94.403335
20
270.679328
30
0.0
0
VERTEX
8
P01335
10
101.854000
20
270.679328
30
0.0
0
SEQEND
0
POLYLINE
8
P01336
66
1
70
0
0
VERTEX
8
P01336
10
94.487999
20
270.594659
30
0.0
0
VERTEX
8
P01336
10
101.769326
20
270.594659
30
0.0
0
SEQEND
0
POLYLINE
8
P01337
66
1
70
0
0
VERTEX
8
P01337
10
94.572662
20
270.509993
30
0.0
0
VERTEX
8
P01337
10
101.684663
20
270.509993
30
0.0
0
SEQEND
0
POLYLINE
8
P01338
66
1
70
0
0
VERTEX
8
P01338
10
94.657336
20
270.425327
30
0.0
0
VERTEX
8
P01338
10
101.600000
20
270.425327
30
0.0
0
SEQEND
0
POLYLINE
8
P01339
66
1
70
0
0
VERTEX
8
P01339
10
94.741999
20
270.340658
30
0.0
0
VERTEX
8
P01339
10
101.515326
20
270.340658
30
0.0
0
SEQEND
0
POLYLINE
8
P01340
66
1
70
0
0
VERTEX
8
P01340
10
94.826662
20
270.255993
30
0.0
0
VERTEX
8
P01340
10
101.430663
20
270.255993
30
0.0
0
SEQEND
0
POLYLINE
8
P01341
66
1
70
0
0
VERTEX
8
P01341
10
94.911336
20
270.171327
30
0.0
0
VERTEX
8
P01341
10
101.346000
20
270.171327
30
0.0
0
SEQEND
0
POLYLINE
8
P01342
66
1
70
0
0
VERTEX
8
P01342
10
94.996000
20
270.086661
30
0.0
0
VERTEX
8
P01342
10
101.261336
20
270.086661
30
0.0
0
SEQEND
0
POLYLINE
8
P01343
66
1
70
0
0
VERTEX
8
P01343
10
95.080663
20
270.001992
30
0.0
0
VERTEX
8
P01343
10
101.176662
20
270.001992
30
0.0
0
SEQEND
0
POLYLINE
8
P01344
66
1
70
0
0
VERTEX
8
P01344
10
95.165326
20
269.917326
30
0.0
0
VERTEX
8
P01344
10
101.091999
20
269.917326
30
0.0
0
SEQEND
0
POLYLINE
8
P01345
66
1
70
0
0
VERTEX
8
P01345
10
95.250000
20
269.832660
30
0.0
0
VERTEX
8
P01345
10
101.007336
20
269.832660
30
0.0
0
SEQEND
0
POLYLINE
8
P01346
66
1
70
0
0
VERTEX
8
P01346
10
95.334663
20
269.747992
30
0.0
0
VERTEX
8
P01346
10
100.922662
20
269.747992
30
0.0
0
SEQEND
0
POLYLINE
8
P01347
66
1
70
0
0
VERTEX
8
P01347
10
95.419326
20
269.663326
30
0.0
0
VERTEX
8
P01347
10
100.837999
20
269.663326
30
0.0
0
SEQEND
0
POLYLINE
8
P01348
66
1
70
0
0
VERTEX
8
P01348
10
95.504000
20
269.578660
30
0.0
0
VERTEX
8
P01348
10
100.753335
20
269.578660
30
0.0
0
SEQEND
0
POLYLINE
8
P01349
66
1
70
0
0
VERTEX
8
P01349
10
95.588664
20
269.493994
30
0.0
0
VERTEX
8
P01349
10
100.668661
20
269.493994
30
0.0
0
SEQEND
0
POLYLINE
8
P01350
66
1
70
0
0
VERTEX
8
P01350
10
95.673327
20
269.409325
30
0.0
0
VERTEX
8
P01350
10
100.583998
20
269.409325
30
0.0
0
SEQEND
0
POLYLINE
8
P01351
66
1
70
0
0
VERTEX
8
P01351
10
95.758001
20
269.324659
30
0.0
0
VERTEX
8
P01351
10
100.499335
20
269.324659
30
0.0
0
SEQEND
0
POLYLINE
8
P01352
66
1
70
0
0
VERTEX
8
P01352
10
95.842664
20
269.239994
30
0.0
0
VERTEX
8
P01352
10
100.414661
20
269.239994
30
0.0
0
SEQEND
0
POLYLINE
8
P01353
66
1
70
0
0
VERTEX
8
P01353
10
95.927327
20
269.155325
30
0.0
0
VERTEX
8
P01353
10
100.329998
20
269.155325
30
0.0
0
SEQEND
0
POLYLINE
8
P01354
66
1
70
0
0
VERTEX
8
P01354
10
96.012001
20
269.070659
30
0.0
0
VERTEX
8
P01354
10
100.245335
20
269.070659
30
0.0
0
SEQEND
0
POLYLINE
8
P01355
66
1
70
0
0
VERTEX
8
P01355
10
96.096665
20
268.985993
30
0.0
0
VERTEX
8
P01355
10
100.160661
20
268.985993
30
0.0
0
SEQEND
0
POLYLINE
8
P01356
66
1
70
0
0
VERTEX
8
P01356
10
96.181328
20
268.901327
30
0.0
0
VERTEX
8
P01356
10
100.075997
20
268.901327
30
0.0
0
SEQEND
0
POLYLINE
8
P01357
66
1
70
0
0
VERTEX
8
P01357
10
96.266002
20
268.816659
30
0.0
0
VERTEX
8
P01357
10
99.991334
20
268.816659
30
0.0
0
SEQEND
0
POLYLINE
8
P01358
66
1
70
0
0
VERTEX
8
P01358
10
96.350665
20
268.731993
30
0.0
0
VERTEX
8
P01358
10
99.906660
20
268.731993
30
0.0
0
SEQEND
0
POLYLINE
8
P01359
66
1
70
0
0
VERTEX
8
P01359
10
96.435328
20
268.647327
30
0.0
0
VERTEX
8
P01359
10
99.821997
20
268.647327
30
0.0
0
SEQEND
0
POLYLINE
8
P01360
66
1
70
0
0
VERTEX
8
P01360
10
96.520002
20
268.562661
30
0.0
0
VERTEX
8
P01360
10
99.737334
20
268.562661
30
0.0
0
SEQEND
0
POLYLINE
8
P01361
66
1
70
0
0
VERTEX
8
P01361
10
96.604665
20
268.477992
30
0.0
0
VERTEX
8
P01361
10
99.652660
20
268.477992
30
0.0
0
SEQEND
0
POLYLINE
8
P01362
66
1
70
0
0
VERTEX
8
P01362
10
96.689329
20
268.393326
30
0.0
0
VERTEX
8
P01362
10
99.567997
20
268.393326
30
0.0
0
SEQEND
0
POLYLINE
8
P01363
66
1
70
0
0
VERTEX
8
P01363
10
96.774003
20
268.308660
30
0.0
0
VERTEX
8
P01363
10
99.483333
20
268.308660
30
0.0
0
SEQEND
0
POLYLINE
8
P01364
66
1
70
0
0
VERTEX
8
P01364
10
96.858666
20
268.223992
30
0.0
0
VERTEX
8
P01364
10
99.398659
20
268.223992
30
0.0
0
SEQEND
0
POLYLINE
8
P01365
66
1
70
0
0
VERTEX
8
P01365
10
96.943329
20
268.139326
30
0.0
0
VERTEX
8
P01365
10
99.313996
20
268.139326
30
0.0
0
SEQEND
0
POLYLINE
8
P01366
66
1
70
0
0
VERTEX
8
P01366
10
97.028003
20
268.054660
30
0.0
0
VERTEX
8
P01366
10
99.229333
20
268.054660
30
0.0
0
SEQEND
0
POLYLINE
8
P01367
66
1
70
0
0
VERTEX
8
P01367
10
97.112666
20
267.969994
30
0.0
0
VERTEX
8
P01367
10
99.144670
20
267.969994
30
0.0
0
SEQEND
0
POLYLINE
8
P01368
66
1
70
0
0
VERTEX
8
P01368
10
97.197329
20
267.885325
30
0.0
0
VERTEX
8
P01368
10
99.059996
20
267.885325
30
0.0
0
SEQEND
0
POLYLINE
8
P01369
66
1
70
0
0
VERTEX
8
P01369
10
97.281993
20
267.800660
30
0.0
0
VERTEX
8
P01369
10
98.975332
20
267.800660
30
0.0
0
SEQEND
0
POLYLINE
8
P01370
66
1
70
0
0
VERTEX
8
P01370
10
97.366667
20
267.715994
30
0.0
0
VERTEX
8
P01370
10
98.890669
20
267.715994
30
0.0
0
SEQEND
0
POLYLINE
8
P01371
66
1
70
0
0
VERTEX
8
P01371
10
97.451330
20
267.631325
30
0.0
0
VERTEX
8
P01371
10
98.805995
20
267.631325
30
0.0
0
SEQEND
0
POLYLINE
8
P01372
66
1
70
0
0
VERTEX
8
P01372
10
97.535993
20
267.546659
30
0.0
0
VERTEX
8
P01372
10
98.721332
20
267.546659
30
0.0
0
SEQEND
0
POLYLINE
8
P01373
66
1
70
0
0
VERTEX
8
P01373
10
97.620667
20
267.461993
30
0.0
0
VERTEX
8
P01373
10
98.636669
20
267.461993
30
0.0
0
SEQEND
0
POLYLINE
8
P01374
66
1
70
0
0
VERTEX
8
P01374
10
97.705330
20
267.377327
30
0.0
0
VERTEX
8
P01374
10
98.551995
20
267.377327
30
0.0
0
SEQEND
0
POLYLINE
8
P01375
66
1
70
0
0
VERTEX
8
P01375
10
97.789994
20
267.292659
30
0.0
0
VERTEX
8
P01375
10
98.467332
20
267.292659
30
0.0
0
SEQEND
0
POLYLINE
8
P01376
66
1
70
0
0
VERTEX
8
P01376
10
97.874668
20
267.207993
30
0.0
0
VERTEX
8
P01376
10
98.382668
20
267.207993
30
0.0
0
SEQEND
0
POLYLINE
8
P01377
66
1
70
0
0
VERTEX
8
P01377
10
97.959331
20
267.123327
30
0.0
0
VERTEX
8
P01377
10
98.297994
20
267.123327
30
0.0
0
SEQEND
0
POLYLINE
8
P01378
66
1
70
0
0
VERTEX
8
P01378
10
98.043994
20
267.038658
30
0.0
0
VERTEX
8
P01378
10
98.213331
20
267.038658
30
0.0
0
VERTEX
8
P01378
10
98.043994
20
267.038658
30
0.0
0
SEQEND
0
POLYLINE
8
P01379
66
1
70
0
0
VERTEX
8
P01379
10
97.028003
20
268.054660
30
0.0
0
VERTEX
8
P01379
10
93.471997
20
271.610661
30
0.0
0
VERTEX
8
P01379
10
97.028003
20
268.054660
30
0.0
0
SEQEND
0
POLYLINE
8
P01380
66
1
70
0
0
VERTEX
8
P01380
10
93.471997
20
271.610661
30
0.0
0
VERTEX
8
P01380
10
97.028003
20
275.166659
30
0.0
0
VERTEX
8
P01380
10
93.471997
20
271.610661
30
0.0
0
SEQEND
0
POLYLINE
8
P01381
66
1
70
0
0
VERTEX
8
P01381
10
97.028003
20
275.166659
30
0.0
0
VERTEX
8
P01381
10
100.499335
20
271.610661
30
0.0
0
VERTEX
8
P01381
10
97.028003
20
275.166659
30
0.0
0
SEQEND
0
POLYLINE
8
P01382
66
1
70
0
0
VERTEX
8
P01382
10
100.499335
20
271.610661
30
0.0
0
VERTEX
8
P01382
10
97.028003
20
268.054660
30
0.0
0
VERTEX
8
P01382
10
100.499335
20
271.610661
30
0.0
0
SEQEND
0
POLYLINE
8
P01383
66
1
70
0
0
VERTEX
8
P01383
10
89.831333
20
258.910661
30
0.0
0
VERTEX
8
P01383
10
89.915996
20
258.910661
30
0.0
0
SEQEND
0
POLYLINE
8
P01384
66
1
70
0
0
VERTEX
8
P01384
10
89.746665
20
258.825992
30
0.0
0
VERTEX
8
P01384
10
90.000665
20
258.825992
30
0.0
0
SEQEND
0
POLYLINE
8
P01385
66
1
70
0
0
VERTEX
8
P01385
10
89.661996
20
258.741326
30
0.0
0
VERTEX
8
P01385
10
90.085334
20
258.741326
30
0.0
0
SEQEND
0
POLYLINE
8
P01386
66
1
70
0
0
VERTEX
8
P01386
10
89.577333
20
258.656660
30
0.0
0
VERTEX
8
P01386
10
90.169997
20
258.656660
30
0.0
0
SEQEND
0
POLYLINE
8
P01387
66
1
70
0
0
VERTEX
8
P01387
10
89.577333
20
258.571994
30
0.0
0
VERTEX
8
P01387
10
90.254665
20
258.571994
30
0.0
0
SEQEND
0
POLYLINE
8
P01388
66
1
70
0
0
VERTEX
8
P01388
10
89.492664
20
258.487326
30
0.0
0
VERTEX
8
P01388
10
90.339329
20
258.487326
30
0.0
0
SEQEND
0
POLYLINE
8
P01389
66
1
70
0
0
VERTEX
8
P01389
10
89.407995
20
258.402660
30
0.0
0
VERTEX
8
P01389
10
90.424003
20
258.402660
30
0.0
0
SEQEND
0
POLYLINE
8
P01390
66
1
70
0
0
VERTEX
8
P01390
10
89.323332
20
258.317994
30
0.0
0
VERTEX
8
P01390
10
90.508666
20
258.317994
30
0.0
0
SEQEND
0
POLYLINE
8
P01391
66
1
70
0
0
VERTEX
8
P01391
10
89.323332
20
258.233325
30
0.0
0
VERTEX
8
P01391
10
90.593329
20
258.233325
30
0.0
0
SEQEND
0
POLYLINE
8
P01392
66
1
70
0
0
VERTEX
8
P01392
10
89.238664
20
258.148659
30
0.0
0
VERTEX
8
P01392
10
90.678003
20
258.148659
30
0.0
0
SEQEND
0
POLYLINE
8
P01393
66
1
70
0
0
VERTEX
8
P01393
10
89.154000
20
258.063993
30
0.0
0
VERTEX
8
P01393
10
90.762666
20
258.063993
30
0.0
0
SEQEND
0
POLYLINE
8
P01394
66
1
70
0
0
VERTEX
8
P01394
10
89.069332
20
257.979328
30
0.0
0
VERTEX
8
P01394
10
90.847329
20
257.979328
30
0.0
0
SEQEND
0
POLYLINE
8
P01395
66
1
70
0
0
VERTEX
8
P01395
10
88.984663
20
257.894659
30
0.0
0
VERTEX
8
P01395
10
90.931993
20
257.894659
30
0.0
0
SEQEND
0
POLYLINE
8
P01396
66
1
70
0
0
VERTEX
8
P01396
10
88.984663
20
257.809993
30
0.0
0
VERTEX
8
P01396
10
91.016667
20
257.809993
30
0.0
0
SEQEND
0
POLYLINE
8
P01397
66
1
70
0
0
VERTEX
8
P01397
10
88.900000
20
257.725327
30
0.0
0
VERTEX
8
P01397
10
91.101330
20
257.725327
30
0.0
0
SEQEND
0
POLYLINE
8
P01398
66
1
70
0
0
VERTEX
8
P01398
10
88.815331
20
257.640658
30
0.0
0
VERTEX
8
P01398
10
91.185993
20
257.640658
30
0.0
0
SEQEND
0
POLYLINE
8
P01399
66
1
70
0
0
VERTEX
8
P01399
10
88.730663
20
257.555993
30
0.0
0
VERTEX
8
P01399
10
91.270667
20
257.555993
30
0.0
0
SEQEND
0
POLYLINE
8
P01400
66
1
70
0
0
VERTEX
8
P01400
10
88.730663
20
257.471327
30
0.0
0
VERTEX
8
P01400
10
91.355330
20
257.471327
30
0.0
0
SEQEND
0
POLYLINE
8
P01401
66
1
70
0
0
VERTEX
8
P01401
10
88.646000
20
257.386661
30
0.0
0
VERTEX
8
P01401
10
91.439994
20
257.386661
30
0.0
0
SEQEND
0
POLYLINE
8
P01402
66
1
70
0
0
VERTEX
8
P01402
10
88.561331
20
257.301992
30
0.0
0
VERTEX
8
P01402
10
91.524668
20
257.301992
30
0.0
0
SEQEND
0
POLYLINE
8
P01403
66
1
70
0
0
VERTEX
8
P01403
10
88.476662
20
257.217326
30
0.0
0
VERTEX
8
P01403
10
91.439994
20
257.217326
30
0.0
0
SEQEND
0
POLYLINE
8
P01404
66
1
70
0
0
VERTEX
8
P01404
10
88.476662
20
257.132660
30
0.0
0
VERTEX
8
P01404
10
91.355330
20
257.132660
30
0.0
0
SEQEND
0
POLYLINE
8
P01405
66
1
70
0
0
VERTEX
8
P01405
10
88.391999
20
257.047994
30
0.0
0
VERTEX
8
P01405
10
91.270667
20
257.047994
30
0.0
0
SEQEND
0
POLYLINE
8
P01406
66
1
70
0
0
VERTEX
8
P01406
10
88.307331
20
256.963326
30
0.0
0
VERTEX
8
P01406
10
91.101330
20
256.963326
30
0.0
0
SEQEND
0
POLYLINE
8
P01407
66
1
70
0
0
VERTEX
8
P01407
10
88.222667
20
256.878660
30
0.0
0
VERTEX
8
P01407
10
91.016667
20
256.878660
30
0.0
0
SEQEND
0
POLYLINE
8
P01408
66
1
70
0
0
VERTEX
8
P01408
10
88.137999
20
256.793994
30
0.0
0
VERTEX
8
P01408
10
90.931993
20
256.793994
30
0.0
0
SEQEND
0
POLYLINE
8
P01409
66
1
70
0
0
VERTEX
8
P01409
10
88.137999
20
256.709325
30
0.0
0
VERTEX
8
P01409
10
90.762666
20
256.709325
30
0.0
0
SEQEND
0
POLYLINE
8
P01410
66
1
70
0
0
VERTEX
8
P01410
10
88.053330
20
256.624659
30
0.0
0
VERTEX
8
P01410
10
90.678003
20
256.624659
30
0.0
0
SEQEND
0
POLYLINE
8
P01411
66
1
70
0
0
VERTEX
8
P01411
10
87.968667
20
256.539994
30
0.0
0
VERTEX
8
P01411
10
90.593329
20
256.539994
30
0.0
0
SEQEND
0
POLYLINE
8
P01412
66
1
70
0
0
VERTEX
8
P01412
10
87.883998
20
256.455328
30
0.0
0
VERTEX
8
P01412
10
90.508666
20
256.455328
30
0.0
0
SEQEND
0
POLYLINE
8
P01413
66
1
70
0
0
VERTEX
8
P01413
10
87.883998
20
256.370659
30
0.0
0
VERTEX
8
P01413
10
90.339329
20
256.370659
30
0.0
0
SEQEND
0
POLYLINE
8
P01414
66
1
70
0
0
VERTEX
8
P01414
10
87.799330
20
256.285993
30
0.0
0
VERTEX
8
P01414
10
90.254665
20
256.285993
30
0.0
0
SEQEND
0
POLYLINE
8
P01415
66
1
70
0
0
VERTEX
8
P01415
10
87.714666
20
256.201327
30
0.0
0
VERTEX
8
P01415
10
90.169997
20
256.201327
30
0.0
0
SEQEND
0
POLYLINE
8
P01416
66
1
70
0
0
VERTEX
8
P01416
10
87.629998
20
256.116659
30
0.0
0
VERTEX
8
P01416
10
90.000665
20
256.116659
30
0.0
0
SEQEND
0
POLYLINE
8
P01417
66
1
70
0
0
VERTEX
8
P01417
10
87.545329
20
256.031993
30
0.0
0
VERTEX
8
P01417
10
89.915996
20
256.031993
30
0.0
0
SEQEND
0
POLYLINE
8
P01418
66
1
70
0
0
VERTEX
8
P01418
10
87.545329
20
255.947327
30
0.0
0
VERTEX
8
P01418
10
89.831333
20
255.947327
30
0.0
0
SEQEND
0
POLYLINE
8
P01419
66
1
70
0
0
VERTEX
8
P01419
10
87.545329
20
255.862661
30
0.0
0
VERTEX
8
P01419
10
89.661996
20
255.862661
30
0.0
0
SEQEND
0
POLYLINE
8
P01420
66
1
70
0
0
VERTEX
8
P01420
10
87.460666
20
255.777992
30
0.0
0
VERTEX
8
P01420
10
89.577333
20
255.777992
30
0.0
0
SEQEND
0
POLYLINE
8
P01421
66
1
70
0
0
VERTEX
8
P01421
10
87.460666
20
255.693326
30
0.0
0
VERTEX
8
P01421
10
89.492664
20
255.693326
30
0.0
0
SEQEND
0
POLYLINE
8
P01422
66
1
70
0
0
VERTEX
8
P01422
10
87.375997
20
255.608660
30
0.0
0
VERTEX
8
P01422
10
89.407995
20
255.608660
30
0.0
0
SEQEND
0
POLYLINE
8
P01423
66
1
70
0
0
VERTEX
8
P01423
10
87.375997
20
255.523995
30
0.0
0
VERTEX
8
P01423
10
89.238664
20
255.523995
30
0.0
0
SEQEND
0
POLYLINE
8
P01424
66
1
70
0
0
VERTEX
8
P01424
10
87.291329
20
255.439326
30
0.0
0
VERTEX
8
P01424
10
89.154000
20
255.439326
30
0.0
0
SEQEND
0
POLYLINE
8
P01425
66
1
70
0
0
VERTEX
8
P01425
10
87.291329
20
255.354660
30
0.0
0
VERTEX
8
P01425
10
89.069332
20
255.354660
30
0.0
0
SEQEND
0
POLYLINE
8
P01426
66
1
70
0
0
VERTEX
8
P01426
10
87.291329
20
255.269994
30
0.0
0
VERTEX
8
P01426
10
88.900000
20
255.269994
30
0.0
0
SEQEND
0
POLYLINE
8
P01427
66
1
70
0
0
VERTEX
8
P01427
10
87.206666
20
255.185325
30
0.0
0
VERTEX
8
P01427
10
88.815331
20
255.185325
30
0.0
0
SEQEND
0
POLYLINE
8
P01428
66
1
70
0
0
VERTEX
8
P01428
10
87.206666
20
255.100660
30
0.0
0
VERTEX
8
P01428
10
88.730663
20
255.100660
30
0.0
0
SEQEND
0
POLYLINE
8
P01429
66
1
70
0
0
VERTEX
8
P01429
10
87.121997
20
255.015994
30
0.0
0
VERTEX
8
P01429
10
88.561331
20
255.015994
30
0.0
0
SEQEND
0
POLYLINE
8
P01430
66
1
70
0
0
VERTEX
8
P01430
10
87.121997
20
254.931328
30
0.0
0
VERTEX
8
P01430
10
88.391999
20
254.931328
30
0.0
0
SEQEND
0
POLYLINE
8
P01431
66
1
70
0
0
VERTEX
8
P01431
10
87.037334
20
254.846659
30
0.0
0
VERTEX
8
P01431
10
88.222667
20
254.846659
30
0.0
0
SEQEND
0
POLYLINE
8
P01432
66
1
70
0
0
VERTEX
8
P01432
10
87.037334
20
254.761993
30
0.0
0
VERTEX
8
P01432
10
87.968667
20
254.761993
30
0.0
0
SEQEND
0
POLYLINE
8
P01433
66
1
70
0
0
VERTEX
8
P01433
10
87.037334
20
254.677327
30
0.0
0
VERTEX
8
P01433
10
87.799330
20
254.677327
30
0.0
0
SEQEND
0
POLYLINE
8
P01434
66
1
70
0
0
VERTEX
8
P01434
10
86.952665
20
254.592659
30
0.0
0
VERTEX
8
P01434
10
87.629998
20
254.592659
30
0.0
0
SEQEND
0
POLYLINE
8
P01435
66
1
70
0
0
VERTEX
8
P01435
10
86.952665
20
254.507993
30
0.0
0
VERTEX
8
P01435
10
87.375997
20
254.507993
30
0.0
0
SEQEND
0
POLYLINE
8
P01436
66
1
70
0
0
VERTEX
8
P01436
10
86.867997
20
254.423327
30
0.0
0
VERTEX
8
P01436
10
87.206666
20
254.423327
30
0.0
0
SEQEND
0
POLYLINE
8
P01437
66
1
70
0
0
VERTEX
8
P01437
10
86.867997
20
254.338661
30
0.0
0
VERTEX
8
P01437
10
87.037334
20
254.338661
30
0.0
0
VERTEX
8
P01437
10
86.867997
20
254.338661
30
0.0
0
SEQEND
0
POLYLINE
8
P01438
66
1
70
0
0
VERTEX
8
P01438
10
86.783333
20
254.253992
30
0.0
0
VERTEX
8
P01438
10
89.831333
20
258.233325
30
0.0
0
VERTEX
8
P01438
10
86.783333
20
254.253992
30
0.0
0
SEQEND
0
POLYLINE
8
P01439
66
1
70
0
0
VERTEX
8
P01439
10
89.831333
20
258.233325
30
0.0
0
VERTEX
8
P01439
10
90.000665
20
257.386661
30
0.0
0
VERTEX
8
P01439
10
89.831333
20
258.233325
30
0.0
0
SEQEND
0
POLYLINE
8
P01440
66
1
70
0
0
VERTEX
8
P01440
10
90.000665
20
257.386661
30
0.0
0
VERTEX
8
P01440
10
90.762666
20
257.301992
30
0.0
0
VERTEX
8
P01440
10
90.000665
20
257.386661
30
0.0
0
SEQEND
0
POLYLINE
8
P01441
66
1
70
0
0
VERTEX
8
P01441
10
90.762666
20
257.301992
30
0.0
0
VERTEX
8
P01441
10
86.783333
20
254.253992
30
0.0
0
VERTEX
8
P01441
10
90.762666
20
257.301992
30
0.0
0
SEQEND
0
POLYLINE
8
P01442
66
1
70
0
0
VERTEX
8
P01442
10
89.831333
20
258.148659
30
0.0
0
VERTEX
8
P01442
10
89.915996
20
258.148659
30
0.0
0
SEQEND
0
POLYLINE
8
P01443
66
1
70
0
0
VERTEX
8
P01443
10
89.746665
20
258.063993
30
0.0
0
VERTEX
8
P01443
10
89.915996
20
258.063993
30
0.0
0
SEQEND
0
POLYLINE
8
P01444
66
1
70
0
0
VERTEX
8
P01444
10
89.661996
20
257.979328
30
0.0
0
VERTEX
8
P01444
10
89.915996
20
257.979328
30
0.0
0
SEQEND
0
POLYLINE
8
P01445
66
1
70
0
0
VERTEX
8
P01445
10
89.577333
20
257.894659
30
0.0
0
VERTEX
8
P01445
10
89.915996
20
257.894659
30
0.0
0
SEQEND
0
POLYLINE
8
P01446
66
1
70
0
0
VERTEX
8
P01446
10
89.577333
20
257.809993
30
0.0
0
VERTEX
8
P01446
10
89.915996
20
257.809993
30
0.0
0
SEQEND
0
POLYLINE
8
P01447
66
1
70
0
0
VERTEX
8
P01447
10
89.492664
20
257.725327
30
0.0
0
VERTEX
8
P01447
10
90.000665
20
257.725327
30
0.0
0
SEQEND
0
POLYLINE
8
P01448
66
1
70
0
0
VERTEX
8
P01448
10
89.407995
20
257.640658
30
0.0
0
VERTEX
8
P01448
10
90.000665
20
257.640658
30
0.0
0
SEQEND
0
POLYLINE
8
P01449
66
1
70
0
0
VERTEX
8
P01449
10
89.323332
20
257.555993
30
0.0
0
VERTEX
8
P01449
10
90.000665
20
257.555993
30
0.0
0
SEQEND
0
POLYLINE
8
P01450
66
1
70
0
0
VERTEX
8
P01450
10
89.323332
20
257.471327
30
0.0
0
VERTEX
8
P01450
10
90.000665
20
257.471327
30
0.0
0
SEQEND
0
POLYLINE
8
P01451
66
1
70
0
0
VERTEX
8
P01451
10
89.238664
20
257.386661
30
0.0
0
VERTEX
8
P01451
10
90.000665
20
257.386661
30
0.0
0
SEQEND
0
POLYLINE
8
P01452
66
1
70
0
0
VERTEX
8
P01452
10
89.154000
20
257.301992
30
0.0
0
VERTEX
8
P01452
10
89.915996
20
257.301992
30
0.0
0
SEQEND
0
POLYLINE
8
P01453
66
1
70
0
0
VERTEX
8
P01453
10
89.069332
20
257.217326
30
0.0
0
VERTEX
8
P01453
10
89.831333
20
257.217326
30
0.0
0
SEQEND
0
POLYLINE
8
P01454
66
1
70
0
0
VERTEX
8
P01454
10
89.069332
20
257.132660
30
0.0
0
VERTEX
8
P01454
10
89.746665
20
257.132660
30
0.0
0
SEQEND
0
POLYLINE
8
P01455
66
1
70
0
0
VERTEX
8
P01455
10
88.984663
20
257.047994
30
0.0
0
VERTEX
8
P01455
10
89.661996
20
257.047994
30
0.0
0
SEQEND
0
POLYLINE
8
P01456
66
1
70
0
0
VERTEX
8
P01456
10
88.900000
20
256.963326
30
0.0
0
VERTEX
8
P01456
10
89.577333
20
256.963326
30
0.0
0
SEQEND
0
POLYLINE
8
P01457
66
1
70
0
0
VERTEX
8
P01457
10
88.815331
20
256.878660
30
0.0
0
VERTEX
8
P01457
10
89.492664
20
256.878660
30
0.0
0
SEQEND
0
POLYLINE
8
P01458
66
1
70
0
0
VERTEX
8
P01458
10
88.730663
20
256.793994
30
0.0
0
VERTEX
8
P01458
10
89.407995
20
256.793994
30
0.0
0
SEQEND
0
POLYLINE
8
P01459
66
1
70
0
0
VERTEX
8
P01459
10
88.730663
20
256.709325
30
0.0
0
VERTEX
8
P01459
10
89.323332
20
256.709325
30
0.0
0
SEQEND
0
POLYLINE
8
P01460
66
1
70
0
0
VERTEX
8
P01460
10
88.646000
20
256.624659
30
0.0
0
VERTEX
8
P01460
10
89.238664
20
256.624659
30
0.0
0
SEQEND
0
POLYLINE
8
P01461
66
1
70
0
0
VERTEX
8
P01461
10
88.561331
20
256.539994
30
0.0
0
VERTEX
8
P01461
10
89.154000
20
256.539994
30
0.0
0
SEQEND
0
POLYLINE
8
P01462
66
1
70
0
0
VERTEX
8
P01462
10
88.476662
20
256.455328
30
0.0
0
VERTEX
8
P01462
10
89.069332
20
256.455328
30
0.0
0
SEQEND
0
POLYLINE
8
P01463
66
1
70
0
0
VERTEX
8
P01463
10
88.476662
20
256.370659
30
0.0
0
VERTEX
8
P01463
10
88.984663
20
256.370659
30
0.0
0
SEQEND
0
POLYLINE
8
P01464
66
1
70
0
0
VERTEX
8
P01464
10
88.391999
20
256.285993
30
0.0
0
VERTEX
8
P01464
10
88.900000
20
256.285993
30
0.0
0
SEQEND
0
POLYLINE
8
P01465
66
1
70
0
0
VERTEX
8
P01465
10
88.307331
20
256.201327
30
0.0
0
VERTEX
8
P01465
10
88.815331
20
256.201327
30
0.0
0
SEQEND
0
POLYLINE
8
P01466
66
1
70
0
0
VERTEX
8
P01466
10
88.222667
20
256.116659
30
0.0
0
VERTEX
8
P01466
10
88.730663
20
256.116659
30
0.0
0
SEQEND
0
POLYLINE
8
P01467
66
1
70
0
0
VERTEX
8
P01467
10
88.222667
20
256.031993
30
0.0
0
VERTEX
8
P01467
10
88.646000
20
256.031993
30
0.0
0
SEQEND
0
POLYLINE
8
P01468
66
1
70
0
0
VERTEX
8
P01468
10
88.137999
20
255.947327
30
0.0
0
VERTEX
8
P01468
10
88.561331
20
255.947327
30
0.0
0
SEQEND
0
POLYLINE
8
P01469
66
1
70
0
0
VERTEX
8
P01469
10
88.053330
20
255.862661
30
0.0
0
VERTEX
8
P01469
10
88.476662
20
255.862661
30
0.0
0
SEQEND
0
POLYLINE
8
P01470
66
1
70
0
0
VERTEX
8
P01470
10
87.968667
20
255.777992
30
0.0
0
VERTEX
8
P01470
10
88.391999
20
255.777992
30
0.0
0
SEQEND
0
POLYLINE
8
P01471
66
1
70
0
0
VERTEX
8
P01471
10
87.968667
20
255.693326
30
0.0
0
VERTEX
8
P01471
10
88.307331
20
255.693326
30
0.0
0
SEQEND
0
POLYLINE
8
P01472
66
1
70
0
0
VERTEX
8
P01472
10
87.883998
20
255.608660
30
0.0
0
VERTEX
8
P01472
10
88.222667
20
255.608660
30
0.0
0
SEQEND
0
POLYLINE
8
P01473
66
1
70
0
0
VERTEX
8
P01473
10
87.799330
20
255.523995
30
0.0
0
VERTEX
8
P01473
10
88.137999
20
255.523995
30
0.0
0
SEQEND
0
POLYLINE
8
P01474
66
1
70
0
0
VERTEX
8
P01474
10
87.714666
20
255.439326
30
0.0
0
VERTEX
8
P01474
10
88.053330
20
255.439326
30
0.0
0
SEQEND
0
POLYLINE
8
P01475
66
1
70
0
0
VERTEX
8
P01475
10
87.629998
20
255.354660
30
0.0
0
VERTEX
8
P01475
10
87.968667
20
255.354660
30
0.0
0
SEQEND
0
POLYLINE
8
P01476
66
1
70
0
0
VERTEX
8
P01476
10
87.629998
20
255.269994
30
0.0
0
VERTEX
8
P01476
10
87.883998
20
255.269994
30
0.0
0
SEQEND
0
POLYLINE
8
P01477
66
1
70
0
0
VERTEX
8
P01477
10
87.545329
20
255.185325
30
0.0
0
VERTEX
8
P01477
10
87.799330
20
255.185325
30
0.0
0
SEQEND
0
POLYLINE
8
P01478
66
1
70
0
0
VERTEX
8
P01478
10
87.460666
20
255.100660
30
0.0
0
VERTEX
8
P01478
10
87.714666
20
255.100660
30
0.0
0
SEQEND
0
POLYLINE
8
P01479
66
1
70
0
0
VERTEX
8
P01479
10
87.375997
20
255.015994
30
0.0
0
VERTEX
8
P01479
10
87.629998
20
255.015994
30
0.0
0
SEQEND
0
POLYLINE
8
P01480
66
1
70
0
0
VERTEX
8
P01480
10
87.375997
20
254.931328
30
0.0
0
VERTEX
8
P01480
10
87.545329
20
254.931328
30
0.0
0
SEQEND
0
POLYLINE
8
P01481
66
1
70
0
0
VERTEX
8
P01481
10
87.291329
20
254.846659
30
0.0
0
VERTEX
8
P01481
10
87.460666
20
254.846659
30
0.0
0
SEQEND
0
POLYLINE
8
P01482
66
1
70
0
0
VERTEX
8
P01482
10
87.206666
20
254.761993
30
0.0
0
VERTEX
8
P01482
10
87.375997
20
254.761993
30
0.0
0
SEQEND
0
POLYLINE
8
P01483
66
1
70
0
0
VERTEX
8
P01483
10
87.121997
20
254.677327
30
0.0
0
VERTEX
8
P01483
10
87.291329
20
254.677327
30
0.0
0
SEQEND
0
POLYLINE
8
P01484
66
1
70
0
0
VERTEX
8
P01484
10
87.121997
20
254.592659
30
0.0
0
VERTEX
8
P01484
10
87.206666
20
254.592659
30
0.0
0
SEQEND
0
POLYLINE
8
P01485
66
1
70
0
0
VERTEX
8
P01485
10
87.037334
20
254.507993
30
0.0
0
VERTEX
8
P01485
10
87.121997
20
254.507993
30
0.0
0
SEQEND
0
POLYLINE
8
P01486
66
1
70
0
0
VERTEX
8
P01486
10
86.952665
20
254.423327
30
0.0
0
VERTEX
8
P01486
10
87.037334
20
254.423327
30
0.0
0
SEQEND
0
POLYLINE
8
P01487
66
1
70
0
0
VERTEX
8
P01487
10
86.867997
20
254.338661
30
0.0
0
VERTEX
8
P01487
10
86.952665
20
254.338661
30
0.0
0
VERTEX
8
P01487
10
86.867997
20
254.338661
30
0.0
0
SEQEND
0
POLYLINE
8
P01488
66
1
70
0
0
VERTEX
8
P01488
10
89.915996
20
257.301992
30
0.0
0
VERTEX
8
P01488
10
90.762666
20
257.301992
30
0.0
0
SEQEND
0
POLYLINE
8
P01489
66
1
70
0
0
VERTEX
8
P01489
10
89.831333
20
257.217326
30
0.0
0
VERTEX
8
P01489
10
90.678003
20
257.217326
30
0.0
0
SEQEND
0
POLYLINE
8
P01490
66
1
70
0
0
VERTEX
8
P01490
10
89.746665
20
257.132660
30
0.0
0
VERTEX
8
P01490
10
90.593329
20
257.132660
30
0.0
0
SEQEND
0
POLYLINE
8
P01491
66
1
70
0
0
VERTEX
8
P01491
10
89.661996
20
257.047994
30
0.0
0
VERTEX
8
P01491
10
90.508666
20
257.047994
30
0.0
0
SEQEND
0
POLYLINE
8
P01492
66
1
70
0
0
VERTEX
8
P01492
10
89.577333
20
256.963326
30
0.0
0
VERTEX
8
P01492
10
90.339329
20
256.963326
30
0.0
0
SEQEND
0
POLYLINE
8
P01493
66
1
70
0
0
VERTEX
8
P01493
10
89.492664
20
256.878660
30
0.0
0
VERTEX
8
P01493
10
90.254665
20
256.878660
30
0.0
0
SEQEND
0
POLYLINE
8
P01494
66
1
70
0
0
VERTEX
8
P01494
10
89.407995
20
256.793994
30
0.0
0
VERTEX
8
P01494
10
90.169997
20
256.793994
30
0.0
0
SEQEND
0
POLYLINE
8
P01495
66
1
70
0
0
VERTEX
8
P01495
10
89.323332
20
256.709325
30
0.0
0
VERTEX
8
P01495
10
90.000665
20
256.709325
30
0.0
0
SEQEND
0
POLYLINE
8
P01496
66
1
70
0
0
VERTEX
8
P01496
10
89.238664
20
256.624659
30
0.0
0
VERTEX
8
P01496
10
89.915996
20
256.624659
30
0.0
0
SEQEND
0
POLYLINE
8
P01497
66
1
70
0
0
VERTEX
8
P01497
10
89.154000
20
256.539994
30
0.0
0
VERTEX
8
P01497
10
89.831333
20
256.539994
30
0.0
0
SEQEND
0
POLYLINE
8
P01498
66
1
70
0
0
VERTEX
8
P01498
10
89.069332
20
256.455328
30
0.0
0
VERTEX
8
P01498
10
89.661996
20
256.455328
30
0.0
0
SEQEND
0
POLYLINE
8
P01499
66
1
70
0
0
VERTEX
8
P01499
10
88.984663
20
256.370659
30
0.0
0
VERTEX
8
P01499
10
89.577333
20
256.370659
30
0.0
0
SEQEND
0
POLYLINE
8
P01500
66
1
70
0
0
VERTEX
8
P01500
10
88.900000
20
256.285993
30
0.0
0
VERTEX
8
P01500
10
89.492664
20
256.285993
30
0.0
0
SEQEND
0
POLYLINE
8
P01501
66
1
70
0
0
VERTEX
8
P01501
10
88.815331
20
256.201327
30
0.0
0
VERTEX
8
P01501
10
89.407995
20
256.201327
30
0.0
0
SEQEND
0
POLYLINE
8
P01502
66
1
70
0
0
VERTEX
8
P01502
10
88.730663
20
256.116659
30
0.0
0
VERTEX
8
P01502
10
89.238664
20
256.116659
30
0.0
0
SEQEND
0
POLYLINE
8
P01503
66
1
70
0
0
VERTEX
8
P01503
10
88.646000
20
256.031993
30
0.0
0
VERTEX
8
P01503
10
89.154000
20
256.031993
30
0.0
0
SEQEND
0
POLYLINE
8
P01504
66
1
70
0
0
VERTEX
8
P01504
10
88.561331
20
255.947327
30
0.0
0
VERTEX
8
P01504
10
89.069332
20
255.947327
30
0.0
0
SEQEND
0
POLYLINE
8
P01505
66
1
70
0
0
VERTEX
8
P01505
10
88.476662
20
255.862661
30
0.0
0
VERTEX
8
P01505
10
88.900000
20
255.862661
30
0.0
0
SEQEND
0
POLYLINE
8
P01506
66
1
70
0
0
VERTEX
8
P01506
10
88.391999
20
255.777992
30
0.0
0
VERTEX
8
P01506
10
88.815331
20
255.777992
30
0.0
0
SEQEND
0
POLYLINE
8
P01507
66
1
70
0
0
VERTEX
8
P01507
10
88.307331
20
255.693326
30
0.0
0
VERTEX
8
P01507
10
88.730663
20
255.693326
30
0.0
0
SEQEND
0
POLYLINE
8
P01508
66
1
70
0
0
VERTEX
8
P01508
10
88.222667
20
255.608660
30
0.0
0
VERTEX
8
P01508
10
88.561331
20
255.608660
30
0.0
0
SEQEND
0
POLYLINE
8
P01509
66
1
70
0
0
VERTEX
8
P01509
10
88.137999
20
255.523995
30
0.0
0
VERTEX
8
P01509
10
88.476662
20
255.523995
30
0.0
0
SEQEND
0
POLYLINE
8
P01510
66
1
70
0
0
VERTEX
8
P01510
10
88.053330
20
255.439326
30
0.0
0
VERTEX
8
P01510
10
88.391999
20
255.439326
30
0.0
0
SEQEND
0
POLYLINE
8
P01511
66
1
70
0
0
VERTEX
8
P01511
10
87.968667
20
255.354660
30
0.0
0
VERTEX
8
P01511
10
88.222667
20
255.354660
30
0.0
0
SEQEND
0
POLYLINE
8
P01512
66
1
70
0
0
VERTEX
8
P01512
10
87.883998
20
255.269994
30
0.0
0
VERTEX
8
P01512
10
88.137999
20
255.269994
30
0.0
0
SEQEND
0
POLYLINE
8
P01513
66
1
70
0
0
VERTEX
8
P01513
10
87.799330
20
255.185325
30
0.0
0
VERTEX
8
P01513
10
88.053330
20
255.185325
30
0.0
0
SEQEND
0
POLYLINE
8
P01514
66
1
70
0
0
VERTEX
8
P01514
10
87.714666
20
255.100660
30
0.0
0
VERTEX
8
P01514
10
87.968667
20
255.100660
30
0.0
0
SEQEND
0
POLYLINE
8
P01515
66
1
70
0
0
VERTEX
8
P01515
10
87.629998
20
255.015994
30
0.0
0
VERTEX
8
P01515
10
87.799330
20
255.015994
30
0.0
0
SEQEND
0
POLYLINE
8
P01516
66
1
70
0
0
VERTEX
8
P01516
10
87.545329
20
254.931328
30
0.0
0
VERTEX
8
P01516
10
87.714666
20
254.931328
30
0.0
0
SEQEND
0
POLYLINE
8
P01517
66
1
70
0
0
VERTEX
8
P01517
10
87.460666
20
254.846659
30
0.0
0
VERTEX
8
P01517
10
87.629998
20
254.846659
30
0.0
0
SEQEND
0
POLYLINE
8
P01518
66
1
70
0
0
VERTEX
8
P01518
10
87.375997
20
254.761993
30
0.0
0
VERTEX
8
P01518
10
87.460666
20
254.761993
30
0.0
0
SEQEND
0
POLYLINE
8
P01519
66
1
70
0
0
VERTEX
8
P01519
10
87.291329
20
254.677327
30
0.0
0
VERTEX
8
P01519
10
87.375997
20
254.677327
30
0.0
0
SEQEND
0
POLYLINE
8
P01520
66
1
70
0
0
VERTEX
8
P01520
10
87.206666
20
254.592659
30
0.0
0
VERTEX
8
P01520
10
87.291329
20
254.592659
30
0.0
0
VERTEX
8
P01520
10
87.206666
20
254.592659
30
0.0
0
SEQEND
0
POLYLINE
8
P01521
66
1
70
0
0
VERTEX
8
P01521
10
93.725997
20
261.196659
30
0.0
0
VERTEX
8
P01521
10
93.895335
20
261.196659
30
0.0
0
SEQEND
0
POLYLINE
8
P01522
66
1
70
0
0
VERTEX
8
P01522
10
93.471997
20
261.111993
30
0.0
0
VERTEX
8
P01522
10
93.895335
20
261.111993
30
0.0
0
SEQEND
0
POLYLINE
8
P01523
66
1
70
0
0
VERTEX
8
P01523
10
93.302660
20
261.027327
30
0.0
0
VERTEX
8
P01523
10
93.810661
20
261.027327
30
0.0
0
SEQEND
0
POLYLINE
8
P01524
66
1
70
0
0
VERTEX
8
P01524
10
93.048659
20
260.942659
30
0.0
0
VERTEX
8
P01524
10
93.810661
20
260.942659
30
0.0
0
SEQEND
0
POLYLINE
8
P01525
66
1
70
0
0
VERTEX
8
P01525
10
92.794670
20
260.857993
30
0.0
0
VERTEX
8
P01525
10
93.725997
20
260.857993
30
0.0
0
SEQEND
0
POLYLINE
8
P01526
66
1
70
0
0
VERTEX
8
P01526
10
92.625332
20
260.773327
30
0.0
0
VERTEX
8
P01526
10
93.725997
20
260.773327
30
0.0
0
SEQEND
0
POLYLINE
8
P01527
66
1
70
0
0
VERTEX
8
P01527
10
92.371332
20
260.688661
30
0.0
0
VERTEX
8
P01527
10
93.641334
20
260.688661
30
0.0
0
SEQEND
0
POLYLINE
8
P01528
66
1
70
0
0
VERTEX
8
P01528
10
92.117332
20
260.603992
30
0.0
0
VERTEX
8
P01528
10
93.641334
20
260.603992
30
0.0
0
SEQEND
0
POLYLINE
8
P01529
66
1
70
0
0
VERTEX
8
P01529
10
92.032668
20
260.519326
30
0.0
0
VERTEX
8
P01529
10
93.641334
20
260.519326
30
0.0
0
SEQEND
0
POLYLINE
8
P01530
66
1
70
0
0
VERTEX
8
P01530
10
91.947994
20
260.434661
30
0.0
0
VERTEX
8
P01530
10
93.556660
20
260.434661
30
0.0
0
SEQEND
0
POLYLINE
8
P01531
66
1
70
0
0
VERTEX
8
P01531
10
91.778668
20
260.349992
30
0.0
0
VERTEX
8
P01531
10
93.556660
20
260.349992
30
0.0
0
SEQEND
0
POLYLINE
8
P01532
66
1
70
0
0
VERTEX
8
P01532
10
91.693994
20
260.265326
30
0.0
0
VERTEX
8
P01532
10
93.471997
20
260.265326
30
0.0
0
SEQEND
0
POLYLINE
8
P01533
66
1
70
0
0
VERTEX
8
P01533
10
91.609331
20
260.180660
30
0.0
0
VERTEX
8
P01533
10
93.471997
20
260.180660
30
0.0
0
SEQEND
0
POLYLINE
8
P01534
66
1
70
0
0
VERTEX
8
P01534
10
91.439994
20
260.095994
30
0.0
0
VERTEX
8
P01534
10
93.387334
20
260.095994
30
0.0
0
SEQEND
0
POLYLINE
8
P01535
66
1
70
0
0
VERTEX
8
P01535
10
91.355330
20
260.011326
30
0.0
0
VERTEX
8
P01535
10
93.387334
20
260.011326
30
0.0
0
SEQEND
0
POLYLINE
8
P01536
66
1
70
0
0
VERTEX
8
P01536
10
91.270667
20
259.926660
30
0.0
0
VERTEX
8
P01536
10
93.387334
20
259.926660
30
0.0
0
SEQEND
0
POLYLINE
8
P01537
66
1
70
0
0
VERTEX
8
P01537
10
91.101330
20
259.841994
30
0.0
0
VERTEX
8
P01537
10
93.302660
20
259.841994
30
0.0
0
SEQEND
0
POLYLINE
8
P01538
66
1
70
0
0
VERTEX
8
P01538
10
91.016667
20
259.757325
30
0.0
0
VERTEX
8
P01538
10
93.302660
20
259.757325
30
0.0
0
SEQEND
0
POLYLINE
8
P01539
66
1
70
0
0
VERTEX
8
P01539
10
90.931993
20
259.672659
30
0.0
0
VERTEX
8
P01539
10
93.217997
20
259.672659
30
0.0
0
SEQEND
0
POLYLINE
8
P01540
66
1
70
0
0
VERTEX
8
P01540
10
90.762666
20
259.587993
30
0.0
0
VERTEX
8
P01540
10
93.217997
20
259.587993
30
0.0
0
SEQEND
0
POLYLINE
8
P01541
66
1
70
0
0
VERTEX
8
P01541
10
90.678003
20
259.503327
30
0.0
0
VERTEX
8
P01541
10
93.133333
20
259.503327
30
0.0
0
SEQEND
0
POLYLINE
8
P01542
66
1
70
0
0
VERTEX
8
P01542
10
90.593329
20
259.418659
30
0.0
0
VERTEX
8
P01542
10
93.133333
20
259.418659
30
0.0
0
SEQEND
0
POLYLINE
8
P01543
66
1
70
0
0
VERTEX
8
P01543
10
90.424003
20
259.333993
30
0.0
0
VERTEX
8
P01543
10
93.048659
20
259.333993
30
0.0
0
SEQEND
0
POLYLINE
8
P01544
66
1
70
0
0
VERTEX
8
P01544
10
90.339329
20
259.249327
30
0.0
0
VERTEX
8
P01544
10
92.963996
20
259.249327
30
0.0
0
SEQEND
0
POLYLINE
8
P01545
66
1
70
0
0
VERTEX
8
P01545
10
90.254665
20
259.164661
30
0.0
0
VERTEX
8
P01545
10
92.879333
20
259.164661
30
0.0
0
SEQEND
0
POLYLINE
8
P01546
66
1
70
0
0
VERTEX
8
P01546
10
90.085334
20
259.079992
30
0.0
0
VERTEX
8
P01546
10
92.879333
20
259.079992
30
0.0
0
SEQEND
0
POLYLINE
8
P01547
66
1
70
0
0
VERTEX
8
P01547
10
90.000665
20
258.995327
30
0.0
0
VERTEX
8
P01547
10
92.794670
20
258.995327
30
0.0
0
SEQEND
0
POLYLINE
8
P01548
66
1
70
0
0
VERTEX
8
P01548
10
89.915996
20
258.910661
30
0.0
0
VERTEX
8
P01548
10
92.709996
20
258.910661
30
0.0
0
SEQEND
0
POLYLINE
8
P01549
66
1
70
0
0
VERTEX
8
P01549
10
89.746665
20
258.825992
30
0.0
0
VERTEX
8
P01549
10
92.625332
20
258.825992
30
0.0
0
SEQEND
0
POLYLINE
8
P01550
66
1
70
0
0
VERTEX
8
P01550
10
89.661996
20
258.741326
30
0.0
0
VERTEX
8
P01550
10
92.625332
20
258.741326
30
0.0
0
SEQEND
0
POLYLINE
8
P01551
66
1
70
0
0
VERTEX
8
P01551
10
89.577333
20
258.656660
30
0.0
0
VERTEX
8
P01551
10
92.540669
20
258.656660
30
0.0
0
SEQEND
0
POLYLINE
8
P01552
66
1
70
0
0
VERTEX
8
P01552
10
89.407995
20
258.571994
30
0.0
0
VERTEX
8
P01552
10
92.455995
20
258.571994
30
0.0
0
SEQEND
0
POLYLINE
8
P01553
66
1
70
0
0
VERTEX
8
P01553
10
89.323332
20
258.487326
30
0.0
0
VERTEX
8
P01553
10
92.371332
20
258.487326
30
0.0
0
SEQEND
0
POLYLINE
8
P01554
66
1
70
0
0
VERTEX
8
P01554
10
89.238664
20
258.402660
30
0.0
0
VERTEX
8
P01554
10
92.286669
20
258.402660
30
0.0
0
SEQEND
0
POLYLINE
8
P01555
66
1
70
0
0
VERTEX
8
P01555
10
89.069332
20
258.317994
30
0.0
0
VERTEX
8
P01555
10
92.286669
20
258.317994
30
0.0
0
SEQEND
0
POLYLINE
8
P01556
66
1
70
0
0
VERTEX
8
P01556
10
89.154000
20
258.233325
30
0.0
0
VERTEX
8
P01556
10
92.201995
20
258.233325
30
0.0
0
SEQEND
0
POLYLINE
8
P01557
66
1
70
0
0
VERTEX
8
P01557
10
89.238664
20
258.148659
30
0.0
0
VERTEX
8
P01557
10
92.117332
20
258.148659
30
0.0
0
SEQEND
0
POLYLINE
8
P01558
66
1
70
0
0
VERTEX
8
P01558
10
89.323332
20
258.063993
30
0.0
0
VERTEX
8
P01558
10
92.032668
20
258.063993
30
0.0
0
SEQEND
0
POLYLINE
8
P01559
66
1
70
0
0
VERTEX
8
P01559
10
89.407995
20
257.979328
30
0.0
0
VERTEX
8
P01559
10
92.032668
20
257.979328
30
0.0
0
SEQEND
0
POLYLINE
8
P01560
66
1
70
0
0
VERTEX
8
P01560
10
89.492664
20
257.894659
30
0.0
0
VERTEX
8
P01560
10
91.947994
20
257.894659
30
0.0
0
SEQEND
0
POLYLINE
8
P01561
66
1
70
0
0
VERTEX
8
P01561
10
89.577333
20
257.809993
30
0.0
0
VERTEX
8
P01561
10
91.863331
20
257.809993
30
0.0
0
SEQEND
0
POLYLINE
8
P01562
66
1
70
0
0
VERTEX
8
P01562
10
89.661996
20
257.725327
30
0.0
0
VERTEX
8
P01562
10
91.778668
20
257.725327
30
0.0
0
SEQEND
0
POLYLINE
8
P01563
66
1
70
0
0
VERTEX
8
P01563
10
89.746665
20
257.640658
30
0.0
0
VERTEX
8
P01563
10
91.778668
20
257.640658
30
0.0
0
SEQEND
0
POLYLINE
8
P01564
66
1
70
0
0
VERTEX
8
P01564
10
89.831333
20
257.555993
30
0.0
0
VERTEX
8
P01564
10
91.693994
20
257.555993
30
0.0
0
SEQEND
0
POLYLINE
8
P01565
66
1
70
0
0
VERTEX
8
P01565
10
89.915996
20
257.471327
30
0.0
0
VERTEX
8
P01565
10
91.609331
20
257.471327
30
0.0
0
SEQEND
0
POLYLINE
8
P01566
66
1
70
0
0
VERTEX
8
P01566
10
90.000665
20
257.386661
30
0.0
0
VERTEX
8
P01566
10
91.524668
20
257.386661
30
0.0
0
SEQEND
0
POLYLINE
8
P01567
66
1
70
0
0
VERTEX
8
P01567
10
90.085334
20
257.301992
30
0.0
0
VERTEX
8
P01567
10
91.439994
20
257.301992
30
0.0
0
SEQEND
0
POLYLINE
8
P01568
66
1
70
0
0
VERTEX
8
P01568
10
90.169997
20
257.217326
30
0.0
0
VERTEX
8
P01568
10
91.439994
20
257.217326
30
0.0
0
SEQEND
0
POLYLINE
8
P01569
66
1
70
0
0
VERTEX
8
P01569
10
90.254665
20
257.132660
30
0.0
0
VERTEX
8
P01569
10
91.355330
20
257.132660
30
0.0
0
SEQEND
0
POLYLINE
8
P01570
66
1
70
0
0
VERTEX
8
P01570
10
90.339329
20
257.047994
30
0.0
0
VERTEX
8
P01570
10
91.270667
20
257.047994
30
0.0
0
SEQEND
0
POLYLINE
8
P01571
66
1
70
0
0
VERTEX
8
P01571
10
90.424003
20
256.963326
30
0.0
0
VERTEX
8
P01571
10
91.185993
20
256.963326
30
0.0
0
SEQEND
0
POLYLINE
8
P01572
66
1
70
0
0
VERTEX
8
P01572
10
90.508666
20
256.878660
30
0.0
0
VERTEX
8
P01572
10
91.185993
20
256.878660
30
0.0
0
SEQEND
0
POLYLINE
8
P01573
66
1
70
0
0
VERTEX
8
P01573
10
90.593329
20
256.793994
30
0.0
0
VERTEX
8
P01573
10
91.101330
20
256.793994
30
0.0
0
SEQEND
0
POLYLINE
8
P01574
66
1
70
0
0
VERTEX
8
P01574
10
90.678003
20
256.709325
30
0.0
0
VERTEX
8
P01574
10
91.016667
20
256.709325
30
0.0
0
SEQEND
0
POLYLINE
8
P01575
66
1
70
0
0
VERTEX
8
P01575
10
90.762666
20
256.624659
30
0.0
0
VERTEX
8
P01575
10
90.931993
20
256.624659
30
0.0
0
VERTEX
8
P01575
10
90.762666
20
256.624659
30
0.0
0
SEQEND
0
POLYLINE
8
P01576
66
1
70
0
0
VERTEX
8
P01576
10
93.895335
20
261.281328
30
0.0
0
VERTEX
8
P01576
10
90.762666
20
257.301992
30
0.0
0
VERTEX
8
P01576
10
93.895335
20
261.281328
30
0.0
0
SEQEND
0
POLYLINE
8
P01577
66
1
70
0
0
VERTEX
8
P01577
10
90.762666
20
257.301992
30
0.0
0
VERTEX
8
P01577
10
90.678003
20
258.148659
30
0.0
0
VERTEX
8
P01577
10
90.762666
20
257.301992
30
0.0
0
SEQEND
0
POLYLINE
8
P01578
66
1
70
0
0
VERTEX
8
P01578
10
90.678003
20
258.148659
30
0.0
0
VERTEX
8
P01578
10
89.831333
20
258.233325
30
0.0
0
VERTEX
8
P01578
10
90.678003
20
258.148659
30
0.0
0
SEQEND
0
POLYLINE
8
P01579
66
1
70
0
0
VERTEX
8
P01579
10
89.831333
20
258.233325
30
0.0
0
VERTEX
8
P01579
10
93.895335
20
261.281328
30
0.0
0
VERTEX
8
P01579
10
89.831333
20
258.233325
30
0.0
0
SEQEND
0
POLYLINE
8
P01580
66
1
70
0
0
VERTEX
8
P01580
10
93.810661
20
261.196659
30
0.0
0
VERTEX
8
P01580
10
93.895335
20
261.196659
30
0.0
0
SEQEND
0
POLYLINE
8
P01581
66
1
70
0
0
VERTEX
8
P01581
10
93.725997
20
261.111993
30
0.0
0
VERTEX
8
P01581
10
93.810661
20
261.111993
30
0.0
0
SEQEND
0
POLYLINE
8
P01582
66
1
70
0
0
VERTEX
8
P01582
10
93.641334
20
261.027327
30
0.0
0
VERTEX
8
P01582
10
93.725997
20
261.027327
30
0.0
0
SEQEND
0
POLYLINE
8
P01583
66
1
70
0
0
VERTEX
8
P01583
10
93.556660
20
260.942659
30
0.0
0
VERTEX
8
P01583
10
93.641334
20
260.942659
30
0.0
0
SEQEND
0
POLYLINE
8
P01584
66
1
70
0
0
VERTEX
8
P01584
10
93.471997
20
260.857993
30
0.0
0
VERTEX
8
P01584
10
93.641334
20
260.857993
30
0.0
0
SEQEND
0
POLYLINE
8
P01585
66
1
70
0
0
VERTEX
8
P01585
10
93.387334
20
260.773327
30
0.0
0
VERTEX
8
P01585
10
93.556660
20
260.773327
30
0.0
0
SEQEND
0
POLYLINE
8
P01586
66
1
70
0
0
VERTEX
8
P01586
10
93.302660
20
260.688661
30
0.0
0
VERTEX
8
P01586
10
93.471997
20
260.688661
30
0.0
0
SEQEND
0
POLYLINE
8
P01587
66
1
70
0
0
VERTEX
8
P01587
10
93.217997
20
260.603992
30
0.0
0
VERTEX
8
P01587
10
93.387334
20
260.603992
30
0.0
0
SEQEND
0
POLYLINE
8
P01588
66
1
70
0
0
VERTEX
8
P01588
10
93.133333
20
260.519326
30
0.0
0
VERTEX
8
P01588
10
93.302660
20
260.519326
30
0.0
0
SEQEND
0
POLYLINE
8
P01589
66
1
70
0
0
VERTEX
8
P01589
10
93.048659
20
260.434661
30
0.0
0
VERTEX
8
P01589
10
93.302660
20
260.434661
30
0.0
0
SEQEND
0
POLYLINE
8
P01590
66
1
70
0
0
VERTEX
8
P01590
10
92.963996
20
260.349992
30
0.0
0
VERTEX
8
P01590
10
93.217997
20
260.349992
30
0.0
0
SEQEND
0
POLYLINE
8
P01591
66
1
70
0
0
VERTEX
8
P01591
10
92.879333
20
260.265326
30
0.0
0
VERTEX
8
P01591
10
93.133333
20
260.265326
30
0.0
0
SEQEND
0
POLYLINE
8
P01592
66
1
70
0
0
VERTEX
8
P01592
10
92.794670
20
260.180660
30
0.0
0
VERTEX
8
P01592
10
93.048659
20
260.180660
30
0.0
0
SEQEND
0
POLYLINE
8
P01593
66
1
70
0
0
VERTEX
8
P01593
10
92.709996
20
260.095994
30
0.0
0
VERTEX
8
P01593
10
92.963996
20
260.095994
30
0.0
0
SEQEND
0
POLYLINE
8
P01594
66
1
70
0
0
VERTEX
8
P01594
10
92.625332
20
260.011326
30
0.0
0
VERTEX
8
P01594
10
92.963996
20
260.011326
30
0.0
0
SEQEND
0
POLYLINE
8
P01595
66
1
70
0
0
VERTEX
8
P01595
10
92.540669
20
259.926660
30
0.0
0
VERTEX
8
P01595
10
92.879333
20
259.926660
30
0.0
0
SEQEND
0
POLYLINE
8
P01596
66
1
70
0
0
VERTEX
8
P01596
10
92.455995
20
259.841994
30
0.0
0
VERTEX
8
P01596
10
92.794670
20
259.841994
30
0.0
0
SEQEND
0
POLYLINE
8
P01597
66
1
70
0
0
VERTEX
8
P01597
10
92.371332
20
259.757325
30
0.0
0
VERTEX
8
P01597
10
92.709996
20
259.757325
30
0.0
0
SEQEND
0
POLYLINE
8
P01598
66
1
70
0
0
VERTEX
8
P01598
10
92.286669
20
259.672659
30
0.0
0
VERTEX
8
P01598
10
92.709996
20
259.672659
30
0.0
0
SEQEND
0
POLYLINE
8
P01599
66
1
70
0
0
VERTEX
8
P01599
10
92.201995
20
259.587993
30
0.0
0
VERTEX
8
P01599
10
92.625332
20
259.587993
30
0.0
0
SEQEND
0
POLYLINE
8
P01600
66
1
70
0
0
VERTEX
8
P01600
10
92.117332
20
259.503327
30
0.0
0
VERTEX
8
P01600
10
92.540669
20
259.503327
30
0.0
0
SEQEND
0
POLYLINE
8
P01601
66
1
70
0
0
VERTEX
8
P01601
10
92.032668
20
259.418659
30
0.0
0
VERTEX
8
P01601
10
92.455995
20
259.418659
30
0.0
0
SEQEND
0
POLYLINE
8
P01602
66
1
70
0
0
VERTEX
8
P01602
10
91.947994
20
259.333993
30
0.0
0
VERTEX
8
P01602
10
92.371332
20
259.333993
30
0.0
0
SEQEND
0
POLYLINE
8
P01603
66
1
70
0
0
VERTEX
8
P01603
10
91.863331
20
259.249327
30
0.0
0
VERTEX
8
P01603
10
92.371332
20
259.249327
30
0.0
0
SEQEND
0
POLYLINE
8
P01604
66
1
70
0
0
VERTEX
8
P01604
10
91.778668
20
259.164661
30
0.0
0
VERTEX
8
P01604
10
92.286669
20
259.164661
30
0.0
0
SEQEND
0
POLYLINE
8
P01605
66
1
70
0
0
VERTEX
8
P01605
10
91.693994
20
259.079992
30
0.0
0
VERTEX
8
P01605
10
92.201995
20
259.079992
30
0.0
0
SEQEND
0
POLYLINE
8
P01606
66
1
70
0
0
VERTEX
8
P01606
10
91.609331
20
258.995327
30
0.0
0
VERTEX
8
P01606
10
92.117332
20
258.995327
30
0.0
0
SEQEND
0
POLYLINE
8
P01607
66
1
70
0
0
VERTEX
8
P01607
10
91.524668
20
258.910661
30
0.0
0
VERTEX
8
P01607
10
92.032668
20
258.910661
30
0.0
0
SEQEND
0
POLYLINE
8
P01608
66
1
70
0
0
VERTEX
8
P01608
10
91.439994
20
258.825992
30
0.0
0
VERTEX
8
P01608
10
92.032668
20
258.825992
30
0.0
0
SEQEND
0
POLYLINE
8
P01609
66
1
70
0
0
VERTEX
8
P01609
10
91.355330
20
258.741326
30
0.0
0
VERTEX
8
P01609
10
91.947994
20
258.741326
30
0.0
0
SEQEND
0
POLYLINE
8
P01610
66
1
70
0
0
VERTEX
8
P01610
10
91.270667
20
258.656660
30
0.0
0
VERTEX
8
P01610
10
91.863331
20
258.656660
30
0.0
0
SEQEND
0
POLYLINE
8
P01611
66
1
70
0
0
VERTEX
8
P01611
10
91.185993
20
258.571994
30
0.0
0
VERTEX
8
P01611
10
91.778668
20
258.571994
30
0.0
0
SEQEND
0
POLYLINE
8
P01612
66
1
70
0
0
VERTEX
8
P01612
10
91.101330
20
258.487326
30
0.0
0
VERTEX
8
P01612
10
91.778668
20
258.487326
30
0.0
0
SEQEND
0
POLYLINE
8
P01613
66
1
70
0
0
VERTEX
8
P01613
10
91.016667
20
258.402660
30
0.0
0
VERTEX
8
P01613
10
91.693994
20
258.402660
30
0.0
0
SEQEND
0
POLYLINE
8
P01614
66
1
70
0
0
VERTEX
8
P01614
10
90.931993
20
258.317994
30
0.0
0
VERTEX
8
P01614
10
91.609331
20
258.317994
30
0.0
0
SEQEND
0
POLYLINE
8
P01615
66
1
70
0
0
VERTEX
8
P01615
10
90.847329
20
258.233325
30
0.0
0
VERTEX
8
P01615
10
91.524668
20
258.233325
30
0.0
0
SEQEND
0
POLYLINE
8
P01616
66
1
70
0
0
VERTEX
8
P01616
10
90.678003
20
258.148659
30
0.0
0
VERTEX
8
P01616
10
91.439994
20
258.148659
30
0.0
0
SEQEND
0
POLYLINE
8
P01617
66
1
70
0
0
VERTEX
8
P01617
10
90.762666
20
258.063993
30
0.0
0
VERTEX
8
P01617
10
91.439994
20
258.063993
30
0.0
0
SEQEND
0
POLYLINE
8
P01618
66
1
70
0
0
VERTEX
8
P01618
10
90.762666
20
257.979328
30
0.0
0
VERTEX
8
P01618
10
91.355330
20
257.979328
30
0.0
0
SEQEND
0
POLYLINE
8
P01619
66
1
70
0
0
VERTEX
8
P01619
10
90.762666
20
257.894659
30
0.0
0
VERTEX
8
P01619
10
91.270667
20
257.894659
30
0.0
0
SEQEND
0
POLYLINE
8
P01620
66
1
70
0
0
VERTEX
8
P01620
10
90.762666
20
257.809993
30
0.0
0
VERTEX
8
P01620
10
91.185993
20
257.809993
30
0.0
0
SEQEND
0
POLYLINE
8
P01621
66
1
70
0
0
VERTEX
8
P01621
10
90.762666
20
257.725327
30
0.0
0
VERTEX
8
P01621
10
91.101330
20
257.725327
30
0.0
0
SEQEND
0
POLYLINE
8
P01622
66
1
70
0
0
VERTEX
8
P01622
10
90.762666
20
257.640658
30
0.0
0
VERTEX
8
P01622
10
91.101330
20
257.640658
30
0.0
0
SEQEND
0
POLYLINE
8
P01623
66
1
70
0
0
VERTEX
8
P01623
10
90.762666
20
257.555993
30
0.0
0
VERTEX
8
P01623
10
91.016667
20
257.555993
30
0.0
0
SEQEND
0
POLYLINE
8
P01624
66
1
70
0
0
VERTEX
8
P01624
10
90.762666
20
257.471327
30
0.0
0
VERTEX
8
P01624
10
90.931993
20
257.471327
30
0.0
0
SEQEND
0
POLYLINE
8
P01625
66
1
70
0
0
VERTEX
8
P01625
10
90.762666
20
257.386661
30
0.0
0
VERTEX
8
P01625
10
90.847329
20
257.386661
30
0.0
0
VERTEX
8
P01625
10
90.762666
20
257.386661
30
0.0
0
SEQEND
0
POLYLINE
8
P01626
66
1
70
0
0
VERTEX
8
P01626
10
93.556660
20
261.027327
30
0.0
0
VERTEX
8
P01626
10
93.641334
20
261.027327
30
0.0
0
SEQEND
0
POLYLINE
8
P01627
66
1
70
0
0
VERTEX
8
P01627
10
93.471997
20
260.942659
30
0.0
0
VERTEX
8
P01627
10
93.556660
20
260.942659
30
0.0
0
SEQEND
0
POLYLINE
8
P01628
66
1
70
0
0
VERTEX
8
P01628
10
93.387334
20
260.857993
30
0.0
0
VERTEX
8
P01628
10
93.471997
20
260.857993
30
0.0
0
SEQEND
0
POLYLINE
8
P01629
66
1
70
0
0
VERTEX
8
P01629
10
93.217997
20
260.773327
30
0.0
0
VERTEX
8
P01629
10
93.387334
20
260.773327
30
0.0
0
SEQEND
0
POLYLINE
8
P01630
66
1
70
0
0
VERTEX
8
P01630
10
93.133333
20
260.688661
30
0.0
0
VERTEX
8
P01630
10
93.302660
20
260.688661
30
0.0
0
SEQEND
0
POLYLINE
8
P01631
66
1
70
0
0
VERTEX
8
P01631
10
93.048659
20
260.603992
30
0.0
0
VERTEX
8
P01631
10
93.217997
20
260.603992
30
0.0
0
SEQEND
0
POLYLINE
8
P01632
66
1
70
0
0
VERTEX
8
P01632
10
92.879333
20
260.519326
30
0.0
0
VERTEX
8
P01632
10
93.133333
20
260.519326
30
0.0
0
SEQEND
0
POLYLINE
8
P01633
66
1
70
0
0
VERTEX
8
P01633
10
92.794670
20
260.434661
30
0.0
0
VERTEX
8
P01633
10
93.048659
20
260.434661
30
0.0
0
SEQEND
0
POLYLINE
8
P01634
66
1
70
0
0
VERTEX
8
P01634
10
92.709996
20
260.349992
30
0.0
0
VERTEX
8
P01634
10
92.963996
20
260.349992
30
0.0
0
SEQEND
0
POLYLINE
8
P01635
66
1
70
0
0
VERTEX
8
P01635
10
92.540669
20
260.265326
30
0.0
0
VERTEX
8
P01635
10
92.879333
20
260.265326
30
0.0
0
SEQEND
0
POLYLINE
8
P01636
66
1
70
0
0
VERTEX
8
P01636
10
92.455995
20
260.180660
30
0.0
0
VERTEX
8
P01636
10
92.794670
20
260.180660
30
0.0
0
SEQEND
0
POLYLINE
8
P01637
66
1
70
0
0
VERTEX
8
P01637
10
92.371332
20
260.095994
30
0.0
0
VERTEX
8
P01637
10
92.709996
20
260.095994
30
0.0
0
SEQEND
0
POLYLINE
8
P01638
66
1
70
0
0
VERTEX
8
P01638
10
92.201995
20
260.011326
30
0.0
0
VERTEX
8
P01638
10
92.625332
20
260.011326
30
0.0
0
SEQEND
0
POLYLINE
8
P01639
66
1
70
0
0
VERTEX
8
P01639
10
92.117332
20
259.926660
30
0.0
0
VERTEX
8
P01639
10
92.540669
20
259.926660
30
0.0
0
SEQEND
0
POLYLINE
8
P01640
66
1
70
0
0
VERTEX
8
P01640
10
92.032668
20
259.841994
30
0.0
0
VERTEX
8
P01640
10
92.455995
20
259.841994
30
0.0
0
SEQEND
0
POLYLINE
8
P01641
66
1
70
0
0
VERTEX
8
P01641
10
91.863331
20
259.757325
30
0.0
0
VERTEX
8
P01641
10
92.371332
20
259.757325
30
0.0
0
SEQEND
0
POLYLINE
8
P01642
66
1
70
0
0
VERTEX
8
P01642
10
91.778668
20
259.672659
30
0.0
0
VERTEX
8
P01642
10
92.286669
20
259.672659
30
0.0
0
SEQEND
0
POLYLINE
8
P01643
66
1
70
0
0
VERTEX
8
P01643
10
91.693994
20
259.587993
30
0.0
0
VERTEX
8
P01643
10
92.201995
20
259.587993
30
0.0
0
SEQEND
0
POLYLINE
8
P01644
66
1
70
0
0
VERTEX
8
P01644
10
91.524668
20
259.503327
30
0.0
0
VERTEX
8
P01644
10
92.117332
20
259.503327
30
0.0
0
SEQEND
0
POLYLINE
8
P01645
66
1
70
0
0
VERTEX
8
P01645
10
91.439994
20
259.418659
30
0.0
0
VERTEX
8
P01645
10
92.032668
20
259.418659
30
0.0
0
SEQEND
0
POLYLINE
8
P01646
66
1
70
0
0
VERTEX
8
P01646
10
91.355330
20
259.333993
30
0.0
0
VERTEX
8
P01646
10
91.947994
20
259.333993
30
0.0
0
SEQEND
0
POLYLINE
8
P01647
66
1
70
0
0
VERTEX
8
P01647
10
91.185993
20
259.249327
30
0.0
0
VERTEX
8
P01647
10
91.863331
20
259.249327
30
0.0
0
SEQEND
0
POLYLINE
8
P01648
66
1
70
0
0
VERTEX
8
P01648
10
91.101330
20
259.164661
30
0.0
0
VERTEX
8
P01648
10
91.778668
20
259.164661
30
0.0
0
SEQEND
0
POLYLINE
8
P01649
66
1
70
0
0
VERTEX
8
P01649
10
91.016667
20
259.079992
30
0.0
0
VERTEX
8
P01649
10
91.693994
20
259.079992
30
0.0
0
SEQEND
0
POLYLINE
8
P01650
66
1
70
0
0
VERTEX
8
P01650
10
90.847329
20
258.995327
30
0.0
0
VERTEX
8
P01650
10
91.609331
20
258.995327
30
0.0
0
SEQEND
0
POLYLINE
8
P01651
66
1
70
0
0
VERTEX
8
P01651
10
90.762666
20
258.910661
30
0.0
0
VERTEX
8
P01651
10
91.524668
20
258.910661
30
0.0
0
SEQEND
0
POLYLINE
8
P01652
66
1
70
0
0
VERTEX
8
P01652
10
90.678003
20
258.825992
30
0.0
0
VERTEX
8
P01652
10
91.439994
20
258.825992
30
0.0
0
SEQEND
0
POLYLINE
8
P01653
66
1
70
0
0
VERTEX
8
P01653
10
90.508666
20
258.741326
30
0.0
0
VERTEX
8
P01653
10
91.355330
20
258.741326
30
0.0
0
SEQEND
0
POLYLINE
8
P01654
66
1
70
0
0
VERTEX
8
P01654
10
90.424003
20
258.656660
30
0.0
0
VERTEX
8
P01654
10
91.270667
20
258.656660
30
0.0
0
SEQEND
0
POLYLINE
8
P01655
66
1
70
0
0
VERTEX
8
P01655
10
90.339329
20
258.571994
30
0.0
0
VERTEX
8
P01655
10
91.185993
20
258.571994
30
0.0
0
SEQEND
0
POLYLINE
8
P01656
66
1
70
0
0
VERTEX
8
P01656
10
90.169997
20
258.487326
30
0.0
0
VERTEX
8
P01656
10
91.101330
20
258.487326
30
0.0
0
SEQEND
0
POLYLINE
8
P01657
66
1
70
0
0
VERTEX
8
P01657
10
90.085334
20
258.402660
30
0.0
0
VERTEX
8
P01657
10
91.016667
20
258.402660
30
0.0
0
SEQEND
0
POLYLINE
8
P01658
66
1
70
0
0
VERTEX
8
P01658
10
90.000665
20
258.317994
30
0.0
0
VERTEX
8
P01658
10
90.931993
20
258.317994
30
0.0
0
SEQEND
0
POLYLINE
8
P01659
66
1
70
0
0
VERTEX
8
P01659
10
89.831333
20
258.233325
30
0.0
0
VERTEX
8
P01659
10
90.847329
20
258.233325
30
0.0
0
VERTEX
8
P01659
10
89.831333
20
258.233325
30
0.0
0
SEQEND
0
POLYLINE
8
P01660
66
1
70
0
0
VERTEX
8
P01660
10
86.783333
20
254.253992
30
0.0
0
VERTEX
8
P01660
10
93.895335
20
261.281328
30
0.0
0
VERTEX
8
P01660
10
86.783333
20
254.253992
30
0.0
0
SEQEND
0
POLYLINE
8
P01661
66
1
70
0
0
VERTEX
8
P01661
10
129.031993
20
258.910661
30
0.0
0
VERTEX
8
P01661
10
129.793994
20
258.910661
30
0.0
0
SEQEND
0
POLYLINE
8
P01662
66
1
70
0
0
VERTEX
8
P01662
10
129.031993
20
258.825992
30
0.0
0
VERTEX
8
P01662
10
129.878668
20
258.825992
30
0.0
0
SEQEND
0
POLYLINE
8
P01663
66
1
70
0
0
VERTEX
8
P01663
10
128.947329
20
258.741326
30
0.0
0
VERTEX
8
P01663
10
129.963331
20
258.741326
30
0.0
0
SEQEND
0
POLYLINE
8
P01664
66
1
70
0
0
VERTEX
8
P01664
10
128.862666
20
258.656660
30
0.0
0
VERTEX
8
P01664
10
130.047994
20
258.656660
30
0.0
0
SEQEND
0
POLYLINE
8
P01665
66
1
70
0
0
VERTEX
8
P01665
10
128.777992
20
258.571994
30
0.0
0
VERTEX
8
P01665
10
130.132668
20
258.571994
30
0.0
0
SEQEND
0
POLYLINE
8
P01666
66
1
70
0
0
VERTEX
8
P01666
10
128.693329
20
258.487326
30
0.0
0
VERTEX
8
P01666
10
130.217332
20
258.487326
30
0.0
0
SEQEND
0
POLYLINE
8
P01667
66
1
70
0
0
VERTEX
8
P01667
10
128.608666
20
258.402660
30
0.0
0
VERTEX
8
P01667
10
130.301995
20
258.402660
30
0.0
0
SEQEND
0
POLYLINE
8
P01668
66
1
70
0
0
VERTEX
8
P01668
10
128.608666
20
258.317994
30
0.0
0
VERTEX
8
P01668
10
130.386669
20
258.317994
30
0.0
0
SEQEND
0
POLYLINE
8
P01669
66
1
70
0
0
VERTEX
8
P01669
10
128.523992
20
258.233325
30
0.0
0
VERTEX
8
P01669
10
130.471332
20
258.233325
30
0.0
0
SEQEND
0
POLYLINE
8
P01670
66
1
70
0
0
VERTEX
8
P01670
10
128.439329
20
258.148659
30
0.0
0
VERTEX
8
P01670
10
130.555995
20
258.148659
30
0.0
0
SEQEND
0
POLYLINE
8
P01671
66
1
70
0
0
VERTEX
8
P01671
10
128.354665
20
258.063993
30
0.0
0
VERTEX
8
P01671
10
130.640658
20
258.063993
30
0.0
0
SEQEND
0
POLYLINE
8
P01672
66
1
70
0
0
VERTEX
8
P01672
10
128.270002
20
257.979328
30
0.0
0
VERTEX
8
P01672
10
130.725332
20
257.979328
30
0.0
0
SEQEND
0
POLYLINE
8
P01673
66
1
70
0
0
VERTEX
8
P01673
10
128.270002
20
257.894659
30
0.0
0
VERTEX
8
P01673
10
130.809996
20
257.894659
30
0.0
0
SEQEND
0
POLYLINE
8
P01674
66
1
70
0
0
VERTEX
8
P01674
10
128.185328
20
257.809993
30
0.0
0
VERTEX
8
P01674
10
130.894659
20
257.809993
30
0.0
0
SEQEND
0
POLYLINE
8
P01675
66
1
70
0
0
VERTEX
8
P01675
10
128.100665
20
257.725327
30
0.0
0
VERTEX
8
P01675
10
130.979333
20
257.725327
30
0.0
0
SEQEND
0
POLYLINE
8
P01676
66
1
70
0
0
VERTEX
8
P01676
10
128.016002
20
257.640658
30
0.0
0
VERTEX
8
P01676
10
131.063996
20
257.640658
30
0.0
0
SEQEND
0
POLYLINE
8
P01677
66
1
70
0
0
VERTEX
8
P01677
10
127.931328
20
257.555993
30
0.0
0
VERTEX
8
P01677
10
131.148659
20
257.555993
30
0.0
0
SEQEND
0
POLYLINE
8
P01678
66
1
70
0
0
VERTEX
8
P01678
10
127.846665
20
257.471327
30
0.0
0
VERTEX
8
P01678
10
131.233333
20
257.471327
30
0.0
0
SEQEND
0
POLYLINE
8
P01679
66
1
70
0
0
VERTEX
8
P01679
10
128.016002
20
257.386661
30
0.0
0
VERTEX
8
P01679
10
131.317997
20
257.386661
30
0.0
0
SEQEND
0
POLYLINE
8
P01680
66
1
70
0
0
VERTEX
8
P01680
10
128.185328
20
257.301992
30
0.0
0
VERTEX
8
P01680
10
131.402660
20
257.301992
30
0.0
0
SEQEND
0
POLYLINE
8
P01681
66
1
70
0
0
VERTEX
8
P01681
10
128.270002
20
257.217326
30
0.0
0
VERTEX
8
P01681
10
131.487334
20
257.217326
30
0.0
0
SEQEND
0
POLYLINE
8
P01682
66
1
70
0
0
VERTEX
8
P01682
10
128.439329
20
257.132660
30
0.0
0
VERTEX
8
P01682
10
131.571997
20
257.132660
30
0.0
0
SEQEND
0
POLYLINE
8
P01683
66
1
70
0
0
VERTEX
8
P01683
10
128.608666
20
257.047994
30
0.0
0
VERTEX
8
P01683
10
131.656660
20
257.047994
30
0.0
0
SEQEND
0
POLYLINE
8
P01684
66
1
70
0
0
VERTEX
8
P01684
10
128.693329
20
256.963326
30
0.0
0
VERTEX
8
P01684
10
131.741334
20
256.963326
30
0.0
0
SEQEND
0
POLYLINE
8
P01685
66
1
70
0
0
VERTEX
8
P01685
10
128.862666
20
256.878660
30
0.0
0
VERTEX
8
P01685
10
131.825997
20
256.878660
30
0.0
0
SEQEND
0
POLYLINE
8
P01686
66
1
70
0
0
VERTEX
8
P01686
10
129.031993
20
256.793994
30
0.0
0
VERTEX
8
P01686
10
131.910661
20
256.793994
30
0.0
0
SEQEND
0
POLYLINE
8
P01687
66
1
70
0
0
VERTEX
8
P01687
10
129.116667
20
256.709325
30
0.0
0
VERTEX
8
P01687
10
131.995335
20
256.709325
30
0.0
0
SEQEND
0
POLYLINE
8
P01688
66
1
70
0
0
VERTEX
8
P01688
10
129.285993
20
256.624659
30
0.0
0
VERTEX
8
P01688
10
131.995335
20
256.624659
30
0.0
0
SEQEND
0
POLYLINE
8
P01689
66
1
70
0
0
VERTEX
8
P01689
10
129.455330
20
256.539994
30
0.0
0
VERTEX
8
P01689
10
132.079998
20
256.539994
30
0.0
0
SEQEND
0
POLYLINE
8
P01690
66
1
70
0
0
VERTEX
8
P01690
10
129.539994
20
256.455328
30
0.0
0
VERTEX
8
P01690
10
132.079998
20
256.455328
30
0.0
0
SEQEND
0
POLYLINE
8
P01691
66
1
70
0
0
VERTEX
8
P01691
10
129.709331
20
256.370659
30
0.0
0
VERTEX
8
P01691
10
132.164661
20
256.370659
30
0.0
0
SEQEND
0
POLYLINE
8
P01692
66
1
70
0
0
VERTEX
8
P01692
10
129.878668
20
256.285993
30
0.0
0
VERTEX
8
P01692
10
132.164661
20
256.285993
30
0.0
0
SEQEND
0
POLYLINE
8
P01693
66
1
70
0
0
VERTEX
8
P01693
10
129.963331
20
256.201327
30
0.0
0
VERTEX
8
P01693
10
132.249335
20
256.201327
30
0.0
0
SEQEND
0
POLYLINE
8
P01694
66
1
70
0
0
VERTEX
8
P01694
10
130.132668
20
256.116659
30
0.0
0
VERTEX
8
P01694
10
132.249335
20
256.116659
30
0.0
0
SEQEND
0
POLYLINE
8
P01695
66
1
70
0
0
VERTEX
8
P01695
10
130.301995
20
256.031993
30
0.0
0
VERTEX
8
P01695
10
132.333998
20
256.031993
30
0.0
0
SEQEND
0
POLYLINE
8
P01696
66
1
70
0
0
VERTEX
8
P01696
10
130.386669
20
255.947327
30
0.0
0
VERTEX
8
P01696
10
132.333998
20
255.947327
30
0.0
0
SEQEND
0
POLYLINE
8
P01697
66
1
70
0
0
VERTEX
8
P01697
10
130.555995
20
255.862661
30
0.0
0
VERTEX
8
P01697
10
132.418661
20
255.862661
30
0.0
0
SEQEND
0
POLYLINE
8
P01698
66
1
70
0
0
VERTEX
8
P01698
10
130.725332
20
255.777992
30
0.0
0
VERTEX
8
P01698
10
132.418661
20
255.777992
30
0.0
0
SEQEND
0
POLYLINE
8
P01699
66
1
70
0
0
VERTEX
8
P01699
10
130.809996
20
255.693326
30
0.0
0
VERTEX
8
P01699
10
132.503335
20
255.693326
30
0.0
0
SEQEND
0
POLYLINE
8
P01700
66
1
70
0
0
VERTEX
8
P01700
10
130.979333
20
255.608660
30
0.0
0
VERTEX
8
P01700
10
132.503335
20
255.608660
30
0.0
0
SEQEND
0
POLYLINE
8
P01701
66
1
70
0
0
VERTEX
8
P01701
10
131.063996
20
255.523995
30
0.0
0
VERTEX
8
P01701
10
132.587999
20
255.523995
30
0.0
0
SEQEND
0
POLYLINE
8
P01702
66
1
70
0
0
VERTEX
8
P01702
10
131.317997
20
255.439326
30
0.0
0
VERTEX
8
P01702
10
132.587999
20
255.439326
30
0.0
0
SEQEND
0
POLYLINE
8
P01703
66
1
70
0
0
VERTEX
8
P01703
10
131.571997
20
255.354660
30
0.0
0
VERTEX
8
P01703
10
132.672662
20
255.354660
30
0.0
0
SEQEND
0
POLYLINE
8
P01704
66
1
70
0
0
VERTEX
8
P01704
10
131.825997
20
255.269994
30
0.0
0
VERTEX
8
P01704
10
132.672662
20
255.269994
30
0.0
0
SEQEND
0
POLYLINE
8
P01705
66
1
70
0
0
VERTEX
8
P01705
10
132.079998
20
255.185325
30
0.0
0
VERTEX
8
P01705
10
132.757325
20
255.185325
30
0.0
0
SEQEND
0
POLYLINE
8
P01706
66
1
70
0
0
VERTEX
8
P01706
10
132.333998
20
255.100660
30
0.0
0
VERTEX
8
P01706
10
132.757325
20
255.100660
30
0.0
0
SEQEND
0
POLYLINE
8
P01707
66
1
70
0
0
VERTEX
8
P01707
10
132.587999
20
255.015994
30
0.0
0
VERTEX
8
P01707
10
132.841999
20
255.015994
30
0.0
0
VERTEX
8
P01707
10
132.587999
20
255.015994
30
0.0
0
SEQEND
0
POLYLINE
8
P01708
66
1
70
0
0
VERTEX
8
P01708
10
132.841999
20
254.931328
30
0.0
0
VERTEX
8
P01708
10
128.608666
20
257.555993
30
0.0
0
VERTEX
8
P01708
10
132.841999
20
254.931328
30
0.0
0
SEQEND
0
POLYLINE
8
P01709
66
1
70
0
0
VERTEX
8
P01709
10
128.608666
20
257.555993
30
0.0
0
VERTEX
8
P01709
10
129.370667
20
257.809993
30
0.0
0
VERTEX
8
P01709
10
128.608666
20
257.555993
30
0.0
0
SEQEND
0
POLYLINE
8
P01710
66
1
70
0
0
VERTEX
8
P01710
10
129.370667
20
257.809993
30
0.0
0
VERTEX
8
P01710
10
129.455330
20
258.571994
30
0.0
0
VERTEX
8
P01710
10
129.370667
20
257.809993
30
0.0
0
SEQEND
0
POLYLINE
8
P01711
66
1
70
0
0
VERTEX
8
P01711
10
129.455330
20
258.571994
30
0.0
0
VERTEX
8
P01711
10
132.841999
20
254.931328
30
0.0
0
VERTEX
8
P01711
10
129.455330
20
258.571994
30
0.0
0
SEQEND
0
POLYLINE
8
P01712
66
1
70
0
0
VERTEX
8
P01712
10
129.116667
20
257.725327
30
0.0
0
VERTEX
8
P01712
10
129.539994
20
257.725327
30
0.0
0
SEQEND
0
POLYLINE
8
P01713
66
1
70
0
0
VERTEX
8
P01713
10
128.862666
20
257.640658
30
0.0
0
VERTEX
8
P01713
10
129.624668
20
257.640658
30
0.0
0
SEQEND
0
POLYLINE
8
P01714
66
1
70
0
0
VERTEX
8
P01714
10
128.608666
20
257.555993
30
0.0
0
VERTEX
8
P01714
10
129.709331
20
257.555993
30
0.0
0
SEQEND
0
POLYLINE
8
P01715
66
1
70
0
0
VERTEX
8
P01715
10
128.777992
20
257.471327
30
0.0
0
VERTEX
8
P01715
10
129.793994
20
257.471327
30
0.0
0
SEQEND
0
POLYLINE
8
P01716
66
1
70
0
0
VERTEX
8
P01716
10
128.947329
20
257.386661
30
0.0
0
VERTEX
8
P01716
10
129.963331
20
257.386661
30
0.0
0
SEQEND
0
POLYLINE
8
P01717
66
1
70
0
0
VERTEX
8
P01717
10
129.031993
20
257.301992
30
0.0
0
VERTEX
8
P01717
10
130.047994
20
257.301992
30
0.0
0
SEQEND
0
POLYLINE
8
P01718
66
1
70
0
0
VERTEX
8
P01718
10
129.201330
20
257.217326
30
0.0
0
VERTEX
8
P01718
10
130.132668
20
257.217326
30
0.0
0
SEQEND
0
POLYLINE
8
P01719
66
1
70
0
0
VERTEX
8
P01719
10
129.370667
20
257.132660
30
0.0
0
VERTEX
8
P01719
10
130.217332
20
257.132660
30
0.0
0
SEQEND
0
POLYLINE
8
P01720
66
1
70
0
0
VERTEX
8
P01720
10
129.455330
20
257.047994
30
0.0
0
VERTEX
8
P01720
10
130.301995
20
257.047994
30
0.0
0
SEQEND
0
POLYLINE
8
P01721
66
1
70
0
0
VERTEX
8
P01721
10
129.624668
20
256.963326
30
0.0
0
VERTEX
8
P01721
10
130.471332
20
256.963326
30
0.0
0
SEQEND
0
POLYLINE
8
P01722
66
1
70
0
0
VERTEX
8
P01722
10
129.709331
20
256.878660
30
0.0
0
VERTEX
8
P01722
10
130.555995
20
256.878660
30
0.0
0
SEQEND
0
POLYLINE
8
P01723
66
1
70
0
0
VERTEX
8
P01723
10
129.878668
20
256.793994
30
0.0
0
VERTEX
8
P01723
10
130.640658
20
256.793994
30
0.0
0
SEQEND
0
POLYLINE
8
P01724
66
1
70
0
0
VERTEX
8
P01724
10
130.047994
20
256.709325
30
0.0
0
VERTEX
8
P01724
10
130.725332
20
256.709325
30
0.0
0
SEQEND
0
POLYLINE
8
P01725
66
1
70
0
0
VERTEX
8
P01725
10
130.132668
20
256.624659
30
0.0
0
VERTEX
8
P01725
10
130.809996
20
256.624659
30
0.0
0
SEQEND
0
POLYLINE
8
P01726
66
1
70
0
0
VERTEX
8
P01726
10
130.301995
20
256.539994
30
0.0
0
VERTEX
8
P01726
10
130.979333
20
256.539994
30
0.0
0
SEQEND
0
POLYLINE
8
P01727
66
1
70
0
0
VERTEX
8
P01727
10
130.386669
20
256.455328
30
0.0
0
VERTEX
8
P01727
10
131.063996
20
256.455328
30
0.0
0
SEQEND
0
POLYLINE
8
P01728
66
1
70
0
0
VERTEX
8
P01728
10
130.555995
20
256.370659
30
0.0
0
VERTEX
8
P01728
10
131.148659
20
256.370659
30
0.0
0
SEQEND
0
POLYLINE
8
P01729
66
1
70
0
0
VERTEX
8
P01729
10
130.725332
20
256.285993
30
0.0
0
VERTEX
8
P01729
10
131.233333
20
256.285993
30
0.0
0
SEQEND
0
POLYLINE
8
P01730
66
1
70
0
0
VERTEX
8
P01730
10
130.809996
20
256.201327
30
0.0
0
VERTEX
8
P01730
10
131.317997
20
256.201327
30
0.0
0
SEQEND
0
POLYLINE
8
P01731
66
1
70
0
0
VERTEX
8
P01731
10
130.979333
20
256.116659
30
0.0
0
VERTEX
8
P01731
10
131.487334
20
256.116659
30
0.0
0
SEQEND
0
POLYLINE
8
P01732
66
1
70
0
0
VERTEX
8
P01732
10
131.148659
20
256.031993
30
0.0
0
VERTEX
8
P01732
10
131.571997
20
256.031993
30
0.0
0
SEQEND
0
POLYLINE
8
P01733
66
1
70
0
0
VERTEX
8
P01733
10
131.233333
20
255.947327
30
0.0
0
VERTEX
8
P01733
10
131.656660
20
255.947327
30
0.0
0
SEQEND
0
POLYLINE
8
P01734
66
1
70
0
0
VERTEX
8
P01734
10
131.402660
20
255.862661
30
0.0
0
VERTEX
8
P01734
10
131.741334
20
255.862661
30
0.0
0
SEQEND
0
POLYLINE
8
P01735
66
1
70
0
0
VERTEX
8
P01735
10
131.487334
20
255.777992
30
0.0
0
VERTEX
8
P01735
10
131.825997
20
255.777992
30
0.0
0
SEQEND
0
POLYLINE
8
P01736
66
1
70
0
0
VERTEX
8
P01736
10
131.656660
20
255.693326
30
0.0
0
VERTEX
8
P01736
10
131.995335
20
255.693326
30
0.0
0
SEQEND
0
POLYLINE
8
P01737
66
1
70
0
0
VERTEX
8
P01737
10
131.825997
20
255.608660
30
0.0
0
VERTEX
8
P01737
10
132.079998
20
255.608660
30
0.0
0
SEQEND
0
POLYLINE
8
P01738
66
1
70
0
0
VERTEX
8
P01738
10
131.910661
20
255.523995
30
0.0
0
VERTEX
8
P01738
10
132.164661
20
255.523995
30
0.0
0
SEQEND
0
POLYLINE
8
P01739
66
1
70
0
0
VERTEX
8
P01739
10
132.079998
20
255.439326
30
0.0
0
VERTEX
8
P01739
10
132.249335
20
255.439326
30
0.0
0
SEQEND
0
POLYLINE
8
P01740
66
1
70
0
0
VERTEX
8
P01740
10
132.164661
20
255.354660
30
0.0
0
VERTEX
8
P01740
10
132.333998
20
255.354660
30
0.0
0
VERTEX
8
P01740
10
132.503335
20
255.269994
30
0.0
0
VERTEX
8
P01740
10
132.587999
20
255.185325
30
0.0
0
VERTEX
8
P01740
10
132.672662
20
255.100660
30
0.0
0
VERTEX
8
P01740
10
132.587999
20
255.100660
30
0.0
0
SEQEND
0
POLYLINE
8
P01741
66
1
70
0
0
VERTEX
8
P01741
10
129.455330
20
258.487326
30
0.0
0
VERTEX
8
P01741
10
129.539994
20
258.487326
30
0.0
0
SEQEND
0
POLYLINE
8
P01742
66
1
70
0
0
VERTEX
8
P01742
10
129.455330
20
258.402660
30
0.0
0
VERTEX
8
P01742
10
129.624668
20
258.402660
30
0.0
0
SEQEND
0
POLYLINE
8
P01743
66
1
70
0
0
VERTEX
8
P01743
10
129.455330
20
258.317994
30
0.0
0
VERTEX
8
P01743
10
129.709331
20
258.317994
30
0.0
0
SEQEND
0
POLYLINE
8
P01744
66
1
70
0
0
VERTEX
8
P01744
10
129.455330
20
258.233325
30
0.0
0
VERTEX
8
P01744
10
129.793994
20
258.233325
30
0.0
0
SEQEND
0
POLYLINE
8
P01745
66
1
70
0
0
VERTEX
8
P01745
10
129.455330
20
258.148659
30
0.0
0
VERTEX
8
P01745
10
129.878668
20
258.148659
30
0.0
0
SEQEND
0
POLYLINE
8
P01746
66
1
70
0
0
VERTEX
8
P01746
10
129.455330
20
258.063993
30
0.0
0
VERTEX
8
P01746
10
129.963331
20
258.063993
30
0.0
0
SEQEND
0
POLYLINE
8
P01747
66
1
70
0
0
VERTEX
8
P01747
10
129.455330
20
257.979328
30
0.0
0
VERTEX
8
P01747
10
130.047994
20
257.979328
30
0.0
0
SEQEND
0
POLYLINE
8
P01748
66
1
70
0
0
VERTEX
8
P01748
10
129.455330
20
257.894659
30
0.0
0
VERTEX
8
P01748
10
130.132668
20
257.894659
30
0.0
0
SEQEND
0
POLYLINE
8
P01749
66
1
70
0
0
VERTEX
8
P01749
10
129.370667
20
257.809993
30
0.0
0
VERTEX
8
P01749
10
130.217332
20
257.809993
30
0.0
0
SEQEND
0
POLYLINE
8
P01750
66
1
70
0
0
VERTEX
8
P01750
10
129.539994
20
257.725327
30
0.0
0
VERTEX
8
P01750
10
130.301995
20
257.725327
30
0.0
0
SEQEND
0
POLYLINE
8
P01751
66
1
70
0
0
VERTEX
8
P01751
10
129.624668
20
257.640658
30
0.0
0
VERTEX
8
P01751
10
130.386669
20
257.640658
30
0.0
0
SEQEND
0
POLYLINE
8
P01752
66
1
70
0
0
VERTEX
8
P01752
10
129.709331
20
257.555993
30
0.0
0
VERTEX
8
P01752
10
130.471332
20
257.555993
30
0.0
0
SEQEND
0
POLYLINE
8
P01753
66
1
70
0
0
VERTEX
8
P01753
10
129.793994
20
257.471327
30
0.0
0
VERTEX
8
P01753
10
130.555995
20
257.471327
30
0.0
0
SEQEND
0
POLYLINE
8
P01754
66
1
70
0
0
VERTEX
8
P01754
10
129.963331
20
257.386661
30
0.0
0
VERTEX
8
P01754
10
130.640658
20
257.386661
30
0.0
0
SEQEND
0
POLYLINE
8
P01755
66
1
70
0
0
VERTEX
8
P01755
10
130.047994
20
257.301992
30
0.0
0
VERTEX
8
P01755
10
130.640658
20
257.301992
30
0.0
0
SEQEND
0
POLYLINE
8
P01756
66
1
70
0
0
VERTEX
8
P01756
10
130.132668
20
257.217326
30
0.0
0
VERTEX
8
P01756
10
130.725332
20
257.217326
30
0.0
0
SEQEND
0
POLYLINE
8
P01757
66
1
70
0
0
VERTEX
8
P01757
10
130.217332
20
257.132660
30
0.0
0
VERTEX
8
P01757
10
130.809996
20
257.132660
30
0.0
0
SEQEND
0
POLYLINE
8
P01758
66
1
70
0
0
VERTEX
8
P01758
10
130.301995
20
257.047994
30
0.0
0
VERTEX
8
P01758
10
130.894659
20
257.047994
30
0.0
0
SEQEND
0
POLYLINE
8
P01759
66
1
70
0
0
VERTEX
8
P01759
10
130.471332
20
256.963326
30
0.0
0
VERTEX
8
P01759
10
130.979333
20
256.963326
30
0.0
0
SEQEND
0
POLYLINE
8
P01760
66
1
70
0
0
VERTEX
8
P01760
10
130.555995
20
256.878660
30
0.0
0
VERTEX
8
P01760
10
131.063996
20
256.878660
30
0.0
0
SEQEND
0
POLYLINE
8
P01761
66
1
70
0
0
VERTEX
8
P01761
10
130.640658
20
256.793994
30
0.0
0
VERTEX
8
P01761
10
131.148659
20
256.793994
30
0.0
0
SEQEND
0
POLYLINE
8
P01762
66
1
70
0
0
VERTEX
8
P01762
10
130.725332
20
256.709325
30
0.0
0
VERTEX
8
P01762
10
131.233333
20
256.709325
30
0.0
0
SEQEND
0
POLYLINE
8
P01763
66
1
70
0
0
VERTEX
8
P01763
10
130.809996
20
256.624659
30
0.0
0
VERTEX
8
P01763
10
131.317997
20
256.624659
30
0.0
0
SEQEND
0
POLYLINE
8
P01764
66
1
70
0
0
VERTEX
8
P01764
10
130.979333
20
256.539994
30
0.0
0
VERTEX
8
P01764
10
131.402660
20
256.539994
30
0.0
0
SEQEND
0
POLYLINE
8
P01765
66
1
70
0
0
VERTEX
8
P01765
10
131.063996
20
256.455328
30
0.0
0
VERTEX
8
P01765
10
131.487334
20
256.455328
30
0.0
0
SEQEND
0
POLYLINE
8
P01766
66
1
70
0
0
VERTEX
8
P01766
10
131.148659
20
256.370659
30
0.0
0
VERTEX
8
P01766
10
131.571997
20
256.370659
30
0.0
0
SEQEND
0
POLYLINE
8
P01767
66
1
70
0
0
VERTEX
8
P01767
10
131.233333
20
256.285993
30
0.0
0
VERTEX
8
P01767
10
131.656660
20
256.285993
30
0.0
0
SEQEND
0
POLYLINE
8
P01768
66
1
70
0
0
VERTEX
8
P01768
10
131.317997
20
256.201327
30
0.0
0
VERTEX
8
P01768
10
131.741334
20
256.201327
30
0.0
0
SEQEND
0
POLYLINE
8
P01769
66
1
70
0
0
VERTEX
8
P01769
10
131.487334
20
256.116659
30
0.0
0
VERTEX
8
P01769
10
131.741334
20
256.116659
30
0.0
0
SEQEND
0
POLYLINE
8
P01770
66
1
70
0
0
VERTEX
8
P01770
10
131.571997
20
256.031993
30
0.0
0
VERTEX
8
P01770
10
131.825997
20
256.031993
30
0.0
0
SEQEND
0
POLYLINE
8
P01771
66
1
70
0
0
VERTEX
8
P01771
10
131.656660
20
255.947327
30
0.0
0
VERTEX
8
P01771
10
131.910661
20
255.947327
30
0.0
0
SEQEND
0
POLYLINE
8
P01772
66
1
70
0
0
VERTEX
8
P01772
10
131.741334
20
255.862661
30
0.0
0
VERTEX
8
P01772
10
131.995335
20
255.862661
30
0.0
0
SEQEND
0
POLYLINE
8
P01773
66
1
70
0
0
VERTEX
8
P01773
10
131.825997
20
255.777992
30
0.0
0
VERTEX
8
P01773
10
132.079998
20
255.777992
30
0.0
0
SEQEND
0
POLYLINE
8
P01774
66
1
70
0
0
VERTEX
8
P01774
10
131.995335
20
255.693326
30
0.0
0
VERTEX
8
P01774
10
132.164661
20
255.693326
30
0.0
0
SEQEND
0
POLYLINE
8
P01775
66
1
70
0
0
VERTEX
8
P01775
10
132.079998
20
255.608660
30
0.0
0
VERTEX
8
P01775
10
132.249335
20
255.608660
30
0.0
0
SEQEND
0
POLYLINE
8
P01776
66
1
70
0
0
VERTEX
8
P01776
10
132.164661
20
255.523995
30
0.0
0
VERTEX
8
P01776
10
132.333998
20
255.523995
30
0.0
0
SEQEND
0
POLYLINE
8
P01777
66
1
70
0
0
VERTEX
8
P01777
10
132.249335
20
255.439326
30
0.0
0
VERTEX
8
P01777
10
132.418661
20
255.439326
30
0.0
0
SEQEND
0
POLYLINE
8
P01778
66
1
70
0
0
VERTEX
8
P01778
10
132.333998
20
255.354660
30
0.0
0
VERTEX
8
P01778
10
132.503335
20
255.354660
30
0.0
0
VERTEX
8
P01778
10
132.587999
20
255.269994
30
0.0
0
VERTEX
8
P01778
10
132.672662
20
255.185325
30
0.0
0
VERTEX
8
P01778
10
132.757325
20
255.100660
30
0.0
0
VERTEX
8
P01778
10
132.841999
20
255.015994
30
0.0
0
VERTEX
8
P01778
10
132.757325
20
255.015994
30
0.0
0
SEQEND
0
POLYLINE
8
P01779
66
1
70
0
0
VERTEX
8
P01779
10
118.448659
20
262.212661
30
0.0
0
VERTEX
8
P01779
10
122.174003
20
262.212661
30
0.0
0
SEQEND
0
POLYLINE
8
P01780
66
1
70
0
0
VERTEX
8
P01780
10
118.194659
20
262.127992
30
0.0
0
VERTEX
8
P01780
10
122.174003
20
262.127992
30
0.0
0
SEQEND
0
POLYLINE
8
P01781
66
1
70
0
0
VERTEX
8
P01781
10
117.855995
20
262.043326
30
0.0
0
VERTEX
8
P01781
10
122.174003
20
262.043326
30
0.0
0
SEQEND
0
POLYLINE
8
P01782
66
1
70
0
0
VERTEX
8
P01782
10
117.517332
20
261.958660
30
0.0
0
VERTEX
8
P01782
10
122.174003
20
261.958660
30
0.0
0
SEQEND
0
POLYLINE
8
P01783
66
1
70
0
0
VERTEX
8
P01783
10
117.263331
20
261.873992
30
0.0
0
VERTEX
8
P01783
10
122.174003
20
261.873992
30
0.0
0
SEQEND
0
POLYLINE
8
P01784
66
1
70
0
0
VERTEX
8
P01784
10
116.924668
20
261.789326
30
0.0
0
VERTEX
8
P01784
10
122.174003
20
261.789326
30
0.0
0
SEQEND
0
POLYLINE
8
P01785
66
1
70
0
0
VERTEX
8
P01785
10
116.585993
20
261.704660
30
0.0
0
VERTEX
8
P01785
10
122.089329
20
261.704660
30
0.0
0
SEQEND
0
POLYLINE
8
P01786
66
1
70
0
0
VERTEX
8
P01786
10
116.755330
20
261.619994
30
0.0
0
VERTEX
8
P01786
10
122.089329
20
261.619994
30
0.0
0
SEQEND
0
POLYLINE
8
P01787
66
1
70
0
0
VERTEX
8
P01787
10
116.924668
20
261.535325
30
0.0
0
VERTEX
8
P01787
10
122.089329
20
261.535325
30
0.0
0
SEQEND
0
POLYLINE
8
P01788
66
1
70
0
0
VERTEX
8
P01788
10
117.093994
20
261.450660
30
0.0
0
VERTEX
8
P01788
10
122.089329
20
261.450660
30
0.0
0
SEQEND
0
POLYLINE
8
P01789
66
1
70
0
0
VERTEX
8
P01789
10
117.263331
20
261.365994
30
0.0
0
VERTEX
8
P01789
10
122.089329
20
261.365994
30
0.0
0
SEQEND
0
POLYLINE
8
P01790
66
1
70
0
0
VERTEX
8
P01790
10
117.432668
20
261.281328
30
0.0
0
VERTEX
8
P01790
10
122.089329
20
261.281328
30
0.0
0
SEQEND
0
POLYLINE
8
P01791
66
1
70
0
0
VERTEX
8
P01791
10
117.517332
20
261.196659
30
0.0
0
VERTEX
8
P01791
10
122.089329
20
261.196659
30
0.0
0
SEQEND
0
POLYLINE
8
P01792
66
1
70
0
0
VERTEX
8
P01792
10
117.686669
20
261.111993
30
0.0
0
VERTEX
8
P01792
10
122.004665
20
261.111993
30
0.0
0
SEQEND
0
POLYLINE
8
P01793
66
1
70
0
0
VERTEX
8
P01793
10
117.855995
20
261.027327
30
0.0
0
VERTEX
8
P01793
10
122.004665
20
261.027327
30
0.0
0
SEQEND
0
POLYLINE
8
P01794
66
1
70
0
0
VERTEX
8
P01794
10
118.025332
20
260.942659
30
0.0
0
VERTEX
8
P01794
10
122.004665
20
260.942659
30
0.0
0
SEQEND
0
POLYLINE
8
P01795
66
1
70
0
0
VERTEX
8
P01795
10
118.194659
20
260.857993
30
0.0
0
VERTEX
8
P01795
10
122.004665
20
260.857993
30
0.0
0
SEQEND
0
POLYLINE
8
P01796
66
1
70
0
0
VERTEX
8
P01796
10
118.279333
20
260.773327
30
0.0
0
VERTEX
8
P01796
10
122.004665
20
260.773327
30
0.0
0
SEQEND
0
POLYLINE
8
P01797
66
1
70
0
0
VERTEX
8
P01797
10
118.702660
20
260.688661
30
0.0
0
VERTEX
8
P01797
10
122.004665
20
260.688661
30
0.0
0
SEQEND
0
POLYLINE
8
P01798
66
1
70
0
0
VERTEX
8
P01798
10
119.041334
20
260.603992
30
0.0
0
VERTEX
8
P01798
10
122.004665
20
260.603992
30
0.0
0
SEQEND
0
POLYLINE
8
P01799
66
1
70
0
0
VERTEX
8
P01799
10
119.379998
20
260.519326
30
0.0
0
VERTEX
8
P01799
10
122.004665
20
260.519326
30
0.0
0
SEQEND
0
POLYLINE
8
P01800
66
1
70
0
0
VERTEX
8
P01800
10
116.585993
20
261.704660
30
0.0
0
VERTEX
8
P01800
10
121.581328
20
261.873992
30
0.0
0
VERTEX
8
P01800
10
116.585993
20
261.704660
30
0.0
0
SEQEND
0
POLYLINE
8
P01801
66
1
70
0
0
VERTEX
8
P01801
10
121.496665
20
260.519326
30
0.0
0
VERTEX
8
P01801
10
116.585993
20
261.704660
30
0.0
0
VERTEX
8
P01801
10
121.496665
20
260.519326
30
0.0
0
SEQEND
0
POLYLINE
8
P01802
66
1
70
0
0
VERTEX
8
P01802
10
119.125997
20
261.789326
30
0.0
0
VERTEX
8
P01802
10
121.581328
20
261.789326
30
0.0
0
SEQEND
0
POLYLINE
8
P01803
66
1
70
0
0
VERTEX
8
P01803
10
116.585993
20
261.704660
30
0.0
0
VERTEX
8
P01803
10
121.496665
20
261.704660
30
0.0
0
SEQEND
0
POLYLINE
8
P01804
66
1
70
0
0
VERTEX
8
P01804
10
117.517332
20
261.619994
30
0.0
0
VERTEX
8
P01804
10
121.412001
20
261.619994
30
0.0
0
SEQEND
0
POLYLINE
8
P01805
66
1
70
0
0
VERTEX
8
P01805
10
118.448659
20
261.535325
30
0.0
0
VERTEX
8
P01805
10
121.327327
20
261.535325
30
0.0
0
SEQEND
0
POLYLINE
8
P01806
66
1
70
0
0
VERTEX
8
P01806
10
119.295335
20
261.450660
30
0.0
0
VERTEX
8
P01806
10
121.242664
20
261.450660
30
0.0
0
SEQEND
0
POLYLINE
8
P01807
66
1
70
0
0
VERTEX
8
P01807
10
117.009331
20
261.619994
30
0.0
0
VERTEX
8
P01807
10
117.517332
20
261.619994
30
0.0
0
SEQEND
0
POLYLINE
8
P01808
66
1
70
0
0
VERTEX
8
P01808
10
117.347994
20
261.535325
30
0.0
0
VERTEX
8
P01808
10
118.448659
20
261.535325
30
0.0
0
SEQEND
0
POLYLINE
8
P01809
66
1
70
0
0
VERTEX
8
P01809
10
117.686669
20
261.450660
30
0.0
0
VERTEX
8
P01809
10
119.295335
20
261.450660
30
0.0
0
SEQEND
0
POLYLINE
8
P01810
66
1
70
0
0
VERTEX
8
P01810
10
118.025332
20
261.365994
30
0.0
0
VERTEX
8
P01810
10
120.226662
20
261.365994
30
0.0
0
SEQEND
0
POLYLINE
8
P01811
66
1
70
0
0
VERTEX
8
P01811
10
118.363996
20
261.281328
30
0.0
0
VERTEX
8
P01811
10
121.073327
20
261.281328
30
0.0
0
SEQEND
0
POLYLINE
8
P01812
66
1
70
0
0
VERTEX
8
P01812
10
118.702660
20
261.196659
30
0.0
0
VERTEX
8
P01812
10
121.158001
20
261.196659
30
0.0
0
SEQEND
0
POLYLINE
8
P01813
66
1
70
0
0
VERTEX
8
P01813
10
119.041334
20
261.111993
30
0.0
0
VERTEX
8
P01813
10
121.242664
20
261.111993
30
0.0
0
SEQEND
0
POLYLINE
8
P01814
66
1
70
0
0
VERTEX
8
P01814
10
119.464661
20
261.027327
30
0.0
0
VERTEX
8
P01814
10
121.242664
20
261.027327
30
0.0
0
SEQEND
0
POLYLINE
8
P01815
66
1
70
0
0
VERTEX
8
P01815
10
132.841999
20
254.931328
30
0.0
0
VERTEX
8
P01815
10
130.809996
20
256.793994
30
0.0
0
VERTEX
8
P01815
10
132.841999
20
254.931328
30
0.0
0
SEQEND
0
POLYLINE
8
P01816
66
1
70
0
0
VERTEX
8
P01816
10
130.809996
20
256.793994
30
0.0
0
VERTEX
8
P01816
10
128.523992
20
258.402660
30
0.0
0
VERTEX
8
P01816
10
130.809996
20
256.793994
30
0.0
0
SEQEND
0
POLYLINE
8
P01817
66
1
70
0
0
VERTEX
8
P01817
10
128.523992
20
258.402660
30
0.0
0
VERTEX
8
P01817
10
125.983998
20
259.672659
30
0.0
0
VERTEX
8
P01817
10
128.523992
20
258.402660
30
0.0
0
SEQEND
0
POLYLINE
8
P01818
66
1
70
0
0
VERTEX
8
P01818
10
120.650000
20
261.281328
30
0.0
0
VERTEX
8
P01818
10
117.940669
20
261.619994
30
0.0
0
VERTEX
8
P01818
10
120.650000
20
261.281328
30
0.0
0
SEQEND
0
POLYLINE
8
P01819
66
1
70
0
0
VERTEX
8
P01819
10
117.940669
20
261.619994
30
0.0
0
VERTEX
8
P01819
10
116.585993
20
261.704660
30
0.0
0
VERTEX
8
P01819
10
117.940669
20
261.619994
30
0.0
0
SEQEND
0
POLYLINE
8
P01820
66
1
70
0
0
VERTEX
8
P01820
10
130.894659
20
234.441994
30
0.0
0
VERTEX
8
P01820
10
134.535328
20
234.441994
30
0.0
0
SEQEND
0
POLYLINE
8
P01821
66
1
70
0
0
VERTEX
8
P01821
10
130.894659
20
234.357325
30
0.0
0
VERTEX
8
P01821
10
134.873992
20
234.357325
30
0.0
0
SEQEND
0
POLYLINE
8
P01822
66
1
70
0
0
VERTEX
8
P01822
10
130.894659
20
234.272662
30
0.0
0
VERTEX
8
P01822
10
135.212666
20
234.272662
30
0.0
0
SEQEND
0
POLYLINE
8
P01823
66
1
70
0
0
VERTEX
8
P01823
10
130.894659
20
234.187993
30
0.0
0
VERTEX
8
P01823
10
135.466667
20
234.187993
30
0.0
0
SEQEND
0
POLYLINE
8
P01824
66
1
70
0
0
VERTEX
8
P01824
10
130.894659
20
234.103325
30
0.0
0
VERTEX
8
P01824
10
135.805330
20
234.103325
30
0.0
0
SEQEND
0
POLYLINE
8
P01825
66
1
70
0
0
VERTEX
8
P01825
10
130.894659
20
234.018661
30
0.0
0
VERTEX
8
P01825
10
136.143994
20
234.018661
30
0.0
0
SEQEND
0
POLYLINE
8
P01826
66
1
70
0
0
VERTEX
8
P01826
10
130.894659
20
233.933993
30
0.0
0
VERTEX
8
P01826
10
136.397994
20
233.933993
30
0.0
0
SEQEND
0
POLYLINE
8
P01827
66
1
70
0
0
VERTEX
8
P01827
10
130.979333
20
233.849330
30
0.0
0
VERTEX
8
P01827
10
136.313331
20
233.849330
30
0.0
0
SEQEND
0
POLYLINE
8
P01828
66
1
70
0
0
VERTEX
8
P01828
10
130.979333
20
233.764661
30
0.0
0
VERTEX
8
P01828
10
136.143994
20
233.764661
30
0.0
0
SEQEND
0
POLYLINE
8
P01829
66
1
70
0
0
VERTEX
8
P01829
10
130.979333
20
233.679992
30
0.0
0
VERTEX
8
P01829
10
135.974668
20
233.679992
30
0.0
0
SEQEND
0
POLYLINE
8
P01830
66
1
70
0
0
VERTEX
8
P01830
10
130.979333
20
233.595329
30
0.0
0
VERTEX
8
P01830
10
135.805330
20
233.595329
30
0.0
0
SEQEND
0
POLYLINE
8
P01831
66
1
70
0
0
VERTEX
8
P01831
10
130.979333
20
233.510661
30
0.0
0
VERTEX
8
P01831
10
135.635993
20
233.510661
30
0.0
0
SEQEND
0
POLYLINE
8
P01832
66
1
70
0
0
VERTEX
8
P01832
10
130.979333
20
233.425992
30
0.0
0
VERTEX
8
P01832
10
135.551330
20
233.425992
30
0.0
0
SEQEND
0
POLYLINE
8
P01833
66
1
70
0
0
VERTEX
8
P01833
10
130.979333
20
233.341329
30
0.0
0
VERTEX
8
P01833
10
135.381993
20
233.341329
30
0.0
0
SEQEND
0
POLYLINE
8
P01834
66
1
70
0
0
VERTEX
8
P01834
10
130.979333
20
233.256660
30
0.0
0
VERTEX
8
P01834
10
135.212666
20
233.256660
30
0.0
0
SEQEND
0
POLYLINE
8
P01835
66
1
70
0
0
VERTEX
8
P01835
10
131.063996
20
233.171992
30
0.0
0
VERTEX
8
P01835
10
135.043329
20
233.171992
30
0.0
0
SEQEND
0
POLYLINE
8
P01836
66
1
70
0
0
VERTEX
8
P01836
10
131.063996
20
233.087328
30
0.0
0
VERTEX
8
P01836
10
134.873992
20
233.087328
30
0.0
0
SEQEND
0
POLYLINE
8
P01837
66
1
70
0
0
VERTEX
8
P01837
10
131.063996
20
233.002660
30
0.0
0
VERTEX
8
P01837
10
134.704665
20
233.002660
30
0.0
0
SEQEND
0
POLYLINE
8
P01838
66
1
70
0
0
VERTEX
8
P01838
10
131.063996
20
232.917991
30
0.0
0
VERTEX
8
P01838
10
134.450665
20
232.917991
30
0.0
0
SEQEND
0
POLYLINE
8
P01839
66
1
70
0
0
VERTEX
8
P01839
10
131.063996
20
232.833328
30
0.0
0
VERTEX
8
P01839
10
134.112001
20
232.833328
30
0.0
0
SEQEND
0
POLYLINE
8
P01840
66
1
70
0
0
VERTEX
8
P01840
10
131.063996
20
232.748659
30
0.0
0
VERTEX
8
P01840
10
133.773327
20
232.748659
30
0.0
0
SEQEND
0
POLYLINE
8
P01841
66
1
70
0
0
VERTEX
8
P01841
10
131.063996
20
232.663996
30
0.0
0
VERTEX
8
P01841
10
133.434663
20
232.663996
30
0.0
0
SEQEND
0
POLYLINE
8
P01842
66
1
70
0
0
VERTEX
8
P01842
10
131.148659
20
232.579328
30
0.0
0
VERTEX
8
P01842
10
133.096000
20
232.579328
30
0.0
0
SEQEND
0
POLYLINE
8
P01843
66
1
70
0
0
VERTEX
8
P01843
10
131.148659
20
232.494659
30
0.0
0
VERTEX
8
P01843
10
132.841999
20
232.494659
30
0.0
0
SEQEND
0
POLYLINE
8
P01844
66
1
70
0
0
VERTEX
8
P01844
10
131.148659
20
232.409996
30
0.0
0
VERTEX
8
P01844
10
132.503335
20
232.409996
30
0.0
0
SEQEND
0
POLYLINE
8
P01845
66
1
70
0
0
VERTEX
8
P01845
10
131.148659
20
232.325327
30
0.0
0
VERTEX
8
P01845
10
132.164661
20
232.325327
30
0.0
0
SEQEND
0
POLYLINE
8
P01846
66
1
70
0
0
VERTEX
8
P01846
10
131.148659
20
232.240658
30
0.0
0
VERTEX
8
P01846
10
131.825997
20
232.240658
30
0.0
0
SEQEND
0
POLYLINE
8
P01847
66
1
70
0
0
VERTEX
8
P01847
10
131.148659
20
232.155995
30
0.0
0
VERTEX
8
P01847
10
131.487334
20
232.155995
30
0.0
0
VERTEX
8
P01847
10
131.148659
20
232.155995
30
0.0
0
SEQEND
0
POLYLINE
8
P01848
66
1
70
0
0
VERTEX
8
P01848
10
136.397994
20
233.933993
30
0.0
0
VERTEX
8
P01848
10
131.571997
20
232.663996
30
0.0
0
VERTEX
8
P01848
10
136.397994
20
233.933993
30
0.0
0
SEQEND
0
POLYLINE
8
P01849
66
1
70
0
0
VERTEX
8
P01849
10
131.571997
20
232.663996
30
0.0
0
VERTEX
8
P01849
10
131.995335
20
233.425992
30
0.0
0
VERTEX
8
P01849
10
131.571997
20
232.663996
30
0.0
0
SEQEND
0
POLYLINE
8
P01850
66
1
70
0
0
VERTEX
8
P01850
10
131.995335
20
233.425992
30
0.0
0
VERTEX
8
P01850
10
131.402660
20
234.018661
30
0.0
0
VERTEX
8
P01850
10
131.995335
20
233.425992
30
0.0
0
SEQEND
0
POLYLINE
8
P01851
66
1
70
0
0
VERTEX
8
P01851
10
131.402660
20
234.018661
30
0.0
0
VERTEX
8
P01851
10
136.397994
20
233.933993
30
0.0
0
VERTEX
8
P01851
10
131.402660
20
234.018661
30
0.0
0
SEQEND
0
POLYLINE
8
P01852
66
1
70
0
0
VERTEX
8
P01852
10
135.720667
20
233.849330
30
0.0
0
VERTEX
8
P01852
10
136.143994
20
233.849330
30
0.0
0
SEQEND
0
POLYLINE
8
P01853
66
1
70
0
0
VERTEX
8
P01853
10
134.958666
20
233.764661
30
0.0
0
VERTEX
8
P01853
10
135.805330
20
233.764661
30
0.0
0
SEQEND
0
POLYLINE
8
P01854
66
1
70
0
0
VERTEX
8
P01854
10
134.196665
20
233.679992
30
0.0
0
VERTEX
8
P01854
10
135.466667
20
233.679992
30
0.0
0
SEQEND
0
POLYLINE
8
P01855
66
1
70
0
0
VERTEX
8
P01855
10
133.519326
20
233.595329
30
0.0
0
VERTEX
8
P01855
10
135.127992
20
233.595329
30
0.0
0
SEQEND
0
POLYLINE
8
P01856
66
1
70
0
0
VERTEX
8
P01856
10
132.757325
20
233.510661
30
0.0
0
VERTEX
8
P01856
10
134.789329
20
233.510661
30
0.0
0
SEQEND
0
POLYLINE
8
P01857
66
1
70
0
0
VERTEX
8
P01857
10
131.995335
20
233.425992
30
0.0
0
VERTEX
8
P01857
10
134.535328
20
233.425992
30
0.0
0
SEQEND
0
POLYLINE
8
P01858
66
1
70
0
0
VERTEX
8
P01858
10
131.995335
20
233.341329
30
0.0
0
VERTEX
8
P01858
10
134.196665
20
233.341329
30
0.0
0
SEQEND
0
POLYLINE
8
P01859
66
1
70
0
0
VERTEX
8
P01859
10
131.910661
20
233.256660
30
0.0
0
VERTEX
8
P01859
10
133.858001
20
233.256660
30
0.0
0
SEQEND
0
POLYLINE
8
P01860
66
1
70
0
0
VERTEX
8
P01860
10
131.910661
20
233.171992
30
0.0
0
VERTEX
8
P01860
10
133.519326
20
233.171992
30
0.0
0
SEQEND
0
POLYLINE
8
P01861
66
1
70
0
0
VERTEX
8
P01861
10
131.825997
20
233.087328
30
0.0
0
VERTEX
8
P01861
10
133.180663
20
233.087328
30
0.0
0
SEQEND
0
POLYLINE
8
P01862
66
1
70
0
0
VERTEX
8
P01862
10
131.825997
20
233.002660
30
0.0
0
VERTEX
8
P01862
10
132.926662
20
233.002660
30
0.0
0
SEQEND
0
POLYLINE
8
P01863
66
1
70
0
0
VERTEX
8
P01863
10
131.741334
20
232.917991
30
0.0
0
VERTEX
8
P01863
10
132.587999
20
232.917991
30
0.0
0
SEQEND
0
POLYLINE
8
P01864
66
1
70
0
0
VERTEX
8
P01864
10
131.741334
20
232.833328
30
0.0
0
VERTEX
8
P01864
10
132.249335
20
232.833328
30
0.0
0
SEQEND
0
POLYLINE
8
P01865
66
1
70
0
0
VERTEX
8
P01865
10
131.656660
20
232.748659
30
0.0
0
VERTEX
8
P01865
10
131.910661
20
232.748659
30
0.0
0
VERTEX
8
P01865
10
131.656660
20
232.748659
30
0.0
0
SEQEND
0
POLYLINE
8
P01866
66
1
70
0
0
VERTEX
8
P01866
10
131.487334
20
233.933993
30
0.0
0
VERTEX
8
P01866
10
136.397994
20
233.933993
30
0.0
0
SEQEND
0
POLYLINE
8
P01867
66
1
70
0
0
VERTEX
8
P01867
10
131.571997
20
233.849330
30
0.0
0
VERTEX
8
P01867
10
135.720667
20
233.849330
30
0.0
0
SEQEND
0
POLYLINE
8
P01868
66
1
70
0
0
VERTEX
8
P01868
10
131.656660
20
233.764661
30
0.0
0
VERTEX
8
P01868
10
134.958666
20
233.764661
30
0.0
0
SEQEND
0
POLYLINE
8
P01869
66
1
70
0
0
VERTEX
8
P01869
10
131.741334
20
233.679992
30
0.0
0
VERTEX
8
P01869
10
134.196665
20
233.679992
30
0.0
0
SEQEND
0
POLYLINE
8
P01870
66
1
70
0
0
VERTEX
8
P01870
10
131.825997
20
233.595329
30
0.0
0
VERTEX
8
P01870
10
133.519326
20
233.595329
30
0.0
0
SEQEND
0
POLYLINE
8
P01871
66
1
70
0
0
VERTEX
8
P01871
10
131.910661
20
233.510661
30
0.0
0
VERTEX
8
P01871
10
132.757325
20
233.510661
30
0.0
0
VERTEX
8
P01871
10
131.910661
20
233.510661
30
0.0
0
SEQEND
0
POLYLINE
8
P01872
66
1
70
0
0
VERTEX
8
P01872
10
116.585993
20
231.563326
30
0.0
0
VERTEX
8
P01872
10
136.397994
20
233.933993
30
0.0
0
VERTEX
8
P01872
10
116.585993
20
231.563326
30
0.0
0
SEQEND
0
POLYLINE
8
P01873
66
1
70
0
0
VERTEX
8
P01873
10
118.363996
20
211.666661
30
0.0
0
VERTEX
8
P01873
10
120.988664
20
212.005325
30
0.0
0
VERTEX
8
P01873
10
118.363996
20
211.666661
30
0.0
0
SEQEND
0
POLYLINE
8
P01874
66
1
70
0
0
VERTEX
8
P01874
10
120.988664
20
212.005325
30
0.0
0
VERTEX
8
P01874
10
123.443994
20
212.767326
30
0.0
0
VERTEX
8
P01874
10
120.988664
20
212.005325
30
0.0
0
SEQEND
0
POLYLINE
8
P01875
66
1
70
0
0
VERTEX
8
P01875
10
123.443994
20
212.767326
30
0.0
0
VERTEX
8
P01875
10
125.814661
20
213.783328
30
0.0
0
VERTEX
8
P01875
10
123.443994
20
212.767326
30
0.0
0
SEQEND
0
POLYLINE
8
P01876
66
1
70
0
0
VERTEX
8
P01876
10
125.814661
20
213.783328
30
0.0
0
VERTEX
8
P01876
10
128.016002
20
215.137993
30
0.0
0
VERTEX
8
P01876
10
125.814661
20
213.783328
30
0.0
0
SEQEND
0
POLYLINE
8
P01877
66
1
70
0
0
VERTEX
8
P01877
10
128.016002
20
215.137993
30
0.0
0
VERTEX
8
P01877
10
130.047994
20
216.831328
30
0.0
0
VERTEX
8
P01877
10
128.016002
20
215.137993
30
0.0
0
SEQEND
0
POLYLINE
8
P01878
66
1
70
0
0
VERTEX
8
P01878
10
130.047994
20
216.831328
30
0.0
0
VERTEX
8
P01878
10
131.910661
20
218.693994
30
0.0
0
VERTEX
8
P01878
10
130.047994
20
216.831328
30
0.0
0
SEQEND
0
POLYLINE
8
P01879
66
1
70
0
0
VERTEX
8
P01879
10
131.910661
20
218.693994
30
0.0
0
VERTEX
8
P01879
10
133.434663
20
220.810661
30
0.0
0
VERTEX
8
P01879
10
131.910661
20
218.693994
30
0.0
0
SEQEND
0
POLYLINE
8
P01880
66
1
70
0
0
VERTEX
8
P01880
10
133.434663
20
220.810661
30
0.0
0
VERTEX
8
P01880
10
134.704665
20
223.011996
30
0.0
0
VERTEX
8
P01880
10
133.434663
20
220.810661
30
0.0
0
SEQEND
0
POLYLINE
8
P01881
66
1
70
0
0
VERTEX
8
P01881
10
134.704665
20
223.011996
30
0.0
0
VERTEX
8
P01881
10
135.635993
20
225.467326
30
0.0
0
VERTEX
8
P01881
10
134.704665
20
223.011996
30
0.0
0
SEQEND
0
POLYLINE
8
P01882
66
1
70
0
0
VERTEX
8
P01882
10
135.635993
20
225.467326
30
0.0
0
VERTEX
8
P01882
10
136.228668
20
228.007325
30
0.0
0
VERTEX
8
P01882
10
135.635993
20
225.467326
30
0.0
0
SEQEND
0
POLYLINE
8
P01883
66
1
70
0
0
VERTEX
8
P01883
10
136.228668
20
228.007325
30
0.0
0
VERTEX
8
P01883
10
136.567332
20
230.547329
30
0.0
0
VERTEX
8
P01883
10
136.228668
20
228.007325
30
0.0
0
SEQEND
0
POLYLINE
8
P01884
66
1
70
0
0
VERTEX
8
P01884
10
136.567332
20
230.547329
30
0.0
0
VERTEX
8
P01884
10
136.482668
20
233.171992
30
0.0
0
VERTEX
8
P01884
10
136.567332
20
230.547329
30
0.0
0
SEQEND
0
POLYLINE
8
P01885
66
1
70
0
0
VERTEX
8
P01885
10
136.482668
20
233.171992
30
0.0
0
VERTEX
8
P01885
10
136.143994
20
235.796659
30
0.0
0
VERTEX
8
P01885
10
136.482668
20
233.171992
30
0.0
0
SEQEND
0
POLYLINE
8
P01886
66
1
70
0
0
VERTEX
8
P01886
10
136.143994
20
235.796659
30
0.0
0
VERTEX
8
P01886
10
136.059331
20
235.965991
30
0.0
0
VERTEX
8
P01886
10
136.143994
20
235.796659
30
0.0
0
SEQEND
0
POLYLINE
8
P01887
66
1
70
0
0
VERTEX
8
P01887
10
109.474003
20
175.767997
30
0.0
0
VERTEX
8
P01887
10
109.474003
20
155.786658
30
0.0
0
VERTEX
8
P01887
10
109.474003
20
175.767997
30
0.0
0
SEQEND
0
POLYLINE
8
P01888
66
1
70
0
0
VERTEX
8
P01888
10
109.474003
20
175.767997
30
0.0
0
VERTEX
8
P01888
10
68.579998
20
175.767997
30
0.0
0
VERTEX
8
P01888
10
109.474003
20
175.767997
30
0.0
0
SEQEND
0
POLYLINE
8
P01889
66
1
70
0
0
VERTEX
8
P01889
10
123.613331
20
155.786658
30
0.0
0
VERTEX
8
P01889
10
123.613331
20
175.767997
30
0.0
0
VERTEX
8
P01889
10
123.613331
20
155.786658
30
0.0
0
SEQEND
0
POLYLINE
8
P01890
66
1
70
0
0
VERTEX
8
P01890
10
164.591999
20
155.786658
30
0.0
0
VERTEX
8
P01890
10
123.613331
20
155.786658
30
0.0
0
VERTEX
8
P01890
10
164.591999
20
155.786658
30
0.0
0
SEQEND
0
POLYLINE
8
P01891
66
1
70
0
0
VERTEX
8
P01891
10
168.571332
20
155.786658
30
0.0
0
VERTEX
8
P01891
10
168.571332
20
175.767997
30
0.0
0
VERTEX
8
P01891
10
168.571332
20
155.786658
30
0.0
0
SEQEND
0
POLYLINE
8
P01892
66
1
70
0
0
VERTEX
8
P01892
10
64.600665
20
175.767997
30
0.0
0
VERTEX
8
P01892
10
56.557331
20
175.767997
30
0.0
0
VERTEX
8
P01892
10
64.600665
20
175.767997
30
0.0
0
SEQEND
0
POLYLINE
8
P01893
66
1
70
0
0
VERTEX
8
P01893
10
64.600665
20
155.786658
30
0.0
0
VERTEX
8
P01893
10
64.600665
20
175.767997
30
0.0
0
VERTEX
8
P01893
10
64.600665
20
155.786658
30
0.0
0
SEQEND
0
POLYLINE
8
P01894
66
1
70
0
0
VERTEX
8
P01894
10
176.529998
20
155.786658
30
0.0
0
VERTEX
8
P01894
10
176.529998
20
175.767997
30
0.0
0
VERTEX
8
P01894
10
176.529998
20
155.786658
30
0.0
0
SEQEND
0
POLYLINE
8
P01895
66
1
70
0
0
VERTEX
8
P01895
10
176.529998
20
175.767997
30
0.0
0
VERTEX
8
P01895
10
168.571332
20
175.767997
30
0.0
0
VERTEX
8
P01895
10
176.529998
20
175.767997
30
0.0
0
SEQEND
0
POLYLINE
8
P01896
66
1
70
0
0
VERTEX
8
P01896
10
64.600665
20
155.786658
30
0.0
0
VERTEX
8
P01896
10
56.557331
20
155.786658
30
0.0
0
VERTEX
8
P01896
10
64.600665
20
155.786658
30
0.0
0
SEQEND
0
POLYLINE
8
P01897
66
1
70
0
0
VERTEX
8
P01897
10
109.474003
20
155.786658
30
0.0
0
VERTEX
8
P01897
10
68.579998
20
155.786658
30
0.0
0
VERTEX
8
P01897
10
109.474003
20
155.786658
30
0.0
0
SEQEND
0
POLYLINE
8
P01898
66
1
70
0
0
VERTEX
8
P01898
10
56.557331
20
155.786658
30
0.0
0
VERTEX
8
P01898
10
56.557331
20
175.767997
30
0.0
0
VERTEX
8
P01898
10
56.557331
20
155.786658
30
0.0
0
SEQEND
0
POLYLINE
8
P01899
66
1
70
0
0
VERTEX
8
P01899
10
164.591999
20
155.786658
30
0.0
0
VERTEX
8
P01899
10
164.591999
20
175.767997
30
0.0
0
VERTEX
8
P01899
10
164.591999
20
155.786658
30
0.0
0
SEQEND
0
POLYLINE
8
P01900
66
1
70
0
0
VERTEX
8
P01900
10
176.529998
20
155.786658
30
0.0
0
VERTEX
8
P01900
10
168.571332
20
155.786658
30
0.0
0
VERTEX
8
P01900
10
176.529998
20
155.786658
30
0.0
0
SEQEND
0
POLYLINE
8
P01901
66
1
70
0
0
VERTEX
8
P01901
10
164.591999
20
175.767997
30
0.0
0
VERTEX
8
P01901
10
123.613331
20
175.767997
30
0.0
0
VERTEX
8
P01901
10
164.591999
20
175.767997
30
0.0
0
SEQEND
0
POLYLINE
8
P01902
66
1
70
0
0
VERTEX
8
P01902
10
68.579998
20
155.786658
30
0.0
0
VERTEX
8
P01902
10
68.579998
20
175.767997
30
0.0
0
VERTEX
8
P01902
10
68.579998
20
155.786658
30
0.0
0
SEQEND
0
POLYLINE
8
P01903
66
1
70
0
0
VERTEX
8
P01903
10
168.571332
20
175.767997
30
0.0
0
VERTEX
8
P01903
10
164.591999
20
175.767997
30
0.0
0
VERTEX
8
P01903
10
168.571332
20
175.767997
30
0.0
0
SEQEND
0
POLYLINE
8
P01904
66
1
70
0
0
VERTEX
8
P01904
10
68.579998
20
155.786658
30
0.0
0
VERTEX
8
P01904
10
64.600665
20
155.786658
30
0.0
0
VERTEX
8
P01904
10
68.579998
20
155.786658
30
0.0
0
SEQEND
0
POLYLINE
8
P01905
66
1
70
0
0
VERTEX
8
P01905
10
68.579998
20
175.767997
30
0.0
0
VERTEX
8
P01905
10
64.600665
20
175.767997
30
0.0
0
VERTEX
8
P01905
10
68.579998
20
175.767997
30
0.0
0
SEQEND
0
POLYLINE
8
P01906
66
1
70
0
0
VERTEX
8
P01906
10
168.571332
20
155.786658
30
0.0
0
VERTEX
8
P01906
10
164.591999
20
155.786658
30
0.0
0
VERTEX
8
P01906
10
168.571332
20
155.786658
30
0.0
0
SEQEND
0
POLYLINE
8
P01907
66
1
70
0
0
VERTEX
8
P01907
10
116.585993
20
155.786658
30
0.0
0
VERTEX
8
P01907
10
109.474003
20
155.786658
30
0.0
0
VERTEX
8
P01907
10
116.585993
20
155.786658
30
0.0
0
SEQEND
0
POLYLINE
8
P01908
66
1
70
0
0
VERTEX
8
P01908
10
123.613331
20
155.786658
30
0.0
0
VERTEX
8
P01908
10
116.585993
20
155.786658
30
0.0
0
VERTEX
8
P01908
10
123.613331
20
155.786658
30
0.0
0
SEQEND
0
POLYLINE
8
P01909
66
1
70
0
0
VERTEX
8
P01909
10
116.585993
20
155.786658
30
0.0
0
VERTEX
8
P01909
10
116.585993
20
175.767997
30
0.0
0
VERTEX
8
P01909
10
116.585993
20
155.786658
30
0.0
0
SEQEND
0
POLYLINE
8
P01910
66
1
70
0
0
VERTEX
8
P01910
10
166.539329
20
153.754665
30
0.0
0
VERTEX
8
P01910
10
166.539329
20
163.321997
30
0.0
0
VERTEX
8
P01910
10
166.539329
20
153.754665
30
0.0
0
SEQEND
0
POLYLINE
8
P01911
66
1
70
0
0
VERTEX
8
P01911
10
166.539329
20
164.846000
30
0.0
0
VERTEX
8
P01911
10
166.539329
20
166.708666
30
0.0
0
VERTEX
8
P01911
10
166.539329
20
164.846000
30
0.0
0
SEQEND
0
POLYLINE
8
P01912
66
1
70
0
0
VERTEX
8
P01912
10
166.539329
20
168.232658
30
0.0
0
VERTEX
8
P01912
10
166.539329
20
177.800000
30
0.0
0
VERTEX
8
P01912
10
166.539329
20
168.232658
30
0.0
0
SEQEND
0
POLYLINE
8
P01913
66
1
70
0
0
VERTEX
8
P01913
10
66.548000
20
153.754665
30
0.0
0
VERTEX
8
P01913
10
66.548000
20
163.321997
30
0.0
0
VERTEX
8
P01913
10
66.548000
20
153.754665
30
0.0
0
SEQEND
0
POLYLINE
8
P01914
66
1
70
0
0
VERTEX
8
P01914
10
66.548000
20
164.846000
30
0.0
0
VERTEX
8
P01914
10
66.548000
20
166.708666
30
0.0
0
VERTEX
8
P01914
10
66.548000
20
164.846000
30
0.0
0
SEQEND
0
POLYLINE
8
P01915
66
1
70
0
0
VERTEX
8
P01915
10
66.548000
20
168.232658
30
0.0
0
VERTEX
8
P01915
10
66.548000
20
177.800000
30
0.0
0
VERTEX
8
P01915
10
66.548000
20
168.232658
30
0.0
0
SEQEND
0
POLYLINE
8
P01916
66
1
70
0
0
VERTEX
8
P01916
10
175.937334
20
155.786658
30
0.0
0
VERTEX
8
P01916
10
176.529998
20
156.379333
30
0.0
0
VERTEX
8
P01916
10
175.937334
20
155.786658
30
0.0
0
SEQEND
0
POLYLINE
8
P01917
66
1
70
0
0
VERTEX
8
P01917
10
173.143329
20
155.786658
30
0.0
0
VERTEX
8
P01917
10
176.529998
20
159.257990
30
0.0
0
VERTEX
8
P01917
10
173.143329
20
155.786658
30
0.0
0
SEQEND
0
POLYLINE
8
P01918
66
1
70
0
0
VERTEX
8
P01918
10
170.349324
20
155.786658
30
0.0
0
VERTEX
8
P01918
10
176.529998
20
162.051995
30
0.0
0
VERTEX
8
P01918
10
170.349324
20
155.786658
30
0.0
0
SEQEND
0
POLYLINE
8
P01919
66
1
70
0
0
VERTEX
8
P01919
10
168.571332
20
156.887334
30
0.0
0
VERTEX
8
P01919
10
176.529998
20
164.846000
30
0.0
0
VERTEX
8
P01919
10
168.571332
20
156.887334
30
0.0
0
SEQEND
0
POLYLINE
8
P01920
66
1
70
0
0
VERTEX
8
P01920
10
168.571332
20
159.681328
30
0.0
0
VERTEX
8
P01920
10
176.529998
20
167.724657
30
0.0
0
VERTEX
8
P01920
10
168.571332
20
159.681328
30
0.0
0
SEQEND
0
POLYLINE
8
P01921
66
1
70
0
0
VERTEX
8
P01921
10
168.571332
20
162.559996
30
0.0
0
VERTEX
8
P01921
10
176.529998
20
170.518661
30
0.0
0
VERTEX
8
P01921
10
168.571332
20
162.559996
30
0.0
0
SEQEND
0
POLYLINE
8
P01922
66
1
70
0
0
VERTEX
8
P01922
10
161.797994
20
155.786658
30
0.0
0
VERTEX
8
P01922
10
164.591999
20
158.496000
30
0.0
0
VERTEX
8
P01922
10
161.797994
20
155.786658
30
0.0
0
SEQEND
0
POLYLINE
8
P01923
66
1
70
0
0
VERTEX
8
P01923
10
159.004000
20
155.786658
30
0.0
0
VERTEX
8
P01923
10
164.591999
20
161.374657
30
0.0
0
VERTEX
8
P01923
10
159.004000
20
155.786658
30
0.0
0
SEQEND
0
POLYLINE
8
P01924
66
1
70
0
0
VERTEX
8
P01924
10
168.571332
20
165.354000
30
0.0
0
VERTEX
8
P01924
10
176.529998
20
173.397329
30
0.0
0
VERTEX
8
P01924
10
168.571332
20
165.354000
30
0.0
0
SEQEND
0
POLYLINE
8
P01925
66
1
70
0
0
VERTEX
8
P01925
10
168.571332
20
168.232658
30
0.0
0
VERTEX
8
P01925
10
176.191334
20
175.767997
30
0.0
0
VERTEX
8
P01925
10
168.571332
20
168.232658
30
0.0
0
SEQEND
0
POLYLINE
8
P01926
66
1
70
0
0
VERTEX
8
P01926
10
156.125332
20
155.786658
30
0.0
0
VERTEX
8
P01926
10
164.591999
20
164.168661
30
0.0
0
VERTEX
8
P01926
10
156.125332
20
155.786658
30
0.0
0
SEQEND
0
POLYLINE
8
P01927
66
1
70
0
0
VERTEX
8
P01927
10
153.331328
20
155.786658
30
0.0
0
VERTEX
8
P01927
10
164.591999
20
167.047329
30
0.0
0
VERTEX
8
P01927
10
153.331328
20
155.786658
30
0.0
0
SEQEND
0
POLYLINE
8
P01928
66
1
70
0
0
VERTEX
8
P01928
10
168.571332
20
171.026662
30
0.0
0
VERTEX
8
P01928
10
173.312666
20
175.767997
30
0.0
0
VERTEX
8
P01928
10
168.571332
20
171.026662
30
0.0
0
SEQEND
0
POLYLINE
8
P01929
66
1
70
0
0
VERTEX
8
P01929
10
168.571332
20
173.820656
30
0.0
0
VERTEX
8
P01929
10
170.518661
20
175.767997
30
0.0
0
VERTEX
8
P01929
10
168.571332
20
173.820656
30
0.0
0
SEQEND
0
POLYLINE
8
P01930
66
1
70
0
0
VERTEX
8
P01930
10
150.537334
20
155.786658
30
0.0
0
VERTEX
8
P01930
10
164.591999
20
169.841323
30
0.0
0
VERTEX
8
P01930
10
150.537334
20
155.786658
30
0.0
0
SEQEND
0
POLYLINE
8
P01931
66
1
70
0
0
VERTEX
8
P01931
10
147.658666
20
155.786658
30
0.0
0
VERTEX
8
P01931
10
164.591999
20
172.635328
30
0.0
0
VERTEX
8
P01931
10
147.658666
20
155.786658
30
0.0
0
SEQEND
0
POLYLINE
8
P01932
66
1
70
0
0
VERTEX
8
P01932
10
144.864661
20
155.786658
30
0.0
0
VERTEX
8
P01932
10
164.591999
20
175.513996
30
0.0
0
VERTEX
8
P01932
10
144.864661
20
155.786658
30
0.0
0
SEQEND
0
POLYLINE
8
P01933
66
1
70
0
0
VERTEX
8
P01933
10
141.985993
20
155.786658
30
0.0
0
VERTEX
8
P01933
10
162.051995
20
175.767997
30
0.0
0
VERTEX
8
P01933
10
141.985993
20
155.786658
30
0.0
0
SEQEND
0
POLYLINE
8
P01934
66
1
70
0
0
VERTEX
8
P01934
10
139.191999
20
155.786658
30
0.0
0
VERTEX
8
P01934
10
159.173327
20
175.767997
30
0.0
0
VERTEX
8
P01934
10
139.191999
20
155.786658
30
0.0
0
SEQEND
0
POLYLINE
8
P01935
66
1
70
0
0
VERTEX
8
P01935
10
136.397994
20
155.786658
30
0.0
0
VERTEX
8
P01935
10
156.379333
20
175.767997
30
0.0
0
VERTEX
8
P01935
10
136.397994
20
155.786658
30
0.0
0
SEQEND
0
POLYLINE
8
P01936
66
1
70
0
0
VERTEX
8
P01936
10
133.519326
20
155.786658
30
0.0
0
VERTEX
8
P01936
10
153.500665
20
175.767997
30
0.0
0
VERTEX
8
P01936
10
133.519326
20
155.786658
30
0.0
0
SEQEND
0
POLYLINE
8
P01937
66
1
70
0
0
VERTEX
8
P01937
10
130.725332
20
155.786658
30
0.0
0
VERTEX
8
P01937
10
150.706660
20
175.767997
30
0.0
0
VERTEX
8
P01937
10
130.725332
20
155.786658
30
0.0
0
SEQEND
0
POLYLINE
8
P01938
66
1
70
0
0
VERTEX
8
P01938
10
127.846665
20
155.786658
30
0.0
0
VERTEX
8
P01938
10
147.912666
20
175.767997
30
0.0
0
VERTEX
8
P01938
10
127.846665
20
155.786658
30
0.0
0
SEQEND
0
POLYLINE
8
P01939
66
1
70
0
0
VERTEX
8
P01939
10
125.052660
20
155.786658
30
0.0
0
VERTEX
8
P01939
10
145.033998
20
175.767997
30
0.0
0
VERTEX
8
P01939
10
125.052660
20
155.786658
30
0.0
0
SEQEND
0
POLYLINE
8
P01940
66
1
70
0
0
VERTEX
8
P01940
10
123.613331
20
157.225997
30
0.0
0
VERTEX
8
P01940
10
142.239994
20
175.767997
30
0.0
0
VERTEX
8
P01940
10
123.613331
20
157.225997
30
0.0
0
SEQEND
0
POLYLINE
8
P01941
66
1
70
0
0
VERTEX
8
P01941
10
123.613331
20
160.019991
30
0.0
0
VERTEX
8
P01941
10
139.361326
20
175.767997
30
0.0
0
VERTEX
8
P01941
10
123.613331
20
160.019991
30
0.0
0
SEQEND
0
POLYLINE
8
P01942
66
1
70
0
0
VERTEX
8
P01942
10
123.613331
20
162.898659
30
0.0
0
VERTEX
8
P01942
10
136.567332
20
175.767997
30
0.0
0
VERTEX
8
P01942
10
123.613331
20
162.898659
30
0.0
0
SEQEND
0
POLYLINE
8
P01943
66
1
70
0
0
VERTEX
8
P01943
10
123.613331
20
165.692664
30
0.0
0
VERTEX
8
P01943
10
133.773327
20
175.767997
30
0.0
0
VERTEX
8
P01943
10
123.613331
20
165.692664
30
0.0
0
SEQEND
0
POLYLINE
8
P01944
66
1
70
0
0
VERTEX
8
P01944
10
123.613331
20
168.486658
30
0.0
0
VERTEX
8
P01944
10
130.894659
20
175.767997
30
0.0
0
VERTEX
8
P01944
10
123.613331
20
168.486658
30
0.0
0
SEQEND
0
POLYLINE
8
P01945
66
1
70
0
0
VERTEX
8
P01945
10
108.119326
20
155.786658
30
0.0
0
VERTEX
8
P01945
10
109.474003
20
157.225997
30
0.0
0
VERTEX
8
P01945
10
108.119326
20
155.786658
30
0.0
0
SEQEND
0
POLYLINE
8
P01946
66
1
70
0
0
VERTEX
8
P01946
10
123.613331
20
171.365326
30
0.0
0
VERTEX
8
P01946
10
128.100665
20
175.767997
30
0.0
0
VERTEX
8
P01946
10
123.613331
20
171.365326
30
0.0
0
SEQEND
0
POLYLINE
8
P01947
66
1
70
0
0
VERTEX
8
P01947
10
105.240669
20
155.786658
30
0.0
0
VERTEX
8
P01947
10
109.474003
20
160.019991
30
0.0
0
VERTEX
8
P01947
10
105.240669
20
155.786658
30
0.0
0
SEQEND
0
POLYLINE
8
P01948
66
1
70
0
0
VERTEX
8
P01948
10
102.446665
20
155.786658
30
0.0
0
VERTEX
8
P01948
10
109.474003
20
162.898659
30
0.0
0
VERTEX
8
P01948
10
102.446665
20
155.786658
30
0.0
0
SEQEND
0
POLYLINE
8
P01949
66
1
70
0
0
VERTEX
8
P01949
10
99.567997
20
155.786658
30
0.0
0
VERTEX
8
P01949
10
109.474003
20
165.692664
30
0.0
0
VERTEX
8
P01949
10
99.567997
20
155.786658
30
0.0
0
SEQEND
0
POLYLINE
8
P01950
66
1
70
0
0
VERTEX
8
P01950
10
96.774003
20
155.786658
30
0.0
0
VERTEX
8
P01950
10
109.474003
20
168.486658
30
0.0
0
VERTEX
8
P01950
10
96.774003
20
155.786658
30
0.0
0
SEQEND
0
POLYLINE
8
P01951
66
1
70
0
0
VERTEX
8
P01951
10
93.979998
20
155.786658
30
0.0
0
VERTEX
8
P01951
10
109.474003
20
171.365326
30
0.0
0
VERTEX
8
P01951
10
93.979998
20
155.786658
30
0.0
0
SEQEND
0
POLYLINE
8
P01952
66
1
70
0
0
VERTEX
8
P01952
10
91.101330
20
155.786658
30
0.0
0
VERTEX
8
P01952
10
109.474003
20
174.159331
30
0.0
0
VERTEX
8
P01952
10
91.101330
20
155.786658
30
0.0
0
SEQEND
0
POLYLINE
8
P01953
66
1
70
0
0
VERTEX
8
P01953
10
88.307331
20
155.786658
30
0.0
0
VERTEX
8
P01953
10
108.288664
20
175.767997
30
0.0
0
VERTEX
8
P01953
10
88.307331
20
155.786658
30
0.0
0
SEQEND
0
POLYLINE
8
P01954
66
1
70
0
0
VERTEX
8
P01954
10
85.428663
20
155.786658
30
0.0
0
VERTEX
8
P01954
10
105.494670
20
175.767997
30
0.0
0
VERTEX
8
P01954
10
85.428663
20
155.786658
30
0.0
0
SEQEND
0
POLYLINE
8
P01955
66
1
70
0
0
VERTEX
8
P01955
10
82.634663
20
155.786658
30
0.0
0
VERTEX
8
P01955
10
102.616002
20
175.767997
30
0.0
0
VERTEX
8
P01955
10
82.634663
20
155.786658
30
0.0
0
SEQEND
0
POLYLINE
8
P01956
66
1
70
0
0
VERTEX
8
P01956
10
79.756001
20
155.786658
30
0.0
0
VERTEX
8
P01956
10
99.821997
20
175.767997
30
0.0
0
VERTEX
8
P01956
10
79.756001
20
155.786658
30
0.0
0
SEQEND
0
POLYLINE
8
P01957
66
1
70
0
0
VERTEX
8
P01957
10
76.961996
20
155.786658
30
0.0
0
VERTEX
8
P01957
10
96.943329
20
175.767997
30
0.0
0
VERTEX
8
P01957
10
76.961996
20
155.786658
30
0.0
0
SEQEND
0
POLYLINE
8
P01958
66
1
70
0
0
VERTEX
8
P01958
10
74.167997
20
155.786658
30
0.0
0
VERTEX
8
P01958
10
94.149335
20
175.767997
30
0.0
0
VERTEX
8
P01958
10
74.167997
20
155.786658
30
0.0
0
SEQEND
0
POLYLINE
8
P01959
66
1
70
0
0
VERTEX
8
P01959
10
71.289334
20
155.786658
30
0.0
0
VERTEX
8
P01959
10
91.270667
20
175.767997
30
0.0
0
VERTEX
8
P01959
10
71.289334
20
155.786658
30
0.0
0
SEQEND
0
POLYLINE
8
P01960
66
1
70
0
0
VERTEX
8
P01960
10
68.579998
20
155.871332
30
0.0
0
VERTEX
8
P01960
10
88.476662
20
175.767997
30
0.0
0
VERTEX
8
P01960
10
68.579998
20
155.871332
30
0.0
0
SEQEND
0
POLYLINE
8
P01961
66
1
70
0
0
VERTEX
8
P01961
10
68.579998
20
158.665326
30
0.0
0
VERTEX
8
P01961
10
85.682663
20
175.767997
30
0.0
0
VERTEX
8
P01961
10
68.579998
20
158.665326
30
0.0
0
SEQEND
0
POLYLINE
8
P01962
66
1
70
0
0
VERTEX
8
P01962
10
62.822667
20
155.786658
30
0.0
0
VERTEX
8
P01962
10
64.600665
20
157.564661
30
0.0
0
VERTEX
8
P01962
10
62.822667
20
155.786658
30
0.0
0
SEQEND
0
POLYLINE
8
P01963
66
1
70
0
0
VERTEX
8
P01963
10
68.579998
20
161.543994
30
0.0
0
VERTEX
8
P01963
10
82.804000
20
175.767997
30
0.0
0
VERTEX
8
P01963
10
68.579998
20
161.543994
30
0.0
0
SEQEND
0
POLYLINE
8
P01964
66
1
70
0
0
VERTEX
8
P01964
10
68.579998
20
164.337999
30
0.0
0
VERTEX
8
P01964
10
80.009996
20
175.767997
30
0.0
0
VERTEX
8
P01964
10
68.579998
20
164.337999
30
0.0
0
SEQEND
0
POLYLINE
8
P01965
66
1
70
0
0
VERTEX
8
P01965
10
60.028668
20
155.786658
30
0.0
0
VERTEX
8
P01965
10
64.600665
20
160.358666
30
0.0
0
VERTEX
8
P01965
10
60.028668
20
155.786658
30
0.0
0
SEQEND
0
POLYLINE
8
P01966
66
1
70
0
0
VERTEX
8
P01966
10
57.150000
20
155.786658
30
0.0
0
VERTEX
8
P01966
10
64.600665
20
163.152660
30
0.0
0
VERTEX
8
P01966
10
57.150000
20
155.786658
30
0.0
0
SEQEND
0
POLYLINE
8
P01967
66
1
70
0
0
VERTEX
8
P01967
10
68.579998
20
167.216667
30
0.0
0
VERTEX
8
P01967
10
77.131333
20
175.767997
30
0.0
0
VERTEX
8
P01967
10
68.579998
20
167.216667
30
0.0
0
SEQEND
0
POLYLINE
8
P01968
66
1
70
0
0
VERTEX
8
P01968
10
68.579998
20
170.010661
30
0.0
0
VERTEX
8
P01968
10
74.337334
20
175.767997
30
0.0
0
VERTEX
8
P01968
10
68.579998
20
170.010661
30
0.0
0
SEQEND
0
POLYLINE
8
P01969
66
1
70
0
0
VERTEX
8
P01969
10
56.557331
20
157.987999
30
0.0
0
VERTEX
8
P01969
10
64.600665
20
166.031328
30
0.0
0
VERTEX
8
P01969
10
56.557331
20
157.987999
30
0.0
0
SEQEND
0
POLYLINE
8
P01970
66
1
70
0
0
VERTEX
8
P01970
10
56.557331
20
160.866667
30
0.0
0
VERTEX
8
P01970
10
64.600665
20
168.825332
30
0.0
0
VERTEX
8
P01970
10
56.557331
20
160.866667
30
0.0
0
SEQEND
0
POLYLINE
8
P01971
66
1
70
0
0
VERTEX
8
P01971
10
68.579998
20
172.804665
30
0.0
0
VERTEX
8
P01971
10
71.543334
20
175.767997
30
0.0
0
VERTEX
8
P01971
10
68.579998
20
172.804665
30
0.0
0
SEQEND
0
POLYLINE
8
P01972
66
1
70
0
0
VERTEX
8
P01972
10
68.579998
20
175.683333
30
0.0
0
VERTEX
8
P01972
10
68.664666
20
175.767997
30
0.0
0
VERTEX
8
P01972
10
68.579998
20
175.683333
30
0.0
0
SEQEND
0
POLYLINE
8
P01973
66
1
70
0
0
VERTEX
8
P01973
10
56.557331
20
163.660661
30
0.0
0
VERTEX
8
P01973
10
64.600665
20
171.704000
30
0.0
0
VERTEX
8
P01973
10
56.557331
20
163.660661
30
0.0
0
SEQEND
0
POLYLINE
8
P01974
66
1
70
0
0
VERTEX
8
P01974
10
56.557331
20
166.539329
30
0.0
0
VERTEX
8
P01974
10
64.600665
20
174.497994
30
0.0
0
VERTEX
8
P01974
10
56.557331
20
166.539329
30
0.0
0
SEQEND
0
POLYLINE
8
P01975
66
1
70
0
0
VERTEX
8
P01975
10
56.557331
20
169.333333
30
0.0
0
VERTEX
8
P01975
10
62.991999
20
175.767997
30
0.0
0
VERTEX
8
P01975
10
56.557331
20
169.333333
30
0.0
0
SEQEND
0
POLYLINE
8
P01976
66
1
70
0
0
VERTEX
8
P01976
10
56.557331
20
172.127327
30
0.0
0
VERTEX
8
P01976
10
60.198000
20
175.767997
30
0.0
0
VERTEX
8
P01976
10
56.557331
20
172.127327
30
0.0
0
SEQEND
0
POLYLINE
8
P01977
66
1
70
0
0
VERTEX
8
P01977
10
56.557331
20
175.005995
30
0.0
0
VERTEX
8
P01977
10
57.404000
20
175.767997
30
0.0
0
VERTEX
8
P01977
10
56.557331
20
175.005995
30
0.0
0
SEQEND
0
POLYLINE
8
P01978
66
1
70
0
0
VERTEX
8
P01978
10
175.937334
20
155.786658
30
0.0
0
VERTEX
8
P01978
10
176.529998
20
156.379333
30
0.0
0
VERTEX
8
P01978
10
175.937334
20
155.786658
30
0.0
0
SEQEND
0
POLYLINE
8
P01979
66
1
70
0
0
VERTEX
8
P01979
10
173.143329
20
155.786658
30
0.0
0
VERTEX
8
P01979
10
176.529998
20
159.257990
30
0.0
0
VERTEX
8
P01979
10
173.143329
20
155.786658
30
0.0
0
SEQEND
0
POLYLINE
8
P01980
66
1
70
0
0
VERTEX
8
P01980
10
170.349324
20
155.786658
30
0.0
0
VERTEX
8
P01980
10
176.529998
20
162.051995
30
0.0
0
VERTEX
8
P01980
10
170.349324
20
155.786658
30
0.0
0
SEQEND
0
POLYLINE
8
P01981
66
1
70
0
0
VERTEX
8
P01981
10
168.571332
20
156.887334
30
0.0
0
VERTEX
8
P01981
10
176.529998
20
164.846000
30
0.0
0
VERTEX
8
P01981
10
168.571332
20
156.887334
30
0.0
0
SEQEND
0
POLYLINE
8
P01982
66
1
70
0
0
VERTEX
8
P01982
10
168.571332
20
159.681328
30
0.0
0
VERTEX
8
P01982
10
176.529998
20
167.724657
30
0.0
0
VERTEX
8
P01982
10
168.571332
20
159.681328
30
0.0
0
SEQEND
0
POLYLINE
8
P01983
66
1
70
0
0
VERTEX
8
P01983
10
168.571332
20
162.559996
30
0.0
0
VERTEX
8
P01983
10
176.529998
20
170.518661
30
0.0
0
VERTEX
8
P01983
10
168.571332
20
162.559996
30
0.0
0
SEQEND
0
POLYLINE
8
P01984
66
1
70
0
0
VERTEX
8
P01984
10
161.797994
20
155.786658
30
0.0
0
VERTEX
8
P01984
10
164.591999
20
158.496000
30
0.0
0
VERTEX
8
P01984
10
161.797994
20
155.786658
30
0.0
0
SEQEND
0
POLYLINE
8
P01985
66
1
70
0
0
VERTEX
8
P01985
10
159.004000
20
155.786658
30
0.0
0
VERTEX
8
P01985
10
164.591999
20
161.374657
30
0.0
0
VERTEX
8
P01985
10
159.004000
20
155.786658
30
0.0
0
SEQEND
0
POLYLINE
8
P01986
66
1
70
0
0
VERTEX
8
P01986
10
168.571332
20
165.354000
30
0.0
0
VERTEX
8
P01986
10
176.529998
20
173.397329
30
0.0
0
VERTEX
8
P01986
10
168.571332
20
165.354000
30
0.0
0
SEQEND
0
POLYLINE
8
P01987
66
1
70
0
0
VERTEX
8
P01987
10
168.571332
20
168.232658
30
0.0
0
VERTEX
8
P01987
10
176.191334
20
175.767997
30
0.0
0
VERTEX
8
P01987
10
168.571332
20
168.232658
30
0.0
0
SEQEND
0
POLYLINE
8
P01988
66
1
70
0
0
VERTEX
8
P01988
10
156.125332
20
155.786658
30
0.0
0
VERTEX
8
P01988
10
164.591999
20
164.168661
30
0.0
0
VERTEX
8
P01988
10
156.125332
20
155.786658
30
0.0
0
SEQEND
0
POLYLINE
8
P01989
66
1
70
0
0
VERTEX
8
P01989
10
153.331328
20
155.786658
30
0.0
0
VERTEX
8
P01989
10
164.591999
20
167.047329
30
0.0
0
VERTEX
8
P01989
10
153.331328
20
155.786658
30
0.0
0
SEQEND
0
POLYLINE
8
P01990
66
1
70
0
0
VERTEX
8
P01990
10
168.571332
20
171.026662
30
0.0
0
VERTEX
8
P01990
10
173.312666
20
175.767997
30
0.0
0
VERTEX
8
P01990
10
168.571332
20
171.026662
30
0.0
0
SEQEND
0
POLYLINE
8
P01991
66
1
70
0
0
VERTEX
8
P01991
10
168.571332
20
173.820656
30
0.0
0
VERTEX
8
P01991
10
170.518661
20
175.767997
30
0.0
0
VERTEX
8
P01991
10
168.571332
20
173.820656
30
0.0
0
SEQEND
0
POLYLINE
8
P01992
66
1
70
0
0
VERTEX
8
P01992
10
150.537334
20
155.786658
30
0.0
0
VERTEX
8
P01992
10
164.591999
20
169.841323
30
0.0
0
VERTEX
8
P01992
10
150.537334
20
155.786658
30
0.0
0
SEQEND
0
POLYLINE
8
P01993
66
1
70
0
0
VERTEX
8
P01993
10
147.658666
20
155.786658
30
0.0
0
VERTEX
8
P01993
10
164.591999
20
172.635328
30
0.0
0
VERTEX
8
P01993
10
147.658666
20
155.786658
30
0.0
0
SEQEND
0
POLYLINE
8
P01994
66
1
70
0
0
VERTEX
8
P01994
10
144.864661
20
155.786658
30
0.0
0
VERTEX
8
P01994
10
164.591999
20
175.513996
30
0.0
0
VERTEX
8
P01994
10
144.864661
20
155.786658
30
0.0
0
SEQEND
0
POLYLINE
8
P01995
66
1
70
0
0
VERTEX
8
P01995
10
141.985993
20
155.786658
30
0.0
0
VERTEX
8
P01995
10
162.051995
20
175.767997
30
0.0
0
VERTEX
8
P01995
10
141.985993
20
155.786658
30
0.0
0
SEQEND
0
POLYLINE
8
P01996
66
1
70
0
0
VERTEX
8
P01996
10
139.191999
20
155.786658
30
0.0
0
VERTEX
8
P01996
10
159.173327
20
175.767997
30
0.0
0
VERTEX
8
P01996
10
139.191999
20
155.786658
30
0.0
0
SEQEND
0
POLYLINE
8
P01997
66
1
70
0
0
VERTEX
8
P01997
10
136.397994
20
155.786658
30
0.0
0
VERTEX
8
P01997
10
156.379333
20
175.767997
30
0.0
0
VERTEX
8
P01997
10
136.397994
20
155.786658
30
0.0
0
SEQEND
0
POLYLINE
8
P01998
66
1
70
0
0
VERTEX
8
P01998
10
133.519326
20
155.786658
30
0.0
0
VERTEX
8
P01998
10
153.500665
20
175.767997
30
0.0
0
VERTEX
8
P01998
10
133.519326
20
155.786658
30
0.0
0
SEQEND
0
POLYLINE
8
P01999
66
1
70
0
0
VERTEX
8
P01999
10
130.725332
20
155.786658
30
0.0
0
VERTEX
8
P01999
10
150.706660
20
175.767997
30
0.0
0
VERTEX
8
P01999
10
130.725332
20
155.786658
30
0.0
0
SEQEND
0
POLYLINE
8
P02000
66
1
70
0
0
VERTEX
8
P02000
10
127.846665
20
155.786658
30
0.0
0
VERTEX
8
P02000
10
147.912666
20
175.767997
30
0.0
0
VERTEX
8
P02000
10
127.846665
20
155.786658
30
0.0
0
SEQEND
0
POLYLINE
8
P02001
66
1
70
0
0
VERTEX
8
P02001
10
125.052660
20
155.786658
30
0.0
0
VERTEX
8
P02001
10
145.033998
20
175.767997
30
0.0
0
VERTEX
8
P02001
10
125.052660
20
155.786658
30
0.0
0
SEQEND
0
POLYLINE
8
P02002
66
1
70
0
0
VERTEX
8
P02002
10
123.613331
20
157.225997
30
0.0
0
VERTEX
8
P02002
10
142.239994
20
175.767997
30
0.0
0
VERTEX
8
P02002
10
123.613331
20
157.225997
30
0.0
0
SEQEND
0
POLYLINE
8
P02003
66
1
70
0
0
VERTEX
8
P02003
10
123.613331
20
160.019991
30
0.0
0
VERTEX
8
P02003
10
139.361326
20
175.767997
30
0.0
0
VERTEX
8
P02003
10
123.613331
20
160.019991
30
0.0
0
SEQEND
0
POLYLINE
8
P02004
66
1
70
0
0
VERTEX
8
P02004
10
123.613331
20
162.898659
30
0.0
0
VERTEX
8
P02004
10
136.567332
20
175.767997
30
0.0
0
VERTEX
8
P02004
10
123.613331
20
162.898659
30
0.0
0
SEQEND
0
POLYLINE
8
P02005
66
1
70
0
0
VERTEX
8
P02005
10
123.613331
20
165.692664
30
0.0
0
VERTEX
8
P02005
10
133.773327
20
175.767997
30
0.0
0
VERTEX
8
P02005
10
123.613331
20
165.692664
30
0.0
0
SEQEND
0
POLYLINE
8
P02006
66
1
70
0
0
VERTEX
8
P02006
10
123.613331
20
168.486658
30
0.0
0
VERTEX
8
P02006
10
130.894659
20
175.767997
30
0.0
0
VERTEX
8
P02006
10
123.613331
20
168.486658
30
0.0
0
SEQEND
0
POLYLINE
8
P02007
66
1
70
0
0
VERTEX
8
P02007
10
108.119326
20
155.786658
30
0.0
0
VERTEX
8
P02007
10
109.474003
20
157.225997
30
0.0
0
VERTEX
8
P02007
10
108.119326
20
155.786658
30
0.0
0
SEQEND
0
POLYLINE
8
P02008
66
1
70
0
0
VERTEX
8
P02008
10
123.613331
20
171.365326
30
0.0
0
VERTEX
8
P02008
10
128.100665
20
175.767997
30
0.0
0
VERTEX
8
P02008
10
123.613331
20
171.365326
30
0.0
0
SEQEND
0
POLYLINE
8
P02009
66
1
70
0
0
VERTEX
8
P02009
10
105.240669
20
155.786658
30
0.0
0
VERTEX
8
P02009
10
109.474003
20
160.019991
30
0.0
0
VERTEX
8
P02009
10
105.240669
20
155.786658
30
0.0
0
SEQEND
0
POLYLINE
8
P02010
66
1
70
0
0
VERTEX
8
P02010
10
102.446665
20
155.786658
30
0.0
0
VERTEX
8
P02010
10
109.474003
20
162.898659
30
0.0
0
VERTEX
8
P02010
10
102.446665
20
155.786658
30
0.0
0
SEQEND
0
POLYLINE
8
P02011
66
1
70
0
0
VERTEX
8
P02011
10
99.567997
20
155.786658
30
0.0
0
VERTEX
8
P02011
10
109.474003
20
165.692664
30
0.0
0
VERTEX
8
P02011
10
99.567997
20
155.786658
30
0.0
0
SEQEND
0
POLYLINE
8
P02012
66
1
70
0
0
VERTEX
8
P02012
10
96.774003
20
155.786658
30
0.0
0
VERTEX
8
P02012
10
109.474003
20
168.486658
30
0.0
0
VERTEX
8
P02012
10
96.774003
20
155.786658
30
0.0
0
SEQEND
0
POLYLINE
8
P02013
66
1
70
0
0
VERTEX
8
P02013
10
93.979998
20
155.786658
30
0.0
0
VERTEX
8
P02013
10
109.474003
20
171.365326
30
0.0
0
VERTEX
8
P02013
10
93.979998
20
155.786658
30
0.0
0
SEQEND
0
POLYLINE
8
P02014
66
1
70
0
0
VERTEX
8
P02014
10
91.101330
20
155.786658
30
0.0
0
VERTEX
8
P02014
10
109.474003
20
174.159331
30
0.0
0
VERTEX
8
P02014
10
91.101330
20
155.786658
30
0.0
0
SEQEND
0
POLYLINE
8
P02015
66
1
70
0
0
VERTEX
8
P02015
10
88.307331
20
155.786658
30
0.0
0
VERTEX
8
P02015
10
108.288664
20
175.767997
30
0.0
0
VERTEX
8
P02015
10
88.307331
20
155.786658
30
0.0
0
SEQEND
0
POLYLINE
8
P02016
66
1
70
0
0
VERTEX
8
P02016
10
85.428663
20
155.786658
30
0.0
0
VERTEX
8
P02016
10
105.494670
20
175.767997
30
0.0
0
VERTEX
8
P02016
10
85.428663
20
155.786658
30
0.0
0
SEQEND
0
POLYLINE
8
P02017
66
1
70
0
0
VERTEX
8
P02017
10
82.634663
20
155.786658
30
0.0
0
VERTEX
8
P02017
10
102.616002
20
175.767997
30
0.0
0
VERTEX
8
P02017
10
82.634663
20
155.786658
30
0.0
0
SEQEND
0
POLYLINE
8
P02018
66
1
70
0
0
VERTEX
8
P02018
10
79.756001
20
155.786658
30
0.0
0
VERTEX
8
P02018
10
99.821997
20
175.767997
30
0.0
0
VERTEX
8
P02018
10
79.756001
20
155.786658
30
0.0
0
SEQEND
0
POLYLINE
8
P02019
66
1
70
0
0
VERTEX
8
P02019
10
76.961996
20
155.786658
30
0.0
0
VERTEX
8
P02019
10
96.943329
20
175.767997
30
0.0
0
VERTEX
8
P02019
10
76.961996
20
155.786658
30
0.0
0
SEQEND
0
POLYLINE
8
P02020
66
1
70
0
0
VERTEX
8
P02020
10
74.167997
20
155.786658
30
0.0
0
VERTEX
8
P02020
10
94.149335
20
175.767997
30
0.0
0
VERTEX
8
P02020
10
74.167997
20
155.786658
30
0.0
0
SEQEND
0
POLYLINE
8
P02021
66
1
70
0
0
VERTEX
8
P02021
10
71.289334
20
155.786658
30
0.0
0
VERTEX
8
P02021
10
91.270667
20
175.767997
30
0.0
0
VERTEX
8
P02021
10
71.289334
20
155.786658
30
0.0
0
SEQEND
0
POLYLINE
8
P02022
66
1
70
0
0
VERTEX
8
P02022
10
68.579998
20
155.871332
30
0.0
0
VERTEX
8
P02022
10
88.476662
20
175.767997
30
0.0
0
VERTEX
8
P02022
10
68.579998
20
155.871332
30
0.0
0
SEQEND
0
POLYLINE
8
P02023
66
1
70
0
0
VERTEX
8
P02023
10
68.579998
20
158.665326
30
0.0
0
VERTEX
8
P02023
10
85.682663
20
175.767997
30
0.0
0
VERTEX
8
P02023
10
68.579998
20
158.665326
30
0.0
0
SEQEND
0
POLYLINE
8
P02024
66
1
70
0
0
VERTEX
8
P02024
10
62.822667
20
155.786658
30
0.0
0
VERTEX
8
P02024
10
64.600665
20
157.564661
30
0.0
0
VERTEX
8
P02024
10
62.822667
20
155.786658
30
0.0
0
SEQEND
0
POLYLINE
8
P02025
66
1
70
0
0
VERTEX
8
P02025
10
68.579998
20
161.543994
30
0.0
0
VERTEX
8
P02025
10
82.804000
20
175.767997
30
0.0
0
VERTEX
8
P02025
10
68.579998
20
161.543994
30
0.0
0
SEQEND
0
POLYLINE
8
P02026
66
1
70
0
0
VERTEX
8
P02026
10
68.579998
20
164.337999
30
0.0
0
VERTEX
8
P02026
10
80.009996
20
175.767997
30
0.0
0
VERTEX
8
P02026
10
68.579998
20
164.337999
30
0.0
0
SEQEND
0
POLYLINE
8
P02027
66
1
70
0
0
VERTEX
8
P02027
10
60.028668
20
155.786658
30
0.0
0
VERTEX
8
P02027
10
64.600665
20
160.358666
30
0.0
0
VERTEX
8
P02027
10
60.028668
20
155.786658
30
0.0
0
SEQEND
0
POLYLINE
8
P02028
66
1
70
0
0
VERTEX
8
P02028
10
57.150000
20
155.786658
30
0.0
0
VERTEX
8
P02028
10
64.600665
20
163.152660
30
0.0
0
VERTEX
8
P02028
10
57.150000
20
155.786658
30
0.0
0
SEQEND
0
POLYLINE
8
P02029
66
1
70
0
0
VERTEX
8
P02029
10
68.579998
20
167.216667
30
0.0
0
VERTEX
8
P02029
10
77.131333
20
175.767997
30
0.0
0
VERTEX
8
P02029
10
68.579998
20
167.216667
30
0.0
0
SEQEND
0
POLYLINE
8
P02030
66
1
70
0
0
VERTEX
8
P02030
10
68.579998
20
170.010661
30
0.0
0
VERTEX
8
P02030
10
74.337334
20
175.767997
30
0.0
0
VERTEX
8
P02030
10
68.579998
20
170.010661
30
0.0
0
SEQEND
0
POLYLINE
8
P02031
66
1
70
0
0
VERTEX
8
P02031
10
56.557331
20
157.987999
30
0.0
0
VERTEX
8
P02031
10
64.600665
20
166.031328
30
0.0
0
VERTEX
8
P02031
10
56.557331
20
157.987999
30
0.0
0
SEQEND
0
POLYLINE
8
P02032
66
1
70
0
0
VERTEX
8
P02032
10
56.557331
20
160.866667
30
0.0
0
VERTEX
8
P02032
10
64.600665
20
168.825332
30
0.0
0
VERTEX
8
P02032
10
56.557331
20
160.866667
30
0.0
0
SEQEND
0
POLYLINE
8
P02033
66
1
70
0
0
VERTEX
8
P02033
10
68.579998
20
172.804665
30
0.0
0
VERTEX
8
P02033
10
71.543334
20
175.767997
30
0.0
0
VERTEX
8
P02033
10
68.579998
20
172.804665
30
0.0
0
SEQEND
0
POLYLINE
8
P02034
66
1
70
0
0
VERTEX
8
P02034
10
68.579998
20
175.683333
30
0.0
0
VERTEX
8
P02034
10
68.664666
20
175.767997
30
0.0
0
VERTEX
8
P02034
10
68.579998
20
175.683333
30
0.0
0
SEQEND
0
POLYLINE
8
P02035
66
1
70
0
0
VERTEX
8
P02035
10
56.557331
20
163.660661
30
0.0
0
VERTEX
8
P02035
10
64.600665
20
171.704000
30
0.0
0
VERTEX
8
P02035
10
56.557331
20
163.660661
30
0.0
0
SEQEND
0
POLYLINE
8
P02036
66
1
70
0
0
VERTEX
8
P02036
10
56.557331
20
166.539329
30
0.0
0
VERTEX
8
P02036
10
64.600665
20
174.497994
30
0.0
0
VERTEX
8
P02036
10
56.557331
20
166.539329
30
0.0
0
SEQEND
0
POLYLINE
8
P02037
66
1
70
0
0
VERTEX
8
P02037
10
56.557331
20
169.333333
30
0.0
0
VERTEX
8
P02037
10
62.991999
20
175.767997
30
0.0
0
VERTEX
8
P02037
10
56.557331
20
169.333333
30
0.0
0
SEQEND
0
POLYLINE
8
P02038
66
1
70
0
0
VERTEX
8
P02038
10
56.557331
20
172.127327
30
0.0
0
VERTEX
8
P02038
10
60.198000
20
175.767997
30
0.0
0
VERTEX
8
P02038
10
56.557331
20
172.127327
30
0.0
0
SEQEND
0
POLYLINE
8
P02039
66
1
70
0
0
VERTEX
8
P02039
10
56.557331
20
175.005995
30
0.0
0
VERTEX
8
P02039
10
57.404000
20
175.767997
30
0.0
0
VERTEX
8
P02039
10
56.557331
20
175.005995
30
0.0
0
SEQEND
0
POLYLINE
8
P02040
66
1
70
0
0
VERTEX
8
P02040
10
116.585993
20
172.804665
30
0.0
0
VERTEX
8
P02040
10
116.585993
20
153.754665
30
0.0
0
VERTEX
8
P02040
10
116.585993
20
172.804665
30
0.0
0
SEQEND
0
POLYLINE
8
P02041
66
1
70
0
0
VERTEX
8
P02041
10
168.063331
20
155.786658
30
0.0
0
VERTEX
8
P02041
10
203.200000
20
155.786658
30
0.0
0
VERTEX
8
P02041
10
168.063331
20
155.786658
30
0.0
0
SEQEND
0
POLYLINE
8
P02042
66
1
70
0
0
VERTEX
8
P02042
10
168.063331
20
170.772662
30
0.0
0
VERTEX
8
P02042
10
203.200000
20
170.772662
30
0.0
0
VERTEX
8
P02042
10
168.063331
20
170.772662
30
0.0
0
SEQEND
0
POLYLINE
8
P02043
66
1
70
0
0
VERTEX
8
P02043
10
61.552665
20
155.786658
30
0.0
0
VERTEX
8
P02043
10
61.552665
20
126.746000
30
0.0
0
VERTEX
8
P02043
10
61.552665
20
155.786658
30
0.0
0
SEQEND
0
POLYLINE
8
P02044
66
1
70
0
0
VERTEX
8
P02044
10
171.534663
20
155.786658
30
0.0
0
VERTEX
8
P02044
10
171.534663
20
126.746000
30
0.0
0
VERTEX
8
P02044
10
171.534663
20
155.786658
30
0.0
0
SEQEND
0
POLYLINE
8
P02045
66
1
70
0
0
VERTEX
8
P02045
10
168.063331
20
163.321997
30
0.0
0
VERTEX
8
P02045
10
168.063331
20
182.287323
30
0.0
0
VERTEX
8
P02045
10
168.063331
20
163.321997
30
0.0
0
SEQEND
0
POLYLINE
8
P02046
66
1
70
0
0
VERTEX
8
P02046
10
175.090658
20
180.255330
30
0.0
0
VERTEX
8
P02046
10
180.085993
20
180.255330
30
0.0
0
VERTEX
8
P02046
10
175.090658
20
180.255330
30
0.0
0
SEQEND
0
POLYLINE
8
P02047
66
1
70
0
0
VERTEX
8
P02047
10
175.090658
20
163.321997
30
0.0
0
VERTEX
8
P02047
10
175.090658
20
182.287323
30
0.0
0
VERTEX
8
P02047
10
175.090658
20
163.321997
30
0.0
0
SEQEND
0
POLYLINE
8
P02048
66
1
70
0
0
VERTEX
8
P02048
10
180.001330
20
180.255330
30
0.0
0
VERTEX
8
P02048
10
192.193329
20
180.255330
30
0.0
0
VERTEX
8
P02048
10
180.001330
20
180.255330
30
0.0
0
SEQEND
0
POLYLINE
8
P02049
66
1
70
0
0
VERTEX
8
P02049
10
46.566667
20
163.321997
30
0.0
0
VERTEX
8
P02049
10
46.566667
20
126.746000
30
0.0
0
VERTEX
8
P02049
10
46.566667
20
163.321997
30
0.0
0
SEQEND
0
POLYLINE
8
P02050
66
1
70
0
0
VERTEX
8
P02050
10
46.566667
20
128.693329
30
0.0
0
VERTEX
8
P02050
10
41.655998
20
128.693329
30
0.0
0
VERTEX
8
P02050
10
46.566667
20
128.693329
30
0.0
0
SEQEND
0
POLYLINE
8
P02051
66
1
70
0
0
VERTEX
8
P02051
10
58.081333
20
163.321997
30
0.0
0
VERTEX
8
P02051
10
58.081333
20
126.746000
30
0.0
0
VERTEX
8
P02051
10
58.081333
20
163.321997
30
0.0
0
SEQEND
0
POLYLINE
8
P02052
66
1
70
0
0
VERTEX
8
P02052
10
41.655998
20
128.693329
30
0.0
0
VERTEX
8
P02052
10
24.553333
20
128.693329
30
0.0
0
VERTEX
8
P02052
10
41.655998
20
128.693329
30
0.0
0
SEQEND
0
POLYLINE
8
P02053
66
1
70
0
0
VERTEX
8
P02053
10
109.474003
20
155.786658
30
0.0
0
VERTEX
8
P02053
10
109.474003
20
141.816667
30
0.0
0
VERTEX
8
P02053
10
109.474003
20
155.786658
30
0.0
0
SEQEND
0
POLYLINE
8
P02054
66
1
70
0
0
VERTEX
8
P02054
10
109.474003
20
143.848659
30
0.0
0
VERTEX
8
P02054
10
104.563331
20
143.848659
30
0.0
0
VERTEX
8
P02054
10
109.474003
20
143.848659
30
0.0
0
SEQEND
0
POLYLINE
8
P02055
66
1
70
0
0
VERTEX
8
P02055
10
123.613331
20
155.786658
30
0.0
0
VERTEX
8
P02055
10
123.613331
20
141.816667
30
0.0
0
VERTEX
8
P02055
10
123.613331
20
155.786658
30
0.0
0
SEQEND
0
POLYLINE
8
P02056
66
1
70
0
0
VERTEX
8
P02056
10
104.563331
20
143.848659
30
0.0
0
VERTEX
8
P02056
10
84.158666
20
143.848659
30
0.0
0
VERTEX
8
P02056
10
104.563331
20
143.848659
30
0.0
0
SEQEND
0
POLYLINE
8
P02057
66
1
70
0
0
VERTEX
8
P02057
10
199.982668
20
161.289994
30
0.0
0
VERTEX
8
P02057
10
202.437988
20
161.289994
30
0.0
0
SEQEND
0
POLYLINE
8
P02058
66
1
70
0
0
VERTEX
8
P02058
10
200.067332
20
161.205330
30
0.0
0
VERTEX
8
P02058
10
202.437988
20
161.205330
30
0.0
0
SEQEND
0
POLYLINE
8
P02059
66
1
70
0
0
VERTEX
8
P02059
10
200.067332
20
161.120667
30
0.0
0
VERTEX
8
P02059
10
202.437988
20
161.120667
30
0.0
0
SEQEND
0
POLYLINE
8
P02060
66
1
70
0
0
VERTEX
8
P02060
10
200.067332
20
161.035993
30
0.0
0
VERTEX
8
P02060
10
202.437988
20
161.035993
30
0.0
0
SEQEND
0
POLYLINE
8
P02061
66
1
70
0
0
VERTEX
8
P02061
10
200.067332
20
160.951330
30
0.0
0
VERTEX
8
P02061
10
202.437988
20
160.951330
30
0.0
0
SEQEND
0
POLYLINE
8
P02062
66
1
70
0
0
VERTEX
8
P02062
10
200.067332
20
160.866667
30
0.0
0
VERTEX
8
P02062
10
202.437988
20
160.866667
30
0.0
0
SEQEND
0
POLYLINE
8
P02063
66
1
70
0
0
VERTEX
8
P02063
10
200.067332
20
160.781993
30
0.0
0
VERTEX
8
P02063
10
202.437988
20
160.781993
30
0.0
0
SEQEND
0
POLYLINE
8
P02064
66
1
70
0
0
VERTEX
8
P02064
10
200.067332
20
160.697329
30
0.0
0
VERTEX
8
P02064
10
202.437988
20
160.697329
30
0.0
0
SEQEND
0
POLYLINE
8
P02065
66
1
70
0
0
VERTEX
8
P02065
10
200.067332
20
160.612666
30
0.0
0
VERTEX
8
P02065
10
202.353325
20
160.612666
30
0.0
0
SEQEND
0
POLYLINE
8
P02066
66
1
70
0
0
VERTEX
8
P02066
10
200.151995
20
160.527992
30
0.0
0
VERTEX
8
P02066
10
202.353325
20
160.527992
30
0.0
0
SEQEND
0
POLYLINE
8
P02067
66
1
70
0
0
VERTEX
8
P02067
10
200.151995
20
160.443329
30
0.0
0
VERTEX
8
P02067
10
202.353325
20
160.443329
30
0.0
0
SEQEND
0
POLYLINE
8
P02068
66
1
70
0
0
VERTEX
8
P02068
10
200.151995
20
160.358666
30
0.0
0
VERTEX
8
P02068
10
202.353325
20
160.358666
30
0.0
0
SEQEND
0
POLYLINE
8
P02069
66
1
70
0
0
VERTEX
8
P02069
10
200.151995
20
160.273992
30
0.0
0
VERTEX
8
P02069
10
202.353325
20
160.273992
30
0.0
0
SEQEND
0
POLYLINE
8
P02070
66
1
70
0
0
VERTEX
8
P02070
10
200.151995
20
160.189329
30
0.0
0
VERTEX
8
P02070
10
202.353325
20
160.189329
30
0.0
0
SEQEND
0
POLYLINE
8
P02071
66
1
70
0
0
VERTEX
8
P02071
10
200.151995
20
160.104665
30
0.0
0
VERTEX
8
P02071
10
202.353325
20
160.104665
30
0.0
0
SEQEND
0
POLYLINE
8
P02072
66
1
70
0
0
VERTEX
8
P02072
10
200.151995
20
160.019991
30
0.0
0
VERTEX
8
P02072
10
202.268661
20
160.019991
30
0.0
0
SEQEND
0
POLYLINE
8
P02073
66
1
70
0
0
VERTEX
8
P02073
10
200.151995
20
159.935328
30
0.0
0
VERTEX
8
P02073
10
202.268661
20
159.935328
30
0.0
0
SEQEND
0
POLYLINE
8
P02074
66
1
70
0
0
VERTEX
8
P02074
10
200.151995
20
159.850665
30
0.0
0
VERTEX
8
P02074
10
202.268661
20
159.850665
30
0.0
0
SEQEND
0
POLYLINE
8
P02075
66
1
70
0
0
VERTEX
8
P02075
10
200.236658
20
159.765991
30
0.0
0
VERTEX
8
P02075
10
202.268661
20
159.765991
30
0.0
0
SEQEND
0
POLYLINE
8
P02076
66
1
70
0
0
VERTEX
8
P02076
10
200.236658
20
159.681328
30
0.0
0
VERTEX
8
P02076
10
202.268661
20
159.681328
30
0.0
0
SEQEND
0
POLYLINE
8
P02077
66
1
70
0
0
VERTEX
8
P02077
10
200.236658
20
159.596665
30
0.0
0
VERTEX
8
P02077
10
202.268661
20
159.596665
30
0.0
0
SEQEND
0
POLYLINE
8
P02078
66
1
70
0
0
VERTEX
8
P02078
10
200.236658
20
159.511991
30
0.0
0
VERTEX
8
P02078
10
202.268661
20
159.511991
30
0.0
0
SEQEND
0
POLYLINE
8
P02079
66
1
70
0
0
VERTEX
8
P02079
10
200.236658
20
159.427327
30
0.0
0
VERTEX
8
P02079
10
202.183998
20
159.427327
30
0.0
0
SEQEND
0
POLYLINE
8
P02080
66
1
70
0
0
VERTEX
8
P02080
10
200.236658
20
159.342664
30
0.0
0
VERTEX
8
P02080
10
202.183998
20
159.342664
30
0.0
0
SEQEND
0
POLYLINE
8
P02081
66
1
70
0
0
VERTEX
8
P02081
10
200.236658
20
159.257990
30
0.0
0
VERTEX
8
P02081
10
202.183998
20
159.257990
30
0.0
0
SEQEND
0
POLYLINE
8
P02082
66
1
70
0
0
VERTEX
8
P02082
10
200.236658
20
159.173327
30
0.0
0
VERTEX
8
P02082
10
202.183998
20
159.173327
30
0.0
0
SEQEND
0
POLYLINE
8
P02083
66
1
70
0
0
VERTEX
8
P02083
10
200.236658
20
159.088664
30
0.0
0
VERTEX
8
P02083
10
202.183998
20
159.088664
30
0.0
0
SEQEND
0
POLYLINE
8
P02084
66
1
70
0
0
VERTEX
8
P02084
10
200.321321
20
159.004000
30
0.0
0
VERTEX
8
P02084
10
202.183998
20
159.004000
30
0.0
0
SEQEND
0
POLYLINE
8
P02085
66
1
70
0
0
VERTEX
8
P02085
10
200.321321
20
158.919326
30
0.0
0
VERTEX
8
P02085
10
202.183998
20
158.919326
30
0.0
0
SEQEND
0
POLYLINE
8
P02086
66
1
70
0
0
VERTEX
8
P02086
10
200.321321
20
158.834663
30
0.0
0
VERTEX
8
P02086
10
202.183998
20
158.834663
30
0.0
0
SEQEND
0
POLYLINE
8
P02087
66
1
70
0
0
VERTEX
8
P02087
10
200.321321
20
158.750000
30
0.0
0
VERTEX
8
P02087
10
202.099335
20
158.750000
30
0.0
0
SEQEND
0
POLYLINE
8
P02088
66
1
70
0
0
VERTEX
8
P02088
10
200.321321
20
158.665326
30
0.0
0
VERTEX
8
P02088
10
202.099335
20
158.665326
30
0.0
0
SEQEND
0
POLYLINE
8
P02089
66
1
70
0
0
VERTEX
8
P02089
10
200.321321
20
158.580663
30
0.0
0
VERTEX
8
P02089
10
202.099335
20
158.580663
30
0.0
0
SEQEND
0
POLYLINE
8
P02090
66
1
70
0
0
VERTEX
8
P02090
10
200.321321
20
158.496000
30
0.0
0
VERTEX
8
P02090
10
202.099335
20
158.496000
30
0.0
0
SEQEND
0
POLYLINE
8
P02091
66
1
70
0
0
VERTEX
8
P02091
10
200.321321
20
158.411326
30
0.0
0
VERTEX
8
P02091
10
202.099335
20
158.411326
30
0.0
0
SEQEND
0
POLYLINE
8
P02092
66
1
70
0
0
VERTEX
8
P02092
10
200.321321
20
158.326662
30
0.0
0
VERTEX
8
P02092
10
202.099335
20
158.326662
30
0.0
0
SEQEND
0
POLYLINE
8
P02093
66
1
70
0
0
VERTEX
8
P02093
10
200.406006
20
158.241999
30
0.0
0
VERTEX
8
P02093
10
202.099335
20
158.241999
30
0.0
0
SEQEND
0
POLYLINE
8
P02094
66
1
70
0
0
VERTEX
8
P02094
10
200.406006
20
158.157325
30
0.0
0
VERTEX
8
P02094
10
202.014672
20
158.157325
30
0.0
0
SEQEND
0
POLYLINE
8
P02095
66
1
70
0
0
VERTEX
8
P02095
10
200.406006
20
158.072662
30
0.0
0
VERTEX
8
P02095
10
202.014672
20
158.072662
30
0.0
0
SEQEND
0
POLYLINE
8
P02096
66
1
70
0
0
VERTEX
8
P02096
10
200.406006
20
157.987999
30
0.0
0
VERTEX
8
P02096
10
202.014672
20
157.987999
30
0.0
0
SEQEND
0
POLYLINE
8
P02097
66
1
70
0
0
VERTEX
8
P02097
10
200.406006
20
157.903325
30
0.0
0
VERTEX
8
P02097
10
202.014672
20
157.903325
30
0.0
0
SEQEND
0
POLYLINE
8
P02098
66
1
70
0
0
VERTEX
8
P02098
10
200.406006
20
157.818661
30
0.0
0
VERTEX
8
P02098
10
202.014672
20
157.818661
30
0.0
0
SEQEND
0
POLYLINE
8
P02099
66
1
70
0
0
VERTEX
8
P02099
10
200.406006
20
157.733998
30
0.0
0
VERTEX
8
P02099
10
202.014672
20
157.733998
30
0.0
0
SEQEND
0
POLYLINE
8
P02100
66
1
70
0
0
VERTEX
8
P02100
10
200.406006
20
157.649324
30
0.0
0
VERTEX
8
P02100
10
202.014672
20
157.649324
30
0.0
0
SEQEND
0
POLYLINE
8
P02101
66
1
70
0
0
VERTEX
8
P02101
10
200.406006
20
157.564661
30
0.0
0
VERTEX
8
P02101
10
201.929987
20
157.564661
30
0.0
0
SEQEND
0
POLYLINE
8
P02102
66
1
70
0
0
VERTEX
8
P02102
10
200.490669
20
157.479998
30
0.0
0
VERTEX
8
P02102
10
201.929987
20
157.479998
30
0.0
0
SEQEND
0
POLYLINE
8
P02103
66
1
70
0
0
VERTEX
8
P02103
10
200.490669
20
157.395324
30
0.0
0
VERTEX
8
P02103
10
201.929987
20
157.395324
30
0.0
0
SEQEND
0
POLYLINE
8
P02104
66
1
70
0
0
VERTEX
8
P02104
10
200.575332
20
157.310661
30
0.0
0
VERTEX
8
P02104
10
201.845324
20
157.310661
30
0.0
0
SEQEND
0
POLYLINE
8
P02105
66
1
70
0
0
VERTEX
8
P02105
10
200.575332
20
157.225997
30
0.0
0
VERTEX
8
P02105
10
201.845324
20
157.225997
30
0.0
0
SEQEND
0
POLYLINE
8
P02106
66
1
70
0
0
VERTEX
8
P02106
10
200.659996
20
157.141323
30
0.0
0
VERTEX
8
P02106
10
201.760661
20
157.141323
30
0.0
0
SEQEND
0
POLYLINE
8
P02107
66
1
70
0
0
VERTEX
8
P02107
10
200.659996
20
157.056660
30
0.0
0
VERTEX
8
P02107
10
201.760661
20
157.056660
30
0.0
0
SEQEND
0
POLYLINE
8
P02108
66
1
70
0
0
VERTEX
8
P02108
10
200.659996
20
156.971997
30
0.0
0
VERTEX
8
P02108
10
201.675997
20
156.971997
30
0.0
0
SEQEND
0
POLYLINE
8
P02109
66
1
70
0
0
VERTEX
8
P02109
10
200.744659
20
156.887334
30
0.0
0
VERTEX
8
P02109
10
201.675997
20
156.887334
30
0.0
0
SEQEND
0
POLYLINE
8
P02110
66
1
70
0
0
VERTEX
8
P02110
10
200.744659
20
156.802660
30
0.0
0
VERTEX
8
P02110
10
201.675997
20
156.802660
30
0.0
0
SEQEND
0
POLYLINE
8
P02111
66
1
70
0
0
VERTEX
8
P02111
10
200.829322
20
156.717997
30
0.0
0
VERTEX
8
P02111
10
201.591334
20
156.717997
30
0.0
0
SEQEND
0
POLYLINE
8
P02112
66
1
70
0
0
VERTEX
8
P02112
10
200.829322
20
156.633333
30
0.0
0
VERTEX
8
P02112
10
201.591334
20
156.633333
30
0.0
0
SEQEND
0
POLYLINE
8
P02113
66
1
70
0
0
VERTEX
8
P02113
10
200.913985
20
156.548659
30
0.0
0
VERTEX
8
P02113
10
201.506671
20
156.548659
30
0.0
0
SEQEND
0
POLYLINE
8
P02114
66
1
70
0
0
VERTEX
8
P02114
10
200.913985
20
156.463996
30
0.0
0
VERTEX
8
P02114
10
201.506671
20
156.463996
30
0.0
0
SEQEND
0
POLYLINE
8
P02115
66
1
70
0
0
VERTEX
8
P02115
10
200.913985
20
156.379333
30
0.0
0
VERTEX
8
P02115
10
201.421986
20
156.379333
30
0.0
0
SEQEND
0
POLYLINE
8
P02116
66
1
70
0
0
VERTEX
8
P02116
10
200.998670
20
156.294659
30
0.0
0
VERTEX
8
P02116
10
201.421986
20
156.294659
30
0.0
0
SEQEND
0
POLYLINE
8
P02117
66
1
70
0
0
VERTEX
8
P02117
10
200.998670
20
156.209996
30
0.0
0
VERTEX
8
P02117
10
201.421986
20
156.209996
30
0.0
0
SEQEND
0
POLYLINE
8
P02118
66
1
70
0
0
VERTEX
8
P02118
10
201.083333
20
156.125332
30
0.0
0
VERTEX
8
P02118
10
201.337323
20
156.125332
30
0.0
0
SEQEND
0
POLYLINE
8
P02119
66
1
70
0
0
VERTEX
8
P02119
10
201.083333
20
156.040658
30
0.0
0
VERTEX
8
P02119
10
201.337323
20
156.040658
30
0.0
0
SEQEND
0
POLYLINE
8
P02120
66
1
70
0
0
VERTEX
8
P02120
10
201.167997
20
155.955995
30
0.0
0
VERTEX
8
P02120
10
201.252660
20
155.955995
30
0.0
0
SEQEND
0
POLYLINE
8
P02121
66
1
70
0
0
VERTEX
8
P02121
10
201.167997
20
155.871332
30
0.0
0
VERTEX
8
P02121
10
201.252660
20
155.871332
30
0.0
0
VERTEX
8
P02121
10
201.167997
20
155.871332
30
0.0
0
SEQEND
0
POLYLINE
8
P02122
66
1
70
0
0
VERTEX
8
P02122
10
201.167997
20
155.786658
30
0.0
0
VERTEX
8
P02122
10
200.490669
20
160.781993
30
0.0
0
VERTEX
8
P02122
10
201.167997
20
155.786658
30
0.0
0
SEQEND
0
POLYLINE
8
P02123
66
1
70
0
0
VERTEX
8
P02123
10
201.167997
20
160.273992
30
0.0
0
VERTEX
8
P02123
10
201.845324
20
160.781993
30
0.0
0
VERTEX
8
P02123
10
201.167997
20
160.273992
30
0.0
0
SEQEND
0
POLYLINE
8
P02124
66
1
70
0
0
VERTEX
8
P02124
10
201.845324
20
160.781993
30
0.0
0
VERTEX
8
P02124
10
201.167997
20
155.786658
30
0.0
0
VERTEX
8
P02124
10
201.845324
20
160.781993
30
0.0
0
SEQEND
0
POLYLINE
8
P02125
66
1
70
0
0
VERTEX
8
P02125
10
200.829322
20
158.326662
30
0.0
0
VERTEX
8
P02125
10
201.167997
20
158.326662
30
0.0
0
SEQEND
0
POLYLINE
8
P02126
66
1
70
0
0
VERTEX
8
P02126
10
200.913985
20
158.241999
30
0.0
0
VERTEX
8
P02126
10
201.167997
20
158.241999
30
0.0
0
SEQEND
0
POLYLINE
8
P02127
66
1
70
0
0
VERTEX
8
P02127
10
200.913985
20
158.157325
30
0.0
0
VERTEX
8
P02127
10
201.167997
20
158.157325
30
0.0
0
SEQEND
0
POLYLINE
8
P02128
66
1
70
0
0
VERTEX
8
P02128
10
200.913985
20
158.072662
30
0.0
0
VERTEX
8
P02128
10
201.167997
20
158.072662
30
0.0
0
SEQEND
0
POLYLINE
8
P02129
66
1
70
0
0
VERTEX
8
P02129
10
200.913985
20
157.987999
30
0.0
0
VERTEX
8
P02129
10
201.167997
20
157.987999
30
0.0
0
SEQEND
0
POLYLINE
8
P02130
66
1
70
0
0
VERTEX
8
P02130
10
200.913985
20
157.903325
30
0.0
0
VERTEX
8
P02130
10
201.167997
20
157.903325
30
0.0
0
SEQEND
0
POLYLINE
8
P02131
66
1
70
0
0
VERTEX
8
P02131
10
200.913985
20
157.818661
30
0.0
0
VERTEX
8
P02131
10
201.167997
20
157.818661
30
0.0
0
SEQEND
0
POLYLINE
8
P02132
66
1
70
0
0
VERTEX
8
P02132
10
200.913985
20
157.733998
30
0.0
0
VERTEX
8
P02132
10
201.167997
20
157.733998
30
0.0
0
SEQEND
0
POLYLINE
8
P02133
66
1
70
0
0
VERTEX
8
P02133
10
200.998670
20
157.649324
30
0.0
0
VERTEX
8
P02133
10
201.167997
20
157.649324
30
0.0
0
SEQEND
0
POLYLINE
8
P02134
66
1
70
0
0
VERTEX
8
P02134
10
200.998670
20
157.564661
30
0.0
0
VERTEX
8
P02134
10
201.167997
20
157.564661
30
0.0
0
SEQEND
0
POLYLINE
8
P02135
66
1
70
0
0
VERTEX
8
P02135
10
200.998670
20
157.479998
30
0.0
0
VERTEX
8
P02135
10
201.167997
20
157.479998
30
0.0
0
SEQEND
0
POLYLINE
8
P02136
66
1
70
0
0
VERTEX
8
P02136
10
200.998670
20
157.395324
30
0.0
0
VERTEX
8
P02136
10
201.167997
20
157.395324
30
0.0
0
SEQEND
0
POLYLINE
8
P02137
66
1
70
0
0
VERTEX
8
P02137
10
200.998670
20
157.310661
30
0.0
0
VERTEX
8
P02137
10
201.167997
20
157.310661
30
0.0
0
SEQEND
0
POLYLINE
8
P02138
66
1
70
0
0
VERTEX
8
P02138
10
200.998670
20
157.225997
30
0.0
0
VERTEX
8
P02138
10
201.167997
20
157.225997
30
0.0
0
SEQEND
0
POLYLINE
8
P02139
66
1
70
0
0
VERTEX
8
P02139
10
200.998670
20
157.141323
30
0.0
0
VERTEX
8
P02139
10
201.167997
20
157.141323
30
0.0
0
SEQEND
0
POLYLINE
8
P02140
66
1
70
0
0
VERTEX
8
P02140
10
200.998670
20
157.056660
30
0.0
0
VERTEX
8
P02140
10
201.167997
20
157.056660
30
0.0
0
SEQEND
0
POLYLINE
8
P02141
66
1
70
0
0
VERTEX
8
P02141
10
201.083333
20
156.971997
30
0.0
0
VERTEX
8
P02141
10
201.167997
20
156.971997
30
0.0
0
SEQEND
0
POLYLINE
8
P02142
66
1
70
0
0
VERTEX
8
P02142
10
201.083333
20
156.887334
30
0.0
0
VERTEX
8
P02142
10
201.167997
20
156.887334
30
0.0
0
SEQEND
0
POLYLINE
8
P02143
66
1
70
0
0
VERTEX
8
P02143
10
201.083333
20
156.802660
30
0.0
0
VERTEX
8
P02143
10
201.167997
20
156.802660
30
0.0
0
SEQEND
0
POLYLINE
8
P02144
66
1
70
0
0
VERTEX
8
P02144
10
201.083333
20
156.717997
30
0.0
0
VERTEX
8
P02144
10
201.167997
20
156.717997
30
0.0
0
SEQEND
0
POLYLINE
8
P02145
66
1
70
0
0
VERTEX
8
P02145
10
201.083333
20
156.633333
30
0.0
0
VERTEX
8
P02145
10
201.167997
20
156.633333
30
0.0
0
SEQEND
0
POLYLINE
8
P02146
66
1
70
0
0
VERTEX
8
P02146
10
201.083333
20
156.548659
30
0.0
0
VERTEX
8
P02146
10
201.167997
20
156.548659
30
0.0
0
SEQEND
0
POLYLINE
8
P02147
66
1
70
0
0
VERTEX
8
P02147
10
201.083333
20
156.463996
30
0.0
0
VERTEX
8
P02147
10
201.167997
20
156.463996
30
0.0
0
VERTEX
8
P02147
10
201.083333
20
156.463996
30
0.0
0
SEQEND
0
POLYLINE
8
P02148
66
1
70
0
0
VERTEX
8
P02148
10
201.760661
20
160.697329
30
0.0
0
VERTEX
8
P02148
10
201.845324
20
160.697329
30
0.0
0
SEQEND
0
POLYLINE
8
P02149
66
1
70
0
0
VERTEX
8
P02149
10
201.675997
20
160.612666
30
0.0
0
VERTEX
8
P02149
10
201.845324
20
160.612666
30
0.0
0
SEQEND
0
POLYLINE
8
P02150
66
1
70
0
0
VERTEX
8
P02150
10
201.506671
20
160.527992
30
0.0
0
VERTEX
8
P02150
10
201.845324
20
160.527992
30
0.0
0
SEQEND
0
POLYLINE
8
P02151
66
1
70
0
0
VERTEX
8
P02151
10
201.421986
20
160.443329
30
0.0
0
VERTEX
8
P02151
10
201.845324
20
160.443329
30
0.0
0
SEQEND
0
POLYLINE
8
P02152
66
1
70
0
0
VERTEX
8
P02152
10
201.337323
20
160.358666
30
0.0
0
VERTEX
8
P02152
10
201.845324
20
160.358666
30
0.0
0
SEQEND
0
POLYLINE
8
P02153
66
1
70
0
0
VERTEX
8
P02153
10
201.167997
20
160.273992
30
0.0
0
VERTEX
8
P02153
10
201.845324
20
160.273992
30
0.0
0
SEQEND
0
POLYLINE
8
P02154
66
1
70
0
0
VERTEX
8
P02154
10
201.167997
20
160.189329
30
0.0
0
VERTEX
8
P02154
10
201.845324
20
160.189329
30
0.0
0
SEQEND
0
POLYLINE
8
P02155
66
1
70
0
0
VERTEX
8
P02155
10
201.167997
20
160.104665
30
0.0
0
VERTEX
8
P02155
10
201.760661
20
160.104665
30
0.0
0
SEQEND
0
POLYLINE
8
P02156
66
1
70
0
0
VERTEX
8
P02156
10
201.167997
20
160.019991
30
0.0
0
VERTEX
8
P02156
10
201.760661
20
160.019991
30
0.0
0
SEQEND
0
POLYLINE
8
P02157
66
1
70
0
0
VERTEX
8
P02157
10
201.167997
20
159.935328
30
0.0
0
VERTEX
8
P02157
10
201.760661
20
159.935328
30
0.0
0
SEQEND
0
POLYLINE
8
P02158
66
1
70
0
0
VERTEX
8
P02158
10
201.167997
20
159.850665
30
0.0
0
VERTEX
8
P02158
10
201.760661
20
159.850665
30
0.0
0
SEQEND
0
POLYLINE
8
P02159
66
1
70
0
0
VERTEX
8
P02159
10
201.167997
20
159.765991
30
0.0
0
VERTEX
8
P02159
10
201.760661
20
159.765991
30
0.0
0
SEQEND
0
POLYLINE
8
P02160
66
1
70
0
0
VERTEX
8
P02160
10
201.167997
20
159.681328
30
0.0
0
VERTEX
8
P02160
10
201.760661
20
159.681328
30
0.0
0
SEQEND
0
POLYLINE
8
P02161
66
1
70
0
0
VERTEX
8
P02161
10
201.167997
20
159.596665
30
0.0
0
VERTEX
8
P02161
10
201.760661
20
159.596665
30
0.0
0
SEQEND
0
POLYLINE
8
P02162
66
1
70
0
0
VERTEX
8
P02162
10
201.167997
20
159.511991
30
0.0
0
VERTEX
8
P02162
10
201.675997
20
159.511991
30
0.0
0
SEQEND
0
POLYLINE
8
P02163
66
1
70
0
0
VERTEX
8
P02163
10
201.167997
20
159.427327
30
0.0
0
VERTEX
8
P02163
10
201.675997
20
159.427327
30
0.0
0
SEQEND
0
POLYLINE
8
P02164
66
1
70
0
0
VERTEX
8
P02164
10
201.167997
20
159.342664
30
0.0
0
VERTEX
8
P02164
10
201.675997
20
159.342664
30
0.0
0
SEQEND
0
POLYLINE
8
P02165
66
1
70
0
0
VERTEX
8
P02165
10
201.167997
20
159.257990
30
0.0
0
VERTEX
8
P02165
10
201.675997
20
159.257990
30
0.0
0
SEQEND
0
POLYLINE
8
P02166
66
1
70
0
0
VERTEX
8
P02166
10
201.167997
20
159.173327
30
0.0
0
VERTEX
8
P02166
10
201.675997
20
159.173327
30
0.0
0
SEQEND
0
POLYLINE
8
P02167
66
1
70
0
0
VERTEX
8
P02167
10
201.167997
20
159.088664
30
0.0
0
VERTEX
8
P02167
10
201.675997
20
159.088664
30
0.0
0
SEQEND
0
POLYLINE
8
P02168
66
1
70
0
0
VERTEX
8
P02168
10
201.167997
20
159.004000
30
0.0
0
VERTEX
8
P02168
10
201.675997
20
159.004000
30
0.0
0
SEQEND
0
POLYLINE
8
P02169
66
1
70
0
0
VERTEX
8
P02169
10
201.167997
20
158.919326
30
0.0
0
VERTEX
8
P02169
10
201.675997
20
158.919326
30
0.0
0
SEQEND
0
POLYLINE
8
P02170
66
1
70
0
0
VERTEX
8
P02170
10
201.167997
20
158.834663
30
0.0
0
VERTEX
8
P02170
10
201.591334
20
158.834663
30
0.0
0
SEQEND
0
POLYLINE
8
P02171
66
1
70
0
0
VERTEX
8
P02171
10
201.167997
20
158.750000
30
0.0
0
VERTEX
8
P02171
10
201.591334
20
158.750000
30
0.0
0
SEQEND
0
POLYLINE
8
P02172
66
1
70
0
0
VERTEX
8
P02172
10
201.167997
20
158.665326
30
0.0
0
VERTEX
8
P02172
10
201.591334
20
158.665326
30
0.0
0
SEQEND
0
POLYLINE
8
P02173
66
1
70
0
0
VERTEX
8
P02173
10
201.167997
20
158.580663
30
0.0
0
VERTEX
8
P02173
10
201.591334
20
158.580663
30
0.0
0
SEQEND
0
POLYLINE
8
P02174
66
1
70
0
0
VERTEX
8
P02174
10
201.167997
20
158.496000
30
0.0
0
VERTEX
8
P02174
10
201.591334
20
158.496000
30
0.0
0
SEQEND
0
POLYLINE
8
P02175
66
1
70
0
0
VERTEX
8
P02175
10
201.167997
20
158.411326
30
0.0
0
VERTEX
8
P02175
10
201.591334
20
158.411326
30
0.0
0
SEQEND
0
POLYLINE
8
P02176
66
1
70
0
0
VERTEX
8
P02176
10
201.167997
20
158.326662
30
0.0
0
VERTEX
8
P02176
10
201.591334
20
158.326662
30
0.0
0
SEQEND
0
POLYLINE
8
P02177
66
1
70
0
0
VERTEX
8
P02177
10
201.167997
20
158.241999
30
0.0
0
VERTEX
8
P02177
10
201.506671
20
158.241999
30
0.0
0
SEQEND
0
POLYLINE
8
P02178
66
1
70
0
0
VERTEX
8
P02178
10
201.167997
20
158.157325
30
0.0
0
VERTEX
8
P02178
10
201.506671
20
158.157325
30
0.0
0
SEQEND
0
POLYLINE
8
P02179
66
1
70
0
0
VERTEX
8
P02179
10
201.167997
20
158.072662
30
0.0
0
VERTEX
8
P02179
10
201.506671
20
158.072662
30
0.0
0
SEQEND
0
POLYLINE
8
P02180
66
1
70
0
0
VERTEX
8
P02180
10
201.167997
20
157.987999
30
0.0
0
VERTEX
8
P02180
10
201.506671
20
157.987999
30
0.0
0
SEQEND
0
POLYLINE
8
P02181
66
1
70
0
0
VERTEX
8
P02181
10
201.167997
20
157.903325
30
0.0
0
VERTEX
8
P02181
10
201.506671
20
157.903325
30
0.0
0
SEQEND
0
POLYLINE
8
P02182
66
1
70
0
0
VERTEX
8
P02182
10
201.167997
20
157.818661
30
0.0
0
VERTEX
8
P02182
10
201.506671
20
157.818661
30
0.0
0
SEQEND
0
POLYLINE
8
P02183
66
1
70
0
0
VERTEX
8
P02183
10
201.167997
20
157.733998
30
0.0
0
VERTEX
8
P02183
10
201.506671
20
157.733998
30
0.0
0
SEQEND
0
POLYLINE
8
P02184
66
1
70
0
0
VERTEX
8
P02184
10
201.167997
20
157.649324
30
0.0
0
VERTEX
8
P02184
10
201.421986
20
157.649324
30
0.0
0
SEQEND
0
POLYLINE
8
P02185
66
1
70
0
0
VERTEX
8
P02185
10
201.167997
20
157.564661
30
0.0
0
VERTEX
8
P02185
10
201.421986
20
157.564661
30
0.0
0
SEQEND
0
POLYLINE
8
P02186
66
1
70
0
0
VERTEX
8
P02186
10
201.167997
20
157.479998
30
0.0
0
VERTEX
8
P02186
10
201.421986
20
157.479998
30
0.0
0
SEQEND
0
POLYLINE
8
P02187
66
1
70
0
0
VERTEX
8
P02187
10
201.167997
20
157.395324
30
0.0
0
VERTEX
8
P02187
10
201.421986
20
157.395324
30
0.0
0
SEQEND
0
POLYLINE
8
P02188
66
1
70
0
0
VERTEX
8
P02188
10
201.167997
20
157.310661
30
0.0
0
VERTEX
8
P02188
10
201.421986
20
157.310661
30
0.0
0
SEQEND
0
POLYLINE
8
P02189
66
1
70
0
0
VERTEX
8
P02189
10
201.167997
20
157.225997
30
0.0
0
VERTEX
8
P02189
10
201.421986
20
157.225997
30
0.0
0
SEQEND
0
POLYLINE
8
P02190
66
1
70
0
0
VERTEX
8
P02190
10
201.167997
20
157.141323
30
0.0
0
VERTEX
8
P02190
10
201.421986
20
157.141323
30
0.0
0
SEQEND
0
POLYLINE
8
P02191
66
1
70
0
0
VERTEX
8
P02191
10
201.167997
20
157.056660
30
0.0
0
VERTEX
8
P02191
10
201.421986
20
157.056660
30
0.0
0
SEQEND
0
POLYLINE
8
P02192
66
1
70
0
0
VERTEX
8
P02192
10
201.167997
20
156.971997
30
0.0
0
VERTEX
8
P02192
10
201.337323
20
156.971997
30
0.0
0
SEQEND
0
POLYLINE
8
P02193
66
1
70
0
0
VERTEX
8
P02193
10
201.167997
20
156.887334
30
0.0
0
VERTEX
8
P02193
10
201.337323
20
156.887334
30
0.0
0
SEQEND
0
POLYLINE
8
P02194
66
1
70
0
0
VERTEX
8
P02194
10
201.167997
20
156.802660
30
0.0
0
VERTEX
8
P02194
10
201.337323
20
156.802660
30
0.0
0
SEQEND
0
POLYLINE
8
P02195
66
1
70
0
0
VERTEX
8
P02195
10
201.167997
20
156.717997
30
0.0
0
VERTEX
8
P02195
10
201.337323
20
156.717997
30
0.0
0
SEQEND
0
POLYLINE
8
P02196
66
1
70
0
0
VERTEX
8
P02196
10
201.167997
20
156.633333
30
0.0
0
VERTEX
8
P02196
10
201.337323
20
156.633333
30
0.0
0
SEQEND
0
POLYLINE
8
P02197
66
1
70
0
0
VERTEX
8
P02197
10
201.167997
20
156.548659
30
0.0
0
VERTEX
8
P02197
10
201.337323
20
156.548659
30
0.0
0
SEQEND
0
POLYLINE
8
P02198
66
1
70
0
0
VERTEX
8
P02198
10
201.167997
20
156.463996
30
0.0
0
VERTEX
8
P02198
10
201.337323
20
156.463996
30
0.0
0
SEQEND
0
POLYLINE
8
P02199
66
1
70
0
0
VERTEX
8
P02199
10
201.167997
20
156.379333
30
0.0
0
VERTEX
8
P02199
10
201.252660
20
156.379333
30
0.0
0
SEQEND
0
POLYLINE
8
P02200
66
1
70
0
0
VERTEX
8
P02200
10
201.167997
20
156.294659
30
0.0
0
VERTEX
8
P02200
10
201.252660
20
156.294659
30
0.0
0
SEQEND
0
POLYLINE
8
P02201
66
1
70
0
0
VERTEX
8
P02201
10
201.167997
20
156.209996
30
0.0
0
VERTEX
8
P02201
10
201.252660
20
156.209996
30
0.0
0
SEQEND
0
POLYLINE
8
P02202
66
1
70
0
0
VERTEX
8
P02202
10
201.167997
20
156.125332
30
0.0
0
VERTEX
8
P02202
10
201.252660
20
156.125332
30
0.0
0
SEQEND
0
POLYLINE
8
P02203
66
1
70
0
0
VERTEX
8
P02203
10
201.167997
20
156.040658
30
0.0
0
VERTEX
8
P02203
10
201.252660
20
156.040658
30
0.0
0
SEQEND
0
POLYLINE
8
P02204
66
1
70
0
0
VERTEX
8
P02204
10
201.167997
20
155.955995
30
0.0
0
VERTEX
8
P02204
10
201.252660
20
155.955995
30
0.0
0
SEQEND
0
POLYLINE
8
P02205
66
1
70
0
0
VERTEX
8
P02205
10
201.167997
20
155.871332
30
0.0
0
VERTEX
8
P02205
10
201.252660
20
155.871332
30
0.0
0
VERTEX
8
P02205
10
201.167997
20
155.871332
30
0.0
0
SEQEND
0
POLYLINE
8
P02206
66
1
70
0
0
VERTEX
8
P02206
10
201.167997
20
170.687999
30
0.0
0
VERTEX
8
P02206
10
201.252660
20
170.687999
30
0.0
0
SEQEND
0
POLYLINE
8
P02207
66
1
70
0
0
VERTEX
8
P02207
10
201.167997
20
170.603325
30
0.0
0
VERTEX
8
P02207
10
201.252660
20
170.603325
30
0.0
0
SEQEND
0
POLYLINE
8
P02208
66
1
70
0
0
VERTEX
8
P02208
10
201.083333
20
170.518661
30
0.0
0
VERTEX
8
P02208
10
201.337323
20
170.518661
30
0.0
0
SEQEND
0
POLYLINE
8
P02209
66
1
70
0
0
VERTEX
8
P02209
10
201.083333
20
170.433998
30
0.0
0
VERTEX
8
P02209
10
201.337323
20
170.433998
30
0.0
0
SEQEND
0
POLYLINE
8
P02210
66
1
70
0
0
VERTEX
8
P02210
10
200.998670
20
170.349324
30
0.0
0
VERTEX
8
P02210
10
201.421986
20
170.349324
30
0.0
0
SEQEND
0
POLYLINE
8
P02211
66
1
70
0
0
VERTEX
8
P02211
10
200.998670
20
170.264661
30
0.0
0
VERTEX
8
P02211
10
201.421986
20
170.264661
30
0.0
0
SEQEND
0
POLYLINE
8
P02212
66
1
70
0
0
VERTEX
8
P02212
10
200.913985
20
170.179998
30
0.0
0
VERTEX
8
P02212
10
201.421986
20
170.179998
30
0.0
0
SEQEND
0
POLYLINE
8
P02213
66
1
70
0
0
VERTEX
8
P02213
10
200.913985
20
170.095324
30
0.0
0
VERTEX
8
P02213
10
201.506671
20
170.095324
30
0.0
0
SEQEND
0
POLYLINE
8
P02214
66
1
70
0
0
VERTEX
8
P02214
10
200.913985
20
170.010661
30
0.0
0
VERTEX
8
P02214
10
201.506671
20
170.010661
30
0.0
0
SEQEND
0
POLYLINE
8
P02215
66
1
70
0
0
VERTEX
8
P02215
10
200.829322
20
169.925997
30
0.0
0
VERTEX
8
P02215
10
201.591334
20
169.925997
30
0.0
0
SEQEND
0
POLYLINE
8
P02216
66
1
70
0
0
VERTEX
8
P02216
10
200.829322
20
169.841323
30
0.0
0
VERTEX
8
P02216
10
201.591334
20
169.841323
30
0.0
0
SEQEND
0
POLYLINE
8
P02217
66
1
70
0
0
VERTEX
8
P02217
10
200.744659
20
169.756660
30
0.0
0
VERTEX
8
P02217
10
201.675997
20
169.756660
30
0.0
0
SEQEND
0
POLYLINE
8
P02218
66
1
70
0
0
VERTEX
8
P02218
10
200.744659
20
169.671997
30
0.0
0
VERTEX
8
P02218
10
201.675997
20
169.671997
30
0.0
0
SEQEND
0
POLYLINE
8
P02219
66
1
70
0
0
VERTEX
8
P02219
10
200.659996
20
169.587334
30
0.0
0
VERTEX
8
P02219
10
201.675997
20
169.587334
30
0.0
0
SEQEND
0
POLYLINE
8
P02220
66
1
70
0
0
VERTEX
8
P02220
10
200.659996
20
169.502660
30
0.0
0
VERTEX
8
P02220
10
201.760661
20
169.502660
30
0.0
0
SEQEND
0
POLYLINE
8
P02221
66
1
70
0
0
VERTEX
8
P02221
10
200.659996
20
169.417997
30
0.0
0
VERTEX
8
P02221
10
201.760661
20
169.417997
30
0.0
0
SEQEND
0
POLYLINE
8
P02222
66
1
70
0
0
VERTEX
8
P02222
10
200.575332
20
169.333333
30
0.0
0
VERTEX
8
P02222
10
201.845324
20
169.333333
30
0.0
0
SEQEND
0
POLYLINE
8
P02223
66
1
70
0
0
VERTEX
8
P02223
10
200.575332
20
169.248659
30
0.0
0
VERTEX
8
P02223
10
201.845324
20
169.248659
30
0.0
0
SEQEND
0
POLYLINE
8
P02224
66
1
70
0
0
VERTEX
8
P02224
10
200.490669
20
169.163996
30
0.0
0
VERTEX
8
P02224
10
201.929987
20
169.163996
30
0.0
0
SEQEND
0
POLYLINE
8
P02225
66
1
70
0
0
VERTEX
8
P02225
10
200.490669
20
169.079333
30
0.0
0
VERTEX
8
P02225
10
201.929987
20
169.079333
30
0.0
0
SEQEND
0
POLYLINE
8
P02226
66
1
70
0
0
VERTEX
8
P02226
10
200.406006
20
168.994659
30
0.0
0
VERTEX
8
P02226
10
201.929987
20
168.994659
30
0.0
0
SEQEND
0
POLYLINE
8
P02227
66
1
70
0
0
VERTEX
8
P02227
10
200.406006
20
168.909996
30
0.0
0
VERTEX
8
P02227
10
202.014672
20
168.909996
30
0.0
0
SEQEND
0
POLYLINE
8
P02228
66
1
70
0
0
VERTEX
8
P02228
10
200.406006
20
168.825332
30
0.0
0
VERTEX
8
P02228
10
202.014672
20
168.825332
30
0.0
0
SEQEND
0
POLYLINE
8
P02229
66
1
70
0
0
VERTEX
8
P02229
10
200.406006
20
168.740658
30
0.0
0
VERTEX
8
P02229
10
202.014672
20
168.740658
30
0.0
0
SEQEND
0
POLYLINE
8
P02230
66
1
70
0
0
VERTEX
8
P02230
10
200.406006
20
168.655995
30
0.0
0
VERTEX
8
P02230
10
202.014672
20
168.655995
30
0.0
0
SEQEND
0
POLYLINE
8
P02231
66
1
70
0
0
VERTEX
8
P02231
10
200.406006
20
168.571332
30
0.0
0
VERTEX
8
P02231
10
202.014672
20
168.571332
30
0.0
0
SEQEND
0
POLYLINE
8
P02232
66
1
70
0
0
VERTEX
8
P02232
10
200.406006
20
168.486658
30
0.0
0
VERTEX
8
P02232
10
202.014672
20
168.486658
30
0.0
0
SEQEND
0
POLYLINE
8
P02233
66
1
70
0
0
VERTEX
8
P02233
10
200.406006
20
168.401995
30
0.0
0
VERTEX
8
P02233
10
202.014672
20
168.401995
30
0.0
0
SEQEND
0
POLYLINE
8
P02234
66
1
70
0
0
VERTEX
8
P02234
10
200.406006
20
168.317332
30
0.0
0
VERTEX
8
P02234
10
202.099335
20
168.317332
30
0.0
0
SEQEND
0
POLYLINE
8
P02235
66
1
70
0
0
VERTEX
8
P02235
10
200.321321
20
168.232658
30
0.0
0
VERTEX
8
P02235
10
202.099335
20
168.232658
30
0.0
0
SEQEND
0
POLYLINE
8
P02236
66
1
70
0
0
VERTEX
8
P02236
10
200.321321
20
168.147994
30
0.0
0
VERTEX
8
P02236
10
202.099335
20
168.147994
30
0.0
0
SEQEND
0
POLYLINE
8
P02237
66
1
70
0
0
VERTEX
8
P02237
10
200.321321
20
168.063331
30
0.0
0
VERTEX
8
P02237
10
202.099335
20
168.063331
30
0.0
0
SEQEND
0
POLYLINE
8
P02238
66
1
70
0
0
VERTEX
8
P02238
10
200.321321
20
167.978657
30
0.0
0
VERTEX
8
P02238
10
202.099335
20
167.978657
30
0.0
0
SEQEND
0
POLYLINE
8
P02239
66
1
70
0
0
VERTEX
8
P02239
10
200.321321
20
167.893994
30
0.0
0
VERTEX
8
P02239
10
202.099335
20
167.893994
30
0.0
0
SEQEND
0
POLYLINE
8
P02240
66
1
70
0
0
VERTEX
8
P02240
10
200.321321
20
167.809331
30
0.0
0
VERTEX
8
P02240
10
202.099335
20
167.809331
30
0.0
0
SEQEND
0
POLYLINE
8
P02241
66
1
70
0
0
VERTEX
8
P02241
10
200.321321
20
167.724657
30
0.0
0
VERTEX
8
P02241
10
202.183998
20
167.724657
30
0.0
0
SEQEND
0
POLYLINE
8
P02242
66
1
70
0
0
VERTEX
8
P02242
10
200.321321
20
167.639994
30
0.0
0
VERTEX
8
P02242
10
202.183998
20
167.639994
30
0.0
0
SEQEND
0
POLYLINE
8
P02243
66
1
70
0
0
VERTEX
8
P02243
10
200.321321
20
167.555330
30
0.0
0
VERTEX
8
P02243
10
202.183998
20
167.555330
30
0.0
0
SEQEND
0
POLYLINE
8
P02244
66
1
70
0
0
VERTEX
8
P02244
10
200.236658
20
167.470667
30
0.0
0
VERTEX
8
P02244
10
202.183998
20
167.470667
30
0.0
0
SEQEND
0
POLYLINE
8
P02245
66
1
70
0
0
VERTEX
8
P02245
10
200.236658
20
167.385993
30
0.0
0
VERTEX
8
P02245
10
202.183998
20
167.385993
30
0.0
0
SEQEND
0
POLYLINE
8
P02246
66
1
70
0
0
VERTEX
8
P02246
10
200.236658
20
167.301330
30
0.0
0
VERTEX
8
P02246
10
202.183998
20
167.301330
30
0.0
0
SEQEND
0
POLYLINE
8
P02247
66
1
70
0
0
VERTEX
8
P02247
10
200.236658
20
167.216667
30
0.0
0
VERTEX
8
P02247
10
202.183998
20
167.216667
30
0.0
0
SEQEND
0
POLYLINE
8
P02248
66
1
70
0
0
VERTEX
8
P02248
10
200.236658
20
167.131993
30
0.0
0
VERTEX
8
P02248
10
202.183998
20
167.131993
30
0.0
0
SEQEND
0
POLYLINE
8
P02249
66
1
70
0
0
VERTEX
8
P02249
10
200.236658
20
167.047329
30
0.0
0
VERTEX
8
P02249
10
202.268661
20
167.047329
30
0.0
0
SEQEND
0
POLYLINE
8
P02250
66
1
70
0
0
VERTEX
8
P02250
10
200.236658
20
166.962666
30
0.0
0
VERTEX
8
P02250
10
202.268661
20
166.962666
30
0.0
0
SEQEND
0
POLYLINE
8
P02251
66
1
70
0
0
VERTEX
8
P02251
10
200.236658
20
166.877992
30
0.0
0
VERTEX
8
P02251
10
202.268661
20
166.877992
30
0.0
0
SEQEND
0
POLYLINE
8
P02252
66
1
70
0
0
VERTEX
8
P02252
10
200.236658
20
166.793329
30
0.0
0
VERTEX
8
P02252
10
202.268661
20
166.793329
30
0.0
0
SEQEND
0
POLYLINE
8
P02253
66
1
70
0
0
VERTEX
8
P02253
10
200.151995
20
166.708666
30
0.0
0
VERTEX
8
P02253
10
202.268661
20
166.708666
30
0.0
0
SEQEND
0
POLYLINE
8
P02254
66
1
70
0
0
VERTEX
8
P02254
10
200.151995
20
166.623992
30
0.0
0
VERTEX
8
P02254
10
202.268661
20
166.623992
30
0.0
0
SEQEND
0
POLYLINE
8
P02255
66
1
70
0
0
VERTEX
8
P02255
10
200.151995
20
166.539329
30
0.0
0
VERTEX
8
P02255
10
202.268661
20
166.539329
30
0.0
0
SEQEND
0
POLYLINE
8
P02256
66
1
70
0
0
VERTEX
8
P02256
10
200.151995
20
166.454665
30
0.0
0
VERTEX
8
P02256
10
202.353325
20
166.454665
30
0.0
0
SEQEND
0
POLYLINE
8
P02257
66
1
70
0
0
VERTEX
8
P02257
10
200.151995
20
166.369991
30
0.0
0
VERTEX
8
P02257
10
202.353325
20
166.369991
30
0.0
0
SEQEND
0
POLYLINE
8
P02258
66
1
70
0
0
VERTEX
8
P02258
10
200.151995
20
166.285328
30
0.0
0
VERTEX
8
P02258
10
202.353325
20
166.285328
30
0.0
0
SEQEND
0
POLYLINE
8
P02259
66
1
70
0
0
VERTEX
8
P02259
10
200.151995
20
166.200665
30
0.0
0
VERTEX
8
P02259
10
202.353325
20
166.200665
30
0.0
0
SEQEND
0
POLYLINE
8
P02260
66
1
70
0
0
VERTEX
8
P02260
10
200.151995
20
166.115991
30
0.0
0
VERTEX
8
P02260
10
202.353325
20
166.115991
30
0.0
0
SEQEND
0
POLYLINE
8
P02261
66
1
70
0
0
VERTEX
8
P02261
10
200.151995
20
166.031328
30
0.0
0
VERTEX
8
P02261
10
202.353325
20
166.031328
30
0.0
0
SEQEND
0
POLYLINE
8
P02262
66
1
70
0
0
VERTEX
8
P02262
10
200.067332
20
165.946665
30
0.0
0
VERTEX
8
P02262
10
202.353325
20
165.946665
30
0.0
0
SEQEND
0
POLYLINE
8
P02263
66
1
70
0
0
VERTEX
8
P02263
10
200.067332
20
165.861991
30
0.0
0
VERTEX
8
P02263
10
202.437988
20
165.861991
30
0.0
0
SEQEND
0
POLYLINE
8
P02264
66
1
70
0
0
VERTEX
8
P02264
10
200.067332
20
165.777327
30
0.0
0
VERTEX
8
P02264
10
202.437988
20
165.777327
30
0.0
0
SEQEND
0
POLYLINE
8
P02265
66
1
70
0
0
VERTEX
8
P02265
10
200.067332
20
165.692664
30
0.0
0
VERTEX
8
P02265
10
202.437988
20
165.692664
30
0.0
0
SEQEND
0
POLYLINE
8
P02266
66
1
70
0
0
VERTEX
8
P02266
10
200.067332
20
165.607990
30
0.0
0
VERTEX
8
P02266
10
202.437988
20
165.607990
30
0.0
0
SEQEND
0
POLYLINE
8
P02267
66
1
70
0
0
VERTEX
8
P02267
10
200.067332
20
165.523327
30
0.0
0
VERTEX
8
P02267
10
202.437988
20
165.523327
30
0.0
0
SEQEND
0
POLYLINE
8
P02268
66
1
70
0
0
VERTEX
8
P02268
10
200.067332
20
165.438664
30
0.0
0
VERTEX
8
P02268
10
202.437988
20
165.438664
30
0.0
0
SEQEND
0
POLYLINE
8
P02269
66
1
70
0
0
VERTEX
8
P02269
10
200.067332
20
165.354000
30
0.0
0
VERTEX
8
P02269
10
202.437988
20
165.354000
30
0.0
0
VERTEX
8
P02269
10
200.067332
20
165.354000
30
0.0
0
SEQEND
0
POLYLINE
8
P02270
66
1
70
0
0
VERTEX
8
P02270
10
201.167997
20
170.772662
30
0.0
0
VERTEX
8
P02270
10
201.845324
20
165.777327
30
0.0
0
VERTEX
8
P02270
10
201.167997
20
170.772662
30
0.0
0
SEQEND
0
POLYLINE
8
P02271
66
1
70
0
0
VERTEX
8
P02271
10
201.845324
20
165.777327
30
0.0
0
VERTEX
8
P02271
10
201.167997
20
166.285328
30
0.0
0
VERTEX
8
P02271
10
201.845324
20
165.777327
30
0.0
0
SEQEND
0
POLYLINE
8
P02272
66
1
70
0
0
VERTEX
8
P02272
10
200.490669
20
165.777327
30
0.0
0
VERTEX
8
P02272
10
201.167997
20
170.772662
30
0.0
0
VERTEX
8
P02272
10
200.490669
20
165.777327
30
0.0
0
SEQEND
0
POLYLINE
8
P02273
66
1
70
0
0
VERTEX
8
P02273
10
201.167997
20
170.687999
30
0.0
0
VERTEX
8
P02273
10
201.252660
20
170.687999
30
0.0
0
SEQEND
0
POLYLINE
8
P02274
66
1
70
0
0
VERTEX
8
P02274
10
201.167997
20
170.603325
30
0.0
0
VERTEX
8
P02274
10
201.252660
20
170.603325
30
0.0
0
SEQEND
0
POLYLINE
8
P02275
66
1
70
0
0
VERTEX
8
P02275
10
201.167997
20
170.518661
30
0.0
0
VERTEX
8
P02275
10
201.252660
20
170.518661
30
0.0
0
SEQEND
0
POLYLINE
8
P02276
66
1
70
0
0
VERTEX
8
P02276
10
201.167997
20
170.433998
30
0.0
0
VERTEX
8
P02276
10
201.252660
20
170.433998
30
0.0
0
SEQEND
0
POLYLINE
8
P02277
66
1
70
0
0
VERTEX
8
P02277
10
201.167997
20
170.349324
30
0.0
0
VERTEX
8
P02277
10
201.252660
20
170.349324
30
0.0
0
SEQEND
0
POLYLINE
8
P02278
66
1
70
0
0
VERTEX
8
P02278
10
201.167997
20
170.264661
30
0.0
0
VERTEX
8
P02278
10
201.252660
20
170.264661
30
0.0
0
SEQEND
0
POLYLINE
8
P02279
66
1
70
0
0
VERTEX
8
P02279
10
201.167997
20
170.179998
30
0.0
0
VERTEX
8
P02279
10
201.252660
20
170.179998
30
0.0
0
SEQEND
0
POLYLINE
8
P02280
66
1
70
0
0
VERTEX
8
P02280
10
201.167997
20
170.095324
30
0.0
0
VERTEX
8
P02280
10
201.337323
20
170.095324
30
0.0
0
SEQEND
0
POLYLINE
8
P02281
66
1
70
0
0
VERTEX
8
P02281
10
201.167997
20
170.010661
30
0.0
0
VERTEX
8
P02281
10
201.337323
20
170.010661
30
0.0
0
SEQEND
0
POLYLINE
8
P02282
66
1
70
0
0
VERTEX
8
P02282
10
201.167997
20
169.925997
30
0.0
0
VERTEX
8
P02282
10
201.337323
20
169.925997
30
0.0
0
SEQEND
0
POLYLINE
8
P02283
66
1
70
0
0
VERTEX
8
P02283
10
201.167997
20
169.841323
30
0.0
0
VERTEX
8
P02283
10
201.337323
20
169.841323
30
0.0
0
SEQEND
0
POLYLINE
8
P02284
66
1
70
0
0
VERTEX
8
P02284
10
201.167997
20
169.756660
30
0.0
0
VERTEX
8
P02284
10
201.337323
20
169.756660
30
0.0
0
SEQEND
0
POLYLINE
8
P02285
66
1
70
0
0
VERTEX
8
P02285
10
201.167997
20
169.671997
30
0.0
0
VERTEX
8
P02285
10
201.337323
20
169.671997
30
0.0
0
SEQEND
0
POLYLINE
8
P02286
66
1
70
0
0
VERTEX
8
P02286
10
201.167997
20
169.587334
30
0.0
0
VERTEX
8
P02286
10
201.337323
20
169.587334
30
0.0
0
SEQEND
0
POLYLINE
8
P02287
66
1
70
0
0
VERTEX
8
P02287
10
201.167997
20
169.502660
30
0.0
0
VERTEX
8
P02287
10
201.421986
20
169.502660
30
0.0
0
SEQEND
0
POLYLINE
8
P02288
66
1
70
0
0
VERTEX
8
P02288
10
201.167997
20
169.417997
30
0.0
0
VERTEX
8
P02288
10
201.421986
20
169.417997
30
0.0
0
SEQEND
0
POLYLINE
8
P02289
66
1
70
0
0
VERTEX
8
P02289
10
201.167997
20
169.333333
30
0.0
0
VERTEX
8
P02289
10
201.421986
20
169.333333
30
0.0
0
SEQEND
0
POLYLINE
8
P02290
66
1
70
0
0
VERTEX
8
P02290
10
201.167997
20
169.248659
30
0.0
0
VERTEX
8
P02290
10
201.421986
20
169.248659
30
0.0
0
SEQEND
0
POLYLINE
8
P02291
66
1
70
0
0
VERTEX
8
P02291
10
201.167997
20
169.163996
30
0.0
0
VERTEX
8
P02291
10
201.421986
20
169.163996
30
0.0
0
SEQEND
0
POLYLINE
8
P02292
66
1
70
0
0
VERTEX
8
P02292
10
201.167997
20
169.079333
30
0.0
0
VERTEX
8
P02292
10
201.421986
20
169.079333
30
0.0
0
SEQEND
0
POLYLINE
8
P02293
66
1
70
0
0
VERTEX
8
P02293
10
201.167997
20
168.994659
30
0.0
0
VERTEX
8
P02293
10
201.421986
20
168.994659
30
0.0
0
SEQEND
0
POLYLINE
8
P02294
66
1
70
0
0
VERTEX
8
P02294
10
201.167997
20
168.909996
30
0.0
0
VERTEX
8
P02294
10
201.421986
20
168.909996
30
0.0
0
SEQEND
0
POLYLINE
8
P02295
66
1
70
0
0
VERTEX
8
P02295
10
201.167997
20
168.825332
30
0.0
0
VERTEX
8
P02295
10
201.506671
20
168.825332
30
0.0
0
SEQEND
0
POLYLINE
8
P02296
66
1
70
0
0
VERTEX
8
P02296
10
201.167997
20
168.740658
30
0.0
0
VERTEX
8
P02296
10
201.506671
20
168.740658
30
0.0
0
SEQEND
0
POLYLINE
8
P02297
66
1
70
0
0
VERTEX
8
P02297
10
201.167997
20
168.655995
30
0.0
0
VERTEX
8
P02297
10
201.506671
20
168.655995
30
0.0
0
SEQEND
0
POLYLINE
8
P02298
66
1
70
0
0
VERTEX
8
P02298
10
201.167997
20
168.571332
30
0.0
0
VERTEX
8
P02298
10
201.506671
20
168.571332
30
0.0
0
SEQEND
0
POLYLINE
8
P02299
66
1
70
0
0
VERTEX
8
P02299
10
201.167997
20
168.486658
30
0.0
0
VERTEX
8
P02299
10
201.506671
20
168.486658
30
0.0
0
SEQEND
0
POLYLINE
8
P02300
66
1
70
0
0
VERTEX
8
P02300
10
201.167997
20
168.401995
30
0.0
0
VERTEX
8
P02300
10
201.506671
20
168.401995
30
0.0
0
SEQEND
0
POLYLINE
8
P02301
66
1
70
0
0
VERTEX
8
P02301
10
201.167997
20
168.317332
30
0.0
0
VERTEX
8
P02301
10
201.506671
20
168.317332
30
0.0
0
SEQEND
0
POLYLINE
8
P02302
66
1
70
0
0
VERTEX
8
P02302
10
201.167997
20
168.232658
30
0.0
0
VERTEX
8
P02302
10
201.591334
20
168.232658
30
0.0
0
SEQEND
0
POLYLINE
8
P02303
66
1
70
0
0
VERTEX
8
P02303
10
201.167997
20
168.147994
30
0.0
0
VERTEX
8
P02303
10
201.591334
20
168.147994
30
0.0
0
SEQEND
0
POLYLINE
8
P02304
66
1
70
0
0
VERTEX
8
P02304
10
201.167997
20
168.063331
30
0.0
0
VERTEX
8
P02304
10
201.591334
20
168.063331
30
0.0
0
SEQEND
0
POLYLINE
8
P02305
66
1
70
0
0
VERTEX
8
P02305
10
201.167997
20
167.978657
30
0.0
0
VERTEX
8
P02305
10
201.591334
20
167.978657
30
0.0
0
SEQEND
0
POLYLINE
8
P02306
66
1
70
0
0
VERTEX
8
P02306
10
201.167997
20
167.893994
30
0.0
0
VERTEX
8
P02306
10
201.591334
20
167.893994
30
0.0
0
SEQEND
0
POLYLINE
8
P02307
66
1
70
0
0
VERTEX
8
P02307
10
201.167997
20
167.809331
30
0.0
0
VERTEX
8
P02307
10
201.591334
20
167.809331
30
0.0
0
SEQEND
0
POLYLINE
8
P02308
66
1
70
0
0
VERTEX
8
P02308
10
201.167997
20
167.724657
30
0.0
0
VERTEX
8
P02308
10
201.591334
20
167.724657
30
0.0
0
SEQEND
0
POLYLINE
8
P02309
66
1
70
0
0
VERTEX
8
P02309
10
201.167997
20
167.639994
30
0.0
0
VERTEX
8
P02309
10
201.675997
20
167.639994
30
0.0
0
SEQEND
0
POLYLINE
8
P02310
66
1
70
0
0
VERTEX
8
P02310
10
201.167997
20
167.555330
30
0.0
0
VERTEX
8
P02310
10
201.675997
20
167.555330
30
0.0
0
SEQEND
0
POLYLINE
8
P02311
66
1
70
0
0
VERTEX
8
P02311
10
201.167997
20
167.470667
30
0.0
0
VERTEX
8
P02311
10
201.675997
20
167.470667
30
0.0
0
SEQEND
0
POLYLINE
8
P02312
66
1
70
0
0
VERTEX
8
P02312
10
201.167997
20
167.385993
30
0.0
0
VERTEX
8
P02312
10
201.675997
20
167.385993
30
0.0
0
SEQEND
0
POLYLINE
8
P02313
66
1
70
0
0
VERTEX
8
P02313
10
201.167997
20
167.301330
30
0.0
0
VERTEX
8
P02313
10
201.675997
20
167.301330
30
0.0
0
SEQEND
0
POLYLINE
8
P02314
66
1
70
0
0
VERTEX
8
P02314
10
201.167997
20
167.216667
30
0.0
0
VERTEX
8
P02314
10
201.675997
20
167.216667
30
0.0
0
SEQEND
0
POLYLINE
8
P02315
66
1
70
0
0
VERTEX
8
P02315
10
201.167997
20
167.131993
30
0.0
0
VERTEX
8
P02315
10
201.675997
20
167.131993
30
0.0
0
SEQEND
0
POLYLINE
8
P02316
66
1
70
0
0
VERTEX
8
P02316
10
201.167997
20
167.047329
30
0.0
0
VERTEX
8
P02316
10
201.675997
20
167.047329
30
0.0
0
SEQEND
0
POLYLINE
8
P02317
66
1
70
0
0
VERTEX
8
P02317
10
201.167997
20
166.962666
30
0.0
0
VERTEX
8
P02317
10
201.760661
20
166.962666
30
0.0
0
SEQEND
0
POLYLINE
8
P02318
66
1
70
0
0
VERTEX
8
P02318
10
201.167997
20
166.877992
30
0.0
0
VERTEX
8
P02318
10
201.760661
20
166.877992
30
0.0
0
SEQEND
0
POLYLINE
8
P02319
66
1
70
0
0
VERTEX
8
P02319
10
201.167997
20
166.793329
30
0.0
0
VERTEX
8
P02319
10
201.760661
20
166.793329
30
0.0
0
SEQEND
0
POLYLINE
8
P02320
66
1
70
0
0
VERTEX
8
P02320
10
201.167997
20
166.708666
30
0.0
0
VERTEX
8
P02320
10
201.760661
20
166.708666
30
0.0
0
SEQEND
0
POLYLINE
8
P02321
66
1
70
0
0
VERTEX
8
P02321
10
201.167997
20
166.623992
30
0.0
0
VERTEX
8
P02321
10
201.760661
20
166.623992
30
0.0
0
SEQEND
0
POLYLINE
8
P02322
66
1
70
0
0
VERTEX
8
P02322
10
201.167997
20
166.539329
30
0.0
0
VERTEX
8
P02322
10
201.760661
20
166.539329
30
0.0
0
SEQEND
0
POLYLINE
8
P02323
66
1
70
0
0
VERTEX
8
P02323
10
201.167997
20
166.454665
30
0.0
0
VERTEX
8
P02323
10
201.760661
20
166.454665
30
0.0
0
SEQEND
0
POLYLINE
8
P02324
66
1
70
0
0
VERTEX
8
P02324
10
201.167997
20
166.369991
30
0.0
0
VERTEX
8
P02324
10
201.845324
20
166.369991
30
0.0
0
SEQEND
0
POLYLINE
8
P02325
66
1
70
0
0
VERTEX
8
P02325
10
201.167997
20
166.285328
30
0.0
0
VERTEX
8
P02325
10
201.845324
20
166.285328
30
0.0
0
SEQEND
0
POLYLINE
8
P02326
66
1
70
0
0
VERTEX
8
P02326
10
201.337323
20
166.200665
30
0.0
0
VERTEX
8
P02326
10
201.845324
20
166.200665
30
0.0
0
SEQEND
0
POLYLINE
8
P02327
66
1
70
0
0
VERTEX
8
P02327
10
201.421986
20
166.115991
30
0.0
0
VERTEX
8
P02327
10
201.845324
20
166.115991
30
0.0
0
SEQEND
0
POLYLINE
8
P02328
66
1
70
0
0
VERTEX
8
P02328
10
201.506671
20
166.031328
30
0.0
0
VERTEX
8
P02328
10
201.845324
20
166.031328
30
0.0
0
SEQEND
0
POLYLINE
8
P02329
66
1
70
0
0
VERTEX
8
P02329
10
201.675997
20
165.946665
30
0.0
0
VERTEX
8
P02329
10
201.845324
20
165.946665
30
0.0
0
SEQEND
0
POLYLINE
8
P02330
66
1
70
0
0
VERTEX
8
P02330
10
201.760661
20
165.861991
30
0.0
0
VERTEX
8
P02330
10
201.845324
20
165.861991
30
0.0
0
VERTEX
8
P02330
10
201.760661
20
165.861991
30
0.0
0
SEQEND
0
POLYLINE
8
P02331
66
1
70
0
0
VERTEX
8
P02331
10
201.083333
20
170.095324
30
0.0
0
VERTEX
8
P02331
10
201.167997
20
170.095324
30
0.0
0
SEQEND
0
POLYLINE
8
P02332
66
1
70
0
0
VERTEX
8
P02332
10
201.083333
20
170.010661
30
0.0
0
VERTEX
8
P02332
10
201.167997
20
170.010661
30
0.0
0
SEQEND
0
POLYLINE
8
P02333
66
1
70
0
0
VERTEX
8
P02333
10
201.083333
20
169.925997
30
0.0
0
VERTEX
8
P02333
10
201.167997
20
169.925997
30
0.0
0
SEQEND
0
POLYLINE
8
P02334
66
1
70
0
0
VERTEX
8
P02334
10
201.083333
20
169.841323
30
0.0
0
VERTEX
8
P02334
10
201.167997
20
169.841323
30
0.0
0
SEQEND
0
POLYLINE
8
P02335
66
1
70
0
0
VERTEX
8
P02335
10
201.083333
20
169.756660
30
0.0
0
VERTEX
8
P02335
10
201.167997
20
169.756660
30
0.0
0
SEQEND
0
POLYLINE
8
P02336
66
1
70
0
0
VERTEX
8
P02336
10
201.083333
20
169.671997
30
0.0
0
VERTEX
8
P02336
10
201.167997
20
169.671997
30
0.0
0
SEQEND
0
POLYLINE
8
P02337
66
1
70
0
0
VERTEX
8
P02337
10
201.083333
20
169.587334
30
0.0
0
VERTEX
8
P02337
10
201.167997
20
169.587334
30
0.0
0
SEQEND
0
POLYLINE
8
P02338
66
1
70
0
0
VERTEX
8
P02338
10
200.998670
20
169.502660
30
0.0
0
VERTEX
8
P02338
10
201.167997
20
169.502660
30
0.0
0
SEQEND
0
POLYLINE
8
P02339
66
1
70
0
0
VERTEX
8
P02339
10
200.998670
20
169.417997
30
0.0
0
VERTEX
8
P02339
10
201.167997
20
169.417997
30
0.0
0
SEQEND
0
POLYLINE
8
P02340
66
1
70
0
0
VERTEX
8
P02340
10
200.998670
20
169.333333
30
0.0
0
VERTEX
8
P02340
10
201.167997
20
169.333333
30
0.0
0
SEQEND
0
POLYLINE
8
P02341
66
1
70
0
0
VERTEX
8
P02341
10
200.998670
20
169.248659
30
0.0
0
VERTEX
8
P02341
10
201.167997
20
169.248659
30
0.0
0
SEQEND
0
POLYLINE
8
P02342
66
1
70
0
0
VERTEX
8
P02342
10
200.998670
20
169.163996
30
0.0
0
VERTEX
8
P02342
10
201.167997
20
169.163996
30
0.0
0
SEQEND
0
POLYLINE
8
P02343
66
1
70
0
0
VERTEX
8
P02343
10
200.998670
20
169.079333
30
0.0
0
VERTEX
8
P02343
10
201.167997
20
169.079333
30
0.0
0
SEQEND
0
POLYLINE
8
P02344
66
1
70
0
0
VERTEX
8
P02344
10
200.998670
20
168.994659
30
0.0
0
VERTEX
8
P02344
10
201.167997
20
168.994659
30
0.0
0
SEQEND
0
POLYLINE
8
P02345
66
1
70
0
0
VERTEX
8
P02345
10
200.998670
20
168.909996
30
0.0
0
VERTEX
8
P02345
10
201.167997
20
168.909996
30
0.0
0
SEQEND
0
POLYLINE
8
P02346
66
1
70
0
0
VERTEX
8
P02346
10
200.913985
20
168.825332
30
0.0
0
VERTEX
8
P02346
10
201.167997
20
168.825332
30
0.0
0
SEQEND
0
POLYLINE
8
P02347
66
1
70
0
0
VERTEX
8
P02347
10
200.913985
20
168.740658
30
0.0
0
VERTEX
8
P02347
10
201.167997
20
168.740658
30
0.0
0
SEQEND
0
POLYLINE
8
P02348
66
1
70
0
0
VERTEX
8
P02348
10
200.913985
20
168.655995
30
0.0
0
VERTEX
8
P02348
10
201.167997
20
168.655995
30
0.0
0
SEQEND
0
POLYLINE
8
P02349
66
1
70
0
0
VERTEX
8
P02349
10
200.913985
20
168.571332
30
0.0
0
VERTEX
8
P02349
10
201.167997
20
168.571332
30
0.0
0
SEQEND
0
POLYLINE
8
P02350
66
1
70
0
0
VERTEX
8
P02350
10
200.913985
20
168.486658
30
0.0
0
VERTEX
8
P02350
10
201.167997
20
168.486658
30
0.0
0
SEQEND
0
POLYLINE
8
P02351
66
1
70
0
0
VERTEX
8
P02351
10
200.913985
20
168.401995
30
0.0
0
VERTEX
8
P02351
10
201.167997
20
168.401995
30
0.0
0
SEQEND
0
POLYLINE
8
P02352
66
1
70
0
0
VERTEX
8
P02352
10
200.913985
20
168.317332
30
0.0
0
VERTEX
8
P02352
10
201.167997
20
168.317332
30
0.0
0
SEQEND
0
POLYLINE
8
P02353
66
1
70
0
0
VERTEX
8
P02353
10
200.829322
20
168.232658
30
0.0
0
VERTEX
8
P02353
10
201.167997
20
168.232658
30
0.0
0
SEQEND
0
POLYLINE
8
P02354
66
1
70
0
0
VERTEX
8
P02354
10
201.167997
20
155.786658
30
0.0
0
VERTEX
8
P02354
10
201.167997
20
170.772662
30
0.0
0
VERTEX
8
P02354
10
201.167997
20
155.786658
30
0.0
0
SEQEND
0
POLYLINE
8
P02355
66
1
70
0
0
VERTEX
8
P02355
10
66.463331
20
129.878668
30
0.0
0
VERTEX
8
P02355
10
67.056001
20
129.878668
30
0.0
0
SEQEND
0
POLYLINE
8
P02356
66
1
70
0
0
VERTEX
8
P02356
10
65.870667
20
129.793994
30
0.0
0
VERTEX
8
P02356
10
67.056001
20
129.793994
30
0.0
0
SEQEND
0
POLYLINE
8
P02357
66
1
70
0
0
VERTEX
8
P02357
10
65.193334
20
129.709331
30
0.0
0
VERTEX
8
P02357
10
67.056001
20
129.709331
30
0.0
0
SEQEND
0
POLYLINE
8
P02358
66
1
70
0
0
VERTEX
8
P02358
10
64.600665
20
129.624668
30
0.0
0
VERTEX
8
P02358
10
67.056001
20
129.624668
30
0.0
0
SEQEND
0
POLYLINE
8
P02359
66
1
70
0
0
VERTEX
8
P02359
10
64.008001
20
129.539994
30
0.0
0
VERTEX
8
P02359
10
67.056001
20
129.539994
30
0.0
0
SEQEND
0
POLYLINE
8
P02360
66
1
70
0
0
VERTEX
8
P02360
10
63.330663
20
129.455330
30
0.0
0
VERTEX
8
P02360
10
67.056001
20
129.455330
30
0.0
0
SEQEND
0
POLYLINE
8
P02361
66
1
70
0
0
VERTEX
8
P02361
10
63.161331
20
129.370667
30
0.0
0
VERTEX
8
P02361
10
67.056001
20
129.370667
30
0.0
0
SEQEND
0
POLYLINE
8
P02362
66
1
70
0
0
VERTEX
8
P02362
10
62.991999
20
129.285993
30
0.0
0
VERTEX
8
P02362
10
67.056001
20
129.285993
30
0.0
0
SEQEND
0
POLYLINE
8
P02363
66
1
70
0
0
VERTEX
8
P02363
10
62.737999
20
129.201330
30
0.0
0
VERTEX
8
P02363
10
67.056001
20
129.201330
30
0.0
0
SEQEND
0
POLYLINE
8
P02364
66
1
70
0
0
VERTEX
8
P02364
10
62.568667
20
129.116667
30
0.0
0
VERTEX
8
P02364
10
67.056001
20
129.116667
30
0.0
0
SEQEND
0
POLYLINE
8
P02365
66
1
70
0
0
VERTEX
8
P02365
10
62.399330
20
129.031993
30
0.0
0
VERTEX
8
P02365
10
67.056001
20
129.031993
30
0.0
0
SEQEND
0
POLYLINE
8
P02366
66
1
70
0
0
VERTEX
8
P02366
10
62.145335
20
128.947329
30
0.0
0
VERTEX
8
P02366
10
67.056001
20
128.947329
30
0.0
0
SEQEND
0
POLYLINE
8
P02367
66
1
70
0
0
VERTEX
8
P02367
10
61.975997
20
128.862666
30
0.0
0
VERTEX
8
P02367
10
67.056001
20
128.862666
30
0.0
0
SEQEND
0
POLYLINE
8
P02368
66
1
70
0
0
VERTEX
8
P02368
10
61.806666
20
128.777992
30
0.0
0
VERTEX
8
P02368
10
67.056001
20
128.777992
30
0.0
0
SEQEND
0
POLYLINE
8
P02369
66
1
70
0
0
VERTEX
8
P02369
10
61.552665
20
128.693329
30
0.0
0
VERTEX
8
P02369
10
67.056001
20
128.693329
30
0.0
0
SEQEND
0
POLYLINE
8
P02370
66
1
70
0
0
VERTEX
8
P02370
10
61.806666
20
128.608666
30
0.0
0
VERTEX
8
P02370
10
67.056001
20
128.608666
30
0.0
0
SEQEND
0
POLYLINE
8
P02371
66
1
70
0
0
VERTEX
8
P02371
10
62.060666
20
128.523992
30
0.0
0
VERTEX
8
P02371
10
67.056001
20
128.523992
30
0.0
0
SEQEND
0
POLYLINE
8
P02372
66
1
70
0
0
VERTEX
8
P02372
10
62.229998
20
128.439329
30
0.0
0
VERTEX
8
P02372
10
67.056001
20
128.439329
30
0.0
0
SEQEND
0
POLYLINE
8
P02373
66
1
70
0
0
VERTEX
8
P02373
10
62.483998
20
128.354665
30
0.0
0
VERTEX
8
P02373
10
67.056001
20
128.354665
30
0.0
0
SEQEND
0
POLYLINE
8
P02374
66
1
70
0
0
VERTEX
8
P02374
10
62.737999
20
128.269991
30
0.0
0
VERTEX
8
P02374
10
67.056001
20
128.269991
30
0.0
0
SEQEND
0
POLYLINE
8
P02375
66
1
70
0
0
VERTEX
8
P02375
10
62.907331
20
128.185328
30
0.0
0
VERTEX
8
P02375
10
67.056001
20
128.185328
30
0.0
0
SEQEND
0
POLYLINE
8
P02376
66
1
70
0
0
VERTEX
8
P02376
10
63.161331
20
128.100665
30
0.0
0
VERTEX
8
P02376
10
67.056001
20
128.100665
30
0.0
0
SEQEND
0
POLYLINE
8
P02377
66
1
70
0
0
VERTEX
8
P02377
10
63.330663
20
128.015991
30
0.0
0
VERTEX
8
P02377
10
67.056001
20
128.015991
30
0.0
0
SEQEND
0
POLYLINE
8
P02378
66
1
70
0
0
VERTEX
8
P02378
10
64.008001
20
127.931328
30
0.0
0
VERTEX
8
P02378
10
67.056001
20
127.931328
30
0.0
0
SEQEND
0
POLYLINE
8
P02379
66
1
70
0
0
VERTEX
8
P02379
10
64.600665
20
127.846665
30
0.0
0
VERTEX
8
P02379
10
67.056001
20
127.846665
30
0.0
0
SEQEND
0
POLYLINE
8
P02380
66
1
70
0
0
VERTEX
8
P02380
10
65.193334
20
127.762001
30
0.0
0
VERTEX
8
P02380
10
67.056001
20
127.762001
30
0.0
0
SEQEND
0
POLYLINE
8
P02381
66
1
70
0
0
VERTEX
8
P02381
10
65.870667
20
127.677327
30
0.0
0
VERTEX
8
P02381
10
67.056001
20
127.677327
30
0.0
0
SEQEND
0
POLYLINE
8
P02382
66
1
70
0
0
VERTEX
8
P02382
10
66.463331
20
127.592664
30
0.0
0
VERTEX
8
P02382
10
67.056001
20
127.592664
30
0.0
0
VERTEX
8
P02382
10
66.463331
20
127.592664
30
0.0
0
SEQEND
0
POLYLINE
8
P02383
66
1
70
0
0
VERTEX
8
P02383
10
61.552665
20
128.693329
30
0.0
0
VERTEX
8
P02383
10
66.548000
20
129.370667
30
0.0
0
VERTEX
8
P02383
10
61.552665
20
128.693329
30
0.0
0
SEQEND
0
POLYLINE
8
P02384
66
1
70
0
0
VERTEX
8
P02384
10
66.548000
20
129.370667
30
0.0
0
VERTEX
8
P02384
10
66.039999
20
128.693329
30
0.0
0
VERTEX
8
P02384
10
66.548000
20
129.370667
30
0.0
0
SEQEND
0
POLYLINE
8
P02385
66
1
70
0
0
VERTEX
8
P02385
10
66.039999
20
128.693329
30
0.0
0
VERTEX
8
P02385
10
66.548000
20
128.015991
30
0.0
0
VERTEX
8
P02385
10
66.039999
20
128.693329
30
0.0
0
SEQEND
0
POLYLINE
8
P02386
66
1
70
0
0
VERTEX
8
P02386
10
66.548000
20
128.015991
30
0.0
0
VERTEX
8
P02386
10
61.552665
20
128.693329
30
0.0
0
VERTEX
8
P02386
10
66.548000
20
128.015991
30
0.0
0
SEQEND
0
POLYLINE
8
P02387
66
1
70
0
0
VERTEX
8
P02387
10
65.955330
20
129.285993
30
0.0
0
VERTEX
8
P02387
10
66.548000
20
129.285993
30
0.0
0
SEQEND
0
POLYLINE
8
P02388
66
1
70
0
0
VERTEX
8
P02388
10
65.362666
20
129.201330
30
0.0
0
VERTEX
8
P02388
10
66.463331
20
129.201330
30
0.0
0
SEQEND
0
POLYLINE
8
P02389
66
1
70
0
0
VERTEX
8
P02389
10
64.685334
20
129.116667
30
0.0
0
VERTEX
8
P02389
10
66.378663
20
129.116667
30
0.0
0
SEQEND
0
POLYLINE
8
P02390
66
1
70
0
0
VERTEX
8
P02390
10
64.092664
20
129.031993
30
0.0
0
VERTEX
8
P02390
10
66.293999
20
129.031993
30
0.0
0
SEQEND
0
POLYLINE
8
P02391
66
1
70
0
0
VERTEX
8
P02391
10
63.500000
20
128.947329
30
0.0
0
VERTEX
8
P02391
10
66.293999
20
128.947329
30
0.0
0
SEQEND
0
POLYLINE
8
P02392
66
1
70
0
0
VERTEX
8
P02392
10
62.822667
20
128.862666
30
0.0
0
VERTEX
8
P02392
10
66.209331
20
128.862666
30
0.0
0
SEQEND
0
POLYLINE
8
P02393
66
1
70
0
0
VERTEX
8
P02393
10
62.229998
20
128.777992
30
0.0
0
VERTEX
8
P02393
10
66.124668
20
128.777992
30
0.0
0
VERTEX
8
P02393
10
62.229998
20
128.777992
30
0.0
0
SEQEND
0
POLYLINE
8
P02394
66
1
70
0
0
VERTEX
8
P02394
10
61.552665
20
128.693329
30
0.0
0
VERTEX
8
P02394
10
66.039999
20
128.693329
30
0.0
0
SEQEND
0
POLYLINE
8
P02395
66
1
70
0
0
VERTEX
8
P02395
10
62.229998
20
128.608666
30
0.0
0
VERTEX
8
P02395
10
66.124668
20
128.608666
30
0.0
0
SEQEND
0
POLYLINE
8
P02396
66
1
70
0
0
VERTEX
8
P02396
10
62.822667
20
128.523992
30
0.0
0
VERTEX
8
P02396
10
66.209331
20
128.523992
30
0.0
0
SEQEND
0
POLYLINE
8
P02397
66
1
70
0
0
VERTEX
8
P02397
10
63.500000
20
128.439329
30
0.0
0
VERTEX
8
P02397
10
66.293999
20
128.439329
30
0.0
0
SEQEND
0
POLYLINE
8
P02398
66
1
70
0
0
VERTEX
8
P02398
10
64.092664
20
128.354665
30
0.0
0
VERTEX
8
P02398
10
66.293999
20
128.354665
30
0.0
0
SEQEND
0
POLYLINE
8
P02399
66
1
70
0
0
VERTEX
8
P02399
10
64.685334
20
128.269991
30
0.0
0
VERTEX
8
P02399
10
66.378663
20
128.269991
30
0.0
0
SEQEND
0
POLYLINE
8
P02400
66
1
70
0
0
VERTEX
8
P02400
10
65.362666
20
128.185328
30
0.0
0
VERTEX
8
P02400
10
66.463331
20
128.185328
30
0.0
0
SEQEND
0
POLYLINE
8
P02401
66
1
70
0
0
VERTEX
8
P02401
10
65.955330
20
128.100665
30
0.0
0
VERTEX
8
P02401
10
66.548000
20
128.100665
30
0.0
0
VERTEX
8
P02401
10
65.955330
20
128.100665
30
0.0
0
SEQEND
0
POLYLINE
8
P02402
66
1
70
0
0
VERTEX
8
P02402
10
166.031328
20
129.878668
30
0.0
0
VERTEX
8
P02402
10
166.708666
20
129.878668
30
0.0
0
SEQEND
0
POLYLINE
8
P02403
66
1
70
0
0
VERTEX
8
P02403
10
166.031328
20
129.793994
30
0.0
0
VERTEX
8
P02403
10
167.301330
20
129.793994
30
0.0
0
SEQEND
0
POLYLINE
8
P02404
66
1
70
0
0
VERTEX
8
P02404
10
166.031328
20
129.709331
30
0.0
0
VERTEX
8
P02404
10
167.893994
20
129.709331
30
0.0
0
SEQEND
0
POLYLINE
8
P02405
66
1
70
0
0
VERTEX
8
P02405
10
166.031328
20
129.624668
30
0.0
0
VERTEX
8
P02405
10
168.571332
20
129.624668
30
0.0
0
SEQEND
0
POLYLINE
8
P02406
66
1
70
0
0
VERTEX
8
P02406
10
166.031328
20
129.539994
30
0.0
0
VERTEX
8
P02406
10
169.163996
20
129.539994
30
0.0
0
SEQEND
0
POLYLINE
8
P02407
66
1
70
0
0
VERTEX
8
P02407
10
166.031328
20
129.455330
30
0.0
0
VERTEX
8
P02407
10
169.756660
20
129.455330
30
0.0
0
SEQEND
0
POLYLINE
8
P02408
66
1
70
0
0
VERTEX
8
P02408
10
166.031328
20
129.370667
30
0.0
0
VERTEX
8
P02408
10
170.010661
20
129.370667
30
0.0
0
SEQEND
0
POLYLINE
8
P02409
66
1
70
0
0
VERTEX
8
P02409
10
166.031328
20
129.285993
30
0.0
0
VERTEX
8
P02409
10
170.179998
20
129.285993
30
0.0
0
SEQEND
0
POLYLINE
8
P02410
66
1
70
0
0
VERTEX
8
P02410
10
166.031328
20
129.201330
30
0.0
0
VERTEX
8
P02410
10
170.349324
20
129.201330
30
0.0
0
SEQEND
0
POLYLINE
8
P02411
66
1
70
0
0
VERTEX
8
P02411
10
166.031328
20
129.116667
30
0.0
0
VERTEX
8
P02411
10
170.603325
20
129.116667
30
0.0
0
SEQEND
0
POLYLINE
8
P02412
66
1
70
0
0
VERTEX
8
P02412
10
166.031328
20
129.031993
30
0.0
0
VERTEX
8
P02412
10
170.772662
20
129.031993
30
0.0
0
SEQEND
0
POLYLINE
8
P02413
66
1
70
0
0
VERTEX
8
P02413
10
166.031328
20
128.947329
30
0.0
0
VERTEX
8
P02413
10
170.941999
20
128.947329
30
0.0
0
SEQEND
0
POLYLINE
8
P02414
66
1
70
0
0
VERTEX
8
P02414
10
166.031328
20
128.862666
30
0.0
0
VERTEX
8
P02414
10
171.196000
20
128.862666
30
0.0
0
SEQEND
0
POLYLINE
8
P02415
66
1
70
0
0
VERTEX
8
P02415
10
166.031328
20
128.777992
30
0.0
0
VERTEX
8
P02415
10
171.365326
20
128.777992
30
0.0
0
SEQEND
0
POLYLINE
8
P02416
66
1
70
0
0
VERTEX
8
P02416
10
166.031328
20
128.693329
30
0.0
0
VERTEX
8
P02416
10
171.534663
20
128.693329
30
0.0
0
SEQEND
0
POLYLINE
8
P02417
66
1
70
0
0
VERTEX
8
P02417
10
166.031328
20
128.608666
30
0.0
0
VERTEX
8
P02417
10
171.365326
20
128.608666
30
0.0
0
SEQEND
0
POLYLINE
8
P02418
66
1
70
0
0
VERTEX
8
P02418
10
166.031328
20
128.523992
30
0.0
0
VERTEX
8
P02418
10
171.111326
20
128.523992
30
0.0
0
SEQEND
0
POLYLINE
8
P02419
66
1
70
0
0
VERTEX
8
P02419
10
166.031328
20
128.439329
30
0.0
0
VERTEX
8
P02419
10
170.941999
20
128.439329
30
0.0
0
SEQEND
0
POLYLINE
8
P02420
66
1
70
0
0
VERTEX
8
P02420
10
166.031328
20
128.354665
30
0.0
0
VERTEX
8
P02420
10
170.687999
20
128.354665
30
0.0
0
SEQEND
0
POLYLINE
8
P02421
66
1
70
0
0
VERTEX
8
P02421
10
166.031328
20
128.269991
30
0.0
0
VERTEX
8
P02421
10
170.433998
20
128.269991
30
0.0
0
SEQEND
0
POLYLINE
8
P02422
66
1
70
0
0
VERTEX
8
P02422
10
166.031328
20
128.185328
30
0.0
0
VERTEX
8
P02422
10
170.264661
20
128.185328
30
0.0
0
SEQEND
0
POLYLINE
8
P02423
66
1
70
0
0
VERTEX
8
P02423
10
166.031328
20
128.100665
30
0.0
0
VERTEX
8
P02423
10
170.010661
20
128.100665
30
0.0
0
SEQEND
0
POLYLINE
8
P02424
66
1
70
0
0
VERTEX
8
P02424
10
166.031328
20
128.015991
30
0.0
0
VERTEX
8
P02424
10
169.756660
20
128.015991
30
0.0
0
SEQEND
0
POLYLINE
8
P02425
66
1
70
0
0
VERTEX
8
P02425
10
166.031328
20
127.931328
30
0.0
0
VERTEX
8
P02425
10
169.163996
20
127.931328
30
0.0
0
SEQEND
0
POLYLINE
8
P02426
66
1
70
0
0
VERTEX
8
P02426
10
166.031328
20
127.846665
30
0.0
0
VERTEX
8
P02426
10
168.571332
20
127.846665
30
0.0
0
SEQEND
0
POLYLINE
8
P02427
66
1
70
0
0
VERTEX
8
P02427
10
166.031328
20
127.762001
30
0.0
0
VERTEX
8
P02427
10
167.893994
20
127.762001
30
0.0
0
SEQEND
0
POLYLINE
8
P02428
66
1
70
0
0
VERTEX
8
P02428
10
166.031328
20
127.677327
30
0.0
0
VERTEX
8
P02428
10
167.301330
20
127.677327
30
0.0
0
SEQEND
0
POLYLINE
8
P02429
66
1
70
0
0
VERTEX
8
P02429
10
166.031328
20
127.592664
30
0.0
0
VERTEX
8
P02429
10
166.708666
20
127.592664
30
0.0
0
VERTEX
8
P02429
10
166.031328
20
127.592664
30
0.0
0
SEQEND
0
POLYLINE
8
P02430
66
1
70
0
0
VERTEX
8
P02430
10
171.534663
20
128.693329
30
0.0
0
VERTEX
8
P02430
10
166.539329
20
128.015991
30
0.0
0
VERTEX
8
P02430
10
171.534663
20
128.693329
30
0.0
0
SEQEND
0
POLYLINE
8
P02431
66
1
70
0
0
VERTEX
8
P02431
10
166.539329
20
128.015991
30
0.0
0
VERTEX
8
P02431
10
167.047329
20
128.693329
30
0.0
0
VERTEX
8
P02431
10
166.539329
20
128.015991
30
0.0
0
SEQEND
0
POLYLINE
8
P02432
66
1
70
0
0
VERTEX
8
P02432
10
167.047329
20
128.693329
30
0.0
0
VERTEX
8
P02432
10
166.539329
20
129.370667
30
0.0
0
VERTEX
8
P02432
10
167.047329
20
128.693329
30
0.0
0
SEQEND
0
POLYLINE
8
P02433
66
1
70
0
0
VERTEX
8
P02433
10
166.539329
20
129.370667
30
0.0
0
VERTEX
8
P02433
10
171.534663
20
128.693329
30
0.0
0
VERTEX
8
P02433
10
166.539329
20
129.370667
30
0.0
0
SEQEND
0
POLYLINE
8
P02434
66
1
70
0
0
VERTEX
8
P02434
10
167.047329
20
128.693329
30
0.0
0
VERTEX
8
P02434
10
171.534663
20
128.693329
30
0.0
0
SEQEND
0
POLYLINE
8
P02435
66
1
70
0
0
VERTEX
8
P02435
10
167.047329
20
128.608666
30
0.0
0
VERTEX
8
P02435
10
170.941999
20
128.608666
30
0.0
0
SEQEND
0
POLYLINE
8
P02436
66
1
70
0
0
VERTEX
8
P02436
10
166.962666
20
128.523992
30
0.0
0
VERTEX
8
P02436
10
170.349324
20
128.523992
30
0.0
0
SEQEND
0
POLYLINE
8
P02437
66
1
70
0
0
VERTEX
8
P02437
10
166.877992
20
128.439329
30
0.0
0
VERTEX
8
P02437
10
169.671997
20
128.439329
30
0.0
0
SEQEND
0
POLYLINE
8
P02438
66
1
70
0
0
VERTEX
8
P02438
10
166.793329
20
128.354665
30
0.0
0
VERTEX
8
P02438
10
169.079333
20
128.354665
30
0.0
0
SEQEND
0
POLYLINE
8
P02439
66
1
70
0
0
VERTEX
8
P02439
10
166.793329
20
128.269991
30
0.0
0
VERTEX
8
P02439
10
168.486658
20
128.269991
30
0.0
0
SEQEND
0
POLYLINE
8
P02440
66
1
70
0
0
VERTEX
8
P02440
10
166.708666
20
128.185328
30
0.0
0
VERTEX
8
P02440
10
167.809331
20
128.185328
30
0.0
0
SEQEND
0
POLYLINE
8
P02441
66
1
70
0
0
VERTEX
8
P02441
10
166.623992
20
128.100665
30
0.0
0
VERTEX
8
P02441
10
167.216667
20
128.100665
30
0.0
0
VERTEX
8
P02441
10
166.623992
20
128.100665
30
0.0
0
SEQEND
0
POLYLINE
8
P02442
66
1
70
0
0
VERTEX
8
P02442
10
166.623992
20
129.285993
30
0.0
0
VERTEX
8
P02442
10
167.216667
20
129.285993
30
0.0
0
SEQEND
0
POLYLINE
8
P02443
66
1
70
0
0
VERTEX
8
P02443
10
166.708666
20
129.201330
30
0.0
0
VERTEX
8
P02443
10
167.809331
20
129.201330
30
0.0
0
SEQEND
0
POLYLINE
8
P02444
66
1
70
0
0
VERTEX
8
P02444
10
166.793329
20
129.116667
30
0.0
0
VERTEX
8
P02444
10
168.486658
20
129.116667
30
0.0
0
SEQEND
0
POLYLINE
8
P02445
66
1
70
0
0
VERTEX
8
P02445
10
166.793329
20
129.031993
30
0.0
0
VERTEX
8
P02445
10
169.079333
20
129.031993
30
0.0
0
SEQEND
0
POLYLINE
8
P02446
66
1
70
0
0
VERTEX
8
P02446
10
166.877992
20
128.947329
30
0.0
0
VERTEX
8
P02446
10
169.671997
20
128.947329
30
0.0
0
SEQEND
0
POLYLINE
8
P02447
66
1
70
0
0
VERTEX
8
P02447
10
166.962666
20
128.862666
30
0.0
0
VERTEX
8
P02447
10
170.349324
20
128.862666
30
0.0
0
SEQEND
0
POLYLINE
8
P02448
66
1
70
0
0
VERTEX
8
P02448
10
167.047329
20
128.777992
30
0.0
0
VERTEX
8
P02448
10
170.941999
20
128.777992
30
0.0
0
VERTEX
8
P02448
10
167.047329
20
128.777992
30
0.0
0
SEQEND
0
POLYLINE
8
P02449
66
1
70
0
0
VERTEX
8
P02449
10
61.552665
20
128.693329
30
0.0
0
VERTEX
8
P02449
10
171.534663
20
128.693329
30
0.0
0
VERTEX
8
P02449
10
61.552665
20
128.693329
30
0.0
0
SEQEND
0
POLYLINE
8
P02450
66
1
70
0
0
VERTEX
8
P02450
10
162.559996
20
181.440658
30
0.0
0
VERTEX
8
P02450
10
163.237334
20
181.440658
30
0.0
0
SEQEND
0
POLYLINE
8
P02451
66
1
70
0
0
VERTEX
8
P02451
10
162.559996
20
181.355995
30
0.0
0
VERTEX
8
P02451
10
163.829998
20
181.355995
30
0.0
0
SEQEND
0
POLYLINE
8
P02452
66
1
70
0
0
VERTEX
8
P02452
10
162.559996
20
181.271332
30
0.0
0
VERTEX
8
P02452
10
164.422662
20
181.271332
30
0.0
0
SEQEND
0
POLYLINE
8
P02453
66
1
70
0
0
VERTEX
8
P02453
10
162.559996
20
181.186658
30
0.0
0
VERTEX
8
P02453
10
165.100000
20
181.186658
30
0.0
0
SEQEND
0
POLYLINE
8
P02454
66
1
70
0
0
VERTEX
8
P02454
10
162.559996
20
181.101995
30
0.0
0
VERTEX
8
P02454
10
165.692664
20
181.101995
30
0.0
0
SEQEND
0
POLYLINE
8
P02455
66
1
70
0
0
VERTEX
8
P02455
10
162.559996
20
181.017332
30
0.0
0
VERTEX
8
P02455
10
166.285328
20
181.017332
30
0.0
0
SEQEND
0
POLYLINE
8
P02456
66
1
70
0
0
VERTEX
8
P02456
10
162.559996
20
180.932658
30
0.0
0
VERTEX
8
P02456
10
166.539329
20
180.932658
30
0.0
0
SEQEND
0
POLYLINE
8
P02457
66
1
70
0
0
VERTEX
8
P02457
10
162.559996
20
180.847994
30
0.0
0
VERTEX
8
P02457
10
166.708666
20
180.847994
30
0.0
0
SEQEND
0
POLYLINE
8
P02458
66
1
70
0
0
VERTEX
8
P02458
10
162.559996
20
180.763331
30
0.0
0
VERTEX
8
P02458
10
166.877992
20
180.763331
30
0.0
0
SEQEND
0
POLYLINE
8
P02459
66
1
70
0
0
VERTEX
8
P02459
10
162.559996
20
180.678657
30
0.0
0
VERTEX
8
P02459
10
167.131993
20
180.678657
30
0.0
0
SEQEND
0
POLYLINE
8
P02460
66
1
70
0
0
VERTEX
8
P02460
10
162.559996
20
180.593994
30
0.0
0
VERTEX
8
P02460
10
167.301330
20
180.593994
30
0.0
0
SEQEND
0
POLYLINE
8
P02461
66
1
70
0
0
VERTEX
8
P02461
10
162.559996
20
180.509331
30
0.0
0
VERTEX
8
P02461
10
167.470667
20
180.509331
30
0.0
0
SEQEND
0
POLYLINE
8
P02462
66
1
70
0
0
VERTEX
8
P02462
10
162.559996
20
180.424657
30
0.0
0
VERTEX
8
P02462
10
167.724668
20
180.424657
30
0.0
0
SEQEND
0
POLYLINE
8
P02463
66
1
70
0
0
VERTEX
8
P02463
10
162.559996
20
180.339994
30
0.0
0
VERTEX
8
P02463
10
167.893994
20
180.339994
30
0.0
0
SEQEND
0
POLYLINE
8
P02464
66
1
70
0
0
VERTEX
8
P02464
10
162.559996
20
180.255330
30
0.0
0
VERTEX
8
P02464
10
168.063331
20
180.255330
30
0.0
0
SEQEND
0
POLYLINE
8
P02465
66
1
70
0
0
VERTEX
8
P02465
10
162.559996
20
180.170656
30
0.0
0
VERTEX
8
P02465
10
167.893994
20
180.170656
30
0.0
0
SEQEND
0
POLYLINE
8
P02466
66
1
70
0
0
VERTEX
8
P02466
10
162.559996
20
180.085993
30
0.0
0
VERTEX
8
P02466
10
167.639994
20
180.085993
30
0.0
0
SEQEND
0
POLYLINE
8
P02467
66
1
70
0
0
VERTEX
8
P02467
10
162.559996
20
180.001330
30
0.0
0
VERTEX
8
P02467
10
167.470667
20
180.001330
30
0.0
0
SEQEND
0
POLYLINE
8
P02468
66
1
70
0
0
VERTEX
8
P02468
10
162.559996
20
179.916667
30
0.0
0
VERTEX
8
P02468
10
167.216667
20
179.916667
30
0.0
0
SEQEND
0
POLYLINE
8
P02469
66
1
70
0
0
VERTEX
8
P02469
10
162.559996
20
179.831993
30
0.0
0
VERTEX
8
P02469
10
166.962666
20
179.831993
30
0.0
0
SEQEND
0
POLYLINE
8
P02470
66
1
70
0
0
VERTEX
8
P02470
10
162.559996
20
179.747329
30
0.0
0
VERTEX
8
P02470
10
166.793329
20
179.747329
30
0.0
0
SEQEND
0
POLYLINE
8
P02471
66
1
70
0
0
VERTEX
8
P02471
10
162.559996
20
179.662666
30
0.0
0
VERTEX
8
P02471
10
166.539329
20
179.662666
30
0.0
0
SEQEND
0
POLYLINE
8
P02472
66
1
70
0
0
VERTEX
8
P02472
10
162.559996
20
179.577992
30
0.0
0
VERTEX
8
P02472
10
166.285328
20
179.577992
30
0.0
0
SEQEND
0
POLYLINE
8
P02473
66
1
70
0
0
VERTEX
8
P02473
10
162.559996
20
179.493329
30
0.0
0
VERTEX
8
P02473
10
165.692664
20
179.493329
30
0.0
0
SEQEND
0
POLYLINE
8
P02474
66
1
70
0
0
VERTEX
8
P02474
10
162.559996
20
179.408666
30
0.0
0
VERTEX
8
P02474
10
165.100000
20
179.408666
30
0.0
0
SEQEND
0
POLYLINE
8
P02475
66
1
70
0
0
VERTEX
8
P02475
10
162.559996
20
179.323992
30
0.0
0
VERTEX
8
P02475
10
164.422662
20
179.323992
30
0.0
0
SEQEND
0
POLYLINE
8
P02476
66
1
70
0
0
VERTEX
8
P02476
10
162.559996
20
179.239329
30
0.0
0
VERTEX
8
P02476
10
163.829998
20
179.239329
30
0.0
0
SEQEND
0
POLYLINE
8
P02477
66
1
70
0
0
VERTEX
8
P02477
10
162.559996
20
179.154665
30
0.0
0
VERTEX
8
P02477
10
163.237334
20
179.154665
30
0.0
0
VERTEX
8
P02477
10
162.559996
20
179.154665
30
0.0
0
SEQEND
0
POLYLINE
8
P02478
66
1
70
0
0
VERTEX
8
P02478
10
168.063331
20
180.255330
30
0.0
0
VERTEX
8
P02478
10
163.067997
20
180.932658
30
0.0
0
VERTEX
8
P02478
10
168.063331
20
180.255330
30
0.0
0
SEQEND
0
POLYLINE
8
P02479
66
1
70
0
0
VERTEX
8
P02479
10
163.067997
20
180.932658
30
0.0
0
VERTEX
8
P02479
10
163.575997
20
180.255330
30
0.0
0
VERTEX
8
P02479
10
163.067997
20
180.932658
30
0.0
0
SEQEND
0
POLYLINE
8
P02480
66
1
70
0
0
VERTEX
8
P02480
10
163.575997
20
180.255330
30
0.0
0
VERTEX
8
P02480
10
163.067997
20
179.662666
30
0.0
0
VERTEX
8
P02480
10
163.575997
20
180.255330
30
0.0
0
SEQEND
0
POLYLINE
8
P02481
66
1
70
0
0
VERTEX
8
P02481
10
163.067997
20
179.662666
30
0.0
0
VERTEX
8
P02481
10
168.063331
20
180.255330
30
0.0
0
VERTEX
8
P02481
10
163.067997
20
179.662666
30
0.0
0
SEQEND
0
POLYLINE
8
P02482
66
1
70
0
0
VERTEX
8
P02482
10
168.063331
20
180.255330
30
0.0
0
VERTEX
8
P02482
10
161.035993
20
180.255330
30
0.0
0
VERTEX
8
P02482
10
168.063331
20
180.255330
30
0.0
0
SEQEND
0
POLYLINE
8
P02483
66
1
70
0
0
VERTEX
8
P02483
10
163.152660
20
180.847994
30
0.0
0
VERTEX
8
P02483
10
163.745335
20
180.847994
30
0.0
0
SEQEND
0
POLYLINE
8
P02484
66
1
70
0
0
VERTEX
8
P02484
10
163.237334
20
180.763331
30
0.0
0
VERTEX
8
P02484
10
164.337999
20
180.763331
30
0.0
0
SEQEND
0
POLYLINE
8
P02485
66
1
70
0
0
VERTEX
8
P02485
10
163.321997
20
180.678657
30
0.0
0
VERTEX
8
P02485
10
165.015326
20
180.678657
30
0.0
0
SEQEND
0
POLYLINE
8
P02486
66
1
70
0
0
VERTEX
8
P02486
10
163.321997
20
180.593994
30
0.0
0
VERTEX
8
P02486
10
165.608001
20
180.593994
30
0.0
0
SEQEND
0
POLYLINE
8
P02487
66
1
70
0
0
VERTEX
8
P02487
10
163.406660
20
180.509331
30
0.0
0
VERTEX
8
P02487
10
166.200665
20
180.509331
30
0.0
0
SEQEND
0
POLYLINE
8
P02488
66
1
70
0
0
VERTEX
8
P02488
10
163.491334
20
180.424657
30
0.0
0
VERTEX
8
P02488
10
166.877992
20
180.424657
30
0.0
0
SEQEND
0
POLYLINE
8
P02489
66
1
70
0
0
VERTEX
8
P02489
10
163.575997
20
180.339994
30
0.0
0
VERTEX
8
P02489
10
167.470667
20
180.339994
30
0.0
0
VERTEX
8
P02489
10
163.575997
20
180.339994
30
0.0
0
SEQEND
0
POLYLINE
8
P02490
66
1
70
0
0
VERTEX
8
P02490
10
163.575997
20
180.255330
30
0.0
0
VERTEX
8
P02490
10
168.063331
20
180.255330
30
0.0
0
SEQEND
0
POLYLINE
8
P02491
66
1
70
0
0
VERTEX
8
P02491
10
163.575997
20
180.170656
30
0.0
0
VERTEX
8
P02491
10
167.385993
20
180.170656
30
0.0
0
SEQEND
0
POLYLINE
8
P02492
66
1
70
0
0
VERTEX
8
P02492
10
163.491334
20
180.085993
30
0.0
0
VERTEX
8
P02492
10
166.708666
20
180.085993
30
0.0
0
SEQEND
0
POLYLINE
8
P02493
66
1
70
0
0
VERTEX
8
P02493
10
163.406660
20
180.001330
30
0.0
0
VERTEX
8
P02493
10
165.946665
20
180.001330
30
0.0
0
SEQEND
0
POLYLINE
8
P02494
66
1
70
0
0
VERTEX
8
P02494
10
163.321997
20
179.916667
30
0.0
0
VERTEX
8
P02494
10
165.269326
20
179.916667
30
0.0
0
SEQEND
0
POLYLINE
8
P02495
66
1
70
0
0
VERTEX
8
P02495
10
163.237334
20
179.831993
30
0.0
0
VERTEX
8
P02495
10
164.507325
20
179.831993
30
0.0
0
SEQEND
0
POLYLINE
8
P02496
66
1
70
0
0
VERTEX
8
P02496
10
163.152660
20
179.747329
30
0.0
0
VERTEX
8
P02496
10
163.829998
20
179.747329
30
0.0
0
VERTEX
8
P02496
10
163.152660
20
179.747329
30
0.0
0
SEQEND
0
POLYLINE
8
P02497
66
1
70
0
0
VERTEX
8
P02497
10
180.001330
20
181.440658
30
0.0
0
VERTEX
8
P02497
10
180.593994
20
181.440658
30
0.0
0
SEQEND
0
POLYLINE
8
P02498
66
1
70
0
0
VERTEX
8
P02498
10
179.408666
20
181.355995
30
0.0
0
VERTEX
8
P02498
10
180.593994
20
181.355995
30
0.0
0
SEQEND
0
POLYLINE
8
P02499
66
1
70
0
0
VERTEX
8
P02499
10
178.731328
20
181.271332
30
0.0
0
VERTEX
8
P02499
10
180.593994
20
181.271332
30
0.0
0
SEQEND
0
POLYLINE
8
P02500
66
1
70
0
0
VERTEX
8
P02500
10
178.138664
20
181.186658
30
0.0
0
VERTEX
8
P02500
10
180.593994
20
181.186658
30
0.0
0
SEQEND
0
POLYLINE
8
P02501
66
1
70
0
0
VERTEX
8
P02501
10
177.546000
20
181.101995
30
0.0
0
VERTEX
8
P02501
10
180.593994
20
181.101995
30
0.0
0
SEQEND
0
POLYLINE
8
P02502
66
1
70
0
0
VERTEX
8
P02502
10
176.868661
20
181.017332
30
0.0
0
VERTEX
8
P02502
10
180.593994
20
181.017332
30
0.0
0
SEQEND
0
POLYLINE
8
P02503
66
1
70
0
0
VERTEX
8
P02503
10
176.699324
20
180.932658
30
0.0
0
VERTEX
8
P02503
10
180.593994
20
180.932658
30
0.0
0
SEQEND
0
POLYLINE
8
P02504
66
1
70
0
0
VERTEX
8
P02504
10
176.529998
20
180.847994
30
0.0
0
VERTEX
8
P02504
10
180.593994
20
180.847994
30
0.0
0
SEQEND
0
POLYLINE
8
P02505
66
1
70
0
0
VERTEX
8
P02505
10
176.275997
20
180.763331
30
0.0
0
VERTEX
8
P02505
10
180.593994
20
180.763331
30
0.0
0
SEQEND
0
POLYLINE
8
P02506
66
1
70
0
0
VERTEX
8
P02506
10
176.106660
20
180.678657
30
0.0
0
VERTEX
8
P02506
10
180.593994
20
180.678657
30
0.0
0
SEQEND
0
POLYLINE
8
P02507
66
1
70
0
0
VERTEX
8
P02507
10
175.937334
20
180.593994
30
0.0
0
VERTEX
8
P02507
10
180.593994
20
180.593994
30
0.0
0
SEQEND
0
POLYLINE
8
P02508
66
1
70
0
0
VERTEX
8
P02508
10
175.683333
20
180.509331
30
0.0
0
VERTEX
8
P02508
10
180.593994
20
180.509331
30
0.0
0
SEQEND
0
POLYLINE
8
P02509
66
1
70
0
0
VERTEX
8
P02509
10
175.513996
20
180.424657
30
0.0
0
VERTEX
8
P02509
10
180.593994
20
180.424657
30
0.0
0
SEQEND
0
POLYLINE
8
P02510
66
1
70
0
0
VERTEX
8
P02510
10
175.344659
20
180.339994
30
0.0
0
VERTEX
8
P02510
10
180.593994
20
180.339994
30
0.0
0
SEQEND
0
POLYLINE
8
P02511
66
1
70
0
0
VERTEX
8
P02511
10
175.090658
20
180.255330
30
0.0
0
VERTEX
8
P02511
10
180.593994
20
180.255330
30
0.0
0
SEQEND
0
POLYLINE
8
P02512
66
1
70
0
0
VERTEX
8
P02512
10
175.344659
20
180.170656
30
0.0
0
VERTEX
8
P02512
10
180.593994
20
180.170656
30
0.0
0
SEQEND
0
POLYLINE
8
P02513
66
1
70
0
0
VERTEX
8
P02513
10
175.598659
20
180.085993
30
0.0
0
VERTEX
8
P02513
10
180.593994
20
180.085993
30
0.0
0
SEQEND
0
POLYLINE
8
P02514
66
1
70
0
0
VERTEX
8
P02514
10
175.767997
20
180.001330
30
0.0
0
VERTEX
8
P02514
10
180.593994
20
180.001330
30
0.0
0
SEQEND
0
POLYLINE
8
P02515
66
1
70
0
0
VERTEX
8
P02515
10
176.021997
20
179.916667
30
0.0
0
VERTEX
8
P02515
10
180.593994
20
179.916667
30
0.0
0
SEQEND
0
POLYLINE
8
P02516
66
1
70
0
0
VERTEX
8
P02516
10
176.275997
20
179.831993
30
0.0
0
VERTEX
8
P02516
10
180.593994
20
179.831993
30
0.0
0
SEQEND
0
POLYLINE
8
P02517
66
1
70
0
0
VERTEX
8
P02517
10
176.445335
20
179.747329
30
0.0
0
VERTEX
8
P02517
10
180.593994
20
179.747329
30
0.0
0
SEQEND
0
POLYLINE
8
P02518
66
1
70
0
0
VERTEX
8
P02518
10
176.699324
20
179.662666
30
0.0
0
VERTEX
8
P02518
10
180.593994
20
179.662666
30
0.0
0
SEQEND
0
POLYLINE
8
P02519
66
1
70
0
0
VERTEX
8
P02519
10
176.868661
20
179.577992
30
0.0
0
VERTEX
8
P02519
10
180.593994
20
179.577992
30
0.0
0
SEQEND
0
POLYLINE
8
P02520
66
1
70
0
0
VERTEX
8
P02520
10
177.546000
20
179.493329
30
0.0
0
VERTEX
8
P02520
10
180.593994
20
179.493329
30
0.0
0
SEQEND
0
POLYLINE
8
P02521
66
1
70
0
0
VERTEX
8
P02521
10
178.138664
20
179.408666
30
0.0
0
VERTEX
8
P02521
10
180.593994
20
179.408666
30
0.0
0
SEQEND
0
POLYLINE
8
P02522
66
1
70
0
0
VERTEX
8
P02522
10
178.731328
20
179.323992
30
0.0
0
VERTEX
8
P02522
10
180.593994
20
179.323992
30
0.0
0
SEQEND
0
POLYLINE
8
P02523
66
1
70
0
0
VERTEX
8
P02523
10
179.408666
20
179.239329
30
0.0
0
VERTEX
8
P02523
10
180.593994
20
179.239329
30
0.0
0
SEQEND
0
POLYLINE
8
P02524
66
1
70
0
0
VERTEX
8
P02524
10
180.001330
20
179.154665
30
0.0
0
VERTEX
8
P02524
10
180.593994
20
179.154665
30
0.0
0
VERTEX
8
P02524
10
180.001330
20
179.154665
30
0.0
0
SEQEND
0
POLYLINE
8
P02525
66
1
70
0
0
VERTEX
8
P02525
10
175.090658
20
180.255330
30
0.0
0
VERTEX
8
P02525
10
180.085993
20
179.662666
30
0.0
0
VERTEX
8
P02525
10
175.090658
20
180.255330
30
0.0
0
SEQEND
0
POLYLINE
8
P02526
66
1
70
0
0
VERTEX
8
P02526
10
180.085993
20
179.662666
30
0.0
0
VERTEX
8
P02526
10
179.577992
20
180.255330
30
0.0
0
VERTEX
8
P02526
10
180.085993
20
179.662666
30
0.0
0
SEQEND
0
POLYLINE
8
P02527
66
1
70
0
0
VERTEX
8
P02527
10
179.577992
20
180.255330
30
0.0
0
VERTEX
8
P02527
10
180.085993
20
180.932658
30
0.0
0
VERTEX
8
P02527
10
179.577992
20
180.255330
30
0.0
0
SEQEND
0
POLYLINE
8
P02528
66
1
70
0
0
VERTEX
8
P02528
10
180.085993
20
180.932658
30
0.0
0
VERTEX
8
P02528
10
175.090658
20
180.255330
30
0.0
0
VERTEX
8
P02528
10
180.085993
20
180.932658
30
0.0
0
SEQEND
0
POLYLINE
8
P02529
66
1
70
0
0
VERTEX
8
P02529
10
175.090658
20
180.255330
30
0.0
0
VERTEX
8
P02529
10
182.033333
20
180.255330
30
0.0
0
VERTEX
8
P02529
10
175.090658
20
180.255330
30
0.0
0
SEQEND
0
POLYLINE
8
P02530
66
1
70
0
0
VERTEX
8
P02530
10
175.090658
20
180.255330
30
0.0
0
VERTEX
8
P02530
10
179.577992
20
180.255330
30
0.0
0
SEQEND
0
POLYLINE
8
P02531
66
1
70
0
0
VERTEX
8
P02531
10
175.852660
20
180.170656
30
0.0
0
VERTEX
8
P02531
10
179.662666
20
180.170656
30
0.0
0
SEQEND
0
POLYLINE
8
P02532
66
1
70
0
0
VERTEX
8
P02532
10
176.529998
20
180.085993
30
0.0
0
VERTEX
8
P02532
10
179.747329
20
180.085993
30
0.0
0
SEQEND
0
POLYLINE
8
P02533
66
1
70
0
0
VERTEX
8
P02533
10
177.291999
20
180.001330
30
0.0
0
VERTEX
8
P02533
10
179.831993
20
180.001330
30
0.0
0
SEQEND
0
POLYLINE
8
P02534
66
1
70
0
0
VERTEX
8
P02534
10
177.969326
20
179.916667
30
0.0
0
VERTEX
8
P02534
10
179.916667
20
179.916667
30
0.0
0
SEQEND
0
POLYLINE
8
P02535
66
1
70
0
0
VERTEX
8
P02535
10
178.731328
20
179.831993
30
0.0
0
VERTEX
8
P02535
10
180.001330
20
179.831993
30
0.0
0
SEQEND
0
POLYLINE
8
P02536
66
1
70
0
0
VERTEX
8
P02536
10
179.408666
20
179.747329
30
0.0
0
VERTEX
8
P02536
10
180.085993
20
179.747329
30
0.0
0
VERTEX
8
P02536
10
179.408666
20
179.747329
30
0.0
0
SEQEND
0
POLYLINE
8
P02537
66
1
70
0
0
VERTEX
8
P02537
10
179.493329
20
180.847994
30
0.0
0
VERTEX
8
P02537
10
180.085993
20
180.847994
30
0.0
0
SEQEND
0
POLYLINE
8
P02538
66
1
70
0
0
VERTEX
8
P02538
10
178.900665
20
180.763331
30
0.0
0
VERTEX
8
P02538
10
180.001330
20
180.763331
30
0.0
0
SEQEND
0
POLYLINE
8
P02539
66
1
70
0
0
VERTEX
8
P02539
10
178.223327
20
180.678657
30
0.0
0
VERTEX
8
P02539
10
179.916667
20
180.678657
30
0.0
0
SEQEND
0
POLYLINE
8
P02540
66
1
70
0
0
VERTEX
8
P02540
10
177.630663
20
180.593994
30
0.0
0
VERTEX
8
P02540
10
179.831993
20
180.593994
30
0.0
0
SEQEND
0
POLYLINE
8
P02541
66
1
70
0
0
VERTEX
8
P02541
10
177.037999
20
180.509331
30
0.0
0
VERTEX
8
P02541
10
179.831993
20
180.509331
30
0.0
0
SEQEND
0
POLYLINE
8
P02542
66
1
70
0
0
VERTEX
8
P02542
10
176.360661
20
180.424657
30
0.0
0
VERTEX
8
P02542
10
179.747329
20
180.424657
30
0.0
0
SEQEND
0
POLYLINE
8
P02543
66
1
70
0
0
VERTEX
8
P02543
10
175.767997
20
180.339994
30
0.0
0
VERTEX
8
P02543
10
179.662666
20
180.339994
30
0.0
0
VERTEX
8
P02543
10
175.767997
20
180.339994
30
0.0
0
SEQEND
0
POLYLINE
8
P02544
66
1
70
0
0
VERTEX
8
P02544
10
168.063331
20
180.255330
30
0.0
0
VERTEX
8
P02544
10
175.090658
20
180.255330
30
0.0
0
VERTEX
8
P02544
10
168.063331
20
180.255330
30
0.0
0
SEQEND
0
POLYLINE
8
P02545
66
1
70
0
0
VERTEX
8
P02545
10
51.477333
20
129.878668
30
0.0
0
VERTEX
8
P02545
10
52.069997
20
129.878668
30
0.0
0
SEQEND
0
POLYLINE
8
P02546
66
1
70
0
0
VERTEX
8
P02546
10
50.884663
20
129.793994
30
0.0
0
VERTEX
8
P02546
10
52.069997
20
129.793994
30
0.0
0
SEQEND
0
POLYLINE
8
P02547
66
1
70
0
0
VERTEX
8
P02547
10
50.207331
20
129.709331
30
0.0
0
VERTEX
8
P02547
10
52.069997
20
129.709331
30
0.0
0
SEQEND
0
POLYLINE
8
P02548
66
1
70
0
0
VERTEX
8
P02548
10
49.614666
20
129.624668
30
0.0
0
VERTEX
8
P02548
10
52.069997
20
129.624668
30
0.0
0
SEQEND
0
POLYLINE
8
P02549
66
1
70
0
0
VERTEX
8
P02549
10
49.021997
20
129.539994
30
0.0
0
VERTEX
8
P02549
10
52.069997
20
129.539994
30
0.0
0
SEQEND
0
POLYLINE
8
P02550
66
1
70
0
0
VERTEX
8
P02550
10
48.344664
20
129.455330
30
0.0
0
VERTEX
8
P02550
10
52.069997
20
129.455330
30
0.0
0
SEQEND
0
POLYLINE
8
P02551
66
1
70
0
0
VERTEX
8
P02551
10
48.175332
20
129.370667
30
0.0
0
VERTEX
8
P02551
10
52.069997
20
129.370667
30
0.0
0
SEQEND
0
POLYLINE
8
P02552
66
1
70
0
0
VERTEX
8
P02552
10
48.006001
20
129.285993
30
0.0
0
VERTEX
8
P02552
10
52.069997
20
129.285993
30
0.0
0
SEQEND
0
POLYLINE
8
P02553
66
1
70
0
0
VERTEX
8
P02553
10
47.752000
20
129.201330
30
0.0
0
VERTEX
8
P02553
10
52.069997
20
129.201330
30
0.0
0
SEQEND
0
POLYLINE
8
P02554
66
1
70
0
0
VERTEX
8
P02554
10
47.582663
20
129.116667
30
0.0
0
VERTEX
8
P02554
10
52.069997
20
129.116667
30
0.0
0
SEQEND
0
POLYLINE
8
P02555
66
1
70
0
0
VERTEX
8
P02555
10
47.413331
20
129.031993
30
0.0
0
VERTEX
8
P02555
10
52.069997
20
129.031993
30
0.0
0
SEQEND
0
POLYLINE
8
P02556
66
1
70
0
0
VERTEX
8
P02556
10
47.159331
20
128.947329
30
0.0
0
VERTEX
8
P02556
10
52.069997
20
128.947329
30
0.0
0
SEQEND
0
POLYLINE
8
P02557
66
1
70
0
0
VERTEX
8
P02557
10
46.989999
20
128.862666
30
0.0
0
VERTEX
8
P02557
10
52.069997
20
128.862666
30
0.0
0
SEQEND
0
POLYLINE
8
P02558
66
1
70
0
0
VERTEX
8
P02558
10
46.820667
20
128.777992
30
0.0
0
VERTEX
8
P02558
10
52.069997
20
128.777992
30
0.0
0
SEQEND
0
POLYLINE
8
P02559
66
1
70
0
0
VERTEX
8
P02559
10
46.566667
20
128.693329
30
0.0
0
VERTEX
8
P02559
10
52.069997
20
128.693329
30
0.0
0
SEQEND
0
POLYLINE
8
P02560
66
1
70
0
0
VERTEX
8
P02560
10
46.820667
20
128.608666
30
0.0
0
VERTEX
8
P02560
10
52.069997
20
128.608666
30
0.0
0
SEQEND
0
POLYLINE
8
P02561
66
1
70
0
0
VERTEX
8
P02561
10
47.074668
20
128.523992
30
0.0
0
VERTEX
8
P02561
10
52.069997
20
128.523992
30
0.0
0
SEQEND
0
POLYLINE
8
P02562
66
1
70
0
0
VERTEX
8
P02562
10
47.243999
20
128.439329
30
0.0
0
VERTEX
8
P02562
10
52.069997
20
128.439329
30
0.0
0
SEQEND
0
POLYLINE
8
P02563
66
1
70
0
0
VERTEX
8
P02563
10
47.498000
20
128.354665
30
0.0
0
VERTEX
8
P02563
10
52.069997
20
128.354665
30
0.0
0
SEQEND
0
POLYLINE
8
P02564
66
1
70
0
0
VERTEX
8
P02564
10
47.752000
20
128.269991
30
0.0
0
VERTEX
8
P02564
10
52.069997
20
128.269991
30
0.0
0
SEQEND
0
POLYLINE
8
P02565
66
1
70
0
0
VERTEX
8
P02565
10
47.921332
20
128.185328
30
0.0
0
VERTEX
8
P02565
10
52.069997
20
128.185328
30
0.0
0
SEQEND
0
POLYLINE
8
P02566
66
1
70
0
0
VERTEX
8
P02566
10
48.175332
20
128.100665
30
0.0
0
VERTEX
8
P02566
10
52.069997
20
128.100665
30
0.0
0
SEQEND
0
POLYLINE
8
P02567
66
1
70
0
0
VERTEX
8
P02567
10
48.344664
20
128.015991
30
0.0
0
VERTEX
8
P02567
10
52.069997
20
128.015991
30
0.0
0
SEQEND
0
POLYLINE
8
P02568
66
1
70
0
0
VERTEX
8
P02568
10
49.021997
20
127.931328
30
0.0
0
VERTEX
8
P02568
10
52.069997
20
127.931328
30
0.0
0
SEQEND
0
POLYLINE
8
P02569
66
1
70
0
0
VERTEX
8
P02569
10
49.614666
20
127.846665
30
0.0
0
VERTEX
8
P02569
10
52.069997
20
127.846665
30
0.0
0
SEQEND
0
POLYLINE
8
P02570
66
1
70
0
0
VERTEX
8
P02570
10
50.207331
20
127.762001
30
0.0
0
VERTEX
8
P02570
10
52.069997
20
127.762001
30
0.0
0
SEQEND
0
POLYLINE
8
P02571
66
1
70
0
0
VERTEX
8
P02571
10
50.884663
20
127.677327
30
0.0
0
VERTEX
8
P02571
10
52.069997
20
127.677327
30
0.0
0
SEQEND
0
POLYLINE
8
P02572
66
1
70
0
0
VERTEX
8
P02572
10
51.477333
20
127.592664
30
0.0
0
VERTEX
8
P02572
10
52.069997
20
127.592664
30
0.0
0
VERTEX
8
P02572
10
51.477333
20
127.592664
30
0.0
0
SEQEND
0
POLYLINE
8
P02573
66
1
70
0
0
VERTEX
8
P02573
10
46.566667
20
128.693329
30
0.0
0
VERTEX
8
P02573
10
51.562001
20
129.370667
30
0.0
0
VERTEX
8
P02573
10
46.566667
20
128.693329
30
0.0
0
SEQEND
0
POLYLINE
8
P02574
66
1
70
0
0
VERTEX
8
P02574
10
51.562001
20
129.370667
30
0.0
0
VERTEX
8
P02574
10
51.054000
20
128.693329
30
0.0
0
VERTEX
8
P02574
10
51.562001
20
129.370667
30
0.0
0
SEQEND
0
POLYLINE
8
P02575
66
1
70
0
0
VERTEX
8
P02575
10
51.054000
20
128.693329
30
0.0
0
VERTEX
8
P02575
10
51.562001
20
128.015991
30
0.0
0
VERTEX
8
P02575
10
51.054000
20
128.693329
30
0.0
0
SEQEND
0
POLYLINE
8
P02576
66
1
70
0
0
VERTEX
8
P02576
10
51.562001
20
128.015991
30
0.0
0
VERTEX
8
P02576
10
46.566667
20
128.693329
30
0.0
0
VERTEX
8
P02576
10
51.562001
20
128.015991
30
0.0
0
SEQEND
0
POLYLINE
8
P02577
66
1
70
0
0
VERTEX
8
P02577
10
50.969332
20
129.285993
30
0.0
0
VERTEX
8
P02577
10
51.562001
20
129.285993
30
0.0
0
SEQEND
0
POLYLINE
8
P02578
66
1
70
0
0
VERTEX
8
P02578
10
50.376668
20
129.201330
30
0.0
0
VERTEX
8
P02578
10
51.477333
20
129.201330
30
0.0
0
SEQEND
0
POLYLINE
8
P02579
66
1
70
0
0
VERTEX
8
P02579
10
49.699330
20
129.116667
30
0.0
0
VERTEX
8
P02579
10
51.392664
20
129.116667
30
0.0
0
SEQEND
0
POLYLINE
8
P02580
66
1
70
0
0
VERTEX
8
P02580
10
49.106666
20
129.031993
30
0.0
0
VERTEX
8
P02580
10
51.308001
20
129.031993
30
0.0
0
SEQEND
0
POLYLINE
8
P02581
66
1
70
0
0
VERTEX
8
P02581
10
48.514002
20
128.947329
30
0.0
0
VERTEX
8
P02581
10
51.308001
20
128.947329
30
0.0
0
SEQEND
0
POLYLINE
8
P02582
66
1
70
0
0
VERTEX
8
P02582
10
47.836663
20
128.862666
30
0.0
0
VERTEX
8
P02582
10
51.223332
20
128.862666
30
0.0
0
SEQEND
0
POLYLINE
8
P02583
66
1
70
0
0
VERTEX
8
P02583
10
47.243999
20
128.777992
30
0.0
0
VERTEX
8
P02583
10
51.138664
20
128.777992
30
0.0
0
VERTEX
8
P02583
10
47.243999
20
128.777992
30
0.0
0
SEQEND
0
POLYLINE
8
P02584
66
1
70
0
0
VERTEX
8
P02584
10
46.566667
20
128.693329
30
0.0
0
VERTEX
8
P02584
10
51.054000
20
128.693329
30
0.0
0
SEQEND
0
POLYLINE
8
P02585
66
1
70
0
0
VERTEX
8
P02585
10
47.243999
20
128.608666
30
0.0
0
VERTEX
8
P02585
10
51.138664
20
128.608666
30
0.0
0
SEQEND
0
POLYLINE
8
P02586
66
1
70
0
0
VERTEX
8
P02586
10
47.836663
20
128.523992
30
0.0
0
VERTEX
8
P02586
10
51.223332
20
128.523992
30
0.0
0
SEQEND
0
POLYLINE
8
P02587
66
1
70
0
0
VERTEX
8
P02587
10
48.514002
20
128.439329
30
0.0
0
VERTEX
8
P02587
10
51.308001
20
128.439329
30
0.0
0
SEQEND
0
POLYLINE
8
P02588
66
1
70
0
0
VERTEX
8
P02588
10
49.106666
20
128.354665
30
0.0
0
VERTEX
8
P02588
10
51.308001
20
128.354665
30
0.0
0
SEQEND
0
POLYLINE
8
P02589
66
1
70
0
0
VERTEX
8
P02589
10
49.699330
20
128.269991
30
0.0
0
VERTEX
8
P02589
10
51.392664
20
128.269991
30
0.0
0
SEQEND
0
POLYLINE
8
P02590
66
1
70
0
0
VERTEX
8
P02590
10
50.376668
20
128.185328
30
0.0
0
VERTEX
8
P02590
10
51.477333
20
128.185328
30
0.0
0
SEQEND
0
POLYLINE
8
P02591
66
1
70
0
0
VERTEX
8
P02591
10
50.969332
20
128.100665
30
0.0
0
VERTEX
8
P02591
10
51.562001
20
128.100665
30
0.0
0
VERTEX
8
P02591
10
50.969332
20
128.100665
30
0.0
0
SEQEND
0
POLYLINE
8
P02592
66
1
70
0
0
VERTEX
8
P02592
10
52.577998
20
129.878668
30
0.0
0
VERTEX
8
P02592
10
53.255330
20
129.878668
30
0.0
0
SEQEND
0
POLYLINE
8
P02593
66
1
70
0
0
VERTEX
8
P02593
10
52.577998
20
129.793994
30
0.0
0
VERTEX
8
P02593
10
53.848000
20
129.793994
30
0.0
0
SEQEND
0
POLYLINE
8
P02594
66
1
70
0
0
VERTEX
8
P02594
10
52.577998
20
129.709331
30
0.0
0
VERTEX
8
P02594
10
54.440664
20
129.709331
30
0.0
0
SEQEND
0
POLYLINE
8
P02595
66
1
70
0
0
VERTEX
8
P02595
10
52.577998
20
129.624668
30
0.0
0
VERTEX
8
P02595
10
55.117997
20
129.624668
30
0.0
0
SEQEND
0
POLYLINE
8
P02596
66
1
70
0
0
VERTEX
8
P02596
10
52.577998
20
129.539994
30
0.0
0
VERTEX
8
P02596
10
55.710666
20
129.539994
30
0.0
0
SEQEND
0
POLYLINE
8
P02597
66
1
70
0
0
VERTEX
8
P02597
10
52.577998
20
129.455330
30
0.0
0
VERTEX
8
P02597
10
56.303330
20
129.455330
30
0.0
0
SEQEND
0
POLYLINE
8
P02598
66
1
70
0
0
VERTEX
8
P02598
10
52.577998
20
129.370667
30
0.0
0
VERTEX
8
P02598
10
56.557331
20
129.370667
30
0.0
0
SEQEND
0
POLYLINE
8
P02599
66
1
70
0
0
VERTEX
8
P02599
10
52.577998
20
129.285993
30
0.0
0
VERTEX
8
P02599
10
56.726668
20
129.285993
30
0.0
0
SEQEND
0
POLYLINE
8
P02600
66
1
70
0
0
VERTEX
8
P02600
10
52.577998
20
129.201330
30
0.0
0
VERTEX
8
P02600
10
56.896000
20
129.201330
30
0.0
0
SEQEND
0
POLYLINE
8
P02601
66
1
70
0
0
VERTEX
8
P02601
10
52.577998
20
129.116667
30
0.0
0
VERTEX
8
P02601
10
57.150000
20
129.116667
30
0.0
0
SEQEND
0
POLYLINE
8
P02602
66
1
70
0
0
VERTEX
8
P02602
10
52.577998
20
129.031993
30
0.0
0
VERTEX
8
P02602
10
57.319332
20
129.031993
30
0.0
0
SEQEND
0
POLYLINE
8
P02603
66
1
70
0
0
VERTEX
8
P02603
10
52.577998
20
128.947329
30
0.0
0
VERTEX
8
P02603
10
57.488664
20
128.947329
30
0.0
0
SEQEND
0
POLYLINE
8
P02604
66
1
70
0
0
VERTEX
8
P02604
10
52.577998
20
128.862666
30
0.0
0
VERTEX
8
P02604
10
57.742664
20
128.862666
30
0.0
0
SEQEND
0
POLYLINE
8
P02605
66
1
70
0
0
VERTEX
8
P02605
10
52.577998
20
128.777992
30
0.0
0
VERTEX
8
P02605
10
57.912001
20
128.777992
30
0.0
0
SEQEND
0
POLYLINE
8
P02606
66
1
70
0
0
VERTEX
8
P02606
10
52.577998
20
128.693329
30
0.0
0
VERTEX
8
P02606
10
58.081333
20
128.693329
30
0.0
0
SEQEND
0
POLYLINE
8
P02607
66
1
70
0
0
VERTEX
8
P02607
10
52.577998
20
128.608666
30
0.0
0
VERTEX
8
P02607
10
57.912001
20
128.608666
30
0.0
0
SEQEND
0
POLYLINE
8
P02608
66
1
70
0
0
VERTEX
8
P02608
10
52.577998
20
128.523992
30
0.0
0
VERTEX
8
P02608
10
57.658001
20
128.523992
30
0.0
0
SEQEND
0
POLYLINE
8
P02609
66
1
70
0
0
VERTEX
8
P02609
10
52.577998
20
128.439329
30
0.0
0
VERTEX
8
P02609
10
57.488664
20
128.439329
30
0.0
0
SEQEND
0
POLYLINE
8
P02610
66
1
70
0
0
VERTEX
8
P02610
10
52.577998
20
128.354665
30
0.0
0
VERTEX
8
P02610
10
57.234663
20
128.354665
30
0.0
0
SEQEND
0
POLYLINE
8
P02611
66
1
70
0
0
VERTEX
8
P02611
10
52.577998
20
128.269991
30
0.0
0
VERTEX
8
P02611
10
56.980663
20
128.269991
30
0.0
0
SEQEND
0
POLYLINE
8
P02612
66
1
70
0
0
VERTEX
8
P02612
10
52.577998
20
128.185328
30
0.0
0
VERTEX
8
P02612
10
56.811331
20
128.185328
30
0.0
0
SEQEND
0
POLYLINE
8
P02613
66
1
70
0
0
VERTEX
8
P02613
10
52.577998
20
128.100665
30
0.0
0
VERTEX
8
P02613
10
56.557331
20
128.100665
30
0.0
0
SEQEND
0
POLYLINE
8
P02614
66
1
70
0
0
VERTEX
8
P02614
10
52.577998
20
128.015991
30
0.0
0
VERTEX
8
P02614
10
56.303330
20
128.015991
30
0.0
0
SEQEND
0
POLYLINE
8
P02615
66
1
70
0
0
VERTEX
8
P02615
10
52.577998
20
127.931328
30
0.0
0
VERTEX
8
P02615
10
55.710666
20
127.931328
30
0.0
0
SEQEND
0
POLYLINE
8
P02616
66
1
70
0
0
VERTEX
8
P02616
10
52.577998
20
127.846665
30
0.0
0
VERTEX
8
P02616
10
55.117997
20
127.846665
30
0.0
0
SEQEND
0
POLYLINE
8
P02617
66
1
70
0
0
VERTEX
8
P02617
10
52.577998
20
127.762001
30
0.0
0
VERTEX
8
P02617
10
54.440664
20
127.762001
30
0.0
0
SEQEND
0
POLYLINE
8
P02618
66
1
70
0
0
VERTEX
8
P02618
10
52.577998
20
127.677327
30
0.0
0
VERTEX
8
P02618
10
53.848000
20
127.677327
30
0.0
0
SEQEND
0
POLYLINE
8
P02619
66
1
70
0
0
VERTEX
8
P02619
10
52.577998
20
127.592664
30
0.0
0
VERTEX
8
P02619
10
53.255330
20
127.592664
30
0.0
0
VERTEX
8
P02619
10
52.577998
20
127.592664
30
0.0
0
SEQEND
0
POLYLINE
8
P02620
66
1
70
0
0
VERTEX
8
P02620
10
58.081333
20
128.693329
30
0.0
0
VERTEX
8
P02620
10
53.085998
20
128.015991
30
0.0
0
VERTEX
8
P02620
10
58.081333
20
128.693329
30
0.0
0
SEQEND
0
POLYLINE
8
P02621
66
1
70
0
0
VERTEX
8
P02621
10
53.085998
20
128.015991
30
0.0
0
VERTEX
8
P02621
10
53.593999
20
128.693329
30
0.0
0
VERTEX
8
P02621
10
53.085998
20
128.015991
30
0.0
0
SEQEND
0
POLYLINE
8
P02622
66
1
70
0
0
VERTEX
8
P02622
10
53.593999
20
128.693329
30
0.0
0
VERTEX
8
P02622
10
53.085998
20
129.370667
30
0.0
0
VERTEX
8
P02622
10
53.593999
20
128.693329
30
0.0
0
SEQEND
0
POLYLINE
8
P02623
66
1
70
0
0
VERTEX
8
P02623
10
53.085998
20
129.370667
30
0.0
0
VERTEX
8
P02623
10
58.081333
20
128.693329
30
0.0
0
VERTEX
8
P02623
10
53.085998
20
129.370667
30
0.0
0
SEQEND
0
POLYLINE
8
P02624
66
1
70
0
0
VERTEX
8
P02624
10
53.593999
20
128.693329
30
0.0
0
VERTEX
8
P02624
10
58.081333
20
128.693329
30
0.0
0
SEQEND
0
POLYLINE
8
P02625
66
1
70
0
0
VERTEX
8
P02625
10
53.593999
20
128.608666
30
0.0
0
VERTEX
8
P02625
10
57.488664
20
128.608666
30
0.0
0
SEQEND
0
POLYLINE
8
P02626
66
1
70
0
0
VERTEX
8
P02626
10
53.509331
20
128.523992
30
0.0
0
VERTEX
8
P02626
10
56.896000
20
128.523992
30
0.0
0
SEQEND
0
POLYLINE
8
P02627
66
1
70
0
0
VERTEX
8
P02627
10
53.424668
20
128.439329
30
0.0
0
VERTEX
8
P02627
10
56.218667
20
128.439329
30
0.0
0
SEQEND
0
POLYLINE
8
P02628
66
1
70
0
0
VERTEX
8
P02628
10
53.339999
20
128.354665
30
0.0
0
VERTEX
8
P02628
10
55.625997
20
128.354665
30
0.0
0
SEQEND
0
POLYLINE
8
P02629
66
1
70
0
0
VERTEX
8
P02629
10
53.339999
20
128.269991
30
0.0
0
VERTEX
8
P02629
10
55.033333
20
128.269991
30
0.0
0
SEQEND
0
POLYLINE
8
P02630
66
1
70
0
0
VERTEX
8
P02630
10
53.255330
20
128.185328
30
0.0
0
VERTEX
8
P02630
10
54.356001
20
128.185328
30
0.0
0
SEQEND
0
POLYLINE
8
P02631
66
1
70
0
0
VERTEX
8
P02631
10
53.170667
20
128.100665
30
0.0
0
VERTEX
8
P02631
10
53.763331
20
128.100665
30
0.0
0
VERTEX
8
P02631
10
53.170667
20
128.100665
30
0.0
0
SEQEND
0
POLYLINE
8
P02632
66
1
70
0
0
VERTEX
8
P02632
10
53.170667
20
129.285993
30
0.0
0
VERTEX
8
P02632
10
53.763331
20
129.285993
30
0.0
0
SEQEND
0
POLYLINE
8
P02633
66
1
70
0
0
VERTEX
8
P02633
10
53.255330
20
129.201330
30
0.0
0
VERTEX
8
P02633
10
54.356001
20
129.201330
30
0.0
0
SEQEND
0
POLYLINE
8
P02634
66
1
70
0
0
VERTEX
8
P02634
10
53.339999
20
129.116667
30
0.0
0
VERTEX
8
P02634
10
55.033333
20
129.116667
30
0.0
0
SEQEND
0
POLYLINE
8
P02635
66
1
70
0
0
VERTEX
8
P02635
10
53.339999
20
129.031993
30
0.0
0
VERTEX
8
P02635
10
55.625997
20
129.031993
30
0.0
0
SEQEND
0
POLYLINE
8
P02636
66
1
70
0
0
VERTEX
8
P02636
10
53.424668
20
128.947329
30
0.0
0
VERTEX
8
P02636
10
56.218667
20
128.947329
30
0.0
0
SEQEND
0
POLYLINE
8
P02637
66
1
70
0
0
VERTEX
8
P02637
10
53.509331
20
128.862666
30
0.0
0
VERTEX
8
P02637
10
56.896000
20
128.862666
30
0.0
0
SEQEND
0
POLYLINE
8
P02638
66
1
70
0
0
VERTEX
8
P02638
10
53.593999
20
128.777992
30
0.0
0
VERTEX
8
P02638
10
57.488664
20
128.777992
30
0.0
0
VERTEX
8
P02638
10
53.593999
20
128.777992
30
0.0
0
SEQEND
0
POLYLINE
8
P02639
66
1
70
0
0
VERTEX
8
P02639
10
46.566667
20
128.693329
30
0.0
0
VERTEX
8
P02639
10
58.081333
20
128.693329
30
0.0
0
VERTEX
8
P02639
10
46.566667
20
128.693329
30
0.0
0
SEQEND
0
POLYLINE
8
P02640
66
1
70
0
0
VERTEX
8
P02640
10
114.384663
20
144.949324
30
0.0
0
VERTEX
8
P02640
10
114.977327
20
144.949324
30
0.0
0
SEQEND
0
POLYLINE
8
P02641
66
1
70
0
0
VERTEX
8
P02641
10
113.791999
20
144.864661
30
0.0
0
VERTEX
8
P02641
10
114.977327
20
144.864661
30
0.0
0
SEQEND
0
POLYLINE
8
P02642
66
1
70
0
0
VERTEX
8
P02642
10
113.114661
20
144.779998
30
0.0
0
VERTEX
8
P02642
10
114.977327
20
144.779998
30
0.0
0
SEQEND
0
POLYLINE
8
P02643
66
1
70
0
0
VERTEX
8
P02643
10
112.521997
20
144.695324
30
0.0
0
VERTEX
8
P02643
10
114.977327
20
144.695324
30
0.0
0
SEQEND
0
POLYLINE
8
P02644
66
1
70
0
0
VERTEX
8
P02644
10
111.929333
20
144.610661
30
0.0
0
VERTEX
8
P02644
10
114.977327
20
144.610661
30
0.0
0
SEQEND
0
POLYLINE
8
P02645
66
1
70
0
0
VERTEX
8
P02645
10
111.251995
20
144.525997
30
0.0
0
VERTEX
8
P02645
10
114.977327
20
144.525997
30
0.0
0
SEQEND
0
POLYLINE
8
P02646
66
1
70
0
0
VERTEX
8
P02646
10
111.082668
20
144.441334
30
0.0
0
VERTEX
8
P02646
10
114.977327
20
144.441334
30
0.0
0
SEQEND
0
POLYLINE
8
P02647
66
1
70
0
0
VERTEX
8
P02647
10
110.828668
20
144.356660
30
0.0
0
VERTEX
8
P02647
10
114.977327
20
144.356660
30
0.0
0
SEQEND
0
POLYLINE
8
P02648
66
1
70
0
0
VERTEX
8
P02648
10
110.659331
20
144.271997
30
0.0
0
VERTEX
8
P02648
10
114.977327
20
144.271997
30
0.0
0
SEQEND
0
POLYLINE
8
P02649
66
1
70
0
0
VERTEX
8
P02649
10
110.405330
20
144.187334
30
0.0
0
VERTEX
8
P02649
10
114.977327
20
144.187334
30
0.0
0
SEQEND
0
POLYLINE
8
P02650
66
1
70
0
0
VERTEX
8
P02650
10
110.151330
20
144.102660
30
0.0
0
VERTEX
8
P02650
10
114.977327
20
144.102660
30
0.0
0
SEQEND
0
POLYLINE
8
P02651
66
1
70
0
0
VERTEX
8
P02651
10
109.981993
20
144.017997
30
0.0
0
VERTEX
8
P02651
10
114.977327
20
144.017997
30
0.0
0
SEQEND
0
POLYLINE
8
P02652
66
1
70
0
0
VERTEX
8
P02652
10
109.727992
20
143.933333
30
0.0
0
VERTEX
8
P02652
10
114.977327
20
143.933333
30
0.0
0
SEQEND
0
POLYLINE
8
P02653
66
1
70
0
0
VERTEX
8
P02653
10
109.474003
20
143.848659
30
0.0
0
VERTEX
8
P02653
10
114.977327
20
143.848659
30
0.0
0
SEQEND
0
POLYLINE
8
P02654
66
1
70
0
0
VERTEX
8
P02654
10
109.727992
20
143.763996
30
0.0
0
VERTEX
8
P02654
10
114.977327
20
143.763996
30
0.0
0
SEQEND
0
POLYLINE
8
P02655
66
1
70
0
0
VERTEX
8
P02655
10
109.897329
20
143.679333
30
0.0
0
VERTEX
8
P02655
10
114.977327
20
143.679333
30
0.0
0
SEQEND
0
POLYLINE
8
P02656
66
1
70
0
0
VERTEX
8
P02656
10
110.066667
20
143.594659
30
0.0
0
VERTEX
8
P02656
10
114.977327
20
143.594659
30
0.0
0
SEQEND
0
POLYLINE
8
P02657
66
1
70
0
0
VERTEX
8
P02657
10
110.320667
20
143.509996
30
0.0
0
VERTEX
8
P02657
10
114.977327
20
143.509996
30
0.0
0
SEQEND
0
POLYLINE
8
P02658
66
1
70
0
0
VERTEX
8
P02658
10
110.489994
20
143.425332
30
0.0
0
VERTEX
8
P02658
10
114.977327
20
143.425332
30
0.0
0
SEQEND
0
POLYLINE
8
P02659
66
1
70
0
0
VERTEX
8
P02659
10
110.659331
20
143.340658
30
0.0
0
VERTEX
8
P02659
10
114.977327
20
143.340658
30
0.0
0
SEQEND
0
POLYLINE
8
P02660
66
1
70
0
0
VERTEX
8
P02660
10
110.913331
20
143.255995
30
0.0
0
VERTEX
8
P02660
10
114.977327
20
143.255995
30
0.0
0
SEQEND
0
POLYLINE
8
P02661
66
1
70
0
0
VERTEX
8
P02661
10
111.082668
20
143.171332
30
0.0
0
VERTEX
8
P02661
10
114.977327
20
143.171332
30
0.0
0
SEQEND
0
POLYLINE
8
P02662
66
1
70
0
0
VERTEX
8
P02662
10
111.251995
20
143.086658
30
0.0
0
VERTEX
8
P02662
10
114.977327
20
143.086658
30
0.0
0
SEQEND
0
POLYLINE
8
P02663
66
1
70
0
0
VERTEX
8
P02663
10
111.929333
20
143.001995
30
0.0
0
VERTEX
8
P02663
10
114.977327
20
143.001995
30
0.0
0
SEQEND
0
POLYLINE
8
P02664
66
1
70
0
0
VERTEX
8
P02664
10
112.521997
20
142.917332
30
0.0
0
VERTEX
8
P02664
10
114.977327
20
142.917332
30
0.0
0
SEQEND
0
POLYLINE
8
P02665
66
1
70
0
0
VERTEX
8
P02665
10
113.114661
20
142.832658
30
0.0
0
VERTEX
8
P02665
10
114.977327
20
142.832658
30
0.0
0
SEQEND
0
POLYLINE
8
P02666
66
1
70
0
0
VERTEX
8
P02666
10
113.791999
20
142.747994
30
0.0
0
VERTEX
8
P02666
10
114.977327
20
142.747994
30
0.0
0
SEQEND
0
POLYLINE
8
P02667
66
1
70
0
0
VERTEX
8
P02667
10
114.384663
20
142.663331
30
0.0
0
VERTEX
8
P02667
10
114.977327
20
142.663331
30
0.0
0
VERTEX
8
P02667
10
114.384663
20
142.663331
30
0.0
0
SEQEND
0
POLYLINE
8
P02668
66
1
70
0
0
VERTEX
8
P02668
10
109.474003
20
143.848659
30
0.0
0
VERTEX
8
P02668
10
114.469326
20
144.441334
30
0.0
0
VERTEX
8
P02668
10
109.474003
20
143.848659
30
0.0
0
SEQEND
0
POLYLINE
8
P02669
66
1
70
0
0
VERTEX
8
P02669
10
114.469326
20
144.441334
30
0.0
0
VERTEX
8
P02669
10
113.961326
20
143.848659
30
0.0
0
VERTEX
8
P02669
10
114.469326
20
144.441334
30
0.0
0
SEQEND
0
POLYLINE
8
P02670
66
1
70
0
0
VERTEX
8
P02670
10
113.961326
20
143.848659
30
0.0
0
VERTEX
8
P02670
10
114.469326
20
143.171332
30
0.0
0
VERTEX
8
P02670
10
113.961326
20
143.848659
30
0.0
0
SEQEND
0
POLYLINE
8
P02671
66
1
70
0
0
VERTEX
8
P02671
10
114.469326
20
143.171332
30
0.0
0
VERTEX
8
P02671
10
109.474003
20
143.848659
30
0.0
0
VERTEX
8
P02671
10
114.469326
20
143.171332
30
0.0
0
SEQEND
0
POLYLINE
8
P02672
66
1
70
0
0
VERTEX
8
P02672
10
113.791999
20
144.356660
30
0.0
0
VERTEX
8
P02672
10
114.469326
20
144.356660
30
0.0
0
SEQEND
0
POLYLINE
8
P02673
66
1
70
0
0
VERTEX
8
P02673
10
113.114661
20
144.271997
30
0.0
0
VERTEX
8
P02673
10
114.384663
20
144.271997
30
0.0
0
SEQEND
0
POLYLINE
8
P02674
66
1
70
0
0
VERTEX
8
P02674
10
112.352660
20
144.187334
30
0.0
0
VERTEX
8
P02674
10
114.300000
20
144.187334
30
0.0
0
SEQEND
0
POLYLINE
8
P02675
66
1
70
0
0
VERTEX
8
P02675
10
111.675332
20
144.102660
30
0.0
0
VERTEX
8
P02675
10
114.215326
20
144.102660
30
0.0
0
SEQEND
0
POLYLINE
8
P02676
66
1
70
0
0
VERTEX
8
P02676
10
110.913331
20
144.017997
30
0.0
0
VERTEX
8
P02676
10
114.130663
20
144.017997
30
0.0
0
SEQEND
0
POLYLINE
8
P02677
66
1
70
0
0
VERTEX
8
P02677
10
110.235993
20
143.933333
30
0.0
0
VERTEX
8
P02677
10
114.046000
20
143.933333
30
0.0
0
VERTEX
8
P02677
10
110.235993
20
143.933333
30
0.0
0
SEQEND
0
POLYLINE
8
P02678
66
1
70
0
0
VERTEX
8
P02678
10
109.474003
20
143.848659
30
0.0
0
VERTEX
8
P02678
10
113.961326
20
143.848659
30
0.0
0
SEQEND
0
POLYLINE
8
P02679
66
1
70
0
0
VERTEX
8
P02679
10
110.151330
20
143.763996
30
0.0
0
VERTEX
8
P02679
10
114.046000
20
143.763996
30
0.0
0
SEQEND
0
POLYLINE
8
P02680
66
1
70
0
0
VERTEX
8
P02680
10
110.743994
20
143.679333
30
0.0
0
VERTEX
8
P02680
10
114.130663
20
143.679333
30
0.0
0
SEQEND
0
POLYLINE
8
P02681
66
1
70
0
0
VERTEX
8
P02681
10
111.421332
20
143.594659
30
0.0
0
VERTEX
8
P02681
10
114.215326
20
143.594659
30
0.0
0
SEQEND
0
POLYLINE
8
P02682
66
1
70
0
0
VERTEX
8
P02682
10
112.013996
20
143.509996
30
0.0
0
VERTEX
8
P02682
10
114.215326
20
143.509996
30
0.0
0
SEQEND
0
POLYLINE
8
P02683
66
1
70
0
0
VERTEX
8
P02683
10
112.606660
20
143.425332
30
0.0
0
VERTEX
8
P02683
10
114.300000
20
143.425332
30
0.0
0
SEQEND
0
POLYLINE
8
P02684
66
1
70
0
0
VERTEX
8
P02684
10
113.283998
20
143.340658
30
0.0
0
VERTEX
8
P02684
10
114.384663
20
143.340658
30
0.0
0
SEQEND
0
POLYLINE
8
P02685
66
1
70
0
0
VERTEX
8
P02685
10
113.876662
20
143.255995
30
0.0
0
VERTEX
8
P02685
10
114.469326
20
143.255995
30
0.0
0
VERTEX
8
P02685
10
113.876662
20
143.255995
30
0.0
0
SEQEND
0
POLYLINE
8
P02686
66
1
70
0
0
VERTEX
8
P02686
10
118.109996
20
144.949324
30
0.0
0
VERTEX
8
P02686
10
118.787334
20
144.949324
30
0.0
0
SEQEND
0
POLYLINE
8
P02687
66
1
70
0
0
VERTEX
8
P02687
10
118.109996
20
144.864661
30
0.0
0
VERTEX
8
P02687
10
119.379998
20
144.864661
30
0.0
0
SEQEND
0
POLYLINE
8
P02688
66
1
70
0
0
VERTEX
8
P02688
10
118.109996
20
144.779998
30
0.0
0
VERTEX
8
P02688
10
119.972662
20
144.779998
30
0.0
0
SEQEND
0
POLYLINE
8
P02689
66
1
70
0
0
VERTEX
8
P02689
10
118.109996
20
144.695324
30
0.0
0
VERTEX
8
P02689
10
120.650000
20
144.695324
30
0.0
0
SEQEND
0
POLYLINE
8
P02690
66
1
70
0
0
VERTEX
8
P02690
10
118.109996
20
144.610661
30
0.0
0
VERTEX
8
P02690
10
121.242664
20
144.610661
30
0.0
0
SEQEND
0
POLYLINE
8
P02691
66
1
70
0
0
VERTEX
8
P02691
10
118.109996
20
144.525997
30
0.0
0
VERTEX
8
P02691
10
121.835328
20
144.525997
30
0.0
0
SEQEND
0
POLYLINE
8
P02692
66
1
70
0
0
VERTEX
8
P02692
10
118.109996
20
144.441334
30
0.0
0
VERTEX
8
P02692
10
122.089329
20
144.441334
30
0.0
0
SEQEND
0
POLYLINE
8
P02693
66
1
70
0
0
VERTEX
8
P02693
10
118.109996
20
144.356660
30
0.0
0
VERTEX
8
P02693
10
122.343329
20
144.356660
30
0.0
0
SEQEND
0
POLYLINE
8
P02694
66
1
70
0
0
VERTEX
8
P02694
10
118.109996
20
144.271997
30
0.0
0
VERTEX
8
P02694
10
122.512666
20
144.271997
30
0.0
0
SEQEND
0
POLYLINE
8
P02695
66
1
70
0
0
VERTEX
8
P02695
10
118.109996
20
144.187334
30
0.0
0
VERTEX
8
P02695
10
122.766667
20
144.187334
30
0.0
0
SEQEND
0
POLYLINE
8
P02696
66
1
70
0
0
VERTEX
8
P02696
10
118.109996
20
144.102660
30
0.0
0
VERTEX
8
P02696
10
123.020667
20
144.102660
30
0.0
0
SEQEND
0
POLYLINE
8
P02697
66
1
70
0
0
VERTEX
8
P02697
10
118.109996
20
144.017997
30
0.0
0
VERTEX
8
P02697
10
123.189994
20
144.017997
30
0.0
0
SEQEND
0
POLYLINE
8
P02698
66
1
70
0
0
VERTEX
8
P02698
10
118.109996
20
143.933333
30
0.0
0
VERTEX
8
P02698
10
123.443994
20
143.933333
30
0.0
0
SEQEND
0
POLYLINE
8
P02699
66
1
70
0
0
VERTEX
8
P02699
10
118.109996
20
143.848659
30
0.0
0
VERTEX
8
P02699
10
123.613331
20
143.848659
30
0.0
0
SEQEND
0
POLYLINE
8
P02700
66
1
70
0
0
VERTEX
8
P02700
10
118.109996
20
143.763996
30
0.0
0
VERTEX
8
P02700
10
123.443994
20
143.763996
30
0.0
0
SEQEND
0
POLYLINE
8
P02701
66
1
70
0
0
VERTEX
8
P02701
10
118.109996
20
143.679333
30
0.0
0
VERTEX
8
P02701
10
123.274668
20
143.679333
30
0.0
0
SEQEND
0
POLYLINE
8
P02702
66
1
70
0
0
VERTEX
8
P02702
10
118.109996
20
143.594659
30
0.0
0
VERTEX
8
P02702
10
123.020667
20
143.594659
30
0.0
0
SEQEND
0
POLYLINE
8
P02703
66
1
70
0
0
VERTEX
8
P02703
10
118.109996
20
143.509996
30
0.0
0
VERTEX
8
P02703
10
122.851330
20
143.509996
30
0.0
0
SEQEND
0
POLYLINE
8
P02704
66
1
70
0
0
VERTEX
8
P02704
10
118.109996
20
143.425332
30
0.0
0
VERTEX
8
P02704
10
122.681993
20
143.425332
30
0.0
0
SEQEND
0
POLYLINE
8
P02705
66
1
70
0
0
VERTEX
8
P02705
10
118.109996
20
143.340658
30
0.0
0
VERTEX
8
P02705
10
122.427992
20
143.340658
30
0.0
0
SEQEND
0
POLYLINE
8
P02706
66
1
70
0
0
VERTEX
8
P02706
10
118.109996
20
143.255995
30
0.0
0
VERTEX
8
P02706
10
122.258666
20
143.255995
30
0.0
0
SEQEND
0
POLYLINE
8
P02707
66
1
70
0
0
VERTEX
8
P02707
10
118.109996
20
143.171332
30
0.0
0
VERTEX
8
P02707
10
122.089329
20
143.171332
30
0.0
0
SEQEND
0
POLYLINE
8
P02708
66
1
70
0
0
VERTEX
8
P02708
10
118.109996
20
143.086658
30
0.0
0
VERTEX
8
P02708
10
121.835328
20
143.086658
30
0.0
0
SEQEND
0
POLYLINE
8
P02709
66
1
70
0
0
VERTEX
8
P02709
10
118.109996
20
143.001995
30
0.0
0
VERTEX
8
P02709
10
121.242664
20
143.001995
30
0.0
0
SEQEND
0
POLYLINE
8
P02710
66
1
70
0
0
VERTEX
8
P02710
10
118.109996
20
142.917332
30
0.0
0
VERTEX
8
P02710
10
120.650000
20
142.917332
30
0.0
0
SEQEND
0
POLYLINE
8
P02711
66
1
70
0
0
VERTEX
8
P02711
10
118.109996
20
142.832658
30
0.0
0
VERTEX
8
P02711
10
119.972662
20
142.832658
30
0.0
0
SEQEND
0
POLYLINE
8
P02712
66
1
70
0
0
VERTEX
8
P02712
10
118.109996
20
142.747994
30
0.0
0
VERTEX
8
P02712
10
119.379998
20
142.747994
30
0.0
0
SEQEND
0
POLYLINE
8
P02713
66
1
70
0
0
VERTEX
8
P02713
10
118.109996
20
142.663331
30
0.0
0
VERTEX
8
P02713
10
118.787334
20
142.663331
30
0.0
0
VERTEX
8
P02713
10
118.109996
20
142.663331
30
0.0
0
SEQEND
0
POLYLINE
8
P02714
66
1
70
0
0
VERTEX
8
P02714
10
123.613331
20
143.848659
30
0.0
0
VERTEX
8
P02714
10
118.617997
20
143.171332
30
0.0
0
VERTEX
8
P02714
10
123.613331
20
143.848659
30
0.0
0
SEQEND
0
POLYLINE
8
P02715
66
1
70
0
0
VERTEX
8
P02715
10
118.617997
20
143.171332
30
0.0
0
VERTEX
8
P02715
10
119.125997
20
143.848659
30
0.0
0
VERTEX
8
P02715
10
118.617997
20
143.171332
30
0.0
0
SEQEND
0
POLYLINE
8
P02716
66
1
70
0
0
VERTEX
8
P02716
10
119.125997
20
143.848659
30
0.0
0
VERTEX
8
P02716
10
118.617997
20
144.441334
30
0.0
0
VERTEX
8
P02716
10
119.125997
20
143.848659
30
0.0
0
SEQEND
0
POLYLINE
8
P02717
66
1
70
0
0
VERTEX
8
P02717
10
118.617997
20
144.441334
30
0.0
0
VERTEX
8
P02717
10
123.613331
20
143.848659
30
0.0
0
VERTEX
8
P02717
10
118.617997
20
144.441334
30
0.0
0
SEQEND
0
POLYLINE
8
P02718
66
1
70
0
0
VERTEX
8
P02718
10
119.125997
20
143.848659
30
0.0
0
VERTEX
8
P02718
10
123.613331
20
143.848659
30
0.0
0
SEQEND
0
POLYLINE
8
P02719
66
1
70
0
0
VERTEX
8
P02719
10
119.125997
20
143.763996
30
0.0
0
VERTEX
8
P02719
10
123.020667
20
143.763996
30
0.0
0
SEQEND
0
POLYLINE
8
P02720
66
1
70
0
0
VERTEX
8
P02720
10
119.041334
20
143.679333
30
0.0
0
VERTEX
8
P02720
10
122.427992
20
143.679333
30
0.0
0
SEQEND
0
POLYLINE
8
P02721
66
1
70
0
0
VERTEX
8
P02721
10
118.956660
20
143.594659
30
0.0
0
VERTEX
8
P02721
10
121.750665
20
143.594659
30
0.0
0
SEQEND
0
POLYLINE
8
P02722
66
1
70
0
0
VERTEX
8
P02722
10
118.871997
20
143.509996
30
0.0
0
VERTEX
8
P02722
10
121.158001
20
143.509996
30
0.0
0
SEQEND
0
POLYLINE
8
P02723
66
1
70
0
0
VERTEX
8
P02723
10
118.871997
20
143.425332
30
0.0
0
VERTEX
8
P02723
10
120.565326
20
143.425332
30
0.0
0
SEQEND
0
POLYLINE
8
P02724
66
1
70
0
0
VERTEX
8
P02724
10
118.787334
20
143.340658
30
0.0
0
VERTEX
8
P02724
10
119.887999
20
143.340658
30
0.0
0
SEQEND
0
POLYLINE
8
P02725
66
1
70
0
0
VERTEX
8
P02725
10
118.702660
20
143.255995
30
0.0
0
VERTEX
8
P02725
10
119.295335
20
143.255995
30
0.0
0
VERTEX
8
P02725
10
118.702660
20
143.255995
30
0.0
0
SEQEND
0
POLYLINE
8
P02726
66
1
70
0
0
VERTEX
8
P02726
10
118.702660
20
144.356660
30
0.0
0
VERTEX
8
P02726
10
119.379998
20
144.356660
30
0.0
0
SEQEND
0
POLYLINE
8
P02727
66
1
70
0
0
VERTEX
8
P02727
10
118.787334
20
144.271997
30
0.0
0
VERTEX
8
P02727
10
120.057336
20
144.271997
30
0.0
0
SEQEND
0
POLYLINE
8
P02728
66
1
70
0
0
VERTEX
8
P02728
10
118.871997
20
144.187334
30
0.0
0
VERTEX
8
P02728
10
120.819326
20
144.187334
30
0.0
0
SEQEND
0
POLYLINE
8
P02729
66
1
70
0
0
VERTEX
8
P02729
10
118.956660
20
144.102660
30
0.0
0
VERTEX
8
P02729
10
121.496665
20
144.102660
30
0.0
0
SEQEND
0
POLYLINE
8
P02730
66
1
70
0
0
VERTEX
8
P02730
10
119.041334
20
144.017997
30
0.0
0
VERTEX
8
P02730
10
122.258666
20
144.017997
30
0.0
0
SEQEND
0
POLYLINE
8
P02731
66
1
70
0
0
VERTEX
8
P02731
10
119.125997
20
143.933333
30
0.0
0
VERTEX
8
P02731
10
122.935993
20
143.933333
30
0.0
0
VERTEX
8
P02731
10
119.125997
20
143.933333
30
0.0
0
SEQEND
0
POLYLINE
8
P02732
66
1
70
0
0
VERTEX
8
P02732
10
109.474003
20
143.848659
30
0.0
0
VERTEX
8
P02732
10
123.613331
20
143.848659
30
0.0
0
VERTEX
8
P02732
10
109.474003
20
143.848659
30
0.0
0
SEQEND
0
POLYLINE
8
P02733
66
1
70
0
0
VERTEX
8
P02733
10
0.508000
20
0.592664
30
0.0
0
VERTEX
8
P02733
10
0.508000
20
297.603326
30
0.0
0
VERTEX
8
P02733
10
0.508000
20
0.592664
30
0.0
0
SEQEND
0
POLYLINE
8
P02734
66
1
70
0
0
VERTEX
8
P02734
10
0.508000
20
297.603326
30
0.0
0
VERTEX
8
P02734
10
210.481339
20
297.603326
30
0.0
0
VERTEX
8
P02734
10
0.508000
20
297.603326
30
0.0
0
SEQEND
0
POLYLINE
8
P02735
66
1
70
0
0
VERTEX
8
P02735
10
210.481339
20
297.603326
30
0.0
0
VERTEX
8
P02735
10
210.481339
20
0.592664
30
0.0
0
VERTEX
8
P02735
10
210.481339
20
297.603326
30
0.0
0
SEQEND
0
POLYLINE
8
P02736
66
1
70
0
0
VERTEX
8
P02736
10
210.481339
20
0.592664
30
0.0
0
VERTEX
8
P02736
10
0.508000
20
0.592664
30
0.0
0
VERTEX
8
P02736
10
210.481339
20
0.592664
30
0.0
0
SEQEND
0
POLYLINE
8
P02737
66
1
70
0
0
VERTEX
8
P02737
10
20.489333
20
5.588009
30
0.0
0
VERTEX
8
P02737
10
20.489333
20
292.607992
30
0.0
0
VERTEX
8
P02737
10
20.489333
20
5.588009
30
0.0
0
SEQEND
0
POLYLINE
8
P02738
66
1
70
0
0
VERTEX
8
P02738
10
20.489333
20
292.607992
30
0.0
0
VERTEX
8
P02738
10
205.485993
20
292.607992
30
0.0
0
VERTEX
8
P02738
10
20.489333
20
292.607992
30
0.0
0
SEQEND
0
POLYLINE
8
P02739
66
1
70
0
0
VERTEX
8
P02739
10
205.485993
20
292.607992
30
0.0
0
VERTEX
8
P02739
10
205.485993
20
5.588009
30
0.0
0
VERTEX
8
P02739
10
205.485993
20
292.607992
30
0.0
0
SEQEND
0
POLYLINE
8
P02740
66
1
70
0
0
VERTEX
8
P02740
10
205.485993
20
5.588009
30
0.0
0
VERTEX
8
P02740
10
20.489333
20
5.588009
30
0.0
0
VERTEX
8
P02740
10
205.485993
20
5.588009
30
0.0
0
SEQEND
0
POLYLINE
8
P02741
66
1
70
0
0
VERTEX
8
P02741
10
20.489333
20
60.621321
30
0.0
0
VERTEX
8
P02741
10
205.485993
20
60.621321
30
0.0
0
VERTEX
8
P02741
10
20.489333
20
60.621321
30
0.0
0
SEQEND
0
POLYLINE
8
P02742
66
1
70
0
0
VERTEX
8
P02742
10
20.489333
20
50.630674
30
0.0
0
VERTEX
8
P02742
10
85.513331
20
50.630674
30
0.0
0
VERTEX
8
P02742
10
20.489333
20
50.630674
30
0.0
0
SEQEND
0
POLYLINE
8
P02743
66
1
70
0
0
VERTEX
8
P02743
10
20.489333
20
45.635328
30
0.0
0
VERTEX
8
P02743
10
85.513331
20
45.635328
30
0.0
0
VERTEX
8
P02743
10
20.489333
20
45.635328
30
0.0
0
SEQEND
0
POLYLINE
8
P02744
66
1
70
0
0
VERTEX
8
P02744
10
20.489333
20
30.649335
30
0.0
0
VERTEX
8
P02744
10
85.513331
20
30.649335
30
0.0
0
VERTEX
8
P02744
10
20.489333
20
30.649335
30
0.0
0
SEQEND
0
POLYLINE
8
P02745
66
1
70
0
0
VERTEX
8
P02745
10
20.489333
20
25.569326
30
0.0
0
VERTEX
8
P02745
10
85.513331
20
25.569326
30
0.0
0
VERTEX
8
P02745
10
20.489333
20
25.569326
30
0.0
0
SEQEND
0
POLYLINE
8
P02746
66
1
70
0
0
VERTEX
8
P02746
10
20.489333
20
20.574003
30
0.0
0
VERTEX
8
P02746
10
85.513331
20
20.574003
30
0.0
0
VERTEX
8
P02746
10
20.489333
20
20.574003
30
0.0
0
SEQEND
0
POLYLINE
8
P02747
66
1
70
0
0
VERTEX
8
P02747
10
20.489333
20
15.578657
30
0.0
0
VERTEX
8
P02747
10
85.513331
20
15.578657
30
0.0
0
VERTEX
8
P02747
10
20.489333
20
15.578657
30
0.0
0
SEQEND
0
POLYLINE
8
P02748
66
1
70
0
0
VERTEX
8
P02748
10
20.489333
20
10.583333
30
0.0
0
VERTEX
8
P02748
10
85.513331
20
10.583333
30
0.0
0
VERTEX
8
P02748
10
20.489333
20
10.583333
30
0.0
0
SEQEND
0
POLYLINE
8
P02749
66
1
70
0
0
VERTEX
8
P02749
10
20.489333
20
5.588009
30
0.0
0
VERTEX
8
P02749
10
20.489333
20
60.621321
30
0.0
0
VERTEX
8
P02749
10
20.489333
20
5.588009
30
0.0
0
SEQEND
0
POLYLINE
8
P02750
66
1
70
0
0
VERTEX
8
P02750
10
20.489333
20
55.625997
30
0.0
0
VERTEX
8
P02750
10
85.513331
20
55.625997
30
0.0
0
VERTEX
8
P02750
10
20.489333
20
55.625997
30
0.0
0
SEQEND
0
POLYLINE
8
P02751
66
1
70
0
0
VERTEX
8
P02751
10
37.507333
20
5.588009
30
0.0
0
VERTEX
8
P02751
10
37.507333
20
60.621321
30
0.0
0
VERTEX
8
P02751
10
37.507333
20
5.588009
30
0.0
0
SEQEND
0
POLYLINE
8
P02752
66
1
70
0
0
VERTEX
8
P02752
10
60.536663
20
5.588009
30
0.0
0
VERTEX
8
P02752
10
60.536663
20
60.621321
30
0.0
0
VERTEX
8
P02752
10
60.536663
20
5.588009
30
0.0
0
SEQEND
0
POLYLINE
8
P02753
66
1
70
0
0
VERTEX
8
P02753
10
75.522667
20
5.588009
30
0.0
0
VERTEX
8
P02753
10
75.522667
20
60.621321
30
0.0
0
VERTEX
8
P02753
10
75.522667
20
5.588009
30
0.0
0
SEQEND
0
POLYLINE
8
P02754
66
1
70
0
0
VERTEX
8
P02754
10
85.513331
20
5.588009
30
0.0
0
VERTEX
8
P02754
10
85.513331
20
60.621321
30
0.0
0
VERTEX
8
P02754
10
85.513331
20
5.588009
30
0.0
0
SEQEND
0
POLYLINE
8
P02755
66
1
70
0
0
VERTEX
8
P02755
10
155.532668
20
5.588009
30
0.0
0
VERTEX
8
P02755
10
155.532668
20
45.635328
30
0.0
0
VERTEX
8
P02755
10
155.532668
20
5.588009
30
0.0
0
SEQEND
0
POLYLINE
8
P02756
66
1
70
0
0
VERTEX
8
P02756
10
170.518661
20
25.569326
30
0.0
0
VERTEX
8
P02756
10
170.518661
20
45.635328
30
0.0
0
VERTEX
8
P02756
10
170.518661
20
25.569326
30
0.0
0
SEQEND
0
POLYLINE
8
P02757
66
1
70
0
0
VERTEX
8
P02757
10
187.536658
20
25.569326
30
0.0
0
VERTEX
8
P02757
10
187.536658
20
45.635328
30
0.0
0
VERTEX
8
P02757
10
187.536658
20
25.569326
30
0.0
0
SEQEND
0
POLYLINE
8
P02758
66
1
70
0
0
VERTEX
8
P02758
10
20.489333
20
40.640004
30
0.0
0
VERTEX
8
P02758
10
85.513331
20
40.640004
30
0.0
0
VERTEX
8
P02758
10
20.489333
20
40.640004
30
0.0
0
SEQEND
0
POLYLINE
8
P02759
66
1
70
0
0
VERTEX
8
P02759
10
20.489333
20
35.644659
30
0.0
0
VERTEX
8
P02759
10
85.513331
20
35.644659
30
0.0
0
VERTEX
8
P02759
10
20.489333
20
35.644659
30
0.0
0
SEQEND
0
POLYLINE
8
P02760
66
1
70
0
0
VERTEX
8
P02760
10
155.532668
20
20.574003
30
0.0
0
VERTEX
8
P02760
10
205.485993
20
20.574003
30
0.0
0
VERTEX
8
P02760
10
155.532668
20
20.574003
30
0.0
0
SEQEND
0
POLYLINE
8
P02761
66
1
70
0
0
VERTEX
8
P02761
10
170.518661
20
40.640004
30
0.0
0
VERTEX
8
P02761
10
205.485993
20
40.640004
30
0.0
0
VERTEX
8
P02761
10
170.518661
20
40.640004
30
0.0
0
SEQEND
0
POLYLINE
8
P02762
66
1
70
0
0
VERTEX
8
P02762
10
155.532668
20
40.640004
30
0.0
0
VERTEX
8
P02762
10
170.518661
20
40.640004
30
0.0
0
VERTEX
8
P02762
10
155.532668
20
40.640004
30
0.0
0
SEQEND
0
POLYLINE
8
P02763
66
1
70
0
0
VERTEX
8
P02763
10
85.513331
20
45.635328
30
0.0
0
VERTEX
8
P02763
10
205.485993
20
45.635328
30
0.0
0
VERTEX
8
P02763
10
85.513331
20
45.635328
30
0.0
0
SEQEND
0
POLYLINE
8
P02764
66
1
70
0
0
VERTEX
8
P02764
10
85.513331
20
20.574003
30
0.0
0
VERTEX
8
P02764
10
155.532668
20
20.574003
30
0.0
0
VERTEX
8
P02764
10
85.513331
20
20.574003
30
0.0
0
SEQEND
0
POLYLINE
8
P02765
66
1
70
0
0
VERTEX
8
P02765
10
155.532668
20
25.569326
30
0.0
0
VERTEX
8
P02765
10
205.485993
20
25.569326
30
0.0
0
VERTEX
8
P02765
10
155.532668
20
25.569326
30
0.0
0
SEQEND
0
POLYLINE
8
P02766
66
1
70
0
0
VERTEX
8
P02766
10
176.106660
20
20.574003
30
0.0
0
VERTEX
8
P02766
10
176.106660
20
25.569326
30
0.0
0
VERTEX
8
P02766
10
176.106660
20
20.574003
30
0.0
0
SEQEND
0
POLYLINE
8
P02767
66
1
70
0
0
VERTEX
8
P02767
10
160.443329
20
25.569326
30
0.0
0
VERTEX
8
P02767
10
160.443329
20
40.640004
30
0.0
0
VERTEX
8
P02767
10
160.443329
20
25.569326
30
0.0
0
SEQEND
0
POLYLINE
8
P02768
66
1
70
0
0
VERTEX
8
P02768
10
165.523327
20
25.569326
30
0.0
0
VERTEX
8
P02768
10
165.523327
20
40.640004
30
0.0
0
VERTEX
8
P02768
10
165.523327
20
25.569326
30
0.0
0
SEQEND
0
POLYLINE
8
P02769
66
1
70
0
0
VERTEX
8
P02769
10
27.516667
20
35.644659
30
0.0
0
VERTEX
8
P02769
10
27.516667
20
60.621321
30
0.0
0
VERTEX
8
P02769
10
27.516667
20
35.644659
30
0.0
0
SEQEND
0
POLYLINE
8
P02770
66
1
70
0
0
VERTEX
8
P02770
10
13.462000
20
5.588009
30
0.0
0
VERTEX
8
P02770
10
13.462000
20
150.621997
30
0.0
0
VERTEX
8
P02770
10
13.462000
20
5.588009
30
0.0
0
SEQEND
0
POLYLINE
8
P02771
66
1
70
0
0
VERTEX
8
P02771
10
20.489333
20
150.621997
30
0.0
0
VERTEX
8
P02771
10
8.466667
20
150.621997
30
0.0
0
VERTEX
8
P02771
10
20.489333
20
150.621997
30
0.0
0
SEQEND
0
POLYLINE
8
P02772
66
1
70
0
0
VERTEX
8
P02772
10
20.489333
20
30.649335
30
0.0
0
VERTEX
8
P02772
10
8.466667
20
30.649335
30
0.0
0
VERTEX
8
P02772
10
20.489333
20
30.649335
30
0.0
0
SEQEND
0
POLYLINE
8
P02773
66
1
70
0
0
VERTEX
8
P02773
10
20.489333
20
65.616667
30
0.0
0
VERTEX
8
P02773
10
8.466667
20
65.616667
30
0.0
0
VERTEX
8
P02773
10
20.489333
20
65.616667
30
0.0
0
SEQEND
0
POLYLINE
8
P02774
66
1
70
0
0
VERTEX
8
P02774
10
20.489333
20
90.593329
30
0.0
0
VERTEX
8
P02774
10
8.466667
20
90.593329
30
0.0
0
VERTEX
8
P02774
10
20.489333
20
90.593329
30
0.0
0
SEQEND
0
POLYLINE
8
P02775
66
1
70
0
0
VERTEX
8
P02775
10
20.489333
20
115.569991
30
0.0
0
VERTEX
8
P02775
10
8.466667
20
115.569991
30
0.0
0
VERTEX
8
P02775
10
20.489333
20
115.569991
30
0.0
0
SEQEND
0
POLYLINE
8
P02776
66
1
70
0
0
VERTEX
8
P02776
10
8.466667
20
172.635328
30
0.0
0
VERTEX
8
P02776
10
8.466667
20
292.607992
30
0.0
0
VERTEX
8
P02776
10
8.466667
20
172.635328
30
0.0
0
SEQEND
0
POLYLINE
8
P02777
66
1
70
0
0
VERTEX
8
P02777
10
13.462000
20
172.635328
30
0.0
0
VERTEX
8
P02777
10
13.462000
20
292.607992
30
0.0
0
VERTEX
8
P02777
10
13.462000
20
172.635328
30
0.0
0
SEQEND
0
POLYLINE
8
P02778
66
1
70
0
0
VERTEX
8
P02778
10
20.489333
20
172.635328
30
0.0
0
VERTEX
8
P02778
10
8.466667
20
172.635328
30
0.0
0
VERTEX
8
P02778
10
20.489333
20
172.635328
30
0.0
0
SEQEND
0
POLYLINE
8
P02779
66
1
70
0
0
VERTEX
8
P02779
10
20.489333
20
292.607992
30
0.0
0
VERTEX
8
P02779
10
8.466667
20
292.607992
30
0.0
0
VERTEX
8
P02779
10
20.489333
20
292.607992
30
0.0
0
SEQEND
0
POLYLINE
8
P02780
66
1
70
0
0
VERTEX
8
P02780
10
20.489333
20
232.579328
30
0.0
0
VERTEX
8
P02780
10
8.466667
20
232.579328
30
0.0
0
VERTEX
8
P02780
10
20.489333
20
232.579328
30
0.0
0
SEQEND
0
POLYLINE
8
P02781
66
1
70
0
0
VERTEX
8
P02781
10
90.508666
20
278.637993
30
0.0
0
VERTEX
8
P02781
10
20.489333
20
278.637993
30
0.0
0
VERTEX
8
P02781
10
90.508666
20
278.637993
30
0.0
0
SEQEND
0
POLYLINE
8
P02782
66
1
70
0
0
VERTEX
8
P02782
10
90.508666
20
292.607992
30
0.0
0
VERTEX
8
P02782
10
90.508666
20
278.637993
30
0.0
0
VERTEX
8
P02782
10
90.508666
20
292.607992
30
0.0
0
SEQEND
0
ENDSEC
0
EOF
