G21
G90
G17
G91.1
G0 Z0.0000
G0 X117.9556 Y-198.1778 F15000.0
G1 Z11.9000 F2500.0
G4 P0.02
G1 X124.0944 Y-194.4000 F12000.0
G1 X130.3278 Y-198.6500
G1 X127.8722 Y-200.5389
G1 X123.7167 Y-200.1611
G1 X120.9778 Y-199.0278
G1 X118.5222 Y-199.0278
G1 X117.9556 Y-198.1778
G1 Z0.0000 F2500.0
G4 P0.02
G0 X111.9111 Y-196.6667 F15000.0
G1 Z11.9000 F2500.0
G4 P0.02
G1 X113.3278 Y-202.8056 F12000.0
G1 X114.4611 Y-203.6556
G1 X110.7778 Y-202.9944
G1 X113.3278 Y-203.1833
G1 X111.7222 Y-201.0111
G1 X111.7222 Y-202.2389
G1 X111.7222 Y-197.8944
G1 X108.0389 Y-203.9389
G1 X110.4944 Y-203.5611
G1 X112.4778 Y-204.8833
G1 X114.0833 Y-205.1667
G1 X111.7222 Y-205.4500
G1 X112.3833 Y-205.6389
G1 X109.7389 Y-203.6556
G1 X109.0778 Y-204.5056
G1 X110.6833 Y-206.3944
G1 X110.4944 Y-207.8111
G1 X110.2111 Y-205.5444
G1 X109.0778 Y-208.7556
G1 X109.7389 Y-209.7000
G1 X110.0222 Y-209.4167
G1 X110.5889 Y-210.5500
G1 X109.0778 Y-207.9056
G1 X109.0778 Y-204.5056
G1 X107.4722 Y-204.1278
G1 X108.5111 Y-206.6778
G1 X107.0000 Y-206.9611
G1 X107.9444 Y-205.7333
G1 X107.5667 Y-204.9778
G1 X105.9611 Y-206.3000
G1 X111.8167 Y-197.1389
G1 X111.5333 Y-196.2889
G1 Z0.0000 F2500.0
G4 P0.02
G0 X105.9604 Y-193.6973 F15000.0
G1 Z11.9000 F2500.0
G4 P0.02
G1 X108.1817 Y-201.9601 F12000.0
G1 Z0.0000 F2500.0
G4 P0.02
G0 X103.7145 Y-202.9124 F15000.0
G1 Z11.9000 F2500.0
G4 P0.02
G1 X92.7898 Y-195.8295 F12000.0
G1 Z0.0000 F2500.0
G4 P0.02
G0 X89.2418 Y-194.7670 F15000.0
G1 Z11.9000 F2500.0
G4 P0.02
G1 X84.6908 Y-181.7510 F12000.0
G1 Z0.0000 F2500.0
G4 P0.02
G0 X82.4444 Y-183.4444 F15000.0
G1 Z11.9000 F2500.0
G4 P0.02
G1 X85.3722 Y-192.7944 F12000.0
G1 X88.5833 Y-196.4778
G1 X88.7722 Y-196.1000
G1 X91.9833 Y-201.1056
G1 X89.4333 Y-197.9889
G1 X91.7000 Y-201.2944
G1 X87.4500 Y-198.4611
G1 X80.8389 Y-188.5444
G1 X80.2722 Y-188.4500
G1 X80.2722 Y-187.6000
G1 X82.7278 Y-194.4000
G1 X84.0500 Y-195.9111
G1 X80.6500 Y-189.5833
G1 X80.8389 Y-189.0167
G1 X85.4667 Y-196.4778
G1 X95.0056 Y-206.0167
G1 X95.5722 Y-212.7222
G1 X91.9833 Y-223.3944
G1 X95.4778 Y-215.4611
G1 X95.0056 Y-205.9222
G1 X91.7944 Y-201.4833
G1 X92.5500 Y-200.7278
G1 X88.9611 Y-195.2500
G1 X89.1500 Y-194.5889
G1 X88.3944 Y-194.5889
G1 X87.0722 Y-193.5500
G1 X88.5833 Y-196.1944
G1 X87.3556 Y-195.7222
G1 X82.4444 Y-183.8222
G1 Z0.0000 F2500.0
G4 P0.02
G0 X77.9111 Y-183.8222 F15000.0
G1 Z11.9000 F2500.0
G4 P0.02
G1 X78.1944 Y-183.5389 F12000.0
G1 X80.0833 Y-192.0389
G1 X85.2778 Y-197.8944
G1 X79.7056 Y-191.5667
G1 X78.1000 Y-184.2000
G1 X77.3444 Y-188.0722
G1 X75.4556 Y-191.1889
G1 X70.3556 Y-195.7222
G1 X75.4556 Y-190.7167
G1 X77.2500 Y-187.6944
G1 X77.5333 Y-183.4444
G1 Z0.0000 F2500.0
G4 P0.02
G0 X72.6222 Y-186.4667 F15000.0
G1 Z11.9000 F2500.0
G4 P0.02
G1 X75.5500 Y-189.2056 F12000.0
G1 X71.5833 Y-192.0389
G1 X69.9778 Y-191.0000
G1 X72.6222 Y-186.4667
G1 Z0.0000 F2500.0
G4 P0.02
G0 X66.5051 Y-187.0658 F15000.0
G1 Z11.9000 F2500.0
G4 P0.02
G1 X67.4613 Y-191.4032 F12000.0
G1 Z0.0000 F2500.0
G4 P0.02
G0 X66.2343 Y-191.7711 F15000.0
G1 Z11.9000 F2500.0
G4 P0.02
G1 X78.5026 Y-195.0341 F12000.0
G1 Z0.0000 F2500.0
G4 P0.02
G0 X78.2942 Y-195.2469 F15000.0
G1 Z11.9000 F2500.0
G4 P0.02
G1 X75.7698 Y-208.6183 F12000.0
G1 Z0.0000 F2500.0
G4 P0.02
G0 X80.0427 Y-208.8755 F15000.0
G1 Z11.9000 F2500.0
G4 P0.02
G1 X91.3880 Y-219.4493 F12000.0
G1 Z0.0000 F2500.0
G4 P0.02
G0 X93.5007 Y-217.4577 F15000.0
G1 Z11.9000 F2500.0
G4 P0.02
G1 X91.3367 Y-201.6514 F12000.0
G1 Z0.0000 F2500.0
G4 P0.02
G0 X96.9753 Y-202.2650 F15000.0
G1 Z11.9000 F2500.0
G4 P0.02
G1 X89.4325 Y-216.4216 F12000.0
G1 Z0.0000 F2500.0
G4 P0.02
G0 X88.5707 Y-216.3810 F15000.0
G1 Z11.9000 F2500.0
G4 P0.02
G3 X92.6619 Y-225.9743 I5.3887 J-3.3709 F12000.0
G1 Z0.0000 F2500.0
G4 P0.02
G0 X91.3199 Y-227.8476 F15000.0
G1 Z11.9000 F2500.0
G4 P0.02
G1 X100.4718 Y-232.4626 F12000.0
G1 Z0.0000 F2500.0
G4 P0.02
G0 X98.4278 Y-227.8814 F15000.0
G1 Z11.9000 F2500.0
G4 P0.02
G1 X84.0634 Y-226.9246 F12000.0
G1 Z0.0000 F2500.0
G4 P0.02
G0 X84.4678 Y-228.4776 F15000.0
G1 Z11.9000 F2500.0
G4 P0.02
G1 X88.3199 Y-239.3132 F12000.0
G1 Z0.0000 F2500.0
G4 P0.02
G0 X88.6907 Y-242.4689 F15000.0
G1 Z11.9000 F2500.0
G4 P0.02
G1 X100.4320 Y-252.4194 F12000.0
G1 Z0.0000 F2500.0
G4 P0.02
G0 X99.3179 Y-253.0510 F15000.0
G1 Z11.9000 F2500.0
G4 P0.02
G1 X99.5868 Y-239.3499 F12000.0
G1 Z0.0000 F2500.0
G4 P0.02
G0 X101.0029 Y-241.6822 F15000.0
G1 Z11.9000 F2500.0
G4 P0.02
G1 X97.5419 Y-226.8041 F12000.0
G1 Z0.0000 F2500.0
G4 P0.02
G0 X98.0716 Y-225.3528 F15000.0
G1 Z11.9000 F2500.0
G4 P0.02
G1 X93.0043 Y-237.8552 F12000.0
G1 Z0.0000 F2500.0
G4 P0.02
G0 X93.3405 Y-240.5384 F15000.0
G1 Z11.9000 F2500.0
G4 P0.02
G1 X83.7476 Y-229.2859 F12000.0
G1 Z0.0000 F2500.0
G4 P0.02
G0 X85.0856 Y-228.2480 F15000.0
G1 Z11.9000 F2500.0
G4 P0.02
G1 X75.6843 Y-240.8887 F12000.0
G1 Z0.0000 F2500.0
G4 P0.02
G0 X76.9957 Y-240.4478 F15000.0
G1 Z11.9000 F2500.0
G4 P0.02
G1 X91.6169 Y-246.6033 F12000.0
G1 Z0.0000 F2500.0
G4 P0.02
G0 X94.2981 Y-244.5559 F15000.0
G1 Z11.9000 F2500.0
G4 P0.02
G1 X90.6542 Y-233.7726 F12000.0
G1 Z0.0000 F2500.0
G4 P0.02
G0 X89.3165 Y-231.5305 F15000.0
G1 Z11.9000 F2500.0
G4 P0.02
G1 X79.9418 Y-219.5109 F12000.0
G1 Z0.0000 F2500.0
G4 P0.02
G0 X82.4768 Y-220.5560 F15000.0
G1 Z11.9000 F2500.0
G4 P0.02
G1 X67.9814 Y-213.5580 F12000.0
G1 Z0.0000 F2500.0
G4 P0.02
G0 X66.8145 Y-213.6579 F15000.0
G1 Z11.9000 F2500.0
G4 P0.02
G1 X67.4679 Y-228.1398 F12000.0
G1 Z0.0000 F2500.0
G4 P0.02
G0 X68.8510 Y-226.6670 F15000.0
G1 Z11.9000 F2500.0
G4 P0.02
G1 X68.2747 Y-242.7030 F12000.0
G1 Z0.0000 F2500.0
G4 P0.02
G0 X68.4667 Y-245.0222 F15000.0
G1 Z11.9000 F2500.0
G4 P0.02
G1 X65.7278 Y-247.5722 F12000.0
G1 X66.3889 Y-248.6111
G1 X65.5389 Y-248.8944
G1 X64.3111 Y-248.2333
G1 X61.2889 Y-249.0833
G1 X64.5000 Y-248.2333
G1 X64.8778 Y-250.5000
G1 X64.9722 Y-249.2722
G1 X68.6556 Y-249.7444
G1 X67.1444 Y-250.7833
G1 X66.7667 Y-250.2167
G1 X66.9556 Y-251.3500
G1 X65.5389 Y-252.0111
G1 X64.8778 Y-251.8222
G1 X65.5389 Y-252.7667
G1 X68.0889 Y-250.8778
G1 X68.5611 Y-252.4833
G1 X67.8056 Y-252.3889
G1 X69.8833 Y-251.6333
G1 X70.0722 Y-250.9722
G1 X69.0333 Y-251.4444
G1 X68.8444 Y-250.1222
G1 X69.6944 Y-249.4611
G1 X69.0333 Y-249.0833
G1 X69.4111 Y-248.8944
G1 X65.8222 Y-247.8556
G1 X66.5778 Y-246.8167
G1 X68.2778 Y-248.2333
G1 X69.6944 Y-247.5722
G1 X67.9000 Y-248.2333
G1 X67.4278 Y-246.2500
G1 X69.8833 Y-245.2111
G1 X71.0167 Y-246.4389
G1 X71.0167 Y-252.0111
G1 X70.8278 Y-245.5889
G1 X68.8444 Y-245.4000
G1 Z0.0000 F2500.0
G4 P0.02
G0 X65.4917 Y-244.8031 F15000.0
G1 Z11.9000 F2500.0
G4 P0.02
G1 X79.2069 Y-244.3952 F12000.0
G1 Z0.0000 F2500.0
G4 P0.02
G0 X78.0096 Y-244.0403 F15000.0
G1 Z11.9000 F2500.0
G4 P0.02
G1 X80.7623 Y-252.6110 F12000.0
G1 Z0.0000 F2500.0
G4 P0.02
G0 X80.1797 Y-253.0165 F15000.0
G1 Z11.9000 F2500.0
G4 P0.02
G1 X82.1589 Y-245.2135 F12000.0
G1 Z0.0000 F2500.0
G4 P0.02
G0 X83.7450 Y-245.3435 F15000.0
G1 Z11.9000 F2500.0
G4 P0.02
G1 X90.3903 Y-253.2783 F12000.0
G1 Z0.0000 F2500.0
G4 P0.02
G0 X94.7220 Y-253.1560 F15000.0
G1 Z11.9000 F2500.0
G4 P0.02
G1 X87.7276 Y-245.5270 F12000.0
G1 Z0.0000 F2500.0
G4 P0.02
G0 X82.8768 Y-248.0881 F15000.0
G1 Z11.9000 F2500.0
G4 P0.02
G1 X81.0344 Y-236.7367 F12000.0
G1 Z0.0000 F2500.0
G4 P0.02
G0 X82.7086 Y-232.2689 F15000.0
G1 Z11.9000 F2500.0
G4 P0.02
G1 X70.5449 Y-235.3890 F12000.0
G1 Z0.0000 F2500.0
G4 P0.02
G0 X66.8137 Y-233.0866 F15000.0
G1 Z11.9000 F2500.0
G4 P0.02
G1 X67.2243 Y-219.5309 F12000.0
G1 Z0.0000 F2500.0
G4 P0.02
G0 X68.2849 Y-216.0210 F15000.0
G1 Z11.9000 F2500.0
G4 P0.02
G3 X54.1390 Y-221.5735 I-4.7488 J-8.6975 F12000.0
G1 Z0.0000 F2500.0
G4 P0.02
G0 X54.1968 Y-222.9125 F15000.0
G1 Z11.9000 F2500.0
G4 P0.02
G1 X49.1942 Y-212.6262 F12000.0
G1 Z0.0000 F2500.0
G4 P0.02
G0 X45.8000 Y-211.7778 F15000.0
G1 Z11.9000 F2500.0
G4 P0.02
G1 X49.3889 Y-212.7222 F12000.0
G1 X48.3500 Y-214.6111
G1 X46.7444 Y-214.5167
G1 X47.7833 Y-213.6667
G1 X45.3278 Y-215.1778
G1 X43.9111 Y-213.6667
G1 X44.7611 Y-212.2500
G1 X45.8000 Y-214.1389
G1 X45.4222 Y-212.1556
G1 Z0.0000 F2500.0
G4 P0.02
G0 X42.7778 Y-212.5333 F15000.0
G1 Z11.9000 F2500.0
G4 P0.02
G1 X43.8167 Y-212.7222 F12000.0
G1 X44.0056 Y-215.9333
G1 X42.3056 Y-217.0667
G1 X41.7389 Y-215.9333
G1 X38.5278 Y-216.8778
G1 X39.0944 Y-215.4611
G1 X42.5889 Y-214.7056
G1 X42.8722 Y-214.9889
G1 X42.4000 Y-212.5333
G1 Z0.0000 F2500.0
G4 P0.02
G0 X37.8667 Y-210.2667 F15000.0
G1 Z11.9000 F2500.0
G4 P0.02
G1 X38.3389 Y-211.1167 F12000.0
G1 X36.8278 Y-213.2889
G1 X35.1278 Y-214.1389
G1 X34.6556 Y-216.5000
G1 X33.5222 Y-215.8389
G1 X35.7889 Y-213.4778
G1 X37.4889 Y-212.5333
G1 X38.3389 Y-210.5500
G1 X37.4889 Y-210.2667
G1 Z0.0000 F2500.0
G4 P0.02
G0 X38.6222 Y-207.6222 F15000.0
G1 Z11.9000 F2500.0
G4 P0.02
G1 X39.4722 Y-208.9444 F12000.0
G1 X36.1667 Y-210.1722
G1 X33.3333 Y-212.4389
G1 X31.5389 Y-212.2500
G1 X30.8778 Y-209.7000
G1 X31.0667 Y-212.5333
G1 X32.4833 Y-213.1944
G1 X33.6167 Y-212.2500
G1 X35.1278 Y-212.7222
G1 X36.5444 Y-209.7000
G1 X39.8500 Y-208.8500
G1 X40.9833 Y-208.0000
G1 X41.7389 Y-209.0389
G1 X39.0000 Y-207.6222
G1 Z0.0000 F2500.0
G4 P0.02
G0 X35.2312 Y-214.6660 F15000.0
G1 Z11.9000 F2500.0
G4 P0.02
G1 X24.9453 Y-219.0944 F12000.0
G1 Z0.0000 F2500.0
G4 P0.02
G0 X26.1556 Y-221.2222 F15000.0
G1 Z11.9000 F2500.0
G4 P0.02
G1 X27.2889 Y-221.9778 F12000.0
G1 X28.8944 Y-224.8111
G1 X28.3278 Y-223.3000
G1 X30.0278 Y-223.3000
G1 X30.4056 Y-224.7167
G1 X32.1056 Y-225.8500
G1 X30.0278 Y-224.4333
G1 X30.0278 Y-222.1667
G1 X29.7444 Y-223.0167
G1 X26.5333 Y-221.2222
G1 Z0.0000 F2500.0
G4 P0.02
G0 X25.5635 Y-214.0564 F15000.0
G1 Z11.9000 F2500.0
G4 P0.02
G1 X14.1932 Y-213.9882 F12000.0
G1 Z0.0000 F2500.0
G4 P0.02
G0 X13.5867 Y-219.0434 F15000.0
G1 Z11.9000 F2500.0
G4 P0.02
G1 X5.8062 Y-217.6655 F12000.0
G1 Z0.0000 F2500.0
G4 P0.02
G0 X13.3111 Y-222.3556 F15000.0
G1 Z11.9000 F2500.0
G4 P0.02
G1 X11.6111 Y-225.7556 F12000.0
G1 X11.6111 Y-227.1722
G1 X10.1000 Y-227.9278
G1 X11.0444 Y-228.4944
G1 X10.1000 Y-228.8722
G1 X10.4778 Y-229.0611
G1 X7.7389 Y-230.1000
G1 X5.5667 Y-228.0222
G1 X7.7389 Y-231.9889
G1 X8.7778 Y-232.4611
G1 X8.2111 Y-234.1611
G1 X8.9667 Y-233.1222
G1 X7.9278 Y-230.1944
G1 X10.8556 Y-230.3833
G1 X9.3444 Y-231.5167
G1 X9.7222 Y-232.2722
G1 X10.3833 Y-231.8000
G1 X10.6667 Y-232.6500
G1 X11.5167 Y-230.9500
G1 X14.8222 Y-231.1389
G1 X13.1222 Y-231.1389
G1 X13.6889 Y-229.3444
G1 X14.3500 Y-228.9667
G1 X12.7444 Y-229.3444
G1 X12.3667 Y-230.9500
G1 X11.8000 Y-229.5333
G1 X10.4778 Y-231.1389
G1 X11.1389 Y-228.6833
G1 X14.6333 Y-227.2667
G1 X13.5944 Y-226.3222
G1 X11.9889 Y-226.3222
G1 X11.8944 Y-225.0000
G1 X13.6889 Y-222.6389
G1 X14.5389 Y-222.3556
G1 X13.6889 Y-222.3556
G1 Z0.0000 F2500.0
G4 P0.02
G0 X15.2000 Y-223.8667 F15000.0
G1 Z11.9000 F2500.0
G4 P0.02
G1 X16.2389 Y-224.9056 F12000.0
G1 X15.4833 Y-225.6611
G1 X13.5000 Y-224.4333
G1 X13.5000 Y-225.1889
G1 X20.2056 Y-225.7556
G1 X20.4889 Y-226.5111
G1 X20.4889 Y-225.7556
G1 X16.6167 Y-225.4722
G1 X15.2000 Y-224.2444
G1 Z0.0000 F2500.0
G4 P0.02
G0 X15.5778 Y-231.8000 F15000.0
G1 Z11.9000 F2500.0
G4 P0.02
G1 X14.7278 Y-233.4056 F12000.0
G1 X11.8000 Y-234.3500
G1 X15.3889 Y-234.2556
G1 X14.3500 Y-236.1444
G1 X11.1389 Y-236.5222
G1 X12.7444 Y-238.3167
G1 X13.8778 Y-241.1500
G1 X16.0500 Y-241.7167
G1 X15.4833 Y-241.9056
G1 X17.3722 Y-239.4500
G1 X19.8278 Y-239.0722
G1 X19.5444 Y-238.3167
G1 X18.3167 Y-238.6944
G1 X19.3556 Y-239.1667
G1 X16.8056 Y-239.1667
G1 X17.1833 Y-237.1833
G1 X18.4111 Y-236.5222
G1 X14.7278 Y-236.4278
G1 X16.1444 Y-235.0111
G1 X16.5222 Y-235.3889
G1 X16.2389 Y-234.5389
G1 X16.8056 Y-233.8778
G1 X15.6722 Y-234.1611
G1 X15.0111 Y-233.0278
G1 X15.5778 Y-232.1778
G1 Z0.0000 F2500.0
G4 P0.02
G0 X16.4527 Y-236.5415 F15000.0
G1 Z11.9000 F2500.0
G4 P0.02
G1 X26.2929 Y-231.0126 F12000.0
G1 Z0.0000 F2500.0
G4 P0.02
G0 X23.1333 Y-231.0444 F15000.0
G1 Z11.9000 F2500.0
G4 P0.02
G1 X20.3000 Y-233.2167 F12000.0
G1 X20.3000 Y-234.6333
G1 X18.8833 Y-233.9722
G1 X18.7889 Y-234.6333
G1 X21.0556 Y-234.4444
G1 X21.3389 Y-235.2944
G1 X23.4167 Y-233.2167
G1 X22.5667 Y-236.1444
G1 X19.5444 Y-235.8611
G1 X22.9444 Y-235.7667
G1 X23.3222 Y-232.9333
G1 X22.1889 Y-231.7056
G1 X22.7556 Y-231.4222
G1 Z0.0000 F2500.0
G4 P0.02
G0 X15.9556 Y-240.8667 F15000.0
G1 Z11.9000 F2500.0
G4 P0.02
G1 X17.0889 Y-239.7333 F12000.0
G1 X20.0167 Y-240.9611
G1 X22.2833 Y-240.3000
G1 X23.1333 Y-241.7167
G1 X21.0556 Y-244.5500
G1 X18.6944 Y-244.5500
G1 X17.5611 Y-245.2111
G1 X15.9556 Y-240.8667
G1 Z0.0000 F2500.0
G4 P0.02
G0 X11.4222 Y-238.2222 F15000.0
G1 Z11.9000 F2500.0
G4 P0.02
G1 X11.3278 Y-240.7722 F12000.0
G1 X12.3667 Y-242.4722
G1 X13.0278 Y-241.9056
G1 X15.9556 Y-242.9444
G1 X17.9389 Y-242.0000
G1 X17.3722 Y-241.0556
G1 X18.2222 Y-242.4722
G1 X15.1056 Y-243.6056
G1 X16.0500 Y-243.7000
G1 X15.4833 Y-244.3611
G1 X16.1444 Y-244.9278
G1 X15.0111 Y-245.2111
G1 X15.0111 Y-248.3278
G1 X13.2167 Y-248.7056
G1 X14.9167 Y-246.6278
G1 X11.7056 Y-247.3833
G1 X14.6333 Y-246.3444
G1 X14.2556 Y-244.7389
G1 X13.9722 Y-245.1167
G1 X13.4056 Y-244.3611
G1 X12.9333 Y-244.5500
G1 X15.1056 Y-244.7389
G1 X13.2167 Y-243.1333
G1 X10.9500 Y-244.0778
G1 X8.0222 Y-242.7556
G1 X8.5889 Y-240.3000
G1 X5.6611 Y-240.9611
G1 X6.1333 Y-241.4333
G1 X5.1889 Y-241.8111
G1 X5.7556 Y-240.4889
G1 X8.6833 Y-240.3000
G1 X8.3056 Y-242.8500
G1 X9.8167 Y-241.7167
G1 X9.6278 Y-241.0556
G1 X11.1389 Y-241.3389
G1 X10.4778 Y-239.0722
G1 X11.0444 Y-238.2222
G1 Z0.0000 F2500.0
G4 P0.02
G0 X11.0662 Y-234.4445 F15000.0
G1 Z11.9000 F2500.0
G4 P0.02
G1 X5.3450 Y-227.5560 F12000.0
G1 Z0.0000 F2500.0
G4 P0.02
G0 X6.8889 Y-243.1333 F15000.0
G1 Z11.9000 F2500.0
G4 P0.02
G1 X5.2833 Y-244.0778 F12000.0
G1 X6.7944 Y-244.5500
G1 X5.1889 Y-245.6833
G1 X6.0389 Y-245.6833
G1 X5.2833 Y-247.1000
G1 X7.4556 Y-243.7944
G1 X7.7389 Y-244.9278
G1 X7.1722 Y-245.9667
G1 X7.7389 Y-246.3444
G1 X5.1889 Y-248.1389
G1 X5.9444 Y-252.7667
G1 X6.3222 Y-247.7611
G1 X8.1167 Y-250.1222
G1 X6.8889 Y-247.4778
G1 X7.8333 Y-246.6278
G1 X7.5500 Y-245.4000
G1 X8.6833 Y-244.5500
G1 X9.0611 Y-246.9111
G1 X10.3833 Y-246.0611
G1 X9.7222 Y-245.5889
G1 X10.1000 Y-244.8333
G1 X9.2500 Y-245.0222
G1 X7.2667 Y-243.5111
G1 Z0.0000 F2500.0
G4 P0.02
G0 X11.0444 Y-246.9111 F15000.0
G1 Z11.9000 F2500.0
G4 P0.02
G1 X9.3444 Y-248.5167 F12000.0
G1 X8.9667 Y-247.9500
G1 X9.7222 Y-249.8389
G1 X11.2333 Y-248.8000
G1 X12.2722 Y-249.8389
G1 X13.9722 Y-250.1222
G1 X8.5889 Y-252.7667
G1 X9.6278 Y-252.6722
G1 X10.0056 Y-252.1056
G1 X10.2889 Y-252.6722
G1 X11.7056 Y-250.9722
G1 X12.6500 Y-252.0111
G1 X11.8944 Y-252.6722
G1 X13.8778 Y-251.6333
G1 X14.1611 Y-252.7667
G1 X14.5389 Y-252.2944
G1 X13.9722 Y-251.7278
G1 X15.8611 Y-250.5000
G1 X14.3500 Y-250.7833
G1 X14.9167 Y-249.3667
G1 X16.3333 Y-249.1778
G1 X11.7056 Y-249.1778
G1 X10.6667 Y-247.2889
G1 Z0.0000 F2500.0
G4 P0.02
G0 X22.9639 Y-249.7938 F15000.0
G1 Z11.9000 F2500.0
G4 P0.02
G1 X33.3353 Y-245.0754 F12000.0
G1 Z0.0000 F2500.0
G4 P0.02
G0 X38.2444 Y-239.3556 F15000.0
G1 Z11.9000 F2500.0
G4 P0.02
G1 X36.2611 Y-239.3556 F12000.0
G1 X34.9389 Y-240.7722
G1 X36.0722 Y-241.8111
G1 X38.6222 Y-242.9444
G1 X36.1667 Y-243.7000
G1 X36.8278 Y-245.5889
G1 X36.6389 Y-246.3444
G1 X38.7167 Y-246.4389
G1 X38.7167 Y-244.8333
G1 X37.2056 Y-244.3611
G1 X40.2278 Y-245.8722
G1 X38.7167 Y-241.2444
G1 X40.0389 Y-241.3389
G1 X39.6611 Y-239.9222
G1 X38.6222 Y-238.9778
G1 Z0.0000 F2500.0
G4 P0.02
G0 X38.6222 Y-234.8222 F15000.0
G1 Z11.9000 F2500.0
G4 P0.02
G1 X37.3000 Y-237.2778 F12000.0
G1 X37.8667 Y-238.4111
G1 X35.0333 Y-240.5833
G1 X33.3333 Y-240.9611
G1 X30.1222 Y-240.3944
G1 X26.8167 Y-240.9611
G1 X25.4944 Y-239.8278
G1 X27.9500 Y-238.2222
G1 X27.1944 Y-235.3889
G1 X28.8944 Y-235.1056
G1 X33.3333 Y-237.4667
G1 X36.2611 Y-234.6333
G1 X38.6222 Y-234.8222
G1 Z0.0000 F2500.0
G4 P0.02
G0 X43.1556 Y-234.4444 F15000.0
G1 Z11.9000 F2500.0
G4 P0.02
G1 X42.4000 Y-235.4833 F12000.0
G1 X39.5667 Y-237.6556
G1 X45.3278 Y-236.5222
G1 X46.3667 Y-236.1444
G1 X45.3278 Y-235.2944
G1 X46.3667 Y-234.9167
G1 X45.2333 Y-234.1611
G1 X43.5333 Y-234.4444
G1 Z0.0000 F2500.0
G4 P0.02
G0 X51.0889 Y-242.3778 F15000.0
G1 Z11.9000 F2500.0
G4 P0.02
G1 X50.3333 Y-243.4167 F12000.0
G1 X47.3111 Y-242.8500
G1 X48.9167 Y-243.7000
G1 X51.9389 Y-244.9278
G1 X48.5389 Y-244.7389
G1 X46.0833 Y-243.8889
G1 X46.3667 Y-245.5889
G1 X44.8556 Y-244.8333
G1 X45.2333 Y-244.4556
G1 X44.5722 Y-244.7389
G1 X44.1000 Y-244.5500
G1 X48.7278 Y-247.1000
G1 X47.0278 Y-245.9667
G1 X49.8611 Y-244.5500
G1 X50.0500 Y-247.0056
G1 X52.3167 Y-248.3278
G1 X50.2389 Y-245.4944
G1 X50.8056 Y-245.5889
G1 X50.2389 Y-244.9278
G1 X52.2222 Y-245.2111
G1 X51.7500 Y-246.3444
G1 X52.8833 Y-246.0611
G1 X54.3000 Y-247.1944
G1 X53.6389 Y-245.6833
G1 X53.4500 Y-246.2500
G1 X51.0889 Y-242.7556
G1 Z0.0000 F2500.0
G4 P0.02
G0 X48.0667 Y-248.0444 F15000.0
G1 Z11.9000 F2500.0
G4 P0.02
G1 X51.8444 Y-249.0833 F12000.0
G1 X49.5778 Y-249.3667
G1 X50.1444 Y-252.0111
G1 X51.3722 Y-251.6333
G1 X49.7667 Y-252.7667
G1 X50.0500 Y-252.0111
G1 X48.3500 Y-251.8222
G1 X47.9722 Y-252.7667
G1 X45.5167 Y-252.2944
G1 X47.7833 Y-252.0111
G1 X47.6889 Y-249.2722
G1 X48.6333 Y-248.3278
G1 X47.4056 Y-248.6111
G1 X47.6889 Y-248.0444
G1 Z0.0000 F2500.0
G4 P0.02
G0 X43.5333 Y-247.2889 F15000.0
G1 Z11.9000 F2500.0
G4 P0.02
G1 X43.9111 Y-248.5167 F12000.0
G1 X42.8722 Y-248.9889
G1 X43.0611 Y-249.3667
G1 X44.1000 Y-247.8556
G1 X43.1556 Y-247.6667
G1 X41.9278 Y-248.6111
G1 X40.7944 Y-248.3278
G1 X41.8333 Y-250.0278
G1 X44.3833 Y-249.7444
G1 X41.9278 Y-250.2167
G1 X42.1167 Y-251.5389
G1 X43.0611 Y-252.5778
G1 X41.2667 Y-251.6333
G1 X40.4167 Y-252.7667
G1 X38.7167 Y-250.3111
G1 X38.4333 Y-251.6333
G1 X38.7167 Y-252.3889
G1 X38.4333 Y-251.5389
G1 X37.3944 Y-251.5389
G1 X37.1111 Y-252.5778
G1 X37.5833 Y-251.0667
G1 X39.0944 Y-249.1778
G1 X39.6611 Y-250.3111
G1 X40.6056 Y-249.9333
G1 X40.3222 Y-248.6111
G1 X39.8500 Y-248.9889
G1 X43.1556 Y-247.2889
G1 Z0.0000 F2500.0
G4 P0.02
G0 X54.2318 Y-225.9379 F15000.0
G1 Z11.9000 F2500.0
G4 P0.02
G3 X62.5388 Y-232.5012 I6.6660 J-0.1017 F12000.0
G1 Z0.0000 F2500.0
G4 P0.02
G0 X65.8222 Y-231.4222 F15000.0
G1 Z11.9000 F2500.0
G4 P0.02
G1 X65.4444 Y-237.0889 F12000.0
G1 X67.1444 Y-242.2833
G1 X68.5611 Y-244.0778
G1 X65.9167 Y-241.1500
G1 X65.2556 Y-242.3778
G1 X65.9167 Y-243.3222
G1 X65.1611 Y-240.0167
G1 X66.0111 Y-240.5833
G1 X65.2556 Y-234.4444
G1 X65.8222 Y-231.0444
G1 Z0.0000 F2500.0
G4 P0.02
G0 X68.7219 Y-224.7785 F15000.0
G1 Z11.9000 F2500.0
G4 P0.02
G3 X54.6247 Y-220.0269 I-8.8502 J-2.9692 F12000.0
G1 Z0.0000 F2500.0
G4 P0.02
G0 X55.7790 Y-217.9172 F15000.0
G1 Z11.9000 F2500.0
G4 P0.02
G1 X69.5436 Y-211.9347 F12000.0
G1 Z0.0000 F2500.0
G4 P0.02
G0 X67.7346 Y-208.8547 F15000.0
G1 Z11.9000 F2500.0
G4 P0.02
G1 X72.7981 Y-219.0476 F12000.0
G1 Z0.0000 F2500.0
G4 P0.02
G0 X70.8799 Y-218.2935 F15000.0
G1 Z11.9000 F2500.0
G4 P0.02
G1 X83.0585 Y-211.8034 F12000.0
G1 Z0.0000 F2500.0
G4 P0.02
G0 X80.2328 Y-213.4973 F15000.0
G1 Z11.9000 F2500.0
G4 P0.02
G1 X70.8370 Y-223.5064 F12000.0
G1 Z0.0000 F2500.0
G4 P0.02
G0 X72.8676 Y-228.1897 F15000.0
G1 Z11.9000 F2500.0
G4 P0.02
G1 X88.2142 Y-223.4868 F12000.0
G1 Z0.0000 F2500.0
G4 P0.02
G0 X80.1418 Y-225.5041 F15000.0
G1 Z11.9000 F2500.0
G4 P0.02
G1 X89.5063 Y-214.5145 F12000.0
G1 Z0.0000 F2500.0
G4 P0.02
G0 X96.0444 Y-218.9556 F15000.0
G1 Z11.9000 F2500.0
G4 P0.02
G1 X94.6278 Y-221.6944 F12000.0
G1 X95.1000 Y-219.9000
G1 X91.7000 Y-226.3222
G1 X94.6278 Y-221.8833
G1 X94.1556 Y-223.8667
G1 X92.4556 Y-226.6056
G1 X96.0444 Y-219.3333
G1 Z0.0000 F2500.0
G4 P0.02
G0 X102.4667 Y-220.4667 F15000.0
G1 Z11.9000 F2500.0
G4 P0.02
G1 X103.7889 Y-222.0722 F12000.0
G1 X102.5611 Y-221.7889
G1 X102.6556 Y-223.3944
G1 X102.6556 Y-222.8278
G1 X104.6389 Y-222.2611
G1 X103.8833 Y-225.2833
G1 X105.9611 Y-224.3389
G1 X104.9222 Y-223.8667
G1 X103.7889 Y-224.7167
G1 X104.7333 Y-222.6389
G1 X104.5444 Y-221.6944
G1 X102.8444 Y-220.8444
G1 Z0.0000 F2500.0
G4 P0.02
G0 X112.2889 Y-224.2444 F15000.0
G1 Z11.9000 F2500.0
G4 P0.02
G1 X113.3278 Y-224.3389 F12000.0
G1 X114.4611 Y-225.6611
G1 X115.8778 Y-225.9444
G1 X114.9333 Y-228.0222
G1 X114.0833 Y-228.4944
G1 X114.6500 Y-229.4389
G1 X111.7222 Y-232.2722
G1 X111.8167 Y-229.2500
G1 X112.8556 Y-226.0389
G1 X112.2889 Y-224.6222
G1 Z0.0000 F2500.0
G4 P0.02
G0 X113.8000 Y-222.7333 F15000.0
G1 Z11.9000 F2500.0
G4 P0.02
G1 X115.5944 Y-222.1667 F12000.0
G1 X118.3333 Y-222.4500
G1 X119.8444 Y-221.8833
G1 X125.2278 Y-223.9611
G1 X130.8944 Y-224.0556
G1 X131.0833 Y-225.9444
G1 X133.8222 Y-226.7944
G1 X139.3944 Y-227.6444
G1 X144.1167 Y-229.8167
G1 X143.5500 Y-231.2333
G1 X137.2222 Y-231.4222
G1 X129.4778 Y-228.0222
G1 X127.9667 Y-227.0778
G1 X125.7944 Y-231.2333
G1 X123.1500 Y-229.1556
G1 X116.7278 Y-229.3444
G1 X116.6333 Y-224.8111
G1 X114.0833 Y-223.8667
G1 X113.8000 Y-222.7333
G1 Z0.0000 F2500.0
G4 P0.02
G0 X116.8867 Y-227.6543 F15000.0
G1 Z11.9000 F2500.0
G4 P0.02
G1 X107.5676 Y-233.3681 F12000.0
G1 Z0.0000 F2500.0
G4 P0.02
G0 X114.4522 Y-238.4722 F15000.0
G1 Z11.9000 F2500.0
G4 P0.02
G1 X121.5722 Y-230.1539 F12000.0
G1 Z0.0000 F2500.0
G4 P0.02
G0 X127.4000 Y-224.6222 F15000.0
G1 Z11.9000 F2500.0
G4 P0.02
G1 X127.3056 Y-225.9444 F12000.0
G1 X127.8722 Y-226.7944
G1 X126.1722 Y-227.3611
G1 X125.5111 Y-226.4167
G1 X125.8889 Y-227.3611
G1 X127.0222 Y-228.1167
G1 X126.4556 Y-230.3833
G1 X127.5889 Y-227.4556
G1 X129.1944 Y-227.3611
G1 X127.5889 Y-225.0944
G1 X129.1000 Y-225.0944
G1 X127.7778 Y-225.0000
G1 Z0.0000 F2500.0
G4 P0.02
G0 X121.3556 Y-219.7111 F15000.0
G1 Z11.9000 F2500.0
G4 P0.02
G1 X119.8444 Y-221.9778 F12000.0
G1 X119.8444 Y-223.5833
G1 X120.6944 Y-221.1278
G1 X121.5444 Y-222.2611
G1 X123.9056 Y-222.2611
G1 X124.0944 Y-224.4333
G1 X122.9611 Y-224.6222
G1 X122.3000 Y-223.3944
G1 X120.3167 Y-225.2833
G1 X122.0167 Y-225.2833
G1 X122.6778 Y-227.4556
G1 X123.5278 Y-227.4556
G1 X123.5278 Y-226.6056
G1 X124.6611 Y-227.3611
G1 X124.9444 Y-223.9611
G1 X123.8111 Y-223.3944
G1 X124.1889 Y-221.7889
G1 X121.0722 Y-221.4111
G1 X120.9778 Y-220.0889
G1 Z0.0000 F2500.0
G4 P0.02
G0 X128.0339 Y-210.8231 F15000.0
G1 Z11.9000 F2500.0
G4 P0.02
G1 X117.3092 Y-208.2888 F12000.0
G1 Z0.0000 F2500.0
G4 P0.02
G0 X110.4000 Y-212.5333 F15000.0
G1 Z11.9000 F2500.0
G4 P0.02
G1 X111.7222 Y-213.0056 F12000.0
G1 X111.4389 Y-213.7611
G1 X112.3833 Y-214.8944
G1 X112.5722 Y-213.6667
G1 X112.0056 Y-215.7444
G1 X111.7222 Y-214.9889
G1 X110.4944 Y-215.0833
G1 X111.7222 Y-214.5167
G1 X110.6833 Y-213.9500
G1 X109.4556 Y-214.6111
G1 X109.7389 Y-213.4778
G1 X110.8722 Y-213.7611
G1 X110.0222 Y-212.1556
G1 Z0.0000 F2500.0
G4 P0.02
G0 X103.6800 Y-203.8025 F15000.0
G1 Z11.9000 F2500.0
G4 P0.02
G1 X99.5808 Y-198.4834 F12000.0
G1 Z0.0000 F2500.0
G4 P0.02
G0 X101.8834 Y-199.0654 F15000.0
G1 Z11.9000 F2500.0
G4 P0.02
G1 X92.2844 Y-186.2988 F12000.0
G1 Z0.0000 F2500.0
G4 P0.02
G0 X88.8320 Y-186.4865 F15000.0
G1 Z11.9000 F2500.0
G4 P0.02
G1 X88.0539 Y-173.3095 F12000.0
G1 Z0.0000 F2500.0
G4 P0.02
G0 X85.3737 Y-169.0181 F15000.0
G1 Z11.9000 F2500.0
G4 P0.02
G1 X88.8893 Y-181.1548 F12000.0
G1 Z0.0000 F2500.0
G4 P0.02
G0 X88.8667 Y-181.5556 F15000.0
G1 Z11.9000 F2500.0
G4 P0.02
G1 X89.9056 Y-187.1278 F12000.0
G1 X93.5889 Y-193.2667
G1 X98.8778 Y-198.3667
G1 X92.8333 Y-191.7556
G1 X89.7167 Y-185.9000
G1 X88.8667 Y-181.9333
G1 Z0.0000 F2500.0
G4 P0.02
G0 X90.3778 Y-179.6667 F15000.0
G1 Z11.9000 F2500.0
G4 P0.02
G1 X92.8333 Y-187.5056 F12000.0
G1 X98.2167 Y-194.5889
G1 X93.6833 Y-189.0167
G1 X91.0389 Y-184.4833
G1 X91.6056 Y-187.3167
G1 X90.0000 Y-179.2889
G1 Z0.0000 F2500.0
G4 P0.02
G0 X95.2889 Y-180.0444 F15000.0
G1 Z11.9000 F2500.0
G4 P0.02
G1 X99.5389 Y-189.9611 F12000.0
G1 X95.2889 Y-180.4222
G1 Z0.0000 F2500.0
G4 P0.02
G0 X98.5380 Y-174.0354 F15000.0
G1 Z11.9000 F2500.0
G4 P0.02
G1 X95.9806 Y-160.4780 F12000.0
G1 Z0.0000 F2500.0
G4 P0.02
G0 X97.5556 Y-162.6667 F15000.0
G1 Z11.9000 F2500.0
G4 P0.02
G1 X97.1778 Y-174.7556 F12000.0
G1 X97.9333 Y-176.2667
G1 X97.1778 Y-174.7556
G1 X97.5556 Y-163.0444
G1 Z0.0000 F2500.0
G4 P0.02
G0 X95.2889 Y-167.2000 F15000.0
G1 Z11.9000 F2500.0
G4 P0.02
G1 X96.7056 Y-168.8056 F12000.0
G1 X97.2722 Y-176.8333
G1 X96.0444 Y-177.0222
G1 X94.5333 Y-174.4722
G1 X94.4389 Y-167.7667
G1 X95.2889 Y-167.2000
G1 Z0.0000 F2500.0
G4 P0.02
G0 X94.9111 Y-167.5778 F15000.0
G1 Z11.9000 F2500.0
G4 P0.02
G1 X96.3278 Y-179.3833 F12000.0
G1 X100.5778 Y-187.3167
G1 X106.7167 Y-193.3611
G1 X108.5111 Y-194.3056
G1 X100.5778 Y-186.9389
G1 X96.3278 Y-179.0056
G1 X94.9111 Y-167.9556
G1 Z0.0000 F2500.0
G4 P0.02
G0 X100.2000 Y-170.2222 F15000.0
G1 Z11.9000 F2500.0
G4 P0.02
G1 X100.4833 Y-179.5722 F12000.0
G1 X101.0500 Y-180.8944
G1 X100.2000 Y-176.8333
G1 X100.2000 Y-170.6000
G1 Z0.0000 F2500.0
G4 P0.02
G0 X105.4889 Y-171.7333 F15000.0
G1 Z11.9000 F2500.0
G4 P0.02
G1 X107.9444 Y-176.5500 F12000.0
G1 X112.4778 Y-181.2722
G1 X105.4889 Y-172.1111
G1 Z0.0000 F2500.0
G4 P0.02
G0 X106.6222 Y-171.3556 F15000.0
G1 Z11.9000 F2500.0
G4 P0.02
G1 X116.5389 Y-181.4611 F12000.0
G1 X107.0000 Y-171.7333
G1 Z0.0000 F2500.0
G4 P0.02
G0 X106.2786 Y-174.3401 F15000.0
G1 Z11.9000 F2500.0
G4 P0.02
G1 X106.3755 Y-160.6760 F12000.0
G1 Z0.0000 F2500.0
G4 P0.02
G0 X107.7556 Y-160.4000 F15000.0
G1 Z11.9000 F2500.0
G4 P0.02
G1 X109.0778 Y-159.6444 F12000.0
G1 X132.0278 Y-173.0556
G1 X138.5444 Y-175.3222
G1 X136.0889 Y-177.5889
G1 X137.4111 Y-179.4778
G1 X132.8778 Y-179.3833
G1 X123.7167 Y-175.9833
G1 X115.0278 Y-167.6722
G1 X108.0389 Y-161.5333
G1 X107.7556 Y-160.4000
G1 Z0.0000 F2500.0
G4 P0.02
G0 X107.7556 Y-158.1333 F15000.0
G1 Z11.9000 F2500.0
G4 P0.02
G1 X116.0667 Y-163.7056 F12000.0
G1 X129.0056 Y-170.4111
G1 X137.4111 Y-172.5833
G1 X137.5056 Y-173.2444
G1 X139.1111 Y-174.5667
G1 X136.7500 Y-174.7556
G1 X128.0611 Y-172.0167
G1 X137.9778 Y-174.9444
G1 X138.9222 Y-174.0944
G1 X135.7111 Y-172.8667
G1 X136.9389 Y-172.2056
G1 X128.6278 Y-170.2222
G1 X107.3778 Y-158.1333
G1 Z0.0000 F2500.0
G4 P0.02
G0 X103.2222 Y-158.8889 F15000.0
G1 Z11.9000 F2500.0
G4 P0.02
G1 X106.2444 Y-164.7444 F12000.0
G1 X108.8889 Y-167.2000
G1 X107.0944 Y-166.3500
G1 X104.4500 Y-163.4222
G1 X102.8444 Y-158.5111
G1 Z0.0000 F2500.0
G4 P0.02
G0 X101.7111 Y-155.1111 F15000.0
G1 Z11.9000 F2500.0
G4 P0.02
G1 X107.0000 Y-161.2500 F12000.0
G1 X110.4000 Y-165.8778
G1 X116.9167 Y-172.0167
G1 X107.7556 Y-163.3278
G1 X103.6000 Y-157.0944
G1 X101.2389 Y-155.3944
G1 X103.6000 Y-173.5278
G1 X105.5833 Y-177.2111
G1 X105.9611 Y-176.9278
G1 X108.1333 Y-181.1778
G1 X111.3444 Y-185.3333
G1 X104.8278 Y-176.5500
G1 X101.3333 Y-155.1111
G1 Z0.0000 F2500.0
G4 P0.02
G0 X101.7111 Y-152.4667 F15000.0
G1 Z11.9000 F2500.0
G4 P0.02
G1 X106.8111 Y-156.7167 F12000.0
G1 X111.0611 Y-158.4167
G1 X104.0722 Y-154.1667
G1 X102.0889 Y-152.4667
G1 Z0.0000 F2500.0
G4 P0.02
G0 X97.9333 Y-153.9778 F15000.0
G1 Z11.9000 F2500.0
G4 P0.02
G1 X99.3500 Y-155.3944 F12000.0
G1 X100.6722 Y-168.5222
G1 X103.3167 Y-175.7944
G1 X108.3222 Y-183.8222
G1 X112.1944 Y-188.0722
G1 X103.8833 Y-176.8333
G1 X101.2389 Y-170.8833
G1 X100.1056 Y-163.9889
G1 X97.9333 Y-154.3556
G1 Z0.0000 F2500.0
G4 P0.02
G0 X97.1778 Y-152.8444 F15000.0
G1 Z11.9000 F2500.0
G4 P0.02
G1 X93.4944 Y-156.1500 F12000.0
G1 X88.7722 Y-167.3889
G1 X87.3556 Y-166.7278
G1 X87.8278 Y-161.0611
G1 X86.4111 Y-163.3278
G1 X84.0500 Y-162.9500
G1 X80.7444 Y-170.6000
G1 X80.7444 Y-176.8333
G1 X84.4278 Y-182.9722
G1 X85.5611 Y-188.5444
G1 X84.1444 Y-188.8278
G1 X82.1611 Y-186.9389
G1 X81.9722 Y-189.7722
G1 X80.2722 Y-190.4333
G1 X78.2889 Y-185.9000
G1 X77.7222 Y-185.7111
G1 X77.3444 Y-187.9778
G1 X75.4556 Y-190.6222
G1 X72.0556 Y-193.6444
G1 X69.7889 Y-194.5889
G1 X68.0889 Y-191.7556
G1 X72.2444 Y-183.0667
G1 X71.3944 Y-182.6889
G1 X68.2778 Y-185.2389
G1 X65.8222 Y-185.6167
G1 X62.8000 Y-184.6722
G1 X60.9111 Y-185.2389
G1 X58.9278 Y-189.1111
G1 X55.9056 Y-192.6056
G1 X53.0722 Y-197.8944
G1 X52.6000 Y-201.0111
G1 X49.0111 Y-206.7722
G1 X47.6889 Y-207.5278
G1 X47.9722 Y-208.2833
G1 X49.3889 Y-208.2833
G1 X50.8056 Y-212.1556
G1 X51.4667 Y-217.4444
G1 X55.1500 Y-222.2611
G1 X58.8333 Y-224.5278
G1 X59.9667 Y-224.6222
G1 X62.2333 Y-222.6389
G1 X66.5778 Y-222.2611
G1 X67.3333 Y-222.8278
G1 X66.8611 Y-228.9667
G1 X65.5389 Y-233.2167
G1 X65.8222 Y-240.9611
G1 X66.9556 Y-244.0778
G1 X61.9500 Y-246.4389
G1 X57.8889 Y-245.9667
G1 X56.0000 Y-244.2667
G1 X54.8667 Y-244.8333
G1 X57.7944 Y-247.1944
G1 X64.6889 Y-247.9500
G1 X68.0889 Y-244.7389
G1 X70.6389 Y-245.8722
G1 X70.8278 Y-251.2556
G1 X78.4778 Y-252.9556
G1 X101.6167 Y-252.5778
G1 X102.5611 Y-235.4833
G1 X100.2000 Y-229.8167
G1 X102.1833 Y-228.5889
G1 X101.3333 Y-226.8889
G1 X102.7500 Y-209.7000
G1 X104.2611 Y-202.9000
G1 X104.4500 Y-199.7833
G1 X106.1500 Y-199.1222
G1 X107.6611 Y-201.7667
G1 X111.1556 Y-197.0444
G1 X108.8889 Y-192.4167
G1 X113.1389 Y-190.7167
G1 X112.1944 Y-186.1833
G1 X112.9500 Y-184.7667
G1 X109.3611 Y-176.8333
G1 X108.4167 Y-170.0333
G1 X107.0000 Y-167.4833
G1 X108.4167 Y-166.0667
G1 X102.4667 Y-156.1500
G1 X99.0667 Y-155.6778
G1 X97.1778 Y-152.8444
G1 Z0.0000 F2500.0
G4 P0.02
G0 X91.8889 Y-152.4667 F15000.0
G1 Z11.9000 F2500.0
G4 P0.02
G1 X92.1722 Y-154.2611 F12000.0
G1 X93.4944 Y-153.6944
G1 X89.2444 Y-158.5111
G1 X87.6389 Y-166.4444
G1 X89.3389 Y-158.3222
G1 X91.9833 Y-152.5611
G1 X89.7167 Y-154.8278
G1 X87.6389 Y-159.6444
G1 X87.4500 Y-161.8167
G1 X88.6778 Y-156.6222
G1 X91.5111 Y-152.0889
G1 Z0.0000 F2500.0
G4 P0.02
G0 X92.6444 Y-149.0667 F15000.0
G1 Z11.9000 F2500.0
G4 P0.02
G1 X92.5500 Y-149.7278 F12000.0
G1 X95.0056 Y-149.9167
G1 X99.2556 Y-153.3167
G1 X101.9944 Y-154.4500
G1 X98.0278 Y-152.7500
G1 X93.8722 Y-149.5389
G1 X93.3056 Y-149.7278
G1 X95.4778 Y-153.5056
G1 X91.9833 Y-158.7000
G1 X88.5833 Y-173.7167
G1 X88.3944 Y-171.0722
G1 X92.8333 Y-156.8111
G1 X95.2889 Y-153.1278
G1 X94.1556 Y-151.1444
G1 X91.7944 Y-150.8611
G1 X86.6944 Y-155.3944
G1 X86.1278 Y-157.3778
G1 X86.6944 Y-155.6778
G1 X83.9556 Y-159.2667
G1 X79.4222 Y-176.5500
G1 X79.9889 Y-182.7833
G1 X82.2556 Y-189.0167
G1 X79.4222 Y-178.6278
G1 X79.9889 Y-172.1111
G1 X83.8611 Y-160.2111
G1 X86.1278 Y-155.4889
G1 X90.6611 Y-151.2389
G1 X93.4000 Y-150.3889
G1 X92.4556 Y-148.9722
G1 X93.0222 Y-148.6889
G1 Z0.0000 F2500.0
G4 P0.02
G0 X96.4222 Y-146.0444 F15000.0
G1 Z11.9000 F2500.0
G4 P0.02
G1 X99.8222 Y-146.9889 F12000.0
G1 X100.7667 Y-148.8778
G1 X98.5000 Y-148.8778
G1 X101.0500 Y-149.1611
G1 X101.0500 Y-147.3667
G1 X101.9000 Y-146.8944
G1 X96.8000 Y-146.0444
G1 Z0.0000 F2500.0
G4 P0.02
G0 X96.1937 Y-144.7045 F15000.0
G1 Z11.9000 F2500.0
G4 P0.02
G1 X88.1665 Y-133.9420 F12000.0
G1 Z0.0000 F2500.0
G4 P0.02
G0 X89.5194 Y-131.7457 F15000.0
G1 Z11.9000 F2500.0
G4 P0.02
G2 X83.9804 Y-117.8024 I1.9634 J8.8518 F12000.0
G1 Z0.0000 F2500.0
G4 P0.02
G0 X83.2965 Y-119.4219 F15000.0
G1 Z11.9000 F2500.0
G4 P0.02
G1 X72.7221 Y-107.8488 F12000.0
G1 Z0.0000 F2500.0
G4 P0.02
G0 X75.2667 Y-102.9778 F15000.0
G1 Z11.9000 F2500.0
G4 P0.02
G1 X75.1722 Y-104.5833 F12000.0
G1 X75.7389 Y-104.9611
G1 X70.1667 Y-104.3944
G1 X66.7667 Y-106.0944
G1 X68.6556 Y-105.6222
G1 X69.8833 Y-104.3944
G1 X73.5667 Y-104.1111
G1 X74.0389 Y-103.2611
G1 X74.0389 Y-104.2056
G1 X74.9833 Y-104.0167
G1 X75.2667 Y-102.6000
G1 Z0.0000 F2500.0
G4 P0.02
G0 X79.0444 Y-104.1111 F15000.0
G1 Z11.9000 F2500.0
G4 P0.02
G1 X76.5889 Y-106.5667 F12000.0
G1 X75.1722 Y-106.0000
G1 X73.6611 Y-107.3222
G1 X73.5667 Y-106.7556
G1 X72.7167 Y-107.6056
G1 X72.0556 Y-106.5667
G1 X72.1500 Y-106.0000
G1 X70.5444 Y-106.3778
G1 X69.5056 Y-107.4167
G1 X66.1056 Y-107.4167
G1 X64.7833 Y-108.4556
G1 X65.6333 Y-108.1722
G1 X65.5389 Y-109.4000
G1 X63.5556 Y-108.3611
G1 X63.4611 Y-107.8889
G1 X62.9889 Y-108.8333
G1 X55.5278 Y-108.9278
G1 X58.9278 Y-109.1167
G1 X60.0611 Y-108.4556
G1 X62.8000 Y-108.5500
G1 X65.8222 Y-109.4944
G1 X66.3889 Y-108.0778
G1 X66.6722 Y-109.9667
G1 X66.3889 Y-110.5333
G1 X68.1833 Y-107.3222
G1 X70.4500 Y-107.2278
G1 X71.3000 Y-106.0944
G1 X72.5278 Y-108.7389
G1 X72.3389 Y-109.6833
G1 X69.0333 Y-110.4389
G1 X73.1889 Y-111.1000
G1 X75.2667 Y-110.8167
G1 X78.1944 Y-112.2333
G1 X78.7611 Y-114.2167
G1 X77.8167 Y-114.5000
G1 X77.5333 Y-113.4611
G1 X77.8167 Y-115.2556
G1 X79.2333 Y-115.2556
G1 X81.6889 Y-119.6944
G1 X78.7611 Y-114.3111
G1 X79.6111 Y-112.8944
G1 X80.7444 Y-115.1611
G1 X80.3667 Y-115.3500
G1 X79.8000 Y-112.8000
G1 X78.4778 Y-112.4222
G1 X77.5333 Y-111.3833
G1 X72.2444 Y-110.1556
G1 X73.0000 Y-108.2667
G1 X75.7389 Y-106.1889
G1 X77.3444 Y-106.3778
G1 X78.7611 Y-104.6778
G1 X81.1222 Y-106.9444
G1 X85.4667 Y-106.3778
G1 X87.5444 Y-107.7000
G1 X89.4333 Y-106.9444
G1 X93.1167 Y-109.2111
G1 X95.6667 Y-107.2278
G1 X96.5167 Y-107.3222
G1 X98.4056 Y-109.0222
G1 X101.1444 Y-108.1722
G1 X101.9944 Y-108.7389
G1 X100.3889 Y-108.1722
G1 X98.6889 Y-109.0222
G1 X95.9500 Y-106.8500
G1 X93.0222 Y-108.9278
G1 X88.8667 Y-106.9444
G1 X87.4500 Y-107.2278
G1 X84.0500 Y-106.5667
G1 X82.9167 Y-106.8500
G1 X81.7833 Y-106.1889
G1 X80.5556 Y-106.1889
G1 X79.4222 Y-104.4889
G1 Z0.0000 F2500.0
G4 P0.02
G0 X74.1333 Y-96.5556 F15000.0
G1 Z11.9000 F2500.0
G4 P0.02
G1 X77.3444 Y-98.9167 F12000.0
G1 X76.8722 Y-101.4667
G1 X76.4944 Y-100.0500
G1 X75.0778 Y-99.6722
G1 X73.0000 Y-97.6889
G1 X66.0111 Y-99.6722
G1 X64.5000 Y-102.4111
G1 X64.8778 Y-102.7889
G1 X64.3111 Y-101.0889
G1 X67.0500 Y-99.1056
G1 X73.2833 Y-97.6889
G1 X76.4944 Y-99.9556
G1 X76.4944 Y-98.2556
G1 X74.4167 Y-96.9333
G1 X65.8222 Y-98.4444
G1 X63.9333 Y-99.6722
G1 X59.7778 Y-100.5222
G1 X56.0000 Y-100.2389
G1 X53.5444 Y-100.9000
G1 X47.3111 Y-100.1444
G1 X41.7389 Y-101.2778
G1 X39.2833 Y-102.9778
G1 X37.3000 Y-103.9222
G1 X36.0722 Y-104.0167
G1 X38.3389 Y-106.0000
G1 X39.5667 Y-105.1500
G1 X40.4167 Y-105.8111
G1 X40.8889 Y-104.8667
G1 X39.1889 Y-104.0167
G1 X47.5944 Y-102.0333
G1 X50.2389 Y-102.2222
G1 X52.6000 Y-101.5611
G1 X53.3556 Y-102.5056
G1 X56.0944 Y-101.5611
G1 X54.7722 Y-102.5056
G1 X53.6389 Y-102.5056
G1 X52.1278 Y-101.2778
G1 X49.0111 Y-102.4111
G1 X44.3833 Y-102.5056
G1 X40.7944 Y-104.7722
G1 X42.3056 Y-105.5278
G1 X44.5722 Y-105.5278
G1 X42.8722 Y-106.1889
G1 X38.8111 Y-105.6222
G1 X37.0167 Y-106.8500
G1 X37.6778 Y-105.8111
G1 X36.6389 Y-105.5278
G1 X35.1278 Y-107.2278
G1 X33.5222 Y-105.0556
G1 X31.6333 Y-104.7722
G1 X36.0722 Y-104.2056
G1 X34.5611 Y-103.9222
G1 X40.6056 Y-102.1278
G1 X43.0611 Y-100.7111
G1 X54.8667 Y-100.8056
G1 X59.0222 Y-100.1444
G1 X64.6889 Y-99.2000
G1 X67.8056 Y-97.6889
G1 X73.7556 Y-96.5556
G1 Z0.0000 F2500.0
G4 P0.02
G0 X62.8000 Y-101.4667 F15000.0
G1 Z11.9000 F2500.0
G4 P0.02
G1 X63.9333 Y-102.8833 F12000.0
G1 X61.1000 Y-103.6389
G1 X63.5556 Y-102.8833
G1 X62.0444 Y-101.4667
G1 X60.4389 Y-102.0333
G1 X58.4556 Y-103.8278
G1 X56.8500 Y-103.9222
G1 X56.8500 Y-103.0722
G1 X52.4111 Y-105.6222
G1 X51.4667 Y-106.5667
G1 X47.7833 Y-103.5444
G1 X48.1611 Y-103.2611
G1 X51.3722 Y-106.3778
G1 X52.4111 Y-105.1500
G1 X51.8444 Y-104.3000
G1 X52.9778 Y-104.2056
G1 X52.1278 Y-104.6778
G1 X53.7333 Y-104.8667
G1 X55.8111 Y-103.6389
G1 X55.7167 Y-102.8833
G1 X56.2833 Y-103.4500
G1 X57.1333 Y-102.8833
G1 X57.7000 Y-104.0167
G1 X62.4222 Y-101.0889
G1 Z0.0000 F2500.0
G4 P0.02
G0 X55.2444 Y-105.2444 F15000.0
G1 Z11.9000 F2500.0
G4 P0.02
G1 X56.6611 Y-105.4333 F12000.0
G1 X55.1500 Y-107.0389
G1 X58.2667 Y-107.6056
G1 X59.0222 Y-107.0389
G1 X55.4333 Y-107.6056
G1 X53.0722 Y-106.5667
G1 X56.2833 Y-105.5278
G1 X54.8667 Y-105.2444
G1 Z0.0000 F2500.0
G4 P0.02
G0 X51.5167 Y-110.7725 F15000.0
G1 Z11.9000 F2500.0
G4 P0.02
G1 X38.7221 Y-114.7792 F12000.0
G1 Z0.0000 F2500.0
G4 P0.02
G0 X40.9513 Y-114.9454 F15000.0
G1 Z11.9000 F2500.0
G4 P0.02
G1 X52.7626 Y-121.0725 F12000.0
G1 Z0.0000 F2500.0
G4 P0.02
G0 X50.3333 Y-117.7111 F15000.0
G1 Z11.9000 F2500.0
G4 P0.02
G1 X54.8667 Y-127.9111 F12000.0
G1 X54.3000 Y-129.4222
G1 X56.9444 Y-133.0111
G1 X56.8500 Y-133.8611
G1 X60.3444 Y-137.1667
G1 X60.8167 Y-136.4111
G1 X66.3889 Y-136.2222
G1 X66.7667 Y-135.5611
G1 X65.8222 Y-136.6944
G1 X64.5944 Y-136.1278
G1 X63.2722 Y-138.3944
G1 X60.7222 Y-136.7889
G1 X59.8722 Y-138.2056
G1 X61.1944 Y-140.4722
G1 X58.5500 Y-138.3000
G1 X56.2833 Y-140.5667
G1 X58.9278 Y-136.9778
G1 X56.8500 Y-133.9556
G1 X55.5278 Y-134.5222
G1 X56.6611 Y-135.9389
G1 X55.3389 Y-134.4278
G1 X56.7556 Y-132.6333
G1 X54.4889 Y-130.6500
G1 X54.4889 Y-126.8722
G1 X52.6944 Y-124.3222
G1 X52.0333 Y-125.2667
G1 X52.4111 Y-126.2111
G1 X51.7500 Y-124.2278
G1 X52.8833 Y-124.2278
G1 X52.5056 Y-122.0556
G1 X49.9556 Y-117.3333
G1 Z0.0000 F2500.0
G4 P0.02
G0 X46.8998 Y-116.2435 F15000.0
G1 Z11.9000 F2500.0
G4 P0.02
G1 X37.9464 Y-109.4223 F12000.0
G1 Z0.0000 F2500.0
G4 P0.02
G0 X32.2394 Y-116.1420 F15000.0
G1 Z11.9000 F2500.0
G4 P0.02
G3 X24.5855 Y-126.0979 I-0.3522 J-7.6492 F12000.0
G1 Z0.0000 F2500.0
G4 P0.02
G0 X24.6444 Y-127.9111 F15000.0
G1 Z11.9000 F2500.0
G4 P0.02
G1 X23.9833 Y-129.3278 F12000.0
G1 X22.8500 Y-130.0833
G1 X22.7556 Y-131.0278
G1 X22.0944 Y-131.2167
G1 X23.7944 Y-131.5000
G1 X22.1889 Y-132.0667
G1 X63.9333 Y-144.0611
G1 X81.8778 Y-147.5556
G1 X86.8833 Y-145.7611
G1 X83.7667 Y-145.4778
G1 X85.4667 Y-144.3444
G1 X92.7389 Y-144.6278
G1 X91.6056 Y-143.3056
G1 X91.5111 Y-144.3444
G1 X86.3167 Y-144.6278
G1 X84.9944 Y-144.0611
G1 X83.6722 Y-145.1944
G1 X83.4833 Y-146.4222
G1 X80.4611 Y-147.3667
G1 X81.4056 Y-145.8556
G1 X77.0611 Y-142.2667
G1 X80.1778 Y-144.0611
G1 X81.0278 Y-146.1389
G1 X78.9500 Y-146.9889
G1 X76.4944 Y-146.1389
G1 X75.8333 Y-143.4944
G1 X76.1167 Y-145.7611
G1 X72.5278 Y-145.7611
G1 X23.8889 Y-131.7833
G1 X23.0389 Y-129.6111
G1 X24.3611 Y-129.4222
G1 X25.4000 Y-130.2722
G1 X24.4556 Y-129.3278
G1 X25.0222 Y-127.9111
G1 Z0.0000 F2500.0
G4 P0.02
G0 X21.2848 Y-125.1765 F15000.0
G1 Z11.9000 F2500.0
G4 P0.02
G3 X16.2030 Y-135.0762 I0.5345 J-6.5285 F12000.0
G1 Z0.0000 F2500.0
G4 P0.02
G0 X9.1556 Y-125.6444 F15000.0
G1 Z11.9000 F2500.0
G4 P0.02
G1 X12.8389 Y-128.8556 F12000.0
G1 X13.5000 Y-128.4778
G1 X13.2167 Y-129.3278
G1 X16.8056 Y-129.7056
G1 X16.2389 Y-129.4222
G1 X17.3722 Y-129.9889
G1 X11.8944 Y-128.6667
G1 X8.7778 Y-125.6444
G1 Z0.0000 F2500.0
G4 P0.02
G0 X5.0403 Y-121.4122 F15000.0
G1 Z11.9000 F2500.0
G4 P0.02
G2 X12.7664 Y-119.7087 I4.3529 J-1.3703 F12000.0
G1 Z0.0000 F2500.0
G4 P0.02
G0 X14.8222 Y-119.6000 F15000.0
G1 Z11.9000 F2500.0
G4 P0.02
G1 X14.8222 Y-122.2444 F12000.0
G1 X15.9556 Y-124.5111
G1 X25.0222 Y-125.9278
G1 X26.0611 Y-126.5889
G1 X24.9278 Y-124.7000
G1 X26.8167 Y-124.3222
G1 X26.8167 Y-121.5833
G1 X26.8167 Y-120.9222
G1 X26.6278 Y-124.1333
G1 X25.4944 Y-124.9833
G1 X24.4556 Y-124.5111
G1 X23.3222 Y-125.6444
G1 X16.4278 Y-124.7000
G1 X15.7667 Y-122.9056
G1 X16.0500 Y-122.6222
G1 X14.6333 Y-122.0556
G1 X15.2000 Y-119.9778
G1 Z0.0000 F2500.0
G4 P0.02
G0 X20.2380 Y-122.5739 F15000.0
G1 Z11.9000 F2500.0
G4 P0.02
G1 X33.2003 Y-120.2063 F12000.0
G1 Z0.0000 F2500.0
G4 P0.02
G0 X30.0637 Y-121.7376 F15000.0
G1 Z11.9000 F2500.0
G4 P0.02
G3 X36.3365 Y-132.1261 I6.6545 J-3.0700 F12000.0
G1 Z0.0000 F2500.0
G4 P0.02
G0 X37.0411 Y-135.3624 F15000.0
G1 Z11.9000 F2500.0
G4 P0.02
G1 X40.8446 Y-122.8288 F12000.0
G1 Z0.0000 F2500.0
G4 P0.02
G0 X42.0222 Y-124.5111 F15000.0
G1 Z11.9000 F2500.0
G4 P0.02
G1 X44.1944 Y-126.6833 F12000.0
G1 X43.7222 Y-127.3444
G1 X47.1222 Y-128.4778
G1 X49.1056 Y-131.0278
G1 X47.5000 Y-132.5389
G1 X48.9167 Y-131.6889
G1 X47.3111 Y-128.2889
G1 X44.7611 Y-127.4389
G1 X44.1000 Y-125.7389
G1 X42.4000 Y-124.5111
G1 Z0.0000 F2500.0
G4 P0.02
G0 X39.0000 Y-126.7778 F15000.0
G1 Z11.9000 F2500.0
G4 P0.02
G1 X40.4167 Y-127.3444 F12000.0
G1 X41.4556 Y-128.9500
G1 X40.7000 Y-129.5167
G1 X40.3222 Y-129.8944
G1 X40.6056 Y-128.4778
G1 X39.5667 Y-126.8722
G1 X38.4333 Y-129.7056
G1 X37.1111 Y-129.5167
G1 X38.8111 Y-129.2333
G1 X38.6222 Y-126.4000
G1 Z0.0000 F2500.0
G4 P0.02
G0 X31.4444 Y-129.0444 F15000.0
G1 Z11.9000 F2500.0
G4 P0.02
G1 X33.9000 Y-129.5167 F12000.0
G1 X30.7833 Y-129.3278
G1 X31.4444 Y-132.6333
G1 X32.7667 Y-132.9167
G1 X34.0889 Y-132.3500
G1 X33.6167 Y-133.2000
G1 X29.3667 Y-131.2167
G1 X29.9333 Y-130.5556
G1 X30.5944 Y-131.7833
G1 X31.0667 Y-128.6667
G1 Z0.0000 F2500.0
G4 P0.02
G0 X25.1214 Y-119.1997 F15000.0
G1 Z11.9000 F2500.0
G4 P0.02
G1 X10.7704 Y-113.2698 F12000.0
G1 Z0.0000 F2500.0
G4 P0.02
G0 X7.6444 Y-102.2222 F15000.0
G1 Z11.9000 F2500.0
G4 P0.02
G1 X13.1222 Y-105.0556 F12000.0
G1 X16.9000 Y-104.2056
G1 X17.4667 Y-103.9222
G1 X15.0111 Y-105.0556
G1 X14.0667 Y-104.7722
G1 X13.1222 Y-105.8111
G1 X11.8000 Y-104.7722
G1 X7.9278 Y-103.5444
G1 X6.1333 Y-104.6778
G1 X5.5667 Y-103.8278
G1 X7.4556 Y-103.8278
G1 X8.4944 Y-103.3556
G1 X10.4778 Y-104.2056
G1 X8.4000 Y-102.2222
G1 X7.2667 Y-102.2222
G1 Z0.0000 F2500.0
G4 P0.02
G0 X17.8444 Y-101.8444 F15000.0
G1 Z11.9000 F2500.0
G4 P0.02
G1 X16.9944 Y-102.5056 F12000.0
G1 X16.2389 Y-102.4111
G1 X22.4722 Y-104.0167
G1 X23.2278 Y-104.7722
G1 X24.8333 Y-105.3389
G1 X24.5500 Y-105.6222
G1 X25.6833 Y-104.2056
G1 X28.0444 Y-104.0167
G1 X23.3222 Y-102.1278
G1 X18.2222 Y-101.8444
G1 Z0.0000 F2500.0
G4 P0.02
G0 X29.1778 Y-104.1111 F15000.0
G1 Z11.9000 F2500.0
G4 P0.02
G1 X30.1222 Y-105.8111 F12000.0
G1 X28.1389 Y-105.1500
G1 X33.6167 Y-107.3222
G1 X30.5944 Y-105.9056
G1 X31.8222 Y-105.8111
G1 X29.5556 Y-104.4889
G1 Z0.0000 F2500.0
G4 P0.02
G0 X48.0380 Y-120.6634 F15000.0
G1 Z11.9000 F2500.0
G4 P0.02
G1 X52.3514 Y-130.8884 F12000.0
G1 Z0.0000 F2500.0
G4 P0.02
G0 X55.5932 Y-132.2273 F15000.0
G1 Z11.9000 F2500.0
G4 P0.02
G1 X66.6058 Y-124.6788 F12000.0
G1 Z0.0000 F2500.0
G4 P0.02
G0 X60.7156 Y-121.5775 F15000.0
G1 Z11.9000 F2500.0
G4 P0.02
G2 X56.1271 Y-132.0634 I-4.2875 J-4.3707 F12000.0
G1 Z0.0000 F2500.0
G4 P0.02
G0 X56.7556 Y-129.4222 F15000.0
G1 Z11.9000 F2500.0
G4 P0.02
G1 X58.3611 Y-130.7444 F12000.0
G1 X60.8167 Y-130.1778
G1 X61.4778 Y-129.4222
G1 X59.3056 Y-130.7444
G1 X58.7389 Y-130.4611
G1 X58.1722 Y-131.8778
G1 X61.4778 Y-132.5389
G1 X61.0056 Y-133.5778
G1 X61.0056 Y-132.1611
G1 X58.4556 Y-132.4444
G1 X57.9833 Y-133.2000
G1 X56.5667 Y-129.6111
G1 X56.4722 Y-130.9333
G1 X55.5278 Y-129.8944
G1 X56.3778 Y-129.0444
G1 Z0.0000 F2500.0
G4 P0.02
G0 X49.0448 Y-125.5885 F15000.0
G1 Z11.9000 F2500.0
G4 P0.02
G1 X44.5262 Y-137.7531 F12000.0
G1 Z0.0000 F2500.0
G4 P0.02
G0 X59.3310 Y-138.6892 F15000.0
G1 Z11.9000 F2500.0
G4 P0.02
G1 X64.3161 Y-143.3693 F12000.0
G1 Z0.0000 F2500.0
G4 P0.02
G0 X68.0889 Y-137.3556 F15000.0
G1 Z11.9000 F2500.0
G4 P0.02
G1 X66.8611 Y-139.6222 F12000.0
G1 X66.2944 Y-143.0222
G1 X65.3500 Y-142.7389
G1 X66.4833 Y-142.4556
G1 X64.5000 Y-141.8889
G1 X64.1222 Y-142.6444
G1 X63.2722 Y-139.3389
G1 X62.4222 Y-140.2833
G1 X62.1389 Y-142.2667
G1 X62.8000 Y-139.2444
G1 X64.2167 Y-138.6778
G1 X65.4444 Y-140.3778
G1 X64.2167 Y-139.7167
G1 X64.5000 Y-141.3222
G1 X65.6333 Y-141.7000
G1 X66.7667 Y-139.1500
G1 X65.9167 Y-138.9611
G1 X66.0111 Y-138.0167
G1 X66.9556 Y-138.3944
G1 X68.0889 Y-136.9778
G1 Z0.0000 F2500.0
G4 P0.02
G0 X70.4250 Y-136.2557 F15000.0
G1 Z11.9000 F2500.0
G4 P0.02
G1 X74.3345 Y-125.6904 F12000.0
G1 Z0.0000 F2500.0
G4 P0.02
G0 X81.3338 Y-128.8449 F15000.0
G1 Z11.9000 F2500.0
G4 P0.02
G1 X91.9236 Y-132.3129 F12000.0
G1 Z0.0000 F2500.0
G4 P0.02
G0 X91.8889 Y-133.2000 F15000.0
G1 Z11.9000 F2500.0
G4 P0.02
G1 X90.7556 Y-135.5611 F12000.0
G1 X93.6833 Y-138.3944
G1 X92.4556 Y-139.9056
G1 X93.4944 Y-141.4167
G1 X91.8889 Y-141.0389
G1 X93.3056 Y-141.8889
G1 X93.1167 Y-142.7389
G1 X94.2500 Y-141.3222
G1 X95.3833 Y-141.9833
G1 X95.5722 Y-144.6278
G1 X96.8000 Y-145.1000
G1 X95.9500 Y-144.3444
G1 X94.7222 Y-141.2278
G1 X93.8722 Y-141.2278
G1 X94.0611 Y-140.0000
G1 X101.0500 Y-140.4722
G1 X101.9944 Y-139.9056
G1 X104.2611 Y-142.6444
G1 X109.6444 Y-144.8167
G1 X118.2389 Y-146.6111
G1 X121.6389 Y-148.5000
G1 X127.4944 Y-147.8389
G1 X120.7889 Y-148.0278
G1 X117.4833 Y-146.0444
G1 X110.5889 Y-144.3444
G1 X104.8278 Y-142.3611
G1 X105.0167 Y-141.7944
G1 X104.2611 Y-142.4556
G1 X103.3167 Y-141.6056
G1 X104.6389 Y-140.2833
G1 X103.6000 Y-141.2278
G1 X102.6556 Y-139.0556
G1 X103.0333 Y-138.6778
G1 X99.9167 Y-140.7556
G1 X93.5889 Y-139.0556
G1 X93.7778 Y-138.0167
G1 X92.4556 Y-136.1278
G1 X91.3222 Y-135.9389
G1 X91.8889 Y-133.5778
G1 Z0.0000 F2500.0
G4 P0.02
G0 X94.5385 Y-132.8539 F15000.0
G1 Z11.9000 F2500.0
G4 P0.02
G3 X83.5443 Y-129.0165 I-7.1450 J-2.8024 F12000.0
G1 Z0.0000 F2500.0
G4 P0.02
G0 X86.9778 Y-127.1556 F15000.0
G1 Z11.9000 F2500.0
G4 P0.02
G1 X84.9000 Y-128.7611 F12000.0
G1 X86.8833 Y-128.6667
G1 X89.5278 Y-136.0333
G1 X89.1500 Y-141.8889
G1 X90.1889 Y-142.8333
G1 X90.4722 Y-139.9056
G1 X90.1889 Y-142.4556
G1 X89.0556 Y-140.5667
G1 X89.6222 Y-138.6778
G1 X90.5667 Y-138.2056
G1 X89.4333 Y-138.2056
G1 X89.5278 Y-134.1444
G1 X86.7889 Y-127.7222
G1 X87.3556 Y-127.1556
G1 Z0.0000 F2500.0
G4 P0.02
G0 X88.8288 Y-129.4450 F15000.0
G1 Z11.9000 F2500.0
G4 P0.02
G1 X84.3353 Y-142.3738 F12000.0
G1 Z0.0000 F2500.0
G4 P0.02
G0 X88.7002 Y-144.5911 F15000.0
G1 Z11.9000 F2500.0
G4 P0.02
G1 X102.2035 Y-147.3334 F12000.0
G1 Z0.0000 F2500.0
G4 P0.02
G0 X105.7707 Y-141.8436 F15000.0
G1 Z11.9000 F2500.0
G4 P0.02
G3 X105.9525 Y-129.8001 I-3.5420 J6.0766 F12000.0
G1 Z0.0000 F2500.0
G4 P0.02
G0 X107.0742 Y-128.3823 F15000.0
G1 Z11.9000 F2500.0
G4 P0.02
G1 X117.1247 Y-133.6322 F12000.0
G1 Z0.0000 F2500.0
G4 P0.02
G0 X119.7874 Y-129.1345 F15000.0
G1 Z11.9000 F2500.0
G4 P0.02
G1 X111.1409 Y-135.8813 F12000.0
G1 Z0.0000 F2500.0
G4 P0.02
G0 X112.1188 Y-135.3251 F15000.0
G1 Z11.9000 F2500.0
G4 P0.02
G1 X100.0292 Y-139.7904 F12000.0
G1 Z0.0000 F2500.0
G4 P0.02
G0 X90.1085 Y-136.6163 F15000.0
G1 Z11.9000 F2500.0
G4 P0.02
G1 X92.9276 Y-123.5804 F12000.0
G1 Z0.0000 F2500.0
G4 P0.02
G0 X95.7438 Y-123.0383 F15000.0
G1 Z11.9000 F2500.0
G4 P0.02
G1 X92.2856 Y-110.3419 F12000.0
G1 Z0.0000 F2500.0
G4 P0.02
G0 X94.1556 Y-119.6000 F15000.0
G1 Z11.9000 F2500.0
G4 P0.02
G1 X93.0222 Y-119.8833 F12000.0
G1 X99.2556 Y-119.8833
G1 X103.7889 Y-121.6778
G1 X104.4500 Y-121.3944
G1 X103.6944 Y-124.3222
G1 X105.6778 Y-121.2056
G1 X104.4500 Y-120.9222
G1 X104.4500 Y-120.3556
G1 X103.3167 Y-121.5833
G1 X98.2167 Y-119.6944
G1 X94.5333 Y-119.9778
G1 Z0.0000 F2500.0
G4 P0.02
G0 X104.6279 Y-127.9603 F15000.0
G1 Z11.9000 F2500.0
G4 P0.02
G1 X107.0847 Y-113.2267 F12000.0
G1 Z0.0000 F2500.0
G4 P0.02
G0 X113.9640 Y-114.8714 F15000.0
G1 Z11.9000 F2500.0
G4 P0.02
G1 X127.1600 Y-111.0816 F12000.0
G1 Z0.0000 F2500.0
G4 P0.02
G0 X124.7361 Y-113.3986 F15000.0
G1 Z11.9000 F2500.0
G4 P0.02
G1 X117.7870 Y-118.7229 F12000.0
G1 Z0.0000 F2500.0
G4 P0.02
G0 X121.9887 Y-124.5835 F15000.0
G1 Z11.9000 F2500.0
G4 P0.02
G1 X135.1961 Y-116.0628 F12000.0
G1 Z0.0000 F2500.0
G4 P0.02
G0 X137.2861 Y-118.5090 F15000.0
G1 Z11.9000 F2500.0
G4 P0.02
G1 X133.1132 Y-130.1204 F12000.0
G1 Z0.0000 F2500.0
G4 P0.02
G0 X131.0567 Y-132.0663 F15000.0
G1 Z11.9000 F2500.0
G4 P0.02
G1 X138.1151 Y-118.2298 F12000.0
G1 Z0.0000 F2500.0
G4 P0.02
G0 X140.3875 Y-115.5430 F15000.0
G1 Z11.9000 F2500.0
G4 P0.02
G1 X125.2440 Y-114.4452 F12000.0
G1 Z0.0000 F2500.0
G4 P0.02
G0 X133.6295 Y-110.9184 F15000.0
G1 Z11.9000 F2500.0
G4 P0.02
G1 X137.5670 Y-123.9281 F12000.0
G1 Z0.0000 F2500.0
G4 P0.02
G0 X138.4763 Y-125.7182 F15000.0
G1 Z11.9000 F2500.0
G4 P0.02
G1 X140.2047 Y-141.7134 F12000.0
G1 Z0.0000 F2500.0
G4 P0.02
G0 X139.2126 Y-140.6132 F15000.0
G1 Z11.9000 F2500.0
G4 P0.02
G1 X151.9270 Y-144.8798 F12000.0
G1 Z0.0000 F2500.0
G4 P0.02
G0 X154.2222 Y-143.9677 F15000.0
G1 Z11.9000 F2500.0
G4 P0.02
G1 X167.0201 Y-144.2576 F12000.0
G1 Z0.0000 F2500.0
G4 P0.02
G0 X162.9591 Y-148.9441 F15000.0
G1 Z11.9000 F2500.0
G4 P0.02
G3 X157.2597 Y-140.6385 I-2.4306 J4.4404 F12000.0
G1 Z0.0000 F2500.0
G4 P0.02
G0 X157.6923 Y-143.1361 F15000.0
G1 Z11.9000 F2500.0
G4 P0.02
G1 X161.0857 Y-153.4796 F12000.0
G1 Z0.0000 F2500.0
G4 P0.02
G0 X154.9778 Y-149.8222 F15000.0
G1 Z11.9000 F2500.0
G4 P0.02
G1 X157.1500 Y-152.1833 F12000.0
G1 X157.8111 Y-151.6167
G1 X157.6222 Y-152.7500
G1 X158.5667 Y-153.4111
G1 X156.9611 Y-152.6556
G1 X148.6500 Y-152.5611
G1 X156.6778 Y-152.6556
G1 X154.6000 Y-149.4444
G1 Z0.0000 F2500.0
G4 P0.02
G0 X155.4447 Y-148.6753 F15000.0
G1 Z11.9000 F2500.0
G4 P0.02
G3 X157.0247 Y-136.8078 I-3.6814 J6.5290 F12000.0
G1 Z0.0000 F2500.0
G4 P0.02
G0 X159.6894 Y-132.0498 F15000.0
G1 Z11.9000 F2500.0
G4 P0.02
G1 X154.1368 Y-117.4882 F12000.0
G1 Z0.0000 F2500.0
G4 P0.02
G0 X154.7212 Y-119.3121 F15000.0
G1 Z11.9000 F2500.0
G4 P0.02
G1 X156.2665 Y-130.4838 F12000.0
G1 Z0.0000 F2500.0
G4 P0.02
G0 X156.8667 Y-129.0444 F15000.0
G1 Z11.9000 F2500.0
G4 P0.02
G1 X151.7667 Y-132.2556 F12000.0
G1 X153.6556 Y-133.8611
G1 X154.5056 Y-135.6556
G1 X155.7333 Y-133.9556
G1 X157.8111 Y-133.3889
G1 X155.0722 Y-134.5222
G1 X156.2056 Y-134.9000
G1 X155.6389 Y-136.0333
G1 X159.8889 Y-133.4833
G1 X156.6778 Y-135.9389
G1 X153.9389 Y-136.1278
G1 X153.2778 Y-137.1667
G1 X153.3722 Y-137.8278
G1 X153.2778 Y-133.1056
G1 X151.5778 Y-132.2556
G1 X156.1111 Y-130.0833
G1 X157.2444 Y-128.6667
G1 Z0.0000 F2500.0
G4 P0.02
G0 X155.6437 Y-128.9254 F15000.0
G1 Z11.9000 F2500.0
G4 P0.02
G1 X151.9841 Y-113.7207 F12000.0
G1 Z0.0000 F2500.0
G4 P0.02
G0 X152.8689 Y-112.2359 F15000.0
G1 Z11.9000 F2500.0
G4 P0.02
G1 X142.0308 Y-120.4338 F12000.0
G1 Z0.0000 F2500.0
G4 P0.02
G0 X134.8986 Y-121.8865 F15000.0
G1 Z11.9000 F2500.0
G4 P0.02
G1 X136.9619 Y-137.4030 F12000.0
G1 Z0.0000 F2500.0
G4 P0.02
G0 X136.3140 Y-137.2817 F15000.0
G1 Z11.9000 F2500.0
G4 P0.02
G1 X127.6747 Y-147.4403 F12000.0
G1 Z0.0000 F2500.0
G4 P0.02
G0 X131.1481 Y-145.8733 F15000.0
G1 Z11.9000 F2500.0
G4 P0.02
G1 X134.6570 Y-133.0575 F12000.0
G1 Z0.0000 F2500.0
G4 P0.02
G0 X138.4353 Y-134.2197 F15000.0
G1 Z11.9000 F2500.0
G4 P0.02
G2 X134.1384 Y-147.5966 I-6.2578 J-5.3685 F12000.0
G1 Z0.0000 F2500.0
G4 P0.02
G0 X133.2396 Y-147.3365 F15000.0
G1 Z11.9000 F2500.0
G4 P0.02
G1 X142.6638 Y-153.8536 F12000.0
G1 Z0.0000 F2500.0
G4 P0.02
G0 X138.6942 Y-153.9907 F15000.0
G1 Z11.9000 F2500.0
G4 P0.02
G1 X127.3321 Y-154.6127 F12000.0
G1 Z0.0000 F2500.0
G4 P0.02
G0 X132.5197 Y-150.6112 F15000.0
G1 Z11.9000 F2500.0
G4 P0.02
G1 X146.2087 Y-151.3692 F12000.0
G1 Z0.0000 F2500.0
G4 P0.02
G0 X146.3855 Y-147.4463 F15000.0
G1 Z11.9000 F2500.0
G4 P0.02
G2 X150.5387 Y-138.6495 I5.7089 J2.6835 F12000.0
G1 Z0.0000 F2500.0
G4 P0.02
G0 X152.1327 Y-134.1501 F15000.0
G1 Z11.9000 F2500.0
G4 P0.02
G1 X164.8508 Y-130.2422 F12000.0
G1 Z0.0000 F2500.0
G4 P0.02
G0 X165.1778 Y-125.6444 F15000.0
G1 Z11.9000 F2500.0
G4 P0.02
G1 X163.1944 Y-126.6833 F12000.0
G1 X161.8722 Y-126.6833
G1 X161.3056 Y-127.9111
G1 X160.5500 Y-126.8722
G1 X159.3222 Y-127.2500
G1 X160.9278 Y-127.0611
G1 X160.9278 Y-128.4778
G1 X162.4389 Y-128.4778
G1 X162.0611 Y-126.4944
G1 X166.1222 Y-125.9278
G1 X165.5556 Y-125.6444
G1 Z0.0000 F2500.0
G4 P0.02
G0 X156.1111 Y-124.8889 F15000.0
G1 Z11.9000 F2500.0
G4 P0.02
G1 X156.6778 Y-125.0778 F12000.0
G1 X156.6778 Y-125.9278
G1 X153.2778 Y-127.0611
G1 X153.6556 Y-127.6278
G1 X158.6611 Y-126.3056
G1 X160.5500 Y-125.0778
G1 X156.3000 Y-127.3444
G1 X153.3722 Y-127.5333
G1 X153.6556 Y-126.4000
G1 X156.0167 Y-125.4556
G1 X155.7333 Y-124.8889
G1 Z0.0000 F2500.0
G4 P0.02
G0 X156.1111 Y-120.7333 F15000.0
G1 Z11.9000 F2500.0
G4 P0.02
G1 X159.7000 Y-120.8278 F12000.0
G1 X158.1889 Y-121.2056
G1 X154.3167 Y-123.6611
G1 X154.3167 Y-124.5111
G1 X154.4111 Y-122.3389
G1 X156.1111 Y-122.7167
G1 X156.8667 Y-121.4889
G1 X155.7333 Y-120.3556
G1 Z0.0000 F2500.0
G4 P0.02
G0 X151.2716 Y-117.4124 F15000.0
G1 Z11.9000 F2500.0
G4 P0.02
G1 X143.2130 Y-109.4469 F12000.0
G1 Z0.0000 F2500.0
G4 P0.02
G0 X141.7556 Y-107.8889 F15000.0
G1 Z11.9000 F2500.0
G4 P0.02
G1 X142.5111 Y-108.5500 F12000.0
G1 X143.2667 Y-108.3611
G1 X140.3389 Y-110.7222
G1 X139.0167 Y-113.1778
G1 X139.6778 Y-114.9722
G1 X139.3000 Y-116.3889
G1 X139.5833 Y-114.4056
G1 X139.0167 Y-112.2333
G1 X141.9444 Y-108.4556
G1 X141.3778 Y-107.8889
G1 Z0.0000 F2500.0
G4 P0.02
G0 X146.6667 Y-102.9778 F15000.0
G1 Z11.9000 F2500.0
G4 P0.02
G1 X144.6833 Y-105.0556 F12000.0
G1 X144.2111 Y-104.9611
G1 X143.2667 Y-106.3778
G1 X138.8278 Y-108.1722
G1 X139.1111 Y-108.7389
G1 X140.0556 Y-107.2278
G1 X143.9278 Y-106.3778
G1 X146.0056 Y-104.8667
G1 X147.0444 Y-102.9778
G1 Z0.0000 F2500.0
G4 P0.02
G0 X147.2517 Y-112.1332 F15000.0
G1 Z11.9000 F2500.0
G4 P0.02
G1 X157.6384 Y-108.4762 F12000.0
G1 Z0.0000 F2500.0
G4 P0.02
G0 X159.7414 Y-115.4908 F15000.0
G1 Z11.9000 F2500.0
G4 P0.02
G1 X164.1818 Y-103.0493 F12000.0
G1 Z0.0000 F2500.0
G4 P0.02
G0 X166.3111 Y-104.4889 F15000.0
G1 Z11.9000 F2500.0
G4 P0.02
G1 X165.2722 Y-105.5278 F12000.0
G1 X162.2500 Y-106.5667
G1 X163.5722 Y-106.5667
G1 X160.5500 Y-109.1167
G1 X161.3056 Y-109.6833
G1 X161.8722 Y-112.1389
G1 X161.1167 Y-110.7222
G1 X164.4222 Y-105.8111
G1 X165.1778 Y-105.5278
G1 X166.1222 Y-106.1889
G1 X165.8389 Y-105.4333
G1 X166.6889 Y-104.8667
G1 Z0.0000 F2500.0
G4 P0.02
G0 X166.1363 Y-110.2002 F15000.0
G1 Z11.9000 F2500.0
G4 P0.02
G1 X173.9116 Y-113.9224 F12000.0
G1 Z0.0000 F2500.0
G4 P0.02
G0 X161.4000 Y-98.0667 F15000.0
G1 Z11.9000 F2500.0
G4 P0.02
G1 X162.6278 Y-99.0111 F12000.0
G1 X159.2278 Y-100.8056
G1 X154.6944 Y-101.0889
G1 X153.9389 Y-102.0333
G1 X153.3722 Y-101.1833
G1 X151.8611 Y-102.8833
G1 X148.8389 Y-103.0722
G1 X152.1444 Y-102.2222
G1 X153.1833 Y-101.0889
G1 X155.6389 Y-100.5222
G1 X162.3444 Y-99.0111
G1 X160.4556 Y-98.3500
G1 X161.0222 Y-98.0667
G1 Z0.0000 F2500.0
G4 P0.02
G0 X157.2444 Y-98.0667 F15000.0
G1 Z11.9000 F2500.0
G4 P0.02
G1 X156.6778 Y-99.0111 F12000.0
G1 X158.9444 Y-99.8611
G1 X155.9222 Y-98.6333
G1 X150.6333 Y-100.2389
G1 X136.0889 Y-99.9556
G1 X132.5944 Y-101.0889
G1 X124.8500 Y-101.9389
G1 X122.7722 Y-102.8833
G1 X126.3611 Y-101.5611
G1 X133.8222 Y-100.8056
G1 X136.3722 Y-99.6722
G1 X155.7333 Y-98.9167
G1 X156.8667 Y-98.0667
G1 Z0.0000 F2500.0
G4 P0.02
G0 X145.5333 Y-91.6444 F15000.0
G1 Z11.9000 F2500.0
G4 P0.02
G1 X151.1056 Y-93.3444 F12000.0
G1 X149.6889 Y-93.9111
G1 X144.9667 Y-93.2500
G1 X143.7389 Y-94.1944
G1 X144.6833 Y-93.2500
G1 X150.8222 Y-93.0611
G1 X146.1944 Y-91.7389
G1 X142.7000 Y-93.6278
G1 X145.1556 Y-91.6444
G1 Z0.0000 F2500.0
G4 P0.02
G0 X145.5333 Y-87.8667 F15000.0
G1 Z11.9000 F2500.0
G4 P0.02
G1 X146.3833 Y-87.8667 F12000.0
G1 X144.5889 Y-89.5667
G1 X144.8722 Y-90.7000
G1 X142.4167 Y-91.9278
G1 X141.0000 Y-91.3611
G1 X141.2833 Y-90.6056
G1 X142.4167 Y-90.3222
G1 X142.2278 Y-89.9444
G1 X141.9444 Y-90.7944
G1 X141.1889 Y-91.1722
G1 X141.5667 Y-91.7389
G1 X144.6833 Y-90.1333
G1 X145.1556 Y-87.4889
G1 Z0.0000 F2500.0
G4 P0.02
G0 X144.7778 Y-84.0889 F15000.0
G1 Z11.9000 F2500.0
G4 P0.02
G1 X147.5167 Y-84.6556 F12000.0
G1 X149.6889 Y-86.0722
G1 X144.8722 Y-84.0889
G1 X142.7944 Y-85.1278
G1 X141.8500 Y-84.9389
G1 X138.5444 Y-88.5278
G1 X141.4722 Y-84.7500
G1 X144.4000 Y-84.0889
G1 Z0.0000 F2500.0
G4 P0.02
G0 X147.0444 Y-84.0889 F15000.0
G1 Z11.9000 F2500.0
G4 P0.02
G1 X148.7444 Y-86.1667 F12000.0
G1 X145.6278 Y-87.6778
G1 X144.4000 Y-91.6444
G1 X141.8500 Y-92.7778
G1 X140.5278 Y-91.9278
G1 X140.3389 Y-89.3778
G1 X138.6389 Y-88.5278
G1 X140.5278 Y-85.0333
G1 X147.0444 Y-84.0889
G1 Z0.0000 F2500.0
G4 P0.02
G0 X143.2667 Y-76.5333 F15000.0
G1 Z11.9000 F2500.0
G4 P0.02
G1 X137.8833 Y-79.6500 F12000.0
G1 X135.1444 Y-86.1667
G1 X138.3556 Y-88.5278
G1 X140.0556 Y-93.6278
G1 X139.8667 Y-94.9500
G1 X131.5556 Y-97.5000
G1 X128.5333 Y-99.6722
G1 X127.0222 Y-99.0111
G1 X123.0556 Y-99.0111
G1 X130.5167 Y-95.1389
G1 X131.4611 Y-93.8167
G1 X135.9944 Y-92.8722
G1 X135.5222 Y-90.1333
G1 X128.1556 Y-90.7000
G1 X128.8167 Y-92.6833
G1 X125.7000 Y-93.3444
G1 X125.6056 Y-91.1722
G1 X124.4722 Y-91.1722
G1 X124.0000 Y-93.0611
G1 X120.6000 Y-93.7222
G1 X115.8778 Y-93.5333
G1 X112.2889 Y-92.7778
G1 X107.9444 Y-93.7222
G1 X107.4722 Y-89.7556
G1 X100.2944 Y-92.4000
G1 X98.6889 Y-91.5500
G1 X99.4444 Y-89.8500
G1 X104.9222 Y-88.3389
G1 X102.9389 Y-87.2056
G1 X99.2556 Y-89.3778
G1 X91.7944 Y-85.9778
G1 X89.8111 Y-87.3000
G1 X89.4333 Y-86.9222
G1 X91.7944 Y-84.1833
G1 X93.4944 Y-83.3333
G1 X106.1500 Y-83.7111
G1 X111.6278 Y-85.6944
G1 X112.1000 Y-87.7722
G1 X114.8389 Y-87.5833
G1 X123.2444 Y-86.8278
G1 X122.3944 Y-85.1278
G1 X119.2778 Y-84.6556
G1 X122.9611 Y-81.4444
G1 X127.0222 Y-81.8222
G1 X128.5333 Y-83.4278
G1 X131.5556 Y-80.4056
G1 X133.7278 Y-79.1778
G1 X134.0111 Y-77.1944
G1 X137.0333 Y-74.9278
G1 X140.5278 Y-74.5500
G1 X143.2667 Y-76.5333
G1 Z0.0000 F2500.0
G4 P0.02
G0 X139.4102 Y-72.9493 F15000.0
G1 Z11.9000 F2500.0
G4 P0.02
G1 X131.2183 Y-77.0934 F12000.0
G1 Z0.0000 F2500.0
G4 P0.02
G0 X137.6000 Y-74.6444 F15000.0
G1 Z11.9000 F2500.0
G4 P0.02
G1 X131.1778 Y-79.2722 F12000.0
G1 X129.0056 Y-80.1222
G1 X134.4833 Y-77.5722
G1 X135.8056 Y-76.0611
G1 X138.7333 Y-74.7389
G1 X144.1167 Y-77.1944
G1 X139.4889 Y-77.0056
G1 X137.6944 Y-77.6667
G1 X135.2389 Y-83.5222
G1 X132.9722 Y-82.8611
G1 X129.8556 Y-85.9778
G1 X128.9111 Y-84.1833
G1 X130.6111 Y-82.3889
G1 X130.9889 Y-82.6722
G1 X130.9889 Y-81.2556
G1 X135.9000 Y-79.3667
G1 X136.3722 Y-77.9500
G1 X135.6167 Y-78.8000
G1 X133.3500 Y-79.3667
G1 X135.9000 Y-79.3667
G1 X130.1389 Y-82.0111
G1 X129.1944 Y-83.4278
G1 X129.1000 Y-82.4833
G1 X128.3444 Y-86.5444
G1 X127.4000 Y-84.8444
G1 X125.0389 Y-85.8833
G1 X127.5889 Y-85.3167
G1 X128.4389 Y-86.4500
G1 X129.5722 Y-86.1667
G1 X129.3833 Y-86.5444
G1 X133.3500 Y-87.7722
G1 X132.5944 Y-88.4333
G1 X131.0833 Y-88.2444
G1 X130.6111 Y-89.1889
G1 X128.2500 Y-88.9056
G1 X127.1167 Y-89.5667
G1 X125.1333 Y-89.0000
G1 X122.3000 Y-90.8889
G1 X120.3167 Y-90.3222
G1 X119.1833 Y-88.7167
G1 X116.0667 Y-89.6611
G1 X115.0278 Y-91.3611
G1 X111.9111 Y-92.0222
G1 X110.5889 Y-92.5889
G1 X109.0778 Y-90.6056
G1 X109.4556 Y-89.9444
G1 X108.6056 Y-90.4167
G1 X108.1333 Y-92.3056
G1 X110.4000 Y-93.1556
G1 X113.1389 Y-91.9278
G1 X113.2333 Y-93.4389
G1 X115.1222 Y-94.1000
G1 X124.0944 Y-92.9667
G1 X129.7611 Y-93.1556
G1 X130.7056 Y-93.9111
G1 X130.4222 Y-95.0444
G1 X127.5889 Y-97.3111
G1 X125.0389 Y-97.8778
G1 X129.0056 Y-96.6500
G1 X131.8389 Y-94.7611
G1 X132.1222 Y-95.0444
G1 X129.2889 Y-92.7778
G1 X131.4611 Y-92.0222
G1 X123.0556 Y-92.0222
G1 X122.6778 Y-92.7778
G1 X117.1056 Y-93.2500
G1 X117.8611 Y-91.4556
G1 X120.5056 Y-92.0222
G1 X117.0111 Y-91.8333
G1 X116.2556 Y-93.8167
G1 X114.5556 Y-94.0056
G1 X113.4222 Y-92.3056
G1 X116.0667 Y-90.6056
G1 X117.4833 Y-88.9056
G1 X118.9000 Y-90.1333
G1 X118.6167 Y-88.9056
G1 X119.5611 Y-89.0944
G1 X120.9778 Y-91.0778
G1 X124.2833 Y-90.1333
G1 X125.9833 Y-89.0000
G1 X127.7778 Y-89.7556
G1 X129.4778 Y-88.8111
G1 X131.2722 Y-89.0000
G1 X131.8389 Y-88.1500
G1 X132.5000 Y-89.1889
G1 X132.5000 Y-90.3222
G1 X135.7111 Y-89.1889
G1 X136.6556 Y-89.9444
G1 X136.0889 Y-92.1167
G1 X135.2389 Y-92.4000
G1 X136.5611 Y-93.6278
G1 X131.6500 Y-93.0611
G1 X134.3889 Y-94.0056
G1 X134.8611 Y-95.1389
G1 X134.8611 Y-93.7222
G1 X136.3722 Y-93.8167
G1 X136.4667 Y-90.3222
G1 X137.8833 Y-90.0389
G1 X139.0167 Y-92.3056
G1 X136.1833 Y-95.4222
G1 X138.8278 Y-94.4778
G1 X139.3944 Y-93.6278
G1 X137.0333 Y-87.7722
G1 X134.7667 Y-86.5444
G1 X139.1111 Y-84.9389
G1 X131.9333 Y-86.9222
G1 X130.1389 Y-86.0722
G1 X131.8389 Y-85.4111
G1 X134.3889 Y-85.5056
G1 X133.8222 Y-84.8444
G1 X132.4056 Y-85.6944
G1 X131.9333 Y-84.3722
G1 X133.5389 Y-83.1444
G1 X136.2778 Y-83.0500
G1 X138.6389 Y-77.1944
G1 X144.4000 Y-76.7222
G1 X146.0056 Y-75.6833
G1 X143.1722 Y-76.2500
G1 X137.9778 Y-74.6444
G1 Z0.0000 F2500.0
G4 P0.02
G0 X127.2558 Y-66.6218 F15000.0
G1 Z11.9000 F2500.0
G4 P0.02
G1 X118.1286 Y-66.0153 F12000.0
G1 Z0.0000 F2500.0
G4 P0.02
G0 X128.1556 Y-58.4000 F15000.0
G1 Z11.9000 F2500.0
G4 P0.02
G1 X125.0389 Y-59.3444 F12000.0
G1 X122.3944 Y-61.5167
G1 X122.5833 Y-63.2167
G1 X123.5278 Y-63.7833
G1 X128.8167 Y-61.3278
G1 X129.3833 Y-59.8167
G1 X128.8167 Y-59.5333
G1 X129.8556 Y-58.5889
G1 X128.5333 Y-58.4000
G1 Z0.0000 F2500.0
G4 P0.02
G0 X135.7111 Y-58.4000 F15000.0
G1 Z11.9000 F2500.0
G4 P0.02
G1 X136.8444 Y-60.2889 F12000.0
G1 X134.2944 Y-63.5944
G1 X133.6333 Y-63.4056
G1 X134.4833 Y-63.1222
G1 X136.8444 Y-59.7222
G1 X135.9944 Y-58.6833
G1 X131.3667 Y-61.1389
G1 X129.8556 Y-66.1444
G1 X130.2333 Y-66.5222
G1 X132.4056 Y-64.1611
G1 X131.8389 Y-66.4278
G1 X138.0722 Y-64.8222
G1 X140.4333 Y-66.6167
G1 X138.0722 Y-64.8222
G1 X135.6167 Y-65.2000
G1 X131.1778 Y-67.7500
G1 X130.9889 Y-66.1444
G1 X129.6667 Y-65.7667
G1 X131.2722 Y-62.0833
G1 X130.1389 Y-61.8944
G1 X136.0889 Y-58.0222
G1 Z0.0000 F2500.0
G4 P0.02
G0 X141.0000 Y-55.7556 F15000.0
G1 Z11.9000 F2500.0
G4 P0.02
G1 X147.9889 Y-52.9222 F12000.0
G1 X149.4056 Y-53.4889
G1 X153.8444 Y-50.0889
G1 X162.4389 Y-50.7500
G1 X167.0667 Y-52.3556
G1 X169.8056 Y-54.5278
G1 X171.7889 Y-54.8111
G1 X172.0722 Y-56.7944
G1 X168.6722 Y-58.4944
G1 X164.2333 Y-56.9833
G1 X157.0556 Y-55.9444
G1 X156.0167 Y-54.3389
G1 X154.6000 Y-55.3778
G1 X155.0722 Y-58.6833
G1 X152.9944 Y-60.2889
G1 X146.1000 Y-57.8333
G1 X142.8889 Y-58.1167
G1 X141.0000 Y-55.7556
G1 Z0.0000 F2500.0
G4 P0.02
G0 X146.2889 Y-61.8000 F15000.0
G1 Z11.9000 F2500.0
G4 P0.02
G1 X145.0611 Y-64.2556 F12000.0
G1 X142.6056 Y-66.2389
G1 X143.5500 Y-66.8056
G1 X146.0056 Y-66.1444
G1 X147.9889 Y-66.2389
G1 X149.5944 Y-64.4444
G1 X148.9333 Y-63.5944
G1 X148.0833 Y-64.0667
G1 X149.1222 Y-63.1222
G1 X152.5222 Y-62.3667
G1 X146.6667 Y-61.8000
G1 Z0.0000 F2500.0
G4 P0.02
G0 X153.0889 Y-62.5556 F15000.0
G1 Z11.9000 F2500.0
G4 P0.02
G1 X148.0833 Y-66.2389 F12000.0
G1 X143.0778 Y-65.7667
G1 X148.8389 Y-59.6278
G1 X153.0889 Y-62.5556
G1 Z0.0000 F2500.0
G4 P0.02
G0 X156.8667 Y-61.0444 F15000.0
G1 Z11.9000 F2500.0
G4 P0.02
G1 X153.5611 Y-61.8944 F12000.0
G1 X153.9389 Y-62.9333
G1 X154.4111 Y-62.0833
G1 X154.5056 Y-63.5000
G1 X152.8056 Y-65.1056
G1 X151.0111 Y-65.7667
G1 X150.8222 Y-64.8222
G1 X151.6722 Y-63.9722
G1 X150.6333 Y-64.6333
G1 X150.4444 Y-63.7833
G1 X152.6167 Y-63.5000
G1 X152.6167 Y-62.3667
G1 X148.1778 Y-61.6111
G1 X145.6278 Y-61.9889
G1 X139.8667 Y-63.9722
G1 X145.9111 Y-63.1222
G1 X142.5111 Y-65.8611
G1 X141.3778 Y-67.5611
G1 X138.2611 Y-67.5611
G1 X141.6611 Y-67.5611
G1 X146.0056 Y-66.1444
G1 X147.9889 Y-66.3333
G1 X150.1611 Y-65.3889
G1 X151.6722 Y-65.6722
G1 X152.2389 Y-64.9167
G1 X153.6556 Y-64.9167
G1 X156.4889 Y-62.4611
G1 X158.7556 Y-61.8944
G1 X158.3778 Y-61.0444
G1 X157.2444 Y-61.0444
G1 Z0.0000 F2500.0
G4 P0.02
G0 X161.7778 Y-57.6444 F15000.0
G1 Z11.9000 F2500.0
G4 P0.02
G1 X160.0778 Y-58.5889 F12000.0
G1 X152.9944 Y-59.9111
G1 X151.1056 Y-58.6833
G1 X151.5778 Y-59.8167
G1 X150.8222 Y-60.3833
G1 X152.5222 Y-59.6278
G1 X162.1556 Y-57.6444
G1 Z0.0000 F2500.0
G4 P0.02
G0 X155.3556 Y-53.4889 F15000.0
G1 Z11.9000 F2500.0
G4 P0.02
G1 X158.5667 Y-54.1500 F12000.0
G1 X159.3222 Y-54.8111
G1 X160.5500 Y-54.4333
G1 X163.2889 Y-56.9833
G1 X164.0444 Y-56.4167
G1 X162.5333 Y-56.7944
G1 X160.8333 Y-55.2833
G1 X157.6222 Y-54.2444
G1 X156.6778 Y-55.0000
G1 X156.7722 Y-53.7722
G1 X154.8833 Y-53.9611
G1 X152.1444 Y-57.9278
G1 X154.9778 Y-53.4889
G1 Z0.0000 F2500.0
G4 P0.02
G0 X158.0000 Y-50.0889 F15000.0
G1 Z11.9000 F2500.0
G4 P0.02
G1 X160.8333 Y-50.9389 F12000.0
G1 X161.6833 Y-50.2778
G1 X162.2500 Y-51.6944
G1 X161.0222 Y-51.9778
G1 X167.2556 Y-52.5444
G1 X167.4444 Y-53.7722
G1 X168.8611 Y-54.0556
G1 X168.8611 Y-55.1889
G1 X171.2222 Y-53.4889
G1 X172.4500 Y-51.5056
G1 X170.6556 Y-55.8500
G1 X171.4111 Y-55.2833
G1 X172.8278 Y-54.8111
G1 X171.4111 Y-55.0944
G1 X172.0722 Y-51.5056
G1 X169.1444 Y-55.1889
G1 X168.6722 Y-53.5833
G1 X166.5944 Y-52.0722
G1 X162.8167 Y-51.6000
G1 X162.1556 Y-50.3722
G1 X160.8333 Y-50.3722
G1 X160.0778 Y-50.9389
G1 X158.3778 Y-50.0889
G1 Z0.0000 F2500.0
G4 P0.02
G0 X150.4444 Y-49.3333 F15000.0
G1 Z11.9000 F2500.0
G4 P0.02
G1 X148.3667 Y-52.2611 F12000.0
G1 X142.0389 Y-51.3167
G1 X137.7889 Y-53.1111
G1 X133.8222 Y-53.6778
G1 X130.0444 Y-55.2833
G1 X128.0611 Y-55.6611
G1 X126.3611 Y-56.9833
G1 X126.3611 Y-57.6444
G1 X133.7278 Y-58.5889
G1 X136.7500 Y-58.3056
G1 X137.6000 Y-59.7222
G1 X134.4833 Y-64.1611
G1 X141.3778 Y-65.6722
G1 X140.6222 Y-67.0889
G1 X132.3111 Y-68.7889
G1 X130.2333 Y-66.7111
G1 X130.2333 Y-62.8389
G1 X129.0056 Y-62.4611
G1 X123.3389 Y-64.4444
G1 X120.9778 Y-62.6500
G1 X122.7722 Y-59.8167
G1 X119.6556 Y-59.7222
G1 X120.9778 Y-57.1722
G1 X122.3000 Y-56.4167
G1 X124.8500 Y-53.3944
G1 X138.5444 Y-47.7278
G1 X145.9111 Y-46.5944
G1 X150.4444 Y-49.3333
G1 Z0.0000 F2500.0
G4 P0.02
G0 X148.5556 Y-51.2222 F15000.0
G1 Z11.9000 F2500.0
G4 P0.02
G1 X147.4222 Y-53.1111 F12000.0
G1 X141.9444 Y-55.2833
G1 X142.5111 Y-56.7944
G1 X147.1389 Y-56.8889
G1 X149.7833 Y-57.8333
G1 X150.8222 Y-57.4556
G1 X149.9722 Y-58.3056
G1 X146.1000 Y-56.7000
G1 X143.1722 Y-57.4556
G1 X141.0000 Y-55.5667
G1 X140.3389 Y-55.7556
G1 X142.3222 Y-53.4889
G1 X142.0389 Y-54.9056
G1 X146.8556 Y-53.3000
G1 X148.1778 Y-51.2222
G1 Z0.0000 F2500.0
G4 P0.02
G0 X144.0222 Y-46.6889 F15000.0
G1 Z11.9000 F2500.0
G4 P0.02
G1 X146.6667 Y-47.1611 F12000.0
G1 X150.2556 Y-48.9556
G1 X150.5389 Y-51.6944
G1 X151.8611 Y-52.6389
G1 X148.1778 Y-53.3000
G1 X150.5389 Y-49.9944
G1 X149.5944 Y-48.6722
G1 X144.2111 Y-46.6889
G1 X131.4611 Y-50.4667
G1 X127.6833 Y-52.1667
G1 X125.7944 Y-53.8667
G1 X123.5278 Y-54.7167
G1 X122.3000 Y-56.9833
G1 X119.8444 Y-58.3056
G1 X120.4111 Y-59.7222
G1 X123.2444 Y-59.1556
G1 X124.9444 Y-55.4722
G1 X125.9833 Y-56.2278
G1 X131.9333 Y-52.7333
G1 X129.5722 Y-54.7167
G1 X132.6889 Y-53.9611
G1 X135.7111 Y-52.0722
G1 X138.6389 Y-52.1667
G1 X134.5778 Y-52.6389
G1 X131.5556 Y-54.7167
G1 X129.3833 Y-54.8111
G1 X129.1000 Y-53.9611
G1 X126.3611 Y-56.4167
G1 X125.0389 Y-56.8889
G1 X123.8111 Y-59.3444
G1 X124.6611 Y-59.6278
G1 X129.7611 Y-58.3056
G1 X128.6278 Y-61.8000
G1 X123.6222 Y-63.8778
G1 X121.6389 Y-63.4056
G1 X122.2056 Y-61.7056
G1 X120.4111 Y-62.6500
G1 X124.0944 Y-59.7222
G1 X120.8833 Y-60.1944
G1 X119.4667 Y-60.7611
G1 X118.0500 Y-58.4944
G1 X119.6556 Y-58.4000
G1 X120.7889 Y-57.1722
G1 X122.8667 Y-56.1333
G1 X124.4722 Y-53.8667
G1 X126.5500 Y-53.1111
G1 X128.8167 Y-51.0333
G1 X130.1389 Y-51.2222
G1 X140.7167 Y-47.1611
G1 X143.6444 Y-46.6889
G1 Z0.0000 F2500.0
G4 P0.02
G0 X144.5379 Y-27.0582 F15000.0
G1 Z11.9000 F2500.0
G4 P0.02
G1 X155.1431 Y-30.4916 F12000.0
G1 Z0.0000 F2500.0
G4 P0.02
G0 X159.8889 Y-70.8667 F15000.0
G1 Z11.9000 F2500.0
G4 P0.02
G1 X159.7944 Y-72.8500 F12000.0
G1 X161.9667 Y-73.0389
G1 X161.8722 Y-74.7389
G1 X157.8111 Y-74.0778
G1 X157.5278 Y-71.6222
G1 X155.7333 Y-72.3778
G1 X154.2222 Y-74.2667
G1 X152.5222 Y-73.1333
G1 X151.2000 Y-74.0778
G1 X150.3500 Y-73.4167
G1 X150.8222 Y-73.1333
G1 X149.9722 Y-73.8889
G1 X151.9556 Y-74.7389
G1 X150.3500 Y-75.9667
G1 X152.5222 Y-76.3444
G1 X147.5167 Y-77.7611
G1 X151.7667 Y-76.6278
G1 X152.5222 Y-75.8722
G1 X152.5222 Y-73.3222
G1 X154.4111 Y-74.2667
G1 X155.3556 Y-73.8889
G1 X156.8667 Y-71.7167
G1 X158.3778 Y-74.5500
G1 X164.5167 Y-74.8333
G1 X165.3667 Y-74.1722
G1 X166.5000 Y-71.6222
G1 X168.2000 Y-73.1333
G1 X168.9556 Y-72.3778
G1 X173.4889 Y-72.6611
G1 X168.7667 Y-71.4333
G1 X168.2944 Y-73.2278
G1 X165.8389 Y-71.6222
G1 X164.8000 Y-73.5111
G1 X159.7000 Y-71.8111
G1 X161.6833 Y-71.2444
G1 X164.2333 Y-72.3778
G1 X160.2667 Y-71.2444
G1 Z0.0000 F2500.0
G4 P0.02
G0 X157.2444 Y-82.5778 F15000.0
G1 Z11.9000 F2500.0
G4 P0.02
G1 X155.5444 Y-84.4667 F12000.0
G1 X151.4833 Y-84.2778
G1 X151.2000 Y-83.2389
G1 X155.1667 Y-81.5389
G1 X157.2444 Y-82.5778
G1 Z0.0000 F2500.0
G4 P0.02
G0 X174.2444 Y-87.1111 F15000.0
G1 Z11.9000 F2500.0
G4 P0.02
G1 X161.5889 Y-90.7000 F12000.0
G1 X160.1722 Y-92.9667
G1 X163.1000 Y-91.2667
G1 X160.2667 Y-93.0611
G1 X159.4167 Y-92.5889
G1 X159.7944 Y-91.8333
G1 X158.6611 Y-91.2667
G1 X160.7389 Y-91.5500
G1 X162.7222 Y-90.1333
G1 X174.6222 Y-86.7333
G1 Z0.0000 F2500.0
G4 P0.02
G0 X174.6222 Y-85.9778 F15000.0
G1 Z11.9000 F2500.0
G4 P0.02
G1 X174.6222 Y-83.4278 F12000.0
G1 X173.7722 Y-82.6722
G1 X160.5500 Y-82.6722
G1 X159.2278 Y-81.5389
G1 X169.6167 Y-74.9278
G1 X169.8056 Y-74.2667
G1 X166.2167 Y-74.6444
G1 X164.4222 Y-75.6833
G1 X153.4667 Y-76.3444
G1 X150.7278 Y-77.9500
G1 X142.7000 Y-78.7056
G1 X138.4500 Y-82.3889
G1 X149.4056 Y-83.2389
G1 X150.9167 Y-84.7500
G1 X150.8222 Y-87.0167
G1 X145.9111 Y-89.9444
G1 X146.4778 Y-90.7000
G1 X169.7111 Y-87.6778
G1 X174.6222 Y-85.9778
G1 Z0.0000 F2500.0
G4 P0.02
G0 X173.8667 Y-91.2667 F15000.0
G1 Z11.9000 F2500.0
G4 P0.02
G1 X174.3389 Y-91.2667 F12000.0
G1 X163.1944 Y-94.7611
G1 X160.4556 Y-96.7444
G1 X174.5278 Y-94.5722
G1 X168.5778 Y-96.5556
G1 X164.6111 Y-99.3889
G1 X162.8167 Y-102.0333
G1 X161.4000 Y-100.5222
G1 X164.1389 Y-99.9556
G1 X163.8556 Y-98.5389
G1 X167.5389 Y-96.6500
G1 X158.7556 Y-97.5944
G1 X162.8167 Y-95.6111
G1 X164.7056 Y-93.6278
G1 X170.3722 Y-92.6833
G1 X173.4889 Y-91.2667
G1 Z0.0000 F2500.0
G4 P0.02
G0 X174.2444 Y-75.7778 F15000.0
G1 Z11.9000 F2500.0
G4 P0.02
G1 X168.3889 Y-77.1944 F12000.0
G1 X165.8389 Y-79.2722
G1 X168.8611 Y-78.6111
G1 X169.2389 Y-79.0833
G1 X165.3667 Y-78.8000
G1 X169.9000 Y-76.4389
G1 X174.6222 Y-75.4000
G1 Z0.0000 F2500.0
G4 P0.02
G0 X174.2444 Y-68.6000 F15000.0
G1 Z11.9000 F2500.0
G4 P0.02
G1 X171.8833 Y-69.5444 F12000.0
G1 X174.1500 Y-70.1111
G1 X170.4667 Y-69.6389
G1 X168.9556 Y-70.3000
G1 X158.7556 Y-69.5444
G1 X148.8389 Y-70.7722
G1 X142.3222 Y-72.0000
G1 X140.8111 Y-73.3222
G1 X148.2722 Y-73.0389
G1 X148.2722 Y-74.1722
G1 X146.1000 Y-74.3611
G1 X146.0056 Y-73.2278
G1 X140.6222 Y-73.6056
G1 X141.4722 Y-72.1889
G1 X147.8000 Y-71.3389
G1 X150.3500 Y-70.4889
G1 X161.7778 Y-69.5444
G1 X169.6167 Y-70.1111
G1 X173.8667 Y-68.6000
G1 Z0.0000 F2500.0
G4 P0.02
G0 X136.4667 Y-100.7111 F15000.0
G1 Z11.9000 F2500.0
G4 P0.02
G1 X138.4500 Y-101.5611 F12000.0
G1 X138.8278 Y-102.6000
G1 X140.8111 Y-100.9000
G1 X141.3778 Y-102.9778
G1 X140.8111 Y-101.2778
G1 X138.8278 Y-102.6944
G1 X137.1278 Y-100.8056
G1 X135.9000 Y-101.3722
G1 X137.3167 Y-102.0333
G1 X136.2778 Y-102.2222
G1 X135.9000 Y-101.4667
G1 X132.5000 Y-103.0722
G1 X136.0889 Y-100.7111
G1 Z0.0000 F2500.0
G4 P0.02
G0 X132.3111 Y-107.1333 F15000.0
G1 Z11.9000 F2500.0
G4 P0.02
G1 X133.1611 Y-107.7000 F12000.0
G1 X131.4611 Y-107.6056
G1 X129.1944 Y-108.8333
G1 X125.8889 Y-108.6444
G1 X123.5278 Y-109.5889
G1 X121.8278 Y-108.4556
G1 X108.7944 Y-109.1167
G1 X122.7722 Y-108.5500
G1 X123.8111 Y-109.0222
G1 X125.2278 Y-108.0778
G1 X129.8556 Y-108.7389
G1 X131.9333 Y-107.1333
G1 Z0.0000 F2500.0
G4 P0.02
G0 X122.4889 Y-101.0889 F15000.0
G1 Z11.9000 F2500.0
G4 P0.02
G1 X120.0333 Y-103.2611 F12000.0
G1 X120.4111 Y-103.8278
G1 X119.4667 Y-103.0722
G1 X113.6111 Y-102.5056
G1 X108.3222 Y-106.0944
G1 X106.2444 Y-106.8500
G1 X104.5444 Y-108.2667
G1 X106.6222 Y-106.3778
G1 X110.7778 Y-104.3944
G1 X112.7611 Y-102.7889
G1 X116.1611 Y-102.5056
G1 X117.8611 Y-103.0722
G1 X122.1111 Y-101.0889
G1 Z0.0000 F2500.0
G4 P0.02
G0 X117.5778 Y-99.2000 F15000.0
G1 Z11.9000 F2500.0
G4 P0.02
G1 X120.5056 Y-98.9167 F12000.0
G1 X112.5722 Y-100.9000
G1 X111.4389 Y-100.6167
G1 X117.2000 Y-98.8222
G1 Z0.0000 F2500.0
G4 P0.02
G0 X114.9333 Y-96.9333 F15000.0
G1 Z11.9000 F2500.0
G4 P0.02
G1 X116.5389 Y-97.7833 F12000.0
G1 X124.0944 Y-97.5944
G1 X123.1500 Y-98.1611
G1 X121.7333 Y-97.3111
G1 X118.5222 Y-98.2556
G1 X114.5556 Y-96.5556
G1 Z0.0000 F2500.0
G4 P0.02
G0 X111.5333 Y-96.5556 F15000.0
G1 Z11.9000 F2500.0
G4 P0.02
G1 X115.0278 Y-97.9722 F12000.0
G1 X110.3056 Y-96.6500
G1 X107.5667 Y-97.3111
G1 X107.5667 Y-98.6333
G1 X108.0389 Y-98.2556
G1 X104.6389 Y-99.2000
G1 X104.4500 Y-99.9556
G1 X97.7444 Y-99.7667
G1 X97.4611 Y-98.7278
G1 X111.1556 Y-96.5556
G1 Z0.0000 F2500.0
G4 P0.02
G0 X114.1778 Y-103.3556 F15000.0
G1 Z11.9000 F2500.0
G4 P0.02
G1 X109.8333 Y-106.5667 F12000.0
G1 X110.1167 Y-107.4167
G1 X108.0389 Y-107.8889
G1 X106.6222 Y-109.8722
G1 X103.6944 Y-109.2111
G1 X106.6222 Y-109.8722
G1 X108.8889 Y-107.5111
G1 X110.3056 Y-106.9444
G1 X114.2722 Y-103.4500
G1 X115.7833 Y-104.5833
G1 X115.3111 Y-104.6778
G1 X115.9722 Y-103.9222
G1 X114.5556 Y-103.3556
G1 Z0.0000 F2500.0
G4 P0.02
G0 X117.2000 Y-104.1111 F15000.0
G1 Z11.9000 F2500.0
G4 P0.02
G1 X115.8778 Y-105.6222 F12000.0
G1 X113.2333 Y-105.6222
G1 X112.8556 Y-106.3778
G1 X113.6111 Y-105.4333
G1 X120.0333 Y-105.3389
G1 X121.1667 Y-104.7722
G1 X119.3722 Y-105.4333
G1 X117.5778 Y-104.1111
G1 Z0.0000 F2500.0
G4 P0.02
G0 X116.2717 Y-110.9665 F15000.0
G1 Z11.9000 F2500.0
G4 P0.02
G1 X112.3066 Y-123.6686 F12000.0
G1 Z0.0000 F2500.0
G4 P0.02
G0 X115.4855 Y-126.3426 F15000.0
G1 Z11.9000 F2500.0
G4 P0.02
G3 X113.5450 Y-141.4384 I6.2851 J-8.4806 F12000.0
G1 Z0.0000 F2500.0
G4 P0.02
G0 X116.5694 Y-145.9287 F15000.0
G1 Z11.9000 F2500.0
G4 P0.02
G1 X132.5338 Y-145.6153 F12000.0
G1 Z0.0000 F2500.0
G4 P0.02
G0 X135.0079 Y-141.7958 F15000.0
G1 Z11.9000 F2500.0
G4 P0.02
G1 X148.3156 Y-144.4198 F12000.0
G1 Z0.0000 F2500.0
G4 P0.02
G0 X143.5171 Y-143.7911 F15000.0
G1 Z11.9000 F2500.0
G4 P0.02
G1 X156.4667 Y-145.4862 F12000.0
G1 Z0.0000 F2500.0
G4 P0.02
G0 X155.8708 Y-143.9594 F15000.0
G1 Z11.9000 F2500.0
G4 P0.02
G3 X144.4113 Y-139.5565 I-7.3301 J-1.9638 F12000.0
G1 Z0.0000 F2500.0
G4 P0.02
G0 X144.7879 Y-137.1887 F15000.0
G1 Z11.9000 F2500.0
G4 P0.02
G1 X150.4375 Y-123.2362 F12000.0
G1 Z0.0000 F2500.0
G4 P0.02
G0 X145.0622 Y-127.4773 F15000.0
G1 Z11.9000 F2500.0
G4 P0.02
G1 X135.7482 Y-137.4583 F12000.0
G1 Z0.0000 F2500.0
G4 P0.02
G0 X137.6531 Y-137.8935 F15000.0
G1 Z11.9000 F2500.0
G4 P0.02
G1 X126.8496 Y-134.4447 F12000.0
G1 Z0.0000 F2500.0
G4 P0.02
G0 X123.5368 Y-132.1439 F15000.0
G1 Z11.9000 F2500.0
G4 P0.02
G1 X109.7557 Y-127.3353 F12000.0
G1 Z0.0000 F2500.0
G4 P0.02
G0 X124.6348 Y-126.3270 F15000.0
G1 Z11.9000 F2500.0
G4 P0.02
G3 X128.5375 Y-138.4879 I8.7905 J-3.8856 F12000.0
G1 Z0.0000 F2500.0
G4 P0.02
G0 X129.4284 Y-140.6406 F15000.0
G1 Z11.9000 F2500.0
G4 P0.02
G1 X141.9403 Y-136.0980 F12000.0
G1 Z0.0000 F2500.0
G4 P0.02
G0 X141.2498 Y-144.3279 F15000.0
G1 Z11.9000 F2500.0
G4 P0.02
G1 X149.8306 Y-130.9056 F12000.0
G1 Z0.0000 F2500.0
G4 P0.02
G0 X147.3630 Y-129.7049 F15000.0
G1 Z11.9000 F2500.0
G4 P0.02
G1 X136.6329 Y-126.8887 F12000.0
G1 Z0.0000 F2500.0
G4 P0.02
G0 X128.9026 Y-126.9289 F15000.0
G1 Z11.9000 F2500.0
G4 P0.02
G1 X133.2858 Y-139.7035 F12000.0
G1 Z0.0000 F2500.0
G4 P0.02
G0 X159.1261 Y-144.8609 F15000.0
G1 Z11.9000 F2500.0
G4 P0.02
G1 X170.7744 Y-138.6531 F12000.0
G1 Z0.0000 F2500.0
G4 P0.02
G0 X173.6476 Y-145.9624 F15000.0
G1 Z11.9000 F2500.0
G4 P0.02
G1 X160.0339 Y-145.0614 F12000.0
G1 Z0.0000 F2500.0
G4 P0.02
G0 X156.3011 Y-168.3098 F15000.0
G1 Z11.9000 F2500.0
G4 P0.02
G1 X147.4878 Y-165.8186 F12000.0
G1 Z0.0000 F2500.0
G4 P0.02
G0 X155.7333 Y-178.9111 F15000.0
G1 Z11.9000 F2500.0
G4 P0.02
G1 X153.5611 Y-181.9333 F12000.0
G1 X151.8611 Y-182.5000
G1 X155.1667 Y-182.5944
G1 X153.7500 Y-182.0278
G1 X154.8833 Y-181.3667
G1 X161.5889 Y-184.2000
G1 X163.1000 Y-185.0500
G1 X154.6000 Y-180.2333
G1 X156.5833 Y-179.0056
G1 X158.5667 Y-180.0444
G1 X160.8333 Y-182.5000
G1 X162.0611 Y-182.8778
G1 X158.0944 Y-179.4778
G1 X156.1111 Y-178.9111
G1 Z0.0000 F2500.0
G4 P0.02
G0 X156.4889 Y-183.4444 F15000.0
G1 Z11.9000 F2500.0
G4 P0.02
G1 X157.3389 Y-184.8611 F12000.0
G1 X156.2056 Y-184.6722
G1 X161.8722 Y-187.5056
G1 X159.7000 Y-187.3167
G1 X160.0778 Y-188.1667
G1 X160.9278 Y-188.1667
G1 X161.7778 Y-187.9778
G1 X162.7222 Y-189.2056
G1 X163.1000 Y-192.3222
G1 X163.3833 Y-191.9444
G1 X162.4389 Y-192.2278
G1 X163.6667 Y-190.1500
G1 X162.9111 Y-189.6778
G1 X163.7611 Y-189.3944
G1 X161.8722 Y-187.6944
G1 X161.6833 Y-186.6556
G1 X158.9444 Y-185.6167
G1 X159.1333 Y-185.2389
G1 X156.8667 Y-183.8222
G1 Z0.0000 F2500.0
G4 P0.02
G0 X163.2889 Y-187.2222 F15000.0
G1 Z11.9000 F2500.0
G4 P0.02
G1 X166.4056 Y-188.9222 F12000.0
G1 X168.3889 Y-188.9222
G1 X168.1056 Y-190.8111
G1 X170.2778 Y-189.9611
G1 X168.2944 Y-189.6778
G1 X173.3000 Y-189.9611
G1 X172.9222 Y-190.1500
G1 X174.1500 Y-189.9611
G1 X165.6500 Y-188.3556
G1 X163.6667 Y-187.2222
G1 Z0.0000 F2500.0
G4 P0.02
G0 X166.6889 Y-191.7556 F15000.0
G1 Z11.9000 F2500.0
G4 P0.02
G1 X166.7833 Y-194.2111 F12000.0
G1 X167.2556 Y-193.9278
G1 X169.4278 Y-196.1000
G1 X170.2778 Y-196.4778
G1 X169.9944 Y-198.4611
G1 X173.2056 Y-199.5000
G1 X174.2444 Y-198.7444
G1 X170.2778 Y-198.6500
G1 X170.0889 Y-197.2333
G1 X171.8833 Y-196.1944
G1 X172.1667 Y-197.2333
G1 X172.6389 Y-195.5333
G1 X174.3389 Y-196.6667
G1 X172.8278 Y-193.6444
G1 X173.5833 Y-195.4389
G1 X168.9556 Y-195.2500
G1 X166.9722 Y-193.0778
G1 X166.5944 Y-193.2667
G1 X166.3111 Y-192.1333
G1 Z0.0000 F2500.0
G4 P0.02
G0 X159.4315 Y-195.7852 F15000.0
G1 Z11.9000 F2500.0
G4 P0.02
G1 X148.1869 Y-196.3526 F12000.0
G1 Z0.0000 F2500.0
G4 P0.02
G0 X148.1778 Y-202.7111 F15000.0
G1 Z11.9000 F2500.0
G4 P0.02
G1 X149.9722 Y-202.9944 F12000.0
G1 X150.2556 Y-204.0333
G1 X150.6333 Y-203.6556
G1 X150.3500 Y-204.8833
G1 X151.3889 Y-206.3944
G1 X152.4278 Y-205.1667
G1 X150.9167 Y-207.4333
G1 X150.9167 Y-206.5833
G1 X149.4056 Y-207.9056
G1 X148.3667 Y-206.7722
G1 X149.5000 Y-207.6222
G1 X150.5389 Y-206.4889
G1 X148.6500 Y-202.7111
G1 X147.8000 Y-202.7111
G1 Z0.0000 F2500.0
G4 P0.02
G0 X142.8889 Y-206.8667 F15000.0
G1 Z11.9000 F2500.0
G4 P0.02
G1 X144.7778 Y-206.4889 F12000.0
G1 X147.7056 Y-206.9611
G1 X147.8000 Y-205.8278
G1 X149.4056 Y-205.1667
G1 X153.2778 Y-205.7333
G1 X158.0944 Y-207.5278
G1 X160.3611 Y-207.8111
G1 X161.5889 Y-209.7944
G1 X163.7611 Y-210.3611
G1 X165.8389 Y-209.9833
G1 X167.8222 Y-212.2500
G1 X166.4056 Y-213.3833
G1 X163.7611 Y-212.2500
G1 X159.8889 Y-214.1389
G1 X153.3722 Y-211.5889
G1 X144.1167 Y-212.7222
G1 X143.2667 Y-211.3056
G1 X144.6833 Y-209.5111
G1 X142.8889 Y-206.8667
G1 Z0.0000 F2500.0
G4 P0.02
G0 X140.6222 Y-201.5778 F15000.0
G1 Z11.9000 F2500.0
G4 P0.02
G1 X142.7000 Y-203.1833 F12000.0
G1 X141.2833 Y-204.1278
G1 X141.4722 Y-203.1833
G1 X140.0556 Y-204.3167
G1 X141.2833 Y-205.0722
G1 X140.3389 Y-205.2611
G1 X143.8333 Y-206.7722
G1 X142.4167 Y-207.6222
G1 X143.7389 Y-208.9444
G1 X141.6611 Y-208.1889
G1 X142.7000 Y-206.5833
G1 X140.2444 Y-205.9222
G1 X139.1111 Y-206.2056
G1 X140.0556 Y-204.6000
G1 X139.6778 Y-203.5611
G1 X141.6611 Y-202.9000
G1 X140.3389 Y-202.5222
G1 X140.2444 Y-201.5778
G1 Z0.0000 F2500.0
G4 P0.02
G0 X135.3333 Y-200.0667 F15000.0
G1 Z11.9000 F2500.0
G4 P0.02
G1 X137.3167 Y-202.1444 F12000.0
G1 X135.7111 Y-205.2611
G1 X136.6556 Y-204.1278
G1 X136.6556 Y-205.2611
G1 X137.3167 Y-202.6167
G1 X135.8056 Y-201.2944
G1 X133.9167 Y-201.6722
G1 X134.9556 Y-199.6889
G1 Z0.0000 F2500.0
G4 P0.02
G0 X136.4667 Y-196.6667 F15000.0
G1 Z11.9000 F2500.0
G4 P0.02
G1 X136.9389 Y-197.2333 F12000.0
G1 X139.0167 Y-197.6111
G1 X140.8111 Y-199.0278
G1 X139.6778 Y-198.8389
G1 X138.8278 Y-200.8222
G1 X138.2611 Y-200.7278
G1 X139.3000 Y-198.7444
G1 X138.5444 Y-197.7056
G1 X136.7500 Y-197.9889
G1 X137.0333 Y-198.5556
G1 X136.4667 Y-196.2889
G1 Z0.0000 F2500.0
G4 P0.02
G0 X134.4596 Y-189.6476 F15000.0
G1 Z11.9000 F2500.0
G4 P0.02
G1 X126.4142 Y-193.4205 F12000.0
G1 Z0.0000 F2500.0
G4 P0.02
G0 X125.1333 Y-188.7333 F15000.0
G1 Z11.9000 F2500.0
G4 P0.02
G1 X125.7000 Y-187.4111 F12000.0
G1 X129.7611 Y-186.9389
G1 X127.5889 Y-186.2778
G1 X130.7056 Y-184.2000
G1 X133.7278 Y-184.8611
G1 X136.6556 Y-187.0333
G1 X129.6667 Y-189.3000
G1 X130.2333 Y-190.4333
G1 X127.6833 Y-190.7167
G1 X125.1333 Y-188.7333
G1 Z0.0000 F2500.0
G4 P0.02
G0 X124.0000 Y-185.3333 F15000.0
G1 Z11.9000 F2500.0
G4 P0.02
G1 X135.9000 Y-187.0333 F12000.0
G1 X143.0778 Y-190.1500
G1 X142.3222 Y-190.4333
G1 X142.7000 Y-190.8111
G1 X138.9222 Y-189.2056
G1 X141.9444 Y-190.4333
G1 X141.9444 Y-189.3000
G1 X135.9000 Y-187.0333
G1 X123.6222 Y-185.3333
G1 Z0.0000 F2500.0
G4 P0.02
G0 X120.6000 Y-186.4667 F15000.0
G1 Z11.9000 F2500.0
G4 P0.02
G1 X121.4500 Y-186.5611 F12000.0
G1 X121.0722 Y-187.0333
G1 X121.9222 Y-187.7889
G1 X120.7889 Y-188.1667
G1 X126.1722 Y-191.6611
G1 X127.7778 Y-192.0389
G1 X129.9500 Y-194.3056
G1 X131.1778 Y-196.8556
G1 X127.0222 Y-195.9111
G1 X128.7222 Y-195.5333
G1 X129.8556 Y-196.1000
G1 X129.6667 Y-194.0222
G1 X127.9667 Y-193.1722
G1 X126.5500 Y-194.2111
G1 X127.8722 Y-194.4944
G1 X126.5500 Y-194.3056
G1 X123.6222 Y-192.7000
G1 X125.0389 Y-192.8889
G1 X125.6056 Y-191.5667
G1 X124.0000 Y-190.8111
G1 X122.1111 Y-188.9222
G1 X119.4667 Y-188.5444
G1 X120.2222 Y-188.1667
G1 X118.5222 Y-187.3167
G1 X120.4111 Y-187.1278
G1 X120.2222 Y-186.4667
G1 Z0.0000 F2500.0
G4 P0.02
G0 X111.6366 Y-183.1418 F15000.0
G1 Z11.9000 F2500.0
G4 P0.02
G2 X101.4826 Y-187.8206 I-6.3529 J0.4296 F12000.0
G1 Z0.0000 F2500.0
G4 P0.02
G0 X103.0485 Y-190.5287 F15000.0
G1 Z11.9000 F2500.0
G4 P0.02
G1 X99.5590 Y-202.0691 F12000.0
G1 Z0.0000 F2500.0
G4 P0.02
G0 X96.4222 Y-208.0000 F15000.0
G1 Z11.9000 F2500.0
G4 P0.02
G1 X99.8222 Y-221.2222 F12000.0
G1 X101.2389 Y-223.7722
G1 X100.6722 Y-228.3056
G1 X99.8222 Y-230.2889
G1 X102.5611 Y-236.1444
G1 X102.5611 Y-240.5833
G1 X101.4278 Y-251.9167
G1 X101.9944 Y-248.6111
G1 X102.9389 Y-248.5167
G1 X103.0333 Y-251.9167
G1 X103.7889 Y-251.2556
G1 X104.2611 Y-252.8611
G1 X104.8278 Y-251.2556
G1 X105.0167 Y-252.3889
G1 X105.3000 Y-250.1222
G1 X106.9056 Y-250.2167
G1 X106.9056 Y-252.5778
G1 X107.2833 Y-251.0667
G1 X108.4167 Y-251.6333
G1 X108.4167 Y-249.7444
G1 X109.0778 Y-247.8556
G1 X108.4167 Y-244.3611
G1 X110.3056 Y-245.4000
G1 X108.0389 Y-244.5500
G1 X107.5667 Y-245.2111
G1 X107.3778 Y-244.2667
G1 X108.9833 Y-242.2833
G1 X109.5500 Y-242.9444
G1 X110.8722 Y-241.9056
G1 X112.5722 Y-244.2667
G1 X112.4778 Y-245.2111
G1 X113.3278 Y-245.2111
G1 X113.9889 Y-245.9667
G1 X115.1222 Y-245.6833
G1 X113.7056 Y-248.1389
G1 X114.4611 Y-248.8000
G1 X114.5556 Y-249.8389
G1 X115.4056 Y-249.2722
G1 X114.2722 Y-248.9889
G1 X117.5778 Y-249.7444
G1 X117.3889 Y-252.7667
G1 X118.9000 Y-252.1056
G1 X117.6722 Y-251.6333
G1 X121.2611 Y-252.7667
G1 X121.1667 Y-251.3500
G1 X120.3167 Y-251.9167
G1 X120.6944 Y-250.4056
G1 X119.5611 Y-251.6333
G1 X119.0889 Y-250.7833
G1 X120.7889 Y-248.6111
G1 X121.1667 Y-248.8000
G1 X120.8833 Y-247.1000
G1 X122.3000 Y-247.6667
G1 X119.6556 Y-246.2500
G1 X120.7889 Y-243.9833
G1 X123.3389 Y-245.4944
G1 X122.9611 Y-245.6833
G1 X125.0389 Y-245.9667
G1 X125.1333 Y-245.3056
G1 X127.1167 Y-245.8722
G1 X126.5500 Y-246.7222
G1 X123.4333 Y-246.9111
G1 X124.5667 Y-248.0444
G1 X123.4333 Y-246.8167
G1 X126.7389 Y-246.7222
G1 X127.1167 Y-246.1556
G1 X126.5500 Y-244.9278
G1 X127.2111 Y-244.5500
G1 X125.8889 Y-239.7333
G1 X125.2278 Y-239.2611
G1 X124.6611 Y-240.1111
G1 X125.6056 Y-241.5278
G1 X126.8333 Y-241.8111
G1 X126.4556 Y-243.7000
G1 X126.1722 Y-242.5667
G1 X122.9611 Y-242.8500
G1 X122.3944 Y-242.2833
G1 X122.9611 Y-243.7000
G1 X121.5444 Y-241.9056
G1 X122.3944 Y-240.7722
G1 X123.3389 Y-241.3389
G1 X123.5278 Y-240.7722
G1 X123.0556 Y-241.3389
G1 X123.0556 Y-239.5444
G1 X124.1889 Y-236.4278
G1 X123.9056 Y-236.8056
G1 X124.4722 Y-236.9944
G1 X121.1667 Y-239.1667
G1 X122.0167 Y-236.7111
G1 X122.8667 Y-236.1444
G1 X121.5444 Y-230.8556
G1 X122.0167 Y-231.2333
G1 X123.3389 Y-230.1944
G1 X123.1500 Y-232.4611
G1 X124.0944 Y-234.4444
G1 X126.3611 Y-235.2944
G1 X125.9833 Y-236.7111
G1 X125.4167 Y-235.9556
G1 X125.8889 Y-237.4667
G1 X124.9444 Y-238.4111
G1 X126.0778 Y-238.1278
G1 X127.8722 Y-240.6778
G1 X127.9667 Y-239.1667
G1 X129.6667 Y-241.2444
G1 X130.5167 Y-241.2444
G1 X129.3833 Y-240.6778
G1 X131.0833 Y-238.1278
G1 X130.8944 Y-238.6000
G1 X130.8000 Y-237.6556
G1 X129.5722 Y-237.9389
G1 X128.3444 Y-236.7111
G1 X129.1000 Y-237.5611
G1 X128.9111 Y-238.0333
G1 X129.8556 Y-238.9778
G1 X129.4778 Y-239.7333
G1 X126.8333 Y-236.5222
G1 X126.9278 Y-235.5778
G1 X125.8889 Y-234.2556
G1 X127.8722 Y-233.9722
G1 X127.2111 Y-233.5000
G1 X128.9111 Y-233.0278
G1 X127.9667 Y-230.2889
G1 X127.4944 Y-231.1389
G1 X127.6833 Y-230.5722
G1 X128.7222 Y-233.0278
G1 X125.9833 Y-232.8389
G1 X125.5111 Y-233.4056
G1 X127.4944 Y-232.8389
G1 X124.6611 Y-234.4444
G1 X123.8111 Y-232.8389
G1 X124.1889 Y-232.6500
G1 X123.0556 Y-231.6111
G1 X124.5667 Y-229.2500
G1 X125.3222 Y-228.9667
G1 X124.6611 Y-229.2500
G1 X123.8111 Y-228.4000
G1 X119.1833 Y-226.9833
G1 X120.0333 Y-226.1333
G1 X118.2389 Y-227.1722
G1 X119.5611 Y-227.8333
G1 X115.4056 Y-231.2333
G1 X117.1056 Y-231.9889
G1 X118.9000 Y-229.3444
G1 X119.1833 Y-230.8556
G1 X117.3889 Y-233.5944
G1 X119.2778 Y-231.3278
G1 X119.8444 Y-232.7444
G1 X117.8611 Y-234.5389
G1 X116.5389 Y-236.5222
G1 X114.8389 Y-235.6722
G1 X116.3500 Y-237.3722
G1 X115.7833 Y-237.8444
G1 X114.6500 Y-236.8056
G1 X113.0444 Y-235.3889
G1 X115.9722 Y-233.4056
G1 X114.5556 Y-232.3667
G1 X115.6889 Y-233.5000
G1 X113.6111 Y-234.5389
G1 X113.6111 Y-233.4056
G1 X113.3278 Y-239.4500
G1 X114.4611 Y-240.3000
G1 X114.7444 Y-239.6389
G1 X115.3111 Y-239.9222
G1 X113.3278 Y-238.8833
G1 X113.4222 Y-237.2778
G1 X114.7444 Y-236.9944
G1 X116.4444 Y-237.8444
G1 X120.0333 Y-234.6333
G1 X119.7500 Y-235.4833
G1 X120.4111 Y-236.2389
G1 X120.3167 Y-234.1611
G1 X119.6556 Y-233.1222
G1 X120.6944 Y-233.0278
G1 X121.9222 Y-234.8222
G1 X121.5444 Y-235.8611
G1 X122.6778 Y-236.1444
G1 X120.4111 Y-237.3722
G1 X118.9000 Y-236.9944
G1 X119.9389 Y-239.1667
G1 X120.6000 Y-237.6556
G1 X121.5444 Y-238.4111
G1 X120.4111 Y-240.7722
G1 X116.5389 Y-240.3000
G1 X116.9167 Y-238.9778
G1 X118.2389 Y-239.1667
G1 X118.0500 Y-237.9389
G1 X117.7667 Y-239.4500
G1 X116.9167 Y-238.8833
G1 X116.3500 Y-240.3000
G1 X120.4111 Y-241.4333
G1 X118.3333 Y-241.7167
G1 X119.0889 Y-242.2833
G1 X117.5778 Y-242.7556
G1 X115.3111 Y-241.6222
G1 X113.8000 Y-242.4722
G1 X115.4056 Y-244.5500
G1 X116.3500 Y-243.5111
G1 X119.2778 Y-245.8722
G1 X120.7889 Y-248.2333
G1 X119.6556 Y-250.2167
G1 X117.8611 Y-250.5944
G1 X114.0833 Y-247.8556
G1 X115.5944 Y-246.2500
G1 X117.4833 Y-247.9500
G1 X118.5222 Y-246.4389
G1 X114.6500 Y-245.2111
G1 X113.5167 Y-245.2111
G1 X111.3444 Y-242.1889
G1 X111.8167 Y-240.5833
G1 X109.5500 Y-242.2833
G1 X107.5667 Y-240.6778
G1 X111.3444 Y-239.6389
G1 X111.6278 Y-238.1278
G1 X109.4556 Y-238.7889
G1 X109.4556 Y-239.9222
G1 X108.7000 Y-238.4111
G1 X110.2111 Y-236.7111
G1 X112.2889 Y-236.9944
G1 X111.4389 Y-234.4444
G1 X108.7000 Y-235.9556
G1 X107.3778 Y-233.9722
G1 X108.7944 Y-233.1222
G1 X112.1000 Y-233.2167
G1 X112.5722 Y-233.7833
G1 X112.9500 Y-232.2722
G1 X114.9333 Y-229.4389
G1 X114.2722 Y-228.3056
G1 X115.7833 Y-227.6444
G1 X115.9722 Y-224.4333
G1 X117.1056 Y-226.5111
G1 X116.9167 Y-229.7222
G1 X116.6333 Y-224.7167
G1 X115.5944 Y-224.2444
G1 X114.7444 Y-225.3778
G1 X112.1944 Y-224.0556
G1 X111.8167 Y-224.3389
G1 X110.1167 Y-222.0722
G1 X111.7222 Y-221.6000
G1 X112.1000 Y-222.3556
G1 X111.2500 Y-221.3167
G1 X109.8333 Y-221.3167
G1 X111.6278 Y-219.4278
G1 X112.5722 Y-220.6556
G1 X115.5000 Y-220.6556
G1 X114.2722 Y-222.8278
G1 X114.4611 Y-223.9611
G1 X115.2167 Y-221.8833
G1 X115.4056 Y-223.3000
G1 X115.2167 Y-221.3167
G1 X117.2944 Y-221.0333
G1 X116.7278 Y-223.2056
G1 X118.2389 Y-223.9611
G1 X117.5778 Y-221.8833
G1 X116.7278 Y-221.4111
G1 X119.9389 Y-219.9944
G1 X119.7500 Y-217.7278
G1 X118.9944 Y-218.4833
G1 X116.9167 Y-219.1444
G1 X117.7667 Y-218.8611
G1 X116.4444 Y-220.3722
G1 X115.5000 Y-219.9944
G1 X116.2556 Y-217.2556
G1 X116.5389 Y-217.5389
G1 X115.8778 Y-216.5000
G1 X117.0111 Y-216.2167
G1 X117.6722 Y-214.9889
G1 X117.1056 Y-214.1389
G1 X115.6889 Y-217.0667
G1 X115.1222 Y-219.9000
G1 X112.2889 Y-219.8056
G1 X113.1389 Y-218.1056
G1 X114.3667 Y-219.1444
G1 X114.4611 Y-216.5000
G1 X113.2333 Y-216.5944
G1 X114.0833 Y-217.1611
G1 X111.6278 Y-219.2389
G1 X109.7389 Y-219.1444
G1 X110.6833 Y-219.6167
G1 X105.8667 Y-220.6556
G1 X109.7389 Y-220.7500
G1 X109.5500 Y-222.8278
G1 X111.3444 Y-223.6778
G1 X111.5333 Y-225.8500
G1 X110.2111 Y-227.0778
G1 X110.1167 Y-225.2833
G1 X107.2833 Y-223.1111
G1 X104.2611 Y-226.7000
G1 X102.7500 Y-226.4167
G1 X105.0167 Y-226.6056
G1 X107.5667 Y-223.2056
G1 X110.0222 Y-226.0389
G1 X108.2278 Y-226.3222
G1 X108.2278 Y-226.7944
G1 X109.9278 Y-226.7944
G1 X110.8722 Y-227.8333
G1 X112.4778 Y-228.2111
G1 X110.6833 Y-228.8722
G1 X111.7222 Y-230.8556
G1 X110.9667 Y-231.1389
G1 X110.4000 Y-229.8167
G1 X111.3444 Y-232.7444
G1 X109.4556 Y-233.5000
G1 X108.7000 Y-231.5167
G1 X108.3222 Y-231.7056
G1 X109.4556 Y-232.3667
G1 X107.1889 Y-233.1222
G1 X107.0000 Y-231.8944
G1 X108.6056 Y-229.7222
G1 X106.9056 Y-231.8944
G1 X107.4722 Y-234.7278
G1 X108.5111 Y-235.7667
G1 X110.3056 Y-236.6167
G1 X108.5111 Y-237.1833
G1 X107.6611 Y-236.6167
G1 X108.3222 Y-239.8278
G1 X107.8500 Y-239.2611
G1 X106.2444 Y-241.6222
G1 X104.5444 Y-242.1889
G1 X105.9611 Y-244.9278
G1 X102.7500 Y-247.1000
G1 X103.8833 Y-247.1000
G1 X101.8056 Y-248.1389
G1 X101.9944 Y-241.9056
G1 X102.7500 Y-238.9778
G1 X101.8056 Y-233.4056
G1 X100.1056 Y-229.7222
G1 X101.0500 Y-222.8278
G1 X96.4222 Y-208.3778
G1 Z0.0000 F2500.0
G4 P0.02
G0 X105.4889 Y-197.4222 F15000.0
G1 Z11.9000 F2500.0
G4 P0.02
G1 X107.7556 Y-199.5000 F12000.0
G1 X108.9833 Y-198.3667
G1 X109.5500 Y-199.5000
G1 X109.3611 Y-199.1222
G1 X108.0389 Y-201.2000
G1 X108.6056 Y-199.5000
G1 X106.6222 Y-201.2000
G1 X107.3778 Y-200.4444
G1 X105.2056 Y-198.0833
G1 X105.7722 Y-199.8778
G1 X105.2056 Y-199.9722
G1 X105.4889 Y-202.4278
G1 X106.2444 Y-202.6167
G1 X105.3944 Y-204.5056
G1 X105.9611 Y-202.8056
G1 X104.9222 Y-203.6556
G1 X104.0722 Y-199.9722
G1 X104.5444 Y-206.6778
G1 X103.0333 Y-208.6611
G1 X102.3722 Y-214.2333
G1 X104.6389 Y-214.3278
G1 X103.8833 Y-214.9889
G1 X102.1833 Y-215.0833
G1 X101.5222 Y-220.1833
G1 X104.2611 Y-199.4056
G1 X105.3944 Y-199.4056
G1 X105.1111 Y-197.0444
G1 Z0.0000 F2500.0
G4 P0.02
G0 X107.7556 Y-187.6000 F15000.0
G1 Z11.9000 F2500.0
G4 P0.02
G1 X110.9667 Y-191.8500 F12000.0
G1 X111.2500 Y-190.9056
G1 X110.9667 Y-190.6222
G1 X116.9167 Y-195.3444
G1 X116.9167 Y-194.1167
G1 X118.6167 Y-193.8333
G1 X113.8944 Y-189.3000
G1 X118.3333 Y-194.3056
G1 X116.9167 Y-194.6833
G1 X118.0500 Y-196.1000
G1 X114.6500 Y-194.8722
G1 X114.2722 Y-196.7611
G1 X115.2167 Y-197.7056
G1 X113.5167 Y-194.9667
G1 X113.9889 Y-195.2500
G1 X114.0833 Y-193.9278
G1 X112.4778 Y-192.7000
G1 X111.3444 Y-192.7944
G1 X108.4167 Y-189.4889
G1 X108.5111 Y-191.0000
G1 X111.0611 Y-194.8722
G1 X112.4778 Y-196.0056
G1 X110.1167 Y-194.0222
G1 X108.2278 Y-190.1500
G1 X107.3778 Y-187.2222
G1 Z0.0000 F2500.0
G4 P0.02
G0 X88.1111 Y-190.2444 F15000.0
G1 Z11.9000 F2500.0
G4 P0.02
G1 X96.9889 Y-202.2389 F12000.0
G1 X89.1500 Y-192.7000
G1 X87.7333 Y-189.8667
G1 Z0.0000 F2500.0
G4 P0.02
G0 X83.8533 Y-191.7979 F15000.0
G1 Z11.9000 F2500.0
G4 P0.02
G1 X69.4801 Y-196.9698 F12000.0
G1 Z0.0000 F2500.0
G4 P0.02
G0 X66.1395 Y-197.0830 F15000.0
G1 Z11.9000 F2500.0
G4 P0.02
G1 X51.3000 Y-202.1255 F12000.0
G1 Z0.0000 F2500.0
G4 P0.02
G0 X50.3333 Y-198.9333 F15000.0
G1 Z11.9000 F2500.0
G4 P0.02
G1 X49.3889 Y-200.6333 F12000.0
G1 X48.3500 Y-200.1611
G1 X47.3111 Y-202.2389
G1 X49.4833 Y-202.5222
G1 X48.4444 Y-203.2778
G1 X47.2167 Y-201.4833
G1 X47.7833 Y-200.3500
G1 X46.6500 Y-200.2556
G1 X49.9556 Y-198.5556
G1 Z0.0000 F2500.0
G4 P0.02
G0 X49.9556 Y-195.5333 F15000.0
G1 Z11.9000 F2500.0
G4 P0.02
G1 X50.1444 Y-196.1000 F12000.0
G1 X50.9944 Y-195.8167
G1 X52.9778 Y-196.7611
G1 X50.4278 Y-196.2889
G1 X49.8611 Y-197.6111
G1 X50.2389 Y-197.9889
G1 X48.6333 Y-197.8000
G1 X47.4056 Y-198.5556
G1 X47.8778 Y-197.5167
G1 X49.7667 Y-196.1944
G1 X48.6333 Y-196.4778
G1 X49.9556 Y-195.1556
G1 Z0.0000 F2500.0
G4 P0.02
G0 X56.3074 Y-193.1529 F15000.0
G1 Z11.9000 F2500.0
G4 P0.02
G1 X60.3252 Y-201.3940 F12000.0
G1 Z0.0000 F2500.0
G4 P0.02
G0 X58.1904 Y-200.0866 F15000.0
G1 Z11.9000 F2500.0
G4 P0.02
G1 X73.2430 Y-201.6233 F12000.0
G1 Z0.0000 F2500.0
G4 P0.02
G0 X77.8041 Y-204.5650 F15000.0
G1 Z11.9000 F2500.0
G4 P0.02
G1 X62.7602 Y-208.1279 F12000.0
G1 Z0.0000 F2500.0
G4 P0.02
G0 X57.7245 Y-202.4761 F15000.0
G1 Z11.9000 F2500.0
G4 P0.02
G1 X52.0247 Y-216.4959 F12000.0
G1 Z0.0000 F2500.0
G4 P0.02
G0 X56.0132 Y-217.3211 F15000.0
G1 Z11.9000 F2500.0
G4 P0.02
G1 X47.5850 Y-208.4804 F12000.0
G1 Z0.0000 F2500.0
G4 P0.02
G0 X47.6889 Y-204.6000 F15000.0
G1 Z11.9000 F2500.0
G4 P0.02
G1 X43.4389 Y-208.0000 F12000.0
G1 X41.7389 Y-206.5833
G1 X46.8389 Y-204.0333
G1 X47.6889 Y-204.6000
G1 Z0.0000 F2500.0
G4 P0.02
G0 X51.5345 Y-207.9366 F15000.0
G1 Z11.9000 F2500.0
G4 P0.02
G1 X58.7510 Y-193.5686 F12000.0
G1 Z0.0000 F2500.0
G4 P0.02
G0 X56.5872 Y-193.5654 F15000.0
G1 Z11.9000 F2500.0
G4 P0.02
G1 X63.0086 Y-195.6698 F12000.0
G1 Z0.0000 F2500.0
G4 P0.02
G0 X72.9665 Y-195.4330 F15000.0
G1 Z11.9000 F2500.0
G4 P0.02
G1 X81.6363 Y-204.8734 F12000.0
G1 Z0.0000 F2500.0
G4 P0.02
G0 X74.5348 Y-213.9721 F15000.0
G1 Z11.9000 F2500.0
G4 P0.02
G1 X78.1201 Y-224.8990 F12000.0
G1 Z0.0000 F2500.0
G4 P0.02
G0 X76.8193 Y-234.0568 F15000.0
G1 Z11.9000 F2500.0
G4 P0.02
G1 X80.5330 Y-244.5508 F12000.0
G1 Z0.0000 F2500.0
G4 P0.02
G0 X91.5187 Y-241.1303 F15000.0
G1 Z11.9000 F2500.0
G4 P0.02
G2 X98.5697 Y-252.7431 I-1.1607 J-8.6518 F12000.0
G1 Z0.0000 F2500.0
G4 P0.02
G0 X116.0667 Y-250.3111 F15000.0
G1 Z11.9000 F2500.0
G4 P0.02
G1 X113.9889 Y-251.6333 F12000.0
G1 X113.8944 Y-252.5778
G1 X112.1000 Y-251.7278
G1 X112.4778 Y-251.5389
G1 X111.0611 Y-251.8222
G1 X110.9667 Y-252.6722
G1 X112.1944 Y-252.3889
G1 X112.0056 Y-252.7667
G1 X114.4611 Y-252.5778
G1 X114.4611 Y-250.8778
G1 X116.2556 Y-250.9722
G1 X116.5389 Y-252.6722
G1 X116.4444 Y-250.3111
G1 Z0.0000 F2500.0
G4 P0.02
G0 X112.6667 Y-242.0000 F15000.0
G1 Z11.9000 F2500.0
G4 P0.02
G1 X114.8389 Y-240.8667 F12000.0
G1 X118.2389 Y-241.7167
G1 X118.4278 Y-244.4556
G1 X114.3667 Y-244.1722
G1 X112.6667 Y-242.0000
G1 Z0.0000 F2500.0
G4 P0.02
G0 X123.2444 Y-239.7333 F15000.0
G1 Z11.9000 F2500.0
G4 P0.02
G1 X121.8278 Y-241.1500 F12000.0
G1 X118.9000 Y-241.3389
G1 X117.3889 Y-239.5444
G1 X120.2222 Y-238.1278
G1 X123.2444 Y-239.7333
G1 Z0.0000 F2500.0
G4 P0.02
G0 X130.1673 Y-248.7784 F15000.0
G1 Z11.9000 F2500.0
G4 P0.02
G1 X138.3834 Y-252.8412 F12000.0
G1 Z0.0000 F2500.0
G4 P0.02
G0 X137.9778 Y-241.6222 F15000.0
G1 Z11.9000 F2500.0
G4 P0.02
G1 X138.0722 Y-242.8500 F12000.0
G1 X139.7722 Y-243.7000
G1 X139.0167 Y-244.4556
G1 X145.0611 Y-247.1000
G1 X145.0611 Y-248.5167
G1 X144.6833 Y-247.9500
G1 X144.4944 Y-248.5167
G1 X143.9278 Y-246.4389
G1 X141.5667 Y-248.2333
G1 X144.2111 Y-250.0278
G1 X144.1167 Y-250.5944
G1 X143.0778 Y-250.7833
G1 X141.7556 Y-252.3889
G1 X142.6056 Y-251.2556
G1 X141.2833 Y-251.4444
G1 X142.9833 Y-250.1222
G1 X141.3778 Y-249.9333
G1 X139.9611 Y-245.4944
G1 X139.2056 Y-246.4389
G1 X139.2056 Y-248.7056
G1 X139.2056 Y-247.0056
G1 X137.8833 Y-248.9889
G1 X135.9000 Y-248.7056
G1 X135.4278 Y-250.8778
G1 X134.8611 Y-250.1222
G1 X135.7111 Y-248.5167
G1 X137.0333 Y-248.2333
G1 X134.6722 Y-246.3444
G1 X134.8611 Y-244.9278
G1 X135.7111 Y-247.3833
G1 X137.9778 Y-246.8167
G1 X136.3722 Y-245.9667
G1 X136.2778 Y-246.4389
G1 X135.8056 Y-245.3056
G1 X136.2778 Y-245.8722
G1 X136.2778 Y-243.6056
G1 X135.8056 Y-243.7000
G1 X137.1278 Y-244.0778
G1 X137.1278 Y-246.0611
G1 X139.3000 Y-243.4167
G1 X136.6556 Y-242.3778
G1 X136.5611 Y-241.8111
G1 X137.9778 Y-241.2444
G1 Z0.0000 F2500.0
G4 P0.02
G0 X136.0889 Y-238.9778 F15000.0
G1 Z11.9000 F2500.0
G4 P0.02
G1 X134.4833 Y-240.2056 F12000.0
G1 X137.9778 Y-239.5444
G1 X137.0333 Y-240.3000
G1 X135.6167 Y-240.7722
G1 X133.9167 Y-245.4000
G1 X133.9167 Y-243.9833
G1 X132.1222 Y-246.7222
G1 X133.2556 Y-246.7222
G1 X132.5944 Y-248.8000
G1 X132.8778 Y-250.0278
G1 X134.7667 Y-252.7667
G1 X133.9167 Y-252.4833
G1 X133.9167 Y-250.7833
G1 X131.4611 Y-249.2722
G1 X129.4778 Y-250.1222
G1 X129.6667 Y-251.1611
G1 X130.8944 Y-251.1611
G1 X130.9889 Y-250.0278
G1 X131.8389 Y-250.9722
G1 X132.4056 Y-250.9722
G1 X132.5944 Y-252.4833
G1 X131.6500 Y-251.1611
G1 X128.7222 Y-251.6333
G1 X128.8167 Y-252.7667
G1 X126.7389 Y-252.7667
G1 X129.4778 Y-250.2167
G1 X124.6611 Y-252.0111
G1 X123.5278 Y-250.7833
G1 X123.5278 Y-252.3889
G1 X123.3389 Y-249.3667
G1 X122.2056 Y-249.3667
G1 X127.8722 Y-249.4611
G1 X126.5500 Y-251.2556
G1 X128.1556 Y-250.9722
G1 X129.0056 Y-249.0833
G1 X129.2889 Y-246.4389
G1 X130.2333 Y-248.2333
G1 X131.3667 Y-245.9667
G1 X132.2167 Y-246.2500
G1 X131.3667 Y-243.4167
G1 X131.9333 Y-241.1500
G1 X132.9722 Y-240.5833
G1 X132.7833 Y-240.0167
G1 X133.9167 Y-241.8111
G1 X132.6889 Y-242.4722
G1 X131.6500 Y-241.5278
G1 X131.8389 Y-242.7556
G1 X135.1444 Y-242.9444
G1 X135.0500 Y-240.7722
G1 X134.2000 Y-239.6389
G1 X135.7111 Y-238.9778
G1 Z0.0000 F2500.0
G4 P0.02
G0 X135.7111 Y-231.0444 F15000.0
G1 Z11.9000 F2500.0
G4 P0.02
G1 X138.2611 Y-231.6111 F12000.0
G1 X138.8278 Y-231.2333
G1 X142.2278 Y-233.7833
G1 X142.6056 Y-233.2167
G1 X143.3611 Y-234.2556
G1 X142.2278 Y-236.1444
G1 X141.6611 Y-235.0111
G1 X138.9222 Y-235.2000
G1 X137.2222 Y-236.8056
G1 X137.2222 Y-237.7500
G1 X137.6000 Y-236.0500
G1 X138.5444 Y-235.0111
G1 X136.3722 Y-234.7278
G1 X135.2389 Y-235.6722
G1 X135.3333 Y-236.9000
G1 X136.4667 Y-238.0333
G1 X134.2944 Y-236.6167
G1 X133.4444 Y-237.8444
G1 X132.7833 Y-235.4833
G1 X134.1056 Y-235.3889
G1 X134.3889 Y-236.2389
G1 X135.1444 Y-235.4833
G1 X133.7278 Y-233.8778
G1 X133.1611 Y-234.2556
G1 X135.1444 Y-234.3500
G1 X135.9944 Y-235.0111
G1 X136.6556 Y-234.2556
G1 X136.3722 Y-233.8778
G1 X137.8833 Y-233.8778
G1 X139.1111 Y-235.1056
G1 X141.0944 Y-233.6889
G1 X138.9222 Y-231.2333
G1 X133.5389 Y-231.7056
G1 X134.6722 Y-233.0278
G1 X131.3667 Y-231.9889
G1 X133.3500 Y-231.9889
G1 X132.0278 Y-231.2333
G1 X135.4278 Y-231.5167
G1 X135.7111 Y-230.6667
G1 Z0.0000 F2500.0
G4 P0.02
G0 X139.1111 Y-223.1111 F15000.0
G1 Z11.9000 F2500.0
G4 P0.02
G1 X141.1889 Y-223.3944 F12000.0
G1 X141.9444 Y-224.0556
G1 X143.1722 Y-223.8667
G1 X143.8333 Y-223.1111
G1 X143.5500 Y-224.5278
G1 X144.1167 Y-225.0944
G1 X142.9833 Y-224.4333
G1 X141.6611 Y-224.6222
G1 X141.0944 Y-225.7556
G1 X139.3944 Y-226.6056
G1 X140.8111 Y-227.8333
G1 X140.9056 Y-226.6056
G1 X144.6833 Y-226.3222
G1 X142.4167 Y-226.5111
G1 X141.2833 Y-228.2111
G1 X142.7944 Y-227.4556
G1 X141.5667 Y-228.5889
G1 X137.1278 Y-226.7000
G1 X140.1500 Y-223.8667
G1 X138.7333 Y-222.7333
G1 Z0.0000 F2500.0
G4 P0.02
G0 X138.7333 Y-219.3333 F15000.0
G1 Z11.9000 F2500.0
G4 P0.02
G1 X137.9778 Y-220.1833 F12000.0
G1 X141.5667 Y-222.1667
G1 X137.9778 Y-220.8444
G1 X136.8444 Y-223.1111
G1 X137.6944 Y-224.3389
G1 X136.4667 Y-223.8667
G1 X134.7667 Y-227.2667
G1 X135.8056 Y-228.2111
G1 X135.3333 Y-228.9667
G1 X139.2056 Y-229.0611
G1 X135.4278 Y-229.4389
G1 X134.3889 Y-230.1000
G1 X131.0833 Y-229.5333
G1 X130.4222 Y-228.5889
G1 X129.1944 Y-229.9111
G1 X130.6111 Y-227.9278
G1 X130.3278 Y-227.5500
G1 X130.8944 Y-226.9833
G1 X130.3278 Y-226.3222
G1 X132.2167 Y-225.9444
G1 X132.5944 Y-222.2611
G1 X132.7833 Y-224.9056
G1 X134.4833 Y-225.5667
G1 X135.2389 Y-224.6222
G1 X134.8611 Y-222.4500
G1 X135.7111 Y-224.0556
G1 X136.8444 Y-222.6389
G1 X135.2389 Y-221.1278
G1 X136.9389 Y-221.7889
G1 X136.7500 Y-220.0889
G1 X138.3556 Y-219.3333
G1 Z0.0000 F2500.0
G4 P0.02
G0 X134.0466 Y-219.4720 F15000.0
G1 Z11.9000 F2500.0
G4 P0.02
G1 X144.1806 Y-214.3793 F12000.0
G1 Z0.0000 F2500.0
G4 P0.02
G0 X146.2889 Y-213.2889 F15000.0
G1 Z11.9000 F2500.0
G4 P0.02
G1 X144.8722 Y-214.1389 F12000.0
G1 X146.2889 Y-214.9889
G1 X144.7778 Y-216.1222
G1 X146.7611 Y-214.5167
G1 X146.7611 Y-216.2167
G1 X144.3056 Y-217.2556
G1 X145.0611 Y-221.2222
G1 X145.0611 Y-219.9944
G1 X146.0056 Y-220.0889
G1 X147.4222 Y-222.3556
G1 X153.1833 Y-221.3167
G1 X151.4833 Y-220.7500
G1 X152.0500 Y-219.6167
G1 X152.2389 Y-220.1833
G1 X152.0500 Y-219.2389
G1 X151.4833 Y-221.0333
G1 X152.0500 Y-221.6944
G1 X151.0111 Y-221.6000
G1 X150.3500 Y-220.6556
G1 X150.9167 Y-221.7889
G1 X149.2167 Y-222.2611
G1 X147.8000 Y-220.4667
G1 X144.4944 Y-219.1444
G1 X144.9667 Y-216.8778
G1 X145.9111 Y-217.9167
G1 X146.4778 Y-216.7833
G1 X147.8944 Y-216.2167
G1 X149.1222 Y-217.1611
G1 X148.4611 Y-218.7667
G1 X147.5167 Y-219.2389
G1 X149.5944 Y-218.4833
G1 X150.1611 Y-219.0500
G1 X149.5944 Y-218.0111
G1 X150.5389 Y-217.5389
G1 X149.1222 Y-217.1611
G1 X150.4444 Y-216.4056
G1 X152.9944 Y-217.0667
G1 X154.1278 Y-218.1056
G1 X156.5833 Y-218.0111
G1 X156.0167 Y-217.6333
G1 X156.2056 Y-218.4833
G1 X154.7889 Y-217.6333
G1 X153.7500 Y-217.7278
G1 X152.4278 Y-216.0278
G1 X153.0889 Y-215.3667
G1 X153.9389 Y-215.7444
G1 X153.7500 Y-214.8000
G1 X155.2611 Y-215.8389
G1 X155.1667 Y-216.4056
G1 X156.3944 Y-216.1222
G1 X157.1500 Y-215.8389
G1 X157.9056 Y-217.3500
G1 X157.9056 Y-219.3333
G1 X159.0389 Y-219.9000
G1 X156.9611 Y-220.1833
G1 X154.4111 Y-219.1444
G1 X154.1278 Y-219.9944
G1 X158.3778 Y-220.7500
G1 X157.8111 Y-223.3000
G1 X158.0944 Y-224.4333
G1 X155.9222 Y-221.8833
G1 X155.6389 Y-221.2222
G1 X154.9778 Y-222.4500
G1 X153.1833 Y-222.5444
G1 X154.2222 Y-223.7722
G1 X157.5278 Y-224.1500
G1 X156.3000 Y-225.7556
G1 X154.6944 Y-226.1333
G1 X155.1667 Y-228.6833
G1 X155.4500 Y-228.3056
G1 X154.9778 Y-227.8333
G1 X156.6778 Y-227.8333
G1 X157.4333 Y-229.8167
G1 X156.7722 Y-231.4222
G1 X155.7333 Y-230.1000
G1 X157.0556 Y-231.5167
G1 X157.4333 Y-230.9500
G1 X161.5889 Y-233.1222
G1 X160.1722 Y-234.2556
G1 X159.9833 Y-233.8778
G1 X159.7000 Y-234.7278
G1 X162.7222 Y-233.1222
G1 X164.6111 Y-233.9722
G1 X166.1222 Y-235.1056
G1 X167.2556 Y-231.9889
G1 X167.6333 Y-234.1611
G1 X167.4444 Y-232.9333
G1 X169.5222 Y-229.3444
G1 X171.0333 Y-228.3056
G1 X167.8222 Y-228.9667
G1 X166.9722 Y-228.5889
G1 X167.5389 Y-229.7222
G1 X163.7611 Y-228.6833
G1 X163.1944 Y-226.9833
G1 X165.2722 Y-228.0222
G1 X166.5944 Y-226.7944
G1 X167.9167 Y-227.4556
G1 X170.2778 Y-227.0778
G1 X170.1833 Y-225.6611
G1 X169.6167 Y-226.7000
G1 X168.0111 Y-224.8111
G1 X168.4833 Y-225.1889
G1 X167.5389 Y-224.8111
G1 X165.2722 Y-226.9833
G1 X165.5556 Y-225.2833
G1 X168.6722 Y-223.0167
G1 X167.3500 Y-222.0722
G1 X171.8833 Y-221.5056
G1 X170.5611 Y-222.4500
G1 X172.0722 Y-223.9611
G1 X171.3167 Y-224.5278
G1 X171.5056 Y-225.1889
G1 X171.9778 Y-223.3000
G1 X171.1278 Y-222.3556
G1 X171.7889 Y-221.1278
G1 X168.5778 Y-221.9778
G1 X167.5389 Y-219.9944
G1 X166.5944 Y-220.4667
G1 X166.1222 Y-219.5222
G1 X165.1778 Y-219.8056
G1 X164.3278 Y-218.6722
G1 X165.7444 Y-215.3667
G1 X167.5389 Y-215.8389
G1 X165.9333 Y-215.1778
G1 X163.9500 Y-216.5000
G1 X164.6111 Y-218.3889
G1 X161.7778 Y-219.3333
G1 X160.9278 Y-218.0111
G1 X163.1944 Y-217.2556
G1 X162.1556 Y-214.2333
G1 X160.9278 Y-214.0444
G1 X161.1167 Y-215.2722
G1 X162.7222 Y-216.0278
G1 X163.0056 Y-217.7278
G1 X159.6056 Y-216.1222
G1 X159.7944 Y-215.7444
G1 X161.1167 Y-217.7278
G1 X160.1722 Y-218.3889
G1 X158.8500 Y-216.9722
G1 X158.8500 Y-219.0500
G1 X157.7167 Y-219.0500
G1 X157.2444 Y-214.8000
G1 X154.3167 Y-213.8556
G1 X157.1500 Y-214.9889
G1 X152.8056 Y-215.0833
G1 X151.6722 Y-215.7444
G1 X151.0111 Y-214.9889
G1 X151.3889 Y-213.7611
G1 X147.5167 Y-213.5722
G1 X148.3667 Y-214.3278
G1 X150.2556 Y-214.4222
G1 X151.9556 Y-216.1222
G1 X148.8389 Y-215.7444
G1 X149.1222 Y-215.1778
G1 X147.6111 Y-216.0278
G1 X146.6667 Y-213.2889
G1 Z0.0000 F2500.0
G4 P0.02
G0 X150.4444 Y-219.3333 F15000.0
G1 Z11.9000 F2500.0
G4 P0.02
G1 X152.4278 Y-218.5778 F12000.0
G1 X154.6944 Y-220.0889
G1 X159.2278 Y-221.6944
G1 X164.0444 Y-223.6778
G1 X166.4056 Y-223.7722
G1 X166.2167 Y-225.0000
G1 X164.8000 Y-226.7000
G1 X163.9500 Y-229.2500
G1 X167.6333 Y-231.2333
G1 X166.8778 Y-233.2167
G1 X163.7611 Y-233.7833
G1 X158.5667 Y-232.3667
G1 X152.4278 Y-229.8167
G1 X149.3111 Y-226.8889
G1 X148.4611 Y-223.7722
G1 X151.3889 Y-221.8833
G1 X150.4444 Y-219.3333
G1 Z0.0000 F2500.0
G4 P0.02
G0 X150.0667 Y-221.6000 F15000.0
G1 Z11.9000 F2500.0
G4 P0.02
G1 X147.9889 Y-221.9778 F12000.0
G1 X145.3444 Y-219.2389
G1 X143.6444 Y-219.2389
G1 X144.9667 Y-223.2056
G1 X143.4556 Y-226.4167
G1 X141.1889 Y-223.9611
G1 X138.2611 Y-224.3389
G1 X136.2778 Y-223.4889
G1 X133.8222 Y-225.2833
G1 X132.0278 Y-224.5278
G1 X131.3667 Y-222.3556
G1 X129.0056 Y-223.3944
G1 X125.8889 Y-222.0722
G1 X126.4556 Y-220.2778
G1 X124.0944 Y-220.2778
G1 X121.2611 Y-218.2944
G1 X117.5778 Y-218.5778
G1 X115.0278 Y-216.5944
G1 X118.8056 Y-214.4222
G1 X128.2500 Y-216.5944
G1 X129.0056 Y-214.9889
G1 X131.2722 Y-214.9889
G1 X131.5556 Y-216.5944
G1 X129.9500 Y-218.8611
G1 X132.3111 Y-218.3889
G1 X138.0722 Y-219.0500
G1 X140.7167 Y-220.0889
G1 X139.8667 Y-218.3889
G1 X143.0778 Y-216.5944
G1 X145.0611 Y-214.5167
G1 X146.3833 Y-215.5556
G1 X147.5167 Y-213.8556
G1 X148.9333 Y-214.8000
G1 X149.9722 Y-217.2556
G1 X149.2167 Y-219.9944
G1 X150.0667 Y-221.6000
G1 Z0.0000 F2500.0
G4 P0.02
G0 X150.0667 Y-223.1111 F15000.0
G1 Z11.9000 F2500.0
G4 P0.02
G1 X147.7056 Y-224.5278 F12000.0
G1 X147.4222 Y-226.0389
G1 X148.1778 Y-224.2444
G1 X150.9167 Y-223.3000
G1 X152.3333 Y-224.1500
G1 X153.7500 Y-226.3222
G1 X151.5778 Y-223.3944
G1 X150.4444 Y-223.1111
G1 Z0.0000 F2500.0
G4 P0.02
G0 X150.0667 Y-224.2444 F15000.0
G1 Z11.9000 F2500.0
G4 P0.02
G1 X151.6722 Y-225.5667 F12000.0
G1 X152.9944 Y-228.0222
G1 X153.6556 Y-228.1167
G1 X153.7500 Y-230.1000
G1 X154.4111 Y-229.7222
G1 X153.1833 Y-229.9111
G1 X151.2944 Y-226.0389
G1 X150.6333 Y-226.4167
G1 X150.8222 Y-224.8111
G1 X149.6889 Y-224.2444
G1 Z0.0000 F2500.0
G4 P0.02
G0 X145.9111 Y-221.9778 F15000.0
G1 Z11.9000 F2500.0
G4 P0.02
G1 X146.0056 Y-223.9611 F12000.0
G1 X145.4389 Y-225.5667
G1 X145.8167 Y-224.4333
G1 X146.4778 Y-225.6611
G1 X146.1944 Y-228.2111
G1 X147.0444 Y-229.3444
G1 X149.3111 Y-226.1333
G1 X149.3111 Y-225.2833
G1 X148.7444 Y-225.0000
G1 X149.2167 Y-225.8500
G1 X147.9889 Y-227.3611
G1 X148.1778 Y-228.0222
G1 X146.7611 Y-228.7778
G1 X146.1000 Y-226.9833
G1 X145.5333 Y-222.3556
G1 Z0.0000 F2500.0
G4 P0.02
G0 X148.9333 Y-228.7778 F15000.0
G1 Z11.9000 F2500.0
G4 P0.02
G1 X147.2333 Y-230.8556 F12000.0
G1 X147.9889 Y-230.6667
G1 X149.8778 Y-232.5556
G1 X149.7833 Y-237.7500
G1 X148.2722 Y-235.9556
G1 X148.7444 Y-235.0111
G1 X149.2167 Y-235.2944
G1 X147.3278 Y-233.8778
G1 X146.0056 Y-233.5000
G1 X146.0056 Y-231.9889
G1 X145.4389 Y-231.7056
G1 X146.0056 Y-233.1222
G1 X143.5500 Y-230.4778
G1 X144.2111 Y-231.2333
G1 X143.9278 Y-231.8944
G1 X147.8944 Y-235.1056
G1 X147.3278 Y-235.8611
G1 X148.2722 Y-235.9556
G1 X147.9889 Y-237.3722
G1 X144.5889 Y-234.6333
G1 X144.9667 Y-234.1611
G1 X144.4000 Y-235.0111
G1 X146.5722 Y-237.3722
G1 X144.5889 Y-237.8444
G1 X142.6056 Y-237.0889
G1 X140.8111 Y-238.3167
G1 X140.9056 Y-239.9222
G1 X141.4722 Y-240.9611
G1 X140.8111 Y-242.1889
G1 X141.5667 Y-241.9056
G1 X141.8500 Y-243.2278
G1 X141.1889 Y-244.4556
G1 X141.8500 Y-244.1722
G1 X142.4167 Y-244.9278
G1 X146.4778 Y-244.9278
G1 X146.6667 Y-245.8722
G1 X145.7222 Y-246.0611
G1 X147.0444 Y-246.6278
G1 X146.0056 Y-247.4778
G1 X147.0444 Y-249.2722
G1 X146.9500 Y-248.7056
G1 X146.3833 Y-249.2722
G1 X146.9500 Y-247.1944
G1 X147.7056 Y-247.8556
G1 X147.9889 Y-247.0056
G1 X149.2167 Y-248.8944
G1 X147.4222 Y-251.8222
G1 X146.1000 Y-251.4444
G1 X145.8167 Y-250.0278
G1 X147.8944 Y-250.2167
G1 X147.8944 Y-248.9889
G1 X147.6111 Y-250.4056
G1 X145.3444 Y-250.3111
G1 X146.0056 Y-252.6722
G1 X146.7611 Y-251.8222
G1 X148.7444 Y-252.3889
G1 X148.4611 Y-251.0667
G1 X149.1222 Y-248.4222
G1 X149.2167 Y-247.1000
G1 X151.0111 Y-247.1000
G1 X151.3889 Y-245.2111
G1 X152.9944 Y-248.5167
G1 X152.6167 Y-245.8722
G1 X151.2944 Y-244.6444
G1 X151.7667 Y-243.8889
G1 X154.4111 Y-246.6278
G1 X154.1278 Y-247.8556
G1 X154.4111 Y-246.7222
G1 X155.6389 Y-247.9500
G1 X155.5444 Y-248.5167
G1 X156.3000 Y-247.8556
G1 X155.9222 Y-249.8389
G1 X155.4500 Y-249.9333
G1 X155.1667 Y-251.3500
G1 X154.0333 Y-251.1611
G1 X153.6556 Y-252.6722
G1 X153.2778 Y-252.1056
G1 X153.6556 Y-252.6722
G1 X156.3944 Y-251.2556
G1 X157.1500 Y-250.5000
G1 X156.3000 Y-250.7833
G1 X157.4333 Y-248.5167
G1 X158.3778 Y-249.7444
G1 X159.7000 Y-247.8556
G1 X159.4167 Y-246.7222
G1 X162.0611 Y-247.2889
G1 X162.0611 Y-246.0611
G1 X163.7611 Y-246.6278
G1 X163.1944 Y-247.7611
G1 X164.3278 Y-247.1944
G1 X161.8722 Y-243.2278
G1 X163.2889 Y-241.2444
G1 X165.5556 Y-241.7167
G1 X164.7056 Y-240.6778
G1 X165.9333 Y-240.5833
G1 X166.7833 Y-242.1889
G1 X166.0278 Y-243.2278
G1 X165.3667 Y-246.4389
G1 X164.6111 Y-244.4556
G1 X164.0444 Y-245.1167
G1 X165.7444 Y-246.8167
G1 X165.4611 Y-246.4389
G1 X166.8778 Y-244.9278
G1 X167.8222 Y-243.9833
G1 X168.7667 Y-244.4556
G1 X169.1444 Y-239.6389
G1 X170.0889 Y-238.6000
G1 X169.3333 Y-237.8444
G1 X170.1833 Y-239.2611
G1 X166.5000 Y-237.1833
G1 X167.4444 Y-236.5222
G1 X165.5556 Y-236.9944
G1 X165.6500 Y-237.5611
G1 X166.0278 Y-236.9944
G1 X167.9167 Y-238.2222
G1 X168.6722 Y-240.2056
G1 X166.1222 Y-240.3944
G1 X161.4944 Y-234.6333
G1 X161.2111 Y-235.7667
G1 X159.9833 Y-235.6722
G1 X161.6833 Y-236.5222
G1 X159.6056 Y-237.2778
G1 X159.3222 Y-238.2222
G1 X161.4944 Y-237.5611
G1 X160.8333 Y-238.6944
G1 X161.1167 Y-239.2611
G1 X158.0944 Y-239.0722
G1 X157.5278 Y-238.0333
G1 X158.4722 Y-236.1444
G1 X159.3222 Y-236.2389
G1 X157.9056 Y-236.2389
G1 X156.8667 Y-238.0333
G1 X156.2056 Y-237.7500
G1 X158.9444 Y-240.7722
G1 X158.5667 Y-241.3389
G1 X154.9778 Y-237.8444
G1 X156.0167 Y-239.6389
G1 X157.2444 Y-239.9222
G1 X158.7556 Y-241.6222
G1 X159.6056 Y-241.5278
G1 X159.0389 Y-240.7722
G1 X160.2667 Y-239.3556
G1 X162.8167 Y-240.4889
G1 X161.4944 Y-243.3222
G1 X160.7389 Y-242.0944
G1 X162.3444 Y-245.2111
G1 X161.1167 Y-245.4944
G1 X159.9833 Y-246.6278
G1 X159.7944 Y-244.0778
G1 X157.4333 Y-242.9444
G1 X159.7944 Y-242.5667
G1 X157.4333 Y-243.6056
G1 X157.4333 Y-248.2333
G1 X154.0333 Y-244.7389
G1 X154.6000 Y-244.7389
G1 X152.9944 Y-243.7000
G1 X151.8611 Y-243.7000
G1 X152.4278 Y-242.0944
G1 X154.7889 Y-243.8889
G1 X153.1833 Y-241.6222
G1 X151.3889 Y-242.0944
G1 X148.8389 Y-240.9611
G1 X152.2389 Y-239.9222
G1 X154.2222 Y-239.9222
G1 X148.2722 Y-240.7722
G1 X146.0056 Y-242.1889
G1 X144.9667 Y-243.4167
G1 X145.2500 Y-241.4333
G1 X145.6278 Y-241.7167
G1 X145.6278 Y-240.9611
G1 X143.8333 Y-242.1889
G1 X143.4556 Y-241.8111
G1 X145.2500 Y-239.9222
G1 X153.0889 Y-238.4111
G1 X153.9389 Y-238.6944
G1 X153.4667 Y-237.5611
G1 X154.3167 Y-236.9000
G1 X152.9000 Y-236.9000
G1 X153.2778 Y-235.7667
G1 X154.1278 Y-236.0500
G1 X153.9389 Y-233.9722
G1 X153.5611 Y-235.6722
G1 X150.5389 Y-235.6722
G1 X150.5389 Y-233.8778
G1 X149.6889 Y-232.7444
G1 X151.4833 Y-232.4611
G1 X151.2944 Y-233.0278
G1 X152.0500 Y-231.6111
G1 X154.6944 Y-233.0278
G1 X154.6944 Y-231.9889
G1 X154.4111 Y-232.8389
G1 X151.6722 Y-230.1944
G1 X151.0111 Y-231.7056
G1 X150.1611 Y-231.9889
G1 X148.5556 Y-229.1556
G1 Z0.0000 F2500.0
G4 P0.02
G0 X148.9333 Y-241.6222 F15000.0
G1 Z11.9000 F2500.0
G4 P0.02
G1 X150.3500 Y-241.8111 F12000.0
G1 X150.9167 Y-241.5278
G1 X151.3889 Y-243.4167
G1 X151.0111 Y-243.2278
G1 X151.0111 Y-244.9278
G1 X147.1389 Y-244.0778
G1 X143.9278 Y-244.0778
G1 X144.5889 Y-242.7556
G1 X145.3444 Y-243.7000
G1 X147.2333 Y-241.9056
G1 X147.8000 Y-243.0389
G1 X149.4056 Y-243.1333
G1 X148.5556 Y-242.0000
G1 Z0.0000 F2500.0
G4 P0.02
G0 X149.6889 Y-246.1556 F15000.0
G1 Z11.9000 F2500.0
G4 P0.02
G1 X151.1056 Y-248.3278 F12000.0
G1 X148.5556 Y-251.9167
G1 X146.8556 Y-251.7278
G1 X144.5889 Y-248.8944
G1 X149.6889 Y-246.1556
G1 Z0.0000 F2500.0
G4 P0.02
G0 X164.4222 Y-249.9333 F15000.0
G1 Z11.9000 F2500.0
G4 P0.02
G1 X163.9500 Y-250.4056 F12000.0
G1 X164.4222 Y-251.0667
G1 X162.5333 Y-252.1056
G1 X160.1722 Y-251.3500
G1 X160.7389 Y-251.0667
G1 X158.4722 Y-252.0111
G1 X158.5667 Y-250.7833
G1 X157.8111 Y-252.4833
G1 X157.3389 Y-252.0111
G1 X159.1333 Y-252.6722
G1 X160.3611 Y-252.1056
G1 X163.5722 Y-252.7667
G1 X164.4222 Y-250.3111
G1 Z0.0000 F2500.0
G4 P0.02
G0 X170.8444 Y-244.6444 F15000.0
G1 Z11.9000 F2500.0
G4 P0.02
G1 X168.0111 Y-246.3444 F12000.0
G1 X170.9389 Y-244.8333
G1 X169.2389 Y-246.8167
G1 X165.4611 Y-247.7611
G1 X166.0278 Y-247.9500
G1 X162.3444 Y-248.8944
G1 X160.9278 Y-248.2333
G1 X161.5889 Y-248.9889
G1 X160.4556 Y-249.3667
G1 X160.8333 Y-250.0278
G1 X164.6111 Y-249.0833
G1 X168.1056 Y-249.0833
G1 X171.6944 Y-250.4056
G1 X172.5444 Y-247.1000
G1 X174.4333 Y-248.3278
G1 X174.3389 Y-247.1944
G1 X172.8278 Y-246.9111
G1 X172.1667 Y-245.5889
G1 X174.1500 Y-244.8333
G1 X172.0722 Y-245.5889
G1 X171.1278 Y-247.1000
G1 X170.1833 Y-246.6278
G1 X171.2222 Y-245.0222
G1 Z0.0000 F2500.0
G4 P0.02
G0 X173.1111 Y-240.1111 F15000.0
G1 Z11.9000 F2500.0
G4 P0.02
G1 X172.2611 Y-241.3389 F12000.0
G1 X172.5444 Y-242.8500
G1 X170.3722 Y-242.7556
G1 X170.6556 Y-243.8889
G1 X171.8833 Y-242.8500
G1 X172.5444 Y-243.2278
G1 X172.3556 Y-244.1722
G1 X173.3000 Y-243.3222
G1 X173.2056 Y-241.5278
G1 X174.1500 Y-241.3389
G1 X172.4500 Y-241.0556
G1 X174.3389 Y-240.3944
G1 X173.4889 Y-240.1111
G1 Z0.0000 F2500.0
G4 P0.02
G0 X170.0889 Y-232.1778 F15000.0
G1 Z11.9000 F2500.0
G4 P0.02
G1 X171.3167 Y-232.5556 F12000.0
G1 X171.4111 Y-233.5944
G1 X170.2778 Y-234.2556
G1 X171.5056 Y-236.0500
G1 X173.4889 Y-236.6167
G1 X174.0556 Y-237.6556
G1 X172.0722 Y-237.3722
G1 X171.4111 Y-238.4111
G1 X173.3944 Y-239.1667
G1 X172.0722 Y-239.1667
G1 X170.9389 Y-240.4889
G1 X172.0722 Y-239.0722
G1 X171.5056 Y-237.9389
G1 X173.3000 Y-236.5222
G1 X171.5056 Y-236.2389
G1 X170.9389 Y-236.6167
G1 X170.1833 Y-234.1611
G1 X169.5222 Y-235.1056
G1 X170.9389 Y-232.3667
G1 X169.7111 Y-232.1778
G1 Z0.0000 F2500.0
G4 P0.02
G0 X172.7333 Y-225.3778 F15000.0
G1 Z11.9000 F2500.0
G4 P0.02
G1 X174.0556 Y-227.0778 F12000.0
G1 X174.4333 Y-226.7944
G1 X174.3389 Y-228.2111
G1 X173.7722 Y-228.8722
G1 X174.4333 Y-229.4389
G1 X174.0556 Y-232.2722
G1 X173.3944 Y-231.6111
G1 X172.8278 Y-230.3833
G1 X172.0722 Y-230.9500
G1 X172.0722 Y-231.6111
G1 X171.7889 Y-230.7611
G1 X170.6556 Y-230.2889
G1 X171.1278 Y-229.3444
G1 X171.4111 Y-230.4778
G1 X174.0556 Y-229.6278
G1 X173.2056 Y-228.9667
G1 X172.6389 Y-229.3444
G1 X173.6778 Y-226.9833
G1 X173.0167 Y-226.4167
G1 X172.8278 Y-226.8889
G1 X172.3556 Y-225.0000
G1 Z0.0000 F2500.0
G4 P0.02
G0 X171.6000 Y-217.0667 F15000.0
G1 Z11.9000 F2500.0
G4 P0.02
G1 X173.1111 Y-218.7667 F12000.0
G1 X169.6167 Y-219.5222
G1 X171.2222 Y-220.0889
G1 X167.2556 Y-218.0111
G1 X166.9722 Y-219.1444
G1 X165.9333 Y-218.6722
G1 X171.2222 Y-216.6889
G1 Z0.0000 F2500.0
G4 P0.02
G0 X168.2000 Y-211.0222 F15000.0
G1 Z11.9000 F2500.0
G4 P0.02
G1 X171.4111 Y-213.0056 F12000.0
G1 X171.9778 Y-211.8722
G1 X172.5444 Y-212.3444
G1 X171.6944 Y-212.3444
G1 X173.3944 Y-212.9111
G1 X174.1500 Y-212.0611
G1 X174.1500 Y-214.8000
G1 X172.8278 Y-216.2167
G1 X173.0167 Y-216.7833
G1 X172.1667 Y-214.8000
G1 X172.5444 Y-215.5556
G1 X173.5833 Y-214.2333
G1 X173.3944 Y-213.4778
G1 X170.4667 Y-212.9111
G1 X169.0500 Y-212.2500
G1 X168.6722 Y-213.8556
G1 X170.7500 Y-214.6111
G1 X169.2389 Y-215.9333
G1 X167.7278 Y-213.5722
G1 X168.8611 Y-212.4389
G1 X168.2000 Y-210.6444
G1 Z0.0000 F2500.0
G4 P0.02
G0 X167.8222 Y-211.0222 F15000.0
G1 Z11.9000 F2500.0
G4 P0.02
G1 X170.3722 Y-210.4556 F12000.0
G1 X173.9611 Y-211.6833
G1 X173.8667 Y-212.8167
G1 X171.8833 Y-213.6667
G1 X168.1056 Y-212.1556
G1 X167.8222 Y-211.0222
G1 Z0.0000 F2500.0
G4 P0.02
G0 X170.1819 Y-210.0110 F15000.0
G1 Z11.9000 F2500.0
G4 P0.02
G1 X158.9644 Y-208.1129 F12000.0
G1 Z0.0000 F2500.0
G4 P0.02
G0 X159.5111 Y-210.6444 F15000.0
G1 Z11.9000 F2500.0
G4 P0.02
G1 X164.5167 Y-212.7222 F12000.0
G1 X163.9500 Y-213.1000
G1 X165.0833 Y-212.8167
G1 X164.6111 Y-214.1389
G1 X165.5556 Y-213.4778
G1 X167.6333 Y-212.6278
G1 X166.6889 Y-211.9667
G1 X167.3500 Y-212.8167
G1 X165.4611 Y-213.1944
G1 X163.0056 Y-211.5889
G1 X159.8889 Y-211.0222
G1 Z0.0000 F2500.0
G4 P0.02
G0 X155.7333 Y-214.8000 F15000.0
G1 Z11.9000 F2500.0
G4 P0.02
G1 X157.3389 Y-214.4222 F12000.0
G1 X159.1333 Y-215.3667
G1 X160.8333 Y-215.1778
G1 X162.5333 Y-216.8778
G1 X159.0389 Y-218.0111
G1 X155.7333 Y-214.8000
G1 Z0.0000 F2500.0
G4 P0.02
G0 X154.2222 Y-208.3778 F15000.0
G1 Z11.9000 F2500.0
G4 P0.02
G1 X156.0167 Y-209.9833 F12000.0
G1 X153.4667 Y-210.2667
G1 X152.7111 Y-211.0222
G1 X155.9222 Y-211.4000
G1 X156.2056 Y-212.9111
G1 X156.4889 Y-212.0611
G1 X157.0556 Y-213.4778
G1 X158.9444 Y-213.3833
G1 X159.1333 Y-214.8000
G1 X158.3778 Y-214.7056
G1 X159.3222 Y-214.0444
G1 X158.5667 Y-213.1944
G1 X157.3389 Y-213.8556
G1 X152.9000 Y-211.8722
G1 X151.0111 Y-211.8722
G1 X150.6333 Y-211.3056
G1 X147.3278 Y-211.8722
G1 X151.0111 Y-211.2111
G1 X151.7667 Y-211.4944
G1 X153.5611 Y-209.6056
G1 X152.9944 Y-208.9444
G1 X154.4111 Y-208.5667
G1 X153.8444 Y-208.0000
G1 Z0.0000 F2500.0
G4 P0.02
G0 X159.8889 Y-201.5778 F15000.0
G1 Z11.9000 F2500.0
G4 P0.02
G1 X160.9278 Y-203.3722 F12000.0
G1 X160.3611 Y-205.0722
G1 X160.4556 Y-202.5222
G1 X159.0389 Y-206.0167
G1 X162.3444 Y-207.0556
G1 X162.5333 Y-206.3000
G1 X161.4000 Y-205.3556
G1 X161.4944 Y-204.4111
G1 X162.2500 Y-205.9222
G1 X163.6667 Y-205.8278
G1 X162.1556 Y-207.2444
G1 X157.0556 Y-206.6778
G1 X159.8889 Y-208.2833
G1 X159.8889 Y-208.8500
G1 X158.8500 Y-207.3389
G1 X157.5278 Y-207.1500
G1 X154.7889 Y-204.5056
G1 X155.4500 Y-204.6944
G1 X154.8833 Y-204.8833
G1 X157.0556 Y-205.8278
G1 X159.1333 Y-204.3167
G1 X160.0778 Y-202.1444
G1 X158.9444 Y-201.7667
G1 X159.5111 Y-201.2000
G1 Z0.0000 F2500.0
G4 P0.02
G0 X164.0444 Y-201.5778 F15000.0
G1 Z11.9000 F2500.0
G4 P0.02
G1 X164.7056 Y-203.3722 F12000.0
G1 X167.7278 Y-203.4667
G1 X169.2389 Y-204.7889
G1 X168.1056 Y-205.6389
G1 X173.6778 Y-206.6778
G1 X171.4111 Y-209.3222
G1 X170.3722 Y-208.1889
G1 X170.2778 Y-211.3056
G1 X169.5222 Y-209.0389
G1 X169.1444 Y-209.7944
G1 X169.9000 Y-210.7389
G1 X169.0500 Y-210.7389
G1 X170.9389 Y-211.3056
G1 X171.5056 Y-210.0778
G1 X174.1500 Y-210.9278
G1 X171.6000 Y-209.7944
G1 X174.4333 Y-207.5278
G1 X174.4333 Y-206.5833
G1 X173.3000 Y-205.9222
G1 X170.5611 Y-205.1667
G1 X169.3333 Y-203.8444
G1 X164.9889 Y-202.9944
G1 X164.4222 Y-201.5778
G1 Z0.0000 F2500.0
G4 P0.02
G0 X164.0444 Y-219.7111 F15000.0
G1 Z11.9000 F2500.0
G4 P0.02
G1 X165.4611 Y-220.3722 F12000.0
G1 X165.7444 Y-221.0333
G1 X167.5389 Y-220.7500
G1 X167.2556 Y-223.0167
G1 X168.1056 Y-223.3000
G1 X166.0278 Y-224.0556
G1 X164.3278 Y-225.1889
G1 X164.8944 Y-226.7944
G1 X163.8556 Y-227.2667
G1 X163.1000 Y-225.1889
G1 X163.0056 Y-226.1333
G1 X160.2667 Y-227.0778
G1 X159.0389 Y-226.7944
G1 X158.6611 Y-227.2667
G1 X157.4333 Y-225.1889
G1 X159.2278 Y-225.0000
G1 X161.2111 Y-225.8500
G1 X158.9444 Y-224.7167
G1 X158.9444 Y-222.9222
G1 X158.1889 Y-223.2056
G1 X158.1889 Y-221.7889
G1 X159.7944 Y-222.5444
G1 X160.3611 Y-224.8111
G1 X162.0611 Y-224.4333
G1 X161.4944 Y-224.7167
G1 X160.8333 Y-223.6778
G1 X160.9278 Y-221.1278
G1 X159.7000 Y-220.6556
G1 X162.9111 Y-219.9944
G1 X163.8556 Y-220.6556
G1 X163.6667 Y-219.7111
G1 Z0.0000 F2500.0
G4 P0.02
G0 X162.1556 Y-226.5111 F15000.0
G1 Z11.9000 F2500.0
G4 P0.02
G1 X162.8167 Y-226.4167 F12000.0
G1 X163.5722 Y-228.8722
G1 X167.3500 Y-230.1944
G1 X166.7833 Y-230.7611
G1 X164.9889 Y-229.9111
G1 X161.8722 Y-229.2500
G1 X162.0611 Y-228.7778
G1 X161.8722 Y-229.5333
G1 X164.7056 Y-230.4778
G1 X163.4778 Y-231.2333
G1 X162.8167 Y-230.9500
G1 X161.7778 Y-231.6111
G1 X160.2667 Y-231.3278
G1 X162.3444 Y-232.3667
G1 X159.4167 Y-232.0833
G1 X158.3778 Y-230.2889
G1 X159.1333 Y-229.4389
G1 X157.9056 Y-230.0056
G1 X158.4722 Y-228.0222
G1 X161.3056 Y-228.1167
G1 X161.7778 Y-226.8889
G1 Z0.0000 F2500.0
G4 P0.02
G0 X134.9556 Y-211.4000 F15000.0
G1 Z11.9000 F2500.0
G4 P0.02
G1 X136.3722 Y-212.0611 F12000.0
G1 X136.9389 Y-213.9500
G1 X135.8056 Y-214.6111
G1 X134.3889 Y-213.0056
G1 X134.6722 Y-213.8556
G1 X131.8389 Y-213.1000
G1 X131.7444 Y-214.4222
G1 X130.7056 Y-213.5722
G1 X131.8389 Y-211.4944
G1 X133.4444 Y-212.2500
G1 X134.5778 Y-211.4000
G1 Z0.0000 F2500.0
G4 P0.02
G0 X131.1778 Y-209.5111 F15000.0
G1 Z11.9000 F2500.0
G4 P0.02
G1 X133.7278 Y-207.2444 F12000.0
G1 X135.5222 Y-206.5833
G1 X139.7722 Y-207.7167
G1 X139.4889 Y-209.3222
G1 X134.7667 Y-209.7944
G1 X137.7889 Y-210.2667
G1 X139.8667 Y-213.1000
G1 X139.0167 Y-213.8556
G1 X134.5778 Y-211.8722
G1 X131.1778 Y-210.3611
G1 X131.1778 Y-209.5111
G1 Z0.0000 F2500.0
G4 P0.02
G0 X135.3333 Y-206.4889 F15000.0
G1 Z11.9000 F2500.0
G4 P0.02
G1 X134.1056 Y-207.6222 F12000.0
G1 X137.0333 Y-208.5667
G1 X135.5222 Y-207.8111
G1 X139.2056 Y-207.5278
G1 X141.1889 Y-209.1333
G1 X138.8278 Y-207.4333
G1 X135.7111 Y-206.8667
G1 Z0.0000 F2500.0
G4 P0.02
G0 X129.6667 Y-188.3556 F15000.0
G1 Z11.9000 F2500.0
G4 P0.02
G1 X137.2222 Y-189.3944 F12000.0
G1 X134.8611 Y-193.4556
G1 X134.1056 Y-192.9833
G1 X135.5222 Y-192.7000
G1 X135.1444 Y-191.6611
G1 X135.5222 Y-192.2278
G1 X136.8444 Y-190.2444
G1 X136.4667 Y-189.2056
G1 X133.9167 Y-188.5444
G1 X132.8778 Y-192.6056
G1 X134.7667 Y-197.4222
G1 X133.1611 Y-198.6500
G1 X132.8778 Y-199.9722
G1 X130.6111 Y-200.2556
G1 X131.7444 Y-201.8611
G1 X130.8944 Y-204.1278
G1 X130.1389 Y-201.6722
G1 X128.7222 Y-204.1278
G1 X129.5722 Y-204.6944
G1 X127.7778 Y-206.5833
G1 X132.5944 Y-209.7944
G1 X131.7444 Y-210.9278
G1 X132.8778 Y-211.4944
G1 X134.3889 Y-210.1722
G1 X133.2556 Y-210.7389
G1 X133.6333 Y-212.1556
G1 X135.9000 Y-209.3222
G1 X135.8056 Y-210.0778
G1 X139.9611 Y-212.6278
G1 X137.2222 Y-211.4000
G1 X138.0722 Y-214.5167
G1 X137.9778 Y-213.1000
G1 X139.3000 Y-214.5167
G1 X139.6778 Y-213.9500
G1 X139.7722 Y-215.7444
G1 X138.8278 Y-215.3667
G1 X138.4500 Y-214.6111
G1 X137.6944 Y-215.2722
G1 X136.5611 Y-214.6111
G1 X136.0889 Y-215.5556
G1 X138.2611 Y-216.8778
G1 X137.8833 Y-218.3889
G1 X135.6167 Y-217.1611
G1 X134.3889 Y-217.6333
G1 X136.0889 Y-218.2000
G1 X134.3889 Y-217.3500
G1 X136.5611 Y-216.1222
G1 X134.8611 Y-214.2333
G1 X132.5000 Y-214.6111
G1 X132.9722 Y-216.2167
G1 X133.9167 Y-216.0278
G1 X132.7833 Y-215.7444
G1 X132.2167 Y-214.6111
G1 X131.2722 Y-215.3667
G1 X130.7056 Y-212.2500
G1 X131.4611 Y-210.7389
G1 X130.5167 Y-208.3778
G1 X128.1556 Y-207.4333
G1 X127.2111 Y-208.2833
G1 X128.9111 Y-210.0778
G1 X128.0611 Y-210.8333
G1 X130.1389 Y-215.6500
G1 X130.3278 Y-215.0833
G1 X130.5167 Y-218.1056
G1 X129.3833 Y-218.3889
G1 X131.0833 Y-219.0500
G1 X131.6500 Y-217.9167
G1 X134.2000 Y-219.5222
G1 X135.4278 Y-219.9000
G1 X133.8222 Y-219.9944
G1 X134.2944 Y-221.8833
G1 X133.6333 Y-222.9222
G1 X133.5389 Y-223.6778
G1 X134.3889 Y-221.4111
G1 X130.8944 Y-221.4111
G1 X130.6111 Y-223.7722
G1 X130.7056 Y-221.0333
G1 X133.2556 Y-220.9389
G1 X132.9722 Y-219.1444
G1 X132.2167 Y-219.5222
G1 X132.7833 Y-218.7667
G1 X131.6500 Y-218.5778
G1 X130.9889 Y-219.9000
G1 X128.3444 Y-219.1444
G1 X128.2500 Y-221.1278
G1 X129.4778 Y-221.8833
G1 X128.7222 Y-222.8278
G1 X128.7222 Y-224.1500
G1 X127.9667 Y-222.8278
G1 X125.5111 Y-221.8833
G1 X122.0167 Y-218.0111
G1 X120.7889 Y-218.3889
G1 X121.5444 Y-216.1222
G1 X119.5611 Y-215.2722
G1 X118.2389 Y-216.2167
G1 X119.4667 Y-214.9889
G1 X120.8833 Y-215.1778
G1 X121.8278 Y-216.0278
G1 X121.6389 Y-214.7056
G1 X119.3722 Y-212.6278
G1 X119.9389 Y-212.0611
G1 X115.5000 Y-204.7889
G1 X115.4056 Y-207.1500
G1 X113.6111 Y-205.8278
G1 X114.2722 Y-206.9611
G1 X114.6500 Y-206.3000
G1 X115.5000 Y-206.5833
G1 X115.6889 Y-203.7500
G1 X113.9889 Y-201.2000
G1 X118.4278 Y-208.1889
G1 X116.8222 Y-203.1833
G1 X115.7833 Y-201.8611
G1 X115.7833 Y-200.1611
G1 X115.1222 Y-199.4056
G1 X116.2556 Y-201.3889
G1 X116.1611 Y-202.3333
G1 X117.3889 Y-203.5611
G1 X117.1056 Y-204.4111
G1 X118.2389 Y-205.6389
G1 X119.6556 Y-204.5056
G1 X120.6944 Y-206.2056
G1 X124.0944 Y-205.6389
G1 X123.4333 Y-208.1889
G1 X124.0944 Y-208.0000
G1 X124.0944 Y-209.3222
G1 X121.7333 Y-212.2500
G1 X120.6944 Y-212.8167
G1 X121.1667 Y-213.4778
G1 X124.1889 Y-212.7222
G1 X123.9056 Y-214.1389
G1 X127.1167 Y-214.8944
G1 X128.5333 Y-216.2167
G1 X125.7944 Y-219.9944
G1 X128.2500 Y-219.2389
G1 X130.5167 Y-216.5944
G1 X128.6278 Y-214.3278
G1 X128.3444 Y-212.7222
G1 X127.9667 Y-213.1000
G1 X128.0611 Y-210.4556
G1 X128.7222 Y-209.7000
G1 X126.6444 Y-208.9444
G1 X125.8889 Y-209.6056
G1 X127.0222 Y-210.4556
G1 X125.4167 Y-211.6833
G1 X124.0944 Y-211.0222
G1 X124.5667 Y-210.1722
G1 X125.3222 Y-210.8333
G1 X125.7944 Y-208.1889
G1 X127.7778 Y-206.7722
G1 X126.4556 Y-204.6944
G1 X125.6056 Y-206.7722
G1 X125.7000 Y-202.4278
G1 X124.4722 Y-204.0333
G1 X123.9056 Y-202.9000
G1 X127.4944 Y-202.6167
G1 X126.3611 Y-202.6167
G1 X127.4000 Y-203.3722
G1 X126.1722 Y-203.4667
G1 X126.3611 Y-204.7889
G1 X127.6833 Y-204.5056
G1 X128.6278 Y-205.0722
G1 X129.6667 Y-202.1444
G1 X130.3278 Y-201.8611
G1 X131.2722 Y-202.4278
G1 X130.9889 Y-201.0111
G1 X126.3611 Y-199.6889
G1 X130.3278 Y-200.5389
G1 X131.6500 Y-199.7833
G1 X133.3500 Y-199.5000
G1 X130.5167 Y-197.8000
G1 X132.5000 Y-198.9333
G1 X133.3500 Y-197.5167
G1 X134.4833 Y-197.5167
G1 X132.8778 Y-191.0944
G1 X133.1611 Y-188.4500
G1 X129.2889 Y-188.3556
G1 Z0.0000 F2500.0
G4 P0.02
G0 X133.0667 Y-184.2000 F15000.0
G1 Z11.9000 F2500.0
G4 P0.02
G1 X134.4833 Y-184.7667 F12000.0
G1 X143.8333 Y-189.3944
G1 X147.1389 Y-193.5500
G1 X148.5556 Y-193.0778
G1 X145.6278 Y-193.5500
G1 X150.2556 Y-198.2722
G1 X150.6333 Y-196.8556
G1 X154.4111 Y-198.0833
G1 X159.3222 Y-198.0833
G1 X158.0944 Y-196.8556
G1 X157.5278 Y-197.2333
G1 X158.0944 Y-196.3833
G1 X154.0333 Y-196.4778
G1 X154.2222 Y-195.6278
G1 X152.9944 Y-195.1556
G1 X152.4278 Y-196.2889
G1 X149.1222 Y-194.4944
G1 X150.1611 Y-194.4000
G1 X151.2944 Y-196.1000
G1 X152.6167 Y-195.6278
G1 X151.8611 Y-194.4000
G1 X156.0167 Y-195.9111
G1 X154.0333 Y-196.8556
G1 X157.5278 Y-196.3833
G1 X158.0944 Y-195.2500
G1 X152.3333 Y-193.2667
G1 X147.8944 Y-191.3778
G1 X146.6667 Y-191.3778
G1 X152.9000 Y-192.9833
G1 X153.3722 Y-192.1333
G1 X153.6556 Y-193.5500
G1 X154.3167 Y-191.0000
G1 X153.7500 Y-190.2444
G1 X154.8833 Y-193.7389
G1 X158.5667 Y-195.6278
G1 X159.7944 Y-198.1778
G1 X160.3611 Y-198.1778
G1 X158.3778 Y-198.7444
G1 X155.2611 Y-198.4611
G1 X156.7722 Y-199.5944
G1 X153.6556 Y-198.4611
G1 X152.2389 Y-199.2167
G1 X152.8056 Y-198.8389
G1 X151.3889 Y-197.5167
G1 X149.2167 Y-199.7833
G1 X149.8778 Y-198.6500
G1 X145.4389 Y-198.0833
G1 X146.4778 Y-196.4778
G1 X144.0222 Y-195.1556
G1 X142.0389 Y-192.2278
G1 X138.5444 Y-191.8500
G1 X144.2111 Y-192.7944
G1 X143.8333 Y-192.6056
G1 X144.5889 Y-192.3222
G1 X142.7944 Y-192.0389
G1 X143.0778 Y-193.4556
G1 X145.7222 Y-193.0778
G1 X143.0778 Y-188.9222
G1 X132.9722 Y-184.6722
G1 X132.6889 Y-183.8222
G1 Z0.0000 F2500.0
G4 P0.02
G0 X147.8000 Y-188.7333 F15000.0
G1 Z11.9000 F2500.0
G4 P0.02
G1 X147.2333 Y-190.4333 F12000.0
G1 X145.9111 Y-190.3389
G1 X149.9722 Y-190.3389
G1 X151.1056 Y-188.8278
G1 X152.8056 Y-190.1500
G1 X149.8778 Y-189.0167
G1 X147.8944 Y-189.5833
G1 X148.1778 Y-188.7333
G1 Z0.0000 F2500.0
G4 P0.02
G0 X111.1556 Y-164.5556 F15000.0
G1 Z11.9000 F2500.0
G4 P0.02
G1 X118.9000 Y-169.5611 F12000.0
G1 X118.9944 Y-170.3167
G1 X130.8000 Y-175.2278
G1 X136.8444 Y-176.4556
G1 X142.2278 Y-175.4167
G1 X140.1500 Y-174.7556
G1 X137.7889 Y-171.0722
G1 X135.5222 Y-170.5056
G1 X138.4500 Y-171.5444
G1 X140.1500 Y-174.6611
G1 X143.0778 Y-174.8500
G1 X142.7944 Y-175.4167
G1 X148.5556 Y-175.7000
G1 X143.2667 Y-176.0778
G1 X146.4778 Y-177.0222
G1 X147.2333 Y-177.9667
G1 X147.9889 Y-176.9278
G1 X149.5944 Y-176.2667
G1 X149.4056 Y-175.4167
G1 X149.9722 Y-176.0778
G1 X151.6722 Y-175.7944
G1 X150.2556 Y-176.0778
G1 X151.2000 Y-177.1167
G1 X149.9722 Y-176.4556
G1 X147.9889 Y-177.9667
G1 X149.7833 Y-178.9111
G1 X146.1944 Y-177.4944
G1 X142.1333 Y-175.9833
G1 X134.5778 Y-176.1722
G1 X121.2611 Y-171.6389
G1 X110.7778 Y-164.1778
G1 Z0.0000 F2500.0
G4 P0.02
G0 X91.8889 Y-162.2889 F15000.0
G1 Z11.9000 F2500.0
G4 P0.02
G1 X94.0611 Y-177.0222 F12000.0
G1 X91.8889 Y-161.9111
G1 Z0.0000 F2500.0
G4 P0.02
G0 X86.2222 Y-165.3111 F15000.0
G1 Z11.9000 F2500.0
G4 P0.02
G1 X87.4500 Y-184.2000 F12000.0
G1 X92.2667 Y-194.3056
G1 X87.7333 Y-184.7667
G1 X86.6000 Y-177.2111
G1 X86.2222 Y-165.6889
G1 Z0.0000 F2500.0
G4 P0.02
G0 X82.5005 Y-161.8195 F15000.0
G1 Z11.9000 F2500.0
G4 P0.02
G1 X79.3452 Y-172.8556 F12000.0
G1 Z0.0000 F2500.0
G4 P0.02
G0 X77.2624 Y-175.5341 F15000.0
G1 Z11.9000 F2500.0
G4 P0.02
G1 X82.0659 Y-169.3075 F12000.0
G1 Z0.0000 F2500.0
G4 P0.02
G0 X84.3333 Y-177.7778 F15000.0
G1 Z11.9000 F2500.0
G4 P0.02
G1 X86.3167 Y-190.0556 F12000.0
G1 X84.2389 Y-185.1444
G1 X83.2944 Y-181.0833
G1 X86.1278 Y-190.3389
G1 X88.2056 Y-192.9833
G1 X86.4111 Y-188.4500
G1 X84.3333 Y-178.1556
G1 Z0.0000 F2500.0
G4 P0.02
G0 X73.3778 Y-171.7333 F15000.0
G1 Z11.9000 F2500.0
G4 P0.02
G1 X74.5111 Y-173.4333 F12000.0
G1 X69.4111 Y-179.1000
G1 X68.7500 Y-179.1000
G1 X69.6000 Y-180.8000
G1 X68.7500 Y-182.0278
G1 X63.7444 Y-181.4611
G1 X62.0444 Y-179.4778
G1 X63.9333 Y-173.2444
G1 X69.8833 Y-171.5444
G1 X73.3778 Y-171.7333
G1 Z0.0000 F2500.0
G4 P0.02
G0 X69.9778 Y-171.3556 F15000.0
G1 Z11.9000 F2500.0
G4 P0.02
G1 X74.8889 Y-173.0556 F12000.0
G1 X73.0944 Y-175.4167
G1 X74.7000 Y-176.0778
G1 X74.4167 Y-175.4167
G1 X76.8722 Y-175.9833
G1 X74.7000 Y-176.3611
G1 X73.9444 Y-180.8944
G1 X68.9389 Y-189.8667
G1 X67.9000 Y-193.0778
G1 X69.5056 Y-195.6278
G1 X69.7889 Y-198.7444
G1 X71.9611 Y-199.5000
G1 X69.4111 Y-198.3667
G1 X69.0333 Y-194.4944
G1 X67.9000 Y-193.1722
G1 X68.9389 Y-189.7722
G1 X74.4167 Y-179.1000
G1 X74.4167 Y-176.4556
G1 X73.4722 Y-176.0778
G1 X70.0722 Y-179.1944
G1 X69.4111 Y-180.5167
G1 X70.2611 Y-178.5333
G1 X71.6778 Y-177.9667
G1 X74.4167 Y-172.5833
G1 X69.6000 Y-171.4500
G1 X65.3500 Y-172.4889
G1 X62.6111 Y-175.7000
G1 X62.4222 Y-178.8167
G1 X63.1778 Y-179.3833
G1 X66.7667 Y-174.9444
G1 X66.0111 Y-174.6611
G1 X65.6333 Y-175.2278
G1 X69.0333 Y-172.9611
G1 X65.2556 Y-177.9667
G1 X65.6333 Y-178.3444
G1 X70.0722 Y-173.3389
G1 X64.8778 Y-180.8944
G1 X66.8611 Y-179.1944
G1 X64.8778 Y-180.8944
G1 X65.6333 Y-178.3444
G1 X64.5944 Y-178.3444
G1 X62.8944 Y-179.6667
G1 X61.7611 Y-178.8167
G1 X61.6667 Y-182.0278
G1 X62.4222 Y-183.7278
G1 X68.9389 Y-187.2222
G1 X61.7611 Y-184.1056
G1 X58.5500 Y-190.8111
G1 X59.1167 Y-190.0556
G1 X57.7944 Y-190.0556
G1 X51.8444 Y-203.3722
G1 X50.6167 Y-208.5667
G1 X52.2222 Y-217.8222
G1 X58.6444 Y-223.7722
G1 X66.3889 Y-221.5056
G1 X67.7111 Y-222.6389
G1 X66.8611 Y-229.7222
G1 X67.4278 Y-221.3167
G1 X60.5333 Y-223.2056
G1 X57.0389 Y-223.0167
G1 X52.8833 Y-219.6167
G1 X51.4667 Y-215.9333
G1 X50.6167 Y-206.0167
G1 X57.3222 Y-190.2444
G1 X58.8333 Y-189.0167
G1 X57.3222 Y-187.3167
G1 X57.1333 Y-189.1111
G1 X54.9611 Y-187.6944
G1 X54.5833 Y-186.7500
G1 X50.9000 Y-187.0333
G1 X52.5056 Y-187.7889
G1 X53.4500 Y-187.5056
G1 X54.4889 Y-189.2056
G1 X52.2222 Y-190.9056
G1 X52.5056 Y-192.0389
G1 X53.6389 Y-191.5667
G1 X52.1278 Y-191.5667
G1 X51.3722 Y-189.9611
G1 X50.1444 Y-190.5278
G1 X50.4278 Y-191.0944
G1 X49.1056 Y-189.8667
G1 X49.7667 Y-188.6389
G1 X50.5222 Y-189.0167
G1 X49.1056 Y-189.9611
G1 X52.8833 Y-189.6778
G1 X52.5056 Y-188.9222
G1 X54.5833 Y-188.9222
G1 X53.0722 Y-187.4111
G1 X50.7111 Y-187.0333
G1 X55.3389 Y-185.9000
G1 X56.1889 Y-186.0889
G1 X57.2278 Y-185.6167
G1 X55.4333 Y-187.6944
G1 X56.1889 Y-188.9222
G1 X57.2278 Y-187.1278
G1 X57.8889 Y-187.1278
G1 X58.6444 Y-188.4500
G1 X59.4000 Y-188.5444
G1 X61.8556 Y-182.9722
G1 X60.7222 Y-180.4222
G1 X57.5111 Y-182.5000
G1 X58.4556 Y-181.7444
G1 X58.0778 Y-181.3667
G1 X59.4000 Y-181.3667
G1 X61.4778 Y-179.5722
G1 X61.1944 Y-179.1000
G1 X61.7611 Y-177.6833
G1 X59.9667 Y-178.3444
G1 X60.3444 Y-176.2667
G1 X61.5722 Y-175.6056
G1 X60.6278 Y-177.2111
G1 X62.2333 Y-177.4000
G1 X63.3667 Y-173.8111
G1 X66.2000 Y-171.9222
G1 X69.6000 Y-171.3556
G1 Z0.0000 F2500.0
G4 P0.02
G0 X69.0156 Y-161.3319 F15000.0
G1 Z11.9000 F2500.0
G4 P0.02
G1 X58.3083 Y-157.1574 F12000.0
G1 Z0.0000 F2500.0
G4 P0.02
G0 X64.4372 Y-156.0359 F15000.0
G1 Z11.9000 F2500.0
G4 P0.02
G1 X75.6467 Y-155.4777 F12000.0
G1 Z0.0000 F2500.0
G4 P0.02
G0 X77.5333 Y-153.9778 F15000.0
G1 Z11.9000 F2500.0
G4 P0.02
G1 X79.8944 Y-155.0167 F12000.0
G1 X78.1944 Y-154.9222
G1 X80.1778 Y-156.0556
G1 X79.0444 Y-159.1722
G1 X77.0611 Y-159.3611
G1 X79.2333 Y-159.3611
G1 X79.8944 Y-158.7944
G1 X78.4778 Y-166.1611
G1 X77.4389 Y-168.5222
G1 X75.9278 Y-169.5611
G1 X75.9278 Y-171.0722
G1 X76.4944 Y-171.0722
G1 X75.8333 Y-169.9389
G1 X77.5333 Y-168.5222
G1 X79.8944 Y-154.5444
G1 X77.9111 Y-153.9778
G1 Z0.0000 F2500.0
G4 P0.02
G0 X86.2222 Y-152.4667 F15000.0
G1 Z11.9000 F2500.0
G4 P0.02
G1 X86.1278 Y-153.7889 F12000.0
G1 X85.0889 Y-155.1111
G1 X85.9389 Y-153.4111
G1 X83.4833 Y-157.5667
G1 X82.4444 Y-158.0389
G1 X78.2889 Y-173.4333
G1 X78.2889 Y-175.3222
G1 X79.5167 Y-167.1056
G1 X82.8222 Y-156.8111
G1 X86.6000 Y-152.0889
G1 Z0.0000 F2500.0
G4 P0.02
G0 X88.4889 Y-146.0444 F15000.0
G1 Z11.9000 F2500.0
G4 P0.02
G1 X90.6611 Y-147.4611 F12000.0
G1 X96.8944 Y-149.0667
G1 X101.1444 Y-151.3333
G1 X102.5611 Y-151.3333
G1 X103.7889 Y-150.3889
G1 X101.1444 Y-150.2944
G1 X103.0333 Y-151.1444
G1 X102.6556 Y-151.5222
G1 X93.6833 Y-147.2722
G1 X90.0000 Y-147.1778
G1 X88.8667 Y-146.0444
G1 Z0.0000 F2500.0
G4 P0.02
G0 X76.6005 Y-139.9262 F15000.0
G1 Z11.9000 F2500.0
G4 P0.02
G1 X63.6752 Y-135.5234 F12000.0
G1 Z0.0000 F2500.0
G4 P0.02
G0 X77.2161 Y-136.4517 F15000.0
G1 Z11.9000 F2500.0
G4 P0.02
G1 X81.8818 Y-123.8906 F12000.0
G1 Z0.0000 F2500.0
G4 P0.02
G0 X100.5778 Y-98.0667 F15000.0
G1 Z11.9000 F2500.0
G4 P0.02
G1 X98.9722 Y-99.0111 F12000.0
G1 X97.2722 Y-99.0111
G1 X99.8222 Y-100.2389
G1 X104.5444 Y-99.7667
G1 X103.5056 Y-99.1056
G1 X106.9056 Y-98.2556
G1 X100.9556 Y-98.0667
G1 Z0.0000 F2500.0
G4 P0.02
G0 X102.4667 Y-85.9778 F15000.0
G1 Z11.9000 F2500.0
G4 P0.02
G1 X99.5389 Y-87.7722 F12000.0
G1 X99.9167 Y-88.3389
G1 X102.1833 Y-86.3556
G1 X104.5444 Y-86.9222
G1 X105.3000 Y-86.6389
G1 X105.5833 Y-88.8111
G1 X99.2556 Y-90.6056
G1 X95.4778 Y-90.7000
G1 X98.4056 Y-90.4167
G1 X99.2556 Y-91.3611
G1 X96.2333 Y-91.8333
G1 X96.2333 Y-91.3611
G1 X94.3444 Y-92.1167
G1 X94.3444 Y-93.8167
G1 X98.8778 Y-91.7389
G1 X101.4278 Y-91.6444
G1 X105.6778 Y-89.9444
G1 X107.9444 Y-88.3389
G1 X111.1556 Y-90.0389
G1 X112.0056 Y-89.8500
G1 X110.8722 Y-89.7556
G1 X109.3611 Y-88.5278
G1 X106.0556 Y-88.4333
G1 X105.1111 Y-86.4500
G1 X102.8444 Y-85.9778
G1 Z0.0000 F2500.0
G4 P0.02
G0 X93.0222 Y-83.7111 F15000.0
G1 Z11.9000 F2500.0
G4 P0.02
G1 X102.0889 Y-84.5611 F12000.0
G1 X105.3000 Y-84.1833
G1 X111.5333 Y-85.5056
G1 X105.7722 Y-84.8444
G1 X103.5056 Y-83.9944
G1 X97.4611 Y-86.3556
G1 X97.5556 Y-87.5833
G1 X98.7833 Y-88.2444
G1 X98.8778 Y-88.9056
G1 X97.9333 Y-87.7722
G1 X96.5167 Y-88.4333
G1 X95.9500 Y-88.0556
G1 X97.3667 Y-88.0556
G1 X97.2722 Y-86.1667
G1 X94.7222 Y-86.8278
G1 X93.2111 Y-85.4111
G1 X91.7000 Y-85.7889
G1 X90.0000 Y-88.0556
G1 X90.8500 Y-89.0944
G1 X92.9278 Y-87.7722
G1 X90.5667 Y-89.1889
G1 X90.0000 Y-87.4889
G1 X92.8333 Y-85.3167
G1 X94.7222 Y-85.9778
G1 X95.5722 Y-86.7333
G1 X96.9889 Y-85.6000
G1 X99.6333 Y-84.6556
G1 X94.2500 Y-83.8056
G1 X91.7944 Y-84.4667
G1 X89.2444 Y-87.1111
G1 X88.6778 Y-88.5278
G1 X85.8444 Y-91.0778
G1 X85.7500 Y-93.0611
G1 X88.5833 Y-92.4000
G1 X90.3778 Y-93.4389
G1 X88.3944 Y-92.3056
G1 X85.5611 Y-92.9667
G1 X86.0333 Y-90.0389
G1 X89.0556 Y-87.9611
G1 X92.6444 Y-83.7111
G1 Z0.0000 F2500.0
G4 P0.02
G0 X90.0000 Y-91.6444 F15000.0
G1 Z11.9000 F2500.0
G4 P0.02
G1 X91.7000 Y-92.7778 F12000.0
G1 X91.7944 Y-93.5333
G1 X90.6611 Y-95.1389
G1 X91.3222 Y-96.1778
G1 X91.1333 Y-94.5722
G1 X92.5500 Y-93.8167
G1 X92.6444 Y-98.1611
G1 X91.9833 Y-98.6333
G1 X94.9111 Y-99.1056
G1 X97.9333 Y-96.7444
G1 X95.8556 Y-96.5556
G1 X92.8333 Y-97.4056
G1 X92.7389 Y-96.2722
G1 X93.8722 Y-95.5167
G1 X92.4556 Y-94.9500
G1 X92.0778 Y-92.8722
G1 X90.3778 Y-92.0222
G1 Z0.0000 F2500.0
G4 P0.02
G0 X88.6198 Y-71.2866 F15000.0
G1 Z11.9000 F2500.0
G4 P0.02
G1 X77.2788 Y-69.8242 F12000.0
G1 Z0.0000 F2500.0
G4 P0.02
G0 X62.8000 Y-67.4667 F15000.0
G1 Z11.9000 F2500.0
G4 P0.02
G1 X66.4833 Y-71.6222 F12000.0
G1 X69.6000 Y-72.2833
G1 X77.2500 Y-72.5667
G1 X77.4389 Y-74.7389
G1 X85.0889 Y-74.2667
G1 X93.1167 Y-72.2833
G1 X94.9111 Y-70.9611
G1 X97.0833 Y-70.5833
G1 X95.6667 Y-69.7333
G1 X93.8722 Y-71.1500
G1 X88.9611 Y-70.2056
G1 X82.4444 Y-69.9222
G1 X77.5333 Y-68.0333
G1 X64.7833 Y-67.9389
G1 X62.8000 Y-67.4667
G1 Z0.0000 F2500.0
G4 P0.02
G0 X50.7111 Y-67.4667 F15000.0
G1 Z11.9000 F2500.0
G4 P0.02
G1 X47.8778 Y-69.4500 F12000.0
G1 X47.8778 Y-71.0556
G1 X46.4611 Y-72.0944
G1 X48.7278 Y-73.2278
G1 X50.9944 Y-72.3778
G1 X61.9500 Y-74.6444
G1 X64.1222 Y-76.1556
G1 X67.5222 Y-77.0056
G1 X67.2389 Y-78.3278
G1 X67.9000 Y-79.0833
G1 X64.5000 Y-81.6333
G1 X62.7056 Y-81.6333
G1 X61.0056 Y-84.4667
G1 X60.9111 Y-82.9556
G1 X59.2111 Y-81.8222
G1 X57.1333 Y-81.1611
G1 X55.5278 Y-79.2722
G1 X52.0333 Y-81.6333
G1 X50.1444 Y-81.5389
G1 X51.1833 Y-83.0500
G1 X60.1556 Y-83.6167
G1 X59.6833 Y-84.4667
G1 X58.6444 Y-84.1833
G1 X59.5889 Y-83.4278
G1 X57.4167 Y-83.6167
G1 X57.3222 Y-84.5611
G1 X56.1889 Y-83.7111
G1 X55.3389 Y-85.4111
G1 X54.3000 Y-85.1278
G1 X51.8444 Y-85.7889
G1 X50.9000 Y-85.3167
G1 X52.0333 Y-85.1278
G1 X53.4500 Y-85.9778
G1 X54.7722 Y-85.0333
G1 X55.9056 Y-85.0333
G1 X54.3944 Y-83.2389
G1 X52.7889 Y-83.4278
G1 X53.1667 Y-85.1278
G1 X52.8833 Y-84.3722
G1 X49.7667 Y-81.2556
G1 X45.3278 Y-79.8389
G1 X48.6333 Y-80.4056
G1 X49.1056 Y-79.7444
G1 X50.4278 Y-80.8778
G1 X50.9944 Y-80.6889
G1 X52.4111 Y-81.5389
G1 X52.5056 Y-79.6500
G1 X53.6389 Y-79.3667
G1 X50.9000 Y-79.3667
G1 X51.0889 Y-78.7056
G1 X47.9722 Y-76.4389
G1 X46.0833 Y-76.3444
G1 X40.2278 Y-78.7056
G1 X41.4556 Y-77.0056
G1 X40.0389 Y-76.1556
G1 X36.7333 Y-78.1389
G1 X35.6944 Y-78.0444
G1 X35.1278 Y-77.2889
G1 X31.8222 Y-77.4778
G1 X35.4111 Y-77.1944
G1 X37.4889 Y-77.8556
G1 X41.4556 Y-76.4389
G1 X42.2111 Y-77.6667
G1 X47.4056 Y-75.6833
G1 X50.8056 Y-78.5167
G1 X55.0556 Y-78.2333
G1 X53.5444 Y-78.9889
G1 X55.6222 Y-79.2722
G1 X56.6611 Y-78.7056
G1 X57.7944 Y-81.7278
G1 X61.8556 Y-82.6722
G1 X62.3278 Y-81.7278
G1 X59.2111 Y-80.2167
G1 X58.8333 Y-80.7833
G1 X59.5889 Y-80.1222
G1 X64.0278 Y-81.1611
G1 X63.8389 Y-78.8000
G1 X65.2556 Y-77.8556
G1 X64.8778 Y-77.4778
G1 X67.1444 Y-78.8944
G1 X66.7667 Y-77.1000
G1 X62.2333 Y-75.4000
G1 X60.5333 Y-74.1722
G1 X49.5778 Y-72.6611
G1 X47.2167 Y-73.4167
G1 X46.3667 Y-72.0944
G1 X48.0667 Y-70.0167
G1 X46.9333 Y-67.7500
G1 X49.5778 Y-68.2222
G1 X50.7111 Y-67.0889
G1 Z0.0000 F2500.0
G4 P0.02
G0 X50.7111 Y-73.5111 F15000.0
G1 Z11.9000 F2500.0
G4 P0.02
G1 X53.7333 Y-74.9278 F12000.0
G1 X61.6667 Y-76.5333
G1 X62.5167 Y-77.5722
G1 X59.7778 Y-76.0611
G1 X53.9222 Y-75.3056
G1 X54.3000 Y-75.8722
G1 X50.3333 Y-73.5111
G1 Z0.0000 F2500.0
G4 P0.02
G0 X50.7111 Y-74.6444 F15000.0
G1 Z11.9000 F2500.0
G4 P0.02
G1 X49.6722 Y-75.3056 F12000.0
G1 X51.7500 Y-77.4778
G1 X51.7500 Y-76.6278
G1 X57.2278 Y-77.5722
G1 X57.7944 Y-78.2333
G1 X58.3611 Y-77.1000
G1 X59.5889 Y-77.1944
G1 X50.8056 Y-76.6278
G1 X50.2389 Y-75.2111
G1 X51.0889 Y-74.6444
G1 Z0.0000 F2500.0
G4 P0.02
G0 X46.1778 Y-77.6667 F15000.0
G1 Z11.9000 F2500.0
G4 P0.02
G1 X47.2167 Y-78.2333 F12000.0
G1 X45.2333 Y-77.9500
G1 X41.0778 Y-82.5778
G1 X41.9278 Y-83.6167
G1 X42.8722 Y-83.6167
G1 X43.0611 Y-84.1833
G1 X42.4944 Y-83.4278
G1 X40.0389 Y-82.8611
G1 X45.8000 Y-77.6667
G1 Z0.0000 F2500.0
G4 P0.02
G0 X39.3778 Y-81.0667 F15000.0
G1 Z11.9000 F2500.0
G4 P0.02
G1 X33.2389 Y-83.6167 F12000.0
G1 X27.5722 Y-84.3722
G1 X31.1611 Y-83.4278
G1 X34.0889 Y-83.3333
G1 X39.0000 Y-81.0667
G1 Z0.0000 F2500.0
G4 P0.02
G0 X28.3177 Y-79.0353 F15000.0
G1 Z11.9000 F2500.0
G4 P0.02
G1 X19.1327 Y-79.2691 F12000.0
G1 Z0.0000 F2500.0
G4 P0.02
G0 X15.9556 Y-71.2444 F15000.0
G1 Z11.9000 F2500.0
G4 P0.02
G1 X16.5222 Y-72.6611 F12000.0
G1 X20.6778 Y-73.7000
G1 X30.5000 Y-73.4167
G1 X29.5556 Y-70.4889
G1 X25.6833 Y-72.1889
G1 X22.2833 Y-71.6222
G1 X19.6389 Y-70.6778
G1 X15.9556 Y-71.2444
G1 Z0.0000 F2500.0
G4 P0.02
G0 X16.7111 Y-62.5556 F15000.0
G1 Z11.9000 F2500.0
G4 P0.02
G1 X20.0167 Y-61.0444 F12000.0
G1 X24.0778 Y-61.9889
G1 X24.1722 Y-64.1611
G1 X33.5222 Y-64.6333
G1 X33.2389 Y-66.6167
G1 X27.9500 Y-69.1667
G1 X22.8500 Y-68.4111
G1 X20.2056 Y-68.6944
G1 X16.7111 Y-62.5556
G1 Z0.0000 F2500.0
G4 P0.02
G0 X10.4623 Y-58.1650 F15000.0
G1 Z11.9000 F2500.0
G4 P0.02
G1 X5.0953 Y-52.3769 F12000.0
G1 Z0.0000 F2500.0
G4 P0.02
G0 X9.1556 Y-36.1111 F15000.0
G1 Z11.9000 F2500.0
G4 P0.02
G1 X8.5889 Y-38.1889 F12000.0
G1 X5.3778 Y-37.7167
G1 X7.3611 Y-39.9833
G1 X6.7944 Y-38.0000
G1 X10.1944 Y-38.3778
G1 X11.2333 Y-39.1333
G1 X11.7056 Y-38.1889
G1 X11.0444 Y-38.4722
G1 X9.8167 Y-37.8111
G1 X9.2500 Y-36.9611
G1 X11.3278 Y-36.3000
G1 X13.0278 Y-36.5833
G1 X9.5333 Y-36.1111
G1 Z0.0000 F2500.0
G4 P0.02
G0 X6.5111 Y-26.6667 F15000.0
G1 Z11.9000 F2500.0
G4 P0.02
G1 X8.8722 Y-27.9889 F12000.0
G1 X8.8722 Y-26.8556
G1 X10.7611 Y-28.0833
G1 X11.1389 Y-27.0444
G1 X11.1389 Y-28.3667
G1 X10.0056 Y-28.6500
G1 X6.3222 Y-27.2333
G1 X6.0389 Y-28.0833
G1 X7.4556 Y-28.9333
G1 X5.4722 Y-29.5000
G1 X6.6056 Y-28.6500
G1 X6.1333 Y-26.6667
G1 Z0.0000 F2500.0
G4 P0.02
G0 X19.3556 Y-27.0444 F15000.0
G1 Z11.9000 F2500.0
G4 P0.02
G1 X18.6000 Y-29.2167 F12000.0
G1 X20.2056 Y-30.9167
G1 X20.9611 Y-30.1611
G1 X25.6833 Y-28.8389
G1 X28.8944 Y-30.8222
G1 X25.3056 Y-28.5556
G1 X22.0000 Y-30.3500
G1 X18.6000 Y-29.0278
G1 X19.7333 Y-27.4222
G1 Z0.0000 F2500.0
G4 P0.02
G0 X35.6000 Y-33.4667 F15000.0
G1 Z11.9000 F2500.0
G4 P0.02
G1 X32.9556 Y-36.1111 F12000.0
G1 X25.6833 Y-34.5056
G1 X24.3611 Y-35.6389
G1 X23.7944 Y-35.4500
G1 X28.8000 Y-35.2611
G1 X33.9000 Y-35.5444
G1 X35.9778 Y-33.9389
G1 X36.8278 Y-34.1278
G1 X35.9778 Y-33.8444
G1 Z0.0000 F2500.0
G4 P0.02
G0 X34.0889 Y-36.8667 F15000.0
G1 Z11.9000 F2500.0
G4 P0.02
G1 X36.7333 Y-37.8111 F12000.0
G1 X38.2444 Y-37.7167
G1 X43.6278 Y-42.0611
G1 X45.9889 Y-42.8167
G1 X45.7056 Y-42.3444
G1 X46.2722 Y-41.9667
G1 X47.5944 Y-44.4222
G1 X49.3889 Y-45.1778
G1 X46.8389 Y-43.1000
G1 X46.1778 Y-41.6833
G1 X45.4222 Y-42.2500
G1 X40.7944 Y-39.7944
G1 X37.0167 Y-37.4333
G1 X34.4667 Y-37.2444
G1 Z0.0000 F2500.0
G4 P0.02
G0 X49.9556 Y-38.3778 F15000.0
G1 Z11.9000 F2500.0
G4 P0.02
G1 X50.9944 Y-39.4167 F12000.0
G1 X51.3722 Y-40.6444
G1 X54.7722 Y-41.7778
G1 X55.8111 Y-40.9278
G1 X58.9278 Y-43.0056
G1 X58.2667 Y-43.7611
G1 X59.7778 Y-43.1944
G1 X59.4000 Y-42.3444
G1 X55.7167 Y-40.9278
G1 X54.0167 Y-41.7778
G1 X50.8056 Y-39.6056
G1 X50.3333 Y-38.3778
G1 Z0.0000 F2500.0
G4 P0.02
G0 X51.4667 Y-44.0444 F15000.0
G1 Z11.9000 F2500.0
G4 P0.02
G1 X50.9000 Y-47.2556 F12000.0
G1 X50.7111 Y-46.2167
G1 X52.5056 Y-45.4611
G1 X52.5056 Y-46.8778
G1 X56.0944 Y-47.0667
G1 X52.4111 Y-46.5000
G1 X56.0000 Y-45.0833
G1 X54.3000 Y-45.8389
G1 X52.9778 Y-45.1778
G1 X55.5278 Y-44.0444
G1 X51.4667 Y-44.4222
G1 Z0.0000 F2500.0
G4 P0.02
G0 X46.9333 Y-48.5778 F15000.0
G1 Z11.9000 F2500.0
G4 P0.02
G1 X42.7778 Y-44.3278 F12000.0
G1 X41.9278 Y-42.0611
G1 X38.0556 Y-38.9444
G1 X33.0500 Y-37.2444
G1 X21.3389 Y-35.5444
G1 X19.3556 Y-35.7333
G1 X18.2222 Y-37.7167
G1 X13.7833 Y-40.0778
G1 X6.7000 Y-39.9833
G1 X5.5667 Y-39.4167
G1 X5.5667 Y-72.2833
G1 X9.8167 Y-72.2833
G1 X13.1222 Y-72.1889
G1 X9.0611 Y-71.0556
G1 X9.0611 Y-69.7333
G1 X11.0444 Y-68.4111
G1 X8.6833 Y-67.5611
G1 X9.2500 Y-66.1444
G1 X12.8389 Y-64.9167
G1 X14.4444 Y-62.3667
G1 X15.9556 Y-61.2333
G1 X23.2278 Y-60.1000
G1 X26.4389 Y-60.3833
G1 X30.0278 Y-61.7056
G1 X35.4111 Y-61.5167
G1 X36.0722 Y-58.5889
G1 X37.2056 Y-56.4167
G1 X36.3556 Y-54.1500
G1 X39.4722 Y-52.7333
G1 X42.9667 Y-53.6778
G1 X46.8389 Y-52.8278
G1 X46.9333 Y-48.5778
G1 Z0.0000 F2500.0
G4 P0.02
G0 X51.8444 Y-54.2444 F15000.0
G1 Z11.9000 F2500.0
G4 P0.02
G1 X48.9167 Y-56.1333 F12000.0
G1 X45.0444 Y-55.3778
G1 X40.6056 Y-57.2667
G1 X42.4000 Y-60.3833
G1 X36.7333 Y-64.8222
G1 X42.1167 Y-60.8556
G1 X41.9278 Y-58.6833
G1 X40.9833 Y-57.0778
G1 X42.6833 Y-57.0778
G1 X42.4944 Y-57.4556
G1 X45.4222 Y-55.0944
G1 X47.2167 Y-56.4167
G1 X47.3111 Y-57.2667
G1 X46.1778 Y-58.9667
G1 X45.7056 Y-61.1389
G1 X44.2889 Y-63.1222
G1 X46.2722 Y-65.1056
G1 X44.1944 Y-64.2556
G1 X44.1944 Y-66.2389
G1 X48.3500 Y-66.6167
G1 X49.7667 Y-67.1833
G1 X46.3667 Y-65.1056
G1 X46.7444 Y-63.5000
G1 X48.6333 Y-65.5778
G1 X52.0333 Y-66.4278
G1 X52.9778 Y-65.8611
G1 X53.9222 Y-66.5222
G1 X53.9222 Y-65.3889
G1 X55.5278 Y-65.7667
G1 X54.5833 Y-66.1444
G1 X57.3222 Y-66.0500
G1 X60.2500 Y-65.1056
G1 X61.1000 Y-66.2389
G1 X63.9333 Y-64.5389
G1 X65.7278 Y-65.8611
G1 X65.9167 Y-66.8056
G1 X69.1278 Y-66.3333
G1 X70.2611 Y-67.1833
G1 X71.3944 Y-66.6167
G1 X72.8111 Y-67.3722
G1 X72.5278 Y-66.8056
G1 X73.9444 Y-66.1444
G1 X75.8333 Y-66.8056
G1 X71.8667 Y-64.9167
G1 X71.1111 Y-65.3889
G1 X72.5278 Y-65.1056
G1 X73.0944 Y-66.1444
G1 X70.5444 Y-66.6167
G1 X69.6944 Y-67.0889
G1 X68.4667 Y-66.2389
G1 X66.0111 Y-66.9000
G1 X65.3500 Y-64.9167
G1 X63.7444 Y-62.3667
G1 X65.8222 Y-62.3667
G1 X62.3278 Y-62.2722
G1 X63.6500 Y-64.7278
G1 X62.4222 Y-64.9167
G1 X61.1000 Y-66.1444
G1 X59.9667 Y-63.9722
G1 X55.8111 Y-61.6111
G1 X55.2444 Y-63.6889
G1 X56.3778 Y-61.7056
G1 X59.8722 Y-65.1056
G1 X55.7167 Y-65.6722
G1 X56.7556 Y-64.9167
G1 X51.2778 Y-65.9556
G1 X50.6167 Y-65.0111
G1 X48.2556 Y-65.2000
G1 X46.3667 Y-62.7444
G1 X46.3667 Y-63.8778
G1 X44.5722 Y-62.7444
G1 X47.3111 Y-57.6444
G1 X54.8667 Y-58.9667
G1 X53.0722 Y-62.0833
G1 X55.5278 Y-58.8722
G1 X49.2000 Y-56.7000
G1 X51.4667 Y-54.6222
G1 Z0.0000 F2500.0
G4 P0.02
G0 X61.6667 Y-47.8222 F15000.0
G1 Z11.9000 F2500.0
G4 P0.02
G1 X60.8167 Y-49.1444 F12000.0
G1 X56.0944 Y-49.8056
G1 X55.5278 Y-52.0722
G1 X60.0611 Y-52.7333
G1 X61.2889 Y-53.7722
G1 X63.7444 Y-53.4889
G1 X67.7111 Y-52.0722
G1 X74.7944 Y-50.6556
G1 X63.7444 Y-52.7333
G1 X61.5722 Y-53.7722
G1 X55.4333 Y-51.7889
G1 X56.9444 Y-49.4278
G1 X62.0444 Y-48.2000
G1 Z0.0000 F2500.0
G4 P0.02
G0 X62.4222 Y-37.6222 F15000.0
G1 Z11.9000 F2500.0
G4 P0.02
G1 X60.6278 Y-41.3056 F12000.0
G1 X59.9667 Y-40.7389
G1 X60.1556 Y-39.7000
G1 X56.0944 Y-39.7000
G1 X58.0778 Y-39.7944
G1 X59.5889 Y-41.1167
G1 X59.4000 Y-41.4944
G1 X61.1000 Y-41.4944
G1 X61.6667 Y-38.4722
G1 X62.8000 Y-37.6222
G1 Z0.0000 F2500.0
G4 P0.02
G0 X72.9595 Y-35.8608 F15000.0
G1 Z11.9000 F2500.0
G4 P0.02
G1 X80.4836 Y-29.5486 F12000.0
G1 Z0.0000 F2500.0
G4 P0.02
G0 X81.3111 Y-27.0444 F15000.0
G1 Z11.9000 F2500.0
G4 P0.02
G1 X82.0667 Y-29.0278 F12000.0
G1 X79.8000 Y-28.8389
G1 X78.5722 Y-30.1611
G1 X78.1944 Y-29.5000
G1 X77.3444 Y-29.7833
G1 X75.3611 Y-29.3111
G1 X72.2444 Y-30.1611
G1 X69.8833 Y-28.7444
G1 X70.4500 Y-30.9167
G1 X68.8444 Y-30.9167
G1 X67.5222 Y-29.5000
G1 X66.4833 Y-29.7833
G1 X64.8778 Y-29.1222
G1 X64.5944 Y-29.9722
G1 X65.6333 Y-30.7278
G1 X64.5000 Y-32.8056
G1 X63.1778 Y-33.2778
G1 X64.8778 Y-35.2611
G1 X64.8778 Y-36.3000
G1 X69.3167 Y-36.3944
G1 X71.5833 Y-34.0333
G1 X71.9611 Y-34.3167
G1 X72.1500 Y-33.7500
G1 X74.7000 Y-41.9667
G1 X73.9444 Y-42.1556
G1 X73.0000 Y-41.1167
G1 X71.9611 Y-40.8333
G1 X71.7722 Y-39.0389
G1 X69.7889 Y-39.4167
G1 X67.5222 Y-41.3056
G1 X65.4444 Y-41.4000
G1 X63.3667 Y-44.3278
G1 X62.5167 Y-44.7056
G1 X62.3278 Y-46.7833
G1 X62.8944 Y-47.0667
G1 X62.0444 Y-46.7833
G1 X62.5167 Y-45.0833
G1 X61.9500 Y-43.4778
G1 X63.4611 Y-40.7389
G1 X64.1222 Y-40.9278
G1 X62.9889 Y-41.4944
G1 X63.6500 Y-42.6278
G1 X65.9167 Y-41.1167
G1 X67.9944 Y-40.7389
G1 X70.5444 Y-38.7556
G1 X72.1500 Y-39.3222
G1 X72.1500 Y-41.3056
G1 X73.8500 Y-41.1167
G1 X74.3222 Y-42.2500
G1 X74.2278 Y-40.0778
G1 X71.6778 Y-34.6000
G1 X69.6000 Y-36.3944
G1 X64.5944 Y-37.0556
G1 X62.6111 Y-38.7556
G1 X64.5000 Y-36.3000
G1 X62.9889 Y-33.5611
G1 X62.5167 Y-33.5611
G1 X64.8778 Y-32.1444
G1 X62.7056 Y-31.6722
G1 X62.8000 Y-30.7278
G1 X65.0667 Y-29.1222
G1 X69.4111 Y-29.4056
G1 X69.6000 Y-28.2722
G1 X68.8444 Y-27.7056
G1 X73.6611 Y-30.3500
G1 X76.4000 Y-28.9333
G1 X78.4778 Y-29.3111
G1 X80.4611 Y-27.3278
G1 X81.7833 Y-29.1222
G1 X81.3111 Y-26.6667
G1 Z0.0000 F2500.0
G4 P0.02
G0 X87.3556 Y-31.2000 F15000.0
G1 Z11.9000 F2500.0
G4 P0.02
G1 X85.8444 Y-34.6000 F12000.0
G1 X80.2722 Y-35.6389
G1 X76.0222 Y-36.3000
G1 X76.8722 Y-36.9611
G1 X76.4944 Y-35.9222
G1 X78.1944 Y-35.6389
G1 X78.0056 Y-36.8667
G1 X81.4056 Y-37.3389
G1 X82.6333 Y-38.5667
G1 X80.9333 Y-36.5833
G1 X81.3111 Y-35.7333
G1 X84.0500 Y-34.7889
G1 X85.9389 Y-34.8833
G1 X87.7333 Y-33.9389
G1 X88.8667 Y-35.9222
G1 X86.2222 Y-37.4333
G1 X87.9222 Y-37.9056
G1 X88.6778 Y-34.7889
G1 X88.0167 Y-32.6167
G1 X87.1667 Y-33.1833
G1 X87.3556 Y-31.7667
G1 X87.7333 Y-31.2000
G1 Z0.0000 F2500.0
G4 P0.02
G0 X90.0000 Y-35.7333 F15000.0
G1 Z11.9000 F2500.0
G4 P0.02
G1 X88.4889 Y-38.4722 F12000.0
G1 X77.1556 Y-36.3000
G1 X79.8944 Y-34.9778
G1 X85.6556 Y-33.8444
G1 X87.7333 Y-32.9944
G1 X90.0000 Y-35.7333
G1 Z0.0000 F2500.0
G4 P0.02
G0 X92.2667 Y-28.9333 F15000.0
G1 Z11.9000 F2500.0
G4 P0.02
G1 X93.1167 Y-30.8222 F12000.0
G1 X93.1167 Y-29.0278
G1 X94.8167 Y-31.4833
G1 X95.4778 Y-34.0333
G1 X92.7389 Y-34.1278
G1 X91.1333 Y-34.4111
G1 X91.8889 Y-31.2000
G1 X90.1889 Y-30.6333
G1 X90.7556 Y-32.9944
G1 X90.6611 Y-29.7833
G1 X91.6056 Y-30.8222
G1 X92.2667 Y-28.5556
G1 Z0.0000 F2500.0
G4 P0.02
G0 X92.2667 Y-27.0444 F15000.0
G1 Z11.9000 F2500.0
G4 P0.02
G1 X95.1000 Y-27.2333 F12000.0
G1 X94.8167 Y-28.0833
G1 X95.8556 Y-28.3667
G1 X96.3278 Y-27.1389
G1 X96.3278 Y-28.7444
G1 X97.9333 Y-28.2722
G1 X97.3667 Y-26.8556
G1 X100.5778 Y-27.8944
G1 X101.4278 Y-28.9333
G1 X100.4833 Y-28.0833
G1 X100.4833 Y-29.5944
G1 X100.0111 Y-27.5167
G1 X99.1611 Y-28.8389
G1 X98.7833 Y-27.1389
G1 X98.0278 Y-27.7056
G1 X96.9889 Y-29.3111
G1 X93.4000 Y-27.1389
G1 X91.8889 Y-26.6667
G1 Z0.0000 F2500.0
G4 P0.02
G0 X101.7111 Y-26.6667 F15000.0
G1 Z11.9000 F2500.0
G4 P0.02
G1 X103.0333 Y-29.0278 F12000.0
G1 X101.9944 Y-30.5389
G1 X103.0333 Y-31.8611
G1 X103.4111 Y-30.7278
G1 X102.6556 Y-31.2944
G1 X102.3722 Y-30.1611
G1 X103.6000 Y-29.5000
G1 X104.9222 Y-29.7833
G1 X106.6222 Y-27.4222
G1 X107.5667 Y-28.4611
G1 X108.3222 Y-29.4056
G1 X104.6389 Y-30.8222
G1 X108.4167 Y-29.7833
G1 X106.9056 Y-26.8556
G1 X105.6778 Y-27.5167
G1 X105.3000 Y-27.0444
G1 X105.4889 Y-28.5556
G1 X103.5056 Y-29.4056
G1 X101.9000 Y-27.6111
G1 X104.2611 Y-27.2333
G1 X102.0889 Y-27.0444
G1 Z0.0000 F2500.0
G4 P0.02
G0 X112.6667 Y-27.0444 F15000.0
G1 Z11.9000 F2500.0
G4 P0.02
G1 X112.8556 Y-28.3667 F12000.0
G1 X117.1056 Y-28.7444
G1 X115.5944 Y-27.3278
G1 X116.5389 Y-27.3278
G1 X115.5000 Y-27.6111
G1 X118.4278 Y-27.7056
G1 X117.7667 Y-27.2333
G1 X118.3333 Y-27.9889
G1 X117.6722 Y-28.7444
G1 X119.2778 Y-29.1222
G1 X118.7111 Y-30.5389
G1 X118.1444 Y-29.1222
G1 X112.5722 Y-28.2722
G1 X112.6667 Y-26.6667
G1 Z0.0000 F2500.0
G4 P0.02
G0 X95.2889 Y-43.6667 F15000.0
G1 Z11.9000 F2500.0
G4 P0.02
G1 X100.0111 Y-47.5389 F12000.0
G1 X101.9944 Y-46.8778
G1 X101.2389 Y-46.3111
G1 X102.0889 Y-46.5944
G1 X101.7111 Y-47.5389
G1 X100.9556 Y-47.7278
G1 X103.5056 Y-49.5222
G1 X105.4889 Y-55.6611
G1 X104.2611 Y-56.2278
G1 X103.4111 Y-55.6611
G1 X103.6944 Y-58.2111
G1 X105.4889 Y-59.8167
G1 X103.5056 Y-60.1000
G1 X105.9611 Y-61.6111
G1 X107.1889 Y-61.3278
G1 X104.4500 Y-61.6111
G1 X105.4889 Y-63.1222
G1 X104.2611 Y-63.7833
G1 X106.3389 Y-63.6889
G1 X107.1889 Y-62.2722
G1 X105.7722 Y-64.1611
G1 X102.6556 Y-64.3500
G1 X102.3722 Y-65.3889
G1 X102.8444 Y-66.2389
G1 X101.2389 Y-66.9000
G1 X99.4444 Y-66.8056
G1 X97.4611 Y-68.1278
G1 X94.7222 Y-68.1278
G1 X93.7778 Y-68.8833
G1 X89.6222 Y-68.8833
G1 X86.6944 Y-69.4500
G1 X81.8778 Y-68.8833
G1 X82.7278 Y-67.7500
G1 X80.4611 Y-66.8056
G1 X82.2556 Y-66.2389
G1 X83.0111 Y-66.8056
G1 X84.1444 Y-65.9556
G1 X83.7667 Y-67.6556
G1 X83.6722 Y-66.2389
G1 X82.5389 Y-67.9389
G1 X84.5222 Y-68.6944
G1 X87.5444 Y-68.0333
G1 X87.8278 Y-68.4111
G1 X84.9944 Y-68.7889
G1 X94.0611 Y-68.6944
G1 X95.6667 Y-67.9389
G1 X98.4056 Y-67.7500
G1 X100.2944 Y-66.5222
G1 X101.9000 Y-66.8056
G1 X101.9944 Y-65.5778
G1 X100.8611 Y-64.6333
G1 X102.2778 Y-64.6333
G1 X101.4278 Y-62.8389
G1 X101.9000 Y-61.8000
G1 X102.3722 Y-62.7444
G1 X101.9000 Y-62.4611
G1 X101.8056 Y-63.5944
G1 X103.7889 Y-63.8778
G1 X105.2056 Y-62.6500
G1 X103.5056 Y-61.9889
G1 X102.6556 Y-59.1556
G1 X103.5056 Y-60.1000
G1 X105.7722 Y-59.6278
G1 X102.6556 Y-57.4556
G1 X103.7889 Y-55.2833
G1 X104.9222 Y-55.0944
G1 X103.2222 Y-49.4278
G1 X97.6500 Y-46.2167
G1 X96.7056 Y-44.9889
G1 X88.1111 Y-45.9333
G1 X85.8444 Y-48.8611
G1 X83.6722 Y-49.9944
G1 X83.8611 Y-50.5611
G1 X76.7778 Y-49.5222
G1 X72.4333 Y-50.2778
G1 X69.9778 Y-50.6556
G1 X73.0944 Y-49.6167
G1 X82.1611 Y-49.9944
G1 X83.6722 Y-50.6556
G1 X83.2944 Y-49.3333
G1 X86.9778 Y-47.5389
G1 X87.8278 Y-45.8389
G1 X94.0611 Y-44.8000
G1 X94.9111 Y-43.6667
G1 Z0.0000 F2500.0
G4 P0.02
G0 X92.2667 Y-46.6889 F15000.0
G1 Z11.9000 F2500.0
G4 P0.02
G1 X94.4389 Y-48.6722 F12000.0
G1 X94.7222 Y-50.6556
G1 X98.0278 Y-49.2389
G1 X100.2000 Y-52.0722
G1 X98.0278 Y-53.2056
G1 X96.7056 Y-54.6222
G1 X91.4167 Y-56.4167
G1 X89.4333 Y-58.5889
G1 X89.8111 Y-58.9667
G1 X89.2444 Y-57.5500
G1 X91.2278 Y-56.0389
G1 X89.4333 Y-56.3222
G1 X93.1167 Y-55.7556
G1 X97.0833 Y-54.1500
G1 X98.9722 Y-52.0722
G1 X100.1056 Y-51.6944
G1 X98.6889 Y-49.7111
G1 X96.6111 Y-50.1833
G1 X92.5500 Y-53.9611
G1 X87.5444 Y-51.7889
G1 X88.3000 Y-55.5667
G1 X88.5833 Y-54.8111
G1 X86.7889 Y-52.7333
G1 X86.7889 Y-54.4333
G1 X86.0333 Y-54.3389
G1 X84.9000 Y-56.0389
G1 X78.8556 Y-54.8111
G1 X83.9556 Y-55.8500
G1 X85.3722 Y-55.0000
G1 X86.6944 Y-52.7333
G1 X88.6778 Y-52.0722
G1 X91.3222 Y-53.0167
G1 X93.3056 Y-52.9222
G1 X94.9111 Y-50.9389
G1 X93.9667 Y-49.7111
G1 X93.9667 Y-48.1056
G1 X91.8889 Y-46.7833
G1 X89.7167 Y-48.3889
G1 X87.2611 Y-50.7500
G1 X89.4333 Y-48.8611
G1 X88.8667 Y-48.0111
G1 X91.8889 Y-46.6889
G1 Z0.0000 F2500.0
G4 P0.02
G0 X97.5556 Y-51.2222 F15000.0
G1 Z11.9000 F2500.0
G4 P0.02
G1 X92.2667 Y-53.8667 F12000.0
G1 X88.7722 Y-52.3556
G1 X88.4889 Y-56.1333
G1 X85.9389 Y-57.2667
G1 X76.8722 Y-53.4889
G1 X66.9556 Y-58.5889
G1 X70.1667 Y-60.8556
G1 X79.8000 Y-61.0444
G1 X87.5444 Y-64.8222
G1 X90.6611 Y-64.5389
G1 X95.2889 Y-62.2722
G1 X92.3611 Y-60.2889
G1 X89.9056 Y-59.9111
G1 X88.4889 Y-58.3056
G1 X88.9611 Y-56.5111
G1 X91.0389 Y-55.3778
G1 X97.2722 Y-52.3556
G1 X97.5556 Y-51.2222
G1 Z0.0000 F2500.0
G4 P0.02
G0 X90.7556 Y-58.0222 F15000.0
G1 Z11.9000 F2500.0
G4 P0.02
G1 X96.4222 Y-61.7056 F12000.0
G1 X99.0667 Y-61.7056
G1 X100.0111 Y-62.7444
G1 X93.7778 Y-64.0667
G1 X96.8000 Y-63.0278
G1 X100.1056 Y-62.6500
G1 X98.4056 Y-61.2333
G1 X95.9500 Y-61.5167
G1 X93.1167 Y-58.9667
G1 X91.1333 Y-58.4000
G1 Z0.0000 F2500.0
G4 P0.02
G0 X93.0222 Y-62.9333 F15000.0
G1 Z11.9000 F2500.0
G4 P0.02
G1 X89.5278 Y-65.4833 F12000.0
G1 X85.9389 Y-64.6333
G1 X85.8444 Y-63.9722
G1 X85.0889 Y-63.8778
G1 X86.0333 Y-64.6333
G1 X86.0333 Y-65.4833
G1 X90.7556 Y-64.9167
G1 X93.4000 Y-62.9333
G1 Z0.0000 F2500.0
G4 P0.02
G0 X95.6667 Y-65.2000 F15000.0
G1 Z11.9000 F2500.0
G4 P0.02
G1 X93.1167 Y-66.9944 F12000.0
G1 X88.6778 Y-67.7500
G1 X91.8889 Y-67.7500
G1 X91.1333 Y-67.2778
G1 X94.2500 Y-66.6167
G1 X95.9500 Y-65.3889
G1 X96.8944 Y-66.8056
G1 X97.4611 Y-66.0500
G1 X96.0444 Y-65.2000
G1 Z0.0000 F2500.0
G4 P0.02
G0 X78.2889 Y-51.6000 F15000.0
G1 Z11.9000 F2500.0
G4 P0.02
G1 X78.8556 Y-51.6000 F12000.0
G1 X76.0222 Y-52.4500
G1 X68.2778 Y-56.6056
G1 X68.0889 Y-59.8167
G1 X69.8833 Y-60.4778
G1 X74.9833 Y-60.5722
G1 X77.0611 Y-61.3278
G1 X79.1389 Y-60.7611
G1 X79.5167 Y-60.1944
G1 X82.6333 Y-63.5000
G1 X83.0111 Y-63.1222
G1 X81.9722 Y-63.4056
G1 X80.3667 Y-62.7444
G1 X79.7056 Y-63.0278
G1 X79.8000 Y-62.0833
G1 X80.5556 Y-61.5167
G1 X79.0444 Y-60.8556
G1 X75.9278 Y-61.1389
G1 X71.2056 Y-60.1000
G1 X67.9944 Y-60.1000
G1 X68.6556 Y-55.9444
G1 X74.5111 Y-53.7722
G1 X77.9111 Y-51.6000
G1 Z0.0000 F2500.0
G4 P0.02
G0 X54.1111 Y-27.0444 F15000.0
G1 Z11.9000 F2500.0
G4 P0.02
G1 X55.2444 Y-29.2167 F12000.0
G1 X57.9833 Y-27.8000
G1 X58.1722 Y-26.9500
G1 X58.1722 Y-28.7444
G1 X57.2278 Y-28.7444
G1 X55.9056 Y-29.8778
G1 X56.0000 Y-31.0111
G1 X58.6444 Y-32.5222
G1 X59.9667 Y-32.2389
G1 X60.3444 Y-32.9000
G1 X57.1333 Y-33.2778
G1 X57.9833 Y-34.3167
G1 X63.2722 Y-34.6000
G1 X62.1389 Y-35.1667
G1 X62.8944 Y-36.2056
G1 X63.2722 Y-35.6389
G1 X63.2722 Y-36.4889
G1 X62.3278 Y-36.1111
G1 X61.1000 Y-34.7889
G1 X60.5333 Y-37.1500
G1 X58.7389 Y-37.8111
G1 X60.2500 Y-35.8278
G1 X54.2056 Y-34.7889
G1 X55.2444 Y-32.1444
G1 X54.1111 Y-33.5611
G1 X55.2444 Y-34.9778
G1 X60.0611 Y-35.7333
G1 X60.3444 Y-34.5056
G1 X57.7000 Y-34.6944
G1 X56.7556 Y-32.0500
G1 X54.4889 Y-29.4056
G1 X53.7333 Y-29.5944
G1 X54.4889 Y-29.4056
G1 X54.1111 Y-26.6667
G1 Z0.0000 F2500.0
G4 P0.02
G0 X49.5778 Y-27.0444 F15000.0
G1 Z11.9000 F2500.0
G4 P0.02
G1 X50.8056 Y-27.5167 F12000.0
G1 X50.9944 Y-26.9500
G1 X51.4667 Y-29.6889
G1 X52.4111 Y-31.2000
G1 X52.2222 Y-32.9944
G1 X53.0722 Y-35.4500
G1 X52.4111 Y-36.9611
G1 X54.6778 Y-36.3000
G1 X55.0556 Y-36.6778
G1 X54.1111 Y-36.3944
G1 X53.2611 Y-37.4333
G1 X54.9611 Y-38.0000
G1 X57.6056 Y-36.8667
G1 X54.2056 Y-38.0000
G1 X52.1278 Y-37.0556
G1 X50.6167 Y-37.6222
G1 X53.1667 Y-34.7889
G1 X52.4111 Y-34.5056
G1 X52.0333 Y-34.9778
G1 X51.2778 Y-31.4833
G1 X50.1444 Y-32.1444
G1 X48.0667 Y-31.8611
G1 X46.4611 Y-32.4278
G1 X44.5722 Y-31.8611
G1 X42.4000 Y-33.4667
G1 X42.7778 Y-31.3889
G1 X42.0222 Y-31.0111
G1 X43.0611 Y-32.6167
G1 X45.8000 Y-30.9167
G1 X46.1778 Y-30.1611
G1 X47.5000 Y-30.1611
G1 X49.2000 Y-29.3111
G1 X52.4111 Y-31.2944
G1 X49.2000 Y-26.6667
G1 Z0.0000 F2500.0
G4 P0.02
G0 X32.5778 Y-59.9111 F15000.0
G1 Z11.9000 F2500.0
G4 P0.02
G1 X31.1611 Y-61.3278 F12000.0
G1 X18.4111 Y-61.7056
G1 X17.3722 Y-63.2167
G1 X19.9222 Y-64.6333
G1 X23.2278 Y-62.2722
G1 X19.3556 Y-64.4444
G1 X18.1278 Y-63.5944
G1 X18.9778 Y-61.8944
G1 X22.0000 Y-61.8944
G1 X24.3611 Y-61.0444
G1 X31.1611 Y-61.4222
G1 X32.5778 Y-60.2889
G1 Z0.0000 F2500.0
G4 P0.02
G0 X35.6000 Y-65.9556 F15000.0
G1 Z11.9000 F2500.0
G4 P0.02
G1 X30.4056 Y-67.3722 F12000.0
G1 X31.7278 Y-68.5056
G1 X31.2556 Y-69.1667
G1 X25.5889 Y-69.1667
G1 X25.8722 Y-70.0167
G1 X22.0944 Y-70.1111
G1 X17.7500 Y-69.2611
G1 X16.1444 Y-69.9222
G1 X13.2167 Y-69.3556
G1 X13.3111 Y-68.0333
G1 X14.1611 Y-67.4667
G1 X11.3278 Y-68.0333
G1 X5.2833 Y-66.9000
G1 X12.5556 Y-68.6000
G1 X11.1389 Y-69.5444
G1 X9.1556 Y-69.5444
G1 X9.8167 Y-70.5833
G1 X10.1000 Y-69.1667
G1 X19.6389 Y-69.3556
G1 X25.5889 Y-70.3000
G1 X26.6278 Y-70.0167
G1 X27.7611 Y-71.1500
G1 X25.9667 Y-71.1500
G1 X25.2111 Y-71.8111
G1 X24.8333 Y-71.4333
G1 X25.5889 Y-71.7167
G1 X27.5722 Y-70.5833
G1 X26.3444 Y-69.5444
G1 X29.7444 Y-69.5444
G1 X29.4611 Y-68.8833
G1 X31.3500 Y-70.0167
G1 X30.5944 Y-70.6778
G1 X29.3667 Y-70.5833
G1 X32.0111 Y-71.0556
G1 X30.7833 Y-71.6222
G1 X33.1444 Y-72.6611
G1 X32.2944 Y-73.2278
G1 X30.8778 Y-72.3778
G1 X33.0500 Y-73.2278
G1 X33.7111 Y-72.4722
G1 X34.8444 Y-73.2278
G1 X34.2778 Y-75.2111
G1 X23.2278 Y-74.4556
G1 X19.0722 Y-74.7389
G1 X5.1889 Y-73.2278
G1 X9.7222 Y-73.4167
G1 X12.5556 Y-74.1722
G1 X21.1500 Y-74.8333
G1 X39.0000 Y-75.0222
G1 X42.1167 Y-73.8889
G1 X42.7778 Y-71.7167
G1 X42.1167 Y-73.5111
G1 X39.8500 Y-74.4556
G1 X35.6944 Y-73.4167
G1 X39.2833 Y-74.4556
G1 X38.5278 Y-75.2111
G1 X35.9778 Y-74.8333
G1 X34.1833 Y-72.1889
G1 X32.5778 Y-71.4333
G1 X36.7333 Y-71.5278
G1 X37.6778 Y-72.2833
G1 X32.7667 Y-70.0167
G1 X35.1278 Y-70.6778
G1 X32.5778 Y-70.9611
G1 X31.5389 Y-69.7333
G1 X31.9167 Y-67.7500
G1 X31.6333 Y-67.3722
G1 X33.5222 Y-67.5611
G1 X33.2389 Y-68.0333
G1 X36.2611 Y-69.5444
G1 X38.4333 Y-71.4333
G1 X33.9000 Y-68.0333
G1 X36.0722 Y-65.9556
G1 X38.1500 Y-66.6167
G1 X39.9444 Y-68.7889
G1 X38.7167 Y-68.8833
G1 X37.0167 Y-66.9944
G1 X37.3000 Y-68.2222
G1 X41.5500 Y-69.6389
G1 X43.8167 Y-69.6389
G1 X40.2278 Y-70.7722
G1 X41.5500 Y-71.8111
G1 X40.2278 Y-71.0556
G1 X45.2333 Y-70.2056
G1 X40.9833 Y-69.4500
G1 X42.6833 Y-68.3167
G1 X45.5167 Y-68.8833
G1 X41.2667 Y-67.1833
G1 X41.2667 Y-66.6167
G1 X40.4167 Y-68.0333
G1 X37.3944 Y-65.9556
G1 X35.9778 Y-65.9556
G1 Z0.0000 F2500.0
G4 P0.02
G0 X56.7556 Y-85.2222 F15000.0
G1 Z11.9000 F2500.0
G4 P0.02
G1 X60.7222 Y-87.6778 F12000.0
G1 X57.4167 Y-86.9222
G1 X51.6556 Y-87.3944
G1 X50.5222 Y-88.1500
G1 X40.3222 Y-89.8500
G1 X51.6556 Y-87.9611
G1 X53.0722 Y-87.1111
G1 X61.0056 Y-87.5833
G1 X61.1944 Y-87.0167
G1 X57.1333 Y-85.6000
G1 Z0.0000 F2500.0
G4 P0.02
G0 X61.9524 Y-86.1498 F15000.0
G1 Z11.9000 F2500.0
G4 P0.02
G1 X53.1531 Y-88.5626 F12000.0
G1 Z0.0000 F2500.0
G4 P0.02
G0 X11.8000 Y-84.4667 F15000.0
G1 Z11.9000 F2500.0
G4 P0.02
G1 X14.2556 Y-84.9389 F12000.0
G1 X15.9556 Y-87.2056
G1 X13.9722 Y-89.3778
G1 X11.1389 Y-88.5278
G1 X11.8000 Y-84.4667
G1 Z0.0000 F2500.0
G4 P0.02
G0 X6.5111 Y-87.8667 F15000.0
G1 Z11.9000 F2500.0
G4 P0.02
G1 X11.0444 Y-89.1889 F12000.0
G1 X12.1778 Y-88.4333
G1 X15.4833 Y-88.7167
G1 X8.1167 Y-88.7167
G1 X5.9444 Y-88.0556
G1 X5.5667 Y-88.4333
G1 X6.1333 Y-87.8667
G1 Z0.0000 F2500.0
G4 P0.02
G0 X5.3778 Y-82.5778 F15000.0
G1 Z11.9000 F2500.0
G4 P0.02
G1 X13.7833 Y-84.8444 F12000.0
G1 X16.9944 Y-86.5444
G1 X17.5611 Y-87.6778
G1 X24.1722 Y-89.1889
G1 X23.3222 Y-89.5667
G1 X23.6056 Y-88.8111
G1 X17.4667 Y-87.6778
G1 X15.9556 Y-85.9778
G1 X12.3667 Y-84.7500
G1 X10.6667 Y-87.7722
G1 X9.9111 Y-87.4889
G1 X11.6111 Y-86.9222
G1 X11.8000 Y-84.1833
G1 X8.5889 Y-83.0500
G1 X5.0000 Y-82.5778
G1 Z0.0000 F2500.0
G4 P0.02
G0 X5.0000 Y-78.4222 F15000.0
G1 Z11.9000 F2500.0
G4 P0.02
G1 X5.0000 Y-80.9722 F12000.0
G1 X5.8500 Y-82.1056
G1 X13.6889 Y-83.1444
G1 X19.8278 Y-87.0167
G1 X24.3611 Y-87.1111
G1 X25.6833 Y-86.5444
G1 X25.9667 Y-84.2778
G1 X31.1611 Y-82.2000
G1 X35.6000 Y-80.7833
G1 X27.6667 Y-80.7833
G1 X23.6056 Y-80.1222
G1 X18.2222 Y-80.4056
G1 X14.8222 Y-78.7056
G1 X8.0222 Y-79.2722
G1 X5.0000 Y-78.4222
G1 Z0.0000 F2500.0
G4 P0.02
G0 X5.3778 Y-75.4000 F15000.0
G1 Z11.9000 F2500.0
G4 P0.02
G1 X8.4000 Y-75.3056 F12000.0
G1 X9.8167 Y-77.5722
G1 X12.3667 Y-76.1556
G1 X18.5056 Y-77.3833
G1 X20.3000 Y-76.6278
G1 X23.3222 Y-77.1944
G1 X24.4556 Y-77.7611
G1 X25.2111 Y-76.5333
G1 X28.4222 Y-78.5167
G1 X33.4278 Y-78.4222
G1 X32.8611 Y-78.4222
G1 X35.0333 Y-79.5556
G1 X25.4944 Y-77.8556
G1 X24.9278 Y-76.9111
G1 X24.2667 Y-77.9500
G1 X20.4889 Y-78.0444
G1 X23.0389 Y-77.4778
G1 X19.1667 Y-76.9111
G1 X17.1833 Y-77.7611
G1 X12.3667 Y-76.1556
G1 X9.8167 Y-77.6667
G1 X8.4000 Y-75.4000
G1 X5.0000 Y-75.0222
G1 Z0.0000 F2500.0
G4 P0.02
G0 X26.9111 Y-141.8889 F15000.0
G1 Z11.9000 F2500.0
G4 P0.02
G1 X26.0611 Y-143.1167 F12000.0
G1 X26.7222 Y-143.3056
G1 X26.5333 Y-142.7389
G1 X27.2889 Y-142.1722
G1 X28.6111 Y-144.6278
G1 X24.8333 Y-143.7778
G1 X24.1722 Y-142.8333
G1 X24.7389 Y-144.7222
G1 X28.8944 Y-144.3444
G1 X28.3278 Y-142.9278
G1 X28.7056 Y-142.4556
G1 X27.2889 Y-141.8889
G1 Z0.0000 F2500.0
G4 P0.02
G0 X18.6000 Y-152.4667 F15000.0
G1 Z11.9000 F2500.0
G4 P0.02
G1 X18.2222 Y-153.1278 F12000.0
G1 X19.9222 Y-153.7889
G1 X14.8222 Y-153.8833
G1 X24.6444 Y-155.2056
G1 X20.9611 Y-154.5444
G1 X23.5111 Y-154.5444
G1 X19.8278 Y-154.0722
G1 X19.8278 Y-153.1278
G1 X18.9778 Y-152.8444
G1 Z0.0000 F2500.0
G4 P0.02
G0 X19.7333 Y-156.6222 F15000.0
G1 Z11.9000 F2500.0
G4 P0.02
G1 X23.3222 Y-160.4000 F12000.0
G1 X22.7556 Y-159.0778
G1 X28.3278 Y-158.9833
G1 X28.1389 Y-157.2833
G1 X23.6056 Y-157.1889
G1 X24.7389 Y-158.0389
G1 X23.0389 Y-158.9833
G1 X19.9222 Y-156.9056
G1 X22.6611 Y-157.2833
G1 X20.1111 Y-156.6222
G1 Z0.0000 F2500.0
G4 P0.02
G0 X24.2667 Y-164.1778 F15000.0
G1 Z11.9000 F2500.0
G4 P0.02
G1 X28.0444 Y-165.2167 F12000.0
G1 X25.7778 Y-168.6167
G1 X27.1000 Y-167.8611
G1 X26.7222 Y-169.0889
G1 X27.4778 Y-168.1444
G1 X27.2889 Y-170.3167
G1 X29.9333 Y-167.0111
G1 X29.1778 Y-165.8778
G1 X30.1222 Y-165.2167
G1 X28.8944 Y-165.6889
G1 X29.4611 Y-167.4833
G1 X27.7611 Y-168.0500
G1 X27.1944 Y-166.9167
G1 X28.0444 Y-164.9333
G1 X24.6444 Y-164.1778
G1 Z0.0000 F2500.0
G4 P0.02
G0 X26.1556 Y-165.6889 F15000.0
G1 Z11.9000 F2500.0
G4 P0.02
G1 X22.5667 Y-166.3500 F12000.0
G1 X22.5667 Y-168.9000
G1 X19.2611 Y-169.8444
G1 X19.6389 Y-168.4278
G1 X20.9611 Y-168.2389
G1 X19.0722 Y-168.8056
G1 X18.7889 Y-170.8833
G1 X15.1056 Y-170.2222
G1 X18.7889 Y-171.4500
G1 X18.5056 Y-172.0167
G1 X20.1111 Y-169.8444
G1 X21.5278 Y-170.1278
G1 X18.8833 Y-173.2444
G1 X21.1500 Y-170.6944
G1 X21.7167 Y-171.1667
G1 X21.3389 Y-171.4500
G1 X22.3778 Y-170.4111
G1 X21.6222 Y-169.7500
G1 X22.5667 Y-168.6167
G1 X22.9444 Y-166.2556
G1 X23.7000 Y-168.2389
G1 X23.7000 Y-166.8222
G1 X26.5333 Y-166.0667
G1 Z0.0000 F2500.0
G4 P0.02
G0 X24.2667 Y-169.0889 F15000.0
G1 Z11.9000 F2500.0
G4 P0.02
G1 X23.6056 Y-170.3167 F12000.0
G1 X27.8556 Y-174.8500
G1 X27.5722 Y-175.4167
G1 X29.5556 Y-175.9833
G1 X26.4389 Y-178.0611
G1 X29.4611 Y-177.5889
G1 X29.7444 Y-177.0222
G1 X33.5222 Y-178.0611
G1 X30.5944 Y-178.8167
G1 X33.7111 Y-179.1944
G1 X36.7333 Y-180.5167
G1 X39.2833 Y-180.7056
G1 X42.2111 Y-178.9111
G1 X40.7000 Y-177.6833
G1 X42.9667 Y-178.2500
G1 X42.6833 Y-179.3833
G1 X47.4056 Y-180.7056
G1 X47.4056 Y-181.5556
G1 X46.8389 Y-181.4611
G1 X47.5000 Y-180.9889
G1 X42.6833 Y-179.5722
G1 X38.7167 Y-181.4611
G1 X41.5500 Y-183.2556
G1 X38.9056 Y-184.2944
G1 X37.7722 Y-181.0833
G1 X37.3944 Y-181.6500
G1 X32.2944 Y-179.1944
G1 X34.7500 Y-181.3667
G1 X32.7667 Y-181.2722
G1 X32.7667 Y-179.8556
G1 X31.6333 Y-179.8556
G1 X31.9167 Y-178.7222
G1 X30.4056 Y-180.3278
G1 X31.1611 Y-181.5556
G1 X29.7444 Y-182.8778
G1 X30.6889 Y-183.1611
G1 X31.6333 Y-182.5000
G1 X31.6333 Y-183.2556
G1 X34.1833 Y-183.5389
G1 X36.5444 Y-181.5556
G1 X34.3722 Y-184.0111
G1 X26.6278 Y-183.4444
G1 X23.3222 Y-186.5611
G1 X23.0389 Y-183.8222
G1 X23.6056 Y-183.9167
G1 X24.5500 Y-184.8611
G1 X26.1556 Y-182.9722
G1 X24.2667 Y-182.1222
G1 X23.0389 Y-182.7833
G1 X22.0000 Y-182.0278
G1 X23.4167 Y-182.0278
G1 X22.3778 Y-180.5167
G1 X21.5278 Y-180.6111
G1 X19.2611 Y-182.2167
G1 X16.3333 Y-182.3111
G1 X15.3889 Y-183.5389
G1 X16.5222 Y-181.7444
G1 X14.5389 Y-180.8944
G1 X14.5389 Y-179.7611
G1 X12.5556 Y-181.0833
G1 X10.8556 Y-181.1778
G1 X12.3667 Y-179.6667
G1 X12.3667 Y-181.0833
G1 X14.5389 Y-178.8167
G1 X14.5389 Y-177.2111
G1 X13.6889 Y-176.0778
G1 X16.1444 Y-175.3222
G1 X13.8778 Y-176.4556
G1 X15.2944 Y-176.7389
G1 X14.6333 Y-177.2111
G1 X16.5222 Y-177.4944
G1 X17.4667 Y-176.9278
G1 X18.2222 Y-177.5889
G1 X14.7278 Y-178.1556
G1 X15.4833 Y-179.9500
G1 X14.7278 Y-180.9889
G1 X16.4278 Y-181.0833
G1 X17.5611 Y-182.2167
G1 X18.4111 Y-180.9889
G1 X18.0333 Y-180.6111
G1 X18.7889 Y-180.8944
G1 X20.0167 Y-180.3278
G1 X18.6944 Y-181.6500
G1 X19.7333 Y-182.2167
G1 X22.0944 Y-179.3833
G1 X24.0778 Y-182.2167
G1 X24.1722 Y-181.4611
G1 X25.2111 Y-182.1222
G1 X25.4944 Y-181.3667
G1 X25.1167 Y-180.5167
G1 X26.4389 Y-179.8556
G1 X25.2111 Y-180.9889
G1 X25.4000 Y-182.5000
G1 X29.2722 Y-182.7833
G1 X27.7611 Y-180.4222
G1 X27.1000 Y-180.3278
G1 X27.5722 Y-179.3833
G1 X30.5000 Y-179.1000
G1 X30.2167 Y-178.2500
G1 X30.7833 Y-177.3056
G1 X29.6500 Y-177.4000
G1 X28.2333 Y-178.4389
G1 X26.3444 Y-178.4389
G1 X25.9667 Y-179.0056
G1 X26.5333 Y-176.9278
G1 X27.9500 Y-176.0778
G1 X25.2111 Y-175.0389
G1 X25.4000 Y-174.2833
G1 X26.5333 Y-173.4333
G1 X23.6056 Y-170.2222
G1 X23.8889 Y-169.0889
G1 Z0.0000 F2500.0
G4 P0.02
G0 X18.6000 Y-175.1333 F15000.0
G1 Z11.9000 F2500.0
G4 P0.02
G1 X19.7333 Y-177.2111 F12000.0
G1 X21.2444 Y-176.9278
G1 X23.9833 Y-179.8556
G1 X24.0778 Y-178.6278
G1 X22.9444 Y-178.6278
G1 X20.5833 Y-175.4167
G1 X19.6389 Y-177.0222
G1 X18.6000 Y-175.5111
G1 Z0.0000 F2500.0
G4 P0.02
G0 X15.7932 Y-181.0488 F15000.0
G1 Z11.9000 F2500.0
G4 P0.02
G1 X6.8751 Y-179.0826 F12000.0
G1 Z0.0000 F2500.0
G4 P0.02
G0 X7.2667 Y-177.4000 F15000.0
G1 Z11.9000 F2500.0
G4 P0.02
G1 X8.7778 Y-177.8722 F12000.0
G1 X7.7389 Y-178.3444
G1 X8.6833 Y-178.7222
G1 X7.5500 Y-179.8556
G1 X6.9833 Y-179.5722
G1 X5.4722 Y-182.8778
G1 X5.2833 Y-181.7444
G1 X6.3222 Y-181.9333
G1 X6.4167 Y-179.2889
G1 X7.5500 Y-178.7222
G1 X6.1333 Y-177.9667
G1 X5.2833 Y-178.3444
G1 X7.5500 Y-177.5889
G1 X7.2667 Y-177.0222
G1 Z0.0000 F2500.0
G4 P0.02
G0 X8.4000 Y-182.3111 F15000.0
G1 Z11.9000 F2500.0
G4 P0.02
G1 X8.4944 Y-183.2556 F12000.0
G1 X6.4167 Y-183.4444
G1 X5.2833 Y-184.7667
G1 X5.8500 Y-185.4278
G1 X5.2833 Y-185.6167
G1 X5.9444 Y-185.1444
G1 X5.6611 Y-184.2944
G1 X7.7389 Y-183.7278
G1 X8.1167 Y-184.2944
G1 X9.3444 Y-184.6722
G1 X6.3222 Y-187.4111
G1 X5.9444 Y-187.0333
G1 X7.8333 Y-189.6778
G1 X8.0222 Y-188.6389
G1 X7.3611 Y-186.8444
G1 X8.9667 Y-185.9000
G1 X8.8722 Y-187.9778
G1 X10.0056 Y-186.2778
G1 X13.3111 Y-187.0333
G1 X14.1611 Y-185.4278
G1 X12.7444 Y-185.4278
G1 X13.5000 Y-184.0111
G1 X14.0667 Y-183.9167
G1 X9.4389 Y-183.3500
G1 X9.9111 Y-182.9722
G1 X8.7778 Y-182.6889
G1 Z0.0000 F2500.0
G4 P0.02
G0 X8.4000 Y-187.9778 F15000.0
G1 Z11.9000 F2500.0
G4 P0.02
G1 X11.0444 Y-186.8444 F12000.0
G1 X16.2389 Y-190.3389
G1 X11.5167 Y-191.1889
G1 X8.4000 Y-187.9778
G1 Z0.0000 F2500.0
G4 P0.02
G0 X15.2000 Y-185.3333 F15000.0
G1 Z11.9000 F2500.0
G4 P0.02
G1 X17.9389 Y-184.6722 F12000.0
G1 X20.8667 Y-186.7500
G1 X19.7333 Y-188.4500
G1 X15.8611 Y-188.5444
G1 X15.2000 Y-185.3333
G1 Z0.0000 F2500.0
G4 P0.02
G0 X19.3556 Y-184.2000 F15000.0
G1 Z11.9000 F2500.0
G4 P0.02
G1 X20.5833 Y-186.2778 F12000.0
G1 X21.0556 Y-186.1833
G1 X20.7722 Y-187.6000
G1 X16.8056 Y-189.3000
G1 X15.9556 Y-187.0333
G1 X17.5611 Y-188.6389
G1 X19.5444 Y-187.7889
G1 X20.3000 Y-188.0722
G1 X19.8278 Y-185.9944
G1 X18.6944 Y-186.0889
G1 X17.8444 Y-186.6556
G1 X19.3556 Y-183.8222
G1 Z0.0000 F2500.0
G4 P0.02
G0 X22.0000 Y-186.0889 F15000.0
G1 Z11.9000 F2500.0
G4 P0.02
G1 X22.9444 Y-189.0167 F12000.0
G1 X23.7000 Y-189.9611
G1 X18.6944 Y-190.0556
G1 X19.5444 Y-189.4889
G1 X22.1889 Y-191.8500
G1 X20.3000 Y-193.6444
G1 X18.6944 Y-191.8500
G1 X19.3556 Y-191.1889
G1 X20.2056 Y-191.5667
G1 X18.1278 Y-192.0389
G1 X18.6944 Y-192.6056
G1 X16.0500 Y-194.1167
G1 X17.2778 Y-192.6056
G1 X14.5389 Y-191.0944
G1 X15.1056 Y-189.6778
G1 X13.1222 Y-189.3944
G1 X14.7278 Y-190.5278
G1 X15.0111 Y-191.5667
G1 X16.5222 Y-193.1722
G1 X15.3889 Y-193.9278
G1 X12.4611 Y-194.3056
G1 X13.5944 Y-194.5889
G1 X11.6111 Y-195.3444
G1 X7.1722 Y-194.1167
G1 X7.4556 Y-192.9833
G1 X9.3444 Y-193.1722
G1 X8.8722 Y-192.1333
G1 X6.6056 Y-191.1889
G1 X5.8500 Y-192.3222
G1 X5.2833 Y-191.9444
G1 X5.5667 Y-193.1722
G1 X5.0944 Y-193.1722
G1 X6.1333 Y-194.7778
G1 X5.3778 Y-195.7222
G1 X6.5111 Y-194.4000
G1 X8.2111 Y-195.8167
G1 X12.8389 Y-196.7611
G1 X14.0667 Y-196.1944
G1 X14.8222 Y-196.7611
G1 X13.8778 Y-195.6278
G1 X13.9722 Y-193.8333
G1 X16.5222 Y-194.5889
G1 X15.1056 Y-195.9111
G1 X18.4111 Y-193.2667
G1 X21.2444 Y-193.6444
G1 X22.9444 Y-192.6056
G1 X24.7389 Y-192.6056
G1 X25.5889 Y-191.3778
G1 X24.4556 Y-191.3778
G1 X24.9278 Y-192.2278
G1 X22.0944 Y-191.9444
G1 X20.7722 Y-189.5833
G1 X23.0389 Y-190.4333
G1 X24.6444 Y-190.1500
G1 X28.3278 Y-190.4333
G1 X30.0278 Y-192.1333
G1 X30.5944 Y-191.0944
G1 X31.1611 Y-191.2833
G1 X27.3833 Y-189.1111
G1 X28.0444 Y-188.2611
G1 X29.4611 Y-190.1500
G1 X33.2389 Y-191.1889
G1 X32.7667 Y-191.5667
G1 X32.7667 Y-192.7000
G1 X31.6333 Y-192.3222
G1 X35.5056 Y-191.5667
G1 X34.2778 Y-190.8111
G1 X35.9778 Y-190.8111
G1 X34.5611 Y-190.5278
G1 X33.6167 Y-191.1889
G1 X30.8778 Y-189.7722
G1 X29.2722 Y-188.8278
G1 X31.5389 Y-188.4500
G1 X29.0833 Y-188.0722
G1 X29.9333 Y-187.1278
G1 X28.8000 Y-187.1278
G1 X28.2333 Y-188.2611
G1 X27.1000 Y-186.8444
G1 X27.1000 Y-188.1667
G1 X26.1556 Y-187.9778
G1 X24.1722 Y-188.8278
G1 X22.0000 Y-186.4667
G1 Z0.0000 F2500.0
G4 P0.02
G0 X26.1556 Y-192.1333 F15000.0
G1 Z11.9000 F2500.0
G4 P0.02
G1 X23.7944 Y-194.4944 F12000.0
G1 X24.4556 Y-195.0611
G1 X23.5111 Y-195.6278
G1 X22.4722 Y-194.4000
G1 X21.5278 Y-195.3444
G1 X19.5444 Y-195.0611
G1 X19.7333 Y-194.6833
G1 X17.7500 Y-194.7778
G1 X19.1667 Y-196.1944
G1 X16.8056 Y-196.8556
G1 X16.2389 Y-197.9889
G1 X6.0389 Y-196.9500
G1 X5.1889 Y-198.0833
G1 X6.6056 Y-196.7611
G1 X7.6444 Y-197.1389
G1 X6.6056 Y-197.6111
G1 X8.4944 Y-196.9500
G1 X8.2111 Y-198.4611
G1 X9.7222 Y-197.3278
G1 X11.1389 Y-198.5556
G1 X10.1944 Y-199.4056
G1 X9.6278 Y-198.6500
G1 X8.9667 Y-199.4056
G1 X10.1000 Y-200.7278
G1 X9.8167 Y-199.8778
G1 X12.2722 Y-200.6333
G1 X14.0667 Y-200.6333
G1 X10.4778 Y-199.5000
G1 X16.0500 Y-199.2167
G1 X15.3889 Y-200.6333
G1 X15.6722 Y-201.4833
G1 X13.6889 Y-201.2944
G1 X15.8611 Y-201.3889
G1 X16.5222 Y-200.2556
G1 X16.9000 Y-201.0111
G1 X18.3167 Y-200.9167
G1 X15.2944 Y-199.0278
G1 X11.5167 Y-198.3667
G1 X13.9722 Y-197.6111
G1 X18.4111 Y-197.3278
G1 X18.6944 Y-196.1000
G1 X21.1500 Y-196.2889
G1 X22.4722 Y-195.4389
G1 X23.8889 Y-196.6667
G1 X23.8889 Y-197.3278
G1 X25.1167 Y-193.8333
G1 X25.4944 Y-194.1167
G1 X26.1556 Y-192.5111
G1 Z0.0000 F2500.0
G4 P0.02
G0 X27.6667 Y-192.5111 F15000.0
G1 Z11.9000 F2500.0
G4 P0.02
G1 X25.4944 Y-196.4778 F12000.0
G1 X26.4389 Y-196.5722
G1 X26.3444 Y-197.0444
G1 X27.0056 Y-196.1944
G1 X27.1944 Y-196.6667
G1 X26.8167 Y-195.4389
G1 X26.3444 Y-196.0056
G1 X26.1556 Y-194.7778
G1 X27.6667 Y-194.0222
G1 X28.5167 Y-195.7222
G1 X28.8944 Y-195.0611
G1 X27.4778 Y-193.3611
G1 X28.0444 Y-192.5111
G1 Z0.0000 F2500.0
G4 P0.02
G0 X24.6444 Y-196.6667 F15000.0
G1 Z11.9000 F2500.0
G4 P0.02
G1 X24.5500 Y-199.4056 F12000.0
G1 X26.2500 Y-200.6333
G1 X27.1000 Y-200.6333
G1 X27.1000 Y-204.8833
G1 X26.2500 Y-204.0333
G1 X25.9667 Y-205.1667
G1 X24.5500 Y-202.9000
G1 X23.6056 Y-204.3167
G1 X23.6056 Y-202.4278
G1 X23.0389 Y-201.0111
G1 X24.0778 Y-204.7889
G1 X22.0944 Y-207.3389
G1 X25.5889 Y-208.6611
G1 X27.9500 Y-207.8111
G1 X29.3667 Y-205.8278
G1 X30.0278 Y-205.6389
G1 X28.6111 Y-205.1667
G1 X28.7056 Y-206.2056
G1 X27.1000 Y-207.4333
G1 X26.8167 Y-205.5444
G1 X27.4778 Y-204.6944
G1 X27.0056 Y-200.3500
G1 X25.4944 Y-200.5389
G1 X24.6444 Y-197.0444
G1 Z0.0000 F2500.0
G4 P0.02
G0 X23.9831 Y-196.1614 F15000.0
G1 Z11.9000 F2500.0
G4 P0.02
G1 X28.1307 Y-206.1955 F12000.0
G1 Z0.0000 F2500.0
G4 P0.02
G0 X29.5556 Y-207.2444 F15000.0
G1 Z11.9000 F2500.0
G4 P0.02
G1 X28.3278 Y-209.7944 F12000.0
G1 X27.3833 Y-210.3611
G1 X29.0833 Y-210.0778
G1 X28.8000 Y-212.7222
G1 X29.6500 Y-211.9667
G1 X28.9889 Y-210.4556
G1 X29.6500 Y-210.2667
G1 X29.8389 Y-210.7389
G1 X30.0278 Y-208.4722
G1 X28.8944 Y-209.6056
G1 X29.1778 Y-207.6222
G1 Z0.0000 F2500.0
G4 P0.02
G0 X25.0222 Y-211.0222 F15000.0
G1 Z11.9000 F2500.0
G4 P0.02
G1 X26.2500 Y-208.7556 F12000.0
G1 X29.5556 Y-206.6778
G1 X39.0000 Y-207.7167
G1 X39.7556 Y-208.8500
G1 X36.6389 Y-212.7222
G1 X27.7611 Y-214.2333
G1 X25.0222 Y-211.0222
G1 Z0.0000 F2500.0
G4 P0.02
G0 X18.9778 Y-217.0667 F15000.0
G1 Z11.9000 F2500.0
G4 P0.02
G1 X19.7333 Y-218.5778 F12000.0
G1 X18.1278 Y-217.7278
G1 X16.9000 Y-218.8611
G1 X19.9222 Y-220.0889
G1 X21.3389 Y-221.1278
G1 X25.1167 Y-220.8444
G1 X24.8333 Y-218.8611
G1 X22.6611 Y-219.2389
G1 X24.7389 Y-218.3889
G1 X25.5889 Y-218.3889
G1 X24.7389 Y-220.9389
G1 X20.0167 Y-223.2056
G1 X20.6778 Y-223.5833
G1 X19.9222 Y-223.1111
G1 X19.5444 Y-221.3167
G1 X20.3000 Y-222.6389
G1 X19.8278 Y-220.3722
G1 X17.2778 Y-220.0889
G1 X17.2778 Y-221.5056
G1 X18.2222 Y-220.7500
G1 X16.9000 Y-221.6944
G1 X15.8611 Y-220.9389
G1 X17.1833 Y-223.7722
G1 X14.3500 Y-221.3167
G1 X15.4833 Y-220.9389
G1 X15.1056 Y-218.4833
G1 X15.8611 Y-218.4833
G1 X16.0500 Y-219.8056
G1 X15.4833 Y-220.2778
G1 X16.6167 Y-220.5611
G1 X17.2778 Y-219.5222
G1 X16.9944 Y-217.5389
G1 X18.6000 Y-216.6889
G1 Z0.0000 F2500.0
G4 P0.02
G0 X20.8667 Y-197.8000 F15000.0
G1 Z11.9000 F2500.0
G4 P0.02
G1 X22.1889 Y-198.0833 F12000.0
G1 X21.9056 Y-199.5000
G1 X21.8111 Y-197.5167
G1 X21.0556 Y-199.1222
G1 X21.9056 Y-202.8056
G1 X20.6778 Y-203.3722
G1 X20.9611 Y-203.8444
G1 X20.0167 Y-202.9944
G1 X22.0000 Y-205.9222
G1 X19.5444 Y-206.6778
G1 X19.4500 Y-208.1889
G1 X19.4500 Y-207.3389
G1 X17.6556 Y-208.9444
G1 X18.4111 Y-212.4389
G1 X16.9000 Y-210.6444
G1 X14.8222 Y-210.8333
G1 X18.0333 Y-209.8889
G1 X17.2778 Y-208.9444
G1 X16.7111 Y-209.7944
G1 X13.8778 Y-210.4556
G1 X13.8778 Y-211.6833
G1 X13.0278 Y-211.6833
G1 X16.0500 Y-213.1000
G1 X17.3722 Y-213.4778
G1 X16.6167 Y-214.5167
G1 X13.0278 Y-213.4778
G1 X12.5556 Y-214.4222
G1 X14.0667 Y-215.4611
G1 X14.9167 Y-215.0833
G1 X14.3500 Y-214.8000
G1 X15.4833 Y-215.3667
G1 X11.8944 Y-214.8000
G1 X11.7056 Y-213.3833
G1 X10.0056 Y-212.6278
G1 X10.8556 Y-211.9667
G1 X12.8389 Y-212.1556
G1 X13.0278 Y-210.3611
G1 X9.6278 Y-210.1722
G1 X6.0389 Y-214.6111
G1 X8.5889 Y-215.6500
G1 X9.3444 Y-216.7833
G1 X10.0056 Y-215.0833
G1 X9.6278 Y-214.8944
G1 X10.5722 Y-215.0833
G1 X9.0611 Y-217.6333
G1 X11.0444 Y-217.1611
G1 X11.8944 Y-216.1222
G1 X11.5167 Y-217.6333
G1 X12.0833 Y-218.7667
G1 X12.7444 Y-217.1611
G1 X15.4833 Y-216.8778
G1 X15.2944 Y-216.5000
G1 X16.4278 Y-216.7833
G1 X17.8444 Y-214.7056
G1 X19.9222 Y-213.1944
G1 X21.8111 Y-212.7222
G1 X20.7722 Y-211.5889
G1 X19.7333 Y-211.9667
G1 X21.4333 Y-211.9667
G1 X22.8500 Y-213.8556
G1 X22.2833 Y-214.1389
G1 X22.8500 Y-213.1000
G1 X21.7167 Y-212.8167
G1 X20.8667 Y-214.4222
G1 X20.0167 Y-214.3278
G1 X20.2056 Y-213.3833
G1 X18.8833 Y-215.7444
G1 X20.1111 Y-216.0278
G1 X25.3056 Y-213.1000
G1 X22.4722 Y-211.3056
G1 X24.8333 Y-209.4167
G1 X18.9778 Y-210.6444
G1 X19.4500 Y-209.3222
G1 X20.7722 Y-208.3778
G1 X20.5833 Y-207.7167
G1 X20.5833 Y-209.1333
G1 X19.2611 Y-210.5500
G1 X25.0222 Y-209.4167
G1 X22.6611 Y-212.0611
G1 X25.2111 Y-211.4000
G1 X25.9667 Y-212.3444
G1 X26.2500 Y-212.0611
G1 X25.5889 Y-213.0056
G1 X22.0944 Y-215.8389
G1 X21.0556 Y-216.5000
G1 X18.8833 Y-215.7444
G1 X13.5944 Y-218.2944
G1 X12.3667 Y-221.8833
G1 X11.4222 Y-220.0889
G1 X10.8556 Y-221.7889
G1 X8.5889 Y-221.8833
G1 X8.6833 Y-223.3944
G1 X10.8556 Y-223.0167
G1 X11.1389 Y-224.3389
G1 X10.2889 Y-226.0389
G1 X9.2500 Y-225.4722
G1 X10.5722 Y-225.2833
G1 X11.1389 Y-224.3389
G1 X8.4944 Y-222.9222
G1 X8.2111 Y-222.0722
G1 X5.4722 Y-226.1333
G1 X8.3056 Y-221.1278
G1 X7.4556 Y-219.8056
G1 X6.3222 Y-219.9944
G1 X7.4556 Y-219.8056
G1 X7.5500 Y-216.5944
G1 X7.1722 Y-217.2556
G1 X5.1889 Y-216.5944
G1 X8.6833 Y-216.7833
G1 X8.4944 Y-215.5556
G1 X5.2833 Y-214.3278
G1 X5.8500 Y-213.7611
G1 X5.1889 Y-213.0056
G1 X7.0778 Y-211.6833
G1 X6.7000 Y-209.1333
G1 X6.7944 Y-211.1167
G1 X12.2722 Y-209.3222
G1 X13.6889 Y-207.4333
G1 X13.5000 Y-206.4889
G1 X11.4222 Y-205.7333
G1 X8.8722 Y-207.8111
G1 X10.1000 Y-207.4333
G1 X10.0056 Y-205.0722
G1 X8.6833 Y-205.9222
G1 X6.7000 Y-206.3000
G1 X7.4556 Y-208.1889
G1 X7.8333 Y-207.8111
G1 X7.6444 Y-208.5667
G1 X8.3056 Y-208.8500
G1 X6.2278 Y-206.5833
G1 X5.0944 Y-208.0000
G1 X5.3778 Y-204.8833
G1 X6.1333 Y-204.6944
G1 X5.2833 Y-205.3556
G1 X6.6056 Y-206.2056
G1 X9.3444 Y-205.1667
G1 X9.0611 Y-204.1278
G1 X10.2889 Y-202.9000
G1 X7.4556 Y-202.5222
G1 X11.9889 Y-202.4278
G1 X11.6111 Y-201.8611
G1 X12.3667 Y-202.5222
G1 X12.7444 Y-202.1444
G1 X12.4611 Y-202.9944
G1 X13.2167 Y-204.7889
G1 X11.9889 Y-202.8056
G1 X9.6278 Y-204.1278
G1 X9.4389 Y-204.7889
G1 X10.8556 Y-206.2056
G1 X11.9889 Y-205.3556
G1 X14.6333 Y-207.2444
G1 X11.9889 Y-210.0778
G1 X13.5000 Y-210.3611
G1 X17.1833 Y-208.6611
G1 X20.0167 Y-206.2056
G1 X22.0000 Y-205.9222
G1 X19.5444 Y-205.2611
G1 X19.0722 Y-205.8278
G1 X20.0167 Y-204.2222
G1 X20.1111 Y-202.9000
G1 X20.6778 Y-201.6722
G1 X21.5278 Y-201.6722
G1 X20.4889 Y-200.2556
G1 X19.7333 Y-200.6333
G1 X21.0556 Y-197.9889
G1 X20.3944 Y-197.7056
G1 X20.2056 Y-198.2722
G1 X20.4889 Y-197.4222
G1 Z0.0000 F2500.0
G4 P0.02
G0 X33.3333 Y-196.2889 F15000.0
G1 Z11.9000 F2500.0
G4 P0.02
G1 X34.6556 Y-197.2333 F12000.0
G1 X31.7278 Y-197.3278
G1 X31.3500 Y-197.9889
G1 X31.1611 Y-197.6111
G1 X32.8611 Y-198.3667
G1 X31.2556 Y-199.5000
G1 X31.7278 Y-200.2556
G1 X33.6167 Y-197.5167
G1 X35.5056 Y-197.6111
G1 X35.8833 Y-198.2722
G1 X33.7111 Y-196.2889
G1 Z0.0000 F2500.0
G4 P0.02
G0 X31.8222 Y-186.0889 F15000.0
G1 Z11.9000 F2500.0
G4 P0.02
G1 X33.0500 Y-186.4667 F12000.0
G1 X37.2056 Y-187.8833
G1 X32.9556 Y-188.0722
G1 X36.8278 Y-189.6778
G1 X37.3000 Y-189.3944
G1 X37.6778 Y-189.9611
G1 X34.6556 Y-189.3000
G1 X32.5778 Y-189.8667
G1 X33.4278 Y-188.6389
G1 X31.4444 Y-186.0889
G1 Z0.0000 F2500.0
G4 P0.02
G0 X40.8889 Y-180.8000 F15000.0
G1 Z11.9000 F2500.0
G4 P0.02
G1 X44.9500 Y-182.9722 F12000.0
G1 X45.8000 Y-184.0111
G1 X44.9500 Y-183.2556
G1 X45.9889 Y-182.9722
G1 X45.9889 Y-182.4056
G1 X45.2333 Y-182.2167
G1 X44.7611 Y-180.9889
G1 X44.3833 Y-182.3111
G1 X41.2667 Y-180.8000
G1 Z0.0000 F2500.0
G4 P0.02
G0 X42.4000 Y-183.0667 F15000.0
G1 Z11.9000 F2500.0
G4 P0.02
G1 X41.1722 Y-185.1444 F12000.0
G1 X40.9833 Y-184.7667
G1 X40.7000 Y-185.9000
G1 X37.8667 Y-185.8056
G1 X37.0167 Y-184.6722
G1 X37.5833 Y-184.1056
G1 X37.2056 Y-185.9000
G1 X42.7778 Y-185.6167
G1 X41.1722 Y-186.8444
G1 X35.5056 Y-185.9944
G1 X35.9778 Y-185.5222
G1 X35.0333 Y-184.7667
G1 X36.0722 Y-183.9167
G1 X33.9000 Y-186.2778
G1 X34.3722 Y-186.5611
G1 X35.0333 Y-185.1444
G1 X35.9778 Y-186.8444
G1 X39.1889 Y-188.9222
G1 X38.9056 Y-189.2056
G1 X40.2278 Y-188.6389
G1 X41.7389 Y-189.2056
G1 X42.2111 Y-188.7333
G1 X47.0278 Y-192.7000
G1 X44.3833 Y-193.1722
G1 X43.9111 Y-194.8722
G1 X42.0222 Y-194.7778
G1 X41.4556 Y-196.1000
G1 X42.3056 Y-195.8167
G1 X41.8333 Y-197.0444
G1 X38.8111 Y-195.9111
G1 X38.9056 Y-194.5889
G1 X40.1333 Y-194.6833
G1 X37.7722 Y-194.4944
G1 X36.9222 Y-193.9278
G1 X38.6222 Y-196.0056
G1 X36.5444 Y-199.1222
G1 X37.6778 Y-198.8389
G1 X37.3944 Y-203.9389
G1 X37.9611 Y-204.1278
G1 X37.4889 Y-203.6556
G1 X38.7167 Y-203.4667
G1 X38.9056 Y-204.2222
G1 X44.1000 Y-204.7889
G1 X39.0000 Y-205.6389
G1 X38.1500 Y-207.0556
G1 X35.7889 Y-205.9222
G1 X35.4111 Y-206.3000
G1 X36.2611 Y-206.0167
G1 X36.9222 Y-206.9611
G1 X36.5444 Y-207.1500
G1 X39.0944 Y-206.2056
G1 X40.2278 Y-205.2611
G1 X43.3444 Y-205.5444
G1 X42.5889 Y-207.1500
G1 X40.7944 Y-206.8667
G1 X43.4389 Y-208.3778
G1 X45.1389 Y-206.8667
G1 X44.4778 Y-206.9611
G1 X44.6667 Y-207.5278
G1 X42.6833 Y-208.0944
G1 X44.1000 Y-200.6333
G1 X44.0056 Y-202.8056
G1 X42.9667 Y-202.6167
G1 X43.2500 Y-202.3333
G1 X42.4944 Y-202.5222
G1 X40.1333 Y-203.2778
G1 X41.1722 Y-201.8611
G1 X39.3778 Y-202.9944
G1 X38.3389 Y-202.5222
G1 X40.4167 Y-200.5389
G1 X38.8111 Y-199.8778
G1 X40.6056 Y-199.5944
G1 X39.9444 Y-199.0278
G1 X41.0778 Y-198.3667
G1 X42.5889 Y-198.8389
G1 X41.8333 Y-197.2333
G1 X44.0056 Y-196.4778
G1 X42.5889 Y-196.2889
G1 X42.5889 Y-195.0611
G1 X45.4222 Y-195.1556
G1 X46.2722 Y-193.4556
G1 X47.6889 Y-193.9278
G1 X46.7444 Y-193.3611
G1 X49.0111 Y-193.5500
G1 X49.6722 Y-192.4167
G1 X53.8278 Y-193.9278
G1 X53.5444 Y-195.3444
G1 X51.8444 Y-194.5889
G1 X52.9778 Y-195.3444
G1 X54.6778 Y-193.4556
G1 X49.0111 Y-192.3222
G1 X47.5944 Y-192.3222
G1 X47.7833 Y-190.4333
G1 X46.5556 Y-191.9444
G1 X44.0056 Y-189.5833
G1 X42.6833 Y-188.9222
G1 X44.9500 Y-188.6389
G1 X46.3667 Y-190.5278
G1 X46.2722 Y-189.0167
G1 X47.5944 Y-188.5444
G1 X48.1611 Y-187.6000
G1 X48.4444 Y-188.3556
G1 X48.1611 Y-187.4111
G1 X45.7056 Y-187.7889
G1 X46.2722 Y-188.6389
G1 X42.1167 Y-188.1667
G1 X43.8167 Y-187.6000
G1 X41.1722 Y-188.9222
G1 X38.7167 Y-187.4111
G1 X43.7222 Y-185.7111
G1 X42.8722 Y-184.7667
G1 X41.7389 Y-185.0500
G1 X42.4944 Y-183.8222
G1 X44.4778 Y-184.5778
G1 X42.7778 Y-183.0667
G1 Z0.0000 F2500.0
G4 P0.02
G0 X43.1556 Y-189.1111 F15000.0
G1 Z11.9000 F2500.0
G4 P0.02
G1 X45.2333 Y-188.7333 F12000.0
G1 X52.9778 Y-191.9444
G1 X48.7278 Y-192.7944
G1 X43.1556 Y-189.1111
G1 Z0.0000 F2500.0
G4 P0.02
G0 X44.2889 Y-198.9333 F15000.0
G1 Z11.9000 F2500.0
G4 P0.02
G1 X45.4222 Y-200.0667 F12000.0
G1 X45.1389 Y-203.4667
G1 X45.6111 Y-202.9000
G1 X45.6111 Y-204.8833
G1 X46.6500 Y-204.8833
G1 X45.9889 Y-203.3722
G1 X49.1056 Y-205.1667
G1 X47.4056 Y-206.9611
G1 X47.5000 Y-209.7944
G1 X48.9167 Y-210.0778
G1 X41.2667 Y-213.1000
G1 X40.5111 Y-212.1556
G1 X43.9111 Y-210.5500
G1 X40.9833 Y-211.4000
G1 X39.9444 Y-212.3444
G1 X40.1333 Y-213.1000
G1 X38.7167 Y-213.0056
G1 X38.4333 Y-212.2500
G1 X38.7167 Y-213.1000
G1 X36.0722 Y-214.7056
G1 X36.2611 Y-215.6500
G1 X38.4333 Y-214.9889
G1 X38.4333 Y-216.1222
G1 X35.8833 Y-216.8778
G1 X36.9222 Y-216.8778
G1 X36.5444 Y-217.3500
G1 X37.3000 Y-217.7278
G1 X36.3556 Y-218.3889
G1 X32.7667 Y-217.5389
G1 X33.4278 Y-216.8778
G1 X33.6167 Y-217.2556
G1 X32.7667 Y-215.3667
G1 X32.9556 Y-214.9889
G1 X31.2556 Y-216.4056
G1 X30.7833 Y-215.3667
G1 X28.7056 Y-214.9889
G1 X28.8944 Y-214.5167
G1 X25.5889 Y-215.7444
G1 X24.1722 Y-215.4611
G1 X23.9833 Y-217.6333
G1 X22.3778 Y-217.3500
G1 X22.9444 Y-218.2000
G1 X25.9667 Y-216.5000
G1 X25.7778 Y-217.1611
G1 X26.6278 Y-217.2556
G1 X26.1556 Y-216.2167
G1 X28.1389 Y-214.9889
G1 X30.9722 Y-216.2167
G1 X30.2167 Y-216.9722
G1 X29.0833 Y-216.7833
G1 X31.6333 Y-217.0667
G1 X33.9000 Y-218.3889
G1 X38.3389 Y-218.4833
G1 X38.9056 Y-219.1444
G1 X39.1889 Y-218.2944
G1 X39.1889 Y-220.2778
G1 X37.6778 Y-219.9000
G1 X37.9611 Y-222.7333
G1 X39.4722 Y-221.7889
G1 X38.0556 Y-223.4889
G1 X40.1333 Y-222.8278
G1 X40.9833 Y-224.3389
G1 X39.1889 Y-224.1500
G1 X36.9222 Y-224.7167
G1 X35.7889 Y-224.1500
G1 X38.4333 Y-224.9056
G1 X36.5444 Y-228.2111
G1 X38.5278 Y-228.9667
G1 X40.4167 Y-227.8333
G1 X40.4167 Y-228.3056
G1 X41.4556 Y-228.4000
G1 X41.0778 Y-229.7222
G1 X38.9056 Y-229.4389
G1 X36.7333 Y-229.5333
G1 X34.6556 Y-227.1722
G1 X33.3333 Y-227.1722
G1 X34.7500 Y-228.8722
G1 X34.7500 Y-227.4556
G1 X35.9778 Y-229.6278
G1 X32.1056 Y-231.3278
G1 X34.2778 Y-231.6111
G1 X30.8778 Y-231.8944
G1 X30.5944 Y-230.4778
G1 X33.6167 Y-229.3444
G1 X32.5778 Y-228.3056
G1 X29.2722 Y-229.2500
G1 X30.5944 Y-226.4167
G1 X32.0111 Y-226.7944
G1 X31.3500 Y-226.0389
G1 X30.9722 Y-226.7000
G1 X30.1222 Y-226.1333
G1 X28.9889 Y-228.4944
G1 X25.0222 Y-226.7000
G1 X22.5667 Y-226.8889
G1 X22.4722 Y-225.5667
G1 X23.6056 Y-225.8500
G1 X23.9833 Y-223.3000
G1 X23.0389 Y-225.8500
G1 X22.1889 Y-225.2833
G1 X21.4333 Y-226.7944
G1 X22.2833 Y-227.0778
G1 X22.3778 Y-227.5500
G1 X23.7000 Y-227.5500
G1 X23.6056 Y-228.5889
G1 X22.7556 Y-228.3056
G1 X24.8333 Y-228.2111
G1 X24.0778 Y-227.0778
G1 X26.0611 Y-227.0778
G1 X25.9667 Y-227.5500
G1 X28.8944 Y-228.4944
G1 X30.4056 Y-230.9500
G1 X29.2722 Y-231.6111
G1 X27.8556 Y-230.1944
G1 X27.7611 Y-228.8722
G1 X26.6278 Y-230.0056
G1 X28.2333 Y-229.6278
G1 X28.7056 Y-231.6111
G1 X32.2944 Y-232.4611
G1 X33.2389 Y-232.4611
G1 X32.6722 Y-234.9167
G1 X30.5944 Y-234.7278
G1 X31.2556 Y-233.5944
G1 X31.1611 Y-233.1222
G1 X30.1222 Y-234.9167
G1 X30.1222 Y-236.0500
G1 X31.3500 Y-235.2944
G1 X32.7667 Y-235.7667
G1 X31.5389 Y-236.2389
G1 X33.7111 Y-236.9944
G1 X33.1444 Y-238.4111
G1 X31.3500 Y-237.2778
G1 X29.9333 Y-237.8444
G1 X28.0444 Y-234.5389
G1 X26.2500 Y-233.8778
G1 X27.9500 Y-233.1222
G1 X27.1000 Y-232.2722
G1 X25.2111 Y-233.1222
G1 X25.0222 Y-232.3667
G1 X25.9667 Y-230.9500
G1 X24.3611 Y-230.6667
G1 X22.6611 Y-229.6278
G1 X19.5444 Y-229.7222
G1 X23.5111 Y-229.9111
G1 X26.5333 Y-234.5389
G1 X29.0833 Y-236.1444
G1 X29.0833 Y-237.5611
G1 X33.3333 Y-238.3167
G1 X34.2778 Y-237.3722
G1 X33.9944 Y-236.8056
G1 X36.5444 Y-236.2389
G1 X36.4500 Y-235.6722
G1 X38.2444 Y-233.3111
G1 X39.5667 Y-234.7278
G1 X38.1500 Y-235.5778
G1 X38.1500 Y-237.7500
G1 X45.9889 Y-238.2222
G1 X46.5556 Y-239.4500
G1 X47.7833 Y-238.9778
G1 X48.6333 Y-240.3944
G1 X44.2889 Y-242.7556
G1 X40.3222 Y-241.1500
G1 X38.7167 Y-238.7889
G1 X34.8444 Y-240.3944
G1 X34.2778 Y-241.8111
G1 X35.3167 Y-241.5278
G1 X38.3389 Y-243.0389
G1 X35.7889 Y-242.8500
G1 X36.0722 Y-245.1167
G1 X33.8056 Y-245.2111
G1 X36.1667 Y-248.3278
G1 X35.4111 Y-248.9889
G1 X34.4667 Y-247.4778
G1 X32.3889 Y-246.4389
G1 X32.7667 Y-245.2111
G1 X31.0667 Y-245.2111
G1 X32.5778 Y-243.6056
G1 X33.7111 Y-243.6056
G1 X31.7278 Y-241.2444
G1 X33.5222 Y-243.6056
G1 X31.6333 Y-242.7556
G1 X29.9333 Y-244.8333
G1 X31.4444 Y-246.6278
G1 X30.1222 Y-247.0056
G1 X29.4611 Y-246.3444
G1 X29.0833 Y-246.6278
G1 X28.8944 Y-246.0611
G1 X28.6111 Y-247.7611
G1 X29.4611 Y-247.1944
G1 X28.2333 Y-248.8000
G1 X26.0611 Y-247.5722
G1 X25.4944 Y-248.1389
G1 X24.3611 Y-245.4000
G1 X26.0611 Y-244.5500
G1 X26.5333 Y-245.4944
G1 X25.7778 Y-245.7778
G1 X27.3833 Y-245.3056
G1 X27.3833 Y-246.2500
G1 X26.8167 Y-246.5333
G1 X27.7611 Y-245.7778
G1 X27.6667 Y-243.3222
G1 X26.8167 Y-242.4722
G1 X30.5944 Y-242.5667
G1 X30.4056 Y-241.7167
G1 X27.9500 Y-240.6778
G1 X29.0833 Y-240.3944
G1 X30.0278 Y-240.8667
G1 X30.0278 Y-239.5444
G1 X29.4611 Y-239.1667
G1 X29.7444 Y-240.7722
G1 X27.5722 Y-236.9944
G1 X23.9833 Y-235.5778
G1 X23.4167 Y-236.4278
G1 X24.7389 Y-235.9556
G1 X26.4389 Y-237.6556
G1 X27.0056 Y-236.8056
G1 X28.2333 Y-239.5444
G1 X27.3833 Y-239.4500
G1 X27.1944 Y-238.6944
G1 X25.1167 Y-238.0333
G1 X26.1556 Y-239.7333
G1 X19.5444 Y-243.2278
G1 X19.3556 Y-242.0000
G1 X21.3389 Y-240.9611
G1 X18.7889 Y-240.7722
G1 X19.3556 Y-243.0389
G1 X23.0389 Y-243.6056
G1 X22.8500 Y-242.9444
G1 X22.8500 Y-243.7944
G1 X21.4333 Y-243.4167
G1 X20.6778 Y-242.9444
G1 X26.7222 Y-240.7722
G1 X24.3611 Y-242.5667
G1 X23.5111 Y-244.8333
G1 X21.8111 Y-245.0222
G1 X21.7167 Y-246.4389
G1 X21.1500 Y-246.2500
G1 X21.8111 Y-246.7222
G1 X17.1833 Y-247.4778
G1 X17.0889 Y-247.0056
G1 X16.0500 Y-247.4778
G1 X16.9000 Y-247.3833
G1 X17.5611 Y-248.2333
G1 X19.5444 Y-248.3278
G1 X17.2778 Y-250.4056
G1 X17.4667 Y-250.9722
G1 X16.4278 Y-252.1056
G1 X16.8056 Y-252.6722
G1 X17.2778 Y-252.0111
G1 X17.6556 Y-252.2944
G1 X17.5611 Y-250.9722
G1 X19.1667 Y-249.8389
G1 X20.5833 Y-252.1056
G1 X18.6944 Y-251.2556
G1 X18.6944 Y-252.6722
G1 X19.1667 Y-252.1056
G1 X19.8278 Y-252.7667
G1 X22.3778 Y-252.3889
G1 X24.0778 Y-250.9722
G1 X23.8889 Y-252.3889
G1 X23.3222 Y-252.8611
G1 X24.8333 Y-252.4833
G1 X23.7944 Y-249.8389
G1 X22.6611 Y-249.5556
G1 X23.9833 Y-250.5944
G1 X22.6611 Y-250.4056
G1 X23.2278 Y-250.9722
G1 X20.5833 Y-250.5000
G1 X21.0556 Y-249.4611
G1 X19.6389 Y-250.0278
G1 X20.6778 Y-248.3278
G1 X22.0944 Y-248.3278
G1 X19.6389 Y-247.7611
G1 X20.9611 Y-247.0056
G1 X22.1889 Y-247.1944
G1 X22.5667 Y-246.3444
G1 X25.4944 Y-249.4611
G1 X26.5333 Y-249.2722
G1 X25.0222 Y-249.1778
G1 X24.1722 Y-247.9500
G1 X27.1000 Y-247.9500
G1 X29.2722 Y-248.8944
G1 X29.6500 Y-248.3278
G1 X30.4056 Y-250.9722
G1 X29.3667 Y-251.4444
G1 X28.6111 Y-250.5000
G1 X27.6667 Y-250.4056
G1 X27.6667 Y-249.8389
G1 X28.0444 Y-250.7833
G1 X29.0833 Y-251.3500
G1 X28.4222 Y-252.0111
G1 X26.4389 Y-251.4444
G1 X26.6278 Y-250.1222
G1 X26.3444 Y-252.6722
G1 X32.6722 Y-252.1056
G1 X32.8611 Y-252.6722
G1 X32.3889 Y-252.0111
G1 X31.4444 Y-251.9167
G1 X31.2556 Y-251.4444
G1 X30.4056 Y-252.3889
G1 X29.8389 Y-251.6333
G1 X32.1056 Y-249.4611
G1 X32.3889 Y-250.7833
G1 X34.0889 Y-251.9167
G1 X33.9000 Y-251.1611
G1 X32.2000 Y-250.5944
G1 X33.0500 Y-248.6111
G1 X34.3722 Y-248.9889
G1 X35.1278 Y-248.8000
G1 X36.2611 Y-250.2167
G1 X35.0333 Y-252.1056
G1 X36.2611 Y-251.3500
G1 X35.7889 Y-252.7667
G1 X36.7333 Y-249.8389
G1 X37.8667 Y-249.1778
G1 X38.4333 Y-247.8556
G1 X36.4500 Y-247.8556
G1 X35.1278 Y-245.9667
G1 X33.9944 Y-245.1167
G1 X36.6389 Y-245.9667
G1 X37.0167 Y-246.6278
G1 X44.4778 Y-246.2500
G1 X41.4556 Y-244.5500
G1 X42.5889 Y-245.9667
G1 X40.8889 Y-246.2500
G1 X40.4167 Y-242.0000
G1 X42.1167 Y-242.6611
G1 X41.5500 Y-243.2278
G1 X42.8722 Y-244.2667
G1 X42.2111 Y-242.8500
G1 X42.9667 Y-242.1889
G1 X43.2500 Y-243.0389
G1 X46.3667 Y-242.4722
G1 X47.1222 Y-241.8111
G1 X47.5944 Y-242.1889
G1 X47.5944 Y-241.3389
G1 X50.1444 Y-241.8111
G1 X50.1444 Y-240.6778
G1 X52.4111 Y-241.4333
G1 X51.6556 Y-240.0167
G1 X48.2556 Y-241.1500
G1 X49.5778 Y-238.9778
G1 X48.2556 Y-239.7333
G1 X47.4056 Y-238.6944
G1 X44.1000 Y-237.5611
G1 X47.2167 Y-235.7667
G1 X47.7833 Y-236.9000
G1 X47.0278 Y-234.4444
G1 X48.9167 Y-233.4056
G1 X50.6167 Y-234.5389
G1 X50.5222 Y-236.5222
G1 X50.5222 Y-235.6722
G1 X52.9778 Y-234.6333
G1 X52.1278 Y-234.3500
G1 X52.6944 Y-235.4833
G1 X50.5222 Y-234.3500
G1 X52.6000 Y-233.1222
G1 X53.4500 Y-233.5944
G1 X52.8833 Y-233.2167
G1 X53.2611 Y-233.0278
G1 X49.7667 Y-233.1222
G1 X50.1444 Y-231.3278
G1 X51.2778 Y-231.0444
G1 X50.3333 Y-229.2500
G1 X47.6889 Y-229.0611
G1 X45.9889 Y-231.6111
G1 X46.8389 Y-233.0278
G1 X46.0833 Y-231.5167
G1 X47.1222 Y-230.8556
G1 X49.2944 Y-233.1222
G1 X46.3667 Y-234.4444
G1 X45.2333 Y-230.8556
G1 X45.5167 Y-230.2889
G1 X44.9500 Y-234.1611
G1 X44.3833 Y-233.5944
G1 X42.9667 Y-234.1611
G1 X43.8167 Y-231.6111
G1 X41.8333 Y-233.3111
G1 X42.8722 Y-234.6333
G1 X40.3222 Y-235.7667
G1 X39.8500 Y-233.5944
G1 X37.6778 Y-232.8389
G1 X37.4889 Y-234.6333
G1 X35.5056 Y-235.8611
G1 X33.9000 Y-236.5222
G1 X33.6167 Y-234.3500
G1 X34.2778 Y-232.9333
G1 X33.6167 Y-233.6889
G1 X34.1833 Y-231.7056
G1 X35.7889 Y-232.3667
G1 X36.6389 Y-232.3667
G1 X34.3722 Y-230.9500
G1 X35.0333 Y-230.5722
G1 X35.1278 Y-230.0056
G1 X39.5667 Y-230.3833
G1 X39.9444 Y-231.9889
G1 X41.3611 Y-231.4222
G1 X40.7944 Y-230.5722
G1 X42.4944 Y-229.6278
G1 X43.2500 Y-230.7611
G1 X44.4778 Y-229.5333
G1 X44.1000 Y-228.6833
G1 X44.3833 Y-229.8167
G1 X42.8722 Y-230.0056
G1 X43.3444 Y-226.3222
G1 X42.0222 Y-226.6056
G1 X38.3389 Y-225.5667
G1 X41.8333 Y-224.5278
G1 X42.4944 Y-225.1889
G1 X44.8556 Y-223.8667
G1 X45.9889 Y-224.8111
G1 X45.7056 Y-223.6778
G1 X42.8722 Y-224.7167
G1 X44.0056 Y-222.5444
G1 X44.1944 Y-222.9222
G1 X43.8167 Y-220.7500
G1 X44.3833 Y-220.0889
G1 X43.8167 Y-219.3333
G1 X49.4833 Y-215.4611
G1 X48.3500 Y-216.8778
G1 X44.5722 Y-218.4833
G1 X43.0611 Y-218.6722
G1 X44.3833 Y-220.3722
G1 X41.9278 Y-219.3333
G1 X42.4000 Y-217.3500
G1 X45.0444 Y-216.7833
G1 X44.1944 Y-214.9889
G1 X48.0667 Y-214.8000
G1 X49.3889 Y-213.8556
G1 X49.7667 Y-214.2333
G1 X49.3889 Y-212.2500
G1 X46.8389 Y-211.9667
G1 X49.4833 Y-209.7944
G1 X49.4833 Y-209.0389
G1 X48.8222 Y-209.7000
G1 X47.9722 Y-208.7556
G1 X49.4833 Y-204.4111
G1 X48.8222 Y-204.6944
G1 X45.8944 Y-202.8056
G1 X44.6667 Y-199.3111
G1 Z0.0000 F2500.0
G4 P0.02
G0 X47.3111 Y-220.0889 F15000.0
G1 Z11.9000 F2500.0
G4 P0.02
G1 X46.7444 Y-220.6556 F12000.0
G1 X47.4056 Y-220.4667
G1 X48.7278 Y-221.3167
G1 X50.0500 Y-220.5611
G1 X52.7889 Y-221.0333
G1 X51.9389 Y-222.1667
G1 X51.2778 Y-221.8833
G1 X51.5611 Y-223.0167
G1 X50.6167 Y-223.3944
G1 X50.6167 Y-222.5444
G1 X47.1222 Y-223.2056
G1 X47.2167 Y-225.9444
G1 X51.2778 Y-227.8333
G1 X49.6722 Y-228.3056
G1 X53.8278 Y-227.5500
G1 X51.2778 Y-227.8333
G1 X52.7889 Y-227.3611
G1 X50.9000 Y-225.2833
G1 X52.1278 Y-225.9444
G1 X51.9389 Y-226.3222
G1 X51.8444 Y-224.7167
G1 X53.2611 Y-224.0556
G1 X54.3944 Y-226.5111
G1 X55.7167 Y-226.8889
G1 X57.2278 Y-225.9444
G1 X59.4000 Y-227.0778
G1 X57.6056 Y-225.7556
G1 X57.6056 Y-224.9056
G1 X56.5667 Y-225.5667
G1 X55.7167 Y-223.4889
G1 X54.6778 Y-223.5833
G1 X54.6778 Y-226.3222
G1 X52.6944 Y-222.9222
G1 X52.0333 Y-220.2778
G1 X47.9722 Y-220.9389
G1 X47.6889 Y-220.0889
G1 Z0.0000 F2500.0
G4 P0.02
G0 X56.1008 Y-217.7673 F15000.0
G1 Z11.9000 F2500.0
G4 P0.02
G1 X71.6674 Y-217.3062 F12000.0
G1 Z0.0000 F2500.0
G4 P0.02
G0 X74.4789 Y-214.8855 F15000.0
G1 Z11.9000 F2500.0
G4 P0.02
G1 X62.8554 Y-221.6314 F12000.0
G1 Z0.0000 F2500.0
G4 P0.02
G0 X64.6889 Y-222.7333 F15000.0
G1 Z11.9000 F2500.0
G4 P0.02
G1 X62.9889 Y-223.9611 F12000.0
G1 X63.3667 Y-224.1500
G1 X63.3667 Y-223.3000
G1 X65.7278 Y-227.0778
G1 X65.3500 Y-228.4944
G1 X62.1389 Y-225.8500
G1 X61.7611 Y-224.7167
G1 X60.6278 Y-224.4333
G1 X59.4944 Y-225.1889
G1 X60.0611 Y-225.8500
G1 X60.6278 Y-225.2833
G1 X64.9722 Y-228.2111
G1 X62.2333 Y-229.0611
G1 X65.6333 Y-228.9667
G1 X65.3500 Y-225.1889
G1 X64.1222 Y-223.3944
G1 X66.6722 Y-224.7167
G1 X66.1056 Y-223.0167
G1 X66.6722 Y-224.0556
G1 X65.5389 Y-224.2444
G1 X64.6889 Y-223.1111
G1 Z0.0000 F2500.0
G4 P0.02
G0 X59.0222 Y-228.4000 F15000.0
G1 Z11.9000 F2500.0
G4 P0.02
G1 X58.8333 Y-231.3278 F12000.0
G1 X59.4944 Y-232.0833
G1 X57.6056 Y-232.0833
G1 X57.2278 Y-233.5000
G1 X58.3611 Y-232.8389
G1 X57.7944 Y-232.2722
G1 X60.2500 Y-232.8389
G1 X56.4722 Y-235.7667
G1 X57.4167 Y-235.8611
G1 X55.8111 Y-236.9000
G1 X55.4333 Y-236.2389
G1 X54.7722 Y-236.9000
G1 X53.4500 Y-236.4278
G1 X53.6389 Y-235.9556
G1 X54.6778 Y-238.2222
G1 X52.7889 Y-239.8278
G1 X55.1500 Y-241.4333
G1 X56.2833 Y-243.4167
G1 X56.9444 Y-243.5111
G1 X57.8889 Y-242.4722
G1 X58.8333 Y-242.8500
G1 X57.7944 Y-244.0778
G1 X57.3222 Y-243.8889
G1 X56.9444 Y-244.6444
G1 X53.5444 Y-242.3778
G1 X53.3556 Y-243.5111
G1 X58.0778 Y-248.9889
G1 X57.2278 Y-248.9889
G1 X56.5667 Y-250.5944
G1 X53.7333 Y-249.5556
G1 X51.4667 Y-250.4056
G1 X55.0556 Y-249.7444
G1 X57.1333 Y-251.1611
G1 X55.0556 Y-252.0111
G1 X53.0722 Y-251.4444
G1 X52.0333 Y-252.5778
G1 X53.0722 Y-251.5389
G1 X54.1111 Y-252.1056
G1 X53.3556 Y-252.6722
G1 X54.5833 Y-252.1056
G1 X54.9611 Y-252.7667
G1 X55.9056 Y-252.7667
G1 X56.0944 Y-252.0111
G1 X57.7944 Y-251.8222
G1 X58.6444 Y-252.3889
G1 X57.1333 Y-250.2167
G1 X60.2500 Y-247.5722
G1 X60.5333 Y-248.1389
G1 X59.9667 Y-247.2889
G1 X58.7389 Y-248.5167
G1 X54.9611 Y-244.7389
G1 X55.1500 Y-244.1722
G1 X57.7000 Y-245.5889
G1 X57.0389 Y-244.8333
G1 X58.4556 Y-244.5500
G1 X60.4389 Y-245.1167
G1 X59.8722 Y-243.7944
G1 X58.8333 Y-244.4556
G1 X59.0222 Y-242.9444
G1 X60.4389 Y-242.7556
G1 X63.2722 Y-244.7389
G1 X58.9278 Y-246.3444
G1 X63.7444 Y-245.6833
G1 X63.6500 Y-245.0222
G1 X64.6889 Y-243.7000
G1 X61.7611 Y-241.7167
G1 X60.2500 Y-240.9611
G1 X61.1000 Y-240.3000
G1 X60.9111 Y-239.6389
G1 X62.1389 Y-238.8833
G1 X62.7056 Y-238.0333
G1 X63.1778 Y-239.9222
G1 X62.5167 Y-240.3000
G1 X64.7833 Y-238.8833
G1 X63.0833 Y-237.7500
G1 X59.5889 Y-240.2056
G1 X59.8722 Y-241.0556
G1 X57.6056 Y-238.0333
G1 X59.3056 Y-236.4278
G1 X60.1556 Y-237.5611
G1 X58.8333 Y-238.5056
G1 X59.2111 Y-239.1667
G1 X59.3056 Y-238.3167
G1 X60.3444 Y-237.1833
G1 X59.2111 Y-236.3333
G1 X57.7000 Y-237.2778
G1 X57.9833 Y-235.7667
G1 X57.7000 Y-235.0111
G1 X60.3444 Y-233.5944
G1 X61.8556 Y-234.7278
G1 X61.0056 Y-235.2944
G1 X60.3444 Y-234.7278
G1 X61.1944 Y-235.3889
G1 X63.6500 Y-234.6333
G1 X61.5722 Y-237.0889
G1 X64.5000 Y-234.2556
G1 X61.8556 Y-233.2167
G1 X62.1389 Y-230.7611
G1 X60.3444 Y-230.7611
G1 X60.3444 Y-229.6278
G1 X59.3056 Y-229.6278
G1 X59.0222 Y-228.7778
G1 Z0.0000 F2500.0
G4 P0.02
G0 X55.2444 Y-177.4000 F15000.0
G1 Z11.9000 F2500.0
G4 P0.02
G1 X54.5833 Y-177.5889 F12000.0
G1 X56.2833 Y-179.1000
G1 X57.8889 Y-177.5889
G1 X58.9278 Y-178.6278
G1 X57.3222 Y-177.5889
G1 X57.1333 Y-179.8556
G1 X56.2833 Y-180.6111
G1 X56.9444 Y-181.5556
G1 X55.5278 Y-182.5944
G1 X55.7167 Y-181.8389
G1 X53.9222 Y-181.8389
G1 X53.9222 Y-182.9722
G1 X52.6944 Y-182.2167
G1 X51.0889 Y-182.9722
G1 X48.9167 Y-182.4056
G1 X51.2778 Y-180.8000
G1 X53.0722 Y-181.7444
G1 X54.2056 Y-181.1778
G1 X55.2444 Y-178.7222
G1 X54.3000 Y-177.8722
G1 X54.8667 Y-177.0222
G1 Z0.0000 F2500.0
G4 P0.02
G0 X57.5111 Y-177.0222 F15000.0
G1 Z11.9000 F2500.0
G4 P0.02
G1 X59.6833 Y-176.5500 F12000.0
G1 X61.4778 Y-177.1167
G1 X63.3667 Y-171.9222
G1 X68.7500 Y-170.2222
G1 X75.1722 Y-172.4889
G1 X76.1167 Y-174.0944
G1 X77.8167 Y-173.4333
G1 X79.1389 Y-176.3611
G1 X80.2722 Y-183.6333
G1 X75.8333 Y-183.9167
G1 X74.7000 Y-183.3500
G1 X74.2278 Y-176.9278
G1 X72.5278 Y-177.4944
G1 X69.3167 Y-182.5944
G1 X64.5944 Y-184.5778
G1 X61.2889 Y-182.3111
G1 X60.6278 Y-180.7056
G1 X57.5111 Y-177.0222
G1 Z0.0000 F2500.0
G4 P0.02
G0 X49.2000 Y-174.7556 F15000.0
G1 Z11.9000 F2500.0
G4 P0.02
G1 X45.8944 Y-175.8889 F12000.0
G1 X45.2333 Y-177.4944
G1 X43.8167 Y-177.2111
G1 X41.7389 Y-176.3611
G1 X39.6611 Y-176.9278
G1 X39.0944 Y-176.7389
G1 X45.1389 Y-176.7389
G1 X47.1222 Y-175.0389
G1 X48.8222 Y-174.7556
G1 Z0.0000 F2500.0
G4 P0.02
G0 X48.8222 Y-170.9778 F15000.0
G1 Z11.9000 F2500.0
G4 P0.02
G1 X51.5611 Y-171.8278 F12000.0
G1 X53.4500 Y-171.0722
G1 X50.0500 Y-171.8278
G1 X48.3500 Y-171.2611
G1 X50.4278 Y-173.1500
G1 X47.5000 Y-171.8278
G1 X48.4444 Y-170.9778
G1 Z0.0000 F2500.0
G4 P0.02
G0 X48.0667 Y-167.5778 F15000.0
G1 Z11.9000 F2500.0
G4 P0.02
G1 X48.7278 Y-169.3722 F12000.0
G1 X49.3889 Y-168.8056
G1 X49.0111 Y-168.2389
G1 X52.8833 Y-168.4278
G1 X54.4889 Y-167.9556
G1 X57.2278 Y-168.9000
G1 X58.3611 Y-168.5222
G1 X56.9444 Y-169.7500
G1 X57.3222 Y-169.5611
G1 X53.4500 Y-167.8611
G1 X51.9389 Y-168.6167
G1 X49.8611 Y-168.9000
G1 X52.1278 Y-169.3722
G1 X47.5000 Y-169.3722
G1 X48.0667 Y-167.2000
G1 Z0.0000 F2500.0
G4 P0.02
G0 X35.9778 Y-162.2889 F15000.0
G1 Z11.9000 F2500.0
G4 P0.02
G1 X36.1667 Y-163.9889 F12000.0
G1 X39.7556 Y-163.8944
G1 X38.8111 Y-164.3667
G1 X39.4722 Y-164.8389
G1 X37.2056 Y-164.7444
G1 X37.9611 Y-163.8000
G1 X33.9944 Y-165.9722
G1 X35.6944 Y-165.9722
G1 X35.3167 Y-166.6333
G1 X34.9389 Y-165.7833
G1 X33.6167 Y-169.5611
G1 X34.9389 Y-169.3722
G1 X36.1667 Y-170.1278
G1 X39.8500 Y-170.4111
G1 X39.9444 Y-172.0167
G1 X40.9833 Y-169.6556
G1 X38.9056 Y-168.6167
G1 X42.7778 Y-170.1278
G1 X41.3611 Y-170.4111
G1 X42.8722 Y-171.2611
G1 X40.8889 Y-171.3556
G1 X39.6611 Y-172.3000
G1 X39.8500 Y-170.7889
G1 X33.1444 Y-169.5611
G1 X31.3500 Y-168.5222
G1 X33.6167 Y-168.8056
G1 X33.1444 Y-167.2944
G1 X31.0667 Y-167.0111
G1 X32.2944 Y-165.5000
G1 X30.9722 Y-165.7833
G1 X32.2944 Y-164.5556
G1 X31.8222 Y-164.4611
G1 X32.5778 Y-164.2722
G1 X32.4833 Y-166.9167
G1 X33.9000 Y-166.6333
G1 X34.0889 Y-164.3667
G1 X36.1667 Y-164.0833
G1 X35.1278 Y-162.8556
G1 X34.6556 Y-162.5722
G1 X35.9778 Y-161.9111
G1 Z0.0000 F2500.0
G4 P0.02
G0 X34.4667 Y-157.7556 F15000.0
G1 Z11.9000 F2500.0
G4 P0.02
G1 X36.2611 Y-158.9833 F12000.0
G1 X39.0000 Y-159.2667
G1 X37.3000 Y-160.2111
G1 X39.1889 Y-160.2111
G1 X37.3000 Y-160.4944
G1 X36.1667 Y-159.9278
G1 X32.4833 Y-160.6833
G1 X32.3889 Y-162.0056
G1 X31.1611 Y-162.4778
G1 X33.3333 Y-162.9500
G1 X30.1222 Y-162.9500
G1 X32.4833 Y-160.1167
G1 X32.4833 Y-159.3611
G1 X34.0889 Y-158.6056
G1 X34.0889 Y-157.7556
G1 Z0.0000 F2500.0
G4 P0.02
G0 X9.9111 Y-156.6222 F15000.0
G1 Z11.9000 F2500.0
G4 P0.02
G1 X10.8556 Y-157.4722 F12000.0
G1 X11.6111 Y-156.8111
G1 X11.9889 Y-158.6056
G1 X14.2556 Y-159.4556
G1 X14.1611 Y-161.0611
G1 X11.2333 Y-161.2500
G1 X17.2778 Y-162.1000
G1 X13.6889 Y-162.9500
G1 X17.7500 Y-162.6667
G1 X16.9000 Y-161.6278
G1 X14.4444 Y-161.2500
G1 X19.4500 Y-160.3056
G1 X14.7278 Y-160.4000
G1 X13.6889 Y-159.0778
G1 X11.6111 Y-158.2278
G1 X11.5167 Y-156.8111
G1 X9.5333 Y-157.0000
G1 Z0.0000 F2500.0
G4 P0.02
G0 X8.0222 Y-165.3111 F15000.0
G1 Z11.9000 F2500.0
G4 P0.02
G1 X5.1889 Y-166.7278 F12000.0
G1 X6.8889 Y-167.2000
G1 X6.4167 Y-168.6167
G1 X5.2833 Y-169.5611
G1 X6.0389 Y-170.1278
G1 X5.3778 Y-171.5444
G1 X6.2278 Y-171.9222
G1 X5.6611 Y-171.5444
G1 X6.5111 Y-169.0889
G1 X6.9833 Y-169.1833
G1 X7.5500 Y-171.9222
G1 X11.6111 Y-172.6778
G1 X7.2667 Y-171.6389
G1 X8.8722 Y-168.9944
G1 X6.9833 Y-168.1444
G1 X7.5500 Y-166.5389
G1 X9.6278 Y-167.8611
G1 X10.6667 Y-167.6722
G1 X9.3444 Y-167.0111
G1 X9.6278 Y-166.6333
G1 X8.2111 Y-166.9167
G1 X6.8889 Y-165.9722
G1 X8.0222 Y-165.6889
G1 Z0.0000 F2500.0
G4 P0.02
G0 X68.8444 Y-155.4889 F15000.0
G1 Z11.9000 F2500.0
G4 P0.02
G1 X74.7944 Y-157.4722 F12000.0
G1 X73.5667 Y-157.8500
G1 X73.6611 Y-158.7944
G1 X67.2389 Y-157.2833
G1 X67.7111 Y-156.9056
G1 X66.2000 Y-156.1500
G1 X68.3722 Y-156.2444
G1 X69.2222 Y-155.1111
G1 Z0.0000 F2500.0
G4 P0.02
G0 X124.0000 Y-86.3556 F15000.0
G1 Z11.9000 F2500.0
G4 P0.02
G1 X124.2833 Y-87.2056 F12000.0
G1 X122.1111 Y-88.0556
G1 X116.6333 Y-87.4889
G1 X114.0833 Y-88.6222
G1 X110.4000 Y-87.5833
G1 X113.8944 Y-88.6222
G1 X117.9556 Y-87.2056
G1 X124.1889 Y-86.9222
G1 X124.0000 Y-85.9778
G1 Z0.0000 F2500.0
G4 P0.02
G0 X123.2444 Y-81.8222 F15000.0
G1 Z11.9000 F2500.0
G4 P0.02
G1 X125.6056 Y-82.3889 F12000.0
G1 X127.7778 Y-82.7667
G1 X123.1500 Y-85.0333
G1 X124.3778 Y-82.3889
G1 X122.3000 Y-82.3889
G1 X119.6556 Y-84.2778
G1 X120.8833 Y-84.4667
G1 X122.6778 Y-83.5222
G1 X120.0333 Y-84.6556
G1 X120.1278 Y-83.6167
G1 X122.8667 Y-81.8222
G1 Z0.0000 F2500.0
G4 P0.02
