$X
$1=255
G21
G90
G92 Z4.0000
G0 Z0.0000 F800.0
G4 P0.06
G92 Z0.0000
G0 Z0.0000 F800.0
G0 X0.0000 Y0.0000 F15000.0
G21
G90
G17
G91.1
G0 Z0.0000
G0 X0.0000 Y-285.0000 F15000.0
G1 Z11.9000 F8000.0
G1 X180.0000 Y-285.0000 F12000.0
G1 Z0.0000 F8000.0
G0 X26.8872 Y-276.9197 F15000.0
G1 Z11.9000 F8000.0
G1 X26.5931 Y-276.6838 F12000.0
G1 Z0.0000 F8000.0
G0 X27.2991 Y-278.2764 F15000.0
G1 Z11.9000 F8000.0
G1 X27.2888 Y-278.5932 F12000.0
G1 X27.3034 Y-278.7495
G1 X27.3528 Y-278.8832
G1 X27.4447 Y-279.0087
G1 X27.5427 Y-279.0997
G1 X27.6263 Y-279.1575
G1 X27.7156 Y-279.2029
G1 X27.8079 Y-279.2326
G1 X27.9007 Y-279.2435
G1 X27.9909 Y-279.2322
G1 X28.0762 Y-279.1959
G1 X28.1263 Y-279.1577
G1 X28.1624 Y-279.1131
G1 X28.1930 Y-279.0355
G1 X28.1924 Y-278.8839
G1 X28.1338 Y-278.6807
G1 X27.9723 Y-278.2860
G1 X27.9503 Y-278.2054
G1 X27.9453 Y-278.1211
G1 X27.9583 Y-278.0553
G1 X28.0008 Y-277.9741
G1 X28.2213 Y-277.7625
G1 X28.2839 Y-277.6576
G1 X28.3048 Y-277.4907
G1 X28.2913 Y-277.4013
G1 X28.2604 Y-277.3218
G1 X28.1949 Y-277.2302
G1 X28.1059 Y-277.1536
G1 X27.9677 Y-277.0769
G1 X27.8074 Y-277.0192
G1 X27.6332 Y-276.9775
G1 X27.4176 Y-276.9453
G1 X27.1747 Y-276.9260
G1 X26.8872 Y-276.9197
G1 X27.0996 Y-277.8634
G1 X27.3056 Y-278.2109
G1 X27.8873 Y-278.2174
G1 Z0.0000 F8000.0
G0 X29.3581 Y-279.8100 F15000.0
G1 Z11.9000 F8000.0
G1 X29.4170 Y-279.1611 F12000.0
G1 X29.6515 Y-279.3518
G1 X29.7107 Y-279.4096
G1 X29.7591 Y-279.4718
G1 X29.7956 Y-279.5429
G1 X29.8195 Y-279.6274
G1 X29.8298 Y-279.7298
G1 X29.8288 Y-279.8100
G1 Z0.0000 F8000.0
G0 X37.0650 Y-276.4478 F15000.0
G1 Z11.9000 F8000.0
G1 X36.7121 Y-275.5041 F12000.0
G1 X36.7905 Y-275.1928
G1 X37.1239 Y-275.1502
G1 X37.8887 Y-275.1502
G1 Z0.0000 F8000.0
G0 X38.0063 Y-276.2709 F15000.0
G1 Z11.9000 F8000.0
G1 X37.5932 Y-276.2541 F12000.0
G1 X37.4642 Y-276.2664
G1 X37.3434 Y-276.2979
G1 X37.2362 Y-276.3552
G1 X37.1397 Y-276.4517
G1 X37.0866 Y-276.5386
G1 X37.0522 Y-276.6571
G1 X37.0546 Y-276.7764
G1 X37.1021 Y-276.9223
G1 X37.1694 Y-277.0335
G1 X37.2821 Y-277.1613
G1 X37.4174 Y-277.2718
G1 X37.5959 Y-277.3746
G1 X37.7465 Y-277.4293
G1 X37.8887 Y-277.4506
G1 Z0.0000 F8000.0
G0 X39.1241 Y-277.8045 F15000.0
G1 Z11.9000 F8000.0
G1 X39.1947 Y-277.8536 F12000.0
G1 X39.2745 Y-277.9245
G1 X39.3125 Y-277.9714
G1 X39.3501 Y-278.0436
G1 X39.3645 Y-278.0942
G1 X39.3735 Y-278.1762
G1 X39.3594 Y-278.4533
G1 X39.5359 Y-278.0995
G1 X40.0066 Y-278.3354
G1 Z0.0000 F8000.0
G0 X11.8264 Y-271.7291 F15000.0
G1 Z11.9000 F8000.0
G1 X11.5267 Y-271.5375 F12000.0
G1 X11.4207 Y-271.4505
G1 X11.3578 Y-271.3813
G1 X11.3074 Y-271.2804
G1 X11.3020 Y-271.0357
G1 X11.2912 Y-270.9769
G1 X11.2642 Y-270.9214
G1 X11.1802 Y-270.8394
G1 X10.9505 Y-270.6887
G1 X10.7518 Y-270.4972
G1 X10.5925 Y-270.3178
G1 X10.4690 Y-270.1511
G1 X10.3846 Y-270.0077
G1 X10.3249 Y-269.8639
G1 X10.2969 Y-269.7236
G1 Z0.0000 F8000.0
G0 X11.3558 Y-270.9622 F15000.0
G1 Z11.9000 F8000.0
G1 X11.8853 Y-270.9622 F12000.0
G1 Z0.0000 F8000.0
G0 X11.5323 Y-269.6647 F15000.0
G1 Z11.9000 F8000.0
G1 X11.6370 Y-269.6957 F12000.0
G1 X11.7363 Y-269.7637
G1 X11.7974 Y-269.8568
G1 X11.8287 Y-269.9690
G1 X11.8389 Y-270.1271
G1 X11.8307 Y-270.5550
G1 X11.9169 Y-270.9261
G1 X11.9380 Y-271.0877
G1 X11.9365 Y-271.2500
G1 X11.8983 Y-271.7291
G1 X11.9441 Y-272.3189
G1 Z0.0000 F8000.0
G0 X13.4738 Y-265.2407 F15000.0
G1 Z11.9000 F8000.0
G1 X13.4843 Y-265.3466 F12000.0
G1 X13.5136 Y-265.4357
G1 X13.6496 Y-265.6758
G1 X13.6894 Y-265.7716
G1 X13.7313 Y-265.9785
G1 X13.7408 Y-266.2412
G1 X13.7098 Y-266.8337
G1 X13.7177 Y-267.1470
G1 X13.7102 Y-267.2754
G1 X13.6736 Y-267.4037
G1 X13.6363 Y-267.4658
G1 X13.5925 Y-267.5086
G1 X13.5172 Y-267.5466
G1 X13.2568 Y-267.6105
G1 X13.1991 Y-267.6428
G1 X13.1069 Y-267.7182
G1 X12.9641 Y-267.8867
G1 X12.8507 Y-268.0900
G1 X12.7913 Y-268.2490
G1 X12.7587 Y-268.3807
G1 X12.7407 Y-268.5138
G1 X12.7385 Y-268.6457
G1 X12.7535 Y-268.7739
G1 X12.7868 Y-268.8959
G1 X12.8397 Y-269.0092
G1 X12.8952 Y-269.0819
G1 X13.1150 Y-269.2416
G1 X13.3070 Y-269.3569
G1 X13.4519 Y-269.4147
G1 X13.6050 Y-269.4365
G1 X13.7345 Y-269.4192
G1 X13.8662 Y-269.3674
G1 X13.9818 Y-269.2964
G1 X14.2293 Y-269.1075
G1 X14.3517 Y-269.0462
G1 X14.4310 Y-269.0319
G1 X14.4877 Y-269.0344
G1 X14.5806 Y-269.0596
G1 X14.6485 Y-269.0926
G1 X15.7616 Y-269.9366
G1 X15.9421 Y-270.1345
G1 X16.0366 Y-270.2117
G1 X16.2347 Y-270.3199
G1 X16.7507 Y-270.5300
G1 X16.9780 Y-270.6489
G1 X17.1009 Y-270.7435
G1 X17.2363 Y-270.9013
G1 X17.3042 Y-270.9606
G1 X17.5446 Y-271.1140
G1 X18.1293 Y-271.4442
G1 X18.3725 Y-271.5953
G1 X19.5343 Y-272.4593
G1 X20.5244 Y-273.1433
G1 X20.8256 Y-273.3324
G1 X21.0950 Y-273.4162
G1 X21.1807 Y-273.4593
G1 X21.3068 Y-273.5530
G1 X21.6247 Y-273.8238
G1 X21.7819 Y-273.9280
G1 X21.8714 Y-273.9583
G1 X22.0573 Y-273.9884
G1 X22.1411 Y-274.0292
G1 X22.2578 Y-274.1317
G1 X22.4861 Y-274.4098
G1 X22.5991 Y-274.5177
G1 X22.7365 Y-274.5996
G1 X23.0656 Y-274.7407
G1 X23.2050 Y-274.8255
G1 X23.3835 Y-274.9660
G1 X23.7949 Y-275.3349
G1 X24.2414 Y-275.6504
G1 X24.4163 Y-275.7990
G1 Z0.0000 F8000.0
G0 X13.3560 Y-272.9677 F15000.0
G1 Z11.9000 F8000.0
G1 X13.2695 Y-272.8605 F12000.0
G1 X13.1095 Y-272.6265
G1 X13.0306 Y-272.5412
G1 X12.9594 Y-272.4908
G1 X12.9039 Y-272.4651
G1 X12.8405 Y-272.4469
G1 X12.7678 Y-272.4369
G1 Z0.0000 F8000.0
G0 X13.3560 Y-273.4986 F15000.0
G1 Z11.9000 F8000.0
G1 X13.3560 Y-272.9677 F12000.0
G1 X13.6310 Y-273.0966
G1 X13.7057 Y-273.1443
G1 X13.7697 Y-273.2005
G1 X13.8212 Y-273.2692
G1 X13.8481 Y-273.3237
G1 X13.8759 Y-273.4214
G1 X13.8855 Y-273.4986
G1 Z0.0000 F8000.0
G0 X14.4739 Y-268.9568 F15000.0
G1 Z11.9000 F8000.0
G1 X14.5163 Y-268.3374 F12000.0
G1 X14.8857 Y-268.2473
G1 X15.5916 Y-268.1310
G1 X16.7682 Y-267.9016
G1 X17.5919 Y-267.6592
G1 Z0.0000 F8000.0
G0 X16.5329 Y-266.7153 F15000.0
G1 Z11.9000 F8000.0
G1 X16.1802 Y-267.0003 F12000.0
G1 X16.0690 Y-267.0705
G1 X15.9665 Y-267.1156
G1 X15.7759 Y-267.1451
G1 X15.5257 Y-267.1534
G1 X15.3526 Y-267.1377
G1 X15.2177 Y-267.0973
G1 X15.1338 Y-267.0333
G1 X15.0396 Y-266.9147
G1 X14.9623 Y-266.7663
G1 X14.9043 Y-266.5991
G1 X14.8672 Y-266.4235
G1 X14.8532 Y-266.2505
G1 X14.8642 Y-266.0908
G1 X14.9020 Y-265.9551
G1 X14.9621 Y-265.8535
G1 X15.0694 Y-265.7363
G1 X15.4740 Y-265.4177
G1 X16.4545 Y-265.9863
G1 X16.5754 Y-266.7678
G1 X17.0102 Y-267.1086
G1 X17.2912 Y-267.1708
G1 X17.5936 Y-267.5806
G1 X19.4157 Y-267.9376
G1 X20.2573 Y-268.6193
G1 X20.7099 Y-268.7225
G1 X21.7689 Y-269.2697
G1 X22.3507 Y-269.4418
G1 X22.5517 Y-269.6220
G1 X23.0632 Y-269.7826
G1 X24.7105 Y-270.6067
G1 X25.1811 Y-270.7083
G1 X25.5341 Y-270.9263
G1 X26.4165 Y-271.2343
G1 X27.5932 Y-271.7291
G1 Z0.0000 F8000.0
G0 X25.1223 Y-272.8498 F15000.0
G1 Z11.9000 F8000.0
G1 X25.1025 Y-273.2254 F12000.0
G1 X25.0058 Y-274.0433
G1 X24.9807 Y-274.3731
G1 X24.9869 Y-274.7627
G1 X25.0372 Y-275.0776
G1 X25.0820 Y-275.2305
G1 X25.1419 Y-275.3796
G1 X25.1744 Y-275.4315
G1 X25.2156 Y-275.4697
G1 X25.3186 Y-275.5151
G1 X25.6583 Y-275.5793
G1 X25.7425 Y-275.6222
G1 X25.7918 Y-275.6655
G1 X25.8339 Y-275.7236
G1 X25.8762 Y-275.8266
G1 X25.9073 Y-276.0371
G1 X25.8995 Y-276.1991
G1 X25.8600 Y-276.3966
G1 X25.7905 Y-276.5872
G1 X25.7119 Y-276.7329
G1 X25.5952 Y-276.8827
G1 X25.4816 Y-276.9795
G1 X25.3619 Y-277.0402
G1 X25.2350 Y-277.0643
G1 X25.0793 Y-277.0470
G1 X24.9306 Y-276.9914
G1 X24.4599 Y-276.6992
G1 X24.3999 Y-276.6232
G1 X24.3709 Y-276.5503
G1 X24.3390 Y-276.3216
G1 X24.3441 Y-276.1473
G1 X24.3697 Y-276.0007
G1 X24.4231 Y-275.8832
G1 X24.4840 Y-275.8089
G1 X24.5572 Y-275.7511
G1 X24.6399 Y-275.7060
G1 X25.0407 Y-275.5717
G1 X25.1811 Y-275.5041
G1 Z0.0000 F8000.0
G0 X25.8872 Y-275.6810 F15000.0
G1 Z11.9000 F8000.0
G1 X26.4470 Y-275.0743 F12000.0
G1 X26.5886 Y-274.9528
G1 X26.8855 Y-274.7750
G1 X27.0109 Y-274.6802
G1 X27.1480 Y-274.5442
G1 X27.4717 Y-274.1797
G1 X27.6112 Y-274.0491
G1 X27.6941 Y-274.0031
G1 X27.9591 Y-273.9428
G1 X28.0600 Y-273.8778
G1 X28.1840 Y-273.7737
G1 X28.6036 Y-273.3679
G1 X28.9175 Y-272.9259
G1 X29.0608 Y-272.7672
G1 X29.1578 Y-272.6963
G1 X29.2406 Y-272.6556
G1 X29.3335 Y-272.6279
G1 X29.4381 Y-272.6147
G1 X29.6022 Y-272.6291
G1 X29.7480 Y-272.6828
G1 X29.8852 Y-272.7627
G1 X30.1816 Y-272.9641
G1 X30.3252 Y-273.0374
G1 X30.4500 Y-273.0753
G1 X30.7625 Y-273.1284
G1 X30.8877 Y-273.1742
G1 X31.0272 Y-273.2575
G1 X31.3117 Y-273.4736
G1 X31.4475 Y-273.5595
G1 X31.6755 Y-273.6593
G1 X32.1542 Y-273.8291
G1 X32.3585 Y-273.9131
G1 X32.5017 Y-273.9909
G1 X32.8021 Y-274.1834
G1 X32.9467 Y-274.2564
G1 X33.1557 Y-274.3339
G1 X33.6710 Y-274.4862
G1 X33.9357 Y-274.5999
G1 X34.0426 Y-274.6676
G1 X34.1292 Y-274.7559
G1 X34.2192 Y-274.8904
G1 X34.4245 Y-275.2603
G1 X34.4740 Y-275.3218
G1 X34.5631 Y-275.3757
G1 X34.7637 Y-275.4428
G1 X35.0527 Y-275.4962
G1 X35.2200 Y-275.4986
G1 X35.3500 Y-275.4586
G1 X35.4038 Y-275.4253
G1 X35.4721 Y-275.3618
G1 X35.5272 Y-275.2851
G1 X35.5707 Y-275.1987
G1 X35.6221 Y-275.0426
G1 X35.6735 Y-274.7958
G1 X35.7450 Y-274.5916
G1 X35.7577 Y-274.5014
G1 X35.7333 Y-274.3356
G1 X35.6981 Y-274.2483
G1 X35.6503 Y-274.1687
G1 X35.5254 Y-274.0290
G1 X35.3001 Y-273.8526
G1 X35.4178 Y-272.9677
G1 X35.4178 Y-271.2572
G1 Z0.0000 F8000.0
G0 X29.0052 Y-272.7318 F15000.0
G1 Z11.9000 F8000.0
G1 X28.2404 Y-272.1125 F12000.0
G1 X27.6488 Y-271.7291
G1 X27.8286 Y-270.9622
G1 Z0.0000 F8000.0
G0 X31.5937 Y-270.7263 F15000.0
G1 Z11.9000 F8000.0
G1 X31.5119 Y-270.5566 F12000.0
G1 X31.3626 Y-270.1086
G1 X31.1786 Y-269.8072
G1 X30.2553 Y-268.5646
G1 X30.1676 Y-268.4287
G1 X30.0529 Y-268.1745
G1 X29.9881 Y-268.0656
G1 X29.8765 Y-267.9465
G1 X29.5719 Y-267.7092
G1 X29.4366 Y-267.5772
G1 X29.3890 Y-267.4950
G1 X29.3375 Y-267.3164
G1 X29.2988 Y-267.2316
G1 X29.0916 Y-267.0024
G1 X29.0180 Y-266.9007
G1 X28.9730 Y-266.7871
G1 X28.9675 Y-266.6919
G1 X28.9814 Y-266.6266
G1 X29.0335 Y-266.5519
G1 X29.1129 Y-266.5007
G1 X29.2064 Y-266.4653
G1 X29.5809 Y-266.3545
G1 X29.8654 Y-266.2965
G1 X30.2465 Y-266.2562
G1 X30.8991 Y-266.2405
G1 X31.1560 Y-266.2189
G1 X31.4436 Y-266.1760
G1 X32.3618 Y-266.0063
G1 X32.5506 Y-266.0009
G1 X32.9637 Y-266.0191
G1 X33.1203 Y-266.0104
G1 X33.2740 Y-265.9737
G1 X33.5319 Y-265.8535
G1 X33.7194 Y-265.8206
G1 X33.9427 Y-265.8159
G1 X34.4262 Y-265.8408
G1 X34.6174 Y-265.8354
G1 X34.7720 Y-265.8109
G1 X35.0647 Y-265.7192
G1 X35.5043 Y-265.7102
G1 X35.9063 Y-265.6400
G1 X36.0717 Y-265.6266
G1 X36.2016 Y-265.6418
G1 X36.3325 Y-265.6902
G1 X36.4718 Y-265.7809
G1 X36.5944 Y-265.8896
G1 Z0.0000 F8000.0
G0 X31.8290 Y-270.7263 F15000.0
G1 Z11.9000 F8000.0
G1 X31.7305 Y-270.7350 F12000.0
G1 X31.6065 Y-270.7653
G1 X31.4077 Y-270.8617
G1 X31.2779 Y-270.9566
G1 X31.1567 Y-271.0665
G1 X30.7652 Y-271.4950
G1 X30.6865 Y-271.5357
G1 X30.5134 Y-271.5821
G1 X30.4367 Y-271.6307
G1 X30.3985 Y-271.6825
G1 X30.3317 Y-271.8602
G1 X30.2980 Y-271.9133
G1 X30.2144 Y-272.0059
G1 X29.9072 Y-272.2780
G1 X29.8351 Y-272.3836
G1 X29.7111 Y-272.6139
G1 Z0.0000 F8000.0
G0 X34.0646 Y-274.6194 F15000.0
G1 Z11.9000 F8000.0
G1 X34.2999 Y-274.1474 F12000.0
G1 X34.7707 Y-273.9902
G1 X35.2413 Y-273.8526
G1 Z0.0000 F8000.0
G0 X41.3597 Y-269.0158 F15000.0
G1 Z11.9000 F8000.0
G1 X41.0655 Y-268.2490 F12000.0
G1 Z0.0000 F8000.0
G0 X41.7126 Y-268.1310 F15000.0
G1 Z11.9000 F8000.0
G1 X41.7937 Y-268.1528 F12000.0
G1 X41.8571 Y-268.1845
G1 X41.9052 Y-268.2246
G1 X41.9404 Y-268.2719
G1 X41.9814 Y-268.3820
G1 X42.0241 Y-268.6841
G1 X42.0414 Y-268.7380
G1 X42.0670 Y-268.7864
G1 X42.1034 Y-268.8279
G1 X42.1529 Y-268.8614
G1 X42.2180 Y-268.8851
G1 X42.3010 Y-268.8978
G1 Z0.0000 F8000.0
G0 X47.8986 Y-282.3397 F15000.0
G1 Z11.9000 F8000.0
G1 X37.4362 Y-282.3397 F12000.0
G1 X36.8919 Y-282.4573
G1 X36.4686 Y-282.3464
G1 X35.6219 Y-282.3397
G1 X35.0776 Y-282.4590
G1 X34.2310 Y-282.4540
G1 X33.8076 Y-282.3414
G1 X33.3843 Y-282.4422
G1 X32.7190 Y-282.4590
G1 X32.1748 Y-282.3414
G1 X31.6910 Y-282.4590
G1 X13.1248 Y-282.4674
G1 X12.6410 Y-282.5816
G1 X11.7943 Y-282.5749
G1 X11.2500 Y-282.4607
G1 X10.2824 Y-282.5799
G1 X9.7986 Y-282.4556
G1 X9.1938 Y-282.5816
G1 X8.4681 Y-282.4641
G1 X7.9843 Y-282.5799
G1 X5.6257 Y-282.5682
G1 X2.8438 Y-282.5816
G1 X1.7569 Y-282.5380
G1 X1.5738 Y-281.9164
G1 X1.5738 Y-240.8530
G1 X1.6544 Y-240.3524
G1 X2.5414 Y-240.3088
G1 X9.2543 Y-240.3088
G1 X9.7986 Y-240.1912
G1 X10.3429 Y-240.3088
G1 X24.3733 Y-240.3088
G1 X27.8205 Y-240.2953
G1 X29.6348 Y-240.3071
G1 X30.1790 Y-240.1878
G1 X31.9329 Y-240.3088
G1 X32.4167 Y-240.1945
G1 X33.7471 Y-240.1878
G1 X34.3519 Y-240.3071
G1 X34.7752 Y-240.1945
G1 X36.7105 Y-240.1945
G1 X37.1943 Y-240.3071
G1 X37.6781 Y-240.1895
G1 X47.1729 Y-240.1895
G1 X47.4752 Y-240.2281
G1 X47.8986 Y-240.0669
G1 Z0.0000 F8000.0
G0 X10.3556 Y-263.7072 F15000.0
G1 Z11.9000 F8000.0
G1 X10.8623 Y-263.6925 F12000.0
G1 X11.1154 Y-263.6993
G1 X11.2984 Y-263.7269
G1 X11.5911 Y-263.8186
G1 X11.8389 Y-263.8258
G1 X11.9288 Y-263.8422
G1 X12.0675 Y-263.9241
G1 X12.1872 Y-264.0331
G1 X12.2853 Y-264.1584
G1 X12.3622 Y-264.2970
G1 X12.4356 Y-264.5076
G1 X12.4721 Y-264.7630
G1 X12.4720 Y-265.0482
G1 X12.4465 Y-265.1365
G1 X12.4116 Y-265.1853
G1 X12.3032 Y-265.2556
G1 X11.7067 Y-265.5038
G1 X11.4599 Y-265.5705
G1 X11.2382 Y-265.5947
G1 Z0.0000 F8000.0
G0 X11.0028 Y-262.8224 F15000.0
G1 Z11.9000 F8000.0
G1 X15.4152 Y-262.8224 F12000.0
G1 Z0.0000 F8000.0
G0 X11.4146 Y-263.8841 F15000.0
G1 Z11.9000 F8000.0
G1 X12.0617 Y-265.3587 F12000.0
G1 Z0.0000 F8000.0
G0 X13.0619 Y-265.3587 F15000.0
G1 Z11.9000 F8000.0
G1 X13.4149 Y-265.3587 F12000.0
G1 Z0.0000 F8000.0
G0 X13.7091 Y-267.4821 F15000.0
G1 Z11.9000 F8000.0
G1 X13.9639 Y-267.8525 F12000.0
G1 X14.3138 Y-267.9737
G1 X14.4739 Y-268.3080
G1 Z0.0000 F8000.0
G0 X14.5326 Y-266.1255 F15000.0
G1 Z11.9000 F8000.0
G1 X14.8268 Y-266.1255 F12000.0
G1 Z0.0000 F8000.0
G0 X15.4740 Y-265.4177 F15000.0
G1 Z11.9000 F8000.0
G1 X15.4740 Y-263.4713 F12000.0
G1 X15.5067 Y-262.7831
G1 X16.1211 Y-262.7044
G1 X21.4747 Y-262.7028
G1 X21.9454 Y-262.5341
G1 X24.8870 Y-262.5274
G1 X25.0471 Y-263.2942
G1 X25.4164 Y-263.8841
G1 Z0.0000 F8000.0
G0 X27.1814 Y-264.4740 F15000.0
G1 Z11.9000 F8000.0
G1 X25.8937 Y-264.5723 F12000.0
G1 X25.0635 Y-263.9431
G1 X24.1810 Y-264.1610
G1 X23.6532 Y-264.1987
G1 X23.2969 Y-264.4543
G1 X22.8279 Y-264.4920
G1 X21.3571 Y-264.9278
G1 X20.7688 Y-265.0573
G1 X20.3586 Y-265.0835
G1 X20.0563 Y-265.3391
G1 X19.3585 Y-265.3653
G1 X19.0562 Y-265.5751
G1 X18.1214 Y-265.6012
G1 X17.4154 Y-265.8289
G1 X16.5329 Y-266.0075
G1 Z0.0000 F8000.0
G0 X19.4745 Y-267.8951 F15000.0
G1 Z11.9000 F8000.0
G1 X19.6351 Y-267.7602 F12000.0
G1 X19.8025 Y-267.6601
G1 X20.0056 Y-267.5806
G1 X20.2158 Y-267.5334
G1 X20.4947 Y-267.5075
G1 X21.2018 Y-267.5070
G1 X21.5275 Y-267.4849
G1 X21.7765 Y-267.4348
G1 X22.2931 Y-267.2777
G1 X22.5746 Y-267.2346
G1 X22.8641 Y-267.2283
G1 X23.5452 Y-267.2536
G1 X23.8326 Y-267.2375
G1 X24.0217 Y-267.2007
G1 X24.5224 Y-267.0570
G1 X24.7416 Y-267.0124
G1 X24.9297 Y-267.0020
G1 X25.4052 Y-267.0185
G1 X25.6235 Y-266.9982
G1 X25.7730 Y-266.9534
G1 X26.0951 Y-266.8225
G1 X26.2544 Y-266.7874
G1 X26.4476 Y-266.7764
G1 X26.8698 Y-266.7867
G1 X27.0638 Y-266.7678
G1 X27.1827 Y-266.7293
G1 X27.4074 Y-266.6238
G1 X27.4966 Y-266.6021
G1 X27.6307 Y-266.6119
G1 X27.6926 Y-266.6361
G1 X27.7391 Y-266.6705
G1 X27.7974 Y-266.7662
G1 X27.8286 Y-266.8924
G1 X27.8873 Y-266.5974
G1 X28.1104 Y-266.5333
G1 X28.2676 Y-266.4965
G1 X28.3924 Y-266.4773
G1 X28.5163 Y-266.4710
G1 X28.6397 Y-266.4808
G1 X28.7319 Y-266.5007
G1 X28.8545 Y-266.5466
G1 X28.9463 Y-266.5974
G1 Z0.0000 F8000.0
G0 X22.9455 Y-261.2887 F15000.0
G1 Z11.9000 F8000.0
G1 X22.6514 Y-261.2887 F12000.0
G1 X23.0044 Y-261.0528
G1 X23.0224 Y-261.5247
G1 X23.2201 Y-261.8786
G1 X23.2397 Y-262.4685
G1 Z0.0000 F8000.0
G0 X26.2401 Y-262.8224 F15000.0
G1 Z11.9000 F8000.0
G1 X26.5343 Y-262.8224 F12000.0
G1 X26.5343 Y-261.8196
G1 Z0.0000 F8000.0
G0 X28.4168 Y-266.4205 F15000.0
G1 Z11.9000 F8000.0
G1 X28.4041 Y-266.2366 F12000.0
G1 X28.3580 Y-266.0655
G1 X28.2972 Y-265.9425
G1 X28.1063 Y-265.6406
G1 X28.0250 Y-265.4468
G1 X27.9855 Y-265.3997
G1 X27.9343 Y-265.3619
G1 X27.6880 Y-265.2347
G1 X27.5959 Y-265.1475
G1 X27.5529 Y-265.0623
G1 X27.4919 Y-264.8279
G1 X27.2217 Y-264.3950
G1 X27.1480 Y-264.2550
G1 X27.1005 Y-264.1298
G1 X27.0711 Y-264.0006
G1 X27.0723 Y-263.6228
G1 X27.0608 Y-263.5315
G1 X27.0339 Y-263.4484
G1 X26.9512 Y-263.3319
G1 X26.6678 Y-263.0572
G1 X26.6096 Y-262.9816
G1 X26.5676 Y-262.9005
G1 X26.5468 Y-262.7809
G1 X26.5783 Y-262.6454
G1 X26.6485 Y-262.5383
G1 X26.6939 Y-262.4985
G1 X26.7726 Y-262.4535
G1 X26.9249 Y-262.4109
G1 X27.0923 Y-262.3978
G1 X27.4755 Y-262.4095
G1 X30.0370 Y-262.4095
G1 X31.1627 Y-262.4225
G1 X31.4814 Y-262.3992
G1 X31.8814 Y-262.2968
G1 X32.1388 Y-262.2878
G1 X32.8789 Y-262.2908
G1 X34.5969 Y-262.3341
G1 X35.4399 Y-262.3305
G1 X36.2153 Y-262.2861
G1 X36.5884 Y-262.1844
G1 X36.8459 Y-262.1615
G1 X37.5556 Y-262.1494
G1 X38.9160 Y-262.1952
G1 X39.5298 Y-262.1953
G1 X39.9799 Y-262.1685
G1 X40.3764 Y-262.0747
G1 X40.5360 Y-262.0556
G1 Z0.0000 F8000.0
G0 X28.4168 Y-264.2380 F15000.0
G1 Z11.9000 F8000.0
G1 X28.0639 Y-263.1173 F12000.0
G1 Z0.0000 F8000.0
G0 X29.0052 Y-264.1791 F15000.0
G1 Z11.9000 F8000.0
G1 X28.4610 Y-264.3035 F12000.0
G1 X28.5215 Y-264.5919
G1 X28.9528 Y-265.3391
G1 X30.0642 Y-265.0638
G1 X30.1229 Y-264.8869
G1 X30.3582 Y-265.5947
G1 X30.2406 Y-265.1818
G1 X30.5936 Y-264.8279
G1 X30.5936 Y-264.5919
G1 X30.7865 Y-264.9507
G1 X31.0054 Y-265.4766
G1 Z0.0000 F8000.0
G0 X37.7122 Y-261.5837 F15000.0
G1 Z11.9000 F8000.0
G1 X37.4785 Y-262.9404 F12000.0
G1 X37.5749 Y-264.5919
G1 X36.9898 Y-265.1408
G1 X36.9049 Y-265.5947
G1 X36.6140 Y-265.9486
G1 X36.4342 Y-266.3566
G1 X35.7315 Y-266.9332
G1 X35.5747 Y-267.2102
G1 X34.9651 Y-267.6772
G1 X34.2592 Y-268.4030
G1 X34.1039 Y-268.6209
G1 X33.7705 Y-268.8044
G1 X32.8880 Y-269.6597
G1 X32.4354 Y-269.9775
G1 X31.8290 Y-270.7263
G1 X32.2000 Y-271.2933
G1 X32.7867 Y-271.9061
G1 X33.1658 Y-272.6532
G1 X33.5760 Y-272.9677
G1 X33.8457 Y-273.3266
G1 X33.9306 Y-273.6575
G1 X34.2999 Y-274.1474
G1 Z0.0000 F8000.0
G0 X36.7121 Y-265.8896 F15000.0
G1 Z11.9000 F8000.0
G1 X36.8034 Y-265.9644 F12000.0
G1 X36.8876 Y-266.0144
G1 X36.9943 Y-266.0541
G1 X37.2188 Y-266.1032
G1 X37.3527 Y-266.1451
G1 X37.4395 Y-266.1955
G1 X37.6015 Y-266.3316
G1 X37.6582 Y-266.3538
G1 X37.7281 Y-266.3596
G1 X37.8041 Y-266.3464
G1 X37.8863 Y-266.2997
G1 X37.9983 Y-266.1884
G1 X38.1911 Y-266.0234
G1 X38.3437 Y-265.8530
G1 X38.4143 Y-265.7449
G1 X38.4555 Y-265.6594
G1 X38.4843 Y-265.5704
G1 X38.4988 Y-265.4783
G1 X38.4967 Y-265.3834
G1 X38.4759 Y-265.2861
G1 X38.3950 Y-265.1203
G1 X38.3056 Y-265.0168
G1 X38.1780 Y-264.9304
G1 X38.0665 Y-264.8842
G1 X37.7406 Y-264.7826
G1 X37.5945 Y-264.7099
G1 Z0.0000 F8000.0
G0 X38.7711 Y-266.4794 F15000.0
G1 Z11.9000 F8000.0
G1 X38.8522 Y-266.5582 F12000.0
G1 X38.9085 Y-266.6652
G1 X38.9243 Y-266.7482
G1 X38.9401 Y-267.0212
G1 X38.9801 Y-267.1530
G1 X39.0337 Y-267.2312
G1 X39.1430 Y-267.3474
G1 X39.1994 Y-267.4249
G1 X39.4219 Y-267.9236
G1 X39.4890 Y-268.0306
G1 X39.5722 Y-268.1224
G1 X39.6481 Y-268.1783
G1 X39.7379 Y-268.2204
G1 X39.9027 Y-268.2509
G1 X40.0622 Y-268.2370
G1 X40.4079 Y-268.1498
G1 X40.5360 Y-268.1310
G1 Z0.0000 F8000.0
G0 X40.0066 Y-266.3615 F15000.0
G1 Z11.9000 F8000.0
G1 X39.9295 Y-266.3494 F12000.0
G1 X39.8681 Y-266.3274
G1 X39.8175 Y-266.2983
G1 X39.6799 Y-266.1925
G1 X39.5883 Y-266.1451
G1 X39.5244 Y-266.1263
G1 X39.4301 Y-266.1177
G1 X39.3091 Y-266.1383
G1 X39.2513 Y-266.1603
G1 X39.1690 Y-266.2050
G1 X39.0467 Y-266.3039
G1 X38.9477 Y-266.4205
G1 Z0.0000 F8000.0
G0 X43.9250 Y-264.5554 F15000.0
G1 Z11.9000 F8000.0
G1 X43.8290 Y-264.3855 F12000.0
G1 X43.7917 Y-264.2950
G1 X43.7777 Y-264.2011
G1 X43.7725 Y-263.9787
G1 X43.7617 Y-263.9164
G1 X43.7319 Y-263.8406
G1 X43.6647 Y-263.7427
G1 X43.5455 Y-263.6148
G1 X43.4073 Y-263.4937
G1 X43.2464 Y-263.3767
G1 X43.1194 Y-263.3136
G1 X42.8726 Y-263.2653
G1 X42.7913 Y-263.2179
G1 X42.5969 Y-263.0613
G1 X42.5102 Y-263.0259
G1 X42.4499 Y-263.0194
G1 X42.3364 Y-263.0420
G1 X42.2229 Y-263.1021
G1 X42.1166 Y-263.1906
G1 X42.0050 Y-263.3274
G1 X41.9301 Y-263.4769
G1 X41.9061 Y-263.5938
G1 X41.9218 Y-263.7187
G1 X41.9721 Y-263.8747
G1 X42.0413 Y-264.0111
G1 X42.2250 Y-264.2996
G1 X42.2997 Y-264.4367
G1 X42.5772 Y-265.1372
G1 X42.6923 Y-265.3764
G1 X42.8370 Y-265.5875
G1 X42.9245 Y-265.6777
G1 X43.0240 Y-265.7549
G1 X43.1344 Y-265.8145
G1 X43.2552 Y-265.8494
G1 X43.3846 Y-265.8611
G1 X43.5515 Y-265.8457
G1 X43.7158 Y-265.7995
G1 X43.8393 Y-265.7422
G1 X43.9507 Y-265.6687
G1 X44.0454 Y-265.5802
G1 X44.1190 Y-265.4785
G1 X44.1573 Y-265.3942
G1 X44.1792 Y-265.3040
G1 X44.1829 Y-265.2051
G1 X44.1665 Y-265.0706
G1 X44.1315 Y-264.9467
G1 X44.0822 Y-264.8308
G1 X43.9910 Y-264.6650
G1 X43.9250 Y-264.5554
G1 Z0.0000 F8000.0
G0 X60.0000 Y-282.5233 F15000.0
G1 Z11.9000 F8000.0
G1 X60.0000 Y-241.4109 F12000.0
G1 Z0.0000 F8000.0
G0 X50.0757 Y-235.7730 F15000.0
G1 Z11.9000 F8000.0
G1 X49.9953 Y-234.9465 F12000.0
G1 X49.1686 Y-234.8659
G1 X0.1224 Y-234.8659
G1 Z0.0000 F8000.0
G0 X10.5910 Y-257.3368 F15000.0
G1 Z11.9000 F8000.0
G1 X11.6499 Y-257.3368 F12000.0
G1 Z0.0000 F8000.0
G0 X11.6499 Y-259.6372 F15000.0
G1 Z11.9000 F8000.0
G1 X12.3958 Y-259.6016 F12000.0
G1 X12.7000 Y-259.6073
G1 X12.8625 Y-259.6261
G1 X13.0169 Y-259.6602
G1 X13.1328 Y-259.7005
G1 X13.2403 Y-259.7542
G1 X13.3609 Y-259.8427
G1 X13.4446 Y-259.9325
G1 X13.5153 Y-260.0410
G1 X13.5718 Y-260.1697
G1 X13.5946 Y-260.2570
G1 X13.6077 Y-260.3814
G1 X13.5914 Y-260.7580
G1 Z0.0000 F8000.0
G0 X12.9443 Y-259.5782 F15000.0
G1 Z11.9000 F8000.0
G1 X12.9367 Y-258.9961 F12000.0
G1 X12.8977 Y-258.5387
G1 X12.8194 Y-258.1581
G1 X12.7101 Y-257.8576
G1 X12.6371 Y-257.7153
G1 X12.5505 Y-257.5793
G1 X12.4295 Y-257.4743
G1 X12.2734 Y-257.3921
G1 X12.1324 Y-257.3431
G1 X11.9925 Y-257.3193
G1 X11.8968 Y-257.3237
G1 X11.8159 Y-257.3516
G1 X11.7557 Y-257.4071
G1 X11.7231 Y-257.4921
G1 X11.7282 Y-257.5865
G1 X11.8138 Y-257.8376
G1 X11.9085 Y-258.3745
G1 X12.0112 Y-258.7130
G1 X12.0978 Y-258.8929
G1 X12.1423 Y-258.9373
G1 X12.2930 Y-259.0419
G1 X12.3283 Y-259.0919
G1 X12.3498 Y-259.1485
G1 X12.3669 Y-259.2800
G1 X12.3559 Y-259.5782
G1 Z0.0000 F8000.0
G0 X15.5916 Y-260.5219 F15000.0
G1 Z11.9000 F8000.0
G1 X15.3411 Y-260.5250 F12000.0
G1 X15.2508 Y-260.5059
G1 X15.1994 Y-260.4794
G1 X15.1299 Y-260.4213
G1 X15.0509 Y-260.3282
G1 X15.0016 Y-260.2485
G1 X14.9495 Y-260.1316
G1 X14.9128 Y-260.0054
G1 X14.8916 Y-259.8732
G1 X14.8858 Y-259.7382
G1 X14.8955 Y-259.6036
G1 X14.9205 Y-259.4727
G1 X14.9611 Y-259.3485
G1 X15.0170 Y-259.2344
G1 X15.0884 Y-259.1335
G1 X15.1994 Y-259.0309
G1 X15.2831 Y-258.9932
G1 X15.3792 Y-258.9799
G1 X15.7093 Y-258.9819
G1 X15.9581 Y-258.8980
G1 X16.0838 Y-258.8848
G1 X16.1557 Y-258.9120
G1 X16.2399 Y-258.9916
G1 X16.5329 Y-259.4013
G1 Z0.0000 F8000.0
G0 X15.6505 Y-261.7606 F15000.0
G1 Z11.9000 F8000.0
G1 X15.6505 Y-260.9349 F12000.0
G1 X15.6930 Y-260.6006
G1 X15.9969 Y-260.5023
G1 X16.3744 Y-260.1500
G1 X16.6114 Y-259.3849
G1 X17.3370 Y-259.1817
G1 X17.6508 Y-258.8769
G1 X18.2979 Y-258.8048
G1 X18.6116 Y-258.3952
G1 X19.7099 Y-257.7628
G1 X20.0579 Y-257.6711
G1 X20.4158 Y-257.4252
G1 X21.1807 Y-256.9829
G1 Z0.0000 F8000.0
G0 X19.3569 Y-254.9184 F15000.0
G1 Z11.9000 F8000.0
G1 X18.5397 Y-255.8032 F12000.0
G1 X17.8665 Y-256.7338
G1 X17.3761 Y-257.2237
G1 X17.2553 Y-257.4941
G1 X16.9285 Y-257.6973
G1 X16.8075 Y-258.0446
G1 X16.2388 Y-258.8114
G1 Z0.0000 F8000.0
G0 X18.4156 Y-257.9857 F15000.0
G1 Z11.9000 F8000.0
G1 X18.5332 Y-258.3985 F12000.0
G1 Z0.0000 F8000.0
G0 X25.4164 Y-263.6482 F15000.0
G1 Z11.9000 F8000.0
G1 X26.2401 Y-262.8224 F12000.0
G1 X26.1398 Y-262.7358
G1 X26.0329 Y-262.6646
G1 X25.8025 Y-262.5609
G1 X25.5238 Y-262.4889
G1 X25.0046 Y-262.4095
G1 X24.9851 Y-260.9365
G1 X24.7399 Y-260.5793
G1 X24.5732 Y-260.1697
G1 X24.2758 Y-259.9158
G1 X23.8803 Y-259.4963
G1 X23.4980 Y-259.2652
G1 X22.9275 Y-258.4641
G1 X22.5517 Y-258.1970
G1 X21.7886 Y-257.4187
G1 X21.5319 Y-257.0615
G1 X21.0041 Y-256.8043
G1 X20.4338 Y-256.0457
G1 X19.9811 Y-255.6082
G1 X19.4157 Y-254.9184
G1 X20.2589 Y-253.6978
G1 X21.4340 Y-252.5410
G1 X21.7624 Y-252.0282
G1 X21.9062 Y-251.6939
G1 X22.5142 Y-251.5366
G1 X22.7887 Y-250.7895
G1 X24.0617 Y-249.5049
G1 X24.2823 Y-249.1576
G1 X24.9638 Y-248.4710
G1 X25.4164 Y-247.9402
G1 X26.2989 Y-247.8992
G1 X26.3055 Y-247.1325
G1 X26.4165 Y-246.6605
G1 X26.2173 Y-246.6810
G1 X26.0279 Y-246.7445
G1 X25.9069 Y-246.8262
G1 X25.7997 Y-246.9546
G1 X25.7276 Y-247.1108
G1 X25.6837 Y-247.2901
G1 X25.6588 Y-247.5211
G1 X25.6517 Y-247.8403
G1 Z0.0000 F8000.0
G0 X21.7689 Y-260.1091 F15000.0
G1 Z11.9000 F8000.0
G1 X21.6855 Y-259.8305 F12000.0
G1 X21.6360 Y-259.7153
G1 X21.5319 Y-259.5847
G1 X21.4188 Y-259.5099
G1 X21.2649 Y-259.4700
G1 X21.1721 Y-259.4740
G1 X21.0833 Y-259.4983
G1 X21.0019 Y-259.5426
G1 X20.9534 Y-259.5831
G1 X20.8919 Y-259.6597
G1 X20.8600 Y-259.7213
G1 X20.8289 Y-259.8601
G1 X20.8399 Y-260.0566
G1 X20.8949 Y-260.2985
G1 X20.9754 Y-260.4947
G1 X21.0253 Y-260.5605
G1 X21.1017 Y-260.6150
G1 X21.4747 Y-260.7580
G1 X21.5336 Y-260.6990
G1 X21.4345 Y-260.8533
G1 X21.3733 Y-261.0049
G1 X21.3377 Y-261.1675
G1 X21.3332 Y-261.3318
G1 X21.3558 Y-261.4583
G1 X21.4093 Y-261.5710
G1 X21.4798 Y-261.6196
G1 X21.6004 Y-261.6353
G1 X21.7323 Y-261.6068
G1 X21.8811 Y-261.5286
G1 X21.9618 Y-261.4477
G1 X22.0124 Y-261.3395
G1 X22.0158 Y-261.2474
G1 X21.9826 Y-261.1679
G1 X21.8994 Y-261.0755
G1 X21.6705 Y-260.8854
G1 X21.6185 Y-260.8152
G1 X21.5981 Y-260.7417
G1 X21.6135 Y-260.5878
G1 X21.6739 Y-260.4182
G1 X21.7785 Y-260.2323
G1 X21.8866 Y-260.1091
G1 Z0.0000 F8000.0
G0 X21.5336 Y-256.9829 F15000.0
G1 Z11.9000 F8000.0
G1 X21.8866 Y-256.7076 F12000.0
G1 X22.3981 Y-256.6453
G1 X23.0632 Y-256.1915
G1 X23.6449 Y-255.9195
G1 X24.3575 Y-255.4312
G1 X24.6925 Y-255.3478
G1 X24.8935 Y-255.1740
G1 X25.2220 Y-255.1118
G1 X25.4230 Y-254.9201
G1 X26.4165 Y-254.3875
G1 X27.1748 Y-254.1320
G1 X27.4232 Y-253.9354
G1 X27.7043 Y-253.8961
G1 X27.8693 Y-253.6978
G1 X28.1815 Y-253.2669
G1 X29.1816 Y-253.2669
G1 Z0.0000 F8000.0
G0 X26.4165 Y-260.4040 F15000.0
G1 Z11.9000 F8000.0
G1 X26.1747 Y-259.9338 F12000.0
G1 X25.8463 Y-259.7143
G1 X25.5913 Y-259.4996
G1 X25.2988 Y-259.6765
G1 X24.6517 Y-260.1681
G1 Z0.0000 F8000.0
G0 X25.1811 Y-261.4068 F15000.0
G1 Z11.9000 F8000.0
G1 X25.2690 Y-261.3646 F12000.0
G1 X25.3637 Y-261.3410
G1 X25.8221 Y-261.3124
G1 X25.9085 Y-261.2886
G1 X25.9852 Y-261.2462
G1 X26.0293 Y-261.1972
G1 X26.0517 Y-261.1392
G1 X26.0683 Y-260.9439
G1 X26.0925 Y-260.8602
G1 X26.1657 Y-260.7307
G1 X26.2924 Y-260.5575
G1 X26.4316 Y-260.3990
G1 X26.5343 Y-260.3040
G1 X26.7056 Y-260.1873
G1 X26.9360 Y-260.0616
G1 X27.2453 Y-259.9222
G1 X27.5932 Y-259.7912
G1 X27.6874 Y-259.7717
G1 X27.8484 Y-259.7585
G1 X27.9397 Y-259.7355
G1 X28.0133 Y-259.6812
G1 X28.1145 Y-259.5342
G1 X28.1880 Y-259.4799
G1 X28.2793 Y-259.4569
G1 X28.4404 Y-259.4437
G1 X28.5345 Y-259.4242
G1 X28.7371 Y-259.3377
G1 X29.1274 Y-259.1252
G1 X29.2991 Y-259.0461
G1 X29.4205 Y-259.0091
G1 X29.6130 Y-258.9913
G1 X29.7046 Y-258.9687
G1 X29.8057 Y-258.8991
G1 X29.9810 Y-258.7133
G1 X30.1153 Y-258.6344
G1 X30.8887 Y-258.3052
G1 X31.7404 Y-257.9906
G1 X32.0007 Y-257.8607
G1 X32.5614 Y-257.5433
G1 X32.8246 Y-257.4190
G1 X33.0702 Y-257.3374
G1 X33.4824 Y-257.2586
G1 X33.6339 Y-257.2185
G1 X33.8016 Y-257.1431
G1 X33.9780 Y-257.0006
G1 X34.0583 Y-256.9587
G1 X34.3615 Y-256.8863
G1 X34.6518 Y-256.7474
G1 X34.7408 Y-256.7154
G1 X35.0072 Y-256.6831
G1 X35.0951 Y-256.6566
G1 X35.2031 Y-256.5912
G1 X35.3710 Y-256.4467
G1 X35.4766 Y-256.3766
G1 X35.5624 Y-256.3469
G1 X35.8008 Y-256.3037
G1 X35.9278 Y-256.2481
G1 X36.0760 Y-256.1658
G1 X36.1945 Y-256.0826
G1 X36.2725 Y-256.0122
G1 X36.3333 Y-255.9362
G1 X36.3608 Y-255.8830
G1 X36.3773 Y-255.8005
G1 X36.3579 Y-255.7132
G1 X36.3105 Y-255.6305
G1 X36.2211 Y-255.5408
G1 X36.1127 Y-255.4683
G1 X35.8054 Y-255.3054
G1 X35.5117 Y-255.1819
G1 X35.2942 Y-255.1133
G1 X35.0382 Y-255.0489
G1 X34.2351 Y-254.8968
G1 X34.1144 Y-254.8489
G1 X33.8319 Y-254.6915
G1 X33.7117 Y-254.6432
G1 X33.5877 Y-254.6228
G1 X33.3032 Y-254.6164
G1 X33.1798 Y-254.5899
G1 X32.9076 Y-254.5049
G1 X32.2501 Y-254.2598
G1 X31.9774 Y-254.1773
G1 X31.7583 Y-254.1353
G1 X31.2887 Y-254.0838
G1 X31.1002 Y-254.0441
G1 X30.9481 Y-253.9886
G1 X30.7378 Y-253.8556
G1 X30.6524 Y-253.8174
G1 X30.5574 Y-253.8000
G1 X30.3634 Y-253.7983
G1 X30.2674 Y-253.7838
G1 X29.9772 Y-253.6508
G1 X29.5279 Y-253.5066
G1 X29.3482 Y-253.4055
G1 X29.1816 Y-253.2669
G1 X29.3374 Y-253.0122
G1 X29.4151 Y-252.9141
G1 X29.4925 Y-252.8696
G1 X29.6768 Y-252.8432
G1 X29.7345 Y-252.8217
G1 X29.9003 Y-252.6932
G1 X29.9788 Y-252.6478
G1 X30.3011 Y-252.5752
G1 X30.5606 Y-252.4551
G1 X30.7521 Y-252.3412
G1 X30.9062 Y-252.1656
G1 X31.0052 Y-252.1027
G1 X31.1514 Y-252.0501
G1 X31.5951 Y-251.9320
G1 X31.9768 Y-251.7569
G1 X32.1523 Y-251.6610
G1 X32.2817 Y-251.5744
G1 X32.4157 Y-251.4198
G1 X32.4827 Y-251.3629
G1 X32.6516 Y-251.2915
G1 X33.0297 Y-251.1969
G1 X33.2111 Y-251.1288
G1 X33.2918 Y-251.0780
G1 X33.4943 Y-250.8910
G1 X33.5788 Y-250.8597
G1 X33.7276 Y-250.8387
G1 X33.7844 Y-250.8205
G1 X33.8866 Y-250.7508
G1 X34.0972 Y-250.5631
G1 X34.1939 Y-250.4909
G1 X34.2991 Y-250.4399
G1 X34.3867 Y-250.4216
G1 X34.5186 Y-250.4321
G1 X34.6509 Y-250.4860
G1 X34.7190 Y-250.5488
G1 X34.8709 Y-250.7480
G1 X34.9484 Y-250.8078
G1 X35.1707 Y-250.9283
G1 X35.2389 Y-250.9972
G1 X35.2709 Y-251.0544
G1 X35.2965 Y-251.1439
G1 X35.3059 Y-251.2408
G1 X35.3001 Y-252.5001
G1 Z0.0000 F8000.0
G0 X36.4179 Y-255.9212 F15000.0
G1 Z11.9000 F8000.0
G1 X36.7905 Y-256.4094 F12000.0
G1 X37.3003 Y-256.6290
G1 Z0.0000 F8000.0
G0 X36.4179 Y-255.6852 F15000.0
G1 Z11.9000 F8000.0
G1 X36.8362 Y-255.0430 F12000.0
G1 X37.3003 Y-254.9151
G1 X37.8691 Y-254.9610
G1 X37.9899 Y-255.2003
G1 X38.4770 Y-255.9212
G1 X38.6027 Y-255.8197
G1 X38.7249 Y-255.7507
G1 X38.8443 Y-255.7098
G1 X38.9911 Y-255.6919
G1 X39.1076 Y-255.6990
G1 X39.2241 Y-255.7205
G1 X39.7397 Y-255.8759
G1 X40.0066 Y-255.9212
G1 Z0.0000 F8000.0
G0 X40.5360 Y-257.9857 F15000.0
G1 Z11.9000 F8000.0
G1 X39.9478 Y-258.0954 F12000.0
G1 X39.3200 Y-257.9430
G1 X38.9670 Y-257.4499
G1 X38.9282 Y-257.1025
G1 X38.7319 Y-256.8010
G1 X38.4182 Y-255.9212
G1 X37.8363 Y-256.1588
G1 X37.6338 Y-256.4111
G1 X37.3428 Y-256.6306
G1 X37.3003 Y-257.1008
G1 X37.3003 Y-258.1036
G1 Z0.0000 F8000.0
G0 X41.1832 Y-258.4575 F15000.0
G1 Z11.9000 F8000.0
G1 X41.2686 Y-258.4691 F12000.0
G1 X41.3376 Y-258.4899
G1 X41.3927 Y-258.5189
G1 X41.4535 Y-258.5761
G1 X41.5050 Y-258.6733
G1 X41.5916 Y-258.9779
G1 X41.6539 Y-259.1063
G1 Z0.0000 F8000.0
G0 X50.0435 Y-234.9559 F15000.0
G1 Z11.9000 F8000.0
G1 X50.0435 Y-285.0000 F12000.0
G1 Z0.0000 F8000.0
G0 X11.8264 Y-250.5536 F15000.0
G1 Z11.9000 F8000.0
G1 X11.7903 Y-250.4129 F12000.0
G1 X11.7321 Y-250.2579
G1 X11.6596 Y-250.1046
G1 X11.5804 Y-249.9696
G1 X11.5287 Y-249.9021
G1 X11.3806 Y-249.8088
G1 X11.3394 Y-249.7671
G1 X11.2877 Y-249.6686
G1 X11.2352 Y-249.4707
G1 X11.1986 Y-249.4042
G1 X11.1271 Y-249.3517
G1 X11.0028 Y-249.3149
G1 Z0.0000 F8000.0
G0 X14.4150 Y-250.0817 F15000.0
G1 Z11.9000 F8000.0
G1 X14.1764 Y-250.0909 F12000.0
G1 X14.0067 Y-250.1266
G1 X13.8479 Y-250.2059
G1 X13.7091 Y-250.3176
G1 X13.5786 Y-250.2167
G1 X13.2552 Y-250.0340
G1 X13.1145 Y-249.9284
G1 X13.0378 Y-249.8364
G1 X12.9798 Y-249.7189
G1 X12.9469 Y-249.5847
G1 X12.9418 Y-249.4678
G1 X12.9597 Y-249.2988
G1 X13.0044 Y-249.1245
G1 X13.0592 Y-248.9960
G1 X13.1311 Y-248.8893
G1 X13.2200 Y-248.8156
G1 X13.3585 Y-248.7761
G1 X14.0186 Y-248.7798
G1 X14.1125 Y-248.7898
G1 X14.2006 Y-248.8153
G1 X14.2793 Y-248.8626
G1 X14.3575 Y-248.9331
G1 X14.4449 Y-249.0319
G1 X14.5133 Y-249.1367
G1 X14.5630 Y-249.2485
G1 X14.5941 Y-249.3680
G1 X14.6071 Y-249.4959
G1 X14.5980 Y-249.6688
G1 X14.5095 Y-250.0123
G1 X14.4993 Y-250.0940
G1 X14.5088 Y-250.1775
G1 X14.5297 Y-250.2357
G1 X14.6160 Y-250.3635
G1 X14.8374 Y-250.5959
G1 X15.3055 Y-251.0414
G1 X15.4850 Y-251.2266
G1 X15.5650 Y-251.3233
G1 X15.6718 Y-251.5092
G1 X15.7289 Y-251.5792
G1 X16.0199 Y-251.7812
G1 X16.6572 Y-252.5156
G1 X17.0646 Y-252.9378
G1 X17.4289 Y-253.2599
G1 X18.7129 Y-254.3282
G1 X19.0266 Y-254.6060
G1 X19.3569 Y-254.9184
G1 Z0.0000 F8000.0
G0 X13.5914 Y-251.8512 F15000.0
G1 Z11.9000 F8000.0
G1 X13.7091 Y-250.3176 F12000.0
G1 Z0.0000 F8000.0
G0 X14.6504 Y-249.5508 F15000.0
G1 Z11.9000 F8000.0
G1 X14.9645 Y-249.5385 F12000.0
G1 X15.1230 Y-249.5533
G1 X15.2070 Y-249.5804
G1 X15.2592 Y-249.6113
G1 X15.4227 Y-249.7833
G1 X15.4719 Y-249.8169
G1 X15.5344 Y-249.8391
G1 X15.6586 Y-249.8516
G1 X15.9103 Y-249.8496
G1 X16.0035 Y-249.8638
G1 X16.1233 Y-249.9058
G1 X16.3808 Y-250.0297
G1 X16.5329 Y-250.0751
G1 X16.6912 Y-250.0842
G1 X17.0188 Y-250.0692
G1 X17.1769 Y-250.0846
G1 X17.2925 Y-250.1271
G1 X17.4835 Y-250.2717
G1 X17.5678 Y-250.3071
G1 X17.6605 Y-250.3202
G1 X17.9449 Y-250.3242
G1 X18.2243 Y-250.3789
G1 X18.5636 Y-250.4623
G1 X18.6785 Y-250.5099
G1 X18.9754 Y-250.6770
G1 X19.1208 Y-250.7309
G1 X19.6244 Y-250.8510
G1 X20.2981 Y-250.9845
G1 X20.4184 Y-251.0282
G1 X20.7379 Y-251.1756
G1 X21.2462 Y-251.2870
G1 X21.4499 Y-251.3448
G1 X21.6721 Y-251.4480
G1 X21.7801 Y-251.5220
G1 X21.8866 Y-251.6152
G1 Z0.0000 F8000.0
G0 X22.5337 Y-251.6152 F15000.0
G1 Z11.9000 F8000.0
G1 X23.0632 Y-251.7513 F12000.0
G1 X23.5339 Y-251.9511
G1 X24.1222 Y-251.9872
G1 X24.8282 Y-252.3640
G1 X25.1811 Y-252.4001
G1 X25.9459 Y-252.6114
G1 X26.3578 Y-252.6360
G1 X26.8284 Y-252.8179
G1 X27.2991 Y-252.8605
G1 X28.1815 Y-253.2669
G1 Z0.0000 F8000.0
G0 X26.3578 Y-247.9582 F15000.0
G1 Z11.9000 F8000.0
G1 X27.2991 Y-247.6567 F12000.0
G1 X28.5934 Y-247.9811
G1 X28.9463 Y-248.0582
G1 X29.3581 Y-248.2761
G1 X30.7113 Y-248.5841
G1 X31.4761 Y-248.8250
G1 X32.0056 Y-249.0724
G1 X33.1822 Y-249.4148
G1 X34.0581 Y-249.5934
G1 X34.2412 Y-249.9047
G1 X34.7039 Y-249.5342
G1 X34.8732 Y-249.4171
G1 X34.9858 Y-249.3599
G1 X35.0690 Y-249.3325
G1 X35.1608 Y-249.3216
G1 X35.2263 Y-249.3325
G1 X35.3085 Y-249.3739
G1 X35.4897 Y-249.5082
G1 X35.5775 Y-249.5384
G1 X35.7614 Y-249.5692
G1 X35.8179 Y-249.5915
G1 X35.8688 Y-249.6294
G1 X35.9089 Y-249.6874
G1 X35.9481 Y-249.7981
G1 X35.9715 Y-249.9344
G1 X35.9795 Y-250.0823
G1 X35.9725 Y-250.2281
G1 X35.9510 Y-250.3579
G1 X35.9157 Y-250.4578
G1 X35.8703 Y-250.5218
G1 X35.7317 Y-250.6432
G1 X35.3620 Y-250.8731
G1 X35.2413 Y-250.9664
G1 Z0.0000 F8000.0
G0 X26.4165 Y-249.9637 F15000.0
G1 Z11.9000 F8000.0
G1 X26.4165 Y-247.9582 F12000.0
G1 Z0.0000 F8000.0
G0 X34.2999 Y-249.9047 F15000.0
G1 Z11.9000 F8000.0
G1 X34.2999 Y-250.3766 F12000.0
G1 Z0.0000 F8000.0
G0 X35.4178 Y-250.1406 F15000.0
G1 Z11.9000 F8000.0
G1 X35.5354 Y-250.7305 F12000.0
G1 Z0.0000 F8000.0
G0 X36.6532 Y-248.5481 F15000.0
G1 Z11.9000 F8000.0
G1 X37.0650 Y-248.7840 F12000.0
G1 Z0.0000 F8000.0
G0 X38.1240 Y-248.6660 F15000.0
G1 Z11.9000 F8000.0
G1 X37.7003 Y-248.5583 F12000.0
G1 X37.5774 Y-248.5410
G1 X37.4844 Y-248.5416
G1 X37.3592 Y-248.5677
G1 X37.2497 Y-248.6168
G1 X37.1706 Y-248.6772
G1 X37.1190 Y-248.7474
G1 X37.0920 Y-248.8257
G1 X37.0894 Y-248.9395
G1 X37.1087 Y-249.0297
G1 X37.1572 Y-249.1535
G1 X37.2255 Y-249.2772
G1 X37.3283 Y-249.4261
G1 X37.5945 Y-249.7278
G1 Z0.0000 F8000.0
G0 X38.2417 Y-249.5508 F15000.0
G1 Z11.9000 F8000.0
G1 X37.9859 Y-249.5463 F12000.0
G1 X37.8580 Y-249.5626
G1 X37.7439 Y-249.6107
G1 X37.6789 Y-249.6700
G1 X37.6103 Y-249.8056
G1 X37.5832 Y-249.9729
G1 X37.6019 Y-250.1857
G1 X37.6570 Y-250.3483
G1 X37.7061 Y-250.4300
G1 X37.7665 Y-250.4942
G1 X37.8348 Y-250.5358
G1 X37.9461 Y-250.5686
G1 X38.1829 Y-250.5845
G1 X38.7123 Y-250.5536
G1 Z0.0000 F8000.0
G0 X39.2417 Y-250.3766 F15000.0
G1 Z11.9000 F8000.0
G1 X39.4694 Y-250.6421 F12000.0
G1 X39.6546 Y-250.9005
G1 X39.7061 Y-250.9967
G1 X39.7575 Y-251.1735
G1 X39.7877 Y-251.2387
G1 X39.8229 Y-251.2725
G1 X39.8770 Y-251.2982
G1 X40.0066 Y-251.3204
G1 Z0.0000 F8000.0
G0 X27.1814 Y-247.6043 F15000.0
G1 Z11.9000 F8000.0
G1 X27.1607 Y-247.3279 F12000.0
G1 X27.1041 Y-247.0457
G1 X27.0209 Y-246.8141
G1 X26.9220 Y-246.6555
G1 X26.8186 Y-246.5687
G1 X26.7468 Y-246.5423
G1 X26.6948 Y-246.5371
G1 X26.6101 Y-246.5500
G1 X26.5493 Y-246.5736
G1 X26.4165 Y-246.6605
G1 Z0.0000 F8000.0
G0 X27.6520 Y-245.6578 F15000.0
G1 Z11.9000 F8000.0
G1 X27.1814 Y-244.6551 F12000.0
G1 Z0.0000 F8000.0
G0 X28.5934 Y-245.4808 F15000.0
G1 Z11.9000 F8000.0
G1 X28.2188 Y-245.4693 F12000.0
G1 X28.0344 Y-245.4822
G1 X27.9186 Y-245.5098
G1 X27.8493 Y-245.5390
G1 X27.7572 Y-245.6147
G1 X27.7165 Y-245.7100
G1 X27.7205 Y-245.8494
G1 X27.9241 Y-246.4814
G1 X28.0058 Y-246.6013
G1 X28.1371 Y-246.6819
G1 X28.3410 Y-246.7450
G1 X28.5672 Y-246.7772
G1 X28.7998 Y-246.7800
G1 X28.9362 Y-246.7458
G1 X29.0158 Y-246.6729
G1 X29.0640 Y-246.5426
G1 Z0.0000 F8000.0
G0 X29.5935 Y-246.3067 F15000.0
G1 Z11.9000 F8000.0
G1 X29.8092 Y-246.6622 F12000.0
G1 X29.8713 Y-247.0604
G1 X30.1229 Y-247.5453
G1 Z0.0000 F8000.0
G0 X0.0000 Y-236.1901 F15000.0
G1 Z11.9000 F8000.0
G1 X180.0000 Y-236.1901 F12000.0
G1 Z0.0000 F8000.0
G0 X90.3529 Y-208.6797 F15000.0
G1 Z11.9000 F8000.0
G1 X89.2038 Y-205.5954 F12000.0
G1 Z0.0000 F8000.0
G0 X89.9295 Y-205.5954 F15000.0
G1 Z11.9000 F8000.0
G1 X91.0786 Y-208.6797 F12000.0
G1 Z0.0000 F8000.0
G0 X104.6857 Y-204.0230 F15000.0
G1 Z11.9000 F8000.0
G1 X104.7462 Y-203.0554 F12000.0
G1 X105.5324 Y-204.1440
G1 X105.3435 Y-204.1335
G1 X105.5976 Y-204.1335
G1 X105.5976 Y-204.0488
G1 X105.2588 Y-204.0488
G1 X105.0894 Y-203.9641
G1 X105.5976 Y-203.9641
G1 X105.5976 Y-203.7948
G1 X104.9201 Y-203.7948
G1 Z0.0000 F8000.0
G0 X154.5786 Y-208.4983 F15000.0
G1 Z11.9000 F8000.0
G1 X155.0255 Y-209.7078 F12000.0
G1 X155.6671 Y-211.6430
G1 X155.4857 Y-211.7035
G1 X155.5801 Y-211.7048
G1 X155.6919 Y-211.7237
G1 X155.7733 Y-211.7610
G1 X155.8302 Y-211.8149
G1 X155.8869 Y-211.9356
G1 X155.9573 Y-212.2592
G1 X156.0348 Y-212.4695
G1 X156.1606 Y-212.7118
G1 X156.3157 Y-212.9094
G1 X156.4574 Y-213.0233
G1 X156.5956 Y-213.0930
G1 X156.7546 Y-213.1375
G1 X156.9371 Y-213.1550
G1 Z0.0000 F8000.0
G0 X156.3929 Y-211.7035 F15000.0
G1 Z11.9000 F8000.0
G1 X155.9695 Y-211.7035 F12000.0
G1 Z0.0000 F8000.0
G0 X157.8134 Y-208.0406 F15000.0
G1 Z11.9000 F8000.0
G1 X157.6530 Y-207.5562 F12000.0
G1 X157.5207 Y-207.2474
G1 X157.3696 Y-206.9984
G1 X157.2682 Y-206.8776
G1 X157.1765 Y-206.7922
G1 X157.0471 Y-206.7014
G1 X156.9304 Y-206.6432
G1 X156.7667 Y-206.5906
G1 X156.6143 Y-206.5666
G1 X156.5032 Y-206.5668
G1 X156.3747 Y-206.5931
G1 X156.2691 Y-206.6462
G1 X156.1869 Y-206.7234
G1 X156.1284 Y-206.8216
G1 X156.0897 Y-206.9695
G1 X156.0867 Y-207.1043
G1 X156.1092 Y-207.2507
G1 X156.1961 Y-207.5333
G1 X156.4517 Y-208.1945
G1 X156.6775 Y-208.8588
G1 X156.8039 Y-209.1289
G1 X156.9502 Y-209.3383
G1 X157.1139 Y-209.4864
G1 X157.2254 Y-209.5526
G1 X157.3187 Y-209.5920
G1 X157.4502 Y-209.6283
G1 X157.5776 Y-209.6451
G1 X157.7141 Y-209.6459
G1 X157.8501 Y-209.6271
G1 X157.9759 Y-209.5850
G1 X158.0578 Y-209.5362
G1 X158.1244 Y-209.4708
G1 X158.1717 Y-209.3874
G1 X158.1905 Y-209.3210
G1 X158.1982 Y-209.2240
G1 X158.1663 Y-209.0011
G1 X158.1036 Y-208.8043
G1 X157.9283 Y-208.3773
G1 X157.8439 Y-208.1354
G1 X157.8134 Y-208.0406
G1 Z0.0000 F8000.0
G0 X159.5981 Y-208.1354 F15000.0
G1 Z11.9000 F8000.0
G1 X159.6022 Y-208.3660 F12000.0
G1 X159.5807 Y-208.4957
G1 X159.5546 Y-208.5521
G1 X159.5164 Y-208.5999
G1 X159.4148 Y-208.6654
G1 X159.2548 Y-208.6969
G1 X159.1498 Y-208.6928
G1 X159.0441 Y-208.6739
G1 X158.8495 Y-208.6005
G1 X158.7703 Y-208.5501
G1 X158.7097 Y-208.4934
G1 X158.6544 Y-208.4129
G1 X158.6114 Y-208.3236
G1 X158.5097 Y-208.0462
G1 X158.2825 Y-207.4917
G1 X158.1909 Y-207.2048
G1 X158.1549 Y-207.0171
G1 X158.1517 Y-206.8677
G1 X158.1874 Y-206.7391
G1 X158.2575 Y-206.6454
G1 X158.3034 Y-206.6119
G1 X158.3834 Y-206.5789
G1 X158.4745 Y-206.5668
G1 X158.5737 Y-206.5761
G1 X158.7496 Y-206.6405
G1 X158.8318 Y-206.6952
G1 X158.8992 Y-206.7601
G1 X159.0572 Y-206.9553
G1 X159.3066 Y-207.2042
G1 X159.3989 Y-207.3162
G1 X159.4612 Y-207.4271
G1 X159.5007 Y-207.5307
G1 X159.5592 Y-207.8589
G1 X159.6088 Y-207.9785
G1 X159.7928 Y-208.2472
G1 X160.2029 Y-208.7402
G1 Z0.0000 F8000.0
G0 X159.4167 Y-207.1073 F15000.0
G1 Z11.9000 F8000.0
G1 X159.4167 Y-206.6840 F12000.0
G1 Z0.0000 F8000.0
G0 X160.7471 Y-206.5630 F15000.0
G1 Z11.9000 F8000.0
G1 X161.6307 Y-208.8611 F12000.0
G1 X161.8962 Y-209.5869
G1 X161.7148 Y-209.4054
G1 X160.9286 Y-208.9216
G1 Z0.0000 F8000.0
G0 X86.0003 Y-205.9314 F15000.0
G1 Z11.9000 F8000.0
G1 X86.0739 Y-206.1293 F12000.0
G1 X86.1263 Y-206.2138
G1 X86.1701 Y-206.2592
G1 X86.2778 Y-206.3128
G1 X86.4402 Y-206.3294
G1 X87.0930 Y-206.3180
G1 X87.2654 Y-206.3008
G1 X87.3979 Y-206.2737
G1 X87.5500 Y-206.2175
G1 X87.6558 Y-206.1507
G1 X87.7432 Y-206.0607
G1 X87.8081 Y-205.9442
G1 X87.8471 Y-205.7843
G1 X87.8408 Y-205.6042
G1 X87.7873 Y-205.3700
G1 X87.6830 Y-205.0984
G1 X87.5867 Y-204.9116
G1 X87.4681 Y-204.7333
G1 X87.3898 Y-204.6468
G1 X87.1139 Y-204.4045
G1 X87.0564 Y-204.3251
G1 X87.0188 Y-204.2321
G1 X87.0129 Y-204.1685
G1 X87.0314 Y-204.0771
G1 X87.1914 Y-203.7838
G1 X87.2299 Y-203.6602
G1 X87.2369 Y-203.5413
G1 X87.2278 Y-203.3851
G1 X87.1661 Y-203.0905
G1 X87.1097 Y-202.9242
G1 X87.0240 Y-202.7268
G1 X86.9395 Y-202.5672
G1 X86.8248 Y-202.3857
G1 X86.6983 Y-202.2194
G1 X86.5860 Y-202.0958
G1 X86.4454 Y-201.9694
G1 X86.3252 Y-201.8855
G1 X86.1843 Y-201.8125
G1 X86.0274 Y-201.7523
G1 X85.8640 Y-201.7072
G1 X85.7001 Y-201.6771
G1 X85.3702 Y-201.6441
G1 X85.1374 Y-201.6335
G1 X84.9448 Y-201.6401
G1 X84.7795 Y-201.6692
G1 X84.7034 Y-201.7007
G1 X84.6656 Y-201.7287
G1 X84.6100 Y-201.8249
G1 X84.5969 Y-201.8843
G1 X84.5949 Y-201.9799
G1 X84.6273 Y-202.1482
G1 X85.1997 Y-203.7199
G1 X85.4701 Y-204.2924
G1 X85.7028 Y-205.0871
G1 X85.9801 Y-205.8659
G1 X86.0003 Y-205.9314
G1 Z0.0000 F8000.0
G0 X85.4543 Y-204.2650 F15000.0
G1 Z11.9000 F8000.0
G1 X85.5633 Y-204.2074 F12000.0
G1 X85.6811 Y-204.1658
G1 X85.8383 Y-204.1332
G1 X86.0037 Y-204.1188
G1 X86.1742 Y-204.1188
G1 X86.3467 Y-204.1297
G1 X86.9662 Y-204.2045
G1 Z0.0000 F8000.0
G0 X86.6279 Y-198.5448 F15000.0
G1 Z11.9000 F8000.0
G1 X88.0675 Y-198.5448 F12000.0
G1 X87.8982 Y-198.7142
G1 X86.8819 Y-198.7142
G1 X87.0513 Y-198.8835
G1 X87.5594 Y-198.8835
G1 Z0.0000 F8000.0
G0 X103.6498 Y-204.3875 F15000.0
G1 Z11.9000 F8000.0
G1 X104.6660 Y-196.9359 F12000.0
G1 X105.5976 Y-204.3875
G1 X104.6660 Y-203.6254
G1 X103.6498 Y-204.3875 F12000.0
G1 X103.6576 Y-204.2045
G1 X103.7875 Y-204.0144
G1 X104.0791 Y-203.5291
G1 X104.2345 Y-203.3190
G1 X104.3465 Y-203.2028
G1 X104.4472 Y-203.1210
G1 X104.5597 Y-203.0511
G1 X104.6857 Y-202.9950
G1 Z0.0000 F8000.0
G0 X103.9885 Y-204.1335 F15000.0
G1 Z11.9000 F8000.0
G1 X103.7345 Y-204.1335 F12000.0
G1 X103.7345 Y-203.9641
G1 X104.2426 Y-203.9641
G1 X104.4966 Y-203.7948
G1 X103.7345 Y-203.7948
G1 X103.8192 Y-203.6254
G1 X104.6660 Y-203.6254
G1 X104.6660 Y-203.4561
G1 X103.8192 Y-203.4561
G1 X103.8192 Y-203.2867
G1 X104.6660 Y-203.2867
G1 X104.6660 Y-203.1174
G1 X103.9038 Y-203.1174
G1 X103.9038 Y-202.9480
G1 X104.6660 Y-202.9480
G1 X104.6660 Y-202.7787
G1 X103.9038 Y-202.7787
G1 X103.9038 Y-202.6093
G1 X104.6660 Y-202.6093
G1 X104.6660 Y-202.4399
G1 X103.9885 Y-202.4399
G1 X103.9885 Y-202.2706
G1 X104.6660 Y-202.2706
G1 Z0.0000 F8000.0
G0 X104.6660 Y-202.1012 F15000.0
G1 Z11.9000 F8000.0
G1 X103.9885 Y-202.1012 F12000.0
G1 X103.9885 Y-201.9319
G1 X104.6660 Y-201.9319
G1 X104.6660 Y-201.7625
G1 X104.0732 Y-201.7625
G1 X104.0732 Y-201.5932
G1 X104.6660 Y-201.5932
G1 X104.6660 Y-201.4238
G1 X104.0732 Y-201.4238
G1 X104.1579 Y-201.2545
G1 X104.6660 Y-201.2545
G1 X104.6660 Y-201.0851
G1 X104.1579 Y-201.0851
G1 X104.1579 Y-200.9158
G1 X104.6660 Y-200.9158
G1 X104.6660 Y-200.7464
G1 X104.1579 Y-200.7464
G1 X104.2426 Y-200.5771
G1 X104.6660 Y-200.5771
G1 X104.6660 Y-200.4077
G1 X104.2426 Y-200.4077
G1 X104.2426 Y-200.2383
G1 X104.6660 Y-200.2383
G1 X104.6660 Y-200.0690
G1 X104.2426 Y-200.0690
G1 X104.3273 Y-199.9843
G1 X104.6660 Y-199.9843
G1 X104.6660 Y-199.8996
G1 X104.3273 Y-199.8996
G1 X104.3273 Y-199.8150
G1 X104.6660 Y-199.8150
G1 Z0.0000 F8000.0
G0 X104.6660 Y-199.7303 F15000.0
G1 Z11.9000 F8000.0
G1 X104.3273 Y-199.7303 F12000.0
G1 X104.3273 Y-199.6456
G1 X104.6660 Y-199.6456
G1 X104.6660 Y-199.5609
G1 X104.3273 Y-199.5609
G1 X104.3273 Y-199.4763
G1 X104.6660 Y-199.4763
G1 X104.6660 Y-199.3916
G1 X104.4120 Y-199.3916
G1 X104.4120 Y-199.3069
G1 X104.6660 Y-199.3069
G1 X104.6660 Y-199.2222
G1 X104.4120 Y-199.2222
G1 X104.4120 Y-199.1375
G1 X104.6660 Y-199.1375
G1 X104.6660 Y-199.0529
G1 X104.4120 Y-199.0529
G1 X104.4120 Y-198.9682
G1 X104.6660 Y-198.9682
G1 X104.6660 Y-198.8835
G1 X104.4120 Y-198.8835
G1 X104.4120 Y-198.7988
G1 X104.6660 Y-198.7988
G1 Z0.0000 F8000.0
G0 X104.6660 Y-198.3755 F15000.0
G1 Z11.9000 F8000.0
G1 X104.9201 Y-198.3755 F12000.0
G1 X104.9201 Y-198.4601
G1 X104.6660 Y-198.4601
G1 X104.6660 Y-198.5448
G1 X104.9201 Y-198.5448
G1 X104.9201 Y-198.6295
G1 X104.6660 Y-198.6295
G1 X104.6660 Y-198.7142
G1 X104.9201 Y-198.7142
G1 X104.9201 Y-198.7988
G1 X104.6660 Y-198.7988
G1 X104.6660 Y-198.8835
G1 X104.9201 Y-198.8835
G1 X104.9201 Y-198.9682
G1 X104.6660 Y-198.9682
G1 X104.6660 Y-199.0529
G1 X105.0048 Y-199.0529
G1 X105.0048 Y-199.1375
G1 X104.6660 Y-199.1375
G1 X104.6660 Y-199.2222
G1 X105.0048 Y-199.2222
G1 X105.0048 Y-199.3069
G1 X104.6660 Y-199.3069
G1 X104.6660 Y-199.3916
G1 X105.0048 Y-199.3916
G1 Z0.0000 F8000.0
G0 X104.6660 Y-203.6254 F15000.0
G1 Z11.9000 F8000.0
G1 X105.5129 Y-203.6254 F12000.0
G1 X105.5129 Y-203.4561
G1 X104.6660 Y-203.4561
G1 X104.6660 Y-203.2867
G1 X105.5129 Y-203.2867
G1 X105.5129 Y-203.1174
G1 X104.6660 Y-203.1174
G1 X104.6660 Y-202.9480
G1 X105.4282 Y-202.9480
G1 X105.4282 Y-202.7787
G1 X104.6660 Y-202.7787
G1 X104.6660 Y-202.6093
G1 X105.4282 Y-202.6093
G1 X105.4282 Y-202.4399
G1 X104.6660 Y-202.4399
G1 X104.6660 Y-202.2706
G1 X105.3435 Y-202.2706
G1 X105.3435 Y-202.1012
G1 X104.6660 Y-202.1012
G1 X104.6660 Y-201.9319
G1 X105.3435 Y-201.9319
G1 Z0.0000 F8000.0
G0 X105.3435 Y-201.7625 F15000.0
G1 Z11.9000 F8000.0
G1 X104.6660 Y-201.7625 F12000.0
G1 X104.6660 Y-201.5932
G1 X105.2588 Y-201.5932
G1 X105.2588 Y-201.4238
G1 X104.6660 Y-201.4238
G1 X104.6660 Y-201.2545
G1 X105.2588 Y-201.2545
G1 X105.2588 Y-201.0851
G1 X104.6660 Y-201.0851
G1 X104.6660 Y-200.9158
G1 X105.1741 Y-200.9158
G1 X105.1741 Y-200.7464
G1 X104.6660 Y-200.7464
G1 X104.6660 Y-200.5771
G1 X105.1741 Y-200.5771
G1 X105.1741 Y-200.4077
G1 X104.6660 Y-200.4077
G1 X104.6660 Y-200.2383
G1 X105.0894 Y-200.2383
G1 X105.0894 Y-200.0690
G1 X104.6660 Y-200.0690
G1 X104.6660 Y-199.8996
G1 X105.0894 Y-199.8996
G1 X105.0894 Y-199.7303
G1 X104.6660 Y-199.7303
G1 X104.6660 Y-199.6456
G1 X105.0048 Y-199.6456
G1 X105.0048 Y-199.5609
G1 X104.6660 Y-199.5609
G1 X104.6660 Y-199.4763
G1 X105.0048 Y-199.4763
G1 Z0.0000 F8000.0
G0 X104.6660 Y-196.9359 F15000.0
G1 Z11.9000 F8000.0
G1 X104.6660 Y-211.9238 F12000.0
G1 Z0.0000 F8000.0
G0 X137.5242 Y-191.9400 F15000.0
G1 Z11.9000 F8000.0
G1 X167.9265 Y-205.5730 F12000.0
G1 Z0.0000 F8000.0
G0 X139.6410 Y-202.6321 F15000.0
G1 Z11.9000 F8000.0
G1 X138.4919 Y-199.5478 F12000.0
G1 Z0.0000 F8000.0
G0 X139.1571 Y-199.5478 F15000.0
G1 Z11.9000 F8000.0
G1 X140.3062 Y-202.6321 F12000.0
G1 Z0.0000 F8000.0
G0 X88.1522 Y-198.0367 F15000.0
G1 Z11.9000 F8000.0
G1 X86.5432 Y-198.0367 F12000.0
G1 X86.6279 Y-198.2908
G1 X88.1522 Y-198.2908
G1 X88.1522 Y-197.8674
G1 X86.6279 Y-197.8674
G1 X86.7126 Y-197.6980
G1 X87.9829 Y-197.6980
G1 X87.8135 Y-197.5287
G1 X86.7972 Y-197.5287
G1 Z0.0000 F8000.0
G0 X135.9519 Y-195.6773 F15000.0
G1 Z11.9000 F8000.0
G1 X134.7424 Y-195.6169 F12000.0
G1 X134.3021 Y-195.6973
G1 X134.4164 Y-196.4635
G1 X134.9238 Y-197.8545
G1 X135.1458 Y-198.2306
G1 X135.2074 Y-198.6407
G1 X135.5872 Y-199.6688
G1 X135.8461 Y-200.2300
G1 X136.3148 Y-200.2735
G1 X137.5243 Y-200.2735
G1 Z0.0000 F8000.0
G0 X136.1333 Y-198.1569 F15000.0
G1 Z11.9000 F8000.0
G1 X135.2262 Y-198.0964 F12000.0
G1 Z0.0000 F8000.0
G0 X112.9105 Y-190.7183 F15000.0
G1 Z11.9000 F8000.0
G1 X111.7614 Y-187.6340 F12000.0
G1 Z0.0000 F8000.0
G0 X112.4871 Y-187.6340 F15000.0
G1 Z11.9000 F8000.0
G1 X113.6362 Y-190.7183 F12000.0
G1 Z0.0000 F8000.0
G0 X136.7620 Y-191.8553 F15000.0
G1 Z11.9000 F8000.0
G1 X138.3711 Y-191.8553 F12000.0
G1 X138.2864 Y-192.3634
G1 X136.8467 Y-192.3634
G1 X136.8467 Y-192.1094
G1 X138.3711 Y-192.1094
G1 X138.3711 Y-191.6860
G1 X136.8467 Y-191.6860
G1 X136.9314 Y-191.5166
G1 X138.2017 Y-191.5166
G1 X138.0323 Y-191.3473
G1 X136.9314 Y-191.3473
G1 Z0.0000 F8000.0
G0 X137.1008 Y-192.5327 F15000.0
G1 Z11.9000 F8000.0
G1 X138.1170 Y-192.5327 F12000.0
G1 Z0.0000 F8000.0
G0 X137.7783 Y-192.7021 F15000.0
G1 Z11.9000 F8000.0
G1 X137.2702 Y-192.7021 F12000.0
G1 Z0.0000 F8000.0
G0 X137.2702 Y-191.1779 F15000.0
G1 Z11.9000 F8000.0
G1 X137.6936 Y-191.1779 F12000.0
G1 Z0.0000 F8000.0
G0 X109.1544 Y-179.1538 F15000.0
G1 Z11.9000 F8000.0
G1 X87.3054 Y-198.1214 F12000.0
G1 Z0.0000 F8000.0
G0 X108.5562 Y-187.6340 F15000.0
G1 Z11.9000 F8000.0
G1 X108.6874 Y-187.7850 F12000.0
G1 X108.8276 Y-187.9231
G1 X108.9784 Y-188.0449
G1 X109.1132 Y-188.1313
G1 X109.2571 Y-188.2019
G1 X109.4110 Y-188.2546
G1 X109.5757 Y-188.2873
G1 X109.7222 Y-188.2972
G1 X109.8683 Y-188.2853
G1 X110.0020 Y-188.2518
G1 X110.1223 Y-188.1989
G1 X110.2526 Y-188.1085
G1 X110.3396 Y-188.0193
G1 X110.4254 Y-187.8903
G1 X110.4842 Y-187.7455
G1 X110.5106 Y-187.6210
G1 X110.5137 Y-187.4248
G1 X110.4702 Y-187.2234
G1 X110.3830 Y-187.0329
G1 X110.2503 Y-186.8452
G1 X110.0912 Y-186.6714
G1 X109.7280 Y-186.3260
G1 X108.4795 Y-185.0723
G1 X107.6689 Y-184.2950
G1 X107.4428 Y-184.0257
G1 X107.2862 Y-183.7635
G1 X107.3885 Y-183.7092
G1 X107.5314 Y-183.6590
G1 X107.6880 Y-183.6259
G1 X107.8549 Y-183.6071
G1 X108.2068 Y-183.6013
G1 X109.0400 Y-183.6426
G1 Z0.0000 F8000.0
G0 X97.2471 Y-182.7959 F15000.0
G1 Z11.9000 F8000.0
G1 X95.8931 Y-180.4373 F12000.0
G1 X95.3839 Y-179.4111
G1 X95.6143 Y-179.2296
G1 X96.7198 Y-179.3252
G1 X96.7918 Y-179.7116
G1 X97.0657 Y-180.3164
G1 Z0.0000 F8000.0
G0 X99.5452 Y-182.0702 F15000.0
G1 Z11.9000 F8000.0
G1 X100.6943 Y-185.1545 F12000.0
G1 Z0.0000 F8000.0
G0 X101.6619 Y-185.4569 F15000.0
G1 Z11.9000 F8000.0
G1 X101.0940 Y-184.3078 F12000.0
G1 X100.2710 Y-182.0702
G1 Z0.0000 F8000.0
G0 X103.9600 Y-176.6878 F15000.0
G1 Z11.9000 F8000.0
G1 X105.4719 Y-177.4250 F12000.0
G1 X105.3435 Y-177.5449
G1 X103.9885 Y-177.5449
G1 X103.9038 Y-177.2909
G1 X105.4282 Y-177.2909
G1 X105.4282 Y-177.0369
G1 X103.8192 Y-177.0369
G1 X103.7181 Y-176.6255
G1 X104.0005 Y-176.6425
G1 X104.0138 Y-176.2645
G1 X103.3552 Y-175.4178
G1 Z0.0000 F8000.0
G0 X134.1376 Y-190.3101 F15000.0
G1 Z11.9000 F8000.0
G1 X136.7986 Y-191.3835 F12000.0
G1 Z0.0000 F8000.0
G0 X87.3054 Y-198.1214 F15000.0
G1 Z11.9000 F8000.0
G1 X27.3476 Y-158.4079 F12000.0
G1 Z0.0000 F8000.0
G0 X27.4576 Y-158.3635 F15000.0
G1 Z11.9000 F8000.0
G1 X28.0557 Y-158.3230 F12000.0
G1 X28.3665 Y-158.9550
G1 Z0.0000 F8000.0
G0 X79.7695 Y-176.0830 F15000.0
G1 Z11.9000 F8000.0
G1 X79.7695 Y-175.7202 F12000.0
G1 Z0.0000 F8000.0
G0 X83.4586 Y-175.5388 F15000.0
G1 Z11.9000 F8000.0
G1 X84.6076 Y-178.6230 F12000.0
G1 Z0.0000 F8000.0
G0 X85.2729 Y-178.6230 F15000.0
G1 Z11.9000 F8000.0
G1 X84.1238 Y-175.5388 F12000.0
G1 Z0.0000 F8000.0
G0 X84.2567 Y-167.9764 F15000.0
G1 Z11.9000 F8000.0
G1 X137.5242 Y-191.9400 F12000.0
G1 Z0.0000 F8000.0
G0 X87.3290 Y-171.4264 F15000.0
G1 Z11.9000 F8000.0
G1 X87.2806 Y-170.3491 F12000.0
G1 X87.2936 Y-170.0678
G1 X87.3361 Y-169.8060
G1 X87.4051 Y-169.6022
G1 X87.5105 Y-169.4307
G1 X87.1476 Y-169.1283
G1 X87.2249 Y-169.0153
G1 X87.2889 Y-168.8659
G1 X87.3239 Y-168.7090
G1 X87.3386 Y-168.5131
G1 X87.3290 Y-168.0397
G1 Z0.0000 F8000.0
G0 X88.4212 Y-157.2145 F15000.0
G1 Z11.9000 F8000.0
G1 X87.3895 Y-156.1259 F12000.0
G1 X87.3363 Y-156.3398
G1 X87.3164 Y-156.6322
G1 X87.3290 Y-157.1540
G1 Z0.0000 F8000.0
G0 X89.0224 Y-170.0203 F15000.0
G1 Z11.9000 F8000.0
G1 X87.5105 Y-169.4307 F12000.0
G1 Z0.0000 F8000.0
G0 X96.2190 Y-178.1997 F15000.0
G1 Z11.9000 F8000.0
G1 X96.5214 Y-179.1673 F12000.0
G1 X96.8238 Y-179.2278
G1 X97.2471 Y-179.2278
G1 Z0.0000 F8000.0
G0 X105.3435 Y-176.8675 F15000.0
G1 Z11.9000 F8000.0
G1 X103.9885 Y-176.8675 F12000.0
G1 X104.0732 Y-176.6981
G1 X105.2588 Y-176.6981
G1 X105.0894 Y-176.5288
G1 X104.2426 Y-176.5288
G1 Z0.0000 F8000.0
G0 X105.1741 Y-177.7143 F15000.0
G1 Z11.9000 F8000.0
G1 X104.1579 Y-177.7143 F12000.0
G1 X104.3273 Y-177.8836
G1 X105.0048 Y-177.8836
G1 Z0.0000 F8000.0
G0 X105.7591 Y-150.0587 F15000.0
G1 Z11.9000 F8000.0
G1 X105.4234 Y-149.5828 F12000.0
G1 X105.2998 Y-149.4457
G1 X105.1940 Y-149.3572
G1 X105.0825 Y-149.2963
G1 X104.9658 Y-149.2714
G1 X104.8444 Y-149.2908
G1 X104.7572 Y-149.3418
G1 X104.7199 Y-149.3921
G1 X104.6978 Y-149.4514
G1 X104.6840 Y-149.5843
G1 X104.8354 Y-149.2628
G1 X104.3273 Y-149.2628
G1 X104.1579 Y-149.0935
G1 X105.1741 Y-149.0935
G1 X105.3435 Y-148.9241
G1 X103.9885 Y-148.9241
G1 X103.8192 Y-148.4160
G1 X105.4282 Y-148.4160
G1 X105.4282 Y-148.6701
G1 X103.9038 Y-148.6701
G1 X103.9038 Y-148.2467
G1 X105.4282 Y-148.2467
G1 Z0.0000 F8000.0
G0 X108.1818 Y-153.2379 F15000.0
G1 Z11.9000 F8000.0
G1 X108.8490 Y-154.0492 F12000.0
G1 X109.0531 Y-154.3373
G1 X109.2625 Y-154.7518
G1 X109.3648 Y-154.9153
G1 X109.4482 Y-155.0073
G1 X109.6817 Y-155.2188
G1 X110.4489 Y-156.1800
G1 Z0.0000 F8000.0
G0 X120.5154 Y-169.3702 F15000.0
G1 Z11.9000 F8000.0
G1 X120.6054 Y-169.5021 F12000.0
G1 X120.8175 Y-169.8618
G1 Z0.0000 F8000.0
G0 X135.8589 Y-189.6555 F15000.0
G1 Z11.9000 F8000.0
G1 X136.3793 Y-190.3073 F12000.0
G1 X136.5519 Y-190.5511
G1 X136.6684 Y-190.7493
G1 X136.7296 Y-190.9066
G1 X136.8470 Y-191.3398
G1 X136.9215 Y-191.4813
G1 X137.0123 Y-191.5857
G1 X137.1231 Y-191.6707
G1 X137.2695 Y-191.7493
G1 X137.7355 Y-191.9271
G1 Z0.0000 F8000.0
G0 X157.9045 Y-201.0454 F15000.0
G1 Z11.9000 F8000.0
G1 X159.0834 Y-201.5175 F12000.0
G1 Z0.0000 F8000.0
G0 X166.7086 Y-204.9153 F15000.0
G1 Z11.9000 F8000.0
G1 X167.8833 Y-205.4745 F12000.0
G1 Z0.0000 F8000.0
G0 X109.9166 Y-179.0691 F15000.0
G1 Z11.9000 F8000.0
G1 X108.3922 Y-179.0691 F12000.0
G1 X108.4769 Y-179.5772
G1 X109.9166 Y-179.5772
G1 X109.9166 Y-179.4078
G1 X108.4769 Y-179.4078
G1 X108.4769 Y-179.2385
G1 X109.9166 Y-179.2385
G1 X109.9166 Y-178.8997
G1 X108.4769 Y-178.8997
G1 X108.5616 Y-178.7304
G1 X109.8319 Y-178.7304
G1 X109.6625 Y-178.5610
G1 X108.7309 Y-178.5610
G1 Z0.0000 F8000.0
G0 X109.7472 Y-179.7465 F15000.0
G1 Z11.9000 F8000.0
G1 X108.6463 Y-179.7465 F12000.0
G1 X108.8156 Y-179.9159
G1 X109.4931 Y-179.9159
G1 Z0.0000 F8000.0
G0 X109.1544 Y-179.1538 F15000.0
G1 Z11.9000 F8000.0
G1 X111.8643 Y-176.7828 F12000.0
G1 Z0.0000 F8000.0
G0 X110.6124 Y-177.8320 F15000.0
G1 Z11.9000 F8000.0
G1 X109.2819 Y-179.0464 F12000.0
G1 Z0.0000 F8000.0
G0 X82.6724 Y-176.2645 F15000.0
G1 Z11.9000 F8000.0
G1 X82.3790 Y-175.8378 F12000.0
G1 X82.2357 Y-175.6664
G1 X82.1326 Y-175.5826
G1 X81.8739 Y-175.4310
G1 X81.7652 Y-175.3525
G1 X81.4341 Y-175.0392
G1 X80.7039 Y-174.2798
G1 X80.5579 Y-174.1677
G1 X80.4414 Y-174.1217
G1 X80.3587 Y-174.1259
G1 X80.3066 Y-174.1529
G1 X80.2654 Y-174.1999
G1 X80.2357 Y-174.2598
G1 X79.9862 Y-175.2610
G1 X79.9306 Y-175.4476
G1 X79.8884 Y-175.5440
G1 X79.8298 Y-175.6266
G1 X79.7515 Y-175.6752
G1 X79.6504 Y-175.6700
G1 X79.5670 Y-175.6183
G1 X79.5061 Y-175.5397
G1 X79.4490 Y-175.4171
G1 X79.0233 Y-174.2255
G1 X78.5354 Y-172.9137
G1 X78.2337 Y-172.0291
G1 X78.1201 Y-171.7516
G1 X78.0157 Y-171.5473
G1 Z0.0000 F8000.0
G0 X80.9186 Y-171.6683 F15000.0
G1 Z11.9000 F8000.0
G1 X81.7066 Y-173.7850 F12000.0
G1 X82.2490 Y-175.5388
G1 Z0.0000 F8000.0
G0 X113.3887 Y-175.5127 F15000.0
G1 Z11.9000 F8000.0
G1 X116.1833 Y-173.1417 F12000.0
G1 Z0.0000 F8000.0
G0 X82.8550 Y-167.2954 F15000.0
G1 Z11.9000 F8000.0
G1 X81.6052 Y-166.7206 F12000.0
G1 X81.2022 Y-166.5678
G1 X80.8581 Y-166.4673
G1 X80.8692 Y-166.5369
G1 X84.2567 Y-167.9764
G1 X84.2448 Y-167.4954
G1 X84.1239 Y-167.5865
G1 X83.9766 Y-167.6483
G1 X83.8312 Y-167.6622
G1 X83.6561 Y-167.6305
G1 X83.5068 Y-167.5763
G1 X83.6639 Y-167.5530
G1 X84.9342 Y-167.5530
G1 X85.0188 Y-167.7224
G1 X83.5792 Y-167.7224
G1 X83.5792 Y-168.0611
G1 X85.0188 Y-168.0611
G1 X85.0188 Y-168.2304
G1 X83.5792 Y-168.2304
G1 X83.5792 Y-168.3998
G1 X85.0188 Y-168.3998
G1 X85.0188 Y-167.8917
G1 X83.4945 Y-167.8917
G1 Z0.0000 F8000.0
G0 X83.7486 Y-168.5692 F15000.0
G1 Z11.9000 F8000.0
G1 X84.8495 Y-168.5692 F12000.0
G1 Z0.0000 F8000.0
G0 X84.7648 Y-167.3837 F15000.0
G1 Z11.9000 F8000.0
G1 X83.8332 Y-167.3837 F12000.0
G1 X84.2429 Y-167.1326
G1 X84.3488 Y-167.8534
G1 X85.1519 Y-168.2732
G1 X87.1476 Y-169.1283
G1 Z0.0000 F8000.0
G0 X83.9179 Y-168.7385 F15000.0
G1 Z11.9000 F8000.0
G1 X84.5954 Y-168.7385 F12000.0
G1 Z0.0000 F8000.0
G0 X109.1610 Y-177.4135 F15000.0
G1 Z11.9000 F8000.0
G1 X109.1881 Y-178.1871 F12000.0
G1 X109.1721 Y-178.4256
G1 X109.1337 Y-178.6187
G1 X109.0651 Y-178.7952
G1 X108.9795 Y-178.9254
G1 Z0.0000 F8000.0
G0 X109.1610 Y-156.4283 F15000.0
G1 Z11.9000 F8000.0
G1 X109.1362 Y-155.7207 F12000.0
G1 X109.1503 Y-155.4818
G1 X109.1873 Y-155.2876
G1 X109.2557 Y-155.1092
G1 X109.3424 Y-154.9769
G1 Z0.0000 F8000.0
G0 X120.4176 Y-169.4159 F15000.0
G1 Z11.9000 F8000.0
G1 X117.7077 Y-171.7869 F12000.0
G1 Z0.0000 F8000.0
G0 X137.5243 Y-155.2792 F15000.0
G1 Z11.9000 F8000.0
G1 X137.4439 Y-154.6140 F12000.0
G1 X137.3429 Y-154.7954
G1 X137.2033 Y-154.8341
G1 X137.0363 Y-154.9131
G1 X136.8710 Y-155.0207
G1 X136.6816 Y-155.1725
G1 X135.9519 Y-155.8707
G1 Z0.0000 F8000.0
G0 X150.5249 Y-143.2396 F15000.0
G1 Z11.9000 F8000.0
G1 X150.7873 Y-142.9016 F12000.0
G1 X151.4338 Y-142.4583
G1 Z0.0000 F8000.0
G0 X24.9176 Y-163.0202 F15000.0
G1 Z11.9000 F8000.0
G1 X23.7686 Y-159.9359 F12000.0
G1 Z0.0000 F8000.0
G0 X24.4338 Y-159.9359 F15000.0
G1 Z11.9000 F8000.0
G1 X25.5829 Y-163.0202 F12000.0
G1 Z0.0000 F8000.0
G0 X42.3348 Y-159.1497 F15000.0
G1 Z11.9000 F8000.0
G1 X43.5812 Y-162.5364 F12000.0
G1 X44.0886 Y-163.8064
G1 X43.8467 Y-163.5040
G1 X43.6889 Y-163.4622
G1 X43.5354 Y-163.4042
G1 X43.3862 Y-163.3320
G1 X43.2130 Y-163.2298
G1 X42.8863 Y-162.9887
G1 X42.5162 Y-162.6573
G1 Z0.0000 F8000.0
G0 X44.9352 Y-163.0807 F15000.0
G1 Z11.9000 F8000.0
G1 X46.0843 Y-166.1650 F12000.0
G1 Z0.0000 F8000.0
G0 X46.8100 Y-166.1650 F15000.0
G1 Z11.9000 F8000.0
G1 X45.6610 Y-163.0807 F12000.0
G1 Z0.0000 F8000.0
G0 X45.6610 Y-160.2383 F15000.0
G1 Z11.9000 F8000.0
G1 X47.4148 Y-160.2383 F12000.0
G1 Z0.0000 F8000.0
G0 X47.7171 Y-161.2664 F15000.0
G1 Z11.9000 F8000.0
G1 X46.1448 Y-161.2664 F12000.0
G1 Z0.0000 F8000.0
G0 X48.0800 Y-159.1497 F15000.0
G1 Z11.9000 F8000.0
G1 X48.6166 Y-159.1588 F12000.0
G1 X49.0069 Y-159.2025
G1 X49.1938 Y-159.2459
G1 X49.3439 Y-159.2963
G1 X49.4879 Y-159.3619
G1 X49.6248 Y-159.4445
G1 X49.7539 Y-159.5463
G1 X49.8510 Y-159.6428
G1 X49.9419 Y-159.7537
G1 X50.0186 Y-159.8700
G1 X50.0874 Y-160.0182
G1 X50.3513 Y-160.7234
G1 X50.4161 Y-160.9924
G1 X50.4208 Y-161.0895
G1 X50.4102 Y-161.1815
G1 X50.3454 Y-161.3332
G1 X50.2832 Y-161.4172
G1 X50.2125 Y-161.4835
G1 X50.0786 Y-161.5607
G1 X49.8972 Y-161.6098
G1 X49.6672 Y-161.6281
G1 X49.3091 Y-161.6239
G1 X49.1803 Y-161.6443
G1 X49.1256 Y-161.6700
G1 X49.0815 Y-161.7097
G1 X49.0337 Y-161.8124
G1 X49.0281 Y-161.9713
G1 X49.0766 Y-162.1855
G1 X49.2853 Y-162.7110
G1 X49.4816 Y-163.3703
G1 X49.5474 Y-163.5267
G1 X49.6269 Y-163.6605
G1 X49.6826 Y-163.7259
G1 X49.7306 Y-163.7628
G1 X49.8153 Y-163.7967
G1 X49.9103 Y-163.8112
G1 X51.4062 Y-163.8064
G1 Z0.0000 F8000.0
G0 X52.3133 Y-163.0807 F15000.0
G1 Z11.9000 F8000.0
G1 X53.4624 Y-166.1650 F12000.0
G1 Z0.0000 F8000.0
G0 X54.1881 Y-166.1650 F15000.0
G1 Z11.9000 F8000.0
G1 X53.0390 Y-163.0807 F12000.0
G1 Z0.0000 F8000.0
G0 X65.3717 Y-159.5087 F15000.0
G1 Z11.9000 F8000.0
G1 X68.6744 Y-161.0329 F12000.0
G1 Z0.0000 F8000.0
G0 X70.5375 Y-161.8797 F15000.0
G1 Z11.9000 F8000.0
G1 X73.9250 Y-163.3192 F12000.0
G1 Z0.0000 F8000.0
G0 X75.7034 Y-164.1660 F15000.0
G1 Z11.9000 F8000.0
G1 X79.0908 Y-165.6901 F12000.0
G1 Z0.0000 F8000.0
G0 X84.2567 Y-167.9764 F15000.0
G1 Z11.9000 F8000.0
G1 X83.4098 Y-151.2104 F12000.0
G1 Z0.0000 F8000.0
G0 X83.7628 Y-158.3030 F15000.0
G1 Z11.9000 F8000.0
G1 X83.9357 Y-158.7312 F12000.0
G1 X84.0029 Y-161.9316
G1 Z0.0000 F8000.0
G0 X92.9793 Y-133.3435 F15000.0
G1 Z11.9000 F8000.0
G1 X137.5242 Y-191.9400 F12000.0
G1 Z0.0000 F8000.0
G0 X120.4700 Y-169.3097 F15000.0
G1 Z11.9000 F8000.0
G1 X121.0679 Y-168.7352 F12000.0
G1 Z0.0000 F8000.0
G0 X21.3495 Y-159.9964 F15000.0
G1 Z11.9000 F8000.0
G1 X21.2123 Y-159.9195 F12000.0
G1 X21.0629 Y-159.7977
G1 X20.9279 Y-159.6504
G1 X20.8052 Y-159.4847
G1 X20.6566 Y-159.2473
G1 X20.3584 Y-158.7264
G1 X19.8758 Y-157.9673
G1 X19.8016 Y-157.8224
G1 X19.7303 Y-157.6039
G1 X19.6900 Y-157.5185
G1 X19.6310 Y-157.4440
G1 X19.4385 Y-157.2655
G1 X19.3378 Y-157.1335
G1 X18.6281 Y-156.0050
G1 Z0.0000 F8000.0
G0 X19.7771 Y-157.3959 F15000.0
G1 Z11.9000 F8000.0
G1 X21.1681 Y-157.3959 F12000.0
G1 Z0.0000 F8000.0
G0 X21.0471 Y-156.0654 F15000.0
G1 Z11.9000 F8000.0
G1 X21.2202 Y-157.3959 F12000.0
G1 X21.5310 Y-160.4197
G1 Z0.0000 F8000.0
G0 X26.5008 Y-158.3232 F15000.0
G1 Z11.9000 F8000.0
G1 X28.1098 Y-158.3232 F12000.0
G1 X28.1098 Y-158.5773
G1 X26.5855 Y-158.5773
G1 X26.6701 Y-158.8313
G1 X28.0251 Y-158.8313
G1 X27.8557 Y-159.0007
G1 X26.8395 Y-159.0007
G1 X27.0089 Y-159.1700
G1 X27.5170 Y-159.1700
G1 Z0.0000 F8000.0
G0 X28.0251 Y-158.1539 F15000.0
G1 Z11.9000 F8000.0
G1 X26.6701 Y-158.1539 F12000.0
G1 X26.7548 Y-157.9845
G1 X27.9404 Y-157.9845
G1 X27.7711 Y-157.8152
G1 X26.9242 Y-157.8152
G1 Z0.0000 F8000.0
G0 X27.3476 Y-158.4079 F15000.0
G1 Z11.9000 F8000.0
G1 X83.4098 Y-151.2104 F12000.0
G1 Z0.0000 F8000.0
G0 X55.8021 Y-154.7668 F15000.0
G1 Z11.9000 F8000.0
G1 X54.1931 Y-154.7668 F12000.0
G1 X54.2778 Y-155.2749
G1 X55.7175 Y-155.2749
G1 X55.8021 Y-155.0208
G1 X54.2778 Y-155.0208
G1 X54.3625 Y-154.5975
G1 X55.7175 Y-154.5975
G1 X55.6328 Y-154.4281
G1 X54.4472 Y-154.4281
G1 X54.6165 Y-154.2587
G1 X55.4634 Y-154.2587
G1 Z0.0000 F8000.0
G0 X54.5319 Y-155.4442 F15000.0
G1 Z11.9000 F8000.0
G1 X55.5481 Y-155.4442 F12000.0
G1 X55.9419 Y-155.2085
G1 X55.4563 Y-154.7785
G1 X55.0348 Y-154.7350
G1 X54.9819 Y-154.5168
G1 X54.9657 Y-154.2551
G1 X54.9743 Y-153.8278
G1 Z0.0000 F8000.0
G0 X54.7012 Y-155.6136 F15000.0
G1 Z11.9000 F8000.0
G1 X55.2093 Y-155.6136 F12000.0
G1 Z0.0000 F8000.0
G0 X54.9553 Y-154.8515 F15000.0
G1 Z11.9000 F8000.0
G1 X58.3427 Y-156.3757 F12000.0
G1 Z0.0000 F8000.0
G0 X60.1752 Y-157.1540 F15000.0
G1 Z11.9000 F8000.0
G1 X61.3848 Y-157.6832 F12000.0
G1 Z0.0000 F8000.0
G0 X60.2058 Y-157.2224 F15000.0
G1 Z11.9000 F8000.0
G1 X63.5086 Y-158.7466 F12000.0
G1 Z0.0000 F8000.0
G0 X72.9934 Y-138.5088 F15000.0
G1 Z11.9000 F8000.0
G1 X104.6660 Y-177.1215 F12000.0
G1 Z0.0000 F8000.0
G0 X83.9424 Y-158.6054 F15000.0
G1 Z11.9000 F8000.0
G1 X84.0696 Y-158.4470 F12000.0
G1 X84.1716 Y-158.2452
G1 X84.2326 Y-158.0285
G1 X84.2637 Y-157.7674
G1 X84.2672 Y-157.4973
G1 X84.2449 Y-156.8849
G1 Z0.0000 F8000.0
G0 X84.2446 Y-153.7969 F15000.0
G1 Z11.9000 F8000.0
G1 X84.2167 Y-152.9880 F12000.0
G1 X84.2388 Y-152.6528
G1 X84.2691 Y-152.4953
G1 X84.3052 Y-152.3764
G1 X85.2964 Y-153.4045
G1 Z0.0000 F8000.0
G0 X86.6874 Y-155.0978 F15000.0
G1 Z11.9000 F8000.0
G1 X87.2855 Y-155.7764 F12000.0
G1 X87.4500 Y-156.1259
G1 Z0.0000 F8000.0
G0 X87.3054 Y-120.3880 F15000.0
G1 Z11.9000 F8000.0
G1 X87.3054 Y-198.1214 F12000.0
G1 Z0.0000 F8000.0
G0 X120.4176 Y-169.4159 F15000.0
G1 Z11.9000 F8000.0
G1 X151.4974 Y-142.4887 F12000.0
G1 Z0.0000 F8000.0
G0 X54.0671 Y-154.8559 F15000.0
G1 Z11.9000 F8000.0
G1 X52.4343 Y-155.1026 F12000.0
G1 Z0.0000 F8000.0
G0 X54.9743 Y-144.0911 F15000.0
G1 Z11.9000 F8000.0
G1 X54.9935 Y-143.6195 F12000.0
G1 X54.9771 Y-143.4469
G1 X54.9401 Y-143.3261
G1 X54.8729 Y-143.2285
G1 X54.7726 Y-143.1651
G1 X54.6833 Y-143.1428
G1 X54.5849 Y-143.1383
G1 X54.3366 Y-143.1772
G1 X53.9113 Y-143.3067
G1 Z0.0000 F8000.0
G0 X40.4894 Y-146.7682 F15000.0
G1 Z11.9000 F8000.0
G1 X39.9336 Y-146.8860 F12000.0
G1 X39.7065 Y-146.9450
G1 X39.4507 Y-147.0424
G1 X39.3837 Y-147.0857
G1 X39.3359 Y-147.1330
G1 X39.3041 Y-147.1840
G1 X39.2798 Y-147.2666
G1 X39.2747 Y-147.5793
G1 X39.2556 Y-147.6794
G1 X39.2284 Y-147.7443
G1 X39.1866 Y-147.7943
G1 X39.1336 Y-147.8312
G1 X38.9481 Y-147.9011
G1 X38.8649 Y-147.9927
G1 X37.8487 Y-147.9927
G1 X38.0181 Y-148.1620
G1 X38.5262 Y-148.1620
G1 Z0.0000 F8000.0
G0 X35.0776 Y-150.0783 F15000.0
G1 Z11.9000 F8000.0
G1 X33.9286 Y-146.9940 F12000.0
G1 Z0.0000 F8000.0
G0 X34.6543 Y-146.9940 F15000.0
G1 Z11.9000 F8000.0
G1 X35.8033 Y-150.0783 F12000.0
G1 Z0.0000 F8000.0
G0 X37.5946 Y-147.3152 F15000.0
G1 Z11.9000 F8000.0
G1 X39.1190 Y-147.3152 F12000.0
G1 X39.1190 Y-147.8233
G1 X37.6793 Y-147.8233
G1 X37.6793 Y-147.6539
G1 X39.1190 Y-147.6539
G1 X39.1190 Y-147.4846
G1 X37.6793 Y-147.4846
G1 X37.6793 Y-147.1459
G1 X39.1190 Y-147.1459
G1 X39.0343 Y-146.9765
G1 X37.7640 Y-146.9765
G1 X37.7640 Y-146.8072
G1 X38.8649 Y-146.8072
G1 Z0.0000 F8000.0
G0 X38.3568 Y-147.3999 F15000.0
G1 Z11.9000 F8000.0
G1 X54.9553 Y-154.8515 F12000.0
G1 Z0.0000 F8000.0
G0 X39.8439 Y-147.9669 F15000.0
G1 Z11.9000 F8000.0
G1 X39.6040 Y-147.8501 F12000.0
G1 X39.3714 Y-147.7197
G1 Z0.0000 F8000.0
G0 X53.5718 Y-154.1142 F15000.0
G1 Z11.9000 F8000.0
G1 X53.7896 Y-154.2402 F12000.0
G1 X53.8806 Y-154.3177
G1 X53.9390 Y-154.3847
G1 X54.0017 Y-154.4883
G1 X54.0359 Y-154.5783
G1 X54.0581 Y-154.6802
G1 X54.0671 Y-154.7954
G1 Z0.0000 F8000.0
G0 X82.3095 Y-151.2830 F15000.0
G1 Z11.9000 F8000.0
G1 X84.2448 Y-151.0459 F12000.0
G1 X84.1843 Y-151.9530
G1 X84.0029 Y-151.7716
G1 X83.9179 Y-151.8031
G1 X82.9017 Y-151.8031
G1 X83.0711 Y-151.9725
G1 X83.5792 Y-151.9725
G1 Z0.0000 F8000.0
G0 X78.3181 Y-146.5102 F15000.0
G1 Z11.9000 F8000.0
G1 X78.2159 Y-145.9707 F12000.0
G1 X77.9855 Y-145.7192
G1 X77.6728 Y-144.9378
G1 X77.5319 Y-144.0911
G1 X78.3955 Y-144.8822
G1 X78.5195 Y-145.2819
G1 X78.8491 Y-145.5444
G1 Z0.0000 F8000.0
G0 X81.3419 Y-145.9054 F15000.0
G1 Z11.9000 F8000.0
G1 X82.4910 Y-148.9897 F12000.0
G1 Z0.0000 F8000.0
G0 X83.3830 Y-149.1107 F15000.0
G1 Z11.9000 F8000.0
G1 X83.0371 Y-148.5664 F12000.0
G1 X82.0676 Y-145.9054
G1 Z0.0000 F8000.0
G0 X82.6476 Y-151.1257 F15000.0
G1 Z11.9000 F8000.0
G1 X84.1720 Y-151.1257 F12000.0
G1 X84.0873 Y-151.6338
G1 X82.7323 Y-151.6338
G1 X82.7323 Y-151.3797
G1 X84.1720 Y-151.3797
G1 Z0.0000 F8000.0
G0 X84.1720 Y-150.9564 F15000.0
G1 Z11.9000 F8000.0
G1 X82.7323 Y-150.9564 F12000.0
G1 X82.8170 Y-150.7870
G1 X84.0873 Y-150.7870
G1 X83.9179 Y-150.6176
G1 X82.8170 Y-150.6176
G1 Z0.0000 F8000.0
G0 X83.4098 Y-151.2104 F15000.0
G1 Z11.9000 F8000.0
G1 X87.2207 Y-150.7023 F12000.0
G1 X87.2686 Y-150.6226
G1 X86.7094 Y-150.6937
G1 Z0.0000 F8000.0
G0 X84.2448 Y-152.0135 F15000.0
G1 Z11.9000 F8000.0
G1 X84.3657 Y-152.3764 F12000.0
G1 Z0.0000 F8000.0
G0 X89.1433 Y-150.3807 F15000.0
G1 Z11.9000 F8000.0
G1 X93.0138 Y-149.9573 F12000.0
G1 Z0.0000 F8000.0
G0 X94.9271 Y-149.7709 F15000.0
G1 Z11.9000 F8000.0
G1 X98.7380 Y-149.2628 F12000.0
G1 Z0.0000 F8000.0
G0 X100.7705 Y-149.0088 F15000.0
G1 Z11.9000 F8000.0
G1 X104.4966 Y-148.5007 F12000.0
G1 Z0.0000 F8000.0
G0 X103.9885 Y-148.0773 F15000.0
G1 Z11.9000 F8000.0
G1 X105.2588 Y-148.0773 F12000.0
G1 X105.0894 Y-147.9080
G1 X104.0732 Y-147.9080
G1 X104.4120 Y-147.7386
G1 X104.7507 Y-147.7386
G1 X104.7048 Y-147.4620
G1 X104.6733 Y-147.1670
G1 X104.6473 Y-146.4980
G1 X104.6857 Y-144.7889
G1 Z0.0000 F8000.0
G0 X105.5929 Y-148.2640 F15000.0
G1 Z11.9000 F8000.0
G1 X108.9795 Y-147.9011 F12000.0
G1 X109.3424 Y-147.7802
G1 X109.2557 Y-147.6478
G1 X109.1873 Y-147.4695
G1 X109.1503 Y-147.2753
G1 X109.1362 Y-147.0364
G1 X109.1608 Y-146.3598
G1 Z0.0000 F8000.0
G0 X109.1610 Y-152.6788 F15000.0
G1 Z11.9000 F8000.0
G1 X109.1858 Y-153.3517 F12000.0
G1 X109.1753 Y-153.5918
G1 X109.1346 Y-153.8195
G1 X109.0662 Y-153.9978
G1 X108.9795 Y-154.1302
G1 Z0.0000 F8000.0
G0 X109.1610 Y-149.2921 F15000.0
G1 Z11.9000 F8000.0
G1 X109.1812 Y-148.5466 F12000.0
G1 X109.1624 Y-148.3445
G1 X109.1267 Y-148.1845
G1 X109.0674 Y-148.0356
G1 X108.9795 Y-147.9011
G1 X110.1286 Y-147.7064
G1 Z0.0000 F8000.0
G0 X137.5243 Y-153.4045 F15000.0
G1 Z11.9000 F8000.0
G1 X137.7057 Y-154.2511 F12000.0
G1 Z0.0000 F8000.0
G0 X137.5243 Y-145.1192 F15000.0
G1 Z11.9000 F8000.0
G1 X137.3429 Y-144.2726 F12000.0
G1 X137.5576 Y-144.2015
G1 X137.8439 Y-144.1474
G1 X138.4277 Y-144.0863
G1 Z0.0000 F8000.0
G0 X149.9174 Y-142.6068 F15000.0
G1 Z11.9000 F8000.0
G1 X150.1924 Y-142.6030 F12000.0
G1 X150.3974 Y-142.6453
G1 X150.5979 Y-142.7430
G1 X150.7686 Y-142.8816
G1 X150.9893 Y-142.9967
G1 X152.0055 Y-142.9967
G1 X152.1749 Y-142.8274
G1 X150.8199 Y-142.8274
G1 X150.7352 Y-142.5733
G1 X152.2596 Y-142.5733
G1 X152.2596 Y-142.3193
G1 X150.6505 Y-142.3193
G1 Z0.0000 F8000.0
G0 X0.0000 Y-5.0243 F15000.0
G1 Z11.9000 F8000.0
G1 X0.0000 Y-285.0000 F12000.0
G1 Z0.0000 F8000.0
G0 X30.3853 Y-146.3279 F15000.0
G1 Z11.9000 F8000.0
G1 X30.8051 Y-147.4729 F12000.0
G1 X30.8728 Y-147.5764
G1 X30.9718 Y-147.6415
G1 X31.0617 Y-147.6633
G1 X31.1607 Y-147.6702
G1 X31.4490 Y-147.6592
G1 X31.8700 Y-147.6646
G1 X32.0797 Y-147.6537
G1 X32.2490 Y-147.6276
G1 X32.4058 Y-147.5799
G1 X32.5425 Y-147.5045
G1 X32.6521 Y-147.3955
G1 X32.7153 Y-147.2803
G1 X32.7508 Y-147.1470
G1 X32.7558 Y-147.0276
G1 X32.7342 Y-146.8685
G1 X32.6783 Y-146.6702
G1 X32.3589 Y-145.8721
G1 X31.7199 Y-144.0978
G1 X31.5841 Y-143.8043
G1 X31.4473 Y-143.5887
G1 X31.2987 Y-143.4176
G1 X31.1160 Y-143.2659
G1 X30.9375 Y-143.1597
G1 X30.7241 Y-143.0781
G1 X30.5025 Y-143.0310
G1 X30.2755 Y-143.0089
G1 X29.6456 Y-142.9989
G1 X29.5116 Y-143.0118
G1 X29.4526 Y-143.0321
G1 X29.4024 Y-143.0658
G1 X29.3495 Y-143.1483
G1 X29.3276 Y-143.3112
G1 X29.3545 Y-143.5033
G1 X29.4045 Y-143.6640
G1 X29.5643 Y-144.0627
G1 X29.8886 Y-144.9960
G1 X30.2902 Y-146.0819
G1 X30.3853 Y-146.3279
G1 Z0.0000 F8000.0
G0 X38.3568 Y-147.3999 F15000.0
G1 Z11.9000 F8000.0
G1 X92.9793 Y-133.3435 F12000.0
G1 Z0.0000 F8000.0
G0 X76.7457 Y-142.7002 F15000.0
G1 Z11.9000 F8000.0
G1 X76.5971 Y-142.6546 F12000.0
G1 X76.4583 Y-142.5767
G1 X76.3285 Y-142.4733
G1 X76.1835 Y-142.3247
G1 X75.5203 Y-141.4736
G1 Z0.0000 F8000.0
G0 X74.2474 Y-138.0836 F15000.0
G1 Z11.9000 F8000.0
G1 X74.1179 Y-138.1046 F12000.0
G1 X73.9933 Y-138.1022
G1 X73.9010 Y-138.0784
G1 X73.6614 Y-137.9830
G1 Z0.0000 F8000.0
G0 X82.5796 Y-135.9279 F15000.0
G1 Z11.9000 F8000.0
G1 X82.8689 Y-135.8414 F12000.0
G1 X83.0025 Y-135.8172
G1 X83.1273 Y-135.8208
G1 X83.2207 Y-135.8533
G1 X83.2956 Y-135.9094
G1 X83.3476 Y-135.9830
G1 X83.3807 Y-136.0700
G1 X83.3988 Y-136.1663
G1 X83.4062 Y-136.3023
G1 X83.3981 Y-136.5921
G1 Z0.0000 F8000.0
G0 X76.5643 Y-141.9745 F15000.0
G1 Z11.9000 F8000.0
G1 X76.7947 Y-142.7002 F12000.0
G1 X77.4714 Y-144.0911
G1 Z0.0000 F8000.0
G0 X78.4390 Y-145.3611 F15000.0
G1 Z11.9000 F8000.0
G1 X78.1971 Y-145.9054 F12000.0
G1 Z0.0000 F8000.0
G0 X78.4995 Y-144.7564 F15000.0
G1 Z11.9000 F8000.0
G1 X78.6156 Y-143.6073 F12000.0
G1 X78.8019 Y-142.7002
G1 X78.9094 Y-142.7919
G1 X79.0185 Y-142.9166
G1 X79.1049 Y-143.0513
G1 X79.1748 Y-143.1945
G1 X79.8032 Y-144.8862
G1 X80.2230 Y-146.1115
G1 X80.3586 Y-146.4130
G1 X80.4952 Y-146.6311
G1 Z0.0000 F8000.0
G0 X78.8019 Y-142.7002 F15000.0
G1 Z11.9000 F8000.0
G1 X78.7414 Y-142.2164 F12000.0
G1 Z0.0000 F8000.0
G0 X84.2448 Y-136.6526 F15000.0
G1 Z11.9000 F8000.0
G1 X84.2525 Y-136.2550 F12000.0
G1 X84.2418 Y-136.0646
G1 X84.2032 Y-135.8816
G1 X84.1400 Y-135.7360
G1 X84.0633 Y-135.6245
G1 X83.3376 Y-135.7454
G1 X83.5190 Y-135.6245
G1 X83.3981 Y-134.8383
G1 Z0.0000 F8000.0
G0 X84.2448 Y-150.0178 F15000.0
G1 Z11.9000 F8000.0
G1 X84.2170 Y-150.5252 F12000.0
G1 X84.2380 Y-150.7768
G1 X84.2777 Y-150.8862
G1 X84.3252 Y-150.9419
G1 X84.4323 Y-150.9871
G1 X84.5636 Y-150.9954
G1 X85.0045 Y-150.9260
G1 X85.5915 Y-150.8602
G1 Z0.0000 F8000.0
G0 X104.4966 Y-148.5007 F15000.0
G1 Z11.9000 F8000.0
G1 X151.4974 Y-142.4887 F12000.0
G1 Z0.0000 F8000.0
G0 X109.3424 Y-141.7326 F15000.0
G1 Z11.9000 F8000.0
G1 X109.2817 Y-141.6183 F12000.0
G1 X109.2267 Y-141.4652
G1 X109.1159 Y-140.9759
G1 X109.0560 Y-140.7850
G1 X108.9994 Y-140.6645
G1 X108.8780 Y-140.4655
G1 X108.7888 Y-140.2901
G1 X108.5967 Y-139.7973
G1 X108.5159 Y-139.5185
G1 X108.4790 Y-139.2751
G1 X108.4805 Y-139.1040
G1 X108.5048 Y-138.9767
G1 X108.5554 Y-138.8610
G1 X108.6125 Y-138.7831
G1 X108.7061 Y-138.7003
G1 X108.8165 Y-138.6397
G1 X108.9400 Y-138.5993
G1 X109.1071 Y-138.5742
G1 X109.2465 Y-138.5719
G1 X109.4219 Y-138.5881
G1 X109.5919 Y-138.6218
G1 X109.7785 Y-138.6796
G1 X109.9204 Y-138.7424
G1 X110.0754 Y-138.8333
G1 X110.1842 Y-138.9144
G1 X110.3034 Y-139.0255
G1 X110.4063 Y-139.1468
G1 X110.4956 Y-139.2775
G1 X110.6568 Y-139.5945
G1 X110.8381 Y-140.0814
G1 X110.8817 Y-140.2537
G1 X110.9049 Y-140.4229
G1 X110.8943 Y-140.6440
G1 X110.8364 Y-140.8087
G1 X110.7880 Y-140.8793
G1 X110.7252 Y-140.9405
G1 X110.5858 Y-141.0183
G1 X110.4404 Y-141.0557
G1 X110.3100 Y-141.0673
G1 X109.2819 Y-141.0673
G1 X109.0400 Y-140.5835
G1 X109.1610 Y-139.7973
G1 Z0.0000 F8000.0
G0 X109.1610 Y-143.1235 F15000.0
G1 Z11.9000 F8000.0
G1 X109.1348 Y-142.3539 F12000.0
G1 X109.1484 Y-142.1505
G1 X109.1768 Y-141.9897
G1 X109.2255 Y-141.8407
G1 X109.2819 Y-141.7326
G1 X110.2495 Y-142.6869
G1 X111.3381 Y-143.3050
G1 Z0.0000 F8000.0
G0 X109.1544 Y-111.3275 F15000.0
G1 Z11.9000 F8000.0
G1 X109.1544 Y-179.1538 F12000.0
G1 Z0.0000 F8000.0
G0 X114.0595 Y-145.6030 F15000.0
G1 Z11.9000 F8000.0
G1 X112.9105 Y-142.5188 F12000.0
G1 Z0.0000 F8000.0
G0 X113.6362 Y-142.5188 F15000.0
G1 Z11.9000 F8000.0
G1 X114.7852 Y-145.6030 F12000.0
G1 Z0.0000 F8000.0
G0 X152.2596 Y-142.1499 F15000.0
G1 Z11.9000 F8000.0
G1 X150.8199 Y-142.1499 F12000.0
G1 X150.9046 Y-141.9806
G1 X152.1749 Y-141.9806
G1 X152.0055 Y-141.8112
G1 X151.0740 Y-141.8112
G1 Z0.0000 F8000.0
G0 X151.8362 Y-143.1661 F15000.0
G1 Z11.9000 F8000.0
G1 X151.1587 Y-143.1661 F12000.0
G1 Z0.0000 F8000.0
G0 X157.3605 Y-143.4259 F15000.0
G1 Z11.9000 F8000.0
G1 X156.6616 Y-143.4269 F12000.0
G1 X156.4346 Y-143.4064
G1 X156.2453 Y-143.3701
G1 X156.0625 Y-143.3113
G1 X155.8875 Y-143.2249
G1 X155.7219 Y-143.1060
G1 X155.5803 Y-142.9642
G1 X155.4119 Y-142.7219
G1 X155.2519 Y-142.3877
G1 X154.8200 Y-141.1634
G1 X154.3690 Y-139.9569
G1 X154.3104 Y-139.7618
G1 X154.2736 Y-139.5888
G1 X154.2576 Y-139.4492
G1 X154.2580 Y-139.3129
G1 X154.2787 Y-139.1839
G1 X154.3237 Y-139.0663
G1 X154.3757 Y-138.9879
G1 X154.4641 Y-138.9019
G1 X154.5692 Y-138.8371
G1 X154.6881 Y-138.7912
G1 X154.8176 Y-138.7618
G1 X154.9546 Y-138.7467
G1 X155.3097 Y-138.7559
G1 X155.7881 Y-138.8297
G1 Z0.0000 F8000.0
G0 X158.2676 Y-142.7002 F15000.0
G1 Z11.9000 F8000.0
G1 X159.4167 Y-145.7845 F12000.0
G1 Z0.0000 F8000.0
G0 X160.1424 Y-145.7845 F15000.0
G1 Z11.9000 F8000.0
G1 X158.9933 Y-142.7002 F12000.0
G1 Z0.0000 F8000.0
G0 X180.0000 Y-5.0243 F15000.0
G1 Z11.9000 F8000.0
G1 X180.0000 Y-285.0000 F12000.0
G1 Z0.0000 F8000.0
G0 X69.1257 Y-136.8340 F15000.0
G1 Z11.9000 F8000.0
G1 X67.9767 Y-133.7497 F12000.0
G1 Z0.0000 F8000.0
G0 X68.6419 Y-133.7497 F15000.0
G1 Z11.9000 F8000.0
G1 X69.7910 Y-136.8340 F12000.0
G1 Z0.0000 F8000.0
G0 X72.2312 Y-138.4242 F15000.0
G1 Z11.9000 F8000.0
G1 X73.7556 Y-138.4242 F12000.0
G1 X73.6709 Y-138.9322
G1 X72.3159 Y-138.9322
G1 X72.3159 Y-138.6782
G1 X73.7556 Y-138.6782
G1 X73.7556 Y-138.2548
G1 X72.3159 Y-138.2548
G1 X72.4006 Y-138.0854
G1 X73.6709 Y-138.0854
G1 X73.5015 Y-137.9161
G1 X72.4006 Y-137.9161
G1 Z0.0000 F8000.0
G0 X72.4853 Y-139.1016 F15000.0
G1 Z11.9000 F8000.0
G1 X73.5015 Y-139.1016 F12000.0
G1 Z0.0000 F8000.0
G0 X73.1628 Y-139.2709 F15000.0
G1 Z11.9000 F8000.0
G1 X72.6547 Y-139.2709 F12000.0
G1 Z0.0000 F8000.0
G0 X84.2448 Y-118.5097 F15000.0
G1 Z11.9000 F8000.0
G1 X84.2259 Y-118.0776 F12000.0
G1 X84.2339 Y-117.9273
G1 X84.2520 Y-117.8225
G1 X84.2838 Y-117.7302
G1 X84.3322 Y-117.6555
G1 X84.3753 Y-117.6181
G1 X84.4280 Y-117.5923
G1 X84.5101 Y-117.5850
G1 X84.6228 Y-117.6267
G1 X84.7345 Y-117.7093
G1 X85.0310 Y-118.0259
G1 Z0.0000 F8000.0
G0 X84.2443 Y-134.9905 F15000.0
G1 Z11.9000 F8000.0
G1 X84.2537 Y-135.1557 F12000.0
G1 X84.2881 Y-135.2800
G1 X84.3198 Y-135.3336
G1 X84.3639 Y-135.3789
G1 X84.4444 Y-135.4190
G1 X84.5728 Y-135.4229
G1 Z0.0000 F8000.0
G0 X86.7723 Y-134.8456 F15000.0
G1 Z11.9000 F8000.0
G1 X87.0075 Y-134.8105 F12000.0
G1 X87.0993 Y-134.8196
G1 X87.1550 Y-134.8376
G1 X87.2488 Y-134.9090
G1 X87.2848 Y-134.9654
G1 X87.3122 Y-135.0377
G1 X87.3393 Y-135.2073
G1 X87.3434 Y-135.4076
G1 X87.3290 Y-135.8059
G1 Z0.0000 F8000.0
G0 X16.3905 Y-133.8707 F15000.0
G1 Z11.9000 F8000.0
G1 X15.4833 Y-132.9030 F12000.0
G1 X14.8786 Y-132.4797
G1 X14.8549 Y-132.2454
G1 X14.8260 Y-132.1615
G1 X14.7707 Y-132.0711
G1 X14.4418 Y-131.7522
G1 X13.3667 Y-130.6050
G1 Z0.0000 F8000.0
G0 X14.8181 Y-132.5402 F15000.0
G1 Z11.9000 F8000.0
G1 X14.6367 Y-133.7497 F12000.0
G1 Z0.0000 F8000.0
G0 X14.9390 Y-131.9354 F15000.0
G1 Z11.9000 F8000.0
G1 X15.1810 Y-130.7259 F12000.0
G1 Z0.0000 F8000.0
G0 X38.3568 Y-114.2065 F15000.0
G1 Z11.9000 F8000.0
G1 X38.3568 Y-147.3999 F12000.0
G1 Z0.0000 F8000.0
G0 X65.2552 Y-134.4150 F15000.0
G1 Z11.9000 F8000.0
G1 X65.9205 Y-134.4131 F12000.0
G1 X66.0852 Y-134.3915
G1 X66.2243 Y-134.3493
G1 X66.3642 Y-134.2708
G1 X66.4687 Y-134.1677
G1 X66.5404 Y-134.0441
G1 X66.5818 Y-133.9041
G1 X66.5950 Y-133.7205
G1 X66.5727 Y-133.5265
G1 X66.5193 Y-133.3293
G1 X66.4234 Y-133.1048
G1 X66.2579 Y-132.8426
G1 X66.1709 Y-132.7512
G1 X65.8836 Y-132.4957
G1 X65.8258 Y-132.4164
G1 X65.7902 Y-132.3293
G1 X65.7822 Y-132.2653
G1 X65.7978 Y-132.1720
G1 X65.8378 Y-132.0847
G1 X65.9765 Y-131.8555
G1 X66.0122 Y-131.7281
G1 X66.0044 Y-131.5683
G1 X65.9821 Y-131.4089
G1 X65.8896 Y-131.0549
G1 X65.7412 Y-130.7112
G1 X65.6382 Y-130.5346
G1 X65.5413 Y-130.3959
G1 X65.3189 Y-130.1492
G1 X65.1942 Y-130.0445
G1 X65.0612 Y-129.9545
G1 X64.8319 Y-129.8454
G1 X64.7056 Y-129.8071
G1 X64.5441 Y-129.7754
G1 X64.2469 Y-129.7524
G1 X63.6829 Y-129.7583
G1 Z0.0000 F8000.0
G0 X65.3157 Y-132.2378 F15000.0
G1 Z11.9000 F8000.0
G1 X65.7390 Y-132.2983 F12000.0
G1 Z0.0000 F8000.0
G0 X83.3981 Y-126.9764 F15000.0
G1 Z11.9000 F8000.0
G1 X83.5190 Y-126.1902 F12000.0
G1 X83.8819 Y-126.7950
G1 Z0.0000 F8000.0
G0 X87.2686 Y-134.7173 F15000.0
G1 Z11.9000 F8000.0
G1 X90.7762 Y-133.8187 F12000.0
G1 X92.1067 Y-133.5078
G1 X92.2172 Y-133.2589
G1 X93.8262 Y-133.2589
G1 X93.7415 Y-133.7669
G1 X92.3018 Y-133.7669
G1 X92.3018 Y-133.5129
G1 X93.8262 Y-133.5129
G1 Z0.0000 F8000.0
G0 X93.8262 Y-133.0895 F15000.0
G1 Z11.9000 F8000.0
G1 X92.3018 Y-133.0895 F12000.0
G1 X92.3865 Y-132.9202
G1 X93.6568 Y-132.9202
G1 X93.4874 Y-132.7508
G1 X92.4712 Y-132.7508
G1 Z0.0000 F8000.0
G0 X92.5559 Y-133.9363 F15000.0
G1 Z11.9000 F8000.0
G1 X93.5721 Y-133.9363 F12000.0
G1 Z0.0000 F8000.0
G0 X93.2334 Y-134.1056 F15000.0
G1 Z11.9000 F8000.0
G1 X92.7253 Y-134.1056 F12000.0
G1 Z0.0000 F8000.0
G0 X96.4610 Y-131.8145 F15000.0
G1 Z11.9000 F8000.0
G1 X95.4329 Y-129.2745 F12000.0
G1 Z0.0000 F8000.0
G0 X98.0333 Y-131.7540 F15000.0
G1 Z11.9000 F8000.0
G1 X97.0052 Y-131.7540 F12000.0
G1 X96.5934 Y-131.7975
G1 X96.5632 Y-132.2983
G1 X96.9817 Y-133.4473
G1 X97.2018 Y-133.8876
G1 X97.6705 Y-133.9311
G1 X98.8800 Y-133.9311
G1 Z0.0000 F8000.0
G0 X99.7871 Y-133.2659 F15000.0
G1 Z11.9000 F8000.0
G1 X100.9362 Y-136.3502 F12000.0
G1 Z0.0000 F8000.0
G0 X101.6619 Y-136.3502 F15000.0
G1 Z11.9000 F8000.0
G1 X100.5129 Y-133.2659 F12000.0
G1 Z0.0000 F8000.0
G0 X165.3359 Y-131.8805 F15000.0
G1 Z11.9000 F8000.0
G1 X10.1272 Y-131.8805 F12000.0
G1 Z0.0000 F8000.0
G0 X84.2567 Y-167.9764 F15000.0
G1 Z11.9000 F8000.0
G1 X84.2567 Y-91.3438 F12000.0
G1 Z0.0000 F8000.0
G0 X87.3290 Y-133.5078 F15000.0
G1 Z11.9000 F8000.0
G1 X87.3168 Y-134.0118 F12000.0
G1 X87.3296 Y-134.2089
G1 X87.3611 Y-134.3669
G1 X87.4191 Y-134.5170
G1 X87.5105 Y-134.6569
G1 Z0.0000 F8000.0
G0 X104.6660 Y-177.1215 F15000.0
G1 Z11.9000 F8000.0
G1 X104.6660 Y-81.1825 F12000.0
G1 Z0.0000 F8000.0
G0 X137.5242 Y-191.9400 F15000.0
G1 Z11.9000 F8000.0
G1 X137.5242 Y-64.7552 F12000.0
G1 Z0.0000 F8000.0
G0 X175.2371 Y-128.7943 F15000.0
G1 Z11.9000 F8000.0
G1 X175.0019 Y-128.1005 F12000.0
G1 X174.8948 Y-127.8455
G1 X174.7739 Y-127.6024
G1 X174.6547 Y-127.4031
G1 X174.5213 Y-127.2194
G1 X174.3719 Y-127.0542
G1 X174.2296 Y-126.9296
G1 X174.0457 Y-126.8068
G1 X173.8406 Y-126.7109
G1 X173.6127 Y-126.6451
G1 X173.3885 Y-126.6148
G1 X173.2058 Y-126.6180
G1 X173.0147 Y-126.6585
G1 X172.8563 Y-126.7369
G1 X172.7329 Y-126.8512
G1 X172.6469 Y-126.9990
G1 X172.6004 Y-127.1782
G1 X172.5959 Y-127.3867
G1 X172.6259 Y-127.5811
G1 X172.7353 Y-127.9581
G1 X173.1023 Y-128.9042
G1 X173.4288 Y-129.8941
G1 X173.6019 Y-130.3087
G1 X173.6962 Y-130.4878
G1 X173.8017 Y-130.6553
G1 X173.9202 Y-130.8085
G1 X174.0300 Y-130.9233
G1 X174.1508 Y-131.0245
G1 X174.2836 Y-131.1107
G1 X174.4913 Y-131.2031
G1 X174.6860 Y-131.2520
G1 X174.9447 Y-131.2783
G1 X175.1879 Y-131.2681
G1 X175.3903 Y-131.2267
G1 X175.5437 Y-131.1643
G1 X175.6741 Y-131.0726
G1 X175.7731 Y-130.9478
G1 X175.8140 Y-130.8556
G1 X175.8408 Y-130.7290
G1 X175.8418 Y-130.6086
G1 X175.8174 Y-130.4500
G1 X175.7236 Y-130.1540
G1 X175.4928 Y-129.6031
G1 X175.3555 Y-129.1833
G1 X175.2371 Y-128.7943
G1 Z0.0000 F8000.0
G0 X55.0952 Y-142.9421 F15000.0
G1 Z11.9000 F8000.0
G1 X54.9743 Y-142.1559 F12000.0
G1 Z0.0000 F8000.0
G0 X54.9743 Y-106.8378 F15000.0
G1 Z11.9000 F8000.0
G1 X54.7929 Y-105.9911 F12000.0
G1 X55.8210 Y-105.4336
G1 Z0.0000 F8000.0
G0 X66.1019 Y-100.2931 F15000.0
G1 Z11.9000 F8000.0
G1 X66.9437 Y-99.9484 F12000.0
G1 X67.3719 Y-100.3064
G1 Z0.0000 F8000.0
G0 X83.1979 Y-116.1191 F15000.0
G1 Z11.9000 F8000.0
G1 X83.5426 Y-116.5696 F12000.0
G1 X84.0446 Y-116.9658
G1 X84.4867 Y-117.5421
G1 Z0.0000 F8000.0
G0 X72.9962 Y-107.1402 F15000.0
G1 Z11.9000 F8000.0
G1 X73.1776 Y-106.2935 F12000.0
G1 Z0.0000 F8000.0
G0 X79.5293 Y-123.9861 F15000.0
G1 Z11.9000 F8000.0
G1 X79.6029 Y-124.1840 F12000.0
G1 X79.6554 Y-124.2686
G1 X79.6991 Y-124.3139
G1 X79.8069 Y-124.3675
G1 X79.9693 Y-124.3841
G1 X80.6220 Y-124.3727
G1 X80.7945 Y-124.3555
G1 X80.9269 Y-124.3284
G1 X81.0790 Y-124.2723
G1 X81.1849 Y-124.2054
G1 X81.2723 Y-124.1155
G1 X81.3371 Y-123.9989
G1 X81.3762 Y-123.8390
G1 X81.3698 Y-123.6590
G1 X81.3164 Y-123.4248
G1 X81.2120 Y-123.1532
G1 X81.1157 Y-122.9664
G1 X80.9972 Y-122.7880
G1 X80.9188 Y-122.7016
G1 X80.6429 Y-122.4592
G1 X80.5854 Y-122.3798
G1 X80.5478 Y-122.2869
G1 X80.5420 Y-122.2233
G1 X80.5605 Y-122.1318
G1 X80.7204 Y-121.8386
G1 X80.7589 Y-121.7150
G1 X80.7659 Y-121.5961
G1 X80.7568 Y-121.4398
G1 X80.6952 Y-121.1452
G1 X80.6388 Y-120.9789
G1 X80.5531 Y-120.7815
G1 X80.4685 Y-120.6220
G1 X80.3539 Y-120.4405
G1 X80.2274 Y-120.2742
G1 X80.1151 Y-120.1506
G1 X79.9744 Y-120.0242
G1 X79.8542 Y-119.9403
G1 X79.7133 Y-119.8672
G1 X79.5564 Y-119.8071
G1 X79.3930 Y-119.7619
G1 X79.2291 Y-119.7319
G1 X78.8993 Y-119.6989
G1 X78.6664 Y-119.6883
G1 X78.4739 Y-119.6949
G1 X78.3085 Y-119.7240
G1 X78.2325 Y-119.7555
G1 X78.1947 Y-119.7834
G1 X78.1391 Y-119.8797
G1 X78.1259 Y-119.9390
G1 X78.1240 Y-120.0346
G1 X78.1564 Y-120.2029
G1 X78.7287 Y-121.7747
G1 X78.9991 Y-122.3472
G1 X79.2319 Y-123.1418
G1 X79.5092 Y-123.9207
G1 X79.5293 Y-123.9861
G1 Z0.0000 F8000.0
G0 X78.9833 Y-122.3197 F15000.0
G1 Z11.9000 F8000.0
G1 X79.0923 Y-122.2622 F12000.0
G1 X79.2101 Y-122.2206
G1 X79.3673 Y-122.1880
G1 X79.5327 Y-122.1735
G1 X79.7033 Y-122.1736
G1 X79.8758 Y-122.1845
G1 X80.4952 Y-122.2592
G1 Z0.0000 F8000.0
G0 X82.7329 Y-123.7107 F15000.0
G1 Z11.9000 F8000.0
G1 X83.1006 Y-124.6783 F12000.0
G1 X83.3189 Y-125.0411
G1 X83.5190 Y-126.1902
G1 Z0.0000 F8000.0
G0 X83.2771 Y-124.9202 F15000.0
G1 Z11.9000 F8000.0
G1 X83.3532 Y-124.7643 F12000.0
G1 X83.4033 Y-124.5859
G1 X83.4317 Y-124.3904
G1 X83.4436 Y-124.1480
G1 X83.3982 Y-123.1341
G1 Z0.0000 F8000.0
G0 X83.3980 Y-118.6634 F15000.0
G1 Z11.9000 F8000.0
G1 X83.3547 Y-117.8663 F12000.0
G1 X83.3517 Y-117.5069
G1 X83.3702 Y-117.2649
G1 X83.4130 Y-117.0400
G1 X83.4868 Y-116.8403
G1 X83.5795 Y-116.6954
G1 X84.0633 Y-116.9373
G1 X84.1589 Y-116.7868
G1 X84.2319 Y-116.5810
G1 X84.2713 Y-116.3512
G1 X84.2854 Y-116.0706
G1 X84.2448 Y-115.1230
G1 Z0.0000 F8000.0
G0 X85.2974 Y-92.0711 F15000.0
G1 Z11.9000 F8000.0
G1 X85.0846 Y-91.9226 F12000.0
G1 X84.9100 Y-91.8397
G1 X84.8495 Y-91.8518
G1 X83.7486 Y-91.8518
G1 X83.9179 Y-92.0212
G1 X84.5954 Y-92.0212
G1 Z0.0000 F8000.0
G0 X86.9573 Y-93.4047 F15000.0
G1 Z11.9000 F8000.0
G1 X87.6474 Y-93.9823 F12000.0
G1 Z0.0000 F8000.0
G0 X87.9872 Y-94.2507 F15000.0
G1 Z11.9000 F8000.0
G1 X88.2291 Y-94.4196 F12000.0
G1 X88.5166 Y-94.5546
G1 X88.6223 Y-94.6206
G1 X88.7320 Y-94.7421
G1 X88.9101 Y-95.1074
G1 X89.0115 Y-95.2330
G1 X89.1186 Y-95.2932
G1 X89.2990 Y-95.3407
G1 X89.3852 Y-95.3758
G1 X89.6305 Y-95.5285
G1 X89.8958 Y-95.7219
G1 X90.8833 Y-96.5570
G1 Z0.0000 F8000.0
G0 X92.0644 Y-97.5145 F15000.0
G1 Z11.9000 F8000.0
G1 X92.3713 Y-97.7604 F12000.0
G1 X92.7625 Y-98.0335
G1 X92.8987 Y-98.1742
G1 X92.9600 Y-98.3048
G1 X92.9886 Y-98.4539
G1 X92.9976 Y-98.6559
G1 X92.9533 Y-99.3992
G1 X92.9533 Y-117.1188
G1 X92.9436 Y-117.3788
G1 X92.9631 Y-117.5763
G1 X92.9969 Y-117.6612
G1 X93.0395 Y-117.7191
G1 X93.1164 Y-117.7729
G1 X93.2366 Y-117.7942
G1 X93.3679 Y-117.7733
G1 X93.5003 Y-117.7272
G1 Z0.0000 F8000.0
G0 X104.2065 Y-113.2676 F15000.0
G1 Z11.9000 F8000.0
G1 X104.3694 Y-113.2248 F12000.0
G1 X104.4940 Y-113.2372
G1 X104.5518 Y-113.2666
G1 X104.6053 Y-113.3154
G1 X104.6641 Y-113.4209
G1 X104.6869 Y-113.5141
G1 X104.6971 Y-113.6490
G1 X104.6857 Y-113.9740
G1 Z0.0000 F8000.0
G0 X88.1522 Y-120.2186 F15000.0
G1 Z11.9000 F8000.0
G1 X86.5432 Y-120.2186 F12000.0
G1 X86.6279 Y-120.7267
G1 X88.0675 Y-120.7267
G1 X88.1522 Y-120.5573
G1 X86.6279 Y-120.5573
G1 X86.6279 Y-120.3880
G1 X88.1522 Y-120.3880
G1 X88.0675 Y-120.0493
G1 X86.7126 Y-120.0493
G1 X86.7972 Y-119.8799
G1 X87.9829 Y-119.8799
G1 Z0.0000 F8000.0
G0 X87.8982 Y-120.8960 F15000.0
G1 Z11.9000 F8000.0
G1 X86.8819 Y-120.8960 F12000.0
G1 X87.0513 Y-121.0654
G1 X87.7288 Y-121.0654
G1 Z0.0000 F8000.0
G0 X86.9666 Y-119.7105 F15000.0
G1 Z11.9000 F8000.0
G1 X87.8135 Y-119.7105 F12000.0
G1 X88.1757 Y-119.8402
G1 X88.4665 Y-119.7949
G1 X88.7787 Y-119.6912
G1 Z0.0000 F8000.0
G0 X92.5245 Y-118.1281 F15000.0
G1 Z11.9000 F8000.0
G1 X92.6489 Y-118.1063 F12000.0
G1 X92.7103 Y-118.1116
G1 X92.7701 Y-118.1317
G1 X92.8676 Y-118.2090
G1 X92.9278 Y-118.3181
G1 X92.9587 Y-118.4492
G1 X92.9687 Y-118.6286
G1 X92.9533 Y-118.9935
G1 Z0.0000 F8000.0
G0 X92.8324 Y-118.0864 F15000.0
G1 Z11.9000 F8000.0
G1 X93.0743 Y-117.9050 F12000.0
G1 Z0.0000 F8000.0
G0 X92.9793 Y-113.9525 F15000.0
G1 Z11.9000 F8000.0
G1 X92.9793 Y-133.3435 F12000.0
G1 Z0.0000 F8000.0
G0 X117.9300 Y-121.2916 F15000.0
G1 Z11.9000 F8000.0
G1 X116.7810 Y-118.2073 F12000.0
G1 Z0.0000 F8000.0
G0 X151.4974 Y-142.4887 F15000.0
G1 Z11.9000 F8000.0
G1 X151.4974 Y-93.7147 F12000.0
G1 Z0.0000 F8000.0
G0 X32.5624 Y-113.7917 F15000.0
G1 Z11.9000 F8000.0
G1 X32.9823 Y-114.9368 F12000.0
G1 X33.0499 Y-115.0402
G1 X33.1489 Y-115.1053
G1 X33.2389 Y-115.1271
G1 X33.3378 Y-115.1341
G1 X33.6262 Y-115.1230
G1 X34.0471 Y-115.1286
G1 X34.2568 Y-115.1177
G1 X34.4262 Y-115.0917
G1 X34.5829 Y-115.0439
G1 X34.7197 Y-114.9685
G1 X34.8292 Y-114.8596
G1 X34.8924 Y-114.7442
G1 X34.9279 Y-114.6108
G1 X34.9329 Y-114.4914
G1 X34.9114 Y-114.3323
G1 X34.8554 Y-114.1340
G1 X34.5361 Y-113.3359
G1 X33.8971 Y-111.5617
G1 X33.7613 Y-111.2681
G1 X33.6245 Y-111.0525
G1 X33.4758 Y-110.8814
G1 X33.2932 Y-110.7297
G1 X33.1146 Y-110.6235
G1 X32.9012 Y-110.5419
G1 X32.6796 Y-110.4948
G1 X32.4526 Y-110.4727
G1 X31.8227 Y-110.4627
G1 X31.6887 Y-110.4756
G1 X31.6297 Y-110.4959
G1 X31.5796 Y-110.5296
G1 X31.5266 Y-110.6121
G1 X31.5048 Y-110.7750
G1 X31.5317 Y-110.9671
G1 X31.5816 Y-111.1278
G1 X31.7415 Y-111.5265
G1 X32.0658 Y-112.4598
G1 X32.4673 Y-113.5457
G1 X32.5624 Y-113.7917
G1 Z0.0000 F8000.0
G0 X36.1057 Y-114.4578 F15000.0
G1 Z11.9000 F8000.0
G1 X37.2548 Y-117.5421 F12000.0
G1 Z0.0000 F8000.0
G0 X37.5946 Y-114.1219 F15000.0
G1 Z11.9000 F8000.0
G1 X39.1190 Y-114.1219 F12000.0
G1 X39.1190 Y-114.6299
G1 X37.6793 Y-114.6299
G1 X37.6793 Y-114.4606
G1 X39.1190 Y-114.4606
G1 X39.1190 Y-114.2912
G1 X37.6793 Y-114.2912
G1 X37.6793 Y-113.9525
G1 X39.1190 Y-113.9525
G1 X39.0343 Y-113.7832
G1 X37.7640 Y-113.7832
G1 X37.7640 Y-113.6138
G1 X38.8649 Y-113.6138
G1 Z0.0000 F8000.0
G0 X38.8649 Y-114.7993 F15000.0
G1 Z11.9000 F8000.0
G1 X37.9334 Y-114.7993 F12000.0
G1 Z0.0000 F8000.0
G0 X38.1028 Y-113.4444 F15000.0
G1 Z11.9000 F8000.0
G1 X38.5262 Y-113.4444 F12000.0
G1 Z0.0000 F8000.0
G0 X54.9553 Y-154.8515 F15000.0
G1 Z11.9000 F8000.0
G1 X54.9553 Y-67.8036 F12000.0
G1 Z0.0000 F8000.0
G0 X83.4098 Y-75.4245 F15000.0
G1 Z11.9000 F8000.0
G1 X83.4098 Y-151.2104 F12000.0
G1 Z0.0000 F8000.0
G0 X104.5648 Y-113.1878 F15000.0
G1 Z11.9000 F8000.0
G1 X105.8952 Y-112.5716 F12000.0
G1 Z0.0000 F8000.0
G0 X108.3922 Y-111.2428 F15000.0
G1 Z11.9000 F8000.0
G1 X109.9166 Y-111.2428 F12000.0
G1 X109.9166 Y-111.6662
G1 X108.4769 Y-111.6662
G1 X108.4769 Y-111.4969
G1 X109.9166 Y-111.4969
G1 X109.9166 Y-111.0735
G1 X108.4769 Y-111.0735
G1 X108.5616 Y-110.9041
G1 X109.9166 Y-110.9041
G1 X109.7472 Y-110.7348
G1 X108.5616 Y-110.7348
G1 X108.9003 Y-110.5654
G1 X109.5778 Y-110.5654
G1 Z0.0000 F8000.0
G0 X108.6463 Y-111.8356 F15000.0
G1 Z11.9000 F8000.0
G1 X109.7472 Y-111.8356 F12000.0
G1 Z0.0000 F8000.0
G0 X109.4931 Y-112.0049 F15000.0
G1 Z11.9000 F8000.0
G1 X108.8156 Y-112.0049 F12000.0
G1 Z0.0000 F8000.0
G0 X114.0595 Y-114.2159 F15000.0
G1 Z11.9000 F8000.0
G1 X113.2264 Y-114.1747 F12000.0
G1 X112.8744 Y-114.1805
G1 X112.7075 Y-114.1993
G1 X112.5510 Y-114.2324
G1 X112.4080 Y-114.2825
G1 X112.3057 Y-114.3369
G1 X112.4623 Y-114.5988
G1 X112.6884 Y-114.8681
G1 X113.4990 Y-115.6457
G1 X114.7475 Y-116.8994
G1 X115.1107 Y-117.2448
G1 X115.2698 Y-117.4185
G1 X115.4025 Y-117.6062
G1 X115.4904 Y-117.7975
G1 X115.5348 Y-117.9995
G1 X115.5327 Y-118.1958
G1 X115.5066 Y-118.3202
G1 X115.4477 Y-118.4646
G1 X115.3608 Y-118.5932
G1 X115.2722 Y-118.6818
G1 X115.1388 Y-118.7716
G1 X115.0150 Y-118.8241
G1 X114.8767 Y-118.8573
G1 X114.7248 Y-118.8689
G1 X114.5887 Y-118.8611
G1 X114.4272 Y-118.8297
G1 X114.2747 Y-118.7768
G1 X114.1311 Y-118.7051
G1 X113.9960 Y-118.6172
G1 X113.8448 Y-118.4940
G1 X113.7048 Y-118.3558
G1 X113.5757 Y-118.2073
G1 Z0.0000 F8000.0
G0 X137.5205 Y-143.5494 F15000.0
G1 Z11.9000 F8000.0
G1 X137.5316 Y-143.7386 F12000.0
G1 X137.5634 Y-143.8898
G1 X137.6264 Y-144.0365
G1 X137.7057 Y-144.1516
G1 Z0.0000 F8000.0
G0 X137.5280 Y-100.1829 F15000.0
G1 Z11.9000 F8000.0
G1 X137.5170 Y-99.9936 F12000.0
G1 X137.4851 Y-99.8425
G1 X137.4222 Y-99.6958
G1 X137.3429 Y-99.5807
G1 X137.5827 Y-99.4107
G1 X137.8780 Y-99.2661
G1 X137.7057 Y-99.3388
G1 X137.6143 Y-99.1989
G1 X137.5564 Y-99.0488
G1 X137.5211 Y-98.8584
G1 X137.5118 Y-98.6603
G1 X137.5243 Y-98.1897
G1 Z0.0000 F8000.0
G0 X149.7405 Y-94.3428 F15000.0
G1 Z11.9000 F8000.0
G1 X150.2563 Y-94.1592 F12000.0
G1 X150.4366 Y-94.0570
G1 X150.5060 Y-93.9938
G1 X150.5557 Y-93.9208
G1 X150.5908 Y-93.8154
G1 X150.6021 Y-93.7429
G1 X150.5979 Y-93.6453
G1 X150.5710 Y-93.5600
G1 X150.4840 Y-93.4428
G1 X150.3566 Y-93.3529
G1 X150.2026 Y-93.2856
G1 X149.9120 Y-93.2009
G1 Z0.0000 F8000.0
G0 X138.4661 Y-90.1493 F15000.0
G1 Z11.9000 F8000.0
G1 X138.0244 Y-90.0101 F12000.0
G1 X137.8567 Y-89.9845
G1 X137.7626 Y-89.9933
G1 X137.7048 Y-90.0129
G1 X137.6265 Y-90.0678
G1 X137.5711 Y-90.1437
G1 X137.5351 Y-90.2598
G1 X137.5252 Y-90.3853
G1 X137.5848 Y-89.9045
G1 X137.4989 Y-89.8417
G1 X137.4749 Y-89.7949
G1 X137.4704 Y-89.7434
G1 X137.5225 Y-89.4811
G1 X137.5348 Y-89.1487
G1 Z0.0000 F8000.0
G0 X27.3476 Y-60.3520 F15000.0
G1 Z11.9000 F8000.0
G1 X27.3476 Y-158.4079 F12000.0
G1 Z0.0000 F8000.0
G0 X38.3568 Y-114.2065 F15000.0
G1 Z11.9000 F8000.0
G1 X66.8960 Y-99.9808 F12000.0
G1 Z0.0000 F8000.0
G0 X40.7019 Y-112.9592 F15000.0
G1 Z11.9000 F8000.0
G1 X40.1401 Y-113.2548 F12000.0
G1 X39.9208 Y-113.3496
G1 X39.6976 Y-113.4166
G1 X39.5045 Y-113.4421
G1 X39.3110 Y-113.4297
G1 Z0.0000 F8000.0
G0 X53.4915 Y-106.5679 F15000.0
G1 Z11.9000 F8000.0
G1 X54.1108 Y-106.2433 F12000.0
G1 X54.4770 Y-106.0830
G1 X54.7929 Y-105.9911
G1 X55.1557 Y-105.7492
G1 X55.0749 Y-105.6324
G1 X55.0122 Y-105.4855
G1 X54.9817 Y-105.3348
G1 X54.9724 Y-105.1772
G1 Z0.0000 F8000.0
G0 X72.9934 Y-138.5088 F15000.0
G1 Z11.9000 F8000.0
G1 X72.9934 Y-72.6302 F12000.0
G1 Z0.0000 F8000.0
G0 X87.3054 Y-120.3880 F15000.0
G1 Z11.9000 F8000.0
G1 X151.4974 Y-93.7147 F12000.0
G1 Z0.0000 F8000.0
G0 X94.1220 Y-99.1259 F15000.0
G1 Z11.9000 F8000.0
G1 X93.5667 Y-98.7030 F12000.0
G1 X93.0743 Y-98.3711
G1 Z0.0000 F8000.0
G0 X104.0870 Y-107.1739 F15000.0
G1 Z11.9000 F8000.0
G1 X104.5108 Y-107.4884 F12000.0
G1 X104.6069 Y-107.5765
G1 X104.6580 Y-107.6518
G1 X104.6969 Y-107.7580
G1 X104.7188 Y-107.8829
G1 X104.7270 Y-108.0211
G1 X104.6860 Y-108.7467
G1 Z0.0000 F8000.0
G0 X104.6857 Y-111.7364 F15000.0
G1 Z11.9000 F8000.0
G1 X104.6707 Y-112.4022 F12000.0
G1 X104.6910 Y-112.5981
G1 X104.7295 Y-112.7536
G1 X104.7936 Y-112.8991
G1 X104.8671 Y-113.0064
G1 Z0.0000 F8000.0
G0 X106.6814 Y-109.2532 F15000.0
G1 Z11.9000 F8000.0
G1 X104.8067 Y-107.8054 F12000.0
G1 Z0.0000 F8000.0
G0 X136.3148 Y-99.9284 F15000.0
G1 Z11.9000 F8000.0
G1 X137.3429 Y-99.5807 F12000.0
G1 Z0.0000 F8000.0
G0 X164.5571 Y-103.7535 F15000.0
G1 Z11.9000 F8000.0
G1 X165.2629 Y-105.6283 F12000.0
G1 X166.2505 Y-108.3497
G1 Z0.0000 F8000.0
G0 X165.9481 Y-106.9588 F15000.0
G1 Z11.9000 F8000.0
G1 X166.6238 Y-106.9948 F12000.0
G1 X166.8094 Y-106.9904
G1 X166.9823 Y-106.9687
G1 X167.1328 Y-106.9239
G1 X167.2305 Y-106.8674
G1 X167.3107 Y-106.7774
G1 X167.3531 Y-106.6586
G1 X167.3491 Y-106.4963
G1 X167.3044 Y-106.3291
G1 X167.1981 Y-106.0516
G1 X166.7121 Y-104.6382
G1 X166.5441 Y-104.2051
G1 X166.3714 Y-103.8140
G1 Z0.0000 F8000.0
G0 X57.8346 Y-90.8357 F15000.0
G1 Z11.9000 F8000.0
G1 X38.3568 Y-114.2065 F12000.0
G1 Z0.0000 F8000.0
G0 X38.4038 Y-114.0950 F15000.0
G1 Z11.9000 F8000.0
G1 X38.8271 Y-113.6414 F12000.0
G1 X39.2320 Y-113.4146
G1 X39.6973 Y-112.5226
G1 Z0.0000 F8000.0
G0 X52.6024 Y-97.0407 F15000.0
G1 Z11.9000 F8000.0
G1 X54.7729 Y-94.5424 F12000.0
G1 X55.1606 Y-93.9147
G1 X56.2812 Y-92.6259
G1 Z0.0000 F8000.0
G0 X57.2857 Y-91.4164 F15000.0
G1 Z11.9000 F8000.0
G1 X57.7562 Y-90.9344 F12000.0
G1 X58.4214 Y-91.3559
G1 Z0.0000 F8000.0
G0 X65.7995 Y-98.7340 F15000.0
G1 Z11.9000 F8000.0
G1 X66.7067 Y-99.8226 F12000.0
G1 X66.8960 Y-99.9808
G1 X69.9447 Y-98.4566
G1 Z0.0000 F8000.0
G0 X54.9767 Y-95.1597 F15000.0
G1 Z11.9000 F8000.0
G1 X54.9626 Y-95.0039 F12000.0
G1 X54.9253 Y-94.8538
G1 X54.8722 Y-94.7367
G1 X54.7929 Y-94.6216
G1 Z0.0000 F8000.0
G0 X68.0976 Y-99.3255 F15000.0
G1 Z11.9000 F8000.0
G1 X67.0695 Y-99.9435 F12000.0
G1 Z0.0000 F8000.0
G0 X87.5105 Y-98.9154 F15000.0
G1 Z11.9000 F8000.0
G1 X87.5105 Y-98.5526 F12000.0
G1 Z0.0000 F8000.0
G0 X91.1995 Y-98.3107 F15000.0
G1 Z11.9000 F8000.0
G1 X92.3486 Y-101.3950 F12000.0
G1 Z0.0000 F8000.0
G0 X168.7596 Y-103.2958 F15000.0
G1 Z11.9000 F8000.0
G1 X168.5992 Y-102.8115 F12000.0
G1 X168.4669 Y-102.5026
G1 X168.3158 Y-102.2537
G1 X168.2144 Y-102.1329
G1 X168.1227 Y-102.0474
G1 X167.9933 Y-101.9567
G1 X167.8766 Y-101.8985
G1 X167.7129 Y-101.8459
G1 X167.5605 Y-101.8218
G1 X167.4494 Y-101.8221
G1 X167.3209 Y-101.8483
G1 X167.2153 Y-101.9015
G1 X167.1330 Y-101.9786
G1 X167.0746 Y-102.0768
G1 X167.0359 Y-102.2247
G1 X167.0329 Y-102.3596
G1 X167.0554 Y-102.5059
G1 X167.1423 Y-102.7885
G1 X167.3978 Y-103.4498
G1 X167.6237 Y-104.1140
G1 X167.7501 Y-104.3842
G1 X167.8964 Y-104.5936
G1 X168.0601 Y-104.7417
G1 X168.1716 Y-104.8078
G1 X168.2649 Y-104.8472
G1 X168.3964 Y-104.8836
G1 X168.5238 Y-104.9006
G1 X168.6603 Y-104.9014
G1 X168.7963 Y-104.8826
G1 X168.9221 Y-104.8405
G1 X169.0040 Y-104.7915
G1 X169.0706 Y-104.7261
G1 X169.1179 Y-104.6427
G1 X169.1367 Y-104.5763
G1 X169.1444 Y-104.4793
G1 X169.1125 Y-104.2566
G1 X169.0498 Y-104.0598
G1 X168.8745 Y-103.6326
G1 X168.7901 Y-103.3906
G1 X168.7596 Y-103.2958
G1 Z0.0000 F8000.0
G0 X170.5443 Y-103.3907 F15000.0
G1 Z11.9000 F8000.0
G1 X170.5484 Y-103.6213 F12000.0
G1 X170.5269 Y-103.7509
G1 X170.5007 Y-103.8073
G1 X170.4626 Y-103.8552
G1 X170.3610 Y-103.9206
G1 X170.2010 Y-103.9521
G1 X170.0960 Y-103.9480
G1 X169.9903 Y-103.9292
G1 X169.7957 Y-103.8557
G1 X169.7165 Y-103.8054
G1 X169.6559 Y-103.7487
G1 X169.6006 Y-103.6682
G1 X169.5576 Y-103.5788
G1 X169.4559 Y-103.3015
G1 X169.2287 Y-102.7471
G1 X169.1371 Y-102.4601
G1 X169.1011 Y-102.2724
G1 X169.0979 Y-102.1230
G1 X169.1336 Y-101.9944
G1 X169.2037 Y-101.9006
G1 X169.2496 Y-101.8672
G1 X169.3296 Y-101.8341
G1 X169.4207 Y-101.8220
G1 X169.5199 Y-101.8313
G1 X169.6958 Y-101.8957
G1 X169.7780 Y-101.9505
G1 X169.8454 Y-102.0153
G1 X170.0034 Y-102.2106
G1 X170.2528 Y-102.4595
G1 X170.3451 Y-102.5714
G1 X170.4074 Y-102.6823
G1 X170.4469 Y-102.7859
G1 X170.5053 Y-103.1141
G1 X170.5550 Y-103.2337
G1 X170.7390 Y-103.5024
G1 X171.1490 Y-103.9954
G1 Z0.0000 F8000.0
G0 X170.3629 Y-102.3626 F15000.0
G1 Z11.9000 F8000.0
G1 X170.3629 Y-101.9392 F12000.0
G1 Z0.0000 F8000.0
G0 X172.4190 Y-101.8183 F15000.0
G1 Z11.9000 F8000.0
G1 X171.2700 Y-101.9392 F12000.0
G1 X171.3685 Y-102.1041
G1 X171.4806 Y-102.2631
G1 X171.7600 Y-102.5907
G1 X172.0464 Y-102.8768
G1 X172.9586 Y-103.7383
G1 X173.1417 Y-103.9318
G1 X173.2387 Y-104.0635
G1 X173.3153 Y-104.2111
G1 X173.3493 Y-104.3457
G1 X173.3475 Y-104.4739
G1 X173.3249 Y-104.5637
G1 X173.2856 Y-104.6461
G1 X173.2311 Y-104.7195
G1 X173.1629 Y-104.7824
G1 X173.0824 Y-104.8331
G1 X172.9911 Y-104.8700
G1 X172.8904 Y-104.8915
G1 X172.7819 Y-104.8959
G1 X172.5864 Y-104.8601
G1 X172.4131 Y-104.7790
G1 X172.2318 Y-104.6446
G1 X171.9957 Y-104.4188
G1 Z0.0000 F8000.0
G0 X87.3054 Y-120.3880 F15000.0
G1 Z11.9000 F8000.0
G1 X27.3476 Y-60.3520 F12000.0
G1 Z0.0000 F8000.0
G0 X45.9633 Y-88.2716 F15000.0
G1 Z11.9000 F8000.0
G1 X46.5000 Y-88.2807 F12000.0
G1 X46.8903 Y-88.3244
G1 X47.0772 Y-88.3678
G1 X47.2272 Y-88.4182
G1 X47.3712 Y-88.4838
G1 X47.5082 Y-88.5664
G1 X47.6373 Y-88.6682
G1 X47.7343 Y-88.7647
G1 X47.8253 Y-88.8756
G1 X47.9019 Y-88.9919
G1 X47.9707 Y-89.1401
G1 X48.2347 Y-89.8453
G1 X48.2995 Y-90.1143
G1 X48.3041 Y-90.2114
G1 X48.2936 Y-90.3034
G1 X48.2287 Y-90.4551
G1 X48.1665 Y-90.5391
G1 X48.0958 Y-90.6054
G1 X47.9619 Y-90.6826
G1 X47.7805 Y-90.7317
G1 X47.5505 Y-90.7500
G1 X47.1924 Y-90.7458
G1 X47.0636 Y-90.7662
G1 X47.0089 Y-90.7919
G1 X46.9648 Y-90.8316
G1 X46.9171 Y-90.9343
G1 X46.9114 Y-91.0932
G1 X46.9600 Y-91.3074
G1 X47.1686 Y-91.8329
G1 X47.3649 Y-92.4922
G1 X47.4307 Y-92.6486
G1 X47.5102 Y-92.7824
G1 X47.5660 Y-92.8479
G1 X47.6139 Y-92.8848
G1 X47.6987 Y-92.9189
G1 X47.7937 Y-92.9333
G1 X49.2895 Y-92.9283
G1 Z0.0000 F8000.0
G0 X50.2571 Y-92.2630 F15000.0
G1 Z11.9000 F8000.0
G1 X51.4062 Y-95.3473 F12000.0
G1 Z0.0000 F8000.0
G0 X55.1557 Y-93.8354 F15000.0
G1 Z11.9000 F8000.0
G1 X55.0691 Y-93.7030 F12000.0
G1 X55.0097 Y-93.5557
G1 X54.9679 Y-93.3637
G1 X54.9510 Y-93.1607
G1 X54.9743 Y-92.3840
G1 Z0.0000 F8000.0
G0 X68.3674 Y-78.4851 F15000.0
G1 Z11.9000 F8000.0
G1 X68.3048 Y-78.4098 F12000.0
G1 X68.2809 Y-78.3517
G1 X68.2783 Y-78.2763
G1 X68.3132 Y-78.1656
G1 X68.4480 Y-77.9569
G1 Z0.0000 F8000.0
G0 X79.9500 Y-87.7894 F15000.0
G1 Z11.9000 F8000.0
G1 X82.5113 Y-89.7727 F12000.0
G1 X83.2705 Y-90.4167
G1 X83.3240 Y-90.4775
G1 X83.3773 Y-90.5786
G1 X83.4240 Y-90.7640
G1 X83.4403 Y-91.0144
G1 X83.3914 Y-91.8397
G1 X83.4586 Y-91.5978
G1 X84.2448 Y-91.2604
G1 X84.2567 Y-91.3438
G1 X81.2927 Y-92.7833
G1 Z0.0000 F8000.0
G0 X83.3981 Y-114.5788 F15000.0
G1 Z11.9000 F8000.0
G1 X83.4256 Y-115.3176 F12000.0
G1 X83.4131 Y-115.5574
G1 X83.3709 Y-115.7839
G1 X83.3022 Y-115.9604
G1 X83.2167 Y-116.0907
G1 Z0.0000 F8000.0
G0 X74.6871 Y-96.0857 F15000.0
G1 Z11.9000 F8000.0
G1 X71.7231 Y-97.5252 F12000.0
G1 Z0.0000 F8000.0
G0 X72.9962 Y-103.9954 F15000.0
G1 Z11.9000 F8000.0
G1 X73.0315 Y-104.8627 F12000.0
G1 X73.0165 Y-105.1375
G1 X72.9749 Y-105.3625
G1 X72.9109 Y-105.5371
G1 X72.8148 Y-105.6888
G1 Z0.0000 F8000.0
G0 X73.0567 Y-96.7383 F15000.0
G1 Z11.9000 F8000.0
G1 X74.6895 Y-96.0126 F12000.0
G1 Z0.0000 F8000.0
G0 X76.4655 Y-95.1542 F15000.0
G1 Z11.9000 F8000.0
G1 X79.5143 Y-93.7147 F12000.0
G1 Z0.0000 F8000.0
G0 X77.1690 Y-94.7577 F15000.0
G1 Z11.9000 F8000.0
G1 X76.5038 Y-95.0450 F12000.0
G1 Z0.0000 F8000.0
G0 X85.0188 Y-91.1744 F15000.0
G1 Z11.9000 F8000.0
G1 X83.4945 Y-91.1744 F12000.0
G1 X83.5792 Y-91.6825
G1 X85.0188 Y-91.6825
G1 X85.0188 Y-91.5131
G1 X83.5792 Y-91.5131
G1 X83.5792 Y-91.3438
G1 X85.0188 Y-91.3438
G1 X85.0188 Y-91.0050
G1 X83.5792 Y-91.0050
G1 X83.6639 Y-90.8357
G1 X84.9342 Y-90.8357
G1 X84.7648 Y-90.6664
G1 X83.8332 Y-90.6664
G1 Z0.0000 F8000.0
G0 X85.7567 Y-94.3797 F15000.0
G1 Z11.9000 F8000.0
G1 X85.8610 Y-94.5840 F12000.0
G1 X85.9747 Y-94.8615
G1 X86.2764 Y-95.7461
G1 X86.7642 Y-97.0578
G1 X87.1899 Y-98.2495
G1 X87.2470 Y-98.3721
G1 X87.3080 Y-98.4507
G1 X87.3913 Y-98.5024
G1 X87.4924 Y-98.5076
G1 X87.5707 Y-98.4589
G1 X87.6294 Y-98.3764
G1 X87.6715 Y-98.2800
G1 X87.7272 Y-98.0934
G1 X87.9766 Y-97.0922
G1 X88.0064 Y-97.0323
G1 X88.0476 Y-96.9853
G1 X88.0996 Y-96.9583
G1 X88.1824 Y-96.9541
G1 X88.2989 Y-97.0001
G1 X88.4448 Y-97.1122
G1 X89.1750 Y-97.8715
G1 X89.5062 Y-98.1849
G1 X89.6149 Y-98.2634
G1 X89.8736 Y-98.4150
G1 X89.9767 Y-98.4987
G1 X90.1199 Y-98.6701
G1 X90.4133 Y-99.0969
G1 Z0.0000 F8000.0
G0 X89.9900 Y-98.3711 F15000.0
G1 Z11.9000 F8000.0
G1 X89.3447 Y-96.3150 F12000.0
G1 X89.0829 Y-95.3473
G1 Z0.0000 F8000.0
G0 X110.3705 Y-89.4207 F15000.0
G1 Z11.9000 F8000.0
G1 X111.5195 Y-92.5050 F12000.0
G1 Z0.0000 F8000.0
G0 X117.3857 Y-89.4207 F15000.0
G1 Z11.9000 F8000.0
G1 X118.5348 Y-92.5050 F12000.0
G1 Z0.0000 F8000.0
G0 X150.5267 Y-93.4121 F15000.0
G1 Z11.9000 F8000.0
G1 X150.7686 Y-93.2911 F12000.0
G1 X150.6505 Y-93.6300
G1 X152.2596 Y-93.6300
G1 X152.2596 Y-93.8841
G1 X150.7352 Y-93.8841
G1 X150.8199 Y-94.1381
G1 X152.1749 Y-94.1381
G1 X152.0055 Y-94.3074
G1 X150.9893 Y-94.3074
G1 X151.1587 Y-94.4768
G1 X151.6668 Y-94.4768
G1 Z0.0000 F8000.0
G0 X152.2596 Y-93.4607 F15000.0
G1 Z11.9000 F8000.0
G1 X150.8199 Y-93.4607 F12000.0
G1 X150.9046 Y-93.2913
G1 X152.1749 Y-93.2913
G1 X152.0055 Y-93.1220
G1 X151.0740 Y-93.1220
G1 Z0.0000 F8000.0
G0 X164.7386 Y-97.2541 F15000.0
G1 Z11.9000 F8000.0
G1 X165.2224 Y-97.3080 F12000.0
G1 Z0.0000 F8000.0
G0 X176.3104 Y-100.4042 F15000.0
G1 Z11.9000 F8000.0
G1 X151.4974 Y-93.7147 F12000.0
G1 Z0.0000 F8000.0
G0 X55.8021 Y-87.9567 F15000.0
G1 Z11.9000 F8000.0
G1 X54.1931 Y-87.9567 F12000.0
G1 X54.2778 Y-88.4647
G1 X55.7175 Y-88.4647
G1 X55.8021 Y-88.2107
G1 X54.2778 Y-88.2107
G1 X54.2778 Y-87.7873
G1 X55.8021 Y-87.7873
G1 X55.6328 Y-87.6180
G1 X54.3625 Y-87.6180
G1 X54.4472 Y-87.4486
G1 X55.4634 Y-87.4486
G1 Z0.0000 F8000.0
G0 X55.5481 Y-88.6341 F15000.0
G1 Z11.9000 F8000.0
G1 X54.5319 Y-88.6341 F12000.0
G1 X54.7012 Y-88.8034
G1 X55.2093 Y-88.8034
G1 Z0.0000 F8000.0
G0 X55.1247 Y-87.2793 F15000.0
G1 Z11.9000 F8000.0
G1 X54.7859 Y-87.2793 F12000.0
G1 Z0.0000 F8000.0
G0 X54.9553 Y-67.8036 F15000.0
G1 Z11.9000 F8000.0
G1 X109.1544 Y-111.3275 F12000.0
G1 Z0.0000 F8000.0
G0 X57.8167 Y-90.8721 F15000.0
G1 Z11.9000 F8000.0
G1 X55.7605 Y-88.6950 F12000.0
G1 Z0.0000 F8000.0
G0 X57.7562 Y-90.8116 F15000.0
G1 Z11.9000 F8000.0
G1 X60.6590 Y-87.4250 F12000.0
G1 X60.6293 Y-87.4486
G1 X57.8346 Y-90.8357
G1 Z0.0000 F8000.0
G0 X83.3980 Y-85.3974 F15000.0
G1 Z11.9000 F8000.0
G1 X83.3690 Y-84.6921 F12000.0
G1 X83.3701 Y-84.4193
G1 X83.4004 Y-84.1220
G1 X83.4655 Y-83.8733
G1 X83.5610 Y-83.6733
G1 X83.7005 Y-83.4940
G1 X83.8801 Y-83.7964
G1 X83.7071 Y-83.3126
G1 X83.6987 Y-81.5588
G1 X83.6382 Y-79.2002
G1 Z0.0000 F8000.0
G0 X91.8648 Y-87.4721 F15000.0
G1 Z11.9000 F8000.0
G1 X92.7719 Y-87.0621 F12000.0
G1 Z0.0000 F8000.0
G0 X93.8000 Y-86.5045 F15000.0
G1 Z11.9000 F8000.0
G1 X92.7719 Y-87.0621 F12000.0
G1 X92.8500 Y-87.1754
G1 X92.9132 Y-87.3217
G1 X92.9463 Y-87.4733
G1 X92.9589 Y-87.6623
G1 X92.9533 Y-98.0688
G1 Z0.0000 F8000.0
G0 X103.2948 Y-81.7535 F15000.0
G1 Z11.9000 F8000.0
G1 X104.2624 Y-81.1959 F12000.0
G1 X104.1125 Y-81.0678
G1 X103.9219 Y-80.9450
G1 X103.7174 Y-80.8462
G1 X103.5024 Y-80.7662
G1 X103.2157 Y-80.6827
G1 X102.4462 Y-80.4893
G1 X101.3627 Y-80.1536
G1 X101.0726 Y-80.0863
G1 X100.8152 Y-80.0469
G1 X100.7705 Y-80.0817
G1 X104.6660 Y-81.1825
G1 Z0.0000 F8000.0
G0 X104.3229 Y-81.1959 F15000.0
G1 Z11.9000 F8000.0
G1 X105.2300 Y-80.9020 F12000.0
G1 X105.7156 Y-81.3707
G1 Z0.0000 F8000.0
G0 X104.6660 Y-81.1825 F15000.0
G1 Z11.9000 F8000.0
G1 X151.4974 Y-93.7147 F12000.0
G1 Z0.0000 F8000.0
G0 X108.0119 Y-90.0859 F15000.0
G1 Z11.9000 F8000.0
G1 X106.6578 Y-87.7273 F12000.0
G1 X106.1486 Y-86.7011
G1 X106.3790 Y-86.5196
G1 X107.4846 Y-86.6152
G1 X107.5565 Y-87.0016
G1 X107.8305 Y-87.6064
G1 Z0.0000 F8000.0
G0 X107.2862 Y-86.4573 F15000.0
G1 Z11.9000 F8000.0
G1 X106.9838 Y-85.4897 F12000.0
G1 Z0.0000 F8000.0
G0 X107.5886 Y-86.5178 F15000.0
G1 Z11.9000 F8000.0
G1 X108.0119 Y-86.5178 F12000.0
G1 Z0.0000 F8000.0
G0 X110.3705 Y-86.5178 F15000.0
G1 Z11.9000 F8000.0
G1 X112.1243 Y-86.5178 F12000.0
G1 Z0.0000 F8000.0
G0 X112.4267 Y-87.5459 F15000.0
G1 Z11.9000 F8000.0
G1 X110.8543 Y-87.5459 F12000.0
G1 Z0.0000 F8000.0
G0 X113.7571 Y-87.9088 F15000.0
G1 Z11.9000 F8000.0
G1 X114.3541 Y-87.9374 F12000.0
G1 X114.6050 Y-87.9372
G1 X114.8466 Y-87.9115
G1 X115.0363 Y-87.8595
G1 X115.1497 Y-87.8054
G1 X115.2260 Y-87.7528
G1 X115.2939 Y-87.6890
G1 X115.3522 Y-87.6105
G1 X115.4061 Y-87.4621
G1 X115.4093 Y-87.2690
G1 X115.3763 Y-87.1035
G1 X115.3249 Y-86.9411
G1 X115.2069 Y-86.6296
G1 X115.0954 Y-86.3801
G1 X114.9139 Y-86.0678
G1 X114.7980 Y-85.9168
G1 X114.6910 Y-85.8034
G1 X114.5734 Y-85.7026
G1 X114.4443 Y-85.6156
G1 X114.3030 Y-85.5437
G1 X114.1483 Y-85.4881
G1 X113.9796 Y-85.4500
G1 X113.8338 Y-85.4330
G1 X113.4599 Y-85.4313
G1 X113.3338 Y-85.4595
G1 X113.2315 Y-85.5056
G1 X113.1477 Y-85.5623
G1 X113.0623 Y-85.6526
G1 X113.0041 Y-85.7572
G1 X112.9700 Y-85.8737
G1 X112.9568 Y-85.9995
G1 X112.9613 Y-86.1321
G1 X113.0109 Y-86.4074
G1 X113.1163 Y-86.7445
G1 X113.4318 Y-87.5986
G1 X113.5602 Y-87.9062
G1 X113.7011 Y-88.2055
G1 X113.8910 Y-88.5512
G1 X114.1090 Y-88.8789
G1 X114.3382 Y-89.1607
G1 X114.5746 Y-89.3993
G1 X114.8120 Y-89.5971
G1 X115.0042 Y-89.7259
G1 X115.8133 Y-90.1464
G1 Z0.0000 F8000.0
G0 X153.5505 Y-84.3407 F15000.0
G1 Z11.9000 F8000.0
G1 X153.0721 Y-84.2669 F12000.0
G1 X152.7170 Y-84.2577
G1 X152.5800 Y-84.2728
G1 X152.4505 Y-84.3021
G1 X152.3316 Y-84.3480
G1 X152.2265 Y-84.4128
G1 X152.1381 Y-84.4988
G1 X152.0861 Y-84.5772
G1 X152.0411 Y-84.6949
G1 X152.0204 Y-84.8239
G1 X152.0200 Y-84.9602
G1 X152.0359 Y-85.0998
G1 X152.0728 Y-85.2728
G1 X152.1314 Y-85.4678
G1 X152.5824 Y-86.6743
G1 X153.0143 Y-87.8987
G1 X153.1743 Y-88.2329
G1 X153.3427 Y-88.4751
G1 X153.4842 Y-88.6169
G1 X153.6499 Y-88.7359
G1 X153.8248 Y-88.8223
G1 X154.0077 Y-88.8810
G1 X154.1969 Y-88.9173
G1 X154.4240 Y-88.9379
G1 X155.1229 Y-88.9369
G1 Z0.0000 F8000.0
G0 X156.0905 Y-88.2716 F15000.0
G1 Z11.9000 F8000.0
G1 X157.2395 Y-91.3559 F12000.0
G1 Z0.0000 F8000.0
G0 X64.8319 Y-82.4659 F15000.0
G1 Z11.9000 F8000.0
G1 X61.9290 Y-85.8526 F12000.0
G1 Z0.0000 F8000.0
G0 X66.0492 Y-81.0132 F15000.0
G1 Z11.9000 F8000.0
G1 X68.8438 Y-77.5414 F12000.0
G1 Z0.0000 F8000.0
G0 X83.4098 Y-75.4245 F15000.0
G1 Z11.9000 F8000.0
G1 X84.2567 Y-91.3438 F12000.0
G1 Z0.0000 F8000.0
G0 X84.0029 Y-90.5092 F15000.0
G1 Z11.9000 F8000.0
G1 X84.1776 Y-90.0859 F12000.0
G1 Z0.0000 F8000.0
G0 X90.4502 Y-54.4123 F15000.0
G1 Z11.9000 F8000.0
G1 X90.4502 Y-118.1708 F12000.0
G1 Z0.0000 F8000.0
G0 X98.8227 Y-79.5737 F15000.0
G1 Z11.9000 F8000.0
G1 X95.0118 Y-78.5575 F12000.0
G1 X95.0700 Y-78.4745
G1 X96.5214 Y-78.8893
G1 Z0.0000 F8000.0
G0 X105.4282 Y-81.0132 F15000.0
G1 Z11.9000 F8000.0
G1 X103.8192 Y-81.0132 F12000.0
G1 X103.9038 Y-81.2672
G1 X105.4282 Y-81.2672
G1 X105.3435 Y-81.5212
G1 X103.9885 Y-81.5212
G1 X104.1579 Y-81.6906
G1 X105.1741 Y-81.6906
G1 X105.0048 Y-81.8599
G1 X104.3273 Y-81.8599
G1 Z0.0000 F8000.0
G0 X103.9885 Y-80.8438 F15000.0
G1 Z11.9000 F8000.0
G1 X105.3435 Y-80.8438 F12000.0
G1 X105.2588 Y-80.6745
G1 X104.0732 Y-80.6745
G1 X104.2426 Y-80.5051
G1 X105.0894 Y-80.5051
G1 Z0.0000 F8000.0
G0 X29.5567 Y-60.8369 F15000.0
G1 Z11.9000 F8000.0
G1 X29.0443 Y-60.7111 F12000.0
G1 X28.5628 Y-60.6130
G1 X28.4499 Y-60.6015
G1 X28.3444 Y-60.6067
G1 X28.2841 Y-60.6237
G1 X28.2360 Y-60.6543
G1 X28.1917 Y-60.7326
G1 X28.1739 Y-60.8272
G1 X28.1793 Y-60.9211
G1 X28.2039 Y-61.0133
G1 X28.2441 Y-61.1030
G1 X28.3154 Y-61.2170
G1 X28.5462 Y-61.4807
G1 Z0.0000 F8000.0
G0 X54.6889 Y-67.6290 F15000.0
G1 Z11.9000 F8000.0
G1 X55.3663 Y-67.7926 F12000.0
G1 X55.6093 Y-67.8833
G1 X55.6873 Y-67.9365
G1 X55.7404 Y-68.0104
G1 X55.8342 Y-68.3191
G1 X55.8772 Y-68.4069
G1 X56.0036 Y-68.5525
G1 X56.1750 Y-68.7088
G1 X56.7035 Y-69.1177
G1 Z0.0000 F8000.0
G0 X67.8787 Y-78.0730 F15000.0
G1 Z11.9000 F8000.0
G1 X68.0028 Y-78.1908 F12000.0
G1 X68.0690 Y-78.2967
G1 X68.0861 Y-78.3790
G1 X68.0607 Y-78.4884
G1 X67.9952 Y-78.6049
G1 X67.8800 Y-78.7513
G1 X67.6374 Y-79.0188
G1 Z0.0000 F8000.0
G0 X66.6482 Y-80.2713 F15000.0
G1 Z11.9000 F8000.0
G1 X66.3471 Y-80.6254 F12000.0
G1 X66.1019 Y-80.8935
G1 Z0.0000 F8000.0
G0 X70.1141 Y-76.0172 F15000.0
G1 Z11.9000 F8000.0
G1 X72.9934 Y-72.6302 F12000.0
G1 Z0.0000 F8000.0
G0 X73.7824 Y-72.7746 F15000.0
G1 Z11.9000 F8000.0
G1 X72.9006 Y-72.5968 F12000.0
G1 X72.3261 Y-73.3945
G1 Z0.0000 F8000.0
G0 X76.5643 Y-73.4937 F15000.0
G1 Z11.9000 F8000.0
G1 X87.2081 Y-76.3578 F12000.0
G1 Z0.0000 F8000.0
G0 X73.7556 Y-72.5455 F15000.0
G1 Z11.9000 F8000.0
G1 X72.2312 Y-72.5455 F12000.0
G1 X72.3159 Y-73.0535
G1 X73.6709 Y-73.0535
G1 X73.7556 Y-72.7995
G1 X72.3159 Y-72.7995
G1 X72.3159 Y-72.3761
G1 X73.7556 Y-72.3761
G1 X73.6709 Y-72.2068
G1 X72.4006 Y-72.2068
G1 X72.4006 Y-72.0374
G1 X73.5015 Y-72.0374
G1 Z0.0000 F8000.0
G0 X73.5015 Y-73.2229 F15000.0
G1 Z11.9000 F8000.0
G1 X72.4853 Y-73.2229 F12000.0
G1 X72.6547 Y-73.3922
G1 X73.1628 Y-73.3922
G1 Z0.0000 F8000.0
G0 X82.6476 Y-75.3398 F15000.0
G1 Z11.9000 F8000.0
G1 X84.1720 Y-75.3398 F12000.0
G1 X84.0873 Y-75.8479
G1 X82.7323 Y-75.8479
G1 X82.7323 Y-75.5938
G1 X84.1720 Y-75.5938
G1 X84.1720 Y-75.1705
G1 X82.7323 Y-75.1705
G1 X82.8170 Y-75.0011
G1 X84.0873 Y-75.0011
G1 X83.9179 Y-74.8318
G1 X82.8170 Y-74.8318
G1 Z0.0000 F8000.0
G0 X82.9017 Y-76.0172 F15000.0
G1 Z11.9000 F8000.0
G1 X83.9179 Y-76.0172 F12000.0
G1 Z0.0000 F8000.0
G0 X83.5792 Y-76.1866 F15000.0
G1 Z11.9000 F8000.0
G1 X83.0711 Y-76.1866 F12000.0
G1 Z0.0000 F8000.0
G0 X84.2567 Y-91.3438 F15000.0
G1 Z11.9000 F8000.0
G1 X137.5242 Y-64.7552 F12000.0
G1 Z0.0000 F8000.0
G0 X92.8929 Y-77.8697 F15000.0
G1 Z11.9000 F8000.0
G1 X91.9252 Y-77.6514 F12000.0
G1 Z0.0000 F8000.0
G0 X93.0640 Y-78.0495 F15000.0
G1 Z11.9000 F8000.0
G1 X89.1685 Y-76.9487 F12000.0
G1 Z0.0000 F8000.0
G0 X83.4098 Y-75.4245 F15000.0
G1 Z11.9000 F8000.0
G1 X27.3476 Y-60.3520 F12000.0
G1 Z0.0000 F8000.0
G0 X54.1931 Y-67.7189 F15000.0
G1 Z11.9000 F8000.0
G1 X55.8021 Y-67.7189 F12000.0
G1 X55.7175 Y-68.2269
G1 X54.2778 Y-68.2269
G1 X54.2778 Y-67.9729
G1 X55.8021 Y-67.9729
G1 X55.8021 Y-67.5495
G1 X54.2778 Y-67.5495
G1 X54.3625 Y-67.3802
G1 X55.6328 Y-67.3802
G1 X55.4634 Y-67.2108
G1 X54.4472 Y-67.2108
G1 Z0.0000 F8000.0
G0 X54.5319 Y-68.3963 F15000.0
G1 Z11.9000 F8000.0
G1 X55.5481 Y-68.3963 F12000.0
G1 X55.8210 Y-68.0121
G1 X57.8771 Y-68.4723
G1 Z0.0000 F8000.0
G0 X55.2093 Y-68.5657 F15000.0
G1 Z11.9000 F8000.0
G1 X54.7012 Y-68.5657 F12000.0
G1 Z0.0000 F8000.0
G0 X67.7348 Y-63.2345 F15000.0
G1 Z11.9000 F8000.0
G1 X68.2988 Y-63.2286 F12000.0
G1 X68.5960 Y-63.2516
G1 X68.7575 Y-63.2833
G1 X68.8838 Y-63.3216
G1 X69.1131 Y-63.4307
G1 X69.2461 Y-63.5207
G1 X69.3708 Y-63.6254
G1 X69.5932 Y-63.8721
G1 X69.6901 Y-64.0108
G1 X69.7931 Y-64.1874
G1 X69.9415 Y-64.5311
G1 X70.0340 Y-64.8851
G1 X70.0563 Y-65.0445
G1 X70.0641 Y-65.2043
G1 X70.0284 Y-65.3317
G1 X69.8897 Y-65.5609
G1 X69.8497 Y-65.6482
G1 X69.8341 Y-65.7415
G1 X69.8421 Y-65.8055
G1 X69.8777 Y-65.8926
G1 X69.9355 Y-65.9719
G1 X70.2228 Y-66.2274
G1 X70.3098 Y-66.3188
G1 X70.4753 Y-66.5810
G1 X70.5712 Y-66.8055
G1 X70.6246 Y-67.0026
G1 X70.6469 Y-67.1967
G1 X70.6337 Y-67.3803
G1 X70.5923 Y-67.5203
G1 X70.5206 Y-67.6439
G1 X70.4161 Y-67.7470
G1 X70.2762 Y-67.8255
G1 X70.1371 Y-67.8677
G1 X69.9724 Y-67.8893
G1 X69.3071 Y-67.8911
G1 Z0.0000 F8000.0
G0 X69.7910 Y-65.7745 F15000.0
G1 Z11.9000 F8000.0
G1 X69.3676 Y-65.7140 F12000.0
G1 Z0.0000 F8000.0
G0 X72.0286 Y-67.2259 F15000.0
G1 Z11.9000 F8000.0
G1 X73.1776 Y-70.3102 F12000.0
G1 Z0.0000 F8000.0
G0 X83.4586 Y-65.5930 F15000.0
G1 Z11.9000 F8000.0
G1 X83.9224 Y-66.8026 F12000.0
G1 X84.5236 Y-68.4354
G1 X85.0914 Y-69.5240
G1 X85.3466 Y-68.6773
G1 X85.5099 Y-67.2259
G1 X85.6962 Y-66.3188
G1 X85.8037 Y-66.4105
G1 X85.9127 Y-66.5352
G1 X85.9992 Y-66.6698
G1 X86.0690 Y-66.8131
G1 X86.6975 Y-68.5048
G1 X87.1173 Y-69.7301
G1 X87.2529 Y-70.0316
G1 X87.3895 Y-70.2497
G1 Z0.0000 F8000.0
G0 X85.2124 Y-70.1288 F15000.0
G1 Z11.9000 F8000.0
G1 X85.1519 Y-69.5845 F12000.0
G1 Z0.0000 F8000.0
G0 X85.6962 Y-66.3188 F15000.0
G1 Z11.9000 F8000.0
G1 X85.6357 Y-65.8350 F12000.0
G1 Z0.0000 F8000.0
G0 X88.2967 Y-69.5845 F15000.0
G1 Z11.9000 F8000.0
G1 X89.4457 Y-72.6688 F12000.0
G1 Z0.0000 F8000.0
G0 X90.4213 Y-91.1202 F15000.0
G1 Z11.9000 F8000.0
G1 X90.4320 Y-91.3048 F12000.0
G1 X90.4630 Y-91.4523
G1 X90.5242 Y-91.5953
G1 X90.6014 Y-91.7076
G1 Z0.0000 F8000.0
G0 X102.4265 Y-85.8681 F15000.0
G1 Z11.9000 F8000.0
G1 X103.3678 Y-85.3243 F12000.0
G1 X130.6654 Y-71.6658
G1 X133.1951 Y-70.3551
G1 X132.8374 Y-69.7835
G1 X131.7244 Y-69.3524
G1 Z0.0000 F8000.0
G0 X136.7620 Y-64.6705 F15000.0
G1 Z11.9000 F8000.0
G1 X138.3711 Y-64.6705 F12000.0
G1 X138.2864 Y-65.1786
G1 X136.8467 Y-65.1786
G1 X136.8467 Y-64.9245
G1 X138.3711 Y-64.9245
G1 X138.3711 Y-64.5012
G1 X136.8467 Y-64.5012
G1 X136.9195 Y-64.9278
G1 X137.5243 Y-64.6859
G1 Z0.0000 F8000.0
G0 X136.9314 Y-64.3318 F15000.0
G1 Z11.9000 F8000.0
G1 X138.2017 Y-64.3318 F12000.0
G1 X138.0323 Y-64.1625
G1 X136.9314 Y-64.1625
G1 X137.2702 Y-63.9931
G1 X137.6936 Y-63.9931
G1 Z0.0000 F8000.0
G0 X137.1008 Y-65.3479 F15000.0
G1 Z11.9000 F8000.0
G1 X138.1170 Y-65.3479 F12000.0
G1 Z0.0000 F8000.0
G0 X137.7783 Y-65.5173 F15000.0
G1 Z11.9000 F8000.0
G1 X137.2702 Y-65.5173 F12000.0
G1 Z0.0000 F8000.0
G0 X145.1443 Y-63.1135 F15000.0
G1 Z11.9000 F8000.0
G1 X146.2933 Y-66.1978 F12000.0
G1 Z0.0000 F8000.0
G0 X28.1098 Y-60.2673 F15000.0
G1 Z11.9000 F8000.0
G1 X26.5008 Y-60.2673 F12000.0
G1 X26.5855 Y-60.5213
G1 X28.1098 Y-60.5213
G1 X28.0251 Y-60.7754
G1 X26.6701 Y-60.7754
G1 X26.8395 Y-60.9447
G1 X27.8557 Y-60.9447
G1 X28.1833 Y-60.6340
G1 X27.3971 Y-60.2711
G1 Z0.0000 F8000.0
G0 X26.6701 Y-60.0980 F15000.0
G1 Z11.9000 F8000.0
G1 X28.1098 Y-60.0980 F12000.0
G1 X27.9404 Y-59.9286
G1 X26.7548 Y-59.9286
G1 X26.9242 Y-59.7592
G1 X27.7711 Y-59.7592
G1 Z0.0000 F8000.0
G0 X27.0089 Y-61.1141 F15000.0
G1 Z11.9000 F8000.0
G1 X27.5170 Y-61.1141 F12000.0
G1 Z0.0000 F8000.0
G0 X52.4200 Y-63.2180 F15000.0
G1 Z11.9000 F8000.0
G1 X53.6324 Y-66.5211 F12000.0
G1 X54.1260 Y-67.7598
G1 Z0.0000 F8000.0
G0 X55.3976 Y-61.9645 F15000.0
G1 Z11.9000 F8000.0
G1 X55.2398 Y-61.9227 F12000.0
G1 X55.0863 Y-61.8647
G1 X54.9371 Y-61.7925
G1 X54.7639 Y-61.6903
G1 X54.4372 Y-61.4492
G1 X54.0671 Y-61.1178
G1 Z0.0000 F8000.0
G0 X56.4862 Y-61.6016 F15000.0
G1 Z11.9000 F8000.0
G1 X57.6352 Y-64.6859 F12000.0
G1 Z0.0000 F8000.0
G0 X71.0079 Y-77.8675 F15000.0
G1 Z11.9000 F8000.0
G1 X90.4502 Y-54.4123 F12000.0
G1 Z0.0000 F8000.0
G0 X142.6043 Y-59.1826 F15000.0
G1 Z11.9000 F8000.0
G1 X141.3948 Y-59.1221 F12000.0
G1 X140.9545 Y-59.2025
G1 X141.0688 Y-59.9688
G1 X141.5762 Y-61.3597
G1 X141.7981 Y-61.7359
G1 X141.8598 Y-62.1459
G1 X142.2396 Y-63.1740
G1 X142.4985 Y-63.7352
G1 X142.9671 Y-63.7788
G1 X144.1767 Y-63.7788
G1 Z0.0000 F8000.0
G0 X142.7857 Y-61.6621 F15000.0
G1 Z11.9000 F8000.0
G1 X141.8786 Y-61.6016 F12000.0
G1 Z0.0000 F8000.0
G0 X25.7694 Y-63.6308 F15000.0
G1 Z11.9000 F8000.0
G1 X24.6517 Y-60.6226 F12000.0
G1 Z0.0000 F8000.0
G0 X90.4502 Y-54.4123 F15000.0
G1 Z11.9000 F8000.0
G1 X133.7834 Y-70.1868 F12000.0
G1 Z0.0000 F8000.0
G0 X22.2984 Y-60.7406 F15000.0
G1 Z11.9000 F8000.0
G1 X22.1649 Y-60.6656 F12000.0
G1 X22.0195 Y-60.5468
G1 X21.8883 Y-60.4031
G1 X21.7689 Y-60.2415
G1 X21.6242 Y-60.0100
G1 X21.3343 Y-59.5019
G1 X20.8647 Y-58.7616
G1 X20.7926 Y-58.6201
G1 X20.7232 Y-58.4070
G1 X20.6840 Y-58.3238
G1 X20.6266 Y-58.2511
G1 X20.4393 Y-58.0770
G1 X20.3414 Y-57.9483
G1 X19.6510 Y-56.8476
G1 Z0.0000 F8000.0
G0 X20.7688 Y-58.2042 F15000.0
G1 Z11.9000 F8000.0
G1 X22.1219 Y-58.2042 F12000.0
G1 Z0.0000 F8000.0
G0 X22.0042 Y-56.9065 F15000.0
G1 Z11.9000 F8000.0
G1 X22.1725 Y-58.2042 F12000.0
G1 X22.4749 Y-61.1535
G1 Z0.0000 F8000.0
G0 X89.7088 Y-54.3297 F15000.0
G1 Z11.9000 F8000.0
G1 X91.2740 Y-54.3297 F12000.0
G1 X91.1916 Y-54.8253
G1 X89.7911 Y-54.8253
G1 X89.7911 Y-54.5774
G1 X91.2740 Y-54.5774
G1 X91.2740 Y-54.1646
G1 X89.7911 Y-54.1646
G1 X89.8735 Y-53.9994
G1 X91.1092 Y-53.9994
G1 X90.9444 Y-53.8342
G1 X89.9559 Y-53.8342
G1 Z0.0000 F8000.0
G0 X90.0383 Y-54.9904 F15000.0
G1 Z11.9000 F8000.0
G1 X91.0268 Y-54.9904 F12000.0
G1 Z0.0000 F8000.0
G0 X90.6974 Y-55.1556 F15000.0
G1 Z11.9000 F8000.0
G1 X90.2031 Y-55.1556 F12000.0
G1 Z0.0000 F8000.0
G0 X53.4605 Y-45.4927 F15000.0
G1 Z11.9000 F8000.0
G1 X52.5542 Y-44.7494 F12000.0
G1 X53.4605 Y-52.0998
G1 X54.4490 Y-44.7494
G1 X53.4605 Y-45.4927
G1 Z0.0000 F8000.0
G0 X53.3781 Y-45.4101 F15000.0
G1 Z11.9000 F8000.0
G1 X52.6366 Y-45.4101 F12000.0
G1 X52.6366 Y-45.2449
G1 X53.2133 Y-45.2449
G1 X52.9662 Y-45.0798
G1 X52.6366 Y-45.0798
G1 X52.6366 Y-44.9972
G1 X52.8838 Y-44.9972
G1 X52.7141 Y-44.9916
G1 X53.4201 Y-45.9354
G1 X53.4605 Y-46.0708
G1 X52.7190 Y-46.0708
G1 X52.7190 Y-45.9057
G1 X53.4605 Y-45.9057
G1 X53.4605 Y-45.7405
G1 X52.7190 Y-45.7405
G1 X52.7190 Y-45.5754
G1 X53.4605 Y-45.5754
G1 X53.6252 Y-45.4101
G1 X54.3666 Y-45.4101
G1 X54.4490 Y-45.3275
G1 X53.7075 Y-45.3275
G1 X53.9547 Y-45.1624
G1 X54.4490 Y-45.1624
G1 X54.4490 Y-44.9972
G1 X54.1195 Y-44.9972
G1 Z0.0000 F8000.0
G0 X53.4605 Y-46.7315 F15000.0
G1 Z11.9000 F8000.0
G1 X52.8014 Y-46.7315 F12000.0
G1 X52.8014 Y-46.5664
G1 X53.4605 Y-46.5664
G1 X53.4605 Y-46.4012
G1 X52.8014 Y-46.4012
G1 X52.8014 Y-46.2360
G1 X53.4605 Y-46.2360
G1 X53.5313 Y-46.1124
G1 X53.9449 Y-45.6405
G1 X54.3026 Y-45.0506
G1 X54.3666 Y-45.5754
G1 X53.4605 Y-45.5754
G1 X53.4605 Y-45.7405
G1 X54.3666 Y-45.7405
G1 X54.3666 Y-45.9057
G1 X53.4605 Y-45.9057
G1 X53.4605 Y-46.0708
G1 X54.2842 Y-46.0708
G1 Z0.0000 F8000.0
G0 X53.4605 Y-47.3923 F15000.0
G1 Z11.9000 F8000.0
G1 X52.8838 Y-47.3923 F12000.0
G1 X52.8838 Y-47.2271
G1 X53.4605 Y-47.2271
G1 X53.4605 Y-47.0619
G1 X52.8838 Y-47.0619
G1 X52.8838 Y-46.8967
G1 X53.4605 Y-46.8967
G1 Z0.0000 F8000.0
G0 X53.4605 Y-48.0530 F15000.0
G1 Z11.9000 F8000.0
G1 X52.9662 Y-48.0530 F12000.0
G1 X52.9662 Y-47.8878
G1 X53.4605 Y-47.8878
G1 X53.4605 Y-47.7227
G1 X52.9662 Y-47.7227
G1 X52.9662 Y-47.5574
G1 X53.4605 Y-47.5574
G1 Z0.0000 F8000.0
G0 X53.4605 Y-48.7137 F15000.0
G1 Z11.9000 F8000.0
G1 X53.0486 Y-48.7137 F12000.0
G1 X53.0486 Y-48.5485
G1 X53.4605 Y-48.5485
G1 X53.4605 Y-48.3834
G1 X53.0486 Y-48.3834
G1 X53.0486 Y-48.2181
G1 X53.4605 Y-48.2181
G1 Z0.0000 F8000.0
G0 X53.4605 Y-49.3744 F15000.0
G1 Z11.9000 F8000.0
G1 X53.1309 Y-49.3744 F12000.0
G1 X53.1309 Y-49.2918
G1 X53.4605 Y-49.2918
G1 X53.4605 Y-49.2092
G1 X53.1309 Y-49.2092
G1 X53.1309 Y-49.1267
G1 X53.4605 Y-49.1267
G1 X53.4605 Y-49.0440
G1 X53.1309 Y-49.0440
G1 X53.1309 Y-48.9614
G1 X53.4605 Y-48.9614
G1 X53.4605 Y-48.8788
G1 X53.1309 Y-48.8788
G1 X53.1309 Y-48.7962
G1 X53.4605 Y-48.7962
G1 Z0.0000 F8000.0
G0 X53.4605 Y-50.0351 F15000.0
G1 Z11.9000 F8000.0
G1 X53.2133 Y-50.0351 F12000.0
G1 X53.2133 Y-49.9525
G1 X53.4605 Y-49.9525
G1 X53.4605 Y-49.8699
G1 X53.2133 Y-49.8699
G1 X53.2133 Y-49.7874
G1 X53.4605 Y-49.7874
G1 X53.4605 Y-49.7047
G1 X53.2133 Y-49.7047
G1 X53.2133 Y-49.6221
G1 X53.4605 Y-49.6221
G1 X53.4605 Y-49.5396
G1 X53.2133 Y-49.5396
G1 X53.2133 Y-49.4570
G1 X53.4605 Y-49.4570
G1 Z0.0000 F8000.0
G0 X53.4605 Y-50.8610 F15000.0
G1 Z11.9000 F8000.0
G1 X53.7075 Y-50.8610 F12000.0
G1 X53.7075 Y-50.7784
G1 X53.4605 Y-50.7784
G1 X53.4605 Y-50.6958
G1 X53.7075 Y-50.6958
G1 X53.7075 Y-50.6133
G1 X53.4605 Y-50.6133
G1 X53.4605 Y-50.5307
G1 X53.7075 Y-50.5307
G1 X53.7075 Y-50.4480
G1 X53.4605 Y-50.4480
G1 X53.4605 Y-50.3654
G1 X53.7075 Y-50.3654
G1 X53.7075 Y-50.2828
G1 X53.4605 Y-50.2828
G1 X53.4605 Y-50.2003
G1 X53.7899 Y-50.2003
G1 X53.7899 Y-50.1177
G1 X53.4605 Y-50.1177
G1 X53.4605 Y-50.0351
G1 X53.7899 Y-50.0351
G1 X53.7899 Y-49.9525
G1 X53.4605 Y-49.9525
G1 Z0.0000 F8000.0
G0 X53.4605 Y-49.8699 F15000.0
G1 Z11.9000 F8000.0
G1 X53.7899 Y-49.8699 F12000.0
G1 X53.7899 Y-49.7874
G1 X53.4605 Y-49.7874
G1 Z0.0000 F8000.0
G0 X53.4605 Y-49.7047 F15000.0
G1 Z11.9000 F8000.0
G1 X53.7899 Y-49.7047 F12000.0
G1 X53.8723 Y-49.6221
G1 X53.4605 Y-49.6221
G1 X53.4605 Y-49.4570
G1 X53.8723 Y-49.4570
G1 X53.8723 Y-49.2918
G1 X53.4605 Y-49.2918
G1 X53.4605 Y-49.1267
G1 X53.8723 Y-49.1267
G1 X53.9547 Y-48.9614
G1 X53.4605 Y-48.9614
G1 X53.4605 Y-48.7962
G1 X53.9547 Y-48.7962
G1 X53.9547 Y-48.6311
G1 X53.4605 Y-48.6311
G1 X53.4605 Y-48.3834
G1 X54.0371 Y-48.3834
G1 Z0.0000 F8000.0
G0 X54.0371 Y-48.2181 F15000.0
G1 Z11.9000 F8000.0
G1 X53.4605 Y-48.2181 F12000.0
G1 X53.4605 Y-48.0530
G1 X54.0371 Y-48.0530
G1 X54.1195 Y-47.8052
G1 X53.4605 Y-47.8052
G1 X53.4605 Y-47.6400
G1 X54.1195 Y-47.6400
G1 X54.1195 Y-47.4748
G1 X53.4605 Y-47.4748
G1 X53.4605 Y-47.3097
G1 X54.1195 Y-47.3097
G1 X54.2019 Y-47.1445
G1 X53.4605 Y-47.1445
G1 X53.4605 Y-46.9794
G1 X54.2019 Y-46.9794
G1 X54.2019 Y-46.8141
G1 X53.4605 Y-46.8141
G1 X53.4605 Y-46.5664
G1 X54.2842 Y-46.5664
G1 X54.2842 Y-46.4012
G1 X53.4605 Y-46.4012
G1 X53.4605 Y-46.2360
G1 X54.2842 Y-46.2360
G1 Z0.0000 F8000.0
G0 X53.4605 Y-52.0998 F15000.0
G1 Z11.9000 F8000.0
G1 X53.4605 Y-37.4816 F12000.0
G1 Z0.0000 F8000.0
G0 X85.4243 Y-43.8119 F15000.0
G1 Z11.9000 F8000.0
G1 X86.4244 Y-46.2893 F12000.0
G1 Z0.0000 F8000.0
G0 X87.9540 Y-46.2303 F15000.0
G1 Z11.9000 F8000.0
G1 X86.9538 Y-46.2303 F12000.0
G1 X86.5532 Y-46.2728
G1 X86.5238 Y-46.7612
G1 X86.9310 Y-47.8819
G1 X87.1451 Y-48.3113
G1 X87.6010 Y-48.3538
G1 X88.7776 Y-48.3538
G1 Z0.0000 F8000.0
G0 X89.7189 Y-47.6460 F15000.0
G1 Z11.9000 F8000.0
G1 X90.8368 Y-50.6542 F12000.0
G1 Z0.0000 F8000.0
G0 X180.0000 Y-14.7697 F15000.0
G1 Z11.9000 F8000.0
G1 X0.0000 Y-14.7697 F12000.0
G1 Z0.0000 F8000.0
G0 X3.6507 Y-12.2878 F15000.0
G1 Z11.9000 F8000.0
G1 X3.7223 Y-12.4808 F12000.0
G1 X3.7733 Y-12.5634
G1 X3.8158 Y-12.6075
G1 X3.9207 Y-12.6598
G1 X4.0787 Y-12.6760
G1 X4.7135 Y-12.6649
G1 X4.8813 Y-12.6481
G1 X5.0102 Y-12.6217
G1 X5.1582 Y-12.5670
G1 X5.2612 Y-12.5017
G1 X5.3463 Y-12.4139
G1 X5.4094 Y-12.3003
G1 X5.4474 Y-12.1444
G1 X5.4412 Y-11.9688
G1 X5.3891 Y-11.7404
G1 X5.2876 Y-11.4755
G1 X5.1939 Y-11.2933
G1 X5.0785 Y-11.1193
G1 X5.0022 Y-11.0350
G1 X4.7339 Y-10.7986
G1 X4.6780 Y-10.7211
G1 X4.6413 Y-10.6305
G1 X4.6357 Y-10.5684
G1 X4.6538 Y-10.4792
G1 X4.8094 Y-10.1930
G1 X4.8468 Y-10.0726
G1 X4.8536 Y-9.9568
G1 X4.8446 Y-9.8043
G1 X4.7847 Y-9.5170
G1 X4.7298 Y-9.3548
G1 X4.6465 Y-9.1623
G1 X4.5643 Y-9.0067
G1 X4.4527 Y-8.8297
G1 X4.3297 Y-8.6675
G1 X4.2205 Y-8.5469
G1 X4.0836 Y-8.4236
G1 X3.9666 Y-8.3417
G1 X3.8295 Y-8.2705
G1 X3.6769 Y-8.2119
G1 X3.5179 Y-8.1678
G1 X3.3585 Y-8.1384
G1 X3.0377 Y-8.1064
G1 X2.8112 Y-8.0960
G1 X2.6238 Y-8.1025
G1 X2.4630 Y-8.1307
G1 X2.3891 Y-8.1616
G1 X2.3523 Y-8.1888
G1 X2.2982 Y-8.2827
G1 X2.2855 Y-8.3405
G1 X2.2835 Y-8.4338
G1 X2.3151 Y-8.5979
G1 X2.8837 Y-10.1608
G1 X3.1348 Y-10.6893
G1 X3.3611 Y-11.4645
G1 X3.6312 Y-12.2240
G1 X3.6507 Y-12.2878
G1 Z0.0000 F8000.0
G0 X3.1195 Y-10.6625 F15000.0
G1 Z11.9000 F8000.0
G1 X3.2255 Y-10.6064 F12000.0
G1 X3.3401 Y-10.5658
G1 X3.4930 Y-10.5341
G1 X3.6539 Y-10.5199
G1 X3.8198 Y-10.5200
G1 X3.9876 Y-10.5307
G1 X4.5902 Y-10.6035
G1 Z0.0000 F8000.0
G0 X5.2374 Y-8.1262 F15000.0
G1 Z11.9000 F8000.0
G1 X5.6884 Y-9.3059 F12000.0
G1 X6.7653 Y-12.2552
G1 X6.9581 Y-12.6256
G1 X7.4141 Y-12.6680
G1 X8.5908 Y-12.6680
G1 Z0.0000 F8000.0
G0 X8.4142 Y-9.6598 F15000.0
G1 Z11.9000 F8000.0
G1 X10.4145 Y-9.7188 F12000.0
G1 Z0.0000 F8000.0
G0 X11.7088 Y-8.1262 F15000.0
G1 Z11.9000 F8000.0
G1 X12.9214 Y-11.4293 F12000.0
G1 X13.4149 Y-12.6680
G1 X13.1796 Y-12.3731
G1 X13.0261 Y-12.3324
G1 X12.8767 Y-12.2757
G1 X12.7316 Y-12.2053
G1 X12.5631 Y-12.1056
G1 X12.2452 Y-11.8706
G1 X11.8853 Y-11.5473
G1 Z0.0000 F8000.0
G0 X15.4740 Y-12.6680 F15000.0
G1 Z11.9000 F8000.0
G1 X14.9804 Y-11.4293 F12000.0
G1 X13.7679 Y-8.1262
G1 Z0.0000 F8000.0
G0 X13.9444 Y-11.5473 F15000.0
G1 Z11.9000 F8000.0
G1 X14.3043 Y-11.8706 F12000.0
G1 X14.6222 Y-12.1056
G1 X14.7907 Y-12.2053
G1 X14.9359 Y-12.2757
G1 X15.0852 Y-12.3324
G1 X15.2387 Y-12.3731
G1 Z0.0000 F8000.0
G0 X18.1214 Y-12.6680 F15000.0
G1 Z11.9000 F8000.0
G1 X16.6661 Y-12.6727 F12000.0
G1 X16.5737 Y-12.6586
G1 X16.4913 Y-12.6255
G1 X16.4447 Y-12.5896
G1 X16.3904 Y-12.5257
G1 X16.3130 Y-12.3952
G1 X16.2490 Y-12.2427
G1 X16.0582 Y-11.5996
G1 X15.8554 Y-11.0872
G1 X15.8080 Y-10.8782
G1 X15.8134 Y-10.7232
G1 X15.8596 Y-10.6230
G1 X15.9025 Y-10.5843
G1 X15.9558 Y-10.5592
G1 X16.0810 Y-10.5393
G1 X16.4296 Y-10.5434
G1 X16.6534 Y-10.5256
G1 X16.8299 Y-10.4777
G1 X16.9601 Y-10.4025
G1 X17.0288 Y-10.3377
G1 X17.0894 Y-10.2558
G1 X17.1523 Y-10.1078
G1 X17.1625 Y-10.0181
G1 X17.1580 Y-9.9234
G1 X17.0951 Y-9.6610
G1 X16.8385 Y-8.9732
G1 X16.7715 Y-8.8287
G1 X16.6969 Y-8.7153
G1 X16.6085 Y-8.6071
G1 X16.5141 Y-8.5130
G1 X16.3885 Y-8.4137
G1 X16.2553 Y-8.3331
G1 X16.1152 Y-8.2691
G1 X15.9692 Y-8.2200
G1 X15.7874 Y-8.1777
G1 X15.4077 Y-8.1350
G1 X14.8857 Y-8.1262
G1 Z0.0000 F8000.0
G0 X17.6508 Y-8.4211 F15000.0
G1 Z11.9000 F8000.0
G1 X17.6941 Y-8.3350 F12000.0
G1 X17.7725 Y-8.2433
G1 X17.8445 Y-8.1908
G1 X17.9549 Y-8.1411
G1 X18.0783 Y-8.1126
G1 X18.2107 Y-8.1035
G1 X18.3482 Y-8.1120
G1 X18.5212 Y-8.1442
G1 X18.7829 Y-8.2371
G1 X18.9250 Y-8.3152
G1 X19.0207 Y-8.3856
G1 X19.1033 Y-8.4681
G1 X19.1993 Y-8.5946
G1 X19.2658 Y-8.7074
G1 X19.3359 Y-8.8584
G1 X19.4005 Y-9.0485
G1 X19.4485 Y-9.2718
G1 X19.4613 Y-9.3968
G1 X19.4452 Y-9.5925
G1 X19.4533 Y-9.6881
G1 X19.4761 Y-9.7477
G1 X19.5277 Y-9.8279
G1 X19.7013 Y-10.0219
G1 X19.7537 Y-10.0949
G1 X19.8433 Y-10.2548
G1 X19.9150 Y-10.4132
G1 X19.9849 Y-10.6156
G1 X20.0195 Y-10.7808
G1 X20.0258 Y-10.9024
G1 X20.0045 Y-11.0169
G1 X19.9784 Y-11.0694
G1 X19.9219 Y-11.1360
G1 X19.8480 Y-11.1888
G1 X19.7600 Y-11.2285
G1 X19.5557 Y-11.2721
G1 X19.3368 Y-11.2736
G1 X19.1312 Y-11.2395
G1 X18.9666 Y-11.1767
G1 X18.8479 Y-11.0906
G1 X18.6509 Y-10.8985
G1 Z0.0000 F8000.0
G0 X18.7685 Y-9.6598 F15000.0
G1 Z11.9000 F8000.0
G1 X19.4157 Y-9.7188 F12000.0
G1 Z0.0000 F8000.0
G0 X43.8217 Y-5.0243 F15000.0
G1 Z11.9000 F8000.0
G1 X43.8217 Y-14.7697 F12000.0
G1 Z0.0000 F8000.0
G0 X45.8309 Y-8.1262 F15000.0
G1 Z11.9000 F8000.0
G1 X46.2821 Y-9.3059 F12000.0
G1 X47.0552 Y-11.4293
G1 X47.5076 Y-12.5896
G1 X48.0076 Y-12.6680
G1 X49.5373 Y-12.6090
G1 X48.5601 Y-9.8367
G1 X47.9488 Y-8.1852
G1 Z0.0000 F8000.0
G0 X48.7136 Y-6.7105 F15000.0
G1 Z11.9000 F8000.0
G1 X49.2267 Y-6.7018 F12000.0
G1 X49.4866 Y-6.7125
G1 X49.7392 Y-6.7526
G1 X49.9512 Y-6.8250
G1 X50.0360 Y-6.8712
G1 X50.1378 Y-6.9455
G1 X50.2872 Y-7.1053
G1 X50.4191 Y-7.3234
G1 X50.5274 Y-7.5971
G1 X50.5892 Y-7.8183
G1 X50.6550 Y-8.1262
G1 X49.6157 Y-8.1261
G1 X49.4549 Y-8.1396
G1 X49.3379 Y-8.1845
G1 X49.2625 Y-8.2506
G1 X49.1997 Y-8.3609
G1 X49.1754 Y-8.4822
G1 X49.1924 Y-8.6748
G1 X49.2585 Y-8.8976
G1 X49.9702 Y-10.8844
G1 X50.0725 Y-11.1195
G1 X50.1844 Y-11.3113
G1 Z0.0000 F8000.0
G0 X51.8317 Y-11.1934 F15000.0
G1 Z11.9000 F8000.0
G1 X51.0474 Y-9.0699 F12000.0
G1 X50.6550 Y-8.1262
G1 Z0.0000 F8000.0
G0 X51.7140 Y-8.1852 F15000.0
G1 Z11.9000 F8000.0
G1 X53.0083 Y-10.3676 F12000.0
G1 X53.5507 Y-11.2099
G1 X54.4791 Y-11.1934
G1 X53.4201 Y-8.1852
G1 Z0.0000 F8000.0
G0 X55.0086 Y-9.7778 F15000.0
G1 Z11.9000 F8000.0
G1 X55.0249 Y-9.9736 F12000.0
G1 X55.0674 Y-10.1950
G1 X55.1349 Y-10.4271
G1 X55.2118 Y-10.6231
G1 X55.3055 Y-10.8067
G1 X55.3958 Y-10.9434
G1 X55.4969 Y-11.0594
G1 X55.6083 Y-11.1494
G1 X55.7446 Y-11.2133
G1 X55.9229 Y-11.2573
G1 X56.1745 Y-11.2867
G1 X56.4040 Y-11.2873
G1 X56.5892 Y-11.2665
G1 X56.7562 Y-11.2232
G1 X56.8930 Y-11.1545
G1 X56.9727 Y-11.0793
G1 X57.0113 Y-11.0100
G1 X57.0289 Y-10.9294
G1 X57.0271 Y-10.8109
G1 X57.0040 Y-10.6853
G1 X56.9419 Y-10.4914
G1 X56.7223 Y-9.9261
G1 X56.6782 Y-9.8440
G1 X56.6376 Y-9.7972
G1 X56.5305 Y-9.7370
G1 X56.4061 Y-9.7164
G1 X55.1129 Y-9.7267
G1 X54.9915 Y-9.7010
G1 X54.8972 Y-9.6233
G1 X54.8313 Y-9.5140
G1 X54.5789 Y-8.8268
G1 X54.5316 Y-8.5907
G1 X54.5290 Y-8.4942
G1 X54.5407 Y-8.4036
G1 X54.5694 Y-8.3206
G1 X54.6175 Y-8.2475
G1 X54.6874 Y-8.1861
G1 X54.7442 Y-8.1550
G1 X54.9003 Y-8.1236
G1 X55.4840 Y-8.1277
G1 X55.8367 Y-8.1452
G1 X56.1263 Y-8.1852
G1 Z0.0000 F8000.0
G0 X57.0088 Y-8.1262 F15000.0
G1 Z11.9000 F8000.0
G1 X57.7148 Y-9.7778 F12000.0
G1 Z0.0000 F8000.0
G0 X58.2443 Y-11.3113 F15000.0
G1 Z11.9000 F8000.0
G1 X57.8307 Y-10.3086 F12000.0
G1 X57.7342 Y-9.8432
G1 X58.0677 Y-9.7188
G1 X58.9503 Y-9.7188
G1 X59.2968 Y-9.7518
G1 X59.5191 Y-10.1907
G1 X59.8915 Y-11.1934
G1 Z0.0000 F8000.0
G0 X59.2444 Y-9.6598 F15000.0
G1 Z11.9000 F8000.0
G1 X58.7737 Y-8.1852 F12000.0
G1 Z0.0000 F8000.0
G0 X60.4210 Y-9.7778 F15000.0
G1 Z11.9000 F8000.0
G1 X60.4374 Y-9.9736 F12000.0
G1 X60.4799 Y-10.1950
G1 X60.5474 Y-10.4271
G1 X60.6242 Y-10.6231
G1 X60.7179 Y-10.8067
G1 X60.8083 Y-10.9434
G1 X60.9094 Y-11.0594
G1 X61.0208 Y-11.1494
G1 X61.1570 Y-11.2133
G1 X61.3355 Y-11.2573
G1 X61.5871 Y-11.2867
G1 X61.8167 Y-11.2873
G1 X62.0019 Y-11.2665
G1 X62.1689 Y-11.2232
G1 X62.3057 Y-11.1545
G1 X62.3854 Y-11.0793
G1 X62.4237 Y-11.0100
G1 X62.4413 Y-10.9294
G1 X62.4396 Y-10.8109
G1 X62.4164 Y-10.6853
G1 X62.3544 Y-10.4914
G1 X62.1347 Y-9.9261
G1 X62.0906 Y-9.8440
G1 X62.0501 Y-9.7972
G1 X61.9430 Y-9.7370
G1 X61.8186 Y-9.7164
G1 X60.5254 Y-9.7267
G1 X60.4041 Y-9.7010
G1 X60.3096 Y-9.6233
G1 X60.2438 Y-9.5140
G1 X59.9913 Y-8.8268
G1 X59.9441 Y-8.5907
G1 X59.9415 Y-8.4942
G1 X59.9533 Y-8.4036
G1 X59.9819 Y-8.3206
G1 X60.0300 Y-8.2475
G1 X60.1000 Y-8.1861
G1 X60.1566 Y-8.1550
G1 X60.3128 Y-8.1236
G1 X60.8964 Y-8.1277
G1 X61.2492 Y-8.1452
G1 X61.5388 Y-8.1852
G1 Z0.0000 F8000.0
G0 X63.6568 Y-11.3113 F15000.0
G1 Z11.9000 F8000.0
G1 X63.4564 Y-10.9650 F12000.0
G1 X63.2761 Y-10.5484
G1 X63.1431 Y-10.1717
G1 X62.6725 Y-8.7084
G1 X62.6486 Y-8.4906
G1 X62.6571 Y-8.3957
G1 X62.6804 Y-8.3103
G1 X62.7245 Y-8.2436
G1 X62.7877 Y-8.1919
G1 X62.8669 Y-8.1535
G1 X62.9590 Y-8.1266
G1 X63.0963 Y-8.1061
G1 X63.2812 Y-8.0987
G1 X63.7858 Y-8.1251
G1 X64.0237 Y-8.1265
G1 X64.1176 Y-8.1428
G1 X64.1750 Y-8.1667
G1 X64.2593 Y-8.2444
G1 X64.3160 Y-8.3459
G1 X64.3613 Y-8.4691
G1 X64.4944 Y-8.9862
G1 X65.3040 Y-11.1934
G1 Z0.0000 F8000.0
G0 X64.3627 Y-8.1262 F15000.0
G1 Z11.9000 F8000.0
G1 X64.3981 Y-8.0733 F12000.0
G1 X64.4199 Y-8.0176
G1 X64.4299 Y-7.9597
G1 X64.4295 Y-7.9001
G1 X64.4207 Y-7.8392
G1 X64.3946 Y-7.7469
G1 X64.3039 Y-7.5364
G1 Z0.0000 F8000.0
G0 X67.6572 Y-8.1852 F15000.0
G1 Z11.9000 F8000.0
G1 X68.3475 Y-9.2859 F12000.0
G1 X68.4455 Y-9.4146
G1 X68.6329 Y-9.5888
G1 X68.6904 Y-9.6614
G1 X68.7295 Y-9.7445
G1 X68.7987 Y-9.9576
G1 X68.8709 Y-10.0992
G1 X69.3404 Y-10.8394
G1 X69.6305 Y-11.3476
G1 X69.7751 Y-11.5790
G1 X69.8945 Y-11.7407
G1 X70.0258 Y-11.8843
G1 X70.1712 Y-12.0031
G1 X70.3047 Y-12.0781
G1 X70.4811 Y-12.4911
G1 X70.1788 Y-9.5419
G1 X70.0105 Y-8.2442
G1 Z0.0000 F8000.0
G0 X70.1281 Y-9.5419 F15000.0
G1 Z11.9000 F8000.0
G1 X68.7750 Y-9.5419 F12000.0
G1 Z0.0000 F8000.0
G0 X71.1282 Y-8.1852 F15000.0
G1 Z11.9000 F8000.0
G1 X72.4225 Y-10.3676 F12000.0
G1 X72.9650 Y-11.2099
G1 X73.8933 Y-11.1934
G1 X72.8344 Y-8.1852
G1 Z0.0000 F8000.0
G0 X74.4817 Y-9.7778 F15000.0
G1 Z11.9000 F8000.0
G1 X74.4980 Y-9.9736 F12000.0
G1 X74.5406 Y-10.1950
G1 X74.6080 Y-10.4271
G1 X74.6849 Y-10.6231
G1 X74.7786 Y-10.8067
G1 X74.8689 Y-10.9434
G1 X74.9700 Y-11.0594
G1 X75.0814 Y-11.1494
G1 X75.2177 Y-11.2133
G1 X75.3961 Y-11.2573
G1 X75.6478 Y-11.2867
G1 X75.8773 Y-11.2873
G1 X76.0626 Y-11.2665
G1 X76.2296 Y-11.2232
G1 X76.3664 Y-11.1545
G1 X76.4460 Y-11.0793
G1 X76.4844 Y-11.0100
G1 X76.5020 Y-10.9294
G1 X76.5003 Y-10.8109
G1 X76.4771 Y-10.6853
G1 X76.4150 Y-10.4914
G1 X76.1954 Y-9.9261
G1 X76.1513 Y-9.8440
G1 X76.1107 Y-9.7972
G1 X76.0036 Y-9.7370
G1 X75.8792 Y-9.7164
G1 X74.5860 Y-9.7267
G1 X74.4647 Y-9.7010
G1 X74.3704 Y-9.6233
G1 X74.3044 Y-9.5140
G1 X74.0520 Y-8.8268
G1 X74.0047 Y-8.5907
G1 X74.0022 Y-8.4942
G1 X74.0139 Y-8.4036
G1 X74.0425 Y-8.3206
G1 X74.0906 Y-8.2475
G1 X74.1606 Y-8.1861
G1 X74.2173 Y-8.1550
G1 X74.3734 Y-8.1236
G1 X74.9571 Y-8.1277
G1 X75.3098 Y-8.1452
G1 X75.5994 Y-8.1852
G1 Z0.0000 F8000.0
G0 X76.4819 Y-8.1262 F15000.0
G1 Z11.9000 F8000.0
G1 X77.1290 Y-9.6598 F12000.0
G1 Z0.0000 F8000.0
G0 X77.7174 Y-11.3113 F15000.0
G1 Z11.9000 F8000.0
G1 X77.1879 Y-9.7188 F12000.0
G1 X77.7109 Y-9.8432
G1 X78.1292 Y-10.2857
G1 X79.4235 Y-11.3113
G1 Z0.0000 F8000.0
G0 X77.8350 Y-9.7778 F15000.0
G1 Z11.9000 F8000.0
G1 X78.2469 Y-8.2442 F12000.0
G1 Z0.0000 F8000.0
G0 X81.0119 Y-8.1852 F15000.0
G1 Z11.9000 F8000.0
G1 X80.6920 Y-8.1423 F12000.0
G1 X80.3407 Y-8.1266
G1 X79.7896 Y-8.1279
G1 X79.6941 Y-8.1396
G1 X79.6049 Y-8.1693
G1 X79.5254 Y-8.2250
G1 X79.4820 Y-8.2768
G1 X79.4393 Y-8.3610
G1 X79.4185 Y-8.4517
G1 X79.4157 Y-8.5469
G1 X79.4271 Y-8.6442
G1 X79.4983 Y-8.8975
G1 X80.1441 Y-10.6751
G1 X80.2620 Y-10.9108
G1 X80.3369 Y-11.0142
G1 X80.4005 Y-11.0806
G1 X80.4930 Y-11.1492
G1 X80.5980 Y-11.2017
G1 X80.7442 Y-11.2478
G1 X80.9033 Y-11.2760
G1 X81.2109 Y-11.2940
G1 X81.8640 Y-11.2868
G1 X82.1297 Y-11.3113
G1 Z0.0000 F8000.0
G0 X82.6004 Y-9.7778 F15000.0
G1 Z11.9000 F8000.0
G1 X82.6168 Y-9.9736 F12000.0
G1 X82.6593 Y-10.1950
G1 X82.7268 Y-10.4271
G1 X82.8037 Y-10.6231
G1 X82.8973 Y-10.8067
G1 X82.9876 Y-10.9434
G1 X83.0887 Y-11.0594
G1 X83.2002 Y-11.1494
G1 X83.3364 Y-11.2133
G1 X83.5148 Y-11.2573
G1 X83.7665 Y-11.2867
G1 X83.9960 Y-11.2873
G1 X84.1813 Y-11.2665
G1 X84.3483 Y-11.2232
G1 X84.4851 Y-11.1545
G1 X84.5647 Y-11.0793
G1 X84.6032 Y-11.0100
G1 X84.6207 Y-10.9294
G1 X84.6190 Y-10.8109
G1 X84.5958 Y-10.6853
G1 X84.5337 Y-10.4914
G1 X84.3141 Y-9.9261
G1 X84.2700 Y-9.8440
G1 X84.2294 Y-9.7972
G1 X84.1223 Y-9.7370
G1 X83.9980 Y-9.7164
G1 X82.7047 Y-9.7267
G1 X82.5834 Y-9.7010
G1 X82.4891 Y-9.6233
G1 X82.4231 Y-9.5140
G1 X82.1707 Y-8.8268
G1 X82.1234 Y-8.5907
G1 X82.1209 Y-8.4942
G1 X82.1326 Y-8.4036
G1 X82.1612 Y-8.3206
G1 X82.2093 Y-8.2475
G1 X82.2793 Y-8.1861
G1 X82.3359 Y-8.1550
G1 X82.4921 Y-8.1236
G1 X83.0758 Y-8.1277
G1 X83.4285 Y-8.1452
G1 X83.7181 Y-8.1852
G1 Z0.0000 F8000.0
G0 X85.8361 Y-11.3113 F15000.0
G1 Z11.9000 F8000.0
G1 X85.6776 Y-11.0406 F12000.0
G1 X85.5232 Y-10.6856
G1 X85.1839 Y-9.6597
G1 X84.9290 Y-9.0075
G1 X84.8575 Y-8.7563
G1 X84.8389 Y-8.6320
G1 X84.8357 Y-8.5100
G1 X84.8492 Y-8.4088
G1 X84.8830 Y-8.3193
G1 X84.9346 Y-8.2489
G1 X85.0014 Y-8.1954
G1 X85.0808 Y-8.1568
G1 X85.1704 Y-8.1308
G1 X85.3011 Y-8.1123
G1 X85.4394 Y-8.1074
G1 X86.1479 Y-8.1264
G1 X86.2403 Y-8.1444
G1 X86.2968 Y-8.1684
G1 X86.3473 Y-8.2047
G1 X86.4039 Y-8.2681
G1 X86.4687 Y-8.3736
G1 X86.5354 Y-8.5292
G1 X86.6815 Y-9.0167
G1 X86.7962 Y-9.3442
G1 X87.4833 Y-11.1934
G1 Z0.0000 F8000.0
G0 X87.4245 Y-12.6680 F15000.0
G1 Z11.9000 F8000.0
G1 X86.7774 Y-12.6680 F12000.0
G1 Z0.0000 F8000.0
G0 X92.6605 Y-12.6680 F15000.0
G1 Z11.9000 F8000.0
G1 X91.9806 Y-12.6690 F12000.0
G1 X91.7597 Y-12.6489
G1 X91.5756 Y-12.6136
G1 X91.3978 Y-12.5562
G1 X91.2275 Y-12.4720
G1 X91.0664 Y-12.3560
G1 X90.9288 Y-12.2176
G1 X90.7650 Y-11.9814
G1 X90.6093 Y-11.6554
G1 X90.1891 Y-10.4613
G1 X89.7504 Y-9.2846
G1 X89.6933 Y-9.0943
G1 X89.6575 Y-8.9255
G1 X89.6420 Y-8.7894
G1 X89.6424 Y-8.6564
G1 X89.6625 Y-8.5306
G1 X89.7064 Y-8.4159
G1 X89.7569 Y-8.3395
G1 X89.8428 Y-8.2556
G1 X89.9452 Y-8.1924
G1 X90.0608 Y-8.1476
G1 X90.1868 Y-8.1189
G1 X90.3201 Y-8.1042
G1 X90.6654 Y-8.1132
G1 X91.1308 Y-8.1852
G1 Z0.0000 F8000.0
G0 X92.7193 Y-9.7778 F15000.0
G1 Z11.9000 F8000.0
G1 X92.7358 Y-9.9736 F12000.0
G1 X92.7783 Y-10.1950
G1 X92.8458 Y-10.4271
G1 X92.9226 Y-10.6231
G1 X93.0162 Y-10.8067
G1 X93.1066 Y-10.9434
G1 X93.2077 Y-11.0594
G1 X93.3191 Y-11.1494
G1 X93.4553 Y-11.2133
G1 X93.6337 Y-11.2573
G1 X93.8854 Y-11.2867
G1 X94.1150 Y-11.2873
G1 X94.3002 Y-11.2665
G1 X94.4672 Y-11.2232
G1 X94.6040 Y-11.1545
G1 X94.6837 Y-11.0793
G1 X94.7221 Y-11.0100
G1 X94.7396 Y-10.9294
G1 X94.7380 Y-10.8109
G1 X94.7147 Y-10.6853
G1 X94.6527 Y-10.4914
G1 X94.4331 Y-9.9261
G1 X94.3889 Y-9.8440
G1 X94.3484 Y-9.7972
G1 X94.2413 Y-9.7370
G1 X94.1169 Y-9.7164
G1 X92.8237 Y-9.7267
G1 X92.7024 Y-9.7010
G1 X92.6080 Y-9.6233
G1 X92.5421 Y-9.5140
G1 X92.2896 Y-8.8268
G1 X92.2424 Y-8.5907
G1 X92.2398 Y-8.4942
G1 X92.2516 Y-8.4036
G1 X92.2802 Y-8.3206
G1 X92.3282 Y-8.2475
G1 X92.3983 Y-8.1861
G1 X92.4549 Y-8.1550
G1 X92.6110 Y-8.1236
G1 X93.1947 Y-8.1277
G1 X93.5475 Y-8.1452
G1 X93.8372 Y-8.1852
G1 Z0.0000 F8000.0
G0 X94.8960 Y-8.1852 F15000.0
G1 Z11.9000 F8000.0
G1 X94.9048 Y-8.3734 F12000.0
G1 X94.9350 Y-8.5930
G1 X94.9834 Y-8.8122
G1 X95.0567 Y-9.0619
G1 X95.1914 Y-9.4337
G1 X95.5309 Y-10.2795
G1 X95.7253 Y-10.9032
G1 X95.7916 Y-11.0529
G1 X95.8568 Y-11.1526
G1 X95.9242 Y-11.2138
G1 X96.0455 Y-11.2521
G1 X96.3592 Y-11.2534
G1 X96.8241 Y-11.2758
G1 X97.0020 Y-11.2672
G1 X97.1349 Y-11.2444
G1 X97.2528 Y-11.2027
G1 X97.3274 Y-11.1562
G1 X97.4032 Y-11.0707
G1 X97.4444 Y-10.9601
G1 X97.4475 Y-10.8384
G1 X97.4135 Y-10.6762
G1 X96.7235 Y-8.8137
G1 X96.6474 Y-8.6436
G1 X96.5695 Y-8.5138
G1 X96.4715 Y-8.3969
G1 X96.3473 Y-8.2950
G1 X96.1904 Y-8.2099
G1 X96.0136 Y-8.1527
G1 X95.8263 Y-8.1234
G1 X95.6334 Y-8.1144
G1 X95.1902 Y-8.1262
G1 X94.9378 Y-8.1452
G1 X94.8469 Y-8.1295
G1 X94.7931 Y-8.1014
G1 X94.7294 Y-8.0358
G1 X94.6831 Y-7.9531
G1 X94.4082 Y-7.1725
G1 X94.2489 Y-6.8286
G1 Z0.0000 F8000.0
G0 X99.3672 Y-8.5391 F15000.0
G1 Z11.9000 F8000.0
G1 X99.1833 Y-8.3834 F12000.0
G1 X98.9674 Y-8.2585
G1 X98.7410 Y-8.1806
G1 X98.4991 Y-8.1397
G1 X98.1318 Y-8.1262
G1 X97.9257 Y-8.1536
G1 X97.8403 Y-8.1860
G1 X97.7687 Y-8.2309
G1 X97.7125 Y-8.2882
G1 X97.6731 Y-8.3576
G1 X97.6523 Y-8.4393
G1 X97.6494 Y-8.5005
G1 X97.6842 Y-8.6768
G1 X97.7575 Y-8.8315
G1 X97.8760 Y-8.9796
G1 X98.0974 Y-9.1623
G1 X99.8449 Y-10.3790
G1 X99.9616 Y-10.4867
G1 X100.0583 Y-10.6088
G1 X100.1209 Y-10.7325
G1 X100.1488 Y-10.8644
G1 X100.1419 Y-10.9546
G1 X100.1135 Y-11.0358
G1 X100.0656 Y-11.1063
G1 X99.9749 Y-11.1812
G1 X99.8895 Y-11.2212
G1 X99.7916 Y-11.2456
G1 X99.5446 Y-11.2582
G1 X99.1903 Y-11.2481
G1 X99.0408 Y-11.2260
G1 X98.8964 Y-11.1881
G1 X98.7559 Y-11.1315
G1 X98.6453 Y-11.0702
G1 X98.4259 Y-10.8985
G1 Z0.0000 F8000.0
G0 X100.8380 Y-9.7778 F15000.0
G1 Z11.9000 F8000.0
G1 X100.8544 Y-9.9736 F12000.0
G1 X100.8970 Y-10.1950
G1 X100.9645 Y-10.4271
G1 X101.0413 Y-10.6231
G1 X101.1350 Y-10.8067
G1 X101.2253 Y-10.9434
G1 X101.3263 Y-11.0594
G1 X101.4378 Y-11.1494
G1 X101.5740 Y-11.2133
G1 X101.7523 Y-11.2573
G1 X102.0040 Y-11.2867
G1 X102.2335 Y-11.2873
G1 X102.4187 Y-11.2665
G1 X102.5856 Y-11.2232
G1 X102.7225 Y-11.1545
G1 X102.8023 Y-11.0793
G1 X102.8407 Y-11.0100
G1 X102.8584 Y-10.9294
G1 X102.8567 Y-10.8109
G1 X102.8334 Y-10.6853
G1 X102.7713 Y-10.4914
G1 X102.5518 Y-9.9261
G1 X102.5077 Y-9.8440
G1 X102.4671 Y-9.7972
G1 X102.3600 Y-9.7370
G1 X102.2356 Y-9.7164
G1 X100.9424 Y-9.7267
G1 X100.8211 Y-9.7010
G1 X100.7267 Y-9.6233
G1 X100.6608 Y-9.5140
G1 X100.4083 Y-8.8268
G1 X100.3610 Y-8.5907
G1 X100.3585 Y-8.4942
G1 X100.3703 Y-8.4036
G1 X100.3989 Y-8.3206
G1 X100.4469 Y-8.2475
G1 X100.5170 Y-8.1861
G1 X100.5737 Y-8.1550
G1 X100.7298 Y-8.1236
G1 X101.3134 Y-8.1277
G1 X101.6661 Y-8.1452
G1 X101.9558 Y-8.1852
G1 Z0.0000 F8000.0
G0 X103.5442 Y-9.7778 F15000.0
G1 Z11.9000 F8000.0
G1 X103.5607 Y-9.9736 F12000.0
G1 X103.6032 Y-10.1950
G1 X103.6707 Y-10.4271
G1 X103.7475 Y-10.6231
G1 X103.8412 Y-10.8067
G1 X103.9315 Y-10.9434
G1 X104.0326 Y-11.0594
G1 X104.1441 Y-11.1494
G1 X104.2803 Y-11.2133
G1 X104.4586 Y-11.2573
G1 X104.7102 Y-11.2867
G1 X104.9397 Y-11.2873
G1 X105.1249 Y-11.2665
G1 X105.2919 Y-11.2232
G1 X105.4287 Y-11.1545
G1 X105.5085 Y-11.0793
G1 X105.5469 Y-11.0100
G1 X105.5646 Y-10.9294
G1 X105.5629 Y-10.8109
G1 X105.5396 Y-10.6853
G1 X105.4776 Y-10.4914
G1 X105.2580 Y-9.9261
G1 X105.2139 Y-9.8440
G1 X105.1733 Y-9.7972
G1 X105.0663 Y-9.7370
G1 X104.9419 Y-9.7164
G1 X103.6486 Y-9.7267
G1 X103.5273 Y-9.7010
G1 X103.4329 Y-9.6233
G1 X103.3670 Y-9.5140
G1 X103.1145 Y-8.8268
G1 X103.0673 Y-8.5907
G1 X103.0647 Y-8.4942
G1 X103.0765 Y-8.4036
G1 X103.1051 Y-8.3206
G1 X103.1532 Y-8.2475
G1 X103.2232 Y-8.1861
G1 X103.2799 Y-8.1550
G1 X103.4361 Y-8.1236
G1 X104.0196 Y-8.1277
G1 X104.3724 Y-8.1452
G1 X104.6621 Y-8.1852
G1 Z0.0000 F8000.0
G0 X106.6697 Y-11.0628 F15000.0
G1 Z11.9000 F8000.0
G1 X106.7607 Y-11.2283 F12000.0
G1 X106.8194 Y-11.3703
G1 X106.9535 Y-11.8996
G1 X107.0224 Y-12.1157
G1 X107.1025 Y-12.2865
G1 X107.1905 Y-12.4127
G1 X107.2781 Y-12.5002
G1 X107.3556 Y-12.5562
G1 X107.4763 Y-12.6168
G1 X107.5808 Y-12.6496
G1 X107.6860 Y-12.6617
G1 X107.7851 Y-12.6517
G1 X107.8747 Y-12.6219
G1 X107.9521 Y-12.5742
G1 X108.0307 Y-12.4861
G1 X108.0747 Y-12.3745
G1 X108.0768 Y-12.2442
G1 X108.0466 Y-12.1371
G1 X108.0023 Y-12.0504
G1 X107.9275 Y-11.9526
G1 X107.6533 Y-11.7056
G1 X107.5453 Y-11.5879
G1 X107.4933 Y-11.5026
G1 X107.4773 Y-11.4090
G1 X107.5104 Y-11.3251
G1 X107.5487 Y-11.2878
G1 X107.5969 Y-11.2624
G1 X107.7162 Y-11.2368
G1 X107.9926 Y-11.2126
G1 X108.0900 Y-11.1857
G1 X108.1479 Y-11.1554
G1 X108.2195 Y-11.0845
G1 X108.2542 Y-11.0165
G1 X108.2733 Y-10.9306
G1 X108.2725 Y-10.8384
G1 X108.2168 Y-10.6104
G1 X108.0833 Y-10.2754
G1 X107.5458 Y-8.8141
G1 X107.4399 Y-8.5922
G1 X107.3380 Y-8.4466
G1 X107.2067 Y-8.3231
G1 X107.0683 Y-8.2399
G1 X106.8742 Y-8.1706
G1 X106.6043 Y-8.1190
G1 X106.3554 Y-8.1015
G1 X106.1462 Y-8.1172
G1 X105.9655 Y-8.1734
G1 X105.8932 Y-8.2201
G1 X105.8369 Y-8.2811
G1 X105.7958 Y-8.3634
G1 X105.7738 Y-8.4545
G1 X105.7700 Y-8.5485
G1 X105.7807 Y-8.6442
G1 X105.8313 Y-8.8344
G1 X106.3370 Y-10.2639
G1 X106.5558 Y-10.8394
G1 X106.6386 Y-11.0078
G1 X106.6697 Y-11.0628
G1 Z0.0000 F8000.0
G0 X106.8388 Y-11.3113 F15000.0
G1 Z11.9000 F8000.0
G1 X107.3683 Y-11.3113 F12000.0
G1 Z0.0000 F8000.0
G0 X109.4862 Y-11.3113 F15000.0
G1 Z11.9000 F8000.0
G1 X109.3278 Y-11.0406 F12000.0
G1 X109.1733 Y-10.6856
G1 X108.8341 Y-9.6597
G1 X108.5791 Y-9.0075
G1 X108.5077 Y-8.7563
G1 X108.4890 Y-8.6320
G1 X108.4859 Y-8.5100
G1 X108.4993 Y-8.4088
G1 X108.5331 Y-8.3193
G1 X108.5847 Y-8.2489
G1 X108.6515 Y-8.1954
G1 X108.7310 Y-8.1568
G1 X108.8205 Y-8.1308
G1 X108.9512 Y-8.1123
G1 X109.0895 Y-8.1074
G1 X109.7980 Y-8.1264
G1 X109.8904 Y-8.1444
G1 X109.9469 Y-8.1684
G1 X109.9975 Y-8.2047
G1 X110.0541 Y-8.2681
G1 X110.1188 Y-8.3736
G1 X110.1855 Y-8.5292
G1 X110.3316 Y-9.0167
G1 X110.4464 Y-9.3442
G1 X111.1335 Y-11.1934
G1 Z0.0000 F8000.0
G0 X112.1924 Y-11.3113 F15000.0
G1 Z11.9000 F8000.0
G1 X111.7824 Y-10.1907 F12000.0
G1 X111.9048 Y-9.7612
G1 X112.6631 Y-9.7188
G1 X113.2449 Y-9.7518
G1 X113.4673 Y-10.1907
G1 X113.8398 Y-11.1934
G1 Z0.0000 F8000.0
G0 X113.1925 Y-9.6598 F15000.0
G1 Z11.9000 F8000.0
G1 X112.7219 Y-8.1852 F12000.0
G1 Z0.0000 F8000.0
G0 X180.0000 Y-5.0243 F15000.0
G1 Z11.9000 F8000.0
G1 X0.0000 Y-5.0243 F12000.0
G1 Z0.0000 F8000.0
G0 X67.1425 Y-278.1616 F15000.0
G1 Z11.9000 F8000.0
G1 X67.1425 Y-279.4931 F12000.0
G1 X67.1091 Y-279.7279
G1 X66.9106 Y-279.8093
G1 X64.8638 Y-279.8191
G1 X64.8094 Y-279.8658
G1 X64.7925 Y-281.2616
G1 Z0.0000 F8000.0
G0 X67.1425 Y-281.2616 F15000.0
G1 Z11.9000 F8000.0
G1 X67.1425 Y-279.8616 F12000.0
G1 Z0.0000 F8000.0
G0 X68.4925 Y-280.2116 F15000.0
G1 Z11.9000 F8000.0
G1 X68.4324 Y-280.0891 F12000.0
G1 X68.7323 Y-280.3400
G1 X69.3036 Y-280.3956
G1 X69.6629 Y-280.3255
G1 X69.8658 Y-280.2080
G1 X69.9349 Y-280.1148
G1 X70.0381 Y-279.6410
G1 X69.9632 Y-279.4305
G1 X69.8642 Y-279.3796
G1 X68.7694 Y-279.2006
G1 X68.4472 Y-279.0407
G1 X68.3188 Y-278.8691
G1 X68.2485 Y-278.6398
G1 X68.2901 Y-278.4004
G1 X68.4201 Y-278.2036
G1 X68.7454 Y-278.0524
G1 X68.9834 Y-278.0274
G1 X69.3823 Y-278.0960
G1 X69.7841 Y-278.3074
G1 X69.9762 Y-278.3539
G1 X70.0974 Y-278.1281
G1 X70.0378 Y-278.3839
G1 X70.0262 Y-279.2537
G1 X69.9726 Y-279.3257
G1 X69.8698 Y-279.3447
G1 X69.3925 Y-279.3116
G1 Z0.0000 F8000.0
G0 X68.4425 Y-279.0616 F15000.0
G1 Z11.9000 F8000.0
G1 X68.3925 Y-278.9616 F12000.0
G1 Z0.0000 F8000.0
G0 X70.0925 Y-278.1116 F15000.0
G1 Z11.9000 F8000.0
G1 X70.3425 Y-277.9116 F12000.0
G1 Z0.0000 F8000.0
G0 X72.7925 Y-278.1116 F15000.0
G1 Z11.9000 F8000.0
G1 X72.5170 Y-278.2971 F12000.0
G1 X72.3941 Y-278.4870
G1 X72.4400 Y-278.3956
G1 X72.6871 Y-278.1919
G1 X72.9067 Y-278.0791
G1 X73.0306 Y-278.0637
G1 X73.5337 Y-278.1004
G1 X73.7450 Y-278.2181
G1 X73.9173 Y-278.4044
G1 X74.0585 Y-278.8659
G1 X74.0705 Y-279.2186
G1 X74.0077 Y-279.2822
G1 X73.3025 Y-279.2664
G1 Z0.0000 F8000.0
G0 X74.0130 Y-279.2967 F15000.0
G1 Z11.9000 F8000.0
G1 X74.0645 Y-279.3776 F12000.0
G1 X74.0274 Y-279.7328
G1 X73.7983 Y-280.1361
G1 X73.5047 Y-280.3441
G1 X73.1436 Y-280.3836
G1 X72.7863 Y-280.3275
G1 X72.5832 Y-280.1809
G1 X72.4025 Y-279.9664
G1 X72.5036 Y-280.0929
G1 X72.4425 Y-280.0616
G1 X72.6925 Y-280.3116
G1 Z0.0000 F8000.0
G0 X73.8425 Y-278.3116 F15000.0
G1 Z11.9000 F8000.0
G1 X73.5925 Y-278.1116 F12000.0
G1 Z0.0000 F8000.0
G0 X75.1425 Y-278.1616 F15000.0
G1 Z11.9000 F8000.0
G1 X75.1594 Y-280.2318 F12000.0
G1 X75.2138 Y-280.3195
G1 X75.4419 Y-280.3613
G1 X76.4812 Y-280.3602
G1 X76.6940 Y-280.2967
G1 X76.7419 Y-280.0728
G1 X76.7585 Y-278.2691
G1 X76.8119 Y-278.1924
G1 X77.0411 Y-278.1616
G1 X77.7995 Y-278.1832
G1 X77.8673 Y-278.2454
G1 X77.9139 Y-279.2186
G1 X77.9757 Y-279.2534
G1 X78.7153 Y-279.2262
G1 X78.7928 Y-279.2584
G1 X78.9938 Y-279.9457
G1 X79.1840 Y-280.1795
G1 X79.3117 Y-280.2692
G1 X79.0416 Y-279.9496
G1 X78.8585 Y-279.4957
G1 X78.8551 Y-278.9875
G1 X78.9951 Y-278.5262
G1 X79.2392 Y-278.2475
G1 X79.5636 Y-278.0766
G1 X79.9439 Y-278.0706
G1 X80.2508 Y-278.1797
G1 X80.4784 Y-278.4161
G1 X80.5772 Y-278.6352
G1 X80.6394 Y-279.3869
G1 X80.5374 Y-279.8646
G1 X80.4072 Y-280.1189
G1 X80.1311 Y-280.3342
G1 X79.7742 Y-280.3877
G1 X79.3925 Y-280.3616
G1 Z0.0000 F8000.0
G0 X77.8925 Y-280.3116 F15000.0
G1 Z11.9000 F8000.0
G1 X77.8938 Y-279.5322 F12000.0
G1 X77.9479 Y-279.2986
G1 X78.9443 Y-278.4843
G1 X79.1773 Y-278.2496
G1 X79.3307 Y-278.1654
G1 X79.5678 Y-278.1324
G1 X80.2119 Y-278.2012
G1 X80.3758 Y-278.2556
G1 X80.2061 Y-278.1441
G1 X80.4425 Y-278.3616
G1 Z0.0000 F8000.0
G0 X81.6925 Y-280.1116 F15000.0
G1 Z11.9000 F8000.0
G1 X81.6445 Y-279.6115 F12000.0
G1 X81.6445 Y-278.8332
G1 X81.7388 Y-278.3570
G1 X81.9277 Y-278.2322
G1 X82.3958 Y-278.0778
G1 X82.6486 Y-278.0637
G1 X82.8887 Y-278.1142
G1 X83.2414 Y-278.3568
G1 X83.4198 Y-278.7150
G1 X83.4846 Y-279.2529
G1 X83.3791 Y-279.8575
G1 X83.0826 Y-280.2535
G1 X82.8484 Y-280.3883
G1 X82.3865 Y-280.3852
G1 X81.7231 Y-280.1662
G1 X82.1599 Y-280.2740
G1 X81.7684 Y-280.0990
G1 Z0.0000 F8000.0
G0 X81.6925 Y-278.3616 F15000.0
G1 Z11.9000 F8000.0
G1 X81.7061 Y-277.2551 F12000.0
G1 X82.1164 Y-278.0650
G1 X82.1974 Y-278.1220
G1 X82.8128 Y-278.1485
G1 X83.0425 Y-278.2116
G1 Z0.0000 F8000.0
G0 X84.6425 Y-280.1116 F15000.0
G1 Z11.9000 F8000.0
G1 X84.5346 Y-279.9807 F12000.0
G1 X84.7230 Y-280.1821
G1 X84.8681 Y-280.2720
G1 X84.5988 Y-280.0688
G1 X84.7723 Y-280.2155
G1 X84.5775 Y-280.0170
G1 X84.4468 Y-279.8068
G1 X84.3940 Y-279.3103
G1 X86.2095 Y-279.3645
G1 X86.1757 Y-279.7899
G1 X85.9345 Y-280.1904
G1 X85.6467 Y-280.3448
G1 X85.2854 Y-280.3811
G1 X84.9425 Y-280.3616
G1 Z0.0000 F8000.0
G0 X84.3425 Y-279.2616 F15000.0
G1 Z11.9000 F8000.0
G1 X84.3934 Y-278.7627 F12000.0
G1 X84.5318 Y-278.4311
G1 X84.6901 Y-278.2482
G1 X85.0913 Y-278.0776
G1 X85.5983 Y-278.0771
G1 X85.9292 Y-278.2198
G1 X86.2243 Y-278.5121
G1 X86.0377 Y-278.2958
G1 X85.8425 Y-278.1616
G1 Z0.0000 F8000.0
G0 X88.6425 Y-279.2116 F15000.0
G1 Z11.9000 F8000.0
G1 X88.7131 Y-278.1972 F12000.0
G1 X88.7827 Y-278.1339
G1 X89.9196 Y-278.1399
G1 X90.1095 Y-278.2063
G1 X90.2749 Y-278.4810
G1 X90.2475 Y-278.8440
G1 X90.0447 Y-279.2577
G1 X90.0775 Y-279.3792
G1 X90.0710 Y-279.1376
G1 X89.8093 Y-279.2580
G1 X88.6895 Y-279.2678
G1 X88.6430 Y-279.4539
G1 X88.6576 Y-280.2238
G1 X88.7084 Y-280.3142
G1 X88.9330 Y-280.3611
G1 X89.5770 Y-280.3476
G1 X89.9844 Y-280.2404
G1 X90.1007 Y-280.0987
G1 X90.1592 Y-279.8756
G1 X90.0925 Y-279.5116
G1 Z0.0000 F8000.0
G0 X94.2925 Y-279.9116 F15000.0
G1 Z11.9000 F8000.0
G1 X94.1424 Y-280.1847 F12000.0
G1 X93.9226 Y-280.3439
G1 X93.5625 Y-280.3836
G1 X93.1031 Y-280.3098
G1 X92.8514 Y-280.0895
G1 X92.6962 Y-279.8304
G1 X92.6035 Y-279.4785
G1 X92.5993 Y-278.9659
G1 X92.6941 Y-278.6154
G1 X92.8245 Y-278.4171
G1 X93.1283 Y-278.1827
G1 X93.3538 Y-278.0768
G1 X93.7327 Y-278.0766
G1 X94.0677 Y-278.2066
G1 X94.2248 Y-278.3911
G1 X94.3925 Y-278.7116
G1 Z0.0000 F8000.0
G0 X93.1425 Y-278.1116 F15000.0
G1 Z11.9000 F8000.0
G1 X92.9259 Y-278.2486 F12000.0
G1 X92.7925 Y-278.4116
G1 Z0.0000 F8000.0
G0 X95.2925 Y-280.3116 F15000.0
G1 Z11.9000 F8000.0
G1 X95.2931 Y-278.7519 F12000.0
G1 X95.3372 Y-278.5397
G1 X95.5301 Y-278.5576
G1 X95.8049 Y-278.7005
G1 X96.4041 Y-279.6760
G1 X96.6032 Y-279.8481
G1 X96.5726 Y-279.8636
G1 X96.8965 Y-279.9521
G1 X96.9647 Y-279.8834
G1 X96.9892 Y-279.7681
G1 X96.9925 Y-278.1616
G1 Z0.0000 F8000.0
G0 X96.3573 Y-279.5792 F15000.0
G1 Z11.9000 F8000.0
G1 X95.7657 Y-278.6567 F12000.0
G1 X95.4184 Y-278.4517
G1 X95.6185 Y-278.5253
G1 X95.3511 Y-278.2837
G1 X95.3425 Y-278.4616
G1 Z0.0000 F8000.0
G0 X96.6925 Y-279.9116 F15000.0
G1 Z11.9000 F8000.0
G1 X96.8767 Y-280.0425 F12000.0
G1 X96.9425 Y-280.2116
G1 Z0.0000 F8000.0
G0 X99.6425 Y-279.9116 F15000.0
G1 Z11.9000 F8000.0
G1 X99.5045 Y-280.1752 F12000.0
G1 X99.3443 Y-280.3060
G1 X98.8804 Y-280.3800
G1 X98.5211 Y-280.3335
G1 X98.2633 Y-280.1603
G1 X98.0986 Y-279.9527
G1 X97.9444 Y-279.3683
G1 X97.9624 Y-278.8573
G1 X98.0937 Y-278.5236
G1 X98.2562 Y-278.3446
G1 X98.5731 Y-278.1241
G1 X98.9421 Y-278.0633
G1 X99.3015 Y-278.1374
G1 X99.4996 Y-278.2789
G1 X99.7065 Y-278.6382
G1 X99.5925 Y-278.4116
G1 Z0.0000 F8000.0
G0 X98.4925 Y-278.1116 F15000.0
G1 Z11.9000 F8000.0
G1 X98.3175 Y-278.2128 F12000.0
G1 X98.1425 Y-278.4116
G1 Z0.0000 F8000.0
G0 X100.3925 Y-280.3616 F15000.0
G1 Z11.9000 F8000.0
G1 X101.0401 Y-280.3581 F12000.0
G1 X101.1505 Y-280.3314
G1 X101.2177 Y-280.2557
G1 X101.2425 Y-278.1616
G1 Z0.0000 F8000.0
G0 X101.2425 Y-280.3116 F15000.0
G1 Z11.9000 F8000.0
G1 X101.4826 Y-280.3596 F12000.0
G1 X101.9986 Y-280.3481
G1 X102.9190 Y-279.9646
G1 X103.2976 Y-280.2781
G1 X103.1361 Y-280.1671
G1 X103.2152 Y-280.2121
G1 X102.9315 Y-279.8768
G1 X102.8677 Y-279.6464
G1 X102.8489 Y-279.3147
G1 X104.6543 Y-279.3521
G1 X104.6755 Y-279.4742
G1 X104.6078 Y-279.8287
G1 X104.3675 Y-280.2051
G1 X104.0534 Y-280.3517
G1 X103.3925 Y-280.3616
G1 Z0.0000 F8000.0
G0 X102.7925 Y-279.2616 F15000.0
G1 Z11.9000 F8000.0
G1 X102.8084 Y-278.8782 F12000.0
G1 X102.9818 Y-278.4311
G1 X103.1401 Y-278.2482
G1 X103.4262 Y-278.1136
G1 X103.7947 Y-278.0616
G1 X104.1645 Y-278.1104
G1 X104.4066 Y-278.2380
G1 X104.6622 Y-278.5121
G1 X104.5184 Y-278.2811
G1 X104.5428 Y-278.2267
G1 X105.6497 Y-278.1867
G1 X105.7194 Y-278.2460
G1 X105.7448 Y-278.3526
G1 X105.7914 Y-279.8911
G1 X105.8318 Y-280.0190
G1 X106.0166 Y-279.9774
G1 X106.1935 Y-279.8241
G1 X106.5816 Y-278.8091
G1 X106.8656 Y-278.5549
G1 X107.0511 Y-278.4835
G1 X107.1109 Y-278.5519
G1 X107.6221 Y-279.8845
G1 X107.8734 Y-280.0607
G1 X108.0382 Y-279.9566
G1 X108.0797 Y-279.8561
G1 X108.0925 Y-278.1616
G1 Z0.0000 F8000.0
G0 X106.8425 Y-278.3116 F15000.0
G1 Z11.9000 F8000.0
G1 X106.6681 Y-278.4695 F12000.0
G1 X106.4925 Y-278.9616
G1 Z0.0000 F8000.0
G0 X109.1925 Y-279.9116 F15000.0
G1 Z11.9000 F8000.0
G1 X109.3145 Y-280.1070 F12000.0
G1 X109.5502 Y-280.2792
G1 X109.3882 Y-280.1684
G1 X109.4627 Y-280.2102
G1 X109.1771 Y-279.8716
G1 X109.1169 Y-279.6400
G1 X109.1015 Y-279.3159
G1 X110.9074 Y-279.3505
G1 X110.9266 Y-279.4801
G1 X110.8545 Y-279.8343
G1 X110.7066 Y-280.1149
G1 X110.6134 Y-280.2075
G1 X110.2971 Y-280.3533
G1 X109.6425 Y-280.3616
G1 Z0.0000 F8000.0
G0 X109.0425 Y-279.2616 F15000.0
G1 Z11.9000 F8000.0
G1 X109.0934 Y-278.7627 F12000.0
G1 X109.2318 Y-278.4311
G1 X109.3901 Y-278.2482
G1 X109.7913 Y-278.0776
G1 X110.2983 Y-278.0771
G1 X110.6292 Y-278.2198
G1 X110.9243 Y-278.5121
G1 X110.7377 Y-278.2958
G1 X110.5425 Y-278.1616
G1 Z0.0000 F8000.0
G0 X113.2909 Y-278.7116 F15000.0
G1 Z11.9000 F8000.0
G1 X113.1655 Y-278.2459 F12000.0
G1 X113.0971 Y-278.1603
G1 X112.9021 Y-278.0607
G1 X112.8544 Y-277.9672
G1 X112.8647 Y-277.4565
G1 X113.1095 Y-278.0831
G1 X113.2238 Y-278.1122
G1 X114.7684 Y-278.1041
G1 X114.8764 Y-278.0673
G1 X114.9553 Y-277.9821
G1 X115.2517 Y-277.4605
G1 X115.2808 Y-277.4740
G1 X115.2900 Y-277.8228
G1 X115.2393 Y-278.0402
G1 X114.9528 Y-278.1450
G1 X114.9373 Y-280.1598
G1 X114.9106 Y-280.2701
G1 X114.8346 Y-280.3370
G1 X113.8115 Y-280.3605
G1 X113.5949 Y-280.3022
G1 X113.5518 Y-280.2058
G1 X113.4743 Y-279.4600
G1 X113.3202 Y-278.7835
G1 X113.3409 Y-278.8116
G1 Z0.0000 F8000.0
G0 X116.1909 Y-279.2116 F15000.0
G1 Z11.9000 F8000.0
G1 X116.2615 Y-278.1972 F12000.0
G1 X116.3311 Y-278.1339
G1 X117.2193 Y-278.1127
G1 X117.6580 Y-278.2063
G1 X117.7790 Y-278.3727
G1 X117.8375 Y-278.6039
G1 X117.6290 Y-279.3604
G1 X117.6021 Y-279.1482
G1 X117.5418 Y-279.2827
G1 X116.2544 Y-279.2687
G1 X116.1923 Y-279.4281
G1 X116.1916 Y-280.0746
G1 X116.2405 Y-280.2978
G1 X116.4540 Y-280.3603
G1 X116.9726 Y-280.3596
G1 X117.5176 Y-280.2561
G1 X117.6811 Y-280.0116
G1 X117.6935 Y-279.5912
G1 X117.7332 Y-279.5856
G1 X118.5489 Y-280.1710
G1 X118.7241 Y-280.2372
G1 X119.3854 Y-278.5137
G1 X119.5909 Y-278.3616
G1 Z0.0000 F8000.0
G0 X118.8909 Y-277.1116 F15000.0
G1 Z11.9000 F8000.0
G1 X119.1387 Y-277.1378 F12000.0
G1 X119.2384 Y-277.1969
G1 X119.4096 Y-277.4654
G1 X119.5269 Y-277.7917 F12000.0
G1 X119.6083 Y-278.2700
G1 X119.7865 Y-278.4858
G1 X119.8838 Y-278.6823
G1 X120.4909 Y-280.3616
G1 Z0.0000 F8000.0
G0 X121.2409 Y-278.0616 F15000.0
G1 Z11.9000 F8000.0
G1 X121.4808 Y-278.3786 F12000.0
G1 X121.2879 Y-278.0766
G1 X120.9909 Y-277.9616
G1 Z0.0000 F8000.0
G0 X123.1409 Y-277.9616 F15000.0
G1 Z11.9000 F8000.0
G1 X122.8752 Y-278.1758 F12000.0
G1 X122.3697 Y-278.8854
G1 X121.8474 Y-278.8977
G1 X121.9239 Y-278.9631
G1 X121.6095 Y-278.5380
G1 X121.8236 Y-278.8429
G1 X122.0087 Y-278.9961
G1 X122.2751 Y-278.9992
G1 X122.0862 Y-279.1141
G1 X122.1061 Y-279.3156
G1 X122.1643 Y-279.4163
G1 X122.1520 Y-279.2663
G1 X122.1448 Y-279.4647
G1 X122.2270 Y-279.5420
G1 X122.0271 Y-279.5507
G1 X121.8293 Y-279.6804
G1 X121.4321 Y-280.2752
G1 X121.6182 Y-279.9607
G1 X121.8844 Y-279.6377
G1 X122.1037 Y-279.6355
G1 X122.4172 Y-279.7114
G1 X122.6724 Y-280.0317
G1 X122.4062 Y-279.6701
G1 X122.8734 Y-280.3350
G1 X123.1409 Y-280.4616
G1 Z0.0000 F8000.0
G0 X125.2394 Y-278.1616 F15000.0
G1 Z11.9000 F8000.0
G1 X125.2563 Y-280.2318 F12000.0
G1 X125.3106 Y-280.3195
G1 X125.4130 Y-280.3550
G1 X126.5781 Y-280.3602
G1 X126.7909 Y-280.2967
G1 X126.8388 Y-280.0728
G1 X126.8554 Y-278.2684
G1 X126.9087 Y-278.1894
G1 X127.0114 Y-278.1578
G1 X127.7864 Y-278.1222
G1 X128.0196 Y-278.1727
G1 X128.1328 Y-278.3697
G1 X128.1874 Y-278.7371
G1 X128.2209 Y-280.2730
G1 X128.2986 Y-280.3381
G1 X128.4147 Y-280.3590
G1 X129.6930 Y-280.3331
G1 X129.7629 Y-280.2601
G1 X129.7863 Y-280.1465
G1 X129.7894 Y-278.1616
G1 Z0.0000 F8000.0
G0 X130.8394 Y-279.7616 F15000.0
G1 Z11.9000 F8000.0
G1 X130.9507 Y-279.9673 F12000.0
G1 X131.1192 Y-280.1530
G1 X131.0664 Y-280.1237
G1 X131.2624 Y-280.2720
G1 X131.1685 Y-280.2080
G1 X130.9024 Y-279.8265
G1 X130.8055 Y-279.6027
G1 X130.8067 Y-278.8354
G1 X130.8818 Y-278.5983
G1 X131.0233 Y-278.3953
G1 X131.3201 Y-278.1542
G1 X131.6741 Y-278.0636
G1 X132.0529 Y-278.0921
G1 X132.4383 Y-278.2802
G1 X132.6360 Y-278.5832
G1 X132.7321 Y-279.0634
G1 X132.7014 Y-279.5647
G1 X132.5357 Y-280.0091
G1 X132.3343 Y-280.2367
G1 X132.1548 Y-280.3287
G1 X131.7978 Y-280.3807
G1 X131.3394 Y-280.3616
G1 Z0.0000 F8000.0
G0 X130.8394 Y-278.6616 F15000.0
G1 Z11.9000 F8000.0
G1 X131.0236 Y-278.3483 F12000.0
G1 X131.3139 Y-278.1522
G1 X131.5554 Y-278.1129
G1 X132.0726 Y-278.1170
G1 X132.2951 Y-278.1821
G1 X132.3894 Y-278.2616
G1 Z0.0000 F8000.0
G0 X133.7894 Y-280.0616 F15000.0
G1 Z11.9000 F8000.0
G1 X133.6027 Y-279.4890 F12000.0
G1 X133.5899 Y-279.1047
G1 X133.6441 Y-278.7372
G1 X133.8327 Y-278.3477
G1 X133.9787 Y-278.2087
G1 X134.2954 Y-278.0778
G1 X134.7996 Y-278.0836
G1 X135.1187 Y-278.2510
G1 X135.3579 Y-278.6191
G1 X135.1894 Y-278.3116
G1 Z0.0000 F8000.0
G0 X135.2894 Y-279.9116 F15000.0
G1 Z11.9000 F8000.0
G1 X135.1513 Y-280.1752 F12000.0
G1 X134.8868 Y-280.3448
G1 X134.5273 Y-280.3800
G1 X134.2876 Y-280.3551
G1 X134.0578 Y-280.2719
G1 X133.8946 Y-280.1462
G1 X134.1096 Y-280.3092
G1 Z0.0000 F8000.0
G0 X136.2894 Y-280.3116 F15000.0
G1 Z11.9000 F8000.0
G1 X136.3084 Y-279.3103 F12000.0
G1 X136.3665 Y-279.2694
G1 X136.6795 Y-279.2616
G1 X136.3615 Y-279.2203
G1 X136.3066 Y-279.1331
G1 X136.2894 Y-278.1616
G1 Z0.0000 F8000.0
G0 X137.8894 Y-277.9116 F15000.0
G1 Z11.9000 F8000.0
G1 X137.6809 Y-278.0361 F12000.0
G1 X137.5078 Y-278.2105
G1 X136.8502 Y-279.2803
G1 X136.9870 Y-279.4318
G1 X137.0161 Y-279.2892
G1 X136.9736 Y-279.0947
G1 X136.9261 Y-279.2110
G1 X136.9867 Y-279.4517
G1 X137.2944 Y-280.1074
G1 X137.4585 Y-280.2602
G1 X137.6966 Y-280.2841
G1 X138.6628 Y-280.1693
G1 X138.4262 Y-279.8421
G1 X138.5863 Y-280.0902
G1 X138.8233 Y-280.2736
G1 Z0.0000 F8000.0
G0 X138.5978 Y-280.0959 F15000.0
G1 Z11.9000 F8000.0
G1 X138.3906 Y-279.7173 F12000.0
G1 X138.3414 Y-279.4758
G1 X138.3417 Y-278.9574
G1 X138.3909 Y-278.7135
G1 X138.4916 Y-278.4876
G1 X138.8723 Y-278.1529
G1 X139.2268 Y-278.0636
G1 X139.6035 Y-278.0933
G1 X140.0237 Y-278.3741
G1 X140.1806 Y-278.5609
G1 X140.2778 Y-279.0401
G1 X140.2874 Y-279.2945
G1 X140.1927 Y-279.7753
G1 X140.0480 Y-280.0806
G1 X139.8277 Y-280.2682
G1 X139.6086 Y-280.3497
G1 X138.8894 Y-280.3616
G1 Z0.0000 F8000.0
G0 X138.3894 Y-278.6616 F15000.0
G1 Z11.9000 F8000.0
G1 X138.4952 Y-278.4494 F12000.0
G1 X138.6655 Y-278.2555
G1 X138.9790 Y-278.1325
G1 X139.7497 Y-278.1958
G1 X139.9889 Y-278.2955
G1 X139.7844 Y-278.1514
G1 X140.0394 Y-278.3616
G1 Z0.0000 F8000.0
G0 X142.7894 Y-278.4116 F15000.0
G1 Z11.9000 F8000.0
G1 X142.9079 Y-278.6190 F12000.0
G1 X142.7534 Y-278.3455
G1 X142.4650 Y-278.1182
G1 X141.9695 Y-278.0648
G1 X141.7345 Y-278.1417
G1 X141.4199 Y-278.3691
G1 X141.2666 Y-278.5541
G1 X141.1551 Y-278.8969
G1 X141.1414 Y-279.4095
G1 X141.3169 Y-279.9867
G1 X141.5305 Y-280.2254
G1 X141.7534 Y-280.3445
G1 X142.1163 Y-280.3836
G1 X142.4756 Y-280.3431
G1 X142.6923 Y-280.1814
G1 X142.8394 Y-279.9116
G1 Z0.0000 F8000.0
G0 X141.3394 Y-278.4116 F15000.0
G1 Z11.9000 F8000.0
G1 X141.4728 Y-278.2486 F12000.0
G1 X141.6894 Y-278.1116
G1 Z0.0000 F8000.0
G0 X144.4394 Y-278.1616 F15000.0
G1 Z11.9000 F8000.0
G1 X144.4224 Y-280.2318 F12000.0
G1 X144.3681 Y-280.3195
G1 X144.2657 Y-280.3550
G1 X143.6860 Y-280.3597
G1 X144.2073 Y-280.3261
G1 X145.2225 Y-280.3446
G1 X146.0347 Y-279.9752
G1 X146.1310 Y-279.9745
G1 X146.5065 Y-280.2776
G1 X146.3258 Y-280.1618
G1 X146.4060 Y-280.2078
G1 X146.1108 Y-279.8558
G1 X146.0420 Y-279.3248
G1 X147.8617 Y-279.3469
G1 X147.8753 Y-279.4986
G1 X147.7911 Y-279.8509
G1 X147.6436 Y-280.1269
G1 X147.5463 Y-280.2168
G1 X147.2250 Y-280.3580
G1 X146.5894 Y-280.3616
G1 Z0.0000 F8000.0
G0 X145.9894 Y-279.2616 F15000.0
G1 Z11.9000 F8000.0
G1 X146.0402 Y-278.7627 F12000.0
G1 X146.1786 Y-278.4311
G1 X146.3369 Y-278.2482
G1 X146.7382 Y-278.0776
G1 X147.2451 Y-278.0771
G1 X147.5459 Y-278.1942
G1 X147.8591 Y-278.5121
G1 X147.6394 Y-278.2116
G1 Z0.0000 F8000.0
G0 X149.5366 Y-278.8413 F15000.0
G1 Z11.9000 F8000.0
G1 X149.2699 Y-278.5457 F12000.0
G1 X149.0745 Y-278.4664
G1 X149.3018 Y-278.5715
G1 X149.0712 Y-278.5113
G1 X148.9852 Y-278.5370
G1 X148.9399 Y-278.7519
G1 X148.9394 Y-280.3116
G1 Z0.0000 F8000.0
G0 X150.0946 Y-279.7257 F15000.0
G1 Z11.9000 F8000.0
G1 X150.4782 Y-279.9448 F12000.0
G1 X150.5662 Y-279.9317
G1 X150.6371 Y-279.7306
G1 X150.6394 Y-278.1616
G1 Z0.0000 F8000.0
G0 X148.9394 Y-278.2116 F15000.0
G1 Z11.9000 F8000.0
G1 X149.4618 Y-278.7177 F12000.0
G1 X150.0612 Y-279.6795
G1 X150.2982 Y-279.8747
G1 X150.2333 Y-279.8704
G1 X150.5085 Y-280.0174
G1 X150.5589 Y-280.1131
G1 X150.5004 Y-280.3366
G1 X150.0805 Y-280.9601
G1 X150.0781 Y-281.0246
G1 X150.2720 Y-281.2302
G1 X150.0578 Y-281.0469
G1 X149.6226 Y-281.0288
G1 X149.4140 Y-281.1477
G1 X149.2894 Y-281.3616
G1 Z0.0000 F8000.0
G0 X150.0394 Y-279.6616 F15000.0
G1 Z11.9000 F8000.0
G1 X149.9894 Y-279.5616 F12000.0
G1 Z0.0000 F8000.0
G0 X152.9409 Y-278.1616 F15000.0
G1 Z11.9000 F8000.0
G1 X152.9579 Y-280.2318 F12000.0
G1 X153.0122 Y-280.3195
G1 X153.1146 Y-280.3550
G1 X154.2796 Y-280.3602
G1 X154.4925 Y-280.2967
G1 X154.5403 Y-280.0728
G1 X154.5409 Y-278.1616
G1 Z0.0000 F8000.0
G0 X156.1409 Y-280.2616 F15000.0
G1 Z11.9000 F8000.0
G1 X155.7918 Y-280.1098 F12000.0
G1 Z0.0000 F8000.0
G0 X156.1459 Y-280.2592 F15000.0
G1 Z11.9000 F8000.0
G1 X155.7360 Y-280.1462 F12000.0
G1 X156.4308 Y-280.3953
G1 X156.6807 Y-280.4096
G1 X156.9724 Y-280.3313
G1 X157.2585 Y-280.0665
G1 X157.4249 Y-279.6972
G1 X157.4806 Y-279.2071
G1 X157.4181 Y-278.7080
G1 X157.2064 Y-278.3096
G1 X157.3571 Y-278.5621
G1 X157.2909 Y-278.4616
G1 X157.0409 Y-278.2116
G1 X156.7523 Y-278.0772
G1 X156.5012 Y-278.0674
G1 X156.2145 Y-278.1303
G1 X156.2409 Y-278.1116
G1 Z0.0000 F8000.0
G0 X155.6909 Y-277.1616 F15000.0
G1 Z11.9000 F8000.0
G1 X155.7097 Y-278.1889 F12000.0
G1 X155.7655 Y-278.2609
G1 X156.0492 Y-278.1950
G1 X155.7384 Y-278.2987
G1 X155.6979 Y-278.3898
G1 X155.6409 Y-279.0116
G1 X155.6909 Y-280.1116
G1 Z0.0000 F8000.0
G0 X158.3909 Y-279.7616 F15000.0
G1 Z11.9000 F8000.0
G1 X158.5022 Y-279.9673 F12000.0
G1 X158.6707 Y-280.1530
G1 X158.6179 Y-280.1237
G1 X158.8139 Y-280.2720
G1 X158.7195 Y-280.2085
G1 X158.4399 Y-279.8418
G1 X158.3562 Y-279.6147
G1 X158.3576 Y-278.8471
G1 X158.4293 Y-278.6088
G1 X158.5663 Y-278.4033
G1 X158.8620 Y-278.1598
G1 X159.2139 Y-278.0636
G1 X159.5944 Y-278.0874
G1 X159.9897 Y-278.2780
G1 X160.2257 Y-278.6857
G1 X160.2897 Y-279.1792
G1 X160.2274 Y-279.6723
G1 X160.0954 Y-280.0033
G1 X159.8902 Y-280.2324
G1 X159.7156 Y-280.3228
G1 X159.3588 Y-280.3790
G1 X158.8909 Y-280.3616
G1 Z0.0000 F8000.0
G0 X158.3909 Y-278.6616 F15000.0
G1 Z11.9000 F8000.0
G1 X158.5751 Y-278.3483 F12000.0
G1 X158.8655 Y-278.1522
G1 X159.1069 Y-278.1129
G1 X159.6242 Y-278.1170
G1 X159.8467 Y-278.1821
G1 X159.9409 Y-278.2616
G1 Z0.0000 F8000.0
G0 X161.4409 Y-280.1116 F15000.0
G1 Z11.9000 F8000.0
G1 X161.3330 Y-279.9807 F12000.0
G1 X161.5215 Y-280.1821
G1 X161.6665 Y-280.2720
G1 X161.3972 Y-280.0688
G1 X161.5708 Y-280.2155
G1 X161.3759 Y-280.0170
G1 X161.2452 Y-279.8068
G1 X161.1924 Y-279.3103
G1 X163.0079 Y-279.3645
G1 X162.9741 Y-279.7899
G1 X162.7330 Y-280.1904
G1 X162.4452 Y-280.3448
G1 X162.0839 Y-280.3811
G1 X161.7409 Y-280.3616
G1 Z0.0000 F8000.0
G0 X161.1409 Y-279.2616 F15000.0
G1 Z11.9000 F8000.0
G1 X161.1568 Y-278.8782 F12000.0
G1 X161.3302 Y-278.4311
G1 X161.4885 Y-278.2482
G1 X161.7747 Y-278.1136
G1 X162.1431 Y-278.0616
G1 X162.5129 Y-278.1104
G1 X162.7276 Y-278.2198
G1 X163.0228 Y-278.5121
G1 X162.7195 Y-278.1771
G1 X163.9384 Y-278.1661
G1 X164.0363 Y-278.1982
G1 X164.0807 Y-278.2838
G1 X164.1189 Y-279.1638
G1 X164.1910 Y-279.2346
G1 X164.4951 Y-279.2616
G1 X164.1441 Y-279.2681
G1 X164.1015 Y-279.3326
G1 X164.1075 Y-280.2056
G1 X164.1617 Y-280.2814
G1 X164.2650 Y-280.3081
G1 X165.3547 Y-280.3088
G1 X165.1508 Y-280.1595
G1 X164.8818 Y-279.6299
G1 X164.6457 Y-279.2909
G1 X164.7531 Y-279.0770
G1 X165.0915 Y-278.6379
G1 X165.3756 Y-278.1373
G1 X165.6909 Y-277.9116
G1 Z0.0000 F8000.0
G0 X166.2909 Y-280.3116 F15000.0
G1 Z11.9000 F8000.0
G1 X166.2913 Y-278.3620 F12000.0
G1 X166.3397 Y-278.1504
G1 X166.5609 Y-278.1116
G1 X168.1131 Y-278.0967
G1 X168.2128 Y-278.0544
G1 X168.2703 Y-277.9740
G1 X168.2687 Y-277.4487
G1 X167.9513 Y-278.2199
G1 X167.9409 Y-280.0377
G1 X167.9786 Y-280.2600
G1 X168.0661 Y-280.3025
G1 X168.9656 Y-280.3102
G1 X169.1594 Y-280.2441
G1 X169.1925 Y-278.7162
G1 X169.2559 Y-278.5229
G1 X169.3479 Y-278.5248
G1 X169.7090 Y-278.7065
G1 X170.3015 Y-279.6800
G1 X170.5142 Y-279.8579
G1 X170.4638 Y-279.8517
G1 X170.7225 Y-279.9543
G1 X170.8152 Y-279.9352
G1 X170.8886 Y-279.7325
G1 X170.8909 Y-278.1616
G1 Z0.0000 F8000.0
G0 X169.2409 Y-278.4616 F15000.0
G1 Z11.9000 F8000.0
G1 X169.2356 Y-278.2811 F12000.0
G1 X169.8550 Y-278.9147
G1 X169.5520 Y-278.5638
G1 X169.3169 Y-278.4519
G1 X169.6634 Y-278.6584
G1 X170.3029 Y-279.6410
G1 X170.9114 Y-280.1893
G1 X171.7883 Y-280.2917
G1 X171.8985 Y-280.2819
G1 X171.9659 Y-280.2254
G1 X171.9881 Y-280.1196
G1 X172.0116 Y-278.5794
G1 X172.0694 Y-278.5164
G1 X172.2808 Y-278.5816
G1 X172.5227 Y-278.7237
G1 Z0.0000 F8000.0
G0 X173.1056 Y-279.6914 F15000.0
G1 Z11.9000 F8000.0
G1 X173.3227 Y-279.8646 F12000.0
G1 X173.2660 Y-279.8491
G1 X173.5411 Y-279.9569
G1 X173.6280 Y-279.9246
G1 X173.6893 Y-279.7099
G1 X173.6909 Y-278.1616
G1 Z0.0000 F8000.0
G0 X173.0909 Y-279.6616 F15000.0
G1 Z11.9000 F8000.0
G1 X172.4813 Y-278.6751 F12000.0
G1 X172.1235 Y-278.4623
G1 X172.3046 Y-278.5230
G1 X172.0631 Y-278.2898
G1 X172.0409 Y-278.4616
G1 Z0.0000 F8000.0
G0 X173.0909 Y-281.0116 F15000.0
G1 Z11.9000 F8000.0
G1 X173.3355 Y-281.2422 F12000.0
G1 X173.1005 Y-281.0474
G1 X172.7606 Y-281.0163
G1 X172.5312 Y-281.0901
G1 X172.3710 Y-281.2636
G1 X172.3409 Y-281.3616
G1 Z0.0000 F8000.0
G0 X173.6409 Y-280.2116 F15000.0
G1 Z11.9000 F8000.0
G1 X173.5474 Y-280.0021 F12000.0
G1 X173.3909 Y-279.9116
G1 Z0.0000 F8000.0
G0 X66.4176 Y-271.2928 F15000.0
G1 Z11.9000 F8000.0
G1 X66.3891 Y-273.3464 F12000.0
G1 X66.3161 Y-273.4163
G1 X66.2025 Y-273.4398
G1 X64.8176 Y-273.4428
G1 X64.7676 Y-273.3428
G1 X64.7676 Y-271.2428
G1 Z0.0000 F8000.0
G0 X67.5176 Y-273.0428 F15000.0
G1 Z11.9000 F8000.0
G1 X67.7581 Y-273.3180 F12000.0
G1 X67.8244 Y-273.3558
G1 X67.6493 Y-273.1985
G1 X67.9775 Y-273.4102
G1 X67.9139 Y-273.3963
G1 X67.9466 Y-273.4138
G1 X67.5447 Y-273.0484
G1 X67.4192 Y-272.8427
G1 X67.3436 Y-272.6141
G1 X67.3319 Y-272.1108
G1 X67.4259 Y-271.7599
G1 X67.5644 Y-271.5605
G1 X67.8567 Y-271.3097
G1 X68.1911 Y-271.1712
G1 X68.5250 Y-271.1853
G1 X68.7602 Y-271.2521
G1 X68.7095 Y-271.2361
G1 X68.9794 Y-271.3810
G1 X69.1615 Y-271.6421
G1 X69.2613 Y-271.9908
G1 X69.2990 Y-272.3536
G1 X69.2153 Y-272.8351
G1 X69.0327 Y-273.1878
G1 X68.8492 Y-273.3458
G1 X68.5166 Y-273.4775
G1 X68.0676 Y-273.4928
G1 Z0.0000 F8000.0
G0 X67.5176 Y-271.5928 F15000.0
G1 Z11.9000 F8000.0
G1 X67.6722 Y-271.4062 F12000.0
G1 X67.9176 Y-271.2428
G1 Z0.0000 F8000.0
G0 X70.8676 Y-271.1928 F15000.0
G1 Z11.9000 F8000.0
G1 X71.1084 Y-271.1570 F12000.0
G1 X71.3872 Y-271.2204
G1 X70.9648 Y-271.2100
G1 X70.7263 Y-271.2523
G1 X70.5148 Y-271.3636
G1 X70.3572 Y-271.5312
G1 X70.2232 Y-271.8145
G1 X70.1732 Y-272.0538
G1 X70.1805 Y-272.5664
G1 X70.2751 Y-272.9287
G1 X70.5025 Y-273.2372
G1 X70.4322 Y-273.1960
G1 X70.4702 Y-273.1924
G1 X70.2589 Y-272.8641
G1 X70.6913 Y-273.3780
G1 X70.8002 Y-273.4253
G1 X71.3324 Y-273.4646
G1 X70.9619 Y-273.4894
G1 X71.3885 Y-273.4345
G1 X71.7372 Y-273.2028
G1 X71.5443 Y-273.3995
G1 X71.7176 Y-273.2928
G1 X71.8176 Y-273.1428
G1 X71.9081 Y-273.2350
G1 X72.5204 Y-273.4297
G1 X73.1676 Y-273.4425
G1 X73.3617 Y-273.4007
G1 X73.3676 Y-271.2428
G1 Z0.0000 F8000.0
G0 X70.5676 Y-273.2928 F15000.0
G1 Z11.9000 F8000.0
G1 X70.5676 Y-273.3428 F12000.0
G1 Z0.0000 F8000.0
G0 X71.9676 Y-271.7928 F15000.0
G1 Z11.9000 F8000.0
G1 X71.7550 Y-271.4949 F12000.0
G1 X71.4416 Y-271.2402
G1 X71.7154 Y-271.4181
G1 Z0.0000 F8000.0
G0 X73.3676 Y-273.4428 F15000.0
G1 Z11.9000 F8000.0
G1 X75.5795 Y-273.4220 F12000.0
G1 X75.4786 Y-273.3397
G1 X75.1662 Y-273.2709
G1 X75.1029 Y-273.3334
G1 X76.1138 Y-273.4908
G1 X76.3492 Y-273.4315
G1 X76.6692 Y-273.1694
G1 X76.8088 Y-272.8100
G1 X76.8659 Y-272.4436
G1 X76.8540 Y-272.0600
G1 X76.7637 Y-271.7076
G1 X76.6161 Y-271.5154
G1 X76.2877 Y-271.2368
G1 X76.5666 Y-271.4257
G1 X76.4485 Y-271.3042
G1 X76.0954 Y-271.1902
G1 X75.7468 Y-271.2068
G1 X75.1286 Y-271.4115
G1 X75.0710 Y-271.2197
G1 X75.0676 Y-270.2428
G1 Z0.0000 F8000.0
G0 X75.1176 Y-271.4928 F15000.0
G1 Z11.9000 F8000.0
G1 X75.0676 Y-271.9921 F12000.0
G1 X75.0712 Y-272.7706
G1 X75.1176 Y-273.2428
G1 Z0.0000 F8000.0
G0 X77.9176 Y-273.0428 F15000.0
G1 Z11.9000 F8000.0
G1 X77.7376 Y-272.5974 F12000.0
G1 X77.7196 Y-272.2165
G1 X77.8325 Y-271.7432
G1 X77.9461 Y-271.5303
G1 X78.2290 Y-271.2944
G1 X78.6906 Y-271.1572
G1 X78.9271 Y-271.1941
G1 X79.4077 Y-271.4333
G1 X79.0712 Y-271.2248
G1 X79.1880 Y-271.2635
G1 X79.0933 Y-271.2259
G1 X79.4240 Y-271.4688
G1 X79.5658 Y-271.6659
G1 X79.6487 Y-271.8914
G1 X79.7016 Y-272.3779
G1 X79.6487 Y-272.7443
G1 X79.5617 Y-272.9654
G1 X79.3723 Y-273.2602
G1 X79.0115 Y-273.4541
G1 X78.5139 Y-273.4840
G1 X78.2176 Y-273.3715
G1 X77.9676 Y-273.1428
G1 Z0.0000 F8000.0
G0 X80.6676 Y-273.3928 F15000.0
G1 Z11.9000 F8000.0
G1 X80.6696 Y-271.8336 F12000.0
G1 X80.7374 Y-271.6230
G1 X80.8260 Y-271.5903
G1 X80.9336 Y-271.6005
G1 X80.8972 Y-271.5825
G1 X81.2346 Y-271.8363
G1 Z0.0000 F8000.0
G0 X80.7176 Y-271.3428 F15000.0
G1 Z11.9000 F8000.0
G1 X80.8225 Y-271.5440 F12000.0
G1 X81.1329 Y-271.7014
G1 X81.2165 Y-271.7868
G1 X81.8635 Y-272.8172
G1 X82.1208 Y-272.9942
G1 X81.8717 Y-272.8561
G1 Z0.0000 F8000.0
G0 X82.3676 Y-271.2928 F15000.0
G1 Z11.9000 F8000.0
G1 X82.3642 Y-272.8514 F12000.0
G1 X82.3151 Y-273.1862
G1 X82.3486 Y-273.2828
G1 X82.5454 Y-273.3668
G1 X83.0609 Y-273.4249
G1 X83.8399 Y-273.4428
G1 X84.0493 Y-273.4120
G1 X84.0715 Y-273.3352
G1 X84.0676 Y-271.2428
G1 Z0.0000 F8000.0
G0 X85.7676 Y-272.3928 F15000.0
G1 Z11.9000 F8000.0
G1 X85.7682 Y-271.4830 F12000.0
G1 X85.8152 Y-271.2586
G1 X86.0275 Y-271.1942
G1 X86.8008 Y-271.2076
G1 X87.2276 Y-271.3421
G1 X87.3519 Y-271.4958
G1 X87.4154 Y-271.7255
G1 X87.4016 Y-271.9780
G1 X87.3076 Y-272.1902
G1 X87.1343 Y-272.3346
G1 X86.7856 Y-272.4319
G1 X85.8053 Y-272.4485
G1 X85.7726 Y-272.5283
G1 X85.7661 Y-273.1682
G1 X85.6996 Y-273.3655
G1 X85.0820 Y-273.4329
G1 X84.0676 Y-273.4428
G1 Z0.0000 F8000.0
G0 X89.5176 Y-271.1928 F15000.0
G1 Z11.9000 F8000.0
G1 X89.8568 Y-271.3089 F12000.0
G1 X89.9622 Y-271.5122
G1 X90.0164 Y-272.0098
G1 X90.0257 Y-273.2989
G1 X90.0712 Y-273.3988
G1 X91.3225 Y-273.4345
G1 X91.5489 Y-273.3970
G1 X91.6160 Y-273.1879
G1 X91.6374 Y-271.3938
G1 X91.6960 Y-271.3381
G1 X92.9333 Y-271.6115
G1 X93.1554 Y-271.7124
G1 X93.8818 Y-272.8384
G1 X94.1277 Y-273.0114
G1 X93.8552 Y-272.8352
G1 Z0.0000 F8000.0
G0 X93.2329 Y-271.8334 F15000.0
G1 Z11.9000 F8000.0
G1 X92.9420 Y-271.6036 F12000.0
G1 X92.8042 Y-271.5899
G1 X92.7213 Y-271.6368
G1 X92.6688 Y-271.8615
G1 X92.6676 Y-273.3928
G1 Z0.0000 F8000.0
G0 X92.7676 Y-271.5428 F15000.0
G1 Z11.9000 F8000.0
G1 X92.7176 Y-271.3428 F12000.0
G1 Z0.0000 F8000.0
G0 X94.3676 Y-271.2928 F15000.0
G1 Z11.9000 F8000.0
G1 X94.3642 Y-272.8514 F12000.0
G1 X94.3152 Y-273.1859
G1 X94.3488 Y-273.2806
G1 X94.5465 Y-273.3515
G1 X95.3199 Y-273.3817
G1 X95.4165 Y-273.3527
G1 X95.4587 Y-273.2667
G1 X95.4839 Y-272.3988
G1 X95.5370 Y-272.3502
G1 X96.9326 Y-272.3406
G1 X97.1333 Y-272.2613
G1 X97.1676 Y-271.2928
G1 Z0.0000 F8000.0
G0 X95.4676 Y-271.2428 F15000.0
G1 Z11.9000 F8000.0
G1 X95.4676 Y-272.3428 F12000.0
G1 Z0.0000 F8000.0
G0 X97.1676 Y-272.3928 F15000.0
G1 Z11.9000 F8000.0
G1 X97.1692 Y-273.1712 F12000.0
G1 X97.2380 Y-273.3624
G1 X97.9864 Y-273.3916
G1 X98.1844 Y-273.3296
G1 X98.2176 Y-273.1028
G1 X98.2204 Y-271.8040
G1 X98.3041 Y-271.6095
G1 X98.4029 Y-271.5978
G1 X98.6959 Y-271.7133
G1 X99.3812 Y-272.8205
G1 X99.4676 Y-272.8928
G1 X99.8125 Y-273.1273
G1 X99.8567 Y-273.2542
G1 X99.9142 Y-272.8514
G1 X99.9176 Y-271.2928
G1 Z0.0000 F8000.0
G0 X98.7536 Y-271.7833 F15000.0
G1 Z11.9000 F8000.0
G1 X98.5987 Y-271.6453 F12000.0
G1 X98.3551 Y-271.5269
G1 X98.2676 Y-271.3428
G1 Z0.0000 F8000.0
G0 X101.0176 Y-273.3928 F15000.0
G1 Z11.9000 F8000.0
G1 X101.0367 Y-272.3915 F12000.0
G1 X101.2002 Y-272.3431
G1 X101.9676 Y-272.3428
G1 Z0.0000 F8000.0
G0 X101.0176 Y-272.3428 F15000.0
G1 Z11.9000 F8000.0
G1 X101.0176 Y-271.2428 F12000.0
G1 Z0.0000 F8000.0
G0 X102.6676 Y-271.1928 F15000.0
G1 Z11.9000 F8000.0
G1 X102.9084 Y-271.1570 F12000.0
G1 X103.1872 Y-271.2204
G1 X102.6430 Y-271.2227
G1 X102.3244 Y-271.3898
G1 X102.1741 Y-271.5863
G1 X102.0181 Y-272.1701
G1 X102.0201 Y-272.5205
G1 X102.1340 Y-272.9919
G1 X102.3627 Y-273.2859
G1 X102.5679 Y-273.4183
G1 X103.1359 Y-273.4568
G1 X102.7773 Y-273.4904
G1 X103.2967 Y-273.4190
G1 X103.6210 Y-273.0876
G1 X103.7518 Y-272.7626
G1 X103.8046 Y-272.2736
G1 X103.7231 Y-271.7891
G1 X103.6232 Y-271.5723
G1 X103.2497 Y-271.2456
G1 X103.5131 Y-271.4093
G1 Z0.0000 F8000.0
G0 X106.3176 Y-273.4428 F15000.0
G1 Z11.9000 F8000.0
G1 X107.7025 Y-273.4398 F12000.0
G1 X107.8161 Y-273.4163
G1 X107.8891 Y-273.3464
G1 X107.9176 Y-271.2928
G1 Z0.0000 F8000.0
G0 X106.2676 Y-271.2428 F15000.0
G1 Z11.9000 F8000.0
G1 X106.2676 Y-273.3428 F12000.0
G1 Z0.0000 F8000.0
G0 X109.5676 Y-273.4928 F15000.0
G1 Z11.9000 F8000.0
G1 X110.0810 Y-273.4768 F12000.0
G1 X110.3991 Y-273.3047
G1 X110.6850 Y-272.9064
G1 X110.7325 Y-272.5530
G1 X110.6916 Y-272.4624
G1 X110.4760 Y-272.3948
G1 X109.1769 Y-272.3928
G1 X108.9590 Y-272.4350
G1 X108.9181 Y-272.6494
G1 X108.9490 Y-272.8321
G1 X109.1982 Y-273.2068
G1 X109.4423 Y-273.4063
G1 X109.4115 Y-273.3961
G1 X109.4790 Y-273.4127
G1 X109.1459 Y-273.2098
G1 X109.1940 Y-273.2324
G1 X108.9810 Y-272.9558
G1 X108.8691 Y-272.4833
G1 X108.8696 Y-272.0947
G1 X108.9192 Y-271.8553
G1 X109.1166 Y-271.4725
G1 X109.2651 Y-271.3410
G1 X109.4702 Y-271.2448
G1 X109.8230 Y-271.1588
G1 X110.0605 Y-271.1850
G1 X110.3382 Y-271.2794
G1 X110.6091 Y-271.5292
G1 Z0.0000 F8000.0
G0 X110.3582 Y-271.2793 F15000.0
G1 Z11.9000 F8000.0
G1 X110.5065 Y-271.3901 F12000.0
G1 X110.4176 Y-271.2928
G1 Z0.0000 F8000.0
G0 X109.2676 Y-273.2928 F15000.0
G1 Z11.9000 F8000.0
G1 X109.2676 Y-273.3428 F12000.0
G1 Z0.0000 F8000.0
G0 X112.3676 Y-273.4428 F15000.0
G1 Z11.9000 F8000.0
G1 X111.9361 Y-273.2660 F12000.0
G1 X111.8573 Y-273.2705
G1 X111.8073 Y-273.3281
G1 X112.5905 Y-273.4800
G1 X112.8437 Y-273.4890
G1 X113.0746 Y-273.4196
G1 X113.3287 Y-273.2099
G1 X113.4902 Y-272.9006
G1 X113.5434 Y-272.6636
G1 X113.5534 Y-272.0295
G1 X113.3912 Y-271.5767
G1 X113.2409 Y-271.3825
G1 X113.0435 Y-271.2461
G1 X112.8113 Y-271.1828
G1 X112.5812 Y-271.1828
G1 X111.8345 Y-271.4187
G1 X111.7737 Y-271.2346
G1 X111.7676 Y-270.2428
G1 Z0.0000 F8000.0
G0 X111.8176 Y-271.4928 F15000.0
G1 Z11.9000 F8000.0
G1 X111.7676 Y-271.9921 F12000.0
G1 X111.7712 Y-272.7706
G1 X111.8176 Y-273.2428
G1 Z0.0000 F8000.0
G0 X115.1676 Y-273.4928 F15000.0
G1 Z11.9000 F8000.0
G1 X115.6810 Y-273.4768 F12000.0
G1 X115.9991 Y-273.3047
G1 X116.2850 Y-272.9064
G1 X116.3325 Y-272.5530
G1 X116.2916 Y-272.4624
G1 X116.0760 Y-272.3948
G1 X114.7769 Y-272.3928
G1 X114.5590 Y-272.4350
G1 X114.5211 Y-272.7550
G1 X114.5868 Y-273.0014
G1 X114.5607 Y-272.8671
G1 X114.7934 Y-273.2010
G1 X115.0455 Y-273.4049
G1 X115.0145 Y-273.3951
G1 X115.0822 Y-273.4129
G1 X114.7484 Y-273.2119
G1 X114.7916 Y-273.2310
G1 X114.4900 Y-272.6834
G1 X114.4685 Y-272.1713
G1 X114.5254 Y-271.8048
G1 X114.6252 Y-271.5896
G1 X114.8029 Y-271.3824
G1 X115.0053 Y-271.2714
G1 X115.3506 Y-271.1679
G1 X115.5904 Y-271.1699
G1 X115.8985 Y-271.2705
G1 X116.1961 Y-271.5209
G1 X116.0296 Y-271.3350
G1 X115.8676 Y-271.2428
G1 X116.0176 Y-271.2928
G1 X116.0676 Y-271.3928
G1 Z0.0000 F8000.0
G0 X114.8676 Y-273.2928 F15000.0
G1 Z11.9000 F8000.0
G1 X114.8676 Y-273.3428 F12000.0
G1 Z0.0000 F8000.0
G0 X117.9676 Y-271.1928 F15000.0
G1 Z11.9000 F8000.0
G1 X118.3289 Y-271.1653 F12000.0
G1 X118.6266 Y-271.2595
G1 X118.5476 Y-271.2242
G1 X118.1245 Y-271.2082
G1 X117.8817 Y-271.2360
G1 X117.6650 Y-271.3367
G1 X117.4305 Y-271.5611
G1 X117.2696 Y-272.1199
G1 X117.2826 Y-272.6328
G1 X117.3930 Y-272.9754
G1 X117.5579 Y-273.2063
G1 X117.8636 Y-273.4157
G1 X118.4335 Y-273.4568
G1 X118.0797 Y-273.4905
G1 Z0.0000 F8000.0
G0 X118.4535 Y-273.4523 F15000.0
G1 Z11.9000 F8000.0
G1 X118.8359 Y-273.2093 F12000.0
G1 X118.6419 Y-273.3930
G1 X118.8176 Y-273.2928
G1 X118.8676 Y-273.1928
G1 X118.9176 Y-273.1428
G1 Z0.0000 F8000.0
G0 X119.0676 Y-271.7928 F15000.0
G1 Z11.9000 F8000.0
G1 X118.8550 Y-271.4949 F12000.0
G1 X118.5416 Y-271.2402
G1 X118.8676 Y-271.4428
G1 Z0.0000 F8000.0
G0 X120.4676 Y-273.4928 F15000.0
G1 Z11.9000 F8000.0
G1 X120.9810 Y-273.4768 F12000.0
G1 X121.2991 Y-273.3047
G1 X121.5850 Y-272.9064
G1 X121.6325 Y-272.5530
G1 X121.5916 Y-272.4624
G1 X121.3760 Y-272.3948
G1 X120.0769 Y-272.3928
G1 X119.8590 Y-272.4350
G1 X119.8219 Y-272.7547
G1 X119.8794 Y-272.9339
G1 X119.9776 Y-273.1082
G1 X120.3179 Y-273.3927
G1 X120.2900 Y-273.3769
G1 X120.3867 Y-273.4103
G1 X119.9542 Y-273.0964
G1 X119.8650 Y-272.8709
G1 X120.1498 Y-273.2910
G1 X119.7826 Y-272.6365
G1 X119.7696 Y-272.1219
G1 X119.8546 Y-271.7671
G1 X120.0995 Y-271.3787
G1 X120.3442 Y-271.2475
G1 X120.6960 Y-271.1593
G1 X121.0535 Y-271.2068
G1 X121.2358 Y-271.2773
G1 X121.4980 Y-271.5232
G1 Z0.0000 F8000.0
G0 X121.2578 Y-271.2920 F15000.0
G1 Z11.9000 F8000.0
G1 X121.4071 Y-271.3901 F12000.0
G1 Z0.0000 F8000.0
G0 X122.5176 Y-273.3928 F15000.0
G1 Z11.9000 F8000.0
G1 X122.5336 Y-272.7494 F12000.0
G1 X122.6972 Y-272.3445
G1 X123.0037 Y-272.1713
G1 X123.2362 Y-272.1089
G1 X124.0911 Y-272.1598
G1 X124.1488 Y-272.0915
G1 X124.1668 Y-271.4647
G1 X124.1330 Y-271.3352
G1 X123.6816 Y-272.1336
G1 X123.7429 Y-272.1763
G1 X124.0493 Y-272.1829
G1 X123.7586 Y-272.1632
G1 X123.9967 Y-272.2106
G1 X124.0941 Y-272.2629
G1 X124.1486 Y-272.3585
G1 X124.1676 Y-273.3928
G1 Z0.0000 F8000.0
G0 X125.8676 Y-273.4928 F15000.0
G1 Z11.9000 F8000.0
G1 X126.3810 Y-273.4768 F12000.0
G1 X126.6991 Y-273.3047
G1 X126.9850 Y-272.9064
G1 X127.0325 Y-272.5530
G1 X126.9916 Y-272.4624
G1 X126.7760 Y-272.3948
G1 X125.4769 Y-272.3928
G1 X125.2590 Y-272.4350
G1 X125.2219 Y-272.7547
G1 X125.2794 Y-272.9339
G1 X125.3776 Y-273.1082
G1 X125.7179 Y-273.3927
G1 X125.6900 Y-273.3769
G1 X125.7867 Y-273.4103
G1 X125.3542 Y-273.0964
G1 X125.2650 Y-272.8709
G1 X125.5498 Y-273.2910
G1 X125.1826 Y-272.6365
G1 X125.1696 Y-272.1219
G1 X125.2546 Y-271.7671
G1 X125.4995 Y-271.3787
G1 X125.7442 Y-271.2475
G1 X126.0960 Y-271.1593
G1 X126.4535 Y-271.2068
G1 X126.6358 Y-271.2773
G1 X126.8980 Y-271.5232
G1 Z0.0000 F8000.0
G0 X126.6578 Y-271.2920 F15000.0
G1 Z11.9000 F8000.0
G1 X126.8071 Y-271.3901 F12000.0
G1 Z0.0000 F8000.0
G0 X128.0676 Y-273.3928 F15000.0
G1 Z11.9000 F8000.0
G1 X128.0867 Y-272.3915 F12000.0
G1 X128.2502 Y-272.3431
G1 X129.6607 Y-272.3184
G1 X129.7370 Y-272.2518
G1 X129.7640 Y-272.1418
G1 X129.7676 Y-271.2928
G1 Z0.0000 F8000.0
G0 X128.0676 Y-271.2428 F15000.0
G1 Z11.9000 F8000.0
G1 X128.0676 Y-272.3428 F12000.0
G1 Z0.0000 F8000.0
G0 X129.7676 Y-272.3928 F15000.0
G1 Z11.9000 F8000.0
G1 X129.7692 Y-273.1712 F12000.0
G1 X129.8380 Y-273.3624
G1 X130.5864 Y-273.3916
G1 X130.7844 Y-273.3296
G1 X130.8176 Y-273.1028
G1 X130.8204 Y-271.8040
G1 X130.9041 Y-271.6095
G1 X131.0029 Y-271.5978
G1 X131.2960 Y-271.7132
G1 X131.5600 Y-272.0825
G1 Z0.0000 F8000.0
G0 X131.9845 Y-272.8152 F15000.0
G1 Z11.9000 F8000.0
G1 X131.3337 Y-271.7333 F12000.0
G1 X131.0037 Y-271.5541
G1 X130.9297 Y-271.4151
G1 X131.4313 Y-271.9231
G1 X131.9997 Y-272.7728
G1 X132.3730 Y-273.0725
G1 X132.4593 Y-273.2356
G1 X132.5158 Y-272.7973
G1 X132.5379 Y-271.3854
G1 X132.5976 Y-271.3064
G1 X132.7031 Y-271.2665
G1 X133.4583 Y-271.1801
G1 X133.6423 Y-271.3334
G1 X134.1474 Y-272.0060
G1 X134.2075 Y-272.2053
G1 X134.1588 Y-272.2673
G1 X133.8397 Y-272.3956
G1 X133.6526 Y-272.5436
G1 X133.5907 Y-272.7290
G1 X133.5844 Y-272.9730
G1 X133.6841 Y-273.1898
G1 X133.8004 Y-273.2983
G1 X133.7231 Y-273.2635
G1 X133.9130 Y-273.3735
G1 X134.1521 Y-273.4322
G1 X135.0523 Y-273.4342
G1 X135.1519 Y-273.3951
G1 X135.2162 Y-273.1828
G1 X135.2171 Y-272.5336
G1 X135.1703 Y-272.3089
G1 X134.9583 Y-272.2443
G1 X134.3689 Y-272.2444
G1 X135.0034 Y-272.2796
G1 X135.1893 Y-272.2156
G1 X135.2176 Y-271.2428
G1 Z0.0000 F8000.0
G0 X137.8145 Y-273.4428 F15000.0
G1 Z11.9000 F8000.0
G1 X139.1994 Y-273.4398 F12000.0
G1 X139.3130 Y-273.4163
G1 X139.3860 Y-273.3464
G1 X139.4145 Y-271.2928
G1 Z0.0000 F8000.0
G0 X137.7645 Y-271.2428 F15000.0
G1 Z11.9000 F8000.0
G1 X137.7645 Y-273.3428 F12000.0
G1 Z0.0000 F8000.0
G0 X140.2145 Y-271.1928 F15000.0
G1 Z11.9000 F8000.0
G1 X140.5537 Y-271.3089 F12000.0
G1 X140.6590 Y-271.5122
G1 X140.7133 Y-272.0098
G1 X140.7226 Y-273.2989
G1 X140.7681 Y-273.3988
G1 X142.0194 Y-273.4345
G1 X142.2457 Y-273.3970
G1 X142.3129 Y-273.1879
G1 X142.3145 Y-271.2928
G1 Z0.0000 F8000.0
G0 X143.6645 Y-273.3428 F15000.0
G1 Z11.9000 F8000.0
G1 X143.4789 Y-273.1186 F12000.0
G1 X143.7465 Y-273.3464
G1 X143.4706 Y-273.1022
G1 X143.8655 Y-273.4068
G1 X143.8006 Y-273.3923
G1 X143.3784 Y-272.9782 F12000.0
G1 X143.2280 Y-272.5214
G1 X143.2416 Y-272.0182
G1 X143.3720 Y-271.6830
G1 X143.7273 Y-271.3251
G1 X143.9415 Y-271.2078
G1 X144.2994 Y-271.1619
G1 X144.6614 Y-271.2631
G1 X144.8316 Y-271.3550
G1 X144.5489 Y-271.2251
G1 X144.8930 Y-271.4439
G1 X145.0976 Y-271.7411
G1 X145.1934 Y-272.3398
G1 X145.1146 Y-272.8213
G1 X144.9400 Y-273.1773
G1 X144.7567 Y-273.3358
G1 X144.4280 Y-273.4771
G1 X143.9645 Y-273.4928
G1 Z0.0000 F8000.0
G0 X143.4145 Y-271.5928 F15000.0
G1 Z11.9000 F8000.0
G1 X143.5691 Y-271.4062 F12000.0
G1 X143.8955 Y-271.2609
G1 X144.5378 Y-271.2823
G1 X144.7645 Y-271.3428
G1 Z0.0000 F8000.0
G0 X146.7645 Y-271.1928 F15000.0
G1 Z11.9000 F8000.0
G1 X147.1257 Y-271.1653 F12000.0
G1 X147.4235 Y-271.2595
G1 X147.3445 Y-271.2242
G1 X146.9214 Y-271.2082
G1 X146.6785 Y-271.2360
G1 X146.4619 Y-271.3367
G1 X146.2274 Y-271.5611
G1 X146.0665 Y-272.1199
G1 X146.0795 Y-272.6328
G1 X146.1897 Y-272.9765
G1 X146.2894 Y-273.1331
G1 X146.5203 Y-273.3506
G1 X146.6977 Y-273.4223
G1 X147.2289 Y-273.4650
G1 X146.8582 Y-273.4893
G1 X147.2865 Y-273.4340
G1 X147.6345 Y-273.2025
G1 X147.4417 Y-273.3995
G1 X147.6145 Y-273.2928
G1 X147.6645 Y-273.1928
G1 X147.7145 Y-273.1428
G1 Z0.0000 F8000.0
G0 X147.8645 Y-271.7928 F15000.0
G1 Z11.9000 F8000.0
G1 X147.6518 Y-271.4949 F12000.0
G1 X147.3384 Y-271.2402
G1 X147.6645 Y-271.4428
G1 Z0.0000 F8000.0
G0 X148.6645 Y-271.2428 F15000.0
G1 Z11.9000 F8000.0
G1 X148.6889 Y-272.2621 F12000.0
G1 X148.7552 Y-272.3359
G1 X149.2169 Y-272.4501
G1 X149.3649 Y-272.5556
G1 X149.7284 Y-273.2380
G1 X149.9059 Y-273.4023
G1 X150.0645 Y-273.4428
G1 Z0.0000 F8000.0
G0 X148.6645 Y-273.3928 F15000.0
G1 Z11.9000 F8000.0
G1 X148.6891 Y-272.4992 F12000.0
G1 X148.7560 Y-272.4232
G1 X149.1176 Y-272.3808
G1 X149.3077 Y-272.2600
G1 X149.5428 Y-271.9695
G1 X149.9764 Y-271.2707
G1 X150.1645 Y-271.0928
G1 Z0.0000 F8000.0
G0 X149.2145 Y-272.3928 F15000.0
G1 Z11.9000 F8000.0
G1 X149.3645 Y-272.5928 F12000.0
G1 Z0.0000 F8000.0
G0 X150.9145 Y-273.0428 F15000.0
G1 Z11.9000 F8000.0
G1 X151.1550 Y-273.3180 F12000.0
G1 X151.2213 Y-273.3558
G1 X151.0462 Y-273.1985
G1 X151.3744 Y-273.4102
G1 X151.3107 Y-273.3963
G1 X150.9415 Y-273.0484 F12000.0
G1 X150.7719 Y-272.7311
G1 X150.7219 Y-272.4918
G1 X150.7288 Y-272.1108
G1 X150.8795 Y-271.6543
G1 X151.2536 Y-271.3097
G1 X151.5880 Y-271.1712
G1 X151.8245 Y-271.1650
G1 X152.2556 Y-271.3047
G1 X152.0973 Y-271.2306
G1 X152.3583 Y-271.3734
G1 X152.5632 Y-271.6708
G1 X152.6473 Y-271.8960
G1 X152.6985 Y-272.3832
G1 X152.6088 Y-272.8644
G1 X152.4078 Y-273.2095
G1 X152.2242 Y-273.3671
G1 X151.8842 Y-273.4812
G1 X151.4645 Y-273.4928
G1 Z0.0000 F8000.0
G0 X150.9145 Y-271.5928 F15000.0
G1 Z11.9000 F8000.0
G1 X151.0691 Y-271.4062 F12000.0
G1 X151.3145 Y-271.2428
G1 Z0.0000 F8000.0
G0 X154.2645 Y-271.1928 F15000.0
G1 Z11.9000 F8000.0
G1 X154.5053 Y-271.1570 F12000.0
G1 X154.7840 Y-271.2204
G1 X154.3617 Y-271.2100
G1 X154.1232 Y-271.2523
G1 X153.9117 Y-271.3636
G1 X153.7541 Y-271.5312
G1 X153.6201 Y-271.8145
G1 X153.5701 Y-272.0538
G1 X153.5774 Y-272.5664
G1 X153.6720 Y-272.9287
G1 X153.8374 Y-273.1913
G1 X154.0367 Y-273.3426
G1 X153.6549 Y-272.8653
G1 X153.9124 Y-273.2133
G1 X154.0998 Y-273.3824
G1 X154.2146 Y-273.4264
G1 X154.7231 Y-273.4708
G1 X154.3500 Y-273.4888
G1 X154.7978 Y-273.4281
G1 X155.1416 Y-273.1982
G1 X154.9501 Y-273.3997
G1 X155.1145 Y-273.2928
G1 X155.2145 Y-273.1428
G1 X155.3050 Y-273.2350
G1 X155.9173 Y-273.4297
G1 X156.5645 Y-273.4425
G1 X156.7586 Y-273.4007
G1 X156.7645 Y-271.2428
G1 Z0.0000 F8000.0
G0 X153.9645 Y-273.2928 F15000.0
G1 Z11.9000 F8000.0
G1 X153.9645 Y-273.3428 F12000.0
G1 Z0.0000 F8000.0
G0 X155.3645 Y-271.7928 F15000.0
G1 Z11.9000 F8000.0
G1 X155.1518 Y-271.4949 F12000.0
G1 X154.8384 Y-271.2402
G1 X155.1122 Y-271.4181
G1 Z0.0000 F8000.0
G0 X156.7645 Y-273.4428 F15000.0
G1 Z11.9000 F8000.0
G1 X159.4226 Y-273.4874 F12000.0
G1 X159.6618 Y-273.4405
G1 X159.8721 Y-273.3209
G1 X160.0488 Y-273.1425
G1 X160.2016 Y-272.8157
G1 X160.2262 Y-272.5767
G1 X160.2016 Y-272.4786
G1 X160.1215 Y-272.4169
G1 X158.7049 Y-272.3928
G1 X158.4780 Y-272.4259
G1 X158.4157 Y-272.6205
G1 X158.4359 Y-272.8131
G1 X158.6756 Y-273.1831
G1 X158.9423 Y-273.3981
G1 X158.8895 Y-273.3762
G1 X158.9867 Y-273.4133
G1 X158.6530 Y-273.2186
G1 X158.6834 Y-273.2182
G1 X158.5396 Y-273.0814
G1 X158.4392 Y-272.8660
G1 X158.3664 Y-272.4985
G1 X158.3665 Y-272.1101
G1 X158.4132 Y-271.8695
G1 X158.5629 Y-271.5497
G1 X158.6980 Y-271.3799
G1 X159.0665 Y-271.2081
G1 X159.4245 Y-271.1589
G1 X159.8337 Y-271.2781
G1 X160.0985 Y-271.5269
G1 X159.9654 Y-271.3681
G1 X159.7645 Y-271.2428
G1 Z0.0000 F8000.0
G0 X158.7645 Y-273.2928 F15000.0
G1 Z11.9000 F8000.0
G1 X158.7645 Y-273.3428 F12000.0
G1 Z0.0000 F8000.0
G0 X159.9645 Y-271.3928 F15000.0
G1 Z11.9000 F8000.0
G1 X159.9145 Y-271.2928 F12000.0
G1 Z0.0000 F8000.0
G0 X161.5145 Y-271.5928 F15000.0
G1 Z11.9000 F8000.0
G1 X161.7675 Y-271.7278 F12000.0
G1 Z0.0000 F8000.0
G0 X162.4316 Y-272.7997 F15000.0
G1 Z11.9000 F8000.0
G1 X161.7340 Y-271.7084 F12000.0
G1 X161.4366 Y-271.5965
G1 X161.3420 Y-271.6171
G1 X161.2669 Y-271.8197
G1 X161.2645 Y-273.3928
G1 Z0.0000 F8000.0
G0 X161.3645 Y-271.5428 F15000.0
G1 Z11.9000 F8000.0
G1 X161.3145 Y-271.3428 F12000.0
G1 Z0.0000 F8000.0
G0 X164.1145 Y-270.4928 F15000.0
G1 Z11.9000 F8000.0
G1 X164.2619 Y-270.6812 F12000.0
G1 X164.3341 Y-270.9102
G1 X164.3243 Y-271.1389
G1 X164.2457 Y-271.2145
G1 X163.0976 Y-271.2937
G1 X163.0053 Y-271.3348
G1 X162.9696 Y-271.4304
G1 X162.9358 Y-272.9686
G1 X162.8667 Y-273.0337
G1 X162.5966 Y-272.9408
G1 X162.8021 Y-273.0568
G1 X162.9047 Y-273.2601
G1 X162.7298 Y-274.3756
G1 X162.7029 Y-274.3960
G1 X162.4968 Y-274.1720
G1 X162.2693 Y-274.0961
G1 X162.0175 Y-274.1094
G1 X161.8093 Y-274.2085
G1 X161.7031 Y-274.3255
G1 X161.7145 Y-274.2928
G1 Z0.0000 F8000.0
G0 X64.8082 Y-266.2297 F15000.0
G1 Z11.9000 F8000.0
G1 X65.1167 Y-266.4755 F12000.0
G1 X65.3551 Y-266.5277
G1 X65.7200 Y-266.4711
G1 X65.9049 Y-266.3143
G1 X65.9641 Y-266.2096
G1 X66.0048 Y-265.9682
G1 X65.9177 Y-265.3895
G1 X65.9226 Y-265.6590
G1 X65.8111 Y-265.4855
G1 X66.0327 Y-265.1815
G1 X66.1048 Y-264.8269
G1 X66.0561 Y-264.5896
G1 X65.9907 Y-264.4949
G1 X65.6788 Y-264.3299
G1 X65.4423 Y-264.2939
G1 X65.2020 Y-264.3337
G1 X64.9801 Y-264.4255
G1 X64.8213 Y-264.5533
G1 X64.9082 Y-264.4297
G1 Z0.0000 F8000.0
G0 X68.7082 Y-264.3797 F15000.0
G1 Z11.9000 F8000.0
G1 X68.6071 Y-264.4913 F12000.0
G1 X68.2995 Y-264.4612
G1 X68.5256 Y-264.5508
G1 X68.5922 Y-264.6231
G1 X68.0196 Y-264.3600
G1 X67.6568 Y-264.2966
G1 X67.4163 Y-264.3131
G1 X67.0939 Y-264.4629
G1 X66.9810 Y-264.6705
G1 X67.0039 Y-265.0321
G1 X67.0513 Y-265.1423
G1 X67.2212 Y-265.3171
G1 X67.4438 Y-265.4074
G1 X68.5325 Y-265.5968
G1 X68.6171 Y-265.6528
G1 X68.6414 Y-265.7525
G1 X68.5924 Y-266.1160
G1 X68.4082 Y-266.4297
G1 X68.3082 Y-266.4797
G1 X68.3360 Y-266.4643
G1 X68.0495 Y-266.5277
G1 X67.5405 Y-266.5050
G1 X67.3173 Y-266.4162
G1 X67.1082 Y-266.1797
G1 Z0.0000 F8000.0
G0 X68.6582 Y-265.6297 F15000.0
G1 Z11.9000 F8000.0
G1 X68.6571 Y-264.8532 F12000.0
G1 X68.7081 Y-264.6705
G1 X69.5368 Y-264.4231
G1 X69.6221 Y-264.4599
G1 X69.8448 Y-265.1269
G1 X70.0372 Y-266.4237
G1 X71.1910 Y-266.4668
G1 X71.2912 Y-266.4319
G1 X71.3427 Y-266.3433
G1 X71.3574 Y-264.6628
G1 X71.3121 Y-264.4272
G1 X71.2286 Y-264.3572
G1 X71.1111 Y-264.3329
G1 X69.4717 Y-264.3237
G1 X69.3926 Y-264.2716
G1 X69.3624 Y-264.1711
G1 X69.3582 Y-263.6797
G1 Z0.0000 F8000.0
G0 X71.3582 Y-264.4297 F15000.0
G1 Z11.9000 F8000.0
G1 X71.6220 Y-264.2742 F12000.0
G1 X71.6582 Y-263.6797
G1 Z0.0000 F8000.0
G0 X74.1582 Y-264.3797 F15000.0
G1 Z11.9000 F8000.0
G1 X74.1062 Y-264.4636 F12000.0
G1 X74.0137 Y-264.4938
G1 X73.7396 Y-264.4638
G1 X74.0584 Y-264.6080
G1 X73.5164 Y-264.3802
G1 X73.0320 Y-264.2939
G1 X72.7953 Y-264.3266
G1 X72.5801 Y-264.4292
G1 X72.4540 Y-264.6268
G1 X72.4153 Y-264.8665
G1 X72.4722 Y-265.1012
G1 X72.5414 Y-265.2014
G1 X72.8501 Y-265.3842
G1 X74.0371 Y-265.6220
G1 X74.0892 Y-265.7089
G1 X74.0924 Y-265.8248
G1 X73.9742 Y-266.2939
G1 X73.8040 Y-266.4522
G1 X73.6558 Y-266.5114
G1 X73.0220 Y-266.5137
G1 X72.6994 Y-266.3557
G1 X72.5582 Y-266.1797
G1 Z0.0000 F8000.0
G0 X74.1082 Y-265.6297 F15000.0
G1 Z11.9000 F8000.0
G1 X74.1082 Y-264.6297 F12000.0
G1 Z0.0000 F8000.0
G0 X75.1582 Y-266.4297 F15000.0
G1 Z11.9000 F8000.0
G1 X75.1912 Y-265.4425 F12000.0
G1 X76.6657 Y-265.3997
G1 X76.7332 Y-265.3243
G1 X76.7582 Y-264.4297
G1 Z0.0000 F8000.0
G0 X75.1582 Y-264.4297 F15000.0
G1 Z11.9000 F8000.0
G1 X75.1582 Y-265.4297 F12000.0
G1 Z0.0000 F8000.0
G0 X76.7582 Y-265.4797 F15000.0
G1 Z11.9000 F8000.0
G1 X76.7886 Y-266.3593 F12000.0
G1 X76.9798 Y-266.4281
G1 X77.7306 Y-266.4021
G1 X77.8062 Y-266.2177
G1 X77.8272 Y-265.4784
G1 X77.8854 Y-265.4375
G1 X79.1568 Y-265.4280
G1 X79.3656 Y-265.3588
G1 X79.4079 Y-265.1310
G1 X79.4082 Y-264.4297
G1 Z0.0000 F8000.0
G0 X77.8082 Y-264.4297 F15000.0
G1 Z11.9000 F8000.0
G1 X77.8082 Y-265.4297 F12000.0
G1 Z0.0000 F8000.0
G0 X79.4082 Y-265.4797 F15000.0
G1 Z11.9000 F8000.0
G1 X79.4386 Y-266.3593 F12000.0
G1 X79.6298 Y-266.4281
G1 X80.3806 Y-266.4021
G1 X80.4562 Y-266.2177
G1 X80.4912 Y-265.4925
G1 X81.4667 Y-265.4777
G1 X81.7046 Y-265.4244
G1 X81.8934 Y-265.2841
G1 X82.0172 Y-265.0965
G1 X82.0539 Y-264.8556
G1 X81.9886 Y-264.6280
G1 X81.8673 Y-264.4729
G1 X81.4346 Y-264.3443
G1 X80.5520 Y-264.3592
G1 X80.4837 Y-264.4338
G1 X80.4611 Y-264.5482
G1 X80.4582 Y-265.4297
G1 Z0.0000 F8000.0
G0 X82.8082 Y-266.4297 F15000.0
G1 Z11.9000 F8000.0
G1 X82.8216 Y-264.4908 F12000.0
G1 X82.8703 Y-264.4012
G1 X82.9694 Y-264.3534
G1 X83.5982 Y-264.2543
G1 X83.8035 Y-264.3541
G1 X84.3288 Y-265.0873
G1 X84.4162 Y-265.1523
G1 X84.7364 Y-265.2010
G1 X84.7531 Y-265.7124
G1 X84.6885 Y-265.7246
G1 X84.7350 Y-265.7691
G1 X84.6164 Y-265.6446
G1 X84.7112 Y-265.2564
G1 X84.3788 Y-265.1436
G1 X84.0602 Y-264.7450
G1 X84.5195 Y-265.2528
G1 X84.9723 Y-266.0293
G1 X85.2384 Y-266.3996
G1 X85.3741 Y-266.5134
G1 X84.9057 Y-265.9420
G1 X84.6270 Y-265.7512
G1 X84.5212 Y-265.7295
G1 X84.3181 Y-265.8257
G1 X83.8451 Y-266.4715
G1 X83.6082 Y-266.6297
G1 Z0.0000 F8000.0
G0 X83.7582 Y-264.3297 F15000.0
G1 Z11.9000 F8000.0
G1 X84.7876 Y-265.0073 F12000.0
G1 X84.9337 Y-264.9382
G1 X85.3434 Y-264.3639
G1 X85.6582 Y-264.1797
G1 Z0.0000 F8000.0
G0 X87.8582 Y-264.4297 F15000.0
G1 Z11.9000 F8000.0
G1 X87.8598 Y-266.2485 F12000.0
G1 X87.8923 Y-266.4330
G1 X89.1948 Y-266.4711
G1 X89.3079 Y-266.4506
G1 X89.3802 Y-266.3816
G1 X89.4049 Y-266.2698
G1 X89.4082 Y-264.7119
G1 X89.4432 Y-264.4826
G1 X89.6447 Y-264.3990
G1 X90.1589 Y-264.3369
G1 X90.5017 Y-264.4337
G1 X90.6094 Y-264.6193
G1 X90.6567 Y-264.9885
G1 X90.6862 Y-266.4441
G1 X91.9050 Y-266.4710
G1 X92.1346 Y-266.4386
G1 X92.2064 Y-266.2329
G1 X92.2082 Y-264.4297
G1 Z0.0000 F8000.0
G0 X94.8082 Y-266.1297 F15000.0
G1 Z11.9000 F8000.0
G1 X94.7941 Y-266.1580 F12000.0
G1 X94.9230 Y-265.8987
G1 X94.9813 Y-265.4144
G1 X94.9325 Y-264.9252
G1 X94.7540 Y-264.6039
G1 X94.4637 Y-264.3854
G1 X94.1114 Y-264.2986
G1 X93.7557 Y-264.3476
G1 X93.4364 Y-264.5173
G1 X93.2142 Y-264.8064
G1 X93.1227 Y-265.1585
G1 X93.1231 Y-265.6663
G1 X93.2728 Y-266.1243
G1 X93.6485 Y-266.4444
G1 X94.0039 Y-266.5278
G1 X94.3735 Y-266.4822
G1 X94.5879 Y-266.3750
G1 X94.7582 Y-266.2297
G1 Z0.0000 F8000.0
G0 X94.8082 Y-264.6797 F15000.0
G1 Z11.9000 F8000.0
G1 X94.7582 Y-264.5797 F12000.0
G1 Z0.0000 F8000.0
G0 X97.5082 Y-264.8797 F15000.0
G1 Z11.9000 F8000.0
G1 X97.3266 Y-264.5661 F12000.0
G1 X97.1389 Y-264.4141
G1 X96.7931 Y-264.3109
G1 X96.4405 Y-264.3422
G1 X96.1134 Y-264.4919
G1 X95.9324 Y-264.6860
G1 X95.7683 Y-265.3160
G1 X95.7742 Y-265.5652
G1 X95.9088 Y-266.0287
G1 X96.0200 Y-266.2334
G1 X96.2253 Y-266.3947
G1 X96.5627 Y-266.5217
G1 X96.9426 Y-266.5133
G1 X97.1589 Y-266.4106
G1 X97.3082 Y-266.2297
G1 Z0.0000 F8000.0
G0 X98.3082 Y-264.4297 F15000.0
G1 Z11.9000 F8000.0
G1 X98.3375 Y-265.3173 F12000.0
G1 X98.4108 Y-265.3913
G1 X98.7671 Y-265.5132
G1 X98.9724 Y-265.6535
G1 X99.3562 Y-266.3415
G1 X99.6082 Y-266.4797
G1 Z0.0000 F8000.0
G0 X98.3082 Y-266.4297 F15000.0
G1 Z11.9000 F8000.0
G1 X98.3328 Y-265.5361 F12000.0
G1 X98.3997 Y-265.4601
G1 X98.8527 Y-265.4004
G1 X98.9223 Y-265.4891
G1 Z0.0000 F8000.0
G0 X98.8621 Y-265.4228 F15000.0
G1 Z11.9000 F8000.0
G1 X98.8976 Y-265.3288 F12000.0
G1 X99.0869 Y-265.1140
G1 X99.6082 Y-264.2797
G1 Z0.0000 F8000.0
G0 X100.9183 Y-264.9167 F15000.0
G1 Z11.9000 F8000.0
G1 X100.5131 Y-264.7361 F12000.0
G1 X100.4392 Y-264.7730
G1 X100.4120 Y-264.8734
G1 X100.4082 Y-266.4297
G1 Z0.0000 F8000.0
G0 X101.5401 Y-265.8931 F15000.0
G1 Z11.9000 F8000.0
G1 X101.8321 Y-266.0866 F12000.0
G1 X101.7457 Y-266.0665
G1 X101.8103 Y-266.1780
G1 X101.9403 Y-266.2343
G1 X102.0062 Y-265.9113
G1 X102.0082 Y-264.3797
G1 Z0.0000 F8000.0
G0 X100.9846 Y-264.9901 F15000.0
G1 Z11.9000 F8000.0
G1 X100.5213 Y-264.6475 F12000.0
G1 X100.4629 Y-264.5581
G1 X100.5082 Y-264.6797
G1 X100.9582 Y-264.9797
G1 X101.5826 Y-265.9796
G1 Z0.0000 F8000.0
G0 X103.1082 Y-264.3797 F15000.0
G1 Z11.9000 F8000.0
G1 X103.1091 Y-265.8094 F12000.0
G1 X103.1458 Y-266.0544
G1 X103.2152 Y-266.1748
G1 X103.4418 Y-266.0870
G1 X103.6023 Y-265.9253
G1 X104.0040 Y-264.7955
G1 X104.0706 Y-264.7058
G1 X104.1666 Y-264.6654
G1 X104.3554 Y-264.7154
G1 X104.4447 Y-264.8171
G1 X104.8818 Y-265.9188
G1 X105.1943 Y-266.1182
G1 X105.2579 Y-266.0611
G1 X105.3065 Y-265.8279
G1 X105.3082 Y-264.6586
G1 X105.2719 Y-264.4365
G1 X105.0666 Y-264.3914
G1 X104.4200 Y-264.4220
G1 X104.2287 Y-264.4995
G1 X104.1582 Y-264.6297
G1 Z0.0000 F8000.0
G0 X106.4082 Y-266.4297 F15000.0
G1 Z11.9000 F8000.0
G1 X106.4120 Y-264.8734 F12000.0
G1 X106.4392 Y-264.7730
G1 X106.5131 Y-264.7361
G1 X106.9183 Y-264.9167
G1 X107.4678 Y-265.8293
G1 X107.8219 Y-266.0820
G1 X107.7396 Y-266.0951
G1 X107.8745 Y-266.2342
G1 X107.9354 Y-266.2473
G1 X108.0062 Y-265.9362
G1 X108.0082 Y-264.3797
G1 Z0.0000 F8000.0
G0 X106.9846 Y-264.9901 F15000.0
G1 Z11.9000 F8000.0
G1 X106.5213 Y-264.6475 F12000.0
G1 X106.4629 Y-264.5581
G1 X106.5082 Y-264.6797
G1 X106.9582 Y-264.9797
G1 X107.5942 Y-265.9756
G1 Z0.0000 F8000.0
G0 X111.9098 Y-264.5797 F15000.0
G1 Z11.9000 F8000.0
G1 X111.8655 Y-266.1357 F12000.0
G1 X111.9003 Y-266.2996
G1 X111.9886 Y-266.3448
G1 X111.0634 Y-266.5259
G1 X110.7201 Y-266.4170
G1 X110.4723 Y-266.1345
G1 X110.3202 Y-265.5449
G1 X110.3318 Y-265.1683
G1 X110.4230 Y-264.8161
G1 X110.5423 Y-264.6055
G1 X110.7253 Y-264.4315
G1 X111.0539 Y-264.3113
G1 X111.4135 Y-264.3494
G1 X111.8548 Y-264.5076
G1 X111.9550 Y-264.5074
G1 X112.4598 Y-264.3297
G1 Z0.0000 F8000.0
G0 X110.5098 Y-266.1797 F15000.0
G1 Z11.9000 F8000.0
G1 X110.5598 Y-266.2797 F12000.0
G1 Z0.0000 F8000.0
G0 X111.9098 Y-267.4297 F15000.0
G1 Z11.9000 F8000.0
G1 X111.9050 Y-266.5250 F12000.0
G1 X111.8711 Y-266.4323
G1 X111.7824 Y-266.4004
G1 X111.4953 Y-266.4238
G1 X111.8756 Y-266.3127
G1 X112.5730 Y-266.5132
G1 X112.9388 Y-266.4880
G1 X113.1411 Y-266.3683
G1 X113.2803 Y-266.1952
G1 X113.4441 Y-265.7939
G1 X113.4578 Y-265.1512
G1 X113.4115 Y-264.9104
G1 X113.2477 Y-264.5883
G1 X113.0729 Y-264.4115
G1 X112.7374 Y-264.3082
G1 X112.0115 Y-264.4352
G1 X111.9387 Y-264.4004
G1 X111.9098 Y-263.4797
G1 Z0.0000 F8000.0
G0 X114.4098 Y-266.4297 F15000.0
G1 Z11.9000 F8000.0
G1 X114.4135 Y-264.8734 F12000.0
G1 X114.4407 Y-264.7730
G1 X114.5147 Y-264.7361
G1 X114.9199 Y-264.9167
G1 X115.2010 Y-265.3828
G1 X115.2568 Y-265.4112
G1 X115.5090 Y-265.8909
G1 X115.8102 Y-266.0800
G1 X115.6859 Y-266.0399
G1 X115.9236 Y-266.2556
G1 X116.0033 Y-265.9734
G1 X116.0098 Y-264.3797
G1 Z0.0000 F8000.0
G0 X115.1598 Y-265.2797 F15000.0
G1 Z11.9000 F8000.0
G1 X115.4740 Y-265.8421 F12000.0
G1 X115.4527 Y-265.7450
G1 X114.9646 Y-264.9646
G1 X114.5884 Y-264.7047
G1 X114.4664 Y-264.5662
G1 X114.5098 Y-264.6797
G1 Z0.0000 F8000.0
G0 X117.1098 Y-264.4297 F15000.0
G1 Z11.9000 F8000.0
G1 X117.1316 Y-266.3661 F12000.0
G1 X117.1940 Y-266.4465
G1 X117.3019 Y-266.4757
G1 X117.9479 Y-266.4825
G1 X118.4272 Y-266.5763
G1 X118.6470 Y-266.5056
G1 X118.8079 Y-266.1939
G1 X119.3453 Y-264.7294
G1 X119.4221 Y-264.6518
G1 X119.5173 Y-264.6346
G1 X119.7042 Y-264.7751
G1 X119.8627 Y-264.9750
G1 X119.7598 Y-264.7297
G1 X119.5961 Y-264.5480
G1 X119.1945 Y-263.5425
G1 X119.1195 Y-263.4562
G1 X118.9161 Y-263.3846
G1 Z0.0000 F8000.0
G0 X119.1091 Y-263.4262 F15000.0
G1 Z11.9000 F8000.0
G1 X119.2123 Y-263.4944 F12000.0
G1 X119.3581 Y-263.6896
G1 X119.5845 Y-264.5058
G1 X119.7831 Y-264.8157
G1 X120.3166 Y-266.2499
G1 Z0.0000 F8000.0
G0 X121.8598 Y-264.3297 F15000.0
G1 Z11.9000 F8000.0
G1 X121.8290 Y-264.3449 F12000.0
G1 X122.1999 Y-264.3174
G1 X122.5417 Y-264.4171
G1 X122.7897 Y-264.6729
G1 X122.9320 Y-265.0040
G1 X122.9578 Y-265.6417
G1 X122.8767 Y-265.9981
G1 X122.6766 Y-266.3040
G1 X122.3714 Y-266.4992
G1 X122.0005 Y-266.5141
G1 X121.4598 Y-266.3134
G1 X121.6208 Y-266.3776
G1 Z0.0000 F8000.0
G0 X121.4301 Y-266.3108 F15000.0
G1 Z11.9000 F8000.0
G1 X121.2535 Y-266.3563 F12000.0
G1 X121.2319 Y-266.3084
G1 X121.2558 Y-266.0830
G1 X121.2118 Y-265.7128
G1 X121.2118 Y-265.0645
G1 X121.2908 Y-264.5943
G1 X121.3638 Y-264.5296
G1 X121.6663 Y-264.4271
G1 Z0.0000 F8000.0
G0 X121.3662 Y-264.5264 F15000.0
G1 Z11.9000 F8000.0
G1 X121.2911 Y-264.4872 F12000.0
G1 X121.2598 Y-263.4797
G1 Z0.0000 F8000.0
G0 X123.9598 Y-266.1797 F15000.0
G1 Z11.9000 F8000.0
G1 X124.2169 Y-266.4298 F12000.0
G1 X124.4420 Y-266.5139
G1 X124.6955 Y-266.5297
G1 X125.1626 Y-266.4763
G1 X125.3100 Y-266.3694
G1 X125.4397 Y-266.1724
G1 X125.4864 Y-265.6937
G1 X125.4267 Y-265.6134
G1 X124.2347 Y-265.3806
G1 X124.0207 Y-265.2719
G1 X123.8670 Y-265.0855
G1 X123.8138 Y-264.8492
G1 X123.9131 Y-264.5032
G1 X124.0988 Y-264.3590
G1 X124.3312 Y-264.2963
G1 X124.8185 Y-264.3462
G1 X125.4250 Y-264.5861
G1 X125.0837 Y-264.4752
G1 X125.4298 Y-264.7127
G1 X125.4885 Y-264.8065
G1 X125.5098 Y-265.4273
G1 X125.5118 Y-264.7068
G1 X125.5630 Y-264.4781
G1 X125.6303 Y-264.4084
G1 X125.7362 Y-264.3832
G1 X126.4843 Y-264.4081
G1 X126.5579 Y-264.5945
G1 X126.5625 Y-265.8918
G1 X126.6652 Y-266.1697
G1 X126.8596 Y-266.1115
G1 X127.0342 Y-265.9586
G1 X127.4891 Y-264.7368
G1 X127.5818 Y-264.6834
G1 X127.7744 Y-264.6925
G1 X127.8742 Y-264.7818
G1 X128.3193 Y-265.8796
G1 X128.4680 Y-266.0306
G1 X128.3841 Y-265.9757
G1 X128.6123 Y-266.1087
G1 X128.6850 Y-266.0817
G1 X128.7568 Y-265.8744
G1 X128.7366 Y-264.4698
G1 X128.6721 Y-264.4073
G1 X127.7927 Y-264.4296
G1 X127.6985 Y-264.4690
G1 X127.6098 Y-264.6297
G1 Z0.0000 F8000.0
G0 X129.8598 Y-266.4297 F15000.0
G1 Z11.9000 F8000.0
G1 X129.8635 Y-264.8734 F12000.0
G1 X129.8907 Y-264.7730
G1 X129.9647 Y-264.7361
G1 X130.3699 Y-264.9167
G1 X130.9194 Y-265.8293
G1 X131.2735 Y-266.0820
G1 X131.1912 Y-266.0951
G1 X131.3260 Y-266.2342
G1 X131.3870 Y-266.2473
G1 X131.4578 Y-265.9362
G1 X131.4598 Y-264.3797
G1 Z0.0000 F8000.0
G0 X129.9598 Y-264.6797 F15000.0
G1 Z11.9000 F8000.0
G1 X129.9144 Y-264.5581 F12000.0
G1 X129.9729 Y-264.6475
G1 X130.4236 Y-264.9895
G1 X131.0371 Y-265.9625
G1 X130.9297 Y-265.8387
G1 X130.9598 Y-265.9297
G1 Z0.0000 F8000.0
G0 X72.6634 Y-259.5178 F15000.0
G1 Z11.9000 F8000.0
G1 X72.3683 Y-259.3524 F12000.0
G1 X72.0101 Y-258.7207
G1 X71.7524 Y-258.4478
G1 X71.3012 Y-258.3205
G1 X71.2681 Y-258.2205
G1 X71.2574 Y-257.4514
G1 X71.2198 Y-257.3634
G1 X71.0019 Y-257.3469
G1 X70.0997 Y-257.4444
G1 X69.6490 Y-257.3593
G1 X68.8751 Y-257.3280
G1 X68.6897 Y-257.3560
G1 X68.5463 Y-257.4419
G1 X68.9330 Y-257.2489
G1 X69.4353 Y-257.2300
G1 X69.6708 Y-257.2902
G1 X69.8782 Y-257.4119
G1 X70.1168 Y-257.7571
G1 X70.2493 Y-258.3494
G1 X70.1018 Y-259.0569
G1 X69.7569 Y-259.4321
G1 X69.3134 Y-259.5462
G1 X68.9496 Y-259.5104
G1 X68.7497 Y-259.4362
G1 X68.5053 Y-259.2310
G1 X68.2794 Y-258.7422
G1 X68.2794 Y-257.9754
G1 X68.3964 Y-257.6524
G1 X68.3811 Y-257.5794
G1 X67.3027 Y-257.3581
G1 X67.2374 Y-257.4084
G1 X67.2161 Y-257.5125
G1 X67.1912 Y-260.3553
G1 X67.1281 Y-260.4350
G1 X67.0200 Y-260.4639
G1 X64.9515 Y-260.4528
G1 X64.8611 Y-260.4021
G1 X64.8140 Y-260.1776
G1 X64.8134 Y-257.3178
G1 Z0.0000 F8000.0
G0 X71.2634 Y-259.4678 F15000.0
G1 Z11.9000 F8000.0
G1 X71.2646 Y-258.6883 F12000.0
G1 X71.3229 Y-258.4718
G1 X71.4193 Y-258.4286
G1 X71.8279 Y-258.4110
G1 X71.8820 Y-258.3070
G1 X71.9290 Y-258.3262
G1 X72.0262 Y-258.6198
G1 X72.0226 Y-258.1359
G1 X72.5569 Y-257.2924
G1 X72.7634 Y-257.1178
G1 Z0.0000 F8000.0
G0 X73.4134 Y-259.0678 F15000.0
G1 Z11.9000 F8000.0
G1 X73.6750 Y-259.3578 F12000.0
G1 X73.4409 Y-259.0975
G1 Z0.0000 F8000.0
G0 X73.6622 Y-259.3450 F15000.0
G1 Z11.9000 F8000.0
G1 X73.8435 Y-259.4677 F12000.0
G1 X74.4412 Y-259.5533
G1 X74.9105 Y-259.4376
G1 X75.0643 Y-259.2596
G1 X75.1477 Y-259.0341
G1 X75.1895 Y-258.6717
G1 X75.1600 Y-258.5790
G1 X75.0696 Y-258.5315
G1 X74.6924 Y-258.5064
G1 X73.9656 Y-258.3760
G1 X73.7314 Y-258.2897
G1 X73.5666 Y-258.1652
G1 X73.7213 Y-258.2830
G1 X73.4802 Y-258.0899
G1 X73.3703 Y-257.7529
G1 X73.4206 Y-257.5176
G1 X73.5714 Y-257.3316
G1 X73.7854 Y-257.2234
G1 X74.0211 Y-257.1820
G1 X74.4761 Y-257.2505
G1 X75.0546 Y-257.5144
G1 X75.1469 Y-257.5110
G1 X75.1852 Y-257.3923
G1 X75.0374 Y-257.5112
G1 X75.1376 Y-257.6638
G1 X75.1617 Y-258.2991
G1 X75.1134 Y-258.5178
G1 Z0.0000 F8000.0
G0 X76.5134 Y-259.4678 F15000.0
G1 Z11.9000 F8000.0
G1 X76.7387 Y-259.5518 F12000.0
G1 X77.1157 Y-259.5525
G1 X77.3364 Y-259.4675
G1 X77.4670 Y-259.3245
G1 X77.5844 Y-259.0145
G1 X77.5425 Y-258.7822
G1 X77.3787 Y-258.4390
G1 X77.4355 Y-258.3486
G1 X77.4869 Y-258.5732
G1 X77.4600 Y-258.4911
G1 X77.6295 Y-258.0656
G1 X77.6675 Y-257.7218
G1 X77.6083 Y-257.5009
G1 X77.5276 Y-257.4095
G1 X77.3204 Y-257.2720
G1 X77.0911 Y-257.1966
G1 X76.7345 Y-257.2213
G1 X76.5150 Y-257.3154
G1 X76.2676 Y-257.5009
G1 X76.4349 Y-257.3172
G1 X76.5599 Y-257.3275
G1 X76.8357 Y-258.2887
G1 X76.8965 Y-258.3783
G1 X76.9997 Y-258.4129
G1 X77.2339 Y-258.3926
G1 X77.3388 Y-258.2149
G1 X77.4494 Y-257.4531
G1 X77.5057 Y-257.3602
G1 X77.3634 Y-257.2678
G1 Z0.0000 F8000.0
G0 X78.8134 Y-259.3178 F15000.0
G1 Z11.9000 F8000.0
G1 X78.9118 Y-259.3809 F12000.0
G1 X78.6376 Y-259.0802
G1 X78.8891 Y-259.3704
G1 X79.0992 Y-259.4856
G1 X79.7098 Y-259.5517
G1 X80.0614 Y-259.4623
G1 X80.2475 Y-259.3120
G1 X80.3037 Y-259.2064
G1 X80.3921 Y-258.7261
G1 X80.3828 Y-258.6181
G1 X80.3173 Y-258.5464
G1 X79.8240 Y-258.5038
G1 X78.9844 Y-258.3144
G1 X78.7679 Y-258.1708
G1 X78.9402 Y-258.2744
G1 X78.7306 Y-258.1081
G1 X78.6001 Y-257.8907
G1 X78.5802 Y-257.6482
G1 X78.6764 Y-257.4297
G1 X78.8596 Y-257.2763
G1 X79.2058 Y-257.1820
G1 X79.7246 Y-257.2650
G1 X80.2390 Y-257.5148
G1 X80.3363 Y-257.5184
G1 X80.3887 Y-257.3987
G1 X80.2577 Y-257.4674
G1 X80.1634 Y-257.4678
G1 X80.3634 Y-257.6178
G1 X80.3665 Y-258.5005
G1 X80.4717 Y-258.6745
G1 X81.3065 Y-259.4761
G1 X81.9378 Y-259.5152
G1 X82.0540 Y-259.4944
G1 X82.1319 Y-259.4294
G1 X82.1597 Y-259.3202
G1 X82.1634 Y-257.3178
G1 Z0.0000 F8000.0
G0 X78.7134 Y-258.1678 F15000.0
G1 Z11.9000 F8000.0
G1 X78.6134 Y-257.9678 F12000.0
G1 Z0.0000 F8000.0
G0 X83.9134 Y-258.4178 F15000.0
G1 Z11.9000 F8000.0
G1 X83.9537 Y-257.5095 F12000.0
G1 X84.0171 Y-257.3041
G1 X84.2424 Y-257.2678
G1 X85.1456 Y-257.2840
G1 X85.3624 Y-257.3857
G1 X85.5107 Y-257.5744
G1 X85.5615 Y-257.8132
G1 X85.5330 Y-258.0598
G1 X85.3249 Y-258.3284
G1 X85.1462 Y-258.4017
G1 X84.7780 Y-258.4538
G1 X83.9439 Y-258.4871
G1 X83.9057 Y-259.3395
G1 X83.8655 Y-259.4314
G1 X83.7699 Y-259.4710
G1 X82.9958 Y-259.5158
G1 X82.3490 Y-259.5158
G1 X82.1634 Y-259.4678
G1 Z0.0000 F8000.0
G0 X87.7619 Y-258.3678 F15000.0
G1 Z11.9000 F8000.0
G1 X87.8325 Y-257.3534 F12000.0
G1 X87.9021 Y-257.2901
G1 X89.0440 Y-257.2840
G1 X89.2606 Y-257.3857
G1 X89.3438 Y-257.4725
G1 X89.4098 Y-257.7040
G1 X89.3571 Y-258.0617
G1 X89.1266 Y-258.3943
G1 X89.1377 Y-258.5011
G1 X89.2130 Y-258.5925
G1 X89.1291 Y-258.4558
G1 X89.0422 Y-258.4228
G1 X87.8086 Y-258.4240
G1 X87.7624 Y-258.6106
G1 X87.7633 Y-259.2587
G1 X87.8281 Y-259.4707
G1 X88.0529 Y-259.5173
G1 X88.5718 Y-259.5158
G1 X89.0512 Y-259.4178
G1 X89.2388 Y-259.2699
G1 X89.2906 Y-259.1625
G1 X89.3391 Y-258.7803
G1 X90.3843 Y-259.3971
G1 X90.4410 Y-259.3695
G1 X90.4835 Y-257.7335
G1 X90.5442 Y-257.6663
G1 X90.7947 Y-257.7121
G1 X91.0108 Y-257.8995
G1 X91.6986 Y-258.9657
G1 X91.6884 Y-258.9338
G1 X91.7914 Y-259.0086
G1 X91.5759 Y-258.7658
G1 Z0.0000 F8000.0
G0 X90.9780 Y-257.8447 F15000.0
G1 Z11.9000 F8000.0
G1 X90.5981 Y-257.6214 F12000.0
G1 X90.6620 Y-257.6336
G1 X90.5295 Y-257.5304
G1 X90.4619 Y-257.3678
G1 Z0.0000 F8000.0
G0 X92.1619 Y-257.3178 F15000.0
G1 Z11.9000 F8000.0
G1 X92.1599 Y-258.8770 F12000.0
G1 X92.0963 Y-259.3116
G1 X92.0095 Y-259.1489
G1 X91.8619 Y-259.0678
G1 Z0.0000 F8000.0
G0 X93.4619 Y-258.1178 F15000.0
G1 Z11.9000 F8000.0
G1 X93.4419 Y-258.0920 F12000.0
G1 X93.5479 Y-258.6208
G1 X93.6239 Y-259.3671
G1 X93.6692 Y-259.4618
G1 X93.8880 Y-259.5169
G1 X94.9194 Y-259.5039
G1 X95.0113 Y-259.4550
G1 X95.0612 Y-259.2325
G1 X95.0686 Y-257.3247
G1 X95.3164 Y-257.1999
G1 X95.3541 Y-257.0992
G1 X95.3522 Y-256.6281
G1 X94.9745 Y-257.2342
G1 X93.2337 Y-257.2907
G1 X93.3880 Y-257.9118
G1 X93.2286 Y-257.3770
G1 X92.9562 Y-257.1989
G1 X92.9193 Y-257.0976
G1 X92.9119 Y-256.5178
G1 Z0.0000 F8000.0
G0 X96.3119 Y-257.3678 F15000.0
G1 Z11.9000 F8000.0
G1 X96.8746 Y-257.9006 F12000.0
G1 Z0.0000 F8000.0
G0 X97.3871 Y-258.7271 F15000.0
G1 Z11.9000 F8000.0
G1 X97.6527 Y-259.0192 F12000.0
G1 X97.5196 Y-258.9302
G1 X97.5327 Y-258.9572
G1 X96.8884 Y-257.9461
G1 X96.6370 Y-257.6947
G1 X96.5096 Y-257.6441
G1 X96.5765 Y-257.6828
G1 X96.4074 Y-257.6653
G1 X96.3386 Y-257.7212
G1 X96.3150 Y-257.8301
G1 X96.3119 Y-259.4678
G1 Z0.0000 F8000.0
G0 X96.3619 Y-257.6178 F15000.0
G1 Z11.9000 F8000.0
G1 X96.3619 Y-257.5678 F12000.0
G1 Z0.0000 F8000.0
G0 X98.0119 Y-257.3178 F15000.0
G1 Z11.9000 F8000.0
G1 X98.0099 Y-258.8770 F12000.0
G1 X97.9463 Y-259.3116
G1 X97.8249 Y-259.0750
G1 X99.0632 Y-259.0951
G1 X99.1345 Y-259.0388
G1 X99.1861 Y-257.4084
G1 X99.2514 Y-257.3629
G1 X100.4362 Y-257.6297
G1 X100.3455 Y-257.5684
G1 X100.1320 Y-257.6548
G1 X100.1896 Y-257.6261
G1 X100.0478 Y-257.8044
G1 X99.6650 Y-258.9377
G1 X99.7380 Y-258.6509
G1 X99.6161 Y-259.0006
G1 X99.2544 Y-259.1792
G1 X99.4401 Y-259.1298
G1 X99.6140 Y-258.9673
G1 X100.0497 Y-257.7639
G1 X100.1292 Y-257.6948
G1 X100.3668 Y-257.6717
G1 X100.4774 Y-257.6993
G1 X100.6114 Y-257.8745
G1 X101.0449 Y-258.9582
G1 X101.3798 Y-259.2683
G1 X101.3275 Y-259.1294
G1 X101.4581 Y-259.0124
G1 X101.5107 Y-258.7888
G1 X101.5119 Y-257.3178
G1 Z0.0000 F8000.0
G0 X100.4119 Y-257.6178 F15000.0
G1 Z11.9000 F8000.0
G1 X100.3619 Y-257.5678 F12000.0
G1 Z0.0000 F8000.0
G0 X102.7619 Y-259.2178 F15000.0
G1 Z11.9000 F8000.0
G1 X102.8788 Y-259.3454 F12000.0
G1 X103.0311 Y-259.4316
G1 X102.8607 Y-259.3289
G1 X102.9271 Y-259.3552
G1 X102.6995 Y-259.1391
G1 X102.5271 Y-258.7139
G1 X102.5186 Y-258.0729
G1 X102.5688 Y-257.8337
G1 X102.6819 Y-257.6233
G1 X103.0795 Y-257.3050
G1 X103.3103 Y-257.2269
G1 X103.6910 Y-257.2315
G1 X103.9251 Y-257.2954
G1 X104.1322 Y-257.4165
G1 X104.3811 Y-257.8684
G1 X104.3145 Y-257.6491
G1 X104.3999 Y-257.8126
G1 X104.4959 Y-258.3032
G1 X104.4367 Y-258.7871
G1 X104.3584 Y-259.0147
G1 X104.0927 Y-259.3621
G1 X103.8457 Y-259.5006
G1 X103.4849 Y-259.5431
G1 X103.1119 Y-259.5178
G1 Z0.0000 F8000.0
G0 X102.7119 Y-257.5678 F15000.0
G1 Z11.9000 F8000.0
G1 X102.8904 Y-257.3726 F12000.0
G1 X103.1641 Y-257.2903
G1 X104.0487 Y-257.3784
G1 X104.1619 Y-257.4678
G1 Z0.0000 F8000.0
G0 X105.4619 Y-258.9678 F15000.0
G1 Z11.9000 F8000.0
G1 X105.3704 Y-258.6157 F12000.0
G1 X105.3723 Y-258.1036
G1 X105.4646 Y-257.7518
G1 X105.6495 Y-257.4531
G1 X106.0379 Y-257.2563
G1 X106.5353 Y-257.2338
G1 X106.7636 Y-257.2975
G1 X106.9247 Y-257.4112
G1 X107.1209 Y-257.7398
G1 X107.0037 Y-257.5130
G1 X106.8619 Y-257.3678
G1 Z0.0000 F8000.0
G0 X107.1119 Y-259.0678 F15000.0
G1 Z11.9000 F8000.0
G1 X107.0146 Y-259.2341 F12000.0
G1 X106.7982 Y-259.4492
G1 X106.3590 Y-259.5398
G1 X105.8812 Y-259.4509
G1 X105.6415 Y-259.2840
G1 X105.5157 Y-259.0800
G1 X105.8805 Y-259.4479
G1 X105.7119 Y-259.3678
G1 Z0.0000 F8000.0
G0 X107.8119 Y-259.5178 F15000.0
G1 Z11.9000 F8000.0
G1 X108.4595 Y-259.5143 F12000.0
G1 X108.5699 Y-259.4876
G1 X108.6371 Y-259.4119
G1 X108.6619 Y-257.3178
G1 Z0.0000 F8000.0
G0 X110.4119 Y-258.4178 F15000.0
G1 Z11.9000 F8000.0
G1 X110.4521 Y-257.5095 F12000.0
G1 X110.5155 Y-257.3041
G1 X110.7408 Y-257.2678
G1 X111.6441 Y-257.2840
G1 X111.8608 Y-257.3857
G1 X112.0091 Y-257.5744
G1 X112.0599 Y-257.8132
G1 X112.0316 Y-258.0588
G1 X111.7826 Y-258.3558
G1 X111.1913 Y-258.4640
G1 X110.4605 Y-258.4741
G1 X110.4125 Y-258.6576
G1 X110.4080 Y-259.3024
G1 X110.3792 Y-259.4052
G1 X110.2997 Y-259.4600
G1 X109.4050 Y-259.5172
G1 X108.8865 Y-259.5158
G1 X108.6619 Y-259.4678
G1 Z0.0000 F8000.0
G0 X180.0000 Y-249.5217 F15000.0
G1 Z11.9000 F8000.0
G1 X0.0000 Y-249.5217 F12000.0
G1 Z0.0000 F8000.0

G0 Z0.0000 F800.0
G4 P0.06
G0 X0.0000 Y0.0000 F15000.0
M5
G4 P0.10
$1=0
