0
SECTION
2
HEADER
9
$ACADVER
1
AC1009
0
ENDSEC
0
SECTION
2
ENTITIES
0
POLYLINE
8
P00000
66
1
70
0
0
VERTEX
8
P00000
10
168.571332
20
241.384658
30
0.0
0
VERTEX
8
P00000
10
170.349324
20
240.791994
30
0.0
0
VERTEX
8
P00000
10
168.571332
20
241.384658
30
0.0
0
SEQEND
0
POLYLINE
8
P00001
66
1
70
0
0
VERTEX
8
P00001
10
170.349324
20
240.791994
30
0.0
0
VERTEX
8
P00001
10
171.958001
20
239.945329
30
0.0
0
VERTEX
8
P00001
10
170.349324
20
240.791994
30
0.0
0
SEQEND
0
POLYLINE
8
P00002
66
1
70
0
0
VERTEX
8
P00002
10
171.958001
20
239.945329
30
0.0
0
VERTEX
8
P00002
10
173.397329
20
238.844659
30
0.0
0
VERTEX
8
P00002
10
171.958001
20
239.945329
30
0.0
0
SEQEND
0
POLYLINE
8
P00003
66
1
70
0
0
VERTEX
8
P00003
10
173.397329
20
238.844659
30
0.0
0
VERTEX
8
P00003
10
174.667332
20
237.489994
30
0.0
0
VERTEX
8
P00003
10
173.397329
20
238.844659
30
0.0
0
SEQEND
0
POLYLINE
8
P00004
66
1
70
0
0
VERTEX
8
P00004
10
174.667332
20
237.489994
30
0.0
0
VERTEX
8
P00004
10
175.598659
20
235.881328
30
0.0
0
VERTEX
8
P00004
10
174.667332
20
237.489994
30
0.0
0
SEQEND
0
POLYLINE
8
P00005
66
1
70
0
0
VERTEX
8
P00005
10
175.598659
20
235.881328
30
0.0
0
VERTEX
8
P00005
10
176.191334
20
234.187993
30
0.0
0
VERTEX
8
P00005
10
175.598659
20
235.881328
30
0.0
0
SEQEND
0
POLYLINE
8
P00006
66
1
70
0
0
VERTEX
8
P00006
10
176.191334
20
234.187993
30
0.0
0
VERTEX
8
P00006
10
176.529998
20
232.325327
30
0.0
0
VERTEX
8
P00006
10
176.191334
20
234.187993
30
0.0
0
SEQEND
0
POLYLINE
8
P00007
66
1
70
0
0
VERTEX
8
P00007
10
176.529998
20
232.325327
30
0.0
0
VERTEX
8
P00007
10
176.529998
20
230.547329
30
0.0
0
VERTEX
8
P00007
10
176.529998
20
232.325327
30
0.0
0
SEQEND
0
POLYLINE
8
P00008
66
1
70
0
0
VERTEX
8
P00008
10
176.529998
20
230.547329
30
0.0
0
VERTEX
8
P00008
10
176.191334
20
228.684658
30
0.0
0
VERTEX
8
P00008
10
176.529998
20
230.547329
30
0.0
0
SEQEND
0
POLYLINE
8
P00009
66
1
70
0
0
VERTEX
8
P00009
10
176.191334
20
228.684658
30
0.0
0
VERTEX
8
P00009
10
175.513996
20
226.991329
30
0.0
0
VERTEX
8
P00009
10
176.191334
20
228.684658
30
0.0
0
SEQEND
0
POLYLINE
8
P00010
66
1
70
0
0
VERTEX
8
P00010
10
175.513996
20
226.991329
30
0.0
0
VERTEX
8
P00010
10
174.497994
20
225.467326
30
0.0
0
VERTEX
8
P00010
10
175.513996
20
226.991329
30
0.0
0
SEQEND
0
POLYLINE
8
P00011
66
1
70
0
0
VERTEX
8
P00011
10
174.497994
20
225.467326
30
0.0
0
VERTEX
8
P00011
10
173.227992
20
224.112661
30
0.0
0
VERTEX
8
P00011
10
174.497994
20
225.467326
30
0.0
0
SEQEND
0
POLYLINE
8
P00012
66
1
70
0
0
VERTEX
8
P00012
10
173.227992
20
224.112661
30
0.0
0
VERTEX
8
P00012
10
171.788664
20
223.011996
30
0.0
0
VERTEX
8
P00012
10
173.227992
20
224.112661
30
0.0
0
SEQEND
0
POLYLINE
8
P00013
66
1
70
0
0
VERTEX
8
P00013
10
171.788664
20
223.011996
30
0.0
0
VERTEX
8
P00013
10
170.095335
20
222.165326
30
0.0
0
VERTEX
8
P00013
10
171.788664
20
223.011996
30
0.0
0
SEQEND
0
POLYLINE
8
P00014
66
1
70
0
0
VERTEX
8
P00014
10
170.095335
20
222.165326
30
0.0
0
VERTEX
8
P00014
10
168.571332
20
221.741994
30
0.0
0
VERTEX
8
P00014
10
170.095335
20
222.165326
30
0.0
0
SEQEND
0
POLYLINE
8
P00015
66
1
70
0
0
VERTEX
8
P00015
10
120.565326
20
251.121327
30
0.0
0
VERTEX
8
P00015
10
168.571332
20
241.384658
30
0.0
0
VERTEX
8
P00015
10
120.565326
20
251.121327
30
0.0
0
SEQEND
0
POLYLINE
8
P00016
66
1
70
0
0
VERTEX
8
P00016
10
168.571332
20
221.741994
30
0.0
0
VERTEX
8
P00016
10
120.565326
20
211.920662
30
0.0
0
VERTEX
8
P00016
10
168.571332
20
221.741994
30
0.0
0
SEQEND
0
POLYLINE
8
P00017
66
1
70
0
0
VERTEX
8
P00017
10
112.606660
20
211.920662
30
0.0
0
VERTEX
8
P00017
10
64.600665
20
221.741994
30
0.0
0
VERTEX
8
P00017
10
112.606660
20
211.920662
30
0.0
0
SEQEND
0
POLYLINE
8
P00018
66
1
70
0
0
VERTEX
8
P00018
10
112.606660
20
251.121327
30
0.0
0
VERTEX
8
P00018
10
115.146665
20
251.459996
30
0.0
0
VERTEX
8
P00018
10
112.606660
20
251.121327
30
0.0
0
SEQEND
0
POLYLINE
8
P00019
66
1
70
0
0
VERTEX
8
P00019
10
115.146665
20
251.459996
30
0.0
0
VERTEX
8
P00019
10
117.771332
20
251.544659
30
0.0
0
VERTEX
8
P00019
10
115.146665
20
251.459996
30
0.0
0
SEQEND
0
POLYLINE
8
P00020
66
1
70
0
0
VERTEX
8
P00020
10
117.771332
20
251.544659
30
0.0
0
VERTEX
8
P00020
10
120.311326
20
251.205995
30
0.0
0
VERTEX
8
P00020
10
117.771332
20
251.544659
30
0.0
0
SEQEND
0
POLYLINE
8
P00021
66
1
70
0
0
VERTEX
8
P00021
10
120.311326
20
251.205995
30
0.0
0
VERTEX
8
P00021
10
120.565326
20
251.121327
30
0.0
0
VERTEX
8
P00021
10
120.311326
20
251.205995
30
0.0
0
SEQEND
0
POLYLINE
8
P00022
66
1
70
0
0
VERTEX
8
P00022
10
68.579998
20
231.563326
30
0.0
0
VERTEX
8
P00022
10
68.410666
20
232.325327
30
0.0
0
VERTEX
8
P00022
10
68.579998
20
231.563326
30
0.0
0
SEQEND
0
POLYLINE
8
P00023
66
1
70
0
0
VERTEX
8
P00023
10
68.410666
20
232.325327
30
0.0
0
VERTEX
8
P00023
10
67.902665
20
233.002660
30
0.0
0
VERTEX
8
P00023
10
68.410666
20
232.325327
30
0.0
0
SEQEND
0
POLYLINE
8
P00024
66
1
70
0
0
VERTEX
8
P00024
10
67.902665
20
233.002660
30
0.0
0
VERTEX
8
P00024
10
67.225332
20
233.425992
30
0.0
0
VERTEX
8
P00024
10
67.902665
20
233.002660
30
0.0
0
SEQEND
0
POLYLINE
8
P00025
66
1
70
0
0
VERTEX
8
P00025
10
67.225332
20
233.425992
30
0.0
0
VERTEX
8
P00025
10
66.378663
20
233.510661
30
0.0
0
VERTEX
8
P00025
10
67.225332
20
233.425992
30
0.0
0
SEQEND
0
POLYLINE
8
P00026
66
1
70
0
0
VERTEX
8
P00026
10
66.378663
20
233.510661
30
0.0
0
VERTEX
8
P00026
10
65.616667
20
233.341329
30
0.0
0
VERTEX
8
P00026
10
66.378663
20
233.510661
30
0.0
0
SEQEND
0
POLYLINE
8
P00027
66
1
70
0
0
VERTEX
8
P00027
10
65.616667
20
233.341329
30
0.0
0
VERTEX
8
P00027
10
65.023997
20
232.748659
30
0.0
0
VERTEX
8
P00027
10
65.616667
20
233.341329
30
0.0
0
SEQEND
0
POLYLINE
8
P00028
66
1
70
0
0
VERTEX
8
P00028
10
65.023997
20
232.748659
30
0.0
0
VERTEX
8
P00028
10
64.600665
20
232.071327
30
0.0
0
VERTEX
8
P00028
10
65.023997
20
232.748659
30
0.0
0
SEQEND
0
POLYLINE
8
P00029
66
1
70
0
0
VERTEX
8
P00029
10
64.600665
20
232.071327
30
0.0
0
VERTEX
8
P00029
10
64.600665
20
231.224662
30
0.0
0
VERTEX
8
P00029
10
64.600665
20
232.071327
30
0.0
0
SEQEND
0
POLYLINE
8
P00030
66
1
70
0
0
VERTEX
8
P00030
10
64.600665
20
231.224662
30
0.0
0
VERTEX
8
P00030
10
64.854665
20
230.462661
30
0.0
0
VERTEX
8
P00030
10
64.600665
20
231.224662
30
0.0
0
SEQEND
0
POLYLINE
8
P00031
66
1
70
0
0
VERTEX
8
P00031
10
64.854665
20
230.462661
30
0.0
0
VERTEX
8
P00031
10
65.447329
20
229.869991
30
0.0
0
VERTEX
8
P00031
10
64.854665
20
230.462661
30
0.0
0
SEQEND
0
POLYLINE
8
P00032
66
1
70
0
0
VERTEX
8
P00032
10
65.447329
20
229.869991
30
0.0
0
VERTEX
8
P00032
10
66.209331
20
229.615996
30
0.0
0
VERTEX
8
P00032
10
65.447329
20
229.869991
30
0.0
0
SEQEND
0
POLYLINE
8
P00033
66
1
70
0
0
VERTEX
8
P00033
10
66.209331
20
229.615996
30
0.0
0
VERTEX
8
P00033
10
67.056001
20
229.615996
30
0.0
0
VERTEX
8
P00033
10
66.209331
20
229.615996
30
0.0
0
SEQEND
0
POLYLINE
8
P00034
66
1
70
0
0
VERTEX
8
P00034
10
67.056001
20
229.615996
30
0.0
0
VERTEX
8
P00034
10
67.733333
20
229.954660
30
0.0
0
VERTEX
8
P00034
10
67.056001
20
229.615996
30
0.0
0
SEQEND
0
POLYLINE
8
P00035
66
1
70
0
0
VERTEX
8
P00035
10
67.733333
20
229.954660
30
0.0
0
VERTEX
8
P00035
10
68.325997
20
230.547329
30
0.0
0
VERTEX
8
P00035
10
67.733333
20
229.954660
30
0.0
0
SEQEND
0
POLYLINE
8
P00036
66
1
70
0
0
VERTEX
8
P00036
10
68.325997
20
230.547329
30
0.0
0
VERTEX
8
P00036
10
68.579998
20
231.309325
30
0.0
0
VERTEX
8
P00036
10
68.325997
20
230.547329
30
0.0
0
SEQEND
0
POLYLINE
8
P00037
66
1
70
0
0
VERTEX
8
P00037
10
68.579998
20
231.309325
30
0.0
0
VERTEX
8
P00037
10
68.579998
20
231.563326
30
0.0
0
VERTEX
8
P00037
10
68.579998
20
231.309325
30
0.0
0
SEQEND
0
POLYLINE
8
P00038
66
1
70
0
0
VERTEX
8
P00038
10
168.571332
20
231.563326
30
0.0
0
VERTEX
8
P00038
10
168.401995
20
232.325327
30
0.0
0
VERTEX
8
P00038
10
168.571332
20
231.563326
30
0.0
0
SEQEND
0
POLYLINE
8
P00039
66
1
70
0
0
VERTEX
8
P00039
10
168.401995
20
232.325327
30
0.0
0
VERTEX
8
P00039
10
167.893994
20
233.002660
30
0.0
0
VERTEX
8
P00039
10
168.401995
20
232.325327
30
0.0
0
SEQEND
0
POLYLINE
8
P00040
66
1
70
0
0
VERTEX
8
P00040
10
167.893994
20
233.002660
30
0.0
0
VERTEX
8
P00040
10
167.216667
20
233.425992
30
0.0
0
VERTEX
8
P00040
10
167.893994
20
233.002660
30
0.0
0
SEQEND
0
POLYLINE
8
P00041
66
1
70
0
0
VERTEX
8
P00041
10
167.216667
20
233.425992
30
0.0
0
VERTEX
8
P00041
10
166.369991
20
233.510661
30
0.0
0
VERTEX
8
P00041
10
167.216667
20
233.425992
30
0.0
0
SEQEND
0
POLYLINE
8
P00042
66
1
70
0
0
VERTEX
8
P00042
10
166.369991
20
233.510661
30
0.0
0
VERTEX
8
P00042
10
165.608001
20
233.341329
30
0.0
0
VERTEX
8
P00042
10
166.369991
20
233.510661
30
0.0
0
SEQEND
0
POLYLINE
8
P00043
66
1
70
0
0
VERTEX
8
P00043
10
165.608001
20
233.341329
30
0.0
0
VERTEX
8
P00043
10
165.015326
20
232.748659
30
0.0
0
VERTEX
8
P00043
10
165.608001
20
233.341329
30
0.0
0
SEQEND
0
POLYLINE
8
P00044
66
1
70
0
0
VERTEX
8
P00044
10
165.015326
20
232.748659
30
0.0
0
VERTEX
8
P00044
10
164.591999
20
232.071327
30
0.0
0
VERTEX
8
P00044
10
165.015326
20
232.748659
30
0.0
0
SEQEND
0
POLYLINE
8
P00045
66
1
70
0
0
VERTEX
8
P00045
10
164.591999
20
232.071327
30
0.0
0
VERTEX
8
P00045
10
164.591999
20
231.224662
30
0.0
0
VERTEX
8
P00045
10
164.591999
20
232.071327
30
0.0
0
SEQEND
0
POLYLINE
8
P00046
66
1
70
0
0
VERTEX
8
P00046
10
164.591999
20
231.224662
30
0.0
0
VERTEX
8
P00046
10
164.846000
20
230.462661
30
0.0
0
VERTEX
8
P00046
10
164.591999
20
231.224662
30
0.0
0
SEQEND
0
POLYLINE
8
P00047
66
1
70
0
0
VERTEX
8
P00047
10
164.846000
20
230.462661
30
0.0
0
VERTEX
8
P00047
10
165.438664
20
229.869991
30
0.0
0
VERTEX
8
P00047
10
164.846000
20
230.462661
30
0.0
0
SEQEND
0
POLYLINE
8
P00048
66
1
70
0
0
VERTEX
8
P00048
10
165.438664
20
229.869991
30
0.0
0
VERTEX
8
P00048
10
166.200665
20
229.615996
30
0.0
0
VERTEX
8
P00048
10
165.438664
20
229.869991
30
0.0
0
SEQEND
0
POLYLINE
8
P00049
66
1
70
0
0
VERTEX
8
P00049
10
166.200665
20
229.615996
30
0.0
0
VERTEX
8
P00049
10
167.047329
20
229.615996
30
0.0
0
VERTEX
8
P00049
10
166.200665
20
229.615996
30
0.0
0
SEQEND
0
POLYLINE
8
P00050
66
1
70
0
0
VERTEX
8
P00050
10
167.047329
20
229.615996
30
0.0
0
VERTEX
8
P00050
10
167.809331
20
229.954660
30
0.0
0
VERTEX
8
P00050
10
167.047329
20
229.615996
30
0.0
0
SEQEND
0
POLYLINE
8
P00051
66
1
70
0
0
VERTEX
8
P00051
10
167.809331
20
229.954660
30
0.0
0
VERTEX
8
P00051
10
168.317332
20
230.547329
30
0.0
0
VERTEX
8
P00051
10
167.809331
20
229.954660
30
0.0
0
SEQEND
0
POLYLINE
8
P00052
66
1
70
0
0
VERTEX
8
P00052
10
168.317332
20
230.547329
30
0.0
0
VERTEX
8
P00052
10
168.571332
20
231.309325
30
0.0
0
VERTEX
8
P00052
10
168.317332
20
230.547329
30
0.0
0
SEQEND
0
POLYLINE
8
P00053
66
1
70
0
0
VERTEX
8
P00053
10
168.571332
20
231.309325
30
0.0
0
VERTEX
8
P00053
10
168.571332
20
231.563326
30
0.0
0
VERTEX
8
P00053
10
168.571332
20
231.309325
30
0.0
0
SEQEND
0
POLYLINE
8
P00054
66
1
70
0
0
VERTEX
8
P00054
10
64.600665
20
241.384658
30
0.0
0
VERTEX
8
P00054
10
112.606660
20
251.121327
30
0.0
0
VERTEX
8
P00054
10
64.600665
20
241.384658
30
0.0
0
SEQEND
0
POLYLINE
8
P00055
66
1
70
0
0
VERTEX
8
P00055
10
120.565326
20
211.920662
30
0.0
0
VERTEX
8
P00055
10
118.025332
20
211.581993
30
0.0
0
VERTEX
8
P00055
10
120.565326
20
211.920662
30
0.0
0
SEQEND
0
POLYLINE
8
P00056
66
1
70
0
0
VERTEX
8
P00056
10
118.025332
20
211.581993
30
0.0
0
VERTEX
8
P00056
10
115.400665
20
211.581993
30
0.0
0
VERTEX
8
P00056
10
118.025332
20
211.581993
30
0.0
0
SEQEND
0
POLYLINE
8
P00057
66
1
70
0
0
VERTEX
8
P00057
10
115.400665
20
211.581993
30
0.0
0
VERTEX
8
P00057
10
112.775997
20
211.920662
30
0.0
0
VERTEX
8
P00057
10
115.400665
20
211.581993
30
0.0
0
SEQEND
0
POLYLINE
8
P00058
66
1
70
0
0
VERTEX
8
P00058
10
112.775997
20
211.920662
30
0.0
0
VERTEX
8
P00058
10
112.606660
20
211.920662
30
0.0
0
VERTEX
8
P00058
10
112.775997
20
211.920662
30
0.0
0
SEQEND
0
POLYLINE
8
P00059
66
1
70
0
0
VERTEX
8
P00059
10
64.600665
20
221.741994
30
0.0
0
VERTEX
8
P00059
10
62.822667
20
222.249995
30
0.0
0
VERTEX
8
P00059
10
64.600665
20
221.741994
30
0.0
0
SEQEND
0
POLYLINE
8
P00060
66
1
70
0
0
VERTEX
8
P00060
10
62.822667
20
222.249995
30
0.0
0
VERTEX
8
P00060
10
61.213996
20
223.096659
30
0.0
0
VERTEX
8
P00060
10
62.822667
20
222.249995
30
0.0
0
SEQEND
0
POLYLINE
8
P00061
66
1
70
0
0
VERTEX
8
P00061
10
61.213996
20
223.096659
30
0.0
0
VERTEX
8
P00061
10
59.689999
20
224.281993
30
0.0
0
VERTEX
8
P00061
10
61.213996
20
223.096659
30
0.0
0
SEQEND
0
POLYLINE
8
P00062
66
1
70
0
0
VERTEX
8
P00062
10
59.689999
20
224.281993
30
0.0
0
VERTEX
8
P00062
10
58.504665
20
225.636658
30
0.0
0
VERTEX
8
P00062
10
59.689999
20
224.281993
30
0.0
0
SEQEND
0
POLYLINE
8
P00063
66
1
70
0
0
VERTEX
8
P00063
10
58.504665
20
225.636658
30
0.0
0
VERTEX
8
P00063
10
57.573332
20
227.245329
30
0.0
0
VERTEX
8
P00063
10
58.504665
20
225.636658
30
0.0
0
SEQEND
0
POLYLINE
8
P00064
66
1
70
0
0
VERTEX
8
P00064
10
57.573332
20
227.245329
30
0.0
0
VERTEX
8
P00064
10
56.896000
20
228.938658
30
0.0
0
VERTEX
8
P00064
10
57.573332
20
227.245329
30
0.0
0
SEQEND
0
POLYLINE
8
P00065
66
1
70
0
0
VERTEX
8
P00065
10
56.896000
20
228.938658
30
0.0
0
VERTEX
8
P00065
10
56.641999
20
230.716661
30
0.0
0
VERTEX
8
P00065
10
56.896000
20
228.938658
30
0.0
0
SEQEND
0
POLYLINE
8
P00066
66
1
70
0
0
VERTEX
8
P00066
10
56.641999
20
230.716661
30
0.0
0
VERTEX
8
P00066
10
56.641999
20
232.579328
30
0.0
0
VERTEX
8
P00066
10
56.641999
20
230.716661
30
0.0
0
SEQEND
0
POLYLINE
8
P00067
66
1
70
0
0
VERTEX
8
P00067
10
56.641999
20
232.579328
30
0.0
0
VERTEX
8
P00067
10
56.980663
20
234.357325
30
0.0
0
VERTEX
8
P00067
10
56.641999
20
232.579328
30
0.0
0
SEQEND
0
POLYLINE
8
P00068
66
1
70
0
0
VERTEX
8
P00068
10
56.980663
20
234.357325
30
0.0
0
VERTEX
8
P00068
10
57.658001
20
236.050660
30
0.0
0
VERTEX
8
P00068
10
56.980663
20
234.357325
30
0.0
0
SEQEND
0
POLYLINE
8
P00069
66
1
70
0
0
VERTEX
8
P00069
10
57.658001
20
236.050660
30
0.0
0
VERTEX
8
P00069
10
58.673997
20
237.659325
30
0.0
0
VERTEX
8
P00069
10
57.658001
20
236.050660
30
0.0
0
SEQEND
0
POLYLINE
8
P00070
66
1
70
0
0
VERTEX
8
P00070
10
58.673997
20
237.659325
30
0.0
0
VERTEX
8
P00070
10
59.859331
20
239.013996
30
0.0
0
VERTEX
8
P00070
10
58.673997
20
237.659325
30
0.0
0
SEQEND
0
POLYLINE
8
P00071
66
1
70
0
0
VERTEX
8
P00071
10
59.859331
20
239.013996
30
0.0
0
VERTEX
8
P00071
10
61.383333
20
240.114661
30
0.0
0
VERTEX
8
P00071
10
59.859331
20
239.013996
30
0.0
0
SEQEND
0
POLYLINE
8
P00072
66
1
70
0
0
VERTEX
8
P00072
10
61.383333
20
240.114661
30
0.0
0
VERTEX
8
P00072
10
62.991999
20
240.876662
30
0.0
0
VERTEX
8
P00072
10
61.383333
20
240.114661
30
0.0
0
SEQEND
0
POLYLINE
8
P00073
66
1
70
0
0
VERTEX
8
P00073
10
62.991999
20
240.876662
30
0.0
0
VERTEX
8
P00073
10
64.600665
20
241.384658
30
0.0
0
VERTEX
8
P00073
10
62.991999
20
240.876662
30
0.0
0
SEQEND
0
POLYLINE
8
P00074
66
1
70
0
0
VERTEX
8
P00074
10
116.585993
20
224.451330
30
0.0
0
VERTEX
8
P00074
10
109.474003
20
231.563326
30
0.0
0
VERTEX
8
P00074
10
116.585993
20
224.451330
30
0.0
0
SEQEND
0
POLYLINE
8
P00075
66
1
70
0
0
VERTEX
8
P00075
10
123.613331
20
231.563326
30
0.0
0
VERTEX
8
P00075
10
116.585993
20
224.451330
30
0.0
0
VERTEX
8
P00075
10
123.613331
20
231.563326
30
0.0
0
SEQEND
0
POLYLINE
8
P00076
66
1
70
0
0
VERTEX
8
P00076
10
116.585993
20
238.590658
30
0.0
0
VERTEX
8
P00076
10
123.613331
20
231.563326
30
0.0
0
VERTEX
8
P00076
10
116.585993
20
238.590658
30
0.0
0
SEQEND
0
POLYLINE
8
P00077
66
1
70
0
0
VERTEX
8
P00077
10
109.474003
20
231.563326
30
0.0
0
VERTEX
8
P00077
10
116.585993
20
238.590658
30
0.0
0
VERTEX
8
P00077
10
109.474003
20
231.563326
30
0.0
0
SEQEND
0
POLYLINE
8
P00078
66
1
70
0
0
VERTEX
8
P00078
10
62.568667
20
231.563326
30
0.0
0
VERTEX
8
P00078
10
66.548000
20
231.563326
30
0.0
0
VERTEX
8
P00078
10
62.568667
20
231.563326
30
0.0
0
SEQEND
0
POLYLINE
8
P00079
66
1
70
0
0
VERTEX
8
P00079
10
70.527333
20
231.563326
30
0.0
0
VERTEX
8
P00079
10
66.548000
20
231.563326
30
0.0
0
VERTEX
8
P00079
10
70.527333
20
231.563326
30
0.0
0
SEQEND
0
POLYLINE
8
P00080
66
1
70
0
0
VERTEX
8
P00080
10
66.548000
20
227.583993
30
0.0
0
VERTEX
8
P00080
10
66.548000
20
231.563326
30
0.0
0
VERTEX
8
P00080
10
66.548000
20
227.583993
30
0.0
0
SEQEND
0
POLYLINE
8
P00081
66
1
70
0
0
VERTEX
8
P00081
10
66.548000
20
235.542659
30
0.0
0
VERTEX
8
P00081
10
66.548000
20
231.563326
30
0.0
0
VERTEX
8
P00081
10
66.548000
20
235.542659
30
0.0
0
SEQEND
0
POLYLINE
8
P00082
66
1
70
0
0
VERTEX
8
P00082
10
162.559996
20
231.563326
30
0.0
0
VERTEX
8
P00082
10
166.539329
20
231.563326
30
0.0
0
VERTEX
8
P00082
10
162.559996
20
231.563326
30
0.0
0
SEQEND
0
POLYLINE
8
P00083
66
1
70
0
0
VERTEX
8
P00083
10
170.603325
20
231.563326
30
0.0
0
VERTEX
8
P00083
10
166.539329
20
231.563326
30
0.0
0
VERTEX
8
P00083
10
170.603325
20
231.563326
30
0.0
0
SEQEND
0
POLYLINE
8
P00084
66
1
70
0
0
VERTEX
8
P00084
10
166.539329
20
227.583993
30
0.0
0
VERTEX
8
P00084
10
166.539329
20
231.563326
30
0.0
0
VERTEX
8
P00084
10
166.539329
20
227.583993
30
0.0
0
SEQEND
0
POLYLINE
8
P00085
66
1
70
0
0
VERTEX
8
P00085
10
166.539329
20
235.542659
30
0.0
0
VERTEX
8
P00085
10
166.539329
20
231.563326
30
0.0
0
VERTEX
8
P00085
10
166.539329
20
235.542659
30
0.0
0
SEQEND
0
POLYLINE
8
P00086
66
1
70
0
0
VERTEX
8
P00086
10
116.585993
20
253.576660
30
0.0
0
VERTEX
8
P00086
10
116.585993
20
241.977327
30
0.0
0
VERTEX
8
P00086
10
116.585993
20
253.576660
30
0.0
0
SEQEND
0
POLYLINE
8
P00087
66
1
70
0
0
VERTEX
8
P00087
10
116.585993
20
240.453325
30
0.0
0
VERTEX
8
P00087
10
116.585993
20
238.844659
30
0.0
0
VERTEX
8
P00087
10
116.585993
20
240.453325
30
0.0
0
SEQEND
0
POLYLINE
8
P00088
66
1
70
0
0
VERTEX
8
P00088
10
116.585993
20
237.320662
30
0.0
0
VERTEX
8
P00088
10
116.585993
20
225.805995
30
0.0
0
VERTEX
8
P00088
10
116.585993
20
237.320662
30
0.0
0
SEQEND
0
POLYLINE
8
P00089
66
1
70
0
0
VERTEX
8
P00089
10
116.585993
20
224.281993
30
0.0
0
VERTEX
8
P00089
10
116.585993
20
222.588658
30
0.0
0
VERTEX
8
P00089
10
116.585993
20
224.281993
30
0.0
0
SEQEND
0
POLYLINE
8
P00090
66
1
70
0
0
VERTEX
8
P00090
10
116.585993
20
221.064661
30
0.0
0
VERTEX
8
P00090
10
116.585993
20
209.549995
30
0.0
0
VERTEX
8
P00090
10
116.585993
20
221.064661
30
0.0
0
SEQEND
0
POLYLINE
8
P00091
66
1
70
0
0
VERTEX
8
P00091
10
44.534666
20
231.563326
30
0.0
0
VERTEX
8
P00091
10
61.213996
20
231.563326
30
0.0
0
VERTEX
8
P00091
10
44.534666
20
231.563326
30
0.0
0
SEQEND
0
POLYLINE
8
P00092
66
1
70
0
0
VERTEX
8
P00092
10
62.737999
20
231.563326
30
0.0
0
VERTEX
8
P00092
10
64.261996
20
231.563326
30
0.0
0
VERTEX
8
P00092
10
62.737999
20
231.563326
30
0.0
0
SEQEND
0
POLYLINE
8
P00093
66
1
70
0
0
VERTEX
8
P00093
10
65.785998
20
231.563326
30
0.0
0
VERTEX
8
P00093
10
82.465331
20
231.563326
30
0.0
0
VERTEX
8
P00093
10
65.785998
20
231.563326
30
0.0
0
SEQEND
0
POLYLINE
8
P00094
66
1
70
0
0
VERTEX
8
P00094
10
83.989334
20
231.563326
30
0.0
0
VERTEX
8
P00094
10
85.513331
20
231.563326
30
0.0
0
VERTEX
8
P00094
10
83.989334
20
231.563326
30
0.0
0
SEQEND
0
POLYLINE
8
P00095
66
1
70
0
0
VERTEX
8
P00095
10
87.037334
20
231.563326
30
0.0
0
VERTEX
8
P00095
10
103.716667
20
231.563326
30
0.0
0
VERTEX
8
P00095
10
87.037334
20
231.563326
30
0.0
0
SEQEND
0
POLYLINE
8
P00096
66
1
70
0
0
VERTEX
8
P00096
10
105.155995
20
231.563326
30
0.0
0
VERTEX
8
P00096
10
106.764661
20
231.563326
30
0.0
0
VERTEX
8
P00096
10
105.155995
20
231.563326
30
0.0
0
SEQEND
0
POLYLINE
8
P00097
66
1
70
0
0
VERTEX
8
P00097
10
108.204000
20
231.563326
30
0.0
0
VERTEX
8
P00097
10
124.883333
20
231.563326
30
0.0
0
VERTEX
8
P00097
10
108.204000
20
231.563326
30
0.0
0
SEQEND
0
POLYLINE
8
P00098
66
1
70
0
0
VERTEX
8
P00098
10
126.407325
20
231.563326
30
0.0
0
VERTEX
8
P00098
10
127.931328
20
231.563326
30
0.0
0
VERTEX
8
P00098
10
126.407325
20
231.563326
30
0.0
0
SEQEND
0
POLYLINE
8
P00099
66
1
70
0
0
VERTEX
8
P00099
10
129.455330
20
231.563326
30
0.0
0
VERTEX
8
P00099
10
146.134663
20
231.563326
30
0.0
0
VERTEX
8
P00099
10
129.455330
20
231.563326
30
0.0
0
SEQEND
0
POLYLINE
8
P00100
66
1
70
0
0
VERTEX
8
P00100
10
147.658666
20
231.563326
30
0.0
0
VERTEX
8
P00100
10
149.182668
20
231.563326
30
0.0
0
VERTEX
8
P00100
10
147.658666
20
231.563326
30
0.0
0
SEQEND
0
POLYLINE
8
P00101
66
1
70
0
0
VERTEX
8
P00101
10
150.706660
20
231.563326
30
0.0
0
VERTEX
8
P00101
10
167.385993
20
231.563326
30
0.0
0
VERTEX
8
P00101
10
150.706660
20
231.563326
30
0.0
0
SEQEND
0
POLYLINE
8
P00102
66
1
70
0
0
VERTEX
8
P00102
10
168.825332
20
231.563326
30
0.0
0
VERTEX
8
P00102
10
170.433998
20
231.563326
30
0.0
0
VERTEX
8
P00102
10
168.825332
20
231.563326
30
0.0
0
SEQEND
0
POLYLINE
8
P00103
66
1
70
0
0
VERTEX
8
P00103
10
171.873327
20
231.563326
30
0.0
0
VERTEX
8
P00103
10
188.552660
20
231.563326
30
0.0
0
VERTEX
8
P00103
10
171.873327
20
231.563326
30
0.0
0
SEQEND
0
POLYLINE
8
P00104
66
1
70
0
0
VERTEX
8
P00104
10
34.543999
20
231.563326
30
0.0
0
VERTEX
8
P00104
10
46.566667
20
231.563326
30
0.0
0
VERTEX
8
P00104
10
34.543999
20
231.563326
30
0.0
0
SEQEND
0
POLYLINE
8
P00105
66
1
70
0
0
VERTEX
8
P00105
10
186.605320
20
231.563326
30
0.0
0
VERTEX
8
P00105
10
198.543329
20
231.563326
30
0.0
0
VERTEX
8
P00105
10
186.605320
20
231.563326
30
0.0
0
SEQEND
0
POLYLINE
8
P00106
66
1
70
0
0
VERTEX
8
P00106
10
46.566667
20
231.563326
30
0.0
0
VERTEX
8
P00106
10
46.566667
20
194.563996
30
0.0
0
VERTEX
8
P00106
10
46.566667
20
231.563326
30
0.0
0
SEQEND
0
POLYLINE
8
P00107
66
1
70
0
0
VERTEX
8
P00107
10
186.605320
20
231.563326
30
0.0
0
VERTEX
8
P00107
10
186.605320
20
194.563996
30
0.0
0
VERTEX
8
P00107
10
186.605320
20
231.563326
30
0.0
0
SEQEND
0
POLYLINE
8
P00108
66
1
70
0
0
VERTEX
8
P00108
10
52.577998
20
243.501325
30
0.0
0
VERTEX
8
P00108
10
42.417999
20
257.047994
30
0.0
0
VERTEX
8
P00108
10
52.577998
20
243.501325
30
0.0
0
SEQEND
0
POLYLINE
8
P00109
66
1
70
0
0
VERTEX
8
P00109
10
173.905330
20
234.187993
30
0.0
0
VERTEX
8
P00109
10
196.257336
20
259.164661
30
0.0
0
VERTEX
8
P00109
10
173.905330
20
234.187993
30
0.0
0
SEQEND
0
POLYLINE
8
P00110
66
1
70
0
0
VERTEX
8
P00110
10
109.474003
20
231.563326
30
0.0
0
VERTEX
8
P00110
10
85.343999
20
255.693326
30
0.0
0
VERTEX
8
P00110
10
109.474003
20
231.563326
30
0.0
0
SEQEND
0
POLYLINE
8
P00111
66
1
70
0
0
VERTEX
8
P00111
10
93.895335
20
261.281328
30
0.0
0
VERTEX
8
P00111
10
97.366667
20
264.837326
30
0.0
0
VERTEX
8
P00111
10
93.895335
20
261.281328
30
0.0
0
SEQEND
0
POLYLINE
8
P00112
66
1
70
0
0
VERTEX
8
P00112
10
116.585993
20
238.590658
30
0.0
0
VERTEX
8
P00112
10
92.455995
20
262.720659
30
0.0
0
VERTEX
8
P00112
10
116.585993
20
238.590658
30
0.0
0
SEQEND
0
POLYLINE
8
P00113
66
1
70
0
0
VERTEX
8
P00113
10
97.366667
20
264.837326
30
0.0
0
VERTEX
8
P00113
10
109.304665
20
276.775326
30
0.0
0
VERTEX
8
P00113
10
97.366667
20
264.837326
30
0.0
0
SEQEND
0
POLYLINE
8
P00114
66
1
70
0
0
VERTEX
8
P00114
10
132.841999
20
254.931328
30
0.0
0
VERTEX
8
P00114
10
130.809996
20
256.793994
30
0.0
0
VERTEX
8
P00114
10
132.841999
20
254.931328
30
0.0
0
SEQEND
0
POLYLINE
8
P00115
66
1
70
0
0
VERTEX
8
P00115
10
130.809996
20
256.793994
30
0.0
0
VERTEX
8
P00115
10
128.523992
20
258.402660
30
0.0
0
VERTEX
8
P00115
10
130.809996
20
256.793994
30
0.0
0
SEQEND
0
POLYLINE
8
P00116
66
1
70
0
0
VERTEX
8
P00116
10
128.523992
20
258.402660
30
0.0
0
VERTEX
8
P00116
10
125.983998
20
259.672659
30
0.0
0
VERTEX
8
P00116
10
128.523992
20
258.402660
30
0.0
0
SEQEND
0
POLYLINE
8
P00117
66
1
70
0
0
VERTEX
8
P00117
10
125.983998
20
259.672659
30
0.0
0
VERTEX
8
P00117
10
123.359331
20
260.688661
30
0.0
0
VERTEX
8
P00117
10
125.983998
20
259.672659
30
0.0
0
SEQEND
0
POLYLINE
8
P00118
66
1
70
0
0
VERTEX
8
P00118
10
123.359331
20
260.688661
30
0.0
0
VERTEX
8
P00118
10
120.650000
20
261.281328
30
0.0
0
VERTEX
8
P00118
10
123.359331
20
260.688661
30
0.0
0
SEQEND
0
POLYLINE
8
P00119
66
1
70
0
0
VERTEX
8
P00119
10
120.650000
20
261.281328
30
0.0
0
VERTEX
8
P00119
10
117.940669
20
261.619994
30
0.0
0
VERTEX
8
P00119
10
120.650000
20
261.281328
30
0.0
0
SEQEND
0
POLYLINE
8
P00120
66
1
70
0
0
VERTEX
8
P00120
10
117.940669
20
261.619994
30
0.0
0
VERTEX
8
P00120
10
116.585993
20
261.704660
30
0.0
0
VERTEX
8
P00120
10
117.940669
20
261.619994
30
0.0
0
SEQEND
0
POLYLINE
8
P00121
66
1
70
0
0
VERTEX
8
P00121
10
109.474003
20
231.563326
30
0.0
0
VERTEX
8
P00121
10
134.281328
20
256.370659
30
0.0
0
VERTEX
8
P00121
10
109.474003
20
231.563326
30
0.0
0
SEQEND
0
POLYLINE
8
P00122
66
1
70
0
0
VERTEX
8
P00122
10
116.585993
20
251.544659
30
0.0
0
VERTEX
8
P00122
10
116.585993
20
263.651992
30
0.0
0
VERTEX
8
P00122
10
116.585993
20
251.544659
30
0.0
0
SEQEND
0
POLYLINE
8
P00123
66
1
70
0
0
VERTEX
8
P00123
10
136.397994
20
233.933993
30
0.0
0
VERTEX
8
P00123
10
154.601330
20
236.135328
30
0.0
0
VERTEX
8
P00123
10
136.397994
20
233.933993
30
0.0
0
SEQEND
0
POLYLINE
8
P00124
66
1
70
0
0
VERTEX
8
P00124
10
118.363996
20
211.666661
30
0.0
0
VERTEX
8
P00124
10
120.988664
20
212.005325
30
0.0
0
VERTEX
8
P00124
10
118.363996
20
211.666661
30
0.0
0
SEQEND
0
POLYLINE
8
P00125
66
1
70
0
0
VERTEX
8
P00125
10
120.988664
20
212.005325
30
0.0
0
VERTEX
8
P00125
10
123.443994
20
212.767326
30
0.0
0
VERTEX
8
P00125
10
120.988664
20
212.005325
30
0.0
0
SEQEND
0
POLYLINE
8
P00126
66
1
70
0
0
VERTEX
8
P00126
10
123.443994
20
212.767326
30
0.0
0
VERTEX
8
P00126
10
125.814661
20
213.783328
30
0.0
0
VERTEX
8
P00126
10
123.443994
20
212.767326
30
0.0
0
SEQEND
0
POLYLINE
8
P00127
66
1
70
0
0
VERTEX
8
P00127
10
125.814661
20
213.783328
30
0.0
0
VERTEX
8
P00127
10
128.016002
20
215.137993
30
0.0
0
VERTEX
8
P00127
10
125.814661
20
213.783328
30
0.0
0
SEQEND
0
POLYLINE
8
P00128
66
1
70
0
0
VERTEX
8
P00128
10
128.016002
20
215.137993
30
0.0
0
VERTEX
8
P00128
10
130.047994
20
216.831328
30
0.0
0
VERTEX
8
P00128
10
128.016002
20
215.137993
30
0.0
0
SEQEND
0
POLYLINE
8
P00129
66
1
70
0
0
VERTEX
8
P00129
10
130.047994
20
216.831328
30
0.0
0
VERTEX
8
P00129
10
131.910661
20
218.693994
30
0.0
0
VERTEX
8
P00129
10
130.047994
20
216.831328
30
0.0
0
SEQEND
0
POLYLINE
8
P00130
66
1
70
0
0
VERTEX
8
P00130
10
131.910661
20
218.693994
30
0.0
0
VERTEX
8
P00130
10
133.434663
20
220.810661
30
0.0
0
VERTEX
8
P00130
10
131.910661
20
218.693994
30
0.0
0
SEQEND
0
POLYLINE
8
P00131
66
1
70
0
0
VERTEX
8
P00131
10
133.434663
20
220.810661
30
0.0
0
VERTEX
8
P00131
10
134.704665
20
223.011996
30
0.0
0
VERTEX
8
P00131
10
133.434663
20
220.810661
30
0.0
0
SEQEND
0
POLYLINE
8
P00132
66
1
70
0
0
VERTEX
8
P00132
10
134.704665
20
223.011996
30
0.0
0
VERTEX
8
P00132
10
135.635993
20
225.467326
30
0.0
0
VERTEX
8
P00132
10
134.704665
20
223.011996
30
0.0
0
SEQEND
0
POLYLINE
8
P00133
66
1
70
0
0
VERTEX
8
P00133
10
135.635993
20
225.467326
30
0.0
0
VERTEX
8
P00133
10
136.228668
20
228.007325
30
0.0
0
VERTEX
8
P00133
10
135.635993
20
225.467326
30
0.0
0
SEQEND
0
POLYLINE
8
P00134
66
1
70
0
0
VERTEX
8
P00134
10
136.228668
20
228.007325
30
0.0
0
VERTEX
8
P00134
10
136.567332
20
230.547329
30
0.0
0
VERTEX
8
P00134
10
136.228668
20
228.007325
30
0.0
0
SEQEND
0
POLYLINE
8
P00135
66
1
70
0
0
VERTEX
8
P00135
10
136.567332
20
230.547329
30
0.0
0
VERTEX
8
P00135
10
136.482668
20
233.171992
30
0.0
0
VERTEX
8
P00135
10
136.567332
20
230.547329
30
0.0
0
SEQEND
0
POLYLINE
8
P00136
66
1
70
0
0
VERTEX
8
P00136
10
136.482668
20
233.171992
30
0.0
0
VERTEX
8
P00136
10
136.143994
20
235.796659
30
0.0
0
VERTEX
8
P00136
10
136.482668
20
233.171992
30
0.0
0
SEQEND
0
POLYLINE
8
P00137
66
1
70
0
0
VERTEX
8
P00137
10
136.143994
20
235.796659
30
0.0
0
VERTEX
8
P00137
10
136.059331
20
235.965991
30
0.0
0
VERTEX
8
P00137
10
136.143994
20
235.796659
30
0.0
0
SEQEND
0
POLYLINE
8
P00138
66
1
70
0
0
VERTEX
8
P00138
10
28.448000
20
250.189994
30
0.0
0
VERTEX
8
P00138
10
35.559998
20
250.189994
30
0.0
0
SEQEND
0
POLYLINE
8
P00139
66
1
70
0
0
VERTEX
8
P00139
10
28.448000
20
250.105325
30
0.0
0
VERTEX
8
P00139
10
35.559998
20
250.105325
30
0.0
0
SEQEND
0
POLYLINE
8
P00140
66
1
70
0
0
VERTEX
8
P00140
10
28.448000
20
250.020662
30
0.0
0
VERTEX
8
P00140
10
35.559998
20
250.020662
30
0.0
0
SEQEND
0
POLYLINE
8
P00141
66
1
70
0
0
VERTEX
8
P00141
10
28.448000
20
249.935993
30
0.0
0
VERTEX
8
P00141
10
35.559998
20
249.935993
30
0.0
0
SEQEND
0
POLYLINE
8
P00142
66
1
70
0
0
VERTEX
8
P00142
10
28.448000
20
249.851325
30
0.0
0
VERTEX
8
P00142
10
35.559998
20
249.851325
30
0.0
0
SEQEND
0
POLYLINE
8
P00143
66
1
70
0
0
VERTEX
8
P00143
10
28.448000
20
249.766661
30
0.0
0
VERTEX
8
P00143
10
35.559998
20
249.766661
30
0.0
0
SEQEND
0
POLYLINE
8
P00144
66
1
70
0
0
VERTEX
8
P00144
10
28.448000
20
249.681993
30
0.0
0
VERTEX
8
P00144
10
35.559998
20
249.681993
30
0.0
0
SEQEND
0
POLYLINE
8
P00145
66
1
70
0
0
VERTEX
8
P00145
10
28.448000
20
249.597324
30
0.0
0
VERTEX
8
P00145
10
35.559998
20
249.597324
30
0.0
0
SEQEND
0
POLYLINE
8
P00146
66
1
70
0
0
VERTEX
8
P00146
10
28.448000
20
249.512661
30
0.0
0
VERTEX
8
P00146
10
35.559998
20
249.512661
30
0.0
0
SEQEND
0
POLYLINE
8
P00147
66
1
70
0
0
VERTEX
8
P00147
10
28.448000
20
249.427992
30
0.0
0
VERTEX
8
P00147
10
35.559998
20
249.427992
30
0.0
0
SEQEND
0
POLYLINE
8
P00148
66
1
70
0
0
VERTEX
8
P00148
10
28.448000
20
249.343329
30
0.0
0
VERTEX
8
P00148
10
35.559998
20
249.343329
30
0.0
0
SEQEND
0
POLYLINE
8
P00149
66
1
70
0
0
VERTEX
8
P00149
10
28.448000
20
249.258660
30
0.0
0
VERTEX
8
P00149
10
35.559998
20
249.258660
30
0.0
0
SEQEND
0
POLYLINE
8
P00150
66
1
70
0
0
VERTEX
8
P00150
10
28.448000
20
249.173992
30
0.0
0
VERTEX
8
P00150
10
35.559998
20
249.173992
30
0.0
0
SEQEND
0
POLYLINE
8
P00151
66
1
70
0
0
VERTEX
8
P00151
10
28.448000
20
249.089329
30
0.0
0
VERTEX
8
P00151
10
35.559998
20
249.089329
30
0.0
0
SEQEND
0
POLYLINE
8
P00152
66
1
70
0
0
VERTEX
8
P00152
10
28.448000
20
249.004660
30
0.0
0
VERTEX
8
P00152
10
35.559998
20
249.004660
30
0.0
0
SEQEND
0
POLYLINE
8
P00153
66
1
70
0
0
VERTEX
8
P00153
10
28.448000
20
248.919991
30
0.0
0
VERTEX
8
P00153
10
35.559998
20
248.919991
30
0.0
0
SEQEND
0
POLYLINE
8
P00154
66
1
70
0
0
VERTEX
8
P00154
10
28.448000
20
248.835328
30
0.0
0
VERTEX
8
P00154
10
35.559998
20
248.835328
30
0.0
0
SEQEND
0
POLYLINE
8
P00155
66
1
70
0
0
VERTEX
8
P00155
10
28.448000
20
248.750660
30
0.0
0
VERTEX
8
P00155
10
35.559998
20
248.750660
30
0.0
0
SEQEND
0
POLYLINE
8
P00156
66
1
70
0
0
VERTEX
8
P00156
10
28.448000
20
248.665991
30
0.0
0
VERTEX
8
P00156
10
35.559998
20
248.665991
30
0.0
0
SEQEND
0
POLYLINE
8
P00157
66
1
70
0
0
VERTEX
8
P00157
10
28.448000
20
248.581328
30
0.0
0
VERTEX
8
P00157
10
35.559998
20
248.581328
30
0.0
0
SEQEND
0
POLYLINE
8
P00158
66
1
70
0
0
VERTEX
8
P00158
10
28.448000
20
248.496659
30
0.0
0
VERTEX
8
P00158
10
35.559998
20
248.496659
30
0.0
0
SEQEND
0
POLYLINE
8
P00159
66
1
70
0
0
VERTEX
8
P00159
10
28.448000
20
248.411996
30
0.0
0
VERTEX
8
P00159
10
35.559998
20
248.411996
30
0.0
0
SEQEND
0
POLYLINE
8
P00160
66
1
70
0
0
VERTEX
8
P00160
10
28.448000
20
248.327327
30
0.0
0
VERTEX
8
P00160
10
35.559998
20
248.327327
30
0.0
0
SEQEND
0
POLYLINE
8
P00161
66
1
70
0
0
VERTEX
8
P00161
10
28.448000
20
248.242659
30
0.0
0
VERTEX
8
P00161
10
35.559998
20
248.242659
30
0.0
0
SEQEND
0
POLYLINE
8
P00162
66
1
70
0
0
VERTEX
8
P00162
10
28.448000
20
248.157995
30
0.0
0
VERTEX
8
P00162
10
35.559998
20
248.157995
30
0.0
0
SEQEND
0
POLYLINE
8
P00163
66
1
70
0
0
VERTEX
8
P00163
10
28.448000
20
248.073327
30
0.0
0
VERTEX
8
P00163
10
35.559998
20
248.073327
30
0.0
0
SEQEND
0
POLYLINE
8
P00164
66
1
70
0
0
VERTEX
8
P00164
10
28.448000
20
247.988658
30
0.0
0
VERTEX
8
P00164
10
35.559998
20
247.988658
30
0.0
0
SEQEND
0
POLYLINE
8
P00165
66
1
70
0
0
VERTEX
8
P00165
10
28.448000
20
247.903995
30
0.0
0
VERTEX
8
P00165
10
35.559998
20
247.903995
30
0.0
0
SEQEND
0
POLYLINE
8
P00166
66
1
70
0
0
VERTEX
8
P00166
10
28.448000
20
247.819326
30
0.0
0
VERTEX
8
P00166
10
35.559998
20
247.819326
30
0.0
0
SEQEND
0
POLYLINE
8
P00167
66
1
70
0
0
VERTEX
8
P00167
10
28.448000
20
247.734658
30
0.0
0
VERTEX
8
P00167
10
35.559998
20
247.734658
30
0.0
0
SEQEND
0
POLYLINE
8
P00168
66
1
70
0
0
VERTEX
8
P00168
10
28.448000
20
247.649995
30
0.0
0
VERTEX
8
P00168
10
35.559998
20
247.649995
30
0.0
0
SEQEND
0
POLYLINE
8
P00169
66
1
70
0
0
VERTEX
8
P00169
10
28.448000
20
247.565326
30
0.0
0
VERTEX
8
P00169
10
35.559998
20
247.565326
30
0.0
0
SEQEND
0
POLYLINE
8
P00170
66
1
70
0
0
VERTEX
8
P00170
10
28.448000
20
247.480657
30
0.0
0
VERTEX
8
P00170
10
35.559998
20
247.480657
30
0.0
0
SEQEND
0
POLYLINE
8
P00171
66
1
70
0
0
VERTEX
8
P00171
10
28.448000
20
247.395994
30
0.0
0
VERTEX
8
P00171
10
35.559998
20
247.395994
30
0.0
0
SEQEND
0
POLYLINE
8
P00172
66
1
70
0
0
VERTEX
8
P00172
10
28.448000
20
247.311326
30
0.0
0
VERTEX
8
P00172
10
35.559998
20
247.311326
30
0.0
0
SEQEND
0
POLYLINE
8
P00173
66
1
70
0
0
VERTEX
8
P00173
10
28.448000
20
247.226662
30
0.0
0
VERTEX
8
P00173
10
35.559998
20
247.226662
30
0.0
0
SEQEND
0
POLYLINE
8
P00174
66
1
70
0
0
VERTEX
8
P00174
10
28.448000
20
247.141994
30
0.0
0
VERTEX
8
P00174
10
35.559998
20
247.141994
30
0.0
0
SEQEND
0
POLYLINE
8
P00175
66
1
70
0
0
VERTEX
8
P00175
10
28.448000
20
247.057325
30
0.0
0
VERTEX
8
P00175
10
35.559998
20
247.057325
30
0.0
0
SEQEND
0
POLYLINE
8
P00176
66
1
70
0
0
VERTEX
8
P00176
10
28.448000
20
246.972662
30
0.0
0
VERTEX
8
P00176
10
35.559998
20
246.972662
30
0.0
0
SEQEND
0
POLYLINE
8
P00177
66
1
70
0
0
VERTEX
8
P00177
10
28.448000
20
246.887993
30
0.0
0
VERTEX
8
P00177
10
35.559998
20
246.887993
30
0.0
0
SEQEND
0
POLYLINE
8
P00178
66
1
70
0
0
VERTEX
8
P00178
10
28.448000
20
246.803325
30
0.0
0
VERTEX
8
P00178
10
35.559998
20
246.803325
30
0.0
0
SEQEND
0
POLYLINE
8
P00179
66
1
70
0
0
VERTEX
8
P00179
10
28.448000
20
246.718661
30
0.0
0
VERTEX
8
P00179
10
35.559998
20
246.718661
30
0.0
0
SEQEND
0
POLYLINE
8
P00180
66
1
70
0
0
VERTEX
8
P00180
10
28.448000
20
246.633993
30
0.0
0
VERTEX
8
P00180
10
35.559998
20
246.633993
30
0.0
0
SEQEND
0
POLYLINE
8
P00181
66
1
70
0
0
VERTEX
8
P00181
10
28.448000
20
246.549324
30
0.0
0
VERTEX
8
P00181
10
35.559998
20
246.549324
30
0.0
0
SEQEND
0
POLYLINE
8
P00182
66
1
70
0
0
VERTEX
8
P00182
10
28.448000
20
246.464661
30
0.0
0
VERTEX
8
P00182
10
35.559998
20
246.464661
30
0.0
0
SEQEND
0
POLYLINE
8
P00183
66
1
70
0
0
VERTEX
8
P00183
10
28.448000
20
246.379992
30
0.0
0
VERTEX
8
P00183
10
35.559998
20
246.379992
30
0.0
0
SEQEND
0
POLYLINE
8
P00184
66
1
70
0
0
VERTEX
8
P00184
10
28.448000
20
246.295329
30
0.0
0
VERTEX
8
P00184
10
35.559998
20
246.295329
30
0.0
0
SEQEND
0
POLYLINE
8
P00185
66
1
70
0
0
VERTEX
8
P00185
10
28.448000
20
246.210661
30
0.0
0
VERTEX
8
P00185
10
35.559998
20
246.210661
30
0.0
0
SEQEND
0
POLYLINE
8
P00186
66
1
70
0
0
VERTEX
8
P00186
10
28.448000
20
246.125992
30
0.0
0
VERTEX
8
P00186
10
35.559998
20
246.125992
30
0.0
0
SEQEND
0
POLYLINE
8
P00187
66
1
70
0
0
VERTEX
8
P00187
10
28.448000
20
246.041329
30
0.0
0
VERTEX
8
P00187
10
35.559998
20
246.041329
30
0.0
0
SEQEND
0
POLYLINE
8
P00188
66
1
70
0
0
VERTEX
8
P00188
10
28.448000
20
245.956660
30
0.0
0
VERTEX
8
P00188
10
35.559998
20
245.956660
30
0.0
0
SEQEND
0
POLYLINE
8
P00189
66
1
70
0
0
VERTEX
8
P00189
10
28.448000
20
245.871992
30
0.0
0
VERTEX
8
P00189
10
35.559998
20
245.871992
30
0.0
0
SEQEND
0
POLYLINE
8
P00190
66
1
70
0
0
VERTEX
8
P00190
10
28.448000
20
245.787328
30
0.0
0
VERTEX
8
P00190
10
35.559998
20
245.787328
30
0.0
0
SEQEND
0
POLYLINE
8
P00191
66
1
70
0
0
VERTEX
8
P00191
10
28.448000
20
245.702660
30
0.0
0
VERTEX
8
P00191
10
35.559998
20
245.702660
30
0.0
0
SEQEND
0
POLYLINE
8
P00192
66
1
70
0
0
VERTEX
8
P00192
10
28.448000
20
245.617991
30
0.0
0
VERTEX
8
P00192
10
35.559998
20
245.617991
30
0.0
0
SEQEND
0
POLYLINE
8
P00193
66
1
70
0
0
VERTEX
8
P00193
10
28.448000
20
245.533328
30
0.0
0
VERTEX
8
P00193
10
35.559998
20
245.533328
30
0.0
0
SEQEND
0
POLYLINE
8
P00194
66
1
70
0
0
VERTEX
8
P00194
10
28.448000
20
245.448659
30
0.0
0
VERTEX
8
P00194
10
35.559998
20
245.448659
30
0.0
0
SEQEND
0
POLYLINE
8
P00195
66
1
70
0
0
VERTEX
8
P00195
10
28.448000
20
245.363991
30
0.0
0
VERTEX
8
P00195
10
35.559998
20
245.363991
30
0.0
0
SEQEND
0
POLYLINE
8
P00196
66
1
70
0
0
VERTEX
8
P00196
10
28.448000
20
245.279328
30
0.0
0
VERTEX
8
P00196
10
35.559998
20
245.279328
30
0.0
0
SEQEND
0
POLYLINE
8
P00197
66
1
70
0
0
VERTEX
8
P00197
10
28.448000
20
245.194659
30
0.0
0
VERTEX
8
P00197
10
35.559998
20
245.194659
30
0.0
0
SEQEND
0
POLYLINE
8
P00198
66
1
70
0
0
VERTEX
8
P00198
10
28.448000
20
245.109996
30
0.0
0
VERTEX
8
P00198
10
35.559998
20
245.109996
30
0.0
0
SEQEND
0
POLYLINE
8
P00199
66
1
70
0
0
VERTEX
8
P00199
10
28.448000
20
245.025327
30
0.0
0
VERTEX
8
P00199
10
35.559998
20
245.025327
30
0.0
0
SEQEND
0
POLYLINE
8
P00200
66
1
70
0
0
VERTEX
8
P00200
10
28.448000
20
244.940658
30
0.0
0
VERTEX
8
P00200
10
35.559998
20
244.940658
30
0.0
0
SEQEND
0
POLYLINE
8
P00201
66
1
70
0
0
VERTEX
8
P00201
10
28.448000
20
244.855995
30
0.0
0
VERTEX
8
P00201
10
35.559998
20
244.855995
30
0.0
0
SEQEND
0
POLYLINE
8
P00202
66
1
70
0
0
VERTEX
8
P00202
10
28.448000
20
244.771327
30
0.0
0
VERTEX
8
P00202
10
35.559998
20
244.771327
30
0.0
0
SEQEND
0
POLYLINE
8
P00203
66
1
70
0
0
VERTEX
8
P00203
10
28.448000
20
244.686658
30
0.0
0
VERTEX
8
P00203
10
35.559998
20
244.686658
30
0.0
0
SEQEND
0
POLYLINE
8
P00204
66
1
70
0
0
VERTEX
8
P00204
10
28.448000
20
244.601995
30
0.0
0
VERTEX
8
P00204
10
35.559998
20
244.601995
30
0.0
0
SEQEND
0
POLYLINE
8
P00205
66
1
70
0
0
VERTEX
8
P00205
10
28.448000
20
244.517326
30
0.0
0
VERTEX
8
P00205
10
35.559998
20
244.517326
30
0.0
0
SEQEND
0
POLYLINE
8
P00206
66
1
70
0
0
VERTEX
8
P00206
10
28.448000
20
244.432658
30
0.0
0
VERTEX
8
P00206
10
35.559998
20
244.432658
30
0.0
0
SEQEND
0
POLYLINE
8
P00207
66
1
70
0
0
VERTEX
8
P00207
10
28.448000
20
244.347994
30
0.0
0
VERTEX
8
P00207
10
35.559998
20
244.347994
30
0.0
0
SEQEND
0
POLYLINE
8
P00208
66
1
70
0
0
VERTEX
8
P00208
10
28.448000
20
244.263326
30
0.0
0
VERTEX
8
P00208
10
35.559998
20
244.263326
30
0.0
0
SEQEND
0
POLYLINE
8
P00209
66
1
70
0
0
VERTEX
8
P00209
10
28.448000
20
244.178663
30
0.0
0
VERTEX
8
P00209
10
35.559998
20
244.178663
30
0.0
0
SEQEND
0
POLYLINE
8
P00210
66
1
70
0
0
VERTEX
8
P00210
10
28.448000
20
244.093994
30
0.0
0
VERTEX
8
P00210
10
35.559998
20
244.093994
30
0.0
0
SEQEND
0
POLYLINE
8
P00211
66
1
70
0
0
VERTEX
8
P00211
10
28.448000
20
244.009325
30
0.0
0
VERTEX
8
P00211
10
35.559998
20
244.009325
30
0.0
0
SEQEND
0
POLYLINE
8
P00212
66
1
70
0
0
VERTEX
8
P00212
10
28.448000
20
243.924662
30
0.0
0
VERTEX
8
P00212
10
35.559998
20
243.924662
30
0.0
0
SEQEND
0
POLYLINE
8
P00213
66
1
70
0
0
VERTEX
8
P00213
10
28.448000
20
243.839994
30
0.0
0
VERTEX
8
P00213
10
35.559998
20
243.839994
30
0.0
0
SEQEND
0
POLYLINE
8
P00214
66
1
70
0
0
VERTEX
8
P00214
10
28.448000
20
243.755325
30
0.0
0
VERTEX
8
P00214
10
35.559998
20
243.755325
30
0.0
0
SEQEND
0
POLYLINE
8
P00215
66
1
70
0
0
VERTEX
8
P00215
10
28.448000
20
243.670662
30
0.0
0
VERTEX
8
P00215
10
35.559998
20
243.670662
30
0.0
0
SEQEND
0
POLYLINE
8
P00216
66
1
70
0
0
VERTEX
8
P00216
10
28.448000
20
243.585993
30
0.0
0
VERTEX
8
P00216
10
35.559998
20
243.585993
30
0.0
0
SEQEND
0
POLYLINE
8
P00217
66
1
70
0
0
VERTEX
8
P00217
10
28.448000
20
243.501325
30
0.0
0
VERTEX
8
P00217
10
35.559998
20
243.501325
30
0.0
0
SEQEND
0
POLYLINE
8
P00218
66
1
70
0
0
VERTEX
8
P00218
10
28.448000
20
243.416661
30
0.0
0
VERTEX
8
P00218
10
35.559998
20
243.416661
30
0.0
0
SEQEND
0
POLYLINE
8
P00219
66
1
70
0
0
VERTEX
8
P00219
10
28.448000
20
243.331993
30
0.0
0
VERTEX
8
P00219
10
35.559998
20
243.331993
30
0.0
0
SEQEND
0
POLYLINE
8
P00220
66
1
70
0
0
VERTEX
8
P00220
10
28.448000
20
243.247329
30
0.0
0
VERTEX
8
P00220
10
35.559998
20
243.247329
30
0.0
0
SEQEND
0
POLYLINE
8
P00221
66
1
70
0
0
VERTEX
8
P00221
10
28.448000
20
243.162661
30
0.0
0
VERTEX
8
P00221
10
35.559998
20
243.162661
30
0.0
0
SEQEND
0
POLYLINE
8
P00222
66
1
70
0
0
VERTEX
8
P00222
10
28.448000
20
243.077992
30
0.0
0
VERTEX
8
P00222
10
35.559998
20
243.077992
30
0.0
0
SEQEND
0
POLYLINE
8
P00223
66
1
70
0
0
VERTEX
8
P00223
10
28.448000
20
242.993329
30
0.0
0
VERTEX
8
P00223
10
35.559998
20
242.993329
30
0.0
0
SEQEND
0
POLYLINE
8
P00224
66
1
70
0
0
VERTEX
8
P00224
10
28.448000
20
242.908660
30
0.0
0
VERTEX
8
P00224
10
35.559998
20
242.908660
30
0.0
0
SEQEND
0
POLYLINE
8
P00225
66
1
70
0
0
VERTEX
8
P00225
10
28.448000
20
242.823992
30
0.0
0
VERTEX
8
P00225
10
35.559998
20
242.823992
30
0.0
0
SEQEND
0
POLYLINE
8
P00226
66
1
70
0
0
VERTEX
8
P00226
10
28.448000
20
242.739329
30
0.0
0
VERTEX
8
P00226
10
35.559998
20
242.739329
30
0.0
0
SEQEND
0
POLYLINE
8
P00227
66
1
70
0
0
VERTEX
8
P00227
10
28.448000
20
242.654660
30
0.0
0
VERTEX
8
P00227
10
35.559998
20
242.654660
30
0.0
0
SEQEND
0
POLYLINE
8
P00228
66
1
70
0
0
VERTEX
8
P00228
10
28.448000
20
242.569991
30
0.0
0
VERTEX
8
P00228
10
35.559998
20
242.569991
30
0.0
0
SEQEND
0
POLYLINE
8
P00229
66
1
70
0
0
VERTEX
8
P00229
10
28.448000
20
242.485328
30
0.0
0
VERTEX
8
P00229
10
35.559998
20
242.485328
30
0.0
0
SEQEND
0
POLYLINE
8
P00230
66
1
70
0
0
VERTEX
8
P00230
10
28.448000
20
242.400660
30
0.0
0
VERTEX
8
P00230
10
35.559998
20
242.400660
30
0.0
0
SEQEND
0
POLYLINE
8
P00231
66
1
70
0
0
VERTEX
8
P00231
10
28.448000
20
242.315991
30
0.0
0
VERTEX
8
P00231
10
35.559998
20
242.315991
30
0.0
0
SEQEND
0
POLYLINE
8
P00232
66
1
70
0
0
VERTEX
8
P00232
10
28.448000
20
242.231328
30
0.0
0
VERTEX
8
P00232
10
35.559998
20
242.231328
30
0.0
0
SEQEND
0
POLYLINE
8
P00233
66
1
70
0
0
VERTEX
8
P00233
10
28.448000
20
242.146659
30
0.0
0
VERTEX
8
P00233
10
35.559998
20
242.146659
30
0.0
0
SEQEND
0
POLYLINE
8
P00234
66
1
70
0
0
VERTEX
8
P00234
10
28.448000
20
242.061996
30
0.0
0
VERTEX
8
P00234
10
35.559998
20
242.061996
30
0.0
0
SEQEND
0
POLYLINE
8
P00235
66
1
70
0
0
VERTEX
8
P00235
10
28.448000
20
241.977327
30
0.0
0
VERTEX
8
P00235
10
35.559998
20
241.977327
30
0.0
0
SEQEND
0
POLYLINE
8
P00236
66
1
70
0
0
VERTEX
8
P00236
10
28.448000
20
241.892659
30
0.0
0
VERTEX
8
P00236
10
35.559998
20
241.892659
30
0.0
0
SEQEND
0
POLYLINE
8
P00237
66
1
70
0
0
VERTEX
8
P00237
10
28.448000
20
241.807995
30
0.0
0
VERTEX
8
P00237
10
35.559998
20
241.807995
30
0.0
0
SEQEND
0
POLYLINE
8
P00238
66
1
70
0
0
VERTEX
8
P00238
10
28.448000
20
241.723327
30
0.0
0
VERTEX
8
P00238
10
35.559998
20
241.723327
30
0.0
0
SEQEND
0
POLYLINE
8
P00239
66
1
70
0
0
VERTEX
8
P00239
10
28.448000
20
241.638658
30
0.0
0
VERTEX
8
P00239
10
35.559998
20
241.638658
30
0.0
0
SEQEND
0
POLYLINE
8
P00240
66
1
70
0
0
VERTEX
8
P00240
10
28.448000
20
241.553995
30
0.0
0
VERTEX
8
P00240
10
35.559998
20
241.553995
30
0.0
0
SEQEND
0
POLYLINE
8
P00241
66
1
70
0
0
VERTEX
8
P00241
10
28.448000
20
241.469326
30
0.0
0
VERTEX
8
P00241
10
35.559998
20
241.469326
30
0.0
0
SEQEND
0
POLYLINE
8
P00242
66
1
70
0
0
VERTEX
8
P00242
10
28.448000
20
241.384658
30
0.0
0
VERTEX
8
P00242
10
35.559998
20
241.384658
30
0.0
0
SEQEND
0
POLYLINE
8
P00243
66
1
70
0
0
VERTEX
8
P00243
10
28.448000
20
241.299995
30
0.0
0
VERTEX
8
P00243
10
35.559998
20
241.299995
30
0.0
0
SEQEND
0
POLYLINE
8
P00244
66
1
70
0
0
VERTEX
8
P00244
10
28.448000
20
241.215326
30
0.0
0
VERTEX
8
P00244
10
35.559998
20
241.215326
30
0.0
0
SEQEND
0
POLYLINE
8
P00245
66
1
70
0
0
VERTEX
8
P00245
10
28.448000
20
241.130663
30
0.0
0
VERTEX
8
P00245
10
35.559998
20
241.130663
30
0.0
0
SEQEND
0
POLYLINE
8
P00246
66
1
70
0
0
VERTEX
8
P00246
10
28.448000
20
241.045994
30
0.0
0
VERTEX
8
P00246
10
35.559998
20
241.045994
30
0.0
0
SEQEND
0
POLYLINE
8
P00247
66
1
70
0
0
VERTEX
8
P00247
10
28.448000
20
240.961326
30
0.0
0
VERTEX
8
P00247
10
35.559998
20
240.961326
30
0.0
0
SEQEND
0
POLYLINE
8
P00248
66
1
70
0
0
VERTEX
8
P00248
10
28.448000
20
240.876662
30
0.0
0
VERTEX
8
P00248
10
35.559998
20
240.876662
30
0.0
0
SEQEND
0
POLYLINE
8
P00249
66
1
70
0
0
VERTEX
8
P00249
10
28.448000
20
240.791994
30
0.0
0
VERTEX
8
P00249
10
35.559998
20
240.791994
30
0.0
0
SEQEND
0
POLYLINE
8
P00250
66
1
70
0
0
VERTEX
8
P00250
10
28.448000
20
240.707325
30
0.0
0
VERTEX
8
P00250
10
35.559998
20
240.707325
30
0.0
0
SEQEND
0
POLYLINE
8
P00251
66
1
70
0
0
VERTEX
8
P00251
10
28.448000
20
240.622662
30
0.0
0
VERTEX
8
P00251
10
35.559998
20
240.622662
30
0.0
0
SEQEND
0
POLYLINE
8
P00252
66
1
70
0
0
VERTEX
8
P00252
10
28.448000
20
240.537993
30
0.0
0
VERTEX
8
P00252
10
35.559998
20
240.537993
30
0.0
0
SEQEND
0
POLYLINE
8
P00253
66
1
70
0
0
VERTEX
8
P00253
10
28.448000
20
240.453325
30
0.0
0
VERTEX
8
P00253
10
35.559998
20
240.453325
30
0.0
0
SEQEND
0
POLYLINE
8
P00254
66
1
70
0
0
VERTEX
8
P00254
10
28.448000
20
240.368661
30
0.0
0
VERTEX
8
P00254
10
35.559998
20
240.368661
30
0.0
0
SEQEND
0
POLYLINE
8
P00255
66
1
70
0
0
VERTEX
8
P00255
10
28.448000
20
240.283993
30
0.0
0
VERTEX
8
P00255
10
35.559998
20
240.283993
30
0.0
0
SEQEND
0
POLYLINE
8
P00256
66
1
70
0
0
VERTEX
8
P00256
10
28.448000
20
240.199324
30
0.0
0
VERTEX
8
P00256
10
35.559998
20
240.199324
30
0.0
0
SEQEND
0
POLYLINE
8
P00257
66
1
70
0
0
VERTEX
8
P00257
10
28.448000
20
240.114661
30
0.0
0
VERTEX
8
P00257
10
35.559998
20
240.114661
30
0.0
0
SEQEND
0
POLYLINE
8
P00258
66
1
70
0
0
VERTEX
8
P00258
10
28.448000
20
240.029992
30
0.0
0
VERTEX
8
P00258
10
35.559998
20
240.029992
30
0.0
0
SEQEND
0
POLYLINE
8
P00259
66
1
70
0
0
VERTEX
8
P00259
10
28.448000
20
239.945329
30
0.0
0
VERTEX
8
P00259
10
35.559998
20
239.945329
30
0.0
0
SEQEND
0
POLYLINE
8
P00260
66
1
70
0
0
VERTEX
8
P00260
10
28.448000
20
239.860661
30
0.0
0
VERTEX
8
P00260
10
35.559998
20
239.860661
30
0.0
0
SEQEND
0
POLYLINE
8
P00261
66
1
70
0
0
VERTEX
8
P00261
10
28.448000
20
239.775992
30
0.0
0
VERTEX
8
P00261
10
35.559998
20
239.775992
30
0.0
0
SEQEND
0
POLYLINE
8
P00262
66
1
70
0
0
VERTEX
8
P00262
10
28.448000
20
239.691329
30
0.0
0
VERTEX
8
P00262
10
35.559998
20
239.691329
30
0.0
0
SEQEND
0
POLYLINE
8
P00263
66
1
70
0
0
VERTEX
8
P00263
10
28.448000
20
239.606660
30
0.0
0
VERTEX
8
P00263
10
35.559998
20
239.606660
30
0.0
0
SEQEND
0
POLYLINE
8
P00264
66
1
70
0
0
VERTEX
8
P00264
10
28.448000
20
239.521992
30
0.0
0
VERTEX
8
P00264
10
35.559998
20
239.521992
30
0.0
0
SEQEND
0
POLYLINE
8
P00265
66
1
70
0
0
VERTEX
8
P00265
10
28.448000
20
239.437328
30
0.0
0
VERTEX
8
P00265
10
35.559998
20
239.437328
30
0.0
0
SEQEND
0
POLYLINE
8
P00266
66
1
70
0
0
VERTEX
8
P00266
10
28.448000
20
239.352660
30
0.0
0
VERTEX
8
P00266
10
35.559998
20
239.352660
30
0.0
0
SEQEND
0
POLYLINE
8
P00267
66
1
70
0
0
VERTEX
8
P00267
10
28.448000
20
239.267991
30
0.0
0
VERTEX
8
P00267
10
35.559998
20
239.267991
30
0.0
0
SEQEND
0
POLYLINE
8
P00268
66
1
70
0
0
VERTEX
8
P00268
10
28.448000
20
239.183328
30
0.0
0
VERTEX
8
P00268
10
35.559998
20
239.183328
30
0.0
0
SEQEND
0
POLYLINE
8
P00269
66
1
70
0
0
VERTEX
8
P00269
10
28.448000
20
239.098659
30
0.0
0
VERTEX
8
P00269
10
35.559998
20
239.098659
30
0.0
0
SEQEND
0
POLYLINE
8
P00270
66
1
70
0
0
VERTEX
8
P00270
10
28.448000
20
239.013996
30
0.0
0
VERTEX
8
P00270
10
35.559998
20
239.013996
30
0.0
0
SEQEND
0
POLYLINE
8
P00271
66
1
70
0
0
VERTEX
8
P00271
10
28.448000
20
238.929328
30
0.0
0
VERTEX
8
P00271
10
35.559998
20
238.929328
30
0.0
0
SEQEND
0
POLYLINE
8
P00272
66
1
70
0
0
VERTEX
8
P00272
10
28.448000
20
238.844659
30
0.0
0
VERTEX
8
P00272
10
35.559998
20
238.844659
30
0.0
0
SEQEND
0
POLYLINE
8
P00273
66
1
70
0
0
VERTEX
8
P00273
10
28.448000
20
238.759996
30
0.0
0
VERTEX
8
P00273
10
35.559998
20
238.759996
30
0.0
0
SEQEND
0
POLYLINE
8
P00274
66
1
70
0
0
VERTEX
8
P00274
10
28.448000
20
238.675327
30
0.0
0
VERTEX
8
P00274
10
35.559998
20
238.675327
30
0.0
0
SEQEND
0
POLYLINE
8
P00275
66
1
70
0
0
VERTEX
8
P00275
10
28.448000
20
238.590658
30
0.0
0
VERTEX
8
P00275
10
35.559998
20
238.590658
30
0.0
0
SEQEND
0
POLYLINE
8
P00276
66
1
70
0
0
VERTEX
8
P00276
10
28.448000
20
238.505995
30
0.0
0
VERTEX
8
P00276
10
35.559998
20
238.505995
30
0.0
0
SEQEND
0
POLYLINE
8
P00277
66
1
70
0
0
VERTEX
8
P00277
10
28.448000
20
238.421327
30
0.0
0
VERTEX
8
P00277
10
35.559998
20
238.421327
30
0.0
0
SEQEND
0
POLYLINE
8
P00278
66
1
70
0
0
VERTEX
8
P00278
10
28.448000
20
238.336658
30
0.0
0
VERTEX
8
P00278
10
35.559998
20
238.336658
30
0.0
0
SEQEND
0
POLYLINE
8
P00279
66
1
70
0
0
VERTEX
8
P00279
10
28.448000
20
238.251995
30
0.0
0
VERTEX
8
P00279
10
35.559998
20
238.251995
30
0.0
0
SEQEND
0
POLYLINE
8
P00280
66
1
70
0
0
VERTEX
8
P00280
10
28.448000
20
238.167326
30
0.0
0
VERTEX
8
P00280
10
35.559998
20
238.167326
30
0.0
0
SEQEND
0
POLYLINE
8
P00281
66
1
70
0
0
VERTEX
8
P00281
10
28.448000
20
238.082658
30
0.0
0
VERTEX
8
P00281
10
35.559998
20
238.082658
30
0.0
0
SEQEND
0
POLYLINE
8
P00282
66
1
70
0
0
VERTEX
8
P00282
10
28.448000
20
237.997994
30
0.0
0
VERTEX
8
P00282
10
35.559998
20
237.997994
30
0.0
0
SEQEND
0
POLYLINE
8
P00283
66
1
70
0
0
VERTEX
8
P00283
10
28.448000
20
237.913326
30
0.0
0
VERTEX
8
P00283
10
35.559998
20
237.913326
30
0.0
0
SEQEND
0
POLYLINE
8
P00284
66
1
70
0
0
VERTEX
8
P00284
10
28.448000
20
237.828663
30
0.0
0
VERTEX
8
P00284
10
35.559998
20
237.828663
30
0.0
0
SEQEND
0
POLYLINE
8
P00285
66
1
70
0
0
VERTEX
8
P00285
10
28.448000
20
237.743994
30
0.0
0
VERTEX
8
P00285
10
35.559998
20
237.743994
30
0.0
0
SEQEND
0
POLYLINE
8
P00286
66
1
70
0
0
VERTEX
8
P00286
10
28.448000
20
237.659325
30
0.0
0
VERTEX
8
P00286
10
35.559998
20
237.659325
30
0.0
0
SEQEND
0
POLYLINE
8
P00287
66
1
70
0
0
VERTEX
8
P00287
10
28.448000
20
237.574662
30
0.0
0
VERTEX
8
P00287
10
35.559998
20
237.574662
30
0.0
0
SEQEND
0
POLYLINE
8
P00288
66
1
70
0
0
VERTEX
8
P00288
10
28.448000
20
237.489994
30
0.0
0
VERTEX
8
P00288
10
35.559998
20
237.489994
30
0.0
0
SEQEND
0
POLYLINE
8
P00289
66
1
70
0
0
VERTEX
8
P00289
10
28.448000
20
237.405325
30
0.0
0
VERTEX
8
P00289
10
35.559998
20
237.405325
30
0.0
0
SEQEND
0
POLYLINE
8
P00290
66
1
70
0
0
VERTEX
8
P00290
10
28.448000
20
237.320662
30
0.0
0
VERTEX
8
P00290
10
35.559998
20
237.320662
30
0.0
0
SEQEND
0
POLYLINE
8
P00291
66
1
70
0
0
VERTEX
8
P00291
10
28.448000
20
237.235993
30
0.0
0
VERTEX
8
P00291
10
35.559998
20
237.235993
30
0.0
0
SEQEND
0
POLYLINE
8
P00292
66
1
70
0
0
VERTEX
8
P00292
10
28.448000
20
237.151325
30
0.0
0
VERTEX
8
P00292
10
35.559998
20
237.151325
30
0.0
0
SEQEND
0
POLYLINE
8
P00293
66
1
70
0
0
VERTEX
8
P00293
10
28.448000
20
237.066661
30
0.0
0
VERTEX
8
P00293
10
35.559998
20
237.066661
30
0.0
0
SEQEND
0
POLYLINE
8
P00294
66
1
70
0
0
VERTEX
8
P00294
10
28.448000
20
236.981993
30
0.0
0
VERTEX
8
P00294
10
35.559998
20
236.981993
30
0.0
0
SEQEND
0
POLYLINE
8
P00295
66
1
70
0
0
VERTEX
8
P00295
10
28.448000
20
236.897329
30
0.0
0
VERTEX
8
P00295
10
35.559998
20
236.897329
30
0.0
0
SEQEND
0
POLYLINE
8
P00296
66
1
70
0
0
VERTEX
8
P00296
10
28.448000
20
236.812661
30
0.0
0
VERTEX
8
P00296
10
35.559998
20
236.812661
30
0.0
0
SEQEND
0
POLYLINE
8
P00297
66
1
70
0
0
VERTEX
8
P00297
10
28.448000
20
236.727992
30
0.0
0
VERTEX
8
P00297
10
35.559998
20
236.727992
30
0.0
0
SEQEND
0
POLYLINE
8
P00298
66
1
70
0
0
VERTEX
8
P00298
10
28.448000
20
236.643329
30
0.0
0
VERTEX
8
P00298
10
35.559998
20
236.643329
30
0.0
0
SEQEND
0
POLYLINE
8
P00299
66
1
70
0
0
VERTEX
8
P00299
10
28.448000
20
236.558660
30
0.0
0
VERTEX
8
P00299
10
35.559998
20
236.558660
30
0.0
0
SEQEND
0
POLYLINE
8
P00300
66
1
70
0
0
VERTEX
8
P00300
10
28.448000
20
236.473992
30
0.0
0
VERTEX
8
P00300
10
35.559998
20
236.473992
30
0.0
0
SEQEND
0
POLYLINE
8
P00301
66
1
70
0
0
VERTEX
8
P00301
10
28.448000
20
236.389329
30
0.0
0
VERTEX
8
P00301
10
35.559998
20
236.389329
30
0.0
0
SEQEND
0
POLYLINE
8
P00302
66
1
70
0
0
VERTEX
8
P00302
10
28.448000
20
236.304660
30
0.0
0
VERTEX
8
P00302
10
35.559998
20
236.304660
30
0.0
0
SEQEND
0
POLYLINE
8
P00303
66
1
70
0
0
VERTEX
8
P00303
10
28.448000
20
236.219991
30
0.0
0
VERTEX
8
P00303
10
35.559998
20
236.219991
30
0.0
0
SEQEND
0
POLYLINE
8
P00304
66
1
70
0
0
VERTEX
8
P00304
10
28.448000
20
236.135328
30
0.0
0
VERTEX
8
P00304
10
35.559998
20
236.135328
30
0.0
0
SEQEND
0
POLYLINE
8
P00305
66
1
70
0
0
VERTEX
8
P00305
10
28.448000
20
236.050660
30
0.0
0
VERTEX
8
P00305
10
35.559998
20
236.050660
30
0.0
0
SEQEND
0
POLYLINE
8
P00306
66
1
70
0
0
VERTEX
8
P00306
10
28.448000
20
235.965991
30
0.0
0
VERTEX
8
P00306
10
35.559998
20
235.965991
30
0.0
0
SEQEND
0
POLYLINE
8
P00307
66
1
70
0
0
VERTEX
8
P00307
10
28.448000
20
235.881328
30
0.0
0
VERTEX
8
P00307
10
35.559998
20
235.881328
30
0.0
0
SEQEND
0
POLYLINE
8
P00308
66
1
70
0
0
VERTEX
8
P00308
10
28.448000
20
235.796659
30
0.0
0
VERTEX
8
P00308
10
35.559998
20
235.796659
30
0.0
0
SEQEND
0
POLYLINE
8
P00309
66
1
70
0
0
VERTEX
8
P00309
10
28.448000
20
235.711996
30
0.0
0
VERTEX
8
P00309
10
35.559998
20
235.711996
30
0.0
0
SEQEND
0
POLYLINE
8
P00310
66
1
70
0
0
VERTEX
8
P00310
10
28.448000
20
235.627327
30
0.0
0
VERTEX
8
P00310
10
35.559998
20
235.627327
30
0.0
0
SEQEND
0
POLYLINE
8
P00311
66
1
70
0
0
VERTEX
8
P00311
10
28.448000
20
235.542659
30
0.0
0
VERTEX
8
P00311
10
35.559998
20
235.542659
30
0.0
0
SEQEND
0
POLYLINE
8
P00312
66
1
70
0
0
VERTEX
8
P00312
10
28.448000
20
235.457995
30
0.0
0
VERTEX
8
P00312
10
35.559998
20
235.457995
30
0.0
0
VERTEX
8
P00312
10
28.448000
20
235.457995
30
0.0
0
SEQEND
0
POLYLINE
8
P00313
66
1
70
0
0
VERTEX
8
P00313
10
197.527327
20
250.189994
30
0.0
0
VERTEX
8
P00313
10
204.724003
20
250.189994
30
0.0
0
SEQEND
0
POLYLINE
8
P00314
66
1
70
0
0
VERTEX
8
P00314
10
197.527327
20
250.105325
30
0.0
0
VERTEX
8
P00314
10
204.724003
20
250.105325
30
0.0
0
SEQEND
0
POLYLINE
8
P00315
66
1
70
0
0
VERTEX
8
P00315
10
197.527327
20
250.020662
30
0.0
0
VERTEX
8
P00315
10
204.724003
20
250.020662
30
0.0
0
SEQEND
0
POLYLINE
8
P00316
66
1
70
0
0
VERTEX
8
P00316
10
197.527327
20
249.935993
30
0.0
0
VERTEX
8
P00316
10
204.724003
20
249.935993
30
0.0
0
SEQEND
0
POLYLINE
8
P00317
66
1
70
0
0
VERTEX
8
P00317
10
197.527327
20
249.851325
30
0.0
0
VERTEX
8
P00317
10
204.724003
20
249.851325
30
0.0
0
SEQEND
0
POLYLINE
8
P00318
66
1
70
0
0
VERTEX
8
P00318
10
197.527327
20
249.766661
30
0.0
0
VERTEX
8
P00318
10
204.724003
20
249.766661
30
0.0
0
SEQEND
0
POLYLINE
8
P00319
66
1
70
0
0
VERTEX
8
P00319
10
197.527327
20
249.681993
30
0.0
0
VERTEX
8
P00319
10
204.724003
20
249.681993
30
0.0
0
SEQEND
0
POLYLINE
8
P00320
66
1
70
0
0
VERTEX
8
P00320
10
197.527327
20
249.597324
30
0.0
0
VERTEX
8
P00320
10
204.724003
20
249.597324
30
0.0
0
SEQEND
0
POLYLINE
8
P00321
66
1
70
0
0
VERTEX
8
P00321
10
197.527327
20
249.512661
30
0.0
0
VERTEX
8
P00321
10
204.724003
20
249.512661
30
0.0
0
SEQEND
0
POLYLINE
8
P00322
66
1
70
0
0
VERTEX
8
P00322
10
197.527327
20
249.427992
30
0.0
0
VERTEX
8
P00322
10
204.724003
20
249.427992
30
0.0
0
SEQEND
0
POLYLINE
8
P00323
66
1
70
0
0
VERTEX
8
P00323
10
197.527327
20
249.343329
30
0.0
0
VERTEX
8
P00323
10
204.724003
20
249.343329
30
0.0
0
SEQEND
0
POLYLINE
8
P00324
66
1
70
0
0
VERTEX
8
P00324
10
197.527327
20
249.258660
30
0.0
0
VERTEX
8
P00324
10
204.724003
20
249.258660
30
0.0
0
SEQEND
0
POLYLINE
8
P00325
66
1
70
0
0
VERTEX
8
P00325
10
197.527327
20
249.173992
30
0.0
0
VERTEX
8
P00325
10
204.724003
20
249.173992
30
0.0
0
SEQEND
0
POLYLINE
8
P00326
66
1
70
0
0
VERTEX
8
P00326
10
197.527327
20
249.089329
30
0.0
0
VERTEX
8
P00326
10
204.724003
20
249.089329
30
0.0
0
SEQEND
0
POLYLINE
8
P00327
66
1
70
0
0
VERTEX
8
P00327
10
197.527327
20
249.004660
30
0.0
0
VERTEX
8
P00327
10
204.724003
20
249.004660
30
0.0
0
SEQEND
0
POLYLINE
8
P00328
66
1
70
0
0
VERTEX
8
P00328
10
197.527327
20
248.919991
30
0.0
0
VERTEX
8
P00328
10
204.724003
20
248.919991
30
0.0
0
SEQEND
0
POLYLINE
8
P00329
66
1
70
0
0
VERTEX
8
P00329
10
197.527327
20
248.835328
30
0.0
0
VERTEX
8
P00329
10
204.724003
20
248.835328
30
0.0
0
SEQEND
0
POLYLINE
8
P00330
66
1
70
0
0
VERTEX
8
P00330
10
197.527327
20
248.750660
30
0.0
0
VERTEX
8
P00330
10
204.724003
20
248.750660
30
0.0
0
SEQEND
0
POLYLINE
8
P00331
66
1
70
0
0
VERTEX
8
P00331
10
197.527327
20
248.665991
30
0.0
0
VERTEX
8
P00331
10
204.724003
20
248.665991
30
0.0
0
SEQEND
0
POLYLINE
8
P00332
66
1
70
0
0
VERTEX
8
P00332
10
197.527327
20
248.581328
30
0.0
0
VERTEX
8
P00332
10
204.724003
20
248.581328
30
0.0
0
SEQEND
0
POLYLINE
8
P00333
66
1
70
0
0
VERTEX
8
P00333
10
197.527327
20
248.496659
30
0.0
0
VERTEX
8
P00333
10
204.724003
20
248.496659
30
0.0
0
SEQEND
0
POLYLINE
8
P00334
66
1
70
0
0
VERTEX
8
P00334
10
197.527327
20
248.411996
30
0.0
0
VERTEX
8
P00334
10
204.724003
20
248.411996
30
0.0
0
SEQEND
0
POLYLINE
8
P00335
66
1
70
0
0
VERTEX
8
P00335
10
197.527327
20
248.327327
30
0.0
0
VERTEX
8
P00335
10
204.724003
20
248.327327
30
0.0
0
SEQEND
0
POLYLINE
8
P00336
66
1
70
0
0
VERTEX
8
P00336
10
197.527327
20
248.242659
30
0.0
0
VERTEX
8
P00336
10
204.724003
20
248.242659
30
0.0
0
SEQEND
0
POLYLINE
8
P00337
66
1
70
0
0
VERTEX
8
P00337
10
197.527327
20
248.157995
30
0.0
0
VERTEX
8
P00337
10
204.724003
20
248.157995
30
0.0
0
SEQEND
0
POLYLINE
8
P00338
66
1
70
0
0
VERTEX
8
P00338
10
197.527327
20
248.073327
30
0.0
0
VERTEX
8
P00338
10
204.724003
20
248.073327
30
0.0
0
SEQEND
0
POLYLINE
8
P00339
66
1
70
0
0
VERTEX
8
P00339
10
197.527327
20
247.988658
30
0.0
0
VERTEX
8
P00339
10
204.724003
20
247.988658
30
0.0
0
SEQEND
0
POLYLINE
8
P00340
66
1
70
0
0
VERTEX
8
P00340
10
197.527327
20
247.903995
30
0.0
0
VERTEX
8
P00340
10
204.724003
20
247.903995
30
0.0
0
SEQEND
0
POLYLINE
8
P00341
66
1
70
0
0
VERTEX
8
P00341
10
197.527327
20
247.819326
30
0.0
0
VERTEX
8
P00341
10
204.724003
20
247.819326
30
0.0
0
SEQEND
0
POLYLINE
8
P00342
66
1
70
0
0
VERTEX
8
P00342
10
197.527327
20
247.734658
30
0.0
0
VERTEX
8
P00342
10
204.724003
20
247.734658
30
0.0
0
SEQEND
0
POLYLINE
8
P00343
66
1
70
0
0
VERTEX
8
P00343
10
197.527327
20
247.649995
30
0.0
0
VERTEX
8
P00343
10
204.724003
20
247.649995
30
0.0
0
SEQEND
0
POLYLINE
8
P00344
66
1
70
0
0
VERTEX
8
P00344
10
197.527327
20
247.565326
30
0.0
0
VERTEX
8
P00344
10
204.724003
20
247.565326
30
0.0
0
SEQEND
0
POLYLINE
8
P00345
66
1
70
0
0
VERTEX
8
P00345
10
197.527327
20
247.480657
30
0.0
0
VERTEX
8
P00345
10
204.724003
20
247.480657
30
0.0
0
SEQEND
0
POLYLINE
8
P00346
66
1
70
0
0
VERTEX
8
P00346
10
197.527327
20
247.395994
30
0.0
0
VERTEX
8
P00346
10
204.724003
20
247.395994
30
0.0
0
SEQEND
0
POLYLINE
8
P00347
66
1
70
0
0
VERTEX
8
P00347
10
197.527327
20
247.311326
30
0.0
0
VERTEX
8
P00347
10
204.724003
20
247.311326
30
0.0
0
SEQEND
0
POLYLINE
8
P00348
66
1
70
0
0
VERTEX
8
P00348
10
197.527327
20
247.226662
30
0.0
0
VERTEX
8
P00348
10
204.724003
20
247.226662
30
0.0
0
SEQEND
0
POLYLINE
8
P00349
66
1
70
0
0
VERTEX
8
P00349
10
197.527327
20
247.141994
30
0.0
0
VERTEX
8
P00349
10
204.724003
20
247.141994
30
0.0
0
SEQEND
0
POLYLINE
8
P00350
66
1
70
0
0
VERTEX
8
P00350
10
197.527327
20
247.057325
30
0.0
0
VERTEX
8
P00350
10
204.724003
20
247.057325
30
0.0
0
SEQEND
0
POLYLINE
8
P00351
66
1
70
0
0
VERTEX
8
P00351
10
197.527327
20
246.972662
30
0.0
0
VERTEX
8
P00351
10
204.724003
20
246.972662
30
0.0
0
SEQEND
0
POLYLINE
8
P00352
66
1
70
0
0
VERTEX
8
P00352
10
197.527327
20
246.887993
30
0.0
0
VERTEX
8
P00352
10
204.724003
20
246.887993
30
0.0
0
SEQEND
0
POLYLINE
8
P00353
66
1
70
0
0
VERTEX
8
P00353
10
197.527327
20
246.803325
30
0.0
0
VERTEX
8
P00353
10
204.724003
20
246.803325
30
0.0
0
SEQEND
0
POLYLINE
8
P00354
66
1
70
0
0
VERTEX
8
P00354
10
197.527327
20
246.718661
30
0.0
0
VERTEX
8
P00354
10
204.724003
20
246.718661
30
0.0
0
SEQEND
0
POLYLINE
8
P00355
66
1
70
0
0
VERTEX
8
P00355
10
197.527327
20
246.633993
30
0.0
0
VERTEX
8
P00355
10
204.724003
20
246.633993
30
0.0
0
SEQEND
0
POLYLINE
8
P00356
66
1
70
0
0
VERTEX
8
P00356
10
197.527327
20
246.549324
30
0.0
0
VERTEX
8
P00356
10
204.724003
20
246.549324
30
0.0
0
SEQEND
0
POLYLINE
8
P00357
66
1
70
0
0
VERTEX
8
P00357
10
197.527327
20
246.464661
30
0.0
0
VERTEX
8
P00357
10
204.724003
20
246.464661
30
0.0
0
SEQEND
0
POLYLINE
8
P00358
66
1
70
0
0
VERTEX
8
P00358
10
197.527327
20
246.379992
30
0.0
0
VERTEX
8
P00358
10
204.724003
20
246.379992
30
0.0
0
SEQEND
0
POLYLINE
8
P00359
66
1
70
0
0
VERTEX
8
P00359
10
197.527327
20
246.295329
30
0.0
0
VERTEX
8
P00359
10
204.724003
20
246.295329
30
0.0
0
SEQEND
0
POLYLINE
8
P00360
66
1
70
0
0
VERTEX
8
P00360
10
197.527327
20
246.210661
30
0.0
0
VERTEX
8
P00360
10
204.724003
20
246.210661
30
0.0
0
SEQEND
0
POLYLINE
8
P00361
66
1
70
0
0
VERTEX
8
P00361
10
197.527327
20
246.125992
30
0.0
0
VERTEX
8
P00361
10
204.724003
20
246.125992
30
0.0
0
SEQEND
0
POLYLINE
8
P00362
66
1
70
0
0
VERTEX
8
P00362
10
197.527327
20
246.041329
30
0.0
0
VERTEX
8
P00362
10
204.724003
20
246.041329
30
0.0
0
SEQEND
0
POLYLINE
8
P00363
66
1
70
0
0
VERTEX
8
P00363
10
197.527327
20
245.956660
30
0.0
0
VERTEX
8
P00363
10
204.724003
20
245.956660
30
0.0
0
SEQEND
0
POLYLINE
8
P00364
66
1
70
0
0
VERTEX
8
P00364
10
197.527327
20
245.871992
30
0.0
0
VERTEX
8
P00364
10
204.724003
20
245.871992
30
0.0
0
SEQEND
0
POLYLINE
8
P00365
66
1
70
0
0
VERTEX
8
P00365
10
197.527327
20
245.787328
30
0.0
0
VERTEX
8
P00365
10
204.724003
20
245.787328
30
0.0
0
SEQEND
0
POLYLINE
8
P00366
66
1
70
0
0
VERTEX
8
P00366
10
197.527327
20
245.702660
30
0.0
0
VERTEX
8
P00366
10
204.724003
20
245.702660
30
0.0
0
SEQEND
0
POLYLINE
8
P00367
66
1
70
0
0
VERTEX
8
P00367
10
197.527327
20
245.617991
30
0.0
0
VERTEX
8
P00367
10
204.724003
20
245.617991
30
0.0
0
SEQEND
0
POLYLINE
8
P00368
66
1
70
0
0
VERTEX
8
P00368
10
197.527327
20
245.533328
30
0.0
0
VERTEX
8
P00368
10
204.724003
20
245.533328
30
0.0
0
SEQEND
0
POLYLINE
8
P00369
66
1
70
0
0
VERTEX
8
P00369
10
197.527327
20
245.448659
30
0.0
0
VERTEX
8
P00369
10
204.724003
20
245.448659
30
0.0
0
SEQEND
0
POLYLINE
8
P00370
66
1
70
0
0
VERTEX
8
P00370
10
197.527327
20
245.363991
30
0.0
0
VERTEX
8
P00370
10
204.724003
20
245.363991
30
0.0
0
SEQEND
0
POLYLINE
8
P00371
66
1
70
0
0
VERTEX
8
P00371
10
197.527327
20
245.279328
30
0.0
0
VERTEX
8
P00371
10
204.724003
20
245.279328
30
0.0
0
SEQEND
0
POLYLINE
8
P00372
66
1
70
0
0
VERTEX
8
P00372
10
197.527327
20
245.194659
30
0.0
0
VERTEX
8
P00372
10
204.724003
20
245.194659
30
0.0
0
SEQEND
0
POLYLINE
8
P00373
66
1
70
0
0
VERTEX
8
P00373
10
197.527327
20
245.109996
30
0.0
0
VERTEX
8
P00373
10
204.724003
20
245.109996
30
0.0
0
SEQEND
0
POLYLINE
8
P00374
66
1
70
0
0
VERTEX
8
P00374
10
197.527327
20
245.025327
30
0.0
0
VERTEX
8
P00374
10
204.724003
20
245.025327
30
0.0
0
SEQEND
0
POLYLINE
8
P00375
66
1
70
0
0
VERTEX
8
P00375
10
197.527327
20
244.940658
30
0.0
0
VERTEX
8
P00375
10
204.724003
20
244.940658
30
0.0
0
SEQEND
0
POLYLINE
8
P00376
66
1
70
0
0
VERTEX
8
P00376
10
197.527327
20
244.855995
30
0.0
0
VERTEX
8
P00376
10
204.724003
20
244.855995
30
0.0
0
SEQEND
0
POLYLINE
8
P00377
66
1
70
0
0
VERTEX
8
P00377
10
197.527327
20
244.771327
30
0.0
0
VERTEX
8
P00377
10
204.724003
20
244.771327
30
0.0
0
SEQEND
0
POLYLINE
8
P00378
66
1
70
0
0
VERTEX
8
P00378
10
197.527327
20
244.686658
30
0.0
0
VERTEX
8
P00378
10
204.724003
20
244.686658
30
0.0
0
SEQEND
0
POLYLINE
8
P00379
66
1
70
0
0
VERTEX
8
P00379
10
197.527327
20
244.601995
30
0.0
0
VERTEX
8
P00379
10
204.724003
20
244.601995
30
0.0
0
SEQEND
0
POLYLINE
8
P00380
66
1
70
0
0
VERTEX
8
P00380
10
197.527327
20
244.517326
30
0.0
0
VERTEX
8
P00380
10
204.724003
20
244.517326
30
0.0
0
SEQEND
0
POLYLINE
8
P00381
66
1
70
0
0
VERTEX
8
P00381
10
197.527327
20
244.432658
30
0.0
0
VERTEX
8
P00381
10
204.724003
20
244.432658
30
0.0
0
SEQEND
0
POLYLINE
8
P00382
66
1
70
0
0
VERTEX
8
P00382
10
197.527327
20
244.347994
30
0.0
0
VERTEX
8
P00382
10
204.724003
20
244.347994
30
0.0
0
SEQEND
0
POLYLINE
8
P00383
66
1
70
0
0
VERTEX
8
P00383
10
197.527327
20
244.263326
30
0.0
0
VERTEX
8
P00383
10
204.724003
20
244.263326
30
0.0
0
SEQEND
0
POLYLINE
8
P00384
66
1
70
0
0
VERTEX
8
P00384
10
197.527327
20
244.178663
30
0.0
0
VERTEX
8
P00384
10
204.724003
20
244.178663
30
0.0
0
SEQEND
0
POLYLINE
8
P00385
66
1
70
0
0
VERTEX
8
P00385
10
197.527327
20
244.093994
30
0.0
0
VERTEX
8
P00385
10
204.724003
20
244.093994
30
0.0
0
SEQEND
0
POLYLINE
8
P00386
66
1
70
0
0
VERTEX
8
P00386
10
197.527327
20
244.009325
30
0.0
0
VERTEX
8
P00386
10
204.724003
20
244.009325
30
0.0
0
SEQEND
0
POLYLINE
8
P00387
66
1
70
0
0
VERTEX
8
P00387
10
197.527327
20
243.924662
30
0.0
0
VERTEX
8
P00387
10
204.724003
20
243.924662
30
0.0
0
SEQEND
0
POLYLINE
8
P00388
66
1
70
0
0
VERTEX
8
P00388
10
197.527327
20
243.839994
30
0.0
0
VERTEX
8
P00388
10
204.724003
20
243.839994
30
0.0
0
SEQEND
0
POLYLINE
8
P00389
66
1
70
0
0
VERTEX
8
P00389
10
197.527327
20
243.755325
30
0.0
0
VERTEX
8
P00389
10
204.724003
20
243.755325
30
0.0
0
SEQEND
0
POLYLINE
8
P00390
66
1
70
0
0
VERTEX
8
P00390
10
197.527327
20
243.670662
30
0.0
0
VERTEX
8
P00390
10
204.724003
20
243.670662
30
0.0
0
SEQEND
0
POLYLINE
8
P00391
66
1
70
0
0
VERTEX
8
P00391
10
197.527327
20
243.585993
30
0.0
0
VERTEX
8
P00391
10
204.724003
20
243.585993
30
0.0
0
SEQEND
0
POLYLINE
8
P00392
66
1
70
0
0
VERTEX
8
P00392
10
197.527327
20
243.501325
30
0.0
0
VERTEX
8
P00392
10
204.724003
20
243.501325
30
0.0
0
SEQEND
0
POLYLINE
8
P00393
66
1
70
0
0
VERTEX
8
P00393
10
197.527327
20
243.416661
30
0.0
0
VERTEX
8
P00393
10
204.724003
20
243.416661
30
0.0
0
SEQEND
0
POLYLINE
8
P00394
66
1
70
0
0
VERTEX
8
P00394
10
197.527327
20
243.331993
30
0.0
0
VERTEX
8
P00394
10
204.724003
20
243.331993
30
0.0
0
SEQEND
0
POLYLINE
8
P00395
66
1
70
0
0
VERTEX
8
P00395
10
197.527327
20
243.247329
30
0.0
0
VERTEX
8
P00395
10
204.724003
20
243.247329
30
0.0
0
SEQEND
0
POLYLINE
8
P00396
66
1
70
0
0
VERTEX
8
P00396
10
197.527327
20
243.162661
30
0.0
0
VERTEX
8
P00396
10
204.724003
20
243.162661
30
0.0
0
SEQEND
0
POLYLINE
8
P00397
66
1
70
0
0
VERTEX
8
P00397
10
197.527327
20
243.077992
30
0.0
0
VERTEX
8
P00397
10
204.724003
20
243.077992
30
0.0
0
SEQEND
0
POLYLINE
8
P00398
66
1
70
0
0
VERTEX
8
P00398
10
197.527327
20
242.993329
30
0.0
0
VERTEX
8
P00398
10
204.724003
20
242.993329
30
0.0
0
SEQEND
0
POLYLINE
8
P00399
66
1
70
0
0
VERTEX
8
P00399
10
197.527327
20
242.908660
30
0.0
0
VERTEX
8
P00399
10
204.724003
20
242.908660
30
0.0
0
SEQEND
0
POLYLINE
8
P00400
66
1
70
0
0
VERTEX
8
P00400
10
197.527327
20
242.823992
30
0.0
0
VERTEX
8
P00400
10
204.724003
20
242.823992
30
0.0
0
SEQEND
0
POLYLINE
8
P00401
66
1
70
0
0
VERTEX
8
P00401
10
197.527327
20
242.739329
30
0.0
0
VERTEX
8
P00401
10
204.724003
20
242.739329
30
0.0
0
SEQEND
0
POLYLINE
8
P00402
66
1
70
0
0
VERTEX
8
P00402
10
197.527327
20
242.654660
30
0.0
0
VERTEX
8
P00402
10
204.724003
20
242.654660
30
0.0
0
SEQEND
0
POLYLINE
8
P00403
66
1
70
0
0
VERTEX
8
P00403
10
197.527327
20
242.569991
30
0.0
0
VERTEX
8
P00403
10
204.724003
20
242.569991
30
0.0
0
SEQEND
0
POLYLINE
8
P00404
66
1
70
0
0
VERTEX
8
P00404
10
197.527327
20
242.485328
30
0.0
0
VERTEX
8
P00404
10
204.724003
20
242.485328
30
0.0
0
SEQEND
0
POLYLINE
8
P00405
66
1
70
0
0
VERTEX
8
P00405
10
197.527327
20
242.400660
30
0.0
0
VERTEX
8
P00405
10
204.724003
20
242.400660
30
0.0
0
SEQEND
0
POLYLINE
8
P00406
66
1
70
0
0
VERTEX
8
P00406
10
197.527327
20
242.315991
30
0.0
0
VERTEX
8
P00406
10
204.724003
20
242.315991
30
0.0
0
SEQEND
0
POLYLINE
8
P00407
66
1
70
0
0
VERTEX
8
P00407
10
197.527327
20
242.231328
30
0.0
0
VERTEX
8
P00407
10
204.724003
20
242.231328
30
0.0
0
SEQEND
0
POLYLINE
8
P00408
66
1
70
0
0
VERTEX
8
P00408
10
197.527327
20
242.146659
30
0.0
0
VERTEX
8
P00408
10
204.724003
20
242.146659
30
0.0
0
SEQEND
0
POLYLINE
8
P00409
66
1
70
0
0
VERTEX
8
P00409
10
197.527327
20
242.061996
30
0.0
0
VERTEX
8
P00409
10
204.724003
20
242.061996
30
0.0
0
SEQEND
0
POLYLINE
8
P00410
66
1
70
0
0
VERTEX
8
P00410
10
197.527327
20
241.977327
30
0.0
0
VERTEX
8
P00410
10
204.724003
20
241.977327
30
0.0
0
SEQEND
0
POLYLINE
8
P00411
66
1
70
0
0
VERTEX
8
P00411
10
197.527327
20
241.892659
30
0.0
0
VERTEX
8
P00411
10
204.724003
20
241.892659
30
0.0
0
SEQEND
0
POLYLINE
8
P00412
66
1
70
0
0
VERTEX
8
P00412
10
197.527327
20
241.807995
30
0.0
0
VERTEX
8
P00412
10
204.724003
20
241.807995
30
0.0
0
SEQEND
0
POLYLINE
8
P00413
66
1
70
0
0
VERTEX
8
P00413
10
197.527327
20
241.723327
30
0.0
0
VERTEX
8
P00413
10
204.724003
20
241.723327
30
0.0
0
SEQEND
0
POLYLINE
8
P00414
66
1
70
0
0
VERTEX
8
P00414
10
197.527327
20
241.638658
30
0.0
0
VERTEX
8
P00414
10
204.724003
20
241.638658
30
0.0
0
SEQEND
0
POLYLINE
8
P00415
66
1
70
0
0
VERTEX
8
P00415
10
197.527327
20
241.553995
30
0.0
0
VERTEX
8
P00415
10
204.724003
20
241.553995
30
0.0
0
SEQEND
0
POLYLINE
8
P00416
66
1
70
0
0
VERTEX
8
P00416
10
197.527327
20
241.469326
30
0.0
0
VERTEX
8
P00416
10
204.724003
20
241.469326
30
0.0
0
SEQEND
0
POLYLINE
8
P00417
66
1
70
0
0
VERTEX
8
P00417
10
197.527327
20
241.384658
30
0.0
0
VERTEX
8
P00417
10
204.724003
20
241.384658
30
0.0
0
SEQEND
0
POLYLINE
8
P00418
66
1
70
0
0
VERTEX
8
P00418
10
197.527327
20
241.299995
30
0.0
0
VERTEX
8
P00418
10
204.724003
20
241.299995
30
0.0
0
SEQEND
0
POLYLINE
8
P00419
66
1
70
0
0
VERTEX
8
P00419
10
197.527327
20
241.215326
30
0.0
0
VERTEX
8
P00419
10
204.724003
20
241.215326
30
0.0
0
SEQEND
0
POLYLINE
8
P00420
66
1
70
0
0
VERTEX
8
P00420
10
197.527327
20
241.130663
30
0.0
0
VERTEX
8
P00420
10
204.724003
20
241.130663
30
0.0
0
SEQEND
0
POLYLINE
8
P00421
66
1
70
0
0
VERTEX
8
P00421
10
197.527327
20
241.045994
30
0.0
0
VERTEX
8
P00421
10
204.724003
20
241.045994
30
0.0
0
SEQEND
0
POLYLINE
8
P00422
66
1
70
0
0
VERTEX
8
P00422
10
197.527327
20
240.961326
30
0.0
0
VERTEX
8
P00422
10
204.724003
20
240.961326
30
0.0
0
SEQEND
0
POLYLINE
8
P00423
66
1
70
0
0
VERTEX
8
P00423
10
197.527327
20
240.876662
30
0.0
0
VERTEX
8
P00423
10
204.724003
20
240.876662
30
0.0
0
SEQEND
0
POLYLINE
8
P00424
66
1
70
0
0
VERTEX
8
P00424
10
197.527327
20
240.791994
30
0.0
0
VERTEX
8
P00424
10
204.724003
20
240.791994
30
0.0
0
SEQEND
0
POLYLINE
8
P00425
66
1
70
0
0
VERTEX
8
P00425
10
197.527327
20
240.707325
30
0.0
0
VERTEX
8
P00425
10
204.724003
20
240.707325
30
0.0
0
SEQEND
0
POLYLINE
8
P00426
66
1
70
0
0
VERTEX
8
P00426
10
197.527327
20
240.622662
30
0.0
0
VERTEX
8
P00426
10
204.724003
20
240.622662
30
0.0
0
SEQEND
0
POLYLINE
8
P00427
66
1
70
0
0
VERTEX
8
P00427
10
197.527327
20
240.537993
30
0.0
0
VERTEX
8
P00427
10
204.724003
20
240.537993
30
0.0
0
SEQEND
0
POLYLINE
8
P00428
66
1
70
0
0
VERTEX
8
P00428
10
197.527327
20
240.453325
30
0.0
0
VERTEX
8
P00428
10
204.724003
20
240.453325
30
0.0
0
SEQEND
0
POLYLINE
8
P00429
66
1
70
0
0
VERTEX
8
P00429
10
197.527327
20
240.368661
30
0.0
0
VERTEX
8
P00429
10
204.724003
20
240.368661
30
0.0
0
SEQEND
0
POLYLINE
8
P00430
66
1
70
0
0
VERTEX
8
P00430
10
197.527327
20
240.283993
30
0.0
0
VERTEX
8
P00430
10
204.724003
20
240.283993
30
0.0
0
SEQEND
0
POLYLINE
8
P00431
66
1
70
0
0
VERTEX
8
P00431
10
197.527327
20
240.199324
30
0.0
0
VERTEX
8
P00431
10
204.724003
20
240.199324
30
0.0
0
SEQEND
0
POLYLINE
8
P00432
66
1
70
0
0
VERTEX
8
P00432
10
197.527327
20
240.114661
30
0.0
0
VERTEX
8
P00432
10
204.724003
20
240.114661
30
0.0
0
SEQEND
0
POLYLINE
8
P00433
66
1
70
0
0
VERTEX
8
P00433
10
197.527327
20
240.029992
30
0.0
0
VERTEX
8
P00433
10
204.724003
20
240.029992
30
0.0
0
SEQEND
0
POLYLINE
8
P00434
66
1
70
0
0
VERTEX
8
P00434
10
197.527327
20
239.945329
30
0.0
0
VERTEX
8
P00434
10
204.724003
20
239.945329
30
0.0
0
SEQEND
0
POLYLINE
8
P00435
66
1
70
0
0
VERTEX
8
P00435
10
197.527327
20
239.860661
30
0.0
0
VERTEX
8
P00435
10
204.724003
20
239.860661
30
0.0
0
SEQEND
0
POLYLINE
8
P00436
66
1
70
0
0
VERTEX
8
P00436
10
197.527327
20
239.775992
30
0.0
0
VERTEX
8
P00436
10
204.724003
20
239.775992
30
0.0
0
SEQEND
0
POLYLINE
8
P00437
66
1
70
0
0
VERTEX
8
P00437
10
197.527327
20
239.691329
30
0.0
0
VERTEX
8
P00437
10
204.724003
20
239.691329
30
0.0
0
SEQEND
0
POLYLINE
8
P00438
66
1
70
0
0
VERTEX
8
P00438
10
197.527327
20
239.606660
30
0.0
0
VERTEX
8
P00438
10
204.724003
20
239.606660
30
0.0
0
SEQEND
0
POLYLINE
8
P00439
66
1
70
0
0
VERTEX
8
P00439
10
197.527327
20
239.521992
30
0.0
0
VERTEX
8
P00439
10
204.724003
20
239.521992
30
0.0
0
SEQEND
0
POLYLINE
8
P00440
66
1
70
0
0
VERTEX
8
P00440
10
197.527327
20
239.437328
30
0.0
0
VERTEX
8
P00440
10
204.724003
20
239.437328
30
0.0
0
SEQEND
0
POLYLINE
8
P00441
66
1
70
0
0
VERTEX
8
P00441
10
197.527327
20
239.352660
30
0.0
0
VERTEX
8
P00441
10
204.724003
20
239.352660
30
0.0
0
SEQEND
0
POLYLINE
8
P00442
66
1
70
0
0
VERTEX
8
P00442
10
197.527327
20
239.267991
30
0.0
0
VERTEX
8
P00442
10
204.724003
20
239.267991
30
0.0
0
SEQEND
0
POLYLINE
8
P00443
66
1
70
0
0
VERTEX
8
P00443
10
197.527327
20
239.183328
30
0.0
0
VERTEX
8
P00443
10
204.724003
20
239.183328
30
0.0
0
SEQEND
0
POLYLINE
8
P00444
66
1
70
0
0
VERTEX
8
P00444
10
197.527327
20
239.098659
30
0.0
0
VERTEX
8
P00444
10
204.724003
20
239.098659
30
0.0
0
SEQEND
0
POLYLINE
8
P00445
66
1
70
0
0
VERTEX
8
P00445
10
197.527327
20
239.013996
30
0.0
0
VERTEX
8
P00445
10
204.724003
20
239.013996
30
0.0
0
SEQEND
0
POLYLINE
8
P00446
66
1
70
0
0
VERTEX
8
P00446
10
197.527327
20
238.929328
30
0.0
0
VERTEX
8
P00446
10
204.724003
20
238.929328
30
0.0
0
SEQEND
0
POLYLINE
8
P00447
66
1
70
0
0
VERTEX
8
P00447
10
197.527327
20
238.844659
30
0.0
0
VERTEX
8
P00447
10
204.724003
20
238.844659
30
0.0
0
SEQEND
0
POLYLINE
8
P00448
66
1
70
0
0
VERTEX
8
P00448
10
197.527327
20
238.759996
30
0.0
0
VERTEX
8
P00448
10
204.724003
20
238.759996
30
0.0
0
SEQEND
0
POLYLINE
8
P00449
66
1
70
0
0
VERTEX
8
P00449
10
197.527327
20
238.675327
30
0.0
0
VERTEX
8
P00449
10
204.724003
20
238.675327
30
0.0
0
SEQEND
0
POLYLINE
8
P00450
66
1
70
0
0
VERTEX
8
P00450
10
197.527327
20
238.590658
30
0.0
0
VERTEX
8
P00450
10
204.724003
20
238.590658
30
0.0
0
SEQEND
0
POLYLINE
8
P00451
66
1
70
0
0
VERTEX
8
P00451
10
197.527327
20
238.505995
30
0.0
0
VERTEX
8
P00451
10
204.724003
20
238.505995
30
0.0
0
SEQEND
0
POLYLINE
8
P00452
66
1
70
0
0
VERTEX
8
P00452
10
197.527327
20
238.421327
30
0.0
0
VERTEX
8
P00452
10
204.724003
20
238.421327
30
0.0
0
SEQEND
0
POLYLINE
8
P00453
66
1
70
0
0
VERTEX
8
P00453
10
197.527327
20
238.336658
30
0.0
0
VERTEX
8
P00453
10
204.724003
20
238.336658
30
0.0
0
SEQEND
0
POLYLINE
8
P00454
66
1
70
0
0
VERTEX
8
P00454
10
197.527327
20
238.251995
30
0.0
0
VERTEX
8
P00454
10
204.724003
20
238.251995
30
0.0
0
SEQEND
0
POLYLINE
8
P00455
66
1
70
0
0
VERTEX
8
P00455
10
197.527327
20
238.167326
30
0.0
0
VERTEX
8
P00455
10
204.724003
20
238.167326
30
0.0
0
SEQEND
0
POLYLINE
8
P00456
66
1
70
0
0
VERTEX
8
P00456
10
197.527327
20
238.082658
30
0.0
0
VERTEX
8
P00456
10
204.724003
20
238.082658
30
0.0
0
SEQEND
0
POLYLINE
8
P00457
66
1
70
0
0
VERTEX
8
P00457
10
197.527327
20
237.997994
30
0.0
0
VERTEX
8
P00457
10
204.724003
20
237.997994
30
0.0
0
SEQEND
0
POLYLINE
8
P00458
66
1
70
0
0
VERTEX
8
P00458
10
197.527327
20
237.913326
30
0.0
0
VERTEX
8
P00458
10
204.724003
20
237.913326
30
0.0
0
SEQEND
0
POLYLINE
8
P00459
66
1
70
0
0
VERTEX
8
P00459
10
197.527327
20
237.828663
30
0.0
0
VERTEX
8
P00459
10
204.724003
20
237.828663
30
0.0
0
SEQEND
0
POLYLINE
8
P00460
66
1
70
0
0
VERTEX
8
P00460
10
197.527327
20
237.743994
30
0.0
0
VERTEX
8
P00460
10
204.724003
20
237.743994
30
0.0
0
SEQEND
0
POLYLINE
8
P00461
66
1
70
0
0
VERTEX
8
P00461
10
197.527327
20
237.659325
30
0.0
0
VERTEX
8
P00461
10
204.724003
20
237.659325
30
0.0
0
SEQEND
0
POLYLINE
8
P00462
66
1
70
0
0
VERTEX
8
P00462
10
197.527327
20
237.574662
30
0.0
0
VERTEX
8
P00462
10
204.724003
20
237.574662
30
0.0
0
SEQEND
0
POLYLINE
8
P00463
66
1
70
0
0
VERTEX
8
P00463
10
197.527327
20
237.489994
30
0.0
0
VERTEX
8
P00463
10
204.724003
20
237.489994
30
0.0
0
SEQEND
0
POLYLINE
8
P00464
66
1
70
0
0
VERTEX
8
P00464
10
197.527327
20
237.405325
30
0.0
0
VERTEX
8
P00464
10
204.724003
20
237.405325
30
0.0
0
SEQEND
0
POLYLINE
8
P00465
66
1
70
0
0
VERTEX
8
P00465
10
197.527327
20
237.320662
30
0.0
0
VERTEX
8
P00465
10
204.724003
20
237.320662
30
0.0
0
SEQEND
0
POLYLINE
8
P00466
66
1
70
0
0
VERTEX
8
P00466
10
197.527327
20
237.235993
30
0.0
0
VERTEX
8
P00466
10
204.724003
20
237.235993
30
0.0
0
SEQEND
0
POLYLINE
8
P00467
66
1
70
0
0
VERTEX
8
P00467
10
197.527327
20
237.151325
30
0.0
0
VERTEX
8
P00467
10
204.724003
20
237.151325
30
0.0
0
SEQEND
0
POLYLINE
8
P00468
66
1
70
0
0
VERTEX
8
P00468
10
197.527327
20
237.066661
30
0.0
0
VERTEX
8
P00468
10
204.724003
20
237.066661
30
0.0
0
SEQEND
0
POLYLINE
8
P00469
66
1
70
0
0
VERTEX
8
P00469
10
197.527327
20
236.981993
30
0.0
0
VERTEX
8
P00469
10
204.724003
20
236.981993
30
0.0
0
SEQEND
0
POLYLINE
8
P00470
66
1
70
0
0
VERTEX
8
P00470
10
197.527327
20
236.897329
30
0.0
0
VERTEX
8
P00470
10
204.724003
20
236.897329
30
0.0
0
SEQEND
0
POLYLINE
8
P00471
66
1
70
0
0
VERTEX
8
P00471
10
197.527327
20
236.812661
30
0.0
0
VERTEX
8
P00471
10
204.724003
20
236.812661
30
0.0
0
SEQEND
0
POLYLINE
8
P00472
66
1
70
0
0
VERTEX
8
P00472
10
197.527327
20
236.727992
30
0.0
0
VERTEX
8
P00472
10
204.724003
20
236.727992
30
0.0
0
SEQEND
0
POLYLINE
8
P00473
66
1
70
0
0
VERTEX
8
P00473
10
197.527327
20
236.643329
30
0.0
0
VERTEX
8
P00473
10
204.724003
20
236.643329
30
0.0
0
SEQEND
0
POLYLINE
8
P00474
66
1
70
0
0
VERTEX
8
P00474
10
197.527327
20
236.558660
30
0.0
0
VERTEX
8
P00474
10
204.724003
20
236.558660
30
0.0
0
SEQEND
0
POLYLINE
8
P00475
66
1
70
0
0
VERTEX
8
P00475
10
197.527327
20
236.473992
30
0.0
0
VERTEX
8
P00475
10
204.724003
20
236.473992
30
0.0
0
SEQEND
0
POLYLINE
8
P00476
66
1
70
0
0
VERTEX
8
P00476
10
197.527327
20
236.389329
30
0.0
0
VERTEX
8
P00476
10
204.724003
20
236.389329
30
0.0
0
SEQEND
0
POLYLINE
8
P00477
66
1
70
0
0
VERTEX
8
P00477
10
197.527327
20
236.304660
30
0.0
0
VERTEX
8
P00477
10
204.724003
20
236.304660
30
0.0
0
SEQEND
0
POLYLINE
8
P00478
66
1
70
0
0
VERTEX
8
P00478
10
197.527327
20
236.219991
30
0.0
0
VERTEX
8
P00478
10
204.724003
20
236.219991
30
0.0
0
SEQEND
0
POLYLINE
8
P00479
66
1
70
0
0
VERTEX
8
P00479
10
197.527327
20
236.135328
30
0.0
0
VERTEX
8
P00479
10
204.724003
20
236.135328
30
0.0
0
SEQEND
0
POLYLINE
8
P00480
66
1
70
0
0
VERTEX
8
P00480
10
197.527327
20
236.050660
30
0.0
0
VERTEX
8
P00480
10
204.724003
20
236.050660
30
0.0
0
SEQEND
0
POLYLINE
8
P00481
66
1
70
0
0
VERTEX
8
P00481
10
197.527327
20
235.965991
30
0.0
0
VERTEX
8
P00481
10
204.724003
20
235.965991
30
0.0
0
SEQEND
0
POLYLINE
8
P00482
66
1
70
0
0
VERTEX
8
P00482
10
197.527327
20
235.881328
30
0.0
0
VERTEX
8
P00482
10
204.724003
20
235.881328
30
0.0
0
SEQEND
0
POLYLINE
8
P00483
66
1
70
0
0
VERTEX
8
P00483
10
197.527327
20
235.796659
30
0.0
0
VERTEX
8
P00483
10
204.724003
20
235.796659
30
0.0
0
SEQEND
0
POLYLINE
8
P00484
66
1
70
0
0
VERTEX
8
P00484
10
197.527327
20
235.711996
30
0.0
0
VERTEX
8
P00484
10
204.724003
20
235.711996
30
0.0
0
SEQEND
0
POLYLINE
8
P00485
66
1
70
0
0
VERTEX
8
P00485
10
197.527327
20
235.627327
30
0.0
0
VERTEX
8
P00485
10
204.724003
20
235.627327
30
0.0
0
SEQEND
0
POLYLINE
8
P00486
66
1
70
0
0
VERTEX
8
P00486
10
197.527327
20
235.542659
30
0.0
0
VERTEX
8
P00486
10
204.724003
20
235.542659
30
0.0
0
SEQEND
0
POLYLINE
8
P00487
66
1
70
0
0
VERTEX
8
P00487
10
197.527327
20
235.457995
30
0.0
0
VERTEX
8
P00487
10
204.724003
20
235.457995
30
0.0
0
VERTEX
8
P00487
10
197.527327
20
235.457995
30
0.0
0
SEQEND
0
POLYLINE
8
P00488
66
1
70
0
0
VERTEX
8
P00488
10
35.983333
20
239.521992
30
0.0
0
VERTEX
8
P00488
10
39.115999
20
239.521992
30
0.0
0
SEQEND
0
POLYLINE
8
P00489
66
1
70
0
0
VERTEX
8
P00489
10
36.067999
20
239.437328
30
0.0
0
VERTEX
8
P00489
10
39.115999
20
239.437328
30
0.0
0
SEQEND
0
POLYLINE
8
P00490
66
1
70
0
0
VERTEX
8
P00490
10
36.067999
20
239.352660
30
0.0
0
VERTEX
8
P00490
10
39.115999
20
239.352660
30
0.0
0
SEQEND
0
POLYLINE
8
P00491
66
1
70
0
0
VERTEX
8
P00491
10
36.067999
20
239.267991
30
0.0
0
VERTEX
8
P00491
10
39.115999
20
239.267991
30
0.0
0
SEQEND
0
POLYLINE
8
P00492
66
1
70
0
0
VERTEX
8
P00492
10
36.067999
20
239.183328
30
0.0
0
VERTEX
8
P00492
10
39.115999
20
239.183328
30
0.0
0
SEQEND
0
POLYLINE
8
P00493
66
1
70
0
0
VERTEX
8
P00493
10
36.067999
20
239.098659
30
0.0
0
VERTEX
8
P00493
10
39.115999
20
239.098659
30
0.0
0
SEQEND
0
POLYLINE
8
P00494
66
1
70
0
0
VERTEX
8
P00494
10
36.067999
20
239.013996
30
0.0
0
VERTEX
8
P00494
10
39.115999
20
239.013996
30
0.0
0
SEQEND
0
POLYLINE
8
P00495
66
1
70
0
0
VERTEX
8
P00495
10
36.067999
20
238.929328
30
0.0
0
VERTEX
8
P00495
10
39.115999
20
238.929328
30
0.0
0
SEQEND
0
POLYLINE
8
P00496
66
1
70
0
0
VERTEX
8
P00496
10
36.152665
20
238.844659
30
0.0
0
VERTEX
8
P00496
10
39.031333
20
238.844659
30
0.0
0
SEQEND
0
POLYLINE
8
P00497
66
1
70
0
0
VERTEX
8
P00497
10
36.152665
20
238.759996
30
0.0
0
VERTEX
8
P00497
10
39.031333
20
238.759996
30
0.0
0
SEQEND
0
POLYLINE
8
P00498
66
1
70
0
0
VERTEX
8
P00498
10
36.152665
20
238.675327
30
0.0
0
VERTEX
8
P00498
10
39.031333
20
238.675327
30
0.0
0
SEQEND
0
POLYLINE
8
P00499
66
1
70
0
0
VERTEX
8
P00499
10
36.152665
20
238.590658
30
0.0
0
VERTEX
8
P00499
10
39.031333
20
238.590658
30
0.0
0
SEQEND
0
POLYLINE
8
P00500
66
1
70
0
0
VERTEX
8
P00500
10
36.152665
20
238.505995
30
0.0
0
VERTEX
8
P00500
10
39.031333
20
238.505995
30
0.0
0
SEQEND
0
POLYLINE
8
P00501
66
1
70
0
0
VERTEX
8
P00501
10
36.152665
20
238.421327
30
0.0
0
VERTEX
8
P00501
10
39.031333
20
238.421327
30
0.0
0
SEQEND
0
POLYLINE
8
P00502
66
1
70
0
0
VERTEX
8
P00502
10
36.152665
20
238.336658
30
0.0
0
VERTEX
8
P00502
10
39.031333
20
238.336658
30
0.0
0
SEQEND
0
POLYLINE
8
P00503
66
1
70
0
0
VERTEX
8
P00503
10
36.237334
20
238.251995
30
0.0
0
VERTEX
8
P00503
10
38.946665
20
238.251995
30
0.0
0
SEQEND
0
POLYLINE
8
P00504
66
1
70
0
0
VERTEX
8
P00504
10
36.237334
20
238.167326
30
0.0
0
VERTEX
8
P00504
10
38.946665
20
238.167326
30
0.0
0
SEQEND
0
POLYLINE
8
P00505
66
1
70
0
0
VERTEX
8
P00505
10
36.237334
20
238.082658
30
0.0
0
VERTEX
8
P00505
10
38.946665
20
238.082658
30
0.0
0
SEQEND
0
POLYLINE
8
P00506
66
1
70
0
0
VERTEX
8
P00506
10
36.237334
20
237.997994
30
0.0
0
VERTEX
8
P00506
10
38.946665
20
237.997994
30
0.0
0
SEQEND
0
POLYLINE
8
P00507
66
1
70
0
0
VERTEX
8
P00507
10
36.237334
20
237.913326
30
0.0
0
VERTEX
8
P00507
10
38.946665
20
237.913326
30
0.0
0
SEQEND
0
POLYLINE
8
P00508
66
1
70
0
0
VERTEX
8
P00508
10
36.237334
20
237.828663
30
0.0
0
VERTEX
8
P00508
10
38.946665
20
237.828663
30
0.0
0
SEQEND
0
POLYLINE
8
P00509
66
1
70
0
0
VERTEX
8
P00509
10
36.237334
20
237.743994
30
0.0
0
VERTEX
8
P00509
10
38.946665
20
237.743994
30
0.0
0
SEQEND
0
POLYLINE
8
P00510
66
1
70
0
0
VERTEX
8
P00510
10
36.322000
20
237.659325
30
0.0
0
VERTEX
8
P00510
10
38.861999
20
237.659325
30
0.0
0
SEQEND
0
POLYLINE
8
P00511
66
1
70
0
0
VERTEX
8
P00511
10
36.322000
20
237.574662
30
0.0
0
VERTEX
8
P00511
10
38.861999
20
237.574662
30
0.0
0
SEQEND
0
POLYLINE
8
P00512
66
1
70
0
0
VERTEX
8
P00512
10
36.322000
20
237.489994
30
0.0
0
VERTEX
8
P00512
10
38.861999
20
237.489994
30
0.0
0
SEQEND
0
POLYLINE
8
P00513
66
1
70
0
0
VERTEX
8
P00513
10
36.322000
20
237.405325
30
0.0
0
VERTEX
8
P00513
10
38.861999
20
237.405325
30
0.0
0
SEQEND
0
POLYLINE
8
P00514
66
1
70
0
0
VERTEX
8
P00514
10
36.322000
20
237.320662
30
0.0
0
VERTEX
8
P00514
10
38.861999
20
237.320662
30
0.0
0
SEQEND
0
POLYLINE
8
P00515
66
1
70
0
0
VERTEX
8
P00515
10
36.322000
20
237.235993
30
0.0
0
VERTEX
8
P00515
10
38.861999
20
237.235993
30
0.0
0
SEQEND
0
POLYLINE
8
P00516
66
1
70
0
0
VERTEX
8
P00516
10
36.322000
20
237.151325
30
0.0
0
VERTEX
8
P00516
10
38.861999
20
237.151325
30
0.0
0
SEQEND
0
POLYLINE
8
P00517
66
1
70
0
0
VERTEX
8
P00517
10
36.322000
20
237.066661
30
0.0
0
VERTEX
8
P00517
10
38.861999
20
237.066661
30
0.0
0
SEQEND
0
POLYLINE
8
P00518
66
1
70
0
0
VERTEX
8
P00518
10
36.406666
20
236.981993
30
0.0
0
VERTEX
8
P00518
10
38.777333
20
236.981993
30
0.0
0
SEQEND
0
POLYLINE
8
P00519
66
1
70
0
0
VERTEX
8
P00519
10
36.406666
20
236.897329
30
0.0
0
VERTEX
8
P00519
10
38.777333
20
236.897329
30
0.0
0
SEQEND
0
POLYLINE
8
P00520
66
1
70
0
0
VERTEX
8
P00520
10
36.406666
20
236.812661
30
0.0
0
VERTEX
8
P00520
10
38.777333
20
236.812661
30
0.0
0
SEQEND
0
POLYLINE
8
P00521
66
1
70
0
0
VERTEX
8
P00521
10
36.406666
20
236.727992
30
0.0
0
VERTEX
8
P00521
10
38.777333
20
236.727992
30
0.0
0
SEQEND
0
POLYLINE
8
P00522
66
1
70
0
0
VERTEX
8
P00522
10
36.406666
20
236.643329
30
0.0
0
VERTEX
8
P00522
10
38.777333
20
236.643329
30
0.0
0
SEQEND
0
POLYLINE
8
P00523
66
1
70
0
0
VERTEX
8
P00523
10
36.406666
20
236.558660
30
0.0
0
VERTEX
8
P00523
10
38.777333
20
236.558660
30
0.0
0
SEQEND
0
POLYLINE
8
P00524
66
1
70
0
0
VERTEX
8
P00524
10
36.406666
20
236.473992
30
0.0
0
VERTEX
8
P00524
10
38.777333
20
236.473992
30
0.0
0
SEQEND
0
POLYLINE
8
P00525
66
1
70
0
0
VERTEX
8
P00525
10
36.491332
20
236.389329
30
0.0
0
VERTEX
8
P00525
10
38.692667
20
236.389329
30
0.0
0
SEQEND
0
POLYLINE
8
P00526
66
1
70
0
0
VERTEX
8
P00526
10
36.491332
20
236.304660
30
0.0
0
VERTEX
8
P00526
10
38.692667
20
236.304660
30
0.0
0
SEQEND
0
POLYLINE
8
P00527
66
1
70
0
0
VERTEX
8
P00527
10
36.491332
20
236.219991
30
0.0
0
VERTEX
8
P00527
10
38.692667
20
236.219991
30
0.0
0
SEQEND
0
POLYLINE
8
P00528
66
1
70
0
0
VERTEX
8
P00528
10
36.491332
20
236.135328
30
0.0
0
VERTEX
8
P00528
10
38.692667
20
236.135328
30
0.0
0
SEQEND
0
POLYLINE
8
P00529
66
1
70
0
0
VERTEX
8
P00529
10
36.491332
20
236.050660
30
0.0
0
VERTEX
8
P00529
10
38.692667
20
236.050660
30
0.0
0
SEQEND
0
POLYLINE
8
P00530
66
1
70
0
0
VERTEX
8
P00530
10
36.491332
20
235.965991
30
0.0
0
VERTEX
8
P00530
10
38.692667
20
235.965991
30
0.0
0
SEQEND
0
POLYLINE
8
P00531
66
1
70
0
0
VERTEX
8
P00531
10
36.491332
20
235.881328
30
0.0
0
VERTEX
8
P00531
10
38.692667
20
235.881328
30
0.0
0
SEQEND
0
POLYLINE
8
P00532
66
1
70
0
0
VERTEX
8
P00532
10
36.576000
20
235.796659
30
0.0
0
VERTEX
8
P00532
10
38.607998
20
235.796659
30
0.0
0
SEQEND
0
POLYLINE
8
P00533
66
1
70
0
0
VERTEX
8
P00533
10
36.576000
20
235.711996
30
0.0
0
VERTEX
8
P00533
10
38.607998
20
235.711996
30
0.0
0
SEQEND
0
POLYLINE
8
P00534
66
1
70
0
0
VERTEX
8
P00534
10
36.576000
20
235.627327
30
0.0
0
VERTEX
8
P00534
10
38.607998
20
235.627327
30
0.0
0
SEQEND
0
POLYLINE
8
P00535
66
1
70
0
0
VERTEX
8
P00535
10
36.576000
20
235.542659
30
0.0
0
VERTEX
8
P00535
10
38.607998
20
235.542659
30
0.0
0
SEQEND
0
POLYLINE
8
P00536
66
1
70
0
0
VERTEX
8
P00536
10
36.576000
20
235.457995
30
0.0
0
VERTEX
8
P00536
10
38.607998
20
235.457995
30
0.0
0
SEQEND
0
POLYLINE
8
P00537
66
1
70
0
0
VERTEX
8
P00537
10
36.576000
20
235.373327
30
0.0
0
VERTEX
8
P00537
10
38.607998
20
235.373327
30
0.0
0
SEQEND
0
POLYLINE
8
P00538
66
1
70
0
0
VERTEX
8
P00538
10
36.576000
20
235.288658
30
0.0
0
VERTEX
8
P00538
10
38.607998
20
235.288658
30
0.0
0
SEQEND
0
POLYLINE
8
P00539
66
1
70
0
0
VERTEX
8
P00539
10
36.576000
20
235.203995
30
0.0
0
VERTEX
8
P00539
10
38.607998
20
235.203995
30
0.0
0
SEQEND
0
POLYLINE
8
P00540
66
1
70
0
0
VERTEX
8
P00540
10
36.660666
20
235.119326
30
0.0
0
VERTEX
8
P00540
10
38.523332
20
235.119326
30
0.0
0
SEQEND
0
POLYLINE
8
P00541
66
1
70
0
0
VERTEX
8
P00541
10
36.660666
20
235.034658
30
0.0
0
VERTEX
8
P00541
10
38.523332
20
235.034658
30
0.0
0
SEQEND
0
POLYLINE
8
P00542
66
1
70
0
0
VERTEX
8
P00542
10
36.660666
20
234.949995
30
0.0
0
VERTEX
8
P00542
10
38.523332
20
234.949995
30
0.0
0
SEQEND
0
POLYLINE
8
P00543
66
1
70
0
0
VERTEX
8
P00543
10
36.660666
20
234.865326
30
0.0
0
VERTEX
8
P00543
10
38.523332
20
234.865326
30
0.0
0
SEQEND
0
POLYLINE
8
P00544
66
1
70
0
0
VERTEX
8
P00544
10
36.660666
20
234.780663
30
0.0
0
VERTEX
8
P00544
10
38.523332
20
234.780663
30
0.0
0
SEQEND
0
POLYLINE
8
P00545
66
1
70
0
0
VERTEX
8
P00545
10
36.660666
20
234.695994
30
0.0
0
VERTEX
8
P00545
10
38.523332
20
234.695994
30
0.0
0
SEQEND
0
POLYLINE
8
P00546
66
1
70
0
0
VERTEX
8
P00546
10
36.660666
20
234.611326
30
0.0
0
VERTEX
8
P00546
10
38.523332
20
234.611326
30
0.0
0
SEQEND
0
POLYLINE
8
P00547
66
1
70
0
0
VERTEX
8
P00547
10
36.745332
20
234.526662
30
0.0
0
VERTEX
8
P00547
10
38.438666
20
234.526662
30
0.0
0
SEQEND
0
POLYLINE
8
P00548
66
1
70
0
0
VERTEX
8
P00548
10
36.745332
20
234.441994
30
0.0
0
VERTEX
8
P00548
10
38.438666
20
234.441994
30
0.0
0
SEQEND
0
POLYLINE
8
P00549
66
1
70
0
0
VERTEX
8
P00549
10
36.745332
20
234.357325
30
0.0
0
VERTEX
8
P00549
10
38.438666
20
234.357325
30
0.0
0
SEQEND
0
POLYLINE
8
P00550
66
1
70
0
0
VERTEX
8
P00550
10
36.745332
20
234.272662
30
0.0
0
VERTEX
8
P00550
10
38.438666
20
234.272662
30
0.0
0
SEQEND
0
POLYLINE
8
P00551
66
1
70
0
0
VERTEX
8
P00551
10
36.745332
20
234.187993
30
0.0
0
VERTEX
8
P00551
10
38.438666
20
234.187993
30
0.0
0
SEQEND
0
POLYLINE
8
P00552
66
1
70
0
0
VERTEX
8
P00552
10
36.745332
20
234.103325
30
0.0
0
VERTEX
8
P00552
10
38.438666
20
234.103325
30
0.0
0
SEQEND
0
POLYLINE
8
P00553
66
1
70
0
0
VERTEX
8
P00553
10
36.745332
20
234.018661
30
0.0
0
VERTEX
8
P00553
10
38.438666
20
234.018661
30
0.0
0
SEQEND
0
POLYLINE
8
P00554
66
1
70
0
0
VERTEX
8
P00554
10
36.829998
20
233.933993
30
0.0
0
VERTEX
8
P00554
10
38.354000
20
233.933993
30
0.0
0
SEQEND
0
POLYLINE
8
P00555
66
1
70
0
0
VERTEX
8
P00555
10
36.829998
20
233.849330
30
0.0
0
VERTEX
8
P00555
10
38.354000
20
233.849330
30
0.0
0
SEQEND
0
POLYLINE
8
P00556
66
1
70
0
0
VERTEX
8
P00556
10
36.829998
20
233.764661
30
0.0
0
VERTEX
8
P00556
10
38.354000
20
233.764661
30
0.0
0
SEQEND
0
POLYLINE
8
P00557
66
1
70
0
0
VERTEX
8
P00557
10
36.829998
20
233.679992
30
0.0
0
VERTEX
8
P00557
10
38.354000
20
233.679992
30
0.0
0
SEQEND
0
POLYLINE
8
P00558
66
1
70
0
0
VERTEX
8
P00558
10
36.829998
20
233.595329
30
0.0
0
VERTEX
8
P00558
10
38.354000
20
233.595329
30
0.0
0
SEQEND
0
POLYLINE
8
P00559
66
1
70
0
0
VERTEX
8
P00559
10
36.829998
20
233.510661
30
0.0
0
VERTEX
8
P00559
10
38.354000
20
233.510661
30
0.0
0
SEQEND
0
POLYLINE
8
P00560
66
1
70
0
0
VERTEX
8
P00560
10
36.829998
20
233.425992
30
0.0
0
VERTEX
8
P00560
10
38.354000
20
233.425992
30
0.0
0
SEQEND
0
POLYLINE
8
P00561
66
1
70
0
0
VERTEX
8
P00561
10
36.829998
20
233.341329
30
0.0
0
VERTEX
8
P00561
10
38.269332
20
233.341329
30
0.0
0
SEQEND
0
POLYLINE
8
P00562
66
1
70
0
0
VERTEX
8
P00562
10
36.914666
20
233.256660
30
0.0
0
VERTEX
8
P00562
10
38.269332
20
233.256660
30
0.0
0
SEQEND
0
POLYLINE
8
P00563
66
1
70
0
0
VERTEX
8
P00563
10
36.914666
20
233.171992
30
0.0
0
VERTEX
8
P00563
10
38.269332
20
233.171992
30
0.0
0
SEQEND
0
POLYLINE
8
P00564
66
1
70
0
0
VERTEX
8
P00564
10
36.999332
20
233.087328
30
0.0
0
VERTEX
8
P00564
10
38.184666
20
233.087328
30
0.0
0
SEQEND
0
POLYLINE
8
P00565
66
1
70
0
0
VERTEX
8
P00565
10
36.999332
20
233.002660
30
0.0
0
VERTEX
8
P00565
10
38.184666
20
233.002660
30
0.0
0
SEQEND
0
POLYLINE
8
P00566
66
1
70
0
0
VERTEX
8
P00566
10
37.083998
20
232.917991
30
0.0
0
VERTEX
8
P00566
10
38.184666
20
232.917991
30
0.0
0
SEQEND
0
POLYLINE
8
P00567
66
1
70
0
0
VERTEX
8
P00567
10
37.083998
20
232.833328
30
0.0
0
VERTEX
8
P00567
10
38.100000
20
232.833328
30
0.0
0
SEQEND
0
POLYLINE
8
P00568
66
1
70
0
0
VERTEX
8
P00568
10
37.083998
20
232.748659
30
0.0
0
VERTEX
8
P00568
10
38.100000
20
232.748659
30
0.0
0
SEQEND
0
POLYLINE
8
P00569
66
1
70
0
0
VERTEX
8
P00569
10
37.168667
20
232.663996
30
0.0
0
VERTEX
8
P00569
10
38.015331
20
232.663996
30
0.0
0
SEQEND
0
POLYLINE
8
P00570
66
1
70
0
0
VERTEX
8
P00570
10
37.168667
20
232.579328
30
0.0
0
VERTEX
8
P00570
10
38.015331
20
232.579328
30
0.0
0
SEQEND
0
POLYLINE
8
P00571
66
1
70
0
0
VERTEX
8
P00571
10
37.253333
20
232.494659
30
0.0
0
VERTEX
8
P00571
10
38.015331
20
232.494659
30
0.0
0
SEQEND
0
POLYLINE
8
P00572
66
1
70
0
0
VERTEX
8
P00572
10
37.253333
20
232.409996
30
0.0
0
VERTEX
8
P00572
10
37.930665
20
232.409996
30
0.0
0
SEQEND
0
POLYLINE
8
P00573
66
1
70
0
0
VERTEX
8
P00573
10
37.337999
20
232.325327
30
0.0
0
VERTEX
8
P00573
10
37.930665
20
232.325327
30
0.0
0
SEQEND
0
POLYLINE
8
P00574
66
1
70
0
0
VERTEX
8
P00574
10
37.337999
20
232.240658
30
0.0
0
VERTEX
8
P00574
10
37.930665
20
232.240658
30
0.0
0
SEQEND
0
POLYLINE
8
P00575
66
1
70
0
0
VERTEX
8
P00575
10
37.337999
20
232.155995
30
0.0
0
VERTEX
8
P00575
10
37.846000
20
232.155995
30
0.0
0
SEQEND
0
POLYLINE
8
P00576
66
1
70
0
0
VERTEX
8
P00576
10
37.422665
20
232.071327
30
0.0
0
VERTEX
8
P00576
10
37.846000
20
232.071327
30
0.0
0
SEQEND
0
POLYLINE
8
P00577
66
1
70
0
0
VERTEX
8
P00577
10
37.422665
20
231.986658
30
0.0
0
VERTEX
8
P00577
10
37.761334
20
231.986658
30
0.0
0
SEQEND
0
POLYLINE
8
P00578
66
1
70
0
0
VERTEX
8
P00578
10
37.507333
20
231.901995
30
0.0
0
VERTEX
8
P00578
10
37.761334
20
231.901995
30
0.0
0
SEQEND
0
POLYLINE
8
P00579
66
1
70
0
0
VERTEX
8
P00579
10
37.507333
20
231.817326
30
0.0
0
VERTEX
8
P00579
10
37.761334
20
231.817326
30
0.0
0
SEQEND
0
POLYLINE
8
P00580
66
1
70
0
0
VERTEX
8
P00580
10
37.591999
20
231.732663
30
0.0
0
VERTEX
8
P00580
10
37.676665
20
231.732663
30
0.0
0
SEQEND
0
POLYLINE
8
P00581
66
1
70
0
0
VERTEX
8
P00581
10
37.591999
20
231.647994
30
0.0
0
VERTEX
8
P00581
10
37.676665
20
231.647994
30
0.0
0
VERTEX
8
P00581
10
37.591999
20
231.647994
30
0.0
0
SEQEND
0
POLYLINE
8
P00582
66
1
70
0
0
VERTEX
8
P00582
10
37.591999
20
231.563326
30
0.0
0
VERTEX
8
P00582
10
36.576000
20
239.013996
30
0.0
0
VERTEX
8
P00582
10
37.591999
20
231.563326
30
0.0
0
SEQEND
0
POLYLINE
8
P00583
66
1
70
0
0
VERTEX
8
P00583
10
36.576000
20
239.013996
30
0.0
0
VERTEX
8
P00583
10
37.591999
20
238.336658
30
0.0
0
VERTEX
8
P00583
10
36.576000
20
239.013996
30
0.0
0
SEQEND
0
POLYLINE
8
P00584
66
1
70
0
0
VERTEX
8
P00584
10
37.591999
20
238.336658
30
0.0
0
VERTEX
8
P00584
10
38.523332
20
239.013996
30
0.0
0
VERTEX
8
P00584
10
37.591999
20
238.336658
30
0.0
0
SEQEND
0
POLYLINE
8
P00585
66
1
70
0
0
VERTEX
8
P00585
10
38.523332
20
239.013996
30
0.0
0
VERTEX
8
P00585
10
37.591999
20
231.563326
30
0.0
0
VERTEX
8
P00585
10
38.523332
20
239.013996
30
0.0
0
SEQEND
0
POLYLINE
8
P00586
66
1
70
0
0
VERTEX
8
P00586
10
36.660666
20
238.929328
30
0.0
0
VERTEX
8
P00586
10
36.745332
20
238.929328
30
0.0
0
SEQEND
0
POLYLINE
8
P00587
66
1
70
0
0
VERTEX
8
P00587
10
36.660666
20
238.844659
30
0.0
0
VERTEX
8
P00587
10
36.829998
20
238.844659
30
0.0
0
SEQEND
0
POLYLINE
8
P00588
66
1
70
0
0
VERTEX
8
P00588
10
36.660666
20
238.759996
30
0.0
0
VERTEX
8
P00588
10
36.999332
20
238.759996
30
0.0
0
SEQEND
0
POLYLINE
8
P00589
66
1
70
0
0
VERTEX
8
P00589
10
36.660666
20
238.675327
30
0.0
0
VERTEX
8
P00589
10
37.083998
20
238.675327
30
0.0
0
SEQEND
0
POLYLINE
8
P00590
66
1
70
0
0
VERTEX
8
P00590
10
36.660666
20
238.590658
30
0.0
0
VERTEX
8
P00590
10
37.253333
20
238.590658
30
0.0
0
SEQEND
0
POLYLINE
8
P00591
66
1
70
0
0
VERTEX
8
P00591
10
36.660666
20
238.505995
30
0.0
0
VERTEX
8
P00591
10
37.337999
20
238.505995
30
0.0
0
SEQEND
0
POLYLINE
8
P00592
66
1
70
0
0
VERTEX
8
P00592
10
36.660666
20
238.421327
30
0.0
0
VERTEX
8
P00592
10
37.507333
20
238.421327
30
0.0
0
SEQEND
0
POLYLINE
8
P00593
66
1
70
0
0
VERTEX
8
P00593
10
36.745332
20
238.336658
30
0.0
0
VERTEX
8
P00593
10
37.591999
20
238.336658
30
0.0
0
SEQEND
0
POLYLINE
8
P00594
66
1
70
0
0
VERTEX
8
P00594
10
36.745332
20
238.251995
30
0.0
0
VERTEX
8
P00594
10
37.591999
20
238.251995
30
0.0
0
SEQEND
0
POLYLINE
8
P00595
66
1
70
0
0
VERTEX
8
P00595
10
36.745332
20
238.167326
30
0.0
0
VERTEX
8
P00595
10
37.591999
20
238.167326
30
0.0
0
SEQEND
0
POLYLINE
8
P00596
66
1
70
0
0
VERTEX
8
P00596
10
36.745332
20
238.082658
30
0.0
0
VERTEX
8
P00596
10
37.591999
20
238.082658
30
0.0
0
SEQEND
0
POLYLINE
8
P00597
66
1
70
0
0
VERTEX
8
P00597
10
36.745332
20
237.997994
30
0.0
0
VERTEX
8
P00597
10
37.591999
20
237.997994
30
0.0
0
SEQEND
0
POLYLINE
8
P00598
66
1
70
0
0
VERTEX
8
P00598
10
36.745332
20
237.913326
30
0.0
0
VERTEX
8
P00598
10
37.591999
20
237.913326
30
0.0
0
SEQEND
0
POLYLINE
8
P00599
66
1
70
0
0
VERTEX
8
P00599
10
36.745332
20
237.828663
30
0.0
0
VERTEX
8
P00599
10
37.591999
20
237.828663
30
0.0
0
SEQEND
0
POLYLINE
8
P00600
66
1
70
0
0
VERTEX
8
P00600
10
36.829998
20
237.743994
30
0.0
0
VERTEX
8
P00600
10
37.591999
20
237.743994
30
0.0
0
SEQEND
0
POLYLINE
8
P00601
66
1
70
0
0
VERTEX
8
P00601
10
36.829998
20
237.659325
30
0.0
0
VERTEX
8
P00601
10
37.591999
20
237.659325
30
0.0
0
SEQEND
0
POLYLINE
8
P00602
66
1
70
0
0
VERTEX
8
P00602
10
36.829998
20
237.574662
30
0.0
0
VERTEX
8
P00602
10
37.591999
20
237.574662
30
0.0
0
SEQEND
0
POLYLINE
8
P00603
66
1
70
0
0
VERTEX
8
P00603
10
36.829998
20
237.489994
30
0.0
0
VERTEX
8
P00603
10
37.591999
20
237.489994
30
0.0
0
SEQEND
0
POLYLINE
8
P00604
66
1
70
0
0
VERTEX
8
P00604
10
36.829998
20
237.405325
30
0.0
0
VERTEX
8
P00604
10
37.591999
20
237.405325
30
0.0
0
SEQEND
0
POLYLINE
8
P00605
66
1
70
0
0
VERTEX
8
P00605
10
36.829998
20
237.320662
30
0.0
0
VERTEX
8
P00605
10
37.591999
20
237.320662
30
0.0
0
SEQEND
0
POLYLINE
8
P00606
66
1
70
0
0
VERTEX
8
P00606
10
36.829998
20
237.235993
30
0.0
0
VERTEX
8
P00606
10
37.591999
20
237.235993
30
0.0
0
SEQEND
0
POLYLINE
8
P00607
66
1
70
0
0
VERTEX
8
P00607
10
36.829998
20
237.151325
30
0.0
0
VERTEX
8
P00607
10
37.591999
20
237.151325
30
0.0
0
SEQEND
0
POLYLINE
8
P00608
66
1
70
0
0
VERTEX
8
P00608
10
36.914666
20
237.066661
30
0.0
0
VERTEX
8
P00608
10
37.591999
20
237.066661
30
0.0
0
SEQEND
0
POLYLINE
8
P00609
66
1
70
0
0
VERTEX
8
P00609
10
36.914666
20
236.981993
30
0.0
0
VERTEX
8
P00609
10
37.591999
20
236.981993
30
0.0
0
SEQEND
0
POLYLINE
8
P00610
66
1
70
0
0
VERTEX
8
P00610
10
36.914666
20
236.897329
30
0.0
0
VERTEX
8
P00610
10
37.591999
20
236.897329
30
0.0
0
SEQEND
0
POLYLINE
8
P00611
66
1
70
0
0
VERTEX
8
P00611
10
36.914666
20
236.812661
30
0.0
0
VERTEX
8
P00611
10
37.591999
20
236.812661
30
0.0
0
SEQEND
0
POLYLINE
8
P00612
66
1
70
0
0
VERTEX
8
P00612
10
36.914666
20
236.727992
30
0.0
0
VERTEX
8
P00612
10
37.591999
20
236.727992
30
0.0
0
SEQEND
0
POLYLINE
8
P00613
66
1
70
0
0
VERTEX
8
P00613
10
36.914666
20
236.643329
30
0.0
0
VERTEX
8
P00613
10
37.591999
20
236.643329
30
0.0
0
SEQEND
0
POLYLINE
8
P00614
66
1
70
0
0
VERTEX
8
P00614
10
36.914666
20
236.558660
30
0.0
0
VERTEX
8
P00614
10
37.591999
20
236.558660
30
0.0
0
SEQEND
0
POLYLINE
8
P00615
66
1
70
0
0
VERTEX
8
P00615
10
36.999332
20
236.473992
30
0.0
0
VERTEX
8
P00615
10
37.591999
20
236.473992
30
0.0
0
SEQEND
0
POLYLINE
8
P00616
66
1
70
0
0
VERTEX
8
P00616
10
36.999332
20
236.389329
30
0.0
0
VERTEX
8
P00616
10
37.591999
20
236.389329
30
0.0
0
SEQEND
0
POLYLINE
8
P00617
66
1
70
0
0
VERTEX
8
P00617
10
36.999332
20
236.304660
30
0.0
0
VERTEX
8
P00617
10
37.591999
20
236.304660
30
0.0
0
SEQEND
0
POLYLINE
8
P00618
66
1
70
0
0
VERTEX
8
P00618
10
36.999332
20
236.219991
30
0.0
0
VERTEX
8
P00618
10
37.591999
20
236.219991
30
0.0
0
SEQEND
0
POLYLINE
8
P00619
66
1
70
0
0
VERTEX
8
P00619
10
36.999332
20
236.135328
30
0.0
0
VERTEX
8
P00619
10
37.591999
20
236.135328
30
0.0
0
SEQEND
0
POLYLINE
8
P00620
66
1
70
0
0
VERTEX
8
P00620
10
36.999332
20
236.050660
30
0.0
0
VERTEX
8
P00620
10
37.591999
20
236.050660
30
0.0
0
SEQEND
0
POLYLINE
8
P00621
66
1
70
0
0
VERTEX
8
P00621
10
36.999332
20
235.965991
30
0.0
0
VERTEX
8
P00621
10
37.591999
20
235.965991
30
0.0
0
SEQEND
0
POLYLINE
8
P00622
66
1
70
0
0
VERTEX
8
P00622
10
37.083998
20
235.881328
30
0.0
0
VERTEX
8
P00622
10
37.591999
20
235.881328
30
0.0
0
SEQEND
0
POLYLINE
8
P00623
66
1
70
0
0
VERTEX
8
P00623
10
37.083998
20
235.796659
30
0.0
0
VERTEX
8
P00623
10
37.591999
20
235.796659
30
0.0
0
SEQEND
0
POLYLINE
8
P00624
66
1
70
0
0
VERTEX
8
P00624
10
37.083998
20
235.711996
30
0.0
0
VERTEX
8
P00624
10
37.591999
20
235.711996
30
0.0
0
SEQEND
0
POLYLINE
8
P00625
66
1
70
0
0
VERTEX
8
P00625
10
37.083998
20
235.627327
30
0.0
0
VERTEX
8
P00625
10
37.591999
20
235.627327
30
0.0
0
SEQEND
0
POLYLINE
8
P00626
66
1
70
0
0
VERTEX
8
P00626
10
37.083998
20
235.542659
30
0.0
0
VERTEX
8
P00626
10
37.591999
20
235.542659
30
0.0
0
SEQEND
0
POLYLINE
8
P00627
66
1
70
0
0
VERTEX
8
P00627
10
37.083998
20
235.457995
30
0.0
0
VERTEX
8
P00627
10
37.591999
20
235.457995
30
0.0
0
SEQEND
0
POLYLINE
8
P00628
66
1
70
0
0
VERTEX
8
P00628
10
37.083998
20
235.373327
30
0.0
0
VERTEX
8
P00628
10
37.591999
20
235.373327
30
0.0
0
SEQEND
0
POLYLINE
8
P00629
66
1
70
0
0
VERTEX
8
P00629
10
37.083998
20
235.288658
30
0.0
0
VERTEX
8
P00629
10
37.591999
20
235.288658
30
0.0
0
SEQEND
0
POLYLINE
8
P00630
66
1
70
0
0
VERTEX
8
P00630
10
37.168667
20
235.203995
30
0.0
0
VERTEX
8
P00630
10
37.591999
20
235.203995
30
0.0
0
SEQEND
0
POLYLINE
8
P00631
66
1
70
0
0
VERTEX
8
P00631
10
37.168667
20
235.119326
30
0.0
0
VERTEX
8
P00631
10
37.591999
20
235.119326
30
0.0
0
SEQEND
0
POLYLINE
8
P00632
66
1
70
0
0
VERTEX
8
P00632
10
37.168667
20
235.034658
30
0.0
0
VERTEX
8
P00632
10
37.591999
20
235.034658
30
0.0
0
SEQEND
0
POLYLINE
8
P00633
66
1
70
0
0
VERTEX
8
P00633
10
37.168667
20
234.949995
30
0.0
0
VERTEX
8
P00633
10
37.591999
20
234.949995
30
0.0
0
SEQEND
0
POLYLINE
8
P00634
66
1
70
0
0
VERTEX
8
P00634
10
37.168667
20
234.865326
30
0.0
0
VERTEX
8
P00634
10
37.591999
20
234.865326
30
0.0
0
SEQEND
0
POLYLINE
8
P00635
66
1
70
0
0
VERTEX
8
P00635
10
37.168667
20
234.780663
30
0.0
0
VERTEX
8
P00635
10
37.591999
20
234.780663
30
0.0
0
SEQEND
0
POLYLINE
8
P00636
66
1
70
0
0
VERTEX
8
P00636
10
37.168667
20
234.695994
30
0.0
0
VERTEX
8
P00636
10
37.591999
20
234.695994
30
0.0
0
SEQEND
0
POLYLINE
8
P00637
66
1
70
0
0
VERTEX
8
P00637
10
37.253333
20
234.611326
30
0.0
0
VERTEX
8
P00637
10
37.591999
20
234.611326
30
0.0
0
SEQEND
0
POLYLINE
8
P00638
66
1
70
0
0
VERTEX
8
P00638
10
37.253333
20
234.526662
30
0.0
0
VERTEX
8
P00638
10
37.591999
20
234.526662
30
0.0
0
SEQEND
0
POLYLINE
8
P00639
66
1
70
0
0
VERTEX
8
P00639
10
37.253333
20
234.441994
30
0.0
0
VERTEX
8
P00639
10
37.591999
20
234.441994
30
0.0
0
SEQEND
0
POLYLINE
8
P00640
66
1
70
0
0
VERTEX
8
P00640
10
37.253333
20
234.357325
30
0.0
0
VERTEX
8
P00640
10
37.591999
20
234.357325
30
0.0
0
SEQEND
0
POLYLINE
8
P00641
66
1
70
0
0
VERTEX
8
P00641
10
37.253333
20
234.272662
30
0.0
0
VERTEX
8
P00641
10
37.591999
20
234.272662
30
0.0
0
SEQEND
0
POLYLINE
8
P00642
66
1
70
0
0
VERTEX
8
P00642
10
37.253333
20
234.187993
30
0.0
0
VERTEX
8
P00642
10
37.591999
20
234.187993
30
0.0
0
SEQEND
0
POLYLINE
8
P00643
66
1
70
0
0
VERTEX
8
P00643
10
37.253333
20
234.103325
30
0.0
0
VERTEX
8
P00643
10
37.591999
20
234.103325
30
0.0
0
SEQEND
0
POLYLINE
8
P00644
66
1
70
0
0
VERTEX
8
P00644
10
37.337999
20
234.018661
30
0.0
0
VERTEX
8
P00644
10
37.591999
20
234.018661
30
0.0
0
SEQEND
0
POLYLINE
8
P00645
66
1
70
0
0
VERTEX
8
P00645
10
37.337999
20
233.933993
30
0.0
0
VERTEX
8
P00645
10
37.591999
20
233.933993
30
0.0
0
SEQEND
0
POLYLINE
8
P00646
66
1
70
0
0
VERTEX
8
P00646
10
37.337999
20
233.849330
30
0.0
0
VERTEX
8
P00646
10
37.591999
20
233.849330
30
0.0
0
SEQEND
0
POLYLINE
8
P00647
66
1
70
0
0
VERTEX
8
P00647
10
37.337999
20
233.764661
30
0.0
0
VERTEX
8
P00647
10
37.591999
20
233.764661
30
0.0
0
SEQEND
0
POLYLINE
8
P00648
66
1
70
0
0
VERTEX
8
P00648
10
37.337999
20
233.679992
30
0.0
0
VERTEX
8
P00648
10
37.591999
20
233.679992
30
0.0
0
SEQEND
0
POLYLINE
8
P00649
66
1
70
0
0
VERTEX
8
P00649
10
37.337999
20
233.595329
30
0.0
0
VERTEX
8
P00649
10
37.591999
20
233.595329
30
0.0
0
SEQEND
0
POLYLINE
8
P00650
66
1
70
0
0
VERTEX
8
P00650
10
37.337999
20
233.510661
30
0.0
0
VERTEX
8
P00650
10
37.591999
20
233.510661
30
0.0
0
SEQEND
0
POLYLINE
8
P00651
66
1
70
0
0
VERTEX
8
P00651
10
37.337999
20
233.425992
30
0.0
0
VERTEX
8
P00651
10
37.591999
20
233.425992
30
0.0
0
SEQEND
0
POLYLINE
8
P00652
66
1
70
0
0
VERTEX
8
P00652
10
37.422665
20
233.341329
30
0.0
0
VERTEX
8
P00652
10
37.591999
20
233.341329
30
0.0
0
SEQEND
0
POLYLINE
8
P00653
66
1
70
0
0
VERTEX
8
P00653
10
37.422665
20
233.256660
30
0.0
0
VERTEX
8
P00653
10
37.591999
20
233.256660
30
0.0
0
SEQEND
0
POLYLINE
8
P00654
66
1
70
0
0
VERTEX
8
P00654
10
37.422665
20
233.171992
30
0.0
0
VERTEX
8
P00654
10
37.591999
20
233.171992
30
0.0
0
SEQEND
0
POLYLINE
8
P00655
66
1
70
0
0
VERTEX
8
P00655
10
37.422665
20
233.087328
30
0.0
0
VERTEX
8
P00655
10
37.591999
20
233.087328
30
0.0
0
SEQEND
0
POLYLINE
8
P00656
66
1
70
0
0
VERTEX
8
P00656
10
37.422665
20
233.002660
30
0.0
0
VERTEX
8
P00656
10
37.591999
20
233.002660
30
0.0
0
SEQEND
0
POLYLINE
8
P00657
66
1
70
0
0
VERTEX
8
P00657
10
37.422665
20
232.917991
30
0.0
0
VERTEX
8
P00657
10
37.591999
20
232.917991
30
0.0
0
SEQEND
0
POLYLINE
8
P00658
66
1
70
0
0
VERTEX
8
P00658
10
37.422665
20
232.833328
30
0.0
0
VERTEX
8
P00658
10
37.591999
20
232.833328
30
0.0
0
SEQEND
0
POLYLINE
8
P00659
66
1
70
0
0
VERTEX
8
P00659
10
37.507333
20
232.748659
30
0.0
0
VERTEX
8
P00659
10
37.591999
20
232.748659
30
0.0
0
SEQEND
0
POLYLINE
8
P00660
66
1
70
0
0
VERTEX
8
P00660
10
37.507333
20
232.663996
30
0.0
0
VERTEX
8
P00660
10
37.591999
20
232.663996
30
0.0
0
SEQEND
0
POLYLINE
8
P00661
66
1
70
0
0
VERTEX
8
P00661
10
37.507333
20
232.579328
30
0.0
0
VERTEX
8
P00661
10
37.591999
20
232.579328
30
0.0
0
SEQEND
0
POLYLINE
8
P00662
66
1
70
0
0
VERTEX
8
P00662
10
37.507333
20
232.494659
30
0.0
0
VERTEX
8
P00662
10
37.591999
20
232.494659
30
0.0
0
SEQEND
0
POLYLINE
8
P00663
66
1
70
0
0
VERTEX
8
P00663
10
37.507333
20
232.409996
30
0.0
0
VERTEX
8
P00663
10
37.591999
20
232.409996
30
0.0
0
SEQEND
0
POLYLINE
8
P00664
66
1
70
0
0
VERTEX
8
P00664
10
37.507333
20
232.325327
30
0.0
0
VERTEX
8
P00664
10
37.591999
20
232.325327
30
0.0
0
SEQEND
0
POLYLINE
8
P00665
66
1
70
0
0
VERTEX
8
P00665
10
37.507333
20
232.240658
30
0.0
0
VERTEX
8
P00665
10
37.591999
20
232.240658
30
0.0
0
VERTEX
8
P00665
10
37.507333
20
232.240658
30
0.0
0
SEQEND
0
POLYLINE
8
P00666
66
1
70
0
0
VERTEX
8
P00666
10
38.438666
20
238.929328
30
0.0
0
VERTEX
8
P00666
10
38.523332
20
238.929328
30
0.0
0
SEQEND
0
POLYLINE
8
P00667
66
1
70
0
0
VERTEX
8
P00667
10
38.354000
20
238.844659
30
0.0
0
VERTEX
8
P00667
10
38.523332
20
238.844659
30
0.0
0
SEQEND
0
POLYLINE
8
P00668
66
1
70
0
0
VERTEX
8
P00668
10
38.184666
20
238.759996
30
0.0
0
VERTEX
8
P00668
10
38.523332
20
238.759996
30
0.0
0
SEQEND
0
POLYLINE
8
P00669
66
1
70
0
0
VERTEX
8
P00669
10
38.100000
20
238.675327
30
0.0
0
VERTEX
8
P00669
10
38.523332
20
238.675327
30
0.0
0
SEQEND
0
POLYLINE
8
P00670
66
1
70
0
0
VERTEX
8
P00670
10
38.015331
20
238.590658
30
0.0
0
VERTEX
8
P00670
10
38.523332
20
238.590658
30
0.0
0
SEQEND
0
POLYLINE
8
P00671
66
1
70
0
0
VERTEX
8
P00671
10
37.846000
20
238.505995
30
0.0
0
VERTEX
8
P00671
10
38.523332
20
238.505995
30
0.0
0
SEQEND
0
POLYLINE
8
P00672
66
1
70
0
0
VERTEX
8
P00672
10
37.761334
20
238.421327
30
0.0
0
VERTEX
8
P00672
10
38.523332
20
238.421327
30
0.0
0
SEQEND
0
POLYLINE
8
P00673
66
1
70
0
0
VERTEX
8
P00673
10
37.591999
20
238.336658
30
0.0
0
VERTEX
8
P00673
10
38.438666
20
238.336658
30
0.0
0
SEQEND
0
POLYLINE
8
P00674
66
1
70
0
0
VERTEX
8
P00674
10
37.591999
20
238.251995
30
0.0
0
VERTEX
8
P00674
10
38.438666
20
238.251995
30
0.0
0
SEQEND
0
POLYLINE
8
P00675
66
1
70
0
0
VERTEX
8
P00675
10
37.591999
20
238.167326
30
0.0
0
VERTEX
8
P00675
10
38.438666
20
238.167326
30
0.0
0
SEQEND
0
POLYLINE
8
P00676
66
1
70
0
0
VERTEX
8
P00676
10
37.591999
20
238.082658
30
0.0
0
VERTEX
8
P00676
10
38.438666
20
238.082658
30
0.0
0
SEQEND
0
POLYLINE
8
P00677
66
1
70
0
0
VERTEX
8
P00677
10
37.591999
20
237.997994
30
0.0
0
VERTEX
8
P00677
10
38.438666
20
237.997994
30
0.0
0
SEQEND
0
POLYLINE
8
P00678
66
1
70
0
0
VERTEX
8
P00678
10
37.591999
20
237.913326
30
0.0
0
VERTEX
8
P00678
10
38.438666
20
237.913326
30
0.0
0
SEQEND
0
POLYLINE
8
P00679
66
1
70
0
0
VERTEX
8
P00679
10
37.591999
20
237.828663
30
0.0
0
VERTEX
8
P00679
10
38.438666
20
237.828663
30
0.0
0
SEQEND
0
POLYLINE
8
P00680
66
1
70
0
0
VERTEX
8
P00680
10
37.591999
20
237.743994
30
0.0
0
VERTEX
8
P00680
10
38.438666
20
237.743994
30
0.0
0
SEQEND
0
POLYLINE
8
P00681
66
1
70
0
0
VERTEX
8
P00681
10
37.591999
20
237.659325
30
0.0
0
VERTEX
8
P00681
10
38.354000
20
237.659325
30
0.0
0
SEQEND
0
POLYLINE
8
P00682
66
1
70
0
0
VERTEX
8
P00682
10
37.591999
20
237.574662
30
0.0
0
VERTEX
8
P00682
10
38.354000
20
237.574662
30
0.0
0
SEQEND
0
POLYLINE
8
P00683
66
1
70
0
0
VERTEX
8
P00683
10
37.591999
20
237.489994
30
0.0
0
VERTEX
8
P00683
10
38.354000
20
237.489994
30
0.0
0
SEQEND
0
POLYLINE
8
P00684
66
1
70
0
0
VERTEX
8
P00684
10
37.591999
20
237.405325
30
0.0
0
VERTEX
8
P00684
10
38.354000
20
237.405325
30
0.0
0
SEQEND
0
POLYLINE
8
P00685
66
1
70
0
0
VERTEX
8
P00685
10
37.591999
20
237.320662
30
0.0
0
VERTEX
8
P00685
10
38.354000
20
237.320662
30
0.0
0
SEQEND
0
POLYLINE
8
P00686
66
1
70
0
0
VERTEX
8
P00686
10
37.591999
20
237.235993
30
0.0
0
VERTEX
8
P00686
10
38.354000
20
237.235993
30
0.0
0
SEQEND
0
POLYLINE
8
P00687
66
1
70
0
0
VERTEX
8
P00687
10
37.591999
20
237.151325
30
0.0
0
VERTEX
8
P00687
10
38.354000
20
237.151325
30
0.0
0
SEQEND
0
POLYLINE
8
P00688
66
1
70
0
0
VERTEX
8
P00688
10
37.591999
20
237.066661
30
0.0
0
VERTEX
8
P00688
10
38.354000
20
237.066661
30
0.0
0
SEQEND
0
POLYLINE
8
P00689
66
1
70
0
0
VERTEX
8
P00689
10
37.591999
20
236.981993
30
0.0
0
VERTEX
8
P00689
10
38.269332
20
236.981993
30
0.0
0
SEQEND
0
POLYLINE
8
P00690
66
1
70
0
0
VERTEX
8
P00690
10
37.591999
20
236.897329
30
0.0
0
VERTEX
8
P00690
10
38.269332
20
236.897329
30
0.0
0
SEQEND
0
POLYLINE
8
P00691
66
1
70
0
0
VERTEX
8
P00691
10
37.591999
20
236.812661
30
0.0
0
VERTEX
8
P00691
10
38.269332
20
236.812661
30
0.0
0
SEQEND
0
POLYLINE
8
P00692
66
1
70
0
0
VERTEX
8
P00692
10
37.591999
20
236.727992
30
0.0
0
VERTEX
8
P00692
10
38.269332
20
236.727992
30
0.0
0
SEQEND
0
POLYLINE
8
P00693
66
1
70
0
0
VERTEX
8
P00693
10
37.591999
20
236.643329
30
0.0
0
VERTEX
8
P00693
10
38.269332
20
236.643329
30
0.0
0
SEQEND
0
POLYLINE
8
P00694
66
1
70
0
0
VERTEX
8
P00694
10
37.591999
20
236.558660
30
0.0
0
VERTEX
8
P00694
10
38.269332
20
236.558660
30
0.0
0
SEQEND
0
POLYLINE
8
P00695
66
1
70
0
0
VERTEX
8
P00695
10
37.591999
20
236.473992
30
0.0
0
VERTEX
8
P00695
10
38.269332
20
236.473992
30
0.0
0
SEQEND
0
POLYLINE
8
P00696
66
1
70
0
0
VERTEX
8
P00696
10
37.591999
20
236.389329
30
0.0
0
VERTEX
8
P00696
10
38.269332
20
236.389329
30
0.0
0
SEQEND
0
POLYLINE
8
P00697
66
1
70
0
0
VERTEX
8
P00697
10
37.591999
20
236.304660
30
0.0
0
VERTEX
8
P00697
10
38.184666
20
236.304660
30
0.0
0
SEQEND
0
POLYLINE
8
P00698
66
1
70
0
0
VERTEX
8
P00698
10
37.591999
20
236.219991
30
0.0
0
VERTEX
8
P00698
10
38.184666
20
236.219991
30
0.0
0
SEQEND
0
POLYLINE
8
P00699
66
1
70
0
0
VERTEX
8
P00699
10
37.591999
20
236.135328
30
0.0
0
VERTEX
8
P00699
10
38.184666
20
236.135328
30
0.0
0
SEQEND
0
POLYLINE
8
P00700
66
1
70
0
0
VERTEX
8
P00700
10
37.591999
20
236.050660
30
0.0
0
VERTEX
8
P00700
10
38.184666
20
236.050660
30
0.0
0
SEQEND
0
POLYLINE
8
P00701
66
1
70
0
0
VERTEX
8
P00701
10
37.591999
20
235.965991
30
0.0
0
VERTEX
8
P00701
10
38.184666
20
235.965991
30
0.0
0
SEQEND
0
POLYLINE
8
P00702
66
1
70
0
0
VERTEX
8
P00702
10
37.591999
20
235.881328
30
0.0
0
VERTEX
8
P00702
10
38.184666
20
235.881328
30
0.0
0
SEQEND
0
POLYLINE
8
P00703
66
1
70
0
0
VERTEX
8
P00703
10
37.591999
20
235.796659
30
0.0
0
VERTEX
8
P00703
10
38.184666
20
235.796659
30
0.0
0
SEQEND
0
POLYLINE
8
P00704
66
1
70
0
0
VERTEX
8
P00704
10
37.591999
20
235.711996
30
0.0
0
VERTEX
8
P00704
10
38.184666
20
235.711996
30
0.0
0
SEQEND
0
POLYLINE
8
P00705
66
1
70
0
0
VERTEX
8
P00705
10
37.591999
20
235.627327
30
0.0
0
VERTEX
8
P00705
10
38.100000
20
235.627327
30
0.0
0
SEQEND
0
POLYLINE
8
P00706
66
1
70
0
0
VERTEX
8
P00706
10
37.591999
20
235.542659
30
0.0
0
VERTEX
8
P00706
10
38.100000
20
235.542659
30
0.0
0
SEQEND
0
POLYLINE
8
P00707
66
1
70
0
0
VERTEX
8
P00707
10
37.591999
20
235.457995
30
0.0
0
VERTEX
8
P00707
10
38.100000
20
235.457995
30
0.0
0
SEQEND
0
POLYLINE
8
P00708
66
1
70
0
0
VERTEX
8
P00708
10
37.591999
20
235.373327
30
0.0
0
VERTEX
8
P00708
10
38.100000
20
235.373327
30
0.0
0
SEQEND
0
POLYLINE
8
P00709
66
1
70
0
0
VERTEX
8
P00709
10
37.591999
20
235.288658
30
0.0
0
VERTEX
8
P00709
10
38.100000
20
235.288658
30
0.0
0
SEQEND
0
POLYLINE
8
P00710
66
1
70
0
0
VERTEX
8
P00710
10
37.591999
20
235.203995
30
0.0
0
VERTEX
8
P00710
10
38.100000
20
235.203995
30
0.0
0
SEQEND
0
POLYLINE
8
P00711
66
1
70
0
0
VERTEX
8
P00711
10
37.591999
20
235.119326
30
0.0
0
VERTEX
8
P00711
10
38.100000
20
235.119326
30
0.0
0
SEQEND
0
POLYLINE
8
P00712
66
1
70
0
0
VERTEX
8
P00712
10
37.591999
20
235.034658
30
0.0
0
VERTEX
8
P00712
10
38.100000
20
235.034658
30
0.0
0
SEQEND
0
POLYLINE
8
P00713
66
1
70
0
0
VERTEX
8
P00713
10
37.591999
20
234.949995
30
0.0
0
VERTEX
8
P00713
10
38.015331
20
234.949995
30
0.0
0
SEQEND
0
POLYLINE
8
P00714
66
1
70
0
0
VERTEX
8
P00714
10
37.591999
20
234.865326
30
0.0
0
VERTEX
8
P00714
10
38.015331
20
234.865326
30
0.0
0
SEQEND
0
POLYLINE
8
P00715
66
1
70
0
0
VERTEX
8
P00715
10
37.591999
20
234.780663
30
0.0
0
VERTEX
8
P00715
10
38.015331
20
234.780663
30
0.0
0
SEQEND
0
POLYLINE
8
P00716
66
1
70
0
0
VERTEX
8
P00716
10
37.591999
20
234.695994
30
0.0
0
VERTEX
8
P00716
10
38.015331
20
234.695994
30
0.0
0
SEQEND
0
POLYLINE
8
P00717
66
1
70
0
0
VERTEX
8
P00717
10
37.591999
20
234.611326
30
0.0
0
VERTEX
8
P00717
10
38.015331
20
234.611326
30
0.0
0
SEQEND
0
POLYLINE
8
P00718
66
1
70
0
0
VERTEX
8
P00718
10
37.591999
20
234.526662
30
0.0
0
VERTEX
8
P00718
10
38.015331
20
234.526662
30
0.0
0
SEQEND
0
POLYLINE
8
P00719
66
1
70
0
0
VERTEX
8
P00719
10
37.591999
20
234.441994
30
0.0
0
VERTEX
8
P00719
10
38.015331
20
234.441994
30
0.0
0
SEQEND
0
POLYLINE
8
P00720
66
1
70
0
0
VERTEX
8
P00720
10
37.591999
20
234.357325
30
0.0
0
VERTEX
8
P00720
10
38.015331
20
234.357325
30
0.0
0
SEQEND
0
POLYLINE
8
P00721
66
1
70
0
0
VERTEX
8
P00721
10
37.591999
20
234.272662
30
0.0
0
VERTEX
8
P00721
10
37.930665
20
234.272662
30
0.0
0
SEQEND
0
POLYLINE
8
P00722
66
1
70
0
0
VERTEX
8
P00722
10
37.591999
20
234.187993
30
0.0
0
VERTEX
8
P00722
10
37.930665
20
234.187993
30
0.0
0
SEQEND
0
POLYLINE
8
P00723
66
1
70
0
0
VERTEX
8
P00723
10
37.591999
20
234.103325
30
0.0
0
VERTEX
8
P00723
10
37.930665
20
234.103325
30
0.0
0
SEQEND
0
POLYLINE
8
P00724
66
1
70
0
0
VERTEX
8
P00724
10
37.591999
20
234.018661
30
0.0
0
VERTEX
8
P00724
10
37.930665
20
234.018661
30
0.0
0
SEQEND
0
POLYLINE
8
P00725
66
1
70
0
0
VERTEX
8
P00725
10
37.591999
20
233.933993
30
0.0
0
VERTEX
8
P00725
10
37.930665
20
233.933993
30
0.0
0
SEQEND
0
POLYLINE
8
P00726
66
1
70
0
0
VERTEX
8
P00726
10
37.591999
20
233.849330
30
0.0
0
VERTEX
8
P00726
10
37.930665
20
233.849330
30
0.0
0
SEQEND
0
POLYLINE
8
P00727
66
1
70
0
0
VERTEX
8
P00727
10
37.591999
20
233.764661
30
0.0
0
VERTEX
8
P00727
10
37.930665
20
233.764661
30
0.0
0
SEQEND
0
POLYLINE
8
P00728
66
1
70
0
0
VERTEX
8
P00728
10
37.591999
20
233.679992
30
0.0
0
VERTEX
8
P00728
10
37.930665
20
233.679992
30
0.0
0
SEQEND
0
POLYLINE
8
P00729
66
1
70
0
0
VERTEX
8
P00729
10
37.591999
20
233.595329
30
0.0
0
VERTEX
8
P00729
10
37.846000
20
233.595329
30
0.0
0
SEQEND
0
POLYLINE
8
P00730
66
1
70
0
0
VERTEX
8
P00730
10
37.591999
20
233.510661
30
0.0
0
VERTEX
8
P00730
10
37.846000
20
233.510661
30
0.0
0
SEQEND
0
POLYLINE
8
P00731
66
1
70
0
0
VERTEX
8
P00731
10
37.591999
20
233.425992
30
0.0
0
VERTEX
8
P00731
10
37.846000
20
233.425992
30
0.0
0
SEQEND
0
POLYLINE
8
P00732
66
1
70
0
0
VERTEX
8
P00732
10
37.591999
20
233.341329
30
0.0
0
VERTEX
8
P00732
10
37.846000
20
233.341329
30
0.0
0
SEQEND
0
POLYLINE
8
P00733
66
1
70
0
0
VERTEX
8
P00733
10
37.591999
20
233.256660
30
0.0
0
VERTEX
8
P00733
10
37.846000
20
233.256660
30
0.0
0
SEQEND
0
POLYLINE
8
P00734
66
1
70
0
0
VERTEX
8
P00734
10
37.591999
20
233.171992
30
0.0
0
VERTEX
8
P00734
10
37.846000
20
233.171992
30
0.0
0
SEQEND
0
POLYLINE
8
P00735
66
1
70
0
0
VERTEX
8
P00735
10
37.591999
20
233.087328
30
0.0
0
VERTEX
8
P00735
10
37.846000
20
233.087328
30
0.0
0
SEQEND
0
POLYLINE
8
P00736
66
1
70
0
0
VERTEX
8
P00736
10
37.591999
20
233.002660
30
0.0
0
VERTEX
8
P00736
10
37.846000
20
233.002660
30
0.0
0
SEQEND
0
POLYLINE
8
P00737
66
1
70
0
0
VERTEX
8
P00737
10
37.591999
20
232.917991
30
0.0
0
VERTEX
8
P00737
10
37.761334
20
232.917991
30
0.0
0
SEQEND
0
POLYLINE
8
P00738
66
1
70
0
0
VERTEX
8
P00738
10
37.591999
20
232.833328
30
0.0
0
VERTEX
8
P00738
10
37.761334
20
232.833328
30
0.0
0
SEQEND
0
POLYLINE
8
P00739
66
1
70
0
0
VERTEX
8
P00739
10
37.591999
20
232.748659
30
0.0
0
VERTEX
8
P00739
10
37.761334
20
232.748659
30
0.0
0
SEQEND
0
POLYLINE
8
P00740
66
1
70
0
0
VERTEX
8
P00740
10
37.591999
20
232.663996
30
0.0
0
VERTEX
8
P00740
10
37.761334
20
232.663996
30
0.0
0
SEQEND
0
POLYLINE
8
P00741
66
1
70
0
0
VERTEX
8
P00741
10
37.591999
20
232.579328
30
0.0
0
VERTEX
8
P00741
10
37.761334
20
232.579328
30
0.0
0
SEQEND
0
POLYLINE
8
P00742
66
1
70
0
0
VERTEX
8
P00742
10
37.591999
20
232.494659
30
0.0
0
VERTEX
8
P00742
10
37.761334
20
232.494659
30
0.0
0
SEQEND
0
POLYLINE
8
P00743
66
1
70
0
0
VERTEX
8
P00743
10
37.591999
20
232.409996
30
0.0
0
VERTEX
8
P00743
10
37.761334
20
232.409996
30
0.0
0
SEQEND
0
POLYLINE
8
P00744
66
1
70
0
0
VERTEX
8
P00744
10
37.591999
20
232.325327
30
0.0
0
VERTEX
8
P00744
10
37.761334
20
232.325327
30
0.0
0
SEQEND
0
POLYLINE
8
P00745
66
1
70
0
0
VERTEX
8
P00745
10
37.591999
20
232.240658
30
0.0
0
VERTEX
8
P00745
10
37.676665
20
232.240658
30
0.0
0
SEQEND
0
POLYLINE
8
P00746
66
1
70
0
0
VERTEX
8
P00746
10
37.591999
20
232.155995
30
0.0
0
VERTEX
8
P00746
10
37.676665
20
232.155995
30
0.0
0
SEQEND
0
POLYLINE
8
P00747
66
1
70
0
0
VERTEX
8
P00747
10
37.591999
20
232.071327
30
0.0
0
VERTEX
8
P00747
10
37.676665
20
232.071327
30
0.0
0
SEQEND
0
POLYLINE
8
P00748
66
1
70
0
0
VERTEX
8
P00748
10
37.591999
20
231.986658
30
0.0
0
VERTEX
8
P00748
10
37.676665
20
231.986658
30
0.0
0
SEQEND
0
POLYLINE
8
P00749
66
1
70
0
0
VERTEX
8
P00749
10
37.591999
20
231.901995
30
0.0
0
VERTEX
8
P00749
10
37.676665
20
231.901995
30
0.0
0
SEQEND
0
POLYLINE
8
P00750
66
1
70
0
0
VERTEX
8
P00750
10
37.591999
20
231.817326
30
0.0
0
VERTEX
8
P00750
10
37.676665
20
231.817326
30
0.0
0
SEQEND
0
POLYLINE
8
P00751
66
1
70
0
0
VERTEX
8
P00751
10
37.591999
20
231.732663
30
0.0
0
VERTEX
8
P00751
10
37.676665
20
231.732663
30
0.0
0
SEQEND
0
POLYLINE
8
P00752
66
1
70
0
0
VERTEX
8
P00752
10
37.591999
20
231.647994
30
0.0
0
VERTEX
8
P00752
10
37.676665
20
231.647994
30
0.0
0
VERTEX
8
P00752
10
37.591999
20
231.647994
30
0.0
0
SEQEND
0
POLYLINE
8
P00753
66
1
70
0
0
VERTEX
8
P00753
10
37.591999
20
246.549324
30
0.0
0
VERTEX
8
P00753
10
37.591999
20
231.563326
30
0.0
0
VERTEX
8
P00753
10
37.591999
20
246.549324
30
0.0
0
SEQEND
0
POLYLINE
8
P00754
66
1
70
0
0
VERTEX
8
P00754
10
193.971321
20
239.521992
30
0.0
0
VERTEX
8
P00754
10
197.103990
20
239.521992
30
0.0
0
SEQEND
0
POLYLINE
8
P00755
66
1
70
0
0
VERTEX
8
P00755
10
194.056006
20
239.437328
30
0.0
0
VERTEX
8
P00755
10
197.103990
20
239.437328
30
0.0
0
SEQEND
0
POLYLINE
8
P00756
66
1
70
0
0
VERTEX
8
P00756
10
194.056006
20
239.352660
30
0.0
0
VERTEX
8
P00756
10
197.103990
20
239.352660
30
0.0
0
SEQEND
0
POLYLINE
8
P00757
66
1
70
0
0
VERTEX
8
P00757
10
194.056006
20
239.267991
30
0.0
0
VERTEX
8
P00757
10
197.103990
20
239.267991
30
0.0
0
SEQEND
0
POLYLINE
8
P00758
66
1
70
0
0
VERTEX
8
P00758
10
194.056006
20
239.183328
30
0.0
0
VERTEX
8
P00758
10
197.103990
20
239.183328
30
0.0
0
SEQEND
0
POLYLINE
8
P00759
66
1
70
0
0
VERTEX
8
P00759
10
194.056006
20
239.098659
30
0.0
0
VERTEX
8
P00759
10
197.103990
20
239.098659
30
0.0
0
SEQEND
0
POLYLINE
8
P00760
66
1
70
0
0
VERTEX
8
P00760
10
194.056006
20
239.013996
30
0.0
0
VERTEX
8
P00760
10
197.103990
20
239.013996
30
0.0
0
SEQEND
0
POLYLINE
8
P00761
66
1
70
0
0
VERTEX
8
P00761
10
194.056006
20
238.929328
30
0.0
0
VERTEX
8
P00761
10
197.103990
20
238.929328
30
0.0
0
SEQEND
0
POLYLINE
8
P00762
66
1
70
0
0
VERTEX
8
P00762
10
194.140669
20
238.844659
30
0.0
0
VERTEX
8
P00762
10
197.103990
20
238.844659
30
0.0
0
SEQEND
0
POLYLINE
8
P00763
66
1
70
0
0
VERTEX
8
P00763
10
194.140669
20
238.759996
30
0.0
0
VERTEX
8
P00763
10
197.019326
20
238.759996
30
0.0
0
SEQEND
0
POLYLINE
8
P00764
66
1
70
0
0
VERTEX
8
P00764
10
194.140669
20
238.675327
30
0.0
0
VERTEX
8
P00764
10
197.019326
20
238.675327
30
0.0
0
SEQEND
0
POLYLINE
8
P00765
66
1
70
0
0
VERTEX
8
P00765
10
194.140669
20
238.590658
30
0.0
0
VERTEX
8
P00765
10
197.019326
20
238.590658
30
0.0
0
SEQEND
0
POLYLINE
8
P00766
66
1
70
0
0
VERTEX
8
P00766
10
194.140669
20
238.505995
30
0.0
0
VERTEX
8
P00766
10
197.019326
20
238.505995
30
0.0
0
SEQEND
0
POLYLINE
8
P00767
66
1
70
0
0
VERTEX
8
P00767
10
194.140669
20
238.421327
30
0.0
0
VERTEX
8
P00767
10
197.019326
20
238.421327
30
0.0
0
SEQEND
0
POLYLINE
8
P00768
66
1
70
0
0
VERTEX
8
P00768
10
194.140669
20
238.336658
30
0.0
0
VERTEX
8
P00768
10
197.019326
20
238.336658
30
0.0
0
SEQEND
0
POLYLINE
8
P00769
66
1
70
0
0
VERTEX
8
P00769
10
194.225332
20
238.251995
30
0.0
0
VERTEX
8
P00769
10
197.019326
20
238.251995
30
0.0
0
SEQEND
0
POLYLINE
8
P00770
66
1
70
0
0
VERTEX
8
P00770
10
194.225332
20
238.167326
30
0.0
0
VERTEX
8
P00770
10
197.019326
20
238.167326
30
0.0
0
SEQEND
0
POLYLINE
8
P00771
66
1
70
0
0
VERTEX
8
P00771
10
194.225332
20
238.082658
30
0.0
0
VERTEX
8
P00771
10
196.934663
20
238.082658
30
0.0
0
SEQEND
0
POLYLINE
8
P00772
66
1
70
0
0
VERTEX
8
P00772
10
194.225332
20
237.997994
30
0.0
0
VERTEX
8
P00772
10
196.934663
20
237.997994
30
0.0
0
SEQEND
0
POLYLINE
8
P00773
66
1
70
0
0
VERTEX
8
P00773
10
194.225332
20
237.913326
30
0.0
0
VERTEX
8
P00773
10
196.934663
20
237.913326
30
0.0
0
SEQEND
0
POLYLINE
8
P00774
66
1
70
0
0
VERTEX
8
P00774
10
194.225332
20
237.828663
30
0.0
0
VERTEX
8
P00774
10
196.934663
20
237.828663
30
0.0
0
SEQEND
0
POLYLINE
8
P00775
66
1
70
0
0
VERTEX
8
P00775
10
194.225332
20
237.743994
30
0.0
0
VERTEX
8
P00775
10
196.934663
20
237.743994
30
0.0
0
SEQEND
0
POLYLINE
8
P00776
66
1
70
0
0
VERTEX
8
P00776
10
194.309996
20
237.659325
30
0.0
0
VERTEX
8
P00776
10
196.934663
20
237.659325
30
0.0
0
SEQEND
0
POLYLINE
8
P00777
66
1
70
0
0
VERTEX
8
P00777
10
194.309996
20
237.574662
30
0.0
0
VERTEX
8
P00777
10
196.934663
20
237.574662
30
0.0
0
SEQEND
0
POLYLINE
8
P00778
66
1
70
0
0
VERTEX
8
P00778
10
194.309996
20
237.489994
30
0.0
0
VERTEX
8
P00778
10
196.934663
20
237.489994
30
0.0
0
SEQEND
0
POLYLINE
8
P00779
66
1
70
0
0
VERTEX
8
P00779
10
194.309996
20
237.405325
30
0.0
0
VERTEX
8
P00779
10
196.850000
20
237.405325
30
0.0
0
SEQEND
0
POLYLINE
8
P00780
66
1
70
0
0
VERTEX
8
P00780
10
194.309996
20
237.320662
30
0.0
0
VERTEX
8
P00780
10
196.850000
20
237.320662
30
0.0
0
SEQEND
0
POLYLINE
8
P00781
66
1
70
0
0
VERTEX
8
P00781
10
194.309996
20
237.235993
30
0.0
0
VERTEX
8
P00781
10
196.850000
20
237.235993
30
0.0
0
SEQEND
0
POLYLINE
8
P00782
66
1
70
0
0
VERTEX
8
P00782
10
194.309996
20
237.151325
30
0.0
0
VERTEX
8
P00782
10
196.850000
20
237.151325
30
0.0
0
SEQEND
0
POLYLINE
8
P00783
66
1
70
0
0
VERTEX
8
P00783
10
194.309996
20
237.066661
30
0.0
0
VERTEX
8
P00783
10
196.850000
20
237.066661
30
0.0
0
SEQEND
0
POLYLINE
8
P00784
66
1
70
0
0
VERTEX
8
P00784
10
194.394659
20
236.981993
30
0.0
0
VERTEX
8
P00784
10
196.850000
20
236.981993
30
0.0
0
SEQEND
0
POLYLINE
8
P00785
66
1
70
0
0
VERTEX
8
P00785
10
194.394659
20
236.897329
30
0.0
0
VERTEX
8
P00785
10
196.850000
20
236.897329
30
0.0
0
SEQEND
0
POLYLINE
8
P00786
66
1
70
0
0
VERTEX
8
P00786
10
194.394659
20
236.812661
30
0.0
0
VERTEX
8
P00786
10
196.850000
20
236.812661
30
0.0
0
SEQEND
0
POLYLINE
8
P00787
66
1
70
0
0
VERTEX
8
P00787
10
194.394659
20
236.727992
30
0.0
0
VERTEX
8
P00787
10
196.765337
20
236.727992
30
0.0
0
SEQEND
0
POLYLINE
8
P00788
66
1
70
0
0
VERTEX
8
P00788
10
194.394659
20
236.643329
30
0.0
0
VERTEX
8
P00788
10
196.765337
20
236.643329
30
0.0
0
SEQEND
0
POLYLINE
8
P00789
66
1
70
0
0
VERTEX
8
P00789
10
194.394659
20
236.558660
30
0.0
0
VERTEX
8
P00789
10
196.765337
20
236.558660
30
0.0
0
SEQEND
0
POLYLINE
8
P00790
66
1
70
0
0
VERTEX
8
P00790
10
194.394659
20
236.473992
30
0.0
0
VERTEX
8
P00790
10
196.765337
20
236.473992
30
0.0
0
SEQEND
0
POLYLINE
8
P00791
66
1
70
0
0
VERTEX
8
P00791
10
194.479322
20
236.389329
30
0.0
0
VERTEX
8
P00791
10
196.765337
20
236.389329
30
0.0
0
SEQEND
0
POLYLINE
8
P00792
66
1
70
0
0
VERTEX
8
P00792
10
194.479322
20
236.304660
30
0.0
0
VERTEX
8
P00792
10
196.765337
20
236.304660
30
0.0
0
SEQEND
0
POLYLINE
8
P00793
66
1
70
0
0
VERTEX
8
P00793
10
194.479322
20
236.219991
30
0.0
0
VERTEX
8
P00793
10
196.765337
20
236.219991
30
0.0
0
SEQEND
0
POLYLINE
8
P00794
66
1
70
0
0
VERTEX
8
P00794
10
194.479322
20
236.135328
30
0.0
0
VERTEX
8
P00794
10
196.765337
20
236.135328
30
0.0
0
SEQEND
0
POLYLINE
8
P00795
66
1
70
0
0
VERTEX
8
P00795
10
194.479322
20
236.050660
30
0.0
0
VERTEX
8
P00795
10
196.680652
20
236.050660
30
0.0
0
SEQEND
0
POLYLINE
8
P00796
66
1
70
0
0
VERTEX
8
P00796
10
194.479322
20
235.965991
30
0.0
0
VERTEX
8
P00796
10
196.680652
20
235.965991
30
0.0
0
SEQEND
0
POLYLINE
8
P00797
66
1
70
0
0
VERTEX
8
P00797
10
194.479322
20
235.881328
30
0.0
0
VERTEX
8
P00797
10
196.680652
20
235.881328
30
0.0
0
SEQEND
0
POLYLINE
8
P00798
66
1
70
0
0
VERTEX
8
P00798
10
194.563985
20
235.796659
30
0.0
0
VERTEX
8
P00798
10
196.680652
20
235.796659
30
0.0
0
SEQEND
0
POLYLINE
8
P00799
66
1
70
0
0
VERTEX
8
P00799
10
194.563985
20
235.711996
30
0.0
0
VERTEX
8
P00799
10
196.680652
20
235.711996
30
0.0
0
SEQEND
0
POLYLINE
8
P00800
66
1
70
0
0
VERTEX
8
P00800
10
194.563985
20
235.627327
30
0.0
0
VERTEX
8
P00800
10
196.680652
20
235.627327
30
0.0
0
SEQEND
0
POLYLINE
8
P00801
66
1
70
0
0
VERTEX
8
P00801
10
194.563985
20
235.542659
30
0.0
0
VERTEX
8
P00801
10
196.680652
20
235.542659
30
0.0
0
SEQEND
0
POLYLINE
8
P00802
66
1
70
0
0
VERTEX
8
P00802
10
194.563985
20
235.457995
30
0.0
0
VERTEX
8
P00802
10
196.680652
20
235.457995
30
0.0
0
SEQEND
0
POLYLINE
8
P00803
66
1
70
0
0
VERTEX
8
P00803
10
194.563985
20
235.373327
30
0.0
0
VERTEX
8
P00803
10
196.595989
20
235.373327
30
0.0
0
SEQEND
0
POLYLINE
8
P00804
66
1
70
0
0
VERTEX
8
P00804
10
194.563985
20
235.288658
30
0.0
0
VERTEX
8
P00804
10
196.595989
20
235.288658
30
0.0
0
SEQEND
0
POLYLINE
8
P00805
66
1
70
0
0
VERTEX
8
P00805
10
194.563985
20
235.203995
30
0.0
0
VERTEX
8
P00805
10
196.595989
20
235.203995
30
0.0
0
SEQEND
0
POLYLINE
8
P00806
66
1
70
0
0
VERTEX
8
P00806
10
194.648670
20
235.119326
30
0.0
0
VERTEX
8
P00806
10
196.595989
20
235.119326
30
0.0
0
SEQEND
0
POLYLINE
8
P00807
66
1
70
0
0
VERTEX
8
P00807
10
194.648670
20
235.034658
30
0.0
0
VERTEX
8
P00807
10
196.595989
20
235.034658
30
0.0
0
SEQEND
0
POLYLINE
8
P00808
66
1
70
0
0
VERTEX
8
P00808
10
194.648670
20
234.949995
30
0.0
0
VERTEX
8
P00808
10
196.595989
20
234.949995
30
0.0
0
SEQEND
0
POLYLINE
8
P00809
66
1
70
0
0
VERTEX
8
P00809
10
194.648670
20
234.865326
30
0.0
0
VERTEX
8
P00809
10
196.595989
20
234.865326
30
0.0
0
SEQEND
0
POLYLINE
8
P00810
66
1
70
0
0
VERTEX
8
P00810
10
194.648670
20
234.780663
30
0.0
0
VERTEX
8
P00810
10
196.595989
20
234.780663
30
0.0
0
SEQEND
0
POLYLINE
8
P00811
66
1
70
0
0
VERTEX
8
P00811
10
194.648670
20
234.695994
30
0.0
0
VERTEX
8
P00811
10
196.511326
20
234.695994
30
0.0
0
SEQEND
0
POLYLINE
8
P00812
66
1
70
0
0
VERTEX
8
P00812
10
194.648670
20
234.611326
30
0.0
0
VERTEX
8
P00812
10
196.511326
20
234.611326
30
0.0
0
SEQEND
0
POLYLINE
8
P00813
66
1
70
0
0
VERTEX
8
P00813
10
194.733333
20
234.526662
30
0.0
0
VERTEX
8
P00813
10
196.511326
20
234.526662
30
0.0
0
SEQEND
0
POLYLINE
8
P00814
66
1
70
0
0
VERTEX
8
P00814
10
194.733333
20
234.441994
30
0.0
0
VERTEX
8
P00814
10
196.511326
20
234.441994
30
0.0
0
SEQEND
0
POLYLINE
8
P00815
66
1
70
0
0
VERTEX
8
P00815
10
194.733333
20
234.357325
30
0.0
0
VERTEX
8
P00815
10
196.511326
20
234.357325
30
0.0
0
SEQEND
0
POLYLINE
8
P00816
66
1
70
0
0
VERTEX
8
P00816
10
194.733333
20
234.272662
30
0.0
0
VERTEX
8
P00816
10
196.511326
20
234.272662
30
0.0
0
SEQEND
0
POLYLINE
8
P00817
66
1
70
0
0
VERTEX
8
P00817
10
194.733333
20
234.187993
30
0.0
0
VERTEX
8
P00817
10
196.511326
20
234.187993
30
0.0
0
SEQEND
0
POLYLINE
8
P00818
66
1
70
0
0
VERTEX
8
P00818
10
194.733333
20
234.103325
30
0.0
0
VERTEX
8
P00818
10
196.511326
20
234.103325
30
0.0
0
SEQEND
0
POLYLINE
8
P00819
66
1
70
0
0
VERTEX
8
P00819
10
194.733333
20
234.018661
30
0.0
0
VERTEX
8
P00819
10
196.426662
20
234.018661
30
0.0
0
SEQEND
0
POLYLINE
8
P00820
66
1
70
0
0
VERTEX
8
P00820
10
194.817997
20
233.933993
30
0.0
0
VERTEX
8
P00820
10
196.426662
20
233.933993
30
0.0
0
SEQEND
0
POLYLINE
8
P00821
66
1
70
0
0
VERTEX
8
P00821
10
194.817997
20
233.849330
30
0.0
0
VERTEX
8
P00821
10
196.426662
20
233.849330
30
0.0
0
SEQEND
0
POLYLINE
8
P00822
66
1
70
0
0
VERTEX
8
P00822
10
194.817997
20
233.764661
30
0.0
0
VERTEX
8
P00822
10
196.426662
20
233.764661
30
0.0
0
SEQEND
0
POLYLINE
8
P00823
66
1
70
0
0
VERTEX
8
P00823
10
194.817997
20
233.679992
30
0.0
0
VERTEX
8
P00823
10
196.426662
20
233.679992
30
0.0
0
SEQEND
0
POLYLINE
8
P00824
66
1
70
0
0
VERTEX
8
P00824
10
194.817997
20
233.595329
30
0.0
0
VERTEX
8
P00824
10
196.426662
20
233.595329
30
0.0
0
SEQEND
0
POLYLINE
8
P00825
66
1
70
0
0
VERTEX
8
P00825
10
194.817997
20
233.510661
30
0.0
0
VERTEX
8
P00825
10
196.426662
20
233.510661
30
0.0
0
SEQEND
0
POLYLINE
8
P00826
66
1
70
0
0
VERTEX
8
P00826
10
194.817997
20
233.425992
30
0.0
0
VERTEX
8
P00826
10
196.426662
20
233.425992
30
0.0
0
SEQEND
0
POLYLINE
8
P00827
66
1
70
0
0
VERTEX
8
P00827
10
194.817997
20
233.341329
30
0.0
0
VERTEX
8
P00827
10
196.341999
20
233.341329
30
0.0
0
SEQEND
0
POLYLINE
8
P00828
66
1
70
0
0
VERTEX
8
P00828
10
194.902660
20
233.256660
30
0.0
0
VERTEX
8
P00828
10
196.341999
20
233.256660
30
0.0
0
SEQEND
0
POLYLINE
8
P00829
66
1
70
0
0
VERTEX
8
P00829
10
194.902660
20
233.171992
30
0.0
0
VERTEX
8
P00829
10
196.341999
20
233.171992
30
0.0
0
SEQEND
0
POLYLINE
8
P00830
66
1
70
0
0
VERTEX
8
P00830
10
194.987323
20
233.087328
30
0.0
0
VERTEX
8
P00830
10
196.257336
20
233.087328
30
0.0
0
SEQEND
0
POLYLINE
8
P00831
66
1
70
0
0
VERTEX
8
P00831
10
194.987323
20
233.002660
30
0.0
0
VERTEX
8
P00831
10
196.257336
20
233.002660
30
0.0
0
SEQEND
0
POLYLINE
8
P00832
66
1
70
0
0
VERTEX
8
P00832
10
195.071986
20
232.917991
30
0.0
0
VERTEX
8
P00832
10
196.172673
20
232.917991
30
0.0
0
SEQEND
0
POLYLINE
8
P00833
66
1
70
0
0
VERTEX
8
P00833
10
195.071986
20
232.833328
30
0.0
0
VERTEX
8
P00833
10
196.172673
20
232.833328
30
0.0
0
SEQEND
0
POLYLINE
8
P00834
66
1
70
0
0
VERTEX
8
P00834
10
195.071986
20
232.748659
30
0.0
0
VERTEX
8
P00834
10
196.087988
20
232.748659
30
0.0
0
SEQEND
0
POLYLINE
8
P00835
66
1
70
0
0
VERTEX
8
P00835
10
195.156671
20
232.663996
30
0.0
0
VERTEX
8
P00835
10
196.087988
20
232.663996
30
0.0
0
SEQEND
0
POLYLINE
8
P00836
66
1
70
0
0
VERTEX
8
P00836
10
195.156671
20
232.579328
30
0.0
0
VERTEX
8
P00836
10
196.087988
20
232.579328
30
0.0
0
SEQEND
0
POLYLINE
8
P00837
66
1
70
0
0
VERTEX
8
P00837
10
195.241334
20
232.494659
30
0.0
0
VERTEX
8
P00837
10
196.003325
20
232.494659
30
0.0
0
SEQEND
0
POLYLINE
8
P00838
66
1
70
0
0
VERTEX
8
P00838
10
195.241334
20
232.409996
30
0.0
0
VERTEX
8
P00838
10
196.003325
20
232.409996
30
0.0
0
SEQEND
0
POLYLINE
8
P00839
66
1
70
0
0
VERTEX
8
P00839
10
195.325997
20
232.325327
30
0.0
0
VERTEX
8
P00839
10
195.918661
20
232.325327
30
0.0
0
SEQEND
0
POLYLINE
8
P00840
66
1
70
0
0
VERTEX
8
P00840
10
195.325997
20
232.240658
30
0.0
0
VERTEX
8
P00840
10
195.918661
20
232.240658
30
0.0
0
SEQEND
0
POLYLINE
8
P00841
66
1
70
0
0
VERTEX
8
P00841
10
195.325997
20
232.155995
30
0.0
0
VERTEX
8
P00841
10
195.833998
20
232.155995
30
0.0
0
SEQEND
0
POLYLINE
8
P00842
66
1
70
0
0
VERTEX
8
P00842
10
195.410661
20
232.071327
30
0.0
0
VERTEX
8
P00842
10
195.833998
20
232.071327
30
0.0
0
SEQEND
0
POLYLINE
8
P00843
66
1
70
0
0
VERTEX
8
P00843
10
195.410661
20
231.986658
30
0.0
0
VERTEX
8
P00843
10
195.833998
20
231.986658
30
0.0
0
SEQEND
0
POLYLINE
8
P00844
66
1
70
0
0
VERTEX
8
P00844
10
195.495324
20
231.901995
30
0.0
0
VERTEX
8
P00844
10
195.749335
20
231.901995
30
0.0
0
SEQEND
0
POLYLINE
8
P00845
66
1
70
0
0
VERTEX
8
P00845
10
195.495324
20
231.817326
30
0.0
0
VERTEX
8
P00845
10
195.749335
20
231.817326
30
0.0
0
SEQEND
0
POLYLINE
8
P00846
66
1
70
0
0
VERTEX
8
P00846
10
195.579987
20
231.732663
30
0.0
0
VERTEX
8
P00846
10
195.664672
20
231.732663
30
0.0
0
SEQEND
0
POLYLINE
8
P00847
66
1
70
0
0
VERTEX
8
P00847
10
195.579987
20
231.647994
30
0.0
0
VERTEX
8
P00847
10
195.664672
20
231.647994
30
0.0
0
VERTEX
8
P00847
10
195.579987
20
231.647994
30
0.0
0
SEQEND
0
POLYLINE
8
P00848
66
1
70
0
0
VERTEX
8
P00848
10
195.579987
20
231.563326
30
0.0
0
VERTEX
8
P00848
10
194.563985
20
239.013996
30
0.0
0
VERTEX
8
P00848
10
195.579987
20
231.563326
30
0.0
0
SEQEND
0
POLYLINE
8
P00849
66
1
70
0
0
VERTEX
8
P00849
10
194.563985
20
239.013996
30
0.0
0
VERTEX
8
P00849
10
195.579987
20
238.336658
30
0.0
0
VERTEX
8
P00849
10
194.563985
20
239.013996
30
0.0
0
SEQEND
0
POLYLINE
8
P00850
66
1
70
0
0
VERTEX
8
P00850
10
195.579987
20
238.336658
30
0.0
0
VERTEX
8
P00850
10
196.595989
20
239.013996
30
0.0
0
VERTEX
8
P00850
10
195.579987
20
238.336658
30
0.0
0
SEQEND
0
POLYLINE
8
P00851
66
1
70
0
0
VERTEX
8
P00851
10
196.595989
20
239.013996
30
0.0
0
VERTEX
8
P00851
10
195.579987
20
231.563326
30
0.0
0
VERTEX
8
P00851
10
196.595989
20
239.013996
30
0.0
0
SEQEND
0
POLYLINE
8
P00852
66
1
70
0
0
VERTEX
8
P00852
10
194.648670
20
238.929328
30
0.0
0
VERTEX
8
P00852
10
194.733333
20
238.929328
30
0.0
0
SEQEND
0
POLYLINE
8
P00853
66
1
70
0
0
VERTEX
8
P00853
10
194.648670
20
238.844659
30
0.0
0
VERTEX
8
P00853
10
194.817997
20
238.844659
30
0.0
0
SEQEND
0
POLYLINE
8
P00854
66
1
70
0
0
VERTEX
8
P00854
10
194.648670
20
238.759996
30
0.0
0
VERTEX
8
P00854
10
194.987323
20
238.759996
30
0.0
0
SEQEND
0
POLYLINE
8
P00855
66
1
70
0
0
VERTEX
8
P00855
10
194.648670
20
238.675327
30
0.0
0
VERTEX
8
P00855
10
195.071986
20
238.675327
30
0.0
0
SEQEND
0
POLYLINE
8
P00856
66
1
70
0
0
VERTEX
8
P00856
10
194.648670
20
238.590658
30
0.0
0
VERTEX
8
P00856
10
195.241334
20
238.590658
30
0.0
0
SEQEND
0
POLYLINE
8
P00857
66
1
70
0
0
VERTEX
8
P00857
10
194.648670
20
238.505995
30
0.0
0
VERTEX
8
P00857
10
195.325997
20
238.505995
30
0.0
0
SEQEND
0
POLYLINE
8
P00858
66
1
70
0
0
VERTEX
8
P00858
10
194.648670
20
238.421327
30
0.0
0
VERTEX
8
P00858
10
195.495324
20
238.421327
30
0.0
0
SEQEND
0
POLYLINE
8
P00859
66
1
70
0
0
VERTEX
8
P00859
10
194.733333
20
238.336658
30
0.0
0
VERTEX
8
P00859
10
195.579987
20
238.336658
30
0.0
0
SEQEND
0
POLYLINE
8
P00860
66
1
70
0
0
VERTEX
8
P00860
10
194.733333
20
238.251995
30
0.0
0
VERTEX
8
P00860
10
195.579987
20
238.251995
30
0.0
0
SEQEND
0
POLYLINE
8
P00861
66
1
70
0
0
VERTEX
8
P00861
10
194.733333
20
238.167326
30
0.0
0
VERTEX
8
P00861
10
195.579987
20
238.167326
30
0.0
0
SEQEND
0
POLYLINE
8
P00862
66
1
70
0
0
VERTEX
8
P00862
10
194.733333
20
238.082658
30
0.0
0
VERTEX
8
P00862
10
195.579987
20
238.082658
30
0.0
0
SEQEND
0
POLYLINE
8
P00863
66
1
70
0
0
VERTEX
8
P00863
10
194.733333
20
237.997994
30
0.0
0
VERTEX
8
P00863
10
195.579987
20
237.997994
30
0.0
0
SEQEND
0
POLYLINE
8
P00864
66
1
70
0
0
VERTEX
8
P00864
10
194.733333
20
237.913326
30
0.0
0
VERTEX
8
P00864
10
195.579987
20
237.913326
30
0.0
0
SEQEND
0
POLYLINE
8
P00865
66
1
70
0
0
VERTEX
8
P00865
10
194.733333
20
237.828663
30
0.0
0
VERTEX
8
P00865
10
195.579987
20
237.828663
30
0.0
0
SEQEND
0
POLYLINE
8
P00866
66
1
70
0
0
VERTEX
8
P00866
10
194.817997
20
237.743994
30
0.0
0
VERTEX
8
P00866
10
195.579987
20
237.743994
30
0.0
0
SEQEND
0
POLYLINE
8
P00867
66
1
70
0
0
VERTEX
8
P00867
10
194.817997
20
237.659325
30
0.0
0
VERTEX
8
P00867
10
195.579987
20
237.659325
30
0.0
0
SEQEND
0
POLYLINE
8
P00868
66
1
70
0
0
VERTEX
8
P00868
10
194.817997
20
237.574662
30
0.0
0
VERTEX
8
P00868
10
195.579987
20
237.574662
30
0.0
0
SEQEND
0
POLYLINE
8
P00869
66
1
70
0
0
VERTEX
8
P00869
10
194.817997
20
237.489994
30
0.0
0
VERTEX
8
P00869
10
195.579987
20
237.489994
30
0.0
0
SEQEND
0
POLYLINE
8
P00870
66
1
70
0
0
VERTEX
8
P00870
10
194.817997
20
237.405325
30
0.0
0
VERTEX
8
P00870
10
195.579987
20
237.405325
30
0.0
0
SEQEND
0
POLYLINE
8
P00871
66
1
70
0
0
VERTEX
8
P00871
10
194.817997
20
237.320662
30
0.0
0
VERTEX
8
P00871
10
195.579987
20
237.320662
30
0.0
0
SEQEND
0
POLYLINE
8
P00872
66
1
70
0
0
VERTEX
8
P00872
10
194.817997
20
237.235993
30
0.0
0
VERTEX
8
P00872
10
195.579987
20
237.235993
30
0.0
0
SEQEND
0
POLYLINE
8
P00873
66
1
70
0
0
VERTEX
8
P00873
10
194.817997
20
237.151325
30
0.0
0
VERTEX
8
P00873
10
195.579987
20
237.151325
30
0.0
0
SEQEND
0
POLYLINE
8
P00874
66
1
70
0
0
VERTEX
8
P00874
10
194.902660
20
237.066661
30
0.0
0
VERTEX
8
P00874
10
195.579987
20
237.066661
30
0.0
0
SEQEND
0
POLYLINE
8
P00875
66
1
70
0
0
VERTEX
8
P00875
10
194.902660
20
236.981993
30
0.0
0
VERTEX
8
P00875
10
195.579987
20
236.981993
30
0.0
0
SEQEND
0
POLYLINE
8
P00876
66
1
70
0
0
VERTEX
8
P00876
10
194.902660
20
236.897329
30
0.0
0
VERTEX
8
P00876
10
195.579987
20
236.897329
30
0.0
0
SEQEND
0
POLYLINE
8
P00877
66
1
70
0
0
VERTEX
8
P00877
10
194.902660
20
236.812661
30
0.0
0
VERTEX
8
P00877
10
195.579987
20
236.812661
30
0.0
0
SEQEND
0
POLYLINE
8
P00878
66
1
70
0
0
VERTEX
8
P00878
10
194.902660
20
236.727992
30
0.0
0
VERTEX
8
P00878
10
195.579987
20
236.727992
30
0.0
0
SEQEND
0
POLYLINE
8
P00879
66
1
70
0
0
VERTEX
8
P00879
10
194.902660
20
236.643329
30
0.0
0
VERTEX
8
P00879
10
195.579987
20
236.643329
30
0.0
0
SEQEND
0
POLYLINE
8
P00880
66
1
70
0
0
VERTEX
8
P00880
10
194.902660
20
236.558660
30
0.0
0
VERTEX
8
P00880
10
195.579987
20
236.558660
30
0.0
0
SEQEND
0
POLYLINE
8
P00881
66
1
70
0
0
VERTEX
8
P00881
10
194.987323
20
236.473992
30
0.0
0
VERTEX
8
P00881
10
195.579987
20
236.473992
30
0.0
0
SEQEND
0
POLYLINE
8
P00882
66
1
70
0
0
VERTEX
8
P00882
10
194.987323
20
236.389329
30
0.0
0
VERTEX
8
P00882
10
195.579987
20
236.389329
30
0.0
0
SEQEND
0
POLYLINE
8
P00883
66
1
70
0
0
VERTEX
8
P00883
10
194.987323
20
236.304660
30
0.0
0
VERTEX
8
P00883
10
195.579987
20
236.304660
30
0.0
0
SEQEND
0
POLYLINE
8
P00884
66
1
70
0
0
VERTEX
8
P00884
10
194.987323
20
236.219991
30
0.0
0
VERTEX
8
P00884
10
195.579987
20
236.219991
30
0.0
0
SEQEND
0
POLYLINE
8
P00885
66
1
70
0
0
VERTEX
8
P00885
10
194.987323
20
236.135328
30
0.0
0
VERTEX
8
P00885
10
195.579987
20
236.135328
30
0.0
0
SEQEND
0
POLYLINE
8
P00886
66
1
70
0
0
VERTEX
8
P00886
10
194.987323
20
236.050660
30
0.0
0
VERTEX
8
P00886
10
195.579987
20
236.050660
30
0.0
0
SEQEND
0
POLYLINE
8
P00887
66
1
70
0
0
VERTEX
8
P00887
10
194.987323
20
235.965991
30
0.0
0
VERTEX
8
P00887
10
195.579987
20
235.965991
30
0.0
0
SEQEND
0
POLYLINE
8
P00888
66
1
70
0
0
VERTEX
8
P00888
10
195.071986
20
235.881328
30
0.0
0
VERTEX
8
P00888
10
195.579987
20
235.881328
30
0.0
0
SEQEND
0
POLYLINE
8
P00889
66
1
70
0
0
VERTEX
8
P00889
10
195.071986
20
235.796659
30
0.0
0
VERTEX
8
P00889
10
195.579987
20
235.796659
30
0.0
0
SEQEND
0
POLYLINE
8
P00890
66
1
70
0
0
VERTEX
8
P00890
10
195.071986
20
235.711996
30
0.0
0
VERTEX
8
P00890
10
195.579987
20
235.711996
30
0.0
0
SEQEND
0
POLYLINE
8
P00891
66
1
70
0
0
VERTEX
8
P00891
10
195.071986
20
235.627327
30
0.0
0
VERTEX
8
P00891
10
195.579987
20
235.627327
30
0.0
0
SEQEND
0
POLYLINE
8
P00892
66
1
70
0
0
VERTEX
8
P00892
10
195.071986
20
235.542659
30
0.0
0
VERTEX
8
P00892
10
195.579987
20
235.542659
30
0.0
0
SEQEND
0
POLYLINE
8
P00893
66
1
70
0
0
VERTEX
8
P00893
10
195.071986
20
235.457995
30
0.0
0
VERTEX
8
P00893
10
195.579987
20
235.457995
30
0.0
0
SEQEND
0
POLYLINE
8
P00894
66
1
70
0
0
VERTEX
8
P00894
10
195.071986
20
235.373327
30
0.0
0
VERTEX
8
P00894
10
195.579987
20
235.373327
30
0.0
0
SEQEND
0
POLYLINE
8
P00895
66
1
70
0
0
VERTEX
8
P00895
10
195.071986
20
235.288658
30
0.0
0
VERTEX
8
P00895
10
195.579987
20
235.288658
30
0.0
0
SEQEND
0
POLYLINE
8
P00896
66
1
70
0
0
VERTEX
8
P00896
10
195.156671
20
235.203995
30
0.0
0
VERTEX
8
P00896
10
195.579987
20
235.203995
30
0.0
0
SEQEND
0
POLYLINE
8
P00897
66
1
70
0
0
VERTEX
8
P00897
10
195.156671
20
235.119326
30
0.0
0
VERTEX
8
P00897
10
195.579987
20
235.119326
30
0.0
0
SEQEND
0
POLYLINE
8
P00898
66
1
70
0
0
VERTEX
8
P00898
10
195.156671
20
235.034658
30
0.0
0
VERTEX
8
P00898
10
195.579987
20
235.034658
30
0.0
0
SEQEND
0
POLYLINE
8
P00899
66
1
70
0
0
VERTEX
8
P00899
10
195.156671
20
234.949995
30
0.0
0
VERTEX
8
P00899
10
195.579987
20
234.949995
30
0.0
0
SEQEND
0
POLYLINE
8
P00900
66
1
70
0
0
VERTEX
8
P00900
10
195.156671
20
234.865326
30
0.0
0
VERTEX
8
P00900
10
195.579987
20
234.865326
30
0.0
0
SEQEND
0
POLYLINE
8
P00901
66
1
70
0
0
VERTEX
8
P00901
10
195.156671
20
234.780663
30
0.0
0
VERTEX
8
P00901
10
195.579987
20
234.780663
30
0.0
0
SEQEND
0
POLYLINE
8
P00902
66
1
70
0
0
VERTEX
8
P00902
10
195.156671
20
234.695994
30
0.0
0
VERTEX
8
P00902
10
195.579987
20
234.695994
30
0.0
0
SEQEND
0
POLYLINE
8
P00903
66
1
70
0
0
VERTEX
8
P00903
10
195.241334
20
234.611326
30
0.0
0
VERTEX
8
P00903
10
195.579987
20
234.611326
30
0.0
0
SEQEND
0
POLYLINE
8
P00904
66
1
70
0
0
VERTEX
8
P00904
10
195.241334
20
234.526662
30
0.0
0
VERTEX
8
P00904
10
195.579987
20
234.526662
30
0.0
0
SEQEND
0
POLYLINE
8
P00905
66
1
70
0
0
VERTEX
8
P00905
10
195.241334
20
234.441994
30
0.0
0
VERTEX
8
P00905
10
195.579987
20
234.441994
30
0.0
0
SEQEND
0
POLYLINE
8
P00906
66
1
70
0
0
VERTEX
8
P00906
10
195.241334
20
234.357325
30
0.0
0
VERTEX
8
P00906
10
195.579987
20
234.357325
30
0.0
0
SEQEND
0
POLYLINE
8
P00907
66
1
70
0
0
VERTEX
8
P00907
10
195.241334
20
234.272662
30
0.0
0
VERTEX
8
P00907
10
195.579987
20
234.272662
30
0.0
0
SEQEND
0
POLYLINE
8
P00908
66
1
70
0
0
VERTEX
8
P00908
10
195.241334
20
234.187993
30
0.0
0
VERTEX
8
P00908
10
195.579987
20
234.187993
30
0.0
0
SEQEND
0
POLYLINE
8
P00909
66
1
70
0
0
VERTEX
8
P00909
10
195.241334
20
234.103325
30
0.0
0
VERTEX
8
P00909
10
195.579987
20
234.103325
30
0.0
0
SEQEND
0
POLYLINE
8
P00910
66
1
70
0
0
VERTEX
8
P00910
10
195.325997
20
234.018661
30
0.0
0
VERTEX
8
P00910
10
195.579987
20
234.018661
30
0.0
0
SEQEND
0
POLYLINE
8
P00911
66
1
70
0
0
VERTEX
8
P00911
10
195.325997
20
233.933993
30
0.0
0
VERTEX
8
P00911
10
195.579987
20
233.933993
30
0.0
0
SEQEND
0
POLYLINE
8
P00912
66
1
70
0
0
VERTEX
8
P00912
10
195.325997
20
233.849330
30
0.0
0
VERTEX
8
P00912
10
195.579987
20
233.849330
30
0.0
0
SEQEND
0
POLYLINE
8
P00913
66
1
70
0
0
VERTEX
8
P00913
10
195.325997
20
233.764661
30
0.0
0
VERTEX
8
P00913
10
195.579987
20
233.764661
30
0.0
0
SEQEND
0
POLYLINE
8
P00914
66
1
70
0
0
VERTEX
8
P00914
10
195.325997
20
233.679992
30
0.0
0
VERTEX
8
P00914
10
195.579987
20
233.679992
30
0.0
0
SEQEND
0
POLYLINE
8
P00915
66
1
70
0
0
VERTEX
8
P00915
10
195.325997
20
233.595329
30
0.0
0
VERTEX
8
P00915
10
195.579987
20
233.595329
30
0.0
0
SEQEND
0
POLYLINE
8
P00916
66
1
70
0
0
VERTEX
8
P00916
10
195.325997
20
233.510661
30
0.0
0
VERTEX
8
P00916
10
195.579987
20
233.510661
30
0.0
0
SEQEND
0
POLYLINE
8
P00917
66
1
70
0
0
VERTEX
8
P00917
10
195.325997
20
233.425992
30
0.0
0
VERTEX
8
P00917
10
195.579987
20
233.425992
30
0.0
0
SEQEND
0
POLYLINE
8
P00918
66
1
70
0
0
VERTEX
8
P00918
10
195.410661
20
233.341329
30
0.0
0
VERTEX
8
P00918
10
195.579987
20
233.341329
30
0.0
0
SEQEND
0
POLYLINE
8
P00919
66
1
70
0
0
VERTEX
8
P00919
10
195.410661
20
233.256660
30
0.0
0
VERTEX
8
P00919
10
195.579987
20
233.256660
30
0.0
0
SEQEND
0
POLYLINE
8
P00920
66
1
70
0
0
VERTEX
8
P00920
10
195.410661
20
233.171992
30
0.0
0
VERTEX
8
P00920
10
195.579987
20
233.171992
30
0.0
0
SEQEND
0
POLYLINE
8
P00921
66
1
70
0
0
VERTEX
8
P00921
10
195.410661
20
233.087328
30
0.0
0
VERTEX
8
P00921
10
195.579987
20
233.087328
30
0.0
0
SEQEND
0
POLYLINE
8
P00922
66
1
70
0
0
VERTEX
8
P00922
10
195.410661
20
233.002660
30
0.0
0
VERTEX
8
P00922
10
195.579987
20
233.002660
30
0.0
0
SEQEND
0
POLYLINE
8
P00923
66
1
70
0
0
VERTEX
8
P00923
10
195.410661
20
232.917991
30
0.0
0
VERTEX
8
P00923
10
195.579987
20
232.917991
30
0.0
0
SEQEND
0
POLYLINE
8
P00924
66
1
70
0
0
VERTEX
8
P00924
10
195.410661
20
232.833328
30
0.0
0
VERTEX
8
P00924
10
195.579987
20
232.833328
30
0.0
0
SEQEND
0
POLYLINE
8
P00925
66
1
70
0
0
VERTEX
8
P00925
10
195.495324
20
232.748659
30
0.0
0
VERTEX
8
P00925
10
195.579987
20
232.748659
30
0.0
0
SEQEND
0
POLYLINE
8
P00926
66
1
70
0
0
VERTEX
8
P00926
10
195.495324
20
232.663996
30
0.0
0
VERTEX
8
P00926
10
195.579987
20
232.663996
30
0.0
0
SEQEND
0
POLYLINE
8
P00927
66
1
70
0
0
VERTEX
8
P00927
10
195.495324
20
232.579328
30
0.0
0
VERTEX
8
P00927
10
195.579987
20
232.579328
30
0.0
0
SEQEND
0
POLYLINE
8
P00928
66
1
70
0
0
VERTEX
8
P00928
10
195.495324
20
232.494659
30
0.0
0
VERTEX
8
P00928
10
195.579987
20
232.494659
30
0.0
0
SEQEND
0
POLYLINE
8
P00929
66
1
70
0
0
VERTEX
8
P00929
10
195.495324
20
232.409996
30
0.0
0
VERTEX
8
P00929
10
195.579987
20
232.409996
30
0.0
0
SEQEND
0
POLYLINE
8
P00930
66
1
70
0
0
VERTEX
8
P00930
10
195.495324
20
232.325327
30
0.0
0
VERTEX
8
P00930
10
195.579987
20
232.325327
30
0.0
0
SEQEND
0
POLYLINE
8
P00931
66
1
70
0
0
VERTEX
8
P00931
10
195.495324
20
232.240658
30
0.0
0
VERTEX
8
P00931
10
195.579987
20
232.240658
30
0.0
0
VERTEX
8
P00931
10
195.495324
20
232.240658
30
0.0
0
SEQEND
0
POLYLINE
8
P00932
66
1
70
0
0
VERTEX
8
P00932
10
196.511326
20
238.929328
30
0.0
0
VERTEX
8
P00932
10
196.595989
20
238.929328
30
0.0
0
SEQEND
0
POLYLINE
8
P00933
66
1
70
0
0
VERTEX
8
P00933
10
196.341999
20
238.844659
30
0.0
0
VERTEX
8
P00933
10
196.595989
20
238.844659
30
0.0
0
SEQEND
0
POLYLINE
8
P00934
66
1
70
0
0
VERTEX
8
P00934
10
196.257336
20
238.759996
30
0.0
0
VERTEX
8
P00934
10
196.595989
20
238.759996
30
0.0
0
SEQEND
0
POLYLINE
8
P00935
66
1
70
0
0
VERTEX
8
P00935
10
196.087988
20
238.675327
30
0.0
0
VERTEX
8
P00935
10
196.595989
20
238.675327
30
0.0
0
SEQEND
0
POLYLINE
8
P00936
66
1
70
0
0
VERTEX
8
P00936
10
196.003325
20
238.590658
30
0.0
0
VERTEX
8
P00936
10
196.595989
20
238.590658
30
0.0
0
SEQEND
0
POLYLINE
8
P00937
66
1
70
0
0
VERTEX
8
P00937
10
195.833998
20
238.505995
30
0.0
0
VERTEX
8
P00937
10
196.595989
20
238.505995
30
0.0
0
SEQEND
0
POLYLINE
8
P00938
66
1
70
0
0
VERTEX
8
P00938
10
195.749335
20
238.421327
30
0.0
0
VERTEX
8
P00938
10
196.595989
20
238.421327
30
0.0
0
SEQEND
0
POLYLINE
8
P00939
66
1
70
0
0
VERTEX
8
P00939
10
195.579987
20
238.336658
30
0.0
0
VERTEX
8
P00939
10
196.511326
20
238.336658
30
0.0
0
SEQEND
0
POLYLINE
8
P00940
66
1
70
0
0
VERTEX
8
P00940
10
195.579987
20
238.251995
30
0.0
0
VERTEX
8
P00940
10
196.511326
20
238.251995
30
0.0
0
SEQEND
0
POLYLINE
8
P00941
66
1
70
0
0
VERTEX
8
P00941
10
195.579987
20
238.167326
30
0.0
0
VERTEX
8
P00941
10
196.511326
20
238.167326
30
0.0
0
SEQEND
0
POLYLINE
8
P00942
66
1
70
0
0
VERTEX
8
P00942
10
195.579987
20
238.082658
30
0.0
0
VERTEX
8
P00942
10
196.511326
20
238.082658
30
0.0
0
SEQEND
0
POLYLINE
8
P00943
66
1
70
0
0
VERTEX
8
P00943
10
195.579987
20
237.997994
30
0.0
0
VERTEX
8
P00943
10
196.511326
20
237.997994
30
0.0
0
SEQEND
0
POLYLINE
8
P00944
66
1
70
0
0
VERTEX
8
P00944
10
195.579987
20
237.913326
30
0.0
0
VERTEX
8
P00944
10
196.511326
20
237.913326
30
0.0
0
SEQEND
0
POLYLINE
8
P00945
66
1
70
0
0
VERTEX
8
P00945
10
195.579987
20
237.828663
30
0.0
0
VERTEX
8
P00945
10
196.511326
20
237.828663
30
0.0
0
SEQEND
0
POLYLINE
8
P00946
66
1
70
0
0
VERTEX
8
P00946
10
195.579987
20
237.743994
30
0.0
0
VERTEX
8
P00946
10
196.426662
20
237.743994
30
0.0
0
SEQEND
0
POLYLINE
8
P00947
66
1
70
0
0
VERTEX
8
P00947
10
195.579987
20
237.659325
30
0.0
0
VERTEX
8
P00947
10
196.426662
20
237.659325
30
0.0
0
SEQEND
0
POLYLINE
8
P00948
66
1
70
0
0
VERTEX
8
P00948
10
195.579987
20
237.574662
30
0.0
0
VERTEX
8
P00948
10
196.426662
20
237.574662
30
0.0
0
SEQEND
0
POLYLINE
8
P00949
66
1
70
0
0
VERTEX
8
P00949
10
195.579987
20
237.489994
30
0.0
0
VERTEX
8
P00949
10
196.426662
20
237.489994
30
0.0
0
SEQEND
0
POLYLINE
8
P00950
66
1
70
0
0
VERTEX
8
P00950
10
195.579987
20
237.405325
30
0.0
0
VERTEX
8
P00950
10
196.426662
20
237.405325
30
0.0
0
SEQEND
0
POLYLINE
8
P00951
66
1
70
0
0
VERTEX
8
P00951
10
195.579987
20
237.320662
30
0.0
0
VERTEX
8
P00951
10
196.426662
20
237.320662
30
0.0
0
SEQEND
0
POLYLINE
8
P00952
66
1
70
0
0
VERTEX
8
P00952
10
195.579987
20
237.235993
30
0.0
0
VERTEX
8
P00952
10
196.426662
20
237.235993
30
0.0
0
SEQEND
0
POLYLINE
8
P00953
66
1
70
0
0
VERTEX
8
P00953
10
195.579987
20
237.151325
30
0.0
0
VERTEX
8
P00953
10
196.341999
20
237.151325
30
0.0
0
SEQEND
0
POLYLINE
8
P00954
66
1
70
0
0
VERTEX
8
P00954
10
195.579987
20
237.066661
30
0.0
0
VERTEX
8
P00954
10
196.341999
20
237.066661
30
0.0
0
SEQEND
0
POLYLINE
8
P00955
66
1
70
0
0
VERTEX
8
P00955
10
195.579987
20
236.981993
30
0.0
0
VERTEX
8
P00955
10
196.341999
20
236.981993
30
0.0
0
SEQEND
0
POLYLINE
8
P00956
66
1
70
0
0
VERTEX
8
P00956
10
195.579987
20
236.897329
30
0.0
0
VERTEX
8
P00956
10
196.341999
20
236.897329
30
0.0
0
SEQEND
0
POLYLINE
8
P00957
66
1
70
0
0
VERTEX
8
P00957
10
195.579987
20
236.812661
30
0.0
0
VERTEX
8
P00957
10
196.341999
20
236.812661
30
0.0
0
SEQEND
0
POLYLINE
8
P00958
66
1
70
0
0
VERTEX
8
P00958
10
195.579987
20
236.727992
30
0.0
0
VERTEX
8
P00958
10
196.341999
20
236.727992
30
0.0
0
SEQEND
0
POLYLINE
8
P00959
66
1
70
0
0
VERTEX
8
P00959
10
195.579987
20
236.643329
30
0.0
0
VERTEX
8
P00959
10
196.341999
20
236.643329
30
0.0
0
SEQEND
0
POLYLINE
8
P00960
66
1
70
0
0
VERTEX
8
P00960
10
195.579987
20
236.558660
30
0.0
0
VERTEX
8
P00960
10
196.341999
20
236.558660
30
0.0
0
SEQEND
0
POLYLINE
8
P00961
66
1
70
0
0
VERTEX
8
P00961
10
195.579987
20
236.473992
30
0.0
0
VERTEX
8
P00961
10
196.257336
20
236.473992
30
0.0
0
SEQEND
0
POLYLINE
8
P00962
66
1
70
0
0
VERTEX
8
P00962
10
195.579987
20
236.389329
30
0.0
0
VERTEX
8
P00962
10
196.257336
20
236.389329
30
0.0
0
SEQEND
0
POLYLINE
8
P00963
66
1
70
0
0
VERTEX
8
P00963
10
195.579987
20
236.304660
30
0.0
0
VERTEX
8
P00963
10
196.257336
20
236.304660
30
0.0
0
SEQEND
0
POLYLINE
8
P00964
66
1
70
0
0
VERTEX
8
P00964
10
195.579987
20
236.219991
30
0.0
0
VERTEX
8
P00964
10
196.257336
20
236.219991
30
0.0
0
SEQEND
0
POLYLINE
8
P00965
66
1
70
0
0
VERTEX
8
P00965
10
195.579987
20
236.135328
30
0.0
0
VERTEX
8
P00965
10
196.257336
20
236.135328
30
0.0
0
SEQEND
0
POLYLINE
8
P00966
66
1
70
0
0
VERTEX
8
P00966
10
195.579987
20
236.050660
30
0.0
0
VERTEX
8
P00966
10
196.257336
20
236.050660
30
0.0
0
SEQEND
0
POLYLINE
8
P00967
66
1
70
0
0
VERTEX
8
P00967
10
195.579987
20
235.965991
30
0.0
0
VERTEX
8
P00967
10
196.257336
20
235.965991
30
0.0
0
SEQEND
0
POLYLINE
8
P00968
66
1
70
0
0
VERTEX
8
P00968
10
195.579987
20
235.881328
30
0.0
0
VERTEX
8
P00968
10
196.172673
20
235.881328
30
0.0
0
SEQEND
0
POLYLINE
8
P00969
66
1
70
0
0
VERTEX
8
P00969
10
195.579987
20
235.796659
30
0.0
0
VERTEX
8
P00969
10
196.172673
20
235.796659
30
0.0
0
SEQEND
0
POLYLINE
8
P00970
66
1
70
0
0
VERTEX
8
P00970
10
195.579987
20
235.711996
30
0.0
0
VERTEX
8
P00970
10
196.172673
20
235.711996
30
0.0
0
SEQEND
0
POLYLINE
8
P00971
66
1
70
0
0
VERTEX
8
P00971
10
195.579987
20
235.627327
30
0.0
0
VERTEX
8
P00971
10
196.172673
20
235.627327
30
0.0
0
SEQEND
0
POLYLINE
8
P00972
66
1
70
0
0
VERTEX
8
P00972
10
195.579987
20
235.542659
30
0.0
0
VERTEX
8
P00972
10
196.172673
20
235.542659
30
0.0
0
SEQEND
0
POLYLINE
8
P00973
66
1
70
0
0
VERTEX
8
P00973
10
195.579987
20
235.457995
30
0.0
0
VERTEX
8
P00973
10
196.172673
20
235.457995
30
0.0
0
SEQEND
0
POLYLINE
8
P00974
66
1
70
0
0
VERTEX
8
P00974
10
195.579987
20
235.373327
30
0.0
0
VERTEX
8
P00974
10
196.172673
20
235.373327
30
0.0
0
SEQEND
0
POLYLINE
8
P00975
66
1
70
0
0
VERTEX
8
P00975
10
195.579987
20
235.288658
30
0.0
0
VERTEX
8
P00975
10
196.087988
20
235.288658
30
0.0
0
SEQEND
0
POLYLINE
8
P00976
66
1
70
0
0
VERTEX
8
P00976
10
195.579987
20
235.203995
30
0.0
0
VERTEX
8
P00976
10
196.087988
20
235.203995
30
0.0
0
SEQEND
0
POLYLINE
8
P00977
66
1
70
0
0
VERTEX
8
P00977
10
195.579987
20
235.119326
30
0.0
0
VERTEX
8
P00977
10
196.087988
20
235.119326
30
0.0
0
SEQEND
0
POLYLINE
8
P00978
66
1
70
0
0
VERTEX
8
P00978
10
195.579987
20
235.034658
30
0.0
0
VERTEX
8
P00978
10
196.087988
20
235.034658
30
0.0
0
SEQEND
0
POLYLINE
8
P00979
66
1
70
0
0
VERTEX
8
P00979
10
195.579987
20
234.949995
30
0.0
0
VERTEX
8
P00979
10
196.087988
20
234.949995
30
0.0
0
SEQEND
0
POLYLINE
8
P00980
66
1
70
0
0
VERTEX
8
P00980
10
195.579987
20
234.865326
30
0.0
0
VERTEX
8
P00980
10
196.087988
20
234.865326
30
0.0
0
SEQEND
0
POLYLINE
8
P00981
66
1
70
0
0
VERTEX
8
P00981
10
195.579987
20
234.780663
30
0.0
0
VERTEX
8
P00981
10
196.087988
20
234.780663
30
0.0
0
SEQEND
0
POLYLINE
8
P00982
66
1
70
0
0
VERTEX
8
P00982
10
195.579987
20
234.695994
30
0.0
0
VERTEX
8
P00982
10
196.087988
20
234.695994
30
0.0
0
SEQEND
0
POLYLINE
8
P00983
66
1
70
0
0
VERTEX
8
P00983
10
195.579987
20
234.611326
30
0.0
0
VERTEX
8
P00983
10
196.003325
20
234.611326
30
0.0
0
SEQEND
0
POLYLINE
8
P00984
66
1
70
0
0
VERTEX
8
P00984
10
195.579987
20
234.526662
30
0.0
0
VERTEX
8
P00984
10
196.003325
20
234.526662
30
0.0
0
SEQEND
0
POLYLINE
8
P00985
66
1
70
0
0
VERTEX
8
P00985
10
195.579987
20
234.441994
30
0.0
0
VERTEX
8
P00985
10
196.003325
20
234.441994
30
0.0
0
SEQEND
0
POLYLINE
8
P00986
66
1
70
0
0
VERTEX
8
P00986
10
195.579987
20
234.357325
30
0.0
0
VERTEX
8
P00986
10
196.003325
20
234.357325
30
0.0
0
SEQEND
0
POLYLINE
8
P00987
66
1
70
0
0
VERTEX
8
P00987
10
195.579987
20
234.272662
30
0.0
0
VERTEX
8
P00987
10
196.003325
20
234.272662
30
0.0
0
SEQEND
0
POLYLINE
8
P00988
66
1
70
0
0
VERTEX
8
P00988
10
195.579987
20
234.187993
30
0.0
0
VERTEX
8
P00988
10
196.003325
20
234.187993
30
0.0
0
SEQEND
0
POLYLINE
8
P00989
66
1
70
0
0
VERTEX
8
P00989
10
195.579987
20
234.103325
30
0.0
0
VERTEX
8
P00989
10
196.003325
20
234.103325
30
0.0
0
SEQEND
0
POLYLINE
8
P00990
66
1
70
0
0
VERTEX
8
P00990
10
195.579987
20
234.018661
30
0.0
0
VERTEX
8
P00990
10
195.918661
20
234.018661
30
0.0
0
SEQEND
0
POLYLINE
8
P00991
66
1
70
0
0
VERTEX
8
P00991
10
195.579987
20
233.933993
30
0.0
0
VERTEX
8
P00991
10
195.918661
20
233.933993
30
0.0
0
SEQEND
0
POLYLINE
8
P00992
66
1
70
0
0
VERTEX
8
P00992
10
195.579987
20
233.849330
30
0.0
0
VERTEX
8
P00992
10
195.918661
20
233.849330
30
0.0
0
SEQEND
0
POLYLINE
8
P00993
66
1
70
0
0
VERTEX
8
P00993
10
195.579987
20
233.764661
30
0.0
0
VERTEX
8
P00993
10
195.918661
20
233.764661
30
0.0
0
SEQEND
0
POLYLINE
8
P00994
66
1
70
0
0
VERTEX
8
P00994
10
195.579987
20
233.679992
30
0.0
0
VERTEX
8
P00994
10
195.918661
20
233.679992
30
0.0
0
SEQEND
0
POLYLINE
8
P00995
66
1
70
0
0
VERTEX
8
P00995
10
195.579987
20
233.595329
30
0.0
0
VERTEX
8
P00995
10
195.918661
20
233.595329
30
0.0
0
SEQEND
0
POLYLINE
8
P00996
66
1
70
0
0
VERTEX
8
P00996
10
195.579987
20
233.510661
30
0.0
0
VERTEX
8
P00996
10
195.918661
20
233.510661
30
0.0
0
SEQEND
0
POLYLINE
8
P00997
66
1
70
0
0
VERTEX
8
P00997
10
195.579987
20
233.425992
30
0.0
0
VERTEX
8
P00997
10
195.833998
20
233.425992
30
0.0
0
SEQEND
0
POLYLINE
8
P00998
66
1
70
0
0
VERTEX
8
P00998
10
195.579987
20
233.341329
30
0.0
0
VERTEX
8
P00998
10
195.833998
20
233.341329
30
0.0
0
SEQEND
0
POLYLINE
8
P00999
66
1
70
0
0
VERTEX
8
P00999
10
195.579987
20
233.256660
30
0.0
0
VERTEX
8
P00999
10
195.833998
20
233.256660
30
0.0
0
SEQEND
0
POLYLINE
8
P01000
66
1
70
0
0
VERTEX
8
P01000
10
195.579987
20
233.171992
30
0.0
0
VERTEX
8
P01000
10
195.833998
20
233.171992
30
0.0
0
SEQEND
0
POLYLINE
8
P01001
66
1
70
0
0
VERTEX
8
P01001
10
195.579987
20
233.087328
30
0.0
0
VERTEX
8
P01001
10
195.833998
20
233.087328
30
0.0
0
SEQEND
0
POLYLINE
8
P01002
66
1
70
0
0
VERTEX
8
P01002
10
195.579987
20
233.002660
30
0.0
0
VERTEX
8
P01002
10
195.833998
20
233.002660
30
0.0
0
SEQEND
0
POLYLINE
8
P01003
66
1
70
0
0
VERTEX
8
P01003
10
195.579987
20
232.917991
30
0.0
0
VERTEX
8
P01003
10
195.833998
20
232.917991
30
0.0
0
SEQEND
0
POLYLINE
8
P01004
66
1
70
0
0
VERTEX
8
P01004
10
195.579987
20
232.833328
30
0.0
0
VERTEX
8
P01004
10
195.833998
20
232.833328
30
0.0
0
SEQEND
0
POLYLINE
8
P01005
66
1
70
0
0
VERTEX
8
P01005
10
195.579987
20
232.748659
30
0.0
0
VERTEX
8
P01005
10
195.749335
20
232.748659
30
0.0
0
SEQEND
0
POLYLINE
8
P01006
66
1
70
0
0
VERTEX
8
P01006
10
195.579987
20
232.663996
30
0.0
0
VERTEX
8
P01006
10
195.749335
20
232.663996
30
0.0
0
SEQEND
0
POLYLINE
8
P01007
66
1
70
0
0
VERTEX
8
P01007
10
195.579987
20
232.579328
30
0.0
0
VERTEX
8
P01007
10
195.749335
20
232.579328
30
0.0
0
SEQEND
0
POLYLINE
8
P01008
66
1
70
0
0
VERTEX
8
P01008
10
195.579987
20
232.494659
30
0.0
0
VERTEX
8
P01008
10
195.749335
20
232.494659
30
0.0
0
SEQEND
0
POLYLINE
8
P01009
66
1
70
0
0
VERTEX
8
P01009
10
195.579987
20
232.409996
30
0.0
0
VERTEX
8
P01009
10
195.749335
20
232.409996
30
0.0
0
SEQEND
0
POLYLINE
8
P01010
66
1
70
0
0
VERTEX
8
P01010
10
195.579987
20
232.325327
30
0.0
0
VERTEX
8
P01010
10
195.749335
20
232.325327
30
0.0
0
SEQEND
0
POLYLINE
8
P01011
66
1
70
0
0
VERTEX
8
P01011
10
195.579987
20
232.240658
30
0.0
0
VERTEX
8
P01011
10
195.749335
20
232.240658
30
0.0
0
SEQEND
0
POLYLINE
8
P01012
66
1
70
0
0
VERTEX
8
P01012
10
195.579987
20
232.155995
30
0.0
0
VERTEX
8
P01012
10
195.664672
20
232.155995
30
0.0
0
SEQEND
0
POLYLINE
8
P01013
66
1
70
0
0
VERTEX
8
P01013
10
195.579987
20
232.071327
30
0.0
0
VERTEX
8
P01013
10
195.664672
20
232.071327
30
0.0
0
SEQEND
0
POLYLINE
8
P01014
66
1
70
0
0
VERTEX
8
P01014
10
195.579987
20
231.986658
30
0.0
0
VERTEX
8
P01014
10
195.664672
20
231.986658
30
0.0
0
SEQEND
0
POLYLINE
8
P01015
66
1
70
0
0
VERTEX
8
P01015
10
195.579987
20
231.901995
30
0.0
0
VERTEX
8
P01015
10
195.664672
20
231.901995
30
0.0
0
SEQEND
0
POLYLINE
8
P01016
66
1
70
0
0
VERTEX
8
P01016
10
195.579987
20
231.817326
30
0.0
0
VERTEX
8
P01016
10
195.664672
20
231.817326
30
0.0
0
SEQEND
0
POLYLINE
8
P01017
66
1
70
0
0
VERTEX
8
P01017
10
195.579987
20
231.732663
30
0.0
0
VERTEX
8
P01017
10
195.664672
20
231.732663
30
0.0
0
SEQEND
0
POLYLINE
8
P01018
66
1
70
0
0
VERTEX
8
P01018
10
195.579987
20
231.647994
30
0.0
0
VERTEX
8
P01018
10
195.664672
20
231.647994
30
0.0
0
VERTEX
8
P01018
10
195.579987
20
231.647994
30
0.0
0
SEQEND
0
POLYLINE
8
P01019
66
1
70
0
0
VERTEX
8
P01019
10
195.579987
20
246.549324
30
0.0
0
VERTEX
8
P01019
10
195.579987
20
231.563326
30
0.0
0
VERTEX
8
P01019
10
195.579987
20
246.549324
30
0.0
0
SEQEND
0
POLYLINE
8
P01020
66
1
70
0
0
VERTEX
8
P01020
10
111.505995
20
204.977992
30
0.0
0
VERTEX
8
P01020
10
121.666002
20
204.977992
30
0.0
0
SEQEND
0
POLYLINE
8
P01021
66
1
70
0
0
VERTEX
8
P01021
10
111.505995
20
204.893329
30
0.0
0
VERTEX
8
P01021
10
121.666002
20
204.893329
30
0.0
0
SEQEND
0
POLYLINE
8
P01022
66
1
70
0
0
VERTEX
8
P01022
10
111.505995
20
204.808666
30
0.0
0
VERTEX
8
P01022
10
121.666002
20
204.808666
30
0.0
0
SEQEND
0
POLYLINE
8
P01023
66
1
70
0
0
VERTEX
8
P01023
10
111.505995
20
204.723992
30
0.0
0
VERTEX
8
P01023
10
121.666002
20
204.723992
30
0.0
0
SEQEND
0
POLYLINE
8
P01024
66
1
70
0
0
VERTEX
8
P01024
10
111.505995
20
204.639329
30
0.0
0
VERTEX
8
P01024
10
121.666002
20
204.639329
30
0.0
0
SEQEND
0
POLYLINE
8
P01025
66
1
70
0
0
VERTEX
8
P01025
10
111.505995
20
204.554665
30
0.0
0
VERTEX
8
P01025
10
121.666002
20
204.554665
30
0.0
0
SEQEND
0
POLYLINE
8
P01026
66
1
70
0
0
VERTEX
8
P01026
10
111.505995
20
204.469991
30
0.0
0
VERTEX
8
P01026
10
121.666002
20
204.469991
30
0.0
0
SEQEND
0
POLYLINE
8
P01027
66
1
70
0
0
VERTEX
8
P01027
10
111.505995
20
204.385328
30
0.0
0
VERTEX
8
P01027
10
121.666002
20
204.385328
30
0.0
0
SEQEND
0
POLYLINE
8
P01028
66
1
70
0
0
VERTEX
8
P01028
10
111.505995
20
204.300665
30
0.0
0
VERTEX
8
P01028
10
121.666002
20
204.300665
30
0.0
0
SEQEND
0
POLYLINE
8
P01029
66
1
70
0
0
VERTEX
8
P01029
10
111.505995
20
204.215991
30
0.0
0
VERTEX
8
P01029
10
121.666002
20
204.215991
30
0.0
0
SEQEND
0
POLYLINE
8
P01030
66
1
70
0
0
VERTEX
8
P01030
10
111.505995
20
204.131328
30
0.0
0
VERTEX
8
P01030
10
121.666002
20
204.131328
30
0.0
0
SEQEND
0
POLYLINE
8
P01031
66
1
70
0
0
VERTEX
8
P01031
10
111.505995
20
204.046665
30
0.0
0
VERTEX
8
P01031
10
121.666002
20
204.046665
30
0.0
0
SEQEND
0
POLYLINE
8
P01032
66
1
70
0
0
VERTEX
8
P01032
10
111.505995
20
203.961991
30
0.0
0
VERTEX
8
P01032
10
121.666002
20
203.961991
30
0.0
0
SEQEND
0
POLYLINE
8
P01033
66
1
70
0
0
VERTEX
8
P01033
10
111.505995
20
203.877327
30
0.0
0
VERTEX
8
P01033
10
121.666002
20
203.877327
30
0.0
0
SEQEND
0
POLYLINE
8
P01034
66
1
70
0
0
VERTEX
8
P01034
10
111.505995
20
203.792664
30
0.0
0
VERTEX
8
P01034
10
121.666002
20
203.792664
30
0.0
0
SEQEND
0
POLYLINE
8
P01035
66
1
70
0
0
VERTEX
8
P01035
10
111.505995
20
203.707990
30
0.0
0
VERTEX
8
P01035
10
121.666002
20
203.707990
30
0.0
0
SEQEND
0
POLYLINE
8
P01036
66
1
70
0
0
VERTEX
8
P01036
10
111.505995
20
203.623327
30
0.0
0
VERTEX
8
P01036
10
121.666002
20
203.623327
30
0.0
0
SEQEND
0
POLYLINE
8
P01037
66
1
70
0
0
VERTEX
8
P01037
10
111.505995
20
203.538664
30
0.0
0
VERTEX
8
P01037
10
121.666002
20
203.538664
30
0.0
0
SEQEND
0
POLYLINE
8
P01038
66
1
70
0
0
VERTEX
8
P01038
10
111.505995
20
203.453990
30
0.0
0
VERTEX
8
P01038
10
121.666002
20
203.453990
30
0.0
0
SEQEND
0
POLYLINE
8
P01039
66
1
70
0
0
VERTEX
8
P01039
10
111.505995
20
203.369326
30
0.0
0
VERTEX
8
P01039
10
121.666002
20
203.369326
30
0.0
0
SEQEND
0
POLYLINE
8
P01040
66
1
70
0
0
VERTEX
8
P01040
10
111.505995
20
203.284663
30
0.0
0
VERTEX
8
P01040
10
121.666002
20
203.284663
30
0.0
0
SEQEND
0
POLYLINE
8
P01041
66
1
70
0
0
VERTEX
8
P01041
10
111.505995
20
203.199989
30
0.0
0
VERTEX
8
P01041
10
121.666002
20
203.199989
30
0.0
0
SEQEND
0
POLYLINE
8
P01042
66
1
70
0
0
VERTEX
8
P01042
10
111.505995
20
203.115326
30
0.0
0
VERTEX
8
P01042
10
121.666002
20
203.115326
30
0.0
0
SEQEND
0
POLYLINE
8
P01043
66
1
70
0
0
VERTEX
8
P01043
10
111.505995
20
203.030663
30
0.0
0
VERTEX
8
P01043
10
121.666002
20
203.030663
30
0.0
0
SEQEND
0
POLYLINE
8
P01044
66
1
70
0
0
VERTEX
8
P01044
10
111.505995
20
202.946000
30
0.0
0
VERTEX
8
P01044
10
121.666002
20
202.946000
30
0.0
0
SEQEND
0
POLYLINE
8
P01045
66
1
70
0
0
VERTEX
8
P01045
10
111.505995
20
202.861326
30
0.0
0
VERTEX
8
P01045
10
121.666002
20
202.861326
30
0.0
0
SEQEND
0
POLYLINE
8
P01046
66
1
70
0
0
VERTEX
8
P01046
10
111.505995
20
202.776662
30
0.0
0
VERTEX
8
P01046
10
121.666002
20
202.776662
30
0.0
0
SEQEND
0
POLYLINE
8
P01047
66
1
70
0
0
VERTEX
8
P01047
10
111.505995
20
202.691999
30
0.0
0
VERTEX
8
P01047
10
121.666002
20
202.691999
30
0.0
0
SEQEND
0
POLYLINE
8
P01048
66
1
70
0
0
VERTEX
8
P01048
10
111.505995
20
202.607325
30
0.0
0
VERTEX
8
P01048
10
121.666002
20
202.607325
30
0.0
0
SEQEND
0
POLYLINE
8
P01049
66
1
70
0
0
VERTEX
8
P01049
10
111.505995
20
202.522662
30
0.0
0
VERTEX
8
P01049
10
121.666002
20
202.522662
30
0.0
0
SEQEND
0
POLYLINE
8
P01050
66
1
70
0
0
VERTEX
8
P01050
10
111.505995
20
202.437999
30
0.0
0
VERTEX
8
P01050
10
121.666002
20
202.437999
30
0.0
0
SEQEND
0
POLYLINE
8
P01051
66
1
70
0
0
VERTEX
8
P01051
10
111.505995
20
202.353325
30
0.0
0
VERTEX
8
P01051
10
121.666002
20
202.353325
30
0.0
0
SEQEND
0
POLYLINE
8
P01052
66
1
70
0
0
VERTEX
8
P01052
10
111.505995
20
202.268661
30
0.0
0
VERTEX
8
P01052
10
121.666002
20
202.268661
30
0.0
0
SEQEND
0
POLYLINE
8
P01053
66
1
70
0
0
VERTEX
8
P01053
10
111.505995
20
202.183998
30
0.0
0
VERTEX
8
P01053
10
121.666002
20
202.183998
30
0.0
0
SEQEND
0
POLYLINE
8
P01054
66
1
70
0
0
VERTEX
8
P01054
10
111.505995
20
202.099324
30
0.0
0
VERTEX
8
P01054
10
121.666002
20
202.099324
30
0.0
0
SEQEND
0
POLYLINE
8
P01055
66
1
70
0
0
VERTEX
8
P01055
10
111.505995
20
202.014661
30
0.0
0
VERTEX
8
P01055
10
121.666002
20
202.014661
30
0.0
0
SEQEND
0
POLYLINE
8
P01056
66
1
70
0
0
VERTEX
8
P01056
10
111.505995
20
201.929998
30
0.0
0
VERTEX
8
P01056
10
121.666002
20
201.929998
30
0.0
0
SEQEND
0
POLYLINE
8
P01057
66
1
70
0
0
VERTEX
8
P01057
10
111.505995
20
201.845324
30
0.0
0
VERTEX
8
P01057
10
121.666002
20
201.845324
30
0.0
0
SEQEND
0
POLYLINE
8
P01058
66
1
70
0
0
VERTEX
8
P01058
10
111.505995
20
201.760661
30
0.0
0
VERTEX
8
P01058
10
121.666002
20
201.760661
30
0.0
0
SEQEND
0
POLYLINE
8
P01059
66
1
70
0
0
VERTEX
8
P01059
10
111.505995
20
201.675997
30
0.0
0
VERTEX
8
P01059
10
121.666002
20
201.675997
30
0.0
0
SEQEND
0
POLYLINE
8
P01060
66
1
70
0
0
VERTEX
8
P01060
10
111.505995
20
201.591323
30
0.0
0
VERTEX
8
P01060
10
121.666002
20
201.591323
30
0.0
0
SEQEND
0
POLYLINE
8
P01061
66
1
70
0
0
VERTEX
8
P01061
10
111.505995
20
201.506660
30
0.0
0
VERTEX
8
P01061
10
121.666002
20
201.506660
30
0.0
0
SEQEND
0
POLYLINE
8
P01062
66
1
70
0
0
VERTEX
8
P01062
10
111.505995
20
201.421997
30
0.0
0
VERTEX
8
P01062
10
121.666002
20
201.421997
30
0.0
0
SEQEND
0
POLYLINE
8
P01063
66
1
70
0
0
VERTEX
8
P01063
10
111.505995
20
201.337323
30
0.0
0
VERTEX
8
P01063
10
121.666002
20
201.337323
30
0.0
0
SEQEND
0
POLYLINE
8
P01064
66
1
70
0
0
VERTEX
8
P01064
10
111.505995
20
201.252660
30
0.0
0
VERTEX
8
P01064
10
121.666002
20
201.252660
30
0.0
0
SEQEND
0
POLYLINE
8
P01065
66
1
70
0
0
VERTEX
8
P01065
10
111.505995
20
201.167997
30
0.0
0
VERTEX
8
P01065
10
121.666002
20
201.167997
30
0.0
0
SEQEND
0
POLYLINE
8
P01066
66
1
70
0
0
VERTEX
8
P01066
10
111.505995
20
201.083323
30
0.0
0
VERTEX
8
P01066
10
121.666002
20
201.083323
30
0.0
0
SEQEND
0
POLYLINE
8
P01067
66
1
70
0
0
VERTEX
8
P01067
10
111.505995
20
200.998659
30
0.0
0
VERTEX
8
P01067
10
121.666002
20
200.998659
30
0.0
0
SEQEND
0
POLYLINE
8
P01068
66
1
70
0
0
VERTEX
8
P01068
10
111.505995
20
200.913996
30
0.0
0
VERTEX
8
P01068
10
121.666002
20
200.913996
30
0.0
0
SEQEND
0
POLYLINE
8
P01069
66
1
70
0
0
VERTEX
8
P01069
10
111.505995
20
200.829333
30
0.0
0
VERTEX
8
P01069
10
121.666002
20
200.829333
30
0.0
0
SEQEND
0
POLYLINE
8
P01070
66
1
70
0
0
VERTEX
8
P01070
10
111.505995
20
200.744659
30
0.0
0
VERTEX
8
P01070
10
121.666002
20
200.744659
30
0.0
0
SEQEND
0
POLYLINE
8
P01071
66
1
70
0
0
VERTEX
8
P01071
10
111.505995
20
200.659996
30
0.0
0
VERTEX
8
P01071
10
121.666002
20
200.659996
30
0.0
0
SEQEND
0
POLYLINE
8
P01072
66
1
70
0
0
VERTEX
8
P01072
10
111.505995
20
200.575332
30
0.0
0
VERTEX
8
P01072
10
121.666002
20
200.575332
30
0.0
0
SEQEND
0
POLYLINE
8
P01073
66
1
70
0
0
VERTEX
8
P01073
10
111.505995
20
200.490658
30
0.0
0
VERTEX
8
P01073
10
121.666002
20
200.490658
30
0.0
0
SEQEND
0
POLYLINE
8
P01074
66
1
70
0
0
VERTEX
8
P01074
10
111.505995
20
200.405995
30
0.0
0
VERTEX
8
P01074
10
121.666002
20
200.405995
30
0.0
0
SEQEND
0
POLYLINE
8
P01075
66
1
70
0
0
VERTEX
8
P01075
10
111.505995
20
200.321332
30
0.0
0
VERTEX
8
P01075
10
121.666002
20
200.321332
30
0.0
0
SEQEND
0
POLYLINE
8
P01076
66
1
70
0
0
VERTEX
8
P01076
10
111.505995
20
200.236658
30
0.0
0
VERTEX
8
P01076
10
121.666002
20
200.236658
30
0.0
0
SEQEND
0
POLYLINE
8
P01077
66
1
70
0
0
VERTEX
8
P01077
10
111.505995
20
200.151995
30
0.0
0
VERTEX
8
P01077
10
121.666002
20
200.151995
30
0.0
0
SEQEND
0
POLYLINE
8
P01078
66
1
70
0
0
VERTEX
8
P01078
10
111.505995
20
200.067332
30
0.0
0
VERTEX
8
P01078
10
121.666002
20
200.067332
30
0.0
0
SEQEND
0
POLYLINE
8
P01079
66
1
70
0
0
VERTEX
8
P01079
10
111.505995
20
199.982658
30
0.0
0
VERTEX
8
P01079
10
121.666002
20
199.982658
30
0.0
0
SEQEND
0
POLYLINE
8
P01080
66
1
70
0
0
VERTEX
8
P01080
10
111.505995
20
199.897994
30
0.0
0
VERTEX
8
P01080
10
121.666002
20
199.897994
30
0.0
0
SEQEND
0
POLYLINE
8
P01081
66
1
70
0
0
VERTEX
8
P01081
10
111.505995
20
199.813331
30
0.0
0
VERTEX
8
P01081
10
121.666002
20
199.813331
30
0.0
0
SEQEND
0
POLYLINE
8
P01082
66
1
70
0
0
VERTEX
8
P01082
10
111.505995
20
199.728657
30
0.0
0
VERTEX
8
P01082
10
121.666002
20
199.728657
30
0.0
0
SEQEND
0
POLYLINE
8
P01083
66
1
70
0
0
VERTEX
8
P01083
10
111.505995
20
199.643994
30
0.0
0
VERTEX
8
P01083
10
121.666002
20
199.643994
30
0.0
0
SEQEND
0
POLYLINE
8
P01084
66
1
70
0
0
VERTEX
8
P01084
10
111.505995
20
199.559331
30
0.0
0
VERTEX
8
P01084
10
121.666002
20
199.559331
30
0.0
0
SEQEND
0
POLYLINE
8
P01085
66
1
70
0
0
VERTEX
8
P01085
10
111.505995
20
199.474657
30
0.0
0
VERTEX
8
P01085
10
121.666002
20
199.474657
30
0.0
0
SEQEND
0
POLYLINE
8
P01086
66
1
70
0
0
VERTEX
8
P01086
10
111.505995
20
199.389994
30
0.0
0
VERTEX
8
P01086
10
121.666002
20
199.389994
30
0.0
0
SEQEND
0
POLYLINE
8
P01087
66
1
70
0
0
VERTEX
8
P01087
10
111.505995
20
199.305330
30
0.0
0
VERTEX
8
P01087
10
121.666002
20
199.305330
30
0.0
0
SEQEND
0
POLYLINE
8
P01088
66
1
70
0
0
VERTEX
8
P01088
10
111.505995
20
199.220656
30
0.0
0
VERTEX
8
P01088
10
121.666002
20
199.220656
30
0.0
0
SEQEND
0
POLYLINE
8
P01089
66
1
70
0
0
VERTEX
8
P01089
10
111.505995
20
199.135993
30
0.0
0
VERTEX
8
P01089
10
121.666002
20
199.135993
30
0.0
0
SEQEND
0
POLYLINE
8
P01090
66
1
70
0
0
VERTEX
8
P01090
10
111.505995
20
199.051330
30
0.0
0
VERTEX
8
P01090
10
121.666002
20
199.051330
30
0.0
0
SEQEND
0
POLYLINE
8
P01091
66
1
70
0
0
VERTEX
8
P01091
10
111.505995
20
198.966656
30
0.0
0
VERTEX
8
P01091
10
121.666002
20
198.966656
30
0.0
0
SEQEND
0
POLYLINE
8
P01092
66
1
70
0
0
VERTEX
8
P01092
10
111.505995
20
198.881993
30
0.0
0
VERTEX
8
P01092
10
121.666002
20
198.881993
30
0.0
0
SEQEND
0
POLYLINE
8
P01093
66
1
70
0
0
VERTEX
8
P01093
10
111.505995
20
198.797329
30
0.0
0
VERTEX
8
P01093
10
121.666002
20
198.797329
30
0.0
0
SEQEND
0
POLYLINE
8
P01094
66
1
70
0
0
VERTEX
8
P01094
10
111.505995
20
198.712666
30
0.0
0
VERTEX
8
P01094
10
121.666002
20
198.712666
30
0.0
0
SEQEND
0
POLYLINE
8
P01095
66
1
70
0
0
VERTEX
8
P01095
10
111.505995
20
198.627992
30
0.0
0
VERTEX
8
P01095
10
121.666002
20
198.627992
30
0.0
0
SEQEND
0
POLYLINE
8
P01096
66
1
70
0
0
VERTEX
8
P01096
10
111.505995
20
198.543329
30
0.0
0
VERTEX
8
P01096
10
121.666002
20
198.543329
30
0.0
0
SEQEND
0
POLYLINE
8
P01097
66
1
70
0
0
VERTEX
8
P01097
10
111.505995
20
198.458666
30
0.0
0
VERTEX
8
P01097
10
121.666002
20
198.458666
30
0.0
0
SEQEND
0
POLYLINE
8
P01098
66
1
70
0
0
VERTEX
8
P01098
10
111.505995
20
198.373992
30
0.0
0
VERTEX
8
P01098
10
121.666002
20
198.373992
30
0.0
0
SEQEND
0
POLYLINE
8
P01099
66
1
70
0
0
VERTEX
8
P01099
10
111.505995
20
198.289329
30
0.0
0
VERTEX
8
P01099
10
121.666002
20
198.289329
30
0.0
0
SEQEND
0
POLYLINE
8
P01100
66
1
70
0
0
VERTEX
8
P01100
10
111.505995
20
198.204665
30
0.0
0
VERTEX
8
P01100
10
121.666002
20
198.204665
30
0.0
0
SEQEND
0
POLYLINE
8
P01101
66
1
70
0
0
VERTEX
8
P01101
10
111.505995
20
198.119991
30
0.0
0
VERTEX
8
P01101
10
121.666002
20
198.119991
30
0.0
0
SEQEND
0
POLYLINE
8
P01102
66
1
70
0
0
VERTEX
8
P01102
10
111.505995
20
198.035328
30
0.0
0
VERTEX
8
P01102
10
121.666002
20
198.035328
30
0.0
0
SEQEND
0
POLYLINE
8
P01103
66
1
70
0
0
VERTEX
8
P01103
10
111.505995
20
197.950665
30
0.0
0
VERTEX
8
P01103
10
121.666002
20
197.950665
30
0.0
0
SEQEND
0
POLYLINE
8
P01104
66
1
70
0
0
VERTEX
8
P01104
10
111.505995
20
197.865991
30
0.0
0
VERTEX
8
P01104
10
121.666002
20
197.865991
30
0.0
0
SEQEND
0
POLYLINE
8
P01105
66
1
70
0
0
VERTEX
8
P01105
10
111.505995
20
197.781328
30
0.0
0
VERTEX
8
P01105
10
121.666002
20
197.781328
30
0.0
0
SEQEND
0
POLYLINE
8
P01106
66
1
70
0
0
VERTEX
8
P01106
10
111.505995
20
197.696665
30
0.0
0
VERTEX
8
P01106
10
121.666002
20
197.696665
30
0.0
0
VERTEX
8
P01106
10
111.505995
20
197.696665
30
0.0
0
SEQEND
0
POLYLINE
8
P01107
66
1
70
0
0
VERTEX
8
P01107
10
51.477333
20
197.781328
30
0.0
0
VERTEX
8
P01107
10
52.069997
20
197.781328
30
0.0
0
SEQEND
0
POLYLINE
8
P01108
66
1
70
0
0
VERTEX
8
P01108
10
50.884663
20
197.696665
30
0.0
0
VERTEX
8
P01108
10
52.069997
20
197.696665
30
0.0
0
SEQEND
0
POLYLINE
8
P01109
66
1
70
0
0
VERTEX
8
P01109
10
50.207331
20
197.611991
30
0.0
0
VERTEX
8
P01109
10
52.069997
20
197.611991
30
0.0
0
SEQEND
0
POLYLINE
8
P01110
66
1
70
0
0
VERTEX
8
P01110
10
49.614666
20
197.527327
30
0.0
0
VERTEX
8
P01110
10
52.069997
20
197.527327
30
0.0
0
SEQEND
0
POLYLINE
8
P01111
66
1
70
0
0
VERTEX
8
P01111
10
49.021997
20
197.442664
30
0.0
0
VERTEX
8
P01111
10
52.069997
20
197.442664
30
0.0
0
SEQEND
0
POLYLINE
8
P01112
66
1
70
0
0
VERTEX
8
P01112
10
48.344664
20
197.357990
30
0.0
0
VERTEX
8
P01112
10
52.069997
20
197.357990
30
0.0
0
SEQEND
0
POLYLINE
8
P01113
66
1
70
0
0
VERTEX
8
P01113
10
48.175332
20
197.273327
30
0.0
0
VERTEX
8
P01113
10
52.069997
20
197.273327
30
0.0
0
SEQEND
0
POLYLINE
8
P01114
66
1
70
0
0
VERTEX
8
P01114
10
48.006001
20
197.188664
30
0.0
0
VERTEX
8
P01114
10
52.069997
20
197.188664
30
0.0
0
SEQEND
0
POLYLINE
8
P01115
66
1
70
0
0
VERTEX
8
P01115
10
47.752000
20
197.103990
30
0.0
0
VERTEX
8
P01115
10
52.069997
20
197.103990
30
0.0
0
SEQEND
0
POLYLINE
8
P01116
66
1
70
0
0
VERTEX
8
P01116
10
47.582663
20
197.019326
30
0.0
0
VERTEX
8
P01116
10
52.069997
20
197.019326
30
0.0
0
SEQEND
0
POLYLINE
8
P01117
66
1
70
0
0
VERTEX
8
P01117
10
47.413331
20
196.934663
30
0.0
0
VERTEX
8
P01117
10
52.069997
20
196.934663
30
0.0
0
SEQEND
0
POLYLINE
8
P01118
66
1
70
0
0
VERTEX
8
P01118
10
47.159331
20
196.849989
30
0.0
0
VERTEX
8
P01118
10
52.069997
20
196.849989
30
0.0
0
SEQEND
0
POLYLINE
8
P01119
66
1
70
0
0
VERTEX
8
P01119
10
46.989999
20
196.765326
30
0.0
0
VERTEX
8
P01119
10
52.069997
20
196.765326
30
0.0
0
SEQEND
0
POLYLINE
8
P01120
66
1
70
0
0
VERTEX
8
P01120
10
46.820667
20
196.680663
30
0.0
0
VERTEX
8
P01120
10
52.069997
20
196.680663
30
0.0
0
SEQEND
0
POLYLINE
8
P01121
66
1
70
0
0
VERTEX
8
P01121
10
46.566667
20
196.596000
30
0.0
0
VERTEX
8
P01121
10
52.069997
20
196.596000
30
0.0
0
SEQEND
0
POLYLINE
8
P01122
66
1
70
0
0
VERTEX
8
P01122
10
46.820667
20
196.511326
30
0.0
0
VERTEX
8
P01122
10
52.069997
20
196.511326
30
0.0
0
SEQEND
0
POLYLINE
8
P01123
66
1
70
0
0
VERTEX
8
P01123
10
46.989999
20
196.426662
30
0.0
0
VERTEX
8
P01123
10
52.069997
20
196.426662
30
0.0
0
SEQEND
0
POLYLINE
8
P01124
66
1
70
0
0
VERTEX
8
P01124
10
47.159331
20
196.341999
30
0.0
0
VERTEX
8
P01124
10
52.069997
20
196.341999
30
0.0
0
SEQEND
0
POLYLINE
8
P01125
66
1
70
0
0
VERTEX
8
P01125
10
47.413331
20
196.257325
30
0.0
0
VERTEX
8
P01125
10
52.069997
20
196.257325
30
0.0
0
SEQEND
0
POLYLINE
8
P01126
66
1
70
0
0
VERTEX
8
P01126
10
47.582663
20
196.172662
30
0.0
0
VERTEX
8
P01126
10
52.069997
20
196.172662
30
0.0
0
SEQEND
0
POLYLINE
8
P01127
66
1
70
0
0
VERTEX
8
P01127
10
47.752000
20
196.087999
30
0.0
0
VERTEX
8
P01127
10
52.069997
20
196.087999
30
0.0
0
SEQEND
0
POLYLINE
8
P01128
66
1
70
0
0
VERTEX
8
P01128
10
48.006001
20
196.003325
30
0.0
0
VERTEX
8
P01128
10
52.069997
20
196.003325
30
0.0
0
SEQEND
0
POLYLINE
8
P01129
66
1
70
0
0
VERTEX
8
P01129
10
48.175332
20
195.918661
30
0.0
0
VERTEX
8
P01129
10
52.069997
20
195.918661
30
0.0
0
SEQEND
0
POLYLINE
8
P01130
66
1
70
0
0
VERTEX
8
P01130
10
48.344664
20
195.833998
30
0.0
0
VERTEX
8
P01130
10
52.069997
20
195.833998
30
0.0
0
SEQEND
0
POLYLINE
8
P01131
66
1
70
0
0
VERTEX
8
P01131
10
49.106666
20
195.749324
30
0.0
0
VERTEX
8
P01131
10
52.069997
20
195.749324
30
0.0
0
SEQEND
0
POLYLINE
8
P01132
66
1
70
0
0
VERTEX
8
P01132
10
49.868667
20
195.664661
30
0.0
0
VERTEX
8
P01132
10
52.069997
20
195.664661
30
0.0
0
SEQEND
0
POLYLINE
8
P01133
66
1
70
0
0
VERTEX
8
P01133
10
50.630668
20
195.579998
30
0.0
0
VERTEX
8
P01133
10
52.069997
20
195.579998
30
0.0
0
SEQEND
0
POLYLINE
8
P01134
66
1
70
0
0
VERTEX
8
P01134
10
51.392664
20
195.495324
30
0.0
0
VERTEX
8
P01134
10
52.069997
20
195.495324
30
0.0
0
VERTEX
8
P01134
10
51.392664
20
195.495324
30
0.0
0
SEQEND
0
POLYLINE
8
P01135
66
1
70
0
0
VERTEX
8
P01135
10
46.566667
20
196.596000
30
0.0
0
VERTEX
8
P01135
10
51.562001
20
197.273327
30
0.0
0
VERTEX
8
P01135
10
46.566667
20
196.596000
30
0.0
0
SEQEND
0
POLYLINE
8
P01136
66
1
70
0
0
VERTEX
8
P01136
10
51.562001
20
197.273327
30
0.0
0
VERTEX
8
P01136
10
51.054000
20
196.596000
30
0.0
0
VERTEX
8
P01136
10
51.562001
20
197.273327
30
0.0
0
SEQEND
0
POLYLINE
8
P01137
66
1
70
0
0
VERTEX
8
P01137
10
51.054000
20
196.596000
30
0.0
0
VERTEX
8
P01137
10
51.562001
20
195.918661
30
0.0
0
VERTEX
8
P01137
10
51.054000
20
196.596000
30
0.0
0
SEQEND
0
POLYLINE
8
P01138
66
1
70
0
0
VERTEX
8
P01138
10
51.562001
20
195.918661
30
0.0
0
VERTEX
8
P01138
10
46.566667
20
196.596000
30
0.0
0
VERTEX
8
P01138
10
51.562001
20
195.918661
30
0.0
0
SEQEND
0
POLYLINE
8
P01139
66
1
70
0
0
VERTEX
8
P01139
10
50.969332
20
197.188664
30
0.0
0
VERTEX
8
P01139
10
51.562001
20
197.188664
30
0.0
0
SEQEND
0
POLYLINE
8
P01140
66
1
70
0
0
VERTEX
8
P01140
10
50.376668
20
197.103990
30
0.0
0
VERTEX
8
P01140
10
51.477333
20
197.103990
30
0.0
0
SEQEND
0
POLYLINE
8
P01141
66
1
70
0
0
VERTEX
8
P01141
10
49.699330
20
197.019326
30
0.0
0
VERTEX
8
P01141
10
51.392664
20
197.019326
30
0.0
0
SEQEND
0
POLYLINE
8
P01142
66
1
70
0
0
VERTEX
8
P01142
10
49.106666
20
196.934663
30
0.0
0
VERTEX
8
P01142
10
51.308001
20
196.934663
30
0.0
0
SEQEND
0
POLYLINE
8
P01143
66
1
70
0
0
VERTEX
8
P01143
10
48.514002
20
196.849989
30
0.0
0
VERTEX
8
P01143
10
51.308001
20
196.849989
30
0.0
0
SEQEND
0
POLYLINE
8
P01144
66
1
70
0
0
VERTEX
8
P01144
10
47.836663
20
196.765326
30
0.0
0
VERTEX
8
P01144
10
51.223332
20
196.765326
30
0.0
0
SEQEND
0
POLYLINE
8
P01145
66
1
70
0
0
VERTEX
8
P01145
10
47.243999
20
196.680663
30
0.0
0
VERTEX
8
P01145
10
51.138664
20
196.680663
30
0.0
0
VERTEX
8
P01145
10
47.243999
20
196.680663
30
0.0
0
SEQEND
0
POLYLINE
8
P01146
66
1
70
0
0
VERTEX
8
P01146
10
46.566667
20
196.596000
30
0.0
0
VERTEX
8
P01146
10
51.054000
20
196.596000
30
0.0
0
SEQEND
0
POLYLINE
8
P01147
66
1
70
0
0
VERTEX
8
P01147
10
47.243999
20
196.511326
30
0.0
0
VERTEX
8
P01147
10
51.138664
20
196.511326
30
0.0
0
SEQEND
0
POLYLINE
8
P01148
66
1
70
0
0
VERTEX
8
P01148
10
47.836663
20
196.426662
30
0.0
0
VERTEX
8
P01148
10
51.223332
20
196.426662
30
0.0
0
SEQEND
0
POLYLINE
8
P01149
66
1
70
0
0
VERTEX
8
P01149
10
48.514002
20
196.341999
30
0.0
0
VERTEX
8
P01149
10
51.308001
20
196.341999
30
0.0
0
SEQEND
0
POLYLINE
8
P01150
66
1
70
0
0
VERTEX
8
P01150
10
49.106666
20
196.257325
30
0.0
0
VERTEX
8
P01150
10
51.308001
20
196.257325
30
0.0
0
SEQEND
0
POLYLINE
8
P01151
66
1
70
0
0
VERTEX
8
P01151
10
49.699330
20
196.172662
30
0.0
0
VERTEX
8
P01151
10
51.392664
20
196.172662
30
0.0
0
SEQEND
0
POLYLINE
8
P01152
66
1
70
0
0
VERTEX
8
P01152
10
50.376668
20
196.087999
30
0.0
0
VERTEX
8
P01152
10
51.477333
20
196.087999
30
0.0
0
SEQEND
0
POLYLINE
8
P01153
66
1
70
0
0
VERTEX
8
P01153
10
50.969332
20
196.003325
30
0.0
0
VERTEX
8
P01153
10
51.562001
20
196.003325
30
0.0
0
VERTEX
8
P01153
10
50.969332
20
196.003325
30
0.0
0
SEQEND
0
POLYLINE
8
P01154
66
1
70
0
0
VERTEX
8
P01154
10
181.101995
20
197.781328
30
0.0
0
VERTEX
8
P01154
10
181.779322
20
197.781328
30
0.0
0
SEQEND
0
POLYLINE
8
P01155
66
1
70
0
0
VERTEX
8
P01155
10
181.101995
20
197.696665
30
0.0
0
VERTEX
8
P01155
10
182.371986
20
197.696665
30
0.0
0
SEQEND
0
POLYLINE
8
P01156
66
1
70
0
0
VERTEX
8
P01156
10
181.101995
20
197.611991
30
0.0
0
VERTEX
8
P01156
10
182.964672
20
197.611991
30
0.0
0
SEQEND
0
POLYLINE
8
P01157
66
1
70
0
0
VERTEX
8
P01157
10
181.101995
20
197.527327
30
0.0
0
VERTEX
8
P01157
10
183.557336
20
197.527327
30
0.0
0
SEQEND
0
POLYLINE
8
P01158
66
1
70
0
0
VERTEX
8
P01158
10
181.101995
20
197.442664
30
0.0
0
VERTEX
8
P01158
10
184.150000
20
197.442664
30
0.0
0
SEQEND
0
POLYLINE
8
P01159
66
1
70
0
0
VERTEX
8
P01159
10
181.101995
20
197.357990
30
0.0
0
VERTEX
8
P01159
10
184.742664
20
197.357990
30
0.0
0
SEQEND
0
POLYLINE
8
P01160
66
1
70
0
0
VERTEX
8
P01160
10
181.101995
20
197.273327
30
0.0
0
VERTEX
8
P01160
10
184.996654
20
197.273327
30
0.0
0
SEQEND
0
POLYLINE
8
P01161
66
1
70
0
0
VERTEX
8
P01161
10
181.101995
20
197.188664
30
0.0
0
VERTEX
8
P01161
10
185.166002
20
197.188664
30
0.0
0
SEQEND
0
POLYLINE
8
P01162
66
1
70
0
0
VERTEX
8
P01162
10
181.101995
20
197.103990
30
0.0
0
VERTEX
8
P01162
10
185.419991
20
197.103990
30
0.0
0
SEQEND
0
POLYLINE
8
P01163
66
1
70
0
0
VERTEX
8
P01163
10
181.101995
20
197.019326
30
0.0
0
VERTEX
8
P01163
10
185.589339
20
197.019326
30
0.0
0
SEQEND
0
POLYLINE
8
P01164
66
1
70
0
0
VERTEX
8
P01164
10
181.101995
20
196.934663
30
0.0
0
VERTEX
8
P01164
10
185.843329
20
196.934663
30
0.0
0
SEQEND
0
POLYLINE
8
P01165
66
1
70
0
0
VERTEX
8
P01165
10
181.101995
20
196.849989
30
0.0
0
VERTEX
8
P01165
10
186.012655
20
196.849989
30
0.0
0
SEQEND
0
POLYLINE
8
P01166
66
1
70
0
0
VERTEX
8
P01166
10
181.101995
20
196.765326
30
0.0
0
VERTEX
8
P01166
10
186.266667
20
196.765326
30
0.0
0
SEQEND
0
POLYLINE
8
P01167
66
1
70
0
0
VERTEX
8
P01167
10
181.101995
20
196.680663
30
0.0
0
VERTEX
8
P01167
10
186.435993
20
196.680663
30
0.0
0
SEQEND
0
POLYLINE
8
P01168
66
1
70
0
0
VERTEX
8
P01168
10
181.101995
20
196.596000
30
0.0
0
VERTEX
8
P01168
10
186.605320
20
196.596000
30
0.0
0
SEQEND
0
POLYLINE
8
P01169
66
1
70
0
0
VERTEX
8
P01169
10
181.101995
20
196.511326
30
0.0
0
VERTEX
8
P01169
10
186.435993
20
196.511326
30
0.0
0
SEQEND
0
POLYLINE
8
P01170
66
1
70
0
0
VERTEX
8
P01170
10
181.101995
20
196.426662
30
0.0
0
VERTEX
8
P01170
10
186.266667
20
196.426662
30
0.0
0
SEQEND
0
POLYLINE
8
P01171
66
1
70
0
0
VERTEX
8
P01171
10
181.101995
20
196.341999
30
0.0
0
VERTEX
8
P01171
10
186.012655
20
196.341999
30
0.0
0
SEQEND
0
POLYLINE
8
P01172
66
1
70
0
0
VERTEX
8
P01172
10
181.101995
20
196.257325
30
0.0
0
VERTEX
8
P01172
10
185.843329
20
196.257325
30
0.0
0
SEQEND
0
POLYLINE
8
P01173
66
1
70
0
0
VERTEX
8
P01173
10
181.101995
20
196.172662
30
0.0
0
VERTEX
8
P01173
10
185.589339
20
196.172662
30
0.0
0
SEQEND
0
POLYLINE
8
P01174
66
1
70
0
0
VERTEX
8
P01174
10
181.101995
20
196.087999
30
0.0
0
VERTEX
8
P01174
10
185.419991
20
196.087999
30
0.0
0
SEQEND
0
POLYLINE
8
P01175
66
1
70
0
0
VERTEX
8
P01175
10
181.101995
20
196.003325
30
0.0
0
VERTEX
8
P01175
10
185.166002
20
196.003325
30
0.0
0
SEQEND
0
POLYLINE
8
P01176
66
1
70
0
0
VERTEX
8
P01176
10
181.101995
20
195.918661
30
0.0
0
VERTEX
8
P01176
10
184.996654
20
195.918661
30
0.0
0
SEQEND
0
POLYLINE
8
P01177
66
1
70
0
0
VERTEX
8
P01177
10
181.101995
20
195.833998
30
0.0
0
VERTEX
8
P01177
10
184.742664
20
195.833998
30
0.0
0
SEQEND
0
POLYLINE
8
P01178
66
1
70
0
0
VERTEX
8
P01178
10
181.101995
20
195.749324
30
0.0
0
VERTEX
8
P01178
10
184.065337
20
195.749324
30
0.0
0
SEQEND
0
POLYLINE
8
P01179
66
1
70
0
0
VERTEX
8
P01179
10
181.101995
20
195.664661
30
0.0
0
VERTEX
8
P01179
10
183.303325
20
195.664661
30
0.0
0
SEQEND
0
POLYLINE
8
P01180
66
1
70
0
0
VERTEX
8
P01180
10
181.101995
20
195.579998
30
0.0
0
VERTEX
8
P01180
10
182.625997
20
195.579998
30
0.0
0
SEQEND
0
POLYLINE
8
P01181
66
1
70
0
0
VERTEX
8
P01181
10
181.101995
20
195.495324
30
0.0
0
VERTEX
8
P01181
10
181.863985
20
195.495324
30
0.0
0
VERTEX
8
P01181
10
181.101995
20
195.495324
30
0.0
0
SEQEND
0
POLYLINE
8
P01182
66
1
70
0
0
VERTEX
8
P01182
10
186.605320
20
196.596000
30
0.0
0
VERTEX
8
P01182
10
181.525332
20
195.918661
30
0.0
0
VERTEX
8
P01182
10
186.605320
20
196.596000
30
0.0
0
SEQEND
0
POLYLINE
8
P01183
66
1
70
0
0
VERTEX
8
P01183
10
181.525332
20
195.918661
30
0.0
0
VERTEX
8
P01183
10
182.033333
20
196.596000
30
0.0
0
VERTEX
8
P01183
10
181.525332
20
195.918661
30
0.0
0
SEQEND
0
POLYLINE
8
P01184
66
1
70
0
0
VERTEX
8
P01184
10
182.033333
20
196.596000
30
0.0
0
VERTEX
8
P01184
10
181.525332
20
197.273327
30
0.0
0
VERTEX
8
P01184
10
182.033333
20
196.596000
30
0.0
0
SEQEND
0
POLYLINE
8
P01185
66
1
70
0
0
VERTEX
8
P01185
10
181.525332
20
197.273327
30
0.0
0
VERTEX
8
P01185
10
186.605320
20
196.596000
30
0.0
0
VERTEX
8
P01185
10
181.525332
20
197.273327
30
0.0
0
SEQEND
0
POLYLINE
8
P01186
66
1
70
0
0
VERTEX
8
P01186
10
182.033333
20
196.596000
30
0.0
0
VERTEX
8
P01186
10
186.605320
20
196.596000
30
0.0
0
SEQEND
0
POLYLINE
8
P01187
66
1
70
0
0
VERTEX
8
P01187
10
182.033333
20
196.511326
30
0.0
0
VERTEX
8
P01187
10
186.012655
20
196.511326
30
0.0
0
SEQEND
0
POLYLINE
8
P01188
66
1
70
0
0
VERTEX
8
P01188
10
181.948670
20
196.426662
30
0.0
0
VERTEX
8
P01188
10
185.335328
20
196.426662
30
0.0
0
SEQEND
0
POLYLINE
8
P01189
66
1
70
0
0
VERTEX
8
P01189
10
181.863985
20
196.341999
30
0.0
0
VERTEX
8
P01189
10
184.742664
20
196.341999
30
0.0
0
SEQEND
0
POLYLINE
8
P01190
66
1
70
0
0
VERTEX
8
P01190
10
181.779322
20
196.257325
30
0.0
0
VERTEX
8
P01190
10
184.065337
20
196.257325
30
0.0
0
SEQEND
0
POLYLINE
8
P01191
66
1
70
0
0
VERTEX
8
P01191
10
181.779322
20
196.172662
30
0.0
0
VERTEX
8
P01191
10
183.472673
20
196.172662
30
0.0
0
SEQEND
0
POLYLINE
8
P01192
66
1
70
0
0
VERTEX
8
P01192
10
181.694659
20
196.087999
30
0.0
0
VERTEX
8
P01192
10
182.795324
20
196.087999
30
0.0
0
SEQEND
0
POLYLINE
8
P01193
66
1
70
0
0
VERTEX
8
P01193
10
181.609996
20
196.003325
30
0.0
0
VERTEX
8
P01193
10
182.202660
20
196.003325
30
0.0
0
VERTEX
8
P01193
10
181.609996
20
196.003325
30
0.0
0
SEQEND
0
POLYLINE
8
P01194
66
1
70
0
0
VERTEX
8
P01194
10
181.609996
20
197.188664
30
0.0
0
VERTEX
8
P01194
10
182.202660
20
197.188664
30
0.0
0
SEQEND
0
POLYLINE
8
P01195
66
1
70
0
0
VERTEX
8
P01195
10
181.694659
20
197.103990
30
0.0
0
VERTEX
8
P01195
10
182.795324
20
197.103990
30
0.0
0
SEQEND
0
POLYLINE
8
P01196
66
1
70
0
0
VERTEX
8
P01196
10
181.779322
20
197.019326
30
0.0
0
VERTEX
8
P01196
10
183.472673
20
197.019326
30
0.0
0
SEQEND
0
POLYLINE
8
P01197
66
1
70
0
0
VERTEX
8
P01197
10
181.779322
20
196.934663
30
0.0
0
VERTEX
8
P01197
10
184.065337
20
196.934663
30
0.0
0
SEQEND
0
POLYLINE
8
P01198
66
1
70
0
0
VERTEX
8
P01198
10
181.863985
20
196.849989
30
0.0
0
VERTEX
8
P01198
10
184.742664
20
196.849989
30
0.0
0
SEQEND
0
POLYLINE
8
P01199
66
1
70
0
0
VERTEX
8
P01199
10
181.948670
20
196.765326
30
0.0
0
VERTEX
8
P01199
10
185.335328
20
196.765326
30
0.0
0
SEQEND
0
POLYLINE
8
P01200
66
1
70
0
0
VERTEX
8
P01200
10
182.033333
20
196.680663
30
0.0
0
VERTEX
8
P01200
10
186.012655
20
196.680663
30
0.0
0
VERTEX
8
P01200
10
182.033333
20
196.680663
30
0.0
0
SEQEND
0
POLYLINE
8
P01201
66
1
70
0
0
VERTEX
8
P01201
10
46.566667
20
196.596000
30
0.0
0
VERTEX
8
P01201
10
186.605320
20
196.596000
30
0.0
0
VERTEX
8
P01201
10
46.566667
20
196.596000
30
0.0
0
SEQEND
0
POLYLINE
8
P01202
66
1
70
0
0
VERTEX
8
P01202
10
52.662666
20
243.416661
30
0.0
0
VERTEX
8
P01202
10
52.747335
20
243.416661
30
0.0
0
SEQEND
0
POLYLINE
8
P01203
66
1
70
0
0
VERTEX
8
P01203
10
52.662666
20
243.331993
30
0.0
0
VERTEX
8
P01203
10
52.916667
20
243.331993
30
0.0
0
SEQEND
0
POLYLINE
8
P01204
66
1
70
0
0
VERTEX
8
P01204
10
52.662666
20
243.247329
30
0.0
0
VERTEX
8
P01204
10
53.085998
20
243.247329
30
0.0
0
SEQEND
0
POLYLINE
8
P01205
66
1
70
0
0
VERTEX
8
P01205
10
52.662666
20
243.162661
30
0.0
0
VERTEX
8
P01205
10
53.170667
20
243.162661
30
0.0
0
SEQEND
0
POLYLINE
8
P01206
66
1
70
0
0
VERTEX
8
P01206
10
52.747335
20
243.077992
30
0.0
0
VERTEX
8
P01206
10
53.339999
20
243.077992
30
0.0
0
SEQEND
0
POLYLINE
8
P01207
66
1
70
0
0
VERTEX
8
P01207
10
52.747335
20
242.993329
30
0.0
0
VERTEX
8
P01207
10
53.509331
20
242.993329
30
0.0
0
SEQEND
0
POLYLINE
8
P01208
66
1
70
0
0
VERTEX
8
P01208
10
52.747335
20
242.908660
30
0.0
0
VERTEX
8
P01208
10
53.678668
20
242.908660
30
0.0
0
SEQEND
0
POLYLINE
8
P01209
66
1
70
0
0
VERTEX
8
P01209
10
52.747335
20
242.823992
30
0.0
0
VERTEX
8
P01209
10
53.763331
20
242.823992
30
0.0
0
SEQEND
0
POLYLINE
8
P01210
66
1
70
0
0
VERTEX
8
P01210
10
52.831998
20
242.739329
30
0.0
0
VERTEX
8
P01210
10
53.932663
20
242.739329
30
0.0
0
SEQEND
0
POLYLINE
8
P01211
66
1
70
0
0
VERTEX
8
P01211
10
52.831998
20
242.654660
30
0.0
0
VERTEX
8
P01211
10
54.102000
20
242.654660
30
0.0
0
SEQEND
0
POLYLINE
8
P01212
66
1
70
0
0
VERTEX
8
P01212
10
52.831998
20
242.569991
30
0.0
0
VERTEX
8
P01212
10
54.186663
20
242.569991
30
0.0
0
SEQEND
0
POLYLINE
8
P01213
66
1
70
0
0
VERTEX
8
P01213
10
52.831998
20
242.485328
30
0.0
0
VERTEX
8
P01213
10
54.271332
20
242.485328
30
0.0
0
SEQEND
0
POLYLINE
8
P01214
66
1
70
0
0
VERTEX
8
P01214
10
52.831998
20
242.400660
30
0.0
0
VERTEX
8
P01214
10
54.356001
20
242.400660
30
0.0
0
SEQEND
0
POLYLINE
8
P01215
66
1
70
0
0
VERTEX
8
P01215
10
52.916667
20
242.315991
30
0.0
0
VERTEX
8
P01215
10
54.440664
20
242.315991
30
0.0
0
SEQEND
0
POLYLINE
8
P01216
66
1
70
0
0
VERTEX
8
P01216
10
52.916667
20
242.231328
30
0.0
0
VERTEX
8
P01216
10
54.525332
20
242.231328
30
0.0
0
SEQEND
0
POLYLINE
8
P01217
66
1
70
0
0
VERTEX
8
P01217
10
52.916667
20
242.146659
30
0.0
0
VERTEX
8
P01217
10
54.610001
20
242.146659
30
0.0
0
SEQEND
0
POLYLINE
8
P01218
66
1
70
0
0
VERTEX
8
P01218
10
52.916667
20
242.061996
30
0.0
0
VERTEX
8
P01218
10
54.694664
20
242.061996
30
0.0
0
SEQEND
0
POLYLINE
8
P01219
66
1
70
0
0
VERTEX
8
P01219
10
53.001330
20
241.977327
30
0.0
0
VERTEX
8
P01219
10
54.779333
20
241.977327
30
0.0
0
SEQEND
0
POLYLINE
8
P01220
66
1
70
0
0
VERTEX
8
P01220
10
53.001330
20
241.892659
30
0.0
0
VERTEX
8
P01220
10
54.863996
20
241.892659
30
0.0
0
SEQEND
0
POLYLINE
8
P01221
66
1
70
0
0
VERTEX
8
P01221
10
53.001330
20
241.807995
30
0.0
0
VERTEX
8
P01221
10
54.948665
20
241.807995
30
0.0
0
SEQEND
0
POLYLINE
8
P01222
66
1
70
0
0
VERTEX
8
P01222
10
53.001330
20
241.723327
30
0.0
0
VERTEX
8
P01222
10
55.033333
20
241.723327
30
0.0
0
SEQEND
0
POLYLINE
8
P01223
66
1
70
0
0
VERTEX
8
P01223
10
53.001330
20
241.638658
30
0.0
0
VERTEX
8
P01223
10
55.117997
20
241.638658
30
0.0
0
SEQEND
0
POLYLINE
8
P01224
66
1
70
0
0
VERTEX
8
P01224
10
53.085998
20
241.553995
30
0.0
0
VERTEX
8
P01224
10
55.202665
20
241.553995
30
0.0
0
SEQEND
0
POLYLINE
8
P01225
66
1
70
0
0
VERTEX
8
P01225
10
53.170667
20
241.469326
30
0.0
0
VERTEX
8
P01225
10
55.287334
20
241.469326
30
0.0
0
SEQEND
0
POLYLINE
8
P01226
66
1
70
0
0
VERTEX
8
P01226
10
53.170667
20
241.384658
30
0.0
0
VERTEX
8
P01226
10
55.371997
20
241.384658
30
0.0
0
SEQEND
0
POLYLINE
8
P01227
66
1
70
0
0
VERTEX
8
P01227
10
53.255330
20
241.299995
30
0.0
0
VERTEX
8
P01227
10
55.456666
20
241.299995
30
0.0
0
SEQEND
0
POLYLINE
8
P01228
66
1
70
0
0
VERTEX
8
P01228
10
53.255330
20
241.215326
30
0.0
0
VERTEX
8
P01228
10
55.541334
20
241.215326
30
0.0
0
SEQEND
0
POLYLINE
8
P01229
66
1
70
0
0
VERTEX
8
P01229
10
53.339999
20
241.130663
30
0.0
0
VERTEX
8
P01229
10
55.625997
20
241.130663
30
0.0
0
SEQEND
0
POLYLINE
8
P01230
66
1
70
0
0
VERTEX
8
P01230
10
53.424668
20
241.045994
30
0.0
0
VERTEX
8
P01230
10
55.710666
20
241.045994
30
0.0
0
SEQEND
0
POLYLINE
8
P01231
66
1
70
0
0
VERTEX
8
P01231
10
53.424668
20
240.961326
30
0.0
0
VERTEX
8
P01231
10
55.795335
20
240.961326
30
0.0
0
SEQEND
0
POLYLINE
8
P01232
66
1
70
0
0
VERTEX
8
P01232
10
53.509331
20
240.876662
30
0.0
0
VERTEX
8
P01232
10
55.879998
20
240.876662
30
0.0
0
SEQEND
0
POLYLINE
8
P01233
66
1
70
0
0
VERTEX
8
P01233
10
53.509331
20
240.791994
30
0.0
0
VERTEX
8
P01233
10
55.964666
20
240.791994
30
0.0
0
SEQEND
0
POLYLINE
8
P01234
66
1
70
0
0
VERTEX
8
P01234
10
53.593999
20
240.707325
30
0.0
0
VERTEX
8
P01234
10
56.049330
20
240.707325
30
0.0
0
SEQEND
0
POLYLINE
8
P01235
66
1
70
0
0
VERTEX
8
P01235
10
53.593999
20
240.622662
30
0.0
0
VERTEX
8
P01235
10
56.133998
20
240.622662
30
0.0
0
SEQEND
0
POLYLINE
8
P01236
66
1
70
0
0
VERTEX
8
P01236
10
53.678668
20
240.537993
30
0.0
0
VERTEX
8
P01236
10
56.218667
20
240.537993
30
0.0
0
SEQEND
0
POLYLINE
8
P01237
66
1
70
0
0
VERTEX
8
P01237
10
53.763331
20
240.453325
30
0.0
0
VERTEX
8
P01237
10
56.303330
20
240.453325
30
0.0
0
SEQEND
0
POLYLINE
8
P01238
66
1
70
0
0
VERTEX
8
P01238
10
53.763331
20
240.368661
30
0.0
0
VERTEX
8
P01238
10
56.387999
20
240.368661
30
0.0
0
SEQEND
0
POLYLINE
8
P01239
66
1
70
0
0
VERTEX
8
P01239
10
53.848000
20
240.283993
30
0.0
0
VERTEX
8
P01239
10
56.472667
20
240.283993
30
0.0
0
SEQEND
0
POLYLINE
8
P01240
66
1
70
0
0
VERTEX
8
P01240
10
53.848000
20
240.199324
30
0.0
0
VERTEX
8
P01240
10
56.557331
20
240.199324
30
0.0
0
SEQEND
0
POLYLINE
8
P01241
66
1
70
0
0
VERTEX
8
P01241
10
53.932663
20
240.114661
30
0.0
0
VERTEX
8
P01241
10
56.641999
20
240.114661
30
0.0
0
SEQEND
0
POLYLINE
8
P01242
66
1
70
0
0
VERTEX
8
P01242
10
53.932663
20
240.029992
30
0.0
0
VERTEX
8
P01242
10
56.726668
20
240.029992
30
0.0
0
SEQEND
0
POLYLINE
8
P01243
66
1
70
0
0
VERTEX
8
P01243
10
54.017332
20
239.945329
30
0.0
0
VERTEX
8
P01243
10
56.811331
20
239.945329
30
0.0
0
SEQEND
0
POLYLINE
8
P01244
66
1
70
0
0
VERTEX
8
P01244
10
54.102000
20
239.860661
30
0.0
0
VERTEX
8
P01244
10
56.811331
20
239.860661
30
0.0
0
SEQEND
0
POLYLINE
8
P01245
66
1
70
0
0
VERTEX
8
P01245
10
54.102000
20
239.775992
30
0.0
0
VERTEX
8
P01245
10
56.726668
20
239.775992
30
0.0
0
SEQEND
0
POLYLINE
8
P01246
66
1
70
0
0
VERTEX
8
P01246
10
54.186663
20
239.691329
30
0.0
0
VERTEX
8
P01246
10
56.641999
20
239.691329
30
0.0
0
SEQEND
0
POLYLINE
8
P01247
66
1
70
0
0
VERTEX
8
P01247
10
54.186663
20
239.606660
30
0.0
0
VERTEX
8
P01247
10
56.557331
20
239.606660
30
0.0
0
SEQEND
0
POLYLINE
8
P01248
66
1
70
0
0
VERTEX
8
P01248
10
54.271332
20
239.521992
30
0.0
0
VERTEX
8
P01248
10
56.472667
20
239.521992
30
0.0
0
SEQEND
0
POLYLINE
8
P01249
66
1
70
0
0
VERTEX
8
P01249
10
54.356001
20
239.437328
30
0.0
0
VERTEX
8
P01249
10
56.303330
20
239.437328
30
0.0
0
SEQEND
0
POLYLINE
8
P01250
66
1
70
0
0
VERTEX
8
P01250
10
54.356001
20
239.352660
30
0.0
0
VERTEX
8
P01250
10
56.218667
20
239.352660
30
0.0
0
SEQEND
0
POLYLINE
8
P01251
66
1
70
0
0
VERTEX
8
P01251
10
54.440664
20
239.267991
30
0.0
0
VERTEX
8
P01251
10
56.133998
20
239.267991
30
0.0
0
SEQEND
0
POLYLINE
8
P01252
66
1
70
0
0
VERTEX
8
P01252
10
54.440664
20
239.183328
30
0.0
0
VERTEX
8
P01252
10
56.049330
20
239.183328
30
0.0
0
SEQEND
0
POLYLINE
8
P01253
66
1
70
0
0
VERTEX
8
P01253
10
54.525332
20
239.098659
30
0.0
0
VERTEX
8
P01253
10
55.879998
20
239.098659
30
0.0
0
SEQEND
0
POLYLINE
8
P01254
66
1
70
0
0
VERTEX
8
P01254
10
54.525332
20
239.013996
30
0.0
0
VERTEX
8
P01254
10
55.795335
20
239.013996
30
0.0
0
SEQEND
0
POLYLINE
8
P01255
66
1
70
0
0
VERTEX
8
P01255
10
54.610001
20
238.929328
30
0.0
0
VERTEX
8
P01255
10
55.625997
20
238.929328
30
0.0
0
SEQEND
0
POLYLINE
8
P01256
66
1
70
0
0
VERTEX
8
P01256
10
54.694664
20
238.844659
30
0.0
0
VERTEX
8
P01256
10
55.541334
20
238.844659
30
0.0
0
SEQEND
0
POLYLINE
8
P01257
66
1
70
0
0
VERTEX
8
P01257
10
54.694664
20
238.759996
30
0.0
0
VERTEX
8
P01257
10
55.371997
20
238.759996
30
0.0
0
SEQEND
0
POLYLINE
8
P01258
66
1
70
0
0
VERTEX
8
P01258
10
54.779333
20
238.675327
30
0.0
0
VERTEX
8
P01258
10
55.287334
20
238.675327
30
0.0
0
SEQEND
0
POLYLINE
8
P01259
66
1
70
0
0
VERTEX
8
P01259
10
54.779333
20
238.590658
30
0.0
0
VERTEX
8
P01259
10
55.117997
20
238.590658
30
0.0
0
SEQEND
0
POLYLINE
8
P01260
66
1
70
0
0
VERTEX
8
P01260
10
54.863996
20
238.505995
30
0.0
0
VERTEX
8
P01260
10
55.033333
20
238.505995
30
0.0
0
VERTEX
8
P01260
10
54.863996
20
238.505995
30
0.0
0
SEQEND
0
POLYLINE
8
P01261
66
1
70
0
0
VERTEX
8
P01261
10
52.577998
20
243.501325
30
0.0
0
VERTEX
8
P01261
10
56.049330
20
239.945329
30
0.0
0
VERTEX
8
P01261
10
52.577998
20
243.501325
30
0.0
0
SEQEND
0
POLYLINE
8
P01262
66
1
70
0
0
VERTEX
8
P01262
10
56.049330
20
239.945329
30
0.0
0
VERTEX
8
P01262
10
55.287334
20
239.945329
30
0.0
0
VERTEX
8
P01262
10
56.049330
20
239.945329
30
0.0
0
SEQEND
0
POLYLINE
8
P01263
66
1
70
0
0
VERTEX
8
P01263
10
55.287334
20
239.945329
30
0.0
0
VERTEX
8
P01263
10
55.033333
20
239.098659
30
0.0
0
VERTEX
8
P01263
10
55.287334
20
239.945329
30
0.0
0
SEQEND
0
POLYLINE
8
P01264
66
1
70
0
0
VERTEX
8
P01264
10
55.033333
20
239.098659
30
0.0
0
VERTEX
8
P01264
10
52.577998
20
243.501325
30
0.0
0
VERTEX
8
P01264
10
55.033333
20
239.098659
30
0.0
0
SEQEND
0
POLYLINE
8
P01265
66
1
70
0
0
VERTEX
8
P01265
10
52.916667
20
243.077992
30
0.0
0
VERTEX
8
P01265
10
53.001330
20
243.077992
30
0.0
0
VERTEX
8
P01265
10
53.085998
20
242.993329
30
0.0
0
VERTEX
8
P01265
10
53.170667
20
242.908660
30
0.0
0
VERTEX
8
P01265
10
53.255330
20
242.823992
30
0.0
0
SEQEND
0
POLYLINE
8
P01266
66
1
70
0
0
VERTEX
8
P01266
10
53.170667
20
242.739329
30
0.0
0
VERTEX
8
P01266
10
53.339999
20
242.739329
30
0.0
0
SEQEND
0
POLYLINE
8
P01267
66
1
70
0
0
VERTEX
8
P01267
10
53.255330
20
242.654660
30
0.0
0
VERTEX
8
P01267
10
53.424668
20
242.654660
30
0.0
0
SEQEND
0
POLYLINE
8
P01268
66
1
70
0
0
VERTEX
8
P01268
10
53.339999
20
242.569991
30
0.0
0
VERTEX
8
P01268
10
53.509331
20
242.569991
30
0.0
0
SEQEND
0
POLYLINE
8
P01269
66
1
70
0
0
VERTEX
8
P01269
10
53.424668
20
242.485328
30
0.0
0
VERTEX
8
P01269
10
53.593999
20
242.485328
30
0.0
0
SEQEND
0
POLYLINE
8
P01270
66
1
70
0
0
VERTEX
8
P01270
10
53.424668
20
242.400660
30
0.0
0
VERTEX
8
P01270
10
53.678668
20
242.400660
30
0.0
0
SEQEND
0
POLYLINE
8
P01271
66
1
70
0
0
VERTEX
8
P01271
10
53.509331
20
242.315991
30
0.0
0
VERTEX
8
P01271
10
53.763331
20
242.315991
30
0.0
0
SEQEND
0
POLYLINE
8
P01272
66
1
70
0
0
VERTEX
8
P01272
10
53.593999
20
242.231328
30
0.0
0
VERTEX
8
P01272
10
53.848000
20
242.231328
30
0.0
0
SEQEND
0
POLYLINE
8
P01273
66
1
70
0
0
VERTEX
8
P01273
10
53.678668
20
242.146659
30
0.0
0
VERTEX
8
P01273
10
53.932663
20
242.146659
30
0.0
0
SEQEND
0
POLYLINE
8
P01274
66
1
70
0
0
VERTEX
8
P01274
10
53.678668
20
242.061996
30
0.0
0
VERTEX
8
P01274
10
54.017332
20
242.061996
30
0.0
0
SEQEND
0
POLYLINE
8
P01275
66
1
70
0
0
VERTEX
8
P01275
10
53.763331
20
241.977327
30
0.0
0
VERTEX
8
P01275
10
54.102000
20
241.977327
30
0.0
0
SEQEND
0
POLYLINE
8
P01276
66
1
70
0
0
VERTEX
8
P01276
10
53.848000
20
241.892659
30
0.0
0
VERTEX
8
P01276
10
54.186663
20
241.892659
30
0.0
0
SEQEND
0
POLYLINE
8
P01277
66
1
70
0
0
VERTEX
8
P01277
10
53.932663
20
241.807995
30
0.0
0
VERTEX
8
P01277
10
54.271332
20
241.807995
30
0.0
0
SEQEND
0
POLYLINE
8
P01278
66
1
70
0
0
VERTEX
8
P01278
10
53.932663
20
241.723327
30
0.0
0
VERTEX
8
P01278
10
54.356001
20
241.723327
30
0.0
0
SEQEND
0
POLYLINE
8
P01279
66
1
70
0
0
VERTEX
8
P01279
10
54.017332
20
241.638658
30
0.0
0
VERTEX
8
P01279
10
54.440664
20
241.638658
30
0.0
0
SEQEND
0
POLYLINE
8
P01280
66
1
70
0
0
VERTEX
8
P01280
10
54.102000
20
241.553995
30
0.0
0
VERTEX
8
P01280
10
54.525332
20
241.553995
30
0.0
0
SEQEND
0
POLYLINE
8
P01281
66
1
70
0
0
VERTEX
8
P01281
10
54.186663
20
241.469326
30
0.0
0
VERTEX
8
P01281
10
54.610001
20
241.469326
30
0.0
0
SEQEND
0
POLYLINE
8
P01282
66
1
70
0
0
VERTEX
8
P01282
10
54.271332
20
241.384658
30
0.0
0
VERTEX
8
P01282
10
54.694664
20
241.384658
30
0.0
0
SEQEND
0
POLYLINE
8
P01283
66
1
70
0
0
VERTEX
8
P01283
10
54.271332
20
241.299995
30
0.0
0
VERTEX
8
P01283
10
54.779333
20
241.299995
30
0.0
0
SEQEND
0
POLYLINE
8
P01284
66
1
70
0
0
VERTEX
8
P01284
10
54.356001
20
241.215326
30
0.0
0
VERTEX
8
P01284
10
54.863996
20
241.215326
30
0.0
0
SEQEND
0
POLYLINE
8
P01285
66
1
70
0
0
VERTEX
8
P01285
10
54.440664
20
241.130663
30
0.0
0
VERTEX
8
P01285
10
54.948665
20
241.130663
30
0.0
0
SEQEND
0
POLYLINE
8
P01286
66
1
70
0
0
VERTEX
8
P01286
10
54.525332
20
241.045994
30
0.0
0
VERTEX
8
P01286
10
55.033333
20
241.045994
30
0.0
0
SEQEND
0
POLYLINE
8
P01287
66
1
70
0
0
VERTEX
8
P01287
10
54.525332
20
240.961326
30
0.0
0
VERTEX
8
P01287
10
55.117997
20
240.961326
30
0.0
0
SEQEND
0
POLYLINE
8
P01288
66
1
70
0
0
VERTEX
8
P01288
10
54.610001
20
240.876662
30
0.0
0
VERTEX
8
P01288
10
55.202665
20
240.876662
30
0.0
0
SEQEND
0
POLYLINE
8
P01289
66
1
70
0
0
VERTEX
8
P01289
10
54.694664
20
240.791994
30
0.0
0
VERTEX
8
P01289
10
55.287334
20
240.791994
30
0.0
0
SEQEND
0
POLYLINE
8
P01290
66
1
70
0
0
VERTEX
8
P01290
10
54.779333
20
240.707325
30
0.0
0
VERTEX
8
P01290
10
55.371997
20
240.707325
30
0.0
0
SEQEND
0
POLYLINE
8
P01291
66
1
70
0
0
VERTEX
8
P01291
10
54.779333
20
240.622662
30
0.0
0
VERTEX
8
P01291
10
55.456666
20
240.622662
30
0.0
0
SEQEND
0
POLYLINE
8
P01292
66
1
70
0
0
VERTEX
8
P01292
10
54.863996
20
240.537993
30
0.0
0
VERTEX
8
P01292
10
55.541334
20
240.537993
30
0.0
0
SEQEND
0
POLYLINE
8
P01293
66
1
70
0
0
VERTEX
8
P01293
10
54.948665
20
240.453325
30
0.0
0
VERTEX
8
P01293
10
55.625997
20
240.453325
30
0.0
0
SEQEND
0
POLYLINE
8
P01294
66
1
70
0
0
VERTEX
8
P01294
10
55.033333
20
240.368661
30
0.0
0
VERTEX
8
P01294
10
55.710666
20
240.368661
30
0.0
0
SEQEND
0
POLYLINE
8
P01295
66
1
70
0
0
VERTEX
8
P01295
10
55.033333
20
240.283993
30
0.0
0
VERTEX
8
P01295
10
55.795335
20
240.283993
30
0.0
0
SEQEND
0
POLYLINE
8
P01296
66
1
70
0
0
VERTEX
8
P01296
10
55.117997
20
240.199324
30
0.0
0
VERTEX
8
P01296
10
55.879998
20
240.199324
30
0.0
0
SEQEND
0
POLYLINE
8
P01297
66
1
70
0
0
VERTEX
8
P01297
10
55.202665
20
240.114661
30
0.0
0
VERTEX
8
P01297
10
55.964666
20
240.114661
30
0.0
0
SEQEND
0
POLYLINE
8
P01298
66
1
70
0
0
VERTEX
8
P01298
10
55.287334
20
240.029992
30
0.0
0
VERTEX
8
P01298
10
56.049330
20
240.029992
30
0.0
0
VERTEX
8
P01298
10
55.287334
20
240.029992
30
0.0
0
SEQEND
0
POLYLINE
8
P01299
66
1
70
0
0
VERTEX
8
P01299
10
52.747335
20
243.247329
30
0.0
0
VERTEX
8
P01299
10
52.831998
20
243.247329
30
0.0
0
VERTEX
8
P01299
10
52.916667
20
243.162661
30
0.0
0
SEQEND
0
POLYLINE
8
P01300
66
1
70
0
0
VERTEX
8
P01300
10
52.831998
20
243.077992
30
0.0
0
VERTEX
8
P01300
10
52.916667
20
243.077992
30
0.0
0
VERTEX
8
P01300
10
53.001330
20
242.993329
30
0.0
0
SEQEND
0
POLYLINE
8
P01301
66
1
70
0
0
VERTEX
8
P01301
10
52.916667
20
242.908660
30
0.0
0
VERTEX
8
P01301
10
53.085998
20
242.908660
30
0.0
0
SEQEND
0
POLYLINE
8
P01302
66
1
70
0
0
VERTEX
8
P01302
10
53.001330
20
242.823992
30
0.0
0
VERTEX
8
P01302
10
53.170667
20
242.823992
30
0.0
0
SEQEND
0
POLYLINE
8
P01303
66
1
70
0
0
VERTEX
8
P01303
10
53.085998
20
242.739329
30
0.0
0
VERTEX
8
P01303
10
53.170667
20
242.739329
30
0.0
0
SEQEND
0
POLYLINE
8
P01304
66
1
70
0
0
VERTEX
8
P01304
10
53.085998
20
242.654660
30
0.0
0
VERTEX
8
P01304
10
53.255330
20
242.654660
30
0.0
0
SEQEND
0
POLYLINE
8
P01305
66
1
70
0
0
VERTEX
8
P01305
10
53.170667
20
242.569991
30
0.0
0
VERTEX
8
P01305
10
53.339999
20
242.569991
30
0.0
0
SEQEND
0
POLYLINE
8
P01306
66
1
70
0
0
VERTEX
8
P01306
10
53.170667
20
242.485328
30
0.0
0
VERTEX
8
P01306
10
53.424668
20
242.485328
30
0.0
0
SEQEND
0
POLYLINE
8
P01307
66
1
70
0
0
VERTEX
8
P01307
10
53.255330
20
242.400660
30
0.0
0
VERTEX
8
P01307
10
53.424668
20
242.400660
30
0.0
0
SEQEND
0
POLYLINE
8
P01308
66
1
70
0
0
VERTEX
8
P01308
10
53.255330
20
242.315991
30
0.0
0
VERTEX
8
P01308
10
53.509331
20
242.315991
30
0.0
0
SEQEND
0
POLYLINE
8
P01309
66
1
70
0
0
VERTEX
8
P01309
10
53.339999
20
242.231328
30
0.0
0
VERTEX
8
P01309
10
53.593999
20
242.231328
30
0.0
0
SEQEND
0
POLYLINE
8
P01310
66
1
70
0
0
VERTEX
8
P01310
10
53.339999
20
242.146659
30
0.0
0
VERTEX
8
P01310
10
53.678668
20
242.146659
30
0.0
0
SEQEND
0
POLYLINE
8
P01311
66
1
70
0
0
VERTEX
8
P01311
10
53.424668
20
242.061996
30
0.0
0
VERTEX
8
P01311
10
53.678668
20
242.061996
30
0.0
0
SEQEND
0
POLYLINE
8
P01312
66
1
70
0
0
VERTEX
8
P01312
10
53.509331
20
241.977327
30
0.0
0
VERTEX
8
P01312
10
53.763331
20
241.977327
30
0.0
0
SEQEND
0
POLYLINE
8
P01313
66
1
70
0
0
VERTEX
8
P01313
10
53.509331
20
241.892659
30
0.0
0
VERTEX
8
P01313
10
53.848000
20
241.892659
30
0.0
0
SEQEND
0
POLYLINE
8
P01314
66
1
70
0
0
VERTEX
8
P01314
10
53.593999
20
241.807995
30
0.0
0
VERTEX
8
P01314
10
53.932663
20
241.807995
30
0.0
0
SEQEND
0
POLYLINE
8
P01315
66
1
70
0
0
VERTEX
8
P01315
10
53.593999
20
241.723327
30
0.0
0
VERTEX
8
P01315
10
53.932663
20
241.723327
30
0.0
0
SEQEND
0
POLYLINE
8
P01316
66
1
70
0
0
VERTEX
8
P01316
10
53.678668
20
241.638658
30
0.0
0
VERTEX
8
P01316
10
54.017332
20
241.638658
30
0.0
0
SEQEND
0
POLYLINE
8
P01317
66
1
70
0
0
VERTEX
8
P01317
10
53.678668
20
241.553995
30
0.0
0
VERTEX
8
P01317
10
54.102000
20
241.553995
30
0.0
0
SEQEND
0
POLYLINE
8
P01318
66
1
70
0
0
VERTEX
8
P01318
10
53.763331
20
241.469326
30
0.0
0
VERTEX
8
P01318
10
54.186663
20
241.469326
30
0.0
0
SEQEND
0
POLYLINE
8
P01319
66
1
70
0
0
VERTEX
8
P01319
10
53.763331
20
241.384658
30
0.0
0
VERTEX
8
P01319
10
54.271332
20
241.384658
30
0.0
0
SEQEND
0
POLYLINE
8
P01320
66
1
70
0
0
VERTEX
8
P01320
10
53.848000
20
241.299995
30
0.0
0
VERTEX
8
P01320
10
54.271332
20
241.299995
30
0.0
0
SEQEND
0
POLYLINE
8
P01321
66
1
70
0
0
VERTEX
8
P01321
10
53.932663
20
241.215326
30
0.0
0
VERTEX
8
P01321
10
54.356001
20
241.215326
30
0.0
0
SEQEND
0
POLYLINE
8
P01322
66
1
70
0
0
VERTEX
8
P01322
10
53.932663
20
241.130663
30
0.0
0
VERTEX
8
P01322
10
54.440664
20
241.130663
30
0.0
0
SEQEND
0
POLYLINE
8
P01323
66
1
70
0
0
VERTEX
8
P01323
10
54.017332
20
241.045994
30
0.0
0
VERTEX
8
P01323
10
54.525332
20
241.045994
30
0.0
0
SEQEND
0
POLYLINE
8
P01324
66
1
70
0
0
VERTEX
8
P01324
10
54.017332
20
240.961326
30
0.0
0
VERTEX
8
P01324
10
54.525332
20
240.961326
30
0.0
0
SEQEND
0
POLYLINE
8
P01325
66
1
70
0
0
VERTEX
8
P01325
10
54.102000
20
240.876662
30
0.0
0
VERTEX
8
P01325
10
54.610001
20
240.876662
30
0.0
0
SEQEND
0
POLYLINE
8
P01326
66
1
70
0
0
VERTEX
8
P01326
10
54.102000
20
240.791994
30
0.0
0
VERTEX
8
P01326
10
54.694664
20
240.791994
30
0.0
0
SEQEND
0
POLYLINE
8
P01327
66
1
70
0
0
VERTEX
8
P01327
10
54.186663
20
240.707325
30
0.0
0
VERTEX
8
P01327
10
54.779333
20
240.707325
30
0.0
0
SEQEND
0
POLYLINE
8
P01328
66
1
70
0
0
VERTEX
8
P01328
10
54.186663
20
240.622662
30
0.0
0
VERTEX
8
P01328
10
54.779333
20
240.622662
30
0.0
0
SEQEND
0
POLYLINE
8
P01329
66
1
70
0
0
VERTEX
8
P01329
10
54.271332
20
240.537993
30
0.0
0
VERTEX
8
P01329
10
54.863996
20
240.537993
30
0.0
0
SEQEND
0
POLYLINE
8
P01330
66
1
70
0
0
VERTEX
8
P01330
10
54.356001
20
240.453325
30
0.0
0
VERTEX
8
P01330
10
54.948665
20
240.453325
30
0.0
0
SEQEND
0
POLYLINE
8
P01331
66
1
70
0
0
VERTEX
8
P01331
10
54.356001
20
240.368661
30
0.0
0
VERTEX
8
P01331
10
55.033333
20
240.368661
30
0.0
0
SEQEND
0
POLYLINE
8
P01332
66
1
70
0
0
VERTEX
8
P01332
10
54.440664
20
240.283993
30
0.0
0
VERTEX
8
P01332
10
55.033333
20
240.283993
30
0.0
0
SEQEND
0
POLYLINE
8
P01333
66
1
70
0
0
VERTEX
8
P01333
10
54.440664
20
240.199324
30
0.0
0
VERTEX
8
P01333
10
55.117997
20
240.199324
30
0.0
0
SEQEND
0
POLYLINE
8
P01334
66
1
70
0
0
VERTEX
8
P01334
10
54.525332
20
240.114661
30
0.0
0
VERTEX
8
P01334
10
55.202665
20
240.114661
30
0.0
0
SEQEND
0
POLYLINE
8
P01335
66
1
70
0
0
VERTEX
8
P01335
10
54.525332
20
240.029992
30
0.0
0
VERTEX
8
P01335
10
55.287334
20
240.029992
30
0.0
0
SEQEND
0
POLYLINE
8
P01336
66
1
70
0
0
VERTEX
8
P01336
10
54.610001
20
239.945329
30
0.0
0
VERTEX
8
P01336
10
55.287334
20
239.945329
30
0.0
0
SEQEND
0
POLYLINE
8
P01337
66
1
70
0
0
VERTEX
8
P01337
10
54.610001
20
239.860661
30
0.0
0
VERTEX
8
P01337
10
55.287334
20
239.860661
30
0.0
0
SEQEND
0
POLYLINE
8
P01338
66
1
70
0
0
VERTEX
8
P01338
10
54.694664
20
239.775992
30
0.0
0
VERTEX
8
P01338
10
55.287334
20
239.775992
30
0.0
0
SEQEND
0
POLYLINE
8
P01339
66
1
70
0
0
VERTEX
8
P01339
10
54.779333
20
239.691329
30
0.0
0
VERTEX
8
P01339
10
55.287334
20
239.691329
30
0.0
0
SEQEND
0
POLYLINE
8
P01340
66
1
70
0
0
VERTEX
8
P01340
10
54.779333
20
239.606660
30
0.0
0
VERTEX
8
P01340
10
55.202665
20
239.606660
30
0.0
0
SEQEND
0
POLYLINE
8
P01341
66
1
70
0
0
VERTEX
8
P01341
10
54.863996
20
239.521992
30
0.0
0
VERTEX
8
P01341
10
55.202665
20
239.521992
30
0.0
0
SEQEND
0
POLYLINE
8
P01342
66
1
70
0
0
VERTEX
8
P01342
10
54.863996
20
239.437328
30
0.0
0
VERTEX
8
P01342
10
55.202665
20
239.437328
30
0.0
0
SEQEND
0
POLYLINE
8
P01343
66
1
70
0
0
VERTEX
8
P01343
10
54.948665
20
239.352660
30
0.0
0
VERTEX
8
P01343
10
55.117997
20
239.352660
30
0.0
0
SEQEND
0
POLYLINE
8
P01344
66
1
70
0
0
VERTEX
8
P01344
10
54.948665
20
239.267991
30
0.0
0
VERTEX
8
P01344
10
55.117997
20
239.267991
30
0.0
0
SEQEND
0
POLYLINE
8
P01345
66
1
70
0
0
VERTEX
8
P01345
10
55.033333
20
239.183328
30
0.0
0
VERTEX
8
P01345
10
55.117997
20
239.183328
30
0.0
0
VERTEX
8
P01345
10
55.033333
20
239.183328
30
0.0
0
SEQEND
0
POLYLINE
8
P01346
66
1
70
0
0
VERTEX
8
P01346
10
61.552665
20
231.563326
30
0.0
0
VERTEX
8
P01346
10
52.577998
20
243.501325
30
0.0
0
VERTEX
8
P01346
10
61.552665
20
231.563326
30
0.0
0
SEQEND
0
POLYLINE
8
P01347
66
1
70
0
0
VERTEX
8
P01347
10
50.207331
20
260.349992
30
0.0
0
VERTEX
8
P01347
10
50.376668
20
260.349992
30
0.0
0
SEQEND
0
POLYLINE
8
P01348
66
1
70
0
0
VERTEX
8
P01348
10
50.122667
20
260.265326
30
0.0
0
VERTEX
8
P01348
10
50.461331
20
260.265326
30
0.0
0
SEQEND
0
POLYLINE
8
P01349
66
1
70
0
0
VERTEX
8
P01349
10
49.953330
20
260.180660
30
0.0
0
VERTEX
8
P01349
10
50.546000
20
260.180660
30
0.0
0
SEQEND
0
POLYLINE
8
P01350
66
1
70
0
0
VERTEX
8
P01350
10
49.868667
20
260.095994
30
0.0
0
VERTEX
8
P01350
10
50.630668
20
260.095994
30
0.0
0
SEQEND
0
POLYLINE
8
P01351
66
1
70
0
0
VERTEX
8
P01351
10
49.783998
20
260.011326
30
0.0
0
VERTEX
8
P01351
10
50.630668
20
260.011326
30
0.0
0
SEQEND
0
POLYLINE
8
P01352
66
1
70
0
0
VERTEX
8
P01352
10
49.614666
20
259.926660
30
0.0
0
VERTEX
8
P01352
10
50.715331
20
259.926660
30
0.0
0
SEQEND
0
POLYLINE
8
P01353
66
1
70
0
0
VERTEX
8
P01353
10
49.529998
20
259.841994
30
0.0
0
VERTEX
8
P01353
10
50.800000
20
259.841994
30
0.0
0
SEQEND
0
POLYLINE
8
P01354
66
1
70
0
0
VERTEX
8
P01354
10
49.445335
20
259.757325
30
0.0
0
VERTEX
8
P01354
10
50.884663
20
259.757325
30
0.0
0
SEQEND
0
POLYLINE
8
P01355
66
1
70
0
0
VERTEX
8
P01355
10
49.275997
20
259.672659
30
0.0
0
VERTEX
8
P01355
10
50.884663
20
259.672659
30
0.0
0
SEQEND
0
POLYLINE
8
P01356
66
1
70
0
0
VERTEX
8
P01356
10
49.191334
20
259.587993
30
0.0
0
VERTEX
8
P01356
10
50.969332
20
259.587993
30
0.0
0
SEQEND
0
POLYLINE
8
P01357
66
1
70
0
0
VERTEX
8
P01357
10
49.106666
20
259.503327
30
0.0
0
VERTEX
8
P01357
10
51.054000
20
259.503327
30
0.0
0
SEQEND
0
POLYLINE
8
P01358
66
1
70
0
0
VERTEX
8
P01358
10
48.937334
20
259.418659
30
0.0
0
VERTEX
8
P01358
10
51.138664
20
259.418659
30
0.0
0
SEQEND
0
POLYLINE
8
P01359
66
1
70
0
0
VERTEX
8
P01359
10
48.852665
20
259.333993
30
0.0
0
VERTEX
8
P01359
10
51.138664
20
259.333993
30
0.0
0
SEQEND
0
POLYLINE
8
P01360
66
1
70
0
0
VERTEX
8
P01360
10
48.767997
20
259.249327
30
0.0
0
VERTEX
8
P01360
10
51.223332
20
259.249327
30
0.0
0
SEQEND
0
POLYLINE
8
P01361
66
1
70
0
0
VERTEX
8
P01361
10
48.598665
20
259.164661
30
0.0
0
VERTEX
8
P01361
10
51.308001
20
259.164661
30
0.0
0
SEQEND
0
POLYLINE
8
P01362
66
1
70
0
0
VERTEX
8
P01362
10
48.514002
20
259.079992
30
0.0
0
VERTEX
8
P01362
10
51.392664
20
259.079992
30
0.0
0
SEQEND
0
POLYLINE
8
P01363
66
1
70
0
0
VERTEX
8
P01363
10
48.429333
20
258.995327
30
0.0
0
VERTEX
8
P01363
10
51.392664
20
258.995327
30
0.0
0
SEQEND
0
POLYLINE
8
P01364
66
1
70
0
0
VERTEX
8
P01364
10
48.260001
20
258.910661
30
0.0
0
VERTEX
8
P01364
10
51.477333
20
258.910661
30
0.0
0
SEQEND
0
POLYLINE
8
P01365
66
1
70
0
0
VERTEX
8
P01365
10
48.175332
20
258.825992
30
0.0
0
VERTEX
8
P01365
10
51.562001
20
258.825992
30
0.0
0
SEQEND
0
POLYLINE
8
P01366
66
1
70
0
0
VERTEX
8
P01366
10
48.090664
20
258.741326
30
0.0
0
VERTEX
8
P01366
10
51.646665
20
258.741326
30
0.0
0
SEQEND
0
POLYLINE
8
P01367
66
1
70
0
0
VERTEX
8
P01367
10
47.921332
20
258.656660
30
0.0
0
VERTEX
8
P01367
10
51.646665
20
258.656660
30
0.0
0
SEQEND
0
POLYLINE
8
P01368
66
1
70
0
0
VERTEX
8
P01368
10
47.836663
20
258.571994
30
0.0
0
VERTEX
8
P01368
10
51.731333
20
258.571994
30
0.0
0
SEQEND
0
POLYLINE
8
P01369
66
1
70
0
0
VERTEX
8
P01369
10
47.752000
20
258.487326
30
0.0
0
VERTEX
8
P01369
10
51.815996
20
258.487326
30
0.0
0
SEQEND
0
POLYLINE
8
P01370
66
1
70
0
0
VERTEX
8
P01370
10
47.582663
20
258.402660
30
0.0
0
VERTEX
8
P01370
10
51.900665
20
258.402660
30
0.0
0
SEQEND
0
POLYLINE
8
P01371
66
1
70
0
0
VERTEX
8
P01371
10
47.498000
20
258.317994
30
0.0
0
VERTEX
8
P01371
10
51.900665
20
258.317994
30
0.0
0
SEQEND
0
POLYLINE
8
P01372
66
1
70
0
0
VERTEX
8
P01372
10
47.328668
20
258.233325
30
0.0
0
VERTEX
8
P01372
10
51.985334
20
258.233325
30
0.0
0
SEQEND
0
POLYLINE
8
P01373
66
1
70
0
0
VERTEX
8
P01373
10
47.243999
20
258.148659
30
0.0
0
VERTEX
8
P01373
10
52.069997
20
258.148659
30
0.0
0
SEQEND
0
POLYLINE
8
P01374
66
1
70
0
0
VERTEX
8
P01374
10
47.159331
20
258.063993
30
0.0
0
VERTEX
8
P01374
10
52.154665
20
258.063993
30
0.0
0
SEQEND
0
POLYLINE
8
P01375
66
1
70
0
0
VERTEX
8
P01375
10
46.989999
20
257.979328
30
0.0
0
VERTEX
8
P01375
10
52.154665
20
257.979328
30
0.0
0
SEQEND
0
POLYLINE
8
P01376
66
1
70
0
0
VERTEX
8
P01376
10
46.905330
20
257.894659
30
0.0
0
VERTEX
8
P01376
10
52.239334
20
257.894659
30
0.0
0
SEQEND
0
POLYLINE
8
P01377
66
1
70
0
0
VERTEX
8
P01377
10
46.820667
20
257.809993
30
0.0
0
VERTEX
8
P01377
10
52.323997
20
257.809993
30
0.0
0
SEQEND
0
POLYLINE
8
P01378
66
1
70
0
0
VERTEX
8
P01378
10
46.651330
20
257.725327
30
0.0
0
VERTEX
8
P01378
10
52.408666
20
257.725327
30
0.0
0
SEQEND
0
POLYLINE
8
P01379
66
1
70
0
0
VERTEX
8
P01379
10
46.566667
20
257.640658
30
0.0
0
VERTEX
8
P01379
10
52.408666
20
257.640658
30
0.0
0
SEQEND
0
POLYLINE
8
P01380
66
1
70
0
0
VERTEX
8
P01380
10
46.481998
20
257.555993
30
0.0
0
VERTEX
8
P01380
10
52.493334
20
257.555993
30
0.0
0
SEQEND
0
POLYLINE
8
P01381
66
1
70
0
0
VERTEX
8
P01381
10
46.312666
20
257.471327
30
0.0
0
VERTEX
8
P01381
10
52.577998
20
257.471327
30
0.0
0
SEQEND
0
POLYLINE
8
P01382
66
1
70
0
0
VERTEX
8
P01382
10
46.227998
20
257.386661
30
0.0
0
VERTEX
8
P01382
10
52.662666
20
257.386661
30
0.0
0
SEQEND
0
POLYLINE
8
P01383
66
1
70
0
0
VERTEX
8
P01383
10
46.143334
20
257.301992
30
0.0
0
VERTEX
8
P01383
10
52.662666
20
257.301992
30
0.0
0
SEQEND
0
POLYLINE
8
P01384
66
1
70
0
0
VERTEX
8
P01384
10
45.973997
20
257.217326
30
0.0
0
VERTEX
8
P01384
10
52.747335
20
257.217326
30
0.0
0
SEQEND
0
POLYLINE
8
P01385
66
1
70
0
0
VERTEX
8
P01385
10
45.889334
20
257.132660
30
0.0
0
VERTEX
8
P01385
10
52.831998
20
257.132660
30
0.0
0
SEQEND
0
POLYLINE
8
P01386
66
1
70
0
0
VERTEX
8
P01386
10
45.804665
20
257.047994
30
0.0
0
VERTEX
8
P01386
10
52.916667
20
257.047994
30
0.0
0
SEQEND
0
POLYLINE
8
P01387
66
1
70
0
0
VERTEX
8
P01387
10
45.635334
20
256.963326
30
0.0
0
VERTEX
8
P01387
10
52.916667
20
256.963326
30
0.0
0
SEQEND
0
POLYLINE
8
P01388
66
1
70
0
0
VERTEX
8
P01388
10
45.550665
20
256.878660
30
0.0
0
VERTEX
8
P01388
10
53.001330
20
256.878660
30
0.0
0
SEQEND
0
POLYLINE
8
P01389
66
1
70
0
0
VERTEX
8
P01389
10
45.465996
20
256.793994
30
0.0
0
VERTEX
8
P01389
10
53.085998
20
256.793994
30
0.0
0
SEQEND
0
POLYLINE
8
P01390
66
1
70
0
0
VERTEX
8
P01390
10
45.296665
20
256.709325
30
0.0
0
VERTEX
8
P01390
10
53.170667
20
256.709325
30
0.0
0
SEQEND
0
POLYLINE
8
P01391
66
1
70
0
0
VERTEX
8
P01391
10
45.212001
20
256.624659
30
0.0
0
VERTEX
8
P01391
10
53.170667
20
256.624659
30
0.0
0
SEQEND
0
POLYLINE
8
P01392
66
1
70
0
0
VERTEX
8
P01392
10
45.127333
20
256.539994
30
0.0
0
VERTEX
8
P01392
10
53.255330
20
256.539994
30
0.0
0
SEQEND
0
POLYLINE
8
P01393
66
1
70
0
0
VERTEX
8
P01393
10
44.957998
20
256.455328
30
0.0
0
VERTEX
8
P01393
10
53.339999
20
256.455328
30
0.0
0
SEQEND
0
POLYLINE
8
P01394
66
1
70
0
0
VERTEX
8
P01394
10
44.873332
20
256.370659
30
0.0
0
VERTEX
8
P01394
10
53.424668
20
256.370659
30
0.0
0
SEQEND
0
POLYLINE
8
P01395
66
1
70
0
0
VERTEX
8
P01395
10
44.788666
20
256.285993
30
0.0
0
VERTEX
8
P01395
10
53.424668
20
256.285993
30
0.0
0
SEQEND
0
POLYLINE
8
P01396
66
1
70
0
0
VERTEX
8
P01396
10
44.619332
20
256.201327
30
0.0
0
VERTEX
8
P01396
10
53.509331
20
256.201327
30
0.0
0
SEQEND
0
POLYLINE
8
P01397
66
1
70
0
0
VERTEX
8
P01397
10
44.534666
20
256.116659
30
0.0
0
VERTEX
8
P01397
10
53.593999
20
256.116659
30
0.0
0
SEQEND
0
POLYLINE
8
P01398
66
1
70
0
0
VERTEX
8
P01398
10
44.365331
20
256.031993
30
0.0
0
VERTEX
8
P01398
10
53.678668
20
256.031993
30
0.0
0
SEQEND
0
POLYLINE
8
P01399
66
1
70
0
0
VERTEX
8
P01399
10
44.450000
20
255.947327
30
0.0
0
VERTEX
8
P01399
10
53.678668
20
255.947327
30
0.0
0
SEQEND
0
POLYLINE
8
P01400
66
1
70
0
0
VERTEX
8
P01400
10
44.534666
20
255.862661
30
0.0
0
VERTEX
8
P01400
10
53.763331
20
255.862661
30
0.0
0
SEQEND
0
POLYLINE
8
P01401
66
1
70
0
0
VERTEX
8
P01401
10
44.619332
20
255.777992
30
0.0
0
VERTEX
8
P01401
10
53.848000
20
255.777992
30
0.0
0
SEQEND
0
POLYLINE
8
P01402
66
1
70
0
0
VERTEX
8
P01402
10
44.703998
20
255.693326
30
0.0
0
VERTEX
8
P01402
10
53.932663
20
255.693326
30
0.0
0
SEQEND
0
POLYLINE
8
P01403
66
1
70
0
0
VERTEX
8
P01403
10
44.703998
20
255.608660
30
0.0
0
VERTEX
8
P01403
10
53.932663
20
255.608660
30
0.0
0
SEQEND
0
POLYLINE
8
P01404
66
1
70
0
0
VERTEX
8
P01404
10
44.788666
20
255.523995
30
0.0
0
VERTEX
8
P01404
10
54.017332
20
255.523995
30
0.0
0
SEQEND
0
POLYLINE
8
P01405
66
1
70
0
0
VERTEX
8
P01405
10
44.873332
20
255.439326
30
0.0
0
VERTEX
8
P01405
10
54.102000
20
255.439326
30
0.0
0
SEQEND
0
POLYLINE
8
P01406
66
1
70
0
0
VERTEX
8
P01406
10
44.957998
20
255.354660
30
0.0
0
VERTEX
8
P01406
10
54.186663
20
255.354660
30
0.0
0
SEQEND
0
POLYLINE
8
P01407
66
1
70
0
0
VERTEX
8
P01407
10
44.957998
20
255.269994
30
0.0
0
VERTEX
8
P01407
10
54.186663
20
255.269994
30
0.0
0
SEQEND
0
POLYLINE
8
P01408
66
1
70
0
0
VERTEX
8
P01408
10
45.042667
20
255.185325
30
0.0
0
VERTEX
8
P01408
10
54.271332
20
255.185325
30
0.0
0
SEQEND
0
POLYLINE
8
P01409
66
1
70
0
0
VERTEX
8
P01409
10
45.127333
20
255.100660
30
0.0
0
VERTEX
8
P01409
10
54.356001
20
255.100660
30
0.0
0
SEQEND
0
POLYLINE
8
P01410
66
1
70
0
0
VERTEX
8
P01410
10
45.212001
20
255.015994
30
0.0
0
VERTEX
8
P01410
10
54.440664
20
255.015994
30
0.0
0
SEQEND
0
POLYLINE
8
P01411
66
1
70
0
0
VERTEX
8
P01411
10
45.212001
20
254.931328
30
0.0
0
VERTEX
8
P01411
10
54.440664
20
254.931328
30
0.0
0
SEQEND
0
POLYLINE
8
P01412
66
1
70
0
0
VERTEX
8
P01412
10
45.296665
20
254.846659
30
0.0
0
VERTEX
8
P01412
10
54.525332
20
254.846659
30
0.0
0
SEQEND
0
POLYLINE
8
P01413
66
1
70
0
0
VERTEX
8
P01413
10
45.381333
20
254.761993
30
0.0
0
VERTEX
8
P01413
10
54.610001
20
254.761993
30
0.0
0
SEQEND
0
POLYLINE
8
P01414
66
1
70
0
0
VERTEX
8
P01414
10
45.465996
20
254.677327
30
0.0
0
VERTEX
8
P01414
10
54.694664
20
254.677327
30
0.0
0
SEQEND
0
POLYLINE
8
P01415
66
1
70
0
0
VERTEX
8
P01415
10
45.465996
20
254.592659
30
0.0
0
VERTEX
8
P01415
10
54.694664
20
254.592659
30
0.0
0
SEQEND
0
POLYLINE
8
P01416
66
1
70
0
0
VERTEX
8
P01416
10
45.550665
20
254.507993
30
0.0
0
VERTEX
8
P01416
10
54.779333
20
254.507993
30
0.0
0
SEQEND
0
POLYLINE
8
P01417
66
1
70
0
0
VERTEX
8
P01417
10
45.635334
20
254.423327
30
0.0
0
VERTEX
8
P01417
10
54.863996
20
254.423327
30
0.0
0
SEQEND
0
POLYLINE
8
P01418
66
1
70
0
0
VERTEX
8
P01418
10
45.719997
20
254.338661
30
0.0
0
VERTEX
8
P01418
10
54.948665
20
254.338661
30
0.0
0
SEQEND
0
POLYLINE
8
P01419
66
1
70
0
0
VERTEX
8
P01419
10
45.719997
20
254.253992
30
0.0
0
VERTEX
8
P01419
10
54.948665
20
254.253992
30
0.0
0
SEQEND
0
POLYLINE
8
P01420
66
1
70
0
0
VERTEX
8
P01420
10
45.804665
20
254.169326
30
0.0
0
VERTEX
8
P01420
10
55.033333
20
254.169326
30
0.0
0
SEQEND
0
POLYLINE
8
P01421
66
1
70
0
0
VERTEX
8
P01421
10
45.889334
20
254.084661
30
0.0
0
VERTEX
8
P01421
10
55.117997
20
254.084661
30
0.0
0
SEQEND
0
POLYLINE
8
P01422
66
1
70
0
0
VERTEX
8
P01422
10
45.973997
20
253.999992
30
0.0
0
VERTEX
8
P01422
10
55.202665
20
253.999992
30
0.0
0
SEQEND
0
POLYLINE
8
P01423
66
1
70
0
0
VERTEX
8
P01423
10
45.973997
20
253.915326
30
0.0
0
VERTEX
8
P01423
10
55.202665
20
253.915326
30
0.0
0
SEQEND
0
POLYLINE
8
P01424
66
1
70
0
0
VERTEX
8
P01424
10
46.058666
20
253.830660
30
0.0
0
VERTEX
8
P01424
10
55.287334
20
253.830660
30
0.0
0
SEQEND
0
POLYLINE
8
P01425
66
1
70
0
0
VERTEX
8
P01425
10
46.143334
20
253.745994
30
0.0
0
VERTEX
8
P01425
10
55.371997
20
253.745994
30
0.0
0
SEQEND
0
POLYLINE
8
P01426
66
1
70
0
0
VERTEX
8
P01426
10
46.227998
20
253.661326
30
0.0
0
VERTEX
8
P01426
10
55.456666
20
253.661326
30
0.0
0
SEQEND
0
POLYLINE
8
P01427
66
1
70
0
0
VERTEX
8
P01427
10
46.227998
20
253.576660
30
0.0
0
VERTEX
8
P01427
10
55.456666
20
253.576660
30
0.0
0
SEQEND
0
POLYLINE
8
P01428
66
1
70
0
0
VERTEX
8
P01428
10
46.312666
20
253.491994
30
0.0
0
VERTEX
8
P01428
10
55.541334
20
253.491994
30
0.0
0
SEQEND
0
POLYLINE
8
P01429
66
1
70
0
0
VERTEX
8
P01429
10
46.397335
20
253.407328
30
0.0
0
VERTEX
8
P01429
10
55.625997
20
253.407328
30
0.0
0
SEQEND
0
POLYLINE
8
P01430
66
1
70
0
0
VERTEX
8
P01430
10
46.481998
20
253.322659
30
0.0
0
VERTEX
8
P01430
10
55.710666
20
253.322659
30
0.0
0
SEQEND
0
POLYLINE
8
P01431
66
1
70
0
0
VERTEX
8
P01431
10
46.481998
20
253.237993
30
0.0
0
VERTEX
8
P01431
10
55.710666
20
253.237993
30
0.0
0
SEQEND
0
POLYLINE
8
P01432
66
1
70
0
0
VERTEX
8
P01432
10
46.566667
20
253.153327
30
0.0
0
VERTEX
8
P01432
10
55.795335
20
253.153327
30
0.0
0
SEQEND
0
POLYLINE
8
P01433
66
1
70
0
0
VERTEX
8
P01433
10
46.651330
20
253.068659
30
0.0
0
VERTEX
8
P01433
10
55.879998
20
253.068659
30
0.0
0
SEQEND
0
POLYLINE
8
P01434
66
1
70
0
0
VERTEX
8
P01434
10
46.735998
20
252.983993
30
0.0
0
VERTEX
8
P01434
10
55.964666
20
252.983993
30
0.0
0
SEQEND
0
POLYLINE
8
P01435
66
1
70
0
0
VERTEX
8
P01435
10
46.735998
20
252.899324
30
0.0
0
VERTEX
8
P01435
10
55.964666
20
252.899324
30
0.0
0
SEQEND
0
POLYLINE
8
P01436
66
1
70
0
0
VERTEX
8
P01436
10
46.820667
20
252.814661
30
0.0
0
VERTEX
8
P01436
10
56.049330
20
252.814661
30
0.0
0
SEQEND
0
POLYLINE
8
P01437
66
1
70
0
0
VERTEX
8
P01437
10
46.905330
20
252.729992
30
0.0
0
VERTEX
8
P01437
10
56.133998
20
252.729992
30
0.0
0
SEQEND
0
POLYLINE
8
P01438
66
1
70
0
0
VERTEX
8
P01438
10
46.989999
20
252.645329
30
0.0
0
VERTEX
8
P01438
10
56.218667
20
252.645329
30
0.0
0
SEQEND
0
POLYLINE
8
P01439
66
1
70
0
0
VERTEX
8
P01439
10
46.989999
20
252.560661
30
0.0
0
VERTEX
8
P01439
10
56.218667
20
252.560661
30
0.0
0
SEQEND
0
POLYLINE
8
P01440
66
1
70
0
0
VERTEX
8
P01440
10
47.074668
20
252.475992
30
0.0
0
VERTEX
8
P01440
10
56.133998
20
252.475992
30
0.0
0
SEQEND
0
POLYLINE
8
P01441
66
1
70
0
0
VERTEX
8
P01441
10
47.159331
20
252.391329
30
0.0
0
VERTEX
8
P01441
10
56.049330
20
252.391329
30
0.0
0
SEQEND
0
POLYLINE
8
P01442
66
1
70
0
0
VERTEX
8
P01442
10
47.243999
20
252.306660
30
0.0
0
VERTEX
8
P01442
10
55.879998
20
252.306660
30
0.0
0
SEQEND
0
POLYLINE
8
P01443
66
1
70
0
0
VERTEX
8
P01443
10
47.243999
20
252.221992
30
0.0
0
VERTEX
8
P01443
10
55.795335
20
252.221992
30
0.0
0
SEQEND
0
POLYLINE
8
P01444
66
1
70
0
0
VERTEX
8
P01444
10
47.328668
20
252.137328
30
0.0
0
VERTEX
8
P01444
10
55.710666
20
252.137328
30
0.0
0
SEQEND
0
POLYLINE
8
P01445
66
1
70
0
0
VERTEX
8
P01445
10
47.413331
20
252.052660
30
0.0
0
VERTEX
8
P01445
10
55.541334
20
252.052660
30
0.0
0
SEQEND
0
POLYLINE
8
P01446
66
1
70
0
0
VERTEX
8
P01446
10
47.498000
20
251.967991
30
0.0
0
VERTEX
8
P01446
10
55.456666
20
251.967991
30
0.0
0
SEQEND
0
POLYLINE
8
P01447
66
1
70
0
0
VERTEX
8
P01447
10
47.498000
20
251.883328
30
0.0
0
VERTEX
8
P01447
10
55.371997
20
251.883328
30
0.0
0
SEQEND
0
POLYLINE
8
P01448
66
1
70
0
0
VERTEX
8
P01448
10
47.582663
20
251.798659
30
0.0
0
VERTEX
8
P01448
10
55.202665
20
251.798659
30
0.0
0
SEQEND
0
POLYLINE
8
P01449
66
1
70
0
0
VERTEX
8
P01449
10
47.667332
20
251.713991
30
0.0
0
VERTEX
8
P01449
10
55.117997
20
251.713991
30
0.0
0
SEQEND
0
POLYLINE
8
P01450
66
1
70
0
0
VERTEX
8
P01450
10
47.752000
20
251.629328
30
0.0
0
VERTEX
8
P01450
10
55.033333
20
251.629328
30
0.0
0
SEQEND
0
POLYLINE
8
P01451
66
1
70
0
0
VERTEX
8
P01451
10
47.752000
20
251.544659
30
0.0
0
VERTEX
8
P01451
10
54.863996
20
251.544659
30
0.0
0
SEQEND
0
POLYLINE
8
P01452
66
1
70
0
0
VERTEX
8
P01452
10
47.836663
20
251.459996
30
0.0
0
VERTEX
8
P01452
10
54.779333
20
251.459996
30
0.0
0
SEQEND
0
POLYLINE
8
P01453
66
1
70
0
0
VERTEX
8
P01453
10
47.921332
20
251.375327
30
0.0
0
VERTEX
8
P01453
10
54.694664
20
251.375327
30
0.0
0
SEQEND
0
POLYLINE
8
P01454
66
1
70
0
0
VERTEX
8
P01454
10
48.006001
20
251.290658
30
0.0
0
VERTEX
8
P01454
10
54.525332
20
251.290658
30
0.0
0
SEQEND
0
POLYLINE
8
P01455
66
1
70
0
0
VERTEX
8
P01455
10
48.006001
20
251.205995
30
0.0
0
VERTEX
8
P01455
10
54.440664
20
251.205995
30
0.0
0
SEQEND
0
POLYLINE
8
P01456
66
1
70
0
0
VERTEX
8
P01456
10
48.090664
20
251.121327
30
0.0
0
VERTEX
8
P01456
10
54.356001
20
251.121327
30
0.0
0
SEQEND
0
POLYLINE
8
P01457
66
1
70
0
0
VERTEX
8
P01457
10
48.175332
20
251.036658
30
0.0
0
VERTEX
8
P01457
10
54.186663
20
251.036658
30
0.0
0
SEQEND
0
POLYLINE
8
P01458
66
1
70
0
0
VERTEX
8
P01458
10
48.260001
20
250.951995
30
0.0
0
VERTEX
8
P01458
10
54.102000
20
250.951995
30
0.0
0
SEQEND
0
POLYLINE
8
P01459
66
1
70
0
0
VERTEX
8
P01459
10
48.260001
20
250.867326
30
0.0
0
VERTEX
8
P01459
10
54.017332
20
250.867326
30
0.0
0
SEQEND
0
POLYLINE
8
P01460
66
1
70
0
0
VERTEX
8
P01460
10
48.344664
20
250.782658
30
0.0
0
VERTEX
8
P01460
10
53.848000
20
250.782658
30
0.0
0
SEQEND
0
POLYLINE
8
P01461
66
1
70
0
0
VERTEX
8
P01461
10
48.429333
20
250.697994
30
0.0
0
VERTEX
8
P01461
10
53.763331
20
250.697994
30
0.0
0
SEQEND
0
POLYLINE
8
P01462
66
1
70
0
0
VERTEX
8
P01462
10
48.514002
20
250.613326
30
0.0
0
VERTEX
8
P01462
10
53.678668
20
250.613326
30
0.0
0
SEQEND
0
POLYLINE
8
P01463
66
1
70
0
0
VERTEX
8
P01463
10
48.514002
20
250.528663
30
0.0
0
VERTEX
8
P01463
10
53.509331
20
250.528663
30
0.0
0
SEQEND
0
POLYLINE
8
P01464
66
1
70
0
0
VERTEX
8
P01464
10
48.598665
20
250.443994
30
0.0
0
VERTEX
8
P01464
10
53.424668
20
250.443994
30
0.0
0
SEQEND
0
POLYLINE
8
P01465
66
1
70
0
0
VERTEX
8
P01465
10
48.683333
20
250.359325
30
0.0
0
VERTEX
8
P01465
10
53.255330
20
250.359325
30
0.0
0
SEQEND
0
POLYLINE
8
P01466
66
1
70
0
0
VERTEX
8
P01466
10
48.767997
20
250.274662
30
0.0
0
VERTEX
8
P01466
10
53.170667
20
250.274662
30
0.0
0
SEQEND
0
POLYLINE
8
P01467
66
1
70
0
0
VERTEX
8
P01467
10
48.767997
20
250.189994
30
0.0
0
VERTEX
8
P01467
10
53.085998
20
250.189994
30
0.0
0
SEQEND
0
POLYLINE
8
P01468
66
1
70
0
0
VERTEX
8
P01468
10
48.852665
20
250.105325
30
0.0
0
VERTEX
8
P01468
10
52.916667
20
250.105325
30
0.0
0
SEQEND
0
POLYLINE
8
P01469
66
1
70
0
0
VERTEX
8
P01469
10
48.937334
20
250.020662
30
0.0
0
VERTEX
8
P01469
10
52.831998
20
250.020662
30
0.0
0
SEQEND
0
POLYLINE
8
P01470
66
1
70
0
0
VERTEX
8
P01470
10
49.021997
20
249.935993
30
0.0
0
VERTEX
8
P01470
10
52.747335
20
249.935993
30
0.0
0
SEQEND
0
POLYLINE
8
P01471
66
1
70
0
0
VERTEX
8
P01471
10
49.021997
20
249.851325
30
0.0
0
VERTEX
8
P01471
10
52.577998
20
249.851325
30
0.0
0
SEQEND
0
POLYLINE
8
P01472
66
1
70
0
0
VERTEX
8
P01472
10
49.106666
20
249.766661
30
0.0
0
VERTEX
8
P01472
10
52.493334
20
249.766661
30
0.0
0
SEQEND
0
POLYLINE
8
P01473
66
1
70
0
0
VERTEX
8
P01473
10
49.191334
20
249.681993
30
0.0
0
VERTEX
8
P01473
10
52.408666
20
249.681993
30
0.0
0
SEQEND
0
POLYLINE
8
P01474
66
1
70
0
0
VERTEX
8
P01474
10
49.275997
20
249.597324
30
0.0
0
VERTEX
8
P01474
10
52.239334
20
249.597324
30
0.0
0
SEQEND
0
POLYLINE
8
P01475
66
1
70
0
0
VERTEX
8
P01475
10
49.275997
20
249.512661
30
0.0
0
VERTEX
8
P01475
10
52.154665
20
249.512661
30
0.0
0
SEQEND
0
POLYLINE
8
P01476
66
1
70
0
0
VERTEX
8
P01476
10
49.360666
20
249.427992
30
0.0
0
VERTEX
8
P01476
10
52.069997
20
249.427992
30
0.0
0
SEQEND
0
POLYLINE
8
P01477
66
1
70
0
0
VERTEX
8
P01477
10
49.445335
20
249.343329
30
0.0
0
VERTEX
8
P01477
10
51.900665
20
249.343329
30
0.0
0
SEQEND
0
POLYLINE
8
P01478
66
1
70
0
0
VERTEX
8
P01478
10
49.529998
20
249.258660
30
0.0
0
VERTEX
8
P01478
10
51.815996
20
249.258660
30
0.0
0
SEQEND
0
POLYLINE
8
P01479
66
1
70
0
0
VERTEX
8
P01479
10
49.529998
20
249.173992
30
0.0
0
VERTEX
8
P01479
10
51.731333
20
249.173992
30
0.0
0
SEQEND
0
POLYLINE
8
P01480
66
1
70
0
0
VERTEX
8
P01480
10
49.614666
20
249.089329
30
0.0
0
VERTEX
8
P01480
10
51.562001
20
249.089329
30
0.0
0
SEQEND
0
POLYLINE
8
P01481
66
1
70
0
0
VERTEX
8
P01481
10
49.699330
20
249.004660
30
0.0
0
VERTEX
8
P01481
10
51.477333
20
249.004660
30
0.0
0
SEQEND
0
POLYLINE
8
P01482
66
1
70
0
0
VERTEX
8
P01482
10
49.783998
20
248.919991
30
0.0
0
VERTEX
8
P01482
10
51.392664
20
248.919991
30
0.0
0
SEQEND
0
POLYLINE
8
P01483
66
1
70
0
0
VERTEX
8
P01483
10
49.783998
20
248.835328
30
0.0
0
VERTEX
8
P01483
10
51.223332
20
248.835328
30
0.0
0
SEQEND
0
POLYLINE
8
P01484
66
1
70
0
0
VERTEX
8
P01484
10
49.868667
20
248.750660
30
0.0
0
VERTEX
8
P01484
10
51.138664
20
248.750660
30
0.0
0
SEQEND
0
POLYLINE
8
P01485
66
1
70
0
0
VERTEX
8
P01485
10
49.953330
20
248.665991
30
0.0
0
VERTEX
8
P01485
10
51.054000
20
248.665991
30
0.0
0
SEQEND
0
POLYLINE
8
P01486
66
1
70
0
0
VERTEX
8
P01486
10
50.037999
20
248.581328
30
0.0
0
VERTEX
8
P01486
10
50.884663
20
248.581328
30
0.0
0
SEQEND
0
POLYLINE
8
P01487
66
1
70
0
0
VERTEX
8
P01487
10
50.037999
20
248.496659
30
0.0
0
VERTEX
8
P01487
10
50.800000
20
248.496659
30
0.0
0
SEQEND
0
POLYLINE
8
P01488
66
1
70
0
0
VERTEX
8
P01488
10
50.122667
20
248.411996
30
0.0
0
VERTEX
8
P01488
10
50.715331
20
248.411996
30
0.0
0
SEQEND
0
POLYLINE
8
P01489
66
1
70
0
0
VERTEX
8
P01489
10
50.207331
20
248.327327
30
0.0
0
VERTEX
8
P01489
10
50.546000
20
248.327327
30
0.0
0
SEQEND
0
POLYLINE
8
P01490
66
1
70
0
0
VERTEX
8
P01490
10
50.291999
20
248.242659
30
0.0
0
VERTEX
8
P01490
10
50.461331
20
248.242659
30
0.0
0
VERTEX
8
P01490
10
50.291999
20
248.242659
30
0.0
0
SEQEND
0
POLYLINE
8
P01491
66
1
70
0
0
VERTEX
8
P01491
10
169.079333
20
228.853995
30
0.0
0
VERTEX
8
P01491
10
169.248659
20
228.853995
30
0.0
0
SEQEND
0
POLYLINE
8
P01492
66
1
70
0
0
VERTEX
8
P01492
10
168.909996
20
228.769326
30
0.0
0
VERTEX
8
P01492
10
169.248659
20
228.769326
30
0.0
0
SEQEND
0
POLYLINE
8
P01493
66
1
70
0
0
VERTEX
8
P01493
10
168.740658
20
228.684658
30
0.0
0
VERTEX
8
P01493
10
169.163996
20
228.684658
30
0.0
0
SEQEND
0
POLYLINE
8
P01494
66
1
70
0
0
VERTEX
8
P01494
10
168.571332
20
228.599995
30
0.0
0
VERTEX
8
P01494
10
169.163996
20
228.599995
30
0.0
0
SEQEND
0
POLYLINE
8
P01495
66
1
70
0
0
VERTEX
8
P01495
10
168.401995
20
228.515326
30
0.0
0
VERTEX
8
P01495
10
169.163996
20
228.515326
30
0.0
0
SEQEND
0
POLYLINE
8
P01496
66
1
70
0
0
VERTEX
8
P01496
10
168.232658
20
228.430663
30
0.0
0
VERTEX
8
P01496
10
169.079333
20
228.430663
30
0.0
0
SEQEND
0
POLYLINE
8
P01497
66
1
70
0
0
VERTEX
8
P01497
10
168.063331
20
228.345994
30
0.0
0
VERTEX
8
P01497
10
169.079333
20
228.345994
30
0.0
0
SEQEND
0
POLYLINE
8
P01498
66
1
70
0
0
VERTEX
8
P01498
10
167.893994
20
228.261326
30
0.0
0
VERTEX
8
P01498
10
169.079333
20
228.261326
30
0.0
0
SEQEND
0
POLYLINE
8
P01499
66
1
70
0
0
VERTEX
8
P01499
10
167.724668
20
228.176662
30
0.0
0
VERTEX
8
P01499
10
168.994659
20
228.176662
30
0.0
0
SEQEND
0
POLYLINE
8
P01500
66
1
70
0
0
VERTEX
8
P01500
10
167.470667
20
228.091994
30
0.0
0
VERTEX
8
P01500
10
168.994659
20
228.091994
30
0.0
0
SEQEND
0
POLYLINE
8
P01501
66
1
70
0
0
VERTEX
8
P01501
10
167.385993
20
228.007325
30
0.0
0
VERTEX
8
P01501
10
168.909996
20
228.007325
30
0.0
0
SEQEND
0
POLYLINE
8
P01502
66
1
70
0
0
VERTEX
8
P01502
10
167.301330
20
227.922662
30
0.0
0
VERTEX
8
P01502
10
168.909996
20
227.922662
30
0.0
0
SEQEND
0
POLYLINE
8
P01503
66
1
70
0
0
VERTEX
8
P01503
10
167.216667
20
227.837993
30
0.0
0
VERTEX
8
P01503
10
168.909996
20
227.837993
30
0.0
0
SEQEND
0
POLYLINE
8
P01504
66
1
70
0
0
VERTEX
8
P01504
10
167.131993
20
227.753325
30
0.0
0
VERTEX
8
P01504
10
168.825332
20
227.753325
30
0.0
0
SEQEND
0
POLYLINE
8
P01505
66
1
70
0
0
VERTEX
8
P01505
10
167.047329
20
227.668661
30
0.0
0
VERTEX
8
P01505
10
168.825332
20
227.668661
30
0.0
0
SEQEND
0
POLYLINE
8
P01506
66
1
70
0
0
VERTEX
8
P01506
10
166.962666
20
227.583993
30
0.0
0
VERTEX
8
P01506
10
168.825332
20
227.583993
30
0.0
0
SEQEND
0
POLYLINE
8
P01507
66
1
70
0
0
VERTEX
8
P01507
10
166.877992
20
227.499330
30
0.0
0
VERTEX
8
P01507
10
168.740658
20
227.499330
30
0.0
0
SEQEND
0
POLYLINE
8
P01508
66
1
70
0
0
VERTEX
8
P01508
10
166.708666
20
227.414661
30
0.0
0
VERTEX
8
P01508
10
168.740658
20
227.414661
30
0.0
0
SEQEND
0
POLYLINE
8
P01509
66
1
70
0
0
VERTEX
8
P01509
10
166.623992
20
227.329992
30
0.0
0
VERTEX
8
P01509
10
168.740658
20
227.329992
30
0.0
0
SEQEND
0
POLYLINE
8
P01510
66
1
70
0
0
VERTEX
8
P01510
10
166.539329
20
227.245329
30
0.0
0
VERTEX
8
P01510
10
168.655995
20
227.245329
30
0.0
0
SEQEND
0
POLYLINE
8
P01511
66
1
70
0
0
VERTEX
8
P01511
10
166.454665
20
227.160661
30
0.0
0
VERTEX
8
P01511
10
168.655995
20
227.160661
30
0.0
0
SEQEND
0
POLYLINE
8
P01512
66
1
70
0
0
VERTEX
8
P01512
10
166.369991
20
227.075992
30
0.0
0
VERTEX
8
P01512
10
168.571332
20
227.075992
30
0.0
0
SEQEND
0
POLYLINE
8
P01513
66
1
70
0
0
VERTEX
8
P01513
10
166.285328
20
226.991329
30
0.0
0
VERTEX
8
P01513
10
168.571332
20
226.991329
30
0.0
0
SEQEND
0
POLYLINE
8
P01514
66
1
70
0
0
VERTEX
8
P01514
10
166.200665
20
226.906660
30
0.0
0
VERTEX
8
P01514
10
168.486658
20
226.906660
30
0.0
0
SEQEND
0
POLYLINE
8
P01515
66
1
70
0
0
VERTEX
8
P01515
10
166.031328
20
226.821992
30
0.0
0
VERTEX
8
P01515
10
168.401995
20
226.821992
30
0.0
0
SEQEND
0
POLYLINE
8
P01516
66
1
70
0
0
VERTEX
8
P01516
10
165.946665
20
226.737328
30
0.0
0
VERTEX
8
P01516
10
168.401995
20
226.737328
30
0.0
0
SEQEND
0
POLYLINE
8
P01517
66
1
70
0
0
VERTEX
8
P01517
10
165.862001
20
226.652660
30
0.0
0
VERTEX
8
P01517
10
168.317332
20
226.652660
30
0.0
0
SEQEND
0
POLYLINE
8
P01518
66
1
70
0
0
VERTEX
8
P01518
10
165.777327
20
226.567991
30
0.0
0
VERTEX
8
P01518
10
168.232658
20
226.567991
30
0.0
0
SEQEND
0
POLYLINE
8
P01519
66
1
70
0
0
VERTEX
8
P01519
10
165.692664
20
226.483328
30
0.0
0
VERTEX
8
P01519
10
168.232658
20
226.483328
30
0.0
0
SEQEND
0
POLYLINE
8
P01520
66
1
70
0
0
VERTEX
8
P01520
10
165.608001
20
226.398659
30
0.0
0
VERTEX
8
P01520
10
168.147994
20
226.398659
30
0.0
0
SEQEND
0
POLYLINE
8
P01521
66
1
70
0
0
VERTEX
8
P01521
10
165.523327
20
226.313996
30
0.0
0
VERTEX
8
P01521
10
168.063331
20
226.313996
30
0.0
0
SEQEND
0
POLYLINE
8
P01522
66
1
70
0
0
VERTEX
8
P01522
10
165.354000
20
226.229328
30
0.0
0
VERTEX
8
P01522
10
168.063331
20
226.229328
30
0.0
0
SEQEND
0
POLYLINE
8
P01523
66
1
70
0
0
VERTEX
8
P01523
10
165.269326
20
226.144659
30
0.0
0
VERTEX
8
P01523
10
167.978668
20
226.144659
30
0.0
0
SEQEND
0
POLYLINE
8
P01524
66
1
70
0
0
VERTEX
8
P01524
10
165.184663
20
226.059996
30
0.0
0
VERTEX
8
P01524
10
167.893994
20
226.059996
30
0.0
0
SEQEND
0
POLYLINE
8
P01525
66
1
70
0
0
VERTEX
8
P01525
10
165.100000
20
225.975327
30
0.0
0
VERTEX
8
P01525
10
167.809331
20
225.975327
30
0.0
0
SEQEND
0
POLYLINE
8
P01526
66
1
70
0
0
VERTEX
8
P01526
10
165.015326
20
225.890658
30
0.0
0
VERTEX
8
P01526
10
167.809331
20
225.890658
30
0.0
0
SEQEND
0
POLYLINE
8
P01527
66
1
70
0
0
VERTEX
8
P01527
10
164.930663
20
225.805995
30
0.0
0
VERTEX
8
P01527
10
167.724668
20
225.805995
30
0.0
0
SEQEND
0
POLYLINE
8
P01528
66
1
70
0
0
VERTEX
8
P01528
10
164.846000
20
225.721327
30
0.0
0
VERTEX
8
P01528
10
167.639994
20
225.721327
30
0.0
0
SEQEND
0
POLYLINE
8
P01529
66
1
70
0
0
VERTEX
8
P01529
10
164.676662
20
225.636658
30
0.0
0
VERTEX
8
P01529
10
167.639994
20
225.636658
30
0.0
0
SEQEND
0
POLYLINE
8
P01530
66
1
70
0
0
VERTEX
8
P01530
10
164.846000
20
225.551995
30
0.0
0
VERTEX
8
P01530
10
167.555330
20
225.551995
30
0.0
0
SEQEND
0
POLYLINE
8
P01531
66
1
70
0
0
VERTEX
8
P01531
10
164.930663
20
225.467326
30
0.0
0
VERTEX
8
P01531
10
167.470667
20
225.467326
30
0.0
0
SEQEND
0
POLYLINE
8
P01532
66
1
70
0
0
VERTEX
8
P01532
10
165.015326
20
225.382663
30
0.0
0
VERTEX
8
P01532
10
167.470667
20
225.382663
30
0.0
0
SEQEND
0
POLYLINE
8
P01533
66
1
70
0
0
VERTEX
8
P01533
10
165.100000
20
225.297994
30
0.0
0
VERTEX
8
P01533
10
167.385993
20
225.297994
30
0.0
0
SEQEND
0
POLYLINE
8
P01534
66
1
70
0
0
VERTEX
8
P01534
10
165.184663
20
225.213326
30
0.0
0
VERTEX
8
P01534
10
167.301330
20
225.213326
30
0.0
0
SEQEND
0
POLYLINE
8
P01535
66
1
70
0
0
VERTEX
8
P01535
10
165.269326
20
225.128663
30
0.0
0
VERTEX
8
P01535
10
167.301330
20
225.128663
30
0.0
0
SEQEND
0
POLYLINE
8
P01536
66
1
70
0
0
VERTEX
8
P01536
10
165.354000
20
225.043994
30
0.0
0
VERTEX
8
P01536
10
167.216667
20
225.043994
30
0.0
0
SEQEND
0
POLYLINE
8
P01537
66
1
70
0
0
VERTEX
8
P01537
10
165.438664
20
224.959325
30
0.0
0
VERTEX
8
P01537
10
167.131993
20
224.959325
30
0.0
0
SEQEND
0
POLYLINE
8
P01538
66
1
70
0
0
VERTEX
8
P01538
10
165.523327
20
224.874662
30
0.0
0
VERTEX
8
P01538
10
167.047329
20
224.874662
30
0.0
0
SEQEND
0
POLYLINE
8
P01539
66
1
70
0
0
VERTEX
8
P01539
10
165.692664
20
224.789994
30
0.0
0
VERTEX
8
P01539
10
167.047329
20
224.789994
30
0.0
0
SEQEND
0
POLYLINE
8
P01540
66
1
70
0
0
VERTEX
8
P01540
10
165.777327
20
224.705325
30
0.0
0
VERTEX
8
P01540
10
166.962666
20
224.705325
30
0.0
0
SEQEND
0
POLYLINE
8
P01541
66
1
70
0
0
VERTEX
8
P01541
10
165.862001
20
224.620662
30
0.0
0
VERTEX
8
P01541
10
166.877992
20
224.620662
30
0.0
0
SEQEND
0
POLYLINE
8
P01542
66
1
70
0
0
VERTEX
8
P01542
10
165.946665
20
224.535993
30
0.0
0
VERTEX
8
P01542
10
166.877992
20
224.535993
30
0.0
0
SEQEND
0
POLYLINE
8
P01543
66
1
70
0
0
VERTEX
8
P01543
10
166.031328
20
224.451330
30
0.0
0
VERTEX
8
P01543
10
166.793329
20
224.451330
30
0.0
0
SEQEND
0
POLYLINE
8
P01544
66
1
70
0
0
VERTEX
8
P01544
10
166.115991
20
224.366661
30
0.0
0
VERTEX
8
P01544
10
166.708666
20
224.366661
30
0.0
0
SEQEND
0
POLYLINE
8
P01545
66
1
70
0
0
VERTEX
8
P01545
10
166.200665
20
224.281993
30
0.0
0
VERTEX
8
P01545
10
166.708666
20
224.281993
30
0.0
0
SEQEND
0
POLYLINE
8
P01546
66
1
70
0
0
VERTEX
8
P01546
10
166.285328
20
224.197329
30
0.0
0
VERTEX
8
P01546
10
166.623992
20
224.197329
30
0.0
0
SEQEND
0
POLYLINE
8
P01547
66
1
70
0
0
VERTEX
8
P01547
10
166.369991
20
224.112661
30
0.0
0
VERTEX
8
P01547
10
166.539329
20
224.112661
30
0.0
0
VERTEX
8
P01547
10
166.369991
20
224.112661
30
0.0
0
SEQEND
0
POLYLINE
8
P01548
66
1
70
0
0
VERTEX
8
P01548
10
169.248659
20
228.938658
30
0.0
0
VERTEX
8
P01548
10
165.438664
20
225.636658
30
0.0
0
VERTEX
8
P01548
10
169.248659
20
228.938658
30
0.0
0
SEQEND
0
POLYLINE
8
P01549
66
1
70
0
0
VERTEX
8
P01549
10
165.438664
20
225.636658
30
0.0
0
VERTEX
8
P01549
10
166.200665
20
225.551995
30
0.0
0
VERTEX
8
P01549
10
165.438664
20
225.636658
30
0.0
0
SEQEND
0
POLYLINE
8
P01550
66
1
70
0
0
VERTEX
8
P01550
10
166.200665
20
225.551995
30
0.0
0
VERTEX
8
P01550
10
166.369991
20
224.789994
30
0.0
0
VERTEX
8
P01550
10
166.200665
20
225.551995
30
0.0
0
SEQEND
0
POLYLINE
8
P01551
66
1
70
0
0
VERTEX
8
P01551
10
166.369991
20
224.789994
30
0.0
0
VERTEX
8
P01551
10
169.248659
20
228.938658
30
0.0
0
VERTEX
8
P01551
10
166.369991
20
224.789994
30
0.0
0
SEQEND
0
POLYLINE
8
P01552
66
1
70
0
0
VERTEX
8
P01552
10
169.248659
20
228.938658
30
0.0
0
VERTEX
8
P01552
10
164.591999
20
223.689329
30
0.0
0
VERTEX
8
P01552
10
169.248659
20
228.938658
30
0.0
0
SEQEND
0
POLYLINE
8
P01553
66
1
70
0
0
VERTEX
8
P01553
10
169.163996
20
228.853995
30
0.0
0
VERTEX
8
P01553
10
169.248659
20
228.853995
30
0.0
0
SEQEND
0
POLYLINE
8
P01554
66
1
70
0
0
VERTEX
8
P01554
10
169.079333
20
228.769326
30
0.0
0
VERTEX
8
P01554
10
169.163996
20
228.769326
30
0.0
0
SEQEND
0
POLYLINE
8
P01555
66
1
70
0
0
VERTEX
8
P01555
10
168.994659
20
228.684658
30
0.0
0
VERTEX
8
P01555
10
169.079333
20
228.684658
30
0.0
0
SEQEND
0
POLYLINE
8
P01556
66
1
70
0
0
VERTEX
8
P01556
10
168.909996
20
228.599995
30
0.0
0
VERTEX
8
P01556
10
168.994659
20
228.599995
30
0.0
0
SEQEND
0
POLYLINE
8
P01557
66
1
70
0
0
VERTEX
8
P01557
10
168.825332
20
228.515326
30
0.0
0
VERTEX
8
P01557
10
168.909996
20
228.515326
30
0.0
0
SEQEND
0
POLYLINE
8
P01558
66
1
70
0
0
VERTEX
8
P01558
10
168.740658
20
228.430663
30
0.0
0
VERTEX
8
P01558
10
168.825332
20
228.430663
30
0.0
0
SEQEND
0
POLYLINE
8
P01559
66
1
70
0
0
VERTEX
8
P01559
10
168.571332
20
228.345994
30
0.0
0
VERTEX
8
P01559
10
168.740658
20
228.345994
30
0.0
0
SEQEND
0
POLYLINE
8
P01560
66
1
70
0
0
VERTEX
8
P01560
10
168.486658
20
228.261326
30
0.0
0
VERTEX
8
P01560
10
168.655995
20
228.261326
30
0.0
0
SEQEND
0
POLYLINE
8
P01561
66
1
70
0
0
VERTEX
8
P01561
10
168.401995
20
228.176662
30
0.0
0
VERTEX
8
P01561
10
168.571332
20
228.176662
30
0.0
0
SEQEND
0
POLYLINE
8
P01562
66
1
70
0
0
VERTEX
8
P01562
10
168.317332
20
228.091994
30
0.0
0
VERTEX
8
P01562
10
168.486658
20
228.091994
30
0.0
0
SEQEND
0
POLYLINE
8
P01563
66
1
70
0
0
VERTEX
8
P01563
10
168.232658
20
228.007325
30
0.0
0
VERTEX
8
P01563
10
168.486658
20
228.007325
30
0.0
0
SEQEND
0
POLYLINE
8
P01564
66
1
70
0
0
VERTEX
8
P01564
10
168.147994
20
227.922662
30
0.0
0
VERTEX
8
P01564
10
168.401995
20
227.922662
30
0.0
0
SEQEND
0
POLYLINE
8
P01565
66
1
70
0
0
VERTEX
8
P01565
10
167.978668
20
227.837993
30
0.0
0
VERTEX
8
P01565
10
168.317332
20
227.837993
30
0.0
0
SEQEND
0
POLYLINE
8
P01566
66
1
70
0
0
VERTEX
8
P01566
10
167.893994
20
227.753325
30
0.0
0
VERTEX
8
P01566
10
168.232658
20
227.753325
30
0.0
0
SEQEND
0
POLYLINE
8
P01567
66
1
70
0
0
VERTEX
8
P01567
10
167.809331
20
227.668661
30
0.0
0
VERTEX
8
P01567
10
168.147994
20
227.668661
30
0.0
0
SEQEND
0
POLYLINE
8
P01568
66
1
70
0
0
VERTEX
8
P01568
10
167.724668
20
227.583993
30
0.0
0
VERTEX
8
P01568
10
168.063331
20
227.583993
30
0.0
0
SEQEND
0
POLYLINE
8
P01569
66
1
70
0
0
VERTEX
8
P01569
10
167.639994
20
227.499330
30
0.0
0
VERTEX
8
P01569
10
167.978668
20
227.499330
30
0.0
0
SEQEND
0
POLYLINE
8
P01570
66
1
70
0
0
VERTEX
8
P01570
10
167.555330
20
227.414661
30
0.0
0
VERTEX
8
P01570
10
167.893994
20
227.414661
30
0.0
0
SEQEND
0
POLYLINE
8
P01571
66
1
70
0
0
VERTEX
8
P01571
10
167.470667
20
227.329992
30
0.0
0
VERTEX
8
P01571
10
167.809331
20
227.329992
30
0.0
0
SEQEND
0
POLYLINE
8
P01572
66
1
70
0
0
VERTEX
8
P01572
10
167.301330
20
227.245329
30
0.0
0
VERTEX
8
P01572
10
167.724668
20
227.245329
30
0.0
0
SEQEND
0
POLYLINE
8
P01573
66
1
70
0
0
VERTEX
8
P01573
10
167.216667
20
227.160661
30
0.0
0
VERTEX
8
P01573
10
167.724668
20
227.160661
30
0.0
0
SEQEND
0
POLYLINE
8
P01574
66
1
70
0
0
VERTEX
8
P01574
10
167.131993
20
227.075992
30
0.0
0
VERTEX
8
P01574
10
167.639994
20
227.075992
30
0.0
0
SEQEND
0
POLYLINE
8
P01575
66
1
70
0
0
VERTEX
8
P01575
10
167.047329
20
226.991329
30
0.0
0
VERTEX
8
P01575
10
167.555330
20
226.991329
30
0.0
0
SEQEND
0
POLYLINE
8
P01576
66
1
70
0
0
VERTEX
8
P01576
10
166.962666
20
226.906660
30
0.0
0
VERTEX
8
P01576
10
167.470667
20
226.906660
30
0.0
0
SEQEND
0
POLYLINE
8
P01577
66
1
70
0
0
VERTEX
8
P01577
10
166.877992
20
226.821992
30
0.0
0
VERTEX
8
P01577
10
167.385993
20
226.821992
30
0.0
0
SEQEND
0
POLYLINE
8
P01578
66
1
70
0
0
VERTEX
8
P01578
10
166.708666
20
226.737328
30
0.0
0
VERTEX
8
P01578
10
167.301330
20
226.737328
30
0.0
0
SEQEND
0
POLYLINE
8
P01579
66
1
70
0
0
VERTEX
8
P01579
10
166.623992
20
226.652660
30
0.0
0
VERTEX
8
P01579
10
167.216667
20
226.652660
30
0.0
0
SEQEND
0
POLYLINE
8
P01580
66
1
70
0
0
VERTEX
8
P01580
10
166.539329
20
226.567991
30
0.0
0
VERTEX
8
P01580
10
167.131993
20
226.567991
30
0.0
0
SEQEND
0
POLYLINE
8
P01581
66
1
70
0
0
VERTEX
8
P01581
10
166.454665
20
226.483328
30
0.0
0
VERTEX
8
P01581
10
167.047329
20
226.483328
30
0.0
0
SEQEND
0
POLYLINE
8
P01582
66
1
70
0
0
VERTEX
8
P01582
10
166.369991
20
226.398659
30
0.0
0
VERTEX
8
P01582
10
166.962666
20
226.398659
30
0.0
0
SEQEND
0
POLYLINE
8
P01583
66
1
70
0
0
VERTEX
8
P01583
10
166.285328
20
226.313996
30
0.0
0
VERTEX
8
P01583
10
166.962666
20
226.313996
30
0.0
0
SEQEND
0
POLYLINE
8
P01584
66
1
70
0
0
VERTEX
8
P01584
10
166.200665
20
226.229328
30
0.0
0
VERTEX
8
P01584
10
166.877992
20
226.229328
30
0.0
0
SEQEND
0
POLYLINE
8
P01585
66
1
70
0
0
VERTEX
8
P01585
10
166.031328
20
226.144659
30
0.0
0
VERTEX
8
P01585
10
166.793329
20
226.144659
30
0.0
0
SEQEND
0
POLYLINE
8
P01586
66
1
70
0
0
VERTEX
8
P01586
10
165.946665
20
226.059996
30
0.0
0
VERTEX
8
P01586
10
166.708666
20
226.059996
30
0.0
0
SEQEND
0
POLYLINE
8
P01587
66
1
70
0
0
VERTEX
8
P01587
10
165.862001
20
225.975327
30
0.0
0
VERTEX
8
P01587
10
166.623992
20
225.975327
30
0.0
0
SEQEND
0
POLYLINE
8
P01588
66
1
70
0
0
VERTEX
8
P01588
10
165.777327
20
225.890658
30
0.0
0
VERTEX
8
P01588
10
166.539329
20
225.890658
30
0.0
0
SEQEND
0
POLYLINE
8
P01589
66
1
70
0
0
VERTEX
8
P01589
10
165.692664
20
225.805995
30
0.0
0
VERTEX
8
P01589
10
166.454665
20
225.805995
30
0.0
0
SEQEND
0
POLYLINE
8
P01590
66
1
70
0
0
VERTEX
8
P01590
10
165.608001
20
225.721327
30
0.0
0
VERTEX
8
P01590
10
166.369991
20
225.721327
30
0.0
0
SEQEND
0
POLYLINE
8
P01591
66
1
70
0
0
VERTEX
8
P01591
10
165.438664
20
225.636658
30
0.0
0
VERTEX
8
P01591
10
166.285328
20
225.636658
30
0.0
0
VERTEX
8
P01591
10
165.438664
20
225.636658
30
0.0
0
SEQEND
0
POLYLINE
8
P01592
66
1
70
0
0
VERTEX
8
P01592
10
168.994659
20
228.599995
30
0.0
0
VERTEX
8
P01592
10
169.079333
20
228.599995
30
0.0
0
SEQEND
0
POLYLINE
8
P01593
66
1
70
0
0
VERTEX
8
P01593
10
168.909996
20
228.515326
30
0.0
0
VERTEX
8
P01593
10
168.994659
20
228.515326
30
0.0
0
SEQEND
0
POLYLINE
8
P01594
66
1
70
0
0
VERTEX
8
P01594
10
168.825332
20
228.430663
30
0.0
0
VERTEX
8
P01594
10
168.909996
20
228.430663
30
0.0
0
SEQEND
0
POLYLINE
8
P01595
66
1
70
0
0
VERTEX
8
P01595
10
168.740658
20
228.345994
30
0.0
0
VERTEX
8
P01595
10
168.909996
20
228.345994
30
0.0
0
SEQEND
0
POLYLINE
8
P01596
66
1
70
0
0
VERTEX
8
P01596
10
168.655995
20
228.261326
30
0.0
0
VERTEX
8
P01596
10
168.825332
20
228.261326
30
0.0
0
SEQEND
0
POLYLINE
8
P01597
66
1
70
0
0
VERTEX
8
P01597
10
168.571332
20
228.176662
30
0.0
0
VERTEX
8
P01597
10
168.740658
20
228.176662
30
0.0
0
SEQEND
0
POLYLINE
8
P01598
66
1
70
0
0
VERTEX
8
P01598
10
168.486658
20
228.091994
30
0.0
0
VERTEX
8
P01598
10
168.740658
20
228.091994
30
0.0
0
SEQEND
0
POLYLINE
8
P01599
66
1
70
0
0
VERTEX
8
P01599
10
168.486658
20
228.007325
30
0.0
0
VERTEX
8
P01599
10
168.655995
20
228.007325
30
0.0
0
SEQEND
0
POLYLINE
8
P01600
66
1
70
0
0
VERTEX
8
P01600
10
168.401995
20
227.922662
30
0.0
0
VERTEX
8
P01600
10
168.571332
20
227.922662
30
0.0
0
SEQEND
0
POLYLINE
8
P01601
66
1
70
0
0
VERTEX
8
P01601
10
168.317332
20
227.837993
30
0.0
0
VERTEX
8
P01601
10
168.486658
20
227.837993
30
0.0
0
SEQEND
0
POLYLINE
8
P01602
66
1
70
0
0
VERTEX
8
P01602
10
168.232658
20
227.753325
30
0.0
0
VERTEX
8
P01602
10
168.486658
20
227.753325
30
0.0
0
SEQEND
0
POLYLINE
8
P01603
66
1
70
0
0
VERTEX
8
P01603
10
168.147994
20
227.668661
30
0.0
0
VERTEX
8
P01603
10
168.401995
20
227.668661
30
0.0
0
SEQEND
0
POLYLINE
8
P01604
66
1
70
0
0
VERTEX
8
P01604
10
168.063331
20
227.583993
30
0.0
0
VERTEX
8
P01604
10
168.317332
20
227.583993
30
0.0
0
SEQEND
0
POLYLINE
8
P01605
66
1
70
0
0
VERTEX
8
P01605
10
167.978668
20
227.499330
30
0.0
0
VERTEX
8
P01605
10
168.317332
20
227.499330
30
0.0
0
SEQEND
0
POLYLINE
8
P01606
66
1
70
0
0
VERTEX
8
P01606
10
167.893994
20
227.414661
30
0.0
0
VERTEX
8
P01606
10
168.232658
20
227.414661
30
0.0
0
SEQEND
0
POLYLINE
8
P01607
66
1
70
0
0
VERTEX
8
P01607
10
167.809331
20
227.329992
30
0.0
0
VERTEX
8
P01607
10
168.147994
20
227.329992
30
0.0
0
SEQEND
0
POLYLINE
8
P01608
66
1
70
0
0
VERTEX
8
P01608
10
167.724668
20
227.245329
30
0.0
0
VERTEX
8
P01608
10
168.147994
20
227.245329
30
0.0
0
SEQEND
0
POLYLINE
8
P01609
66
1
70
0
0
VERTEX
8
P01609
10
167.724668
20
227.160661
30
0.0
0
VERTEX
8
P01609
10
168.063331
20
227.160661
30
0.0
0
SEQEND
0
POLYLINE
8
P01610
66
1
70
0
0
VERTEX
8
P01610
10
167.639994
20
227.075992
30
0.0
0
VERTEX
8
P01610
10
167.978668
20
227.075992
30
0.0
0
SEQEND
0
POLYLINE
8
P01611
66
1
70
0
0
VERTEX
8
P01611
10
167.555330
20
226.991329
30
0.0
0
VERTEX
8
P01611
10
167.978668
20
226.991329
30
0.0
0
SEQEND
0
POLYLINE
8
P01612
66
1
70
0
0
VERTEX
8
P01612
10
167.470667
20
226.906660
30
0.0
0
VERTEX
8
P01612
10
167.893994
20
226.906660
30
0.0
0
SEQEND
0
POLYLINE
8
P01613
66
1
70
0
0
VERTEX
8
P01613
10
167.385993
20
226.821992
30
0.0
0
VERTEX
8
P01613
10
167.809331
20
226.821992
30
0.0
0
SEQEND
0
POLYLINE
8
P01614
66
1
70
0
0
VERTEX
8
P01614
10
167.301330
20
226.737328
30
0.0
0
VERTEX
8
P01614
10
167.724668
20
226.737328
30
0.0
0
SEQEND
0
POLYLINE
8
P01615
66
1
70
0
0
VERTEX
8
P01615
10
167.216667
20
226.652660
30
0.0
0
VERTEX
8
P01615
10
167.724668
20
226.652660
30
0.0
0
SEQEND
0
POLYLINE
8
P01616
66
1
70
0
0
VERTEX
8
P01616
10
167.131993
20
226.567991
30
0.0
0
VERTEX
8
P01616
10
167.639994
20
226.567991
30
0.0
0
SEQEND
0
POLYLINE
8
P01617
66
1
70
0
0
VERTEX
8
P01617
10
167.047329
20
226.483328
30
0.0
0
VERTEX
8
P01617
10
167.555330
20
226.483328
30
0.0
0
SEQEND
0
POLYLINE
8
P01618
66
1
70
0
0
VERTEX
8
P01618
10
166.962666
20
226.398659
30
0.0
0
VERTEX
8
P01618
10
167.555330
20
226.398659
30
0.0
0
SEQEND
0
POLYLINE
8
P01619
66
1
70
0
0
VERTEX
8
P01619
10
166.962666
20
226.313996
30
0.0
0
VERTEX
8
P01619
10
167.470667
20
226.313996
30
0.0
0
SEQEND
0
POLYLINE
8
P01620
66
1
70
0
0
VERTEX
8
P01620
10
166.877992
20
226.229328
30
0.0
0
VERTEX
8
P01620
10
167.385993
20
226.229328
30
0.0
0
SEQEND
0
POLYLINE
8
P01621
66
1
70
0
0
VERTEX
8
P01621
10
166.793329
20
226.144659
30
0.0
0
VERTEX
8
P01621
10
167.385993
20
226.144659
30
0.0
0
SEQEND
0
POLYLINE
8
P01622
66
1
70
0
0
VERTEX
8
P01622
10
166.708666
20
226.059996
30
0.0
0
VERTEX
8
P01622
10
167.301330
20
226.059996
30
0.0
0
SEQEND
0
POLYLINE
8
P01623
66
1
70
0
0
VERTEX
8
P01623
10
166.623992
20
225.975327
30
0.0
0
VERTEX
8
P01623
10
167.216667
20
225.975327
30
0.0
0
SEQEND
0
POLYLINE
8
P01624
66
1
70
0
0
VERTEX
8
P01624
10
166.539329
20
225.890658
30
0.0
0
VERTEX
8
P01624
10
167.216667
20
225.890658
30
0.0
0
SEQEND
0
POLYLINE
8
P01625
66
1
70
0
0
VERTEX
8
P01625
10
166.454665
20
225.805995
30
0.0
0
VERTEX
8
P01625
10
167.131993
20
225.805995
30
0.0
0
SEQEND
0
POLYLINE
8
P01626
66
1
70
0
0
VERTEX
8
P01626
10
166.369991
20
225.721327
30
0.0
0
VERTEX
8
P01626
10
167.047329
20
225.721327
30
0.0
0
SEQEND
0
POLYLINE
8
P01627
66
1
70
0
0
VERTEX
8
P01627
10
166.285328
20
225.636658
30
0.0
0
VERTEX
8
P01627
10
166.962666
20
225.636658
30
0.0
0
SEQEND
0
POLYLINE
8
P01628
66
1
70
0
0
VERTEX
8
P01628
10
166.200665
20
225.551995
30
0.0
0
VERTEX
8
P01628
10
166.962666
20
225.551995
30
0.0
0
SEQEND
0
POLYLINE
8
P01629
66
1
70
0
0
VERTEX
8
P01629
10
166.285328
20
225.467326
30
0.0
0
VERTEX
8
P01629
10
166.877992
20
225.467326
30
0.0
0
SEQEND
0
POLYLINE
8
P01630
66
1
70
0
0
VERTEX
8
P01630
10
166.285328
20
225.382663
30
0.0
0
VERTEX
8
P01630
10
166.793329
20
225.382663
30
0.0
0
SEQEND
0
POLYLINE
8
P01631
66
1
70
0
0
VERTEX
8
P01631
10
166.285328
20
225.297994
30
0.0
0
VERTEX
8
P01631
10
166.793329
20
225.297994
30
0.0
0
SEQEND
0
POLYLINE
8
P01632
66
1
70
0
0
VERTEX
8
P01632
10
166.285328
20
225.213326
30
0.0
0
VERTEX
8
P01632
10
166.708666
20
225.213326
30
0.0
0
SEQEND
0
POLYLINE
8
P01633
66
1
70
0
0
VERTEX
8
P01633
10
166.369991
20
225.128663
30
0.0
0
VERTEX
8
P01633
10
166.623992
20
225.128663
30
0.0
0
SEQEND
0
POLYLINE
8
P01634
66
1
70
0
0
VERTEX
8
P01634
10
166.369991
20
225.043994
30
0.0
0
VERTEX
8
P01634
10
166.623992
20
225.043994
30
0.0
0
SEQEND
0
POLYLINE
8
P01635
66
1
70
0
0
VERTEX
8
P01635
10
166.369991
20
224.959325
30
0.0
0
VERTEX
8
P01635
10
166.539329
20
224.959325
30
0.0
0
SEQEND
0
POLYLINE
8
P01636
66
1
70
0
0
VERTEX
8
P01636
10
166.369991
20
224.874662
30
0.0
0
VERTEX
8
P01636
10
166.454665
20
224.874662
30
0.0
0
VERTEX
8
P01636
10
166.369991
20
224.874662
30
0.0
0
SEQEND
0
POLYLINE
8
P01637
66
1
70
0
0
VERTEX
8
P01637
10
176.614661
20
239.013996
30
0.0
0
VERTEX
8
P01637
10
176.783998
20
239.013996
30
0.0
0
SEQEND
0
POLYLINE
8
P01638
66
1
70
0
0
VERTEX
8
P01638
10
176.529998
20
238.929328
30
0.0
0
VERTEX
8
P01638
10
176.868661
20
238.929328
30
0.0
0
SEQEND
0
POLYLINE
8
P01639
66
1
70
0
0
VERTEX
8
P01639
10
176.529998
20
238.844659
30
0.0
0
VERTEX
8
P01639
10
176.953325
20
238.844659
30
0.0
0
SEQEND
0
POLYLINE
8
P01640
66
1
70
0
0
VERTEX
8
P01640
10
176.445335
20
238.759996
30
0.0
0
VERTEX
8
P01640
10
177.037999
20
238.759996
30
0.0
0
SEQEND
0
POLYLINE
8
P01641
66
1
70
0
0
VERTEX
8
P01641
10
176.360661
20
238.675327
30
0.0
0
VERTEX
8
P01641
10
177.122662
20
238.675327
30
0.0
0
SEQEND
0
POLYLINE
8
P01642
66
1
70
0
0
VERTEX
8
P01642
10
176.360661
20
238.590658
30
0.0
0
VERTEX
8
P01642
10
177.207325
20
238.590658
30
0.0
0
SEQEND
0
POLYLINE
8
P01643
66
1
70
0
0
VERTEX
8
P01643
10
176.275997
20
238.505995
30
0.0
0
VERTEX
8
P01643
10
177.291999
20
238.505995
30
0.0
0
SEQEND
0
POLYLINE
8
P01644
66
1
70
0
0
VERTEX
8
P01644
10
176.191334
20
238.421327
30
0.0
0
VERTEX
8
P01644
10
177.376662
20
238.421327
30
0.0
0
SEQEND
0
POLYLINE
8
P01645
66
1
70
0
0
VERTEX
8
P01645
10
176.191334
20
238.336658
30
0.0
0
VERTEX
8
P01645
10
177.461326
20
238.336658
30
0.0
0
SEQEND
0
POLYLINE
8
P01646
66
1
70
0
0
VERTEX
8
P01646
10
176.106660
20
238.251995
30
0.0
0
VERTEX
8
P01646
10
177.546000
20
238.251995
30
0.0
0
SEQEND
0
POLYLINE
8
P01647
66
1
70
0
0
VERTEX
8
P01647
10
176.021997
20
238.167326
30
0.0
0
VERTEX
8
P01647
10
177.715326
20
238.167326
30
0.0
0
SEQEND
0
POLYLINE
8
P01648
66
1
70
0
0
VERTEX
8
P01648
10
176.021997
20
238.082658
30
0.0
0
VERTEX
8
P01648
10
177.800000
20
238.082658
30
0.0
0
SEQEND
0
POLYLINE
8
P01649
66
1
70
0
0
VERTEX
8
P01649
10
175.937334
20
237.997994
30
0.0
0
VERTEX
8
P01649
10
177.884663
20
237.997994
30
0.0
0
SEQEND
0
POLYLINE
8
P01650
66
1
70
0
0
VERTEX
8
P01650
10
175.852660
20
237.913326
30
0.0
0
VERTEX
8
P01650
10
177.969326
20
237.913326
30
0.0
0
SEQEND
0
POLYLINE
8
P01651
66
1
70
0
0
VERTEX
8
P01651
10
175.852660
20
237.828663
30
0.0
0
VERTEX
8
P01651
10
178.054000
20
237.828663
30
0.0
0
SEQEND
0
POLYLINE
8
P01652
66
1
70
0
0
VERTEX
8
P01652
10
175.767997
20
237.743994
30
0.0
0
VERTEX
8
P01652
10
178.138664
20
237.743994
30
0.0
0
SEQEND
0
POLYLINE
8
P01653
66
1
70
0
0
VERTEX
8
P01653
10
175.683333
20
237.659325
30
0.0
0
VERTEX
8
P01653
10
178.223327
20
237.659325
30
0.0
0
SEQEND
0
POLYLINE
8
P01654
66
1
70
0
0
VERTEX
8
P01654
10
175.683333
20
237.574662
30
0.0
0
VERTEX
8
P01654
10
178.308001
20
237.574662
30
0.0
0
SEQEND
0
POLYLINE
8
P01655
66
1
70
0
0
VERTEX
8
P01655
10
175.598659
20
237.489994
30
0.0
0
VERTEX
8
P01655
10
178.392664
20
237.489994
30
0.0
0
SEQEND
0
POLYLINE
8
P01656
66
1
70
0
0
VERTEX
8
P01656
10
175.598659
20
237.405325
30
0.0
0
VERTEX
8
P01656
10
178.477327
20
237.405325
30
0.0
0
SEQEND
0
POLYLINE
8
P01657
66
1
70
0
0
VERTEX
8
P01657
10
175.513996
20
237.320662
30
0.0
0
VERTEX
8
P01657
10
178.392664
20
237.320662
30
0.0
0
SEQEND
0
POLYLINE
8
P01658
66
1
70
0
0
VERTEX
8
P01658
10
175.429333
20
237.235993
30
0.0
0
VERTEX
8
P01658
10
178.308001
20
237.235993
30
0.0
0
SEQEND
0
POLYLINE
8
P01659
66
1
70
0
0
VERTEX
8
P01659
10
175.429333
20
237.151325
30
0.0
0
VERTEX
8
P01659
10
178.223327
20
237.151325
30
0.0
0
SEQEND
0
POLYLINE
8
P01660
66
1
70
0
0
VERTEX
8
P01660
10
175.344659
20
237.066661
30
0.0
0
VERTEX
8
P01660
10
178.138664
20
237.066661
30
0.0
0
SEQEND
0
POLYLINE
8
P01661
66
1
70
0
0
VERTEX
8
P01661
10
175.259996
20
236.981993
30
0.0
0
VERTEX
8
P01661
10
178.054000
20
236.981993
30
0.0
0
SEQEND
0
POLYLINE
8
P01662
66
1
70
0
0
VERTEX
8
P01662
10
175.259996
20
236.897329
30
0.0
0
VERTEX
8
P01662
10
177.969326
20
236.897329
30
0.0
0
SEQEND
0
POLYLINE
8
P01663
66
1
70
0
0
VERTEX
8
P01663
10
175.175332
20
236.812661
30
0.0
0
VERTEX
8
P01663
10
177.884663
20
236.812661
30
0.0
0
SEQEND
0
POLYLINE
8
P01664
66
1
70
0
0
VERTEX
8
P01664
10
175.090658
20
236.727992
30
0.0
0
VERTEX
8
P01664
10
177.715326
20
236.727992
30
0.0
0
SEQEND
0
POLYLINE
8
P01665
66
1
70
0
0
VERTEX
8
P01665
10
175.090658
20
236.643329
30
0.0
0
VERTEX
8
P01665
10
177.630663
20
236.643329
30
0.0
0
SEQEND
0
POLYLINE
8
P01666
66
1
70
0
0
VERTEX
8
P01666
10
175.005995
20
236.558660
30
0.0
0
VERTEX
8
P01666
10
177.546000
20
236.558660
30
0.0
0
SEQEND
0
POLYLINE
8
P01667
66
1
70
0
0
VERTEX
8
P01667
10
174.921332
20
236.473992
30
0.0
0
VERTEX
8
P01667
10
177.461326
20
236.473992
30
0.0
0
SEQEND
0
POLYLINE
8
P01668
66
1
70
0
0
VERTEX
8
P01668
10
174.921332
20
236.389329
30
0.0
0
VERTEX
8
P01668
10
177.376662
20
236.389329
30
0.0
0
SEQEND
0
POLYLINE
8
P01669
66
1
70
0
0
VERTEX
8
P01669
10
174.836658
20
236.304660
30
0.0
0
VERTEX
8
P01669
10
177.291999
20
236.304660
30
0.0
0
SEQEND
0
POLYLINE
8
P01670
66
1
70
0
0
VERTEX
8
P01670
10
174.751995
20
236.219991
30
0.0
0
VERTEX
8
P01670
10
177.207325
20
236.219991
30
0.0
0
SEQEND
0
POLYLINE
8
P01671
66
1
70
0
0
VERTEX
8
P01671
10
174.751995
20
236.135328
30
0.0
0
VERTEX
8
P01671
10
177.037999
20
236.135328
30
0.0
0
SEQEND
0
POLYLINE
8
P01672
66
1
70
0
0
VERTEX
8
P01672
10
174.667332
20
236.050660
30
0.0
0
VERTEX
8
P01672
10
176.953325
20
236.050660
30
0.0
0
SEQEND
0
POLYLINE
8
P01673
66
1
70
0
0
VERTEX
8
P01673
10
174.582658
20
235.965991
30
0.0
0
VERTEX
8
P01673
10
176.868661
20
235.965991
30
0.0
0
SEQEND
0
POLYLINE
8
P01674
66
1
70
0
0
VERTEX
8
P01674
10
174.582658
20
235.881328
30
0.0
0
VERTEX
8
P01674
10
176.783998
20
235.881328
30
0.0
0
SEQEND
0
POLYLINE
8
P01675
66
1
70
0
0
VERTEX
8
P01675
10
174.582658
20
235.796659
30
0.0
0
VERTEX
8
P01675
10
176.699324
20
235.796659
30
0.0
0
SEQEND
0
POLYLINE
8
P01676
66
1
70
0
0
VERTEX
8
P01676
10
174.497994
20
235.711996
30
0.0
0
VERTEX
8
P01676
10
176.614661
20
235.711996
30
0.0
0
SEQEND
0
POLYLINE
8
P01677
66
1
70
0
0
VERTEX
8
P01677
10
174.497994
20
235.627327
30
0.0
0
VERTEX
8
P01677
10
176.529998
20
235.627327
30
0.0
0
SEQEND
0
POLYLINE
8
P01678
66
1
70
0
0
VERTEX
8
P01678
10
174.497994
20
235.542659
30
0.0
0
VERTEX
8
P01678
10
176.360661
20
235.542659
30
0.0
0
SEQEND
0
POLYLINE
8
P01679
66
1
70
0
0
VERTEX
8
P01679
10
174.413331
20
235.457995
30
0.0
0
VERTEX
8
P01679
10
176.275997
20
235.457995
30
0.0
0
SEQEND
0
POLYLINE
8
P01680
66
1
70
0
0
VERTEX
8
P01680
10
174.413331
20
235.373327
30
0.0
0
VERTEX
8
P01680
10
176.191334
20
235.373327
30
0.0
0
SEQEND
0
POLYLINE
8
P01681
66
1
70
0
0
VERTEX
8
P01681
10
174.328668
20
235.288658
30
0.0
0
VERTEX
8
P01681
10
176.106660
20
235.288658
30
0.0
0
SEQEND
0
POLYLINE
8
P01682
66
1
70
0
0
VERTEX
8
P01682
10
174.328668
20
235.203995
30
0.0
0
VERTEX
8
P01682
10
176.021997
20
235.203995
30
0.0
0
SEQEND
0
POLYLINE
8
P01683
66
1
70
0
0
VERTEX
8
P01683
10
174.328668
20
235.119326
30
0.0
0
VERTEX
8
P01683
10
175.937334
20
235.119326
30
0.0
0
SEQEND
0
POLYLINE
8
P01684
66
1
70
0
0
VERTEX
8
P01684
10
174.243994
20
235.034658
30
0.0
0
VERTEX
8
P01684
10
175.852660
20
235.034658
30
0.0
0
SEQEND
0
POLYLINE
8
P01685
66
1
70
0
0
VERTEX
8
P01685
10
174.243994
20
234.949995
30
0.0
0
VERTEX
8
P01685
10
175.683333
20
234.949995
30
0.0
0
SEQEND
0
POLYLINE
8
P01686
66
1
70
0
0
VERTEX
8
P01686
10
174.243994
20
234.865326
30
0.0
0
VERTEX
8
P01686
10
175.513996
20
234.865326
30
0.0
0
SEQEND
0
POLYLINE
8
P01687
66
1
70
0
0
VERTEX
8
P01687
10
174.159331
20
234.780663
30
0.0
0
VERTEX
8
P01687
10
175.344659
20
234.780663
30
0.0
0
SEQEND
0
POLYLINE
8
P01688
66
1
70
0
0
VERTEX
8
P01688
10
174.159331
20
234.695994
30
0.0
0
VERTEX
8
P01688
10
175.090658
20
234.695994
30
0.0
0
SEQEND
0
POLYLINE
8
P01689
66
1
70
0
0
VERTEX
8
P01689
10
174.074668
20
234.611326
30
0.0
0
VERTEX
8
P01689
10
174.921332
20
234.611326
30
0.0
0
SEQEND
0
POLYLINE
8
P01690
66
1
70
0
0
VERTEX
8
P01690
10
174.074668
20
234.526662
30
0.0
0
VERTEX
8
P01690
10
174.751995
20
234.526662
30
0.0
0
SEQEND
0
POLYLINE
8
P01691
66
1
70
0
0
VERTEX
8
P01691
10
174.074668
20
234.441994
30
0.0
0
VERTEX
8
P01691
10
174.497994
20
234.441994
30
0.0
0
SEQEND
0
POLYLINE
8
P01692
66
1
70
0
0
VERTEX
8
P01692
10
173.989994
20
234.357325
30
0.0
0
VERTEX
8
P01692
10
174.328668
20
234.357325
30
0.0
0
SEQEND
0
POLYLINE
8
P01693
66
1
70
0
0
VERTEX
8
P01693
10
173.989994
20
234.272662
30
0.0
0
VERTEX
8
P01693
10
174.159331
20
234.272662
30
0.0
0
VERTEX
8
P01693
10
173.989994
20
234.272662
30
0.0
0
SEQEND
0
POLYLINE
8
P01694
66
1
70
0
0
VERTEX
8
P01694
10
173.905330
20
234.187993
30
0.0
0
VERTEX
8
P01694
10
177.715326
20
237.405325
30
0.0
0
VERTEX
8
P01694
10
173.905330
20
234.187993
30
0.0
0
SEQEND
0
POLYLINE
8
P01695
66
1
70
0
0
VERTEX
8
P01695
10
177.715326
20
237.405325
30
0.0
0
VERTEX
8
P01695
10
176.868661
20
237.489994
30
0.0
0
VERTEX
8
P01695
10
177.715326
20
237.405325
30
0.0
0
SEQEND
0
POLYLINE
8
P01696
66
1
70
0
0
VERTEX
8
P01696
10
176.868661
20
237.489994
30
0.0
0
VERTEX
8
P01696
10
176.783998
20
238.336658
30
0.0
0
VERTEX
8
P01696
10
176.868661
20
237.489994
30
0.0
0
SEQEND
0
POLYLINE
8
P01697
66
1
70
0
0
VERTEX
8
P01697
10
176.783998
20
238.336658
30
0.0
0
VERTEX
8
P01697
10
173.905330
20
234.187993
30
0.0
0
VERTEX
8
P01697
10
176.783998
20
238.336658
30
0.0
0
SEQEND
0
POLYLINE
8
P01698
66
1
70
0
0
VERTEX
8
P01698
10
173.905330
20
234.187993
30
0.0
0
VERTEX
8
P01698
10
178.562001
20
239.352660
30
0.0
0
VERTEX
8
P01698
10
173.905330
20
234.187993
30
0.0
0
SEQEND
0
POLYLINE
8
P01699
66
1
70
0
0
VERTEX
8
P01699
10
176.868661
20
237.405325
30
0.0
0
VERTEX
8
P01699
10
177.715326
20
237.405325
30
0.0
0
SEQEND
0
POLYLINE
8
P01700
66
1
70
0
0
VERTEX
8
P01700
10
176.783998
20
237.320662
30
0.0
0
VERTEX
8
P01700
10
177.630663
20
237.320662
30
0.0
0
SEQEND
0
POLYLINE
8
P01701
66
1
70
0
0
VERTEX
8
P01701
10
176.699324
20
237.235993
30
0.0
0
VERTEX
8
P01701
10
177.546000
20
237.235993
30
0.0
0
SEQEND
0
POLYLINE
8
P01702
66
1
70
0
0
VERTEX
8
P01702
10
176.614661
20
237.151325
30
0.0
0
VERTEX
8
P01702
10
177.461326
20
237.151325
30
0.0
0
SEQEND
0
POLYLINE
8
P01703
66
1
70
0
0
VERTEX
8
P01703
10
176.529998
20
237.066661
30
0.0
0
VERTEX
8
P01703
10
177.376662
20
237.066661
30
0.0
0
SEQEND
0
POLYLINE
8
P01704
66
1
70
0
0
VERTEX
8
P01704
10
176.445335
20
236.981993
30
0.0
0
VERTEX
8
P01704
10
177.291999
20
236.981993
30
0.0
0
SEQEND
0
POLYLINE
8
P01705
66
1
70
0
0
VERTEX
8
P01705
10
176.360661
20
236.897329
30
0.0
0
VERTEX
8
P01705
10
177.122662
20
236.897329
30
0.0
0
SEQEND
0
POLYLINE
8
P01706
66
1
70
0
0
VERTEX
8
P01706
10
176.275997
20
236.812661
30
0.0
0
VERTEX
8
P01706
10
177.037999
20
236.812661
30
0.0
0
SEQEND
0
POLYLINE
8
P01707
66
1
70
0
0
VERTEX
8
P01707
10
176.191334
20
236.727992
30
0.0
0
VERTEX
8
P01707
10
176.953325
20
236.727992
30
0.0
0
SEQEND
0
POLYLINE
8
P01708
66
1
70
0
0
VERTEX
8
P01708
10
176.191334
20
236.643329
30
0.0
0
VERTEX
8
P01708
10
176.868661
20
236.643329
30
0.0
0
SEQEND
0
POLYLINE
8
P01709
66
1
70
0
0
VERTEX
8
P01709
10
176.106660
20
236.558660
30
0.0
0
VERTEX
8
P01709
10
176.783998
20
236.558660
30
0.0
0
SEQEND
0
POLYLINE
8
P01710
66
1
70
0
0
VERTEX
8
P01710
10
176.021997
20
236.473992
30
0.0
0
VERTEX
8
P01710
10
176.614661
20
236.473992
30
0.0
0
SEQEND
0
POLYLINE
8
P01711
66
1
70
0
0
VERTEX
8
P01711
10
175.937334
20
236.389329
30
0.0
0
VERTEX
8
P01711
10
176.529998
20
236.389329
30
0.0
0
SEQEND
0
POLYLINE
8
P01712
66
1
70
0
0
VERTEX
8
P01712
10
175.852660
20
236.304660
30
0.0
0
VERTEX
8
P01712
10
176.445335
20
236.304660
30
0.0
0
SEQEND
0
POLYLINE
8
P01713
66
1
70
0
0
VERTEX
8
P01713
10
175.767997
20
236.219991
30
0.0
0
VERTEX
8
P01713
10
176.360661
20
236.219991
30
0.0
0
SEQEND
0
POLYLINE
8
P01714
66
1
70
0
0
VERTEX
8
P01714
10
175.683333
20
236.135328
30
0.0
0
VERTEX
8
P01714
10
176.275997
20
236.135328
30
0.0
0
SEQEND
0
POLYLINE
8
P01715
66
1
70
0
0
VERTEX
8
P01715
10
175.598659
20
236.050660
30
0.0
0
VERTEX
8
P01715
10
176.191334
20
236.050660
30
0.0
0
SEQEND
0
POLYLINE
8
P01716
66
1
70
0
0
VERTEX
8
P01716
10
175.513996
20
235.965991
30
0.0
0
VERTEX
8
P01716
10
176.021997
20
235.965991
30
0.0
0
SEQEND
0
POLYLINE
8
P01717
66
1
70
0
0
VERTEX
8
P01717
10
175.429333
20
235.881328
30
0.0
0
VERTEX
8
P01717
10
175.937334
20
235.881328
30
0.0
0
SEQEND
0
POLYLINE
8
P01718
66
1
70
0
0
VERTEX
8
P01718
10
175.429333
20
235.796659
30
0.0
0
VERTEX
8
P01718
10
175.852660
20
235.796659
30
0.0
0
SEQEND
0
POLYLINE
8
P01719
66
1
70
0
0
VERTEX
8
P01719
10
175.344659
20
235.711996
30
0.0
0
VERTEX
8
P01719
10
175.767997
20
235.711996
30
0.0
0
SEQEND
0
POLYLINE
8
P01720
66
1
70
0
0
VERTEX
8
P01720
10
175.259996
20
235.627327
30
0.0
0
VERTEX
8
P01720
10
175.683333
20
235.627327
30
0.0
0
SEQEND
0
POLYLINE
8
P01721
66
1
70
0
0
VERTEX
8
P01721
10
175.175332
20
235.542659
30
0.0
0
VERTEX
8
P01721
10
175.513996
20
235.542659
30
0.0
0
SEQEND
0
POLYLINE
8
P01722
66
1
70
0
0
VERTEX
8
P01722
10
175.090658
20
235.457995
30
0.0
0
VERTEX
8
P01722
10
175.429333
20
235.457995
30
0.0
0
SEQEND
0
POLYLINE
8
P01723
66
1
70
0
0
VERTEX
8
P01723
10
175.005995
20
235.373327
30
0.0
0
VERTEX
8
P01723
10
175.344659
20
235.373327
30
0.0
0
SEQEND
0
POLYLINE
8
P01724
66
1
70
0
0
VERTEX
8
P01724
10
174.921332
20
235.288658
30
0.0
0
VERTEX
8
P01724
10
175.259996
20
235.288658
30
0.0
0
SEQEND
0
POLYLINE
8
P01725
66
1
70
0
0
VERTEX
8
P01725
10
174.836658
20
235.203995
30
0.0
0
VERTEX
8
P01725
10
175.175332
20
235.203995
30
0.0
0
SEQEND
0
POLYLINE
8
P01726
66
1
70
0
0
VERTEX
8
P01726
10
174.751995
20
235.119326
30
0.0
0
VERTEX
8
P01726
10
175.090658
20
235.119326
30
0.0
0
SEQEND
0
POLYLINE
8
P01727
66
1
70
0
0
VERTEX
8
P01727
10
174.667332
20
235.034658
30
0.0
0
VERTEX
8
P01727
10
174.921332
20
235.034658
30
0.0
0
SEQEND
0
POLYLINE
8
P01728
66
1
70
0
0
VERTEX
8
P01728
10
174.667332
20
234.949995
30
0.0
0
VERTEX
8
P01728
10
174.836658
20
234.949995
30
0.0
0
SEQEND
0
POLYLINE
8
P01729
66
1
70
0
0
VERTEX
8
P01729
10
174.582658
20
234.865326
30
0.0
0
VERTEX
8
P01729
10
174.751995
20
234.865326
30
0.0
0
SEQEND
0
POLYLINE
8
P01730
66
1
70
0
0
VERTEX
8
P01730
10
174.497994
20
234.780663
30
0.0
0
VERTEX
8
P01730
10
174.667332
20
234.780663
30
0.0
0
SEQEND
0
POLYLINE
8
P01731
66
1
70
0
0
VERTEX
8
P01731
10
174.413331
20
234.695994
30
0.0
0
VERTEX
8
P01731
10
174.582658
20
234.695994
30
0.0
0
SEQEND
0
POLYLINE
8
P01732
66
1
70
0
0
VERTEX
8
P01732
10
174.328668
20
234.611326
30
0.0
0
VERTEX
8
P01732
10
174.413331
20
234.611326
30
0.0
0
SEQEND
0
POLYLINE
8
P01733
66
1
70
0
0
VERTEX
8
P01733
10
174.243994
20
234.526662
30
0.0
0
VERTEX
8
P01733
10
174.328668
20
234.526662
30
0.0
0
SEQEND
0
POLYLINE
8
P01734
66
1
70
0
0
VERTEX
8
P01734
10
174.159331
20
234.441994
30
0.0
0
VERTEX
8
P01734
10
174.243994
20
234.441994
30
0.0
0
SEQEND
0
POLYLINE
8
P01735
66
1
70
0
0
VERTEX
8
P01735
10
174.074668
20
234.357325
30
0.0
0
VERTEX
8
P01735
10
174.159331
20
234.357325
30
0.0
0
SEQEND
0
POLYLINE
8
P01736
66
1
70
0
0
VERTEX
8
P01736
10
173.989994
20
234.272662
30
0.0
0
VERTEX
8
P01736
10
174.074668
20
234.272662
30
0.0
0
VERTEX
8
P01736
10
173.989994
20
234.272662
30
0.0
0
SEQEND
0
POLYLINE
8
P01737
66
1
70
0
0
VERTEX
8
P01737
10
176.783998
20
238.251995
30
0.0
0
VERTEX
8
P01737
10
176.868661
20
238.251995
30
0.0
0
SEQEND
0
POLYLINE
8
P01738
66
1
70
0
0
VERTEX
8
P01738
10
176.699324
20
238.167326
30
0.0
0
VERTEX
8
P01738
10
176.868661
20
238.167326
30
0.0
0
SEQEND
0
POLYLINE
8
P01739
66
1
70
0
0
VERTEX
8
P01739
10
176.614661
20
238.082658
30
0.0
0
VERTEX
8
P01739
10
176.868661
20
238.082658
30
0.0
0
SEQEND
0
POLYLINE
8
P01740
66
1
70
0
0
VERTEX
8
P01740
10
176.614661
20
237.997994
30
0.0
0
VERTEX
8
P01740
10
176.868661
20
237.997994
30
0.0
0
SEQEND
0
POLYLINE
8
P01741
66
1
70
0
0
VERTEX
8
P01741
10
176.529998
20
237.913326
30
0.0
0
VERTEX
8
P01741
10
176.868661
20
237.913326
30
0.0
0
SEQEND
0
POLYLINE
8
P01742
66
1
70
0
0
VERTEX
8
P01742
10
176.445335
20
237.828663
30
0.0
0
VERTEX
8
P01742
10
176.868661
20
237.828663
30
0.0
0
SEQEND
0
POLYLINE
8
P01743
66
1
70
0
0
VERTEX
8
P01743
10
176.445335
20
237.743994
30
0.0
0
VERTEX
8
P01743
10
176.868661
20
237.743994
30
0.0
0
SEQEND
0
POLYLINE
8
P01744
66
1
70
0
0
VERTEX
8
P01744
10
176.360661
20
237.659325
30
0.0
0
VERTEX
8
P01744
10
176.868661
20
237.659325
30
0.0
0
SEQEND
0
POLYLINE
8
P01745
66
1
70
0
0
VERTEX
8
P01745
10
176.275997
20
237.574662
30
0.0
0
VERTEX
8
P01745
10
176.868661
20
237.574662
30
0.0
0
SEQEND
0
POLYLINE
8
P01746
66
1
70
0
0
VERTEX
8
P01746
10
176.275997
20
237.489994
30
0.0
0
VERTEX
8
P01746
10
176.868661
20
237.489994
30
0.0
0
SEQEND
0
POLYLINE
8
P01747
66
1
70
0
0
VERTEX
8
P01747
10
176.191334
20
237.405325
30
0.0
0
VERTEX
8
P01747
10
176.868661
20
237.405325
30
0.0
0
SEQEND
0
POLYLINE
8
P01748
66
1
70
0
0
VERTEX
8
P01748
10
176.106660
20
237.320662
30
0.0
0
VERTEX
8
P01748
10
176.783998
20
237.320662
30
0.0
0
SEQEND
0
POLYLINE
8
P01749
66
1
70
0
0
VERTEX
8
P01749
10
176.021997
20
237.235993
30
0.0
0
VERTEX
8
P01749
10
176.699324
20
237.235993
30
0.0
0
SEQEND
0
POLYLINE
8
P01750
66
1
70
0
0
VERTEX
8
P01750
10
176.021997
20
237.151325
30
0.0
0
VERTEX
8
P01750
10
176.614661
20
237.151325
30
0.0
0
SEQEND
0
POLYLINE
8
P01751
66
1
70
0
0
VERTEX
8
P01751
10
175.937334
20
237.066661
30
0.0
0
VERTEX
8
P01751
10
176.529998
20
237.066661
30
0.0
0
SEQEND
0
POLYLINE
8
P01752
66
1
70
0
0
VERTEX
8
P01752
10
175.852660
20
236.981993
30
0.0
0
VERTEX
8
P01752
10
176.445335
20
236.981993
30
0.0
0
SEQEND
0
POLYLINE
8
P01753
66
1
70
0
0
VERTEX
8
P01753
10
175.852660
20
236.897329
30
0.0
0
VERTEX
8
P01753
10
176.360661
20
236.897329
30
0.0
0
SEQEND
0
POLYLINE
8
P01754
66
1
70
0
0
VERTEX
8
P01754
10
175.767997
20
236.812661
30
0.0
0
VERTEX
8
P01754
10
176.275997
20
236.812661
30
0.0
0
SEQEND
0
POLYLINE
8
P01755
66
1
70
0
0
VERTEX
8
P01755
10
175.683333
20
236.727992
30
0.0
0
VERTEX
8
P01755
10
176.191334
20
236.727992
30
0.0
0
SEQEND
0
POLYLINE
8
P01756
66
1
70
0
0
VERTEX
8
P01756
10
175.683333
20
236.643329
30
0.0
0
VERTEX
8
P01756
10
176.191334
20
236.643329
30
0.0
0
SEQEND
0
POLYLINE
8
P01757
66
1
70
0
0
VERTEX
8
P01757
10
175.598659
20
236.558660
30
0.0
0
VERTEX
8
P01757
10
176.106660
20
236.558660
30
0.0
0
SEQEND
0
POLYLINE
8
P01758
66
1
70
0
0
VERTEX
8
P01758
10
175.513996
20
236.473992
30
0.0
0
VERTEX
8
P01758
10
176.021997
20
236.473992
30
0.0
0
SEQEND
0
POLYLINE
8
P01759
66
1
70
0
0
VERTEX
8
P01759
10
175.513996
20
236.389329
30
0.0
0
VERTEX
8
P01759
10
175.937334
20
236.389329
30
0.0
0
SEQEND
0
POLYLINE
8
P01760
66
1
70
0
0
VERTEX
8
P01760
10
175.429333
20
236.304660
30
0.0
0
VERTEX
8
P01760
10
175.852660
20
236.304660
30
0.0
0
SEQEND
0
POLYLINE
8
P01761
66
1
70
0
0
VERTEX
8
P01761
10
175.344659
20
236.219991
30
0.0
0
VERTEX
8
P01761
10
175.767997
20
236.219991
30
0.0
0
SEQEND
0
POLYLINE
8
P01762
66
1
70
0
0
VERTEX
8
P01762
10
175.259996
20
236.135328
30
0.0
0
VERTEX
8
P01762
10
175.683333
20
236.135328
30
0.0
0
SEQEND
0
POLYLINE
8
P01763
66
1
70
0
0
VERTEX
8
P01763
10
175.259996
20
236.050660
30
0.0
0
VERTEX
8
P01763
10
175.598659
20
236.050660
30
0.0
0
SEQEND
0
POLYLINE
8
P01764
66
1
70
0
0
VERTEX
8
P01764
10
175.175332
20
235.965991
30
0.0
0
VERTEX
8
P01764
10
175.513996
20
235.965991
30
0.0
0
SEQEND
0
POLYLINE
8
P01765
66
1
70
0
0
VERTEX
8
P01765
10
175.090658
20
235.881328
30
0.0
0
VERTEX
8
P01765
10
175.429333
20
235.881328
30
0.0
0
SEQEND
0
POLYLINE
8
P01766
66
1
70
0
0
VERTEX
8
P01766
10
175.090658
20
235.796659
30
0.0
0
VERTEX
8
P01766
10
175.429333
20
235.796659
30
0.0
0
SEQEND
0
POLYLINE
8
P01767
66
1
70
0
0
VERTEX
8
P01767
10
175.005995
20
235.711996
30
0.0
0
VERTEX
8
P01767
10
175.344659
20
235.711996
30
0.0
0
SEQEND
0
POLYLINE
8
P01768
66
1
70
0
0
VERTEX
8
P01768
10
174.921332
20
235.627327
30
0.0
0
VERTEX
8
P01768
10
175.259996
20
235.627327
30
0.0
0
SEQEND
0
POLYLINE
8
P01769
66
1
70
0
0
VERTEX
8
P01769
10
174.921332
20
235.542659
30
0.0
0
VERTEX
8
P01769
10
175.175332
20
235.542659
30
0.0
0
SEQEND
0
POLYLINE
8
P01770
66
1
70
0
0
VERTEX
8
P01770
10
174.836658
20
235.457995
30
0.0
0
VERTEX
8
P01770
10
175.090658
20
235.457995
30
0.0
0
SEQEND
0
POLYLINE
8
P01771
66
1
70
0
0
VERTEX
8
P01771
10
174.751995
20
235.373327
30
0.0
0
VERTEX
8
P01771
10
175.005995
20
235.373327
30
0.0
0
SEQEND
0
POLYLINE
8
P01772
66
1
70
0
0
VERTEX
8
P01772
10
174.751995
20
235.288658
30
0.0
0
VERTEX
8
P01772
10
174.921332
20
235.288658
30
0.0
0
SEQEND
0
POLYLINE
8
P01773
66
1
70
0
0
VERTEX
8
P01773
10
174.667332
20
235.203995
30
0.0
0
VERTEX
8
P01773
10
174.836658
20
235.203995
30
0.0
0
SEQEND
0
POLYLINE
8
P01774
66
1
70
0
0
VERTEX
8
P01774
10
174.582658
20
235.119326
30
0.0
0
VERTEX
8
P01774
10
174.751995
20
235.119326
30
0.0
0
SEQEND
0
POLYLINE
8
P01775
66
1
70
0
0
VERTEX
8
P01775
10
174.497994
20
235.034658
30
0.0
0
VERTEX
8
P01775
10
174.667332
20
235.034658
30
0.0
0
SEQEND
0
POLYLINE
8
P01776
66
1
70
0
0
VERTEX
8
P01776
10
174.497994
20
234.949995
30
0.0
0
VERTEX
8
P01776
10
174.667332
20
234.949995
30
0.0
0
SEQEND
0
POLYLINE
8
P01777
66
1
70
0
0
VERTEX
8
P01777
10
174.413331
20
234.865326
30
0.0
0
VERTEX
8
P01777
10
174.582658
20
234.865326
30
0.0
0
SEQEND
0
POLYLINE
8
P01778
66
1
70
0
0
VERTEX
8
P01778
10
174.328668
20
234.780663
30
0.0
0
VERTEX
8
P01778
10
174.497994
20
234.780663
30
0.0
0
SEQEND
0
POLYLINE
8
P01779
66
1
70
0
0
VERTEX
8
P01779
10
174.328668
20
234.695994
30
0.0
0
VERTEX
8
P01779
10
174.413331
20
234.695994
30
0.0
0
SEQEND
0
POLYLINE
8
P01780
66
1
70
0
0
VERTEX
8
P01780
10
174.243994
20
234.611326
30
0.0
0
VERTEX
8
P01780
10
174.328668
20
234.611326
30
0.0
0
SEQEND
0
POLYLINE
8
P01781
66
1
70
0
0
VERTEX
8
P01781
10
174.159331
20
234.526662
30
0.0
0
VERTEX
8
P01781
10
174.243994
20
234.526662
30
0.0
0
VERTEX
8
P01781
10
174.159331
20
234.526662
30
0.0
0
SEQEND
0
POLYLINE
8
P01782
66
1
70
0
0
VERTEX
8
P01782
10
169.248659
20
228.938658
30
0.0
0
VERTEX
8
P01782
10
173.905330
20
234.187993
30
0.0
0
VERTEX
8
P01782
10
169.248659
20
228.938658
30
0.0
0
SEQEND
0
POLYLINE
8
P01783
66
1
70
0
0
VERTEX
8
P01783
10
188.721986
20
263.143994
30
0.0
0
VERTEX
8
P01783
10
188.891334
20
263.143994
30
0.0
0
SEQEND
0
POLYLINE
8
P01784
66
1
70
0
0
VERTEX
8
P01784
10
188.637323
20
263.059325
30
0.0
0
VERTEX
8
P01784
10
188.975997
20
263.059325
30
0.0
0
SEQEND
0
POLYLINE
8
P01785
66
1
70
0
0
VERTEX
8
P01785
10
188.552660
20
262.974659
30
0.0
0
VERTEX
8
P01785
10
189.060661
20
262.974659
30
0.0
0
SEQEND
0
POLYLINE
8
P01786
66
1
70
0
0
VERTEX
8
P01786
10
188.467997
20
262.889994
30
0.0
0
VERTEX
8
P01786
10
189.145324
20
262.889994
30
0.0
0
SEQEND
0
POLYLINE
8
P01787
66
1
70
0
0
VERTEX
8
P01787
10
188.383333
20
262.805328
30
0.0
0
VERTEX
8
P01787
10
189.229987
20
262.805328
30
0.0
0
SEQEND
0
POLYLINE
8
P01788
66
1
70
0
0
VERTEX
8
P01788
10
188.298670
20
262.720659
30
0.0
0
VERTEX
8
P01788
10
189.314672
20
262.720659
30
0.0
0
SEQEND
0
POLYLINE
8
P01789
66
1
70
0
0
VERTEX
8
P01789
10
188.213985
20
262.635993
30
0.0
0
VERTEX
8
P01789
10
189.399335
20
262.635993
30
0.0
0
SEQEND
0
POLYLINE
8
P01790
66
1
70
0
0
VERTEX
8
P01790
10
188.129322
20
262.551327
30
0.0
0
VERTEX
8
P01790
10
189.483998
20
262.551327
30
0.0
0
SEQEND
0
POLYLINE
8
P01791
66
1
70
0
0
VERTEX
8
P01791
10
188.044659
20
262.466659
30
0.0
0
VERTEX
8
P01791
10
189.653325
20
262.466659
30
0.0
0
SEQEND
0
POLYLINE
8
P01792
66
1
70
0
0
VERTEX
8
P01792
10
187.959996
20
262.381993
30
0.0
0
VERTEX
8
P01792
10
189.737988
20
262.381993
30
0.0
0
SEQEND
0
POLYLINE
8
P01793
66
1
70
0
0
VERTEX
8
P01793
10
187.959996
20
262.297327
30
0.0
0
VERTEX
8
P01793
10
189.822673
20
262.297327
30
0.0
0
SEQEND
0
POLYLINE
8
P01794
66
1
70
0
0
VERTEX
8
P01794
10
187.875332
20
262.212661
30
0.0
0
VERTEX
8
P01794
10
189.907336
20
262.212661
30
0.0
0
SEQEND
0
POLYLINE
8
P01795
66
1
70
0
0
VERTEX
8
P01795
10
187.790669
20
262.127992
30
0.0
0
VERTEX
8
P01795
10
189.991999
20
262.127992
30
0.0
0
SEQEND
0
POLYLINE
8
P01796
66
1
70
0
0
VERTEX
8
P01796
10
187.706006
20
262.043326
30
0.0
0
VERTEX
8
P01796
10
190.076662
20
262.043326
30
0.0
0
SEQEND
0
POLYLINE
8
P01797
66
1
70
0
0
VERTEX
8
P01797
10
187.621321
20
261.958660
30
0.0
0
VERTEX
8
P01797
10
190.161326
20
261.958660
30
0.0
0
SEQEND
0
POLYLINE
8
P01798
66
1
70
0
0
VERTEX
8
P01798
10
187.536658
20
261.873992
30
0.0
0
VERTEX
8
P01798
10
190.245989
20
261.873992
30
0.0
0
SEQEND
0
POLYLINE
8
P01799
66
1
70
0
0
VERTEX
8
P01799
10
187.451995
20
261.789326
30
0.0
0
VERTEX
8
P01799
10
190.415337
20
261.789326
30
0.0
0
SEQEND
0
POLYLINE
8
P01800
66
1
70
0
0
VERTEX
8
P01800
10
187.367332
20
261.704660
30
0.0
0
VERTEX
8
P01800
10
190.500000
20
261.704660
30
0.0
0
SEQEND
0
POLYLINE
8
P01801
66
1
70
0
0
VERTEX
8
P01801
10
187.282668
20
261.619994
30
0.0
0
VERTEX
8
P01801
10
190.584663
20
261.619994
30
0.0
0
SEQEND
0
POLYLINE
8
P01802
66
1
70
0
0
VERTEX
8
P01802
10
187.198005
20
261.535325
30
0.0
0
VERTEX
8
P01802
10
190.669326
20
261.535325
30
0.0
0
SEQEND
0
POLYLINE
8
P01803
66
1
70
0
0
VERTEX
8
P01803
10
187.198005
20
261.450660
30
0.0
0
VERTEX
8
P01803
10
190.753990
20
261.450660
30
0.0
0
SEQEND
0
POLYLINE
8
P01804
66
1
70
0
0
VERTEX
8
P01804
10
187.113320
20
261.365994
30
0.0
0
VERTEX
8
P01804
10
190.838653
20
261.365994
30
0.0
0
SEQEND
0
POLYLINE
8
P01805
66
1
70
0
0
VERTEX
8
P01805
10
187.028657
20
261.281328
30
0.0
0
VERTEX
8
P01805
10
190.923338
20
261.281328
30
0.0
0
SEQEND
0
POLYLINE
8
P01806
66
1
70
0
0
VERTEX
8
P01806
10
186.943994
20
261.196659
30
0.0
0
VERTEX
8
P01806
10
191.008001
20
261.196659
30
0.0
0
SEQEND
0
POLYLINE
8
P01807
66
1
70
0
0
VERTEX
8
P01807
10
186.859331
20
261.111993
30
0.0
0
VERTEX
8
P01807
10
191.177327
20
261.111993
30
0.0
0
SEQEND
0
POLYLINE
8
P01808
66
1
70
0
0
VERTEX
8
P01808
10
186.774668
20
261.027327
30
0.0
0
VERTEX
8
P01808
10
191.261991
20
261.027327
30
0.0
0
SEQEND
0
POLYLINE
8
P01809
66
1
70
0
0
VERTEX
8
P01809
10
186.690004
20
260.942659
30
0.0
0
VERTEX
8
P01809
10
191.346654
20
260.942659
30
0.0
0
SEQEND
0
POLYLINE
8
P01810
66
1
70
0
0
VERTEX
8
P01810
10
186.605320
20
260.857993
30
0.0
0
VERTEX
8
P01810
10
191.431339
20
260.857993
30
0.0
0
SEQEND
0
POLYLINE
8
P01811
66
1
70
0
0
VERTEX
8
P01811
10
186.520656
20
260.773327
30
0.0
0
VERTEX
8
P01811
10
191.516002
20
260.773327
30
0.0
0
SEQEND
0
POLYLINE
8
P01812
66
1
70
0
0
VERTEX
8
P01812
10
186.435993
20
260.688661
30
0.0
0
VERTEX
8
P01812
10
191.600665
20
260.688661
30
0.0
0
SEQEND
0
POLYLINE
8
P01813
66
1
70
0
0
VERTEX
8
P01813
10
186.351330
20
260.603992
30
0.0
0
VERTEX
8
P01813
10
191.685328
20
260.603992
30
0.0
0
SEQEND
0
POLYLINE
8
P01814
66
1
70
0
0
VERTEX
8
P01814
10
186.351330
20
260.519326
30
0.0
0
VERTEX
8
P01814
10
191.769991
20
260.519326
30
0.0
0
SEQEND
0
POLYLINE
8
P01815
66
1
70
0
0
VERTEX
8
P01815
10
186.266667
20
260.434661
30
0.0
0
VERTEX
8
P01815
10
191.854655
20
260.434661
30
0.0
0
SEQEND
0
POLYLINE
8
P01816
66
1
70
0
0
VERTEX
8
P01816
10
186.182003
20
260.349992
30
0.0
0
VERTEX
8
P01816
10
192.024003
20
260.349992
30
0.0
0
SEQEND
0
POLYLINE
8
P01817
66
1
70
0
0
VERTEX
8
P01817
10
186.097319
20
260.265326
30
0.0
0
VERTEX
8
P01817
10
192.108666
20
260.265326
30
0.0
0
SEQEND
0
POLYLINE
8
P01818
66
1
70
0
0
VERTEX
8
P01818
10
186.012655
20
260.180660
30
0.0
0
VERTEX
8
P01818
10
192.193329
20
260.180660
30
0.0
0
SEQEND
0
POLYLINE
8
P01819
66
1
70
0
0
VERTEX
8
P01819
10
185.927992
20
260.095994
30
0.0
0
VERTEX
8
P01819
10
192.277992
20
260.095994
30
0.0
0
SEQEND
0
POLYLINE
8
P01820
66
1
70
0
0
VERTEX
8
P01820
10
185.843329
20
260.011326
30
0.0
0
VERTEX
8
P01820
10
192.362655
20
260.011326
30
0.0
0
SEQEND
0
POLYLINE
8
P01821
66
1
70
0
0
VERTEX
8
P01821
10
185.758666
20
259.926660
30
0.0
0
VERTEX
8
P01821
10
192.447319
20
259.926660
30
0.0
0
SEQEND
0
POLYLINE
8
P01822
66
1
70
0
0
VERTEX
8
P01822
10
185.674003
20
259.841994
30
0.0
0
VERTEX
8
P01822
10
192.532003
20
259.841994
30
0.0
0
SEQEND
0
POLYLINE
8
P01823
66
1
70
0
0
VERTEX
8
P01823
10
185.589339
20
259.757325
30
0.0
0
VERTEX
8
P01823
10
192.616667
20
259.757325
30
0.0
0
SEQEND
0
POLYLINE
8
P01824
66
1
70
0
0
VERTEX
8
P01824
10
185.589339
20
259.672659
30
0.0
0
VERTEX
8
P01824
10
192.785993
20
259.672659
30
0.0
0
SEQEND
0
POLYLINE
8
P01825
66
1
70
0
0
VERTEX
8
P01825
10
185.504655
20
259.587993
30
0.0
0
VERTEX
8
P01825
10
192.870656
20
259.587993
30
0.0
0
SEQEND
0
POLYLINE
8
P01826
66
1
70
0
0
VERTEX
8
P01826
10
185.419991
20
259.503327
30
0.0
0
VERTEX
8
P01826
10
192.955320
20
259.503327
30
0.0
0
SEQEND
0
POLYLINE
8
P01827
66
1
70
0
0
VERTEX
8
P01827
10
185.335328
20
259.418659
30
0.0
0
VERTEX
8
P01827
10
193.040004
20
259.418659
30
0.0
0
SEQEND
0
POLYLINE
8
P01828
66
1
70
0
0
VERTEX
8
P01828
10
185.250665
20
259.333993
30
0.0
0
VERTEX
8
P01828
10
193.124668
20
259.333993
30
0.0
0
SEQEND
0
POLYLINE
8
P01829
66
1
70
0
0
VERTEX
8
P01829
10
185.166002
20
259.249327
30
0.0
0
VERTEX
8
P01829
10
193.209331
20
259.249327
30
0.0
0
SEQEND
0
POLYLINE
8
P01830
66
1
70
0
0
VERTEX
8
P01830
10
185.081339
20
259.164661
30
0.0
0
VERTEX
8
P01830
10
193.293994
20
259.164661
30
0.0
0
SEQEND
0
POLYLINE
8
P01831
66
1
70
0
0
VERTEX
8
P01831
10
184.996654
20
259.079992
30
0.0
0
VERTEX
8
P01831
10
193.378657
20
259.079992
30
0.0
0
SEQEND
0
POLYLINE
8
P01832
66
1
70
0
0
VERTEX
8
P01832
10
184.911991
20
258.995327
30
0.0
0
VERTEX
8
P01832
10
193.548005
20
258.995327
30
0.0
0
SEQEND
0
POLYLINE
8
P01833
66
1
70
0
0
VERTEX
8
P01833
10
184.827327
20
258.910661
30
0.0
0
VERTEX
8
P01833
10
193.632668
20
258.910661
30
0.0
0
SEQEND
0
POLYLINE
8
P01834
66
1
70
0
0
VERTEX
8
P01834
10
184.742664
20
258.825992
30
0.0
0
VERTEX
8
P01834
10
193.717332
20
258.825992
30
0.0
0
SEQEND
0
POLYLINE
8
P01835
66
1
70
0
0
VERTEX
8
P01835
10
184.742664
20
258.741326
30
0.0
0
VERTEX
8
P01835
10
193.801995
20
258.741326
30
0.0
0
SEQEND
0
POLYLINE
8
P01836
66
1
70
0
0
VERTEX
8
P01836
10
184.658001
20
258.656660
30
0.0
0
VERTEX
8
P01836
10
193.886658
20
258.656660
30
0.0
0
SEQEND
0
POLYLINE
8
P01837
66
1
70
0
0
VERTEX
8
P01837
10
184.573338
20
258.571994
30
0.0
0
VERTEX
8
P01837
10
193.971321
20
258.571994
30
0.0
0
SEQEND
0
POLYLINE
8
P01838
66
1
70
0
0
VERTEX
8
P01838
10
184.488653
20
258.487326
30
0.0
0
VERTEX
8
P01838
10
194.056006
20
258.487326
30
0.0
0
SEQEND
0
POLYLINE
8
P01839
66
1
70
0
0
VERTEX
8
P01839
10
184.403990
20
258.402660
30
0.0
0
VERTEX
8
P01839
10
194.140669
20
258.402660
30
0.0
0
SEQEND
0
POLYLINE
8
P01840
66
1
70
0
0
VERTEX
8
P01840
10
184.319326
20
258.317994
30
0.0
0
VERTEX
8
P01840
10
194.225332
20
258.317994
30
0.0
0
SEQEND
0
POLYLINE
8
P01841
66
1
70
0
0
VERTEX
8
P01841
10
184.234663
20
258.233325
30
0.0
0
VERTEX
8
P01841
10
194.225332
20
258.233325
30
0.0
0
SEQEND
0
POLYLINE
8
P01842
66
1
70
0
0
VERTEX
8
P01842
10
184.150000
20
258.148659
30
0.0
0
VERTEX
8
P01842
10
194.140669
20
258.148659
30
0.0
0
SEQEND
0
POLYLINE
8
P01843
66
1
70
0
0
VERTEX
8
P01843
10
184.065337
20
258.063993
30
0.0
0
VERTEX
8
P01843
10
194.056006
20
258.063993
30
0.0
0
SEQEND
0
POLYLINE
8
P01844
66
1
70
0
0
VERTEX
8
P01844
10
183.980652
20
257.979328
30
0.0
0
VERTEX
8
P01844
10
193.971321
20
257.979328
30
0.0
0
SEQEND
0
POLYLINE
8
P01845
66
1
70
0
0
VERTEX
8
P01845
10
183.980652
20
257.894659
30
0.0
0
VERTEX
8
P01845
10
193.886658
20
257.894659
30
0.0
0
SEQEND
0
POLYLINE
8
P01846
66
1
70
0
0
VERTEX
8
P01846
10
183.895989
20
257.809993
30
0.0
0
VERTEX
8
P01846
10
193.801995
20
257.809993
30
0.0
0
SEQEND
0
POLYLINE
8
P01847
66
1
70
0
0
VERTEX
8
P01847
10
183.811326
20
257.725327
30
0.0
0
VERTEX
8
P01847
10
193.717332
20
257.725327
30
0.0
0
SEQEND
0
POLYLINE
8
P01848
66
1
70
0
0
VERTEX
8
P01848
10
183.726662
20
257.640658
30
0.0
0
VERTEX
8
P01848
10
193.632668
20
257.640658
30
0.0
0
SEQEND
0
POLYLINE
8
P01849
66
1
70
0
0
VERTEX
8
P01849
10
183.641999
20
257.555993
30
0.0
0
VERTEX
8
P01849
10
193.548005
20
257.555993
30
0.0
0
SEQEND
0
POLYLINE
8
P01850
66
1
70
0
0
VERTEX
8
P01850
10
183.557336
20
257.471327
30
0.0
0
VERTEX
8
P01850
10
193.463320
20
257.471327
30
0.0
0
SEQEND
0
POLYLINE
8
P01851
66
1
70
0
0
VERTEX
8
P01851
10
183.472673
20
257.386661
30
0.0
0
VERTEX
8
P01851
10
193.463320
20
257.386661
30
0.0
0
SEQEND
0
POLYLINE
8
P01852
66
1
70
0
0
VERTEX
8
P01852
10
183.387988
20
257.301992
30
0.0
0
VERTEX
8
P01852
10
193.378657
20
257.301992
30
0.0
0
SEQEND
0
POLYLINE
8
P01853
66
1
70
0
0
VERTEX
8
P01853
10
183.303325
20
257.217326
30
0.0
0
VERTEX
8
P01853
10
193.293994
20
257.217326
30
0.0
0
SEQEND
0
POLYLINE
8
P01854
66
1
70
0
0
VERTEX
8
P01854
10
183.218661
20
257.132660
30
0.0
0
VERTEX
8
P01854
10
193.209331
20
257.132660
30
0.0
0
SEQEND
0
POLYLINE
8
P01855
66
1
70
0
0
VERTEX
8
P01855
10
183.133998
20
257.047994
30
0.0
0
VERTEX
8
P01855
10
193.124668
20
257.047994
30
0.0
0
SEQEND
0
POLYLINE
8
P01856
66
1
70
0
0
VERTEX
8
P01856
10
183.303325
20
256.963326
30
0.0
0
VERTEX
8
P01856
10
193.040004
20
256.963326
30
0.0
0
SEQEND
0
POLYLINE
8
P01857
66
1
70
0
0
VERTEX
8
P01857
10
183.387988
20
256.878660
30
0.0
0
VERTEX
8
P01857
10
192.955320
20
256.878660
30
0.0
0
SEQEND
0
POLYLINE
8
P01858
66
1
70
0
0
VERTEX
8
P01858
10
183.472673
20
256.793994
30
0.0
0
VERTEX
8
P01858
10
192.870656
20
256.793994
30
0.0
0
SEQEND
0
POLYLINE
8
P01859
66
1
70
0
0
VERTEX
8
P01859
10
183.557336
20
256.709325
30
0.0
0
VERTEX
8
P01859
10
192.785993
20
256.709325
30
0.0
0
SEQEND
0
POLYLINE
8
P01860
66
1
70
0
0
VERTEX
8
P01860
10
183.641999
20
256.624659
30
0.0
0
VERTEX
8
P01860
10
192.701330
20
256.624659
30
0.0
0
SEQEND
0
POLYLINE
8
P01861
66
1
70
0
0
VERTEX
8
P01861
10
183.726662
20
256.539994
30
0.0
0
VERTEX
8
P01861
10
192.701330
20
256.539994
30
0.0
0
SEQEND
0
POLYLINE
8
P01862
66
1
70
0
0
VERTEX
8
P01862
10
183.811326
20
256.455328
30
0.0
0
VERTEX
8
P01862
10
192.616667
20
256.455328
30
0.0
0
SEQEND
0
POLYLINE
8
P01863
66
1
70
0
0
VERTEX
8
P01863
10
183.895989
20
256.370659
30
0.0
0
VERTEX
8
P01863
10
192.532003
20
256.370659
30
0.0
0
SEQEND
0
POLYLINE
8
P01864
66
1
70
0
0
VERTEX
8
P01864
10
184.065337
20
256.285993
30
0.0
0
VERTEX
8
P01864
10
192.447319
20
256.285993
30
0.0
0
SEQEND
0
POLYLINE
8
P01865
66
1
70
0
0
VERTEX
8
P01865
10
184.150000
20
256.201327
30
0.0
0
VERTEX
8
P01865
10
192.362655
20
256.201327
30
0.0
0
SEQEND
0
POLYLINE
8
P01866
66
1
70
0
0
VERTEX
8
P01866
10
184.234663
20
256.116659
30
0.0
0
VERTEX
8
P01866
10
192.277992
20
256.116659
30
0.0
0
SEQEND
0
POLYLINE
8
P01867
66
1
70
0
0
VERTEX
8
P01867
10
184.319326
20
256.031993
30
0.0
0
VERTEX
8
P01867
10
192.193329
20
256.031993
30
0.0
0
SEQEND
0
POLYLINE
8
P01868
66
1
70
0
0
VERTEX
8
P01868
10
184.403990
20
255.947327
30
0.0
0
VERTEX
8
P01868
10
192.108666
20
255.947327
30
0.0
0
SEQEND
0
POLYLINE
8
P01869
66
1
70
0
0
VERTEX
8
P01869
10
184.488653
20
255.862661
30
0.0
0
VERTEX
8
P01869
10
192.024003
20
255.862661
30
0.0
0
SEQEND
0
POLYLINE
8
P01870
66
1
70
0
0
VERTEX
8
P01870
10
184.573338
20
255.777992
30
0.0
0
VERTEX
8
P01870
10
191.939339
20
255.777992
30
0.0
0
SEQEND
0
POLYLINE
8
P01871
66
1
70
0
0
VERTEX
8
P01871
10
184.658001
20
255.693326
30
0.0
0
VERTEX
8
P01871
10
191.854655
20
255.693326
30
0.0
0
SEQEND
0
POLYLINE
8
P01872
66
1
70
0
0
VERTEX
8
P01872
10
184.827327
20
255.608660
30
0.0
0
VERTEX
8
P01872
10
191.854655
20
255.608660
30
0.0
0
SEQEND
0
POLYLINE
8
P01873
66
1
70
0
0
VERTEX
8
P01873
10
184.911991
20
255.523995
30
0.0
0
VERTEX
8
P01873
10
191.769991
20
255.523995
30
0.0
0
SEQEND
0
POLYLINE
8
P01874
66
1
70
0
0
VERTEX
8
P01874
10
184.996654
20
255.439326
30
0.0
0
VERTEX
8
P01874
10
191.685328
20
255.439326
30
0.0
0
SEQEND
0
POLYLINE
8
P01875
66
1
70
0
0
VERTEX
8
P01875
10
185.081339
20
255.354660
30
0.0
0
VERTEX
8
P01875
10
191.600665
20
255.354660
30
0.0
0
SEQEND
0
POLYLINE
8
P01876
66
1
70
0
0
VERTEX
8
P01876
10
185.166002
20
255.269994
30
0.0
0
VERTEX
8
P01876
10
191.516002
20
255.269994
30
0.0
0
SEQEND
0
POLYLINE
8
P01877
66
1
70
0
0
VERTEX
8
P01877
10
185.250665
20
255.185325
30
0.0
0
VERTEX
8
P01877
10
191.431339
20
255.185325
30
0.0
0
SEQEND
0
POLYLINE
8
P01878
66
1
70
0
0
VERTEX
8
P01878
10
185.335328
20
255.100660
30
0.0
0
VERTEX
8
P01878
10
191.346654
20
255.100660
30
0.0
0
SEQEND
0
POLYLINE
8
P01879
66
1
70
0
0
VERTEX
8
P01879
10
185.419991
20
255.015994
30
0.0
0
VERTEX
8
P01879
10
191.261991
20
255.015994
30
0.0
0
SEQEND
0
POLYLINE
8
P01880
66
1
70
0
0
VERTEX
8
P01880
10
185.589339
20
254.931328
30
0.0
0
VERTEX
8
P01880
10
191.177327
20
254.931328
30
0.0
0
SEQEND
0
POLYLINE
8
P01881
66
1
70
0
0
VERTEX
8
P01881
10
185.674003
20
254.846659
30
0.0
0
VERTEX
8
P01881
10
191.092664
20
254.846659
30
0.0
0
SEQEND
0
POLYLINE
8
P01882
66
1
70
0
0
VERTEX
8
P01882
10
185.758666
20
254.761993
30
0.0
0
VERTEX
8
P01882
10
191.092664
20
254.761993
30
0.0
0
SEQEND
0
POLYLINE
8
P01883
66
1
70
0
0
VERTEX
8
P01883
10
185.843329
20
254.677327
30
0.0
0
VERTEX
8
P01883
10
191.008001
20
254.677327
30
0.0
0
SEQEND
0
POLYLINE
8
P01884
66
1
70
0
0
VERTEX
8
P01884
10
185.927992
20
254.592659
30
0.0
0
VERTEX
8
P01884
10
190.923338
20
254.592659
30
0.0
0
SEQEND
0
POLYLINE
8
P01885
66
1
70
0
0
VERTEX
8
P01885
10
186.012655
20
254.507993
30
0.0
0
VERTEX
8
P01885
10
190.838653
20
254.507993
30
0.0
0
SEQEND
0
POLYLINE
8
P01886
66
1
70
0
0
VERTEX
8
P01886
10
186.097319
20
254.423327
30
0.0
0
VERTEX
8
P01886
10
190.753990
20
254.423327
30
0.0
0
SEQEND
0
POLYLINE
8
P01887
66
1
70
0
0
VERTEX
8
P01887
10
186.182003
20
254.338661
30
0.0
0
VERTEX
8
P01887
10
190.669326
20
254.338661
30
0.0
0
SEQEND
0
POLYLINE
8
P01888
66
1
70
0
0
VERTEX
8
P01888
10
186.266667
20
254.253992
30
0.0
0
VERTEX
8
P01888
10
190.584663
20
254.253992
30
0.0
0
SEQEND
0
POLYLINE
8
P01889
66
1
70
0
0
VERTEX
8
P01889
10
186.435993
20
254.169326
30
0.0
0
VERTEX
8
P01889
10
190.500000
20
254.169326
30
0.0
0
SEQEND
0
POLYLINE
8
P01890
66
1
70
0
0
VERTEX
8
P01890
10
186.520656
20
254.084661
30
0.0
0
VERTEX
8
P01890
10
190.415337
20
254.084661
30
0.0
0
SEQEND
0
POLYLINE
8
P01891
66
1
70
0
0
VERTEX
8
P01891
10
186.605320
20
253.999992
30
0.0
0
VERTEX
8
P01891
10
190.330652
20
253.999992
30
0.0
0
SEQEND
0
POLYLINE
8
P01892
66
1
70
0
0
VERTEX
8
P01892
10
186.690004
20
253.915326
30
0.0
0
VERTEX
8
P01892
10
190.245989
20
253.915326
30
0.0
0
SEQEND
0
POLYLINE
8
P01893
66
1
70
0
0
VERTEX
8
P01893
10
186.774668
20
253.830660
30
0.0
0
VERTEX
8
P01893
10
190.245989
20
253.830660
30
0.0
0
SEQEND
0
POLYLINE
8
P01894
66
1
70
0
0
VERTEX
8
P01894
10
186.859331
20
253.745994
30
0.0
0
VERTEX
8
P01894
10
190.161326
20
253.745994
30
0.0
0
SEQEND
0
POLYLINE
8
P01895
66
1
70
0
0
VERTEX
8
P01895
10
186.943994
20
253.661326
30
0.0
0
VERTEX
8
P01895
10
190.076662
20
253.661326
30
0.0
0
SEQEND
0
POLYLINE
8
P01896
66
1
70
0
0
VERTEX
8
P01896
10
187.028657
20
253.576660
30
0.0
0
VERTEX
8
P01896
10
189.991999
20
253.576660
30
0.0
0
SEQEND
0
POLYLINE
8
P01897
66
1
70
0
0
VERTEX
8
P01897
10
187.198005
20
253.491994
30
0.0
0
VERTEX
8
P01897
10
189.907336
20
253.491994
30
0.0
0
SEQEND
0
POLYLINE
8
P01898
66
1
70
0
0
VERTEX
8
P01898
10
187.282668
20
253.407328
30
0.0
0
VERTEX
8
P01898
10
189.822673
20
253.407328
30
0.0
0
SEQEND
0
POLYLINE
8
P01899
66
1
70
0
0
VERTEX
8
P01899
10
187.367332
20
253.322659
30
0.0
0
VERTEX
8
P01899
10
189.737988
20
253.322659
30
0.0
0
SEQEND
0
POLYLINE
8
P01900
66
1
70
0
0
VERTEX
8
P01900
10
187.451995
20
253.237993
30
0.0
0
VERTEX
8
P01900
10
189.653325
20
253.237993
30
0.0
0
SEQEND
0
POLYLINE
8
P01901
66
1
70
0
0
VERTEX
8
P01901
10
187.536658
20
253.153327
30
0.0
0
VERTEX
8
P01901
10
189.568661
20
253.153327
30
0.0
0
SEQEND
0
POLYLINE
8
P01902
66
1
70
0
0
VERTEX
8
P01902
10
187.621321
20
253.068659
30
0.0
0
VERTEX
8
P01902
10
189.483998
20
253.068659
30
0.0
0
SEQEND
0
POLYLINE
8
P01903
66
1
70
0
0
VERTEX
8
P01903
10
187.706006
20
252.983993
30
0.0
0
VERTEX
8
P01903
10
189.483998
20
252.983993
30
0.0
0
SEQEND
0
POLYLINE
8
P01904
66
1
70
0
0
VERTEX
8
P01904
10
187.790669
20
252.899324
30
0.0
0
VERTEX
8
P01904
10
189.399335
20
252.899324
30
0.0
0
SEQEND
0
POLYLINE
8
P01905
66
1
70
0
0
VERTEX
8
P01905
10
187.959996
20
252.814661
30
0.0
0
VERTEX
8
P01905
10
189.314672
20
252.814661
30
0.0
0
SEQEND
0
POLYLINE
8
P01906
66
1
70
0
0
VERTEX
8
P01906
10
188.044659
20
252.729992
30
0.0
0
VERTEX
8
P01906
10
189.229987
20
252.729992
30
0.0
0
SEQEND
0
POLYLINE
8
P01907
66
1
70
0
0
VERTEX
8
P01907
10
188.129322
20
252.645329
30
0.0
0
VERTEX
8
P01907
10
189.145324
20
252.645329
30
0.0
0
SEQEND
0
POLYLINE
8
P01908
66
1
70
0
0
VERTEX
8
P01908
10
188.213985
20
252.560661
30
0.0
0
VERTEX
8
P01908
10
189.060661
20
252.560661
30
0.0
0
SEQEND
0
POLYLINE
8
P01909
66
1
70
0
0
VERTEX
8
P01909
10
188.298670
20
252.475992
30
0.0
0
VERTEX
8
P01909
10
188.975997
20
252.475992
30
0.0
0
SEQEND
0
POLYLINE
8
P01910
66
1
70
0
0
VERTEX
8
P01910
10
188.383333
20
252.391329
30
0.0
0
VERTEX
8
P01910
10
188.891334
20
252.391329
30
0.0
0
SEQEND
0
POLYLINE
8
P01911
66
1
70
0
0
VERTEX
8
P01911
10
188.467997
20
252.306660
30
0.0
0
VERTEX
8
P01911
10
188.806671
20
252.306660
30
0.0
0
SEQEND
0
POLYLINE
8
P01912
66
1
70
0
0
VERTEX
8
P01912
10
188.552660
20
252.221992
30
0.0
0
VERTEX
8
P01912
10
188.721986
20
252.221992
30
0.0
0
VERTEX
8
P01912
10
188.552660
20
252.221992
30
0.0
0
SEQEND
0
POLYLINE
8
P01913
66
1
70
0
0
VERTEX
8
P01913
10
101.854000
20
281.177992
30
0.0
0
VERTEX
8
P01913
10
102.023327
20
281.177992
30
0.0
0
SEQEND
0
POLYLINE
8
P01914
66
1
70
0
0
VERTEX
8
P01914
10
101.769326
20
281.093326
30
0.0
0
VERTEX
8
P01914
10
102.108001
20
281.093326
30
0.0
0
SEQEND
0
POLYLINE
8
P01915
66
1
70
0
0
VERTEX
8
P01915
10
101.684663
20
281.008659
30
0.0
0
VERTEX
8
P01915
10
102.192664
20
281.008659
30
0.0
0
SEQEND
0
POLYLINE
8
P01916
66
1
70
0
0
VERTEX
8
P01916
10
101.600000
20
280.923993
30
0.0
0
VERTEX
8
P01916
10
102.277327
20
280.923993
30
0.0
0
SEQEND
0
POLYLINE
8
P01917
66
1
70
0
0
VERTEX
8
P01917
10
101.515326
20
280.839326
30
0.0
0
VERTEX
8
P01917
10
102.362001
20
280.839326
30
0.0
0
SEQEND
0
POLYLINE
8
P01918
66
1
70
0
0
VERTEX
8
P01918
10
101.430663
20
280.754659
30
0.0
0
VERTEX
8
P01918
10
102.446665
20
280.754659
30
0.0
0
SEQEND
0
POLYLINE
8
P01919
66
1
70
0
0
VERTEX
8
P01919
10
101.346000
20
280.669993
30
0.0
0
VERTEX
8
P01919
10
102.531328
20
280.669993
30
0.0
0
SEQEND
0
POLYLINE
8
P01920
66
1
70
0
0
VERTEX
8
P01920
10
101.261336
20
280.585325
30
0.0
0
VERTEX
8
P01920
10
102.616002
20
280.585325
30
0.0
0
SEQEND
0
POLYLINE
8
P01921
66
1
70
0
0
VERTEX
8
P01921
10
101.176662
20
280.500660
30
0.0
0
VERTEX
8
P01921
10
102.700665
20
280.500660
30
0.0
0
SEQEND
0
POLYLINE
8
P01922
66
1
70
0
0
VERTEX
8
P01922
10
101.091999
20
280.415992
30
0.0
0
VERTEX
8
P01922
10
102.785328
20
280.415992
30
0.0
0
SEQEND
0
POLYLINE
8
P01923
66
1
70
0
0
VERTEX
8
P01923
10
101.007336
20
280.331326
30
0.0
0
VERTEX
8
P01923
10
102.870002
20
280.331326
30
0.0
0
SEQEND
0
POLYLINE
8
P01924
66
1
70
0
0
VERTEX
8
P01924
10
100.922662
20
280.246659
30
0.0
0
VERTEX
8
P01924
10
102.954665
20
280.246659
30
0.0
0
SEQEND
0
POLYLINE
8
P01925
66
1
70
0
0
VERTEX
8
P01925
10
100.837999
20
280.161993
30
0.0
0
VERTEX
8
P01925
10
103.039329
20
280.161993
30
0.0
0
SEQEND
0
POLYLINE
8
P01926
66
1
70
0
0
VERTEX
8
P01926
10
100.753335
20
280.077326
30
0.0
0
VERTEX
8
P01926
10
103.124003
20
280.077326
30
0.0
0
SEQEND
0
POLYLINE
8
P01927
66
1
70
0
0
VERTEX
8
P01927
10
100.668661
20
279.992659
30
0.0
0
VERTEX
8
P01927
10
103.208666
20
279.992659
30
0.0
0
SEQEND
0
POLYLINE
8
P01928
66
1
70
0
0
VERTEX
8
P01928
10
100.583998
20
279.907993
30
0.0
0
VERTEX
8
P01928
10
103.293329
20
279.907993
30
0.0
0
SEQEND
0
POLYLINE
8
P01929
66
1
70
0
0
VERTEX
8
P01929
10
100.499335
20
279.823326
30
0.0
0
VERTEX
8
P01929
10
103.378003
20
279.823326
30
0.0
0
SEQEND
0
POLYLINE
8
P01930
66
1
70
0
0
VERTEX
8
P01930
10
100.414661
20
279.738660
30
0.0
0
VERTEX
8
P01930
10
103.462666
20
279.738660
30
0.0
0
SEQEND
0
POLYLINE
8
P01931
66
1
70
0
0
VERTEX
8
P01931
10
100.329998
20
279.653992
30
0.0
0
VERTEX
8
P01931
10
103.547329
20
279.653992
30
0.0
0
SEQEND
0
POLYLINE
8
P01932
66
1
70
0
0
VERTEX
8
P01932
10
100.245335
20
279.569326
30
0.0
0
VERTEX
8
P01932
10
103.631993
20
279.569326
30
0.0
0
SEQEND
0
POLYLINE
8
P01933
66
1
70
0
0
VERTEX
8
P01933
10
100.160661
20
279.484659
30
0.0
0
VERTEX
8
P01933
10
103.716667
20
279.484659
30
0.0
0
SEQEND
0
POLYLINE
8
P01934
66
1
70
0
0
VERTEX
8
P01934
10
100.075997
20
279.399993
30
0.0
0
VERTEX
8
P01934
10
103.801330
20
279.399993
30
0.0
0
SEQEND
0
POLYLINE
8
P01935
66
1
70
0
0
VERTEX
8
P01935
10
99.991334
20
279.315326
30
0.0
0
VERTEX
8
P01935
10
103.885993
20
279.315326
30
0.0
0
SEQEND
0
POLYLINE
8
P01936
66
1
70
0
0
VERTEX
8
P01936
10
99.906660
20
279.230659
30
0.0
0
VERTEX
8
P01936
10
103.970667
20
279.230659
30
0.0
0
SEQEND
0
POLYLINE
8
P01937
66
1
70
0
0
VERTEX
8
P01937
10
99.821997
20
279.145993
30
0.0
0
VERTEX
8
P01937
10
104.055330
20
279.145993
30
0.0
0
SEQEND
0
POLYLINE
8
P01938
66
1
70
0
0
VERTEX
8
P01938
10
99.737334
20
279.061326
30
0.0
0
VERTEX
8
P01938
10
104.139994
20
279.061326
30
0.0
0
SEQEND
0
POLYLINE
8
P01939
66
1
70
0
0
VERTEX
8
P01939
10
99.652660
20
278.976660
30
0.0
0
VERTEX
8
P01939
10
104.224668
20
278.976660
30
0.0
0
SEQEND
0
POLYLINE
8
P01940
66
1
70
0
0
VERTEX
8
P01940
10
99.567997
20
278.891992
30
0.0
0
VERTEX
8
P01940
10
104.309331
20
278.891992
30
0.0
0
SEQEND
0
POLYLINE
8
P01941
66
1
70
0
0
VERTEX
8
P01941
10
99.483333
20
278.807326
30
0.0
0
VERTEX
8
P01941
10
104.393994
20
278.807326
30
0.0
0
SEQEND
0
POLYLINE
8
P01942
66
1
70
0
0
VERTEX
8
P01942
10
99.398659
20
278.722659
30
0.0
0
VERTEX
8
P01942
10
104.478668
20
278.722659
30
0.0
0
SEQEND
0
POLYLINE
8
P01943
66
1
70
0
0
VERTEX
8
P01943
10
99.313996
20
278.637993
30
0.0
0
VERTEX
8
P01943
10
104.563331
20
278.637993
30
0.0
0
SEQEND
0
POLYLINE
8
P01944
66
1
70
0
0
VERTEX
8
P01944
10
99.229333
20
278.553326
30
0.0
0
VERTEX
8
P01944
10
104.647994
20
278.553326
30
0.0
0
SEQEND
0
POLYLINE
8
P01945
66
1
70
0
0
VERTEX
8
P01945
10
99.144670
20
278.468659
30
0.0
0
VERTEX
8
P01945
10
104.732668
20
278.468659
30
0.0
0
SEQEND
0
POLYLINE
8
P01946
66
1
70
0
0
VERTEX
8
P01946
10
99.059996
20
278.383993
30
0.0
0
VERTEX
8
P01946
10
104.817332
20
278.383993
30
0.0
0
SEQEND
0
POLYLINE
8
P01947
66
1
70
0
0
VERTEX
8
P01947
10
98.975332
20
278.299326
30
0.0
0
VERTEX
8
P01947
10
104.901995
20
278.299326
30
0.0
0
SEQEND
0
POLYLINE
8
P01948
66
1
70
0
0
VERTEX
8
P01948
10
98.890669
20
278.214660
30
0.0
0
VERTEX
8
P01948
10
104.986669
20
278.214660
30
0.0
0
SEQEND
0
POLYLINE
8
P01949
66
1
70
0
0
VERTEX
8
P01949
10
98.805995
20
278.129992
30
0.0
0
VERTEX
8
P01949
10
105.071332
20
278.129992
30
0.0
0
SEQEND
0
POLYLINE
8
P01950
66
1
70
0
0
VERTEX
8
P01950
10
98.721332
20
278.045327
30
0.0
0
VERTEX
8
P01950
10
105.155995
20
278.045327
30
0.0
0
SEQEND
0
POLYLINE
8
P01951
66
1
70
0
0
VERTEX
8
P01951
10
98.636669
20
277.960659
30
0.0
0
VERTEX
8
P01951
10
105.240669
20
277.960659
30
0.0
0
SEQEND
0
POLYLINE
8
P01952
66
1
70
0
0
VERTEX
8
P01952
10
98.551995
20
277.875992
30
0.0
0
VERTEX
8
P01952
10
105.325332
20
277.875992
30
0.0
0
SEQEND
0
POLYLINE
8
P01953
66
1
70
0
0
VERTEX
8
P01953
10
98.467332
20
277.791326
30
0.0
0
VERTEX
8
P01953
10
105.409996
20
277.791326
30
0.0
0
SEQEND
0
POLYLINE
8
P01954
66
1
70
0
0
VERTEX
8
P01954
10
98.382668
20
277.706659
30
0.0
0
VERTEX
8
P01954
10
105.494670
20
277.706659
30
0.0
0
SEQEND
0
POLYLINE
8
P01955
66
1
70
0
0
VERTEX
8
P01955
10
98.297994
20
277.621993
30
0.0
0
VERTEX
8
P01955
10
105.579333
20
277.621993
30
0.0
0
SEQEND
0
POLYLINE
8
P01956
66
1
70
0
0
VERTEX
8
P01956
10
98.213331
20
277.537326
30
0.0
0
VERTEX
8
P01956
10
105.663996
20
277.537326
30
0.0
0
SEQEND
0
POLYLINE
8
P01957
66
1
70
0
0
VERTEX
8
P01957
10
98.128668
20
277.452660
30
0.0
0
VERTEX
8
P01957
10
105.748659
20
277.452660
30
0.0
0
SEQEND
0
POLYLINE
8
P01958
66
1
70
0
0
VERTEX
8
P01958
10
98.043994
20
277.367993
30
0.0
0
VERTEX
8
P01958
10
105.833333
20
277.367993
30
0.0
0
SEQEND
0
POLYLINE
8
P01959
66
1
70
0
0
VERTEX
8
P01959
10
97.959331
20
277.283327
30
0.0
0
VERTEX
8
P01959
10
105.917997
20
277.283327
30
0.0
0
SEQEND
0
POLYLINE
8
P01960
66
1
70
0
0
VERTEX
8
P01960
10
97.874668
20
277.198659
30
0.0
0
VERTEX
8
P01960
10
106.002660
20
277.198659
30
0.0
0
SEQEND
0
POLYLINE
8
P01961
66
1
70
0
0
VERTEX
8
P01961
10
97.789994
20
277.113992
30
0.0
0
VERTEX
8
P01961
10
106.087334
20
277.113992
30
0.0
0
SEQEND
0
POLYLINE
8
P01962
66
1
70
0
0
VERTEX
8
P01962
10
97.705330
20
277.029326
30
0.0
0
VERTEX
8
P01962
10
106.171997
20
277.029326
30
0.0
0
SEQEND
0
POLYLINE
8
P01963
66
1
70
0
0
VERTEX
8
P01963
10
97.620667
20
276.944659
30
0.0
0
VERTEX
8
P01963
10
106.256660
20
276.944659
30
0.0
0
SEQEND
0
POLYLINE
8
P01964
66
1
70
0
0
VERTEX
8
P01964
10
97.535993
20
276.859993
30
0.0
0
VERTEX
8
P01964
10
106.341334
20
276.859993
30
0.0
0
SEQEND
0
POLYLINE
8
P01965
66
1
70
0
0
VERTEX
8
P01965
10
97.451330
20
276.775326
30
0.0
0
VERTEX
8
P01965
10
106.425997
20
276.775326
30
0.0
0
SEQEND
0
POLYLINE
8
P01966
66
1
70
0
0
VERTEX
8
P01966
10
97.366667
20
276.690660
30
0.0
0
VERTEX
8
P01966
10
106.510661
20
276.690660
30
0.0
0
SEQEND
0
POLYLINE
8
P01967
66
1
70
0
0
VERTEX
8
P01967
10
97.281993
20
276.605993
30
0.0
0
VERTEX
8
P01967
10
106.595335
20
276.605993
30
0.0
0
SEQEND
0
POLYLINE
8
P01968
66
1
70
0
0
VERTEX
8
P01968
10
97.197329
20
276.521327
30
0.0
0
VERTEX
8
P01968
10
106.679998
20
276.521327
30
0.0
0
SEQEND
0
POLYLINE
8
P01969
66
1
70
0
0
VERTEX
8
P01969
10
97.112666
20
276.436659
30
0.0
0
VERTEX
8
P01969
10
106.764661
20
276.436659
30
0.0
0
SEQEND
0
POLYLINE
8
P01970
66
1
70
0
0
VERTEX
8
P01970
10
97.028003
20
276.351992
30
0.0
0
VERTEX
8
P01970
10
106.849335
20
276.351992
30
0.0
0
SEQEND
0
POLYLINE
8
P01971
66
1
70
0
0
VERTEX
8
P01971
10
96.943329
20
276.267326
30
0.0
0
VERTEX
8
P01971
10
106.933998
20
276.267326
30
0.0
0
SEQEND
0
POLYLINE
8
P01972
66
1
70
0
0
VERTEX
8
P01972
10
96.858666
20
276.182659
30
0.0
0
VERTEX
8
P01972
10
107.018661
20
276.182659
30
0.0
0
SEQEND
0
POLYLINE
8
P01973
66
1
70
0
0
VERTEX
8
P01973
10
96.774003
20
276.097993
30
0.0
0
VERTEX
8
P01973
10
107.103335
20
276.097993
30
0.0
0
SEQEND
0
POLYLINE
8
P01974
66
1
70
0
0
VERTEX
8
P01974
10
96.689329
20
276.013326
30
0.0
0
VERTEX
8
P01974
10
107.187999
20
276.013326
30
0.0
0
SEQEND
0
POLYLINE
8
P01975
66
1
70
0
0
VERTEX
8
P01975
10
96.604665
20
275.928660
30
0.0
0
VERTEX
8
P01975
10
107.103335
20
275.928660
30
0.0
0
SEQEND
0
POLYLINE
8
P01976
66
1
70
0
0
VERTEX
8
P01976
10
96.520002
20
275.843993
30
0.0
0
VERTEX
8
P01976
10
107.018661
20
275.843993
30
0.0
0
SEQEND
0
POLYLINE
8
P01977
66
1
70
0
0
VERTEX
8
P01977
10
96.435328
20
275.759327
30
0.0
0
VERTEX
8
P01977
10
106.933998
20
275.759327
30
0.0
0
SEQEND
0
POLYLINE
8
P01978
66
1
70
0
0
VERTEX
8
P01978
10
96.350665
20
275.674659
30
0.0
0
VERTEX
8
P01978
10
106.849335
20
275.674659
30
0.0
0
SEQEND
0
POLYLINE
8
P01979
66
1
70
0
0
VERTEX
8
P01979
10
96.266002
20
275.589992
30
0.0
0
VERTEX
8
P01979
10
106.764661
20
275.589992
30
0.0
0
SEQEND
0
POLYLINE
8
P01980
66
1
70
0
0
VERTEX
8
P01980
10
96.181328
20
275.505325
30
0.0
0
VERTEX
8
P01980
10
106.679998
20
275.505325
30
0.0
0
SEQEND
0
POLYLINE
8
P01981
66
1
70
0
0
VERTEX
8
P01981
10
96.096665
20
275.420659
30
0.0
0
VERTEX
8
P01981
10
106.595335
20
275.420659
30
0.0
0
SEQEND
0
POLYLINE
8
P01982
66
1
70
0
0
VERTEX
8
P01982
10
96.012001
20
275.335993
30
0.0
0
VERTEX
8
P01982
10
106.510661
20
275.335993
30
0.0
0
SEQEND
0
POLYLINE
8
P01983
66
1
70
0
0
VERTEX
8
P01983
10
95.927327
20
275.251327
30
0.0
0
VERTEX
8
P01983
10
106.425997
20
275.251327
30
0.0
0
SEQEND
0
POLYLINE
8
P01984
66
1
70
0
0
VERTEX
8
P01984
10
95.842664
20
275.166659
30
0.0
0
VERTEX
8
P01984
10
106.341334
20
275.166659
30
0.0
0
SEQEND
0
POLYLINE
8
P01985
66
1
70
0
0
VERTEX
8
P01985
10
95.758001
20
275.081993
30
0.0
0
VERTEX
8
P01985
10
106.256660
20
275.081993
30
0.0
0
SEQEND
0
POLYLINE
8
P01986
66
1
70
0
0
VERTEX
8
P01986
10
95.673327
20
274.997327
30
0.0
0
VERTEX
8
P01986
10
106.171997
20
274.997327
30
0.0
0
SEQEND
0
POLYLINE
8
P01987
66
1
70
0
0
VERTEX
8
P01987
10
95.588664
20
274.912658
30
0.0
0
VERTEX
8
P01987
10
106.087334
20
274.912658
30
0.0
0
SEQEND
0
POLYLINE
8
P01988
66
1
70
0
0
VERTEX
8
P01988
10
95.504000
20
274.827992
30
0.0
0
VERTEX
8
P01988
10
106.002660
20
274.827992
30
0.0
0
SEQEND
0
POLYLINE
8
P01989
66
1
70
0
0
VERTEX
8
P01989
10
95.419326
20
274.743326
30
0.0
0
VERTEX
8
P01989
10
105.917997
20
274.743326
30
0.0
0
SEQEND
0
POLYLINE
8
P01990
66
1
70
0
0
VERTEX
8
P01990
10
95.334663
20
274.658660
30
0.0
0
VERTEX
8
P01990
10
105.833333
20
274.658660
30
0.0
0
SEQEND
0
POLYLINE
8
P01991
66
1
70
0
0
VERTEX
8
P01991
10
95.250000
20
274.573992
30
0.0
0
VERTEX
8
P01991
10
105.748659
20
274.573992
30
0.0
0
SEQEND
0
POLYLINE
8
P01992
66
1
70
0
0
VERTEX
8
P01992
10
95.165326
20
274.489326
30
0.0
0
VERTEX
8
P01992
10
105.663996
20
274.489326
30
0.0
0
SEQEND
0
POLYLINE
8
P01993
66
1
70
0
0
VERTEX
8
P01993
10
95.080663
20
274.404660
30
0.0
0
VERTEX
8
P01993
10
105.579333
20
274.404660
30
0.0
0
SEQEND
0
POLYLINE
8
P01994
66
1
70
0
0
VERTEX
8
P01994
10
94.996000
20
274.319994
30
0.0
0
VERTEX
8
P01994
10
105.494670
20
274.319994
30
0.0
0
SEQEND
0
POLYLINE
8
P01995
66
1
70
0
0
VERTEX
8
P01995
10
94.911336
20
274.235325
30
0.0
0
VERTEX
8
P01995
10
105.409996
20
274.235325
30
0.0
0
SEQEND
0
POLYLINE
8
P01996
66
1
70
0
0
VERTEX
8
P01996
10
94.826662
20
274.150660
30
0.0
0
VERTEX
8
P01996
10
105.325332
20
274.150660
30
0.0
0
SEQEND
0
POLYLINE
8
P01997
66
1
70
0
0
VERTEX
8
P01997
10
94.741999
20
274.065994
30
0.0
0
VERTEX
8
P01997
10
105.240669
20
274.065994
30
0.0
0
SEQEND
0
POLYLINE
8
P01998
66
1
70
0
0
VERTEX
8
P01998
10
94.657336
20
273.981325
30
0.0
0
VERTEX
8
P01998
10
105.155995
20
273.981325
30
0.0
0
SEQEND
0
POLYLINE
8
P01999
66
1
70
0
0
VERTEX
8
P01999
10
94.572662
20
273.896659
30
0.0
0
VERTEX
8
P01999
10
105.071332
20
273.896659
30
0.0
0
SEQEND
0
POLYLINE
8
P02000
66
1
70
0
0
VERTEX
8
P02000
10
94.487999
20
273.811993
30
0.0
0
VERTEX
8
P02000
10
104.986669
20
273.811993
30
0.0
0
SEQEND
0
POLYLINE
8
P02001
66
1
70
0
0
VERTEX
8
P02001
10
94.403335
20
273.727327
30
0.0
0
VERTEX
8
P02001
10
104.901995
20
273.727327
30
0.0
0
SEQEND
0
POLYLINE
8
P02002
66
1
70
0
0
VERTEX
8
P02002
10
94.318661
20
273.642659
30
0.0
0
VERTEX
8
P02002
10
104.817332
20
273.642659
30
0.0
0
SEQEND
0
POLYLINE
8
P02003
66
1
70
0
0
VERTEX
8
P02003
10
94.233998
20
273.557993
30
0.0
0
VERTEX
8
P02003
10
104.732668
20
273.557993
30
0.0
0
SEQEND
0
POLYLINE
8
P02004
66
1
70
0
0
VERTEX
8
P02004
10
94.149335
20
273.473327
30
0.0
0
VERTEX
8
P02004
10
104.647994
20
273.473327
30
0.0
0
SEQEND
0
POLYLINE
8
P02005
66
1
70
0
0
VERTEX
8
P02005
10
94.064661
20
273.388658
30
0.0
0
VERTEX
8
P02005
10
104.563331
20
273.388658
30
0.0
0
SEQEND
0
POLYLINE
8
P02006
66
1
70
0
0
VERTEX
8
P02006
10
93.979998
20
273.303992
30
0.0
0
VERTEX
8
P02006
10
104.478668
20
273.303992
30
0.0
0
SEQEND
0
POLYLINE
8
P02007
66
1
70
0
0
VERTEX
8
P02007
10
93.895335
20
273.219326
30
0.0
0
VERTEX
8
P02007
10
104.393994
20
273.219326
30
0.0
0
SEQEND
0
POLYLINE
8
P02008
66
1
70
0
0
VERTEX
8
P02008
10
93.810661
20
273.134661
30
0.0
0
VERTEX
8
P02008
10
104.309331
20
273.134661
30
0.0
0
SEQEND
0
POLYLINE
8
P02009
66
1
70
0
0
VERTEX
8
P02009
10
93.725997
20
273.049992
30
0.0
0
VERTEX
8
P02009
10
104.224668
20
273.049992
30
0.0
0
SEQEND
0
POLYLINE
8
P02010
66
1
70
0
0
VERTEX
8
P02010
10
93.641334
20
272.965326
30
0.0
0
VERTEX
8
P02010
10
104.139994
20
272.965326
30
0.0
0
SEQEND
0
POLYLINE
8
P02011
66
1
70
0
0
VERTEX
8
P02011
10
93.556660
20
272.880660
30
0.0
0
VERTEX
8
P02011
10
104.055330
20
272.880660
30
0.0
0
SEQEND
0
POLYLINE
8
P02012
66
1
70
0
0
VERTEX
8
P02012
10
93.471997
20
272.795991
30
0.0
0
VERTEX
8
P02012
10
103.970667
20
272.795991
30
0.0
0
SEQEND
0
POLYLINE
8
P02013
66
1
70
0
0
VERTEX
8
P02013
10
93.387334
20
272.711326
30
0.0
0
VERTEX
8
P02013
10
103.885993
20
272.711326
30
0.0
0
SEQEND
0
POLYLINE
8
P02014
66
1
70
0
0
VERTEX
8
P02014
10
93.302660
20
272.626660
30
0.0
0
VERTEX
8
P02014
10
103.801330
20
272.626660
30
0.0
0
SEQEND
0
POLYLINE
8
P02015
66
1
70
0
0
VERTEX
8
P02015
10
93.217997
20
272.541994
30
0.0
0
VERTEX
8
P02015
10
103.716667
20
272.541994
30
0.0
0
SEQEND
0
POLYLINE
8
P02016
66
1
70
0
0
VERTEX
8
P02016
10
93.133333
20
272.457325
30
0.0
0
VERTEX
8
P02016
10
103.631993
20
272.457325
30
0.0
0
SEQEND
0
POLYLINE
8
P02017
66
1
70
0
0
VERTEX
8
P02017
10
93.048659
20
272.372659
30
0.0
0
VERTEX
8
P02017
10
103.547329
20
272.372659
30
0.0
0
SEQEND
0
POLYLINE
8
P02018
66
1
70
0
0
VERTEX
8
P02018
10
92.963996
20
272.287993
30
0.0
0
VERTEX
8
P02018
10
103.462666
20
272.287993
30
0.0
0
SEQEND
0
POLYLINE
8
P02019
66
1
70
0
0
VERTEX
8
P02019
10
92.879333
20
272.203327
30
0.0
0
VERTEX
8
P02019
10
103.378003
20
272.203327
30
0.0
0
SEQEND
0
POLYLINE
8
P02020
66
1
70
0
0
VERTEX
8
P02020
10
92.963996
20
272.118659
30
0.0
0
VERTEX
8
P02020
10
103.293329
20
272.118659
30
0.0
0
SEQEND
0
POLYLINE
8
P02021
66
1
70
0
0
VERTEX
8
P02021
10
93.048659
20
272.033993
30
0.0
0
VERTEX
8
P02021
10
103.208666
20
272.033993
30
0.0
0
SEQEND
0
POLYLINE
8
P02022
66
1
70
0
0
VERTEX
8
P02022
10
93.133333
20
271.949327
30
0.0
0
VERTEX
8
P02022
10
103.124003
20
271.949327
30
0.0
0
SEQEND
0
POLYLINE
8
P02023
66
1
70
0
0
VERTEX
8
P02023
10
93.217997
20
271.864658
30
0.0
0
VERTEX
8
P02023
10
103.039329
20
271.864658
30
0.0
0
SEQEND
0
POLYLINE
8
P02024
66
1
70
0
0
VERTEX
8
P02024
10
93.302660
20
271.779992
30
0.0
0
VERTEX
8
P02024
10
102.954665
20
271.779992
30
0.0
0
SEQEND
0
POLYLINE
8
P02025
66
1
70
0
0
VERTEX
8
P02025
10
93.387334
20
271.695327
30
0.0
0
VERTEX
8
P02025
10
102.870002
20
271.695327
30
0.0
0
SEQEND
0
POLYLINE
8
P02026
66
1
70
0
0
VERTEX
8
P02026
10
93.471997
20
271.610661
30
0.0
0
VERTEX
8
P02026
10
102.785328
20
271.610661
30
0.0
0
SEQEND
0
POLYLINE
8
P02027
66
1
70
0
0
VERTEX
8
P02027
10
93.556660
20
271.525992
30
0.0
0
VERTEX
8
P02027
10
102.700665
20
271.525992
30
0.0
0
SEQEND
0
POLYLINE
8
P02028
66
1
70
0
0
VERTEX
8
P02028
10
93.641334
20
271.441326
30
0.0
0
VERTEX
8
P02028
10
102.616002
20
271.441326
30
0.0
0
SEQEND
0
POLYLINE
8
P02029
66
1
70
0
0
VERTEX
8
P02029
10
93.725997
20
271.356660
30
0.0
0
VERTEX
8
P02029
10
102.531328
20
271.356660
30
0.0
0
SEQEND
0
POLYLINE
8
P02030
66
1
70
0
0
VERTEX
8
P02030
10
93.810661
20
271.271992
30
0.0
0
VERTEX
8
P02030
10
102.446665
20
271.271992
30
0.0
0
SEQEND
0
POLYLINE
8
P02031
66
1
70
0
0
VERTEX
8
P02031
10
93.895335
20
271.187326
30
0.0
0
VERTEX
8
P02031
10
102.362001
20
271.187326
30
0.0
0
SEQEND
0
POLYLINE
8
P02032
66
1
70
0
0
VERTEX
8
P02032
10
93.979998
20
271.102660
30
0.0
0
VERTEX
8
P02032
10
102.277327
20
271.102660
30
0.0
0
SEQEND
0
POLYLINE
8
P02033
66
1
70
0
0
VERTEX
8
P02033
10
94.064661
20
271.017994
30
0.0
0
VERTEX
8
P02033
10
102.192664
20
271.017994
30
0.0
0
SEQEND
0
POLYLINE
8
P02034
66
1
70
0
0
VERTEX
8
P02034
10
94.149335
20
270.933325
30
0.0
0
VERTEX
8
P02034
10
102.108001
20
270.933325
30
0.0
0
SEQEND
0
POLYLINE
8
P02035
66
1
70
0
0
VERTEX
8
P02035
10
94.233998
20
270.848659
30
0.0
0
VERTEX
8
P02035
10
102.023327
20
270.848659
30
0.0
0
SEQEND
0
POLYLINE
8
P02036
66
1
70
0
0
VERTEX
8
P02036
10
94.318661
20
270.763993
30
0.0
0
VERTEX
8
P02036
10
101.938664
20
270.763993
30
0.0
0
SEQEND
0
POLYLINE
8
P02037
66
1
70
0
0
VERTEX
8
P02037
10
94.403335
20
270.679328
30
0.0
0
VERTEX
8
P02037
10
101.854000
20
270.679328
30
0.0
0
SEQEND
0
POLYLINE
8
P02038
66
1
70
0
0
VERTEX
8
P02038
10
94.487999
20
270.594659
30
0.0
0
VERTEX
8
P02038
10
101.769326
20
270.594659
30
0.0
0
SEQEND
0
POLYLINE
8
P02039
66
1
70
0
0
VERTEX
8
P02039
10
94.572662
20
270.509993
30
0.0
0
VERTEX
8
P02039
10
101.684663
20
270.509993
30
0.0
0
SEQEND
0
POLYLINE
8
P02040
66
1
70
0
0
VERTEX
8
P02040
10
94.657336
20
270.425327
30
0.0
0
VERTEX
8
P02040
10
101.600000
20
270.425327
30
0.0
0
SEQEND
0
POLYLINE
8
P02041
66
1
70
0
0
VERTEX
8
P02041
10
94.741999
20
270.340658
30
0.0
0
VERTEX
8
P02041
10
101.515326
20
270.340658
30
0.0
0
SEQEND
0
POLYLINE
8
P02042
66
1
70
0
0
VERTEX
8
P02042
10
94.826662
20
270.255993
30
0.0
0
VERTEX
8
P02042
10
101.430663
20
270.255993
30
0.0
0
SEQEND
0
POLYLINE
8
P02043
66
1
70
0
0
VERTEX
8
P02043
10
94.911336
20
270.171327
30
0.0
0
VERTEX
8
P02043
10
101.346000
20
270.171327
30
0.0
0
SEQEND
0
POLYLINE
8
P02044
66
1
70
0
0
VERTEX
8
P02044
10
94.996000
20
270.086661
30
0.0
0
VERTEX
8
P02044
10
101.261336
20
270.086661
30
0.0
0
SEQEND
0
POLYLINE
8
P02045
66
1
70
0
0
VERTEX
8
P02045
10
95.080663
20
270.001992
30
0.0
0
VERTEX
8
P02045
10
101.176662
20
270.001992
30
0.0
0
SEQEND
0
POLYLINE
8
P02046
66
1
70
0
0
VERTEX
8
P02046
10
95.165326
20
269.917326
30
0.0
0
VERTEX
8
P02046
10
101.091999
20
269.917326
30
0.0
0
SEQEND
0
POLYLINE
8
P02047
66
1
70
0
0
VERTEX
8
P02047
10
95.250000
20
269.832660
30
0.0
0
VERTEX
8
P02047
10
101.007336
20
269.832660
30
0.0
0
SEQEND
0
POLYLINE
8
P02048
66
1
70
0
0
VERTEX
8
P02048
10
95.334663
20
269.747992
30
0.0
0
VERTEX
8
P02048
10
100.922662
20
269.747992
30
0.0
0
SEQEND
0
POLYLINE
8
P02049
66
1
70
0
0
VERTEX
8
P02049
10
95.419326
20
269.663326
30
0.0
0
VERTEX
8
P02049
10
100.837999
20
269.663326
30
0.0
0
SEQEND
0
POLYLINE
8
P02050
66
1
70
0
0
VERTEX
8
P02050
10
95.504000
20
269.578660
30
0.0
0
VERTEX
8
P02050
10
100.753335
20
269.578660
30
0.0
0
SEQEND
0
POLYLINE
8
P02051
66
1
70
0
0
VERTEX
8
P02051
10
95.588664
20
269.493994
30
0.0
0
VERTEX
8
P02051
10
100.668661
20
269.493994
30
0.0
0
SEQEND
0
POLYLINE
8
P02052
66
1
70
0
0
VERTEX
8
P02052
10
95.673327
20
269.409325
30
0.0
0
VERTEX
8
P02052
10
100.583998
20
269.409325
30
0.0
0
SEQEND
0
POLYLINE
8
P02053
66
1
70
0
0
VERTEX
8
P02053
10
95.758001
20
269.324659
30
0.0
0
VERTEX
8
P02053
10
100.499335
20
269.324659
30
0.0
0
SEQEND
0
POLYLINE
8
P02054
66
1
70
0
0
VERTEX
8
P02054
10
95.842664
20
269.239994
30
0.0
0
VERTEX
8
P02054
10
100.414661
20
269.239994
30
0.0
0
SEQEND
0
POLYLINE
8
P02055
66
1
70
0
0
VERTEX
8
P02055
10
95.927327
20
269.155325
30
0.0
0
VERTEX
8
P02055
10
100.329998
20
269.155325
30
0.0
0
SEQEND
0
POLYLINE
8
P02056
66
1
70
0
0
VERTEX
8
P02056
10
96.012001
20
269.070659
30
0.0
0
VERTEX
8
P02056
10
100.245335
20
269.070659
30
0.0
0
SEQEND
0
POLYLINE
8
P02057
66
1
70
0
0
VERTEX
8
P02057
10
96.096665
20
268.985993
30
0.0
0
VERTEX
8
P02057
10
100.160661
20
268.985993
30
0.0
0
SEQEND
0
POLYLINE
8
P02058
66
1
70
0
0
VERTEX
8
P02058
10
96.181328
20
268.901327
30
0.0
0
VERTEX
8
P02058
10
100.075997
20
268.901327
30
0.0
0
SEQEND
0
POLYLINE
8
P02059
66
1
70
0
0
VERTEX
8
P02059
10
96.266002
20
268.816659
30
0.0
0
VERTEX
8
P02059
10
99.991334
20
268.816659
30
0.0
0
SEQEND
0
POLYLINE
8
P02060
66
1
70
0
0
VERTEX
8
P02060
10
96.350665
20
268.731993
30
0.0
0
VERTEX
8
P02060
10
99.906660
20
268.731993
30
0.0
0
SEQEND
0
POLYLINE
8
P02061
66
1
70
0
0
VERTEX
8
P02061
10
96.435328
20
268.647327
30
0.0
0
VERTEX
8
P02061
10
99.821997
20
268.647327
30
0.0
0
SEQEND
0
POLYLINE
8
P02062
66
1
70
0
0
VERTEX
8
P02062
10
96.520002
20
268.562661
30
0.0
0
VERTEX
8
P02062
10
99.737334
20
268.562661
30
0.0
0
SEQEND
0
POLYLINE
8
P02063
66
1
70
0
0
VERTEX
8
P02063
10
96.604665
20
268.477992
30
0.0
0
VERTEX
8
P02063
10
99.652660
20
268.477992
30
0.0
0
SEQEND
0
POLYLINE
8
P02064
66
1
70
0
0
VERTEX
8
P02064
10
96.689329
20
268.393326
30
0.0
0
VERTEX
8
P02064
10
99.567997
20
268.393326
30
0.0
0
SEQEND
0
POLYLINE
8
P02065
66
1
70
0
0
VERTEX
8
P02065
10
96.774003
20
268.308660
30
0.0
0
VERTEX
8
P02065
10
99.483333
20
268.308660
30
0.0
0
SEQEND
0
POLYLINE
8
P02066
66
1
70
0
0
VERTEX
8
P02066
10
96.858666
20
268.223992
30
0.0
0
VERTEX
8
P02066
10
99.398659
20
268.223992
30
0.0
0
SEQEND
0
POLYLINE
8
P02067
66
1
70
0
0
VERTEX
8
P02067
10
96.943329
20
268.139326
30
0.0
0
VERTEX
8
P02067
10
99.313996
20
268.139326
30
0.0
0
SEQEND
0
POLYLINE
8
P02068
66
1
70
0
0
VERTEX
8
P02068
10
97.028003
20
268.054660
30
0.0
0
VERTEX
8
P02068
10
99.229333
20
268.054660
30
0.0
0
SEQEND
0
POLYLINE
8
P02069
66
1
70
0
0
VERTEX
8
P02069
10
97.112666
20
267.969994
30
0.0
0
VERTEX
8
P02069
10
99.144670
20
267.969994
30
0.0
0
SEQEND
0
POLYLINE
8
P02070
66
1
70
0
0
VERTEX
8
P02070
10
97.197329
20
267.885325
30
0.0
0
VERTEX
8
P02070
10
99.059996
20
267.885325
30
0.0
0
SEQEND
0
POLYLINE
8
P02071
66
1
70
0
0
VERTEX
8
P02071
10
97.281993
20
267.800660
30
0.0
0
VERTEX
8
P02071
10
98.975332
20
267.800660
30
0.0
0
SEQEND
0
POLYLINE
8
P02072
66
1
70
0
0
VERTEX
8
P02072
10
97.366667
20
267.715994
30
0.0
0
VERTEX
8
P02072
10
98.890669
20
267.715994
30
0.0
0
SEQEND
0
POLYLINE
8
P02073
66
1
70
0
0
VERTEX
8
P02073
10
97.451330
20
267.631325
30
0.0
0
VERTEX
8
P02073
10
98.805995
20
267.631325
30
0.0
0
SEQEND
0
POLYLINE
8
P02074
66
1
70
0
0
VERTEX
8
P02074
10
97.535993
20
267.546659
30
0.0
0
VERTEX
8
P02074
10
98.721332
20
267.546659
30
0.0
0
SEQEND
0
POLYLINE
8
P02075
66
1
70
0
0
VERTEX
8
P02075
10
97.620667
20
267.461993
30
0.0
0
VERTEX
8
P02075
10
98.636669
20
267.461993
30
0.0
0
SEQEND
0
POLYLINE
8
P02076
66
1
70
0
0
VERTEX
8
P02076
10
97.705330
20
267.377327
30
0.0
0
VERTEX
8
P02076
10
98.551995
20
267.377327
30
0.0
0
SEQEND
0
POLYLINE
8
P02077
66
1
70
0
0
VERTEX
8
P02077
10
97.789994
20
267.292659
30
0.0
0
VERTEX
8
P02077
10
98.467332
20
267.292659
30
0.0
0
SEQEND
0
POLYLINE
8
P02078
66
1
70
0
0
VERTEX
8
P02078
10
97.874668
20
267.207993
30
0.0
0
VERTEX
8
P02078
10
98.382668
20
267.207993
30
0.0
0
SEQEND
0
POLYLINE
8
P02079
66
1
70
0
0
VERTEX
8
P02079
10
97.959331
20
267.123327
30
0.0
0
VERTEX
8
P02079
10
98.297994
20
267.123327
30
0.0
0
SEQEND
0
POLYLINE
8
P02080
66
1
70
0
0
VERTEX
8
P02080
10
98.043994
20
267.038658
30
0.0
0
VERTEX
8
P02080
10
98.213331
20
267.038658
30
0.0
0
VERTEX
8
P02080
10
98.043994
20
267.038658
30
0.0
0
SEQEND
0
POLYLINE
8
P02081
66
1
70
0
0
VERTEX
8
P02081
10
97.028003
20
268.054660
30
0.0
0
VERTEX
8
P02081
10
93.471997
20
271.610661
30
0.0
0
VERTEX
8
P02081
10
97.028003
20
268.054660
30
0.0
0
SEQEND
0
POLYLINE
8
P02082
66
1
70
0
0
VERTEX
8
P02082
10
93.471997
20
271.610661
30
0.0
0
VERTEX
8
P02082
10
97.028003
20
275.166659
30
0.0
0
VERTEX
8
P02082
10
93.471997
20
271.610661
30
0.0
0
SEQEND
0
POLYLINE
8
P02083
66
1
70
0
0
VERTEX
8
P02083
10
97.028003
20
275.166659
30
0.0
0
VERTEX
8
P02083
10
100.499335
20
271.610661
30
0.0
0
VERTEX
8
P02083
10
97.028003
20
275.166659
30
0.0
0
SEQEND
0
POLYLINE
8
P02084
66
1
70
0
0
VERTEX
8
P02084
10
100.499335
20
271.610661
30
0.0
0
VERTEX
8
P02084
10
97.028003
20
268.054660
30
0.0
0
VERTEX
8
P02084
10
100.499335
20
271.610661
30
0.0
0
SEQEND
0
POLYLINE
8
P02085
66
1
70
0
0
VERTEX
8
P02085
10
89.831333
20
258.910661
30
0.0
0
VERTEX
8
P02085
10
89.915996
20
258.910661
30
0.0
0
SEQEND
0
POLYLINE
8
P02086
66
1
70
0
0
VERTEX
8
P02086
10
89.746665
20
258.825992
30
0.0
0
VERTEX
8
P02086
10
90.000665
20
258.825992
30
0.0
0
SEQEND
0
POLYLINE
8
P02087
66
1
70
0
0
VERTEX
8
P02087
10
89.661996
20
258.741326
30
0.0
0
VERTEX
8
P02087
10
90.085334
20
258.741326
30
0.0
0
SEQEND
0
POLYLINE
8
P02088
66
1
70
0
0
VERTEX
8
P02088
10
89.577333
20
258.656660
30
0.0
0
VERTEX
8
P02088
10
90.169997
20
258.656660
30
0.0
0
SEQEND
0
POLYLINE
8
P02089
66
1
70
0
0
VERTEX
8
P02089
10
89.577333
20
258.571994
30
0.0
0
VERTEX
8
P02089
10
90.254665
20
258.571994
30
0.0
0
SEQEND
0
POLYLINE
8
P02090
66
1
70
0
0
VERTEX
8
P02090
10
89.492664
20
258.487326
30
0.0
0
VERTEX
8
P02090
10
90.339329
20
258.487326
30
0.0
0
SEQEND
0
POLYLINE
8
P02091
66
1
70
0
0
VERTEX
8
P02091
10
89.407995
20
258.402660
30
0.0
0
VERTEX
8
P02091
10
90.424003
20
258.402660
30
0.0
0
SEQEND
0
POLYLINE
8
P02092
66
1
70
0
0
VERTEX
8
P02092
10
89.323332
20
258.317994
30
0.0
0
VERTEX
8
P02092
10
90.508666
20
258.317994
30
0.0
0
SEQEND
0
POLYLINE
8
P02093
66
1
70
0
0
VERTEX
8
P02093
10
89.323332
20
258.233325
30
0.0
0
VERTEX
8
P02093
10
90.593329
20
258.233325
30
0.0
0
SEQEND
0
POLYLINE
8
P02094
66
1
70
0
0
VERTEX
8
P02094
10
89.238664
20
258.148659
30
0.0
0
VERTEX
8
P02094
10
90.678003
20
258.148659
30
0.0
0
SEQEND
0
POLYLINE
8
P02095
66
1
70
0
0
VERTEX
8
P02095
10
89.154000
20
258.063993
30
0.0
0
VERTEX
8
P02095
10
90.762666
20
258.063993
30
0.0
0
SEQEND
0
POLYLINE
8
P02096
66
1
70
0
0
VERTEX
8
P02096
10
89.069332
20
257.979328
30
0.0
0
VERTEX
8
P02096
10
90.847329
20
257.979328
30
0.0
0
SEQEND
0
POLYLINE
8
P02097
66
1
70
0
0
VERTEX
8
P02097
10
88.984663
20
257.894659
30
0.0
0
VERTEX
8
P02097
10
90.931993
20
257.894659
30
0.0
0
SEQEND
0
POLYLINE
8
P02098
66
1
70
0
0
VERTEX
8
P02098
10
88.984663
20
257.809993
30
0.0
0
VERTEX
8
P02098
10
91.016667
20
257.809993
30
0.0
0
SEQEND
0
POLYLINE
8
P02099
66
1
70
0
0
VERTEX
8
P02099
10
88.900000
20
257.725327
30
0.0
0
VERTEX
8
P02099
10
91.101330
20
257.725327
30
0.0
0
SEQEND
0
POLYLINE
8
P02100
66
1
70
0
0
VERTEX
8
P02100
10
88.815331
20
257.640658
30
0.0
0
VERTEX
8
P02100
10
91.185993
20
257.640658
30
0.0
0
SEQEND
0
POLYLINE
8
P02101
66
1
70
0
0
VERTEX
8
P02101
10
88.730663
20
257.555993
30
0.0
0
VERTEX
8
P02101
10
91.270667
20
257.555993
30
0.0
0
SEQEND
0
POLYLINE
8
P02102
66
1
70
0
0
VERTEX
8
P02102
10
88.730663
20
257.471327
30
0.0
0
VERTEX
8
P02102
10
91.355330
20
257.471327
30
0.0
0
SEQEND
0
POLYLINE
8
P02103
66
1
70
0
0
VERTEX
8
P02103
10
88.646000
20
257.386661
30
0.0
0
VERTEX
8
P02103
10
91.439994
20
257.386661
30
0.0
0
SEQEND
0
POLYLINE
8
P02104
66
1
70
0
0
VERTEX
8
P02104
10
88.561331
20
257.301992
30
0.0
0
VERTEX
8
P02104
10
91.524668
20
257.301992
30
0.0
0
SEQEND
0
POLYLINE
8
P02105
66
1
70
0
0
VERTEX
8
P02105
10
88.476662
20
257.217326
30
0.0
0
VERTEX
8
P02105
10
91.439994
20
257.217326
30
0.0
0
SEQEND
0
POLYLINE
8
P02106
66
1
70
0
0
VERTEX
8
P02106
10
88.476662
20
257.132660
30
0.0
0
VERTEX
8
P02106
10
91.355330
20
257.132660
30
0.0
0
SEQEND
0
POLYLINE
8
P02107
66
1
70
0
0
VERTEX
8
P02107
10
88.391999
20
257.047994
30
0.0
0
VERTEX
8
P02107
10
91.270667
20
257.047994
30
0.0
0
SEQEND
0
POLYLINE
8
P02108
66
1
70
0
0
VERTEX
8
P02108
10
88.307331
20
256.963326
30
0.0
0
VERTEX
8
P02108
10
91.101330
20
256.963326
30
0.0
0
SEQEND
0
POLYLINE
8
P02109
66
1
70
0
0
VERTEX
8
P02109
10
88.222667
20
256.878660
30
0.0
0
VERTEX
8
P02109
10
91.016667
20
256.878660
30
0.0
0
SEQEND
0
POLYLINE
8
P02110
66
1
70
0
0
VERTEX
8
P02110
10
88.137999
20
256.793994
30
0.0
0
VERTEX
8
P02110
10
90.931993
20
256.793994
30
0.0
0
SEQEND
0
POLYLINE
8
P02111
66
1
70
0
0
VERTEX
8
P02111
10
88.137999
20
256.709325
30
0.0
0
VERTEX
8
P02111
10
90.762666
20
256.709325
30
0.0
0
SEQEND
0
POLYLINE
8
P02112
66
1
70
0
0
VERTEX
8
P02112
10
88.053330
20
256.624659
30
0.0
0
VERTEX
8
P02112
10
90.678003
20
256.624659
30
0.0
0
SEQEND
0
POLYLINE
8
P02113
66
1
70
0
0
VERTEX
8
P02113
10
87.968667
20
256.539994
30
0.0
0
VERTEX
8
P02113
10
90.593329
20
256.539994
30
0.0
0
SEQEND
0
POLYLINE
8
P02114
66
1
70
0
0
VERTEX
8
P02114
10
87.883998
20
256.455328
30
0.0
0
VERTEX
8
P02114
10
90.508666
20
256.455328
30
0.0
0
SEQEND
0
POLYLINE
8
P02115
66
1
70
0
0
VERTEX
8
P02115
10
87.883998
20
256.370659
30
0.0
0
VERTEX
8
P02115
10
90.339329
20
256.370659
30
0.0
0
SEQEND
0
POLYLINE
8
P02116
66
1
70
0
0
VERTEX
8
P02116
10
87.799330
20
256.285993
30
0.0
0
VERTEX
8
P02116
10
90.254665
20
256.285993
30
0.0
0
SEQEND
0
POLYLINE
8
P02117
66
1
70
0
0
VERTEX
8
P02117
10
87.714666
20
256.201327
30
0.0
0
VERTEX
8
P02117
10
90.169997
20
256.201327
30
0.0
0
SEQEND
0
POLYLINE
8
P02118
66
1
70
0
0
VERTEX
8
P02118
10
87.629998
20
256.116659
30
0.0
0
VERTEX
8
P02118
10
90.000665
20
256.116659
30
0.0
0
SEQEND
0
POLYLINE
8
P02119
66
1
70
0
0
VERTEX
8
P02119
10
87.545329
20
256.031993
30
0.0
0
VERTEX
8
P02119
10
89.915996
20
256.031993
30
0.0
0
SEQEND
0
POLYLINE
8
P02120
66
1
70
0
0
VERTEX
8
P02120
10
87.545329
20
255.947327
30
0.0
0
VERTEX
8
P02120
10
89.831333
20
255.947327
30
0.0
0
SEQEND
0
POLYLINE
8
P02121
66
1
70
0
0
VERTEX
8
P02121
10
87.545329
20
255.862661
30
0.0
0
VERTEX
8
P02121
10
89.661996
20
255.862661
30
0.0
0
SEQEND
0
POLYLINE
8
P02122
66
1
70
0
0
VERTEX
8
P02122
10
87.460666
20
255.777992
30
0.0
0
VERTEX
8
P02122
10
89.577333
20
255.777992
30
0.0
0
SEQEND
0
POLYLINE
8
P02123
66
1
70
0
0
VERTEX
8
P02123
10
87.460666
20
255.693326
30
0.0
0
VERTEX
8
P02123
10
89.492664
20
255.693326
30
0.0
0
SEQEND
0
POLYLINE
8
P02124
66
1
70
0
0
VERTEX
8
P02124
10
87.375997
20
255.608660
30
0.0
0
VERTEX
8
P02124
10
89.407995
20
255.608660
30
0.0
0
SEQEND
0
POLYLINE
8
P02125
66
1
70
0
0
VERTEX
8
P02125
10
87.375997
20
255.523995
30
0.0
0
VERTEX
8
P02125
10
89.238664
20
255.523995
30
0.0
0
SEQEND
0
POLYLINE
8
P02126
66
1
70
0
0
VERTEX
8
P02126
10
87.291329
20
255.439326
30
0.0
0
VERTEX
8
P02126
10
89.154000
20
255.439326
30
0.0
0
SEQEND
0
POLYLINE
8
P02127
66
1
70
0
0
VERTEX
8
P02127
10
87.291329
20
255.354660
30
0.0
0
VERTEX
8
P02127
10
89.069332
20
255.354660
30
0.0
0
SEQEND
0
POLYLINE
8
P02128
66
1
70
0
0
VERTEX
8
P02128
10
87.291329
20
255.269994
30
0.0
0
VERTEX
8
P02128
10
88.900000
20
255.269994
30
0.0
0
SEQEND
0
POLYLINE
8
P02129
66
1
70
0
0
VERTEX
8
P02129
10
87.206666
20
255.185325
30
0.0
0
VERTEX
8
P02129
10
88.815331
20
255.185325
30
0.0
0
SEQEND
0
POLYLINE
8
P02130
66
1
70
0
0
VERTEX
8
P02130
10
87.206666
20
255.100660
30
0.0
0
VERTEX
8
P02130
10
88.730663
20
255.100660
30
0.0
0
SEQEND
0
POLYLINE
8
P02131
66
1
70
0
0
VERTEX
8
P02131
10
87.121997
20
255.015994
30
0.0
0
VERTEX
8
P02131
10
88.561331
20
255.015994
30
0.0
0
SEQEND
0
POLYLINE
8
P02132
66
1
70
0
0
VERTEX
8
P02132
10
87.121997
20
254.931328
30
0.0
0
VERTEX
8
P02132
10
88.391999
20
254.931328
30
0.0
0
SEQEND
0
POLYLINE
8
P02133
66
1
70
0
0
VERTEX
8
P02133
10
87.037334
20
254.846659
30
0.0
0
VERTEX
8
P02133
10
88.222667
20
254.846659
30
0.0
0
SEQEND
0
POLYLINE
8
P02134
66
1
70
0
0
VERTEX
8
P02134
10
87.037334
20
254.761993
30
0.0
0
VERTEX
8
P02134
10
87.968667
20
254.761993
30
0.0
0
SEQEND
0
POLYLINE
8
P02135
66
1
70
0
0
VERTEX
8
P02135
10
87.037334
20
254.677327
30
0.0
0
VERTEX
8
P02135
10
87.799330
20
254.677327
30
0.0
0
SEQEND
0
POLYLINE
8
P02136
66
1
70
0
0
VERTEX
8
P02136
10
86.952665
20
254.592659
30
0.0
0
VERTEX
8
P02136
10
87.629998
20
254.592659
30
0.0
0
SEQEND
0
POLYLINE
8
P02137
66
1
70
0
0
VERTEX
8
P02137
10
86.952665
20
254.507993
30
0.0
0
VERTEX
8
P02137
10
87.375997
20
254.507993
30
0.0
0
SEQEND
0
POLYLINE
8
P02138
66
1
70
0
0
VERTEX
8
P02138
10
86.867997
20
254.423327
30
0.0
0
VERTEX
8
P02138
10
87.206666
20
254.423327
30
0.0
0
SEQEND
0
POLYLINE
8
P02139
66
1
70
0
0
VERTEX
8
P02139
10
86.867997
20
254.338661
30
0.0
0
VERTEX
8
P02139
10
87.037334
20
254.338661
30
0.0
0
VERTEX
8
P02139
10
86.867997
20
254.338661
30
0.0
0
SEQEND
0
POLYLINE
8
P02140
66
1
70
0
0
VERTEX
8
P02140
10
86.783333
20
254.253992
30
0.0
0
VERTEX
8
P02140
10
89.831333
20
258.233325
30
0.0
0
VERTEX
8
P02140
10
86.783333
20
254.253992
30
0.0
0
SEQEND
0
POLYLINE
8
P02141
66
1
70
0
0
VERTEX
8
P02141
10
89.831333
20
258.233325
30
0.0
0
VERTEX
8
P02141
10
90.000665
20
257.386661
30
0.0
0
VERTEX
8
P02141
10
89.831333
20
258.233325
30
0.0
0
SEQEND
0
POLYLINE
8
P02142
66
1
70
0
0
VERTEX
8
P02142
10
90.000665
20
257.386661
30
0.0
0
VERTEX
8
P02142
10
90.762666
20
257.301992
30
0.0
0
VERTEX
8
P02142
10
90.000665
20
257.386661
30
0.0
0
SEQEND
0
POLYLINE
8
P02143
66
1
70
0
0
VERTEX
8
P02143
10
90.762666
20
257.301992
30
0.0
0
VERTEX
8
P02143
10
86.783333
20
254.253992
30
0.0
0
VERTEX
8
P02143
10
90.762666
20
257.301992
30
0.0
0
SEQEND
0
POLYLINE
8
P02144
66
1
70
0
0
VERTEX
8
P02144
10
89.831333
20
258.148659
30
0.0
0
VERTEX
8
P02144
10
89.915996
20
258.148659
30
0.0
0
SEQEND
0
POLYLINE
8
P02145
66
1
70
0
0
VERTEX
8
P02145
10
89.746665
20
258.063993
30
0.0
0
VERTEX
8
P02145
10
89.915996
20
258.063993
30
0.0
0
SEQEND
0
POLYLINE
8
P02146
66
1
70
0
0
VERTEX
8
P02146
10
89.661996
20
257.979328
30
0.0
0
VERTEX
8
P02146
10
89.915996
20
257.979328
30
0.0
0
SEQEND
0
POLYLINE
8
P02147
66
1
70
0
0
VERTEX
8
P02147
10
89.577333
20
257.894659
30
0.0
0
VERTEX
8
P02147
10
89.915996
20
257.894659
30
0.0
0
SEQEND
0
POLYLINE
8
P02148
66
1
70
0
0
VERTEX
8
P02148
10
89.577333
20
257.809993
30
0.0
0
VERTEX
8
P02148
10
89.915996
20
257.809993
30
0.0
0
SEQEND
0
POLYLINE
8
P02149
66
1
70
0
0
VERTEX
8
P02149
10
89.492664
20
257.725327
30
0.0
0
VERTEX
8
P02149
10
90.000665
20
257.725327
30
0.0
0
SEQEND
0
POLYLINE
8
P02150
66
1
70
0
0
VERTEX
8
P02150
10
89.407995
20
257.640658
30
0.0
0
VERTEX
8
P02150
10
90.000665
20
257.640658
30
0.0
0
SEQEND
0
POLYLINE
8
P02151
66
1
70
0
0
VERTEX
8
P02151
10
89.323332
20
257.555993
30
0.0
0
VERTEX
8
P02151
10
90.000665
20
257.555993
30
0.0
0
SEQEND
0
POLYLINE
8
P02152
66
1
70
0
0
VERTEX
8
P02152
10
89.323332
20
257.471327
30
0.0
0
VERTEX
8
P02152
10
90.000665
20
257.471327
30
0.0
0
SEQEND
0
POLYLINE
8
P02153
66
1
70
0
0
VERTEX
8
P02153
10
89.238664
20
257.386661
30
0.0
0
VERTEX
8
P02153
10
90.000665
20
257.386661
30
0.0
0
SEQEND
0
POLYLINE
8
P02154
66
1
70
0
0
VERTEX
8
P02154
10
89.154000
20
257.301992
30
0.0
0
VERTEX
8
P02154
10
89.915996
20
257.301992
30
0.0
0
SEQEND
0
POLYLINE
8
P02155
66
1
70
0
0
VERTEX
8
P02155
10
89.069332
20
257.217326
30
0.0
0
VERTEX
8
P02155
10
89.831333
20
257.217326
30
0.0
0
SEQEND
0
POLYLINE
8
P02156
66
1
70
0
0
VERTEX
8
P02156
10
89.069332
20
257.132660
30
0.0
0
VERTEX
8
P02156
10
89.746665
20
257.132660
30
0.0
0
SEQEND
0
POLYLINE
8
P02157
66
1
70
0
0
VERTEX
8
P02157
10
88.984663
20
257.047994
30
0.0
0
VERTEX
8
P02157
10
89.661996
20
257.047994
30
0.0
0
SEQEND
0
POLYLINE
8
P02158
66
1
70
0
0
VERTEX
8
P02158
10
88.900000
20
256.963326
30
0.0
0
VERTEX
8
P02158
10
89.577333
20
256.963326
30
0.0
0
SEQEND
0
POLYLINE
8
P02159
66
1
70
0
0
VERTEX
8
P02159
10
88.815331
20
256.878660
30
0.0
0
VERTEX
8
P02159
10
89.492664
20
256.878660
30
0.0
0
SEQEND
0
POLYLINE
8
P02160
66
1
70
0
0
VERTEX
8
P02160
10
88.730663
20
256.793994
30
0.0
0
VERTEX
8
P02160
10
89.407995
20
256.793994
30
0.0
0
SEQEND
0
POLYLINE
8
P02161
66
1
70
0
0
VERTEX
8
P02161
10
88.730663
20
256.709325
30
0.0
0
VERTEX
8
P02161
10
89.323332
20
256.709325
30
0.0
0
SEQEND
0
POLYLINE
8
P02162
66
1
70
0
0
VERTEX
8
P02162
10
88.646000
20
256.624659
30
0.0
0
VERTEX
8
P02162
10
89.238664
20
256.624659
30
0.0
0
SEQEND
0
POLYLINE
8
P02163
66
1
70
0
0
VERTEX
8
P02163
10
88.561331
20
256.539994
30
0.0
0
VERTEX
8
P02163
10
89.154000
20
256.539994
30
0.0
0
SEQEND
0
POLYLINE
8
P02164
66
1
70
0
0
VERTEX
8
P02164
10
88.476662
20
256.455328
30
0.0
0
VERTEX
8
P02164
10
89.069332
20
256.455328
30
0.0
0
SEQEND
0
POLYLINE
8
P02165
66
1
70
0
0
VERTEX
8
P02165
10
88.476662
20
256.370659
30
0.0
0
VERTEX
8
P02165
10
88.984663
20
256.370659
30
0.0
0
SEQEND
0
POLYLINE
8
P02166
66
1
70
0
0
VERTEX
8
P02166
10
88.391999
20
256.285993
30
0.0
0
VERTEX
8
P02166
10
88.900000
20
256.285993
30
0.0
0
SEQEND
0
POLYLINE
8
P02167
66
1
70
0
0
VERTEX
8
P02167
10
88.307331
20
256.201327
30
0.0
0
VERTEX
8
P02167
10
88.815331
20
256.201327
30
0.0
0
SEQEND
0
POLYLINE
8
P02168
66
1
70
0
0
VERTEX
8
P02168
10
88.222667
20
256.116659
30
0.0
0
VERTEX
8
P02168
10
88.730663
20
256.116659
30
0.0
0
SEQEND
0
POLYLINE
8
P02169
66
1
70
0
0
VERTEX
8
P02169
10
88.222667
20
256.031993
30
0.0
0
VERTEX
8
P02169
10
88.646000
20
256.031993
30
0.0
0
SEQEND
0
POLYLINE
8
P02170
66
1
70
0
0
VERTEX
8
P02170
10
88.137999
20
255.947327
30
0.0
0
VERTEX
8
P02170
10
88.561331
20
255.947327
30
0.0
0
SEQEND
0
POLYLINE
8
P02171
66
1
70
0
0
VERTEX
8
P02171
10
88.053330
20
255.862661
30
0.0
0
VERTEX
8
P02171
10
88.476662
20
255.862661
30
0.0
0
SEQEND
0
POLYLINE
8
P02172
66
1
70
0
0
VERTEX
8
P02172
10
87.968667
20
255.777992
30
0.0
0
VERTEX
8
P02172
10
88.391999
20
255.777992
30
0.0
0
SEQEND
0
POLYLINE
8
P02173
66
1
70
0
0
VERTEX
8
P02173
10
87.968667
20
255.693326
30
0.0
0
VERTEX
8
P02173
10
88.307331
20
255.693326
30
0.0
0
SEQEND
0
POLYLINE
8
P02174
66
1
70
0
0
VERTEX
8
P02174
10
87.883998
20
255.608660
30
0.0
0
VERTEX
8
P02174
10
88.222667
20
255.608660
30
0.0
0
SEQEND
0
POLYLINE
8
P02175
66
1
70
0
0
VERTEX
8
P02175
10
87.799330
20
255.523995
30
0.0
0
VERTEX
8
P02175
10
88.137999
20
255.523995
30
0.0
0
SEQEND
0
POLYLINE
8
P02176
66
1
70
0
0
VERTEX
8
P02176
10
87.714666
20
255.439326
30
0.0
0
VERTEX
8
P02176
10
88.053330
20
255.439326
30
0.0
0
SEQEND
0
POLYLINE
8
P02177
66
1
70
0
0
VERTEX
8
P02177
10
87.629998
20
255.354660
30
0.0
0
VERTEX
8
P02177
10
87.968667
20
255.354660
30
0.0
0
SEQEND
0
POLYLINE
8
P02178
66
1
70
0
0
VERTEX
8
P02178
10
87.629998
20
255.269994
30
0.0
0
VERTEX
8
P02178
10
87.883998
20
255.269994
30
0.0
0
SEQEND
0
POLYLINE
8
P02179
66
1
70
0
0
VERTEX
8
P02179
10
87.545329
20
255.185325
30
0.0
0
VERTEX
8
P02179
10
87.799330
20
255.185325
30
0.0
0
SEQEND
0
POLYLINE
8
P02180
66
1
70
0
0
VERTEX
8
P02180
10
87.460666
20
255.100660
30
0.0
0
VERTEX
8
P02180
10
87.714666
20
255.100660
30
0.0
0
SEQEND
0
POLYLINE
8
P02181
66
1
70
0
0
VERTEX
8
P02181
10
87.375997
20
255.015994
30
0.0
0
VERTEX
8
P02181
10
87.629998
20
255.015994
30
0.0
0
SEQEND
0
POLYLINE
8
P02182
66
1
70
0
0
VERTEX
8
P02182
10
87.375997
20
254.931328
30
0.0
0
VERTEX
8
P02182
10
87.545329
20
254.931328
30
0.0
0
SEQEND
0
POLYLINE
8
P02183
66
1
70
0
0
VERTEX
8
P02183
10
87.291329
20
254.846659
30
0.0
0
VERTEX
8
P02183
10
87.460666
20
254.846659
30
0.0
0
SEQEND
0
POLYLINE
8
P02184
66
1
70
0
0
VERTEX
8
P02184
10
87.206666
20
254.761993
30
0.0
0
VERTEX
8
P02184
10
87.375997
20
254.761993
30
0.0
0
SEQEND
0
POLYLINE
8
P02185
66
1
70
0
0
VERTEX
8
P02185
10
87.121997
20
254.677327
30
0.0
0
VERTEX
8
P02185
10
87.291329
20
254.677327
30
0.0
0
SEQEND
0
POLYLINE
8
P02186
66
1
70
0
0
VERTEX
8
P02186
10
87.121997
20
254.592659
30
0.0
0
VERTEX
8
P02186
10
87.206666
20
254.592659
30
0.0
0
SEQEND
0
POLYLINE
8
P02187
66
1
70
0
0
VERTEX
8
P02187
10
87.037334
20
254.507993
30
0.0
0
VERTEX
8
P02187
10
87.121997
20
254.507993
30
0.0
0
SEQEND
0
POLYLINE
8
P02188
66
1
70
0
0
VERTEX
8
P02188
10
86.952665
20
254.423327
30
0.0
0
VERTEX
8
P02188
10
87.037334
20
254.423327
30
0.0
0
SEQEND
0
POLYLINE
8
P02189
66
1
70
0
0
VERTEX
8
P02189
10
86.867997
20
254.338661
30
0.0
0
VERTEX
8
P02189
10
86.952665
20
254.338661
30
0.0
0
VERTEX
8
P02189
10
86.867997
20
254.338661
30
0.0
0
SEQEND
0
POLYLINE
8
P02190
66
1
70
0
0
VERTEX
8
P02190
10
89.915996
20
257.301992
30
0.0
0
VERTEX
8
P02190
10
90.762666
20
257.301992
30
0.0
0
SEQEND
0
POLYLINE
8
P02191
66
1
70
0
0
VERTEX
8
P02191
10
89.831333
20
257.217326
30
0.0
0
VERTEX
8
P02191
10
90.678003
20
257.217326
30
0.0
0
SEQEND
0
POLYLINE
8
P02192
66
1
70
0
0
VERTEX
8
P02192
10
89.746665
20
257.132660
30
0.0
0
VERTEX
8
P02192
10
90.593329
20
257.132660
30
0.0
0
SEQEND
0
POLYLINE
8
P02193
66
1
70
0
0
VERTEX
8
P02193
10
89.661996
20
257.047994
30
0.0
0
VERTEX
8
P02193
10
90.508666
20
257.047994
30
0.0
0
SEQEND
0
POLYLINE
8
P02194
66
1
70
0
0
VERTEX
8
P02194
10
89.577333
20
256.963326
30
0.0
0
VERTEX
8
P02194
10
90.339329
20
256.963326
30
0.0
0
SEQEND
0
POLYLINE
8
P02195
66
1
70
0
0
VERTEX
8
P02195
10
89.492664
20
256.878660
30
0.0
0
VERTEX
8
P02195
10
90.254665
20
256.878660
30
0.0
0
SEQEND
0
POLYLINE
8
P02196
66
1
70
0
0
VERTEX
8
P02196
10
89.407995
20
256.793994
30
0.0
0
VERTEX
8
P02196
10
90.169997
20
256.793994
30
0.0
0
SEQEND
0
POLYLINE
8
P02197
66
1
70
0
0
VERTEX
8
P02197
10
89.323332
20
256.709325
30
0.0
0
VERTEX
8
P02197
10
90.000665
20
256.709325
30
0.0
0
SEQEND
0
POLYLINE
8
P02198
66
1
70
0
0
VERTEX
8
P02198
10
89.238664
20
256.624659
30
0.0
0
VERTEX
8
P02198
10
89.915996
20
256.624659
30
0.0
0
SEQEND
0
POLYLINE
8
P02199
66
1
70
0
0
VERTEX
8
P02199
10
89.154000
20
256.539994
30
0.0
0
VERTEX
8
P02199
10
89.831333
20
256.539994
30
0.0
0
SEQEND
0
POLYLINE
8
P02200
66
1
70
0
0
VERTEX
8
P02200
10
89.069332
20
256.455328
30
0.0
0
VERTEX
8
P02200
10
89.661996
20
256.455328
30
0.0
0
SEQEND
0
POLYLINE
8
P02201
66
1
70
0
0
VERTEX
8
P02201
10
88.984663
20
256.370659
30
0.0
0
VERTEX
8
P02201
10
89.577333
20
256.370659
30
0.0
0
SEQEND
0
POLYLINE
8
P02202
66
1
70
0
0
VERTEX
8
P02202
10
88.900000
20
256.285993
30
0.0
0
VERTEX
8
P02202
10
89.492664
20
256.285993
30
0.0
0
SEQEND
0
POLYLINE
8
P02203
66
1
70
0
0
VERTEX
8
P02203
10
88.815331
20
256.201327
30
0.0
0
VERTEX
8
P02203
10
89.407995
20
256.201327
30
0.0
0
SEQEND
0
POLYLINE
8
P02204
66
1
70
0
0
VERTEX
8
P02204
10
88.730663
20
256.116659
30
0.0
0
VERTEX
8
P02204
10
89.238664
20
256.116659
30
0.0
0
SEQEND
0
POLYLINE
8
P02205
66
1
70
0
0
VERTEX
8
P02205
10
88.646000
20
256.031993
30
0.0
0
VERTEX
8
P02205
10
89.154000
20
256.031993
30
0.0
0
SEQEND
0
POLYLINE
8
P02206
66
1
70
0
0
VERTEX
8
P02206
10
88.561331
20
255.947327
30
0.0
0
VERTEX
8
P02206
10
89.069332
20
255.947327
30
0.0
0
SEQEND
0
POLYLINE
8
P02207
66
1
70
0
0
VERTEX
8
P02207
10
88.476662
20
255.862661
30
0.0
0
VERTEX
8
P02207
10
88.900000
20
255.862661
30
0.0
0
SEQEND
0
POLYLINE
8
P02208
66
1
70
0
0
VERTEX
8
P02208
10
88.391999
20
255.777992
30
0.0
0
VERTEX
8
P02208
10
88.815331
20
255.777992
30
0.0
0
SEQEND
0
POLYLINE
8
P02209
66
1
70
0
0
VERTEX
8
P02209
10
88.307331
20
255.693326
30
0.0
0
VERTEX
8
P02209
10
88.730663
20
255.693326
30
0.0
0
SEQEND
0
POLYLINE
8
P02210
66
1
70
0
0
VERTEX
8
P02210
10
88.222667
20
255.608660
30
0.0
0
VERTEX
8
P02210
10
88.561331
20
255.608660
30
0.0
0
SEQEND
0
POLYLINE
8
P02211
66
1
70
0
0
VERTEX
8
P02211
10
88.137999
20
255.523995
30
0.0
0
VERTEX
8
P02211
10
88.476662
20
255.523995
30
0.0
0
SEQEND
0
POLYLINE
8
P02212
66
1
70
0
0
VERTEX
8
P02212
10
88.053330
20
255.439326
30
0.0
0
VERTEX
8
P02212
10
88.391999
20
255.439326
30
0.0
0
SEQEND
0
POLYLINE
8
P02213
66
1
70
0
0
VERTEX
8
P02213
10
87.968667
20
255.354660
30
0.0
0
VERTEX
8
P02213
10
88.222667
20
255.354660
30
0.0
0
SEQEND
0
POLYLINE
8
P02214
66
1
70
0
0
VERTEX
8
P02214
10
87.883998
20
255.269994
30
0.0
0
VERTEX
8
P02214
10
88.137999
20
255.269994
30
0.0
0
SEQEND
0
POLYLINE
8
P02215
66
1
70
0
0
VERTEX
8
P02215
10
87.799330
20
255.185325
30
0.0
0
VERTEX
8
P02215
10
88.053330
20
255.185325
30
0.0
0
SEQEND
0
POLYLINE
8
P02216
66
1
70
0
0
VERTEX
8
P02216
10
87.714666
20
255.100660
30
0.0
0
VERTEX
8
P02216
10
87.968667
20
255.100660
30
0.0
0
SEQEND
0
POLYLINE
8
P02217
66
1
70
0
0
VERTEX
8
P02217
10
87.629998
20
255.015994
30
0.0
0
VERTEX
8
P02217
10
87.799330
20
255.015994
30
0.0
0
SEQEND
0
POLYLINE
8
P02218
66
1
70
0
0
VERTEX
8
P02218
10
87.545329
20
254.931328
30
0.0
0
VERTEX
8
P02218
10
87.714666
20
254.931328
30
0.0
0
SEQEND
0
POLYLINE
8
P02219
66
1
70
0
0
VERTEX
8
P02219
10
87.460666
20
254.846659
30
0.0
0
VERTEX
8
P02219
10
87.629998
20
254.846659
30
0.0
0
SEQEND
0
POLYLINE
8
P02220
66
1
70
0
0
VERTEX
8
P02220
10
87.375997
20
254.761993
30
0.0
0
VERTEX
8
P02220
10
87.460666
20
254.761993
30
0.0
0
SEQEND
0
POLYLINE
8
P02221
66
1
70
0
0
VERTEX
8
P02221
10
87.291329
20
254.677327
30
0.0
0
VERTEX
8
P02221
10
87.375997
20
254.677327
30
0.0
0
SEQEND
0
POLYLINE
8
P02222
66
1
70
0
0
VERTEX
8
P02222
10
87.206666
20
254.592659
30
0.0
0
VERTEX
8
P02222
10
87.291329
20
254.592659
30
0.0
0
VERTEX
8
P02222
10
87.206666
20
254.592659
30
0.0
0
SEQEND
0
POLYLINE
8
P02223
66
1
70
0
0
VERTEX
8
P02223
10
93.725997
20
261.196659
30
0.0
0
VERTEX
8
P02223
10
93.895335
20
261.196659
30
0.0
0
SEQEND
0
POLYLINE
8
P02224
66
1
70
0
0
VERTEX
8
P02224
10
93.471997
20
261.111993
30
0.0
0
VERTEX
8
P02224
10
93.895335
20
261.111993
30
0.0
0
SEQEND
0
POLYLINE
8
P02225
66
1
70
0
0
VERTEX
8
P02225
10
93.302660
20
261.027327
30
0.0
0
VERTEX
8
P02225
10
93.810661
20
261.027327
30
0.0
0
SEQEND
0
POLYLINE
8
P02226
66
1
70
0
0
VERTEX
8
P02226
10
93.048659
20
260.942659
30
0.0
0
VERTEX
8
P02226
10
93.810661
20
260.942659
30
0.0
0
SEQEND
0
POLYLINE
8
P02227
66
1
70
0
0
VERTEX
8
P02227
10
92.794670
20
260.857993
30
0.0
0
VERTEX
8
P02227
10
93.725997
20
260.857993
30
0.0
0
SEQEND
0
POLYLINE
8
P02228
66
1
70
0
0
VERTEX
8
P02228
10
92.625332
20
260.773327
30
0.0
0
VERTEX
8
P02228
10
93.725997
20
260.773327
30
0.0
0
SEQEND
0
POLYLINE
8
P02229
66
1
70
0
0
VERTEX
8
P02229
10
92.371332
20
260.688661
30
0.0
0
VERTEX
8
P02229
10
93.641334
20
260.688661
30
0.0
0
SEQEND
0
POLYLINE
8
P02230
66
1
70
0
0
VERTEX
8
P02230
10
92.117332
20
260.603992
30
0.0
0
VERTEX
8
P02230
10
93.641334
20
260.603992
30
0.0
0
SEQEND
0
POLYLINE
8
P02231
66
1
70
0
0
VERTEX
8
P02231
10
92.032668
20
260.519326
30
0.0
0
VERTEX
8
P02231
10
93.641334
20
260.519326
30
0.0
0
SEQEND
0
POLYLINE
8
P02232
66
1
70
0
0
VERTEX
8
P02232
10
91.947994
20
260.434661
30
0.0
0
VERTEX
8
P02232
10
93.556660
20
260.434661
30
0.0
0
SEQEND
0
POLYLINE
8
P02233
66
1
70
0
0
VERTEX
8
P02233
10
91.778668
20
260.349992
30
0.0
0
VERTEX
8
P02233
10
93.556660
20
260.349992
30
0.0
0
SEQEND
0
POLYLINE
8
P02234
66
1
70
0
0
VERTEX
8
P02234
10
91.693994
20
260.265326
30
0.0
0
VERTEX
8
P02234
10
93.471997
20
260.265326
30
0.0
0
SEQEND
0
POLYLINE
8
P02235
66
1
70
0
0
VERTEX
8
P02235
10
91.609331
20
260.180660
30
0.0
0
VERTEX
8
P02235
10
93.471997
20
260.180660
30
0.0
0
SEQEND
0
POLYLINE
8
P02236
66
1
70
0
0
VERTEX
8
P02236
10
91.439994
20
260.095994
30
0.0
0
VERTEX
8
P02236
10
93.387334
20
260.095994
30
0.0
0
SEQEND
0
POLYLINE
8
P02237
66
1
70
0
0
VERTEX
8
P02237
10
91.355330
20
260.011326
30
0.0
0
VERTEX
8
P02237
10
93.387334
20
260.011326
30
0.0
0
SEQEND
0
POLYLINE
8
P02238
66
1
70
0
0
VERTEX
8
P02238
10
91.270667
20
259.926660
30
0.0
0
VERTEX
8
P02238
10
93.387334
20
259.926660
30
0.0
0
SEQEND
0
POLYLINE
8
P02239
66
1
70
0
0
VERTEX
8
P02239
10
91.101330
20
259.841994
30
0.0
0
VERTEX
8
P02239
10
93.302660
20
259.841994
30
0.0
0
SEQEND
0
POLYLINE
8
P02240
66
1
70
0
0
VERTEX
8
P02240
10
91.016667
20
259.757325
30
0.0
0
VERTEX
8
P02240
10
93.302660
20
259.757325
30
0.0
0
SEQEND
0
POLYLINE
8
P02241
66
1
70
0
0
VERTEX
8
P02241
10
90.931993
20
259.672659
30
0.0
0
VERTEX
8
P02241
10
93.217997
20
259.672659
30
0.0
0
SEQEND
0
POLYLINE
8
P02242
66
1
70
0
0
VERTEX
8
P02242
10
90.762666
20
259.587993
30
0.0
0
VERTEX
8
P02242
10
93.217997
20
259.587993
30
0.0
0
SEQEND
0
POLYLINE
8
P02243
66
1
70
0
0
VERTEX
8
P02243
10
90.678003
20
259.503327
30
0.0
0
VERTEX
8
P02243
10
93.133333
20
259.503327
30
0.0
0
SEQEND
0
POLYLINE
8
P02244
66
1
70
0
0
VERTEX
8
P02244
10
90.593329
20
259.418659
30
0.0
0
VERTEX
8
P02244
10
93.133333
20
259.418659
30
0.0
0
SEQEND
0
POLYLINE
8
P02245
66
1
70
0
0
VERTEX
8
P02245
10
90.424003
20
259.333993
30
0.0
0
VERTEX
8
P02245
10
93.048659
20
259.333993
30
0.0
0
SEQEND
0
POLYLINE
8
P02246
66
1
70
0
0
VERTEX
8
P02246
10
90.339329
20
259.249327
30
0.0
0
VERTEX
8
P02246
10
92.963996
20
259.249327
30
0.0
0
SEQEND
0
POLYLINE
8
P02247
66
1
70
0
0
VERTEX
8
P02247
10
90.254665
20
259.164661
30
0.0
0
VERTEX
8
P02247
10
92.879333
20
259.164661
30
0.0
0
SEQEND
0
POLYLINE
8
P02248
66
1
70
0
0
VERTEX
8
P02248
10
90.085334
20
259.079992
30
0.0
0
VERTEX
8
P02248
10
92.879333
20
259.079992
30
0.0
0
SEQEND
0
POLYLINE
8
P02249
66
1
70
0
0
VERTEX
8
P02249
10
90.000665
20
258.995327
30
0.0
0
VERTEX
8
P02249
10
92.794670
20
258.995327
30
0.0
0
SEQEND
0
POLYLINE
8
P02250
66
1
70
0
0
VERTEX
8
P02250
10
89.915996
20
258.910661
30
0.0
0
VERTEX
8
P02250
10
92.709996
20
258.910661
30
0.0
0
SEQEND
0
POLYLINE
8
P02251
66
1
70
0
0
VERTEX
8
P02251
10
89.746665
20
258.825992
30
0.0
0
VERTEX
8
P02251
10
92.625332
20
258.825992
30
0.0
0
SEQEND
0
POLYLINE
8
P02252
66
1
70
0
0
VERTEX
8
P02252
10
89.661996
20
258.741326
30
0.0
0
VERTEX
8
P02252
10
92.625332
20
258.741326
30
0.0
0
SEQEND
0
POLYLINE
8
P02253
66
1
70
0
0
VERTEX
8
P02253
10
89.577333
20
258.656660
30
0.0
0
VERTEX
8
P02253
10
92.540669
20
258.656660
30
0.0
0
SEQEND
0
POLYLINE
8
P02254
66
1
70
0
0
VERTEX
8
P02254
10
89.407995
20
258.571994
30
0.0
0
VERTEX
8
P02254
10
92.455995
20
258.571994
30
0.0
0
SEQEND
0
POLYLINE
8
P02255
66
1
70
0
0
VERTEX
8
P02255
10
89.323332
20
258.487326
30
0.0
0
VERTEX
8
P02255
10
92.371332
20
258.487326
30
0.0
0
SEQEND
0
POLYLINE
8
P02256
66
1
70
0
0
VERTEX
8
P02256
10
89.238664
20
258.402660
30
0.0
0
VERTEX
8
P02256
10
92.286669
20
258.402660
30
0.0
0
SEQEND
0
POLYLINE
8
P02257
66
1
70
0
0
VERTEX
8
P02257
10
89.069332
20
258.317994
30
0.0
0
VERTEX
8
P02257
10
92.286669
20
258.317994
30
0.0
0
SEQEND
0
POLYLINE
8
P02258
66
1
70
0
0
VERTEX
8
P02258
10
89.154000
20
258.233325
30
0.0
0
VERTEX
8
P02258
10
92.201995
20
258.233325
30
0.0
0
SEQEND
0
POLYLINE
8
P02259
66
1
70
0
0
VERTEX
8
P02259
10
89.238664
20
258.148659
30
0.0
0
VERTEX
8
P02259
10
92.117332
20
258.148659
30
0.0
0
SEQEND
0
POLYLINE
8
P02260
66
1
70
0
0
VERTEX
8
P02260
10
89.323332
20
258.063993
30
0.0
0
VERTEX
8
P02260
10
92.032668
20
258.063993
30
0.0
0
SEQEND
0
POLYLINE
8
P02261
66
1
70
0
0
VERTEX
8
P02261
10
89.407995
20
257.979328
30
0.0
0
VERTEX
8
P02261
10
92.032668
20
257.979328
30
0.0
0
SEQEND
0
POLYLINE
8
P02262
66
1
70
0
0
VERTEX
8
P02262
10
89.492664
20
257.894659
30
0.0
0
VERTEX
8
P02262
10
91.947994
20
257.894659
30
0.0
0
SEQEND
0
POLYLINE
8
P02263
66
1
70
0
0
VERTEX
8
P02263
10
89.577333
20
257.809993
30
0.0
0
VERTEX
8
P02263
10
91.863331
20
257.809993
30
0.0
0
SEQEND
0
POLYLINE
8
P02264
66
1
70
0
0
VERTEX
8
P02264
10
89.661996
20
257.725327
30
0.0
0
VERTEX
8
P02264
10
91.778668
20
257.725327
30
0.0
0
SEQEND
0
POLYLINE
8
P02265
66
1
70
0
0
VERTEX
8
P02265
10
89.746665
20
257.640658
30
0.0
0
VERTEX
8
P02265
10
91.778668
20
257.640658
30
0.0
0
SEQEND
0
POLYLINE
8
P02266
66
1
70
0
0
VERTEX
8
P02266
10
89.831333
20
257.555993
30
0.0
0
VERTEX
8
P02266
10
91.693994
20
257.555993
30
0.0
0
SEQEND
0
POLYLINE
8
P02267
66
1
70
0
0
VERTEX
8
P02267
10
89.915996
20
257.471327
30
0.0
0
VERTEX
8
P02267
10
91.609331
20
257.471327
30
0.0
0
SEQEND
0
POLYLINE
8
P02268
66
1
70
0
0
VERTEX
8
P02268
10
90.000665
20
257.386661
30
0.0
0
VERTEX
8
P02268
10
91.524668
20
257.386661
30
0.0
0
SEQEND
0
POLYLINE
8
P02269
66
1
70
0
0
VERTEX
8
P02269
10
90.085334
20
257.301992
30
0.0
0
VERTEX
8
P02269
10
91.439994
20
257.301992
30
0.0
0
SEQEND
0
POLYLINE
8
P02270
66
1
70
0
0
VERTEX
8
P02270
10
90.169997
20
257.217326
30
0.0
0
VERTEX
8
P02270
10
91.439994
20
257.217326
30
0.0
0
SEQEND
0
POLYLINE
8
P02271
66
1
70
0
0
VERTEX
8
P02271
10
90.254665
20
257.132660
30
0.0
0
VERTEX
8
P02271
10
91.355330
20
257.132660
30
0.0
0
SEQEND
0
POLYLINE
8
P02272
66
1
70
0
0
VERTEX
8
P02272
10
90.339329
20
257.047994
30
0.0
0
VERTEX
8
P02272
10
91.270667
20
257.047994
30
0.0
0
SEQEND
0
POLYLINE
8
P02273
66
1
70
0
0
VERTEX
8
P02273
10
90.424003
20
256.963326
30
0.0
0
VERTEX
8
P02273
10
91.185993
20
256.963326
30
0.0
0
SEQEND
0
POLYLINE
8
P02274
66
1
70
0
0
VERTEX
8
P02274
10
90.508666
20
256.878660
30
0.0
0
VERTEX
8
P02274
10
91.185993
20
256.878660
30
0.0
0
SEQEND
0
POLYLINE
8
P02275
66
1
70
0
0
VERTEX
8
P02275
10
90.593329
20
256.793994
30
0.0
0
VERTEX
8
P02275
10
91.101330
20
256.793994
30
0.0
0
SEQEND
0
POLYLINE
8
P02276
66
1
70
0
0
VERTEX
8
P02276
10
90.678003
20
256.709325
30
0.0
0
VERTEX
8
P02276
10
91.016667
20
256.709325
30
0.0
0
SEQEND
0
POLYLINE
8
P02277
66
1
70
0
0
VERTEX
8
P02277
10
90.762666
20
256.624659
30
0.0
0
VERTEX
8
P02277
10
90.931993
20
256.624659
30
0.0
0
VERTEX
8
P02277
10
90.762666
20
256.624659
30
0.0
0
SEQEND
0
POLYLINE
8
P02278
66
1
70
0
0
VERTEX
8
P02278
10
93.895335
20
261.281328
30
0.0
0
VERTEX
8
P02278
10
90.762666
20
257.301992
30
0.0
0
VERTEX
8
P02278
10
93.895335
20
261.281328
30
0.0
0
SEQEND
0
POLYLINE
8
P02279
66
1
70
0
0
VERTEX
8
P02279
10
90.762666
20
257.301992
30
0.0
0
VERTEX
8
P02279
10
90.678003
20
258.148659
30
0.0
0
VERTEX
8
P02279
10
90.762666
20
257.301992
30
0.0
0
SEQEND
0
POLYLINE
8
P02280
66
1
70
0
0
VERTEX
8
P02280
10
90.678003
20
258.148659
30
0.0
0
VERTEX
8
P02280
10
89.831333
20
258.233325
30
0.0
0
VERTEX
8
P02280
10
90.678003
20
258.148659
30
0.0
0
SEQEND
0
POLYLINE
8
P02281
66
1
70
0
0
VERTEX
8
P02281
10
89.831333
20
258.233325
30
0.0
0
VERTEX
8
P02281
10
93.895335
20
261.281328
30
0.0
0
VERTEX
8
P02281
10
89.831333
20
258.233325
30
0.0
0
SEQEND
0
POLYLINE
8
P02282
66
1
70
0
0
VERTEX
8
P02282
10
93.810661
20
261.196659
30
0.0
0
VERTEX
8
P02282
10
93.895335
20
261.196659
30
0.0
0
SEQEND
0
POLYLINE
8
P02283
66
1
70
0
0
VERTEX
8
P02283
10
93.725997
20
261.111993
30
0.0
0
VERTEX
8
P02283
10
93.810661
20
261.111993
30
0.0
0
SEQEND
0
POLYLINE
8
P02284
66
1
70
0
0
VERTEX
8
P02284
10
93.641334
20
261.027327
30
0.0
0
VERTEX
8
P02284
10
93.725997
20
261.027327
30
0.0
0
SEQEND
0
POLYLINE
8
P02285
66
1
70
0
0
VERTEX
8
P02285
10
93.556660
20
260.942659
30
0.0
0
VERTEX
8
P02285
10
93.641334
20
260.942659
30
0.0
0
SEQEND
0
POLYLINE
8
P02286
66
1
70
0
0
VERTEX
8
P02286
10
93.471997
20
260.857993
30
0.0
0
VERTEX
8
P02286
10
93.641334
20
260.857993
30
0.0
0
SEQEND
0
POLYLINE
8
P02287
66
1
70
0
0
VERTEX
8
P02287
10
93.387334
20
260.773327
30
0.0
0
VERTEX
8
P02287
10
93.556660
20
260.773327
30
0.0
0
SEQEND
0
POLYLINE
8
P02288
66
1
70
0
0
VERTEX
8
P02288
10
93.302660
20
260.688661
30
0.0
0
VERTEX
8
P02288
10
93.471997
20
260.688661
30
0.0
0
SEQEND
0
POLYLINE
8
P02289
66
1
70
0
0
VERTEX
8
P02289
10
93.217997
20
260.603992
30
0.0
0
VERTEX
8
P02289
10
93.387334
20
260.603992
30
0.0
0
SEQEND
0
POLYLINE
8
P02290
66
1
70
0
0
VERTEX
8
P02290
10
93.133333
20
260.519326
30
0.0
0
VERTEX
8
P02290
10
93.302660
20
260.519326
30
0.0
0
SEQEND
0
POLYLINE
8
P02291
66
1
70
0
0
VERTEX
8
P02291
10
93.048659
20
260.434661
30
0.0
0
VERTEX
8
P02291
10
93.302660
20
260.434661
30
0.0
0
SEQEND
0
POLYLINE
8
P02292
66
1
70
0
0
VERTEX
8
P02292
10
92.963996
20
260.349992
30
0.0
0
VERTEX
8
P02292
10
93.217997
20
260.349992
30
0.0
0
SEQEND
0
POLYLINE
8
P02293
66
1
70
0
0
VERTEX
8
P02293
10
92.879333
20
260.265326
30
0.0
0
VERTEX
8
P02293
10
93.133333
20
260.265326
30
0.0
0
SEQEND
0
POLYLINE
8
P02294
66
1
70
0
0
VERTEX
8
P02294
10
92.794670
20
260.180660
30
0.0
0
VERTEX
8
P02294
10
93.048659
20
260.180660
30
0.0
0
SEQEND
0
POLYLINE
8
P02295
66
1
70
0
0
VERTEX
8
P02295
10
92.709996
20
260.095994
30
0.0
0
VERTEX
8
P02295
10
92.963996
20
260.095994
30
0.0
0
SEQEND
0
POLYLINE
8
P02296
66
1
70
0
0
VERTEX
8
P02296
10
92.625332
20
260.011326
30
0.0
0
VERTEX
8
P02296
10
92.963996
20
260.011326
30
0.0
0
SEQEND
0
POLYLINE
8
P02297
66
1
70
0
0
VERTEX
8
P02297
10
92.540669
20
259.926660
30
0.0
0
VERTEX
8
P02297
10
92.879333
20
259.926660
30
0.0
0
SEQEND
0
POLYLINE
8
P02298
66
1
70
0
0
VERTEX
8
P02298
10
92.455995
20
259.841994
30
0.0
0
VERTEX
8
P02298
10
92.794670
20
259.841994
30
0.0
0
SEQEND
0
POLYLINE
8
P02299
66
1
70
0
0
VERTEX
8
P02299
10
92.371332
20
259.757325
30
0.0
0
VERTEX
8
P02299
10
92.709996
20
259.757325
30
0.0
0
SEQEND
0
POLYLINE
8
P02300
66
1
70
0
0
VERTEX
8
P02300
10
92.286669
20
259.672659
30
0.0
0
VERTEX
8
P02300
10
92.709996
20
259.672659
30
0.0
0
SEQEND
0
POLYLINE
8
P02301
66
1
70
0
0
VERTEX
8
P02301
10
92.201995
20
259.587993
30
0.0
0
VERTEX
8
P02301
10
92.625332
20
259.587993
30
0.0
0
SEQEND
0
POLYLINE
8
P02302
66
1
70
0
0
VERTEX
8
P02302
10
92.117332
20
259.503327
30
0.0
0
VERTEX
8
P02302
10
92.540669
20
259.503327
30
0.0
0
SEQEND
0
POLYLINE
8
P02303
66
1
70
0
0
VERTEX
8
P02303
10
92.032668
20
259.418659
30
0.0
0
VERTEX
8
P02303
10
92.455995
20
259.418659
30
0.0
0
SEQEND
0
POLYLINE
8
P02304
66
1
70
0
0
VERTEX
8
P02304
10
91.947994
20
259.333993
30
0.0
0
VERTEX
8
P02304
10
92.371332
20
259.333993
30
0.0
0
SEQEND
0
POLYLINE
8
P02305
66
1
70
0
0
VERTEX
8
P02305
10
91.863331
20
259.249327
30
0.0
0
VERTEX
8
P02305
10
92.371332
20
259.249327
30
0.0
0
SEQEND
0
POLYLINE
8
P02306
66
1
70
0
0
VERTEX
8
P02306
10
91.778668
20
259.164661
30
0.0
0
VERTEX
8
P02306
10
92.286669
20
259.164661
30
0.0
0
SEQEND
0
POLYLINE
8
P02307
66
1
70
0
0
VERTEX
8
P02307
10
91.693994
20
259.079992
30
0.0
0
VERTEX
8
P02307
10
92.201995
20
259.079992
30
0.0
0
SEQEND
0
POLYLINE
8
P02308
66
1
70
0
0
VERTEX
8
P02308
10
91.609331
20
258.995327
30
0.0
0
VERTEX
8
P02308
10
92.117332
20
258.995327
30
0.0
0
SEQEND
0
POLYLINE
8
P02309
66
1
70
0
0
VERTEX
8
P02309
10
91.524668
20
258.910661
30
0.0
0
VERTEX
8
P02309
10
92.032668
20
258.910661
30
0.0
0
SEQEND
0
POLYLINE
8
P02310
66
1
70
0
0
VERTEX
8
P02310
10
91.439994
20
258.825992
30
0.0
0
VERTEX
8
P02310
10
92.032668
20
258.825992
30
0.0
0
SEQEND
0
POLYLINE
8
P02311
66
1
70
0
0
VERTEX
8
P02311
10
91.355330
20
258.741326
30
0.0
0
VERTEX
8
P02311
10
91.947994
20
258.741326
30
0.0
0
SEQEND
0
POLYLINE
8
P02312
66
1
70
0
0
VERTEX
8
P02312
10
91.270667
20
258.656660
30
0.0
0
VERTEX
8
P02312
10
91.863331
20
258.656660
30
0.0
0
SEQEND
0
POLYLINE
8
P02313
66
1
70
0
0
VERTEX
8
P02313
10
91.185993
20
258.571994
30
0.0
0
VERTEX
8
P02313
10
91.778668
20
258.571994
30
0.0
0
SEQEND
0
POLYLINE
8
P02314
66
1
70
0
0
VERTEX
8
P02314
10
91.101330
20
258.487326
30
0.0
0
VERTEX
8
P02314
10
91.778668
20
258.487326
30
0.0
0
SEQEND
0
POLYLINE
8
P02315
66
1
70
0
0
VERTEX
8
P02315
10
91.016667
20
258.402660
30
0.0
0
VERTEX
8
P02315
10
91.693994
20
258.402660
30
0.0
0
SEQEND
0
POLYLINE
8
P02316
66
1
70
0
0
VERTEX
8
P02316
10
90.931993
20
258.317994
30
0.0
0
VERTEX
8
P02316
10
91.609331
20
258.317994
30
0.0
0
SEQEND
0
POLYLINE
8
P02317
66
1
70
0
0
VERTEX
8
P02317
10
90.847329
20
258.233325
30
0.0
0
VERTEX
8
P02317
10
91.524668
20
258.233325
30
0.0
0
SEQEND
0
POLYLINE
8
P02318
66
1
70
0
0
VERTEX
8
P02318
10
90.678003
20
258.148659
30
0.0
0
VERTEX
8
P02318
10
91.439994
20
258.148659
30
0.0
0
SEQEND
0
POLYLINE
8
P02319
66
1
70
0
0
VERTEX
8
P02319
10
90.762666
20
258.063993
30
0.0
0
VERTEX
8
P02319
10
91.439994
20
258.063993
30
0.0
0
SEQEND
0
POLYLINE
8
P02320
66
1
70
0
0
VERTEX
8
P02320
10
90.762666
20
257.979328
30
0.0
0
VERTEX
8
P02320
10
91.355330
20
257.979328
30
0.0
0
SEQEND
0
POLYLINE
8
P02321
66
1
70
0
0
VERTEX
8
P02321
10
90.762666
20
257.894659
30
0.0
0
VERTEX
8
P02321
10
91.270667
20
257.894659
30
0.0
0
SEQEND
0
POLYLINE
8
P02322
66
1
70
0
0
VERTEX
8
P02322
10
90.762666
20
257.809993
30
0.0
0
VERTEX
8
P02322
10
91.185993
20
257.809993
30
0.0
0
SEQEND
0
POLYLINE
8
P02323
66
1
70
0
0
VERTEX
8
P02323
10
90.762666
20
257.725327
30
0.0
0
VERTEX
8
P02323
10
91.101330
20
257.725327
30
0.0
0
SEQEND
0
POLYLINE
8
P02324
66
1
70
0
0
VERTEX
8
P02324
10
90.762666
20
257.640658
30
0.0
0
VERTEX
8
P02324
10
91.101330
20
257.640658
30
0.0
0
SEQEND
0
POLYLINE
8
P02325
66
1
70
0
0
VERTEX
8
P02325
10
90.762666
20
257.555993
30
0.0
0
VERTEX
8
P02325
10
91.016667
20
257.555993
30
0.0
0
SEQEND
0
POLYLINE
8
P02326
66
1
70
0
0
VERTEX
8
P02326
10
90.762666
20
257.471327
30
0.0
0
VERTEX
8
P02326
10
90.931993
20
257.471327
30
0.0
0
SEQEND
0
POLYLINE
8
P02327
66
1
70
0
0
VERTEX
8
P02327
10
90.762666
20
257.386661
30
0.0
0
VERTEX
8
P02327
10
90.847329
20
257.386661
30
0.0
0
VERTEX
8
P02327
10
90.762666
20
257.386661
30
0.0
0
SEQEND
0
POLYLINE
8
P02328
66
1
70
0
0
VERTEX
8
P02328
10
93.556660
20
261.027327
30
0.0
0
VERTEX
8
P02328
10
93.641334
20
261.027327
30
0.0
0
SEQEND
0
POLYLINE
8
P02329
66
1
70
0
0
VERTEX
8
P02329
10
93.471997
20
260.942659
30
0.0
0
VERTEX
8
P02329
10
93.556660
20
260.942659
30
0.0
0
SEQEND
0
POLYLINE
8
P02330
66
1
70
0
0
VERTEX
8
P02330
10
93.387334
20
260.857993
30
0.0
0
VERTEX
8
P02330
10
93.471997
20
260.857993
30
0.0
0
SEQEND
0
POLYLINE
8
P02331
66
1
70
0
0
VERTEX
8
P02331
10
93.217997
20
260.773327
30
0.0
0
VERTEX
8
P02331
10
93.387334
20
260.773327
30
0.0
0
SEQEND
0
POLYLINE
8
P02332
66
1
70
0
0
VERTEX
8
P02332
10
93.133333
20
260.688661
30
0.0
0
VERTEX
8
P02332
10
93.302660
20
260.688661
30
0.0
0
SEQEND
0
POLYLINE
8
P02333
66
1
70
0
0
VERTEX
8
P02333
10
93.048659
20
260.603992
30
0.0
0
VERTEX
8
P02333
10
93.217997
20
260.603992
30
0.0
0
SEQEND
0
POLYLINE
8
P02334
66
1
70
0
0
VERTEX
8
P02334
10
92.879333
20
260.519326
30
0.0
0
VERTEX
8
P02334
10
93.133333
20
260.519326
30
0.0
0
SEQEND
0
POLYLINE
8
P02335
66
1
70
0
0
VERTEX
8
P02335
10
92.794670
20
260.434661
30
0.0
0
VERTEX
8
P02335
10
93.048659
20
260.434661
30
0.0
0
SEQEND
0
POLYLINE
8
P02336
66
1
70
0
0
VERTEX
8
P02336
10
92.709996
20
260.349992
30
0.0
0
VERTEX
8
P02336
10
92.963996
20
260.349992
30
0.0
0
SEQEND
0
POLYLINE
8
P02337
66
1
70
0
0
VERTEX
8
P02337
10
92.540669
20
260.265326
30
0.0
0
VERTEX
8
P02337
10
92.879333
20
260.265326
30
0.0
0
SEQEND
0
POLYLINE
8
P02338
66
1
70
0
0
VERTEX
8
P02338
10
92.455995
20
260.180660
30
0.0
0
VERTEX
8
P02338
10
92.794670
20
260.180660
30
0.0
0
SEQEND
0
POLYLINE
8
P02339
66
1
70
0
0
VERTEX
8
P02339
10
92.371332
20
260.095994
30
0.0
0
VERTEX
8
P02339
10
92.709996
20
260.095994
30
0.0
0
SEQEND
0
POLYLINE
8
P02340
66
1
70
0
0
VERTEX
8
P02340
10
92.201995
20
260.011326
30
0.0
0
VERTEX
8
P02340
10
92.625332
20
260.011326
30
0.0
0
SEQEND
0
POLYLINE
8
P02341
66
1
70
0
0
VERTEX
8
P02341
10
92.117332
20
259.926660
30
0.0
0
VERTEX
8
P02341
10
92.540669
20
259.926660
30
0.0
0
SEQEND
0
POLYLINE
8
P02342
66
1
70
0
0
VERTEX
8
P02342
10
92.032668
20
259.841994
30
0.0
0
VERTEX
8
P02342
10
92.455995
20
259.841994
30
0.0
0
SEQEND
0
POLYLINE
8
P02343
66
1
70
0
0
VERTEX
8
P02343
10
91.863331
20
259.757325
30
0.0
0
VERTEX
8
P02343
10
92.371332
20
259.757325
30
0.0
0
SEQEND
0
POLYLINE
8
P02344
66
1
70
0
0
VERTEX
8
P02344
10
91.778668
20
259.672659
30
0.0
0
VERTEX
8
P02344
10
92.286669
20
259.672659
30
0.0
0
SEQEND
0
POLYLINE
8
P02345
66
1
70
0
0
VERTEX
8
P02345
10
91.693994
20
259.587993
30
0.0
0
VERTEX
8
P02345
10
92.201995
20
259.587993
30
0.0
0
SEQEND
0
POLYLINE
8
P02346
66
1
70
0
0
VERTEX
8
P02346
10
91.524668
20
259.503327
30
0.0
0
VERTEX
8
P02346
10
92.117332
20
259.503327
30
0.0
0
SEQEND
0
POLYLINE
8
P02347
66
1
70
0
0
VERTEX
8
P02347
10
91.439994
20
259.418659
30
0.0
0
VERTEX
8
P02347
10
92.032668
20
259.418659
30
0.0
0
SEQEND
0
POLYLINE
8
P02348
66
1
70
0
0
VERTEX
8
P02348
10
91.355330
20
259.333993
30
0.0
0
VERTEX
8
P02348
10
91.947994
20
259.333993
30
0.0
0
SEQEND
0
POLYLINE
8
P02349
66
1
70
0
0
VERTEX
8
P02349
10
91.185993
20
259.249327
30
0.0
0
VERTEX
8
P02349
10
91.863331
20
259.249327
30
0.0
0
SEQEND
0
POLYLINE
8
P02350
66
1
70
0
0
VERTEX
8
P02350
10
91.101330
20
259.164661
30
0.0
0
VERTEX
8
P02350
10
91.778668
20
259.164661
30
0.0
0
SEQEND
0
POLYLINE
8
P02351
66
1
70
0
0
VERTEX
8
P02351
10
91.016667
20
259.079992
30
0.0
0
VERTEX
8
P02351
10
91.693994
20
259.079992
30
0.0
0
SEQEND
0
POLYLINE
8
P02352
66
1
70
0
0
VERTEX
8
P02352
10
90.847329
20
258.995327
30
0.0
0
VERTEX
8
P02352
10
91.609331
20
258.995327
30
0.0
0
SEQEND
0
POLYLINE
8
P02353
66
1
70
0
0
VERTEX
8
P02353
10
90.762666
20
258.910661
30
0.0
0
VERTEX
8
P02353
10
91.524668
20
258.910661
30
0.0
0
SEQEND
0
POLYLINE
8
P02354
66
1
70
0
0
VERTEX
8
P02354
10
90.678003
20
258.825992
30
0.0
0
VERTEX
8
P02354
10
91.439994
20
258.825992
30
0.0
0
SEQEND
0
POLYLINE
8
P02355
66
1
70
0
0
VERTEX
8
P02355
10
90.508666
20
258.741326
30
0.0
0
VERTEX
8
P02355
10
91.355330
20
258.741326
30
0.0
0
SEQEND
0
POLYLINE
8
P02356
66
1
70
0
0
VERTEX
8
P02356
10
90.424003
20
258.656660
30
0.0
0
VERTEX
8
P02356
10
91.270667
20
258.656660
30
0.0
0
SEQEND
0
POLYLINE
8
P02357
66
1
70
0
0
VERTEX
8
P02357
10
90.339329
20
258.571994
30
0.0
0
VERTEX
8
P02357
10
91.185993
20
258.571994
30
0.0
0
SEQEND
0
POLYLINE
8
P02358
66
1
70
0
0
VERTEX
8
P02358
10
90.169997
20
258.487326
30
0.0
0
VERTEX
8
P02358
10
91.101330
20
258.487326
30
0.0
0
SEQEND
0
POLYLINE
8
P02359
66
1
70
0
0
VERTEX
8
P02359
10
90.085334
20
258.402660
30
0.0
0
VERTEX
8
P02359
10
91.016667
20
258.402660
30
0.0
0
SEQEND
0
POLYLINE
8
P02360
66
1
70
0
0
VERTEX
8
P02360
10
90.000665
20
258.317994
30
0.0
0
VERTEX
8
P02360
10
90.931993
20
258.317994
30
0.0
0
SEQEND
0
POLYLINE
8
P02361
66
1
70
0
0
VERTEX
8
P02361
10
89.831333
20
258.233325
30
0.0
0
VERTEX
8
P02361
10
90.847329
20
258.233325
30
0.0
0
VERTEX
8
P02361
10
89.831333
20
258.233325
30
0.0
0
SEQEND
0
POLYLINE
8
P02362
66
1
70
0
0
VERTEX
8
P02362
10
86.783333
20
254.253992
30
0.0
0
VERTEX
8
P02362
10
93.895335
20
261.281328
30
0.0
0
VERTEX
8
P02362
10
86.783333
20
254.253992
30
0.0
0
SEQEND
0
POLYLINE
8
P02363
66
1
70
0
0
VERTEX
8
P02363
10
124.121332
20
269.409325
30
0.0
0
VERTEX
8
P02363
10
124.375332
20
269.409325
30
0.0
0
SEQEND
0
POLYLINE
8
P02364
66
1
70
0
0
VERTEX
8
P02364
10
124.121332
20
269.324659
30
0.0
0
VERTEX
8
P02364
10
124.544659
20
269.324659
30
0.0
0
SEQEND
0
POLYLINE
8
P02365
66
1
70
0
0
VERTEX
8
P02365
10
124.036669
20
269.239994
30
0.0
0
VERTEX
8
P02365
10
124.798659
20
269.239994
30
0.0
0
SEQEND
0
POLYLINE
8
P02366
66
1
70
0
0
VERTEX
8
P02366
10
124.036669
20
269.155325
30
0.0
0
VERTEX
8
P02366
10
124.967997
20
269.155325
30
0.0
0
SEQEND
0
POLYLINE
8
P02367
66
1
70
0
0
VERTEX
8
P02367
10
123.951995
20
269.070659
30
0.0
0
VERTEX
8
P02367
10
125.221997
20
269.070659
30
0.0
0
SEQEND
0
POLYLINE
8
P02368
66
1
70
0
0
VERTEX
8
P02368
10
123.951995
20
268.985993
30
0.0
0
VERTEX
8
P02368
10
125.391334
20
268.985993
30
0.0
0
SEQEND
0
POLYLINE
8
P02369
66
1
70
0
0
VERTEX
8
P02369
10
123.951995
20
268.901327
30
0.0
0
VERTEX
8
P02369
10
125.645335
20
268.901327
30
0.0
0
SEQEND
0
POLYLINE
8
P02370
66
1
70
0
0
VERTEX
8
P02370
10
123.867332
20
268.816659
30
0.0
0
VERTEX
8
P02370
10
125.814661
20
268.816659
30
0.0
0
SEQEND
0
POLYLINE
8
P02371
66
1
70
0
0
VERTEX
8
P02371
10
123.867332
20
268.731993
30
0.0
0
VERTEX
8
P02371
10
125.983998
20
268.731993
30
0.0
0
SEQEND
0
POLYLINE
8
P02372
66
1
70
0
0
VERTEX
8
P02372
10
123.782668
20
268.647327
30
0.0
0
VERTEX
8
P02372
10
126.237999
20
268.647327
30
0.0
0
SEQEND
0
POLYLINE
8
P02373
66
1
70
0
0
VERTEX
8
P02373
10
123.782668
20
268.562661
30
0.0
0
VERTEX
8
P02373
10
126.407325
20
268.562661
30
0.0
0
SEQEND
0
POLYLINE
8
P02374
66
1
70
0
0
VERTEX
8
P02374
10
123.782668
20
268.477992
30
0.0
0
VERTEX
8
P02374
10
126.661326
20
268.477992
30
0.0
0
SEQEND
0
POLYLINE
8
P02375
66
1
70
0
0
VERTEX
8
P02375
10
123.697994
20
268.393326
30
0.0
0
VERTEX
8
P02375
10
126.830663
20
268.393326
30
0.0
0
SEQEND
0
POLYLINE
8
P02376
66
1
70
0
0
VERTEX
8
P02376
10
123.697994
20
268.308660
30
0.0
0
VERTEX
8
P02376
10
127.084663
20
268.308660
30
0.0
0
SEQEND
0
POLYLINE
8
P02377
66
1
70
0
0
VERTEX
8
P02377
10
123.613331
20
268.223992
30
0.0
0
VERTEX
8
P02377
10
127.254000
20
268.223992
30
0.0
0
SEQEND
0
POLYLINE
8
P02378
66
1
70
0
0
VERTEX
8
P02378
10
123.613331
20
268.139326
30
0.0
0
VERTEX
8
P02378
10
127.508001
20
268.139326
30
0.0
0
SEQEND
0
POLYLINE
8
P02379
66
1
70
0
0
VERTEX
8
P02379
10
123.528668
20
268.054660
30
0.0
0
VERTEX
8
P02379
10
127.677327
20
268.054660
30
0.0
0
SEQEND
0
POLYLINE
8
P02380
66
1
70
0
0
VERTEX
8
P02380
10
123.528668
20
267.969994
30
0.0
0
VERTEX
8
P02380
10
127.846665
20
267.969994
30
0.0
0
SEQEND
0
POLYLINE
8
P02381
66
1
70
0
0
VERTEX
8
P02381
10
123.528668
20
267.885325
30
0.0
0
VERTEX
8
P02381
10
128.100665
20
267.885325
30
0.0
0
SEQEND
0
POLYLINE
8
P02382
66
1
70
0
0
VERTEX
8
P02382
10
123.443994
20
267.800660
30
0.0
0
VERTEX
8
P02382
10
128.270002
20
267.800660
30
0.0
0
SEQEND
0
POLYLINE
8
P02383
66
1
70
0
0
VERTEX
8
P02383
10
123.443994
20
267.715994
30
0.0
0
VERTEX
8
P02383
10
128.523992
20
267.715994
30
0.0
0
SEQEND
0
POLYLINE
8
P02384
66
1
70
0
0
VERTEX
8
P02384
10
123.359331
20
267.631325
30
0.0
0
VERTEX
8
P02384
10
128.693329
20
267.631325
30
0.0
0
SEQEND
0
POLYLINE
8
P02385
66
1
70
0
0
VERTEX
8
P02385
10
123.359331
20
267.546659
30
0.0
0
VERTEX
8
P02385
10
128.947329
20
267.546659
30
0.0
0
SEQEND
0
POLYLINE
8
P02386
66
1
70
0
0
VERTEX
8
P02386
10
123.359331
20
267.461993
30
0.0
0
VERTEX
8
P02386
10
129.116667
20
267.461993
30
0.0
0
SEQEND
0
POLYLINE
8
P02387
66
1
70
0
0
VERTEX
8
P02387
10
123.274668
20
267.377327
30
0.0
0
VERTEX
8
P02387
10
129.370667
20
267.377327
30
0.0
0
SEQEND
0
POLYLINE
8
P02388
66
1
70
0
0
VERTEX
8
P02388
10
123.274668
20
267.292659
30
0.0
0
VERTEX
8
P02388
10
129.539994
20
267.292659
30
0.0
0
SEQEND
0
POLYLINE
8
P02389
66
1
70
0
0
VERTEX
8
P02389
10
123.189994
20
267.207993
30
0.0
0
VERTEX
8
P02389
10
129.709331
20
267.207993
30
0.0
0
SEQEND
0
POLYLINE
8
P02390
66
1
70
0
0
VERTEX
8
P02390
10
123.189994
20
267.123327
30
0.0
0
VERTEX
8
P02390
10
129.963331
20
267.123327
30
0.0
0
SEQEND
0
POLYLINE
8
P02391
66
1
70
0
0
VERTEX
8
P02391
10
123.189994
20
267.038658
30
0.0
0
VERTEX
8
P02391
10
130.132668
20
267.038658
30
0.0
0
SEQEND
0
POLYLINE
8
P02392
66
1
70
0
0
VERTEX
8
P02392
10
123.105330
20
266.953992
30
0.0
0
VERTEX
8
P02392
10
130.386669
20
266.953992
30
0.0
0
SEQEND
0
POLYLINE
8
P02393
66
1
70
0
0
VERTEX
8
P02393
10
123.105330
20
266.869326
30
0.0
0
VERTEX
8
P02393
10
130.555995
20
266.869326
30
0.0
0
SEQEND
0
POLYLINE
8
P02394
66
1
70
0
0
VERTEX
8
P02394
10
123.020667
20
266.784661
30
0.0
0
VERTEX
8
P02394
10
130.809996
20
266.784661
30
0.0
0
SEQEND
0
POLYLINE
8
P02395
66
1
70
0
0
VERTEX
8
P02395
10
123.020667
20
266.699992
30
0.0
0
VERTEX
8
P02395
10
130.979333
20
266.699992
30
0.0
0
SEQEND
0
POLYLINE
8
P02396
66
1
70
0
0
VERTEX
8
P02396
10
122.935993
20
266.615326
30
0.0
0
VERTEX
8
P02396
10
131.233333
20
266.615326
30
0.0
0
SEQEND
0
POLYLINE
8
P02397
66
1
70
0
0
VERTEX
8
P02397
10
122.935993
20
266.530660
30
0.0
0
VERTEX
8
P02397
10
131.402660
20
266.530660
30
0.0
0
SEQEND
0
POLYLINE
8
P02398
66
1
70
0
0
VERTEX
8
P02398
10
122.935993
20
266.445994
30
0.0
0
VERTEX
8
P02398
10
131.571997
20
266.445994
30
0.0
0
SEQEND
0
POLYLINE
8
P02399
66
1
70
0
0
VERTEX
8
P02399
10
122.851330
20
266.361326
30
0.0
0
VERTEX
8
P02399
10
131.825997
20
266.361326
30
0.0
0
SEQEND
0
POLYLINE
8
P02400
66
1
70
0
0
VERTEX
8
P02400
10
122.851330
20
266.276660
30
0.0
0
VERTEX
8
P02400
10
131.995335
20
266.276660
30
0.0
0
SEQEND
0
POLYLINE
8
P02401
66
1
70
0
0
VERTEX
8
P02401
10
122.766667
20
266.191994
30
0.0
0
VERTEX
8
P02401
10
132.249335
20
266.191994
30
0.0
0
SEQEND
0
POLYLINE
8
P02402
66
1
70
0
0
VERTEX
8
P02402
10
122.766667
20
266.107325
30
0.0
0
VERTEX
8
P02402
10
132.418661
20
266.107325
30
0.0
0
SEQEND
0
POLYLINE
8
P02403
66
1
70
0
0
VERTEX
8
P02403
10
122.766667
20
266.022659
30
0.0
0
VERTEX
8
P02403
10
132.672662
20
266.022659
30
0.0
0
SEQEND
0
POLYLINE
8
P02404
66
1
70
0
0
VERTEX
8
P02404
10
122.681993
20
265.937993
30
0.0
0
VERTEX
8
P02404
10
132.841999
20
265.937993
30
0.0
0
SEQEND
0
POLYLINE
8
P02405
66
1
70
0
0
VERTEX
8
P02405
10
122.681993
20
265.853327
30
0.0
0
VERTEX
8
P02405
10
133.011326
20
265.853327
30
0.0
0
SEQEND
0
POLYLINE
8
P02406
66
1
70
0
0
VERTEX
8
P02406
10
122.597329
20
265.768659
30
0.0
0
VERTEX
8
P02406
10
133.011326
20
265.768659
30
0.0
0
SEQEND
0
POLYLINE
8
P02407
66
1
70
0
0
VERTEX
8
P02407
10
122.597329
20
265.683993
30
0.0
0
VERTEX
8
P02407
10
133.011326
20
265.683993
30
0.0
0
SEQEND
0
POLYLINE
8
P02408
66
1
70
0
0
VERTEX
8
P02408
10
122.597329
20
265.599327
30
0.0
0
VERTEX
8
P02408
10
132.926662
20
265.599327
30
0.0
0
SEQEND
0
POLYLINE
8
P02409
66
1
70
0
0
VERTEX
8
P02409
10
122.512666
20
265.514658
30
0.0
0
VERTEX
8
P02409
10
132.926662
20
265.514658
30
0.0
0
SEQEND
0
POLYLINE
8
P02410
66
1
70
0
0
VERTEX
8
P02410
10
122.512666
20
265.429992
30
0.0
0
VERTEX
8
P02410
10
132.841999
20
265.429992
30
0.0
0
SEQEND
0
POLYLINE
8
P02411
66
1
70
0
0
VERTEX
8
P02411
10
122.427992
20
265.345327
30
0.0
0
VERTEX
8
P02411
10
132.841999
20
265.345327
30
0.0
0
SEQEND
0
POLYLINE
8
P02412
66
1
70
0
0
VERTEX
8
P02412
10
122.427992
20
265.260661
30
0.0
0
VERTEX
8
P02412
10
132.841999
20
265.260661
30
0.0
0
SEQEND
0
POLYLINE
8
P02413
66
1
70
0
0
VERTEX
8
P02413
10
122.343329
20
265.175992
30
0.0
0
VERTEX
8
P02413
10
132.757325
20
265.175992
30
0.0
0
SEQEND
0
POLYLINE
8
P02414
66
1
70
0
0
VERTEX
8
P02414
10
122.343329
20
265.091326
30
0.0
0
VERTEX
8
P02414
10
132.757325
20
265.091326
30
0.0
0
SEQEND
0
POLYLINE
8
P02415
66
1
70
0
0
VERTEX
8
P02415
10
122.343329
20
265.006660
30
0.0
0
VERTEX
8
P02415
10
132.672662
20
265.006660
30
0.0
0
SEQEND
0
POLYLINE
8
P02416
66
1
70
0
0
VERTEX
8
P02416
10
122.258666
20
264.921994
30
0.0
0
VERTEX
8
P02416
10
132.672662
20
264.921994
30
0.0
0
SEQEND
0
POLYLINE
8
P02417
66
1
70
0
0
VERTEX
8
P02417
10
122.258666
20
264.837326
30
0.0
0
VERTEX
8
P02417
10
132.672662
20
264.837326
30
0.0
0
SEQEND
0
POLYLINE
8
P02418
66
1
70
0
0
VERTEX
8
P02418
10
122.174003
20
264.752660
30
0.0
0
VERTEX
8
P02418
10
132.587999
20
264.752660
30
0.0
0
SEQEND
0
POLYLINE
8
P02419
66
1
70
0
0
VERTEX
8
P02419
10
122.174003
20
264.667994
30
0.0
0
VERTEX
8
P02419
10
132.587999
20
264.667994
30
0.0
0
SEQEND
0
POLYLINE
8
P02420
66
1
70
0
0
VERTEX
8
P02420
10
122.174003
20
264.583325
30
0.0
0
VERTEX
8
P02420
10
132.503335
20
264.583325
30
0.0
0
SEQEND
0
POLYLINE
8
P02421
66
1
70
0
0
VERTEX
8
P02421
10
122.089329
20
264.498659
30
0.0
0
VERTEX
8
P02421
10
132.503335
20
264.498659
30
0.0
0
SEQEND
0
POLYLINE
8
P02422
66
1
70
0
0
VERTEX
8
P02422
10
122.089329
20
264.413993
30
0.0
0
VERTEX
8
P02422
10
132.503335
20
264.413993
30
0.0
0
SEQEND
0
POLYLINE
8
P02423
66
1
70
0
0
VERTEX
8
P02423
10
122.004665
20
264.329328
30
0.0
0
VERTEX
8
P02423
10
132.418661
20
264.329328
30
0.0
0
SEQEND
0
POLYLINE
8
P02424
66
1
70
0
0
VERTEX
8
P02424
10
122.004665
20
264.244659
30
0.0
0
VERTEX
8
P02424
10
132.418661
20
264.244659
30
0.0
0
SEQEND
0
POLYLINE
8
P02425
66
1
70
0
0
VERTEX
8
P02425
10
122.004665
20
264.159993
30
0.0
0
VERTEX
8
P02425
10
132.333998
20
264.159993
30
0.0
0
SEQEND
0
POLYLINE
8
P02426
66
1
70
0
0
VERTEX
8
P02426
10
121.920002
20
264.075327
30
0.0
0
VERTEX
8
P02426
10
132.333998
20
264.075327
30
0.0
0
SEQEND
0
POLYLINE
8
P02427
66
1
70
0
0
VERTEX
8
P02427
10
121.920002
20
263.990658
30
0.0
0
VERTEX
8
P02427
10
132.333998
20
263.990658
30
0.0
0
SEQEND
0
POLYLINE
8
P02428
66
1
70
0
0
VERTEX
8
P02428
10
121.835328
20
263.905993
30
0.0
0
VERTEX
8
P02428
10
132.249335
20
263.905993
30
0.0
0
SEQEND
0
POLYLINE
8
P02429
66
1
70
0
0
VERTEX
8
P02429
10
121.835328
20
263.821327
30
0.0
0
VERTEX
8
P02429
10
132.249335
20
263.821327
30
0.0
0
SEQEND
0
POLYLINE
8
P02430
66
1
70
0
0
VERTEX
8
P02430
10
121.750665
20
263.736661
30
0.0
0
VERTEX
8
P02430
10
132.164661
20
263.736661
30
0.0
0
SEQEND
0
POLYLINE
8
P02431
66
1
70
0
0
VERTEX
8
P02431
10
121.750665
20
263.651992
30
0.0
0
VERTEX
8
P02431
10
132.164661
20
263.651992
30
0.0
0
SEQEND
0
POLYLINE
8
P02432
66
1
70
0
0
VERTEX
8
P02432
10
121.750665
20
263.567326
30
0.0
0
VERTEX
8
P02432
10
132.079998
20
263.567326
30
0.0
0
SEQEND
0
POLYLINE
8
P02433
66
1
70
0
0
VERTEX
8
P02433
10
121.666002
20
263.482660
30
0.0
0
VERTEX
8
P02433
10
132.079998
20
263.482660
30
0.0
0
SEQEND
0
POLYLINE
8
P02434
66
1
70
0
0
VERTEX
8
P02434
10
121.666002
20
263.397992
30
0.0
0
VERTEX
8
P02434
10
132.079998
20
263.397992
30
0.0
0
SEQEND
0
POLYLINE
8
P02435
66
1
70
0
0
VERTEX
8
P02435
10
121.581328
20
263.313326
30
0.0
0
VERTEX
8
P02435
10
131.995335
20
263.313326
30
0.0
0
SEQEND
0
POLYLINE
8
P02436
66
1
70
0
0
VERTEX
8
P02436
10
121.581328
20
263.228660
30
0.0
0
VERTEX
8
P02436
10
131.995335
20
263.228660
30
0.0
0
SEQEND
0
POLYLINE
8
P02437
66
1
70
0
0
VERTEX
8
P02437
10
121.581328
20
263.143994
30
0.0
0
VERTEX
8
P02437
10
131.910661
20
263.143994
30
0.0
0
SEQEND
0
POLYLINE
8
P02438
66
1
70
0
0
VERTEX
8
P02438
10
121.496665
20
263.059325
30
0.0
0
VERTEX
8
P02438
10
131.910661
20
263.059325
30
0.0
0
SEQEND
0
POLYLINE
8
P02439
66
1
70
0
0
VERTEX
8
P02439
10
121.496665
20
262.974659
30
0.0
0
VERTEX
8
P02439
10
131.910661
20
262.974659
30
0.0
0
SEQEND
0
POLYLINE
8
P02440
66
1
70
0
0
VERTEX
8
P02440
10
121.412001
20
262.889994
30
0.0
0
VERTEX
8
P02440
10
131.825997
20
262.889994
30
0.0
0
SEQEND
0
POLYLINE
8
P02441
66
1
70
0
0
VERTEX
8
P02441
10
121.412001
20
262.805328
30
0.0
0
VERTEX
8
P02441
10
131.825997
20
262.805328
30
0.0
0
SEQEND
0
POLYLINE
8
P02442
66
1
70
0
0
VERTEX
8
P02442
10
121.327327
20
262.720659
30
0.0
0
VERTEX
8
P02442
10
131.741334
20
262.720659
30
0.0
0
SEQEND
0
POLYLINE
8
P02443
66
1
70
0
0
VERTEX
8
P02443
10
121.581328
20
262.635993
30
0.0
0
VERTEX
8
P02443
10
131.741334
20
262.635993
30
0.0
0
SEQEND
0
POLYLINE
8
P02444
66
1
70
0
0
VERTEX
8
P02444
10
121.750665
20
262.551327
30
0.0
0
VERTEX
8
P02444
10
131.741334
20
262.551327
30
0.0
0
SEQEND
0
POLYLINE
8
P02445
66
1
70
0
0
VERTEX
8
P02445
10
122.004665
20
262.466659
30
0.0
0
VERTEX
8
P02445
10
131.656660
20
262.466659
30
0.0
0
SEQEND
0
POLYLINE
8
P02446
66
1
70
0
0
VERTEX
8
P02446
10
122.174003
20
262.381993
30
0.0
0
VERTEX
8
P02446
10
131.656660
20
262.381993
30
0.0
0
SEQEND
0
POLYLINE
8
P02447
66
1
70
0
0
VERTEX
8
P02447
10
122.343329
20
262.297327
30
0.0
0
VERTEX
8
P02447
10
131.571997
20
262.297327
30
0.0
0
SEQEND
0
POLYLINE
8
P02448
66
1
70
0
0
VERTEX
8
P02448
10
122.597329
20
262.212661
30
0.0
0
VERTEX
8
P02448
10
131.571997
20
262.212661
30
0.0
0
SEQEND
0
POLYLINE
8
P02449
66
1
70
0
0
VERTEX
8
P02449
10
122.766667
20
262.127992
30
0.0
0
VERTEX
8
P02449
10
131.571997
20
262.127992
30
0.0
0
SEQEND
0
POLYLINE
8
P02450
66
1
70
0
0
VERTEX
8
P02450
10
123.020667
20
262.043326
30
0.0
0
VERTEX
8
P02450
10
131.487334
20
262.043326
30
0.0
0
SEQEND
0
POLYLINE
8
P02451
66
1
70
0
0
VERTEX
8
P02451
10
123.189994
20
261.958660
30
0.0
0
VERTEX
8
P02451
10
131.487334
20
261.958660
30
0.0
0
SEQEND
0
POLYLINE
8
P02452
66
1
70
0
0
VERTEX
8
P02452
10
123.359331
20
261.873992
30
0.0
0
VERTEX
8
P02452
10
131.402660
20
261.873992
30
0.0
0
SEQEND
0
POLYLINE
8
P02453
66
1
70
0
0
VERTEX
8
P02453
10
123.613331
20
261.789326
30
0.0
0
VERTEX
8
P02453
10
131.402660
20
261.789326
30
0.0
0
SEQEND
0
POLYLINE
8
P02454
66
1
70
0
0
VERTEX
8
P02454
10
123.782668
20
261.704660
30
0.0
0
VERTEX
8
P02454
10
131.402660
20
261.704660
30
0.0
0
SEQEND
0
POLYLINE
8
P02455
66
1
70
0
0
VERTEX
8
P02455
10
124.036669
20
261.619994
30
0.0
0
VERTEX
8
P02455
10
131.317997
20
261.619994
30
0.0
0
SEQEND
0
POLYLINE
8
P02456
66
1
70
0
0
VERTEX
8
P02456
10
124.205995
20
261.535325
30
0.0
0
VERTEX
8
P02456
10
131.317997
20
261.535325
30
0.0
0
SEQEND
0
POLYLINE
8
P02457
66
1
70
0
0
VERTEX
8
P02457
10
124.375332
20
261.450660
30
0.0
0
VERTEX
8
P02457
10
131.233333
20
261.450660
30
0.0
0
SEQEND
0
POLYLINE
8
P02458
66
1
70
0
0
VERTEX
8
P02458
10
124.629333
20
261.365994
30
0.0
0
VERTEX
8
P02458
10
131.233333
20
261.365994
30
0.0
0
SEQEND
0
POLYLINE
8
P02459
66
1
70
0
0
VERTEX
8
P02459
10
124.798659
20
261.281328
30
0.0
0
VERTEX
8
P02459
10
131.148659
20
261.281328
30
0.0
0
SEQEND
0
POLYLINE
8
P02460
66
1
70
0
0
VERTEX
8
P02460
10
124.967997
20
261.196659
30
0.0
0
VERTEX
8
P02460
10
131.148659
20
261.196659
30
0.0
0
SEQEND
0
POLYLINE
8
P02461
66
1
70
0
0
VERTEX
8
P02461
10
125.221997
20
261.111993
30
0.0
0
VERTEX
8
P02461
10
131.148659
20
261.111993
30
0.0
0
SEQEND
0
POLYLINE
8
P02462
66
1
70
0
0
VERTEX
8
P02462
10
125.391334
20
261.027327
30
0.0
0
VERTEX
8
P02462
10
131.063996
20
261.027327
30
0.0
0
SEQEND
0
POLYLINE
8
P02463
66
1
70
0
0
VERTEX
8
P02463
10
125.645335
20
260.942659
30
0.0
0
VERTEX
8
P02463
10
131.063996
20
260.942659
30
0.0
0
SEQEND
0
POLYLINE
8
P02464
66
1
70
0
0
VERTEX
8
P02464
10
125.814661
20
260.857993
30
0.0
0
VERTEX
8
P02464
10
130.979333
20
260.857993
30
0.0
0
SEQEND
0
POLYLINE
8
P02465
66
1
70
0
0
VERTEX
8
P02465
10
125.983998
20
260.773327
30
0.0
0
VERTEX
8
P02465
10
130.979333
20
260.773327
30
0.0
0
SEQEND
0
POLYLINE
8
P02466
66
1
70
0
0
VERTEX
8
P02466
10
126.237999
20
260.688661
30
0.0
0
VERTEX
8
P02466
10
130.979333
20
260.688661
30
0.0
0
SEQEND
0
POLYLINE
8
P02467
66
1
70
0
0
VERTEX
8
P02467
10
126.407325
20
260.603992
30
0.0
0
VERTEX
8
P02467
10
130.894659
20
260.603992
30
0.0
0
SEQEND
0
POLYLINE
8
P02468
66
1
70
0
0
VERTEX
8
P02468
10
126.661326
20
260.519326
30
0.0
0
VERTEX
8
P02468
10
130.894659
20
260.519326
30
0.0
0
SEQEND
0
POLYLINE
8
P02469
66
1
70
0
0
VERTEX
8
P02469
10
126.830663
20
260.434661
30
0.0
0
VERTEX
8
P02469
10
130.809996
20
260.434661
30
0.0
0
SEQEND
0
POLYLINE
8
P02470
66
1
70
0
0
VERTEX
8
P02470
10
127.000000
20
260.349992
30
0.0
0
VERTEX
8
P02470
10
130.809996
20
260.349992
30
0.0
0
SEQEND
0
POLYLINE
8
P02471
66
1
70
0
0
VERTEX
8
P02471
10
127.254000
20
260.265326
30
0.0
0
VERTEX
8
P02471
10
130.809996
20
260.265326
30
0.0
0
SEQEND
0
POLYLINE
8
P02472
66
1
70
0
0
VERTEX
8
P02472
10
127.423327
20
260.180660
30
0.0
0
VERTEX
8
P02472
10
130.725332
20
260.180660
30
0.0
0
SEQEND
0
POLYLINE
8
P02473
66
1
70
0
0
VERTEX
8
P02473
10
127.592664
20
260.095994
30
0.0
0
VERTEX
8
P02473
10
130.725332
20
260.095994
30
0.0
0
SEQEND
0
POLYLINE
8
P02474
66
1
70
0
0
VERTEX
8
P02474
10
127.846665
20
260.011326
30
0.0
0
VERTEX
8
P02474
10
130.640658
20
260.011326
30
0.0
0
SEQEND
0
POLYLINE
8
P02475
66
1
70
0
0
VERTEX
8
P02475
10
128.016002
20
259.926660
30
0.0
0
VERTEX
8
P02475
10
130.640658
20
259.926660
30
0.0
0
SEQEND
0
POLYLINE
8
P02476
66
1
70
0
0
VERTEX
8
P02476
10
128.270002
20
259.841994
30
0.0
0
VERTEX
8
P02476
10
130.640658
20
259.841994
30
0.0
0
SEQEND
0
POLYLINE
8
P02477
66
1
70
0
0
VERTEX
8
P02477
10
128.439329
20
259.757325
30
0.0
0
VERTEX
8
P02477
10
130.555995
20
259.757325
30
0.0
0
SEQEND
0
POLYLINE
8
P02478
66
1
70
0
0
VERTEX
8
P02478
10
128.608666
20
259.672659
30
0.0
0
VERTEX
8
P02478
10
130.555995
20
259.672659
30
0.0
0
SEQEND
0
POLYLINE
8
P02479
66
1
70
0
0
VERTEX
8
P02479
10
128.862666
20
259.587993
30
0.0
0
VERTEX
8
P02479
10
130.471332
20
259.587993
30
0.0
0
SEQEND
0
POLYLINE
8
P02480
66
1
70
0
0
VERTEX
8
P02480
10
129.031993
20
259.503327
30
0.0
0
VERTEX
8
P02480
10
130.471332
20
259.503327
30
0.0
0
SEQEND
0
POLYLINE
8
P02481
66
1
70
0
0
VERTEX
8
P02481
10
129.285993
20
259.418659
30
0.0
0
VERTEX
8
P02481
10
130.471332
20
259.418659
30
0.0
0
SEQEND
0
POLYLINE
8
P02482
66
1
70
0
0
VERTEX
8
P02482
10
129.455330
20
259.333993
30
0.0
0
VERTEX
8
P02482
10
130.386669
20
259.333993
30
0.0
0
SEQEND
0
POLYLINE
8
P02483
66
1
70
0
0
VERTEX
8
P02483
10
129.624668
20
259.249327
30
0.0
0
VERTEX
8
P02483
10
130.386669
20
259.249327
30
0.0
0
SEQEND
0
POLYLINE
8
P02484
66
1
70
0
0
VERTEX
8
P02484
10
129.878668
20
259.164661
30
0.0
0
VERTEX
8
P02484
10
130.301995
20
259.164661
30
0.0
0
SEQEND
0
POLYLINE
8
P02485
66
1
70
0
0
VERTEX
8
P02485
10
130.047994
20
259.079992
30
0.0
0
VERTEX
8
P02485
10
130.301995
20
259.079992
30
0.0
0
VERTEX
8
P02485
10
130.047994
20
259.079992
30
0.0
0
SEQEND
0
POLYLINE
8
P02486
66
1
70
0
0
VERTEX
8
P02486
10
129.370667
20
259.249327
30
0.0
0
VERTEX
8
P02486
10
129.455330
20
259.249327
30
0.0
0
SEQEND
0
POLYLINE
8
P02487
66
1
70
0
0
VERTEX
8
P02487
10
129.285993
20
259.164661
30
0.0
0
VERTEX
8
P02487
10
129.539994
20
259.164661
30
0.0
0
SEQEND
0
POLYLINE
8
P02488
66
1
70
0
0
VERTEX
8
P02488
10
129.201330
20
259.079992
30
0.0
0
VERTEX
8
P02488
10
129.624668
20
259.079992
30
0.0
0
SEQEND
0
POLYLINE
8
P02489
66
1
70
0
0
VERTEX
8
P02489
10
129.116667
20
258.995327
30
0.0
0
VERTEX
8
P02489
10
129.709331
20
258.995327
30
0.0
0
SEQEND
0
POLYLINE
8
P02490
66
1
70
0
0
VERTEX
8
P02490
10
129.031993
20
258.910661
30
0.0
0
VERTEX
8
P02490
10
129.793994
20
258.910661
30
0.0
0
SEQEND
0
POLYLINE
8
P02491
66
1
70
0
0
VERTEX
8
P02491
10
129.031993
20
258.825992
30
0.0
0
VERTEX
8
P02491
10
129.878668
20
258.825992
30
0.0
0
SEQEND
0
POLYLINE
8
P02492
66
1
70
0
0
VERTEX
8
P02492
10
128.947329
20
258.741326
30
0.0
0
VERTEX
8
P02492
10
129.963331
20
258.741326
30
0.0
0
SEQEND
0
POLYLINE
8
P02493
66
1
70
0
0
VERTEX
8
P02493
10
128.862666
20
258.656660
30
0.0
0
VERTEX
8
P02493
10
130.047994
20
258.656660
30
0.0
0
SEQEND
0
POLYLINE
8
P02494
66
1
70
0
0
VERTEX
8
P02494
10
128.777992
20
258.571994
30
0.0
0
VERTEX
8
P02494
10
130.132668
20
258.571994
30
0.0
0
SEQEND
0
POLYLINE
8
P02495
66
1
70
0
0
VERTEX
8
P02495
10
128.693329
20
258.487326
30
0.0
0
VERTEX
8
P02495
10
130.217332
20
258.487326
30
0.0
0
SEQEND
0
POLYLINE
8
P02496
66
1
70
0
0
VERTEX
8
P02496
10
128.608666
20
258.402660
30
0.0
0
VERTEX
8
P02496
10
130.301995
20
258.402660
30
0.0
0
SEQEND
0
POLYLINE
8
P02497
66
1
70
0
0
VERTEX
8
P02497
10
128.608666
20
258.317994
30
0.0
0
VERTEX
8
P02497
10
130.386669
20
258.317994
30
0.0
0
SEQEND
0
POLYLINE
8
P02498
66
1
70
0
0
VERTEX
8
P02498
10
128.523992
20
258.233325
30
0.0
0
VERTEX
8
P02498
10
130.471332
20
258.233325
30
0.0
0
SEQEND
0
POLYLINE
8
P02499
66
1
70
0
0
VERTEX
8
P02499
10
128.439329
20
258.148659
30
0.0
0
VERTEX
8
P02499
10
130.555995
20
258.148659
30
0.0
0
SEQEND
0
POLYLINE
8
P02500
66
1
70
0
0
VERTEX
8
P02500
10
128.354665
20
258.063993
30
0.0
0
VERTEX
8
P02500
10
130.640658
20
258.063993
30
0.0
0
SEQEND
0
POLYLINE
8
P02501
66
1
70
0
0
VERTEX
8
P02501
10
128.270002
20
257.979328
30
0.0
0
VERTEX
8
P02501
10
130.725332
20
257.979328
30
0.0
0
SEQEND
0
POLYLINE
8
P02502
66
1
70
0
0
VERTEX
8
P02502
10
128.270002
20
257.894659
30
0.0
0
VERTEX
8
P02502
10
130.809996
20
257.894659
30
0.0
0
SEQEND
0
POLYLINE
8
P02503
66
1
70
0
0
VERTEX
8
P02503
10
128.185328
20
257.809993
30
0.0
0
VERTEX
8
P02503
10
130.894659
20
257.809993
30
0.0
0
SEQEND
0
POLYLINE
8
P02504
66
1
70
0
0
VERTEX
8
P02504
10
128.100665
20
257.725327
30
0.0
0
VERTEX
8
P02504
10
130.979333
20
257.725327
30
0.0
0
SEQEND
0
POLYLINE
8
P02505
66
1
70
0
0
VERTEX
8
P02505
10
128.016002
20
257.640658
30
0.0
0
VERTEX
8
P02505
10
131.063996
20
257.640658
30
0.0
0
SEQEND
0
POLYLINE
8
P02506
66
1
70
0
0
VERTEX
8
P02506
10
127.931328
20
257.555993
30
0.0
0
VERTEX
8
P02506
10
131.148659
20
257.555993
30
0.0
0
SEQEND
0
POLYLINE
8
P02507
66
1
70
0
0
VERTEX
8
P02507
10
127.846665
20
257.471327
30
0.0
0
VERTEX
8
P02507
10
131.233333
20
257.471327
30
0.0
0
SEQEND
0
POLYLINE
8
P02508
66
1
70
0
0
VERTEX
8
P02508
10
128.016002
20
257.386661
30
0.0
0
VERTEX
8
P02508
10
131.317997
20
257.386661
30
0.0
0
SEQEND
0
POLYLINE
8
P02509
66
1
70
0
0
VERTEX
8
P02509
10
128.185328
20
257.301992
30
0.0
0
VERTEX
8
P02509
10
131.402660
20
257.301992
30
0.0
0
SEQEND
0
POLYLINE
8
P02510
66
1
70
0
0
VERTEX
8
P02510
10
128.270002
20
257.217326
30
0.0
0
VERTEX
8
P02510
10
131.487334
20
257.217326
30
0.0
0
SEQEND
0
POLYLINE
8
P02511
66
1
70
0
0
VERTEX
8
P02511
10
128.439329
20
257.132660
30
0.0
0
VERTEX
8
P02511
10
131.571997
20
257.132660
30
0.0
0
SEQEND
0
POLYLINE
8
P02512
66
1
70
0
0
VERTEX
8
P02512
10
128.608666
20
257.047994
30
0.0
0
VERTEX
8
P02512
10
131.656660
20
257.047994
30
0.0
0
SEQEND
0
POLYLINE
8
P02513
66
1
70
0
0
VERTEX
8
P02513
10
128.693329
20
256.963326
30
0.0
0
VERTEX
8
P02513
10
131.741334
20
256.963326
30
0.0
0
SEQEND
0
POLYLINE
8
P02514
66
1
70
0
0
VERTEX
8
P02514
10
128.862666
20
256.878660
30
0.0
0
VERTEX
8
P02514
10
131.825997
20
256.878660
30
0.0
0
SEQEND
0
POLYLINE
8
P02515
66
1
70
0
0
VERTEX
8
P02515
10
129.031993
20
256.793994
30
0.0
0
VERTEX
8
P02515
10
131.910661
20
256.793994
30
0.0
0
SEQEND
0
POLYLINE
8
P02516
66
1
70
0
0
VERTEX
8
P02516
10
129.116667
20
256.709325
30
0.0
0
VERTEX
8
P02516
10
131.995335
20
256.709325
30
0.0
0
SEQEND
0
POLYLINE
8
P02517
66
1
70
0
0
VERTEX
8
P02517
10
129.285993
20
256.624659
30
0.0
0
VERTEX
8
P02517
10
131.995335
20
256.624659
30
0.0
0
SEQEND
0
POLYLINE
8
P02518
66
1
70
0
0
VERTEX
8
P02518
10
129.455330
20
256.539994
30
0.0
0
VERTEX
8
P02518
10
132.079998
20
256.539994
30
0.0
0
SEQEND
0
POLYLINE
8
P02519
66
1
70
0
0
VERTEX
8
P02519
10
129.539994
20
256.455328
30
0.0
0
VERTEX
8
P02519
10
132.079998
20
256.455328
30
0.0
0
SEQEND
0
POLYLINE
8
P02520
66
1
70
0
0
VERTEX
8
P02520
10
129.709331
20
256.370659
30
0.0
0
VERTEX
8
P02520
10
132.164661
20
256.370659
30
0.0
0
SEQEND
0
POLYLINE
8
P02521
66
1
70
0
0
VERTEX
8
P02521
10
129.878668
20
256.285993
30
0.0
0
VERTEX
8
P02521
10
132.164661
20
256.285993
30
0.0
0
SEQEND
0
POLYLINE
8
P02522
66
1
70
0
0
VERTEX
8
P02522
10
129.963331
20
256.201327
30
0.0
0
VERTEX
8
P02522
10
132.249335
20
256.201327
30
0.0
0
SEQEND
0
POLYLINE
8
P02523
66
1
70
0
0
VERTEX
8
P02523
10
130.132668
20
256.116659
30
0.0
0
VERTEX
8
P02523
10
132.249335
20
256.116659
30
0.0
0
SEQEND
0
POLYLINE
8
P02524
66
1
70
0
0
VERTEX
8
P02524
10
130.301995
20
256.031993
30
0.0
0
VERTEX
8
P02524
10
132.333998
20
256.031993
30
0.0
0
SEQEND
0
POLYLINE
8
P02525
66
1
70
0
0
VERTEX
8
P02525
10
130.386669
20
255.947327
30
0.0
0
VERTEX
8
P02525
10
132.333998
20
255.947327
30
0.0
0
SEQEND
0
POLYLINE
8
P02526
66
1
70
0
0
VERTEX
8
P02526
10
130.555995
20
255.862661
30
0.0
0
VERTEX
8
P02526
10
132.418661
20
255.862661
30
0.0
0
SEQEND
0
POLYLINE
8
P02527
66
1
70
0
0
VERTEX
8
P02527
10
130.725332
20
255.777992
30
0.0
0
VERTEX
8
P02527
10
132.418661
20
255.777992
30
0.0
0
SEQEND
0
POLYLINE
8
P02528
66
1
70
0
0
VERTEX
8
P02528
10
130.809996
20
255.693326
30
0.0
0
VERTEX
8
P02528
10
132.503335
20
255.693326
30
0.0
0
SEQEND
0
POLYLINE
8
P02529
66
1
70
0
0
VERTEX
8
P02529
10
130.979333
20
255.608660
30
0.0
0
VERTEX
8
P02529
10
132.503335
20
255.608660
30
0.0
0
SEQEND
0
POLYLINE
8
P02530
66
1
70
0
0
VERTEX
8
P02530
10
131.063996
20
255.523995
30
0.0
0
VERTEX
8
P02530
10
132.587999
20
255.523995
30
0.0
0
SEQEND
0
POLYLINE
8
P02531
66
1
70
0
0
VERTEX
8
P02531
10
131.317997
20
255.439326
30
0.0
0
VERTEX
8
P02531
10
132.587999
20
255.439326
30
0.0
0
SEQEND
0
POLYLINE
8
P02532
66
1
70
0
0
VERTEX
8
P02532
10
131.571997
20
255.354660
30
0.0
0
VERTEX
8
P02532
10
132.672662
20
255.354660
30
0.0
0
SEQEND
0
POLYLINE
8
P02533
66
1
70
0
0
VERTEX
8
P02533
10
131.825997
20
255.269994
30
0.0
0
VERTEX
8
P02533
10
132.672662
20
255.269994
30
0.0
0
SEQEND
0
POLYLINE
8
P02534
66
1
70
0
0
VERTEX
8
P02534
10
132.079998
20
255.185325
30
0.0
0
VERTEX
8
P02534
10
132.757325
20
255.185325
30
0.0
0
SEQEND
0
POLYLINE
8
P02535
66
1
70
0
0
VERTEX
8
P02535
10
132.333998
20
255.100660
30
0.0
0
VERTEX
8
P02535
10
132.757325
20
255.100660
30
0.0
0
SEQEND
0
POLYLINE
8
P02536
66
1
70
0
0
VERTEX
8
P02536
10
132.587999
20
255.015994
30
0.0
0
VERTEX
8
P02536
10
132.841999
20
255.015994
30
0.0
0
VERTEX
8
P02536
10
132.587999
20
255.015994
30
0.0
0
SEQEND
0
POLYLINE
8
P02537
66
1
70
0
0
VERTEX
8
P02537
10
132.841999
20
254.931328
30
0.0
0
VERTEX
8
P02537
10
128.608666
20
257.555993
30
0.0
0
VERTEX
8
P02537
10
132.841999
20
254.931328
30
0.0
0
SEQEND
0
POLYLINE
8
P02538
66
1
70
0
0
VERTEX
8
P02538
10
128.608666
20
257.555993
30
0.0
0
VERTEX
8
P02538
10
129.370667
20
257.809993
30
0.0
0
VERTEX
8
P02538
10
128.608666
20
257.555993
30
0.0
0
SEQEND
0
POLYLINE
8
P02539
66
1
70
0
0
VERTEX
8
P02539
10
129.370667
20
257.809993
30
0.0
0
VERTEX
8
P02539
10
129.455330
20
258.571994
30
0.0
0
VERTEX
8
P02539
10
129.370667
20
257.809993
30
0.0
0
SEQEND
0
POLYLINE
8
P02540
66
1
70
0
0
VERTEX
8
P02540
10
129.455330
20
258.571994
30
0.0
0
VERTEX
8
P02540
10
132.841999
20
254.931328
30
0.0
0
VERTEX
8
P02540
10
129.455330
20
258.571994
30
0.0
0
SEQEND
0
POLYLINE
8
P02541
66
1
70
0
0
VERTEX
8
P02541
10
129.116667
20
257.725327
30
0.0
0
VERTEX
8
P02541
10
129.539994
20
257.725327
30
0.0
0
SEQEND
0
POLYLINE
8
P02542
66
1
70
0
0
VERTEX
8
P02542
10
128.862666
20
257.640658
30
0.0
0
VERTEX
8
P02542
10
129.624668
20
257.640658
30
0.0
0
SEQEND
0
POLYLINE
8
P02543
66
1
70
0
0
VERTEX
8
P02543
10
128.608666
20
257.555993
30
0.0
0
VERTEX
8
P02543
10
129.709331
20
257.555993
30
0.0
0
SEQEND
0
POLYLINE
8
P02544
66
1
70
0
0
VERTEX
8
P02544
10
128.777992
20
257.471327
30
0.0
0
VERTEX
8
P02544
10
129.793994
20
257.471327
30
0.0
0
SEQEND
0
POLYLINE
8
P02545
66
1
70
0
0
VERTEX
8
P02545
10
128.947329
20
257.386661
30
0.0
0
VERTEX
8
P02545
10
129.963331
20
257.386661
30
0.0
0
SEQEND
0
POLYLINE
8
P02546
66
1
70
0
0
VERTEX
8
P02546
10
129.031993
20
257.301992
30
0.0
0
VERTEX
8
P02546
10
130.047994
20
257.301992
30
0.0
0
SEQEND
0
POLYLINE
8
P02547
66
1
70
0
0
VERTEX
8
P02547
10
129.201330
20
257.217326
30
0.0
0
VERTEX
8
P02547
10
130.132668
20
257.217326
30
0.0
0
SEQEND
0
POLYLINE
8
P02548
66
1
70
0
0
VERTEX
8
P02548
10
129.370667
20
257.132660
30
0.0
0
VERTEX
8
P02548
10
130.217332
20
257.132660
30
0.0
0
SEQEND
0
POLYLINE
8
P02549
66
1
70
0
0
VERTEX
8
P02549
10
129.455330
20
257.047994
30
0.0
0
VERTEX
8
P02549
10
130.301995
20
257.047994
30
0.0
0
SEQEND
0
POLYLINE
8
P02550
66
1
70
0
0
VERTEX
8
P02550
10
129.624668
20
256.963326
30
0.0
0
VERTEX
8
P02550
10
130.471332
20
256.963326
30
0.0
0
SEQEND
0
POLYLINE
8
P02551
66
1
70
0
0
VERTEX
8
P02551
10
129.709331
20
256.878660
30
0.0
0
VERTEX
8
P02551
10
130.555995
20
256.878660
30
0.0
0
SEQEND
0
POLYLINE
8
P02552
66
1
70
0
0
VERTEX
8
P02552
10
129.878668
20
256.793994
30
0.0
0
VERTEX
8
P02552
10
130.640658
20
256.793994
30
0.0
0
SEQEND
0
POLYLINE
8
P02553
66
1
70
0
0
VERTEX
8
P02553
10
130.047994
20
256.709325
30
0.0
0
VERTEX
8
P02553
10
130.725332
20
256.709325
30
0.0
0
SEQEND
0
POLYLINE
8
P02554
66
1
70
0
0
VERTEX
8
P02554
10
130.132668
20
256.624659
30
0.0
0
VERTEX
8
P02554
10
130.809996
20
256.624659
30
0.0
0
SEQEND
0
POLYLINE
8
P02555
66
1
70
0
0
VERTEX
8
P02555
10
130.301995
20
256.539994
30
0.0
0
VERTEX
8
P02555
10
130.979333
20
256.539994
30
0.0
0
SEQEND
0
POLYLINE
8
P02556
66
1
70
0
0
VERTEX
8
P02556
10
130.386669
20
256.455328
30
0.0
0
VERTEX
8
P02556
10
131.063996
20
256.455328
30
0.0
0
SEQEND
0
POLYLINE
8
P02557
66
1
70
0
0
VERTEX
8
P02557
10
130.555995
20
256.370659
30
0.0
0
VERTEX
8
P02557
10
131.148659
20
256.370659
30
0.0
0
SEQEND
0
POLYLINE
8
P02558
66
1
70
0
0
VERTEX
8
P02558
10
130.725332
20
256.285993
30
0.0
0
VERTEX
8
P02558
10
131.233333
20
256.285993
30
0.0
0
SEQEND
0
POLYLINE
8
P02559
66
1
70
0
0
VERTEX
8
P02559
10
130.809996
20
256.201327
30
0.0
0
VERTEX
8
P02559
10
131.317997
20
256.201327
30
0.0
0
SEQEND
0
POLYLINE
8
P02560
66
1
70
0
0
VERTEX
8
P02560
10
130.979333
20
256.116659
30
0.0
0
VERTEX
8
P02560
10
131.487334
20
256.116659
30
0.0
0
SEQEND
0
POLYLINE
8
P02561
66
1
70
0
0
VERTEX
8
P02561
10
131.148659
20
256.031993
30
0.0
0
VERTEX
8
P02561
10
131.571997
20
256.031993
30
0.0
0
SEQEND
0
POLYLINE
8
P02562
66
1
70
0
0
VERTEX
8
P02562
10
131.233333
20
255.947327
30
0.0
0
VERTEX
8
P02562
10
131.656660
20
255.947327
30
0.0
0
SEQEND
0
POLYLINE
8
P02563
66
1
70
0
0
VERTEX
8
P02563
10
131.402660
20
255.862661
30
0.0
0
VERTEX
8
P02563
10
131.741334
20
255.862661
30
0.0
0
SEQEND
0
POLYLINE
8
P02564
66
1
70
0
0
VERTEX
8
P02564
10
131.487334
20
255.777992
30
0.0
0
VERTEX
8
P02564
10
131.825997
20
255.777992
30
0.0
0
SEQEND
0
POLYLINE
8
P02565
66
1
70
0
0
VERTEX
8
P02565
10
131.656660
20
255.693326
30
0.0
0
VERTEX
8
P02565
10
131.995335
20
255.693326
30
0.0
0
SEQEND
0
POLYLINE
8
P02566
66
1
70
0
0
VERTEX
8
P02566
10
131.825997
20
255.608660
30
0.0
0
VERTEX
8
P02566
10
132.079998
20
255.608660
30
0.0
0
SEQEND
0
POLYLINE
8
P02567
66
1
70
0
0
VERTEX
8
P02567
10
131.910661
20
255.523995
30
0.0
0
VERTEX
8
P02567
10
132.164661
20
255.523995
30
0.0
0
SEQEND
0
POLYLINE
8
P02568
66
1
70
0
0
VERTEX
8
P02568
10
132.079998
20
255.439326
30
0.0
0
VERTEX
8
P02568
10
132.249335
20
255.439326
30
0.0
0
SEQEND
0
POLYLINE
8
P02569
66
1
70
0
0
VERTEX
8
P02569
10
132.164661
20
255.354660
30
0.0
0
VERTEX
8
P02569
10
132.333998
20
255.354660
30
0.0
0
VERTEX
8
P02569
10
132.503335
20
255.269994
30
0.0
0
VERTEX
8
P02569
10
132.587999
20
255.185325
30
0.0
0
VERTEX
8
P02569
10
132.672662
20
255.100660
30
0.0
0
VERTEX
8
P02569
10
132.587999
20
255.100660
30
0.0
0
SEQEND
0
POLYLINE
8
P02570
66
1
70
0
0
VERTEX
8
P02570
10
129.455330
20
258.487326
30
0.0
0
VERTEX
8
P02570
10
129.539994
20
258.487326
30
0.0
0
SEQEND
0
POLYLINE
8
P02571
66
1
70
0
0
VERTEX
8
P02571
10
129.455330
20
258.402660
30
0.0
0
VERTEX
8
P02571
10
129.624668
20
258.402660
30
0.0
0
SEQEND
0
POLYLINE
8
P02572
66
1
70
0
0
VERTEX
8
P02572
10
129.455330
20
258.317994
30
0.0
0
VERTEX
8
P02572
10
129.709331
20
258.317994
30
0.0
0
SEQEND
0
POLYLINE
8
P02573
66
1
70
0
0
VERTEX
8
P02573
10
129.455330
20
258.233325
30
0.0
0
VERTEX
8
P02573
10
129.793994
20
258.233325
30
0.0
0
SEQEND
0
POLYLINE
8
P02574
66
1
70
0
0
VERTEX
8
P02574
10
129.455330
20
258.148659
30
0.0
0
VERTEX
8
P02574
10
129.878668
20
258.148659
30
0.0
0
SEQEND
0
POLYLINE
8
P02575
66
1
70
0
0
VERTEX
8
P02575
10
129.455330
20
258.063993
30
0.0
0
VERTEX
8
P02575
10
129.963331
20
258.063993
30
0.0
0
SEQEND
0
POLYLINE
8
P02576
66
1
70
0
0
VERTEX
8
P02576
10
129.455330
20
257.979328
30
0.0
0
VERTEX
8
P02576
10
130.047994
20
257.979328
30
0.0
0
SEQEND
0
POLYLINE
8
P02577
66
1
70
0
0
VERTEX
8
P02577
10
129.455330
20
257.894659
30
0.0
0
VERTEX
8
P02577
10
130.132668
20
257.894659
30
0.0
0
SEQEND
0
POLYLINE
8
P02578
66
1
70
0
0
VERTEX
8
P02578
10
129.370667
20
257.809993
30
0.0
0
VERTEX
8
P02578
10
130.217332
20
257.809993
30
0.0
0
SEQEND
0
POLYLINE
8
P02579
66
1
70
0
0
VERTEX
8
P02579
10
129.539994
20
257.725327
30
0.0
0
VERTEX
8
P02579
10
130.301995
20
257.725327
30
0.0
0
SEQEND
0
POLYLINE
8
P02580
66
1
70
0
0
VERTEX
8
P02580
10
129.624668
20
257.640658
30
0.0
0
VERTEX
8
P02580
10
130.386669
20
257.640658
30
0.0
0
SEQEND
0
POLYLINE
8
P02581
66
1
70
0
0
VERTEX
8
P02581
10
129.709331
20
257.555993
30
0.0
0
VERTEX
8
P02581
10
130.471332
20
257.555993
30
0.0
0
SEQEND
0
POLYLINE
8
P02582
66
1
70
0
0
VERTEX
8
P02582
10
129.793994
20
257.471327
30
0.0
0
VERTEX
8
P02582
10
130.555995
20
257.471327
30
0.0
0
SEQEND
0
POLYLINE
8
P02583
66
1
70
0
0
VERTEX
8
P02583
10
129.963331
20
257.386661
30
0.0
0
VERTEX
8
P02583
10
130.640658
20
257.386661
30
0.0
0
SEQEND
0
POLYLINE
8
P02584
66
1
70
0
0
VERTEX
8
P02584
10
130.047994
20
257.301992
30
0.0
0
VERTEX
8
P02584
10
130.640658
20
257.301992
30
0.0
0
SEQEND
0
POLYLINE
8
P02585
66
1
70
0
0
VERTEX
8
P02585
10
130.132668
20
257.217326
30
0.0
0
VERTEX
8
P02585
10
130.725332
20
257.217326
30
0.0
0
SEQEND
0
POLYLINE
8
P02586
66
1
70
0
0
VERTEX
8
P02586
10
130.217332
20
257.132660
30
0.0
0
VERTEX
8
P02586
10
130.809996
20
257.132660
30
0.0
0
SEQEND
0
POLYLINE
8
P02587
66
1
70
0
0
VERTEX
8
P02587
10
130.301995
20
257.047994
30
0.0
0
VERTEX
8
P02587
10
130.894659
20
257.047994
30
0.0
0
SEQEND
0
POLYLINE
8
P02588
66
1
70
0
0
VERTEX
8
P02588
10
130.471332
20
256.963326
30
0.0
0
VERTEX
8
P02588
10
130.979333
20
256.963326
30
0.0
0
SEQEND
0
POLYLINE
8
P02589
66
1
70
0
0
VERTEX
8
P02589
10
130.555995
20
256.878660
30
0.0
0
VERTEX
8
P02589
10
131.063996
20
256.878660
30
0.0
0
SEQEND
0
POLYLINE
8
P02590
66
1
70
0
0
VERTEX
8
P02590
10
130.640658
20
256.793994
30
0.0
0
VERTEX
8
P02590
10
131.148659
20
256.793994
30
0.0
0
SEQEND
0
POLYLINE
8
P02591
66
1
70
0
0
VERTEX
8
P02591
10
130.725332
20
256.709325
30
0.0
0
VERTEX
8
P02591
10
131.233333
20
256.709325
30
0.0
0
SEQEND
0
POLYLINE
8
P02592
66
1
70
0
0
VERTEX
8
P02592
10
130.809996
20
256.624659
30
0.0
0
VERTEX
8
P02592
10
131.317997
20
256.624659
30
0.0
0
SEQEND
0
POLYLINE
8
P02593
66
1
70
0
0
VERTEX
8
P02593
10
130.979333
20
256.539994
30
0.0
0
VERTEX
8
P02593
10
131.402660
20
256.539994
30
0.0
0
SEQEND
0
POLYLINE
8
P02594
66
1
70
0
0
VERTEX
8
P02594
10
131.063996
20
256.455328
30
0.0
0
VERTEX
8
P02594
10
131.487334
20
256.455328
30
0.0
0
SEQEND
0
POLYLINE
8
P02595
66
1
70
0
0
VERTEX
8
P02595
10
131.148659
20
256.370659
30
0.0
0
VERTEX
8
P02595
10
131.571997
20
256.370659
30
0.0
0
SEQEND
0
POLYLINE
8
P02596
66
1
70
0
0
VERTEX
8
P02596
10
131.233333
20
256.285993
30
0.0
0
VERTEX
8
P02596
10
131.656660
20
256.285993
30
0.0
0
SEQEND
0
POLYLINE
8
P02597
66
1
70
0
0
VERTEX
8
P02597
10
131.317997
20
256.201327
30
0.0
0
VERTEX
8
P02597
10
131.741334
20
256.201327
30
0.0
0
SEQEND
0
POLYLINE
8
P02598
66
1
70
0
0
VERTEX
8
P02598
10
131.487334
20
256.116659
30
0.0
0
VERTEX
8
P02598
10
131.741334
20
256.116659
30
0.0
0
SEQEND
0
POLYLINE
8
P02599
66
1
70
0
0
VERTEX
8
P02599
10
131.571997
20
256.031993
30
0.0
0
VERTEX
8
P02599
10
131.825997
20
256.031993
30
0.0
0
SEQEND
0
POLYLINE
8
P02600
66
1
70
0
0
VERTEX
8
P02600
10
131.656660
20
255.947327
30
0.0
0
VERTEX
8
P02600
10
131.910661
20
255.947327
30
0.0
0
SEQEND
0
POLYLINE
8
P02601
66
1
70
0
0
VERTEX
8
P02601
10
131.741334
20
255.862661
30
0.0
0
VERTEX
8
P02601
10
131.995335
20
255.862661
30
0.0
0
SEQEND
0
POLYLINE
8
P02602
66
1
70
0
0
VERTEX
8
P02602
10
131.825997
20
255.777992
30
0.0
0
VERTEX
8
P02602
10
132.079998
20
255.777992
30
0.0
0
SEQEND
0
POLYLINE
8
P02603
66
1
70
0
0
VERTEX
8
P02603
10
131.995335
20
255.693326
30
0.0
0
VERTEX
8
P02603
10
132.164661
20
255.693326
30
0.0
0
SEQEND
0
POLYLINE
8
P02604
66
1
70
0
0
VERTEX
8
P02604
10
132.079998
20
255.608660
30
0.0
0
VERTEX
8
P02604
10
132.249335
20
255.608660
30
0.0
0
SEQEND
0
POLYLINE
8
P02605
66
1
70
0
0
VERTEX
8
P02605
10
132.164661
20
255.523995
30
0.0
0
VERTEX
8
P02605
10
132.333998
20
255.523995
30
0.0
0
SEQEND
0
POLYLINE
8
P02606
66
1
70
0
0
VERTEX
8
P02606
10
132.249335
20
255.439326
30
0.0
0
VERTEX
8
P02606
10
132.418661
20
255.439326
30
0.0
0
SEQEND
0
POLYLINE
8
P02607
66
1
70
0
0
VERTEX
8
P02607
10
132.333998
20
255.354660
30
0.0
0
VERTEX
8
P02607
10
132.503335
20
255.354660
30
0.0
0
VERTEX
8
P02607
10
132.587999
20
255.269994
30
0.0
0
VERTEX
8
P02607
10
132.672662
20
255.185325
30
0.0
0
VERTEX
8
P02607
10
132.757325
20
255.100660
30
0.0
0
VERTEX
8
P02607
10
132.841999
20
255.015994
30
0.0
0
VERTEX
8
P02607
10
132.757325
20
255.015994
30
0.0
0
SEQEND
0
POLYLINE
8
P02608
66
1
70
0
0
VERTEX
8
P02608
10
120.311326
20
262.297327
30
0.0
0
VERTEX
8
P02608
10
122.174003
20
262.297327
30
0.0
0
SEQEND
0
POLYLINE
8
P02609
66
1
70
0
0
VERTEX
8
P02609
10
118.448659
20
262.212661
30
0.0
0
VERTEX
8
P02609
10
122.174003
20
262.212661
30
0.0
0
SEQEND
0
POLYLINE
8
P02610
66
1
70
0
0
VERTEX
8
P02610
10
118.194659
20
262.127992
30
0.0
0
VERTEX
8
P02610
10
122.174003
20
262.127992
30
0.0
0
SEQEND
0
POLYLINE
8
P02611
66
1
70
0
0
VERTEX
8
P02611
10
117.855995
20
262.043326
30
0.0
0
VERTEX
8
P02611
10
122.174003
20
262.043326
30
0.0
0
SEQEND
0
POLYLINE
8
P02612
66
1
70
0
0
VERTEX
8
P02612
10
117.517332
20
261.958660
30
0.0
0
VERTEX
8
P02612
10
122.174003
20
261.958660
30
0.0
0
SEQEND
0
POLYLINE
8
P02613
66
1
70
0
0
VERTEX
8
P02613
10
117.263331
20
261.873992
30
0.0
0
VERTEX
8
P02613
10
122.174003
20
261.873992
30
0.0
0
SEQEND
0
POLYLINE
8
P02614
66
1
70
0
0
VERTEX
8
P02614
10
116.924668
20
261.789326
30
0.0
0
VERTEX
8
P02614
10
122.174003
20
261.789326
30
0.0
0
SEQEND
0
POLYLINE
8
P02615
66
1
70
0
0
VERTEX
8
P02615
10
116.585993
20
261.704660
30
0.0
0
VERTEX
8
P02615
10
122.089329
20
261.704660
30
0.0
0
SEQEND
0
POLYLINE
8
P02616
66
1
70
0
0
VERTEX
8
P02616
10
116.755330
20
261.619994
30
0.0
0
VERTEX
8
P02616
10
122.089329
20
261.619994
30
0.0
0
SEQEND
0
POLYLINE
8
P02617
66
1
70
0
0
VERTEX
8
P02617
10
116.924668
20
261.535325
30
0.0
0
VERTEX
8
P02617
10
122.089329
20
261.535325
30
0.0
0
SEQEND
0
POLYLINE
8
P02618
66
1
70
0
0
VERTEX
8
P02618
10
117.093994
20
261.450660
30
0.0
0
VERTEX
8
P02618
10
122.089329
20
261.450660
30
0.0
0
SEQEND
0
POLYLINE
8
P02619
66
1
70
0
0
VERTEX
8
P02619
10
117.263331
20
261.365994
30
0.0
0
VERTEX
8
P02619
10
122.089329
20
261.365994
30
0.0
0
SEQEND
0
POLYLINE
8
P02620
66
1
70
0
0
VERTEX
8
P02620
10
117.432668
20
261.281328
30
0.0
0
VERTEX
8
P02620
10
122.089329
20
261.281328
30
0.0
0
SEQEND
0
POLYLINE
8
P02621
66
1
70
0
0
VERTEX
8
P02621
10
117.517332
20
261.196659
30
0.0
0
VERTEX
8
P02621
10
122.089329
20
261.196659
30
0.0
0
SEQEND
0
POLYLINE
8
P02622
66
1
70
0
0
VERTEX
8
P02622
10
117.686669
20
261.111993
30
0.0
0
VERTEX
8
P02622
10
122.004665
20
261.111993
30
0.0
0
SEQEND
0
POLYLINE
8
P02623
66
1
70
0
0
VERTEX
8
P02623
10
117.855995
20
261.027327
30
0.0
0
VERTEX
8
P02623
10
122.004665
20
261.027327
30
0.0
0
SEQEND
0
POLYLINE
8
P02624
66
1
70
0
0
VERTEX
8
P02624
10
118.025332
20
260.942659
30
0.0
0
VERTEX
8
P02624
10
122.004665
20
260.942659
30
0.0
0
SEQEND
0
POLYLINE
8
P02625
66
1
70
0
0
VERTEX
8
P02625
10
118.194659
20
260.857993
30
0.0
0
VERTEX
8
P02625
10
122.004665
20
260.857993
30
0.0
0
SEQEND
0
POLYLINE
8
P02626
66
1
70
0
0
VERTEX
8
P02626
10
118.279333
20
260.773327
30
0.0
0
VERTEX
8
P02626
10
122.004665
20
260.773327
30
0.0
0
SEQEND
0
POLYLINE
8
P02627
66
1
70
0
0
VERTEX
8
P02627
10
118.702660
20
260.688661
30
0.0
0
VERTEX
8
P02627
10
122.004665
20
260.688661
30
0.0
0
SEQEND
0
POLYLINE
8
P02628
66
1
70
0
0
VERTEX
8
P02628
10
119.041334
20
260.603992
30
0.0
0
VERTEX
8
P02628
10
122.004665
20
260.603992
30
0.0
0
SEQEND
0
POLYLINE
8
P02629
66
1
70
0
0
VERTEX
8
P02629
10
119.379998
20
260.519326
30
0.0
0
VERTEX
8
P02629
10
122.004665
20
260.519326
30
0.0
0
SEQEND
0
POLYLINE
8
P02630
66
1
70
0
0
VERTEX
8
P02630
10
119.803335
20
260.434661
30
0.0
0
VERTEX
8
P02630
10
122.004665
20
260.434661
30
0.0
0
SEQEND
0
POLYLINE
8
P02631
66
1
70
0
0
VERTEX
8
P02631
10
120.141999
20
260.349992
30
0.0
0
VERTEX
8
P02631
10
122.004665
20
260.349992
30
0.0
0
SEQEND
0
POLYLINE
8
P02632
66
1
70
0
0
VERTEX
8
P02632
10
120.480663
20
260.265326
30
0.0
0
VERTEX
8
P02632
10
122.004665
20
260.265326
30
0.0
0
SEQEND
0
POLYLINE
8
P02633
66
1
70
0
0
VERTEX
8
P02633
10
120.904000
20
260.180660
30
0.0
0
VERTEX
8
P02633
10
122.004665
20
260.180660
30
0.0
0
SEQEND
0
POLYLINE
8
P02634
66
1
70
0
0
VERTEX
8
P02634
10
121.242664
20
260.095994
30
0.0
0
VERTEX
8
P02634
10
122.004665
20
260.095994
30
0.0
0
SEQEND
0
POLYLINE
8
P02635
66
1
70
0
0
VERTEX
8
P02635
10
121.581328
20
260.011326
30
0.0
0
VERTEX
8
P02635
10
122.004665
20
260.011326
30
0.0
0
VERTEX
8
P02635
10
121.581328
20
260.011326
30
0.0
0
SEQEND
0
POLYLINE
8
P02636
66
1
70
0
0
VERTEX
8
P02636
10
116.585993
20
261.704660
30
0.0
0
VERTEX
8
P02636
10
121.581328
20
261.873992
30
0.0
0
VERTEX
8
P02636
10
116.585993
20
261.704660
30
0.0
0
SEQEND
0
POLYLINE
8
P02637
66
1
70
0
0
VERTEX
8
P02637
10
121.581328
20
261.873992
30
0.0
0
VERTEX
8
P02637
10
121.073327
20
261.281328
30
0.0
0
VERTEX
8
P02637
10
121.581328
20
261.873992
30
0.0
0
SEQEND
0
POLYLINE
8
P02638
66
1
70
0
0
VERTEX
8
P02638
10
121.073327
20
261.281328
30
0.0
0
VERTEX
8
P02638
10
121.496665
20
260.519326
30
0.0
0
VERTEX
8
P02638
10
121.073327
20
261.281328
30
0.0
0
SEQEND
0
POLYLINE
8
P02639
66
1
70
0
0
VERTEX
8
P02639
10
121.496665
20
260.519326
30
0.0
0
VERTEX
8
P02639
10
116.585993
20
261.704660
30
0.0
0
VERTEX
8
P02639
10
121.496665
20
260.519326
30
0.0
0
SEQEND
0
POLYLINE
8
P02640
66
1
70
0
0
VERTEX
8
P02640
10
119.125997
20
261.789326
30
0.0
0
VERTEX
8
P02640
10
121.581328
20
261.789326
30
0.0
0
SEQEND
0
POLYLINE
8
P02641
66
1
70
0
0
VERTEX
8
P02641
10
116.585993
20
261.704660
30
0.0
0
VERTEX
8
P02641
10
121.496665
20
261.704660
30
0.0
0
SEQEND
0
POLYLINE
8
P02642
66
1
70
0
0
VERTEX
8
P02642
10
117.517332
20
261.619994
30
0.0
0
VERTEX
8
P02642
10
121.412001
20
261.619994
30
0.0
0
SEQEND
0
POLYLINE
8
P02643
66
1
70
0
0
VERTEX
8
P02643
10
118.448659
20
261.535325
30
0.0
0
VERTEX
8
P02643
10
121.327327
20
261.535325
30
0.0
0
SEQEND
0
POLYLINE
8
P02644
66
1
70
0
0
VERTEX
8
P02644
10
119.295335
20
261.450660
30
0.0
0
VERTEX
8
P02644
10
121.242664
20
261.450660
30
0.0
0
SEQEND
0
POLYLINE
8
P02645
66
1
70
0
0
VERTEX
8
P02645
10
120.226662
20
261.365994
30
0.0
0
VERTEX
8
P02645
10
121.158001
20
261.365994
30
0.0
0
VERTEX
8
P02645
10
120.226662
20
261.365994
30
0.0
0
SEQEND
0
POLYLINE
8
P02646
66
1
70
0
0
VERTEX
8
P02646
10
117.009331
20
261.619994
30
0.0
0
VERTEX
8
P02646
10
117.517332
20
261.619994
30
0.0
0
SEQEND
0
POLYLINE
8
P02647
66
1
70
0
0
VERTEX
8
P02647
10
117.347994
20
261.535325
30
0.0
0
VERTEX
8
P02647
10
118.448659
20
261.535325
30
0.0
0
SEQEND
0
POLYLINE
8
P02648
66
1
70
0
0
VERTEX
8
P02648
10
117.686669
20
261.450660
30
0.0
0
VERTEX
8
P02648
10
119.295335
20
261.450660
30
0.0
0
SEQEND
0
POLYLINE
8
P02649
66
1
70
0
0
VERTEX
8
P02649
10
118.025332
20
261.365994
30
0.0
0
VERTEX
8
P02649
10
120.226662
20
261.365994
30
0.0
0
SEQEND
0
POLYLINE
8
P02650
66
1
70
0
0
VERTEX
8
P02650
10
118.363996
20
261.281328
30
0.0
0
VERTEX
8
P02650
10
121.073327
20
261.281328
30
0.0
0
SEQEND
0
POLYLINE
8
P02651
66
1
70
0
0
VERTEX
8
P02651
10
118.702660
20
261.196659
30
0.0
0
VERTEX
8
P02651
10
121.158001
20
261.196659
30
0.0
0
SEQEND
0
POLYLINE
8
P02652
66
1
70
0
0
VERTEX
8
P02652
10
119.041334
20
261.111993
30
0.0
0
VERTEX
8
P02652
10
121.242664
20
261.111993
30
0.0
0
SEQEND
0
POLYLINE
8
P02653
66
1
70
0
0
VERTEX
8
P02653
10
119.464661
20
261.027327
30
0.0
0
VERTEX
8
P02653
10
121.242664
20
261.027327
30
0.0
0
SEQEND
0
POLYLINE
8
P02654
66
1
70
0
0
VERTEX
8
P02654
10
119.803335
20
260.942659
30
0.0
0
VERTEX
8
P02654
10
121.327327
20
260.942659
30
0.0
0
SEQEND
0
POLYLINE
8
P02655
66
1
70
0
0
VERTEX
8
P02655
10
120.141999
20
260.857993
30
0.0
0
VERTEX
8
P02655
10
121.327327
20
260.857993
30
0.0
0
SEQEND
0
POLYLINE
8
P02656
66
1
70
0
0
VERTEX
8
P02656
10
120.480663
20
260.773327
30
0.0
0
VERTEX
8
P02656
10
121.412001
20
260.773327
30
0.0
0
SEQEND
0
POLYLINE
8
P02657
66
1
70
0
0
VERTEX
8
P02657
10
120.819326
20
260.688661
30
0.0
0
VERTEX
8
P02657
10
121.412001
20
260.688661
30
0.0
0
SEQEND
0
POLYLINE
8
P02658
66
1
70
0
0
VERTEX
8
P02658
10
121.158001
20
260.603992
30
0.0
0
VERTEX
8
P02658
10
121.496665
20
260.603992
30
0.0
0
VERTEX
8
P02658
10
121.158001
20
260.603992
30
0.0
0
SEQEND
0
POLYLINE
8
P02659
66
1
70
0
0
VERTEX
8
P02659
10
132.841999
20
254.931328
30
0.0
0
VERTEX
8
P02659
10
130.809996
20
256.793994
30
0.0
0
VERTEX
8
P02659
10
132.841999
20
254.931328
30
0.0
0
SEQEND
0
POLYLINE
8
P02660
66
1
70
0
0
VERTEX
8
P02660
10
130.809996
20
256.793994
30
0.0
0
VERTEX
8
P02660
10
128.523992
20
258.402660
30
0.0
0
VERTEX
8
P02660
10
130.809996
20
256.793994
30
0.0
0
SEQEND
0
POLYLINE
8
P02661
66
1
70
0
0
VERTEX
8
P02661
10
128.523992
20
258.402660
30
0.0
0
VERTEX
8
P02661
10
125.983998
20
259.672659
30
0.0
0
VERTEX
8
P02661
10
128.523992
20
258.402660
30
0.0
0
SEQEND
0
POLYLINE
8
P02662
66
1
70
0
0
VERTEX
8
P02662
10
125.983998
20
259.672659
30
0.0
0
VERTEX
8
P02662
10
123.359331
20
260.688661
30
0.0
0
VERTEX
8
P02662
10
125.983998
20
259.672659
30
0.0
0
SEQEND
0
POLYLINE
8
P02663
66
1
70
0
0
VERTEX
8
P02663
10
123.359331
20
260.688661
30
0.0
0
VERTEX
8
P02663
10
120.650000
20
261.281328
30
0.0
0
VERTEX
8
P02663
10
123.359331
20
260.688661
30
0.0
0
SEQEND
0
POLYLINE
8
P02664
66
1
70
0
0
VERTEX
8
P02664
10
120.650000
20
261.281328
30
0.0
0
VERTEX
8
P02664
10
117.940669
20
261.619994
30
0.0
0
VERTEX
8
P02664
10
120.650000
20
261.281328
30
0.0
0
SEQEND
0
POLYLINE
8
P02665
66
1
70
0
0
VERTEX
8
P02665
10
117.940669
20
261.619994
30
0.0
0
VERTEX
8
P02665
10
116.585993
20
261.704660
30
0.0
0
VERTEX
8
P02665
10
117.940669
20
261.619994
30
0.0
0
SEQEND
0
POLYLINE
8
P02666
66
1
70
0
0
VERTEX
8
P02666
10
130.894659
20
234.441994
30
0.0
0
VERTEX
8
P02666
10
134.535328
20
234.441994
30
0.0
0
SEQEND
0
POLYLINE
8
P02667
66
1
70
0
0
VERTEX
8
P02667
10
130.894659
20
234.357325
30
0.0
0
VERTEX
8
P02667
10
134.873992
20
234.357325
30
0.0
0
SEQEND
0
POLYLINE
8
P02668
66
1
70
0
0
VERTEX
8
P02668
10
130.894659
20
234.272662
30
0.0
0
VERTEX
8
P02668
10
135.212666
20
234.272662
30
0.0
0
SEQEND
0
POLYLINE
8
P02669
66
1
70
0
0
VERTEX
8
P02669
10
130.894659
20
234.187993
30
0.0
0
VERTEX
8
P02669
10
135.466667
20
234.187993
30
0.0
0
SEQEND
0
POLYLINE
8
P02670
66
1
70
0
0
VERTEX
8
P02670
10
130.894659
20
234.103325
30
0.0
0
VERTEX
8
P02670
10
135.805330
20
234.103325
30
0.0
0
SEQEND
0
POLYLINE
8
P02671
66
1
70
0
0
VERTEX
8
P02671
10
130.894659
20
234.018661
30
0.0
0
VERTEX
8
P02671
10
136.143994
20
234.018661
30
0.0
0
SEQEND
0
POLYLINE
8
P02672
66
1
70
0
0
VERTEX
8
P02672
10
130.894659
20
233.933993
30
0.0
0
VERTEX
8
P02672
10
136.397994
20
233.933993
30
0.0
0
SEQEND
0
POLYLINE
8
P02673
66
1
70
0
0
VERTEX
8
P02673
10
130.979333
20
233.849330
30
0.0
0
VERTEX
8
P02673
10
136.313331
20
233.849330
30
0.0
0
SEQEND
0
POLYLINE
8
P02674
66
1
70
0
0
VERTEX
8
P02674
10
130.979333
20
233.764661
30
0.0
0
VERTEX
8
P02674
10
136.143994
20
233.764661
30
0.0
0
SEQEND
0
POLYLINE
8
P02675
66
1
70
0
0
VERTEX
8
P02675
10
130.979333
20
233.679992
30
0.0
0
VERTEX
8
P02675
10
135.974668
20
233.679992
30
0.0
0
SEQEND
0
POLYLINE
8
P02676
66
1
70
0
0
VERTEX
8
P02676
10
130.979333
20
233.595329
30
0.0
0
VERTEX
8
P02676
10
135.805330
20
233.595329
30
0.0
0
SEQEND
0
POLYLINE
8
P02677
66
1
70
0
0
VERTEX
8
P02677
10
130.979333
20
233.510661
30
0.0
0
VERTEX
8
P02677
10
135.635993
20
233.510661
30
0.0
0
SEQEND
0
POLYLINE
8
P02678
66
1
70
0
0
VERTEX
8
P02678
10
130.979333
20
233.425992
30
0.0
0
VERTEX
8
P02678
10
135.551330
20
233.425992
30
0.0
0
SEQEND
0
POLYLINE
8
P02679
66
1
70
0
0
VERTEX
8
P02679
10
130.979333
20
233.341329
30
0.0
0
VERTEX
8
P02679
10
135.381993
20
233.341329
30
0.0
0
SEQEND
0
POLYLINE
8
P02680
66
1
70
0
0
VERTEX
8
P02680
10
130.979333
20
233.256660
30
0.0
0
VERTEX
8
P02680
10
135.212666
20
233.256660
30
0.0
0
SEQEND
0
POLYLINE
8
P02681
66
1
70
0
0
VERTEX
8
P02681
10
131.063996
20
233.171992
30
0.0
0
VERTEX
8
P02681
10
135.043329
20
233.171992
30
0.0
0
SEQEND
0
POLYLINE
8
P02682
66
1
70
0
0
VERTEX
8
P02682
10
131.063996
20
233.087328
30
0.0
0
VERTEX
8
P02682
10
134.873992
20
233.087328
30
0.0
0
SEQEND
0
POLYLINE
8
P02683
66
1
70
0
0
VERTEX
8
P02683
10
131.063996
20
233.002660
30
0.0
0
VERTEX
8
P02683
10
134.704665
20
233.002660
30
0.0
0
SEQEND
0
POLYLINE
8
P02684
66
1
70
0
0
VERTEX
8
P02684
10
131.063996
20
232.917991
30
0.0
0
VERTEX
8
P02684
10
134.450665
20
232.917991
30
0.0
0
SEQEND
0
POLYLINE
8
P02685
66
1
70
0
0
VERTEX
8
P02685
10
131.063996
20
232.833328
30
0.0
0
VERTEX
8
P02685
10
134.112001
20
232.833328
30
0.0
0
SEQEND
0
POLYLINE
8
P02686
66
1
70
0
0
VERTEX
8
P02686
10
131.063996
20
232.748659
30
0.0
0
VERTEX
8
P02686
10
133.773327
20
232.748659
30
0.0
0
SEQEND
0
POLYLINE
8
P02687
66
1
70
0
0
VERTEX
8
P02687
10
131.063996
20
232.663996
30
0.0
0
VERTEX
8
P02687
10
133.434663
20
232.663996
30
0.0
0
SEQEND
0
POLYLINE
8
P02688
66
1
70
0
0
VERTEX
8
P02688
10
131.148659
20
232.579328
30
0.0
0
VERTEX
8
P02688
10
133.096000
20
232.579328
30
0.0
0
SEQEND
0
POLYLINE
8
P02689
66
1
70
0
0
VERTEX
8
P02689
10
131.148659
20
232.494659
30
0.0
0
VERTEX
8
P02689
10
132.841999
20
232.494659
30
0.0
0
SEQEND
0
POLYLINE
8
P02690
66
1
70
0
0
VERTEX
8
P02690
10
131.148659
20
232.409996
30
0.0
0
VERTEX
8
P02690
10
132.503335
20
232.409996
30
0.0
0
SEQEND
0
POLYLINE
8
P02691
66
1
70
0
0
VERTEX
8
P02691
10
131.148659
20
232.325327
30
0.0
0
VERTEX
8
P02691
10
132.164661
20
232.325327
30
0.0
0
SEQEND
0
POLYLINE
8
P02692
66
1
70
0
0
VERTEX
8
P02692
10
131.148659
20
232.240658
30
0.0
0
VERTEX
8
P02692
10
131.825997
20
232.240658
30
0.0
0
SEQEND
0
POLYLINE
8
P02693
66
1
70
0
0
VERTEX
8
P02693
10
131.148659
20
232.155995
30
0.0
0
VERTEX
8
P02693
10
131.487334
20
232.155995
30
0.0
0
VERTEX
8
P02693
10
131.148659
20
232.155995
30
0.0
0
SEQEND
0
POLYLINE
8
P02694
66
1
70
0
0
VERTEX
8
P02694
10
136.397994
20
233.933993
30
0.0
0
VERTEX
8
P02694
10
131.571997
20
232.663996
30
0.0
0
VERTEX
8
P02694
10
136.397994
20
233.933993
30
0.0
0
SEQEND
0
POLYLINE
8
P02695
66
1
70
0
0
VERTEX
8
P02695
10
131.571997
20
232.663996
30
0.0
0
VERTEX
8
P02695
10
131.995335
20
233.425992
30
0.0
0
VERTEX
8
P02695
10
131.571997
20
232.663996
30
0.0
0
SEQEND
0
POLYLINE
8
P02696
66
1
70
0
0
VERTEX
8
P02696
10
131.995335
20
233.425992
30
0.0
0
VERTEX
8
P02696
10
131.402660
20
234.018661
30
0.0
0
VERTEX
8
P02696
10
131.995335
20
233.425992
30
0.0
0
SEQEND
0
POLYLINE
8
P02697
66
1
70
0
0
VERTEX
8
P02697
10
131.402660
20
234.018661
30
0.0
0
VERTEX
8
P02697
10
136.397994
20
233.933993
30
0.0
0
VERTEX
8
P02697
10
131.402660
20
234.018661
30
0.0
0
SEQEND
0
POLYLINE
8
P02698
66
1
70
0
0
VERTEX
8
P02698
10
135.720667
20
233.849330
30
0.0
0
VERTEX
8
P02698
10
136.143994
20
233.849330
30
0.0
0
SEQEND
0
POLYLINE
8
P02699
66
1
70
0
0
VERTEX
8
P02699
10
134.958666
20
233.764661
30
0.0
0
VERTEX
8
P02699
10
135.805330
20
233.764661
30
0.0
0
SEQEND
0
POLYLINE
8
P02700
66
1
70
0
0
VERTEX
8
P02700
10
134.196665
20
233.679992
30
0.0
0
VERTEX
8
P02700
10
135.466667
20
233.679992
30
0.0
0
SEQEND
0
POLYLINE
8
P02701
66
1
70
0
0
VERTEX
8
P02701
10
133.519326
20
233.595329
30
0.0
0
VERTEX
8
P02701
10
135.127992
20
233.595329
30
0.0
0
SEQEND
0
POLYLINE
8
P02702
66
1
70
0
0
VERTEX
8
P02702
10
132.757325
20
233.510661
30
0.0
0
VERTEX
8
P02702
10
134.789329
20
233.510661
30
0.0
0
SEQEND
0
POLYLINE
8
P02703
66
1
70
0
0
VERTEX
8
P02703
10
131.995335
20
233.425992
30
0.0
0
VERTEX
8
P02703
10
134.535328
20
233.425992
30
0.0
0
SEQEND
0
POLYLINE
8
P02704
66
1
70
0
0
VERTEX
8
P02704
10
131.995335
20
233.341329
30
0.0
0
VERTEX
8
P02704
10
134.196665
20
233.341329
30
0.0
0
SEQEND
0
POLYLINE
8
P02705
66
1
70
0
0
VERTEX
8
P02705
10
131.910661
20
233.256660
30
0.0
0
VERTEX
8
P02705
10
133.858001
20
233.256660
30
0.0
0
SEQEND
0
POLYLINE
8
P02706
66
1
70
0
0
VERTEX
8
P02706
10
131.910661
20
233.171992
30
0.0
0
VERTEX
8
P02706
10
133.519326
20
233.171992
30
0.0
0
SEQEND
0
POLYLINE
8
P02707
66
1
70
0
0
VERTEX
8
P02707
10
131.825997
20
233.087328
30
0.0
0
VERTEX
8
P02707
10
133.180663
20
233.087328
30
0.0
0
SEQEND
0
POLYLINE
8
P02708
66
1
70
0
0
VERTEX
8
P02708
10
131.825997
20
233.002660
30
0.0
0
VERTEX
8
P02708
10
132.926662
20
233.002660
30
0.0
0
SEQEND
0
POLYLINE
8
P02709
66
1
70
0
0
VERTEX
8
P02709
10
131.741334
20
232.917991
30
0.0
0
VERTEX
8
P02709
10
132.587999
20
232.917991
30
0.0
0
SEQEND
0
POLYLINE
8
P02710
66
1
70
0
0
VERTEX
8
P02710
10
131.741334
20
232.833328
30
0.0
0
VERTEX
8
P02710
10
132.249335
20
232.833328
30
0.0
0
SEQEND
0
POLYLINE
8
P02711
66
1
70
0
0
VERTEX
8
P02711
10
131.656660
20
232.748659
30
0.0
0
VERTEX
8
P02711
10
131.910661
20
232.748659
30
0.0
0
VERTEX
8
P02711
10
131.656660
20
232.748659
30
0.0
0
SEQEND
0
POLYLINE
8
P02712
66
1
70
0
0
VERTEX
8
P02712
10
131.487334
20
233.933993
30
0.0
0
VERTEX
8
P02712
10
136.397994
20
233.933993
30
0.0
0
SEQEND
0
POLYLINE
8
P02713
66
1
70
0
0
VERTEX
8
P02713
10
131.571997
20
233.849330
30
0.0
0
VERTEX
8
P02713
10
135.720667
20
233.849330
30
0.0
0
SEQEND
0
POLYLINE
8
P02714
66
1
70
0
0
VERTEX
8
P02714
10
131.656660
20
233.764661
30
0.0
0
VERTEX
8
P02714
10
134.958666
20
233.764661
30
0.0
0
SEQEND
0
POLYLINE
8
P02715
66
1
70
0
0
VERTEX
8
P02715
10
131.741334
20
233.679992
30
0.0
0
VERTEX
8
P02715
10
134.196665
20
233.679992
30
0.0
0
SEQEND
0
POLYLINE
8
P02716
66
1
70
0
0
VERTEX
8
P02716
10
131.825997
20
233.595329
30
0.0
0
VERTEX
8
P02716
10
133.519326
20
233.595329
30
0.0
0
SEQEND
0
POLYLINE
8
P02717
66
1
70
0
0
VERTEX
8
P02717
10
131.910661
20
233.510661
30
0.0
0
VERTEX
8
P02717
10
132.757325
20
233.510661
30
0.0
0
VERTEX
8
P02717
10
131.910661
20
233.510661
30
0.0
0
SEQEND
0
POLYLINE
8
P02718
66
1
70
0
0
VERTEX
8
P02718
10
116.585993
20
231.563326
30
0.0
0
VERTEX
8
P02718
10
136.397994
20
233.933993
30
0.0
0
VERTEX
8
P02718
10
116.585993
20
231.563326
30
0.0
0
SEQEND
0
POLYLINE
8
P02719
66
1
70
0
0
VERTEX
8
P02719
10
118.363996
20
211.666661
30
0.0
0
VERTEX
8
P02719
10
120.988664
20
212.005325
30
0.0
0
VERTEX
8
P02719
10
118.363996
20
211.666661
30
0.0
0
SEQEND
0
POLYLINE
8
P02720
66
1
70
0
0
VERTEX
8
P02720
10
120.988664
20
212.005325
30
0.0
0
VERTEX
8
P02720
10
123.443994
20
212.767326
30
0.0
0
VERTEX
8
P02720
10
120.988664
20
212.005325
30
0.0
0
SEQEND
0
POLYLINE
8
P02721
66
1
70
0
0
VERTEX
8
P02721
10
123.443994
20
212.767326
30
0.0
0
VERTEX
8
P02721
10
125.814661
20
213.783328
30
0.0
0
VERTEX
8
P02721
10
123.443994
20
212.767326
30
0.0
0
SEQEND
0
POLYLINE
8
P02722
66
1
70
0
0
VERTEX
8
P02722
10
125.814661
20
213.783328
30
0.0
0
VERTEX
8
P02722
10
128.016002
20
215.137993
30
0.0
0
VERTEX
8
P02722
10
125.814661
20
213.783328
30
0.0
0
SEQEND
0
POLYLINE
8
P02723
66
1
70
0
0
VERTEX
8
P02723
10
128.016002
20
215.137993
30
0.0
0
VERTEX
8
P02723
10
130.047994
20
216.831328
30
0.0
0
VERTEX
8
P02723
10
128.016002
20
215.137993
30
0.0
0
SEQEND
0
POLYLINE
8
P02724
66
1
70
0
0
VERTEX
8
P02724
10
130.047994
20
216.831328
30
0.0
0
VERTEX
8
P02724
10
131.910661
20
218.693994
30
0.0
0
VERTEX
8
P02724
10
130.047994
20
216.831328
30
0.0
0
SEQEND
0
POLYLINE
8
P02725
66
1
70
0
0
VERTEX
8
P02725
10
131.910661
20
218.693994
30
0.0
0
VERTEX
8
P02725
10
133.434663
20
220.810661
30
0.0
0
VERTEX
8
P02725
10
131.910661
20
218.693994
30
0.0
0
SEQEND
0
POLYLINE
8
P02726
66
1
70
0
0
VERTEX
8
P02726
10
133.434663
20
220.810661
30
0.0
0
VERTEX
8
P02726
10
134.704665
20
223.011996
30
0.0
0
VERTEX
8
P02726
10
133.434663
20
220.810661
30
0.0
0
SEQEND
0
POLYLINE
8
P02727
66
1
70
0
0
VERTEX
8
P02727
10
134.704665
20
223.011996
30
0.0
0
VERTEX
8
P02727
10
135.635993
20
225.467326
30
0.0
0
VERTEX
8
P02727
10
134.704665
20
223.011996
30
0.0
0
SEQEND
0
POLYLINE
8
P02728
66
1
70
0
0
VERTEX
8
P02728
10
135.635993
20
225.467326
30
0.0
0
VERTEX
8
P02728
10
136.228668
20
228.007325
30
0.0
0
VERTEX
8
P02728
10
135.635993
20
225.467326
30
0.0
0
SEQEND
0
POLYLINE
8
P02729
66
1
70
0
0
VERTEX
8
P02729
10
136.228668
20
228.007325
30
0.0
0
VERTEX
8
P02729
10
136.567332
20
230.547329
30
0.0
0
VERTEX
8
P02729
10
136.228668
20
228.007325
30
0.0
0
SEQEND
0
POLYLINE
8
P02730
66
1
70
0
0
VERTEX
8
P02730
10
136.567332
20
230.547329
30
0.0
0
VERTEX
8
P02730
10
136.482668
20
233.171992
30
0.0
0
VERTEX
8
P02730
10
136.567332
20
230.547329
30
0.0
0
SEQEND
0
POLYLINE
8
P02731
66
1
70
0
0
VERTEX
8
P02731
10
136.482668
20
233.171992
30
0.0
0
VERTEX
8
P02731
10
136.143994
20
235.796659
30
0.0
0
VERTEX
8
P02731
10
136.482668
20
233.171992
30
0.0
0
SEQEND
0
POLYLINE
8
P02732
66
1
70
0
0
VERTEX
8
P02732
10
136.143994
20
235.796659
30
0.0
0
VERTEX
8
P02732
10
136.059331
20
235.965991
30
0.0
0
VERTEX
8
P02732
10
136.143994
20
235.796659
30
0.0
0
SEQEND
0
POLYLINE
8
P02733
66
1
70
0
0
VERTEX
8
P02733
10
150.960661
20
244.178663
30
0.0
0
VERTEX
8
P02733
10
151.722662
20
244.178663
30
0.0
0
SEQEND
0
POLYLINE
8
P02734
66
1
70
0
0
VERTEX
8
P02734
10
150.283333
20
244.093994
30
0.0
0
VERTEX
8
P02734
10
151.722662
20
244.093994
30
0.0
0
SEQEND
0
POLYLINE
8
P02735
66
1
70
0
0
VERTEX
8
P02735
10
149.605995
20
244.009325
30
0.0
0
VERTEX
8
P02735
10
151.722662
20
244.009325
30
0.0
0
SEQEND
0
POLYLINE
8
P02736
66
1
70
0
0
VERTEX
8
P02736
10
148.843994
20
243.924662
30
0.0
0
VERTEX
8
P02736
10
151.722662
20
243.924662
30
0.0
0
SEQEND
0
POLYLINE
8
P02737
66
1
70
0
0
VERTEX
8
P02737
10
148.166667
20
243.839994
30
0.0
0
VERTEX
8
P02737
10
151.722662
20
243.839994
30
0.0
0
SEQEND
0
POLYLINE
8
P02738
66
1
70
0
0
VERTEX
8
P02738
10
147.489329
20
243.755325
30
0.0
0
VERTEX
8
P02738
10
151.722662
20
243.755325
30
0.0
0
SEQEND
0
POLYLINE
8
P02739
66
1
70
0
0
VERTEX
8
P02739
10
146.727327
20
243.670662
30
0.0
0
VERTEX
8
P02739
10
151.722662
20
243.670662
30
0.0
0
SEQEND
0
POLYLINE
8
P02740
66
1
70
0
0
VERTEX
8
P02740
10
146.050000
20
243.585993
30
0.0
0
VERTEX
8
P02740
10
151.722662
20
243.585993
30
0.0
0
SEQEND
0
POLYLINE
8
P02741
66
1
70
0
0
VERTEX
8
P02741
10
145.372662
20
243.501325
30
0.0
0
VERTEX
8
P02741
10
151.807325
20
243.501325
30
0.0
0
SEQEND
0
POLYLINE
8
P02742
66
1
70
0
0
VERTEX
8
P02742
10
144.610661
20
243.416661
30
0.0
0
VERTEX
8
P02742
10
151.807325
20
243.416661
30
0.0
0
SEQEND
0
POLYLINE
8
P02743
66
1
70
0
0
VERTEX
8
P02743
10
143.933333
20
243.331993
30
0.0
0
VERTEX
8
P02743
10
151.807325
20
243.331993
30
0.0
0
SEQEND
0
POLYLINE
8
P02744
66
1
70
0
0
VERTEX
8
P02744
10
143.255995
20
243.247329
30
0.0
0
VERTEX
8
P02744
10
151.807325
20
243.247329
30
0.0
0
SEQEND
0
POLYLINE
8
P02745
66
1
70
0
0
VERTEX
8
P02745
10
142.493994
20
243.162661
30
0.0
0
VERTEX
8
P02745
10
151.807325
20
243.162661
30
0.0
0
SEQEND
0
POLYLINE
8
P02746
66
1
70
0
0
VERTEX
8
P02746
10
141.816667
20
243.077992
30
0.0
0
VERTEX
8
P02746
10
151.807325
20
243.077992
30
0.0
0
SEQEND
0
POLYLINE
8
P02747
66
1
70
0
0
VERTEX
8
P02747
10
141.139329
20
242.993329
30
0.0
0
VERTEX
8
P02747
10
151.807325
20
242.993329
30
0.0
0
SEQEND
0
POLYLINE
8
P02748
66
1
70
0
0
VERTEX
8
P02748
10
140.377327
20
242.908660
30
0.0
0
VERTEX
8
P02748
10
151.807325
20
242.908660
30
0.0
0
SEQEND
0
POLYLINE
8
P02749
66
1
70
0
0
VERTEX
8
P02749
10
140.462001
20
242.823992
30
0.0
0
VERTEX
8
P02749
10
151.807325
20
242.823992
30
0.0
0
SEQEND
0
POLYLINE
8
P02750
66
1
70
0
0
VERTEX
8
P02750
10
140.462001
20
242.739329
30
0.0
0
VERTEX
8
P02750
10
151.891999
20
242.739329
30
0.0
0
SEQEND
0
POLYLINE
8
P02751
66
1
70
0
0
VERTEX
8
P02751
10
140.462001
20
242.654660
30
0.0
0
VERTEX
8
P02751
10
151.891999
20
242.654660
30
0.0
0
SEQEND
0
POLYLINE
8
P02752
66
1
70
0
0
VERTEX
8
P02752
10
140.462001
20
242.569991
30
0.0
0
VERTEX
8
P02752
10
151.891999
20
242.569991
30
0.0
0
SEQEND
0
POLYLINE
8
P02753
66
1
70
0
0
VERTEX
8
P02753
10
140.462001
20
242.485328
30
0.0
0
VERTEX
8
P02753
10
151.891999
20
242.485328
30
0.0
0
SEQEND
0
POLYLINE
8
P02754
66
1
70
0
0
VERTEX
8
P02754
10
140.462001
20
242.400660
30
0.0
0
VERTEX
8
P02754
10
151.891999
20
242.400660
30
0.0
0
SEQEND
0
POLYLINE
8
P02755
66
1
70
0
0
VERTEX
8
P02755
10
140.462001
20
242.315991
30
0.0
0
VERTEX
8
P02755
10
151.891999
20
242.315991
30
0.0
0
SEQEND
0
POLYLINE
8
P02756
66
1
70
0
0
VERTEX
8
P02756
10
140.462001
20
242.231328
30
0.0
0
VERTEX
8
P02756
10
151.891999
20
242.231328
30
0.0
0
SEQEND
0
POLYLINE
8
P02757
66
1
70
0
0
VERTEX
8
P02757
10
140.546665
20
242.146659
30
0.0
0
VERTEX
8
P02757
10
151.891999
20
242.146659
30
0.0
0
SEQEND
0
POLYLINE
8
P02758
66
1
70
0
0
VERTEX
8
P02758
10
140.546665
20
242.061996
30
0.0
0
VERTEX
8
P02758
10
151.891999
20
242.061996
30
0.0
0
SEQEND
0
POLYLINE
8
P02759
66
1
70
0
0
VERTEX
8
P02759
10
140.546665
20
241.977327
30
0.0
0
VERTEX
8
P02759
10
151.976662
20
241.977327
30
0.0
0
SEQEND
0
POLYLINE
8
P02760
66
1
70
0
0
VERTEX
8
P02760
10
140.546665
20
241.892659
30
0.0
0
VERTEX
8
P02760
10
151.976662
20
241.892659
30
0.0
0
SEQEND
0
POLYLINE
8
P02761
66
1
70
0
0
VERTEX
8
P02761
10
140.546665
20
241.807995
30
0.0
0
VERTEX
8
P02761
10
151.976662
20
241.807995
30
0.0
0
SEQEND
0
POLYLINE
8
P02762
66
1
70
0
0
VERTEX
8
P02762
10
140.546665
20
241.723327
30
0.0
0
VERTEX
8
P02762
10
151.976662
20
241.723327
30
0.0
0
SEQEND
0
POLYLINE
8
P02763
66
1
70
0
0
VERTEX
8
P02763
10
140.546665
20
241.638658
30
0.0
0
VERTEX
8
P02763
10
151.976662
20
241.638658
30
0.0
0
SEQEND
0
POLYLINE
8
P02764
66
1
70
0
0
VERTEX
8
P02764
10
140.546665
20
241.553995
30
0.0
0
VERTEX
8
P02764
10
151.976662
20
241.553995
30
0.0
0
SEQEND
0
POLYLINE
8
P02765
66
1
70
0
0
VERTEX
8
P02765
10
140.546665
20
241.469326
30
0.0
0
VERTEX
8
P02765
10
151.976662
20
241.469326
30
0.0
0
SEQEND
0
POLYLINE
8
P02766
66
1
70
0
0
VERTEX
8
P02766
10
140.631328
20
241.384658
30
0.0
0
VERTEX
8
P02766
10
151.976662
20
241.384658
30
0.0
0
SEQEND
0
POLYLINE
8
P02767
66
1
70
0
0
VERTEX
8
P02767
10
140.631328
20
241.299995
30
0.0
0
VERTEX
8
P02767
10
152.061326
20
241.299995
30
0.0
0
SEQEND
0
POLYLINE
8
P02768
66
1
70
0
0
VERTEX
8
P02768
10
140.631328
20
241.215326
30
0.0
0
VERTEX
8
P02768
10
152.061326
20
241.215326
30
0.0
0
SEQEND
0
POLYLINE
8
P02769
66
1
70
0
0
VERTEX
8
P02769
10
140.631328
20
241.130663
30
0.0
0
VERTEX
8
P02769
10
152.061326
20
241.130663
30
0.0
0
SEQEND
0
POLYLINE
8
P02770
66
1
70
0
0
VERTEX
8
P02770
10
140.631328
20
241.045994
30
0.0
0
VERTEX
8
P02770
10
152.061326
20
241.045994
30
0.0
0
SEQEND
0
POLYLINE
8
P02771
66
1
70
0
0
VERTEX
8
P02771
10
140.631328
20
240.961326
30
0.0
0
VERTEX
8
P02771
10
152.061326
20
240.961326
30
0.0
0
SEQEND
0
POLYLINE
8
P02772
66
1
70
0
0
VERTEX
8
P02772
10
140.631328
20
240.876662
30
0.0
0
VERTEX
8
P02772
10
152.061326
20
240.876662
30
0.0
0
SEQEND
0
POLYLINE
8
P02773
66
1
70
0
0
VERTEX
8
P02773
10
140.631328
20
240.791994
30
0.0
0
VERTEX
8
P02773
10
152.061326
20
240.791994
30
0.0
0
SEQEND
0
POLYLINE
8
P02774
66
1
70
0
0
VERTEX
8
P02774
10
140.631328
20
240.707325
30
0.0
0
VERTEX
8
P02774
10
152.061326
20
240.707325
30
0.0
0
SEQEND
0
POLYLINE
8
P02775
66
1
70
0
0
VERTEX
8
P02775
10
140.716002
20
240.622662
30
0.0
0
VERTEX
8
P02775
10
152.061326
20
240.622662
30
0.0
0
SEQEND
0
POLYLINE
8
P02776
66
1
70
0
0
VERTEX
8
P02776
10
140.716002
20
240.537993
30
0.0
0
VERTEX
8
P02776
10
152.146000
20
240.537993
30
0.0
0
SEQEND
0
POLYLINE
8
P02777
66
1
70
0
0
VERTEX
8
P02777
10
140.716002
20
240.453325
30
0.0
0
VERTEX
8
P02777
10
152.146000
20
240.453325
30
0.0
0
SEQEND
0
POLYLINE
8
P02778
66
1
70
0
0
VERTEX
8
P02778
10
140.716002
20
240.368661
30
0.0
0
VERTEX
8
P02778
10
152.146000
20
240.368661
30
0.0
0
SEQEND
0
POLYLINE
8
P02779
66
1
70
0
0
VERTEX
8
P02779
10
140.716002
20
240.283993
30
0.0
0
VERTEX
8
P02779
10
152.146000
20
240.283993
30
0.0
0
SEQEND
0
POLYLINE
8
P02780
66
1
70
0
0
VERTEX
8
P02780
10
140.716002
20
240.199324
30
0.0
0
VERTEX
8
P02780
10
152.146000
20
240.199324
30
0.0
0
SEQEND
0
POLYLINE
8
P02781
66
1
70
0
0
VERTEX
8
P02781
10
140.716002
20
240.114661
30
0.0
0
VERTEX
8
P02781
10
152.146000
20
240.114661
30
0.0
0
SEQEND
0
POLYLINE
8
P02782
66
1
70
0
0
VERTEX
8
P02782
10
140.716002
20
240.029992
30
0.0
0
VERTEX
8
P02782
10
152.146000
20
240.029992
30
0.0
0
SEQEND
0
POLYLINE
8
P02783
66
1
70
0
0
VERTEX
8
P02783
10
140.800665
20
239.945329
30
0.0
0
VERTEX
8
P02783
10
152.146000
20
239.945329
30
0.0
0
SEQEND
0
POLYLINE
8
P02784
66
1
70
0
0
VERTEX
8
P02784
10
140.800665
20
239.860661
30
0.0
0
VERTEX
8
P02784
10
152.146000
20
239.860661
30
0.0
0
SEQEND
0
POLYLINE
8
P02785
66
1
70
0
0
VERTEX
8
P02785
10
140.800665
20
239.775992
30
0.0
0
VERTEX
8
P02785
10
152.230663
20
239.775992
30
0.0
0
SEQEND
0
POLYLINE
8
P02786
66
1
70
0
0
VERTEX
8
P02786
10
140.800665
20
239.691329
30
0.0
0
VERTEX
8
P02786
10
152.230663
20
239.691329
30
0.0
0
SEQEND
0
POLYLINE
8
P02787
66
1
70
0
0
VERTEX
8
P02787
10
140.800665
20
239.606660
30
0.0
0
VERTEX
8
P02787
10
152.230663
20
239.606660
30
0.0
0
SEQEND
0
POLYLINE
8
P02788
66
1
70
0
0
VERTEX
8
P02788
10
140.800665
20
239.521992
30
0.0
0
VERTEX
8
P02788
10
152.230663
20
239.521992
30
0.0
0
SEQEND
0
POLYLINE
8
P02789
66
1
70
0
0
VERTEX
8
P02789
10
140.800665
20
239.437328
30
0.0
0
VERTEX
8
P02789
10
152.230663
20
239.437328
30
0.0
0
SEQEND
0
POLYLINE
8
P02790
66
1
70
0
0
VERTEX
8
P02790
10
140.800665
20
239.352660
30
0.0
0
VERTEX
8
P02790
10
152.230663
20
239.352660
30
0.0
0
SEQEND
0
POLYLINE
8
P02791
66
1
70
0
0
VERTEX
8
P02791
10
140.800665
20
239.267991
30
0.0
0
VERTEX
8
P02791
10
152.230663
20
239.267991
30
0.0
0
SEQEND
0
POLYLINE
8
P02792
66
1
70
0
0
VERTEX
8
P02792
10
140.885328
20
239.183328
30
0.0
0
VERTEX
8
P02792
10
152.230663
20
239.183328
30
0.0
0
SEQEND
0
POLYLINE
8
P02793
66
1
70
0
0
VERTEX
8
P02793
10
140.885328
20
239.098659
30
0.0
0
VERTEX
8
P02793
10
152.315326
20
239.098659
30
0.0
0
SEQEND
0
POLYLINE
8
P02794
66
1
70
0
0
VERTEX
8
P02794
10
140.885328
20
239.013996
30
0.0
0
VERTEX
8
P02794
10
152.315326
20
239.013996
30
0.0
0
SEQEND
0
POLYLINE
8
P02795
66
1
70
0
0
VERTEX
8
P02795
10
140.885328
20
238.929328
30
0.0
0
VERTEX
8
P02795
10
152.315326
20
238.929328
30
0.0
0
SEQEND
0
POLYLINE
8
P02796
66
1
70
0
0
VERTEX
8
P02796
10
140.885328
20
238.844659
30
0.0
0
VERTEX
8
P02796
10
152.315326
20
238.844659
30
0.0
0
SEQEND
0
POLYLINE
8
P02797
66
1
70
0
0
VERTEX
8
P02797
10
140.885328
20
238.759996
30
0.0
0
VERTEX
8
P02797
10
152.315326
20
238.759996
30
0.0
0
SEQEND
0
POLYLINE
8
P02798
66
1
70
0
0
VERTEX
8
P02798
10
140.885328
20
238.675327
30
0.0
0
VERTEX
8
P02798
10
152.315326
20
238.675327
30
0.0
0
SEQEND
0
POLYLINE
8
P02799
66
1
70
0
0
VERTEX
8
P02799
10
140.885328
20
238.590658
30
0.0
0
VERTEX
8
P02799
10
152.315326
20
238.590658
30
0.0
0
SEQEND
0
POLYLINE
8
P02800
66
1
70
0
0
VERTEX
8
P02800
10
140.885328
20
238.505995
30
0.0
0
VERTEX
8
P02800
10
152.315326
20
238.505995
30
0.0
0
SEQEND
0
POLYLINE
8
P02801
66
1
70
0
0
VERTEX
8
P02801
10
140.970002
20
238.421327
30
0.0
0
VERTEX
8
P02801
10
152.315326
20
238.421327
30
0.0
0
SEQEND
0
POLYLINE
8
P02802
66
1
70
0
0
VERTEX
8
P02802
10
140.970002
20
238.336658
30
0.0
0
VERTEX
8
P02802
10
152.400000
20
238.336658
30
0.0
0
SEQEND
0
POLYLINE
8
P02803
66
1
70
0
0
VERTEX
8
P02803
10
140.970002
20
238.251995
30
0.0
0
VERTEX
8
P02803
10
152.400000
20
238.251995
30
0.0
0
SEQEND
0
POLYLINE
8
P02804
66
1
70
0
0
VERTEX
8
P02804
10
140.970002
20
238.167326
30
0.0
0
VERTEX
8
P02804
10
152.400000
20
238.167326
30
0.0
0
SEQEND
0
POLYLINE
8
P02805
66
1
70
0
0
VERTEX
8
P02805
10
140.970002
20
238.082658
30
0.0
0
VERTEX
8
P02805
10
152.400000
20
238.082658
30
0.0
0
SEQEND
0
POLYLINE
8
P02806
66
1
70
0
0
VERTEX
8
P02806
10
140.970002
20
237.997994
30
0.0
0
VERTEX
8
P02806
10
152.400000
20
237.997994
30
0.0
0
SEQEND
0
POLYLINE
8
P02807
66
1
70
0
0
VERTEX
8
P02807
10
140.970002
20
237.913326
30
0.0
0
VERTEX
8
P02807
10
152.400000
20
237.913326
30
0.0
0
SEQEND
0
POLYLINE
8
P02808
66
1
70
0
0
VERTEX
8
P02808
10
140.970002
20
237.828663
30
0.0
0
VERTEX
8
P02808
10
152.400000
20
237.828663
30
0.0
0
SEQEND
0
POLYLINE
8
P02809
66
1
70
0
0
VERTEX
8
P02809
10
141.054665
20
237.743994
30
0.0
0
VERTEX
8
P02809
10
152.400000
20
237.743994
30
0.0
0
SEQEND
0
POLYLINE
8
P02810
66
1
70
0
0
VERTEX
8
P02810
10
141.054665
20
237.659325
30
0.0
0
VERTEX
8
P02810
10
152.400000
20
237.659325
30
0.0
0
SEQEND
0
POLYLINE
8
P02811
66
1
70
0
0
VERTEX
8
P02811
10
141.054665
20
237.574662
30
0.0
0
VERTEX
8
P02811
10
152.484663
20
237.574662
30
0.0
0
SEQEND
0
POLYLINE
8
P02812
66
1
70
0
0
VERTEX
8
P02812
10
141.054665
20
237.489994
30
0.0
0
VERTEX
8
P02812
10
152.484663
20
237.489994
30
0.0
0
SEQEND
0
POLYLINE
8
P02813
66
1
70
0
0
VERTEX
8
P02813
10
141.054665
20
237.405325
30
0.0
0
VERTEX
8
P02813
10
152.484663
20
237.405325
30
0.0
0
SEQEND
0
POLYLINE
8
P02814
66
1
70
0
0
VERTEX
8
P02814
10
141.054665
20
237.320662
30
0.0
0
VERTEX
8
P02814
10
152.484663
20
237.320662
30
0.0
0
SEQEND
0
POLYLINE
8
P02815
66
1
70
0
0
VERTEX
8
P02815
10
141.054665
20
237.235993
30
0.0
0
VERTEX
8
P02815
10
152.484663
20
237.235993
30
0.0
0
SEQEND
0
POLYLINE
8
P02816
66
1
70
0
0
VERTEX
8
P02816
10
141.054665
20
237.151325
30
0.0
0
VERTEX
8
P02816
10
152.484663
20
237.151325
30
0.0
0
SEQEND
0
POLYLINE
8
P02817
66
1
70
0
0
VERTEX
8
P02817
10
141.054665
20
237.066661
30
0.0
0
VERTEX
8
P02817
10
152.484663
20
237.066661
30
0.0
0
SEQEND
0
POLYLINE
8
P02818
66
1
70
0
0
VERTEX
8
P02818
10
141.139329
20
236.981993
30
0.0
0
VERTEX
8
P02818
10
152.484663
20
236.981993
30
0.0
0
SEQEND
0
POLYLINE
8
P02819
66
1
70
0
0
VERTEX
8
P02819
10
141.139329
20
236.897329
30
0.0
0
VERTEX
8
P02819
10
152.484663
20
236.897329
30
0.0
0
SEQEND
0
POLYLINE
8
P02820
66
1
70
0
0
VERTEX
8
P02820
10
141.139329
20
236.812661
30
0.0
0
VERTEX
8
P02820
10
151.807325
20
236.812661
30
0.0
0
SEQEND
0
POLYLINE
8
P02821
66
1
70
0
0
VERTEX
8
P02821
10
141.139329
20
236.727992
30
0.0
0
VERTEX
8
P02821
10
151.129998
20
236.727992
30
0.0
0
SEQEND
0
POLYLINE
8
P02822
66
1
70
0
0
VERTEX
8
P02822
10
141.139329
20
236.643329
30
0.0
0
VERTEX
8
P02822
10
150.452660
20
236.643329
30
0.0
0
SEQEND
0
POLYLINE
8
P02823
66
1
70
0
0
VERTEX
8
P02823
10
141.139329
20
236.558660
30
0.0
0
VERTEX
8
P02823
10
149.690658
20
236.558660
30
0.0
0
SEQEND
0
POLYLINE
8
P02824
66
1
70
0
0
VERTEX
8
P02824
10
141.139329
20
236.473992
30
0.0
0
VERTEX
8
P02824
10
149.013331
20
236.473992
30
0.0
0
SEQEND
0
POLYLINE
8
P02825
66
1
70
0
0
VERTEX
8
P02825
10
141.139329
20
236.389329
30
0.0
0
VERTEX
8
P02825
10
148.335993
20
236.389329
30
0.0
0
SEQEND
0
POLYLINE
8
P02826
66
1
70
0
0
VERTEX
8
P02826
10
141.139329
20
236.304660
30
0.0
0
VERTEX
8
P02826
10
147.573992
20
236.304660
30
0.0
0
SEQEND
0
POLYLINE
8
P02827
66
1
70
0
0
VERTEX
8
P02827
10
141.223992
20
236.219991
30
0.0
0
VERTEX
8
P02827
10
146.896665
20
236.219991
30
0.0
0
SEQEND
0
POLYLINE
8
P02828
66
1
70
0
0
VERTEX
8
P02828
10
141.223992
20
236.135328
30
0.0
0
VERTEX
8
P02828
10
146.219326
20
236.135328
30
0.0
0
SEQEND
0
POLYLINE
8
P02829
66
1
70
0
0
VERTEX
8
P02829
10
141.223992
20
236.050660
30
0.0
0
VERTEX
8
P02829
10
145.457325
20
236.050660
30
0.0
0
SEQEND
0
POLYLINE
8
P02830
66
1
70
0
0
VERTEX
8
P02830
10
141.223992
20
235.965991
30
0.0
0
VERTEX
8
P02830
10
144.779998
20
235.965991
30
0.0
0
SEQEND
0
POLYLINE
8
P02831
66
1
70
0
0
VERTEX
8
P02831
10
141.223992
20
235.881328
30
0.0
0
VERTEX
8
P02831
10
144.102660
20
235.881328
30
0.0
0
SEQEND
0
POLYLINE
8
P02832
66
1
70
0
0
VERTEX
8
P02832
10
141.223992
20
235.796659
30
0.0
0
VERTEX
8
P02832
10
143.340658
20
235.796659
30
0.0
0
SEQEND
0
POLYLINE
8
P02833
66
1
70
0
0
VERTEX
8
P02833
10
141.223992
20
235.711996
30
0.0
0
VERTEX
8
P02833
10
142.663331
20
235.711996
30
0.0
0
SEQEND
0
POLYLINE
8
P02834
66
1
70
0
0
VERTEX
8
P02834
10
141.223992
20
235.627327
30
0.0
0
VERTEX
8
P02834
10
141.985993
20
235.627327
30
0.0
0
VERTEX
8
P02834
10
141.223992
20
235.627327
30
0.0
0
SEQEND
0
POLYLINE
8
P02835
66
1
70
0
0
VERTEX
8
P02835
10
109.474003
20
175.767997
30
0.0
0
VERTEX
8
P02835
10
109.474003
20
155.786658
30
0.0
0
VERTEX
8
P02835
10
109.474003
20
175.767997
30
0.0
0
SEQEND
0
POLYLINE
8
P02836
66
1
70
0
0
VERTEX
8
P02836
10
109.474003
20
175.767997
30
0.0
0
VERTEX
8
P02836
10
68.579998
20
175.767997
30
0.0
0
VERTEX
8
P02836
10
109.474003
20
175.767997
30
0.0
0
SEQEND
0
POLYLINE
8
P02837
66
1
70
0
0
VERTEX
8
P02837
10
123.613331
20
155.786658
30
0.0
0
VERTEX
8
P02837
10
123.613331
20
175.767997
30
0.0
0
VERTEX
8
P02837
10
123.613331
20
155.786658
30
0.0
0
SEQEND
0
POLYLINE
8
P02838
66
1
70
0
0
VERTEX
8
P02838
10
164.591999
20
155.786658
30
0.0
0
VERTEX
8
P02838
10
123.613331
20
155.786658
30
0.0
0
VERTEX
8
P02838
10
164.591999
20
155.786658
30
0.0
0
SEQEND
0
POLYLINE
8
P02839
66
1
70
0
0
VERTEX
8
P02839
10
168.571332
20
155.786658
30
0.0
0
VERTEX
8
P02839
10
168.571332
20
175.767997
30
0.0
0
VERTEX
8
P02839
10
168.571332
20
155.786658
30
0.0
0
SEQEND
0
POLYLINE
8
P02840
66
1
70
0
0
VERTEX
8
P02840
10
64.600665
20
175.767997
30
0.0
0
VERTEX
8
P02840
10
56.557331
20
175.767997
30
0.0
0
VERTEX
8
P02840
10
64.600665
20
175.767997
30
0.0
0
SEQEND
0
POLYLINE
8
P02841
66
1
70
0
0
VERTEX
8
P02841
10
64.600665
20
155.786658
30
0.0
0
VERTEX
8
P02841
10
64.600665
20
175.767997
30
0.0
0
VERTEX
8
P02841
10
64.600665
20
155.786658
30
0.0
0
SEQEND
0
POLYLINE
8
P02842
66
1
70
0
0
VERTEX
8
P02842
10
176.529998
20
155.786658
30
0.0
0
VERTEX
8
P02842
10
176.529998
20
175.767997
30
0.0
0
VERTEX
8
P02842
10
176.529998
20
155.786658
30
0.0
0
SEQEND
0
POLYLINE
8
P02843
66
1
70
0
0
VERTEX
8
P02843
10
176.529998
20
175.767997
30
0.0
0
VERTEX
8
P02843
10
168.571332
20
175.767997
30
0.0
0
VERTEX
8
P02843
10
176.529998
20
175.767997
30
0.0
0
SEQEND
0
POLYLINE
8
P02844
66
1
70
0
0
VERTEX
8
P02844
10
64.600665
20
155.786658
30
0.0
0
VERTEX
8
P02844
10
56.557331
20
155.786658
30
0.0
0
VERTEX
8
P02844
10
64.600665
20
155.786658
30
0.0
0
SEQEND
0
POLYLINE
8
P02845
66
1
70
0
0
VERTEX
8
P02845
10
109.474003
20
155.786658
30
0.0
0
VERTEX
8
P02845
10
68.579998
20
155.786658
30
0.0
0
VERTEX
8
P02845
10
109.474003
20
155.786658
30
0.0
0
SEQEND
0
POLYLINE
8
P02846
66
1
70
0
0
VERTEX
8
P02846
10
56.557331
20
155.786658
30
0.0
0
VERTEX
8
P02846
10
56.557331
20
175.767997
30
0.0
0
VERTEX
8
P02846
10
56.557331
20
155.786658
30
0.0
0
SEQEND
0
POLYLINE
8
P02847
66
1
70
0
0
VERTEX
8
P02847
10
164.591999
20
155.786658
30
0.0
0
VERTEX
8
P02847
10
164.591999
20
175.767997
30
0.0
0
VERTEX
8
P02847
10
164.591999
20
155.786658
30
0.0
0
SEQEND
0
POLYLINE
8
P02848
66
1
70
0
0
VERTEX
8
P02848
10
176.529998
20
155.786658
30
0.0
0
VERTEX
8
P02848
10
168.571332
20
155.786658
30
0.0
0
VERTEX
8
P02848
10
176.529998
20
155.786658
30
0.0
0
SEQEND
0
POLYLINE
8
P02849
66
1
70
0
0
VERTEX
8
P02849
10
164.591999
20
175.767997
30
0.0
0
VERTEX
8
P02849
10
123.613331
20
175.767997
30
0.0
0
VERTEX
8
P02849
10
164.591999
20
175.767997
30
0.0
0
SEQEND
0
POLYLINE
8
P02850
66
1
70
0
0
VERTEX
8
P02850
10
68.579998
20
155.786658
30
0.0
0
VERTEX
8
P02850
10
68.579998
20
175.767997
30
0.0
0
VERTEX
8
P02850
10
68.579998
20
155.786658
30
0.0
0
SEQEND
0
POLYLINE
8
P02851
66
1
70
0
0
VERTEX
8
P02851
10
168.571332
20
175.767997
30
0.0
0
VERTEX
8
P02851
10
164.591999
20
175.767997
30
0.0
0
VERTEX
8
P02851
10
168.571332
20
175.767997
30
0.0
0
SEQEND
0
POLYLINE
8
P02852
66
1
70
0
0
VERTEX
8
P02852
10
68.579998
20
155.786658
30
0.0
0
VERTEX
8
P02852
10
64.600665
20
155.786658
30
0.0
0
VERTEX
8
P02852
10
68.579998
20
155.786658
30
0.0
0
SEQEND
0
POLYLINE
8
P02853
66
1
70
0
0
VERTEX
8
P02853
10
68.579998
20
175.767997
30
0.0
0
VERTEX
8
P02853
10
64.600665
20
175.767997
30
0.0
0
VERTEX
8
P02853
10
68.579998
20
175.767997
30
0.0
0
SEQEND
0
POLYLINE
8
P02854
66
1
70
0
0
VERTEX
8
P02854
10
168.571332
20
155.786658
30
0.0
0
VERTEX
8
P02854
10
164.591999
20
155.786658
30
0.0
0
VERTEX
8
P02854
10
168.571332
20
155.786658
30
0.0
0
SEQEND
0
POLYLINE
8
P02855
66
1
70
0
0
VERTEX
8
P02855
10
123.613331
20
175.767997
30
0.0
0
VERTEX
8
P02855
10
116.585993
20
175.767997
30
0.0
0
VERTEX
8
P02855
10
123.613331
20
175.767997
30
0.0
0
SEQEND
0
POLYLINE
8
P02856
66
1
70
0
0
VERTEX
8
P02856
10
116.585993
20
175.767997
30
0.0
0
VERTEX
8
P02856
10
109.474003
20
175.767997
30
0.0
0
VERTEX
8
P02856
10
116.585993
20
175.767997
30
0.0
0
SEQEND
0
POLYLINE
8
P02857
66
1
70
0
0
VERTEX
8
P02857
10
116.585993
20
155.786658
30
0.0
0
VERTEX
8
P02857
10
109.474003
20
155.786658
30
0.0
0
VERTEX
8
P02857
10
116.585993
20
155.786658
30
0.0
0
SEQEND
0
POLYLINE
8
P02858
66
1
70
0
0
VERTEX
8
P02858
10
123.613331
20
155.786658
30
0.0
0
VERTEX
8
P02858
10
116.585993
20
155.786658
30
0.0
0
VERTEX
8
P02858
10
123.613331
20
155.786658
30
0.0
0
SEQEND
0
POLYLINE
8
P02859
66
1
70
0
0
VERTEX
8
P02859
10
116.585993
20
155.786658
30
0.0
0
VERTEX
8
P02859
10
116.585993
20
175.767997
30
0.0
0
VERTEX
8
P02859
10
116.585993
20
155.786658
30
0.0
0
SEQEND
0
POLYLINE
8
P02860
66
1
70
0
0
VERTEX
8
P02860
10
166.539329
20
153.754665
30
0.0
0
VERTEX
8
P02860
10
166.539329
20
163.321997
30
0.0
0
VERTEX
8
P02860
10
166.539329
20
153.754665
30
0.0
0
SEQEND
0
POLYLINE
8
P02861
66
1
70
0
0
VERTEX
8
P02861
10
166.539329
20
164.846000
30
0.0
0
VERTEX
8
P02861
10
166.539329
20
166.708666
30
0.0
0
VERTEX
8
P02861
10
166.539329
20
164.846000
30
0.0
0
SEQEND
0
POLYLINE
8
P02862
66
1
70
0
0
VERTEX
8
P02862
10
166.539329
20
168.232658
30
0.0
0
VERTEX
8
P02862
10
166.539329
20
177.800000
30
0.0
0
VERTEX
8
P02862
10
166.539329
20
168.232658
30
0.0
0
SEQEND
0
POLYLINE
8
P02863
66
1
70
0
0
VERTEX
8
P02863
10
66.548000
20
153.754665
30
0.0
0
VERTEX
8
P02863
10
66.548000
20
163.321997
30
0.0
0
VERTEX
8
P02863
10
66.548000
20
153.754665
30
0.0
0
SEQEND
0
POLYLINE
8
P02864
66
1
70
0
0
VERTEX
8
P02864
10
66.548000
20
164.846000
30
0.0
0
VERTEX
8
P02864
10
66.548000
20
166.708666
30
0.0
0
VERTEX
8
P02864
10
66.548000
20
164.846000
30
0.0
0
SEQEND
0
POLYLINE
8
P02865
66
1
70
0
0
VERTEX
8
P02865
10
66.548000
20
168.232658
30
0.0
0
VERTEX
8
P02865
10
66.548000
20
177.800000
30
0.0
0
VERTEX
8
P02865
10
66.548000
20
168.232658
30
0.0
0
SEQEND
0
POLYLINE
8
P02866
66
1
70
0
0
VERTEX
8
P02866
10
175.937334
20
155.786658
30
0.0
0
VERTEX
8
P02866
10
176.529998
20
156.379333
30
0.0
0
VERTEX
8
P02866
10
175.937334
20
155.786658
30
0.0
0
SEQEND
0
POLYLINE
8
P02867
66
1
70
0
0
VERTEX
8
P02867
10
173.143329
20
155.786658
30
0.0
0
VERTEX
8
P02867
10
176.529998
20
159.257990
30
0.0
0
VERTEX
8
P02867
10
173.143329
20
155.786658
30
0.0
0
SEQEND
0
POLYLINE
8
P02868
66
1
70
0
0
VERTEX
8
P02868
10
170.349324
20
155.786658
30
0.0
0
VERTEX
8
P02868
10
176.529998
20
162.051995
30
0.0
0
VERTEX
8
P02868
10
170.349324
20
155.786658
30
0.0
0
SEQEND
0
POLYLINE
8
P02869
66
1
70
0
0
VERTEX
8
P02869
10
168.571332
20
156.887334
30
0.0
0
VERTEX
8
P02869
10
176.529998
20
164.846000
30
0.0
0
VERTEX
8
P02869
10
168.571332
20
156.887334
30
0.0
0
SEQEND
0
POLYLINE
8
P02870
66
1
70
0
0
VERTEX
8
P02870
10
168.571332
20
159.681328
30
0.0
0
VERTEX
8
P02870
10
176.529998
20
167.724657
30
0.0
0
VERTEX
8
P02870
10
168.571332
20
159.681328
30
0.0
0
SEQEND
0
POLYLINE
8
P02871
66
1
70
0
0
VERTEX
8
P02871
10
168.571332
20
162.559996
30
0.0
0
VERTEX
8
P02871
10
176.529998
20
170.518661
30
0.0
0
VERTEX
8
P02871
10
168.571332
20
162.559996
30
0.0
0
SEQEND
0
POLYLINE
8
P02872
66
1
70
0
0
VERTEX
8
P02872
10
161.797994
20
155.786658
30
0.0
0
VERTEX
8
P02872
10
164.591999
20
158.496000
30
0.0
0
VERTEX
8
P02872
10
161.797994
20
155.786658
30
0.0
0
SEQEND
0
POLYLINE
8
P02873
66
1
70
0
0
VERTEX
8
P02873
10
159.004000
20
155.786658
30
0.0
0
VERTEX
8
P02873
10
164.591999
20
161.374657
30
0.0
0
VERTEX
8
P02873
10
159.004000
20
155.786658
30
0.0
0
SEQEND
0
POLYLINE
8
P02874
66
1
70
0
0
VERTEX
8
P02874
10
168.571332
20
165.354000
30
0.0
0
VERTEX
8
P02874
10
176.529998
20
173.397329
30
0.0
0
VERTEX
8
P02874
10
168.571332
20
165.354000
30
0.0
0
SEQEND
0
POLYLINE
8
P02875
66
1
70
0
0
VERTEX
8
P02875
10
168.571332
20
168.232658
30
0.0
0
VERTEX
8
P02875
10
176.191334
20
175.767997
30
0.0
0
VERTEX
8
P02875
10
168.571332
20
168.232658
30
0.0
0
SEQEND
0
POLYLINE
8
P02876
66
1
70
0
0
VERTEX
8
P02876
10
156.125332
20
155.786658
30
0.0
0
VERTEX
8
P02876
10
164.591999
20
164.168661
30
0.0
0
VERTEX
8
P02876
10
156.125332
20
155.786658
30
0.0
0
SEQEND
0
POLYLINE
8
P02877
66
1
70
0
0
VERTEX
8
P02877
10
153.331328
20
155.786658
30
0.0
0
VERTEX
8
P02877
10
164.591999
20
167.047329
30
0.0
0
VERTEX
8
P02877
10
153.331328
20
155.786658
30
0.0
0
SEQEND
0
POLYLINE
8
P02878
66
1
70
0
0
VERTEX
8
P02878
10
168.571332
20
171.026662
30
0.0
0
VERTEX
8
P02878
10
173.312666
20
175.767997
30
0.0
0
VERTEX
8
P02878
10
168.571332
20
171.026662
30
0.0
0
SEQEND
0
POLYLINE
8
P02879
66
1
70
0
0
VERTEX
8
P02879
10
168.571332
20
173.820656
30
0.0
0
VERTEX
8
P02879
10
170.518661
20
175.767997
30
0.0
0
VERTEX
8
P02879
10
168.571332
20
173.820656
30
0.0
0
SEQEND
0
POLYLINE
8
P02880
66
1
70
0
0
VERTEX
8
P02880
10
150.537334
20
155.786658
30
0.0
0
VERTEX
8
P02880
10
164.591999
20
169.841323
30
0.0
0
VERTEX
8
P02880
10
150.537334
20
155.786658
30
0.0
0
SEQEND
0
POLYLINE
8
P02881
66
1
70
0
0
VERTEX
8
P02881
10
147.658666
20
155.786658
30
0.0
0
VERTEX
8
P02881
10
164.591999
20
172.635328
30
0.0
0
VERTEX
8
P02881
10
147.658666
20
155.786658
30
0.0
0
SEQEND
0
POLYLINE
8
P02882
66
1
70
0
0
VERTEX
8
P02882
10
144.864661
20
155.786658
30
0.0
0
VERTEX
8
P02882
10
164.591999
20
175.513996
30
0.0
0
VERTEX
8
P02882
10
144.864661
20
155.786658
30
0.0
0
SEQEND
0
POLYLINE
8
P02883
66
1
70
0
0
VERTEX
8
P02883
10
141.985993
20
155.786658
30
0.0
0
VERTEX
8
P02883
10
162.051995
20
175.767997
30
0.0
0
VERTEX
8
P02883
10
141.985993
20
155.786658
30
0.0
0
SEQEND
0
POLYLINE
8
P02884
66
1
70
0
0
VERTEX
8
P02884
10
139.191999
20
155.786658
30
0.0
0
VERTEX
8
P02884
10
159.173327
20
175.767997
30
0.0
0
VERTEX
8
P02884
10
139.191999
20
155.786658
30
0.0
0
SEQEND
0
POLYLINE
8
P02885
66
1
70
0
0
VERTEX
8
P02885
10
136.397994
20
155.786658
30
0.0
0
VERTEX
8
P02885
10
156.379333
20
175.767997
30
0.0
0
VERTEX
8
P02885
10
136.397994
20
155.786658
30
0.0
0
SEQEND
0
POLYLINE
8
P02886
66
1
70
0
0
VERTEX
8
P02886
10
133.519326
20
155.786658
30
0.0
0
VERTEX
8
P02886
10
153.500665
20
175.767997
30
0.0
0
VERTEX
8
P02886
10
133.519326
20
155.786658
30
0.0
0
SEQEND
0
POLYLINE
8
P02887
66
1
70
0
0
VERTEX
8
P02887
10
130.725332
20
155.786658
30
0.0
0
VERTEX
8
P02887
10
150.706660
20
175.767997
30
0.0
0
VERTEX
8
P02887
10
130.725332
20
155.786658
30
0.0
0
SEQEND
0
POLYLINE
8
P02888
66
1
70
0
0
VERTEX
8
P02888
10
127.846665
20
155.786658
30
0.0
0
VERTEX
8
P02888
10
147.912666
20
175.767997
30
0.0
0
VERTEX
8
P02888
10
127.846665
20
155.786658
30
0.0
0
SEQEND
0
POLYLINE
8
P02889
66
1
70
0
0
VERTEX
8
P02889
10
125.052660
20
155.786658
30
0.0
0
VERTEX
8
P02889
10
145.033998
20
175.767997
30
0.0
0
VERTEX
8
P02889
10
125.052660
20
155.786658
30
0.0
0
SEQEND
0
POLYLINE
8
P02890
66
1
70
0
0
VERTEX
8
P02890
10
123.613331
20
157.225997
30
0.0
0
VERTEX
8
P02890
10
142.239994
20
175.767997
30
0.0
0
VERTEX
8
P02890
10
123.613331
20
157.225997
30
0.0
0
SEQEND
0
POLYLINE
8
P02891
66
1
70
0
0
VERTEX
8
P02891
10
123.613331
20
160.019991
30
0.0
0
VERTEX
8
P02891
10
139.361326
20
175.767997
30
0.0
0
VERTEX
8
P02891
10
123.613331
20
160.019991
30
0.0
0
SEQEND
0
POLYLINE
8
P02892
66
1
70
0
0
VERTEX
8
P02892
10
123.613331
20
162.898659
30
0.0
0
VERTEX
8
P02892
10
136.567332
20
175.767997
30
0.0
0
VERTEX
8
P02892
10
123.613331
20
162.898659
30
0.0
0
SEQEND
0
POLYLINE
8
P02893
66
1
70
0
0
VERTEX
8
P02893
10
123.613331
20
165.692664
30
0.0
0
VERTEX
8
P02893
10
133.773327
20
175.767997
30
0.0
0
VERTEX
8
P02893
10
123.613331
20
165.692664
30
0.0
0
SEQEND
0
POLYLINE
8
P02894
66
1
70
0
0
VERTEX
8
P02894
10
123.613331
20
168.486658
30
0.0
0
VERTEX
8
P02894
10
130.894659
20
175.767997
30
0.0
0
VERTEX
8
P02894
10
123.613331
20
168.486658
30
0.0
0
SEQEND
0
POLYLINE
8
P02895
66
1
70
0
0
VERTEX
8
P02895
10
108.119326
20
155.786658
30
0.0
0
VERTEX
8
P02895
10
109.474003
20
157.225997
30
0.0
0
VERTEX
8
P02895
10
108.119326
20
155.786658
30
0.0
0
SEQEND
0
POLYLINE
8
P02896
66
1
70
0
0
VERTEX
8
P02896
10
123.613331
20
171.365326
30
0.0
0
VERTEX
8
P02896
10
128.100665
20
175.767997
30
0.0
0
VERTEX
8
P02896
10
123.613331
20
171.365326
30
0.0
0
SEQEND
0
POLYLINE
8
P02897
66
1
70
0
0
VERTEX
8
P02897
10
123.613331
20
174.159331
30
0.0
0
VERTEX
8
P02897
10
125.221997
20
175.767997
30
0.0
0
VERTEX
8
P02897
10
123.613331
20
174.159331
30
0.0
0
SEQEND
0
POLYLINE
8
P02898
66
1
70
0
0
VERTEX
8
P02898
10
105.240669
20
155.786658
30
0.0
0
VERTEX
8
P02898
10
109.474003
20
160.019991
30
0.0
0
VERTEX
8
P02898
10
105.240669
20
155.786658
30
0.0
0
SEQEND
0
POLYLINE
8
P02899
66
1
70
0
0
VERTEX
8
P02899
10
102.446665
20
155.786658
30
0.0
0
VERTEX
8
P02899
10
109.474003
20
162.898659
30
0.0
0
VERTEX
8
P02899
10
102.446665
20
155.786658
30
0.0
0
SEQEND
0
POLYLINE
8
P02900
66
1
70
0
0
VERTEX
8
P02900
10
99.567997
20
155.786658
30
0.0
0
VERTEX
8
P02900
10
109.474003
20
165.692664
30
0.0
0
VERTEX
8
P02900
10
99.567997
20
155.786658
30
0.0
0
SEQEND
0
POLYLINE
8
P02901
66
1
70
0
0
VERTEX
8
P02901
10
96.774003
20
155.786658
30
0.0
0
VERTEX
8
P02901
10
109.474003
20
168.486658
30
0.0
0
VERTEX
8
P02901
10
96.774003
20
155.786658
30
0.0
0
SEQEND
0
POLYLINE
8
P02902
66
1
70
0
0
VERTEX
8
P02902
10
93.979998
20
155.786658
30
0.0
0
VERTEX
8
P02902
10
109.474003
20
171.365326
30
0.0
0
VERTEX
8
P02902
10
93.979998
20
155.786658
30
0.0
0
SEQEND
0
POLYLINE
8
P02903
66
1
70
0
0
VERTEX
8
P02903
10
91.101330
20
155.786658
30
0.0
0
VERTEX
8
P02903
10
109.474003
20
174.159331
30
0.0
0
VERTEX
8
P02903
10
91.101330
20
155.786658
30
0.0
0
SEQEND
0
POLYLINE
8
P02904
66
1
70
0
0
VERTEX
8
P02904
10
88.307331
20
155.786658
30
0.0
0
VERTEX
8
P02904
10
108.288664
20
175.767997
30
0.0
0
VERTEX
8
P02904
10
88.307331
20
155.786658
30
0.0
0
SEQEND
0
POLYLINE
8
P02905
66
1
70
0
0
VERTEX
8
P02905
10
85.428663
20
155.786658
30
0.0
0
VERTEX
8
P02905
10
105.494670
20
175.767997
30
0.0
0
VERTEX
8
P02905
10
85.428663
20
155.786658
30
0.0
0
SEQEND
0
POLYLINE
8
P02906
66
1
70
0
0
VERTEX
8
P02906
10
82.634663
20
155.786658
30
0.0
0
VERTEX
8
P02906
10
102.616002
20
175.767997
30
0.0
0
VERTEX
8
P02906
10
82.634663
20
155.786658
30
0.0
0
SEQEND
0
POLYLINE
8
P02907
66
1
70
0
0
VERTEX
8
P02907
10
79.756001
20
155.786658
30
0.0
0
VERTEX
8
P02907
10
99.821997
20
175.767997
30
0.0
0
VERTEX
8
P02907
10
79.756001
20
155.786658
30
0.0
0
SEQEND
0
POLYLINE
8
P02908
66
1
70
0
0
VERTEX
8
P02908
10
76.961996
20
155.786658
30
0.0
0
VERTEX
8
P02908
10
96.943329
20
175.767997
30
0.0
0
VERTEX
8
P02908
10
76.961996
20
155.786658
30
0.0
0
SEQEND
0
POLYLINE
8
P02909
66
1
70
0
0
VERTEX
8
P02909
10
74.167997
20
155.786658
30
0.0
0
VERTEX
8
P02909
10
94.149335
20
175.767997
30
0.0
0
VERTEX
8
P02909
10
74.167997
20
155.786658
30
0.0
0
SEQEND
0
POLYLINE
8
P02910
66
1
70
0
0
VERTEX
8
P02910
10
71.289334
20
155.786658
30
0.0
0
VERTEX
8
P02910
10
91.270667
20
175.767997
30
0.0
0
VERTEX
8
P02910
10
71.289334
20
155.786658
30
0.0
0
SEQEND
0
POLYLINE
8
P02911
66
1
70
0
0
VERTEX
8
P02911
10
68.579998
20
155.871332
30
0.0
0
VERTEX
8
P02911
10
88.476662
20
175.767997
30
0.0
0
VERTEX
8
P02911
10
68.579998
20
155.871332
30
0.0
0
SEQEND
0
POLYLINE
8
P02912
66
1
70
0
0
VERTEX
8
P02912
10
68.579998
20
158.665326
30
0.0
0
VERTEX
8
P02912
10
85.682663
20
175.767997
30
0.0
0
VERTEX
8
P02912
10
68.579998
20
158.665326
30
0.0
0
SEQEND
0
POLYLINE
8
P02913
66
1
70
0
0
VERTEX
8
P02913
10
62.822667
20
155.786658
30
0.0
0
VERTEX
8
P02913
10
64.600665
20
157.564661
30
0.0
0
VERTEX
8
P02913
10
62.822667
20
155.786658
30
0.0
0
SEQEND
0
POLYLINE
8
P02914
66
1
70
0
0
VERTEX
8
P02914
10
68.579998
20
161.543994
30
0.0
0
VERTEX
8
P02914
10
82.804000
20
175.767997
30
0.0
0
VERTEX
8
P02914
10
68.579998
20
161.543994
30
0.0
0
SEQEND
0
POLYLINE
8
P02915
66
1
70
0
0
VERTEX
8
P02915
10
68.579998
20
164.337999
30
0.0
0
VERTEX
8
P02915
10
80.009996
20
175.767997
30
0.0
0
VERTEX
8
P02915
10
68.579998
20
164.337999
30
0.0
0
SEQEND
0
POLYLINE
8
P02916
66
1
70
0
0
VERTEX
8
P02916
10
60.028668
20
155.786658
30
0.0
0
VERTEX
8
P02916
10
64.600665
20
160.358666
30
0.0
0
VERTEX
8
P02916
10
60.028668
20
155.786658
30
0.0
0
SEQEND
0
POLYLINE
8
P02917
66
1
70
0
0
VERTEX
8
P02917
10
57.150000
20
155.786658
30
0.0
0
VERTEX
8
P02917
10
64.600665
20
163.152660
30
0.0
0
VERTEX
8
P02917
10
57.150000
20
155.786658
30
0.0
0
SEQEND
0
POLYLINE
8
P02918
66
1
70
0
0
VERTEX
8
P02918
10
68.579998
20
167.216667
30
0.0
0
VERTEX
8
P02918
10
77.131333
20
175.767997
30
0.0
0
VERTEX
8
P02918
10
68.579998
20
167.216667
30
0.0
0
SEQEND
0
POLYLINE
8
P02919
66
1
70
0
0
VERTEX
8
P02919
10
68.579998
20
170.010661
30
0.0
0
VERTEX
8
P02919
10
74.337334
20
175.767997
30
0.0
0
VERTEX
8
P02919
10
68.579998
20
170.010661
30
0.0
0
SEQEND
0
POLYLINE
8
P02920
66
1
70
0
0
VERTEX
8
P02920
10
56.557331
20
157.987999
30
0.0
0
VERTEX
8
P02920
10
64.600665
20
166.031328
30
0.0
0
VERTEX
8
P02920
10
56.557331
20
157.987999
30
0.0
0
SEQEND
0
POLYLINE
8
P02921
66
1
70
0
0
VERTEX
8
P02921
10
56.557331
20
160.866667
30
0.0
0
VERTEX
8
P02921
10
64.600665
20
168.825332
30
0.0
0
VERTEX
8
P02921
10
56.557331
20
160.866667
30
0.0
0
SEQEND
0
POLYLINE
8
P02922
66
1
70
0
0
VERTEX
8
P02922
10
68.579998
20
172.804665
30
0.0
0
VERTEX
8
P02922
10
71.543334
20
175.767997
30
0.0
0
VERTEX
8
P02922
10
68.579998
20
172.804665
30
0.0
0
SEQEND
0
POLYLINE
8
P02923
66
1
70
0
0
VERTEX
8
P02923
10
68.579998
20
175.683333
30
0.0
0
VERTEX
8
P02923
10
68.664666
20
175.767997
30
0.0
0
VERTEX
8
P02923
10
68.579998
20
175.683333
30
0.0
0
SEQEND
0
POLYLINE
8
P02924
66
1
70
0
0
VERTEX
8
P02924
10
56.557331
20
163.660661
30
0.0
0
VERTEX
8
P02924
10
64.600665
20
171.704000
30
0.0
0
VERTEX
8
P02924
10
56.557331
20
163.660661
30
0.0
0
SEQEND
0
POLYLINE
8
P02925
66
1
70
0
0
VERTEX
8
P02925
10
56.557331
20
166.539329
30
0.0
0
VERTEX
8
P02925
10
64.600665
20
174.497994
30
0.0
0
VERTEX
8
P02925
10
56.557331
20
166.539329
30
0.0
0
SEQEND
0
POLYLINE
8
P02926
66
1
70
0
0
VERTEX
8
P02926
10
56.557331
20
169.333333
30
0.0
0
VERTEX
8
P02926
10
62.991999
20
175.767997
30
0.0
0
VERTEX
8
P02926
10
56.557331
20
169.333333
30
0.0
0
SEQEND
0
POLYLINE
8
P02927
66
1
70
0
0
VERTEX
8
P02927
10
56.557331
20
172.127327
30
0.0
0
VERTEX
8
P02927
10
60.198000
20
175.767997
30
0.0
0
VERTEX
8
P02927
10
56.557331
20
172.127327
30
0.0
0
SEQEND
0
POLYLINE
8
P02928
66
1
70
0
0
VERTEX
8
P02928
10
56.557331
20
175.005995
30
0.0
0
VERTEX
8
P02928
10
57.404000
20
175.767997
30
0.0
0
VERTEX
8
P02928
10
56.557331
20
175.005995
30
0.0
0
SEQEND
0
POLYLINE
8
P02929
66
1
70
0
0
VERTEX
8
P02929
10
175.937334
20
155.786658
30
0.0
0
VERTEX
8
P02929
10
176.529998
20
156.379333
30
0.0
0
VERTEX
8
P02929
10
175.937334
20
155.786658
30
0.0
0
SEQEND
0
POLYLINE
8
P02930
66
1
70
0
0
VERTEX
8
P02930
10
173.143329
20
155.786658
30
0.0
0
VERTEX
8
P02930
10
176.529998
20
159.257990
30
0.0
0
VERTEX
8
P02930
10
173.143329
20
155.786658
30
0.0
0
SEQEND
0
POLYLINE
8
P02931
66
1
70
0
0
VERTEX
8
P02931
10
170.349324
20
155.786658
30
0.0
0
VERTEX
8
P02931
10
176.529998
20
162.051995
30
0.0
0
VERTEX
8
P02931
10
170.349324
20
155.786658
30
0.0
0
SEQEND
0
POLYLINE
8
P02932
66
1
70
0
0
VERTEX
8
P02932
10
168.571332
20
156.887334
30
0.0
0
VERTEX
8
P02932
10
176.529998
20
164.846000
30
0.0
0
VERTEX
8
P02932
10
168.571332
20
156.887334
30
0.0
0
SEQEND
0
POLYLINE
8
P02933
66
1
70
0
0
VERTEX
8
P02933
10
168.571332
20
159.681328
30
0.0
0
VERTEX
8
P02933
10
176.529998
20
167.724657
30
0.0
0
VERTEX
8
P02933
10
168.571332
20
159.681328
30
0.0
0
SEQEND
0
POLYLINE
8
P02934
66
1
70
0
0
VERTEX
8
P02934
10
168.571332
20
162.559996
30
0.0
0
VERTEX
8
P02934
10
176.529998
20
170.518661
30
0.0
0
VERTEX
8
P02934
10
168.571332
20
162.559996
30
0.0
0
SEQEND
0
POLYLINE
8
P02935
66
1
70
0
0
VERTEX
8
P02935
10
161.797994
20
155.786658
30
0.0
0
VERTEX
8
P02935
10
164.591999
20
158.496000
30
0.0
0
VERTEX
8
P02935
10
161.797994
20
155.786658
30
0.0
0
SEQEND
0
POLYLINE
8
P02936
66
1
70
0
0
VERTEX
8
P02936
10
159.004000
20
155.786658
30
0.0
0
VERTEX
8
P02936
10
164.591999
20
161.374657
30
0.0
0
VERTEX
8
P02936
10
159.004000
20
155.786658
30
0.0
0
SEQEND
0
POLYLINE
8
P02937
66
1
70
0
0
VERTEX
8
P02937
10
168.571332
20
165.354000
30
0.0
0
VERTEX
8
P02937
10
176.529998
20
173.397329
30
0.0
0
VERTEX
8
P02937
10
168.571332
20
165.354000
30
0.0
0
SEQEND
0
POLYLINE
8
P02938
66
1
70
0
0
VERTEX
8
P02938
10
168.571332
20
168.232658
30
0.0
0
VERTEX
8
P02938
10
176.191334
20
175.767997
30
0.0
0
VERTEX
8
P02938
10
168.571332
20
168.232658
30
0.0
0
SEQEND
0
POLYLINE
8
P02939
66
1
70
0
0
VERTEX
8
P02939
10
156.125332
20
155.786658
30
0.0
0
VERTEX
8
P02939
10
164.591999
20
164.168661
30
0.0
0
VERTEX
8
P02939
10
156.125332
20
155.786658
30
0.0
0
SEQEND
0
POLYLINE
8
P02940
66
1
70
0
0
VERTEX
8
P02940
10
153.331328
20
155.786658
30
0.0
0
VERTEX
8
P02940
10
164.591999
20
167.047329
30
0.0
0
VERTEX
8
P02940
10
153.331328
20
155.786658
30
0.0
0
SEQEND
0
POLYLINE
8
P02941
66
1
70
0
0
VERTEX
8
P02941
10
168.571332
20
171.026662
30
0.0
0
VERTEX
8
P02941
10
173.312666
20
175.767997
30
0.0
0
VERTEX
8
P02941
10
168.571332
20
171.026662
30
0.0
0
SEQEND
0
POLYLINE
8
P02942
66
1
70
0
0
VERTEX
8
P02942
10
168.571332
20
173.820656
30
0.0
0
VERTEX
8
P02942
10
170.518661
20
175.767997
30
0.0
0
VERTEX
8
P02942
10
168.571332
20
173.820656
30
0.0
0
SEQEND
0
POLYLINE
8
P02943
66
1
70
0
0
VERTEX
8
P02943
10
150.537334
20
155.786658
30
0.0
0
VERTEX
8
P02943
10
164.591999
20
169.841323
30
0.0
0
VERTEX
8
P02943
10
150.537334
20
155.786658
30
0.0
0
SEQEND
0
POLYLINE
8
P02944
66
1
70
0
0
VERTEX
8
P02944
10
147.658666
20
155.786658
30
0.0
0
VERTEX
8
P02944
10
164.591999
20
172.635328
30
0.0
0
VERTEX
8
P02944
10
147.658666
20
155.786658
30
0.0
0
SEQEND
0
POLYLINE
8
P02945
66
1
70
0
0
VERTEX
8
P02945
10
144.864661
20
155.786658
30
0.0
0
VERTEX
8
P02945
10
164.591999
20
175.513996
30
0.0
0
VERTEX
8
P02945
10
144.864661
20
155.786658
30
0.0
0
SEQEND
0
POLYLINE
8
P02946
66
1
70
0
0
VERTEX
8
P02946
10
141.985993
20
155.786658
30
0.0
0
VERTEX
8
P02946
10
162.051995
20
175.767997
30
0.0
0
VERTEX
8
P02946
10
141.985993
20
155.786658
30
0.0
0
SEQEND
0
POLYLINE
8
P02947
66
1
70
0
0
VERTEX
8
P02947
10
139.191999
20
155.786658
30
0.0
0
VERTEX
8
P02947
10
159.173327
20
175.767997
30
0.0
0
VERTEX
8
P02947
10
139.191999
20
155.786658
30
0.0
0
SEQEND
0
POLYLINE
8
P02948
66
1
70
0
0
VERTEX
8
P02948
10
136.397994
20
155.786658
30
0.0
0
VERTEX
8
P02948
10
156.379333
20
175.767997
30
0.0
0
VERTEX
8
P02948
10
136.397994
20
155.786658
30
0.0
0
SEQEND
0
POLYLINE
8
P02949
66
1
70
0
0
VERTEX
8
P02949
10
133.519326
20
155.786658
30
0.0
0
VERTEX
8
P02949
10
153.500665
20
175.767997
30
0.0
0
VERTEX
8
P02949
10
133.519326
20
155.786658
30
0.0
0
SEQEND
0
POLYLINE
8
P02950
66
1
70
0
0
VERTEX
8
P02950
10
130.725332
20
155.786658
30
0.0
0
VERTEX
8
P02950
10
150.706660
20
175.767997
30
0.0
0
VERTEX
8
P02950
10
130.725332
20
155.786658
30
0.0
0
SEQEND
0
POLYLINE
8
P02951
66
1
70
0
0
VERTEX
8
P02951
10
127.846665
20
155.786658
30
0.0
0
VERTEX
8
P02951
10
147.912666
20
175.767997
30
0.0
0
VERTEX
8
P02951
10
127.846665
20
155.786658
30
0.0
0
SEQEND
0
POLYLINE
8
P02952
66
1
70
0
0
VERTEX
8
P02952
10
125.052660
20
155.786658
30
0.0
0
VERTEX
8
P02952
10
145.033998
20
175.767997
30
0.0
0
VERTEX
8
P02952
10
125.052660
20
155.786658
30
0.0
0
SEQEND
0
POLYLINE
8
P02953
66
1
70
0
0
VERTEX
8
P02953
10
123.613331
20
157.225997
30
0.0
0
VERTEX
8
P02953
10
142.239994
20
175.767997
30
0.0
0
VERTEX
8
P02953
10
123.613331
20
157.225997
30
0.0
0
SEQEND
0
POLYLINE
8
P02954
66
1
70
0
0
VERTEX
8
P02954
10
123.613331
20
160.019991
30
0.0
0
VERTEX
8
P02954
10
139.361326
20
175.767997
30
0.0
0
VERTEX
8
P02954
10
123.613331
20
160.019991
30
0.0
0
SEQEND
0
POLYLINE
8
P02955
66
1
70
0
0
VERTEX
8
P02955
10
123.613331
20
162.898659
30
0.0
0
VERTEX
8
P02955
10
136.567332
20
175.767997
30
0.0
0
VERTEX
8
P02955
10
123.613331
20
162.898659
30
0.0
0
SEQEND
0
POLYLINE
8
P02956
66
1
70
0
0
VERTEX
8
P02956
10
123.613331
20
165.692664
30
0.0
0
VERTEX
8
P02956
10
133.773327
20
175.767997
30
0.0
0
VERTEX
8
P02956
10
123.613331
20
165.692664
30
0.0
0
SEQEND
0
POLYLINE
8
P02957
66
1
70
0
0
VERTEX
8
P02957
10
123.613331
20
168.486658
30
0.0
0
VERTEX
8
P02957
10
130.894659
20
175.767997
30
0.0
0
VERTEX
8
P02957
10
123.613331
20
168.486658
30
0.0
0
SEQEND
0
POLYLINE
8
P02958
66
1
70
0
0
VERTEX
8
P02958
10
108.119326
20
155.786658
30
0.0
0
VERTEX
8
P02958
10
109.474003
20
157.225997
30
0.0
0
VERTEX
8
P02958
10
108.119326
20
155.786658
30
0.0
0
SEQEND
0
POLYLINE
8
P02959
66
1
70
0
0
VERTEX
8
P02959
10
123.613331
20
171.365326
30
0.0
0
VERTEX
8
P02959
10
128.100665
20
175.767997
30
0.0
0
VERTEX
8
P02959
10
123.613331
20
171.365326
30
0.0
0
SEQEND
0
POLYLINE
8
P02960
66
1
70
0
0
VERTEX
8
P02960
10
123.613331
20
174.159331
30
0.0
0
VERTEX
8
P02960
10
125.221997
20
175.767997
30
0.0
0
VERTEX
8
P02960
10
123.613331
20
174.159331
30
0.0
0
SEQEND
0
POLYLINE
8
P02961
66
1
70
0
0
VERTEX
8
P02961
10
105.240669
20
155.786658
30
0.0
0
VERTEX
8
P02961
10
109.474003
20
160.019991
30
0.0
0
VERTEX
8
P02961
10
105.240669
20
155.786658
30
0.0
0
SEQEND
0
POLYLINE
8
P02962
66
1
70
0
0
VERTEX
8
P02962
10
102.446665
20
155.786658
30
0.0
0
VERTEX
8
P02962
10
109.474003
20
162.898659
30
0.0
0
VERTEX
8
P02962
10
102.446665
20
155.786658
30
0.0
0
SEQEND
0
POLYLINE
8
P02963
66
1
70
0
0
VERTEX
8
P02963
10
99.567997
20
155.786658
30
0.0
0
VERTEX
8
P02963
10
109.474003
20
165.692664
30
0.0
0
VERTEX
8
P02963
10
99.567997
20
155.786658
30
0.0
0
SEQEND
0
POLYLINE
8
P02964
66
1
70
0
0
VERTEX
8
P02964
10
96.774003
20
155.786658
30
0.0
0
VERTEX
8
P02964
10
109.474003
20
168.486658
30
0.0
0
VERTEX
8
P02964
10
96.774003
20
155.786658
30
0.0
0
SEQEND
0
POLYLINE
8
P02965
66
1
70
0
0
VERTEX
8
P02965
10
93.979998
20
155.786658
30
0.0
0
VERTEX
8
P02965
10
109.474003
20
171.365326
30
0.0
0
VERTEX
8
P02965
10
93.979998
20
155.786658
30
0.0
0
SEQEND
0
POLYLINE
8
P02966
66
1
70
0
0
VERTEX
8
P02966
10
91.101330
20
155.786658
30
0.0
0
VERTEX
8
P02966
10
109.474003
20
174.159331
30
0.0
0
VERTEX
8
P02966
10
91.101330
20
155.786658
30
0.0
0
SEQEND
0
POLYLINE
8
P02967
66
1
70
0
0
VERTEX
8
P02967
10
88.307331
20
155.786658
30
0.0
0
VERTEX
8
P02967
10
108.288664
20
175.767997
30
0.0
0
VERTEX
8
P02967
10
88.307331
20
155.786658
30
0.0
0
SEQEND
0
POLYLINE
8
P02968
66
1
70
0
0
VERTEX
8
P02968
10
85.428663
20
155.786658
30
0.0
0
VERTEX
8
P02968
10
105.494670
20
175.767997
30
0.0
0
VERTEX
8
P02968
10
85.428663
20
155.786658
30
0.0
0
SEQEND
0
POLYLINE
8
P02969
66
1
70
0
0
VERTEX
8
P02969
10
82.634663
20
155.786658
30
0.0
0
VERTEX
8
P02969
10
102.616002
20
175.767997
30
0.0
0
VERTEX
8
P02969
10
82.634663
20
155.786658
30
0.0
0
SEQEND
0
POLYLINE
8
P02970
66
1
70
0
0
VERTEX
8
P02970
10
79.756001
20
155.786658
30
0.0
0
VERTEX
8
P02970
10
99.821997
20
175.767997
30
0.0
0
VERTEX
8
P02970
10
79.756001
20
155.786658
30
0.0
0
SEQEND
0
POLYLINE
8
P02971
66
1
70
0
0
VERTEX
8
P02971
10
76.961996
20
155.786658
30
0.0
0
VERTEX
8
P02971
10
96.943329
20
175.767997
30
0.0
0
VERTEX
8
P02971
10
76.961996
20
155.786658
30
0.0
0
SEQEND
0
POLYLINE
8
P02972
66
1
70
0
0
VERTEX
8
P02972
10
74.167997
20
155.786658
30
0.0
0
VERTEX
8
P02972
10
94.149335
20
175.767997
30
0.0
0
VERTEX
8
P02972
10
74.167997
20
155.786658
30
0.0
0
SEQEND
0
POLYLINE
8
P02973
66
1
70
0
0
VERTEX
8
P02973
10
71.289334
20
155.786658
30
0.0
0
VERTEX
8
P02973
10
91.270667
20
175.767997
30
0.0
0
VERTEX
8
P02973
10
71.289334
20
155.786658
30
0.0
0
SEQEND
0
POLYLINE
8
P02974
66
1
70
0
0
VERTEX
8
P02974
10
68.579998
20
155.871332
30
0.0
0
VERTEX
8
P02974
10
88.476662
20
175.767997
30
0.0
0
VERTEX
8
P02974
10
68.579998
20
155.871332
30
0.0
0
SEQEND
0
POLYLINE
8
P02975
66
1
70
0
0
VERTEX
8
P02975
10
68.579998
20
158.665326
30
0.0
0
VERTEX
8
P02975
10
85.682663
20
175.767997
30
0.0
0
VERTEX
8
P02975
10
68.579998
20
158.665326
30
0.0
0
SEQEND
0
POLYLINE
8
P02976
66
1
70
0
0
VERTEX
8
P02976
10
62.822667
20
155.786658
30
0.0
0
VERTEX
8
P02976
10
64.600665
20
157.564661
30
0.0
0
VERTEX
8
P02976
10
62.822667
20
155.786658
30
0.0
0
SEQEND
0
POLYLINE
8
P02977
66
1
70
0
0
VERTEX
8
P02977
10
68.579998
20
161.543994
30
0.0
0
VERTEX
8
P02977
10
82.804000
20
175.767997
30
0.0
0
VERTEX
8
P02977
10
68.579998
20
161.543994
30
0.0
0
SEQEND
0
POLYLINE
8
P02978
66
1
70
0
0
VERTEX
8
P02978
10
68.579998
20
164.337999
30
0.0
0
VERTEX
8
P02978
10
80.009996
20
175.767997
30
0.0
0
VERTEX
8
P02978
10
68.579998
20
164.337999
30
0.0
0
SEQEND
0
POLYLINE
8
P02979
66
1
70
0
0
VERTEX
8
P02979
10
60.028668
20
155.786658
30
0.0
0
VERTEX
8
P02979
10
64.600665
20
160.358666
30
0.0
0
VERTEX
8
P02979
10
60.028668
20
155.786658
30
0.0
0
SEQEND
0
POLYLINE
8
P02980
66
1
70
0
0
VERTEX
8
P02980
10
57.150000
20
155.786658
30
0.0
0
VERTEX
8
P02980
10
64.600665
20
163.152660
30
0.0
0
VERTEX
8
P02980
10
57.150000
20
155.786658
30
0.0
0
SEQEND
0
POLYLINE
8
P02981
66
1
70
0
0
VERTEX
8
P02981
10
68.579998
20
167.216667
30
0.0
0
VERTEX
8
P02981
10
77.131333
20
175.767997
30
0.0
0
VERTEX
8
P02981
10
68.579998
20
167.216667
30
0.0
0
SEQEND
0
POLYLINE
8
P02982
66
1
70
0
0
VERTEX
8
P02982
10
68.579998
20
170.010661
30
0.0
0
VERTEX
8
P02982
10
74.337334
20
175.767997
30
0.0
0
VERTEX
8
P02982
10
68.579998
20
170.010661
30
0.0
0
SEQEND
0
POLYLINE
8
P02983
66
1
70
0
0
VERTEX
8
P02983
10
56.557331
20
157.987999
30
0.0
0
VERTEX
8
P02983
10
64.600665
20
166.031328
30
0.0
0
VERTEX
8
P02983
10
56.557331
20
157.987999
30
0.0
0
SEQEND
0
POLYLINE
8
P02984
66
1
70
0
0
VERTEX
8
P02984
10
56.557331
20
160.866667
30
0.0
0
VERTEX
8
P02984
10
64.600665
20
168.825332
30
0.0
0
VERTEX
8
P02984
10
56.557331
20
160.866667
30
0.0
0
SEQEND
0
POLYLINE
8
P02985
66
1
70
0
0
VERTEX
8
P02985
10
68.579998
20
172.804665
30
0.0
0
VERTEX
8
P02985
10
71.543334
20
175.767997
30
0.0
0
VERTEX
8
P02985
10
68.579998
20
172.804665
30
0.0
0
SEQEND
0
POLYLINE
8
P02986
66
1
70
0
0
VERTEX
8
P02986
10
68.579998
20
175.683333
30
0.0
0
VERTEX
8
P02986
10
68.664666
20
175.767997
30
0.0
0
VERTEX
8
P02986
10
68.579998
20
175.683333
30
0.0
0
SEQEND
0
POLYLINE
8
P02987
66
1
70
0
0
VERTEX
8
P02987
10
56.557331
20
163.660661
30
0.0
0
VERTEX
8
P02987
10
64.600665
20
171.704000
30
0.0
0
VERTEX
8
P02987
10
56.557331
20
163.660661
30
0.0
0
SEQEND
0
POLYLINE
8
P02988
66
1
70
0
0
VERTEX
8
P02988
10
56.557331
20
166.539329
30
0.0
0
VERTEX
8
P02988
10
64.600665
20
174.497994
30
0.0
0
VERTEX
8
P02988
10
56.557331
20
166.539329
30
0.0
0
SEQEND
0
POLYLINE
8
P02989
66
1
70
0
0
VERTEX
8
P02989
10
56.557331
20
169.333333
30
0.0
0
VERTEX
8
P02989
10
62.991999
20
175.767997
30
0.0
0
VERTEX
8
P02989
10
56.557331
20
169.333333
30
0.0
0
SEQEND
0
POLYLINE
8
P02990
66
1
70
0
0
VERTEX
8
P02990
10
56.557331
20
172.127327
30
0.0
0
VERTEX
8
P02990
10
60.198000
20
175.767997
30
0.0
0
VERTEX
8
P02990
10
56.557331
20
172.127327
30
0.0
0
SEQEND
0
POLYLINE
8
P02991
66
1
70
0
0
VERTEX
8
P02991
10
56.557331
20
175.005995
30
0.0
0
VERTEX
8
P02991
10
57.404000
20
175.767997
30
0.0
0
VERTEX
8
P02991
10
56.557331
20
175.005995
30
0.0
0
SEQEND
0
POLYLINE
8
P02992
66
1
70
0
0
VERTEX
8
P02992
10
116.585993
20
172.804665
30
0.0
0
VERTEX
8
P02992
10
116.585993
20
153.754665
30
0.0
0
VERTEX
8
P02992
10
116.585993
20
172.804665
30
0.0
0
SEQEND
0
POLYLINE
8
P02993
66
1
70
0
0
VERTEX
8
P02993
10
168.063331
20
155.786658
30
0.0
0
VERTEX
8
P02993
10
203.200000
20
155.786658
30
0.0
0
VERTEX
8
P02993
10
168.063331
20
155.786658
30
0.0
0
SEQEND
0
POLYLINE
8
P02994
66
1
70
0
0
VERTEX
8
P02994
10
168.063331
20
170.772662
30
0.0
0
VERTEX
8
P02994
10
203.200000
20
170.772662
30
0.0
0
VERTEX
8
P02994
10
168.063331
20
170.772662
30
0.0
0
SEQEND
0
POLYLINE
8
P02995
66
1
70
0
0
VERTEX
8
P02995
10
61.552665
20
155.786658
30
0.0
0
VERTEX
8
P02995
10
61.552665
20
126.746000
30
0.0
0
VERTEX
8
P02995
10
61.552665
20
155.786658
30
0.0
0
SEQEND
0
POLYLINE
8
P02996
66
1
70
0
0
VERTEX
8
P02996
10
171.534663
20
155.786658
30
0.0
0
VERTEX
8
P02996
10
171.534663
20
126.746000
30
0.0
0
VERTEX
8
P02996
10
171.534663
20
155.786658
30
0.0
0
SEQEND
0
POLYLINE
8
P02997
66
1
70
0
0
VERTEX
8
P02997
10
168.063331
20
163.321997
30
0.0
0
VERTEX
8
P02997
10
168.063331
20
182.287323
30
0.0
0
VERTEX
8
P02997
10
168.063331
20
163.321997
30
0.0
0
SEQEND
0
POLYLINE
8
P02998
66
1
70
0
0
VERTEX
8
P02998
10
175.090658
20
180.255330
30
0.0
0
VERTEX
8
P02998
10
180.085993
20
180.255330
30
0.0
0
VERTEX
8
P02998
10
175.090658
20
180.255330
30
0.0
0
SEQEND
0
POLYLINE
8
P02999
66
1
70
0
0
VERTEX
8
P02999
10
175.090658
20
163.321997
30
0.0
0
VERTEX
8
P02999
10
175.090658
20
182.287323
30
0.0
0
VERTEX
8
P02999
10
175.090658
20
163.321997
30
0.0
0
SEQEND
0
POLYLINE
8
P03000
66
1
70
0
0
VERTEX
8
P03000
10
180.001330
20
180.255330
30
0.0
0
VERTEX
8
P03000
10
192.193329
20
180.255330
30
0.0
0
VERTEX
8
P03000
10
180.001330
20
180.255330
30
0.0
0
SEQEND
0
POLYLINE
8
P03001
66
1
70
0
0
VERTEX
8
P03001
10
46.566667
20
163.321997
30
0.0
0
VERTEX
8
P03001
10
46.566667
20
126.746000
30
0.0
0
VERTEX
8
P03001
10
46.566667
20
163.321997
30
0.0
0
SEQEND
0
POLYLINE
8
P03002
66
1
70
0
0
VERTEX
8
P03002
10
46.566667
20
128.693329
30
0.0
0
VERTEX
8
P03002
10
41.655998
20
128.693329
30
0.0
0
VERTEX
8
P03002
10
46.566667
20
128.693329
30
0.0
0
SEQEND
0
POLYLINE
8
P03003
66
1
70
0
0
VERTEX
8
P03003
10
58.081333
20
163.321997
30
0.0
0
VERTEX
8
P03003
10
58.081333
20
126.746000
30
0.0
0
VERTEX
8
P03003
10
58.081333
20
163.321997
30
0.0
0
SEQEND
0
POLYLINE
8
P03004
66
1
70
0
0
VERTEX
8
P03004
10
41.655998
20
128.693329
30
0.0
0
VERTEX
8
P03004
10
24.553333
20
128.693329
30
0.0
0
VERTEX
8
P03004
10
41.655998
20
128.693329
30
0.0
0
SEQEND
0
POLYLINE
8
P03005
66
1
70
0
0
VERTEX
8
P03005
10
109.474003
20
155.786658
30
0.0
0
VERTEX
8
P03005
10
109.474003
20
141.816667
30
0.0
0
VERTEX
8
P03005
10
109.474003
20
155.786658
30
0.0
0
SEQEND
0
POLYLINE
8
P03006
66
1
70
0
0
VERTEX
8
P03006
10
109.474003
20
143.848659
30
0.0
0
VERTEX
8
P03006
10
104.563331
20
143.848659
30
0.0
0
VERTEX
8
P03006
10
109.474003
20
143.848659
30
0.0
0
SEQEND
0
POLYLINE
8
P03007
66
1
70
0
0
VERTEX
8
P03007
10
123.613331
20
155.786658
30
0.0
0
VERTEX
8
P03007
10
123.613331
20
141.816667
30
0.0
0
VERTEX
8
P03007
10
123.613331
20
155.786658
30
0.0
0
SEQEND
0
POLYLINE
8
P03008
66
1
70
0
0
VERTEX
8
P03008
10
104.563331
20
143.848659
30
0.0
0
VERTEX
8
P03008
10
84.158666
20
143.848659
30
0.0
0
VERTEX
8
P03008
10
104.563331
20
143.848659
30
0.0
0
SEQEND
0
POLYLINE
8
P03009
66
1
70
0
0
VERTEX
8
P03009
10
106.679998
20
189.568661
30
0.0
0
VERTEX
8
P03009
10
126.491999
20
189.568661
30
0.0
0
SEQEND
0
POLYLINE
8
P03010
66
1
70
0
0
VERTEX
8
P03010
10
106.679998
20
189.483998
30
0.0
0
VERTEX
8
P03010
10
126.491999
20
189.483998
30
0.0
0
SEQEND
0
POLYLINE
8
P03011
66
1
70
0
0
VERTEX
8
P03011
10
106.679998
20
189.399324
30
0.0
0
VERTEX
8
P03011
10
126.491999
20
189.399324
30
0.0
0
SEQEND
0
POLYLINE
8
P03012
66
1
70
0
0
VERTEX
8
P03012
10
106.679998
20
189.314661
30
0.0
0
VERTEX
8
P03012
10
126.491999
20
189.314661
30
0.0
0
SEQEND
0
POLYLINE
8
P03013
66
1
70
0
0
VERTEX
8
P03013
10
106.679998
20
189.229998
30
0.0
0
VERTEX
8
P03013
10
126.491999
20
189.229998
30
0.0
0
SEQEND
0
POLYLINE
8
P03014
66
1
70
0
0
VERTEX
8
P03014
10
106.679998
20
189.145324
30
0.0
0
VERTEX
8
P03014
10
126.491999
20
189.145324
30
0.0
0
SEQEND
0
POLYLINE
8
P03015
66
1
70
0
0
VERTEX
8
P03015
10
106.679998
20
189.060661
30
0.0
0
VERTEX
8
P03015
10
126.491999
20
189.060661
30
0.0
0
SEQEND
0
POLYLINE
8
P03016
66
1
70
0
0
VERTEX
8
P03016
10
106.679998
20
188.975997
30
0.0
0
VERTEX
8
P03016
10
126.491999
20
188.975997
30
0.0
0
SEQEND
0
POLYLINE
8
P03017
66
1
70
0
0
VERTEX
8
P03017
10
106.679998
20
188.891323
30
0.0
0
VERTEX
8
P03017
10
126.491999
20
188.891323
30
0.0
0
SEQEND
0
POLYLINE
8
P03018
66
1
70
0
0
VERTEX
8
P03018
10
106.679998
20
188.806660
30
0.0
0
VERTEX
8
P03018
10
126.491999
20
188.806660
30
0.0
0
SEQEND
0
POLYLINE
8
P03019
66
1
70
0
0
VERTEX
8
P03019
10
106.679998
20
188.721997
30
0.0
0
VERTEX
8
P03019
10
126.491999
20
188.721997
30
0.0
0
SEQEND
0
POLYLINE
8
P03020
66
1
70
0
0
VERTEX
8
P03020
10
106.679998
20
188.637323
30
0.0
0
VERTEX
8
P03020
10
126.491999
20
188.637323
30
0.0
0
SEQEND
0
POLYLINE
8
P03021
66
1
70
0
0
VERTEX
8
P03021
10
106.679998
20
188.552660
30
0.0
0
VERTEX
8
P03021
10
126.491999
20
188.552660
30
0.0
0
SEQEND
0
POLYLINE
8
P03022
66
1
70
0
0
VERTEX
8
P03022
10
106.679998
20
188.467997
30
0.0
0
VERTEX
8
P03022
10
126.491999
20
188.467997
30
0.0
0
SEQEND
0
POLYLINE
8
P03023
66
1
70
0
0
VERTEX
8
P03023
10
106.679998
20
188.383333
30
0.0
0
VERTEX
8
P03023
10
126.491999
20
188.383333
30
0.0
0
SEQEND
0
POLYLINE
8
P03024
66
1
70
0
0
VERTEX
8
P03024
10
106.679998
20
188.298659
30
0.0
0
VERTEX
8
P03024
10
126.491999
20
188.298659
30
0.0
0
SEQEND
0
POLYLINE
8
P03025
66
1
70
0
0
VERTEX
8
P03025
10
106.679998
20
188.213996
30
0.0
0
VERTEX
8
P03025
10
126.491999
20
188.213996
30
0.0
0
SEQEND
0
POLYLINE
8
P03026
66
1
70
0
0
VERTEX
8
P03026
10
106.679998
20
188.129333
30
0.0
0
VERTEX
8
P03026
10
126.491999
20
188.129333
30
0.0
0
SEQEND
0
POLYLINE
8
P03027
66
1
70
0
0
VERTEX
8
P03027
10
106.679998
20
188.044659
30
0.0
0
VERTEX
8
P03027
10
126.491999
20
188.044659
30
0.0
0
SEQEND
0
POLYLINE
8
P03028
66
1
70
0
0
VERTEX
8
P03028
10
106.679998
20
187.959996
30
0.0
0
VERTEX
8
P03028
10
126.491999
20
187.959996
30
0.0
0
SEQEND
0
POLYLINE
8
P03029
66
1
70
0
0
VERTEX
8
P03029
10
106.679998
20
187.875332
30
0.0
0
VERTEX
8
P03029
10
126.491999
20
187.875332
30
0.0
0
SEQEND
0
POLYLINE
8
P03030
66
1
70
0
0
VERTEX
8
P03030
10
106.679998
20
187.790658
30
0.0
0
VERTEX
8
P03030
10
126.491999
20
187.790658
30
0.0
0
SEQEND
0
POLYLINE
8
P03031
66
1
70
0
0
VERTEX
8
P03031
10
106.679998
20
187.705995
30
0.0
0
VERTEX
8
P03031
10
126.491999
20
187.705995
30
0.0
0
SEQEND
0
POLYLINE
8
P03032
66
1
70
0
0
VERTEX
8
P03032
10
106.679998
20
187.621332
30
0.0
0
VERTEX
8
P03032
10
126.491999
20
187.621332
30
0.0
0
SEQEND
0
POLYLINE
8
P03033
66
1
70
0
0
VERTEX
8
P03033
10
106.679998
20
187.536658
30
0.0
0
VERTEX
8
P03033
10
126.491999
20
187.536658
30
0.0
0
SEQEND
0
POLYLINE
8
P03034
66
1
70
0
0
VERTEX
8
P03034
10
106.679998
20
187.451995
30
0.0
0
VERTEX
8
P03034
10
126.491999
20
187.451995
30
0.0
0
SEQEND
0
POLYLINE
8
P03035
66
1
70
0
0
VERTEX
8
P03035
10
106.679998
20
187.367332
30
0.0
0
VERTEX
8
P03035
10
126.491999
20
187.367332
30
0.0
0
SEQEND
0
POLYLINE
8
P03036
66
1
70
0
0
VERTEX
8
P03036
10
106.679998
20
187.282658
30
0.0
0
VERTEX
8
P03036
10
126.491999
20
187.282658
30
0.0
0
SEQEND
0
POLYLINE
8
P03037
66
1
70
0
0
VERTEX
8
P03037
10
106.679998
20
187.197994
30
0.0
0
VERTEX
8
P03037
10
126.491999
20
187.197994
30
0.0
0
SEQEND
0
POLYLINE
8
P03038
66
1
70
0
0
VERTEX
8
P03038
10
106.679998
20
187.113331
30
0.0
0
VERTEX
8
P03038
10
126.491999
20
187.113331
30
0.0
0
SEQEND
0
POLYLINE
8
P03039
66
1
70
0
0
VERTEX
8
P03039
10
106.679998
20
187.028657
30
0.0
0
VERTEX
8
P03039
10
126.491999
20
187.028657
30
0.0
0
SEQEND
0
POLYLINE
8
P03040
66
1
70
0
0
VERTEX
8
P03040
10
106.679998
20
186.943994
30
0.0
0
VERTEX
8
P03040
10
126.491999
20
186.943994
30
0.0
0
SEQEND
0
POLYLINE
8
P03041
66
1
70
0
0
VERTEX
8
P03041
10
106.679998
20
186.859331
30
0.0
0
VERTEX
8
P03041
10
126.491999
20
186.859331
30
0.0
0
SEQEND
0
POLYLINE
8
P03042
66
1
70
0
0
VERTEX
8
P03042
10
106.679998
20
186.774657
30
0.0
0
VERTEX
8
P03042
10
126.491999
20
186.774657
30
0.0
0
SEQEND
0
POLYLINE
8
P03043
66
1
70
0
0
VERTEX
8
P03043
10
106.679998
20
186.689994
30
0.0
0
VERTEX
8
P03043
10
126.491999
20
186.689994
30
0.0
0
SEQEND
0
POLYLINE
8
P03044
66
1
70
0
0
VERTEX
8
P03044
10
106.679998
20
186.605330
30
0.0
0
VERTEX
8
P03044
10
126.491999
20
186.605330
30
0.0
0
SEQEND
0
POLYLINE
8
P03045
66
1
70
0
0
VERTEX
8
P03045
10
106.679998
20
186.520656
30
0.0
0
VERTEX
8
P03045
10
126.491999
20
186.520656
30
0.0
0
SEQEND
0
POLYLINE
8
P03046
66
1
70
0
0
VERTEX
8
P03046
10
106.679998
20
186.435993
30
0.0
0
VERTEX
8
P03046
10
126.491999
20
186.435993
30
0.0
0
SEQEND
0
POLYLINE
8
P03047
66
1
70
0
0
VERTEX
8
P03047
10
106.679998
20
186.351330
30
0.0
0
VERTEX
8
P03047
10
126.491999
20
186.351330
30
0.0
0
SEQEND
0
POLYLINE
8
P03048
66
1
70
0
0
VERTEX
8
P03048
10
106.679998
20
186.266667
30
0.0
0
VERTEX
8
P03048
10
126.491999
20
186.266667
30
0.0
0
SEQEND
0
POLYLINE
8
P03049
66
1
70
0
0
VERTEX
8
P03049
10
106.679998
20
186.181993
30
0.0
0
VERTEX
8
P03049
10
126.491999
20
186.181993
30
0.0
0
SEQEND
0
POLYLINE
8
P03050
66
1
70
0
0
VERTEX
8
P03050
10
106.679998
20
186.097329
30
0.0
0
VERTEX
8
P03050
10
126.491999
20
186.097329
30
0.0
0
SEQEND
0
POLYLINE
8
P03051
66
1
70
0
0
VERTEX
8
P03051
10
106.679998
20
186.012666
30
0.0
0
VERTEX
8
P03051
10
126.491999
20
186.012666
30
0.0
0
SEQEND
0
POLYLINE
8
P03052
66
1
70
0
0
VERTEX
8
P03052
10
106.679998
20
185.927992
30
0.0
0
VERTEX
8
P03052
10
126.491999
20
185.927992
30
0.0
0
SEQEND
0
POLYLINE
8
P03053
66
1
70
0
0
VERTEX
8
P03053
10
106.679998
20
185.843329
30
0.0
0
VERTEX
8
P03053
10
126.491999
20
185.843329
30
0.0
0
SEQEND
0
POLYLINE
8
P03054
66
1
70
0
0
VERTEX
8
P03054
10
106.679998
20
185.758666
30
0.0
0
VERTEX
8
P03054
10
126.491999
20
185.758666
30
0.0
0
SEQEND
0
POLYLINE
8
P03055
66
1
70
0
0
VERTEX
8
P03055
10
106.679998
20
185.673992
30
0.0
0
VERTEX
8
P03055
10
126.491999
20
185.673992
30
0.0
0
SEQEND
0
POLYLINE
8
P03056
66
1
70
0
0
VERTEX
8
P03056
10
106.679998
20
185.589329
30
0.0
0
VERTEX
8
P03056
10
126.491999
20
185.589329
30
0.0
0
SEQEND
0
POLYLINE
8
P03057
66
1
70
0
0
VERTEX
8
P03057
10
106.679998
20
185.504665
30
0.0
0
VERTEX
8
P03057
10
126.491999
20
185.504665
30
0.0
0
SEQEND
0
POLYLINE
8
P03058
66
1
70
0
0
VERTEX
8
P03058
10
106.679998
20
185.419991
30
0.0
0
VERTEX
8
P03058
10
126.491999
20
185.419991
30
0.0
0
SEQEND
0
POLYLINE
8
P03059
66
1
70
0
0
VERTEX
8
P03059
10
106.679998
20
185.335328
30
0.0
0
VERTEX
8
P03059
10
126.491999
20
185.335328
30
0.0
0
SEQEND
0
POLYLINE
8
P03060
66
1
70
0
0
VERTEX
8
P03060
10
106.679998
20
185.250665
30
0.0
0
VERTEX
8
P03060
10
126.491999
20
185.250665
30
0.0
0
SEQEND
0
POLYLINE
8
P03061
66
1
70
0
0
VERTEX
8
P03061
10
106.679998
20
185.165991
30
0.0
0
VERTEX
8
P03061
10
126.491999
20
185.165991
30
0.0
0
SEQEND
0
POLYLINE
8
P03062
66
1
70
0
0
VERTEX
8
P03062
10
106.679998
20
185.081328
30
0.0
0
VERTEX
8
P03062
10
126.491999
20
185.081328
30
0.0
0
SEQEND
0
POLYLINE
8
P03063
66
1
70
0
0
VERTEX
8
P03063
10
106.679998
20
184.996665
30
0.0
0
VERTEX
8
P03063
10
126.491999
20
184.996665
30
0.0
0
SEQEND
0
POLYLINE
8
P03064
66
1
70
0
0
VERTEX
8
P03064
10
106.679998
20
184.911991
30
0.0
0
VERTEX
8
P03064
10
126.491999
20
184.911991
30
0.0
0
SEQEND
0
POLYLINE
8
P03065
66
1
70
0
0
VERTEX
8
P03065
10
106.679998
20
184.827327
30
0.0
0
VERTEX
8
P03065
10
126.491999
20
184.827327
30
0.0
0
SEQEND
0
POLYLINE
8
P03066
66
1
70
0
0
VERTEX
8
P03066
10
106.679998
20
184.742664
30
0.0
0
VERTEX
8
P03066
10
126.491999
20
184.742664
30
0.0
0
SEQEND
0
POLYLINE
8
P03067
66
1
70
0
0
VERTEX
8
P03067
10
106.679998
20
184.657990
30
0.0
0
VERTEX
8
P03067
10
126.491999
20
184.657990
30
0.0
0
SEQEND
0
POLYLINE
8
P03068
66
1
70
0
0
VERTEX
8
P03068
10
106.679998
20
184.573327
30
0.0
0
VERTEX
8
P03068
10
126.491999
20
184.573327
30
0.0
0
SEQEND
0
POLYLINE
8
P03069
66
1
70
0
0
VERTEX
8
P03069
10
106.679998
20
184.488664
30
0.0
0
VERTEX
8
P03069
10
126.491999
20
184.488664
30
0.0
0
SEQEND
0
POLYLINE
8
P03070
66
1
70
0
0
VERTEX
8
P03070
10
106.679998
20
184.403990
30
0.0
0
VERTEX
8
P03070
10
126.491999
20
184.403990
30
0.0
0
SEQEND
0
POLYLINE
8
P03071
66
1
70
0
0
VERTEX
8
P03071
10
106.679998
20
184.319326
30
0.0
0
VERTEX
8
P03071
10
126.491999
20
184.319326
30
0.0
0
SEQEND
0
POLYLINE
8
P03072
66
1
70
0
0
VERTEX
8
P03072
10
106.679998
20
184.234663
30
0.0
0
VERTEX
8
P03072
10
126.491999
20
184.234663
30
0.0
0
SEQEND
0
POLYLINE
8
P03073
66
1
70
0
0
VERTEX
8
P03073
10
106.679998
20
184.150000
30
0.0
0
VERTEX
8
P03073
10
126.491999
20
184.150000
30
0.0
0
SEQEND
0
POLYLINE
8
P03074
66
1
70
0
0
VERTEX
8
P03074
10
106.679998
20
184.065326
30
0.0
0
VERTEX
8
P03074
10
126.491999
20
184.065326
30
0.0
0
SEQEND
0
POLYLINE
8
P03075
66
1
70
0
0
VERTEX
8
P03075
10
106.679998
20
183.980663
30
0.0
0
VERTEX
8
P03075
10
126.491999
20
183.980663
30
0.0
0
SEQEND
0
POLYLINE
8
P03076
66
1
70
0
0
VERTEX
8
P03076
10
106.679998
20
183.896000
30
0.0
0
VERTEX
8
P03076
10
126.491999
20
183.896000
30
0.0
0
SEQEND
0
POLYLINE
8
P03077
66
1
70
0
0
VERTEX
8
P03077
10
106.679998
20
183.811326
30
0.0
0
VERTEX
8
P03077
10
126.491999
20
183.811326
30
0.0
0
SEQEND
0
POLYLINE
8
P03078
66
1
70
0
0
VERTEX
8
P03078
10
106.679998
20
183.726662
30
0.0
0
VERTEX
8
P03078
10
126.491999
20
183.726662
30
0.0
0
SEQEND
0
POLYLINE
8
P03079
66
1
70
0
0
VERTEX
8
P03079
10
106.679998
20
183.641999
30
0.0
0
VERTEX
8
P03079
10
126.491999
20
183.641999
30
0.0
0
SEQEND
0
POLYLINE
8
P03080
66
1
70
0
0
VERTEX
8
P03080
10
106.679998
20
183.557325
30
0.0
0
VERTEX
8
P03080
10
126.491999
20
183.557325
30
0.0
0
SEQEND
0
POLYLINE
8
P03081
66
1
70
0
0
VERTEX
8
P03081
10
106.679998
20
183.472662
30
0.0
0
VERTEX
8
P03081
10
126.491999
20
183.472662
30
0.0
0
SEQEND
0
POLYLINE
8
P03082
66
1
70
0
0
VERTEX
8
P03082
10
106.679998
20
183.387999
30
0.0
0
VERTEX
8
P03082
10
126.491999
20
183.387999
30
0.0
0
SEQEND
0
POLYLINE
8
P03083
66
1
70
0
0
VERTEX
8
P03083
10
106.679998
20
183.303325
30
0.0
0
VERTEX
8
P03083
10
126.491999
20
183.303325
30
0.0
0
SEQEND
0
POLYLINE
8
P03084
66
1
70
0
0
VERTEX
8
P03084
10
106.679998
20
183.218661
30
0.0
0
VERTEX
8
P03084
10
126.491999
20
183.218661
30
0.0
0
SEQEND
0
POLYLINE
8
P03085
66
1
70
0
0
VERTEX
8
P03085
10
106.679998
20
183.133998
30
0.0
0
VERTEX
8
P03085
10
126.491999
20
183.133998
30
0.0
0
SEQEND
0
POLYLINE
8
P03086
66
1
70
0
0
VERTEX
8
P03086
10
106.679998
20
183.049324
30
0.0
0
VERTEX
8
P03086
10
126.491999
20
183.049324
30
0.0
0
SEQEND
0
POLYLINE
8
P03087
66
1
70
0
0
VERTEX
8
P03087
10
106.679998
20
182.964661
30
0.0
0
VERTEX
8
P03087
10
126.491999
20
182.964661
30
0.0
0
SEQEND
0
POLYLINE
8
P03088
66
1
70
0
0
VERTEX
8
P03088
10
106.679998
20
182.879998
30
0.0
0
VERTEX
8
P03088
10
126.491999
20
182.879998
30
0.0
0
SEQEND
0
POLYLINE
8
P03089
66
1
70
0
0
VERTEX
8
P03089
10
106.679998
20
182.795324
30
0.0
0
VERTEX
8
P03089
10
126.491999
20
182.795324
30
0.0
0
SEQEND
0
POLYLINE
8
P03090
66
1
70
0
0
VERTEX
8
P03090
10
106.679998
20
182.710661
30
0.0
0
VERTEX
8
P03090
10
126.491999
20
182.710661
30
0.0
0
SEQEND
0
POLYLINE
8
P03091
66
1
70
0
0
VERTEX
8
P03091
10
106.679998
20
182.625997
30
0.0
0
VERTEX
8
P03091
10
126.491999
20
182.625997
30
0.0
0
SEQEND
0
POLYLINE
8
P03092
66
1
70
0
0
VERTEX
8
P03092
10
106.679998
20
182.541323
30
0.0
0
VERTEX
8
P03092
10
126.491999
20
182.541323
30
0.0
0
SEQEND
0
POLYLINE
8
P03093
66
1
70
0
0
VERTEX
8
P03093
10
106.679998
20
182.456660
30
0.0
0
VERTEX
8
P03093
10
126.491999
20
182.456660
30
0.0
0
SEQEND
0
POLYLINE
8
P03094
66
1
70
0
0
VERTEX
8
P03094
10
106.679998
20
182.371997
30
0.0
0
VERTEX
8
P03094
10
126.491999
20
182.371997
30
0.0
0
SEQEND
0
POLYLINE
8
P03095
66
1
70
0
0
VERTEX
8
P03095
10
106.679998
20
182.287323
30
0.0
0
VERTEX
8
P03095
10
126.491999
20
182.287323
30
0.0
0
SEQEND
0
POLYLINE
8
P03096
66
1
70
0
0
VERTEX
8
P03096
10
106.679998
20
182.202660
30
0.0
0
VERTEX
8
P03096
10
126.491999
20
182.202660
30
0.0
0
SEQEND
0
POLYLINE
8
P03097
66
1
70
0
0
VERTEX
8
P03097
10
106.679998
20
182.117997
30
0.0
0
VERTEX
8
P03097
10
126.491999
20
182.117997
30
0.0
0
SEQEND
0
POLYLINE
8
P03098
66
1
70
0
0
VERTEX
8
P03098
10
106.679998
20
182.033333
30
0.0
0
VERTEX
8
P03098
10
126.491999
20
182.033333
30
0.0
0
SEQEND
0
POLYLINE
8
P03099
66
1
70
0
0
VERTEX
8
P03099
10
106.679998
20
181.948659
30
0.0
0
VERTEX
8
P03099
10
126.491999
20
181.948659
30
0.0
0
SEQEND
0
POLYLINE
8
P03100
66
1
70
0
0
VERTEX
8
P03100
10
106.679998
20
181.863996
30
0.0
0
VERTEX
8
P03100
10
126.491999
20
181.863996
30
0.0
0
SEQEND
0
POLYLINE
8
P03101
66
1
70
0
0
VERTEX
8
P03101
10
106.679998
20
181.779333
30
0.0
0
VERTEX
8
P03101
10
126.491999
20
181.779333
30
0.0
0
SEQEND
0
POLYLINE
8
P03102
66
1
70
0
0
VERTEX
8
P03102
10
106.679998
20
181.694659
30
0.0
0
VERTEX
8
P03102
10
126.491999
20
181.694659
30
0.0
0
SEQEND
0
POLYLINE
8
P03103
66
1
70
0
0
VERTEX
8
P03103
10
106.679998
20
181.609996
30
0.0
0
VERTEX
8
P03103
10
126.491999
20
181.609996
30
0.0
0
SEQEND
0
POLYLINE
8
P03104
66
1
70
0
0
VERTEX
8
P03104
10
106.679998
20
181.525332
30
0.0
0
VERTEX
8
P03104
10
126.491999
20
181.525332
30
0.0
0
SEQEND
0
POLYLINE
8
P03105
66
1
70
0
0
VERTEX
8
P03105
10
106.679998
20
181.440658
30
0.0
0
VERTEX
8
P03105
10
126.491999
20
181.440658
30
0.0
0
SEQEND
0
POLYLINE
8
P03106
66
1
70
0
0
VERTEX
8
P03106
10
106.679998
20
181.355995
30
0.0
0
VERTEX
8
P03106
10
126.491999
20
181.355995
30
0.0
0
SEQEND
0
POLYLINE
8
P03107
66
1
70
0
0
VERTEX
8
P03107
10
106.679998
20
181.271332
30
0.0
0
VERTEX
8
P03107
10
126.491999
20
181.271332
30
0.0
0
SEQEND
0
POLYLINE
8
P03108
66
1
70
0
0
VERTEX
8
P03108
10
106.679998
20
181.186658
30
0.0
0
VERTEX
8
P03108
10
126.491999
20
181.186658
30
0.0
0
SEQEND
0
POLYLINE
8
P03109
66
1
70
0
0
VERTEX
8
P03109
10
106.679998
20
181.101995
30
0.0
0
VERTEX
8
P03109
10
126.491999
20
181.101995
30
0.0
0
SEQEND
0
POLYLINE
8
P03110
66
1
70
0
0
VERTEX
8
P03110
10
106.679998
20
181.017332
30
0.0
0
VERTEX
8
P03110
10
126.491999
20
181.017332
30
0.0
0
SEQEND
0
POLYLINE
8
P03111
66
1
70
0
0
VERTEX
8
P03111
10
106.679998
20
180.932658
30
0.0
0
VERTEX
8
P03111
10
126.491999
20
180.932658
30
0.0
0
SEQEND
0
POLYLINE
8
P03112
66
1
70
0
0
VERTEX
8
P03112
10
106.679998
20
180.847994
30
0.0
0
VERTEX
8
P03112
10
126.491999
20
180.847994
30
0.0
0
SEQEND
0
POLYLINE
8
P03113
66
1
70
0
0
VERTEX
8
P03113
10
106.679998
20
180.763331
30
0.0
0
VERTEX
8
P03113
10
126.491999
20
180.763331
30
0.0
0
SEQEND
0
POLYLINE
8
P03114
66
1
70
0
0
VERTEX
8
P03114
10
106.679998
20
180.678657
30
0.0
0
VERTEX
8
P03114
10
126.491999
20
180.678657
30
0.0
0
SEQEND
0
POLYLINE
8
P03115
66
1
70
0
0
VERTEX
8
P03115
10
106.679998
20
180.593994
30
0.0
0
VERTEX
8
P03115
10
126.491999
20
180.593994
30
0.0
0
SEQEND
0
POLYLINE
8
P03116
66
1
70
0
0
VERTEX
8
P03116
10
106.679998
20
180.509331
30
0.0
0
VERTEX
8
P03116
10
126.491999
20
180.509331
30
0.0
0
SEQEND
0
POLYLINE
8
P03117
66
1
70
0
0
VERTEX
8
P03117
10
106.679998
20
180.424657
30
0.0
0
VERTEX
8
P03117
10
126.491999
20
180.424657
30
0.0
0
SEQEND
0
POLYLINE
8
P03118
66
1
70
0
0
VERTEX
8
P03118
10
106.679998
20
180.339994
30
0.0
0
VERTEX
8
P03118
10
126.491999
20
180.339994
30
0.0
0
SEQEND
0
POLYLINE
8
P03119
66
1
70
0
0
VERTEX
8
P03119
10
106.679998
20
180.255330
30
0.0
0
VERTEX
8
P03119
10
126.491999
20
180.255330
30
0.0
0
SEQEND
0
POLYLINE
8
P03120
66
1
70
0
0
VERTEX
8
P03120
10
106.679998
20
180.170656
30
0.0
0
VERTEX
8
P03120
10
126.491999
20
180.170656
30
0.0
0
SEQEND
0
POLYLINE
8
P03121
66
1
70
0
0
VERTEX
8
P03121
10
106.679998
20
180.085993
30
0.0
0
VERTEX
8
P03121
10
126.491999
20
180.085993
30
0.0
0
SEQEND
0
POLYLINE
8
P03122
66
1
70
0
0
VERTEX
8
P03122
10
106.679998
20
180.001330
30
0.0
0
VERTEX
8
P03122
10
126.491999
20
180.001330
30
0.0
0
SEQEND
0
POLYLINE
8
P03123
66
1
70
0
0
VERTEX
8
P03123
10
106.679998
20
179.916667
30
0.0
0
VERTEX
8
P03123
10
126.491999
20
179.916667
30
0.0
0
SEQEND
0
POLYLINE
8
P03124
66
1
70
0
0
VERTEX
8
P03124
10
106.679998
20
179.831993
30
0.0
0
VERTEX
8
P03124
10
126.491999
20
179.831993
30
0.0
0
SEQEND
0
POLYLINE
8
P03125
66
1
70
0
0
VERTEX
8
P03125
10
106.679998
20
179.747329
30
0.0
0
VERTEX
8
P03125
10
126.491999
20
179.747329
30
0.0
0
SEQEND
0
POLYLINE
8
P03126
66
1
70
0
0
VERTEX
8
P03126
10
106.679998
20
179.662666
30
0.0
0
VERTEX
8
P03126
10
126.491999
20
179.662666
30
0.0
0
SEQEND
0
POLYLINE
8
P03127
66
1
70
0
0
VERTEX
8
P03127
10
106.679998
20
179.577992
30
0.0
0
VERTEX
8
P03127
10
126.491999
20
179.577992
30
0.0
0
SEQEND
0
POLYLINE
8
P03128
66
1
70
0
0
VERTEX
8
P03128
10
106.679998
20
179.493329
30
0.0
0
VERTEX
8
P03128
10
126.491999
20
179.493329
30
0.0
0
SEQEND
0
POLYLINE
8
P03129
66
1
70
0
0
VERTEX
8
P03129
10
106.679998
20
179.408666
30
0.0
0
VERTEX
8
P03129
10
126.491999
20
179.408666
30
0.0
0
SEQEND
0
POLYLINE
8
P03130
66
1
70
0
0
VERTEX
8
P03130
10
106.679998
20
179.323992
30
0.0
0
VERTEX
8
P03130
10
126.491999
20
179.323992
30
0.0
0
SEQEND
0
POLYLINE
8
P03131
66
1
70
0
0
VERTEX
8
P03131
10
106.679998
20
179.239329
30
0.0
0
VERTEX
8
P03131
10
126.491999
20
179.239329
30
0.0
0
SEQEND
0
POLYLINE
8
P03132
66
1
70
0
0
VERTEX
8
P03132
10
106.679998
20
179.154665
30
0.0
0
VERTEX
8
P03132
10
126.491999
20
179.154665
30
0.0
0
SEQEND
0
POLYLINE
8
P03133
66
1
70
0
0
VERTEX
8
P03133
10
106.679998
20
179.069991
30
0.0
0
VERTEX
8
P03133
10
126.491999
20
179.069991
30
0.0
0
SEQEND
0
POLYLINE
8
P03134
66
1
70
0
0
VERTEX
8
P03134
10
106.679998
20
178.985328
30
0.0
0
VERTEX
8
P03134
10
126.491999
20
178.985328
30
0.0
0
SEQEND
0
POLYLINE
8
P03135
66
1
70
0
0
VERTEX
8
P03135
10
106.679998
20
178.900665
30
0.0
0
VERTEX
8
P03135
10
126.491999
20
178.900665
30
0.0
0
SEQEND
0
POLYLINE
8
P03136
66
1
70
0
0
VERTEX
8
P03136
10
106.679998
20
178.815991
30
0.0
0
VERTEX
8
P03136
10
126.491999
20
178.815991
30
0.0
0
SEQEND
0
POLYLINE
8
P03137
66
1
70
0
0
VERTEX
8
P03137
10
106.679998
20
178.731328
30
0.0
0
VERTEX
8
P03137
10
126.491999
20
178.731328
30
0.0
0
SEQEND
0
POLYLINE
8
P03138
66
1
70
0
0
VERTEX
8
P03138
10
106.679998
20
178.646665
30
0.0
0
VERTEX
8
P03138
10
126.491999
20
178.646665
30
0.0
0
SEQEND
0
POLYLINE
8
P03139
66
1
70
0
0
VERTEX
8
P03139
10
106.679998
20
178.561991
30
0.0
0
VERTEX
8
P03139
10
126.491999
20
178.561991
30
0.0
0
SEQEND
0
POLYLINE
8
P03140
66
1
70
0
0
VERTEX
8
P03140
10
106.679998
20
178.477327
30
0.0
0
VERTEX
8
P03140
10
126.491999
20
178.477327
30
0.0
0
SEQEND
0
POLYLINE
8
P03141
66
1
70
0
0
VERTEX
8
P03141
10
106.679998
20
178.392664
30
0.0
0
VERTEX
8
P03141
10
126.491999
20
178.392664
30
0.0
0
SEQEND
0
POLYLINE
8
P03142
66
1
70
0
0
VERTEX
8
P03142
10
106.679998
20
178.307990
30
0.0
0
VERTEX
8
P03142
10
126.491999
20
178.307990
30
0.0
0
SEQEND
0
POLYLINE
8
P03143
66
1
70
0
0
VERTEX
8
P03143
10
106.679998
20
178.223327
30
0.0
0
VERTEX
8
P03143
10
126.491999
20
178.223327
30
0.0
0
SEQEND
0
POLYLINE
8
P03144
66
1
70
0
0
VERTEX
8
P03144
10
106.679998
20
178.138664
30
0.0
0
VERTEX
8
P03144
10
126.491999
20
178.138664
30
0.0
0
SEQEND
0
POLYLINE
8
P03145
66
1
70
0
0
VERTEX
8
P03145
10
106.679998
20
178.053990
30
0.0
0
VERTEX
8
P03145
10
126.491999
20
178.053990
30
0.0
0
SEQEND
0
POLYLINE
8
P03146
66
1
70
0
0
VERTEX
8
P03146
10
106.679998
20
177.969326
30
0.0
0
VERTEX
8
P03146
10
126.491999
20
177.969326
30
0.0
0
SEQEND
0
POLYLINE
8
P03147
66
1
70
0
0
VERTEX
8
P03147
10
106.679998
20
177.884663
30
0.0
0
VERTEX
8
P03147
10
126.491999
20
177.884663
30
0.0
0
SEQEND
0
POLYLINE
8
P03148
66
1
70
0
0
VERTEX
8
P03148
10
106.679998
20
177.800000
30
0.0
0
VERTEX
8
P03148
10
126.491999
20
177.800000
30
0.0
0
SEQEND
0
POLYLINE
8
P03149
66
1
70
0
0
VERTEX
8
P03149
10
106.679998
20
177.715326
30
0.0
0
VERTEX
8
P03149
10
126.491999
20
177.715326
30
0.0
0
SEQEND
0
POLYLINE
8
P03150
66
1
70
0
0
VERTEX
8
P03150
10
106.679998
20
177.630663
30
0.0
0
VERTEX
8
P03150
10
126.491999
20
177.630663
30
0.0
0
SEQEND
0
POLYLINE
8
P03151
66
1
70
0
0
VERTEX
8
P03151
10
106.679998
20
177.546000
30
0.0
0
VERTEX
8
P03151
10
126.491999
20
177.546000
30
0.0
0
SEQEND
0
POLYLINE
8
P03152
66
1
70
0
0
VERTEX
8
P03152
10
106.679998
20
177.461326
30
0.0
0
VERTEX
8
P03152
10
126.491999
20
177.461326
30
0.0
0
SEQEND
0
POLYLINE
8
P03153
66
1
70
0
0
VERTEX
8
P03153
10
106.679998
20
177.376662
30
0.0
0
VERTEX
8
P03153
10
126.491999
20
177.376662
30
0.0
0
SEQEND
0
POLYLINE
8
P03154
66
1
70
0
0
VERTEX
8
P03154
10
106.679998
20
177.291999
30
0.0
0
VERTEX
8
P03154
10
126.491999
20
177.291999
30
0.0
0
SEQEND
0
POLYLINE
8
P03155
66
1
70
0
0
VERTEX
8
P03155
10
106.679998
20
177.207325
30
0.0
0
VERTEX
8
P03155
10
126.491999
20
177.207325
30
0.0
0
SEQEND
0
POLYLINE
8
P03156
66
1
70
0
0
VERTEX
8
P03156
10
106.679998
20
177.122662
30
0.0
0
VERTEX
8
P03156
10
126.491999
20
177.122662
30
0.0
0
SEQEND
0
POLYLINE
8
P03157
66
1
70
0
0
VERTEX
8
P03157
10
106.679998
20
177.037999
30
0.0
0
VERTEX
8
P03157
10
126.491999
20
177.037999
30
0.0
0
SEQEND
0
POLYLINE
8
P03158
66
1
70
0
0
VERTEX
8
P03158
10
106.679998
20
176.953325
30
0.0
0
VERTEX
8
P03158
10
126.491999
20
176.953325
30
0.0
0
SEQEND
0
POLYLINE
8
P03159
66
1
70
0
0
VERTEX
8
P03159
10
106.679998
20
176.868661
30
0.0
0
VERTEX
8
P03159
10
126.491999
20
176.868661
30
0.0
0
SEQEND
0
POLYLINE
8
P03160
66
1
70
0
0
VERTEX
8
P03160
10
106.679998
20
176.783998
30
0.0
0
VERTEX
8
P03160
10
126.491999
20
176.783998
30
0.0
0
SEQEND
0
POLYLINE
8
P03161
66
1
70
0
0
VERTEX
8
P03161
10
106.679998
20
176.699324
30
0.0
0
VERTEX
8
P03161
10
126.491999
20
176.699324
30
0.0
0
SEQEND
0
POLYLINE
8
P03162
66
1
70
0
0
VERTEX
8
P03162
10
106.679998
20
176.614661
30
0.0
0
VERTEX
8
P03162
10
126.491999
20
176.614661
30
0.0
0
SEQEND
0
POLYLINE
8
P03163
66
1
70
0
0
VERTEX
8
P03163
10
106.679998
20
176.529998
30
0.0
0
VERTEX
8
P03163
10
126.491999
20
176.529998
30
0.0
0
SEQEND
0
POLYLINE
8
P03164
66
1
70
0
0
VERTEX
8
P03164
10
106.679998
20
176.445324
30
0.0
0
VERTEX
8
P03164
10
126.491999
20
176.445324
30
0.0
0
SEQEND
0
POLYLINE
8
P03165
66
1
70
0
0
VERTEX
8
P03165
10
106.679998
20
176.360661
30
0.0
0
VERTEX
8
P03165
10
126.491999
20
176.360661
30
0.0
0
SEQEND
0
POLYLINE
8
P03166
66
1
70
0
0
VERTEX
8
P03166
10
106.679998
20
176.275997
30
0.0
0
VERTEX
8
P03166
10
126.491999
20
176.275997
30
0.0
0
SEQEND
0
POLYLINE
8
P03167
66
1
70
0
0
VERTEX
8
P03167
10
106.679998
20
176.191323
30
0.0
0
VERTEX
8
P03167
10
126.491999
20
176.191323
30
0.0
0
SEQEND
0
POLYLINE
8
P03168
66
1
70
0
0
VERTEX
8
P03168
10
106.679998
20
176.106660
30
0.0
0
VERTEX
8
P03168
10
126.491999
20
176.106660
30
0.0
0
SEQEND
0
POLYLINE
8
P03169
66
1
70
0
0
VERTEX
8
P03169
10
106.679998
20
176.021997
30
0.0
0
VERTEX
8
P03169
10
126.491999
20
176.021997
30
0.0
0
SEQEND
0
POLYLINE
8
P03170
66
1
70
0
0
VERTEX
8
P03170
10
106.679998
20
175.937323
30
0.0
0
VERTEX
8
P03170
10
126.491999
20
175.937323
30
0.0
0
SEQEND
0
POLYLINE
8
P03171
66
1
70
0
0
VERTEX
8
P03171
10
106.679998
20
175.852660
30
0.0
0
VERTEX
8
P03171
10
126.491999
20
175.852660
30
0.0
0
SEQEND
0
POLYLINE
8
P03172
66
1
70
0
0
VERTEX
8
P03172
10
106.679998
20
175.767997
30
0.0
0
VERTEX
8
P03172
10
126.491999
20
175.767997
30
0.0
0
SEQEND
0
POLYLINE
8
P03173
66
1
70
0
0
VERTEX
8
P03173
10
106.679998
20
175.683333
30
0.0
0
VERTEX
8
P03173
10
126.491999
20
175.683333
30
0.0
0
SEQEND
0
POLYLINE
8
P03174
66
1
70
0
0
VERTEX
8
P03174
10
106.679998
20
175.598659
30
0.0
0
VERTEX
8
P03174
10
126.491999
20
175.598659
30
0.0
0
SEQEND
0
POLYLINE
8
P03175
66
1
70
0
0
VERTEX
8
P03175
10
106.679998
20
175.513996
30
0.0
0
VERTEX
8
P03175
10
126.491999
20
175.513996
30
0.0
0
SEQEND
0
POLYLINE
8
P03176
66
1
70
0
0
VERTEX
8
P03176
10
106.679998
20
175.429333
30
0.0
0
VERTEX
8
P03176
10
126.491999
20
175.429333
30
0.0
0
SEQEND
0
POLYLINE
8
P03177
66
1
70
0
0
VERTEX
8
P03177
10
106.679998
20
175.344659
30
0.0
0
VERTEX
8
P03177
10
126.491999
20
175.344659
30
0.0
0
SEQEND
0
POLYLINE
8
P03178
66
1
70
0
0
VERTEX
8
P03178
10
106.679998
20
175.259996
30
0.0
0
VERTEX
8
P03178
10
126.491999
20
175.259996
30
0.0
0
SEQEND
0
POLYLINE
8
P03179
66
1
70
0
0
VERTEX
8
P03179
10
106.679998
20
175.175332
30
0.0
0
VERTEX
8
P03179
10
126.491999
20
175.175332
30
0.0
0
SEQEND
0
POLYLINE
8
P03180
66
1
70
0
0
VERTEX
8
P03180
10
106.679998
20
175.090658
30
0.0
0
VERTEX
8
P03180
10
126.491999
20
175.090658
30
0.0
0
SEQEND
0
POLYLINE
8
P03181
66
1
70
0
0
VERTEX
8
P03181
10
106.679998
20
175.005995
30
0.0
0
VERTEX
8
P03181
10
126.491999
20
175.005995
30
0.0
0
SEQEND
0
POLYLINE
8
P03182
66
1
70
0
0
VERTEX
8
P03182
10
106.679998
20
174.921332
30
0.0
0
VERTEX
8
P03182
10
126.491999
20
174.921332
30
0.0
0
SEQEND
0
POLYLINE
8
P03183
66
1
70
0
0
VERTEX
8
P03183
10
106.679998
20
174.836658
30
0.0
0
VERTEX
8
P03183
10
126.491999
20
174.836658
30
0.0
0
VERTEX
8
P03183
10
106.679998
20
174.836658
30
0.0
0
SEQEND
0
POLYLINE
8
P03184
66
1
70
0
0
VERTEX
8
P03184
10
192.785993
20
166.623992
30
0.0
0
VERTEX
8
P03184
10
200.151995
20
166.623992
30
0.0
0
SEQEND
0
POLYLINE
8
P03185
66
1
70
0
0
VERTEX
8
P03185
10
192.785993
20
166.539329
30
0.0
0
VERTEX
8
P03185
10
200.151995
20
166.539329
30
0.0
0
SEQEND
0
POLYLINE
8
P03186
66
1
70
0
0
VERTEX
8
P03186
10
192.785993
20
166.454665
30
0.0
0
VERTEX
8
P03186
10
200.151995
20
166.454665
30
0.0
0
SEQEND
0
POLYLINE
8
P03187
66
1
70
0
0
VERTEX
8
P03187
10
192.785993
20
166.369991
30
0.0
0
VERTEX
8
P03187
10
200.151995
20
166.369991
30
0.0
0
SEQEND
0
POLYLINE
8
P03188
66
1
70
0
0
VERTEX
8
P03188
10
192.785993
20
166.285328
30
0.0
0
VERTEX
8
P03188
10
200.151995
20
166.285328
30
0.0
0
SEQEND
0
POLYLINE
8
P03189
66
1
70
0
0
VERTEX
8
P03189
10
192.785993
20
166.200665
30
0.0
0
VERTEX
8
P03189
10
200.151995
20
166.200665
30
0.0
0
SEQEND
0
POLYLINE
8
P03190
66
1
70
0
0
VERTEX
8
P03190
10
192.785993
20
166.115991
30
0.0
0
VERTEX
8
P03190
10
200.151995
20
166.115991
30
0.0
0
SEQEND
0
POLYLINE
8
P03191
66
1
70
0
0
VERTEX
8
P03191
10
192.785993
20
166.031328
30
0.0
0
VERTEX
8
P03191
10
200.151995
20
166.031328
30
0.0
0
SEQEND
0
POLYLINE
8
P03192
66
1
70
0
0
VERTEX
8
P03192
10
192.785993
20
165.946665
30
0.0
0
VERTEX
8
P03192
10
200.151995
20
165.946665
30
0.0
0
SEQEND
0
POLYLINE
8
P03193
66
1
70
0
0
VERTEX
8
P03193
10
192.785993
20
165.861991
30
0.0
0
VERTEX
8
P03193
10
200.151995
20
165.861991
30
0.0
0
SEQEND
0
POLYLINE
8
P03194
66
1
70
0
0
VERTEX
8
P03194
10
192.785993
20
165.777327
30
0.0
0
VERTEX
8
P03194
10
200.151995
20
165.777327
30
0.0
0
SEQEND
0
POLYLINE
8
P03195
66
1
70
0
0
VERTEX
8
P03195
10
192.785993
20
165.692664
30
0.0
0
VERTEX
8
P03195
10
200.151995
20
165.692664
30
0.0
0
SEQEND
0
POLYLINE
8
P03196
66
1
70
0
0
VERTEX
8
P03196
10
192.785993
20
165.607990
30
0.0
0
VERTEX
8
P03196
10
200.151995
20
165.607990
30
0.0
0
SEQEND
0
POLYLINE
8
P03197
66
1
70
0
0
VERTEX
8
P03197
10
192.785993
20
165.523327
30
0.0
0
VERTEX
8
P03197
10
200.151995
20
165.523327
30
0.0
0
SEQEND
0
POLYLINE
8
P03198
66
1
70
0
0
VERTEX
8
P03198
10
192.785993
20
165.438664
30
0.0
0
VERTEX
8
P03198
10
200.151995
20
165.438664
30
0.0
0
SEQEND
0
POLYLINE
8
P03199
66
1
70
0
0
VERTEX
8
P03199
10
192.785993
20
165.354000
30
0.0
0
VERTEX
8
P03199
10
200.151995
20
165.354000
30
0.0
0
SEQEND
0
POLYLINE
8
P03200
66
1
70
0
0
VERTEX
8
P03200
10
192.785993
20
165.269326
30
0.0
0
VERTEX
8
P03200
10
200.151995
20
165.269326
30
0.0
0
SEQEND
0
POLYLINE
8
P03201
66
1
70
0
0
VERTEX
8
P03201
10
192.785993
20
165.184663
30
0.0
0
VERTEX
8
P03201
10
200.151995
20
165.184663
30
0.0
0
SEQEND
0
POLYLINE
8
P03202
66
1
70
0
0
VERTEX
8
P03202
10
192.785993
20
165.100000
30
0.0
0
VERTEX
8
P03202
10
200.151995
20
165.100000
30
0.0
0
SEQEND
0
POLYLINE
8
P03203
66
1
70
0
0
VERTEX
8
P03203
10
192.785993
20
165.015326
30
0.0
0
VERTEX
8
P03203
10
200.151995
20
165.015326
30
0.0
0
SEQEND
0
POLYLINE
8
P03204
66
1
70
0
0
VERTEX
8
P03204
10
192.785993
20
164.930663
30
0.0
0
VERTEX
8
P03204
10
200.151995
20
164.930663
30
0.0
0
SEQEND
0
POLYLINE
8
P03205
66
1
70
0
0
VERTEX
8
P03205
10
192.785993
20
164.846000
30
0.0
0
VERTEX
8
P03205
10
200.151995
20
164.846000
30
0.0
0
SEQEND
0
POLYLINE
8
P03206
66
1
70
0
0
VERTEX
8
P03206
10
192.785993
20
164.761326
30
0.0
0
VERTEX
8
P03206
10
200.151995
20
164.761326
30
0.0
0
SEQEND
0
POLYLINE
8
P03207
66
1
70
0
0
VERTEX
8
P03207
10
192.785993
20
164.676662
30
0.0
0
VERTEX
8
P03207
10
200.151995
20
164.676662
30
0.0
0
SEQEND
0
POLYLINE
8
P03208
66
1
70
0
0
VERTEX
8
P03208
10
192.785993
20
164.591999
30
0.0
0
VERTEX
8
P03208
10
200.151995
20
164.591999
30
0.0
0
SEQEND
0
POLYLINE
8
P03209
66
1
70
0
0
VERTEX
8
P03209
10
192.785993
20
164.507325
30
0.0
0
VERTEX
8
P03209
10
200.151995
20
164.507325
30
0.0
0
SEQEND
0
POLYLINE
8
P03210
66
1
70
0
0
VERTEX
8
P03210
10
192.785993
20
164.422662
30
0.0
0
VERTEX
8
P03210
10
200.151995
20
164.422662
30
0.0
0
SEQEND
0
POLYLINE
8
P03211
66
1
70
0
0
VERTEX
8
P03211
10
192.785993
20
164.337999
30
0.0
0
VERTEX
8
P03211
10
200.151995
20
164.337999
30
0.0
0
SEQEND
0
POLYLINE
8
P03212
66
1
70
0
0
VERTEX
8
P03212
10
192.785993
20
164.253325
30
0.0
0
VERTEX
8
P03212
10
200.151995
20
164.253325
30
0.0
0
SEQEND
0
POLYLINE
8
P03213
66
1
70
0
0
VERTEX
8
P03213
10
192.785993
20
164.168661
30
0.0
0
VERTEX
8
P03213
10
200.151995
20
164.168661
30
0.0
0
SEQEND
0
POLYLINE
8
P03214
66
1
70
0
0
VERTEX
8
P03214
10
192.785993
20
164.083998
30
0.0
0
VERTEX
8
P03214
10
200.151995
20
164.083998
30
0.0
0
SEQEND
0
POLYLINE
8
P03215
66
1
70
0
0
VERTEX
8
P03215
10
192.785993
20
163.999324
30
0.0
0
VERTEX
8
P03215
10
200.151995
20
163.999324
30
0.0
0
SEQEND
0
POLYLINE
8
P03216
66
1
70
0
0
VERTEX
8
P03216
10
192.785993
20
163.914661
30
0.0
0
VERTEX
8
P03216
10
200.151995
20
163.914661
30
0.0
0
SEQEND
0
POLYLINE
8
P03217
66
1
70
0
0
VERTEX
8
P03217
10
192.785993
20
163.829998
30
0.0
0
VERTEX
8
P03217
10
200.151995
20
163.829998
30
0.0
0
SEQEND
0
POLYLINE
8
P03218
66
1
70
0
0
VERTEX
8
P03218
10
192.785993
20
163.745324
30
0.0
0
VERTEX
8
P03218
10
200.151995
20
163.745324
30
0.0
0
SEQEND
0
POLYLINE
8
P03219
66
1
70
0
0
VERTEX
8
P03219
10
192.785993
20
163.660661
30
0.0
0
VERTEX
8
P03219
10
200.151995
20
163.660661
30
0.0
0
SEQEND
0
POLYLINE
8
P03220
66
1
70
0
0
VERTEX
8
P03220
10
192.785993
20
163.575997
30
0.0
0
VERTEX
8
P03220
10
200.151995
20
163.575997
30
0.0
0
SEQEND
0
POLYLINE
8
P03221
66
1
70
0
0
VERTEX
8
P03221
10
192.785993
20
163.491323
30
0.0
0
VERTEX
8
P03221
10
200.151995
20
163.491323
30
0.0
0
SEQEND
0
POLYLINE
8
P03222
66
1
70
0
0
VERTEX
8
P03222
10
192.785993
20
163.406660
30
0.0
0
VERTEX
8
P03222
10
200.151995
20
163.406660
30
0.0
0
SEQEND
0
POLYLINE
8
P03223
66
1
70
0
0
VERTEX
8
P03223
10
192.785993
20
163.321997
30
0.0
0
VERTEX
8
P03223
10
200.151995
20
163.321997
30
0.0
0
SEQEND
0
POLYLINE
8
P03224
66
1
70
0
0
VERTEX
8
P03224
10
192.785993
20
163.237334
30
0.0
0
VERTEX
8
P03224
10
200.151995
20
163.237334
30
0.0
0
SEQEND
0
POLYLINE
8
P03225
66
1
70
0
0
VERTEX
8
P03225
10
192.785993
20
163.152660
30
0.0
0
VERTEX
8
P03225
10
200.151995
20
163.152660
30
0.0
0
SEQEND
0
POLYLINE
8
P03226
66
1
70
0
0
VERTEX
8
P03226
10
192.785993
20
163.067997
30
0.0
0
VERTEX
8
P03226
10
200.151995
20
163.067997
30
0.0
0
SEQEND
0
POLYLINE
8
P03227
66
1
70
0
0
VERTEX
8
P03227
10
192.785993
20
162.983333
30
0.0
0
VERTEX
8
P03227
10
200.151995
20
162.983333
30
0.0
0
SEQEND
0
POLYLINE
8
P03228
66
1
70
0
0
VERTEX
8
P03228
10
192.785993
20
162.898659
30
0.0
0
VERTEX
8
P03228
10
200.151995
20
162.898659
30
0.0
0
SEQEND
0
POLYLINE
8
P03229
66
1
70
0
0
VERTEX
8
P03229
10
192.785993
20
162.813996
30
0.0
0
VERTEX
8
P03229
10
200.151995
20
162.813996
30
0.0
0
SEQEND
0
POLYLINE
8
P03230
66
1
70
0
0
VERTEX
8
P03230
10
192.785993
20
162.729333
30
0.0
0
VERTEX
8
P03230
10
200.151995
20
162.729333
30
0.0
0
SEQEND
0
POLYLINE
8
P03231
66
1
70
0
0
VERTEX
8
P03231
10
192.785993
20
162.644659
30
0.0
0
VERTEX
8
P03231
10
200.151995
20
162.644659
30
0.0
0
SEQEND
0
POLYLINE
8
P03232
66
1
70
0
0
VERTEX
8
P03232
10
192.785993
20
162.559996
30
0.0
0
VERTEX
8
P03232
10
200.151995
20
162.559996
30
0.0
0
SEQEND
0
POLYLINE
8
P03233
66
1
70
0
0
VERTEX
8
P03233
10
192.785993
20
162.475332
30
0.0
0
VERTEX
8
P03233
10
200.151995
20
162.475332
30
0.0
0
SEQEND
0
POLYLINE
8
P03234
66
1
70
0
0
VERTEX
8
P03234
10
192.785993
20
162.390658
30
0.0
0
VERTEX
8
P03234
10
200.151995
20
162.390658
30
0.0
0
SEQEND
0
POLYLINE
8
P03235
66
1
70
0
0
VERTEX
8
P03235
10
192.785993
20
162.305995
30
0.0
0
VERTEX
8
P03235
10
200.151995
20
162.305995
30
0.0
0
SEQEND
0
POLYLINE
8
P03236
66
1
70
0
0
VERTEX
8
P03236
10
192.785993
20
162.221332
30
0.0
0
VERTEX
8
P03236
10
200.151995
20
162.221332
30
0.0
0
SEQEND
0
POLYLINE
8
P03237
66
1
70
0
0
VERTEX
8
P03237
10
192.785993
20
162.136658
30
0.0
0
VERTEX
8
P03237
10
200.151995
20
162.136658
30
0.0
0
SEQEND
0
POLYLINE
8
P03238
66
1
70
0
0
VERTEX
8
P03238
10
192.785993
20
162.051995
30
0.0
0
VERTEX
8
P03238
10
200.151995
20
162.051995
30
0.0
0
SEQEND
0
POLYLINE
8
P03239
66
1
70
0
0
VERTEX
8
P03239
10
192.785993
20
161.967332
30
0.0
0
VERTEX
8
P03239
10
200.151995
20
161.967332
30
0.0
0
SEQEND
0
POLYLINE
8
P03240
66
1
70
0
0
VERTEX
8
P03240
10
192.785993
20
161.882658
30
0.0
0
VERTEX
8
P03240
10
200.151995
20
161.882658
30
0.0
0
SEQEND
0
POLYLINE
8
P03241
66
1
70
0
0
VERTEX
8
P03241
10
192.785993
20
161.797994
30
0.0
0
VERTEX
8
P03241
10
200.151995
20
161.797994
30
0.0
0
SEQEND
0
POLYLINE
8
P03242
66
1
70
0
0
VERTEX
8
P03242
10
192.785993
20
161.713331
30
0.0
0
VERTEX
8
P03242
10
200.151995
20
161.713331
30
0.0
0
SEQEND
0
POLYLINE
8
P03243
66
1
70
0
0
VERTEX
8
P03243
10
192.785993
20
161.628657
30
0.0
0
VERTEX
8
P03243
10
200.151995
20
161.628657
30
0.0
0
SEQEND
0
POLYLINE
8
P03244
66
1
70
0
0
VERTEX
8
P03244
10
192.785993
20
161.543994
30
0.0
0
VERTEX
8
P03244
10
200.151995
20
161.543994
30
0.0
0
SEQEND
0
POLYLINE
8
P03245
66
1
70
0
0
VERTEX
8
P03245
10
192.785993
20
161.459331
30
0.0
0
VERTEX
8
P03245
10
200.151995
20
161.459331
30
0.0
0
SEQEND
0
POLYLINE
8
P03246
66
1
70
0
0
VERTEX
8
P03246
10
192.785993
20
161.374657
30
0.0
0
VERTEX
8
P03246
10
200.151995
20
161.374657
30
0.0
0
SEQEND
0
POLYLINE
8
P03247
66
1
70
0
0
VERTEX
8
P03247
10
192.785993
20
161.289994
30
0.0
0
VERTEX
8
P03247
10
200.151995
20
161.289994
30
0.0
0
SEQEND
0
POLYLINE
8
P03248
66
1
70
0
0
VERTEX
8
P03248
10
192.785993
20
161.205330
30
0.0
0
VERTEX
8
P03248
10
200.151995
20
161.205330
30
0.0
0
SEQEND
0
POLYLINE
8
P03249
66
1
70
0
0
VERTEX
8
P03249
10
192.785993
20
161.120667
30
0.0
0
VERTEX
8
P03249
10
200.151995
20
161.120667
30
0.0
0
SEQEND
0
POLYLINE
8
P03250
66
1
70
0
0
VERTEX
8
P03250
10
192.785993
20
161.035993
30
0.0
0
VERTEX
8
P03250
10
200.151995
20
161.035993
30
0.0
0
SEQEND
0
POLYLINE
8
P03251
66
1
70
0
0
VERTEX
8
P03251
10
192.785993
20
160.951330
30
0.0
0
VERTEX
8
P03251
10
200.151995
20
160.951330
30
0.0
0
SEQEND
0
POLYLINE
8
P03252
66
1
70
0
0
VERTEX
8
P03252
10
192.785993
20
160.866667
30
0.0
0
VERTEX
8
P03252
10
200.151995
20
160.866667
30
0.0
0
SEQEND
0
POLYLINE
8
P03253
66
1
70
0
0
VERTEX
8
P03253
10
192.785993
20
160.781993
30
0.0
0
VERTEX
8
P03253
10
200.151995
20
160.781993
30
0.0
0
SEQEND
0
POLYLINE
8
P03254
66
1
70
0
0
VERTEX
8
P03254
10
192.785993
20
160.697329
30
0.0
0
VERTEX
8
P03254
10
200.151995
20
160.697329
30
0.0
0
SEQEND
0
POLYLINE
8
P03255
66
1
70
0
0
VERTEX
8
P03255
10
192.785993
20
160.612666
30
0.0
0
VERTEX
8
P03255
10
200.151995
20
160.612666
30
0.0
0
SEQEND
0
POLYLINE
8
P03256
66
1
70
0
0
VERTEX
8
P03256
10
192.785993
20
160.527992
30
0.0
0
VERTEX
8
P03256
10
200.151995
20
160.527992
30
0.0
0
SEQEND
0
POLYLINE
8
P03257
66
1
70
0
0
VERTEX
8
P03257
10
192.785993
20
160.443329
30
0.0
0
VERTEX
8
P03257
10
200.151995
20
160.443329
30
0.0
0
SEQEND
0
POLYLINE
8
P03258
66
1
70
0
0
VERTEX
8
P03258
10
192.785993
20
160.358666
30
0.0
0
VERTEX
8
P03258
10
200.151995
20
160.358666
30
0.0
0
SEQEND
0
POLYLINE
8
P03259
66
1
70
0
0
VERTEX
8
P03259
10
192.785993
20
160.273992
30
0.0
0
VERTEX
8
P03259
10
200.151995
20
160.273992
30
0.0
0
SEQEND
0
POLYLINE
8
P03260
66
1
70
0
0
VERTEX
8
P03260
10
192.785993
20
160.189329
30
0.0
0
VERTEX
8
P03260
10
200.151995
20
160.189329
30
0.0
0
SEQEND
0
POLYLINE
8
P03261
66
1
70
0
0
VERTEX
8
P03261
10
192.785993
20
160.104665
30
0.0
0
VERTEX
8
P03261
10
200.151995
20
160.104665
30
0.0
0
SEQEND
0
POLYLINE
8
P03262
66
1
70
0
0
VERTEX
8
P03262
10
192.785993
20
160.019991
30
0.0
0
VERTEX
8
P03262
10
200.151995
20
160.019991
30
0.0
0
VERTEX
8
P03262
10
192.785993
20
160.019991
30
0.0
0
SEQEND
0
POLYLINE
8
P03263
66
1
70
0
0
VERTEX
8
P03263
10
199.982668
20
161.289994
30
0.0
0
VERTEX
8
P03263
10
202.437988
20
161.289994
30
0.0
0
SEQEND
0
POLYLINE
8
P03264
66
1
70
0
0
VERTEX
8
P03264
10
200.067332
20
161.205330
30
0.0
0
VERTEX
8
P03264
10
202.437988
20
161.205330
30
0.0
0
SEQEND
0
POLYLINE
8
P03265
66
1
70
0
0
VERTEX
8
P03265
10
200.067332
20
161.120667
30
0.0
0
VERTEX
8
P03265
10
202.437988
20
161.120667
30
0.0
0
SEQEND
0
POLYLINE
8
P03266
66
1
70
0
0
VERTEX
8
P03266
10
200.067332
20
161.035993
30
0.0
0
VERTEX
8
P03266
10
202.437988
20
161.035993
30
0.0
0
SEQEND
0
POLYLINE
8
P03267
66
1
70
0
0
VERTEX
8
P03267
10
200.067332
20
160.951330
30
0.0
0
VERTEX
8
P03267
10
202.437988
20
160.951330
30
0.0
0
SEQEND
0
POLYLINE
8
P03268
66
1
70
0
0
VERTEX
8
P03268
10
200.067332
20
160.866667
30
0.0
0
VERTEX
8
P03268
10
202.437988
20
160.866667
30
0.0
0
SEQEND
0
POLYLINE
8
P03269
66
1
70
0
0
VERTEX
8
P03269
10
200.067332
20
160.781993
30
0.0
0
VERTEX
8
P03269
10
202.437988
20
160.781993
30
0.0
0
SEQEND
0
POLYLINE
8
P03270
66
1
70
0
0
VERTEX
8
P03270
10
200.067332
20
160.697329
30
0.0
0
VERTEX
8
P03270
10
202.437988
20
160.697329
30
0.0
0
SEQEND
0
POLYLINE
8
P03271
66
1
70
0
0
VERTEX
8
P03271
10
200.067332
20
160.612666
30
0.0
0
VERTEX
8
P03271
10
202.353325
20
160.612666
30
0.0
0
SEQEND
0
POLYLINE
8
P03272
66
1
70
0
0
VERTEX
8
P03272
10
200.151995
20
160.527992
30
0.0
0
VERTEX
8
P03272
10
202.353325
20
160.527992
30
0.0
0
SEQEND
0
POLYLINE
8
P03273
66
1
70
0
0
VERTEX
8
P03273
10
200.151995
20
160.443329
30
0.0
0
VERTEX
8
P03273
10
202.353325
20
160.443329
30
0.0
0
SEQEND
0
POLYLINE
8
P03274
66
1
70
0
0
VERTEX
8
P03274
10
200.151995
20
160.358666
30
0.0
0
VERTEX
8
P03274
10
202.353325
20
160.358666
30
0.0
0
SEQEND
0
POLYLINE
8
P03275
66
1
70
0
0
VERTEX
8
P03275
10
200.151995
20
160.273992
30
0.0
0
VERTEX
8
P03275
10
202.353325
20
160.273992
30
0.0
0
SEQEND
0
POLYLINE
8
P03276
66
1
70
0
0
VERTEX
8
P03276
10
200.151995
20
160.189329
30
0.0
0
VERTEX
8
P03276
10
202.353325
20
160.189329
30
0.0
0
SEQEND
0
POLYLINE
8
P03277
66
1
70
0
0
VERTEX
8
P03277
10
200.151995
20
160.104665
30
0.0
0
VERTEX
8
P03277
10
202.353325
20
160.104665
30
0.0
0
SEQEND
0
POLYLINE
8
P03278
66
1
70
0
0
VERTEX
8
P03278
10
200.151995
20
160.019991
30
0.0
0
VERTEX
8
P03278
10
202.268661
20
160.019991
30
0.0
0
SEQEND
0
POLYLINE
8
P03279
66
1
70
0
0
VERTEX
8
P03279
10
200.151995
20
159.935328
30
0.0
0
VERTEX
8
P03279
10
202.268661
20
159.935328
30
0.0
0
SEQEND
0
POLYLINE
8
P03280
66
1
70
0
0
VERTEX
8
P03280
10
200.151995
20
159.850665
30
0.0
0
VERTEX
8
P03280
10
202.268661
20
159.850665
30
0.0
0
SEQEND
0
POLYLINE
8
P03281
66
1
70
0
0
VERTEX
8
P03281
10
200.236658
20
159.765991
30
0.0
0
VERTEX
8
P03281
10
202.268661
20
159.765991
30
0.0
0
SEQEND
0
POLYLINE
8
P03282
66
1
70
0
0
VERTEX
8
P03282
10
200.236658
20
159.681328
30
0.0
0
VERTEX
8
P03282
10
202.268661
20
159.681328
30
0.0
0
SEQEND
0
POLYLINE
8
P03283
66
1
70
0
0
VERTEX
8
P03283
10
200.236658
20
159.596665
30
0.0
0
VERTEX
8
P03283
10
202.268661
20
159.596665
30
0.0
0
SEQEND
0
POLYLINE
8
P03284
66
1
70
0
0
VERTEX
8
P03284
10
200.236658
20
159.511991
30
0.0
0
VERTEX
8
P03284
10
202.268661
20
159.511991
30
0.0
0
SEQEND
0
POLYLINE
8
P03285
66
1
70
0
0
VERTEX
8
P03285
10
200.236658
20
159.427327
30
0.0
0
VERTEX
8
P03285
10
202.183998
20
159.427327
30
0.0
0
SEQEND
0
POLYLINE
8
P03286
66
1
70
0
0
VERTEX
8
P03286
10
200.236658
20
159.342664
30
0.0
0
VERTEX
8
P03286
10
202.183998
20
159.342664
30
0.0
0
SEQEND
0
POLYLINE
8
P03287
66
1
70
0
0
VERTEX
8
P03287
10
200.236658
20
159.257990
30
0.0
0
VERTEX
8
P03287
10
202.183998
20
159.257990
30
0.0
0
SEQEND
0
POLYLINE
8
P03288
66
1
70
0
0
VERTEX
8
P03288
10
200.236658
20
159.173327
30
0.0
0
VERTEX
8
P03288
10
202.183998
20
159.173327
30
0.0
0
SEQEND
0
POLYLINE
8
P03289
66
1
70
0
0
VERTEX
8
P03289
10
200.236658
20
159.088664
30
0.0
0
VERTEX
8
P03289
10
202.183998
20
159.088664
30
0.0
0
SEQEND
0
POLYLINE
8
P03290
66
1
70
0
0
VERTEX
8
P03290
10
200.321321
20
159.004000
30
0.0
0
VERTEX
8
P03290
10
202.183998
20
159.004000
30
0.0
0
SEQEND
0
POLYLINE
8
P03291
66
1
70
0
0
VERTEX
8
P03291
10
200.321321
20
158.919326
30
0.0
0
VERTEX
8
P03291
10
202.183998
20
158.919326
30
0.0
0
SEQEND
0
POLYLINE
8
P03292
66
1
70
0
0
VERTEX
8
P03292
10
200.321321
20
158.834663
30
0.0
0
VERTEX
8
P03292
10
202.183998
20
158.834663
30
0.0
0
SEQEND
0
POLYLINE
8
P03293
66
1
70
0
0
VERTEX
8
P03293
10
200.321321
20
158.750000
30
0.0
0
VERTEX
8
P03293
10
202.099335
20
158.750000
30
0.0
0
SEQEND
0
POLYLINE
8
P03294
66
1
70
0
0
VERTEX
8
P03294
10
200.321321
20
158.665326
30
0.0
0
VERTEX
8
P03294
10
202.099335
20
158.665326
30
0.0
0
SEQEND
0
POLYLINE
8
P03295
66
1
70
0
0
VERTEX
8
P03295
10
200.321321
20
158.580663
30
0.0
0
VERTEX
8
P03295
10
202.099335
20
158.580663
30
0.0
0
SEQEND
0
POLYLINE
8
P03296
66
1
70
0
0
VERTEX
8
P03296
10
200.321321
20
158.496000
30
0.0
0
VERTEX
8
P03296
10
202.099335
20
158.496000
30
0.0
0
SEQEND
0
POLYLINE
8
P03297
66
1
70
0
0
VERTEX
8
P03297
10
200.321321
20
158.411326
30
0.0
0
VERTEX
8
P03297
10
202.099335
20
158.411326
30
0.0
0
SEQEND
0
POLYLINE
8
P03298
66
1
70
0
0
VERTEX
8
P03298
10
200.321321
20
158.326662
30
0.0
0
VERTEX
8
P03298
10
202.099335
20
158.326662
30
0.0
0
SEQEND
0
POLYLINE
8
P03299
66
1
70
0
0
VERTEX
8
P03299
10
200.406006
20
158.241999
30
0.0
0
VERTEX
8
P03299
10
202.099335
20
158.241999
30
0.0
0
SEQEND
0
POLYLINE
8
P03300
66
1
70
0
0
VERTEX
8
P03300
10
200.406006
20
158.157325
30
0.0
0
VERTEX
8
P03300
10
202.014672
20
158.157325
30
0.0
0
SEQEND
0
POLYLINE
8
P03301
66
1
70
0
0
VERTEX
8
P03301
10
200.406006
20
158.072662
30
0.0
0
VERTEX
8
P03301
10
202.014672
20
158.072662
30
0.0
0
SEQEND
0
POLYLINE
8
P03302
66
1
70
0
0
VERTEX
8
P03302
10
200.406006
20
157.987999
30
0.0
0
VERTEX
8
P03302
10
202.014672
20
157.987999
30
0.0
0
SEQEND
0
POLYLINE
8
P03303
66
1
70
0
0
VERTEX
8
P03303
10
200.406006
20
157.903325
30
0.0
0
VERTEX
8
P03303
10
202.014672
20
157.903325
30
0.0
0
SEQEND
0
POLYLINE
8
P03304
66
1
70
0
0
VERTEX
8
P03304
10
200.406006
20
157.818661
30
0.0
0
VERTEX
8
P03304
10
202.014672
20
157.818661
30
0.0
0
SEQEND
0
POLYLINE
8
P03305
66
1
70
0
0
VERTEX
8
P03305
10
200.406006
20
157.733998
30
0.0
0
VERTEX
8
P03305
10
202.014672
20
157.733998
30
0.0
0
SEQEND
0
POLYLINE
8
P03306
66
1
70
0
0
VERTEX
8
P03306
10
200.406006
20
157.649324
30
0.0
0
VERTEX
8
P03306
10
202.014672
20
157.649324
30
0.0
0
SEQEND
0
POLYLINE
8
P03307
66
1
70
0
0
VERTEX
8
P03307
10
200.406006
20
157.564661
30
0.0
0
VERTEX
8
P03307
10
201.929987
20
157.564661
30
0.0
0
SEQEND
0
POLYLINE
8
P03308
66
1
70
0
0
VERTEX
8
P03308
10
200.490669
20
157.479998
30
0.0
0
VERTEX
8
P03308
10
201.929987
20
157.479998
30
0.0
0
SEQEND
0
POLYLINE
8
P03309
66
1
70
0
0
VERTEX
8
P03309
10
200.490669
20
157.395324
30
0.0
0
VERTEX
8
P03309
10
201.929987
20
157.395324
30
0.0
0
SEQEND
0
POLYLINE
8
P03310
66
1
70
0
0
VERTEX
8
P03310
10
200.575332
20
157.310661
30
0.0
0
VERTEX
8
P03310
10
201.845324
20
157.310661
30
0.0
0
SEQEND
0
POLYLINE
8
P03311
66
1
70
0
0
VERTEX
8
P03311
10
200.575332
20
157.225997
30
0.0
0
VERTEX
8
P03311
10
201.845324
20
157.225997
30
0.0
0
SEQEND
0
POLYLINE
8
P03312
66
1
70
0
0
VERTEX
8
P03312
10
200.659996
20
157.141323
30
0.0
0
VERTEX
8
P03312
10
201.760661
20
157.141323
30
0.0
0
SEQEND
0
POLYLINE
8
P03313
66
1
70
0
0
VERTEX
8
P03313
10
200.659996
20
157.056660
30
0.0
0
VERTEX
8
P03313
10
201.760661
20
157.056660
30
0.0
0
SEQEND
0
POLYLINE
8
P03314
66
1
70
0
0
VERTEX
8
P03314
10
200.659996
20
156.971997
30
0.0
0
VERTEX
8
P03314
10
201.675997
20
156.971997
30
0.0
0
SEQEND
0
POLYLINE
8
P03315
66
1
70
0
0
VERTEX
8
P03315
10
200.744659
20
156.887334
30
0.0
0
VERTEX
8
P03315
10
201.675997
20
156.887334
30
0.0
0
SEQEND
0
POLYLINE
8
P03316
66
1
70
0
0
VERTEX
8
P03316
10
200.744659
20
156.802660
30
0.0
0
VERTEX
8
P03316
10
201.675997
20
156.802660
30
0.0
0
SEQEND
0
POLYLINE
8
P03317
66
1
70
0
0
VERTEX
8
P03317
10
200.829322
20
156.717997
30
0.0
0
VERTEX
8
P03317
10
201.591334
20
156.717997
30
0.0
0
SEQEND
0
POLYLINE
8
P03318
66
1
70
0
0
VERTEX
8
P03318
10
200.829322
20
156.633333
30
0.0
0
VERTEX
8
P03318
10
201.591334
20
156.633333
30
0.0
0
SEQEND
0
POLYLINE
8
P03319
66
1
70
0
0
VERTEX
8
P03319
10
200.913985
20
156.548659
30
0.0
0
VERTEX
8
P03319
10
201.506671
20
156.548659
30
0.0
0
SEQEND
0
POLYLINE
8
P03320
66
1
70
0
0
VERTEX
8
P03320
10
200.913985
20
156.463996
30
0.0
0
VERTEX
8
P03320
10
201.506671
20
156.463996
30
0.0
0
SEQEND
0
POLYLINE
8
P03321
66
1
70
0
0
VERTEX
8
P03321
10
200.913985
20
156.379333
30
0.0
0
VERTEX
8
P03321
10
201.421986
20
156.379333
30
0.0
0
SEQEND
0
POLYLINE
8
P03322
66
1
70
0
0
VERTEX
8
P03322
10
200.998670
20
156.294659
30
0.0
0
VERTEX
8
P03322
10
201.421986
20
156.294659
30
0.0
0
SEQEND
0
POLYLINE
8
P03323
66
1
70
0
0
VERTEX
8
P03323
10
200.998670
20
156.209996
30
0.0
0
VERTEX
8
P03323
10
201.421986
20
156.209996
30
0.0
0
SEQEND
0
POLYLINE
8
P03324
66
1
70
0
0
VERTEX
8
P03324
10
201.083333
20
156.125332
30
0.0
0
VERTEX
8
P03324
10
201.337323
20
156.125332
30
0.0
0
SEQEND
0
POLYLINE
8
P03325
66
1
70
0
0
VERTEX
8
P03325
10
201.083333
20
156.040658
30
0.0
0
VERTEX
8
P03325
10
201.337323
20
156.040658
30
0.0
0
SEQEND
0
POLYLINE
8
P03326
66
1
70
0
0
VERTEX
8
P03326
10
201.167997
20
155.955995
30
0.0
0
VERTEX
8
P03326
10
201.252660
20
155.955995
30
0.0
0
SEQEND
0
POLYLINE
8
P03327
66
1
70
0
0
VERTEX
8
P03327
10
201.167997
20
155.871332
30
0.0
0
VERTEX
8
P03327
10
201.252660
20
155.871332
30
0.0
0
VERTEX
8
P03327
10
201.167997
20
155.871332
30
0.0
0
SEQEND
0
POLYLINE
8
P03328
66
1
70
0
0
VERTEX
8
P03328
10
201.167997
20
155.786658
30
0.0
0
VERTEX
8
P03328
10
200.490669
20
160.781993
30
0.0
0
VERTEX
8
P03328
10
201.167997
20
155.786658
30
0.0
0
SEQEND
0
POLYLINE
8
P03329
66
1
70
0
0
VERTEX
8
P03329
10
200.490669
20
160.781993
30
0.0
0
VERTEX
8
P03329
10
201.167997
20
160.273992
30
0.0
0
VERTEX
8
P03329
10
200.490669
20
160.781993
30
0.0
0
SEQEND
0
POLYLINE
8
P03330
66
1
70
0
0
VERTEX
8
P03330
10
201.167997
20
160.273992
30
0.0
0
VERTEX
8
P03330
10
201.845324
20
160.781993
30
0.0
0
VERTEX
8
P03330
10
201.167997
20
160.273992
30
0.0
0
SEQEND
0
POLYLINE
8
P03331
66
1
70
0
0
VERTEX
8
P03331
10
201.845324
20
160.781993
30
0.0
0
VERTEX
8
P03331
10
201.167997
20
155.786658
30
0.0
0
VERTEX
8
P03331
10
201.845324
20
160.781993
30
0.0
0
SEQEND
0
POLYLINE
8
P03332
66
1
70
0
0
VERTEX
8
P03332
10
200.575332
20
160.697329
30
0.0
0
VERTEX
8
P03332
10
200.659996
20
160.697329
30
0.0
0
SEQEND
0
POLYLINE
8
P03333
66
1
70
0
0
VERTEX
8
P03333
10
200.575332
20
160.612666
30
0.0
0
VERTEX
8
P03333
10
200.744659
20
160.612666
30
0.0
0
SEQEND
0
POLYLINE
8
P03334
66
1
70
0
0
VERTEX
8
P03334
10
200.575332
20
160.527992
30
0.0
0
VERTEX
8
P03334
10
200.829322
20
160.527992
30
0.0
0
SEQEND
0
POLYLINE
8
P03335
66
1
70
0
0
VERTEX
8
P03335
10
200.575332
20
160.443329
30
0.0
0
VERTEX
8
P03335
10
200.998670
20
160.443329
30
0.0
0
SEQEND
0
POLYLINE
8
P03336
66
1
70
0
0
VERTEX
8
P03336
10
200.575332
20
160.358666
30
0.0
0
VERTEX
8
P03336
10
201.083333
20
160.358666
30
0.0
0
SEQEND
0
POLYLINE
8
P03337
66
1
70
0
0
VERTEX
8
P03337
10
200.575332
20
160.273992
30
0.0
0
VERTEX
8
P03337
10
201.167997
20
160.273992
30
0.0
0
SEQEND
0
POLYLINE
8
P03338
66
1
70
0
0
VERTEX
8
P03338
10
200.575332
20
160.189329
30
0.0
0
VERTEX
8
P03338
10
201.167997
20
160.189329
30
0.0
0
SEQEND
0
POLYLINE
8
P03339
66
1
70
0
0
VERTEX
8
P03339
10
200.659996
20
160.104665
30
0.0
0
VERTEX
8
P03339
10
201.167997
20
160.104665
30
0.0
0
SEQEND
0
POLYLINE
8
P03340
66
1
70
0
0
VERTEX
8
P03340
10
200.659996
20
160.019991
30
0.0
0
VERTEX
8
P03340
10
201.167997
20
160.019991
30
0.0
0
SEQEND
0
POLYLINE
8
P03341
66
1
70
0
0
VERTEX
8
P03341
10
200.659996
20
159.935328
30
0.0
0
VERTEX
8
P03341
10
201.167997
20
159.935328
30
0.0
0
SEQEND
0
POLYLINE
8
P03342
66
1
70
0
0
VERTEX
8
P03342
10
200.659996
20
159.850665
30
0.0
0
VERTEX
8
P03342
10
201.167997
20
159.850665
30
0.0
0
SEQEND
0
POLYLINE
8
P03343
66
1
70
0
0
VERTEX
8
P03343
10
200.659996
20
159.765991
30
0.0
0
VERTEX
8
P03343
10
201.167997
20
159.765991
30
0.0
0
SEQEND
0
POLYLINE
8
P03344
66
1
70
0
0
VERTEX
8
P03344
10
200.659996
20
159.681328
30
0.0
0
VERTEX
8
P03344
10
201.167997
20
159.681328
30
0.0
0
SEQEND
0
POLYLINE
8
P03345
66
1
70
0
0
VERTEX
8
P03345
10
200.659996
20
159.596665
30
0.0
0
VERTEX
8
P03345
10
201.167997
20
159.596665
30
0.0
0
SEQEND
0
POLYLINE
8
P03346
66
1
70
0
0
VERTEX
8
P03346
10
200.744659
20
159.511991
30
0.0
0
VERTEX
8
P03346
10
201.167997
20
159.511991
30
0.0
0
SEQEND
0
POLYLINE
8
P03347
66
1
70
0
0
VERTEX
8
P03347
10
200.744659
20
159.427327
30
0.0
0
VERTEX
8
P03347
10
201.167997
20
159.427327
30
0.0
0
SEQEND
0
POLYLINE
8
P03348
66
1
70
0
0
VERTEX
8
P03348
10
200.744659
20
159.342664
30
0.0
0
VERTEX
8
P03348
10
201.167997
20
159.342664
30
0.0
0
SEQEND
0
POLYLINE
8
P03349
66
1
70
0
0
VERTEX
8
P03349
10
200.744659
20
159.257990
30
0.0
0
VERTEX
8
P03349
10
201.167997
20
159.257990
30
0.0
0
SEQEND
0
POLYLINE
8
P03350
66
1
70
0
0
VERTEX
8
P03350
10
200.744659
20
159.173327
30
0.0
0
VERTEX
8
P03350
10
201.167997
20
159.173327
30
0.0
0
SEQEND
0
POLYLINE
8
P03351
66
1
70
0
0
VERTEX
8
P03351
10
200.744659
20
159.088664
30
0.0
0
VERTEX
8
P03351
10
201.167997
20
159.088664
30
0.0
0
SEQEND
0
POLYLINE
8
P03352
66
1
70
0
0
VERTEX
8
P03352
10
200.744659
20
159.004000
30
0.0
0
VERTEX
8
P03352
10
201.167997
20
159.004000
30
0.0
0
SEQEND
0
POLYLINE
8
P03353
66
1
70
0
0
VERTEX
8
P03353
10
200.744659
20
158.919326
30
0.0
0
VERTEX
8
P03353
10
201.167997
20
158.919326
30
0.0
0
SEQEND
0
POLYLINE
8
P03354
66
1
70
0
0
VERTEX
8
P03354
10
200.829322
20
158.834663
30
0.0
0
VERTEX
8
P03354
10
201.167997
20
158.834663
30
0.0
0
SEQEND
0
POLYLINE
8
P03355
66
1
70
0
0
VERTEX
8
P03355
10
200.829322
20
158.750000
30
0.0
0
VERTEX
8
P03355
10
201.167997
20
158.750000
30
0.0
0
SEQEND
0
POLYLINE
8
P03356
66
1
70
0
0
VERTEX
8
P03356
10
200.829322
20
158.665326
30
0.0
0
VERTEX
8
P03356
10
201.167997
20
158.665326
30
0.0
0
SEQEND
0
POLYLINE
8
P03357
66
1
70
0
0
VERTEX
8
P03357
10
200.829322
20
158.580663
30
0.0
0
VERTEX
8
P03357
10
201.167997
20
158.580663
30
0.0
0
SEQEND
0
POLYLINE
8
P03358
66
1
70
0
0
VERTEX
8
P03358
10
200.829322
20
158.496000
30
0.0
0
VERTEX
8
P03358
10
201.167997
20
158.496000
30
0.0
0
SEQEND
0
POLYLINE
8
P03359
66
1
70
0
0
VERTEX
8
P03359
10
200.829322
20
158.411326
30
0.0
0
VERTEX
8
P03359
10
201.167997
20
158.411326
30
0.0
0
SEQEND
0
POLYLINE
8
P03360
66
1
70
0
0
VERTEX
8
P03360
10
200.829322
20
158.326662
30
0.0
0
VERTEX
8
P03360
10
201.167997
20
158.326662
30
0.0
0
SEQEND
0
POLYLINE
8
P03361
66
1
70
0
0
VERTEX
8
P03361
10
200.913985
20
158.241999
30
0.0
0
VERTEX
8
P03361
10
201.167997
20
158.241999
30
0.0
0
SEQEND
0
POLYLINE
8
P03362
66
1
70
0
0
VERTEX
8
P03362
10
200.913985
20
158.157325
30
0.0
0
VERTEX
8
P03362
10
201.167997
20
158.157325
30
0.0
0
SEQEND
0
POLYLINE
8
P03363
66
1
70
0
0
VERTEX
8
P03363
10
200.913985
20
158.072662
30
0.0
0
VERTEX
8
P03363
10
201.167997
20
158.072662
30
0.0
0
SEQEND
0
POLYLINE
8
P03364
66
1
70
0
0
VERTEX
8
P03364
10
200.913985
20
157.987999
30
0.0
0
VERTEX
8
P03364
10
201.167997
20
157.987999
30
0.0
0
SEQEND
0
POLYLINE
8
P03365
66
1
70
0
0
VERTEX
8
P03365
10
200.913985
20
157.903325
30
0.0
0
VERTEX
8
P03365
10
201.167997
20
157.903325
30
0.0
0
SEQEND
0
POLYLINE
8
P03366
66
1
70
0
0
VERTEX
8
P03366
10
200.913985
20
157.818661
30
0.0
0
VERTEX
8
P03366
10
201.167997
20
157.818661
30
0.0
0
SEQEND
0
POLYLINE
8
P03367
66
1
70
0
0
VERTEX
8
P03367
10
200.913985
20
157.733998
30
0.0
0
VERTEX
8
P03367
10
201.167997
20
157.733998
30
0.0
0
SEQEND
0
POLYLINE
8
P03368
66
1
70
0
0
VERTEX
8
P03368
10
200.998670
20
157.649324
30
0.0
0
VERTEX
8
P03368
10
201.167997
20
157.649324
30
0.0
0
SEQEND
0
POLYLINE
8
P03369
66
1
70
0
0
VERTEX
8
P03369
10
200.998670
20
157.564661
30
0.0
0
VERTEX
8
P03369
10
201.167997
20
157.564661
30
0.0
0
SEQEND
0
POLYLINE
8
P03370
66
1
70
0
0
VERTEX
8
P03370
10
200.998670
20
157.479998
30
0.0
0
VERTEX
8
P03370
10
201.167997
20
157.479998
30
0.0
0
SEQEND
0
POLYLINE
8
P03371
66
1
70
0
0
VERTEX
8
P03371
10
200.998670
20
157.395324
30
0.0
0
VERTEX
8
P03371
10
201.167997
20
157.395324
30
0.0
0
SEQEND
0
POLYLINE
8
P03372
66
1
70
0
0
VERTEX
8
P03372
10
200.998670
20
157.310661
30
0.0
0
VERTEX
8
P03372
10
201.167997
20
157.310661
30
0.0
0
SEQEND
0
POLYLINE
8
P03373
66
1
70
0
0
VERTEX
8
P03373
10
200.998670
20
157.225997
30
0.0
0
VERTEX
8
P03373
10
201.167997
20
157.225997
30
0.0
0
SEQEND
0
POLYLINE
8
P03374
66
1
70
0
0
VERTEX
8
P03374
10
200.998670
20
157.141323
30
0.0
0
VERTEX
8
P03374
10
201.167997
20
157.141323
30
0.0
0
SEQEND
0
POLYLINE
8
P03375
66
1
70
0
0
VERTEX
8
P03375
10
200.998670
20
157.056660
30
0.0
0
VERTEX
8
P03375
10
201.167997
20
157.056660
30
0.0
0
SEQEND
0
POLYLINE
8
P03376
66
1
70
0
0
VERTEX
8
P03376
10
201.083333
20
156.971997
30
0.0
0
VERTEX
8
P03376
10
201.167997
20
156.971997
30
0.0
0
SEQEND
0
POLYLINE
8
P03377
66
1
70
0
0
VERTEX
8
P03377
10
201.083333
20
156.887334
30
0.0
0
VERTEX
8
P03377
10
201.167997
20
156.887334
30
0.0
0
SEQEND
0
POLYLINE
8
P03378
66
1
70
0
0
VERTEX
8
P03378
10
201.083333
20
156.802660
30
0.0
0
VERTEX
8
P03378
10
201.167997
20
156.802660
30
0.0
0
SEQEND
0
POLYLINE
8
P03379
66
1
70
0
0
VERTEX
8
P03379
10
201.083333
20
156.717997
30
0.0
0
VERTEX
8
P03379
10
201.167997
20
156.717997
30
0.0
0
SEQEND
0
POLYLINE
8
P03380
66
1
70
0
0
VERTEX
8
P03380
10
201.083333
20
156.633333
30
0.0
0
VERTEX
8
P03380
10
201.167997
20
156.633333
30
0.0
0
SEQEND
0
POLYLINE
8
P03381
66
1
70
0
0
VERTEX
8
P03381
10
201.083333
20
156.548659
30
0.0
0
VERTEX
8
P03381
10
201.167997
20
156.548659
30
0.0
0
SEQEND
0
POLYLINE
8
P03382
66
1
70
0
0
VERTEX
8
P03382
10
201.083333
20
156.463996
30
0.0
0
VERTEX
8
P03382
10
201.167997
20
156.463996
30
0.0
0
VERTEX
8
P03382
10
201.083333
20
156.463996
30
0.0
0
SEQEND
0
POLYLINE
8
P03383
66
1
70
0
0
VERTEX
8
P03383
10
201.760661
20
160.697329
30
0.0
0
VERTEX
8
P03383
10
201.845324
20
160.697329
30
0.0
0
SEQEND
0
POLYLINE
8
P03384
66
1
70
0
0
VERTEX
8
P03384
10
201.675997
20
160.612666
30
0.0
0
VERTEX
8
P03384
10
201.845324
20
160.612666
30
0.0
0
SEQEND
0
POLYLINE
8
P03385
66
1
70
0
0
VERTEX
8
P03385
10
201.506671
20
160.527992
30
0.0
0
VERTEX
8
P03385
10
201.845324
20
160.527992
30
0.0
0
SEQEND
0
POLYLINE
8
P03386
66
1
70
0
0
VERTEX
8
P03386
10
201.421986
20
160.443329
30
0.0
0
VERTEX
8
P03386
10
201.845324
20
160.443329
30
0.0
0
SEQEND
0
POLYLINE
8
P03387
66
1
70
0
0
VERTEX
8
P03387
10
201.337323
20
160.358666
30
0.0
0
VERTEX
8
P03387
10
201.845324
20
160.358666
30
0.0
0
SEQEND
0
POLYLINE
8
P03388
66
1
70
0
0
VERTEX
8
P03388
10
201.167997
20
160.273992
30
0.0
0
VERTEX
8
P03388
10
201.845324
20
160.273992
30
0.0
0
SEQEND
0
POLYLINE
8
P03389
66
1
70
0
0
VERTEX
8
P03389
10
201.167997
20
160.189329
30
0.0
0
VERTEX
8
P03389
10
201.845324
20
160.189329
30
0.0
0
SEQEND
0
POLYLINE
8
P03390
66
1
70
0
0
VERTEX
8
P03390
10
201.167997
20
160.104665
30
0.0
0
VERTEX
8
P03390
10
201.760661
20
160.104665
30
0.0
0
SEQEND
0
POLYLINE
8
P03391
66
1
70
0
0
VERTEX
8
P03391
10
201.167997
20
160.019991
30
0.0
0
VERTEX
8
P03391
10
201.760661
20
160.019991
30
0.0
0
SEQEND
0
POLYLINE
8
P03392
66
1
70
0
0
VERTEX
8
P03392
10
201.167997
20
159.935328
30
0.0
0
VERTEX
8
P03392
10
201.760661
20
159.935328
30
0.0
0
SEQEND
0
POLYLINE
8
P03393
66
1
70
0
0
VERTEX
8
P03393
10
201.167997
20
159.850665
30
0.0
0
VERTEX
8
P03393
10
201.760661
20
159.850665
30
0.0
0
SEQEND
0
POLYLINE
8
P03394
66
1
70
0
0
VERTEX
8
P03394
10
201.167997
20
159.765991
30
0.0
0
VERTEX
8
P03394
10
201.760661
20
159.765991
30
0.0
0
SEQEND
0
POLYLINE
8
P03395
66
1
70
0
0
VERTEX
8
P03395
10
201.167997
20
159.681328
30
0.0
0
VERTEX
8
P03395
10
201.760661
20
159.681328
30
0.0
0
SEQEND
0
POLYLINE
8
P03396
66
1
70
0
0
VERTEX
8
P03396
10
201.167997
20
159.596665
30
0.0
0
VERTEX
8
P03396
10
201.760661
20
159.596665
30
0.0
0
SEQEND
0
POLYLINE
8
P03397
66
1
70
0
0
VERTEX
8
P03397
10
201.167997
20
159.511991
30
0.0
0
VERTEX
8
P03397
10
201.675997
20
159.511991
30
0.0
0
SEQEND
0
POLYLINE
8
P03398
66
1
70
0
0
VERTEX
8
P03398
10
201.167997
20
159.427327
30
0.0
0
VERTEX
8
P03398
10
201.675997
20
159.427327
30
0.0
0
SEQEND
0
POLYLINE
8
P03399
66
1
70
0
0
VERTEX
8
P03399
10
201.167997
20
159.342664
30
0.0
0
VERTEX
8
P03399
10
201.675997
20
159.342664
30
0.0
0
SEQEND
0
POLYLINE
8
P03400
66
1
70
0
0
VERTEX
8
P03400
10
201.167997
20
159.257990
30
0.0
0
VERTEX
8
P03400
10
201.675997
20
159.257990
30
0.0
0
SEQEND
0
POLYLINE
8
P03401
66
1
70
0
0
VERTEX
8
P03401
10
201.167997
20
159.173327
30
0.0
0
VERTEX
8
P03401
10
201.675997
20
159.173327
30
0.0
0
SEQEND
0
POLYLINE
8
P03402
66
1
70
0
0
VERTEX
8
P03402
10
201.167997
20
159.088664
30
0.0
0
VERTEX
8
P03402
10
201.675997
20
159.088664
30
0.0
0
SEQEND
0
POLYLINE
8
P03403
66
1
70
0
0
VERTEX
8
P03403
10
201.167997
20
159.004000
30
0.0
0
VERTEX
8
P03403
10
201.675997
20
159.004000
30
0.0
0
SEQEND
0
POLYLINE
8
P03404
66
1
70
0
0
VERTEX
8
P03404
10
201.167997
20
158.919326
30
0.0
0
VERTEX
8
P03404
10
201.675997
20
158.919326
30
0.0
0
SEQEND
0
POLYLINE
8
P03405
66
1
70
0
0
VERTEX
8
P03405
10
201.167997
20
158.834663
30
0.0
0
VERTEX
8
P03405
10
201.591334
20
158.834663
30
0.0
0
SEQEND
0
POLYLINE
8
P03406
66
1
70
0
0
VERTEX
8
P03406
10
201.167997
20
158.750000
30
0.0
0
VERTEX
8
P03406
10
201.591334
20
158.750000
30
0.0
0
SEQEND
0
POLYLINE
8
P03407
66
1
70
0
0
VERTEX
8
P03407
10
201.167997
20
158.665326
30
0.0
0
VERTEX
8
P03407
10
201.591334
20
158.665326
30
0.0
0
SEQEND
0
POLYLINE
8
P03408
66
1
70
0
0
VERTEX
8
P03408
10
201.167997
20
158.580663
30
0.0
0
VERTEX
8
P03408
10
201.591334
20
158.580663
30
0.0
0
SEQEND
0
POLYLINE
8
P03409
66
1
70
0
0
VERTEX
8
P03409
10
201.167997
20
158.496000
30
0.0
0
VERTEX
8
P03409
10
201.591334
20
158.496000
30
0.0
0
SEQEND
0
POLYLINE
8
P03410
66
1
70
0
0
VERTEX
8
P03410
10
201.167997
20
158.411326
30
0.0
0
VERTEX
8
P03410
10
201.591334
20
158.411326
30
0.0
0
SEQEND
0
POLYLINE
8
P03411
66
1
70
0
0
VERTEX
8
P03411
10
201.167997
20
158.326662
30
0.0
0
VERTEX
8
P03411
10
201.591334
20
158.326662
30
0.0
0
SEQEND
0
POLYLINE
8
P03412
66
1
70
0
0
VERTEX
8
P03412
10
201.167997
20
158.241999
30
0.0
0
VERTEX
8
P03412
10
201.506671
20
158.241999
30
0.0
0
SEQEND
0
POLYLINE
8
P03413
66
1
70
0
0
VERTEX
8
P03413
10
201.167997
20
158.157325
30
0.0
0
VERTEX
8
P03413
10
201.506671
20
158.157325
30
0.0
0
SEQEND
0
POLYLINE
8
P03414
66
1
70
0
0
VERTEX
8
P03414
10
201.167997
20
158.072662
30
0.0
0
VERTEX
8
P03414
10
201.506671
20
158.072662
30
0.0
0
SEQEND
0
POLYLINE
8
P03415
66
1
70
0
0
VERTEX
8
P03415
10
201.167997
20
157.987999
30
0.0
0
VERTEX
8
P03415
10
201.506671
20
157.987999
30
0.0
0
SEQEND
0
POLYLINE
8
P03416
66
1
70
0
0
VERTEX
8
P03416
10
201.167997
20
157.903325
30
0.0
0
VERTEX
8
P03416
10
201.506671
20
157.903325
30
0.0
0
SEQEND
0
POLYLINE
8
P03417
66
1
70
0
0
VERTEX
8
P03417
10
201.167997
20
157.818661
30
0.0
0
VERTEX
8
P03417
10
201.506671
20
157.818661
30
0.0
0
SEQEND
0
POLYLINE
8
P03418
66
1
70
0
0
VERTEX
8
P03418
10
201.167997
20
157.733998
30
0.0
0
VERTEX
8
P03418
10
201.506671
20
157.733998
30
0.0
0
SEQEND
0
POLYLINE
8
P03419
66
1
70
0
0
VERTEX
8
P03419
10
201.167997
20
157.649324
30
0.0
0
VERTEX
8
P03419
10
201.421986
20
157.649324
30
0.0
0
SEQEND
0
POLYLINE
8
P03420
66
1
70
0
0
VERTEX
8
P03420
10
201.167997
20
157.564661
30
0.0
0
VERTEX
8
P03420
10
201.421986
20
157.564661
30
0.0
0
SEQEND
0
POLYLINE
8
P03421
66
1
70
0
0
VERTEX
8
P03421
10
201.167997
20
157.479998
30
0.0
0
VERTEX
8
P03421
10
201.421986
20
157.479998
30
0.0
0
SEQEND
0
POLYLINE
8
P03422
66
1
70
0
0
VERTEX
8
P03422
10
201.167997
20
157.395324
30
0.0
0
VERTEX
8
P03422
10
201.421986
20
157.395324
30
0.0
0
SEQEND
0
POLYLINE
8
P03423
66
1
70
0
0
VERTEX
8
P03423
10
201.167997
20
157.310661
30
0.0
0
VERTEX
8
P03423
10
201.421986
20
157.310661
30
0.0
0
SEQEND
0
POLYLINE
8
P03424
66
1
70
0
0
VERTEX
8
P03424
10
201.167997
20
157.225997
30
0.0
0
VERTEX
8
P03424
10
201.421986
20
157.225997
30
0.0
0
SEQEND
0
POLYLINE
8
P03425
66
1
70
0
0
VERTEX
8
P03425
10
201.167997
20
157.141323
30
0.0
0
VERTEX
8
P03425
10
201.421986
20
157.141323
30
0.0
0
SEQEND
0
POLYLINE
8
P03426
66
1
70
0
0
VERTEX
8
P03426
10
201.167997
20
157.056660
30
0.0
0
VERTEX
8
P03426
10
201.421986
20
157.056660
30
0.0
0
SEQEND
0
POLYLINE
8
P03427
66
1
70
0
0
VERTEX
8
P03427
10
201.167997
20
156.971997
30
0.0
0
VERTEX
8
P03427
10
201.337323
20
156.971997
30
0.0
0
SEQEND
0
POLYLINE
8
P03428
66
1
70
0
0
VERTEX
8
P03428
10
201.167997
20
156.887334
30
0.0
0
VERTEX
8
P03428
10
201.337323
20
156.887334
30
0.0
0
SEQEND
0
POLYLINE
8
P03429
66
1
70
0
0
VERTEX
8
P03429
10
201.167997
20
156.802660
30
0.0
0
VERTEX
8
P03429
10
201.337323
20
156.802660
30
0.0
0
SEQEND
0
POLYLINE
8
P03430
66
1
70
0
0
VERTEX
8
P03430
10
201.167997
20
156.717997
30
0.0
0
VERTEX
8
P03430
10
201.337323
20
156.717997
30
0.0
0
SEQEND
0
POLYLINE
8
P03431
66
1
70
0
0
VERTEX
8
P03431
10
201.167997
20
156.633333
30
0.0
0
VERTEX
8
P03431
10
201.337323
20
156.633333
30
0.0
0
SEQEND
0
POLYLINE
8
P03432
66
1
70
0
0
VERTEX
8
P03432
10
201.167997
20
156.548659
30
0.0
0
VERTEX
8
P03432
10
201.337323
20
156.548659
30
0.0
0
SEQEND
0
POLYLINE
8
P03433
66
1
70
0
0
VERTEX
8
P03433
10
201.167997
20
156.463996
30
0.0
0
VERTEX
8
P03433
10
201.337323
20
156.463996
30
0.0
0
SEQEND
0
POLYLINE
8
P03434
66
1
70
0
0
VERTEX
8
P03434
10
201.167997
20
156.379333
30
0.0
0
VERTEX
8
P03434
10
201.252660
20
156.379333
30
0.0
0
SEQEND
0
POLYLINE
8
P03435
66
1
70
0
0
VERTEX
8
P03435
10
201.167997
20
156.294659
30
0.0
0
VERTEX
8
P03435
10
201.252660
20
156.294659
30
0.0
0
SEQEND
0
POLYLINE
8
P03436
66
1
70
0
0
VERTEX
8
P03436
10
201.167997
20
156.209996
30
0.0
0
VERTEX
8
P03436
10
201.252660
20
156.209996
30
0.0
0
SEQEND
0
POLYLINE
8
P03437
66
1
70
0
0
VERTEX
8
P03437
10
201.167997
20
156.125332
30
0.0
0
VERTEX
8
P03437
10
201.252660
20
156.125332
30
0.0
0
SEQEND
0
POLYLINE
8
P03438
66
1
70
0
0
VERTEX
8
P03438
10
201.167997
20
156.040658
30
0.0
0
VERTEX
8
P03438
10
201.252660
20
156.040658
30
0.0
0
SEQEND
0
POLYLINE
8
P03439
66
1
70
0
0
VERTEX
8
P03439
10
201.167997
20
155.955995
30
0.0
0
VERTEX
8
P03439
10
201.252660
20
155.955995
30
0.0
0
SEQEND
0
POLYLINE
8
P03440
66
1
70
0
0
VERTEX
8
P03440
10
201.167997
20
155.871332
30
0.0
0
VERTEX
8
P03440
10
201.252660
20
155.871332
30
0.0
0
VERTEX
8
P03440
10
201.167997
20
155.871332
30
0.0
0
SEQEND
0
POLYLINE
8
P03441
66
1
70
0
0
VERTEX
8
P03441
10
201.167997
20
170.687999
30
0.0
0
VERTEX
8
P03441
10
201.252660
20
170.687999
30
0.0
0
SEQEND
0
POLYLINE
8
P03442
66
1
70
0
0
VERTEX
8
P03442
10
201.167997
20
170.603325
30
0.0
0
VERTEX
8
P03442
10
201.252660
20
170.603325
30
0.0
0
SEQEND
0
POLYLINE
8
P03443
66
1
70
0
0
VERTEX
8
P03443
10
201.083333
20
170.518661
30
0.0
0
VERTEX
8
P03443
10
201.337323
20
170.518661
30
0.0
0
SEQEND
0
POLYLINE
8
P03444
66
1
70
0
0
VERTEX
8
P03444
10
201.083333
20
170.433998
30
0.0
0
VERTEX
8
P03444
10
201.337323
20
170.433998
30
0.0
0
SEQEND
0
POLYLINE
8
P03445
66
1
70
0
0
VERTEX
8
P03445
10
200.998670
20
170.349324
30
0.0
0
VERTEX
8
P03445
10
201.421986
20
170.349324
30
0.0
0
SEQEND
0
POLYLINE
8
P03446
66
1
70
0
0
VERTEX
8
P03446
10
200.998670
20
170.264661
30
0.0
0
VERTEX
8
P03446
10
201.421986
20
170.264661
30
0.0
0
SEQEND
0
POLYLINE
8
P03447
66
1
70
0
0
VERTEX
8
P03447
10
200.913985
20
170.179998
30
0.0
0
VERTEX
8
P03447
10
201.421986
20
170.179998
30
0.0
0
SEQEND
0
POLYLINE
8
P03448
66
1
70
0
0
VERTEX
8
P03448
10
200.913985
20
170.095324
30
0.0
0
VERTEX
8
P03448
10
201.506671
20
170.095324
30
0.0
0
SEQEND
0
POLYLINE
8
P03449
66
1
70
0
0
VERTEX
8
P03449
10
200.913985
20
170.010661
30
0.0
0
VERTEX
8
P03449
10
201.506671
20
170.010661
30
0.0
0
SEQEND
0
POLYLINE
8
P03450
66
1
70
0
0
VERTEX
8
P03450
10
200.829322
20
169.925997
30
0.0
0
VERTEX
8
P03450
10
201.591334
20
169.925997
30
0.0
0
SEQEND
0
POLYLINE
8
P03451
66
1
70
0
0
VERTEX
8
P03451
10
200.829322
20
169.841323
30
0.0
0
VERTEX
8
P03451
10
201.591334
20
169.841323
30
0.0
0
SEQEND
0
POLYLINE
8
P03452
66
1
70
0
0
VERTEX
8
P03452
10
200.744659
20
169.756660
30
0.0
0
VERTEX
8
P03452
10
201.675997
20
169.756660
30
0.0
0
SEQEND
0
POLYLINE
8
P03453
66
1
70
0
0
VERTEX
8
P03453
10
200.744659
20
169.671997
30
0.0
0
VERTEX
8
P03453
10
201.675997
20
169.671997
30
0.0
0
SEQEND
0
POLYLINE
8
P03454
66
1
70
0
0
VERTEX
8
P03454
10
200.659996
20
169.587334
30
0.0
0
VERTEX
8
P03454
10
201.675997
20
169.587334
30
0.0
0
SEQEND
0
POLYLINE
8
P03455
66
1
70
0
0
VERTEX
8
P03455
10
200.659996
20
169.502660
30
0.0
0
VERTEX
8
P03455
10
201.760661
20
169.502660
30
0.0
0
SEQEND
0
POLYLINE
8
P03456
66
1
70
0
0
VERTEX
8
P03456
10
200.659996
20
169.417997
30
0.0
0
VERTEX
8
P03456
10
201.760661
20
169.417997
30
0.0
0
SEQEND
0
POLYLINE
8
P03457
66
1
70
0
0
VERTEX
8
P03457
10
200.575332
20
169.333333
30
0.0
0
VERTEX
8
P03457
10
201.845324
20
169.333333
30
0.0
0
SEQEND
0
POLYLINE
8
P03458
66
1
70
0
0
VERTEX
8
P03458
10
200.575332
20
169.248659
30
0.0
0
VERTEX
8
P03458
10
201.845324
20
169.248659
30
0.0
0
SEQEND
0
POLYLINE
8
P03459
66
1
70
0
0
VERTEX
8
P03459
10
200.490669
20
169.163996
30
0.0
0
VERTEX
8
P03459
10
201.929987
20
169.163996
30
0.0
0
SEQEND
0
POLYLINE
8
P03460
66
1
70
0
0
VERTEX
8
P03460
10
200.490669
20
169.079333
30
0.0
0
VERTEX
8
P03460
10
201.929987
20
169.079333
30
0.0
0
SEQEND
0
POLYLINE
8
P03461
66
1
70
0
0
VERTEX
8
P03461
10
200.406006
20
168.994659
30
0.0
0
VERTEX
8
P03461
10
201.929987
20
168.994659
30
0.0
0
SEQEND
0
POLYLINE
8
P03462
66
1
70
0
0
VERTEX
8
P03462
10
200.406006
20
168.909996
30
0.0
0
VERTEX
8
P03462
10
202.014672
20
168.909996
30
0.0
0
SEQEND
0
POLYLINE
8
P03463
66
1
70
0
0
VERTEX
8
P03463
10
200.406006
20
168.825332
30
0.0
0
VERTEX
8
P03463
10
202.014672
20
168.825332
30
0.0
0
SEQEND
0
POLYLINE
8
P03464
66
1
70
0
0
VERTEX
8
P03464
10
200.406006
20
168.740658
30
0.0
0
VERTEX
8
P03464
10
202.014672
20
168.740658
30
0.0
0
SEQEND
0
POLYLINE
8
P03465
66
1
70
0
0
VERTEX
8
P03465
10
200.406006
20
168.655995
30
0.0
0
VERTEX
8
P03465
10
202.014672
20
168.655995
30
0.0
0
SEQEND
0
POLYLINE
8
P03466
66
1
70
0
0
VERTEX
8
P03466
10
200.406006
20
168.571332
30
0.0
0
VERTEX
8
P03466
10
202.014672
20
168.571332
30
0.0
0
SEQEND
0
POLYLINE
8
P03467
66
1
70
0
0
VERTEX
8
P03467
10
200.406006
20
168.486658
30
0.0
0
VERTEX
8
P03467
10
202.014672
20
168.486658
30
0.0
0
SEQEND
0
POLYLINE
8
P03468
66
1
70
0
0
VERTEX
8
P03468
10
200.406006
20
168.401995
30
0.0
0
VERTEX
8
P03468
10
202.014672
20
168.401995
30
0.0
0
SEQEND
0
POLYLINE
8
P03469
66
1
70
0
0
VERTEX
8
P03469
10
200.406006
20
168.317332
30
0.0
0
VERTEX
8
P03469
10
202.099335
20
168.317332
30
0.0
0
SEQEND
0
POLYLINE
8
P03470
66
1
70
0
0
VERTEX
8
P03470
10
200.321321
20
168.232658
30
0.0
0
VERTEX
8
P03470
10
202.099335
20
168.232658
30
0.0
0
SEQEND
0
POLYLINE
8
P03471
66
1
70
0
0
VERTEX
8
P03471
10
200.321321
20
168.147994
30
0.0
0
VERTEX
8
P03471
10
202.099335
20
168.147994
30
0.0
0
SEQEND
0
POLYLINE
8
P03472
66
1
70
0
0
VERTEX
8
P03472
10
200.321321
20
168.063331
30
0.0
0
VERTEX
8
P03472
10
202.099335
20
168.063331
30
0.0
0
SEQEND
0
POLYLINE
8
P03473
66
1
70
0
0
VERTEX
8
P03473
10
200.321321
20
167.978657
30
0.0
0
VERTEX
8
P03473
10
202.099335
20
167.978657
30
0.0
0
SEQEND
0
POLYLINE
8
P03474
66
1
70
0
0
VERTEX
8
P03474
10
200.321321
20
167.893994
30
0.0
0
VERTEX
8
P03474
10
202.099335
20
167.893994
30
0.0
0
SEQEND
0
POLYLINE
8
P03475
66
1
70
0
0
VERTEX
8
P03475
10
200.321321
20
167.809331
30
0.0
0
VERTEX
8
P03475
10
202.099335
20
167.809331
30
0.0
0
SEQEND
0
POLYLINE
8
P03476
66
1
70
0
0
VERTEX
8
P03476
10
200.321321
20
167.724657
30
0.0
0
VERTEX
8
P03476
10
202.183998
20
167.724657
30
0.0
0
SEQEND
0
POLYLINE
8
P03477
66
1
70
0
0
VERTEX
8
P03477
10
200.321321
20
167.639994
30
0.0
0
VERTEX
8
P03477
10
202.183998
20
167.639994
30
0.0
0
SEQEND
0
POLYLINE
8
P03478
66
1
70
0
0
VERTEX
8
P03478
10
200.321321
20
167.555330
30
0.0
0
VERTEX
8
P03478
10
202.183998
20
167.555330
30
0.0
0
SEQEND
0
POLYLINE
8
P03479
66
1
70
0
0
VERTEX
8
P03479
10
200.236658
20
167.470667
30
0.0
0
VERTEX
8
P03479
10
202.183998
20
167.470667
30
0.0
0
SEQEND
0
POLYLINE
8
P03480
66
1
70
0
0
VERTEX
8
P03480
10
200.236658
20
167.385993
30
0.0
0
VERTEX
8
P03480
10
202.183998
20
167.385993
30
0.0
0
SEQEND
0
POLYLINE
8
P03481
66
1
70
0
0
VERTEX
8
P03481
10
200.236658
20
167.301330
30
0.0
0
VERTEX
8
P03481
10
202.183998
20
167.301330
30
0.0
0
SEQEND
0
POLYLINE
8
P03482
66
1
70
0
0
VERTEX
8
P03482
10
200.236658
20
167.216667
30
0.0
0
VERTEX
8
P03482
10
202.183998
20
167.216667
30
0.0
0
SEQEND
0
POLYLINE
8
P03483
66
1
70
0
0
VERTEX
8
P03483
10
200.236658
20
167.131993
30
0.0
0
VERTEX
8
P03483
10
202.183998
20
167.131993
30
0.0
0
SEQEND
0
POLYLINE
8
P03484
66
1
70
0
0
VERTEX
8
P03484
10
200.236658
20
167.047329
30
0.0
0
VERTEX
8
P03484
10
202.268661
20
167.047329
30
0.0
0
SEQEND
0
POLYLINE
8
P03485
66
1
70
0
0
VERTEX
8
P03485
10
200.236658
20
166.962666
30
0.0
0
VERTEX
8
P03485
10
202.268661
20
166.962666
30
0.0
0
SEQEND
0
POLYLINE
8
P03486
66
1
70
0
0
VERTEX
8
P03486
10
200.236658
20
166.877992
30
0.0
0
VERTEX
8
P03486
10
202.268661
20
166.877992
30
0.0
0
SEQEND
0
POLYLINE
8
P03487
66
1
70
0
0
VERTEX
8
P03487
10
200.236658
20
166.793329
30
0.0
0
VERTEX
8
P03487
10
202.268661
20
166.793329
30
0.0
0
SEQEND
0
POLYLINE
8
P03488
66
1
70
0
0
VERTEX
8
P03488
10
200.151995
20
166.708666
30
0.0
0
VERTEX
8
P03488
10
202.268661
20
166.708666
30
0.0
0
SEQEND
0
POLYLINE
8
P03489
66
1
70
0
0
VERTEX
8
P03489
10
200.151995
20
166.623992
30
0.0
0
VERTEX
8
P03489
10
202.268661
20
166.623992
30
0.0
0
SEQEND
0
POLYLINE
8
P03490
66
1
70
0
0
VERTEX
8
P03490
10
200.151995
20
166.539329
30
0.0
0
VERTEX
8
P03490
10
202.268661
20
166.539329
30
0.0
0
SEQEND
0
POLYLINE
8
P03491
66
1
70
0
0
VERTEX
8
P03491
10
200.151995
20
166.454665
30
0.0
0
VERTEX
8
P03491
10
202.353325
20
166.454665
30
0.0
0
SEQEND
0
POLYLINE
8
P03492
66
1
70
0
0
VERTEX
8
P03492
10
200.151995
20
166.369991
30
0.0
0
VERTEX
8
P03492
10
202.353325
20
166.369991
30
0.0
0
SEQEND
0
POLYLINE
8
P03493
66
1
70
0
0
VERTEX
8
P03493
10
200.151995
20
166.285328
30
0.0
0
VERTEX
8
P03493
10
202.353325
20
166.285328
30
0.0
0
SEQEND
0
POLYLINE
8
P03494
66
1
70
0
0
VERTEX
8
P03494
10
200.151995
20
166.200665
30
0.0
0
VERTEX
8
P03494
10
202.353325
20
166.200665
30
0.0
0
SEQEND
0
POLYLINE
8
P03495
66
1
70
0
0
VERTEX
8
P03495
10
200.151995
20
166.115991
30
0.0
0
VERTEX
8
P03495
10
202.353325
20
166.115991
30
0.0
0
SEQEND
0
POLYLINE
8
P03496
66
1
70
0
0
VERTEX
8
P03496
10
200.151995
20
166.031328
30
0.0
0
VERTEX
8
P03496
10
202.353325
20
166.031328
30
0.0
0
SEQEND
0
POLYLINE
8
P03497
66
1
70
0
0
VERTEX
8
P03497
10
200.067332
20
165.946665
30
0.0
0
VERTEX
8
P03497
10
202.353325
20
165.946665
30
0.0
0
SEQEND
0
POLYLINE
8
P03498
66
1
70
0
0
VERTEX
8
P03498
10
200.067332
20
165.861991
30
0.0
0
VERTEX
8
P03498
10
202.437988
20
165.861991
30
0.0
0
SEQEND
0
POLYLINE
8
P03499
66
1
70
0
0
VERTEX
8
P03499
10
200.067332
20
165.777327
30
0.0
0
VERTEX
8
P03499
10
202.437988
20
165.777327
30
0.0
0
SEQEND
0
POLYLINE
8
P03500
66
1
70
0
0
VERTEX
8
P03500
10
200.067332
20
165.692664
30
0.0
0
VERTEX
8
P03500
10
202.437988
20
165.692664
30
0.0
0
SEQEND
0
POLYLINE
8
P03501
66
1
70
0
0
VERTEX
8
P03501
10
200.067332
20
165.607990
30
0.0
0
VERTEX
8
P03501
10
202.437988
20
165.607990
30
0.0
0
SEQEND
0
POLYLINE
8
P03502
66
1
70
0
0
VERTEX
8
P03502
10
200.067332
20
165.523327
30
0.0
0
VERTEX
8
P03502
10
202.437988
20
165.523327
30
0.0
0
SEQEND
0
POLYLINE
8
P03503
66
1
70
0
0
VERTEX
8
P03503
10
200.067332
20
165.438664
30
0.0
0
VERTEX
8
P03503
10
202.437988
20
165.438664
30
0.0
0
SEQEND
0
POLYLINE
8
P03504
66
1
70
0
0
VERTEX
8
P03504
10
200.067332
20
165.354000
30
0.0
0
VERTEX
8
P03504
10
202.437988
20
165.354000
30
0.0
0
VERTEX
8
P03504
10
200.067332
20
165.354000
30
0.0
0
SEQEND
0
POLYLINE
8
P03505
66
1
70
0
0
VERTEX
8
P03505
10
201.167997
20
170.772662
30
0.0
0
VERTEX
8
P03505
10
201.845324
20
165.777327
30
0.0
0
VERTEX
8
P03505
10
201.167997
20
170.772662
30
0.0
0
SEQEND
0
POLYLINE
8
P03506
66
1
70
0
0
VERTEX
8
P03506
10
201.845324
20
165.777327
30
0.0
0
VERTEX
8
P03506
10
201.167997
20
166.285328
30
0.0
0
VERTEX
8
P03506
10
201.845324
20
165.777327
30
0.0
0
SEQEND
0
POLYLINE
8
P03507
66
1
70
0
0
VERTEX
8
P03507
10
201.167997
20
166.285328
30
0.0
0
VERTEX
8
P03507
10
200.490669
20
165.777327
30
0.0
0
VERTEX
8
P03507
10
201.167997
20
166.285328
30
0.0
0
SEQEND
0
POLYLINE
8
P03508
66
1
70
0
0
VERTEX
8
P03508
10
200.490669
20
165.777327
30
0.0
0
VERTEX
8
P03508
10
201.167997
20
170.772662
30
0.0
0
VERTEX
8
P03508
10
200.490669
20
165.777327
30
0.0
0
SEQEND
0
POLYLINE
8
P03509
66
1
70
0
0
VERTEX
8
P03509
10
201.167997
20
170.687999
30
0.0
0
VERTEX
8
P03509
10
201.252660
20
170.687999
30
0.0
0
SEQEND
0
POLYLINE
8
P03510
66
1
70
0
0
VERTEX
8
P03510
10
201.167997
20
170.603325
30
0.0
0
VERTEX
8
P03510
10
201.252660
20
170.603325
30
0.0
0
SEQEND
0
POLYLINE
8
P03511
66
1
70
0
0
VERTEX
8
P03511
10
201.167997
20
170.518661
30
0.0
0
VERTEX
8
P03511
10
201.252660
20
170.518661
30
0.0
0
SEQEND
0
POLYLINE
8
P03512
66
1
70
0
0
VERTEX
8
P03512
10
201.167997
20
170.433998
30
0.0
0
VERTEX
8
P03512
10
201.252660
20
170.433998
30
0.0
0
SEQEND
0
POLYLINE
8
P03513
66
1
70
0
0
VERTEX
8
P03513
10
201.167997
20
170.349324
30
0.0
0
VERTEX
8
P03513
10
201.252660
20
170.349324
30
0.0
0
SEQEND
0
POLYLINE
8
P03514
66
1
70
0
0
VERTEX
8
P03514
10
201.167997
20
170.264661
30
0.0
0
VERTEX
8
P03514
10
201.252660
20
170.264661
30
0.0
0
SEQEND
0
POLYLINE
8
P03515
66
1
70
0
0
VERTEX
8
P03515
10
201.167997
20
170.179998
30
0.0
0
VERTEX
8
P03515
10
201.252660
20
170.179998
30
0.0
0
SEQEND
0
POLYLINE
8
P03516
66
1
70
0
0
VERTEX
8
P03516
10
201.167997
20
170.095324
30
0.0
0
VERTEX
8
P03516
10
201.337323
20
170.095324
30
0.0
0
SEQEND
0
POLYLINE
8
P03517
66
1
70
0
0
VERTEX
8
P03517
10
201.167997
20
170.010661
30
0.0
0
VERTEX
8
P03517
10
201.337323
20
170.010661
30
0.0
0
SEQEND
0
POLYLINE
8
P03518
66
1
70
0
0
VERTEX
8
P03518
10
201.167997
20
169.925997
30
0.0
0
VERTEX
8
P03518
10
201.337323
20
169.925997
30
0.0
0
SEQEND
0
POLYLINE
8
P03519
66
1
70
0
0
VERTEX
8
P03519
10
201.167997
20
169.841323
30
0.0
0
VERTEX
8
P03519
10
201.337323
20
169.841323
30
0.0
0
SEQEND
0
POLYLINE
8
P03520
66
1
70
0
0
VERTEX
8
P03520
10
201.167997
20
169.756660
30
0.0
0
VERTEX
8
P03520
10
201.337323
20
169.756660
30
0.0
0
SEQEND
0
POLYLINE
8
P03521
66
1
70
0
0
VERTEX
8
P03521
10
201.167997
20
169.671997
30
0.0
0
VERTEX
8
P03521
10
201.337323
20
169.671997
30
0.0
0
SEQEND
0
POLYLINE
8
P03522
66
1
70
0
0
VERTEX
8
P03522
10
201.167997
20
169.587334
30
0.0
0
VERTEX
8
P03522
10
201.337323
20
169.587334
30
0.0
0
SEQEND
0
POLYLINE
8
P03523
66
1
70
0
0
VERTEX
8
P03523
10
201.167997
20
169.502660
30
0.0
0
VERTEX
8
P03523
10
201.421986
20
169.502660
30
0.0
0
SEQEND
0
POLYLINE
8
P03524
66
1
70
0
0
VERTEX
8
P03524
10
201.167997
20
169.417997
30
0.0
0
VERTEX
8
P03524
10
201.421986
20
169.417997
30
0.0
0
SEQEND
0
POLYLINE
8
P03525
66
1
70
0
0
VERTEX
8
P03525
10
201.167997
20
169.333333
30
0.0
0
VERTEX
8
P03525
10
201.421986
20
169.333333
30
0.0
0
SEQEND
0
POLYLINE
8
P03526
66
1
70
0
0
VERTEX
8
P03526
10
201.167997
20
169.248659
30
0.0
0
VERTEX
8
P03526
10
201.421986
20
169.248659
30
0.0
0
SEQEND
0
POLYLINE
8
P03527
66
1
70
0
0
VERTEX
8
P03527
10
201.167997
20
169.163996
30
0.0
0
VERTEX
8
P03527
10
201.421986
20
169.163996
30
0.0
0
SEQEND
0
POLYLINE
8
P03528
66
1
70
0
0
VERTEX
8
P03528
10
201.167997
20
169.079333
30
0.0
0
VERTEX
8
P03528
10
201.421986
20
169.079333
30
0.0
0
SEQEND
0
POLYLINE
8
P03529
66
1
70
0
0
VERTEX
8
P03529
10
201.167997
20
168.994659
30
0.0
0
VERTEX
8
P03529
10
201.421986
20
168.994659
30
0.0
0
SEQEND
0
POLYLINE
8
P03530
66
1
70
0
0
VERTEX
8
P03530
10
201.167997
20
168.909996
30
0.0
0
VERTEX
8
P03530
10
201.421986
20
168.909996
30
0.0
0
SEQEND
0
POLYLINE
8
P03531
66
1
70
0
0
VERTEX
8
P03531
10
201.167997
20
168.825332
30
0.0
0
VERTEX
8
P03531
10
201.506671
20
168.825332
30
0.0
0
SEQEND
0
POLYLINE
8
P03532
66
1
70
0
0
VERTEX
8
P03532
10
201.167997
20
168.740658
30
0.0
0
VERTEX
8
P03532
10
201.506671
20
168.740658
30
0.0
0
SEQEND
0
POLYLINE
8
P03533
66
1
70
0
0
VERTEX
8
P03533
10
201.167997
20
168.655995
30
0.0
0
VERTEX
8
P03533
10
201.506671
20
168.655995
30
0.0
0
SEQEND
0
POLYLINE
8
P03534
66
1
70
0
0
VERTEX
8
P03534
10
201.167997
20
168.571332
30
0.0
0
VERTEX
8
P03534
10
201.506671
20
168.571332
30
0.0
0
SEQEND
0
POLYLINE
8
P03535
66
1
70
0
0
VERTEX
8
P03535
10
201.167997
20
168.486658
30
0.0
0
VERTEX
8
P03535
10
201.506671
20
168.486658
30
0.0
0
SEQEND
0
POLYLINE
8
P03536
66
1
70
0
0
VERTEX
8
P03536
10
201.167997
20
168.401995
30
0.0
0
VERTEX
8
P03536
10
201.506671
20
168.401995
30
0.0
0
SEQEND
0
POLYLINE
8
P03537
66
1
70
0
0
VERTEX
8
P03537
10
201.167997
20
168.317332
30
0.0
0
VERTEX
8
P03537
10
201.506671
20
168.317332
30
0.0
0
SEQEND
0
POLYLINE
8
P03538
66
1
70
0
0
VERTEX
8
P03538
10
201.167997
20
168.232658
30
0.0
0
VERTEX
8
P03538
10
201.591334
20
168.232658
30
0.0
0
SEQEND
0
POLYLINE
8
P03539
66
1
70
0
0
VERTEX
8
P03539
10
201.167997
20
168.147994
30
0.0
0
VERTEX
8
P03539
10
201.591334
20
168.147994
30
0.0
0
SEQEND
0
POLYLINE
8
P03540
66
1
70
0
0
VERTEX
8
P03540
10
201.167997
20
168.063331
30
0.0
0
VERTEX
8
P03540
10
201.591334
20
168.063331
30
0.0
0
SEQEND
0
POLYLINE
8
P03541
66
1
70
0
0
VERTEX
8
P03541
10
201.167997
20
167.978657
30
0.0
0
VERTEX
8
P03541
10
201.591334
20
167.978657
30
0.0
0
SEQEND
0
POLYLINE
8
P03542
66
1
70
0
0
VERTEX
8
P03542
10
201.167997
20
167.893994
30
0.0
0
VERTEX
8
P03542
10
201.591334
20
167.893994
30
0.0
0
SEQEND
0
POLYLINE
8
P03543
66
1
70
0
0
VERTEX
8
P03543
10
201.167997
20
167.809331
30
0.0
0
VERTEX
8
P03543
10
201.591334
20
167.809331
30
0.0
0
SEQEND
0
POLYLINE
8
P03544
66
1
70
0
0
VERTEX
8
P03544
10
201.167997
20
167.724657
30
0.0
0
VERTEX
8
P03544
10
201.591334
20
167.724657
30
0.0
0
SEQEND
0
POLYLINE
8
P03545
66
1
70
0
0
VERTEX
8
P03545
10
201.167997
20
167.639994
30
0.0
0
VERTEX
8
P03545
10
201.675997
20
167.639994
30
0.0
0
SEQEND
0
POLYLINE
8
P03546
66
1
70
0
0
VERTEX
8
P03546
10
201.167997
20
167.555330
30
0.0
0
VERTEX
8
P03546
10
201.675997
20
167.555330
30
0.0
0
SEQEND
0
POLYLINE
8
P03547
66
1
70
0
0
VERTEX
8
P03547
10
201.167997
20
167.470667
30
0.0
0
VERTEX
8
P03547
10
201.675997
20
167.470667
30
0.0
0
SEQEND
0
POLYLINE
8
P03548
66
1
70
0
0
VERTEX
8
P03548
10
201.167997
20
167.385993
30
0.0
0
VERTEX
8
P03548
10
201.675997
20
167.385993
30
0.0
0
SEQEND
0
POLYLINE
8
P03549
66
1
70
0
0
VERTEX
8
P03549
10
201.167997
20
167.301330
30
0.0
0
VERTEX
8
P03549
10
201.675997
20
167.301330
30
0.0
0
SEQEND
0
POLYLINE
8
P03550
66
1
70
0
0
VERTEX
8
P03550
10
201.167997
20
167.216667
30
0.0
0
VERTEX
8
P03550
10
201.675997
20
167.216667
30
0.0
0
SEQEND
0
POLYLINE
8
P03551
66
1
70
0
0
VERTEX
8
P03551
10
201.167997
20
167.131993
30
0.0
0
VERTEX
8
P03551
10
201.675997
20
167.131993
30
0.0
0
SEQEND
0
POLYLINE
8
P03552
66
1
70
0
0
VERTEX
8
P03552
10
201.167997
20
167.047329
30
0.0
0
VERTEX
8
P03552
10
201.675997
20
167.047329
30
0.0
0
SEQEND
0
POLYLINE
8
P03553
66
1
70
0
0
VERTEX
8
P03553
10
201.167997
20
166.962666
30
0.0
0
VERTEX
8
P03553
10
201.760661
20
166.962666
30
0.0
0
SEQEND
0
POLYLINE
8
P03554
66
1
70
0
0
VERTEX
8
P03554
10
201.167997
20
166.877992
30
0.0
0
VERTEX
8
P03554
10
201.760661
20
166.877992
30
0.0
0
SEQEND
0
POLYLINE
8
P03555
66
1
70
0
0
VERTEX
8
P03555
10
201.167997
20
166.793329
30
0.0
0
VERTEX
8
P03555
10
201.760661
20
166.793329
30
0.0
0
SEQEND
0
POLYLINE
8
P03556
66
1
70
0
0
VERTEX
8
P03556
10
201.167997
20
166.708666
30
0.0
0
VERTEX
8
P03556
10
201.760661
20
166.708666
30
0.0
0
SEQEND
0
POLYLINE
8
P03557
66
1
70
0
0
VERTEX
8
P03557
10
201.167997
20
166.623992
30
0.0
0
VERTEX
8
P03557
10
201.760661
20
166.623992
30
0.0
0
SEQEND
0
POLYLINE
8
P03558
66
1
70
0
0
VERTEX
8
P03558
10
201.167997
20
166.539329
30
0.0
0
VERTEX
8
P03558
10
201.760661
20
166.539329
30
0.0
0
SEQEND
0
POLYLINE
8
P03559
66
1
70
0
0
VERTEX
8
P03559
10
201.167997
20
166.454665
30
0.0
0
VERTEX
8
P03559
10
201.760661
20
166.454665
30
0.0
0
SEQEND
0
POLYLINE
8
P03560
66
1
70
0
0
VERTEX
8
P03560
10
201.167997
20
166.369991
30
0.0
0
VERTEX
8
P03560
10
201.845324
20
166.369991
30
0.0
0
SEQEND
0
POLYLINE
8
P03561
66
1
70
0
0
VERTEX
8
P03561
10
201.167997
20
166.285328
30
0.0
0
VERTEX
8
P03561
10
201.845324
20
166.285328
30
0.0
0
SEQEND
0
POLYLINE
8
P03562
66
1
70
0
0
VERTEX
8
P03562
10
201.337323
20
166.200665
30
0.0
0
VERTEX
8
P03562
10
201.845324
20
166.200665
30
0.0
0
SEQEND
0
POLYLINE
8
P03563
66
1
70
0
0
VERTEX
8
P03563
10
201.421986
20
166.115991
30
0.0
0
VERTEX
8
P03563
10
201.845324
20
166.115991
30
0.0
0
SEQEND
0
POLYLINE
8
P03564
66
1
70
0
0
VERTEX
8
P03564
10
201.506671
20
166.031328
30
0.0
0
VERTEX
8
P03564
10
201.845324
20
166.031328
30
0.0
0
SEQEND
0
POLYLINE
8
P03565
66
1
70
0
0
VERTEX
8
P03565
10
201.675997
20
165.946665
30
0.0
0
VERTEX
8
P03565
10
201.845324
20
165.946665
30
0.0
0
SEQEND
0
POLYLINE
8
P03566
66
1
70
0
0
VERTEX
8
P03566
10
201.760661
20
165.861991
30
0.0
0
VERTEX
8
P03566
10
201.845324
20
165.861991
30
0.0
0
VERTEX
8
P03566
10
201.760661
20
165.861991
30
0.0
0
SEQEND
0
POLYLINE
8
P03567
66
1
70
0
0
VERTEX
8
P03567
10
201.083333
20
170.095324
30
0.0
0
VERTEX
8
P03567
10
201.167997
20
170.095324
30
0.0
0
SEQEND
0
POLYLINE
8
P03568
66
1
70
0
0
VERTEX
8
P03568
10
201.083333
20
170.010661
30
0.0
0
VERTEX
8
P03568
10
201.167997
20
170.010661
30
0.0
0
SEQEND
0
POLYLINE
8
P03569
66
1
70
0
0
VERTEX
8
P03569
10
201.083333
20
169.925997
30
0.0
0
VERTEX
8
P03569
10
201.167997
20
169.925997
30
0.0
0
SEQEND
0
POLYLINE
8
P03570
66
1
70
0
0
VERTEX
8
P03570
10
201.083333
20
169.841323
30
0.0
0
VERTEX
8
P03570
10
201.167997
20
169.841323
30
0.0
0
SEQEND
0
POLYLINE
8
P03571
66
1
70
0
0
VERTEX
8
P03571
10
201.083333
20
169.756660
30
0.0
0
VERTEX
8
P03571
10
201.167997
20
169.756660
30
0.0
0
SEQEND
0
POLYLINE
8
P03572
66
1
70
0
0
VERTEX
8
P03572
10
201.083333
20
169.671997
30
0.0
0
VERTEX
8
P03572
10
201.167997
20
169.671997
30
0.0
0
SEQEND
0
POLYLINE
8
P03573
66
1
70
0
0
VERTEX
8
P03573
10
201.083333
20
169.587334
30
0.0
0
VERTEX
8
P03573
10
201.167997
20
169.587334
30
0.0
0
SEQEND
0
POLYLINE
8
P03574
66
1
70
0
0
VERTEX
8
P03574
10
200.998670
20
169.502660
30
0.0
0
VERTEX
8
P03574
10
201.167997
20
169.502660
30
0.0
0
SEQEND
0
POLYLINE
8
P03575
66
1
70
0
0
VERTEX
8
P03575
10
200.998670
20
169.417997
30
0.0
0
VERTEX
8
P03575
10
201.167997
20
169.417997
30
0.0
0
SEQEND
0
POLYLINE
8
P03576
66
1
70
0
0
VERTEX
8
P03576
10
200.998670
20
169.333333
30
0.0
0
VERTEX
8
P03576
10
201.167997
20
169.333333
30
0.0
0
SEQEND
0
POLYLINE
8
P03577
66
1
70
0
0
VERTEX
8
P03577
10
200.998670
20
169.248659
30
0.0
0
VERTEX
8
P03577
10
201.167997
20
169.248659
30
0.0
0
SEQEND
0
POLYLINE
8
P03578
66
1
70
0
0
VERTEX
8
P03578
10
200.998670
20
169.163996
30
0.0
0
VERTEX
8
P03578
10
201.167997
20
169.163996
30
0.0
0
SEQEND
0
POLYLINE
8
P03579
66
1
70
0
0
VERTEX
8
P03579
10
200.998670
20
169.079333
30
0.0
0
VERTEX
8
P03579
10
201.167997
20
169.079333
30
0.0
0
SEQEND
0
POLYLINE
8
P03580
66
1
70
0
0
VERTEX
8
P03580
10
200.998670
20
168.994659
30
0.0
0
VERTEX
8
P03580
10
201.167997
20
168.994659
30
0.0
0
SEQEND
0
POLYLINE
8
P03581
66
1
70
0
0
VERTEX
8
P03581
10
200.998670
20
168.909996
30
0.0
0
VERTEX
8
P03581
10
201.167997
20
168.909996
30
0.0
0
SEQEND
0
POLYLINE
8
P03582
66
1
70
0
0
VERTEX
8
P03582
10
200.913985
20
168.825332
30
0.0
0
VERTEX
8
P03582
10
201.167997
20
168.825332
30
0.0
0
SEQEND
0
POLYLINE
8
P03583
66
1
70
0
0
VERTEX
8
P03583
10
200.913985
20
168.740658
30
0.0
0
VERTEX
8
P03583
10
201.167997
20
168.740658
30
0.0
0
SEQEND
0
POLYLINE
8
P03584
66
1
70
0
0
VERTEX
8
P03584
10
200.913985
20
168.655995
30
0.0
0
VERTEX
8
P03584
10
201.167997
20
168.655995
30
0.0
0
SEQEND
0
POLYLINE
8
P03585
66
1
70
0
0
VERTEX
8
P03585
10
200.913985
20
168.571332
30
0.0
0
VERTEX
8
P03585
10
201.167997
20
168.571332
30
0.0
0
SEQEND
0
POLYLINE
8
P03586
66
1
70
0
0
VERTEX
8
P03586
10
200.913985
20
168.486658
30
0.0
0
VERTEX
8
P03586
10
201.167997
20
168.486658
30
0.0
0
SEQEND
0
POLYLINE
8
P03587
66
1
70
0
0
VERTEX
8
P03587
10
200.913985
20
168.401995
30
0.0
0
VERTEX
8
P03587
10
201.167997
20
168.401995
30
0.0
0
SEQEND
0
POLYLINE
8
P03588
66
1
70
0
0
VERTEX
8
P03588
10
200.913985
20
168.317332
30
0.0
0
VERTEX
8
P03588
10
201.167997
20
168.317332
30
0.0
0
SEQEND
0
POLYLINE
8
P03589
66
1
70
0
0
VERTEX
8
P03589
10
200.829322
20
168.232658
30
0.0
0
VERTEX
8
P03589
10
201.167997
20
168.232658
30
0.0
0
SEQEND
0
POLYLINE
8
P03590
66
1
70
0
0
VERTEX
8
P03590
10
200.829322
20
168.147994
30
0.0
0
VERTEX
8
P03590
10
201.167997
20
168.147994
30
0.0
0
SEQEND
0
POLYLINE
8
P03591
66
1
70
0
0
VERTEX
8
P03591
10
200.829322
20
168.063331
30
0.0
0
VERTEX
8
P03591
10
201.167997
20
168.063331
30
0.0
0
SEQEND
0
POLYLINE
8
P03592
66
1
70
0
0
VERTEX
8
P03592
10
200.829322
20
167.978657
30
0.0
0
VERTEX
8
P03592
10
201.167997
20
167.978657
30
0.0
0
SEQEND
0
POLYLINE
8
P03593
66
1
70
0
0
VERTEX
8
P03593
10
200.829322
20
167.893994
30
0.0
0
VERTEX
8
P03593
10
201.167997
20
167.893994
30
0.0
0
SEQEND
0
POLYLINE
8
P03594
66
1
70
0
0
VERTEX
8
P03594
10
200.829322
20
167.809331
30
0.0
0
VERTEX
8
P03594
10
201.167997
20
167.809331
30
0.0
0
SEQEND
0
POLYLINE
8
P03595
66
1
70
0
0
VERTEX
8
P03595
10
200.829322
20
167.724657
30
0.0
0
VERTEX
8
P03595
10
201.167997
20
167.724657
30
0.0
0
SEQEND
0
POLYLINE
8
P03596
66
1
70
0
0
VERTEX
8
P03596
10
200.744659
20
167.639994
30
0.0
0
VERTEX
8
P03596
10
201.167997
20
167.639994
30
0.0
0
SEQEND
0
POLYLINE
8
P03597
66
1
70
0
0
VERTEX
8
P03597
10
200.744659
20
167.555330
30
0.0
0
VERTEX
8
P03597
10
201.167997
20
167.555330
30
0.0
0
SEQEND
0
POLYLINE
8
P03598
66
1
70
0
0
VERTEX
8
P03598
10
200.744659
20
167.470667
30
0.0
0
VERTEX
8
P03598
10
201.167997
20
167.470667
30
0.0
0
SEQEND
0
POLYLINE
8
P03599
66
1
70
0
0
VERTEX
8
P03599
10
200.744659
20
167.385993
30
0.0
0
VERTEX
8
P03599
10
201.167997
20
167.385993
30
0.0
0
SEQEND
0
POLYLINE
8
P03600
66
1
70
0
0
VERTEX
8
P03600
10
200.744659
20
167.301330
30
0.0
0
VERTEX
8
P03600
10
201.167997
20
167.301330
30
0.0
0
SEQEND
0
POLYLINE
8
P03601
66
1
70
0
0
VERTEX
8
P03601
10
200.744659
20
167.216667
30
0.0
0
VERTEX
8
P03601
10
201.167997
20
167.216667
30
0.0
0
SEQEND
0
POLYLINE
8
P03602
66
1
70
0
0
VERTEX
8
P03602
10
200.744659
20
167.131993
30
0.0
0
VERTEX
8
P03602
10
201.167997
20
167.131993
30
0.0
0
SEQEND
0
POLYLINE
8
P03603
66
1
70
0
0
VERTEX
8
P03603
10
200.744659
20
167.047329
30
0.0
0
VERTEX
8
P03603
10
201.167997
20
167.047329
30
0.0
0
SEQEND
0
POLYLINE
8
P03604
66
1
70
0
0
VERTEX
8
P03604
10
200.659996
20
166.962666
30
0.0
0
VERTEX
8
P03604
10
201.167997
20
166.962666
30
0.0
0
SEQEND
0
POLYLINE
8
P03605
66
1
70
0
0
VERTEX
8
P03605
10
200.659996
20
166.877992
30
0.0
0
VERTEX
8
P03605
10
201.167997
20
166.877992
30
0.0
0
SEQEND
0
POLYLINE
8
P03606
66
1
70
0
0
VERTEX
8
P03606
10
200.659996
20
166.793329
30
0.0
0
VERTEX
8
P03606
10
201.167997
20
166.793329
30
0.0
0
SEQEND
0
POLYLINE
8
P03607
66
1
70
0
0
VERTEX
8
P03607
10
200.659996
20
166.708666
30
0.0
0
VERTEX
8
P03607
10
201.167997
20
166.708666
30
0.0
0
SEQEND
0
POLYLINE
8
P03608
66
1
70
0
0
VERTEX
8
P03608
10
200.659996
20
166.623992
30
0.0
0
VERTEX
8
P03608
10
201.167997
20
166.623992
30
0.0
0
SEQEND
0
POLYLINE
8
P03609
66
1
70
0
0
VERTEX
8
P03609
10
200.659996
20
166.539329
30
0.0
0
VERTEX
8
P03609
10
201.167997
20
166.539329
30
0.0
0
SEQEND
0
POLYLINE
8
P03610
66
1
70
0
0
VERTEX
8
P03610
10
200.659996
20
166.454665
30
0.0
0
VERTEX
8
P03610
10
201.167997
20
166.454665
30
0.0
0
SEQEND
0
POLYLINE
8
P03611
66
1
70
0
0
VERTEX
8
P03611
10
200.575332
20
166.369991
30
0.0
0
VERTEX
8
P03611
10
201.167997
20
166.369991
30
0.0
0
SEQEND
0
POLYLINE
8
P03612
66
1
70
0
0
VERTEX
8
P03612
10
200.575332
20
166.285328
30
0.0
0
VERTEX
8
P03612
10
201.167997
20
166.285328
30
0.0
0
SEQEND
0
POLYLINE
8
P03613
66
1
70
0
0
VERTEX
8
P03613
10
200.575332
20
166.200665
30
0.0
0
VERTEX
8
P03613
10
201.083333
20
166.200665
30
0.0
0
SEQEND
0
POLYLINE
8
P03614
66
1
70
0
0
VERTEX
8
P03614
10
200.575332
20
166.115991
30
0.0
0
VERTEX
8
P03614
10
200.998670
20
166.115991
30
0.0
0
SEQEND
0
POLYLINE
8
P03615
66
1
70
0
0
VERTEX
8
P03615
10
200.575332
20
166.031328
30
0.0
0
VERTEX
8
P03615
10
200.829322
20
166.031328
30
0.0
0
SEQEND
0
POLYLINE
8
P03616
66
1
70
0
0
VERTEX
8
P03616
10
200.575332
20
165.946665
30
0.0
0
VERTEX
8
P03616
10
200.744659
20
165.946665
30
0.0
0
SEQEND
0
POLYLINE
8
P03617
66
1
70
0
0
VERTEX
8
P03617
10
200.575332
20
165.861991
30
0.0
0
VERTEX
8
P03617
10
200.659996
20
165.861991
30
0.0
0
VERTEX
8
P03617
10
200.575332
20
165.861991
30
0.0
0
SEQEND
0
POLYLINE
8
P03618
66
1
70
0
0
VERTEX
8
P03618
10
201.167997
20
155.786658
30
0.0
0
VERTEX
8
P03618
10
201.167997
20
170.772662
30
0.0
0
VERTEX
8
P03618
10
201.167997
20
155.786658
30
0.0
0
SEQEND
0
POLYLINE
8
P03619
66
1
70
0
0
VERTEX
8
P03619
10
111.929333
20
137.075332
30
0.0
0
VERTEX
8
P03619
10
121.158001
20
137.075332
30
0.0
0
SEQEND
0
POLYLINE
8
P03620
66
1
70
0
0
VERTEX
8
P03620
10
111.929333
20
136.990658
30
0.0
0
VERTEX
8
P03620
10
121.158001
20
136.990658
30
0.0
0
SEQEND
0
POLYLINE
8
P03621
66
1
70
0
0
VERTEX
8
P03621
10
111.929333
20
136.905995
30
0.0
0
VERTEX
8
P03621
10
121.158001
20
136.905995
30
0.0
0
SEQEND
0
POLYLINE
8
P03622
66
1
70
0
0
VERTEX
8
P03622
10
111.929333
20
136.821332
30
0.0
0
VERTEX
8
P03622
10
121.158001
20
136.821332
30
0.0
0
SEQEND
0
POLYLINE
8
P03623
66
1
70
0
0
VERTEX
8
P03623
10
111.929333
20
136.736658
30
0.0
0
VERTEX
8
P03623
10
121.158001
20
136.736658
30
0.0
0
SEQEND
0
POLYLINE
8
P03624
66
1
70
0
0
VERTEX
8
P03624
10
111.929333
20
136.651995
30
0.0
0
VERTEX
8
P03624
10
121.158001
20
136.651995
30
0.0
0
SEQEND
0
POLYLINE
8
P03625
66
1
70
0
0
VERTEX
8
P03625
10
111.929333
20
136.567332
30
0.0
0
VERTEX
8
P03625
10
121.158001
20
136.567332
30
0.0
0
SEQEND
0
POLYLINE
8
P03626
66
1
70
0
0
VERTEX
8
P03626
10
111.929333
20
136.482658
30
0.0
0
VERTEX
8
P03626
10
121.158001
20
136.482658
30
0.0
0
SEQEND
0
POLYLINE
8
P03627
66
1
70
0
0
VERTEX
8
P03627
10
111.929333
20
136.397994
30
0.0
0
VERTEX
8
P03627
10
121.158001
20
136.397994
30
0.0
0
SEQEND
0
POLYLINE
8
P03628
66
1
70
0
0
VERTEX
8
P03628
10
111.929333
20
136.313331
30
0.0
0
VERTEX
8
P03628
10
121.158001
20
136.313331
30
0.0
0
SEQEND
0
POLYLINE
8
P03629
66
1
70
0
0
VERTEX
8
P03629
10
111.929333
20
136.228657
30
0.0
0
VERTEX
8
P03629
10
121.158001
20
136.228657
30
0.0
0
SEQEND
0
POLYLINE
8
P03630
66
1
70
0
0
VERTEX
8
P03630
10
111.929333
20
136.143994
30
0.0
0
VERTEX
8
P03630
10
121.158001
20
136.143994
30
0.0
0
SEQEND
0
POLYLINE
8
P03631
66
1
70
0
0
VERTEX
8
P03631
10
111.929333
20
136.059331
30
0.0
0
VERTEX
8
P03631
10
121.158001
20
136.059331
30
0.0
0
SEQEND
0
POLYLINE
8
P03632
66
1
70
0
0
VERTEX
8
P03632
10
111.929333
20
135.974668
30
0.0
0
VERTEX
8
P03632
10
121.158001
20
135.974668
30
0.0
0
SEQEND
0
POLYLINE
8
P03633
66
1
70
0
0
VERTEX
8
P03633
10
111.929333
20
135.889994
30
0.0
0
VERTEX
8
P03633
10
121.158001
20
135.889994
30
0.0
0
SEQEND
0
POLYLINE
8
P03634
66
1
70
0
0
VERTEX
8
P03634
10
111.929333
20
135.805330
30
0.0
0
VERTEX
8
P03634
10
121.158001
20
135.805330
30
0.0
0
SEQEND
0
POLYLINE
8
P03635
66
1
70
0
0
VERTEX
8
P03635
10
111.929333
20
135.720667
30
0.0
0
VERTEX
8
P03635
10
121.158001
20
135.720667
30
0.0
0
SEQEND
0
POLYLINE
8
P03636
66
1
70
0
0
VERTEX
8
P03636
10
111.929333
20
135.635993
30
0.0
0
VERTEX
8
P03636
10
121.158001
20
135.635993
30
0.0
0
SEQEND
0
POLYLINE
8
P03637
66
1
70
0
0
VERTEX
8
P03637
10
111.929333
20
135.551330
30
0.0
0
VERTEX
8
P03637
10
121.158001
20
135.551330
30
0.0
0
SEQEND
0
POLYLINE
8
P03638
66
1
70
0
0
VERTEX
8
P03638
10
111.929333
20
135.466667
30
0.0
0
VERTEX
8
P03638
10
121.158001
20
135.466667
30
0.0
0
SEQEND
0
POLYLINE
8
P03639
66
1
70
0
0
VERTEX
8
P03639
10
111.929333
20
135.381993
30
0.0
0
VERTEX
8
P03639
10
121.158001
20
135.381993
30
0.0
0
SEQEND
0
POLYLINE
8
P03640
66
1
70
0
0
VERTEX
8
P03640
10
111.929333
20
135.297329
30
0.0
0
VERTEX
8
P03640
10
121.158001
20
135.297329
30
0.0
0
SEQEND
0
POLYLINE
8
P03641
66
1
70
0
0
VERTEX
8
P03641
10
111.929333
20
135.212666
30
0.0
0
VERTEX
8
P03641
10
121.158001
20
135.212666
30
0.0
0
SEQEND
0
POLYLINE
8
P03642
66
1
70
0
0
VERTEX
8
P03642
10
111.929333
20
135.127992
30
0.0
0
VERTEX
8
P03642
10
121.158001
20
135.127992
30
0.0
0
SEQEND
0
POLYLINE
8
P03643
66
1
70
0
0
VERTEX
8
P03643
10
111.929333
20
135.043329
30
0.0
0
VERTEX
8
P03643
10
121.158001
20
135.043329
30
0.0
0
SEQEND
0
POLYLINE
8
P03644
66
1
70
0
0
VERTEX
8
P03644
10
111.929333
20
134.958666
30
0.0
0
VERTEX
8
P03644
10
121.158001
20
134.958666
30
0.0
0
SEQEND
0
POLYLINE
8
P03645
66
1
70
0
0
VERTEX
8
P03645
10
111.929333
20
134.873992
30
0.0
0
VERTEX
8
P03645
10
121.158001
20
134.873992
30
0.0
0
SEQEND
0
POLYLINE
8
P03646
66
1
70
0
0
VERTEX
8
P03646
10
111.929333
20
134.789329
30
0.0
0
VERTEX
8
P03646
10
121.158001
20
134.789329
30
0.0
0
SEQEND
0
POLYLINE
8
P03647
66
1
70
0
0
VERTEX
8
P03647
10
111.929333
20
134.704665
30
0.0
0
VERTEX
8
P03647
10
121.158001
20
134.704665
30
0.0
0
SEQEND
0
POLYLINE
8
P03648
66
1
70
0
0
VERTEX
8
P03648
10
111.929333
20
134.619991
30
0.0
0
VERTEX
8
P03648
10
121.158001
20
134.619991
30
0.0
0
SEQEND
0
POLYLINE
8
P03649
66
1
70
0
0
VERTEX
8
P03649
10
111.929333
20
134.535328
30
0.0
0
VERTEX
8
P03649
10
121.158001
20
134.535328
30
0.0
0
SEQEND
0
POLYLINE
8
P03650
66
1
70
0
0
VERTEX
8
P03650
10
111.929333
20
134.450665
30
0.0
0
VERTEX
8
P03650
10
121.158001
20
134.450665
30
0.0
0
SEQEND
0
POLYLINE
8
P03651
66
1
70
0
0
VERTEX
8
P03651
10
111.929333
20
134.365991
30
0.0
0
VERTEX
8
P03651
10
121.158001
20
134.365991
30
0.0
0
SEQEND
0
POLYLINE
8
P03652
66
1
70
0
0
VERTEX
8
P03652
10
111.929333
20
134.281328
30
0.0
0
VERTEX
8
P03652
10
121.158001
20
134.281328
30
0.0
0
SEQEND
0
POLYLINE
8
P03653
66
1
70
0
0
VERTEX
8
P03653
10
111.929333
20
134.196665
30
0.0
0
VERTEX
8
P03653
10
121.158001
20
134.196665
30
0.0
0
SEQEND
0
POLYLINE
8
P03654
66
1
70
0
0
VERTEX
8
P03654
10
111.929333
20
134.112001
30
0.0
0
VERTEX
8
P03654
10
121.158001
20
134.112001
30
0.0
0
SEQEND
0
POLYLINE
8
P03655
66
1
70
0
0
VERTEX
8
P03655
10
111.929333
20
134.027327
30
0.0
0
VERTEX
8
P03655
10
121.158001
20
134.027327
30
0.0
0
SEQEND
0
POLYLINE
8
P03656
66
1
70
0
0
VERTEX
8
P03656
10
111.929333
20
133.942664
30
0.0
0
VERTEX
8
P03656
10
121.158001
20
133.942664
30
0.0
0
SEQEND
0
POLYLINE
8
P03657
66
1
70
0
0
VERTEX
8
P03657
10
111.929333
20
133.858001
30
0.0
0
VERTEX
8
P03657
10
121.158001
20
133.858001
30
0.0
0
SEQEND
0
POLYLINE
8
P03658
66
1
70
0
0
VERTEX
8
P03658
10
111.929333
20
133.773327
30
0.0
0
VERTEX
8
P03658
10
121.158001
20
133.773327
30
0.0
0
SEQEND
0
POLYLINE
8
P03659
66
1
70
0
0
VERTEX
8
P03659
10
111.929333
20
133.688664
30
0.0
0
VERTEX
8
P03659
10
121.158001
20
133.688664
30
0.0
0
SEQEND
0
POLYLINE
8
P03660
66
1
70
0
0
VERTEX
8
P03660
10
111.929333
20
133.604000
30
0.0
0
VERTEX
8
P03660
10
121.158001
20
133.604000
30
0.0
0
SEQEND
0
POLYLINE
8
P03661
66
1
70
0
0
VERTEX
8
P03661
10
111.929333
20
133.519326
30
0.0
0
VERTEX
8
P03661
10
121.158001
20
133.519326
30
0.0
0
SEQEND
0
POLYLINE
8
P03662
66
1
70
0
0
VERTEX
8
P03662
10
111.929333
20
133.434663
30
0.0
0
VERTEX
8
P03662
10
121.158001
20
133.434663
30
0.0
0
SEQEND
0
POLYLINE
8
P03663
66
1
70
0
0
VERTEX
8
P03663
10
111.929333
20
133.350000
30
0.0
0
VERTEX
8
P03663
10
121.158001
20
133.350000
30
0.0
0
SEQEND
0
POLYLINE
8
P03664
66
1
70
0
0
VERTEX
8
P03664
10
111.929333
20
133.265326
30
0.0
0
VERTEX
8
P03664
10
121.158001
20
133.265326
30
0.0
0
SEQEND
0
POLYLINE
8
P03665
66
1
70
0
0
VERTEX
8
P03665
10
111.929333
20
133.180663
30
0.0
0
VERTEX
8
P03665
10
121.158001
20
133.180663
30
0.0
0
SEQEND
0
POLYLINE
8
P03666
66
1
70
0
0
VERTEX
8
P03666
10
111.929333
20
133.096000
30
0.0
0
VERTEX
8
P03666
10
121.158001
20
133.096000
30
0.0
0
SEQEND
0
POLYLINE
8
P03667
66
1
70
0
0
VERTEX
8
P03667
10
111.929333
20
133.011326
30
0.0
0
VERTEX
8
P03667
10
121.158001
20
133.011326
30
0.0
0
SEQEND
0
POLYLINE
8
P03668
66
1
70
0
0
VERTEX
8
P03668
10
111.929333
20
132.926662
30
0.0
0
VERTEX
8
P03668
10
121.158001
20
132.926662
30
0.0
0
SEQEND
0
POLYLINE
8
P03669
66
1
70
0
0
VERTEX
8
P03669
10
111.929333
20
132.841999
30
0.0
0
VERTEX
8
P03669
10
121.158001
20
132.841999
30
0.0
0
SEQEND
0
POLYLINE
8
P03670
66
1
70
0
0
VERTEX
8
P03670
10
111.929333
20
132.757325
30
0.0
0
VERTEX
8
P03670
10
121.158001
20
132.757325
30
0.0
0
SEQEND
0
POLYLINE
8
P03671
66
1
70
0
0
VERTEX
8
P03671
10
111.929333
20
132.672662
30
0.0
0
VERTEX
8
P03671
10
121.158001
20
132.672662
30
0.0
0
SEQEND
0
POLYLINE
8
P03672
66
1
70
0
0
VERTEX
8
P03672
10
111.929333
20
132.587999
30
0.0
0
VERTEX
8
P03672
10
121.158001
20
132.587999
30
0.0
0
SEQEND
0
POLYLINE
8
P03673
66
1
70
0
0
VERTEX
8
P03673
10
111.929333
20
132.503325
30
0.0
0
VERTEX
8
P03673
10
121.158001
20
132.503325
30
0.0
0
SEQEND
0
POLYLINE
8
P03674
66
1
70
0
0
VERTEX
8
P03674
10
111.929333
20
132.418661
30
0.0
0
VERTEX
8
P03674
10
121.158001
20
132.418661
30
0.0
0
SEQEND
0
POLYLINE
8
P03675
66
1
70
0
0
VERTEX
8
P03675
10
111.929333
20
132.333998
30
0.0
0
VERTEX
8
P03675
10
121.158001
20
132.333998
30
0.0
0
SEQEND
0
POLYLINE
8
P03676
66
1
70
0
0
VERTEX
8
P03676
10
111.929333
20
132.249324
30
0.0
0
VERTEX
8
P03676
10
121.158001
20
132.249324
30
0.0
0
SEQEND
0
POLYLINE
8
P03677
66
1
70
0
0
VERTEX
8
P03677
10
111.929333
20
132.164661
30
0.0
0
VERTEX
8
P03677
10
121.158001
20
132.164661
30
0.0
0
SEQEND
0
POLYLINE
8
P03678
66
1
70
0
0
VERTEX
8
P03678
10
111.929333
20
132.079998
30
0.0
0
VERTEX
8
P03678
10
121.158001
20
132.079998
30
0.0
0
SEQEND
0
POLYLINE
8
P03679
66
1
70
0
0
VERTEX
8
P03679
10
111.929333
20
131.995335
30
0.0
0
VERTEX
8
P03679
10
121.158001
20
131.995335
30
0.0
0
SEQEND
0
POLYLINE
8
P03680
66
1
70
0
0
VERTEX
8
P03680
10
111.929333
20
131.910661
30
0.0
0
VERTEX
8
P03680
10
121.158001
20
131.910661
30
0.0
0
SEQEND
0
POLYLINE
8
P03681
66
1
70
0
0
VERTEX
8
P03681
10
111.929333
20
131.825997
30
0.0
0
VERTEX
8
P03681
10
121.158001
20
131.825997
30
0.0
0
SEQEND
0
POLYLINE
8
P03682
66
1
70
0
0
VERTEX
8
P03682
10
111.929333
20
131.741334
30
0.0
0
VERTEX
8
P03682
10
121.158001
20
131.741334
30
0.0
0
SEQEND
0
POLYLINE
8
P03683
66
1
70
0
0
VERTEX
8
P03683
10
111.929333
20
131.656660
30
0.0
0
VERTEX
8
P03683
10
121.158001
20
131.656660
30
0.0
0
SEQEND
0
POLYLINE
8
P03684
66
1
70
0
0
VERTEX
8
P03684
10
111.929333
20
131.571997
30
0.0
0
VERTEX
8
P03684
10
121.158001
20
131.571997
30
0.0
0
SEQEND
0
POLYLINE
8
P03685
66
1
70
0
0
VERTEX
8
P03685
10
111.929333
20
131.487334
30
0.0
0
VERTEX
8
P03685
10
121.158001
20
131.487334
30
0.0
0
SEQEND
0
POLYLINE
8
P03686
66
1
70
0
0
VERTEX
8
P03686
10
111.929333
20
131.402660
30
0.0
0
VERTEX
8
P03686
10
121.158001
20
131.402660
30
0.0
0
SEQEND
0
POLYLINE
8
P03687
66
1
70
0
0
VERTEX
8
P03687
10
111.929333
20
131.317997
30
0.0
0
VERTEX
8
P03687
10
121.158001
20
131.317997
30
0.0
0
SEQEND
0
POLYLINE
8
P03688
66
1
70
0
0
VERTEX
8
P03688
10
111.929333
20
131.233333
30
0.0
0
VERTEX
8
P03688
10
121.158001
20
131.233333
30
0.0
0
SEQEND
0
POLYLINE
8
P03689
66
1
70
0
0
VERTEX
8
P03689
10
111.929333
20
131.148659
30
0.0
0
VERTEX
8
P03689
10
121.158001
20
131.148659
30
0.0
0
SEQEND
0
POLYLINE
8
P03690
66
1
70
0
0
VERTEX
8
P03690
10
111.929333
20
131.063996
30
0.0
0
VERTEX
8
P03690
10
121.158001
20
131.063996
30
0.0
0
SEQEND
0
POLYLINE
8
P03691
66
1
70
0
0
VERTEX
8
P03691
10
111.929333
20
130.979333
30
0.0
0
VERTEX
8
P03691
10
121.158001
20
130.979333
30
0.0
0
SEQEND
0
POLYLINE
8
P03692
66
1
70
0
0
VERTEX
8
P03692
10
111.929333
20
130.894659
30
0.0
0
VERTEX
8
P03692
10
121.158001
20
130.894659
30
0.0
0
SEQEND
0
POLYLINE
8
P03693
66
1
70
0
0
VERTEX
8
P03693
10
111.929333
20
130.809996
30
0.0
0
VERTEX
8
P03693
10
121.158001
20
130.809996
30
0.0
0
SEQEND
0
POLYLINE
8
P03694
66
1
70
0
0
VERTEX
8
P03694
10
111.929333
20
130.725332
30
0.0
0
VERTEX
8
P03694
10
121.158001
20
130.725332
30
0.0
0
SEQEND
0
POLYLINE
8
P03695
66
1
70
0
0
VERTEX
8
P03695
10
111.929333
20
130.640658
30
0.0
0
VERTEX
8
P03695
10
121.158001
20
130.640658
30
0.0
0
SEQEND
0
POLYLINE
8
P03696
66
1
70
0
0
VERTEX
8
P03696
10
111.929333
20
130.555995
30
0.0
0
VERTEX
8
P03696
10
121.158001
20
130.555995
30
0.0
0
SEQEND
0
POLYLINE
8
P03697
66
1
70
0
0
VERTEX
8
P03697
10
111.929333
20
130.471332
30
0.0
0
VERTEX
8
P03697
10
121.158001
20
130.471332
30
0.0
0
SEQEND
0
POLYLINE
8
P03698
66
1
70
0
0
VERTEX
8
P03698
10
111.929333
20
130.386658
30
0.0
0
VERTEX
8
P03698
10
121.158001
20
130.386658
30
0.0
0
SEQEND
0
POLYLINE
8
P03699
66
1
70
0
0
VERTEX
8
P03699
10
111.929333
20
130.301995
30
0.0
0
VERTEX
8
P03699
10
121.158001
20
130.301995
30
0.0
0
SEQEND
0
POLYLINE
8
P03700
66
1
70
0
0
VERTEX
8
P03700
10
111.929333
20
130.217332
30
0.0
0
VERTEX
8
P03700
10
121.158001
20
130.217332
30
0.0
0
SEQEND
0
POLYLINE
8
P03701
66
1
70
0
0
VERTEX
8
P03701
10
111.929333
20
130.132658
30
0.0
0
VERTEX
8
P03701
10
121.158001
20
130.132658
30
0.0
0
SEQEND
0
POLYLINE
8
P03702
66
1
70
0
0
VERTEX
8
P03702
10
111.929333
20
130.047994
30
0.0
0
VERTEX
8
P03702
10
121.158001
20
130.047994
30
0.0
0
SEQEND
0
POLYLINE
8
P03703
66
1
70
0
0
VERTEX
8
P03703
10
111.929333
20
129.963331
30
0.0
0
VERTEX
8
P03703
10
121.158001
20
129.963331
30
0.0
0
SEQEND
0
POLYLINE
8
P03704
66
1
70
0
0
VERTEX
8
P03704
10
111.929333
20
129.878668
30
0.0
0
VERTEX
8
P03704
10
121.158001
20
129.878668
30
0.0
0
SEQEND
0
POLYLINE
8
P03705
66
1
70
0
0
VERTEX
8
P03705
10
111.929333
20
129.793994
30
0.0
0
VERTEX
8
P03705
10
121.158001
20
129.793994
30
0.0
0
VERTEX
8
P03705
10
111.929333
20
129.793994
30
0.0
0
SEQEND
0
POLYLINE
8
P03706
66
1
70
0
0
VERTEX
8
P03706
10
66.463331
20
129.878668
30
0.0
0
VERTEX
8
P03706
10
67.056001
20
129.878668
30
0.0
0
SEQEND
0
POLYLINE
8
P03707
66
1
70
0
0
VERTEX
8
P03707
10
65.870667
20
129.793994
30
0.0
0
VERTEX
8
P03707
10
67.056001
20
129.793994
30
0.0
0
SEQEND
0
POLYLINE
8
P03708
66
1
70
0
0
VERTEX
8
P03708
10
65.193334
20
129.709331
30
0.0
0
VERTEX
8
P03708
10
67.056001
20
129.709331
30
0.0
0
SEQEND
0
POLYLINE
8
P03709
66
1
70
0
0
VERTEX
8
P03709
10
64.600665
20
129.624668
30
0.0
0
VERTEX
8
P03709
10
67.056001
20
129.624668
30
0.0
0
SEQEND
0
POLYLINE
8
P03710
66
1
70
0
0
VERTEX
8
P03710
10
64.008001
20
129.539994
30
0.0
0
VERTEX
8
P03710
10
67.056001
20
129.539994
30
0.0
0
SEQEND
0
POLYLINE
8
P03711
66
1
70
0
0
VERTEX
8
P03711
10
63.330663
20
129.455330
30
0.0
0
VERTEX
8
P03711
10
67.056001
20
129.455330
30
0.0
0
SEQEND
0
POLYLINE
8
P03712
66
1
70
0
0
VERTEX
8
P03712
10
63.161331
20
129.370667
30
0.0
0
VERTEX
8
P03712
10
67.056001
20
129.370667
30
0.0
0
SEQEND
0
POLYLINE
8
P03713
66
1
70
0
0
VERTEX
8
P03713
10
62.991999
20
129.285993
30
0.0
0
VERTEX
8
P03713
10
67.056001
20
129.285993
30
0.0
0
SEQEND
0
POLYLINE
8
P03714
66
1
70
0
0
VERTEX
8
P03714
10
62.737999
20
129.201330
30
0.0
0
VERTEX
8
P03714
10
67.056001
20
129.201330
30
0.0
0
SEQEND
0
POLYLINE
8
P03715
66
1
70
0
0
VERTEX
8
P03715
10
62.568667
20
129.116667
30
0.0
0
VERTEX
8
P03715
10
67.056001
20
129.116667
30
0.0
0
SEQEND
0
POLYLINE
8
P03716
66
1
70
0
0
VERTEX
8
P03716
10
62.399330
20
129.031993
30
0.0
0
VERTEX
8
P03716
10
67.056001
20
129.031993
30
0.0
0
SEQEND
0
POLYLINE
8
P03717
66
1
70
0
0
VERTEX
8
P03717
10
62.145335
20
128.947329
30
0.0
0
VERTEX
8
P03717
10
67.056001
20
128.947329
30
0.0
0
SEQEND
0
POLYLINE
8
P03718
66
1
70
0
0
VERTEX
8
P03718
10
61.975997
20
128.862666
30
0.0
0
VERTEX
8
P03718
10
67.056001
20
128.862666
30
0.0
0
SEQEND
0
POLYLINE
8
P03719
66
1
70
0
0
VERTEX
8
P03719
10
61.806666
20
128.777992
30
0.0
0
VERTEX
8
P03719
10
67.056001
20
128.777992
30
0.0
0
SEQEND
0
POLYLINE
8
P03720
66
1
70
0
0
VERTEX
8
P03720
10
61.552665
20
128.693329
30
0.0
0
VERTEX
8
P03720
10
67.056001
20
128.693329
30
0.0
0
SEQEND
0
POLYLINE
8
P03721
66
1
70
0
0
VERTEX
8
P03721
10
61.806666
20
128.608666
30
0.0
0
VERTEX
8
P03721
10
67.056001
20
128.608666
30
0.0
0
SEQEND
0
POLYLINE
8
P03722
66
1
70
0
0
VERTEX
8
P03722
10
62.060666
20
128.523992
30
0.0
0
VERTEX
8
P03722
10
67.056001
20
128.523992
30
0.0
0
SEQEND
0
POLYLINE
8
P03723
66
1
70
0
0
VERTEX
8
P03723
10
62.229998
20
128.439329
30
0.0
0
VERTEX
8
P03723
10
67.056001
20
128.439329
30
0.0
0
SEQEND
0
POLYLINE
8
P03724
66
1
70
0
0
VERTEX
8
P03724
10
62.483998
20
128.354665
30
0.0
0
VERTEX
8
P03724
10
67.056001
20
128.354665
30
0.0
0
SEQEND
0
POLYLINE
8
P03725
66
1
70
0
0
VERTEX
8
P03725
10
62.737999
20
128.269991
30
0.0
0
VERTEX
8
P03725
10
67.056001
20
128.269991
30
0.0
0
SEQEND
0
POLYLINE
8
P03726
66
1
70
0
0
VERTEX
8
P03726
10
62.907331
20
128.185328
30
0.0
0
VERTEX
8
P03726
10
67.056001
20
128.185328
30
0.0
0
SEQEND
0
POLYLINE
8
P03727
66
1
70
0
0
VERTEX
8
P03727
10
63.161331
20
128.100665
30
0.0
0
VERTEX
8
P03727
10
67.056001
20
128.100665
30
0.0
0
SEQEND
0
POLYLINE
8
P03728
66
1
70
0
0
VERTEX
8
P03728
10
63.330663
20
128.015991
30
0.0
0
VERTEX
8
P03728
10
67.056001
20
128.015991
30
0.0
0
SEQEND
0
POLYLINE
8
P03729
66
1
70
0
0
VERTEX
8
P03729
10
64.008001
20
127.931328
30
0.0
0
VERTEX
8
P03729
10
67.056001
20
127.931328
30
0.0
0
SEQEND
0
POLYLINE
8
P03730
66
1
70
0
0
VERTEX
8
P03730
10
64.600665
20
127.846665
30
0.0
0
VERTEX
8
P03730
10
67.056001
20
127.846665
30
0.0
0
SEQEND
0
POLYLINE
8
P03731
66
1
70
0
0
VERTEX
8
P03731
10
65.193334
20
127.762001
30
0.0
0
VERTEX
8
P03731
10
67.056001
20
127.762001
30
0.0
0
SEQEND
0
POLYLINE
8
P03732
66
1
70
0
0
VERTEX
8
P03732
10
65.870667
20
127.677327
30
0.0
0
VERTEX
8
P03732
10
67.056001
20
127.677327
30
0.0
0
SEQEND
0
POLYLINE
8
P03733
66
1
70
0
0
VERTEX
8
P03733
10
66.463331
20
127.592664
30
0.0
0
VERTEX
8
P03733
10
67.056001
20
127.592664
30
0.0
0
VERTEX
8
P03733
10
66.463331
20
127.592664
30
0.0
0
SEQEND
0
POLYLINE
8
P03734
66
1
70
0
0
VERTEX
8
P03734
10
61.552665
20
128.693329
30
0.0
0
VERTEX
8
P03734
10
66.548000
20
129.370667
30
0.0
0
VERTEX
8
P03734
10
61.552665
20
128.693329
30
0.0
0
SEQEND
0
POLYLINE
8
P03735
66
1
70
0
0
VERTEX
8
P03735
10
66.548000
20
129.370667
30
0.0
0
VERTEX
8
P03735
10
66.039999
20
128.693329
30
0.0
0
VERTEX
8
P03735
10
66.548000
20
129.370667
30
0.0
0
SEQEND
0
POLYLINE
8
P03736
66
1
70
0
0
VERTEX
8
P03736
10
66.039999
20
128.693329
30
0.0
0
VERTEX
8
P03736
10
66.548000
20
128.015991
30
0.0
0
VERTEX
8
P03736
10
66.039999
20
128.693329
30
0.0
0
SEQEND
0
POLYLINE
8
P03737
66
1
70
0
0
VERTEX
8
P03737
10
66.548000
20
128.015991
30
0.0
0
VERTEX
8
P03737
10
61.552665
20
128.693329
30
0.0
0
VERTEX
8
P03737
10
66.548000
20
128.015991
30
0.0
0
SEQEND
0
POLYLINE
8
P03738
66
1
70
0
0
VERTEX
8
P03738
10
65.955330
20
129.285993
30
0.0
0
VERTEX
8
P03738
10
66.548000
20
129.285993
30
0.0
0
SEQEND
0
POLYLINE
8
P03739
66
1
70
0
0
VERTEX
8
P03739
10
65.362666
20
129.201330
30
0.0
0
VERTEX
8
P03739
10
66.463331
20
129.201330
30
0.0
0
SEQEND
0
POLYLINE
8
P03740
66
1
70
0
0
VERTEX
8
P03740
10
64.685334
20
129.116667
30
0.0
0
VERTEX
8
P03740
10
66.378663
20
129.116667
30
0.0
0
SEQEND
0
POLYLINE
8
P03741
66
1
70
0
0
VERTEX
8
P03741
10
64.092664
20
129.031993
30
0.0
0
VERTEX
8
P03741
10
66.293999
20
129.031993
30
0.0
0
SEQEND
0
POLYLINE
8
P03742
66
1
70
0
0
VERTEX
8
P03742
10
63.500000
20
128.947329
30
0.0
0
VERTEX
8
P03742
10
66.293999
20
128.947329
30
0.0
0
SEQEND
0
POLYLINE
8
P03743
66
1
70
0
0
VERTEX
8
P03743
10
62.822667
20
128.862666
30
0.0
0
VERTEX
8
P03743
10
66.209331
20
128.862666
30
0.0
0
SEQEND
0
POLYLINE
8
P03744
66
1
70
0
0
VERTEX
8
P03744
10
62.229998
20
128.777992
30
0.0
0
VERTEX
8
P03744
10
66.124668
20
128.777992
30
0.0
0
VERTEX
8
P03744
10
62.229998
20
128.777992
30
0.0
0
SEQEND
0
POLYLINE
8
P03745
66
1
70
0
0
VERTEX
8
P03745
10
61.552665
20
128.693329
30
0.0
0
VERTEX
8
P03745
10
66.039999
20
128.693329
30
0.0
0
SEQEND
0
POLYLINE
8
P03746
66
1
70
0
0
VERTEX
8
P03746
10
62.229998
20
128.608666
30
0.0
0
VERTEX
8
P03746
10
66.124668
20
128.608666
30
0.0
0
SEQEND
0
POLYLINE
8
P03747
66
1
70
0
0
VERTEX
8
P03747
10
62.822667
20
128.523992
30
0.0
0
VERTEX
8
P03747
10
66.209331
20
128.523992
30
0.0
0
SEQEND
0
POLYLINE
8
P03748
66
1
70
0
0
VERTEX
8
P03748
10
63.500000
20
128.439329
30
0.0
0
VERTEX
8
P03748
10
66.293999
20
128.439329
30
0.0
0
SEQEND
0
POLYLINE
8
P03749
66
1
70
0
0
VERTEX
8
P03749
10
64.092664
20
128.354665
30
0.0
0
VERTEX
8
P03749
10
66.293999
20
128.354665
30
0.0
0
SEQEND
0
POLYLINE
8
P03750
66
1
70
0
0
VERTEX
8
P03750
10
64.685334
20
128.269991
30
0.0
0
VERTEX
8
P03750
10
66.378663
20
128.269991
30
0.0
0
SEQEND
0
POLYLINE
8
P03751
66
1
70
0
0
VERTEX
8
P03751
10
65.362666
20
128.185328
30
0.0
0
VERTEX
8
P03751
10
66.463331
20
128.185328
30
0.0
0
SEQEND
0
POLYLINE
8
P03752
66
1
70
0
0
VERTEX
8
P03752
10
65.955330
20
128.100665
30
0.0
0
VERTEX
8
P03752
10
66.548000
20
128.100665
30
0.0
0
VERTEX
8
P03752
10
65.955330
20
128.100665
30
0.0
0
SEQEND
0
POLYLINE
8
P03753
66
1
70
0
0
VERTEX
8
P03753
10
166.031328
20
129.878668
30
0.0
0
VERTEX
8
P03753
10
166.708666
20
129.878668
30
0.0
0
SEQEND
0
POLYLINE
8
P03754
66
1
70
0
0
VERTEX
8
P03754
10
166.031328
20
129.793994
30
0.0
0
VERTEX
8
P03754
10
167.301330
20
129.793994
30
0.0
0
SEQEND
0
POLYLINE
8
P03755
66
1
70
0
0
VERTEX
8
P03755
10
166.031328
20
129.709331
30
0.0
0
VERTEX
8
P03755
10
167.893994
20
129.709331
30
0.0
0
SEQEND
0
POLYLINE
8
P03756
66
1
70
0
0
VERTEX
8
P03756
10
166.031328
20
129.624668
30
0.0
0
VERTEX
8
P03756
10
168.571332
20
129.624668
30
0.0
0
SEQEND
0
POLYLINE
8
P03757
66
1
70
0
0
VERTEX
8
P03757
10
166.031328
20
129.539994
30
0.0
0
VERTEX
8
P03757
10
169.163996
20
129.539994
30
0.0
0
SEQEND
0
POLYLINE
8
P03758
66
1
70
0
0
VERTEX
8
P03758
10
166.031328
20
129.455330
30
0.0
0
VERTEX
8
P03758
10
169.756660
20
129.455330
30
0.0
0
SEQEND
0
POLYLINE
8
P03759
66
1
70
0
0
VERTEX
8
P03759
10
166.031328
20
129.370667
30
0.0
0
VERTEX
8
P03759
10
170.010661
20
129.370667
30
0.0
0
SEQEND
0
POLYLINE
8
P03760
66
1
70
0
0
VERTEX
8
P03760
10
166.031328
20
129.285993
30
0.0
0
VERTEX
8
P03760
10
170.179998
20
129.285993
30
0.0
0
SEQEND
0
POLYLINE
8
P03761
66
1
70
0
0
VERTEX
8
P03761
10
166.031328
20
129.201330
30
0.0
0
VERTEX
8
P03761
10
170.349324
20
129.201330
30
0.0
0
SEQEND
0
POLYLINE
8
P03762
66
1
70
0
0
VERTEX
8
P03762
10
166.031328
20
129.116667
30
0.0
0
VERTEX
8
P03762
10
170.603325
20
129.116667
30
0.0
0
SEQEND
0
POLYLINE
8
P03763
66
1
70
0
0
VERTEX
8
P03763
10
166.031328
20
129.031993
30
0.0
0
VERTEX
8
P03763
10
170.772662
20
129.031993
30
0.0
0
SEQEND
0
POLYLINE
8
P03764
66
1
70
0
0
VERTEX
8
P03764
10
166.031328
20
128.947329
30
0.0
0
VERTEX
8
P03764
10
170.941999
20
128.947329
30
0.0
0
SEQEND
0
POLYLINE
8
P03765
66
1
70
0
0
VERTEX
8
P03765
10
166.031328
20
128.862666
30
0.0
0
VERTEX
8
P03765
10
171.196000
20
128.862666
30
0.0
0
SEQEND
0
POLYLINE
8
P03766
66
1
70
0
0
VERTEX
8
P03766
10
166.031328
20
128.777992
30
0.0
0
VERTEX
8
P03766
10
171.365326
20
128.777992
30
0.0
0
SEQEND
0
POLYLINE
8
P03767
66
1
70
0
0
VERTEX
8
P03767
10
166.031328
20
128.693329
30
0.0
0
VERTEX
8
P03767
10
171.534663
20
128.693329
30
0.0
0
SEQEND
0
POLYLINE
8
P03768
66
1
70
0
0
VERTEX
8
P03768
10
166.031328
20
128.608666
30
0.0
0
VERTEX
8
P03768
10
171.365326
20
128.608666
30
0.0
0
SEQEND
0
POLYLINE
8
P03769
66
1
70
0
0
VERTEX
8
P03769
10
166.031328
20
128.523992
30
0.0
0
VERTEX
8
P03769
10
171.111326
20
128.523992
30
0.0
0
SEQEND
0
POLYLINE
8
P03770
66
1
70
0
0
VERTEX
8
P03770
10
166.031328
20
128.439329
30
0.0
0
VERTEX
8
P03770
10
170.941999
20
128.439329
30
0.0
0
SEQEND
0
POLYLINE
8
P03771
66
1
70
0
0
VERTEX
8
P03771
10
166.031328
20
128.354665
30
0.0
0
VERTEX
8
P03771
10
170.687999
20
128.354665
30
0.0
0
SEQEND
0
POLYLINE
8
P03772
66
1
70
0
0
VERTEX
8
P03772
10
166.031328
20
128.269991
30
0.0
0
VERTEX
8
P03772
10
170.433998
20
128.269991
30
0.0
0
SEQEND
0
POLYLINE
8
P03773
66
1
70
0
0
VERTEX
8
P03773
10
166.031328
20
128.185328
30
0.0
0
VERTEX
8
P03773
10
170.264661
20
128.185328
30
0.0
0
SEQEND
0
POLYLINE
8
P03774
66
1
70
0
0
VERTEX
8
P03774
10
166.031328
20
128.100665
30
0.0
0
VERTEX
8
P03774
10
170.010661
20
128.100665
30
0.0
0
SEQEND
0
POLYLINE
8
P03775
66
1
70
0
0
VERTEX
8
P03775
10
166.031328
20
128.015991
30
0.0
0
VERTEX
8
P03775
10
169.756660
20
128.015991
30
0.0
0
SEQEND
0
POLYLINE
8
P03776
66
1
70
0
0
VERTEX
8
P03776
10
166.031328
20
127.931328
30
0.0
0
VERTEX
8
P03776
10
169.163996
20
127.931328
30
0.0
0
SEQEND
0
POLYLINE
8
P03777
66
1
70
0
0
VERTEX
8
P03777
10
166.031328
20
127.846665
30
0.0
0
VERTEX
8
P03777
10
168.571332
20
127.846665
30
0.0
0
SEQEND
0
POLYLINE
8
P03778
66
1
70
0
0
VERTEX
8
P03778
10
166.031328
20
127.762001
30
0.0
0
VERTEX
8
P03778
10
167.893994
20
127.762001
30
0.0
0
SEQEND
0
POLYLINE
8
P03779
66
1
70
0
0
VERTEX
8
P03779
10
166.031328
20
127.677327
30
0.0
0
VERTEX
8
P03779
10
167.301330
20
127.677327
30
0.0
0
SEQEND
0
POLYLINE
8
P03780
66
1
70
0
0
VERTEX
8
P03780
10
166.031328
20
127.592664
30
0.0
0
VERTEX
8
P03780
10
166.708666
20
127.592664
30
0.0
0
VERTEX
8
P03780
10
166.031328
20
127.592664
30
0.0
0
SEQEND
0
POLYLINE
8
P03781
66
1
70
0
0
VERTEX
8
P03781
10
171.534663
20
128.693329
30
0.0
0
VERTEX
8
P03781
10
166.539329
20
128.015991
30
0.0
0
VERTEX
8
P03781
10
171.534663
20
128.693329
30
0.0
0
SEQEND
0
POLYLINE
8
P03782
66
1
70
0
0
VERTEX
8
P03782
10
166.539329
20
128.015991
30
0.0
0
VERTEX
8
P03782
10
167.047329
20
128.693329
30
0.0
0
VERTEX
8
P03782
10
166.539329
20
128.015991
30
0.0
0
SEQEND
0
POLYLINE
8
P03783
66
1
70
0
0
VERTEX
8
P03783
10
167.047329
20
128.693329
30
0.0
0
VERTEX
8
P03783
10
166.539329
20
129.370667
30
0.0
0
VERTEX
8
P03783
10
167.047329
20
128.693329
30
0.0
0
SEQEND
0
POLYLINE
8
P03784
66
1
70
0
0
VERTEX
8
P03784
10
166.539329
20
129.370667
30
0.0
0
VERTEX
8
P03784
10
171.534663
20
128.693329
30
0.0
0
VERTEX
8
P03784
10
166.539329
20
129.370667
30
0.0
0
SEQEND
0
POLYLINE
8
P03785
66
1
70
0
0
VERTEX
8
P03785
10
167.047329
20
128.693329
30
0.0
0
VERTEX
8
P03785
10
171.534663
20
128.693329
30
0.0
0
SEQEND
0
POLYLINE
8
P03786
66
1
70
0
0
VERTEX
8
P03786
10
167.047329
20
128.608666
30
0.0
0
VERTEX
8
P03786
10
170.941999
20
128.608666
30
0.0
0
SEQEND
0
POLYLINE
8
P03787
66
1
70
0
0
VERTEX
8
P03787
10
166.962666
20
128.523992
30
0.0
0
VERTEX
8
P03787
10
170.349324
20
128.523992
30
0.0
0
SEQEND
0
POLYLINE
8
P03788
66
1
70
0
0
VERTEX
8
P03788
10
166.877992
20
128.439329
30
0.0
0
VERTEX
8
P03788
10
169.671997
20
128.439329
30
0.0
0
SEQEND
0
POLYLINE
8
P03789
66
1
70
0
0
VERTEX
8
P03789
10
166.793329
20
128.354665
30
0.0
0
VERTEX
8
P03789
10
169.079333
20
128.354665
30
0.0
0
SEQEND
0
POLYLINE
8
P03790
66
1
70
0
0
VERTEX
8
P03790
10
166.793329
20
128.269991
30
0.0
0
VERTEX
8
P03790
10
168.486658
20
128.269991
30
0.0
0
SEQEND
0
POLYLINE
8
P03791
66
1
70
0
0
VERTEX
8
P03791
10
166.708666
20
128.185328
30
0.0
0
VERTEX
8
P03791
10
167.809331
20
128.185328
30
0.0
0
SEQEND
0
POLYLINE
8
P03792
66
1
70
0
0
VERTEX
8
P03792
10
166.623992
20
128.100665
30
0.0
0
VERTEX
8
P03792
10
167.216667
20
128.100665
30
0.0
0
VERTEX
8
P03792
10
166.623992
20
128.100665
30
0.0
0
SEQEND
0
POLYLINE
8
P03793
66
1
70
0
0
VERTEX
8
P03793
10
166.623992
20
129.285993
30
0.0
0
VERTEX
8
P03793
10
167.216667
20
129.285993
30
0.0
0
SEQEND
0
POLYLINE
8
P03794
66
1
70
0
0
VERTEX
8
P03794
10
166.708666
20
129.201330
30
0.0
0
VERTEX
8
P03794
10
167.809331
20
129.201330
30
0.0
0
SEQEND
0
POLYLINE
8
P03795
66
1
70
0
0
VERTEX
8
P03795
10
166.793329
20
129.116667
30
0.0
0
VERTEX
8
P03795
10
168.486658
20
129.116667
30
0.0
0
SEQEND
0
POLYLINE
8
P03796
66
1
70
0
0
VERTEX
8
P03796
10
166.793329
20
129.031993
30
0.0
0
VERTEX
8
P03796
10
169.079333
20
129.031993
30
0.0
0
SEQEND
0
POLYLINE
8
P03797
66
1
70
0
0
VERTEX
8
P03797
10
166.877992
20
128.947329
30
0.0
0
VERTEX
8
P03797
10
169.671997
20
128.947329
30
0.0
0
SEQEND
0
POLYLINE
8
P03798
66
1
70
0
0
VERTEX
8
P03798
10
166.962666
20
128.862666
30
0.0
0
VERTEX
8
P03798
10
170.349324
20
128.862666
30
0.0
0
SEQEND
0
POLYLINE
8
P03799
66
1
70
0
0
VERTEX
8
P03799
10
167.047329
20
128.777992
30
0.0
0
VERTEX
8
P03799
10
170.941999
20
128.777992
30
0.0
0
VERTEX
8
P03799
10
167.047329
20
128.777992
30
0.0
0
SEQEND
0
POLYLINE
8
P03800
66
1
70
0
0
VERTEX
8
P03800
10
61.552665
20
128.693329
30
0.0
0
VERTEX
8
P03800
10
171.534663
20
128.693329
30
0.0
0
VERTEX
8
P03800
10
61.552665
20
128.693329
30
0.0
0
SEQEND
0
POLYLINE
8
P03801
66
1
70
0
0
VERTEX
8
P03801
10
182.033333
20
188.637323
30
0.0
0
VERTEX
8
P03801
10
190.245989
20
188.637323
30
0.0
0
SEQEND
0
POLYLINE
8
P03802
66
1
70
0
0
VERTEX
8
P03802
10
182.033333
20
188.552660
30
0.0
0
VERTEX
8
P03802
10
190.245989
20
188.552660
30
0.0
0
SEQEND
0
POLYLINE
8
P03803
66
1
70
0
0
VERTEX
8
P03803
10
182.033333
20
188.467997
30
0.0
0
VERTEX
8
P03803
10
190.245989
20
188.467997
30
0.0
0
SEQEND
0
POLYLINE
8
P03804
66
1
70
0
0
VERTEX
8
P03804
10
182.033333
20
188.383333
30
0.0
0
VERTEX
8
P03804
10
190.245989
20
188.383333
30
0.0
0
SEQEND
0
POLYLINE
8
P03805
66
1
70
0
0
VERTEX
8
P03805
10
182.033333
20
188.298659
30
0.0
0
VERTEX
8
P03805
10
190.245989
20
188.298659
30
0.0
0
SEQEND
0
POLYLINE
8
P03806
66
1
70
0
0
VERTEX
8
P03806
10
182.033333
20
188.213996
30
0.0
0
VERTEX
8
P03806
10
190.245989
20
188.213996
30
0.0
0
SEQEND
0
POLYLINE
8
P03807
66
1
70
0
0
VERTEX
8
P03807
10
182.033333
20
188.129333
30
0.0
0
VERTEX
8
P03807
10
190.245989
20
188.129333
30
0.0
0
SEQEND
0
POLYLINE
8
P03808
66
1
70
0
0
VERTEX
8
P03808
10
182.033333
20
188.044659
30
0.0
0
VERTEX
8
P03808
10
190.245989
20
188.044659
30
0.0
0
SEQEND
0
POLYLINE
8
P03809
66
1
70
0
0
VERTEX
8
P03809
10
182.033333
20
187.959996
30
0.0
0
VERTEX
8
P03809
10
190.245989
20
187.959996
30
0.0
0
SEQEND
0
POLYLINE
8
P03810
66
1
70
0
0
VERTEX
8
P03810
10
182.033333
20
187.875332
30
0.0
0
VERTEX
8
P03810
10
190.245989
20
187.875332
30
0.0
0
SEQEND
0
POLYLINE
8
P03811
66
1
70
0
0
VERTEX
8
P03811
10
182.033333
20
187.790658
30
0.0
0
VERTEX
8
P03811
10
190.245989
20
187.790658
30
0.0
0
SEQEND
0
POLYLINE
8
P03812
66
1
70
0
0
VERTEX
8
P03812
10
182.033333
20
187.705995
30
0.0
0
VERTEX
8
P03812
10
190.245989
20
187.705995
30
0.0
0
SEQEND
0
POLYLINE
8
P03813
66
1
70
0
0
VERTEX
8
P03813
10
182.033333
20
187.621332
30
0.0
0
VERTEX
8
P03813
10
190.245989
20
187.621332
30
0.0
0
SEQEND
0
POLYLINE
8
P03814
66
1
70
0
0
VERTEX
8
P03814
10
182.033333
20
187.536658
30
0.0
0
VERTEX
8
P03814
10
190.245989
20
187.536658
30
0.0
0
SEQEND
0
POLYLINE
8
P03815
66
1
70
0
0
VERTEX
8
P03815
10
182.033333
20
187.451995
30
0.0
0
VERTEX
8
P03815
10
190.245989
20
187.451995
30
0.0
0
SEQEND
0
POLYLINE
8
P03816
66
1
70
0
0
VERTEX
8
P03816
10
182.033333
20
187.367332
30
0.0
0
VERTEX
8
P03816
10
190.245989
20
187.367332
30
0.0
0
SEQEND
0
POLYLINE
8
P03817
66
1
70
0
0
VERTEX
8
P03817
10
182.033333
20
187.282658
30
0.0
0
VERTEX
8
P03817
10
190.245989
20
187.282658
30
0.0
0
SEQEND
0
POLYLINE
8
P03818
66
1
70
0
0
VERTEX
8
P03818
10
182.033333
20
187.197994
30
0.0
0
VERTEX
8
P03818
10
190.245989
20
187.197994
30
0.0
0
SEQEND
0
POLYLINE
8
P03819
66
1
70
0
0
VERTEX
8
P03819
10
182.033333
20
187.113331
30
0.0
0
VERTEX
8
P03819
10
190.245989
20
187.113331
30
0.0
0
SEQEND
0
POLYLINE
8
P03820
66
1
70
0
0
VERTEX
8
P03820
10
182.033333
20
187.028657
30
0.0
0
VERTEX
8
P03820
10
190.245989
20
187.028657
30
0.0
0
SEQEND
0
POLYLINE
8
P03821
66
1
70
0
0
VERTEX
8
P03821
10
182.033333
20
186.943994
30
0.0
0
VERTEX
8
P03821
10
190.245989
20
186.943994
30
0.0
0
SEQEND
0
POLYLINE
8
P03822
66
1
70
0
0
VERTEX
8
P03822
10
182.033333
20
186.859331
30
0.0
0
VERTEX
8
P03822
10
190.245989
20
186.859331
30
0.0
0
SEQEND
0
POLYLINE
8
P03823
66
1
70
0
0
VERTEX
8
P03823
10
182.033333
20
186.774657
30
0.0
0
VERTEX
8
P03823
10
190.245989
20
186.774657
30
0.0
0
SEQEND
0
POLYLINE
8
P03824
66
1
70
0
0
VERTEX
8
P03824
10
182.033333
20
186.689994
30
0.0
0
VERTEX
8
P03824
10
190.245989
20
186.689994
30
0.0
0
SEQEND
0
POLYLINE
8
P03825
66
1
70
0
0
VERTEX
8
P03825
10
182.033333
20
186.605330
30
0.0
0
VERTEX
8
P03825
10
190.245989
20
186.605330
30
0.0
0
SEQEND
0
POLYLINE
8
P03826
66
1
70
0
0
VERTEX
8
P03826
10
182.033333
20
186.520656
30
0.0
0
VERTEX
8
P03826
10
190.245989
20
186.520656
30
0.0
0
SEQEND
0
POLYLINE
8
P03827
66
1
70
0
0
VERTEX
8
P03827
10
182.033333
20
186.435993
30
0.0
0
VERTEX
8
P03827
10
190.245989
20
186.435993
30
0.0
0
SEQEND
0
POLYLINE
8
P03828
66
1
70
0
0
VERTEX
8
P03828
10
182.033333
20
186.351330
30
0.0
0
VERTEX
8
P03828
10
190.245989
20
186.351330
30
0.0
0
SEQEND
0
POLYLINE
8
P03829
66
1
70
0
0
VERTEX
8
P03829
10
182.033333
20
186.266667
30
0.0
0
VERTEX
8
P03829
10
190.245989
20
186.266667
30
0.0
0
SEQEND
0
POLYLINE
8
P03830
66
1
70
0
0
VERTEX
8
P03830
10
182.033333
20
186.181993
30
0.0
0
VERTEX
8
P03830
10
190.245989
20
186.181993
30
0.0
0
SEQEND
0
POLYLINE
8
P03831
66
1
70
0
0
VERTEX
8
P03831
10
182.033333
20
186.097329
30
0.0
0
VERTEX
8
P03831
10
190.245989
20
186.097329
30
0.0
0
SEQEND
0
POLYLINE
8
P03832
66
1
70
0
0
VERTEX
8
P03832
10
182.033333
20
186.012666
30
0.0
0
VERTEX
8
P03832
10
190.245989
20
186.012666
30
0.0
0
SEQEND
0
POLYLINE
8
P03833
66
1
70
0
0
VERTEX
8
P03833
10
182.033333
20
185.927992
30
0.0
0
VERTEX
8
P03833
10
190.245989
20
185.927992
30
0.0
0
SEQEND
0
POLYLINE
8
P03834
66
1
70
0
0
VERTEX
8
P03834
10
182.033333
20
185.843329
30
0.0
0
VERTEX
8
P03834
10
190.245989
20
185.843329
30
0.0
0
SEQEND
0
POLYLINE
8
P03835
66
1
70
0
0
VERTEX
8
P03835
10
182.033333
20
185.758666
30
0.0
0
VERTEX
8
P03835
10
190.245989
20
185.758666
30
0.0
0
SEQEND
0
POLYLINE
8
P03836
66
1
70
0
0
VERTEX
8
P03836
10
182.033333
20
185.673992
30
0.0
0
VERTEX
8
P03836
10
190.245989
20
185.673992
30
0.0
0
SEQEND
0
POLYLINE
8
P03837
66
1
70
0
0
VERTEX
8
P03837
10
182.033333
20
185.589329
30
0.0
0
VERTEX
8
P03837
10
190.245989
20
185.589329
30
0.0
0
SEQEND
0
POLYLINE
8
P03838
66
1
70
0
0
VERTEX
8
P03838
10
182.033333
20
185.504665
30
0.0
0
VERTEX
8
P03838
10
190.245989
20
185.504665
30
0.0
0
SEQEND
0
POLYLINE
8
P03839
66
1
70
0
0
VERTEX
8
P03839
10
182.033333
20
185.419991
30
0.0
0
VERTEX
8
P03839
10
190.245989
20
185.419991
30
0.0
0
SEQEND
0
POLYLINE
8
P03840
66
1
70
0
0
VERTEX
8
P03840
10
182.033333
20
185.335328
30
0.0
0
VERTEX
8
P03840
10
190.245989
20
185.335328
30
0.0
0
SEQEND
0
POLYLINE
8
P03841
66
1
70
0
0
VERTEX
8
P03841
10
182.033333
20
185.250665
30
0.0
0
VERTEX
8
P03841
10
190.245989
20
185.250665
30
0.0
0
SEQEND
0
POLYLINE
8
P03842
66
1
70
0
0
VERTEX
8
P03842
10
182.033333
20
185.165991
30
0.0
0
VERTEX
8
P03842
10
190.245989
20
185.165991
30
0.0
0
SEQEND
0
POLYLINE
8
P03843
66
1
70
0
0
VERTEX
8
P03843
10
182.033333
20
185.081328
30
0.0
0
VERTEX
8
P03843
10
190.245989
20
185.081328
30
0.0
0
SEQEND
0
POLYLINE
8
P03844
66
1
70
0
0
VERTEX
8
P03844
10
182.033333
20
184.996665
30
0.0
0
VERTEX
8
P03844
10
190.245989
20
184.996665
30
0.0
0
SEQEND
0
POLYLINE
8
P03845
66
1
70
0
0
VERTEX
8
P03845
10
182.033333
20
184.911991
30
0.0
0
VERTEX
8
P03845
10
190.245989
20
184.911991
30
0.0
0
SEQEND
0
POLYLINE
8
P03846
66
1
70
0
0
VERTEX
8
P03846
10
182.033333
20
184.827327
30
0.0
0
VERTEX
8
P03846
10
190.245989
20
184.827327
30
0.0
0
SEQEND
0
POLYLINE
8
P03847
66
1
70
0
0
VERTEX
8
P03847
10
182.033333
20
184.742664
30
0.0
0
VERTEX
8
P03847
10
190.245989
20
184.742664
30
0.0
0
SEQEND
0
POLYLINE
8
P03848
66
1
70
0
0
VERTEX
8
P03848
10
182.033333
20
184.657990
30
0.0
0
VERTEX
8
P03848
10
190.245989
20
184.657990
30
0.0
0
SEQEND
0
POLYLINE
8
P03849
66
1
70
0
0
VERTEX
8
P03849
10
182.033333
20
184.573327
30
0.0
0
VERTEX
8
P03849
10
190.245989
20
184.573327
30
0.0
0
SEQEND
0
POLYLINE
8
P03850
66
1
70
0
0
VERTEX
8
P03850
10
182.033333
20
184.488664
30
0.0
0
VERTEX
8
P03850
10
190.245989
20
184.488664
30
0.0
0
SEQEND
0
POLYLINE
8
P03851
66
1
70
0
0
VERTEX
8
P03851
10
182.033333
20
184.403990
30
0.0
0
VERTEX
8
P03851
10
190.245989
20
184.403990
30
0.0
0
SEQEND
0
POLYLINE
8
P03852
66
1
70
0
0
VERTEX
8
P03852
10
182.033333
20
184.319326
30
0.0
0
VERTEX
8
P03852
10
190.245989
20
184.319326
30
0.0
0
SEQEND
0
POLYLINE
8
P03853
66
1
70
0
0
VERTEX
8
P03853
10
182.033333
20
184.234663
30
0.0
0
VERTEX
8
P03853
10
190.245989
20
184.234663
30
0.0
0
SEQEND
0
POLYLINE
8
P03854
66
1
70
0
0
VERTEX
8
P03854
10
182.033333
20
184.150000
30
0.0
0
VERTEX
8
P03854
10
190.245989
20
184.150000
30
0.0
0
SEQEND
0
POLYLINE
8
P03855
66
1
70
0
0
VERTEX
8
P03855
10
182.033333
20
184.065326
30
0.0
0
VERTEX
8
P03855
10
190.245989
20
184.065326
30
0.0
0
SEQEND
0
POLYLINE
8
P03856
66
1
70
0
0
VERTEX
8
P03856
10
182.033333
20
183.980663
30
0.0
0
VERTEX
8
P03856
10
190.245989
20
183.980663
30
0.0
0
SEQEND
0
POLYLINE
8
P03857
66
1
70
0
0
VERTEX
8
P03857
10
182.033333
20
183.896000
30
0.0
0
VERTEX
8
P03857
10
190.245989
20
183.896000
30
0.0
0
SEQEND
0
POLYLINE
8
P03858
66
1
70
0
0
VERTEX
8
P03858
10
182.033333
20
183.811326
30
0.0
0
VERTEX
8
P03858
10
190.245989
20
183.811326
30
0.0
0
SEQEND
0
POLYLINE
8
P03859
66
1
70
0
0
VERTEX
8
P03859
10
182.033333
20
183.726662
30
0.0
0
VERTEX
8
P03859
10
190.245989
20
183.726662
30
0.0
0
SEQEND
0
POLYLINE
8
P03860
66
1
70
0
0
VERTEX
8
P03860
10
182.033333
20
183.641999
30
0.0
0
VERTEX
8
P03860
10
190.245989
20
183.641999
30
0.0
0
SEQEND
0
POLYLINE
8
P03861
66
1
70
0
0
VERTEX
8
P03861
10
182.033333
20
183.557325
30
0.0
0
VERTEX
8
P03861
10
190.245989
20
183.557325
30
0.0
0
SEQEND
0
POLYLINE
8
P03862
66
1
70
0
0
VERTEX
8
P03862
10
182.033333
20
183.472662
30
0.0
0
VERTEX
8
P03862
10
190.245989
20
183.472662
30
0.0
0
SEQEND
0
POLYLINE
8
P03863
66
1
70
0
0
VERTEX
8
P03863
10
182.033333
20
183.387999
30
0.0
0
VERTEX
8
P03863
10
190.245989
20
183.387999
30
0.0
0
SEQEND
0
POLYLINE
8
P03864
66
1
70
0
0
VERTEX
8
P03864
10
182.033333
20
183.303325
30
0.0
0
VERTEX
8
P03864
10
190.245989
20
183.303325
30
0.0
0
SEQEND
0
POLYLINE
8
P03865
66
1
70
0
0
VERTEX
8
P03865
10
182.033333
20
183.218661
30
0.0
0
VERTEX
8
P03865
10
190.245989
20
183.218661
30
0.0
0
SEQEND
0
POLYLINE
8
P03866
66
1
70
0
0
VERTEX
8
P03866
10
182.033333
20
183.133998
30
0.0
0
VERTEX
8
P03866
10
190.245989
20
183.133998
30
0.0
0
SEQEND
0
POLYLINE
8
P03867
66
1
70
0
0
VERTEX
8
P03867
10
182.033333
20
183.049324
30
0.0
0
VERTEX
8
P03867
10
190.245989
20
183.049324
30
0.0
0
SEQEND
0
POLYLINE
8
P03868
66
1
70
0
0
VERTEX
8
P03868
10
182.033333
20
182.964661
30
0.0
0
VERTEX
8
P03868
10
190.245989
20
182.964661
30
0.0
0
SEQEND
0
POLYLINE
8
P03869
66
1
70
0
0
VERTEX
8
P03869
10
182.033333
20
182.879998
30
0.0
0
VERTEX
8
P03869
10
190.245989
20
182.879998
30
0.0
0
SEQEND
0
POLYLINE
8
P03870
66
1
70
0
0
VERTEX
8
P03870
10
182.033333
20
182.795324
30
0.0
0
VERTEX
8
P03870
10
190.245989
20
182.795324
30
0.0
0
SEQEND
0
POLYLINE
8
P03871
66
1
70
0
0
VERTEX
8
P03871
10
182.033333
20
182.710661
30
0.0
0
VERTEX
8
P03871
10
190.245989
20
182.710661
30
0.0
0
SEQEND
0
POLYLINE
8
P03872
66
1
70
0
0
VERTEX
8
P03872
10
182.033333
20
182.625997
30
0.0
0
VERTEX
8
P03872
10
190.245989
20
182.625997
30
0.0
0
SEQEND
0
POLYLINE
8
P03873
66
1
70
0
0
VERTEX
8
P03873
10
182.033333
20
182.541323
30
0.0
0
VERTEX
8
P03873
10
190.245989
20
182.541323
30
0.0
0
SEQEND
0
POLYLINE
8
P03874
66
1
70
0
0
VERTEX
8
P03874
10
182.033333
20
182.456660
30
0.0
0
VERTEX
8
P03874
10
190.245989
20
182.456660
30
0.0
0
SEQEND
0
POLYLINE
8
P03875
66
1
70
0
0
VERTEX
8
P03875
10
182.033333
20
182.371997
30
0.0
0
VERTEX
8
P03875
10
190.245989
20
182.371997
30
0.0
0
SEQEND
0
POLYLINE
8
P03876
66
1
70
0
0
VERTEX
8
P03876
10
182.033333
20
182.287323
30
0.0
0
VERTEX
8
P03876
10
190.245989
20
182.287323
30
0.0
0
SEQEND
0
POLYLINE
8
P03877
66
1
70
0
0
VERTEX
8
P03877
10
182.033333
20
182.202660
30
0.0
0
VERTEX
8
P03877
10
190.245989
20
182.202660
30
0.0
0
SEQEND
0
POLYLINE
8
P03878
66
1
70
0
0
VERTEX
8
P03878
10
182.033333
20
182.117997
30
0.0
0
VERTEX
8
P03878
10
190.245989
20
182.117997
30
0.0
0
SEQEND
0
POLYLINE
8
P03879
66
1
70
0
0
VERTEX
8
P03879
10
182.033333
20
182.033333
30
0.0
0
VERTEX
8
P03879
10
190.245989
20
182.033333
30
0.0
0
SEQEND
0
POLYLINE
8
P03880
66
1
70
0
0
VERTEX
8
P03880
10
182.033333
20
181.948659
30
0.0
0
VERTEX
8
P03880
10
190.245989
20
181.948659
30
0.0
0
SEQEND
0
POLYLINE
8
P03881
66
1
70
0
0
VERTEX
8
P03881
10
182.033333
20
181.863996
30
0.0
0
VERTEX
8
P03881
10
190.245989
20
181.863996
30
0.0
0
SEQEND
0
POLYLINE
8
P03882
66
1
70
0
0
VERTEX
8
P03882
10
182.033333
20
181.779333
30
0.0
0
VERTEX
8
P03882
10
190.245989
20
181.779333
30
0.0
0
SEQEND
0
POLYLINE
8
P03883
66
1
70
0
0
VERTEX
8
P03883
10
182.033333
20
181.694659
30
0.0
0
VERTEX
8
P03883
10
190.245989
20
181.694659
30
0.0
0
SEQEND
0
POLYLINE
8
P03884
66
1
70
0
0
VERTEX
8
P03884
10
182.033333
20
181.609996
30
0.0
0
VERTEX
8
P03884
10
190.245989
20
181.609996
30
0.0
0
SEQEND
0
POLYLINE
8
P03885
66
1
70
0
0
VERTEX
8
P03885
10
182.033333
20
181.525332
30
0.0
0
VERTEX
8
P03885
10
190.245989
20
181.525332
30
0.0
0
SEQEND
0
POLYLINE
8
P03886
66
1
70
0
0
VERTEX
8
P03886
10
182.033333
20
181.440658
30
0.0
0
VERTEX
8
P03886
10
190.245989
20
181.440658
30
0.0
0
SEQEND
0
POLYLINE
8
P03887
66
1
70
0
0
VERTEX
8
P03887
10
182.033333
20
181.355995
30
0.0
0
VERTEX
8
P03887
10
190.245989
20
181.355995
30
0.0
0
VERTEX
8
P03887
10
182.033333
20
181.355995
30
0.0
0
SEQEND
0
POLYLINE
8
P03888
66
1
70
0
0
VERTEX
8
P03888
10
162.559996
20
181.440658
30
0.0
0
VERTEX
8
P03888
10
163.237334
20
181.440658
30
0.0
0
SEQEND
0
POLYLINE
8
P03889
66
1
70
0
0
VERTEX
8
P03889
10
162.559996
20
181.355995
30
0.0
0
VERTEX
8
P03889
10
163.829998
20
181.355995
30
0.0
0
SEQEND
0
POLYLINE
8
P03890
66
1
70
0
0
VERTEX
8
P03890
10
162.559996
20
181.271332
30
0.0
0
VERTEX
8
P03890
10
164.422662
20
181.271332
30
0.0
0
SEQEND
0
POLYLINE
8
P03891
66
1
70
0
0
VERTEX
8
P03891
10
162.559996
20
181.186658
30
0.0
0
VERTEX
8
P03891
10
165.100000
20
181.186658
30
0.0
0
SEQEND
0
POLYLINE
8
P03892
66
1
70
0
0
VERTEX
8
P03892
10
162.559996
20
181.101995
30
0.0
0
VERTEX
8
P03892
10
165.692664
20
181.101995
30
0.0
0
SEQEND
0
POLYLINE
8
P03893
66
1
70
0
0
VERTEX
8
P03893
10
162.559996
20
181.017332
30
0.0
0
VERTEX
8
P03893
10
166.285328
20
181.017332
30
0.0
0
SEQEND
0
POLYLINE
8
P03894
66
1
70
0
0
VERTEX
8
P03894
10
162.559996
20
180.932658
30
0.0
0
VERTEX
8
P03894
10
166.539329
20
180.932658
30
0.0
0
SEQEND
0
POLYLINE
8
P03895
66
1
70
0
0
VERTEX
8
P03895
10
162.559996
20
180.847994
30
0.0
0
VERTEX
8
P03895
10
166.708666
20
180.847994
30
0.0
0
SEQEND
0
POLYLINE
8
P03896
66
1
70
0
0
VERTEX
8
P03896
10
162.559996
20
180.763331
30
0.0
0
VERTEX
8
P03896
10
166.877992
20
180.763331
30
0.0
0
SEQEND
0
POLYLINE
8
P03897
66
1
70
0
0
VERTEX
8
P03897
10
162.559996
20
180.678657
30
0.0
0
VERTEX
8
P03897
10
167.131993
20
180.678657
30
0.0
0
SEQEND
0
POLYLINE
8
P03898
66
1
70
0
0
VERTEX
8
P03898
10
162.559996
20
180.593994
30
0.0
0
VERTEX
8
P03898
10
167.301330
20
180.593994
30
0.0
0
SEQEND
0
POLYLINE
8
P03899
66
1
70
0
0
VERTEX
8
P03899
10
162.559996
20
180.509331
30
0.0
0
VERTEX
8
P03899
10
167.470667
20
180.509331
30
0.0
0
SEQEND
0
POLYLINE
8
P03900
66
1
70
0
0
VERTEX
8
P03900
10
162.559996
20
180.424657
30
0.0
0
VERTEX
8
P03900
10
167.724668
20
180.424657
30
0.0
0
SEQEND
0
POLYLINE
8
P03901
66
1
70
0
0
VERTEX
8
P03901
10
162.559996
20
180.339994
30
0.0
0
VERTEX
8
P03901
10
167.893994
20
180.339994
30
0.0
0
SEQEND
0
POLYLINE
8
P03902
66
1
70
0
0
VERTEX
8
P03902
10
162.559996
20
180.255330
30
0.0
0
VERTEX
8
P03902
10
168.063331
20
180.255330
30
0.0
0
SEQEND
0
POLYLINE
8
P03903
66
1
70
0
0
VERTEX
8
P03903
10
162.559996
20
180.170656
30
0.0
0
VERTEX
8
P03903
10
167.893994
20
180.170656
30
0.0
0
SEQEND
0
POLYLINE
8
P03904
66
1
70
0
0
VERTEX
8
P03904
10
162.559996
20
180.085993
30
0.0
0
VERTEX
8
P03904
10
167.639994
20
180.085993
30
0.0
0
SEQEND
0
POLYLINE
8
P03905
66
1
70
0
0
VERTEX
8
P03905
10
162.559996
20
180.001330
30
0.0
0
VERTEX
8
P03905
10
167.470667
20
180.001330
30
0.0
0
SEQEND
0
POLYLINE
8
P03906
66
1
70
0
0
VERTEX
8
P03906
10
162.559996
20
179.916667
30
0.0
0
VERTEX
8
P03906
10
167.216667
20
179.916667
30
0.0
0
SEQEND
0
POLYLINE
8
P03907
66
1
70
0
0
VERTEX
8
P03907
10
162.559996
20
179.831993
30
0.0
0
VERTEX
8
P03907
10
166.962666
20
179.831993
30
0.0
0
SEQEND
0
POLYLINE
8
P03908
66
1
70
0
0
VERTEX
8
P03908
10
162.559996
20
179.747329
30
0.0
0
VERTEX
8
P03908
10
166.793329
20
179.747329
30
0.0
0
SEQEND
0
POLYLINE
8
P03909
66
1
70
0
0
VERTEX
8
P03909
10
162.559996
20
179.662666
30
0.0
0
VERTEX
8
P03909
10
166.539329
20
179.662666
30
0.0
0
SEQEND
0
POLYLINE
8
P03910
66
1
70
0
0
VERTEX
8
P03910
10
162.559996
20
179.577992
30
0.0
0
VERTEX
8
P03910
10
166.285328
20
179.577992
30
0.0
0
SEQEND
0
POLYLINE
8
P03911
66
1
70
0
0
VERTEX
8
P03911
10
162.559996
20
179.493329
30
0.0
0
VERTEX
8
P03911
10
165.692664
20
179.493329
30
0.0
0
SEQEND
0
POLYLINE
8
P03912
66
1
70
0
0
VERTEX
8
P03912
10
162.559996
20
179.408666
30
0.0
0
VERTEX
8
P03912
10
165.100000
20
179.408666
30
0.0
0
SEQEND
0
POLYLINE
8
P03913
66
1
70
0
0
VERTEX
8
P03913
10
162.559996
20
179.323992
30
0.0
0
VERTEX
8
P03913
10
164.422662
20
179.323992
30
0.0
0
SEQEND
0
POLYLINE
8
P03914
66
1
70
0
0
VERTEX
8
P03914
10
162.559996
20
179.239329
30
0.0
0
VERTEX
8
P03914
10
163.829998
20
179.239329
30
0.0
0
SEQEND
0
POLYLINE
8
P03915
66
1
70
0
0
VERTEX
8
P03915
10
162.559996
20
179.154665
30
0.0
0
VERTEX
8
P03915
10
163.237334
20
179.154665
30
0.0
0
VERTEX
8
P03915
10
162.559996
20
179.154665
30
0.0
0
SEQEND
0
POLYLINE
8
P03916
66
1
70
0
0
VERTEX
8
P03916
10
168.063331
20
180.255330
30
0.0
0
VERTEX
8
P03916
10
163.067997
20
180.932658
30
0.0
0
VERTEX
8
P03916
10
168.063331
20
180.255330
30
0.0
0
SEQEND
0
POLYLINE
8
P03917
66
1
70
0
0
VERTEX
8
P03917
10
163.067997
20
180.932658
30
0.0
0
VERTEX
8
P03917
10
163.575997
20
180.255330
30
0.0
0
VERTEX
8
P03917
10
163.067997
20
180.932658
30
0.0
0
SEQEND
0
POLYLINE
8
P03918
66
1
70
0
0
VERTEX
8
P03918
10
163.575997
20
180.255330
30
0.0
0
VERTEX
8
P03918
10
163.067997
20
179.662666
30
0.0
0
VERTEX
8
P03918
10
163.575997
20
180.255330
30
0.0
0
SEQEND
0
POLYLINE
8
P03919
66
1
70
0
0
VERTEX
8
P03919
10
163.067997
20
179.662666
30
0.0
0
VERTEX
8
P03919
10
168.063331
20
180.255330
30
0.0
0
VERTEX
8
P03919
10
163.067997
20
179.662666
30
0.0
0
SEQEND
0
POLYLINE
8
P03920
66
1
70
0
0
VERTEX
8
P03920
10
168.063331
20
180.255330
30
0.0
0
VERTEX
8
P03920
10
161.035993
20
180.255330
30
0.0
0
VERTEX
8
P03920
10
168.063331
20
180.255330
30
0.0
0
SEQEND
0
POLYLINE
8
P03921
66
1
70
0
0
VERTEX
8
P03921
10
163.152660
20
180.847994
30
0.0
0
VERTEX
8
P03921
10
163.745335
20
180.847994
30
0.0
0
SEQEND
0
POLYLINE
8
P03922
66
1
70
0
0
VERTEX
8
P03922
10
163.237334
20
180.763331
30
0.0
0
VERTEX
8
P03922
10
164.337999
20
180.763331
30
0.0
0
SEQEND
0
POLYLINE
8
P03923
66
1
70
0
0
VERTEX
8
P03923
10
163.321997
20
180.678657
30
0.0
0
VERTEX
8
P03923
10
165.015326
20
180.678657
30
0.0
0
SEQEND
0
POLYLINE
8
P03924
66
1
70
0
0
VERTEX
8
P03924
10
163.321997
20
180.593994
30
0.0
0
VERTEX
8
P03924
10
165.608001
20
180.593994
30
0.0
0
SEQEND
0
POLYLINE
8
P03925
66
1
70
0
0
VERTEX
8
P03925
10
163.406660
20
180.509331
30
0.0
0
VERTEX
8
P03925
10
166.200665
20
180.509331
30
0.0
0
SEQEND
0
POLYLINE
8
P03926
66
1
70
0
0
VERTEX
8
P03926
10
163.491334
20
180.424657
30
0.0
0
VERTEX
8
P03926
10
166.877992
20
180.424657
30
0.0
0
SEQEND
0
POLYLINE
8
P03927
66
1
70
0
0
VERTEX
8
P03927
10
163.575997
20
180.339994
30
0.0
0
VERTEX
8
P03927
10
167.470667
20
180.339994
30
0.0
0
VERTEX
8
P03927
10
163.575997
20
180.339994
30
0.0
0
SEQEND
0
POLYLINE
8
P03928
66
1
70
0
0
VERTEX
8
P03928
10
163.575997
20
180.255330
30
0.0
0
VERTEX
8
P03928
10
168.063331
20
180.255330
30
0.0
0
SEQEND
0
POLYLINE
8
P03929
66
1
70
0
0
VERTEX
8
P03929
10
163.575997
20
180.170656
30
0.0
0
VERTEX
8
P03929
10
167.385993
20
180.170656
30
0.0
0
SEQEND
0
POLYLINE
8
P03930
66
1
70
0
0
VERTEX
8
P03930
10
163.491334
20
180.085993
30
0.0
0
VERTEX
8
P03930
10
166.708666
20
180.085993
30
0.0
0
SEQEND
0
POLYLINE
8
P03931
66
1
70
0
0
VERTEX
8
P03931
10
163.406660
20
180.001330
30
0.0
0
VERTEX
8
P03931
10
165.946665
20
180.001330
30
0.0
0
SEQEND
0
POLYLINE
8
P03932
66
1
70
0
0
VERTEX
8
P03932
10
163.321997
20
179.916667
30
0.0
0
VERTEX
8
P03932
10
165.269326
20
179.916667
30
0.0
0
SEQEND
0
POLYLINE
8
P03933
66
1
70
0
0
VERTEX
8
P03933
10
163.237334
20
179.831993
30
0.0
0
VERTEX
8
P03933
10
164.507325
20
179.831993
30
0.0
0
SEQEND
0
POLYLINE
8
P03934
66
1
70
0
0
VERTEX
8
P03934
10
163.152660
20
179.747329
30
0.0
0
VERTEX
8
P03934
10
163.829998
20
179.747329
30
0.0
0
VERTEX
8
P03934
10
163.152660
20
179.747329
30
0.0
0
SEQEND
0
POLYLINE
8
P03935
66
1
70
0
0
VERTEX
8
P03935
10
180.001330
20
181.440658
30
0.0
0
VERTEX
8
P03935
10
180.593994
20
181.440658
30
0.0
0
SEQEND
0
POLYLINE
8
P03936
66
1
70
0
0
VERTEX
8
P03936
10
179.408666
20
181.355995
30
0.0
0
VERTEX
8
P03936
10
180.593994
20
181.355995
30
0.0
0
SEQEND
0
POLYLINE
8
P03937
66
1
70
0
0
VERTEX
8
P03937
10
178.731328
20
181.271332
30
0.0
0
VERTEX
8
P03937
10
180.593994
20
181.271332
30
0.0
0
SEQEND
0
POLYLINE
8
P03938
66
1
70
0
0
VERTEX
8
P03938
10
178.138664
20
181.186658
30
0.0
0
VERTEX
8
P03938
10
180.593994
20
181.186658
30
0.0
0
SEQEND
0
POLYLINE
8
P03939
66
1
70
0
0
VERTEX
8
P03939
10
177.546000
20
181.101995
30
0.0
0
VERTEX
8
P03939
10
180.593994
20
181.101995
30
0.0
0
SEQEND
0
POLYLINE
8
P03940
66
1
70
0
0
VERTEX
8
P03940
10
176.868661
20
181.017332
30
0.0
0
VERTEX
8
P03940
10
180.593994
20
181.017332
30
0.0
0
SEQEND
0
POLYLINE
8
P03941
66
1
70
0
0
VERTEX
8
P03941
10
176.699324
20
180.932658
30
0.0
0
VERTEX
8
P03941
10
180.593994
20
180.932658
30
0.0
0
SEQEND
0
POLYLINE
8
P03942
66
1
70
0
0
VERTEX
8
P03942
10
176.529998
20
180.847994
30
0.0
0
VERTEX
8
P03942
10
180.593994
20
180.847994
30
0.0
0
SEQEND
0
POLYLINE
8
P03943
66
1
70
0
0
VERTEX
8
P03943
10
176.275997
20
180.763331
30
0.0
0
VERTEX
8
P03943
10
180.593994
20
180.763331
30
0.0
0
SEQEND
0
POLYLINE
8
P03944
66
1
70
0
0
VERTEX
8
P03944
10
176.106660
20
180.678657
30
0.0
0
VERTEX
8
P03944
10
180.593994
20
180.678657
30
0.0
0
SEQEND
0
POLYLINE
8
P03945
66
1
70
0
0
VERTEX
8
P03945
10
175.937334
20
180.593994
30
0.0
0
VERTEX
8
P03945
10
180.593994
20
180.593994
30
0.0
0
SEQEND
0
POLYLINE
8
P03946
66
1
70
0
0
VERTEX
8
P03946
10
175.683333
20
180.509331
30
0.0
0
VERTEX
8
P03946
10
180.593994
20
180.509331
30
0.0
0
SEQEND
0
POLYLINE
8
P03947
66
1
70
0
0
VERTEX
8
P03947
10
175.513996
20
180.424657
30
0.0
0
VERTEX
8
P03947
10
180.593994
20
180.424657
30
0.0
0
SEQEND
0
POLYLINE
8
P03948
66
1
70
0
0
VERTEX
8
P03948
10
175.344659
20
180.339994
30
0.0
0
VERTEX
8
P03948
10
180.593994
20
180.339994
30
0.0
0
SEQEND
0
POLYLINE
8
P03949
66
1
70
0
0
VERTEX
8
P03949
10
175.090658
20
180.255330
30
0.0
0
VERTEX
8
P03949
10
180.593994
20
180.255330
30
0.0
0
SEQEND
0
POLYLINE
8
P03950
66
1
70
0
0
VERTEX
8
P03950
10
175.344659
20
180.170656
30
0.0
0
VERTEX
8
P03950
10
180.593994
20
180.170656
30
0.0
0
SEQEND
0
POLYLINE
8
P03951
66
1
70
0
0
VERTEX
8
P03951
10
175.598659
20
180.085993
30
0.0
0
VERTEX
8
P03951
10
180.593994
20
180.085993
30
0.0
0
SEQEND
0
POLYLINE
8
P03952
66
1
70
0
0
VERTEX
8
P03952
10
175.767997
20
180.001330
30
0.0
0
VERTEX
8
P03952
10
180.593994
20
180.001330
30
0.0
0
SEQEND
0
POLYLINE
8
P03953
66
1
70
0
0
VERTEX
8
P03953
10
176.021997
20
179.916667
30
0.0
0
VERTEX
8
P03953
10
180.593994
20
179.916667
30
0.0
0
SEQEND
0
POLYLINE
8
P03954
66
1
70
0
0
VERTEX
8
P03954
10
176.275997
20
179.831993
30
0.0
0
VERTEX
8
P03954
10
180.593994
20
179.831993
30
0.0
0
SEQEND
0
POLYLINE
8
P03955
66
1
70
0
0
VERTEX
8
P03955
10
176.445335
20
179.747329
30
0.0
0
VERTEX
8
P03955
10
180.593994
20
179.747329
30
0.0
0
SEQEND
0
POLYLINE
8
P03956
66
1
70
0
0
VERTEX
8
P03956
10
176.699324
20
179.662666
30
0.0
0
VERTEX
8
P03956
10
180.593994
20
179.662666
30
0.0
0
SEQEND
0
POLYLINE
8
P03957
66
1
70
0
0
VERTEX
8
P03957
10
176.868661
20
179.577992
30
0.0
0
VERTEX
8
P03957
10
180.593994
20
179.577992
30
0.0
0
SEQEND
0
POLYLINE
8
P03958
66
1
70
0
0
VERTEX
8
P03958
10
177.546000
20
179.493329
30
0.0
0
VERTEX
8
P03958
10
180.593994
20
179.493329
30
0.0
0
SEQEND
0
POLYLINE
8
P03959
66
1
70
0
0
VERTEX
8
P03959
10
178.138664
20
179.408666
30
0.0
0
VERTEX
8
P03959
10
180.593994
20
179.408666
30
0.0
0
SEQEND
0
POLYLINE
8
P03960
66
1
70
0
0
VERTEX
8
P03960
10
178.731328
20
179.323992
30
0.0
0
VERTEX
8
P03960
10
180.593994
20
179.323992
30
0.0
0
SEQEND
0
POLYLINE
8
P03961
66
1
70
0
0
VERTEX
8
P03961
10
179.408666
20
179.239329
30
0.0
0
VERTEX
8
P03961
10
180.593994
20
179.239329
30
0.0
0
SEQEND
0
POLYLINE
8
P03962
66
1
70
0
0
VERTEX
8
P03962
10
180.001330
20
179.154665
30
0.0
0
VERTEX
8
P03962
10
180.593994
20
179.154665
30
0.0
0
VERTEX
8
P03962
10
180.001330
20
179.154665
30
0.0
0
SEQEND
0
POLYLINE
8
P03963
66
1
70
0
0
VERTEX
8
P03963
10
175.090658
20
180.255330
30
0.0
0
VERTEX
8
P03963
10
180.085993
20
179.662666
30
0.0
0
VERTEX
8
P03963
10
175.090658
20
180.255330
30
0.0
0
SEQEND
0
POLYLINE
8
P03964
66
1
70
0
0
VERTEX
8
P03964
10
180.085993
20
179.662666
30
0.0
0
VERTEX
8
P03964
10
179.577992
20
180.255330
30
0.0
0
VERTEX
8
P03964
10
180.085993
20
179.662666
30
0.0
0
SEQEND
0
POLYLINE
8
P03965
66
1
70
0
0
VERTEX
8
P03965
10
179.577992
20
180.255330
30
0.0
0
VERTEX
8
P03965
10
180.085993
20
180.932658
30
0.0
0
VERTEX
8
P03965
10
179.577992
20
180.255330
30
0.0
0
SEQEND
0
POLYLINE
8
P03966
66
1
70
0
0
VERTEX
8
P03966
10
180.085993
20
180.932658
30
0.0
0
VERTEX
8
P03966
10
175.090658
20
180.255330
30
0.0
0
VERTEX
8
P03966
10
180.085993
20
180.932658
30
0.0
0
SEQEND
0
POLYLINE
8
P03967
66
1
70
0
0
VERTEX
8
P03967
10
175.090658
20
180.255330
30
0.0
0
VERTEX
8
P03967
10
182.033333
20
180.255330
30
0.0
0
VERTEX
8
P03967
10
175.090658
20
180.255330
30
0.0
0
SEQEND
0
POLYLINE
8
P03968
66
1
70
0
0
VERTEX
8
P03968
10
175.090658
20
180.255330
30
0.0
0
VERTEX
8
P03968
10
179.577992
20
180.255330
30
0.0
0
SEQEND
0
POLYLINE
8
P03969
66
1
70
0
0
VERTEX
8
P03969
10
175.852660
20
180.170656
30
0.0
0
VERTEX
8
P03969
10
179.662666
20
180.170656
30
0.0
0
SEQEND
0
POLYLINE
8
P03970
66
1
70
0
0
VERTEX
8
P03970
10
176.529998
20
180.085993
30
0.0
0
VERTEX
8
P03970
10
179.747329
20
180.085993
30
0.0
0
SEQEND
0
POLYLINE
8
P03971
66
1
70
0
0
VERTEX
8
P03971
10
177.291999
20
180.001330
30
0.0
0
VERTEX
8
P03971
10
179.831993
20
180.001330
30
0.0
0
SEQEND
0
POLYLINE
8
P03972
66
1
70
0
0
VERTEX
8
P03972
10
177.969326
20
179.916667
30
0.0
0
VERTEX
8
P03972
10
179.916667
20
179.916667
30
0.0
0
SEQEND
0
POLYLINE
8
P03973
66
1
70
0
0
VERTEX
8
P03973
10
178.731328
20
179.831993
30
0.0
0
VERTEX
8
P03973
10
180.001330
20
179.831993
30
0.0
0
SEQEND
0
POLYLINE
8
P03974
66
1
70
0
0
VERTEX
8
P03974
10
179.408666
20
179.747329
30
0.0
0
VERTEX
8
P03974
10
180.085993
20
179.747329
30
0.0
0
VERTEX
8
P03974
10
179.408666
20
179.747329
30
0.0
0
SEQEND
0
POLYLINE
8
P03975
66
1
70
0
0
VERTEX
8
P03975
10
179.493329
20
180.847994
30
0.0
0
VERTEX
8
P03975
10
180.085993
20
180.847994
30
0.0
0
SEQEND
0
POLYLINE
8
P03976
66
1
70
0
0
VERTEX
8
P03976
10
178.900665
20
180.763331
30
0.0
0
VERTEX
8
P03976
10
180.001330
20
180.763331
30
0.0
0
SEQEND
0
POLYLINE
8
P03977
66
1
70
0
0
VERTEX
8
P03977
10
178.223327
20
180.678657
30
0.0
0
VERTEX
8
P03977
10
179.916667
20
180.678657
30
0.0
0
SEQEND
0
POLYLINE
8
P03978
66
1
70
0
0
VERTEX
8
P03978
10
177.630663
20
180.593994
30
0.0
0
VERTEX
8
P03978
10
179.831993
20
180.593994
30
0.0
0
SEQEND
0
POLYLINE
8
P03979
66
1
70
0
0
VERTEX
8
P03979
10
177.037999
20
180.509331
30
0.0
0
VERTEX
8
P03979
10
179.831993
20
180.509331
30
0.0
0
SEQEND
0
POLYLINE
8
P03980
66
1
70
0
0
VERTEX
8
P03980
10
176.360661
20
180.424657
30
0.0
0
VERTEX
8
P03980
10
179.747329
20
180.424657
30
0.0
0
SEQEND
0
POLYLINE
8
P03981
66
1
70
0
0
VERTEX
8
P03981
10
175.767997
20
180.339994
30
0.0
0
VERTEX
8
P03981
10
179.662666
20
180.339994
30
0.0
0
VERTEX
8
P03981
10
175.767997
20
180.339994
30
0.0
0
SEQEND
0
POLYLINE
8
P03982
66
1
70
0
0
VERTEX
8
P03982
10
168.063331
20
180.255330
30
0.0
0
VERTEX
8
P03982
10
175.090658
20
180.255330
30
0.0
0
VERTEX
8
P03982
10
168.063331
20
180.255330
30
0.0
0
SEQEND
0
POLYLINE
8
P03983
66
1
70
0
0
VERTEX
8
P03983
10
26.585334
20
137.075332
30
0.0
0
VERTEX
8
P03983
10
39.624000
20
137.075332
30
0.0
0
SEQEND
0
POLYLINE
8
P03984
66
1
70
0
0
VERTEX
8
P03984
10
26.585334
20
136.990658
30
0.0
0
VERTEX
8
P03984
10
39.624000
20
136.990658
30
0.0
0
SEQEND
0
POLYLINE
8
P03985
66
1
70
0
0
VERTEX
8
P03985
10
26.585334
20
136.905995
30
0.0
0
VERTEX
8
P03985
10
39.624000
20
136.905995
30
0.0
0
SEQEND
0
POLYLINE
8
P03986
66
1
70
0
0
VERTEX
8
P03986
10
26.585334
20
136.821332
30
0.0
0
VERTEX
8
P03986
10
39.624000
20
136.821332
30
0.0
0
SEQEND
0
POLYLINE
8
P03987
66
1
70
0
0
VERTEX
8
P03987
10
26.585334
20
136.736658
30
0.0
0
VERTEX
8
P03987
10
39.624000
20
136.736658
30
0.0
0
SEQEND
0
POLYLINE
8
P03988
66
1
70
0
0
VERTEX
8
P03988
10
26.585334
20
136.651995
30
0.0
0
VERTEX
8
P03988
10
39.624000
20
136.651995
30
0.0
0
SEQEND
0
POLYLINE
8
P03989
66
1
70
0
0
VERTEX
8
P03989
10
26.585334
20
136.567332
30
0.0
0
VERTEX
8
P03989
10
39.624000
20
136.567332
30
0.0
0
SEQEND
0
POLYLINE
8
P03990
66
1
70
0
0
VERTEX
8
P03990
10
26.585334
20
136.482658
30
0.0
0
VERTEX
8
P03990
10
39.624000
20
136.482658
30
0.0
0
SEQEND
0
POLYLINE
8
P03991
66
1
70
0
0
VERTEX
8
P03991
10
26.585334
20
136.397994
30
0.0
0
VERTEX
8
P03991
10
39.624000
20
136.397994
30
0.0
0
SEQEND
0
POLYLINE
8
P03992
66
1
70
0
0
VERTEX
8
P03992
10
26.585334
20
136.313331
30
0.0
0
VERTEX
8
P03992
10
39.624000
20
136.313331
30
0.0
0
SEQEND
0
POLYLINE
8
P03993
66
1
70
0
0
VERTEX
8
P03993
10
26.585334
20
136.228657
30
0.0
0
VERTEX
8
P03993
10
39.624000
20
136.228657
30
0.0
0
SEQEND
0
POLYLINE
8
P03994
66
1
70
0
0
VERTEX
8
P03994
10
26.585334
20
136.143994
30
0.0
0
VERTEX
8
P03994
10
39.624000
20
136.143994
30
0.0
0
SEQEND
0
POLYLINE
8
P03995
66
1
70
0
0
VERTEX
8
P03995
10
26.585334
20
136.059331
30
0.0
0
VERTEX
8
P03995
10
39.624000
20
136.059331
30
0.0
0
SEQEND
0
POLYLINE
8
P03996
66
1
70
0
0
VERTEX
8
P03996
10
26.585334
20
135.974668
30
0.0
0
VERTEX
8
P03996
10
39.624000
20
135.974668
30
0.0
0
SEQEND
0
POLYLINE
8
P03997
66
1
70
0
0
VERTEX
8
P03997
10
26.585334
20
135.889994
30
0.0
0
VERTEX
8
P03997
10
39.624000
20
135.889994
30
0.0
0
SEQEND
0
POLYLINE
8
P03998
66
1
70
0
0
VERTEX
8
P03998
10
26.585334
20
135.805330
30
0.0
0
VERTEX
8
P03998
10
39.624000
20
135.805330
30
0.0
0
SEQEND
0
POLYLINE
8
P03999
66
1
70
0
0
VERTEX
8
P03999
10
26.585334
20
135.720667
30
0.0
0
VERTEX
8
P03999
10
39.624000
20
135.720667
30
0.0
0
SEQEND
0
POLYLINE
8
P04000
66
1
70
0
0
VERTEX
8
P04000
10
26.585334
20
135.635993
30
0.0
0
VERTEX
8
P04000
10
39.624000
20
135.635993
30
0.0
0
SEQEND
0
POLYLINE
8
P04001
66
1
70
0
0
VERTEX
8
P04001
10
26.585334
20
135.551330
30
0.0
0
VERTEX
8
P04001
10
39.624000
20
135.551330
30
0.0
0
SEQEND
0
POLYLINE
8
P04002
66
1
70
0
0
VERTEX
8
P04002
10
26.585334
20
135.466667
30
0.0
0
VERTEX
8
P04002
10
39.624000
20
135.466667
30
0.0
0
SEQEND
0
POLYLINE
8
P04003
66
1
70
0
0
VERTEX
8
P04003
10
26.585334
20
135.381993
30
0.0
0
VERTEX
8
P04003
10
39.624000
20
135.381993
30
0.0
0
SEQEND
0
POLYLINE
8
P04004
66
1
70
0
0
VERTEX
8
P04004
10
26.585334
20
135.297329
30
0.0
0
VERTEX
8
P04004
10
39.624000
20
135.297329
30
0.0
0
SEQEND
0
POLYLINE
8
P04005
66
1
70
0
0
VERTEX
8
P04005
10
26.585334
20
135.212666
30
0.0
0
VERTEX
8
P04005
10
39.624000
20
135.212666
30
0.0
0
SEQEND
0
POLYLINE
8
P04006
66
1
70
0
0
VERTEX
8
P04006
10
26.585334
20
135.127992
30
0.0
0
VERTEX
8
P04006
10
39.624000
20
135.127992
30
0.0
0
SEQEND
0
POLYLINE
8
P04007
66
1
70
0
0
VERTEX
8
P04007
10
26.585334
20
135.043329
30
0.0
0
VERTEX
8
P04007
10
39.624000
20
135.043329
30
0.0
0
SEQEND
0
POLYLINE
8
P04008
66
1
70
0
0
VERTEX
8
P04008
10
26.585334
20
134.958666
30
0.0
0
VERTEX
8
P04008
10
39.624000
20
134.958666
30
0.0
0
SEQEND
0
POLYLINE
8
P04009
66
1
70
0
0
VERTEX
8
P04009
10
26.585334
20
134.873992
30
0.0
0
VERTEX
8
P04009
10
39.624000
20
134.873992
30
0.0
0
SEQEND
0
POLYLINE
8
P04010
66
1
70
0
0
VERTEX
8
P04010
10
26.585334
20
134.789329
30
0.0
0
VERTEX
8
P04010
10
39.624000
20
134.789329
30
0.0
0
SEQEND
0
POLYLINE
8
P04011
66
1
70
0
0
VERTEX
8
P04011
10
26.585334
20
134.704665
30
0.0
0
VERTEX
8
P04011
10
39.624000
20
134.704665
30
0.0
0
SEQEND
0
POLYLINE
8
P04012
66
1
70
0
0
VERTEX
8
P04012
10
26.585334
20
134.619991
30
0.0
0
VERTEX
8
P04012
10
39.624000
20
134.619991
30
0.0
0
SEQEND
0
POLYLINE
8
P04013
66
1
70
0
0
VERTEX
8
P04013
10
26.585334
20
134.535328
30
0.0
0
VERTEX
8
P04013
10
39.624000
20
134.535328
30
0.0
0
SEQEND
0
POLYLINE
8
P04014
66
1
70
0
0
VERTEX
8
P04014
10
26.585334
20
134.450665
30
0.0
0
VERTEX
8
P04014
10
39.624000
20
134.450665
30
0.0
0
SEQEND
0
POLYLINE
8
P04015
66
1
70
0
0
VERTEX
8
P04015
10
26.585334
20
134.365991
30
0.0
0
VERTEX
8
P04015
10
39.624000
20
134.365991
30
0.0
0
SEQEND
0
POLYLINE
8
P04016
66
1
70
0
0
VERTEX
8
P04016
10
26.585334
20
134.281328
30
0.0
0
VERTEX
8
P04016
10
39.624000
20
134.281328
30
0.0
0
SEQEND
0
POLYLINE
8
P04017
66
1
70
0
0
VERTEX
8
P04017
10
26.585334
20
134.196665
30
0.0
0
VERTEX
8
P04017
10
39.624000
20
134.196665
30
0.0
0
SEQEND
0
POLYLINE
8
P04018
66
1
70
0
0
VERTEX
8
P04018
10
26.585334
20
134.112001
30
0.0
0
VERTEX
8
P04018
10
39.624000
20
134.112001
30
0.0
0
SEQEND
0
POLYLINE
8
P04019
66
1
70
0
0
VERTEX
8
P04019
10
26.585334
20
134.027327
30
0.0
0
VERTEX
8
P04019
10
39.624000
20
134.027327
30
0.0
0
SEQEND
0
POLYLINE
8
P04020
66
1
70
0
0
VERTEX
8
P04020
10
26.585334
20
133.942664
30
0.0
0
VERTEX
8
P04020
10
39.624000
20
133.942664
30
0.0
0
SEQEND
0
POLYLINE
8
P04021
66
1
70
0
0
VERTEX
8
P04021
10
26.585334
20
133.858001
30
0.0
0
VERTEX
8
P04021
10
39.624000
20
133.858001
30
0.0
0
SEQEND
0
POLYLINE
8
P04022
66
1
70
0
0
VERTEX
8
P04022
10
26.585334
20
133.773327
30
0.0
0
VERTEX
8
P04022
10
39.624000
20
133.773327
30
0.0
0
SEQEND
0
POLYLINE
8
P04023
66
1
70
0
0
VERTEX
8
P04023
10
26.585334
20
133.688664
30
0.0
0
VERTEX
8
P04023
10
39.624000
20
133.688664
30
0.0
0
SEQEND
0
POLYLINE
8
P04024
66
1
70
0
0
VERTEX
8
P04024
10
26.585334
20
133.604000
30
0.0
0
VERTEX
8
P04024
10
39.624000
20
133.604000
30
0.0
0
SEQEND
0
POLYLINE
8
P04025
66
1
70
0
0
VERTEX
8
P04025
10
26.585334
20
133.519326
30
0.0
0
VERTEX
8
P04025
10
39.624000
20
133.519326
30
0.0
0
SEQEND
0
POLYLINE
8
P04026
66
1
70
0
0
VERTEX
8
P04026
10
26.585334
20
133.434663
30
0.0
0
VERTEX
8
P04026
10
39.624000
20
133.434663
30
0.0
0
SEQEND
0
POLYLINE
8
P04027
66
1
70
0
0
VERTEX
8
P04027
10
26.585334
20
133.350000
30
0.0
0
VERTEX
8
P04027
10
39.624000
20
133.350000
30
0.0
0
SEQEND
0
POLYLINE
8
P04028
66
1
70
0
0
VERTEX
8
P04028
10
26.585334
20
133.265326
30
0.0
0
VERTEX
8
P04028
10
39.624000
20
133.265326
30
0.0
0
SEQEND
0
POLYLINE
8
P04029
66
1
70
0
0
VERTEX
8
P04029
10
26.585334
20
133.180663
30
0.0
0
VERTEX
8
P04029
10
39.624000
20
133.180663
30
0.0
0
SEQEND
0
POLYLINE
8
P04030
66
1
70
0
0
VERTEX
8
P04030
10
26.585334
20
133.096000
30
0.0
0
VERTEX
8
P04030
10
39.624000
20
133.096000
30
0.0
0
SEQEND
0
POLYLINE
8
P04031
66
1
70
0
0
VERTEX
8
P04031
10
26.585334
20
133.011326
30
0.0
0
VERTEX
8
P04031
10
39.624000
20
133.011326
30
0.0
0
SEQEND
0
POLYLINE
8
P04032
66
1
70
0
0
VERTEX
8
P04032
10
26.585334
20
132.926662
30
0.0
0
VERTEX
8
P04032
10
39.624000
20
132.926662
30
0.0
0
SEQEND
0
POLYLINE
8
P04033
66
1
70
0
0
VERTEX
8
P04033
10
26.585334
20
132.841999
30
0.0
0
VERTEX
8
P04033
10
39.624000
20
132.841999
30
0.0
0
SEQEND
0
POLYLINE
8
P04034
66
1
70
0
0
VERTEX
8
P04034
10
26.585334
20
132.757325
30
0.0
0
VERTEX
8
P04034
10
39.624000
20
132.757325
30
0.0
0
SEQEND
0
POLYLINE
8
P04035
66
1
70
0
0
VERTEX
8
P04035
10
26.585334
20
132.672662
30
0.0
0
VERTEX
8
P04035
10
39.624000
20
132.672662
30
0.0
0
SEQEND
0
POLYLINE
8
P04036
66
1
70
0
0
VERTEX
8
P04036
10
26.585334
20
132.587999
30
0.0
0
VERTEX
8
P04036
10
39.624000
20
132.587999
30
0.0
0
SEQEND
0
POLYLINE
8
P04037
66
1
70
0
0
VERTEX
8
P04037
10
26.585334
20
132.503325
30
0.0
0
VERTEX
8
P04037
10
39.624000
20
132.503325
30
0.0
0
SEQEND
0
POLYLINE
8
P04038
66
1
70
0
0
VERTEX
8
P04038
10
26.585334
20
132.418661
30
0.0
0
VERTEX
8
P04038
10
39.624000
20
132.418661
30
0.0
0
SEQEND
0
POLYLINE
8
P04039
66
1
70
0
0
VERTEX
8
P04039
10
26.585334
20
132.333998
30
0.0
0
VERTEX
8
P04039
10
39.624000
20
132.333998
30
0.0
0
SEQEND
0
POLYLINE
8
P04040
66
1
70
0
0
VERTEX
8
P04040
10
26.585334
20
132.249324
30
0.0
0
VERTEX
8
P04040
10
39.624000
20
132.249324
30
0.0
0
SEQEND
0
POLYLINE
8
P04041
66
1
70
0
0
VERTEX
8
P04041
10
26.585334
20
132.164661
30
0.0
0
VERTEX
8
P04041
10
39.624000
20
132.164661
30
0.0
0
SEQEND
0
POLYLINE
8
P04042
66
1
70
0
0
VERTEX
8
P04042
10
26.585334
20
132.079998
30
0.0
0
VERTEX
8
P04042
10
39.624000
20
132.079998
30
0.0
0
SEQEND
0
POLYLINE
8
P04043
66
1
70
0
0
VERTEX
8
P04043
10
26.585334
20
131.995335
30
0.0
0
VERTEX
8
P04043
10
39.624000
20
131.995335
30
0.0
0
SEQEND
0
POLYLINE
8
P04044
66
1
70
0
0
VERTEX
8
P04044
10
26.585334
20
131.910661
30
0.0
0
VERTEX
8
P04044
10
39.624000
20
131.910661
30
0.0
0
SEQEND
0
POLYLINE
8
P04045
66
1
70
0
0
VERTEX
8
P04045
10
26.585334
20
131.825997
30
0.0
0
VERTEX
8
P04045
10
39.624000
20
131.825997
30
0.0
0
SEQEND
0
POLYLINE
8
P04046
66
1
70
0
0
VERTEX
8
P04046
10
26.585334
20
131.741334
30
0.0
0
VERTEX
8
P04046
10
39.624000
20
131.741334
30
0.0
0
SEQEND
0
POLYLINE
8
P04047
66
1
70
0
0
VERTEX
8
P04047
10
26.585334
20
131.656660
30
0.0
0
VERTEX
8
P04047
10
39.624000
20
131.656660
30
0.0
0
SEQEND
0
POLYLINE
8
P04048
66
1
70
0
0
VERTEX
8
P04048
10
26.585334
20
131.571997
30
0.0
0
VERTEX
8
P04048
10
39.624000
20
131.571997
30
0.0
0
SEQEND
0
POLYLINE
8
P04049
66
1
70
0
0
VERTEX
8
P04049
10
26.585334
20
131.487334
30
0.0
0
VERTEX
8
P04049
10
39.624000
20
131.487334
30
0.0
0
SEQEND
0
POLYLINE
8
P04050
66
1
70
0
0
VERTEX
8
P04050
10
26.585334
20
131.402660
30
0.0
0
VERTEX
8
P04050
10
39.624000
20
131.402660
30
0.0
0
SEQEND
0
POLYLINE
8
P04051
66
1
70
0
0
VERTEX
8
P04051
10
26.585334
20
131.317997
30
0.0
0
VERTEX
8
P04051
10
39.624000
20
131.317997
30
0.0
0
SEQEND
0
POLYLINE
8
P04052
66
1
70
0
0
VERTEX
8
P04052
10
26.585334
20
131.233333
30
0.0
0
VERTEX
8
P04052
10
39.624000
20
131.233333
30
0.0
0
SEQEND
0
POLYLINE
8
P04053
66
1
70
0
0
VERTEX
8
P04053
10
26.585334
20
131.148659
30
0.0
0
VERTEX
8
P04053
10
39.624000
20
131.148659
30
0.0
0
SEQEND
0
POLYLINE
8
P04054
66
1
70
0
0
VERTEX
8
P04054
10
26.585334
20
131.063996
30
0.0
0
VERTEX
8
P04054
10
39.624000
20
131.063996
30
0.0
0
SEQEND
0
POLYLINE
8
P04055
66
1
70
0
0
VERTEX
8
P04055
10
26.585334
20
130.979333
30
0.0
0
VERTEX
8
P04055
10
39.624000
20
130.979333
30
0.0
0
SEQEND
0
POLYLINE
8
P04056
66
1
70
0
0
VERTEX
8
P04056
10
26.585334
20
130.894659
30
0.0
0
VERTEX
8
P04056
10
39.624000
20
130.894659
30
0.0
0
SEQEND
0
POLYLINE
8
P04057
66
1
70
0
0
VERTEX
8
P04057
10
26.585334
20
130.809996
30
0.0
0
VERTEX
8
P04057
10
39.624000
20
130.809996
30
0.0
0
SEQEND
0
POLYLINE
8
P04058
66
1
70
0
0
VERTEX
8
P04058
10
26.585334
20
130.725332
30
0.0
0
VERTEX
8
P04058
10
39.624000
20
130.725332
30
0.0
0
SEQEND
0
POLYLINE
8
P04059
66
1
70
0
0
VERTEX
8
P04059
10
26.585334
20
130.640658
30
0.0
0
VERTEX
8
P04059
10
39.624000
20
130.640658
30
0.0
0
SEQEND
0
POLYLINE
8
P04060
66
1
70
0
0
VERTEX
8
P04060
10
26.585334
20
130.555995
30
0.0
0
VERTEX
8
P04060
10
39.624000
20
130.555995
30
0.0
0
SEQEND
0
POLYLINE
8
P04061
66
1
70
0
0
VERTEX
8
P04061
10
26.585334
20
130.471332
30
0.0
0
VERTEX
8
P04061
10
39.624000
20
130.471332
30
0.0
0
SEQEND
0
POLYLINE
8
P04062
66
1
70
0
0
VERTEX
8
P04062
10
26.585334
20
130.386658
30
0.0
0
VERTEX
8
P04062
10
39.624000
20
130.386658
30
0.0
0
SEQEND
0
POLYLINE
8
P04063
66
1
70
0
0
VERTEX
8
P04063
10
26.585334
20
130.301995
30
0.0
0
VERTEX
8
P04063
10
39.624000
20
130.301995
30
0.0
0
SEQEND
0
POLYLINE
8
P04064
66
1
70
0
0
VERTEX
8
P04064
10
26.585334
20
130.217332
30
0.0
0
VERTEX
8
P04064
10
39.624000
20
130.217332
30
0.0
0
SEQEND
0
POLYLINE
8
P04065
66
1
70
0
0
VERTEX
8
P04065
10
26.585334
20
130.132658
30
0.0
0
VERTEX
8
P04065
10
39.624000
20
130.132658
30
0.0
0
SEQEND
0
POLYLINE
8
P04066
66
1
70
0
0
VERTEX
8
P04066
10
26.585334
20
130.047994
30
0.0
0
VERTEX
8
P04066
10
39.624000
20
130.047994
30
0.0
0
SEQEND
0
POLYLINE
8
P04067
66
1
70
0
0
VERTEX
8
P04067
10
26.585334
20
129.963331
30
0.0
0
VERTEX
8
P04067
10
39.624000
20
129.963331
30
0.0
0
SEQEND
0
POLYLINE
8
P04068
66
1
70
0
0
VERTEX
8
P04068
10
26.585334
20
129.878668
30
0.0
0
VERTEX
8
P04068
10
39.624000
20
129.878668
30
0.0
0
SEQEND
0
POLYLINE
8
P04069
66
1
70
0
0
VERTEX
8
P04069
10
26.585334
20
129.793994
30
0.0
0
VERTEX
8
P04069
10
39.624000
20
129.793994
30
0.0
0
VERTEX
8
P04069
10
26.585334
20
129.793994
30
0.0
0
SEQEND
0
POLYLINE
8
P04070
66
1
70
0
0
VERTEX
8
P04070
10
51.477333
20
129.878668
30
0.0
0
VERTEX
8
P04070
10
52.069997
20
129.878668
30
0.0
0
SEQEND
0
POLYLINE
8
P04071
66
1
70
0
0
VERTEX
8
P04071
10
50.884663
20
129.793994
30
0.0
0
VERTEX
8
P04071
10
52.069997
20
129.793994
30
0.0
0
SEQEND
0
POLYLINE
8
P04072
66
1
70
0
0
VERTEX
8
P04072
10
50.207331
20
129.709331
30
0.0
0
VERTEX
8
P04072
10
52.069997
20
129.709331
30
0.0
0
SEQEND
0
POLYLINE
8
P04073
66
1
70
0
0
VERTEX
8
P04073
10
49.614666
20
129.624668
30
0.0
0
VERTEX
8
P04073
10
52.069997
20
129.624668
30
0.0
0
SEQEND
0
POLYLINE
8
P04074
66
1
70
0
0
VERTEX
8
P04074
10
49.021997
20
129.539994
30
0.0
0
VERTEX
8
P04074
10
52.069997
20
129.539994
30
0.0
0
SEQEND
0
POLYLINE
8
P04075
66
1
70
0
0
VERTEX
8
P04075
10
48.344664
20
129.455330
30
0.0
0
VERTEX
8
P04075
10
52.069997
20
129.455330
30
0.0
0
SEQEND
0
POLYLINE
8
P04076
66
1
70
0
0
VERTEX
8
P04076
10
48.175332
20
129.370667
30
0.0
0
VERTEX
8
P04076
10
52.069997
20
129.370667
30
0.0
0
SEQEND
0
POLYLINE
8
P04077
66
1
70
0
0
VERTEX
8
P04077
10
48.006001
20
129.285993
30
0.0
0
VERTEX
8
P04077
10
52.069997
20
129.285993
30
0.0
0
SEQEND
0
POLYLINE
8
P04078
66
1
70
0
0
VERTEX
8
P04078
10
47.752000
20
129.201330
30
0.0
0
VERTEX
8
P04078
10
52.069997
20
129.201330
30
0.0
0
SEQEND
0
POLYLINE
8
P04079
66
1
70
0
0
VERTEX
8
P04079
10
47.582663
20
129.116667
30
0.0
0
VERTEX
8
P04079
10
52.069997
20
129.116667
30
0.0
0
SEQEND
0
POLYLINE
8
P04080
66
1
70
0
0
VERTEX
8
P04080
10
47.413331
20
129.031993
30
0.0
0
VERTEX
8
P04080
10
52.069997
20
129.031993
30
0.0
0
SEQEND
0
POLYLINE
8
P04081
66
1
70
0
0
VERTEX
8
P04081
10
47.159331
20
128.947329
30
0.0
0
VERTEX
8
P04081
10
52.069997
20
128.947329
30
0.0
0
SEQEND
0
POLYLINE
8
P04082
66
1
70
0
0
VERTEX
8
P04082
10
46.989999
20
128.862666
30
0.0
0
VERTEX
8
P04082
10
52.069997
20
128.862666
30
0.0
0
SEQEND
0
POLYLINE
8
P04083
66
1
70
0
0
VERTEX
8
P04083
10
46.820667
20
128.777992
30
0.0
0
VERTEX
8
P04083
10
52.069997
20
128.777992
30
0.0
0
SEQEND
0
POLYLINE
8
P04084
66
1
70
0
0
VERTEX
8
P04084
10
46.566667
20
128.693329
30
0.0
0
VERTEX
8
P04084
10
52.069997
20
128.693329
30
0.0
0
SEQEND
0
POLYLINE
8
P04085
66
1
70
0
0
VERTEX
8
P04085
10
46.820667
20
128.608666
30
0.0
0
VERTEX
8
P04085
10
52.069997
20
128.608666
30
0.0
0
SEQEND
0
POLYLINE
8
P04086
66
1
70
0
0
VERTEX
8
P04086
10
47.074668
20
128.523992
30
0.0
0
VERTEX
8
P04086
10
52.069997
20
128.523992
30
0.0
0
SEQEND
0
POLYLINE
8
P04087
66
1
70
0
0
VERTEX
8
P04087
10
47.243999
20
128.439329
30
0.0
0
VERTEX
8
P04087
10
52.069997
20
128.439329
30
0.0
0
SEQEND
0
POLYLINE
8
P04088
66
1
70
0
0
VERTEX
8
P04088
10
47.498000
20
128.354665
30
0.0
0
VERTEX
8
P04088
10
52.069997
20
128.354665
30
0.0
0
SEQEND
0
POLYLINE
8
P04089
66
1
70
0
0
VERTEX
8
P04089
10
47.752000
20
128.269991
30
0.0
0
VERTEX
8
P04089
10
52.069997
20
128.269991
30
0.0
0
SEQEND
0
POLYLINE
8
P04090
66
1
70
0
0
VERTEX
8
P04090
10
47.921332
20
128.185328
30
0.0
0
VERTEX
8
P04090
10
52.069997
20
128.185328
30
0.0
0
SEQEND
0
POLYLINE
8
P04091
66
1
70
0
0
VERTEX
8
P04091
10
48.175332
20
128.100665
30
0.0
0
VERTEX
8
P04091
10
52.069997
20
128.100665
30
0.0
0
SEQEND
0
POLYLINE
8
P04092
66
1
70
0
0
VERTEX
8
P04092
10
48.344664
20
128.015991
30
0.0
0
VERTEX
8
P04092
10
52.069997
20
128.015991
30
0.0
0
SEQEND
0
POLYLINE
8
P04093
66
1
70
0
0
VERTEX
8
P04093
10
49.021997
20
127.931328
30
0.0
0
VERTEX
8
P04093
10
52.069997
20
127.931328
30
0.0
0
SEQEND
0
POLYLINE
8
P04094
66
1
70
0
0
VERTEX
8
P04094
10
49.614666
20
127.846665
30
0.0
0
VERTEX
8
P04094
10
52.069997
20
127.846665
30
0.0
0
SEQEND
0
POLYLINE
8
P04095
66
1
70
0
0
VERTEX
8
P04095
10
50.207331
20
127.762001
30
0.0
0
VERTEX
8
P04095
10
52.069997
20
127.762001
30
0.0
0
SEQEND
0
POLYLINE
8
P04096
66
1
70
0
0
VERTEX
8
P04096
10
50.884663
20
127.677327
30
0.0
0
VERTEX
8
P04096
10
52.069997
20
127.677327
30
0.0
0
SEQEND
0
POLYLINE
8
P04097
66
1
70
0
0
VERTEX
8
P04097
10
51.477333
20
127.592664
30
0.0
0
VERTEX
8
P04097
10
52.069997
20
127.592664
30
0.0
0
VERTEX
8
P04097
10
51.477333
20
127.592664
30
0.0
0
SEQEND
0
POLYLINE
8
P04098
66
1
70
0
0
VERTEX
8
P04098
10
46.566667
20
128.693329
30
0.0
0
VERTEX
8
P04098
10
51.562001
20
129.370667
30
0.0
0
VERTEX
8
P04098
10
46.566667
20
128.693329
30
0.0
0
SEQEND
0
POLYLINE
8
P04099
66
1
70
0
0
VERTEX
8
P04099
10
51.562001
20
129.370667
30
0.0
0
VERTEX
8
P04099
10
51.054000
20
128.693329
30
0.0
0
VERTEX
8
P04099
10
51.562001
20
129.370667
30
0.0
0
SEQEND
0
POLYLINE
8
P04100
66
1
70
0
0
VERTEX
8
P04100
10
51.054000
20
128.693329
30
0.0
0
VERTEX
8
P04100
10
51.562001
20
128.015991
30
0.0
0
VERTEX
8
P04100
10
51.054000
20
128.693329
30
0.0
0
SEQEND
0
POLYLINE
8
P04101
66
1
70
0
0
VERTEX
8
P04101
10
51.562001
20
128.015991
30
0.0
0
VERTEX
8
P04101
10
46.566667
20
128.693329
30
0.0
0
VERTEX
8
P04101
10
51.562001
20
128.015991
30
0.0
0
SEQEND
0
POLYLINE
8
P04102
66
1
70
0
0
VERTEX
8
P04102
10
50.969332
20
129.285993
30
0.0
0
VERTEX
8
P04102
10
51.562001
20
129.285993
30
0.0
0
SEQEND
0
POLYLINE
8
P04103
66
1
70
0
0
VERTEX
8
P04103
10
50.376668
20
129.201330
30
0.0
0
VERTEX
8
P04103
10
51.477333
20
129.201330
30
0.0
0
SEQEND
0
POLYLINE
8
P04104
66
1
70
0
0
VERTEX
8
P04104
10
49.699330
20
129.116667
30
0.0
0
VERTEX
8
P04104
10
51.392664
20
129.116667
30
0.0
0
SEQEND
0
POLYLINE
8
P04105
66
1
70
0
0
VERTEX
8
P04105
10
49.106666
20
129.031993
30
0.0
0
VERTEX
8
P04105
10
51.308001
20
129.031993
30
0.0
0
SEQEND
0
POLYLINE
8
P04106
66
1
70
0
0
VERTEX
8
P04106
10
48.514002
20
128.947329
30
0.0
0
VERTEX
8
P04106
10
51.308001
20
128.947329
30
0.0
0
SEQEND
0
POLYLINE
8
P04107
66
1
70
0
0
VERTEX
8
P04107
10
47.836663
20
128.862666
30
0.0
0
VERTEX
8
P04107
10
51.223332
20
128.862666
30
0.0
0
SEQEND
0
POLYLINE
8
P04108
66
1
70
0
0
VERTEX
8
P04108
10
47.243999
20
128.777992
30
0.0
0
VERTEX
8
P04108
10
51.138664
20
128.777992
30
0.0
0
VERTEX
8
P04108
10
47.243999
20
128.777992
30
0.0
0
SEQEND
0
POLYLINE
8
P04109
66
1
70
0
0
VERTEX
8
P04109
10
46.566667
20
128.693329
30
0.0
0
VERTEX
8
P04109
10
51.054000
20
128.693329
30
0.0
0
SEQEND
0
POLYLINE
8
P04110
66
1
70
0
0
VERTEX
8
P04110
10
47.243999
20
128.608666
30
0.0
0
VERTEX
8
P04110
10
51.138664
20
128.608666
30
0.0
0
SEQEND
0
POLYLINE
8
P04111
66
1
70
0
0
VERTEX
8
P04111
10
47.836663
20
128.523992
30
0.0
0
VERTEX
8
P04111
10
51.223332
20
128.523992
30
0.0
0
SEQEND
0
POLYLINE
8
P04112
66
1
70
0
0
VERTEX
8
P04112
10
48.514002
20
128.439329
30
0.0
0
VERTEX
8
P04112
10
51.308001
20
128.439329
30
0.0
0
SEQEND
0
POLYLINE
8
P04113
66
1
70
0
0
VERTEX
8
P04113
10
49.106666
20
128.354665
30
0.0
0
VERTEX
8
P04113
10
51.308001
20
128.354665
30
0.0
0
SEQEND
0
POLYLINE
8
P04114
66
1
70
0
0
VERTEX
8
P04114
10
49.699330
20
128.269991
30
0.0
0
VERTEX
8
P04114
10
51.392664
20
128.269991
30
0.0
0
SEQEND
0
POLYLINE
8
P04115
66
1
70
0
0
VERTEX
8
P04115
10
50.376668
20
128.185328
30
0.0
0
VERTEX
8
P04115
10
51.477333
20
128.185328
30
0.0
0
SEQEND
0
POLYLINE
8
P04116
66
1
70
0
0
VERTEX
8
P04116
10
50.969332
20
128.100665
30
0.0
0
VERTEX
8
P04116
10
51.562001
20
128.100665
30
0.0
0
VERTEX
8
P04116
10
50.969332
20
128.100665
30
0.0
0
SEQEND
0
POLYLINE
8
P04117
66
1
70
0
0
VERTEX
8
P04117
10
52.577998
20
129.878668
30
0.0
0
VERTEX
8
P04117
10
53.255330
20
129.878668
30
0.0
0
SEQEND
0
POLYLINE
8
P04118
66
1
70
0
0
VERTEX
8
P04118
10
52.577998
20
129.793994
30
0.0
0
VERTEX
8
P04118
10
53.848000
20
129.793994
30
0.0
0
SEQEND
0
POLYLINE
8
P04119
66
1
70
0
0
VERTEX
8
P04119
10
52.577998
20
129.709331
30
0.0
0
VERTEX
8
P04119
10
54.440664
20
129.709331
30
0.0
0
SEQEND
0
POLYLINE
8
P04120
66
1
70
0
0
VERTEX
8
P04120
10
52.577998
20
129.624668
30
0.0
0
VERTEX
8
P04120
10
55.117997
20
129.624668
30
0.0
0
SEQEND
0
POLYLINE
8
P04121
66
1
70
0
0
VERTEX
8
P04121
10
52.577998
20
129.539994
30
0.0
0
VERTEX
8
P04121
10
55.710666
20
129.539994
30
0.0
0
SEQEND
0
POLYLINE
8
P04122
66
1
70
0
0
VERTEX
8
P04122
10
52.577998
20
129.455330
30
0.0
0
VERTEX
8
P04122
10
56.303330
20
129.455330
30
0.0
0
SEQEND
0
POLYLINE
8
P04123
66
1
70
0
0
VERTEX
8
P04123
10
52.577998
20
129.370667
30
0.0
0
VERTEX
8
P04123
10
56.557331
20
129.370667
30
0.0
0
SEQEND
0
POLYLINE
8
P04124
66
1
70
0
0
VERTEX
8
P04124
10
52.577998
20
129.285993
30
0.0
0
VERTEX
8
P04124
10
56.726668
20
129.285993
30
0.0
0
SEQEND
0
POLYLINE
8
P04125
66
1
70
0
0
VERTEX
8
P04125
10
52.577998
20
129.201330
30
0.0
0
VERTEX
8
P04125
10
56.896000
20
129.201330
30
0.0
0
SEQEND
0
POLYLINE
8
P04126
66
1
70
0
0
VERTEX
8
P04126
10
52.577998
20
129.116667
30
0.0
0
VERTEX
8
P04126
10
57.150000
20
129.116667
30
0.0
0
SEQEND
0
POLYLINE
8
P04127
66
1
70
0
0
VERTEX
8
P04127
10
52.577998
20
129.031993
30
0.0
0
VERTEX
8
P04127
10
57.319332
20
129.031993
30
0.0
0
SEQEND
0
POLYLINE
8
P04128
66
1
70
0
0
VERTEX
8
P04128
10
52.577998
20
128.947329
30
0.0
0
VERTEX
8
P04128
10
57.488664
20
128.947329
30
0.0
0
SEQEND
0
POLYLINE
8
P04129
66
1
70
0
0
VERTEX
8
P04129
10
52.577998
20
128.862666
30
0.0
0
VERTEX
8
P04129
10
57.742664
20
128.862666
30
0.0
0
SEQEND
0
POLYLINE
8
P04130
66
1
70
0
0
VERTEX
8
P04130
10
52.577998
20
128.777992
30
0.0
0
VERTEX
8
P04130
10
57.912001
20
128.777992
30
0.0
0
SEQEND
0
POLYLINE
8
P04131
66
1
70
0
0
VERTEX
8
P04131
10
52.577998
20
128.693329
30
0.0
0
VERTEX
8
P04131
10
58.081333
20
128.693329
30
0.0
0
SEQEND
0
POLYLINE
8
P04132
66
1
70
0
0
VERTEX
8
P04132
10
52.577998
20
128.608666
30
0.0
0
VERTEX
8
P04132
10
57.912001
20
128.608666
30
0.0
0
SEQEND
0
POLYLINE
8
P04133
66
1
70
0
0
VERTEX
8
P04133
10
52.577998
20
128.523992
30
0.0
0
VERTEX
8
P04133
10
57.658001
20
128.523992
30
0.0
0
SEQEND
0
POLYLINE
8
P04134
66
1
70
0
0
VERTEX
8
P04134
10
52.577998
20
128.439329
30
0.0
0
VERTEX
8
P04134
10
57.488664
20
128.439329
30
0.0
0
SEQEND
0
POLYLINE
8
P04135
66
1
70
0
0
VERTEX
8
P04135
10
52.577998
20
128.354665
30
0.0
0
VERTEX
8
P04135
10
57.234663
20
128.354665
30
0.0
0
SEQEND
0
POLYLINE
8
P04136
66
1
70
0
0
VERTEX
8
P04136
10
52.577998
20
128.269991
30
0.0
0
VERTEX
8
P04136
10
56.980663
20
128.269991
30
0.0
0
SEQEND
0
POLYLINE
8
P04137
66
1
70
0
0
VERTEX
8
P04137
10
52.577998
20
128.185328
30
0.0
0
VERTEX
8
P04137
10
56.811331
20
128.185328
30
0.0
0
SEQEND
0
POLYLINE
8
P04138
66
1
70
0
0
VERTEX
8
P04138
10
52.577998
20
128.100665
30
0.0
0
VERTEX
8
P04138
10
56.557331
20
128.100665
30
0.0
0
SEQEND
0
POLYLINE
8
P04139
66
1
70
0
0
VERTEX
8
P04139
10
52.577998
20
128.015991
30
0.0
0
VERTEX
8
P04139
10
56.303330
20
128.015991
30
0.0
0
SEQEND
0
POLYLINE
8
P04140
66
1
70
0
0
VERTEX
8
P04140
10
52.577998
20
127.931328
30
0.0
0
VERTEX
8
P04140
10
55.710666
20
127.931328
30
0.0
0
SEQEND
0
POLYLINE
8
P04141
66
1
70
0
0
VERTEX
8
P04141
10
52.577998
20
127.846665
30
0.0
0
VERTEX
8
P04141
10
55.117997
20
127.846665
30
0.0
0
SEQEND
0
POLYLINE
8
P04142
66
1
70
0
0
VERTEX
8
P04142
10
52.577998
20
127.762001
30
0.0
0
VERTEX
8
P04142
10
54.440664
20
127.762001
30
0.0
0
SEQEND
0
POLYLINE
8
P04143
66
1
70
0
0
VERTEX
8
P04143
10
52.577998
20
127.677327
30
0.0
0
VERTEX
8
P04143
10
53.848000
20
127.677327
30
0.0
0
SEQEND
0
POLYLINE
8
P04144
66
1
70
0
0
VERTEX
8
P04144
10
52.577998
20
127.592664
30
0.0
0
VERTEX
8
P04144
10
53.255330
20
127.592664
30
0.0
0
VERTEX
8
P04144
10
52.577998
20
127.592664
30
0.0
0
SEQEND
0
POLYLINE
8
P04145
66
1
70
0
0
VERTEX
8
P04145
10
58.081333
20
128.693329
30
0.0
0
VERTEX
8
P04145
10
53.085998
20
128.015991
30
0.0
0
VERTEX
8
P04145
10
58.081333
20
128.693329
30
0.0
0
SEQEND
0
POLYLINE
8
P04146
66
1
70
0
0
VERTEX
8
P04146
10
53.085998
20
128.015991
30
0.0
0
VERTEX
8
P04146
10
53.593999
20
128.693329
30
0.0
0
VERTEX
8
P04146
10
53.085998
20
128.015991
30
0.0
0
SEQEND
0
POLYLINE
8
P04147
66
1
70
0
0
VERTEX
8
P04147
10
53.593999
20
128.693329
30
0.0
0
VERTEX
8
P04147
10
53.085998
20
129.370667
30
0.0
0
VERTEX
8
P04147
10
53.593999
20
128.693329
30
0.0
0
SEQEND
0
POLYLINE
8
P04148
66
1
70
0
0
VERTEX
8
P04148
10
53.085998
20
129.370667
30
0.0
0
VERTEX
8
P04148
10
58.081333
20
128.693329
30
0.0
0
VERTEX
8
P04148
10
53.085998
20
129.370667
30
0.0
0
SEQEND
0
POLYLINE
8
P04149
66
1
70
0
0
VERTEX
8
P04149
10
53.593999
20
128.693329
30
0.0
0
VERTEX
8
P04149
10
58.081333
20
128.693329
30
0.0
0
SEQEND
0
POLYLINE
8
P04150
66
1
70
0
0
VERTEX
8
P04150
10
53.593999
20
128.608666
30
0.0
0
VERTEX
8
P04150
10
57.488664
20
128.608666
30
0.0
0
SEQEND
0
POLYLINE
8
P04151
66
1
70
0
0
VERTEX
8
P04151
10
53.509331
20
128.523992
30
0.0
0
VERTEX
8
P04151
10
56.896000
20
128.523992
30
0.0
0
SEQEND
0
POLYLINE
8
P04152
66
1
70
0
0
VERTEX
8
P04152
10
53.424668
20
128.439329
30
0.0
0
VERTEX
8
P04152
10
56.218667
20
128.439329
30
0.0
0
SEQEND
0
POLYLINE
8
P04153
66
1
70
0
0
VERTEX
8
P04153
10
53.339999
20
128.354665
30
0.0
0
VERTEX
8
P04153
10
55.625997
20
128.354665
30
0.0
0
SEQEND
0
POLYLINE
8
P04154
66
1
70
0
0
VERTEX
8
P04154
10
53.339999
20
128.269991
30
0.0
0
VERTEX
8
P04154
10
55.033333
20
128.269991
30
0.0
0
SEQEND
0
POLYLINE
8
P04155
66
1
70
0
0
VERTEX
8
P04155
10
53.255330
20
128.185328
30
0.0
0
VERTEX
8
P04155
10
54.356001
20
128.185328
30
0.0
0
SEQEND
0
POLYLINE
8
P04156
66
1
70
0
0
VERTEX
8
P04156
10
53.170667
20
128.100665
30
0.0
0
VERTEX
8
P04156
10
53.763331
20
128.100665
30
0.0
0
VERTEX
8
P04156
10
53.170667
20
128.100665
30
0.0
0
SEQEND
0
POLYLINE
8
P04157
66
1
70
0
0
VERTEX
8
P04157
10
53.170667
20
129.285993
30
0.0
0
VERTEX
8
P04157
10
53.763331
20
129.285993
30
0.0
0
SEQEND
0
POLYLINE
8
P04158
66
1
70
0
0
VERTEX
8
P04158
10
53.255330
20
129.201330
30
0.0
0
VERTEX
8
P04158
10
54.356001
20
129.201330
30
0.0
0
SEQEND
0
POLYLINE
8
P04159
66
1
70
0
0
VERTEX
8
P04159
10
53.339999
20
129.116667
30
0.0
0
VERTEX
8
P04159
10
55.033333
20
129.116667
30
0.0
0
SEQEND
0
POLYLINE
8
P04160
66
1
70
0
0
VERTEX
8
P04160
10
53.339999
20
129.031993
30
0.0
0
VERTEX
8
P04160
10
55.625997
20
129.031993
30
0.0
0
SEQEND
0
POLYLINE
8
P04161
66
1
70
0
0
VERTEX
8
P04161
10
53.424668
20
128.947329
30
0.0
0
VERTEX
8
P04161
10
56.218667
20
128.947329
30
0.0
0
SEQEND
0
POLYLINE
8
P04162
66
1
70
0
0
VERTEX
8
P04162
10
53.509331
20
128.862666
30
0.0
0
VERTEX
8
P04162
10
56.896000
20
128.862666
30
0.0
0
SEQEND
0
POLYLINE
8
P04163
66
1
70
0
0
VERTEX
8
P04163
10
53.593999
20
128.777992
30
0.0
0
VERTEX
8
P04163
10
57.488664
20
128.777992
30
0.0
0
VERTEX
8
P04163
10
53.593999
20
128.777992
30
0.0
0
SEQEND
0
POLYLINE
8
P04164
66
1
70
0
0
VERTEX
8
P04164
10
46.566667
20
128.693329
30
0.0
0
VERTEX
8
P04164
10
58.081333
20
128.693329
30
0.0
0
VERTEX
8
P04164
10
46.566667
20
128.693329
30
0.0
0
SEQEND
0
POLYLINE
8
P04165
66
1
70
0
0
VERTEX
8
P04165
10
86.190664
20
152.230663
30
0.0
0
VERTEX
8
P04165
10
102.531328
20
152.230663
30
0.0
0
SEQEND
0
POLYLINE
8
P04166
66
1
70
0
0
VERTEX
8
P04166
10
86.190664
20
152.146000
30
0.0
0
VERTEX
8
P04166
10
102.531328
20
152.146000
30
0.0
0
SEQEND
0
POLYLINE
8
P04167
66
1
70
0
0
VERTEX
8
P04167
10
86.190664
20
152.061326
30
0.0
0
VERTEX
8
P04167
10
102.531328
20
152.061326
30
0.0
0
SEQEND
0
POLYLINE
8
P04168
66
1
70
0
0
VERTEX
8
P04168
10
86.190664
20
151.976662
30
0.0
0
VERTEX
8
P04168
10
102.531328
20
151.976662
30
0.0
0
SEQEND
0
POLYLINE
8
P04169
66
1
70
0
0
VERTEX
8
P04169
10
86.190664
20
151.891999
30
0.0
0
VERTEX
8
P04169
10
102.531328
20
151.891999
30
0.0
0
SEQEND
0
POLYLINE
8
P04170
66
1
70
0
0
VERTEX
8
P04170
10
86.190664
20
151.807325
30
0.0
0
VERTEX
8
P04170
10
102.531328
20
151.807325
30
0.0
0
SEQEND
0
POLYLINE
8
P04171
66
1
70
0
0
VERTEX
8
P04171
10
86.190664
20
151.722662
30
0.0
0
VERTEX
8
P04171
10
102.531328
20
151.722662
30
0.0
0
SEQEND
0
POLYLINE
8
P04172
66
1
70
0
0
VERTEX
8
P04172
10
86.190664
20
151.637999
30
0.0
0
VERTEX
8
P04172
10
102.531328
20
151.637999
30
0.0
0
SEQEND
0
POLYLINE
8
P04173
66
1
70
0
0
VERTEX
8
P04173
10
86.190664
20
151.553325
30
0.0
0
VERTEX
8
P04173
10
102.531328
20
151.553325
30
0.0
0
SEQEND
0
POLYLINE
8
P04174
66
1
70
0
0
VERTEX
8
P04174
10
86.190664
20
151.468661
30
0.0
0
VERTEX
8
P04174
10
102.531328
20
151.468661
30
0.0
0
SEQEND
0
POLYLINE
8
P04175
66
1
70
0
0
VERTEX
8
P04175
10
86.190664
20
151.383998
30
0.0
0
VERTEX
8
P04175
10
102.531328
20
151.383998
30
0.0
0
SEQEND
0
POLYLINE
8
P04176
66
1
70
0
0
VERTEX
8
P04176
10
86.190664
20
151.299324
30
0.0
0
VERTEX
8
P04176
10
102.531328
20
151.299324
30
0.0
0
SEQEND
0
POLYLINE
8
P04177
66
1
70
0
0
VERTEX
8
P04177
10
86.190664
20
151.214661
30
0.0
0
VERTEX
8
P04177
10
102.531328
20
151.214661
30
0.0
0
SEQEND
0
POLYLINE
8
P04178
66
1
70
0
0
VERTEX
8
P04178
10
86.190664
20
151.129998
30
0.0
0
VERTEX
8
P04178
10
102.531328
20
151.129998
30
0.0
0
SEQEND
0
POLYLINE
8
P04179
66
1
70
0
0
VERTEX
8
P04179
10
86.190664
20
151.045324
30
0.0
0
VERTEX
8
P04179
10
102.531328
20
151.045324
30
0.0
0
SEQEND
0
POLYLINE
8
P04180
66
1
70
0
0
VERTEX
8
P04180
10
86.190664
20
150.960661
30
0.0
0
VERTEX
8
P04180
10
102.531328
20
150.960661
30
0.0
0
SEQEND
0
POLYLINE
8
P04181
66
1
70
0
0
VERTEX
8
P04181
10
86.190664
20
150.875997
30
0.0
0
VERTEX
8
P04181
10
102.531328
20
150.875997
30
0.0
0
SEQEND
0
POLYLINE
8
P04182
66
1
70
0
0
VERTEX
8
P04182
10
86.190664
20
150.791334
30
0.0
0
VERTEX
8
P04182
10
102.531328
20
150.791334
30
0.0
0
SEQEND
0
POLYLINE
8
P04183
66
1
70
0
0
VERTEX
8
P04183
10
86.190664
20
150.706660
30
0.0
0
VERTEX
8
P04183
10
102.531328
20
150.706660
30
0.0
0
SEQEND
0
POLYLINE
8
P04184
66
1
70
0
0
VERTEX
8
P04184
10
86.190664
20
150.621997
30
0.0
0
VERTEX
8
P04184
10
102.531328
20
150.621997
30
0.0
0
SEQEND
0
POLYLINE
8
P04185
66
1
70
0
0
VERTEX
8
P04185
10
86.190664
20
150.537334
30
0.0
0
VERTEX
8
P04185
10
102.531328
20
150.537334
30
0.0
0
SEQEND
0
POLYLINE
8
P04186
66
1
70
0
0
VERTEX
8
P04186
10
86.190664
20
150.452660
30
0.0
0
VERTEX
8
P04186
10
102.531328
20
150.452660
30
0.0
0
SEQEND
0
POLYLINE
8
P04187
66
1
70
0
0
VERTEX
8
P04187
10
86.190664
20
150.367997
30
0.0
0
VERTEX
8
P04187
10
102.531328
20
150.367997
30
0.0
0
SEQEND
0
POLYLINE
8
P04188
66
1
70
0
0
VERTEX
8
P04188
10
86.190664
20
150.283333
30
0.0
0
VERTEX
8
P04188
10
102.531328
20
150.283333
30
0.0
0
SEQEND
0
POLYLINE
8
P04189
66
1
70
0
0
VERTEX
8
P04189
10
86.190664
20
150.198659
30
0.0
0
VERTEX
8
P04189
10
102.531328
20
150.198659
30
0.0
0
SEQEND
0
POLYLINE
8
P04190
66
1
70
0
0
VERTEX
8
P04190
10
86.190664
20
150.113996
30
0.0
0
VERTEX
8
P04190
10
102.531328
20
150.113996
30
0.0
0
SEQEND
0
POLYLINE
8
P04191
66
1
70
0
0
VERTEX
8
P04191
10
86.190664
20
150.029333
30
0.0
0
VERTEX
8
P04191
10
102.531328
20
150.029333
30
0.0
0
SEQEND
0
POLYLINE
8
P04192
66
1
70
0
0
VERTEX
8
P04192
10
86.190664
20
149.944659
30
0.0
0
VERTEX
8
P04192
10
102.531328
20
149.944659
30
0.0
0
SEQEND
0
POLYLINE
8
P04193
66
1
70
0
0
VERTEX
8
P04193
10
86.190664
20
149.859996
30
0.0
0
VERTEX
8
P04193
10
102.531328
20
149.859996
30
0.0
0
SEQEND
0
POLYLINE
8
P04194
66
1
70
0
0
VERTEX
8
P04194
10
86.190664
20
149.775332
30
0.0
0
VERTEX
8
P04194
10
102.531328
20
149.775332
30
0.0
0
SEQEND
0
POLYLINE
8
P04195
66
1
70
0
0
VERTEX
8
P04195
10
86.190664
20
149.690658
30
0.0
0
VERTEX
8
P04195
10
102.531328
20
149.690658
30
0.0
0
SEQEND
0
POLYLINE
8
P04196
66
1
70
0
0
VERTEX
8
P04196
10
86.190664
20
149.605995
30
0.0
0
VERTEX
8
P04196
10
102.531328
20
149.605995
30
0.0
0
SEQEND
0
POLYLINE
8
P04197
66
1
70
0
0
VERTEX
8
P04197
10
86.190664
20
149.521332
30
0.0
0
VERTEX
8
P04197
10
102.531328
20
149.521332
30
0.0
0
SEQEND
0
POLYLINE
8
P04198
66
1
70
0
0
VERTEX
8
P04198
10
86.190664
20
149.436658
30
0.0
0
VERTEX
8
P04198
10
102.531328
20
149.436658
30
0.0
0
SEQEND
0
POLYLINE
8
P04199
66
1
70
0
0
VERTEX
8
P04199
10
86.190664
20
149.351995
30
0.0
0
VERTEX
8
P04199
10
102.531328
20
149.351995
30
0.0
0
SEQEND
0
POLYLINE
8
P04200
66
1
70
0
0
VERTEX
8
P04200
10
86.190664
20
149.267332
30
0.0
0
VERTEX
8
P04200
10
102.531328
20
149.267332
30
0.0
0
SEQEND
0
POLYLINE
8
P04201
66
1
70
0
0
VERTEX
8
P04201
10
86.190664
20
149.182658
30
0.0
0
VERTEX
8
P04201
10
102.531328
20
149.182658
30
0.0
0
SEQEND
0
POLYLINE
8
P04202
66
1
70
0
0
VERTEX
8
P04202
10
86.190664
20
149.097994
30
0.0
0
VERTEX
8
P04202
10
102.531328
20
149.097994
30
0.0
0
SEQEND
0
POLYLINE
8
P04203
66
1
70
0
0
VERTEX
8
P04203
10
86.190664
20
149.013331
30
0.0
0
VERTEX
8
P04203
10
102.531328
20
149.013331
30
0.0
0
SEQEND
0
POLYLINE
8
P04204
66
1
70
0
0
VERTEX
8
P04204
10
86.190664
20
148.928657
30
0.0
0
VERTEX
8
P04204
10
102.531328
20
148.928657
30
0.0
0
SEQEND
0
POLYLINE
8
P04205
66
1
70
0
0
VERTEX
8
P04205
10
86.190664
20
148.843994
30
0.0
0
VERTEX
8
P04205
10
102.531328
20
148.843994
30
0.0
0
SEQEND
0
POLYLINE
8
P04206
66
1
70
0
0
VERTEX
8
P04206
10
86.190664
20
148.759331
30
0.0
0
VERTEX
8
P04206
10
102.531328
20
148.759331
30
0.0
0
SEQEND
0
POLYLINE
8
P04207
66
1
70
0
0
VERTEX
8
P04207
10
86.190664
20
148.674668
30
0.0
0
VERTEX
8
P04207
10
102.531328
20
148.674668
30
0.0
0
SEQEND
0
POLYLINE
8
P04208
66
1
70
0
0
VERTEX
8
P04208
10
86.190664
20
148.589994
30
0.0
0
VERTEX
8
P04208
10
102.531328
20
148.589994
30
0.0
0
SEQEND
0
POLYLINE
8
P04209
66
1
70
0
0
VERTEX
8
P04209
10
86.190664
20
148.505330
30
0.0
0
VERTEX
8
P04209
10
102.531328
20
148.505330
30
0.0
0
SEQEND
0
POLYLINE
8
P04210
66
1
70
0
0
VERTEX
8
P04210
10
86.190664
20
148.420667
30
0.0
0
VERTEX
8
P04210
10
102.531328
20
148.420667
30
0.0
0
SEQEND
0
POLYLINE
8
P04211
66
1
70
0
0
VERTEX
8
P04211
10
86.190664
20
148.335993
30
0.0
0
VERTEX
8
P04211
10
102.531328
20
148.335993
30
0.0
0
SEQEND
0
POLYLINE
8
P04212
66
1
70
0
0
VERTEX
8
P04212
10
86.190664
20
148.251330
30
0.0
0
VERTEX
8
P04212
10
102.531328
20
148.251330
30
0.0
0
SEQEND
0
POLYLINE
8
P04213
66
1
70
0
0
VERTEX
8
P04213
10
86.190664
20
148.166667
30
0.0
0
VERTEX
8
P04213
10
102.531328
20
148.166667
30
0.0
0
SEQEND
0
POLYLINE
8
P04214
66
1
70
0
0
VERTEX
8
P04214
10
86.190664
20
148.081993
30
0.0
0
VERTEX
8
P04214
10
102.531328
20
148.081993
30
0.0
0
SEQEND
0
POLYLINE
8
P04215
66
1
70
0
0
VERTEX
8
P04215
10
86.190664
20
147.997329
30
0.0
0
VERTEX
8
P04215
10
102.531328
20
147.997329
30
0.0
0
SEQEND
0
POLYLINE
8
P04216
66
1
70
0
0
VERTEX
8
P04216
10
86.190664
20
147.912666
30
0.0
0
VERTEX
8
P04216
10
102.531328
20
147.912666
30
0.0
0
SEQEND
0
POLYLINE
8
P04217
66
1
70
0
0
VERTEX
8
P04217
10
86.190664
20
147.827992
30
0.0
0
VERTEX
8
P04217
10
102.531328
20
147.827992
30
0.0
0
SEQEND
0
POLYLINE
8
P04218
66
1
70
0
0
VERTEX
8
P04218
10
86.190664
20
147.743329
30
0.0
0
VERTEX
8
P04218
10
102.531328
20
147.743329
30
0.0
0
SEQEND
0
POLYLINE
8
P04219
66
1
70
0
0
VERTEX
8
P04219
10
86.190664
20
147.658666
30
0.0
0
VERTEX
8
P04219
10
102.531328
20
147.658666
30
0.0
0
SEQEND
0
POLYLINE
8
P04220
66
1
70
0
0
VERTEX
8
P04220
10
86.190664
20
147.573992
30
0.0
0
VERTEX
8
P04220
10
102.531328
20
147.573992
30
0.0
0
SEQEND
0
POLYLINE
8
P04221
66
1
70
0
0
VERTEX
8
P04221
10
86.190664
20
147.489329
30
0.0
0
VERTEX
8
P04221
10
102.531328
20
147.489329
30
0.0
0
SEQEND
0
POLYLINE
8
P04222
66
1
70
0
0
VERTEX
8
P04222
10
86.190664
20
147.404665
30
0.0
0
VERTEX
8
P04222
10
102.531328
20
147.404665
30
0.0
0
SEQEND
0
POLYLINE
8
P04223
66
1
70
0
0
VERTEX
8
P04223
10
86.190664
20
147.319991
30
0.0
0
VERTEX
8
P04223
10
102.531328
20
147.319991
30
0.0
0
SEQEND
0
POLYLINE
8
P04224
66
1
70
0
0
VERTEX
8
P04224
10
86.190664
20
147.235328
30
0.0
0
VERTEX
8
P04224
10
102.531328
20
147.235328
30
0.0
0
SEQEND
0
POLYLINE
8
P04225
66
1
70
0
0
VERTEX
8
P04225
10
86.190664
20
147.150665
30
0.0
0
VERTEX
8
P04225
10
102.531328
20
147.150665
30
0.0
0
SEQEND
0
POLYLINE
8
P04226
66
1
70
0
0
VERTEX
8
P04226
10
86.190664
20
147.065991
30
0.0
0
VERTEX
8
P04226
10
102.531328
20
147.065991
30
0.0
0
SEQEND
0
POLYLINE
8
P04227
66
1
70
0
0
VERTEX
8
P04227
10
86.190664
20
146.981328
30
0.0
0
VERTEX
8
P04227
10
102.531328
20
146.981328
30
0.0
0
SEQEND
0
POLYLINE
8
P04228
66
1
70
0
0
VERTEX
8
P04228
10
86.190664
20
146.896665
30
0.0
0
VERTEX
8
P04228
10
102.531328
20
146.896665
30
0.0
0
SEQEND
0
POLYLINE
8
P04229
66
1
70
0
0
VERTEX
8
P04229
10
86.190664
20
146.811991
30
0.0
0
VERTEX
8
P04229
10
102.531328
20
146.811991
30
0.0
0
SEQEND
0
POLYLINE
8
P04230
66
1
70
0
0
VERTEX
8
P04230
10
86.190664
20
146.727327
30
0.0
0
VERTEX
8
P04230
10
102.531328
20
146.727327
30
0.0
0
SEQEND
0
POLYLINE
8
P04231
66
1
70
0
0
VERTEX
8
P04231
10
86.190664
20
146.642664
30
0.0
0
VERTEX
8
P04231
10
102.531328
20
146.642664
30
0.0
0
SEQEND
0
POLYLINE
8
P04232
66
1
70
0
0
VERTEX
8
P04232
10
86.190664
20
146.558001
30
0.0
0
VERTEX
8
P04232
10
102.531328
20
146.558001
30
0.0
0
SEQEND
0
POLYLINE
8
P04233
66
1
70
0
0
VERTEX
8
P04233
10
86.190664
20
146.473327
30
0.0
0
VERTEX
8
P04233
10
102.531328
20
146.473327
30
0.0
0
SEQEND
0
POLYLINE
8
P04234
66
1
70
0
0
VERTEX
8
P04234
10
86.190664
20
146.388664
30
0.0
0
VERTEX
8
P04234
10
102.531328
20
146.388664
30
0.0
0
SEQEND
0
POLYLINE
8
P04235
66
1
70
0
0
VERTEX
8
P04235
10
86.190664
20
146.304000
30
0.0
0
VERTEX
8
P04235
10
102.531328
20
146.304000
30
0.0
0
SEQEND
0
POLYLINE
8
P04236
66
1
70
0
0
VERTEX
8
P04236
10
86.190664
20
146.219326
30
0.0
0
VERTEX
8
P04236
10
102.531328
20
146.219326
30
0.0
0
SEQEND
0
POLYLINE
8
P04237
66
1
70
0
0
VERTEX
8
P04237
10
86.190664
20
146.134663
30
0.0
0
VERTEX
8
P04237
10
102.531328
20
146.134663
30
0.0
0
SEQEND
0
POLYLINE
8
P04238
66
1
70
0
0
VERTEX
8
P04238
10
86.190664
20
146.050000
30
0.0
0
VERTEX
8
P04238
10
102.531328
20
146.050000
30
0.0
0
SEQEND
0
POLYLINE
8
P04239
66
1
70
0
0
VERTEX
8
P04239
10
86.190664
20
145.965326
30
0.0
0
VERTEX
8
P04239
10
102.531328
20
145.965326
30
0.0
0
SEQEND
0
POLYLINE
8
P04240
66
1
70
0
0
VERTEX
8
P04240
10
86.190664
20
145.880663
30
0.0
0
VERTEX
8
P04240
10
102.531328
20
145.880663
30
0.0
0
SEQEND
0
POLYLINE
8
P04241
66
1
70
0
0
VERTEX
8
P04241
10
86.190664
20
145.796000
30
0.0
0
VERTEX
8
P04241
10
102.531328
20
145.796000
30
0.0
0
SEQEND
0
POLYLINE
8
P04242
66
1
70
0
0
VERTEX
8
P04242
10
86.190664
20
145.711326
30
0.0
0
VERTEX
8
P04242
10
102.531328
20
145.711326
30
0.0
0
SEQEND
0
POLYLINE
8
P04243
66
1
70
0
0
VERTEX
8
P04243
10
86.190664
20
145.626662
30
0.0
0
VERTEX
8
P04243
10
102.531328
20
145.626662
30
0.0
0
SEQEND
0
POLYLINE
8
P04244
66
1
70
0
0
VERTEX
8
P04244
10
86.190664
20
145.541999
30
0.0
0
VERTEX
8
P04244
10
102.531328
20
145.541999
30
0.0
0
SEQEND
0
POLYLINE
8
P04245
66
1
70
0
0
VERTEX
8
P04245
10
86.190664
20
145.457325
30
0.0
0
VERTEX
8
P04245
10
102.531328
20
145.457325
30
0.0
0
SEQEND
0
POLYLINE
8
P04246
66
1
70
0
0
VERTEX
8
P04246
10
86.190664
20
145.372662
30
0.0
0
VERTEX
8
P04246
10
102.531328
20
145.372662
30
0.0
0
SEQEND
0
POLYLINE
8
P04247
66
1
70
0
0
VERTEX
8
P04247
10
86.190664
20
145.287999
30
0.0
0
VERTEX
8
P04247
10
102.531328
20
145.287999
30
0.0
0
SEQEND
0
POLYLINE
8
P04248
66
1
70
0
0
VERTEX
8
P04248
10
86.190664
20
145.203325
30
0.0
0
VERTEX
8
P04248
10
102.531328
20
145.203325
30
0.0
0
SEQEND
0
POLYLINE
8
P04249
66
1
70
0
0
VERTEX
8
P04249
10
86.190664
20
145.118661
30
0.0
0
VERTEX
8
P04249
10
102.531328
20
145.118661
30
0.0
0
SEQEND
0
POLYLINE
8
P04250
66
1
70
0
0
VERTEX
8
P04250
10
86.190664
20
145.033998
30
0.0
0
VERTEX
8
P04250
10
102.531328
20
145.033998
30
0.0
0
SEQEND
0
POLYLINE
8
P04251
66
1
70
0
0
VERTEX
8
P04251
10
86.190664
20
144.949324
30
0.0
0
VERTEX
8
P04251
10
102.531328
20
144.949324
30
0.0
0
SEQEND
0
POLYLINE
8
P04252
66
1
70
0
0
VERTEX
8
P04252
10
86.190664
20
144.864661
30
0.0
0
VERTEX
8
P04252
10
102.531328
20
144.864661
30
0.0
0
VERTEX
8
P04252
10
86.190664
20
144.864661
30
0.0
0
SEQEND
0
POLYLINE
8
P04253
66
1
70
0
0
VERTEX
8
P04253
10
114.384663
20
144.949324
30
0.0
0
VERTEX
8
P04253
10
114.977327
20
144.949324
30
0.0
0
SEQEND
0
POLYLINE
8
P04254
66
1
70
0
0
VERTEX
8
P04254
10
113.791999
20
144.864661
30
0.0
0
VERTEX
8
P04254
10
114.977327
20
144.864661
30
0.0
0
SEQEND
0
POLYLINE
8
P04255
66
1
70
0
0
VERTEX
8
P04255
10
113.114661
20
144.779998
30
0.0
0
VERTEX
8
P04255
10
114.977327
20
144.779998
30
0.0
0
SEQEND
0
POLYLINE
8
P04256
66
1
70
0
0
VERTEX
8
P04256
10
112.521997
20
144.695324
30
0.0
0
VERTEX
8
P04256
10
114.977327
20
144.695324
30
0.0
0
SEQEND
0
POLYLINE
8
P04257
66
1
70
0
0
VERTEX
8
P04257
10
111.929333
20
144.610661
30
0.0
0
VERTEX
8
P04257
10
114.977327
20
144.610661
30
0.0
0
SEQEND
0
POLYLINE
8
P04258
66
1
70
0
0
VERTEX
8
P04258
10
111.251995
20
144.525997
30
0.0
0
VERTEX
8
P04258
10
114.977327
20
144.525997
30
0.0
0
SEQEND
0
POLYLINE
8
P04259
66
1
70
0
0
VERTEX
8
P04259
10
111.082668
20
144.441334
30
0.0
0
VERTEX
8
P04259
10
114.977327
20
144.441334
30
0.0
0
SEQEND
0
POLYLINE
8
P04260
66
1
70
0
0
VERTEX
8
P04260
10
110.828668
20
144.356660
30
0.0
0
VERTEX
8
P04260
10
114.977327
20
144.356660
30
0.0
0
SEQEND
0
POLYLINE
8
P04261
66
1
70
0
0
VERTEX
8
P04261
10
110.659331
20
144.271997
30
0.0
0
VERTEX
8
P04261
10
114.977327
20
144.271997
30
0.0
0
SEQEND
0
POLYLINE
8
P04262
66
1
70
0
0
VERTEX
8
P04262
10
110.405330
20
144.187334
30
0.0
0
VERTEX
8
P04262
10
114.977327
20
144.187334
30
0.0
0
SEQEND
0
POLYLINE
8
P04263
66
1
70
0
0
VERTEX
8
P04263
10
110.151330
20
144.102660
30
0.0
0
VERTEX
8
P04263
10
114.977327
20
144.102660
30
0.0
0
SEQEND
0
POLYLINE
8
P04264
66
1
70
0
0
VERTEX
8
P04264
10
109.981993
20
144.017997
30
0.0
0
VERTEX
8
P04264
10
114.977327
20
144.017997
30
0.0
0
SEQEND
0
POLYLINE
8
P04265
66
1
70
0
0
VERTEX
8
P04265
10
109.727992
20
143.933333
30
0.0
0
VERTEX
8
P04265
10
114.977327
20
143.933333
30
0.0
0
SEQEND
0
POLYLINE
8
P04266
66
1
70
0
0
VERTEX
8
P04266
10
109.474003
20
143.848659
30
0.0
0
VERTEX
8
P04266
10
114.977327
20
143.848659
30
0.0
0
SEQEND
0
POLYLINE
8
P04267
66
1
70
0
0
VERTEX
8
P04267
10
109.727992
20
143.763996
30
0.0
0
VERTEX
8
P04267
10
114.977327
20
143.763996
30
0.0
0
SEQEND
0
POLYLINE
8
P04268
66
1
70
0
0
VERTEX
8
P04268
10
109.897329
20
143.679333
30
0.0
0
VERTEX
8
P04268
10
114.977327
20
143.679333
30
0.0
0
SEQEND
0
POLYLINE
8
P04269
66
1
70
0
0
VERTEX
8
P04269
10
110.066667
20
143.594659
30
0.0
0
VERTEX
8
P04269
10
114.977327
20
143.594659
30
0.0
0
SEQEND
0
POLYLINE
8
P04270
66
1
70
0
0
VERTEX
8
P04270
10
110.320667
20
143.509996
30
0.0
0
VERTEX
8
P04270
10
114.977327
20
143.509996
30
0.0
0
SEQEND
0
POLYLINE
8
P04271
66
1
70
0
0
VERTEX
8
P04271
10
110.489994
20
143.425332
30
0.0
0
VERTEX
8
P04271
10
114.977327
20
143.425332
30
0.0
0
SEQEND
0
POLYLINE
8
P04272
66
1
70
0
0
VERTEX
8
P04272
10
110.659331
20
143.340658
30
0.0
0
VERTEX
8
P04272
10
114.977327
20
143.340658
30
0.0
0
SEQEND
0
POLYLINE
8
P04273
66
1
70
0
0
VERTEX
8
P04273
10
110.913331
20
143.255995
30
0.0
0
VERTEX
8
P04273
10
114.977327
20
143.255995
30
0.0
0
SEQEND
0
POLYLINE
8
P04274
66
1
70
0
0
VERTEX
8
P04274
10
111.082668
20
143.171332
30
0.0
0
VERTEX
8
P04274
10
114.977327
20
143.171332
30
0.0
0
SEQEND
0
POLYLINE
8
P04275
66
1
70
0
0
VERTEX
8
P04275
10
111.251995
20
143.086658
30
0.0
0
VERTEX
8
P04275
10
114.977327
20
143.086658
30
0.0
0
SEQEND
0
POLYLINE
8
P04276
66
1
70
0
0
VERTEX
8
P04276
10
111.929333
20
143.001995
30
0.0
0
VERTEX
8
P04276
10
114.977327
20
143.001995
30
0.0
0
SEQEND
0
POLYLINE
8
P04277
66
1
70
0
0
VERTEX
8
P04277
10
112.521997
20
142.917332
30
0.0
0
VERTEX
8
P04277
10
114.977327
20
142.917332
30
0.0
0
SEQEND
0
POLYLINE
8
P04278
66
1
70
0
0
VERTEX
8
P04278
10
113.114661
20
142.832658
30
0.0
0
VERTEX
8
P04278
10
114.977327
20
142.832658
30
0.0
0
SEQEND
0
POLYLINE
8
P04279
66
1
70
0
0
VERTEX
8
P04279
10
113.791999
20
142.747994
30
0.0
0
VERTEX
8
P04279
10
114.977327
20
142.747994
30
0.0
0
SEQEND
0
POLYLINE
8
P04280
66
1
70
0
0
VERTEX
8
P04280
10
114.384663
20
142.663331
30
0.0
0
VERTEX
8
P04280
10
114.977327
20
142.663331
30
0.0
0
VERTEX
8
P04280
10
114.384663
20
142.663331
30
0.0
0
SEQEND
0
POLYLINE
8
P04281
66
1
70
0
0
VERTEX
8
P04281
10
109.474003
20
143.848659
30
0.0
0
VERTEX
8
P04281
10
114.469326
20
144.441334
30
0.0
0
VERTEX
8
P04281
10
109.474003
20
143.848659
30
0.0
0
SEQEND
0
POLYLINE
8
P04282
66
1
70
0
0
VERTEX
8
P04282
10
114.469326
20
144.441334
30
0.0
0
VERTEX
8
P04282
10
113.961326
20
143.848659
30
0.0
0
VERTEX
8
P04282
10
114.469326
20
144.441334
30
0.0
0
SEQEND
0
POLYLINE
8
P04283
66
1
70
0
0
VERTEX
8
P04283
10
113.961326
20
143.848659
30
0.0
0
VERTEX
8
P04283
10
114.469326
20
143.171332
30
0.0
0
VERTEX
8
P04283
10
113.961326
20
143.848659
30
0.0
0
SEQEND
0
POLYLINE
8
P04284
66
1
70
0
0
VERTEX
8
P04284
10
114.469326
20
143.171332
30
0.0
0
VERTEX
8
P04284
10
109.474003
20
143.848659
30
0.0
0
VERTEX
8
P04284
10
114.469326
20
143.171332
30
0.0
0
SEQEND
0
POLYLINE
8
P04285
66
1
70
0
0
VERTEX
8
P04285
10
113.791999
20
144.356660
30
0.0
0
VERTEX
8
P04285
10
114.469326
20
144.356660
30
0.0
0
SEQEND
0
POLYLINE
8
P04286
66
1
70
0
0
VERTEX
8
P04286
10
113.114661
20
144.271997
30
0.0
0
VERTEX
8
P04286
10
114.384663
20
144.271997
30
0.0
0
SEQEND
0
POLYLINE
8
P04287
66
1
70
0
0
VERTEX
8
P04287
10
112.352660
20
144.187334
30
0.0
0
VERTEX
8
P04287
10
114.300000
20
144.187334
30
0.0
0
SEQEND
0
POLYLINE
8
P04288
66
1
70
0
0
VERTEX
8
P04288
10
111.675332
20
144.102660
30
0.0
0
VERTEX
8
P04288
10
114.215326
20
144.102660
30
0.0
0
SEQEND
0
POLYLINE
8
P04289
66
1
70
0
0
VERTEX
8
P04289
10
110.913331
20
144.017997
30
0.0
0
VERTEX
8
P04289
10
114.130663
20
144.017997
30
0.0
0
SEQEND
0
POLYLINE
8
P04290
66
1
70
0
0
VERTEX
8
P04290
10
110.235993
20
143.933333
30
0.0
0
VERTEX
8
P04290
10
114.046000
20
143.933333
30
0.0
0
VERTEX
8
P04290
10
110.235993
20
143.933333
30
0.0
0
SEQEND
0
POLYLINE
8
P04291
66
1
70
0
0
VERTEX
8
P04291
10
109.474003
20
143.848659
30
0.0
0
VERTEX
8
P04291
10
113.961326
20
143.848659
30
0.0
0
SEQEND
0
POLYLINE
8
P04292
66
1
70
0
0
VERTEX
8
P04292
10
110.151330
20
143.763996
30
0.0
0
VERTEX
8
P04292
10
114.046000
20
143.763996
30
0.0
0
SEQEND
0
POLYLINE
8
P04293
66
1
70
0
0
VERTEX
8
P04293
10
110.743994
20
143.679333
30
0.0
0
VERTEX
8
P04293
10
114.130663
20
143.679333
30
0.0
0
SEQEND
0
POLYLINE
8
P04294
66
1
70
0
0
VERTEX
8
P04294
10
111.421332
20
143.594659
30
0.0
0
VERTEX
8
P04294
10
114.215326
20
143.594659
30
0.0
0
SEQEND
0
POLYLINE
8
P04295
66
1
70
0
0
VERTEX
8
P04295
10
112.013996
20
143.509996
30
0.0
0
VERTEX
8
P04295
10
114.215326
20
143.509996
30
0.0
0
SEQEND
0
POLYLINE
8
P04296
66
1
70
0
0
VERTEX
8
P04296
10
112.606660
20
143.425332
30
0.0
0
VERTEX
8
P04296
10
114.300000
20
143.425332
30
0.0
0
SEQEND
0
POLYLINE
8
P04297
66
1
70
0
0
VERTEX
8
P04297
10
113.283998
20
143.340658
30
0.0
0
VERTEX
8
P04297
10
114.384663
20
143.340658
30
0.0
0
SEQEND
0
POLYLINE
8
P04298
66
1
70
0
0
VERTEX
8
P04298
10
113.876662
20
143.255995
30
0.0
0
VERTEX
8
P04298
10
114.469326
20
143.255995
30
0.0
0
VERTEX
8
P04298
10
113.876662
20
143.255995
30
0.0
0
SEQEND
0
POLYLINE
8
P04299
66
1
70
0
0
VERTEX
8
P04299
10
118.109996
20
144.949324
30
0.0
0
VERTEX
8
P04299
10
118.787334
20
144.949324
30
0.0
0
SEQEND
0
POLYLINE
8
P04300
66
1
70
0
0
VERTEX
8
P04300
10
118.109996
20
144.864661
30
0.0
0
VERTEX
8
P04300
10
119.379998
20
144.864661
30
0.0
0
SEQEND
0
POLYLINE
8
P04301
66
1
70
0
0
VERTEX
8
P04301
10
118.109996
20
144.779998
30
0.0
0
VERTEX
8
P04301
10
119.972662
20
144.779998
30
0.0
0
SEQEND
0
POLYLINE
8
P04302
66
1
70
0
0
VERTEX
8
P04302
10
118.109996
20
144.695324
30
0.0
0
VERTEX
8
P04302
10
120.650000
20
144.695324
30
0.0
0
SEQEND
0
POLYLINE
8
P04303
66
1
70
0
0
VERTEX
8
P04303
10
118.109996
20
144.610661
30
0.0
0
VERTEX
8
P04303
10
121.242664
20
144.610661
30
0.0
0
SEQEND
0
POLYLINE
8
P04304
66
1
70
0
0
VERTEX
8
P04304
10
118.109996
20
144.525997
30
0.0
0
VERTEX
8
P04304
10
121.835328
20
144.525997
30
0.0
0
SEQEND
0
POLYLINE
8
P04305
66
1
70
0
0
VERTEX
8
P04305
10
118.109996
20
144.441334
30
0.0
0
VERTEX
8
P04305
10
122.089329
20
144.441334
30
0.0
0
SEQEND
0
POLYLINE
8
P04306
66
1
70
0
0
VERTEX
8
P04306
10
118.109996
20
144.356660
30
0.0
0
VERTEX
8
P04306
10
122.343329
20
144.356660
30
0.0
0
SEQEND
0
POLYLINE
8
P04307
66
1
70
0
0
VERTEX
8
P04307
10
118.109996
20
144.271997
30
0.0
0
VERTEX
8
P04307
10
122.512666
20
144.271997
30
0.0
0
SEQEND
0
POLYLINE
8
P04308
66
1
70
0
0
VERTEX
8
P04308
10
118.109996
20
144.187334
30
0.0
0
VERTEX
8
P04308
10
122.766667
20
144.187334
30
0.0
0
SEQEND
0
POLYLINE
8
P04309
66
1
70
0
0
VERTEX
8
P04309
10
118.109996
20
144.102660
30
0.0
0
VERTEX
8
P04309
10
123.020667
20
144.102660
30
0.0
0
SEQEND
0
POLYLINE
8
P04310
66
1
70
0
0
VERTEX
8
P04310
10
118.109996
20
144.017997
30
0.0
0
VERTEX
8
P04310
10
123.189994
20
144.017997
30
0.0
0
SEQEND
0
POLYLINE
8
P04311
66
1
70
0
0
VERTEX
8
P04311
10
118.109996
20
143.933333
30
0.0
0
VERTEX
8
P04311
10
123.443994
20
143.933333
30
0.0
0
SEQEND
0
POLYLINE
8
P04312
66
1
70
0
0
VERTEX
8
P04312
10
118.109996
20
143.848659
30
0.0
0
VERTEX
8
P04312
10
123.613331
20
143.848659
30
0.0
0
SEQEND
0
POLYLINE
8
P04313
66
1
70
0
0
VERTEX
8
P04313
10
118.109996
20
143.763996
30
0.0
0
VERTEX
8
P04313
10
123.443994
20
143.763996
30
0.0
0
SEQEND
0
POLYLINE
8
P04314
66
1
70
0
0
VERTEX
8
P04314
10
118.109996
20
143.679333
30
0.0
0
VERTEX
8
P04314
10
123.274668
20
143.679333
30
0.0
0
SEQEND
0
POLYLINE
8
P04315
66
1
70
0
0
VERTEX
8
P04315
10
118.109996
20
143.594659
30
0.0
0
VERTEX
8
P04315
10
123.020667
20
143.594659
30
0.0
0
SEQEND
0
POLYLINE
8
P04316
66
1
70
0
0
VERTEX
8
P04316
10
118.109996
20
143.509996
30
0.0
0
VERTEX
8
P04316
10
122.851330
20
143.509996
30
0.0
0
SEQEND
0
POLYLINE
8
P04317
66
1
70
0
0
VERTEX
8
P04317
10
118.109996
20
143.425332
30
0.0
0
VERTEX
8
P04317
10
122.681993
20
143.425332
30
0.0
0
SEQEND
0
POLYLINE
8
P04318
66
1
70
0
0
VERTEX
8
P04318
10
118.109996
20
143.340658
30
0.0
0
VERTEX
8
P04318
10
122.427992
20
143.340658
30
0.0
0
SEQEND
0
POLYLINE
8
P04319
66
1
70
0
0
VERTEX
8
P04319
10
118.109996
20
143.255995
30
0.0
0
VERTEX
8
P04319
10
122.258666
20
143.255995
30
0.0
0
SEQEND
0
POLYLINE
8
P04320
66
1
70
0
0
VERTEX
8
P04320
10
118.109996
20
143.171332
30
0.0
0
VERTEX
8
P04320
10
122.089329
20
143.171332
30
0.0
0
SEQEND
0
POLYLINE
8
P04321
66
1
70
0
0
VERTEX
8
P04321
10
118.109996
20
143.086658
30
0.0
0
VERTEX
8
P04321
10
121.835328
20
143.086658
30
0.0
0
SEQEND
0
POLYLINE
8
P04322
66
1
70
0
0
VERTEX
8
P04322
10
118.109996
20
143.001995
30
0.0
0
VERTEX
8
P04322
10
121.242664
20
143.001995
30
0.0
0
SEQEND
0
POLYLINE
8
P04323
66
1
70
0
0
VERTEX
8
P04323
10
118.109996
20
142.917332
30
0.0
0
VERTEX
8
P04323
10
120.650000
20
142.917332
30
0.0
0
SEQEND
0
POLYLINE
8
P04324
66
1
70
0
0
VERTEX
8
P04324
10
118.109996
20
142.832658
30
0.0
0
VERTEX
8
P04324
10
119.972662
20
142.832658
30
0.0
0
SEQEND
0
POLYLINE
8
P04325
66
1
70
0
0
VERTEX
8
P04325
10
118.109996
20
142.747994
30
0.0
0
VERTEX
8
P04325
10
119.379998
20
142.747994
30
0.0
0
SEQEND
0
POLYLINE
8
P04326
66
1
70
0
0
VERTEX
8
P04326
10
118.109996
20
142.663331
30
0.0
0
VERTEX
8
P04326
10
118.787334
20
142.663331
30
0.0
0
VERTEX
8
P04326
10
118.109996
20
142.663331
30
0.0
0
SEQEND
0
POLYLINE
8
P04327
66
1
70
0
0
VERTEX
8
P04327
10
123.613331
20
143.848659
30
0.0
0
VERTEX
8
P04327
10
118.617997
20
143.171332
30
0.0
0
VERTEX
8
P04327
10
123.613331
20
143.848659
30
0.0
0
SEQEND
0
POLYLINE
8
P04328
66
1
70
0
0
VERTEX
8
P04328
10
118.617997
20
143.171332
30
0.0
0
VERTEX
8
P04328
10
119.125997
20
143.848659
30
0.0
0
VERTEX
8
P04328
10
118.617997
20
143.171332
30
0.0
0
SEQEND
0
POLYLINE
8
P04329
66
1
70
0
0
VERTEX
8
P04329
10
119.125997
20
143.848659
30
0.0
0
VERTEX
8
P04329
10
118.617997
20
144.441334
30
0.0
0
VERTEX
8
P04329
10
119.125997
20
143.848659
30
0.0
0
SEQEND
0
POLYLINE
8
P04330
66
1
70
0
0
VERTEX
8
P04330
10
118.617997
20
144.441334
30
0.0
0
VERTEX
8
P04330
10
123.613331
20
143.848659
30
0.0
0
VERTEX
8
P04330
10
118.617997
20
144.441334
30
0.0
0
SEQEND
0
POLYLINE
8
P04331
66
1
70
0
0
VERTEX
8
P04331
10
119.125997
20
143.848659
30
0.0
0
VERTEX
8
P04331
10
123.613331
20
143.848659
30
0.0
0
SEQEND
0
POLYLINE
8
P04332
66
1
70
0
0
VERTEX
8
P04332
10
119.125997
20
143.763996
30
0.0
0
VERTEX
8
P04332
10
123.020667
20
143.763996
30
0.0
0
SEQEND
0
POLYLINE
8
P04333
66
1
70
0
0
VERTEX
8
P04333
10
119.041334
20
143.679333
30
0.0
0
VERTEX
8
P04333
10
122.427992
20
143.679333
30
0.0
0
SEQEND
0
POLYLINE
8
P04334
66
1
70
0
0
VERTEX
8
P04334
10
118.956660
20
143.594659
30
0.0
0
VERTEX
8
P04334
10
121.750665
20
143.594659
30
0.0
0
SEQEND
0
POLYLINE
8
P04335
66
1
70
0
0
VERTEX
8
P04335
10
118.871997
20
143.509996
30
0.0
0
VERTEX
8
P04335
10
121.158001
20
143.509996
30
0.0
0
SEQEND
0
POLYLINE
8
P04336
66
1
70
0
0
VERTEX
8
P04336
10
118.871997
20
143.425332
30
0.0
0
VERTEX
8
P04336
10
120.565326
20
143.425332
30
0.0
0
SEQEND
0
POLYLINE
8
P04337
66
1
70
0
0
VERTEX
8
P04337
10
118.787334
20
143.340658
30
0.0
0
VERTEX
8
P04337
10
119.887999
20
143.340658
30
0.0
0
SEQEND
0
POLYLINE
8
P04338
66
1
70
0
0
VERTEX
8
P04338
10
118.702660
20
143.255995
30
0.0
0
VERTEX
8
P04338
10
119.295335
20
143.255995
30
0.0
0
VERTEX
8
P04338
10
118.702660
20
143.255995
30
0.0
0
SEQEND
0
POLYLINE
8
P04339
66
1
70
0
0
VERTEX
8
P04339
10
118.702660
20
144.356660
30
0.0
0
VERTEX
8
P04339
10
119.379998
20
144.356660
30
0.0
0
SEQEND
0
POLYLINE
8
P04340
66
1
70
0
0
VERTEX
8
P04340
10
118.787334
20
144.271997
30
0.0
0
VERTEX
8
P04340
10
120.057336
20
144.271997
30
0.0
0
SEQEND
0
POLYLINE
8
P04341
66
1
70
0
0
VERTEX
8
P04341
10
118.871997
20
144.187334
30
0.0
0
VERTEX
8
P04341
10
120.819326
20
144.187334
30
0.0
0
SEQEND
0
POLYLINE
8
P04342
66
1
70
0
0
VERTEX
8
P04342
10
118.956660
20
144.102660
30
0.0
0
VERTEX
8
P04342
10
121.496665
20
144.102660
30
0.0
0
SEQEND
0
POLYLINE
8
P04343
66
1
70
0
0
VERTEX
8
P04343
10
119.041334
20
144.017997
30
0.0
0
VERTEX
8
P04343
10
122.258666
20
144.017997
30
0.0
0
SEQEND
0
POLYLINE
8
P04344
66
1
70
0
0
VERTEX
8
P04344
10
119.125997
20
143.933333
30
0.0
0
VERTEX
8
P04344
10
122.935993
20
143.933333
30
0.0
0
VERTEX
8
P04344
10
119.125997
20
143.933333
30
0.0
0
SEQEND
0
POLYLINE
8
P04345
66
1
70
0
0
VERTEX
8
P04345
10
109.474003
20
143.848659
30
0.0
0
VERTEX
8
P04345
10
123.613331
20
143.848659
30
0.0
0
VERTEX
8
P04345
10
109.474003
20
143.848659
30
0.0
0
SEQEND
0
POLYLINE
8
P04346
66
1
70
0
0
VERTEX
8
P04346
10
0.508000
20
0.592664
30
0.0
0
VERTEX
8
P04346
10
0.508000
20
297.603326
30
0.0
0
VERTEX
8
P04346
10
0.508000
20
0.592664
30
0.0
0
SEQEND
0
POLYLINE
8
P04347
66
1
70
0
0
VERTEX
8
P04347
10
0.508000
20
297.603326
30
0.0
0
VERTEX
8
P04347
10
210.481339
20
297.603326
30
0.0
0
VERTEX
8
P04347
10
0.508000
20
297.603326
30
0.0
0
SEQEND
0
POLYLINE
8
P04348
66
1
70
0
0
VERTEX
8
P04348
10
210.481339
20
297.603326
30
0.0
0
VERTEX
8
P04348
10
210.481339
20
0.592664
30
0.0
0
VERTEX
8
P04348
10
210.481339
20
297.603326
30
0.0
0
SEQEND
0
POLYLINE
8
P04349
66
1
70
0
0
VERTEX
8
P04349
10
210.481339
20
0.592664
30
0.0
0
VERTEX
8
P04349
10
0.508000
20
0.592664
30
0.0
0
VERTEX
8
P04349
10
210.481339
20
0.592664
30
0.0
0
SEQEND
0
POLYLINE
8
P04350
66
1
70
0
0
VERTEX
8
P04350
10
20.489333
20
5.588009
30
0.0
0
VERTEX
8
P04350
10
20.489333
20
292.607992
30
0.0
0
VERTEX
8
P04350
10
20.489333
20
5.588009
30
0.0
0
SEQEND
0
POLYLINE
8
P04351
66
1
70
0
0
VERTEX
8
P04351
10
20.489333
20
292.607992
30
0.0
0
VERTEX
8
P04351
10
205.485993
20
292.607992
30
0.0
0
VERTEX
8
P04351
10
20.489333
20
292.607992
30
0.0
0
SEQEND
0
POLYLINE
8
P04352
66
1
70
0
0
VERTEX
8
P04352
10
205.485993
20
292.607992
30
0.0
0
VERTEX
8
P04352
10
205.485993
20
5.588009
30
0.0
0
VERTEX
8
P04352
10
205.485993
20
292.607992
30
0.0
0
SEQEND
0
POLYLINE
8
P04353
66
1
70
0
0
VERTEX
8
P04353
10
205.485993
20
5.588009
30
0.0
0
VERTEX
8
P04353
10
20.489333
20
5.588009
30
0.0
0
VERTEX
8
P04353
10
205.485993
20
5.588009
30
0.0
0
SEQEND
0
POLYLINE
8
P04354
66
1
70
0
0
VERTEX
8
P04354
10
20.489333
20
60.621321
30
0.0
0
VERTEX
8
P04354
10
205.485993
20
60.621321
30
0.0
0
VERTEX
8
P04354
10
20.489333
20
60.621321
30
0.0
0
SEQEND
0
POLYLINE
8
P04355
66
1
70
0
0
VERTEX
8
P04355
10
20.489333
20
50.630674
30
0.0
0
VERTEX
8
P04355
10
85.513331
20
50.630674
30
0.0
0
VERTEX
8
P04355
10
20.489333
20
50.630674
30
0.0
0
SEQEND
0
POLYLINE
8
P04356
66
1
70
0
0
VERTEX
8
P04356
10
20.489333
20
45.635328
30
0.0
0
VERTEX
8
P04356
10
85.513331
20
45.635328
30
0.0
0
VERTEX
8
P04356
10
20.489333
20
45.635328
30
0.0
0
SEQEND
0
POLYLINE
8
P04357
66
1
70
0
0
VERTEX
8
P04357
10
20.489333
20
30.649335
30
0.0
0
VERTEX
8
P04357
10
85.513331
20
30.649335
30
0.0
0
VERTEX
8
P04357
10
20.489333
20
30.649335
30
0.0
0
SEQEND
0
POLYLINE
8
P04358
66
1
70
0
0
VERTEX
8
P04358
10
20.489333
20
25.569326
30
0.0
0
VERTEX
8
P04358
10
85.513331
20
25.569326
30
0.0
0
VERTEX
8
P04358
10
20.489333
20
25.569326
30
0.0
0
SEQEND
0
POLYLINE
8
P04359
66
1
70
0
0
VERTEX
8
P04359
10
20.489333
20
20.574003
30
0.0
0
VERTEX
8
P04359
10
85.513331
20
20.574003
30
0.0
0
VERTEX
8
P04359
10
20.489333
20
20.574003
30
0.0
0
SEQEND
0
POLYLINE
8
P04360
66
1
70
0
0
VERTEX
8
P04360
10
20.489333
20
15.578657
30
0.0
0
VERTEX
8
P04360
10
85.513331
20
15.578657
30
0.0
0
VERTEX
8
P04360
10
20.489333
20
15.578657
30
0.0
0
SEQEND
0
POLYLINE
8
P04361
66
1
70
0
0
VERTEX
8
P04361
10
20.489333
20
10.583333
30
0.0
0
VERTEX
8
P04361
10
85.513331
20
10.583333
30
0.0
0
VERTEX
8
P04361
10
20.489333
20
10.583333
30
0.0
0
SEQEND
0
POLYLINE
8
P04362
66
1
70
0
0
VERTEX
8
P04362
10
20.489333
20
5.588009
30
0.0
0
VERTEX
8
P04362
10
20.489333
20
60.621321
30
0.0
0
VERTEX
8
P04362
10
20.489333
20
5.588009
30
0.0
0
SEQEND
0
POLYLINE
8
P04363
66
1
70
0
0
VERTEX
8
P04363
10
20.489333
20
55.625997
30
0.0
0
VERTEX
8
P04363
10
85.513331
20
55.625997
30
0.0
0
VERTEX
8
P04363
10
20.489333
20
55.625997
30
0.0
0
SEQEND
0
POLYLINE
8
P04364
66
1
70
0
0
VERTEX
8
P04364
10
37.507333
20
5.588009
30
0.0
0
VERTEX
8
P04364
10
37.507333
20
60.621321
30
0.0
0
VERTEX
8
P04364
10
37.507333
20
5.588009
30
0.0
0
SEQEND
0
POLYLINE
8
P04365
66
1
70
0
0
VERTEX
8
P04365
10
60.536663
20
5.588009
30
0.0
0
VERTEX
8
P04365
10
60.536663
20
60.621321
30
0.0
0
VERTEX
8
P04365
10
60.536663
20
5.588009
30
0.0
0
SEQEND
0
POLYLINE
8
P04366
66
1
70
0
0
VERTEX
8
P04366
10
75.522667
20
5.588009
30
0.0
0
VERTEX
8
P04366
10
75.522667
20
60.621321
30
0.0
0
VERTEX
8
P04366
10
75.522667
20
5.588009
30
0.0
0
SEQEND
0
POLYLINE
8
P04367
66
1
70
0
0
VERTEX
8
P04367
10
85.513331
20
5.588009
30
0.0
0
VERTEX
8
P04367
10
85.513331
20
60.621321
30
0.0
0
VERTEX
8
P04367
10
85.513331
20
5.588009
30
0.0
0
SEQEND
0
POLYLINE
8
P04368
66
1
70
0
0
VERTEX
8
P04368
10
155.532668
20
5.588009
30
0.0
0
VERTEX
8
P04368
10
155.532668
20
45.635328
30
0.0
0
VERTEX
8
P04368
10
155.532668
20
5.588009
30
0.0
0
SEQEND
0
POLYLINE
8
P04369
66
1
70
0
0
VERTEX
8
P04369
10
170.518661
20
25.569326
30
0.0
0
VERTEX
8
P04369
10
170.518661
20
45.635328
30
0.0
0
VERTEX
8
P04369
10
170.518661
20
25.569326
30
0.0
0
SEQEND
0
POLYLINE
8
P04370
66
1
70
0
0
VERTEX
8
P04370
10
187.536658
20
25.569326
30
0.0
0
VERTEX
8
P04370
10
187.536658
20
45.635328
30
0.0
0
VERTEX
8
P04370
10
187.536658
20
25.569326
30
0.0
0
SEQEND
0
POLYLINE
8
P04371
66
1
70
0
0
VERTEX
8
P04371
10
20.489333
20
40.640004
30
0.0
0
VERTEX
8
P04371
10
85.513331
20
40.640004
30
0.0
0
VERTEX
8
P04371
10
20.489333
20
40.640004
30
0.0
0
SEQEND
0
POLYLINE
8
P04372
66
1
70
0
0
VERTEX
8
P04372
10
20.489333
20
35.644659
30
0.0
0
VERTEX
8
P04372
10
85.513331
20
35.644659
30
0.0
0
VERTEX
8
P04372
10
20.489333
20
35.644659
30
0.0
0
SEQEND
0
POLYLINE
8
P04373
66
1
70
0
0
VERTEX
8
P04373
10
155.532668
20
20.574003
30
0.0
0
VERTEX
8
P04373
10
205.485993
20
20.574003
30
0.0
0
VERTEX
8
P04373
10
155.532668
20
20.574003
30
0.0
0
SEQEND
0
POLYLINE
8
P04374
66
1
70
0
0
VERTEX
8
P04374
10
170.518661
20
40.640004
30
0.0
0
VERTEX
8
P04374
10
205.485993
20
40.640004
30
0.0
0
VERTEX
8
P04374
10
170.518661
20
40.640004
30
0.0
0
SEQEND
0
POLYLINE
8
P04375
66
1
70
0
0
VERTEX
8
P04375
10
155.532668
20
40.640004
30
0.0
0
VERTEX
8
P04375
10
170.518661
20
40.640004
30
0.0
0
VERTEX
8
P04375
10
155.532668
20
40.640004
30
0.0
0
SEQEND
0
POLYLINE
8
P04376
66
1
70
0
0
VERTEX
8
P04376
10
85.513331
20
45.635328
30
0.0
0
VERTEX
8
P04376
10
205.485993
20
45.635328
30
0.0
0
VERTEX
8
P04376
10
85.513331
20
45.635328
30
0.0
0
SEQEND
0
POLYLINE
8
P04377
66
1
70
0
0
VERTEX
8
P04377
10
85.513331
20
20.574003
30
0.0
0
VERTEX
8
P04377
10
155.532668
20
20.574003
30
0.0
0
VERTEX
8
P04377
10
85.513331
20
20.574003
30
0.0
0
SEQEND
0
POLYLINE
8
P04378
66
1
70
0
0
VERTEX
8
P04378
10
155.532668
20
25.569326
30
0.0
0
VERTEX
8
P04378
10
205.485993
20
25.569326
30
0.0
0
VERTEX
8
P04378
10
155.532668
20
25.569326
30
0.0
0
SEQEND
0
POLYLINE
8
P04379
66
1
70
0
0
VERTEX
8
P04379
10
176.106660
20
20.574003
30
0.0
0
VERTEX
8
P04379
10
176.106660
20
25.569326
30
0.0
0
VERTEX
8
P04379
10
176.106660
20
20.574003
30
0.0
0
SEQEND
0
POLYLINE
8
P04380
66
1
70
0
0
VERTEX
8
P04380
10
160.443329
20
25.569326
30
0.0
0
VERTEX
8
P04380
10
160.443329
20
40.640004
30
0.0
0
VERTEX
8
P04380
10
160.443329
20
25.569326
30
0.0
0
SEQEND
0
POLYLINE
8
P04381
66
1
70
0
0
VERTEX
8
P04381
10
165.523327
20
25.569326
30
0.0
0
VERTEX
8
P04381
10
165.523327
20
40.640004
30
0.0
0
VERTEX
8
P04381
10
165.523327
20
25.569326
30
0.0
0
SEQEND
0
POLYLINE
8
P04382
66
1
70
0
0
VERTEX
8
P04382
10
27.516667
20
35.644659
30
0.0
0
VERTEX
8
P04382
10
27.516667
20
60.621321
30
0.0
0
VERTEX
8
P04382
10
27.516667
20
35.644659
30
0.0
0
SEQEND
0
POLYLINE
8
P04383
66
1
70
0
0
VERTEX
8
P04383
10
8.466667
20
5.588009
30
0.0
0
VERTEX
8
P04383
10
8.466667
20
150.621997
30
0.0
0
VERTEX
8
P04383
10
8.466667
20
5.588009
30
0.0
0
SEQEND
0
POLYLINE
8
P04384
66
1
70
0
0
VERTEX
8
P04384
10
13.462000
20
5.588009
30
0.0
0
VERTEX
8
P04384
10
13.462000
20
150.621997
30
0.0
0
VERTEX
8
P04384
10
13.462000
20
5.588009
30
0.0
0
SEQEND
0
POLYLINE
8
P04385
66
1
70
0
0
VERTEX
8
P04385
10
20.489333
20
5.588009
30
0.0
0
VERTEX
8
P04385
10
8.466667
20
5.588009
30
0.0
0
VERTEX
8
P04385
10
20.489333
20
5.588009
30
0.0
0
SEQEND
0
POLYLINE
8
P04386
66
1
70
0
0
VERTEX
8
P04386
10
20.489333
20
150.621997
30
0.0
0
VERTEX
8
P04386
10
8.466667
20
150.621997
30
0.0
0
VERTEX
8
P04386
10
20.489333
20
150.621997
30
0.0
0
SEQEND
0
POLYLINE
8
P04387
66
1
70
0
0
VERTEX
8
P04387
10
20.489333
20
30.649335
30
0.0
0
VERTEX
8
P04387
10
8.466667
20
30.649335
30
0.0
0
VERTEX
8
P04387
10
20.489333
20
30.649335
30
0.0
0
SEQEND
0
POLYLINE
8
P04388
66
1
70
0
0
VERTEX
8
P04388
10
20.489333
20
65.616667
30
0.0
0
VERTEX
8
P04388
10
8.466667
20
65.616667
30
0.0
0
VERTEX
8
P04388
10
20.489333
20
65.616667
30
0.0
0
SEQEND
0
POLYLINE
8
P04389
66
1
70
0
0
VERTEX
8
P04389
10
20.489333
20
90.593329
30
0.0
0
VERTEX
8
P04389
10
8.466667
20
90.593329
30
0.0
0
VERTEX
8
P04389
10
20.489333
20
90.593329
30
0.0
0
SEQEND
0
POLYLINE
8
P04390
66
1
70
0
0
VERTEX
8
P04390
10
20.489333
20
115.569991
30
0.0
0
VERTEX
8
P04390
10
8.466667
20
115.569991
30
0.0
0
VERTEX
8
P04390
10
20.489333
20
115.569991
30
0.0
0
SEQEND
0
POLYLINE
8
P04391
66
1
70
0
0
VERTEX
8
P04391
10
8.466667
20
172.635328
30
0.0
0
VERTEX
8
P04391
10
8.466667
20
292.607992
30
0.0
0
VERTEX
8
P04391
10
8.466667
20
172.635328
30
0.0
0
SEQEND
0
POLYLINE
8
P04392
66
1
70
0
0
VERTEX
8
P04392
10
13.462000
20
172.635328
30
0.0
0
VERTEX
8
P04392
10
13.462000
20
292.607992
30
0.0
0
VERTEX
8
P04392
10
13.462000
20
172.635328
30
0.0
0
SEQEND
0
POLYLINE
8
P04393
66
1
70
0
0
VERTEX
8
P04393
10
20.489333
20
172.635328
30
0.0
0
VERTEX
8
P04393
10
8.466667
20
172.635328
30
0.0
0
VERTEX
8
P04393
10
20.489333
20
172.635328
30
0.0
0
SEQEND
0
POLYLINE
8
P04394
66
1
70
0
0
VERTEX
8
P04394
10
20.489333
20
292.607992
30
0.0
0
VERTEX
8
P04394
10
8.466667
20
292.607992
30
0.0
0
VERTEX
8
P04394
10
20.489333
20
292.607992
30
0.0
0
SEQEND
0
POLYLINE
8
P04395
66
1
70
0
0
VERTEX
8
P04395
10
20.489333
20
232.579328
30
0.0
0
VERTEX
8
P04395
10
8.466667
20
232.579328
30
0.0
0
VERTEX
8
P04395
10
20.489333
20
232.579328
30
0.0
0
SEQEND
0
POLYLINE
8
P04396
66
1
70
0
0
VERTEX
8
P04396
10
90.508666
20
278.637993
30
0.0
0
VERTEX
8
P04396
10
20.489333
20
278.637993
30
0.0
0
VERTEX
8
P04396
10
90.508666
20
278.637993
30
0.0
0
SEQEND
0
POLYLINE
8
P04397
66
1
70
0
0
VERTEX
8
P04397
10
90.508666
20
292.607992
30
0.0
0
VERTEX
8
P04397
10
90.508666
20
278.637993
30
0.0
0
VERTEX
8
P04397
10
90.508666
20
292.607992
30
0.0
0
SEQEND
0
ENDSEC
0
EOF
