$X
$1=255
G21
G90
G92 Z4.0000
G0 Z0.0000 F800.0
G4 P0.06
G92 Z0.0000
G0 Z0.0000 F800.0
G0 X0.0000 Y0.0000 F15000.0
G21
G90
G17
G91.1
G0 Z0.0000
G0 X0.0000 Y-5.0000 F15000.0
G1 Z11.9000 F2500.0
G4 P0.02
G1 X180.0000 Y-5.0000 F12000.0
G1 X180.0000 Y-285.0000
G1 X0.0000 Y-285.0000
G1 X0.0000 Y-5.0000
G1 Z0.0000 F2500.0
G4 P0.02
G0 X26.6633 Y-197.1763 F15000.0
G1 Z11.9000 F2500.0
G4 P0.02
G1 X26.6190 Y-197.0436 F2200.0
G1 X26.7296 Y-196.0043
G1 X27.0613 Y-195.5841
G1 X29.1621 Y-194.7217
G1 Z0.0000 F2500.0
G4 P0.02
G0 X29.5159 Y-194.5890 F15000.0
G1 Z11.9000 F2500.0
G4 P0.02
G1 X30.0024 Y-194.4121 F2200.0
G1 X30.7764 Y-194.3237
G1 Z0.0000 F2500.0
G4 P0.02
G0 X31.0417 Y-194.5669 F15000.0
G1 Z11.9000 F2500.0
G4 P0.02
G1 X31.0638 Y-195.4736 F2200.0
G1 X30.8427 Y-195.9379
G1 Z0.0000 F2500.0
G4 P0.02
G0 X30.5773 Y-196.2254 F15000.0
G1 Z11.9000 F2500.0
G4 P0.02
G1 X28.3439 Y-197.0878 F2200.0
G1 Z0.0000 F2500.0
G4 P0.02
G0 X27.9237 Y-197.2426 F15000.0
G1 Z11.9000 F2500.0
G4 P0.02
G1 X26.8402 Y-197.3753 F2200.0
G1 Z0.0000 F2500.0
G4 P0.02
G0 X27.0171 Y-194.3900 F15000.0
G1 Z11.9000 F2500.0
G4 P0.02
G1 X27.5257 Y-194.4121 F2200.0
G1 X31.0196 Y-191.2941
G1 X31.1081 Y-191.0951
G1 Z0.0000 F2500.0
G4 P0.02
G0 X31.0638 Y-191.3162 F15000.0
G1 Z11.9000 F2500.0
G4 P0.02
G1 X31.0638 Y-193.1074 F2200.0
G1 Z0.0000 F2500.0
G4 P0.02
G0 X31.7986 Y-189.5675 F15000.0
G1 Z11.9000 F2500.0
G4 P0.02
G1 X43.9909 Y-189.5675 F2200.0
G1 X43.9909 Y-199.2883 F2200.0
G1 X69.2815 Y-199.2883 F12000.0
G1 X69.2815 Y-196.8993 F2200.0
G1 X133.0435 Y-196.8993 F12000.0
G1 X133.7025 Y-196.7345 F2200.0
G1 X134.1968 Y-196.2403 F2200.0
G1 X134.4439 Y-195.5812 F2200.0
G1 Z0.0000 F2500.0
G4 P0.02
G0 X134.4439 Y-195.4165 F15000.0
G1 Z11.9000 F2500.0
G4 P0.02
G1 X134.4439 Y-193.4393 F2200.0
G1 Z0.0000 F2500.0
G4 P0.02
G0 X134.4439 Y-193.2746 F15000.0
G1 Z11.9000 F2500.0
G4 P0.02
G1 X134.1968 Y-192.6156 F2200.0
G1 X133.7025 Y-192.2037 F2200.0
G1 X133.0435 Y-192.0389 F2200.0
G1 X69.2815 Y-192.0389 F12000.0
G1 X69.2815 Y-189.5675 F2200.0
G1 X43.9909 Y-189.5675 F12000.0
G1 X46.8742 Y-192.5332 F2200.0
G1 Z0.0000 F2500.0
G4 P0.02
G0 X46.8742 Y-189.5675 F15000.0
G1 Z11.9000 F2500.0
G4 P0.02
G1 X46.8742 Y-199.2883 F2200.0
G1 X46.8742 Y-208.8444 F2200.0
G1 Z0.0000 F2500.0
G4 P0.02
G0 X46.8742 Y-206.8673 F15000.0
G1 Z11.9000 F2500.0
G4 P0.02
G1 X51.7346 Y-207.5263 F2200.0
G1 X51.2403 Y-206.8673 F2200.0
G1 X51.7346 Y-206.2082 F2200.0
G1 X46.8742 Y-206.8673 F2200.0
G1 X66.3158 Y-206.8673 F12000.0
G1 X61.4554 Y-206.2082 F2200.0
G1 X61.9497 Y-206.8673 F2200.0
G1 X61.4554 Y-207.5263 F2200.0
G1 X66.3158 Y-206.8673 F2200.0
G1 Z0.0000 F2500.0
G4 P0.02
G0 X64.3646 Y-206.5789 F15000.0
G1 Z11.9000 F2500.0
G4 P0.02
G1 X63.4889 Y-206.5789 F2200.0
G1 Z0.0000 F2500.0
G4 P0.02
G0 X63.2006 Y-207.1968 F15000.0
G1 Z11.9000 F2500.0
G4 P0.02
G1 X64.0763 Y-207.1968 F2200.0
G1 Z0.0000 F2500.0
G4 P0.02
G0 X66.3158 Y-208.8444 F15000.0
G1 Z11.9000 F2500.0
G4 P0.02
G1 X66.3158 Y-199.2883 F2200.0
G1 X66.3158 Y-189.5675 F2200.0
G1 Z0.0000 F2500.0
G4 P0.02
G0 X66.3158 Y-191.2975 F15000.0
G1 Z11.9000 F2500.0
G4 P0.02
G1 X70.5172 Y-195.4988 F2200.0
G1 Z0.0000 F2500.0
G4 P0.02
G0 X70.5172 Y-195.6636 F15000.0
G1 Z11.9000 F2500.0
G4 P0.02
G1 X70.5172 Y-196.2403 F2200.0
G1 X70.6819 Y-196.8993 F2200.0
G1 Z0.0000 F2500.0
G4 P0.02
G0 X70.5172 Y-195.6636 F15000.0
G1 Z11.9000 F2500.0
G4 P0.02
G1 X70.5995 Y-195.0046 F2200.0
G1 X70.7643 Y-194.4279 F2200.0
G1 X71.0114 Y-193.8512 F2200.0
G1 X71.0938 Y-193.1922 F2200.0
G1 X71.0114 Y-192.6156 F2200.0
G1 X70.9291 Y-192.0389 F2200.0
G1 Z0.0000 F2500.0
G4 P0.02
G0 X69.2815 Y-190.1442 F15000.0
G1 Z11.9000 F2500.0
G4 P0.02
G1 X68.7048 Y-189.5675 F2200.0
G1 Z0.0000 F2500.0
G4 P0.02
G0 X69.2815 Y-189.5675 F15000.0
G1 Z11.9000 F2500.0
G4 P0.02
G1 X69.2815 Y-174.9039 F12000.0
G1 Z0.0000 F2500.0
G4 P0.02
G0 X69.2815 Y-176.7986 F15000.0
G1 Z11.9000 F2500.0
G4 P0.02
G1 X64.4211 Y-176.2220 F2200.0
G1 X64.9153 Y-176.7986 F2200.0
G1 X64.4211 Y-177.4577 F2200.0
G1 X69.2815 Y-176.7986 F2200.0
G1 X43.9909 Y-176.7986 F12000.0
G1 X48.8513 Y-177.4577 F2200.0
G1 X48.3570 Y-176.7986 F2200.0
G1 X48.8513 Y-176.2220 F2200.0
G1 X43.9909 Y-176.7986 F2200.0
G1 Z0.0000 F2500.0
G4 P0.02
G0 X43.9909 Y-174.9039 F15000.0
G1 Z11.9000 F2500.0
G4 P0.02
G1 X43.9909 Y-189.5675 F12000.0
G1 Z0.0000 F2500.0
G4 P0.02
G0 X43.9909 Y-193.6865 F15000.0
G1 Z11.9000 F2500.0
G4 P0.02
G1 X46.8742 Y-196.6522 F2200.0
G1 Z0.0000 F2500.0
G4 P0.02
G0 X45.3913 Y-199.2883 F15000.0
G1 Z11.9000 F2500.0
G4 P0.02
G1 X43.9909 Y-197.8879 F2200.0
G1 Z0.0000 F2500.0
G4 P0.02
G0 X43.9909 Y-199.2883 F15000.0
G1 Z11.9000 F2500.0
G4 P0.02
G1 X31.7986 Y-199.2883 F2200.0
G1 Z0.0000 F2500.0
G4 P0.02
G0 X33.7758 Y-199.2883 F15000.0
G1 Z11.9000 F2500.0
G4 P0.02
G1 X34.3524 Y-204.1487 F2200.0
G1 X33.7758 Y-203.6545 F2200.0
G1 X33.1167 Y-204.1487 F2200.0
G1 X33.7758 Y-199.2883 F2200.0
G1 X33.7758 Y-206.1258 F2200.0
G1 Z0.0000 F2500.0
G4 P0.02
G0 X33.4874 Y-202.4859 F15000.0
G1 Z11.9000 F2500.0
G4 P0.02
G1 X33.4874 Y-201.6102 F2200.0
G1 Z0.0000 F2500.0
G4 P0.02
G0 X34.0641 Y-201.3219 F15000.0
G1 Z11.9000 F2500.0
G4 P0.02
G1 X34.0641 Y-202.1976 F2200.0
G1 Z0.0000 F2500.0
G4 P0.02
G0 X33.7758 Y-199.2883 F15000.0
G1 Z11.9000 F2500.0
G4 P0.02
G1 X33.7758 Y-189.5675 F2200.0
G1 X33.1167 Y-184.7071 F2200.0
G1 X33.7758 Y-185.2014 F2200.0
G1 X34.3524 Y-184.7071 F2200.0
G1 X33.7758 Y-189.5675 F2200.0
G1 X33.7758 Y-182.7300 F2200.0
G1 Z0.0000 F2500.0
G4 P0.02
G0 X33.4874 Y-186.4523 F15000.0
G1 Z11.9000 F2500.0
G4 P0.02
G1 X33.4874 Y-187.3280 F2200.0
G1 Z0.0000 F2500.0
G4 P0.02
G0 X34.0641 Y-187.6163 F15000.0
G1 Z11.9000 F2500.0
G4 P0.02
G1 X34.0641 Y-186.7406 F2200.0
G1 Z0.0000 F2500.0
G4 P0.02
G0 X27.4372 Y-192.3777 F15000.0
G1 Z11.9000 F2500.0
G4 P0.02
G1 X27.1498 Y-192.5988 F2200.0
G1 X26.6854 Y-193.3286
G1 X26.6190 Y-193.8151
G1 X26.8402 Y-194.2794
G1 X26.7517 Y-194.1689
G1 Z0.0000 F2500.0
G4 P0.02
G0 X43.9909 Y-194.4279 F15000.0
G1 Z11.9000 F2500.0
G4 P0.02
G1 X54.4531 Y-194.4279 F2200.0
G1 Z0.0000 F2500.0
G4 P0.02
G0 X55.9359 Y-194.4279 F15000.0
G1 Z11.9000 F2500.0
G4 P0.02
G1 X57.3364 Y-194.4279 F2200.0
G1 Z0.0000 F2500.0
G4 P0.02
G0 X58.8192 Y-194.4279 F15000.0
G1 Z11.9000 F2500.0
G4 P0.02
G1 X69.2815 Y-194.4279 F2200.0
G1 Z0.0000 F2500.0
G4 P0.02
G0 X66.3158 Y-195.4988 F15000.0
G1 Z11.9000 F2500.0
G4 P0.02
G1 X69.2815 Y-198.3821 F2200.0
G1 Z0.0000 F2500.0
G4 P0.02
G0 X56.5950 Y-201.7597 F15000.0
G1 Z11.9000 F2500.0
G4 P0.02
G1 X56.5950 Y-186.6842 F12000.0
G1 Z0.0000 F2500.0
G4 P0.02
G0 X56.4971 Y-184.0163 F15000.0
G1 Z11.9000 F2500.0
G4 P0.02
G1 X58.2219 Y-184.1047 F2200.0
G1 Z0.0000 F2500.0
G4 P0.02
G0 X58.7084 Y-183.2202 F15000.0
G1 Z11.9000 F2500.0
G4 P0.02
G1 X59.2613 Y-183.7730 F2200.0
G1 Z0.0000 F2500.0
G4 P0.02
G0 X59.5487 Y-183.9057 F15000.0
G1 Z11.9000 F2500.0
G4 P0.02
G1 X60.3448 Y-183.9499 F2200.0
G1 X60.6323 Y-183.7509
G1 Z0.0000 F2500.0
G4 P0.02
G0 X60.6986 Y-183.6182 F15000.0
G1 Z11.9000 F2500.0
G4 P0.02
G1 X60.6765 Y-183.0433 F2200.0
G1 X57.5806 Y-179.5936
G1 X57.2932 Y-179.4830
G1 Z0.0000 F2500.0
G4 P0.02
G0 X57.6028 Y-179.5936 F15000.0
G1 Z11.9000 F2500.0
G4 P0.02
G1 X59.4824 Y-179.5936 F2200.0
G1 Z0.0000 F2500.0
G4 P0.02
G0 X56.6740 Y-180.1243 F15000.0
G1 Z11.9000 F2500.0
G4 P0.02
G1 X56.9615 Y-180.8540 F2200.0
G1 X57.1163 Y-181.5396
G1 Z0.0000 F2500.0
G4 P0.02
G0 X56.9394 Y-181.8049 F15000.0
G1 Z11.9000 F2500.0
G4 P0.02
G1 X55.7673 Y-182.0039 F2200.0
G1 X55.9664 Y-182.7337
G1 Z0.0000 F2500.0
G4 P0.02
G0 X56.0990 Y-183.0875 F15000.0
G1 Z11.9000 F2500.0
G4 P0.02
G1 X56.1212 Y-183.1538 F2200.0
G1 Z0.0000 F2500.0
G4 P0.02
G0 X56.3202 Y-183.6846 F15000.0
G1 Z11.9000 F2500.0
G4 P0.02
G1 X56.4086 Y-183.9278 F2200.0
G1 Z0.0000 F2500.0
G4 P0.02
G0 X54.9270 Y-183.6846 F15000.0
G1 Z11.9000 F2500.0
G4 P0.02
G1 X54.8386 Y-183.5519 F2200.0
G1 Z0.0000 F2500.0
G4 P0.02
G0 X54.3963 Y-182.8885 F15000.0
G1 Z11.9000 F2500.0
G4 P0.02
G1 X54.2636 Y-182.6452 F2200.0
G1 X53.4012 Y-182.6010
G1 Z0.0000 F2500.0
G4 P0.02
G0 X53.0253 Y-182.4020 F15000.0
G1 Z11.9000 F2500.0
G4 P0.02
G1 X52.8484 Y-182.2251 F2200.0
G1 Z0.0000 F2500.0
G4 P0.02
G0 X52.4061 Y-181.5838 F15000.0
G1 Z11.9000 F2500.0
G4 P0.02
G1 X52.4724 Y-181.7165 F2200.0
G1 X52.3619 Y-181.4290
G1 X52.4061 Y-180.8540
G1 X52.7378 Y-180.5445
G1 Z0.0000 F2500.0
G4 P0.02
G0 X52.8926 Y-180.6108 F15000.0
G1 Z11.9000 F2500.0
G4 P0.02
G1 X53.6887 Y-181.8491 F2200.0
G1 Z0.0000 F2500.0
G4 P0.02
G0 X53.8877 Y-182.1587 F15000.0
G1 Z11.9000 F2500.0
G4 P0.02
G1 X54.1088 Y-182.5568 F2200.0
G1 Z0.0000 F2500.0
G4 P0.02
G0 X54.2857 Y-182.6452 F15000.0
G1 Z11.9000 F2500.0
G4 P0.02
G1 X54.5953 Y-182.3578 F2200.0
G1 X54.5732 Y-181.4511
G1 X54.4405 Y-181.2300
G1 Z0.0000 F2500.0
G4 P0.02
G0 X54.1973 Y-180.9646 F15000.0
G1 Z11.9000 F2500.0
G4 P0.02
G1 X53.7550 Y-180.6329 F2200.0
G1 X52.8263 Y-180.5445
G1 X52.6936 Y-180.4560
G1 X52.1186 Y-179.5715
G1 Z0.0000 F2500.0
G4 P0.02
G0 X54.8828 Y-179.5272 F15000.0
G1 Z11.9000 F2500.0
G4 P0.02
G1 X56.2759 Y-179.7484 F2200.0
G1 X56.4307 Y-179.8811
G1 Z0.0000 F2500.0
G4 P0.02
G0 X47.1884 Y-177.1281 F15000.0
G1 Z11.9000 F2500.0
G4 P0.02
G1 X46.3127 Y-177.1281 F2200.0
G1 Z0.0000 F2500.0
G4 P0.02
G0 X45.9832 Y-176.5515 F15000.0
G1 Z11.9000 F2500.0
G4 P0.02
G1 X46.8589 Y-176.5515 F2200.0
G1 Z0.0000 F2500.0
G4 P0.02
G0 X66.1663 Y-177.1281 F15000.0
G1 Z11.9000 F2500.0
G4 P0.02
G1 X67.0420 Y-177.1281 F2200.0
G1 Z0.0000 F2500.0
G4 P0.02
G0 X67.3303 Y-176.5515 F15000.0
G1 Z11.9000 F2500.0
G4 P0.02
G1 X66.4546 Y-176.5515 F2200.0
G1 Z0.0000 F2500.0
G4 P0.02
G0 X56.5950 Y-154.3089 F15000.0
G1 Z11.9000 F2500.0
G4 P0.02
G1 X56.5950 Y-147.4714 F2200.0
G1 Z0.0000 F2500.0
G4 P0.02
G0 X56.5950 Y-146.0709 F15000.0
G1 Z11.9000 F2500.0
G4 P0.02
G1 X56.5950 Y-144.5881 F2200.0
G1 Z0.0000 F2500.0
G4 P0.02
G0 X56.5950 Y-143.1053 F15000.0
G1 Z11.9000 F2500.0
G4 P0.02
G1 X56.5950 Y-139.7277 F2200.0
G1 X53.2174 Y-139.7277 F2200.0
G1 Z0.0000 F2500.0
G4 P0.02
G0 X54.7002 Y-139.7277 F15000.0
G1 Z11.9000 F2500.0
G4 P0.02
G1 X67.7163 Y-139.7277 F2200.0
G1 Z0.0000 F2500.0
G4 P0.02
G0 X66.3158 Y-140.3867 F15000.0
G1 Z11.9000 F2500.0
G4 P0.02
G1 X66.3158 Y-138.6568 F2200.0
G1 X65.9039 Y-136.8444 F2200.0
G1 X65.2449 Y-135.1968 F2200.0
G1 X64.2563 Y-133.7140 F2200.0
G1 X63.1030 Y-132.3959 F2200.0
G1 X50.1693 Y-132.3959 F2200.0
G1 X49.9222 Y-132.6430 F2200.0
G1 X48.7689 Y-134.0435 F2200.0
G1 X47.8627 Y-135.6087 F2200.0
G1 X47.2037 Y-137.2563 F2200.0
G1 X46.9565 Y-138.9863 F2200.0
G1 X46.9565 Y-140.7986 F2200.0
G1 X47.2861 Y-142.5286 F2200.0
G1 X48.0275 Y-144.1762 F2200.0
G1 X48.9337 Y-145.7414 F2200.0
G1 X50.1693 Y-146.9771 F2200.0
G1 X63.1030 Y-146.9771 F2200.0
G1 X63.3501 Y-146.7300 F2200.0
G1 X64.5034 Y-145.4119 F2200.0
G1 X65.4096 Y-143.8467 F2200.0
G1 X66.0687 Y-142.1991 F2200.0
G1 X66.3158 Y-140.3867 F2200.0
G1 Z0.0000 F2500.0
G4 P0.02
G0 X64.4211 Y-139.7277 F15000.0
G1 Z11.9000 F2500.0
G4 P0.02
G1 X71.2586 Y-139.7277 F2200.0
G1 Z0.0000 F2500.0
G4 P0.02
G0 X72.2471 Y-139.7277 F15000.0
G1 Z11.9000 F2500.0
G4 P0.02
G1 X85.2632 Y-139.7277 F2200.0
G1 Z0.0000 F2500.0
G4 P0.02
G0 X86.7460 Y-139.7277 F15000.0
G1 Z11.9000 F2500.0
G4 P0.02
G1 X88.3112 Y-139.7277 F2200.0
G1 Z0.0000 F2500.0
G4 P0.02
G0 X89.7117 Y-139.7277 F15000.0
G1 Z11.9000 F2500.0
G4 P0.02
G1 X102.8101 Y-139.7277 F2200.0
G1 Z0.0000 F2500.0
G4 P0.02
G0 X104.2929 Y-139.7277 F15000.0
G1 Z11.9000 F2500.0
G4 P0.02
G1 X105.7757 Y-139.7277 F2200.0
G1 Z0.0000 F2500.0
G4 P0.02
G0 X107.2586 Y-139.7277 F15000.0
G1 Z11.9000 F2500.0
G4 P0.02
G1 X120.3570 Y-139.7277 F2200.0
G1 Z0.0000 F2500.0
G4 P0.02
G0 X121.8398 Y-139.7277 F15000.0
G1 Z11.9000 F2500.0
G4 P0.02
G1 X123.3227 Y-139.7277 F2200.0
G1 Z0.0000 F2500.0
G4 P0.02
G0 X124.8055 Y-139.7277 F15000.0
G1 Z11.9000 F2500.0
G4 P0.02
G1 X137.9039 Y-139.7277 F2200.0
G1 Z0.0000 F2500.0
G4 P0.02
G0 X138.8902 Y-139.3706 F15000.0
G1 Z11.9000 F2500.0
G4 P0.02
G1 X138.7133 Y-139.1716 F2200.0
G1 X138.7796 Y-138.0217
G1 Z0.0000 F2500.0
G4 P0.02
G0 X139.0671 Y-139.4370 F15000.0
G1 Z11.9000 F2500.0
G4 P0.02
G1 X139.4430 Y-139.3706 F2200.0
G1 Z0.0000 F2500.0
G4 P0.02
G0 X139.7305 Y-139.2601 F15000.0
G1 Z11.9000 F2500.0
G4 P0.02
G1 X140.1728 Y-139.1053 F2200.0
G1 X140.7035 Y-138.5967
G1 X140.8583 Y-137.9554
G1 Z0.0000 F2500.0
G4 P0.02
G0 X140.7919 Y-138.6188 F15000.0
G1 Z11.9000 F2500.0
G4 P0.02
G1 X141.1236 Y-138.8399 F2200.0
G1 X141.6544 Y-138.7736
G1 X142.5831 Y-138.3976
G1 X142.9369 Y-138.0217
G1 X143.2908 Y-136.3632
G1 Z0.0000 F2500.0
G4 P0.02
G0 X145.1533 Y-137.2563 F15000.0
G1 Z11.9000 F2500.0
G4 P0.02
G1 X145.8123 Y-132.3959 F2200.0
G1 X146.4714 Y-137.2563 F2200.0
G1 X145.8123 Y-136.7620 F2200.0
G1 X145.1533 Y-137.2563 F2200.0
G1 Z0.0000 F2500.0
G4 P0.02
G0 X145.5240 Y-135.5935 F15000.0
G1 Z11.9000 F2500.0
G4 P0.02
G1 X145.5240 Y-134.7178 F2200.0
G1 Z0.0000 F2500.0
G4 P0.02
G0 X146.1419 Y-134.4294 F15000.0
G1 Z11.9000 F2500.0
G4 P0.02
G1 X146.1419 Y-135.3051 F2200.0
G1 Z0.0000 F2500.0
G4 P0.02
G0 X145.8123 Y-132.3959 F15000.0
G1 Z11.9000 F2500.0
G4 P0.02
G1 X145.8123 Y-146.9771 F12000.0
G1 X146.4714 Y-142.1167 F2200.0
G1 X145.8123 Y-142.6110 F2200.0
G1 X145.1533 Y-142.1167 F2200.0
G1 X145.8123 Y-146.9771 F2200.0
G1 Z0.0000 F2500.0
G4 P0.02
G0 X147.7071 Y-146.9771 F15000.0
G1 Z11.9000 F2500.0
G4 P0.02
G1 X133.0435 Y-146.9771 F12000.0
G1 X133.7025 Y-146.8124 F2200.0
G1 X134.1968 Y-146.4005 F2200.0
G1 X134.4439 Y-145.7414 F2200.0
G1 Z0.0000 F2500.0
G4 P0.02
G0 X134.4439 Y-145.5767 F15000.0
G1 Z11.9000 F2500.0
G4 P0.02
G1 X134.4439 Y-133.8787 F2200.0
G1 X134.2792 Y-133.2197 F2200.0
G1 X133.8673 Y-132.7254 F2200.0
G1 X133.2082 Y-132.3959 F2200.0
G1 Z0.0000 F2500.0
G4 P0.02
G0 X133.0435 Y-132.3959 F15000.0
G1 Z11.9000 F2500.0
G4 P0.02
G1 X66.9748 Y-132.3959 F12000.0
G1 Z0.0000 F2500.0
G4 P0.02
G0 X66.8101 Y-132.2311 F15000.0
G1 Z11.9000 F2500.0
G4 P0.02
G1 X65.4920 Y-130.6659 F2200.0
G1 X63.9268 Y-129.4302 F2200.0
G1 X62.1968 Y-128.3593 F2200.0
G1 X60.3021 Y-127.6179 F2200.0
G1 X58.2426 Y-127.2060 F2200.0
G1 X56.2655 Y-127.0412 F2200.0
G1 X54.2060 Y-127.2883 F2200.0
G1 X52.2288 Y-127.8650 F2200.0
G1 X50.4165 Y-128.6888 F2200.0
G1 X48.6865 Y-129.8421 F2200.0
G1 X47.2037 Y-131.2426 F2200.0
G1 X45.9680 Y-132.8902 F2200.0
G1 X45.0618 Y-134.7025 F2200.0
G1 X44.4028 Y-136.5973 F2200.0
G1 X43.9909 Y-138.5744 F2200.0
G1 X43.9909 Y-140.6339 F2200.0
G1 X44.3204 Y-142.6934 F2200.0
G1 X44.9794 Y-144.5881 F2200.0
G1 X45.8856 Y-146.4005 F2200.0
G1 X47.1213 Y-148.0481 F2200.0
G1 X48.6041 Y-149.4485 F2200.0
G1 X50.2517 Y-150.6842 F2200.0
G1 X52.0641 Y-151.5080 F2200.0
G1 X54.0412 Y-152.0847 F2200.0
G1 X56.1007 Y-152.3318 F2200.0
G1 X58.0778 Y-152.2494 F2200.0
G1 X60.1373 Y-151.8375 F2200.0
G1 X62.0320 Y-151.1785 F2200.0
G1 X63.7620 Y-150.1076 F2200.0
G1 X65.4096 Y-148.8719 F2200.0
G1 X66.7277 Y-147.3066 F2200.0
G1 X67.7986 Y-145.5767 F2200.0
G1 X68.6224 Y-143.7643 F2200.0
G1 X69.1167 Y-141.7872 F2200.0
G1 X69.2815 Y-139.7277 F2200.0
G1 X69.1167 Y-137.8330 F2200.0
G1 X68.7048 Y-135.8558 F2200.0
G1 X67.8810 Y-133.9611 F2200.0
G1 X66.8101 Y-132.2311 F2200.0
G1 Z0.0000 F2500.0
G4 P0.02
G0 X56.5950 Y-139.7277 F15000.0
G1 Z11.9000 F2500.0
G4 P0.02
G1 X56.5950 Y-112.0481 F12000.0
G1 Z0.0000 F2500.0
G4 P0.02
G0 X56.5950 Y-114.0252 F15000.0
G1 Z11.9000 F2500.0
G4 P0.02
G1 X61.4554 Y-114.6842 F2200.0
G1 X61.0435 Y-114.0252 F2200.0
G1 X61.4554 Y-113.3661 F2200.0
G1 X56.5950 Y-114.0252 F2200.0
G1 X134.4439 Y-114.0252 F12000.0
G1 X129.5835 Y-113.3661 F2200.0
G1 X130.0778 Y-114.0252 F2200.0
G1 X129.5835 Y-114.6842 F2200.0
G1 X134.4439 Y-114.0252 F2200.0
G1 Z0.0000 F2500.0
G4 P0.02
G0 X132.4928 Y-113.7368 F15000.0
G1 Z11.9000 F2500.0
G4 P0.02
G1 X131.6171 Y-113.7368 F2200.0
G1 Z0.0000 F2500.0
G4 P0.02
G0 X131.3287 Y-114.3547 F15000.0
G1 Z11.9000 F2500.0
G4 P0.02
G1 X132.2044 Y-114.3547 F2200.0
G1 Z0.0000 F2500.0
G4 P0.02
G0 X134.4439 Y-112.0481 F15000.0
G1 Z11.9000 F2500.0
G4 P0.02
G1 X134.4439 Y-139.7277 F12000.0
G1 Z0.0000 F2500.0
G4 P0.02
G0 X138.7133 Y-142.2675 F15000.0
G1 Z11.9000 F2500.0
G4 P0.02
G1 X138.6691 Y-142.1348 F2200.0
G1 X138.7796 Y-141.0955
G1 X139.1113 Y-140.6753
G1 X141.2121 Y-139.8129
G1 Z0.0000 F2500.0
G4 P0.02
G0 X141.5659 Y-139.6802 F15000.0
G1 Z11.9000 F2500.0
G4 P0.02
G1 X142.0524 Y-139.5033 F2200.0
G1 X142.8264 Y-139.4149
G1 Z0.0000 F2500.0
G4 P0.02
G0 X143.0917 Y-139.6581 F15000.0
G1 Z11.9000 F2500.0
G4 P0.02
G1 X143.1139 Y-140.5648 F2200.0
G1 X142.8927 Y-141.0291
G1 Z0.0000 F2500.0
G4 P0.02
G0 X142.6274 Y-141.3166 F15000.0
G1 Z11.9000 F2500.0
G4 P0.02
G1 X140.3939 Y-142.1790 F2200.0
G1 Z0.0000 F2500.0
G4 P0.02
G0 X139.9737 Y-142.3338 F15000.0
G1 Z11.9000 F2500.0
G4 P0.02
G1 X138.8902 Y-142.4665 F2200.0
G1 Z0.0000 F2500.0
G4 P0.02
G0 X133.0435 Y-145.5767 F15000.0
G1 Z11.9000 F2500.0
G4 P0.02
G1 X133.7849 Y-146.8124 F2200.0
G1 X138.8101 Y-154.7208 F2200.0
G1 X150.2609 Y-154.7208 F2200.0
G1 Z0.0000 F2500.0
G4 P0.02
G0 X146.1567 Y-157.9680 F15000.0
G1 Z11.9000 F2500.0
G4 P0.02
G1 X146.5769 Y-159.0294 F2200.0
G1 X146.5548 Y-159.4275
G1 X146.3336 Y-159.8034
G1 X145.7587 Y-159.7149
G1 Z0.0000 F2500.0
G4 P0.02
G0 X146.3779 Y-159.8697 F15000.0
G1 Z11.9000 F2500.0
G4 P0.02
G1 X146.8201 Y-160.3341 F2200.0
G1 X147.1297 Y-161.6167
G1 X146.9970 Y-161.7494
G1 X145.9577 Y-161.8599
G1 Z0.0000 F2500.0
G4 P0.02
G0 X144.6751 Y-161.6388 F15000.0
G1 Z11.9000 F2500.0
G4 P0.02
G1 X144.6751 Y-161.0196 F2200.0
G1 X144.2108 Y-159.9140
G1 X143.5473 Y-159.5159
G1 X142.9945 Y-159.4496
G1 Z0.0000 F2500.0
G4 P0.02
G0 X142.1542 Y-159.4496 F15000.0
G1 Z11.9000 F2500.0
G4 P0.02
G1 X142.9503 Y-159.4496 F2200.0
G1 X143.3262 Y-157.4815
G1 Z0.0000 F2500.0
G4 P0.02
G0 X144.3655 Y-157.3709 F15000.0
G1 Z11.9000 F2500.0
G4 P0.02
G1 X145.6481 Y-157.5257 F2200.0
G1 X145.9135 Y-157.7247
G1 Z0.0000 F2500.0
G4 P0.02
G0 X145.7587 Y-157.5921 F15000.0
G1 Z11.9000 F2500.0
G4 P0.02
G1 X145.6924 Y-157.5478 F2200.0
G1 Z0.0000 F2500.0
G4 P0.02
G0 X146.2673 Y-158.2555 F15000.0
G1 Z11.9000 F2500.0
G4 P0.02
G1 X146.2894 Y-158.3218 F2200.0
G1 Z0.0000 F2500.0
G4 P0.02
G0 X144.4098 Y-160.2678 F15000.0
G1 Z11.9000 F2500.0
G4 P0.02
G1 X144.4540 Y-160.3562 F2200.0
G1 Z0.0000 F2500.0
G4 P0.02
G0 X144.5646 Y-161.7494 F15000.0
G1 Z11.9000 F2500.0
G4 P0.02
G1 X142.0657 Y-159.3832 F2200.0
G1 X141.4245 Y-157.6805
G1 Z0.0000 F2500.0
G4 P0.02
G0 X141.3139 Y-157.3930 F15000.0
G1 Z11.9000 F2500.0
G4 P0.02
G1 X141.2697 Y-157.3267 F2200.0
G1 Z0.0000 F2500.0
G4 P0.02
G0 X136.9153 Y-150.6018 F15000.0
G1 Z11.9000 F2500.0
G4 P0.02
G1 X133.7849 Y-146.8124 F2200.0
G1 X135.8444 Y-151.2609 F2200.0
G1 X136.0915 Y-150.5194 F2200.0
G1 X136.9153 Y-150.6018 F2200.0
G1 Z0.0000 F2500.0
G4 P0.02
G0 X135.0206 Y-149.5980 F15000.0
G1 Z11.9000 F2500.0
G4 P0.02
G1 X135.0206 Y-148.7223 F2200.0
G1 Z0.0000 F2500.0
G4 P0.02
G0 X135.1331 Y-149.1712 F15000.0
G1 Z11.9000 F2500.0
G4 P0.02
G1 X135.8142 Y-148.4901 F2200.0
G1 Z0.0000 F2500.0
G4 P0.02
G0 X133.0435 Y-146.9771 F15000.0
G1 Z11.9000 F2500.0
G4 P0.02
G1 X66.9748 Y-146.9771 F12000.0
G1 Z0.0000 F2500.0
G4 P0.02
G0 X50.1693 Y-146.9771 F15000.0
G1 Z11.9000 F2500.0
G4 P0.02
G1 X36.6591 Y-146.9771 F2200.0
G1 Z0.0000 F2500.0
G4 P0.02
G0 X38.6362 Y-146.9771 F15000.0
G1 Z11.9000 F2500.0
G4 P0.02
G1 X39.2952 Y-142.1167 F2200.0
G1 X38.6362 Y-142.6110 F2200.0
G1 X37.9771 Y-142.1167 F2200.0
G1 X38.6362 Y-146.9771 F2200.0
G1 X38.6362 Y-132.3959 F12000.0
G1 X37.9771 Y-137.2563 F2200.0
G1 X38.6362 Y-136.7620 F2200.0
G1 X39.2952 Y-137.2563 F2200.0
G1 X38.6362 Y-132.3959 F2200.0
G1 Z0.0000 F2500.0
G4 P0.02
G0 X36.6591 Y-132.3959 F15000.0
G1 Z11.9000 F2500.0
G4 P0.02
G1 X50.1693 Y-132.3959 F2200.0
G1 Z0.0000 F2500.0
G4 P0.02
G0 X50.3341 Y-139.7277 F15000.0
G1 Z11.9000 F2500.0
G4 P0.02
G1 X51.7346 Y-139.7277 F2200.0
G1 Z0.0000 F2500.0
G4 P0.02
G0 X48.8513 Y-139.7277 F15000.0
G1 Z11.9000 F2500.0
G4 P0.02
G1 X42.0137 Y-139.7277 F2200.0
G1 Z0.0000 F2500.0
G4 P0.02
G0 X38.9657 Y-144.1503 F15000.0
G1 Z11.9000 F2500.0
G4 P0.02
G1 X38.9657 Y-145.0259 F2200.0
G1 Z0.0000 F2500.0
G4 P0.02
G0 X38.3478 Y-144.7376 F15000.0
G1 Z11.9000 F2500.0
G4 P0.02
G1 X38.3478 Y-143.8619 F2200.0
G1 Z0.0000 F2500.0
G4 P0.02
G0 X35.4544 Y-141.3166 F15000.0
G1 Z11.9000 F2500.0
G4 P0.02
G1 X33.2210 Y-142.1790 F2200.0
G1 Z0.0000 F2500.0
G4 P0.02
G0 X32.8008 Y-142.3338 F15000.0
G1 Z11.9000 F2500.0
G4 P0.02
G1 X31.7172 Y-142.4665 F2200.0
G1 Z0.0000 F2500.0
G4 P0.02
G0 X31.5403 Y-142.2675 F15000.0
G1 Z11.9000 F2500.0
G4 P0.02
G1 X31.4961 Y-142.1348 F2200.0
G1 X31.6067 Y-141.0955
G1 X31.9384 Y-140.6753
G1 X34.0392 Y-139.8129
G1 Z0.0000 F2500.0
G4 P0.02
G0 X34.3930 Y-139.6802 F15000.0
G1 Z11.9000 F2500.0
G4 P0.02
G1 X34.8795 Y-139.5033 F2200.0
G1 X35.6534 Y-139.4149
G1 Z0.0000 F2500.0
G4 P0.02
G0 X35.9188 Y-139.6581 F15000.0
G1 Z11.9000 F2500.0
G4 P0.02
G1 X35.9409 Y-140.5648 F2200.0
G1 X35.7198 Y-141.0291
G1 Z0.0000 F2500.0
G4 P0.02
G0 X33.6190 Y-138.6188 F15000.0
G1 Z11.9000 F2500.0
G4 P0.02
G1 X33.9507 Y-138.8399 F2200.0
G1 X34.4814 Y-138.7736
G1 X35.4102 Y-138.3976
G1 X35.7640 Y-138.0217
G1 X36.1178 Y-136.3632
G1 Z0.0000 F2500.0
G4 P0.02
G0 X38.3478 Y-135.5935 F15000.0
G1 Z11.9000 F2500.0
G4 P0.02
G1 X38.3478 Y-134.7178 F2200.0
G1 Z0.0000 F2500.0
G4 P0.02
G0 X38.9657 Y-134.4294 F15000.0
G1 Z11.9000 F2500.0
G4 P0.02
G1 X38.9657 Y-135.3051 F2200.0
G1 Z0.0000 F2500.0
G4 P0.02
G0 X33.6853 Y-137.9554 F15000.0
G1 Z11.9000 F2500.0
G4 P0.02
G1 X33.5305 Y-138.5967 F2200.0
G1 X32.9998 Y-139.1053
G1 X32.5576 Y-139.2601
G1 Z0.0000 F2500.0
G4 P0.02
G0 X32.2701 Y-139.3706 F15000.0
G1 Z11.9000 F2500.0
G4 P0.02
G1 X31.8942 Y-139.4370 F2200.0
G1 Z0.0000 F2500.0
G4 P0.02
G0 X31.7172 Y-139.3706 F15000.0
G1 Z11.9000 F2500.0
G4 P0.02
G1 X31.5403 Y-139.1716 F2200.0
G1 X31.6067 Y-138.0217
G1 Z0.0000 F2500.0
G4 P0.02
G0 X58.9169 Y-114.3547 F15000.0
G1 Z11.9000 F2500.0
G4 P0.02
G1 X59.7925 Y-114.3547 F2200.0
G1 Z0.0000 F2500.0
G4 P0.02
G0 X59.4630 Y-113.7368 F15000.0
G1 Z11.9000 F2500.0
G4 P0.02
G1 X58.5873 Y-113.7368 F2200.0
G1 Z0.0000 F2500.0
G4 P0.02
G0 X92.1959 Y-116.7556 F15000.0
G1 Z11.9000 F2500.0
G4 P0.02
G1 X93.6112 Y-120.8245 F2200.0
G1 X93.9208 Y-121.3331
G1 Z0.0000 F2500.0
G4 P0.02
G0 X93.5891 Y-120.8466 F15000.0
G1 Z11.9000 F2500.0
G4 P0.02
G1 X93.3016 Y-120.7803 F2200.0
G1 X93.0141 Y-120.5813
G1 Z0.0000 F2500.0
G4 P0.02
G0 X92.7045 Y-120.3823 F15000.0
G1 Z11.9000 F2500.0
G4 P0.02
G1 X92.2844 Y-120.0284 F2200.0
G1 Z0.0000 F2500.0
G4 P0.02
G0 X94.0534 Y-119.1218 F15000.0
G1 Z11.9000 F2500.0
G4 P0.02
G1 X95.5793 Y-118.9449 F2200.0
G1 Z0.0000 F2500.0
G4 P0.02
G0 X95.6677 Y-118.8564 F15000.0
G1 Z11.9000 F2500.0
G4 P0.02
G1 X95.6456 Y-118.1930 F2200.0
G1 X95.3139 Y-117.2864
G1 X94.7390 Y-116.7778
G1 X93.6112 Y-116.7335
G1 Z0.0000 F2500.0
G4 P0.02
G0 X93.4343 Y-116.9104 F15000.0
G1 Z11.9000 F2500.0
G4 P0.02
G1 X93.3458 Y-117.0652 F2200.0
G1 X93.4343 Y-117.6844
G1 X94.2082 Y-119.6304
G1 X94.5842 Y-120.0948
G1 X94.4957 Y-119.9842
G1 Z0.0000 F2500.0
G4 P0.02
G0 X94.8716 Y-120.4044 F15000.0
G1 Z11.9000 F2500.0
G4 P0.02
G1 X96.0437 Y-121.1341 F2200.0
G1 Z0.0000 F2500.0
G4 P0.02
G0 X97.4810 Y-120.5813 F15000.0
G1 Z11.9000 F2500.0
G4 P0.02
G1 X97.4589 Y-120.5149 F2200.0
G1 Z0.0000 F2500.0
G4 P0.02
G0 X99.2059 Y-121.1120 F15000.0
G1 Z11.9000 F2500.0
G4 P0.02
G1 X99.0732 Y-121.1562 F2200.0
G1 X97.9896 Y-121.0235
G1 X97.5474 Y-120.6697
G1 X96.7071 Y-118.5911
G1 Z0.0000 F2500.0
G4 P0.02
G0 X96.5744 Y-118.2372 F15000.0
G1 Z11.9000 F2500.0
G4 P0.02
G1 X96.3090 Y-117.4633 F2200.0
G1 X96.3532 Y-116.9547
G1 X96.6628 Y-116.7114
G1 X97.9454 Y-116.9326
G1 Z0.0000 F2500.0
G4 P0.02
G0 X98.2992 Y-117.3085 F15000.0
G1 Z11.9000 F2500.0
G4 P0.02
G1 X98.9184 Y-118.9228 F2200.0
G1 Z0.0000 F2500.0
G4 P0.02
G0 X99.0953 Y-119.4093 F15000.0
G1 Z11.9000 F2500.0
G4 P0.02
G1 X99.3828 Y-120.9351 F2200.0
G1 Z0.0000 F2500.0
G4 P0.02
G0 X133.0435 Y-132.3959 F15000.0
G1 Z11.9000 F2500.0
G4 P0.02
G1 X147.7071 Y-132.3959 F12000.0
G1 Z0.0000 F2500.0
G4 P0.02
G0 X145.5240 Y-143.8619 F15000.0
G1 Z11.9000 F2500.0
G4 P0.02
G1 X145.5240 Y-144.7376 F2200.0
G1 Z0.0000 F2500.0
G4 P0.02
G0 X146.1419 Y-145.0259 F15000.0
G1 Z11.9000 F2500.0
G4 P0.02
G1 X146.1419 Y-144.1503 F2200.0
G1 Z0.0000 F2500.0
G4 P0.02
G0 X144.1648 Y-178.2815 F15000.0
G1 Z11.9000 F2500.0
G4 P0.02
G1 X144.1648 Y-192.0389 F2200.0
G1 X143.5057 Y-187.0961 F2200.0
G1 X144.1648 Y-187.5904 F2200.0
G1 X144.8238 Y-187.0961 F2200.0
G1 X144.1648 Y-192.0389 F2200.0
G1 X144.1648 Y-196.8993 F2200.0
G1 X144.8238 Y-201.7597 F2200.0
G1 X144.1648 Y-201.2654 F2200.0
G1 X143.5057 Y-201.7597 F2200.0
G1 X144.1648 Y-196.8993 F2200.0
G1 X144.1648 Y-203.6545 F2200.0
G1 Z0.0000 F2500.0
G4 P0.02
G0 X143.8764 Y-200.0969 F15000.0
G1 Z11.9000 F2500.0
G4 P0.02
G1 X143.8764 Y-199.2212 F2200.0
G1 Z0.0000 F2500.0
G4 P0.02
G0 X144.4943 Y-198.9329 F15000.0
G1 Z11.9000 F2500.0
G4 P0.02
G1 X144.4943 Y-199.8085 F2200.0
G1 Z0.0000 F2500.0
G4 P0.02
G0 X146.1419 Y-196.8993 F15000.0
G1 Z11.9000 F2500.0
G4 P0.02
G1 X131.9725 Y-196.8993 F12000.0
G1 Z0.0000 F2500.0
G4 P0.02
G0 X133.5378 Y-196.7345 F15000.0
G1 Z11.9000 F2500.0
G4 P0.02
G1 X138.8101 Y-209.5858 F2200.0
G1 X150.2609 Y-209.5858 F2200.0
G1 Z0.0000 F2500.0
G4 P0.02
G0 X146.1754 Y-212.7967 F15000.0
G1 Z11.9000 F2500.0
G4 P0.02
G1 X146.5956 Y-213.8581 F2200.0
G1 X146.5734 Y-214.2562
G1 X146.3523 Y-214.6321
G1 X145.7774 Y-214.5436
G1 Z0.0000 F2500.0
G4 P0.02
G0 X146.3965 Y-214.6984 F15000.0
G1 Z11.9000 F2500.0
G4 P0.02
G1 X146.8388 Y-215.1628 F2200.0
G1 X147.1484 Y-216.4454
G1 X147.0157 Y-216.5781
G1 X145.9764 Y-216.6886
G1 Z0.0000 F2500.0
G4 P0.02
G0 X144.6938 Y-216.4675 F15000.0
G1 Z11.9000 F2500.0
G4 P0.02
G1 X144.6938 Y-215.8483 F2200.0
G1 X144.4727 Y-215.1849
G1 X144.2294 Y-214.7427
G1 X143.5660 Y-214.3446
G1 X143.0132 Y-214.2783
G1 Z0.0000 F2500.0
G4 P0.02
G0 X142.1729 Y-214.2783 F15000.0
G1 Z11.9000 F2500.0
G4 P0.02
G1 X142.9690 Y-214.2783 F2200.0
G1 X143.3449 Y-212.3102
G1 Z0.0000 F2500.0
G4 P0.02
G0 X144.3842 Y-212.1996 F15000.0
G1 Z11.9000 F2500.0
G4 P0.02
G1 X145.7774 Y-212.4207 F2200.0
G1 X145.9322 Y-212.5534
G1 Z0.0000 F2500.0
G4 P0.02
G0 X146.2860 Y-213.0841 F15000.0
G1 Z11.9000 F2500.0
G4 P0.02
G1 X146.3081 Y-213.1505 F2200.0
G1 Z0.0000 F2500.0
G4 P0.02
G0 X144.5832 Y-216.5781 F15000.0
G1 Z11.9000 F2500.0
G4 P0.02
G1 X142.0844 Y-214.2119 F2200.0
G1 X141.4431 Y-212.5092
G1 Z0.0000 F2500.0
G4 P0.02
G0 X141.3326 Y-212.2217 F15000.0
G1 Z11.9000 F2500.0
G4 P0.02
G1 X141.2883 Y-212.1554 F2200.0
G1 Z0.0000 F2500.0
G4 P0.02
G0 X136.0091 Y-201.0183 F15000.0
G1 Z11.9000 F2500.0
G4 P0.02
G1 X133.5378 Y-196.7345 F2200.0
G1 X134.7734 Y-201.5126 F2200.0
G1 X135.1853 Y-200.7712 F2200.0
G1 X136.0091 Y-201.0183 F2200.0
G1 Z0.0000 F2500.0
G4 P0.02
G0 X134.8558 Y-199.4378 F15000.0
G1 Z11.9000 F2500.0
G4 P0.02
G1 X134.8558 Y-198.5621 F2200.0
G1 Z0.0000 F2500.0
G4 P0.02
G0 X134.4439 Y-198.8505 F15000.0
G1 Z11.9000 F2500.0
G4 P0.02
G1 X134.4439 Y-199.7262 F2200.0
G1 Z0.0000 F2500.0
G4 P0.02
G0 X133.5378 Y-196.7345 F15000.0
G1 Z11.9000 F2500.0
G4 P0.02
G1 X133.0435 Y-195.4165 F2200.0
G1 Z0.0000 F2500.0
G4 P0.02
G0 X131.3135 Y-192.0389 F15000.0
G1 Z11.9000 F2500.0
G4 P0.02
G1 X146.1419 Y-192.0389 F12000.0
G1 Z0.0000 F2500.0
G4 P0.02
G0 X144.4943 Y-190.0465 F15000.0
G1 Z11.9000 F2500.0
G4 P0.02
G1 X144.4943 Y-189.1708 F2200.0
G1 Z0.0000 F2500.0
G4 P0.02
G0 X143.8764 Y-188.8825 F15000.0
G1 Z11.9000 F2500.0
G4 P0.02
G1 X143.8764 Y-189.7582 F2200.0
G1 Z0.0000 F2500.0
G4 P0.02
G0 X140.9991 Y-184.9533 F15000.0
G1 Z11.9000 F2500.0
G4 P0.02
G1 X138.7656 Y-185.8157 F2200.0
G1 Z0.0000 F2500.0
G4 P0.02
G0 X138.3455 Y-185.9705 F15000.0
G1 Z11.9000 F2500.0
G4 P0.02
G1 X137.2619 Y-186.1032 F2200.0
G1 Z0.0000 F2500.0
G4 P0.02
G0 X137.0850 Y-185.9042 F15000.0
G1 Z11.9000 F2500.0
G4 P0.02
G1 X137.0408 Y-185.7715 F2200.0
G1 X137.1513 Y-184.7322
G1 X137.4830 Y-184.3120
G1 X139.5838 Y-183.4496
G1 Z0.0000 F2500.0
G4 P0.02
G0 X139.9376 Y-183.3169 F15000.0
G1 Z11.9000 F2500.0
G4 P0.02
G1 X140.4241 Y-183.1400 F2200.0
G1 X141.1981 Y-183.0516
G1 Z0.0000 F2500.0
G4 P0.02
G0 X141.4635 Y-183.2948 F15000.0
G1 Z11.9000 F2500.0
G4 P0.02
G1 X141.4856 Y-184.2015 F2200.0
G1 X141.2644 Y-184.6658
G1 Z0.0000 F2500.0
G4 P0.02
G0 X140.1809 Y-182.3439 F15000.0
G1 Z11.9000 F2500.0
G4 P0.02
G1 X141.4192 Y-181.8796 F2200.0
G1 Z0.0000 F2500.0
G4 P0.02
G0 X139.5838 Y-182.5651 F15000.0
G1 Z11.9000 F2500.0
G4 P0.02
G1 X137.3504 Y-183.3169 F2200.0
G1 Z0.0000 F2500.0
G4 P0.02
G0 X137.0850 Y-183.5159 F15000.0
G1 Z11.9000 F2500.0
G4 P0.02
G1 X137.3061 Y-183.3390 F2200.0
G1 X137.4167 Y-182.9852
G1 Z0.0000 F2500.0
G4 P0.02
G0 X137.5715 Y-182.7420 F15000.0
G1 Z11.9000 F2500.0
G4 P0.02
G1 X137.7705 Y-182.4545 F2200.0
G1 Z0.0000 F2500.0
G4 P0.02
G0 X137.9695 Y-182.1449 F15000.0
G1 Z11.9000 F2500.0
G4 P0.02
G1 X138.1907 Y-181.9459 F2200.0
G1 Z0.0000 F2500.0
G4 P0.02
G0 X60.6318 Y-212.3338 F15000.0
G1 Z11.9000 F2500.0
G4 P0.02
G1 X59.7915 Y-210.1445 F2200.0
G1 Z0.0000 F2500.0
G4 P0.02
G0 X59.4819 Y-209.8350 F15000.0
G1 Z11.9000 F2500.0
G4 P0.02
G1 X58.9733 Y-209.5917 F2200.0
G1 X58.1109 Y-209.6359
G1 Z0.0000 F2500.0
G4 P0.02
G0 X57.9118 Y-209.8128 F15000.0
G1 Z11.9000 F2500.0
G4 P0.02
G1 X57.8455 Y-209.9234 F2200.0
G1 X57.8455 Y-210.3657
G1 X58.1109 Y-211.1396
G1 Z0.0000 F2500.0
G4 P0.02
G0 X58.2435 Y-211.4935 F15000.0
G1 Z11.9000 F2500.0
G4 P0.02
G1 X59.0839 Y-213.5721 F2200.0
G1 X59.6588 Y-213.9923
G1 X60.8087 Y-213.9480
G1 Z0.0000 F2500.0
G4 P0.02
G0 X60.9193 Y-213.8375 F15000.0
G1 Z11.9000 F2500.0
G4 P0.02
G1 X60.7866 Y-212.7539 F2200.0
G1 Z0.0000 F2500.0
G4 P0.02
G0 X58.9954 Y-213.4173 F15000.0
G1 Z11.9000 F2500.0
G4 P0.02
G1 X59.0175 Y-213.4837 F2200.0
G1 Z0.0000 F2500.0
G4 P0.02
G0 X56.9232 Y-214.0681 F15000.0
G1 Z11.9000 F2500.0
G4 P0.02
G1 X56.5251 Y-213.3826 F2200.0
G1 Z0.0000 F2500.0
G4 P0.02
G0 X56.1713 Y-212.7413 F15000.0
G1 Z11.9000 F2500.0
G4 P0.02
G1 X55.4195 Y-211.4145 F2200.0
G1 Z0.0000 F2500.0
G4 P0.02
G0 X55.1762 Y-210.9722 F15000.0
G1 Z11.9000 F2500.0
G4 P0.02
G1 X56.4146 Y-210.6184 F2200.0
G1 X56.7242 Y-211.5251
G1 Z0.0000 F2500.0
G4 P0.02
G0 X56.4588 Y-210.6184 F15000.0
G1 Z11.9000 F2500.0
G4 P0.02
G1 X56.9011 Y-210.5963 F2200.0
G1 Z0.0000 F2500.0
G4 P0.02
G0 X56.2819 Y-210.5963 F15000.0
G1 Z11.9000 F2500.0
G4 P0.02
G1 X56.0165 Y-209.7560 F2200.0
G1 Z0.0000 F2500.0
G4 P0.02
G0 X52.6995 Y-210.6405 F15000.0
G1 Z11.9000 F2500.0
G4 P0.02
G1 X53.9821 Y-212.6971 F2200.0
G1 X53.2966 Y-212.6749
G1 X52.8322 Y-212.4538
G1 X52.4120 Y-212.0115
G1 X52.1688 Y-211.4808
G1 X52.2130 Y-210.9059
G1 X52.5447 Y-210.5742
G1 Z0.0000 F2500.0
G4 P0.02
G0 X52.1246 Y-209.8887 F15000.0
G1 Z11.9000 F2500.0
G4 P0.02
G1 X52.5005 Y-210.5078 F2200.0
G1 X53.5619 Y-210.6847
G1 X54.2032 Y-211.1933
G1 X54.3359 Y-211.4145
G1 X54.4244 Y-212.3654
G1 X54.0927 Y-212.6971
G1 X54.2032 Y-212.9403
G1 Z0.0000 F2500.0
G4 P0.02
G0 X54.5792 Y-213.4931 F15000.0
G1 Z11.9000 F2500.0
G4 P0.02
G1 X54.7561 Y-213.7364 F2200.0
G1 Z0.0000 F2500.0
G4 P0.02
G0 X52.2130 Y-211.6356 F15000.0
G1 Z11.9000 F2500.0
G4 P0.02
G1 X52.1909 Y-211.5251 F2200.0
G1 Z0.0000 F2500.0
G4 P0.02
G0 X50.0717 Y-207.1968 F15000.0
G1 Z11.9000 F2500.0
G4 P0.02
G1 X49.1960 Y-207.1968 F2200.0
G1 Z0.0000 F2500.0
G4 P0.02
G0 X48.8665 Y-206.5789 F15000.0
G1 Z11.9000 F2500.0
G4 P0.02
G1 X49.7422 Y-206.5789 F2200.0
G1 Z0.0000 F2500.0
G4 P0.02
G0 X68.1282 Y-271.0412 F15000.0
G1 Z11.9000 F2500.0
G4 P0.02
G1 X0.0000 Y-271.0412 F12000.0
G1 Z0.0000 F2500.0
G4 P0.02
G0 X12.7614 Y-274.2138 F15000.0
G1 Z11.9000 F2500.0
G4 P0.02
G1 X14.3093 Y-276.9338 F2200.0
G1 X13.7122 Y-279.1673
G1 Z0.0000 F2500.0
G4 P0.02
G0 X13.6410 Y-279.1832 F15000.0
G1 Z11.9000 F2500.0
G4 P0.02
G1 X15.3217 Y-279.1389 F2200.0
G1 X14.8130 Y-277.9669
G1 Z0.0000 F2500.0
G4 P0.02
G0 X14.8843 Y-277.9510 F15000.0
G1 Z11.9000 F2500.0
G4 P0.02
G1 X13.5575 Y-275.6291 F2200.0
G1 Z0.0000 F2500.0
G4 P0.02
G0 X14.4862 Y-277.2434 F15000.0
G1 Z11.9000 F2500.0
G4 P0.02
G1 X13.5132 Y-279.1230 F2200.0
G1 Z0.0000 F2500.0
G4 P0.02
G0 X13.4420 Y-279.1389 F15000.0
G1 Z11.9000 F2500.0
G4 P0.02
G1 X12.9997 Y-277.7679 F2200.0
G1 X12.5575 Y-279.0726
G1 Z0.0000 F2500.0
G4 P0.02
G0 X12.6287 Y-279.0567 F15000.0
G1 Z11.9000 F2500.0
G4 P0.02
G1 X13.7122 Y-279.1673 F2200.0
G1 X14.1987 Y-280.6489
G1 Z0.0000 F2500.0
G4 P0.02
G0 X17.1689 Y-279.9459 F15000.0
G1 Z11.9000 F2500.0
G4 P0.02
G1 X15.4219 Y-274.8598 F2200.0
G1 X15.5104 Y-274.6608
G1 Z0.0000 F2500.0
G4 P0.02
G0 X15.4083 Y-274.7881 F15000.0
G1 Z11.9000 F2500.0
G4 P0.02
G1 X15.4968 Y-274.5891 F2200.0
G1 X17.2880 Y-274.3901
G1 X18.1062 Y-274.9872
G1 X19.7647 Y-279.2772
G1 X19.8310 Y-279.9848
G1 X19.5878 Y-280.4050
G1 Z0.0000 F2500.0
G4 P0.02
G0 X19.6014 Y-280.4766 F15000.0
G1 Z11.9000 F2500.0
G4 P0.02
G1 X19.8446 Y-280.0565 F2200.0
G1 X19.7783 Y-279.3489
G1 Z0.0000 F2500.0
G4 P0.02
G0 X21.3175 Y-280.4510 F15000.0
G1 Z11.9000 F2500.0
G4 P0.02
G1 X21.4944 Y-280.6279 F2200.0
G1 Z0.0000 F2500.0
G4 P0.02
G0 X22.3813 Y-279.8742 F15000.0
G1 Z11.9000 F2500.0
G4 P0.02
G1 X21.4808 Y-280.5562 F2200.0
G1 X21.3039 Y-280.3793
G1 X18.1725 Y-280.5376
G1 X17.9514 Y-280.4713
G1 X17.1553 Y-279.8742
G1 Z0.0000 F2500.0
G4 P0.02
G0 X17.9650 Y-280.5430 F15000.0
G1 Z11.9000 F2500.0
G4 P0.02
G1 X18.1861 Y-280.6093 F2200.0
G1 Z0.0000 F2500.0
G4 P0.02
G0 X23.1318 Y-280.4143 F15000.0
G1 Z11.9000 F2500.0
G4 P0.02
G1 X23.3529 Y-280.4806 F2200.0
G1 Z0.0000 F2500.0
G4 P0.02
G0 X24.7032 Y-280.4934 F15000.0
G1 Z11.9000 F2500.0
G4 P0.02
G1 X23.3985 Y-280.5376 F2200.0
G1 X23.1773 Y-280.4713
G1 X22.3813 Y-279.8742
G1 X20.6343 Y-274.7881
G1 X20.7227 Y-274.5891
G1 X22.5139 Y-274.3901
G1 Z0.0000 F2500.0
G4 P0.02
G0 X22.4683 Y-274.3331 F15000.0
G1 Z11.9000 F2500.0
G4 P0.02
G1 X23.2865 Y-274.9302 F2200.0
G1 Z0.0000 F2500.0
G4 P0.02
G0 X23.3321 Y-274.9872 F15000.0
G1 Z11.9000 F2500.0
G4 P0.02
G1 X24.9906 Y-279.2772 F2200.0
G1 X25.0570 Y-279.9848
G1 Z0.0000 F2500.0
G4 P0.02
G0 X25.0114 Y-279.9278 F15000.0
G1 Z11.9000 F2500.0
G4 P0.02
G1 X24.7681 Y-280.3480 F2200.0
G1 Z0.0000 F2500.0
G4 P0.02
G0 X27.3391 Y-280.5423 F15000.0
G1 Z11.9000 F2500.0
G4 P0.02
G1 X27.5602 Y-280.6086 F2200.0
G1 X28.8649 Y-280.5644
G1 Z0.0000 F2500.0
G4 P0.02
G0 X28.8479 Y-280.4934 F15000.0
G1 Z11.9000 F2500.0
G4 P0.02
G1 X30.8515 Y-280.5562 F2200.0
G1 X30.6746 Y-280.3793
G1 X31.6363 Y-279.7637
G1 Z0.0000 F2500.0
G4 P0.02
G0 X32.5195 Y-280.3902 F15000.0
G1 Z11.9000 F2500.0
G4 P0.02
G1 X34.3771 Y-280.6113 F2200.0
G1 X35.3990 Y-279.8152
G1 Z0.0000 F2500.0
G4 P0.02
G0 X35.3561 Y-279.8742 F15000.0
G1 Z11.9000 F2500.0
G4 P0.02
G1 X36.1522 Y-280.4713 F2200.0
G1 X36.3733 Y-280.5376
G1 Z0.0000 F2500.0
G4 P0.02
G0 X36.1658 Y-280.5430 F15000.0
G1 Z11.9000 F2500.0
G4 P0.02
G1 X36.3869 Y-280.6093 F2200.0
G1 X39.5183 Y-280.4510
G1 X39.6952 Y-280.6279
G1 Z0.0000 F2500.0
G4 P0.02
G0 X39.5047 Y-280.3793 F15000.0
G1 Z11.9000 F2500.0
G4 P0.02
G1 X39.6816 Y-280.5562 F2200.0
G1 X40.5820 Y-279.8742
G1 X41.3781 Y-280.4713 F2200.0
G1 X41.5993 Y-280.5376
G1 X42.9040 Y-280.4934
G1 Z0.0000 F2500.0
G4 P0.02
G0 X43.0145 Y-280.4050 F15000.0
G1 Z11.9000 F2500.0
G4 P0.02
G1 X43.2578 Y-279.9848 F2200.0
G1 X43.1914 Y-279.2772
G1 Z0.0000 F2500.0
G4 P0.02
G0 X43.1458 Y-279.2202 F15000.0
G1 Z11.9000 F2500.0
G4 P0.02
G1 X41.4873 Y-274.9302 F2200.0
G1 Z0.0000 F2500.0
G4 P0.02
G0 X41.5329 Y-274.9872 F15000.0
G1 Z11.9000 F2500.0
G4 P0.02
G1 X40.7147 Y-274.3901 F2200.0
G1 X38.9235 Y-274.5891
G1 X38.8351 Y-274.7881
G1 Z0.0000 F2500.0
G4 P0.02
G0 X38.8780 Y-274.5321 F15000.0
G1 Z11.9000 F2500.0
G4 P0.02
G1 X38.7895 Y-274.7312 F2200.0
G1 X40.5365 Y-279.8172
G1 Z0.0000 F2500.0
G4 P0.02
G0 X41.3325 Y-280.4143 F15000.0
G1 Z11.9000 F2500.0
G4 P0.02
G1 X41.5537 Y-280.4806 F2200.0
G1 Z0.0000 F2500.0
G4 P0.02
G0 X37.8022 Y-280.4766 F15000.0
G1 Z11.9000 F2500.0
G4 P0.02
G1 X38.0454 Y-280.0565 F2200.0
G1 X37.9791 Y-279.3489
G1 X36.3206 Y-275.0589
G1 Z0.0000 F2500.0
G4 P0.02
G0 X36.3070 Y-274.9872 F15000.0
G1 Z11.9000 F2500.0
G4 P0.02
G1 X35.4888 Y-274.3901 F2200.0
G1 X33.6976 Y-274.5891
G1 X33.6091 Y-274.7881
G1 Z0.0000 F2500.0
G4 P0.02
G0 X33.7112 Y-274.6608 F15000.0
G1 Z11.9000 F2500.0
G4 P0.02
G1 X33.6227 Y-274.8598 F2200.0
G1 X35.3697 Y-279.9459
G1 Z0.0000 F2500.0
G4 P0.02
G0 X37.7886 Y-280.4050 F15000.0
G1 Z11.9000 F2500.0
G4 P0.02
G1 X38.0318 Y-279.9848 F2200.0
G1 X37.9655 Y-279.2772
G1 Z0.0000 F2500.0
G4 P0.02
G0 X32.4766 Y-280.4492 F15000.0
G1 Z11.9000 F2500.0
G4 P0.02
G1 X32.0786 Y-280.2502 F2200.0
G1 X31.6363 Y-279.7637
G1 X31.0835 Y-278.3705
G1 X31.1277 Y-277.5081
G1 X32.0565 Y-277.2206
G1 Z0.0000 F2500.0
G4 P0.02
G0 X32.0994 Y-277.1616 F15000.0
G1 Z11.9000 F2500.0
G4 P0.02
G1 X31.4360 Y-277.1395 F2200.0
G1 X31.3696 Y-277.2500
G1 Z0.0000 F2500.0
G4 P0.02
G0 X31.3931 Y-277.1985 F15000.0
G1 Z11.9000 F2500.0
G4 P0.02
G1 X31.3267 Y-277.3091 F2200.0
G1 X31.1277 Y-276.8226
G1 X31.2604 Y-276.9331
G1 X31.9901 Y-274.3016
G1 X30.5970 Y-274.3459
G1 X30.6633 Y-276.3803
G1 X30.3095 Y-274.5891
G1 X30.1989 Y-274.8545
G1 X30.2432 Y-275.2967
G1 X30.5528 Y-276.2034
G1 Z0.0000 F2500.0
G4 P0.02
G0 X30.5957 Y-276.1444 F15000.0
G1 Z11.9000 F2500.0
G4 P0.02
G1 X30.9274 Y-276.5645 F2200.0
G1 Z0.0000 F2500.0
G4 P0.02
G0 X31.1706 Y-276.7635 F15000.0
G1 Z11.9000 F2500.0
G4 P0.02
G1 X31.3033 Y-276.8741 F2200.0
G1 Z0.0000 F2500.0
G4 P0.02
G0 X30.2861 Y-275.2377 F15000.0
G1 Z11.9000 F2500.0
G4 P0.02
G1 X30.2419 Y-274.7955 F2200.0
G1 X30.3524 Y-274.5301
G1 Z0.0000 F2500.0
G4 P0.02
G0 X27.4939 Y-275.0581 F15000.0
G1 Z11.9000 F2500.0
G4 P0.02
G1 X26.6757 Y-274.4611 F2200.0
G1 X24.8845 Y-274.6601
G1 X24.7960 Y-274.8591
G1 Z0.0000 F2500.0
G4 P0.02
G0 X24.8675 Y-274.5891 F15000.0
G1 Z11.9000 F2500.0
G4 P0.02
G1 X24.7790 Y-274.7881 F2200.0
G1 X26.5260 Y-279.8742
G1 X27.3221 Y-280.4713
G1 X27.5432 Y-280.5376
G1 Z0.0000 F2500.0
G4 P0.02
G0 X28.9585 Y-280.4050 F15000.0
G1 Z11.9000 F2500.0
G4 P0.02
G1 X29.2017 Y-279.9848 F2200.0
G1 X29.1354 Y-279.2772
G1 X27.4769 Y-274.9872
G1 Z0.0000 F2500.0
G4 P0.02
G0 X29.1524 Y-279.3481 F15000.0
G1 Z11.9000 F2500.0
G4 P0.02
G1 X29.2187 Y-280.0558 F2200.0
G1 X28.9755 Y-280.4759
G1 Z0.0000 F2500.0
G4 P0.02
G0 X30.6916 Y-280.4503 F15000.0
G1 Z11.9000 F2500.0
G4 P0.02
G1 X30.8685 Y-280.6272 F2200.0
G1 Z0.0000 F2500.0
G4 P0.02
G0 X20.5887 Y-274.7312 F15000.0
G1 Z11.9000 F2500.0
G4 P0.02
G1 X20.6772 Y-274.5321 F2200.0
G1 Z0.0000 F2500.0
G4 P0.02
G0 X42.9937 Y-274.8598 F15000.0
G1 Z11.9000 F2500.0
G4 P0.02
G1 X43.0821 Y-274.6608 F2200.0
G1 X44.8733 Y-274.4617
G1 Z0.0000 F2500.0
G4 P0.02
G0 X44.8595 Y-274.3901 F15000.0
G1 Z11.9000 F2500.0
G4 P0.02
G1 X45.6777 Y-274.9872 F2200.0
G1 X46.5806 Y-274.1693 F2200.0
G1 X48.8804 Y-280.1399
G1 X49.0794 Y-280.6485 F2200.0
G1 X47.1593 Y-280.4049
G1 X47.4025 Y-279.9848
G1 X47.3362 Y-279.2772
G1 Z0.0000 F2500.0
G4 P0.02
G0 X47.1731 Y-280.4766 F15000.0
G1 Z11.9000 F2500.0
G4 P0.02
G1 X47.4163 Y-280.0564 F2200.0
G1 X47.3500 Y-279.3488
G1 X45.6915 Y-275.0588
G1 Z0.0000 F2500.0
G4 P0.02
G0 X43.0683 Y-274.5891 F15000.0
G1 Z11.9000 F2500.0
G4 P0.02
G1 X42.9798 Y-274.7881 F2200.0
G1 X44.7268 Y-279.8742
G1 X45.5229 Y-280.4713
G1 X45.7440 Y-280.5376
G1 X47.0487 Y-280.4934
G1 Z0.0000 F2500.0
G4 P0.02
G0 X45.7578 Y-280.6093 F15000.0
G1 Z11.9000 F2500.0
G4 P0.02
G1 X45.5367 Y-280.5429 F2200.0
G1 Z0.0000 F2500.0
G4 P0.02
G0 X48.8618 Y-280.2105 F15000.0
G1 Z11.9000 F2500.0
G4 P0.02
G1 X48.0878 Y-277.7338 F2200.0
G1 Z0.0000 F2500.0
G4 P0.02
G0 X48.1064 Y-277.6632 F15000.0
G1 Z11.9000 F2500.0
G4 P0.02
G1 X50.1188 Y-277.5527 F2200.0
G1 X50.4283 Y-277.2431
G1 X50.4505 Y-276.5354
G1 X49.7871 Y-274.6337
G1 X49.5217 Y-274.1914
G1 X51.2910 Y-274.9430
G1 X53.5687 Y-277.0659
G1 Z0.0000 F2500.0
G4 P0.02
G0 X53.9724 Y-277.1232 F15000.0
G1 Z11.9000 F2500.0
G4 P0.02
G1 X53.6186 Y-277.0127 F2200.0
G1 X53.9503 Y-277.1232
G1 X54.0387 Y-277.4328
G1 Z0.0000 F2500.0
G4 P0.02
G0 X55.4484 Y-276.3583 F15000.0
G1 Z11.9000 F2500.0
G4 P0.02
G1 X54.6302 Y-274.2575 F2200.0
G1 X54.6523 Y-274.8325
G1 X54.5196 Y-274.9430
G1 X53.9225 Y-277.1765
G1 X53.5687 Y-277.0659
G1 X53.9004 Y-277.1765
G1 X53.9889 Y-277.4861
G1 X52.9938 Y-280.2945
G1 X53.1707 Y-280.6483
G1 X52.9717 Y-280.2503
G1 X51.1362 Y-274.8767
G1 Z0.0000 F2500.0
G4 P0.02
G0 X51.1861 Y-274.8234 F15000.0
G1 Z11.9000 F2500.0
G4 P0.02
G1 X50.8986 Y-274.3590 F2200.0
G1 X50.7711 Y-274.6610
G1 Z0.0000 F2500.0
G4 P0.02
G0 X50.7213 Y-274.7142 F15000.0
G1 Z11.9000 F2500.0
G4 P0.02
G1 X50.8488 Y-274.4123 F2200.0
G1 Z0.0000 F2500.0
G4 P0.02
G0 X50.4319 Y-276.6060 F15000.0
G1 Z11.9000 F2500.0
G4 P0.02
G1 X50.4098 Y-277.3136 F2200.0
G1 X50.1002 Y-277.6232
G1 Z0.0000 F2500.0
G4 P0.02
G0 X48.8942 Y-280.2116 F15000.0
G1 Z11.9000 F2500.0
G4 P0.02
G1 X49.0932 Y-280.7202 F2200.0
G1 Z0.0000 F2500.0
G4 P0.02
G0 X53.0436 Y-280.2412 F15000.0
G1 Z11.9000 F2500.0
G4 P0.02
G1 X53.2205 Y-280.5950 F2200.0
G1 Z0.0000 F2500.0
G4 P0.02
G0 X56.7752 Y-279.9186 F15000.0
G1 Z11.9000 F2500.0
G4 P0.02
G1 X55.2051 Y-275.6949 F2200.0
G1 Z0.0000 F2500.0
G4 P0.02
G0 X54.5695 Y-274.8898 F15000.0
G1 Z11.9000 F2500.0
G4 P0.02
G1 X54.7021 Y-274.7792 F2200.0
G1 Z0.0000 F2500.0
G4 P0.02
G0 X56.5818 Y-279.2019 F15000.0
G1 Z11.9000 F2500.0
G4 P0.02
G1 X57.1125 Y-280.5950 F2200.0
G1 Z0.0000 F2500.0
G4 P0.02
G0 X68.1282 Y-284.6338 F15000.0
G1 Z11.9000 F2500.0
G4 P0.02
G1 X68.1282 Y-271.0412 F2200.0
G1 Z0.0000 F2500.0
G4 P0.02
G0 X63.2677 Y-58.9131 F15000.0
G1 Z11.9000 F2500.0
G4 P0.02
G1 X63.2677 Y-5.3662 F12000.0
G1 Z0.0000 F2500.0
G4 P0.02
G0 X63.2677 Y-10.2266 F15000.0
G1 Z11.9000 F2500.0
G4 P0.02
G1 X0.0000 Y-10.2266 F12000.0
G1 Z0.0000 F2500.0
G4 P0.02
G0 X0.8278 Y-11.1932 F15000.0
G1 Z11.9000 F2500.0
G4 P0.02
G1 X1.6239 Y-12.9623 F2200.0
G1 Z0.0000 F2500.0
G4 P0.02
G0 X1.6273 Y-12.8894 F15000.0
G1 Z11.9000 F2500.0
G4 P0.02
G1 X2.8657 Y-12.9336 F2200.0
G1 X2.2907 Y-11.1203
G1 Z0.0000 F2500.0
G4 P0.02
G0 X2.2873 Y-11.1932 F15000.0
G1 Z11.9000 F2500.0
G4 P0.02
G1 X1.6681 Y-13.2276 F2200.0
G1 Z0.0000 F2500.0
G4 P0.02
G0 X1.6715 Y-13.1548 F15000.0
G1 Z11.9000 F2500.0
G4 P0.02
G1 X2.1802 Y-14.4152 F2200.0
G1 Z0.0000 F2500.0
G4 P0.02
G0 X2.1767 Y-14.4881 F15000.0
G1 Z11.9000 F2500.0
G4 P0.02
G1 X2.7517 Y-12.5421 F2200.0
G1 Z0.0000 F2500.0
G4 P0.02
G0 X2.7551 Y-12.4692 F15000.0
G1 Z11.9000 F2500.0
G4 P0.02
G1 X3.5954 Y-14.3268 F2200.0
G1 Z0.0000 F2500.0
G4 P0.02
G0 X3.5920 Y-14.3997 F15000.0
G1 Z11.9000 F2500.0
G4 P0.02
G1 X4.4370 Y-13.5210 F2200.0
G1 Z0.0000 F2500.0
G4 P0.02
G0 X4.4405 Y-13.4481 F15000.0
G1 Z11.9000 F2500.0
G4 P0.02
G1 X3.4453 Y-11.1262 F2200.0
G1 Z0.0000 F2500.0
G4 P0.02
G0 X3.4419 Y-11.1991 F15000.0
G1 Z11.9000 F2500.0
G4 P0.02
G1 X4.0611 Y-12.3711 F2200.0
G1 X4.3928 Y-12.4595
G1 X5.4764 Y-13.3441
G1 X4.4149 Y-12.4374
G1 X4.6582 Y-11.3760
G1 X5.4730 Y-11.4107
G1 Z0.0000 F2500.0
G4 P0.02
G0 X6.4681 Y-11.4107 F15000.0
G1 Z11.9000 F2500.0
G4 P0.02
G1 X5.4730 Y-11.4107 F2200.0
G1 X6.0258 Y-13.2019
G1 X6.2470 Y-13.3788
G1 Z0.0000 F2500.0
G4 P0.02
G0 X6.0193 Y-13.1292 F15000.0
G1 Z11.9000 F2500.0
G4 P0.02
G1 X6.2404 Y-13.3061 F2200.0
G1 X7.0365 Y-13.3946
G1 X7.1471 Y-13.2840
G1 X6.5942 Y-11.5149
G1 Z0.0000 F2500.0
G4 P0.02
G0 X6.6008 Y-11.5876 F15000.0
G1 Z11.9000 F2500.0
G4 P0.02
G1 X7.0436 Y-11.2875 F2200.0
G1 X7.0436 Y-11.1991
G1 X7.4859 Y-12.1942
G1 X8.2599 Y-11.1770
G1 X8.5916 Y-12.3932
G1 X7.6849 Y-12.3932
G1 X7.6628 Y-12.6143
G1 X8.0387 Y-13.5210
G1 X9.1886 Y-13.3883
G1 X8.7021 Y-12.4595
G1 Z0.0000 F2500.0
G4 P0.02
G0 X9.1002 Y-13.2335 F15000.0
G1 Z11.9000 F2500.0
G4 P0.02
G1 X9.6860 Y-13.3612 F2200.0
G1 X8.8457 Y-11.1720
G1 X9.7745 Y-13.4497
G1 X11.3666 Y-13.4497
G1 X11.4330 Y-13.0295
G1 X10.7696 Y-11.1720
G1 Z0.0000 F2500.0
G4 P0.02
G0 X10.7630 Y-11.0993 F15000.0
G1 Z11.9000 F2500.0
G4 P0.02
G1 X11.2481 Y-10.9060 F2200.0
G1 Z0.0000 F2500.0
G4 P0.02
G0 X11.4931 Y-11.2097 F15000.0
G1 Z11.9000 F2500.0
G4 P0.02
G1 X12.6209 Y-11.3645 F2200.0
G1 Z0.0000 F2500.0
G4 P0.02
G0 X12.6244 Y-11.4374 F15000.0
G1 Z11.9000 F2500.0
G4 P0.02
G1 X13.0720 Y-11.2284 F2200.0
G1 X13.1383 Y-11.2947
G1 Z0.0000 F2500.0
G4 P0.02
G0 X13.1348 Y-11.2218 F15000.0
G1 Z11.9000 F2500.0
G4 P0.02
G1 X13.0684 Y-11.1555 F2200.0
G1 Z0.0000 F2500.0
G4 P0.02
G0 X12.7315 Y-11.4972 F15000.0
G1 Z11.9000 F2500.0
G4 P0.02
G1 X13.2401 Y-12.9567 F2200.0
G1 X13.1516 Y-13.3989
G1 X12.2007 Y-13.2884
G1 Z0.0000 F2500.0
G4 P0.02
G0 X12.2043 Y-13.3613 F15000.0
G1 Z11.9000 F2500.0
G4 P0.02
G1 X10.9880 Y-10.3096 F2200.0
G1 X11.4966 Y-11.2826
G1 Z0.0000 F2500.0
G4 P0.02
G0 X12.7350 Y-11.5701 F15000.0
G1 Z11.9000 F2500.0
G4 P0.02
G1 X10.6148 Y-13.4275 F2200.0
G1 X9.8187 Y-11.1720
G1 Z0.0000 F2500.0
G4 P0.02
G0 X9.8151 Y-11.0991 F15000.0
G1 Z11.9000 F2500.0
G4 P0.02
G1 X8.9671 Y-11.4246 F2200.0
G1 Z0.0000 F2500.0
G4 P0.02
G0 X7.6784 Y-12.3205 F15000.0
G1 Z11.9000 F2500.0
G4 P0.02
G1 X7.6563 Y-12.5417 F2200.0
G1 Z0.0000 F2500.0
G4 P0.02
G0 X7.1536 Y-13.3567 F15000.0
G1 Z11.9000 F2500.0
G4 P0.02
G1 X7.0430 Y-13.4672 F2200.0
G1 Z0.0000 F2500.0
G4 P0.02
G0 X7.0371 Y-11.2149 F15000.0
G1 Z11.9000 F2500.0
G4 P0.02
G1 X7.0371 Y-11.1264 F2200.0
G1 Z0.0000 F2500.0
G4 P0.02
G0 X7.1501 Y-9.4806 F15000.0
G1 Z11.9000 F2500.0
G4 P0.02
G1 X7.2385 Y-9.0826 F2200.0
G1 X7.1229 Y-8.5042
G1 Z0.0000 F2500.0
G4 P0.02
G0 X7.0968 Y-8.5724 F15000.0
G1 Z11.9000 F2500.0
G4 P0.02
G1 X7.2125 Y-9.1507 F2200.0
G1 X7.1240 Y-9.5488
G1 X6.5933 Y-9.3719
G1 Z0.0000 F2500.0
G4 P0.02
G0 X6.6194 Y-9.3037 F15000.0
G1 Z11.9000 F2500.0
G4 P0.02
G1 X6.3982 Y-8.5076 F2200.0
G1 X6.7520 Y-8.5739
G1 X6.8626 Y-8.7951
G1 X6.5530 Y-9.1489
G1 Z0.0000 F2500.0
G4 P0.02
G0 X6.3722 Y-8.5758 F15000.0
G1 Z11.9000 F2500.0
G4 P0.02
G1 X6.7260 Y-8.6421 F2200.0
G1 X6.8366 Y-8.8633
G1 X6.5270 Y-9.2171
G1 X5.8857 Y-7.4259
G1 Z0.0000 F2500.0
G4 P0.02
G0 X5.9117 Y-7.3577 F15000.0
G1 Z11.9000 F2500.0
G4 P0.02
G1 X6.5972 Y-6.4511 F2200.0
G1 Z0.0000 F2500.0
G4 P0.02
G0 X6.5712 Y-6.5192 F15000.0
G1 Z11.9000 F2500.0
G4 P0.02
G1 X5.7530 Y-6.4529 F2200.0
G1 X5.7751 Y-7.1163
G1 X5.6424 Y-6.5635
G1 X4.8243 Y-6.3202
G1 X5.5319 Y-8.4873
G1 Z0.0000 F2500.0
G4 P0.02
G0 X5.4695 Y-8.5076 F15000.0
G1 Z11.9000 F2500.0
G4 P0.02
G1 X3.7888 Y-8.4634 F2200.0
G1 Z0.0000 F2500.0
G4 P0.02
G0 X3.7628 Y-8.5316 F15000.0
G1 Z11.9000 F2500.0
G4 P0.02
G1 X2.9004 Y-6.3202 F2200.0
G1 X2.4139 Y-6.7846
G1 X1.0650 Y-6.4529 F2200.0
G1 Z0.0000 F2500.0
G4 P0.02
G0 X2.4823 Y-6.7591 F15000.0
G1 Z11.9000 F2500.0
G4 P0.02
G1 X3.6543 Y-9.5012 F2200.0
G1 X2.2390 Y-9.5897
G1 Z0.0000 F2500.0
G4 P0.02
G0 X2.1706 Y-9.6151 F15000.0
G1 Z11.9000 F2500.0
G4 P0.02
G1 X1.6399 Y-8.2220 F2200.0
G1 X1.7726 Y-8.6421
G1 X1.7947 Y-7.9787
G1 X2.7898 Y-7.8903
G1 X2.9004 Y-7.9566
G1 X2.0601 Y-9.3497
G1 X2.8666 Y-11.2947
G1 Z0.0000 F2500.0
G4 P0.02
G0 X4.0645 Y-12.2982 F15000.0
G1 Z11.9000 F2500.0
G4 P0.02
G1 X4.3962 Y-12.3867 F2200.0
G1 Z0.0000 F2500.0
G4 P0.02
G0 X4.6695 Y-8.5537 F15000.0
G1 Z11.9000 F2500.0
G4 P0.02
G1 X3.8734 Y-6.3202 F2200.0
G1 X3.1657 Y-7.0721
G1 X5.4434 Y-8.5758
G1 Z0.0000 F2500.0
G4 P0.02
G0 X5.5579 Y-8.4191 F15000.0
G1 Z11.9000 F2500.0
G4 P0.02
G1 X4.6955 Y-8.4855 F2200.0
G1 Z0.0000 F2500.0
G4 P0.02
G0 X2.9688 Y-7.9312 F15000.0
G1 Z11.9000 F2500.0
G4 P0.02
G1 X2.8582 Y-7.8648 F2200.0
G1 Z0.0000 F2500.0
G4 P0.02
G0 X5.6685 Y-6.4953 F15000.0
G1 Z11.9000 F2500.0
G4 P0.02
G1 X5.8012 Y-7.0481 F2200.0
G1 X5.7790 Y-6.3847
G1 Z0.0000 F2500.0
G4 P0.02
G0 X0.0000 Y-58.9131 F15000.0
G1 Z11.9000 F2500.0
G4 P0.02
G1 X180.0000 Y-58.9131 F12000.0
G1 Z0.0000 F2500.0
G4 P0.02
G0 X180.0000 Y-44.3318 F15000.0
G1 Z11.9000 F2500.0
G4 P0.02
G1 X63.2677 Y-44.3318 F12000.0
G1 X0.0000 Y-44.3318 F12000.0
G1 Z0.0000 F2500.0
G4 P0.02
G0 X0.0000 Y-49.1922 F15000.0
G1 Z11.9000 F2500.0
G4 P0.02
G1 X63.2677 Y-49.1922 F12000.0
G1 Z0.0000 F2500.0
G4 P0.02
G0 X63.2677 Y-54.0526 F15000.0
G1 Z11.9000 F2500.0
G4 P0.02
G1 X0.0000 Y-54.0526 F12000.0
G1 Z0.0000 F2500.0
G4 P0.02
G0 X6.8375 Y-58.9131 F15000.0
G1 Z11.9000 F2500.0
G4 P0.02
G1 X6.8375 Y-34.6110 F12000.0
G1 Z0.0000 F2500.0
G4 P0.02
G0 X6.0451 Y-35.6742 F15000.0
G1 Z11.9000 F2500.0
G4 P0.02
G1 X5.9124 Y-35.5194 F2200.0
G1 X5.5586 Y-35.6078
G1 Z0.0000 F2500.0
G4 P0.02
G0 X5.1605 Y-36.6029 F15000.0
G1 Z11.9000 F2500.0
G4 P0.02
G1 X5.2048 Y-36.7799 F2200.0
G1 Z0.0000 F2500.0
G4 P0.02
G0 X5.0926 Y-37.3594 F15000.0
G1 Z11.9000 F2500.0
G4 P0.02
G1 X5.1147 Y-37.8017 F2200.0
G1 X4.1860 Y-35.5019
G1 X4.2523 Y-35.6567
G1 X3.8764 Y-36.6518
G1 X3.4784 Y-36.6739
G1 Z0.0000 F2500.0
G4 P0.02
G0 X3.8476 Y-36.7188 F15000.0
G1 Z11.9000 F2500.0
G4 P0.02
G1 X3.4496 Y-36.7409 F2200.0
G1 X2.8525 Y-35.9448
G1 X2.9410 Y-35.6795
G1 X3.6707 Y-35.8122
G1 X3.8697 Y-36.6967
G1 X4.1793 Y-37.2274
G1 X4.2456 Y-37.6697
G1 Z0.0000 F2500.0
G4 P0.02
G0 X4.2081 Y-37.1604 F15000.0
G1 Z11.9000 F2500.0
G4 P0.02
G1 X4.2744 Y-37.6026 F2200.0
G1 X3.7658 Y-37.6690
G1 X3.5005 Y-37.5584
G1 Z0.0000 F2500.0
G4 P0.02
G0 X3.7370 Y-37.7360 F15000.0
G1 Z11.9000 F2500.0
G4 P0.02
G1 X3.4717 Y-37.6255 F2200.0
G1 X2.7862 Y-38.0677
G1 X2.6977 Y-37.9793
G1 X2.9188 Y-37.7803
G1 X2.3218 Y-35.9006
G1 Z0.0000 F2500.0
G4 P0.02
G0 X2.8813 Y-35.8778 F15000.0
G1 Z11.9000 F2500.0
G4 P0.02
G1 X2.9697 Y-35.6124 F2200.0
G1 Z0.0000 F2500.0
G4 P0.02
G0 X4.1572 Y-35.5689 F15000.0
G1 Z11.9000 F2500.0
G4 P0.02
G1 X4.2235 Y-35.7237 F2200.0
G1 Z0.0000 F2500.0
G4 P0.02
G0 X4.9154 Y-37.4091 F15000.0
G1 Z11.9000 F2500.0
G4 P0.02
G1 X5.0500 Y-37.3548 F2200.0
G1 X5.2048 Y-36.8241
G1 X5.4038 Y-36.8462
G1 X5.8239 Y-37.2221
G1 X6.0672 Y-37.3327
G1 X6.3547 Y-37.7528
G1 Z0.0000 F2500.0
G4 P0.02
G0 X5.0860 Y-37.8687 F15000.0
G1 Z11.9000 F2500.0
G4 P0.02
G1 X5.0638 Y-37.4264 F2200.0
G1 Z0.0000 F2500.0
G4 P0.02
G0 X4.9293 Y-37.4808 F15000.0
G1 Z11.9000 F2500.0
G4 P0.02
G1 X5.0638 Y-37.4264 F2200.0
G1 X5.2186 Y-36.8957
G1 X5.4177 Y-36.9178
G1 X5.8378 Y-37.2938
G1 X6.0811 Y-37.4043
G1 X6.3685 Y-37.8245
G1 X5.2186 Y-36.8515
G1 X5.1744 Y-36.6746
G1 X5.9484 Y-36.8515
G1 X5.5725 Y-35.6795
G1 X5.9263 Y-35.5910
G1 X6.0590 Y-35.7458
G1 X6.1032 Y-37.3822
G1 X7.6466 Y-35.6535
G1 X9.2388 Y-38.1302
G1 Z0.0000 F2500.0
G4 P0.02
G0 X9.2249 Y-38.0585 F15000.0
G1 Z11.9000 F2500.0
G4 P0.02
G1 X9.5787 Y-36.6433 F2200.0
G1 Z0.0000 F2500.0
G4 P0.02
G0 X9.7114 Y-37.0192 F15000.0
G1 Z11.9000 F2500.0
G4 P0.02
G1 X10.1758 Y-38.6777 F2200.0
G1 Z0.0000 F2500.0
G4 P0.02
G0 X10.1897 Y-38.7493 F15000.0
G1 Z11.9000 F2500.0
G4 P0.02
G1 X9.5705 Y-38.6388 F2200.0
G1 X9.4157 Y-38.4176
G1 X10.5656 Y-37.8427
G1 Z0.0000 F2500.0
G4 P0.02
G0 X10.5517 Y-37.7710 F15000.0
G1 Z11.9000 F2500.0
G4 P0.02
G1 X9.9104 Y-35.9799 F2200.0
G1 X9.8883 Y-35.6482
G1 Z0.0000 F2500.0
G4 P0.02
G0 X9.9243 Y-36.0515 F15000.0
G1 Z11.9000 F2500.0
G4 P0.02
G1 X9.9022 Y-35.7198 F2200.0
G1 X11.0079 Y-36.1842
G1 X11.0521 Y-36.2948
G1 Z0.0000 F2500.0
G4 P0.02
G0 X11.0382 Y-36.2231 F15000.0
G1 Z11.9000 F2500.0
G4 P0.02
G1 X10.9940 Y-36.1125 F2200.0
G1 Z0.0000 F2500.0
G4 P0.02
G0 X11.0376 Y-36.1176 F15000.0
G1 Z11.9000 F2500.0
G4 P0.02
G1 X11.6568 Y-37.7761 F2200.0
G1 Z0.0000 F2500.0
G4 P0.02
G0 X11.6270 Y-37.8427 F15000.0
G1 Z11.9000 F2500.0
G4 P0.02
G1 X13.2192 Y-37.7542 F2200.0
G1 X12.2241 Y-37.6879
G1 X12.0914 Y-37.6216
G1 X11.7376 Y-36.7149
G1 X11.5386 Y-35.6977
G1 Z0.0000 F2500.0
G4 P0.02
G0 X11.5683 Y-35.6311 F15000.0
G1 Z11.9000 F2500.0
G4 P0.02
G1 X12.8952 Y-35.4984 F2200.0
G1 Z0.0000 F2500.0
G4 P0.02
G0 X12.8654 Y-35.5650 F15000.0
G1 Z11.9000 F2500.0
G4 P0.02
G1 X13.7057 Y-37.7542 F2200.0
G1 Z0.0000 F2500.0
G4 P0.02
G0 X13.7355 Y-37.6876 F15000.0
G1 Z11.9000 F2500.0
G4 P0.02
G1 X14.5315 Y-37.7097 F2200.0
G1 Z0.0000 F2500.0
G4 P0.02
G0 X14.5239 Y-37.7542 F15000.0
G1 Z11.9000 F2500.0
G4 P0.02
G1 X13.7278 Y-35.5650 F2200.0
G1 X14.6124 Y-35.5650
G1 X15.2758 Y-37.4889
G1 X14.5018 Y-37.7764
G1 Z0.0000 F2500.0
G4 P0.02
G0 X12.2539 Y-37.6213 F15000.0
G1 Z11.9000 F2500.0
G4 P0.02
G1 X12.1212 Y-37.5549 F2200.0
G1 Z0.0000 F2500.0
G4 P0.02
G0 X9.7253 Y-37.0908 F15000.0
G1 Z11.9000 F2500.0
G4 P0.02
G1 X9.1725 Y-35.6092 F2200.0
G1 Z0.0000 F2500.0
G4 P0.02
G0 X11.3236 Y-33.9100 F15000.0
G1 Z11.9000 F2500.0
G4 P0.02
G1 X11.6996 Y-33.0476 F2200.0
G1 Z0.0000 F2500.0
G4 P0.02
G0 X11.6897 Y-32.8844 F15000.0
G1 Z11.9000 F2500.0
G4 P0.02
G1 X11.8445 Y-32.8402 F2200.0
G1 X11.9329 Y-32.5306
G1 Z0.0000 F2500.0
G4 P0.02
G0 X10.9157 Y-32.7296 F15000.0
G1 Z11.9000 F2500.0
G4 P0.02
G1 X10.7609 Y-32.5527 F2200.0
G1 Z0.0000 F2500.0
G4 P0.02
G0 X10.2160 Y-32.8586 F15000.0
G1 Z11.9000 F2500.0
G4 P0.02
G1 X9.7074 Y-31.0895 F2200.0
G1 X9.6632 Y-30.7136
G1 Z0.0000 F2500.0
G4 P0.02
G0 X9.5748 Y-30.8462 F15000.0
G1 Z11.9000 F2500.0
G4 P0.02
G1 X9.6853 Y-31.0453 F2200.0
G1 X10.2703 Y-30.8675
G1 Z0.0000 F2500.0
G4 P0.02
G0 X9.7069 Y-31.1625 F15000.0
G1 Z11.9000 F2500.0
G4 P0.02
G1 X9.6626 Y-30.7865 F2200.0
G1 X7.6688 Y-30.8972
G1 Z0.0000 F2500.0
G4 P0.02
G0 X7.6694 Y-30.8242 F15000.0
G1 Z11.9000 F2500.0
G4 P0.02
G1 X6.5416 Y-30.6694 F2200.0
G1 Z0.0000 F2500.0
G4 P0.02
G0 X6.5410 Y-30.7424 F15000.0
G1 Z11.9000 F2500.0
G4 P0.02
G1 X6.0324 Y-29.7694 F2200.0
G1 X7.2486 Y-32.8211
G1 X8.1995 Y-32.9316
G1 X8.2879 Y-32.4894
G1 Z0.0000 F2500.0
G4 P0.02
G0 X8.2001 Y-32.8587 F15000.0
G1 Z11.9000 F2500.0
G4 P0.02
G1 X8.2885 Y-32.4164 F2200.0
G1 X7.7799 Y-30.9569
G1 Z0.0000 F2500.0
G4 P0.02
G0 X7.7793 Y-31.0299 F15000.0
G1 Z11.9000 F2500.0
G4 P0.02
G1 X6.1986 Y-31.9661 F2200.0
G1 X6.0438 Y-31.8556
G1 X5.5794 Y-31.8777
G1 X5.4909 Y-32.6738
G1 X5.6457 Y-32.7622
G1 Z0.0000 F2500.0
G4 P0.02
G0 X5.4915 Y-32.6008 F15000.0
G1 Z11.9000 F2500.0
G4 P0.02
G1 X5.6463 Y-32.6892 F2200.0
G1 X6.4424 Y-32.7556
G1 X6.3539 Y-32.1364
G1 X5.9338 Y-30.9644
G1 X5.7790 Y-30.8317
G1 Z0.0000 F2500.0
G4 P0.02
G0 X5.8817 Y-30.9857 F15000.0
G1 Z11.9000 F2500.0
G4 P0.02
G1 X5.7269 Y-30.8530 F2200.0
G1 X5.3068 Y-30.7203
G1 X4.8866 Y-30.8309
G1 X4.8645 Y-30.9414
G1 X4.2951 Y-30.7348
G1 X4.3393 Y-31.1108
G1 Z0.0000 F2500.0
G4 P0.02
G0 X4.3687 Y-31.1182 F15000.0
G1 Z11.9000 F2500.0
G4 P0.02
G1 X4.2581 Y-30.9192 F2200.0
G1 X3.1303 Y-30.8750
G1 Z0.0000 F2500.0
G4 P0.02
G0 X3.0788 Y-30.8233 F15000.0
G1 Z11.9000 F2500.0
G4 P0.02
G1 X3.6759 Y-32.6587 F2200.0
G1 Z0.0000 F2500.0
G4 P0.02
G0 X3.7274 Y-32.7104 F15000.0
G1 Z11.9000 F2500.0
G4 P0.02
G1 X4.8994 Y-32.9315 F2200.0
G1 X4.3908 Y-31.1625
G1 X4.3466 Y-30.7865
G1 X4.9160 Y-30.9931
G1 X4.9381 Y-30.8826
G1 X5.3583 Y-30.7720
G1 X5.7784 Y-30.9047
G1 X5.9332 Y-31.0374
G1 Z0.0000 F2500.0
G4 P0.02
G0 X6.0444 Y-31.7826 F15000.0
G1 Z11.9000 F2500.0
G4 P0.02
G1 X6.1991 Y-31.8932 F2200.0
G1 Z0.0000 F2500.0
G4 P0.02
G0 X6.3534 Y-32.2094 F15000.0
G1 Z11.9000 F2500.0
G4 P0.02
G1 X6.4418 Y-32.8286 F2200.0
G1 Z0.0000 F2500.0
G4 P0.02
G0 X4.2066 Y-30.8675 F15000.0
G1 Z11.9000 F2500.0
G4 P0.02
G1 X4.3172 Y-31.0665 F2200.0
G1 X2.9213 Y-32.5190
G1 X3.1646 Y-33.1602
G1 X3.1424 Y-33.7131
G1 Z0.0000 F2500.0
G4 P0.02
G0 X3.1939 Y-33.7648 F15000.0
G1 Z11.9000 F2500.0
G4 P0.02
G1 X1.9777 Y-33.7206 F2200.0
G1 Z0.0000 F2500.0
G4 P0.02
G0 X2.0219 Y-33.8311 F15000.0
G1 Z11.9000 F2500.0
G4 P0.02
G1 X0.8278 Y-30.6468 F2200.0
G1 X1.4912 Y-32.1947
G1 X2.6190 Y-32.3274
G1 X1.7123 Y-32.9908
G1 Z0.0000 F2500.0
G4 P0.02
G0 X1.0047 Y-31.1775 F15000.0
G1 Z11.9000 F2500.0
G4 P0.02
G1 X1.9335 Y-28.7229 F2200.0
G1 Z0.0000 F2500.0
G4 P0.02
G0 X1.3806 Y-27.3077 F15000.0
G1 Z11.9000 F2500.0
G4 P0.02
G1 X2.3315 Y-25.9367 F2200.0
G1 X3.3930 Y-29.0104
G1 X2.0440 Y-28.9662
G1 X0.8278 Y-25.7819
G1 X0.8278 Y-25.9145
G1 Z0.0000 F2500.0
G4 P0.02
G0 X0.9007 Y-25.9121 F15000.0
G1 Z11.9000 F2500.0
G4 P0.02
G1 X0.9007 Y-25.7794 F2200.0
G1 Z0.0000 F2500.0
G4 P0.02
G0 X0.0000 Y-24.8078 F15000.0
G1 Z11.9000 F2500.0
G4 P0.02
G1 X63.2677 Y-24.8078 F12000.0
G1 Z0.0000 F2500.0
G4 P0.02
G0 X63.2677 Y-19.9474 F15000.0
G1 Z11.9000 F2500.0
G4 P0.02
G1 X0.0000 Y-19.9474 F12000.0
G1 Z0.0000 F2500.0
G4 P0.02
G0 X1.5814 Y-20.8581 F15000.0
G1 Z11.9000 F2500.0
G4 P0.02
G1 X1.5814 Y-20.9908 F2200.0
G1 Z0.0000 F2500.0
G4 P0.02
G0 X1.5522 Y-21.0576 F15000.0
G1 Z11.9000 F2500.0
G4 P0.02
G1 X1.5522 Y-20.9249 F2200.0
G1 X2.7242 Y-24.0872
G1 Z0.0000 F2500.0
G4 P0.02
G0 X2.7534 Y-24.0203 F15000.0
G1 Z11.9000 F2500.0
G4 P0.02
G1 X3.5937 Y-24.0645 F2200.0
G1 Z0.0000 F2500.0
G4 P0.02
G0 X3.5645 Y-24.1314 F15000.0
G1 Z11.9000 F2500.0
G4 P0.02
G1 X1.8839 Y-21.8758 F2200.0
G1 Z0.0000 F2500.0
G4 P0.02
G0 X2.0829 Y-22.4065 F15000.0
G1 Z11.9000 F2500.0
G4 P0.02
G1 X2.8666 Y-21.0246 F2200.0
G1 X2.8003 Y-20.9583
G1 X3.4419 Y-20.9290
G1 Z0.0000 F2500.0
G4 P0.02
G0 X3.4711 Y-20.8621 F15000.0
G1 Z11.9000 F2500.0
G4 P0.02
G1 X4.4663 Y-23.1840 F2200.0
G1 Z0.0000 F2500.0
G4 P0.02
G0 X4.4370 Y-23.2509 F15000.0
G1 Z11.9000 F2500.0
G4 P0.02
G1 X5.4764 Y-23.0740 F2200.0
G1 Z0.0000 F2500.0
G4 P0.02
G0 X5.5056 Y-23.0071 F15000.0
G1 Z11.9000 F2500.0
G4 P0.02
G1 X4.4220 Y-22.1226 F2200.0
G1 X4.0903 Y-22.0341
G1 X4.4441 Y-22.1005
G1 X4.6874 Y-21.0390
G1 Z0.0000 F2500.0
G4 P0.02
G0 X4.6582 Y-21.1059 F15000.0
G1 Z11.9000 F2500.0
G4 P0.02
G1 X6.4681 Y-21.1406 F2200.0
G1 X5.4730 Y-21.1406
G1 X6.0258 Y-22.9318
G1 X6.2470 Y-23.1087
G1 Z0.0000 F2500.0
G4 P0.02
G0 X6.2762 Y-23.0418 F15000.0
G1 Z11.9000 F2500.0
G4 P0.02
G1 X6.0550 Y-22.8649 F2200.0
G1 Z0.0000 F2500.0
G4 P0.02
G0 X5.9973 Y-22.8646 F15000.0
G1 Z11.9000 F2500.0
G4 P0.02
G1 X6.2184 Y-23.0416 F2200.0
G1 X7.0145 Y-23.1300
G1 X7.1251 Y-23.0194
G1 X6.5722 Y-21.2504
G1 Z0.0000 F2500.0
G4 P0.02
G0 X6.6008 Y-21.3175 F15000.0
G1 Z11.9000 F2500.0
G4 P0.02
G1 X7.0436 Y-21.0175 F2200.0
G1 X7.0436 Y-20.9290
G1 X7.4859 Y-21.9241
G1 Z0.0000 F2500.0
G4 P0.02
G0 X7.4574 Y-21.8569 F15000.0
G1 Z11.9000 F2500.0
G4 P0.02
G1 X8.2313 Y-20.8397 F2200.0
G1 Z0.0000 F2500.0
G4 P0.02
G0 X8.2599 Y-20.9069 F15000.0
G1 Z11.9000 F2500.0
G4 P0.02
G1 X8.5916 Y-22.1231 F2200.0
G1 X7.6849 Y-22.1231
G1 X7.6628 Y-22.3443
G1 X8.0387 Y-23.2509
G1 X9.1886 Y-23.1182
G1 Z0.0000 F2500.0
G4 P0.02
G0 X9.1601 Y-23.0511 F15000.0
G1 Z11.9000 F2500.0
G4 P0.02
G1 X8.6736 Y-22.1223 F2200.0
G1 Z0.0000 F2500.0
G4 P0.02
G0 X9.3322 Y-22.2287 F15000.0
G1 Z11.9000 F2500.0
G4 P0.02
G1 X9.7745 Y-23.1796 F2200.0
G1 X11.3666 Y-23.1796
G1 X11.4330 Y-22.7594
G1 X10.7696 Y-20.9019
G1 X11.2547 Y-20.7086
G1 Z0.0000 F2500.0
G4 P0.02
G0 X11.4931 Y-20.9396 F15000.0
G1 Z11.9000 F2500.0
G4 P0.02
G1 X12.6209 Y-21.0944 F2200.0
G1 Z0.0000 F2500.0
G4 P0.02
G0 X12.6244 Y-21.1673 F15000.0
G1 Z11.9000 F2500.0
G4 P0.02
G1 X13.0720 Y-20.9583 F2200.0
G1 X13.1383 Y-21.0246
G1 Z0.0000 F2500.0
G4 P0.02
G0 X13.1348 Y-20.9517 F15000.0
G1 Z11.9000 F2500.0
G4 P0.02
G1 X13.0684 Y-20.8854 F2200.0
G1 Z0.0000 F2500.0
G4 P0.02
G0 X12.7315 Y-21.2271 F15000.0
G1 Z11.9000 F2500.0
G4 P0.02
G1 X13.2401 Y-22.6866 F2200.0
G1 X13.1516 Y-23.1289
G1 X12.2007 Y-23.0183
G1 Z0.0000 F2500.0
G4 P0.02
G0 X12.2043 Y-23.0912 F15000.0
G1 Z11.9000 F2500.0
G4 P0.02
G1 X10.9880 Y-20.0395 F2200.0
G1 X11.4966 Y-21.0125
G1 Z0.0000 F2500.0
G4 P0.02
G0 X12.7350 Y-21.3000 F15000.0
G1 Z11.9000 F2500.0
G4 P0.02
G1 X10.6148 Y-23.1575 F2200.0
G1 X9.8187 Y-20.9019
G1 Z0.0000 F2500.0
G4 P0.02
G0 X9.8151 Y-20.8290 F15000.0
G1 Z11.9000 F2500.0
G4 P0.02
G1 X8.9671 Y-21.1545 F2200.0
G1 Z0.0000 F2500.0
G4 P0.02
G0 X8.8457 Y-20.9019 F15000.0
G1 Z11.9000 F2500.0
G4 P0.02
G1 X9.6860 Y-23.0911 F2200.0
G1 X9.1002 Y-22.9634
G1 Z0.0000 F2500.0
G4 P0.02
G0 X7.6343 Y-22.2771 F15000.0
G1 Z11.9000 F2500.0
G4 P0.02
G1 X7.6564 Y-22.0560 F2200.0
G1 Z0.0000 F2500.0
G4 P0.02
G0 X7.1536 Y-23.0866 F15000.0
G1 Z11.9000 F2500.0
G4 P0.02
G1 X7.0430 Y-23.1972 F2200.0
G1 Z0.0000 F2500.0
G4 P0.02
G0 X7.0151 Y-20.9503 F15000.0
G1 Z11.9000 F2500.0
G4 P0.02
G1 X7.0151 Y-20.8618 F2200.0
G1 Z0.0000 F2500.0
G4 P0.02
G0 X4.4149 Y-22.1673 F15000.0
G1 Z11.9000 F2500.0
G4 P0.02
G1 X4.0611 Y-22.1010 F2200.0
G1 X4.3928 Y-22.1895
G1 Z0.0000 F2500.0
G4 P0.02
G0 X2.8958 Y-20.9578 F15000.0
G1 Z11.9000 F2500.0
G4 P0.02
G1 X2.8295 Y-20.8914 F2200.0
G1 Z0.0000 F2500.0
G4 P0.02
G0 X1.9723 Y-24.1977 F15000.0
G1 Z11.9000 F2500.0
G4 P0.02
G1 X2.7242 Y-24.1093 F2200.0
G1 X5.0293 Y-25.9145
G1 X5.9581 Y-26.0251
G1 X6.4446 Y-27.1971
G1 X6.5331 Y-28.0374
G1 X5.5601 Y-27.8826
G1 X4.9188 Y-26.0251
G1 X4.4544 Y-26.7106
G1 X4.2112 Y-26.0914
G1 X3.0391 Y-25.8703
G1 Z0.0000 F2500.0
G4 P0.02
G0 X2.9949 Y-25.8703 F15000.0
G1 Z11.9000 F2500.0
G4 P0.02
G1 X3.7468 Y-28.0153 F2200.0
G1 X4.5871 Y-27.0866
G1 Z0.0000 F2500.0
G4 P0.02
G0 X2.9850 Y-25.9193 F15000.0
G1 Z11.9000 F2500.0
G4 P0.02
G1 X2.4543 Y-24.9463 F2200.0
G1 X2.9408 Y-25.9193
G1 Z0.0000 F2500.0
G4 P0.02
G0 X6.7044 Y-25.9462 F15000.0
G1 Z11.9000 F2500.0
G4 P0.02
G1 X6.7044 Y-26.3221 F2200.0
G1 X7.6332 Y-28.8430
G1 X8.1418 Y-28.9978
G1 Z0.0000 F2500.0
G4 P0.02
G0 X7.7051 Y-28.8556 F15000.0
G1 Z11.9000 F2500.0
G4 P0.02
G1 X8.2137 Y-29.0104 F2200.0
G1 X7.8378 Y-28.1259
G1 X7.8820 Y-28.2364
G1 X7.4397 Y-28.0374
G1 X7.8156 Y-28.1038
G1 Z0.0000 F2500.0
G4 P0.02
G0 X7.7659 Y-28.1133 F15000.0
G1 Z11.9000 F2500.0
G4 P0.02
G1 X7.8101 Y-28.2239 F2200.0
G1 X7.3678 Y-28.0248
G1 X7.7438 Y-28.0912
G1 X8.1197 Y-27.0740
G1 Z0.0000 F2500.0
G4 P0.02
G0 X8.1916 Y-27.0866 F15000.0
G1 Z11.9000 F2500.0
G4 P0.02
G1 X7.5061 Y-28.4355 F2200.0
G1 X8.2800 Y-25.8924
G1 X8.2137 Y-25.8261
G1 Z0.0000 F2500.0
G4 P0.02
G0 X8.2081 Y-25.8798 F15000.0
G1 Z11.9000 F2500.0
G4 P0.02
G1 X8.1418 Y-25.8135 F2200.0
G1 Z0.0000 F2500.0
G4 P0.02
G0 X7.7438 Y-26.0789 F15000.0
G1 Z11.9000 F2500.0
G4 P0.02
G1 X7.5669 Y-25.9683 F2200.0
G1 Z0.0000 F2500.0
G4 P0.02
G0 X6.7763 Y-26.3347 F15000.0
G1 Z11.9000 F2500.0
G4 P0.02
G1 X6.7763 Y-25.9588 F2200.0
G1 X7.6387 Y-25.9809
G1 X7.8156 Y-26.0914
G1 X8.0589 Y-26.7106
G1 Z0.0000 F2500.0
G4 P0.02
G0 X9.6847 Y-31.1182 F15000.0
G1 Z11.9000 F2500.0
G4 P0.02
G1 X9.5742 Y-30.9192 F2200.0
G1 X8.4464 Y-30.8750
G1 X9.0435 Y-32.7104
G1 X10.2155 Y-32.9315
G1 Z0.0000 F2500.0
G4 P0.02
G0 X11.3779 Y-33.8613 F15000.0
G1 Z11.9000 F2500.0
G4 P0.02
G1 X12.5278 Y-33.8613 F2200.0
G1 Z0.0000 F2500.0
G4 P0.02
G0 X11.7868 Y-30.7545 F15000.0
G1 Z11.9000 F2500.0
G4 P0.02
G1 X11.7204 Y-30.6882 F2200.0
G1 X11.3779 Y-31.0308
G1 X11.9529 Y-32.6008
G1 X11.8644 Y-32.9104
G1 X11.7096 Y-32.9546
G1 X10.9357 Y-32.7998
G1 X10.7809 Y-32.6229
G1 X10.2502 Y-30.8760
G1 X11.2674 Y-30.8981
G1 Z0.0000 F2500.0
G4 P0.02
G0 X11.2474 Y-30.8279 F15000.0
G1 Z11.9000 F2500.0
G4 P0.02
G1 X9.7358 Y-31.2625 F2200.0
G1 Z0.0000 F2500.0
G4 P0.02
G0 X11.7005 Y-30.6180 F15000.0
G1 Z11.9000 F2500.0
G4 P0.02
G1 X11.7668 Y-30.6843 F2200.0
G1 Z0.0000 F2500.0
G4 P0.02
G0 X17.3860 Y-30.6489 F15000.0
G1 Z11.9000 F2500.0
G4 P0.02
G1 X17.6735 Y-30.7152 F2200.0
G1 X18.8455 Y-33.4352
G1 Z0.0000 F2500.0
G4 P0.02
G0 X19.9069 Y-33.5679 F15000.0
G1 Z11.9000 F2500.0
G4 P0.02
G1 X19.9291 Y-33.8332 F2200.0
G1 Z0.0000 F2500.0
G4 P0.02
G0 X20.6253 Y-32.8386 F15000.0
G1 Z11.9000 F2500.0
G4 P0.02
G1 X21.4214 Y-32.9270 F2200.0
G1 X21.5320 Y-32.8165
G1 X20.9791 Y-31.0474
G1 X21.0415 Y-29.7694
G1 X22.2577 Y-32.8211
G1 X23.2086 Y-32.9316
G1 X23.2970 Y-32.4894
G1 X22.7884 Y-31.0299
G1 X22.6779 Y-30.8972
G1 X21.5501 Y-30.7424 F2200.0
G1 Z0.0000 F2500.0
G4 P0.02
G0 X21.5503 Y-30.6694 F15000.0
G1 Z11.9000 F2500.0
G4 P0.02
G1 X24.4508 Y-30.7975 F2200.0
G1 Z0.0000 F2500.0
G4 P0.02
G0 X24.4506 Y-30.8705 F15000.0
G1 Z11.9000 F2500.0
G4 P0.02
G1 X23.4555 Y-30.8705 F2200.0
G1 X24.0083 Y-32.6617
G1 X24.2294 Y-32.8386
G1 Z0.0000 F2500.0
G4 P0.02
G0 X24.0086 Y-32.5887 F15000.0
G1 Z11.9000 F2500.0
G4 P0.02
G1 X24.2297 Y-32.7656 F2200.0
G1 X25.0258 Y-32.8541
G1 X25.1363 Y-32.7435
G1 X24.5835 Y-30.9744
G1 Z0.0000 F2500.0
G4 P0.02
G0 X24.5833 Y-31.0474 F15000.0
G1 Z11.9000 F2500.0
G4 P0.02
G1 X25.0176 Y-30.8250 F2200.0
G1 X25.8137 Y-31.5547
G1 X26.0791 Y-31.6874
G1 Z0.0000 F2500.0
G4 P0.02
G0 X26.1012 Y-31.7095 F15000.0
G1 Z11.9000 F2500.0
G4 P0.02
G1 X26.1012 Y-31.9749 F2200.0
G1 X25.8800 Y-32.9700 F2200.0
G1 X26.3002 Y-30.7365
G1 Z0.0000 F2500.0
G4 P0.02
G0 X26.3004 Y-30.6636 F15000.0
G1 Z11.9000 F2500.0
G4 P0.02
G1 X26.0793 Y-31.6144 F2200.0
G1 X25.8139 Y-31.4818
G1 Z0.0000 F2500.0
G4 P0.02
G0 X26.1014 Y-31.9019 F15000.0
G1 Z11.9000 F2500.0
G4 P0.02
G1 X27.1850 Y-32.8086 F2200.0
G1 Z0.0000 F2500.0
G4 P0.02
G0 X26.8088 Y-32.5277 F15000.0
G1 Z11.9000 F2500.0
G4 P0.02
G1 X27.6124 Y-32.6617 F2200.0
G1 X27.0596 Y-30.8705
G1 Z0.0000 F2500.0
G4 P0.02
G0 X27.0598 Y-30.7975 F15000.0
G1 Z11.9000 F2500.0
G4 P0.02
G1 X28.0549 Y-30.7975 F2200.0
G1 X28.1876 Y-30.9744
G1 Z0.0000 F2500.0
G4 P0.02
G0 X28.1874 Y-31.0474 F15000.0
G1 Z11.9000 F2500.0
G4 P0.02
G1 X28.0547 Y-30.8705 F2200.0
G1 Z0.0000 F2500.0
G4 P0.02
G0 X28.0878 Y-30.8055 F15000.0
G1 Z11.9000 F2500.0
G4 P0.02
G1 X28.2205 Y-30.9824 F2200.0
G1 X28.7734 Y-32.7515
G1 Z0.0000 F2500.0
G4 P0.02
G0 X28.7402 Y-32.8165 F15000.0
G1 Z11.9000 F2500.0
G4 P0.02
G1 X30.3450 Y-33.8735 F2200.0
G1 X29.8363 Y-33.7187
G1 X28.9076 Y-31.1978
G1 X28.9076 Y-30.8219
G1 X29.7700 Y-30.8440
G1 X29.9911 Y-31.0209
G1 X30.3450 Y-32.0381
G1 Z0.0000 F2500.0
G4 P0.02
G0 X30.4113 Y-32.2150 F15000.0
G1 Z11.9000 F2500.0
G4 P0.02
G1 X29.9690 Y-32.9669 F2200.0
G1 X30.4113 Y-33.7408
G1 Z0.0000 F2500.0
G4 P0.02
G0 X30.3842 Y-33.6731 F15000.0
G1 Z11.9000 F2500.0
G4 P0.02
G1 X29.9198 Y-32.8991 F2200.0
G1 Z0.0000 F2500.0
G4 P0.02
G0 X29.9469 Y-32.9669 F15000.0
G1 Z11.9000 F2500.0
G4 P0.02
G1 X27.8336 Y-32.8386 F2200.0
G1 X28.6297 Y-32.9270
G1 Z0.0000 F2500.0
G4 P0.02
G0 X28.9407 Y-31.1328 F15000.0
G1 Z11.9000 F2500.0
G4 P0.02
G1 X28.9407 Y-30.7568 F2200.0
G1 Z0.0000 F2500.0
G4 P0.02
G0 X29.8032 Y-30.7790 F15000.0
G1 Z11.9000 F2500.0
G4 P0.02
G1 X30.0243 Y-30.9559 F2200.0
G1 Z0.0000 F2500.0
G4 P0.02
G0 X30.0746 Y-29.0086 F15000.0
G1 Z11.9000 F2500.0
G4 P0.02
G1 X30.1410 Y-28.8759 F2200.0
G1 Z0.0000 F2500.0
G4 P0.02
G0 X29.5660 Y-28.8538 F15000.0
G1 Z11.9000 F2500.0
G4 P0.02
G1 X28.6373 Y-26.3328 F2200.0
G1 X28.6373 Y-25.9569
G1 X29.4997 Y-25.9790
G1 X27.9171 Y-26.1825
G1 Z0.0000 F2500.0
G4 P0.02
G0 X27.8950 Y-26.1129 F15000.0
G1 Z11.9000 F2500.0
G4 P0.02
G1 X28.4479 Y-27.8820 F2200.0
G1 X28.3373 Y-27.9925
G1 Z0.0000 F2500.0
G4 P0.02
G0 X28.4699 Y-27.9515 F15000.0
G1 Z11.9000 F2500.0
G4 P0.02
G1 X28.3593 Y-28.0621 F2200.0
G1 X27.5633 Y-27.9737
G1 X27.7844 Y-26.0056
G1 X26.7893 Y-26.0056
G1 X27.3421 Y-27.7967
G1 X26.4143 Y-27.0544
G1 Z0.0000 F2500.0
G4 P0.02
G0 X26.3923 Y-26.9848 F15000.0
G1 Z11.9000 F2500.0
G4 P0.02
G1 X26.8788 Y-27.9136 F2200.0
G1 Z0.0000 F2500.0
G4 P0.02
G0 X26.9008 Y-27.9832 F15000.0
G1 Z11.9000 F2500.0
G4 P0.02
G1 X25.7509 Y-28.1158 F2200.0
G1 Z0.0000 F2500.0
G4 P0.02
G0 X25.3820 Y-27.1366 F15000.0
G1 Z11.9000 F2500.0
G4 P0.02
G1 X25.4042 Y-26.9154 F2200.0
G1 Z0.0000 F2500.0
G4 P0.02
G0 X24.4456 Y-26.2975 F15000.0
G1 Z11.9000 F2500.0
G4 P0.02
G1 X24.4014 Y-25.9216 F2200.0
G1 Z0.0000 F2500.0
G4 P0.02
G0 X24.3200 Y-25.9816 F15000.0
G1 Z11.9000 F2500.0
G4 P0.02
G1 X24.4306 Y-26.1807 F2200.0
G1 X24.7629 Y-25.8098
G1 X24.7629 Y-25.7213
G1 Z0.0000 F2500.0
G4 P0.02
G0 X23.7893 Y-27.7728 F15000.0
G1 Z11.9000 F2500.0
G4 P0.02
G1 X24.9613 Y-27.9940 F2200.0
G1 X24.4527 Y-26.2249
G1 X24.4085 Y-25.8490
G1 X22.4811 Y-26.0998
G1 X22.6138 Y-26.8959
G1 X22.0388 Y-27.7362
G1 X22.1936 Y-27.8246
G1 X22.9897 Y-27.8910
G1 X22.9013 Y-27.2718
G1 X22.6801 Y-26.9843
G1 Z0.0000 F2500.0
G4 P0.02
G0 X22.9827 Y-27.9636 F15000.0
G1 Z11.9000 F2500.0
G4 P0.02
G1 X22.8942 Y-27.3444 F2200.0
G1 X22.6731 Y-27.0570
G1 X22.1202 Y-27.0127
G1 X22.3192 Y-26.0397
G1 X21.8991 Y-25.9071
G1 X21.4789 Y-26.0176
G1 X21.1092 Y-26.8567
G1 Z0.0000 F2500.0
G4 P0.02
G0 X21.1162 Y-26.7840 F15000.0
G1 Z11.9000 F2500.0
G4 P0.02
G1 X20.1654 Y-27.3369 F2200.0
G1 X20.0010 Y-26.8897
G1 Z0.0000 F2500.0
G4 P0.02
G0 X19.9939 Y-26.9623 F15000.0
G1 Z11.9000 F2500.0
G4 P0.02
G1 X20.1583 Y-27.4095 F2200.0
G1 Z0.0000 F2500.0
G4 P0.02
G0 X20.4529 Y-28.0445 F15000.0
G1 Z11.9000 F2500.0
G4 P0.02
G1 X21.6470 Y-28.0445 F2200.0
G1 Z0.0000 F2500.0
G4 P0.02
G0 X21.6399 Y-28.1171 F15000.0
G1 Z11.9000 F2500.0
G4 P0.02
G1 X20.3352 Y-25.0876 F2200.0
G1 X20.2025 Y-25.0213
G1 X19.2074 Y-24.9549
G1 Z0.0000 F2500.0
G4 P0.02
G0 X19.2145 Y-24.8823 F15000.0
G1 Z11.9000 F2500.0
G4 P0.02
G1 X17.9507 Y-27.3014 F2200.0
G1 X17.9286 Y-27.2351
G1 Z0.0000 F2500.0
G4 P0.02
G0 X17.9436 Y-27.3740 F15000.0
G1 Z11.9000 F2500.0
G4 P0.02
G1 X17.9215 Y-27.3077 F2200.0
G1 X18.8723 Y-25.9367
G1 Z0.0000 F2500.0
G4 P0.02
G0 X18.8794 Y-25.8640 F15000.0
G1 Z11.9000 F2500.0
G4 P0.02
G1 X19.9409 Y-28.9378 F2200.0
G1 X18.5920 Y-28.8936
G1 Z0.0000 F2500.0
G4 P0.02
G0 X18.5849 Y-28.9662 F15000.0
G1 Z11.9000 F2500.0
G4 P0.02
G1 X17.3686 Y-25.7819 F2200.0
G1 X17.3686 Y-25.9145
G1 Z0.0000 F2500.0
G4 P0.02
G0 X17.3757 Y-25.8419 F15000.0
G1 Z11.9000 F2500.0
G4 P0.02
G1 X17.3757 Y-25.7092 F2200.0
G1 Z0.0000 F2500.0
G4 P0.02
G0 X19.6568 Y-26.0101 F15000.0
G1 Z11.9000 F2500.0
G4 P0.02
G1 X19.7674 Y-25.8774 F2200.0
G1 Z0.0000 F2500.0
G4 P0.02
G0 X20.2096 Y-24.9486 F15000.0
G1 Z11.9000 F2500.0
G4 P0.02
G1 X20.3423 Y-25.0150 F2200.0
G1 Z0.0000 F2500.0
G4 P0.02
G0 X21.3585 Y-26.3043 F15000.0
G1 Z11.9000 F2500.0
G4 P0.02
G1 X20.6448 Y-25.9058 F2200.0
G1 X19.7603 Y-25.9500
G1 X19.6497 Y-26.0827
G1 X20.4458 Y-28.1171
G1 Z0.0000 F2500.0
G4 P0.02
G0 X22.0318 Y-27.8088 F15000.0
G1 Z11.9000 F2500.0
G4 P0.02
G1 X22.1866 Y-27.8973 F2200.0
G1 Z0.0000 F2500.0
G4 P0.02
G0 X23.7822 Y-27.8455 F15000.0
G1 Z11.9000 F2500.0
G4 P0.02
G1 X23.1852 Y-26.0100 F2200.0
G1 X24.3130 Y-26.0543
G1 X24.4235 Y-26.2533
G1 X24.7558 Y-25.8824
G1 X24.7558 Y-25.7939
G1 X25.1981 Y-26.7890
G1 X25.9720 Y-25.7718
G1 X26.3037 Y-26.9881
G1 X25.3971 Y-26.9881
G1 X25.3750 Y-27.2092
G1 X25.7509 Y-28.1158
G1 X26.7078 Y-27.6146
G1 Z0.0000 F2500.0
G4 P0.02
G0 X28.6152 Y-26.2633 F15000.0
G1 Z11.9000 F2500.0
G4 P0.02
G1 X28.6152 Y-25.8873 F2200.0
G1 Z0.0000 F2500.0
G4 P0.02
G0 X29.6766 Y-28.1019 F15000.0
G1 Z11.9000 F2500.0
G4 P0.02
G1 X29.3007 Y-28.0356 F2200.0
G1 X29.3670 Y-28.4336
G1 X29.6987 Y-28.1019
G1 X30.1410 Y-27.3501
G1 X29.7208 Y-26.1559
G1 X31.6096 Y-25.9216
G1 X31.6539 Y-26.2975
G1 Z0.0000 F2500.0
G4 P0.02
G0 X31.6318 Y-26.2533 F15000.0
G1 Z11.9000 F2500.0
G4 P0.02
G1 X31.5212 Y-26.0543 F2200.0
G1 X30.3934 Y-26.0100
G1 X30.9905 Y-27.8455
G1 X32.1625 Y-28.0666
G1 Z0.0000 F2500.0
G4 P0.02
G0 X32.1404 Y-27.9970 F15000.0
G1 Z11.9000 F2500.0
G4 P0.02
G1 X31.6318 Y-26.2280 F2200.0
G1 X31.5876 Y-25.8520
G1 Z0.0000 F2500.0
G4 P0.02
G0 X31.4992 Y-25.9847 F15000.0
G1 Z11.9000 F2500.0
G4 P0.02
G1 X31.6097 Y-26.1837 F2200.0
G1 Z0.0000 F2500.0
G4 P0.02
G0 X29.3450 Y-28.3641 F15000.0
G1 Z11.9000 F2500.0
G4 P0.02
G1 X29.2786 Y-27.9660 F2200.0
G1 X29.6546 Y-28.0324
G1 X30.1190 Y-28.8063
G1 X30.0526 Y-28.9390
G1 X29.5440 Y-28.7842
G1 Z0.0000 F2500.0
G4 P0.02
G0 X26.8090 Y-32.4547 F15000.0
G1 Z11.9000 F2500.0
G4 P0.02
G1 X26.1014 Y-31.6366 F2200.0
G1 X26.1014 Y-31.9019
G1 Z0.0000 F2500.0
G4 P0.02
G0 X25.1361 Y-32.8165 F15000.0
G1 Z11.9000 F2500.0
G4 P0.02
G1 X25.0255 Y-32.9270 F2200.0
G1 Z0.0000 F2500.0
G4 P0.02
G0 X23.2558 Y-32.4292 F15000.0
G1 Z11.9000 F2500.0
G4 P0.02
G1 X23.1673 Y-32.8714 F2200.0
G1 Z0.0000 F2500.0
G4 P0.02
G0 X21.4907 Y-32.7563 F15000.0
G1 Z11.9000 F2500.0
G4 P0.02
G1 X21.3802 Y-32.8669 F2200.0
G1 Z0.0000 F2500.0
G4 P0.02
G0 X20.5841 Y-32.7784 F15000.0
G1 Z11.9000 F2500.0
G4 P0.02
G1 X20.8052 Y-30.8103 F2200.0
G1 Z0.0000 F2500.0
G4 P0.02
G0 X20.8465 Y-30.8705 F15000.0
G1 Z11.9000 F2500.0
G4 P0.02
G1 X19.8514 Y-30.8705 F2200.0
G1 X20.4042 Y-32.6617
G1 X19.0858 Y-33.8713
G1 X19.9703 Y-33.8934
G1 X19.9482 Y-33.6281
G1 X18.9973 Y-31.0408
G1 X18.9752 Y-30.8197
G1 X19.1300 Y-30.8418
G1 X18.9531 Y-30.5543
G1 X18.9531 Y-30.7754
G1 X17.4273 Y-30.7091
G1 X17.7147 Y-30.7754
G1 Z0.0000 F2500.0
G4 P0.02
G0 X18.9118 Y-30.7152 F15000.0
G1 Z11.9000 F2500.0
G4 P0.02
G1 X18.9118 Y-30.4941 F2200.0
G1 X19.0887 Y-30.7816
G1 X18.9340 Y-30.7595
G1 X18.9561 Y-30.9806
G1 Z0.0000 F2500.0
G4 P0.02
G0 X18.4051 Y-28.7460 F15000.0
G1 Z11.9000 F2500.0
G4 P0.02
G1 X18.3830 Y-28.6797 F2200.0
G1 Z0.0000 F2500.0
G4 P0.02
G0 X18.4522 Y-28.6566 F15000.0
G1 Z11.9000 F2500.0
G4 P0.02
G1 X18.4743 Y-28.7229 F2200.0
G1 Z0.0000 F2500.0
G4 P0.02
G0 X22.6366 Y-30.8370 F15000.0
G1 Z11.9000 F2500.0
G4 P0.02
G1 X22.7472 Y-30.9697 F2200.0
G1 Z0.0000 F2500.0
G4 P0.02
G0 X22.7887 Y-30.9569 F15000.0
G1 Z11.9000 F2500.0
G4 P0.02
G1 X22.6781 Y-30.8242 F2200.0
G1 Z0.0000 F2500.0
G4 P0.02
G0 X22.5057 Y-35.7732 F15000.0
G1 Z11.9000 F2500.0
G4 P0.02
G1 X22.5278 Y-36.0607 F2200.0
G1 Z0.0000 F2500.0
G4 P0.02
G0 X22.4550 Y-36.0663 F15000.0
G1 Z11.9000 F2500.0
G4 P0.02
G1 X22.4329 Y-35.7788 F2200.0
G1 Z0.0000 F2500.0
G4 P0.02
G0 X22.4598 Y-35.9935 F15000.0
G1 Z11.9000 F2500.0
G4 P0.02
G1 X22.7694 Y-36.4136 F2200.0
G1 Z0.0000 F2500.0
G4 P0.02
G0 X22.9021 Y-36.7453 F15000.0
G1 Z11.9000 F2500.0
G4 P0.02
G1 X23.9414 Y-38.3596 F2200.0
G1 X23.6539 Y-37.5414
G1 X23.8087 Y-37.2982
G1 X24.2068 Y-37.3424
G1 Z0.0000 F2500.0
G4 P0.02
G0 X23.6492 Y-37.6142 F15000.0
G1 Z11.9000 F2500.0
G4 P0.02
G1 X23.8040 Y-37.3710 F2200.0
G1 X24.2020 Y-37.4152
G1 X24.5558 Y-38.2334
G1 X24.6222 Y-38.6536
G1 X24.0914 Y-38.6315
G1 Z0.0000 F2500.0
G4 P0.02
G0 X24.0962 Y-38.5586 F15000.0
G1 Z11.9000 F2500.0
G4 P0.02
G1 X23.7866 Y-37.8952 F2200.0
G1 X26.1808 Y-37.4151
G1 Z0.0000 F2500.0
G4 P0.02
G0 X26.1719 Y-37.4150 F15000.0
G1 Z11.9000 F2500.0
G4 P0.02
G1 X26.3267 Y-37.5919 F2200.0
G1 Z0.0000 F2500.0
G4 P0.02
G0 X26.1761 Y-37.4879 F15000.0
G1 Z11.9000 F2500.0
G4 P0.02
G1 X25.6453 Y-35.7409 F2200.0
G1 X26.6626 Y-35.7630
G1 X26.7731 Y-35.8957
G1 Z0.0000 F2500.0
G4 P0.02
G0 X26.7779 Y-35.8229 F15000.0
G1 Z11.9000 F2500.0
G4 P0.02
G1 X26.6673 Y-35.6902 F2200.0
G1 Z0.0000 F2500.0
G4 P0.02
G0 X28.1400 Y-35.5796 F15000.0
G1 Z11.9000 F2500.0
G4 P0.02
G1 X28.5380 Y-35.7786 F2200.0
G1 Z0.0000 F2500.0
G4 P0.02
G0 X28.5422 Y-35.8515 F15000.0
G1 Z11.9000 F2500.0
G4 P0.02
G1 X29.0066 Y-37.0898 F2200.0
G1 X29.1172 Y-37.6869
G1 X27.5471 Y-38.0628
G1 X27.5913 Y-38.2176
G1 X28.1663 Y-37.6869
G1 Z0.0000 F2500.0
G4 P0.02
G0 X28.1621 Y-37.6140 F15000.0
G1 Z11.9000 F2500.0
G4 P0.02
G1 X29.0245 Y-37.7025 F2200.0
G1 Z0.0000 F2500.0
G4 P0.02
G0 X29.0287 Y-37.7753 F15000.0
G1 Z11.9000 F2500.0
G4 P0.02
G1 X29.3825 Y-36.3380 F2200.0
G1 Z0.0000 F2500.0
G4 P0.02
G0 X29.3784 Y-36.2651 F15000.0
G1 Z11.9000 F2500.0
G4 P0.02
G1 X29.0245 Y-35.4469 F2200.0
G1 Z0.0000 F2500.0
G4 P0.02
G0 X29.0287 Y-35.5198 F15000.0
G1 Z11.9000 F2500.0
G4 P0.02
G1 X30.2449 Y-35.7188 F2200.0
G1 X29.9796 Y-36.8024
G1 X29.6258 Y-36.6918
G1 X29.5373 Y-36.5812
G1 X30.0238 Y-37.8417
G1 X30.4967 Y-37.2410
G1 Z0.0000 F2500.0
G4 P0.02
G0 X29.9796 Y-36.8024 F15000.0
G1 Z11.9000 F2500.0
G4 P0.02
G1 X31.0631 Y-37.6869 F2200.0
G1 Z0.0000 F2500.0
G4 P0.02
G0 X31.0722 Y-37.6145 F15000.0
G1 Z11.9000 F2500.0
G4 P0.02
G1 X31.6914 Y-34.7176 F2200.0
G1 X30.5857 Y-34.6292
G1 X31.0943 Y-35.6685
G1 Z0.0000 F2500.0
G4 P0.02
G0 X31.0852 Y-35.7409 F15000.0
G1 Z11.9000 F2500.0
G4 P0.02
G1 X31.8150 Y-37.8417 F2200.0
G1 X33.0312 Y-37.8417
G1 X32.0140 Y-35.6303
G1 X31.1737 Y-35.6525
G1 X32.0361 Y-35.6082
G1 X31.8371 Y-34.9891
G1 Z0.0000 F2500.0
G4 P0.02
G0 X32.0452 Y-35.5358 F15000.0
G1 Z11.9000 F2500.0
G4 P0.02
G1 X31.8462 Y-34.9166 F2200.0
G1 X32.3105 Y-36.0665
G1 Z0.0000 F2500.0
G4 P0.02
G0 X32.3015 Y-36.1390 F15000.0
G1 Z11.9000 F2500.0
G4 P0.02
G1 X32.6332 Y-35.5419 F2200.0
G1 X33.6062 Y-37.8638
G1 X33.5841 Y-37.4436
G1 X33.7831 Y-36.8466
G1 X34.4907 Y-37.3331
G1 X34.7340 Y-37.4215
G1 X34.9551 Y-37.6869
G1 X34.7561 Y-37.3994
G1 Z0.0000 F2500.0
G4 P0.02
G0 X34.7340 Y-37.4215 F15000.0
G1 Z11.9000 F2500.0
G4 P0.02
G1 X34.1148 Y-35.6746 F2200.0
G1 X33.7167 Y-36.6697
G1 X33.7831 Y-36.8466
G1 Z0.0000 F2500.0
G4 P0.02
G0 X33.8208 Y-36.7841 F15000.0
G1 Z11.9000 F2500.0
G4 P0.02
G1 X33.7545 Y-36.6072 F2200.0
G1 Z0.0000 F2500.0
G4 P0.02
G0 X33.7921 Y-36.7742 F15000.0
G1 Z11.9000 F2500.0
G4 P0.02
G1 X33.5931 Y-37.3712 F2200.0
G1 X33.6152 Y-37.7914
G1 Z0.0000 F2500.0
G4 P0.02
G0 X34.4998 Y-37.2607 F15000.0
G1 Z11.9000 F2500.0
G4 P0.02
G1 X34.7430 Y-37.3491 F2200.0
G1 X34.9641 Y-37.6145
G1 X34.7651 Y-37.3270
G1 Z0.0000 F2500.0
G4 P0.02
G0 X29.9754 Y-36.7295 F15000.0
G1 Z11.9000 F2500.0
G4 P0.02
G1 X29.6216 Y-36.6189 F2200.0
G1 X29.5331 Y-36.5084
G1 Z0.0000 F2500.0
G4 P0.02
G0 X29.0024 Y-37.0170 F15000.0
G1 Z11.9000 F2500.0
G4 P0.02
G1 X29.1130 Y-37.6140 F2200.0
G1 Z0.0000 F2500.0
G4 P0.02
G0 X27.5429 Y-37.9900 F15000.0
G1 Z11.9000 F2500.0
G4 P0.02
G1 X27.5872 Y-38.1448 F2200.0
G1 Z0.0000 F2500.0
G4 P0.02
G0 X27.4144 Y-37.7975 F15000.0
G1 Z11.9000 F2500.0
G4 P0.02
G1 X26.7731 Y-35.8957 F2200.0
G1 X28.0115 Y-37.5321
G1 X27.4365 Y-35.7409
G1 X28.1442 Y-35.6525
G1 Z0.0000 F2500.0
G4 P0.02
G0 X27.4103 Y-37.7246 F15000.0
G1 Z11.9000 F2500.0
G4 P0.02
G1 X26.5478 Y-38.7197 F2200.0
G1 X27.3660 Y-38.6755
G1 X27.6535 Y-38.5870
G1 X27.5208 Y-37.9457
G1 X27.3881 Y-37.7246
G1 Z0.0000 F2500.0
G4 P0.02
G0 X27.3702 Y-38.7483 F15000.0
G1 Z11.9000 F2500.0
G4 P0.02
G1 X27.6577 Y-38.6599 F2200.0
G1 X27.5250 Y-38.0186
G1 X27.3923 Y-37.7975
G1 X26.3309 Y-37.6648
G1 X26.1761 Y-37.4879
G1 Z0.0000 F2500.0
G4 P0.02
G0 X24.5606 Y-38.1606 F15000.0
G1 Z11.9000 F2500.0
G4 P0.02
G1 X24.6269 Y-38.5807 F2200.0
G1 Z0.0000 F2500.0
G4 P0.02
G0 X23.7155 Y-38.8084 F15000.0
G1 Z11.9000 F2500.0
G4 P0.02
G1 X22.7646 Y-36.4865 F2200.0
G1 X22.4550 Y-36.0663
G1 X22.1897 Y-38.1892
G1 X22.2560 Y-38.8084
G1 X22.1455 Y-38.2113
G1 X21.9907 Y-38.1228
G1 Z0.0000 F2500.0
G4 P0.02
G0 X22.1944 Y-38.1164 F15000.0
G1 Z11.9000 F2500.0
G4 P0.02
G1 X22.2608 Y-38.7355 F2200.0
G1 X22.1502 Y-38.1385
G1 X21.9954 Y-38.0500
G1 X21.4205 Y-36.7232
G1 Z0.0000 F2500.0
G4 P0.02
G0 X21.5926 Y-37.2162 F15000.0
G1 Z11.9000 F2500.0
G4 P0.02
G1 X20.9071 Y-35.5135 F2200.0
G1 Z0.0000 F2500.0
G4 P0.02
G0 X9.5566 Y-38.5671 F15000.0
G1 Z11.9000 F2500.0
G4 P0.02
G1 X9.4018 Y-38.3460 F2200.0
G1 Z0.0000 F2500.0
G4 P0.02
G0 X3.0073 Y-38.1341 F15000.0
G1 Z11.9000 F2500.0
G4 P0.02
G1 X2.8746 Y-38.1562 F2200.0
G1 X1.3046 Y-36.2544
G1 Z0.0000 F2500.0
G4 P0.02
G0 X0.8402 Y-35.6131 F15000.0
G1 Z11.9000 F2500.0
G4 P0.02
G1 X2.0785 Y-38.8417 F2200.0
G1 Z0.0000 F2500.0
G4 P0.02
G0 X2.1073 Y-38.7746 F15000.0
G1 Z11.9000 F2500.0
G4 P0.02
G1 X3.3678 Y-38.7525 F2200.0
G1 X3.0361 Y-38.0670
G1 X2.9034 Y-38.0891
G1 Z0.0000 F2500.0
G4 P0.02
G0 X2.8150 Y-38.0007 F15000.0
G1 Z11.9000 F2500.0
G4 P0.02
G1 X2.7265 Y-37.9122 F2200.0
G1 X2.9476 Y-37.7132
G1 Z0.0000 F2500.0
G4 P0.02
G0 X2.8083 Y-37.4707 F15000.0
G1 Z11.9000 F2500.0
G4 P0.02
G1 X2.4987 Y-37.7139 F2200.0
G1 Z0.0000 F2500.0
G4 P0.02
G0 X2.5275 Y-37.6469 F15000.0
G1 Z11.9000 F2500.0
G4 P0.02
G1 X2.8371 Y-37.4036 F2200.0
G1 Z0.0000 F2500.0
G4 P0.02
G0 X0.0000 Y-39.4714 F15000.0
G1 Z11.9000 F2500.0
G4 P0.02
G1 X63.2677 Y-39.4714 F12000.0
G1 Z0.0000 F2500.0
G4 P0.02
G0 X61.1918 Y-37.7090 F15000.0
G1 Z11.9000 F2500.0
G4 P0.02
G1 X60.9264 Y-37.4658 F2200.0
G1 X60.4621 Y-35.9842
G1 X60.4621 Y-35.7409
G1 X59.5996 Y-37.7532
G1 Z0.0000 F2500.0
G4 P0.02
G0 X59.6001 Y-37.6803 F15000.0
G1 Z11.9000 F2500.0
G4 P0.02
G1 X58.8040 Y-35.4910 F2200.0
G1 Z0.0000 F2500.0
G4 P0.02
G0 X58.8035 Y-35.5640 F15000.0
G1 Z11.9000 F2500.0
G4 P0.02
G1 X59.6881 Y-35.5640 F2200.0
G1 Z0.0000 F2500.0
G4 P0.02
G0 X59.6885 Y-35.4910 F15000.0
G1 Z11.9000 F2500.0
G4 P0.02
G1 X60.3519 Y-37.4149 F2200.0
G1 Z0.0000 F2500.0
G4 P0.02
G0 X60.3515 Y-37.4879 F15000.0
G1 Z11.9000 F2500.0
G4 P0.02
G1 X59.5775 Y-37.7753 F2200.0
G1 X58.7814 Y-37.7532
G1 Z0.0000 F2500.0
G4 P0.02
G0 X58.7819 Y-37.6803 F15000.0
G1 Z11.9000 F2500.0
G4 P0.02
G1 X57.9416 Y-35.4910 F2200.0
G1 X57.6438 Y-35.5625
G1 Z0.0000 F2500.0
G4 P0.02
G0 X57.6315 Y-35.5861 F15000.0
G1 Z11.9000 F2500.0
G4 P0.02
G1 X57.4989 Y-35.7409 F2200.0
G1 X57.1893 Y-35.6525
G1 X56.6585 Y-35.6525
G1 X57.9411 Y-35.5640
G1 X57.6434 Y-35.6355 F2200.0
G1 Z0.0000 F2500.0
G4 P0.02
G0 X57.1883 Y-35.5795 F15000.0
G1 Z11.9000 F2500.0
G4 P0.02
G1 X57.4979 Y-35.6679 F2200.0
G1 X57.6306 Y-35.5131
G1 X58.1613 Y-37.7245
G1 Z0.0000 F2500.0
G4 P0.02
G0 X58.1623 Y-37.7975 F15000.0
G1 Z11.9000 F2500.0
G4 P0.02
G1 X57.2998 Y-37.7090 F2200.0
G1 X57.0345 Y-37.4658
G1 X56.5701 Y-35.9842
G1 X56.5701 Y-35.7409
G1 X56.3932 Y-37.5984
G1 X56.4595 Y-37.8417
G1 X56.0394 Y-38.7705
G1 X56.7028 Y-38.7705
G1 X55.7961 Y-35.3650
G1 Z0.0000 F2500.0
G4 P0.02
G0 X55.7952 Y-35.2920 F15000.0
G1 Z11.9000 F2500.0
G4 P0.02
G1 X54.7116 Y-35.5353 F2200.0
G1 X55.7952 Y-35.5574
G1 Z0.0000 F2500.0
G4 P0.02
G0 X55.7961 Y-35.6303 F15000.0
G1 Z11.9000 F2500.0
G4 P0.02
G1 X56.2384 Y-37.1562 F2200.0
G1 X55.7961 Y-38.4609
G1 X54.6683 Y-35.6303
G1 X54.4914 Y-35.6082
G1 Z0.0000 F2500.0
G4 P0.02
G0 X54.4905 Y-35.5353 F15000.0
G1 Z11.9000 F2500.0
G4 P0.02
G1 X54.6674 Y-35.5574 F2200.0
G1 Z0.0000 F2500.0
G4 P0.02
G0 X56.5692 Y-35.6679 F15000.0
G1 Z11.9000 F2500.0
G4 P0.02
G1 X56.5692 Y-35.9112 F2200.0
G1 Z0.0000 F2500.0
G4 P0.02
G0 X57.0335 Y-37.3928 F15000.0
G1 Z11.9000 F2500.0
G4 P0.02
G1 X57.2989 Y-37.6360 F2200.0
G1 Z0.0000 F2500.0
G4 P0.02
G0 X56.4586 Y-37.7687 F15000.0
G1 Z11.9000 F2500.0
G4 P0.02
G1 X56.3922 Y-37.5255 F2200.0
G1 Z0.0000 F2500.0
G4 P0.02
G0 X60.4625 Y-35.9112 F15000.0
G1 Z11.9000 F2500.0
G4 P0.02
G1 X60.4625 Y-35.6679 F2200.0
G1 Z0.0000 F2500.0
G4 P0.02
G0 X60.5505 Y-35.6525 F15000.0
G1 Z11.9000 F2500.0
G4 P0.02
G1 X61.0812 Y-35.6525 F2200.0
G1 X61.3908 Y-35.7409
G1 X61.5235 Y-35.5861
G1 Z0.0000 F2500.0
G4 P0.02
G0 X61.0817 Y-35.5795 F15000.0
G1 Z11.9000 F2500.0
G4 P0.02
G1 X61.3912 Y-35.6679 F2200.0
G1 X61.5239 Y-35.5131
G1 X62.0546 Y-37.7245
G1 X61.1922 Y-37.6360
G1 X60.9269 Y-37.3928
G1 Z0.0000 F2500.0
G4 P0.02
G0 X63.2677 Y-34.6110 F15000.0
G1 Z11.9000 F2500.0
G4 P0.02
G1 X0.0000 Y-34.6110 F12000.0
G1 Z0.0000 F2500.0
G4 P0.02
G0 X0.0000 Y-29.7506 F15000.0
G1 Z11.9000 F2500.0
G4 P0.02
G1 X63.2677 Y-29.7506 F12000.0
G1 Z0.0000 F2500.0
G4 P0.02
G0 X63.2677 Y-19.9474 F15000.0
G1 Z11.9000 F2500.0
G4 P0.02
G1 X131.3959 Y-19.9474 F12000.0
G1 X180.0000 Y-19.9474 F12000.0
G1 Z0.0000 F2500.0
G4 P0.02
G0 X180.0000 Y-24.8078 F15000.0
G1 Z11.9000 F2500.0
G4 P0.02
G1 X131.3959 Y-24.8078 F12000.0
G1 Z0.0000 F2500.0
G4 P0.02
G0 X134.2373 Y-22.3191 F15000.0
G1 Z11.9000 F2500.0
G4 P0.02
G1 X133.3970 Y-21.0586 F2200.0
G1 Z0.0000 F2500.0
G4 P0.02
G0 X134.2579 Y-22.2491 F15000.0
G1 Z11.9000 F2500.0
G4 P0.02
G1 X135.0540 Y-21.0107 F2200.0
G1 Z0.0000 F2500.0
G4 P0.02
G0 X135.0334 Y-21.0807 F15000.0
G1 Z11.9000 F2500.0
G4 P0.02
G1 X136.1169 Y-24.1324 F2200.0
G1 X135.4535 Y-24.1103
G1 X136.5371 Y-23.2479
G1 X135.8073 Y-21.3903
G1 X135.8073 Y-21.1250
G1 Z0.0000 F2500.0
G4 P0.02
G0 X135.8279 Y-21.3203 F15000.0
G1 Z11.9000 F2500.0
G4 P0.02
G1 X135.8279 Y-21.0550 F2200.0
G1 X136.8452 Y-21.0107
G1 X137.7739 Y-23.1779
G1 Z0.0000 F2500.0
G4 P0.02
G0 X137.7533 Y-23.2479 F15000.0
G1 Z11.9000 F2500.0
G4 P0.02
G1 X136.1390 Y-22.2306 F2200.0
G1 X136.0727 Y-22.0759
G1 Z0.0000 F2500.0
G4 P0.02
G0 X136.1596 Y-22.1606 F15000.0
G1 Z11.9000 F2500.0
G4 P0.02
G1 X136.0933 Y-22.0059 F2200.0
G1 X138.1720 Y-22.8683
G1 Z0.0000 F2500.0
G4 P0.02
G0 X138.1513 Y-22.9383 F15000.0
G1 Z11.9000 F2500.0
G4 P0.02
G1 X137.5985 Y-21.3903 F2200.0
G1 X137.8860 Y-21.0365
G1 Z0.0000 F2500.0
G4 P0.02
G0 X137.6191 Y-21.3203 F15000.0
G1 Z11.9000 F2500.0
G4 P0.02
G1 X137.9066 Y-20.9665 F2200.0
G1 X138.7248 Y-20.9223
G1 Z0.0000 F2500.0
G4 P0.02
G0 X138.7042 Y-20.9923 F15000.0
G1 Z11.9000 F2500.0
G4 P0.02
G1 X138.2840 Y-23.0710 F2200.0
G1 X139.5003 Y-23.1594
G1 X139.9465 Y-22.9881
G1 Z0.0000 F2500.0
G4 P0.02
G0 X140.0597 Y-23.0931 F15000.0
G1 Z11.9000 F2500.0
G4 P0.02
G1 X139.5732 Y-23.1594 F2200.0
G1 Z0.0000 F2500.0
G4 P0.02
G0 X139.5003 Y-23.1594 F15000.0
G1 Z11.9000 F2500.0
G4 P0.02
G1 X139.9868 Y-23.0931 F2200.0
G1 X139.1465 Y-20.9038
G1 Z0.0000 F2500.0
G4 P0.02
G0 X139.6329 Y-22.2306 F15000.0
G1 Z11.9000 F2500.0
G4 P0.02
G1 X140.0752 Y-23.1815 F2200.0
G1 X141.6674 Y-23.1815
G1 X141.7337 Y-22.7614
G1 X141.0703 Y-20.9038
G1 X140.1194 Y-20.9038
G1 X140.9155 Y-23.1594
G1 X139.5003 Y-23.1594
G1 Z0.0000 F2500.0
G4 P0.02
G0 X141.1167 Y-24.8078 F15000.0
G1 Z11.9000 F2500.0
G4 P0.02
G1 X141.1167 Y-39.4714 F12000.0
G1 Z0.0000 F2500.0
G4 P0.02
G0 X141.4216 Y-40.3636 F15000.0
G1 Z11.9000 F2500.0
G4 P0.02
G1 X141.5024 Y-40.7141 F2200.0
G1 Z0.0000 F2500.0
G4 P0.02
G0 X141.5562 Y-40.7536 F15000.0
G1 Z11.9000 F2500.0
G4 P0.02
G1 X142.1734 Y-40.5405 F2200.0
G1 X140.6255 Y-40.9165
G1 Z0.0000 F2500.0
G4 P0.02
G0 X140.4486 Y-40.3636 F15000.0
G1 Z11.9000 F2500.0
G4 P0.02
G1 X139.6190 Y-40.6808 F2200.0
G1 Z0.0000 F2500.0
G4 P0.02
G0 X140.4513 Y-40.2907 F15000.0
G1 Z11.9000 F2500.0
G4 P0.02
G1 X141.2695 Y-42.5463 F2200.0
G1 Z0.0000 F2500.0
G4 P0.02
G0 X142.0186 Y-42.6413 F15000.0
G1 Z11.9000 F2500.0
G4 P0.02
G1 X142.0628 Y-42.2212 F2200.0
G1 Z0.0000 F2500.0
G4 P0.02
G0 X141.5048 Y-40.6412 F15000.0
G1 Z11.9000 F2500.0
G4 P0.02
G1 X141.4239 Y-40.2907 F2200.0
G1 X142.0652 Y-42.1482
G1 X142.0210 Y-42.5684
G1 X140.3625 Y-42.5463
G1 Z0.0000 F2500.0
G4 P0.02
G0 X140.3601 Y-42.6192 F15000.0
G1 Z11.9000 F2500.0
G4 P0.02
G1 X139.4977 Y-40.3636 F2200.0
G1 X137.9719 Y-40.8944
G1 X138.0161 Y-41.0270
G1 Z0.0000 F2500.0
G4 P0.02
G0 X137.9497 Y-40.8501 F15000.0
G1 Z11.9000 F2500.0
G4 P0.02
G1 X137.9497 Y-40.5848 F2200.0
G1 Z0.0000 F2500.0
G4 P0.02
G0 X137.9743 Y-40.8214 F15000.0
G1 Z11.9000 F2500.0
G4 P0.02
G1 X138.0185 Y-40.9541 F2200.0
G1 X139.8981 Y-42.6347
G1 X138.9694 Y-40.4676
G1 X137.9521 Y-40.5118
G1 X137.9521 Y-40.7772
G1 X138.6819 Y-42.6347
G1 Z0.0000 F2500.0
G4 P0.02
G0 X138.6795 Y-42.7077 F15000.0
G1 Z11.9000 F2500.0
G4 P0.02
G1 X137.5959 Y-43.5701 F2200.0
G1 X138.2593 Y-43.5922
G1 X137.1758 Y-40.5405
G1 X136.3797 Y-41.7789
G1 X135.5394 Y-40.5184
G1 Z0.0000 F2500.0
G4 P0.02
G0 X136.1739 Y-39.4714 F15000.0
G1 Z11.9000 F2500.0
G4 P0.02
G1 X136.1739 Y-24.8078 F12000.0
G1 Z0.0000 F2500.0
G4 P0.02
G0 X145.9771 Y-24.8078 F15000.0
G1 Z11.9000 F2500.0
G4 P0.02
G1 X145.9771 Y-44.3318 F12000.0
G1 Z0.0000 F2500.0
G4 P0.02
G0 X149.9595 Y-42.6055 F15000.0
G1 Z11.9000 F2500.0
G4 P0.02
G1 X149.0749 Y-40.3721 F2200.0
G1 Z0.0000 F2500.0
G4 P0.02
G0 X149.7355 Y-41.9381 F15000.0
G1 Z11.9000 F2500.0
G4 P0.02
G1 X150.2884 Y-43.1543 F2200.0
G1 X150.4210 Y-43.6629
G1 X150.3989 Y-43.1543
G1 X150.6643 Y-42.1813
G1 Z0.0000 F2500.0
G4 P0.02
G0 X150.6643 Y-42.1371 F15000.0
G1 Z11.9000 F2500.0
G4 P0.02
G1 X150.5979 Y-41.9602 F2200.0
G1 X151.8805 Y-43.1101
G1 X152.0353 Y-43.1101
G1 X151.1287 Y-40.5228
G1 X153.0083 Y-40.5892
G1 X151.8584 Y-40.5007
G1 X151.8805 Y-40.8545
G1 Z0.0000 F2500.0
G4 P0.02
G0 X151.8391 Y-40.5711 F15000.0
G1 Z11.9000 F2500.0
G4 P0.02
G1 X151.8612 Y-40.9249 F2200.0
G1 X152.4583 Y-42.4728
G1 X152.6352 Y-42.5834
G1 Z0.0000 F2500.0
G4 P0.02
G0 X152.4776 Y-42.4025 F15000.0
G1 Z11.9000 F2500.0
G4 P0.02
G1 X152.6545 Y-42.5130 F2200.0
G1 X153.6054 Y-42.6015
G1 X153.0304 Y-40.6113
G1 X153.0747 Y-40.4565
G1 Z0.0000 F2500.0
G4 P0.02
G0 X153.0111 Y-40.6816 F15000.0
G1 Z11.9000 F2500.0
G4 P0.02
G1 X153.0554 Y-40.5268 F2200.0
G1 X154.7581 Y-40.4384
G1 X153.6524 Y-40.5932
G1 X153.6524 Y-40.8585
G1 X154.2053 Y-42.4065
G1 X155.5542 Y-42.6276
G1 Z0.0000 F2500.0
G4 P0.02
G0 X155.5113 Y-42.5685 F15000.0
G1 Z11.9000 F2500.0
G4 P0.02
G1 X155.8873 Y-42.1926 F2200.0
G1 Z0.0000 F2500.0
G4 P0.02
G0 X155.9301 Y-42.2517 F15000.0
G1 Z11.9000 F2500.0
G4 P0.02
G1 X155.4436 Y-40.8585 F2200.0
G1 X155.4657 Y-40.5711
G1 X156.5493 Y-40.4384
G1 Z0.0000 F2500.0
G4 P0.02
G0 X156.5064 Y-40.3793 F15000.0
G1 Z11.9000 F2500.0
G4 P0.02
G1 X156.1084 Y-42.4801 F2200.0
G1 X157.3025 Y-42.5685
G1 Z0.0000 F2500.0
G4 P0.02
G0 X157.3454 Y-42.6276 F15000.0
G1 Z11.9000 F2500.0
G4 P0.02
G1 X157.3011 Y-40.9691 F2200.0
G1 X157.8982 Y-42.5171
G1 X158.0972 Y-42.6055
G1 Z0.0000 F2500.0
G4 P0.02
G0 X157.8554 Y-42.4580 F15000.0
G1 Z11.9000 F2500.0
G4 P0.02
G1 X158.0544 Y-42.5464 F2200.0
G1 X158.9831 Y-42.5907
G1 X158.3640 Y-40.6005
G1 Z0.0000 F2500.0
G4 P0.02
G0 X158.4289 Y-40.6374 F15000.0
G1 Z11.9000 F2500.0
G4 P0.02
G1 X158.4510 Y-40.5268 F2200.0
G1 Z0.0000 F2500.0
G4 P0.02
G0 X158.4082 Y-40.4678 F15000.0
G1 Z11.9000 F2500.0
G4 P0.02
G1 X158.3861 Y-40.5783 F2200.0
G1 X157.2362 Y-40.8658
G1 Z0.0000 F2500.0
G4 P0.02
G0 X155.4008 Y-40.7995 F15000.0
G1 Z11.9000 F2500.0
G4 P0.02
G1 X155.4229 Y-40.5120 F2200.0
G1 Z0.0000 F2500.0
G4 P0.02
G0 X153.6717 Y-40.5228 F15000.0
G1 Z11.9000 F2500.0
G4 P0.02
G1 X153.6717 Y-40.7882 F2200.0
G1 Z0.0000 F2500.0
G4 P0.02
G0 X152.0160 Y-43.1805 F15000.0
G1 Z11.9000 F2500.0
G4 P0.02
G1 X151.8612 Y-43.1805 F2200.0
G1 Z0.0000 F2500.0
G4 P0.02
G0 X150.3796 Y-43.2247 F15000.0
G1 Z11.9000 F2500.0
G4 P0.02
G1 X150.4017 Y-43.7333 F2200.0
G1 X150.2691 Y-43.2247
G1 Z0.0000 F2500.0
G4 P0.02
G0 X150.6450 Y-42.2517 F15000.0
G1 Z11.9000 F2500.0
G4 P0.02
G1 X151.3305 Y-42.7161 F2200.0
G1 X150.6450 Y-42.2075
G1 X150.5787 Y-42.0306
G1 Z0.0000 F2500.0
G4 P0.02
G0 X145.9771 Y-39.4714 F15000.0
G1 Z11.9000 F2500.0
G4 P0.02
G1 X180.0000 Y-39.4714 F12000.0
G1 Z0.0000 F2500.0
G4 P0.02
G0 X177.8042 Y-40.5550 F15000.0
G1 Z11.9000 F2500.0
G4 P0.02
G1 X176.7870 Y-40.5329 F2200.0
G1 Z0.0000 F2500.0
G4 P0.02
G0 X176.7860 Y-40.6059 F15000.0
G1 Z11.9000 F2500.0
G4 P0.02
G1 X177.3168 Y-42.3528 F2200.0
G1 X177.4716 Y-42.5298
G1 X178.2455 Y-42.6845
G1 X178.4003 Y-42.6403
G1 X178.4888 Y-42.3307
G1 X177.9138 Y-40.7607
G1 Z0.0000 F2500.0
G4 P0.02
G0 X177.8033 Y-40.6280 F15000.0
G1 Z11.9000 F2500.0
G4 P0.02
G1 X176.1985 Y-40.5165 F2200.0
G1 X176.2427 Y-40.8924
G1 X176.7514 Y-42.6615
G1 X175.5793 Y-42.4403
G1 X174.9823 Y-40.6049
G1 X176.1101 Y-40.6491
G1 X176.2206 Y-40.8482
G1 X173.9086 Y-42.3077
G1 X173.3558 Y-40.8703
G1 Z0.0000 F2500.0
G4 P0.02
G0 X174.1518 Y-40.3617 F15000.0
G1 Z11.9000 F2500.0
G4 P0.02
G1 X174.8152 Y-42.2192 F2200.0
G1 X174.7489 Y-42.6394
G1 X173.1567 Y-42.6394
G1 X172.2280 Y-40.3617
G1 X173.0683 Y-42.5509
G1 Z0.0000 F2500.0
G4 P0.02
G0 X173.0704 Y-42.4780 F15000.0
G1 Z11.9000 F2500.0
G4 P0.02
G1 X172.4374 Y-42.1734 F2200.0
G1 Z0.0000 F2500.0
G4 P0.02
G0 X172.6343 Y-42.7107 F15000.0
G1 Z11.9000 F2500.0
G4 P0.02
G1 X171.6835 Y-40.5215 F2200.0
G1 Z0.0000 F2500.0
G4 P0.02
G0 X171.6855 Y-40.4485 F15000.0
G1 Z11.9000 F2500.0
G4 P0.02
G1 X170.8231 Y-40.4485 F2200.0
G1 Z0.0000 F2500.0
G4 P0.02
G0 X170.8210 Y-40.5215 F15000.0
G1 Z11.9000 F2500.0
G4 P0.02
G1 X170.0029 Y-40.8974 F2200.0
G1 X170.0471 Y-41.0301
G1 X171.6614 Y-42.7107
G1 X170.7768 Y-40.5215
G1 X169.9807 Y-40.5878
G1 X169.9807 Y-40.8532
G1 X170.7105 Y-42.7107
G1 Z0.0000 F2500.0
G4 P0.02
G0 X170.7126 Y-42.6378 F15000.0
G1 Z11.9000 F2500.0
G4 P0.02
G1 X168.7115 Y-42.3378 F2200.0
G1 Z0.0000 F2500.0
G4 P0.02
G0 X168.7094 Y-42.4107 F15000.0
G1 Z11.9000 F2500.0
G4 P0.02
G1 X168.1345 Y-40.7964 F2200.0
G1 X168.1566 Y-40.5974
G1 X169.2622 Y-40.4426
G1 Z0.0000 F2500.0
G4 P0.02
G0 X169.9828 Y-40.5149 F15000.0
G1 Z11.9000 F2500.0
G4 P0.02
G1 X169.9828 Y-40.7802 F2200.0
G1 Z0.0000 F2500.0
G4 P0.02
G0 X170.0049 Y-40.8245 F15000.0
G1 Z11.9000 F2500.0
G4 P0.02
G1 X170.0491 Y-40.9571 F2200.0
G1 Z0.0000 F2500.0
G4 P0.02
G0 X168.1345 Y-40.7964 F15000.0
G1 Z11.9000 F2500.0
G4 P0.02
G1 X167.5707 Y-40.8482 F2200.0
G1 X167.4602 Y-40.6491
G1 X166.3324 Y-40.6049
G1 Z0.0000 F2500.0
G4 P0.02
G0 X166.3392 Y-40.5322 F15000.0
G1 Z11.9000 F2500.0
G4 P0.02
G1 X166.9362 Y-42.3677 F2200.0
G1 Z0.0000 F2500.0
G4 P0.02
G0 X166.9295 Y-42.4403 F15000.0
G1 Z11.9000 F2500.0
G4 P0.02
G1 X168.1015 Y-42.6615 F2200.0
G1 Z0.0000 F2500.0
G4 P0.02
G0 X168.1082 Y-42.5888 F15000.0
G1 Z11.9000 F2500.0
G4 P0.02
G1 X167.5996 Y-40.8197 F2200.0
G1 X167.5554 Y-40.4438
G1 Z0.0000 F2500.0
G4 P0.02
G0 X167.4669 Y-40.5765 F15000.0
G1 Z11.9000 F2500.0
G4 P0.02
G1 X167.5775 Y-40.7755 F2200.0
G1 Z0.0000 F2500.0
G4 P0.02
G0 X167.5929 Y-40.8924 F15000.0
G1 Z11.9000 F2500.0
G4 P0.02
G1 X167.5486 Y-40.5165 F2200.0
G1 X165.6138 Y-40.5932
G1 X166.5205 Y-43.1805
G1 X166.3657 Y-43.1805
G1 X165.0831 Y-42.0306
G1 X165.1494 Y-42.2075
G1 Z0.0000 F2500.0
G4 P0.02
G0 X165.1562 Y-42.1790 F15000.0
G1 Z11.9000 F2500.0
G4 P0.02
G1 X165.8417 Y-42.6434 F2200.0
G1 X165.1562 Y-42.1348
G1 X165.0899 Y-41.9579
G1 Z0.0000 F2500.0
G4 P0.02
G0 X165.1494 Y-42.2517 F15000.0
G1 Z11.9000 F2500.0
G4 P0.02
G1 X164.8841 Y-43.2247 F2200.0
G1 X164.9062 Y-43.7333
G1 X164.7735 Y-43.2247
G1 X164.2207 Y-42.0084
G1 X164.4639 Y-42.6055
G1 Z0.0000 F2500.0
G4 P0.02
G0 X164.4707 Y-42.5329 F15000.0
G1 Z11.9000 F2500.0
G4 P0.02
G1 X163.5862 Y-40.2994 F2200.0
G1 Z0.0000 F2500.0
G4 P0.02
G0 X164.7803 Y-43.1520 F15000.0
G1 Z11.9000 F2500.0
G4 P0.02
G1 X164.9130 Y-43.6606 F2200.0
G1 X164.8908 Y-43.1520
G1 Z0.0000 F2500.0
G4 P0.02
G0 X166.3724 Y-43.1078 F15000.0
G1 Z11.9000 F2500.0
G4 P0.02
G1 X166.5272 Y-43.1078 F2200.0
G1 Z0.0000 F2500.0
G4 P0.02
G0 X168.1365 Y-40.7235 F15000.0
G1 Z11.9000 F2500.0
G4 P0.02
G1 X168.1586 Y-40.5245 F2200.0
G1 Z0.0000 F2500.0
G4 P0.02
G0 X172.3529 Y-40.6872 F15000.0
G1 Z11.9000 F2500.0
G4 P0.02
G1 X173.2010 Y-40.3617 F2200.0
G1 X173.9971 Y-42.6173
G1 Z0.0000 F2500.0
G4 P0.02
G0 X174.7510 Y-42.5664 F15000.0
G1 Z11.9000 F2500.0
G4 P0.02
G1 X174.8173 Y-42.1463 F2200.0
G1 Z0.0000 F2500.0
G4 P0.02
G0 X174.9843 Y-40.5320 F15000.0
G1 Z11.9000 F2500.0
G4 P0.02
G1 X174.1539 Y-40.2888 F2200.0
G1 Z0.0000 F2500.0
G4 P0.02
G0 X176.1110 Y-40.5762 F15000.0
G1 Z11.9000 F2500.0
G4 P0.02
G1 X176.2216 Y-40.7752 F2200.0
G1 Z0.0000 F2500.0
G4 P0.02
G0 X176.2437 Y-40.8194 F15000.0
G1 Z11.9000 F2500.0
G4 P0.02
G1 X176.1995 Y-40.4435 F2200.0
G1 Z0.0000 F2500.0
G4 P0.02
G0 X177.3177 Y-42.2799 F15000.0
G1 Z11.9000 F2500.0
G4 P0.02
G1 X177.4725 Y-42.4568 F2200.0
G1 Z0.0000 F2500.0
G4 P0.02
G0 X178.2465 Y-42.6116 F15000.0
G1 Z11.9000 F2500.0
G4 P0.02
G1 X178.4013 Y-42.5674 F2200.0
G1 X178.4897 Y-42.2578
G1 Z0.0000 F2500.0
G4 P0.02
G0 X178.3803 Y-42.5702 F15000.0
G1 Z11.9000 F2500.0
G4 P0.02
G1 X179.0437 Y-43.5210 F2200.0
G1 Z0.0000 F2500.0
G4 P0.02
G0 X179.0637 Y-43.5912 F15000.0
G1 Z11.9000 F2500.0
G4 P0.02
G1 X177.9138 Y-43.5912 F2200.0
G1 Z0.0000 F2500.0
G4 P0.02
G0 X177.8938 Y-43.5210 F15000.0
G1 Z11.9000 F2500.0
G4 P0.02
G1 X178.2547 Y-42.6060 F2200.0
G1 Z0.0000 F2500.0
G4 P0.02
G0 X174.1046 Y-34.4548 F15000.0
G1 Z11.9000 F2500.0
G4 P0.02
G1 X173.6623 Y-34.6538 F2200.0
G1 X172.7999 Y-34.4106
G1 X172.2471 Y-33.8577
G1 Z0.0000 F2500.0
G4 P0.02
G0 X171.0308 Y-33.0838 F15000.0
G1 Z11.9000 F2500.0
G4 P0.02
G1 X170.9424 Y-33.0395 F2200.0
G1 Z0.0000 F2500.0
G4 P0.02
G0 X170.5222 Y-34.3442 F15000.0
G1 Z11.9000 F2500.0
G4 P0.02
G1 X170.2348 Y-34.2779 F2200.0
G1 X169.9473 Y-34.0789
G1 Z0.0000 F2500.0
G4 P0.02
G0 X169.6377 Y-33.8798 F15000.0
G1 Z11.9000 F2500.0
G4 P0.02
G1 X169.2175 Y-33.5260 F2200.0
G1 Z0.0000 F2500.0
G4 P0.02
G0 X170.8539 Y-34.8307 F15000.0
G1 Z11.9000 F2500.0
G4 P0.02
G1 X170.5444 Y-34.3221 F2200.0
G1 X169.1291 Y-30.2532
G1 Z0.0000 F2500.0
G4 P0.02
G0 X170.4117 Y-31.3589 F15000.0
G1 Z11.9000 F2500.0
G4 P0.02
G1 X170.4780 Y-31.4031 F2200.0
G1 Z0.0000 F2500.0
G4 P0.02
G0 X170.8318 Y-30.1206 F15000.0
G1 Z11.9000 F2500.0
G4 P0.02
G1 X171.1193 Y-30.2311 F2200.0
G1 X174.2152 Y-33.6808
G1 X174.2373 Y-34.2558
G1 Z0.0000 F2500.0
G4 P0.02
G0 X173.0211 Y-30.2311 F15000.0
G1 Z11.9000 F2500.0
G4 P0.02
G1 X171.1414 Y-30.2311 F2200.0
G1 Z0.0000 F2500.0
G4 P0.02
G0 X174.9301 Y-23.7969 F15000.0
G1 Z11.9000 F2500.0
G4 P0.02
G1 X174.4657 Y-23.5316 F2200.0
G1 Z0.0000 F2500.0
G4 P0.02
G0 X175.1291 Y-23.9075 F15000.0
G1 Z11.9000 F2500.0
G4 P0.02
G1 X175.2618 Y-23.8411 F2200.0
G1 X174.6205 Y-21.9836
G1 X174.2004 Y-21.0106
G1 Z0.0000 F2500.0
G4 P0.02
G0 X175.2618 Y-23.8633 F15000.0
G1 Z11.9000 F2500.0
G4 P0.02
G1 X175.3945 Y-24.0180 F2200.0
G1 Z0.0000 F2500.0
G4 P0.02
G0 X165.8278 Y-23.9388 F15000.0
G1 Z11.9000 F2500.0
G4 P0.02
G1 X165.7614 Y-24.0715 F2200.0
G1 X165.2528 Y-23.9167
G1 Z0.0000 F2500.0
G4 P0.02
G0 X165.2420 Y-23.9888 F15000.0
G1 Z11.9000 F2500.0
G4 P0.02
G1 X164.3132 Y-21.4679 F2200.0
G1 X164.3132 Y-21.0920
G1 Z0.0000 F2500.0
G4 P0.02
G0 X164.3240 Y-21.3957 F15000.0
G1 Z11.9000 F2500.0
G4 P0.02
G1 X164.3240 Y-21.0198 F2200.0
G1 X165.1865 Y-21.0419
G1 X163.6038 Y-21.2454
G1 X164.1567 Y-23.0144
G1 X164.0461 Y-23.1250
G1 Z0.0000 F2500.0
G4 P0.02
G0 X164.1458 Y-23.0866 F15000.0
G1 Z11.9000 F2500.0
G4 P0.02
G1 X164.0353 Y-23.1972 F2200.0
G1 X163.2392 Y-23.1087
G1 X163.4603 Y-21.1406
G1 X162.4652 Y-21.1406
G1 X163.0180 Y-22.9318
G1 Z0.0000 F2500.0
G4 P0.02
G0 X163.0289 Y-22.8596 F15000.0
G1 Z11.9000 F2500.0
G4 P0.02
G1 X161.4908 Y-23.0853 F2200.0
G1 Z0.0000 F2500.0
G4 P0.02
G0 X161.4800 Y-23.1575 F15000.0
G1 Z11.9000 F2500.0
G4 P0.02
G1 X160.6839 Y-20.9019 F2200.0
G1 Z0.0000 F2500.0
G4 P0.02
G0 X160.6947 Y-20.8297 F15000.0
G1 Z11.9000 F2500.0
G4 P0.02
G1 X161.6456 Y-20.8297 F2200.0
G1 Z0.0000 F2500.0
G4 P0.02
G0 X161.6348 Y-20.9019 F15000.0
G1 Z11.9000 F2500.0
G4 P0.02
G1 X162.2982 Y-22.7594 F2200.0
G1 X162.2318 Y-23.1796
G1 X160.6397 Y-23.1796
G1 X160.1974 Y-22.2287
G1 Z0.0000 F2500.0
G4 P0.02
G0 X160.5112 Y-22.9868 F15000.0
G1 Z11.9000 F2500.0
G4 P0.02
G1 X160.0862 Y-23.1499 F2200.0
G1 X158.7152 Y-22.9509
G1 X158.1403 Y-21.3366
G1 X158.1624 Y-21.1376
G1 X159.2680 Y-20.9828
G1 X156.6478 Y-22.0789
G1 X156.7141 Y-22.2337
G1 Z0.0000 F2500.0
G4 P0.02
G0 X156.6575 Y-22.0066 F15000.0
G1 Z11.9000 F2500.0
G4 P0.02
G1 X156.7238 Y-22.1614 F2200.0
G1 X158.3160 Y-23.1786
G1 X157.4757 Y-21.1663
G1 Z0.0000 F2500.0
G4 P0.02
G0 X157.4660 Y-21.2386 F15000.0
G1 Z11.9000 F2500.0
G4 P0.02
G1 X156.3824 Y-21.1280 F2200.0
G1 X156.3824 Y-21.3934
G1 Z0.0000 F2500.0
G4 P0.02
G0 X156.3921 Y-21.0557 F15000.0
G1 Z11.9000 F2500.0
G4 P0.02
G1 X156.3921 Y-21.3211 F2200.0
G1 X157.1219 Y-23.1786
G1 Z0.0000 F2500.0
G4 P0.02
G0 X157.1122 Y-23.2509 F15000.0
G1 Z11.9000 F2500.0
G4 P0.02
G1 X156.0181 Y-24.1103 F2200.0
G1 X156.6815 Y-24.1324
G1 X155.5979 Y-21.0807
G1 X154.8018 Y-22.3191
G1 X154.7134 Y-22.2085
G1 Z0.0000 F2500.0
G4 P0.02
G0 X154.7231 Y-22.1362 F15000.0
G1 Z11.9000 F2500.0
G4 P0.02
G1 X154.8115 Y-22.2468 F2200.0
G1 Z0.0000 F2500.0
G4 P0.02
G0 X154.4259 Y-21.7663 F15000.0
G1 Z11.9000 F2500.0
G4 P0.02
G1 X153.9615 Y-21.0586 F2200.0
G1 Z0.0000 F2500.0
G4 P0.02
G0 X154.7700 Y-18.6888 F15000.0
G1 Z11.9000 F2500.0
G4 P0.02
G1 X153.0451 Y-18.6003 F2200.0
G1 X151.2982 Y-14.0671
G1 X151.3424 Y-14.1334
G1 X150.5617 Y-14.4173
G1 Z0.0000 F2500.0
G4 P0.02
G0 X150.4826 Y-14.1997 F15000.0
G1 Z11.9000 F2500.0
G4 P0.02
G1 X152.0084 Y-18.5782 F2200.0
G1 X152.1411 Y-18.6888
G1 X151.9863 Y-18.6003
G1 X150.0846 Y-18.6003
G1 Z0.0000 F2500.0
G4 P0.02
G0 X150.0962 Y-18.5283 F15000.0
G1 Z11.9000 F2500.0
G4 P0.02
G1 X148.3492 Y-13.9950 F2200.0
G1 X148.3935 Y-14.0614
G1 Z0.0000 F2500.0
G4 P0.02
G0 X148.3376 Y-14.0671 F15000.0
G1 Z11.9000 F2500.0
G4 P0.02
G1 X148.3818 Y-14.1334 F2200.0
G1 Z0.0000 F2500.0
G4 P0.02
G0 X147.8070 Y-11.7582 F15000.0
G1 Z11.9000 F2500.0
G4 P0.02
G1 X148.7578 Y-11.7803 F2200.0
G1 X147.2320 Y-7.4018
G1 X146.0600 Y-9.1930
G1 X144.6890 Y-7.2692
G1 Z0.0000 F2500.0
G4 P0.02
G0 X148.9037 Y-7.2647 F15000.0
G1 Z11.9000 F2500.0
G4 P0.02
G1 X150.4074 Y-11.3336 F2200.0
G1 Z0.0000 F2500.0
G4 P0.02
G0 X150.4755 Y-11.3072 F15000.0
G1 Z11.9000 F2500.0
G4 P0.02
G1 X150.5860 Y-11.7716 F2200.0
G1 X151.7802 Y-11.8822
G1 X150.6382 Y-11.5433
G1 Z0.0000 F2500.0
G4 P0.02
G0 X150.5160 Y-11.5544 F15000.0
G1 Z11.9000 F2500.0
G4 P0.02
G1 X149.6899 Y-11.7511 F2200.0
G1 X150.5302 Y-11.7290
G1 X151.4001 Y-8.7976
G1 X153.3018 Y-8.7976
G1 Z0.0000 F2500.0
G4 P0.02
G0 X153.3355 Y-8.8623 F15000.0
G1 Z11.9000 F2500.0
G4 P0.02
G1 X153.6127 Y-7.3004 F2200.0
G1 Z0.0000 F2500.0
G4 P0.02
G0 X153.5790 Y-7.2357 F15000.0
G1 Z11.9000 F2500.0
G4 P0.02
G1 X154.9058 Y-7.4126 F2200.0
G1 Z0.0000 F2500.0
G4 P0.02
G0 X154.9395 Y-7.4773 F15000.0
G1 Z11.9000 F2500.0
G4 P0.02
G1 X155.5366 Y-8.1849 F2200.0
G1 X155.7799 Y-8.8704
G1 X155.8462 Y-9.3127
G1 X155.7577 Y-9.5117
G1 X155.4703 Y-9.6886
G1 X154.5194 Y-9.7771
G1 Z0.0000 F2500.0
G4 P0.02
G0 X154.4857 Y-9.7124 F15000.0
G1 Z11.9000 F2500.0
G4 P0.02
G1 X155.1049 Y-11.6362 F2200.0
G1 X155.1933 Y-11.7247
G1 X158.8344 Y-11.8023
G1 X158.6354 Y-11.5148
G1 Z0.0000 F2500.0
G4 P0.02
G0 X158.6280 Y-11.4660 F15000.0
G1 Z11.9000 F2500.0
G4 P0.02
G1 X158.0278 Y-11.2479 F2200.0
G1 Z0.0000 F2500.0
G4 P0.02
G0 X158.0964 Y-11.2230 F15000.0
G1 Z11.9000 F2500.0
G4 P0.02
G1 X157.3224 Y-10.6260 F2200.0
G1 Z0.0000 F2500.0
G4 P0.02
G0 X157.2538 Y-10.6508 F15000.0
G1 Z11.9000 F2500.0
G4 P0.02
G1 X158.2083 Y-10.3056 F2200.0
G1 Z0.0000 F2500.0
G4 P0.02
G0 X159.2608 Y-10.6112 F15000.0
G1 Z11.9000 F2500.0
G4 P0.02
G1 X159.5040 Y-11.1419 F2200.0
G1 X160.0126 Y-11.5842
G1 Z0.0000 F2500.0
G4 P0.02
G0 X159.9989 Y-11.6559 F15000.0
G1 Z11.9000 F2500.0
G4 P0.02
G1 X161.0824 Y-11.7886 F2200.0
G1 X161.4141 Y-11.5011
G1 Z0.0000 F2500.0
G4 P0.02
G0 X161.0962 Y-11.7169 F15000.0
G1 Z11.9000 F2500.0
G4 P0.02
G1 X161.4279 Y-11.4294 F2200.0
G1 X161.3394 Y-10.5891
G1 Z0.0000 F2500.0
G4 P0.02
G0 X161.3257 Y-10.6608 F15000.0
G1 Z11.9000 F2500.0
G4 P0.02
G1 X160.7065 Y-9.0465 F2200.0
G1 X160.7507 Y-9.3782
G1 Z0.0000 F2500.0
G4 P0.02
G0 X160.7203 Y-8.9748 F15000.0
G1 Z11.9000 F2500.0
G4 P0.02
G1 X160.7645 Y-9.3065 F2200.0
G1 X159.3050 Y-9.4171
G1 Z0.0000 F2500.0
G4 P0.02
G0 X159.2912 Y-9.4888 F15000.0
G1 Z11.9000 F2500.0
G4 P0.02
G1 X159.5566 Y-11.3021 F2200.0
G1 X160.3748 Y-8.5600
G1 X160.0210 Y-8.1398
G1 X160.9276 Y-9.5330
G1 X161.2151 Y-10.3512
G1 X161.4738 Y-8.8623
G1 Z0.0000 F2500.0
G4 P0.02
G0 X161.4876 Y-8.7907 F15000.0
G1 Z11.9000 F2500.0
G4 P0.02
G1 X164.7239 Y-8.7127 F2200.0
G1 Z0.0000 F2500.0
G4 P0.02
G0 X165.4177 Y-8.8507 F15000.0
G1 Z11.9000 F2500.0
G4 P0.02
G1 X165.4841 Y-8.6738 F2200.0
G1 X165.2630 Y-7.7451
G1 Z0.0000 F2500.0
G4 P0.02
G0 X165.2949 Y-7.6794 F15000.0
G1 Z11.9000 F2500.0
G4 P0.02
G1 X164.9189 Y-7.3477 F2200.0
G1 Z0.0000 F2500.0
G4 P0.02
G0 X164.8870 Y-7.4134 F15000.0
G1 Z11.9000 F2500.0
G4 P0.02
G1 X163.8477 Y-7.3691 F2200.0
G1 X163.3756 Y-8.8623
G1 Z0.0000 F2500.0
G4 P0.02
G0 X164.7641 Y-10.0234 F15000.0
G1 Z11.9000 F2500.0
G4 P0.02
G1 X164.8747 Y-10.1119 F2200.0
G1 X164.7420 Y-8.7188
G1 X165.4496 Y-8.7851
G1 X165.5160 Y-8.6082
G1 Z0.0000 F2500.0
G4 P0.02
G0 X165.5381 Y-8.8736 F15000.0
G1 Z11.9000 F2500.0
G4 P0.02
G1 X165.6708 Y-9.0283 F2200.0
G1 Z0.0000 F2500.0
G4 P0.02
G0 X165.8477 Y-9.2495 F15000.0
G1 Z11.9000 F2500.0
G4 P0.02
G1 X166.1131 Y-10.1119 F2200.0
G1 Z0.0000 F2500.0
G4 P0.02
G0 X166.0246 Y-10.2225 F15000.0
G1 Z11.9000 F2500.0
G4 P0.02
G1 X165.9361 Y-10.3109 F2200.0
G1 Z0.0000 F2500.0
G4 P0.02
G0 X165.8158 Y-9.3151 F15000.0
G1 Z11.9000 F2500.0
G4 P0.02
G1 X165.5062 Y-8.9392 F2200.0
G1 X165.6389 Y-9.0940
G1 X165.9927 Y-10.2881
G1 X165.9042 Y-10.3766
G1 X165.0860 Y-10.3102
G1 X164.7322 Y-10.0891
G1 X164.8428 Y-10.1775
G1 Z0.0000 F2500.0
G4 P0.02
G0 X159.4903 Y-11.2136 F15000.0
G1 Z11.9000 F2500.0
G4 P0.02
G1 X159.2470 Y-10.6829 F2200.0
G1 X158.7605 Y-7.3438
G1 X157.1654 Y-7.4222 F2200.0
G1 X158.6691 Y-11.5796
G1 X158.8681 Y-11.8670
G1 Z0.0000 F2500.0
G4 P0.02
G0 X158.9781 Y-14.1997 F15000.0
G1 Z11.9000 F2500.0
G4 P0.02
G1 X159.9732 Y-16.9418 F2200.0
G1 X160.3913 Y-15.5920
G1 X160.1481 Y-14.9286
G1 X160.1702 Y-14.3979
G1 X161.5191 Y-14.1326
G1 X160.6567 Y-16.3218
G1 X161.4085 Y-18.1572
G1 X161.7181 Y-18.4004
G1 X162.0498 Y-18.5331
G1 X163.2661 Y-18.6879
G1 Z0.0000 F2500.0
G4 P0.02
G0 X162.0703 Y-18.4631 F15000.0
G1 Z11.9000 F2500.0
G4 P0.02
G1 X161.7386 Y-18.3304 F2200.0
G1 X161.4291 Y-18.0872
G1 Z0.0000 F2500.0
G4 P0.02
G0 X161.2316 Y-17.8476 F15000.0
G1 Z11.9000 F2500.0
G4 P0.02
G1 X161.2095 Y-17.7813 F2200.0
G1 X160.1280 Y-17.3620
G1 X160.5039 Y-18.5782
G1 X158.5800 Y-18.6003
G1 Z0.0000 F2500.0
G4 P0.02
G0 X157.6839 Y-18.5523 F15000.0
G1 Z11.9000 F2500.0
G4 P0.02
G1 X157.0868 Y-16.9602 F2200.0
G1 X156.8952 Y-16.7449
G1 Z0.0000 F2500.0
G4 P0.02
G0 X156.8747 Y-16.8149 F15000.0
G1 Z11.9000 F2500.0
G4 P0.02
G1 X157.0663 Y-17.0302 F2200.0
G1 Z0.0000 F2500.0
G4 P0.02
G0 X157.0935 Y-16.9625 F15000.0
G1 Z11.9000 F2500.0
G4 P0.02
G1 X156.6955 Y-16.1443 F2200.0
G1 X155.1475 Y-16.2991
G1 Z0.0000 F2500.0
G4 P0.02
G0 X155.1203 Y-16.3668 F15000.0
G1 Z11.9000 F2500.0
G4 P0.02
G1 X155.5626 Y-18.6224 F2200.0
G1 X155.0098 Y-17.0744
G1 X155.0098 Y-16.4774
G1 Z0.0000 F2500.0
G4 P0.02
G0 X155.0370 Y-17.0067 F15000.0
G1 Z11.9000 F2500.0
G4 P0.02
G1 X155.0370 Y-16.4097 F2200.0
G1 X154.3736 Y-14.0435
G1 X155.7004 Y-14.2204
G1 Z0.0000 F2500.0
G4 P0.02
G0 X155.6732 Y-14.2881 F15000.0
G1 Z11.9000 F2500.0
G4 P0.02
G1 X156.1154 Y-14.6420 F2200.0
G1 X156.5356 Y-15.6149
G1 X156.6904 Y-16.1899
G1 Z0.0000 F2500.0
G4 P0.02
G0 X156.9830 Y-16.6750 F15000.0
G1 Z11.9000 F2500.0
G4 P0.02
G1 X154.7972 Y-18.6211 F2200.0
G1 Z0.0000 F2500.0
G4 P0.02
G0 X152.0201 Y-18.5062 F15000.0
G1 Z11.9000 F2500.0
G4 P0.02
G1 X152.1527 Y-18.6167 F2200.0
G1 X151.9979 Y-18.5283
G1 Z0.0000 F2500.0
G4 P0.02
G0 X151.4142 Y-19.9474 F15000.0
G1 Z11.9000 F2500.0
G4 P0.02
G1 X151.4142 Y-24.8078 F2200.0
G1 Z0.0000 F2500.0
G4 P0.02
G0 X151.3483 Y-29.3024 F15000.0
G1 Z11.9000 F2500.0
G4 P0.02
G1 X152.0117 Y-30.2754 F2200.0
G1 Z0.0000 F2500.0
G4 P0.02
G0 X151.5916 Y-29.5456 F15000.0
G1 Z11.9000 F2500.0
G4 P0.02
G1 X151.5473 Y-29.4793 F2200.0
G1 Z0.0000 F2500.0
G4 P0.02
G0 X150.9060 Y-30.4301 F15000.0
G1 Z11.9000 F2500.0
G4 P0.02
G1 X150.3974 Y-30.1869 F2200.0
G1 X149.5350 Y-30.2311
G1 Z0.0000 F2500.0
G4 P0.02
G0 X149.3360 Y-30.4080 F15000.0
G1 Z11.9000 F2500.0
G4 P0.02
G1 X149.2696 Y-30.5186 F2200.0
G1 X149.2696 Y-30.9609
G1 X149.5350 Y-31.7348
G1 Z0.0000 F2500.0
G4 P0.02
G0 X149.6677 Y-32.0887 F15000.0
G1 Z11.9000 F2500.0
G4 P0.02
G1 X150.4417 Y-34.0789 F2200.0
G1 X150.8618 Y-34.4769
G1 X151.0829 Y-34.5875
G1 X152.2328 Y-34.5432
G1 Z0.0000 F2500.0
G4 P0.02
G0 X152.3434 Y-34.4327 F15000.0
G1 Z11.9000 F2500.0
G4 P0.02
G1 X152.2107 Y-33.3491 F2200.0
G1 Z0.0000 F2500.0
G4 P0.02
G0 X152.0559 Y-32.9290 F15000.0
G1 Z11.9000 F2500.0
G4 P0.02
G1 X151.2156 Y-30.7397 F2200.0
G1 Z0.0000 F2500.0
G4 P0.02
G0 X149.3360 Y-31.2041 F15000.0
G1 Z11.9000 F2500.0
G4 P0.02
G1 X149.3139 Y-31.1157 F2200.0
G1 Z0.0000 F2500.0
G4 P0.02
G0 X150.4638 Y-34.1231 F15000.0
G1 Z11.9000 F2500.0
G4 P0.02
G1 X150.5080 Y-34.1673 F2200.0
G1 Z0.0000 F2500.0
G4 P0.02
G0 X153.8795 Y-32.1424 F15000.0
G1 Z11.9000 F2500.0
G4 P0.02
G1 X153.4593 Y-31.2578 F2200.0
G1 X154.6755 Y-31.1915
G1 X154.3660 Y-30.2848
G1 Z0.0000 F2500.0
G4 P0.02
G0 X154.6755 Y-31.1915 F15000.0
G1 Z11.9000 F2500.0
G4 P0.02
G1 X154.7861 Y-31.2136 F2200.0
G1 X155.1399 Y-32.2087
G1 Z0.0000 F2500.0
G4 P0.02
G0 X155.2726 Y-31.1915 F15000.0
G1 Z11.9000 F2500.0
G4 P0.02
G1 X154.8303 Y-31.2136 F2200.0
G1 Z0.0000 F2500.0
G4 P0.02
G0 X154.2333 Y-32.7837 F15000.0
G1 Z11.9000 F2500.0
G4 P0.02
G1 X155.0072 Y-34.1326 F2200.0
G1 Z0.0000 F2500.0
G4 P0.02
G0 X155.2505 Y-34.5748 F15000.0
G1 Z11.9000 F2500.0
G4 P0.02
G1 X155.2947 Y-34.6633 F2200.0
G1 Z0.0000 F2500.0
G4 P0.02
G0 X157.3934 Y-34.2566 F15000.0
G1 Z11.9000 F2500.0
G4 P0.02
G1 X157.3491 Y-34.1460 F2200.0
G1 X157.5482 Y-34.5883
G1 X159.6047 Y-34.6767
G1 X159.4499 Y-34.3450
G1 Z0.0000 F2500.0
G4 P0.02
G0 X159.0076 Y-33.5932 F15000.0
G1 Z11.9000 F2500.0
G4 P0.02
G1 X158.1231 Y-32.1116 F2200.0
G1 X158.1894 Y-32.2221
G1 Z0.0000 F2500.0
G4 P0.02
G0 X157.5703 Y-31.1828 F15000.0
G1 Z11.9000 F2500.0
G4 P0.02
G1 X157.6366 Y-31.2934 F2200.0
G1 X156.9069 Y-30.1214
G1 X156.7963 Y-30.0992
G1 Z0.0000 F2500.0
G4 P0.02
G0 X158.8307 Y-33.3057 F15000.0
G1 Z11.9000 F2500.0
G4 P0.02
G1 X158.8750 Y-33.3720 F2200.0
G1 Z0.0000 F2500.0
G4 P0.02
G0 X162.5355 Y-24.8078 F15000.0
G1 Z11.9000 F2500.0
G4 P0.02
G1 X162.5355 Y-44.3318 F12000.0
G1 Z0.0000 F2500.0
G4 P0.02
G0 X145.9771 Y-39.4714 F15000.0
G1 Z11.9000 F2500.0
G4 P0.02
G1 X131.3959 Y-39.4714 F12000.0
G1 Z0.0000 F2500.0
G4 P0.02
G0 X131.3959 Y-44.3318 F15000.0
G1 Z11.9000 F2500.0
G4 P0.02
G1 X131.3959 Y-5.3662 F12000.0
G1 Z0.0000 F2500.0
G4 P0.02
G0 X123.3579 Y-9.8992 F15000.0
G1 Z11.9000 F2500.0
G4 P0.02
G1 X125.4587 Y-15.8256 F2200.0
G1 X125.8125 Y-16.3121
G1 X125.4366 Y-15.8477
G1 X124.5520 Y-15.4055
G1 X123.8444 Y-14.8969
G1 Z0.0000 F2500.0
G4 P0.02
G0 X123.7828 Y-14.8578 F15000.0
G1 Z11.9000 F2500.0
G4 P0.02
G1 X121.4387 Y-13.6637 F2200.0
G1 Z0.0000 F2500.0
G4 P0.02
G0 X121.5004 Y-13.7027 F15000.0
G1 Z11.9000 F2500.0
G4 P0.02
G1 X122.5618 Y-15.4497 F2200.0
G1 Z0.0000 F2500.0
G4 P0.02
G0 X122.7213 Y-15.7866 F15000.0
G1 Z11.9000 F2500.0
G4 P0.02
G1 X122.8098 Y-16.1625 F2200.0
G1 X120.0014 Y-16.0519
G1 Z0.0000 F2500.0
G4 P0.02
G0 X120.0630 Y-16.0910 F15000.0
G1 Z11.9000 F2500.0
G4 P0.02
G1 X119.7976 Y-15.5160 F2200.0
G1 Z0.0000 F2500.0
G4 P0.02
G0 X122.3186 Y-15.0517 F15000.0
G1 Z11.9000 F2500.0
G4 P0.02
G1 X122.7830 Y-15.8256 F2200.0
G1 X122.8714 Y-16.2016
G1 Z0.0000 F2500.0
G4 P0.02
G0 X125.3749 Y-15.8087 F15000.0
G1 Z11.9000 F2500.0
G4 P0.02
G1 X125.7509 Y-16.2731 F2200.0
G1 X125.3970 Y-15.7866
G1 Z0.0000 F2500.0
G4 P0.02
G0 X120.7485 Y-12.4423 F15000.0
G1 Z11.9000 F2500.0
G4 P0.02
G1 X119.7534 Y-10.7838 F2200.0
G1 Z0.0000 F2500.0
G4 P0.02
G0 X119.8861 Y-11.0049 F15000.0
G1 Z11.9000 F2500.0
G4 P0.02
G1 X117.6382 Y-12.1768 F2200.0
G1 X114.7192 Y-12.0441
G1 X113.8430 Y-12.3669
G1 Z0.0000 F2500.0
G4 P0.02
G0 X113.3159 Y-10.9361 F15000.0
G1 Z11.9000 F2500.0
G4 P0.02
G1 X113.1390 Y-10.6265 F2200.0
G1 X112.7409 Y-10.2506
G1 X112.4092 Y-10.0737
G1 X110.8171 Y-10.0295
G1 X110.5517 Y-10.2727
G1 X110.5075 Y-11.2015
G1 X112.1218 Y-15.4473
G1 X112.5862 Y-15.9116
G1 X113.2274 Y-16.1991
G1 X114.3773 Y-16.2212
G1 Z0.0000 F2500.0
G4 P0.02
G0 X114.3090 Y-16.1956 F15000.0
G1 Z11.9000 F2500.0
G4 P0.02
G1 X114.7292 Y-15.9081 F2200.0
G1 Z0.0000 F2500.0
G4 P0.02
G0 X114.8638 Y-15.7568 F15000.0
G1 Z11.9000 F2500.0
G4 P0.02
G1 X114.8638 Y-15.1377 F2200.0
G1 Z0.0000 F2500.0
G4 P0.02
G0 X114.7955 Y-15.1120 F15000.0
G1 Z11.9000 F2500.0
G4 P0.02
G1 X113.2476 Y-10.9105 F2200.0
G1 X113.0707 Y-10.6009
G1 X112.6726 Y-10.2250
G1 X112.3409 Y-10.0481
G1 Z0.0000 F2500.0
G4 P0.02
G0 X110.7488 Y-10.0038 F15000.0
G1 Z11.9000 F2500.0
G4 P0.02
G1 X110.4834 Y-10.2471 F2200.0
G1 Z0.0000 F2500.0
G4 P0.02
G0 X109.0162 Y-10.5569 F15000.0
G1 Z11.9000 F2500.0
G4 P0.02
G1 X108.5960 Y-10.1589 F2200.0
G1 Z0.0000 F2500.0
G4 P0.02
G0 X108.5741 Y-10.2285 F15000.0
G1 Z11.9000 F2500.0
G4 P0.02
G1 X108.0876 Y-10.0074 F2200.0
G1 Z0.0000 F2500.0
G4 P0.02
G0 X108.1095 Y-9.9378 F15000.0
G1 Z11.9000 F2500.0
G4 P0.02
G1 X106.6943 Y-9.9599 F2200.0
G1 X106.4289 Y-10.2031
G1 Z0.0000 F2500.0
G4 P0.02
G0 X106.6723 Y-10.0295 F15000.0
G1 Z11.9000 F2500.0
G4 P0.02
G1 X106.4070 Y-10.2727 F2200.0
G1 X106.4954 Y-11.5553
G1 X106.6060 Y-11.8207
G1 X105.4145 Y-13.6340
G1 X105.6799 Y-13.8551
G1 Z0.0000 F2500.0
G4 P0.02
G0 X105.9672 Y-14.0730 F15000.0
G1 Z11.9000 F2500.0
G4 P0.02
G1 X106.2547 Y-14.7143 F2200.0
G1 Z0.0000 F2500.0
G4 P0.02
G0 X106.2327 Y-14.7839 F15000.0
G1 Z11.9000 F2500.0
G4 P0.02
G1 X106.3875 Y-15.7126 F2200.0
G1 X106.2548 Y-15.9780
G1 X106.0779 Y-16.1328
G1 Z0.0000 F2500.0
G4 P0.02
G0 X106.4095 Y-15.6430 F15000.0
G1 Z11.9000 F2500.0
G4 P0.02
G1 X106.2768 Y-15.9084 F2200.0
G1 X106.0999 Y-16.0632
G1 X104.6183 Y-16.1516
G1 X105.7018 Y-13.7855
G1 X105.4365 Y-13.5644
G1 Z0.0000 F2500.0
G4 P0.02
G0 X105.1934 Y-13.3244 F15000.0
G1 Z11.9000 F2500.0
G4 P0.02
G1 X105.4588 Y-13.0148 F2200.0
G1 X105.5251 Y-12.1302
G1 X104.9280 Y-10.6929
G1 Z0.0000 F2500.0
G4 P0.02
G0 X104.9500 Y-10.6233 F15000.0
G1 Z11.9000 F2500.0
G4 P0.02
G1 X104.6183 Y-10.2695 F2200.0
G1 Z0.0000 F2500.0
G4 P0.02
G0 X104.5963 Y-10.3391 F15000.0
G1 Z11.9000 F2500.0
G4 P0.02
G1 X103.9772 Y-10.0074 F2200.0
G1 Z0.0000 F2500.0
G4 P0.02
G0 X103.9991 Y-9.9378 F15000.0
G1 Z11.9000 F2500.0
G4 P0.02
G1 X102.1858 Y-9.7387 F2200.0
G1 Z0.0000 F2500.0
G4 P0.02
G0 X104.5962 Y-13.2327 F15000.0
G1 Z11.9000 F2500.0
G4 P0.02
G1 X105.2153 Y-13.2548 F2200.0
G1 X105.4807 Y-12.9452
G1 Z0.0000 F2500.0
G4 P0.02
G0 X104.5742 Y-13.3023 F15000.0
G1 Z11.9000 F2500.0
G4 P0.02
G1 X105.9453 Y-14.1426 F2200.0
G1 Z0.0000 F2500.0
G4 P0.02
G0 X107.0040 Y-12.5946 F15000.0
G1 Z11.9000 F2500.0
G4 P0.02
G1 X107.7780 Y-13.1917 F2200.0
G1 Z0.0000 F2500.0
G4 P0.02
G0 X108.0079 Y-13.3467 F15000.0
G1 Z11.9000 F2500.0
G4 P0.02
G1 X107.8752 Y-13.7226 F2200.0
G1 Z0.0000 F2500.0
G4 P0.02
G0 X107.0349 Y-12.5285 F15000.0
G1 Z11.9000 F2500.0
G4 P0.02
G1 X109.6443 Y-12.0641 F2200.0
G1 X109.4232 Y-13.1256
G1 X109.3126 Y-13.2582
G1 Z0.0000 F2500.0
G4 P0.02
G0 X109.3923 Y-13.1917 F15000.0
G1 Z11.9000 F2500.0
G4 P0.02
G1 X109.2817 Y-13.3244 F2200.0
G1 X107.9770 Y-13.4128
G1 X107.8444 Y-13.7887
G1 X107.8444 Y-14.5185
G1 X108.2424 Y-15.4694
G1 X108.9721 Y-16.0885
G1 X110.0778 Y-16.1991
G1 X110.4095 Y-15.9337
G1 Z0.0000 F2500.0
G4 P0.02
G0 X110.4759 Y-15.7568 F15000.0
G1 Z11.9000 F2500.0
G4 P0.02
G1 X110.4316 Y-15.0713 F2200.0
G1 X109.9451 Y-14.0099
G1 X109.3481 Y-13.4128
G1 Z0.0000 F2500.0
G4 P0.02
G0 X109.7549 Y-13.7226 F15000.0
G1 Z11.9000 F2500.0
G4 P0.02
G1 X110.4404 Y-15.8676 F2200.0
G1 X110.1087 Y-16.1330
G1 Z0.0000 F2500.0
G4 P0.02
G0 X110.5067 Y-15.6907 F15000.0
G1 Z11.9000 F2500.0
G4 P0.02
G1 X112.0476 Y-15.1049 F2200.0
G1 Z0.0000 F2500.0
G4 P0.02
G0 X112.0534 Y-15.4216 F15000.0
G1 Z11.9000 F2500.0
G4 P0.02
G1 X112.5178 Y-15.8860 F2200.0
G1 X113.1591 Y-16.1735
G1 Z0.0000 F2500.0
G4 P0.02
G0 X109.5597 Y-12.1398 F15000.0
G1 Z11.9000 F2500.0
G4 P0.02
G1 X109.5029 Y-11.8207 F2200.0
G1 X108.9943 Y-10.6265
G1 Z0.0000 F2500.0
G4 P0.02
G0 X109.5248 Y-11.7511 F15000.0
G1 Z11.9000 F2500.0
G4 P0.02
G1 X109.5816 Y-12.0702 F2200.0
G1 Z0.0000 F2500.0
G4 P0.02
G0 X106.6279 Y-11.7511 F15000.0
G1 Z11.9000 F2500.0
G4 P0.02
G1 X106.5174 Y-11.4857 F2200.0
G1 Z0.0000 F2500.0
G4 P0.02
G0 X98.6652 Y-14.7396 F15000.0
G1 Z11.9000 F2500.0
G4 P0.02
G1 X100.6554 Y-16.3318 F2200.0
G1 X97.7364 Y-16.2212
G1 X96.5530 Y-16.3318 F2200.0
G1 X94.6291 Y-16.0443
G1 X93.9215 Y-15.4251
G1 X92.2630 Y-11.0025
G1 X92.3735 Y-10.2506
G1 X92.7495 Y-9.9852
G1 X94.2532 Y-9.9631
G1 X92.3072 Y-11.1572
G1 Z0.0000 F2500.0
G4 P0.02
G0 X93.3465 Y-14.0320 F15000.0
G1 Z11.9000 F2500.0
G4 P0.02
G1 X92.5183 Y-15.7568 F2200.0
G1 X92.5183 Y-15.1377
G1 X90.9704 Y-10.9361
G1 X90.7935 Y-10.6265
G1 X90.3954 Y-10.2506
G1 X90.0637 Y-10.0737
G1 X88.4715 Y-10.0295
G1 X88.2062 Y-10.2727
G1 X88.1620 Y-11.2015
G1 X89.7762 Y-15.4473
G1 X90.2406 Y-15.9116
G1 X90.8819 Y-16.1991
G1 X92.0318 Y-16.2212
G1 X92.4520 Y-15.9337
G1 Z0.0000 F2500.0
G4 P0.02
G0 X89.7762 Y-15.4473 F15000.0
G1 Z11.9000 F2500.0
G4 P0.02
G1 X88.8090 Y-16.3318 F2200.0
G1 X86.3544 Y-16.1107
G1 Z0.0000 F2500.0
G4 P0.02
G0 X86.4052 Y-16.0583 F15000.0
G1 Z11.9000 F2500.0
G4 P0.02
G1 X84.1054 Y-9.8444 F2200.0
G1 Z0.0000 F2500.0
G4 P0.02
G0 X80.6997 Y-11.4008 F15000.0
G1 Z11.9000 F2500.0
G4 P0.02
G1 X80.7517 Y-11.3784 F2200.0
G1 X80.7272 Y-11.4648
G1 Z0.0000 F2500.0
G4 P0.02
G0 X80.6602 Y-11.4937 F15000.0
G1 Z11.9000 F2500.0
G4 P0.02
G1 X80.6847 Y-11.4072 F2200.0
G1 X80.6326 Y-11.4297
G1 Z0.0000 F2500.0
G4 P0.02
G0 X79.4721 Y-14.4456 F15000.0
G1 Z11.9000 F2500.0
G4 P0.02
G1 X79.5163 Y-14.5783 F2200.0
G1 X77.8323 Y-13.1095
G1 X78.0092 Y-13.9056
G1 X77.8102 Y-14.1488
G1 Z0.0000 F2500.0
G4 P0.02
G0 X78.0063 Y-13.9785 F15000.0
G1 Z11.9000 F2500.0
G4 P0.02
G1 X77.8072 Y-14.2217 F2200.0
G1 X76.1930 Y-14.3102
G1 X74.2912 Y-14.1775
G1 Z0.0000 F2500.0
G4 P0.02
G0 X74.2941 Y-14.1046 F15000.0
G1 Z11.9000 F2500.0
G4 P0.02
G1 X72.7020 Y-9.8146 F2200.0
G1 Z0.0000 F2500.0
G4 P0.02
G0 X72.9202 Y-10.4845 F15000.0
G1 Z11.9000 F2500.0
G4 P0.02
G1 X71.5472 Y-9.9631 F2200.0
G1 Z0.0000 F2500.0
G4 P0.02
G0 X70.0010 Y-10.0445 F15000.0
G1 Z11.9000 F2500.0
G4 P0.02
G1 X69.6251 Y-10.3099 F2200.0
G1 Z0.0000 F2500.0
G4 P0.02
G0 X69.6012 Y-11.1572 F15000.0
G1 Z11.9000 F2500.0
G4 P0.02
G1 X71.5472 Y-9.9631 F2200.0
G1 X70.0435 Y-9.9852
G1 X69.6676 Y-10.2506
G1 X69.5570 Y-11.0025
G1 X71.2155 Y-15.4251
G1 X71.9232 Y-16.0443
G1 Z0.0000 F2500.0
G4 P0.02
G0 X71.8806 Y-16.1036 F15000.0
G1 Z11.9000 F2500.0
G4 P0.02
G1 X73.8045 Y-16.3911 F2200.0
G1 Z0.0000 F2500.0
G4 P0.02
G0 X76.2151 Y-14.2881 F15000.0
G1 Z11.9000 F2500.0
G4 P0.02
G1 X75.5738 Y-12.3863 F2200.0
G1 X75.6180 Y-12.4969
G1 X74.6450 Y-9.8875
G1 Z0.0000 F2500.0
G4 P0.02
G0 X76.6963 Y-10.1682 F15000.0
G1 Z11.9000 F2500.0
G4 P0.02
G1 X77.6559 Y-9.8083 F2200.0
G1 X79.6018 Y-10.0516
G1 X80.3758 Y-10.6486
G1 X81.0613 Y-12.2408
G1 X80.9065 Y-13.0369
G1 X79.2923 Y-14.0541
G1 X80.1104 Y-16.1991
G1 X82.4987 Y-16.3318
G1 X79.8230 Y-15.4915
G1 Z0.0000 F2500.0
G4 P0.02
G0 X79.5134 Y-14.6512 F15000.0
G1 Z11.9000 F2500.0
G4 P0.02
G1 X79.4692 Y-14.5185 F2200.0
G1 Z0.0000 F2500.0
G4 P0.02
G0 X77.7188 Y-12.8949 F15000.0
G1 Z11.9000 F2500.0
G4 P0.02
G1 X76.5910 Y-9.8875 F2200.0
G1 X77.6559 Y-9.8083
G1 Z0.0000 F2500.0
G4 P0.02
G0 X77.6987 Y-12.8248 F15000.0
G1 Z11.9000 F2500.0
G4 P0.02
G1 X76.1950 Y-14.2179 F2200.0
G1 Z0.0000 F2500.0
G4 P0.02
G0 X75.5979 Y-12.4267 F15000.0
G1 Z11.9000 F2500.0
G4 P0.02
G1 X75.5537 Y-12.3162 F2200.0
G1 Z0.0000 F2500.0
G4 P0.02
G0 X63.2677 Y-15.0870 F15000.0
G1 Z11.9000 F2500.0
G4 P0.02
G1 X0.0000 Y-15.0870 F12000.0
G1 Z0.0000 F2500.0
G4 P0.02
G0 X11.3601 Y-13.3770 F15000.0
G1 Z11.9000 F2500.0
G4 P0.02
G1 X11.4264 Y-12.9568 F2200.0
G1 Z0.0000 F2500.0
G4 P0.02
G0 X13.1552 Y-13.4718 F15000.0
G1 Z11.9000 F2500.0
G4 P0.02
G1 X13.2436 Y-13.0296 F2200.0
G1 Z0.0000 F2500.0
G4 P0.02
G0 X16.5584 Y-5.3662 F15000.0
G1 Z11.9000 F2500.0
G4 P0.02
G1 X16.5584 Y-58.9131 F12000.0
G1 Z0.0000 F2500.0
G4 P0.02
G0 X38.9657 Y-58.9131 F15000.0
G1 Z11.9000 F2500.0
G4 P0.02
G1 X38.9657 Y-5.3662 F12000.0
G1 Z0.0000 F2500.0
G4 P0.02
G0 X53.5469 Y-5.3662 F15000.0
G1 Z11.9000 F2500.0
G4 P0.02
G1 X53.5469 Y-58.9131 F12000.0
G1 Z0.0000 F2500.0
G4 P0.02
G0 X48.5776 Y-38.6537 F15000.0
G1 Z11.9000 F2500.0
G4 P0.02
G1 X48.6660 Y-38.5653 F2200.0
G1 X48.5334 Y-37.9461
G1 X48.4007 Y-37.7249
G1 Z0.0000 F2500.0
G4 P0.02
G0 X48.5555 Y-37.9903 F15000.0
G1 Z11.9000 F2500.0
G4 P0.02
G1 X48.5997 Y-38.1451 F2200.0
G1 Z0.0000 F2500.0
G4 P0.02
G0 X47.3392 Y-37.5923 F15000.0
G1 Z11.9000 F2500.0
G4 P0.02
G1 X47.1844 Y-37.4154 F2200.0
G1 Z0.0000 F2500.0
G4 P0.02
G0 X46.4326 Y-37.7028 F15000.0
G1 Z11.9000 F2500.0
G4 P0.02
G1 X44.9474 Y-38.1507 F2200.0
G1 Z0.0000 F2500.0
G4 P0.02
G0 X43.7678 Y-38.6312 F15000.0
G1 Z11.9000 F2500.0
G4 P0.02
G1 X42.5516 Y-35.4469 F2200.0
G1 X42.5516 Y-35.5795
G1 Z0.0000 F2500.0
G4 P0.02
G0 X42.5488 Y-35.5198 F15000.0
G1 Z11.9000 F2500.0
G4 P0.02
G1 X42.5488 Y-35.6525 F2200.0
G1 Z0.0000 F2500.0
G4 P0.02
G0 X44.8486 Y-35.7409 F15000.0
G1 Z11.9000 F2500.0
G4 P0.02
G1 X44.0525 Y-35.6746 F2200.0
G1 X44.6938 Y-37.3552
G1 X45.1139 Y-38.7483
G1 X43.7650 Y-38.7041
G1 Z0.0000 F2500.0
G4 P0.02
G0 X46.4407 Y-37.7753 F15000.0
G1 Z11.9000 F2500.0
G4 P0.02
G1 X45.2908 Y-37.2225 F2200.0
G1 X44.8486 Y-35.7409
G1 X45.5341 Y-35.6525
G1 X45.8215 Y-35.7188
G1 X46.0427 Y-36.0284
G1 X46.5292 Y-37.6869
G1 X46.8388 Y-36.4928
G1 X47.6791 Y-35.7630
G1 X46.9051 Y-36.6697
G1 X47.1926 Y-37.4879
G1 X47.3474 Y-37.6648
G1 X48.4088 Y-37.7975
G1 X48.5415 Y-38.0186
G1 X48.6742 Y-38.6378
G1 X48.5857 Y-38.7262
G1 X47.5685 Y-38.7926
G1 X48.4309 Y-37.7975
G1 X47.7896 Y-35.8957
G1 X48.2319 Y-35.4977
G1 X49.0943 Y-37.7532
G1 X50.0231 Y-37.7753
G1 X48.6078 Y-38.2176
G1 X48.5636 Y-38.0628
G1 X50.1279 Y-37.6431
G1 Z0.0000 F2500.0
G4 P0.02
G0 X50.0794 Y-37.7136 F15000.0
G1 Z11.9000 F2500.0
G4 P0.02
G1 X49.9688 Y-37.8241 F2200.0
G1 Z0.0000 F2500.0
G4 P0.02
G0 X50.0231 Y-37.7753 F15000.0
G1 Z11.9000 F2500.0
G4 P0.02
G1 X50.1337 Y-37.6648 F2200.0
G1 X49.8904 Y-36.7581
G1 X49.4260 Y-35.6082
G1 X48.4211 Y-35.9925
G1 Z0.0000 F2500.0
G4 P0.02
G0 X46.0345 Y-35.9559 F15000.0
G1 Z11.9000 F2500.0
G4 P0.02
G1 X45.8134 Y-35.6463 F2200.0
G1 X45.5259 Y-35.5799
G1 Z0.0000 F2500.0
G4 P0.02
G0 X74.6182 Y-28.1393 F15000.0
G1 Z11.9000 F2500.0
G4 P0.02
G1 X77.9573 Y-37.0952 F2200.0
G1 X81.0532 Y-37.0731
G1 X81.5397 Y-36.5202
G1 X81.5397 Y-35.5694
G1 Z0.0000 F2500.0
G4 P0.02
G0 X81.6071 Y-35.5415 F15000.0
G1 Z11.9000 F2500.0
G4 P0.02
G1 X80.9879 Y-33.8830 F2200.0
G1 X81.0764 Y-34.0599
G1 X80.8110 Y-33.5513
G1 Z0.0000 F2500.0
G4 P0.02
G0 X80.7436 Y-33.5792 F15000.0
G1 Z11.9000 F2500.0
G4 P0.02
G1 X80.0359 Y-32.8494 F2200.0
G1 X79.1072 Y-32.4293
G1 Z0.0000 F2500.0
G4 P0.02
G0 X79.1746 Y-32.4014 F15000.0
G1 Z11.9000 F2500.0
G4 P0.02
G1 X76.4325 Y-32.3350 F2200.0
G1 Z0.0000 F2500.0
G4 P0.02
G0 X80.9205 Y-33.9109 F15000.0
G1 Z11.9000 F2500.0
G4 P0.02
G1 X81.0089 Y-34.0878 F2200.0
G1 Z0.0000 F2500.0
G4 P0.02
G0 X83.0202 Y-34.3818 F15000.0
G1 Z11.9000 F2500.0
G4 P0.02
G1 X81.0963 Y-29.2294 F2200.0
G1 Z0.0000 F2500.0
G4 P0.02
G0 X81.1224 Y-29.6340 F15000.0
G1 Z11.9000 F2500.0
G4 P0.02
G1 X80.9676 Y-29.2139 F2200.0
G1 X80.9455 Y-28.5284
G1 X81.1003 Y-28.3294
G1 X83.8645 Y-28.1524
G1 Z0.0000 F2500.0
G4 P0.02
G0 X83.8904 Y-28.2174 F15000.0
G1 Z11.9000 F2500.0
G4 P0.02
G1 X83.7798 Y-27.5540 F2200.0
G1 Z0.0000 F2500.0
G4 P0.02
G0 X83.8364 Y-27.5079 F15000.0
G1 Z11.9000 F2500.0
G4 P0.02
G1 X83.1951 Y-26.0042 F2200.0
G1 X82.6865 Y-25.6062
G1 X79.9444 Y-25.3187
G1 Z0.0000 F2500.0
G4 P0.02
G0 X81.1606 Y-28.3704 F15000.0
G1 Z11.9000 F2500.0
G4 P0.02
G1 X81.0058 Y-28.5694 F2200.0
G1 Z0.0000 F2500.0
G4 P0.02
G0 X83.9248 Y-28.1935 F15000.0
G1 Z11.9000 F2500.0
G4 P0.02
G1 X83.3807 Y-26.4395 F2200.0
G1 Z0.0000 F2500.0
G4 P0.02
G0 X83.9469 Y-28.1713 F15000.0
G1 Z11.9000 F2500.0
G4 P0.02
G1 X85.5833 Y-32.2402 F2200.0
G1 Z0.0000 F2500.0
G4 P0.02
G0 X85.3237 Y-31.3467 F15000.0
G1 Z11.9000 F2500.0
G4 P0.02
G1 X86.4736 Y-34.3542 F2200.0
G1 X87.9807 Y-33.8449
G1 Z0.0000 F2500.0
G4 P0.02
G0 X88.4196 Y-31.8555 F15000.0
G1 Z11.9000 F2500.0
G4 P0.02
G1 X88.3311 Y-31.6122 F2200.0
G1 X89.1715 Y-28.2510
G1 X89.0609 Y-28.0299
G1 Z0.0000 F2500.0
G4 P0.02
G0 X89.0746 Y-28.1015 F15000.0
G1 Z11.9000 F2500.0
G4 P0.02
G1 X89.1852 Y-28.3227 F2200.0
G1 Z0.0000 F2500.0
G4 P0.02
G0 X91.2720 Y-28.6101 F15000.0
G1 Z11.9000 F2500.0
G4 P0.02
G1 X93.0853 Y-33.8289 F2200.0
G1 X93.5055 Y-34.1827
G1 X96.0927 Y-34.2712
G1 Z0.0000 F2500.0
G4 P0.02
G0 X96.0354 Y-34.2261 F15000.0
G1 Z11.9000 F2500.0
G4 P0.02
G1 X95.9690 Y-32.6560 F2200.0
G1 Z0.0000 F2500.0
G4 P0.02
G0 X96.0264 Y-32.7011 F15000.0
G1 Z11.9000 F2500.0
G4 P0.02
G1 X94.5227 Y-28.7870 F2200.0
G1 X93.9035 Y-28.3227
G1 X91.5153 Y-28.3005
G1 Z0.0000 F2500.0
G4 P0.02
G0 X94.5884 Y-29.1615 F15000.0
G1 Z11.9000 F2500.0
G4 P0.02
G1 X94.6311 Y-29.2726 F2200.0
G1 Z0.0000 F2500.0
G4 P0.02
G0 X94.6992 Y-29.2465 F15000.0
G1 Z11.9000 F2500.0
G4 P0.02
G1 X94.6565 Y-29.1353 F2200.0
G1 Z0.0000 F2500.0
G4 P0.02
G0 X96.3919 Y-28.5659 F15000.0
G1 Z11.9000 F2500.0
G4 P0.02
G1 X98.4043 Y-30.7330 F12000.0
G1 X98.5812 Y-31.2859
G1 X97.5861 Y-31.6618
G1 X97.8957 Y-33.1876
G1 X98.2274 Y-33.8289
G1 X98.5812 Y-34.1385
G1 X99.7974 Y-34.4260
G1 X101.6549 Y-34.4481
G1 X101.6107 Y-33.8289
G1 X100.4387 Y-30.6667
G1 X101.4401 Y-28.8313
G1 X101.0642 Y-28.0794
G1 X99.4657 Y-28.1236
G1 X100.2839 Y-30.2465
G1 X100.5050 Y-31.3080
G1 X98.6033 Y-31.2859
G1 X98.3379 Y-33.9395
G1 X97.9178 Y-33.2318
G1 X96.1812 Y-33.1213
G1 X96.2475 Y-34.1164
G1 X93.1959 Y-33.9395
G1 X92.7978 Y-33.2761
G1 X92.8829 Y-33.2465
G1 Z0.0000 F2500.0
G4 P0.02
G0 X93.0279 Y-33.7838 F15000.0
G1 Z11.9000 F2500.0
G4 P0.02
G1 X93.4481 Y-34.1376 F2200.0
G1 Z0.0000 F2500.0
G4 P0.02
G0 X88.3449 Y-31.6839 F15000.0
G1 Z11.9000 F2500.0
G4 P0.02
G1 X88.4333 Y-31.9271 F2200.0
G1 X88.1016 Y-34.4039
G1 X87.0181 Y-31.1974
G1 X86.7527 Y-30.7772
G1 X86.8190 Y-30.8657
G1 X88.7208 Y-30.1581
G1 X88.3006 Y-31.6176
G1 X87.6815 Y-31.3964
G1 X86.8854 Y-30.9542
G1 X86.7306 Y-30.7551
G1 X86.1556 Y-29.2293
G1 X85.6249 Y-28.0794
G1 X85.9566 Y-28.6986
G1 Z0.0000 F2500.0
G4 P0.02
G0 X86.7169 Y-30.6835 F15000.0
G1 Z11.9000 F2500.0
G4 P0.02
G1 X86.8717 Y-30.8825 F2200.0
G1 Z0.0000 F2500.0
G4 P0.02
G0 X86.8053 Y-30.7940 F15000.0
G1 Z11.9000 F2500.0
G4 P0.02
G1 X86.7390 Y-30.7056 F2200.0
G1 X87.0043 Y-31.1257
G1 Z0.0000 F2500.0
G4 P0.02
G0 X101.2398 Y-29.1984 F15000.0
G1 Z11.9000 F2500.0
G4 P0.02
G1 X101.6612 Y-29.4283 F2200.0
G1 X103.4303 Y-34.2269
G1 X103.5409 Y-34.3596
G1 X106.1060 Y-34.4481
G1 X108.4943 Y-34.2491
G1 X108.6712 Y-34.0058
G1 X108.1626 Y-32.0598
G1 X106.9021 Y-28.5880
G1 Z0.0000 F2500.0
G4 P0.02
G0 X107.3665 Y-29.8927 F15000.0
G1 Z11.9000 F2500.0
G4 P0.02
G1 X108.6111 Y-28.6986 F2200.0
G1 X108.2794 Y-28.0794
G1 X108.8101 Y-29.2293
G1 X109.3850 Y-30.7551
G1 X109.5398 Y-30.9542
G1 X110.3359 Y-31.3964
G1 X110.9551 Y-31.6176
G1 X111.3753 Y-30.1581
G1 X109.4735 Y-30.8657
G1 X109.4072 Y-30.7772
G1 X109.6725 Y-31.1974
G1 X110.7561 Y-34.4039
G1 X111.0878 Y-31.9271
G1 X110.9993 Y-31.6839
G1 X111.8396 Y-28.3227
G1 X111.7291 Y-28.1015
G1 Z0.0000 F2500.0
G4 P0.02
G0 X113.9265 Y-28.6101 F15000.0
G1 Z11.9000 F2500.0
G4 P0.02
G1 X115.7398 Y-33.8289 F2200.0
G1 X116.1599 Y-34.1827
G1 X117.3098 Y-34.4260
G1 Z0.0000 F2500.0
G4 P0.02
G0 X117.2524 Y-34.3809 F15000.0
G1 Z11.9000 F2500.0
G4 P0.02
G1 X119.1100 Y-34.4030 F2200.0
G1 X117.2967 Y-28.6093
G1 Z0.0000 F2500.0
G4 P0.02
G0 X117.3540 Y-28.6544 F15000.0
G1 Z11.9000 F2500.0
G4 P0.02
G1 X116.6243 Y-28.3448 F2200.0
G1 Z0.0000 F2500.0
G4 P0.02
G0 X116.5669 Y-28.2997 F15000.0
G1 Z11.9000 F2500.0
G4 P0.02
G1 X114.1123 Y-28.2555 F2200.0
G1 Z0.0000 F2500.0
G4 P0.02
G0 X117.3540 Y-28.6544 F15000.0
G1 Z11.9000 F2500.0
G4 P0.02
G1 X117.6415 Y-28.2563 F2200.0
G1 X117.7963 Y-28.2342
G1 X117.3540 Y-28.6544
G1 Z0.0000 F2500.0
G4 P0.02
G0 X117.7145 Y-28.2563 F15000.0
G1 Z11.9000 F2500.0
G4 P0.02
G1 X117.8693 Y-28.2342 F2200.0
G1 Z0.0000 F2500.0
G4 P0.02
G0 X115.6034 Y-33.2154 F15000.0
G1 Z11.9000 F2500.0
G4 P0.02
G1 X115.5183 Y-33.2450 F2200.0
G1 X115.9250 Y-33.8982
G1 Z0.0000 F2500.0
G4 P0.02
G0 X115.6824 Y-33.7838 F15000.0
G1 Z11.9000 F2500.0
G4 P0.02
G1 X116.1025 Y-34.1376 F2200.0
G1 Z0.0000 F2500.0
G4 P0.02
G0 X115.5374 Y-33.2465 F15000.0
G1 Z11.9000 F2500.0
G4 P0.02
G1 X115.4523 Y-33.2761 F2200.0
G1 Z0.0000 F2500.0
G4 P0.02
G0 X106.1298 Y-34.4461 F15000.0
G1 Z11.9000 F2500.0
G4 P0.02
G1 X105.3321 Y-31.8829 F2200.0
G1 X104.5802 Y-29.8043
G1 Z0.0000 F2500.0
G4 P0.02
G0 X104.6493 Y-29.7808 F15000.0
G1 Z11.9000 F2500.0
G4 P0.02
G1 X103.9196 Y-28.0560 F2200.0
G1 Z0.0000 F2500.0
G4 P0.02
G0 X103.8505 Y-28.0794 F15000.0
G1 Z11.9000 F2500.0
G4 P0.02
G1 X104.2485 Y-28.8976 F2200.0
G1 Z0.0000 F2500.0
G4 P0.02
G0 X99.1296 Y-16.2212 F15000.0
G1 Z11.9000 F2500.0
G4 P0.02
G1 X98.7979 Y-15.0934 F2200.0
G1 X98.0460 Y-13.0811
G1 X96.8740 Y-9.8968 F2200.0
G1 Z0.0000 F2500.0
G4 P0.02
G0 X98.7006 Y-48.7654 F15000.0
G1 Z11.9000 F2500.0
G4 P0.02
G1 X100.2707 Y-52.9449 F2200.0
G1 Z0.0000 F2500.0
G4 P0.02
G0 X101.8186 Y-52.1930 F15000.0
G1 Z11.9000 F2500.0
G4 P0.02
G1 X102.1724 Y-52.3036 F2200.0
G1 X101.8186 Y-52.1709
G1 X101.7523 Y-51.9055
G1 Z0.0000 F2500.0
G4 P0.02
G0 X101.6999 Y-51.9564 F15000.0
G1 Z11.9000 F2500.0
G4 P0.02
G1 X101.7663 Y-52.2217 F2200.0
G1 X102.1201 Y-52.3544
G1 X101.7663 Y-52.2439
G1 X101.0365 Y-54.5879
G1 Z0.0000 F2500.0
G4 P0.02
G0 X101.0889 Y-54.5370 F15000.0
G1 Z11.9000 F2500.0
G4 P0.02
G1 X101.1110 Y-55.2004 F2200.0
G1 Z0.0000 F2500.0
G4 P0.02
G0 X101.0586 Y-55.2513 F15000.0
G1 Z11.9000 F2500.0
G4 P0.02
G1 X100.9260 Y-54.5215 F2200.0
G1 X99.4665 Y-50.9834
G1 Z0.0000 F2500.0
G4 P0.02
G0 X102.5400 Y-48.7212 F15000.0
G1 Z11.9000 F2500.0
G4 P0.02
G1 X104.4639 Y-53.8957 F2200.0
G1 X104.5523 Y-54.4265
G1 Z0.0000 F2500.0
G4 P0.02
G0 X104.5302 Y-54.4486 F15000.0
G1 Z11.9000 F2500.0
G4 P0.02
G1 X104.1543 Y-54.3159 F2200.0
G1 Z0.0000 F2500.0
G4 P0.02
G0 X104.4641 Y-53.9687 F15000.0
G1 Z11.9000 F2500.0
G4 P0.02
G1 X104.5526 Y-54.4994 F2200.0
G1 X105.0169 Y-55.3397
G1 X102.9383 Y-53.1726
G1 X104.1545 Y-54.3889
G1 X104.5304 Y-54.5215
G1 X105.4604 Y-53.5573
G1 X105.2171 Y-52.3632
G1 X105.5046 Y-51.9431
G1 X107.5832 Y-51.7662
G1 X107.2737 Y-50.5499
G1 X106.5881 Y-48.7808
G1 Z0.0000 F2500.0
G4 P0.02
G0 X108.3180 Y-49.2183 F15000.0
G1 Z11.9000 F2500.0
G4 P0.02
G1 X108.5834 Y-48.9750 F2200.0
G1 Z0.0000 F2500.0
G4 P0.02
G0 X108.3420 Y-50.1211 F15000.0
G1 Z11.9000 F2500.0
G4 P0.02
G1 X108.3862 Y-49.1923 F2200.0
G1 X108.6516 Y-48.9491
G1 X110.2437 Y-48.9933
G1 X110.5754 Y-49.1702
G1 X110.9735 Y-49.5461
G1 X111.1504 Y-49.8557
G1 Z0.0000 F2500.0
G4 P0.02
G0 X110.9053 Y-49.5721 F15000.0
G1 Z11.9000 F2500.0
G4 P0.02
G1 X111.0822 Y-49.8817 F2200.0
G1 X112.6301 Y-54.0832
G1 Z0.0000 F2500.0
G4 P0.02
G0 X112.6983 Y-54.0573 F15000.0
G1 Z11.9000 F2500.0
G4 P0.02
G1 X112.6983 Y-54.6765 F2200.0
G1 X114.0267 Y-54.1714
G1 Z0.0000 F2500.0
G4 P0.02
G0 X114.0771 Y-54.3039 F15000.0
G1 Z11.9000 F2500.0
G4 P0.02
G1 X112.6320 Y-54.8534 F2200.0
G1 X112.2118 Y-55.1408
G1 Z0.0000 F2500.0
G4 P0.02
G0 X112.5638 Y-54.8793 F15000.0
G1 Z11.9000 F2500.0
G4 P0.02
G1 X112.1436 Y-55.1668 F2200.0
G1 X110.9937 Y-55.1447
G1 X110.3524 Y-54.8572
G1 Z0.0000 F2500.0
G4 P0.02
G0 X110.4206 Y-54.8312 F15000.0
G1 Z11.9000 F2500.0
G4 P0.02
G1 X109.9563 Y-54.3669 F2200.0
G1 Z0.0000 F2500.0
G4 P0.02
G0 X109.8880 Y-54.3928 F15000.0
G1 Z11.9000 F2500.0
G4 P0.02
G1 X108.2738 Y-50.1470 F2200.0
G1 Z0.0000 F2500.0
G4 P0.02
G0 X107.5359 Y-51.7106 F15000.0
G1 Z11.9000 F2500.0
G4 P0.02
G1 X107.6686 Y-51.7769 F2200.0
G1 X108.7964 Y-54.7401
G1 Z0.0000 F2500.0
G4 P0.02
G0 X108.4868 Y-53.8998 F15000.0
G1 Z11.9000 F2500.0
G4 P0.02
G1 X108.9512 Y-55.0939 F2200.0
G1 X105.9438 Y-54.9613
G1 Z0.0000 F2500.0
G4 P0.02
G0 X105.9911 Y-55.0168 F15000.0
G1 Z11.9000 F2500.0
G4 P0.02
G1 X105.5709 Y-53.8448 F2200.0
G1 X105.3700 Y-53.6510
G1 Z0.0000 F2500.0
G4 P0.02
G0 X105.3227 Y-53.5955 F15000.0
G1 Z11.9000 F2500.0
G4 P0.02
G1 X105.5236 Y-53.7893 F2200.0
G1 Z0.0000 F2500.0
G4 P0.02
G0 X105.2169 Y-52.2902 F15000.0
G1 Z11.9000 F2500.0
G4 P0.02
G1 X105.5043 Y-51.8701 F2200.0
G1 Z0.0000 F2500.0
G4 P0.02
G0 X107.5832 Y-51.7662 F15000.0
G1 Z11.9000 F2500.0
G4 P0.02
G1 X107.7159 Y-51.8325 F2200.0
G1 Z0.0000 F2500.0
G4 P0.02
G0 X110.1755 Y-49.0192 F15000.0
G1 Z11.9000 F2500.0
G4 P0.02
G1 X110.5072 Y-49.1961 F2200.0
G1 Z0.0000 F2500.0
G4 P0.02
G0 X112.4626 Y-49.1667 F15000.0
G1 Z11.9000 F2500.0
G4 P0.02
G1 X112.7280 Y-48.9235 F2200.0
G1 X114.3201 Y-48.9677
G1 X114.6518 Y-49.1446
G1 X115.0499 Y-49.5205
G1 X115.2268 Y-49.8301
G1 Z0.0000 F2500.0
G4 P0.02
G0 X115.1234 Y-49.5003 F15000.0
G1 Z11.9000 F2500.0
G4 P0.02
G1 X116.1106 Y-48.9362 F2200.0
G1 X116.0443 Y-48.8698
G1 Z0.0000 F2500.0
G4 P0.02
G0 X116.1206 Y-49.0085 F15000.0
G1 Z11.9000 F2500.0
G4 P0.02
G1 X116.0542 Y-48.9421 F2200.0
G1 X117.7569 Y-49.1923
G1 X117.7127 Y-50.1211
G1 X119.3270 Y-54.3669
G1 Z0.0000 F2500.0
G4 P0.02
G0 X119.3170 Y-54.2946 F15000.0
G1 Z11.9000 F2500.0
G4 P0.02
G1 X119.7814 Y-54.7590 F2200.0
G1 Z0.0000 F2500.0
G4 P0.02
G0 X119.7914 Y-54.8312 F15000.0
G1 Z11.9000 F2500.0
G4 P0.02
G1 X120.4326 Y-55.1187 F2200.0
G1 X121.5825 Y-55.1408
G1 Z0.0000 F2500.0
G4 P0.02
G0 X121.5726 Y-55.0685 F15000.0
G1 Z11.9000 F2500.0
G4 P0.02
G1 X121.9927 Y-54.7811 F2200.0
G1 X122.0591 Y-54.6042
G1 X122.0591 Y-53.9850
G1 Z0.0000 F2500.0
G4 P0.02
G0 X122.0027 Y-54.8534 F15000.0
G1 Z11.9000 F2500.0
G4 P0.02
G1 X122.0690 Y-54.6765 F2200.0
G1 X122.0690 Y-54.0573
G1 X120.5211 Y-49.8557
G1 X118.0223 Y-48.9491
G1 X119.6144 Y-48.9933
G1 X119.9461 Y-49.1702
G1 X120.3442 Y-49.5461
G1 X121.2626 Y-48.7279
G1 Z0.0000 F2500.0
G4 P0.02
G0 X120.3342 Y-49.4738 F15000.0
G1 Z11.9000 F2500.0
G4 P0.02
G1 X119.9362 Y-49.0979 F2200.0
G1 X119.6045 Y-48.9210
G1 Z0.0000 F2500.0
G4 P0.02
G0 X123.0759 Y-48.9270 F15000.0
G1 Z11.9000 F2500.0
G4 P0.02
G1 X123.4076 Y-49.0818 F2200.0
G1 X124.8843 Y-48.9421
G1 Z0.0000 F2500.0
G4 P0.02
G0 X124.9507 Y-48.9355 F15000.0
G1 Z11.9000 F2500.0
G4 P0.02
G1 X124.8844 Y-48.8692 F2200.0
G1 Z0.0000 F2500.0
G4 P0.02
G0 X124.0994 Y-49.6199 F15000.0
G1 Z11.9000 F2500.0
G4 P0.02
G1 X123.7677 Y-49.2661 F2200.0
G1 X121.3352 Y-48.7354
G1 X123.1485 Y-48.9344
G1 X123.4802 Y-49.0892
G1 Z0.0000 F2500.0
G4 P0.02
G0 X123.6951 Y-49.2587 F15000.0
G1 Z11.9000 F2500.0
G4 P0.02
G1 X124.0268 Y-49.6125 F2200.0
G1 X124.6239 Y-51.0498
G1 X124.5575 Y-51.9344
G1 X124.2922 Y-52.2440
G1 X123.6730 Y-52.2219
G1 X125.0440 Y-53.0622
G1 X125.3315 Y-53.7035
G1 X125.4863 Y-54.6322
G1 X125.3536 Y-54.8976
G1 X125.1767 Y-55.0524
G1 Z0.0000 F2500.0
G4 P0.02
G0 X125.5589 Y-54.6397 F15000.0
G1 Z11.9000 F2500.0
G4 P0.02
G1 X125.4262 Y-54.9050 F2200.0
G1 X125.2493 Y-55.0598
G1 X123.7677 Y-55.1483
G1 Z0.0000 F2500.0
G4 P0.02
G0 X123.6951 Y-55.1408 F15000.0
G1 Z11.9000 F2500.0
G4 P0.02
G1 X124.7787 Y-52.7747 F2200.0
G1 X124.5133 Y-52.5536
G1 Z0.0000 F2500.0
G4 P0.02
G0 X124.5859 Y-52.5610 F15000.0
G1 Z11.9000 F2500.0
G4 P0.02
G1 X124.8513 Y-52.7822 F2200.0
G1 Z0.0000 F2500.0
G4 P0.02
G0 X124.6301 Y-51.9418 F15000.0
G1 Z11.9000 F2500.0
G4 P0.02
G1 X124.3648 Y-52.2514 F2200.0
G1 X123.7456 Y-52.2293
G1 Z0.0000 F2500.0
G4 P0.02
G0 X124.0268 Y-49.6125 F15000.0
G1 Z11.9000 F2500.0
G4 P0.02
G1 X124.9507 Y-49.0085 F2200.0
G1 X124.8843 Y-48.9421
G1 X126.5870 Y-49.1923
G1 X126.5428 Y-50.1211
G1 X128.1571 Y-54.3669
G1 Z0.0000 F2500.0
G4 P0.02
G0 X128.1571 Y-54.2939 F15000.0
G1 Z11.9000 F2500.0
G4 P0.02
G1 X128.6215 Y-54.7583 F2200.0
G1 Z0.0000 F2500.0
G4 P0.02
G0 X128.6214 Y-54.8312 F15000.0
G1 Z11.9000 F2500.0
G4 P0.02
G1 X129.2627 Y-55.1187 F2200.0
G1 Z0.0000 F2500.0
G4 P0.02
G0 X129.2628 Y-55.0457 F15000.0
G1 Z11.9000 F2500.0
G4 P0.02
G1 X130.4127 Y-55.0679 F2200.0
G1 Z0.0000 F2500.0
G4 P0.02
G0 X130.4126 Y-55.1408 F15000.0
G1 Z11.9000 F2500.0
G4 P0.02
G1 X130.8328 Y-54.8534 F2200.0
G1 X130.8991 Y-54.6765
G1 X130.8991 Y-54.0573
G1 X129.3512 Y-49.8557
G1 Z0.0000 F2500.0
G4 P0.02
G0 X129.3513 Y-49.7828 F15000.0
G1 Z11.9000 F2500.0
G4 P0.02
G1 X126.8524 Y-48.8761 F2200.0
G1 Z0.0000 F2500.0
G4 P0.02
G0 X126.8524 Y-48.9491 F15000.0
G1 Z11.9000 F2500.0
G4 P0.02
G1 X128.4445 Y-48.9933 F2200.0
G1 X128.7762 Y-49.1702
G1 X129.1743 Y-49.5461
G1 Z0.0000 F2500.0
G4 P0.02
G0 X129.1743 Y-49.4732 F15000.0
G1 Z11.9000 F2500.0
G4 P0.02
G1 X130.7115 Y-49.5464 F2200.0
G1 Z0.0000 F2500.0
G4 P0.02
G0 X130.6634 Y-49.1667 F15000.0
G1 Z11.9000 F2500.0
G4 P0.02
G1 X130.9288 Y-48.9235 F2200.0
G1 X132.5209 Y-48.9677
G1 X132.8526 Y-49.1446
G1 X133.2507 Y-49.5205
G1 X133.4276 Y-49.8301
G1 Z0.0000 F2500.0
G4 P0.02
G0 X133.3341 Y-49.5726 F15000.0
G1 Z11.9000 F2500.0
G4 P0.02
G1 X134.3214 Y-49.0085 F12000.0
G1 X134.2550 Y-48.9421
G1 X135.9577 Y-49.1923
G1 X135.9135 Y-50.1211
G1 X137.5278 Y-54.3669
G1 X137.9921 Y-54.8312
G1 X138.6334 Y-55.1187
G1 X139.7833 Y-55.1408
G1 X140.2035 Y-54.8534
G1 X140.2698 Y-54.6765
G1 X140.2698 Y-54.0573
G1 X138.7219 Y-49.8557
G1 X136.2231 Y-48.9491
G1 X137.8152 Y-48.9933
G1 X138.1469 Y-49.1702
G1 X138.5450 Y-49.5461
G1 X140.3963 Y-50.7356
G1 X140.2858 Y-50.3155
G1 X140.1531 Y-50.2712
G1 X142.1875 Y-50.3155
G1 X142.6077 Y-51.6644
G1 X140.8386 Y-51.5317
G1 X142.4308 Y-54.3401
G1 Z0.0000 F2500.0
G4 P0.02
G0 X142.0737 Y-53.5516 F15000.0
G1 Z11.9000 F2500.0
G4 P0.02
G1 X143.0246 Y-55.1880 F2200.0
G1 Z0.0000 F2500.0
G4 P0.02
G0 X142.2744 Y-50.5944 F15000.0
G1 Z11.9000 F2500.0
G4 P0.02
G1 X143.0278 Y-50.3597 F2200.0
G1 X142.1875 Y-50.3155
G1 X141.8558 Y-49.7405
G1 Z0.0000 F2500.0
G4 P0.02
G0 X141.9068 Y-49.6883 F15000.0
G1 Z11.9000 F2500.0
G4 P0.02
G1 X141.5530 Y-48.7595 F2200.0
G1 X142.0395 Y-50.2632
G1 Z0.0000 F2500.0
G4 P0.02
G0 X135.0439 Y-54.0573 F15000.0
G1 Z11.9000 F2500.0
G4 P0.02
G1 X133.4959 Y-49.8557 F2200.0
G1 X133.3190 Y-49.5461
G1 X132.9210 Y-49.1702
G1 X132.5893 Y-48.9933
G1 Z0.0000 F2500.0
G4 P0.02
G0 X130.9971 Y-48.9491 F15000.0
G1 Z11.9000 F2500.0
G4 P0.02
G1 X130.7317 Y-49.1923 F2200.0
G1 X130.6875 Y-50.1211
G1 Z0.0000 F2500.0
G4 P0.02
G0 X130.6192 Y-50.0955 F15000.0
G1 Z11.9000 F2500.0
G4 P0.02
G1 X132.2335 Y-54.3412 F2200.0
G1 X132.6978 Y-54.8056
G1 X133.3391 Y-55.0931
G1 Z0.0000 F2500.0
G4 P0.02
G0 X134.4890 Y-55.1152 F15000.0
G1 Z11.9000 F2500.0
G4 P0.02
G1 X134.9092 Y-54.8277 F2200.0
G1 Z0.0000 F2500.0
G4 P0.02
G0 X134.9755 Y-54.6508 F15000.0
G1 Z11.9000 F2500.0
G4 P0.02
G1 X134.9755 Y-54.0317 F2200.0
G1 Z0.0000 F2500.0
G4 P0.02
G0 X134.5574 Y-55.1408 F15000.0
G1 Z11.9000 F2500.0
G4 P0.02
G1 X133.4075 Y-55.1187 F2200.0
G1 X132.7662 Y-54.8312
G1 X132.3018 Y-54.3669
G1 Z0.0000 F2500.0
G4 P0.02
G0 X130.8992 Y-53.9843 F15000.0
G1 Z11.9000 F2500.0
G4 P0.02
G1 X130.8992 Y-54.6035 F2200.0
G1 X130.8329 Y-54.7804
G1 Z0.0000 F2500.0
G4 P0.02
G0 X128.7763 Y-49.0972 F15000.0
G1 Z11.9000 F2500.0
G4 P0.02
G1 X128.4446 Y-48.9203 F2200.0
G1 Z0.0000 F2500.0
G4 P0.02
G0 X116.8431 Y-54.0573 F15000.0
G1 Z11.9000 F2500.0
G4 P0.02
G1 X115.2951 Y-49.8557 F2200.0
G1 X115.1182 Y-49.5461
G1 X114.7202 Y-49.1702
G1 X114.3885 Y-48.9933
G1 Z0.0000 F2500.0
G4 P0.02
G0 X112.7963 Y-48.9491 F15000.0
G1 Z11.9000 F2500.0
G4 P0.02
G1 X112.5309 Y-49.1923 F2200.0
G1 X112.4867 Y-50.1211
G1 Z0.0000 F2500.0
G4 P0.02
G0 X112.4184 Y-50.0955 F15000.0
G1 Z11.9000 F2500.0
G4 P0.02
G1 X114.0327 Y-54.3412 F2200.0
G1 X114.4971 Y-54.8056
G1 X115.1383 Y-55.0931
G1 Z0.0000 F2500.0
G4 P0.02
G0 X114.1010 Y-54.3669 F15000.0
G1 Z11.9000 F2500.0
G4 P0.02
G1 X114.5654 Y-54.8312 F2200.0
G1 X115.2067 Y-55.1187
G1 X116.3566 Y-55.1408
G1 X116.7767 Y-54.8534
G1 Z0.0000 F2500.0
G4 P0.02
G0 X116.7747 Y-54.6508 F15000.0
G1 Z11.9000 F2500.0
G4 P0.02
G1 X116.7747 Y-54.0317 F2200.0
G1 Z0.0000 F2500.0
G4 P0.02
G0 X150.7480 Y-14.9295 F15000.0
G1 Z11.9000 F2500.0
G4 P0.02
G1 X151.5317 Y-14.6412 F2200.0
G1 Z0.0000 F2500.0
G4 P0.02
G0 X151.3696 Y-14.0657 F15000.0
G1 Z11.9000 F2500.0
G4 P0.02
G1 X151.3254 Y-13.9993 F2200.0
G1 Z0.0000 F2500.0
G4 P0.02
G0 X155.1386 Y-11.7010 F15000.0
G1 Z11.9000 F2500.0
G4 P0.02
G1 X155.2270 Y-11.7894 F2200.0
G1 Z0.0000 F2500.0
G4 P0.02
G0 X155.4366 Y-9.6239 F15000.0
G1 Z11.9000 F2500.0
G4 P0.02
G1 X155.7240 Y-9.4470 F2200.0
G1 X155.8125 Y-9.2480
G1 X155.7461 Y-8.8057
G1 Z0.0000 F2500.0
G4 P0.02
G0 X158.7743 Y-7.2721 F15000.0
G1 Z11.9000 F2500.0
G4 P0.02
G1 X159.7473 Y-7.8028 F2200.0
G1 X159.6367 Y-7.7365
G1 Z0.0000 F2500.0
G4 P0.02
G0 X159.6230 Y-7.8081 F15000.0
G1 Z11.9000 F2500.0
G4 P0.02
G1 X159.7335 Y-7.8745 F2200.0
G1 Z0.0000 F2500.0
G4 P0.02
G0 X160.1907 Y-14.3279 F15000.0
G1 Z11.9000 F2500.0
G4 P0.02
G1 X160.1686 Y-14.8586 F2200.0
G1 Z0.0000 F2500.0
G4 P0.02
G0 X159.2434 Y-14.9295 F15000.0
G1 Z11.9000 F2500.0
G4 P0.02
G1 X156.8331 Y-14.0671 F2200.0
G1 X158.4252 Y-18.3350
G1 X157.6634 Y-18.6224
G1 Z0.0000 F2500.0
G4 P0.02
G0 X158.1721 Y-21.0653 F15000.0
G1 Z11.9000 F2500.0
G4 P0.02
G1 X158.1500 Y-21.2643 F2200.0
G1 Z0.0000 F2500.0
G4 P0.02
G0 X159.7109 Y-20.9019 F15000.0
G1 Z11.9000 F2500.0
G4 P0.02
G1 X160.5512 Y-23.0911 F2200.0
G1 X160.0862 Y-23.1499
G1 Z0.0000 F2500.0
G4 P0.02
G0 X162.2427 Y-23.1074 F15000.0
G1 Z11.9000 F2500.0
G4 P0.02
G1 X162.3090 Y-22.6873 F2200.0
G1 Z0.0000 F2500.0
G4 P0.02
G0 X164.9049 Y-23.1842 F15000.0
G1 Z11.9000 F2500.0
G4 P0.02
G1 X165.2808 Y-23.2506 F2200.0
G1 Z0.0000 F2500.0
G4 P0.02
G0 X165.3029 Y-23.2506 F15000.0
G1 Z11.9000 F2500.0
G4 P0.02
G1 X164.9712 Y-23.5823 F2200.0
G1 Z0.0000 F2500.0
G4 P0.02
G0 X165.7452 Y-24.0246 F15000.0
G1 Z11.9000 F2500.0
G4 P0.02
G1 X165.6789 Y-24.1572 F2200.0
G1 Z0.0000 F2500.0
G4 P0.02
G0 X165.7506 Y-24.1436 F15000.0
G1 Z11.9000 F2500.0
G4 P0.02
G1 X165.8169 Y-24.0109 F2200.0
G1 X165.3525 Y-23.2370 F2200.0
G1 X164.9766 Y-23.1706
G1 X165.0429 Y-23.5687
G1 X165.3746 Y-23.2370
G1 X165.8169 Y-22.4851
G1 X165.3968 Y-21.2910
G1 X165.1756 Y-21.1141
G1 Z0.0000 F2500.0
G4 P0.02
G0 X165.1039 Y-21.1277 F15000.0
G1 Z11.9000 F2500.0
G4 P0.02
G1 X165.3251 Y-21.3046 F2200.0
G1 Z0.0000 F2500.0
G4 P0.02
G0 X160.6366 Y-18.6888 F15000.0
G1 Z11.9000 F2500.0
G4 P0.02
G1 X160.4818 Y-18.6003 F2200.0
G1 Z0.0000 F2500.0
G4 P0.02
G0 X160.4222 Y-18.5582 F15000.0
G1 Z11.9000 F2500.0
G4 P0.02
G1 X160.5770 Y-18.6466 F2200.0
G1 Z0.0000 F2500.0
G4 P0.02
G0 X161.1721 Y-17.8055 F15000.0
G1 Z11.9000 F2500.0
G4 P0.02
G1 X161.1499 Y-17.7391 F2200.0
G1 Z0.0000 F2500.0
G4 P0.02
G0 X13.2436 Y-22.7595 F15000.0
G1 Z11.9000 F2500.0
G4 P0.02
G1 X13.1552 Y-23.2017 F2200.0
G1 Z0.0000 F2500.0
G4 P0.02
G0 X11.3381 Y-23.1124 F15000.0
G1 Z11.9000 F2500.0
G4 P0.02
G1 X11.4044 Y-22.6923 F2200.0
G1 Z0.0000 F2500.0
G4 P0.02

G0 Z0.0000 F800.0
G4 P0.06
G0 X0.0000 Y0.0000 F15000.0
M5
G4 P0.10
$1=0
