; layered cap A4
G21
G90
G0 Z3.500
F3000
G0 X3.600 Y-23.603
G1 Z0.000 F1200
G1 X176.400 Y-23.603
G1 X176.400 Y-256.397
G1 X3.600 Y-256.397
G1 X3.600 Y-23.603
G0 Z3.500
G0 X19.599 Y-35.737
G1 Z0.000 F1200
G1 X26.189 Y-31.119
G0 Z3.500
G0 X26.154 Y-33.362
G1 Z0.000 F1200
G1 X29.465 Y-30.782
G1 X34.165 Y-27.748
G0 Z3.500
G0 X33.024 Y-31.705
G1 Z0.000 F1200
G1 X25.581 Y-36.921
G0 Z3.500
G0 X23.342 Y-36.400
G1 Z0.000 F1200
G1 X20.890 Y-37.900
G1 X17.859 Y-40.243
G0 Z3.500
G0 X17.676 Y-39.478
G1 Z0.000 F1200
G1 X23.067 Y-35.700
G0 Z3.500
G0 X24.201 Y-34.794
G1 Z0.000 F1200
G1 X18.286 Y-38.939
G0 Z3.500
G0 X23.805 Y-40.250
G1 Z0.000 F1200
G1 X30.208 Y-35.763
G0 Z3.500
G0 X30.758 Y-36.176
G1 Z0.000 F1200
G1 X23.478 Y-41.278
G0 Z3.500
G0 X24.300 Y-41.049
G1 Z0.000 F1200
G1 X29.299 Y-37.546
G0 Z3.500
G0 X29.695 Y-38.076
G1 Z0.000 F1200
G1 X35.363 Y-34.104
G0 Z3.500
G0 X33.724 Y-32.857
G1 Z0.000 F1200
G1 X27.973 Y-36.887
G0 Z3.500
G0 X30.838 Y-40.563
G1 Z0.000 F1200
G1 X27.760 Y-42.500
G1 X23.898 Y-45.427
G0 Z3.500
G0 X24.497 Y-45.127
G1 Z0.000 F1200
G1 X27.914 Y-42.942
G1 X32.240 Y-39.701
G0 Z3.500
G0 X33.501 Y-40.621
G1 Z0.000 F1200
G1 X29.861 Y-42.927
G1 X27.331 Y-44.944
G0 Z3.500
G0 X28.057 Y-46.001
G1 Z0.000 F1200
G1 X33.041 Y-42.739
G1 X36.589 Y-40.021
G0 Z3.500
G0 X37.697 Y-36.658
G1 Z0.000 F1200
G1 X29.500 Y-42.403
G0 Z3.500
G0 X28.749 Y-44.151
G1 Z0.000 F1200
G1 X25.165 Y-46.438
G1 X22.662 Y-48.417
G0 Z3.500
G0 X21.012 Y-51.665
G1 Z0.000 F1200
G1 X13.872 Y-56.669
G0 Z3.500
G0 X18.824 Y-52.247
G1 Z0.000 F1200
G1 X23.328 Y-48.899
G1 X26.864 Y-46.613
G0 Z3.500
G0 X27.964 Y-47.866
G1 Z0.000 F1200
G1 X33.911 Y-43.698
G0 Z3.500
G0 X33.013 Y-44.622
G1 Z0.000 F1200
G1 X30.177 Y-46.438
G1 X28.191 Y-48.002
G0 Z3.500
G0 X23.141 Y-43.478
G1 Z0.000 F1200
G1 X19.486 Y-45.782
G1 X14.896 Y-49.256
G0 Z3.500
G0 X27.075 Y-68.207
G1 Z0.000 F1200
G1 X23.490 Y-69.723
G1 X20.963 Y-71.191
G0 Z3.500
G0 X20.369 Y-71.548
G1 Z0.000 F1200
G1 X17.252 Y-73.320
G1 X12.866 Y-75.211
G0 Z3.500
G0 X15.462 Y-77.327
G1 Z0.000 F1200
G1 X18.254 Y-76.153
G1 X21.804 Y-74.232
G0 Z3.500
G0 X22.668 Y-74.692
G1 Z0.000 F1200
G1 X28.706 Y-71.745
G0 Z3.500
G0 X29.463 Y-70.235
G1 Z0.000 F1200
G1 X33.340 Y-68.503
G1 X36.138 Y-66.977
G0 Z3.500
G0 X34.275 Y-69.942
G1 Z0.000 F1200
G1 X27.465 Y-73.266
G0 Z3.500
G0 X27.212 Y-73.528
G1 Z0.000 F1200
G1 X30.811 Y-72.030
G1 X33.332 Y-70.541
G0 Z3.500
G0 X32.624 Y-74.777
G1 Z0.000 F1200
G1 X29.299 Y-76.617
G1 X24.666 Y-78.661
G0 Z3.500
G0 X25.254 Y-83.463
G1 Z0.000 F1200
G1 X27.992 Y-81.924
G1 X30.185 Y-81.056
G0 Z3.500
G0 X30.390 Y-82.757
G1 Z0.000 F1200
G1 X35.452 Y-80.286
G0 Z3.500
G0 X33.515 Y-78.846
G1 Z0.000 F1200
G1 X39.719 Y-75.817
G0 Z3.500
G0 X38.584 Y-74.947
G1 Z0.000 F1200
G1 X35.857 Y-76.438
G1 X32.075 Y-78.124
G0 Z3.500
G0 X38.394 Y-79.519
G1 Z0.000 F1200
G1 X46.174 Y-75.721
G0 Z3.500
G0 X40.772 Y-84.158
G1 Z0.000 F1200
G1 X45.040 Y-86.624
G0 Z3.500
G0 X45.880 Y-87.036
G1 Z0.000 F1200
G1 X44.073 Y-85.820
G1 X42.588 Y-85.134
G0 Z3.500
G0 X39.525 Y-88.231
G1 Z0.000 F1200
G1 X35.345 Y-85.816
G0 Z3.500
G0 X29.771 Y-89.853
G1 Z0.000 F1200
G1 X26.157 Y-87.765
G0 Z3.500
G0 X25.435 Y-84.742
G1 Z0.000 F1200
G1 X20.437 Y-81.855
G0 Z3.500
G0 X17.547 Y-83.036
G1 Z0.000 F1200
G1 X10.630 Y-86.413
G0 Z3.500
G0 X8.941 Y-83.767
G1 Z0.000 F1200
G1 X16.676 Y-79.991
G0 Z3.500
G0 X15.126 Y-99.760
G1 Z0.000 F1200
G1 X13.987 Y-102.001
G0 Z3.500
G0 X15.200 Y-103.670
G1 Z0.000 F1200
G1 X14.200 Y-104.871
G1 X14.800 Y-106.672
G1 X14.600 Y-106.072
G1 X15.800 Y-105.071
G1 X15.000 Y-105.872
G1 X14.200 Y-105.471
G1 X14.200 Y-104.871
G1 X15.000 Y-103.870
G0 Z3.500
G0 X15.382 Y-104.746
G1 Z0.000 F1200
G1 X13.717 Y-108.568
G0 Z3.500
G0 X14.652 Y-108.343
G1 Z0.000 F1200
G1 X13.415 Y-106.099
G0 Z3.500
G0 X13.905 Y-106.966
G1 Z0.000 F1200
G1 X12.636 Y-104.909
G0 Z3.500
G0 X10.466 Y-106.669
G1 Z0.000 F1200
G1 X11.753 Y-109.016
G0 Z3.500
G0 X11.219 Y-109.823
G1 Z0.000 F1200
G1 X11.441 Y-113.579
G0 Z3.500
G0 X11.126 Y-114.286
G1 Z0.000 F1200
G1 X10.700 Y-117.052
G0 Z3.500
G0 X10.062 Y-117.794
G1 Z0.000 F1200
G1 X11.265 Y-115.098
G0 Z3.500
G0 X11.000 Y-115.680
G1 Z0.000 F1200
G1 X11.600 Y-115.680
G1 X11.800 Y-116.881
G1 X12.200 Y-117.281
G1 X12.000 Y-117.681
G1 X10.800 Y-117.481
G1 X10.400 Y-117.081
G1 X10.200 Y-116.080
G1 X10.800 Y-115.880
G0 Z3.500
G0 X11.584 Y-115.808
G1 Z0.000 F1200
G1 X10.975 Y-117.994
G0 Z3.500
G0 X11.143 Y-119.133
G1 Z0.000 F1200
G1 X10.905 Y-121.146
G0 Z3.500
G0 X10.504 Y-119.924
G1 Z0.000 F1200
G1 X12.799 Y-122.933
G0 Z3.500
G0 X12.206 Y-123.079
G1 Z0.000 F1200
G1 X12.348 Y-119.271
G0 Z3.500
G0 X12.180 Y-119.003
G1 Z0.000 F1200
G1 X12.831 Y-114.028
G0 Z3.500
G0 X13.613 Y-114.927
G1 Z0.000 F1200
G1 X14.322 Y-112.353
G0 Z3.500
G0 X14.032 Y-113.006
G1 Z0.000 F1200
G1 X15.235 Y-109.662
G0 Z3.500
G0 X16.200 Y-112.077
G1 Z0.000 F1200
G1 X16.800 Y-113.478
G1 X18.400 Y-114.879
G1 X18.400 Y-115.880
G1 X18.400 Y-114.879
G1 X16.800 Y-113.478
G1 X16.200 Y-112.277
G0 Z3.500
G0 X17.102 Y-112.127
G1 Z0.000 F1200
G1 X18.934 Y-115.414
G0 Z3.500
G0 X19.448 Y-115.410
G1 Z0.000 F1200
G1 X18.222 Y-118.256
G0 Z3.500
G0 X18.200 Y-117.882
G1 Z0.000 F1200
G1 X17.800 Y-119.883
G1 X18.400 Y-120.083
G1 X19.200 Y-119.683
G1 X19.000 Y-117.882
G1 X18.600 Y-117.481
G1 X18.400 Y-117.681
G0 Z3.500
G0 X18.307 Y-117.631
G1 Z0.000 F1200
G1 X16.575 Y-120.555
G0 Z3.500
G0 X15.798 Y-120.789
G1 Z0.000 F1200
G1 X16.361 Y-123.439
G0 Z3.500
G0 X15.959 Y-123.525
G1 Z0.000 F1200
G1 X15.396 Y-120.874
G0 Z3.500
G0 X15.296 Y-120.361
G1 Z0.000 F1200
G1 X13.945 Y-123.364
G0 Z3.500
G0 X13.626 Y-123.807
G1 Z0.000 F1200
G1 X13.585 Y-121.323
G0 Z3.500
G0 X13.800 Y-121.284
G1 Z0.000 F1200
G1 X14.200 Y-122.485
G1 X15.600 Y-122.485
G1 X16.000 Y-122.085
G1 X15.200 Y-120.884
G1 X14.000 Y-121.084
G0 Z3.500
G0 X14.178 Y-121.807
G1 Z0.000 F1200
G1 X14.235 Y-117.861
G0 Z3.500
G0 X14.746 Y-116.914
G1 Z0.000 F1200
G1 X15.239 Y-115.316
G0 Z3.500
G0 X16.436 Y-115.909
G1 Z0.000 F1200
G1 X16.821 Y-113.515
G0 Z3.500
G0 X15.301 Y-113.212
G1 Z0.000 F1200
G1 X13.032 Y-118.446
G0 Z3.500
G0 X12.400 Y-118.682
G1 Z0.000 F1200
G1 X13.000 Y-118.482
G1 X14.000 Y-119.483
G1 X13.800 Y-121.284
G1 X13.400 Y-121.685
G1 X11.800 Y-120.484
G1 X12.400 Y-118.882
G0 Z3.500
G0 X12.500 Y-119.554
G1 Z0.000 F1200
G1 X12.143 Y-122.419
G0 Z3.500
G0 X13.200 Y-121.685
G1 Z0.000 F1200
G1 X12.600 Y-122.485
G1 X12.600 Y-123.086
G1 X14.000 Y-123.286
G1 X14.000 Y-121.685
G1 X13.400 Y-121.685
G0 Z3.500
G0 X14.523 Y-122.260
G1 Z0.000 F1200
G1 X11.846 Y-125.925
G0 Z3.500
G0 X11.116 Y-127.244
G1 Z0.000 F1200
G1 X7.441 Y-125.636
G0 Z3.500
G0 X8.600 Y-125.688
G1 Z0.000 F1200
G1 X8.400 Y-128.290
G1 X5.600 Y-127.890
G1 X4.000 Y-127.089
G1 X2.400 Y-126.889
G1 X4.000 Y-127.089
G1 X5.600 Y-127.890
G1 X8.600 Y-128.290
G1 X10.600 Y-129.091
G1 X11.800 Y-128.891
G1 X13.000 Y-129.892
G1 X18.000 Y-131.093
G1 X23.000 Y-131.293
G1 X23.600 Y-131.893
G1 X26.600 Y-132.294
G1 X27.600 Y-133.094
G1 X30.800 Y-133.495
G1 X31.600 Y-134.295
G1 X34.600 Y-134.896
G1 X35.200 Y-134.295
G1 X35.800 Y-134.295
G1 X36.800 Y-135.696
G1 X39.400 Y-136.697
G1 X40.200 Y-136.497
G1 X40.800 Y-137.098
G1 X45.000 Y-138.299
G1 X46.600 Y-139.099
G1 X47.400 Y-139.099
G1 X48.200 Y-139.700
G1 X49.600 Y-139.900
G1 X51.200 Y-140.701
G1 X53.200 Y-140.901
G1 X55.200 Y-142.102
G1 X57.000 Y-141.701
G1 X57.600 Y-142.702
G1 X58.600 Y-143.303
G1 X64.200 Y-143.303
G1 X65.200 Y-144.704
G1 X67.000 Y-145.304
G1 X69.400 Y-145.505
G1 X70.000 Y-145.104
G1 X70.600 Y-145.905
G1 X80.000 Y-147.907
G1 X81.400 Y-147.306
G1 X81.800 Y-147.907
G1 X82.800 Y-147.506
G1 X81.800 Y-147.907
G1 X81.400 Y-146.906
G1 X82.000 Y-146.505
G1 X81.800 Y-144.304
G1 X82.800 Y-144.103
G1 X83.000 Y-145.304
G1 X83.000 Y-144.103
G1 X83.600 Y-143.703
G1 X83.200 Y-143.903
G1 X83.000 Y-143.303
G1 X82.800 Y-144.103
G1 X82.000 Y-144.103
G1 X81.800 Y-142.902
G1 X81.800 Y-143.703
G1 X81.000 Y-143.503
G1 X79.400 Y-142.102
G1 X77.800 Y-141.501
G1 X77.400 Y-140.300
G1 X76.800 Y-139.700
G1 X76.600 Y-135.696
G1 X77.400 Y-134.495
G1 X78.400 Y-133.895
G1 X78.400 Y-133.094
G1 X76.800 Y-135.496
G1 X75.600 Y-134.295
G1 X76.600 Y-135.496
G1 X76.600 Y-136.497
G1 X76.400 Y-136.697
G1 X76.000 Y-136.297
G1 X76.800 Y-137.098
G1 X76.800 Y-139.500
G1 X75.600 Y-140.500
G1 X74.800 Y-140.500
G1 X75.600 Y-140.500
G1 X76.800 Y-139.700
G1 X77.400 Y-140.300
G1 X77.800 Y-141.501
G1 X79.400 Y-142.102
G1 X81.800 Y-143.903
G1 X82.000 Y-146.505
G1 X81.400 Y-146.906
G1 X80.800 Y-145.705
G1 X81.400 Y-147.106
G1 X80.400 Y-147.907
G1 X75.800 Y-147.106
G1 X75.200 Y-143.103
G1 X75.600 Y-146.706
G1 X75.000 Y-146.906
G1 X72.800 Y-146.305
G1 X72.600 Y-145.104
G1 X73.400 Y-144.904
G1 X72.600 Y-144.704
G1 X72.800 Y-141.301
G1 X72.600 Y-145.905
G1 X71.400 Y-146.105
G1 X71.000 Y-144.904
G1 X69.800 Y-145.104
G1 X68.600 Y-143.703
G1 X68.600 Y-142.902
G1 X70.200 Y-142.902
G1 X69.000 Y-142.502
G1 X69.200 Y-141.501
G1 X70.200 Y-141.101
G1 X69.200 Y-141.301
G1 X69.000 Y-140.100
G1 X69.200 Y-142.102
G1 X68.600 Y-142.902
G1 X68.400 Y-145.304
G1 X67.000 Y-145.304
G1 X65.200 Y-144.704
G1 X64.400 Y-143.703
G1 X64.400 Y-143.303
G1 X65.000 Y-142.902
G1 X64.800 Y-140.901
G1 X65.400 Y-140.100
G1 X65.000 Y-137.898
G1 X66.400 Y-137.298
G1 X67.800 Y-137.898
G1 X66.600 Y-137.298
G1 X66.400 Y-136.097
G1 X66.600 Y-137.098
G1 X65.600 Y-137.698
G1 X64.800 Y-137.498
G1 X64.600 Y-136.097
G1 X64.800 Y-136.897
G1 X64.400 Y-137.298
G1 X63.800 Y-137.298
G1 X63.200 Y-136.297
G1 X61.600 Y-136.497
G1 X60.800 Y-137.098
G1 X61.200 Y-136.897
G1 X61.800 Y-137.498
G1 X62.000 Y-138.499
G1 X61.800 Y-139.299
G1 X60.800 Y-139.500
G1 X62.000 Y-139.099
G1 X61.800 Y-137.498
G1 X61.400 Y-137.098
G1 X61.600 Y-136.497
G1 X63.200 Y-136.297
G1 X63.800 Y-137.298
G1 X64.800 Y-137.298
G1 X65.400 Y-140.100
G1 X64.800 Y-140.901
G1 X64.200 Y-140.901
G1 X65.000 Y-141.101
G1 X65.000 Y-142.902
G1 X64.400 Y-143.303
G1 X62.800 Y-143.103
G1 X62.200 Y-142.502
G1 X62.400 Y-140.901
G1 X62.000 Y-141.101
G1 X61.200 Y-140.500
G1 X62.200 Y-141.301
G1 X62.000 Y-141.701
G1 X61.200 Y-141.701
G1 X60.400 Y-141.101
G1 X61.200 Y-141.701
G1 X62.000 Y-141.701
G1 X62.600 Y-143.103
G1 X61.800 Y-143.503
G1 X60.800 Y-143.303
G1 X60.600 Y-142.902
G1 X60.600 Y-143.503
G1 X59.400 Y-143.503
G1 X58.000 Y-143.103
G1 X57.200 Y-142.102
G1 X57.200 Y-141.501
G1 X59.200 Y-140.100
G1 X59.800 Y-140.500
G1 X59.200 Y-140.100
G1 X58.400 Y-140.901
G1 X57.400 Y-141.301
G1 X57.200 Y-141.101
G1 X57.600 Y-138.098
G1 X58.400 Y-137.898
G1 X57.600 Y-137.698
G1 X57.600 Y-136.097
G1 X57.600 Y-138.299
G1 X57.200 Y-138.499
G1 X57.600 Y-138.699
G1 X57.600 Y-139.700
G1 X57.200 Y-140.300
G1 X56.000 Y-139.900
G1 X56.600 Y-139.900
G1 X57.400 Y-141.301
G1 X56.200 Y-142.102
G1 X55.200 Y-142.102
G1 X53.200 Y-140.901
G1 X53.600 Y-140.100
G1 X55.000 Y-140.901
G1 X54.800 Y-140.701
G1 X55.400 Y-140.300
G1 X54.200 Y-140.500
G1 X53.600 Y-139.500
G1 X54.600 Y-138.699
G1 X55.400 Y-139.299
G1 X54.800 Y-138.699
G1 X54.800 Y-137.298
G1 X56.600 Y-136.297
G1 X55.200 Y-137.098
G1 X54.600 Y-136.897
G1 X55.000 Y-135.096
G1 X56.400 Y-134.495
G1 X55.200 Y-134.896
G1 X55.200 Y-133.495
G1 X54.800 Y-134.095
G1 X54.200 Y-133.695
G1 X53.600 Y-134.095
G1 X55.000 Y-134.295
G1 X54.800 Y-136.097
G1 X54.400 Y-136.297
G1 X53.600 Y-135.696
G1 X54.600 Y-136.497
G1 X54.600 Y-137.098
G1 X53.200 Y-137.098
G1 X54.600 Y-137.298
G1 X54.800 Y-138.499
G1 X53.800 Y-139.299
G1 X51.400 Y-139.099
G1 X53.600 Y-139.500
G1 X53.200 Y-140.701
G1 X52.200 Y-140.901
G1 X48.200 Y-139.700
G1 X47.400 Y-139.099
G1 X47.600 Y-137.498
G1 X49.000 Y-137.498
G1 X50.000 Y-139.299
G1 X49.800 Y-138.699
G1 X50.200 Y-138.499
G1 X49.400 Y-138.098
G1 X50.200 Y-137.698
G1 X49.200 Y-137.698
G1 X49.800 Y-137.098
G1 X48.600 Y-137.498
G1 X48.400 Y-136.497
G1 X48.200 Y-137.498
G1 X47.600 Y-137.298
G1 X47.600 Y-136.697
G1 X47.400 Y-137.498
G1 X46.800 Y-137.298
G1 X46.200 Y-135.897
G1 X45.000 Y-135.696
G1 X45.000 Y-135.296
G1 X46.000 Y-134.696
G1 X46.400 Y-133.895
G1 X46.800 Y-133.895
G1 X46.200 Y-133.695
G1 X46.200 Y-134.495
G1 X45.600 Y-134.896
G1 X45.200 Y-134.295
G1 X45.000 Y-135.296
G1 X44.400 Y-134.696
G1 X45.000 Y-135.496
G1 X45.000 Y-135.897
G1 X44.400 Y-136.297
G1 X43.800 Y-136.297
G1 X42.800 Y-135.296
G1 X42.800 Y-134.896
G1 X43.600 Y-134.295
G1 X42.800 Y-134.896
G1 X40.800 Y-135.096
G1 X40.600 Y-134.495
G1 X41.200 Y-133.895
G1 X42.400 Y-133.695
G1 X41.200 Y-133.895
G1 X40.800 Y-134.295
G1 X40.400 Y-134.095
G1 X40.400 Y-133.695
G1 X41.400 Y-133.094
G1 X40.600 Y-133.495
G1 X40.000 Y-133.294
G1 X40.400 Y-129.892
G1 X40.400 Y-131.293
G1 X40.000 Y-131.893
G1 X37.600 Y-131.293
G1 X40.000 Y-132.093
G1 X40.000 Y-133.294
G1 X40.400 Y-133.695
G1 X40.200 Y-134.095
G1 X36.400 Y-133.895
G1 X35.400 Y-134.295
G1 X34.000 Y-132.294
G1 X34.000 Y-130.892
G1 X35.400 Y-130.892
G1 X34.400 Y-130.892
G1 X34.000 Y-130.492
G1 X34.000 Y-129.091
G1 X36.200 Y-128.891
G1 X34.600 Y-128.891
G1 X34.600 Y-128.290
G1 X34.200 Y-128.891
G1 X32.200 Y-128.891
G1 X32.000 Y-128.490
G1 X33.400 Y-127.490
G1 X31.800 Y-127.289
G1 X31.400 Y-126.889
G1 X31.600 Y-127.289
G1 X30.400 Y-128.290
G1 X30.200 Y-127.690
G1 X29.400 Y-127.289
G1 X29.800 Y-126.289
G1 X29.600 Y-126.489
G1 X28.200 Y-125.688
G1 X29.200 Y-126.088
G1 X29.400 Y-127.289
G1 X30.200 Y-127.690
G1 X30.200 Y-129.091
G1 X28.800 Y-128.891
G1 X28.000 Y-127.890
G1 X28.800 Y-128.891
G1 X30.400 Y-128.891
G1 X30.800 Y-129.291
G1 X30.000 Y-130.292
G1 X28.600 Y-130.492
G1 X26.800 Y-129.691
G1 X26.400 Y-127.890
G1 X27.600 Y-126.889
G1 X27.600 Y-126.489
G1 X27.600 Y-126.889
G1 X26.400 Y-127.890
G1 X25.600 Y-127.890
G1 X24.800 Y-126.889
G1 X25.400 Y-127.890
G1 X25.000 Y-128.090
G1 X24.000 Y-127.690
G1 X25.000 Y-128.090
G1 X26.600 Y-128.090
G1 X26.800 Y-129.291
G1 X26.200 Y-129.491
G1 X26.600 Y-129.491
G1 X27.200 Y-130.492
G1 X27.200 Y-131.893
G1 X26.800 Y-132.294
G1 X25.000 Y-132.093
G1 X25.000 Y-131.293
G1 X25.400 Y-131.093
G1 X25.000 Y-130.492
G1 X25.400 Y-130.092
G1 X24.800 Y-130.292
G1 X23.800 Y-128.891
G1 X24.200 Y-129.892
G1 X23.000 Y-130.492
G1 X22.400 Y-129.892
G1 X20.400 Y-129.892
G1 X19.600 Y-128.490
G1 X20.000 Y-129.491
G1 X19.200 Y-129.491
G1 X19.800 Y-129.892
G1 X19.800 Y-130.692
G1 X20.200 Y-131.093
G1 X19.000 Y-131.293
G1 X12.600 Y-129.691
G1 X12.000 Y-129.091
G1 X12.400 Y-128.290
G1 X11.800 Y-128.290
G1 X11.800 Y-127.089
G1 X12.000 Y-128.691
G1 X11.600 Y-129.091
G1 X9.200 Y-128.691
G1 X8.600 Y-128.290
G1 X8.600 Y-125.888
G0 Z3.500
G0 X8.878 Y-125.405
G1 Z0.000 F1200
G1 X9.350 Y-128.895
G0 Z3.500
G0 X9.893 Y-129.865
G1 Z0.000 F1200
G1 X9.099 Y-131.342
G0 Z3.500
G0 X8.452 Y-130.320
G1 Z0.000 F1200
G1 X6.923 Y-126.720
G0 Z3.500
G0 X6.935 Y-127.684
G1 Z0.000 F1200
G1 X5.234 Y-125.191
G0 Z3.500
G0 X5.120 Y-124.600
G1 Z0.000 F1200
G1 X6.387 Y-122.307
G0 Z3.500
G0 X4.773 Y-122.226
G1 Z0.000 F1200
G1 X2.778 Y-118.520
G0 Z3.500
G0 X2.359 Y-119.369
G1 Z0.000 F1200
G1 X1.796 Y-122.059
G0 Z3.500
G0 X1.760 Y-122.572
G1 Z0.000 F1200
G1 X3.925 Y-125.196
G0 Z3.500
G0 X3.248 Y-125.014
G1 Z0.000 F1200
G1 X4.626 Y-122.984
G0 Z3.500
G0 X3.624 Y-124.346
G1 Z0.000 F1200
G1 X4.174 Y-120.068
G0 Z3.500
G0 X3.773 Y-120.016
G1 Z0.000 F1200
G1 X3.224 Y-124.294
G0 Z3.500
G0 X2.365 Y-124.889
G1 Z0.000 F1200
G1 X2.807 Y-123.154
G0 Z3.500
G0 X2.049 Y-123.258
G1 Z0.000 F1200
G1 X3.580 Y-126.268
G0 Z3.500
G0 X4.012 Y-126.106
G1 Z0.000 F1200
G1 X2.973 Y-127.730
G0 Z3.500
G0 X3.233 Y-127.401
G1 Z0.000 F1200
G1 X0.304 Y-126.834
G0 Z3.500
G0 X1.177 Y-128.588
G1 Z0.000 F1200
G1 X8.991 Y-127.356
G0 Z3.500
G0 X10.478 Y-127.779
G1 Z0.000 F1200
G1 X10.877 Y-130.787
G0 Z3.500
G0 X13.487 Y-129.650
G1 Z0.000 F1200
G1 X17.098 Y-130.500
G0 Z3.500
G0 X16.852 Y-130.899
G1 Z0.000 F1200
G1 X20.799 Y-130.404
G0 Z3.500
G0 X21.000 Y-130.292
G1 Z0.000 F1200
G1 X21.200 Y-131.293
G1 X23.200 Y-131.093
G1 X22.400 Y-129.892
G1 X21.200 Y-130.092
G0 Z3.500
G0 X21.014 Y-129.906
G1 Z0.000 F1200
G1 X21.436 Y-128.148
G0 Z3.500
G0 X20.693 Y-127.951
G1 Z0.000 F1200
G1 X18.348 Y-131.666
G0 Z3.500
G0 X17.314 Y-132.254
G1 Z0.000 F1200
G1 X15.365 Y-129.871
G0 Z3.500
G0 X14.619 Y-130.469
G1 Z0.000 F1200
G1 X15.216 Y-127.209
G0 Z3.500
G0 X15.400 Y-126.889
G1 Z0.000 F1200
G1 X15.400 Y-128.490
G1 X14.400 Y-128.490
G1 X14.600 Y-128.691
G1 X15.400 Y-128.490
G1 X15.400 Y-126.689
G0 Z3.500
G0 X15.765 Y-127.085
G1 Z0.000 F1200
G1 X14.396 Y-130.255
G0 Z3.500
G0 X16.762 Y-129.949
G1 Z0.000 F1200
G1 X14.507 Y-127.434
G0 Z3.500
G0 X14.333 Y-127.169
G1 Z0.000 F1200
G1 X3.745 Y-130.220
G0 Z3.500
G0 X3.648 Y-129.095
G1 Z0.000 F1200
G1 X5.764 Y-125.655
G0 Z3.500
G0 X5.600 Y-126.088
G1 Z0.000 F1200
G1 X5.400 Y-126.689
G1 X4.800 Y-126.689
G1 X6.600 Y-126.689
G1 X5.600 Y-126.289
G0 Z3.500
G0 X7.511 Y-128.690
G1 Z0.000 F1200
G1 X13.723 Y-127.612
G0 Z3.500
G0 X13.618 Y-127.323
G1 Z0.000 F1200
G1 X18.102 Y-126.240
G0 Z3.500
G0 X19.207 Y-126.290
G1 Z0.000 F1200
G1 X18.176 Y-122.394
G0 Z3.500
G0 X18.000 Y-122.085
G1 Z0.000 F1200
G1 X17.400 Y-122.686
G1 X17.600 Y-123.486
G1 X19.000 Y-123.887
G1 X19.600 Y-123.286
G1 X19.400 Y-121.885
G1 X18.200 Y-121.885
G0 Z3.500
G0 X18.589 Y-122.285
G1 Z0.000 F1200
G1 X19.620 Y-126.180
G0 Z3.500
G0 X18.937 Y-127.991
G1 Z0.000 F1200
G1 X24.181 Y-129.391
G0 Z3.500
G0 X24.673 Y-128.895
G1 Z0.000 F1200
G1 X23.565 Y-132.226
G0 Z3.500
G0 X23.568 Y-132.524
G1 Z0.000 F1200
G1 X29.423 Y-131.698
G0 Z3.500
G0 X29.197 Y-131.977
G1 Z0.000 F1200
G1 X26.516 Y-128.231
G0 Z3.500
G0 X26.552 Y-127.209
G1 Z0.000 F1200
G1 X25.222 Y-125.340
G0 Z3.500
G0 X26.423 Y-125.569
G1 Z0.000 F1200
G1 X28.114 Y-127.242
G0 Z3.500
G0 X28.293 Y-127.941
G1 Z0.000 F1200
G1 X38.499 Y-126.045
G0 Z3.500
G0 X37.763 Y-125.917
G1 Z0.000 F1200
G1 X40.138 Y-128.558
G0 Z3.500
G0 X40.775 Y-128.570
G1 Z0.000 F1200
G1 X40.851 Y-132.093
G0 Z3.500
G0 X40.765 Y-132.237
G1 Z0.000 F1200
G1 X42.976 Y-129.146
G0 Z3.500
G0 X42.823 Y-128.419
G1 Z0.000 F1200
G1 X40.872 Y-126.688
G0 Z3.500
G0 X39.778 Y-126.928
G1 Z0.000 F1200
G1 X38.216 Y-124.822
G0 Z3.500
G0 X37.678 Y-125.641
G1 Z0.000 F1200
G1 X33.032 Y-127.209
G0 Z3.500
G0 X32.073 Y-127.149
G1 Z0.000 F1200
G1 X30.326 Y-130.749
G0 Z3.500
G0 X30.252 Y-131.076
G1 Z0.000 F1200
G1 X25.413 Y-131.942
G0 Z3.500
G0 X25.722 Y-131.380
G1 Z0.000 F1200
G1 X25.293 Y-133.746
G0 Z3.500
G0 X25.115 Y-133.531
G1 Z0.000 F1200
G1 X32.087 Y-135.195
G0 Z3.500
G0 X32.529 Y-135.224
G1 Z0.000 F1200
G1 X29.777 Y-131.065
G0 Z3.500
G0 X29.980 Y-130.581
G1 Z0.000 F1200
G1 X31.727 Y-126.981
G0 Z3.500
G0 X31.879 Y-127.054
G1 Z0.000 F1200
G1 X31.584 Y-124.126
G0 Z3.500
G0 X32.673 Y-124.077
G1 Z0.000 F1200
G1 X31.186 Y-121.703
G0 Z3.500
G0 X31.274 Y-122.180
G1 Z0.000 F1200
G1 X31.575 Y-120.867
G0 Z3.500
G0 X30.971 Y-120.737
G1 Z0.000 F1200
G1 X30.586 Y-117.218
G0 Z3.500
G0 X31.400 Y-117.081
G1 Z0.000 F1200
G1 X31.200 Y-117.882
G1 X31.600 Y-120.884
G1 X31.400 Y-118.082
G1 X30.800 Y-117.481
G1 X31.200 Y-117.481
G1 X31.600 Y-116.881
G0 Z3.500
G0 X31.519 Y-117.569
G1 Z0.000 F1200
G1 X31.814 Y-120.256
G0 Z3.500
G0 X32.448 Y-120.774
G1 Z0.000 F1200
G1 X33.404 Y-118.814
G0 Z3.500
G0 X35.976 Y-117.027
G1 Z0.000 F1200
G1 X33.968 Y-114.838
G0 Z3.500
G0 X35.666 Y-115.067
G1 Z0.000 F1200
G1 X34.155 Y-112.551
G0 Z3.500
G0 X37.143 Y-113.746
G1 Z0.000 F1200
G1 X36.077 Y-115.269
G0 Z3.500
G0 X37.430 Y-116.569
G1 Z0.000 F1200
G1 X37.396 Y-118.281
G0 Z3.500
G0 X37.653 Y-117.854
G1 Z0.000 F1200
G1 X37.046 Y-120.324
G0 Z3.500
G0 X37.800 Y-121.685
G1 Z0.000 F1200
G1 X37.000 Y-122.686
G1 X36.200 Y-122.886
G1 X36.000 Y-122.085
G1 X36.000 Y-122.886
G1 X35.400 Y-123.286
G1 X33.400 Y-122.686
G1 X33.000 Y-122.285
G1 X33.200 Y-121.885
G1 X33.000 Y-122.285
G1 X33.400 Y-122.686
G1 X35.800 Y-123.286
G1 X35.800 Y-125.288
G1 X34.800 Y-125.288
G1 X34.400 Y-124.887
G1 X33.800 Y-125.088
G1 X34.400 Y-124.887
G1 X34.800 Y-125.288
G1 X35.800 Y-125.288
G1 X35.800 Y-126.088
G1 X35.200 Y-126.889
G1 X34.200 Y-126.689
G1 X35.200 Y-126.889
G1 X36.200 Y-125.288
G1 X38.000 Y-124.287
G1 X38.200 Y-123.286
G1 X37.200 Y-122.485
G1 X37.600 Y-121.885
G0 Z3.500
G0 X37.952 Y-122.598
G1 Z0.000 F1200
G1 X36.390 Y-126.719
G0 Z3.500
G0 X36.484 Y-125.900
G1 Z0.000 F1200
G1 X38.866 Y-128.827
G0 Z3.500
G0 X37.350 Y-129.171
G1 Z0.000 F1200
G1 X38.678 Y-131.041
G0 Z3.500
G0 X38.084 Y-131.154
G1 Z0.000 F1200
G1 X36.403 Y-136.020
G0 Z3.500
G0 X36.533 Y-136.257
G1 Z0.000 F1200
G1 X36.377 Y-132.153
G0 Z3.500
G0 X36.803 Y-132.136
G1 Z0.000 F1200
G1 X36.959 Y-136.241
G0 Z3.500
G0 X36.765 Y-137.190
G1 Z0.000 F1200
G1 X37.416 Y-133.057
G0 Z3.500
G0 X37.028 Y-132.996
G1 Z0.000 F1200
G1 X36.378 Y-137.129
G0 Z3.500
G0 X36.753 Y-138.112
G1 Z0.000 F1200
G1 X38.151 Y-135.986
G0 Z3.500
G0 X38.451 Y-136.676
G1 Z0.000 F1200
G1 X41.012 Y-132.768
G0 Z3.500
G0 X41.568 Y-133.264
G1 Z0.000 F1200
G1 X49.525 Y-135.999
G0 Z3.500
G0 X49.844 Y-135.637
G1 Z0.000 F1200
G1 X51.031 Y-137.288
G0 Z3.500
G0 X50.977 Y-137.346
G1 Z0.000 F1200
G1 X55.115 Y-138.417
G0 Z3.500
G0 X56.166 Y-138.750
G1 Z0.000 F1200
G1 X55.018 Y-142.462
G0 Z3.500
G0 X55.121 Y-141.702
G1 Z0.000 F1200
G1 X52.162 Y-138.510
G0 Z3.500
G0 X52.377 Y-138.743
G1 Z0.000 F1200
G1 X51.816 Y-141.150
G0 Z3.500
G0 X51.285 Y-141.068
G1 Z0.000 F1200
G1 X52.202 Y-142.910
G0 Z3.500
G0 X51.633 Y-140.239
G1 Z0.000 F1200
G1 X47.180 Y-140.847
G0 Z3.500
G0 X46.049 Y-140.964
G1 Z0.000 F1200
G1 X51.376 Y-139.184
G0 Z3.500
G0 X51.927 Y-138.769
G1 Z0.000 F1200
G1 X53.011 Y-135.973
G0 Z3.500
G0 X51.663 Y-135.008
G1 Z0.000 F1200
G1 X55.715 Y-134.400
G0 Z3.500
G0 X55.683 Y-134.496
G1 Z0.000 F1200
G1 X53.281 Y-131.724
G0 Z3.500
G0 X53.580 Y-131.107
G1 Z0.000 F1200
G1 X52.333 Y-128.835
G0 Z3.500
G0 X52.387 Y-129.030
G1 Z0.000 F1200
G1 X52.302 Y-130.456
G0 Z3.500
G0 X52.771 Y-128.681
G1 Z0.000 F1200
G1 X55.043 Y-123.648
G0 Z3.500
G0 X55.006 Y-124.118
G1 Z0.000 F1200
G1 X56.237 Y-126.478
G0 Z3.500
G0 X56.502 Y-126.277
G1 Z0.000 F1200
G1 X54.201 Y-124.178
G0 Z3.500
G0 X53.859 Y-123.920
G1 Z0.000 F1200
G1 X51.345 Y-121.750
G0 Z3.500
G0 X51.810 Y-121.254
G1 Z0.000 F1200
G1 X50.729 Y-119.485
G0 Z3.500
G0 X50.695 Y-119.722
G1 Z0.000 F1200
G1 X51.536 Y-117.412
G0 Z3.500
G0 X52.598 Y-117.653
G1 Z0.000 F1200
G1 X53.079 Y-120.396
G0 Z3.500
G0 X53.271 Y-119.925
G1 Z0.000 F1200
G1 X54.353 Y-116.867
G0 Z3.500
G0 X54.368 Y-115.683
G1 Z0.000 F1200
G1 X53.812 Y-120.737
G0 Z3.500
G0 X51.557 Y-119.568
G1 Z0.000 F1200
G1 X51.604 Y-123.573
G0 Z3.500
G0 X51.758 Y-125.594
G1 Z0.000 F1200
G1 X56.738 Y-126.751
G0 Z3.500
G0 X56.453 Y-127.481
G1 Z0.000 F1200
G1 X55.602 Y-130.808
G0 Z3.500
G0 X55.472 Y-130.962
G1 Z0.000 F1200
G1 X52.821 Y-127.479
G0 Z3.500
G0 X52.038 Y-127.339
G1 Z0.000 F1200
G1 X52.530 Y-125.466
G0 Z3.500
G0 X53.150 Y-126.460
G1 Z0.000 F1200
G1 X56.100 Y-125.606
G0 Z3.500
G0 X57.149 Y-125.696
G1 Z0.000 F1200
G1 X50.447 Y-127.252
G0 Z3.500
G0 X50.082 Y-126.509
G1 Z0.000 F1200
G1 X45.055 Y-128.167
G0 Z3.500
G0 X46.169 Y-127.875
G1 Z0.000 F1200
G1 X45.072 Y-130.360
G0 Z3.500
G0 X44.403 Y-129.165
G1 Z0.000 F1200
G1 X47.219 Y-131.829
G0 Z3.500
G0 X46.830 Y-131.234
G1 Z0.000 F1200
G1 X41.643 Y-133.174
G0 Z3.500
G0 X41.803 Y-133.019
G1 Z0.000 F1200
G1 X39.139 Y-137.051
G0 Z3.500
G0 X39.495 Y-137.287
G1 Z0.000 F1200
G1 X42.158 Y-133.254
G0 Z3.500
G0 X41.708 Y-133.664
G1 Z0.000 F1200
G1 X42.418 Y-131.326
G0 Z3.500
G0 X42.024 Y-132.126
G1 Z0.000 F1200
G1 X40.524 Y-135.944
G0 Z3.500
G0 X40.131 Y-135.790
G1 Z0.000 F1200
G1 X41.631 Y-131.971
G0 Z3.500
G0 X41.502 Y-131.834
G1 Z0.000 F1200
G1 X30.500 Y-135.137
G0 Z3.500
G0 X29.496 Y-135.908
G1 Z0.000 F1200
G1 X29.690 Y-133.699
G0 Z3.500
G0 X28.970 Y-133.378
G1 Z0.000 F1200
G1 X28.749 Y-130.841
G0 Z3.500
G0 X28.166 Y-131.299
G1 Z0.000 F1200
G1 X27.856 Y-133.384
G0 Z3.500
G0 X28.007 Y-132.400
G1 Z0.000 F1200
G1 X21.023 Y-134.696
G0 Z3.500
G0 X21.354 Y-133.743
G1 Z0.000 F1200
G1 X20.183 Y-136.600
G0 Z3.500
G0 X18.477 Y-137.335
G1 Z0.000 F1200
G1 X10.517 Y-139.624
G0 Z3.500
G0 X11.283 Y-137.848
G1 Z0.000 F1200
G1 X5.008 Y-138.411
G0 Z3.500
G0 X2.283 Y-137.803
G1 Z0.000 F1200
G1 X1.282 Y-136.115
G0 Z3.500
G0 X1.158 Y-133.516
G1 Z0.000 F1200
G1 X5.341 Y-132.041
G0 Z3.500
G0 X3.738 Y-132.201
G1 Z0.000 F1200
G1 X2.485 Y-129.118
G0 Z3.500
G0 X1.660 Y-131.441
G1 Z0.000 F1200
G1 X7.724 Y-130.971
G0 Z3.500
G0 X6.838 Y-136.029
G1 Z0.000 F1200
G1 X7.920 Y-137.844
G0 Z3.500
G0 X11.631 Y-136.389
G1 Z0.000 F1200
G1 X17.012 Y-137.232
G0 Z3.500
G0 X14.573 Y-137.315
G1 Z0.000 F1200
G1 X13.036 Y-139.289
G0 Z3.500
G0 X13.234 Y-142.540
G1 Z0.000 F1200
G1 X7.526 Y-143.652
G0 Z3.500
G0 X6.527 Y-144.062
G1 Z0.000 F1200
G1 X7.760 Y-145.448
G0 Z3.500
G0 X6.901 Y-145.531
G1 Z0.000 F1200
G1 X6.069 Y-144.346
G0 Z3.500
G0 X4.685 Y-144.378
G1 Z0.000 F1200
G1 X0.842 Y-145.435
G0 Z3.500
G0 X3.306 Y-143.445
G1 Z0.000 F1200
G1 X0.898 Y-140.568
G0 Z3.500
G0 X8.542 Y-144.706
G1 Z0.000 F1200
G1 X13.379 Y-143.005
G0 Z3.500
G0 X10.706 Y-145.271
G1 Z0.000 F1200
G1 X9.872 Y-142.134
G0 Z3.500
G0 X11.464 Y-146.115
G1 Z0.000 F1200
G1 X8.232 Y-147.136
G0 Z3.500
G0 X4.710 Y-151.002
G1 Z0.000 F1200
G1 X0.387 Y-152.095
G0 Z3.500
G0 X0.359 Y-155.555
G1 Z0.000 F1200
G1 X5.676 Y-155.395
G0 Z3.500
G0 X6.907 Y-154.407
G1 Z0.000 F1200
G1 X13.056 Y-152.082
G0 Z3.500
G0 X12.758 Y-151.173
G1 Z0.000 F1200
G1 X16.920 Y-149.640
G0 Z3.500
G0 X15.104 Y-149.402
G1 Z0.000 F1200
G1 X19.193 Y-149.155
G0 Z3.500
G0 X19.136 Y-145.427
G1 Z0.000 F1200
G1 X29.715 Y-143.753
G0 Z3.500
G0 X30.607 Y-145.770
G1 Z0.000 F1200
G1 X39.248 Y-145.240
G0 Z3.500
G0 X35.150 Y-145.269
G1 Z0.000 F1200
G1 X34.218 Y-143.569
G0 Z3.500
G0 X34.784 Y-138.856
G1 Z0.000 F1200
G1 X32.910 Y-136.159
G0 Z3.500
G0 X32.343 Y-136.274
G1 Z0.000 F1200
G1 X40.143 Y-134.906
G0 Z3.500
G0 X40.400 Y-135.296
G1 Z0.000 F1200
G1 X40.800 Y-135.096
G1 X41.800 Y-136.097
G1 X41.600 Y-137.298
G1 X40.200 Y-136.497
G1 X40.200 Y-135.496
G0 Z3.500
G0 X40.224 Y-135.367
G1 Z0.000 F1200
G1 X32.424 Y-136.735
G0 Z3.500
G0 X33.844 Y-136.156
G1 Z0.000 F1200
G1 X34.093 Y-133.963
G0 Z3.500
G0 X34.132 Y-133.332
G1 Z0.000 F1200
G1 X34.341 Y-130.846
G0 Z3.500
G0 X36.023 Y-131.102
G1 Z0.000 F1200
G1 X34.515 Y-135.130
G0 Z3.500
G0 X35.234 Y-135.192
G1 Z0.000 F1200
G1 X24.913 Y-132.501
G0 Z3.500
G0 X24.800 Y-132.938
G1 Z0.000 F1200
G1 X35.120 Y-135.629
G0 Z3.500
G0 X36.007 Y-135.883
G1 Z0.000 F1200
G1 X37.688 Y-131.017
G0 Z3.500
G0 X37.453 Y-131.400
G1 Z0.000 F1200
G1 X25.871 Y-132.677
G0 Z3.500
G0 X24.881 Y-133.671
G1 Z0.000 F1200
G1 X25.310 Y-131.305
G0 Z3.500
G0 X25.367 Y-130.413
G1 Z0.000 F1200
G1 X25.247 Y-128.929
G0 Z3.500
G0 X25.221 Y-128.227
G1 Z0.000 F1200
G1 X31.030 Y-127.010
G0 Z3.500
G0 X31.400 Y-127.490
G1 Z0.000 F1200
G1 X32.800 Y-127.289
G1 X33.000 Y-127.690
G1 X31.800 Y-128.891
G1 X30.600 Y-129.091
G1 X30.400 Y-128.490
G1 X31.200 Y-127.690
G0 Z3.500
G0 X31.316 Y-127.900
G1 Z0.000 F1200
G1 X31.539 Y-130.853
G0 Z3.500
G0 X31.102 Y-130.886
G1 Z0.000 F1200
G1 X30.880 Y-127.933
G0 Z3.500
G0 X31.655 Y-127.651
G1 Z0.000 F1200
G1 X33.230 Y-123.836
G0 Z3.500
G0 X35.506 Y-125.738
G1 Z0.000 F1200
G1 X23.679 Y-128.325
G0 Z3.500
G0 X22.951 Y-129.062
G1 Z0.000 F1200
G1 X28.500 Y-128.158
G0 Z3.500
G0 X27.896 Y-127.978
G1 Z0.000 F1200
G1 X26.015 Y-130.586
G0 Z3.500
G0 X27.335 Y-132.139
G1 Z0.000 F1200
G1 X29.763 Y-136.250
G0 Z3.500
G0 X32.687 Y-138.740
G1 Z0.000 F1200
G1 X26.937 Y-139.429
G0 Z3.500
G0 X25.214 Y-142.325
G1 Z0.000 F1200
G1 X23.439 Y-144.610
G0 Z3.500
G0 X21.602 Y-145.060
G1 Z0.000 F1200
G1 X23.502 Y-142.435
G0 Z3.500
G0 X25.919 Y-143.969
G1 Z0.000 F1200
G1 X20.598 Y-142.682
G0 Z3.500
G0 X17.849 Y-141.458
G1 Z0.000 F1200
G1 X19.046 Y-139.146
G0 Z3.500
G0 X14.768 Y-136.223
G1 Z0.000 F1200
G1 X23.208 Y-133.507
G0 Z3.500
G0 X23.629 Y-132.957
G1 Z0.000 F1200
G1 X29.483 Y-132.131
G0 Z3.500
G0 X28.546 Y-132.489
G1 Z0.000 F1200
G1 X36.239 Y-129.680
G0 Z3.500
G0 X36.772 Y-129.797
G1 Z0.000 F1200
G1 X39.570 Y-133.615
G0 Z3.500
G0 X40.275 Y-133.128
G1 Z0.000 F1200
G1 X40.958 Y-130.153
G0 Z3.500
G0 X42.523 Y-130.089
G1 Z0.000 F1200
G1 X42.068 Y-132.360
G0 Z3.500
G0 X42.764 Y-132.559
G1 Z0.000 F1200
G1 X39.624 Y-136.771
G0 Z3.500
G0 X39.232 Y-137.601
G1 Z0.000 F1200
G1 X36.050 Y-134.960
G0 Z3.500
G0 X36.000 Y-134.295
G1 Z0.000 F1200
G1 X36.600 Y-135.496
G1 X37.200 Y-135.897
G1 X38.000 Y-135.296
G1 X38.000 Y-134.495
G1 X37.600 Y-134.095
G1 X36.200 Y-134.095
G0 Z3.500
G0 X35.133 Y-133.831
G1 Z0.000 F1200
G1 X35.450 Y-137.640
G0 Z3.500
G0 X37.585 Y-134.524
G1 Z0.000 F1200
G1 X45.625 Y-133.021
G0 Z3.500
G0 X46.545 Y-131.208
G1 Z0.000 F1200
G1 X43.586 Y-128.263
G0 Z3.500
G0 X42.691 Y-127.777
G1 Z0.000 F1200
G1 X35.872 Y-125.807
G0 Z3.500
G0 X36.128 Y-124.501
G1 Z0.000 F1200
G1 X36.422 Y-128.033
G0 Z3.500
G0 X36.715 Y-128.789
G1 Z0.000 F1200
G1 X34.701 Y-126.990
G0 Z3.500
G0 X34.867 Y-127.594
G1 Z0.000 F1200
G1 X37.412 Y-123.335
G0 Z3.500
G0 X37.761 Y-123.543
G1 Z0.000 F1200
G1 X35.216 Y-127.802
G0 Z3.500
G0 X33.833 Y-129.044
G1 Z0.000 F1200
G1 X33.096 Y-132.322
G0 Z3.500
G0 X32.728 Y-133.722
G1 Z0.000 F1200
G1 X38.313 Y-132.366
G0 Z3.500
G0 X37.800 Y-134.095
G1 Z0.000 F1200
G1 X40.200 Y-134.095
G1 X40.600 Y-134.495
G1 X40.400 Y-135.096
G1 X38.800 Y-135.096
G1 X40.200 Y-135.096
G1 X40.200 Y-136.297
G1 X39.800 Y-136.697
G1 X38.000 Y-136.297
G1 X37.600 Y-135.897
G1 X38.000 Y-135.296
G1 X37.800 Y-134.295
G0 Z3.500
G0 X40.976 Y-135.705
G1 Z0.000 F1200
G1 X41.322 Y-138.334
G0 Z3.500
G0 X42.134 Y-138.254
G1 Z0.000 F1200
G1 X42.286 Y-135.898
G0 Z3.500
G0 X41.800 Y-136.097
G1 Z0.000 F1200
G1 X43.600 Y-136.097
G1 X43.600 Y-137.698
G1 X43.200 Y-137.898
G1 X42.000 Y-137.498
G1 X41.800 Y-136.297
G0 Z3.500
G0 X42.464 Y-137.959
G1 Z0.000 F1200
G1 X43.833 Y-134.658
G0 Z3.500
G0 X44.200 Y-136.297
G1 Z0.000 F1200
G1 X43.600 Y-136.697
G1 X43.600 Y-137.698
G1 X44.800 Y-138.299
G1 X45.000 Y-136.297
G1 X44.400 Y-136.297
G0 Z3.500
G0 X44.800 Y-136.097
G1 Z0.000 F1200
G1 X46.200 Y-135.897
G1 X46.600 Y-136.697
G1 X45.400 Y-136.897
G1 X45.000 Y-136.297
G0 Z3.500
G0 X45.000 Y-136.897
G1 Z0.000 F1200
G1 X46.400 Y-136.897
G1 X47.200 Y-137.298
G1 X47.400 Y-138.899
G1 X46.600 Y-139.099
G1 X45.200 Y-138.499
G1 X45.000 Y-137.098
G0 Z3.500
G0 X44.597 Y-136.887
G1 Z0.000 F1200
G1 X44.559 Y-140.159
G0 Z3.500
G0 X44.321 Y-140.925
G1 Z0.000 F1200
G1 X44.556 Y-138.530
G0 Z3.500
G0 X44.811 Y-138.256
G1 Z0.000 F1200
G1 X39.421 Y-139.380
G0 Z3.500
G0 X42.985 Y-141.378
G1 Z0.000 F1200
G1 X43.664 Y-139.374
G0 Z3.500
G0 X43.132 Y-142.434
G1 Z0.000 F1200
G1 X45.261 Y-144.965
G0 Z3.500
G0 X48.743 Y-142.344
G1 Z0.000 F1200
G1 X49.921 Y-140.367
G0 Z3.500
G0 X49.361 Y-140.092
G1 Z0.000 F1200
G1 X48.379 Y-138.701
G0 Z3.500
G0 X48.126 Y-138.518
G1 Z0.000 F1200
G1 X48.160 Y-135.884
G0 Z3.500
G0 X50.733 Y-136.010
G1 Z0.000 F1200
G1 X51.925 Y-133.055
G0 Z3.500
G0 X53.934 Y-134.012
G1 Z0.000 F1200
G1 X56.951 Y-136.497
G0 Z3.500
G0 X56.435 Y-137.126
G1 Z0.000 F1200
G1 X57.519 Y-139.070
G0 Z3.500
G0 X57.489 Y-138.878
G1 Z0.000 F1200
G1 X58.488 Y-143.098
G0 Z3.500
G0 X58.063 Y-143.199
G1 Z0.000 F1200
G1 X57.064 Y-138.979
G0 Z3.500
G0 X56.973 Y-140.045
G1 Z0.000 F1200
G1 X56.801 Y-143.739
G0 Z3.500
G0 X57.212 Y-143.758
G1 Z0.000 F1200
G1 X57.383 Y-140.064
G0 Z3.500
G0 X57.247 Y-140.339
G1 Z0.000 F1200
G1 X56.160 Y-144.690
G0 Z3.500
G0 X56.053 Y-144.831
G1 Z0.000 F1200
G1 X57.414 Y-141.124
G0 Z3.500
G0 X56.848 Y-140.239
G1 Z0.000 F1200
G1 X55.761 Y-144.591
G0 Z3.500
G0 X56.591 Y-144.110
G1 Z0.000 F1200
G1 X57.156 Y-142.144
G0 Z3.500
G0 X58.468 Y-141.196
G1 Z0.000 F1200
G1 X61.403 Y-142.046
G0 Z3.500
G0 X61.866 Y-141.700
G1 Z0.000 F1200
G1 X52.605 Y-137.619
G0 Z3.500
G0 X52.447 Y-138.245
G1 Z0.000 F1200
G1 X55.406 Y-141.437
G0 Z3.500
G0 X54.833 Y-140.553
G1 Z0.000 F1200
G1 X54.931 Y-134.752
G0 Z3.500
G0 X54.526 Y-134.745
G1 Z0.000 F1200
G1 X54.428 Y-140.546
G0 Z3.500
G0 X55.883 Y-140.242
G1 Z0.000 F1200
G1 X58.630 Y-135.987
G0 Z3.500
G0 X57.962 Y-135.780
G1 Z0.000 F1200
G1 X57.423 Y-137.506
G0 Z3.500
G0 X57.793 Y-136.108
G1 Z0.000 F1200
G1 X54.167 Y-137.227
G0 Z3.500
G0 X56.159 Y-135.520
G1 Z0.000 F1200
G1 X54.495 Y-133.414
G0 Z3.500
G0 X55.537 Y-131.672
G1 Z0.000 F1200
G1 X55.880 Y-129.292
G0 Z3.500
G0 X55.729 Y-129.067
G1 Z0.000 F1200
G1 X57.577 Y-131.171
G0 Z3.500
G0 X57.022 Y-131.061
G1 Z0.000 F1200
G1 X57.140 Y-128.591
G0 Z3.500
G0 X56.776 Y-128.482
G1 Z0.000 F1200
G1 X55.193 Y-131.160
G0 Z3.500
G0 X55.210 Y-130.707
G1 Z0.000 F1200
G1 X56.061 Y-127.381
G0 Z3.500
G0 X57.291 Y-129.723
G1 Z0.000 F1200
G1 X59.124 Y-131.610
G0 Z3.500
G0 X59.244 Y-130.971
G1 Z0.000 F1200
G1 X59.485 Y-129.014
G0 Z3.500
G0 X58.315 Y-130.027
G1 Z0.000 F1200
G1 X60.393 Y-126.888
G0 Z3.500
G0 X61.119 Y-127.485
G1 Z0.000 F1200
G1 X62.261 Y-129.122
G0 Z3.500
G0 X62.985 Y-129.796
G1 Z0.000 F1200
G1 X63.357 Y-126.660
G0 Z3.500
G0 X63.159 Y-125.724
G1 Z0.000 F1200
G1 X47.889 Y-129.959
G0 Z3.500
G0 X48.820 Y-128.795
G1 Z0.000 F1200
G1 X43.447 Y-130.688
G0 Z3.500
G0 X41.416 Y-128.232
G1 Z0.000 F1200
G1 X48.879 Y-127.169
G0 Z3.500
G0 X48.856 Y-127.682
G1 Z0.000 F1200
G1 X58.120 Y-130.229
G0 Z3.500
G0 X57.981 Y-129.502
G1 Z0.000 F1200
G1 X59.694 Y-125.221
G0 Z3.500
G0 X60.545 Y-124.989
G1 Z0.000 F1200
G1 X59.464 Y-123.165
G0 Z3.500
G0 X59.313 Y-122.570
G1 Z0.000 F1200
G1 X59.203 Y-119.089
G0 Z3.500
G0 X59.792 Y-120.699
G1 Z0.000 F1200
G1 X60.979 Y-118.409
G0 Z3.500
G0 X61.382 Y-118.951
G1 Z0.000 F1200
G1 X59.743 Y-117.105
G0 Z3.500
G0 X61.400 Y-117.281
G1 Z0.000 F1200
G1 X60.600 Y-119.883
G1 X59.800 Y-120.284
G1 X59.600 Y-119.683
G1 X58.800 Y-120.884
G1 X58.800 Y-121.685
G1 X60.200 Y-121.084
G1 X60.600 Y-121.485
G1 X60.600 Y-122.285
G1 X62.800 Y-124.487
G1 X62.200 Y-125.288
G1 X62.800 Y-124.687
G1 X63.400 Y-124.887
G1 X63.800 Y-126.489
G1 X63.200 Y-127.890
G1 X63.800 Y-126.489
G1 X65.400 Y-126.689
G1 X65.600 Y-127.890
G1 X66.200 Y-128.290
G1 X66.400 Y-130.292
G1 X66.200 Y-128.290
G1 X67.600 Y-127.289
G1 X68.200 Y-125.888
G1 X67.600 Y-127.289
G1 X66.600 Y-128.090
G1 X66.400 Y-127.089
G1 X65.800 Y-126.689
G1 X66.000 Y-125.088
G1 X67.200 Y-125.088
G1 X66.000 Y-124.687
G1 X66.000 Y-120.884
G1 X66.000 Y-123.686
G1 X65.200 Y-123.887
G1 X65.800 Y-123.887
G1 X66.000 Y-124.687
G1 X65.400 Y-125.088
G1 X65.000 Y-124.887
G1 X64.800 Y-126.489
G1 X64.000 Y-126.489
G1 X63.600 Y-126.088
G1 X63.400 Y-124.687
G1 X63.800 Y-123.887
G1 X63.800 Y-124.287
G1 X63.000 Y-124.687
G1 X62.600 Y-124.287
G1 X63.000 Y-123.686
G1 X62.200 Y-123.887
G1 X60.600 Y-122.285
G1 X60.600 Y-121.485
G1 X60.200 Y-121.084
G1 X60.200 Y-120.284
G1 X61.400 Y-117.481
G0 Z3.500
G0 X62.488 Y-120.525
G1 Z0.000 F1200
G1 X61.307 Y-122.847
G0 Z3.500
G0 X63.282 Y-123.171
G1 Z0.000 F1200
G1 X62.187 Y-120.753
G0 Z3.500
G0 X63.252 Y-123.761
G1 Z0.000 F1200
G1 X62.169 Y-126.971
G0 Z3.500
G0 X61.856 Y-127.184
G1 Z0.000 F1200
G1 X65.677 Y-125.814
G0 Z3.500
G0 X65.587 Y-125.732
G1 Z0.000 F1200
G1 X64.364 Y-123.403
G0 Z3.500
G0 X66.346 Y-122.895
G1 Z0.000 F1200
G1 X66.682 Y-119.917
G0 Z3.500
G0 X65.494 Y-119.445
G1 Z0.000 F1200
G1 X65.753 Y-121.035
G0 Z3.500
G0 X65.955 Y-121.263
G1 Z0.000 F1200
G1 X67.208 Y-118.293
G0 Z3.500
G0 X67.140 Y-117.444
G1 Z0.000 F1200
G1 X64.645 Y-114.372
G0 Z3.500
G0 X62.827 Y-113.914
G1 Z0.000 F1200
G1 X65.328 Y-116.841
G0 Z3.500
G0 X65.300 Y-119.703
G1 Z0.000 F1200
G1 X66.556 Y-121.755
G0 Z3.500
G0 X66.815 Y-123.715
G1 Z0.000 F1200
G1 X66.023 Y-127.067
G0 Z3.500
G0 X66.465 Y-126.941
G1 Z0.000 F1200
G1 X68.003 Y-124.416
G0 Z3.500
G0 X68.109 Y-125.677
G1 Z0.000 F1200
G1 X69.513 Y-127.027
G0 Z3.500
G0 X69.433 Y-127.410
G1 Z0.000 F1200
G1 X61.951 Y-126.279
G0 Z3.500
G0 X63.046 Y-127.934
G1 Z0.000 F1200
G1 X71.242 Y-125.942
G0 Z3.500
G0 X71.149 Y-126.300
G1 Z0.000 F1200
G1 X64.425 Y-127.129
G0 Z3.500
G0 X64.068 Y-127.383
G1 Z0.000 F1200
G1 X66.076 Y-130.118
G0 Z3.500
G0 X66.395 Y-130.427
G1 Z0.000 F1200
G1 X68.249 Y-126.996
G0 Z3.500
G0 X69.458 Y-128.188
G1 Z0.000 F1200
G1 X74.886 Y-127.241
G0 Z3.500
G0 X74.336 Y-127.223
G1 Z0.000 F1200
G1 X80.767 Y-125.701
G0 Z3.500
G0 X80.828 Y-125.573
G1 Z0.000 F1200
G1 X80.936 Y-122.695
G0 Z3.500
G0 X82.014 Y-122.905
G1 Z0.000 F1200
G1 X83.608 Y-120.256
G0 Z3.500
G0 X84.309 Y-119.460
G1 Z0.000 F1200
G1 X83.478 Y-116.379
G0 Z3.500
G0 X84.159 Y-117.435
G1 Z0.000 F1200
G1 X83.858 Y-114.976
G0 Z3.500
G0 X84.438 Y-115.171
G1 Z0.000 F1200
G1 X85.242 Y-113.381
G0 Z3.500
G0 X85.497 Y-111.919
G1 Z0.000 F1200
G1 X87.212 Y-115.391
G0 Z3.500
G0 X87.198 Y-115.874
G1 Z0.000 F1200
G1 X86.504 Y-111.873
G0 Z3.500
G0 X86.800 Y-111.476
G1 Z0.000 F1200
G1 X87.200 Y-112.477
G1 X87.600 Y-112.477
G1 X88.200 Y-111.676
G1 X88.000 Y-111.076
G1 X86.800 Y-111.276
G0 Z3.500
G0 X87.262 Y-110.617
G1 Z0.000 F1200
G1 X89.096 Y-113.014
G0 Z3.500
G0 X88.822 Y-112.975
G1 Z0.000 F1200
G1 X88.845 Y-107.621
G0 Z3.500
G0 X88.855 Y-107.634
G1 Z0.000 F1200
G1 X88.845 Y-104.756
G0 Z3.500
G0 X89.128 Y-104.057
G1 Z0.000 F1200
G1 X88.258 Y-105.559
G0 Z3.500
G0 X88.809 Y-106.620
G1 Z0.000 F1200
G1 X90.865 Y-102.256
G0 Z3.500
G0 X92.077 Y-102.387
G1 Z0.000 F1200
G1 X90.525 Y-104.488
G0 Z3.500
G0 X91.009 Y-104.760
G1 Z0.000 F1200
G1 X89.548 Y-103.463
G0 Z3.500
G0 X90.000 Y-104.070
G1 Z0.000 F1200
G1 X89.600 Y-104.871
G1 X89.400 Y-107.673
G1 X88.600 Y-107.673
G1 X88.400 Y-107.073
G1 X88.400 Y-107.473
G1 X88.000 Y-107.473
G1 X89.200 Y-108.073
G1 X89.000 Y-110.475
G1 X88.400 Y-111.076
G1 X86.800 Y-111.076
G1 X86.400 Y-110.075
G1 X86.800 Y-112.077
G1 X87.200 Y-112.477
G1 X87.000 Y-114.078
G1 X86.400 Y-114.279
G1 X86.200 Y-113.878
G1 X86.800 Y-114.479
G1 X86.000 Y-115.880
G1 X84.600 Y-115.880
G1 X84.600 Y-114.479
G1 X84.400 Y-115.680
G1 X84.000 Y-115.880
G1 X83.800 Y-115.480
G1 X84.000 Y-115.880
G1 X83.200 Y-116.881
G1 X84.000 Y-115.880
G1 X84.600 Y-115.880
G1 X84.800 Y-116.480
G1 X85.000 Y-115.880
G1 X86.200 Y-115.680
G1 X87.000 Y-114.078
G1 X87.200 Y-112.677
G1 X88.000 Y-112.077
G1 X88.600 Y-110.876
G1 X90.000 Y-111.676
G1 X91.000 Y-111.676
G1 X91.400 Y-112.277
G1 X91.000 Y-113.278
G1 X91.200 Y-112.477
G1 X91.600 Y-112.277
G1 X91.800 Y-113.478
G1 X92.800 Y-114.679
G1 X91.800 Y-113.478
G1 X91.800 Y-112.077
G1 X92.200 Y-111.076
G1 X91.400 Y-110.075
G1 X91.400 Y-109.274
G1 X92.200 Y-109.074
G1 X91.400 Y-108.874
G1 X91.400 Y-107.873
G1 X91.200 Y-109.475
G1 X89.600 Y-110.075
G1 X89.000 Y-109.875
G1 X89.800 Y-104.270
G0 Z3.500
G0 X90.548 Y-106.312
G1 Z0.000 F1200
G1 X91.687 Y-107.975
G0 Z3.500
G0 X90.018 Y-108.035
G1 Z0.000 F1200
G1 X90.294 Y-110.069
G0 Z3.500
G0 X90.400 Y-109.875
G1 Z0.000 F1200
G1 X89.200 Y-110.075
G1 X88.800 Y-110.676
G1 X90.000 Y-111.676
G1 X90.800 Y-111.676
G1 X91.600 Y-110.275
G1 X91.200 Y-109.475
G1 X90.600 Y-109.675
G0 Z3.500
G0 X91.279 Y-110.440
G1 Z0.000 F1200
G1 X89.443 Y-108.260
G0 Z3.500
G0 X88.428 Y-107.619
G1 Z0.000 F1200
G1 X88.404 Y-112.973
G0 Z3.500
G0 X91.542 Y-112.281
G1 Z0.000 F1200
G1 X91.582 Y-114.551
G0 Z3.500
G0 X92.627 Y-113.279
G1 Z0.000 F1200
G1 X93.261 Y-114.609
G0 Z3.500
G0 X93.976 Y-114.493
G1 Z0.000 F1200
G1 X95.930 Y-119.118
G0 Z3.500
G0 X96.134 Y-120.183
G1 Z0.000 F1200
G1 X95.785 Y-117.943
G0 Z3.500
G0 X97.000 Y-117.882
G1 Z0.000 F1200
G1 X96.200 Y-118.482
G1 X96.600 Y-118.882
G1 X97.400 Y-118.882
G1 X98.000 Y-117.882
G1 X97.200 Y-117.882
G0 Z3.500
G0 X97.103 Y-118.546
G1 Z0.000 F1200
G1 X98.140 Y-120.113
G0 Z3.500
G0 X96.792 Y-119.818
G1 Z0.000 F1200
G1 X94.912 Y-115.408
G0 Z3.500
G0 X95.000 Y-115.880
G1 Z0.000 F1200
G1 X95.800 Y-115.680
G1 X96.600 Y-116.280
G1 X96.600 Y-116.681
G1 X95.600 Y-117.681
G1 X95.000 Y-116.881
G1 X95.000 Y-116.080
G0 Z3.500
G0 X94.656 Y-116.921
G1 Z0.000 F1200
G1 X93.642 Y-115.226
G0 Z3.500
G0 X93.915 Y-116.499
G1 Z0.000 F1200
G1 X95.685 Y-112.834
G0 Z3.500
G0 X96.643 Y-112.260
G1 Z0.000 F1200
G1 X99.085 Y-114.172
G0 Z3.500
G0 X99.299 Y-114.332
G1 Z0.000 F1200
G1 X96.972 Y-110.445
G0 Z3.500
G0 X97.936 Y-110.449
G1 Z0.000 F1200
G1 X96.573 Y-114.600
G0 Z3.500
G0 X95.999 Y-114.608
G1 Z0.000 F1200
G1 X94.557 Y-111.768
G0 Z3.500
G0 X95.264 Y-110.779
G1 Z0.000 F1200
G1 X95.931 Y-108.207
G0 Z3.500
G0 X95.858 Y-107.346
G1 Z0.000 F1200
G1 X97.048 Y-105.651
G0 Z3.500
G0 X96.800 Y-105.271
G1 Z0.000 F1200
G1 X96.800 Y-108.474
G1 X98.400 Y-108.874
G1 X98.600 Y-110.075
G1 X97.200 Y-111.276
G1 X96.800 Y-112.877
G1 X97.400 Y-113.478
G1 X96.600 Y-113.078
G1 X95.600 Y-113.678
G1 X95.800 Y-115.079
G1 X97.000 Y-114.679
G1 X95.800 Y-115.279
G1 X96.200 Y-116.080
G1 X97.400 Y-115.480
G1 X96.600 Y-116.080
G1 X96.600 Y-116.681
G1 X95.800 Y-117.481
G1 X96.200 Y-118.282
G1 X98.600 Y-117.481
G1 X97.800 Y-116.480
G1 X98.600 Y-117.481
G1 X99.200 Y-115.079
G1 X99.000 Y-114.078
G1 X100.800 Y-115.680
G1 X101.400 Y-114.479
G1 X102.400 Y-114.078
G1 X102.200 Y-112.677
G1 X100.000 Y-112.077
G1 X100.200 Y-112.277
G1 X101.000 Y-111.877
G1 X101.600 Y-110.275
G1 X100.400 Y-108.674
G1 X100.600 Y-109.274
G1 X101.600 Y-110.075
G1 X102.000 Y-108.874
G1 X102.000 Y-109.675
G1 X102.600 Y-109.274
G1 X102.600 Y-108.474
G1 X101.800 Y-106.672
G1 X102.600 Y-108.474
G1 X102.600 Y-109.274
G1 X101.800 Y-109.875
G1 X101.800 Y-110.275
G1 X102.800 Y-110.876
G1 X103.800 Y-110.475
G1 X103.800 Y-109.475
G1 X103.200 Y-108.874
G1 X103.800 Y-109.475
G1 X103.800 Y-110.275
G1 X104.200 Y-110.275
G1 X103.600 Y-110.676
G1 X104.200 Y-112.277
G1 X105.600 Y-113.078
G1 X106.400 Y-112.077
G1 X106.400 Y-110.676
G1 X105.600 Y-110.275
G1 X105.400 Y-109.274
G1 X104.600 Y-108.674
G1 X105.200 Y-109.074
G1 X105.600 Y-108.674
G1 X105.600 Y-110.275
G1 X107.000 Y-110.676
G1 X107.800 Y-110.275
G1 X107.400 Y-109.675
G1 X107.600 Y-108.674
G1 X109.200 Y-107.473
G1 X109.800 Y-108.674
G1 X111.600 Y-108.474
G1 X112.000 Y-109.274
G1 X111.800 Y-108.674
G1 X110.000 Y-108.674
G1 X109.400 Y-109.675
G1 X110.400 Y-111.676
G1 X110.000 Y-110.475
G1 X109.400 Y-109.875
G1 X108.000 Y-110.275
G1 X108.800 Y-111.076
G1 X108.000 Y-110.275
G1 X106.400 Y-110.876
G1 X106.200 Y-112.277
G1 X107.200 Y-112.277
G1 X106.200 Y-112.477
G1 X105.600 Y-113.078
G1 X105.600 Y-113.878
G1 X106.600 Y-114.679
G1 X105.600 Y-114.078
G1 X105.400 Y-115.480
G1 X104.400 Y-116.681
G1 X104.400 Y-117.681
G1 X105.200 Y-118.482
G1 X106.000 Y-118.682
G1 X104.200 Y-117.681
G1 X103.800 Y-118.082
G1 X104.400 Y-118.882
G1 X104.000 Y-120.083
G1 X104.400 Y-118.882
G1 X103.800 Y-118.082
G1 X102.200 Y-117.882
G1 X100.800 Y-118.682
G1 X100.000 Y-118.082
G1 X98.200 Y-117.681
G1 X97.400 Y-118.882
G1 X96.600 Y-118.882
G1 X95.000 Y-116.881
G1 X95.000 Y-115.680
G1 X94.600 Y-115.279
G1 X94.000 Y-115.480
G1 X95.800 Y-115.480
G1 X95.600 Y-113.878
G1 X94.600 Y-113.278
G1 X94.600 Y-112.477
G1 X96.400 Y-110.876
G1 X96.400 Y-110.075
G1 X94.800 Y-109.675
G1 X96.200 Y-109.875
G1 X96.400 Y-109.274
G1 X96.000 Y-108.874
G1 X94.800 Y-108.874
G1 X96.600 Y-108.874
G1 X96.800 Y-106.872
G1 X95.800 Y-106.872
G1 X96.800 Y-106.472
G1 X97.000 Y-105.071
G0 Z3.500
G0 X97.446 Y-104.858
G1 Z0.000 F1200
G1 X98.023 Y-109.313
G0 Z3.500
G0 X98.070 Y-108.252
G1 Z0.000 F1200
G1 X97.652 Y-111.682
G0 Z3.500
G0 X96.926 Y-111.939
G1 Z0.000 F1200
G1 X95.689 Y-109.097
G0 Z3.500
G0 X95.794 Y-109.706
G1 Z0.000 F1200
G1 X97.558 Y-106.160
G0 Z3.500
G0 X97.936 Y-106.348
G1 Z0.000 F1200
G1 X96.172 Y-109.894
G0 Z3.500
G0 X96.144 Y-109.730
G1 Z0.000 F1200
G1 X99.120 Y-113.282
G0 Z3.500
G0 X99.423 Y-113.028
G1 Z0.000 F1200
G1 X96.447 Y-109.476
G0 Z3.500
G0 X96.400 Y-109.074
G1 Z0.000 F1200
G1 X96.400 Y-110.876
G1 X97.200 Y-111.276
G1 X98.600 Y-110.075
G1 X98.600 Y-109.074
G1 X98.000 Y-108.674
G1 X96.600 Y-108.874
G0 Z3.500
G0 X96.055 Y-107.115
G1 Z0.000 F1200
G1 X97.466 Y-104.398
G0 Z3.500
G0 X98.240 Y-106.246
G1 Z0.000 F1200
G1 X95.544 Y-110.437
G0 Z3.500
G0 X95.887 Y-110.659
G1 Z0.000 F1200
G1 X98.583 Y-106.467
G0 Z3.500
G0 X100.397 Y-108.232
G1 Z0.000 F1200
G1 X102.506 Y-110.409
G0 Z3.500
G0 X102.800 Y-111.076
G1 Z0.000 F1200
G1 X103.400 Y-110.876
G1 X104.600 Y-112.677
G1 X102.600 Y-112.877
G1 X102.400 Y-112.277
G1 X102.800 Y-111.276
G0 Z3.500
G0 X102.293 Y-111.357
G1 Z0.000 F1200
G1 X101.193 Y-114.749
G0 Z3.500
G0 X101.400 Y-114.479
G1 Z0.000 F1200
G1 X101.000 Y-115.079
G1 X101.200 Y-115.880
G1 X101.600 Y-115.880
G1 X102.600 Y-114.679
G1 X102.200 Y-114.279
G1 X101.600 Y-114.479
G0 Z3.500
G0 X102.200 Y-115.079
G1 Z0.000 F1200
G1 X102.800 Y-114.879
G1 X104.400 Y-116.480
G1 X104.400 Y-117.481
G1 X103.800 Y-118.082
G1 X102.400 Y-117.882
G1 X101.600 Y-117.081
G1 X101.600 Y-115.880
G1 X102.200 Y-115.279
G0 Z3.500
G0 X102.098 Y-115.402
G1 Z0.000 F1200
G1 X102.291 Y-118.845
G0 Z3.500
G0 X101.913 Y-118.866
G1 Z0.000 F1200
G1 X101.720 Y-115.423
G0 Z3.500
G0 X102.659 Y-115.234
G1 Z0.000 F1200
G1 X104.246 Y-112.947
G0 Z3.500
G0 X104.400 Y-113.078
G1 Z0.000 F1200
G1 X105.600 Y-113.078
G1 X105.400 Y-115.480
G1 X104.600 Y-116.480
G1 X102.800 Y-114.879
G1 X104.200 Y-113.278
G0 Z3.500
G0 X103.814 Y-112.818
G1 Z0.000 F1200
G1 X105.579 Y-115.904
G0 Z3.500
G0 X105.915 Y-115.711
G1 Z0.000 F1200
G1 X104.150 Y-112.625
G0 Z3.500
G0 X105.378 Y-112.383
G1 Z0.000 F1200
G1 X106.658 Y-117.309
G0 Z3.500
G0 X107.061 Y-117.204
G1 Z0.000 F1200
G1 X105.781 Y-112.278
G0 Z3.500
G0 X106.057 Y-111.357
G1 Z0.000 F1200
G1 X103.810 Y-115.412
G0 Z3.500
G0 X103.516 Y-114.885
G1 Z0.000 F1200
G1 X104.735 Y-117.696
G0 Z3.500
G0 X105.772 Y-118.787
G1 Z0.000 F1200
G1 X104.715 Y-121.692
G0 Z3.500
G0 X104.951 Y-121.673
G1 Z0.000 F1200
G1 X103.024 Y-118.522
G0 Z3.500
G0 X103.168 Y-118.754
G1 Z0.000 F1200
G1 X103.144 Y-114.840
G0 Z3.500
G0 X102.835 Y-115.385
G1 Z0.000 F1200
G1 X103.164 Y-117.930
G0 Z3.500
G0 X103.354 Y-118.320
G1 Z0.000 F1200
G1 X105.281 Y-121.471
G0 Z3.500
G0 X105.258 Y-121.318
G1 Z0.000 F1200
G1 X107.444 Y-116.365
G0 Z3.500
G0 X107.052 Y-116.191
G1 Z0.000 F1200
G1 X104.865 Y-121.145
G0 Z3.500
G0 X103.638 Y-119.814
G1 Z0.000 F1200
G1 X102.348 Y-121.559
G0 Z3.500
G0 X102.200 Y-122.085
G1 Z0.000 F1200
G1 X101.600 Y-122.485
G1 X99.800 Y-122.485
G1 X99.000 Y-122.886
G1 X99.800 Y-122.485
G1 X102.000 Y-122.285
G0 Z3.500
G0 X103.088 Y-122.213
G1 Z0.000 F1200
G1 X104.194 Y-124.120
G0 Z3.500
G0 X104.927 Y-125.961
G1 Z0.000 F1200
G1 X106.022 Y-122.764
G0 Z3.500
G0 X106.066 Y-125.315
G1 Z0.000 F1200
G1 X103.094 Y-120.533
G0 Z3.500
G0 X102.139 Y-120.985
G1 Z0.000 F1200
G1 X102.626 Y-119.279
G0 Z3.500
G0 X103.492 Y-119.478
G1 Z0.000 F1200
G1 X99.735 Y-116.405
G0 Z3.500
G0 X99.978 Y-116.108
G1 Z0.000 F1200
G1 X103.735 Y-119.180
G0 Z3.500
G0 X101.756 Y-120.339
G1 Z0.000 F1200
G1 X98.612 Y-117.126
G0 Z3.500
G0 X99.499 Y-118.506
G1 Z0.000 F1200
G1 X97.527 Y-115.022
G0 Z3.500
G0 X99.200 Y-115.079
G1 Z0.000 F1200
G1 X98.800 Y-116.480
G1 X99.000 Y-116.881
G1 X101.000 Y-115.880
G1 X99.600 Y-114.679
G1 X99.200 Y-114.879
G0 Z3.500
G0 X99.333 Y-113.855
G1 Z0.000 F1200
G1 X96.891 Y-111.943
G0 Z3.500
G0 X96.000 Y-111.276
G1 Z0.000 F1200
G1 X97.000 Y-111.076
G1 X97.200 Y-111.676
G1 X96.800 Y-112.877
G1 X95.400 Y-113.678
G1 X94.600 Y-113.278
G1 X94.600 Y-112.477
G1 X95.800 Y-111.476
G0 Z3.500
G0 X95.488 Y-114.820
G1 Z0.000 F1200
G1 X93.593 Y-118.431
G0 Z3.500
G0 X90.958 Y-121.559
G1 Z0.000 F1200
G1 X89.590 Y-119.903
G0 Z3.500
G0 X88.810 Y-121.270
G1 Z0.000 F1200
G1 X88.238 Y-123.339
G0 Z3.500
G0 X88.750 Y-123.428
G1 Z0.000 F1200
G1 X87.125 Y-126.781
G0 Z3.500
G0 X87.960 Y-126.211
G1 Z0.000 F1200
G1 X82.763 Y-127.757
G0 Z3.500
G0 X82.637 Y-127.331
G1 Z0.000 F1200
G1 X87.834 Y-125.785
G0 Z3.500
G0 X88.130 Y-125.011
G1 Z0.000 F1200
G1 X85.951 Y-120.499
G0 Z3.500
G0 X85.663 Y-119.862
G1 Z0.000 F1200
G1 X82.891 Y-123.807
G0 Z3.500
G0 X82.503 Y-123.386
G1 Z0.000 F1200
G1 X82.059 Y-121.098
G0 Z3.500
G0 X81.600 Y-119.303
G1 Z0.000 F1200
G1 X80.608 Y-114.618
G0 Z3.500
G0 X79.168 Y-114.618
G1 Z0.000 F1200
G1 X79.908 Y-112.450
G0 Z3.500
G0 X80.378 Y-112.593
G1 Z0.000 F1200
G1 X80.130 Y-110.389
G0 Z3.500
G0 X80.261 Y-109.667
G1 Z0.000 F1200
G1 X77.997 Y-107.196
G0 Z3.500
G0 X78.012 Y-108.161
G1 Z0.000 F1200
G1 X79.523 Y-111.072
G0 Z3.500
G0 X79.155 Y-111.264
G1 Z0.000 F1200
G1 X77.643 Y-108.353
G0 Z3.500
G0 X76.820 Y-107.727
G1 Z0.000 F1200
G1 X78.049 Y-104.478
G0 Z3.500
G0 X78.416 Y-104.361
G1 Z0.000 F1200
G1 X77.049 Y-101.535
G0 Z3.500
G0 X77.649 Y-101.751
G1 Z0.000 F1200
G1 X76.655 Y-104.408
G0 Z3.500
G0 X77.674 Y-105.221
G1 Z0.000 F1200
G1 X78.836 Y-101.914
G0 Z3.500
G0 X78.000 Y-102.269
G1 Z0.000 F1200
G1 X78.000 Y-103.069
G1 X77.200 Y-104.470
G1 X77.400 Y-103.670
G1 X78.000 Y-103.269
G1 X78.800 Y-105.071
G1 X78.200 Y-105.471
G1 X78.000 Y-104.871
G1 X78.000 Y-105.872
G1 X77.600 Y-106.272
G1 X77.000 Y-105.671
G1 X75.800 Y-105.671
G1 X75.800 Y-106.272
G1 X74.000 Y-107.273
G1 X73.800 Y-106.072
G1 X73.800 Y-107.473
G1 X73.400 Y-107.873
G1 X72.200 Y-107.673
G1 X72.400 Y-106.272
G1 X72.000 Y-107.473
G1 X70.400 Y-107.273
G1 X70.400 Y-103.670
G1 X70.400 Y-106.672
G1 X69.000 Y-107.473
G1 X68.000 Y-106.872
G1 X68.600 Y-107.473
G1 X68.200 Y-108.674
G1 X68.400 Y-107.673
G1 X69.800 Y-107.073
G1 X72.000 Y-107.473
G1 X72.200 Y-107.873
G1 X71.800 Y-108.073
G1 X72.200 Y-108.274
G1 X72.200 Y-110.876
G1 X72.400 Y-107.873
G1 X75.200 Y-108.274
G1 X76.000 Y-109.274
G1 X77.200 Y-109.274
G1 X78.200 Y-108.274
G1 X78.600 Y-108.274
G1 X79.000 Y-109.274
G1 X78.200 Y-110.075
G1 X77.800 Y-112.277
G1 X77.400 Y-112.677
G1 X77.800 Y-112.277
G1 X78.200 Y-110.075
G1 X78.800 Y-109.475
G1 X80.800 Y-109.875
G1 X81.000 Y-111.877
G1 X80.600 Y-115.079
G1 X80.200 Y-115.480
G1 X79.200 Y-114.679
G1 X79.400 Y-112.477
G1 X79.200 Y-114.679
G1 X80.400 Y-115.680
G1 X80.000 Y-116.681
G1 X80.800 Y-116.280
G1 X81.600 Y-117.681
G1 X81.600 Y-118.282
G1 X80.800 Y-118.882
G1 X82.600 Y-117.882
G1 X81.800 Y-118.282
G1 X81.400 Y-116.881
G1 X80.400 Y-116.080
G1 X80.600 Y-114.879
G1 X81.400 Y-114.479
G1 X80.600 Y-114.479
G1 X81.000 Y-109.875
G1 X82.000 Y-109.274
G1 X81.000 Y-109.875
G1 X79.000 Y-109.274
G1 X79.000 Y-108.674
G1 X77.600 Y-106.672
G1 X78.000 Y-105.671
G1 X78.800 Y-105.071
G1 X78.200 Y-104.070
G1 X78.000 Y-102.469
G0 Z3.500
G0 X78.499 Y-105.296
G1 Z0.000 F1200
G1 X80.481 Y-107.659
G0 Z3.500
G0 X79.853 Y-107.397
G1 Z0.000 F1200
G1 X77.540 Y-110.492
G0 Z3.500
G0 X77.191 Y-110.231
G1 Z0.000 F1200
G1 X79.503 Y-107.136
G0 Z3.500
G0 X79.386 Y-106.328
G1 Z0.000 F1200
G1 X81.331 Y-109.096
G0 Z3.500
G0 X82.024 Y-109.683
G1 Z0.000 F1200
G1 X84.040 Y-105.960
G0 Z3.500
G0 X84.214 Y-106.290
G1 Z0.000 F1200
G1 X84.296 Y-110.705
G0 Z3.500
G0 X85.218 Y-109.105
G1 Z0.000 F1200
G1 X85.554 Y-107.242
G0 Z3.500
G0 X85.656 Y-106.702
G1 Z0.000 F1200
G1 X85.961 Y-108.795
G0 Z3.500
G0 X85.310 Y-108.024
G1 Z0.000 F1200
G1 X85.624 Y-106.565
G0 Z3.500
G0 X84.000 Y-107.073
G1 Z0.000 F1200
G1 X83.200 Y-108.073
G1 X83.200 Y-108.674
G1 X83.800 Y-109.274
G1 X83.800 Y-111.276
G1 X83.800 Y-109.475
G1 X84.200 Y-109.074
G1 X85.000 Y-109.074
G1 X84.400 Y-108.874
G1 X84.400 Y-108.073
G1 X84.400 Y-108.874
G1 X84.000 Y-109.274
G1 X83.200 Y-108.674
G1 X83.200 Y-108.073
G1 X84.000 Y-107.273
G0 Z3.500
G0 X82.099 Y-107.082
G1 Z0.000 F1200
G1 X82.845 Y-105.571
G0 Z3.500
G0 X81.832 Y-104.399
G1 Z0.000 F1200
G1 X80.683 Y-106.972
G0 Z3.500
G0 X79.173 Y-108.686
G1 Z0.000 F1200
G1 X81.785 Y-111.431
G0 Z3.500
G0 X79.185 Y-114.258
G1 Z0.000 F1200
G1 X77.176 Y-110.860
G0 Z3.500
G0 X77.352 Y-111.055
G1 Z0.000 F1200
G1 X77.303 Y-114.955
G0 Z3.500
G0 X78.591 Y-113.838
G1 Z0.000 F1200
G1 X81.651 Y-118.258
G0 Z3.500
G0 X81.865 Y-117.844
G1 Z0.000 F1200
G1 X81.000 Y-119.562
G0 Z3.500
G0 X80.737 Y-117.320
G1 Z0.000 F1200
G1 X78.376 Y-113.327
G0 Z3.500
G0 X76.844 Y-112.618
G1 Z0.000 F1200
G1 X78.157 Y-109.817
G0 Z3.500
G0 X75.864 Y-110.585
G1 Z0.000 F1200
G1 X74.065 Y-106.362
G0 Z3.500
G0 X75.000 Y-106.472
G1 Z0.000 F1200
G1 X73.600 Y-107.673
G1 X74.000 Y-108.274
G1 X75.600 Y-108.274
G1 X76.800 Y-107.673
G1 X75.800 Y-106.272
G1 X75.200 Y-106.472
G0 Z3.500
G0 X76.000 Y-106.072
G1 Z0.000 F1200
G1 X76.000 Y-106.872
G1 X76.800 Y-107.673
G1 X78.200 Y-107.473
G1 X77.000 Y-105.671
G1 X76.200 Y-105.872
G0 Z3.500
G0 X76.400 Y-107.873
G1 Z0.000 F1200
G1 X75.400 Y-108.474
G1 X76.000 Y-109.274
G1 X77.200 Y-109.274
G1 X78.400 Y-108.073
G1 X78.200 Y-107.673
G1 X76.600 Y-107.873
G0 Z3.500
G0 X75.504 Y-108.136
G1 Z0.000 F1200
G1 X75.034 Y-110.444
G0 Z3.500
G0 X73.378 Y-109.738
G1 Z0.000 F1200
G1 X70.202 Y-106.491
G0 Z3.500
G0 X70.639 Y-106.914
G1 Z0.000 F1200
G1 X69.811 Y-109.799
G0 Z3.500
G0 X71.160 Y-110.151
G1 Z0.000 F1200
G1 X68.166 Y-105.438
G0 Z3.500
G0 X68.524 Y-105.210
G1 Z0.000 F1200
G1 X71.518 Y-109.923
G0 Z3.500
G0 X71.396 Y-109.958
G1 Z0.000 F1200
G1 X69.448 Y-106.032
G0 Z3.500
G0 X69.824 Y-105.845
G1 Z0.000 F1200
G1 X71.772 Y-109.771
G0 Z3.500
G0 X72.461 Y-107.107
G1 Z0.000 F1200
G1 X70.806 Y-104.696
G0 Z3.500
G0 X70.657 Y-104.704
G1 Z0.000 F1200
G1 X68.805 Y-102.265
G0 Z3.500
G0 X67.897 Y-104.482
G1 Z0.000 F1200
G1 X66.873 Y-106.529
G0 Z3.500
G0 X67.033 Y-105.643
G1 Z0.000 F1200
G1 X69.112 Y-108.474
G0 Z3.500
G0 X69.436 Y-108.236
G1 Z0.000 F1200
G1 X67.356 Y-105.405
G0 Z3.500
G0 X67.741 Y-105.935
G1 Z0.000 F1200
G1 X67.719 Y-107.628
G0 Z3.500
G0 X66.653 Y-108.869
G1 Z0.000 F1200
G1 X65.455 Y-107.073
G0 Z3.500
G0 X65.668 Y-106.355
G1 Z0.000 F1200
G1 X66.570 Y-104.416
G0 Z3.500
G0 X65.600 Y-105.671
G1 Z0.000 F1200
G1 X65.000 Y-106.872
G1 X65.000 Y-108.274
G1 X64.400 Y-108.474
G1 X63.400 Y-107.273
G1 X63.200 Y-108.674
G1 X63.400 Y-107.273
G1 X64.400 Y-108.474
G1 X65.000 Y-108.274
G1 X65.000 Y-106.872
G1 X65.400 Y-105.872
G0 Z3.500
G0 X65.532 Y-106.277
G1 Z0.000 F1200
G1 X64.085 Y-108.834
G0 Z3.500
G0 X63.485 Y-109.281
G1 Z0.000 F1200
G1 X64.176 Y-106.949
G0 Z3.500
G0 X60.790 Y-108.297
G1 Z0.000 F1200
G1 X60.711 Y-105.684
G0 Z3.500
G0 X57.153 Y-105.348
G1 Z0.000 F1200
G1 X55.987 Y-108.119
G0 Z3.500
G0 X52.479 Y-107.419
G1 Z0.000 F1200
G1 X50.727 Y-104.691
G0 Z3.500
G0 X49.430 Y-106.171
G1 Z0.000 F1200
G1 X49.440 Y-109.520
G0 Z3.500
G0 X47.411 Y-110.492
G1 Z0.000 F1200
G1 X45.123 Y-107.568
G0 Z3.500
G0 X45.506 Y-106.820
G1 Z0.000 F1200
G1 X46.410 Y-104.665
G0 Z3.500
G0 X47.225 Y-102.988
G1 Z0.000 F1200
G1 X48.574 Y-100.804
G0 Z3.500
G0 X44.602 Y-102.131
G1 Z0.000 F1200
G1 X43.300 Y-103.969
G0 Z3.500
G0 X44.036 Y-104.776
G1 Z0.000 F1200
G1 X43.901 Y-102.726
G0 Z3.500
G0 X42.082 Y-102.767
G1 Z0.000 F1200
G1 X42.060 Y-105.442
G0 Z3.500
G0 X42.043 Y-104.214
G1 Z0.000 F1200
G1 X40.501 Y-107.398
G0 Z3.500
G0 X40.114 Y-110.679
G1 Z0.000 F1200
G1 X39.917 Y-113.441
G0 Z3.500
G0 X41.431 Y-112.286
G1 Z0.000 F1200
G1 X39.700 Y-115.413
G0 Z3.500
G0 X41.295 Y-114.975
G1 Z0.000 F1200
G1 X41.402 Y-118.581
G0 Z3.500
G0 X40.999 Y-119.596
G1 Z0.000 F1200
G1 X40.141 Y-122.753
G0 Z3.500
G0 X40.200 Y-123.286
G1 Z0.000 F1200
G1 X40.200 Y-124.487
G1 X39.000 Y-125.688
G1 X39.000 Y-126.689
G1 X39.600 Y-127.289
G1 X39.400 Y-128.891
G1 X38.800 Y-129.892
G1 X37.800 Y-130.092
G1 X38.800 Y-129.892
G1 X39.400 Y-128.891
G1 X39.400 Y-126.689
G1 X40.400 Y-125.688
G1 X39.200 Y-126.889
G1 X39.000 Y-125.688
G1 X40.200 Y-124.487
G1 X40.200 Y-123.486
G0 Z3.500
G0 X40.581 Y-122.223
G1 Z0.000 F1200
G1 X42.526 Y-119.002
G0 Z3.500
G0 X42.884 Y-118.305
G1 Z0.000 F1200
G1 X41.076 Y-121.124
G0 Z3.500
G0 X41.186 Y-121.147
G1 Z0.000 F1200
G1 X42.541 Y-117.229
G0 Z3.500
G0 X42.179 Y-117.104
G1 Z0.000 F1200
G1 X40.824 Y-121.022
G0 Z3.500
G0 X41.823 Y-119.670
G1 Z0.000 F1200
G1 X44.148 Y-116.296
G0 Z3.500
G0 X44.140 Y-115.745
G1 Z0.000 F1200
G1 X42.172 Y-119.729
G0 Z3.500
G0 X43.452 Y-117.998
G1 Z0.000 F1200
G1 X45.648 Y-114.962
G0 Z3.500
G0 X45.921 Y-115.521
G1 Z0.000 F1200
G1 X45.548 Y-117.424
G0 Z3.500
G0 X44.381 Y-116.952
G1 Z0.000 F1200
G1 X44.142 Y-115.179
G0 Z3.500
G0 X43.318 Y-114.329
G1 Z0.000 F1200
G1 X44.274 Y-118.282
G0 Z3.500
G0 X43.533 Y-117.685
G1 Z0.000 F1200
G1 X41.793 Y-114.804
G0 Z3.500
G0 X43.872 Y-113.342
G1 Z0.000 F1200
G1 X42.205 Y-111.555
G0 Z3.500
G0 X45.600 Y-113.478
G1 Z0.000 F1200
G1 X46.400 Y-114.479
G1 X45.600 Y-116.080
G1 X43.800 Y-118.082
G1 X43.000 Y-118.282
G1 X42.800 Y-117.882
G1 X43.400 Y-116.681
G1 X44.000 Y-116.681
G1 X43.000 Y-117.081
G1 X42.800 Y-118.282
G1 X42.200 Y-119.083
G1 X40.800 Y-118.882
G1 X41.000 Y-117.681
G1 X41.600 Y-117.081
G1 X41.400 Y-115.880
G1 X41.600 Y-117.081
G1 X41.200 Y-117.481
G1 X40.800 Y-117.281
G1 X40.800 Y-115.480
G1 X40.800 Y-117.081
G1 X40.600 Y-117.281
G1 X40.000 Y-116.681
G1 X41.000 Y-117.681
G1 X41.000 Y-118.282
G1 X40.400 Y-118.482
G1 X39.000 Y-118.082
G1 X38.600 Y-114.078
G1 X38.600 Y-115.480
G1 X37.400 Y-114.879
G1 X37.400 Y-114.479
G1 X37.600 Y-115.079
G1 X38.800 Y-115.680
G1 X39.000 Y-117.681
G1 X38.200 Y-117.882
G1 X38.000 Y-116.681
G1 X37.400 Y-117.081
G1 X37.200 Y-116.480
G1 X37.400 Y-117.481
G1 X36.600 Y-117.681
G1 X36.600 Y-114.879
G1 X36.400 Y-118.282
G1 X35.800 Y-118.482
G1 X35.400 Y-117.681
G1 X34.800 Y-119.283
G1 X34.800 Y-120.684
G1 X34.800 Y-119.283
G1 X35.400 Y-118.282
G1 X36.600 Y-118.682
G1 X36.400 Y-120.083
G1 X37.600 Y-119.483
G1 X38.000 Y-119.683
G1 X38.000 Y-120.284
G1 X37.000 Y-120.884
G1 X38.000 Y-120.284
G1 X37.800 Y-118.882
G1 X38.200 Y-118.082
G1 X38.800 Y-117.882
G1 X39.000 Y-119.483
G1 X39.200 Y-118.282
G1 X40.200 Y-118.282
G1 X40.800 Y-118.682
G1 X40.200 Y-121.084
G1 X39.200 Y-121.485
G1 X39.800 Y-121.284
G1 X39.800 Y-122.085
G1 X40.200 Y-121.284
G1 X40.800 Y-121.885
G1 X40.800 Y-122.485
G1 X40.200 Y-120.884
G1 X41.000 Y-119.083
G1 X42.600 Y-119.283
G1 X42.600 Y-121.485
G1 X42.600 Y-119.883
G1 X44.000 Y-119.083
G1 X44.000 Y-117.681
G1 X44.600 Y-117.081
G1 X45.000 Y-117.281
G1 X44.800 Y-117.481
G1 X45.400 Y-116.280
G1 X46.000 Y-116.480
G1 X46.200 Y-117.281
G1 X46.000 Y-116.280
G1 X46.400 Y-116.080
G1 X45.800 Y-116.280
G1 X45.600 Y-115.880
G1 X46.200 Y-114.679
G1 X47.400 Y-113.678
G1 X47.200 Y-113.878
G1 X46.800 Y-113.478
G1 X47.200 Y-114.078
G1 X46.600 Y-114.479
G1 X45.800 Y-113.678
G0 Z3.500
G0 X46.676 Y-112.892
G1 Z0.000 F1200
G1 X46.502 Y-115.374
G0 Z3.500
G0 X49.225 Y-115.757
G1 Z0.000 F1200
G1 X48.939 Y-112.064
G0 Z3.500
G0 X52.386 Y-112.157
G1 Z0.000 F1200
G1 X53.771 Y-114.348
G0 Z3.500
G0 X53.483 Y-114.807
G1 Z0.000 F1200
G1 X52.343 Y-112.701
G0 Z3.500
G0 X52.200 Y-114.078
G1 Z0.000 F1200
G1 X52.800 Y-114.679
G1 X52.400 Y-115.480
G1 X52.400 Y-117.882
G1 X52.800 Y-118.282
G1 X52.600 Y-119.083
G1 X50.800 Y-119.083
G1 X49.200 Y-116.480
G1 X49.200 Y-116.080
G1 X49.800 Y-115.680
G1 X51.000 Y-116.881
G1 X51.000 Y-115.680
G1 X51.200 Y-116.280
G1 X50.600 Y-116.480
G1 X49.600 Y-115.480
G1 X49.200 Y-116.080
G1 X48.800 Y-116.080
G1 X48.200 Y-115.279
G1 X49.200 Y-116.280
G1 X50.600 Y-118.882
G1 X51.200 Y-119.283
G1 X51.000 Y-121.284
G1 X51.400 Y-120.684
G1 X52.200 Y-120.884
G1 X52.000 Y-123.086
G1 X51.000 Y-123.486
G1 X52.200 Y-123.486
G1 X52.800 Y-125.488
G1 X52.600 Y-124.887
G1 X53.800 Y-123.686
G1 X52.800 Y-124.687
G1 X52.200 Y-124.287
G1 X52.000 Y-122.886
G1 X52.800 Y-122.485
G1 X52.000 Y-122.485
G1 X52.400 Y-120.083
G1 X54.000 Y-118.682
G1 X54.200 Y-118.082
G1 X55.600 Y-118.882
G1 X55.800 Y-119.483
G1 X55.400 Y-119.883
G1 X54.800 Y-119.683
G1 X55.400 Y-119.883
G1 X55.400 Y-120.484
G1 X56.600 Y-121.685
G1 X56.800 Y-123.086
G1 X55.600 Y-124.287
G1 X55.600 Y-125.288
G1 X55.000 Y-126.689
G1 X53.800 Y-127.490
G1 X53.400 Y-128.891
G1 X52.400 Y-129.691
G1 X53.400 Y-128.891
G1 X53.800 Y-127.490
G1 X55.000 Y-126.889
G1 X56.000 Y-127.490
G1 X56.200 Y-129.291
G1 X56.600 Y-129.691
G1 X56.600 Y-131.293
G1 X56.600 Y-129.691
G1 X58.400 Y-129.291
G1 X58.800 Y-130.292
G1 X58.600 Y-129.091
G1 X59.000 Y-128.891
G1 X58.600 Y-129.091
G1 X58.400 Y-128.290
G1 X59.000 Y-127.890
G1 X59.800 Y-128.090
G1 X58.400 Y-127.890
G1 X58.800 Y-127.289
G1 X58.400 Y-126.889
G1 X58.800 Y-126.489
G1 X58.400 Y-126.889
G1 X58.400 Y-129.091
G1 X58.000 Y-129.491
G1 X56.600 Y-129.691
G1 X56.200 Y-129.291
G1 X56.000 Y-127.490
G1 X57.600 Y-127.490
G1 X56.800 Y-127.490
G1 X56.600 Y-127.089
G1 X57.200 Y-126.489
G1 X57.800 Y-126.489
G1 X57.400 Y-126.489
G1 X57.400 Y-126.088
G1 X56.400 Y-127.289
G1 X55.400 Y-127.289
G1 X55.000 Y-126.289
G1 X55.600 Y-125.288
G1 X56.800 Y-125.688
G1 X55.600 Y-125.088
G1 X55.600 Y-124.287
G1 X56.800 Y-123.086
G1 X56.800 Y-122.285
G1 X57.600 Y-122.085
G1 X58.000 Y-121.485
G1 X57.600 Y-122.085
G1 X56.800 Y-122.085
G1 X56.400 Y-121.485
G1 X57.400 Y-119.883
G1 X56.200 Y-121.284
G1 X55.400 Y-120.484
G1 X55.400 Y-119.883
G1 X56.000 Y-119.083
G1 X55.800 Y-119.283
G1 X54.600 Y-118.082
G1 X55.600 Y-117.081
G1 X54.600 Y-118.082
G1 X54.200 Y-117.882
G1 X54.400 Y-116.480
G1 X55.200 Y-115.279
G1 X54.000 Y-117.882
G1 X53.200 Y-117.681
G1 X53.400 Y-116.480
G1 X53.200 Y-117.882
G1 X52.400 Y-117.882
G1 X52.400 Y-115.480
G1 X52.800 Y-115.079
G1 X52.400 Y-114.279
G0 Z3.500
G0 X54.367 Y-114.127
G1 Z0.000 F1200
G1 X55.697 Y-111.882
G0 Z3.500
G0 X56.079 Y-118.543
G1 Z0.000 F1200
G1 X56.348 Y-121.372
G0 Z3.500
G0 X56.353 Y-122.795
G1 Z0.000 F1200
G1 X57.446 Y-119.731
G0 Z3.500
G0 X53.000 Y-118.082
G1 Z0.000 F1200
G1 X54.200 Y-118.082
G1 X54.000 Y-118.682
G1 X53.000 Y-119.483
G1 X52.600 Y-119.283
G1 X52.800 Y-118.282
G0 Z3.500
G0 X51.200 Y-119.283
G1 Z0.000 F1200
G1 X52.400 Y-119.083
G1 X52.400 Y-120.484
G1 X51.400 Y-120.684
G1 X51.200 Y-119.483
G0 Z3.500
G0 X48.070 Y-122.606
G1 Z0.000 F1200
G1 X45.883 Y-125.545
G0 Z3.500
G0 X44.370 Y-123.201
G1 Z0.000 F1200
G1 X44.240 Y-121.137
G0 Z3.500
G0 X47.087 Y-121.413
G1 Z0.000 F1200
G1 X48.028 Y-122.938
G0 Z3.500
G0 X38.835 Y-119.847
G1 Z0.000 F1200
G1 X39.100 Y-117.194
G0 Z3.500
G0 X37.000 Y-122.686
G1 Z0.000 F1200
G1 X37.200 Y-122.485
G1 X38.200 Y-123.286
G1 X38.000 Y-124.287
G1 X36.200 Y-125.288
G1 X35.800 Y-124.887
G1 X35.800 Y-123.086
G1 X36.800 Y-122.686
G0 Z3.500
G0 X30.600 Y-121.685
G1 Z0.000 F1200
G1 X30.200 Y-122.485
G1 X28.800 Y-122.686
G1 X30.000 Y-122.686
G1 X29.600 Y-123.286
G1 X29.800 Y-123.887
G1 X29.600 Y-123.286
G1 X30.400 Y-121.885
G0 Z3.500
G0 X29.654 Y-122.003
G1 Z0.000 F1200
G1 X28.090 Y-124.573
G0 Z3.500
G0 X27.256 Y-125.469
G1 Z0.000 F1200
G1 X26.074 Y-123.838
G0 Z3.500
G0 X26.326 Y-123.464
G1 Z0.000 F1200
G1 X24.710 Y-121.635
G0 Z3.500
G0 X24.000 Y-121.685
G1 Z0.000 F1200
G1 X25.600 Y-122.285
G1 X27.000 Y-122.085
G1 X24.200 Y-122.085
G1 X24.200 Y-122.686
G1 X25.600 Y-124.287
G1 X24.400 Y-122.886
G1 X23.600 Y-123.286
G1 X23.800 Y-123.887
G1 X23.600 Y-123.486
G1 X22.800 Y-123.686
G1 X23.400 Y-124.287
G1 X22.800 Y-123.887
G1 X22.600 Y-122.886
G1 X22.800 Y-123.486
G1 X23.400 Y-123.486
G1 X24.200 Y-122.686
G1 X24.000 Y-121.485
G0 Z3.500
G0 X22.600 Y-121.551
G1 Z0.000 F1200
G1 X20.932 Y-119.437
G0 Z3.500
G0 X21.848 Y-118.470
G1 Z0.000 F1200
G1 X21.700 Y-115.529
G0 Z3.500
G0 X21.365 Y-115.052
G1 Z0.000 F1200
G1 X20.501 Y-117.097
G0 Z3.500
G0 X23.839 Y-116.824
G1 Z0.000 F1200
G1 X21.227 Y-120.784
G0 Z3.500
G0 X22.818 Y-120.247
G1 Z0.000 F1200
G1 X21.544 Y-122.934
G0 Z3.500
G0 X20.196 Y-122.798
G1 Z0.000 F1200
G1 X21.123 Y-124.481
G0 Z3.500
G0 X20.790 Y-124.624
G1 Z0.000 F1200
G1 X17.778 Y-120.645
G0 Z3.500
G0 X17.600 Y-120.684
G1 Z0.000 F1200
G1 X18.200 Y-120.684
G1 X18.200 Y-121.885
G1 X17.200 Y-122.886
G1 X16.800 Y-122.886
G1 X16.400 Y-121.885
G1 X17.400 Y-120.684
G0 Z3.500
G0 X18.200 Y-120.083
G1 Z0.000 F1200
G1 X18.200 Y-121.485
G1 X19.200 Y-121.685
G1 X19.200 Y-120.083
G1 X18.400 Y-120.083
G0 Z3.500
G0 X16.480 Y-122.018
G1 Z0.000 F1200
G1 X17.816 Y-124.867
G0 Z3.500
G0 X17.442 Y-125.042
G1 Z0.000 F1200
G1 X16.107 Y-122.193
G0 Z3.500
G0 X15.800 Y-122.285
G1 Z0.000 F1200
G1 X16.200 Y-122.085
G1 X16.800 Y-122.886
G1 X15.600 Y-124.087
G1 X15.000 Y-124.087
G1 X14.000 Y-123.286
G1 X14.400 Y-122.485
G1 X15.600 Y-122.485
G0 Z3.500
G0 X15.616 Y-123.744
G1 Z0.000 F1200
G1 X13.554 Y-119.756
G0 Z3.500
G0 X14.000 Y-120.083
G1 Z0.000 F1200
G1 X15.200 Y-119.883
G1 X15.400 Y-120.684
G1 X14.000 Y-121.084
G1 X14.000 Y-120.284
G0 Z3.500
G0 X13.842 Y-119.268
G1 Z0.000 F1200
G1 X12.459 Y-117.277
G0 Z3.500
G0 X13.200 Y-117.281
G1 Z0.000 F1200
G1 X12.800 Y-118.282
G1 X14.200 Y-119.883
G1 X15.200 Y-119.883
G1 X15.400 Y-118.882
G1 X14.800 Y-118.682
G1 X15.600 Y-118.482
G1 X15.600 Y-117.882
G1 X15.000 Y-117.281
G1 X14.200 Y-117.281
G1 X13.800 Y-116.881
G1 X13.400 Y-117.081
G0 Z3.500
G0 X15.400 Y-118.682
G1 Z0.000 F1200
G1 X17.000 Y-118.682
G1 X17.800 Y-119.283
G1 X18.000 Y-120.083
G1 X17.600 Y-120.684
G1 X17.000 Y-120.684
G1 X16.800 Y-120.083
G1 X17.000 Y-121.284
G1 X16.200 Y-122.085
G1 X15.400 Y-121.485
G1 X15.400 Y-119.883
G1 X16.400 Y-119.683
G1 X15.600 Y-119.683
G1 X15.400 Y-118.882
G0 Z3.500
G0 X14.148 Y-113.538
G1 Z0.000 F1200
G1 X12.752 Y-111.608
G0 Z3.500
G0 X9.600 Y-112.677
G1 Z0.000 F1200
G1 X9.600 Y-113.678
G1 X9.200 Y-114.078
G1 X8.400 Y-114.078
G1 X9.400 Y-114.279
G1 X8.800 Y-115.079
G1 X9.400 Y-115.279
G1 X9.400 Y-115.880
G1 X10.800 Y-117.481
G1 X12.800 Y-117.681
G1 X12.000 Y-120.083
G1 X11.400 Y-120.684
G1 X10.200 Y-121.084
G1 X11.200 Y-120.684
G1 X11.600 Y-121.284
G1 X11.400 Y-120.684
G1 X11.800 Y-120.484
G1 X13.000 Y-121.485
G1 X12.600 Y-122.485
G1 X12.200 Y-122.085
G1 X12.800 Y-123.286
G1 X12.000 Y-123.887
G1 X12.800 Y-123.286
G1 X14.000 Y-123.286
G1 X14.600 Y-123.887
G1 X15.600 Y-124.087
G1 X16.800 Y-122.886
G1 X17.200 Y-122.886
G1 X17.800 Y-123.686
G1 X19.200 Y-123.887
G1 X20.400 Y-124.887
G1 X21.800 Y-125.088
G1 X20.400 Y-124.887
G1 X19.200 Y-123.887
G1 X19.600 Y-123.086
G1 X18.800 Y-117.681
G1 X19.000 Y-116.681
G1 X17.800 Y-119.083
G1 X16.000 Y-118.682
G1 X15.000 Y-117.281
G1 X14.000 Y-117.081
G1 X14.400 Y-114.279
G1 X13.800 Y-114.078
G1 X14.400 Y-114.279
G1 X14.000 Y-116.681
G1 X13.000 Y-117.481
G1 X12.400 Y-117.481
G1 X11.800 Y-116.881
G1 X11.600 Y-115.680
G1 X11.000 Y-115.279
G1 X11.000 Y-114.679
G1 X11.600 Y-114.479
G1 X11.000 Y-114.279
G1 X11.200 Y-113.878
G1 X10.800 Y-114.279
G1 X9.400 Y-114.078
G1 X10.200 Y-112.877
G1 X11.000 Y-112.877
G1 X9.600 Y-112.877
G0 Z3.500
G0 X10.039 Y-113.564
G1 Z0.000 F1200
G1 X8.797 Y-117.091
G0 Z3.500
G0 X7.680 Y-115.589
G1 Z0.000 F1200
G1 X8.618 Y-113.948
G0 Z3.500
G0 X9.200 Y-114.479
G1 Z0.000 F1200
G1 X10.800 Y-114.279
G1 X11.200 Y-115.480
G1 X9.800 Y-116.280
G1 X9.400 Y-115.880
G1 X9.200 Y-114.679
G0 Z3.500
G0 X6.842 Y-114.951
G1 Z0.000 F1200
G1 X7.366 Y-118.321
G0 Z3.500
G0 X5.097 Y-119.341
G1 Z0.000 F1200
G1 X5.035 Y-116.195
G0 Z3.500
G0 X4.324 Y-115.671
G1 Z0.000 F1200
G1 X2.263 Y-113.154
G0 Z3.500
G0 X3.977 Y-113.231
G1 Z0.000 F1200
G1 X1.495 Y-116.865
G0 Z3.500
G0 X1.503 Y-115.827
G1 Z0.000 F1200
G1 X3.956 Y-119.440
G0 Z3.500
G0 X4.157 Y-120.697
G1 Z0.000 F1200
G1 X3.940 Y-117.136
G0 Z3.500
G0 X3.800 Y-117.281
G1 Z0.000 F1200
G1 X5.000 Y-117.081
G1 X5.200 Y-117.882
G1 X4.200 Y-118.882
G1 X3.400 Y-118.882
G1 X3.200 Y-117.882
G1 X3.600 Y-117.481
G0 Z3.500
G0 X2.564 Y-117.547
G1 Z0.000 F1200
G1 X3.742 Y-115.860
G0 Z3.500
G0 X2.800 Y-116.480
G1 Z0.000 F1200
G1 X3.800 Y-116.280
G1 X4.000 Y-117.081
G1 X3.000 Y-117.882
G1 X2.600 Y-117.481
G1 X2.600 Y-116.681
G0 Z3.500
G0 X4.200 Y-113.878
G1 Z0.000 F1200
G1 X3.600 Y-115.279
G1 X4.400 Y-116.080
G1 X4.000 Y-116.280
G1 X4.200 Y-117.081
G1 X4.800 Y-117.081
G1 X5.000 Y-116.681
G1 X5.200 Y-117.281
G1 X5.600 Y-117.281
G1 X6.600 Y-116.080
G1 X4.200 Y-118.882
G1 X3.600 Y-118.882
G1 X3.200 Y-119.483
G1 X3.200 Y-123.486
G1 X4.200 Y-124.087
G1 X5.000 Y-123.887
G1 X4.800 Y-124.087
G1 X5.400 Y-124.487
G1 X5.800 Y-124.287
G1 X5.400 Y-124.687
G1 X6.000 Y-125.088
G1 X5.200 Y-124.287
G1 X3.000 Y-123.486
G1 X2.400 Y-124.087
G1 X2.400 Y-126.088
G1 X2.400 Y-124.087
G1 X3.200 Y-123.286
G1 X3.400 Y-118.882
G1 X2.600 Y-117.481
G1 X2.400 Y-115.680
G1 X3.600 Y-115.279
G1 X2.600 Y-114.078
G1 X3.600 Y-114.879
G1 X4.200 Y-114.279
G1 X4.200 Y-113.678
G0 Z3.500
G0 X5.878 Y-112.800
G1 Z0.000 F1200
G1 X5.728 Y-114.992
G0 Z3.500
G0 X5.977 Y-111.369
G1 Z0.000 F1200
G1 X7.514 Y-108.679
G0 Z3.500
G0 X8.193 Y-107.646
G1 Z0.000 F1200
G1 X7.219 Y-110.307
G0 Z3.500
G0 X9.435 Y-109.055
G1 Z0.000 F1200
G1 X7.626 Y-106.405
G0 Z3.500
G0 X6.600 Y-106.472
G1 Z0.000 F1200
G1 X6.200 Y-107.273
G1 X5.600 Y-106.672
G1 X6.000 Y-107.273
G1 X5.800 Y-108.474
G1 X4.600 Y-108.073
G1 X3.200 Y-106.872
G1 X5.400 Y-108.474
G1 X5.400 Y-109.274
G1 X5.800 Y-109.675
G1 X5.400 Y-108.674
G1 X6.600 Y-108.474
G1 X6.800 Y-109.675
G1 X7.200 Y-109.875
G1 X6.800 Y-109.675
G1 X6.800 Y-108.674
G1 X6.000 Y-108.274
G1 X6.000 Y-107.473
G1 X6.600 Y-106.672
G0 Z3.500
G0 X5.012 Y-106.760
G1 Z0.000 F1200
G1 X3.756 Y-105.086
G0 Z3.500
G0 X3.902 Y-104.954
G1 Z0.000 F1200
G1 X3.725 Y-108.335
G0 Z3.500
G0 X3.570 Y-108.119
G1 Z0.000 F1200
G1 X3.547 Y-105.159
G0 Z3.500
G0 X2.983 Y-103.307
G1 Z0.000 F1200
G1 X1.008 Y-106.443
G0 Z3.500
G0 X3.334 Y-108.409
G1 Z0.000 F1200
G1 X3.382 Y-110.072
G0 Z3.500
G0 X8.641 Y-102.612
G1 Z0.000 F1200
G1 X7.706 Y-100.761
G0 Z3.500
G0 X2.908 Y-100.590
G1 Z0.000 F1200
G1 X1.217 Y-98.043
G0 Z3.500
G0 X3.727 Y-97.001
G1 Z0.000 F1200
G1 X2.005 Y-94.416
G0 Z3.500
G0 X23.922 Y-100.780
G1 Z0.000 F1200
G1 X22.757 Y-104.367
G0 Z3.500
G0 X24.463 Y-104.550
G1 Z0.000 F1200
G1 X25.184 Y-102.438
G0 Z3.500
G0 X25.400 Y-108.274
G1 Z0.000 F1200
G1 X24.800 Y-109.675
G1 X24.800 Y-115.279
G1 X24.400 Y-115.680
G1 X23.400 Y-115.480
G1 X24.000 Y-115.680
G1 X24.000 Y-117.481
G1 X23.200 Y-118.482
G1 X22.800 Y-118.482
G1 X22.200 Y-117.681
G1 X22.200 Y-116.280
G1 X22.200 Y-117.681
G1 X23.000 Y-118.682
G1 X22.800 Y-119.283
G1 X22.000 Y-119.283
G1 X21.800 Y-118.882
G1 X22.600 Y-121.685
G1 X22.400 Y-120.284
G1 X22.800 Y-119.883
G1 X23.000 Y-118.682
G1 X23.800 Y-117.882
G1 X24.400 Y-118.082
G1 X24.600 Y-118.882
G1 X24.600 Y-117.882
G1 X25.600 Y-118.482
G1 X25.000 Y-117.882
G1 X26.000 Y-115.279
G1 X26.800 Y-115.079
G1 X27.600 Y-113.878
G1 X27.600 Y-113.478
G1 X27.400 Y-114.479
G1 X26.400 Y-115.279
G1 X26.400 Y-114.279
G1 X26.000 Y-115.279
G1 X24.800 Y-115.079
G1 X24.800 Y-113.078
G1 X25.200 Y-112.677
G1 X24.800 Y-112.677
G1 X24.800 Y-109.675
G1 X25.200 Y-108.474
G0 Z3.500
G0 X24.634 Y-109.523
G1 Z0.000 F1200
G1 X26.007 Y-111.987
G0 Z3.500
G0 X26.138 Y-111.370
G1 Z0.000 F1200
G1 X25.014 Y-110.272
G0 Z3.500
G0 X27.716 Y-110.857
G1 Z0.000 F1200
G1 X26.888 Y-113.297
G0 Z3.500
G0 X26.772 Y-113.284
G1 Z0.000 F1200
G1 X28.705 Y-116.247
G0 Z3.500
G0 X27.420 Y-116.484
G1 Z0.000 F1200
G1 X24.117 Y-113.106
G0 Z3.500
G0 X25.570 Y-113.102
G1 Z0.000 F1200
G1 X26.765 Y-114.322
G0 Z3.500
G0 X27.144 Y-114.693
G1 Z0.000 F1200
G1 X26.169 Y-117.129
G0 Z3.500
G0 X25.105 Y-117.042
G1 Z0.000 F1200
G1 X26.611 Y-120.283
G0 Z3.500
G0 X27.257 Y-120.368
G1 Z0.000 F1200
G1 X27.620 Y-118.219
G0 Z3.500
G0 X28.502 Y-118.148
G1 Z0.000 F1200
G1 X27.322 Y-116.585
G0 Z3.500
G0 X25.736 Y-118.358
G1 Z0.000 F1200
G1 X24.935 Y-115.425
G0 Z3.500
G0 X24.600 Y-115.480
G1 Z0.000 F1200
G1 X25.800 Y-115.480
G1 X25.400 Y-117.281
G1 X24.800 Y-117.882
G1 X23.800 Y-117.681
G1 X24.000 Y-115.880
G1 X24.400 Y-115.680
G0 Z3.500
G0 X23.900 Y-117.284
G1 Z0.000 F1200
G1 X24.771 Y-119.030
G0 Z3.500
G0 X25.142 Y-122.698
G1 Z0.000 F1200
G1 X26.060 Y-124.353
G0 Z3.500
G0 X26.600 Y-124.887
G1 Z0.000 F1200
G1 X26.200 Y-125.688
G1 X24.400 Y-125.088
G1 X26.600 Y-126.088
G1 X26.600 Y-125.088
G0 Z3.500
G0 X27.177 Y-123.613
G1 Z0.000 F1200
G1 X25.300 Y-127.069
G0 Z3.500
G0 X22.555 Y-128.778
G1 Z0.000 F1200
G1 X22.368 Y-130.708
G0 Z3.500
G0 X22.397 Y-131.416
G1 Z0.000 F1200
G1 X20.073 Y-129.176
G0 Z3.500
G0 X22.238 Y-129.848
G1 Z0.000 F1200
G1 X25.981 Y-134.641
G0 Z3.500
G0 X26.328 Y-134.369
G1 Z0.000 F1200
G1 X22.585 Y-129.577
G0 Z3.500
G0 X23.800 Y-130.092
G1 Z0.000 F1200
G1 X23.200 Y-130.692
G1 X23.200 Y-131.493
G1 X23.600 Y-131.893
G1 X24.800 Y-131.893
G1 X25.000 Y-130.492
G1 X24.400 Y-129.892
G1 X24.000 Y-130.092
G0 Z3.500
G0 X27.960 Y-129.794
G1 Z0.000 F1200
G1 X25.620 Y-135.043
G0 Z3.500
G0 X30.200 Y-129.892
G1 Z0.000 F1200
G1 X30.000 Y-130.292
G1 X29.000 Y-130.492
G1 X27.200 Y-130.092
G1 X27.200 Y-131.893
G1 X26.800 Y-132.494
G1 X27.600 Y-133.094
G1 X30.600 Y-133.495
G1 X31.200 Y-132.694
G1 X31.200 Y-131.893
G1 X30.400 Y-131.693
G1 X31.200 Y-131.493
G1 X31.200 Y-129.892
G1 X30.800 Y-129.491
G1 X30.400 Y-129.691
G0 Z3.500
G0 X30.800 Y-129.291
G1 Z0.000 F1200
G1 X31.600 Y-130.292
G1 X32.800 Y-130.292
G1 X33.400 Y-130.692
G1 X34.000 Y-130.492
G1 X33.800 Y-128.891
G1 X31.000 Y-129.091
G0 Z3.500
G0 X31.200 Y-130.292
G1 Z0.000 F1200
G1 X32.800 Y-130.292
G1 X34.000 Y-130.892
G1 X34.000 Y-132.294
G1 X34.600 Y-132.894
G1 X32.800 Y-133.094
G1 X34.600 Y-133.094
G1 X35.200 Y-134.095
G1 X34.600 Y-134.896
G1 X32.000 Y-134.495
G1 X30.800 Y-133.495
G1 X31.200 Y-131.693
G1 X32.200 Y-131.493
G1 X31.400 Y-131.493
G1 X31.200 Y-130.492
G0 Z3.500
G0 X29.245 Y-127.993
G1 Z0.000 F1200
G1 X29.030 Y-125.554
G0 Z3.500
G0 X30.000 Y-124.887
G1 Z0.000 F1200
G1 X30.600 Y-125.488
G1 X31.800 Y-125.488
G1 X32.200 Y-125.088
G1 X31.800 Y-125.488
G1 X30.600 Y-125.488
G1 X30.000 Y-125.088
G1 X30.000 Y-124.687
G0 Z3.500
G0 X29.596 Y-126.854
G1 Z0.000 F1200
G1 X27.787 Y-122.629
G0 Z3.500
G0 X30.276 Y-113.384
G1 Z0.000 F1200
G1 X27.918 Y-111.376
G0 Z3.500
G0 X29.336 Y-110.671
G1 Z0.000 F1200
G1 X30.976 Y-107.439
G0 Z3.500
G0 X31.163 Y-108.157
G1 Z0.000 F1200
G1 X32.241 Y-109.568
G0 Z3.500
G0 X33.637 Y-106.064
G1 Z0.000 F1200
G1 X31.606 Y-103.355
G0 Z3.500
G0 X36.949 Y-105.668
G1 Z0.000 F1200
G1 X38.625 Y-103.259
G0 Z3.500
G0 X40.929 Y-103.697
G1 Z0.000 F1200
G1 X41.997 Y-101.819
G0 Z3.500
G0 X46.642 Y-106.971
G1 Z0.000 F1200
G1 X45.769 Y-108.784
G0 Z3.500
G0 X21.913 Y-107.661
G1 Z0.000 F1200
G1 X20.846 Y-109.841
G0 Z3.500
G0 X9.352 Y-121.424
G1 Z0.000 F1200
G1 X7.630 Y-123.788
G0 Z3.500
G0 X16.087 Y-154.357
G1 Z0.000 F1200
G1 X19.524 Y-155.878
G0 Z3.500
G0 X20.912 Y-158.308
G1 Z0.000 F1200
G1 X15.935 Y-159.078
G0 Z3.500
G0 X16.740 Y-157.626
G1 Z0.000 F1200
G1 X10.279 Y-158.666
G0 Z3.500
G0 X14.648 Y-163.631
G1 Z0.000 F1200
G1 X18.412 Y-162.796
G0 Z3.500
G0 X19.371 Y-165.933
G1 Z0.000 F1200
G1 X11.437 Y-167.793
G0 Z3.500
G0 X11.880 Y-165.153
G1 Z0.000 F1200
G1 X4.959 Y-167.580
G0 Z3.500
G0 X4.059 Y-169.770
G1 Z0.000 F1200
G1 X0.266 Y-170.319
G0 Z3.500
G0 X1.978 Y-173.556
G1 Z0.000 F1200
G1 X1.309 Y-177.306
G0 Z3.500
G0 X2.155 Y-176.403
G1 Z0.000 F1200
G1 X3.150 Y-178.902
G0 Z3.500
G0 X4.625 Y-179.415
G1 Z0.000 F1200
G1 X0.018 Y-178.400
G0 Z3.500
G0 X2.685 Y-177.216
G1 Z0.000 F1200
G1 X9.415 Y-174.782
G0 Z3.500
G0 X6.813 Y-176.218
G1 Z0.000 F1200
G1 X6.360 Y-178.331
G0 Z3.500
G0 X4.908 Y-181.279
G1 Z0.000 F1200
G1 X4.056 Y-183.559
G0 Z3.500
G0 X3.405 Y-185.171
G1 Z0.000 F1200
G1 X2.503 Y-181.858
G0 Z3.500
G0 X2.237 Y-184.910
G1 Z0.000 F1200
G1 X2.320 Y-187.650
G0 Z3.500
G0 X0.684 Y-189.783
G1 Z0.000 F1200
G1 X5.547 Y-188.260
G0 Z3.500
G0 X7.548 Y-187.493
G1 Z0.000 F1200
G1 X8.307 Y-191.245
G0 Z3.500
G0 X7.977 Y-190.090
G1 Z0.000 F1200
G1 X14.260 Y-189.028
G0 Z3.500
G0 X15.142 Y-190.389
G1 Z0.000 F1200
G1 X15.310 Y-193.314
G0 Z3.500
G0 X13.074 Y-192.550
G1 Z0.000 F1200
G1 X12.587 Y-190.309
G0 Z3.500
G0 X14.197 Y-190.825
G1 Z0.000 F1200
G1 X14.911 Y-187.299
G0 Z3.500
G0 X14.221 Y-185.581
G1 Z0.000 F1200
G1 X14.493 Y-182.274
G0 Z3.500
G0 X13.099 Y-182.577
G1 Z0.000 F1200
G1 X14.056 Y-179.288
G0 Z3.500
G0 X13.400 Y-179.333
G1 Z0.000 F1200
G1 X13.600 Y-180.334
G1 X12.800 Y-182.135
G1 X13.000 Y-181.334
G1 X14.400 Y-180.534
G1 X13.600 Y-180.934
G1 X13.400 Y-180.534
G1 X14.000 Y-179.533
G1 X13.400 Y-179.533
G0 Z3.500
G0 X14.416 Y-180.095
G1 Z0.000 F1200
G1 X8.959 Y-181.552
G0 Z3.500
G0 X9.618 Y-181.790
G1 Z0.000 F1200
G1 X14.710 Y-180.721
G0 Z3.500
G0 X14.189 Y-180.618
G1 Z0.000 F1200
G1 X15.497 Y-177.781
G0 Z3.500
G0 X17.383 Y-176.238
G1 Z0.000 F1200
G1 X22.835 Y-174.861
G0 Z3.500
G0 X22.698 Y-173.925
G1 Z0.000 F1200
G1 X29.284 Y-172.917
G0 Z3.500
G0 X28.417 Y-174.350
G1 Z0.000 F1200
G1 X27.029 Y-178.210
G0 Z3.500
G0 X27.541 Y-179.542
G1 Z0.000 F1200
G1 X28.969 Y-175.392
G0 Z3.500
G0 X25.196 Y-175.993
G1 Z0.000 F1200
G1 X25.213 Y-173.286
G0 Z3.500
G0 X28.478 Y-171.417
G1 Z0.000 F1200
G1 X32.966 Y-170.083
G0 Z3.500
G0 X32.796 Y-176.339
G1 Z0.000 F1200
G1 X24.756 Y-178.854
G0 Z3.500
G0 X24.610 Y-177.198
G1 Z0.000 F1200
G1 X20.755 Y-177.330
G0 Z3.500
G0 X22.348 Y-176.153
G1 Z0.000 F1200
G1 X22.570 Y-178.854
G0 Z3.500
G0 X22.928 Y-180.463
G1 Z0.000 F1200
G1 X23.202 Y-184.653
G0 Z3.500
G0 X21.723 Y-187.123
G1 Z0.000 F1200
G1 X16.860 Y-187.727
G0 Z3.500
G0 X18.176 Y-187.278
G1 Z0.000 F1200
G1 X26.673 Y-186.995
G0 Z3.500
G0 X26.425 Y-189.117
G1 Z0.000 F1200
G1 X27.056 Y-191.762
G0 Z3.500
G0 X26.037 Y-193.494
G1 Z0.000 F1200
G1 X26.459 Y-197.678
G0 Z3.500
G0 X26.806 Y-199.033
G1 Z0.000 F1200
G1 X20.434 Y-200.805
G0 Z3.500
G0 X21.131 Y-199.164
G1 Z0.000 F1200
G1 X21.431 Y-197.630
G0 Z3.500
G0 X21.359 Y-198.826
G1 Z0.000 F1200
G1 X23.154 Y-202.658
G0 Z3.500
G0 X22.507 Y-204.295
G1 Z0.000 F1200
G1 X23.016 Y-206.776
G0 Z3.500
G0 X23.295 Y-207.967
G1 Z0.000 F1200
G1 X16.681 Y-205.263
G0 Z3.500
G0 X17.048 Y-205.778
G1 Z0.000 F1200
G1 X20.440 Y-204.859
G0 Z3.500
G0 X19.645 Y-204.977
G1 Z0.000 F1200
G1 X29.366 Y-204.701
G0 Z3.500
G0 X30.519 Y-206.592
G1 Z0.000 F1200
G1 X35.583 Y-205.999
G0 Z3.500
G0 X32.868 Y-205.751
G1 Z0.000 F1200
G1 X33.463 Y-210.173
G0 Z3.500
G0 X32.943 Y-210.083
G1 Z0.000 F1200
G1 X33.953 Y-208.471
G0 Z3.500
G0 X32.855 Y-208.916
G1 Z0.000 F1200
G1 X28.010 Y-207.032
G0 Z3.500
G0 X28.910 Y-207.196
G1 Z0.000 F1200
G1 X27.379 Y-209.577
G0 Z3.500
G0 X28.399 Y-209.303
G1 Z0.000 F1200
G1 X27.886 Y-213.331
G0 Z3.500
G0 X25.189 Y-211.649
G1 Z0.000 F1200
G1 X25.666 Y-210.027
G0 Z3.500
G0 X26.019 Y-208.993
G1 Z0.000 F1200
G1 X32.061 Y-208.108
G0 Z3.500
G0 X31.204 Y-213.367
G1 Z0.000 F1200
G1 X31.505 Y-216.798
G0 Z3.500
G0 X30.756 Y-218.426
G1 Z0.000 F1200
G1 X30.257 Y-220.525
G0 Z3.500
G0 X33.020 Y-221.474
G1 Z0.000 F1200
G1 X33.109 Y-217.987
G0 Z3.500
G0 X35.426 Y-217.398
G1 Z0.000 F1200
G1 X35.914 Y-215.486
G0 Z3.500
G0 X38.521 Y-215.392
G1 Z0.000 F1200
G1 X38.831 Y-212.650
G0 Z3.500
G0 X40.327 Y-214.537
G1 Z0.000 F1200
G1 X40.998 Y-210.702
G0 Z3.500
G0 X41.183 Y-207.702
G1 Z0.000 F1200
G1 X40.135 Y-204.138
G0 Z3.500
G0 X38.488 Y-201.816
G1 Z0.000 F1200
G1 X38.914 Y-199.659
G0 Z3.500
G0 X39.987 Y-196.773
G1 Z0.000 F1200
G1 X40.566 Y-193.435
G0 Z3.500
G0 X39.472 Y-191.814
G1 Z0.000 F1200
G1 X40.136 Y-195.666
G0 Z3.500
G0 X38.595 Y-195.944
G1 Z0.000 F1200
G1 X42.890 Y-194.654
G0 Z3.500
G0 X44.435 Y-194.359
G1 Z0.000 F1200
G1 X34.686 Y-196.795
G0 Z3.500
G0 X35.760 Y-195.848
G1 Z0.000 F1200
G1 X36.314 Y-193.606
G0 Z3.500
G0 X34.999 Y-194.558
G1 Z0.000 F1200
G1 X29.777 Y-193.694
G0 Z3.500
G0 X29.928 Y-195.229
G1 Z0.000 F1200
G1 X30.976 Y-197.939
G0 Z3.500
G0 X32.207 Y-198.892
G1 Z0.000 F1200
G1 X32.875 Y-201.270
G0 Z3.500
G0 X32.161 Y-200.868
G1 Z0.000 F1200
G1 X33.237 Y-198.412
G0 Z3.500
G0 X31.760 Y-196.125
G1 Z0.000 F1200
G1 X37.129 Y-195.266
G0 Z3.500
G0 X38.257 Y-190.906
G1 Z0.000 F1200
G1 X45.303 Y-189.395
G0 Z3.500
G0 X44.900 Y-187.909
G1 Z0.000 F1200
G1 X43.369 Y-190.162
G0 Z3.500
G0 X43.209 Y-192.672
G1 Z0.000 F1200
G1 X45.956 Y-193.512
G0 Z3.500
G0 X46.193 Y-191.815
G1 Z0.000 F1200
G1 X44.777 Y-195.152
G0 Z3.500
G0 X45.669 Y-200.250
G1 Z0.000 F1200
G1 X41.637 Y-201.412
G0 Z3.500
G0 X44.651 Y-206.288
G1 Z0.000 F1200
G1 X37.429 Y-209.168
G0 Z3.500
G0 X37.498 Y-208.321
G1 Z0.000 F1200
G1 X42.616 Y-207.525
G0 Z3.500
G0 X46.897 Y-208.506
G1 Z0.000 F1200
G1 X49.206 Y-210.435
G0 Z3.500
G0 X48.843 Y-210.956
G1 Z0.000 F1200
G1 X47.369 Y-215.414
G0 Z3.500
G0 X47.272 Y-215.504
G1 Z0.000 F1200
G1 X50.984 Y-219.814
G0 Z3.500
G0 X51.185 Y-219.267
G1 Z0.000 F1200
G1 X53.888 Y-221.723
G0 Z3.500
G0 X54.203 Y-221.375
G1 Z0.000 F1200
G1 X51.499 Y-218.920
G0 Z3.500
G0 X51.976 Y-218.571
G1 Z0.000 F1200
G1 X49.664 Y-222.599
G0 Z3.500
G0 X49.461 Y-222.698
G1 Z0.000 F1200
G1 X50.860 Y-220.697
G0 Z3.500
G0 X51.054 Y-220.668
G1 Z0.000 F1200
G1 X52.806 Y-214.104
G0 Z3.500
G0 X52.539 Y-213.912
G1 Z0.000 F1200
G1 X56.529 Y-218.038
G0 Z3.500
G0 X56.818 Y-217.758
G1 Z0.000 F1200
G1 X52.829 Y-213.632
G0 Z3.500
G0 X52.699 Y-213.629
G1 Z0.000 F1200
G1 X56.439 Y-217.249
G0 Z3.500
G0 X56.744 Y-216.933
G1 Z0.000 F1200
G1 X53.004 Y-213.313
G0 Z3.500
G0 X53.323 Y-213.651
G1 Z0.000 F1200
G1 X50.156 Y-210.393
G0 Z3.500
G0 X50.826 Y-209.544
G1 Z0.000 F1200
G1 X46.428 Y-213.901
G0 Z3.500
G0 X47.022 Y-212.741
G1 Z0.000 F1200
G1 X50.553 Y-209.268
G0 Z3.500
G0 X48.749 Y-209.585
G1 Z0.000 F1200
G1 X52.065 Y-203.483
G0 Z3.500
G0 X52.598 Y-203.714
G1 Z0.000 F1200
G1 X58.186 Y-210.166
G0 Z3.500
G0 X58.220 Y-210.253
G1 Z0.000 F1200
G1 X59.830 Y-205.201
G0 Z3.500
G0 X60.282 Y-205.346
G1 Z0.000 F1200
G1 X58.672 Y-210.397
G0 Z3.500
G0 X58.479 Y-209.912
G1 Z0.000 F1200
G1 X52.892 Y-203.459
G0 Z3.500
G0 X52.993 Y-202.771
G1 Z0.000 F1200
G1 X50.453 Y-199.684
G0 Z3.500
G0 X51.533 Y-200.573
G1 Z0.000 F1200
G1 X53.581 Y-198.211
G0 Z3.500
G0 X53.630 Y-198.652
G1 Z0.000 F1200
G1 X54.528 Y-193.962
G0 Z3.500
G0 X55.030 Y-194.912
G1 Z0.000 F1200
G1 X53.451 Y-199.344
G0 Z3.500
G0 X53.845 Y-199.485
G1 Z0.000 F1200
G1 X55.424 Y-195.053
G0 Z3.500
G0 X54.899 Y-195.115
G1 Z0.000 F1200
G1 X52.017 Y-198.151
G0 Z3.500
G0 X54.407 Y-199.318
G1 Z0.000 F1200
G1 X51.040 Y-203.417
G0 Z3.500
G0 X51.400 Y-202.952
G1 Z0.000 F1200
G1 X50.800 Y-204.554
G1 X51.000 Y-205.955
G1 X52.400 Y-204.354
G1 X52.200 Y-202.752
G1 X51.600 Y-202.752
G0 Z3.500
G0 X52.146 Y-202.681
G1 Z0.000 F1200
G1 X57.480 Y-208.780
G0 Z3.500
G0 X57.796 Y-208.503
G1 Z0.000 F1200
G1 X52.462 Y-202.404
G0 Z3.500
G0 X52.000 Y-201.952
G1 Z0.000 F1200
G1 X52.400 Y-203.353
G1 X53.000 Y-202.952
G1 X53.000 Y-202.152
G1 X52.200 Y-201.551
G1 X52.000 Y-201.751
G0 Z3.500
G0 X53.004 Y-201.719
G1 Z0.000 F1200
G1 X55.484 Y-204.795
G0 Z3.500
G0 X55.200 Y-206.155
G1 Z0.000 F1200
G1 X56.400 Y-205.955
G1 X57.200 Y-206.756
G1 X57.200 Y-207.556
G1 X57.800 Y-208.157
G1 X56.600 Y-209.158
G1 X55.800 Y-209.358
G1 X55.000 Y-208.557
G1 X55.000 Y-207.356
G1 X54.400 Y-206.756
G1 X55.000 Y-206.155
G0 Z3.500
G0 X55.616 Y-206.457
G1 Z0.000 F1200
G1 X62.231 Y-211.580
G0 Z3.500
G0 X62.472 Y-211.267
G1 Z0.000 F1200
G1 X55.857 Y-206.144
G0 Z3.500
G0 X55.658 Y-207.808
G1 Z0.000 F1200
G1 X54.723 Y-212.886
G0 Z3.500
G0 X55.180 Y-212.970
G1 Z0.000 F1200
G1 X56.115 Y-207.892
G0 Z3.500
G0 X56.981 Y-208.097
G1 Z0.000 F1200
G1 X55.138 Y-212.097
G0 Z3.500
G0 X55.573 Y-212.297
G1 Z0.000 F1200
G1 X57.416 Y-208.298
G0 Z3.500
G0 X57.837 Y-208.515
G1 Z0.000 F1200
G1 X61.431 Y-211.884
G0 Z3.500
G0 X61.754 Y-211.539
G1 Z0.000 F1200
G1 X58.160 Y-208.169
G0 Z3.500
G0 X58.491 Y-208.722
G1 Z0.000 F1200
G1 X55.137 Y-213.452
G0 Z3.500
G0 X54.735 Y-213.600
G1 Z0.000 F1200
G1 X49.926 Y-221.090
G0 Z3.500
G0 X49.574 Y-220.863
G1 Z0.000 F1200
G1 X54.383 Y-213.374
G0 Z3.500
G0 X53.278 Y-214.230
G1 Z0.000 F1200
G1 X51.526 Y-220.794
G0 Z3.500
G0 X51.400 Y-220.767
G1 Z0.000 F1200
G1 X52.000 Y-220.567
G1 X53.400 Y-222.168
G1 X54.000 Y-222.369
G1 X53.800 Y-224.570
G1 X52.000 Y-223.570
G1 X51.400 Y-220.967
G0 Z3.500
G0 X50.909 Y-221.555
G1 Z0.000 F1200
G1 X55.156 Y-216.606
G0 Z3.500
G0 X55.462 Y-216.870
G1 Z0.000 F1200
G1 X51.215 Y-221.818
G0 Z3.500
G0 X52.094 Y-222.903
G1 Z0.000 F1200
G1 X48.015 Y-219.055
G0 Z3.500
G0 X47.725 Y-219.363
G1 Z0.000 F1200
G1 X51.804 Y-223.211
G0 Z3.500
G0 X50.802 Y-223.770
G1 Z0.000 F1200
G1 X57.160 Y-229.059
G0 Z3.500
G0 X56.911 Y-228.989
G1 Z0.000 F1200
G1 X60.029 Y-225.123
G0 Z3.500
G0 X59.736 Y-224.887
G1 Z0.000 F1200
G1 X56.619 Y-228.753
G0 Z3.500
G0 X56.956 Y-229.287
G1 Z0.000 F1200
G1 X50.627 Y-223.440
G0 Z3.500
G0 X50.359 Y-223.730
G1 Z0.000 F1200
G1 X56.689 Y-229.578
G0 Z3.500
G0 X56.886 Y-229.389
G1 Z0.000 F1200
G1 X50.527 Y-224.100
G0 Z3.500
G0 X50.699 Y-224.175
G1 Z0.000 F1200
G1 X52.610 Y-221.309
G0 Z3.500
G0 X52.600 Y-221.368
G1 Z0.000 F1200
G1 X54.200 Y-221.168
G1 X54.400 Y-221.968
G1 X53.400 Y-222.168
G1 X52.800 Y-221.568
G0 Z3.500
G0 X52.954 Y-221.540
G1 Z0.000 F1200
G1 X50.557 Y-225.117
G0 Z3.500
G0 X50.737 Y-224.696
G1 Z0.000 F1200
G1 X53.757 Y-219.372
G0 Z3.500
G0 X54.125 Y-219.577
G1 Z0.000 F1200
G1 X51.174 Y-224.940
G0 Z3.500
G0 X50.404 Y-224.378
G1 Z0.000 F1200
G1 X53.959 Y-220.645
G0 Z3.500
G0 X54.071 Y-220.681
G1 Z0.000 F1200
G1 X58.071 Y-225.090
G0 Z3.500
G0 X57.979 Y-225.969
G1 Z0.000 F1200
G1 X59.995 Y-220.436
G0 Z3.500
G0 X59.545 Y-220.272
G1 Z0.000 F1200
G1 X57.529 Y-225.804
G0 Z3.500
G0 X56.825 Y-226.177
G1 Z0.000 F1200
G1 X59.658 Y-221.729
G0 Z3.500
G0 X59.901 Y-221.888
G1 Z0.000 F1200
G1 X63.473 Y-225.872
G0 Z3.500
G0 X63.187 Y-226.129
G1 Z0.000 F1200
G1 X59.614 Y-222.145
G0 Z3.500
G0 X59.330 Y-221.520
G1 Z0.000 F1200
G1 X56.496 Y-225.967
G0 Z3.500
G0 X55.200 Y-225.371
G1 Z0.000 F1200
G1 X57.200 Y-225.171
G1 X57.800 Y-225.571
G1 X57.000 Y-227.173
G1 X56.000 Y-228.173
G1 X55.200 Y-228.173
G1 X54.400 Y-227.173
G1 X54.400 Y-226.172
G1 X55.000 Y-225.571
G0 Z3.500
G0 X54.873 Y-225.924
G1 Z0.000 F1200
G1 X56.111 Y-219.741
G0 Z3.500
G0 X55.767 Y-220.389
G1 Z0.000 F1200
G1 X61.853 Y-226.520
G0 Z3.500
G0 X61.544 Y-226.827
G1 Z0.000 F1200
G1 X55.458 Y-220.696
G0 Z3.500
G0 X56.600 Y-220.767
G1 Z0.000 F1200
G1 X56.000 Y-221.368
G1 X55.600 Y-222.569
G1 X57.200 Y-222.769
G1 X58.400 Y-223.970
G1 X59.000 Y-221.768
G1 X58.000 Y-220.767
G1 X57.000 Y-220.367
G1 X56.600 Y-220.567
G0 Z3.500
G0 X56.758 Y-220.396
G1 Z0.000 F1200
G1 X52.189 Y-216.979
G0 Z3.500
G0 X52.910 Y-216.009
G1 Z0.000 F1200
G1 X57.342 Y-220.719
G0 Z3.500
G0 X57.976 Y-221.727
G1 Z0.000 F1200
G1 X60.677 Y-218.119
G0 Z3.500
G0 X60.999 Y-218.360
G1 Z0.000 F1200
G1 X58.297 Y-221.968
G0 Z3.500
G0 X59.000 Y-221.768
G1 Z0.000 F1200
G1 X58.400 Y-223.970
G1 X58.600 Y-225.371
G1 X62.200 Y-224.971
G1 X63.000 Y-223.970
G1 X61.000 Y-221.768
G1 X59.800 Y-221.768
G1 X59.400 Y-221.368
G1 X59.000 Y-221.568
G0 Z3.500
G0 X59.027 Y-220.961
G1 Z0.000 F1200
G1 X55.091 Y-224.766
G0 Z3.500
G0 X55.300 Y-224.824
G1 Z0.000 F1200
G1 X59.539 Y-229.732
G0 Z3.500
G0 X59.521 Y-229.617
G1 Z0.000 F1200
G1 X54.303 Y-225.633
G0 Z3.500
G0 X54.602 Y-225.241
G1 Z0.000 F1200
G1 X59.819 Y-229.226
G0 Z3.500
G0 X59.899 Y-229.420
G1 Z0.000 F1200
G1 X55.660 Y-224.513
G0 Z3.500
G0 X56.406 Y-223.847
G1 Z0.000 F1200
G1 X60.173 Y-227.795
G0 Z3.500
G0 X60.503 Y-227.480
G1 Z0.000 F1200
G1 X56.736 Y-223.531
G0 Z3.500
G0 X56.455 Y-223.456
G1 Z0.000 F1200
G1 X53.394 Y-228.596
G0 Z3.500
G0 X54.650 Y-227.319
G1 Z0.000 F1200
G1 X59.109 Y-230.965
G0 Z3.500
G0 X59.437 Y-231.072
G1 Z0.000 F1200
G1 X55.550 Y-227.217
G0 Z3.500
G0 X55.877 Y-228.987
G1 Z0.000 F1200
G1 X52.698 Y-226.160
G0 Z3.500
G0 X50.073 Y-224.065
G1 Z0.000 F1200
G1 X53.674 Y-220.376
G0 Z3.500
G0 X54.000 Y-222.369
G1 Z0.000 F1200
G1 X55.600 Y-222.369
G1 X55.800 Y-223.570
G1 X55.400 Y-224.971
G1 X54.000 Y-224.370
G1 X54.000 Y-222.569
G0 Z3.500
G0 X54.778 Y-223.282
G1 Z0.000 F1200
G1 X50.499 Y-219.306
G0 Z3.500
G0 X50.428 Y-219.100
G1 Z0.000 F1200
G1 X51.600 Y-215.820
G0 Z3.500
G0 X51.162 Y-215.663
G1 Z0.000 F1200
G1 X49.990 Y-218.943
G0 Z3.500
G0 X50.306 Y-218.260
G1 Z0.000 F1200
G1 X51.483 Y-214.860
G0 Z3.500
G0 X50.981 Y-215.329
G1 Z0.000 F1200
G1 X47.935 Y-218.596
G0 Z3.500
G0 X46.508 Y-219.676
G1 Z0.000 F1200
G1 X45.757 Y-217.677
G0 Z3.500
G0 X48.203 Y-216.321
G1 Z0.000 F1200
G1 X50.826 Y-218.972
G0 Z3.500
G0 X50.760 Y-219.025
G1 Z0.000 F1200
G1 X55.039 Y-223.001
G0 Z3.500
G0 X55.800 Y-222.969
G1 Z0.000 F1200
G1 X57.200 Y-222.769
G1 X58.400 Y-223.970
G1 X58.400 Y-225.171
G1 X58.000 Y-225.571
G1 X57.200 Y-225.171
G1 X55.800 Y-225.171
G1 X55.800 Y-223.169
G0 Z3.500
G0 X56.110 Y-222.161
G1 Z0.000 F1200
G1 X59.837 Y-216.552
G0 Z3.500
G0 X59.438 Y-216.286
G1 Z0.000 F1200
G1 X55.711 Y-221.895
G0 Z3.500
G0 X57.421 Y-222.986
G1 Z0.000 F1200
G1 X62.726 Y-216.609
G0 Z3.500
G0 X62.958 Y-216.542
G1 Z0.000 F1200
G1 X59.613 Y-213.251
G0 Z3.500
G0 X59.132 Y-212.846
G1 Z0.000 F1200
G1 X63.545 Y-207.583
G0 Z3.500
G0 X63.238 Y-207.325
G1 Z0.000 F1200
G1 X58.825 Y-212.588
G0 Z3.500
G0 X58.362 Y-211.967
G1 Z0.000 F1200
G1 X54.555 Y-208.296
G0 Z3.500
G0 X54.841 Y-208.076
G1 Z0.000 F1200
G1 X57.361 Y-204.015
G0 Z3.500
G0 X57.436 Y-203.734
G1 Z0.000 F1200
G1 X58.812 Y-197.393
G0 Z3.500
G0 X58.368 Y-197.296
G1 Z0.000 F1200
G1 X56.991 Y-203.638
G0 Z3.500
G0 X56.878 Y-204.054
G1 Z0.000 F1200
G1 X61.591 Y-196.971
G0 Z3.500
G0 X61.466 Y-197.147
G1 Z0.000 F1200
G1 X59.694 Y-202.070
G0 Z3.500
G0 X60.102 Y-202.217
G1 Z0.000 F1200
G1 X61.874 Y-197.294
G0 Z3.500
G0 X61.259 Y-196.750
G1 Z0.000 F1200
G1 X56.546 Y-203.833
G0 Z3.500
G0 X57.694 Y-204.222
G1 Z0.000 F1200
G1 X55.173 Y-208.282
G0 Z3.500
G0 X54.279 Y-208.582
G1 Z0.000 F1200
G1 X58.086 Y-212.254
G0 Z3.500
G0 X57.774 Y-211.957
G1 Z0.000 F1200
G1 X61.064 Y-214.730
G0 Z3.500
G0 X60.753 Y-215.100
G1 Z0.000 F1200
G1 X57.463 Y-212.327
G0 Z3.500
G0 X58.600 Y-211.560
G1 Z0.000 F1200
G1 X57.600 Y-211.560
G1 X57.200 Y-211.960
G1 X57.400 Y-213.761
G1 X59.400 Y-213.561
G1 X59.600 Y-211.560
G1 X58.800 Y-211.560
G0 Z3.500
G0 X59.965 Y-212.211
G1 Z0.000 F1200
G1 X58.280 Y-218.407
G0 Z3.500
G0 X58.383 Y-218.552
G1 Z0.000 F1200
G1 X62.436 Y-214.493
G0 Z3.500
G0 X62.374 Y-214.005
G1 Z0.000 F1200
G1 X58.164 Y-209.396
G0 Z3.500
G0 X58.435 Y-209.148
G1 Z0.000 F1200
G1 X62.645 Y-213.757
G0 Z3.500
G0 X61.382 Y-213.644
G1 Z0.000 F1200
G1 X62.812 Y-208.296
G0 Z3.500
G0 X62.353 Y-208.173
G1 Z0.000 F1200
G1 X60.922 Y-213.521
G0 Z3.500
G0 X60.617 Y-214.477
G1 Z0.000 F1200
G1 X53.360 Y-208.341
G0 Z3.500
G0 X53.473 Y-208.032
G1 Z0.000 F1200
G1 X49.009 Y-213.181
G0 Z3.500
G0 X49.362 Y-213.488
G1 Z0.000 F1200
G1 X53.826 Y-208.339
G0 Z3.500
G0 X53.414 Y-207.877
G1 Z0.000 F1200
G1 X48.070 Y-213.090
G0 Z3.500
G0 X47.786 Y-212.799
G1 Z0.000 F1200
G1 X53.130 Y-207.585
G0 Z3.500
G0 X53.000 Y-207.156
G1 Z0.000 F1200
G1 X51.400 Y-207.756
G1 X49.600 Y-210.759
G1 X49.200 Y-212.360
G1 X49.200 Y-214.962
G1 X49.600 Y-215.363
G1 X50.400 Y-215.363
G1 X52.000 Y-212.961
G1 X55.800 Y-209.358
G1 X55.000 Y-208.557
G1 X55.000 Y-207.356
G1 X54.400 Y-206.756
G1 X53.200 Y-206.956
G0 Z3.500
G0 X53.617 Y-206.760
G1 Z0.000 F1200
G1 X52.592 Y-211.162
G0 Z3.500
G0 X53.008 Y-211.259
G1 Z0.000 F1200
G1 X54.032 Y-206.857
G0 Z3.500
G0 X53.915 Y-206.851
G1 Z0.000 F1200
G1 X50.320 Y-204.273
G0 Z3.500
G0 X50.464 Y-204.163
G1 Z0.000 F1200
G1 X53.726 Y-200.624
G0 Z3.500
G0 X52.984 Y-200.873
G1 Z0.000 F1200
G1 X55.694 Y-197.508
G0 Z3.500
G0 X55.200 Y-197.348
G1 Z0.000 F1200
G1 X53.200 Y-198.549
G1 X53.000 Y-199.550
G1 X53.600 Y-199.550
G1 X52.600 Y-199.750
G1 X52.200 Y-201.351
G1 X53.000 Y-202.152
G1 X53.600 Y-201.751
G1 X54.000 Y-202.152
G1 X54.200 Y-203.353
G1 X57.200 Y-202.952
G1 X58.800 Y-201.151
G1 X56.800 Y-197.948
G1 X55.800 Y-196.947
G1 X55.200 Y-197.148
G0 Z3.500
G0 X54.988 Y-195.874
G1 Z0.000 F1200
G1 X56.068 Y-192.576
G0 Z3.500
G0 X55.619 Y-192.429
G1 Z0.000 F1200
G1 X54.539 Y-195.726
G0 Z3.500
G0 X54.787 Y-195.149
G1 Z0.000 F1200
G1 X57.329 Y-191.362
G0 Z3.500
G0 X59.600 Y-191.343
G1 Z0.000 F1200
G1 X62.200 Y-191.143
G1 X63.200 Y-192.544
G1 X63.200 Y-193.545
G1 X62.000 Y-194.345
G1 X59.600 Y-191.943
G1 X59.600 Y-191.543
G0 Z3.500
G0 X60.810 Y-191.859
G1 Z0.000 F1200
G1 X63.497 Y-187.313
G0 Z3.500
G0 X63.823 Y-187.506
G1 Z0.000 F1200
G1 X61.136 Y-192.052
G0 Z3.500
G0 X61.043 Y-191.610
G1 Z0.000 F1200
G1 X65.980 Y-196.556
G0 Z3.500
G0 X66.107 Y-196.698
G1 Z0.000 F1200
G1 X62.307 Y-200.554
G0 Z3.500
G0 X62.600 Y-200.843
G1 Z0.000 F1200
G1 X66.399 Y-196.987
G0 Z3.500
G0 X66.103 Y-197.640
G1 Z0.000 F1200
G1 X63.601 Y-200.761
G0 Z3.500
G0 X63.566 Y-200.693
G1 Z0.000 F1200
G1 X66.859 Y-204.106
G0 Z3.500
G0 X66.957 Y-203.945
G1 Z0.000 F1200
G1 X69.087 Y-196.265
G0 Z3.500
G0 X68.794 Y-196.104
G1 Z0.000 F1200
G1 X72.376 Y-199.430
G0 Z3.500
G0 X71.818 Y-199.883
G1 Z0.000 F1200
G1 X67.030 Y-204.766
G0 Z3.500
G0 X67.007 Y-204.532
G1 Z0.000 F1200
G1 X64.725 Y-202.723
G0 Z3.500
G0 X65.139 Y-202.938
G1 Z0.000 F1200
G1 X63.051 Y-206.134
G0 Z3.500
G0 X63.420 Y-206.376
G1 Z0.000 F1200
G1 X65.508 Y-203.179
G0 Z3.500
G0 X65.974 Y-202.401
G1 Z0.000 F1200
G1 X70.135 Y-197.729
G0 Z3.500
G0 X69.803 Y-197.434
G1 Z0.000 F1200
G1 X65.643 Y-202.106
G0 Z3.500
G0 X65.600 Y-200.751
G1 Z0.000 F1200
G1 X65.800 Y-200.550
G1 X67.000 Y-201.952
G1 X67.000 Y-203.553
G1 X68.000 Y-204.554
G1 X66.000 Y-205.755
G1 X64.800 Y-205.755
G1 X62.200 Y-206.956
G1 X62.000 Y-201.551
G1 X65.400 Y-200.751
G0 Z3.500
G0 X63.936 Y-201.030
G1 Z0.000 F1200
G1 X66.438 Y-197.909
G0 Z3.500
G0 X66.960 Y-198.687
G1 Z0.000 F1200
G1 X61.833 Y-193.081
G0 Z3.500
G0 X61.761 Y-193.280
G1 Z0.000 F1200
G1 X63.077 Y-185.306
G0 Z3.500
G0 X63.547 Y-185.384
G1 Z0.000 F1200
G1 X62.231 Y-193.358
G0 Z3.500
G0 X62.552 Y-193.281
G1 Z0.000 F1200
G1 X68.894 Y-186.474
G0 Z3.500
G0 X69.187 Y-186.747
G1 Z0.000 F1200
G1 X62.844 Y-193.554
G0 Z3.500
G0 X62.800 Y-193.945
G1 Z0.000 F1200
G1 X63.400 Y-193.745
G1 X64.800 Y-195.146
G1 X64.800 Y-196.147
G1 X63.400 Y-197.548
G1 X62.400 Y-197.548
G1 X61.400 Y-196.147
G1 X61.400 Y-194.746
G1 X62.600 Y-194.145
G0 Z3.500
G0 X62.170 Y-194.569
G1 Z0.000 F1200
G1 X64.721 Y-189.698
G0 Z3.500
G0 X64.312 Y-189.483
G1 Z0.000 F1200
G1 X61.761 Y-194.354
G0 Z3.500
G0 X63.254 Y-193.803
G1 Z0.000 F1200
G1 X67.930 Y-197.696
G0 Z3.500
G0 X68.220 Y-197.348
G1 Z0.000 F1200
G1 X63.544 Y-193.455
G0 Z3.500
G0 X63.339 Y-193.408
G1 Z0.000 F1200
G1 X58.940 Y-199.460
G0 Z3.500
G0 X59.297 Y-199.720
G1 Z0.000 F1200
G1 X63.696 Y-193.668
G0 Z3.500
G0 X64.385 Y-192.124
G1 Z0.000 F1200
G1 X68.345 Y-195.035
G0 Z3.500
G0 X68.638 Y-194.635
G1 Z0.000 F1200
G1 X64.678 Y-191.724
G0 Z3.500
G0 X64.121 Y-191.707
G1 Z0.000 F1200
G1 X60.508 Y-196.357
G0 Z3.500
G0 X60.187 Y-196.108
G1 Z0.000 F1200
G1 X63.800 Y-191.457
G0 Z3.500
G0 X63.611 Y-191.735
G1 Z0.000 F1200
G1 X57.575 Y-199.062
G0 Z3.500
G0 X57.552 Y-199.163
G1 Z0.000 F1200
G1 X52.438 Y-194.044
G0 Z3.500
G0 X52.297 Y-194.110
G1 Z0.000 F1200
G1 X58.210 Y-198.536
G0 Z3.500
G0 X57.971 Y-198.856
G1 Z0.000 F1200
G1 X52.058 Y-194.429
G0 Z3.500
G0 X51.329 Y-195.075
G1 Z0.000 F1200
G1 X55.534 Y-199.702
G0 Z3.500
G0 X55.259 Y-199.411
G1 Z0.000 F1200
G1 X57.691 Y-195.921
G0 Z3.500
G0 X58.458 Y-196.775
G1 Z0.000 F1200
G1 X56.903 Y-202.009
G0 Z3.500
G0 X56.872 Y-201.822
G1 Z0.000 F1200
G1 X58.495 Y-199.182
G0 Z3.500
G0 X58.093 Y-198.934
G1 Z0.000 F1200
G1 X56.470 Y-201.575
G0 Z3.500
G0 X56.832 Y-201.134
G1 Z0.000 F1200
G1 X59.702 Y-196.876
G0 Z3.500
G0 X59.352 Y-196.640
G1 Z0.000 F1200
G1 X56.482 Y-200.898
G0 Z3.500
G0 X57.713 Y-201.260
G1 Z0.000 F1200
G1 X61.146 Y-203.874
G0 Z3.500
G0 X61.395 Y-203.547
G1 Z0.000 F1200
G1 X57.962 Y-200.933
G0 Z3.500
G0 X58.400 Y-201.551
G1 Z0.000 F1200
G1 X57.200 Y-202.952
G1 X56.000 Y-202.952
G1 X55.600 Y-203.553
G1 X56.000 Y-203.753
G1 X55.400 Y-203.353
G1 X54.200 Y-203.353
G1 X53.800 Y-203.953
G1 X52.400 Y-204.354
G1 X52.000 Y-205.154
G1 X53.400 Y-206.756
G1 X58.200 Y-205.354
G1 X59.200 Y-205.354
G1 X60.400 Y-206.555
G1 X61.800 Y-206.355
G1 X62.000 Y-201.551
G1 X60.200 Y-201.151
G1 X58.600 Y-201.351
G0 Z3.500
G0 X59.598 Y-201.226
G1 Z0.000 F1200
G1 X65.503 Y-207.025
G0 Z3.500
G0 X65.781 Y-206.741
G1 Z0.000 F1200
G1 X59.875 Y-200.942
G0 Z3.500
G0 X60.813 Y-200.930
G1 Z0.000 F1200
G1 X64.705 Y-204.519
G0 Z3.500
G0 X64.997 Y-204.203
G1 Z0.000 F1200
G1 X61.104 Y-200.614
G0 Z3.500
G0 X60.643 Y-200.161
G1 Z0.000 F1200
G1 X65.806 Y-205.716
G0 Z3.500
G0 X66.158 Y-205.389
G1 Z0.000 F1200
G1 X60.995 Y-199.833
G0 Z3.500
G0 X61.204 Y-199.546
G1 Z0.000 F1200
G1 X65.480 Y-194.331
G0 Z3.500
G0 X65.780 Y-195.189
G1 Z0.000 F1200
G1 X66.755 Y-191.644
G0 Z3.500
G0 X66.747 Y-191.764
G1 Z0.000 F1200
G1 X63.929 Y-189.031
G0 Z3.500
G0 X63.654 Y-188.957
G1 Z0.000 F1200
G1 X70.294 Y-194.984
G0 Z3.500
G0 X70.475 Y-195.189
G1 Z0.000 F1200
G1 X74.043 Y-197.608
G0 Z3.500
G0 X73.974 Y-197.872
G1 Z0.000 F1200
G1 X73.658 Y-194.257
G1 X73.742 Y-190.311
G1 X75.084 Y-180.649
G1 X77.582 Y-169.958
G1 X84.731 Y-143.912
G0 Z3.500
G0 X83.633 Y-144.560
G1 Z0.000 F1200
G1 X81.208 Y-155.427
G1 X74.090 Y-183.903
G1 X72.983 Y-190.269
G1 X72.920 Y-194.744
G0 Z3.500
G0 X72.731 Y-194.813
G1 Z0.000 F1200
G1 X70.768 Y-197.967
G0 Z3.500
G0 X71.532 Y-198.521
G1 Z0.000 F1200
G1 X67.868 Y-204.087
G0 Z3.500
G0 X68.257 Y-204.343
G1 Z0.000 F1200
G1 X71.921 Y-198.777
G0 Z3.500
G0 X72.046 Y-198.723
G1 Z0.000 F1200
G1 X68.921 Y-195.955
G0 Z3.500
G0 X68.636 Y-196.140
G1 Z0.000 F1200
G1 X66.506 Y-203.820
G0 Z3.500
G0 X66.591 Y-204.365
G1 Z0.000 F1200
G1 X63.298 Y-200.952
G0 Z3.500
G0 X63.003 Y-201.872
G1 Z0.000 F1200
G1 X58.839 Y-208.782
G0 Z3.500
G0 X59.192 Y-208.995
G1 Z0.000 F1200
G1 X63.356 Y-202.086
G0 Z3.500
G0 X62.447 Y-202.263
G1 Z0.000 F1200
G1 X59.396 Y-207.250
G0 Z3.500
G0 X59.033 Y-207.028
G1 Z0.000 F1200
G1 X62.084 Y-202.041
G0 Z3.500
G0 X61.800 Y-202.627
G1 Z0.000 F1200
G1 X60.017 Y-209.506
G0 Z3.500
G0 X60.429 Y-209.613
G1 Z0.000 F1200
G1 X62.212 Y-202.734
G0 Z3.500
G0 X61.402 Y-202.124
G1 Z0.000 F1200
G1 X66.920 Y-208.618
G0 Z3.500
G0 X66.632 Y-208.864
G1 Z0.000 F1200
G1 X61.113 Y-202.369
G0 Z3.500
G0 X60.831 Y-202.141
G1 Z0.000 F1200
G1 X65.251 Y-205.586
G0 Z3.500
G0 X64.962 Y-205.957
G1 Z0.000 F1200
G1 X60.543 Y-202.512
G0 Z3.500
G0 X59.961 Y-203.315
G1 Z0.000 F1200
G1 X63.854 Y-199.058
G0 Z3.500
G0 X63.786 Y-199.295
G1 Z0.000 F1200
G1 X67.476 Y-202.644
G0 Z3.500
G0 X67.758 Y-202.449
G1 Z0.000 F1200
G1 X62.739 Y-196.606
G0 Z3.500
G0 X63.042 Y-196.346
G1 Z0.000 F1200
G1 X68.060 Y-202.189
G0 Z3.500
G0 X68.035 Y-202.585
G1 Z0.000 F1200
G1 X65.082 Y-206.029
G0 Z3.500
G0 X64.720 Y-205.718
G1 Z0.000 F1200
G1 X67.673 Y-202.274
G0 Z3.500
G0 X67.175 Y-202.977
G1 Z0.000 F1200
G1 X63.484 Y-199.628
G0 Z3.500
G0 X63.029 Y-199.438
G1 Z0.000 F1200
G1 X64.895 Y-195.354
G0 Z3.500
G0 X64.149 Y-196.082
G1 Z0.000 F1200
G1 X57.762 Y-202.765
G0 Z3.500
G0 X58.070 Y-203.060
G1 Z0.000 F1200
G1 X64.457 Y-196.376
G0 Z3.500
G0 X63.264 Y-197.698
G1 Z0.000 F1200
G1 X67.613 Y-190.653
G0 Z3.500
G0 X67.271 Y-190.442
G1 Z0.000 F1200
G1 X62.923 Y-197.487
G0 Z3.500
G0 X62.837 Y-198.341
G1 Z0.000 F1200
G1 X66.644 Y-193.272
G0 Z3.500
G0 X66.973 Y-193.519
G1 Z0.000 F1200
G1 X63.165 Y-198.588
G0 Z3.500
G0 X64.142 Y-199.321
G1 Z0.000 F1200
G1 X60.249 Y-203.579
G0 Z3.500
G0 X60.569 Y-204.526
G1 Z0.000 F1200
G1 X57.029 Y-209.309
G0 Z3.500
G0 X57.360 Y-209.555
G1 Z0.000 F1200
G1 X60.900 Y-204.771
G0 Z3.500
G0 X61.891 Y-205.492
G1 Z0.000 F1200
G1 X64.884 Y-198.376
G0 Z3.500
G0 X65.295 Y-198.549
G1 Z0.000 F1200
G1 X62.301 Y-205.665
G0 Z3.500
G0 X63.199 Y-204.901
G1 Z0.000 F1200
G1 X62.094 Y-208.874
G0 Z3.500
G0 X62.535 Y-208.997
G1 Z0.000 F1200
G1 X63.641 Y-205.024
G0 Z3.500
G0 X66.046 Y-205.150
G1 Z0.000 F1200
G1 X68.617 Y-201.535
G0 Z3.500
G0 X68.914 Y-201.747
G1 Z0.000 F1200
G1 X66.344 Y-205.362
G0 Z3.500
G0 X67.731 Y-207.295
G1 Z0.000 F1200
G1 X71.356 Y-200.466
G0 Z3.500
G0 X71.759 Y-200.680
G1 Z0.000 F1200
G1 X68.134 Y-207.510
G0 Z3.500
G0 X67.668 Y-207.795
G1 Z0.000 F1200
G1 X73.156 Y-202.199
G0 Z3.500
G0 X72.877 Y-201.925
G1 Z0.000 F1200
G1 X67.389 Y-207.521
G0 Z3.500
G0 X67.788 Y-208.207
G1 Z0.000 F1200
G1 X65.018 Y-211.664
G0 Z3.500
G0 X64.460 Y-212.300
G1 Z0.000 F1200
G1 X68.523 Y-216.721
G0 Z3.500
G0 X68.333 Y-216.824
G1 Z0.000 F1200
G1 X73.453 Y-210.204
G0 Z3.500
G0 X73.567 Y-210.123
G1 Z0.000 F1200
G1 X70.195 Y-215.321
G0 Z3.500
G0 X69.837 Y-215.088
G1 Z0.000 F1200
G1 X73.209 Y-209.891
G0 Z3.500
G0 X73.161 Y-209.978
G1 Z0.000 F1200
G1 X68.041 Y-216.597
G0 Z3.500
G0 X68.890 Y-216.547
G1 Z0.000 F1200
G1 X64.730 Y-223.485
G0 Z3.500
G0 X65.146 Y-223.735
G1 Z0.000 F1200
G1 X69.305 Y-216.797
G0 Z3.500
G0 X69.830 Y-217.367
G1 Z0.000 F1200
G1 X75.568 Y-222.536
G0 Z3.500
G0 X75.483 Y-222.848
G1 Z0.000 F1200
G1 X79.889 Y-215.279
G0 Z3.500
G0 X79.544 Y-215.078
G1 Z0.000 F1200
G1 X75.138 Y-222.647
G0 Z3.500
G0 X75.298 Y-222.836
G1 Z0.000 F1200
G1 X69.560 Y-217.667
G0 Z3.500
G0 X69.256 Y-218.116
G1 Z0.000 F1200
G1 X70.187 Y-213.201
G0 Z3.500
G0 X69.964 Y-213.092
G1 Z0.000 F1200
G1 X73.534 Y-217.023
G0 Z3.500
G0 X73.738 Y-217.072
G1 Z0.000 F1200
G1 X72.534 Y-222.400
G0 Z3.500
G0 X72.690 Y-222.498
G1 Z0.000 F1200
G1 X69.851 Y-228.664
G0 Z3.500
G0 X69.438 Y-228.473
G1 Z0.000 F1200
G1 X72.277 Y-222.307
G0 Z3.500
G0 X72.234 Y-222.158
G1 Z0.000 F1200
G1 X65.589 Y-216.760
G0 Z3.500
G0 X65.688 Y-216.814
G1 Z0.000 F1200
G1 X69.883 Y-220.606
G0 Z3.500
G0 X70.154 Y-220.306
G1 Z0.000 F1200
G1 X65.959 Y-216.514
G0 Z3.500
G0 X65.839 Y-216.452
G1 Z0.000 F1200
G1 X72.484 Y-221.849
G0 Z3.500
G0 X72.339 Y-221.381
G1 Z0.000 F1200
G1 X66.540 Y-228.816
G0 Z3.500
G0 X66.569 Y-228.543
G1 Z0.000 F1200
G1 X69.222 Y-231.409
G0 Z3.500
G0 X68.873 Y-231.733
G1 Z0.000 F1200
G1 X66.220 Y-228.866
G0 Z3.500
G0 X66.220 Y-228.566
G1 Z0.000 F1200
G1 X72.019 Y-221.131
G0 Z3.500
G0 X71.315 Y-221.561
G1 Z0.000 F1200
G1 X74.402 Y-214.224
G0 Z3.500
G0 X73.973 Y-214.043
G1 Z0.000 F1200
G1 X70.886 Y-221.380
G0 Z3.500
G0 X70.060 Y-220.991
G1 Z0.000 F1200
G1 X64.732 Y-217.106
G0 Z3.500
G0 X64.498 Y-217.427
G1 Z0.000 F1200
G1 X69.826 Y-221.313
G0 Z3.500
G0 X69.978 Y-221.259
G1 Z0.000 F1200
G1 X67.650 Y-225.549
G0 Z3.500
G0 X67.249 Y-225.331
G1 Z0.000 F1200
G1 X69.576 Y-221.041
G0 Z3.500
G0 X69.639 Y-222.261
G1 Z0.000 F1200
G1 X63.202 Y-228.696
G0 Z3.500
G0 X63.382 Y-228.750
G1 Z0.000 F1200
G1 X66.897 Y-222.601
G0 Z3.500
G0 X66.866 Y-222.732
G1 Z0.000 F1200
G1 X62.818 Y-227.476
G0 Z3.500
G0 X62.479 Y-227.186
G1 Z0.000 F1200
G1 X66.527 Y-222.442
G0 Z3.500
G0 X66.486 Y-222.366
G1 Z0.000 F1200
G1 X62.971 Y-228.514
G0 Z3.500
G0 X62.690 Y-228.458
G1 Z0.000 F1200
G1 X64.394 Y-223.902
G0 Z3.500
G0 X64.240 Y-223.683
G1 Z0.000 F1200
G1 X62.304 Y-228.523
G0 Z3.500
G0 X62.244 Y-228.290
G1 Z0.000 F1200
G1 X63.948 Y-223.735
G0 Z3.500
G0 X63.706 Y-223.742
G1 Z0.000 F1200
G1 X58.822 Y-228.872
G0 Z3.500
G0 X59.121 Y-229.158
G1 Z0.000 F1200
G1 X64.005 Y-224.027
G0 Z3.500
G0 X63.790 Y-223.503
G1 Z0.000 F1200
G1 X61.854 Y-228.343
G0 Z3.500
G0 X61.710 Y-229.039
G1 Z0.000 F1200
G1 X62.272 Y-225.665
G0 Z3.500
G0 X62.324 Y-225.905
G1 Z0.000 F1200
G1 X58.532 Y-222.935
G0 Z3.500
G0 X58.831 Y-222.552
G1 Z0.000 F1200
G1 X62.623 Y-225.522
G0 Z3.500
G0 X61.818 Y-225.589
G1 Z0.000 F1200
G1 X61.256 Y-228.963
G0 Z3.500
G0 X63.491 Y-228.986
G1 Z0.000 F1200
G1 X69.929 Y-222.551
G0 Z3.500
G0 X70.050 Y-222.338
G1 Z0.000 F1200
G1 X74.362 Y-226.249
G0 Z3.500
G0 X74.040 Y-226.605
G1 Z0.000 F1200
G1 X69.728 Y-222.694
G0 Z3.500
G0 X69.672 Y-222.631
G1 Z0.000 F1200
G1 X73.276 Y-218.986
G0 Z3.500
G0 X73.308 Y-219.048
G1 Z0.000 F1200
G1 X75.752 Y-212.046
G0 Z3.500
G0 X75.859 Y-211.882
G1 Z0.000 F1200
G1 X74.685 Y-219.819
G0 Z3.500
G0 X74.917 Y-219.921
G1 Z0.000 F1200
G1 X80.099 Y-225.871
G0 Z3.500
G0 X80.392 Y-225.615
G1 Z0.000 F1200
G1 X75.210 Y-219.665
G0 Z3.500
G0 X75.811 Y-219.184
G1 Z0.000 F1200
G1 X71.175 Y-214.052
G0 Z3.500
G0 X71.522 Y-213.738
G1 Z0.000 F1200
G1 X76.158 Y-218.870
G0 Z3.500
G0 X75.783 Y-218.759
G1 Z0.000 F1200
G1 X78.281 Y-221.660
G0 Z3.500
G0 X78.629 Y-221.360
G1 Z0.000 F1200
G1 X76.132 Y-218.459
G0 Z3.500
G0 X76.364 Y-218.455
G1 Z0.000 F1200
G1 X71.981 Y-224.420
G0 Z3.500
G0 X71.666 Y-224.189
G1 Z0.000 F1200
G1 X76.049 Y-218.223
G0 Z3.500
G0 X75.852 Y-217.374
G1 Z0.000 F1200
G1 X79.296 Y-209.780
G0 Z3.500
G0 X78.868 Y-209.586
G1 Z0.000 F1200
G1 X75.424 Y-217.179
G0 Z3.500
G0 X75.636 Y-217.441
G1 Z0.000 F1200
G1 X70.340 Y-211.186
G0 Z3.500
G0 X70.046 Y-211.435
G1 Z0.000 F1200
G1 X75.342 Y-217.690
G0 Z3.500
G0 X75.736 Y-216.803
G1 Z0.000 F1200
G1 X78.397 Y-213.244
G0 Z3.500
G0 X78.407 Y-213.321
G1 Z0.000 F1200
G1 X84.074 Y-217.670
G0 Z3.500
G0 X84.254 Y-217.630
G1 Z0.000 F1200
G1 X88.368 Y-222.787
G0 Z3.500
G0 X88.738 Y-222.492
G1 Z0.000 F1200
G1 X84.624 Y-217.334
G0 Z3.500
G0 X83.939 Y-217.215
G1 Z0.000 F1200
G1 X77.318 Y-223.729
G0 Z3.500
G0 X77.028 Y-223.433
G1 Z0.000 F1200
G1 X83.649 Y-216.919
G0 Z3.500
G0 X83.516 Y-217.156
G1 Z0.000 F1200
G1 X86.845 Y-221.191
G0 Z3.500
G0 X86.503 Y-221.473
G1 Z0.000 F1200
G1 X83.174 Y-217.438
G0 Z3.500
G0 X83.219 Y-217.460
G1 Z0.000 F1200
G1 X86.788 Y-211.703
G0 Z3.500
G0 X86.493 Y-211.465
G1 Z0.000 F1200
G1 X80.038 Y-206.726
G0 Z3.500
G0 X80.234 Y-206.432
G1 Z0.000 F1200
G1 X83.040 Y-199.461
G0 Z3.500
G0 X83.417 Y-199.613
G1 Z0.000 F1200
G1 X80.610 Y-206.583
G0 Z3.500
G0 X80.293 Y-206.379
G1 Z0.000 F1200
G1 X86.748 Y-211.118
G0 Z3.500
G0 X86.338 Y-211.230
G1 Z0.000 F1200
G1 X89.178 Y-214.719
G0 Z3.500
G0 X88.814 Y-215.016
G1 Z0.000 F1200
G1 X85.973 Y-211.528
G0 Z3.500
G0 X85.694 Y-211.896
G1 Z0.000 F1200
G1 X90.424 Y-217.036
G0 Z3.500
G0 X90.115 Y-217.321
G1 Z0.000 F1200
G1 X85.385 Y-212.181
G0 Z3.500
G0 X84.551 Y-212.436
G1 Z0.000 F1200
G1 X83.204 Y-215.721
G0 Z3.500
G0 X82.921 Y-215.326
G1 Z0.000 F1200
G1 X80.805 Y-221.133
G0 Z3.500
G0 X80.712 Y-221.096
G1 Z0.000 F1200
G1 X84.704 Y-225.466
G0 Z3.500
G0 X85.016 Y-225.181
G1 Z0.000 F1200
G1 X81.024 Y-220.811
G0 Z3.500
G0 X80.381 Y-220.978
G1 Z0.000 F1200
G1 X82.497 Y-215.171
G0 Z3.500
G0 X82.746 Y-215.533
G1 Z0.000 F1200
G1 X84.093 Y-212.248
G0 Z3.500
G0 X84.059 Y-211.750
G1 Z0.000 F1200
G1 X82.548 Y-219.835
G0 Z3.500
G0 X82.323 Y-219.596
G1 Z0.000 F1200
G1 X88.471 Y-225.038
G0 Z3.500
G0 X88.502 Y-224.763
G1 Z0.000 F1200
G1 X92.242 Y-220.495
G0 Z3.500
G0 X91.928 Y-220.219
G1 Z0.000 F1200
G1 X88.188 Y-224.487
G0 Z3.500
G0 X88.697 Y-224.759
G1 Z0.000 F1200
G1 X91.865 Y-228.168
G0 Z3.500
G0 X91.720 Y-228.277
G1 Z0.000 F1200
G1 X88.156 Y-234.332
G0 Z3.500
G0 X87.852 Y-234.127
G1 Z0.000 F1200
G1 X83.414 Y-241.188
G0 Z3.500
G0 X83.101 Y-241.002
G1 Z0.000 F1200
G1 X86.815 Y-244.721
G0 Z3.500
G0 X86.708 Y-244.561
G1 Z0.000 F1200
G1 X82.961 Y-250.512
G0 Z3.500
G0 X82.825 Y-250.536
G1 Z0.000 F1200
G1 X84.979 Y-246.679
G0 Z3.500
G0 X85.380 Y-246.903
G1 Z0.000 F1200
G1 X83.226 Y-250.760
G0 Z3.500
G0 X83.299 Y-250.726
G1 Z0.000 F1200
G1 X87.046 Y-244.774
G0 Z3.500
G0 X86.817 Y-244.412
G1 Z0.000 F1200
G1 X83.461 Y-248.559
G0 Z3.500
G0 X83.481 Y-248.440
G1 Z0.000 F1200
G1 X79.471 Y-255.345
G0 Z3.500
G0 X79.148 Y-255.157
G1 Z0.000 F1200
G1 X83.158 Y-248.252
G0 Z3.500
G0 X83.282 Y-248.273
G1 Z0.000 F1200
G1 X78.637 Y-254.226
G0 Z3.500
G0 X78.870 Y-254.285
G1 Z0.000 F1200
G1 X83.502 Y-258.514
G0 Z3.500
G0 X83.461 Y-258.756
G1 Z0.000 F1200
G1 X86.139 Y-254.087
G0 Z3.500
G0 X86.164 Y-253.908
G1 Z0.000 F1200
G1 X86.808 Y-251.458
G1 X87.379 Y-247.571
G1 X87.466 Y-240.643
G1 X86.785 Y-233.340
G1 X84.008 Y-214.144
G1 X83.551 Y-205.971
G1 X83.803 Y-202.217
G1 X84.479 Y-198.748
G1 X85.658 Y-195.610
G1 X86.761 Y-193.724
G0 Z3.500
G0 X87.064 Y-192.846
G1 Z0.000 F1200
G1 X88.160 Y-188.316
G0 Z3.500
G0 X88.606 Y-188.567
G1 Z0.000 F1200
G1 X93.951 Y-192.630
G0 Z3.500
G0 X93.486 Y-193.263
G1 Z0.000 F1200
G1 X89.186 Y-198.994
G0 Z3.500
G0 X88.896 Y-198.187
G1 Z0.000 F1200
G1 X87.301 Y-204.110
G0 Z3.500
G0 X86.726 Y-203.510
G1 Z0.000 F1200
G1 X87.801 Y-198.219
G0 Z3.500
G0 X88.620 Y-198.295
G1 Z0.000 F1200
G1 X85.294 Y-195.000
G0 Z3.500
G0 X85.279 Y-194.713
G1 Z0.000 F1200
G1 X84.777 Y-197.642
G0 Z3.500
G0 X84.629 Y-197.618
G1 Z0.000 F1200
G1 X82.130 Y-203.605
G0 Z3.500
G0 X82.050 Y-203.705
G1 Z0.000 F1200
G1 X81.038 Y-197.636
G1 X80.578 Y-191.539
G1 X80.665 Y-184.504
G1 X81.338 Y-177.683
G1 X82.510 Y-171.210
G1 X84.345 Y-164.412
G1 X86.584 Y-158.447
G1 X89.094 Y-153.516
G0 Z3.500
G0 X88.806 Y-153.811
G1 Z0.000 F1200
G1 X86.165 Y-157.472
G1 X83.788 Y-162.894
G1 X81.826 Y-169.712
G1 X80.566 Y-176.532
G1 X79.838 Y-183.893
G1 X79.740 Y-191.548
G1 X80.233 Y-198.158
G1 X81.327 Y-204.648
G0 Z3.500
G0 X81.199 Y-204.751
G1 Z0.000 F1200
G1 X86.339 Y-210.469
G0 Z3.500
G0 X86.631 Y-210.206
G1 Z0.000 F1200
G1 X81.491 Y-204.488
G0 Z3.500
G0 X81.958 Y-204.445
G1 Z0.000 F1200
G1 X80.627 Y-198.092
G1 X79.943 Y-191.532
G1 X79.829 Y-184.925
G1 X80.313 Y-177.372
G1 X81.344 Y-170.227
G1 X83.033 Y-162.887
G1 X85.092 Y-156.791
G1 X87.621 Y-151.892
G0 Z3.500
G0 X87.464 Y-151.853
G1 Z0.000 F1200
G1 X84.984 Y-156.377
G1 X82.685 Y-162.792
G1 X80.776 Y-170.467
G1 X79.588 Y-177.722
G1 X78.997 Y-185.038
G1 X79.142 Y-191.991
G1 X79.957 Y-197.343
G1 X81.503 Y-201.853
G0 Z3.500
G0 X81.980 Y-201.604
G1 Z0.000 F1200
G1 X79.816 Y-205.098
G0 Z3.500
G0 X80.195 Y-205.333
G1 Z0.000 F1200
G1 X82.360 Y-201.839
G0 Z3.500
G0 X82.101 Y-201.588
G1 Z0.000 F1200
G1 X84.957 Y-196.670
G0 Z3.500
G0 X85.137 Y-196.929
G1 Z0.000 F1200
G1 X83.569 Y-203.703
G0 Z3.500
G0 X83.944 Y-203.790
G1 Z0.000 F1200
G1 X85.512 Y-197.016
G0 Z3.500
G0 X85.271 Y-197.272
G1 Z0.000 F1200
G1 X83.879 Y-202.278
G0 Z3.500
G0 X83.493 Y-202.170
G1 Z0.000 F1200
G1 X84.885 Y-197.164
G0 Z3.500
G0 X85.323 Y-196.665
G1 Z0.000 F1200
G1 X87.835 Y-199.766
G0 Z3.500
G0 X87.288 Y-200.499
G1 Z0.000 F1200
G1 X81.371 Y-207.440
G0 Z3.500
G0 X81.539 Y-207.477
G1 Z0.000 F1200
G1 X79.206 Y-214.463
G0 Z3.500
G0 X78.782 Y-214.322
G1 Z0.000 F1200
G1 X81.115 Y-207.335
G0 Z3.500
G0 X81.066 Y-207.180
G1 Z0.000 F1200
G1 X86.983 Y-200.239
G0 Z3.500
G0 X86.990 Y-200.502
G1 Z0.000 F1200
G1 X84.169 Y-204.832
G0 Z3.500
G0 X83.827 Y-204.608
G1 Z0.000 F1200
G1 X86.648 Y-200.279
G0 Z3.500
G0 X86.597 Y-200.583
G1 Z0.000 F1200
G1 X89.716 Y-197.249
G0 Z3.500
G0 X89.422 Y-197.778
G1 Z0.000 F1200
G1 X91.487 Y-192.310
G0 Z3.500
G0 X91.305 Y-192.304
G1 Z0.000 F1200
G1 X92.954 Y-188.719
G0 Z3.500
G0 X93.319 Y-188.886
G1 Z0.000 F1200
G1 X89.726 Y-192.395
G0 Z3.500
G0 X89.995 Y-192.671
G1 Z0.000 F1200
G1 X93.588 Y-189.162
G0 Z3.500
G0 X93.834 Y-189.356
G1 Z0.000 F1200
G1 X88.363 Y-183.990
G0 Z3.500
G0 X88.101 Y-183.492
G1 Z0.000 F1200
G1 X86.236 Y-190.184
G0 Z3.500
G0 X86.169 Y-189.330
G1 Z0.000 F1200
G1 X87.979 Y-182.166
G0 Z3.500
G0 X88.699 Y-182.270
G1 Z0.000 F1200
G1 X85.561 Y-188.422
G0 Z3.500
G0 X85.499 Y-188.335
G1 Z0.000 F1200
G1 X89.068 Y-182.804
G0 Z3.500
G0 X89.200 Y-183.136
G1 Z0.000 F1200
G1 X90.000 Y-182.936
G1 X90.200 Y-184.137
G1 X89.400 Y-184.537
G1 X89.200 Y-183.336
G0 Z3.500
G0 X88.093 Y-183.044
G1 Z0.000 F1200
G1 X89.126 Y-180.213
G0 Z3.500
G0 X89.085 Y-180.031
G1 Z0.000 F1200
G1 X86.502 Y-183.503
G0 Z3.500
G0 X86.749 Y-182.838
G1 Z0.000 F1200
G1 X89.484 Y-179.646
G0 Z3.500
G0 X89.072 Y-179.395
G1 Z0.000 F1200
G1 X87.707 Y-184.915
G0 Z3.500
G0 X87.998 Y-185.427
G1 Z0.000 F1200
G1 X92.105 Y-190.609
G0 Z3.500
G0 X91.883 Y-190.475
G1 Z0.000 F1200
G1 X93.511 Y-186.091
G0 Z3.500
G0 X92.782 Y-185.693
G1 Z0.000 F1200
G1 X95.747 Y-188.748
G0 Z3.500
G0 X96.715 Y-188.538
G1 Z0.000 F1200
G1 X94.622 Y-186.532
G0 Z3.500
G0 X95.028 Y-187.141
G1 Z0.000 F1200
G1 X88.971 Y-193.174
G0 Z3.500
G0 X89.260 Y-193.465
G1 Z0.000 F1200
G1 X95.317 Y-187.433
G0 Z3.500
G0 X94.878 Y-187.996
G1 Z0.000 F1200
G1 X96.469 Y-185.964
G0 Z3.500
G0 X95.851 Y-185.580
G1 Z0.000 F1200
G1 X97.245 Y-181.995
G0 Z3.500
G0 X94.837 Y-182.752
G1 Z0.000 F1200
G1 X96.234 Y-177.161
G0 Z3.500
G0 X96.893 Y-178.258
G1 Z0.000 F1200
G1 X95.242 Y-185.508
G0 Z3.500
G0 X95.640 Y-185.599
G1 Z0.000 F1200
G1 X97.292 Y-178.349
G0 Z3.500
G0 X97.965 Y-179.497
G1 Z0.000 F1200
G1 X98.549 Y-176.781
G0 Z3.500
G0 X96.639 Y-175.683
G1 Z0.000 F1200
G1 X98.407 Y-171.197
G0 Z3.500
G0 X99.511 Y-171.891
G1 Z0.000 F1200
G1 X101.086 Y-166.114
G0 Z3.500
G0 X101.715 Y-167.444
G1 Z0.000 F1200
G1 X105.204 Y-158.941
G0 Z3.500
G0 X105.556 Y-159.086
G1 Z0.000 F1200
G1 X102.068 Y-167.589
G0 Z3.500
G0 X104.338 Y-168.547
G1 Z0.000 F1200
G1 X106.369 Y-163.824
G0 Z3.500
G0 X106.029 Y-166.742
G1 Z0.000 F1200
G1 X109.334 Y-159.186
G0 Z3.500
G0 X110.738 Y-157.513
G1 Z0.000 F1200
G1 X112.954 Y-151.942
G0 Z3.500
G0 X111.400 Y-154.912
G1 Z0.000 F1200
G1 X115.000 Y-155.913
G1 X111.200 Y-154.912
G0 Z3.500
G0 X108.921 Y-151.899
G1 Z0.000 F1200
G1 X111.022 Y-146.929
G0 Z3.500
G0 X108.467 Y-146.218
G1 Z0.000 F1200
G1 X110.521 Y-141.199
G0 Z3.500
G0 X112.121 Y-141.334
G1 Z0.000 F1200
G1 X111.537 Y-143.515
G0 Z3.500
G0 X108.757 Y-142.834
G1 Z0.000 F1200
G1 X108.134 Y-145.341
G0 Z3.500
G0 X106.739 Y-145.554
G1 Z0.000 F1200
G1 X104.797 Y-151.083
G0 Z3.500
G0 X104.840 Y-151.412
G1 Z0.000 F1200
G1 X103.596 Y-156.421
G0 Z3.500
G0 X104.327 Y-156.674
G1 Z0.000 F1200
G1 X102.586 Y-163.448
G0 Z3.500
G0 X102.964 Y-163.546
G1 Z0.000 F1200
G1 X104.705 Y-156.771
G0 Z3.500
G0 X104.933 Y-155.268
G1 Z0.000 F1200
G1 X103.708 Y-160.639
G0 Z3.500
G0 X103.297 Y-160.545
G1 Z0.000 F1200
G1 X104.522 Y-155.174
G0 Z3.500
G0 X103.548 Y-154.981
G1 Z0.000 F1200
G1 X101.808 Y-160.674
G0 Z3.500
G0 X101.429 Y-160.558
G1 Z0.000 F1200
G1 X103.168 Y-154.865
G0 Z3.500
G0 X102.858 Y-155.675
G1 Z0.000 F1200
G1 X104.170 Y-151.819
G0 Z3.500
G0 X102.198 Y-149.947
G1 Z0.000 F1200
G1 X103.671 Y-144.669
G0 Z3.500
G0 X105.265 Y-143.680
G1 Z0.000 F1200
G1 X107.197 Y-139.191
G0 Z3.500
G0 X108.934 Y-140.024
G1 Z0.000 F1200
G1 X109.791 Y-137.924
G0 Z3.500
G0 X110.126 Y-138.110
G1 Z0.000 F1200
G1 X110.343 Y-136.156
G0 Z3.500
G0 X109.919 Y-136.201
G1 Z0.000 F1200
G1 X111.709 Y-133.481
G0 Z3.500
G0 X111.613 Y-134.342
G1 Z0.000 F1200
G1 X115.889 Y-136.148
G0 Z3.500
G0 X115.214 Y-136.852
G1 Z0.000 F1200
G1 X118.035 Y-132.757
G0 Z3.500
G0 X117.099 Y-133.651
G1 Z0.000 F1200
G1 X115.186 Y-131.134
G0 Z3.500
G0 X114.449 Y-131.277
G1 Z0.000 F1200
G1 X115.611 Y-133.788
G0 Z3.500
G0 X115.548 Y-133.952
G1 Z0.000 F1200
G1 X119.200 Y-137.364
G0 Z3.500
G0 X118.900 Y-137.685
G1 Z0.000 F1200
G1 X115.249 Y-134.272
G0 Z3.500
G0 X114.925 Y-133.278
G1 Z0.000 F1200
G1 X118.533 Y-134.170
G0 Z3.500
G0 X118.340 Y-134.915
G1 Z0.000 F1200
G1 X119.586 Y-132.802
G0 Z3.500
G0 X120.414 Y-132.460
G1 Z0.000 F1200
G1 X121.290 Y-134.306
G0 Z3.500
G0 X120.929 Y-134.652
G1 Z0.000 F1200
G1 X123.773 Y-130.488
G0 Z3.500
G0 X122.413 Y-130.227
G1 Z0.000 F1200
G1 X130.702 Y-128.413
G0 Z3.500
G0 X130.018 Y-128.613
G1 Z0.000 F1200
G1 X128.323 Y-131.172
G0 Z3.500
G0 X127.476 Y-131.563
G1 Z0.000 F1200
G1 X128.555 Y-133.921
G0 Z3.500
G0 X129.404 Y-133.976
G1 Z0.000 F1200
G1 X129.276 Y-130.943
G0 Z3.500
G0 X129.986 Y-129.726
G1 Z0.000 F1200
G1 X133.996 Y-128.169
G0 Z3.500
G0 X133.603 Y-127.617
G1 Z0.000 F1200
G1 X132.893 Y-129.315
G0 Z3.500
G0 X132.105 Y-129.163
G1 Z0.000 F1200
G1 X126.598 Y-128.089
G0 Z3.500
G0 X127.115 Y-128.095
G1 Z0.000 F1200
G1 X126.078 Y-130.521
G0 Z3.500
G0 X125.727 Y-129.668
G1 Z0.000 F1200
G1 X126.442 Y-132.619
G0 Z3.500
G0 X126.693 Y-132.534
G1 Z0.000 F1200
G1 X138.108 Y-129.337
G0 Z3.500
G0 X137.249 Y-129.206
G1 Z0.000 F1200
G1 X137.209 Y-130.857
G0 Z3.500
G0 X136.200 Y-130.492
G1 Z0.000 F1200
G1 X136.400 Y-132.294
G1 X136.800 Y-132.894
G1 X137.200 Y-132.294
G1 X137.000 Y-133.294
G1 X137.600 Y-134.896
G1 X138.200 Y-134.495
G1 X138.400 Y-133.094
G1 X137.400 Y-136.697
G1 X137.600 Y-140.901
G1 X137.400 Y-136.697
G1 X137.800 Y-135.096
G1 X136.400 Y-132.294
G1 X136.200 Y-130.292
G0 Z3.500
G0 X136.472 Y-129.470
G1 Z0.000 F1200
G1 X128.341 Y-126.334
G0 Z3.500
G0 X129.600 Y-126.689
G1 Z0.000 F1200
G1 X130.400 Y-127.289
G1 X129.800 Y-128.290
G1 X129.000 Y-128.490
G1 X128.200 Y-127.289
G1 X129.000 Y-128.490
G1 X128.400 Y-130.092
G1 X127.400 Y-130.492
G1 X126.000 Y-128.891
G1 X127.800 Y-131.093
G1 X128.200 Y-133.895
G1 X127.600 Y-130.492
G1 X128.200 Y-130.092
G1 X128.800 Y-130.292
G1 X129.000 Y-132.093
G1 X129.000 Y-130.892
G1 X128.600 Y-130.092
G1 X128.800 Y-128.691
G1 X129.200 Y-128.290
G1 X130.200 Y-128.490
G1 X130.000 Y-128.090
G1 X130.600 Y-127.289
G1 X132.000 Y-127.690
G1 X132.800 Y-129.091
G1 X132.400 Y-131.693
G1 X132.000 Y-132.093
G1 X130.400 Y-132.093
G1 X130.200 Y-130.892
G1 X130.400 Y-133.495
G1 X130.400 Y-132.093
G1 X132.000 Y-132.294
G1 X131.400 Y-134.696
G1 X131.800 Y-132.494
G1 X132.400 Y-131.693
G1 X132.600 Y-129.491
G1 X133.400 Y-128.090
G1 X132.800 Y-129.091
G1 X131.800 Y-127.490
G1 X129.600 Y-126.889
G0 Z3.500
G0 X130.814 Y-127.530
G1 Z0.000 F1200
G1 X133.328 Y-131.170
G0 Z3.500
G0 X133.796 Y-130.527
G1 Z0.000 F1200
G1 X131.536 Y-127.086
G0 Z3.500
G0 X131.939 Y-127.399
G1 Z0.000 F1200
G1 X131.740 Y-125.184
G0 Z3.500
G0 X131.797 Y-124.444
G1 Z0.000 F1200
G1 X130.846 Y-122.389
G0 Z3.500
G0 X132.800 Y-122.485
G1 Z0.000 F1200
G1 X132.600 Y-123.486
G1 X131.200 Y-123.486
G1 X132.600 Y-123.486
G1 X133.000 Y-124.287
G1 X132.800 Y-122.686
G0 Z3.500
G0 X134.439 Y-121.651
G1 Z0.000 F1200
G1 X135.547 Y-117.952
G0 Z3.500
G0 X135.492 Y-116.797
G1 Z0.000 F1200
G1 X134.354 Y-118.728
G0 Z3.500
G0 X137.406 Y-118.654
G1 Z0.000 F1200
G1 X135.799 Y-122.040
G0 Z3.500
G0 X136.591 Y-121.718
G1 Z0.000 F1200
G1 X135.599 Y-124.588
G0 Z3.500
G0 X137.200 Y-124.687
G1 Z0.000 F1200
G1 X137.200 Y-125.488
G1 X138.000 Y-126.689
G1 X137.800 Y-129.091
G1 X138.200 Y-126.088
G1 X138.000 Y-126.489
G1 X137.600 Y-126.289
G1 X137.200 Y-124.887
G0 Z3.500
G0 X137.871 Y-125.177
G1 Z0.000 F1200
G1 X136.529 Y-127.731
G0 Z3.500
G0 X136.881 Y-128.301
G1 Z0.000 F1200
G1 X143.014 Y-126.567
G0 Z3.500
G0 X143.966 Y-126.729
G1 Z0.000 F1200
G1 X139.862 Y-127.578
G0 Z3.500
G0 X139.000 Y-127.490
G1 Z0.000 F1200
G1 X139.200 Y-129.491
G1 X138.800 Y-132.093
G1 X139.200 Y-129.491
G1 X139.000 Y-127.289
G0 Z3.500
G0 X137.931 Y-126.034
G1 Z0.000 F1200
G1 X138.817 Y-123.730
G0 Z3.500
G0 X137.292 Y-123.774
G1 Z0.000 F1200
G1 X137.819 Y-122.181
G0 Z3.500
G0 X140.591 Y-124.415
G1 Z0.000 F1200
G1 X143.283 Y-127.599
G0 Z3.500
G0 X143.807 Y-127.168
G1 Z0.000 F1200
G1 X149.283 Y-125.797
G0 Z3.500
G0 X149.833 Y-125.884
G1 Z0.000 F1200
G1 X149.098 Y-122.468
G0 Z3.500
G0 X147.813 Y-121.303
G1 Z0.000 F1200
G1 X147.658 Y-125.577
G0 Z3.500
G0 X147.558 Y-125.869
G1 Z0.000 F1200
G1 X149.486 Y-128.518
G0 Z3.500
G0 X150.008 Y-128.516
G1 Z0.000 F1200
G1 X162.006 Y-126.514
G0 Z3.500
G0 X163.033 Y-126.774
G1 Z0.000 F1200
G1 X154.189 Y-128.109
G0 Z3.500
G0 X154.278 Y-128.329
G1 Z0.000 F1200
G1 X143.138 Y-132.604
G0 Z3.500
G0 X142.003 Y-132.679
G1 Z0.000 F1200
G1 X141.673 Y-135.525
G0 Z3.500
G0 X141.856 Y-135.379
G1 Z0.000 F1200
G1 X140.163 Y-132.703
G0 Z3.500
G0 X139.787 Y-132.278
G1 Z0.000 F1200
G1 X139.157 Y-129.232
G0 Z3.500
G0 X139.830 Y-130.103
G1 Z0.000 F1200
G1 X140.834 Y-128.063
G0 Z3.500
G0 X141.950 Y-128.434
G1 Z0.000 F1200
G1 X140.845 Y-130.126
G0 Z3.500
G0 X140.405 Y-130.921
G1 Z0.000 F1200
G1 X134.354 Y-132.043
G0 Z3.500
G0 X134.551 Y-132.699
G1 Z0.000 F1200
G1 X133.817 Y-134.196
G0 Z3.500
G0 X134.450 Y-134.336
G1 Z0.000 F1200
G1 X135.338 Y-132.504
G0 Z3.500
G0 X135.806 Y-134.518
G1 Z0.000 F1200
G1 X123.693 Y-136.186
G0 Z3.500
G0 X124.218 Y-135.585
G1 Z0.000 F1200
G1 X123.053 Y-138.882
G0 Z3.500
G0 X121.634 Y-139.228
G1 Z0.000 F1200
G1 X113.928 Y-140.216
G0 Z3.500
G0 X113.216 Y-140.153
G1 Z0.000 F1200
G1 X113.674 Y-137.677
G0 Z3.500
G0 X113.269 Y-137.635
G1 Z0.000 F1200
G1 X120.648 Y-136.728
G0 Z3.500
G0 X120.702 Y-137.171
G1 Z0.000 F1200
G1 X113.323 Y-138.079
G0 Z3.500
G0 X114.011 Y-138.230
G1 Z0.000 F1200
G1 X115.235 Y-139.826
G0 Z3.500
G0 X114.653 Y-140.488
G1 Z0.000 F1200
G1 X121.119 Y-139.096
G0 Z3.500
G0 X121.525 Y-139.211
G1 Z0.000 F1200
G1 X123.071 Y-140.780
G0 Z3.500
G0 X121.443 Y-140.278
G1 Z0.000 F1200
G1 X120.622 Y-139.075
G0 Z3.500
G0 X120.651 Y-137.592
G1 Z0.000 F1200
G1 X120.937 Y-135.017
G0 Z3.500
G0 X120.006 Y-134.921
G1 Z0.000 F1200
G1 X131.635 Y-133.870
G0 Z3.500
G0 X130.531 Y-134.703
G1 Z0.000 F1200
G1 X129.500 Y-133.441
G0 Z3.500
G0 X129.385 Y-134.828
G1 Z0.000 F1200
G1 X129.265 Y-136.497
G0 Z3.500
G0 X128.604 Y-136.959
G1 Z0.000 F1200
G1 X130.056 Y-138.762
G0 Z3.500
G0 X129.848 Y-138.004
G1 Z0.000 F1200
G1 X128.072 Y-140.646
G0 Z3.500
G0 X128.339 Y-141.092
G1 Z0.000 F1200
G1 X125.623 Y-138.370
G0 Z3.500
G0 X125.343 Y-138.740
G1 Z0.000 F1200
G1 X118.130 Y-139.551
G0 Z3.500
G0 X118.031 Y-139.169
G1 Z0.000 F1200
G1 X117.761 Y-135.533
G0 Z3.500
G0 X117.340 Y-135.564
G1 Z0.000 F1200
G1 X117.610 Y-139.200
G0 Z3.500
G0 X116.604 Y-138.241
G1 Z0.000 F1200
G1 X114.737 Y-141.186
G0 Z3.500
G0 X114.020 Y-141.652
G1 Z0.000 F1200
G1 X115.761 Y-137.381
G0 Z3.500
G0 X115.708 Y-137.762
G1 Z0.000 F1200
G1 X116.820 Y-135.515
G0 Z3.500
G0 X117.188 Y-135.697
G1 Z0.000 F1200
G1 X116.076 Y-137.944
G0 Z3.500
G0 X115.825 Y-138.532
G1 Z0.000 F1200
G1 X113.130 Y-134.951
G0 Z3.500
G0 X114.111 Y-134.417
G1 Z0.000 F1200
G1 X113.125 Y-132.470
G0 Z3.500
G0 X113.273 Y-131.893
G1 Z0.000 F1200
G1 X108.725 Y-133.542
G0 Z3.500
G0 X108.219 Y-133.489
G1 Z0.000 F1200
G1 X106.854 Y-135.326
G0 Z3.500
G0 X106.364 Y-135.424
G1 Z0.000 F1200
G1 X105.837 Y-133.006
G0 Z3.500
G0 X104.293 Y-132.506
G1 Z0.000 F1200
G1 X104.122 Y-133.987
G0 Z3.500
G0 X103.777 Y-134.296
G1 Z0.000 F1200
G1 X102.903 Y-137.091
G0 Z3.500
G0 X102.609 Y-137.160
G1 Z0.000 F1200
G1 X100.798 Y-142.415
G0 Z3.500
G0 X100.403 Y-142.278
G1 Z0.000 F1200
G1 X102.215 Y-137.024
G0 Z3.500
G0 X101.101 Y-136.327
G1 Z0.000 F1200
G1 X99.063 Y-144.367
G0 Z3.500
G0 X98.643 Y-144.260
G1 Z0.000 F1200
G1 X100.680 Y-136.220
G0 Z3.500
G0 X99.200 Y-135.296
G1 Z0.000 F1200
G1 X100.800 Y-135.096
G1 X102.400 Y-136.897
G1 X102.200 Y-137.698
G1 X101.200 Y-138.499
G1 X99.200 Y-138.299
G1 X98.800 Y-137.898
G1 X99.000 Y-135.496
G0 Z3.500
G0 X99.837 Y-134.284
G1 Z0.000 F1200
G1 X97.134 Y-140.359
G0 Z3.500
G0 X97.505 Y-140.524
G1 Z0.000 F1200
G1 X100.241 Y-134.464
G0 Z3.500
G0 X99.400 Y-133.294
G1 Z0.000 F1200
G1 X98.600 Y-134.495
G1 X98.800 Y-135.496
G1 X100.400 Y-134.896
G1 X100.400 Y-133.094
G1 X99.600 Y-133.094
G0 Z3.500
G0 X98.969 Y-132.762
G1 Z0.000 F1200
G1 X106.021 Y-129.815
G0 Z3.500
G0 X103.577 Y-129.886
G1 Z0.000 F1200
G1 X103.174 Y-133.065
G0 Z3.500
G0 X103.274 Y-133.131
G1 Z0.000 F1200
G1 X109.920 Y-134.937
G0 Z3.500
G0 X109.753 Y-134.941
G1 Z0.000 F1200
G1 X112.598 Y-138.221
G0 Z3.500
G0 X112.302 Y-138.922
G1 Z0.000 F1200
G1 X125.225 Y-134.460
G0 Z3.500
G0 X125.200 Y-134.295
G1 Z0.000 F1200
G1 X129.200 Y-136.297
G1 X129.600 Y-135.696
G1 X129.000 Y-134.295
G1 X129.600 Y-135.696
G1 X130.600 Y-135.696
G1 X130.000 Y-135.496
G1 X129.200 Y-136.297
G1 X129.400 Y-137.698
G1 X128.800 Y-138.299
G1 X129.200 Y-139.299
G1 X130.000 Y-139.700
G1 X130.000 Y-140.300
G1 X130.600 Y-140.701
G1 X131.400 Y-140.300
G1 X131.400 Y-139.700
G1 X131.000 Y-139.500
G1 X131.600 Y-139.299
G1 X131.600 Y-138.899
G1 X131.200 Y-141.101
G1 X131.600 Y-141.902
G1 X131.600 Y-143.303
G1 X130.600 Y-144.304
G1 X132.200 Y-145.304
G1 X133.000 Y-145.304
G1 X133.000 Y-143.903
G1 X133.200 Y-144.904
G1 X133.800 Y-145.104
G1 X134.000 Y-143.903
G1 X134.000 Y-144.904
G1 X133.000 Y-145.304
G1 X133.000 Y-146.305
G1 X133.600 Y-147.706
G1 X135.200 Y-147.706
G1 X133.200 Y-147.506
G1 X132.400 Y-147.907
G1 X130.000 Y-147.907
G1 X128.400 Y-149.108
G1 X125.200 Y-148.907
G1 X124.000 Y-148.307
G1 X122.800 Y-148.507
G1 X123.600 Y-148.507
G1 X124.000 Y-148.107
G1 X124.000 Y-147.306
G1 X122.400 Y-147.306
G1 X121.600 Y-146.906
G1 X120.600 Y-147.706
G1 X121.400 Y-146.906
G1 X119.800 Y-145.905
G1 X118.400 Y-146.305
G1 X118.000 Y-145.705
G1 X116.200 Y-144.904
G1 X114.400 Y-145.304
G1 X113.600 Y-144.504
G1 X114.400 Y-145.304
G1 X116.200 Y-144.904
G1 X118.000 Y-145.705
G1 X118.400 Y-145.304
G1 X118.200 Y-144.304
G1 X118.400 Y-144.904
G1 X119.400 Y-144.904
G1 X119.800 Y-145.905
G1 X120.800 Y-146.706
G1 X121.600 Y-146.906
G1 X122.200 Y-146.105
G1 X121.800 Y-146.906
G1 X122.400 Y-147.306
G1 X123.600 Y-147.106
G1 X123.600 Y-146.505
G1 X123.000 Y-145.905
G1 X123.200 Y-145.505
G1 X123.000 Y-145.705
G1 X123.600 Y-146.305
G1 X124.000 Y-145.304
G1 X123.600 Y-147.106
G1 X124.200 Y-147.506
G1 X124.800 Y-147.306
G1 X124.800 Y-146.505
G1 X125.000 Y-147.306
G1 X127.400 Y-147.506
G1 X130.000 Y-146.706
G1 X130.800 Y-145.905
G1 X130.800 Y-144.504
G1 X130.000 Y-144.304
G1 X129.400 Y-145.304
G1 X130.000 Y-144.304
G1 X129.600 Y-143.903
G1 X128.400 Y-144.304
G1 X128.200 Y-144.904
G1 X127.800 Y-143.903
G1 X128.800 Y-144.304
G1 X129.400 Y-143.703
G1 X129.400 Y-141.501
G1 X127.600 Y-140.500
G1 X127.400 Y-138.899
G1 X126.400 Y-139.099
G1 X124.800 Y-138.098
G1 X126.400 Y-139.099
G1 X127.600 Y-138.699
G1 X126.600 Y-136.897
G1 X125.800 Y-137.098
G1 X127.200 Y-136.297
G1 X127.400 Y-135.496
G1 X125.000 Y-134.095
G0 Z3.500
G0 X124.310 Y-134.449
G1 Z0.000 F1200
G1 X118.671 Y-136.383
G0 Z3.500
G0 X116.400 Y-133.294
G1 Z0.000 F1200
G1 X115.800 Y-134.095
G1 X115.800 Y-134.696
G1 X116.800 Y-135.496
G1 X117.600 Y-134.696
G1 X117.600 Y-134.095
G1 X117.000 Y-132.894
G1 X116.400 Y-133.094
G0 Z3.500
G0 X117.752 Y-129.009
G1 Z0.000 F1200
G1 X118.188 Y-124.645
G0 Z3.500
G0 X118.227 Y-125.489
G1 Z0.000 F1200
G1 X116.292 Y-122.416
G0 Z3.500
G0 X117.939 Y-121.079
G1 Z0.000 F1200
G1 X118.680 Y-118.875
G0 Z3.500
G0 X118.917 Y-117.891
G1 Z0.000 F1200
G1 X120.786 Y-114.591
G0 Z3.500
G0 X121.315 Y-114.856
G1 Z0.000 F1200
G1 X120.495 Y-110.969
G0 Z3.500
G0 X120.443 Y-111.369
G1 Z0.000 F1200
G1 X122.238 Y-113.831
G0 Z3.500
G0 X121.643 Y-113.810
G1 Z0.000 F1200
G1 X122.148 Y-110.524
G0 Z3.500
G0 X121.600 Y-109.675
G1 Z0.000 F1200
G1 X121.200 Y-112.277
G1 X121.600 Y-112.477
G1 X122.400 Y-112.077
G1 X120.800 Y-112.477
G1 X120.000 Y-113.478
G1 X119.800 Y-114.679
G1 X118.800 Y-115.480
G1 X118.800 Y-119.283
G1 X118.600 Y-116.681
G1 X117.600 Y-115.880
G1 X116.200 Y-115.480
G1 X118.400 Y-116.480
G1 X118.800 Y-116.080
G1 X118.800 Y-115.279
G1 X117.600 Y-114.279
G1 X117.000 Y-112.877
G1 X115.400 Y-113.678
G1 X115.800 Y-114.479
G1 X115.000 Y-113.278
G1 X116.000 Y-113.478
G1 X116.800 Y-113.078
G1 X117.200 Y-112.277
G1 X116.400 Y-111.276
G1 X117.200 Y-112.277
G1 X118.200 Y-111.276
G1 X118.200 Y-110.876
G1 X117.200 Y-112.677
G1 X120.000 Y-113.478
G1 X120.800 Y-112.477
G1 X120.200 Y-111.877
G1 X120.400 Y-111.076
G1 X120.200 Y-111.877
G1 X120.800 Y-112.477
G1 X121.400 Y-111.877
G1 X121.600 Y-109.475
G0 Z3.500
G0 X122.026 Y-109.176
G1 Z0.000 F1200
G1 X123.954 Y-106.448
G0 Z3.500
G0 X125.507 Y-107.258
G1 Z0.000 F1200
G1 X124.756 Y-108.845
G0 Z3.500
G0 X125.210 Y-109.672
G1 Z0.000 F1200
G1 X125.482 Y-111.355
G0 Z3.500
G0 X125.994 Y-111.559
G1 Z0.000 F1200
G1 X127.327 Y-107.254
G0 Z3.500
G0 X127.726 Y-106.535
G1 Z0.000 F1200
G1 X128.882 Y-109.139
G0 Z3.500
G0 X129.688 Y-109.698
G1 Z0.000 F1200
G1 X130.741 Y-111.937
G0 Z3.500
G0 X130.800 Y-111.877
G1 Z0.000 F1200
G1 X131.800 Y-111.676
G1 X132.400 Y-112.277
G1 X132.200 Y-113.878
G1 X131.000 Y-114.078
G1 X130.600 Y-113.678
G1 X130.800 Y-112.077
G0 Z3.500
G0 X130.668 Y-111.155
G1 Z0.000 F1200
G1 X130.873 Y-108.391
G0 Z3.500
G0 X132.626 Y-108.482
G1 Z0.000 F1200
G1 X132.939 Y-105.995
G0 Z3.500
G0 X132.582 Y-105.422
G1 Z0.000 F1200
G1 X133.230 Y-108.523
G0 Z3.500
G0 X134.000 Y-108.561
G1 Z0.000 F1200
G1 X132.327 Y-107.192
G0 Z3.500
G0 X131.478 Y-105.400
G1 Z0.000 F1200
G1 X133.664 Y-109.782
G0 Z3.500
G0 X133.799 Y-110.133
G1 Z0.000 F1200
G1 X135.440 Y-113.537
G0 Z3.500
G0 X135.887 Y-113.900
G1 Z0.000 F1200
G1 X135.060 Y-110.004
G0 Z3.500
G0 X135.463 Y-109.918
G1 Z0.000 F1200
G1 X136.290 Y-113.815
G0 Z3.500
G0 X136.652 Y-114.376
G1 Z0.000 F1200
G1 X134.303 Y-110.055
G0 Z3.500
G0 X134.645 Y-109.869
G1 Z0.000 F1200
G1 X136.993 Y-114.190
G0 Z3.500
G0 X137.481 Y-112.695
G1 Z0.000 F1200
G1 X139.346 Y-109.973
G0 Z3.500
G0 X139.457 Y-109.156
G1 Z0.000 F1200
G1 X139.964 Y-111.643
G0 Z3.500
G0 X140.017 Y-111.898
G1 Z0.000 F1200
G1 X138.134 Y-115.897
G0 Z3.500
G0 X138.427 Y-115.054
G1 Z0.000 F1200
G1 X138.443 Y-112.134
G0 Z3.500
G0 X138.800 Y-112.077
G1 Z0.000 F1200
G1 X138.200 Y-113.078
G1 X139.200 Y-113.478
G1 X140.000 Y-111.877
G1 X139.000 Y-111.877
G0 Z3.500
G0 X138.868 Y-112.137
G1 Z0.000 F1200
G1 X138.853 Y-115.056
G0 Z3.500
G0 X139.400 Y-113.878
G1 Z0.000 F1200
G1 X140.200 Y-115.079
G1 X141.400 Y-115.079
G1 X141.200 Y-113.478
G1 X139.200 Y-113.678
G0 Z3.500
G0 X139.915 Y-113.561
G1 Z0.000 F1200
G1 X143.358 Y-118.189
G0 Z3.500
G0 X143.101 Y-118.007
G1 Z0.000 F1200
G1 X143.842 Y-116.930
G0 Z3.500
G0 X143.856 Y-115.458
G1 Z0.000 F1200
G1 X144.747 Y-113.101
G0 Z3.500
G0 X145.087 Y-112.458
G1 Z0.000 F1200
G1 X147.381 Y-116.252
G0 Z3.500
G0 X147.428 Y-115.998
G1 Z0.000 F1200
G1 X145.797 Y-113.964
G0 Z3.500
G0 X145.499 Y-114.953
G1 Z0.000 F1200
G1 X144.484 Y-118.865
G0 Z3.500
G0 X143.933 Y-119.861
G1 Z0.000 F1200
G1 X145.554 Y-117.451
G0 Z3.500
G0 X146.707 Y-118.927
G1 Z0.000 F1200
G1 X148.260 Y-116.147
G0 Z3.500
G0 X148.659 Y-116.191
G1 Z0.000 F1200
G1 X147.530 Y-118.766
G0 Z3.500
G0 X148.322 Y-117.939
G1 Z0.000 F1200
G1 X147.150 Y-120.907
G0 Z3.500
G0 X147.200 Y-121.485
G1 Z0.000 F1200
G1 X148.200 Y-121.284
G1 X150.000 Y-122.886
G1 X149.000 Y-124.687
G1 X148.200 Y-124.687
G1 X147.600 Y-124.087
G1 X147.800 Y-123.686
G1 X148.400 Y-123.686
G1 X147.600 Y-123.686
G1 X146.600 Y-123.086
G1 X147.000 Y-121.485
G0 Z3.500
G0 X146.200 Y-121.885
G1 Z0.000 F1200
G1 X146.800 Y-121.885
G1 X146.800 Y-122.886
G1 X144.400 Y-124.087
G1 X144.200 Y-123.686
G1 X144.600 Y-122.686
G1 X146.000 Y-121.885
G0 Z3.500
G0 X146.193 Y-122.050
G1 Z0.000 F1200
G1 X148.664 Y-124.917
G0 Z3.500
G0 X147.384 Y-125.103
G1 Z0.000 F1200
G1 X148.737 Y-126.947
G0 Z3.500
G0 X147.388 Y-127.135
G1 Z0.000 F1200
G1 X147.049 Y-129.241
G0 Z3.500
G0 X147.657 Y-128.810
G1 Z0.000 F1200
G1 X149.225 Y-130.864
G0 Z3.500
G0 X149.141 Y-130.213
G1 Z0.000 F1200
G1 X147.559 Y-133.175
G0 Z3.500
G0 X147.583 Y-134.426
G1 Z0.000 F1200
G1 X148.972 Y-137.226
G0 Z3.500
G0 X150.089 Y-137.488
G1 Z0.000 F1200
G1 X149.091 Y-140.011
G0 Z3.500
G0 X148.894 Y-140.359
G1 Z0.000 F1200
G1 X155.142 Y-142.909
G0 Z3.500
G0 X156.090 Y-144.089
G1 Z0.000 F1200
G1 X157.196 Y-141.638
G0 Z3.500
G0 X155.565 Y-140.216
G1 Z0.000 F1200
G1 X145.567 Y-142.149
G0 Z3.500
G0 X144.600 Y-142.302
G1 Z0.000 F1200
G1 X145.200 Y-142.102
G1 X145.800 Y-142.702
G1 X145.600 Y-143.503
G1 X144.600 Y-144.304
G1 X143.400 Y-144.304
G1 X143.400 Y-143.103
G1 X144.400 Y-142.502
G0 Z3.500
G0 X143.999 Y-142.994
G1 Z0.000 F1200
G1 X140.976 Y-139.428
G0 Z3.500
G0 X141.825 Y-140.922
G1 Z0.000 F1200
G1 X140.366 Y-144.671
G0 Z3.500
G0 X141.000 Y-144.704
G1 Z0.000 F1200
G1 X140.400 Y-145.304
G1 X140.600 Y-145.905
G1 X141.000 Y-145.905
G1 X142.000 Y-144.704
G1 X141.800 Y-144.304
G1 X141.200 Y-144.504
G0 Z3.500
G0 X141.365 Y-144.397
G1 Z0.000 F1200
G1 X139.551 Y-142.651
G0 Z3.500
G0 X138.907 Y-142.437
G1 Z0.000 F1200
G1 X137.654 Y-144.471
G0 Z3.500
G0 X137.995 Y-143.929
G1 Z0.000 F1200
G1 X138.478 Y-145.460
G0 Z3.500
G0 X137.342 Y-145.605
G1 Z0.000 F1200
G1 X135.069 Y-143.324
G0 Z3.500
G0 X134.883 Y-143.048
G1 Z0.000 F1200
G1 X136.406 Y-140.338
G0 Z3.500
G0 X137.237 Y-138.971
G1 Z0.000 F1200
G1 X138.431 Y-134.400
G0 Z3.500
G0 X138.133 Y-134.169
G1 Z0.000 F1200
G1 X138.041 Y-137.853
G0 Z3.500
G0 X138.436 Y-139.256
G1 Z0.000 F1200
G1 X134.921 Y-138.456
G0 Z3.500
G0 X135.159 Y-138.177
G1 Z0.000 F1200
G1 X133.163 Y-135.375
G0 Z3.500
G0 X135.234 Y-135.474
G1 Z0.000 F1200
G1 X143.817 Y-134.772
G0 Z3.500
G0 X143.547 Y-135.705
G1 Z0.000 F1200
G1 X142.302 Y-137.563
G0 Z3.500
G0 X142.630 Y-137.311
G1 Z0.000 F1200
G1 X143.090 Y-133.751
G0 Z3.500
G0 X142.827 Y-134.505
G1 Z0.000 F1200
G1 X136.129 Y-136.760
G0 Z3.500
G0 X135.769 Y-136.978
G1 Z0.000 F1200
G1 X134.611 Y-139.191
G0 Z3.500
G0 X132.955 Y-139.602
G1 Z0.000 F1200
G1 X134.435 Y-142.964
G0 Z3.500
G0 X133.647 Y-142.975
G1 Z0.000 F1200
G1 X134.599 Y-144.510
G0 Z3.500
G0 X134.779 Y-145.594
G1 Z0.000 F1200
G1 X146.364 Y-143.882
G0 Z3.500
G0 X146.037 Y-143.393
G1 Z0.000 F1200
G1 X146.627 Y-141.195
G0 Z3.500
G0 X146.237 Y-141.090
G1 Z0.000 F1200
G1 X145.648 Y-143.288
G0 Z3.500
G0 X147.135 Y-143.638
G1 Z0.000 F1200
G1 X145.222 Y-140.924
G0 Z3.500
G0 X145.100 Y-141.177
G1 Z0.000 F1200
G1 X153.974 Y-139.547
G0 Z3.500
G0 X154.709 Y-140.153
G1 Z0.000 F1200
G1 X156.418 Y-135.206
G0 Z3.500
G0 X156.406 Y-135.231
G1 Z0.000 F1200
G1 X152.043 Y-136.640
G0 Z3.500
G0 X152.015 Y-136.459
G1 Z0.000 F1200
G1 X153.707 Y-138.626
G0 Z3.500
G0 X152.719 Y-137.585
G1 Z0.000 F1200
G1 X151.041 Y-142.712
G0 Z3.500
G0 X150.013 Y-141.923
G1 Z0.000 F1200
G1 X147.721 Y-139.316
G0 Z3.500
G0 X147.588 Y-139.443
G1 Z0.000 F1200
G1 X139.774 Y-136.572
G0 Z3.500
G0 X140.219 Y-137.235
G1 Z0.000 F1200
G1 X150.105 Y-135.832
G0 Z3.500
G0 X149.424 Y-136.059
G1 Z0.000 F1200
G1 X148.448 Y-134.497
G0 Z3.500
G0 X149.211 Y-135.165
G1 Z0.000 F1200
G1 X166.222 Y-132.069
G0 Z3.500
G0 X166.893 Y-132.453
G1 Z0.000 F1200
G1 X160.768 Y-133.964
G0 Z3.500
G0 X160.585 Y-134.226
G1 Z0.000 F1200
G1 X162.282 Y-137.813
G0 Z3.500
G0 X162.525 Y-137.816
G1 Z0.000 F1200
G1 X163.983 Y-140.036
G0 Z3.500
G0 X164.350 Y-140.916
G1 Z0.000 F1200
G1 X162.637 Y-139.151
G0 Z3.500
G0 X163.000 Y-139.500
G1 Z0.000 F1200
G1 X163.600 Y-139.299
G1 X164.000 Y-139.700
G1 X165.000 Y-139.700
G1 X165.200 Y-141.101
G1 X165.800 Y-141.902
G1 X164.600 Y-142.102
G1 X163.000 Y-139.700
G0 Z3.500
G0 X162.911 Y-140.348
G1 Z0.000 F1200
G1 X168.296 Y-141.120
G0 Z3.500
G0 X169.974 Y-142.097
G1 Z0.000 F1200
G1 X178.136 Y-140.519
G0 Z3.500
G0 X177.728 Y-140.724
G1 Z0.000 F1200
G1 X173.719 Y-142.378
G0 Z3.500
G0 X172.526 Y-142.977
G1 Z0.000 F1200
G1 X171.592 Y-144.717
G0 Z3.500
G0 X171.531 Y-144.626
G1 Z0.000 F1200
G1 X170.661 Y-140.924
G0 Z3.500
G0 X170.556 Y-140.534
G1 Z0.000 F1200
G1 X174.211 Y-144.762
G0 Z3.500
G0 X171.966 Y-144.524
G1 Z0.000 F1200
G1 X171.096 Y-140.822
G0 Z3.500
G0 X170.564 Y-140.330
G1 Z0.000 F1200
G1 X171.513 Y-138.462
G0 Z3.500
G0 X171.383 Y-138.943
G1 Z0.000 F1200
G1 X170.330 Y-141.526
G0 Z3.500
G0 X170.165 Y-142.001
G1 Z0.000 F1200
G1 X165.762 Y-137.467
G0 Z3.500
G0 X165.451 Y-137.770
G1 Z0.000 F1200
G1 X169.854 Y-142.303
G0 Z3.500
G0 X170.138 Y-142.937
G1 Z0.000 F1200
G1 X172.387 Y-139.090
G0 Z3.500
G0 X173.291 Y-138.502
G1 Z0.000 F1200
G1 X161.643 Y-141.967
G0 Z3.500
G0 X161.877 Y-140.825
G1 Z0.000 F1200
G1 X161.757 Y-144.366
G0 Z3.500
G0 X161.271 Y-144.402
G1 Z0.000 F1200
G1 X162.107 Y-145.798
G0 Z3.500
G0 X161.903 Y-145.083
G1 Z0.000 F1200
G1 X153.250 Y-146.904
G0 Z3.500
G0 X153.074 Y-146.154
G1 Z0.000 F1200
G1 X147.770 Y-147.334
G0 Z3.500
G0 X147.779 Y-146.963
G1 Z0.000 F1200
G1 X150.371 Y-146.234
G0 Z3.500
G0 X151.161 Y-144.606
G1 Z0.000 F1200
G1 X148.146 Y-141.162
G0 Z3.500
G0 X148.538 Y-141.218
G1 Z0.000 F1200
G1 X150.748 Y-144.285
G0 Z3.500
G0 X151.090 Y-144.039
G1 Z0.000 F1200
G1 X148.880 Y-140.971
G0 Z3.500
G0 X148.754 Y-140.433
G1 Z0.000 F1200
G1 X148.311 Y-142.852
G0 Z3.500
G0 X149.105 Y-143.074
G1 Z0.000 F1200
G1 X151.154 Y-138.814
G0 Z3.500
G0 X151.301 Y-138.580
G1 Z0.000 F1200
G1 X152.096 Y-141.644
G0 Z3.500
G0 X152.165 Y-140.572
G1 Z0.000 F1200
G1 X150.514 Y-138.285
G0 Z3.500
G0 X151.520 Y-138.990
G1 Z0.000 F1200
G1 X149.471 Y-143.250
G0 Z3.500
G0 X147.504 Y-143.377
G1 Z0.000 F1200
G1 X145.592 Y-140.663
G0 Z3.500
G0 X145.741 Y-141.051
G1 Z0.000 F1200
G1 X145.487 Y-145.253
G0 Z3.500
G0 X145.939 Y-145.278
G1 Z0.000 F1200
G1 X146.195 Y-141.075
G0 Z3.500
G0 X146.200 Y-140.300
G1 Z0.000 F1200
G1 X145.800 Y-141.101
G1 X146.000 Y-142.302
G1 X147.600 Y-140.901
G1 X147.400 Y-140.100
G1 X146.400 Y-140.100
G0 Z3.500
G0 X146.732 Y-138.215
G1 Z0.000 F1200
G1 X149.326 Y-140.502
G0 Z3.500
G0 X149.800 Y-140.500
G1 Z0.000 F1200
G1 X151.400 Y-140.500
G1 X151.200 Y-142.102
G1 X150.800 Y-142.502
G1 X149.800 Y-142.302
G1 X149.400 Y-141.301
G1 X149.800 Y-140.701
G0 Z3.500
G0 X151.737 Y-139.751
G1 Z0.000 F1200
G1 X153.700 Y-135.360
G0 Z3.500
G0 X154.541 Y-134.724
G1 Z0.000 F1200
G1 X152.588 Y-131.785
G0 Z3.500
G0 X153.027 Y-132.383
G1 Z0.000 F1200
G1 X153.532 Y-134.234
G0 Z3.500
G0 X153.873 Y-133.596
G1 Z0.000 F1200
G1 X158.972 Y-131.718
G0 Z3.500
G0 X159.354 Y-131.393
G1 Z0.000 F1200
G1 X151.364 Y-132.561
G0 Z3.500
G0 X150.981 Y-131.887
G1 Z0.000 F1200
G1 X151.225 Y-130.028
G0 Z3.500
G0 X152.267 Y-128.607
G1 Z0.000 F1200
G1 X153.434 Y-125.546
G0 Z3.500
G0 X152.951 Y-125.370
G1 Z0.000 F1200
G1 X154.021 Y-127.155
G0 Z3.500
G0 X154.855 Y-126.454
G1 Z0.000 F1200
G1 X162.357 Y-128.778
G0 Z3.500
G0 X163.248 Y-128.999
G1 Z0.000 F1200
G1 X150.133 Y-131.686
G0 Z3.500
G0 X152.335 Y-132.999
G1 Z0.000 F1200
G1 X152.598 Y-134.972
G0 Z3.500
G0 X152.788 Y-136.161
G1 Z0.000 F1200
G1 X154.257 Y-133.931
G0 Z3.500
G0 X153.638 Y-131.857
G1 Z0.000 F1200
G1 X141.220 Y-135.503
G0 Z3.500
G0 X140.718 Y-136.452
G1 Z0.000 F1200
G1 X138.410 Y-133.083
G0 Z3.500
G0 X138.069 Y-133.149
G1 Z0.000 F1200
G1 X136.612 Y-137.208
G0 Z3.500
G0 X139.447 Y-138.409
G1 Z0.000 F1200
G1 X139.036 Y-141.598
G0 Z3.500
G0 X139.600 Y-141.701
G1 Z0.000 F1200
G1 X140.200 Y-141.501
G1 X141.400 Y-143.303
G1 X140.800 Y-143.703
G1 X139.800 Y-143.703
G1 X139.600 Y-141.902
G0 Z3.500
G0 X140.630 Y-141.283
G1 Z0.000 F1200
G1 X135.273 Y-142.738
G0 Z3.500
G0 X136.742 Y-142.420
G1 Z0.000 F1200
G1 X123.848 Y-145.521
G0 Z3.500
G0 X125.176 Y-145.406
G1 Z0.000 F1200
G1 X124.454 Y-143.655
G0 Z3.500
G0 X125.024 Y-142.921
G1 Z0.000 F1200
G1 X126.235 Y-144.211
G0 Z3.500
G0 X127.298 Y-145.825
G1 Z0.000 F1200
G1 X122.468 Y-146.845
G0 Z3.500
G0 X121.245 Y-145.506
G1 Z0.000 F1200
G1 X120.180 Y-144.602
G0 Z3.500
G0 X119.707 Y-144.430
G1 Z0.000 F1200
G1 X120.699 Y-145.669
G0 Z3.500
G0 X118.785 Y-145.047
G1 Z0.000 F1200
G1 X119.482 Y-143.560
G0 Z3.500
G0 X118.400 Y-145.104
G1 Z0.000 F1200
G1 X119.400 Y-144.904
G1 X119.800 Y-145.705
G1 X118.400 Y-146.305
G1 X118.400 Y-145.304
G0 Z3.500
G0 X117.540 Y-145.443
G1 Z0.000 F1200
G1 X117.362 Y-142.986
G0 Z3.500
G0 X116.096 Y-143.681
G1 Z0.000 F1200
G1 X117.123 Y-144.706
G0 Z3.500
G0 X117.555 Y-145.068
G1 Z0.000 F1200
G1 X123.457 Y-143.689
G0 Z3.500
G0 X126.324 Y-141.046
G1 Z0.000 F1200
G1 X128.165 Y-138.383
G0 Z3.500
G0 X127.600 Y-138.499
G1 Z0.000 F1200
G1 X128.800 Y-138.299
G1 X129.200 Y-138.699
G1 X129.200 Y-139.500
G1 X128.200 Y-139.700
G1 X127.600 Y-138.699
G0 Z3.500
G0 X127.400 Y-139.500
G1 Z0.000 F1200
G1 X127.800 Y-139.299
G1 X128.200 Y-139.700
G1 X129.000 Y-139.700
G1 X129.400 Y-141.101
G1 X128.000 Y-140.901
G1 X127.400 Y-139.700
G0 Z3.500
G0 X126.478 Y-138.084
G1 Z0.000 F1200
G1 X127.813 Y-135.205
G0 Z3.500
G0 X127.200 Y-135.897
G1 Z0.000 F1200
G1 X128.400 Y-135.696
G1 X129.200 Y-136.497
G1 X128.000 Y-137.298
G1 X127.200 Y-136.097
G0 Z3.500
G0 X126.800 Y-136.697
G1 Z0.000 F1200
G1 X127.400 Y-136.497
G1 X128.200 Y-137.498
G1 X128.200 Y-138.098
G1 X127.400 Y-138.299
G1 X126.800 Y-137.698
G1 X126.800 Y-136.897
G0 Z3.500
G0 X127.391 Y-137.500
G1 Z0.000 F1200
G1 X128.385 Y-141.801
G0 Z3.500
G0 X127.288 Y-141.960
G1 Z0.000 F1200
G1 X131.452 Y-140.886
G0 Z3.500
G0 X130.763 Y-141.120
G1 Z0.000 F1200
G1 X130.071 Y-144.400
G0 Z3.500
G0 X130.684 Y-144.230
G1 Z0.000 F1200
G1 X130.658 Y-145.803
G0 Z3.500
G0 X130.800 Y-144.904
G1 Z0.000 F1200
G1 X130.800 Y-145.905
G1 X130.000 Y-146.706
G1 X129.400 Y-146.706
G1 X129.000 Y-147.506
G1 X129.600 Y-148.107
G1 X133.000 Y-147.706
G1 X133.400 Y-147.306
G1 X133.200 Y-146.505
G1 X131.800 Y-146.505
G1 X132.200 Y-145.304
G1 X131.200 Y-144.504
G1 X130.800 Y-144.704
G0 Z3.500
G0 X131.945 Y-145.106
G1 Z0.000 F1200
G1 X130.088 Y-140.754
G0 Z3.500
G0 X129.400 Y-140.701
G1 Z0.000 F1200
G1 X131.000 Y-140.701
G1 X131.600 Y-142.302
G1 X131.200 Y-142.702
G1 X129.600 Y-142.302
G1 X129.400 Y-140.901
G0 Z3.500
G0 X129.913 Y-139.600
G1 Z0.000 F1200
G1 X128.024 Y-137.062
G0 Z3.500
G0 X127.823 Y-136.640
G1 Z0.000 F1200
G1 X126.395 Y-134.520
G0 Z3.500
G0 X126.731 Y-134.294
G1 Z0.000 F1200
G1 X128.159 Y-136.414
G0 Z3.500
G0 X125.655 Y-135.704
G1 Z0.000 F1200
G1 X133.006 Y-137.680
G0 Z3.500
G0 X131.207 Y-138.965
G1 Z0.000 F1200
G1 X129.704 Y-142.635
G0 Z3.500
G0 X129.400 Y-142.702
G1 Z0.000 F1200
G1 X129.400 Y-143.703
G1 X130.400 Y-144.304
G1 X130.800 Y-143.903
G1 X131.000 Y-142.702
G1 X130.400 Y-142.302
G1 X129.400 Y-142.502
G0 Z3.500
G0 X129.105 Y-146.309
G1 Z0.000 F1200
G1 X120.176 Y-148.648
G0 Z3.500
G0 X120.616 Y-147.756
G1 Z0.000 F1200
G1 X117.556 Y-147.238
G0 Z3.500
G0 X115.903 Y-147.544
G1 Z0.000 F1200
G1 X116.179 Y-145.964
G0 Z3.500
G0 X115.533 Y-144.981
G1 Z0.000 F1200
G1 X114.740 Y-146.807
G0 Z3.500
G0 X113.383 Y-141.224
G1 Z0.000 F1200
G1 X112.693 Y-137.362
G0 Z3.500
G0 X112.498 Y-136.978
G1 Z0.000 F1200
G1 X114.243 Y-138.364
G0 Z3.500
G0 X115.317 Y-138.368
G1 Z0.000 F1200
G1 X115.976 Y-140.849
G0 Z3.500
G0 X114.000 Y-136.897
G1 Z0.000 F1200
G1 X114.200 Y-136.697
G1 X114.600 Y-137.098
G1 X114.200 Y-139.299
G1 X113.400 Y-139.500
G1 X112.600 Y-138.499
G1 X112.600 Y-137.698
G1 X113.800 Y-136.897
G0 Z3.500
G0 X113.233 Y-137.184
G1 Z0.000 F1200
G1 X107.155 Y-135.864
G0 Z3.500
G0 X105.008 Y-136.699
G1 Z0.000 F1200
G1 X104.124 Y-140.295
G0 Z3.500
G0 X103.740 Y-140.199
G1 Z0.000 F1200
G1 X104.543 Y-136.582
G0 Z3.500
G0 X104.414 Y-136.409
G1 Z0.000 F1200
G1 X102.118 Y-141.919
G0 Z3.500
G0 X101.745 Y-141.763
G1 Z0.000 F1200
G1 X104.040 Y-136.254
G0 Z3.500
G0 X104.072 Y-135.060
G1 Z0.000 F1200
G1 X102.968 Y-138.250
G0 Z3.500
G0 X102.296 Y-138.401
G1 Z0.000 F1200
G1 X103.564 Y-134.603
G0 Z3.500
G0 X105.175 Y-134.542
G1 Z0.000 F1200
G1 X110.469 Y-134.387
G0 Z3.500
G0 X110.353 Y-132.898
G1 Z0.000 F1200
G1 X108.719 Y-130.760
G0 Z3.500
G0 X109.145 Y-128.867
G1 Z0.000 F1200
G1 X95.833 Y-132.380
G0 Z3.500
G0 X95.384 Y-132.144
G1 Z0.000 F1200
G1 X96.387 Y-130.215
G0 Z3.500
G0 X95.613 Y-130.815
G1 Z0.000 F1200
G1 X86.214 Y-133.142
G0 Z3.500
G0 X86.315 Y-133.552
G1 Z0.000 F1200
G1 X95.714 Y-131.226
G0 Z3.500
G0 X94.400 Y-131.693
G1 Z0.000 F1200
G1 X96.000 Y-131.693
G1 X96.200 Y-132.294
G1 X95.600 Y-133.294
G1 X93.800 Y-132.894
G1 X93.800 Y-132.093
G1 X94.200 Y-131.693
G0 Z3.500
G0 X93.615 Y-131.737
G1 Z0.000 F1200
G1 X91.244 Y-128.943
G0 Z3.500
G0 X90.931 Y-129.210
G1 Z0.000 F1200
G1 X93.302 Y-132.004
G0 Z3.500
G0 X94.383 Y-132.569
G1 Z0.000 F1200
G1 X86.803 Y-134.526
G0 Z3.500
G0 X85.827 Y-133.908
G1 Z0.000 F1200
G1 X85.068 Y-135.297
G0 Z3.500
G0 X85.241 Y-135.314
G1 Z0.000 F1200
G1 X84.240 Y-133.773
G0 Z3.500
G0 X83.797 Y-134.721
G1 Z0.000 F1200
G1 X98.737 Y-130.505
G0 Z3.500
G0 X98.138 Y-130.173
G1 Z0.000 F1200
G1 X88.249 Y-134.105
G0 Z3.500
G0 X89.919 Y-133.359
G1 Z0.000 F1200
G1 X88.166 Y-130.404
G0 Z3.500
G0 X87.928 Y-129.930
G1 Z0.000 F1200
G1 X89.323 Y-127.965
G0 Z3.500
G0 X89.000 Y-127.735
G1 Z0.000 F1200
G1 X87.605 Y-129.700
G0 Z3.500
G0 X88.236 Y-129.766
G1 Z0.000 F1200
G1 X88.962 Y-126.915
G0 Z3.500
G0 X89.247 Y-125.719
G1 Z0.000 F1200
G1 X83.840 Y-127.177
G0 Z3.500
G0 X84.136 Y-126.836
G1 Z0.000 F1200
G1 X82.563 Y-129.407
G0 Z3.500
G0 X83.363 Y-127.509
G1 Z0.000 F1200
G1 X85.603 Y-130.452
G0 Z3.500
G0 X85.119 Y-131.229
G1 Z0.000 F1200
G1 X100.549 Y-130.074
G0 Z3.500
G0 X101.400 Y-129.892
G1 Z0.000 F1200
G1 X101.400 Y-130.892
G1 X102.400 Y-131.493
G1 X102.800 Y-129.691
G1 X101.600 Y-129.691
G0 Z3.500
G0 X101.705 Y-129.561
G1 Z0.000 F1200
G1 X100.040 Y-125.993
G0 Z3.500
G0 X99.196 Y-126.005
G1 Z0.000 F1200
G1 X103.128 Y-127.091
G0 Z3.500
G0 X102.943 Y-128.046
G1 Z0.000 F1200
G1 X102.801 Y-131.859
G0 Z3.500
G0 X103.069 Y-131.808
G1 Z0.000 F1200
G1 X103.680 Y-128.210
G0 Z3.500
G0 X103.554 Y-127.969
G1 Z0.000 F1200
G1 X98.570 Y-128.788
G0 Z3.500
G0 X98.629 Y-128.356
G1 Z0.000 F1200
G1 X98.048 Y-129.924
G0 Z3.500
G0 X97.768 Y-129.431
G1 Z0.000 F1200
G1 X96.550 Y-132.635
G0 Z3.500
G0 X96.336 Y-132.725
G1 Z0.000 F1200
G1 X102.290 Y-130.721
G0 Z3.500
G0 X101.913 Y-130.468
G1 Z0.000 F1200
G1 X102.620 Y-133.157
G0 Z3.500
G0 X102.400 Y-133.094
G1 Z0.000 F1200
G1 X102.800 Y-132.894
G1 X103.200 Y-133.294
G1 X104.000 Y-135.696
G1 X104.000 Y-136.497
G1 X102.600 Y-137.098
G1 X100.400 Y-134.896
G1 X100.400 Y-134.495
G1 X101.800 Y-133.094
G1 X102.200 Y-133.094
G0 Z3.500
G0 X102.060 Y-133.060
G1 Z0.000 F1200
G1 X102.015 Y-131.396
G0 Z3.500
G0 X101.800 Y-131.693
G1 Z0.000 F1200
G1 X102.600 Y-131.693
G1 X102.600 Y-132.894
G1 X101.800 Y-133.094
G1 X100.600 Y-134.295
G1 X100.400 Y-132.694
G1 X101.600 Y-131.893
G0 Z3.500
G0 X102.642 Y-132.125
G1 Z0.000 F1200
G1 X101.434 Y-127.163
G0 Z3.500
G0 X101.174 Y-127.099
G1 Z0.000 F1200
G1 X102.335 Y-129.192
G0 Z3.500
G0 X104.348 Y-127.565
G1 Z0.000 F1200
G1 X111.392 Y-126.527
G0 Z3.500
G0 X111.965 Y-126.515
G1 Z0.000 F1200
G1 X110.852 Y-129.536
G0 Z3.500
G0 X112.429 Y-128.885
G1 Z0.000 F1200
G1 X111.218 Y-132.012
G0 Z3.500
G0 X111.200 Y-131.493
G1 Z0.000 F1200
G1 X111.200 Y-133.094
G1 X111.800 Y-133.294
G1 X112.000 Y-132.494
G1 X112.000 Y-133.094
G1 X111.200 Y-133.495
G1 X111.200 Y-134.696
G1 X111.200 Y-131.293
G0 Z3.500
G0 X113.720 Y-128.642
G1 Z0.000 F1200
G1 X114.921 Y-126.727
G0 Z3.500
G0 X114.361 Y-126.415
G1 Z0.000 F1200
G1 X119.084 Y-128.281
G0 Z3.500
G0 X118.788 Y-126.749
G1 Z0.000 F1200
G1 X117.248 Y-124.912
G0 Z3.500
G0 X118.163 Y-123.576
G1 Z0.000 F1200
G1 X119.269 Y-126.135
G0 Z3.500
G0 X119.451 Y-126.608
G1 Z0.000 F1200
G1 X123.597 Y-125.790
G0 Z3.500
G0 X123.556 Y-124.518
G1 Z0.000 F1200
G1 X124.677 Y-126.974
G0 Z3.500
G0 X126.149 Y-126.760
G1 Z0.000 F1200
G1 X131.741 Y-128.973
G0 Z3.500
G0 X131.930 Y-127.429
G1 Z0.000 F1200
G1 X132.723 Y-130.511
G0 Z3.500
G0 X133.093 Y-126.552
G1 Z0.000 F1200
G1 X133.992 Y-124.593
G0 Z3.500
G0 X137.417 Y-128.482
G1 Z0.000 F1200
G1 X143.710 Y-131.224
G0 Z3.500
G0 X144.740 Y-130.231
G1 Z0.000 F1200
G1 X140.599 Y-131.209
G0 Z3.500
G0 X141.000 Y-131.893
G1 Z0.000 F1200
G1 X140.600 Y-133.094
G1 X140.800 Y-133.895
G1 X140.000 Y-134.495
G1 X141.600 Y-133.695
G1 X140.600 Y-133.695
G1 X141.000 Y-132.093
G0 Z3.500
G0 X140.811 Y-132.407
G1 Z0.000 F1200
G1 X139.742 Y-130.490
G0 Z3.500
G0 X144.256 Y-128.629
G1 Z0.000 F1200
G1 X144.092 Y-126.498
G0 Z3.500
G0 X144.213 Y-125.332
G1 Z0.000 F1200
G1 X143.914 Y-122.139
G0 Z3.500
G0 X144.251 Y-121.547
G1 Z0.000 F1200
G1 X143.519 Y-123.733
G0 Z3.500
G0 X144.169 Y-123.680
G1 Z0.000 F1200
G1 X145.416 Y-125.181
G0 Z3.500
G0 X142.000 Y-125.088
G1 Z0.000 F1200
G1 X141.800 Y-126.689
G1 X143.400 Y-126.689
G1 X141.200 Y-127.089
G1 X141.000 Y-126.689
G1 X141.200 Y-127.089
G1 X141.800 Y-126.689
G1 X142.000 Y-124.887
G0 Z3.500
G0 X146.443 Y-131.312
G1 Z0.000 F1200
G1 X146.298 Y-135.505
G0 Z3.500
G0 X147.039 Y-135.319
G1 Z0.000 F1200
G1 X145.707 Y-137.452
G0 Z3.500
G0 X146.053 Y-134.726
G1 Z0.000 F1200
G1 X144.671 Y-133.226
G0 Z3.500
G0 X145.000 Y-132.494
G1 Z0.000 F1200
G1 X144.200 Y-134.495
G1 X143.800 Y-133.895
G1 X142.800 Y-134.896
G1 X143.800 Y-133.895
G1 X144.000 Y-133.094
G1 X144.000 Y-133.895
G1 X144.600 Y-133.695
G1 X145.000 Y-132.294
G0 Z3.500
G0 X146.219 Y-132.932
G1 Z0.000 F1200
G1 X151.258 Y-134.463
G0 Z3.500
G0 X154.183 Y-130.902
G1 Z0.000 F1200
G1 X157.103 Y-135.514
G0 Z3.500
G0 X156.956 Y-135.753
G1 Z0.000 F1200
G1 X155.565 Y-139.418
G0 Z3.500
G0 X155.606 Y-139.576
G1 Z0.000 F1200
G1 X155.935 Y-137.658
G0 Z3.500
G0 X156.652 Y-137.250
G1 Z0.000 F1200
G1 X155.383 Y-140.158
G0 Z3.500
G0 X155.122 Y-140.296
G1 Z0.000 F1200
G1 X156.830 Y-135.349
G0 Z3.500
G0 X157.480 Y-135.275
G1 Z0.000 F1200
G1 X154.559 Y-130.663
G0 Z3.500
G0 X154.873 Y-131.327
G1 Z0.000 F1200
G1 X163.749 Y-129.432
G0 Z3.500
G0 X163.022 Y-130.946
G1 Z0.000 F1200
G1 X164.349 Y-132.612
G0 Z3.500
G0 X164.672 Y-132.408
G1 Z0.000 F1200
G1 X166.732 Y-134.615
G0 Z3.500
G0 X167.331 Y-134.554
G1 Z0.000 F1200
G1 X169.233 Y-138.082
G0 Z3.500
G0 X169.566 Y-137.937
G1 Z0.000 F1200
G1 X171.569 Y-134.612
G0 Z3.500
G0 X170.784 Y-135.029
G1 Z0.000 F1200
G1 X178.289 Y-133.857
G0 Z3.500
G0 X177.336 Y-134.069
G1 Z0.000 F1200
G1 X170.701 Y-132.924
G0 Z3.500
G0 X171.000 Y-132.294
G1 Z0.000 F1200
G1 X169.200 Y-134.095
G1 X169.200 Y-135.696
G1 X170.800 Y-135.696
G1 X172.000 Y-135.096
G1 X174.000 Y-135.696
G1 X174.400 Y-135.096
G1 X173.000 Y-133.695
G1 X174.400 Y-135.096
G1 X176.000 Y-134.696
G1 X176.200 Y-133.695
G1 X177.000 Y-132.894
G1 X176.000 Y-134.295
G1 X176.400 Y-134.495
G1 X177.400 Y-133.695
G1 X176.000 Y-134.896
G1 X176.400 Y-135.296
G1 X177.400 Y-135.096
G1 X174.600 Y-135.096
G1 X172.600 Y-136.897
G1 X173.600 Y-135.496
G1 X171.800 Y-135.096
G1 X170.800 Y-135.696
G1 X169.200 Y-135.696
G1 X168.600 Y-136.697
G1 X169.000 Y-136.097
G1 X169.000 Y-134.495
G1 X170.400 Y-132.894
G1 X169.600 Y-132.494
G1 X168.000 Y-133.495
G1 X166.800 Y-133.495
G1 X165.400 Y-134.896
G1 X165.200 Y-136.497
G1 X165.200 Y-135.096
G1 X164.400 Y-135.096
G1 X163.600 Y-136.097
G1 X162.400 Y-136.097
G1 X162.200 Y-137.698
G1 X163.200 Y-139.299
G1 X163.800 Y-139.299
G1 X165.200 Y-137.898
G1 X163.800 Y-139.500
G1 X165.600 Y-139.900
G1 X166.200 Y-140.701
G1 X167.400 Y-140.500
G1 X167.200 Y-139.099
G1 X166.400 Y-138.299
G1 X167.200 Y-139.099
G1 X167.200 Y-139.700
G1 X168.600 Y-141.701
G1 X168.600 Y-142.702
G1 X169.000 Y-143.103
G1 X170.200 Y-142.102
G1 X171.000 Y-142.102
G1 X171.800 Y-141.501
G1 X171.000 Y-139.500
G1 X172.000 Y-141.501
G1 X176.800 Y-142.302
G1 X175.400 Y-142.102
G1 X175.000 Y-142.502
G1 X175.200 Y-142.302
G1 X174.400 Y-141.701
G1 X171.800 Y-141.501
G1 X171.000 Y-142.102
G1 X170.200 Y-142.102
G1 X169.200 Y-143.103
G1 X170.800 Y-144.904
G1 X171.400 Y-145.104
G1 X170.800 Y-144.904
G1 X169.000 Y-143.103
G1 X166.400 Y-143.103
G1 X165.600 Y-143.903
G1 X164.600 Y-143.903
G1 X164.400 Y-144.904
G1 X164.000 Y-144.304
G1 X163.200 Y-145.705
G1 X163.400 Y-148.107
G1 X164.600 Y-148.307
G1 X165.000 Y-147.907
G1 X165.000 Y-146.505
G1 X165.200 Y-148.107
G1 X166.400 Y-147.706
G1 X164.200 Y-148.507
G1 X165.000 Y-149.908
G1 X166.000 Y-150.108
G1 X166.400 Y-149.108
G1 X165.400 Y-150.909
G1 X165.600 Y-151.710
G1 X166.200 Y-151.710
G1 X167.400 Y-150.709
G1 X169.400 Y-150.509
G1 X168.400 Y-149.508
G1 X167.000 Y-149.508
G1 X168.200 Y-149.308
G1 X167.400 Y-148.307
G1 X169.600 Y-150.709
G1 X171.000 Y-147.506
G1 X170.000 Y-149.708
G1 X170.200 Y-150.108
G1 X171.800 Y-148.707
G1 X172.800 Y-148.507
G1 X175.200 Y-150.909
G1 X175.800 Y-150.309
G1 X176.000 Y-149.108
G1 X175.000 Y-148.107
G1 X175.000 Y-147.306
G1 X175.000 Y-148.107
G1 X176.000 Y-149.108
G1 X177.200 Y-147.106
G1 X177.000 Y-145.304
G1 X177.200 Y-147.106
G1 X176.000 Y-149.108
G1 X175.200 Y-151.510
G1 X177.600 Y-153.912
G1 X176.600 Y-152.711
G1 X175.000 Y-151.710
G1 X174.600 Y-152.911
G1 X173.000 Y-154.912
G1 X169.400 Y-154.312
G1 X170.600 Y-154.112
G1 X170.600 Y-151.710
G1 X169.800 Y-150.909
G1 X168.200 Y-152.310
G1 X167.800 Y-153.311
G1 X168.000 Y-154.112
G1 X168.000 Y-152.310
G1 X167.000 Y-152.310
G1 X165.800 Y-153.311
G1 X164.800 Y-152.310
G1 X164.400 Y-152.310
G1 X163.400 Y-153.511
G1 X164.200 Y-152.110
G1 X162.800 Y-150.709
G1 X161.800 Y-151.910
G1 X162.800 Y-150.509
G1 X162.800 Y-149.508
G1 X162.400 Y-148.907
G1 X162.800 Y-149.508
G1 X163.600 Y-149.508
G1 X164.400 Y-148.307
G1 X163.200 Y-147.907
G1 X163.000 Y-146.505
G1 X162.200 Y-146.505
G1 X163.000 Y-146.505
G1 X163.200 Y-145.905
G1 X162.600 Y-145.304
G1 X162.000 Y-145.705
G1 X162.400 Y-145.104
G1 X162.000 Y-144.103
G1 X162.800 Y-143.103
G1 X162.600 Y-140.500
G1 X163.000 Y-140.100
G1 X163.000 Y-138.899
G1 X162.400 Y-138.098
G1 X161.200 Y-138.098
G1 X162.400 Y-137.898
G1 X162.200 Y-136.297
G1 X160.200 Y-136.097
G1 X162.200 Y-136.297
G1 X163.000 Y-133.895
G1 X164.000 Y-132.694
G1 X162.800 Y-134.495
G1 X165.000 Y-135.096
G1 X165.200 Y-133.895
G1 X165.000 Y-134.696
G1 X165.400 Y-134.896
G1 X166.800 Y-133.495
G1 X168.000 Y-133.495
G1 X169.600 Y-132.494
G1 X170.400 Y-132.894
G1 X171.200 Y-132.093
G0 Z3.500
G0 X171.407 Y-130.790
G1 Z0.000 F1200
G1 X169.139 Y-134.824
G0 Z3.500
G0 X169.039 Y-134.731
G1 Z0.000 F1200
G1 X162.112 Y-135.014
G0 Z3.500
G0 X162.600 Y-135.096
G1 Z0.000 F1200
G1 X162.600 Y-136.097
G1 X163.600 Y-136.097
G1 X164.400 Y-135.096
G1 X164.000 Y-134.696
G1 X162.800 Y-134.896
G0 Z3.500
G0 X161.763 Y-134.175
G1 Z0.000 F1200
G1 X162.921 Y-136.911
G0 Z3.500
G0 X163.785 Y-136.759
G1 Z0.000 F1200
G1 X161.109 Y-134.618
G0 Z3.500
G0 X160.603 Y-134.549
G1 Z0.000 F1200
G1 X167.471 Y-136.715
G0 Z3.500
G0 X168.215 Y-137.094
G1 Z0.000 F1200
G1 X167.571 Y-138.809
G0 Z3.500
G0 X166.023 Y-138.632
G1 Z0.000 F1200
G1 X164.193 Y-143.744
G0 Z3.500
G0 X163.200 Y-143.503
G1 Z0.000 F1200
G1 X163.000 Y-144.704
G1 X162.600 Y-145.104
G1 X163.000 Y-145.705
G1 X164.400 Y-144.103
G1 X163.800 Y-143.103
G1 X163.200 Y-143.303
G0 Z3.500
G0 X163.231 Y-143.358
G1 Z0.000 F1200
G1 X165.201 Y-145.245
G0 Z3.500
G0 X164.981 Y-145.434
G1 Z0.000 F1200
G1 X166.391 Y-142.841
G0 Z3.500
G0 X166.389 Y-142.322
G1 Z0.000 F1200
G1 X165.395 Y-137.968
G0 Z3.500
G0 X165.633 Y-138.005
G1 Z0.000 F1200
G1 X164.953 Y-135.564
G0 Z3.500
G0 X164.551 Y-134.775
G1 Z0.000 F1200
G1 X157.938 Y-132.813
G0 Z3.500
G0 X158.164 Y-132.420
G1 Z0.000 F1200
G1 X157.563 Y-134.972
G0 Z3.500
G0 X157.644 Y-135.343
G1 Z0.000 F1200
G1 X156.016 Y-131.764
G0 Z3.500
G0 X156.385 Y-131.596
G1 Z0.000 F1200
G1 X158.012 Y-135.175
G0 Z3.500
G0 X157.979 Y-135.071
G1 Z0.000 F1200
G1 X158.581 Y-132.519
G0 Z3.500
G0 X157.506 Y-132.554
G1 Z0.000 F1200
G1 X159.445 Y-129.424
G0 Z3.500
G0 X159.052 Y-129.068
G1 Z0.000 F1200
G1 X156.665 Y-132.428
G0 Z3.500
G0 X156.530 Y-132.823
G1 Z0.000 F1200
G1 X156.153 Y-130.329
G0 Z3.500
G0 X156.544 Y-130.270
G1 Z0.000 F1200
G1 X156.921 Y-132.764
G0 Z3.500
G0 X157.527 Y-130.866
G1 Z0.000 F1200
G1 X155.249 Y-126.517
G0 Z3.500
G0 X155.881 Y-125.990
G1 Z0.000 F1200
G1 X155.956 Y-121.959
G0 Z3.500
G0 X155.470 Y-121.977
G1 Z0.000 F1200
G1 X154.950 Y-118.670
G0 Z3.500
G0 X155.474 Y-118.603
G1 Z0.000 F1200
G1 X156.971 Y-115.674
G0 Z3.500
G0 X157.375 Y-114.333
G1 Z0.000 F1200
G1 X156.245 Y-112.037
G0 Z3.500
G0 X157.039 Y-111.243
G1 Z0.000 F1200
G1 X157.408 Y-109.642
G0 Z3.500
G0 X157.000 Y-109.475
G1 Z0.000 F1200
G1 X156.000 Y-112.477
G1 X156.200 Y-113.478
G1 X157.000 Y-113.078
G1 X156.200 Y-113.678
G1 X156.200 Y-114.879
G1 X157.000 Y-115.279
G1 X157.000 Y-115.680
G1 X156.200 Y-116.480
G1 X156.200 Y-117.081
G1 X156.600 Y-116.080
G1 X156.200 Y-115.680
G1 X156.200 Y-113.878
G1 X155.400 Y-113.678
G1 X156.000 Y-113.478
G1 X156.200 Y-111.276
G1 X157.000 Y-109.274
G0 Z3.500
G0 X156.907 Y-108.084
G1 Z0.000 F1200
G1 X156.821 Y-104.668
G0 Z3.500
G0 X157.660 Y-104.912
G1 Z0.000 F1200
G1 X159.139 Y-106.637
G0 Z3.500
G0 X159.835 Y-106.901
G1 Z0.000 F1200
G1 X159.463 Y-104.482
G0 Z3.500
G0 X159.589 Y-105.076
G1 Z0.000 F1200
G1 X160.230 Y-101.949
G0 Z3.500
G0 X160.200 Y-102.269
G1 Z0.000 F1200
G1 X160.600 Y-102.269
G1 X160.600 Y-103.470
G1 X159.800 Y-103.870
G1 X159.600 Y-102.469
G1 X160.000 Y-102.269
G0 Z3.500
G0 X160.568 Y-101.666
G1 Z0.000 F1200
G1 X159.341 Y-103.669
G0 Z3.500
G0 X158.870 Y-101.829
G1 Z0.000 F1200
G1 X158.862 Y-99.485
G0 Z3.500
G0 X157.638 Y-99.328
G1 Z0.000 F1200
G1 X158.136 Y-101.735
G0 Z3.500
G0 X157.611 Y-101.462
G1 Z0.000 F1200
G1 X160.250 Y-98.064
G0 Z3.500
G0 X161.613 Y-100.937
G1 Z0.000 F1200
G1 X163.571 Y-104.007
G0 Z3.500
G0 X163.804 Y-104.116
G1 Z0.000 F1200
G1 X165.442 Y-106.034
G0 Z3.500
G0 X165.137 Y-106.295
G1 Z0.000 F1200
G1 X163.498 Y-104.378
G0 Z3.500
G0 X163.109 Y-104.428
G1 Z0.000 F1200
G1 X165.085 Y-100.766
G0 Z3.500
G0 X164.949 Y-102.010
G1 Z0.000 F1200
G1 X162.893 Y-104.961
G0 Z3.500
G0 X163.467 Y-106.239
G1 Z0.000 F1200
G1 X161.491 Y-103.147
G0 Z3.500
G0 X164.736 Y-104.232
G1 Z0.000 F1200
G1 X166.870 Y-106.884
G0 Z3.500
G0 X167.151 Y-105.998
G1 Z0.000 F1200
G1 X167.111 Y-103.963
G0 Z3.500
G0 X166.554 Y-104.131
G1 Z0.000 F1200
G1 X167.281 Y-101.627
G0 Z3.500
G0 X166.912 Y-101.520
G1 Z0.000 F1200
G1 X166.184 Y-104.024
G0 Z3.500
G0 X166.108 Y-104.109
G1 Z0.000 F1200
G1 X164.176 Y-108.344
G0 Z3.500
G0 X161.419 Y-107.096
G1 Z0.000 F1200
G1 X159.036 Y-110.527
G0 Z3.500
G0 X158.656 Y-110.819
G1 Z0.000 F1200
G1 X158.486 Y-113.533
G0 Z3.500
G0 X158.645 Y-113.485
G1 Z0.000 F1200
G1 X159.187 Y-111.671
G0 Z3.500
G0 X160.325 Y-112.374
G1 Z0.000 F1200
G1 X161.765 Y-114.967
G0 Z3.500
G0 X160.954 Y-114.981
G1 Z0.000 F1200
G1 X163.418 Y-111.317
G0 Z3.500
G0 X163.513 Y-112.765
G1 Z0.000 F1200
G1 X163.461 Y-114.140
G0 Z3.500
G0 X163.731 Y-113.668
G1 Z0.000 F1200
G1 X162.056 Y-116.981
G0 Z3.500
G0 X161.311 Y-116.275
G1 Z0.000 F1200
G1 X162.093 Y-120.286
G0 Z3.500
G0 X162.125 Y-120.597
G1 Z0.000 F1200
G1 X163.373 Y-118.579
G0 Z3.500
G0 X163.556 Y-118.402
G1 Z0.000 F1200
G1 X164.059 Y-120.239
G0 Z3.500
G0 X164.360 Y-120.057
G1 Z0.000 F1200
G1 X165.600 Y-116.257
G0 Z3.500
G0 X166.171 Y-116.884
G1 Z0.000 F1200
G1 X164.007 Y-113.687
G0 Z3.500
G0 X161.282 Y-113.143
G1 Z0.000 F1200
G1 X160.788 Y-116.884
G0 Z3.500
G0 X160.573 Y-118.849
G1 Z0.000 F1200
G1 X162.559 Y-122.334
G0 Z3.500
G0 X162.060 Y-123.079
G1 Z0.000 F1200
G1 X163.303 Y-120.895
G0 Z3.500
G0 X163.332 Y-120.115
G1 Z0.000 F1200
G1 X162.013 Y-123.996
G0 Z3.500
G0 X162.275 Y-123.552
G1 Z0.000 F1200
G1 X163.387 Y-124.493
G0 Z3.500
G0 X164.272 Y-124.148
G1 Z0.000 F1200
G1 X165.088 Y-121.777
G0 Z3.500
G0 X164.359 Y-121.671
G1 Z0.000 F1200
G1 X164.877 Y-117.176
G0 Z3.500
G0 X166.566 Y-119.367
G1 Z0.000 F1200
G1 X169.120 Y-123.181
G0 Z3.500
G0 X169.574 Y-123.367
G1 Z0.000 F1200
G1 X168.521 Y-121.649
G0 Z3.500
G0 X168.359 Y-122.248
G1 Z0.000 F1200
G1 X166.361 Y-120.144
G0 Z3.500
G0 X166.800 Y-120.284
G1 Z0.000 F1200
G1 X165.600 Y-120.684
G1 X165.400 Y-121.284
G1 X167.400 Y-121.284
G1 X167.800 Y-120.284
G1 X167.000 Y-120.284
G0 Z3.500
G0 X167.364 Y-123.136
G1 Z0.000 F1200
G1 X168.577 Y-124.833
G0 Z3.500
G0 X166.878 Y-126.826
G1 Z0.000 F1200
G1 X167.080 Y-130.596
G0 Z3.500
G0 X166.415 Y-129.372
G1 Z0.000 F1200
G1 X164.397 Y-127.071
G0 Z3.500
G0 X163.004 Y-127.470
G1 Z0.000 F1200
G1 X163.304 Y-125.812
G0 Z3.500
G0 X161.247 Y-125.494
G1 Z0.000 F1200
G1 X159.290 Y-122.219
G0 Z3.500
G0 X158.745 Y-122.950
G1 Z0.000 F1200
G1 X159.509 Y-119.404
G0 Z3.500
G0 X158.600 Y-118.482
G1 Z0.000 F1200
G1 X159.400 Y-118.282
G1 X160.600 Y-119.483
G1 X161.600 Y-119.883
G1 X161.800 Y-121.284
G1 X161.400 Y-121.485
G1 X159.800 Y-120.083
G1 X158.000 Y-120.684
G1 X157.800 Y-119.683
G1 X158.400 Y-118.682
G0 Z3.500
G0 X158.070 Y-119.795
G1 Z0.000 F1200
G1 X157.943 Y-116.886
G0 Z3.500
G0 X157.418 Y-117.429
G1 Z0.000 F1200
G1 X157.307 Y-113.378
G0 Z3.500
G0 X157.550 Y-111.764
G1 Z0.000 F1200
G1 X158.885 Y-113.943
G0 Z3.500
G0 X159.070 Y-113.208
G1 Z0.000 F1200
G1 X160.688 Y-108.747
G0 Z3.500
G0 X161.000 Y-108.874
G1 Z0.000 F1200
G1 X160.400 Y-109.875
G1 X160.400 Y-110.676
G1 X159.400 Y-110.876
G1 X160.200 Y-111.076
G1 X160.400 Y-113.078
G1 X160.000 Y-113.078
G1 X160.400 Y-113.478
G1 X160.400 Y-114.879
G1 X161.000 Y-116.080
G1 X161.000 Y-115.279
G1 X161.400 Y-115.279
G1 X162.000 Y-116.080
G1 X161.600 Y-115.079
G1 X162.200 Y-114.679
G1 X164.400 Y-116.280
G1 X165.000 Y-117.281
G1 X164.800 Y-117.882
G1 X163.800 Y-117.882
G1 X162.200 Y-117.081
G1 X163.200 Y-117.681
G1 X164.600 Y-117.882
G1 X165.000 Y-118.282
G1 X164.600 Y-119.083
G1 X161.600 Y-118.482
G1 X164.800 Y-119.083
G1 X165.200 Y-119.683
G1 X165.600 Y-124.887
G1 X163.800 Y-126.489
G1 X165.600 Y-124.887
G1 X165.400 Y-121.685
G1 X167.200 Y-121.284
G1 X167.200 Y-122.085
G1 X167.800 Y-120.284
G1 X168.600 Y-119.883
G1 X168.200 Y-119.883
G1 X168.400 Y-119.483
G1 X168.000 Y-120.083
G1 X165.400 Y-120.684
G1 X165.200 Y-119.883
G1 X165.600 Y-119.683
G1 X165.200 Y-119.683
G1 X164.800 Y-118.882
G1 X165.800 Y-117.681
G1 X167.800 Y-117.081
G1 X168.800 Y-116.080
G1 X167.800 Y-117.081
G1 X166.600 Y-117.481
G1 X166.400 Y-116.080
G1 X167.400 Y-114.879
G1 X166.000 Y-116.280
G1 X166.600 Y-116.280
G1 X166.400 Y-117.281
G1 X165.000 Y-118.282
G1 X164.600 Y-116.480
G1 X164.800 Y-111.076
G1 X164.800 Y-114.479
G1 X164.000 Y-114.679
G1 X163.400 Y-114.078
G1 X164.800 Y-115.279
G1 X164.600 Y-116.080
G1 X164.200 Y-116.280
G1 X162.000 Y-114.479
G1 X162.000 Y-113.478
G1 X161.400 Y-113.078
G1 X161.800 Y-111.877
G1 X163.800 Y-110.075
G1 X161.800 Y-111.877
G1 X161.200 Y-113.078
G1 X160.600 Y-113.078
G1 X160.200 Y-112.077
G1 X160.200 Y-111.276
G1 X160.800 Y-110.876
G1 X160.200 Y-110.876
G1 X160.400 Y-109.875
G1 X161.600 Y-109.675
G1 X162.000 Y-109.274
G1 X161.000 Y-109.675
G1 X161.000 Y-109.074
G0 Z3.500
G0 X160.177 Y-108.454
G1 Z0.000 F1200
G1 X160.572 Y-110.938
G0 Z3.500
G0 X160.400 Y-113.278
G1 Z0.000 F1200
G1 X161.400 Y-113.078
G1 X162.000 Y-113.478
G1 X162.000 Y-114.679
G1 X161.400 Y-115.279
G1 X160.400 Y-114.879
G1 X160.400 Y-113.478
G0 Z3.500
G0 X156.600 Y-118.282
G1 Z0.000 F1200
G1 X156.800 Y-118.082
G1 X157.200 Y-118.882
G1 X156.000 Y-122.485
G1 X155.000 Y-122.085
G1 X154.800 Y-120.083
G1 X155.000 Y-119.083
G1 X156.400 Y-118.282
G0 Z3.500
G0 X156.058 Y-118.494
G1 Z0.000 F1200
G1 X154.444 Y-121.223
G0 Z3.500
G0 X154.600 Y-122.485
G1 Z0.000 F1200
G1 X152.800 Y-122.886
G1 X152.400 Y-123.286
G1 X154.600 Y-125.288
G1 X156.000 Y-125.488
G1 X156.800 Y-124.687
G1 X156.400 Y-123.086
G1 X155.800 Y-122.285
G1 X154.800 Y-122.485
G0 Z3.500
G0 X154.145 Y-123.104
G1 Z0.000 F1200
G1 X152.966 Y-126.832
G0 Z3.500
G0 X153.065 Y-126.152
G1 Z0.000 F1200
G1 X152.312 Y-122.076
G0 Z3.500
G0 X152.977 Y-120.787
G1 Z0.000 F1200
G1 X153.849 Y-117.244
G0 Z3.500
G0 X154.236 Y-116.571
G1 Z0.000 F1200
G1 X152.375 Y-119.381
G0 Z3.500
G0 X151.177 Y-119.196
G1 Z0.000 F1200
G1 X150.825 Y-116.017
G0 Z3.500
G0 X150.780 Y-115.631
G1 Z0.000 F1200
G1 X150.758 Y-117.575
G0 Z3.500
G0 X150.600 Y-117.481
G1 Z0.000 F1200
G1 X150.800 Y-117.882
G1 X154.200 Y-119.083
G1 X153.400 Y-120.284
G1 X152.600 Y-120.083
G1 X151.600 Y-119.283
G1 X153.600 Y-120.484
G1 X153.400 Y-120.284
G1 X154.200 Y-119.283
G1 X155.000 Y-119.483
G1 X155.000 Y-122.285
G1 X153.800 Y-122.886
G1 X152.800 Y-122.886
G1 X151.600 Y-123.887
G1 X152.200 Y-125.088
G1 X153.000 Y-125.688
G1 X154.000 Y-125.888
G1 X152.200 Y-125.088
G1 X151.600 Y-123.887
G1 X152.000 Y-123.286
G1 X152.400 Y-123.286
G1 X154.600 Y-125.288
G1 X156.000 Y-125.688
G1 X155.800 Y-127.490
G1 X155.400 Y-127.890
G1 X154.200 Y-128.090
G1 X153.800 Y-127.690
G1 X154.000 Y-128.290
G1 X153.400 Y-128.891
G1 X152.400 Y-129.091
G1 X153.600 Y-130.092
G1 X153.400 Y-130.292
G1 X155.400 Y-130.292
G1 X155.400 Y-130.892
G1 X154.800 Y-131.693
G1 X153.800 Y-131.693
G1 X156.000 Y-134.295
G1 X155.600 Y-134.696
G1 X152.800 Y-134.696
G1 X153.400 Y-134.696
G1 X153.400 Y-135.296
G1 X152.600 Y-135.897
G1 X151.800 Y-135.897
G1 X150.200 Y-137.298
G1 X151.000 Y-136.497
G1 X151.800 Y-137.098
G1 X151.000 Y-137.898
G1 X151.000 Y-138.299
G1 X151.600 Y-138.699
G1 X151.600 Y-139.900
G1 X151.200 Y-140.300
G1 X150.000 Y-140.300
G1 X149.400 Y-139.500
G1 X149.600 Y-138.699
G1 X149.400 Y-139.500
G1 X149.800 Y-140.701
G1 X148.800 Y-141.701
G1 X148.200 Y-141.701
G1 X147.600 Y-141.101
G1 X147.600 Y-140.100
G1 X148.600 Y-139.299
G1 X147.600 Y-140.100
G1 X147.000 Y-139.900
G1 X147.200 Y-139.099
G1 X148.400 Y-138.299
G1 X147.600 Y-138.899
G1 X147.200 Y-138.699
G1 X147.800 Y-137.298
G1 X147.400 Y-137.698
G1 X147.000 Y-139.700
G1 X145.800 Y-141.101
G1 X145.800 Y-142.302
G1 X145.600 Y-142.502
G1 X144.800 Y-142.102
G1 X144.600 Y-141.301
G1 X144.800 Y-142.102
G1 X143.400 Y-143.103
G1 X143.200 Y-144.103
G1 X142.200 Y-144.504
G1 X141.400 Y-144.103
G1 X141.400 Y-142.902
G1 X142.400 Y-141.501
G1 X143.000 Y-141.501
G1 X142.400 Y-141.301
G1 X142.600 Y-140.901
G1 X141.400 Y-142.902
G1 X140.600 Y-142.302
G1 X140.200 Y-141.501
G1 X141.200 Y-141.101
G1 X140.200 Y-141.101
G1 X140.200 Y-135.897
G1 X140.400 Y-138.899
G1 X139.600 Y-139.299
G1 X139.600 Y-139.900
G1 X138.600 Y-141.101
G1 X138.400 Y-141.902
G1 X138.800 Y-140.901
G1 X139.800 Y-141.301
G1 X139.600 Y-142.102
G1 X139.200 Y-142.302
G1 X139.600 Y-142.502
G1 X139.600 Y-143.503
G1 X139.000 Y-143.703
G1 X138.600 Y-144.504
G1 X139.000 Y-143.703
G1 X141.000 Y-143.503
G1 X141.400 Y-143.703
G1 X141.400 Y-144.304
G1 X140.200 Y-145.505
G1 X139.400 Y-145.505
G1 X138.800 Y-146.305
G1 X137.600 Y-146.105
G1 X137.400 Y-144.504
G1 X137.000 Y-144.103
G1 X137.400 Y-143.303
G1 X137.400 Y-142.102
G1 X137.400 Y-143.303
G1 X137.000 Y-143.703
G1 X136.600 Y-143.503
G1 X136.400 Y-137.698
G1 X136.600 Y-143.503
G1 X137.000 Y-143.903
G1 X136.600 Y-144.704
G1 X136.600 Y-146.105
G1 X136.800 Y-146.305
G1 X136.600 Y-144.704
G1 X137.000 Y-144.103
G1 X138.000 Y-146.505
G1 X138.000 Y-147.506
G1 X140.200 Y-147.106
G1 X139.600 Y-146.706
G1 X142.200 Y-144.904
G1 X143.200 Y-145.905
G1 X142.000 Y-147.106
G1 X141.400 Y-147.106
G1 X142.000 Y-147.306
G1 X142.000 Y-148.107
G1 X142.000 Y-147.106
G1 X144.000 Y-145.304
G1 X143.200 Y-145.905
G1 X142.000 Y-144.704
G1 X143.000 Y-144.103
G1 X144.600 Y-144.304
G1 X145.600 Y-143.503
G1 X145.800 Y-142.502
G1 X147.400 Y-141.101
G1 X148.200 Y-141.701
G1 X147.600 Y-142.302
G1 X149.200 Y-141.301
G1 X149.800 Y-141.701
G1 X150.000 Y-143.903
G1 X150.000 Y-142.702
G1 X151.200 Y-142.102
G1 X151.600 Y-138.899
G1 X152.200 Y-138.299
G1 X152.400 Y-136.097
G1 X153.000 Y-135.696
G1 X153.600 Y-136.697
G1 X153.200 Y-136.297
G1 X153.600 Y-134.896
G1 X155.600 Y-134.896
G1 X156.600 Y-138.699
G1 X156.000 Y-137.298
G1 X155.600 Y-134.696
G1 X158.600 Y-132.093
G1 X157.000 Y-133.695
G1 X156.000 Y-134.095
G1 X154.800 Y-132.894
G1 X154.400 Y-131.893
G1 X155.600 Y-130.692
G1 X160.000 Y-129.691
G1 X157.200 Y-130.492
G1 X155.400 Y-130.492
G1 X155.200 Y-128.490
G1 X155.600 Y-127.690
G1 X156.200 Y-128.290
G1 X157.200 Y-128.290
G1 X158.000 Y-127.690
G1 X159.600 Y-127.490
G1 X156.200 Y-128.290
G1 X155.600 Y-127.690
G1 X156.000 Y-125.488
G1 X157.000 Y-124.487
G1 X162.200 Y-124.487
G1 X157.000 Y-124.487
G1 X156.200 Y-122.886
G1 X156.200 Y-121.885
G1 X157.000 Y-120.284
G1 X158.200 Y-120.684
G1 X158.800 Y-121.885
G1 X159.600 Y-121.885
G1 X158.800 Y-121.885
G1 X158.400 Y-121.485
G1 X158.400 Y-120.684
G1 X159.800 Y-120.083
G1 X161.200 Y-121.284
G1 X160.800 Y-121.885
G1 X160.400 Y-121.885
G1 X161.200 Y-121.485
G1 X162.600 Y-121.685
G1 X163.800 Y-122.485
G1 X163.600 Y-123.286
G1 X164.000 Y-122.485
G1 X164.400 Y-122.686
G1 X161.800 Y-121.485
G1 X162.000 Y-120.083
G1 X163.400 Y-120.484
G1 X160.600 Y-119.483
G1 X159.400 Y-118.282
G1 X158.000 Y-117.882
G1 X158.600 Y-118.082
G1 X158.000 Y-119.083
G1 X157.000 Y-118.682
G1 X157.000 Y-117.882
G1 X154.400 Y-119.283
G1 X150.600 Y-117.681
G0 Z3.500
G0 X150.400 Y-118.482
G1 Z0.000 F1200
G1 X149.800 Y-119.083
G1 X148.800 Y-119.083
G1 X147.200 Y-120.083
G1 X147.000 Y-119.883
G1 X147.200 Y-120.083
G1 X148.800 Y-119.083
G1 X150.000 Y-119.283
G1 X150.000 Y-119.683
G1 X148.200 Y-121.284
G1 X147.400 Y-121.284
G1 X144.600 Y-122.686
G1 X144.200 Y-123.686
G1 X144.600 Y-125.088
G1 X144.600 Y-124.287
G1 X146.600 Y-123.086
G1 X147.600 Y-123.686
G1 X148.400 Y-125.088
G1 X148.600 Y-124.687
G1 X150.400 Y-124.287
G1 X149.400 Y-124.287
G1 X150.000 Y-122.886
G1 X148.400 Y-121.485
G1 X148.400 Y-121.084
G1 X150.000 Y-119.683
G1 X150.400 Y-119.683
G1 X152.400 Y-121.485
G1 X153.200 Y-121.685
G1 X151.200 Y-120.684
G1 X149.800 Y-119.083
G1 X150.200 Y-118.682
G0 Z3.500
G0 X149.817 Y-118.287
G1 Z0.000 F1200
G1 X150.827 Y-119.462
G0 Z3.500
G0 X150.695 Y-120.161
G1 Z0.000 F1200
G1 X152.748 Y-115.496
G0 Z3.500
G0 X153.510 Y-114.666
G1 Z0.000 F1200
G1 X152.856 Y-110.998
G0 Z3.500
G0 X151.570 Y-110.783
G1 Z0.000 F1200
G1 X152.377 Y-107.460
G0 Z3.500
G0 X152.212 Y-107.008
G1 Z0.000 F1200
G1 X150.641 Y-111.710
G0 Z3.500
G0 X150.448 Y-111.612
G1 Z0.000 F1200
G1 X147.211 Y-107.708
G0 Z3.500
G0 X147.913 Y-107.485
G1 Z0.000 F1200
G1 X150.400 Y-109.595
G0 Z3.500
G0 X150.784 Y-110.334
G1 Z0.000 F1200
G1 X149.658 Y-113.457
G0 Z3.500
G0 X149.239 Y-113.446
G1 Z0.000 F1200
G1 X148.199 Y-111.365
G0 Z3.500
G0 X147.394 Y-112.142
G1 Z0.000 F1200
G1 X149.399 Y-109.393
G0 Z3.500
G0 X149.475 Y-109.297
G1 Z0.000 F1200
G1 X152.078 Y-104.202
G0 Z3.500
G0 X151.706 Y-104.012
G1 Z0.000 F1200
G1 X149.102 Y-109.106
G0 Z3.500
G0 X149.203 Y-108.990
G1 Z0.000 F1200
G1 X146.834 Y-106.238
G0 Z3.500
G0 X147.004 Y-106.649
G1 Z0.000 F1200
G1 X147.234 Y-105.216
G0 Z3.500
G0 X148.345 Y-105.040
G1 Z0.000 F1200
G1 X152.216 Y-99.266
G0 Z3.500
G0 X150.600 Y-100.867
G1 Z0.000 F1200
G1 X150.200 Y-101.268
G1 X150.200 Y-102.869
G1 X149.400 Y-103.269
G1 X150.200 Y-103.269
G1 X150.000 Y-105.071
G1 X149.600 Y-105.471
G1 X148.600 Y-104.070
G1 X149.600 Y-105.671
G1 X150.400 Y-106.272
G1 X150.400 Y-108.674
G1 X149.800 Y-109.274
G1 X149.200 Y-109.274
G1 X147.800 Y-106.672
G1 X148.600 Y-107.873
G1 X148.800 Y-108.874
G1 X148.400 Y-109.074
G1 X147.400 Y-108.073
G1 X148.400 Y-109.074
G1 X146.800 Y-109.074
G1 X149.000 Y-109.074
G1 X148.800 Y-110.475
G1 X148.200 Y-110.475
G1 X149.400 Y-111.276
G1 X148.800 Y-110.676
G1 X148.800 Y-109.675
G1 X149.200 Y-109.274
G1 X150.000 Y-109.274
G1 X150.400 Y-110.275
G1 X150.400 Y-112.077
G1 X150.000 Y-112.477
G1 X149.000 Y-112.077
G1 X149.400 Y-112.477
G1 X149.200 Y-112.677
G1 X148.000 Y-112.477
G1 X145.600 Y-110.676
G1 X148.000 Y-112.477
G1 X150.000 Y-112.477
G1 X150.200 Y-113.678
G1 X147.800 Y-114.879
G1 X145.800 Y-114.879
G1 X144.400 Y-113.878
G1 X145.800 Y-114.879
G1 X147.800 Y-114.879
G1 X150.400 Y-113.678
G1 X150.400 Y-114.879
G1 X149.000 Y-116.280
G1 X147.200 Y-116.480
G1 X149.000 Y-116.480
G1 X148.200 Y-117.681
G1 X145.800 Y-118.882
G1 X145.000 Y-118.682
G1 X145.800 Y-117.681
G1 X144.800 Y-118.682
G1 X143.000 Y-118.282
G1 X145.800 Y-118.882
G1 X147.800 Y-117.681
G1 X148.800 Y-117.681
G1 X148.600 Y-117.281
G1 X149.000 Y-116.280
G1 X150.600 Y-114.279
G1 X151.200 Y-114.479
G1 X152.000 Y-113.678
G1 X154.200 Y-113.878
G1 X150.200 Y-113.478
G1 X150.600 Y-112.477
G1 X151.600 Y-112.477
G1 X152.000 Y-112.077
G1 X153.800 Y-111.676
G1 X154.600 Y-111.877
G1 X151.800 Y-111.877
G1 X151.600 Y-112.477
G1 X150.200 Y-112.477
G1 X150.600 Y-110.676
G1 X151.800 Y-110.676
G1 X153.400 Y-109.475
G1 X151.800 Y-110.676
G1 X150.600 Y-110.676
G1 X150.200 Y-110.075
G1 X150.400 Y-109.475
G1 X151.800 Y-109.274
G1 X152.800 Y-108.274
G1 X152.400 Y-108.474
G1 X152.400 Y-107.873
G1 X152.000 Y-108.274
G1 X150.800 Y-108.073
G1 X152.000 Y-107.073
G1 X150.800 Y-108.073
G1 X150.400 Y-107.873
G1 X150.400 Y-105.872
G1 X151.200 Y-104.671
G1 X151.200 Y-103.870
G1 X150.200 Y-103.269
G1 X150.400 Y-101.068
G0 Z3.500
G0 X150.115 Y-100.488
G1 Z0.000 F1200
G1 X151.127 Y-106.398
G0 Z3.500
G0 X150.706 Y-106.470
G1 Z0.000 F1200
G1 X149.694 Y-100.560
G0 Z3.500
G0 X149.242 Y-100.326
G1 Z0.000 F1200
G1 X149.570 Y-103.478
G0 Z3.500
G0 X149.597 Y-103.408
G1 Z0.000 F1200
G1 X149.565 Y-107.509
G0 Z3.500
G0 X149.777 Y-107.526
G1 Z0.000 F1200
G1 X149.460 Y-105.169
G0 Z3.500
G0 X149.848 Y-105.117
G1 Z0.000 F1200
G1 X150.164 Y-107.474
G0 Z3.500
G0 X149.792 Y-107.183
G1 Z0.000 F1200
G1 X149.329 Y-108.947
G0 Z3.500
G0 X150.400 Y-108.474
G1 Z0.000 F1200
G1 X150.000 Y-109.074
G1 X150.200 Y-109.475
G1 X151.200 Y-109.475
G1 X152.200 Y-108.874
G1 X152.000 Y-108.274
G1 X150.400 Y-108.274
G0 Z3.500
G0 X151.597 Y-109.560
G1 Z0.000 F1200
G1 X150.306 Y-111.743
G0 Z3.500
G0 X150.559 Y-113.439
G1 Z0.000 F1200
G1 X150.560 Y-115.605
G0 Z3.500
G0 X150.968 Y-115.201
G1 Z0.000 F1200
G1 X151.946 Y-112.831
G0 Z3.500
G0 X153.601 Y-112.203
G1 Z0.000 F1200
G1 X153.551 Y-113.697
G0 Z3.500
G0 X155.954 Y-108.309
G1 Z0.000 F1200
G1 X155.802 Y-106.196
G0 Z3.500
G0 X152.714 Y-102.058
G1 Z0.000 F1200
G1 X150.577 Y-105.082
G0 Z3.500
G0 X150.200 Y-103.870
G1 Z0.000 F1200
G1 X150.000 Y-105.071
G1 X149.600 Y-105.471
G1 X150.000 Y-106.072
G1 X151.000 Y-105.271
G1 X151.200 Y-104.671
G1 X151.000 Y-103.670
G1 X150.200 Y-103.670
G0 Z3.500
G0 X150.023 Y-102.276
G1 Z0.000 F1200
G1 X148.837 Y-100.122
G0 Z3.500
G0 X147.399 Y-98.523
G1 Z0.000 F1200
G1 X152.723 Y-96.038
G0 Z3.500
G0 X150.796 Y-95.143
G1 Z0.000 F1200
G1 X153.823 Y-93.982
G1 X155.924 Y-92.749
G0 Z3.500
G0 X155.714 Y-93.525
G1 Z0.000 F1200
G1 X160.155 Y-91.452
G0 Z3.500
G0 X159.445 Y-85.459
G1 Z0.000 F1200
G1 X157.124 Y-86.719
G1 X155.266 Y-87.409
G0 Z3.500
G0 X155.915 Y-82.550
G1 Z0.000 F1200
G1 X158.836 Y-81.382
G1 X162.558 Y-79.450
G0 Z3.500
G0 X156.388 Y-77.238
G1 Z0.000 F1200
G1 X151.139 Y-79.688
G0 Z3.500
G0 X149.935 Y-84.326
G1 Z0.000 F1200
G1 X142.924 Y-87.598
G0 Z3.500
G0 X144.377 Y-87.642
G1 Z0.000 F1200
G1 X150.515 Y-84.777
G0 Z3.500
G0 X150.467 Y-89.916
G1 Z0.000 F1200
G1 X144.119 Y-92.878
G0 Z3.500
G0 X144.764 Y-92.419
G1 Z0.000 F1200
G1 X140.677 Y-90.244
G0 Z3.500
G0 X140.364 Y-88.246
G1 Z0.000 F1200
G1 X135.313 Y-90.603
G0 Z3.500
G0 X136.797 Y-92.844
G1 Z0.000 F1200
G1 X141.411 Y-95.299
G0 Z3.500
G0 X143.390 Y-96.938
G1 Z0.000 F1200
G1 X136.033 Y-100.372
G0 Z3.500
G0 X135.014 Y-105.114
G1 Z0.000 F1200
G1 X137.579 Y-109.484
G0 Z3.500
G0 X137.456 Y-109.712
G1 Z0.000 F1200
G1 X134.066 Y-114.571
G0 Z3.500
G0 X133.721 Y-114.330
G1 Z0.000 F1200
G1 X137.111 Y-109.471
G0 Z3.500
G0 X136.721 Y-111.340
G1 Z0.000 F1200
G1 X139.935 Y-116.609
G0 Z3.500
G0 X140.836 Y-115.723
G1 Z0.000 F1200
G1 X140.567 Y-113.054
G0 Z3.500
G0 X140.946 Y-111.809
G1 Z0.000 F1200
G1 X142.585 Y-115.337
G0 Z3.500
G0 X142.961 Y-113.065
G1 Z0.000 F1200
G1 X142.199 Y-108.498
G0 Z3.500
G0 X142.699 Y-108.709
G1 Z0.000 F1200
G1 X143.490 Y-106.684
G0 Z3.500
G0 X142.207 Y-107.250
G1 Z0.000 F1200
G1 X140.852 Y-110.602
G0 Z3.500
G0 X142.597 Y-109.348
G1 Z0.000 F1200
G1 X142.055 Y-106.459
G0 Z3.500
G0 X136.200 Y-105.471
G1 Z0.000 F1200
G1 X135.800 Y-108.674
G1 X137.400 Y-108.874
G1 X135.800 Y-109.074
G1 X135.600 Y-111.076
G1 X136.400 Y-111.476
G1 X137.600 Y-109.875
G1 X136.800 Y-111.076
G1 X138.000 Y-111.076
G1 X136.400 Y-111.476
G1 X137.400 Y-112.477
G1 X138.200 Y-112.877
G1 X138.800 Y-112.277
G1 X138.800 Y-110.876
G1 X139.000 Y-111.676
G1 X139.800 Y-111.676
G1 X140.200 Y-111.076
G1 X139.400 Y-113.278
G1 X141.200 Y-113.478
G1 X141.600 Y-113.078
G1 X141.800 Y-111.276
G1 X141.600 Y-109.875
G1 X141.800 Y-111.076
G1 X142.400 Y-110.676
G1 X142.600 Y-109.274
G1 X142.400 Y-110.676
G1 X141.600 Y-111.476
G1 X141.400 Y-115.079
G1 X142.400 Y-115.079
G1 X141.600 Y-115.279
G1 X141.400 Y-115.680
G1 X141.200 Y-115.279
G1 X140.200 Y-115.079
G1 X139.000 Y-113.278
G1 X138.000 Y-113.278
G1 X137.400 Y-114.078
G1 X138.200 Y-112.877
G1 X136.400 Y-111.476
G1 X135.400 Y-112.077
G1 X135.200 Y-112.677
G1 X136.000 Y-111.476
G1 X134.800 Y-111.276
G1 X132.400 Y-112.277
G1 X132.600 Y-113.478
G1 X133.400 Y-113.478
G1 X133.800 Y-113.078
G1 X133.400 Y-113.478
G1 X131.000 Y-114.078
G1 X130.800 Y-115.680
G1 X131.000 Y-114.679
G1 X130.600 Y-113.878
G1 X129.200 Y-113.878
G1 X127.600 Y-115.279
G1 X128.000 Y-117.481
G1 X127.800 Y-115.680
G1 X126.000 Y-114.879
G1 X125.400 Y-115.480
G1 X124.600 Y-117.481
G1 X122.400 Y-119.883
G1 X121.200 Y-120.484
G1 X121.400 Y-122.485
G1 X121.400 Y-120.884
G1 X121.000 Y-120.484
G1 X119.400 Y-121.885
G1 X121.000 Y-120.484
G1 X120.800 Y-117.481
G1 X121.200 Y-116.881
G1 X120.800 Y-117.882
G1 X121.000 Y-118.082
G1 X122.000 Y-117.481
G1 X121.600 Y-117.882
G1 X122.000 Y-118.482
G1 X121.000 Y-119.483
G1 X121.200 Y-120.484
G1 X122.400 Y-119.883
G1 X124.600 Y-117.481
G1 X125.400 Y-115.480
G1 X126.200 Y-114.679
G1 X125.800 Y-113.878
G1 X124.400 Y-112.877
G1 X124.400 Y-112.277
G1 X123.400 Y-111.076
G1 X124.200 Y-112.077
G1 X124.800 Y-111.676
G1 X124.200 Y-110.275
G1 X124.400 Y-109.875
G1 X124.200 Y-110.275
G1 X124.800 Y-111.476
G1 X126.400 Y-111.276
G1 X126.400 Y-110.075
G1 X125.400 Y-109.475
G1 X126.400 Y-110.075
G1 X126.800 Y-109.675
G1 X126.800 Y-108.874
G1 X126.400 Y-108.474
G1 X126.600 Y-106.072
G1 X126.400 Y-108.474
G1 X127.000 Y-108.874
G1 X127.600 Y-108.474
G1 X126.800 Y-109.074
G1 X127.600 Y-109.074
G1 X126.800 Y-109.475
G1 X126.400 Y-110.676
G1 X127.200 Y-110.876
G1 X128.000 Y-110.275
G1 X126.400 Y-111.076
G1 X126.400 Y-112.677
G1 X127.200 Y-113.078
G1 X128.400 Y-111.276
G1 X127.800 Y-111.877
G1 X127.800 Y-112.677
G1 X128.600 Y-113.078
G1 X130.800 Y-112.277
G1 X130.800 Y-111.676
G1 X130.000 Y-110.876
G1 X130.800 Y-111.676
G1 X131.800 Y-111.476
G1 X131.800 Y-110.876
G1 X130.800 Y-109.875
G1 X131.600 Y-110.676
G1 X132.000 Y-110.475
G1 X132.000 Y-109.274
G1 X131.400 Y-108.674
G1 X132.000 Y-109.274
G1 X132.600 Y-108.874
G1 X132.600 Y-107.073
G1 X133.200 Y-105.872
G1 X132.600 Y-107.073
G1 X132.600 Y-108.874
G1 X132.000 Y-109.475
G1 X131.800 Y-111.676
G1 X132.200 Y-112.077
G1 X133.400 Y-112.077
G1 X135.600 Y-111.076
G1 X136.200 Y-105.271
G0 Z3.500
G0 X134.023 Y-108.995
G1 Z0.000 F1200
G1 X132.373 Y-111.285
G0 Z3.500
G0 X131.451 Y-110.394
G1 Z0.000 F1200
G1 X134.189 Y-113.863
G0 Z3.500
G0 X131.164 Y-113.571
G1 Z0.000 F1200
G1 X129.361 Y-110.961
G0 Z3.500
G0 X129.479 Y-111.671
G1 Z0.000 F1200
G1 X128.905 Y-113.314
G0 Z3.500
G0 X129.217 Y-113.637
G1 Z0.000 F1200
G1 X131.909 Y-116.555
G0 Z3.500
G0 X129.082 Y-115.940
G1 Z0.000 F1200
G1 X128.838 Y-113.788
G0 Z3.500
G0 X129.400 Y-112.677
G1 Z0.000 F1200
G1 X128.600 Y-113.078
G1 X128.800 Y-113.678
G1 X130.400 Y-113.878
G1 X130.600 Y-112.677
G1 X129.600 Y-112.677
G0 Z3.500
G0 X127.400 Y-112.877
G1 Z0.000 F1200
G1 X127.800 Y-112.677
G1 X128.600 Y-113.078
G1 X129.000 Y-113.878
G1 X127.600 Y-115.279
G1 X126.800 Y-115.279
G1 X126.200 Y-114.679
G1 X127.200 Y-113.078
G0 Z3.500
G0 X127.073 Y-113.930
G1 Z0.000 F1200
G1 X127.136 Y-116.611
G0 Z3.500
G0 X127.361 Y-116.642
G1 Z0.000 F1200
G1 X125.252 Y-112.872
G0 Z3.500
G0 X124.930 Y-113.052
G1 Z0.000 F1200
G1 X127.039 Y-116.822
G0 Z3.500
G0 X127.529 Y-116.602
G1 Z0.000 F1200
G1 X127.466 Y-113.921
G0 Z3.500
G0 X125.080 Y-115.294
G1 Z0.000 F1200
G1 X123.468 Y-118.554
G0 Z3.500
G0 X122.568 Y-119.587
G1 Z0.000 F1200
G1 X120.654 Y-122.875
G0 Z3.500
G0 X120.291 Y-123.211
G1 Z0.000 F1200
G1 X119.647 Y-120.961
G0 Z3.500
G0 X120.849 Y-120.490
G1 Z0.000 F1200
G1 X123.027 Y-123.243
G0 Z3.500
G0 X123.766 Y-123.805
G1 Z0.000 F1200
G1 X125.622 Y-125.590
G0 Z3.500
G0 X125.875 Y-122.891
G1 Z0.000 F1200
G1 X125.488 Y-121.500
G0 Z3.500
G0 X126.917 Y-123.136
G1 Z0.000 F1200
G1 X128.329 Y-120.635
G0 Z3.500
G0 X128.604 Y-120.817
G1 Z0.000 F1200
G1 X127.173 Y-119.211
G0 Z3.500
G0 X128.278 Y-119.936
G1 Z0.000 F1200
G1 X127.607 Y-122.692
G0 Z3.500
G0 X123.125 Y-121.662
G1 Z0.000 F1200
G1 X121.842 Y-119.607
G0 Z3.500
G0 X121.868 Y-120.035
G1 Z0.000 F1200
G1 X122.827 Y-117.289
G0 Z3.500
G0 X121.624 Y-118.025
G1 Z0.000 F1200
G1 X123.092 Y-115.885
G0 Z3.500
G0 X124.575 Y-116.419
G1 Z0.000 F1200
G1 X124.058 Y-113.307
G0 Z3.500
G0 X123.777 Y-112.021
G1 Z0.000 F1200
G1 X126.022 Y-116.690
G0 Z3.500
G0 X124.600 Y-111.877
G1 Z0.000 F1200
G1 X124.400 Y-112.877
G1 X126.200 Y-114.279
G1 X127.000 Y-113.478
G1 X126.400 Y-112.677
G1 X126.400 Y-111.676
G1 X124.800 Y-111.676
G0 Z3.500
G0 X121.738 Y-112.375
G1 Z0.000 F1200
G1 X119.006 Y-116.768
G0 Z3.500
G0 X119.570 Y-117.651
G1 Z0.000 F1200
G1 X119.745 Y-112.959
G0 Z3.500
G0 X120.141 Y-112.973
G1 Z0.000 F1200
G1 X119.966 Y-117.666
G0 Z3.500
G0 X120.268 Y-118.528
G1 Z0.000 F1200
G1 X117.697 Y-114.905
G0 Z3.500
G0 X117.084 Y-114.826
G1 Z0.000 F1200
G1 X117.087 Y-111.818
G0 Z3.500
G0 X116.679 Y-111.818
G1 Z0.000 F1200
G1 X116.677 Y-114.826
G0 Z3.500
G0 X115.868 Y-114.336
G1 Z0.000 F1200
G1 X116.330 Y-112.019
G0 Z3.500
G0 X115.257 Y-111.741
G1 Z0.000 F1200
G1 X115.309 Y-113.630
G0 Z3.500
G0 X115.426 Y-114.609
G1 Z0.000 F1200
G1 X117.206 Y-111.044
G0 Z3.500
G0 X117.469 Y-110.139
G1 Z0.000 F1200
G1 X116.141 Y-109.080
G0 Z3.500
G0 X116.498 Y-108.509
G1 Z0.000 F1200
G1 X118.045 Y-105.988
G0 Z3.500
G0 X116.859 Y-106.076
G1 Z0.000 F1200
G1 X118.895 Y-109.965
G0 Z3.500
G0 X118.732 Y-109.989
G1 Z0.000 F1200
G1 X118.836 Y-111.459
G0 Z3.500
G0 X119.995 Y-110.807
G1 Z0.000 F1200
G1 X119.258 Y-107.550
G0 Z3.500
G0 X117.200 Y-107.473
G1 Z0.000 F1200
G1 X117.600 Y-108.274
G1 X119.000 Y-108.274
G1 X117.600 Y-108.274
G1 X117.200 Y-107.673
G0 Z3.500
G0 X115.640 Y-110.595
G1 Z0.000 F1200
G1 X114.445 Y-113.121
G0 Z3.500
G0 X113.893 Y-111.164
G1 Z0.000 F1200
G1 X112.584 Y-108.996
G0 Z3.500
G0 X110.148 Y-110.392
G1 Z0.000 F1200
G1 X111.931 Y-111.878
G0 Z3.500
G0 X111.465 Y-112.085
G1 Z0.000 F1200
G1 X109.720 Y-109.965
G0 Z3.500
G0 X109.196 Y-108.915
G1 Z0.000 F1200
G1 X111.049 Y-112.548
G0 Z3.500
G0 X109.752 Y-115.012
G1 Z0.000 F1200
G1 X109.740 Y-117.059
G0 Z3.500
G0 X112.108 Y-118.532
G1 Z0.000 F1200
G1 X110.251 Y-121.446
G0 Z3.500
G0 X110.564 Y-122.574
G1 Z0.000 F1200
G1 X109.034 Y-120.810
G0 Z3.500
G0 X106.390 Y-126.988
G1 Z0.000 F1200
G1 X110.361 Y-127.727
G0 Z3.500
G0 X114.190 Y-127.131
G1 Z0.000 F1200
G1 X114.693 Y-125.717
G0 Z3.500
G0 X115.355 Y-126.175
G1 Z0.000 F1200
G1 X114.510 Y-128.341
G0 Z3.500
G0 X114.423 Y-129.059
G1 Z0.000 F1200
G1 X120.712 Y-127.296
G0 Z3.500
G0 X120.581 Y-129.181
G1 Z0.000 F1200
G1 X125.952 Y-128.389
G0 Z3.500
G0 X124.434 Y-131.721
G1 Z0.000 F1200
G1 X123.036 Y-135.397
G0 Z3.500
G0 X124.564 Y-135.108
G1 Z0.000 F1200
G1 X124.307 Y-132.898
G0 Z3.500
G0 X123.853 Y-133.496
G1 Z0.000 F1200
G1 X125.569 Y-136.002
G0 Z3.500
G0 X123.095 Y-132.700
G1 Z0.000 F1200
G1 X122.324 Y-129.751
G0 Z3.500
G0 X120.526 Y-130.472
G1 Z0.000 F1200
G1 X124.412 Y-131.893
G0 Z3.500
G0 X119.200 Y-123.887
G1 Z0.000 F1200
G1 X118.600 Y-124.287
G1 X118.000 Y-125.288
G1 X118.000 Y-126.088
G1 X117.200 Y-126.889
G1 X117.000 Y-128.691
G1 X117.000 Y-128.090
G1 X116.600 Y-127.890
G1 X115.600 Y-129.091
G1 X115.800 Y-129.691
G1 X117.000 Y-129.491
G1 X116.200 Y-129.892
G1 X116.400 Y-132.093
G1 X117.400 Y-132.093
G1 X116.800 Y-132.694
G1 X117.400 Y-133.294
G1 X118.200 Y-133.294
G1 X117.400 Y-133.495
G1 X117.600 Y-134.696
G1 X116.800 Y-135.496
G1 X117.000 Y-136.497
G1 X118.000 Y-137.698
G1 X116.600 Y-136.097
G1 X114.400 Y-138.098
G1 X114.200 Y-138.699
G1 X114.400 Y-139.500
G1 X115.200 Y-139.500
G1 X116.200 Y-138.299
G1 X115.400 Y-139.299
G1 X115.600 Y-139.900
G1 X118.400 Y-140.300
G1 X115.600 Y-139.900
G1 X115.200 Y-139.500
G1 X113.200 Y-139.500
G1 X112.400 Y-140.300
G1 X112.200 Y-141.501
G1 X111.000 Y-143.303
G1 X112.400 Y-144.704
G1 X110.800 Y-143.303
G1 X110.200 Y-143.303
G1 X109.400 Y-142.702
G1 X106.600 Y-142.302
G1 X104.800 Y-141.301
G1 X103.400 Y-141.101
G1 X105.200 Y-141.101
G1 X104.800 Y-139.700
G1 X105.200 Y-141.701
G1 X106.600 Y-142.302
G1 X109.400 Y-142.702
G1 X111.000 Y-140.701
G1 X110.600 Y-141.301
G1 X110.800 Y-141.701
G1 X110.000 Y-141.701
G1 X109.600 Y-142.102
G1 X109.600 Y-142.902
G1 X110.600 Y-143.303
G1 X110.800 Y-142.502
G1 X111.000 Y-143.303
G1 X111.600 Y-142.702
G1 X112.400 Y-140.300
G1 X113.200 Y-139.500
G1 X112.600 Y-138.499
G1 X112.000 Y-135.897
G1 X112.200 Y-137.098
G1 X112.600 Y-137.498
G1 X114.200 Y-136.697
G1 X114.800 Y-137.698
G1 X116.800 Y-135.897
G1 X115.600 Y-134.295
G1 X115.200 Y-134.295
G1 X116.000 Y-133.895
G1 X116.800 Y-132.694
G1 X116.400 Y-132.093
G1 X116.200 Y-129.892
G1 X115.600 Y-129.491
G1 X116.200 Y-128.090
G1 X117.000 Y-127.690
G1 X117.200 Y-126.889
G1 X118.000 Y-126.088
G1 X118.000 Y-125.288
G1 X119.000 Y-123.887
G0 Z3.500
G0 X116.862 Y-118.011
G1 Z0.000 F1200
G1 X118.122 Y-115.941
G0 Z3.500
G0 X117.200 Y-113.278
G1 Z0.000 F1200
G1 X117.600 Y-114.279
G1 X118.800 Y-115.279
G1 X119.800 Y-114.679
G1 X120.000 Y-113.678
G1 X119.400 Y-113.078
G1 X117.200 Y-113.078
G0 Z3.500
G0 X108.118 Y-113.371
G1 Z0.000 F1200
G1 X108.361 Y-108.341
G0 Z3.500
G0 X108.662 Y-108.690
G1 Z0.000 F1200
G1 X108.093 Y-111.650
G0 Z3.500
G0 X107.643 Y-111.078
G1 Z0.000 F1200
G1 X109.642 Y-107.844
G0 Z3.500
G0 X109.000 Y-107.673
G1 Z0.000 F1200
G1 X109.400 Y-107.673
G1 X109.800 Y-108.674
G1 X109.400 Y-109.675
G1 X108.400 Y-108.874
G1 X108.400 Y-108.073
G1 X108.800 Y-107.673
G0 Z3.500
G0 X107.567 Y-108.400
G1 Z0.000 F1200
G1 X108.073 Y-113.502
G0 Z3.500
G0 X107.635 Y-113.545
G1 Z0.000 F1200
G1 X107.130 Y-108.443
G0 Z3.500
G0 X106.989 Y-108.516
G1 Z0.000 F1200
G1 X107.126 Y-111.513
G0 Z3.500
G0 X106.872 Y-112.962
G1 Z0.000 F1200
G1 X108.317 Y-109.622
G0 Z3.500
G0 X107.600 Y-108.874
G1 Z0.000 F1200
G1 X107.400 Y-109.675
G1 X107.800 Y-110.075
G1 X109.200 Y-109.875
G1 X108.200 Y-108.474
G1 X107.600 Y-108.674
G0 Z3.500
G0 X105.925 Y-108.831
G1 Z0.000 F1200
G1 X105.603 Y-107.503
G0 Z3.500
G0 X104.799 Y-107.238
G1 Z0.000 F1200
G1 X103.416 Y-111.007
G0 Z3.500
G0 X103.447 Y-110.313
G1 Z0.000 F1200
G1 X104.496 Y-108.197
G0 Z3.500
G0 X103.121 Y-106.753
G1 Z0.000 F1200
G1 X102.265 Y-108.485
G0 Z3.500
G0 X101.400 Y-110.475
G1 Z0.000 F1200
G1 X101.800 Y-110.275
G1 X102.800 Y-110.876
G1 X102.800 Y-111.877
G1 X102.400 Y-112.277
G1 X101.200 Y-111.076
G1 X101.400 Y-110.676
G0 Z3.500
G0 X102.400 Y-113.078
G1 Z0.000 F1200
G1 X104.400 Y-113.078
G1 X102.800 Y-114.679
G1 X102.400 Y-114.479
G1 X102.400 Y-113.278
G0 Z3.500
G0 X100.649 Y-115.440
G1 Z0.000 F1200
G1 X99.547 Y-113.341
G0 Z3.500
G0 X100.800 Y-116.080
G1 Z0.000 F1200
G1 X101.600 Y-116.080
G1 X101.600 Y-117.081
G1 X102.200 Y-117.681
G1 X101.000 Y-118.682
G1 X98.800 Y-117.681
G1 X99.000 Y-116.881
G1 X100.600 Y-116.280
G0 Z3.500
G0 X102.751 Y-116.559
G1 Z0.000 F1200
G1 X100.833 Y-119.826
G0 Z3.500
G0 X97.559 Y-121.994
G1 Z0.000 F1200
G1 X97.003 Y-124.226
G0 Z3.500
G0 X96.000 Y-123.286
G1 Z0.000 F1200
G1 X94.800 Y-124.887
G1 X93.800 Y-125.088
G1 X92.800 Y-126.088
G1 X92.600 Y-127.289
G1 X93.000 Y-127.690
G1 X93.000 Y-128.691
G1 X91.600 Y-130.892
G1 X92.800 Y-131.893
G1 X94.000 Y-131.893
G1 X94.600 Y-131.493
G1 X97.400 Y-131.493
G1 X95.800 Y-132.694
G1 X95.800 Y-133.294
G1 X96.200 Y-133.695
G1 X96.800 Y-133.495
G1 X96.200 Y-133.695
G1 X96.400 Y-134.295
G1 X97.600 Y-134.696
G1 X98.400 Y-135.496
G1 X98.600 Y-134.495
G1 X98.200 Y-134.095
G1 X98.000 Y-132.294
G1 X99.800 Y-130.492
G1 X98.000 Y-132.294
G1 X98.200 Y-132.694
G1 X98.800 Y-132.494
G1 X99.600 Y-133.094
G1 X99.800 Y-132.494
G1 X100.200 Y-132.894
G1 X102.000 Y-131.493
G1 X101.200 Y-130.492
G1 X100.600 Y-130.492
G1 X101.400 Y-130.092
G1 X101.200 Y-129.491
G1 X100.800 Y-129.291
G1 X100.200 Y-129.892
G1 X101.000 Y-129.091
G1 X100.800 Y-129.291
G1 X101.400 Y-129.691
G1 X101.800 Y-129.491
G1 X101.800 Y-128.490
G1 X102.400 Y-127.690
G1 X102.200 Y-128.090
G1 X103.000 Y-129.091
G1 X103.200 Y-128.290
G1 X102.800 Y-130.092
G1 X103.400 Y-130.292
G1 X104.200 Y-129.892
G1 X102.600 Y-130.692
G1 X102.600 Y-132.494
G1 X105.600 Y-133.294
G1 X104.200 Y-132.694
G1 X102.800 Y-132.894
G1 X103.600 Y-134.095
G1 X103.800 Y-135.496
G1 X104.800 Y-135.897
G1 X106.600 Y-135.496
G1 X104.200 Y-135.897
G1 X103.600 Y-136.897
G1 X102.800 Y-136.897
G1 X101.200 Y-138.499
G1 X99.200 Y-138.299
G1 X98.600 Y-137.898
G1 X97.600 Y-138.899
G1 X96.200 Y-139.299
G1 X97.600 Y-138.899
G1 X98.800 Y-137.698
G1 X98.800 Y-136.697
G1 X97.400 Y-136.497
G1 X96.200 Y-136.897
G1 X98.600 Y-136.497
G1 X98.800 Y-135.696
G1 X97.600 Y-134.696
G1 X96.600 Y-134.495
G1 X95.800 Y-133.294
G1 X94.000 Y-133.094
G1 X93.600 Y-133.695
G1 X93.800 Y-132.093
G1 X92.800 Y-131.893
G1 X91.200 Y-130.892
G1 X90.400 Y-133.294
G1 X90.600 Y-134.095
G1 X90.200 Y-133.695
G1 X89.200 Y-134.295
G1 X90.400 Y-133.495
G1 X91.200 Y-130.692
G1 X89.600 Y-130.092
G1 X89.400 Y-129.091
G1 X88.200 Y-128.090
G1 X88.800 Y-126.889
G1 X88.400 Y-127.289
G1 X88.200 Y-128.090
G1 X89.200 Y-128.891
G1 X89.800 Y-128.490
G1 X89.800 Y-127.490
G1 X90.600 Y-127.089
G1 X90.200 Y-127.089
G1 X89.800 Y-127.490
G1 X90.000 Y-128.490
G1 X91.000 Y-127.890
G1 X91.000 Y-127.289
G1 X91.200 Y-127.690
G1 X91.800 Y-127.690
G1 X92.600 Y-127.089
G1 X92.800 Y-125.888
G1 X92.000 Y-124.887
G1 X92.800 Y-125.888
G1 X93.200 Y-125.888
G1 X94.000 Y-124.887
G1 X94.000 Y-124.087
G1 X94.000 Y-124.887
G1 X94.400 Y-125.088
G1 X96.200 Y-123.086
G0 Z3.500
G0 X96.050 Y-121.872
G1 Z0.000 F1200
G1 X94.381 Y-126.063
G0 Z3.500
G0 X93.732 Y-126.970
G1 Z0.000 F1200
G1 X93.446 Y-123.498
G0 Z3.500
G0 X93.995 Y-123.490
G1 Z0.000 F1200
G1 X93.171 Y-126.028
G0 Z3.500
G0 X92.891 Y-126.622
G1 Z0.000 F1200
G1 X91.136 Y-122.833
G0 Z3.500
G0 X92.904 Y-124.400
G1 Z0.000 F1200
G1 X92.570 Y-128.900
G0 Z3.500
G0 X92.709 Y-128.794
G1 Z0.000 F1200
G1 X90.665 Y-131.663
G0 Z3.500
G0 X91.033 Y-131.926
G1 Z0.000 F1200
G1 X93.077 Y-129.056
G0 Z3.500
G0 X92.969 Y-128.930
G1 Z0.000 F1200
G1 X93.303 Y-124.429
G0 Z3.500
G0 X92.650 Y-127.364
G1 Z0.000 F1200
G1 X91.751 Y-129.299
G0 Z3.500
G0 X91.800 Y-127.690
G1 Z0.000 F1200
G1 X91.200 Y-127.690
G1 X89.400 Y-128.891
G1 X89.800 Y-130.292
G1 X90.600 Y-130.292
G1 X91.400 Y-130.892
G1 X92.600 Y-129.691
G1 X93.000 Y-127.690
G1 X92.600 Y-127.289
G1 X92.000 Y-127.490
G0 Z3.500
G0 X90.683 Y-127.024
G1 Z0.000 F1200
G1 X87.790 Y-131.187
G0 Z3.500
G0 X87.458 Y-130.956
G1 Z0.000 F1200
G1 X90.351 Y-126.793
G0 Z3.500
G0 X89.469 Y-128.357
G1 Z0.000 F1200
G1 X91.190 Y-131.938
G0 Z3.500
G0 X90.795 Y-132.128
G1 Z0.000 F1200
G1 X89.074 Y-128.547
G0 Z3.500
G0 X88.912 Y-128.409
G1 Z0.000 F1200
G1 X93.720 Y-129.845
G0 Z3.500
G0 X95.016 Y-129.891
G1 Z0.000 F1200
G1 X87.137 Y-132.183
G0 Z3.500
G0 X86.138 Y-131.246
G1 Z0.000 F1200
G1 X82.588 Y-127.213
G0 Z3.500
G0 X83.132 Y-126.952
G1 Z0.000 F1200
G1 X83.393 Y-124.643
G0 Z3.500
G0 X83.530 Y-124.159
G1 Z0.000 F1200
G1 X86.487 Y-128.626
G0 Z3.500
G0 X86.590 Y-129.248
G1 Z0.000 F1200
G1 X86.170 Y-123.986
G0 Z3.500
G0 X85.779 Y-124.017
G1 Z0.000 F1200
G1 X86.200 Y-129.280
G0 Z3.500
G0 X85.464 Y-129.225
G1 Z0.000 F1200
G1 X89.504 Y-130.541
G0 Z3.500
G0 X88.993 Y-129.490
G1 Z0.000 F1200
G1 X91.181 Y-132.727
G0 Z3.500
G0 X91.054 Y-133.114
G1 Z0.000 F1200
G1 X92.454 Y-130.853
G0 Z3.500
G0 X91.850 Y-132.632
G1 Z0.000 F1200
G1 X93.964 Y-127.811
G0 Z3.500
G0 X94.883 Y-129.125
G1 Z0.000 F1200
G1 X94.658 Y-132.219
G0 Z3.500
G0 X95.185 Y-133.551
G1 Z0.000 F1200
G1 X94.591 Y-135.334
G0 Z3.500
G0 X92.768 Y-134.679
G1 Z0.000 F1200
G1 X91.011 Y-139.763
G0 Z3.500
G0 X92.238 Y-140.252
G1 Z0.000 F1200
G1 X91.409 Y-142.404
G0 Z3.500
G0 X91.419 Y-142.695
G1 Z0.000 F1200
G1 X90.491 Y-145.584
G0 Z3.500
G0 X91.600 Y-146.472
G1 Z0.000 F1200
G1 X93.655 Y-139.386
G0 Z3.500
G0 X94.800 Y-142.102
G1 Z0.000 F1200
G1 X94.600 Y-144.504
G1 X93.800 Y-144.904
G1 X93.000 Y-144.704
G1 X92.600 Y-144.103
G1 X93.600 Y-143.903
G1 X92.400 Y-143.903
G1 X92.200 Y-142.902
G1 X92.000 Y-144.103
G1 X90.800 Y-144.103
G1 X92.400 Y-143.903
G1 X94.200 Y-145.505
G1 X98.200 Y-146.305
G1 X100.000 Y-146.305
G1 X102.200 Y-147.706
G1 X103.400 Y-147.506
G1 X104.000 Y-148.107
G1 X110.600 Y-149.508
G1 X104.000 Y-148.107
G1 X103.400 Y-147.506
G1 X104.000 Y-147.306
G1 X103.200 Y-147.306
G1 X102.800 Y-146.906
G1 X101.000 Y-146.906
G1 X100.000 Y-146.305
G1 X98.200 Y-146.305
G1 X95.400 Y-145.705
G1 X95.400 Y-144.304
G1 X94.800 Y-144.304
G1 X94.800 Y-142.302
G0 Z3.500
G0 X96.171 Y-142.460
G1 Z0.000 F1200
G1 X97.709 Y-137.068
G0 Z3.500
G0 X98.200 Y-132.894
G1 Z0.000 F1200
G1 X98.200 Y-134.095
G1 X98.600 Y-134.495
G1 X99.400 Y-133.695
G1 X99.400 Y-133.094
G1 X98.800 Y-132.494
G1 X98.400 Y-132.694
G0 Z3.500
G0 X98.800 Y-132.463
G1 Z0.000 F1200
G1 X97.453 Y-129.970
G0 Z3.500
G0 X100.700 Y-131.270
G1 Z0.000 F1200
G1 X101.887 Y-133.040
G0 Z3.500
G0 X100.170 Y-127.126
G1 Z0.000 F1200
G1 X98.832 Y-125.574
G0 Z3.500
G0 X91.930 Y-133.222
G1 Z0.000 F1200
G1 X90.474 Y-136.829
G0 Z3.500
G0 X90.842 Y-132.956
G1 Z0.000 F1200
G1 X88.654 Y-129.720
G0 Z3.500
G0 X83.612 Y-126.572
G1 Z0.000 F1200
G1 X83.465 Y-124.092
G0 Z3.500
G0 X83.968 Y-124.934
G1 Z0.000 F1200
G1 X83.283 Y-126.756
G0 Z3.500
G0 X82.784 Y-124.920
G1 Z0.000 F1200
G1 X83.881 Y-122.789
G0 Z3.500
G0 X86.838 Y-119.505
G1 Z0.000 F1200
G1 X85.427 Y-117.737
G0 Z3.500
G0 X86.200 Y-118.082
G1 Z0.000 F1200
G1 X84.800 Y-119.483
G1 X82.800 Y-120.684
G1 X82.400 Y-120.484
G1 X82.800 Y-119.083
G1 X82.400 Y-119.883
G1 X81.800 Y-119.883
G1 X82.400 Y-120.083
G1 X82.600 Y-121.284
G1 X85.400 Y-124.887
G1 X84.800 Y-126.889
G1 X84.000 Y-128.090
G1 X84.000 Y-128.891
G1 X84.000 Y-128.090
G1 X84.600 Y-127.089
G1 X85.400 Y-127.690
G1 X84.800 Y-127.089
G1 X85.000 Y-125.888
G1 X85.400 Y-125.488
G1 X86.800 Y-126.689
G1 X85.400 Y-125.288
G1 X85.800 Y-124.687
G1 X86.400 Y-124.687
G1 X87.800 Y-126.289
G1 X86.400 Y-124.687
G1 X87.000 Y-123.686
G1 X88.400 Y-122.485
G1 X90.600 Y-122.886
G1 X90.200 Y-122.085
G1 X90.400 Y-121.284
G1 X90.000 Y-121.685
G1 X88.800 Y-121.685
G1 X89.000 Y-122.285
G1 X87.800 Y-122.886
G1 X87.000 Y-122.485
G1 X87.200 Y-121.885
G1 X87.000 Y-122.485
G1 X87.600 Y-123.086
G1 X86.400 Y-124.687
G1 X85.400 Y-124.887
G1 X84.600 Y-124.087
G1 X85.600 Y-122.485
G1 X85.400 Y-121.685
G1 X85.400 Y-122.886
G1 X84.600 Y-123.686
G1 X83.800 Y-122.485
G1 X84.600 Y-121.685
G1 X85.000 Y-121.885
G1 X84.600 Y-121.685
G1 X84.800 Y-121.485
G1 X83.600 Y-122.285
G1 X82.600 Y-121.284
G1 X82.600 Y-120.884
G1 X86.400 Y-118.082
G0 Z3.500
G0 X79.050 Y-122.750
G1 Z0.000 F1200
G1 X77.908 Y-120.557
G0 Z3.500
G0 X77.600 Y-122.485
G1 Z0.000 F1200
G1 X77.600 Y-124.887
G1 X76.800 Y-125.288
G1 X77.200 Y-125.088
G1 X77.800 Y-125.888
G1 X78.400 Y-126.088
G1 X78.400 Y-126.689
G1 X77.800 Y-127.089
G1 X78.400 Y-126.889
G1 X79.200 Y-127.490
G1 X79.800 Y-127.089
G1 X79.800 Y-126.489
G1 X79.800 Y-127.089
G1 X79.200 Y-127.490
G1 X78.400 Y-126.889
G1 X78.600 Y-123.086
G1 X78.600 Y-125.488
G1 X78.200 Y-125.888
G1 X77.400 Y-125.488
G1 X77.600 Y-122.686
G0 Z3.500
G0 X78.120 Y-123.678
G1 Z0.000 F1200
G1 X76.589 Y-126.353
G0 Z3.500
G0 X77.369 Y-125.881
G1 Z0.000 F1200
G1 X77.319 Y-128.360
G0 Z3.500
G0 X77.575 Y-128.971
G1 Z0.000 F1200
G1 X77.858 Y-127.388
G0 Z3.500
G0 X78.042 Y-127.684
G1 Z0.000 F1200
G1 X78.625 Y-124.045
G0 Z3.500
G0 X79.308 Y-128.384
G1 Z0.000 F1200
G1 X74.568 Y-129.759
G0 Z3.500
G0 X76.413 Y-131.298
G1 Z0.000 F1200
G1 X70.877 Y-132.432
G0 Z3.500
G0 X70.838 Y-132.527
G1 Z0.000 F1200
G1 X70.785 Y-135.306
G0 Z3.500
G0 X70.320 Y-134.434
G1 Z0.000 F1200
G1 X71.599 Y-135.971
G0 Z3.500
G0 X71.817 Y-135.574
G1 Z0.000 F1200
G1 X78.285 Y-133.510
G0 Z3.500
G0 X78.595 Y-133.961
G1 Z0.000 F1200
G1 X78.021 Y-130.983
G0 Z3.500
G0 X78.480 Y-130.264
G1 Z0.000 F1200
G1 X79.690 Y-132.853
G0 Z3.500
G0 X79.253 Y-133.414
G1 Z0.000 F1200
G1 X74.658 Y-134.159
G0 Z3.500
G0 X74.659 Y-134.554
G1 Z0.000 F1200
G1 X73.558 Y-132.482
G0 Z3.500
G0 X73.874 Y-133.787
G1 Z0.000 F1200
G1 X78.924 Y-132.791
G0 Z3.500
G0 X78.965 Y-132.832
G1 Z0.000 F1200
G1 X76.775 Y-131.065
G0 Z3.500
G0 X76.052 Y-132.594
G1 Z0.000 F1200
G1 X80.330 Y-133.477
G0 Z3.500
G0 X78.908 Y-131.995
G1 Z0.000 F1200
G1 X79.798 Y-130.072
G0 Z3.500
G0 X76.323 Y-134.721
G1 Z0.000 F1200
G1 X77.506 Y-139.002
G0 Z3.500
G0 X77.481 Y-138.796
G1 Z0.000 F1200
G1 X77.024 Y-136.553
G0 Z3.500
G0 X76.814 Y-136.532
G1 Z0.000 F1200
G1 X75.819 Y-134.427
G0 Z3.500
G0 X75.908 Y-134.835
G1 Z0.000 F1200
G1 X77.091 Y-139.116
G0 Z3.500
G0 X76.943 Y-138.662
G1 Z0.000 F1200
G1 X75.706 Y-142.277
G0 Z3.500
G0 X76.152 Y-141.240
G1 Z0.000 F1200
G1 X74.978 Y-144.321
G0 Z3.500
G0 X73.906 Y-144.077
G1 Z0.000 F1200
G1 X71.913 Y-141.338
G0 Z3.500
G0 X71.782 Y-142.294
G1 Z0.000 F1200
G1 X72.967 Y-143.515
G0 Z3.500
G0 X74.111 Y-143.359
G1 Z0.000 F1200
G1 X72.777 Y-145.530
G0 Z3.500
G0 X70.617 Y-145.363
G1 Z0.000 F1200
G1 X71.110 Y-142.975
G0 Z3.500
G0 X70.625 Y-142.820
G1 Z0.000 F1200
G1 X68.304 Y-140.173
G0 Z3.500
G0 X67.894 Y-140.841
G1 Z0.000 F1200
G1 X68.818 Y-142.914
G0 Z3.500
G0 X68.523 Y-143.556
G1 Z0.000 F1200
G1 X69.995 Y-145.782
G0 Z3.500
G0 X69.788 Y-144.839
G1 Z0.000 F1200
G1 X66.659 Y-139.955
G0 Z3.500
G0 X66.238 Y-139.428
G1 Z0.000 F1200
G1 X68.534 Y-135.103
G0 Z3.500
G0 X68.579 Y-134.212
G1 Z0.000 F1200
G1 X68.844 Y-137.829
G0 Z3.500
G0 X69.293 Y-139.451
G1 Z0.000 F1200
G1 X61.721 Y-136.152
G0 Z3.500
G0 X62.212 Y-136.129
G1 Z0.000 F1200
G1 X66.622 Y-136.980
G0 Z3.500
G0 X65.086 Y-137.844
G1 Z0.000 F1200
G1 X63.500 Y-135.721
G0 Z3.500
G0 X64.131 Y-135.725
G1 Z0.000 F1200
G1 X64.644 Y-137.870
G0 Z3.500
G0 X64.235 Y-138.465
G1 Z0.000 F1200
G1 X73.256 Y-135.256
G0 Z3.500
G0 X74.617 Y-134.671
G1 Z0.000 F1200
G1 X73.119 Y-136.932
G0 Z3.500
G0 X73.351 Y-138.814
G1 Z0.000 F1200
G1 X65.326 Y-141.156
G0 Z3.500
G0 X64.729 Y-140.788
G1 Z0.000 F1200
G1 X64.465 Y-144.557
G0 Z3.500
G0 X65.125 Y-145.064
G1 Z0.000 F1200
G1 X66.023 Y-142.492
G0 Z3.500
G0 X66.133 Y-142.333
G1 Z0.000 F1200
G1 X59.797 Y-143.841
G0 Z3.500
G0 X59.851 Y-142.818
G1 Z0.000 F1200
G1 X60.776 Y-140.182
G0 Z3.500
G0 X61.026 Y-139.653
G1 Z0.000 F1200
G1 X60.539 Y-142.789
G0 Z3.500
G0 X62.298 Y-141.894
G1 Z0.000 F1200
G1 X61.134 Y-145.437
G0 Z3.500
G0 X63.208 Y-143.978
G1 Z0.000 F1200
G1 X62.611 Y-140.585
G0 Z3.500
G0 X61.811 Y-141.117
G1 Z0.000 F1200
G1 X60.820 Y-138.894
G0 Z3.500
G0 X59.554 Y-138.877
G1 Z0.000 F1200
G1 X49.782 Y-141.545
G0 Z3.500
G0 X50.969 Y-135.157
G1 Z0.000 F1200
G1 X57.867 Y-132.330
G0 Z3.500
G0 X56.782 Y-134.811
G1 Z0.000 F1200
G1 X58.808 Y-138.874
G0 Z3.500
G0 X58.833 Y-138.041
G1 Z0.000 F1200
G1 X63.598 Y-137.802
G0 Z3.500
G0 X62.989 Y-137.516
G1 Z0.000 F1200
G1 X62.494 Y-134.449
G0 Z3.500
G0 X63.656 Y-134.997
G1 Z0.000 F1200
G1 X64.410 Y-133.292
G0 Z3.500
G0 X66.189 Y-132.806
G1 Z0.000 F1200
G1 X66.539 Y-129.294
G0 Z3.500
G0 X65.744 Y-128.259
G1 Z0.000 F1200
G1 X66.042 Y-125.065
G0 Z3.500
G0 X70.200 Y-124.487
G1 Z0.000 F1200
G1 X69.600 Y-124.687
G1 X70.800 Y-124.687
G1 X71.200 Y-127.089
G1 X71.600 Y-127.490
G1 X71.200 Y-127.089
G1 X70.800 Y-124.687
G1 X70.400 Y-124.487
G0 Z3.500
G0 X70.263 Y-124.503
G1 Z0.000 F1200
G1 X70.081 Y-126.497
G0 Z3.500
G0 X71.874 Y-123.781
G1 Z0.000 F1200
G1 X69.515 Y-120.926
G0 Z3.500
G0 X70.258 Y-120.556
G1 Z0.000 F1200
G1 X68.466 Y-118.207
G0 Z3.500
G0 X69.264 Y-117.320
G1 Z0.000 F1200
G1 X70.825 Y-120.059
G0 Z3.500
G0 X71.509 Y-119.831
G1 Z0.000 F1200
G1 X73.906 Y-122.940
G0 Z3.500
G0 X72.000 Y-119.083
G1 Z0.000 F1200
G1 X71.800 Y-120.284
G1 X72.400 Y-120.484
G1 X71.800 Y-120.684
G1 X71.800 Y-121.485
G1 X71.200 Y-122.085
G1 X71.800 Y-121.485
G1 X71.800 Y-120.484
G1 X69.600 Y-120.284
G1 X69.600 Y-119.483
G1 X69.400 Y-119.883
G1 X70.200 Y-120.484
G1 X70.800 Y-119.883
G1 X70.800 Y-120.284
G1 X71.600 Y-120.284
G1 X72.000 Y-118.882
G0 Z3.500
G0 X72.811 Y-118.000
G1 Z0.000 F1200
G1 X71.771 Y-116.095
G0 Z3.500
G0 X71.700 Y-116.900
G1 Z0.000 F1200
G1 X73.499 Y-114.106
G0 Z3.500
G0 X72.462 Y-106.117
G1 Z0.000 F1200
G1 X73.064 Y-103.903
G0 Z3.500
G0 X71.642 Y-99.417
G1 Z0.000 F1200
G1 X73.516 Y-96.228
G0 Z3.500
G0 X70.882 Y-97.240
G1 Z0.000 F1200
G1 X69.792 Y-95.734
G0 Z3.500
G0 X78.597 Y-87.949
G1 Z0.000 F1200
G1 X80.859 Y-87.192
G1 X83.746 Y-85.867
G0 Z3.500
G0 X85.826 Y-84.219
G1 Z0.000 F1200
G1 X89.827 Y-82.601
G0 Z3.500
G0 X90.660 Y-83.644
G1 Z0.000 F1200
G1 X97.184 Y-81.006
G0 Z3.500
G0 X96.319 Y-78.219
G1 Z0.000 F1200
G1 X92.677 Y-79.531
G1 X90.043 Y-80.757
G0 Z3.500
G0 X93.122 Y-88.211
G1 Z0.000 F1200
G1 X91.163 Y-89.211
G1 X88.381 Y-90.128
G0 Z3.500
G0 X88.151 Y-89.533
G1 Z0.000 F1200
G1 X85.130 Y-90.537
G1 X82.997 Y-91.617
G0 Z3.500
G0 X90.373 Y-96.586
G1 Z0.000 F1200
G1 X96.678 Y-94.036
G0 Z3.500
G0 X98.771 Y-90.829
G1 Z0.000 F1200
G1 X105.828 Y-87.975
G0 Z3.500
G0 X100.730 Y-85.317
G1 Z0.000 F1200
G1 X98.249 Y-86.148
G1 X95.081 Y-87.601
G0 Z3.500
G0 X104.339 Y-97.784
G1 Z0.000 F1200
G1 X103.097 Y-99.727
G0 Z3.500
G0 X95.808 Y-106.377
G1 Z0.000 F1200
G1 X94.746 Y-108.010
G0 Z3.500
G0 X82.656 Y-136.033
G1 Z0.000 F1200
G1 X81.863 Y-138.124
G0 Z3.500
G0 X80.242 Y-138.834
G1 Z0.000 F1200
G1 X76.331 Y-139.841
G0 Z3.500
G0 X76.124 Y-140.624
G1 Z0.000 F1200
G1 X70.823 Y-141.513
G0 Z3.500
G0 X70.727 Y-140.625
G1 Z0.000 F1200
G1 X69.747 Y-139.501
G0 Z3.500
G0 X70.839 Y-138.794
G1 Z0.000 F1200
G1 X70.903 Y-136.693
G0 Z3.500
G0 X70.200 Y-134.095
G1 Z0.000 F1200
G1 X70.200 Y-136.697
G1 X69.600 Y-137.298
G1 X70.400 Y-138.699
G1 X69.600 Y-137.298
G1 X69.000 Y-137.498
G1 X69.000 Y-138.299
G1 X68.600 Y-138.499
G1 X69.000 Y-138.299
G1 X69.200 Y-137.098
G1 X68.600 Y-136.097
G1 X67.800 Y-136.097
G1 X68.600 Y-135.897
G1 X68.000 Y-135.096
G1 X68.400 Y-135.496
G1 X68.800 Y-135.096
G1 X68.800 Y-135.696
G1 X69.200 Y-135.496
G1 X68.600 Y-136.097
G1 X68.800 Y-136.697
G1 X69.600 Y-137.298
G1 X70.200 Y-136.697
G1 X70.200 Y-133.895
G0 Z3.500
G0 X69.038 Y-134.209
G1 Z0.000 F1200
G1 X68.585 Y-131.572
G0 Z3.500
G0 X68.965 Y-131.876
G1 Z0.000 F1200
G1 X62.633 Y-130.699
G0 Z3.500
G0 X63.159 Y-129.686
G1 Z0.000 F1200
G1 X60.074 Y-130.611
G0 Z3.500
G0 X61.997 Y-138.136
G1 Z0.000 F1200
G1 X61.085 Y-140.879
G0 Z3.500
G0 X64.164 Y-142.372
G1 Z0.000 F1200
G1 X66.666 Y-145.223
G0 Z3.500
G0 X67.854 Y-144.642
G1 Z0.000 F1200
G1 X76.539 Y-143.946
G0 Z3.500
G0 X77.027 Y-142.763
G1 Z0.000 F1200
G1 X78.963 Y-138.024
G0 Z3.500
G0 X77.410 Y-137.518
G1 Z0.000 F1200
G1 X77.466 Y-140.034
G0 Z3.500
G0 X77.513 Y-139.664
G1 Z0.000 F1200
G1 X75.148 Y-135.330
G0 Z3.500
G0 X72.529 Y-140.413
G1 Z0.000 F1200
G1 X58.242 Y-144.406
G0 Z3.500
G0 X61.296 Y-149.376
G1 Z0.000 F1200
G1 X53.317 Y-151.090
G0 Z3.500
G0 X55.265 Y-149.796
G1 Z0.000 F1200
G1 X48.044 Y-150.437
G0 Z3.500
G0 X50.412 Y-150.104
G1 Z0.000 F1200
G1 X40.997 Y-153.616
G0 Z3.500
G0 X42.025 Y-153.306
G1 Z0.000 F1200
G1 X46.473 Y-152.814
G0 Z3.500
G0 X46.223 Y-153.298
G1 Z0.000 F1200
G1 X42.246 Y-154.056
G0 Z3.500
G0 X43.870 Y-151.667
G1 Z0.000 F1200
G1 X36.801 Y-153.803
G0 Z3.500
G0 X32.510 Y-155.021
G1 Z0.000 F1200
G1 X26.584 Y-155.900
G0 Z3.500
G0 X29.490 Y-158.468
G1 Z0.000 F1200
G1 X23.399 Y-160.599
G0 Z3.500
G0 X29.893 Y-162.670
G1 Z0.000 F1200
G1 X37.432 Y-161.701
G0 Z3.500
G0 X38.975 Y-164.869
G1 Z0.000 F1200
G1 X42.906 Y-163.934
G0 Z3.500
G0 X43.870 Y-170.037
G1 Z0.000 F1200
G1 X39.125 Y-171.563
G0 Z3.500
G0 X40.775 Y-171.751
G1 Z0.000 F1200
G1 X44.873 Y-170.749
G0 Z3.500
G0 X43.321 Y-171.632
G1 Z0.000 F1200
G1 X52.172 Y-169.392
G0 Z3.500
G0 X52.689 Y-171.887
G1 Z0.000 F1200
G1 X58.586 Y-170.799
G0 Z3.500
G0 X56.594 Y-164.804
G1 Z0.000 F1200
G1 X51.182 Y-166.026
G0 Z3.500
G0 X49.840 Y-159.091
G1 Z0.000 F1200
G1 X57.219 Y-157.586
G0 Z3.500
G0 X57.798 Y-155.577
G1 Z0.000 F1200
G1 X53.724 Y-157.098
G0 Z3.500
G0 X54.812 Y-158.997
G1 Z0.000 F1200
G1 X63.705 Y-157.977
G0 Z3.500
G0 X65.911 Y-155.783
G1 Z0.000 F1200
G1 X71.628 Y-154.138
G0 Z3.500
G0 X71.828 Y-152.972
G1 Z0.000 F1200
G1 X68.190 Y-153.931
G0 Z3.500
G0 X67.959 Y-152.378
G1 Z0.000 F1200
G1 X71.481 Y-151.720
G0 Z3.500
G0 X71.952 Y-151.136
G1 Z0.000 F1200
G1 X68.382 Y-151.995
G0 Z3.500
G0 X70.504 Y-147.808
G1 Z0.000 F1200
G1 X75.173 Y-145.856
G0 Z3.500
G0 X75.637 Y-146.395
G1 Z0.000 F1200
G1 X74.825 Y-149.697
G0 Z3.500
G0 X75.505 Y-148.419
G1 Z0.000 F1200
G1 X76.297 Y-145.391
G0 Z3.500
G0 X77.936 Y-145.635
G1 Z0.000 F1200
G1 X78.968 Y-142.092
G0 Z3.500
G0 X82.671 Y-143.065
G1 Z0.000 F1200
G1 X81.295 Y-148.496
G0 Z3.500
G0 X81.838 Y-147.634
G1 Z0.000 F1200
G1 X80.763 Y-151.534
G0 Z3.500
G0 X81.400 Y-151.710
G1 Z0.000 F1200
G1 X79.800 Y-156.113
G1 X79.400 Y-159.917
G1 X79.800 Y-160.317
G1 X80.600 Y-159.116
G1 X82.200 Y-152.911
G1 X82.000 Y-154.312
G1 X80.400 Y-159.716
G1 X79.400 Y-161.118
G1 X79.200 Y-163.319
G1 X78.800 Y-163.920
G1 X77.800 Y-168.724
G1 X78.800 Y-163.920
G1 X79.200 Y-163.319
G1 X79.400 Y-161.118
G1 X79.800 Y-160.517
G1 X79.400 Y-159.316
G1 X79.800 Y-156.113
G1 X80.800 Y-152.911
G1 X81.600 Y-151.510
G0 Z3.500
G0 X83.035 Y-151.080
G1 Z0.000 F1200
G1 X81.761 Y-154.479
G0 Z3.500
G0 X79.688 Y-157.055
G1 Z0.000 F1200
G1 X78.539 Y-161.425
G0 Z3.500
G0 X79.711 Y-160.884
G1 Z0.000 F1200
G1 X78.378 Y-165.394
G0 Z3.500
G0 X80.087 Y-165.040
G1 Z0.000 F1200
G1 X78.444 Y-169.687
G0 Z3.500
G0 X79.136 Y-167.918
G1 Z0.000 F1200
G1 X78.070 Y-172.009
G0 Z3.500
G0 X79.789 Y-172.778
G1 Z0.000 F1200
G1 X78.845 Y-176.157
G0 Z3.500
G0 X79.192 Y-175.379
G1 Z0.000 F1200
G1 X81.399 Y-169.950
G0 Z3.500
G0 X81.772 Y-170.102
G1 Z0.000 F1200
G1 X79.565 Y-175.530
G0 Z3.500
G0 X80.011 Y-175.839
G1 Z0.000 F1200
G1 X81.946 Y-170.285
G0 Z3.500
G0 X82.318 Y-170.415
G1 Z0.000 F1200
G1 X80.383 Y-175.969
G0 Z3.500
G0 X81.298 Y-176.982
G1 Z0.000 F1200
G1 X80.582 Y-180.091
G0 Z3.500
G0 X81.247 Y-180.989
G1 Z0.000 F1200
G1 X81.635 Y-178.594
G0 Z3.500
G0 X80.906 Y-178.800
G1 Z0.000 F1200
G1 X79.258 Y-182.772
G0 Z3.500
G0 X78.321 Y-183.585
G1 Z0.000 F1200
G1 X75.862 Y-187.210
G0 Z3.500
G0 X76.412 Y-187.297
G1 Z0.000 F1200
G1 X78.373 Y-184.277
G0 Z3.500
G0 X78.192 Y-184.185
G1 Z0.000 F1200
G1 X81.748 Y-180.725
G0 Z3.500
G0 X81.153 Y-181.442
G1 Z0.000 F1200
G1 X83.075 Y-178.461
G0 Z3.500
G0 X80.838 Y-178.473
G1 Z0.000 F1200
G1 X79.413 Y-180.520
G0 Z3.500
G0 X78.958 Y-180.996
G1 Z0.000 F1200
G1 X80.385 Y-178.240
G0 Z3.500
G0 X79.659 Y-178.728
G1 Z0.000 F1200
G1 X78.540 Y-180.769
G0 Z3.500
G0 X77.768 Y-181.093
G1 Z0.000 F1200
G1 X78.951 Y-177.610
G0 Z3.500
G0 X78.303 Y-178.064
G1 Z0.000 F1200
G1 X76.774 Y-183.294
G0 Z3.500
G0 X75.577 Y-183.792
G1 Z0.000 F1200
G1 X72.159 Y-180.747
G0 Z3.500
G0 X72.015 Y-180.657
G1 Z0.000 F1200
G1 X73.146 Y-175.627
G0 Z3.500
G0 X72.186 Y-174.616
G1 Z0.000 F1200
G1 X70.809 Y-177.728
G0 Z3.500
G0 X70.679 Y-176.815
G1 Z0.000 F1200
G1 X71.675 Y-173.551
G0 Z3.500
G0 X72.200 Y-173.728
G1 Z0.000 F1200
G1 X70.400 Y-174.128
G1 X67.800 Y-175.730
G1 X66.000 Y-177.531
G1 X64.600 Y-180.534
G1 X66.000 Y-177.531
G1 X67.800 Y-175.730
G1 X70.400 Y-174.128
G1 X72.400 Y-173.728
G1 X73.000 Y-174.329
G1 X69.000 Y-178.132
G1 X67.200 Y-181.735
G1 X69.000 Y-178.132
G1 X73.200 Y-174.128
G1 X73.800 Y-174.128
G1 X74.000 Y-174.729
G1 X73.600 Y-174.929
G1 X74.000 Y-175.129
G1 X74.000 Y-175.730
G1 X71.400 Y-179.533
G1 X70.000 Y-183.136
G1 X70.200 Y-184.737
G1 X70.000 Y-183.136
G1 X70.600 Y-181.334
G1 X72.000 Y-178.532
G1 X73.000 Y-177.932
G1 X73.200 Y-178.532
G1 X72.800 Y-179.533
G1 X73.400 Y-180.334
G1 X73.400 Y-181.535
G1 X72.800 Y-182.335
G1 X71.400 Y-186.339
G1 X70.600 Y-187.740
G1 X69.400 Y-188.741
G1 X69.200 Y-189.942
G1 X68.800 Y-190.342
G1 X63.400 Y-192.544
G1 X61.800 Y-190.542
G1 X61.600 Y-188.741
G1 X60.400 Y-186.539
G1 X60.400 Y-181.334
G1 X61.800 Y-176.130
G1 X64.000 Y-174.128
G1 X65.200 Y-173.928
G1 X64.000 Y-174.128
G1 X61.800 Y-176.130
G1 X61.400 Y-176.931
G1 X60.400 Y-181.334
G1 X60.400 Y-186.339
G1 X59.600 Y-187.339
G1 X59.600 Y-188.741
G1 X57.400 Y-192.544
G1 X59.000 Y-189.942
G1 X61.600 Y-190.142
G1 X62.200 Y-190.942
G1 X62.000 Y-191.143
G1 X59.800 Y-191.143
G1 X59.800 Y-192.143
G1 X59.000 Y-192.344
G1 X60.000 Y-192.344
G1 X61.800 Y-194.145
G1 X59.400 Y-194.345
G1 X58.400 Y-193.545
G1 X59.400 Y-194.345
G1 X61.400 Y-194.345
G1 X61.400 Y-196.147
G1 X62.400 Y-197.548
G1 X63.400 Y-197.548
G1 X64.600 Y-196.347
G1 X65.000 Y-196.347
G1 X65.200 Y-197.948
G1 X66.000 Y-199.349
G1 X66.000 Y-200.350
G1 X65.600 Y-200.751
G1 X63.600 Y-200.951
G1 X63.000 Y-201.351
G1 X58.800 Y-201.151
G1 X56.800 Y-197.948
G1 X55.400 Y-196.747
G1 X55.000 Y-193.945
G1 X55.600 Y-193.144
G1 X56.600 Y-192.544
G1 X55.000 Y-193.945
G1 X55.400 Y-195.947
G1 X55.200 Y-197.348
G1 X53.200 Y-198.549
G1 X52.000 Y-202.352
G1 X51.400 Y-202.952
G1 X50.800 Y-204.554
G1 X51.000 Y-206.956
G1 X51.600 Y-207.556
G1 X50.600 Y-208.757
G1 X49.400 Y-211.359
G1 X49.200 Y-216.964
G1 X51.800 Y-219.166
G1 X52.000 Y-220.367
G1 X51.400 Y-220.767
G1 X51.400 Y-221.768
G1 X52.000 Y-223.570
G1 X55.400 Y-225.171
G1 X54.400 Y-226.172
G1 X54.400 Y-227.173
G1 X55.200 Y-228.173
G1 X56.000 Y-228.173
G1 X58.200 Y-225.371
G1 X62.200 Y-224.971
G1 X65.200 Y-221.968
G1 X69.800 Y-221.968
G1 X70.800 Y-221.168
G1 X71.400 Y-221.168
G1 X72.800 Y-222.569
G1 X70.600 Y-224.771
G1 X70.600 Y-229.775
G1 X66.800 Y-233.378
G1 X66.400 Y-235.580
G1 X67.000 Y-236.380
G1 X66.600 Y-236.981
G1 X65.800 Y-236.981
G1 X64.600 Y-237.781
G1 X64.000 Y-240.183
G1 X65.000 Y-245.388
G1 X66.400 Y-246.389
G1 X65.800 Y-247.189
G1 X65.800 Y-248.190
G1 X66.600 Y-248.791
G1 X67.600 Y-248.791
G1 X69.400 Y-250.592
G1 X71.000 Y-250.792
G1 X71.800 Y-251.593
G1 X71.800 Y-253.595
G1 X72.400 Y-254.796
G1 X71.800 Y-255.196
G1 X72.400 Y-254.796
G1 X75.600 Y-254.796
G1 X76.600 Y-255.796
G1 X77.400 Y-255.997
G1 X77.400 Y-256.797
G1 X77.600 Y-255.796
G1 X79.600 Y-255.796
G1 X80.000 Y-256.197
G1 X84.400 Y-256.197
G1 X85.000 Y-255.596
G1 X85.600 Y-255.997
G1 X87.600 Y-256.197
G1 X90.400 Y-255.796
G1 X90.400 Y-257.798
G1 X90.600 Y-255.997
G1 X91.400 Y-255.796
G1 X91.800 Y-255.196
G1 X94.000 Y-255.196
G1 X95.600 Y-256.797
G1 X94.000 Y-255.196
G1 X95.000 Y-254.395
G1 X100.600 Y-253.795
G1 X101.000 Y-255.596
G1 X102.000 Y-256.797
G1 X102.000 Y-257.598
G1 X102.000 Y-256.797
G1 X101.000 Y-255.596
G1 X100.600 Y-253.795
G1 X102.000 Y-250.792
G1 X102.200 Y-248.791
G1 X102.800 Y-246.589
G1 X102.000 Y-245.788
G1 X103.400 Y-244.787
G1 X103.400 Y-242.786
G1 X101.800 Y-238.182
G1 X99.400 Y-235.179
G1 X101.400 Y-232.977
G1 X101.600 Y-228.374
G1 X101.400 Y-232.977
G1 X99.200 Y-235.179
G1 X97.800 Y-235.379
G1 X97.200 Y-233.378
G1 X97.600 Y-233.978
G1 X97.400 Y-235.580
G1 X96.000 Y-236.180
G1 X94.400 Y-236.180
G1 X93.800 Y-235.580
G1 X96.200 Y-232.977
G1 X96.600 Y-231.977
G1 X96.200 Y-232.977
G1 X93.800 Y-235.379
G1 X93.000 Y-235.179
G1 X94.800 Y-233.178
G1 X94.800 Y-232.377
G1 X94.400 Y-231.977
G1 X93.400 Y-231.977
G1 X93.200 Y-229.374
G1 X94.400 Y-228.374
G1 X95.600 Y-228.774
G1 X95.000 Y-228.173
G1 X96.400 Y-224.570
G1 X95.200 Y-227.973
G1 X94.000 Y-228.574
G1 X93.800 Y-227.573
G1 X94.600 Y-225.171
G1 X91.000 Y-221.568
G1 X91.200 Y-220.967
G1 X88.200 Y-217.965
G1 X90.400 Y-217.965
G1 X92.800 Y-220.367
G1 X95.600 Y-220.367
G1 X96.400 Y-219.766
G1 X96.400 Y-219.166
G1 X96.400 Y-219.766
G1 X95.600 Y-220.367
G1 X92.800 Y-220.367
G1 X90.400 Y-217.965
G1 X87.800 Y-217.765
G1 X87.000 Y-216.964
G1 X84.800 Y-216.163
G1 X84.600 Y-209.358
G1 X85.000 Y-209.158
G1 X84.600 Y-208.957
G1 X84.000 Y-206.756
G1 X84.000 Y-204.554
G1 X83.600 Y-203.553
G1 X83.800 Y-201.751
G1 X83.200 Y-200.150
G1 X83.400 Y-198.949
G1 X83.000 Y-196.747
G1 X82.400 Y-195.346
G1 X81.200 Y-194.545
G1 X80.600 Y-193.344
G1 X79.600 Y-189.741
G1 X80.600 Y-193.344
G1 X81.400 Y-194.746
G1 X81.400 Y-196.147
G1 X83.000 Y-197.548
G1 X83.400 Y-198.949
G1 X83.200 Y-199.750
G1 X82.600 Y-199.149
G1 X81.800 Y-199.149
G1 X80.400 Y-197.548
G1 X80.400 Y-196.747
G1 X79.400 Y-194.946
G1 X78.200 Y-194.145
G1 X77.600 Y-191.943
G1 X78.800 Y-191.343
G1 X78.200 Y-191.743
G1 X77.400 Y-191.543
G1 X77.400 Y-187.139
G1 X77.800 Y-185.938
G1 X77.400 Y-187.139
G1 X77.600 Y-191.943
G1 X75.000 Y-194.345
G1 X75.000 Y-194.946
G1 X74.400 Y-195.546
G1 X72.600 Y-196.347
G1 X72.200 Y-198.148
G1 X70.800 Y-198.949
G1 X69.400 Y-200.550
G1 X66.000 Y-200.550
G1 X66.000 Y-199.349
G1 X65.200 Y-197.948
G1 X64.800 Y-195.146
G1 X63.200 Y-193.545
G1 X63.200 Y-192.744
G1 X63.600 Y-192.344
G1 X65.400 Y-191.943
G1 X68.800 Y-190.342
G1 X69.200 Y-189.942
G1 X69.400 Y-188.741
G1 X70.600 Y-187.740
G1 X71.400 Y-186.339
G1 X72.800 Y-182.335
G1 X73.400 Y-181.535
G1 X73.200 Y-179.933
G1 X74.000 Y-178.732
G1 X73.800 Y-177.731
G1 X72.800 Y-177.731
G1 X74.000 Y-175.730
G1 X74.000 Y-174.329
G1 X73.000 Y-174.329
G1 X72.400 Y-173.728
G0 Z3.500
G0 X74.002 Y-171.897
G1 Z0.000 F1200
G1 X72.301 Y-177.289
G0 Z3.500
G0 X73.400 Y-177.932
G1 Z0.000 F1200
G1 X72.800 Y-179.333
G1 X73.200 Y-179.933
G1 X74.000 Y-178.732
G1 X74.000 Y-177.932
G1 X73.600 Y-177.932
G0 Z3.500
G0 X74.095 Y-178.697
G1 Z0.000 F1200
G1 X72.474 Y-183.286
G0 Z3.500
G0 X72.867 Y-183.929
G1 Z0.000 F1200
G1 X70.773 Y-186.587
G0 Z3.500
G0 X70.769 Y-187.328
G1 Z0.000 F1200
G1 X73.301 Y-183.862
G0 Z3.500
G0 X73.154 Y-184.013
G1 Z0.000 F1200
G1 X70.903 Y-189.164
G0 Z3.500
G0 X70.279 Y-188.557
G1 Z0.000 F1200
G1 X68.241 Y-193.382
G0 Z3.500
G0 X67.794 Y-193.193
G1 Z0.000 F1200
G1 X69.832 Y-188.368
G0 Z3.500
G0 X70.460 Y-188.012
G1 Z0.000 F1200
G1 X72.571 Y-182.126
G0 Z3.500
G0 X73.330 Y-182.991
G1 Z0.000 F1200
G1 X74.011 Y-180.496
G0 Z3.500
G0 X72.729 Y-180.798
G1 Z0.000 F1200
G1 X71.468 Y-185.599
G0 Z3.500
G0 X71.795 Y-186.174
G1 Z0.000 F1200
G1 X70.007 Y-189.216
G0 Z3.500
G0 X70.744 Y-187.621
G1 Z0.000 F1200
G1 X71.797 Y-184.758
G0 Z3.500
G0 X71.756 Y-184.590
G1 Z0.000 F1200
G1 X69.535 Y-187.214
G0 Z3.500
G0 X69.835 Y-185.821
G1 Z0.000 F1200
G1 X73.024 Y-189.434
G0 Z3.500
G0 X71.740 Y-188.595
G1 Z0.000 F1200
G1 X67.964 Y-185.602
G0 Z3.500
G0 X68.614 Y-183.998
G1 Z0.000 F1200
G1 X71.428 Y-181.219
G0 Z3.500
G0 X71.834 Y-180.791
G1 Z0.000 F1200
G1 X75.856 Y-184.793
G0 Z3.500
G0 X76.166 Y-185.085
G1 Z0.000 F1200
G1 X80.069 Y-189.854
G0 Z3.500
G0 X79.885 Y-189.809
G1 Z0.000 F1200
G1 X76.537 Y-195.798
G0 Z3.500
G0 X76.621 Y-195.990
G1 Z0.000 F1200
G1 X81.540 Y-199.733
G0 Z3.500
G0 X81.200 Y-199.550
G1 Z0.000 F1200
G1 X80.400 Y-200.751
G1 X81.400 Y-200.951
G1 X83.600 Y-203.153
G1 X83.800 Y-201.751
G1 X83.200 Y-199.750
G1 X82.600 Y-199.149
G1 X81.400 Y-199.349
G0 Z3.500
G0 X80.678 Y-198.361
G1 Z0.000 F1200
G1 X78.795 Y-203.213
G0 Z3.500
G0 X78.395 Y-202.675
G1 Z0.000 F1200
G1 X79.856 Y-199.180
G0 Z3.500
G0 X79.514 Y-199.683
G1 Z0.000 F1200
G1 X80.088 Y-195.820
G0 Z3.500
G0 X80.413 Y-195.731
G1 Z0.000 F1200
G1 X77.791 Y-201.737
G0 Z3.500
G0 X77.885 Y-202.309
G1 Z0.000 F1200
G1 X82.637 Y-206.617
G0 Z3.500
G0 X82.330 Y-206.956
G1 Z0.000 F1200
G1 X77.578 Y-202.649
G0 Z3.500
G0 X77.940 Y-202.477
G1 Z0.000 F1200
G1 X73.661 Y-207.985
G0 Z3.500
G0 X72.896 Y-208.212
G1 Z0.000 F1200
G1 X70.413 Y-205.620
G0 Z3.500
G0 X70.381 Y-205.192
G1 Z0.000 F1200
G1 X74.977 Y-200.648
G0 Z3.500
G0 X74.635 Y-200.771
G1 Z0.000 F1200
G1 X69.980 Y-195.274
G0 Z3.500
G0 X70.030 Y-195.275
G1 Z0.000 F1200
G1 X63.391 Y-189.248
G0 Z3.500
G0 X63.606 Y-189.365
G1 Z0.000 F1200
G1 X66.424 Y-192.097
G0 Z3.500
G0 X65.790 Y-192.400
G1 Z0.000 F1200
G1 X62.357 Y-189.611
G0 Z3.500
G0 X62.061 Y-189.976
G1 Z0.000 F1200
G1 X65.494 Y-192.765
G0 Z3.500
G0 X65.574 Y-192.989
G1 Z0.000 F1200
G1 X60.719 Y-187.256
G0 Z3.500
G0 X61.043 Y-186.981
G1 Z0.000 F1200
G1 X65.898 Y-192.714
G0 Z3.500
G0 X65.768 Y-191.179
G1 Z0.000 F1200
G1 X61.532 Y-185.937
G0 Z3.500
G0 X61.852 Y-186.343
G1 Z0.000 F1200
G1 X58.981 Y-183.886
G0 Z3.500
G0 X58.918 Y-185.151
G1 Z0.000 F1200
G1 X61.636 Y-182.488
G0 Z3.500
G0 X61.190 Y-184.784
G1 Z0.000 F1200
G1 X58.527 Y-189.123
G0 Z3.500
G0 X59.200 Y-189.141
G1 Z0.000 F1200
G1 X59.400 Y-190.142
G1 X61.800 Y-189.942
G1 X60.600 Y-188.741
G1 X59.400 Y-188.941
G0 Z3.500
G0 X60.006 Y-188.488
G1 Z0.000 F1200
G1 X60.414 Y-185.607
G0 Z3.500
G0 X60.000 Y-186.739
G1 Z0.000 F1200
G1 X60.400 Y-186.539
G1 X61.600 Y-188.741
G1 X61.400 Y-189.541
G1 X60.600 Y-188.741
G1 X59.400 Y-188.540
G1 X59.800 Y-186.939
G0 Z3.500
G0 X59.510 Y-186.699
G1 Z0.000 F1200
G1 X58.535 Y-190.904
G1 X58.042 Y-195.296
G1 X57.965 Y-199.839
G1 X58.236 Y-204.500
G1 X59.558 Y-214.035
G1 X64.748 Y-240.413
G1 X65.411 Y-247.332
G1 X65.125 Y-253.581
G0 Z3.500
G0 X65.512 Y-255.374
G1 Z0.000 F1200
G1 X68.352 Y-258.697
G0 Z3.500
G0 X70.531 Y-258.798
G1 Z0.000 F1200
G1 X72.753 Y-256.514
G0 Z3.500
G0 X72.530 Y-256.516
G1 Z0.000 F1200
G1 X73.692 Y-251.695
G0 Z3.500
G0 X74.125 Y-251.800
G1 Z0.000 F1200
G1 X72.963 Y-256.620
G0 Z3.500
G0 X73.953 Y-257.138
G1 Z0.000 F1200
G1 X68.666 Y-252.222
G0 Z3.500
G0 X68.928 Y-251.940
G1 Z0.000 F1200
G1 X74.215 Y-256.856
G0 Z3.500
G0 X74.869 Y-256.828
G1 Z0.000 F1200
G1 X69.192 Y-252.636
G0 Z3.500
G0 X69.472 Y-252.257
G1 Z0.000 F1200
G1 X75.148 Y-256.448
G0 Z3.500
G0 X75.935 Y-256.254
G1 Z0.000 F1200
G1 X73.314 Y-259.373
G0 Z3.500
G0 X73.175 Y-258.950
G1 Z0.000 F1200
G1 X67.670 Y-253.271
G0 Z3.500
G0 X68.016 Y-252.935
G1 Z0.000 F1200
G1 X73.521 Y-258.615
G0 Z3.500
G0 X73.834 Y-258.641
G1 Z0.000 F1200
G1 X71.132 Y-256.007
G0 Z3.500
G0 X69.887 Y-256.657
G1 Z0.000 F1200
G1 X74.070 Y-250.969
G0 Z3.500
G0 X73.735 Y-250.721
G1 Z0.000 F1200
G1 X69.551 Y-256.410
G0 Z3.500
G0 X70.409 Y-254.116
G1 Z0.000 F1200
G1 X70.767 Y-247.713
G1 X70.161 Y-240.708
G1 X68.905 Y-233.292
G1 X65.115 Y-214.943
G1 X63.731 Y-204.690
G1 X63.600 Y-200.564
G1 X63.844 Y-196.658
G1 X64.530 Y-193.013
G1 X65.267 Y-190.748
G0 Z3.500
G0 X65.407 Y-189.518
G1 Z0.000 F1200
G1 X64.441 Y-193.195
G1 X63.957 Y-197.125
G1 X63.887 Y-201.264
G1 X64.165 Y-205.567
G1 X65.498 Y-214.492
G1 X70.719 Y-239.328
G1 X71.394 Y-245.671
G1 X71.123 Y-251.211
G0 Z3.500
G0 X71.204 Y-250.797
G1 Z0.000 F1200
G1 X72.192 Y-246.506
G0 Z3.500
G0 X71.142 Y-246.170
G1 Z0.000 F1200
G1 X71.981 Y-240.444
G0 Z3.500
G0 X71.867 Y-240.143
G1 Z0.000 F1200
G1 X68.511 Y-236.645
G0 Z3.500
G0 X68.250 Y-236.896
G1 Z0.000 F1200
G1 X71.605 Y-240.395
G0 Z3.500
G0 X71.750 Y-239.950
G1 Z0.000 F1200
G1 X74.391 Y-236.594
G0 Z3.500
G0 X74.062 Y-236.334
G1 Z0.000 F1200
G1 X71.420 Y-239.690
G0 Z3.500
G0 X71.003 Y-239.359
G1 Z0.000 F1200
G1 X68.790 Y-242.860
G0 Z3.500
G0 X68.440 Y-242.639
G1 Z0.000 F1200
G1 X70.653 Y-239.138
G0 Z3.500
G0 X71.060 Y-238.263
G1 Z0.000 F1200
G1 X73.866 Y-233.688
G0 Z3.500
G0 X74.242 Y-233.919
G1 Z0.000 F1200
G1 X71.435 Y-238.494
G0 Z3.500
G0 X72.600 Y-239.183
G1 Z0.000 F1200
G1 X71.400 Y-240.384
G1 X71.400 Y-241.184
G1 X71.000 Y-241.585
G1 X72.000 Y-243.987
G1 X72.800 Y-243.386
G1 X73.600 Y-243.386
G1 X75.200 Y-241.585
G1 X75.000 Y-240.584
G1 X73.200 Y-238.782
G1 X72.800 Y-238.982
G0 Z3.500
G0 X72.908 Y-238.861
G1 Z0.000 F1200
G1 X72.374 Y-242.049
G0 Z3.500
G0 X72.475 Y-242.439
G1 Z0.000 F1200
G1 X73.264 Y-238.840
G0 Z3.500
G0 X73.380 Y-238.940
G1 Z0.000 F1200
G1 X72.846 Y-242.128
G0 Z3.500
G0 X72.950 Y-242.544
G1 Z0.000 F1200
G1 X73.739 Y-238.944
G0 Z3.500
G0 X73.302 Y-238.082
G1 Z0.000 F1200
G1 X78.276 Y-243.908
G0 Z3.500
G0 X78.598 Y-243.633
G1 Z0.000 F1200
G1 X73.624 Y-237.807
G0 Z3.500
G0 X74.660 Y-237.276
G1 Z0.000 F1200
G1 X69.842 Y-242.127
G0 Z3.500
G0 X70.108 Y-242.392
G1 Z0.000 F1200
G1 X74.927 Y-237.541
G0 Z3.500
G0 X75.207 Y-238.306
G1 Z0.000 F1200
G1 X71.190 Y-233.358
G0 Z3.500
G0 X71.000 Y-233.578
G1 Z0.000 F1200
G1 X71.400 Y-233.378
G1 X72.200 Y-234.178
G1 X72.400 Y-235.780
G1 X70.600 Y-237.581
G1 X67.200 Y-237.581
G1 X66.800 Y-236.781
G1 X67.400 Y-235.780
G1 X68.800 Y-235.780
G1 X70.800 Y-233.778
G0 Z3.500
G0 X70.856 Y-233.631
G1 Z0.000 F1200
G1 X74.872 Y-238.578
G0 Z3.500
G0 X75.294 Y-239.079
G1 Z0.000 F1200
G1 X74.227 Y-245.758
G0 Z3.500
G0 X74.682 Y-245.831
G1 Z0.000 F1200
G1 X75.749 Y-239.152
G0 Z3.500
G0 X76.358 Y-238.309
G1 Z0.000 F1200
G1 X73.477 Y-243.183
G0 Z3.500
G0 X73.801 Y-243.375
G1 Z0.000 F1200
G1 X76.682 Y-238.501
G0 Z3.500
G0 X77.200 Y-237.381
G1 Z0.000 F1200
G1 X76.600 Y-237.781
G1 X73.400 Y-237.781
G1 X73.200 Y-238.782
G1 X75.400 Y-241.384
G1 X78.000 Y-241.384
G1 X78.600 Y-242.185
G1 X79.800 Y-240.183
G1 X79.200 Y-239.983
G1 X79.600 Y-239.583
G1 X78.600 Y-238.782
G1 X78.600 Y-237.982
G1 X78.000 Y-237.181
G1 X77.200 Y-237.181
G0 Z3.500
G0 X77.202 Y-236.575
G1 Z0.000 F1200
G1 X78.265 Y-232.033
G0 Z3.500
G0 X78.514 Y-232.821
G1 Z0.000 F1200
G1 X79.261 Y-229.316
G0 Z3.500
G0 X79.695 Y-229.408
G1 Z0.000 F1200
G1 X78.948 Y-232.914
G0 Z3.500
G0 X79.687 Y-232.410
G1 Z0.000 F1200
G1 X75.609 Y-227.240
G0 Z3.500
G0 X75.935 Y-226.983
G1 Z0.000 F1200
G1 X80.012 Y-232.152
G0 Z3.500
G0 X80.000 Y-231.977
G1 Z0.000 F1200
G1 X80.600 Y-231.776
G1 X81.000 Y-232.777
G1 X78.800 Y-234.979
G1 X78.400 Y-236.180
G1 X77.600 Y-236.981
G1 X76.800 Y-235.780
G1 X77.400 Y-234.579
G1 X79.800 Y-232.177
G0 Z3.500
G0 X80.400 Y-231.576
G1 Z0.000 F1200
G1 X81.600 Y-233.978
G1 X82.800 Y-234.779
G1 X84.800 Y-232.977
G1 X84.800 Y-231.776
G1 X84.200 Y-231.376
G1 X80.400 Y-231.376
G0 Z3.500
G0 X81.014 Y-231.957
G1 Z0.000 F1200
G1 X76.431 Y-226.628
G0 Z3.500
G0 X76.757 Y-226.348
G1 Z0.000 F1200
G1 X81.340 Y-231.677
G0 Z3.500
G0 X81.385 Y-232.137
G1 Z0.000 F1200
G1 X82.600 Y-224.795
G0 Z3.500
G0 X82.168 Y-224.723
G1 Z0.000 F1200
G1 X80.954 Y-232.065
G0 Z3.500
G0 X81.306 Y-232.448
G1 Z0.000 F1200
G1 X87.250 Y-237.035
G0 Z3.500
G0 X86.984 Y-237.380
G1 Z0.000 F1200
G1 X81.041 Y-232.793
G0 Z3.500
G0 X80.600 Y-233.178
G1 Z0.000 F1200
G1 X81.000 Y-232.977
G1 X81.600 Y-233.578
G1 X81.600 Y-234.178
G1 X79.600 Y-236.580
G1 X78.800 Y-236.580
G1 X78.400 Y-235.780
G1 X80.400 Y-233.378
G0 Z3.500
G0 X80.042 Y-233.054
G1 Z0.000 F1200
G1 X78.506 Y-237.996
G0 Z3.500
G0 X78.635 Y-238.129
G1 Z0.000 F1200
G1 X74.754 Y-243.996
G0 Z3.500
G0 X74.182 Y-243.495
G1 Z0.000 F1200
G1 X71.882 Y-241.567
G0 Z3.500
G0 X71.571 Y-241.938
G1 Z0.000 F1200
G1 X73.872 Y-243.866
G0 Z3.500
G0 X74.128 Y-242.980
G1 Z0.000 F1200
G1 X69.078 Y-237.404
G0 Z3.500
G0 X68.953 Y-237.615
G1 Z0.000 F1200
G1 X67.706 Y-243.445
G0 Z3.500
G0 X67.267 Y-243.351
G1 Z0.000 F1200
G1 X68.514 Y-237.521
G0 Z3.500
G0 X69.397 Y-237.115
G1 Z0.000 F1200
G1 X74.447 Y-242.691
G0 Z3.500
G0 X74.320 Y-242.922
G1 Z0.000 F1200
G1 X71.057 Y-247.324
G0 Z3.500
G0 X70.754 Y-247.098
G1 Z0.000 F1200
G1 X74.017 Y-242.697
G0 Z3.500
G0 X74.600 Y-242.185
G1 Z0.000 F1200
G1 X73.600 Y-243.386
G1 X74.000 Y-243.786
G1 X74.000 Y-244.987
G1 X73.000 Y-245.988
G1 X73.000 Y-246.389
G1 X73.600 Y-246.989
G1 X76.800 Y-246.989
G1 X77.000 Y-246.188
G1 X76.000 Y-242.585
G1 X75.400 Y-241.785
G1 X74.800 Y-241.985
G0 Z3.500
G0 X74.618 Y-242.196
G1 Z0.000 F1200
G1 X77.891 Y-236.988
G0 Z3.500
G0 X78.000 Y-236.580
G1 Z0.000 F1200
G1 X78.000 Y-237.381
G1 X78.800 Y-237.982
G1 X79.400 Y-237.381
G1 X79.400 Y-236.781
G1 X78.400 Y-236.180
G1 X78.200 Y-236.380
G0 Z3.500
G0 X78.021 Y-236.339
G1 Z0.000 F1200
G1 X81.801 Y-230.216
G0 Z3.500
G0 X81.444 Y-229.996
G1 Z0.000 F1200
G1 X77.664 Y-236.119
G0 Z3.500
G0 X78.287 Y-237.238
G1 Z0.000 F1200
G1 X75.013 Y-242.445
G0 Z3.500
G0 X75.400 Y-241.785
G1 Z0.000 F1200
G1 X76.400 Y-243.987
G1 X76.800 Y-243.987
G1 X78.000 Y-242.585
G1 X77.000 Y-241.384
G1 X75.200 Y-241.585
G0 Z3.500
G0 X76.176 Y-241.194
G1 Z0.000 F1200
G1 X80.321 Y-236.601
G0 Z3.500
G0 X81.354 Y-236.269
G1 Z0.000 F1200
G1 X82.102 Y-231.442
G0 Z3.500
G0 X82.561 Y-231.513
G1 Z0.000 F1200
G1 X81.813 Y-236.341
G0 Z3.500
G0 X81.750 Y-236.237
G1 Z0.000 F1200
G1 X85.625 Y-231.402
G0 Z3.500
G0 X85.408 Y-231.616
G1 Z0.000 F1200
G1 X84.184 Y-236.472
G0 Z3.500
G0 X84.637 Y-236.586
G1 Z0.000 F1200
G1 X85.860 Y-231.730
G0 Z3.500
G0 X85.257 Y-231.107
G1 Z0.000 F1200
G1 X81.383 Y-235.942
G0 Z3.500
G0 X81.311 Y-235.715
G1 Z0.000 F1200
G1 X78.441 Y-238.833
G0 Z3.500
G0 X78.162 Y-240.034
G1 Z0.000 F1200
G1 X76.487 Y-243.215
G0 Z3.500
G0 X77.202 Y-242.936
G1 Z0.000 F1200
G1 X75.918 Y-246.170
G0 Z3.500
G0 X76.345 Y-246.340
G1 Z0.000 F1200
G1 X77.629 Y-243.106
G0 Z3.500
G0 X78.000 Y-242.585
G1 Z0.000 F1200
G1 X77.600 Y-242.986
G1 X77.800 Y-243.386
G1 X79.000 Y-243.386
G1 X79.400 Y-242.786
G1 X78.800 Y-242.185
G1 X78.000 Y-242.385
G0 Z3.500
G0 X78.406 Y-242.106
G1 Z0.000 F1200
G1 X80.936 Y-244.755
G0 Z3.500
G0 X81.683 Y-244.296
G1 Z0.000 F1200
G1 X79.366 Y-249.772
G0 Z3.500
G0 X79.505 Y-249.954
G1 Z0.000 F1200
G1 X83.916 Y-253.210
G0 Z3.500
G0 X83.667 Y-253.547
G1 Z0.000 F1200
G1 X79.257 Y-250.291
G0 Z3.500
G0 X79.087 Y-250.326
G1 Z0.000 F1200
G1 X73.927 Y-255.755
G0 Z3.500
G0 X73.615 Y-255.459
G1 Z0.000 F1200
G1 X78.775 Y-250.030
G0 Z3.500
G0 X79.796 Y-249.954
G1 Z0.000 F1200
G1 X82.113 Y-244.478
G0 Z3.500
G0 X81.800 Y-244.387
G1 Z0.000 F1200
G1 X81.800 Y-246.188
G1 X82.600 Y-246.989
G1 X83.800 Y-245.788
G1 X83.800 Y-245.388
G1 X82.400 Y-243.987
G1 X81.800 Y-244.187
G0 Z3.500
G0 X81.378 Y-243.172
G1 Z0.000 F1200
G1 X79.559 Y-241.017
G0 Z3.500
G0 X80.179 Y-241.219
G1 Z0.000 F1200
G1 X75.714 Y-236.707
G0 Z3.500
G0 X75.909 Y-236.853
G1 Z0.000 F1200
G1 X72.843 Y-233.344
G0 Z3.500
G0 X72.559 Y-233.593
G1 Z0.000 F1200
G1 X75.624 Y-237.102
G0 Z3.500
G0 X75.600 Y-235.980
G1 Z0.000 F1200
G1 X73.600 Y-235.980
G1 X73.200 Y-236.380
G1 X73.200 Y-237.581
G1 X77.000 Y-237.581
G1 X77.400 Y-236.981
G1 X77.200 Y-236.380
G1 X76.600 Y-235.780
G1 X75.800 Y-235.980
G0 Z3.500
G0 X76.095 Y-235.420
G1 Z0.000 F1200
G1 X81.026 Y-239.154
G0 Z3.500
G0 X81.785 Y-239.078
G1 Z0.000 F1200
G1 X86.286 Y-232.500
G0 Z3.500
G0 X86.627 Y-232.734
G1 Z0.000 F1200
G1 X82.125 Y-239.311
G0 Z3.500
G0 X81.922 Y-238.352
G1 Z0.000 F1200
G1 X86.607 Y-242.785
G0 Z3.500
G0 X86.452 Y-242.756
G1 Z0.000 F1200
G1 X88.911 Y-239.176
G0 Z3.500
G0 X89.277 Y-239.427
G1 Z0.000 F1200
G1 X86.818 Y-243.008
G0 Z3.500
G0 X88.324 Y-244.112
G1 Z0.000 F1200
G1 X84.878 Y-249.991
G0 Z3.500
G0 X85.254 Y-250.510
G1 Z0.000 F1200
G1 X90.984 Y-255.913
G0 Z3.500
G0 X90.717 Y-256.197
G1 Z0.000 F1200
G1 X84.987 Y-250.794
G0 Z3.500
G0 X84.371 Y-250.618
G1 Z0.000 F1200
G1 X78.476 Y-245.728
G0 Z3.500
G0 X78.219 Y-246.039
G1 Z0.000 F1200
G1 X84.114 Y-250.929
G0 Z3.500
G0 X84.312 Y-251.315
G1 Z0.000 F1200
G1 X85.240 Y-245.751
G1 X85.095 Y-239.433
G1 X84.222 Y-232.606
G1 X81.016 Y-214.224
G1 X80.339 Y-206.326
G1 X80.463 Y-202.709
G1 X80.994 Y-199.384
G1 X82.008 Y-196.404
G1 X82.989 Y-194.635
G0 Z3.500
G0 X82.621 Y-194.089
G1 Z0.000 F1200
G1 X81.517 Y-195.928
G1 X80.338 Y-199.005
G1 X79.661 Y-202.424
G1 X79.409 Y-206.140
G1 X79.866 Y-214.276
G1 X82.642 Y-233.591
G1 X83.322 Y-241.025
G1 X83.235 Y-248.135
G1 X82.019 Y-254.710
G0 Z3.500
G0 X82.396 Y-253.683
G1 Z0.000 F1200
G1 X83.000 Y-250.077
G0 Z3.500
G0 X83.099 Y-250.137
G1 Z0.000 F1200
G1 X84.180 Y-245.148
G0 Z3.500
G0 X83.800 Y-245.188
G1 Z0.000 F1200
G1 X83.800 Y-245.788
G1 X82.800 Y-246.789
G1 X82.800 Y-247.189
G1 X84.000 Y-248.390
G1 X84.400 Y-248.390
G1 X86.000 Y-246.789
G1 X86.000 Y-245.588
G1 X85.000 Y-244.787
G1 X83.800 Y-244.987
G0 Z3.500
G0 X83.715 Y-245.047
G1 Z0.000 F1200
G1 X82.635 Y-250.036
G0 Z3.500
G0 X81.901 Y-250.287
G1 Z0.000 F1200
G1 X80.269 Y-256.177
G0 Z3.500
G0 X80.249 Y-256.352
G1 Z0.000 F1200
G1 X81.088 Y-253.027
G0 Z3.500
G0 X81.098 Y-253.307
G1 Z0.000 F1200
G1 X82.025 Y-247.150
G1 X81.879 Y-240.368
G1 X81.005 Y-233.186
G1 X77.798 Y-214.266
G1 X77.119 Y-206.237
G1 X77.243 Y-202.568
G1 X77.774 Y-199.195
G1 X78.788 Y-196.166
G1 X79.768 Y-194.362
G0 Z3.500
G0 X78.971 Y-193.636
G1 Z0.000 F1200
G1 X81.234 Y-191.298
G0 Z3.500
G0 X81.945 Y-190.854
G1 Z0.000 F1200
G1 X84.084 Y-192.618
G0 Z3.500
G0 X83.511 Y-192.004
G1 Z0.000 F1200
G1 X81.894 Y-195.649
G0 Z3.500
G0 X82.170 Y-195.803
G1 Z0.000 F1200
G1 X80.150 Y-201.482
G0 Z3.500
G0 X80.519 Y-201.614
G1 Z0.000 F1200
G1 X82.539 Y-195.935
G0 Z3.500
G0 X83.243 Y-196.638
G1 Z0.000 F1200
G1 X81.000 Y-203.708
G0 Z3.500
G0 X80.739 Y-203.765
G1 Z0.000 F1200
G1 X79.924 Y-198.410
G1 X79.622 Y-192.638
G1 X79.760 Y-186.624
G1 X80.386 Y-179.535
G1 X81.406 Y-172.633
G1 X82.910 Y-165.332
G1 X84.616 Y-159.057
G1 X86.568 Y-153.740
G0 Z3.500
G0 X86.237 Y-153.095
G1 Z0.000 F1200
G1 X84.150 Y-157.428
G1 X82.301 Y-162.916
G1 X80.634 Y-169.706
G1 X79.461 Y-176.534
G1 X78.674 Y-184.031
G1 X78.394 Y-190.871
G1 X78.553 Y-197.993
G1 X79.226 Y-205.299
G0 Z3.500
G0 X79.403 Y-205.566
G1 Z0.000 F1200
G1 X85.392 Y-210.301
G0 Z3.500
G0 X85.163 Y-210.345
G1 Z0.000 F1200
G1 X83.805 Y-214.404
G0 Z3.500
G0 X84.279 Y-214.563
G1 Z0.000 F1200
G1 X85.638 Y-210.504
G0 Z3.500
G0 X85.157 Y-210.600
G1 Z0.000 F1200
G1 X79.167 Y-205.864
G0 Z3.500
G0 X80.244 Y-205.874
G1 Z0.000 F1200
G1 X82.972 Y-201.949
G0 Z3.500
G0 X83.284 Y-202.166
G1 Z0.000 F1200
G1 X80.555 Y-206.091
G0 Z3.500
G0 X81.158 Y-205.319
G1 Z0.000 F1200
G1 X75.833 Y-211.415
G0 Z3.500
G0 X75.684 Y-211.319
G1 Z0.000 F1200
G1 X80.708 Y-217.193
G0 Z3.500
G0 X80.736 Y-216.953
G1 Z0.000 F1200
G1 X85.633 Y-221.427
G0 Z3.500
G0 X85.317 Y-221.773
G1 Z0.000 F1200
G1 X80.420 Y-217.300
G0 Z3.500
G0 X79.831 Y-217.446
G1 Z0.000 F1200
G1 X81.646 Y-210.894
G0 Z3.500
G0 X81.198 Y-210.770
G1 Z0.000 F1200
G1 X79.382 Y-217.321
G0 Z3.500
G0 X78.860 Y-216.355
G1 Z0.000 F1200
G1 X74.916 Y-220.793
G0 Z3.500
G0 X74.605 Y-220.515
G1 Z0.000 F1200
G1 X78.548 Y-216.077
G0 Z3.500
G0 X77.722 Y-214.793
G1 Z0.000 F1200
G1 X73.114 Y-209.128
G0 Z3.500
G0 X72.935 Y-209.059
G1 Z0.000 F1200
G1 X74.327 Y-205.732
G0 Z3.500
G0 X74.850 Y-206.067
G1 Z0.000 F1200
G1 X80.436 Y-210.177
G0 Z3.500
G0 X80.171 Y-210.537
G1 Z0.000 F1200
G1 X74.585 Y-206.428
G0 Z3.500
G0 X74.918 Y-206.704
G1 Z0.000 F1200
G1 X76.812 Y-202.999
G0 Z3.500
G0 X76.782 Y-202.081
G1 Z0.000 F1200
G1 X76.183 Y-197.545
G1 X76.004 Y-191.656
G1 X76.329 Y-185.438
G1 X77.067 Y-179.057
G1 X78.332 Y-171.627
G1 X80.134 Y-163.478
G1 X82.359 Y-155.215
G1 X84.722 Y-147.815
G0 Z3.500
G0 X84.484 Y-147.827
G1 Z0.000 F1200
G1 X79.656 Y-164.798
G1 X76.580 Y-178.408
G1 X75.053 Y-189.618
G1 X74.894 Y-194.682
G1 X75.149 Y-198.486
G0 Z3.500
G0 X74.854 Y-198.638
G1 Z0.000 F1200
G1 X77.171 Y-189.428
G0 Z3.500
G0 X76.752 Y-189.323
G1 Z0.000 F1200
G1 X74.436 Y-198.532
G0 Z3.500
G0 X73.947 Y-198.137
G1 Z0.000 F1200
G1 X76.281 Y-191.796
G0 Z3.500
G0 X76.311 Y-191.728
G1 Z0.000 F1200
G1 X74.254 Y-196.447
G0 Z3.500
G0 X74.190 Y-196.336
G1 Z0.000 F1200
G1 X73.897 Y-190.392
G1 X74.864 Y-182.471
G1 X76.539 Y-174.436
G1 X81.519 Y-153.828
G1 X83.150 Y-145.808
G0 Z3.500
G0 X82.678 Y-145.395
G1 Z0.000 F1200
G1 X74.164 Y-184.037
G1 X73.338 Y-191.437
G1 X73.480 Y-194.243
G1 X73.917 Y-195.978
G0 Z3.500
G0 X74.026 Y-196.351
G1 Z0.000 F1200
G1 X75.973 Y-191.585
G0 Z3.500
G0 X75.842 Y-191.634
G1 Z0.000 F1200
G1 X73.508 Y-197.975
G0 Z3.500
G0 X73.697 Y-197.053
G1 Z0.000 F1200
G1 X74.830 Y-193.748
G0 Z3.500
G0 X75.248 Y-193.892
G1 Z0.000 F1200
G1 X74.116 Y-197.197
G0 Z3.500
G0 X74.063 Y-196.626
G1 Z0.000 F1200
G1 X75.705 Y-192.008
G0 Z3.500
G0 X75.324 Y-191.869
G1 Z0.000 F1200
G1 X73.557 Y-196.442
G0 Z3.500
G0 X73.613 Y-195.264
G1 Z0.000 F1200
G1 X70.374 Y-200.197
G0 Z3.500
G0 X70.042 Y-199.979
G1 Z0.000 F1200
G1 X73.282 Y-195.046
G0 Z3.500
G0 X72.886 Y-195.316
G1 Z0.000 F1200
G1 X77.436 Y-199.069
G0 Z3.500
G0 X77.400 Y-198.749
G1 Z0.000 F1200
G1 X78.800 Y-199.349
G1 X78.200 Y-200.150
G1 X77.400 Y-200.350
G1 X78.800 Y-200.350
G1 X78.400 Y-199.950
G1 X78.800 Y-199.550
G1 X79.400 Y-199.750
G1 X79.000 Y-199.550
G1 X79.000 Y-198.749
G1 X78.800 Y-199.349
G1 X77.600 Y-198.749
G0 Z3.500
G0 X77.544 Y-198.360
G1 Z0.000 F1200
G1 X76.616 Y-195.484
G1 X76.146 Y-191.240
G1 X76.297 Y-186.276
G1 X77.141 Y-179.776
G1 X78.570 Y-172.742
G1 X80.741 Y-164.359
G1 X86.679 Y-145.959
G0 Z3.500
G0 X85.780 Y-145.989
G1 Z0.000 F1200
G1 X80.252 Y-164.124
G1 X77.067 Y-178.303
G1 X76.153 Y-185.083
G1 X75.871 Y-190.528
G1 X76.145 Y-195.501
G1 X76.860 Y-199.194
G0 Z3.500
G0 X76.929 Y-198.849
G1 Z0.000 F1200
G1 X76.392 Y-194.459
G1 X76.263 Y-188.816
G1 X76.615 Y-182.900
G1 X77.360 Y-176.859
G1 X78.614 Y-169.845
G1 X80.386 Y-162.159
G1 X82.569 Y-154.345
G1 X84.888 Y-147.274
G0 Z3.500
G0 X84.402 Y-148.106
G1 Z0.000 F1200
G1 X79.818 Y-165.181
G1 X78.529 Y-171.835
G1 X77.647 Y-178.785
G1 X77.347 Y-184.891
G1 X77.584 Y-191.060
G1 X78.269 Y-196.199
G1 X79.465 Y-201.293
G0 Z3.500
G0 X79.084 Y-201.575
G1 Z0.000 F1200
G1 X76.431 Y-205.141
G0 Z3.500
G0 X77.697 Y-204.790
G1 Z0.000 F1200
G1 X74.997 Y-210.599
G0 Z3.500
G0 X75.971 Y-211.074
G1 Z0.000 F1200
G1 X80.994 Y-216.948
G0 Z3.500
G0 X80.862 Y-215.644
G1 Z0.000 F1200
G1 X77.024 Y-211.316
G0 Z3.500
G0 X77.322 Y-211.051
G1 Z0.000 F1200
G1 X81.161 Y-215.378
G0 Z3.500
G0 X81.509 Y-213.877
G1 Z0.000 F1200
G1 X80.179 Y-222.175
G0 Z3.500
G0 X80.637 Y-222.249
G1 Z0.000 F1200
G1 X81.967 Y-213.950
G0 Z3.500
G0 X82.547 Y-213.588
G1 Z0.000 F1200
G1 X78.789 Y-218.565
G0 Z3.500
G0 X78.650 Y-218.505
G1 Z0.000 F1200
G1 X77.198 Y-224.242
G0 Z3.500
G0 X77.115 Y-224.167
G1 Z0.000 F1200
G1 X69.899 Y-218.545
G0 Z3.500
G0 X69.707 Y-218.202
G1 Z0.000 F1200
G1 X70.638 Y-213.287
G0 Z3.500
G0 X70.730 Y-213.464
G1 Z0.000 F1200
G1 X74.497 Y-207.439
G0 Z3.500
G0 X74.512 Y-208.257
G1 Z0.000 F1200
G1 X69.969 Y-203.946
G0 Z3.500
G0 X70.000 Y-203.953
G1 Z0.000 F1200
G1 X70.400 Y-203.753
G1 X71.600 Y-204.354
G1 X70.400 Y-205.955
G1 X69.200 Y-205.154
G1 X69.800 Y-204.153
G0 Z3.500
G0 X70.055 Y-203.634
G1 Z0.000 F1200
G1 X70.578 Y-201.362
G0 Z3.500
G0 X70.593 Y-201.352
G1 Z0.000 F1200
G1 X65.630 Y-208.639
G0 Z3.500
G0 X65.317 Y-208.426
G1 Z0.000 F1200
G1 X70.280 Y-201.138
G0 Z3.500
G0 X68.800 Y-200.751
G1 Z0.000 F1200
G1 X69.400 Y-200.550
G1 X70.200 Y-201.351
G1 X71.800 Y-201.751
G1 X74.000 Y-203.153
G1 X76.400 Y-206.155
G1 X84.600 Y-214.362
G1 X84.800 Y-216.163
G1 X83.400 Y-216.564
G1 X75.000 Y-208.157
G1 X83.200 Y-216.364
G1 X83.000 Y-216.764
G1 X81.600 Y-216.964
G1 X74.000 Y-209.358
G1 X73.400 Y-209.358
G1 X74.000 Y-209.358
G1 X81.600 Y-216.964
G1 X81.000 Y-217.565
G1 X79.400 Y-217.565
G1 X72.800 Y-210.959
G1 X72.800 Y-209.558
G1 X71.800 Y-209.158
G1 X72.800 Y-209.558
G1 X72.800 Y-210.959
G1 X79.400 Y-217.565
G1 X78.800 Y-219.566
G1 X78.200 Y-220.167
G1 X70.400 Y-212.360
G1 X70.400 Y-211.159
G1 X70.400 Y-212.360
G1 X78.200 Y-220.167
G1 X78.000 Y-220.767
G1 X77.000 Y-220.767
G1 X68.800 Y-212.560
G1 X68.400 Y-212.560
G1 X68.800 Y-212.560
G1 X69.600 Y-213.361
G1 X69.400 Y-213.561
G1 X68.000 Y-213.361
G1 X67.000 Y-213.962
G1 X66.600 Y-213.361
G1 X67.200 Y-214.162
G1 X67.000 Y-214.762
G1 X66.600 Y-214.562
G1 X65.800 Y-215.763
G1 X65.200 Y-215.163
G1 X65.400 Y-214.762
G1 X65.400 Y-216.163
G1 X64.800 Y-216.163
G1 X64.600 Y-215.363
G1 X64.600 Y-215.963
G1 X63.800 Y-216.764
G1 X63.400 Y-216.163
G1 X63.600 Y-215.963
G1 X62.800 Y-219.166
G1 X59.800 Y-219.166
G1 X58.600 Y-217.364
G1 X59.600 Y-212.761
G1 X59.600 Y-211.159
G1 X61.200 Y-209.958
G1 X62.000 Y-210.359
G1 X61.200 Y-213.962
G1 X61.200 Y-212.961
G1 X62.000 Y-211.159
G1 X62.000 Y-210.359
G1 X61.400 Y-209.558
G1 X62.200 Y-206.956
G1 X64.800 Y-205.755
G1 X65.800 Y-205.755
G1 X66.000 Y-206.956
G1 X66.000 Y-205.755
G1 X67.800 Y-204.754
G1 X69.000 Y-204.754
G1 X70.600 Y-206.355
G1 X71.800 Y-206.555
G1 X72.800 Y-206.155
G1 X73.400 Y-206.756
G1 X74.000 Y-206.756
G1 X73.000 Y-206.355
G1 X73.800 Y-205.555
G1 X73.000 Y-206.155
G1 X72.600 Y-205.955
G1 X72.600 Y-203.553
G1 X72.400 Y-204.554
G1 X70.200 Y-203.753
G1 X69.200 Y-204.754
G1 X68.200 Y-204.754
G1 X67.000 Y-203.553
G1 X67.000 Y-201.952
G1 X66.000 Y-200.951
G1 X68.600 Y-200.751
G0 Z3.500
G0 X69.151 Y-202.720
G1 Z0.000 F1200
G1 X65.385 Y-207.772
G0 Z3.500
G0 X65.730 Y-208.030
G1 Z0.000 F1200
G1 X69.496 Y-202.978
G0 Z3.500
G0 X71.347 Y-204.563
G1 Z0.000 F1200
G1 X75.922 Y-208.057
G0 Z3.500
G0 X77.240 Y-207.443
G1 Z0.000 F1200
G1 X81.925 Y-211.714
G0 Z3.500
G0 X82.188 Y-211.425
G1 Z0.000 F1200
G1 X77.503 Y-207.154
G0 Z3.500
G0 X77.770 Y-208.882
G1 Z0.000 F1200
G1 X75.452 Y-214.220
G0 Z3.500
G0 X75.855 Y-214.396
G1 Z0.000 F1200
G1 X78.174 Y-209.058
G0 Z3.500
G0 X79.120 Y-210.292
G1 Z0.000 F1200
G1 X74.738 Y-216.411
G0 Z3.500
G0 X75.081 Y-216.657
G1 Z0.000 F1200
G1 X79.463 Y-210.538
G0 Z3.500
G0 X78.854 Y-211.807
G1 Z0.000 F1200
G1 X77.121 Y-216.793
G0 Z3.500
G0 X76.646 Y-216.627
G1 Z0.000 F1200
G1 X78.379 Y-211.642
G0 Z3.500
G0 X78.070 Y-212.999
G1 Z0.000 F1200
G1 X75.409 Y-216.557
G0 Z3.500
G0 X76.629 Y-216.185
G1 Z0.000 F1200
G1 X69.554 Y-210.204
G0 Z3.500
G0 X69.820 Y-209.889
G1 Z0.000 F1200
G1 X76.895 Y-215.870
G0 Z3.500
G0 X78.033 Y-214.540
G1 Z0.000 F1200
G1 X73.424 Y-208.875
G0 Z3.500
G0 X73.707 Y-208.845
G1 Z0.000 F1200
G1 X72.345 Y-213.898
G0 Z3.500
G0 X72.771 Y-214.013
G1 Z0.000 F1200
G1 X74.133 Y-208.960
G0 Z3.500
G0 X73.085 Y-208.791
G1 Z0.000 F1200
G1 X74.133 Y-203.387
G0 Z3.500
G0 X74.210 Y-203.628
G1 Z0.000 F1200
G1 X76.297 Y-200.043
G0 Z3.500
G0 X77.030 Y-201.054
G1 Z0.000 F1200
G1 X76.579 Y-196.476
G1 X76.636 Y-191.066
G1 X77.126 Y-185.065
G1 X78.144 Y-177.642
G1 X79.750 Y-169.071
G1 X81.659 Y-160.955
G1 X83.692 Y-153.869
G1 X85.672 Y-148.385
G0 Z3.500
G0 X85.414 Y-148.766
G1 Z0.000 F1200
G1 X83.396 Y-154.706
G1 X81.333 Y-162.483
G1 X79.698 Y-170.491
G1 X78.590 Y-178.024
G1 X77.925 Y-185.774
G1 X77.814 Y-192.391
G1 X78.218 Y-198.812
G1 X79.009 Y-203.894
G0 Z3.500
G0 X79.193 Y-203.808
G1 Z0.000 F1200
G1 X83.806 Y-208.531
G0 Z3.500
G0 X83.785 Y-208.182
G1 Z0.000 F1200
G1 X87.319 Y-211.402
G0 Z3.500
G0 X87.640 Y-211.050
G1 Z0.000 F1200
G1 X84.105 Y-207.829
G0 Z3.500
G0 X84.517 Y-208.203
G1 Z0.000 F1200
G1 X81.015 Y-204.029
G0 Z3.500
G0 X81.413 Y-203.839
G1 Z0.000 F1200
G1 X83.656 Y-196.769
G0 Z3.500
G0 X84.205 Y-196.777
G1 Z0.000 F1200
G1 X85.698 Y-193.179
G0 Z3.500
G0 X85.355 Y-193.525
G1 Z0.000 F1200
G1 X84.127 Y-195.436
G1 X82.780 Y-198.605
G1 X81.957 Y-202.095
G1 X81.574 Y-205.855
G1 X81.807 Y-213.989
G1 X84.148 Y-232.741
G1 X84.633 Y-239.702
G1 X84.311 Y-246.168
G1 X83.572 Y-249.716
G1 X82.803 Y-251.911
G0 Z3.500
G0 X82.963 Y-252.492
G1 Z0.000 F1200
G1 X87.314 Y-245.687
G0 Z3.500
G0 X86.980 Y-245.872
G1 Z0.000 F1200
G1 X91.018 Y-240.565
G0 Z3.500
G0 X91.312 Y-240.790
G1 Z0.000 F1200
G1 X87.274 Y-246.096
G0 Z3.500
G0 X87.648 Y-245.901
G1 Z0.000 F1200
G1 X83.297 Y-252.706
G0 Z3.500
G0 X83.157 Y-252.748
G1 Z0.000 F1200
G1 X79.129 Y-258.853
G0 Z3.500
G0 X79.514 Y-259.108
G1 Z0.000 F1200
G1 X83.543 Y-253.002
G0 Z3.500
G0 X82.869 Y-253.762
G1 Z0.000 F1200
G1 X83.474 Y-250.157
G0 Z3.500
G0 X84.000 Y-251.393
G1 Z0.000 F1200
G1 X84.600 Y-251.193
G1 X85.200 Y-251.793
G1 X85.200 Y-255.396
G1 X84.400 Y-256.197
G1 X80.000 Y-256.197
G1 X79.600 Y-255.596
G1 X80.000 Y-255.196
G1 X80.200 Y-252.794
G1 X80.800 Y-252.193
G1 X83.200 Y-252.193
G1 X83.800 Y-251.593
G0 Z3.500
G0 X85.200 Y-251.993
G1 Z0.000 F1200
G1 X86.600 Y-251.993
G1 X88.200 Y-253.595
G1 X88.600 Y-254.996
G1 X89.400 Y-255.796
G1 X89.000 Y-256.197
G1 X85.600 Y-255.997
G1 X85.200 Y-255.596
G1 X85.200 Y-252.193
G0 Z3.500
G0 X85.352 Y-251.801
G1 Z0.000 F1200
G1 X88.560 Y-254.325
G0 Z3.500
G0 X88.837 Y-253.972
G1 Z0.000 F1200
G1 X85.629 Y-251.448
G0 Z3.500
G0 X86.278 Y-252.522
G1 Z0.000 F1200
G1 X88.044 Y-248.204
G0 Z3.500
G0 X88.038 Y-248.484
G1 Z0.000 F1200
G1 X93.040 Y-243.384
G0 Z3.500
G0 X92.800 Y-243.386
G1 Z0.000 F1200
G1 X92.400 Y-245.788
G1 X92.800 Y-246.188
G1 X95.000 Y-246.989
G1 X96.600 Y-245.588
G1 X96.600 Y-244.987
G1 X95.000 Y-243.186
G1 X92.800 Y-243.186
G0 Z3.500
G0 X93.344 Y-243.683
G1 Z0.000 F1200
G1 X88.342 Y-248.783
G0 Z3.500
G0 X88.400 Y-248.991
G1 Z0.000 F1200
G1 X89.000 Y-248.791
G1 X89.600 Y-250.392
G1 X88.800 Y-250.992
G1 X88.400 Y-250.792
G1 X88.400 Y-249.191
G0 Z3.500
G0 X88.478 Y-248.382
G1 Z0.000 F1200
G1 X86.711 Y-252.700
G0 Z3.500
G0 X86.037 Y-253.422
G1 Z0.000 F1200
G1 X80.628 Y-259.042
G0 Z3.500
G0 X80.479 Y-259.288
G1 Z0.000 F1200
G1 X85.821 Y-253.785
G0 Z3.500
G0 X85.739 Y-253.857
G1 Z0.000 F1200
G1 X83.060 Y-258.526
G0 Z3.500
G0 X83.252 Y-258.789
G1 Z0.000 F1200
G1 X78.620 Y-254.559
G0 Z3.500
G0 X78.975 Y-254.490
G1 Z0.000 F1200
G1 X83.621 Y-248.538
G0 Z3.500
G0 X82.030 Y-249.084
G1 Z0.000 F1200
G1 X81.184 Y-252.240
G0 Z3.500
G0 X81.583 Y-252.018
G1 Z0.000 F1200
G1 X83.950 Y-245.832
G0 Z3.500
G0 X84.383 Y-245.998
G1 Z0.000 F1200
G1 X82.016 Y-252.184
G0 Z3.500
G0 X81.013 Y-251.509
G1 Z0.000 F1200
G1 X85.420 Y-255.959
G0 Z3.500
G0 X85.117 Y-256.259
G1 Z0.000 F1200
G1 X80.710 Y-251.809
G0 Z3.500
G0 X80.721 Y-252.115
G1 Z0.000 F1200
G1 X81.567 Y-248.959
G0 Z3.500
G0 X80.188 Y-248.456
G1 Z0.000 F1200
G1 X78.575 Y-253.873
G0 Z3.500
G0 X78.889 Y-253.699
G1 Z0.000 F1200
G1 X74.294 Y-259.426
G0 Z3.500
G0 X73.950 Y-259.149
G1 Z0.000 F1200
G1 X78.545 Y-253.422
G0 Z3.500
G0 X78.164 Y-253.282
G1 Z0.000 F1200
G1 X78.978 Y-246.800
G0 Z3.500
G0 X79.216 Y-246.972
G1 Z0.000 F1200
G1 X76.434 Y-244.196
G0 Z3.500
G0 X77.000 Y-243.786
G1 Z0.000 F1200
G1 X76.600 Y-244.187
G1 X76.600 Y-245.588
G1 X77.000 Y-246.989
G1 X77.800 Y-247.790
G1 X78.600 Y-247.189
G1 X82.600 Y-246.989
G1 X79.200 Y-243.386
G1 X77.200 Y-243.586
G0 Z3.500
G0 X79.200 Y-242.986
G1 Z0.000 F1200
G1 X79.200 Y-243.386
G1 X80.200 Y-244.187
G1 X80.600 Y-242.986
G1 X80.200 Y-242.585
G1 X79.400 Y-242.786
G0 Z3.500
G0 X80.600 Y-242.986
G1 Z0.000 F1200
G1 X81.800 Y-242.986
G1 X82.000 Y-243.987
G1 X81.600 Y-245.788
G1 X80.400 Y-244.387
G1 X80.600 Y-243.186
G0 Z3.500
G0 X80.883 Y-242.427
G1 Z0.000 F1200
G1 X84.737 Y-238.297
G0 Z3.500
G0 X84.800 Y-238.582
G1 Z0.000 F1200
G1 X85.800 Y-238.382
G1 X87.000 Y-239.783
G1 X85.200 Y-241.585
G1 X84.400 Y-243.386
G1 X83.600 Y-243.987
G1 X83.000 Y-242.585
G1 X83.600 Y-241.585
G1 X82.800 Y-242.385
G1 X82.400 Y-242.185
G1 X82.400 Y-241.585
G1 X83.200 Y-240.183
G1 X84.600 Y-238.782
G0 Z3.500
G0 X83.825 Y-239.076
G1 Z0.000 F1200
G1 X86.238 Y-235.336
G0 Z3.500
G0 X86.197 Y-235.265
G1 Z0.000 F1200
G1 X79.933 Y-229.859
G0 Z3.500
G0 X79.593 Y-229.779
G1 Z0.000 F1200
G1 X75.331 Y-225.873
G0 Z3.500
G0 X75.077 Y-226.151
G1 Z0.000 F1200
G1 X79.338 Y-230.057
G0 Z3.500
G0 X79.800 Y-230.575
G1 Z0.000 F1200
G1 X80.600 Y-230.575
G1 X80.400 Y-231.576
G1 X77.400 Y-234.579
G1 X76.800 Y-235.780
G1 X73.600 Y-235.780
G1 X75.800 Y-233.578
G1 X77.400 Y-232.977
G1 X79.600 Y-230.776
G0 Z3.500
G0 X79.402 Y-230.992
G1 Z0.000 F1200
G1 X76.415 Y-233.970
G0 Z3.500
G0 X76.351 Y-233.613
G1 Z0.000 F1200
G1 X81.296 Y-225.562
G0 Z3.500
G0 X81.527 Y-225.878
G1 Z0.000 F1200
G1 X77.323 Y-222.856
G0 Z3.500
G0 X77.061 Y-223.220
G1 Z0.000 F1200
G1 X81.266 Y-226.242
G0 Z3.500
G0 X80.545 Y-226.170
G1 Z0.000 F1200
G1 X84.715 Y-231.253
G0 Z3.500
G0 X84.426 Y-231.491
G1 Z0.000 F1200
G1 X80.256 Y-226.408
G0 Z3.500
G0 X79.927 Y-226.783
G1 Z0.000 F1200
G1 X84.096 Y-229.962
G0 Z3.500
G0 X84.137 Y-229.622
G1 Z0.000 F1200
G1 X80.752 Y-225.488
G0 Z3.500
G0 X80.953 Y-225.351
G1 Z0.000 F1200
G1 X76.008 Y-233.402
G0 Z3.500
G0 X76.145 Y-233.699
G1 Z0.000 F1200
G1 X79.133 Y-230.721
G0 Z3.500
G0 X77.976 Y-230.315
G1 Z0.000 F1200
G1 X75.165 Y-234.357
G0 Z3.500
G0 X74.500 Y-235.426
G1 Z0.000 F1200
G1 X69.135 Y-230.286
G0 Z3.500
G0 X68.865 Y-230.104
G1 Z0.000 F1200
G1 X65.262 Y-234.528
G0 Z3.500
G0 X64.929 Y-234.256
G1 Z0.000 F1200
G1 X68.532 Y-229.832
G0 Z3.500
G0 X68.349 Y-230.287
G1 Z0.000 F1200
G1 X63.858 Y-236.177
G0 Z3.500
G0 X64.244 Y-236.472
G1 Z0.000 F1200
G1 X68.736 Y-230.583
G0 Z3.500
G0 X68.853 Y-230.581
G1 Z0.000 F1200
G1 X74.218 Y-235.721
G0 Z3.500
G0 X74.016 Y-235.559
G1 Z0.000 F1200
G1 X69.560 Y-241.647
G0 Z3.500
G0 X69.230 Y-241.405
G1 Z0.000 F1200
G1 X73.685 Y-235.316
G0 Z3.500
G0 X73.148 Y-236.550
G1 Z0.000 F1200
G1 X70.299 Y-234.373
G0 Z3.500
G0 X70.485 Y-234.258
G1 Z0.000 F1200
G1 X74.918 Y-228.299
G0 Z3.500
G0 X74.559 Y-228.031
G1 Z0.000 F1200
G1 X70.126 Y-233.991
G0 Z3.500
G0 X69.827 Y-233.516
G1 Z0.000 F1200
G1 X67.320 Y-237.277
G0 Z3.500
G0 X66.943 Y-237.026
G1 Z0.000 F1200
G1 X69.450 Y-233.264
G0 Z3.500
G0 X69.351 Y-233.457
G1 Z0.000 F1200
G1 X74.299 Y-226.854
G0 Z3.500
G0 X74.257 Y-227.103
G1 Z0.000 F1200
G1 X77.364 Y-230.474
G0 Z3.500
G0 X77.298 Y-230.647
G1 Z0.000 F1200
G1 X72.409 Y-236.264
G0 Z3.500
G0 X72.000 Y-236.180
G1 Z0.000 F1200
G1 X72.800 Y-235.980
G1 X73.200 Y-236.380
G1 X73.200 Y-238.582
G1 X71.400 Y-240.384
G1 X71.400 Y-241.184
G1 X70.600 Y-241.585
G1 X69.400 Y-240.384
G1 X68.600 Y-240.384
G1 X68.400 Y-239.983
G1 X71.800 Y-236.380
G0 Z3.500
G0 X72.760 Y-236.571
G1 Z0.000 F1200
G1 X77.650 Y-230.953
G0 Z3.500
G0 X77.715 Y-230.151
G1 Z0.000 F1200
G1 X74.608 Y-226.780
G0 Z3.500
G0 X73.970 Y-226.607
G1 Z0.000 F1200
G1 X69.022 Y-233.210
G0 Z3.500
G0 X69.845 Y-232.994
G1 Z0.000 F1200
G1 X68.000 Y-239.141
G0 Z3.500
G0 X68.427 Y-239.269
G1 Z0.000 F1200
G1 X70.272 Y-233.122
G0 Z3.500
G0 X70.261 Y-233.334
G1 Z0.000 F1200
G1 X74.295 Y-227.922
G0 Z3.500
G0 X73.962 Y-227.673
G1 Z0.000 F1200
G1 X69.928 Y-233.085
G0 Z3.500
G0 X69.584 Y-232.340
G1 Z0.000 F1200
G1 X66.300 Y-239.737
G0 Z3.500
G0 X65.870 Y-239.546
G1 Z0.000 F1200
G1 X69.154 Y-232.149
G0 Z3.500
G0 X69.113 Y-230.810
G1 Z0.000 F1200
G1 X68.072 Y-235.399
G0 Z3.500
G0 X68.131 Y-235.027
G1 Z0.000 F1200
G1 X74.260 Y-229.026
G0 Z3.500
G0 X73.996 Y-228.756
G1 Z0.000 F1200
G1 X67.867 Y-234.757
G0 Z3.500
G0 X67.775 Y-234.364
G1 Z0.000 F1200
G1 X68.894 Y-227.353
G0 Z3.500
G0 X68.848 Y-227.533
G1 Z0.000 F1200
G1 X71.363 Y-224.383
G0 Z3.500
G0 X71.025 Y-224.113
G1 Z0.000 F1200
G1 X68.510 Y-227.263
G0 Z3.500
G0 X68.485 Y-227.288
G1 Z0.000 F1200
G1 X67.366 Y-234.299
G0 Z3.500
G0 X66.657 Y-233.932
G1 Z0.000 F1200
G1 X67.482 Y-228.334
G0 Z3.500
G0 X67.030 Y-228.267
G1 Z0.000 F1200
G1 X66.205 Y-233.866
G0 Z3.500
G0 X66.744 Y-235.115
G1 Z0.000 F1200
G1 X71.031 Y-229.681
G0 Z3.500
G0 X71.344 Y-229.927
G1 Z0.000 F1200
G1 X67.056 Y-235.362
G0 Z3.500
G0 X67.666 Y-235.306
G1 Z0.000 F1200
G1 X68.707 Y-230.718
G0 Z3.500
G0 X67.580 Y-230.647
G1 Z0.000 F1200
G1 X71.734 Y-234.812
G0 Z3.500
G0 X71.470 Y-235.076
G1 Z0.000 F1200
G1 X67.316 Y-230.910
G0 Z3.500
G0 X66.277 Y-231.846
G1 Z0.000 F1200
G1 X71.492 Y-226.201
G0 Z3.500
G0 X71.145 Y-225.880
G1 Z0.000 F1200
G1 X65.929 Y-231.524
G0 Z3.500
G0 X65.616 Y-231.114
G1 Z0.000 F1200
G1 X70.434 Y-235.695
G0 Z3.500
G0 X70.115 Y-235.568
G1 Z0.000 F1200
G1 X64.541 Y-230.370
G0 Z3.500
G0 X64.638 Y-230.697
G1 Z0.000 F1200
G1 X69.976 Y-234.612
G0 Z3.500
G0 X70.012 Y-234.749
G1 Z0.000 F1200
G1 X72.861 Y-236.926
G0 Z3.500
G0 X70.114 Y-236.032
G1 Z0.000 F1200
G1 X65.296 Y-231.451
G0 Z3.500
G0 X64.397 Y-231.025
G1 Z0.000 F1200
G1 X69.736 Y-234.941
G0 Z3.500
G0 X69.634 Y-235.242
G1 Z0.000 F1200
G1 X74.837 Y-228.981
G0 Z3.500
G0 X74.764 Y-229.191
G1 Z0.000 F1200
G1 X78.236 Y-225.097
G0 Z3.500
G0 X78.267 Y-225.200
G1 Z0.000 F1200
G1 X71.242 Y-219.789
G0 Z3.500
G0 X71.483 Y-219.475
G1 Z0.000 F1200
G1 X78.509 Y-224.886
G0 Z3.500
G0 X78.358 Y-224.469
G1 Z0.000 F1200
G1 X72.673 Y-219.853
G0 Z3.500
G0 X72.950 Y-219.511
G1 Z0.000 F1200
G1 X78.635 Y-224.127
G0 Z3.500
G0 X78.987 Y-224.328
G1 Z0.000 F1200
G1 X75.559 Y-229.018
G0 Z3.500
G0 X75.908 Y-229.273
G1 Z0.000 F1200
G1 X79.336 Y-224.583
G0 Z3.500
G0 X79.511 Y-225.168
G1 Z0.000 F1200
G1 X75.640 Y-232.243
G0 Z3.500
G0 X76.030 Y-232.456
G1 Z0.000 F1200
G1 X79.901 Y-225.382
G0 Z3.500
G0 X80.400 Y-224.971
G1 Z0.000 F1200
G1 X79.800 Y-225.771
G1 X79.600 Y-226.972
G1 X80.000 Y-227.373
G1 X80.200 Y-230.175
G1 X80.800 Y-231.176
G1 X83.600 Y-231.176
G1 X85.200 Y-231.576
G1 X88.000 Y-228.774
G1 X86.400 Y-227.773
G1 X84.200 Y-227.773
G1 X81.000 Y-224.570
G1 X80.600 Y-224.771
G0 Z3.500
G0 X81.118 Y-225.188
G1 Z0.000 F1200
G1 X84.503 Y-229.322
G0 Z3.500
G0 X84.577 Y-228.352
G1 Z0.000 F1200
G1 X87.063 Y-231.249
G0 Z3.500
G0 X87.429 Y-230.934
G1 Z0.000 F1200
G1 X84.943 Y-228.037
G0 Z3.500
G0 X86.239 Y-227.797
G1 Z0.000 F1200
G1 X81.762 Y-223.190
G0 Z3.500
G0 X82.064 Y-222.897
G1 Z0.000 F1200
G1 X86.541 Y-227.504
G0 Z3.500
G0 X86.747 Y-227.595
G1 Z0.000 F1200
G1 X90.496 Y-222.424
G0 Z3.500
G0 X90.603 Y-222.286
G1 Z0.000 F1200
G1 X93.351 Y-218.851
G0 Z3.500
G0 X93.339 Y-218.530
G1 Z0.000 F1200
G1 X95.143 Y-215.006
G0 Z3.500
G0 X95.544 Y-215.212
G1 Z0.000 F1200
G1 X93.741 Y-218.735
G0 Z3.500
G0 X93.704 Y-219.133
G1 Z0.000 F1200
G1 X90.955 Y-222.568
G0 Z3.500
G0 X91.008 Y-222.763
G1 Z0.000 F1200
G1 X94.946 Y-226.407
G0 Z3.500
G0 X95.212 Y-226.118
G1 Z0.000 F1200
G1 X91.274 Y-222.475
G0 Z3.500
G0 X91.576 Y-222.242
G1 Z0.000 F1200
G1 X94.067 Y-215.956
G0 Z3.500
G0 X93.643 Y-215.788
G1 Z0.000 F1200
G1 X91.152 Y-222.074
G0 Z3.500
G0 X90.600 Y-221.968
G1 Z0.000 F1200
G1 X91.200 Y-221.768
G1 X94.600 Y-225.171
G1 X93.800 Y-227.573
G1 X93.800 Y-228.774
G1 X93.400 Y-229.174
G1 X92.800 Y-228.774
G1 X91.800 Y-228.774
G1 X89.800 Y-226.772
G1 X89.800 Y-224.771
G1 X90.400 Y-222.168
G0 Z3.500
G0 X90.113 Y-222.145
G1 Z0.000 F1200
G1 X86.364 Y-227.317
G0 Z3.500
G0 X86.712 Y-226.900
G1 Z0.000 F1200
G1 X84.793 Y-230.395
G0 Z3.500
G0 X85.196 Y-230.616
G1 Z0.000 F1200
G1 X87.115 Y-227.122
G0 Z3.500
G0 X87.147 Y-227.535
G1 Z0.000 F1200
G1 X91.705 Y-231.456
G0 Z3.500
G0 X91.424 Y-231.784
G1 Z0.000 F1200
G1 X86.865 Y-227.863
G0 Z3.500
G0 X87.044 Y-227.993
G1 Z0.000 F1200
G1 X83.394 Y-224.913
G0 Z3.500
G0 X83.653 Y-224.606
G1 Z0.000 F1200
G1 X87.303 Y-227.686
G0 Z3.500
G0 X87.707 Y-227.953
G1 Z0.000 F1200
G1 X92.117 Y-232.217
G0 Z3.500
G0 X92.287 Y-232.634
G1 Z0.000 F1200
G1 X94.991 Y-235.220
G0 Z3.500
G0 X95.268 Y-234.930
G1 Z0.000 F1200
G1 X92.564 Y-232.344
G0 Z3.500
G0 X92.433 Y-231.890
G1 Z0.000 F1200
G1 X88.023 Y-227.626
G0 Z3.500
G0 X89.400 Y-227.373
G1 Z0.000 F1200
G1 X88.200 Y-228.574
G1 X89.200 Y-231.176
G1 X89.200 Y-231.977
G1 X90.000 Y-232.377
G1 X91.600 Y-230.776
G1 X92.400 Y-230.776
G1 X93.200 Y-229.975
G1 X93.200 Y-229.174
G1 X92.800 Y-228.774
G1 X91.800 Y-228.774
G1 X90.000 Y-226.972
G1 X89.400 Y-227.173
G0 Z3.500
G0 X89.551 Y-226.188
G1 Z0.000 F1200
G1 X86.939 Y-223.088
G0 Z3.500
G0 X87.288 Y-222.794
G1 Z0.000 F1200
G1 X89.899 Y-225.894
G0 Z3.500
G0 X90.129 Y-225.962
G1 Z0.000 F1200
G1 X89.104 Y-231.016
G0 Z3.500
G0 X89.545 Y-231.105
G1 Z0.000 F1200
G1 X90.569 Y-226.051
G0 Z3.500
G0 X90.399 Y-226.013
G1 Z0.000 F1200
G1 X92.300 Y-222.513
G0 Z3.500
G0 X92.669 Y-222.383
G1 Z0.000 F1200
G1 X97.376 Y-216.303
G0 Z3.500
G0 X97.745 Y-216.589
G1 Z0.000 F1200
G1 X93.038 Y-222.669
G0 Z3.500
G0 X92.710 Y-222.736
G1 Z0.000 F1200
G1 X90.810 Y-226.237
G0 Z3.500
G0 X91.722 Y-226.626
G1 Z0.000 F1200
G1 X95.194 Y-229.719
G0 Z3.500
G0 X95.444 Y-229.619
G1 Z0.000 F1200
G1 X89.187 Y-222.708
G0 Z3.500
G0 X89.489 Y-222.434
G1 Z0.000 F1200
G1 X95.746 Y-229.345
G0 Z3.500
G0 X96.478 Y-229.579
G1 Z0.000 F1200
G1 X92.990 Y-225.945
G0 Z3.500
G0 X92.746 Y-225.584
G1 Z0.000 F1200
G1 X86.944 Y-219.929
G0 Z3.500
G0 X86.947 Y-220.092
G1 Z0.000 F1200
G1 X85.948 Y-225.246
G0 Z3.500
G0 X86.094 Y-225.188
G1 Z0.000 F1200
G1 X90.465 Y-228.555
G0 Z3.500
G0 X90.215 Y-228.881
G1 Z0.000 F1200
G1 X85.844 Y-225.514
G0 Z3.500
G0 X85.489 Y-225.157
G1 Z0.000 F1200
G1 X86.488 Y-220.003
G0 Z3.500
G0 X86.669 Y-220.212
G1 Z0.000 F1200
G1 X92.471 Y-225.867
G0 Z3.500
G0 X93.718 Y-224.573
G1 Z0.000 F1200
G1 X88.039 Y-220.480
G0 Z3.500
G0 X88.294 Y-220.125
G1 Z0.000 F1200
G1 X93.974 Y-224.219
G0 Z3.500
G0 X94.277 Y-223.624
G1 Z0.000 F1200
G1 X98.245 Y-218.723
G0 Z3.500
G0 X98.812 Y-218.352
G1 Z0.000 F1200
G1 X100.265 Y-216.640
G0 Z3.500
G0 X100.993 Y-217.064
G1 Z0.000 F1200
G1 X103.540 Y-220.020
G0 Z3.500
G0 X104.257 Y-219.645
G1 Z0.000 F1200
G1 X101.385 Y-216.816
G0 Z3.500
G0 X101.341 Y-216.784
G1 Z0.000 F1200
G1 X103.334 Y-211.702
G0 Z3.500
G0 X103.019 Y-211.501
G1 Z0.000 F1200
G1 X104.313 Y-207.357
G0 Z3.500
G0 X102.785 Y-208.346
G1 Z0.000 F1200
G1 X100.459 Y-211.856
G0 Z3.500
G0 X101.428 Y-211.091
G1 Z0.000 F1200
G1 X99.125 Y-214.201
G0 Z3.500
G0 X97.956 Y-214.959
G1 Z0.000 F1200
G1 X92.793 Y-210.474
G0 Z3.500
G0 X92.520 Y-210.788
G1 Z0.000 F1200
G1 X97.683 Y-215.274
G0 Z3.500
G0 X97.029 Y-213.703
G1 Z0.000 F1200
G1 X95.019 Y-212.105
G0 Z3.500
G0 X96.282 Y-213.335
G1 Z0.000 F1200
G1 X89.486 Y-207.234
G0 Z3.500
G0 X89.737 Y-206.953
G1 Z0.000 F1200
G1 X96.534 Y-213.055
G0 Z3.500
G0 X93.615 Y-213.855
G1 Z0.000 F1200
G1 X97.772 Y-217.412
G0 Z3.500
G0 X97.505 Y-217.725
G1 Z0.000 F1200
G1 X93.348 Y-214.168
G0 Z3.500
G0 X93.468 Y-214.421
G1 Z0.000 F1200
G1 X89.242 Y-209.561
G0 Z3.500
G0 X88.938 Y-209.826
G1 Z0.000 F1200
G1 X93.164 Y-214.685
G0 Z3.500
G0 X93.537 Y-215.256
G1 Z0.000 F1200
G1 X96.933 Y-218.170
G0 Z3.500
G0 X96.621 Y-218.534
G1 Z0.000 F1200
G1 X93.225 Y-215.620
G0 Z3.500
G0 X92.503 Y-214.988
G1 Z0.000 F1200
G1 X96.744 Y-218.666
G0 Z3.500
G0 X96.448 Y-219.008
G1 Z0.000 F1200
G1 X92.206 Y-215.331
G0 Z3.500
G0 X91.602 Y-215.766
G1 Z0.000 F1200
G1 X88.623 Y-219.176
G0 Z3.500
G0 X88.977 Y-219.486
G1 Z0.000 F1200
G1 X91.956 Y-216.076
G0 Z3.500
G0 X91.394 Y-216.910
G1 Z0.000 F1200
G1 X88.025 Y-214.083
G0 Z3.500
G0 X87.770 Y-214.388
G1 Z0.000 F1200
G1 X91.138 Y-217.215
G0 Z3.500
G0 X90.131 Y-217.535
G1 Z0.000 F1200
G1 X85.246 Y-213.105
G0 Z3.500
G0 X85.212 Y-213.274
G1 Z0.000 F1200
G1 X79.935 Y-219.058
G0 Z3.500
G0 X80.247 Y-219.344
G1 Z0.000 F1200
G1 X85.524 Y-213.560
G0 Z3.500
G0 X85.918 Y-213.532
G1 Z0.000 F1200
G1 X82.639 Y-209.662
G0 Z3.500
G0 X82.961 Y-209.389
G1 Z0.000 F1200
G1 X86.240 Y-213.259
G0 Z3.500
G0 X86.637 Y-213.489
G1 Z0.000 F1200
G1 X82.696 Y-210.598
G0 Z3.500
G0 X82.960 Y-210.237
G1 Z0.000 F1200
G1 X86.901 Y-213.129
G0 Z3.500
G0 X87.655 Y-212.346
G1 Z0.000 F1200
G1 X91.150 Y-208.148
G0 Z3.500
G0 X91.513 Y-208.451
G1 Z0.000 F1200
G1 X88.018 Y-212.649
G0 Z3.500
G0 X88.173 Y-212.088
G1 Z0.000 F1200
G1 X82.589 Y-218.111
G0 Z3.500
G0 X82.826 Y-218.052
G1 Z0.000 F1200
G1 X78.422 Y-223.137
G0 Z3.500
G0 X78.723 Y-223.399
G1 Z0.000 F1200
G1 X83.128 Y-218.314
G0 Z3.500
G0 X83.841 Y-217.974
G1 Z0.000 F1200
G1 X78.174 Y-213.626
G0 Z3.500
G0 X77.907 Y-213.893
G1 Z0.000 F1200
G1 X79.607 Y-208.431
G0 Z3.500
G0 X80.084 Y-208.580
G1 Z0.000 F1200
G1 X78.384 Y-214.042
G0 Z3.500
G0 X78.530 Y-213.415
G1 Z0.000 F1200
G1 X81.342 Y-209.649
G0 Z3.500
G0 X81.652 Y-209.519
G1 Z0.000 F1200
G1 X86.692 Y-215.090
G0 Z3.500
G0 X86.898 Y-214.728
G1 Z0.000 F1200
G1 X93.188 Y-208.627
G0 Z3.500
G0 X93.454 Y-208.902
G1 Z0.000 F1200
G1 X87.164 Y-215.003
G0 Z3.500
G0 X87.023 Y-214.790
G1 Z0.000 F1200
G1 X81.983 Y-209.218
G0 Z3.500
G0 X81.016 Y-209.405
G1 Z0.000 F1200
G1 X78.204 Y-213.171
G0 Z3.500
G0 X79.337 Y-212.909
G1 Z0.000 F1200
G1 X82.268 Y-205.660
G0 Z3.500
G0 X82.440 Y-205.380
G1 Z0.000 F1200
G1 X84.300 Y-200.319
G0 Z3.500
G0 X83.925 Y-200.181
G1 Z0.000 F1200
G1 X82.064 Y-205.242
G0 Z3.500
G0 X82.125 Y-205.004
G1 Z0.000 F1200
G1 X80.978 Y-198.645
G1 X80.428 Y-192.360
G1 X80.468 Y-185.180
G1 X81.155 Y-178.232
G1 X82.401 Y-171.586
G1 X84.394 Y-164.453
G1 X86.868 Y-157.914
G1 X89.688 Y-152.074
G0 Z3.500
G0 X89.506 Y-151.934
G1 Z0.000 F1200
G1 X87.000 Y-155.683
G1 X84.455 Y-161.483
G1 X82.403 Y-168.460
G1 X81.133 Y-175.165
G1 X80.466 Y-182.109
G1 X80.507 Y-188.981
G1 X81.361 Y-195.471
G1 X82.820 Y-200.497
G0 Z3.500
G0 X82.114 Y-200.720
G1 Z0.000 F1200
G1 X80.771 Y-195.923
G1 X79.813 Y-190.189
G1 X79.474 Y-184.518
G1 X79.659 Y-178.953
G1 X80.406 Y-172.649
G1 X81.581 Y-166.611
G1 X83.250 Y-160.121
G1 X85.922 Y-151.417
G0 Z3.500
G0 X85.993 Y-151.634
G1 Z0.000 F1200
G1 X82.094 Y-166.538
G1 X79.418 Y-180.839
G1 X78.687 Y-187.293
G1 X78.443 Y-192.428
G1 X78.628 Y-197.017
G1 X79.161 Y-200.302
G0 Z3.500
G0 X79.319 Y-200.417
G1 Z0.000 F1200
G1 X78.306 Y-196.787
G1 X77.708 Y-191.877
G1 X77.699 Y-186.500
G1 X78.309 Y-179.837
G1 X79.450 Y-172.978
G1 X81.217 Y-165.202
G1 X83.271 Y-157.830
G1 X85.913 Y-149.718
G0 Z3.500
G0 X87.099 Y-149.890
G1 Z0.000 F1200
G1 X81.840 Y-165.809
G1 X80.283 Y-172.111
G1 X79.120 Y-178.700
G1 X78.474 Y-185.609
G1 X78.423 Y-191.810
G1 X78.916 Y-198.291
G1 X79.798 Y-203.920
G0 Z3.500
G0 X79.880 Y-204.194
G1 Z0.000 F1200
G1 X83.702 Y-197.743
G0 Z3.500
G0 X84.231 Y-197.452
G1 Z0.000 F1200
G1 X81.732 Y-203.439
G0 Z3.500
G0 X81.387 Y-203.716
G1 Z0.000 F1200
G1 X84.889 Y-207.891
G0 Z3.500
G0 X84.730 Y-207.748
G1 Z0.000 F1200
G1 X83.188 Y-211.652
G0 Z3.500
G0 X82.988 Y-211.920
G1 Z0.000 F1200
G1 X77.403 Y-218.167
G0 Z3.500
G0 X77.700 Y-218.433
G1 Z0.000 F1200
G1 X83.285 Y-212.186
G0 Z3.500
G0 X83.621 Y-211.823
G1 Z0.000 F1200
G1 X85.163 Y-207.919
G0 Z3.500
G0 X85.163 Y-208.071
G1 Z0.000 F1200
G1 X89.903 Y-211.386
G0 Z3.500
G0 X90.122 Y-211.450
G1 Z0.000 F1200
G1 X85.686 Y-215.899
G0 Z3.500
G0 X85.394 Y-215.607
G1 Z0.000 F1200
G1 X89.829 Y-211.158
G0 Z3.500
G0 X89.858 Y-211.662
G1 Z0.000 F1200
G1 X88.632 Y-216.159
G0 Z3.500
G0 X88.189 Y-216.038
G1 Z0.000 F1200
G1 X89.415 Y-211.542
G0 Z3.500
G0 X89.638 Y-211.766
G1 Z0.000 F1200
G1 X84.898 Y-208.452
G0 Z3.500
G0 X84.797 Y-208.951
G1 Z0.000 F1200
G1 X86.779 Y-202.507
G0 Z3.500
G0 X86.324 Y-202.367
G1 Z0.000 F1200
G1 X84.342 Y-208.811
G0 Z3.500
G0 X83.528 Y-208.803
G1 Z0.000 F1200
G1 X78.915 Y-204.080
G0 Z3.500
G0 X80.011 Y-204.652
G1 Z0.000 F1200
G1 X76.168 Y-210.771
G0 Z3.500
G0 X76.532 Y-211.000
G1 Z0.000 F1200
G1 X80.375 Y-204.881
G0 Z3.500
G0 X81.460 Y-205.584
G1 Z0.000 F1200
G1 X76.135 Y-211.680
G0 Z3.500
G0 X75.410 Y-211.815
G1 Z0.000 F1200
G1 X74.236 Y-219.753
G0 Z3.500
G0 X74.225 Y-219.656
G1 Z0.000 F1200
G1 X73.314 Y-224.519
G0 Z3.500
G0 X72.850 Y-224.432
G1 Z0.000 F1200
G1 X73.761 Y-219.569
G0 Z3.500
G0 X73.552 Y-219.260
G1 Z0.000 F1200
G1 X69.949 Y-222.905
G0 Z3.500
G0 X67.971 Y-223.461
G1 Z0.000 F1200
G1 X71.690 Y-226.769
G0 Z3.500
G0 X71.753 Y-226.599
G1 Z0.000 F1200
G1 X76.412 Y-229.893
G0 Z3.500
G0 X76.667 Y-229.532
G1 Z0.000 F1200
G1 X72.008 Y-226.238
G0 Z3.500
G0 X72.213 Y-226.345
G1 Z0.000 F1200
G1 X67.811 Y-220.906
G0 Z3.500
G0 X67.807 Y-221.184
G1 Z0.000 F1200
G1 X65.031 Y-225.838
G0 Z3.500
G0 X64.683 Y-225.630
G1 Z0.000 F1200
G1 X67.459 Y-220.976
G0 Z3.500
G0 X67.418 Y-221.263
G1 Z0.000 F1200
G1 X70.089 Y-214.265
G0 Z3.500
G0 X70.404 Y-214.226
G1 Z0.000 F1200
G1 X65.089 Y-221.269
G0 Z3.500
G0 X64.773 Y-221.138
G1 Z0.000 F1200
G1 X70.988 Y-226.342
G0 Z3.500
G0 X70.728 Y-226.653
G1 Z0.000 F1200
G1 X64.513 Y-221.448
G0 Z3.500
G0 X65.415 Y-221.515
G1 Z0.000 F1200
G1 X70.730 Y-214.473
G0 Z3.500
G0 X70.792 Y-214.469
G1 Z0.000 F1200
G1 X65.837 Y-219.385
G0 Z3.500
G0 X66.110 Y-219.661
G1 Z0.000 F1200
G1 X71.066 Y-214.745
G0 Z3.500
G0 X71.309 Y-214.833
G1 Z0.000 F1200
G1 X73.225 Y-210.982
G0 Z3.500
G0 X73.622 Y-211.180
G1 Z0.000 F1200
G1 X71.706 Y-215.030
G0 Z3.500
G0 X72.180 Y-215.316
G1 Z0.000 F1200
G1 X76.967 Y-220.527
G0 Z3.500
G0 X77.241 Y-220.275
G1 Z0.000 F1200
G1 X72.455 Y-215.063
G0 Z3.500
G0 X72.954 Y-213.811
G1 Z0.000 F1200
G1 X78.063 Y-218.483
G0 Z3.500
G0 X78.343 Y-218.176
G1 Z0.000 F1200
G1 X73.234 Y-213.504
G0 Z3.500
G0 X71.145 Y-213.454
G1 Z0.000 F1200
G1 X68.770 Y-211.813
G0 Z3.500
G0 X68.372 Y-211.757
G1 Z0.000 F1200
G1 X66.793 Y-216.802
G0 Z3.500
G0 X65.862 Y-216.363
G1 Z0.000 F1200
G1 X61.155 Y-221.777
G0 Z3.500
G0 X60.784 Y-221.454
G1 Z0.000 F1200
G1 X65.491 Y-216.040
G0 Z3.500
G0 X65.400 Y-216.163
G1 Z0.000 F1200
G1 X65.800 Y-215.963
G1 X70.800 Y-221.168
G1 X70.200 Y-221.768
G1 X65.200 Y-221.968
G1 X62.800 Y-219.566
G1 X63.000 Y-217.565
G1 X64.400 Y-216.163
G1 X65.200 Y-216.163
G0 Z3.500
G0 X64.538 Y-215.431
G1 Z0.000 F1200
G1 X66.187 Y-213.008
G0 Z3.500
G0 X66.934 Y-212.647
G1 Z0.000 F1200
G1 X67.862 Y-209.869
G0 Z3.500
G0 X68.623 Y-209.500
G1 Z0.000 F1200
G1 X71.307 Y-205.299
G0 Z3.500
G0 X71.400 Y-204.954
G1 Z0.000 F1200
G1 X70.400 Y-206.155
G1 X71.400 Y-206.555
G1 X72.400 Y-206.355
G1 X72.400 Y-204.754
G1 X71.400 Y-204.754
G0 Z3.500
G0 X70.932 Y-205.657
G1 Z0.000 F1200
G1 X72.472 Y-201.928
G0 Z3.500
G0 X72.797 Y-201.552
G1 Z0.000 F1200
G1 X76.198 Y-195.186
G0 Z3.500
G0 X75.799 Y-194.973
G1 Z0.000 F1200
G1 X72.398 Y-201.339
G0 Z3.500
G0 X74.324 Y-201.035
G1 Z0.000 F1200
G1 X69.669 Y-195.538
G0 Z3.500
G0 X71.946 Y-193.750
G1 Z0.000 F1200
G1 X71.090 Y-195.632
G1 X70.244 Y-198.766
G1 X69.860 Y-202.232
G1 X69.867 Y-205.984
G1 X70.769 Y-214.160
G1 X74.412 Y-233.391
G1 X75.481 Y-240.722
G1 X75.862 Y-247.689
G1 X75.227 Y-254.075
G0 Z3.500
G0 X75.432 Y-254.198
G1 Z0.000 F1200
G1 X72.464 Y-258.467
G0 Z3.500
G0 X72.805 Y-258.704
G1 Z0.000 F1200
G1 X75.773 Y-254.436
G0 Z3.500
G0 X75.522 Y-254.420
G1 Z0.000 F1200
G1 X70.283 Y-247.975
G0 Z3.500
G0 X70.200 Y-247.790
G1 Z0.000 F1200
G1 X71.200 Y-247.590
G1 X71.600 Y-248.190
G1 X68.800 Y-249.992
G1 X68.400 Y-249.591
G1 X70.000 Y-247.990
G0 Z3.500
G0 X69.954 Y-248.243
G1 Z0.000 F1200
G1 X75.193 Y-254.688
G0 Z3.500
G0 X74.278 Y-253.877
G1 Z0.000 F1200
G1 X78.994 Y-248.646
G0 Z3.500
G0 X78.645 Y-248.331
G1 Z0.000 F1200
G1 X73.929 Y-253.562
G0 Z3.500
G0 X73.762 Y-253.241
G1 Z0.000 F1200
G1 X78.222 Y-256.475
G0 Z3.500
G0 X78.495 Y-256.098
G1 Z0.000 F1200
G1 X74.035 Y-252.864
G0 Z3.500
G0 X72.969 Y-253.052
G1 Z0.000 F1200
G1 X80.256 Y-258.445
G0 Z3.500
G0 X80.019 Y-258.766
G1 Z0.000 F1200
G1 X72.732 Y-253.373
G0 Z3.500
G0 X72.695 Y-253.496
G1 Z0.000 F1200
G1 X73.663 Y-247.281
G1 X73.550 Y-240.445
G1 X72.703 Y-233.203
G1 X69.557 Y-214.022
G1 X68.910 Y-205.786
G1 X69.051 Y-201.984
G1 X69.603 Y-198.456
G1 X70.640 Y-195.248
G1 X71.637 Y-193.310
G0 Z3.500
G0 X71.291 Y-192.952
G1 Z0.000 F1200
G1 X67.116 Y-189.169
G0 Z3.500
G0 X65.363 Y-188.724
G1 Z0.000 F1200
G1 X64.169 Y-192.550
G1 X63.485 Y-196.608
G1 X63.239 Y-200.855
G1 X63.360 Y-205.249
G1 X64.421 Y-214.303
G1 X67.828 Y-232.278
G1 X68.897 Y-239.196
G1 X69.279 Y-245.485
G1 X68.643 Y-250.948
G0 Z3.500
G0 X69.093 Y-250.752
G1 Z0.000 F1200
G1 X64.986 Y-247.969
G0 Z3.500
G0 X64.729 Y-248.351
G1 Z0.000 F1200
G1 X66.763 Y-244.183
G0 Z3.500
G0 X66.343 Y-243.977
G1 Z0.000 F1200
G1 X64.308 Y-248.145
G0 Z3.500
G0 X63.385 Y-248.880
G1 Z0.000 F1200
G1 X60.351 Y-246.335
G0 Z3.500
G0 X60.604 Y-248.737
G1 Z0.000 F1200
G1 X58.905 Y-251.140
G0 Z3.500
G0 X58.968 Y-250.865
G1 Z0.000 F1200
G1 X62.814 Y-254.654
G0 Z3.500
G0 X63.020 Y-254.499
G1 Z0.000 F1200
G1 X62.571 Y-256.788
G0 Z3.500
G0 X60.744 Y-256.443
G1 Z0.000 F1200
G1 X58.450 Y-251.844
G0 Z3.500
G0 X59.600 Y-252.394
G1 Z0.000 F1200
G1 X59.800 Y-253.595
G1 X58.600 Y-253.595
G1 X58.600 Y-253.995
G1 X58.000 Y-254.195
G1 X58.800 Y-253.795
G1 X59.400 Y-253.795
G1 X59.400 Y-254.395
G1 X59.800 Y-253.995
G1 X61.000 Y-254.195
G1 X61.400 Y-255.997
G1 X61.200 Y-256.597
G1 X61.600 Y-255.997
G1 X62.000 Y-255.997
G1 X62.200 Y-256.597
G1 X62.400 Y-253.995
G1 X62.200 Y-255.796
G1 X61.400 Y-255.997
G1 X61.000 Y-253.595
G1 X60.800 Y-254.195
G1 X60.000 Y-254.195
G1 X59.600 Y-253.795
G1 X59.800 Y-252.594
G0 Z3.500
G0 X60.653 Y-252.331
G1 Z0.000 F1200
G1 X63.743 Y-255.140
G0 Z3.500
G0 X61.645 Y-254.151
G1 Z0.000 F1200
G1 X64.498 Y-257.558
G0 Z3.500
G0 X61.306 Y-259.687
G1 Z0.000 F1200
G1 X60.190 Y-255.788
G0 Z3.500
G0 X60.692 Y-253.985
G1 Z0.000 F1200
G1 X61.774 Y-252.200
G0 Z3.500
G0 X61.484 Y-254.071
G1 Z0.000 F1200
G1 X62.035 Y-247.675
G1 X61.585 Y-240.632
G1 X60.459 Y-233.090
G1 X56.936 Y-213.843
G1 X55.812 Y-204.102
G1 X55.654 Y-199.315
G1 X55.859 Y-194.625
G1 X56.497 Y-190.065
G1 X57.638 Y-185.667
G0 Z3.500
G0 X60.153 Y-188.025
G1 Z0.000 F1200
G1 X59.086 Y-192.887
G0 Z3.500
G0 X59.233 Y-193.329
G1 Z0.000 F1200
G1 X62.130 Y-196.137
G0 Z3.500
G0 X61.872 Y-196.403
G1 Z0.000 F1200
G1 X58.975 Y-193.595
G0 Z3.500
G0 X58.132 Y-194.332
G1 Z0.000 F1200
G1 X62.132 Y-188.818
G0 Z3.500
G0 X63.657 Y-188.408
G1 Z0.000 F1200
G1 X62.706 Y-190.971
G1 X61.731 Y-195.011
G1 X61.234 Y-199.250
G1 X61.140 Y-203.646
G1 X62.079 Y-214.286
G1 X65.178 Y-232.501
G1 X66.097 Y-239.565
G1 X66.298 Y-246.041
G1 X65.438 Y-251.740
G0 Z3.500
G0 X64.275 Y-251.413
G1 Z0.000 F1200
G1 X69.161 Y-245.916
G0 Z3.500
G0 X69.357 Y-245.987
G1 Z0.000 F1200
G1 X71.191 Y-241.964
G0 Z3.500
G0 X70.400 Y-241.785
G1 Z0.000 F1200
G1 X70.800 Y-241.585
G1 X71.200 Y-241.985
G1 X71.600 Y-243.186
G1 X70.000 Y-244.987
G1 X68.200 Y-244.987
G1 X67.800 Y-244.587
G1 X70.200 Y-241.985
G0 Z3.500
G0 X69.905 Y-242.634
G1 Z0.000 F1200
G1 X66.380 Y-247.820
G0 Z3.500
G0 X65.800 Y-247.189
G1 Z0.000 F1200
G1 X65.800 Y-248.190
G1 X66.600 Y-248.791
G1 X67.200 Y-248.791
G1 X67.200 Y-247.590
G1 X66.400 Y-246.789
G1 X66.000 Y-246.989
G0 Z3.500
G0 X66.416 Y-246.458
G1 Z0.000 F1200
G1 X67.875 Y-242.053
G0 Z3.500
G0 X67.942 Y-242.287
G1 Z0.000 F1200
G1 X65.613 Y-245.765
G0 Z3.500
G0 X65.948 Y-245.989
G1 Z0.000 F1200
G1 X68.277 Y-242.511
G0 Z3.500
G0 X67.442 Y-241.909
G1 Z0.000 F1200
G1 X65.982 Y-246.314
G0 Z3.500
G0 X66.800 Y-244.987
G1 Z0.000 F1200
G1 X66.400 Y-246.789
G1 X67.200 Y-247.590
G1 X68.000 Y-246.789
G1 X68.400 Y-245.188
G1 X67.800 Y-244.587
G1 X66.800 Y-244.787
G0 Z3.500
G0 X66.152 Y-244.336
G1 Z0.000 F1200
G1 X68.792 Y-240.312
G0 Z3.500
G0 X68.450 Y-240.086
G1 Z0.000 F1200
G1 X65.809 Y-244.111
G0 Z3.500
G0 X66.000 Y-243.386
G1 Z0.000 F1200
G1 X66.000 Y-244.387
G1 X67.200 Y-244.187
G1 X66.800 Y-242.986
G1 X66.200 Y-243.186
G0 Z3.500
G0 X65.923 Y-242.610
G1 Z0.000 F1200
G1 X62.140 Y-238.573
G0 Z3.500
G0 X61.245 Y-240.571
G1 Z0.000 F1200
G1 X58.650 Y-237.899
G0 Z3.500
G0 X59.459 Y-239.124
G1 Z0.000 F1200
G1 X56.967 Y-242.211
G0 Z3.500
G0 X56.573 Y-242.010
G1 Z0.000 F1200
G1 X53.629 Y-239.574
G0 Z3.500
G0 X52.385 Y-239.000
G1 Z0.000 F1200
G1 X51.930 Y-241.627
G0 Z3.500
G0 X52.377 Y-240.940
G1 Z0.000 F1200
G1 X52.789 Y-243.167
G0 Z3.500
G0 X51.932 Y-244.728
G1 Z0.000 F1200
G1 X52.800 Y-249.150
G0 Z3.500
G0 X51.207 Y-251.227
G1 Z0.000 F1200
G1 X50.046 Y-255.002
G0 Z3.500
G0 X51.207 Y-254.782
G1 Z0.000 F1200
G1 X50.708 Y-253.116
G0 Z3.500
G0 X51.713 Y-254.719
G1 Z0.000 F1200
G1 X51.089 Y-256.367
G0 Z3.500
G0 X48.350 Y-255.797
G1 Z0.000 F1200
G1 X47.695 Y-257.426
G0 Z3.500
G0 X42.170 Y-254.086
G1 Z0.000 F1200
G1 X40.983 Y-256.344
G0 Z3.500
G0 X38.226 Y-256.177
G1 Z0.000 F1200
G1 X38.541 Y-258.674
G0 Z3.500
G0 X35.375 Y-255.869
G1 Z0.000 F1200
G1 X36.208 Y-253.157
G0 Z3.500
G0 X35.973 Y-254.069
G1 Z0.000 F1200
G1 X34.337 Y-256.800
G0 Z3.500
G0 X29.612 Y-256.870
G1 Z0.000 F1200
G1 X30.717 Y-253.760
G0 Z3.500
G0 X29.405 Y-252.518
G1 Z0.000 F1200
G1 X28.042 Y-248.850
G0 Z3.500
G0 X27.713 Y-248.486
G1 Z0.000 F1200
G1 X26.821 Y-244.243
G0 Z3.500
G0 X27.240 Y-243.513
G1 Z0.000 F1200
G1 X28.525 Y-247.176
G0 Z3.500
G0 X31.874 Y-246.462
G1 Z0.000 F1200
G1 X31.811 Y-249.996
G0 Z3.500
G0 X32.249 Y-249.668
G1 Z0.000 F1200
G1 X34.807 Y-245.873
G0 Z3.500
G0 X33.556 Y-243.959
G1 Z0.000 F1200
G1 X32.138 Y-246.108
G0 Z3.500
G0 X30.374 Y-241.285
G1 Z0.000 F1200
G1 X31.339 Y-238.860
G0 Z3.500
G0 X32.932 Y-237.793
G1 Z0.000 F1200
G1 X33.179 Y-239.797
G0 Z3.500
G0 X37.928 Y-240.282
G1 Z0.000 F1200
G1 X37.541 Y-242.014
G0 Z3.500
G0 X39.644 Y-239.365
G1 Z0.000 F1200
G1 X40.130 Y-235.769
G0 Z3.500
G0 X41.802 Y-236.833
G1 Z0.000 F1200
G1 X40.963 Y-238.731
G0 Z3.500
G0 X38.819 Y-237.419
G1 Z0.000 F1200
G1 X39.670 Y-233.059
G0 Z3.500
G0 X39.387 Y-231.723
G1 Z0.000 F1200
G1 X39.039 Y-229.217
G0 Z3.500
G0 X41.407 Y-228.131
G1 Z0.000 F1200
G1 X43.042 Y-232.025
G0 Z3.500
G0 X44.831 Y-233.665
G1 Z0.000 F1200
G1 X45.318 Y-236.692
G0 Z3.500
G0 X45.991 Y-236.733
G1 Z0.000 F1200
G1 X46.683 Y-234.027
G0 Z3.500
G0 X48.372 Y-235.924
G1 Z0.000 F1200
G1 X47.619 Y-238.778
G0 Z3.500
G0 X50.309 Y-239.696
G1 Z0.000 F1200
G1 X49.430 Y-242.233
G0 Z3.500
G0 X48.658 Y-245.963
G1 Z0.000 F1200
G1 X47.729 Y-248.030
G0 Z3.500
G0 X48.400 Y-246.589
G1 Z0.000 F1200
G1 X48.600 Y-248.590
G1 X48.200 Y-250.392
G1 X48.200 Y-248.791
G1 X47.800 Y-248.991
G1 X47.600 Y-249.992
G1 X47.800 Y-248.190
G1 X48.400 Y-247.790
G1 X48.400 Y-246.389
G0 Z3.500
G0 X44.993 Y-244.702
G1 Z0.000 F1200
G1 X44.632 Y-240.510
G0 Z3.500
G0 X44.358 Y-246.194
G1 Z0.000 F1200
G1 X44.492 Y-251.003
G0 Z3.500
G0 X45.200 Y-249.591
G1 Z0.000 F1200
G1 X45.200 Y-250.592
G1 X46.800 Y-253.995
G1 X47.000 Y-255.796
G1 X46.200 Y-252.193
G1 X45.200 Y-250.592
G1 X45.200 Y-249.391
G0 Z3.500
G0 X43.200 Y-249.391
G1 Z0.000 F1200
G1 X40.600 Y-252.794
G1 X43.000 Y-249.591
G0 Z3.500
G0 X42.105 Y-249.369
G1 Z0.000 F1200
G1 X42.779 Y-251.662
G0 Z3.500
G0 X41.340 Y-250.473
G1 Z0.000 F1200
G1 X40.166 Y-253.301
G0 Z3.500
G0 X40.600 Y-250.592
G1 Z0.000 F1200
G1 X39.400 Y-253.194
G1 X39.600 Y-253.995
G1 X39.400 Y-253.194
G1 X40.600 Y-250.392
G0 Z3.500
G0 X39.875 Y-248.395
G1 Z0.000 F1200
G1 X40.405 Y-246.044
G0 Z3.500
G0 X43.600 Y-246.589
G1 Z0.000 F1200
G1 X43.000 Y-247.189
G1 X43.600 Y-246.989
G1 X44.400 Y-247.990
G1 X43.800 Y-248.791
G1 X44.200 Y-248.991
G1 X43.800 Y-248.791
G1 X44.600 Y-247.790
G1 X44.400 Y-247.990
G1 X43.600 Y-246.789
G0 Z3.500
G0 X37.000 Y-247.790
G1 Z0.000 F1200
G1 X37.200 Y-249.391
G1 X38.000 Y-250.992
G1 X37.800 Y-253.194
G1 X37.000 Y-252.794
G1 X36.800 Y-251.593
G1 X37.000 Y-252.794
G1 X37.800 Y-253.394
G1 X38.000 Y-255.196
G1 X37.800 Y-253.194
G1 X38.600 Y-248.991
G1 X38.400 Y-250.792
G1 X38.000 Y-250.992
G1 X37.600 Y-250.592
G1 X37.000 Y-247.990
G0 Z3.500
G0 X23.837 Y-249.132
G1 Z0.000 F1200
G1 X24.419 Y-252.125
G0 Z3.500
G0 X24.853 Y-253.908
G1 Z0.000 F1200
G1 X22.764 Y-257.486
G0 Z3.500
G0 X20.640 Y-259.600
G1 Z0.000 F1200
G1 X19.939 Y-255.625
G0 Z3.500
G0 X17.503 Y-254.964
G1 Z0.000 F1200
G1 X18.794 Y-250.400
G0 Z3.500
G0 X18.000 Y-252.394
G1 Z0.000 F1200
G1 X17.800 Y-255.196
G1 X18.200 Y-256.597
G1 X17.800 Y-255.196
G1 X18.000 Y-252.594
G0 Z3.500
G0 X15.062 Y-252.383
G1 Z0.000 F1200
G1 X13.118 Y-256.756
G0 Z3.500
G0 X14.200 Y-257.198
G1 Z0.000 F1200
G1 X14.000 Y-257.798
G1 X5.000 Y-257.798
G1 X28.800 Y-257.798
G1 X14.400 Y-257.798
G1 X14.200 Y-257.398
G0 Z3.500
G0 X15.010 Y-255.193
G1 Z0.000 F1200
G1 X12.763 Y-259.838
G0 Z3.500
G0 X11.508 Y-258.678
G1 Z0.000 F1200
G1 X13.323 Y-255.155
G0 Z3.500
G0 X11.126 Y-251.311
G1 Z0.000 F1200
G1 X8.837 Y-255.763
G0 Z3.500
G0 X8.402 Y-254.473
G1 Z0.000 F1200
G1 X9.307 Y-249.665
G0 Z3.500
G0 X10.572 Y-251.601
G1 Z0.000 F1200
G1 X11.785 Y-247.931
G0 Z3.500
G0 X13.796 Y-247.943
G1 Z0.000 F1200
G1 X14.427 Y-245.082
G0 Z3.500
G0 X14.853 Y-242.744
G1 Z0.000 F1200
G1 X15.876 Y-240.778
G0 Z3.500
G0 X14.447 Y-241.465
G1 Z0.000 F1200
G1 X13.967 Y-237.923
G0 Z3.500
G0 X14.073 Y-238.436
G1 Z0.000 F1200
G1 X13.906 Y-234.167
G0 Z3.500
G0 X11.122 Y-233.964
G1 Z0.000 F1200
G1 X12.129 Y-230.280
G0 Z3.500
G0 X10.115 Y-229.179
G1 Z0.000 F1200
G1 X9.488 Y-230.899
G0 Z3.500
G0 X8.480 Y-229.063
G1 Z0.000 F1200
G1 X6.963 Y-232.745
G0 Z3.500
G0 X6.437 Y-233.367
G1 Z0.000 F1200
G1 X7.270 Y-230.684
G0 Z3.500
G0 X3.277 Y-230.429
G1 Z0.000 F1200
G1 X4.363 Y-226.304
G0 Z3.500
G0 X4.806 Y-226.721
G1 Z0.000 F1200
G1 X5.888 Y-222.518
G0 Z3.500
G0 X6.160 Y-218.924
G1 Z0.000 F1200
G1 X7.914 Y-215.456
G0 Z3.500
G0 X8.101 Y-217.538
G1 Z0.000 F1200
G1 X8.962 Y-220.139
G0 Z3.500
G0 X9.294 Y-221.179
G1 Z0.000 F1200
G1 X10.000 Y-217.530
G0 Z3.500
G0 X12.620 Y-215.797
G1 Z0.000 F1200
G1 X13.757 Y-219.195
G0 Z3.500
G0 X16.224 Y-220.045
G1 Z0.000 F1200
G1 X16.142 Y-217.078
G0 Z3.500
G0 X16.989 Y-219.339
G1 Z0.000 F1200
G1 X18.589 Y-215.648
G0 Z3.500
G0 X18.600 Y-215.563
G1 Z0.000 F1200
G1 X18.000 Y-217.565
G1 X18.200 Y-218.966
G1 X18.200 Y-217.965
G1 X17.600 Y-217.765
G1 X18.200 Y-217.364
G1 X18.200 Y-216.163
G1 X18.600 Y-215.363
G0 Z3.500
G0 X20.851 Y-216.534
G1 Z0.000 F1200
G1 X21.060 Y-219.752
G0 Z3.500
G0 X21.200 Y-218.165
G1 Z0.000 F1200
G1 X21.400 Y-219.166
G1 X21.800 Y-219.166
G1 X22.400 Y-218.365
G1 X21.600 Y-219.766
G1 X21.400 Y-222.168
G1 X21.800 Y-219.366
G1 X21.200 Y-218.966
G1 X21.200 Y-217.965
G0 Z3.500
G0 X21.375 Y-218.105
G1 Z0.000 F1200
G1 X22.355 Y-215.064
G0 Z3.500
G0 X23.706 Y-216.263
G1 Z0.000 F1200
G1 X23.178 Y-218.522
G0 Z3.500
G0 X24.420 Y-222.357
G1 Z0.000 F1200
G1 X23.555 Y-225.882
G0 Z3.500
G0 X22.742 Y-227.469
G1 Z0.000 F1200
G1 X22.263 Y-229.038
G0 Z3.500
G0 X19.511 Y-229.466
G1 Z0.000 F1200
G1 X19.129 Y-225.082
G0 Z3.500
G0 X17.901 Y-226.401
G1 Z0.000 F1200
G1 X17.098 Y-228.690
G0 Z3.500
G0 X20.666 Y-232.231
G1 Z0.000 F1200
G1 X21.038 Y-235.356
G0 Z3.500
G0 X21.193 Y-236.660
G1 Z0.000 F1200
G1 X21.246 Y-238.839
G0 Z3.500
G0 X23.553 Y-239.216
G1 Z0.000 F1200
G1 X24.227 Y-235.796
G0 Z3.500
G0 X23.170 Y-235.492
G1 Z0.000 F1200
G1 X22.600 Y-232.205
G0 Z3.500
G0 X25.824 Y-231.604
G1 Z0.000 F1200
G1 X25.702 Y-227.639
G0 Z3.500
G0 X27.913 Y-228.331
G1 Z0.000 F1200
G1 X28.536 Y-230.052
G0 Z3.500
G0 X29.669 Y-232.009
G1 Z0.000 F1200
G1 X30.907 Y-234.924
G0 Z3.500
G0 X35.923 Y-234.439
G1 Z0.000 F1200
G1 X36.504 Y-231.393
G0 Z3.500
G0 X35.772 Y-229.901
G1 Z0.000 F1200
G1 X35.502 Y-228.244
G0 Z3.500
G0 X33.929 Y-225.828
G1 Z0.000 F1200
G1 X34.890 Y-224.044
G0 Z3.500
G0 X40.018 Y-224.689
G1 Z0.000 F1200
G1 X40.075 Y-222.663
G0 Z3.500
G0 X41.889 Y-221.700
G1 Z0.000 F1200
G1 X42.550 Y-224.766
G0 Z3.500
G0 X45.711 Y-225.966
G1 Z0.000 F1200
G1 X47.420 Y-230.067
G0 Z3.500
G0 X52.517 Y-233.420
G1 Z0.000 F1200
G1 X53.443 Y-232.027
G0 Z3.500
G0 X55.729 Y-229.837
G1 Z0.000 F1200
G1 X58.583 Y-226.831
G0 Z3.500
G0 X58.919 Y-227.151
G1 Z0.000 F1200
G1 X56.065 Y-230.157
G0 Z3.500
G0 X57.206 Y-229.519
G1 Z0.000 F1200
G1 X58.931 Y-226.136
G0 Z3.500
G0 X59.343 Y-226.346
G1 Z0.000 F1200
G1 X57.618 Y-229.729
G0 Z3.500
G0 X57.760 Y-229.258
G1 Z0.000 F1200
G1 X61.944 Y-222.630
G0 Z3.500
G0 X61.607 Y-222.417
G1 Z0.000 F1200
G1 X57.423 Y-229.045
G0 Z3.500
G0 X57.631 Y-224.306
G1 Z0.000 F1200
G1 X62.047 Y-217.593
G0 Z3.500
G0 X61.685 Y-217.354
G1 Z0.000 F1200
G1 X57.269 Y-224.068
G0 Z3.500
G0 X57.797 Y-223.299
G1 Z0.000 F1200
G1 X63.102 Y-216.923
G0 Z3.500
G0 X63.704 Y-216.355
G1 Z0.000 F1200
G1 X60.924 Y-219.650
G0 Z3.500
G0 X61.253 Y-219.928
G1 Z0.000 F1200
G1 X64.032 Y-216.632
G0 Z3.500
G0 X63.056 Y-215.136
G1 Z0.000 F1200
G1 X58.079 Y-210.182
G0 Z3.500
G0 X58.391 Y-209.867
G1 Z0.000 F1200
G1 X63.368 Y-214.821
G0 Z3.500
G0 X63.834 Y-214.515
G1 Z0.000 F1200
G1 X67.942 Y-217.575
G0 Z3.500
G0 X67.713 Y-218.712
G1 Z0.000 F1200
G1 X65.845 Y-221.907
G0 Z3.500
G0 X66.252 Y-222.146
G1 Z0.000 F1200
G1 X68.120 Y-218.951
G0 Z3.500
G0 X69.637 Y-218.881
G1 Z0.000 F1200
G1 X76.853 Y-224.503
G0 Z3.500
G0 X77.664 Y-224.360
G1 Z0.000 F1200
G1 X79.116 Y-218.623
G0 Z3.500
G0 X79.148 Y-218.836
G1 Z0.000 F1200
G1 X82.906 Y-213.860
G0 Z3.500
G0 X84.947 Y-213.434
G1 Z0.000 F1200
G1 X89.832 Y-217.864
G0 Z3.500
G0 X89.903 Y-218.305
G1 Z0.000 F1200
G1 X85.262 Y-223.478
G0 Z3.500
G0 X85.550 Y-223.737
G1 Z0.000 F1200
G1 X90.191 Y-218.563
G0 Z3.500
G0 X88.606 Y-217.867
G1 Z0.000 F1200
G1 X90.420 Y-210.052
G0 Z3.500
G0 X90.011 Y-209.957
G1 Z0.000 F1200
G1 X88.198 Y-217.772
G0 Z3.500
G0 X88.176 Y-217.925
G1 Z0.000 F1200
G1 X92.178 Y-212.764
G0 Z3.500
G0 X92.272 Y-212.571
G1 Z0.000 F1200
G1 X86.618 Y-207.711
G0 Z3.500
G0 X86.479 Y-207.591
G1 Z0.000 F1200
G1 X90.988 Y-200.249
G0 Z3.500
G0 X91.310 Y-200.448
G1 Z0.000 F1200
G1 X86.802 Y-207.789
G0 Z3.500
G0 X86.885 Y-207.400
G1 Z0.000 F1200
G1 X92.538 Y-212.260
G0 Z3.500
G0 X92.589 Y-211.920
G1 Z0.000 F1200
G1 X94.562 Y-207.932
G0 Z3.500
G0 X94.705 Y-208.084
G1 Z0.000 F1200
G1 X93.310 Y-213.560
G0 Z3.500
G0 X92.859 Y-213.445
G1 Z0.000 F1200
G1 X94.255 Y-207.969
G0 Z3.500
G0 X94.160 Y-207.733
G1 Z0.000 F1200
G1 X92.187 Y-211.721
G0 Z3.500
G0 X92.388 Y-211.662
G1 Z0.000 F1200
G1 X94.679 Y-207.434
G0 Z3.500
G0 X94.276 Y-207.215
G1 Z0.000 F1200
G1 X91.985 Y-211.443
G0 Z3.500
G0 X91.602 Y-211.161
G1 Z0.000 F1200
G1 X88.981 Y-208.002
G0 Z3.500
G0 X89.024 Y-208.299
G1 Z0.000 F1200
G1 X82.857 Y-202.996
G0 Z3.500
G0 X82.595 Y-203.301
G1 Z0.000 F1200
G1 X88.763 Y-208.603
G0 Z3.500
G0 X88.876 Y-208.909
G1 Z0.000 F1200
G1 X91.743 Y-204.513
G0 Z3.500
G0 X92.113 Y-204.755
G1 Z0.000 F1200
G1 X89.246 Y-209.150
G0 Z3.500
G0 X88.639 Y-208.286
G1 Z0.000 F1200
G1 X91.260 Y-211.445
G0 Z3.500
G0 X91.337 Y-211.580
G1 Z0.000 F1200
G1 X96.832 Y-205.949
G0 Z3.500
G0 X96.683 Y-205.745
G1 Z0.000 F1200
G1 X97.251 Y-201.922
G0 Z3.500
G0 X98.025 Y-203.106
G1 Z0.000 F1200
G1 X100.389 Y-205.217
G0 Z3.500
G0 X100.284 Y-205.407
G1 Z0.000 F1200
G1 X103.638 Y-209.170
G0 Z3.500
G0 X102.670 Y-208.251
G1 Z0.000 F1200
G1 X106.320 Y-210.928
G0 Z3.500
G0 X106.022 Y-209.165
G1 Z0.000 F1200
G1 X100.836 Y-214.451
G0 Z3.500
G0 X101.101 Y-214.258
G1 Z0.000 F1200
G1 X104.496 Y-210.396
G0 Z3.500
G0 X105.733 Y-208.881
G1 Z0.000 F1200
G1 X100.547 Y-214.167
G0 Z3.500
G0 X101.220 Y-214.714
G1 Z0.000 F1200
G1 X106.473 Y-208.589
G0 Z3.500
G0 X106.818 Y-208.885
G1 Z0.000 F1200
G1 X101.565 Y-215.011
G0 Z3.500
G0 X101.818 Y-212.945
G1 Z0.000 F1200
G1 X106.006 Y-216.686
G0 Z3.500
G0 X102.735 Y-217.383
G1 Z0.000 F1200
G1 X105.945 Y-212.734
G0 Z3.500
G0 X103.052 Y-212.889
G1 Z0.000 F1200
G1 X106.862 Y-209.061
G0 Z3.500
G0 X107.186 Y-208.803
G1 Z0.000 F1200
G1 X108.980 Y-205.855
G0 Z3.500
G0 X109.013 Y-205.311
G1 Z0.000 F1200
G1 X108.283 Y-210.177
G0 Z3.500
G0 X109.039 Y-208.830
G1 Z0.000 F1200
G1 X104.696 Y-205.423
G0 Z3.500
G0 X103.819 Y-205.464
G1 Z0.000 F1200
G1 X107.107 Y-208.137
G0 Z3.500
G0 X107.514 Y-205.867
G1 Z0.000 F1200
G1 X110.290 Y-199.159
G0 Z3.500
G0 X110.400 Y-199.349
G1 Z0.000 F1200
G1 X111.400 Y-199.950
G1 X112.200 Y-201.151
G1 X111.800 Y-201.551
G1 X111.200 Y-200.951
G1 X111.800 Y-201.551
G1 X111.400 Y-203.753
G1 X109.800 Y-205.755
G1 X108.600 Y-205.955
G1 X106.600 Y-208.157
G1 X108.600 Y-205.955
G1 X109.200 Y-205.755
G1 X109.200 Y-206.555
G1 X111.400 Y-203.753
G1 X111.800 Y-201.551
G1 X112.200 Y-201.151
G1 X112.000 Y-200.550
G1 X110.600 Y-199.550
G0 Z3.500
G0 X110.906 Y-200.858
G1 Z0.000 F1200
G1 X112.433 Y-194.862
G1 X112.942 Y-188.120
G1 X112.232 Y-181.899
G1 X110.537 Y-176.220
G1 X107.630 Y-170.315
G1 X104.078 Y-165.222
G1 X99.163 Y-159.927
G1 X93.706 Y-155.484
G0 Z3.500
G0 X93.488 Y-154.774
G1 Z0.000 F1200
G1 X98.922 Y-159.140
G1 X104.309 Y-164.734
G1 X108.822 Y-170.904
G1 X112.097 Y-177.140
G1 X114.104 Y-183.051
G1 X115.123 Y-189.437
G1 X114.916 Y-196.254
G1 X113.637 Y-202.231
G0 Z3.500
G0 X114.722 Y-202.536
G1 Z0.000 F1200
G1 X116.295 Y-197.196
G0 Z3.500
G0 X117.529 Y-197.861
G1 Z0.000 F1200
G1 X119.032 Y-192.212
G0 Z3.500
G0 X118.605 Y-192.529
G1 Z0.000 F1200
G1 X120.256 Y-188.387
G0 Z3.500
G0 X118.522 Y-188.176
G1 Z0.000 F1200
G1 X119.332 Y-184.666
G0 Z3.500
G0 X119.581 Y-185.290
G1 Z0.000 F1200
G1 X121.424 Y-180.230
G0 Z3.500
G0 X121.980 Y-178.655
G1 Z0.000 F1200
G1 X123.754 Y-174.214
G0 Z3.500
G0 X124.531 Y-173.374
G1 Z0.000 F1200
G1 X122.641 Y-178.839
G0 Z3.500
G0 X123.282 Y-180.300
G1 Z0.000 F1200
G1 X125.205 Y-173.692
G0 Z3.500
G0 X124.252 Y-172.596
G1 Z0.000 F1200
G1 X126.076 Y-167.903
G0 Z3.500
G0 X124.800 Y-170.926
G1 Z0.000 F1200
G1 X131.400 Y-174.329
G1 X124.600 Y-170.926
G0 Z3.500
G0 X126.988 Y-171.916
G1 Z0.000 F1200
G1 X125.616 Y-176.029
G0 Z3.500
G0 X128.600 Y-176.130
G1 Z0.000 F1200
G1 X134.800 Y-178.932
G1 X140.200 Y-180.334
G1 X134.800 Y-178.932
G1 X132.000 Y-177.731
G1 X131.800 Y-177.131
G1 X132.200 Y-176.931
G1 X136.600 Y-177.932
G1 X141.000 Y-178.332
G1 X142.000 Y-177.932
G1 X145.400 Y-177.932
G1 X146.400 Y-177.531
G1 X145.400 Y-177.932
G1 X142.200 Y-177.932
G1 X141.400 Y-177.531
G1 X142.000 Y-177.932
G1 X141.000 Y-178.332
G1 X136.600 Y-177.932
G1 X132.200 Y-176.931
G1 X131.200 Y-177.331
G1 X128.800 Y-176.130
G0 Z3.500
G0 X128.651 Y-175.818
G1 Z0.000 F1200
G1 X130.510 Y-170.566
G0 Z3.500
G0 X129.760 Y-170.030
G1 Z0.000 F1200
G1 X128.384 Y-174.464
G0 Z3.500
G0 X127.800 Y-171.326
G1 Z0.000 F1200
G1 X132.200 Y-173.328
G1 X133.200 Y-173.128
G1 X132.800 Y-173.328
G1 X133.000 Y-173.728
G1 X134.800 Y-174.128
G1 X130.400 Y-172.727
G1 X129.400 Y-171.927
G1 X127.600 Y-171.326
G0 Z3.500
G0 X131.573 Y-176.657
G1 Z0.000 F1200
G1 X129.442 Y-181.934
G0 Z3.500
G0 X127.298 Y-181.780
G1 Z0.000 F1200
G1 X126.084 Y-186.270
G0 Z3.500
G0 X126.095 Y-187.891
G1 Z0.000 F1200
G1 X126.837 Y-184.606
G0 Z3.500
G0 X124.882 Y-188.478
G1 Z0.000 F1200
G1 X123.417 Y-193.567
G0 Z3.500
G0 X124.789 Y-194.262
G1 Z0.000 F1200
G1 X126.021 Y-190.863
G0 Z3.500
G0 X127.600 Y-190.942
G1 Z0.000 F1200
G1 X130.000 Y-191.143
G1 X130.600 Y-191.743
G1 X130.200 Y-191.343
G1 X130.400 Y-190.942
G1 X137.600 Y-191.143
G1 X141.400 Y-192.143
G1 X144.200 Y-193.745
G1 X141.400 Y-192.143
G1 X137.600 Y-191.143
G1 X127.800 Y-190.942
G0 Z3.500
G0 X129.643 Y-188.529
G1 Z0.000 F1200
G1 X131.261 Y-184.117
G0 Z3.500
G0 X133.839 Y-181.769
G1 Z0.000 F1200
G1 X135.295 Y-178.252
G0 Z3.500
G0 X135.495 Y-179.667
G1 Z0.000 F1200
G1 X134.484 Y-182.757
G0 Z3.500
G0 X138.054 Y-182.893
G1 Z0.000 F1200
G1 X139.347 Y-178.285
G0 Z3.500
G0 X137.499 Y-176.015
G1 Z0.000 F1200
G1 X136.556 Y-179.425
G0 Z3.500
G0 X140.291 Y-181.413
G1 Z0.000 F1200
G1 X142.640 Y-175.548
G0 Z3.500
G0 X145.967 Y-176.089
G1 Z0.000 F1200
G1 X145.145 Y-179.067
G0 Z3.500
G0 X144.924 Y-178.662
G1 Z0.000 F1200
G1 X143.691 Y-183.670
G0 Z3.500
G0 X142.446 Y-181.505
G1 Z0.000 F1200
G1 X140.773 Y-185.881
G0 Z3.500
G0 X142.349 Y-186.950
G1 Z0.000 F1200
G1 X140.333 Y-192.084
G0 Z3.500
G0 X142.350 Y-191.073
G1 Z0.000 F1200
G1 X141.508 Y-194.556
G0 Z3.500
G0 X144.155 Y-195.075
G1 Z0.000 F1200
G1 X149.699 Y-194.216
G0 Z3.500
G0 X150.966 Y-191.973
G1 Z0.000 F1200
G1 X150.725 Y-189.203
G0 Z3.500
G0 X152.962 Y-189.163
G1 Z0.000 F1200
G1 X152.704 Y-191.331
G0 Z3.500
G0 X154.727 Y-190.369
G1 Z0.000 F1200
G1 X153.987 Y-187.324
G0 Z3.500
G0 X153.954 Y-185.168
G1 Z0.000 F1200
G1 X161.337 Y-183.725
G0 Z3.500
G0 X161.436 Y-185.606
G1 Z0.000 F1200
G1 X159.751 Y-182.147
G0 Z3.500
G0 X159.560 Y-184.493
G1 Z0.000 F1200
G1 X163.311 Y-183.893
G0 Z3.500
G0 X163.374 Y-185.710
G1 Z0.000 F1200
G1 X166.603 Y-185.251
G0 Z3.500
G0 X167.209 Y-182.273
G1 Z0.000 F1200
G1 X157.474 Y-184.961
G0 Z3.500
G0 X155.970 Y-184.325
G1 Z0.000 F1200
G1 X157.166 Y-180.887
G0 Z3.500
G0 X158.311 Y-177.744
G1 Z0.000 F1200
G1 X157.638 Y-175.920
G0 Z3.500
G0 X157.308 Y-174.090
G1 Z0.000 F1200
G1 X152.941 Y-174.701
G0 Z3.500
G0 X152.833 Y-176.526
G1 Z0.000 F1200
G1 X151.030 Y-180.526
G0 Z3.500
G0 X149.018 Y-175.200
G1 Z0.000 F1200
G1 X155.881 Y-172.860
G0 Z3.500
G0 X156.614 Y-171.724
G1 Z0.000 F1200
G1 X151.171 Y-173.256
G0 Z3.500
G0 X159.960 Y-174.532
G1 Z0.000 F1200
G1 X160.148 Y-177.461
G0 Z3.500
G0 X159.235 Y-177.520
G1 Z0.000 F1200
G1 X167.189 Y-177.153
G0 Z3.500
G0 X172.048 Y-180.814
G1 Z0.000 F1200
G1 X179.856 Y-178.848
G0 Z3.500
G0 X176.976 Y-178.539
G1 Z0.000 F1200
G1 X175.669 Y-174.797
G0 Z3.500
G0 X176.920 Y-175.176
G1 Z0.000 F1200
G1 X176.613 Y-173.222
G0 Z3.500
G0 X173.624 Y-169.703
G1 Z0.000 F1200
G1 X170.819 Y-168.774
G0 Z3.500
G0 X170.487 Y-167.239
G1 Z0.000 F1200
G1 X175.939 Y-165.386
G0 Z3.500
G0 X174.741 Y-167.496
G1 Z0.000 F1200
G1 X166.580 Y-169.089
G0 Z3.500
G0 X166.962 Y-167.919
G1 Z0.000 F1200
G1 X163.084 Y-168.423
G0 Z3.500
G0 X162.412 Y-167.364
G1 Z0.000 F1200
G1 X167.831 Y-165.423
G0 Z3.500
G0 X167.503 Y-163.575
G1 Z0.000 F1200
G1 X161.010 Y-165.204
G0 Z3.500
G0 X160.948 Y-163.013
G1 Z0.000 F1200
G1 X156.906 Y-161.309
G0 Z3.500
G0 X156.120 Y-161.677
G1 Z0.000 F1200
G1 X147.409 Y-164.156
G0 Z3.500
G0 X148.422 Y-159.089
G1 Z0.000 F1200
G1 X141.208 Y-161.415
G0 Z3.500
G0 X139.346 Y-158.872
G1 Z0.000 F1200
G1 X142.984 Y-158.118
G0 Z3.500
G0 X144.261 Y-155.012
G1 Z0.000 F1200
G1 X148.628 Y-156.467
G0 Z3.500
G0 X148.112 Y-155.043
G1 Z0.000 F1200
G1 X157.010 Y-152.941
G0 Z3.500
G0 X155.824 Y-152.662
G1 Z0.000 F1200
G1 X151.204 Y-151.835
G0 Z3.500
G0 X153.013 Y-148.357
G1 Z0.000 F1200
G1 X145.870 Y-146.955
G0 Z3.500
G0 X145.400 Y-148.107
G1 Z0.000 F1200
G1 X147.400 Y-149.308
G1 X147.200 Y-149.508
G1 X147.800 Y-149.108
G1 X149.400 Y-150.309
G1 X150.000 Y-150.309
G1 X150.400 Y-150.709
G1 X150.800 Y-152.911
G1 X150.400 Y-150.709
G1 X151.600 Y-150.309
G1 X154.200 Y-152.911
G1 X155.600 Y-152.310
G1 X156.000 Y-152.711
G1 X157.800 Y-152.510
G1 X157.800 Y-153.111
G1 X159.800 Y-151.910
G1 X160.400 Y-152.110
G1 X160.800 Y-152.911
G1 X160.600 Y-153.311
G1 X160.800 Y-152.711
G1 X160.000 Y-151.710
G1 X160.600 Y-151.109
G1 X161.200 Y-151.109
G1 X160.400 Y-150.709
G1 X160.600 Y-149.108
G1 X160.000 Y-148.107
G1 X160.600 Y-149.108
G1 X160.600 Y-151.109
G1 X159.800 Y-151.510
G1 X159.400 Y-150.709
G1 X160.000 Y-151.710
G1 X158.200 Y-152.711
G1 X158.000 Y-151.510
G1 X157.800 Y-152.510
G1 X156.000 Y-152.711
G1 X155.200 Y-150.709
G1 X155.800 Y-150.309
G1 X156.800 Y-150.309
G1 X157.200 Y-150.709
G1 X158.000 Y-150.509
G1 X157.200 Y-150.709
G1 X156.800 Y-150.309
G1 X157.000 Y-149.708
G1 X156.600 Y-150.309
G1 X155.400 Y-150.509
G1 X154.600 Y-150.108
G1 X154.800 Y-149.508
G1 X154.600 Y-150.108
G1 X155.400 Y-150.509
G1 X155.200 Y-150.909
G1 X155.600 Y-152.310
G1 X154.600 Y-152.911
G1 X153.400 Y-152.110
G1 X151.800 Y-150.309
G1 X152.000 Y-150.108
G1 X151.400 Y-150.509
G1 X150.200 Y-150.509
G1 X150.000 Y-150.108
G1 X150.400 Y-149.108
G1 X150.200 Y-149.908
G1 X149.400 Y-150.309
G1 X147.800 Y-149.108
G1 X145.600 Y-148.307
G0 Z3.500
G0 X146.004 Y-148.707
G1 Z0.000 F1200
G1 X138.901 Y-149.633
G0 Z3.500
G0 X139.842 Y-148.101
G1 Z0.000 F1200
G1 X143.987 Y-146.814
G0 Z3.500
G0 X144.122 Y-145.772
G1 Z0.000 F1200
G1 X142.679 Y-142.715
G0 Z3.500
G0 X141.647 Y-141.783
G1 Z0.000 F1200
G1 X139.037 Y-139.484
G0 Z3.500
G0 X138.345 Y-142.161
G1 Z0.000 F1200
G1 X133.175 Y-143.768
G0 Z3.500
G0 X133.697 Y-147.362
G1 Z0.000 F1200
G1 X124.510 Y-148.068
G0 Z3.500
G0 X124.600 Y-147.506
G1 Z0.000 F1200
G1 X128.800 Y-147.306
G1 X129.600 Y-148.307
G1 X128.400 Y-149.108
G1 X125.200 Y-148.907
G1 X124.000 Y-148.307
G1 X124.400 Y-147.506
G0 Z3.500
G0 X126.803 Y-151.220
G1 Z0.000 F1200
G1 X130.997 Y-149.732
G0 Z3.500
G0 X133.600 Y-148.907
G1 Z0.000 F1200
G1 X131.000 Y-149.308
G1 X135.600 Y-148.907
G1 X133.800 Y-148.907
G0 Z3.500
G0 X134.611 Y-147.171
G1 Z0.000 F1200
G1 X137.670 Y-146.595
G0 Z3.500
G0 X141.428 Y-145.236
G1 Z0.000 F1200
G1 X142.962 Y-140.814
G0 Z3.500
G0 X141.292 Y-141.163
G1 Z0.000 F1200
G1 X141.254 Y-143.653
G0 Z3.500
G0 X141.659 Y-144.378
G1 Z0.000 F1200
G1 X147.117 Y-142.410
G0 Z3.500
G0 X152.592 Y-139.873
G1 Z0.000 F1200
G1 X157.216 Y-139.228
G0 Z3.500
G0 X155.950 Y-139.565
G1 Z0.000 F1200
G1 X157.342 Y-135.900
G0 Z3.500
G0 X159.861 Y-135.529
G1 Z0.000 F1200
G1 X161.343 Y-132.377
G0 Z3.500
G0 X161.898 Y-132.213
G1 Z0.000 F1200
G1 X161.033 Y-133.542
G0 Z3.500
G0 X162.311 Y-132.847
G1 Z0.000 F1200
G1 X170.047 Y-134.826
G0 Z3.500
G0 X170.910 Y-136.035
G1 Z0.000 F1200
G1 X168.827 Y-131.887
G0 Z3.500
G0 X168.490 Y-131.780
G1 Z0.000 F1200
G1 X170.523 Y-127.572
G0 Z3.500
G0 X170.160 Y-127.397
G1 Z0.000 F1200
G1 X168.127 Y-131.604
G0 Z3.500
G0 X168.206 Y-132.063
G1 Z0.000 F1200
G1 X167.935 Y-129.052
G0 Z3.500
G0 X167.706 Y-129.140
G1 Z0.000 F1200
G1 X177.340 Y-126.925
G0 Z3.500
G0 X177.567 Y-126.845
G1 Z0.000 F1200
G1 X174.644 Y-125.597
G0 Z3.500
G0 X174.380 Y-125.788
G1 Z0.000 F1200
G1 X171.596 Y-123.034
G0 Z3.500
G0 X170.800 Y-122.085
G1 Z0.000 F1200
G1 X170.800 Y-122.485
G1 X172.000 Y-123.686
G1 X173.400 Y-123.686
G1 X173.800 Y-124.287
G1 X175.800 Y-124.287
G1 X176.400 Y-123.686
G1 X173.000 Y-122.285
G1 X176.600 Y-123.686
G1 X175.800 Y-124.287
G1 X174.000 Y-124.087
G1 X173.800 Y-124.487
G1 X175.000 Y-125.688
G1 X176.600 Y-125.888
G1 X177.200 Y-125.288
G1 X176.400 Y-126.088
G1 X176.400 Y-126.689
G1 X177.000 Y-127.289
G1 X176.200 Y-126.689
G1 X175.000 Y-127.690
G1 X172.800 Y-128.090
G1 X171.600 Y-127.890
G1 X170.600 Y-128.891
G1 X172.000 Y-130.092
G1 X173.400 Y-129.892
G1 X172.200 Y-130.092
G1 X170.600 Y-128.891
G1 X169.600 Y-129.091
G1 X170.000 Y-129.892
G1 X169.600 Y-129.091
G1 X166.600 Y-129.291
G1 X166.200 Y-129.892
G1 X166.200 Y-129.091
G1 X164.800 Y-129.291
G1 X164.200 Y-130.292
G1 X163.400 Y-130.292
G1 X161.200 Y-132.494
G1 X161.000 Y-133.495
G1 X161.200 Y-132.694
G1 X160.800 Y-132.694
G1 X162.400 Y-131.293
G1 X162.000 Y-130.492
G1 X162.800 Y-129.491
G1 X162.600 Y-129.892
G1 X163.200 Y-130.492
G1 X164.200 Y-130.292
G1 X164.800 Y-129.291
G1 X166.400 Y-129.291
G1 X166.800 Y-127.890
G1 X166.800 Y-129.291
G1 X168.400 Y-129.091
G1 X169.200 Y-128.090
G1 X168.600 Y-128.891
G1 X168.800 Y-129.091
G1 X170.600 Y-128.891
G1 X171.400 Y-128.090
G1 X170.600 Y-126.689
G1 X169.200 Y-125.688
G1 X169.200 Y-125.288
G1 X169.200 Y-125.688
G1 X169.800 Y-125.888
G1 X171.600 Y-127.890
G1 X172.000 Y-127.289
G1 X172.000 Y-128.090
G1 X175.000 Y-127.690
G1 X176.000 Y-127.089
G1 X176.400 Y-126.088
G1 X176.000 Y-125.688
G1 X175.000 Y-125.688
G1 X174.600 Y-126.088
G1 X173.200 Y-125.888
G1 X174.600 Y-126.088
G1 X175.000 Y-125.688
G1 X174.000 Y-124.887
G1 X173.400 Y-123.686
G1 X172.000 Y-123.686
G1 X171.600 Y-125.088
G1 X171.800 Y-123.486
G1 X171.200 Y-122.686
G1 X170.600 Y-122.686
G1 X167.400 Y-125.288
G1 X168.600 Y-123.686
G1 X168.600 Y-124.287
G1 X169.200 Y-124.087
G1 X170.800 Y-122.485
G1 X170.800 Y-121.885
G0 Z3.500
G0 X171.376 Y-120.096
G1 Z0.000 F1200
G1 X172.704 Y-117.736
G0 Z3.500
G0 X172.546 Y-117.554
G1 Z0.000 F1200
G1 X172.881 Y-114.363
G0 Z3.500
G0 X172.185 Y-114.827
G1 Z0.000 F1200
G1 X171.890 Y-111.892
G0 Z3.500
G0 X172.414 Y-112.101
G1 Z0.000 F1200
G1 X174.686 Y-114.438
G0 Z3.500
G0 X175.924 Y-114.608
G1 Z0.000 F1200
G1 X176.009 Y-118.415
G0 Z3.500
G0 X176.412 Y-118.757
G1 Z0.000 F1200
G1 X177.246 Y-116.491
G0 Z3.500
G0 X176.434 Y-116.591
G1 Z0.000 F1200
G1 X173.563 Y-121.114
G0 Z3.500
G0 X174.813 Y-120.448
G1 Z0.000 F1200
G1 X173.258 Y-118.581
G0 Z3.500
G0 X172.454 Y-117.766
G1 Z0.000 F1200
G1 X174.836 Y-112.924
G0 Z3.500
G0 X175.353 Y-113.284
G1 Z0.000 F1200
G1 X175.568 Y-111.228
G0 Z3.500
G0 X174.185 Y-111.152
G1 Z0.000 F1200
G1 X172.960 Y-108.877
G0 Z3.500
G0 X172.800 Y-109.733
G1 Z0.000 F1200
G1 X173.241 Y-107.128
G0 Z3.500
G0 X174.158 Y-106.347
G1 Z0.000 F1200
G1 X176.497 Y-101.960
G0 Z3.500
G0 X176.229 Y-102.390
G1 Z0.000 F1200
G1 X175.309 Y-98.907
G0 Z3.500
G0 X175.804 Y-99.147
G1 Z0.000 F1200
G1 X176.521 Y-102.490
G0 Z3.500
G0 X175.590 Y-102.056
G1 Z0.000 F1200
G1 X174.516 Y-97.461
G0 Z3.500
G0 X174.678 Y-97.683
G1 Z0.000 F1200
G1 X176.112 Y-101.059
G0 Z3.500
G0 X175.684 Y-100.845
G1 Z0.000 F1200
G1 X173.193 Y-104.327
G0 Z3.500
G0 X173.581 Y-103.003
G1 Z0.000 F1200
G1 X173.280 Y-99.881
G0 Z3.500
G0 X173.795 Y-101.119
G1 Z0.000 F1200
G1 X175.287 Y-98.093
G0 Z3.500
G0 X175.093 Y-97.802
G1 Z0.000 F1200
G1 X175.454 Y-100.455
G0 Z3.500
G0 X176.395 Y-100.297
G1 Z0.000 F1200
G1 X178.429 Y-95.994
G0 Z3.500
G0 X177.982 Y-98.131
G1 Z0.000 F1200
G1 X176.179 Y-96.030
G0 Z3.500
G0 X175.600 Y-95.463
G1 Z0.000 F1200
G1 X175.400 Y-96.664
G1 X174.600 Y-97.264
G1 X174.000 Y-99.466
G1 X173.200 Y-99.066
G1 X173.000 Y-98.065
G1 X173.600 Y-99.466
G1 X172.800 Y-100.067
G1 X173.600 Y-99.466
G1 X174.800 Y-99.466
G1 X175.400 Y-100.067
G1 X174.800 Y-101.468
G1 X172.800 Y-101.468
G1 X172.000 Y-102.068
G1 X171.000 Y-101.268
G1 X171.800 Y-100.267
G1 X170.800 Y-101.268
G1 X169.800 Y-101.068
G1 X170.200 Y-99.867
G1 X169.800 Y-101.068
G1 X169.000 Y-101.268
G1 X168.600 Y-100.867
G1 X168.800 Y-100.067
G1 X169.800 Y-99.066
G1 X169.000 Y-99.867
G1 X168.600 Y-99.867
G1 X168.400 Y-99.266
G1 X168.800 Y-100.067
G1 X168.800 Y-101.468
G1 X167.600 Y-101.868
G1 X166.200 Y-103.069
G1 X166.000 Y-101.268
G1 X166.600 Y-100.467
G1 X166.000 Y-101.268
G1 X166.000 Y-102.869
G1 X165.000 Y-103.269
G1 X164.800 Y-100.267
G1 X164.800 Y-102.869
G1 X164.600 Y-103.069
G1 X163.400 Y-101.868
G1 X163.400 Y-101.468
G1 X164.800 Y-103.470
G1 X164.400 Y-103.870
G1 X163.600 Y-103.670
G1 X162.600 Y-102.469
G1 X163.600 Y-103.670
G1 X162.200 Y-103.870
G1 X161.400 Y-103.069
G1 X161.000 Y-103.670
G1 X160.600 Y-103.470
G1 X160.600 Y-102.269
G1 X161.000 Y-101.868
G1 X160.600 Y-102.068
G1 X160.400 Y-101.468
G1 X160.200 Y-102.269
G1 X159.200 Y-101.868
G1 X159.200 Y-101.068
G1 X158.400 Y-100.467
G1 X158.600 Y-99.466
G1 X158.000 Y-101.468
G1 X157.200 Y-101.668
G1 X157.600 Y-102.269
G1 X158.400 Y-100.667
G1 X159.200 Y-101.068
G1 X159.800 Y-104.470
G1 X159.200 Y-104.871
G1 X159.200 Y-105.471
G1 X158.600 Y-106.072
G1 X157.200 Y-105.271
G1 X155.600 Y-105.671
G1 X155.400 Y-104.671
G1 X155.600 Y-105.671
G1 X154.400 Y-106.672
G1 X155.800 Y-105.471
G1 X156.600 Y-105.271
G1 X157.600 Y-105.471
G1 X158.400 Y-106.472
G1 X159.200 Y-105.471
G1 X159.200 Y-104.871
G1 X160.400 Y-103.670
G1 X164.800 Y-103.670
G1 X164.800 Y-107.473
G1 X164.800 Y-103.470
G1 X165.400 Y-103.069
G1 X166.600 Y-103.069
G1 X167.600 Y-104.671
G1 X167.400 Y-104.270
G1 X168.800 Y-103.269
G1 X169.000 Y-102.469
G1 X170.000 Y-103.269
G1 X169.000 Y-102.269
G1 X169.400 Y-101.268
G1 X170.000 Y-101.268
G1 X171.400 Y-102.669
G1 X170.800 Y-103.069
G1 X172.400 Y-102.068
G1 X173.000 Y-103.470
G1 X172.400 Y-101.868
G1 X172.800 Y-101.468
G1 X174.600 Y-101.468
G1 X174.600 Y-102.269
G1 X173.600 Y-102.869
G1 X174.400 Y-102.469
G1 X175.000 Y-103.870
G1 X174.600 Y-101.868
G1 X175.400 Y-100.267
G1 X176.800 Y-99.666
G1 X176.800 Y-96.864
G1 X177.400 Y-96.264
G1 X176.800 Y-96.864
G1 X176.400 Y-96.664
G1 X176.400 Y-96.063
G1 X176.200 Y-96.664
G1 X175.600 Y-96.664
G1 X175.400 Y-95.663
G0 Z3.500
G0 X175.867 Y-95.232
G1 Z0.000 F1200
G1 X174.774 Y-97.216
G0 Z3.500
G0 X171.433 Y-98.561
G1 Z0.000 F1200
G1 X170.157 Y-96.785
G0 Z3.500
G0 X168.791 Y-95.208
G1 Z0.000 F1200
G1 X167.487 Y-98.413
G0 Z3.500
G0 X166.815 Y-99.600
G1 Z0.000 F1200
G1 X168.871 Y-103.343
G0 Z3.500
G0 X168.373 Y-102.495
G1 Z0.000 F1200
G1 X169.624 Y-104.345
G0 Z3.500
G0 X170.966 Y-104.303
G1 Z0.000 F1200
G1 X167.355 Y-100.181
G0 Z3.500
G0 X167.733 Y-101.087
G1 Z0.000 F1200
G1 X170.096 Y-102.939
G0 Z3.500
G0 X168.232 Y-102.439
G1 Z0.000 F1200
G1 X167.072 Y-105.385
G0 Z3.500
G0 X168.521 Y-106.823
G1 Z0.000 F1200
G1 X170.049 Y-110.223
G0 Z3.500
G0 X169.990 Y-108.048
G1 Z0.000 F1200
G1 X170.879 Y-106.093
G0 Z3.500
G0 X174.463 Y-106.934
G1 Z0.000 F1200
G1 X177.062 Y-109.276
G0 Z3.500
G0 X178.355 Y-109.551
G1 Z0.000 F1200
G1 X176.847 Y-112.333
G0 Z3.500
G0 X177.643 Y-114.488
G1 Z0.000 F1200
G1 X174.955 Y-109.956
G0 Z3.500
G0 X175.723 Y-108.087
G1 Z0.000 F1200
G1 X175.640 Y-104.671
G0 Z3.500
G0 X176.000 Y-105.071
G1 Z0.000 F1200
G1 X176.000 Y-108.674
G1 X176.400 Y-109.074
G1 X176.400 Y-110.275
G1 X175.800 Y-111.076
G1 X174.800 Y-110.075
G1 X173.600 Y-107.473
G1 X174.800 Y-110.075
G1 X176.600 Y-112.277
G1 X176.200 Y-114.479
G1 X175.400 Y-114.679
G1 X174.000 Y-113.678
G1 X172.000 Y-110.876
G1 X173.200 Y-112.877
G1 X175.000 Y-114.479
G1 X175.800 Y-114.679
G1 X176.000 Y-115.480
G1 X173.800 Y-115.680
G1 X172.600 Y-115.079
G1 X172.000 Y-114.279
G1 X172.000 Y-113.878
G1 X172.400 Y-114.879
G1 X173.600 Y-115.480
G1 X174.600 Y-116.681
G1 X175.600 Y-116.881
G1 X175.800 Y-117.681
G1 X174.200 Y-117.882
G1 X172.200 Y-117.081
G1 X174.000 Y-117.681
G1 X174.000 Y-118.882
G1 X172.400 Y-118.482
G1 X171.200 Y-117.681
G1 X172.400 Y-118.482
G1 X174.200 Y-118.882
G1 X174.600 Y-119.283
G1 X174.600 Y-120.484
G1 X174.000 Y-120.884
G1 X172.600 Y-120.684
G1 X170.400 Y-119.483
G1 X170.000 Y-118.882
G1 X170.400 Y-119.483
G1 X172.600 Y-120.684
G1 X176.200 Y-120.884
G1 X176.800 Y-121.685
G1 X176.600 Y-121.284
G1 X177.200 Y-120.884
G1 X176.400 Y-121.084
G1 X176.000 Y-119.683
G1 X174.200 Y-118.882
G1 X174.400 Y-117.882
G1 X176.800 Y-117.882
G1 X177.000 Y-118.482
G1 X176.800 Y-115.880
G1 X177.000 Y-114.679
G1 X177.400 Y-114.479
G1 X176.400 Y-114.679
G1 X176.200 Y-113.878
G1 X176.600 Y-112.277
G1 X177.600 Y-111.877
G1 X176.400 Y-112.077
G1 X176.000 Y-111.676
G1 X176.400 Y-110.275
G1 X176.400 Y-109.074
G1 X176.000 Y-108.674
G1 X176.000 Y-105.271
G0 Z3.500
G0 X175.310 Y-105.316
G1 Z0.000 F1200
G1 X174.086 Y-103.117
G0 Z3.500
G0 X174.504 Y-103.612
G1 Z0.000 F1200
G1 X172.994 Y-101.597
G0 Z3.500
G0 X175.690 Y-103.622
G1 Z0.000 F1200
G1 X176.542 Y-107.544
G0 Z3.500
G0 X172.600 Y-110.075
G1 Z0.000 F1200
G1 X173.800 Y-111.877
G1 X174.800 Y-112.677
G1 X173.800 Y-111.877
G1 X173.400 Y-110.876
G1 X172.400 Y-109.875
G0 Z3.500
G0 X167.156 Y-110.209
G1 Z0.000 F1200
G1 X167.233 Y-112.473
G0 Z3.500
G0 X170.105 Y-115.333
G1 Z0.000 F1200
G1 X171.821 Y-117.727
G0 Z3.500
G0 X171.913 Y-118.820
G1 Z0.000 F1200
G1 X173.880 Y-122.713
G0 Z3.500
G0 X173.496 Y-122.908
G1 Z0.000 F1200
G1 X171.528 Y-119.015
G0 Z3.500
G0 X173.860 Y-119.595
G1 Z0.000 F1200
G1 X175.178 Y-121.673
G0 Z3.500
G0 X175.516 Y-121.458
G1 Z0.000 F1200
G1 X174.199 Y-119.380
G0 Z3.500
G0 X174.600 Y-119.483
G1 Z0.000 F1200
G1 X175.600 Y-119.283
G1 X176.200 Y-120.684
G1 X174.800 Y-120.684
G1 X174.600 Y-119.683
G0 Z3.500
G0 X174.365 Y-119.874
G1 Z0.000 F1200
G1 X172.614 Y-116.738
G0 Z3.500
G0 X174.000 Y-115.880
G1 Z0.000 F1200
G1 X174.600 Y-116.681
G1 X175.200 Y-116.881
G1 X176.800 Y-116.480
G1 X176.800 Y-116.080
G1 X176.000 Y-115.480
G1 X174.200 Y-115.680
G0 Z3.500
G0 X174.748 Y-116.254
G1 Z0.000 F1200
G1 X176.990 Y-118.804
G0 Z3.500
G0 X177.281 Y-121.343
G1 Z0.000 F1200
G1 X176.096 Y-124.645
G0 Z3.500
G0 X176.137 Y-124.711
G1 Z0.000 F1200
G1 X175.437 Y-128.067
G0 Z3.500
G0 X175.843 Y-128.152
G1 Z0.000 F1200
G1 X176.544 Y-124.796
G0 Z3.500
G0 X176.673 Y-124.801
G1 Z0.000 F1200
G1 X173.044 Y-130.212
G0 Z3.500
G0 X173.102 Y-130.503
G1 Z0.000 F1200
G1 X172.222 Y-133.385
G0 Z3.500
G0 X173.350 Y-132.370
G1 Z0.000 F1200
G1 X174.770 Y-134.836
G0 Z3.500
G0 X175.444 Y-134.848
G1 Z0.000 F1200
G1 X174.798 Y-138.576
G0 Z3.500
G0 X174.703 Y-138.701
G1 Z0.000 F1200
G1 X175.988 Y-136.598
G0 Z3.500
G0 X176.025 Y-137.339
G1 Z0.000 F1200
G1 X176.299 Y-131.884
G0 Z3.500
G0 X176.702 Y-131.905
G1 Z0.000 F1200
G1 X176.429 Y-137.360
G0 Z3.500
G0 X176.160 Y-137.357
G1 Z0.000 F1200
G1 X170.685 Y-138.053
G0 Z3.500
G0 X171.799 Y-136.805
G1 Z0.000 F1200
G1 X179.824 Y-135.061
G0 Z3.500
G0 X177.351 Y-134.383
G1 Z0.000 F1200
G1 X175.032 Y-132.020
G0 Z3.500
G0 X174.757 Y-132.291
G1 Z0.000 F1200
G1 X177.075 Y-134.654
G0 Z3.500
G0 X175.828 Y-134.915
G1 Z0.000 F1200
G1 X175.182 Y-138.642
G0 Z3.500
G0 X174.602 Y-138.344
G1 Z0.000 F1200
G1 X174.613 Y-133.871
G0 Z3.500
G0 X174.198 Y-133.870
G1 Z0.000 F1200
G1 X174.187 Y-138.343
G0 Z3.500
G0 X175.363 Y-137.389
G1 Z0.000 F1200
G1 X173.226 Y-135.652
G0 Z3.500
G0 X175.415 Y-133.088
G1 Z0.000 F1200
G1 X174.817 Y-129.613
G0 Z3.500
G0 X174.100 Y-129.092
G1 Z0.000 F1200
G1 X173.274 Y-125.560
G0 Z3.500
G0 X173.556 Y-126.166
G1 Z0.000 F1200
G1 X176.160 Y-129.717
G0 Z3.500
G0 X176.400 Y-129.691
G1 Z0.000 F1200
G1 X176.600 Y-130.692
G1 X175.800 Y-131.493
G1 X173.600 Y-132.294
G1 X175.800 Y-131.493
G1 X176.600 Y-130.692
G1 X176.400 Y-129.892
G0 Z3.500
G0 X175.820 Y-129.967
G1 Z0.000 F1200
G1 X173.216 Y-126.415
G0 Z3.500
G0 X173.649 Y-126.744
G1 Z0.000 F1200
G1 X172.018 Y-129.912
G0 Z3.500
G0 X170.501 Y-128.153
G1 Z0.000 F1200
G1 X170.051 Y-131.419
G0 Z3.500
G0 X169.886 Y-130.902
G1 Z0.000 F1200
G1 X165.576 Y-130.007
G0 Z3.500
G0 X166.842 Y-128.333
G1 Z0.000 F1200
G1 X171.237 Y-126.609
G0 Z3.500
G0 X171.640 Y-127.525
G1 Z0.000 F1200
G1 X161.213 Y-128.573
G0 Z3.500
G0 X159.621 Y-128.714
G1 Z0.000 F1200
G1 X157.908 Y-125.524
G0 Z3.500
G0 X157.559 Y-125.310
G1 Z0.000 F1200
G1 X156.350 Y-123.336
G0 Z3.500
G0 X157.765 Y-123.440
G1 Z0.000 F1200
G1 X158.637 Y-120.698
G0 Z3.500
G0 X159.052 Y-121.098
G1 Z0.000 F1200
G1 X158.132 Y-123.418
G0 Z3.500
G0 X158.108 Y-123.484
G1 Z0.000 F1200
G1 X156.894 Y-126.934
G0 Z3.500
G0 X157.278 Y-127.070
G1 Z0.000 F1200
G1 X158.492 Y-123.620
G0 Z3.500
G0 X159.590 Y-123.400
G1 Z0.000 F1200
G1 X158.041 Y-126.896
G0 Z3.500
G0 X158.000 Y-126.579
G1 Z0.000 F1200
G1 X157.728 Y-130.131
G0 Z3.500
G0 X154.816 Y-128.911
G1 Z0.000 F1200
G1 X156.194 Y-126.074
G0 Z3.500
G0 X155.830 Y-125.897
G1 Z0.000 F1200
G1 X154.452 Y-128.733
G0 Z3.500
G0 X154.600 Y-128.090
G1 Z0.000 F1200
G1 X153.600 Y-128.691
G1 X154.000 Y-130.092
G1 X155.200 Y-129.892
G1 X155.400 Y-128.090
G1 X154.800 Y-128.090
G0 Z3.500
G0 X156.737 Y-125.758
G1 Z0.000 F1200
G1 X150.559 Y-126.916
G0 Z3.500
G0 X150.800 Y-127.289
G1 Z0.000 F1200
G1 X150.200 Y-128.290
G1 X149.200 Y-128.691
G1 X148.600 Y-130.692
G1 X147.600 Y-130.892
G1 X148.400 Y-131.093
G1 X148.000 Y-134.095
G1 X147.000 Y-134.295
G1 X146.200 Y-133.495
G1 X146.400 Y-133.294
G1 X145.800 Y-133.495
G1 X145.600 Y-133.895
G1 X146.200 Y-134.896
G1 X145.000 Y-135.897
G1 X143.400 Y-135.897
G1 X144.800 Y-135.897
G1 X143.600 Y-137.498
G1 X142.600 Y-137.698
G1 X143.400 Y-137.498
G1 X143.800 Y-138.299
G1 X142.200 Y-139.500
G1 X144.200 Y-137.898
G1 X145.400 Y-137.498
G1 X146.000 Y-136.697
G1 X147.400 Y-136.497
G1 X145.600 Y-136.897
G1 X145.000 Y-136.097
G1 X147.000 Y-134.295
G1 X148.200 Y-134.495
G1 X148.200 Y-136.097
G1 X148.600 Y-135.296
G1 X149.800 Y-135.496
G1 X148.200 Y-135.096
G1 X148.000 Y-133.895
G1 X149.200 Y-133.495
G1 X148.200 Y-133.695
G1 X148.000 Y-133.294
G1 X148.400 Y-132.494
G1 X149.400 Y-132.294
G1 X150.200 Y-131.493
G1 X149.000 Y-132.494
G1 X148.400 Y-132.294
G1 X148.400 Y-130.892
G1 X149.000 Y-129.091
G1 X149.800 Y-128.290
G1 X150.400 Y-128.290
G1 X150.600 Y-128.891
G1 X150.600 Y-127.490
G0 Z3.500
G0 X163.167 Y-132.107
G1 Z0.000 F1200
G1 X164.492 Y-134.807
G0 Z3.500
G0 X165.005 Y-134.107
G1 Z0.000 F1200
G1 X174.850 Y-132.695
G0 Z3.500
G0 X176.086 Y-133.535
G1 Z0.000 F1200
G1 X177.835 Y-131.005
G0 Z3.500
G0 X177.429 Y-128.114
G1 Z0.000 F1200
G1 X175.061 Y-125.177
G0 Z3.500
G0 X175.410 Y-124.895
G1 Z0.000 F1200
G1 X177.778 Y-127.832
G0 Z3.500
G0 X178.090 Y-127.947
G1 Z0.000 F1200
G1 X176.820 Y-126.494
G0 Z3.500
G0 X174.661 Y-127.691
G1 Z0.000 F1200
G1 X164.557 Y-131.884
G0 Z3.500
G0 X165.133 Y-134.116
G1 Z0.000 F1200
G1 X166.811 Y-137.320
G0 Z3.500
G0 X166.200 Y-140.701
G1 Z0.000 F1200
G1 X167.800 Y-140.500
G1 X168.200 Y-141.301
G1 X166.200 Y-141.501
G1 X166.200 Y-140.901
G0 Z3.500
G0 X165.800 Y-141.701
G1 Z0.000 F1200
G1 X168.400 Y-141.501
G1 X168.800 Y-142.902
G1 X166.400 Y-143.103
G1 X165.600 Y-142.102
G1 X165.800 Y-141.902
G0 Z3.500
G0 X164.600 Y-142.302
G1 Z0.000 F1200
G1 X165.600 Y-142.102
G1 X166.200 Y-143.303
G1 X165.600 Y-143.903
G1 X164.600 Y-143.903
G1 X164.000 Y-143.303
G1 X164.400 Y-142.502
G0 Z3.500
G0 X162.600 Y-143.303
G1 Z0.000 F1200
G1 X163.200 Y-143.303
G1 X163.200 Y-144.103
G1 X162.600 Y-145.104
G1 X162.000 Y-144.704
G1 X162.400 Y-143.503
G0 Z3.500
G0 X162.339 Y-143.407
G1 Z0.000 F1200
G1 X158.980 Y-144.786
G0 Z3.500
G0 X160.297 Y-144.663
G1 Z0.000 F1200
G1 X172.260 Y-142.690
G0 Z3.500
G0 X172.088 Y-143.192
G1 Z0.000 F1200
G1 X163.739 Y-145.868
G0 Z3.500
G0 X164.157 Y-145.359
G1 Z0.000 F1200
G1 X169.470 Y-143.910
G0 Z3.500
G0 X169.300 Y-143.475
G1 Z0.000 F1200
G1 X170.875 Y-145.682
G0 Z3.500
G0 X170.218 Y-145.485
G1 Z0.000 F1200
G1 X168.964 Y-143.715
G0 Z3.500
G0 X166.215 Y-145.001
G1 Z0.000 F1200
G1 X175.577 Y-142.558
G0 Z3.500
G0 X176.890 Y-143.322
G1 Z0.000 F1200
G1 X176.960 Y-145.124
G0 Z3.500
G0 X177.019 Y-145.499
G1 Z0.000 F1200
G1 X177.605 Y-144.211
G0 Z3.500
G0 X177.188 Y-140.682
G1 Z0.000 F1200
G1 X176.713 Y-138.216
G0 Z3.500
G0 X177.600 Y-137.698
G1 Z0.000 F1200
G1 X176.400 Y-138.699
G1 X174.600 Y-138.499
G1 X176.400 Y-138.699
G1 X177.800 Y-137.698
G0 Z3.500
G0 X178.158 Y-137.029
G1 Z0.000 F1200
G1 X175.805 Y-140.235
G0 Z3.500
G0 X176.126 Y-140.471
G1 Z0.000 F1200
G1 X178.479 Y-137.265
G0 Z3.500
G0 X176.114 Y-139.818
G1 Z0.000 F1200
G1 X162.684 Y-141.347
G0 Z3.500
G0 X162.600 Y-140.701
G1 Z0.000 F1200
G1 X162.600 Y-142.702
G1 X163.000 Y-143.103
G1 X163.800 Y-143.103
G1 X164.600 Y-142.102
G1 X163.200 Y-140.300
G1 X162.600 Y-140.500
G0 Z3.500
G0 X162.521 Y-140.333
G1 Z0.000 F1200
G1 X164.760 Y-144.921
G0 Z3.500
G0 X162.800 Y-149.708
G1 Z0.000 F1200
G1 X163.600 Y-149.508
G1 X164.400 Y-150.108
G1 X163.800 Y-151.710
G1 X162.800 Y-150.709
G1 X162.800 Y-149.908
G0 Z3.500
G0 X164.000 Y-150.709
G1 Z0.000 F1200
G1 X164.000 Y-151.910
G1 X164.800 Y-152.310
G1 X165.400 Y-151.710
G1 X165.400 Y-151.109
G1 X164.600 Y-150.309
G1 X164.200 Y-150.509
G0 Z3.500
G0 X165.200 Y-151.910
G1 Z0.000 F1200
G1 X165.400 Y-151.710
G1 X166.600 Y-152.711
G1 X165.800 Y-153.311
G1 X164.800 Y-152.310
G1 X165.000 Y-152.110
G0 Z3.500
G0 X165.311 Y-153.179
G1 Z0.000 F1200
G1 X160.368 Y-153.778
G0 Z3.500
G0 X161.128 Y-151.911
G1 Z0.000 F1200
G1 X166.736 Y-150.437
G0 Z3.500
G0 X167.000 Y-150.909
G1 Z0.000 F1200
G1 X167.000 Y-152.110
G1 X168.200 Y-152.310
G1 X169.600 Y-150.909
G1 X167.200 Y-150.909
G0 Z3.500
G0 X167.685 Y-150.722
G1 Z0.000 F1200
G1 X173.977 Y-152.559
G0 Z3.500
G0 X174.106 Y-152.118
G1 Z0.000 F1200
G1 X167.814 Y-150.281
G0 Z3.500
G0 X169.144 Y-150.382
G1 Z0.000 F1200
G1 X179.042 Y-149.350
G0 Z3.500
G0 X178.613 Y-149.011
G1 Z0.000 F1200
G1 X169.575 Y-151.058
G0 Z3.500
G0 X169.477 Y-150.631
G1 Z0.000 F1200
G1 X178.506 Y-148.546
G0 Z3.500
G0 X178.428 Y-149.768
G1 Z0.000 F1200
G1 X171.483 Y-151.001
G0 Z3.500
G0 X170.903 Y-151.209
G1 Z0.000 F1200
G1 X179.850 Y-152.831
G0 Z3.500
G0 X179.770 Y-153.275
G1 Z0.000 F1200
G1 X170.823 Y-151.653
G0 Z3.500
G0 X170.600 Y-151.910
G1 Z0.000 F1200
G1 X173.400 Y-151.910
G1 X174.400 Y-152.310
G1 X174.600 Y-152.911
G1 X173.000 Y-154.912
G1 X172.000 Y-154.912
G1 X170.600 Y-154.312
G1 X170.600 Y-152.110
G0 Z3.500
G0 X170.766 Y-153.749
G1 Z0.000 F1200
G1 X176.316 Y-152.107
G0 Z3.500
G0 X176.448 Y-152.552
G1 Z0.000 F1200
G1 X170.897 Y-154.195
G0 Z3.500
G0 X173.694 Y-156.338
G1 Z0.000 F1200
G1 X168.068 Y-157.676
G0 Z3.500
G0 X167.757 Y-158.924
G1 Z0.000 F1200
G1 X163.716 Y-160.074
G0 Z3.500
G0 X164.511 Y-162.808
G1 Z0.000 F1200
G1 X156.233 Y-163.632
G0 Z3.500
G0 X156.471 Y-157.750
G1 Z0.000 F1200
G1 X165.022 Y-155.135
G0 Z3.500
G0 X164.554 Y-153.485
G1 Z0.000 F1200
G1 X157.616 Y-151.278
G0 Z3.500
G0 X158.837 Y-151.479
G1 Z0.000 F1200
G1 X164.520 Y-153.123
G0 Z3.500
G0 X164.912 Y-153.226
G1 Z0.000 F1200
G1 X177.645 Y-151.400
G0 Z3.500
G0 X177.483 Y-153.639
G1 Z0.000 F1200
G1 X167.395 Y-155.154
G0 Z3.500
G0 X172.400 Y-148.707
G1 Z0.000 F1200
G1 X171.800 Y-148.707
G1 X169.800 Y-150.509
G1 X169.800 Y-150.909
G1 X171.000 Y-151.910
G1 X173.400 Y-151.910
G1 X174.600 Y-152.310
G1 X175.200 Y-151.510
G1 X175.200 Y-150.909
G1 X172.800 Y-148.507
G1 X172.600 Y-148.707
G0 Z3.500
G0 X160.345 Y-149.262
G1 Z0.000 F1200
G1 X156.074 Y-148.372
G0 Z3.500
G0 X159.828 Y-140.205
G1 Z0.000 F1200
G1 X161.242 Y-138.315
G0 Z3.500
G0 X161.622 Y-136.900
G1 Z0.000 F1200
G1 X161.122 Y-140.029
G0 Z3.500
G0 X171.930 Y-124.604
G1 Z0.000 F1200
G1 X172.957 Y-122.450
G0 Z3.500
G0 X166.870 Y-102.982
G1 Z0.000 F1200
G1 X166.521 Y-100.872
G0 Z3.500
G0 X168.200 Y-101.668
G1 Z0.000 F1200
G1 X166.600 Y-102.869
G1 X167.400 Y-104.070
G1 X168.800 Y-103.269
G1 X169.200 Y-101.668
G1 X168.400 Y-101.668
G0 Z3.500
G0 X167.641 Y-102.413
G1 Z0.000 F1200
G1 X169.070 Y-100.362
G0 Z3.500
G0 X169.401 Y-100.593
G1 Z0.000 F1200
G1 X167.972 Y-102.644
G0 Z3.500
G0 X153.038 Y-92.652
G1 Z0.000 F1200
G1 X149.134 Y-90.575
G0 Z3.500
G0 X146.331 Y-81.644
G1 Z0.000 F1200
G1 X142.234 Y-83.740
G1 X139.038 Y-85.047
G0 Z3.500
G0 X130.669 Y-92.901
G1 Z0.000 F1200
G1 X125.868 Y-90.346
G0 Z3.500
G0 X125.747 Y-95.974
G1 Z0.000 F1200
G1 X124.236 Y-98.774
G0 Z3.500
G0 X127.480 Y-104.787
G1 Z0.000 F1200
G1 X126.116 Y-107.629
G0 Z3.500
G0 X133.769 Y-72.262
G1 Z0.000 F1200
G1 X136.865 Y-70.430
G1 X139.366 Y-69.408
G0 Z3.500
G0 X138.268 Y-67.045
G1 Z0.000 F1200
G1 X142.543 Y-64.688
G1 X145.874 Y-63.166
G0 Z3.500
G0 X147.488 Y-61.628
G1 Z0.000 F1200
G1 X143.998 Y-63.232
G1 X141.505 Y-64.679
G0 Z3.500
G0 X143.911 Y-64.578
G1 Z0.000 F1200
G1 X145.917 Y-63.313
G1 X148.821 Y-62.074
G0 Z3.500
G0 X147.788 Y-65.252
G1 Z0.000 F1200
G1 X153.425 Y-62.377
G0 Z3.500
G0 X148.720 Y-56.459
G1 Z0.000 F1200
G1 X141.250 Y-60.269
G0 Z3.500
G0 X141.818 Y-57.027
G1 Z0.000 F1200
G1 X146.320 Y-54.530
G1 X149.839 Y-52.937
G0 Z3.500
G0 X152.821 Y-53.240
G1 Z0.000 F1200
G1 X149.536 Y-54.747
G1 X145.316 Y-57.067
G0 Z3.500
G0 X144.806 Y-52.812
G1 Z0.000 F1200
G1 X137.978 Y-56.294
G0 Z3.500
G0 X138.304 Y-53.533
G1 Z0.000 F1200
G1 X133.393 Y-56.037
G0 Z3.500
G0 X131.786 Y-56.404
G1 Z0.000 F1200
G1 X135.738 Y-54.196
G1 X138.838 Y-52.808
G0 Z3.500
G0 X144.051 Y-51.759
G1 Z0.000 F1200
G1 X151.988 Y-47.712
G0 Z3.500
G0 X137.713 Y-60.179
G1 Z0.000 F1200
G1 X129.410 Y-64.413
G0 Z3.500
G0 X130.752 Y-64.361
G1 Z0.000 F1200
G1 X133.385 Y-63.258
G1 X136.669 Y-61.344
G0 Z3.500
G0 X138.998 Y-66.116
G1 Z0.000 F1200
G1 X136.533 Y-67.138
G1 X133.468 Y-68.936
G0 Z3.500
G0 X134.491 Y-67.351
G1 Z0.000 F1200
G1 X127.605 Y-70.862
G0 Z3.500
G0 X136.000 Y-72.584
G1 Z0.000 F1200
G1 X140.813 Y-70.293
G1 X144.308 Y-68.348
G0 Z3.500
G0 X129.957 Y-60.022
G1 Z0.000 F1200
G1 X125.059 Y-62.520
G0 Z3.500
G0 X70.568 Y-48.789
G1 Z0.000 F1200
G1 X66.487 Y-51.342
G0 Z3.500
G0 X65.252 Y-50.285
G1 Z0.000 F1200
G1 X69.654 Y-47.532
G0 Z3.500
G0 X68.795 Y-48.432
G1 Z0.000 F1200
G1 X64.592 Y-51.061
G0 Z3.500
G0 X61.845 Y-48.569
G1 Z0.000 F1200
G1 X64.701 Y-46.959
G1 X68.325 Y-44.516
G0 Z3.500
G0 X64.261 Y-43.541
G1 Z0.000 F1200
G1 X57.445 Y-47.804
G0 Z3.500
G0 X55.655 Y-50.566
G1 Z0.000 F1200
G1 X50.900 Y-53.540
G0 Z3.500
G0 X52.127 Y-52.533
G1 Z0.000 F1200
G1 X46.494 Y-56.056
G0 Z3.500
G0 X45.796 Y-49.306
G1 Z0.000 F1200
G1 X50.102 Y-46.613
G0 Z3.500
G0 X49.512 Y-46.166
G1 Z0.000 F1200
G1 X56.264 Y-41.944
G0 Z3.500
G0 X55.594 Y-43.581
G1 Z0.000 F1200
G1 X60.118 Y-40.752
G0 Z3.500
G0 X49.207 Y-42.547
G1 Z0.000 F1200
G1 X42.986 Y-46.438
G0 Z3.500
G0 X52.412 Y-63.012
G1 Z0.000 F1200
G1 X54.722 Y-61.807
G1 X56.267 Y-60.602
G0 Z3.500
G0 X66.028 Y-142.064
G1 Z0.000 F1200
G1 X69.547 Y-142.579
G0 Z3.500
G0 X68.400 Y-143.903
G1 Z0.000 F1200
G1 X68.600 Y-143.703
G1 X69.800 Y-145.104
G1 X69.400 Y-145.505
G1 X68.600 Y-145.505
G1 X68.400 Y-144.103
G0 Z3.500
G0 X64.321 Y-149.110
G1 Z0.000 F1200
G1 X72.793 Y-148.919
G0 Z3.500
G0 X81.547 Y-147.265
G1 Z0.000 F1200
G1 X83.499 Y-140.839
G0 Z3.500
G0 X83.507 Y-143.150
G1 Z0.000 F1200
G1 X78.023 Y-164.174
G1 X75.477 Y-177.264
G1 X74.892 Y-182.851
G1 X74.839 Y-187.910
G1 X75.285 Y-191.600
G1 X76.247 Y-194.704
G0 Z3.500
G0 X76.780 Y-194.460
G1 Z0.000 F1200
G1 X75.760 Y-196.251
G1 X74.694 Y-199.261
G1 X74.116 Y-202.613
G1 X73.951 Y-206.254
G1 X74.558 Y-214.197
G1 X77.626 Y-232.685
G1 X78.438 Y-239.568
G1 X78.509 Y-245.954
G1 X77.489 Y-251.605
G0 Z3.500
G0 X77.200 Y-250.992
G1 Z0.000 F1200
G1 X76.400 Y-251.793
G1 X76.400 Y-253.995
G1 X75.800 Y-254.996
G1 X76.600 Y-255.796
G1 X79.400 Y-255.796
G1 X80.000 Y-255.196
G1 X80.000 Y-253.194
G1 X80.800 Y-251.993
G1 X79.000 Y-251.593
G1 X78.000 Y-250.592
G1 X77.400 Y-250.792
G0 Z3.500
G0 X77.407 Y-250.648
G1 Z0.000 F1200
G1 X83.031 Y-243.770
G0 Z3.500
G0 X82.719 Y-243.514
G1 Z0.000 F1200
G1 X77.095 Y-250.393
G0 Z3.500
G0 X76.913 Y-251.088
G1 Z0.000 F1200
G1 X77.883 Y-245.589
G1 X77.772 Y-239.303
G1 X76.927 Y-232.459
G1 X73.785 Y-213.695
G1 X73.139 Y-205.396
G1 X73.282 Y-201.514
G1 X73.835 Y-197.876
G1 X74.874 Y-194.531
G1 X75.872 Y-192.488
G0 Z3.500
G0 X76.531 Y-192.356
G1 Z0.000 F1200
G1 X77.791 Y-188.127
G0 Z3.500
G0 X79.301 Y-188.051
G1 Z0.000 F1200
G1 X76.768 Y-191.821
G0 Z3.500
G0 X76.334 Y-191.553
G1 Z0.000 F1200
G1 X74.240 Y-193.964
G0 Z3.500
G0 X73.400 Y-193.510
G1 Z0.000 F1200
G1 X76.288 Y-196.845
G0 Z3.500
G0 X75.980 Y-197.112
G1 Z0.000 F1200
G1 X73.092 Y-193.776
G0 Z3.500
G0 X72.257 Y-194.121
G1 Z0.000 F1200
G1 X72.660 Y-188.722
G1 X74.198 Y-180.233
G1 X82.638 Y-145.316
G0 Z3.500
G0 X84.140 Y-145.857
G1 Z0.000 F1200
G1 X79.220 Y-163.140
G1 X77.635 Y-170.106
G1 X76.389 Y-177.181
G1 X75.714 Y-183.163
G1 X75.514 Y-188.917
G1 X75.891 Y-194.302
G1 X76.722 Y-198.406
G0 Z3.500
G0 X77.734 Y-197.517
G1 Z0.000 F1200
G1 X78.496 Y-193.181
G0 Z3.500
G0 X77.698 Y-193.222
G1 Z0.000 F1200
G1 X76.830 Y-195.171
G1 X75.966 Y-198.393
G1 X75.566 Y-201.930
G1 X75.560 Y-205.733
G1 X76.439 Y-213.945
G1 X80.036 Y-232.889
G1 X81.085 Y-239.950
G1 X81.442 Y-246.544
G1 X80.776 Y-252.446
G0 Z3.500
G0 X80.863 Y-253.460
G1 Z0.000 F1200
G1 X77.200 Y-259.340
G0 Z3.500
G0 X77.520 Y-259.539
G1 Z0.000 F1200
G1 X81.183 Y-253.660
G0 Z3.500
G0 X80.605 Y-254.227
G1 Z0.000 F1200
G1 X75.350 Y-259.461
G0 Z3.500
G0 X75.616 Y-259.729
G1 Z0.000 F1200
G1 X80.871 Y-254.495
G0 Z3.500
G0 X79.364 Y-253.358
G1 Z0.000 F1200
G1 X74.146 Y-248.839
G0 Z3.500
G0 X74.442 Y-248.497
G1 Z0.000 F1200
G1 X79.660 Y-253.015
G0 Z3.500
G0 X78.592 Y-252.360
G1 Z0.000 F1200
G1 X79.237 Y-246.486
G1 X78.864 Y-239.930
G1 X77.801 Y-232.931
G1 X74.173 Y-214.382
G1 X73.278 Y-206.523
G1 X73.275 Y-202.950
G1 X73.665 Y-199.682
G1 X74.516 Y-196.773
G1 X75.376 Y-195.058
G0 Z3.500
G0 X74.852 Y-195.443
G1 Z0.000 F1200
G1 X74.423 Y-193.327
G1 X74.446 Y-189.802
G1 X75.922 Y-180.194
G1 X78.994 Y-167.291
G1 X84.990 Y-145.389
G0 Z3.500
G0 X85.501 Y-146.481
G1 Z0.000 F1200
G1 X79.731 Y-167.354
G1 X78.044 Y-174.788
G1 X76.783 Y-181.946
G1 X76.158 Y-187.701
G1 X76.058 Y-192.963
G1 X76.582 Y-197.600
G1 X77.566 Y-200.890
G0 Z3.500
G0 X77.998 Y-200.339
G1 Z0.000 F1200
G1 X77.561 Y-196.291
G1 X77.607 Y-191.491
G1 X78.193 Y-185.202
G1 X79.260 Y-178.469
G1 X80.712 Y-171.602
G1 X82.721 Y-163.990
G1 X84.965 Y-157.075
G1 X87.301 Y-151.323
G0 Z3.500
G0 X86.761 Y-152.227
G1 Z0.000 F1200
G1 X87.638 Y-149.340
G0 Z3.500
G0 X87.527 Y-149.875
G1 Z0.000 F1200
G1 X84.611 Y-156.462
G1 X82.232 Y-163.358
G1 X80.261 Y-170.960
G1 X79.027 Y-177.984
G1 X78.390 Y-185.171
G1 X78.420 Y-191.328
G1 X79.070 Y-197.365
G1 X80.425 Y-203.171
G0 Z3.500
G0 X80.754 Y-202.552
G1 Z0.000 F1200
G1 X84.585 Y-198.321
G0 Z3.500
G0 X84.904 Y-198.610
G1 Z0.000 F1200
G1 X81.073 Y-202.841
G0 Z3.500
G0 X82.317 Y-203.030
G1 Z0.000 F1200
G1 X81.286 Y-197.868
G1 X80.800 Y-192.353
G1 X80.841 Y-185.665
G1 X81.447 Y-178.918
G1 X82.523 Y-172.341
G1 X84.205 Y-165.325
G1 X86.233 Y-159.166
G1 X88.466 Y-154.205
G0 Z3.500
G0 X87.811 Y-154.696
G1 Z0.000 F1200
G1 X86.855 Y-155.900
G1 X85.918 Y-157.737
G1 X84.197 Y-162.996
G1 X82.838 Y-169.838
G1 X82.032 Y-177.629
G1 X81.930 Y-184.726
G1 X82.392 Y-190.680
G1 X83.447 Y-196.231
G1 X85.175 Y-201.111
G0 Z3.500
G0 X85.010 Y-201.892
G1 Z0.000 F1200
G1 X83.446 Y-195.623
G1 X82.525 Y-189.440
G1 X82.186 Y-182.450
G1 X82.551 Y-175.829
G1 X83.527 Y-169.715
G1 X85.272 Y-163.524
G1 X87.557 Y-158.379
G1 X90.243 Y-154.482
G0 Z3.500
G0 X90.131 Y-154.445
G1 Z0.000 F1200
G1 X93.246 Y-155.214
G1 X95.823 Y-156.387
G1 X98.405 Y-158.034
G1 X100.926 Y-160.134
G1 X103.321 Y-162.667
G1 X105.524 Y-165.612
G1 X107.470 Y-168.949
G1 X108.722 Y-171.696
G1 X110.062 Y-175.669
G1 X110.784 Y-178.870
G1 X111.381 Y-185.805
G1 X110.665 Y-193.390
G1 X109.746 Y-197.406
G1 X108.416 Y-201.558
G0 Z3.500
G0 X108.639 Y-201.628
G1 Z0.000 F1200
G1 X106.762 Y-199.958
G0 Z3.500
G0 X106.077 Y-200.313
G1 Z0.000 F1200
G1 X108.492 Y-193.348
G1 X109.899 Y-185.924
G1 X109.913 Y-179.457
G1 X108.781 Y-173.880
G1 X106.343 Y-168.408
G1 X103.074 Y-163.950
G1 X98.282 Y-159.538
G1 X92.661 Y-155.855
G0 Z3.500
G0 X91.381 Y-155.950
G1 Z0.000 F1200
G1 X95.610 Y-160.633
G1 X98.990 Y-165.489
G1 X101.074 Y-169.752
G1 X102.316 Y-174.330
G1 X102.456 Y-178.426
G1 X101.518 Y-182.613
G1 X99.293 Y-186.827
G1 X96.302 Y-190.312
G0 Z3.500
G0 X95.755 Y-190.445
G1 Z0.000 F1200
G1 X97.268 Y-192.009
G0 Z3.500
G0 X97.256 Y-192.006
G1 Z0.000 F1200
G1 X99.608 Y-187.951
G0 Z3.500
G0 X99.512 Y-188.238
G1 Z0.000 F1200
G1 X98.612 Y-191.273
G1 X97.703 Y-195.941
G1 X97.168 Y-203.957
G1 X97.691 Y-213.788
G1 X100.107 Y-233.212
G1 X100.694 Y-240.844
G1 X100.493 Y-247.997
G1 X99.842 Y-252.000
G1 X99.137 Y-254.530
G0 Z3.500
G0 X98.781 Y-254.441
G1 Z0.000 F1200
G1 X94.161 Y-250.829
G0 Z3.500
G0 X94.417 Y-250.501
G1 Z0.000 F1200
G1 X99.036 Y-254.113
G0 Z3.500
G0 X98.976 Y-253.272
G1 Z0.000 F1200
G1 X97.793 Y-256.204
G0 Z3.500
G0 X97.400 Y-256.045
G1 Z0.000 F1200
G1 X98.584 Y-253.113
G0 Z3.500
G0 X100.016 Y-253.119
G1 Z0.000 F1200
G1 X97.702 Y-257.030
G0 Z3.500
G0 X97.937 Y-257.607
G1 Z0.000 F1200
G1 X94.069 Y-252.759
G0 Z3.500
G0 X94.455 Y-252.451
G1 Z0.000 F1200
G1 X98.323 Y-257.298
G0 Z3.500
G0 X98.769 Y-257.338
G1 Z0.000 F1200
G1 X95.167 Y-254.432
G0 Z3.500
G0 X95.404 Y-254.138
G1 Z0.000 F1200
G1 X99.006 Y-257.044
G0 Z3.500
G0 X99.143 Y-257.143
G1 Z0.000 F1200
G1 X102.690 Y-251.340
G0 Z3.500
G0 X103.010 Y-251.536
G1 Z0.000 F1200
G1 X99.464 Y-257.340
G0 Z3.500
G0 X99.619 Y-257.036
G1 Z0.000 F1200
G1 X103.189 Y-252.555
G0 Z3.500
G0 X103.507 Y-252.809
G1 Z0.000 F1200
G1 X99.937 Y-257.291
G0 Z3.500
G0 X99.181 Y-256.701
G1 Z0.000 F1200
G1 X104.088 Y-251.789
G0 Z3.500
G0 X103.879 Y-251.442
G1 Z0.000 F1200
G1 X102.058 Y-254.269
G0 Z3.500
G0 X102.485 Y-254.908
G1 Z0.000 F1200
G1 X97.785 Y-251.245
G0 Z3.500
G0 X97.530 Y-251.572
G1 Z0.000 F1200
G1 X102.230 Y-255.236
G0 Z3.500
G0 X102.367 Y-256.706
G1 Z0.000 F1200
G1 X102.615 Y-259.230
G0 Z3.500
G0 X99.702 Y-258.427
G1 Z0.000 F1200
G1 X94.924 Y-252.490
G0 Z3.500
G0 X94.604 Y-252.748
G1 Z0.000 F1200
G1 X99.382 Y-258.685
G0 Z3.500
G0 X98.777 Y-256.500
G1 Z0.000 F1200
G1 X101.510 Y-251.743
G0 Z3.500
G0 X101.123 Y-251.521
G1 Z0.000 F1200
G1 X98.390 Y-256.278
G0 Z3.500
G0 X98.878 Y-256.398
G1 Z0.000 F1200
G1 X103.785 Y-251.486
G0 Z3.500
G0 X103.063 Y-251.540
G1 Z0.000 F1200
G1 X99.333 Y-248.295
G0 Z3.500
G0 X98.547 Y-247.908
G1 Z0.000 F1200
G1 X100.132 Y-242.668
G0 Z3.500
G0 X99.774 Y-241.822
G1 Z0.000 F1200
G1 X94.889 Y-247.274
G0 Z3.500
G0 X94.800 Y-247.189
G1 Z0.000 F1200
G1 X95.000 Y-246.989
G1 X96.000 Y-247.590
G1 X95.800 Y-248.791
G1 X95.200 Y-248.590
G1 X94.800 Y-247.389
G0 Z3.500
G0 X94.773 Y-246.677
G1 Z0.000 F1200
G1 X89.756 Y-241.115
G0 Z3.500
G0 X90.050 Y-240.850
G1 Z0.000 F1200
G1 X95.066 Y-246.412
G0 Z3.500
G0 X95.452 Y-246.070
G1 Z0.000 F1200
G1 X90.407 Y-240.193
G0 Z3.500
G0 X90.244 Y-240.351
G1 Z0.000 F1200
G1 X95.785 Y-244.623
G0 Z3.500
G0 X95.537 Y-244.945
G1 Z0.000 F1200
G1 X89.996 Y-240.673
G0 Z3.500
G0 X90.036 Y-240.570
G1 Z0.000 F1200
G1 X94.974 Y-234.135
G0 Z3.500
G0 X94.642 Y-233.881
G1 Z0.000 F1200
G1 X89.705 Y-240.315
G0 Z3.500
G0 X89.347 Y-240.058
G1 Z0.000 F1200
G1 X84.963 Y-244.848
G0 Z3.500
G0 X84.672 Y-244.581
G1 Z0.000 F1200
G1 X89.056 Y-239.791
G0 Z3.500
G0 X88.602 Y-239.885
G1 Z0.000 F1200
G1 X91.988 Y-234.479
G0 Z3.500
G0 X91.591 Y-234.231
G1 Z0.000 F1200
G1 X88.206 Y-239.636
G0 Z3.500
G0 X88.146 Y-239.412
G1 Z0.000 F1200
G1 X89.332 Y-236.057
G0 Z3.500
G0 X88.893 Y-235.902
G1 Z0.000 F1200
G1 X87.707 Y-239.256
G0 Z3.500
G0 X87.378 Y-239.769
G1 Z0.000 F1200
G1 X90.116 Y-242.230
G0 Z3.500
G0 X89.792 Y-242.590
G1 Z0.000 F1200
G1 X87.055 Y-240.130
G0 Z3.500
G0 X86.600 Y-240.183
G1 Z0.000 F1200
G1 X87.400 Y-239.983
G1 X89.000 Y-241.585
G1 X90.000 Y-244.987
G1 X92.200 Y-245.388
G1 X92.800 Y-246.188
G1 X94.400 Y-246.789
G1 X95.400 Y-248.791
G1 X96.400 Y-248.991
G1 X96.000 Y-248.791
G1 X96.200 Y-247.389
G1 X98.600 Y-247.590
G1 X99.200 Y-248.190
G1 X99.800 Y-248.190
G1 X100.800 Y-247.389
G1 X101.600 Y-245.988
G1 X102.000 Y-246.188
G1 X102.000 Y-247.189
G1 X102.200 Y-245.988
G1 X102.800 Y-246.589
G1 X102.200 Y-248.791
G1 X102.000 Y-250.792
G1 X100.800 Y-253.595
G1 X100.000 Y-253.995
G1 X97.000 Y-253.995
G1 X96.800 Y-252.193
G1 X96.200 Y-250.992
G1 X96.800 Y-252.193
G1 X96.800 Y-253.795
G1 X96.400 Y-254.195
G1 X95.600 Y-253.995
G1 X95.600 Y-251.993
G1 X95.000 Y-251.393
G1 X94.800 Y-253.995
G1 X93.400 Y-252.394
G1 X92.400 Y-252.193
G1 X93.400 Y-250.792
G1 X94.200 Y-251.193
G1 X92.200 Y-249.791
G1 X93.400 Y-250.792
G1 X92.400 Y-251.993
G1 X91.400 Y-251.793
G1 X90.800 Y-250.992
G1 X91.800 Y-250.392
G1 X90.200 Y-248.791
G1 X88.200 Y-248.791
G1 X87.800 Y-248.390
G1 X88.200 Y-247.189
G1 X87.800 Y-247.990
G1 X86.800 Y-246.989
G1 X87.600 Y-246.789
G1 X87.800 Y-245.988
G1 X87.600 Y-246.789
G1 X86.200 Y-246.789
G1 X86.000 Y-246.389
G1 X86.400 Y-246.188
G1 X86.000 Y-245.988
G1 X85.800 Y-245.188
G1 X85.000 Y-244.787
G1 X85.600 Y-244.187
G1 X85.000 Y-244.787
G1 X83.800 Y-244.587
G1 X83.800 Y-243.987
G1 X85.200 Y-241.585
G1 X86.400 Y-240.384
G0 Z3.500
G0 X86.283 Y-240.044
G1 Z0.000 F1200
G1 X83.853 Y-243.457
G0 Z3.500
G0 X83.609 Y-243.225
G1 Z0.000 F1200
G1 X89.715 Y-236.943
G0 Z3.500
G0 X90.079 Y-236.993
G1 Z0.000 F1200
G1 X88.163 Y-240.105
G0 Z3.500
G0 X88.250 Y-240.101
G1 Z0.000 F1200
G1 X85.251 Y-245.778
G0 Z3.500
G0 X85.951 Y-245.142
G1 Z0.000 F1200
G1 X83.078 Y-242.121
G0 Z3.500
G0 X83.334 Y-242.957
G1 Z0.000 F1200
G1 X89.440 Y-236.675
G0 Z3.500
G0 X88.609 Y-236.390
G1 Z0.000 F1200
G1 X83.316 Y-231.602
G0 Z3.500
G0 X82.821 Y-231.791
G1 Z0.000 F1200
G1 X88.110 Y-235.679
G0 Z3.500
G0 X87.941 Y-236.022
G1 Z0.000 F1200
G1 X83.880 Y-232.301
G0 Z3.500
G0 X84.152 Y-232.273
G1 Z0.000 F1200
G1 X79.533 Y-228.022
G0 Z3.500
G0 X79.799 Y-227.733
G1 Z0.000 F1200
G1 X84.418 Y-231.983
G0 Z3.500
G0 X84.199 Y-232.369
G1 Z0.000 F1200
G1 X89.950 Y-238.997
G0 Z3.500
G0 X89.680 Y-239.051
G1 Z0.000 F1200
G1 X92.592 Y-234.023
G0 Z3.500
G0 X92.240 Y-233.819
G1 Z0.000 F1200
G1 X89.328 Y-238.847
G0 Z3.500
G0 X89.631 Y-239.274
G1 Z0.000 F1200
G1 X83.880 Y-232.646
G0 Z3.500
G0 X83.604 Y-232.603
G1 Z0.000 F1200
G1 X87.665 Y-236.324
G0 Z3.500
G0 X87.829 Y-236.063
G1 Z0.000 F1200
G1 X82.539 Y-232.175
G0 Z3.500
G0 X83.908 Y-233.511
G1 Z0.000 F1200
G1 X86.645 Y-230.235
G0 Z3.500
G0 X86.958 Y-230.497
G1 Z0.000 F1200
G1 X84.221 Y-233.773
G0 Z3.500
G0 X84.463 Y-234.079
G1 Z0.000 F1200
G1 X89.447 Y-237.796
G0 Z3.500
G0 X89.181 Y-238.154
G1 Z0.000 F1200
G1 X84.197 Y-234.437
G0 Z3.500
G0 X83.445 Y-234.085
G1 Z0.000 F1200
G1 X76.825 Y-229.614
G0 Z3.500
G0 X77.080 Y-229.235
G1 Z0.000 F1200
G1 X83.700 Y-233.706
G0 Z3.500
G0 X83.433 Y-234.894
G1 Z0.000 F1200
G1 X78.011 Y-229.285
G0 Z3.500
G0 X77.718 Y-229.569
G1 Z0.000 F1200
G1 X83.140 Y-235.177
G0 Z3.500
G0 X82.898 Y-236.012
G1 Z0.000 F1200
G1 X86.252 Y-239.764
G0 Z3.500
G0 X85.905 Y-240.074
G1 Z0.000 F1200
G1 X82.552 Y-236.323
G0 Z3.500
G0 X82.800 Y-236.580
G1 Z0.000 F1200
G1 X81.600 Y-237.982
G1 X81.200 Y-239.783
G1 X82.000 Y-240.183
G1 X82.600 Y-239.983
G1 X82.600 Y-239.583
G1 X84.600 Y-237.581
G1 X84.000 Y-236.580
G1 X83.400 Y-236.180
G1 X83.000 Y-236.380
G0 Z3.500
G0 X84.200 Y-237.982
G1 Z0.000 F1200
G1 X85.000 Y-237.781
G1 X85.200 Y-238.182
G1 X82.600 Y-240.984
G1 X82.200 Y-240.384
G1 X84.000 Y-238.182
G0 Z3.500
G0 X83.489 Y-238.858
G1 Z0.000 F1200
G1 X85.902 Y-235.119
G0 Z3.500
G0 X86.461 Y-234.958
G1 Z0.000 F1200
G1 X80.197 Y-229.552
G0 Z3.500
G0 X80.867 Y-229.053
G1 Z0.000 F1200
G1 X83.840 Y-224.546
G0 Z3.500
G0 X83.490 Y-224.386
G1 Z0.000 F1200
G1 X87.651 Y-217.885
G0 Z3.500
G0 X87.809 Y-217.744
G1 Z0.000 F1200
G1 X93.906 Y-223.170
G0 Z3.500
G0 X94.252 Y-223.085
G1 Z0.000 F1200
G1 X91.229 Y-220.025
G0 Z3.500
G0 X91.569 Y-219.688
G1 Z0.000 F1200
G1 X94.592 Y-222.749
G0 Z3.500
G0 X94.173 Y-222.870
G1 Z0.000 F1200
G1 X88.076 Y-217.444
G0 Z3.500
G0 X88.083 Y-217.915
G1 Z0.000 F1200
G1 X91.042 Y-210.987
G0 Z3.500
G0 X91.033 Y-211.283
G1 Z0.000 F1200
G1 X96.528 Y-205.651
G0 Z3.500
G0 X95.740 Y-205.585
G1 Z0.000 F1200
G1 X99.170 Y-201.360
G0 Z3.500
G0 X99.386 Y-201.152
G1 Z0.000 F1200
G1 X96.711 Y-198.156
G0 Z3.500
G0 X96.845 Y-197.899
G1 Z0.000 F1200
G1 X97.919 Y-194.397
G0 Z3.500
G0 X98.494 Y-194.849
G1 Z0.000 F1200
G1 X96.190 Y-198.503
G0 Z3.500
G0 X96.145 Y-198.702
G1 Z0.000 F1200
G1 X94.233 Y-203.844
G0 Z3.500
G0 X94.008 Y-204.091
G1 Z0.000 F1200
G1 X96.775 Y-197.618
G0 Z3.500
G0 X96.044 Y-197.700
G1 Z0.000 F1200
G1 X91.660 Y-192.753
G0 Z3.500
G0 X91.721 Y-192.495
G1 Z0.000 F1200
G1 X93.370 Y-188.911
G0 Z3.500
G0 X93.400 Y-188.340
G1 Z0.000 F1200
G1 X94.200 Y-189.942
G1 X94.800 Y-190.342
G1 X95.000 Y-189.341
G1 X94.200 Y-187.940
G1 X93.400 Y-188.140
G0 Z3.500
G0 X94.258 Y-187.560
G1 Z0.000 F1200
G1 X93.059 Y-190.231
G1 X91.750 Y-194.417
G1 X90.960 Y-198.785
G1 X90.607 Y-203.297
G1 X90.891 Y-212.603
G1 X93.331 Y-232.804
G1 X93.861 Y-240.086
G1 X93.592 Y-246.832
G1 X92.892 Y-250.549
G1 X92.151 Y-252.867
G0 Z3.500
G0 X92.005 Y-252.457
G1 Z0.000 F1200
G1 X91.130 Y-259.314
G0 Z3.500
G0 X91.099 Y-259.285
G1 Z0.000 F1200
G1 X94.775 Y-255.609
G0 Z3.500
G0 X94.950 Y-255.062
G1 Z0.000 F1200
G1 X99.119 Y-249.321
G0 Z3.500
G0 X99.420 Y-249.540
G1 Z0.000 F1200
G1 X95.251 Y-255.281
G0 Z3.500
G0 X94.269 Y-256.489
G1 Z0.000 F1200
G1 X97.175 Y-251.459
G0 Z3.500
G0 X96.807 Y-251.246
G1 Z0.000 F1200
G1 X93.901 Y-256.276
G0 Z3.500
G0 X93.130 Y-256.389
G1 Z0.000 F1200
G1 X90.492 Y-254.304
G0 Z3.500
G0 X90.209 Y-254.663
G1 Z0.000 F1200
G1 X92.847 Y-256.748
G0 Z3.500
G0 X92.711 Y-256.234
G1 Z0.000 F1200
G1 X88.748 Y-253.247
G0 Z3.500
G0 X88.977 Y-252.942
G1 Z0.000 F1200
G1 X92.941 Y-255.928
G0 Z3.500
G0 X93.184 Y-255.963
G1 Z0.000 F1200
G1 X91.008 Y-258.862
G0 Z3.500
G0 X90.644 Y-259.252
G1 Z0.000 F1200
G1 X91.519 Y-252.395
G0 Z3.500
G0 X91.078 Y-252.314
G1 Z0.000 F1200
G1 X91.502 Y-249.110
G0 Z3.500
G0 X91.391 Y-249.435
G1 Z0.000 F1200
G1 X94.047 Y-243.056
G0 Z3.500
G0 X94.413 Y-243.330
G1 Z0.000 F1200
G1 X97.028 Y-238.811
G0 Z3.500
G0 X97.208 Y-238.184
G1 Z0.000 F1200
G1 X102.026 Y-232.708
G0 Z3.500
G0 X101.700 Y-232.421
G1 Z0.000 F1200
G1 X96.882 Y-237.897
G0 Z3.500
G0 X96.401 Y-237.569
G1 Z0.000 F1200
G1 X100.859 Y-232.982
G0 Z3.500
G0 X100.588 Y-232.717
G1 Z0.000 F1200
G1 X96.129 Y-237.304
G0 Z3.500
G0 X95.880 Y-238.284
G1 Z0.000 F1200
G1 X97.241 Y-235.050
G0 Z3.500
G0 X96.815 Y-234.870
G1 Z0.000 F1200
G1 X95.455 Y-238.104
G0 Z3.500
G0 X94.047 Y-237.478
G1 Z0.000 F1200
G1 X95.629 Y-231.852
G0 Z3.500
G0 X95.881 Y-231.514
G1 Z0.000 F1200
G1 X91.981 Y-236.038
G0 Z3.500
G0 X92.209 Y-235.952
G1 Z0.000 F1200
G1 X97.272 Y-231.015
G0 Z3.500
G0 X97.540 Y-231.291
G1 Z0.000 F1200
G1 X92.478 Y-236.228
G0 Z3.500
G0 X91.884 Y-236.503
G1 Z0.000 F1200
G1 X96.559 Y-240.158
G0 Z3.500
G0 X96.322 Y-240.461
G1 Z0.000 F1200
G1 X91.648 Y-236.806
G0 Z3.500
G0 X91.610 Y-236.898
G1 Z0.000 F1200
G1 X95.022 Y-233.551
G0 Z3.500
G0 X95.302 Y-233.837
G1 Z0.000 F1200
G1 X91.889 Y-237.184
G0 Z3.500
G0 X92.142 Y-237.768
G1 Z0.000 F1200
G1 X90.193 Y-241.386
G0 Z3.500
G0 X89.000 Y-241.585
G1 Z0.000 F1200
G1 X89.800 Y-241.384
G1 X92.600 Y-242.385
G1 X93.000 Y-242.786
G1 X92.600 Y-243.586
G1 X92.600 Y-244.987
G1 X92.200 Y-245.388
G1 X90.000 Y-244.987
G1 X89.000 Y-241.785
G0 Z3.500
G0 X88.563 Y-240.352
G1 Z0.000 F1200
G1 X90.479 Y-237.240
G0 Z3.500
G0 X90.819 Y-236.993
G1 Z0.000 F1200
G1 X93.468 Y-232.723
G0 Z3.500
G0 X93.797 Y-232.927
G1 Z0.000 F1200
G1 X91.148 Y-237.197
G0 Z3.500
G0 X90.654 Y-237.660
G1 Z0.000 F1200
G1 X86.956 Y-233.506
G0 Z3.500
G0 X86.675 Y-233.756
G1 Z0.000 F1200
G1 X90.374 Y-237.910
G0 Z3.500
G0 X90.732 Y-239.914
G1 Z0.000 F1200
G1 X95.777 Y-245.791
G0 Z3.500
G0 X96.000 Y-245.988
G1 Z0.000 F1200
G1 X97.200 Y-245.788
G1 X97.200 Y-246.789
G1 X96.600 Y-247.389
G1 X95.600 Y-247.389
G1 X95.000 Y-246.989
G1 X95.800 Y-246.188
G0 Z3.500
G0 X95.669 Y-245.153
G1 Z0.000 F1200
G1 X96.873 Y-241.606
G0 Z3.500
G0 X96.463 Y-241.467
G1 Z0.000 F1200
G1 X95.259 Y-245.013
G0 Z3.500
G0 X96.293 Y-245.236
G1 Z0.000 F1200
G1 X93.813 Y-242.411
G0 Z3.500
G0 X94.143 Y-242.121
G1 Z0.000 F1200
G1 X96.622 Y-244.946
G0 Z3.500
G0 X96.721 Y-244.401
G1 Z0.000 F1200
G1 X93.075 Y-250.205
G0 Z3.500
G0 X93.617 Y-250.036
G1 Z0.000 F1200
G1 X97.376 Y-245.074
G0 Z3.500
G0 X98.200 Y-244.387
G1 Z0.000 F1200
G1 X96.800 Y-247.189
G1 X97.000 Y-247.590
G1 X98.600 Y-247.590
G1 X98.600 Y-245.988
G1 X98.800 Y-246.789
G1 X99.200 Y-246.989
G1 X99.600 Y-245.988
G1 X100.800 Y-244.787
G1 X100.000 Y-243.987
G1 X98.400 Y-244.187
G0 Z3.500
G0 X99.113 Y-244.363
G1 Z0.000 F1200
G1 X101.711 Y-240.198
G0 Z3.500
G0 X100.473 Y-239.928
G1 Z0.000 F1200
G1 X99.289 Y-243.776
G0 Z3.500
G0 X97.800 Y-243.586
G1 Z0.000 F1200
G1 X98.400 Y-243.386
G1 X98.600 Y-243.987
G1 X97.600 Y-245.588
G1 X96.800 Y-245.788
G1 X96.400 Y-244.787
G1 X97.600 Y-243.786
G0 Z3.500
G0 X96.816 Y-242.153
G1 Z0.000 F1200
G1 X94.420 Y-240.256
G0 Z3.500
G0 X94.632 Y-239.910
G1 Z0.000 F1200
G1 X90.610 Y-245.214
G0 Z3.500
G0 X90.296 Y-244.976
G1 Z0.000 F1200
G1 X94.318 Y-239.672
G0 Z3.500
G0 X95.067 Y-239.789
G1 Z0.000 F1200
G1 X96.025 Y-234.657
G0 Z3.500
G0 X96.495 Y-234.745
G1 Z0.000 F1200
G1 X95.537 Y-239.877
G0 Z3.500
G0 X95.141 Y-240.721
G1 Z0.000 F1200
G1 X98.748 Y-235.865
G0 Z3.500
G0 X98.428 Y-235.626
G1 Z0.000 F1200
G1 X94.820 Y-240.483
G0 Z3.500
G0 X94.600 Y-241.184
G1 Z0.000 F1200
G1 X95.600 Y-240.984
G1 X96.600 Y-242.585
G1 X95.400 Y-242.786
G1 X95.000 Y-243.186
G1 X93.600 Y-243.186
G1 X93.400 Y-242.786
G1 X94.400 Y-241.785
G1 X94.400 Y-241.384
G0 Z3.500
G0 X94.072 Y-241.143
G1 Z0.000 F1200
G1 X96.016 Y-233.870
G0 Z3.500
G0 X95.575 Y-233.752
G1 Z0.000 F1200
G1 X93.631 Y-241.025
G0 Z3.500
G0 X93.862 Y-240.862
G1 Z0.000 F1200
G1 X89.216 Y-245.744
G0 Z3.500
G0 X88.882 Y-245.425
G1 Z0.000 F1200
G1 X93.527 Y-240.544
G0 Z3.500
G0 X93.212 Y-240.236
G1 Z0.000 F1200
G1 X93.714 Y-238.176
G0 Z3.500
G0 X93.597 Y-237.351
G1 Z0.000 F1200
G1 X95.179 Y-231.725
G0 Z3.500
G0 X95.542 Y-231.221
G1 Z0.000 F1200
G1 X91.642 Y-235.745
G0 Z3.500
G0 X91.217 Y-234.796
G1 Z0.000 F1200
G1 X85.695 Y-240.489
G0 Z3.500
G0 X85.677 Y-240.776
G1 Z0.000 F1200
G1 X79.554 Y-233.818
G0 Z3.500
G0 X79.868 Y-233.542
G1 Z0.000 F1200
G1 X85.990 Y-240.500
G0 Z3.500
G0 X85.877 Y-240.880
G1 Z0.000 F1200
G1 X88.899 Y-233.700
G0 Z3.500
G0 X89.316 Y-233.876
G1 Z0.000 F1200
G1 X86.294 Y-241.056
G0 Z3.500
G0 X85.396 Y-240.198
G1 Z0.000 F1200
G1 X90.918 Y-234.506
G0 Z3.500
G0 X90.153 Y-235.611
G1 Z0.000 F1200
G1 X91.284 Y-229.775
G0 Z3.500
G0 X90.802 Y-229.681
G1 Z0.000 F1200
G1 X89.671 Y-235.517
G0 Z3.500
G0 X89.204 Y-235.091
G1 Z0.000 F1200
G1 X94.047 Y-229.262
G0 Z3.500
G0 X93.758 Y-229.022
G1 Z0.000 F1200
G1 X88.915 Y-234.851
G0 Z3.500
G0 X87.789 Y-234.115
G1 Z0.000 F1200
G1 X91.352 Y-228.060
G0 Z3.500
G0 X92.131 Y-227.921
G1 Z0.000 F1200
G1 X88.962 Y-224.511
G0 Z3.500
G0 X88.753 Y-224.718
G1 Z0.000 F1200
G1 X82.605 Y-219.277
G0 Z3.500
G0 X82.048 Y-219.446
G1 Z0.000 F1200
G1 X86.951 Y-223.687
G0 Z3.500
G0 X86.681 Y-223.999
G1 Z0.000 F1200
G1 X81.779 Y-219.758
G0 Z3.500
G0 X82.086 Y-219.748
G1 Z0.000 F1200
G1 X83.596 Y-211.663
G0 Z3.500
G0 X84.231 Y-210.872
G1 Z0.000 F1200
G1 X88.338 Y-206.689
G0 Z3.500
G0 X88.628 Y-206.974
G1 Z0.000 F1200
G1 X84.521 Y-211.157
G0 Z3.500
G0 X83.771 Y-210.217
G1 Z0.000 F1200
G1 X85.406 Y-205.979
G0 Z3.500
G0 X84.976 Y-205.813
G1 Z0.000 F1200
G1 X83.341 Y-210.051
G0 Z3.500
G0 X82.066 Y-207.585
G1 Z0.000 F1200
G1 X85.635 Y-203.072
G0 Z3.500
G0 X85.291 Y-202.800
G1 Z0.000 F1200
G1 X81.722 Y-207.313
G0 Z3.500
G0 X82.686 Y-205.829
G1 Z0.000 F1200
G1 X79.755 Y-213.079
G0 Z3.500
G0 X79.671 Y-212.776
G1 Z0.000 F1200
G1 X72.383 Y-206.962
G0 Z3.500
G0 X72.144 Y-207.262
G1 Z0.000 F1200
G1 X79.432 Y-213.075
G0 Z3.500
G0 X75.308 Y-211.891
G1 Z0.000 F1200
G1 X72.864 Y-218.892
G0 Z3.500
G0 X73.225 Y-217.304
G1 Z0.000 F1200
G1 X69.654 Y-213.374
G0 Z3.500
G0 X69.236 Y-213.975
G1 Z0.000 F1200
G1 X67.776 Y-221.555
G0 Z3.500
G0 X67.858 Y-221.431
G1 Z0.000 F1200
G1 X70.529 Y-214.433
G0 Z3.500
G0 X68.814 Y-213.894
G1 Z0.000 F1200
G1 X67.354 Y-221.474
G0 Z3.500
G0 X68.167 Y-220.618
G1 Z0.000 F1200
G1 X72.569 Y-226.057
G0 Z3.500
G0 X72.234 Y-226.881
G1 Z0.000 F1200
G1 X67.860 Y-222.555
G0 Z3.500
G0 X67.585 Y-222.834
G1 Z0.000 F1200
G1 X71.958 Y-227.160
G0 Z3.500
G0 X71.424 Y-227.069
G1 Z0.000 F1200
G1 X67.705 Y-223.761
G0 Z3.500
G0 X67.247 Y-223.592
G1 Z0.000 F1200
G1 X61.074 Y-218.359
G0 Z3.500
G0 X61.269 Y-218.404
G1 Z0.000 F1200
G1 X59.710 Y-224.596
G0 Z3.500
G0 X60.157 Y-224.709
G1 Z0.000 F1200
G1 X61.716 Y-218.517
G0 Z3.500
G0 X61.473 Y-218.574
G1 Z0.000 F1200
G1 X57.267 Y-214.410
G0 Z3.500
G0 X57.349 Y-214.675
G1 Z0.000 F1200
G1 X60.695 Y-209.224
G0 Z3.500
G0 X61.040 Y-209.436
G1 Z0.000 F1200
G1 X57.694 Y-214.887
G0 Z3.500
G0 X57.838 Y-214.830
G1 Z0.000 F1200
G1 X63.103 Y-220.941
G0 Z3.500
G0 X62.791 Y-221.210
G1 Z0.000 F1200
G1 X57.527 Y-215.098
G0 Z3.500
G0 X57.592 Y-214.080
G1 Z0.000 F1200
G1 X61.799 Y-218.245
G0 Z3.500
G0 X60.829 Y-218.649
G1 Z0.000 F1200
G1 X67.002 Y-223.881
G0 Z3.500
G0 X67.187 Y-223.574
G1 Z0.000 F1200
G1 X62.684 Y-220.509
G0 Z3.500
G0 X62.952 Y-220.115
G1 Z0.000 F1200
G1 X67.455 Y-223.180
G0 Z3.500
G0 X67.259 Y-222.888
G1 Z0.000 F1200
G1 X62.903 Y-218.951
G0 Z3.500
G0 X62.602 Y-219.284
G1 Z0.000 F1200
G1 X66.958 Y-223.221
G0 Z3.500
G0 X66.954 Y-223.042
G1 Z0.000 F1200
G1 X62.074 Y-216.886
G0 Z3.500
G0 X61.758 Y-217.137
G1 Z0.000 F1200
G1 X66.638 Y-223.293
G0 Z3.500
G0 X64.447 Y-224.511
G1 Z0.000 F1200
G1 X59.854 Y-219.641
G0 Z3.500
G0 X59.600 Y-219.566
G1 Z0.000 F1200
G1 X59.400 Y-221.368
G1 X59.800 Y-221.768
G1 X61.000 Y-221.768
G1 X63.000 Y-223.770
G1 X63.400 Y-223.770
G1 X65.200 Y-221.968
G1 X62.600 Y-219.166
G1 X59.600 Y-219.366
G0 Z3.500
G0 X59.557 Y-219.921
G1 Z0.000 F1200
G1 X64.150 Y-224.792
G0 Z3.500
G0 X63.037 Y-224.154
G1 Z0.000 F1200
G1 X63.941 Y-218.903
G0 Z3.500
G0 X63.474 Y-218.823
G1 Z0.000 F1200
G1 X62.570 Y-224.074
G0 Z3.500
G0 X62.313 Y-224.705
G1 Z0.000 F1200
G1 X63.903 Y-219.671
G0 Z3.500
G0 X63.464 Y-219.532
G1 Z0.000 F1200
G1 X61.874 Y-224.566
G0 Z3.500
G0 X62.256 Y-223.230
G1 Z0.000 F1200
G1 X55.560 Y-218.460
G0 Z3.500
G0 X55.847 Y-218.057
G1 Z0.000 F1200
G1 X62.543 Y-222.827
G0 Z3.500
G0 X59.683 Y-223.305
G1 Z0.000 F1200
G1 X63.577 Y-227.163
G0 Z3.500
G0 X63.298 Y-227.445
G1 Z0.000 F1200
G1 X59.404 Y-223.587
G0 Z3.500
G0 X57.933 Y-218.925
G1 Z0.000 F1200
G1 X54.473 Y-214.963
G0 Z3.500
G0 X54.345 Y-216.592
G1 Z0.000 F1200
G1 X49.958 Y-211.498
G0 Z3.500
G0 X49.668 Y-211.796
G1 Z0.000 F1200
G1 X46.878 Y-208.825
G0 Z3.500
G0 X48.498 Y-208.877
G1 Z0.000 F1200
G1 X51.721 Y-204.030
G0 Z3.500
G0 X51.001 Y-205.186
G1 Z0.000 F1200
G1 X53.171 Y-202.535
G0 Z3.500
G0 X53.200 Y-202.152
G1 Z0.000 F1200
G1 X53.000 Y-202.952
G1 X52.400 Y-203.353
G1 X52.600 Y-204.354
G1 X53.800 Y-203.953
G1 X54.200 Y-203.353
G1 X54.000 Y-202.152
G1 X53.400 Y-202.152
G0 Z3.500
G0 X52.432 Y-205.768
G1 Z0.000 F1200
G1 X47.280 Y-210.925
G0 Z3.500
G0 X47.566 Y-211.211
G1 Z0.000 F1200
G1 X52.719 Y-206.054
G0 Z3.500
G0 X52.438 Y-206.180
G1 Z0.000 F1200
G1 X49.753 Y-203.565
G0 Z3.500
G0 X51.366 Y-205.604
G1 Z0.000 F1200
G1 X49.564 Y-212.203
G0 Z3.500
G0 X49.723 Y-212.385
G1 Z0.000 F1200
G1 X52.439 Y-206.350
G0 Z3.500
G0 X52.833 Y-206.528
G1 Z0.000 F1200
G1 X50.118 Y-212.563
G0 Z3.500
G0 X49.984 Y-212.318
G1 Z0.000 F1200
G1 X51.786 Y-205.719
G0 Z3.500
G0 X51.600 Y-205.555
G1 Z0.000 F1200
G1 X52.200 Y-205.354
G1 X53.400 Y-206.756
G1 X51.600 Y-207.556
G1 X51.000 Y-206.956
G1 X51.000 Y-206.155
G1 X51.400 Y-205.755
G0 Z3.500
G0 X53.114 Y-208.633
G1 Z0.000 F1200
G1 X60.370 Y-214.769
G0 Z3.500
G0 X60.153 Y-214.188
G1 Z0.000 F1200
G1 X63.593 Y-210.757
G0 Z3.500
G0 X64.734 Y-210.533
G1 Z0.000 F1200
G1 X66.201 Y-208.410
G0 Z3.500
G0 X65.602 Y-210.165
G1 Z0.000 F1200
G1 X58.910 Y-205.055
G0 Z3.500
G0 X58.661 Y-205.382
G1 Z0.000 F1200
G1 X65.353 Y-210.492
G0 Z3.500
G0 X64.124 Y-213.548
G1 Z0.000 F1200
G1 X61.143 Y-210.169
G0 Z3.500
G0 X60.415 Y-212.334
G1 Z0.000 F1200
G1 X58.730 Y-218.529
G0 Z3.500
G0 X58.400 Y-218.165
G1 Z0.000 F1200
G1 X59.200 Y-218.165
G1 X59.800 Y-219.166
G1 X59.400 Y-219.766
G1 X59.400 Y-221.168
G1 X59.000 Y-221.568
G1 X57.000 Y-220.367
G1 X57.400 Y-218.766
G1 X58.200 Y-218.165
G0 Z3.500
G0 X57.295 Y-217.359
G1 Z0.000 F1200
G1 X50.853 Y-211.827
G0 Z3.500
G0 X50.597 Y-212.126
G1 Z0.000 F1200
G1 X57.038 Y-217.658
G0 Z3.500
G0 X54.468 Y-217.779
G1 Z0.000 F1200
G1 X50.968 Y-213.924
G0 Z3.500
G0 X50.642 Y-214.221
G1 Z0.000 F1200
G1 X54.141 Y-218.076
G0 Z3.500
G0 X54.020 Y-216.872
G1 Z0.000 F1200
G1 X49.632 Y-211.779
G0 Z3.500
G0 X50.728 Y-212.323
G1 Z0.000 F1200
G1 X52.397 Y-209.574
G0 Z3.500
G0 X52.795 Y-209.816
G1 Z0.000 F1200
G1 X51.126 Y-212.565
G0 Z3.500
G0 X51.111 Y-212.666
G1 Z0.000 F1200
G1 X48.190 Y-215.752
G0 Z3.500
G0 X47.912 Y-215.488
G1 Z0.000 F1200
G1 X50.833 Y-212.402
G0 Z3.500
G0 X51.982 Y-211.319
G1 Z0.000 F1200
G1 X53.678 Y-209.173
G0 Z3.500
G0 X55.096 Y-209.243
G1 Z0.000 F1200
G1 X58.187 Y-205.234
G0 Z3.500
G0 X58.000 Y-205.555
G1 Z0.000 F1200
G1 X59.200 Y-205.354
G1 X60.200 Y-206.355
G1 X58.800 Y-207.957
G1 X58.200 Y-208.157
G1 X57.200 Y-207.556
G1 X57.200 Y-206.756
G1 X56.400 Y-205.955
G1 X56.800 Y-205.555
G1 X57.800 Y-205.555
G0 Z3.500
G0 X58.336 Y-204.398
G1 Z0.000 F1200
G1 X56.817 Y-209.736
G0 Z3.500
G0 X55.198 Y-210.046
G1 Z0.000 F1200
G1 X57.341 Y-207.002
G0 Z3.500
G0 X60.134 Y-207.155
G1 Z0.000 F1200
G1 X55.766 Y-212.233
G0 Z3.500
G0 X58.000 Y-213.761
G1 Z0.000 F1200
G1 X57.400 Y-213.761
G1 X56.800 Y-214.562
G1 X54.800 Y-215.363
G1 X53.000 Y-217.164
G1 X51.800 Y-219.166
G1 X52.000 Y-220.167
G1 X54.600 Y-220.367
G1 X54.800 Y-219.967
G1 X55.000 Y-220.367
G1 X52.200 Y-220.367
G1 X52.000 Y-220.567
G1 X52.600 Y-221.168
G1 X54.200 Y-221.168
G1 X54.600 Y-222.168
G1 X55.800 Y-222.168
G1 X56.000 Y-221.368
G1 X57.000 Y-220.167
G1 X57.400 Y-218.766
G1 X58.800 Y-217.765
G1 X58.600 Y-216.964
G1 X59.200 Y-213.761
G1 X58.200 Y-213.761
G0 Z3.500
G0 X53.041 Y-212.831
G1 Z0.000 F1200
G1 X49.964 Y-217.434
G0 Z3.500
G0 X49.200 Y-215.563
G1 Z0.000 F1200
G1 X49.200 Y-216.964
G1 X51.800 Y-219.166
G1 X52.600 Y-217.765
G1 X50.200 Y-215.363
G1 X49.200 Y-215.363
G0 Z3.500
G0 X49.705 Y-214.921
G1 Z0.000 F1200
G1 X47.391 Y-212.188
G0 Z3.500
G0 X47.746 Y-211.886
G1 Z0.000 F1200
G1 X50.061 Y-214.619
G0 Z3.500
G0 X52.372 Y-218.799
G1 Z0.000 F1200
G1 X49.988 Y-222.785
G0 Z3.500
G0 X55.847 Y-237.588
G1 Z0.000 F1200
G1 X58.873 Y-241.206
G0 Z3.500
G0 X57.639 Y-241.531
G1 Z0.000 F1200
G1 X55.845 Y-244.351
G0 Z3.500
G0 X55.789 Y-243.888
G1 Z0.000 F1200
G1 X57.452 Y-241.805
G0 Z3.500
G0 X60.325 Y-242.720
G1 Z0.000 F1200
G1 X57.817 Y-246.575
G0 Z3.500
G0 X55.577 Y-245.531
G1 Z0.000 F1200
G1 X55.470 Y-248.493
G0 Z3.500
G0 X56.794 Y-254.514
G1 Z0.000 F1200
G1 X56.534 Y-258.325
G0 Z3.500
G0 X66.655 Y-251.374
G1 Z0.000 F1200
G1 X66.878 Y-245.784
G1 X66.163 Y-239.388
G1 X61.142 Y-215.715
G1 X59.473 Y-204.959
G1 X59.175 Y-200.471
G1 X59.221 Y-196.117
G1 X59.679 Y-191.935
G1 X60.614 Y-187.968
G0 Z3.500
G0 X62.765 Y-187.235
G1 Z0.000 F1200
G1 X67.887 Y-191.754
G0 Z3.500
G0 X67.879 Y-192.104
G1 Z0.000 F1200
G1 X66.945 Y-194.196
G1 X65.995 Y-197.609
G1 X65.519 Y-201.313
G1 X65.445 Y-205.263
G1 X66.208 Y-213.721
G1 X69.579 Y-233.097
G1 X70.527 Y-240.334
G1 X70.761 Y-247.134
G1 X69.944 Y-253.289
G0 Z3.500
G0 X70.551 Y-252.800
G1 Z0.000 F1200
G1 X76.221 Y-246.606
G0 Z3.500
G0 X76.500 Y-246.862
G1 Z0.000 F1200
G1 X70.830 Y-253.057
G0 Z3.500
G0 X70.555 Y-254.146
G1 Z0.000 F1200
G1 X71.398 Y-247.734
G1 X71.184 Y-240.719
G1 X70.254 Y-233.289
G1 X66.921 Y-213.361
G1 X66.178 Y-204.548
G1 X66.263 Y-200.381
G1 X66.752 Y-196.426
G1 X67.717 Y-192.725
G1 X68.662 Y-190.419
G0 Z3.500
G0 X67.225 Y-191.774
G1 Z0.000 F1200
G1 X66.250 Y-195.319
G0 Z3.500
G0 X66.307 Y-196.229
G1 Z0.000 F1200
G1 X61.370 Y-191.283
G0 Z3.500
G0 X62.165 Y-192.778
G1 Z0.000 F1200
G1 X67.291 Y-198.384
G0 Z3.500
G0 X59.716 Y-199.877
G1 Z0.000 F1200
G1 X60.597 Y-192.793
G0 Z3.500
G0 X60.132 Y-192.735
G1 Z0.000 F1200
G1 X59.250 Y-199.819
G0 Z3.500
G0 X57.879 Y-198.837
G1 Z0.000 F1200
G1 X52.764 Y-193.718
G0 Z3.500
G0 X54.160 Y-191.814
G1 Z0.000 F1200
G1 X55.983 Y-193.362
G0 Z3.500
G0 X58.918 Y-196.912
G1 Z0.000 F1200
G1 X57.364 Y-202.146
G0 Z3.500
G0 X57.258 Y-198.800
G1 Z0.000 F1200
G1 X63.294 Y-191.473
G0 Z3.500
G0 X63.866 Y-189.860
G1 Z0.000 F1200
G1 X66.033 Y-186.940
G0 Z3.500
G0 X73.205 Y-192.386
G1 Z0.000 F1200
G1 X77.054 Y-195.779
G0 Z3.500
G0 X77.311 Y-195.487
G1 Z0.000 F1200
G1 X73.462 Y-192.094
G0 Z3.500
G0 X73.028 Y-192.797
G1 Z0.000 F1200
G1 X72.232 Y-194.801
G1 X71.466 Y-198.096
G1 X71.153 Y-201.701
G1 X71.222 Y-205.569
G1 X72.233 Y-213.914
G1 X76.085 Y-233.269
G1 X77.248 Y-240.575
G1 X77.743 Y-247.483
G1 X77.248 Y-253.784
G0 Z3.500
G0 X77.705 Y-253.224
G1 Z0.000 F1200
G1 X78.519 Y-246.742
G0 Z3.500
G0 X78.400 Y-247.389
G1 Z0.000 F1200
G1 X82.800 Y-247.189
G1 X84.200 Y-248.590
G1 X84.200 Y-251.193
G1 X83.200 Y-252.193
G1 X81.000 Y-252.193
G1 X80.000 Y-251.593
G1 X79.000 Y-251.593
G1 X77.800 Y-250.392
G1 X77.800 Y-247.990
G1 X78.200 Y-247.590
G0 Z3.500
G0 X77.740 Y-247.482
G1 Z0.000 F1200
G1 X80.809 Y-242.355
G0 Z3.500
G0 X81.447 Y-242.776
G1 Z0.000 F1200
G1 X85.794 Y-247.407
G0 Z3.500
G0 X85.600 Y-247.189
G1 Z0.000 F1200
G1 X84.200 Y-248.590
G1 X84.400 Y-251.193
G1 X85.000 Y-251.193
G1 X87.800 Y-248.390
G1 X87.800 Y-247.990
G1 X86.600 Y-246.789
G1 X85.800 Y-246.989
G0 Z3.500
G0 X86.146 Y-247.075
G1 Z0.000 F1200
G1 X81.799 Y-242.445
G0 Z3.500
G0 X82.000 Y-242.585
G1 Z0.000 F1200
G1 X82.000 Y-243.786
G1 X83.600 Y-245.188
G1 X83.800 Y-244.187
G1 X82.800 Y-242.385
G1 X82.200 Y-242.585
G0 Z3.500
G0 X83.023 Y-240.943
G1 Z0.000 F1200
G1 X87.461 Y-233.881
G0 Z3.500
G0 X86.572 Y-232.863
G1 Z0.000 F1200
G1 X92.586 Y-239.861
G0 Z3.500
G0 X92.887 Y-239.602
G1 Z0.000 F1200
G1 X86.873 Y-232.604
G0 Z3.500
G0 X88.200 Y-230.976
G1 Z0.000 F1200
G1 X83.400 Y-235.980
G1 X85.400 Y-238.382
G1 X86.200 Y-238.582
G1 X88.400 Y-236.380
G1 X86.200 Y-238.782
G1 X89.000 Y-241.585
G1 X90.600 Y-241.585
G1 X92.600 Y-242.385
G1 X93.200 Y-242.986
G1 X94.400 Y-241.785
G1 X94.400 Y-241.184
G1 X93.600 Y-240.584
G1 X94.400 Y-241.184
G1 X95.600 Y-240.984
G1 X96.800 Y-242.786
G1 X97.800 Y-242.786
G1 X98.800 Y-243.987
G1 X99.800 Y-243.987
G1 X100.600 Y-243.186
G1 X100.600 Y-242.185
G1 X100.600 Y-243.186
G1 X100.000 Y-243.987
G1 X101.600 Y-245.588
G1 X102.200 Y-245.588
G1 X103.400 Y-244.787
G1 X103.200 Y-241.585
G1 X102.200 Y-238.982
G1 X100.600 Y-236.380
G1 X99.400 Y-235.179
G1 X98.400 Y-235.179
G1 X98.200 Y-235.580
G1 X99.600 Y-236.981
G1 X99.600 Y-237.381
G1 X99.600 Y-236.981
G1 X98.000 Y-235.379
G1 X96.600 Y-235.980
G1 X98.400 Y-237.982
G1 X96.400 Y-235.980
G1 X94.400 Y-236.180
G1 X93.600 Y-235.379
G1 X90.600 Y-233.978
G1 X90.000 Y-232.577
G1 X89.200 Y-231.977
G1 X89.000 Y-230.776
G1 X88.400 Y-230.776
G0 Z3.500
G0 X88.138 Y-229.881
G1 Z0.000 F1200
G1 X91.520 Y-224.154
G0 Z3.500
G0 X91.180 Y-223.953
G1 Z0.000 F1200
G1 X87.798 Y-229.680
G0 Z3.500
G0 X87.400 Y-229.374
G1 Z0.000 F1200
G1 X84.800 Y-231.776
G1 X84.800 Y-232.577
G1 X85.400 Y-232.777
G1 X85.000 Y-232.777
G1 X82.800 Y-234.979
G1 X83.200 Y-235.980
G1 X88.800 Y-230.375
G1 X88.200 Y-228.974
G1 X87.600 Y-229.174
G0 Z3.500
G0 X86.345 Y-226.558
G1 Z0.000 F1200
G1 X83.096 Y-229.744
G0 Z3.500
G0 X82.801 Y-229.443
G1 Z0.000 F1200
G1 X86.050 Y-226.257
G0 Z3.500
G0 X86.950 Y-224.843
G1 Z0.000 F1200
G1 X89.539 Y-221.548
G0 Z3.500
G0 X89.172 Y-221.259
G1 Z0.000 F1200
G1 X86.582 Y-224.554
G0 Z3.500
G0 X86.576 Y-223.508
G1 Z0.000 F1200
G1 X84.124 Y-226.766
G0 Z3.500
G0 X83.753 Y-226.486
G1 Z0.000 F1200
G1 X86.205 Y-223.228
G0 Z3.500
G0 X84.564 Y-223.499
G1 Z0.000 F1200
G1 X83.726 Y-227.080
G0 Z3.500
G0 X83.263 Y-226.972
G1 Z0.000 F1200
G1 X84.101 Y-223.390
G0 Z3.500
G0 X83.087 Y-224.075
G1 Z0.000 F1200
G1 X84.644 Y-220.484
G0 Z3.500
G0 X84.247 Y-220.311
G1 Z0.000 F1200
G1 X82.690 Y-223.902
G0 Z3.500
G0 X83.154 Y-224.171
G1 Z0.000 F1200
G1 X87.315 Y-217.669
G0 Z3.500
G0 X86.995 Y-216.853
G1 Z0.000 F1200
G1 X82.008 Y-224.661
G0 Z3.500
G0 X81.656 Y-224.436
G1 Z0.000 F1200
G1 X86.642 Y-216.627
G0 Z3.500
G0 X85.951 Y-217.673
G1 Z0.000 F1200
G1 X89.316 Y-220.430
G0 Z3.500
G0 X89.040 Y-220.768
G1 Z0.000 F1200
G1 X85.675 Y-218.010
G0 Z3.500
G0 X85.721 Y-218.647
G1 Z0.000 F1200
G1 X83.967 Y-225.588
G0 Z3.500
G0 X83.522 Y-225.476
G1 Z0.000 F1200
G1 X85.276 Y-218.535
G0 Z3.500
G0 X84.600 Y-216.364
G1 Z0.000 F1200
G1 X84.800 Y-216.163
G1 X87.000 Y-216.964
G1 X91.200 Y-220.967
G1 X90.400 Y-222.168
G1 X90.000 Y-223.770
G1 X89.800 Y-226.772
G1 X88.000 Y-228.774
G1 X86.400 Y-227.773
G1 X84.200 Y-227.773
G1 X81.000 Y-224.570
G1 X81.000 Y-223.570
G1 X78.200 Y-220.767
G1 X78.200 Y-220.167
G1 X78.800 Y-219.566
G1 X79.600 Y-217.565
G1 X81.000 Y-217.565
G1 X81.600 Y-216.964
G1 X84.400 Y-216.364
G0 Z3.500
G0 X82.879 Y-217.249
G1 Z0.000 F1200
G1 X86.448 Y-211.491
G0 Z3.500
G0 X87.838 Y-211.777
G1 Z0.000 F1200
G1 X82.254 Y-217.800
G0 Z3.500
G0 X81.605 Y-218.978
G1 Z0.000 F1200
G1 X85.995 Y-213.995
G0 Z3.500
G0 X86.307 Y-214.271
G1 Z0.000 F1200
G1 X81.916 Y-219.253
G0 Z3.500
G0 X80.886 Y-221.780
G1 Z0.000 F1200
G1 X77.617 Y-226.792
G0 Z3.500
G0 X77.942 Y-227.004
G1 Z0.000 F1200
G1 X81.210 Y-221.992
G0 Z3.500
G0 X80.695 Y-222.585
G1 Z0.000 F1200
G1 X76.767 Y-219.675
G0 Z3.500
G0 X76.503 Y-220.034
G1 Z0.000 F1200
G1 X80.430 Y-222.943
G0 Z3.500
G0 X80.303 Y-222.778
G1 Z0.000 F1200
G1 X78.425 Y-225.571
G0 Z3.500
G0 X78.603 Y-225.409
G1 Z0.000 F1200
G1 X75.131 Y-229.502
G0 Z3.500
G0 X75.190 Y-229.274
G1 Z0.000 F1200
G1 X69.986 Y-235.535
G0 Z3.500
G0 X70.424 Y-235.236
G1 Z0.000 F1200
G1 X64.850 Y-230.037
G0 Z3.500
G0 X67.177 Y-232.473
G1 Z0.000 F1200
G1 X64.135 Y-236.708
G0 Z3.500
G0 X64.439 Y-236.927
G1 Z0.000 F1200
G1 X67.481 Y-232.692
G0 Z3.500
G0 X66.025 Y-235.503
G1 Z0.000 F1200
G1 X64.682 Y-238.667
G0 Z3.500
G0 X64.605 Y-238.238
G1 Z0.000 F1200
G1 X69.807 Y-243.666
G0 Z3.500
G0 X70.136 Y-243.350
G1 Z0.000 F1200
G1 X64.934 Y-237.923
G0 Z3.500
G0 X66.400 Y-236.981
G1 Z0.000 F1200
G1 X65.000 Y-237.381
G1 X64.200 Y-238.982
G1 X64.000 Y-241.184
G1 X64.400 Y-243.186
G1 X65.000 Y-244.187
G1 X65.600 Y-244.187
G1 X66.600 Y-242.786
G1 X67.000 Y-236.981
G1 X66.600 Y-236.981
G0 Z3.500
G0 X67.000 Y-237.781
G1 Z0.000 F1200
G1 X70.200 Y-237.781
G1 X69.600 Y-238.382
G1 X67.200 Y-238.582
G1 X67.000 Y-237.982
G0 Z3.500
G0 X68.200 Y-238.582
G1 Z0.000 F1200
G1 X67.000 Y-238.782
G1 X67.000 Y-239.583
G1 X67.600 Y-240.183
G1 X68.200 Y-240.183
G1 X69.600 Y-238.582
G1 X68.400 Y-238.582
G0 Z3.500
G0 X69.596 Y-239.443
G1 Z0.000 F1200
G1 X62.988 Y-234.328
G0 Z3.500
G0 X62.752 Y-234.633
G1 Z0.000 F1200
G1 X69.361 Y-239.747
G0 Z3.500
G0 X66.905 Y-240.444
G1 Z0.000 F1200
G1 X62.655 Y-236.432
G0 Z3.500
G0 X65.942 Y-240.357
G1 Z0.000 F1200
G1 X62.765 Y-244.864
G0 Z3.500
G0 X63.161 Y-243.568
G1 Z0.000 F1200
G1 X64.224 Y-241.470
G0 Z3.500
G0 X62.874 Y-242.737
G1 Z0.000 F1200
G1 X68.233 Y-247.804
G0 Z3.500
G0 X68.943 Y-248.344
G1 Z0.000 F1200
G1 X70.397 Y-244.423
G0 Z3.500
G0 X71.000 Y-243.786
G1 Z0.000 F1200
G1 X69.800 Y-245.188
G1 X70.000 Y-245.588
G1 X70.800 Y-245.388
G1 X72.000 Y-244.187
G1 X71.600 Y-243.386
G1 X71.200 Y-243.586
G0 Z3.500
G0 X71.600 Y-244.587
G1 Z0.000 F1200
G1 X72.200 Y-244.587
G1 X72.400 Y-245.388
G1 X73.600 Y-246.989
G1 X72.600 Y-247.990
G1 X70.400 Y-247.590
G1 X70.200 Y-246.989
G1 X69.400 Y-246.389
G1 X69.800 Y-245.588
G1 X70.800 Y-245.388
G1 X71.400 Y-244.787
G0 Z3.500
G0 X72.400 Y-243.786
G1 Z0.000 F1200
G1 X72.000 Y-244.387
G1 X73.000 Y-245.988
G1 X74.000 Y-244.987
G1 X74.000 Y-243.786
G1 X73.600 Y-243.386
G1 X72.600 Y-243.586
G0 Z3.500
G0 X72.817 Y-243.170
G1 Z0.000 F1200
G1 X71.763 Y-249.666
G0 Z3.500
G0 X72.017 Y-250.406
G1 Z0.000 F1200
G1 X77.692 Y-254.782
G0 Z3.500
G0 X78.159 Y-253.750
G1 Z0.000 F1200
G1 X79.773 Y-248.332
G0 Z3.500
G0 X78.107 Y-248.765
G1 Z0.000 F1200
G1 X75.028 Y-245.613
G0 Z3.500
G0 X74.747 Y-245.888
G1 Z0.000 F1200
G1 X77.826 Y-249.041
G0 Z3.500
G0 X76.775 Y-249.331
G1 Z0.000 F1200
G1 X73.359 Y-246.846
G0 Z3.500
G0 X73.400 Y-247.189
G1 Z0.000 F1200
G1 X77.000 Y-246.989
G1 X77.800 Y-247.790
G1 X77.800 Y-250.392
G1 X76.600 Y-251.593
G1 X75.200 Y-250.592
G1 X73.600 Y-250.392
G1 X73.400 Y-247.389
G0 Z3.500
G0 X73.129 Y-247.163
G1 Z0.000 F1200
G1 X76.545 Y-249.647
G0 Z3.500
G0 X74.748 Y-251.219
G1 Z0.000 F1200
G1 X80.479 Y-245.563
G0 Z3.500
G0 X80.755 Y-245.843
G1 Z0.000 F1200
G1 X75.024 Y-251.499
G0 Z3.500
G0 X75.633 Y-252.898
G1 Z0.000 F1200
G1 X73.526 Y-250.433
G0 Z3.500
G0 X73.000 Y-250.592
G1 Z0.000 F1200
G1 X75.200 Y-250.592
G1 X76.400 Y-251.593
G1 X76.400 Y-253.995
G1 X75.600 Y-254.796
G1 X72.200 Y-254.595
G1 X71.800 Y-253.595
G1 X71.800 Y-251.793
G1 X72.800 Y-250.792
G0 Z3.500
G0 X73.248 Y-250.969
G1 Z0.000 F1200
G1 X68.808 Y-245.282
G0 Z3.500
G0 X68.200 Y-245.988
G1 Z0.000 F1200
G1 X69.000 Y-245.988
G1 X69.200 Y-246.389
G1 X68.600 Y-247.790
G1 X67.600 Y-248.791
G1 X67.200 Y-248.390
G1 X67.200 Y-247.590
G1 X68.000 Y-246.789
G1 X68.000 Y-246.188
G0 Z3.500
G0 X68.800 Y-246.789
G1 Z0.000 F1200
G1 X68.800 Y-247.389
G1 X69.200 Y-247.590
G1 X68.800 Y-247.590
G1 X67.800 Y-248.590
G1 X68.200 Y-249.391
G1 X68.600 Y-249.391
G1 X70.400 Y-247.590
G1 X69.800 Y-246.589
G1 X69.000 Y-246.589
G0 Z3.500
G0 X69.956 Y-247.050
G1 Z0.000 F1200
G1 X68.176 Y-252.505
G0 Z3.500
G0 X68.653 Y-253.648
G1 Z0.000 F1200
G1 X69.505 Y-249.350
G0 Z3.500
G0 X69.600 Y-249.591
G1 Z0.000 F1200
G1 X69.200 Y-250.392
G1 X70.400 Y-250.792
G1 X70.600 Y-249.591
G1 X70.200 Y-249.191
G1 X69.800 Y-249.391
G0 Z3.500
G0 X69.936 Y-249.436
G1 Z0.000 F1200
G1 X69.084 Y-253.734
G0 Z3.500
G0 X69.596 Y-251.859
G1 Z0.000 F1200
G1 X66.202 Y-249.261
G0 Z3.500
G0 X66.438 Y-248.953
G1 Z0.000 F1200
G1 X69.832 Y-251.550
G0 Z3.500
G0 X70.095 Y-250.213
G1 Z0.000 F1200
G1 X73.829 Y-246.237
G0 Z3.500
G0 X73.483 Y-245.912
G1 Z0.000 F1200
G1 X69.749 Y-249.887
G0 Z3.500
G0 X68.760 Y-249.640
G1 Z0.000 F1200
G1 X72.893 Y-253.895
G0 Z3.500
G0 X72.618 Y-254.163
G1 Z0.000 F1200
G1 X68.485 Y-249.908
G0 Z3.500
G0 X70.600 Y-248.791
G1 Z0.000 F1200
G1 X70.200 Y-249.191
G1 X70.600 Y-249.591
G1 X70.600 Y-250.592
G1 X71.200 Y-250.992
G1 X71.400 Y-248.590
G1 X70.800 Y-248.590
G0 Z3.500
G0 X71.680 Y-248.427
G1 Z0.000 F1200
G1 X73.781 Y-244.868
G0 Z3.500
G0 X74.121 Y-245.070
G1 Z0.000 F1200
G1 X72.021 Y-248.628
G0 Z3.500
G0 X71.847 Y-247.931
G1 Z0.000 F1200
G1 X67.716 Y-244.508
G0 Z3.500
G0 X65.000 Y-244.587
G1 Z0.000 F1200
G1 X65.000 Y-245.388
G1 X66.000 Y-246.188
G1 X66.800 Y-245.788
G1 X66.800 Y-244.387
G1 X64.800 Y-244.387
G0 Z3.500
G0 X64.839 Y-244.496
G1 Z0.000 F1200
G1 X62.918 Y-247.358
G0 Z3.500
G0 X62.797 Y-246.457
G1 Z0.000 F1200
G1 X66.875 Y-240.497
G0 Z3.500
G0 X66.600 Y-240.183
G1 Z0.000 F1200
G1 X66.600 Y-242.786
G1 X67.000 Y-243.186
G1 X67.200 Y-244.387
G1 X67.800 Y-244.587
G1 X70.600 Y-241.585
G1 X69.400 Y-240.384
G1 X67.600 Y-240.183
G1 X67.200 Y-239.783
G1 X66.800 Y-239.983
G0 Z3.500
G0 X75.037 Y-240.286
G1 Z0.000 F1200
G1 X76.558 Y-234.416
G0 Z3.500
G0 X77.036 Y-234.540
G1 Z0.000 F1200
G1 X75.516 Y-240.410
G0 Z3.500
G0 X77.918 Y-241.146
G1 Z0.000 F1200
G1 X81.602 Y-245.645
G0 Z3.500
G0 X83.611 Y-244.456
G1 Z0.000 F1200
G1 X87.108 Y-248.029
G0 Z3.500
G0 X87.174 Y-247.776
G1 Z0.000 F1200
G1 X91.309 Y-243.445
G0 Z3.500
G0 X91.639 Y-243.761
G1 Z0.000 F1200
G1 X87.504 Y-248.091
G0 Z3.500
G0 X87.400 Y-248.791
G1 Z0.000 F1200
G1 X88.000 Y-248.590
G1 X88.400 Y-248.991
G1 X88.400 Y-250.992
G1 X87.400 Y-251.193
G1 X86.600 Y-251.993
G1 X85.200 Y-251.793
G1 X84.800 Y-251.393
G1 X87.200 Y-248.991
G0 Z3.500
G0 X86.648 Y-250.521
G1 Z0.000 F1200
G1 X89.238 Y-247.930
G0 Z3.500
G0 X90.200 Y-249.391
G1 Z0.000 F1200
G1 X90.800 Y-249.191
G1 X91.000 Y-249.791
G1 X89.800 Y-250.792
G1 X89.600 Y-249.992
G1 X90.000 Y-249.591
G0 Z3.500
G0 X90.332 Y-249.661
G1 Z0.000 F1200
G1 X91.839 Y-247.129
G0 Z3.500
G0 X92.171 Y-247.339
G1 Z0.000 F1200
G1 X87.666 Y-253.174
G0 Z3.500
G0 X87.584 Y-253.749
G1 Z0.000 F1200
G1 X88.405 Y-251.319
G1 X89.214 Y-247.457
G1 X89.635 Y-240.550
G1 X89.232 Y-233.231
G1 X87.073 Y-213.733
G1 X86.935 Y-205.248
G1 X87.372 Y-201.288
G1 X88.257 Y-197.574
G1 X89.674 Y-194.152
G1 X90.954 Y-192.054
G0 Z3.500
G0 X90.948 Y-191.524
G1 Z0.000 F1200
G1 X95.595 Y-196.072
G0 Z3.500
G0 X95.400 Y-195.546
G1 Z0.000 F1200
G1 X96.000 Y-197.548
G1 X97.000 Y-198.148
G1 X97.600 Y-195.746
G1 X97.000 Y-195.146
G1 X95.400 Y-195.346
G0 Z3.500
G0 X95.861 Y-194.633
G1 Z0.000 F1200
G1 X98.862 Y-197.823
G0 Z3.500
G0 X99.103 Y-196.948
G1 Z0.000 F1200
G1 X104.667 Y-201.591
G0 Z3.500
G0 X105.291 Y-200.747
G1 Z0.000 F1200
G1 X107.435 Y-195.313
G0 Z3.500
G0 X106.096 Y-196.386
G1 Z0.000 F1200
G1 X104.170 Y-194.567
G0 Z3.500
G0 X104.605 Y-193.479
G1 Z0.000 F1200
G1 X103.426 Y-198.263
G0 Z3.500
G0 X103.297 Y-198.323
G1 Z0.000 F1200
G1 X100.786 Y-202.209
G0 Z3.500
G0 X101.558 Y-202.136
G1 Z0.000 F1200
G1 X103.399 Y-203.533
G0 Z3.500
G0 X103.144 Y-203.412
G1 Z0.000 F1200
G1 X106.807 Y-198.024
G0 Z3.500
G0 X106.359 Y-197.016
G1 Z0.000 F1200
G1 X108.924 Y-191.018
G0 Z3.500
G0 X108.514 Y-191.336
G1 Z0.000 F1200
G1 X110.380 Y-186.870
G0 Z3.500
G0 X108.611 Y-185.612
G1 Z0.000 F1200
G1 X110.089 Y-178.972
G0 Z3.500
G0 X111.600 Y-177.731
G1 Z0.000 F1200
G1 X115.000 Y-181.535
G1 X111.800 Y-177.932
G0 Z3.500
G0 X114.230 Y-177.512
G1 Z0.000 F1200
G1 X113.057 Y-180.623
G0 Z3.500
G0 X113.596 Y-183.069
G1 Z0.000 F1200
G1 X115.609 Y-178.422
G0 Z3.500
G0 X114.293 Y-176.455
G1 Z0.000 F1200
G1 X116.229 Y-169.189
G0 Z3.500
G0 X116.118 Y-169.326
G1 Z0.000 F1200
G1 X114.707 Y-174.514
G0 Z3.500
G0 X115.323 Y-174.762
G1 Z0.000 F1200
G1 X117.086 Y-169.008
G0 Z3.500
G0 X117.579 Y-170.709
G1 Z0.000 F1200
G1 X116.093 Y-175.932
G0 Z3.500
G0 X118.600 Y-176.731
G1 Z0.000 F1200
G1 X118.200 Y-177.131
G1 X119.400 Y-177.731
G1 X122.400 Y-180.934
G1 X129.600 Y-185.338
G1 X122.400 Y-180.934
G1 X121.200 Y-179.733
G1 X121.800 Y-179.533
G1 X122.400 Y-179.933
G1 X121.200 Y-179.533
G1 X118.600 Y-176.931
G0 Z3.500
G0 X119.413 Y-175.625
G1 Z0.000 F1200
G1 X118.300 Y-178.511
G0 Z3.500
G0 X122.587 Y-181.593
G1 Z0.000 F1200
G1 X121.501 Y-186.023
G0 Z3.500
G0 X119.000 Y-185.938
G1 Z0.000 F1200
G1 X122.800 Y-187.740
G1 X127.600 Y-188.941
G1 X139.800 Y-189.741
G1 X143.800 Y-190.942
G1 X146.600 Y-192.744
G1 X147.000 Y-193.344
G1 X145.800 Y-192.143
G1 X143.800 Y-190.942
G1 X139.800 Y-189.741
G1 X127.600 Y-188.941
G1 X122.800 Y-187.740
G1 X118.800 Y-185.938
G0 Z3.500
G0 X116.800 Y-188.540
G1 Z0.000 F1200
G1 X118.000 Y-189.341
G1 X125.600 Y-191.143
G1 X126.200 Y-191.743
G1 X130.000 Y-193.545
G1 X132.400 Y-195.546
G1 X130.000 Y-193.545
G1 X125.800 Y-191.343
G1 X126.000 Y-190.942
G1 X127.000 Y-190.942
G1 X124.800 Y-191.143
G1 X122.800 Y-190.342
G1 X118.000 Y-189.341
G1 X117.000 Y-188.741
G0 Z3.500
G0 X114.965 Y-188.497
G1 Z0.000 F1200
G1 X113.780 Y-191.845
G0 Z3.500
G0 X115.303 Y-190.279
G1 Z0.000 F1200
G1 X113.598 Y-195.779
G0 Z3.500
G0 X113.454 Y-195.552
G1 Z0.000 F1200
G1 X112.192 Y-198.644
G0 Z3.500
G0 X108.675 Y-198.812
G1 Z0.000 F1200
G1 X107.830 Y-201.276
G0 Z3.500
G0 X107.376 Y-201.488
G1 Z0.000 F1200
G1 X103.638 Y-198.871
G0 Z3.500
G0 X103.800 Y-199.349
G1 Z0.000 F1200
G1 X105.200 Y-199.349
G1 X105.600 Y-200.550
G1 X104.200 Y-200.550
G1 X103.400 Y-199.950
G1 X103.600 Y-199.550
G0 Z3.500
G0 X103.069 Y-199.433
G1 Z0.000 F1200
G1 X100.675 Y-197.182
G0 Z3.500
G0 X100.947 Y-197.603
G1 Z0.000 F1200
G1 X102.192 Y-194.583
G0 Z3.500
G0 X101.892 Y-194.662
G1 Z0.000 F1200
G1 X103.066 Y-191.755
G0 Z3.500
G0 X102.818 Y-191.121
G1 Z0.000 F1200
G1 X101.542 Y-197.199
G0 Z3.500
G0 X100.018 Y-197.235
G1 Z0.000 F1200
G1 X96.906 Y-193.806
G0 Z3.500
G0 X96.574 Y-193.765
G1 Z0.000 F1200
G1 X95.316 Y-197.472
G0 Z3.500
G0 X95.375 Y-197.611
G1 Z0.000 F1200
G1 X97.950 Y-192.731
G0 Z3.500
G0 X98.767 Y-193.204
G1 Z0.000 F1200
G1 X99.397 Y-189.350
G0 Z3.500
G0 X98.823 Y-188.477
G1 Z0.000 F1200
G1 X97.053 Y-190.387
G0 Z3.500
G0 X97.698 Y-190.724
G1 Z0.000 F1200
G1 X96.532 Y-196.050
G0 Z3.500
G0 X94.781 Y-196.497
G1 Z0.000 F1200
G1 X93.246 Y-202.205
G0 Z3.500
G0 X92.962 Y-200.791
G1 Z0.000 F1200
G1 X90.386 Y-198.269
G0 Z3.500
G0 X90.405 Y-199.844
G1 Z0.000 F1200
G1 X93.262 Y-196.466
G0 Z3.500
G0 X93.816 Y-195.830
G1 Z0.000 F1200
G1 X96.683 Y-198.742
G0 Z3.500
G0 X98.255 Y-199.711
G1 Z0.000 F1200
G1 X95.756 Y-203.009
G0 Z3.500
G0 X96.205 Y-203.295
G1 Z0.000 F1200
G1 X99.734 Y-207.164
G0 Z3.500
G0 X97.737 Y-206.644
G1 Z0.000 F1200
G1 X101.610 Y-209.962
G0 Z3.500
G0 X102.400 Y-207.957
G1 Z0.000 F1200
G1 X102.400 Y-209.358
G1 X103.200 Y-209.358
G1 X102.400 Y-209.758
G1 X102.000 Y-211.760
G1 X102.400 Y-210.759
G1 X102.400 Y-207.756
G0 Z3.500
G0 X102.137 Y-206.584
G1 Z0.000 F1200
G1 X102.445 Y-204.383
G0 Z3.500
G0 X102.015 Y-204.041
G1 Z0.000 F1200
G1 X102.842 Y-200.191
G0 Z3.500
G0 X102.372 Y-201.279
G1 Z0.000 F1200
G1 X99.459 Y-198.708
G0 Z3.500
G0 X98.604 Y-199.579
G1 Z0.000 F1200
G1 X97.634 Y-204.020
G0 Z3.500
G0 X97.387 Y-203.341
G1 Z0.000 F1200
G1 X93.407 Y-198.663
G0 Z3.500
G0 X93.519 Y-198.652
G1 Z0.000 F1200
G1 X88.300 Y-204.497
G0 Z3.500
G0 X88.592 Y-204.759
G1 Z0.000 F1200
G1 X93.812 Y-198.913
G0 Z3.500
G0 X92.200 Y-198.148
G1 Z0.000 F1200
G1 X92.200 Y-198.549
G1 X93.400 Y-199.750
G1 X94.000 Y-199.550
G1 X94.000 Y-198.949
G1 X92.400 Y-197.748
G1 X92.200 Y-197.948
G0 Z3.500
G0 X91.386 Y-196.570
G1 Z0.000 F1200
G1 X96.031 Y-200.963
G0 Z3.500
G0 X92.327 Y-200.333
G1 Z0.000 F1200
G1 X90.929 Y-205.820
G0 Z3.500
G0 X90.527 Y-205.717
G1 Z0.000 F1200
G1 X91.926 Y-200.231
G0 Z3.500
G0 X90.524 Y-200.619
G1 Z0.000 F1200
G1 X92.784 Y-193.501
G0 Z3.500
G0 X93.800 Y-193.545
G1 Z0.000 F1200
G1 X95.000 Y-193.545
G1 X95.400 Y-195.146
G1 X95.200 Y-195.346
G1 X94.200 Y-194.946
G1 X93.800 Y-193.745
G0 Z3.500
G0 X95.464 Y-193.512
G1 Z0.000 F1200
G1 X101.623 Y-199.711
G0 Z3.500
G0 X101.912 Y-199.424
G1 Z0.000 F1200
G1 X95.753 Y-193.225
G0 Z3.500
G0 X95.641 Y-191.043
G1 Z0.000 F1200
G1 X97.874 Y-188.332
G0 Z3.500
G0 X97.525 Y-188.801
G1 Z0.000 F1200
G1 X96.288 Y-191.314
G1 X94.929 Y-195.289
G1 X94.094 Y-199.475
G1 X93.702 Y-203.833
G1 X93.917 Y-212.907
G1 X96.225 Y-232.876
G1 X96.696 Y-240.142
G1 X96.355 Y-246.896
G1 X95.604 Y-250.628
G1 X94.825 Y-252.957
G0 Z3.500
G0 X95.193 Y-253.017
G1 Z0.000 F1200
G1 X91.722 Y-257.787
G0 Z3.500
G0 X92.089 Y-258.054
G1 Z0.000 F1200
G1 X95.559 Y-253.284
G0 Z3.500
G0 X95.960 Y-253.230
G1 Z0.000 F1200
G1 X97.936 Y-250.238
G0 Z3.500
G0 X97.575 Y-250.366
G1 Z0.000 F1200
G1 X101.290 Y-245.850
G0 Z3.500
G0 X102.013 Y-245.555
G1 Z0.000 F1200
G1 X104.242 Y-242.654
G0 Z3.500
G0 X105.026 Y-242.541
G1 Z0.000 F1200
G1 X100.935 Y-246.882
G0 Z3.500
G0 X100.200 Y-245.388
G1 Z0.000 F1200
G1 X99.600 Y-245.988
G1 X99.400 Y-247.189
G1 X100.400 Y-247.790
G1 X101.800 Y-245.788
G1 X101.000 Y-244.987
G1 X100.400 Y-245.188
G0 Z3.500
G0 X101.333 Y-244.283
G1 Z0.000 F1200
G1 X98.197 Y-249.510
G0 Z3.500
G0 X97.131 Y-249.842
G1 Z0.000 F1200
G1 X100.916 Y-254.455
G0 Z3.500
G0 X100.559 Y-254.748
G1 Z0.000 F1200
G1 X96.774 Y-250.135
G0 Z3.500
G0 X95.771 Y-249.991
G1 Z0.000 F1200
G1 X96.856 Y-247.402
G0 Z3.500
G0 X94.819 Y-248.794
G1 Z0.000 F1200
G1 X94.056 Y-253.312
G0 Z3.500
G0 X93.167 Y-253.597
G1 Z0.000 F1200
G1 X90.140 Y-250.485
G0 Z3.500
G0 X89.799 Y-250.597
G1 Z0.000 F1200
G1 X86.471 Y-247.135
G0 Z3.500
G0 X86.986 Y-247.331
G1 Z0.000 F1200
G1 X83.950 Y-243.891
G0 Z3.500
G0 X84.469 Y-244.176
G1 Z0.000 F1200
G1 X80.246 Y-241.046
G0 Z3.500
G0 X80.600 Y-240.984
G1 Z0.000 F1200
G1 X80.400 Y-241.585
G1 X81.200 Y-242.585
G1 X81.600 Y-241.184
G1 X81.200 Y-240.784
G1 X80.800 Y-240.984
G0 Z3.500
G0 X80.081 Y-240.148
G1 Z0.000 F1200
G1 X81.247 Y-237.368
G0 Z3.500
G0 X81.000 Y-238.182
G1 Z0.000 F1200
G1 X81.600 Y-238.182
G1 X81.200 Y-239.583
G1 X79.800 Y-239.783
G1 X79.600 Y-239.583
G1 X80.800 Y-238.182
G0 Z3.500
G0 X79.600 Y-239.983
G1 Z0.000 F1200
G1 X81.000 Y-239.783
G1 X81.200 Y-240.584
G1 X80.400 Y-240.984
G1 X79.800 Y-240.584
G1 X79.800 Y-240.183
G0 Z3.500
G0 X77.780 Y-234.802
G1 Z0.000 F1200
G1 X81.094 Y-228.732
G0 Z3.500
G0 X80.704 Y-228.519
G1 Z0.000 F1200
G1 X77.389 Y-234.589
G0 Z3.500
G0 X76.049 Y-232.798
G1 Z0.000 F1200
G1 X72.322 Y-228.528
G0 Z3.500
G0 X72.624 Y-228.735
G1 Z0.000 F1200
G1 X74.032 Y-223.271
G0 Z3.500
G0 X74.052 Y-223.084
G1 Z0.000 F1200
G1 X69.664 Y-229.647
G0 Z3.500
G0 X69.356 Y-229.441
G1 Z0.000 F1200
G1 X73.744 Y-222.878
G0 Z3.500
G0 X73.560 Y-223.134
G1 Z0.000 F1200
G1 X70.231 Y-219.372
G0 Z3.500
G0 X69.880 Y-219.683
G1 Z0.000 F1200
G1 X73.209 Y-223.445
G0 Z3.500
G0 X74.465 Y-223.382
G1 Z0.000 F1200
G1 X73.058 Y-228.847
G0 Z3.500
G0 X72.717 Y-229.231
G1 Z0.000 F1200
G1 X76.456 Y-222.850
G0 Z3.500
G0 X76.822 Y-223.065
G1 Z0.000 F1200
G1 X73.083 Y-229.446
G0 Z3.500
G0 X72.640 Y-228.250
G1 Z0.000 F1200
G1 X76.366 Y-232.521
G0 Z3.500
G0 X75.000 Y-231.576
G1 Z0.000 F1200
G1 X75.600 Y-231.376
G1 X76.000 Y-231.977
G1 X72.400 Y-235.379
G1 X72.200 Y-234.379
G1 X74.800 Y-231.776
G0 Z3.500
G0 X74.599 Y-231.032
G1 Z0.000 F1200
G1 X68.838 Y-225.082
G0 Z3.500
G0 X69.127 Y-224.802
G1 Z0.000 F1200
G1 X74.887 Y-230.752
G0 Z3.500
G0 X70.200 Y-230.175
G1 Z0.000 F1200
G1 X70.800 Y-229.975
G1 X71.400 Y-230.575
G1 X71.400 Y-233.178
G1 X68.800 Y-235.780
G1 X66.800 Y-235.980
G1 X66.400 Y-235.580
G1 X66.800 Y-233.378
G1 X70.000 Y-230.375
G0 Z3.500
G0 X75.398 Y-224.177
G1 Z0.000 F1200
G1 X79.288 Y-220.025
G0 Z3.500
G0 X78.952 Y-219.710
G1 Z0.000 F1200
G1 X75.063 Y-223.862
G0 Z3.500
G0 X75.430 Y-223.286
G1 Z0.000 F1200
G1 X79.861 Y-228.365
G0 Z3.500
G0 X79.600 Y-228.574
G1 Z0.000 F1200
G1 X80.200 Y-228.574
G1 X80.200 Y-230.175
G1 X77.400 Y-232.977
G1 X75.800 Y-233.578
G1 X73.400 Y-236.180
G1 X72.600 Y-235.980
G1 X72.400 Y-235.580
G1 X79.400 Y-228.774
G0 Z3.500
G0 X80.177 Y-228.089
G1 Z0.000 F1200
G1 X75.746 Y-223.010
G0 Z3.500
G0 X76.600 Y-221.168
G1 Z0.000 F1200
G1 X76.200 Y-221.568
G1 X74.400 Y-221.568
G1 X73.400 Y-222.569
G1 X72.800 Y-222.569
G1 X70.600 Y-224.771
G1 X70.800 Y-229.975
G1 X75.400 Y-229.775
G1 X81.000 Y-224.370
G1 X81.000 Y-223.570
G1 X78.200 Y-220.767
G1 X76.800 Y-220.967
G0 Z3.500
G0 X77.782 Y-221.252
G1 Z0.000 F1200
G1 X82.497 Y-226.154
G0 Z3.500
G0 X82.770 Y-225.891
G1 Z0.000 F1200
G1 X78.055 Y-220.989
G0 Z3.500
G0 X78.072 Y-220.633
G1 Z0.000 F1200
G1 X74.129 Y-215.851
G0 Z3.500
G0 X74.487 Y-215.555
G1 Z0.000 F1200
G1 X78.430 Y-220.337
G0 Z3.500
G0 X80.710 Y-223.052
G1 Z0.000 F1200
G1 X78.832 Y-225.844
G0 Z3.500
G0 X79.000 Y-226.172
G1 Z0.000 F1200
G1 X75.000 Y-229.975
G1 X71.000 Y-230.175
G1 X71.400 Y-230.575
G1 X71.400 Y-233.378
G1 X72.200 Y-234.178
G1 X79.600 Y-226.972
G1 X79.800 Y-225.972
G1 X79.200 Y-225.972
G0 Z3.500
G0 X79.701 Y-226.329
G1 Z0.000 F1200
G1 X74.017 Y-221.146
G0 Z3.500
G0 X73.759 Y-221.430
G1 Z0.000 F1200
G1 X79.442 Y-226.613
G0 Z3.500
G0 X79.692 Y-227.092
G1 Z0.000 F1200
G1 X83.861 Y-230.271
G0 Z3.500
G0 X81.199 Y-229.273
G1 Z0.000 F1200
G1 X84.173 Y-224.766
G0 Z3.500
G0 X87.264 Y-221.669
G1 Z0.000 F1200
G1 X90.700 Y-214.234
G0 Z3.500
G0 X90.954 Y-214.538
G1 Z0.000 F1200
G1 X92.794 Y-206.397
G0 Z3.500
G0 X93.247 Y-206.499
G1 Z0.000 F1200
G1 X91.407 Y-214.640
G0 Z3.500
G0 X91.411 Y-214.571
G1 Z0.000 F1200
G1 X94.855 Y-218.036
G0 Z3.500
G0 X94.563 Y-218.326
G1 Z0.000 F1200
G1 X91.119 Y-214.861
G0 Z3.500
G0 X91.332 Y-214.732
G1 Z0.000 F1200
G1 X85.475 Y-207.678
G0 Z3.500
G0 X85.781 Y-207.424
G1 Z0.000 F1200
G1 X91.638 Y-214.477
G0 Z3.500
G0 X91.101 Y-214.420
G1 Z0.000 F1200
G1 X87.665 Y-221.854
G0 Z3.500
G0 X87.598 Y-220.258
G1 Z0.000 F1200
G1 X91.027 Y-223.216
G0 Z3.500
G0 X91.291 Y-222.910
G1 Z0.000 F1200
G1 X87.862 Y-219.952
G0 Z3.500
G0 X88.487 Y-218.167
G1 Z0.000 F1200
G1 X92.490 Y-213.006
G0 Z3.500
G0 X91.195 Y-211.993
G1 Z0.000 F1200
G1 X98.455 Y-217.552
G0 Z3.500
G0 X98.198 Y-217.889
G1 Z0.000 F1200
G1 X90.938 Y-212.329
G0 Z3.500
G0 X91.473 Y-211.171
G1 Z0.000 F1200
G1 X88.514 Y-218.099
G0 Z3.500
G0 X88.914 Y-216.834
G1 Z0.000 F1200
G1 X94.724 Y-221.180
G0 Z3.500
G0 X94.980 Y-220.838
G1 Z0.000 F1200
G1 X89.169 Y-216.491
G0 Z3.500
G0 X92.567 Y-218.155
G1 Z0.000 F1200
G1 X94.962 Y-220.625
G0 Z3.500
G0 X95.277 Y-220.319
G1 Z0.000 F1200
G1 X92.882 Y-217.849
G0 Z3.500
G0 X93.356 Y-217.484
G1 Z0.000 F1200
G1 X97.533 Y-220.847
G0 Z3.500
G0 X97.819 Y-220.490
G1 Z0.000 F1200
G1 X93.643 Y-217.128
G0 Z3.500
G0 X92.804 Y-219.733
G1 Z0.000 F1200
G1 X97.236 Y-223.608
G0 Z3.500
G0 X96.987 Y-223.894
G1 Z0.000 F1200
G1 X92.555 Y-220.019
G0 Z3.500
G0 X92.708 Y-220.372
G1 Z0.000 F1200
G1 X97.806 Y-224.086
G0 Z3.500
G0 X98.071 Y-223.721
G1 Z0.000 F1200
G1 X92.973 Y-220.008
G0 Z3.500
G0 X95.615 Y-220.029
G1 Z0.000 F1200
G1 X99.372 Y-224.070
G0 Z3.500
G0 X98.998 Y-224.208
G1 Z0.000 F1200
G1 X98.021 Y-225.853
G0 Z3.500
G0 X97.709 Y-225.236
G1 Z0.000 F1200
G1 X94.952 Y-223.058
G0 Z3.500
G0 X94.672 Y-224.164
G1 Z0.000 F1200
G1 X93.858 Y-228.604
G0 Z3.500
G0 X94.828 Y-228.929
G1 Z0.000 F1200
G1 X90.075 Y-225.469
G0 Z3.500
G0 X90.361 Y-225.075
G1 Z0.000 F1200
G1 X95.114 Y-228.536
G0 Z3.500
G0 X95.132 Y-227.326
G1 Z0.000 F1200
G1 X92.004 Y-230.950
G0 Z3.500
G0 X91.648 Y-230.643
G1 Z0.000 F1200
G1 X94.777 Y-227.019
G0 Z3.500
G0 X94.471 Y-227.227
G1 Z0.000 F1200
G1 X95.828 Y-222.005
G0 Z3.500
G0 X98.053 Y-222.377
G1 Z0.000 F1200
G1 X101.023 Y-225.361
G0 Z3.500
G0 X100.853 Y-224.775
G1 Z0.000 F1200
G1 X103.471 Y-227.002
G0 Z3.500
G0 X104.355 Y-228.324
G1 Z0.000 F1200
G1 X98.905 Y-234.608
G0 Z3.500
G0 X99.201 Y-234.866
G1 Z0.000 F1200
G1 X104.651 Y-228.582
G0 Z3.500
G0 X101.839 Y-228.514
G1 Z0.000 F1200
G1 X99.088 Y-233.264
G0 Z3.500
G0 X98.481 Y-233.891
G1 Z0.000 F1200
G1 X102.656 Y-237.653
G0 Z3.500
G0 X102.370 Y-237.971
G1 Z0.000 F1200
G1 X98.196 Y-234.208
G0 Z3.500
G0 X98.022 Y-234.308
G1 Z0.000 F1200
G1 X103.685 Y-240.181
G0 Z3.500
G0 X103.986 Y-239.891
G1 Z0.000 F1200
G1 X98.322 Y-234.018
G0 Z3.500
G0 X98.261 Y-232.682
G1 Z0.000 F1200
G1 X94.738 Y-229.957
G0 Z3.500
G0 X92.800 Y-230.375
G1 Z0.000 F1200
G1 X93.400 Y-230.375
G1 X93.600 Y-232.577
G1 X91.800 Y-234.379
G1 X90.600 Y-233.978
G1 X90.200 Y-233.578
G1 X90.000 Y-232.377
G1 X91.600 Y-230.776
G1 X92.600 Y-230.575
G0 Z3.500
G0 X92.143 Y-230.289
G1 Z0.000 F1200
G1 X94.682 Y-225.807
G0 Z3.500
G0 X95.633 Y-226.281
G1 Z0.000 F1200
G1 X89.749 Y-232.981
G0 Z3.500
G0 X90.049 Y-233.246
G1 Z0.000 F1200
G1 X95.934 Y-226.545
G0 Z3.500
G0 X95.567 Y-227.290
G1 Z0.000 F1200
G1 X99.653 Y-230.144
G0 Z3.500
G0 X99.992 Y-230.559
G1 Z0.000 F1200
G1 X97.849 Y-228.891
G0 Z3.500
G0 X98.866 Y-226.952
G1 Z0.000 F1200
G1 X101.985 Y-230.245
G0 Z3.500
G0 X101.201 Y-229.217
G1 Z0.000 F1200
G1 X99.989 Y-234.171
G0 Z3.500
G0 X98.060 Y-235.708
G1 Z0.000 F1200
G1 X98.536 Y-231.839
G0 Z3.500
G0 X96.918 Y-232.991
G1 Z0.000 F1200
G1 X100.568 Y-236.588
G0 Z3.500
G0 X100.248 Y-236.913
G1 Z0.000 F1200
G1 X96.598 Y-233.316
G0 Z3.500
G0 X94.700 Y-232.923
G1 Z0.000 F1200
G1 X100.589 Y-237.253
G0 Z3.500
G0 X100.351 Y-237.577
G1 Z0.000 F1200
G1 X94.462 Y-233.248
G0 Z3.500
G0 X94.000 Y-232.177
G1 Z0.000 F1200
G1 X94.400 Y-231.977
G1 X94.800 Y-232.377
G1 X94.800 Y-233.178
G1 X93.000 Y-234.979
G1 X92.400 Y-234.979
G1 X92.000 Y-234.178
G1 X93.800 Y-232.177
G0 Z3.500
G0 X98.144 Y-238.141
G1 Z0.000 F1200
G1 X103.229 Y-233.220
G0 Z3.500
G0 X103.712 Y-234.899
G1 Z0.000 F1200
G1 X105.115 Y-232.591
G0 Z3.500
G0 X106.021 Y-234.680
G1 Z0.000 F1200
G1 X108.013 Y-237.047
G0 Z3.500
G0 X109.014 Y-237.917
G1 Z0.000 F1200
G1 X107.043 Y-235.825
G0 Z3.500
G0 X106.007 Y-236.457
G1 Z0.000 F1200
G1 X108.966 Y-233.037
G0 Z3.500
G0 X107.252 Y-233.505
G1 Z0.000 F1200
G1 X109.008 Y-235.102
G0 Z3.500
G0 X109.934 Y-235.243
G1 Z0.000 F1200
G1 X109.284 Y-240.416
G0 Z3.500
G0 X109.080 Y-239.958
G1 Z0.000 F1200
G1 X110.261 Y-238.521
G0 Z3.500
G0 X110.808 Y-237.728
G1 Z0.000 F1200
G1 X111.796 Y-240.699
G0 Z3.500
G0 X109.481 Y-241.475
G1 Z0.000 F1200
G1 X107.831 Y-243.259
G0 Z3.500
G0 X106.956 Y-243.577
G1 Z0.000 F1200
G1 X104.800 Y-245.709
G0 Z3.500
G0 X103.755 Y-246.855
G1 Z0.000 F1200
G1 X105.670 Y-248.419
G0 Z3.500
G0 X104.067 Y-248.897
G1 Z0.000 F1200
G1 X101.550 Y-252.226
G0 Z3.500
G0 X102.483 Y-253.254
G1 Z0.000 F1200
G1 X103.630 Y-249.896
G0 Z3.500
G0 X108.067 Y-252.074
G1 Z0.000 F1200
G1 X108.649 Y-250.168
G0 Z3.500
G0 X110.485 Y-250.917
G1 Z0.000 F1200
G1 X111.512 Y-253.461
G0 Z3.500
G0 X112.756 Y-255.344
G1 Z0.000 F1200
G1 X112.021 Y-257.269
G0 Z3.500
G0 X118.166 Y-256.197
G1 Z0.000 F1200
G1 X119.990 Y-252.202
G0 Z3.500
G0 X120.382 Y-253.307
G1 Z0.000 F1200
G1 X118.933 Y-257.764
G0 Z3.500
G0 X120.843 Y-257.035
G1 Z0.000 F1200
G1 X119.791 Y-254.423
G0 Z3.500
G0 X123.206 Y-255.363
G1 Z0.000 F1200
G1 X124.526 Y-251.500
G0 Z3.500
G0 X125.855 Y-251.480
G1 Z0.000 F1200
G1 X126.979 Y-254.875
G0 Z3.500
G0 X125.990 Y-254.302
G1 Z0.000 F1200
G1 X125.500 Y-256.385
G0 Z3.500
G0 X128.653 Y-256.748
G1 Z0.000 F1200
G1 X129.608 Y-259.099
G0 Z3.500
G0 X129.775 Y-255.450
G1 Z0.000 F1200
G1 X128.739 Y-253.331
G0 Z3.500
G0 X127.119 Y-252.778
G1 Z0.000 F1200
G1 X125.668 Y-248.100
G0 Z3.500
G0 X125.400 Y-248.791
G1 Z0.000 F1200
G1 X124.000 Y-250.192
G1 X123.800 Y-249.591
G1 X123.800 Y-250.392
G1 X122.000 Y-253.194
G1 X121.000 Y-256.597
G1 X122.000 Y-253.194
G1 X123.800 Y-250.592
G1 X124.200 Y-250.992
G1 X126.400 Y-251.193
G1 X125.800 Y-250.992
G1 X126.600 Y-250.192
G1 X125.600 Y-251.193
G1 X125.200 Y-250.392
G1 X125.000 Y-250.992
G1 X124.200 Y-250.992
G1 X123.800 Y-250.592
G1 X125.200 Y-248.991
G0 Z3.500
G0 X123.703 Y-247.583
G1 Z0.000 F1200
G1 X122.756 Y-251.726
G0 Z3.500
G0 X121.600 Y-249.591
G1 Z0.000 F1200
G1 X120.200 Y-252.394
G1 X119.400 Y-255.196
G1 X120.200 Y-252.394
G1 X121.600 Y-249.391
G0 Z3.500
G0 X116.809 Y-249.292
G1 Z0.000 F1200
G1 X117.426 Y-246.415
G0 Z3.500
G0 X115.600 Y-245.588
G1 Z0.000 F1200
G1 X113.800 Y-246.789
G1 X111.400 Y-249.191
G1 X110.400 Y-251.193
G1 X111.000 Y-249.992
G1 X111.400 Y-250.592
G1 X111.800 Y-249.992
G1 X111.200 Y-250.192
G1 X111.000 Y-249.791
G1 X112.400 Y-248.390
G1 X112.600 Y-249.391
G1 X112.000 Y-251.593
G1 X112.400 Y-250.592
G1 X112.600 Y-247.990
G1 X115.400 Y-245.788
G0 Z3.500
G0 X112.492 Y-244.832
G1 Z0.000 F1200
G1 X113.706 Y-248.559
G0 Z3.500
G0 X111.491 Y-245.866
G1 Z0.000 F1200
G1 X112.077 Y-243.909
G0 Z3.500
G0 X109.793 Y-244.132
G1 Z0.000 F1200
G1 X108.110 Y-247.595
G0 Z3.500
G0 X108.638 Y-246.783
G1 Z0.000 F1200
G1 X108.604 Y-244.308
G0 Z3.500
G0 X105.588 Y-242.917
G1 Z0.000 F1200
G1 X100.722 Y-237.754
G0 Z3.500
G0 X100.424 Y-238.035
G1 Z0.000 F1200
G1 X105.290 Y-243.199
G0 Z3.500
G0 X105.397 Y-242.764
G1 Z0.000 F1200
G1 X103.034 Y-240.474
G0 Z3.500
G0 X102.741 Y-241.097
G1 Z0.000 F1200
G1 X100.341 Y-238.338
G0 Z3.500
G0 X100.593 Y-239.450
G1 Z0.000 F1200
G1 X102.743 Y-235.921
G0 Z3.500
G0 X101.171 Y-237.412
G1 Z0.000 F1200
G1 X104.157 Y-241.227
G0 Z3.500
G0 X97.312 Y-240.812
G1 Z0.000 F1200
G1 X92.535 Y-247.561
G0 Z3.500
G0 X92.209 Y-247.330
G1 Z0.000 F1200
G1 X96.986 Y-240.581
G0 Z3.500
G0 X95.200 Y-242.986
G1 Z0.000 F1200
G1 X97.800 Y-242.786
G1 X98.000 Y-243.386
G1 X97.000 Y-244.387
G1 X96.000 Y-244.587
G1 X95.000 Y-243.186
G0 Z3.500
G0 X93.604 Y-242.872
G1 Z0.000 F1200
G1 X90.948 Y-249.251
G0 Z3.500
G0 X91.033 Y-251.308
G1 Z0.000 F1200
G1 X87.020 Y-257.669
G0 Z3.500
G0 X87.348 Y-257.877
G1 Z0.000 F1200
G1 X91.362 Y-251.516
G0 Z3.500
G0 X90.800 Y-251.993
G1 Z0.000 F1200
G1 X92.000 Y-251.993
G1 X92.000 Y-253.595
G1 X91.600 Y-254.595
G1 X90.600 Y-253.595
G1 X90.600 Y-252.193
G0 Z3.500
G0 X90.284 Y-252.348
G1 Z0.000 F1200
G1 X85.072 Y-258.282
G0 Z3.500
G0 X84.716 Y-257.969
G1 Z0.000 F1200
G1 X89.928 Y-252.035
G0 Z3.500
G0 X89.680 Y-252.252
G1 Z0.000 F1200
G1 X90.441 Y-250.013
G1 X91.168 Y-246.404
G1 X91.476 Y-239.827
G1 X90.978 Y-232.722
G1 X88.608 Y-213.225
G1 X88.361 Y-204.460
G1 X88.735 Y-200.292
G1 X89.549 Y-196.326
G1 X90.884 Y-192.603
G1 X92.104 Y-190.279
G0 Z3.500
G0 X93.437 Y-190.298
G1 Z0.000 F1200
G1 X92.376 Y-192.620
G1 X91.254 Y-196.339
G1 X90.627 Y-200.305
G1 X90.420 Y-204.473
G1 X90.953 Y-213.246
G1 X93.878 Y-232.811
G1 X94.625 Y-239.967
G1 X94.618 Y-246.613
G1 X94.104 Y-250.273
G1 X93.502 Y-252.550
G0 Z3.500
G0 X93.434 Y-251.788
G1 Z0.000 F1200
G1 X90.587 Y-256.607
G0 Z3.500
G0 X90.237 Y-256.400
G1 Z0.000 F1200
G1 X93.084 Y-251.581
G0 Z3.500
G0 X92.000 Y-252.193
G1 Z0.000 F1200
G1 X93.400 Y-252.394
G1 X95.000 Y-254.395
G1 X94.000 Y-255.196
G1 X92.000 Y-255.196
G1 X92.000 Y-252.394
G0 Z3.500
G0 X90.184 Y-252.644
G1 Z0.000 F1200
G1 X90.940 Y-250.355
G1 X91.661 Y-246.680
G1 X91.959 Y-240.025
G1 X91.453 Y-232.887
G1 X89.066 Y-213.564
G1 X88.809 Y-205.035
G1 X89.178 Y-201.028
G1 X89.986 Y-197.253
G1 X91.315 Y-193.755
G1 X92.530 Y-191.599
G0 Z3.500
G0 X94.831 Y-191.241
G1 Z0.000 F1200
G1 X90.646 Y-196.086
G0 Z3.500
G0 X90.507 Y-195.698
G1 Z0.000 F1200
G1 X87.981 Y-192.800
G0 Z3.500
G0 X87.990 Y-192.961
G1 Z0.000 F1200
G1 X86.920 Y-194.943
G1 X85.786 Y-198.208
G1 X85.149 Y-201.779
G1 X84.932 Y-205.604
G1 X85.450 Y-213.824
G1 X88.344 Y-232.561
G1 X89.078 Y-239.442
G1 X89.054 Y-245.790
G1 X88.528 Y-249.246
G1 X87.917 Y-251.373
G0 Z3.500
G0 X87.711 Y-251.650
G1 Z0.000 F1200
G1 X84.959 Y-257.122
G0 Z3.500
G0 X84.559 Y-256.920
G1 Z0.000 F1200
G1 X87.311 Y-251.448
G0 Z3.500
G0 X87.200 Y-251.393
G1 Z0.000 F1200
G1 X88.400 Y-251.193
G1 X89.800 Y-252.594
G1 X90.200 Y-252.594
G1 X90.600 Y-253.595
G1 X91.800 Y-254.796
G1 X91.600 Y-255.596
G1 X89.400 Y-255.796
G1 X88.600 Y-254.996
G1 X88.200 Y-253.595
G1 X86.600 Y-251.993
G1 X87.000 Y-251.593
G0 Z3.500
G0 X87.578 Y-251.516
G1 Z0.000 F1200
G1 X88.490 Y-245.889
G1 X88.332 Y-239.505
G1 X87.448 Y-232.587
G1 X84.217 Y-213.725
G1 X83.527 Y-205.416
G1 X83.644 Y-201.534
G1 X84.167 Y-197.898
G1 X85.172 Y-194.558
G1 X86.145 Y-192.519
G0 Z3.500
G0 X86.782 Y-191.733
G1 Z0.000 F1200
G1 X89.383 Y-185.347
G0 Z3.500
G0 X88.235 Y-185.659
G1 Z0.000 F1200
G1 X83.999 Y-181.333
G0 Z3.500
G0 X83.660 Y-182.065
G1 Z0.000 F1200
G1 X82.671 Y-186.381
G0 Z3.500
G0 X83.007 Y-186.009
G1 Z0.000 F1200
G1 X84.646 Y-182.243
G0 Z3.500
G0 X84.649 Y-182.245
G1 Z0.000 F1200
G1 X85.744 Y-179.095
G0 Z3.500
G0 X86.612 Y-179.841
G1 Z0.000 F1200
G1 X83.954 Y-183.984
G0 Z3.500
G0 X85.265 Y-185.494
G1 Z0.000 F1200
G1 X86.812 Y-180.764
G0 Z3.500
G0 X87.239 Y-180.868
G1 Z0.000 F1200
G1 X88.251 Y-179.751
G0 Z3.500
G0 X89.645 Y-180.595
G1 Z0.000 F1200
G1 X92.295 Y-183.203
G0 Z3.500
G0 X91.477 Y-183.213
G1 Z0.000 F1200
G1 X89.519 Y-181.495
G0 Z3.500
G0 X89.987 Y-181.070
G1 Z0.000 F1200
G1 X92.229 Y-175.880
G0 Z3.500
G0 X92.482 Y-176.987
G1 Z0.000 F1200
G1 X91.451 Y-180.642
G0 Z3.500
G0 X91.902 Y-181.224
G1 Z0.000 F1200
G1 X91.377 Y-183.101
G0 Z3.500
G0 X91.325 Y-184.054
G1 Z0.000 F1200
G1 X88.890 Y-188.578
G0 Z3.500
G0 X89.491 Y-188.563
G1 Z0.000 F1200
G1 X87.787 Y-190.733
G0 Z3.500
G0 X87.661 Y-190.345
G1 Z0.000 F1200
G1 X85.510 Y-188.116
G0 Z3.500
G0 X85.805 Y-188.622
G1 Z0.000 F1200
G1 X88.694 Y-191.076
G0 Z3.500
G0 X88.452 Y-189.504
G1 Z0.000 F1200
G1 X90.761 Y-183.856
G0 Z3.500
G0 X90.716 Y-184.595
G1 Z0.000 F1200
G1 X88.823 Y-187.743
G0 Z3.500
G0 X87.554 Y-188.320
G1 Z0.000 F1200
G1 X85.090 Y-185.922
G0 Z3.500
G0 X84.067 Y-187.788
G1 Z0.000 F1200
G1 X81.241 Y-185.602
G0 Z3.500
G0 X80.623 Y-184.206
G1 Z0.000 F1200
G1 X79.740 Y-188.232
G0 Z3.500
G0 X80.776 Y-187.540
G1 Z0.000 F1200
G1 X83.209 Y-189.361
G0 Z3.500
G0 X82.533 Y-189.194
G1 Z0.000 F1200
G1 X80.974 Y-192.856
G0 Z3.500
G0 X80.831 Y-192.291
G1 Z0.000 F1200
G1 X78.537 Y-197.773
G0 Z3.500
G0 X78.528 Y-198.899
G1 Z0.000 F1200
G1 X81.288 Y-195.748
G0 Z3.500
G0 X81.459 Y-195.596
G1 Z0.000 F1200
G1 X84.378 Y-198.922
G0 Z3.500
G0 X83.901 Y-198.414
G1 Z0.000 F1200
G1 X89.104 Y-204.393
G0 Z3.500
G0 X88.813 Y-204.646
G1 Z0.000 F1200
G1 X83.610 Y-198.667
G0 Z3.500
G0 X83.519 Y-198.443
G1 Z0.000 F1200
G1 X89.471 Y-203.493
G0 Z3.500
G0 X89.193 Y-203.821
G1 Z0.000 F1200
G1 X83.241 Y-198.772
G0 Z3.500
G0 X83.328 Y-198.651
G1 Z0.000 F1200
G1 X85.771 Y-195.433
G0 Z3.500
G0 X84.826 Y-196.177
G1 Z0.000 F1200
G1 X82.341 Y-193.521
G0 Z3.500
G0 X82.190 Y-194.675
G1 Z0.000 F1200
G1 X84.148 Y-196.208
G0 Z3.500
G0 X84.140 Y-194.543
G1 Z0.000 F1200
G1 X79.891 Y-189.690
G0 Z3.500
G0 X81.327 Y-189.825
G1 Z0.000 F1200
G1 X79.393 Y-192.118
G0 Z3.500
G0 X80.347 Y-192.401
G1 Z0.000 F1200
G1 X78.772 Y-195.014
G0 Z3.500
G0 X77.800 Y-194.545
G1 Z0.000 F1200
G1 X78.600 Y-194.345
G1 X79.200 Y-194.746
G1 X80.400 Y-196.747
G1 X80.400 Y-197.348
G1 X79.600 Y-197.548
G1 X78.800 Y-196.547
G1 X79.600 Y-197.548
G1 X78.800 Y-197.948
G1 X80.400 Y-197.548
G1 X81.600 Y-198.949
G1 X80.200 Y-198.949
G1 X79.800 Y-199.349
G1 X80.600 Y-199.950
G1 X80.600 Y-200.550
G1 X79.200 Y-200.951
G1 X81.400 Y-200.951
G1 X83.600 Y-203.153
G1 X84.000 Y-204.554
G1 X83.800 Y-206.155
G1 X80.000 Y-202.352
G1 X84.000 Y-206.355
G1 X84.400 Y-207.356
G1 X84.800 Y-210.959
G1 X84.400 Y-214.162
G1 X76.400 Y-206.155
G1 X74.000 Y-203.153
G1 X71.800 Y-201.751
G1 X70.200 Y-201.351
G1 X69.600 Y-200.751
G1 X69.800 Y-199.950
G1 X70.800 Y-198.949
G1 X72.400 Y-197.948
G1 X75.200 Y-197.148
G1 X72.400 Y-197.948
G1 X72.200 Y-197.148
G1 X72.800 Y-196.147
G1 X77.200 Y-194.946
G1 X77.400 Y-195.746
G1 X77.800 Y-195.947
G1 X77.400 Y-195.746
G1 X77.600 Y-194.545
G0 Z3.500
G0 X77.836 Y-195.718
G1 Z0.000 F1200
G1 X74.807 Y-192.582
G0 Z3.500
G0 X74.534 Y-192.845
G1 Z0.000 F1200
G1 X77.564 Y-195.982
G0 Z3.500
G0 X77.000 Y-192.544
G1 Z0.000 F1200
G1 X75.000 Y-194.345
G1 X75.000 Y-195.346
G1 X77.200 Y-194.946
G1 X78.200 Y-194.145
G1 X78.000 Y-192.544
G1 X77.600 Y-192.143
G1 X77.200 Y-192.344
G0 Z3.500
G0 X77.826 Y-191.858
G1 Z0.000 F1200
G1 X81.713 Y-195.010
G0 Z3.500
G0 X81.500 Y-195.202
G1 Z0.000 F1200
G1 X75.387 Y-188.211
G0 Z3.500
G0 X75.107 Y-188.456
G1 Z0.000 F1200
G1 X81.220 Y-195.448
G0 Z3.500
G0 X81.400 Y-195.346
G1 Z0.000 F1200
G1 X81.600 Y-196.547
G1 X82.800 Y-197.348
G1 X83.000 Y-196.747
G1 X82.400 Y-195.346
G1 X81.800 Y-194.946
G1 X81.400 Y-195.146
G0 Z3.500
G0 X81.762 Y-194.706
G1 Z0.000 F1200
G1 X80.075 Y-200.013
G0 Z3.500
G0 X79.293 Y-199.588
G1 Z0.000 F1200
G1 X82.489 Y-202.316
G0 Z3.500
G0 X83.274 Y-204.165
G1 Z0.000 F1200
G1 X82.144 Y-197.937
G1 X81.567 Y-191.628
G1 X81.521 Y-184.333
G1 X82.069 Y-177.301
G1 X83.125 Y-170.731
G1 X84.843 Y-164.046
G1 X86.987 Y-158.527
G1 X89.427 Y-154.474
G0 Z3.500
G0 X89.312 Y-154.510
G1 Z0.000 F1200
G1 X86.824 Y-158.993
G1 X84.660 Y-164.605
G1 X82.983 Y-171.118
G1 X82.044 Y-177.379
G1 X81.713 Y-184.004
G1 X82.099 Y-190.841
G1 X83.085 Y-196.756
G1 X84.747 Y-202.619
G0 Z3.500
G0 X84.227 Y-203.674
G1 Z0.000 F1200
G1 X87.868 Y-207.294
G0 Z3.500
G0 X87.823 Y-207.300
G1 Z0.000 F1200
G1 X89.581 Y-202.929
G0 Z3.500
G0 X89.176 Y-202.766
G1 Z0.000 F1200
G1 X87.418 Y-207.137
G0 Z3.500
G0 X87.503 Y-206.834
G1 Z0.000 F1200
G1 X88.933 Y-200.281
G0 Z3.500
G0 X89.357 Y-200.373
G1 Z0.000 F1200
G1 X87.926 Y-206.927
G0 Z3.500
G0 X87.536 Y-207.628
G1 Z0.000 F1200
G1 X83.895 Y-204.008
G0 Z3.500
G0 X84.908 Y-204.138
G1 Z0.000 F1200
G1 X91.417 Y-208.928
G0 Z3.500
G0 X91.718 Y-209.160
G1 Z0.000 F1200
G1 X95.029 Y-205.485
G0 Z3.500
G0 X94.785 Y-205.469
G1 Z0.000 F1200
G1 X91.152 Y-201.571
G0 Z3.500
G0 X90.219 Y-200.773
G1 Z0.000 F1200
G1 X86.888 Y-198.485
G0 Z3.500
G0 X86.800 Y-196.747
G1 Z0.000 F1200
G1 X89.200 Y-200.350
G1 X91.600 Y-202.952
G1 X92.400 Y-204.554
G1 X94.000 Y-205.354
G1 X93.400 Y-205.555
G1 X93.600 Y-205.755
G1 X88.600 Y-199.550
G1 X86.800 Y-196.547
G0 Z3.500
G0 X86.360 Y-201.354
G1 Z0.000 F1200
G1 X89.375 Y-204.946
G0 Z3.500
G0 X89.070 Y-205.203
G1 Z0.000 F1200
G1 X86.055 Y-201.610
G0 Z3.500
G0 X87.425 Y-203.059
G1 Z0.000 F1200
G1 X92.703 Y-208.220
G0 Z3.500
G0 X93.046 Y-207.869
G1 Z0.000 F1200
G1 X87.768 Y-202.708
G0 Z3.500
G0 X89.221 Y-202.339
G1 Z0.000 F1200
G1 X95.015 Y-206.437
G0 Z3.500
G0 X95.294 Y-206.042
G1 Z0.000 F1200
G1 X89.500 Y-201.944
G0 Z3.500
G0 X90.017 Y-203.737
G1 Z0.000 F1200
G1 X94.106 Y-207.745
G0 Z3.500
G0 X95.578 Y-209.049
G1 Z0.000 F1200
G1 X92.458 Y-205.123
G0 Z3.500
G0 X95.323 Y-205.751
G1 Z0.000 F1200
G1 X92.012 Y-209.425
G0 Z3.500
G0 X91.667 Y-208.587
G1 Z0.000 F1200
G1 X85.158 Y-203.798
G0 Z3.500
G0 X83.358 Y-205.560
G1 Z0.000 F1200
G1 X82.320 Y-198.950
G1 X81.765 Y-191.111
G1 X81.846 Y-183.354
G1 X82.486 Y-175.907
G1 X83.609 Y-169.001
G1 X85.384 Y-162.065
G1 X87.575 Y-156.476
G1 X89.743 Y-152.961
G0 Z3.500
G0 X89.594 Y-153.313
G1 Z0.000 F1200
G1 X93.883 Y-157.548
G1 X98.039 Y-163.063
G1 X101.115 Y-168.582
G1 X102.968 Y-173.562
G1 X103.729 Y-178.407
G1 X103.290 Y-182.249
G1 X102.631 Y-184.007
G1 X101.647 Y-185.628
G1 X99.224 Y-187.970
G0 Z3.500
G0 X99.214 Y-187.815
G1 Z0.000 F1200
G1 X101.776 Y-185.590
G1 X102.825 Y-184.043
G1 X103.536 Y-182.361
G1 X104.048 Y-178.671
G1 X103.328 Y-173.989
G1 X101.486 Y-169.137
G1 X98.405 Y-163.701
G1 X94.253 Y-158.164
G1 X90.008 Y-153.745
G0 Z3.500
G0 X90.833 Y-153.971
G1 Z0.000 F1200
G1 X88.101 Y-161.638
G0 Z3.500
G0 X87.871 Y-161.046
G1 Z0.000 F1200
G1 X86.690 Y-164.073
G0 Z3.500
G0 X88.598 Y-163.449
G1 Z0.000 F1200
G1 X90.502 Y-159.140
G0 Z3.500
G0 X91.010 Y-156.144
G1 Z0.000 F1200
G1 X96.039 Y-160.264
G1 X100.086 Y-164.605
G1 X102.703 Y-168.553
G1 X104.494 Y-172.978
G1 X105.119 Y-177.134
G1 X104.683 Y-181.611
G1 X102.977 Y-186.395
G1 X100.435 Y-190.607
G0 Z3.500
G0 X100.508 Y-190.233
G1 Z0.000 F1200
G1 X102.560 Y-192.706
G0 Z3.500
G0 X101.525 Y-192.637
G1 Z0.000 F1200
G1 X99.750 Y-195.291
G0 Z3.500
G0 X101.134 Y-194.491
G1 Z0.000 F1200
G1 X103.780 Y-190.369
G1 X105.534 Y-185.443
G1 X105.930 Y-180.606
G1 X105.683 Y-178.244
G1 X104.951 Y-175.173
G1 X102.728 Y-170.076
G1 X99.084 Y-164.807
G1 X94.157 Y-159.796
G1 X89.019 Y-155.989
G0 Z3.500
G0 X90.112 Y-155.343
G1 Z0.000 F1200
G1 X95.068 Y-158.741
G1 X100.022 Y-163.739
G1 X103.878 Y-169.341
G1 X106.439 Y-175.009
G1 X107.907 Y-181.279
G1 X108.055 Y-187.053
G1 X106.967 Y-193.124
G1 X104.970 Y-198.362
G0 Z3.500
G0 X104.895 Y-198.765
G1 Z0.000 F1200
G1 X107.028 Y-191.948
G1 X107.805 Y-185.406
G1 X107.414 Y-179.232
G1 X105.733 Y-172.622
G1 X103.019 Y-166.795
G1 X101.119 Y-163.874
G1 X99.037 Y-161.286
G1 X94.546 Y-157.222
G1 X92.250 Y-155.802
G1 X89.443 Y-154.657
G0 Z3.500
G0 X90.529 Y-154.921
G1 Z0.000 F1200
G1 X97.461 Y-159.678
G1 X102.018 Y-163.907
G1 X105.502 Y-168.565
G1 X107.144 Y-171.706
G1 X108.162 Y-174.317
G1 X109.533 Y-180.264
G1 X109.841 Y-187.275
G1 X108.874 Y-195.472
G1 X106.941 Y-203.296
G0 Z3.500
G0 X107.638 Y-204.306
G1 Z0.000 F1200
G1 X104.124 Y-200.047
G0 Z3.500
G0 X105.477 Y-200.476
G1 Z0.000 F1200
G1 X103.441 Y-205.246
G0 Z3.500
G0 X104.600 Y-203.553
G1 Z0.000 F1200
G1 X104.600 Y-207.356
G1 X106.000 Y-206.756
G1 X107.200 Y-205.555
G1 X107.000 Y-203.753
G1 X106.600 Y-203.353
G1 X107.000 Y-203.753
G1 X107.200 Y-205.354
G1 X108.000 Y-205.154
G1 X108.800 Y-203.953
G1 X109.000 Y-204.554
G1 X109.200 Y-204.354
G1 X107.400 Y-205.354
G1 X104.400 Y-208.957
G1 X103.000 Y-214.562
G1 X103.000 Y-218.365
G1 X103.200 Y-213.962
G1 X101.800 Y-213.361
G1 X102.200 Y-213.761
G1 X103.200 Y-213.561
G1 X104.400 Y-208.957
G1 X106.000 Y-207.356
G1 X105.800 Y-206.756
G1 X104.800 Y-207.156
G1 X103.600 Y-208.757
G1 X104.600 Y-207.356
G1 X104.600 Y-203.353
G0 Z3.500
G0 X105.114 Y-202.779
G1 Z0.000 F1200
G1 X107.624 Y-196.083
G1 X108.571 Y-192.213
G1 X109.136 Y-188.465
G1 X109.239 Y-181.378
G1 X108.836 Y-178.058
G1 X107.895 Y-173.887
G1 X105.336 Y-167.352
G1 X103.474 Y-164.096
G1 X101.409 Y-161.217
G1 X99.213 Y-158.738
G1 X96.390 Y-156.239
G1 X94.156 Y-154.748
G1 X91.510 Y-153.558
G0 Z3.500
G0 X91.081 Y-153.225
G1 Z0.000 F1200
G1 X96.312 Y-157.049
G1 X101.093 Y-161.843
G1 X104.802 Y-167.240
G1 X107.220 Y-172.879
G1 X108.411 Y-178.422
G1 X108.565 Y-184.641
G1 X107.471 Y-191.557
G1 X105.454 Y-197.869
G0 Z3.500
G0 X104.279 Y-197.817
G1 Z0.000 F1200
G1 X106.716 Y-191.812
G1 X108.193 Y-185.088
G1 X108.304 Y-178.932
G1 X107.917 Y-176.082
G1 X107.005 Y-172.533
G1 X104.505 Y-167.048
G1 X102.674 Y-164.353
G1 X100.633 Y-161.996
G1 X98.448 Y-159.990
G1 X95.617 Y-157.998
G1 X93.351 Y-156.834
G1 X90.628 Y-155.939
G0 Z3.500
G0 X90.655 Y-155.707
G1 Z0.000 F1200
G1 X93.781 Y-156.769
G1 X96.391 Y-158.101
G1 X99.685 Y-160.360
G1 X102.265 Y-162.636
G1 X104.727 Y-165.325
G1 X107.006 Y-168.422
G1 X109.037 Y-171.921
G1 X110.358 Y-174.807
G1 X111.798 Y-179.000
G1 X112.602 Y-182.401
G1 X113.382 Y-189.852
G1 X112.875 Y-198.157
G1 X111.311 Y-205.717
G0 Z3.500
G0 X111.514 Y-205.868
G1 Z0.000 F1200
G1 X113.439 Y-198.787
G1 X114.031 Y-194.749
G1 X114.239 Y-190.872
G1 X113.623 Y-183.607
G1 X112.859 Y-180.223
G1 X111.437 Y-175.974
G1 X108.042 Y-169.275
G1 X105.707 Y-165.876
G1 X103.176 Y-162.795
G1 X97.812 Y-157.607
G1 X91.288 Y-152.999
G0 Z3.500
G0 X92.026 Y-152.400
G1 Z0.000 F1200
G1 X95.569 Y-153.529
G1 X98.583 Y-154.877
G1 X102.455 Y-157.134
G1 X105.545 Y-159.408
G1 X108.550 Y-162.107
G1 X111.395 Y-165.241
G1 X114.006 Y-168.818
G1 X115.766 Y-171.797
G1 X117.791 Y-176.172
G1 X119.027 Y-179.760
G1 X119.986 Y-183.614
G1 X120.638 Y-187.739
G1 X120.951 Y-192.139
G1 X120.894 Y-196.817
G1 X119.891 Y-205.243
G0 Z3.500
G0 X120.170 Y-205.149
G1 Z0.000 F1200
G1 X121.243 Y-198.297
G1 X121.331 Y-194.328
G1 X121.043 Y-190.474
G1 X119.468 Y-183.142
G1 X116.783 Y-176.358
G1 X112.597 Y-169.215
G1 X106.936 Y-162.184
G1 X100.196 Y-155.882
G1 X96.594 Y-153.187
G1 X93.287 Y-151.110
G0 Z3.500
G0 X93.257 Y-150.644
G1 Z0.000 F1200
G1 X102.974 Y-157.750
G1 X109.321 Y-163.105
G1 X114.497 Y-168.624
G1 X117.124 Y-172.190
G1 X118.877 Y-175.083
G1 X121.676 Y-181.484
G1 X122.655 Y-185.017
G1 X123.310 Y-188.786
G1 X123.591 Y-195.629
G1 X122.722 Y-203.221
G0 Z3.500
G0 X122.156 Y-203.054
G1 Z0.000 F1200
G1 X123.297 Y-196.886
G1 X123.390 Y-193.295
G1 X123.082 Y-189.793
G1 X122.407 Y-186.383
G1 X121.400 Y-183.068
G1 X118.531 Y-176.745
G1 X114.056 Y-169.919
G1 X108.787 Y-163.737
G1 X101.561 Y-156.816
G1 X93.315 Y-150.081
G0 Z3.500
G0 X93.673 Y-150.366
G1 Z0.000 F1200
G1 X105.575 Y-159.982
G1 X111.414 Y-165.222
G1 X116.812 Y-171.101
G1 X120.746 Y-176.736
G1 X123.742 Y-182.997
G1 X124.799 Y-186.385
G1 X125.515 Y-189.957
G1 X125.854 Y-196.344
G1 X124.983 Y-203.308
G0 Z3.500
G0 X124.800 Y-202.352
G1 Z0.000 F1200
G1 X125.600 Y-202.352
G1 X128.000 Y-203.353
G1 X124.600 Y-202.152
G0 Z3.500
G0 X125.074 Y-201.749
G1 Z0.000 F1200
G1 X126.334 Y-196.024
G1 X126.278 Y-190.422
G1 X125.689 Y-187.131
G1 X124.732 Y-183.902
G1 X121.875 Y-177.652
G1 X117.311 Y-170.772
G1 X111.904 Y-164.412
G1 X105.343 Y-157.887
G1 X95.695 Y-149.280
G0 Z3.500
G0 X95.826 Y-148.695
G1 Z0.000 F1200
G1 X100.422 Y-152.559
G1 X111.936 Y-161.251
G1 X117.233 Y-165.585
G1 X122.053 Y-170.231
G1 X125.465 Y-174.399
G1 X128.542 Y-179.823
G1 X130.032 Y-184.750
G1 X130.338 Y-190.095
G1 X129.267 Y-195.904
G0 Z3.500
G0 X129.611 Y-196.264
G1 Z0.000 F1200
G1 X130.651 Y-192.874
G0 Z3.500
G0 X131.346 Y-193.162
G1 Z0.000 F1200
G1 X132.173 Y-189.499
G0 Z3.500
G0 X133.896 Y-188.390
G1 Z0.000 F1200
G1 X134.864 Y-186.339
G1 X134.704 Y-183.438
G1 X133.224 Y-180.202
G1 X130.642 Y-176.671
G1 X123.903 Y-169.702
G1 X104.988 Y-152.470
G1 X97.561 Y-144.470
G0 Z3.500
G0 X97.281 Y-144.598
G1 Z0.000 F1200
G1 X101.187 Y-149.256
G1 X106.561 Y-154.395
G1 X125.527 Y-169.246
G1 X131.501 Y-174.812
G1 X134.185 Y-178.352
G1 X135.586 Y-181.267
G1 X136.233 Y-185.065
G1 X135.740 Y-188.263
G0 Z3.500
G0 X135.064 Y-189.474
G1 Z0.000 F1200
G1 X134.269 Y-192.675
G0 Z3.500
G0 X134.840 Y-194.006
G1 Z0.000 F1200
G1 X133.662 Y-198.591
G0 Z3.500
G0 X133.989 Y-197.526
G1 Z0.000 F1200
G1 X134.487 Y-192.845
G1 X133.881 Y-187.401
G1 X132.088 Y-182.352
G1 X128.635 Y-176.727
G1 X124.896 Y-172.330
G1 X120.577 Y-168.130
G1 X102.206 Y-152.882
G1 X95.290 Y-146.230
G0 Z3.500
G0 X95.184 Y-147.203
G1 Z0.000 F1200
G1 X100.727 Y-152.446
G1 X112.447 Y-162.072
G1 X117.757 Y-166.777
G1 X121.812 Y-170.963
G1 X125.335 Y-175.472
G1 X128.602 Y-181.421
G1 X130.309 Y-186.919
G1 X130.898 Y-192.992
G1 X130.185 Y-199.718
G0 Z3.500
G0 X129.461 Y-200.933
G1 Z0.000 F1200
G1 X130.107 Y-198.316
G1 X130.623 Y-194.458
G1 X130.631 Y-190.688
G1 X130.176 Y-187.013
G1 X129.299 Y-183.441
G1 X128.045 Y-179.980
G1 X124.573 Y-173.422
G1 X119.286 Y-166.455
G1 X112.279 Y-159.516
G1 X104.139 Y-153.193
G1 X96.134 Y-148.257
G0 Z3.500
G0 X96.172 Y-147.862
G1 Z0.000 F1200
G1 X97.095 Y-143.629
G0 Z3.500
G0 X95.871 Y-144.396
G1 Z0.000 F1200
G1 X116.798 Y-160.224
G1 X123.858 Y-166.169
G1 X130.030 Y-171.999
G1 X134.189 Y-176.703
G1 X136.933 Y-180.956
G1 X137.886 Y-184.034
G1 X137.784 Y-185.634
G1 X137.408 Y-186.585
G0 Z3.500
G0 X137.143 Y-188.501
G1 Z0.000 F1200
G1 X136.148 Y-192.662
G0 Z3.500
G0 X136.556 Y-192.765
G1 Z0.000 F1200
G1 X136.959 Y-190.593
G1 X137.103 Y-187.399
G1 X136.229 Y-182.250
G1 X135.107 Y-179.267
G1 X133.594 Y-176.365
G1 X129.569 Y-170.809
G1 X124.513 Y-165.591
G1 X117.789 Y-159.941
G1 X111.727 Y-155.483
G1 X97.046 Y-145.404
G0 Z3.500
G0 X96.638 Y-145.933
G1 Z0.000 F1200
G1 X102.379 Y-151.692
G1 X121.432 Y-169.203
G1 X125.731 Y-173.690
G1 X129.441 Y-178.170
G1 X132.828 Y-183.501
G1 X134.529 Y-187.877
G1 X134.992 Y-192.164
G1 X134.337 Y-195.514
G0 Z3.500
G0 X133.322 Y-194.569
G1 Z0.000 F1200
G1 X131.712 Y-198.758
G0 Z3.500
G0 X133.640 Y-201.701
G1 Z0.000 F1200
G1 X132.757 Y-205.236
G0 Z3.500
G0 X132.345 Y-204.529
G1 Z0.000 F1200
G1 X133.449 Y-202.246
G0 Z3.500
G0 X132.153 Y-202.698
G1 Z0.000 F1200
G1 X135.601 Y-201.989
G0 Z3.500
G0 X136.528 Y-204.256
G1 Z0.000 F1200
G1 X127.282 Y-207.041
G0 Z3.500
G0 X126.209 Y-206.854
G1 Z0.000 F1200
G1 X122.996 Y-206.279
G0 Z3.500
G0 X123.132 Y-206.133
G1 Z0.000 F1200
G1 X123.754 Y-207.882
G0 Z3.500
G0 X124.282 Y-207.582
G1 Z0.000 F1200
G1 X124.717 Y-205.646
G0 Z3.500
G0 X125.720 Y-204.963
G1 Z0.000 F1200
G1 X126.551 Y-196.971
G1 X126.170 Y-189.897
G1 X124.747 Y-183.644
G1 X123.464 Y-180.247
G1 X121.905 Y-177.091
G1 X118.107 Y-171.418
G1 X113.647 Y-166.463
G1 X109.639 Y-162.761
G1 X99.260 Y-154.242
G1 X95.116 Y-150.501
G0 Z3.500
G0 X94.581 Y-150.479
G1 Z0.000 F1200
G1 X103.311 Y-156.955
G1 X110.432 Y-163.445
G1 X115.584 Y-169.485
G1 X118.172 Y-173.334
G1 X119.874 Y-176.412
G1 X122.504 Y-183.066
G1 X123.356 Y-186.645
G1 X123.849 Y-190.394
G1 X123.771 Y-197.022
G1 X122.419 Y-204.130
G0 Z3.500
G0 X121.874 Y-206.203
G1 Z0.000 F1200
G1 X123.220 Y-198.624
G1 X123.412 Y-194.341
G1 X123.187 Y-190.252
G1 X122.581 Y-186.356
G1 X121.631 Y-182.649
G1 X118.844 Y-175.798
G1 X117.082 Y-172.647
G1 X114.430 Y-168.728
G1 X109.205 Y-162.624
G1 X102.044 Y-156.149
G1 X93.957 Y-150.243
G0 Z3.500
G0 X94.027 Y-150.182
G1 Z0.000 F1200
G1 X104.617 Y-159.104
G1 X109.798 Y-164.167
G1 X113.871 Y-169.274
G1 X117.300 Y-175.287
G1 X118.682 Y-178.691
G1 X119.795 Y-182.391
G1 X120.952 Y-189.278
G1 X121.091 Y-197.160
G1 X120.046 Y-206.143
G0 Z3.500
G0 X119.301 Y-206.541
G1 Z0.000 F1200
G1 X119.991 Y-198.086
G1 X119.627 Y-190.401
G1 X118.016 Y-182.167
G1 X115.374 Y-174.980
G1 X113.750 Y-171.768
G1 X111.345 Y-167.871
G1 X106.698 Y-162.087
G1 X103.929 Y-159.356
G1 X100.497 Y-156.511
G1 X94.320 Y-152.640
G0 Z3.500
G0 X93.771 Y-152.668
G1 Z0.000 F1200
G1 X101.338 Y-160.314
G1 X106.253 Y-166.225
G1 X110.094 Y-172.087
G1 X113.048 Y-178.545
G1 X114.543 Y-184.522
G1 X114.841 Y-187.653
G1 X114.793 Y-190.876
G1 X113.850 Y-196.438
G1 X111.693 Y-202.226
G0 Z3.500
G0 X109.269 Y-203.574
G1 Z0.000 F1200
G1 X107.779 Y-205.874
G0 Z3.500
G0 X107.549 Y-204.867
G1 Z0.000 F1200
G1 X105.765 Y-202.922
G0 Z3.500
G0 X106.379 Y-201.024
G1 Z0.000 F1200
G1 X107.753 Y-199.505
G0 Z3.500
G0 X105.777 Y-196.494
G1 Z0.000 F1200
G1 X102.452 Y-202.214
G0 Z3.500
G0 X101.540 Y-201.557
G1 Z0.000 F1200
G1 X101.034 Y-205.297
G0 Z3.500
G0 X108.296 Y-204.332
G1 Z0.000 F1200
G1 X110.193 Y-206.324
G0 Z3.500
G0 X111.909 Y-205.388
G1 Z0.000 F1200
G1 X113.466 Y-197.395
G1 X113.950 Y-188.857
G1 X113.140 Y-181.407
G1 X111.260 Y-174.978
G1 X109.991 Y-172.125
G1 X108.020 Y-168.680
G1 X105.793 Y-165.624
G1 X103.377 Y-162.939
G1 X100.839 Y-160.606
G1 X97.597 Y-158.153
G1 X91.383 Y-154.649
G0 Z3.500
G0 X91.366 Y-154.592
G1 Z0.000 F1200
G1 X93.117 Y-155.088
G1 X94.963 Y-156.141
G1 X97.305 Y-158.152
G1 X99.126 Y-160.247
G1 X102.348 Y-165.488
G1 X103.617 Y-168.517
G1 X104.571 Y-171.742
G1 X105.283 Y-177.682
G1 X104.696 Y-182.875
G1 X103.914 Y-185.441
G1 X102.770 Y-187.954
G1 X99.982 Y-191.959
G0 Z3.500
G0 X99.716 Y-191.351
G1 Z0.000 F1200
G1 X101.027 Y-188.810
G0 Z3.500
G0 X100.435 Y-188.421
G1 Z0.000 F1200
G1 X93.920 Y-183.247
G0 Z3.500
G0 X94.180 Y-182.919
G1 Z0.000 F1200
G1 X100.696 Y-188.092
G0 Z3.500
G0 X102.149 Y-187.562
G1 Z0.000 F1200
G1 X101.505 Y-190.388
G0 Z3.500
G0 X101.379 Y-192.063
G1 Z0.000 F1200
G1 X103.558 Y-187.426
G1 X104.936 Y-181.952
G1 X105.153 Y-176.682
G1 X104.208 Y-170.939
G1 X102.275 Y-165.801
G1 X99.263 Y-160.895
G1 X97.578 Y-158.907
G1 X95.420 Y-156.923
G1 X93.314 Y-155.556
G1 X91.744 Y-154.950
G0 Z3.500
G0 X92.810 Y-154.393
G1 Z0.000 F1200
G1 X96.028 Y-155.783
G1 X98.799 Y-157.381
G1 X102.385 Y-159.974
G1 X105.260 Y-162.514
G1 X108.058 Y-165.459
G1 X110.703 Y-168.802
G1 X114.737 Y-175.584
G1 X117.332 Y-182.314
G1 X118.860 Y-189.860
G1 X119.145 Y-193.931
G1 X119.068 Y-198.195
G1 X118.047 Y-205.725
G0 Z3.500
G0 X118.694 Y-206.533
G1 Z0.000 F1200
G1 X120.103 Y-198.451
G1 X120.298 Y-191.072
G1 X119.904 Y-186.973
G1 X119.172 Y-183.117
G1 X116.845 Y-176.112
G1 X115.325 Y-172.956
G1 X113.012 Y-169.096
G1 X108.424 Y-163.273
G1 X102.183 Y-157.452
G1 X95.400 Y-152.729
G0 Z3.500
G0 X95.725 Y-152.942
G1 Z0.000 F1200
G1 X94.373 Y-158.006
G0 Z3.500
G0 X94.759 Y-158.110
G1 Z0.000 F1200
G1 X96.112 Y-153.045
G0 Z3.500
G0 X95.770 Y-151.789
G1 Z0.000 F1200
G1 X96.477 Y-148.966
G0 Z3.500
G0 X96.124 Y-149.993
G1 Z0.000 F1200
G1 X100.392 Y-153.733
G1 X111.294 Y-162.371
G1 X115.566 Y-166.144
G1 X120.365 Y-171.187
G1 X123.879 Y-175.925
G1 X125.694 Y-179.041
G1 X127.241 Y-182.385
G1 X129.116 Y-188.517
G1 X129.955 Y-195.425
G1 X129.577 Y-203.197
G0 Z3.500
G0 X130.911 Y-204.545
G1 Z0.000 F1200
G1 X131.931 Y-206.596
G0 Z3.500
G0 X128.044 Y-207.874
G1 Z0.000 F1200
G1 X123.443 Y-209.346
G0 Z3.500
G0 X123.140 Y-208.796
G1 Z0.000 F1200
G1 X122.979 Y-211.279
G0 Z3.500
G0 X122.293 Y-212.536
G1 Z0.000 F1200
G1 X120.601 Y-215.813
G0 Z3.500
G0 X119.386 Y-214.743
G1 Z0.000 F1200
G1 X118.004 Y-217.418
G0 Z3.500
G0 X119.918 Y-221.583
G1 Z0.000 F1200
G1 X120.425 Y-223.829
G0 Z3.500
G0 X123.423 Y-225.253
G1 Z0.000 F1200
G1 X122.619 Y-221.007
G0 Z3.500
G0 X126.329 Y-220.094
G1 Z0.000 F1200
G1 X124.770 Y-216.879
G0 Z3.500
G0 X127.022 Y-214.999
G1 Z0.000 F1200
G1 X127.485 Y-213.022
G0 Z3.500
G0 X128.306 Y-212.392
G1 Z0.000 F1200
G1 X127.868 Y-210.601
G0 Z3.500
G0 X129.034 Y-211.693
G1 Z0.000 F1200
G1 X129.632 Y-214.010
G0 Z3.500
G0 X131.294 Y-214.565
G1 Z0.000 F1200
G1 X131.452 Y-212.155
G0 Z3.500
G0 X136.167 Y-213.160
G1 Z0.000 F1200
G1 X136.295 Y-211.727
G0 Z3.500
G0 X138.004 Y-214.252
G1 Z0.000 F1200
G1 X138.113 Y-216.083
G0 Z3.500
G0 X139.722 Y-216.290
G1 Z0.000 F1200
G1 X140.335 Y-213.446
G0 Z3.500
G0 X140.950 Y-213.483
G1 Z0.000 F1200
G1 X142.739 Y-210.334
G0 Z3.500
G0 X144.978 Y-210.627
G1 Z0.000 F1200
G1 X145.888 Y-212.701
G0 Z3.500
G0 X143.929 Y-212.352
G1 Z0.000 F1200
G1 X143.546 Y-214.803
G0 Z3.500
G0 X142.611 Y-217.780
G1 Z0.000 F1200
G1 X142.085 Y-220.749
G0 Z3.500
G0 X140.683 Y-220.705
G1 Z0.000 F1200
G1 X140.423 Y-217.708
G0 Z3.500
G0 X138.753 Y-221.563
G1 Z0.000 F1200
G1 X139.268 Y-225.837
G0 Z3.500
G0 X138.012 Y-228.598
G1 Z0.000 F1200
G1 X138.849 Y-232.845
G0 Z3.500
G0 X139.598 Y-234.814
G1 Z0.000 F1200
G1 X138.575 Y-237.321
G0 Z3.500
G0 X139.450 Y-238.515
G1 Z0.000 F1200
G1 X140.296 Y-241.474
G0 Z3.500
G0 X138.039 Y-239.850
G1 Z0.000 F1200
G1 X136.829 Y-236.942
G0 Z3.500
G0 X134.926 Y-234.661
G1 Z0.000 F1200
G1 X133.331 Y-238.355
G0 Z3.500
G0 X131.970 Y-236.979
G1 Z0.000 F1200
G1 X131.261 Y-234.811
G0 Z3.500
G0 X134.122 Y-233.468
G1 Z0.000 F1200
G1 X135.575 Y-229.459
G0 Z3.500
G0 X130.401 Y-229.376
G1 Z0.000 F1200
G1 X129.095 Y-232.495
G0 Z3.500
G0 X128.618 Y-231.883
G1 Z0.000 F1200
G1 X126.921 Y-234.513
G0 Z3.500
G0 X127.800 Y-237.181
G1 Z0.000 F1200
G1 X124.600 Y-240.784
G1 X124.200 Y-242.385
G1 X124.600 Y-240.784
G1 X128.000 Y-237.181
G0 Z3.500
G0 X125.406 Y-237.909
G1 Z0.000 F1200
G1 X123.712 Y-240.776
G0 Z3.500
G0 X124.360 Y-241.445
G1 Z0.000 F1200
G1 X123.595 Y-243.693
G0 Z3.500
G0 X122.809 Y-242.997
G1 Z0.000 F1200
G1 X123.632 Y-239.019
G0 Z3.500
G0 X122.657 Y-236.197
G1 Z0.000 F1200
G1 X122.513 Y-233.766
G0 Z3.500
G0 X122.000 Y-233.578
G1 Z0.000 F1200
G1 X119.400 Y-238.782
G1 X118.800 Y-241.585
G1 X119.400 Y-238.782
G1 X121.800 Y-233.778
G0 Z3.500
G0 X118.255 Y-232.383
G1 Z0.000 F1200
G1 X118.035 Y-236.749
G0 Z3.500
G0 X118.800 Y-237.181
G1 Z0.000 F1200
G1 X117.800 Y-239.783
G1 X117.600 Y-241.985
G1 X117.800 Y-239.783
G1 X118.800 Y-237.381
G0 Z3.500
G0 X118.627 Y-238.996
G1 Z0.000 F1200
G1 X119.886 Y-242.400
G0 Z3.500
G0 X122.130 Y-241.754
G1 Z0.000 F1200
G1 X121.819 Y-243.950
G0 Z3.500
G0 X117.511 Y-242.030
G1 Z0.000 F1200
G1 X116.491 Y-237.735
G0 Z3.500
G0 X113.618 Y-236.283
G1 Z0.000 F1200
G1 X112.817 Y-233.063
G0 Z3.500
G0 X113.000 Y-233.778
G1 Z0.000 F1200
G1 X111.600 Y-235.379
G1 X110.200 Y-238.382
G1 X111.600 Y-235.379
G1 X112.800 Y-233.978
G0 Z3.500
G0 X111.369 Y-232.812
G1 Z0.000 F1200
G1 X109.677 Y-231.125
G0 Z3.500
G0 X117.714 Y-230.445
G1 Z0.000 F1200
G1 X117.862 Y-232.739
G0 Z3.500
G0 X125.349 Y-229.765
G1 Z0.000 F1200
G1 X125.894 Y-231.315
G0 Z3.500
G0 X126.377 Y-225.950
G1 Z0.000 F1200
G1 X126.612 Y-222.707
G0 Z3.500
G0 X135.918 Y-223.200
G1 Z0.000 F1200
G1 X136.236 Y-220.999
G0 Z3.500
G0 X146.786 Y-225.955
G1 Z0.000 F1200
G1 X148.271 Y-221.932
G0 Z3.500
G0 X153.868 Y-221.754
G1 Z0.000 F1200
G1 X153.672 Y-218.561
G0 Z3.500
G0 X154.837 Y-218.846
G1 Z0.000 F1200
G1 X155.383 Y-216.106
G0 Z3.500
G0 X157.447 Y-218.929
G1 Z0.000 F1200
G1 X156.558 Y-222.971
G0 Z3.500
G0 X153.527 Y-224.341
G1 Z0.000 F1200
G1 X154.122 Y-225.966
G0 Z3.500
G0 X153.265 Y-225.772
G1 Z0.000 F1200
G1 X151.982 Y-228.677
G0 Z3.500
G0 X150.951 Y-228.987
G1 Z0.000 F1200
G1 X150.143 Y-232.623
G0 Z3.500
G0 X150.600 Y-232.177
G1 Z0.000 F1200
G1 X150.800 Y-234.979
G1 X150.400 Y-236.981
G1 X150.800 Y-234.979
G1 X150.600 Y-231.977
G0 Z3.500
G0 X152.873 Y-232.656
G1 Z0.000 F1200
G1 X153.553 Y-234.591
G0 Z3.500
G0 X152.095 Y-235.596
G1 Z0.000 F1200
G1 X152.236 Y-237.876
G0 Z3.500
G0 X149.975 Y-236.310
G1 Z0.000 F1200
G1 X149.547 Y-234.157
G0 Z3.500
G0 X148.664 Y-235.048
G1 Z0.000 F1200
G1 X148.943 Y-238.924
G0 Z3.500
G0 X145.763 Y-238.703
G1 Z0.000 F1200
G1 X145.986 Y-236.164
G0 Z3.500
G0 X145.436 Y-232.902
G1 Z0.000 F1200
G1 X145.372 Y-230.674
G0 Z3.500
G0 X143.696 Y-231.270
G1 Z0.000 F1200
G1 X144.341 Y-233.203
G0 Z3.500
G0 X145.563 Y-242.443
G1 Z0.000 F1200
G1 X147.020 Y-245.376
G0 Z3.500
G0 X147.893 Y-245.731
G1 Z0.000 F1200
G1 X147.819 Y-243.049
G0 Z3.500
G0 X144.478 Y-246.474
G1 Z0.000 F1200
G1 X144.611 Y-248.126
G0 Z3.500
G0 X146.297 Y-249.879
G1 Z0.000 F1200
G1 X145.674 Y-253.021
G0 Z3.500
G0 X147.381 Y-255.332
G1 Z0.000 F1200
G1 X145.068 Y-259.174
G0 Z3.500
G0 X142.071 Y-259.438
G1 Z0.000 F1200
G1 X142.020 Y-256.990
G0 Z3.500
G0 X138.394 Y-256.981
G1 Z0.000 F1200
G1 X137.153 Y-259.456
G0 Z3.500
G0 X133.572 Y-254.190
G1 Z0.000 F1200
G1 X135.538 Y-250.590
G0 Z3.500
G0 X134.400 Y-251.393
G1 Z0.000 F1200
G1 X134.600 Y-252.794
G1 X134.200 Y-255.596
G1 X134.600 Y-252.794
G1 X134.400 Y-251.593
G0 Z3.500
G0 X138.970 Y-250.148
G1 Z0.000 F1200
G1 X139.630 Y-252.940
G0 Z3.500
G0 X136.117 Y-246.825
G1 Z0.000 F1200
G1 X136.406 Y-245.111
G0 Z3.500
G0 X133.535 Y-243.473
G1 Z0.000 F1200
G1 X134.326 Y-241.041
G0 Z3.500
G0 X132.621 Y-244.365
G1 Z0.000 F1200
G1 X131.250 Y-247.580
G0 Z3.500
G0 X129.200 Y-250.392
G1 Z0.000 F1200
G1 X128.200 Y-250.792
G1 X126.600 Y-252.193
G1 X126.000 Y-253.194
G1 X126.400 Y-253.595
G1 X125.400 Y-254.195
G1 X125.000 Y-255.596
G1 X125.400 Y-254.796
G1 X125.200 Y-253.995
G1 X124.600 Y-253.995
G1 X123.600 Y-255.196
G1 X123.600 Y-255.997
G1 X123.000 Y-255.596
G1 X124.200 Y-254.796
G1 X124.600 Y-253.995
G1 X125.600 Y-253.995
G1 X126.600 Y-252.193
G1 X129.000 Y-250.392
G0 Z3.500
G0 X128.293 Y-242.964
G1 Z0.000 F1200
G1 X129.294 Y-240.157
G0 Z3.500
G0 X150.263 Y-251.241
G1 Z0.000 F1200
G1 X149.187 Y-254.198
G0 Z3.500
G0 X148.106 Y-256.251
G1 Z0.000 F1200
G1 X147.953 Y-258.075
G0 Z3.500
G0 X153.706 Y-256.044
G1 Z0.000 F1200
G1 X154.680 Y-259.897
G0 Z3.500
G0 X158.978 Y-259.294
G1 Z0.000 F1200
G1 X158.097 Y-256.170
G0 Z3.500
G0 X160.049 Y-252.935
G1 Z0.000 F1200
G1 X158.810 Y-250.294
G0 Z3.500
G0 X155.685 Y-251.989
G1 Z0.000 F1200
G1 X155.278 Y-249.593
G0 Z3.500
G0 X153.235 Y-248.747
G1 Z0.000 F1200
G1 X152.392 Y-251.430
G0 Z3.500
G0 X161.857 Y-254.447
G1 Z0.000 F1200
G1 X162.794 Y-252.652
G0 Z3.500
G0 X165.259 Y-253.347
G1 Z0.000 F1200
G1 X165.680 Y-255.699
G0 Z3.500
G0 X165.751 Y-255.619
G1 Z0.000 F1200
G1 X166.517 Y-251.706
G0 Z3.500
G0 X168.400 Y-254.996
G1 Z0.000 F1200
G1 X171.000 Y-254.996
G1 X172.600 Y-255.396
G1 X173.800 Y-255.196
G1 X172.600 Y-255.396
G1 X171.000 Y-254.996
G1 X168.600 Y-254.996
G0 Z3.500
G0 X171.754 Y-253.173
G1 Z0.000 F1200
G1 X173.500 Y-250.496
G0 Z3.500
G0 X176.883 Y-249.506
G1 Z0.000 F1200
G1 X175.746 Y-253.511
G0 Z3.500
G0 X177.340 Y-255.244
G1 Z0.000 F1200
G1 X175.943 Y-257.920
G0 Z3.500
G0 X173.813 Y-259.070
G1 Z0.000 F1200
G1 X174.270 Y-255.842
G0 Z3.500
G0 X169.769 Y-249.529
G1 Z0.000 F1200
G1 X170.108 Y-248.038
G0 Z3.500
G0 X168.739 Y-244.636
G1 Z0.000 F1200
G1 X168.088 Y-241.608
G0 Z3.500
G0 X167.894 Y-239.792
G1 Z0.000 F1200
G1 X167.093 Y-237.882
G0 Z3.500
G0 X168.302 Y-234.642
G1 Z0.000 F1200
G1 X169.189 Y-231.831
G0 Z3.500
G0 X173.291 Y-231.817
G1 Z0.000 F1200
G1 X173.750 Y-227.455
G0 Z3.500
G0 X173.031 Y-226.920
G1 Z0.000 F1200
G1 X173.336 Y-222.330
G0 Z3.500
G0 X172.709 Y-221.721
G1 Z0.000 F1200
G1 X171.805 Y-223.348
G0 Z3.500
G0 X169.855 Y-220.245
G1 Z0.000 F1200
G1 X168.098 Y-223.486
G0 Z3.500
G0 X167.920 Y-223.578
G1 Z0.000 F1200
G1 X167.376 Y-225.245
G0 Z3.500
G0 X166.577 Y-225.414
G1 Z0.000 F1200
G1 X165.510 Y-228.340
G0 Z3.500
G0 X164.508 Y-228.845
G1 Z0.000 F1200
G1 X165.105 Y-226.490
G0 Z3.500
G0 X161.582 Y-224.818
G1 Z0.000 F1200
G1 X163.501 Y-222.017
G0 Z3.500
G0 X166.222 Y-216.714
G1 Z0.000 F1200
G1 X166.538 Y-214.916
G0 Z3.500
G0 X165.390 Y-213.118
G1 Z0.000 F1200
G1 X165.735 Y-210.533
G0 Z3.500
G0 X167.381 Y-208.372
G1 Z0.000 F1200
G1 X171.530 Y-207.404
G0 Z3.500
G0 X171.796 Y-206.535
G1 Z0.000 F1200
G1 X172.032 Y-209.575
G0 Z3.500
G0 X173.634 Y-207.992
G1 Z0.000 F1200
G1 X168.342 Y-209.239
G0 Z3.500
G0 X167.509 Y-208.348
G1 Z0.000 F1200
G1 X168.277 Y-204.908
G0 Z3.500
G0 X168.563 Y-205.161
G1 Z0.000 F1200
G1 X160.635 Y-207.200
G0 Z3.500
G0 X160.386 Y-207.289
G1 Z0.000 F1200
G1 X160.670 Y-204.043
G0 Z3.500
G0 X161.545 Y-204.161
G1 Z0.000 F1200
G1 X162.579 Y-206.649
G0 Z3.500
G0 X163.281 Y-205.061
G1 Z0.000 F1200
G1 X167.840 Y-206.609
G0 Z3.500
G0 X166.655 Y-201.563
G1 Z0.000 F1200
G1 X165.712 Y-197.825
G0 Z3.500
G0 X166.977 Y-197.046
G1 Z0.000 F1200
G1 X176.940 Y-196.366
G0 Z3.500
G0 X175.522 Y-196.642
G1 Z0.000 F1200
G1 X176.738 Y-194.115
G0 Z3.500
G0 X177.588 Y-194.237
G1 Z0.000 F1200
G1 X176.676 Y-191.178
G0 Z3.500
G0 X175.207 Y-190.200
G1 Z0.000 F1200
G1 X178.377 Y-189.742
G0 Z3.500
G0 X179.626 Y-191.362
G1 Z0.000 F1200
G1 X171.951 Y-192.718
G0 Z3.500
G0 X171.506 Y-191.992
G1 Z0.000 F1200
G1 X172.609 Y-189.382
G0 Z3.500
G0 X173.517 Y-187.309
G1 Z0.000 F1200
G1 X179.285 Y-185.855
G0 Z3.500
G0 X177.988 Y-186.203
G1 Z0.000 F1200
G1 X177.167 Y-183.311
G0 Z3.500
G0 X176.063 Y-186.750
G1 Z0.000 F1200
G1 X175.441 Y-189.295
G0 Z3.500
G0 X169.698 Y-190.089
G1 Z0.000 F1200
G1 X166.354 Y-190.476
G0 Z3.500
G0 X162.213 Y-190.684
G1 Z0.000 F1200
G1 X158.058 Y-192.350
G0 Z3.500
G0 X159.054 Y-195.650
G1 Z0.000 F1200
G1 X157.857 Y-199.202
G0 Z3.500
G0 X158.174 Y-200.044
G1 Z0.000 F1200
G1 X153.745 Y-200.223
G0 Z3.500
G0 X154.137 Y-202.066
G1 Z0.000 F1200
G1 X154.522 Y-203.943
G0 Z3.500
G0 X153.303 Y-207.203
G1 Z0.000 F1200
G1 X148.253 Y-209.130
G0 Z3.500
G0 X147.289 Y-207.835
G1 Z0.000 F1200
G1 X147.773 Y-205.870
G0 Z3.500
G0 X147.166 Y-204.418
G1 Z0.000 F1200
G1 X147.312 Y-207.654
G0 Z3.500
G0 X143.400 Y-207.341
G1 Z0.000 F1200
G1 X138.424 Y-208.592
G0 Z3.500
G0 X139.660 Y-208.774
G1 Z0.000 F1200
G1 X139.392 Y-205.472
G0 Z3.500
G0 X141.616 Y-205.117
G1 Z0.000 F1200
G1 X150.454 Y-204.793
G0 Z3.500
G0 X151.327 Y-207.097
G1 Z0.000 F1200
G1 X151.176 Y-210.098
G0 Z3.500
G0 X153.890 Y-209.415
G1 Z0.000 F1200
G1 X158.247 Y-207.952
G0 Z3.500
G0 X158.727 Y-209.390
G1 Z0.000 F1200
G1 X158.720 Y-212.946
G0 Z3.500
G0 X159.312 Y-215.908
G1 Z0.000 F1200
G1 X157.922 Y-218.580
G0 Z3.500
G0 X159.915 Y-227.111
G1 Z0.000 F1200
G1 X159.097 Y-229.309
G0 Z3.500
G0 X160.095 Y-234.281
G1 Z0.000 F1200
G1 X159.851 Y-237.772
G0 Z3.500
G0 X156.881 Y-238.761
G1 Z0.000 F1200
G1 X155.985 Y-242.096
G0 Z3.500
G0 X158.669 Y-243.231
G1 Z0.000 F1200
G1 X159.697 Y-241.728
G0 Z3.500
G0 X163.903 Y-239.691
G1 Z0.000 F1200
G1 X163.379 Y-236.985
G0 Z3.500
G0 X164.942 Y-244.055
G1 Z0.000 F1200
G1 X165.334 Y-246.337
G0 Z3.500
G0 X165.511 Y-246.309
G1 Z0.000 F1200
G1 X163.977 Y-248.553
G0 Z3.500
G0 X163.600 Y-256.641
G1 Z0.000 F1200
G1 X162.750 Y-259.045
G0 Z3.500
G0 X176.312 Y-247.820
G1 Z0.000 F1200
G1 X177.259 Y-244.880
G0 Z3.500
G0 X176.392 Y-244.034
G1 Z0.000 F1200
G1 X176.745 Y-242.274
G0 Z3.500
G0 X176.157 Y-239.823
G1 Z0.000 F1200
G1 X177.040 Y-237.271
G0 Z3.500
G0 X177.199 Y-235.752
G1 Z0.000 F1200
G1 X176.692 Y-233.917
G0 Z3.500
G0 X176.494 Y-231.089
G1 Z0.000 F1200
G1 X176.199 Y-227.995
G0 Z3.500
G0 X175.844 Y-226.983
G1 Z0.000 F1200
G1 X175.755 Y-224.496
G0 Z3.500
G0 X177.069 Y-222.846
G1 Z0.000 F1200
G1 X176.743 Y-218.614
G0 Z3.500
G0 X176.916 Y-218.014
G1 Z0.000 F1200
G1 X176.930 Y-215.283
G0 Z3.500
G0 X176.800 Y-216.964
G1 Z0.000 F1200
G1 X176.800 Y-227.773
G1 X176.400 Y-228.774
G1 X176.800 Y-228.774
G1 X176.800 Y-230.776
G1 X176.800 Y-217.164
G0 Z3.500
G0 X172.480 Y-215.326
G1 Z0.000 F1200
G1 X173.725 Y-211.630
G0 Z3.500
G0 X175.116 Y-211.096
G1 Z0.000 F1200
G1 X174.439 Y-207.938
G0 Z3.500
G0 X174.340 Y-206.622
G1 Z0.000 F1200
G1 X178.713 Y-205.651
G0 Z3.500
G0 X177.760 Y-206.672
G1 Z0.000 F1200
G1 X175.960 Y-202.797
G0 Z3.500
G0 X177.574 Y-203.117
G1 Z0.000 F1200
G1 X175.999 Y-198.780
G0 Z3.500
G0 X174.025 Y-199.636
G1 Z0.000 F1200
G1 X173.330 Y-202.171
G0 Z3.500
G0 X171.154 Y-197.862
G1 Z0.000 F1200
G1 X172.225 Y-195.803
G0 Z3.500
G0 X171.896 Y-197.309
G1 Z0.000 F1200
G1 X178.657 Y-196.200
G0 Z3.500
G0 X165.201 Y-201.513
G1 Z0.000 F1200
G1 X160.393 Y-201.623
G0 Z3.500
G0 X160.028 Y-201.867
G1 Z0.000 F1200
G1 X161.387 Y-198.061
G0 Z3.500
G0 X162.228 Y-197.040
G1 Z0.000 F1200
G1 X160.420 Y-200.193
G0 Z3.500
G0 X158.031 Y-202.489
G1 Z0.000 F1200
G1 X156.415 Y-199.020
G0 Z3.500
G0 X155.351 Y-198.457
G1 Z0.000 F1200
G1 X150.536 Y-199.578
G0 Z3.500
G0 X149.276 Y-198.751
G1 Z0.000 F1200
G1 X148.559 Y-200.903
G0 Z3.500
G0 X144.886 Y-199.454
G1 Z0.000 F1200
G1 X140.250 Y-200.773
G0 Z3.500
G0 X138.893 Y-199.899
G1 Z0.000 F1200
G1 X138.475 Y-198.507
G0 Z3.500
G0 X137.394 Y-199.318
G1 Z0.000 F1200
G1 X141.300 Y-198.964
G0 Z3.500
G0 X136.043 Y-196.855
G1 Z0.000 F1200
G1 X136.168 Y-191.257
G1 X135.013 Y-185.816
G1 X132.775 Y-180.550
G1 X128.939 Y-174.488
G1 X124.171 Y-168.736
G1 X118.811 Y-163.325
G1 X113.202 Y-158.286
G1 X98.290 Y-145.718
G0 Z3.500
G0 X96.566 Y-146.026
G1 Z0.000 F1200
G1 X117.553 Y-163.090
G1 X122.671 Y-168.077
G1 X127.042 Y-173.382
G1 X130.321 Y-179.021
G1 X131.969 Y-183.986
G1 X132.418 Y-189.201
G1 X132.027 Y-192.454
G1 X131.465 Y-194.675
G0 Z3.500
G0 X132.581 Y-193.087
G1 Z0.000 F1200
G1 X133.127 Y-188.367
G1 X132.354 Y-183.753
G1 X131.335 Y-181.039
G1 X129.949 Y-178.368
G1 X126.235 Y-173.168
G1 X121.536 Y-168.170
G1 X116.175 Y-163.392
G1 X95.302 Y-147.449
G0 Z3.500
G0 X94.922 Y-147.424
G1 Z0.000 F1200
G1 X105.344 Y-156.463
G1 X112.274 Y-163.067
G1 X117.925 Y-169.372
G1 X122.654 Y-176.076
G1 X125.584 Y-182.074
G1 X126.552 Y-185.142
G1 X127.134 Y-188.247
G1 X127.139 Y-193.485
G1 X125.775 Y-198.774
G0 Z3.500
G0 X125.205 Y-200.258
G1 Z0.000 F1200
G1 X126.439 Y-197.110
G0 Z3.500
G0 X128.224 Y-199.888
G1 Z0.000 F1200
G1 X128.862 Y-194.567
G1 X128.273 Y-189.393
G1 X126.627 Y-184.368
G1 X123.503 Y-178.538
G1 X119.404 Y-172.929
G1 X114.629 Y-167.543
G1 X94.721 Y-148.300
G0 Z3.500
G0 X94.142 Y-148.192
G1 Z0.000 F1200
G1 X92.819 Y-153.131
G0 Z3.500
G0 X92.245 Y-152.871
G1 Z0.000 F1200
G1 X100.475 Y-159.175
G1 X106.132 Y-164.459
G1 X110.614 Y-170.043
G1 X112.807 Y-173.709
G1 X114.217 Y-176.711
G1 X116.287 Y-183.426
G1 X116.881 Y-187.168
G1 X117.138 Y-191.184
G1 X116.723 Y-198.528
G1 X115.124 Y-206.740
G0 Z3.500
G0 X115.198 Y-206.431
G1 Z0.000 F1200
G1 X116.648 Y-198.488
G1 X116.986 Y-191.341
G1 X116.717 Y-187.410
G1 X116.131 Y-183.732
G1 X114.137 Y-177.082
G1 X112.791 Y-174.085
G1 X110.705 Y-170.400
G1 X106.462 Y-164.722
G1 X101.132 Y-159.256
G1 X92.854 Y-152.100
G0 Z3.500
G0 X93.200 Y-151.910
G1 Z0.000 F1200
G1 X93.000 Y-151.710
G1 X90.000 Y-153.311
G1 X87.000 Y-156.113
G1 X85.400 Y-158.315
G1 X84.000 Y-161.318
G1 X82.800 Y-166.122
G1 X83.600 Y-166.722
G1 X83.600 Y-167.923
G1 X83.600 Y-166.722
G1 X82.800 Y-166.122
G1 X82.000 Y-167.323
G1 X81.400 Y-169.725
G1 X81.000 Y-173.128
G1 X81.600 Y-173.728
G1 X82.200 Y-179.533
G1 X85.400 Y-191.743
G1 X82.200 Y-179.533
G1 X81.600 Y-173.728
G1 X81.000 Y-173.128
G1 X80.200 Y-173.728
G1 X80.200 Y-174.929
G1 X79.600 Y-175.730
G1 X79.600 Y-177.731
G1 X80.600 Y-177.731
G1 X79.600 Y-178.132
G1 X79.800 Y-180.534
G1 X80.600 Y-181.935
G1 X80.600 Y-183.536
G1 X80.600 Y-181.935
G1 X80.000 Y-180.734
G1 X79.400 Y-180.934
G1 X79.600 Y-183.336
G1 X80.000 Y-183.736
G1 X79.600 Y-183.336
G1 X79.400 Y-180.934
G1 X79.800 Y-180.534
G1 X79.800 Y-179.333
G1 X79.000 Y-179.333
G1 X78.400 Y-180.334
G1 X78.600 Y-179.733
G1 X79.600 Y-178.932
G1 X79.600 Y-175.730
G1 X80.200 Y-174.929
G1 X80.200 Y-173.728
G1 X81.000 Y-173.128
G1 X82.000 Y-167.323
G1 X82.800 Y-165.922
G1 X84.000 Y-161.318
G1 X85.400 Y-158.315
G1 X88.600 Y-154.512
G1 X90.000 Y-153.311
G1 X93.000 Y-151.710
G0 Z3.500
G0 X93.600 Y-152.711
G1 Z0.000 F1200
G1 X93.800 Y-153.311
G1 X91.800 Y-155.113
G1 X91.000 Y-156.314
G1 X90.400 Y-156.514
G1 X90.200 Y-155.713
G1 X91.800 Y-153.711
G1 X90.200 Y-155.713
G1 X90.400 Y-156.714
G1 X89.400 Y-158.315
G1 X88.200 Y-161.718
G1 X87.600 Y-164.520
G1 X87.200 Y-170.926
G1 X87.600 Y-164.520
G1 X88.600 Y-160.517
G1 X90.200 Y-156.914
G1 X93.400 Y-153.511
G1 X94.000 Y-153.311
G1 X93.600 Y-152.911
G0 Z3.500
G0 X93.566 Y-153.805
G1 Z0.000 F1200
G1 X100.479 Y-159.476
G1 X106.084 Y-165.310
G1 X110.099 Y-170.916
G1 X113.385 Y-177.550
G1 X115.328 Y-184.120
G1 X116.205 Y-191.564
G1 X115.944 Y-198.473
G1 X114.631 Y-206.057
G0 Z3.500
G0 X116.505 Y-206.231
G1 Z0.000 F1200
G1 X117.483 Y-197.633
G1 X117.551 Y-192.847
G1 X117.268 Y-188.341
G1 X115.780 Y-180.170
G1 X113.278 Y-173.120
G1 X111.728 Y-170.016
G1 X109.424 Y-166.314
G1 X106.918 Y-163.111
G1 X104.287 Y-160.408
G1 X101.609 Y-158.204
G1 X98.959 Y-156.499
G1 X96.414 Y-155.295
G1 X93.497 Y-154.493
G0 Z3.500
G0 X95.800 Y-155.513
G1 Z0.000 F1200
G1 X94.400 Y-157.114
G1 X93.400 Y-160.117
G1 X93.600 Y-162.519
G1 X94.000 Y-162.919
G1 X94.000 Y-165.721
G1 X94.000 Y-162.919
G1 X93.200 Y-160.917
G1 X92.000 Y-161.718
G1 X91.400 Y-163.520
G1 X89.600 Y-173.528
G1 X90.400 Y-174.329
G1 X90.800 Y-179.933
G1 X91.800 Y-184.337
G1 X93.000 Y-187.540
G1 X93.800 Y-187.940
G1 X94.000 Y-187.139
G1 X92.800 Y-184.537
G1 X91.800 Y-179.333
G1 X92.000 Y-173.128
G1 X91.800 Y-179.333
G1 X92.200 Y-182.335
G1 X93.400 Y-186.339
G1 X94.000 Y-187.139
G1 X94.200 Y-186.939
G1 X94.000 Y-187.740
G1 X95.000 Y-189.341
G1 X95.000 Y-190.742
G1 X97.000 Y-193.945
G1 X97.000 Y-195.146
G1 X97.800 Y-196.147
G1 X99.000 Y-196.547
G1 X100.400 Y-198.549
G1 X101.800 Y-198.949
G1 X102.000 Y-198.349
G1 X101.600 Y-197.748
G1 X102.400 Y-199.550
G1 X104.800 Y-199.149
G1 X105.400 Y-199.550
G1 X105.800 Y-200.751
G1 X106.600 Y-200.751
G1 X108.800 Y-201.751
G1 X110.200 Y-201.551
G1 X110.800 Y-201.952
G1 X109.800 Y-201.551
G1 X109.200 Y-201.952
G1 X109.400 Y-202.552
G1 X109.000 Y-201.751
G1 X106.600 Y-200.751
G1 X105.600 Y-200.951
G1 X105.600 Y-201.751
G1 X106.000 Y-202.152
G1 X105.400 Y-200.751
G1 X103.200 Y-200.150
G1 X102.800 Y-200.751
G1 X103.200 Y-201.551
G1 X102.600 Y-200.951
G1 X101.600 Y-200.951
G1 X101.200 Y-200.550
G1 X101.600 Y-200.951
G1 X102.600 Y-200.951
G1 X103.400 Y-199.750
G1 X100.600 Y-198.549
G1 X99.600 Y-199.149
G1 X100.200 Y-198.148
G1 X98.800 Y-196.347
G1 X97.800 Y-196.147
G1 X97.400 Y-197.148
G1 X98.400 Y-197.948
G1 X97.400 Y-197.348
G1 X97.200 Y-198.549
G1 X97.800 Y-199.149
G1 X98.400 Y-198.749
G1 X98.000 Y-199.550
G1 X99.400 Y-200.350
G1 X100.800 Y-202.152
G1 X99.400 Y-200.350
G1 X98.200 Y-199.750
G1 X96.800 Y-197.948
G1 X96.000 Y-197.548
G1 X95.400 Y-195.546
G1 X94.000 Y-194.746
G1 X93.800 Y-193.344
G1 X92.600 Y-191.743
G1 X92.600 Y-190.942
G1 X91.800 Y-190.542
G1 X91.800 Y-189.942
G1 X91.200 Y-189.341
G1 X90.200 Y-185.938
G1 X89.400 Y-185.338
G1 X89.200 Y-182.936
G1 X88.800 Y-182.135
G1 X89.000 Y-174.729
G1 X89.600 Y-173.528
G1 X90.200 Y-170.125
G1 X90.200 Y-168.524
G1 X92.000 Y-161.718
G1 X93.400 Y-160.717
G1 X94.400 Y-157.114
G1 X96.000 Y-155.313
G0 Z3.500
G0 X96.292 Y-155.262
G1 Z0.000 F1200
G1 X98.308 Y-150.573
G0 Z3.500
G0 X99.400 Y-150.509
G1 Z0.000 F1200
G1 X101.200 Y-151.710
G1 X105.000 Y-155.713
G1 X101.200 Y-151.710
G1 X99.600 Y-150.709
G0 Z3.500
G0 X101.259 Y-149.690
G1 Z0.000 F1200
G1 X99.891 Y-153.042
G0 Z3.500
G0 X98.400 Y-154.112
G1 Z0.000 F1200
G1 X100.600 Y-154.512
G1 X102.800 Y-155.713
G1 X100.600 Y-154.512
G1 X98.200 Y-154.112
G0 Z3.500
G0 X99.000 Y-156.113
G1 Z0.000 F1200
G1 X100.400 Y-159.516
G1 X100.400 Y-160.517
G1 X99.600 Y-160.917
G1 X98.800 Y-157.915
G1 X99.600 Y-162.118
G1 X100.000 Y-162.519
G1 X99.200 Y-163.920
G1 X99.600 Y-163.319
G1 X99.800 Y-164.120
G1 X100.600 Y-164.520
G1 X100.200 Y-167.723
G1 X100.800 Y-168.123
G1 X101.200 Y-170.325
G1 X101.400 Y-173.728
G1 X101.000 Y-174.128
G1 X101.000 Y-175.930
G1 X101.600 Y-176.530
G1 X101.800 Y-179.133
G1 X101.400 Y-179.733
G1 X101.400 Y-181.535
G1 X102.000 Y-183.937
G1 X104.400 Y-189.741
G1 X107.600 Y-194.145
G1 X108.800 Y-194.145
G1 X112.400 Y-197.748
G1 X113.200 Y-197.948
G1 X114.600 Y-199.149
G1 X114.600 Y-200.751
G1 X114.600 Y-199.750
G1 X115.200 Y-198.949
G1 X114.800 Y-199.349
G1 X113.200 Y-197.948
G1 X112.400 Y-197.748
G1 X109.000 Y-194.345
G1 X109.000 Y-193.344
G1 X107.600 Y-191.543
G1 X106.800 Y-187.740
G1 X108.000 Y-187.740
G1 X108.600 Y-188.340
G1 X108.400 Y-189.341
G1 X108.800 Y-189.741
G1 X109.400 Y-189.741
G1 X108.400 Y-189.341
G1 X108.600 Y-188.340
G1 X109.600 Y-187.740
G1 X110.800 Y-190.542
G1 X113.600 Y-193.144
G1 X113.200 Y-192.744
G1 X113.400 Y-192.344
G1 X115.000 Y-193.545
G1 X112.000 Y-190.342
G1 X113.200 Y-191.743
G1 X113.200 Y-192.344
G1 X112.400 Y-192.143
G1 X110.800 Y-190.542
G1 X109.800 Y-187.940
G1 X111.200 Y-187.940
G1 X111.400 Y-188.140
G1 X110.800 Y-187.740
G1 X109.800 Y-187.740
G1 X108.400 Y-185.938
G1 X106.600 Y-185.138
G1 X104.600 Y-179.733
G1 X103.600 Y-178.332
G1 X103.200 Y-176.931
G1 X102.400 Y-176.530
G1 X102.000 Y-174.128
G1 X101.400 Y-173.528
G1 X100.800 Y-168.123
G1 X100.200 Y-167.723
G1 X100.200 Y-166.122
G1 X100.600 Y-165.321
G1 X100.400 Y-159.516
G1 X99.000 Y-156.314
G0 Z3.500
G0 X100.198 Y-156.341
G1 Z0.000 F1200
G1 X98.794 Y-159.744
G0 Z3.500
G0 X99.600 Y-160.917
G1 Z0.000 F1200
G1 X100.600 Y-160.917
G1 X100.600 Y-162.118
G1 X100.200 Y-162.519
G1 X99.600 Y-162.118
G1 X99.600 Y-161.118
G0 Z3.500
G0 X99.800 Y-162.719
G1 Z0.000 F1200
G1 X100.200 Y-162.519
G1 X100.600 Y-162.919
G1 X100.400 Y-164.320
G1 X99.800 Y-164.120
G1 X99.800 Y-162.919
G0 Z3.500
G0 X99.188 Y-163.046
G1 Z0.000 F1200
G1 X98.053 Y-167.748
G0 Z3.500
G0 X98.964 Y-168.671
G1 Z0.000 F1200
G1 X100.714 Y-164.471
G0 Z3.500
G0 X98.253 Y-162.219
G1 Z0.000 F1200
G1 X97.228 Y-164.834
G0 Z3.500
G0 X94.987 Y-162.002
G1 Z0.000 F1200
G1 X92.922 Y-166.721
G0 Z3.500
G0 X92.000 Y-167.123
G1 Z0.000 F1200
G1 X92.600 Y-169.925
G1 X92.000 Y-167.323
G0 Z3.500
G0 X90.558 Y-168.721
G1 Z0.000 F1200
G1 X92.333 Y-163.991
G0 Z3.500
G0 X92.871 Y-165.305
G1 Z0.000 F1200
G1 X94.354 Y-161.005
G0 Z3.500
G0 X93.702 Y-162.344
G1 Z0.000 F1200
G1 X95.265 Y-157.168
G0 Z3.500
G0 X94.889 Y-157.054
G1 Z0.000 F1200
G1 X93.326 Y-162.230
G0 Z3.500
G0 X90.121 Y-163.975
G1 Z0.000 F1200
G1 X88.814 Y-168.140
G0 Z3.500
G0 X87.937 Y-166.742
G1 Z0.000 F1200
G1 X86.703 Y-171.072
G0 Z3.500
G0 X87.466 Y-170.654
G1 Z0.000 F1200
G1 X86.583 Y-173.671
G0 Z3.500
G0 X85.400 Y-174.128
G1 Z0.000 F1200
G1 X85.400 Y-175.730
G1 X84.800 Y-176.330
G1 X84.800 Y-177.131
G1 X85.800 Y-177.932
G1 X86.200 Y-182.535
G1 X87.200 Y-186.339
G1 X87.000 Y-186.939
G1 X86.200 Y-186.739
G1 X85.400 Y-183.336
G1 X87.200 Y-189.942
G1 X87.200 Y-189.341
G1 X87.800 Y-189.141
G1 X89.800 Y-194.145
G1 X92.200 Y-197.748
G1 X92.200 Y-198.549
G1 X93.400 Y-199.750
G1 X94.400 Y-200.150
G1 X94.600 Y-201.351
G1 X96.000 Y-203.153
G1 X94.600 Y-201.351
G1 X94.400 Y-200.350
G1 X95.200 Y-200.350
G1 X95.800 Y-200.951
G1 X96.400 Y-202.152
G1 X97.400 Y-202.952
G1 X97.200 Y-203.953
G1 X100.000 Y-207.756
G1 X97.200 Y-203.953
G1 X97.400 Y-202.952
G1 X98.200 Y-202.752
G1 X100.400 Y-204.754
G1 X100.800 Y-205.555
G1 X99.400 Y-203.753
G1 X98.200 Y-202.752
G1 X97.000 Y-202.752
G1 X95.800 Y-200.951
G1 X94.000 Y-199.750
G1 X94.000 Y-198.949
G1 X91.800 Y-197.348
G1 X89.400 Y-193.344
G1 X88.000 Y-189.942
G1 X86.400 Y-183.736
G1 X85.800 Y-177.932
G1 X86.600 Y-176.130
G1 X86.000 Y-176.931
G1 X85.600 Y-176.530
G1 X85.400 Y-174.329
G0 Z3.500
G0 X86.815 Y-175.224
G1 Z0.000 F1200
G1 X85.393 Y-180.967
G0 Z3.500
G0 X82.004 Y-182.469
G1 Z0.000 F1200
G1 X78.642 Y-179.126
G0 Z3.500
G0 X78.643 Y-178.830
G1 Z0.000 F1200
G1 X76.074 Y-181.402
G0 Z3.500
G0 X76.577 Y-180.594
G1 Z0.000 F1200
G1 X79.866 Y-184.253
G0 Z3.500
G0 X77.390 Y-184.841
G1 Z0.000 F1200
G1 X76.066 Y-188.594
G0 Z3.500
G0 X75.750 Y-190.286
G1 Z0.000 F1200
G1 X77.990 Y-186.241
G0 Z3.500
G0 X81.200 Y-188.340
G1 Z0.000 F1200
G1 X81.000 Y-189.341
G1 X83.200 Y-193.745
G1 X83.200 Y-194.746
G1 X83.400 Y-194.946
G1 X83.200 Y-193.945
G1 X83.600 Y-193.745
G1 X84.600 Y-195.146
G1 X85.600 Y-198.349
G1 X88.400 Y-201.551
G1 X85.600 Y-198.349
G1 X85.600 Y-197.348
G1 X86.400 Y-197.948
G1 X85.200 Y-196.947
G1 X84.200 Y-194.345
G1 X83.000 Y-193.545
G1 X81.000 Y-189.341
G1 X81.200 Y-188.540
G0 Z3.500
G0 X84.146 Y-188.494
G1 Z0.000 F1200
G1 X79.846 Y-193.189
G0 Z3.500
G0 X76.061 Y-201.570
G1 Z0.000 F1200
G1 X75.890 Y-197.312
G1 X76.130 Y-191.711
G1 X76.792 Y-185.709
G1 X78.005 Y-178.390
G1 X81.435 Y-163.600
G1 X86.333 Y-147.567
G0 Z3.500
G0 X87.108 Y-147.657
G1 Z0.000 F1200
G1 X88.383 Y-143.044
G0 Z3.500
G0 X86.057 Y-143.426
G1 Z0.000 F1200
G1 X87.353 Y-140.165
G0 Z3.500
G0 X93.503 Y-145.772
G1 Z0.000 F1200
G1 X91.601 Y-150.715
G0 Z3.500
G0 X90.291 Y-150.556
G1 Z0.000 F1200
G1 X91.661 Y-147.340
G0 Z3.500
G0 X88.800 Y-149.108
G1 Z0.000 F1200
G1 X89.600 Y-149.108
G1 X88.000 Y-149.308
G1 X85.000 Y-151.309
G1 X88.600 Y-149.108
G0 Z3.500
G0 X90.076 Y-150.788
G1 Z0.000 F1200
G1 X87.917 Y-157.067
G0 Z3.500
G0 X87.156 Y-154.845
G1 Z0.000 F1200
G1 X86.197 Y-158.845
G0 Z3.500
G0 X84.302 Y-159.628
G1 Z0.000 F1200
G1 X82.468 Y-165.275
G0 Z3.500
G0 X82.302 Y-165.200
G1 Z0.000 F1200
G1 X81.279 Y-168.510
G0 Z3.500
G0 X83.978 Y-170.129
G1 Z0.000 F1200
G1 X82.767 Y-173.374
G0 Z3.500
G0 X85.000 Y-176.130
G1 Z0.000 F1200
G1 X85.400 Y-175.930
G1 X86.000 Y-176.931
G1 X85.800 Y-177.932
G1 X84.800 Y-177.131
G1 X84.800 Y-176.330
G0 Z3.500
G0 X87.531 Y-175.540
G1 Z0.000 F1200
G1 X90.160 Y-169.335
G0 Z3.500
G0 X90.530 Y-169.492
G1 Z0.000 F1200
G1 X87.901 Y-175.697
G0 Z3.500
G0 X88.800 Y-176.383
G1 Z0.000 F1200
G1 X90.654 Y-170.805
G0 Z3.500
G0 X91.020 Y-170.927
G1 Z0.000 F1200
G1 X89.166 Y-176.505
G0 Z3.500
G0 X89.200 Y-174.128
G1 Z0.000 F1200
G1 X88.800 Y-176.931
G1 X88.800 Y-182.135
G1 X89.200 Y-182.936
G1 X90.000 Y-182.736
G1 X90.000 Y-180.734
G1 X90.000 Y-182.936
G1 X90.600 Y-185.138
G1 X90.200 Y-186.339
G1 X91.200 Y-189.341
G1 X91.800 Y-189.741
G1 X92.600 Y-188.941
G1 X91.800 Y-189.741
G1 X91.800 Y-190.542
G1 X92.600 Y-190.742
G1 X93.000 Y-189.741
G1 X92.600 Y-191.743
G1 X93.400 Y-192.944
G1 X95.200 Y-193.745
G1 X95.600 Y-195.146
G1 X96.800 Y-195.146
G1 X96.800 Y-193.545
G1 X95.000 Y-190.542
G1 X94.200 Y-189.942
G1 X92.600 Y-186.739
G1 X90.800 Y-179.933
G1 X90.400 Y-174.329
G1 X89.800 Y-173.728
G1 X89.200 Y-173.928
G0 Z3.500
G0 X92.057 Y-171.768
G1 Z0.000 F1200
G1 X93.842 Y-166.244
G0 Z3.500
G0 X90.431 Y-165.568
G1 Z0.000 F1200
G1 X88.986 Y-170.178
G0 Z3.500
G0 X87.363 Y-169.313
G1 Z0.000 F1200
G1 X88.704 Y-164.253
G0 Z3.500
G0 X82.797 Y-160.600
G1 Z0.000 F1200
G1 X83.669 Y-157.336
G0 Z3.500
G0 X83.960 Y-157.029
G1 Z0.000 F1200
G1 X85.176 Y-153.891
G0 Z3.500
G0 X88.478 Y-151.652
G1 Z0.000 F1200
G1 X85.866 Y-158.288
G1 X83.788 Y-165.113
G1 X82.091 Y-172.582
G1 X81.036 Y-179.472
G1 X80.484 Y-186.540
G1 X80.488 Y-192.629
G1 X80.997 Y-198.649
G1 X82.074 Y-204.506
G0 Z3.500
G0 X73.842 Y-203.341
G1 Z0.000 F1200
G1 X68.545 Y-208.501
G0 Z3.500
G0 X68.253 Y-208.200
G1 Z0.000 F1200
G1 X73.549 Y-203.040
G0 Z3.500
G0 X70.083 Y-205.937
G1 Z0.000 F1200
G1 X72.565 Y-208.529
G0 Z3.500
G0 X71.315 Y-207.856
G1 Z0.000 F1200
G1 X73.638 Y-210.304
G0 Z3.500
G0 X71.165 Y-212.292
G1 Z0.000 F1200
G1 X68.963 Y-215.630
G0 Z3.500
G0 X68.580 Y-215.377
G1 Z0.000 F1200
G1 X70.782 Y-212.039
G0 Z3.500
G0 X67.800 Y-213.561
G1 Z0.000 F1200
G1 X69.800 Y-213.561
G1 X77.000 Y-220.767
G1 X76.200 Y-221.568
G1 X74.400 Y-221.568
G1 X67.200 Y-214.562
G1 X67.600 Y-213.761
G0 Z3.500
G0 X66.400 Y-214.962
G1 Z0.000 F1200
G1 X67.600 Y-214.762
G1 X74.400 Y-221.568
G1 X73.400 Y-222.569
G1 X72.800 Y-222.569
G1 X71.400 Y-221.168
G1 X70.800 Y-221.168
G1 X66.000 Y-216.364
G1 X65.800 Y-215.763
G1 X66.400 Y-215.163
G0 Z3.500
G0 X73.293 Y-216.972
G1 Z0.000 F1200
G1 X72.090 Y-222.300
G0 Z3.500
G0 X79.000 Y-227.573
G1 Z0.000 F1200
G1 X75.600 Y-230.976
G1 X76.000 Y-231.776
G1 X76.400 Y-231.776
G1 X80.000 Y-228.173
G1 X79.800 Y-227.173
G1 X79.200 Y-227.373
G0 Z3.500
G0 X81.400 Y-234.379
G1 Z0.000 F1200
G1 X82.400 Y-234.379
G1 X83.200 Y-236.180
G1 X82.400 Y-236.981
G1 X80.800 Y-236.981
G1 X82.400 Y-237.181
G1 X81.600 Y-237.982
G1 X80.800 Y-238.182
G1 X79.800 Y-239.383
G1 X79.400 Y-239.183
G1 X79.400 Y-238.582
G1 X79.200 Y-239.383
G1 X78.600 Y-238.782
G1 X78.600 Y-238.182
G1 X81.200 Y-234.579
G0 Z3.500
G0 X74.716 Y-246.075
G1 Z0.000 F1200
G1 X72.883 Y-248.644
G0 Z3.500
G0 X73.272 Y-248.923
G1 Z0.000 F1200
G1 X75.106 Y-246.354
G0 Z3.500
G0 X72.800 Y-247.790
G1 Z0.000 F1200
G1 X73.400 Y-247.790
G1 X73.400 Y-250.192
G1 X71.800 Y-251.593
G1 X71.400 Y-251.193
G1 X71.400 Y-248.390
G1 X71.800 Y-247.990
G1 X72.600 Y-247.990
G0 Z3.500
G0 X72.377 Y-254.281
G1 Z0.000 F1200
G1 X70.734 Y-259.539
G0 Z3.500
G0 X71.180 Y-259.679
G1 Z0.000 F1200
G1 X72.823 Y-254.421
G0 Z3.500
G0 X72.404 Y-254.549
G1 Z0.000 F1200
G1 X71.119 Y-258.883
G0 Z3.500
G0 X70.669 Y-258.749
G1 Z0.000 F1200
G1 X71.955 Y-254.416
G0 Z3.500
G0 X74.953 Y-257.553
G1 Z0.000 F1200
G1 X76.788 Y-258.936
G0 Z3.500
G0 X79.519 Y-257.356
G1 Z0.000 F1200
G1 X81.357 Y-259.125
G0 Z3.500
G0 X80.914 Y-259.318
G1 Z0.000 F1200
G1 X86.323 Y-253.698
G0 Z3.500
G0 X86.373 Y-254.376
G1 Z0.000 F1200
G1 X82.578 Y-258.847
G0 Z3.500
G0 X82.880 Y-259.104
G1 Z0.000 F1200
G1 X86.708 Y-254.662
G0 Z3.500
G0 X85.530 Y-253.502
G1 Z0.000 F1200
G1 X80.188 Y-259.005
G0 Z3.500
G0 X82.972 Y-259.205
G1 Z0.000 F1200
G1 X85.376 Y-256.814
G0 Z3.500
G0 X86.035 Y-257.303
G1 Z0.000 F1200
G1 X90.270 Y-251.680
G0 Z3.500
G0 X89.000 Y-250.792
G1 Z0.000 F1200
G1 X89.600 Y-250.592
G1 X90.800 Y-250.992
G1 X91.200 Y-251.593
G1 X90.200 Y-252.594
G1 X89.800 Y-252.594
G1 X88.400 Y-251.193
G1 X88.800 Y-250.992
G0 Z3.500
G0 X85.129 Y-253.460
G1 Z0.000 F1200
G1 X89.358 Y-257.700
G0 Z3.500
G0 X89.011 Y-258.046
G1 Z0.000 F1200
G1 X84.782 Y-253.806
G0 Z3.500
G0 X87.054 Y-256.852
G1 Z0.000 F1200
G1 X89.443 Y-259.289
G0 Z3.500
G0 X90.906 Y-257.425
G1 Z0.000 F1200
G1 X95.658 Y-251.464
G0 Z3.500
G0 X95.332 Y-251.204
G1 Z0.000 F1200
G1 X90.580 Y-257.164
G0 Z3.500
G0 X90.543 Y-257.142
G1 Z0.000 F1200
G1 X95.308 Y-250.371
G0 Z3.500
G0 X95.424 Y-250.591
G1 Z0.000 F1200
G1 X93.576 Y-257.844
G0 Z3.500
G0 X94.032 Y-257.960
G1 Z0.000 F1200
G1 X95.880 Y-250.707
G0 Z3.500
G0 X94.964 Y-250.129
G1 Z0.000 F1200
G1 X90.200 Y-256.900
G0 Z3.500
G0 X92.039 Y-254.711
G1 Z0.000 F1200
G1 X94.481 Y-249.994
G0 Z3.500
G0 X95.000 Y-251.793
G1 Z0.000 F1200
G1 X95.200 Y-251.593
G1 X95.600 Y-251.993
G1 X95.400 Y-254.395
G1 X95.000 Y-254.195
G1 X95.000 Y-251.993
G0 Z3.500
G0 X95.545 Y-251.884
G1 Z0.000 F1200
G1 X96.232 Y-249.692
G1 X96.860 Y-246.142
G1 X97.028 Y-239.631
G1 X96.415 Y-232.536
G1 X93.787 Y-212.706
G1 X93.407 Y-203.562
G1 X93.704 Y-199.139
G1 X94.431 Y-194.871
G1 X95.667 Y-190.797
G1 X96.813 Y-188.208
G0 Z3.500
G0 X95.595 Y-190.045
G1 Z0.000 F1200
G1 X93.632 Y-195.460
G0 Z3.500
G0 X90.451 Y-193.177
G1 Z0.000 F1200
G1 X91.916 Y-187.125
G0 Z3.500
G0 X92.077 Y-187.061
G1 Z0.000 F1200
G1 X93.819 Y-182.422
G0 Z3.500
G0 X94.012 Y-182.326
G1 Z0.000 F1200
G1 X90.992 Y-187.421
G0 Z3.500
G0 X91.507 Y-189.085
G1 Z0.000 F1200
G1 X93.093 Y-184.511
G0 Z3.500
G0 X92.292 Y-184.096
G1 Z0.000 F1200
G1 X90.682 Y-189.336
G0 Z3.500
G0 X95.298 Y-183.973
G1 Z0.000 F1200
G1 X98.130 Y-186.046
G0 Z3.500
G0 X99.114 Y-187.206
G1 Z0.000 F1200
G1 X97.966 Y-189.923
G1 X96.727 Y-194.171
G1 X95.997 Y-198.598
G1 X95.698 Y-203.169
G1 X96.074 Y-212.611
G1 X98.693 Y-233.301
G1 X99.304 Y-240.892
G1 X99.131 Y-248.041
G1 X98.500 Y-252.052
G1 X97.811 Y-254.589
G0 Z3.500
G0 X93.453 Y-247.462
G1 Z0.000 F1200
G1 X90.981 Y-244.856
G0 Z3.500
G0 X91.320 Y-244.534
G1 Z0.000 F1200
G1 X93.792 Y-247.139
G0 Z3.500
G0 X91.617 Y-245.651
G1 Z0.000 F1200
G1 X92.887 Y-241.862
G0 Z3.500
G0 X92.432 Y-241.709
G1 Z0.000 F1200
G1 X91.162 Y-245.498
G0 Z3.500
G0 X100.400 Y-227.973
G1 Z0.000 F1200
G1 X100.200 Y-231.977
G1 X100.200 Y-231.376
G1 X99.800 Y-231.176
G1 X100.400 Y-230.976
G1 X100.400 Y-227.773
G0 Z3.500
G0 X101.077 Y-224.449
G1 Z0.000 F1200
G1 X103.035 Y-221.530
G0 Z3.500
G0 X105.007 Y-222.332
G1 Z0.000 F1200
G1 X103.688 Y-224.447
G0 Z3.500
G0 X99.348 Y-221.993
G1 Z0.000 F1200
G1 X97.685 Y-220.290
G0 Z3.500
G0 X110.317 Y-221.383
G1 Z0.000 F1200
G1 X111.739 Y-219.983
G0 Z3.500
G0 X112.439 Y-218.320
G1 Z0.000 F1200
G1 X113.495 Y-216.195
G0 Z3.500
G0 X113.660 Y-219.727
G1 Z0.000 F1200
G1 X112.487 Y-222.695
G0 Z3.500
G0 X118.190 Y-212.183
G1 Z0.000 F1200
G1 X119.106 Y-210.870
G0 Z3.500
G0 X117.800 Y-208.357
G1 Z0.000 F1200
G1 X121.200 Y-214.962
G1 X124.000 Y-218.165
G1 X125.000 Y-218.766
G1 X122.600 Y-216.764
G1 X121.200 Y-214.962
G1 X119.000 Y-211.159
G1 X117.800 Y-208.157
G0 Z3.500
G0 X117.160 Y-206.984
G1 Z0.000 F1200
G1 X115.398 Y-209.592
G0 Z3.500
G0 X116.213 Y-208.887
G1 Z0.000 F1200
G1 X121.299 Y-206.802
G0 Z3.500
G0 X120.057 Y-204.363
G1 Z0.000 F1200
G1 X121.804 Y-200.400
G0 Z3.500
G0 X120.915 Y-200.901
G1 Z0.000 F1200
G1 X121.924 Y-196.497
G0 Z3.500
G0 X119.774 Y-197.805
G1 Z0.000 F1200
G1 X118.789 Y-200.507
G0 Z3.500
G0 X118.200 Y-200.150
G1 Z0.000 F1200
G1 X120.800 Y-201.952
G1 X121.800 Y-201.952
G1 X120.800 Y-201.952
G1 X118.000 Y-200.150
G0 Z3.500
G0 X118.200 Y-201.351
G1 Z0.000 F1200
G1 X119.400 Y-202.752
G1 X120.800 Y-203.553
G1 X124.600 Y-207.156
G1 X126.400 Y-210.359
G1 X126.800 Y-212.160
G1 X126.400 Y-210.359
G1 X124.800 Y-207.756
G1 X124.400 Y-206.355
G1 X124.000 Y-206.756
G1 X118.400 Y-201.551
G0 Z3.500
G0 X119.824 Y-199.423
G1 Z0.000 F1200
G1 X117.683 Y-204.716
G0 Z3.500
G0 X125.814 Y-204.508
G1 Z0.000 F1200
G1 X126.569 Y-197.783
G1 X126.098 Y-191.417
G1 X124.580 Y-185.402
G1 X121.625 Y-178.637
G1 X117.723 Y-172.355
G1 X112.384 Y-165.618
G1 X106.661 Y-159.501
G1 X95.367 Y-148.384
G0 Z3.500
G0 X95.989 Y-147.639
G1 Z0.000 F1200
G1 X105.336 Y-154.318
G1 X113.122 Y-161.168
G1 X118.819 Y-167.576
G1 X121.703 Y-171.658
G1 X123.612 Y-174.920
G1 X125.257 Y-178.352
G1 X126.594 Y-181.955
G1 X127.582 Y-185.727
G1 X128.179 Y-189.669
G1 X128.187 Y-196.611
G1 X126.793 Y-204.019
G0 Z3.500
G0 X121.745 Y-192.116
G1 Z0.000 F1200
G1 X123.128 Y-187.971
G0 Z3.500
G0 X117.400 Y-194.946
G1 Z0.000 F1200
G1 X118.000 Y-194.946
G1 X120.800 Y-196.547
G1 X118.800 Y-195.346
G1 X118.200 Y-195.546
G1 X118.400 Y-195.346
G1 X118.000 Y-194.946
G1 X117.200 Y-194.946
G0 Z3.500
G0 X116.400 Y-195.546
G1 Z0.000 F1200
G1 X116.000 Y-196.347
G1 X115.400 Y-196.147
G1 X115.800 Y-196.147
G1 X116.200 Y-196.547
G1 X116.000 Y-196.747
G1 X116.600 Y-196.547
G1 X118.400 Y-197.948
G1 X125.000 Y-200.350
G1 X118.400 Y-197.948
G1 X116.200 Y-196.347
G1 X116.400 Y-195.746
G0 Z3.500
G0 X109.565 Y-194.323
G1 Z0.000 F1200
G1 X110.288 Y-191.654
G0 Z3.500
G0 X108.482 Y-190.535
G1 Z0.000 F1200
G1 X111.099 Y-184.429
G0 Z3.500
G0 X109.145 Y-184.376
G1 Z0.000 F1200
G1 X107.261 Y-188.738
G0 Z3.500
G0 X105.089 Y-189.444
G1 Z0.000 F1200
G1 X106.484 Y-185.832
G0 Z3.500
G0 X106.600 Y-185.738
G1 Z0.000 F1200
G1 X107.000 Y-187.540
G1 X109.000 Y-188.140
G1 X109.600 Y-187.540
G1 X108.400 Y-185.938
G1 X106.800 Y-185.338
G1 X106.600 Y-185.538
G0 Z3.500
G0 X108.445 Y-184.536
G1 Z0.000 F1200
G1 X106.745 Y-191.857
G0 Z3.500
G0 X103.727 Y-195.759
G1 Z0.000 F1200
G1 X99.558 Y-190.958
G0 Z3.500
G0 X98.792 Y-191.077
G1 Z0.000 F1200
G1 X100.760 Y-186.470
G0 Z3.500
G0 X100.164 Y-186.558
G1 Z0.000 F1200
G1 X101.512 Y-183.404
G0 Z3.500
G0 X100.510 Y-184.997
G1 Z0.000 F1200
G1 X103.090 Y-175.972
G0 Z3.500
G0 X102.713 Y-175.864
G1 Z0.000 F1200
G1 X100.133 Y-184.889
G0 Z3.500
G0 X100.376 Y-181.818
G1 Z0.000 F1200
G1 X101.407 Y-177.993
G0 Z3.500
G0 X100.963 Y-178.501
G1 Z0.000 F1200
G1 X102.846 Y-172.167
G0 Z3.500
G0 X104.048 Y-172.151
G1 Z0.000 F1200
G1 X106.148 Y-167.234
G0 Z3.500
G0 X104.438 Y-166.186
G1 Z0.000 F1200
G1 X106.046 Y-159.055
G0 Z3.500
G0 X105.668 Y-158.970
G1 Z0.000 F1200
G1 X104.061 Y-166.101
G0 Z3.500
G0 X108.726 Y-166.246
G1 Z0.000 F1200
G1 X107.626 Y-169.988
G0 Z3.500
G0 X109.565 Y-170.562
G1 Z0.000 F1200
G1 X108.547 Y-174.112
G0 Z3.500
G0 X108.245 Y-175.211
G1 Z0.000 F1200
G1 X106.909 Y-178.593
G0 Z3.500
G0 X105.543 Y-178.604
G1 Z0.000 F1200
G1 X104.567 Y-183.150
G0 Z3.500
G0 X104.163 Y-183.064
G1 Z0.000 F1200
G1 X105.139 Y-178.517
G0 Z3.500
G0 X105.314 Y-179.224
G1 Z0.000 F1200
G1 X107.171 Y-174.055
G0 Z3.500
G0 X107.430 Y-173.158
G1 Z0.000 F1200
G1 X106.408 Y-177.134
G0 Z3.500
G0 X108.567 Y-177.402
G1 Z0.000 F1200
G1 X106.900 Y-182.558
G0 Z3.500
G0 X101.827 Y-180.516
G1 Z0.000 F1200
G1 X103.726 Y-175.375
G0 Z3.500
G0 X101.600 Y-176.530
G1 Z0.000 F1200
G1 X102.200 Y-176.330
G1 X103.200 Y-176.931
G1 X106.600 Y-184.737
G1 X107.200 Y-190.342
G1 X108.200 Y-192.544
G1 X107.800 Y-193.344
G1 X107.200 Y-193.344
G1 X105.000 Y-190.742
G1 X102.000 Y-183.937
G1 X101.400 Y-181.535
G1 X101.400 Y-179.733
G1 X101.800 Y-179.333
G1 X102.400 Y-179.733
G1 X103.000 Y-180.934
G1 X102.600 Y-179.933
G1 X101.800 Y-179.333
G1 X101.600 Y-176.731
G0 Z3.500
G0 X101.000 Y-175.329
G1 Z0.000 F1200
G1 X101.000 Y-175.930
G1 X101.600 Y-176.530
G1 X102.400 Y-176.130
G1 X102.000 Y-174.929
G1 X101.000 Y-175.129
G0 Z3.500
G0 X97.514 Y-174.064
G1 Z0.000 F1200
G1 X99.268 Y-169.487
G0 Z3.500
G0 X93.008 Y-172.376
G1 Z0.000 F1200
G1 X91.515 Y-176.872
G0 Z3.500
G0 X94.800 Y-176.731
G1 Z0.000 F1200
G1 X97.600 Y-186.339
G1 X98.800 Y-186.939
G1 X99.400 Y-188.140
G1 X98.800 Y-186.939
G1 X98.000 Y-186.539
G1 X97.800 Y-187.740
G1 X100.800 Y-192.944
G1 X102.000 Y-193.745
G1 X104.600 Y-196.947
G1 X107.400 Y-199.149
G1 X104.000 Y-196.347
G1 X101.400 Y-193.144
G1 X100.800 Y-193.344
G1 X100.800 Y-193.745
G1 X100.800 Y-192.744
G1 X97.800 Y-187.740
G1 X97.800 Y-186.539
G1 X96.600 Y-183.336
G1 X95.800 Y-179.733
G1 X95.200 Y-178.732
G1 X94.800 Y-176.530
G0 Z3.500
G0 X110.575 Y-171.900
G1 Z0.000 F1200
G1 X112.445 Y-164.594
G0 Z3.500
G0 X116.740 Y-161.723
G1 Z0.000 F1200
G1 X117.547 Y-158.119
G0 Z3.500
G0 X116.453 Y-158.538
G1 Z0.000 F1200
G1 X117.740 Y-153.625
G0 Z3.500
G0 X116.208 Y-153.506
G1 Z0.000 F1200
G1 X114.973 Y-156.684
G0 Z3.500
G0 X115.600 Y-155.513
G1 Z0.000 F1200
G1 X120.600 Y-156.714
G1 X115.800 Y-155.513
G0 Z3.500
G0 X120.924 Y-154.788
G1 Z0.000 F1200
G1 X119.211 Y-159.795
G0 Z3.500
G0 X134.435 Y-163.268
G1 Z0.000 F1200
G1 X135.638 Y-159.089
G0 Z3.500
G0 X136.697 Y-151.679
G1 Z0.000 F1200
G1 X142.625 Y-149.584
G0 Z3.500
G0 X145.200 Y-150.108
G1 Z0.000 F1200
G1 X146.200 Y-152.711
G1 X145.200 Y-150.309
G0 Z3.500
G0 X135.147 Y-171.636
G1 Z0.000 F1200
G1 X133.973 Y-175.866
G0 Z3.500
G0 X145.473 Y-189.424
G1 Z0.000 F1200
G1 X147.300 Y-189.837
G0 Z3.500
G0 X145.990 Y-189.557
G1 Z0.000 F1200
G1 X144.615 Y-192.584
G0 Z3.500
G0 X148.108 Y-212.852
G1 Z0.000 F1200
G1 X147.657 Y-214.239
G0 Z3.500
G0 X170.863 Y-214.047
G1 Z0.000 F1200
G1 X170.985 Y-212.380
G0 Z3.500
G0 X172.969 Y-237.548
G1 Z0.000 F1200
G1 X172.887 Y-239.868
G0 Z3.500
G0 X172.844 Y-241.354
G1 Z0.000 F1200
G1 X171.360 Y-243.677
G0 Z3.500
G0 X174.254 Y-169.070
G1 Z0.000 F1200
G1 X179.551 Y-167.703
G0 Z3.500
G0 X179.270 Y-164.929
G1 Z0.000 F1200
G1 X173.544 Y-166.179
G0 Z3.500
G0 X174.446 Y-162.856
G1 Z0.000 F1200
G1 X179.192 Y-161.870
G0 Z3.500
G0 X113.455 Y-183.708
G1 Z0.000 F1200
G1 X111.707 Y-189.626
G0 Z3.500
G0 X100.670 Y-158.677
G1 Z0.000 F1200
G1 X101.688 Y-155.264
G0 Z3.500
G0 X101.600 Y-156.514
G1 Z0.000 F1200
G1 X102.600 Y-157.314
G1 X103.800 Y-159.116
G1 X105.400 Y-163.119
G1 X103.800 Y-165.121
G1 X103.800 Y-167.323
G1 X104.200 Y-169.124
G1 X104.400 Y-173.928
G1 X105.600 Y-177.531
G1 X109.600 Y-183.937
G1 X113.800 Y-187.540
G1 X116.200 Y-188.741
G1 X113.800 Y-187.540
G1 X109.600 Y-183.937
G1 X108.800 Y-182.936
G1 X108.800 Y-181.935
G1 X110.400 Y-182.936
G1 X113.200 Y-185.738
G1 X108.800 Y-181.735
G1 X108.800 Y-181.134
G1 X108.600 Y-181.935
G1 X107.600 Y-181.134
G1 X105.000 Y-175.930
G1 X104.400 Y-173.928
G1 X104.200 Y-170.525
G1 X105.000 Y-170.525
G1 X105.600 Y-171.726
G1 X105.200 Y-170.726
G1 X104.200 Y-170.125
G1 X103.800 Y-165.121
G1 X105.200 Y-163.319
G1 X106.600 Y-164.120
G1 X106.600 Y-164.721
G1 X105.800 Y-165.521
G1 X105.800 Y-167.123
G1 X107.000 Y-170.125
G1 X111.000 Y-176.530
G1 X107.800 Y-171.726
G1 X106.000 Y-167.723
G1 X105.800 Y-165.521
G1 X106.600 Y-164.721
G1 X107.400 Y-165.321
G1 X107.600 Y-167.123
G1 X108.600 Y-168.524
G1 X110.600 Y-170.125
G1 X109.000 Y-168.924
G1 X107.600 Y-167.123
G1 X107.400 Y-165.521
G1 X107.600 Y-165.321
G1 X108.400 Y-166.122
G1 X107.000 Y-164.921
G1 X108.000 Y-164.721
G1 X109.000 Y-165.121
G1 X111.400 Y-168.324
G1 X115.600 Y-172.527
G1 X115.600 Y-173.728
G1 X115.600 Y-172.927
G1 X116.400 Y-172.727
G1 X118.000 Y-174.128
G1 X125.400 Y-177.731
G1 X133.600 Y-179.933
G1 X137.200 Y-181.334
G1 X138.200 Y-181.334
G1 X138.800 Y-181.935
G1 X138.400 Y-181.535
G1 X138.600 Y-181.334
G1 X140.000 Y-181.735
G1 X139.400 Y-181.334
G1 X138.200 Y-181.334
G1 X137.400 Y-180.534
G1 X137.000 Y-180.534
G1 X137.400 Y-180.534
G1 X138.000 Y-181.134
G1 X137.800 Y-181.334
G1 X125.400 Y-177.731
G1 X118.000 Y-174.128
G1 X116.400 Y-172.727
G1 X115.800 Y-172.727
G1 X111.400 Y-168.324
G1 X109.000 Y-165.121
G1 X106.800 Y-164.721
G1 X106.600 Y-164.120
G1 X105.400 Y-163.319
G1 X103.800 Y-159.116
G1 X101.800 Y-156.514
G0 Z3.500
G0 X97.400 Y-156.514
G1 Z0.000 F1200
G1 X98.400 Y-162.519
G1 X98.400 Y-166.122
G1 X97.800 Y-170.926
G1 X98.000 Y-174.529
G1 X97.800 Y-170.926
G1 X98.400 Y-166.122
G1 X98.400 Y-162.519
G1 X97.400 Y-156.714
G0 Z3.500
G0 X106.568 Y-146.655
G1 Z0.000 F1200
G1 X107.714 Y-142.299
G0 Z3.500
G0 X104.082 Y-138.893
G1 Z0.000 F1200
G1 X101.966 Y-143.673
G0 Z3.500
G0 X82.400 Y-160.117
G1 Z0.000 F1200
G1 X78.600 Y-171.927
G1 X77.800 Y-178.532
G1 X78.600 Y-171.927
G1 X81.400 Y-162.519
G1 X82.400 Y-160.317
G0 Z3.500
G0 X68.538 Y-161.940
G1 Z0.000 F1200
G1 X63.475 Y-163.173
G0 Z3.500
G0 X66.800 Y-173.728
G1 Z0.000 F1200
G1 X63.600 Y-176.530
G1 X62.600 Y-179.733
G1 X63.600 Y-176.530
G1 X66.600 Y-173.928
G0 Z3.500
G0 X52.268 Y-178.882
G1 Z0.000 F1200
G1 X45.894 Y-180.848
G0 Z3.500
G0 X43.900 Y-181.304
G1 Z0.000 F1200
G1 X45.248 Y-178.663
G0 Z3.500
G0 X42.265 Y-176.489
G1 Z0.000 F1200
G1 X43.435 Y-173.706
G0 Z3.500
G0 X46.445 Y-173.832
G1 Z0.000 F1200
G1 X38.235 Y-175.929
G0 Z3.500
G0 X35.418 Y-181.723
G1 Z0.000 F1200
G1 X29.813 Y-182.569
G0 Z3.500
G0 X29.295 Y-186.427
G1 Z0.000 F1200
G1 X29.499 Y-188.838
G0 Z3.500
G0 X32.363 Y-189.257
G1 Z0.000 F1200
G1 X40.498 Y-188.358
G0 Z3.500
G0 X40.712 Y-188.946
G1 Z0.000 F1200
G1 X39.771 Y-191.466
G0 Z3.500
G0 X41.237 Y-186.038
G1 Z0.000 F1200
G1 X41.713 Y-183.036
G0 Z3.500
G0 X44.364 Y-183.171
G1 Z0.000 F1200
G1 X38.928 Y-183.562
G0 Z3.500
G0 X36.140 Y-184.133
G1 Z0.000 F1200
G1 X46.889 Y-183.697
G0 Z3.500
G0 X45.208 Y-184.514
G1 Z0.000 F1200
G1 X45.482 Y-186.125
G0 Z3.500
G0 X48.359 Y-180.795
G1 Z0.000 F1200
G1 X49.640 Y-178.601
G0 Z3.500
G0 X50.492 Y-179.682
G1 Z0.000 F1200
G1 X50.839 Y-180.939
G0 Z3.500
G0 X35.521 Y-181.930
G1 Z0.000 F1200
G1 X34.625 Y-185.536
G0 Z3.500
G0 X34.160 Y-187.280
G1 Z0.000 F1200
G1 X32.472 Y-189.985
G0 Z3.500
G0 X32.338 Y-191.485
G1 Z0.000 F1200
G1 X31.250 Y-194.645
G0 Z3.500
G0 X32.314 Y-194.067
G1 Z0.000 F1200
G1 X26.555 Y-194.626
G0 Z3.500
G0 X23.712 Y-193.288
G1 Z0.000 F1200
G1 X18.187 Y-193.843
G0 Z3.500
G0 X18.256 Y-195.820
G1 Z0.000 F1200
G1 X22.269 Y-195.146
G0 Z3.500
G0 X19.952 Y-196.004
G1 Z0.000 F1200
G1 X19.665 Y-192.431
G0 Z3.500
G0 X17.080 Y-197.489
G1 Z0.000 F1200
G1 X16.400 Y-200.076
G0 Z3.500
G0 X15.654 Y-201.860
G1 Z0.000 F1200
G1 X25.507 Y-201.321
G0 Z3.500
G0 X25.749 Y-202.049
G1 Z0.000 F1200
G1 X24.281 Y-199.060
G0 Z3.500
G0 X24.671 Y-206.395
G1 Z0.000 F1200
G1 X24.151 Y-208.710
G0 Z3.500
G0 X22.625 Y-208.683
G1 Z0.000 F1200
G1 X22.451 Y-211.558
G0 Z3.500
G0 X24.837 Y-206.742
G1 Z0.000 F1200
G1 X16.869 Y-209.274
G0 Z3.500
G0 X15.112 Y-208.637
G1 Z0.000 F1200
G1 X14.415 Y-211.860
G0 Z3.500
G0 X10.453 Y-211.282
G1 Z0.000 F1200
G1 X10.374 Y-207.237
G0 Z3.500
G0 X10.383 Y-208.243
G1 Z0.000 F1200
G1 X4.968 Y-206.081
G0 Z3.500
G0 X6.290 Y-205.761
G1 Z0.000 F1200
G1 X1.283 Y-206.180
G0 Z3.500
G0 X2.186 Y-206.842
G1 Z0.000 F1200
G1 X6.574 Y-208.232
G0 Z3.500
G0 X6.516 Y-207.898
G1 Z0.000 F1200
G1 X8.231 Y-205.162
G0 Z3.500
G0 X8.400 Y-205.955
G1 Z0.000 F1200
G1 X8.600 Y-206.555
G1 X8.200 Y-206.956
G1 X7.600 Y-206.756
G1 X8.200 Y-206.956
G1 X8.000 Y-208.957
G1 X8.200 Y-206.956
G1 X8.600 Y-206.555
G1 X8.400 Y-206.155
G0 Z3.500
G0 X7.333 Y-205.104
G1 Z0.000 F1200
G1 X6.365 Y-202.088
G0 Z3.500
G0 X4.838 Y-202.088
G1 Z0.000 F1200
G1 X0.065 Y-201.178
G0 Z3.500
G0 X1.723 Y-200.875
G1 Z0.000 F1200
G1 X2.199 Y-199.358
G0 Z3.500
G0 X2.429 Y-198.737
G1 Z0.000 F1200
G1 X2.311 Y-196.286
G0 Z3.500
G0 X1.704 Y-195.687
G1 Z0.000 F1200
G1 X2.225 Y-193.798
G0 Z3.500
G0 X4.829 Y-193.794
G1 Z0.000 F1200
G1 X10.576 Y-192.581
G0 Z3.500
G0 X11.039 Y-192.166
G1 Z0.000 F1200
G1 X10.892 Y-187.893
G0 Z3.500
G0 X11.344 Y-183.233
G1 Z0.000 F1200
G1 X11.389 Y-181.083
G0 Z3.500
G0 X10.897 Y-181.109
G1 Z0.000 F1200
G1 X7.274 Y-182.452
G0 Z3.500
G0 X6.472 Y-183.067
G1 Z0.000 F1200
G1 X0.788 Y-184.493
G0 Z3.500
G0 X7.678 Y-183.753
G1 Z0.000 F1200
G1 X17.948 Y-179.885
G0 Z3.500
G0 X18.985 Y-181.006
G1 Z0.000 F1200
G1 X19.674 Y-183.312
G0 Z3.500
G0 X19.950 Y-181.104
G1 Z0.000 F1200
G1 X13.613 Y-183.795
G0 Z3.500
G0 X12.845 Y-181.774
G1 Z0.000 F1200
G1 X8.276 Y-183.391
G0 Z3.500
G0 X15.974 Y-182.924
G1 Z0.000 F1200
G1 X22.735 Y-181.055
G0 Z3.500
G0 X18.766 Y-176.425
G1 Z0.000 F1200
G1 X19.626 Y-174.140
G0 Z3.500
G0 X7.263 Y-165.679
G1 Z0.000 F1200
G1 X0.046 Y-165.872
G0 Z3.500
G0 X3.619 Y-190.954
G1 Z0.000 F1200
G1 X0.419 Y-191.870
G0 Z3.500
G0 X0.091 Y-196.455
G1 Z0.000 F1200
G1 X3.910 Y-197.446
G0 Z3.500
G0 X4.573 Y-196.630
G1 Z0.000 F1200
G1 X14.025 Y-196.266
G0 Z3.500
G0 X14.477 Y-197.368
G1 Z0.000 F1200
G1 X10.002 Y-195.961
G0 Z3.500
G0 X10.154 Y-197.986
G1 Z0.000 F1200
G1 X1.514 Y-199.901
G0 Z3.500
G0 X2.677 Y-202.822
G1 Z0.000 F1200
G1 X2.584 Y-206.680
G0 Z3.500
G0 X5.550 Y-207.979
G1 Z0.000 F1200
G1 X13.985 Y-206.307
G0 Z3.500
G0 X14.196 Y-205.883
G1 Z0.000 F1200
G1 X14.065 Y-204.124
G0 Z3.500
G0 X13.922 Y-203.988
G1 Z0.000 F1200
G1 X12.300 Y-208.057
G0 Z3.500
G0 X11.360 Y-205.201
G1 Z0.000 F1200
G1 X7.006 Y-204.027
G0 Z3.500
G0 X7.184 Y-207.969
G1 Z0.000 F1200
G1 X7.785 Y-209.630
G0 Z3.500
G0 X4.221 Y-212.264
G1 Z0.000 F1200
G1 X2.683 Y-216.408
G0 Z3.500
G0 X2.936 Y-216.720
G1 Z0.000 F1200
G1 X1.830 Y-220.402
G0 Z3.500
G0 X1.850 Y-221.108
G1 Z0.000 F1200
G1 X2.013 Y-224.782
G0 Z3.500
G0 X3.700 Y-232.799
G1 Z0.000 F1200
G1 X3.207 Y-235.994
G0 Z3.500
G0 X2.783 Y-238.696
G1 Z0.000 F1200
G1 X3.842 Y-241.598
G0 Z3.500
G0 X3.499 Y-241.494
G1 Z0.000 F1200
G1 X4.629 Y-245.929
G0 Z3.500
G0 X3.494 Y-246.862
G1 Z0.000 F1200
G1 X1.583 Y-250.725
G0 Z3.500
G0 X3.600 Y-248.390
G1 Z0.000 F1200
G1 X3.400 Y-250.792
G1 X4.200 Y-253.595
G1 X5.000 Y-254.996
G1 X6.200 Y-254.996
G1 X5.200 Y-251.393
G1 X5.600 Y-253.394
G1 X6.200 Y-254.395
G1 X6.200 Y-255.396
G1 X6.800 Y-255.997
G1 X5.800 Y-254.996
G1 X5.200 Y-254.996
G1 X5.000 Y-255.796
G1 X5.400 Y-256.797
G1 X5.000 Y-254.996
G1 X3.600 Y-251.993
G1 X3.600 Y-248.190
G0 Z3.500
G0 X6.300 Y-248.454
G1 Z0.000 F1200
G1 X6.822 Y-251.144
G0 Z3.500
G0 X5.187 Y-250.584
G1 Z0.000 F1200
G1 X3.655 Y-255.023
G0 Z3.500
G0 X6.508 Y-255.225
G1 Z0.000 F1200
G1 X6.597 Y-257.465
G0 Z3.500
G0 X0.992 Y-258.616
G1 Z0.000 F1200
G1 X0.518 Y-257.295
G0 Z3.500
G0 X6.677 Y-245.466
G1 Z0.000 F1200
G1 X5.996 Y-242.025
G0 Z3.500
G0 X8.060 Y-241.993
G1 Z0.000 F1200
G1 X7.453 Y-239.503
G0 Z3.500
G0 X8.956 Y-239.356
G1 Z0.000 F1200
G1 X9.575 Y-235.345
G0 Z3.500
G0 X7.000 Y-235.580
G1 Z0.000 F1200
G1 X4.800 Y-238.382
G1 X6.800 Y-235.780
G0 Z3.500
G0 X6.800 Y-237.381
G1 Z0.000 F1200
G1 X7.400 Y-238.182
G1 X7.400 Y-238.782
G1 X7.400 Y-238.182
G1 X8.000 Y-237.381
G1 X7.600 Y-237.982
G1 X6.800 Y-237.581
G0 Z3.500
G0 X6.200 Y-244.187
G1 Z0.000 F1200
G1 X6.200 Y-248.791
G1 X6.800 Y-251.593
G1 X7.600 Y-252.994
G1 X7.400 Y-254.595
G1 X8.000 Y-255.596
G1 X8.000 Y-256.397
G1 X8.000 Y-255.596
G1 X7.400 Y-254.595
G1 X7.600 Y-252.994
G1 X7.000 Y-252.193
G1 X6.200 Y-248.791
G1 X6.200 Y-247.389
G1 X6.800 Y-246.989
G1 X6.200 Y-247.389
G1 X6.000 Y-247.189
G1 X6.200 Y-244.387
G0 Z3.500
G0 X9.236 Y-243.848
G1 Z0.000 F1200
G1 X10.177 Y-246.347
G0 Z3.500
G0 X10.200 Y-246.188
G1 Z0.000 F1200
G1 X9.800 Y-246.989
G1 X11.400 Y-249.591
G1 X12.200 Y-249.992
G1 X11.800 Y-250.392
G1 X12.400 Y-251.593
G1 X13.200 Y-251.593
G1 X12.600 Y-251.993
G1 X13.400 Y-255.396
G1 X12.600 Y-251.993
G1 X10.600 Y-253.194
G1 X12.000 Y-256.597
G1 X9.600 Y-251.193
G1 X10.600 Y-252.994
G1 X12.600 Y-251.793
G1 X10.200 Y-247.389
G1 X9.600 Y-247.790
G1 X8.800 Y-249.391
G1 X9.200 Y-249.992
G1 X8.800 Y-249.791
G1 X8.400 Y-250.192
G1 X8.000 Y-252.193
G1 X8.400 Y-249.992
G1 X8.000 Y-248.791
G1 X8.200 Y-249.791
G1 X8.600 Y-249.992
G1 X10.000 Y-247.189
G1 X9.800 Y-246.589
G1 X10.200 Y-245.988
G0 Z3.500
G0 X14.200 Y-249.992
G1 Z0.000 F1200
G1 X14.400 Y-250.792
G1 X14.000 Y-251.193
G1 X14.400 Y-251.193
G1 X14.800 Y-253.595
G1 X14.400 Y-254.595
G1 X14.400 Y-255.997
G1 X14.000 Y-256.397
G1 X14.400 Y-255.997
G1 X14.600 Y-253.795
G1 X15.400 Y-253.194
G1 X14.800 Y-253.194
G1 X14.400 Y-250.792
G1 X15.000 Y-250.392
G1 X15.200 Y-250.592
G1 X15.200 Y-251.593
G1 X15.200 Y-250.592
G1 X14.400 Y-250.592
G1 X14.200 Y-250.192
G0 Z3.500
G0 X21.669 Y-248.356
G1 Z0.000 F1200
G1 X21.556 Y-246.498
G0 Z3.500
G0 X23.113 Y-246.055
G1 Z0.000 F1200
G1 X24.201 Y-243.089
G0 Z3.500
G0 X19.000 Y-243.386
G1 Z0.000 F1200
G1 X20.200 Y-248.390
G1 X19.600 Y-245.588
G1 X19.200 Y-245.188
G1 X19.200 Y-243.586
G1 X18.800 Y-243.186
G0 Z3.500
G0 X18.838 Y-242.556
G1 Z0.000 F1200
G1 X18.407 Y-240.036
G0 Z3.500
G0 X14.858 Y-223.908
G1 Z0.000 F1200
G1 X14.741 Y-221.789
G0 Z3.500
G0 X2.611 Y-214.178
G1 Z0.000 F1200
G1 X2.357 Y-211.184
G0 Z3.500
G0 X4.953 Y-195.539
G1 Z0.000 F1200
G1 X10.844 Y-193.244
G0 Z3.500
G0 X12.558 Y-193.702
G1 Z0.000 F1200
G1 X12.943 Y-195.487
G0 Z3.500
G0 X25.671 Y-152.118
G1 Z0.000 F1200
G1 X31.221 Y-149.880
G0 Z3.500
G0 X60.400 Y-206.555
G1 Z0.000 F1200
G1 X58.800 Y-207.957
G1 X57.800 Y-208.157
G1 X54.600 Y-210.359
G1 X52.000 Y-212.961
G1 X50.400 Y-215.563
G1 X52.600 Y-217.765
G1 X54.800 Y-215.363
G1 X54.800 Y-212.961
G1 X54.800 Y-213.962
G1 X55.600 Y-213.161
G1 X54.800 Y-214.162
G1 X55.000 Y-215.363
G1 X57.200 Y-214.162
G1 X57.200 Y-212.160
G1 X55.400 Y-211.760
G1 X57.200 Y-211.960
G1 X57.600 Y-211.560
G1 X59.400 Y-211.359
G1 X61.400 Y-209.758
G1 X62.000 Y-206.555
G1 X60.600 Y-206.555
G0 Z3.500
M2
