G21
G90
G17
G91.1
G0 Z0.0000
G0 X96.4714 Y-26.6372 F15000.0
G1 X138.2794 Y-48.8669 F12000.0
G0 X138.0435 Y-51.4198 F15000.0
G1 X138.5632 Y-52.6325 F12000.0
G1 X137.8702 Y-51.5931
G1 X137.8125 Y-51.4198
G0 X135.2717 Y-52.1128 F15000.0
G1 X136.6576 Y-52.4592 F12000.0
G1 X134.5788 Y-52.6902
G1 X129.1508 Y-55.0000
G1 X130.7099 Y-53.3832
G1 X129.6128 Y-53.8451
G1 X131.7493 Y-52.9789
G1 X132.0958 Y-54.3648
G1 X135.0408 Y-52.1128
G0 X130.8636 Y-55.4341 F15000.0
G1 X135.3503 Y-57.8197 F12000.0
G0 X136.6576 Y-57.6562 F15000.0
G1 X132.9042 Y-59.8505 F12000.0
G1 X136.8886 Y-57.8872
G0 X136.4266 Y-58.5802 F15000.0
G1 X136.8886 Y-60.2548 F12000.0
G1 X134.9830 Y-62.0448
G1 X133.7126 Y-63.7194
G1 X133.1352 Y-63.3152
G1 X134.5788 Y-63.7194
G1 X135.5027 Y-61.5251
G1 X136.9463 Y-59.8505
G1 X136.4266 Y-58.8111
G0 X138.4094 Y-59.4463 F15000.0
G1 X144.7316 Y-62.8079 F12000.0
G0 X147.2826 Y-61.3519 F15000.0
G1 X144.9728 Y-62.4490 F12000.0
G1 X146.0122 Y-62.9688
G1 X144.4531 Y-65.7405
G1 X146.1277 Y-62.0448
G1 X152.3064 Y-62.8533
G1 X149.9389 Y-64.8743
G1 X151.7867 Y-63.8349
G1 X150.4586 Y-64.4701
G1 X152.7106 Y-63.1420
G1 X153.4035 Y-64.1814
G1 X152.1332 Y-62.1026
G1 X147.5136 Y-61.3519
G0 X147.2826 Y-64.5856 F15000.0
G1 X146.8784 Y-66.6067 F12000.0
G1 X145.7235 Y-65.9137
G1 X142.7785 Y-67.2996
G1 X142.4898 Y-66.6644
G1 X143.2982 Y-67.3573
G1 X146.1277 Y-66.1447
G1 X147.9755 Y-66.4334
G1 X149.4192 Y-65.6250
G1 X147.9755 Y-65.6827
G1 X147.2826 Y-64.8166
G0 X150.0341 Y-65.6272 F15000.0
G1 X157.7839 Y-69.7479 F12000.0
G0 X159.9864 Y-70.8220 F15000.0
G1 X160.0442 Y-73.0163 F12000.0
G1 X165.5299 Y-74.2867
G1 X165.1834 Y-75.3261
G1 X162.0652 Y-74.4599
G1 X158.4273 Y-74.0557
G1 X158.9470 Y-73.5938
G1 X157.4457 Y-73.5938
G1 X158.4851 Y-71.8614
G1 X156.7527 Y-71.6882
G1 X153.9810 Y-73.9402
G1 X152.8838 Y-73.0740
G1 X154.6739 Y-74.5754
G1 X156.8105 Y-71.6882
G1 X158.3696 Y-71.8614
G1 X157.9076 Y-74.4022
G1 X163.3356 Y-74.5754
G1 X165.5299 Y-74.9219
G1 X164.7792 Y-73.5938
G1 X159.6977 Y-72.4389
G1 X160.4484 Y-71.2262
G1 X164.7792 Y-72.9008
G1 X161.7188 Y-71.2262
G1 X160.2174 Y-71.0530
G0 X158.6647 Y-75.4713 F15000.0
G1 X163.9672 Y-78.2907 F12000.0
G0 X165.2989 Y-80.5231 F15000.0
G1 X161.3723 Y-81.3315 F12000.0
G1 X165.2989 Y-80.7541
G0 X165.7609 Y-81.4470 F15000.0
G1 X161.4300 Y-82.1977 F12000.0
G1 X167.4932 Y-81.6202
G1 X165.7609 Y-81.6780
G0 X167.6087 Y-80.5231 F15000.0
G1 X173.7874 Y-81.5048 F12000.0
G1 X170.7846 Y-81.1005
G1 X170.9579 Y-81.7935
G1 X167.8397 Y-80.7541
G0 X168.3016 Y-78.6753 F15000.0
G1 X170.2072 Y-79.9457 F12000.0
G1 X169.0523 Y-80.0611
G1 X168.3016 Y-78.8485
G1 X166.1651 Y-79.3105
G1 X167.0312 Y-79.4837
G1 X168.0707 Y-78.4443
G0 X169.4086 Y-75.9288 F15000.0
G1 X165.7376 Y-73.9770 F12000.0
G0 X167.6087 Y-70.8220 F15000.0
G1 X168.4171 Y-73.3050 F12000.0
G1 X166.7425 Y-71.7459
G1 X165.2412 Y-72.3234
G1 X165.8186 Y-73.3628
G1 X166.0496 Y-71.7459
G1 X168.8791 Y-73.7670
G1 X169.5720 Y-73.7670
G1 X168.6481 Y-73.2473
G1 X174.4803 Y-72.6698
G1 X169.2255 Y-71.8614
G1 X167.8397 Y-70.8220
G0 X170.6114 Y-69.4361 F15000.0
G1 X171.1889 Y-70.0713 F12000.0
G1 X169.8030 Y-70.7065
G1 X174.4226 Y-71.2840
G1 X158.8893 Y-69.6094
G1 X141.1617 Y-72.6698
G1 X141.9124 Y-75.3838
G1 X138.4477 Y-74.5754
G1 X131.8648 Y-79.3105
G1 X129.3240 Y-80.3499
G1 X134.4633 Y-78.9062
G1 X128.9776 Y-79.9457
G1 X140.4688 Y-74.7486
G1 X141.1617 Y-74.9219
G1 X140.9885 Y-72.6121
G1 X169.7452 Y-70.0713
G1 X170.6114 Y-69.2052
G0 X171.9973 Y-68.7432 F15000.0
G1 X172.3438 Y-70.1291 F12000.0
G1 X174.1916 Y-70.4755
G1 X172.8635 Y-69.0897
G1 X173.2099 Y-68.8587
G1 X172.2283 Y-68.9742
G0 X174.7850 Y-68.2773 F15000.0
G1 X153.3711 Y-56.8913 F12000.0
G0 X153.0571 Y-54.8845 F15000.0
G1 X153.5190 Y-56.2704 F12000.0
G1 X152.3064 Y-58.1760
G1 X153.5190 Y-55.5774
G1 X152.8261 Y-54.8845
G0 X155.1359 Y-53.4986 F15000.0
G1 X153.7500 Y-54.4803 F12000.0
G1 X158.7160 Y-54.0183
G1 X155.3668 Y-53.4986
G0 X155.1359 Y-50.0340 F15000.0
G1 X159.1202 Y-50.8424 F12000.0
G1 X150.7473 Y-51.3043
G1 X155.1359 Y-49.8030
G0 X158.1386 Y-50.0340 F15000.0
G1 X159.8132 Y-50.3804 F12000.0
G1 X158.3696 Y-50.0340
G0 X160.7869 Y-50.3241 F15000.0
G1 X123.6695 Y-30.5885 F12000.0
G0 X123.2609 Y-29.9389 F15000.0
G1 X125.3397 Y-30.6895 F12000.0
G1 X123.4341 Y-31.7289
G1 X122.7989 Y-32.8261
G1 X125.1664 Y-30.1121
G1 X123.0299 Y-29.9389
G0 X121.1821 Y-31.3247 F15000.0
G3 X121.1821 Y-31.5557 I0.6942 J-0.1155 F12000.0
G0 X119.7962 Y-30.8628 F15000.0
G1 X118.1216 Y-32.0754 F12000.0
G1 X119.7962 Y-30.6318
G0 X118.1793 Y-27.3981 F15000.0
G1 X119.2765 Y-29.3037 F12000.0
G1 X118.5836 Y-30.6318
G1 X118.9878 Y-28.8995
G1 X116.7935 Y-29.5924
G1 X117.0245 Y-28.2065
G1 X117.9484 Y-27.5136
G1 X117.4287 Y-27.7446
G1 X117.9484 Y-27.3981
G0 X118.8723 Y-26.7052 F15000.0
G1 X120.1427 Y-28.5530 F12000.0
G1 X121.1243 Y-27.3404
G1 X122.8567 Y-29.1882
G1 X121.6440 Y-30.6895
G1 X121.2398 Y-29.9389
G1 X122.1637 Y-30.6318
G1 X122.9144 Y-28.4375
G1 X121.3553 Y-26.8784
G1 X119.1033 Y-26.7052
G0 X114.9457 Y-30.1698 F15000.0
G1 X117.6596 Y-30.9205 F12000.0
G1 X115.8118 Y-31.9022
G1 X114.7147 Y-30.4008
G0 X112.6359 Y-29.4769 F15000.0
G1 X113.5598 Y-29.6501 F12000.0
G1 X115.9273 Y-29.5346
G1 X116.8512 Y-30.5740
G1 X117.6596 Y-30.7473
G1 X116.4470 Y-32.3064
G1 X112.2894 Y-30.1698
G1 X112.4049 Y-29.2459
G0 X112.8668 Y-26.9361 F15000.0
G1 X112.6359 Y-28.3220 F12000.0
G1 X114.3105 Y-29.1304
G1 X112.4626 Y-27.9178
G1 X112.6359 Y-26.7052
G0 X107.0924 Y-27.1671 F15000.0
G1 X108.2473 Y-30.3431 F12000.0
G1 X107.7276 Y-30.0543
G1 X108.4205 Y-30.0543
G1 X107.1501 Y-27.2826
G1 X107.3234 Y-28.4952
G1 X106.8614 Y-27.1671
G0 X105.7065 Y-29.7079 F15000.0
G1 X105.0713 Y-31.8444 F12000.0
G1 X104.6094 Y-31.7289
G1 X105.3601 Y-32.0754
G1 X105.7065 Y-29.9389
G0 X102.7038 Y-28.0910 F15000.0
G1 X104.5516 Y-30.1698 F12000.0
G1 X105.4178 Y-29.0149
G1 X102.5883 Y-30.9205
G1 X104.2629 Y-31.0938
G1 X103.0503 Y-32.1332
G1 X101.6644 Y-31.0938
G1 X102.4728 Y-28.0910
G0 X102.2418 Y-28.7840 F15000.0
G1 X103.1080 Y-29.5346 F12000.0
G1 X101.8376 Y-29.8811
G1 X102.0109 Y-29.0149
G0 X101.5489 Y-26.9361 F15000.0
G1 X102.5883 Y-26.9939 F12000.0
G1 X101.6067 Y-28.4952
G1 X101.7799 Y-26.7052
G0 X99.9321 Y-28.0910 F15000.0
G1 X100.6827 Y-29.4769 F12000.0
G1 X99.7011 Y-28.6107
G1 X99.7011 Y-29.1304
G1 X99.7011 Y-28.0910
G0 X97.3913 Y-28.5530 F15000.0
G1 X96.2942 Y-28.8995 F12000.0
G1 X97.1603 Y-28.3220
G0 X96.9293 Y-27.6291 F15000.0
G1 X98.1420 Y-28.7262 F12000.0
G1 X94.7351 Y-28.3798
G1 X97.0448 Y-28.1488
G1 X97.1603 Y-27.3981
G0 X93.0027 Y-28.5530 F15000.0
G1 X92.5408 Y-30.5740 F12000.0
G1 X93.3492 Y-29.8811
G1 X92.0211 Y-31.3247
G1 X90.0000 Y-29.9389
G1 X91.2126 Y-33.4613
G1 X92.5408 Y-32.5951
G1 X92.4253 Y-34.5007
G1 X91.3281 Y-34.5007
G1 X92.5985 Y-32.4219
G1 X92.3098 Y-31.4402
G1 X95.7167 Y-30.4586
G1 X93.6379 Y-30.5163
G1 X93.0027 Y-28.7840
G0 X91.6418 Y-29.3244 F15000.0
G1 X86.5432 Y-26.6134 F12000.0
G0 X85.1495 Y-26.9361 F15000.0
G2 X84.9185 Y-26.7052 I1.1206 J1.3516 F12000.0
G0 X82.6087 Y-26.9361 F15000.0
G1 X83.3594 Y-27.6291 F12000.0
G1 X83.3594 Y-26.8784
G1 X84.0523 Y-26.8207
G1 X82.7242 Y-27.3981
G1 X82.3777 Y-26.7052
G0 X80.9918 Y-27.3981 F15000.0
G1 X81.9735 Y-28.6685 F12000.0
G1 X81.6848 Y-29.2459
G1 X80.1257 Y-29.2459
G1 X79.6637 Y-29.7656
G1 X79.0863 Y-29.5346
G1 X78.2201 Y-30.5163
G1 X79.3173 Y-29.1882
G1 X80.1834 Y-29.3037
G1 X80.7609 Y-27.1671
G0 X80.2861 Y-28.5415 F15000.0
G1 X126.3769 Y-53.0485 F12000.0
G0 X129.0353 Y-58.1182 F15000.0
G1 X127.8804 Y-59.0421 F12000.0
G1 X128.4001 Y-59.5041
G1 X129.2663 Y-58.1760
G1 X130.2480 Y-58.8111
G1 X129.2663 Y-58.3492
G0 X129.2663 Y-59.7351 F15000.0
G1 X129.7860 Y-60.4280 F12000.0
G1 X129.2086 Y-61.8139
G1 X129.9015 Y-62.2758
G1 X130.6522 Y-61.8139
G1 X129.7283 Y-62.3336
G1 X127.3607 Y-63.0265
G1 X128.6311 Y-63.1420
G1 X124.1848 Y-64.0659
G1 X127.7649 Y-61.8716
G1 X129.5550 Y-60.0815
G1 X129.0353 Y-59.7351
G0 X127.1875 Y-58.8111 F15000.0
G1 X124.5890 Y-59.7928 F12000.0
G1 X123.4918 Y-61.2364
G1 X123.4918 Y-63.7772
G1 X122.8567 Y-64.1236
G1 X121.5285 Y-63.4885
G1 X119.9117 Y-62.9110
G1 X122.7989 Y-61.0054
G1 X123.8961 Y-60.7745
G1 X125.4552 Y-59.0999
G1 X126.9565 Y-58.8111
G0 X126.0990 Y-63.4110 F15000.0
G1 X129.9739 Y-65.4713 F12000.0
G0 X134.6646 Y-67.9654 F15000.0
G1 X142.4144 Y-72.0860 F12000.0
G0 X144.5109 Y-72.9008 F15000.0
G1 X141.6814 Y-74.0557 F12000.0
G1 X146.2432 Y-74.8064
G1 X144.7418 Y-72.9008
G0 X144.6577 Y-73.2788 F15000.0
G1 X145.8814 Y-73.9294 F12000.0
G0 X146.8207 Y-72.6698 F15000.0
G1 X148.4375 Y-73.9402 F12000.0
G1 X147.9755 Y-74.2289
G1 X148.5530 Y-73.7670
G1 X147.0516 Y-72.6698
G0 X144.5109 Y-74.7486 F15000.0
G1 X144.7418 Y-75.5571 F12000.0
G1 X146.7629 Y-75.4993
G1 X143.0095 Y-76.3655
G1 X142.7785 Y-75.2106
G1 X142.6053 Y-76.2500
G1 X144.4531 Y-75.5571
G1 X144.2799 Y-74.7486
G0 X141.9701 Y-77.7514 F15000.0
G1 X140.7575 Y-78.7330 F12000.0
G1 X140.0645 Y-78.3865
G1 X142.1433 Y-79.7147
G1 X141.7391 Y-77.9823
G0 X140.5842 Y-76.5965 F15000.0
G1 X144.1067 Y-77.4049 F12000.0
G1 X140.3533 Y-76.3655
G0 X138.5054 Y-77.0584 F15000.0
G1 X137.7548 Y-78.0978 F12000.0
G1 X140.4110 Y-79.7147
G1 X137.4083 Y-79.5414
G1 X135.1562 Y-83.6990
G1 X136.8886 Y-81.2160
G1 X138.2745 Y-77.0584
G0 X138.5054 Y-78.4443 F15000.0
G2 X138.2745 Y-78.6753 I0.6352 J-0.8662 F12000.0
G0 X138.0577 Y-80.2798 F15000.0
G1 X144.1759 Y-83.5329 F12000.0
G0 X146.1277 Y-84.9117 F15000.0
G1 X144.4531 Y-86.7018 F12000.0
G1 X143.9334 Y-86.0088
G1 X142.4898 Y-86.8173
G1 X144.3954 Y-88.0299
G1 X140.2955 Y-88.2031
G1 X140.2955 Y-89.1270
G1 X141.3349 Y-89.1848
G1 X141.7969 Y-92.2452
G1 X143.2405 Y-92.1298
G1 X140.9885 Y-91.0904
G1 X142.4898 Y-89.9355
G1 X141.5659 Y-89.2425
G1 X145.4925 Y-87.7989
G1 X144.0489 Y-91.0904
G1 X143.1827 Y-91.6101
G1 X144.5109 Y-90.1664
G1 X143.8179 Y-89.4735
G1 X146.0700 Y-88.0876
G1 X144.6841 Y-86.9905
G1 X146.2432 Y-85.1427
G1 X147.0516 Y-86.0088
G1 X146.3587 Y-85.1427
G0 X148.6685 Y-86.2976 F15000.0
G1 X146.4742 Y-86.9327 F12000.0
G1 X150.4586 Y-87.0482
G1 X148.8995 Y-86.2976
G0 X150.0902 Y-86.6776 F15000.0
G1 X159.6755 Y-91.7742 F12000.0
G0 X158.8315 Y-90.4552 F15000.0
G1 X160.1596 Y-90.9171 F12000.0
G1 X156.4062 Y-91.8410
G1 X158.6005 Y-90.4552
G0 X158.3696 Y-90.6861 F15000.0
G1 X159.6977 Y-90.8016 F12000.0
G1 X156.6950 Y-91.6101
G1 X158.1386 Y-90.9171
G0 X155.3668 Y-91.3791 F15000.0
G1 X155.1359 Y-92.1298 F12000.0
G1 X154.0387 Y-92.3030
G1 X155.4823 Y-91.6678
G1 X147.3981 Y-91.9565
G1 X155.1359 Y-91.1481
G0 X149.8234 Y-92.9959 F15000.0
G1 X151.6712 Y-93.8621 F12000.0
G1 X150.5163 Y-92.8804
G1 X149.5924 Y-92.7649
G0 X148.2065 Y-92.9959 F15000.0
G1 X147.1671 Y-93.4001 F12000.0
G1 X150.7473 Y-93.9776
G1 X148.2065 Y-93.2269
G0 X147.2826 Y-95.0747 F15000.0
G1 X146.4742 Y-95.7677 F12000.0
G1 X147.0516 Y-96.2296
G1 X147.5713 Y-95.7677
G1 X143.8757 Y-96.2874
G1 X147.0516 Y-95.0747
G0 X145.6658 Y-95.7677 F15000.0
G1 X146.5319 Y-95.8832 F12000.0
G1 X144.5686 Y-95.9409
G1 X145.4348 Y-95.7677
G0 X144.5109 Y-92.3030 F15000.0
G1 X143.7602 Y-93.8621 F12000.0
G1 X144.7418 Y-92.0720
G0 X144.9728 Y-91.8410 F15000.0
G1 X142.9518 Y-93.7466 F12000.0
G1 X143.5870 Y-94.3818
G1 X145.7235 Y-92.5917
G1 X146.2432 Y-92.6495
G1 X145.3770 Y-92.1875
G1 X146.4164 Y-92.0143
G1 X145.2038 Y-91.8410
G0 X146.2803 Y-89.9070 F15000.0
G1 X148.7276 Y-91.2082 F12000.0
G0 X152.0646 Y-82.4723 F15000.0
G1 X145.7424 Y-79.1107 F12000.0
G0 X150.7760 Y-76.5319 F15000.0
G1 X174.8411 Y-89.3276 F12000.0
G0 X174.7690 Y-88.1454 F15000.0
G1 X172.9789 Y-88.7806 F12000.0
G1 X174.5380 Y-88.1454
G0 X174.5380 Y-86.9905 F15000.0
G1 X160.9103 Y-91.0904 F12000.0
G1 X159.5245 Y-92.8804
G1 X160.5061 Y-93.1114
G1 X159.6399 Y-93.4001
G1 X166.5693 Y-89.4735
G1 X172.5170 Y-88.3764
G1 X170.3227 Y-89.4158
G1 X174.7690 Y-86.9905
G0 X174.7761 Y-84.0379 F15000.0
G1 X173.3485 Y-83.2788 F12000.0
G0 X174.5380 Y-75.6726 F15000.0
G1 X168.3016 Y-77.2894 F12000.0
G1 X165.1257 Y-78.6753
G1 X174.7690 Y-75.4416
G0 X174.5380 Y-90.9171 F15000.0
G1 X168.9368 Y-93.0537 F12000.0
G1 X163.2201 Y-95.7677
G1 X164.2595 Y-94.0931
G1 X174.7690 Y-91.1481
G0 X174.7690 Y-92.0720 F15000.0
G1 X171.5931 Y-93.5156 F12000.0
G1 X174.5380 Y-92.0720
G0 X173.8451 Y-94.6128 F15000.0
G1 X164.0863 Y-97.0380 F12000.0
G1 X166.7425 Y-97.6732
G1 X166.3961 Y-98.2507
G1 X169.4565 Y-97.1535
G1 X170.2649 Y-95.9409
G1 X173.1522 Y-95.5367
G1 X173.6141 Y-95.9986
G1 X173.6141 Y-94.8438
G0 X173.6141 Y-96.6916 F15000.0
G1 X174.0761 Y-99.4056 F12000.0
G1 X174.5958 Y-98.8281
G1 X173.5564 Y-99.5211
G1 X173.3832 Y-96.6916
G0 X171.3043 Y-97.8465 F15000.0
G1 X171.1889 Y-99.4633 F12000.0
G1 X169.8030 Y-100.0985
G1 X169.6298 Y-100.6760
G1 X167.6087 Y-101.3111
G1 X167.4932 Y-100.5605
G1 X170.7846 Y-98.8859
G1 X171.0734 Y-97.6155
G0 X171.1635 Y-99.1962 F15000.0
G1 X174.8344 Y-101.1481 F12000.0
G0 X174.6977 Y-102.3892 F15000.0
G1 X169.3952 Y-99.5698 F12000.0
G0 X169.2585 Y-100.8109 F15000.0
G1 X174.7649 Y-103.7387 F12000.0
G0 X174.8322 Y-105.0882 F15000.0
G1 X165.0430 Y-99.8832 F12000.0
G0 X165.5181 Y-101.4496 F15000.0
G1 X174.6955 Y-106.3293 F12000.0
G0 X174.7627 Y-107.6789 F15000.0
G1 X163.7499 Y-101.8232 F12000.0
G0 X163.2053 Y-102.8474 F15000.0
G1 X174.8300 Y-109.0284 F12000.0
G0 X174.7605 Y-111.6190 F15000.0
G1 X159.2609 Y-103.3778 F12000.0
G0 X159.7554 Y-102.2351 F15000.0
G1 X150.8628 Y-103.7942 F12000.0
G1 X154.3852 Y-103.7942
G1 X153.8655 Y-103.9674
G1 X157.6189 Y-103.6209
G1 X156.8105 Y-104.4871
G1 X161.3145 Y-102.2928
G1 X159.9864 Y-102.2351
G0 X156.6769 Y-103.3176 F15000.0
G1 X174.8277 Y-112.9686 F12000.0
G0 X174.7594 Y-113.5891 F15000.0
G1 X169.8648 Y-110.9866 F12000.0
G0 X169.9185 Y-110.7812 F15000.0
G1 X171.2466 Y-114.3037 F12000.0
G1 X169.6875 Y-110.7812
G0 X169.1162 Y-111.9024 F15000.0
G1 X174.8266 Y-114.9386 F12000.0
G0 X174.7583 Y-115.5592 F15000.0
G1 X152.1207 Y-103.5226 F12000.0
G0 X153.6156 Y-105.6312 F15000.0
G1 X161.5693 Y-109.8603 F12000.0
G1 X161.2568 Y-113.0910 F12000.0
G1 X160.9103 Y-111.2432
G1 X161.3723 Y-109.6264
G0 X158.9169 Y-110.4206 F15000.0
G1 X157.2854 Y-109.5531 F12000.0
G0 X158.0339 Y-108.6374 F15000.0
G1 X158.6458 Y-108.9627 F12000.0
G0 X156.5369 Y-110.4689 F15000.0
G1 X158.7802 Y-111.6617 F12000.0
G0 X159.4593 Y-113.3366 F15000.0
G1 X155.9923 Y-111.4931 F12000.0
G0 X155.4477 Y-112.5174 F15000.0
G1 X159.1186 Y-114.4692 F12000.0
G0 X157.9076 Y-117.2486 F15000.0
G2 X158.1386 Y-117.4796 I-0.9433 J-1.1743 F12000.0
G0 X156.3946 Y-121.5604 F15000.0
G1 X156.8025 Y-121.7773 F12000.0
G0 X156.1223 Y-122.0725 F15000.0
G1 X155.1026 Y-121.5303 F12000.0
G0 X154.4429 Y-121.4062 F15000.0
G1 X156.0598 Y-123.0231 F12000.0
G1 X156.6950 Y-123.0231
G1 X154.3852 Y-123.3696
G1 X154.9049 Y-124.8132
G1 X154.2120 Y-121.1753
G0 X153.0632 Y-120.4460 F15000.0
G1 X151.6356 Y-119.6869 F12000.0
G0 X152.3158 Y-119.3917 F15000.0
G1 X152.9276 Y-119.7170 F12000.0
G0 X150.9554 Y-119.9821 F15000.0
G1 X155.6461 Y-122.4762 F12000.0
G0 X155.1698 Y-122.8799 F15000.0
G1 X150.0713 Y-120.1689 F12000.0
G0 X147.8268 Y-120.9462 F15000.0
G1 X156.5963 Y-125.6090 F12000.0
G0 X156.0598 Y-126.0258 F15000.0
G1 X157.0992 Y-126.1990 F12000.0
G1 X153.7500 Y-127.7582
G1 X155.5401 Y-127.5849
G1 X152.5951 Y-127.9891
G1 X153.5190 Y-126.3723
G1 X155.3091 Y-126.4878
G1 X155.8288 Y-125.7948
G0 X155.9161 Y-125.9043 F15000.0
G1 X147.5545 Y-121.4583 F12000.0
G0 X147.0783 Y-121.8620 F15000.0
G1 X155.4399 Y-126.3079 F12000.0
G0 X154.7597 Y-126.6032 F15000.0
G1 X146.6021 Y-122.2657 F12000.0
G0 X145.7179 Y-122.4524 F15000.0
G1 X154.2835 Y-127.0068 F12000.0
G0 X154.0112 Y-127.5189 F15000.0
G1 X144.4259 Y-122.4224 F12000.0
G0 X143.7458 Y-122.7176 F15000.0
G1 X153.9428 Y-128.1395 F12000.0
G0 X155.1359 Y-128.5666 F15000.0
G1 X152.9993 Y-129.2018 F12000.0
G1 X155.3668 Y-128.5666
G0 X154.6903 Y-129.1938 F15000.0
G1 X143.4735 Y-123.2297 F12000.0
G0 X143.4051 Y-123.8503 F15000.0
G1 X158.7007 Y-131.9831 F12000.0
G0 X158.6324 Y-132.6036 F15000.0
G1 X143.1328 Y-124.3624 F12000.0
G0 X142.6566 Y-124.7660 F15000.0
G1 X167.9454 Y-138.2123 F12000.0
G0 X168.0137 Y-137.5918 F15000.0
G1 X160.6718 Y-133.6880 F12000.0
G0 X160.2174 Y-133.4171 F15000.0
G1 X156.0598 Y-136.1311 F12000.0
G1 X158.0808 Y-134.6298
G1 X159.9864 Y-133.4171
G0 X161.3520 Y-133.3928 F15000.0
G1 X164.4111 Y-135.0193 F12000.0
G0 X164.4795 Y-134.3988 F15000.0
G1 X162.0322 Y-133.0975 F12000.0
G0 X163.7320 Y-133.3445 F15000.0
G1 X164.7518 Y-133.8867 F12000.0
G0 X165.0240 Y-133.3746 F15000.0
G1 X164.4122 Y-133.0493 F12000.0
G0 X164.8885 Y-132.6456 F15000.0
G1 X165.2963 Y-132.8625 F12000.0
G0 X164.8370 Y-132.0312 F15000.0
G1 X165.9918 Y-132.7242 F12000.0
G1 X163.8553 Y-133.4749
G1 X164.2018 Y-135.2649
G1 X164.4905 Y-133.8213
G1 X163.9130 Y-135.3227
G1 X162.8159 Y-134.8030
G1 X162.5849 Y-135.7269
G1 X164.6060 Y-132.0312
G0 X164.2094 Y-130.9707 F15000.0
G1 X159.3148 Y-128.3682 F12000.0
G0 X159.0425 Y-128.8804 F15000.0
G1 X162.5095 Y-130.7238 F12000.0
G0 X164.4817 Y-130.4586 F15000.0
G1 X159.5871 Y-127.8561 F12000.0
G0 X159.4515 Y-127.1271 F15000.0
G1 X162.3067 Y-128.6453 F12000.0
G0 X161.3553 Y-127.4825 F15000.0
G1 X159.3159 Y-126.3982 F12000.0
G0 X160.2000 Y-126.2114 F15000.0
G1 X161.4237 Y-126.8620 F12000.0
G0 X161.2881 Y-126.1330 F15000.0
G1 X160.8802 Y-125.9161 F12000.0
G0 X158.7702 Y-129.3925 F15000.0
G1 X160.4017 Y-130.2600 F12000.0
G0 X159.7216 Y-130.5552 F15000.0
G1 X158.4979 Y-129.9046 F12000.0
G0 X158.0217 Y-130.3082 F15000.0
G1 X159.2453 Y-130.9589 F12000.0
G0 X158.7691 Y-131.3625 F15000.0
G1 X157.3415 Y-130.6035 F12000.0
G0 X157.6766 Y-129.4905 F15000.0
G1 X156.4062 Y-130.8764 F12000.0
G1 X159.4667 Y-129.6637
G1 X157.9076 Y-129.4905
G0 X157.6766 Y-128.7976 F15000.0
G1 X151.7867 Y-132.7242 F12000.0
G1 X157.4457 Y-128.7976
G0 X155.1359 Y-131.3383 F15000.0
G1 X156.0020 Y-131.8580 F12000.0
G1 X154.0387 Y-132.2622
G1 X154.9049 Y-131.3383
G0 X157.4457 Y-133.6481 F15000.0
G1 X154.9626 Y-134.5720 F12000.0
G1 X154.4429 Y-135.8424
G1 X155.8865 Y-133.9946
G1 X156.2908 Y-135.1495
G1 X155.8288 Y-135.3804
G1 X157.4457 Y-133.8791
G0 X157.4065 Y-135.8932 F15000.0
G1 X161.8932 Y-138.2788 F12000.0
G0 X161.7576 Y-137.5498 F15000.0
G1 X140.3438 Y-126.1639 F12000.0
G0 X141.6358 Y-126.1939 F15000.0
G1 X162.2339 Y-137.1461 F12000.0
G0 X162.7101 Y-136.7425 F15000.0
G1 X141.9081 Y-125.6818 F12000.0
G0 X142.3843 Y-125.2782 F15000.0
G1 X163.3903 Y-136.4472 F12000.0
G0 X166.0415 Y-137.8569 F15000.0
G1 X168.0809 Y-138.9413 F12000.0
G0 X169.0323 Y-140.1040 F15000.0
G1 X165.9732 Y-138.4775 F12000.0
G0 X165.7009 Y-138.9896 F15000.0
G1 X174.8783 Y-143.8693 F12000.0
G1 X118.5903 Y-113.9405 F12000.0
G0 X119.7468 Y-113.2416 F15000.0
G1 X174.8110 Y-142.5197 F12000.0
G1 X173.9953 Y-142.0860 F12000.0
G0 X174.4715 Y-141.6823 F15000.0
G1 X174.8794 Y-141.8992 F12000.0
G1 X112.6772 Y-108.8257 F12000.0
G0 X109.9564 Y-110.0066 F15000.0
G1 X174.8099 Y-144.4898 F12000.0
G1 X165.2246 Y-139.3933 F12000.0
G0 X164.5445 Y-139.6885 F15000.0
G1 X169.4391 Y-142.2910 F12000.0
G0 X168.1471 Y-142.2609 F15000.0
G1 X157.3382 Y-136.5137 F12000.0
G0 X158.0856 Y-137.5680 F15000.0
G1 X167.6708 Y-142.6646 F12000.0
G0 X167.3985 Y-143.1767 F15000.0
G1 X158.6290 Y-138.5139 F12000.0
G0 X158.9686 Y-139.3513 F15000.0
G1 X167.1262 Y-143.6888 F12000.0
G0 X167.4658 Y-144.5262 F15000.0
G1 X159.1042 Y-140.0803 F12000.0
G0 X159.2398 Y-140.8093 F15000.0
G1 X167.3974 Y-145.1468 F12000.0
G0 X166.2228 Y-144.7351 F15000.0
G1 X167.4355 Y-144.8505 F12000.0
G1 X164.0863 Y-145.0815
G1 X165.9918 Y-144.7351
G0 X169.6408 Y-146.3396 F15000.0
G1 X174.7393 Y-149.0505 F12000.0
G1 X113.5568 Y-116.5192 F12000.0
G0 X114.7132 Y-115.8203 F15000.0
G1 X174.8760 Y-147.8094 F12000.0
G1 X170.7972 Y-145.6407 F12000.0
G0 X170.1170 Y-145.9359 F15000.0
G1 X174.8077 Y-148.4300 F12000.0
G1 X103.0202 Y-110.2599 F12000.0
G0 X103.5637 Y-111.2058 F15000.0
G1 X107.4386 Y-113.2661 F12000.0
G0 X107.0979 Y-114.3987 F15000.0
G1 X101.9994 Y-111.6878 F12000.0
G0 X100.8430 Y-112.3867 F15000.0
G1 X107.1652 Y-115.7483 F12000.0
G0 X106.6206 Y-116.7725 F15000.0
G1 X95.1998 Y-110.7000 F12000.0
G0 X95.9484 Y-109.7842 F15000.0
G1 X99.2114 Y-111.5192 F12000.0
G0 X100.6250 Y-109.8573 F15000.0
G2 X100.3940 Y-109.6264 I1.1212 J1.3522 F12000.0
G0 X98.8047 Y-109.3322 F15000.0
G1 X174.8749 Y-149.7795 F12000.0
G1 X159.1714 Y-141.4298 F12000.0
G0 X158.8991 Y-141.9419 F15000.0
G1 X174.8066 Y-150.4001 F12000.0
G1 X115.6635 Y-118.9531 F12000.0
G0 X115.1189 Y-119.9773 F15000.0
G1 X174.8738 Y-151.7496 F12000.0
G1 X157.9466 Y-142.7493 F12000.0
G0 X157.6743 Y-143.2614 F15000.0
G1 X174.8055 Y-152.3701 F12000.0
G1 X76.5056 Y-100.1032 F12000.0
G0 X75.2819 Y-99.4525 F15000.0
G1 X51.8286 Y-86.9822 F12000.0
G0 X49.8098 Y-88.3764 F15000.0
G1 X41.3791 Y-89.4158 F12000.0
G1 X39.8200 Y-90.2819
G1 X49.5788 Y-88.1454
G0 X48.9734 Y-85.4641 F15000.0
G1 X46.5261 Y-84.1628 F12000.0
G0 X43.3424 Y-85.1427 F15000.0
G1 X46.5183 Y-85.8933 F12000.0
G1 X42.5917 Y-85.4891
G1 X43.1114 Y-85.1427
G0 X44.0353 Y-87.4524 F15000.0
G1 X42.8804 Y-88.3186 F12000.0
G1 X47.9620 Y-87.6834
G1 X44.2663 Y-87.4524
G0 X41.4276 Y-81.4519 F15000.0
G1 X33.4739 Y-77.2228 F12000.0
G0 X34.1033 Y-76.8274 F15000.0
G1 X30.4076 Y-77.5204 F12000.0
G1 X30.6963 Y-79.0217
G1 X25.7880 Y-77.7514
G1 X30.9273 Y-78.8485
G1 X30.8696 Y-77.8091
G1 X35.3736 Y-77.2894
G1 X37.0482 Y-78.3865
G1 X37.8567 Y-77.4626
G1 X34.3342 Y-76.8274
G0 X32.4864 Y-78.4443 F15000.0
G1 X33.9878 Y-79.3682 F12000.0
G1 X32.2554 Y-78.4443
G0 X32.2554 Y-78.6753 F15000.0
G3 X32.2554 Y-78.9062 I0.8277 J-0.1155 F12000.0
G0 X29.8029 Y-75.2709 F15000.0
G1 X4.9220 Y-62.0415 F12000.0
G0 X5.0000 Y-66.8954 F15000.0
G1 X11.0632 Y-67.9348 F12000.0
G1 X5.2310 Y-66.8954
G0 X4.9870 Y-67.3312 F15000.0
G1 X9.0659 Y-69.5000 F12000.0
G0 X13.3152 Y-68.0503 F15000.0
G1 X13.6039 Y-69.7249 F12000.0
G1 X16.4912 Y-70.4178
G1 X15.6827 Y-68.7432
G1 X16.3179 Y-69.2629
G1 X15.4518 Y-68.9164
G1 X16.3179 Y-70.5910
G1 X9.7351 Y-71.2840
G1 X9.1576 Y-69.8981
G1 X11.1209 Y-70.7065
G1 X10.2548 Y-69.6094
G1 X13.6617 Y-71.3417
G1 X12.2758 Y-69.8404
G1 X9.9083 Y-68.8010
G1 X12.2758 Y-69.1474
G1 X11.5829 Y-68.5122
G1 X13.3152 Y-67.8193
G0 X15.1630 Y-67.8193 F15000.0
G1 X17.8193 Y-69.8404 F12000.0
G1 X17.2418 Y-70.3023
G1 X19.0897 Y-70.0713
G1 X18.1080 Y-69.2629
G1 X22.0924 Y-69.0319
G1 X21.6304 Y-69.2052
G1 X25.2683 Y-70.5910
G1 X24.6909 Y-71.1107
G1 X25.1529 Y-71.8614
G1 X24.7486 Y-71.6882
G1 X25.6148 Y-71.9769
G1 X26.0190 Y-71.3995
G1 X25.7880 Y-70.0713
G1 X26.9429 Y-71.2840
G1 X26.4232 Y-70.8220
G1 X28.2711 Y-70.8798
G1 X27.2894 Y-69.5516
G1 X28.5598 Y-69.3207
G1 X22.9586 Y-68.8587
G1 X22.8431 Y-69.4939
G1 X21.9192 Y-68.3390
G1 X17.4151 Y-69.1474
G1 X15.3940 Y-67.8193
G0 X14.7011 Y-71.7459 F15000.0
G1 X16.4334 Y-71.9192 F12000.0
G1 X13.9504 Y-72.0924
G1 X14.4701 Y-71.7459
G0 X15.3940 Y-72.4389 F15000.0
G1 X13.8927 Y-73.3050 F12000.0
G1 X16.3179 Y-72.4389
G1 X15.6250 Y-72.4389
G0 X13.6176 Y-77.1753 F15000.0
G1 X27.6896 Y-84.6575 F12000.0
G0 X30.6386 Y-83.7568 F15000.0
G1 X28.2711 Y-84.7962 F12000.0
G1 X30.8696 Y-84.8539
G1 X27.8091 Y-84.7385
G1 X30.6386 Y-83.5258
G0 X32.9484 Y-87.6834 F15000.0
G1 X32.4287 Y-88.5496 F12000.0
G1 X33.1216 Y-87.8567
G1 X33.2948 Y-88.6651
G1 X29.1950 Y-89.9932
G1 X25.9613 Y-89.1270
G1 X33.1793 Y-89.0693
G1 X34.0455 Y-88.4341
G1 X33.1793 Y-87.9144
G0 X39.1848 Y-81.2160 F15000.0
G1 X32.8906 Y-83.7568 F12000.0
G1 X31.2738 Y-83.2371
G1 X34.5652 Y-83.4681
G1 X37.9721 Y-81.4470
G1 X39.4158 Y-81.2160
G0 X44.2663 Y-79.8302 F15000.0
G1 X53.1012 Y-81.7935 F12000.0
G1 X52.6970 Y-80.4654
G1 X51.5421 Y-80.7541
G1 X51.9463 Y-81.7357
G1 X50.5605 Y-80.2921
G1 X48.9436 Y-80.0611
G1 X47.4423 Y-80.5231
G1 X44.4973 Y-79.8302
G0 X46.8071 Y-77.7514 F15000.0
G1 X43.9198 Y-79.0217 F12000.0
G1 X40.3397 Y-82.8906
G1 X44.6705 Y-78.2133
G1 X46.5761 Y-77.5204
G0 X51.4266 Y-76.3655 F15000.0
G1 X57.6053 Y-77.9823 F12000.0
G1 X59.6264 Y-78.0401
G1 X57.4898 Y-78.0401
G1 X59.4531 Y-77.1739
G1 X53.7364 Y-77.2317
G1 X51.6576 Y-76.3655
G0 X54.1984 Y-74.7486 F15000.0
G1 X57.6053 Y-75.9035 F12000.0
G1 X61.6474 Y-78.5598
G1 X62.6868 Y-78.1556
G1 X61.2432 Y-76.1923
G1 X54.4293 Y-74.7486
G0 X55.1223 Y-78.2133 F15000.0
G1 X51.3689 Y-79.4260 F12000.0
G1 X53.6209 Y-79.2527
G1 X53.5054 Y-80.6386
G1 X54.1406 Y-79.3105
G1 X56.1039 Y-79.3105
G1 X53.6209 Y-78.5598
G1 X55.3533 Y-78.2133
G0 X57.2011 Y-79.5992 F15000.0
G2 X57.2011 Y-79.8302 I-0.7418 J-0.1155 F12000.0
G0 X58.5870 Y-80.0611 F15000.0
G1 X58.5870 Y-81.2160 F12000.0
G1 X56.2194 Y-82.0245
G1 X60.2615 Y-82.1977
G1 X61.3587 Y-84.5075
G1 X59.6841 Y-86.1243
G1 X57.2011 Y-85.4891
G1 X60.7235 Y-85.4891
G1 X62.9755 Y-83.8723
G1 X61.9361 Y-83.2371
G1 X61.1277 Y-83.5258
G1 X60.4348 Y-82.1399
G1 X58.0095 Y-81.3315
G1 X60.3770 Y-80.7541
G1 X58.8179 Y-80.0611
G0 X60.2641 Y-80.9572 F15000.0
G1 X61.8957 Y-81.8247 F12000.0
G0 X63.3233 Y-82.5838 F15000.0
G1 X67.4021 Y-84.7525 F12000.0
G0 X64.1304 Y-80.7541 F15000.0
G1 X64.9389 Y-80.9273 F12000.0
G1 X63.2065 Y-80.9273
G1 X63.8995 Y-80.7541
G0 X65.2853 Y-78.6753 F15000.0
G1 X63.8417 Y-79.4837 F12000.0
G1 X64.3614 Y-79.8302
G1 X63.8417 Y-78.9640
G1 X66.6135 Y-80.1189
G1 X66.0360 Y-78.6753
G1 X67.9416 Y-80.0611
G1 X65.5163 Y-78.6753
G0 X64.3614 Y-74.5177 F15000.0
G1 X63.0910 Y-74.8641 F12000.0
G1 X64.1304 Y-74.5177
G0 X58.5870 Y-82.6019 F15000.0
G1 X59.4531 Y-83.9300 F12000.0
G1 X57.8363 Y-84.1610
G1 X60.5503 Y-84.1610
G1 X58.8179 Y-82.8329
G0 X56.5082 Y-86.0666 F15000.0
G1 X56.9124 Y-86.1243 F12000.0
G1 X56.7391 Y-86.9327
G1 X60.7812 Y-87.7412
G1 X57.0856 Y-86.9327
G1 X51.7731 Y-87.6834
G1 X51.1379 Y-88.4341
G1 X51.7731 Y-87.3370
G1 X56.2772 Y-86.0666
G0 X54.8913 Y-84.2188 F15000.0
G1 X55.4110 Y-84.7385 F12000.0
G1 X54.8913 Y-84.7385
G1 X56.1617 Y-85.5469
G1 X54.6603 Y-83.9878
G0 X50.0408 Y-81.9090 F15000.0
G1 X52.1196 Y-83.1216 F12000.0
G1 X54.0829 Y-82.8906
G1 X59.1067 Y-85.2582
G1 X52.6393 Y-82.8329
G1 X51.5999 Y-83.7568
G1 X52.5815 Y-84.2188
G1 X53.9674 Y-83.6990
G1 X52.2351 Y-84.7962
G1 X53.6787 Y-84.9694
G1 X51.7731 Y-85.4314
G1 X52.8702 Y-86.1243
G1 X50.8492 Y-84.9694
G1 X51.7731 Y-84.3920
G1 X50.0408 Y-81.6780
G0 X50.2717 Y-73.5938 F15000.0
G1 X54.0251 Y-75.8458 F12000.0
G1 X49.8098 Y-75.7303
G1 X51.7154 Y-78.2133
G1 X49.4056 Y-77.8668
G1 X47.7310 Y-76.1923
G1 X51.7731 Y-78.0978
G1 X49.8098 Y-75.2683
G1 X53.4477 Y-74.8641
G1 X50.0408 Y-73.3628
G0 X47.5000 Y-70.8220 F15000.0
G1 X48.2507 Y-71.1685 F12000.0
G1 X46.5183 Y-71.3417
G1 X47.5000 Y-73.4783
G1 X51.7154 Y-72.6698
G1 X62.2826 Y-74.1135
G1 X61.8784 Y-74.6909
G1 X67.4219 Y-77.2894
G1 X67.2486 Y-78.3865
G1 X67.9416 Y-79.2527
G1 X66.4980 Y-76.7697
G1 X49.5211 Y-73.9402
G1 X50.5027 Y-74.3444
G1 X46.7493 Y-72.4389
G1 X46.2296 Y-71.3995
G1 X47.5000 Y-70.5910
G0 X42.8804 Y-71.2840 F15000.0
G1 X43.5734 Y-72.6698 F12000.0
G1 X42.8804 Y-73.0163
G1 X42.9959 Y-73.8825
G1 X41.3213 Y-73.3050
G1 X41.8988 Y-73.4205
G1 X42.0143 Y-74.0557
G1 X42.6495 Y-71.0530
G0 X40.8897 Y-70.6556 F15000.0
G1 X33.9557 Y-66.9687 F12000.0
G0 X31.5625 Y-67.5883 F15000.0
G1 X33.1793 Y-67.8193 F12000.0
G1 X32.7174 Y-68.5700
G1 X32.9484 Y-69.3207
G1 X31.5625 Y-67.8193
G0 X29.4837 Y-68.7432 F15000.0
G3 X29.2527 Y-68.9742 I0.8207 J-1.0516 F12000.0
G0 X29.0217 Y-69.8981 F15000.0
G1 X30.9273 Y-70.9375 F12000.0
G1 X28.7908 Y-69.8981
G0 X33.8723 Y-70.1291 F15000.0
G1 X32.8329 Y-70.3023 F12000.0
G1 X35.3736 Y-71.3417
G1 X34.1033 Y-70.1291
G0 X34.1033 Y-72.4389 F15000.0
G1 X34.4497 Y-73.4205 F12000.0
G1 X33.3526 Y-72.9586
G1 X33.8723 Y-72.4389
G0 X36.6440 Y-65.0476 F15000.0
G1 X30.4076 Y-67.2996 F12000.0
G1 X33.7568 Y-69.2052
G1 X35.1427 Y-68.6855
G1 X38.3764 Y-71.1685
G1 X37.0482 Y-72.5543
G1 X39.7622 Y-72.8431
G1 X39.6467 Y-74.2289
G1 X38.3764 Y-71.2840
G1 X39.2425 Y-70.7065
G1 X33.5836 Y-67.4728
G1 X37.9144 Y-66.3179
G1 X39.7622 Y-68.5700
G1 X39.3003 Y-69.2629
G1 X36.9905 Y-67.1841
G1 X39.7045 Y-68.9742
G1 X39.9932 Y-68.4545
G1 X41.3213 Y-68.8010
G1 X41.1481 Y-69.8981
G1 X42.0143 Y-70.7643
G1 X40.2242 Y-70.8220
G1 X40.4552 Y-73.7092
G1 X37.2215 Y-75.2683
G1 X35.8356 Y-73.3628
G1 X37.6834 Y-74.6909
G1 X38.3764 Y-74.5754
G1 X34.9694 Y-73.3050
G1 X34.1033 Y-72.3234
G1 X32.4864 Y-72.4389
G1 X33.0061 Y-73.4783
G1 X30.9273 Y-71.7459
G1 X32.3709 Y-71.1107
G1 X32.4287 Y-70.4755
G1 X36.8173 Y-71.5149
G1 X36.2976 Y-70.7643
G1 X35.9511 Y-71.4572
G1 X34.2188 Y-69.9558
G1 X29.4260 Y-69.3784
G1 X32.3132 Y-71.2262
G1 X30.9273 Y-72.4389
G1 X34.9117 Y-73.8825
G1 X34.9694 Y-74.9219
G1 X10.9477 Y-73.9980
G1 X5.5774 Y-73.4205
G1 X9.3886 Y-73.4205
G1 X12.3913 Y-74.1712
G1 X34.5652 Y-75.2106
G1 X36.2976 Y-74.7486
G1 X40.6861 Y-74.4022
G1 X40.2819 Y-70.6488
G1 X45.2480 Y-69.8404
G1 X44.2086 Y-69.0897
G1 X45.7099 Y-69.2629
G1 X45.9986 Y-70.0136
G1 X45.7099 Y-68.8587
G1 X43.5156 Y-67.9348
G1 X44.4973 Y-68.1658
G1 X43.1114 Y-66.0292
G1 X41.8988 Y-65.8560
G1 X41.9565 Y-66.7799
G1 X42.3030 Y-68.3390
G1 X40.5707 Y-66.7799
G1 X41.0904 Y-67.2996
G1 X40.2242 Y-68.5122
G1 X36.5863 Y-65.5673
G1 X36.8750 Y-65.0476
G0 X40.5707 Y-67.8193 F15000.0
G1 X43.9198 Y-69.3207 F12000.0
G1 X42.5340 Y-69.3207
G1 X43.8043 Y-70.1868
G1 X41.8988 Y-70.3023
G1 X41.2636 Y-69.2629
G1 X41.6101 Y-68.5700
G1 X40.5707 Y-68.0503
G0 X45.2464 Y-62.4619 F15000.0
G1 X47.0818 Y-63.4378 F12000.0
G0 X46.8071 Y-61.5829 F15000.0
G1 X49.8675 Y-63.0842 F12000.0
G1 X46.5761 Y-61.5829
G0 X46.5761 Y-59.5041 F15000.0
G1 X44.5550 Y-63.0842 F12000.0
G1 X47.2690 Y-65.8560
G1 X48.1352 Y-64.9898
G1 X46.7493 Y-63.0265
G1 X49.1168 Y-65.9137
G1 X50.7914 Y-65.1630
G1 X50.7914 Y-66.0292
G1 X49.4056 Y-66.9531
G1 X47.7310 Y-66.4334
G1 X48.5971 Y-65.9137
G1 X46.6916 Y-65.9715
G1 X45.5367 Y-65.5095
G1 X44.6705 Y-65.9715
G1 X44.9015 Y-64.5856
G1 X44.6705 Y-67.0109
G1 X46.9226 Y-66.7221
G1 X43.2846 Y-64.9898
G1 X43.9776 Y-65.2208
G1 X46.7493 Y-64.5856
G1 X44.4973 Y-62.6223
G1 X46.5761 Y-59.2731
G0 X46.1141 Y-55.1155 F15000.0
G1 X47.5577 Y-56.3859 F12000.0
G1 X45.5944 Y-55.2887
G1 X45.0170 Y-55.6352
G1 X45.8832 Y-55.1155
G0 X49.6031 Y-54.2681 F15000.0
G1 X15.7487 Y-36.2674 F12000.0
G0 X13.3665 Y-40.2559 F15000.0
G1 X37.0237 Y-52.8347 F12000.0
G0 X35.0537 Y-49.1597 F15000.0
G1 X18.3305 Y-40.2678 F12000.0
G0 X12.8891 Y-42.6296 F15000.0
G1 X24.1059 Y-48.5937 F12000.0
G0 X20.7039 Y-52.0400 F15000.0
G1 X17.4408 Y-50.3050 F12000.0
G0 X14.3817 Y-48.6784 F15000.0
G1 X6.0201 Y-44.2324 F12000.0
G0 X4.9309 Y-46.2809 F15000.0
G1 X32.4631 Y-60.9200 F12000.0
G0 X40.3518 Y-59.8594 F15000.0
G1 X5.0699 Y-41.0996 F12000.0
G0 X7.7717 Y-37.0992 F15000.0
G1 X8.5224 Y-37.5034 F12000.0
G1 X8.5224 Y-38.3696
G1 X10.0815 Y-37.6766
G1 X11.4096 Y-38.7738
G1 X7.5408 Y-36.8682
G0 X5.9239 Y-30.6318 F15000.0
G1 X5.7507 Y-32.7106 F12000.0
G1 X6.3859 Y-33.8077
G1 X5.9239 Y-30.4008
G0 X8.0027 Y-26.9361 F15000.0
G1 X8.3492 Y-28.1488 F12000.0
G1 X8.4069 Y-29.0727
G1 X10.4857 Y-29.9966
G1 X5.4620 Y-29.7656
G1 X6.6746 Y-29.1304
G1 X5.9239 Y-27.4558
G1 X8.2914 Y-28.1488
G1 X7.7717 Y-26.7052
G0 X8.6957 Y-26.7052 F15000.0
G1 X10.9477 Y-28.3220 F12000.0
G1 X8.9266 Y-26.9361
G0 X11.6984 Y-28.5530 F15000.0
G1 X12.5068 Y-30.5740 F12000.0
G1 X14.0659 Y-31.4402
G1 X12.6800 Y-30.0543
G1 X11.9293 Y-28.5530
G0 X13.3152 Y-26.9361 F15000.0
G1 X13.9504 Y-27.6868 F12000.0
G1 X15.2785 Y-27.2826
G1 X13.6617 Y-27.9755
G1 X13.3152 Y-26.7052
G0 X25.6769 Y-36.2912 F15000.0
G1 X41.9922 Y-44.9662 F12000.0
G0 X32.7454 Y-42.6772 F15000.0
G1 X27.8508 Y-40.0746 F12000.0
G0 X35.9511 Y-36.8682 F15000.0
G1 X36.8750 Y-37.7921 F12000.0
G1 X37.9144 Y-37.2724
G1 X42.9382 Y-41.6610
G1 X37.3370 Y-37.3302
G1 X36.8750 Y-38.1386
G1 X37.2792 Y-38.4851
G1 X34.2765 Y-37.0414
G1 X35.6046 Y-37.3302
G1 X35.9511 Y-36.6372
G0 X41.7255 Y-30.8628 F15000.0
G1 X42.9382 Y-32.3064 F12000.0
G1 X43.5156 Y-33.4035
G1 X43.6311 Y-32.3641
G1 X42.9382 Y-32.2486
G1 X41.9565 Y-30.8628
G0 X45.8760 Y-31.2659 F15000.0
G1 X47.7115 Y-32.2418 F12000.0
G0 X47.7310 Y-29.9389 F15000.0
G1 X46.8648 Y-30.8628 F12000.0
G1 X45.9986 Y-30.3431
G1 X46.8648 Y-32.5951
G1 X47.9042 Y-31.6135
G1 X46.6916 Y-32.6529
G1 X46.4029 Y-30.1698
G1 X47.5000 Y-29.9389
G0 X49.1168 Y-29.4769 F15000.0
G1 X51.3111 Y-31.6135 F12000.0
G1 X50.6760 Y-32.3064
G1 X49.0591 Y-31.7867
G1 X51.4844 Y-31.5557
G1 X49.3478 Y-29.4769
G0 X51.9293 Y-29.2293 F15000.0
G1 X55.3963 Y-31.0728 F12000.0
G0 X53.9674 Y-28.3220 F15000.0
G1 X53.7942 Y-29.4769 F12000.0
G1 X53.1012 Y-28.6107
G1 X53.9674 Y-28.0910
G0 X54.1984 Y-26.9361 F15000.0
G1 X55.6420 Y-29.7079 F12000.0
G1 X57.0279 Y-28.7262
G1 X55.4110 Y-30.2276
G1 X53.9674 Y-26.7052
G0 X57.2011 Y-26.7052 F15000.0
G1 X55.8730 Y-28.4952 F12000.0
G1 X57.8363 Y-27.8601
G1 X57.5476 Y-31.2092
G1 X56.9124 Y-30.2276
G1 X56.2194 Y-31.3825
G1 X57.4898 Y-32.8838
G1 X57.2588 Y-33.7500
G1 X59.2221 Y-34.6162
G1 X61.0700 Y-35.0781
G1 X55.1800 Y-35.2514
G1 X60.7235 Y-35.8288
G1 X61.8207 Y-34.9626
G1 X63.4952 Y-36.6950
G1 X63.0910 Y-35.7711
G1 X63.0910 Y-36.8105
G1 X61.3587 Y-34.7317
G1 X58.0095 Y-34.4429
G1 X57.1433 Y-33.2303
G1 X60.4348 Y-32.9993
G1 X59.9728 Y-31.9599
G1 X60.9545 Y-32.4796
G1 X60.7812 Y-31.7867
G1 X57.8940 Y-32.8261
G1 X55.7575 Y-30.7473
G1 X57.4321 Y-30.8628
G1 X60.1461 Y-29.8811
G1 X58.4137 Y-28.7840
G1 X59.2799 Y-28.2643
G1 X58.1250 Y-27.0516
G1 X57.4321 Y-26.9361
G0 X50.0408 Y-26.9361 F15000.0
G1 X50.9647 Y-27.2826 F12000.0
G1 X49.5788 Y-27.1094
G1 X51.3689 Y-28.6685
G1 X53.6787 Y-34.1542
G1 X54.0251 Y-33.8077
G1 X53.7364 Y-35.4823
G1 X54.0251 Y-37.1569
G1 X53.3899 Y-37.0992
G1 X55.1223 Y-38.0808
G1 X55.7575 Y-36.2908
G1 X58.5292 Y-37.0414
G1 X55.2955 Y-36.8682
G1 X56.9124 Y-37.3302
G1 X53.4477 Y-37.5034
G1 X52.6393 Y-36.4640
G1 X52.4083 Y-37.5611
G1 X52.9857 Y-38.0231
G1 X51.9463 Y-37.5611
G1 X52.2928 Y-34.8471
G1 X52.8125 Y-36.0020
G1 X53.2745 Y-34.4429
G1 X52.4083 Y-30.9205
G1 X50.9069 Y-28.2643
G1 X49.4633 Y-27.2249
G1 X49.8098 Y-26.7052
G0 X53.6258 Y-35.3865 F15000.0
G1 X54.2376 Y-35.7118 F12000.0
G0 X56.8889 Y-37.1215 F15000.0
G1 X61.1716 Y-39.3987 F12000.0
G0 X62.9755 Y-42.1807 F15000.0
G1 X61.8207 Y-43.7976 F12000.0
G1 X61.5319 Y-49.2833
G1 X58.4715 Y-50.0340
G1 X61.9361 Y-49.2833
G1 X63.0333 Y-50.0917
G1 X63.6685 Y-49.1101
G1 X62.6868 Y-49.5143
G1 X62.1094 Y-48.3016
G1 X63.1488 Y-47.4355
G1 X64.0149 Y-47.7819
G1 X62.5713 Y-47.0312
G1 X61.8784 Y-48.0129
G1 X62.5713 Y-45.4144
G1 X63.3220 Y-42.3539
G1 X64.0727 Y-42.8736
G1 X63.2065 Y-42.1807
G0 X65.4544 Y-41.6759 F15000.0
G1 X80.3422 Y-49.5919 F12000.0
G0 X77.7582 Y-51.8818 F15000.0
G1 X75.5061 Y-52.6902 F12000.0
G1 X73.7738 Y-54.4803
G1 X68.7500 Y-56.2126
G1 X67.9993 Y-58.4069
G1 X72.5611 Y-54.5958
G1 X74.6977 Y-53.8451
G1 X77.5272 Y-51.6508
G0 X80.7609 Y-54.6535 F15000.0
G1 X79.2595 Y-55.4620 F12000.0
G1 X82.8974 Y-55.6929
G1 X80.7609 Y-54.8845
G0 X84.2255 Y-49.3410 F15000.0
G1 X83.9946 Y-50.7846 F12000.0
G1 X74.5822 Y-49.8030
G1 X73.5428 Y-51.1889
G1 X74.4667 Y-51.2466
G1 X73.1963 Y-51.1311
G1 X71.8105 Y-49.9185
G1 X69.7894 Y-51.5931
G1 X71.5795 Y-49.6875
G1 X82.8974 Y-50.2649
G1 X83.9368 Y-50.6114
G1 X83.9946 Y-49.1101
G0 X85.5796 Y-47.1216 F15000.0
G1 X75.1786 Y-41.5912 F12000.0
G0 X73.3696 Y-40.5639 F15000.0
G3 X73.1386 Y-40.3329 I-0.8084 J-0.5774 F12000.0
G0 X73.3696 Y-38.9470 F15000.0
G1 X74.4667 Y-42.4117 F12000.0
G1 X74.2935 Y-39.7554
G1 X73.6005 Y-38.9470
G0 X71.2908 Y-38.9470 F15000.0
G2 X71.2908 Y-38.7160 I0.6886 J0.1155 F12000.0
G0 X70.5978 Y-38.7160 F15000.0
G1 X72.4457 Y-39.0048 F12000.0
G1 X72.4457 Y-40.9103
G1 X71.8105 Y-41.4300
G1 X70.7711 Y-39.0048
G1 X70.0204 Y-39.0048
G1 X68.9232 Y-40.3906
G1 X68.9810 Y-39.6977
G1 X67.8838 Y-40.1596
G1 X66.5557 Y-39.1780
G1 X66.9022 Y-40.2174
G1 X66.7867 Y-39.0048
G1 X68.4035 Y-40.1596
G1 X70.3668 Y-38.4851
G0 X66.2092 Y-41.0258 F15000.0
G1 X68.2880 Y-41.1413 F12000.0
G1 X65.6318 Y-41.3145
G1 X64.1882 Y-44.1440
G1 X63.6685 Y-44.1440
G1 X65.2853 Y-42.4694
G1 X64.9389 Y-42.1230
G1 X65.9783 Y-40.7948
G0 X65.1855 Y-36.2778 F15000.0
G1 X63.9618 Y-35.6272 F12000.0
G0 X64.5924 Y-34.5584 F15000.0
G1 X64.4192 Y-35.8865 F12000.0
G1 X64.0727 Y-35.2514
G1 X64.7656 Y-35.7711
G1 X64.3614 Y-34.3274
G0 X62.5136 Y-33.1726 F15000.0
G1 X64.1882 Y-34.0387 F12000.0
G1 X62.8601 Y-34.6162
G1 X62.9178 Y-33.6345
G1 X62.0516 Y-34.1542
G1 X62.5136 Y-32.9416
G0 X61.8207 Y-35.4823 F15000.0
G1 X58.9334 Y-38.1963 F12000.0
G1 X61.5897 Y-35.4823
G0 X64.3047 Y-30.5543 F15000.0
G1 X91.8368 Y-45.1934 F12000.0
G0 X92.7717 Y-47.0312 F15000.0
G1 X94.6196 Y-48.9368 F12000.0
G1 X94.0999 Y-50.0340
G1 X93.0027 Y-47.0312
G0 X95.5435 Y-43.7976 F15000.0
G1 X103.5700 Y-49.6298 F12000.0
G1 X105.4755 Y-55.7507
G1 X105.1291 Y-56.2704
G1 X104.7249 Y-55.4042
G1 X103.5700 Y-55.2310
G1 X105.4755 Y-54.8845
G1 X103.2812 Y-50.4382
G1 X103.2812 Y-49.3410
G1 X97.9688 Y-46.4538
G1 X95.3125 Y-43.9708
G1 X94.7351 Y-45.5299
G1 X96.0054 Y-45.1834
G1 X95.5435 Y-44.7215
G1 X95.8899 Y-45.7609
G1 X92.0788 Y-44.9524
G1 X88.2099 Y-46.0496
G1 X85.2072 Y-48.3594
G1 X92.5985 Y-44.8947
G1 X94.2731 Y-45.1257
G1 X95.3125 Y-43.5666
G0 X98.7058 Y-43.5906 F15000.0
G1 X89.1206 Y-38.4941 F12000.0
G0 X89.0761 Y-36.4062 F15000.0
G1 X88.7874 Y-37.6189 F12000.0
G1 X88.3832 Y-38.1963
G1 X87.0550 Y-37.7921
G1 X86.1311 Y-38.4273
G1 X88.8451 Y-36.4062
G0 X87.4592 Y-36.6372 F15000.0
G1 X88.2677 Y-36.8105 F12000.0
G1 X85.8424 Y-37.5611
G1 X87.2283 Y-36.6372
G0 X84.6875 Y-36.1753 F15000.0
G1 X87.5170 Y-36.0020 F12000.0
G1 X85.4959 Y-36.5217
G1 X85.2072 Y-37.3302
G1 X84.4565 Y-35.9443
G0 X82.5944 Y-35.0241 F15000.0
G1 X74.2328 Y-30.5781 F12000.0
G0 X76.1413 Y-28.7840 F15000.0
G1 X74.7554 Y-30.7473 F12000.0
G1 X76.3723 Y-29.0149
G1 X78.1624 Y-29.5346
G1 X76.3723 Y-28.7840
G0 X78.6821 Y-26.9361 F15000.0
G1 X79.5482 Y-27.0516 F12000.0
G1 X79.2595 Y-27.8601
G1 X78.8553 Y-27.4558
G1 X78.6243 Y-28.0910
G1 X78.6821 Y-26.7052
G0 X70.5978 Y-28.0910 F15000.0
G1 X70.3668 Y-27.8601 F12000.0
G0 X68.0571 Y-27.3981 F15000.0
G1 X73.5428 Y-30.1698 F12000.0
G1 X74.4090 Y-29.4769
G1 X73.0231 Y-30.2276
G1 X71.9837 Y-30.1121
G1 X72.3879 Y-30.6318
G1 X69.6162 Y-29.4192
G1 X70.8865 Y-30.8050
G1 X68.9232 Y-31.2670
G1 X68.6345 Y-29.8234
G1 X62.7446 Y-30.6318
G1 X64.2459 Y-30.9783
G1 X63.8995 Y-31.4980
G1 X65.0543 Y-30.8628
G1 X64.5346 Y-29.3037
G1 X66.9599 Y-29.9389
G1 X68.9232 Y-29.9966
G1 X69.0965 Y-31.3825
G1 X70.4246 Y-30.7473
G1 X69.9049 Y-30.5163
G1 X70.3668 Y-29.8811
G1 X68.6923 Y-27.7446
G1 X66.3247 Y-28.6107
G1 X67.8261 Y-27.3981
G0 X64.5924 Y-29.2459 F15000.0
G1 X66.0938 Y-29.5346 F12000.0
G1 X65.4008 Y-31.0938
G1 X64.5924 Y-29.4769
G0 X71.7527 Y-33.4035 F15000.0
G1 X67.4796 Y-36.6950 F12000.0
G1 X64.7656 Y-36.6950
G1 X60.0883 Y-38.7738
G1 X63.4375 Y-38.2541
G1 X63.1488 Y-38.7738
G1 X65.5163 Y-36.5795
G1 X69.5007 Y-36.6372
G1 X72.0992 Y-33.8077
G1 X74.3512 Y-37.6766
G1 X71.9837 Y-33.4035
G0 X80.5299 Y-35.2514 F15000.0
G1 X76.9497 Y-36.8105 F12000.0
G1 X77.1807 Y-37.1569
G1 X77.3539 Y-36.2908
G1 X76.1413 Y-36.2908
G1 X78.1624 Y-36.0020
G1 X78.1046 Y-36.5795
G1 X80.5299 Y-35.4823
G0 X80.5299 Y-35.9443 F15000.0
G1 X79.6637 Y-37.2147 F12000.0
G1 X81.3383 Y-36.7527
G1 X82.4355 Y-38.4851
G1 X83.0707 Y-38.4851
G1 X82.3777 Y-37.5034
G1 X83.9946 Y-38.1386
G1 X82.4932 Y-36.3485
G1 X83.5904 Y-36.6950
G1 X80.7609 Y-35.9443
G0 X87.6902 Y-31.0938 F15000.0
G1 X87.8057 Y-33.2880 F12000.0
G1 X88.0944 Y-32.5374
G1 X84.5143 Y-34.7317
G1 X83.0707 Y-35.3668
G1 X83.6481 Y-36.1753
G1 X81.9158 Y-34.9626
G1 X82.7242 Y-35.2514
G1 X87.3438 Y-33.5190
G1 X87.9212 Y-30.8628
G0 X91.1549 Y-31.5557 F15000.0
G3 X91.3859 Y-31.5557 I0.1155 J-0.8913 F12000.0
G0 X94.8505 Y-31.5557 F15000.0
G1 X94.3886 Y-32.5951 F12000.0
G1 X96.0054 Y-32.9416
G1 X94.5618 Y-32.3641
G1 X95.0815 Y-31.5557
G0 X94.8505 Y-33.4035 F15000.0
G1 X94.0421 Y-34.3852 F12000.0
G1 X92.7717 Y-33.8655
G1 X95.2548 Y-34.3274
G1 X95.0815 Y-33.6345
G0 X92.0788 Y-26.9361 F15000.0
G1 X92.4830 Y-27.3981 F12000.0
G1 X93.4069 Y-26.8784
G1 X100.6827 Y-27.0516
G1 X101.0292 Y-28.7262
G1 X96.8716 Y-26.8784
G1 X92.0788 Y-26.7052
G0 X90.4620 Y-26.7052 F15000.0
G1 X88.3254 Y-29.0727 F12000.0
G1 X89.5380 Y-28.4952
G1 X88.3254 Y-28.8417
G1 X91.0394 Y-26.8784
G1 X90.4620 Y-26.9361
G0 X99.7011 Y-43.7976 F15000.0
G1 X99.5279 Y-45.4721 F12000.0
G1 X100.1630 Y-44.2595
G1 X100.1630 Y-44.6637
G1 X99.9321 Y-43.7976
G0 X101.0870 Y-46.3383 F15000.0
G1 X101.3179 Y-46.3383 F12000.0
G0 X100.3940 Y-52.1128 F15000.0
G1 X97.9688 Y-53.1522 F12000.0
G1 X96.9293 Y-54.7113
G1 X94.3308 Y-55.1155
G1 X93.8111 Y-56.0394
G1 X100.3940 Y-52.3438
G0 X104.2773 Y-51.8081 F15000.0
G1 X122.0202 Y-61.2422 F12000.0
G0 X121.6440 Y-61.8139 F15000.0
G1 X122.4524 Y-62.2758 F12000.0
G1 X120.7201 Y-62.3336
G1 X121.4130 Y-61.8139
G0 X122.1060 Y-57.8872 F15000.0
G2 X122.3370 Y-57.8872 I0.1155 J-0.8156 F12000.0
G0 X132.5000 Y-58.8111 F15000.0
G1 X130.1902 Y-66.6644 F12000.0
G1 X131.6338 Y-66.8376
G1 X131.9226 Y-68.9742
G1 X132.1535 Y-68.5122
G1 X131.6338 Y-68.8010
G1 X131.4606 Y-67.2996
G1 X133.1352 Y-66.4912
G1 X131.8071 Y-65.2208
G1 X132.5577 Y-64.2391
G1 X130.0747 Y-66.4912
G1 X132.2690 Y-60.3702
G1 X131.5761 Y-60.0815
G1 X132.5000 Y-59.0421
G0 X135.2717 Y-66.4334 F15000.0
G1 X134.5211 Y-68.1658 F12000.0
G1 X133.5971 Y-67.8193
G1 X132.9042 Y-68.3390
G1 X136.4844 Y-68.2235
G1 X134.9253 Y-67.5306
G1 X135.2717 Y-66.6644
G0 X136.6576 Y-66.8954 F15000.0
G1 X135.9069 Y-67.4728 F12000.0
G1 X141.8546 Y-67.1264
G1 X140.8152 Y-67.7038
G1 X136.8886 Y-66.8954
G0 X139.1984 Y-64.8166 F15000.0
G1 X140.8152 Y-66.7221 F12000.0
G1 X136.9463 Y-64.8743
G1 X134.2323 Y-66.4334
G1 X137.0618 Y-64.8743
G1 X139.4293 Y-64.5856
G0 X145.2038 Y-56.2704 F15000.0
G1 X148.0333 Y-57.3675 F12000.0
G1 X145.4348 Y-56.2704
G0 X148.4765 Y-54.2888 F15000.0
G1 X140.7267 Y-50.1682 F12000.0
G0 X140.8152 Y-49.8030 F15000.0
G1 X139.4293 Y-52.5170 F12000.0
G1 X141.3927 Y-49.9762
G1 X144.1644 Y-50.2649
G1 X146.1277 Y-51.9973
G1 X146.9361 Y-51.9395
G1 X141.0462 Y-49.8030
G0 X142.2011 Y-53.4986 F15000.0
G1 X140.2955 Y-55.8662 F12000.0
G1 X142.8363 Y-57.6562
G1 X141.2772 Y-55.2310
G1 X144.9728 Y-55.1732
G1 X142.4321 Y-53.4986
G0 X147.7446 Y-52.8057 F15000.0
G1 X144.1644 Y-54.5380 F12000.0
G1 X147.9755 Y-52.8057
G0 X144.5109 Y-46.5693 F15000.0
G1 X150.5740 Y-49.2255 F12000.0
G1 X149.4192 Y-52.6902
G1 X148.5530 Y-54.0761
G1 X151.0360 Y-51.9395
G1 X151.7289 Y-52.8057
G1 X148.2065 Y-53.6141
G1 X150.5740 Y-49.1678
G1 X142.9518 Y-47.2045
G1 X137.9280 Y-48.5904
G1 X132.3268 Y-50.5537
G1 X129.2086 Y-51.6508
G1 X128.8621 Y-51.1889
G1 X125.9171 Y-53.9029
G1 X122.1060 Y-57.1365
G1 X119.9117 Y-58.1182
G1 X120.0849 Y-58.9844
G1 X118.1216 Y-58.6957
G1 X120.8933 Y-59.8505
G1 X123.7806 Y-59.1576
G1 X125.1664 Y-55.5774
G1 X126.3791 Y-56.5014
G1 X128.6311 Y-53.9029
G1 X126.5523 Y-56.7901
G1 X121.8173 Y-59.7351
G1 X119.4497 Y-60.7167
G1 X118.0061 Y-58.5224
G1 X119.8539 Y-58.8111
G1 X119.8539 Y-57.7717
G1 X124.9932 Y-53.7874
G1 X126.3213 Y-53.5564
G1 X132.1535 Y-50.2072
G1 X132.7887 Y-50.3804
G1 X133.9436 Y-49.4565
G1 X134.8098 Y-49.1678
G1 X134.3478 Y-48.7636
G1 X144.2799 Y-46.5693
G0 X148.8933 Y-38.7450 F15000.0
G1 X138.4923 Y-33.2147 F12000.0
G0 X132.7819 Y-30.1785 F15000.0
G1 X131.9661 Y-29.7447 F12000.0
G0 X135.9800 Y-26.6238 F15000.0
G1 X174.7289 Y-47.2269 F12000.0
G0 X174.8678 Y-42.0457 F15000.0
G1 X155.9012 Y-31.9610 F12000.0
G0 X155.8362 Y-26.6713 F15000.0
G1 X174.8028 Y-36.7560 F12000.0
G0 X174.7378 Y-31.4663 F15000.0
G1 X165.7644 Y-26.6950 F12000.0
G0 X152.5643 Y-40.6969 F15000.0
G1 X163.7810 Y-46.6610 F12000.0
G0 X161.3723 Y-50.2649 F15000.0
G1 X162.4117 Y-50.7846 F12000.0
G1 X161.0836 Y-50.5537
G1 X160.5639 Y-51.7663
G1 X167.2622 Y-52.1128
G1 X167.7819 Y-53.8451
G1 X168.9368 Y-54.0761
G1 X169.5143 Y-55.3465
G1 X172.6325 Y-51.5353
G1 X172.9212 Y-52.5170
G1 X171.2466 Y-55.8662
G1 X172.5170 Y-55.0577
G1 X170.9001 Y-57.8295
G1 X170.9579 Y-55.8662
G1 X170.0340 Y-56.7323
G1 X172.8057 Y-52.1128
G1 X172.1128 Y-51.5931
G1 X168.9368 Y-55.1155
G1 X166.5693 Y-52.0550
G1 X160.1019 Y-51.4198
G1 X161.1413 Y-50.2649
G0 X163.0303 Y-51.5169 F15000.0
G1 X163.4382 Y-51.7338 F12000.0
G0 X166.2228 Y-56.2704 F15000.0
G1 X165.7031 Y-56.6746 F12000.0
G1 X167.4932 Y-58.2914
G1 X166.2806 Y-59.5041
G1 X167.4932 Y-58.4647
G1 X167.9552 Y-56.7323
G1 X170.0340 Y-57.5408
G1 X166.4538 Y-56.2704
G0 X169.1485 Y-54.7701 F15000.0
G1 X169.5564 Y-54.9869 F12000.0
G0 X168.7636 Y-58.5802 F15000.0
G1 X169.1101 Y-59.0999 F12000.0
G1 X168.2439 Y-59.1576
G1 X163.1046 Y-62.3336
G1 X161.7188 Y-62.4490
G1 X167.1467 Y-60.1393
G1 X168.5326 Y-58.5802
G0 X172.8195 Y-56.7219 F15000.0
G1 X174.8589 Y-57.8063 F12000.0
G0 X157.6766 Y-61.3519 F15000.0
G1 X159.0048 Y-61.9871 F12000.0
G1 X155.1359 Y-63.3152
G1 X153.3458 Y-64.9898
G1 X151.9022 Y-65.3940
G1 X152.0754 Y-66.0870
G1 X150.5740 Y-65.2208
G1 X151.5557 Y-65.5095
G1 X154.2120 Y-64.1814
G1 X156.4062 Y-61.2942
G1 X157.4457 Y-61.1209
G0 X157.2147 Y-61.3519 F15000.0
G1 X158.8893 Y-61.9293 F12000.0
G1 X154.2120 Y-63.5462
G1 X154.2120 Y-61.9293
G1 X156.9837 Y-61.5829
G0 X157.2147 Y-59.0421 F15000.0
G1 X151.0938 Y-60.3125 F12000.0
G1 X152.3064 Y-59.4463
G1 X157.2147 Y-58.8111
G0 X151.4402 Y-72.4389 F15000.0
G1 X150.4008 Y-73.8247 F12000.0
G1 X149.3614 Y-73.5360
G1 X151.2092 Y-72.4389
G0 X152.3641 Y-72.9008 F15000.0
G1 X151.9022 Y-74.4599 F12000.0
G1 X152.3641 Y-75.1529
G1 X150.6318 Y-76.0190
G1 X151.5557 Y-77.0007
G1 X145.4925 Y-77.5204
G1 X143.3560 Y-78.1556
G1 X147.5136 Y-77.8668
G1 X145.4925 Y-77.6359
G1 X152.7106 Y-75.9613
G1 X151.8444 Y-73.8247
G1 X152.3641 Y-73.1318
G0 X156.5217 Y-82.1399 F15000.0
G1 X151.5557 Y-82.8329 F12000.0
G1 X154.2697 Y-84.2188
G1 X156.0020 Y-83.3526
G1 X153.8077 Y-83.9300
G1 X153.6923 Y-82.9484
G1 X156.2908 Y-82.3709
G0 X155.7356 Y-84.4241 F15000.0
G1 X163.2814 Y-88.4363 F12000.0
G0 X162.5272 Y-90.4552 F15000.0
G1 X163.7398 Y-90.6861 F12000.0
G1 X160.3906 Y-92.0143
G1 X162.2962 Y-90.4552
G0 X165.9918 Y-93.9198 F15000.0
G1 X163.9130 Y-95.3057 F12000.0
G1 X169.5143 Y-94.4395
G1 X166.2228 Y-93.9198
G0 X169.2607 Y-96.8707 F15000.0
G1 X174.7672 Y-99.7985 F12000.0
G0 X171.5353 Y-104.7758 F15000.0
G1 X172.9212 Y-104.9490 F12000.0
G1 X170.9579 Y-105.4688
G1 X171.3043 Y-104.7758
G0 X171.9973 Y-106.6236 F15000.0
G1 X172.1705 Y-109.6264 F12000.0
G1 X172.5747 Y-108.8757
G1 X172.5747 Y-111.1855
G1 X171.3621 Y-110.0306
G1 X171.4776 Y-108.8179
G1 X172.4015 Y-111.5897
G1 X172.7480 Y-111.8784
G1 X172.2283 Y-106.6236
G0 X171.4985 Y-107.9139 F15000.0
G1 X172.3143 Y-108.3477 F12000.0
G0 X171.5658 Y-109.2635 F15000.0
G1 X171.9737 Y-109.4803 F12000.0
G0 X169.2255 Y-108.7024 F15000.0
G1 X164.9524 Y-110.2615 F12000.0
G1 X165.8764 Y-110.5503
G1 X168.9946 Y-108.7024
G0 X166.6848 Y-105.0068 F15000.0
G1 X165.2989 Y-108.7024 F12000.0
G1 X165.2989 Y-105.6420
G1 X163.1046 Y-106.2194
G1 X166.4538 Y-104.7758
G0 X167.8397 Y-103.8519 F15000.0
G1 X170.2072 Y-105.3533 F12000.0
G1 X168.0707 Y-104.0829
G0 X165.0679 Y-106.1617 F15000.0
G2 X164.8370 Y-105.9307 I-1.6292 J-1.3982 F12000.0
G0 X166.0560 Y-112.2459 F15000.0
G1 X174.8255 Y-116.9087 F12000.0
G0 X174.7571 Y-117.5293 F15000.0
G1 X169.2507 Y-114.6014 F12000.0
G0 X169.3874 Y-113.3603 F15000.0
G1 X174.6899 Y-116.1797 F12000.0
G0 X174.6888 Y-118.1498 F15000.0
G1 X149.4000 Y-104.7035 F12000.0
G0 X147.4278 Y-104.9687 F15000.0
G1 X174.7560 Y-119.4993 F12000.0
G0 X174.8244 Y-118.8788 F15000.0
G1 X168.0943 Y-115.3003 F12000.0
G0 X166.9379 Y-115.9993 F15000.0
G1 X174.6877 Y-120.1199 F12000.0
G0 X174.8233 Y-120.8489 F15000.0
G1 X143.2123 Y-104.0410 F12000.0
G0 X144.5032 Y-106.0412 F15000.0
G1 X174.6866 Y-122.0900 F12000.0
G0 X174.7549 Y-121.4694 F15000.0
G1 X165.3736 Y-116.4813 F12000.0
G0 X162.9935 Y-116.5296 F15000.0
G1 X174.8222 Y-122.8190 F12000.0
G0 X174.7538 Y-123.4395 F15000.0
G1 X142.9389 Y-106.5232 F12000.0
G0 X141.7825 Y-107.2221 F15000.0
G1 X174.8210 Y-124.7890 F12000.0
G0 X174.7527 Y-125.4096 F15000.0
G1 X150.6876 Y-112.6139 F12000.0
G0 X149.9390 Y-113.5297 F15000.0
G1 X174.8199 Y-126.7591 F12000.0
G0 X174.7516 Y-127.3797 F15000.0
G1 X143.9564 Y-111.0056 F12000.0
G0 X145.0444 Y-110.9272 F15000.0
G1 X147.8996 Y-112.4453 F12000.0
G0 X147.7446 Y-112.3981 F15000.0
G1 X148.0333 Y-113.0333 F12000.0
G1 X146.4164 Y-113.3220
G1 X152.0177 Y-112.9755
G1 X147.9755 Y-112.6291
G0 X147.9755 Y-113.5530 F15000.0
G1 X147.3404 Y-114.1304 F12000.0
G1 X146.9939 Y-113.8995
G1 X147.1094 Y-116.0360
G1 X145.6658 Y-115.4008
G1 X143.9912 Y-115.5163
G1 X144.7418 Y-114.3037
G1 X143.6447 Y-115.4008
G1 X141.3927 Y-115.2276
G1 X141.6236 Y-115.9205
G1 X141.4504 Y-115.2276
G1 X143.3560 Y-115.8628
G1 X142.9518 Y-116.6135
G1 X142.2588 Y-116.3825
G1 X143.4137 Y-116.4402
G1 X143.7024 Y-115.6318
G1 X146.0122 Y-115.1121
G1 X146.5319 Y-114.7656
G1 X147.6868 Y-116.6135
G1 X149.5346 Y-114.2459
G1 X147.4558 Y-114.5924
G1 X147.9755 Y-113.7840
G0 X148.4442 Y-111.4211 F15000.0
G1 X146.2009 Y-110.2283 F12000.0
G0 X146.7454 Y-109.2041 F15000.0
G1 X148.3770 Y-110.0716 F12000.0
G0 X147.7446 Y-110.5503 F15000.0
G3 X147.5136 Y-110.5503 I-0.1155 J-1.2126 F12000.0
G0 X148.5137 Y-108.8305 F15000.0
G1 X147.0861 Y-108.0714 F12000.0
G0 X146.8207 Y-106.8546 F15000.0
G1 X147.3981 Y-107.6053 F12000.0
G1 X145.3193 Y-110.3770
G1 X146.8207 Y-106.6236
G0 X147.2826 Y-103.6209 F15000.0
G1 X151.3825 Y-104.7758 F12000.0
G1 X147.2826 Y-103.3899
G0 X147.0516 Y-102.9280 F15000.0
G1 X149.2459 Y-103.9674 F12000.0
G1 X146.7052 Y-103.2745
G1 X143.3560 Y-106.7391
G1 X139.1984 Y-108.5292
G1 X138.3322 Y-109.6841
G1 X137.9857 Y-109.2799
G1 X139.0251 Y-109.2799
G1 X139.0829 Y-106.7391
G1 X136.6576 Y-108.2982
G1 X140.4688 Y-106.5659
G1 X140.4110 Y-107.7208
G1 X142.6053 Y-106.1617
G1 X142.5476 Y-105.7575
G1 X143.1250 Y-106.1039
G1 X143.1250 Y-105.5265
G1 X143.7602 Y-106.4504
G1 X144.5686 Y-104.2561
G1 X146.8207 Y-102.9280
G0 X150.7473 Y-100.6182 F15000.0
G1 X151.1515 Y-101.7154 F12000.0
G1 X150.9783 Y-100.6182
G0 X154.6739 Y-101.0802 F15000.0
G1 X153.4035 Y-102.6970 F12000.0
G1 X155.1359 Y-101.3111
G1 X156.7527 Y-102.0041
G1 X154.9049 Y-101.0802
G0 X156.5402 Y-104.5587 F15000.0
G1 X174.6910 Y-114.2096 F12000.0
G0 X171.0734 Y-117.9416 F15000.0
G1 X169.9762 Y-118.2880 F12000.0
G1 X172.1705 Y-118.8077
G1 X169.9762 Y-118.0571
G1 X170.8424 Y-117.7106
G0 X163.6821 Y-118.6345 F15000.0
G1 X164.4905 Y-121.1753 F12000.0
G1 X163.9130 Y-119.4429
G1 X161.0836 Y-119.9626
G1 X162.7004 Y-119.2697
G1 X163.2779 Y-119.4429
G1 X163.4511 Y-118.4035
G0 X165.5299 Y-125.7948 F15000.0
G1 X163.2779 Y-127.0075 F12000.0
G1 X162.2385 Y-126.4878
G1 X162.5272 Y-128.5666
G1 X162.1807 Y-126.8342
G1 X164.0285 Y-126.8920
G1 X165.7609 Y-125.7948
G0 X168.3016 Y-126.9497 F15000.0
G1 X168.9368 Y-128.2201 F12000.0
G1 X171.7663 Y-127.0652
G1 X168.3016 Y-127.1807
G0 X165.2989 Y-129.7215 F15000.0
G1 X164.7215 Y-131.3383 F12000.0
G1 X162.5272 Y-131.1073
G1 X161.1990 Y-131.9158
G1 X161.8920 Y-131.3383
G1 X160.8526 Y-130.8764
G1 X165.0679 Y-129.7215
G0 X169.7169 Y-131.9285 F15000.0
G1 X171.7563 Y-133.0129 F12000.0
G0 X172.0286 Y-132.5008 F15000.0
G1 X170.1932 Y-131.5248 F12000.0
G0 X170.1495 Y-131.1073 F15000.0
G1 X168.9368 Y-133.1284 F12000.0
G1 X170.9579 Y-133.2439
G1 X168.7636 Y-132.6087
G1 X170.5537 Y-131.3961
G1 X171.0156 Y-132.0312
G1 X170.3804 Y-131.1073
G0 X169.4446 Y-132.4406 F15000.0
G1 X171.6880 Y-133.6334 F12000.0
G1 X168.0707 Y-133.9368 F12000.0
G1 X171.9973 Y-133.8791
G0 X171.2118 Y-134.0371 F15000.0
G1 X174.8827 Y-135.9890 F12000.0
G1 X129.6077 Y-111.9158 F12000.0
G0 X129.0642 Y-110.9699 F15000.0
G1 X174.7471 Y-135.2600 F12000.0
G1 X173.7274 Y-134.7178 F12000.0
G0 X174.8155 Y-134.6394 F15000.0
G1 X130.3562 Y-111.0000 F12000.0
G0 X130.9691 Y-109.3552 F15000.0
G1 X174.8166 Y-132.6693 F12000.0
G0 X174.7482 Y-133.2899 F15000.0
G1 X141.7097 Y-115.7230 F12000.0
G0 X143.8858 Y-115.5663 F15000.0
G1 X174.6810 Y-131.9404 F12000.0
G0 X174.7494 Y-131.3198 F15000.0
G1 X125.5994 Y-105.1863 F12000.0
G0 X126.9565 Y-103.3899 F15000.0
G1 X126.9565 Y-104.4293 F12000.0
G1 X126.9565 Y-103.1590
G0 X127.1875 Y-102.9280 F15000.0
G1 X123.8383 Y-105.1223 F12000.0
G1 X122.9144 Y-104.5448
G1 X124.3003 Y-104.3716
G1 X118.5258 Y-105.9885
G1 X131.5761 Y-104.0829
G1 X130.4789 Y-103.2167
G1 X129.1508 Y-103.1590
G1 X127.3030 Y-104.2561
G1 X127.4185 Y-102.9280
G0 X128.5734 Y-98.7704 F15000.0
G1 X126.3213 Y-100.0408 F12000.0
G1 X127.8804 Y-100.0985
G1 X126.7255 Y-99.8098
G1 X128.8043 Y-98.7704
G0 X129.2663 Y-97.1535 F15000.0
G1 X122.4524 Y-98.4817 F12000.0
G1 X129.2663 Y-96.9226
G0 X128.3246 Y-96.1251 F15000.0
G1 X125.8773 Y-94.8238 F12000.0
G0 X128.3424 Y-91.3791 F15000.0
G1 X128.9198 Y-93.0537 F12000.0
G1 X129.5550 Y-93.1692
G1 X127.3607 Y-94.0353
G1 X127.7072 Y-93.3424
G1 X120.9511 Y-93.5156
G1 X120.0849 Y-94.2086
G1 X123.3186 Y-93.0537
G1 X125.3397 Y-92.5340
G1 X124.5890 Y-92.4185
G1 X128.2846 Y-92.9959
G1 X128.1114 Y-91.9565
G1 X127.6495 Y-92.0143
G1 X128.3424 Y-91.1481
G0 X125.3397 Y-88.8383 F15000.0
G1 X127.5917 Y-89.7045 F12000.0
G1 X127.9382 Y-89.4735
G1 X127.3030 Y-89.7622
G1 X125.1087 Y-88.8383
G0 X124.8777 Y-89.3003 F15000.0
G1 X122.6834 Y-90.9749 F12000.0
G1 X124.6467 Y-89.3003
G0 X126.2636 Y-84.2188 F15000.0
G1 X125.2242 Y-86.1821 F12000.0
G1 X128.4579 Y-84.3342
G1 X126.4946 Y-84.2188
G0 X125.5707 Y-82.3709 F15000.0
G1 X127.5340 Y-83.0061 F12000.0
G1 X126.5523 Y-83.0639
G1 X127.1875 Y-83.8723
G1 X125.0510 Y-84.1033
G1 X126.0326 Y-84.3920
G1 X122.9144 Y-84.8539
G1 X125.3397 Y-82.3709
G0 X119.3342 Y-88.3764 F15000.0
G1 X120.2582 Y-90.0510 F12000.0
G1 X116.1005 Y-89.7622
G1 X115.8118 Y-90.8016
G1 X119.1033 Y-88.3764
G0 X117.7174 Y-91.3791 F15000.0
G1 X119.4497 Y-92.2452 F12000.0
G1 X120.6046 Y-92.1298
G1 X117.4864 Y-91.7255
G1 X117.3132 Y-93.6311
G1 X118.0061 Y-93.2269
G1 X117.7174 Y-92.7649
G1 X119.8539 Y-93.5734
G1 X116.6780 Y-93.6889
G1 X114.8302 Y-93.2269
G1 X115.5808 Y-92.5917
G1 X114.9457 Y-94.1508
G1 X117.4864 Y-91.3791
G0 X121.1821 Y-97.3845 F15000.0
G1 X118.7568 Y-98.3662 F12000.0
G1 X123.8383 Y-97.5577
G1 X121.4130 Y-97.3845
G0 X117.4864 Y-99.0014 F15000.0
G1 X113.7330 Y-100.9647 F12000.0
G1 X114.9457 Y-101.0802
G1 X110.9613 Y-100.9647
G1 X117.2554 Y-98.7704
G0 X115.8102 Y-99.9813 F15000.0
G1 X120.0930 Y-102.2585 F12000.0
G0 X116.5625 Y-104.3139 F15000.0
G1 X114.3105 Y-105.9885 F12000.0
G1 X116.8512 Y-105.0645
G1 X114.5414 Y-105.6997
G1 X116.3315 Y-104.5448
G0 X119.3342 Y-107.7785 F15000.0
G1 X120.6046 Y-108.3560 F12000.0
G1 X119.3920 Y-108.5870
G1 X121.4130 Y-108.2982
G1 X119.5652 Y-107.7785
G0 X119.3342 Y-109.1644 F15000.0
G1 X121.0088 Y-111.0700 F12000.0
G1 X119.4497 Y-110.1461
G1 X118.2371 Y-111.4742
G1 X119.1033 Y-109.1644
G0 X118.8649 Y-109.4882 F15000.0
G1 X174.7449 Y-139.2001 F12000.0
G1 X173.1134 Y-138.3326 F12000.0
G0 X173.5896 Y-137.9290 F15000.0
G1 X174.8132 Y-138.5796 F12000.0
G1 X127.2948 Y-113.3136 F12000.0
G0 X128.4512 Y-112.6147 F15000.0
G1 X174.7460 Y-137.2301 F12000.0
G1 X174.1342 Y-136.9047 F12000.0
G0 X174.0658 Y-137.5253 F15000.0
G1 X174.8816 Y-137.9590 F12000.0
G1 X122.4686 Y-110.0905 F12000.0
G0 X122.5679 Y-110.0883 F15000.0
G1 X121.8173 Y-112.2826 F12000.0
G1 X122.5679 Y-109.8573
G0 X121.9935 Y-108.5241 F15000.0
G1 X174.8144 Y-136.6095 F12000.0
G1 X173.5907 Y-135.9589 F12000.0
G0 X172.7749 Y-135.5251 F15000.0
G1 X171.7552 Y-134.9829 F12000.0
G0 X174.8838 Y-134.0189 F15000.0
G1 X128.7930 Y-109.5120 F12000.0
G0 X130.4212 Y-108.9334 F15000.0
G1 X129.4395 Y-109.5109 F12000.0
G1 X129.0353 Y-111.4742
G1 X129.2663 Y-108.9912
G1 X130.4212 Y-108.7024
G0 X132.7362 Y-110.9517 F15000.0
G1 X139.2624 Y-114.4217 F12000.0
G0 X138.3794 Y-112.6384 F15000.0
G1 X136.9518 Y-111.8794 F12000.0
G0 X138.9240 Y-111.6142 F15000.0
G1 X139.5358 Y-111.9395 F12000.0
G0 X142.4321 Y-111.9361 F15000.0
G1 X143.2405 Y-112.2249 F12000.0
G1 X143.0095 Y-111.8784
G1 X144.7996 Y-112.9755
G1 X145.3770 Y-112.7446
G1 X143.0095 Y-112.7446
G1 X143.5292 Y-113.7262
G1 X142.4321 Y-111.7052
G0 X144.5671 Y-113.3010 F15000.0
G1 X174.7505 Y-129.3497 F12000.0
G0 X174.6821 Y-129.9703 F15000.0
G1 X136.7490 Y-109.8009 F12000.0
G0 X137.0896 Y-108.6682 F15000.0
G1 X174.8188 Y-128.7292 F12000.0
G0 X174.6832 Y-128.0002 F15000.0
G1 X145.1117 Y-112.2767 F12000.0
G0 X144.6343 Y-114.6505 F15000.0
G1 X174.8177 Y-130.6993 F12000.0
G0 X174.6843 Y-126.0301 F15000.0
G1 X139.4024 Y-107.2704 F12000.0
G0 X139.4697 Y-108.6199 F15000.0
G1 X140.6933 Y-109.2706 F12000.0
G0 X141.2772 Y-107.7785 F15000.0
G1 X141.3349 Y-108.9912 F12000.0
G1 X140.9885 Y-108.6447
G1 X141.2194 Y-109.3954
G1 X139.1406 Y-111.5897
G1 X139.6603 Y-111.7052
G1 X139.1984 Y-112.2826
G1 X144.2799 Y-108.9912
G1 X145.3770 Y-111.9361
G1 X144.6264 Y-108.8757
G1 X142.0279 Y-108.6447
G1 X141.5082 Y-107.7785
G0 X140.5842 Y-100.8492 F15000.0
G1 X141.9124 Y-103.4477 F12000.0
G1 X148.4375 Y-101.4266
G1 X150.2276 Y-102.6393
G1 X151.2092 Y-102.5238
G1 X141.4504 Y-103.3899
G1 X141.3927 Y-101.8886
G1 X140.3533 Y-100.8492
G0 X137.5815 Y-100.3872 F15000.0
G1 X138.6787 Y-101.6576 F12000.0
G1 X139.0251 Y-102.9280
G1 X139.6026 Y-101.1957
G1 X138.3322 Y-103.1012
G1 X137.8125 Y-100.6182
G1 X132.8465 Y-103.1590
G1 X137.3505 Y-100.3872
G0 X134.8098 Y-102.9280 F15000.0
G1 X135.6760 Y-103.3322 F12000.0
G1 X134.0014 Y-103.4477
G1 X134.5788 Y-102.9280
G0 X133.8859 Y-107.0856 F15000.0
G1 X136.9463 Y-107.7208 F12000.0
G1 X133.7704 Y-107.3166
G1 X132.7310 Y-108.0095
G1 X131.4029 Y-107.4898
G1 X133.3084 Y-107.7785
G1 X133.6549 Y-107.0856
G0 X133.8859 Y-108.7024 F15000.0
G1 X132.1535 Y-112.3404 F12000.0
G1 X134.0591 Y-108.9334
G1 X134.6365 Y-112.2826
G1 X135.2140 Y-112.4558
G1 X134.4633 Y-110.3193
G1 X135.5027 Y-109.3376
G1 X134.6943 Y-109.5686
G1 X134.1168 Y-108.9334
G0 X133.4848 Y-110.0359 F15000.0
G1 X133.8927 Y-110.2528 F12000.0
G0 X133.4120 Y-118.5368 F15000.0
G1 X138.7145 Y-121.3562 F12000.0
G0 X138.8500 Y-122.0852 F15000.0
G1 X132.5279 Y-118.7236 F12000.0
G0 X132.0516 Y-119.1273 F15000.0
G1 X138.7817 Y-122.7057 F12000.0
G0 X138.9674 Y-122.5611 F15000.0
G3 X138.9674 Y-122.3302 I-1.2993 J0.1155 F12000.0
G0 X138.5094 Y-123.2178 F15000.0
G1 X131.3714 Y-119.4225 F12000.0
G0 X130.8952 Y-119.8262 F15000.0
G1 X138.0332 Y-123.6215 F12000.0
G0 X137.9648 Y-124.2421 F15000.0
G1 X130.2150 Y-120.1214 F12000.0
G0 X129.9427 Y-120.6335 F15000.0
G1 X138.3043 Y-125.0795 F12000.0
G0 X137.9670 Y-120.3019 F15000.0
G1 X135.5197 Y-119.0006 F12000.0
G0 X137.2196 Y-119.2476 F15000.0
G1 X138.0354 Y-119.6813 F12000.0
G0 X129.8744 Y-121.2541 F15000.0
G1 X155.5710 Y-134.9172 F12000.0
G0 X154.6869 Y-135.1040 F15000.0
G1 X129.8060 Y-121.8746 F12000.0
G0 X129.3298 Y-122.2783 F15000.0
G1 X154.2107 Y-135.5077 F12000.0
G0 X153.7344 Y-135.9114 F15000.0
G1 X128.6496 Y-122.5735 F12000.0
G0 X127.3576 Y-122.5435 F15000.0
G1 X153.2582 Y-136.3150 F12000.0
G0 X152.9859 Y-136.8272 F15000.0
G1 X124.2301 Y-121.5374 F12000.0
G0 X123.7539 Y-121.9411 F15000.0
G1 X153.1215 Y-137.5561 F12000.0
G0 X153.2571 Y-138.2851 F15000.0
G1 X123.6856 Y-122.5617 F12000.0
G0 X123.2093 Y-122.9653 F15000.0
G1 X150.3336 Y-137.3875 F12000.0
G0 X149.6534 Y-137.6828 F15000.0
G1 X122.9370 Y-123.4774 F12000.0
G0 X122.8687 Y-124.0980 F15000.0
G1 X149.1771 Y-138.0864 F12000.0
G0 X149.1088 Y-138.7070 F15000.0
G1 X122.5964 Y-124.6101 F12000.0
G0 X121.9162 Y-124.9053 F15000.0
G1 X148.8365 Y-139.2191 F12000.0
G0 X148.9721 Y-139.9481 F15000.0
G1 X121.8478 Y-125.5259 F12000.0
G0 X121.7795 Y-126.1464 F15000.0
G1 X148.9037 Y-140.5686 F12000.0
G0 X148.4275 Y-140.9723 F15000.0
G1 X121.5072 Y-126.6585 F12000.0
G0 X121.2349 Y-127.1706 F15000.0
G1 X148.3592 Y-141.5929 F12000.0
G0 X148.2065 Y-141.0394 F15000.0
G1 X148.4375 Y-143.2337 F12000.0
G1 X147.0516 Y-142.6562
G1 X147.9755 Y-140.8084
G0 X148.2908 Y-142.2134 F15000.0
G1 X120.5547 Y-127.4659 F12000.0
G0 X119.8746 Y-127.7611 F15000.0
G1 X147.8146 Y-142.6171 F12000.0
G0 X147.3383 Y-143.0207 F15000.0
G1 X115.3195 Y-125.9960 F12000.0
G0 X114.8433 Y-126.3997 F15000.0
G1 X147.2700 Y-143.6413 F12000.0
G0 X144.7543 Y-142.9606 F15000.0
G1 X113.7552 Y-126.4781 F12000.0
G0 X113.2790 Y-126.8817 F15000.0
G1 X143.8702 Y-143.1474 F12000.0
G0 X143.1900 Y-143.4426 F15000.0
G1 X112.8027 Y-127.2854 F12000.0
G0 X112.1225 Y-127.5806 F15000.0
G1 X142.7138 Y-143.8463 F12000.0
G0 X142.4415 Y-144.3584 F15000.0
G1 X111.4424 Y-127.8759 F12000.0
G0 X110.9661 Y-128.2795 F15000.0
G1 X142.1692 Y-144.8705 F12000.0
G0 X141.8969 Y-145.3826 F15000.0
G1 X111.5096 Y-129.2254 F12000.0
G0 X111.4413 Y-129.8459 F15000.0
G1 X141.4207 Y-145.7863 F12000.0
G0 X140.1287 Y-145.7562 F15000.0
G1 X110.9650 Y-130.2496 F12000.0
G0 X110.4888 Y-130.6533 F15000.0
G1 X137.0012 Y-144.7502 F12000.0
G0 X136.3210 Y-145.0454 F15000.0
G1 X110.0125 Y-131.0570 F12000.0
G0 X109.3324 Y-131.3522 F15000.0
G1 X135.8448 Y-145.4491 F12000.0
G0 X135.5725 Y-145.9612 F15000.0
G1 X110.2837 Y-132.5149 F12000.0
G0 X110.2154 Y-133.1355 F15000.0
G1 X121.2282 Y-138.9911 F12000.0
G0 X120.5480 Y-139.2863 F15000.0
G1 X110.9628 Y-134.1898 F12000.0
G0 X111.3023 Y-135.0272 F15000.0
G1 X119.2560 Y-139.2563 F12000.0
G0 X117.9640 Y-139.2262 F15000.0
G1 X111.0300 Y-135.5393 F12000.0
G0 X110.7577 Y-136.0514 F15000.0
G1 X117.4878 Y-139.6299 F12000.0
G0 X117.0116 Y-140.0335 F15000.0
G1 X110.6894 Y-136.6720 F12000.0
G0 X110.8250 Y-137.4010 F15000.0
G1 X116.5353 Y-140.4372 F12000.0
G0 X115.8552 Y-140.7324 F15000.0
G1 X110.3487 Y-137.8046 F12000.0
G0 X109.8725 Y-138.2083 F15000.0
G1 X115.3789 Y-141.1361 F12000.0
G0 X113.6790 Y-140.8892 F15000.0
G1 X109.6002 Y-138.7204 F12000.0
G0 X109.5319 Y-139.3410 F15000.0
G1 X111.9792 Y-140.6422 F12000.0
G0 X111.0950 Y-140.8290 F15000.0
G1 X109.4635 Y-139.9615 F12000.0
G0 X109.1912 Y-140.4736 F15000.0
G1 X110.8227 Y-141.3411 F12000.0
G0 X110.5505 Y-141.8532 F15000.0
G1 X108.7150 Y-140.8773 F12000.0
G0 X108.2387 Y-141.2810 F15000.0
G1 X111.0939 Y-142.7991 F12000.0
G0 X110.2098 Y-142.9859 F15000.0
G1 X107.7625 Y-141.6846 F12000.0
G0 X107.6942 Y-142.3052 F15000.0
G1 X108.5099 Y-142.7389 F12000.0
G0 X106.6304 Y-142.4253 F15000.0
G1 X109.8064 Y-143.5224 F12000.0
G1 X106.3995 Y-142.4253
G0 X105.9259 Y-142.6788 F15000.0
G1 X105.5180 Y-142.4619 F12000.0
G0 X103.4786 Y-141.3775 F15000.0
G1 X93.2815 Y-135.9556 F12000.0
G0 X94.6196 Y-134.8030 F15000.0
G1 X95.6590 Y-137.8635 F12000.0
G1 X96.1787 Y-138.0367
G1 X95.5435 Y-138.6141
G1 X96.2942 Y-138.5564
G1 X96.6406 Y-139.4226
G1 X96.0632 Y-137.5170
G1 X95.1970 Y-137.6325
G1 X94.8505 Y-134.8030
G0 X95.7299 Y-135.2868 F15000.0
G1 X103.8876 Y-139.6243 F12000.0
G0 X103.9560 Y-139.0038 F15000.0
G1 X88.0485 Y-130.5456 F12000.0
G0 X87.6406 Y-130.3287 F15000.0
G1 X117.4161 Y-146.1607 F12000.0
G0 X118.6398 Y-146.8113 F15000.0
G1 X119.2516 Y-147.1366 F12000.0
G0 X121.0187 Y-148.7331 F15000.0
G1 X54.3298 Y-113.2739 F12000.0
G0 X52.2198 Y-116.7503 F15000.0
G1 X52.6277 Y-116.9671 F12000.0
G0 X52.2870 Y-118.0998 F15000.0
G1 X69.0102 Y-126.9917 F12000.0
G0 X68.9430 Y-125.6422 F15000.0
G1 X54.8710 Y-118.1600 F12000.0
G0 X56.0462 Y-118.8655 F15000.0
G1 X56.1039 Y-120.9443 F12000.0
G1 X56.6814 Y-121.4062
G1 X56.0462 Y-119.0965
G0 X54.8913 Y-119.7894 F15000.0
G1 X55.0645 Y-120.6556 F12000.0
G1 X54.7758 Y-120.0204
G1 X54.3139 Y-122.4457
G1 X54.6603 Y-119.7894
G0 X56.8432 Y-117.8948 F15000.0
G1 X68.0600 Y-123.8589 F12000.0
G0 X67.9928 Y-122.5093 F15000.0
G1 X58.4075 Y-117.4128 F12000.0
G0 X62.2152 Y-118.1236 F15000.0
G1 X68.5373 Y-121.4851 F12000.0
G0 X68.2662 Y-120.0272 F15000.0
G1 X73.1608 Y-122.6297 F12000.0
G0 X73.9093 Y-121.7139 F15000.0
G1 X70.6462 Y-119.9789 F12000.0
G0 X72.0066 Y-119.3884 F15000.0
G1 X73.4342 Y-120.1475 F12000.0
G0 X71.8004 Y-123.2201 F15000.0
G1 X71.1886 Y-122.8948 F12000.0
G0 X73.2258 Y-127.9194 F15000.0
G1 X75.2652 Y-129.0037 F12000.0
G0 X76.9662 Y-127.2806 F15000.0
G1 X75.7425 Y-126.6300 F12000.0
G0 X76.2871 Y-125.6058 F15000.0
G1 X79.5502 Y-127.3408 F12000.0
G0 X80.0948 Y-126.3165 F15000.0
G1 X76.6278 Y-124.4731 F12000.0
G0 X77.3763 Y-123.5573 F15000.0
G1 X79.8236 Y-124.8586 F12000.0
G0 X82.5443 Y-123.6776 F15000.0
G1 X127.6154 Y-147.6424 F12000.0
G0 X128.2284 Y-145.9976 F15000.0
G1 X122.5180 Y-142.9614 F12000.0
G0 X122.9942 Y-142.5577 F15000.0
G1 X128.9085 Y-145.7024 F12000.0
G0 X127.6495 Y-145.1970 F15000.0
G1 X128.2269 Y-145.9477 F12000.0
G1 X134.1168 Y-147.8533
G1 X130.5944 Y-146.9293
G1 X127.4185 Y-145.1970
G0 X124.6930 Y-144.7747 F15000.0
G1 X121.8378 Y-143.2566 F12000.0
G0 X121.1576 Y-143.5518 F15000.0
G1 X124.0128 Y-145.0700 F12000.0
G0 X123.5366 Y-145.4736 F15000.0
G1 X121.7011 Y-144.4977 F12000.0
G0 X121.6328 Y-145.1182 F15000.0
G1 X123.0604 Y-145.8773 F12000.0
G0 X122.9920 Y-146.4978 F15000.0
G1 X122.3802 Y-146.1725 F12000.0
G0 X123.6711 Y-148.1727 F15000.0
G1 X83.2906 Y-126.7020 F12000.0
G0 X83.0707 Y-126.9497 F15000.0
G1 X83.9946 Y-130.5876 F12000.0
G1 X82.8397 Y-126.9497
G0 X83.7657 Y-128.2684 F15000.0
G1 X84.1736 Y-128.4853 F12000.0
G0 X86.5353 Y-127.8736 F15000.0
G1 X85.6692 Y-128.4511 F12000.0
G1 X86.7663 Y-128.3933
G1 X90.0000 Y-136.4776
G1 X93.8111 Y-138.4409
G1 X93.1182 Y-135.9001
G1 X90.8084 Y-135.0340
G1 X92.5985 Y-133.8791
G1 X89.0761 Y-133.5904
G1 X86.7663 Y-127.8736
G0 X87.5062 Y-127.6297 F15000.0
G1 X104.6373 Y-136.7384 F12000.0
G0 X104.3650 Y-137.2506 F15000.0
G1 X87.6417 Y-128.3587 F12000.0
G0 X87.7773 Y-129.0876 F15000.0
G1 X104.2966 Y-137.8711 F12000.0
G0 X104.0243 Y-138.3832 F15000.0
G1 X87.9129 Y-129.8166 F12000.0
G0 X88.1841 Y-131.2746 F15000.0
G1 X93.6905 Y-134.2024 F12000.0
G0 X91.5828 Y-133.7386 F15000.0
G1 X89.3394 Y-132.5458 F12000.0
G0 X89.6789 Y-133.3832 F15000.0
G1 X90.9026 Y-134.0338 F12000.0
G0 X90.4263 Y-134.4375 F15000.0
G1 X89.8145 Y-134.1122 F12000.0
G0 X89.2027 Y-133.7869 F15000.0
G1 X91.6500 Y-135.0881 F12000.0
G0 X90.4936 Y-135.7870 F15000.0
G1 X89.6778 Y-135.3533 F12000.0
G0 X89.9490 Y-136.8112 F15000.0
G1 X90.5608 Y-137.1366 F12000.0
G0 X90.2202 Y-138.2692 F15000.0
G1 X89.6084 Y-137.9439 F12000.0
G0 X88.8451 Y-138.7296 F15000.0
G1 X90.0577 Y-139.0183 F12000.0
G1 X90.4620 Y-140.2310
G1 X89.8268 Y-142.5985
G1 X91.2126 Y-141.4436
G1 X89.1916 Y-142.4253
G1 X88.1522 Y-141.0394
G1 X88.6141 Y-138.7296
G0 X85.8424 Y-143.3492 F15000.0
G1 X83.7058 Y-145.0238 F12000.0
G1 X83.7058 Y-146.3519
G1 X82.6664 Y-147.2758
G1 X76.7188 Y-146.1787
G1 X76.4300 Y-145.0815
G1 X75.8526 Y-146.5251
G1 X75.2174 Y-146.4096
G1 X82.1467 Y-147.7378
G1 X84.6298 Y-146.4674
G1 X86.1889 Y-146.7561
G1 X84.2833 Y-146.2364
G1 X84.2833 Y-144.7928
G1 X85.8424 Y-143.5802
G0 X84.3003 Y-144.9749 F15000.0
G1 X52.2815 Y-127.9502 F12000.0
G0 X52.1196 Y-128.5666 F15000.0
G1 X52.2928 Y-129.7792 F12000.0
G1 X52.6393 Y-129.3750
G1 X51.8886 Y-128.7976
G0 X51.6002 Y-130.2155 F15000.0
G1 X74.2377 Y-142.2521 F12000.0
G0 X73.8315 Y-141.7323 F15000.0
G1 X74.7554 Y-144.0999 F12000.0
G1 X74.2357 Y-144.7928
G1 X75.7371 Y-144.9083
G1 X74.2935 Y-145.1393
G1 X73.6005 Y-141.7323
G0 X73.3696 Y-142.6562 F15000.0
G2 X73.1386 Y-142.6562 I-0.1155 J-0.8053 F12000.0
G0 X73.7603 Y-144.6259 F15000.0
G1 X9.5187 Y-110.4680 F12000.0
G0 X8.4295 Y-112.5164 F15000.0
G1 X69.6120 Y-145.0477 F12000.0
G0 X66.2123 Y-144.5538 F15000.0
G1 X5.0298 Y-112.0225 F12000.0
G0 X4.8931 Y-113.2636 F15000.0
G1 X61.9967 Y-143.6262 F12000.0
G0 X63.2887 Y-143.6562 F15000.0
G1 X11.4875 Y-116.1131 F12000.0
G0 X11.4674 Y-116.7867 F15000.0
G1 X10.4280 Y-120.1359 F12000.0
G1 X9.1576 Y-120.4246
G1 X10.6590 Y-119.7317
G1 X11.6406 Y-117.9416
G1 X14.9321 Y-118.8655
G1 X15.5673 Y-122.9076
G1 X16.2602 Y-122.7344
G1 X16.4912 Y-124.9864
G1 X17.4151 Y-125.2751
G1 X16.2024 Y-124.7554
G1 X16.0870 Y-122.6766
G1 X14.3546 Y-122.6766
G1 X14.8166 Y-118.5768
G1 X11.6984 Y-116.7867
G0 X11.3508 Y-117.3541 F15000.0
G1 X9.7193 Y-116.4866 F12000.0
G0 X10.6023 Y-118.2699 F15000.0
G1 X4.8919 Y-115.2337 F12000.0
G0 X4.9603 Y-114.6131 F15000.0
G1 X82.0503 Y-155.6026 F12000.0
G0 X82.6621 Y-155.9279 F15000.0
G1 X117.1282 Y-174.2539 F12000.0
G0 X112.6359 Y-175.6861 F15000.0
G1 X114.0217 Y-177.3030 F12000.0
G1 X112.4049 Y-175.6861
G0 X113.3184 Y-177.4833 F15000.0
G1 X81.9113 Y-160.7838 F12000.0
G0 X82.4537 Y-163.6998 F15000.0
G1 X110.8016 Y-178.7726 F12000.0
G0 X110.0531 Y-179.6884 F15000.0
G1 X97.4087 Y-172.9653 F12000.0
G0 X97.8533 Y-172.9144 F15000.0
G1 X98.5462 Y-177.5340 F12000.0
G1 X97.8533 Y-173.1454
G0 X100.1283 Y-173.7544 F15000.0
G1 X105.4307 Y-176.5738 F12000.0
G0 X104.8862 Y-177.5980 F15000.0
G1 X100.3994 Y-175.2124 F12000.0
G0 X100.4667 Y-176.5619 F15000.0
G1 X104.7495 Y-178.8391 F12000.0
G0 X103.6277 Y-177.7649 F15000.0
G1 X106.4572 Y-187.8125 F12000.0
G1 X103.3967 Y-177.5340
G0 X103.8587 Y-177.0720 F15000.0
G1 X116.5048 Y-192.2011 F12000.0
G1 X119.1610 Y-193.8179
G1 X105.9952 Y-180.4212
G1 X104.0897 Y-177.3030
G0 X104.7517 Y-174.8989 F15000.0
G1 X103.9359 Y-174.4652 F12000.0
G0 X101.4886 Y-173.1639 F15000.0
G1 X100.4689 Y-172.6218 F12000.0
G0 X100.8096 Y-171.4891 F15000.0
G1 X97.5465 Y-169.7541 F12000.0
G0 X97.4781 Y-170.3746 F15000.0
G1 X107.8792 Y-175.9050 F12000.0
G0 X110.1247 Y-173.1576 F15000.0
G1 X87.4872 Y-161.1210 F12000.0
G0 X90.4620 Y-161.3655 F15000.0
G1 X88.6141 Y-168.1793 F12000.0
G1 X90.6929 Y-161.1345
G0 X91.2949 Y-161.8318 F15000.0
G1 X100.2683 Y-166.6031 F12000.0
G0 X99.3842 Y-166.7899 F15000.0
G1 X97.5487 Y-165.8139 F12000.0
G0 X97.6854 Y-164.5728 F15000.0
G1 X99.5209 Y-165.5488 F12000.0
G0 X99.6576 Y-164.3077 F15000.0
G1 X97.6182 Y-163.2233 F12000.0
G0 X97.6223 Y-162.2894 F15000.0
G1 X97.4490 Y-171.4130 F12000.0
G1 X98.1420 Y-172.3370
G1 X97.2758 Y-172.3370
G1 X97.9110 Y-178.4001
G1 X97.6223 Y-162.0584
G0 X97.7549 Y-161.9822 F15000.0
G1 X99.7943 Y-163.0666 F12000.0
G0 X99.9310 Y-161.8255 F15000.0
G1 X97.8916 Y-160.7411 F12000.0
G0 X97.4165 Y-159.1747 F15000.0
G1 X99.8638 Y-160.4760 F12000.0
G0 X103.1658 Y-161.8274 F15000.0
G1 X105.0713 Y-168.2948 F12000.0
G1 X103.3967 Y-162.0584
G0 X103.8587 Y-162.0584 F15000.0
G1 X107.6121 Y-170.9511 F12000.0
G1 X104.0897 Y-162.2894
G0 X105.4755 Y-160.9035 F15000.0
G1 X109.0557 Y-166.0428 F12000.0
G1 X106.3417 Y-162.8668
G1 X106.6882 Y-164.5992
G1 X105.4755 Y-160.6726
G0 X105.9159 Y-160.4095 F15000.0
G1 X94.9030 Y-154.5538 F12000.0
G0 X94.1545 Y-155.4696 F15000.0
G1 X106.3910 Y-161.9759 F12000.0
G0 X106.6304 Y-159.9796 F15000.0
G1 X112.9246 Y-167.8906 F12000.0
G1 X117.1977 Y-171.0088
G1 X111.3077 Y-166.5048
G1 X106.3995 Y-159.7486
G0 X107.5543 Y-158.3628 F15000.0
G1 X110.2106 Y-159.2289 F12000.0
G1 X108.5938 Y-158.7670
G1 X126.8410 Y-169.6807
G1 X137.4083 Y-172.5679
G1 X127.9382 Y-170.1427
G1 X107.3234 Y-158.1318
G0 X104.6250 Y-158.4093 F15000.0
G1 X100.5462 Y-156.2406 F12000.0
G0 X102.4728 Y-157.2079 F15000.0
G1 X106.6882 Y-166.5048 F12000.0
G1 X106.3417 Y-165.6386
G1 X108.1318 Y-167.1399
G1 X102.7038 Y-157.2079
G0 X97.6910 Y-154.7224 F15000.0
G1 X96.2634 Y-153.9634 F12000.0
G0 X96.4674 Y-155.3601 F15000.0
G2 X96.6984 Y-155.3601 I0.1155 J-1.0470 F12000.0
G0 X98.0842 Y-153.9742 F15000.0
G1 X99.0659 Y-154.1474 F12000.0
G1 X97.6800 Y-154.1474
G1 X100.6250 Y-155.6488
G1 X101.7799 Y-155.4178
G1 X112.8668 Y-168.6990
G1 X100.9137 Y-155.4755
G1 X102.2996 Y-169.9694
G1 X99.5279 Y-155.5333
G1 X101.7221 Y-172.5102
G1 X102.5306 Y-174.5312
G1 X100.0476 Y-163.8485
G1 X99.1236 Y-155.3023
G1 X97.9110 Y-154.6671
G1 X97.5068 Y-155.1868
G1 X97.8533 Y-153.7432
G0 X98.5462 Y-151.4334 F15000.0
G1 X101.7221 Y-153.2812 F12000.0
G1 X98.7772 Y-151.4334
G0 X99.4701 Y-150.5095 F15000.0
G1 X102.3573 Y-150.6827 F12000.0
G1 X99.2391 Y-150.2785
G0 X100.3940 Y-151.4334 F15000.0
G1 X109.5754 Y-157.1501 F12000.0
G1 X104.5516 Y-155.0713
G1 X100.6250 Y-151.6644
G0 X103.6277 Y-151.6644 F15000.0
G1 X102.9925 Y-152.4151 F12000.0
G1 X105.5333 Y-154.3784
G1 X104.4939 Y-153.3390
G1 X103.8587 Y-151.6644
G0 X104.7826 Y-151.4334 F15000.0
G1 X107.9586 Y-152.5306 F12000.0
G1 X105.0136 Y-151.4334
G0 X105.7065 Y-150.0476 F15000.0
G1 X104.4939 Y-150.6250 F12000.0
G1 X106.2262 Y-151.0870
G1 X105.4755 Y-150.3363
G1 X105.9375 Y-150.0476
G0 X104.1543 Y-148.9626 F15000.0
G1 X26.2486 Y-107.5394 F12000.0
G0 X25.5023 Y-104.5150 F15000.0
G1 X174.7876 Y-183.8914 F12000.0
G0 X173.3832 Y-184.0014 F15000.0
G1 X174.5958 Y-184.5211 F12000.0
G1 X174.4803 Y-185.6760
G1 X173.7874 Y-186.0802
G1 X174.4803 Y-186.7731
G1 X173.2099 Y-184.9253
G1 X173.8451 Y-184.1168
G1 X173.1522 Y-183.7704
G0 X171.5353 Y-182.6155 F15000.0
G1 X170.6114 Y-183.4239 F12000.0
G1 X171.0734 Y-183.5971
G1 X170.6114 Y-183.0197
G1 X171.3043 Y-182.8465
G0 X168.9946 Y-182.6155 F15000.0
G1 X169.6875 Y-183.3662 F12000.0
G1 X168.5904 Y-183.3084
G1 X168.7636 Y-182.6155
G0 X168.7636 Y-184.0014 F15000.0
G3 X168.5326 Y-184.0014 I-0.1155 J-0.6942 F12000.0
G0 X169.9185 Y-185.8492 F15000.0
G1 X167.8974 Y-186.4844 F12000.0
G1 X169.6875 Y-186.0802
G0 X171.0734 Y-189.7758 F15000.0
G1 X169.7452 Y-191.7969 F12000.0
G1 X171.3043 Y-191.0462
G1 X171.3043 Y-189.7758
G0 X172.2283 Y-191.1617 F15000.0
G1 X171.7086 Y-191.7969 F12000.0
G1 X171.7086 Y-192.4898
G1 X169.5720 Y-193.2405
G1 X174.5380 Y-192.2011
G1 X172.0550 Y-192.2588
G1 X172.2283 Y-191.3927
G0 X172.2283 Y-193.2405 F15000.0
G1 X174.5380 Y-195.6658 F12000.0
G1 X172.4592 Y-193.2405
G0 X170.8424 Y-193.9334 F15000.0
G1 X169.6298 Y-197.5713 F12000.0
G1 X171.3621 Y-198.0910
G1 X170.8424 Y-199.1882
G1 X171.7663 Y-198.7840
G1 X172.0550 Y-200.0543
G1 X170.7269 Y-199.4192
G1 X169.2833 Y-199.7079
G1 X170.0340 Y-200.4008
G1 X170.0917 Y-201.6135
G1 X170.6692 Y-201.9022
G1 X169.1101 Y-201.9599
G1 X171.0156 Y-203.2303
G1 X170.3804 Y-204.1542
G1 X168.7636 Y-204.8471
G1 X172.1128 Y-205.1936
G1 X172.1705 Y-204.2120
G1 X171.4776 Y-203.1726
G1 X172.6325 Y-204.4429
G1 X171.8240 Y-206.1175
G1 X173.2099 Y-206.1753
G1 X172.9789 Y-205.3668
G1 X174.3071 Y-201.6712
G1 X173.4409 Y-201.3825
G1 X173.7296 Y-200.1698
G1 X174.5380 Y-200.7473
G1 X173.7296 Y-201.0360
G1 X174.7113 Y-202.0177
G1 X174.0761 Y-205.1936
G1 X173.4409 Y-205.0781
G1 X172.5747 Y-206.4640
G1 X170.7846 Y-205.7711
G1 X167.9552 Y-205.5978
G1 X168.8791 Y-205.7133
G1 X167.4355 Y-205.1936
G1 X168.4749 Y-204.6739
G1 X164.7215 Y-202.7106
G1 X166.1073 Y-203.6923
G1 X167.6087 Y-203.2880
G1 X168.4171 Y-204.0965
G1 X168.8213 Y-203.6345
G1 X169.5720 Y-203.9232
G1 X169.3410 Y-203.5768
G1 X171.0156 Y-203.3458
G1 X169.5720 Y-202.4219
G1 X167.7242 Y-202.4219
G1 X165.8186 Y-201.4980
G1 X166.8580 Y-200.8050
G1 X166.2228 Y-197.2826
G1 X168.1284 Y-199.7656
G1 X167.4355 Y-199.7079
G1 X166.2228 Y-198.3220
G1 X166.6848 Y-199.5346
G1 X165.6454 Y-199.3614
G1 X167.6664 Y-201.7867
G1 X168.6481 Y-201.6135
G1 X169.3988 Y-199.8234
G1 X168.8213 Y-198.3798
G1 X170.4959 Y-199.5346
G1 X170.6114 Y-193.9334
G0 X170.8424 Y-195.0883 F15000.0
G1 X171.2466 Y-196.0700 F12000.0
G1 X172.2860 Y-195.6080
G1 X171.0734 Y-195.0883
G0 X173.1522 Y-196.0122 F15000.0
G1 X174.5958 Y-196.8784 F12000.0
G1 X173.3832 Y-196.0122
G0 X173.3832 Y-197.6291 F15000.0
G1 X173.5564 Y-199.3037 F12000.0
G1 X172.9212 Y-199.4769
G1 X173.6141 Y-198.2643
G1 X173.2677 Y-197.9755
G1 X174.3071 Y-197.6868
G1 X173.6141 Y-197.8601
G0 X172.6902 Y-200.4008 F15000.0
G1 X172.4592 Y-203.2303 F12000.0
G1 X173.4986 Y-203.7500
G1 X172.6902 Y-200.6318
G0 X174.8437 Y-204.9418 F15000.0
G1 X149.7589 Y-191.6039 F12000.0
G0 X148.5353 Y-190.9533 F15000.0
G1 X133.4436 Y-182.9289 F12000.0
G0 X136.1957 Y-181.2296 F15000.0
G1 X136.4266 Y-182.5577 F12000.0
G1 X135.2717 Y-183.1352
G1 X136.5999 Y-182.2690
G1 X136.4266 Y-181.2296
G0 X137.5815 Y-181.4606 F15000.0
G1 X137.9857 Y-182.9042 F12000.0
G1 X136.0224 Y-183.9436
G1 X136.8308 Y-183.8281
G1 X135.8492 Y-183.6549
G1 X137.8125 Y-181.2296
G0 X138.9674 Y-183.3084 F15000.0
G1 X141.1617 Y-184.2901 F12000.0
G1 X139.1984 Y-183.3084
G0 X138.9674 Y-185.1562 F15000.0
G1 X139.4871 Y-186.0802 F12000.0
G1 X140.1223 Y-186.3111
G1 X139.1984 Y-185.3872
G0 X137.1196 Y-186.3111 F15000.0
G1 X144.3376 Y-190.2378 F12000.0
G1 X145.5503 Y-191.2772
G1 X145.4348 Y-190.0645
G1 X146.4164 Y-190.7575
G1 X145.6658 Y-190.9307
G1 X149.9966 Y-189.3139
G1 X149.4769 Y-192.3166
G1 X150.7473 Y-192.0856
G1 X150.2276 Y-190.6997
G1 X152.2486 Y-191.1039
G1 X150.7473 Y-191.7391
G1 X150.5740 Y-192.6053
G1 X145.3193 Y-191.7969
G1 X147.1094 Y-193.7602
G1 X144.0489 Y-193.4137
G1 X145.0883 Y-193.7602
G1 X143.8179 Y-192.6630
G1 X145.5503 Y-193.3560
G1 X142.3166 Y-188.1012
G1 X136.8886 Y-186.0802
G0 X136.8886 Y-184.2323 F15000.0
G1 X136.3689 Y-184.8675 F12000.0
G1 X137.9280 Y-184.4633
G1 X135.2717 Y-184.5211
G1 X136.6576 Y-184.2323
G0 X133.1929 Y-179.6128 F15000.0
G1 X135.6182 Y-180.2480 F12000.0
G1 X133.8859 Y-182.0380
G1 X133.0774 Y-182.0958
G1 X131.8648 Y-183.3662
G1 X132.3268 Y-180.9986
G1 X132.1535 Y-181.7493
G1 X131.9226 Y-181.4029
G1 X133.6549 Y-181.3451
G1 X134.1746 Y-179.9592
G1 X132.9620 Y-179.3818
G0 X131.3451 Y-174.5312 F15000.0
G1 X135.7337 Y-175.4552 F12000.0
G1 X131.1141 Y-174.5312
G0 X127.6495 Y-176.3791 F15000.0
G1 X140.2955 Y-180.7677 F12000.0
G1 X136.7154 Y-179.3240
G1 X142.4898 Y-178.8043
G1 X145.2615 Y-177.4185
G1 X143.2982 Y-178.4579
G1 X144.3954 Y-179.6705
G1 X142.8940 Y-178.6311
G1 X138.6787 Y-179.7860
G1 X140.3533 Y-180.3635
G1 X140.0068 Y-181.2296
G1 X130.2480 Y-177.9382
G1 X130.7677 Y-177.4185
G1 X127.4185 Y-176.3791
G0 X125.5707 Y-177.7649 F15000.0
G1 X131.1141 Y-179.7860 F12000.0
G1 X127.4762 Y-178.8621
G1 X129.3818 Y-179.0353
G1 X125.3397 Y-177.5340
G0 X123.2609 Y-173.1454 F15000.0
G1 X137.4083 Y-177.5917 F12000.0
G1 X139.3139 Y-177.7072
G1 X135.3872 Y-178.1114
G1 X139.1984 Y-178.2846
G1 X132.4423 Y-177.4185
G1 X135.7337 Y-177.6495
G1 X123.0299 Y-173.1454
G0 X126.2636 Y-170.6046 F15000.0
G1 X129.4973 Y-171.2976 F12000.0
G1 X126.4946 Y-170.6046
G0 X127.4185 Y-171.5285 F15000.0
G1 X139.3716 Y-174.4735 F12000.0
G1 X138.3899 Y-173.1454
G1 X129.8438 Y-172.0482
G1 X138.7364 Y-173.4341
G1 X139.0829 Y-174.8200
G1 X135.5605 Y-174.4735
G1 X127.6495 Y-171.5285
G0 X126.9565 Y-168.0639 F15000.0
G1 X127.2452 Y-168.8723 F12000.0
G1 X126.7255 Y-168.0639
G0 X125.5707 Y-165.0611 F15000.0
G1 X130.1902 Y-166.3893 F12000.0
G1 X128.4579 Y-165.6963
G1 X125.9749 Y-166.0428
G1 X130.7677 Y-167.2554
G1 X125.8594 Y-166.1005
G1 X125.3397 Y-165.0611
G0 X125.1087 Y-164.3682 F15000.0
G1 X127.3607 Y-164.7147 F12000.0
G1 X124.8777 Y-164.1372
G0 X130.1902 Y-165.0611 F15000.0
G1 X131.4606 Y-166.6202 F12000.0
G1 X132.7310 Y-167.0245
G1 X130.9409 Y-165.9851
G1 X130.4212 Y-165.0611
G0 X130.5973 Y-165.6501 F15000.0
G1 X15.9821 Y-104.7081 F12000.0
G0 X17.2418 Y-103.6209 F15000.0
G3 X17.2418 Y-103.3899 I-1.0658 J0.1155 F12000.0
G0 X17.2418 Y-102.0041 F15000.0
G1 X17.1841 Y-102.8702 F12000.0
G1 X22.8431 Y-104.0829
G1 X25.7880 Y-104.6603
G1 X24.9796 Y-104.8336
G1 X25.0951 Y-105.6997
G1 X18.8010 Y-102.7548
G1 X16.6644 Y-102.5238
G1 X17.0109 Y-102.0041
G0 X18.6277 Y-101.7731 F15000.0
G1 X18.1080 Y-102.1196 F12000.0
G1 X26.3077 Y-103.0435
G1 X18.8587 Y-101.7731
G0 X14.0082 Y-100.8492 F15000.0
G1 X14.1814 Y-102.2351 F12000.0
G1 X14.5279 Y-100.9069
G1 X12.7378 Y-101.1957
G1 X13.7772 Y-100.8492
G0 X13.5462 Y-102.9280 F15000.0
G1 X12.2758 Y-103.3322 F12000.0
G1 X15.6827 Y-103.5632
G1 X13.7772 Y-103.1590
G0 X13.4653 Y-105.9975 F15000.0
G1 X18.5638 Y-108.7084 F12000.0
G0 X21.0111 Y-110.0097 F15000.0
G1 X87.2922 Y-145.2520 F12000.0
G0 X87.2283 Y-146.5829 F15000.0
G1 X86.1889 Y-147.5645 F12000.0
G1 X81.8003 Y-149.1236
G1 X80.5876 Y-152.0109
G1 X80.4144 Y-154.6094
G1 X77.4117 Y-154.4939
G1 X79.8370 Y-154.6671
G1 X79.8947 Y-158.2473
G1 X78.2201 Y-159.8064
G1 X76.3145 Y-159.6332
G1 X79.1440 Y-159.5754
G1 X79.9524 Y-158.5938
G1 X78.5666 Y-162.1162
G1 X79.4327 Y-162.1162
G1 X78.2201 Y-164.7724
G1 X78.7398 Y-166.1005
G1 X77.5849 Y-172.1060
G1 X75.9103 Y-172.6257
G1 X76.7188 Y-173.2609
G1 X77.3539 Y-173.4918
G1 X77.2962 Y-175.7439
G1 X76.4878 Y-176.4368
G1 X80.8764 Y-153.3390
G1 X83.3016 Y-149.2391
G1 X80.5876 Y-152.8770
G1 X81.3383 Y-149.9321
G1 X83.4749 Y-148.1997
G1 X88.7874 Y-147.7955
G1 X91.0971 Y-148.6617
G1 X87.4592 Y-146.5829
G0 X86.5353 Y-148.6617 F15000.0
G1 X88.5564 Y-148.6617 F12000.0
G1 X85.3804 Y-150.3363
G1 X86.3043 Y-148.6617
G0 X85.6114 Y-148.6617 F15000.0
G1 X83.4749 Y-151.2024 F12000.0
G1 X85.6114 Y-148.4307
G0 X82.8032 Y-146.8065 F15000.0
G1 X81.1717 Y-145.9390 F12000.0
G0 X82.2587 Y-147.8307 F15000.0
G1 X8.0239 Y-108.3594 F12000.0
G0 X7.7717 Y-108.7024 F15000.0
G1 X10.0815 Y-109.8573 F12000.0
G1 X8.2914 Y-109.6264
G1 X9.6773 Y-110.2038
G1 X8.8689 Y-110.9545
G1 X9.5618 Y-112.9755
G1 X8.8689 Y-112.4558
G1 X8.1182 Y-109.7996
G1 X7.5408 Y-108.4715
G0 X4.8953 Y-109.3234 F15000.0
G1 X80.1498 Y-149.3370 F12000.0
G0 X76.1413 Y-143.1182 F15000.0
G2 X76.1413 Y-142.8872 I1.2531 J0.1155 F12000.0
G0 X76.3723 Y-142.1943 F15000.0
G1 X79.5482 Y-143.2337 F12000.0
G1 X76.6033 Y-142.1943
G0 X77.8425 Y-140.8844 F15000.0
G1 X75.5992 Y-139.6916 F12000.0
G0 X76.3723 Y-138.7296 F15000.0
G1 X75.9681 Y-140.9239 F12000.0
G1 X77.4117 Y-141.2126
G1 X75.5639 Y-140.1732
G1 X76.6033 Y-138.7296
G0 X75.7359 Y-138.4505 F15000.0
G1 X79.4068 Y-140.4023 F12000.0
G0 X77.7080 Y-138.1853 F15000.0
G1 X76.6883 Y-137.6431 F12000.0
G0 X77.8447 Y-136.9442 F15000.0
G1 X75.6014 Y-135.7514 F12000.0
G0 X74.1066 Y-133.6428 F15000.0
G1 X78.7972 Y-136.1369 F12000.0
G0 X78.7300 Y-134.7873 F15000.0
G1 X70.7763 Y-130.5583 F12000.0
G0 X70.8435 Y-131.9078 F15000.0
G1 X73.2908 Y-133.2090 F12000.0
G0 X71.7265 Y-133.6911 F15000.0
G1 X69.6871 Y-132.6067 F12000.0
G0 X67.8516 Y-131.6308 F15000.0
G1 X67.4437 Y-131.4139 F12000.0
G0 X67.5110 Y-132.7634 F15000.0
G1 X71.5898 Y-134.9322 F12000.0
G0 X71.2908 Y-135.2649 F15000.0
G1 X72.1569 Y-138.7874 F12000.0
G1 X71.2330 Y-136.4776
G1 X71.0598 Y-135.0340
G0 X71.8610 Y-136.3901 F15000.0
G1 X67.1703 Y-133.8961 F12000.0
G0 X67.0336 Y-135.1372 F15000.0
G1 X71.9282 Y-137.7397 F12000.0
G0 X72.4033 Y-139.3061 F15000.0
G1 X70.1600 Y-138.1133 F12000.0
G0 X69.3442 Y-137.6795 F15000.0
G1 X66.4890 Y-136.1614 F12000.0
G0 X67.3720 Y-137.9447 F15000.0
G1 X62.6814 Y-135.4506 F12000.0
G0 X64.1304 Y-136.4198 F15000.0
G1 X62.8023 Y-138.1522 F12000.0
G1 X61.5897 Y-137.0550
G1 X62.6868 Y-138.9606
G1 X61.9361 Y-140.1155
G1 X62.1094 Y-139.0761
G1 X61.8784 Y-141.1549
G1 X61.2432 Y-140.4042
G1 X62.8023 Y-140.0577
G1 X64.1304 Y-136.6508
G0 X62.8158 Y-138.1497 F15000.0
G1 X66.6907 Y-140.2100 F12000.0
G0 X66.1461 Y-141.2342 F15000.0
G1 X63.0870 Y-139.6076 F12000.0
G0 X62.7464 Y-140.7403 F15000.0
G1 X66.6213 Y-142.8006 F12000.0
G0 X64.8530 Y-143.1742 F15000.0
G1 X61.1821 Y-141.2223 F12000.0
G0 X59.9584 Y-140.5717 F15000.0
G1 X52.0047 Y-136.3426 F12000.0
G0 X53.2745 Y-135.9579 F15000.0
G3 X53.2745 Y-135.7269 I-1.2935 J0.1155 F12000.0
G0 X52.3505 Y-134.8030 F15000.0
G1 X54.6026 Y-135.9001 F12000.0
G1 X54.4293 Y-135.2649
G1 X54.4871 Y-138.9029
G1 X53.5632 Y-138.1522
G1 X52.9857 Y-138.9029
G1 X55.6997 Y-139.3648
G1 X56.7969 Y-136.1311
G1 X57.2011 Y-137.5170
G1 X57.6053 Y-137.4015
G1 X54.2561 Y-139.6535
G1 X52.4660 Y-138.4986
G1 X53.3322 Y-136.8818
G1 X53.3322 Y-138.0944
G1 X54.4293 Y-136.5353
G1 X52.1196 Y-134.5720
G0 X52.8125 Y-133.6481 F15000.0
G1 X53.3322 Y-133.9946 F12000.0
G1 X52.6970 Y-134.2833
G1 X53.8519 Y-134.7452
G1 X52.2928 Y-133.9946
G1 X52.5815 Y-133.4171
G0 X53.5054 Y-132.4932 F15000.0
G1 X51.3111 Y-134.2833 F12000.0
G1 X52.8702 Y-132.7242
G1 X54.1406 Y-133.8213
G1 X53.7364 Y-132.4932
G0 X55.4739 Y-134.2459 F15000.0
G1 X61.1843 Y-137.2822 F12000.0
G0 X60.6658 Y-136.4198 F15000.0
G1 X60.0883 Y-138.9606 F12000.0
G1 X60.8967 Y-139.8268
G1 X60.1461 Y-140.1155
G1 X59.1067 Y-139.8845
G1 X58.9912 Y-141.1549
G1 X57.8363 Y-140.1732
G1 X58.4715 Y-138.9029
G1 X59.2221 Y-139.1338
G1 X58.6447 Y-137.6325
G1 X59.6264 Y-138.5564
G1 X60.4348 Y-136.1889
G0 X60.5052 Y-135.6073 F15000.0
G1 X66.8274 Y-138.9689 F12000.0
G0 X68.5190 Y-137.1128 F15000.0
G1 X67.0177 Y-138.1522 F12000.0
G1 X66.6135 Y-143.1182
G1 X65.6895 Y-142.8295
G1 X64.9966 Y-142.8295
G1 X66.3825 Y-140.8662
G1 X65.6895 Y-140.4620
G1 X67.0754 Y-139.2493
G1 X68.5190 Y-136.8818
G0 X69.6739 Y-136.4198 F15000.0
G1 X72.3302 Y-139.9423 F12000.0
G1 X70.4246 Y-139.1916
G1 X69.9049 Y-136.1889
G0 X69.9049 Y-140.1155 F15000.0
G1 X70.3091 Y-141.3281 F12000.0
G1 X69.7317 Y-141.9056
G1 X71.0598 Y-141.6746
G1 X70.8288 Y-144.1576
G1 X71.0020 Y-141.0394
G1 X70.1359 Y-140.3465
G0 X60.0279 Y-137.9811 F15000.0
G1 X55.7451 Y-135.7039 F12000.0
G0 X54.9966 Y-136.6197 F15000.0
G1 X59.6873 Y-139.1137 F12000.0
G0 X57.4321 Y-138.9606 F15000.0
G1 X55.9307 Y-141.0971 F12000.0
G1 X57.2011 Y-138.9606
G0 X58.2574 Y-142.2948 F15000.0
G1 X53.7707 Y-139.9092 F12000.0
G0 X51.5274 Y-138.7164 F15000.0
G1 X14.8179 Y-119.1976 F12000.0
G0 X13.7772 Y-120.0204 F15000.0
G1 X13.0265 Y-122.3879 F12000.0
G1 X12.9110 Y-120.5978
G1 X13.5462 Y-119.7894
G0 X15.0890 Y-120.6556 F15000.0
G1 X24.4703 Y-125.6437 F12000.0
G0 X24.4022 Y-127.8736 F15000.0
G1 X24.7486 Y-128.6821 F12000.0
G1 X24.1712 Y-127.8736
G0 X24.1286 Y-128.7464 F15000.0
G1 X38.6085 Y-136.4455 F12000.0
G0 X39.9005 Y-136.4756 F15000.0
G1 X25.6245 Y-128.8849 F12000.0
G0 X26.7809 Y-128.1860 F15000.0
G1 X41.8726 Y-136.2104 F12000.0
G0 X41.7255 Y-135.0340 F15000.0
G1 X42.8804 Y-135.1495 F12000.0
G1 X42.4185 Y-135.6114
G1 X45.0170 Y-136.9395
G1 X42.9959 Y-136.9395
G1 X44.6705 Y-136.5353
G1 X41.3791 Y-135.9579
G1 X42.1875 Y-135.2072
G1 X41.4946 Y-135.0340
G0 X39.8777 Y-132.0312 F15000.0
G1 X39.7622 Y-133.7636 F12000.0
G1 X39.8777 Y-131.8003
G0 X41.2636 Y-129.7215 F15000.0
G1 X40.7439 Y-130.7609 F12000.0
G1 X42.2452 Y-130.3567
G1 X40.9749 Y-130.2412
G1 X42.3607 Y-129.7215
G1 X41.4946 Y-129.7215
G0 X42.4185 Y-130.8764 F15000.0
G1 X40.8016 Y-131.2806 F12000.0
G1 X41.8988 Y-131.8003
G1 X41.9565 Y-134.1101
G1 X40.9749 Y-134.8030
G1 X43.1114 Y-134.5143
G1 X42.5340 Y-132.6087
G1 X43.4579 Y-132.4932
G1 X41.8410 Y-132.6087
G1 X42.4185 Y-131.1073
G0 X42.9640 Y-130.2218 F15000.0
G1 X10.9452 Y-113.1971 F12000.0
G0 X11.4674 Y-114.7079 F15000.0
G2 X11.6984 Y-114.7079 I0.1155 J-1.2430 F12000.0
G0 X11.8282 Y-114.9804 F15000.0
G1 X49.7613 Y-135.1498 F12000.0
G0 X49.5788 Y-134.5720 F15000.0
G1 X50.0985 Y-135.0917 F12000.0
G1 X49.4633 Y-134.8030
G1 X49.1746 Y-135.2649
G1 X49.3478 Y-134.5720
G0 X48.0626 Y-132.9328 F15000.0
G1 X45.0034 Y-131.3062 F12000.0
G0 X46.1599 Y-130.6073 F15000.0
G1 X48.6072 Y-131.9086 F12000.0
G0 X49.1168 Y-130.1834 F15000.0
G1 X49.8098 Y-130.8764 F12000.0
G1 X47.9042 Y-132.5510
G1 X47.3268 Y-132.2045
G1 X48.4817 Y-132.4355
G1 X49.1168 Y-129.9524
G0 X47.9281 Y-130.2337 F15000.0
G1 X18.9684 Y-114.8356 F12000.0
G0 X19.7169 Y-113.9198 F15000.0
G1 X43.1702 Y-126.3901 F12000.0
G0 X42.2872 Y-124.6068 F15000.0
G1 X25.3600 Y-115.6065 F12000.0
G0 X25.5571 Y-117.0177 F15000.0
G1 X25.4993 Y-120.3668 F12000.0
G1 X25.5571 Y-117.2486
G0 X27.7401 Y-115.5582 F15000.0
G1 X42.4239 Y-123.3657 F12000.0
G0 X42.9685 Y-122.3415 F15000.0
G1 X35.6266 Y-118.4378 F12000.0
G0 X36.5791 Y-117.6304 F15000.0
G1 X44.3288 Y-121.7510 F12000.0
G0 X44.9592 Y-122.0992 F15000.0
G1 X44.7860 Y-122.9076 F12000.0
G1 X43.1114 Y-125.9103
G1 X45.9986 Y-129.6637
G1 X45.9986 Y-130.2412
G1 X46.4606 Y-128.1046
G1 X48.3084 Y-130.5299
G1 X48.4239 Y-129.3173
G1 X46.9226 Y-127.7004
G1 X45.4789 Y-128.8553
G1 X43.2846 Y-125.1596
G1 X44.2086 Y-125.1019
G1 X45.2480 Y-126.3145
G1 X44.4973 Y-123.3696
G1 X45.1902 Y-122.0992
G0 X44.8734 Y-120.7268 F15000.0
G1 X36.7158 Y-116.3893 F12000.0
G0 X36.4130 Y-115.8628 F15000.0
G3 X36.1821 Y-115.8628 I-0.1155 J-0.8569 F12000.0
G0 X36.8525 Y-115.1482 F15000.0
G1 X46.4377 Y-120.2448 F12000.0
G0 X47.5941 Y-119.5459 F15000.0
G1 X43.3114 Y-117.2687 F12000.0
G0 X41.9565 Y-116.7867 F15000.0
G1 X43.2846 Y-118.6923 F12000.0
G1 X44.5550 Y-117.8261
G1 X43.6889 Y-117.8261
G1 X43.2846 Y-119.7894
G1 X43.0537 Y-119.4429
G1 X42.8804 Y-119.9049
G1 X41.7255 Y-116.7867
G0 X40.6601 Y-115.8590 F15000.0
G1 X38.8246 Y-114.8831 F12000.0
G0 X37.8060 Y-112.3708 F15000.0
G1 X97.5610 Y-144.1431 F12000.0
G0 X96.0054 Y-142.6562 F15000.0
G1 X96.2364 Y-144.2731 F12000.0
G1 X97.2758 Y-143.5224
G1 X97.4490 Y-142.4830
G1 X99.2391 Y-145.0815
G1 X98.2575 Y-145.3702
G1 X98.6039 Y-146.2364
G1 X96.7561 Y-146.0054
G1 X96.0054 Y-145.2548
G1 X97.1026 Y-144.9660
G1 X97.9110 Y-143.6957
G1 X97.0448 Y-143.1182
G1 X97.0448 Y-144.1576
G1 X95.4857 Y-143.4647
G1 X96.0054 Y-142.4253
G0 X97.4265 Y-141.4440 F15000.0
G1 X83.3545 Y-133.9618 F12000.0
G0 X84.4437 Y-131.9134 F15000.0
G1 X109.1206 Y-145.0343 F12000.0
G0 X111.0190 Y-144.2731 F15000.0
G1 X115.1766 Y-146.1787 F12000.0
G1 X111.2500 Y-144.5041
G0 X111.8413 Y-143.8534 F15000.0
G1 X114.0847 Y-145.0462 F12000.0
G0 X114.0163 Y-145.6667 F15000.0
G1 X87.9118 Y-131.7867 F12000.0
G0 X93.4899 Y-128.1837 F15000.0
G1 X84.7204 Y-123.5209 F12000.0
G0 X85.0600 Y-124.3583 F15000.0
G1 X105.8620 Y-135.4190 F12000.0
G0 X105.5897 Y-135.9311 F15000.0
G1 X85.1956 Y-125.0873 F12000.0
G0 X84.9233 Y-125.5994 F15000.0
G1 X105.1135 Y-136.3348 F12000.0
G0 X106.3383 Y-135.0153 F15000.0
G1 X97.1609 Y-130.1356 F12000.0
G0 X97.8411 Y-129.8404 F15000.0
G1 X106.2027 Y-134.2863 F12000.0
G0 X106.2710 Y-133.6658 F15000.0
G1 X98.3173 Y-129.4367 F12000.0
G0 X98.9975 Y-129.1415 F15000.0
G1 X103.2802 Y-131.4187 F12000.0
G0 X103.1447 Y-130.6897 F15000.0
G1 X99.4737 Y-128.7378 F12000.0
G0 X99.5421 Y-128.1173 F15000.0
G1 X102.8051 Y-129.8523 F12000.0
G0 X102.4656 Y-129.0148 F15000.0
G1 X101.0380 Y-128.2558 F12000.0
G0 X101.9221 Y-128.0690 F15000.0
G1 X102.5339 Y-128.3943 F12000.0
G0 X101.3114 Y-125.7736 F15000.0
G1 X151.2771 Y-152.3408 F12000.0
G0 X152.5951 Y-152.3573 F15000.0
G1 X152.4796 Y-152.9925 F12000.0
G1 X157.3879 Y-153.5700
G1 X152.8261 Y-152.3573
G0 X154.2690 Y-152.6179 F15000.0
G1 X102.4678 Y-125.0747 F12000.0
G0 X99.6126 Y-123.5566 F15000.0
G1 X73.1002 Y-109.4597 F12000.0
G0 X73.6005 Y-109.3954 F15000.0
G1 X73.0231 Y-111.1277 F12000.0
G1 X70.3091 Y-110.2038
G1 X69.2120 Y-110.4348
G1 X73.2541 Y-110.9545
G1 X73.7738 Y-110.2615
G1 X76.7765 Y-111.9939
G1 X78.3933 Y-115.4008
G1 X79.8370 Y-113.0910
G1 X80.3567 Y-114.2459
G1 X79.7215 Y-112.9178
G1 X78.5088 Y-112.6868
G1 X77.6427 Y-111.5319
G1 X74.1202 Y-110.2615
G1 X73.8315 Y-109.3954
G0 X74.0527 Y-108.6523 F15000.0
G1 X84.0458 Y-113.9658 F12000.0
G0 X84.8616 Y-114.3995 F15000.0
G1 X156.8530 Y-152.6780 F12000.0
G0 X157.1253 Y-152.1659 F15000.0
G1 X156.3095 Y-151.7322 F12000.0
G0 X156.2908 Y-150.7405 F15000.0
G1 X156.8105 Y-151.2602 F12000.0
G1 X156.0020 Y-151.1447
G1 X157.1569 Y-152.6461
G1 X158.1386 Y-152.8770
G1 X156.0598 Y-150.7405
G0 X155.7661 Y-150.7863 F15000.0
G1 X157.3976 Y-151.6538 F12000.0
G0 X157.6699 Y-151.1417 F15000.0
G1 X154.8147 Y-149.6236 F12000.0
G0 X154.8831 Y-149.0030 F15000.0
G1 X157.9422 Y-150.6296 F12000.0
G0 X158.2145 Y-150.1175 F15000.0
G1 X155.3593 Y-148.5993 F12000.0
G0 X155.6316 Y-148.0872 F15000.0
G1 X158.2828 Y-149.4969 F12000.0
G0 X158.5551 Y-148.9848 F15000.0
G1 X156.1078 Y-147.6836 F12000.0
G0 X156.7880 Y-147.3883 F15000.0
G1 X159.0314 Y-148.5811 F12000.0
G0 X160.1194 Y-148.5028 F15000.0
G1 X157.2642 Y-146.9847 F12000.0
G0 X157.3326 Y-146.3641 F15000.0
G1 X172.6282 Y-154.4969 F12000.0
G0 X173.5123 Y-154.3101 F15000.0
G1 X157.6049 Y-145.8520 F12000.0
G0 X157.6732 Y-145.2315 F15000.0
G1 X174.8043 Y-154.3402 F12000.0
G1 X111.9903 Y-120.9414 F12000.0
G0 X111.8536 Y-122.1825 F15000.0
G1 X174.8716 Y-155.6898 F12000.0
G0 X174.8032 Y-156.3103 F15000.0
G1 X83.4373 Y-107.7302 F12000.0
G0 X85.1495 Y-107.5476 F15000.0
G1 X84.9185 Y-111.3587 F12000.0
G1 X83.6481 Y-111.9361
G1 X82.7819 Y-111.5897
G1 X82.1467 Y-114.2459
G1 X83.6481 Y-109.9728
G1 X84.0523 Y-112.5136
G1 X85.7269 Y-109.6841
G1 X84.6298 Y-108.2982
G1 X85.1495 Y-107.3166
G0 X85.4095 Y-107.4651 F15000.0
G1 X174.7360 Y-154.9608 F12000.0
G0 X174.8727 Y-153.7197 F15000.0
G1 X157.3337 Y-144.3940 F12000.0
G0 X157.4021 Y-143.7735 F15000.0
G1 X174.7371 Y-152.9907 F12000.0
G1 X114.1664 Y-120.7847 F12000.0
G0 X116.1375 Y-122.4896 F15000.0
G1 X117.9730 Y-123.4656 F12000.0
G0 X118.4492 Y-123.0619 F15000.0
G1 X117.4295 Y-122.5197 F12000.0
G0 X118.1097 Y-122.2245 F15000.0
G1 X119.7412 Y-123.0920 F12000.0
G0 X120.0135 Y-122.5799 F15000.0
G1 X118.5859 Y-121.8208 F12000.0
G0 X119.0621 Y-121.4171 F15000.0
G1 X120.2858 Y-122.0677 F12000.0
G0 X120.5581 Y-121.5556 F15000.0
G1 X119.3344 Y-120.9050 F12000.0
G0 X119.6067 Y-120.3929 F15000.0
G1 X121.0343 Y-121.1520 F12000.0
G0 X121.5105 Y-120.7483 F15000.0
G1 X119.2672 Y-119.5555 F12000.0
G0 X121.3750 Y-120.0193 F15000.0
G1 X117.2961 Y-117.8505 F12000.0
G0 X117.3645 Y-117.2300 F15000.0
G1 X121.6472 Y-119.5072 F12000.0
G0 X122.1235 Y-119.1035 F15000.0
G1 X117.6368 Y-116.7179 F12000.0
G0 X117.9091 Y-116.2058 F15000.0
G1 X122.5997 Y-118.6999 F12000.0
G0 X123.4838 Y-118.5131 F15000.0
G1 X117.9774 Y-115.5852 F12000.0
G0 X115.4618 Y-114.9045 F15000.0
G1 X174.8088 Y-146.4599 F12000.0
G1 X171.9536 Y-144.9418 F12000.0
G0 X172.0220 Y-144.3212 F15000.0
G1 X174.8771 Y-145.8394 F12000.0
G1 X114.1025 Y-113.5249 F12000.0
G0 X115.8024 Y-113.7719 F15000.0
G1 X174.7416 Y-145.1104 F12000.0
G1 X171.4785 Y-143.3754 F12000.0
G0 X172.2283 Y-142.6562 F15000.0
G1 X169.3988 Y-143.7534 F12000.0
G1 X172.4592 Y-142.6562
G0 X172.9072 Y-142.1644 F15000.0
G1 X174.7427 Y-143.1403 F12000.0
G1 X116.6193 Y-112.2355 F12000.0
G0 X115.8696 Y-112.1671 F15000.0
G1 X112.5204 Y-115.2276 F12000.0
G1 X114.7724 Y-112.4558
G1 X115.8696 Y-111.9361
G0 X119.5652 Y-111.7052 F15000.0
G1 X120.0849 Y-112.0516 F12000.0
G1 X118.4681 Y-112.4558
G1 X119.5652 Y-111.4742
G0 X121.1755 Y-112.0305 F15000.0
G1 X174.8121 Y-140.5497 F12000.0
G0 X174.8805 Y-139.9291 F15000.0
G1 X174.4726 Y-139.7122 F12000.0
G0 X174.8805 Y-139.9291 F15000.0
G1 X122.4675 Y-112.0606 F12000.0
G0 X121.3111 Y-112.7595 F15000.0
G1 X174.7438 Y-141.1702 F12000.0
G0 X173.6568 Y-139.2785 F15000.0
G1 X172.4332 Y-138.6279 F12000.0
G0 X172.3648 Y-139.2484 F15000.0
G1 X171.7530 Y-138.9231 F12000.0
G0 X171.6847 Y-139.5437 F15000.0
G1 X172.0925 Y-139.7605 F12000.0
G0 X171.5480 Y-140.7847 F15000.0
G1 X171.1401 Y-140.5679 F12000.0
G0 X169.8481 Y-140.5378 F15000.0
G1 X172.0914 Y-141.7306 F12000.0
G0 X171.4774 Y-145.3455 F15000.0
G1 X174.7404 Y-147.0805 F12000.0
G1 X104.1766 Y-109.5610 F12000.0
G0 X106.5556 Y-111.4828 F15000.0
G1 X108.7989 Y-112.6756 F12000.0
G0 X109.6332 Y-111.9361 F15000.0
G1 X109.4599 Y-113.1488 F12000.0
G1 X106.8037 Y-113.2065
G1 X109.8641 Y-111.9361
G0 X108.8000 Y-110.7055 F15000.0
G1 X108.3922 Y-110.4887 F12000.0
G0 X107.5543 Y-110.0883 F15000.0
G1 X109.5177 Y-111.4742 F12000.0
G1 X107.7276 Y-109.9728
G1 X107.3234 Y-109.8573
G0 X108.7092 Y-108.7024 F15000.0
G1 X117.4864 Y-108.8179 F12000.0
G1 X117.8906 Y-109.9728
G1 X117.1977 Y-109.3954
G1 X116.1583 Y-111.1277
G1 X117.0822 Y-108.9912
G1 X108.7092 Y-108.4715
G0 X106.1685 Y-100.8492 F15000.0
G1 X107.3234 Y-101.1379 F12000.0
G1 X106.6304 Y-102.0618
G1 X107.3234 Y-102.2351
G1 X105.7065 Y-101.4844
G1 X106.8614 Y-100.6760
G1 X105.9375 Y-100.6182
G0 X108.0163 Y-96.9226 F15000.0
G1 X106.3995 Y-98.1929 F12000.0
G1 X99.9898 Y-98.5394
G1 X99.1236 Y-98.5971
G1 X99.2969 Y-98.1929
G1 X99.9898 Y-98.8859
G1 X102.0686 Y-97.7887
G1 X106.2262 Y-98.9436
G1 X101.6067 Y-98.7704
G1 X112.0584 Y-99.1168
G1 X108.1318 Y-98.0774
G1 X107.2656 Y-98.7126
G1 X108.1895 Y-97.0380
G1 X109.8641 Y-97.0380
G1 X108.2473 Y-96.9226
G0 X110.0998 Y-96.9451 F15000.0
G1 X101.1264 Y-92.1738 F12000.0
G0 X99.0870 Y-91.0894 F15000.0
G1 X91.1333 Y-86.8604 F12000.0
G0 X89.5017 Y-85.9928 F15000.0
G1 X51.9764 Y-66.0403 F12000.0
G0 X50.9647 Y-66.8954 F15000.0
G1 X49.5788 Y-68.5700 F12000.0
G1 X47.9620 Y-68.3967
G1 X46.9226 Y-68.0503
G1 X48.3662 Y-70.3601
G1 X47.0380 Y-67.4151
G1 X48.5971 Y-68.6855
G1 X50.5605 Y-67.7615
G1 X50.7337 Y-66.8954
G0 X50.7528 Y-65.3897 F15000.0
G1 X50.3449 Y-65.1728 F12000.0
G0 X55.5842 Y-65.2785 F15000.0
G3 X55.5842 Y-65.5095 I1.1549 J-0.1155 F12000.0
G0 X56.0462 Y-65.0476 F15000.0
G1 X59.6264 Y-65.3363 F12000.0
G1 X57.3166 Y-65.7982
G1 X56.3349 Y-66.4912
G1 X52.4083 Y-66.0292
G1 X52.0041 Y-66.6067
G1 X53.5054 Y-65.9715
G1 X54.7181 Y-66.2602
G1 X54.4293 Y-65.9137
G1 X55.1800 Y-65.9137
G1 X55.8152 Y-64.8166
G0 X57.4321 Y-61.5829 F15000.0
G1 X60.2615 Y-65.1630 F12000.0
G1 X56.9701 Y-61.4096
G1 X55.2378 Y-62.5645
G1 X55.0645 Y-61.6984
G1 X57.2011 Y-61.3519
G0 X59.5109 Y-59.7351 F15000.0
G2 X59.7418 Y-59.5041 I0.6343 J-0.4033 F12000.0
G0 X57.8940 Y-55.8084 F15000.0
G1 X59.4531 Y-59.6196 F12000.0
G1 X61.0122 Y-60.9477
G1 X59.5686 Y-60.8899
G1 X57.3166 Y-56.0394
G1 X58.4137 Y-56.9633
G1 X57.8940 Y-55.5774
G0 X55.8152 Y-53.4986 F15000.0
G1 X57.6630 Y-54.0183 F12000.0
G1 X55.5842 Y-54.1916
G1 X55.5842 Y-53.4986
G0 X56.5082 Y-49.1101 F15000.0
G1 X55.5265 Y-51.9395 F12000.0
G1 X59.4531 Y-53.0944
G1 X60.2615 Y-52.9212
G1 X62.2249 Y-54.3071
G1 X59.3376 Y-52.7480
G1 X55.6997 Y-51.9973
G1 X56.7391 Y-49.1678
G1 X57.2588 Y-49.5143
G1 X56.6814 Y-51.7086
G1 X57.5476 Y-49.8030
G1 X56.7391 Y-49.1101
G0 X63.2761 Y-45.7728 F15000.0
G1 X70.8219 Y-49.7850 F12000.0
G0 X72.4457 Y-51.4198 F15000.0
G1 X69.0965 Y-52.4015 F12000.0
G1 X68.4035 Y-52.2283
G1 X72.6766 Y-51.6508
G0 X64.1304 Y-52.1128 F15000.0
G1 X66.6135 Y-52.4592 F12000.0
G1 X62.3404 Y-53.6141
G1 X63.8995 Y-52.1128
G0 X63.2065 Y-64.1236 F15000.0
G1 X66.7289 Y-66.7799 F12000.0
G1 X69.0965 Y-66.2024
G1 X69.2697 Y-66.7221
G1 X65.6895 Y-66.8376
G1 X64.9966 Y-66.0870
G1 X65.8628 Y-65.7405
G1 X62.5713 Y-65.3940
G1 X61.7052 Y-66.3757
G1 X62.9755 Y-64.1236
G0 X66.4402 Y-64.3546 F15000.0
G1 X67.9993 Y-65.5095 F12000.0
G1 X66.6712 Y-64.5856
G0 X73.6005 Y-65.0476 F15000.0
G1 X72.8499 Y-67.4728 F12000.0
G1 X72.1569 Y-66.8954
G1 X69.6739 Y-67.4728
G1 X71.5795 Y-66.7221
G1 X73.2541 Y-67.2996
G1 X75.3329 Y-66.6067
G1 X76.0258 Y-66.9531
G1 X73.6005 Y-65.2785
G0 X73.2603 Y-66.8469 F15000.0
G1 X100.7924 Y-81.4860 F12000.0
G0 X102.7038 Y-86.0666 F15000.0
G1 X96.5251 Y-88.6651 F12000.0
G1 X98.1997 Y-87.4524
G1 X98.8927 Y-88.8961
G1 X99.4701 Y-87.2792
G1 X100.1053 Y-87.9721
G1 X102.8770 Y-86.2398
G1 X104.5516 Y-86.9905
G1 X105.7643 Y-87.0482
G1 X105.7643 Y-88.7806
G1 X101.6644 Y-90.1087
G1 X105.6488 Y-89.9355
G1 X103.3390 Y-90.7439
G1 X102.1841 Y-91.8988
G1 X107.7276 Y-88.4341
G1 X112.2894 Y-90.0510
G1 X109.4022 Y-88.4341
G1 X105.6488 Y-89.1848
G1 X105.1868 Y-86.3553
G1 X102.9348 Y-86.0666
G0 X98.5462 Y-91.3791 F15000.0
G1 X100.6250 Y-92.0720 F12000.0
G1 X101.6644 Y-91.3791
G1 X99.7588 Y-92.1298
G1 X98.3152 Y-91.3791
G0 X97.3913 Y-91.6101 F15000.0
G1 X97.9110 Y-92.3607 F12000.0
G1 X95.1393 Y-92.7072
G1 X97.5068 Y-92.1298
G1 X97.1603 Y-91.6101
G0 X94.8505 Y-91.6101 F15000.0
G1 X96.5251 Y-91.7255 F12000.0
G1 X94.2731 Y-92.6495
G1 X94.1576 Y-93.7466
G1 X95.1970 Y-93.7466
G1 X93.9844 Y-93.4001
G1 X94.8505 Y-91.3791
G0 X93.6957 Y-88.6073 F15000.0
G1 X93.2914 Y-89.9932 F12000.0
G1 X93.8689 Y-90.5129
G1 X93.4647 Y-88.6073
G0 X92.5408 Y-85.3736 F15000.0
G1 X93.3492 Y-86.3553 F12000.0
G1 X94.5041 Y-85.7779
G1 X95.3702 Y-86.9905
G1 X97.5068 Y-86.0088
G1 X97.2758 Y-87.2215
G1 X97.1603 Y-85.7201
G1 X94.9083 Y-86.9905
G1 X94.0421 Y-85.7201
G1 X92.8295 Y-86.5863
G1 X92.3675 Y-85.2004
G1 X89.8268 Y-87.7412
G1 X91.2126 Y-89.7622
G1 X91.4436 Y-85.8356
G1 X92.3098 Y-85.1427
G0 X93.0027 Y-83.7568 F15000.0
G1 X89.4803 Y-86.5285 F12000.0
G1 X88.7874 Y-88.3764
G1 X88.6141 Y-87.9144
G1 X88.7874 Y-88.4341
G1 X92.7717 Y-83.8145
G1 X99.7588 Y-85.1427
G1 X99.4701 Y-85.6046
G1 X100.3363 Y-85.2582
G1 X99.5279 Y-86.5285
G1 X101.6067 Y-84.6807
G1 X104.8981 Y-83.9878
G1 X106.6304 Y-85.2582
G1 X109.0557 Y-85.4314
G1 X108.1318 Y-84.7962
G1 X109.0557 Y-84.7962
G1 X106.3417 Y-84.8539
G1 X104.7249 Y-84.0455
G1 X100.1630 Y-84.9117
G1 X93.2337 Y-83.7568
G0 X88.1522 Y-88.6073 F15000.0
G1 X86.4198 Y-93.4579 F12000.0
G1 X92.8295 Y-90.8594
G1 X91.0971 Y-90.7439
G1 X92.3675 Y-90.5707
G1 X91.8478 Y-89.8777
G1 X90.2887 Y-90.4552
G1 X89.4803 Y-89.0115
G1 X90.1732 Y-90.3974
G1 X85.9001 Y-93.5156
G1 X85.7269 Y-92.4185
G1 X86.8240 Y-90.9171
G1 X86.9973 Y-91.5523
G1 X86.7663 Y-90.9171
G1 X85.7269 Y-91.1481
G1 X87.9212 Y-88.8383
G0 X89.7690 Y-91.8410 F15000.0
G1 X91.4436 Y-94.3240 F12000.0
G1 X88.7874 Y-92.5340
G1 X90.5774 Y-93.9776
G1 X90.8084 Y-95.3635
G1 X92.1365 Y-93.5734
G1 X91.9633 Y-95.0747
G1 X92.8872 Y-93.6889
G1 X90.0000 Y-91.8410
G0 X96.9293 Y-96.2296 F15000.0
G1 X90.9817 Y-97.6732 F12000.0
G1 X97.9688 Y-96.8071
G1 X94.8505 Y-98.9436
G1 X91.0971 Y-98.2507
G1 X95.0815 Y-98.9436
G1 X97.1603 Y-96.4606
G0 X97.1603 Y-99.2323 F15000.0
G1 X99.2969 Y-100.2717 F12000.0
G1 X101.1447 Y-100.2140
G1 X104.6094 Y-99.8675
G1 X101.4334 Y-100.3872
G1 X100.0476 Y-99.8675
G1 X97.3913 Y-99.4633
G0 X95.7745 Y-105.2378 F15000.0
G1 X95.3702 Y-105.6420 F12000.0
G1 X96.5829 Y-105.8152
G1 X92.7717 Y-109.1644
G1 X90.2887 Y-106.3927
G1 X87.5170 Y-107.6630
G1 X86.4198 Y-106.1039
G1 X88.4986 Y-108.3560
G1 X89.5958 Y-106.3927
G1 X93.0605 Y-109.2799
G1 X96.0632 Y-106.7969
G1 X98.7772 Y-109.1067
G1 X101.2024 Y-108.0095
G1 X101.8954 Y-108.7024
G1 X100.4518 Y-108.2405
G1 X98.3730 Y-108.9912
G1 X96.0054 Y-105.4688
G0 X95.4049 Y-108.8383 F15000.0
G1 X174.7382 Y-151.0206 F12000.0
G1 X158.0150 Y-142.1287 F12000.0
G0 X153.3927 Y-139.0141 F15000.0
G1 X152.5769 Y-138.5804 F12000.0
G0 X146.5897 Y-131.1073 F15000.0
G1 X147.1094 Y-134.2255 F12000.0
G1 X147.2249 Y-133.5326
G1 X146.9361 Y-134.3410
G1 X146.3587 Y-131.1073
G0 X143.3560 Y-131.3383 F15000.0
G1 X140.2378 Y-133.7058 F12000.0
G1 X140.4688 Y-131.9735
G1 X139.1406 Y-133.7636
G1 X139.4871 Y-135.0340
G1 X143.3560 Y-131.5693
G0 X143.8179 Y-127.1807 F15000.0
G1 X142.0279 Y-128.9708 F12000.0
G1 X144.0489 Y-127.1807
G0 X138.2745 Y-130.8764 F15000.0
G1 X139.1406 Y-131.0496 F12000.0
G1 X138.2167 Y-131.5115
G1 X139.3139 Y-131.6270
G1 X138.0435 Y-130.8764
G0 X147.6912 Y-120.2172 F15000.0
G1 X155.8489 Y-124.5547 F12000.0
G0 X155.1015 Y-123.5004 F15000.0
G1 X147.7596 Y-119.5967 F12000.0
G0 X146.5897 Y-117.4796 F15000.0
G1 X148.2643 Y-118.9810 F12000.0
G1 X146.3587 Y-117.4796
G0 X150.4164 Y-111.1560 F15000.0
G1 X174.6855 Y-124.0600 F12000.0
G0 X168.1504 Y-136.3507 F15000.0
G1 X168.7622 Y-136.6760 F12000.0
G0 X168.4899 Y-137.1881 F15000.0
G1 X166.8584 Y-136.3206 F12000.0
G0 X162.5667 Y-149.8040 F15000.0
G1 X169.7047 Y-153.5994 F12000.0
G0 X167.6087 Y-154.6671 F15000.0
G1 X171.7086 Y-155.0136 F12000.0
G1 X167.3777 Y-154.4361
G0 X166.4405 Y-153.8344 F15000.0
G1 X110.7644 Y-124.2309 F12000.0
G0 X111.9208 Y-123.5320 F15000.0
G1 X173.1033 Y-156.0634 F12000.0
G0 X174.8705 Y-157.6598 F15000.0
G1 X77.9982 Y-106.1519 F12000.0
G0 X78.0654 Y-107.5015 F15000.0
G1 X174.7338 Y-158.9009 F12000.0
G0 X174.8010 Y-160.2505 F15000.0
G1 X75.4814 Y-107.4413 F12000.0
G0 X73.9171 Y-107.9233 F15000.0
G1 X166.7106 Y-157.2625 F12000.0
G0 X168.7636 Y-160.4416 F15000.0
G1 X170.8424 Y-160.9035 F12000.0
G1 X168.9946 Y-160.4416
G0 X174.7315 Y-162.8411 F15000.0
G1 X70.3134 Y-107.3210 F12000.0
G0 X72.0122 Y-109.5380 F15000.0
G1 X157.4637 Y-154.9734 F12000.0
G0 X159.2331 Y-152.6297 F15000.0
G1 X86.4259 Y-113.9175 F12000.0
G0 X86.7665 Y-112.7848 F15000.0
G1 X163.8565 Y-153.7743 F12000.0
G0 X163.9248 Y-153.1537 F15000.0
G1 X163.1091 Y-152.7200 F12000.0
G0 X162.9735 Y-151.9910 F15000.0
G1 X164.6050 Y-152.8585 F12000.0
G0 X165.4891 Y-152.6717 F15000.0
G1 X162.8379 Y-151.2620 F12000.0
G0 X162.7023 Y-150.5330 F15000.0
G1 X166.1693 Y-152.3765 F12000.0
G0 X160.9980 Y-158.1664 F15000.0
G1 X67.5927 Y-108.5019 F12000.0
G0 X66.4402 Y-107.5476 F15000.0
G1 X66.2092 Y-110.3193 F12000.0
G1 X66.4402 Y-107.3166
G0 X66.4402 Y-107.0856 F15000.0
G1 X65.4586 Y-109.6841 F12000.0
G1 X64.8234 Y-108.3560
G1 X65.2853 Y-108.0673
G1 X66.8444 Y-109.6841
G1 X66.6712 Y-107.0856
G0 X64.2601 Y-109.3575 F15000.0
G1 X174.3887 Y-167.9139 F12000.0
G0 X171.3043 Y-171.0666 F15000.0
G1 X170.9001 Y-171.8173 F12000.0
G1 X170.0917 Y-171.5863
G1 X169.4565 Y-172.5679
G1 X171.8240 Y-173.2609
G1 X172.4592 Y-171.8750
G1 X173.4409 Y-172.7412
G1 X172.4015 Y-172.7989
G1 X172.5747 Y-174.0693
G1 X174.4803 Y-174.9355
G1 X169.8030 Y-172.0482
G1 X169.7452 Y-171.3553
G1 X171.0734 Y-171.0666
G0 X170.1495 Y-172.9144 F15000.0
G3 X170.1495 Y-173.1454 I0.6352 J-0.1155 F12000.0
G0 X165.9918 Y-172.2215 F15000.0
G2 X165.9918 Y-171.9905 I0.8414 J0.1155 F12000.0
G0 X165.9918 Y-171.2976 F15000.0
G1 X167.5510 Y-173.0876 F12000.0
G1 X165.7609 Y-171.2976
G0 X163.4511 Y-172.9144 F15000.0
G1 X163.7398 Y-175.5129 F12000.0
G1 X163.2201 Y-172.6834
G0 X164.8370 Y-176.8410 F15000.0
G1 X163.6821 Y-177.6495 F12000.0
G1 X164.2018 Y-177.8804
G1 X163.9708 Y-177.3607
G1 X165.0679 Y-176.8410
G0 X164.3750 Y-180.5367 F15000.0
G1 X166.7425 Y-181.5183 F12000.0
G1 X165.8764 Y-181.6338
G1 X166.1073 Y-181.9803
G1 X164.1440 Y-180.5367
G0 X165.0679 Y-183.7704 F15000.0
G1 X163.7398 Y-186.3111 F12000.0
G1 X162.9314 Y-187.1196
G1 X162.3539 Y-188.3322
G1 X163.7398 Y-189.3139
G1 X165.6454 Y-188.7942
G1 X161.1990 Y-190.1800
G1 X162.7004 Y-192.7208
G1 X162.9891 Y-190.5842
G1 X166.1651 Y-189.0829
G1 X165.7609 Y-187.0041
G1 X170.3227 Y-188.4477
G1 X168.5904 Y-188.4477
G1 X165.1834 Y-189.8913
G1 X169.8030 Y-190.0645
G1 X168.2439 Y-190.5842
G1 X170.5537 Y-188.7942
G1 X174.1916 Y-189.9490
G1 X172.3438 Y-188.1012
G1 X171.9395 Y-189.3139
G1 X170.9001 Y-188.1012
G1 X171.6508 Y-187.1196
G1 X169.8030 Y-187.8125
G1 X166.8003 Y-186.8308
G1 X165.6454 Y-186.2534
G1 X166.7425 Y-186.8308
G1 X164.3173 Y-186.1957
G1 X166.1651 Y-184.6943
G1 X165.0679 Y-184.0014
G0 X159.7610 Y-181.1567 F15000.0
G1 X155.8861 Y-179.0964 F12000.0
G1 X154.5584 Y-180.6522 F12000.0
G1 X157.3879 Y-181.9226
G1 X157.8499 Y-180.9409
G1 X159.0048 Y-180.4789
G1 X158.1963 Y-179.0931
G1 X156.0598 Y-179.1508
G0 X158.1386 Y-181.9226 F15000.0
G1 X160.1019 Y-183.0197 F12000.0
G1 X158.3696 Y-182.1535
G0 X156.9837 Y-184.2323 F15000.0
G1 X158.7160 Y-185.3872 F12000.0
G1 X155.3091 Y-184.8675
G1 X157.5034 Y-185.2717
G1 X156.9837 Y-184.4633
G0 X156.0598 Y-186.0802 F15000.0
G1 X158.1386 Y-187.4660 F12000.0
G1 X157.0992 Y-187.1196
G1 X157.8499 Y-189.0251
G1 X156.2908 Y-188.9096
G1 X156.3485 Y-189.8913
G1 X155.0781 Y-188.2745
G1 X158.0808 Y-188.9096
G1 X156.7527 Y-187.4083
G1 X155.8288 Y-186.0802
G0 X153.0571 Y-188.8519 F15000.0
G1 X154.5007 Y-191.6814 F12000.0
G1 X156.6950 Y-195.9545
G1 X155.4823 Y-196.4742
G1 X156.6950 Y-196.1277
G1 X153.6923 Y-197.9755
G1 X151.6712 Y-197.3981
G1 X152.0754 Y-197.3981
G1 X149.8811 Y-198.6107
G1 X148.3798 Y-199.3614
G1 X148.7262 Y-198.9572
G1 X148.5530 Y-199.9966
G1 X150.2276 Y-199.2459
G1 X151.0360 Y-197.9755
G1 X151.4402 Y-198.7840
G1 X149.0727 Y-200.8050
G1 X148.1488 Y-200.9783
G1 X148.7840 Y-201.3825
G1 X149.2459 Y-200.8050
G1 X150.7473 Y-206.6372
G1 X149.7656 Y-206.6950
G1 X149.9389 Y-206.1753
G1 X147.4558 Y-204.1542
G1 X148.1488 Y-203.9810
G1 X147.7446 Y-205.5978
G1 X147.9178 Y-208.4273
G1 X146.0122 Y-207.0414
G1 X147.1671 Y-207.0992
G1 X145.2038 Y-204.2120
G1 X148.0910 Y-201.7289
G1 X146.9939 Y-201.0938
G1 X145.6080 Y-201.6712
G1 X145.0883 Y-203.9232
G1 X145.1461 Y-202.2486
G1 X143.5870 Y-203.6345
G1 X143.8179 Y-204.6739
G1 X144.8573 Y-203.6923
G1 X143.7024 Y-205.7711
G1 X146.9939 Y-205.4823
G1 X143.6447 Y-206.6950
G1 X142.3743 Y-206.4640
G1 X141.8546 Y-207.6766
G1 X140.4110 Y-207.2724
G1 X142.0856 Y-207.3879
G1 X142.6053 Y-206.2908
G1 X142.8363 Y-207.4457
G1 X143.5292 Y-206.5795
G1 X145.1461 Y-209.3512
G1 X143.6447 Y-207.6189
G1 X144.9728 Y-209.7554
G1 X143.6447 Y-211.1990
G1 X146.4164 Y-209.5822
G1 X147.8601 Y-210.3329
G1 X144.9728 Y-211.1413
G1 X147.1671 Y-212.2385
G1 X145.0883 Y-214.7215
G1 X147.1094 Y-212.5849
G1 X146.9361 Y-213.9130
G1 X146.0700 Y-213.5088
G1 X145.7812 Y-214.6060
G1 X146.7052 Y-213.7398
G1 X152.4796 Y-214.3173
G1 X153.4035 Y-216.2806
G1 X154.5007 Y-216.3961
G1 X154.8471 Y-216.7425
G1 X153.8077 Y-214.6060
G1 X152.6529 Y-213.5088
G1 X155.6556 Y-212.8736
G1 X155.9443 Y-211.1413
G1 X155.9443 Y-212.8159
G1 X154.6162 Y-210.0442
G1 X156.4062 Y-209.8709
G1 X155.0781 Y-208.4851
G1 X155.4246 Y-208.9470
G1 X153.3458 Y-207.7921
G1 X152.5374 Y-208.7738
G1 X154.5007 Y-211.4300
G1 X153.9232 Y-211.7188
G1 X153.6923 Y-211.3145
G1 X152.1332 Y-211.1413
G1 X153.0571 Y-210.3906
G1 X150.8628 Y-211.6033
G1 X150.4008 Y-210.7371
G1 X147.7446 Y-211.9497
G1 X147.2826 Y-211.1413
G1 X147.5713 Y-209.8132
G1 X146.7629 Y-209.4667
G1 X147.2826 Y-208.1963
G1 X147.8601 Y-209.0048
G1 X149.0727 Y-208.5428
G1 X149.1304 Y-206.4640
G1 X149.5924 Y-208.4851
G1 X150.3431 Y-204.9626
G1 X150.2276 Y-204.3274
G1 X149.7079 Y-204.6162
G1 X150.1698 Y-202.4219
G1 X149.6501 Y-202.7683
G1 X151.4402 Y-198.8995
G1 X153.2880 Y-199.2459
G1 X154.9626 Y-198.2065
G1 X154.1542 Y-198.0910
G1 X157.3302 Y-195.2615
G1 X155.1936 Y-193.0673
G1 X154.5007 Y-192.4898
G1 X155.1359 Y-192.3166
G1 X154.3852 Y-191.5659
G1 X156.4062 Y-191.0462
G1 X157.5611 Y-194.1644
G1 X155.0781 Y-189.5448
G1 X154.7894 Y-189.9490
G1 X153.2880 Y-189.0829
G0 X152.5951 Y-191.6236 F15000.0
G1 X152.1332 Y-192.9518 F12000.0
G1 X153.0571 Y-193.4137
G1 X152.3641 Y-191.6236
G0 X153.0571 Y-193.9334 F15000.0
G1 X151.2670 Y-194.3954 F12000.0
G1 X154.3852 Y-196.2432
G1 X154.3274 Y-196.7052
G1 X154.7317 Y-196.2432
G1 X154.9049 Y-196.7052
G1 X154.2120 Y-195.4348
G1 X153.0571 Y-194.1644
G0 X150.5163 Y-195.0883 F15000.0
G3 X150.5163 Y-195.3193 I1.0658 J-0.1155 F12000.0
G0 X148.6685 Y-196.2432 F15000.0
G1 X148.7262 Y-197.6291 F12000.0
G1 X148.6685 Y-196.4742
G0 X146.5897 Y-196.7052 F15000.0
G3 X146.3587 Y-196.7052 I-0.1155 J-0.8703 F12000.0
G0 X145.4348 Y-195.5503 F15000.0
G1 X146.5319 Y-196.5319 F12000.0
G1 X147.2826 Y-198.3220
G1 X145.5503 Y-196.2432
G1 X145.3193 Y-196.6474
G1 X145.2038 Y-195.5503
G0 X145.1333 Y-194.3995 F15000.0
G1 X174.7048 Y-210.1230 F12000.0
G0 X172.9212 Y-209.1780 F15000.0
G1 X174.4803 Y-209.3512 F12000.0
G1 X174.2493 Y-210.7948
G1 X174.6535 Y-210.2751
G1 X174.4803 Y-211.0258
G1 X173.3254 Y-211.1990
G1 X172.0550 Y-210.2751
G1 X173.7874 Y-209.3512
G1 X172.1705 Y-209.5245
G1 X172.6902 Y-209.1780
G0 X170.3804 Y-208.2541 F15000.0
G1 X174.4803 Y-208.6005 F12000.0
G1 X170.9579 Y-208.4851
G1 X171.1889 Y-209.6977
G1 X171.9973 Y-209.1202
G1 X170.7269 Y-210.7371
G1 X169.9762 Y-208.3696
G1 X170.2072 Y-210.5639
G1 X170.1495 Y-208.0231
G0 X166.6848 Y-209.4090 F15000.0
G1 X167.6087 Y-211.1413 F12000.0
G1 X168.8213 Y-211.3145
G1 X168.6481 Y-210.6216
G1 X170.8424 Y-212.8736
G1 X169.6875 Y-212.2385
G1 X171.7663 Y-213.8553
G1 X173.9029 Y-213.7976
G1 X172.9212 Y-215.2412
G1 X172.2283 Y-215.4144
G1 X173.0944 Y-216.9158
G1 X173.4986 Y-218.2439
G1 X173.4409 Y-217.6664
G1 X173.4409 Y-219.5720
G1 X173.7874 Y-219.0523
G1 X173.7296 Y-221.4776
G1 X173.4409 Y-221.1889
G1 X169.8030 Y-221.1889
G1 X170.1495 Y-222.7480
G1 X172.8635 Y-221.6508
G1 X172.9212 Y-222.2860
G1 X173.9606 Y-222.4015
G1 X174.6535 Y-220.2072
G1 X174.2493 Y-220.4959
G1 X174.3071 Y-216.6270
G1 X172.7480 Y-216.4538
G1 X174.5958 Y-215.7031
G1 X174.5958 Y-213.5666
G1 X173.7874 Y-215.9341
G1 X172.9789 Y-215.2412
G1 X173.7296 Y-212.7004
G1 X171.0156 Y-213.2201
G1 X171.9395 Y-212.7004
G1 X171.7086 Y-211.8342
G1 X171.2466 Y-212.5272
G1 X168.1284 Y-210.7371
G1 X166.6848 Y-209.6399
G0 X166.4538 Y-210.7948 F15000.0
G1 X165.5299 Y-212.0075 F12000.0
G1 X164.8370 Y-211.0836
G1 X166.2228 Y-210.7948
G0 X165.5299 Y-213.5666 F15000.0
G1 X167.0890 Y-214.8947 F12000.0
G1 X166.6848 Y-214.7792
G1 X167.0312 Y-215.5299
G1 X165.3567 Y-216.1073
G1 X164.7215 Y-218.0707
G1 X165.2989 Y-213.7976
G0 X163.2201 Y-213.3356 F15000.0
G1 X161.8920 Y-215.7031 F12000.0
G1 X160.7948 Y-214.6637
G1 X163.1046 Y-214.0863
G1 X162.4117 Y-214.6060
G1 X162.9891 Y-213.3356
G0 X161.7826 Y-213.7624 F15000.0
G1 X169.3284 Y-217.7746 F12000.0
G0 X171.3043 Y-216.3383 F15000.0
G1 X170.1495 Y-218.0129 F12000.0
G1 X169.2255 Y-217.9552
G1 X171.3043 Y-216.1073
G0 X171.7663 Y-216.3383 F15000.0
G1 X171.3621 Y-218.4171 F12000.0
G1 X172.4015 Y-217.5510
G1 X171.7663 Y-216.5693
G0 X169.4565 Y-215.1834 F15000.0
G3 X169.2255 Y-215.1834 I-0.1155 J-0.6352 F12000.0
G0 X168.5326 Y-214.0285 F15000.0
G1 X168.3016 Y-214.0285 F12000.0
G0 X165.9918 Y-216.1073 F15000.0
G1 X168.2439 Y-216.8580 F12000.0
G1 X167.6087 Y-218.0707
G1 X169.6875 Y-219.1678
G1 X171.5353 Y-219.0523
G1 X168.4171 Y-219.2833
G1 X167.2622 Y-217.9552
G1 X166.9735 Y-218.4171
G1 X167.7242 Y-216.5115
G1 X166.5115 Y-217.5510
G1 X166.1651 Y-216.8003
G1 X165.7609 Y-216.1073
G0 X166.4538 Y-219.5720 F15000.0
G1 X167.2045 Y-219.5143 F12000.0
G1 X165.3567 Y-221.0156
G1 X166.4538 Y-219.8030
G0 X167.8397 Y-221.8818 F15000.0
G1 X167.6087 Y-222.8057 F12000.0
G1 X168.3594 Y-223.6141
G1 X167.8397 Y-223.8451
G1 X168.3016 Y-222.8057
G1 X167.7819 Y-222.2860
G1 X168.7636 Y-222.1128
G1 X168.0707 Y-222.1128
G0 X166.9158 Y-223.2677 F15000.0
G1 X166.8003 Y-224.8268 F12000.0
G1 X165.1257 Y-225.8084
G1 X166.9735 Y-224.4226
G1 X166.6848 Y-223.2677
G0 X167.1467 Y-225.3465 F15000.0
G1 X166.6270 Y-226.4436 F12000.0
G1 X166.4538 Y-225.8662
G1 X166.9735 Y-226.4436
G1 X167.1467 Y-225.5774
G0 X166.3993 Y-226.7274 F15000.0
G1 X165.3796 Y-226.1852 F12000.0
G0 X163.4511 Y-224.4226 F15000.0
G1 X164.3173 Y-225.9817 F12000.0
G1 X164.5482 Y-225.1732
G1 X164.5482 Y-227.5408
G1 X165.9918 Y-226.0394
G1 X164.4905 Y-228.2914
G1 X165.5876 Y-227.7717
G1 X164.1440 Y-228.1182
G1 X162.8736 Y-226.6168
G1 X163.3933 Y-229.1576
G1 X166.3383 Y-228.0605
G1 X166.8003 Y-227.3675
G1 X167.4932 Y-227.8872
G1 X168.0129 Y-225.8662
G1 X169.5143 Y-226.0394
G1 X171.6508 Y-228.8689
G1 X172.9212 Y-229.1576
G1 X172.4592 Y-229.6196
G1 X170.9579 Y-229.3886
G1 X171.1889 Y-231.1787
G1 X173.7296 Y-231.6406
G1 X173.0367 Y-232.0448
G1 X171.4198 Y-231.9293
G1 X171.8818 Y-233.5462
G1 X172.5170 Y-232.6800
G1 X171.6508 Y-233.7772
G1 X171.5931 Y-235.3940
G1 X170.8424 Y-235.9715
G1 X173.4986 Y-237.9348
G1 X172.2860 Y-239.6094
G1 X173.0944 Y-238.4545
G1 X172.5170 Y-238.2235
G1 X173.2099 Y-237.8770
G1 X170.4959 Y-237.5306
G1 X170.7269 Y-236.8376
G1 X171.1889 Y-237.3573
G1 X170.7846 Y-234.8743
G1 X169.3988 Y-235.1053
G1 X169.2833 Y-235.6250
G1 X169.8607 Y-233.7772
G1 X169.2833 Y-233.5462
G1 X171.4198 Y-233.0842
G1 X169.8030 Y-231.0632
G1 X169.1678 Y-231.4096
G1 X170.8424 Y-228.6379
G1 X170.2072 Y-229.7351
G1 X169.6875 Y-228.3492
G1 X168.7058 Y-232.5068
G1 X168.7636 Y-229.7928
G1 X167.8397 Y-229.4463
G1 X168.6481 Y-228.1760
G1 X167.0890 Y-230.0815
G1 X168.3016 Y-232.4490
G1 X167.4932 Y-231.5251
G1 X165.3567 Y-231.9293
G1 X166.9735 Y-228.9844
G1 X166.3383 Y-228.2914
G1 X165.2412 Y-228.9844
G1 X165.5876 Y-229.3308
G1 X163.7398 Y-229.0421
G1 X161.6610 Y-227.6562
G1 X162.5849 Y-227.2520
G1 X160.8526 Y-227.2520
G1 X164.7215 Y-230.4280
G1 X164.8370 Y-229.7928
G1 X163.1624 Y-232.2181
G1 X162.4694 Y-231.8716
G1 X163.0469 Y-230.6590
G1 X161.7188 Y-230.0238
G1 X161.3723 Y-229.0999
G1 X161.7765 Y-230.9477
G1 X162.1807 Y-230.6012
G1 X160.6793 Y-233.3730
G1 X160.7371 Y-232.2758
G1 X157.3879 Y-229.6773
G1 X157.9654 Y-229.9660
G1 X159.4090 Y-232.1603
G1 X160.4484 Y-232.5068
G1 X161.6033 Y-231.6406
G1 X159.8132 Y-231.5251
G1 X161.1990 Y-228.9266
G1 X160.6793 Y-228.7534
G1 X161.1990 Y-228.2914
G1 X160.4484 Y-227.8872
G1 X159.1202 Y-230.6012
G1 X160.9681 Y-226.9056
G1 X163.5666 Y-225.6352
G1 X163.2201 Y-224.1916
G0 X162.5272 Y-224.1916 F15000.0
G1 X161.6610 Y-225.2887 F12000.0
G1 X161.3145 Y-224.7113
G1 X162.0075 Y-225.2887
G1 X162.5272 Y-224.4226
G0 X162.0652 Y-221.6508 F15000.0
G1 X164.5482 Y-224.0183 F12000.0
G1 X163.9130 Y-221.9395
G1 X162.0652 Y-221.4198
G0 X162.0652 Y-220.7269 F15000.0
G1 X163.6821 Y-221.9973 F12000.0
G1 X164.3750 Y-221.9395
G1 X165.0679 Y-223.9606
G1 X165.7609 Y-223.7874
G1 X164.0285 Y-224.1338
G1 X162.0652 Y-220.4959
G0 X163.6821 Y-219.5720 F15000.0
G1 X163.9130 Y-221.1889 F12000.0
G1 X164.3750 Y-221.1311
G1 X163.9130 Y-219.8030
G0 X160.2174 Y-217.2622 F15000.0
G1 X159.1202 Y-218.3594 F12000.0
G1 X160.5639 Y-219.3988
G1 X160.2174 Y-217.0312
G0 X159.0625 Y-217.0312 F15000.0
G1 X158.0231 Y-217.4355 F12000.0
G1 X159.2935 Y-217.7242
G1 X159.0625 Y-216.8003
G0 X160.2174 Y-215.4144 F15000.0
G1 X162.5849 Y-215.5299 F12000.0
G1 X160.4484 Y-215.4144
G0 X158.6005 Y-213.3356 F15000.0
G1 X158.5428 Y-214.6060 F12000.0
G1 X159.8132 Y-214.3750
G1 X158.6005 Y-213.1046
G0 X160.4484 Y-211.4878 F15000.0
G1 X161.8920 Y-213.9708 F12000.0
G1 X162.2962 Y-212.1807
G1 X160.4484 Y-211.2568
G0 X160.6793 Y-210.1019 F15000.0
G1 X160.2174 Y-211.3723 F12000.0
G1 X162.1230 Y-210.3906
G1 X160.9103 Y-210.1019
G0 X162.5272 Y-209.1780 F15000.0
G1 X162.4117 Y-211.7188 F12000.0
G1 X162.5272 Y-208.9470
G0 X162.9891 Y-208.7160 F15000.0
G1 X164.8947 Y-210.1019 F12000.0
G1 X164.7792 Y-213.6243
G1 X167.5510 Y-212.0652
G1 X168.3016 Y-212.9314
G1 X169.7452 Y-213.4511
G1 X166.5693 Y-213.5088
G1 X167.6087 Y-213.8553
G1 X167.6664 Y-215.0679
G1 X165.3567 Y-216.1073
G1 X165.7031 Y-218.9368
G1 X166.1073 Y-217.7819
G1 X165.5299 Y-218.9946
G1 X164.6060 Y-219.1101
G1 X165.5299 Y-219.8607
G1 X165.5299 Y-220.3804
G1 X168.8213 Y-220.8424
G1 X166.9158 Y-220.0917
G1 X166.5693 Y-221.1311
G1 X167.9552 Y-221.2466
G1 X164.7215 Y-220.4959
G1 X164.1440 Y-215.8186
G1 X163.7976 Y-213.6821
G1 X162.3539 Y-217.0890
G1 X161.7765 Y-217.2622
G1 X161.7765 Y-218.3016
G1 X161.6610 Y-217.6664
G1 X159.8132 Y-218.1861
G1 X160.5061 Y-218.8213
G1 X161.7765 Y-218.7058
G1 X160.9103 Y-219.6875
G1 X162.8736 Y-219.3988
G1 X163.7398 Y-219.0523
G1 X161.2568 Y-221.3621
G1 X161.7188 Y-223.4986
G1 X160.1019 Y-223.8451
G1 X160.7948 Y-220.6692
G1 X159.4667 Y-221.1889
G1 X159.5822 Y-219.6875
G1 X158.5428 Y-219.2833
G1 X158.1963 Y-218.1861
G1 X157.7344 Y-220.0917
G1 X158.7160 Y-220.9579
G1 X157.3879 Y-220.7846
G1 X160.2174 Y-225.2310
G1 X161.0258 Y-225.1732
G1 X161.0258 Y-226.3281
G1 X159.8709 Y-227.6562
G1 X159.5822 Y-226.6168
G1 X158.3118 Y-228.0027
G1 X155.1936 Y-225.7507
G1 X154.9049 Y-227.1365
G1 X157.7344 Y-227.8872
G1 X156.3485 Y-228.1760
G1 X156.5795 Y-228.6957
G1 X155.7711 Y-227.7140
G1 X155.6556 Y-228.2914
G1 X155.1936 Y-227.1365
G1 X155.7133 Y-229.9083
G1 X157.0414 Y-231.4674
G1 X157.2147 Y-230.7167
G1 X156.8682 Y-231.5829
G1 X156.0598 Y-230.1393
G1 X154.6162 Y-235.6827
G1 X153.8077 Y-234.5279
G1 X152.3641 Y-235.1053
G1 X154.0965 Y-232.2758
G1 X155.1359 Y-230.9477
G1 X155.2514 Y-229.2731
G1 X152.9416 Y-230.7167
G1 X153.6923 Y-228.2914
G1 X152.1909 Y-227.4253
G1 X154.9626 Y-228.8111
G1 X154.3852 Y-226.9633
G1 X154.4429 Y-225.4620
G1 X155.2514 Y-225.3465
G1 X154.7317 Y-223.9029
G1 X154.2120 Y-224.6535
G1 X153.2880 Y-222.9212
G1 X154.7317 Y-223.9029
G1 X155.4246 Y-223.1522
G1 X155.5401 Y-224.1338
G1 X159.4090 Y-222.1705
G1 X156.9837 Y-222.4592
G1 X156.9837 Y-220.9579
G1 X154.2697 Y-219.2833
G1 X155.1359 Y-219.2833
G1 X154.3274 Y-219.9185
G1 X156.3485 Y-219.1101
G1 X155.4823 Y-218.1861
G1 X153.6923 Y-218.9368
G1 X153.9232 Y-218.2439
G1 X152.8838 Y-218.0707
G1 X152.4796 Y-218.9368
G1 X152.9416 Y-216.8003
G1 X148.6685 Y-218.8791
G1 X147.5713 Y-218.4171
G1 X146.5319 Y-218.9368
G1 X146.6474 Y-216.6848
G1 X146.0700 Y-218.3016
G1 X146.3010 Y-214.7215
G1 X146.3010 Y-216.9158
G1 X147.1671 Y-214.8947
G1 X149.2459 Y-215.1257
G1 X148.9572 Y-216.7425
G1 X149.8811 Y-216.4538
G1 X151.1515 Y-214.4327
G1 X150.7473 Y-215.1834
G1 X151.8444 Y-216.3383
G1 X151.1515 Y-216.8580
G1 X153.5190 Y-217.0312
G1 X154.6739 Y-218.2439
G1 X155.8288 Y-216.5693
G1 X156.4640 Y-217.8397
G1 X155.6556 Y-218.1284
G1 X157.1569 Y-220.7846
G1 X158.0808 Y-215.8764
G1 X158.4851 Y-216.5693
G1 X159.5245 Y-215.5876
G1 X159.2935 Y-214.8947
G1 X157.0992 Y-213.3933
G1 X158.3118 Y-213.9130
G1 X160.0442 Y-213.7398
G1 X159.6977 Y-212.1807
G1 X160.7948 Y-212.1807
G1 X159.8132 Y-210.2751
G1 X162.2385 Y-209.8709
G1 X162.7582 Y-208.4851
G0 X163.2201 Y-208.9470 F15000.0
G1 X163.4511 Y-212.4694 F12000.0
G1 X164.6637 Y-212.8159
G1 X162.1230 Y-214.0863
G1 X163.2201 Y-209.1780
G0 X165.2989 Y-207.7921 F15000.0
G1 X165.9341 Y-210.3906 F12000.0
G1 X165.2989 Y-207.5611
G0 X163.9130 Y-205.2514 F15000.0
G3 X163.6821 Y-205.2514 I-0.1155 J-0.9712 F12000.0
G0 X164.1440 Y-204.3274 F15000.0
G1 X165.5299 Y-204.9049 F12000.0
G1 X165.6454 Y-206.1753
G1 X164.6637 Y-207.9654
G1 X163.9130 Y-204.0965
G0 X166.2228 Y-205.0204 F15000.0
G1 X167.8974 Y-208.1963 F12000.0
G1 X167.3777 Y-210.1019
G1 X168.5904 Y-209.6977
G1 X168.3016 Y-209.4090
G1 X168.9368 Y-209.7554
G1 X168.9368 Y-207.6766
G1 X167.2622 Y-206.5217
G1 X169.7452 Y-207.3879
G1 X169.9762 Y-206.3485
G1 X171.2466 Y-207.0992
G1 X167.3200 Y-206.2330
G1 X166.4538 Y-205.0204
G0 X161.8342 Y-199.7079 F15000.0
G1 X161.8920 Y-200.8628 F12000.0
G1 X158.6583 Y-200.9205
G1 X158.3696 Y-201.4402
G1 X162.0652 Y-199.4769
G0 X159.7554 Y-197.3981 F15000.0
G3 X159.5245 Y-197.6291 I0.4277 J-0.6586 F12000.0
G0 X158.3696 Y-195.5503 F15000.0
G1 X159.3512 Y-198.0910 F12000.0
G1 X161.6033 Y-198.2643
G1 X163.9708 Y-198.4375
G1 X164.0863 Y-197.8601
G1 X164.3173 Y-199.2459
G1 X164.6637 Y-198.7840
G1 X164.5482 Y-199.9966
G1 X162.9891 Y-200.3431
G1 X164.1440 Y-200.6895
G1 X162.8159 Y-199.4769
G1 X163.4511 Y-198.8417
G1 X159.4090 Y-198.3220
G1 X158.3696 Y-195.3193
G0 X158.8315 Y-193.0095 F15000.0
G2 X159.0625 Y-193.0095 I0.1155 J-0.6628 F12000.0
G0 X160.6793 Y-190.6997 F15000.0
G1 X161.2568 Y-191.5082 F12000.0
G1 X159.4667 Y-191.7391
G1 X161.5455 Y-192.3743
G1 X162.0075 Y-193.9912
G1 X160.5639 Y-193.4715
G1 X161.4300 Y-196.3587
G1 X159.8709 Y-196.2432
G1 X159.6977 Y-194.7996
G1 X160.3906 Y-195.1461
G1 X159.8132 Y-193.1827
G1 X161.4300 Y-192.2011
G1 X159.4090 Y-191.2194
G1 X160.7371 Y-190.8152
G1 X159.5822 Y-190.6420
G1 X160.4484 Y-190.4688
G0 X163.2201 Y-193.0095 F15000.0
G1 X162.3539 Y-195.3770 F12000.0
G1 X164.2595 Y-193.8757
G1 X164.4905 Y-194.2221
G1 X163.2201 Y-193.5292
G1 X163.4511 Y-193.2405
G0 X164.8370 Y-190.9307 F15000.0
G1 X165.2989 Y-192.5476 F12000.0
G1 X164.8947 Y-193.7024
G1 X165.0679 Y-190.6997
G0 X166.4538 Y-191.6236 F15000.0
G1 X164.5482 Y-195.3193 F12000.0
G1 X163.9708 Y-195.8967
G1 X164.6060 Y-196.4164
G1 X164.0863 Y-196.8207
G1 X165.0102 Y-197.8023
G1 X164.5482 Y-195.8967
G1 X164.0285 Y-195.4925
G1 X165.5299 Y-194.5686
G1 X167.4932 Y-193.9334
G1 X166.9735 Y-194.4531
G1 X167.0890 Y-192.8940
G1 X166.6848 Y-192.1433
G1 X166.4538 Y-191.8546
G0 X166.2228 Y-193.0095 F15000.0
G1 X165.9341 Y-194.3954 F12000.0
G1 X166.2228 Y-193.2405
G0 X167.3777 Y-195.7812 F15000.0
G1 X168.4171 Y-196.5319 F12000.0
G1 X168.9368 Y-195.9545
G1 X167.6087 Y-196.0122
G0 X159.5245 Y-201.5557 F15000.0
G1 X161.1990 Y-205.3668 F12000.0
G1 X159.1780 Y-202.4796
G1 X159.5245 Y-201.7867
G0 X155.8288 Y-201.5557 F15000.0
G1 X154.0387 Y-204.4429 F12000.0
G1 X157.2147 Y-206.0598
G1 X157.5034 Y-202.5951
G1 X156.6372 Y-203.4613
G1 X156.6950 Y-202.4796
G1 X157.0414 Y-203.3458
G1 X158.9470 Y-203.5190
G1 X159.1202 Y-201.4980
G1 X160.5061 Y-202.2486
G1 X160.8526 Y-203.2880
G1 X164.6060 Y-201.8444
G1 X162.4694 Y-203.6923
G1 X162.5272 Y-202.1332
G1 X161.3145 Y-203.4035
G1 X161.0258 Y-202.9416
G1 X161.4300 Y-205.5978
G1 X164.3173 Y-209.1780
G1 X161.6610 Y-206.4062
G1 X160.5061 Y-206.8105
G1 X161.2568 Y-206.3485
G1 X160.7371 Y-205.7133
G1 X158.1386 Y-204.9626
G1 X156.8105 Y-206.4640
G1 X155.2514 Y-206.4640
G1 X156.0020 Y-207.2147
G1 X154.3274 Y-207.0414
G1 X155.8865 Y-206.8105
G1 X154.7894 Y-206.4062
G1 X154.6162 Y-204.6739
G1 X154.0387 Y-204.0965
G1 X155.8288 Y-201.3247
G0 X154.2120 Y-199.2459 F15000.0
G1 X154.6162 Y-200.2853 F12000.0
G1 X155.0781 Y-200.9783
G1 X153.9232 Y-202.4219
G1 X152.5374 Y-202.7683
G1 X153.5768 Y-201.5557
G1 X153.4035 Y-202.4219
G1 X154.4429 Y-200.4586
G1 X153.9810 Y-199.2459
G0 X152.8261 Y-200.6318 F15000.0
G1 X152.5951 Y-201.2670 F12000.0
G1 X151.7867 Y-201.2670
G1 X152.5951 Y-200.6318
G0 X150.2853 Y-201.5557 F15000.0
G1 X151.2092 Y-202.9416 F12000.0
G1 X150.7473 Y-203.4035
G1 X151.2670 Y-202.4219
G1 X150.0543 Y-201.5557
G0 X147.9755 Y-202.9416 F15000.0
G3 X147.7446 Y-202.7106 I-0.6476 J-0.4166 F12000.0
G0 X147.5066 Y-206.1717 F15000.0
G1 X140.5726 Y-202.4849 F12000.0
G0 X139.1984 Y-202.2486 F15000.0
G3 X138.9674 Y-202.2486 I-0.1155 J-1.3060 F12000.0
G0 X138.7364 Y-202.9416 F15000.0
G1 X138.9096 Y-203.8655 F12000.0
G1 X138.7364 Y-203.1726
G0 X138.1253 Y-201.1836 F15000.0
G1 X133.6386 Y-198.7980 F12000.0
G0 X135.2717 Y-200.4008 F15000.0
G1 X136.5421 Y-202.0754 F12000.0
G1 X135.7914 Y-202.4796
G1 X135.2717 Y-200.6318
G0 X134.8098 Y-202.7106 F15000.0
G3 X134.5788 Y-202.9416 I0.4760 J-0.7070 F12000.0
G0 X138.0435 Y-200.8628 F15000.0
G1 X137.1196 Y-202.8838 F12000.0
G1 X137.5815 Y-203.5190
G1 X135.1562 Y-205.7133
G1 X134.3478 Y-206.4062
G1 X137.9280 Y-203.4613
G1 X137.0618 Y-202.5951
G1 X138.2745 Y-201.0938
G0 X139.8913 Y-199.7079 F15000.0
G1 X140.0645 Y-203.1726 F12000.0
G1 X142.1433 Y-201.9599
G1 X141.1617 Y-200.9205
G1 X140.1223 Y-199.7079
G0 X137.3505 Y-198.5530 F15000.0
G1 X137.0041 Y-200.2276 F12000.0
G1 X136.4266 Y-199.0727
G1 X137.1196 Y-198.5530
G0 X137.1196 Y-196.9361 F15000.0
G1 X139.2561 Y-197.5713 F12000.0
G1 X137.8702 Y-200.4008
G1 X139.0829 Y-197.6868
G1 X137.3505 Y-196.7052
G0 X135.5027 Y-196.7052 F15000.0
G1 X136.3111 Y-198.3220 F12000.0
G1 X136.5421 Y-196.6474
G1 X135.8492 Y-199.2459
G1 X135.2717 Y-196.4742
G0 X138.5054 Y-194.6264 F15000.0
G2 X138.5054 Y-194.3954 I1.2225 J0.1155 F12000.0
G0 X139.4293 Y-196.4742 F15000.0
G1 X140.1800 Y-197.8601 F12000.0
G1 X141.1039 Y-198.5530
G1 X139.0829 Y-200.4008
G1 X139.3139 Y-200.8628
G1 X139.9490 Y-199.0727
G1 X141.4504 Y-198.0333
G1 X139.6603 Y-196.4742
G0 X142.4820 Y-192.9898 F15000.0
G1 X140.6465 Y-192.0139 F12000.0
G0 X143.1250 Y-191.8546 F15000.0
G1 X145.0306 Y-192.7785 F12000.0
G1 X143.3560 Y-191.8546
G0 X144.2799 Y-197.8601 F15000.0
G1 X142.8363 Y-200.7473 F12000.0
G1 X146.0122 Y-200.9783
G1 X144.3376 Y-200.5740
G1 X145.2615 Y-200.2276
G1 X144.9728 Y-199.4192
G1 X143.7024 Y-200.8050
G1 X142.8940 Y-200.5163
G1 X144.5109 Y-197.8601
G0 X143.8179 Y-201.5557 F15000.0
G1 X144.2221 Y-202.0754 F12000.0
G1 X143.5870 Y-202.6529
G1 X143.5870 Y-201.5557
G0 X142.6630 Y-201.5557 F15000.0
G1 X142.3743 Y-203.4613 F12000.0
G1 X140.4110 Y-203.8655
G1 X142.7785 Y-203.2303
G1 X142.6630 Y-201.3247
G0 X142.2011 Y-203.8655 F15000.0
G1 X138.0435 Y-205.9443 F12000.0
G1 X137.5815 Y-206.1175
G1 X136.9463 Y-208.4851
G1 X135.9069 Y-206.2330
G1 X137.5815 Y-204.3274
G1 X133.9436 Y-207.5034
G1 X133.5971 Y-206.9260
G1 X133.8859 Y-207.9076
G1 X133.6549 Y-209.1202
G1 X132.7310 Y-213.3933
G1 X131.6916 Y-213.0469
G1 X131.8648 Y-214.2018
G1 X132.7887 Y-213.4511
G1 X133.7126 Y-210.5639
G1 X133.5394 Y-209.5822
G1 X132.8465 Y-209.0625
G1 X135.6182 Y-206.8105
G1 X134.7520 Y-210.3329
G1 X136.8308 Y-208.6005
G1 X138.0435 Y-211.4300
G1 X137.6393 Y-214.7792
G1 X139.4293 Y-216.0496
G1 X138.8519 Y-215.5876
G1 X139.3716 Y-214.8947
G1 X140.0645 Y-216.0496
G1 X139.8913 Y-214.4327
G1 X140.6420 Y-213.5088
G1 X142.8363 Y-216.8580
G1 X143.9334 Y-217.7242
G1 X143.9334 Y-219.6298
G1 X144.1067 Y-217.7819
G1 X144.7996 Y-217.1467
G1 X143.5292 Y-216.6270
G1 X143.1827 Y-215.5299
G1 X142.0856 Y-215.1834
G1 X143.0673 Y-214.4327
G1 X141.2772 Y-213.6821
G1 X141.6236 Y-213.3933
G1 X139.6026 Y-212.0652
G1 X137.6393 Y-213.3933
G1 X137.5815 Y-210.3329
G1 X135.1562 Y-209.9287
G1 X138.3899 Y-207.2724
G1 X141.1617 Y-209.6977
G1 X142.4321 Y-209.5245
G1 X140.5842 Y-209.5822
G1 X139.2561 Y-208.4273
G1 X138.6209 Y-208.5428
G1 X139.7181 Y-208.7738
G1 X139.6026 Y-210.6793
G1 X139.9490 Y-210.4484
G1 X139.0829 Y-210.4484
G1 X141.4504 Y-211.4300
G1 X143.7024 Y-210.2174
G1 X141.5082 Y-208.3696
G1 X138.7942 Y-206.6950
G1 X142.2588 Y-205.4246
G1 X139.2561 Y-205.9443
G1 X141.3927 Y-205.0781
G1 X142.4321 Y-204.0965
G0 X145.4348 Y-205.9443 F15000.0
G1 X146.0700 Y-208.5428 F12000.0
G1 X144.4531 Y-206.6372
G1 X145.4348 Y-206.1753
G0 X142.6630 Y-208.9470 F15000.0
G1 X142.9518 Y-209.9864 F12000.0
G1 X142.4321 Y-209.1780
G0 X138.2745 Y-209.1780 F15000.0
G2 X138.2745 Y-209.4090 I-0.6009 J-0.1155 F12000.0
G0 X137.3505 Y-211.0258 F15000.0
G1 X134.3478 Y-211.8920 F12000.0
G1 X136.3111 Y-211.9497
G1 X136.3111 Y-214.7215
G1 X136.6576 Y-213.2201
G1 X137.3505 Y-211.2568
G0 X138.5054 Y-212.6427 F15000.0
G1 X139.7181 Y-213.9130 F12000.0
G1 X138.0435 Y-215.7031
G1 X138.2745 Y-212.8736
G0 X138.9674 Y-212.6427 F15000.0
G1 X140.0645 Y-213.3933 F12000.0
G1 X140.2378 Y-212.7004
G1 X138.9674 Y-212.4117
G0 X140.2948 Y-212.8474 F15000.0
G1 X143.3539 Y-214.4739 F12000.0
G0 X140.8152 Y-215.6454 F15000.0
G1 X141.2772 Y-215.7031 F12000.0
G1 X140.9307 Y-216.0496
G1 X142.7208 Y-217.6664
G1 X140.8730 Y-216.4538
G1 X141.5659 Y-217.7242
G1 X141.0462 Y-217.6664
G1 X141.5082 Y-217.2622
G1 X140.4688 Y-216.8580
G1 X140.5842 Y-215.6454
G0 X141.0462 Y-219.1101 F15000.0
G2 X140.8152 Y-219.3410 I0.5898 J-0.8208 F12000.0
G0 X140.8152 Y-220.2649 F15000.0
G2 X140.5842 Y-220.2649 I-0.1155 J-0.6603 F12000.0
G0 X138.7364 Y-220.4959 F15000.0
G1 X140.0068 Y-222.4015 F12000.0
G1 X141.9124 Y-221.8240
G1 X141.3349 Y-221.4198
G1 X143.7602 Y-220.7846
G1 X143.7602 Y-223.5564
G1 X143.0673 Y-224.2493
G1 X144.3376 Y-223.8451
G1 X144.5686 Y-221.0734
G1 X143.9334 Y-225.1732
G1 X142.4898 Y-224.5380
G1 X142.4321 Y-223.8451
G1 X141.6814 Y-224.4803
G1 X140.6420 Y-222.6902
G1 X139.7181 Y-228.0605
G1 X140.2955 Y-229.4463
G1 X138.8519 Y-228.2914
G1 X139.0829 Y-226.2704
G1 X138.3899 Y-226.7901
G1 X137.7548 Y-226.0394
G1 X138.4477 Y-222.0550
G1 X137.0041 Y-223.3832
G1 X138.5054 Y-220.4959
G0 X135.0408 Y-222.8057 F15000.0
G1 X136.4266 Y-223.6141 F12000.0
G1 X134.8098 Y-222.8057
G0 X135.0408 Y-225.3465 F15000.0
G2 X135.2717 Y-225.3465 I0.1155 J-0.7276 F12000.0
G0 X135.5027 Y-226.2704 F15000.0
G1 X134.9253 Y-227.0211 F12000.0
G1 X135.2717 Y-226.5014
G0 X136.4266 Y-226.0394 F15000.0
G1 X136.0224 Y-228.1182 F12000.0
G1 X136.4266 Y-225.8084
G0 X138.5054 Y-228.1182 F15000.0
G1 X137.5815 Y-228.1760 F12000.0
G1 X138.2745 Y-228.3492
G0 X137.5815 Y-229.0421 F15000.0
G1 X139.0829 Y-229.0999 F12000.0
G1 X138.8519 Y-230.0238
G1 X135.8492 Y-231.4096
G1 X136.1379 Y-229.5041
G1 X137.3505 Y-229.2731
G0 X137.5815 Y-230.8899 F15000.0
G1 X136.0224 Y-231.6984 F12000.0
G1 X138.1012 Y-231.7561
G1 X138.7364 Y-230.8322
G1 X137.8125 Y-230.8899
G0 X136.8886 Y-232.2758 F15000.0
G1 X137.8125 Y-234.4124 F12000.0
G1 X136.3689 Y-234.0659
G1 X138.2167 Y-234.5856
G1 X137.1196 Y-232.5068
G0 X140.3533 Y-233.8927 F15000.0
G1 X141.1617 Y-235.3363 F12000.0
G1 X140.3533 Y-234.1236
G0 X140.5842 Y-235.2785 F15000.0
G1 X142.2588 Y-235.7405 F12000.0
G1 X141.4504 Y-236.2024
G1 X140.5842 Y-235.5095
G0 X142.1863 Y-234.8736 F15000.0
G1 X133.2129 Y-230.1024 F12000.0
G0 X132.6011 Y-229.7771 F15000.0
G1 X130.7656 Y-228.8011 F12000.0
G0 X129.3380 Y-228.0421 F15000.0
G1 X128.1144 Y-227.3914 F12000.0
G0 X128.3424 Y-226.9633 F15000.0
G1 X128.5734 Y-226.7323 F12000.0
G0 X126.0326 Y-225.1155 F15000.0
G1 X126.0904 Y-226.2704 F12000.0
G1 X126.0904 Y-225.4042
G1 X125.1664 Y-227.9450
G1 X126.0326 Y-224.8845
G0 X127.1875 Y-223.4986 F15000.0
G1 X127.2452 Y-224.8845 F12000.0
G1 X128.6311 Y-223.0944
G1 X127.1875 Y-223.2677
G0 X125.5707 Y-218.1861 F15000.0
G1 X126.3791 Y-219.8607 F12000.0
G1 X128.5156 Y-219.2255
G1 X127.8804 Y-218.2439
G1 X125.5707 Y-217.9552
G0 X126.9565 Y-215.8764 F15000.0
G3 X127.1875 Y-215.6454 I0.7629 J-0.5319 F12000.0
G0 X128.3922 Y-217.0289 F15000.0
G1 X121.8661 Y-213.5589 F12000.0
G0 X121.1821 Y-215.1834 F15000.0
G1 X122.1060 Y-216.6270 F12000.0
G1 X121.4130 Y-215.4144
G0 X123.2609 Y-215.1834 F15000.0
G1 X125.1664 Y-215.5299 F12000.0
G1 X123.4918 Y-215.1834
G0 X126.0326 Y-213.7976 F15000.0
G1 X125.6284 Y-214.8370 F12000.0
G1 X126.0904 Y-215.0679
G1 X126.2636 Y-213.7976
G0 X127.4185 Y-211.7188 F15000.0
G1 X126.2058 Y-213.2779 F12000.0
G1 X127.6495 Y-211.7188
G0 X124.8777 Y-209.6399 F15000.0
G1 X123.8383 Y-211.7765 F12000.0
G1 X124.8777 Y-209.4090
G0 X124.8777 Y-208.2541 F15000.0
G1 X125.8594 Y-211.5455 F12000.0
G1 X125.2242 Y-212.2385
G1 X124.8777 Y-208.0231
G0 X126.4946 Y-208.0231 F15000.0
G1 X126.5523 Y-209.2357 F12000.0
G1 X126.4946 Y-207.7921
G0 X127.6495 Y-207.5611 F15000.0
G2 X127.8804 Y-207.3302 I1.1563 J-0.9253 F12000.0
G0 X130.6522 Y-206.8682 F15000.0
G1 X132.2113 Y-207.5611 F12000.0
G1 X132.6155 Y-208.1963
G1 X130.8832 Y-206.6372
G0 X131.5253 Y-208.1845 F15000.0
G1 X125.8149 Y-205.1483 F12000.0
G0 X125.5707 Y-202.9416 F15000.0
G1 X126.5523 Y-204.5584 F12000.0
G1 X125.5707 Y-202.7106
G0 X125.5707 Y-201.3247 F15000.0
G1 X126.3213 Y-201.9599 F12000.0
G1 X126.0326 Y-202.5374
G1 X126.7833 Y-201.3825
G1 X125.8016 Y-201.0938
G0 X125.8016 Y-198.7840 F15000.0
G1 X129.5550 Y-200.4008 F12000.0
G1 X126.8988 Y-200.2276
G1 X128.8043 Y-201.2092
G1 X128.3424 Y-201.4980
G1 X129.3240 Y-199.8234
G1 X126.0326 Y-198.7840
G0 X128.9479 Y-196.3039 F15000.0
G1 X129.3558 Y-196.5208 F12000.0
G0 X131.1141 Y-194.8573 F15000.0
G1 X130.9409 Y-195.9545 F12000.0
G1 X131.2296 Y-195.2615
G1 X131.5183 Y-196.8207
G1 X131.3451 Y-195.0883
G0 X131.3451 Y-193.4715 F15000.0
G1 X132.2113 Y-198.4952 F12000.0
G1 X131.5761 Y-193.4715
G0 X131.5761 Y-193.2405 F15000.0
G1 X131.1719 Y-198.3798 F12000.0
G1 X130.7099 Y-197.2826
G1 X130.7099 Y-198.0910
G1 X132.3845 Y-199.0149
G1 X131.8071 Y-193.2405
G0 X128.5734 Y-191.1617 F15000.0
G1 X129.9592 Y-192.7785 F12000.0
G1 X128.3424 Y-191.1617
G0 X126.2636 Y-191.8546 F15000.0
G1 X127.1875 Y-192.1433 F12000.0
G1 X125.8594 Y-193.2982
G1 X126.0326 Y-191.8546
G0 X123.9538 Y-190.6997 F15000.0
G1 X128.9198 Y-193.4715 F12000.0
G1 X127.3030 Y-192.6053
G1 X128.5734 Y-194.2799
G1 X128.0537 Y-194.7996
G1 X129.6128 Y-194.1644
G1 X130.0747 Y-196.8784
G1 X124.9932 Y-194.4531
G1 X127.5917 Y-193.2405
G1 X126.8988 Y-192.3743
G1 X125.8016 Y-193.5870
G1 X124.8200 Y-193.5292
G1 X125.3397 Y-192.4898
G1 X123.7228 Y-190.6997
G0 X125.3397 Y-194.6264 F15000.0
G1 X128.2269 Y-194.9728 F12000.0
G1 X125.5707 Y-194.8573
G0 X119.7962 Y-193.7024 F15000.0
G1 X123.0876 Y-195.1461 F12000.0
G1 X119.5652 Y-193.4715
G0 X117.3883 Y-195.4126 F15000.0
G1 X75.1723 Y-172.9660 F12000.0
G0 X73.3696 Y-172.6834 F15000.0
G1 X67.7683 Y-180.3635 F12000.0
G1 X73.2541 Y-172.7412
G1 X69.9049 Y-176.0904
G1 X68.9232 Y-177.8804
G1 X73.1386 Y-172.6834
G0 X72.9290 Y-171.7732 F15000.0
G1 X5.0164 Y-135.6635 F12000.0
G0 X5.9239 Y-136.1889 F15000.0
G1 X6.7901 Y-136.7086 F12000.0
G1 X5.4042 Y-137.1128
G1 X7.5408 Y-136.3621
G1 X6.1549 Y-136.1889
G0 X5.9239 Y-134.5720 F15000.0
G1 X8.5802 Y-135.6692 F12000.0
G1 X6.3281 Y-135.1495
G1 X8.0605 Y-135.1495
G1 X5.6929 Y-134.5720
G0 X4.9514 Y-130.3738 F15000.0
G1 X34.1151 Y-145.8804 F12000.0
G0 X34.7962 Y-148.8927 F15000.0
G1 X36.3553 Y-149.5856 F12000.0
G1 X35.0272 Y-149.1236
G0 X35.2582 Y-151.6644 F15000.0
G1 X34.8539 Y-151.9531 F12000.0
G1 X36.1821 Y-152.5306
G1 X35.4891 Y-151.6644
G0 X32.0245 Y-148.6617 F15000.0
G1 X33.9300 Y-149.9898 F12000.0
G1 X37.2792 Y-150.2208
G1 X35.6624 Y-150.6250
G1 X36.0088 Y-150.1053
G1 X31.6202 Y-150.9715
G1 X33.2948 Y-150.7982
G1 X31.7935 Y-150.4518
G1 X33.1216 Y-149.9321
G1 X31.6780 Y-148.8927
G1 X30.2344 Y-149.3546
G1 X31.7935 Y-148.6617
G0 X29.9457 Y-150.0476 F15000.0
G1 X30.4076 Y-150.5673 F12000.0
G1 X29.7147 Y-150.0476
G0 X28.7908 Y-152.8193 F15000.0
G1 X28.8485 Y-153.6855 F12000.0
G1 X26.8852 Y-154.0897
G1 X28.5598 Y-152.8193
G0 X28.7386 Y-153.5319 F15000.0
G1 X26.6992 Y-152.4475 F12000.0
G0 X24.4022 Y-149.3546 F15000.0
G1 X25.0374 Y-149.9898 F12000.0
G1 X24.6332 Y-149.9898
G1 X25.0374 Y-149.7011
G1 X24.1712 Y-149.3546
G0 X22.5543 Y-147.0448 F15000.0
G1 X23.0163 Y-147.3913 F12000.0
G1 X21.9192 Y-147.5645
G1 X19.3207 Y-147.6800
G1 X22.0346 Y-147.7378
G1 X22.5543 Y-146.8139
G0 X22.5543 Y-145.4280 F15000.0
G1 X23.8825 Y-146.4674 F12000.0
G1 X22.3234 Y-145.1970
G0 X21.1928 Y-149.5197 F15000.0
G1 X5.0814 Y-140.9531 F12000.0
G0 X8.9266 Y-139.4226 F15000.0
G1 X7.8872 Y-139.5958 F12000.0
G1 X11.1787 Y-140.9817
G1 X8.1182 Y-140.1732
G1 X11.8139 Y-140.6929
G1 X9.1576 Y-139.6535
G0 X12.3913 Y-140.8084 F15000.0
G1 X11.8139 Y-141.7901 F12000.0
G1 X13.4885 Y-140.8084
G1 X12.6223 Y-140.8084
G0 X13.0842 Y-142.1943 F15000.0
G1 X12.2181 Y-144.3886 F12000.0
G1 X14.5279 Y-144.6196
G1 X12.4490 Y-144.0999
G1 X13.2575 Y-143.0027
G1 X15.1630 Y-143.8689
G1 X14.7588 Y-143.9844
G1 X15.1630 Y-143.5802
G1 X13.3152 Y-142.1943
G0 X16.7799 Y-141.0394 F15000.0
G1 X16.9531 Y-142.0788 F12000.0
G1 X14.7588 Y-141.7901
G1 X16.4912 Y-143.3492
G1 X14.9898 Y-142.6562
G1 X17.0109 Y-143.2337
G1 X17.3573 Y-141.2126
G1 X18.0503 Y-141.0394
G1 X17.0109 Y-141.0394
G0 X17.9348 Y-138.4986 F15000.0
G1 X18.0503 Y-139.3071 F12000.0
G1 X22.7853 Y-139.7690
G1 X18.1658 Y-138.4986
G0 X19.0897 Y-138.4986 F15000.0
G1 X23.5938 Y-139.3071 F12000.0
G1 X19.3207 Y-138.7296
G0 X14.2391 Y-135.4959 F15000.0
G1 X16.0292 Y-136.1311 F12000.0
G1 X14.0082 Y-135.4959
G0 X16.8517 Y-130.1324 F15000.0
G1 X13.7926 Y-128.5058 F12000.0
G0 X15.1630 Y-126.4878 F15000.0
G1 X14.7011 Y-127.1807 F12000.0
G1 X15.7405 Y-126.4878
G1 X16.8376 Y-128.4511
G1 X14.8743 Y-128.2779
G1 X16.8376 Y-127.5272
G1 X15.3940 Y-126.4878
G0 X15.6975 Y-126.8911 F15000.0
G1 X16.1054 Y-127.1080 F12000.0
G0 X18.2143 Y-125.6017 F15000.0
G1 X14.1354 Y-123.4330 F12000.0
G0 X14.7484 Y-121.7882 F15000.0
G1 X21.4785 Y-125.3667 F12000.0
G0 X18.2826 Y-124.9812 F15000.0
G1 X16.2432 Y-123.8968 F12000.0
G0 X18.8587 Y-129.0285 F15000.0
G2 X19.0897 Y-129.0285 I0.1155 J-0.7445 F12000.0
G0 X21.8614 Y-131.8003 F15000.0
G1 X25.9035 Y-132.6664 F12000.0
G1 X22.0924 Y-132.0312
G0 X23.0394 Y-130.7949 F15000.0
G1 X28.9537 Y-133.9396 F12000.0
G0 X29.8378 Y-133.7528 F15000.0
G1 X23.5157 Y-130.3912 F12000.0
G0 X23.2473 Y-129.9524 F15000.0
G1 X23.9402 Y-131.4538 F12000.0
G1 X22.3234 Y-131.3961
G1 X23.6515 Y-131.1651
G1 X23.2473 Y-129.7215
G0 X23.7092 Y-129.0285 F15000.0
G1 X24.6332 Y-129.8370 F12000.0
G1 X23.2473 Y-129.0863
G1 X22.6698 Y-129.7215
G1 X23.4783 Y-128.7976
G0 X24.2642 Y-129.4754 F15000.0
G1 X34.4613 Y-134.8973 F12000.0
G0 X34.1033 Y-132.0312 F15000.0
G1 X33.9300 Y-133.0129 F12000.0
G1 X34.1033 Y-131.8003
G0 X35.9511 Y-131.8003 F15000.0
G1 X35.0272 Y-133.7058 F12000.0
G1 X36.1243 Y-133.8791
G1 X36.1821 Y-131.5693
G0 X36.6440 Y-129.0285 F15000.0
G1 X34.9117 Y-132.9552 F12000.0
G1 X34.5652 Y-131.7425
G1 X35.1427 Y-134.1101
G1 X37.0482 Y-133.6481
G1 X36.1821 Y-133.2439
G1 X37.3370 Y-131.8580
G1 X39.8777 Y-131.2228
G1 X37.6834 Y-132.7242
G1 X37.6257 Y-131.9735
G1 X38.4918 Y-131.2806
G1 X36.8750 Y-129.0285
G0 X39.4158 Y-126.7188 F15000.0
G1 X39.4158 Y-129.9524 F12000.0
G1 X38.9538 Y-128.1046
G1 X39.8777 Y-126.9497
G1 X40.7439 Y-129.3173
G1 X39.6467 Y-126.7188
G0 X38.4918 Y-122.7921 F15000.0
G3 X38.2609 Y-122.5611 I-0.6641 J-0.4331 F12000.0
G0 X40.8016 Y-120.7133 F15000.0
G1 X42.1298 Y-122.3879 F12000.0
G1 X42.8804 Y-121.4640
G1 X41.7255 Y-122.1569
G1 X41.8988 Y-120.8865
G1 X42.3030 Y-121.2330
G1 X41.0326 Y-120.9443
G0 X45.1435 Y-124.1549 F15000.0
G1 X23.3217 Y-112.5520 F12000.0
G0 X21.8614 Y-113.3220 F15000.0
G1 X21.8614 Y-115.9205 F12000.0
G1 X21.4572 Y-116.1515
G1 X22.4389 Y-117.1332
G1 X22.6121 Y-118.5768
G1 X22.6698 Y-115.7473
G1 X22.7853 Y-116.7289
G1 X22.4389 Y-115.1121
G1 X25.1529 Y-115.8050
G1 X25.9035 Y-114.1304
G1 X24.4022 Y-115.9205
G1 X21.8614 Y-113.5530
G0 X20.9375 Y-116.5557 F15000.0
G1 X21.3995 Y-116.7289 F12000.0
G1 X18.5122 Y-117.1332
G1 X18.3967 Y-118.5768
G1 X18.6855 Y-116.9599
G1 X20.7065 Y-116.5557
G0 X17.5419 Y-112.1064 F15000.0
G1 X45.8898 Y-127.1793 F12000.0
G0 X43.8043 Y-129.0285 F15000.0
G1 X45.0170 Y-129.3750 F12000.0
G1 X43.9776 Y-129.2018
G1 X44.4973 Y-131.6848
G1 X43.5734 Y-128.7976
G0 X43.3047 Y-129.0892 F15000.0
G1 X13.9371 Y-113.4741 F12000.0
G0 X10.2617 Y-119.4026 F15000.0
G1 X4.9592 Y-116.5832 F12000.0
G0 X4.8908 Y-117.2038 F15000.0
G1 X46.6989 Y-139.4335 F12000.0
G0 X47.3107 Y-139.7588 F15000.0
G1 X48.9422 Y-140.6263 F12000.0
G0 X49.2829 Y-139.4936 F15000.0
G1 X5.0275 Y-115.9627 F12000.0
G0 X5.0286 Y-113.9926 F15000.0
G1 X6.8641 Y-114.9685 F12000.0
G0 X5.0264 Y-117.9327 F15000.0
G1 X9.7171 Y-120.4268 F12000.0
G0 X10.0566 Y-121.2642 F15000.0
G1 X4.9581 Y-118.5533 F12000.0
G0 X4.8897 Y-119.1738 F15000.0
G1 X8.7646 Y-121.2342 F12000.0
G0 X8.6957 Y-121.4062 F15000.0
G1 X8.2337 Y-124.6977 F12000.0
G1 X5.1732 Y-124.4090
G1 X8.3492 Y-123.1386
G1 X7.3098 Y-123.3696
G1 X8.4647 Y-121.4062
G0 X8.2200 Y-122.2584 F15000.0
G1 X4.9570 Y-120.5234 F12000.0
G0 X4.8886 Y-121.1439 F15000.0
G1 X9.3753 Y-123.5295 F12000.0
G0 X8.2873 Y-123.6079 F15000.0
G1 X5.0242 Y-121.8729 F12000.0
G0 X4.9558 Y-122.4934 F15000.0
G1 X31.2643 Y-136.4819 F12000.0
G0 X29.7147 Y-135.7269 F15000.0
G3 X29.4837 Y-135.7269 I-0.1155 J-0.8002 F12000.0
G0 X26.7120 Y-132.9552 F15000.0
G1 X52.5815 Y-140.5774 F12000.0
G1 X26.4810 Y-132.9552
G0 X24.6026 Y-132.2829 F15000.0
G1 X23.9908 Y-131.9576 F12000.0
G0 X27.4049 Y-129.9524 F15000.0
G1 X27.5204 Y-131.4538 F12000.0
G1 X29.7147 Y-131.1651
G1 X27.6359 Y-130.7609
G1 X27.6359 Y-130.1834
G0 X27.1216 Y-127.0534 F15000.0
G1 X50.5749 Y-139.5237 F12000.0
G0 X50.2717 Y-138.4986 F15000.0
G1 X57.8940 Y-142.5985 F12000.0
G1 X63.6685 Y-143.5802
G1 X63.4375 Y-140.9239
G1 X64.2459 Y-140.7507
G1 X64.4192 Y-139.0761
G1 X65.1121 Y-139.4803
G1 X64.1304 Y-142.4830
G1 X63.6107 Y-143.9844
G1 X75.3329 Y-145.8322
G1 X50.0408 Y-138.2677
G0 X48.2609 Y-142.8916 F15000.0
G1 X5.0253 Y-119.9028 F12000.0
G0 X4.8875 Y-123.1140 F15000.0
G1 X7.7427 Y-124.6321 F12000.0
G0 X7.4704 Y-125.1442 F15000.0
G1 X5.0231 Y-123.8430 F12000.0
G0 X4.9547 Y-124.4635 F15000.0
G1 X5.7705 Y-124.8973 F12000.0
G0 X4.8864 Y-125.0841 F15000.0
G1 X174.7698 Y-215.4127 F12000.0
G0 X172.9993 Y-219.7265 F15000.0
G1 X174.8348 Y-220.7024 F12000.0
G0 X174.7690 Y-222.8057 F15000.0
G1 X173.9029 Y-224.5958 F12000.0
G1 X174.7690 Y-223.0367
G0 X174.6959 Y-225.8836 F15000.0
G1 X128.8090 Y-201.4852 F12000.0
G0 X130.1902 Y-201.3247 F15000.0
G1 X132.9042 Y-201.7867 F12000.0
G1 X133.3084 Y-203.6923
G1 X129.8438 Y-202.0177
G1 X130.3057 Y-201.5557
G1 X130.4212 Y-201.5557
G0 X130.8832 Y-199.9389 F15000.0
G1 X130.7677 Y-200.8628 F12000.0
G1 X133.4239 Y-201.0360
G1 X131.1141 Y-199.9389
G0 X130.1902 Y-203.4035 F15000.0
G1 X128.5734 Y-204.1542 F12000.0
G1 X129.9592 Y-203.6345
G0 X134.5844 Y-209.8111 F15000.0
G1 X135.1962 Y-210.1364 F12000.0
G0 X133.6549 Y-212.8736 F15000.0
G1 X134.9830 Y-213.4511 F12000.0
G1 X134.2901 Y-216.1651
G1 X135.2140 Y-216.4538
G1 X132.8465 Y-215.9341
G1 X132.5000 Y-215.0102
G1 X133.1352 Y-216.2806
G1 X133.9436 Y-214.0285
G1 X133.4239 Y-214.2595
G1 X133.4239 Y-212.8736
G0 X135.9647 Y-216.1073 F15000.0
G1 X135.3295 Y-216.9735 F12000.0
G1 X134.0591 Y-217.1467
G1 X134.5788 Y-217.5510
G1 X134.0591 Y-216.8580
G1 X136.5421 Y-216.2806
G1 X135.9647 Y-216.3383
G0 X131.4513 Y-218.6555 F15000.0
G1 X130.4316 Y-218.1133 F12000.0
G0 X129.9592 Y-217.9552 F15000.0
G1 X131.3451 Y-219.1678 F12000.0
G1 X129.2086 Y-218.4749
G1 X129.7283 Y-217.9552
G0 X120.7201 Y-220.7269 F15000.0
G1 X120.0272 Y-222.6325 F12000.0
G1 X120.6624 Y-222.8635
G1 X119.7962 Y-223.9606
G1 X120.4891 Y-220.7269
G0 X119.5488 Y-222.8370 F15000.0
G1 X47.7613 Y-184.6670 F12000.0
G0 X49.3478 Y-183.7704 F15000.0
G1 X50.0408 Y-185.5027 F12000.0
G1 X48.6549 Y-185.2140
G1 X49.6943 Y-186.3111
G1 X47.6732 Y-185.9069
G1 X47.9620 Y-185.5605
G1 X44.3818 Y-186.0802
G1 X44.5550 Y-184.8675
G1 X42.6495 Y-185.2140
G1 X43.1114 Y-185.2717
G1 X43.2846 Y-184.6365
G1 X44.9015 Y-186.1379
G1 X45.4789 Y-185.9069
G1 X45.5367 Y-187.0618
G1 X45.9986 Y-185.6760
G1 X46.1719 Y-186.4266
G1 X46.4606 Y-185.5605
G1 X49.6943 Y-186.3111
G1 X51.2534 Y-185.2717
G1 X49.5788 Y-183.7704
G0 X53.2745 Y-182.1535 F15000.0
G1 X52.9280 Y-182.5577 F12000.0
G1 X55.2955 Y-181.8648
G1 X53.5054 Y-181.9226
G0 X53.2745 Y-180.3057 F15000.0
G1 X53.6787 Y-181.6338 F12000.0
G1 X55.5842 Y-182.2113
G1 X52.6393 Y-183.0197
G1 X53.0435 Y-180.3057
G0 X53.0435 Y-177.7649 F15000.0
G1 X52.9857 Y-179.0931 F12000.0
G1 X55.3533 Y-179.0353
G1 X55.8730 Y-178.3424
G1 X55.0068 Y-179.2663
G1 X53.6209 Y-179.2663
G1 X54.9490 Y-180.7099
G1 X52.8702 Y-178.7466
G1 X53.0435 Y-177.5340
G0 X53.0435 Y-176.3791 F15000.0
G3 X52.8125 Y-176.3791 I-0.1155 J-1.2187 F12000.0
G0 X51.4266 Y-176.3791 F15000.0
G1 X51.0802 Y-178.2269 F12000.0
G1 X51.8886 Y-179.6128
G1 X51.0802 Y-181.4606
G1 X45.7099 Y-181.1719
G1 X47.8465 Y-180.5944
G1 X49.8675 Y-181.4029
G1 X51.6576 Y-178.9776
G1 X50.9069 Y-178.8621
G1 X50.9069 Y-179.9015
G1 X50.7337 Y-177.4185
G1 X51.1957 Y-176.3791
G0 X50.4865 Y-175.6057 F15000.0
G1 X54.9732 Y-177.9913 F12000.0
G0 X54.8913 Y-177.0720 F15000.0
G1 X54.7181 Y-177.7649 F12000.0
G1 X55.1223 Y-177.0720
G0 X57.8940 Y-179.3818 F15000.0
G1 X56.5082 Y-180.1902 F12000.0
G1 X57.3743 Y-180.5367
G1 X53.7364 Y-184.1168
G1 X48.0774 Y-183.3084
G1 X47.4423 Y-185.2717
G1 X48.6549 Y-184.0591
G1 X48.8281 Y-182.9620
G1 X51.7154 Y-183.7126
G1 X50.5027 Y-184.2323
G1 X52.1196 Y-184.0014
G1 X55.9307 Y-185.4450
G1 X53.5054 Y-186.1379
G1 X53.8519 Y-185.8492
G1 X53.3322 Y-186.4266
G1 X55.2955 Y-186.8308
G1 X57.8363 Y-184.8675
G1 X56.4504 Y-185.5605
G1 X59.2799 Y-184.4056
G1 X60.1461 Y-184.6943
G1 X60.4925 Y-184.2323
G1 X57.6053 Y-184.3478
G1 X55.9307 Y-185.0985
G1 X54.7758 Y-183.7126
G1 X56.7391 Y-183.8859
G1 X55.2378 Y-183.1352
G1 X57.3743 Y-180.7099
G1 X58.2405 Y-179.9015
G1 X58.0095 Y-180.5944
G1 X59.1067 Y-179.9592
G1 X58.1250 Y-179.3818
G0 X57.8284 Y-179.5095 F15000.0
G1 X59.2560 Y-180.2685 F12000.0
G0 X60.0717 Y-180.7023 F15000.0
G1 X61.2954 Y-181.3529 F12000.0
G0 X60.4348 Y-180.3057 F15000.0
G1 X58.9912 Y-182.0380 F12000.0
G1 X60.7235 Y-181.6916
G1 X60.1461 Y-183.1929
G1 X60.2038 Y-182.0958
G1 X58.0673 Y-182.0958
G1 X58.1827 Y-181.2874
G1 X60.2038 Y-180.3057
G0 X61.4299 Y-184.0520 F15000.0
G1 X70.1994 Y-188.7148 F12000.0
G0 X69.5875 Y-188.3895 F15000.0
G1 X66.5284 Y-186.7629 F12000.0
G0 X65.9166 Y-186.4376 F15000.0
G1 X64.6929 Y-185.7870 F12000.0
G0 X63.0614 Y-184.9195 F15000.0
G1 X62.0417 Y-184.3773 F12000.0
G0 X61.7694 Y-184.8894 F15000.0
G1 X69.3152 Y-188.9016 F12000.0
G1 X61.5655 Y-184.7810 F12000.0
G0 X61.2932 Y-185.2931 F15000.0
G1 X69.2469 Y-189.5221 F12000.0
G0 X69.0430 Y-189.4137 F15000.0
G1 X61.7011 Y-185.5099 F12000.0
G0 X61.4288 Y-186.0221 F15000.0
G1 X68.7707 Y-189.9258 F12000.0
G0 X68.5667 Y-189.8174 F15000.0
G1 X61.6327 Y-186.1305 F12000.0
G0 X61.3604 Y-186.6426 F15000.0
G1 X68.2944 Y-190.3295 F12000.0
G0 X68.0221 Y-190.8416 F15000.0
G1 X61.0881 Y-187.1547 F12000.0
G0 X60.6802 Y-186.9378 F15000.0
G1 X68.2261 Y-190.9500 F12000.0
G0 X68.1577 Y-191.5706 F15000.0
G1 X60.4079 Y-187.4499 F12000.0
G0 X60.8158 Y-187.6668 F15000.0
G1 X67.7498 Y-191.3537 F12000.0
G0 X67.6815 Y-191.9742 F15000.0
G1 X60.3396 Y-188.0705 F12000.0
G0 X60.7475 Y-188.2874 F15000.0
G1 X67.6815 Y-191.9742 F12000.0
G0 X67.6131 Y-192.5948 F15000.0
G1 X60.4752 Y-188.7995 F12000.0
G0 X59.9989 Y-189.2031 F15000.0
G1 X67.5448 Y-193.2153 F12000.0
G0 X68.2250 Y-192.9201 F15000.0
G1 X59.6594 Y-188.3657 F12000.0
G0 X59.7950 Y-189.0947 F15000.0
G1 X68.3606 Y-193.6491 F12000.0
G0 X68.7001 Y-194.4865 F15000.0
G1 X59.9306 Y-189.8237 F12000.0
G0 X59.4544 Y-190.2274 F15000.0
G1 X95.5520 Y-209.4208 F12000.0
G0 X95.1442 Y-209.2040 F15000.0
G1 X60.2701 Y-190.6611 F12000.0
G0 X59.9978 Y-191.1732 F15000.0
G1 X95.0758 Y-209.8245 F12000.0
G0 X94.8505 Y-209.8709 F15000.0
G1 X93.9844 Y-214.9524 F12000.0
G1 X94.8505 Y-209.6399
G0 X95.4153 Y-210.6619 F15000.0
G1 X59.5216 Y-191.5769 F12000.0
G0 X58.8414 Y-191.8721 F15000.0
G1 X95.3470 Y-211.2825 F12000.0
G0 X95.2786 Y-211.9030 F15000.0
G1 X57.5494 Y-191.8421 F12000.0
G0 X56.9376 Y-191.5167 F15000.0
G1 X95.6865 Y-212.1199 F12000.0
G0 X95.6182 Y-212.7405 F15000.0
G1 X56.8692 Y-192.1373 F12000.0
G0 X56.3930 Y-192.5410 F15000.0
G1 X95.7537 Y-213.4694 F12000.0
G0 X95.5498 Y-213.3610 F15000.0
G1 X56.8009 Y-192.7578 F12000.0
G0 X56.5286 Y-193.2699 F15000.0
G1 X95.4815 Y-213.9815 F12000.0
G0 X95.4131 Y-214.6021 F15000.0
G1 X56.2563 Y-193.7821 F12000.0
G0 X56.0524 Y-193.6736 F15000.0
G1 X95.8210 Y-214.8190 F12000.0
G0 X95.3448 Y-215.2226 F15000.0
G1 X55.9840 Y-194.2942 F12000.0
G0 X55.7117 Y-194.8063 F15000.0
G1 X95.0725 Y-215.7348 F12000.0
G0 X95.4120 Y-216.5722 F15000.0
G1 X55.6434 Y-195.4268 F12000.0
G0 X55.2355 Y-195.2099 F15000.0
G1 X101.1224 Y-219.6084 F12000.0
G0 X100.7817 Y-220.7411 F15000.0
G1 X53.4672 Y-195.5835 F12000.0
G0 X53.9424 Y-197.1499 F15000.0
G1 X100.4411 Y-221.8737 F12000.0
G0 X100.3727 Y-222.4943 F15000.0
G1 X54.2819 Y-197.9874 F12000.0
G0 X54.6898 Y-198.2042 F15000.0
G1 X99.7609 Y-222.1690 F12000.0
G0 X99.4214 Y-221.3316 F15000.0
G1 X54.7581 Y-197.5837 F12000.0
G0 X54.8265 Y-196.9631 F15000.0
G1 X96.6345 Y-219.1929 F12000.0
G0 X96.2364 Y-219.1101 F15000.0
G1 X92.3675 Y-226.7323 F12000.0
G1 X96.2364 Y-219.3410
G0 X96.2950 Y-218.3555 F15000.0
G1 X55.0988 Y-196.4510 F12000.0
G0 X55.3711 Y-195.9389 F15000.0
G1 X96.1594 Y-217.6265 F12000.0
G0 X97.5870 Y-218.3855 F15000.0
G1 X55.1671 Y-195.8305 F12000.0
G0 X54.6225 Y-196.8547 F15000.0
G1 X99.4897 Y-220.7110 F12000.0
G0 X100.7122 Y-223.3317 F15000.0
G1 X54.4175 Y-198.7164 F12000.0
G0 X54.1452 Y-199.2285 F15000.0
G1 X100.6439 Y-223.9523 F12000.0
G0 X100.8478 Y-224.0607 F15000.0
G1 X53.9412 Y-199.1200 F12000.0
G0 X53.4650 Y-199.5237 F15000.0
G1 X101.1874 Y-224.8981 F12000.0
G0 X100.9151 Y-225.4102 F15000.0
G1 X53.8045 Y-200.3611 F12000.0
G0 X54.0085 Y-200.4696 F15000.0
G1 X100.7111 Y-225.3018 F12000.0
G0 X100.6428 Y-225.9223 F15000.0
G1 X53.9401 Y-201.0901 F12000.0
G0 X53.6678 Y-201.6022 F15000.0
G1 X100.5744 Y-226.5429 F12000.0
G0 X100.7784 Y-226.6513 F15000.0
G1 X53.2600 Y-201.3853 F12000.0
G0 X52.7837 Y-201.7890 F15000.0
G1 X101.1179 Y-227.4888 F12000.0
G0 X100.7100 Y-227.2719 F15000.0
G1 X53.3955 Y-202.1143 F12000.0
G0 X53.1233 Y-202.6264 F15000.0
G1 X100.6417 Y-227.8924 F12000.0
G1 X52.7154 Y-202.4096 F12000.0
G0 X52.6470 Y-203.0301 F15000.0
G1 X100.3694 Y-228.4045 F12000.0
G0 X100.8560 Y-228.3492 F15000.0
G3 X100.8560 Y-228.5802 I1.2931 J-0.1155 F12000.0
G0 X100.0971 Y-228.9166 F15000.0
G1 X52.1708 Y-203.4338 F12000.0
G0 X52.3747 Y-203.5422 F15000.0
G1 X100.0971 Y-228.9166 F12000.0
G0 X100.0287 Y-229.5372 F15000.0
G1 X51.6945 Y-203.8374 F12000.0
G0 X52.1024 Y-204.0543 F15000.0
G1 X99.6208 Y-229.3203 F12000.0
G0 X99.5525 Y-229.9409 F15000.0
G1 X51.6262 Y-204.4580 F12000.0
G1 X99.7564 Y-230.0493 F12000.0
G0 X99.6881 Y-230.6698 F15000.0
G1 X51.3539 Y-204.9701 F12000.0
G0 X50.9460 Y-204.7532 F15000.0
G1 X100.7078 Y-231.2120 F12000.0
G0 X100.4355 Y-231.7241 F15000.0
G1 X51.0816 Y-205.4822 F12000.0
G1 X100.0276 Y-231.5073 F12000.0
G0 X99.9593 Y-232.1278 F15000.0
G1 X51.0133 Y-206.1028 F12000.0
G0 X50.8093 Y-205.9943 F15000.0
G1 X101.5908 Y-232.9953 F12000.0
G0 X101.3185 Y-233.5074 F15000.0
G1 X50.7410 Y-206.6149 F12000.0
G0 X50.9449 Y-206.7233 F15000.0
G1 X99.6870 Y-232.6399 F12000.0
G0 X99.6186 Y-233.2605 F15000.0
G1 X50.8766 Y-207.3439 F12000.0
G0 X50.8082 Y-207.9644 F15000.0
G1 X101.9976 Y-235.1823 F12000.0
G0 X102.5410 Y-236.1281 F15000.0
G1 X50.3320 Y-208.3681 F12000.0
G0 X49.8098 Y-208.4851 F15000.0
G3 X49.5788 Y-208.2541 I-1.3108 J-1.0798 F12000.0
G0 X49.3123 Y-207.8259 F15000.0
G1 X47.8847 Y-207.0668 F12000.0
G0 X47.9620 Y-205.9443 F15000.0
G1 X46.6916 Y-209.6977 F12000.0
G1 X46.3451 Y-208.2541
G1 X46.3451 Y-208.6583
G1 X47.5000 Y-207.0992
G1 X46.9803 Y-209.1780
G1 X49.0591 Y-206.9837
G1 X48.1929 Y-205.7133
G0 X48.0214 Y-205.8257 F15000.0
G1 X104.1053 Y-235.6461 F12000.0
G0 X102.2687 Y-236.6402 F15000.0
G1 X50.8754 Y-209.3139 F12000.0
G1 X100.0254 Y-235.4474 F12000.0
G0 X99.8898 Y-234.7184 F15000.0
G1 X50.9438 Y-208.6934 F12000.0
G0 X51.0121 Y-208.0728 F15000.0
G1 X99.9581 Y-234.0979 F12000.0
G0 X100.5689 Y-236.3933 F15000.0
G1 X51.2150 Y-210.1514 F12000.0
G0 X51.1466 Y-210.7719 F15000.0
G1 X102.5399 Y-238.0982 F12000.0
G0 X102.0637 Y-238.5019 F15000.0
G1 X51.6901 Y-211.7178 F12000.0
G0 X51.2822 Y-211.5009 F15000.0
G1 X102.6755 Y-238.8272 F12000.0
G0 X102.1993 Y-239.2309 F15000.0
G1 X51.8257 Y-212.4468 F12000.0
G0 X51.6217 Y-212.3383 F15000.0
G1 X102.8111 Y-239.5562 F12000.0
G0 X102.3349 Y-239.9599 F15000.0
G1 X51.9613 Y-213.1757 F12000.0
G0 X51.6890 Y-213.6878 F15000.0
G1 X66.3728 Y-221.4954 F12000.0
G0 X66.1688 Y-221.3869 F15000.0
G1 X51.8929 Y-213.7963 F12000.0
G0 X51.4167 Y-214.2000 F15000.0
G1 X65.6926 Y-221.7906 F12000.0
G0 X65.2847 Y-221.5737 F15000.0
G1 X51.8246 Y-214.4168 F12000.0
G0 X51.5523 Y-214.9289 F15000.0
G1 X64.8085 Y-221.9774 F12000.0
G0 X64.4006 Y-221.7605 F15000.0
G1 X51.9602 Y-215.1458 F12000.0
G0 X51.8918 Y-215.7664 F15000.0
G1 X63.5165 Y-221.9473 F12000.0
G0 X62.6324 Y-222.1341 F15000.0
G1 X51.8235 Y-216.3869 F12000.0
G1 X62.6324 Y-222.1341 F12000.0
G0 X62.3601 Y-222.6462 F15000.0
G1 X51.5512 Y-216.8990 F12000.0
G0 X51.1957 Y-217.2622 F15000.0
G1 X50.2140 Y-218.6481 F12000.0
G1 X50.6760 Y-219.5143
G1 X51.1957 Y-217.4932
G0 X52.1630 Y-217.2243 F15000.0
G1 X61.9522 Y-222.4293 F12000.0
G0 X61.2720 Y-222.7246 F15000.0
G1 X52.2986 Y-217.9533 F12000.0
G0 X52.5025 Y-218.0618 F15000.0
G1 X61.0681 Y-222.6161 F12000.0
G0 X60.3879 Y-222.9114 F15000.0
G1 X53.0460 Y-219.0076 F12000.0
G0 X53.1816 Y-219.7366 F15000.0
G1 X59.9117 Y-223.3150 F12000.0
G1 X53.7934 Y-220.0619 F12000.0
G0 X53.9290 Y-220.7909 F15000.0
G1 X59.4354 Y-223.7187 F12000.0
G0 X59.2315 Y-223.6103 F15000.0
G1 X55.5605 Y-221.6584 F12000.0
G0 X56.9198 Y-223.0380 F15000.0
G1 X57.9395 Y-223.5802 F12000.0
G0 X57.8711 Y-224.2008 F15000.0
G1 X60.5224 Y-225.6104 F12000.0
G0 X61.1277 Y-225.8084 F15000.0
G3 X61.1277 Y-226.0394 I1.2531 J-0.1155 F12000.0
G0 X61.5897 Y-228.3492 F15000.0
G1 X62.1094 Y-229.6773 F12000.0
G1 X61.3587 Y-230.5435
G1 X61.3587 Y-228.5802
G0 X58.3560 Y-228.3492 F15000.0
G1 X59.3954 Y-230.8899 F12000.0
G1 X58.1250 Y-228.3492
G0 X56.7391 Y-229.2731 F15000.0
G1 X57.4898 Y-229.3886 F12000.0
G1 X58.1827 Y-229.4463
G1 X57.9518 Y-230.2548
G1 X57.7208 Y-231.1787
G1 X56.5659 Y-230.6590
G1 X57.9518 Y-230.3125
G1 X56.5082 Y-229.2731
G0 X55.8152 Y-230.8899 F15000.0
G1 X56.5659 Y-231.4674 F12000.0
G1 X55.6997 Y-232.3336
G1 X54.3139 Y-231.6984
G1 X54.4293 Y-234.5279
G1 X53.9674 Y-234.8743
G1 X55.6420 Y-232.5068
G1 X56.6236 Y-231.7561
G1 X58.4715 Y-232.2181
G1 X56.0462 Y-231.1209
G0 X57.6630 Y-233.4307 F15000.0
G1 X59.5109 Y-235.9137 F12000.0
G1 X59.9151 Y-235.6827
G1 X58.0095 Y-234.7011
G1 X57.6630 Y-233.6617
G0 X57.4321 Y-234.8166 F15000.0
G1 X54.4871 Y-237.6461 F12000.0
G1 X53.6787 Y-236.2602
G1 X52.3505 Y-236.7221
G1 X52.8702 Y-236.3179
G1 X50.7337 Y-236.6644
G1 X52.9280 Y-238.2812
G1 X53.1590 Y-237.7615
G1 X52.7548 Y-238.0503
G1 X54.1406 Y-236.2602
G1 X51.5421 Y-240.9375
G1 X52.4083 Y-242.4966
G1 X53.6787 Y-242.4966
G1 X52.3505 Y-243.7670
G1 X53.2745 Y-244.2867
G1 X52.3505 Y-244.6909
G1 X51.8308 Y-244.4599
G1 X52.4660 Y-245.7303
G1 X51.1379 Y-245.7880
G1 X51.6576 Y-245.0951
G1 X50.9069 Y-247.4626
G1 X50.1562 Y-246.6542
G1 X51.0802 Y-249.2527
G1 X47.8465 Y-249.8302
G1 X46.9226 Y-249.5992
G1 X48.0197 Y-250.6963
G1 X48.7704 Y-250.2344
G1 X49.2901 Y-250.8118
G1 X47.0380 Y-251.5048
G1 X48.3084 Y-252.8906
G1 X48.7704 Y-251.8512
G1 X48.9436 Y-252.3709
G1 X49.4056 Y-250.9851
G1 X49.5788 Y-251.3893
G1 X49.1168 Y-249.5992
G1 X50.2140 Y-249.0795
G1 X53.1590 Y-248.9062
G1 X53.9674 Y-248.7908
G1 X50.3872 Y-251.2738
G1 X54.7181 Y-249.6569
G1 X57.4321 Y-251.7935
G1 X57.6630 Y-249.3682
G1 X56.7391 Y-250.6386
G1 X54.7181 Y-249.3105
G1 X53.8519 Y-249.1372
G1 X54.4293 Y-248.3865
G1 X54.4871 Y-247.2317
G1 X53.0435 Y-244.4022
G1 X54.9490 Y-245.2683
G1 X57.0279 Y-246.0768
G1 X55.2378 Y-245.7880
G1 X54.4293 Y-244.2289
G1 X56.1617 Y-244.5754
G1 X60.2038 Y-246.0768
G1 X59.8573 Y-244.0557
G1 X58.4137 Y-243.7092
G1 X57.4898 Y-245.3261
G1 X57.6630 Y-243.9402
G1 X57.2588 Y-242.5543
G1 X56.8546 Y-241.9192
G1 X56.6814 Y-242.5543
G1 X55.1223 Y-240.8798
G1 X56.7969 Y-239.2629
G1 X57.4321 Y-239.5516
G1 X56.9701 Y-239.8404
G1 X58.8757 Y-239.4939
G1 X58.5870 Y-238.9164
G1 X59.7996 Y-239.6094
G1 X58.1827 Y-240.8220
G1 X61.3587 Y-242.0346
G1 X62.1094 Y-241.7459
G1 X62.2249 Y-242.2079
G1 X61.7629 Y-241.6304
G1 X62.1671 Y-239.3784
G1 X62.3981 Y-239.7249
G1 X63.1488 Y-238.5122
G1 X61.7052 Y-240.6488
G1 X64.2459 Y-240.9952
G1 X63.4375 Y-241.5149
G1 X64.8811 Y-237.8193
G1 X64.4192 Y-238.8010
G1 X62.3404 Y-237.5306
G1 X61.6474 Y-237.8770
G1 X60.8967 Y-235.3940
G1 X61.4164 Y-236.1447
G1 X62.3981 Y-237.8770
G1 X62.9178 Y-237.5306
G1 X60.3770 Y-238.2812
G1 X59.3376 Y-238.1080
G1 X59.6841 Y-239.7826
G1 X57.7208 Y-238.6855
G1 X55.0068 Y-240.6488
G1 X54.1984 Y-240.3023
G1 X54.4293 Y-240.9952
G1 X52.9280 Y-240.6488
G1 X54.9490 Y-241.5727
G1 X52.2351 Y-240.8220
G1 X54.6026 Y-237.9348
G1 X55.0645 Y-239.8404
G1 X57.9518 Y-236.5489
G1 X58.3560 Y-235.7405
G1 X58.8757 Y-236.2024
G1 X57.4321 Y-235.0476
G0 X56.7391 Y-236.6644 F15000.0
G1 X57.2588 Y-237.5883 F12000.0
G1 X55.2378 Y-237.7038
G1 X56.5082 Y-236.8954
G0 X56.4346 Y-239.2023 F15000.0
G1 X50.7243 Y-236.1661 F12000.0
G0 X49.1168 Y-238.2812 F15000.0
G1 X48.4239 Y-240.1868 F12000.0
G1 X47.7887 Y-238.5122
G1 X48.2507 Y-240.2446
G1 X49.3478 Y-238.5122
G0 X46.1141 Y-240.3601 F15000.0
G3 X45.8832 Y-240.1291 I-1.3685 J-1.1376 F12000.0
G0 X45.6522 Y-242.9008 F15000.0
G1 X45.1325 Y-244.7486 F12000.0
G1 X45.6522 Y-243.1318
G0 X43.1045 Y-242.6248 F15000.0
G1 X42.6966 Y-242.4079 F12000.0
G0 X41.0326 Y-243.5938 F15000.0
G1 X42.1298 Y-243.7092 F12000.0
G1 X42.0720 Y-244.9796
G1 X41.0326 Y-243.8247
G0 X42.6495 Y-246.1345 F15000.0
G3 X42.4185 Y-246.3655 I0.3681 J-0.5991 F12000.0
G0 X42.8804 Y-248.4443 F15000.0
G1 X43.4579 Y-248.7330 F12000.0
G1 X42.3607 Y-249.3682
G1 X42.8804 Y-248.6753
G0 X44.0353 Y-250.0611 F15000.0
G1 X45.3635 Y-250.1766 F12000.0
G1 X43.6311 Y-251.1583
G1 X43.8043 Y-250.2921
G0 X46.4326 Y-249.6495 F15000.0
G1 X36.2355 Y-244.2276 F12000.0
G0 X35.4891 Y-242.2079 F15000.0
G2 X35.4891 Y-241.9769 I1.1164 J0.1155 F12000.0
G0 X34.6734 Y-240.7695 F15000.0
G1 X52.4163 Y-250.2036 F12000.0
G0 X54.1984 Y-250.5231 F15000.0
G1 X52.8702 Y-251.7357 F12000.0
G1 X50.2140 Y-252.7174
G1 X51.1379 Y-252.1399
G1 X51.4266 Y-252.9484
G1 X53.9096 Y-252.1977
G1 X51.7154 Y-251.6202
G1 X54.1984 Y-250.7541
G0 X54.6603 Y-250.7541 F15000.0
G1 X55.1800 Y-251.2160 F12000.0
G1 X55.3533 Y-250.7541
G1 X55.0068 Y-252.7751
G1 X54.6603 Y-250.5231
G0 X56.2912 Y-252.2639 F15000.0
G1 X57.9228 Y-253.1314 F12000.0
G0 X58.1962 Y-250.6492 F15000.0
G1 X61.4592 Y-252.3842 F12000.0
G0 X63.2065 Y-249.8302 F15000.0
G1 X63.7262 Y-249.9457 F12000.0
G1 X63.5530 Y-250.6386
G1 X64.6501 Y-251.3893
G1 X63.4375 Y-249.5992
G0 X63.8995 Y-248.6753 F15000.0
G1 X61.4742 Y-249.1950 F12000.0
G1 X64.7656 Y-248.2711
G1 X63.8995 Y-248.4443
G0 X64.0455 Y-248.5042 F15000.0
G1 X53.4405 Y-242.8655 F12000.0
G1 X54.5448 Y-243.4205 F12000.0
G1 X53.9096 Y-244.1135
G1 X53.7364 Y-243.1318
G0 X54.6603 Y-241.9769 F15000.0
G1 X56.5659 Y-243.3628 F12000.0
G1 X54.6603 Y-241.7459
G0 X56.0462 Y-244.0557 F15000.0
G1 X56.6814 Y-244.8064 F12000.0
G1 X55.8152 Y-244.2867
G0 X55.8152 Y-247.0584 F15000.0
G1 X55.6420 Y-247.9823 F12000.0
G1 X56.6236 Y-248.6753
G1 X56.1617 Y-247.2894
G1 X57.3166 Y-248.7330
G1 X57.3166 Y-249.1372
G1 X56.0462 Y-247.2894
G0 X52.5815 Y-246.3655 F15000.0
G1 X52.2928 Y-249.2527 F12000.0
G1 X52.5815 Y-246.1345
G0 X51.4661 Y-247.0708 F15000.0
G1 X50.0385 Y-246.3117 F12000.0
G0 X48.8859 Y-242.4389 F15000.0
G2 X48.8859 Y-242.2079 I0.9538 J0.1155 F12000.0
G0 X42.8804 Y-240.1291 F15000.0
G1 X43.2846 Y-242.9008 F12000.0
G1 X42.0720 Y-243.0740
G1 X42.6495 Y-240.1291
G0 X38.9538 Y-238.7432 F15000.0
G3 X38.7228 Y-238.9742 I1.0683 J-1.2993 F12000.0
G0 X37.1060 Y-239.4361 F15000.0
G1 X38.3186 Y-241.3995 F12000.0
G1 X40.3974 Y-242.1501
G1 X39.2425 Y-243.3628
G1 X37.9721 Y-242.3234
G1 X35.0849 Y-241.2262
G1 X37.1060 Y-239.6671
G0 X36.6440 Y-238.9742 F15000.0
G1 X37.2792 Y-239.0897 F12000.0
G1 X36.0088 Y-240.6488
G1 X36.4130 Y-239.2052
G0 X38.4918 Y-236.6644 F15000.0
G1 X39.0693 Y-236.7221 F12000.0
G1 X38.4918 Y-236.4334
G0 X39.1848 Y-235.2785 F15000.0
G1 X38.8383 Y-237.9348 F12000.0
G1 X40.2819 Y-236.3179
G1 X39.1848 Y-235.0476
G0 X37.5679 Y-233.6617 F15000.0
G3 X37.3370 Y-233.8927 I0.5428 J-0.7738 F12000.0
G0 X39.8459 Y-233.0095 F15000.0
G1 X15.7808 Y-220.2138 F12000.0
G0 X13.1295 Y-218.8042 F15000.0
G1 X6.6034 Y-215.3341 F12000.0
G0 X6.3859 Y-215.8764 F15000.0
G3 X6.1549 Y-216.1073 I0.9308 J-1.1618 F12000.0
G0 X7.5408 Y-212.8736 F15000.0
G1 X7.8872 Y-214.3173 F12000.0
G1 X7.2520 Y-212.9314
G1 X6.3859 Y-214.2595
G1 X5.3465 Y-214.7215
G1 X7.3098 Y-212.6427
G0 X7.3098 Y-210.1019 F15000.0
G1 X8.1760 Y-212.0075 F12000.0
G1 X8.2914 Y-211.3723
G1 X7.8295 Y-210.3906
G1 X8.4069 Y-209.8132
G1 X7.3098 Y-209.8709
G0 X6.3859 Y-207.5611 F15000.0
G1 X5.5197 Y-210.3906 F12000.0
G1 X5.4042 Y-209.2357
G1 X5.0577 Y-209.8709
G1 X6.1549 Y-207.3302
G0 X7.3098 Y-207.3302 F15000.0
G1 X8.2337 Y-209.1202 F12000.0
G1 X9.1576 Y-210.5061
G1 X8.5802 Y-212.3539
G1 X9.2154 Y-213.4511
G1 X11.9293 Y-211.8920
G1 X10.4280 Y-212.2385
G1 X12.9110 Y-213.1624
G1 X11.9293 Y-212.7582
G1 X12.3913 Y-211.4300
G1 X11.6984 Y-210.7948
G1 X12.8533 Y-210.6793
G1 X12.3336 Y-211.1990
G1 X17.5306 Y-213.4511
G1 X18.1080 Y-214.3173
G1 X20.4755 Y-214.7215
G1 X21.1685 Y-213.9130
G1 X23.0740 Y-213.2201
G1 X22.0346 Y-213.3933
G1 X22.3811 Y-212.6427
G1 X23.4205 Y-213.1624
G1 X23.9402 Y-211.1990
G1 X21.8614 Y-214.2018
G1 X21.7459 Y-215.7609
G1 X23.5360 Y-215.5299
G1 X20.3023 Y-218.4171
G1 X20.2446 Y-216.2228
G1 X19.0319 Y-217.2045
G1 X20.3023 Y-221.5353
G1 X21.8037 Y-218.6481
G1 X21.8614 Y-220.6692
G1 X22.3234 Y-220.2649
G1 X21.9769 Y-219.7452
G1 X22.8431 Y-220.3804
G1 X22.8431 Y-221.0734
G1 X23.2473 Y-219.2255
G1 X22.3234 Y-217.4355
G1 X23.3628 Y-217.2045
G1 X23.5938 Y-218.7636
G1 X24.5177 Y-217.6664
G1 X21.9769 Y-223.7874
G1 X18.8010 Y-221.7086
G1 X17.3573 Y-224.7690
G1 X18.9164 Y-224.7113
G1 X17.8770 Y-225.4042
G1 X19.6094 Y-225.4042
G1 X20.0713 Y-226.2126
G1 X20.7065 Y-225.8662
G1 X22.1501 Y-226.5591
G1 X21.9192 Y-225.7507
G1 X23.7092 Y-224.2493
G1 X24.0557 Y-225.7507
G1 X23.0163 Y-226.0394
G1 X19.4939 Y-226.0394
G1 X19.2629 Y-225.6929
G1 X20.1868 Y-227.4830
G1 X20.7065 Y-227.1943
G1 X19.8404 Y-227.6562
G1 X18.1658 Y-226.7901
G1 X18.8587 Y-225.6929
G1 X17.3573 Y-225.0577
G1 X16.8376 Y-223.7296
G1 X17.7038 Y-228.6379
G1 X18.8587 Y-227.7140
G1 X17.9348 Y-230.1970
G1 X17.4728 Y-229.3886
G1 X13.5462 Y-229.5618
G1 X15.9137 Y-230.7167
G1 X17.1841 Y-231.8139
G1 X16.2024 Y-231.0632
G1 X15.6827 Y-234.4124
G1 X17.1264 Y-234.4124
G1 X16.5489 Y-234.9898
G1 X15.7405 Y-237.1264
G1 X15.4518 Y-236.0870
G1 X15.0476 Y-234.0659
G1 X14.8166 Y-234.4124
G1 X13.3730 Y-232.6800
G1 X12.5645 Y-232.9110
G1 X11.8716 Y-231.8139
G1 X12.8533 Y-232.1026
G1 X13.1997 Y-231.2942
G1 X14.0659 Y-231.9871
G1 X15.1630 Y-233.0842
G1 X15.2208 Y-231.3519
G1 X14.8166 Y-231.8716
G1 X14.5856 Y-230.8322
G1 X12.9688 Y-230.3702
G1 X14.1814 Y-229.8505
G1 X13.1997 Y-229.5618
G1 X16.8954 Y-227.6562
G1 X16.5489 Y-226.9633
G1 X16.3757 Y-225.6352
G1 X14.7011 Y-225.5774
G1 X15.9137 Y-223.9606
G1 X16.3179 Y-224.3648
G1 X16.7221 Y-223.3832
G1 X15.2785 Y-223.7296
G1 X13.4885 Y-222.4592
G1 X12.7378 Y-224.4803
G1 X14.1236 Y-222.1705
G1 X15.5673 Y-222.2860
G1 X15.1053 Y-221.4776
G1 X14.0659 Y-221.1311
G1 X15.5095 Y-220.5537
G1 X14.7011 Y-220.0340
G1 X16.3179 Y-219.7452
G1 X15.2785 Y-218.5904
G1 X14.6433 Y-219.4565
G1 X14.9898 Y-219.2255
G1 X14.2969 Y-219.0523
G1 X17.4151 Y-218.8213
G1 X16.9531 Y-219.8607
G1 X19.0319 Y-219.5143
G1 X19.0897 Y-218.5904
G1 X18.1080 Y-217.7819
G1 X14.8743 Y-217.8397
G1 X16.0292 Y-216.2806
G1 X16.8954 Y-216.1651
G1 X16.8954 Y-214.9524
G1 X17.3573 Y-215.4144
G1 X17.1841 Y-213.0469
G1 X14.3546 Y-211.4878
G1 X13.0842 Y-211.8342
G1 X14.7588 Y-212.9891
G1 X11.1787 Y-213.3356
G1 X10.1970 Y-212.9314
G1 X13.6039 Y-215.2412
G1 X11.3519 Y-215.4144
G1 X10.8322 Y-215.0102
G1 X9.8505 Y-216.1651
G1 X11.4096 Y-216.5693
G1 X13.8349 Y-217.2045
G1 X12.7955 Y-217.9552
G1 X14.1814 Y-217.7819
G1 X12.3336 Y-221.8818
G1 X11.1209 Y-222.2283
G1 X12.6800 Y-223.0944
G1 X12.2181 Y-223.6719
G1 X11.7561 Y-222.7480
G1 X11.4674 Y-225.5774
G1 X12.2181 Y-224.7113
G1 X10.9477 Y-225.6352
G1 X7.4830 Y-223.4409
G1 X10.1393 Y-227.3098
G1 X11.0054 Y-230.6590
G1 X9.3308 Y-231.6984
G1 X9.6196 Y-232.3336
G1 X10.3702 Y-230.8899
G1 X10.0238 Y-230.3702
G1 X10.9477 Y-230.1970
G1 X7.0788 Y-229.6196
G1 X6.3281 Y-228.8689
G1 X5.1732 Y-229.8505
G1 X5.2887 Y-225.8662
G1 X6.1549 Y-220.9001
G1 X5.9817 Y-219.3988
G1 X8.1760 Y-218.2439
G1 X8.1182 Y-221.0734
G1 X9.2154 Y-218.9946
G1 X8.7534 Y-218.9946
G1 X8.6379 Y-215.6454
G1 X7.3098 Y-215.6454
G1 X8.2337 Y-215.1834
G1 X8.9844 Y-215.6454
G1 X9.2731 Y-215.1834
G1 X9.3308 Y-217.0890
G1 X10.6590 Y-214.8947
G1 X5.5774 Y-211.7765
G1 X6.0971 Y-213.1624
G1 X7.0788 Y-209.5822
G1 X6.6168 Y-208.4851
G1 X7.3098 Y-207.0992
G0 X8.5128 Y-205.8391 F15000.0
G1 X5.0458 Y-203.9957 F12000.0
G0 X5.4620 Y-205.4823 F15000.0
G1 X5.4620 Y-207.7344 F12000.0
G1 X5.4620 Y-205.7133
G0 X4.9068 Y-209.1770 F15000.0
G1 X87.5032 Y-253.0942 F12000.0
G1 X67.5169 Y-242.4673 F12000.0
G0 X67.1774 Y-241.6299 F15000.0
G1 X88.7952 Y-253.1243 F12000.0
G1 X66.9735 Y-241.5215 F12000.0
G0 X66.8379 Y-240.7925 F15000.0
G1 X90.0872 Y-253.1544 F12000.0
G1 X66.2261 Y-240.4672 F12000.0
G0 X66.4983 Y-239.9551 F15000.0
G1 X91.1753 Y-253.0760 F12000.0
G1 X66.9062 Y-240.1719 F12000.0
G0 X66.5667 Y-239.3345 F15000.0
G1 X92.4673 Y-253.1061 F12000.0
G1 X65.7509 Y-238.9008 F12000.0
G0 X65.5163 Y-239.4361 F15000.0
G3 X65.2853 Y-239.4361 I-0.1155 J-0.7357 F12000.0
G0 X66.2272 Y-238.4971 F15000.0
G1 X93.7593 Y-253.1362 F12000.0
G1 X66.4311 Y-238.6055 F12000.0
G0 X66.4995 Y-237.9850 F15000.0
G1 X95.0513 Y-253.1663 F12000.0
G1 X65.8876 Y-237.6597 F12000.0
G0 X66.1599 Y-237.1476 F15000.0
G1 X96.1394 Y-253.0879 F12000.0
G1 X65.9560 Y-237.0391 F12000.0
G0 X66.2283 Y-236.5270 F15000.0
G1 X97.4314 Y-253.1180 F12000.0
G1 X65.2086 Y-235.9848 F12000.0
G0 X65.6848 Y-235.5812 F15000.0
G1 X98.7234 Y-253.1481 F12000.0
G1 X66.5006 Y-236.0149 F12000.0
G0 X66.5689 Y-235.3944 F15000.0
G1 X100.0154 Y-253.1781 F12000.0
G1 X65.5492 Y-234.8522 F12000.0
G0 X65.8215 Y-234.3401 F15000.0
G1 X101.1034 Y-253.0998 F12000.0
G1 X66.8412 Y-234.8823 F12000.0
G0 X66.9096 Y-234.2617 F15000.0
G1 X101.1718 Y-252.4792 F12000.0
G0 X101.7836 Y-252.8046 F15000.0
G1 X65.2780 Y-233.3942 F12000.0
G0 X65.9582 Y-233.0990 F15000.0
G1 X101.0362 Y-251.7503 F12000.0
G1 X67.1819 Y-233.7496 F12000.0
G0 X67.0463 Y-233.0206 F15000.0
G1 X101.1045 Y-251.1297 F12000.0
G0 X101.3085 Y-251.2381 F15000.0
G1 X66.0266 Y-232.4784 F12000.0
G0 X66.5028 Y-232.0747 F15000.0
G1 X101.3768 Y-250.6176 F12000.0
G0 X101.1729 Y-250.5092 F15000.0
G1 X67.1146 Y-232.4001 F12000.0
G0 X67.1830 Y-231.7795 F15000.0
G1 X101.2412 Y-249.8886 F12000.0
G0 X101.5135 Y-249.3765 F15000.0
G1 X66.8434 Y-230.9421 F12000.0
G0 X67.2513 Y-231.1590 F15000.0
G1 X101.3096 Y-249.2681 F12000.0
G0 X101.5819 Y-248.7560 F15000.0
G1 X67.3197 Y-230.5384 F12000.0
G0 X67.1332 Y-230.4280 F15000.0
G1 X67.1909 Y-233.8349 F12000.0
G1 X67.1332 Y-230.1970
G0 X67.3880 Y-229.9179 F15000.0
G1 X101.6502 Y-248.1354 F12000.0
G1 X67.1841 Y-229.8094 F12000.0
G0 X66.7079 Y-230.2131 F15000.0
G1 X101.9898 Y-248.9728 F12000.0
G0 X102.7038 Y-249.5992 F15000.0
G2 X102.9348 Y-249.5992 I0.1155 J-0.7651 F12000.0
G0 X103.6277 Y-250.5231 F15000.0
G1 X103.1080 Y-250.8696 F12000.0
G1 X103.8010 Y-250.8696
G1 X102.7038 Y-251.6202
G1 X103.8587 Y-250.7541
G0 X104.3207 Y-250.2921 F15000.0
G1 X105.0713 Y-250.1766 F12000.0
G1 X104.0897 Y-252.6596
G1 X104.0897 Y-250.0611
G0 X104.0897 Y-251.4470 F15000.0
G2 X104.0897 Y-251.6780 I-1.0728 J-0.1155 F12000.0
G0 X105.7065 Y-250.5231 F15000.0
G1 X105.0713 Y-251.3315 F12000.0
G1 X105.2446 Y-252.5442
G1 X105.9375 Y-250.5231
G0 X107.3595 Y-253.1417 F15000.0
G1 X4.9808 Y-198.7060 F12000.0
G0 X5.2310 Y-199.0149 F15000.0
G2 X5.4620 Y-199.0149 I0.1155 J-0.9370 F12000.0
G0 X5.4620 Y-201.7867 F15000.0
G1 X5.6929 Y-203.4035 F12000.0
G1 X5.3465 Y-205.0781
G1 X6.6746 Y-202.0754
G1 X5.9239 Y-202.7106
G1 X5.6929 Y-201.7867
G0 X8.9266 Y-202.4796 F15000.0
G1 X8.9266 Y-202.7106 F12000.0
G0 X9.6196 Y-205.4823 F15000.0
G1 X9.4463 Y-207.8499 F12000.0
G1 X10.3702 Y-206.4640
G1 X9.8505 Y-205.4823
G0 X11.4674 Y-205.9443 F15000.0
G1 X11.1209 Y-206.6372 F12000.0
G1 X10.4280 Y-207.2147
G1 X11.5251 Y-208.4273
G1 X13.0842 Y-205.8865
G1 X11.6984 Y-205.7133
G0 X11.3680 Y-207.3573 F15000.0
G1 X31.7621 Y-218.2010 F12000.0
G0 X31.7935 Y-219.8030 F15000.0
G1 X28.7908 Y-221.9973 F12000.0
G1 X30.4076 Y-223.6141
G1 X29.2527 Y-226.2126
G1 X28.2711 Y-223.3254
G1 X28.5598 Y-223.0367
G1 X27.0007 Y-224.7113
G1 X26.2500 Y-223.2677
G1 X27.0584 Y-223.0367
G1 X27.5204 Y-222.2860
G1 X25.5571 Y-223.0367
G1 X25.8458 Y-222.6902
G1 X25.6726 Y-224.1338
G1 X26.5387 Y-225.8662
G1 X23.0740 Y-227.0788
G1 X25.6726 Y-229.7928
G1 X25.6148 Y-229.1576
G1 X24.7486 Y-229.7351
G1 X24.7486 Y-228.8689
G1 X26.1345 Y-228.5802
G1 X26.8274 Y-229.6196
G1 X24.9219 Y-230.8322
G1 X26.3077 Y-231.1787
G1 X26.1345 Y-230.3125
G1 X28.3288 Y-229.0421
G1 X28.9640 Y-229.8505
G1 X24.9796 Y-228.4069
G1 X27.1162 Y-227.0788
G1 X25.3261 Y-226.9633
G1 X26.4810 Y-226.6746
G1 X26.0190 Y-227.0788
G1 X27.0584 Y-225.2310
G1 X28.9640 Y-224.5380
G1 X27.1739 Y-225.9239
G1 X30.3499 Y-225.5774
G1 X29.6569 Y-225.1732
G1 X32.3709 Y-221.3621
G1 X31.9667 Y-222.5170
G1 X31.6780 Y-221.3621
G1 X31.1005 Y-221.2466
G1 X33.0061 Y-220.3804
G1 X32.0245 Y-220.0340
G0 X33.4103 Y-221.6508 F15000.0
G3 X33.4103 Y-221.8818 I1.2330 J-0.1155 F12000.0
G0 X34.5652 Y-221.6508 F15000.0
G2 X34.7962 Y-221.4198 I0.5906 J-0.3596 F12000.0
G0 X35.4331 Y-220.1529 F15000.0
G1 X40.3277 Y-222.7554 F12000.0
G0 X39.1848 Y-223.7296 F15000.0
G2 X39.4158 Y-223.9606 I-1.0971 J-1.3281 F12000.0
G0 X41.7553 Y-223.5145 F15000.0
G1 X63.5770 Y-235.1173 F12000.0
G0 X60.4348 Y-232.9688 F15000.0
G2 X60.4348 Y-232.7378 I1.0502 J0.1155 F12000.0
G0 X55.3533 Y-234.3546 F15000.0
G1 X55.0645 Y-235.7405 F12000.0
G1 X55.2378 Y-234.5856
G1 X54.9490 Y-235.0476
G1 X55.1223 Y-234.3546
G0 X53.0435 Y-232.2758 F15000.0
G1 X53.0435 Y-232.9110 F12000.0
G1 X53.3899 Y-233.7772
G1 X52.8125 Y-232.0448
G0 X54.6603 Y-228.3492 F15000.0
G1 X54.1406 Y-228.7534 F12000.0
G1 X54.1984 Y-230.6590
G1 X53.5632 Y-229.9083
G1 X53.4477 Y-231.4096
G1 X52.4660 Y-231.7561
G1 X54.4293 Y-228.1182
G0 X54.0612 Y-227.4301 F15000.0
G1 X49.5745 Y-225.0445 F12000.0
G0 X49.1168 Y-225.3465 F15000.0
G1 X49.1168 Y-226.5014 F12000.0
G1 X50.6182 Y-226.7323
G1 X50.9647 Y-226.2704
G1 X46.4029 Y-230.4280
G1 X46.2296 Y-232.1603
G1 X49.1746 Y-232.7955
G1 X48.9436 Y-231.2942
G1 X49.9830 Y-230.6012
G1 X50.1562 Y-229.1576
G1 X47.6155 Y-230.4280
G1 X50.3295 Y-230.0238
G1 X51.7731 Y-231.6984
G1 X51.8886 Y-230.9477
G1 X51.6576 Y-233.5462
G1 X52.1196 Y-233.3152
G1 X51.5999 Y-233.8927
G1 X51.0224 Y-236.2602
G1 X49.9830 Y-236.2602
G1 X50.1562 Y-237.2996
G1 X48.8859 Y-236.4334
G1 X50.2140 Y-235.6827
G1 X49.3478 Y-234.1236
G1 X50.6182 Y-235.5673
G1 X49.8098 Y-233.7772
G1 X51.2534 Y-235.9137
G1 X51.7731 Y-235.1630
G1 X52.7548 Y-234.9321
G1 X51.0802 Y-234.0082
G1 X50.3872 Y-233.4307
G1 X49.4056 Y-231.9871
G1 X48.7704 Y-233.4885
G1 X47.3845 Y-234.2969
G1 X47.0380 Y-236.6067
G1 X46.9226 Y-234.6433
G1 X46.0564 Y-235.3363
G1 X47.2690 Y-233.5462
G1 X44.6705 Y-231.8716
G1 X44.4973 Y-230.8322
G1 X46.5183 Y-232.9688
G1 X46.5761 Y-230.0815
G1 X48.1929 Y-226.5014
G1 X48.3662 Y-227.6562
G1 X47.9620 Y-227.1943
G1 X47.3268 Y-227.5985
G1 X48.8859 Y-225.1155
G0 X49.5788 Y-222.8057 F15000.0
G1 X51.0224 Y-222.9212 F12000.0
G1 X49.8098 Y-222.8057
G0 X51.9568 Y-221.0561 F15000.0
G1 X52.7726 Y-221.4898 F12000.0
G0 X47.7310 Y-219.3410 F15000.0
G3 X47.5000 Y-219.1101 I-1.1194 J-0.8884 F12000.0
G0 X45.8832 Y-219.1101 F15000.0
G1 X46.9226 Y-219.5143 F12000.0
G1 X45.3635 Y-220.8424
G1 X45.6522 Y-219.3410
G0 X45.4212 Y-221.8818 F15000.0
G1 X45.2480 Y-224.0183 F12000.0
G1 X45.4212 Y-222.1128
G0 X45.8832 Y-224.4226 F15000.0
G1 X45.1902 Y-225.6929 F12000.0
G1 X46.0564 Y-225.6929
G1 X45.8832 Y-224.6535
G0 X45.6522 Y-229.2731 F15000.0
G1 X45.7677 Y-230.1970 F12000.0
G1 X45.4212 Y-229.2731
G0 X43.1114 Y-232.2758 F15000.0
G3 X42.8804 Y-232.2758 I-0.1155 J-1.0286 F12000.0
G0 X44.2663 Y-233.6617 F15000.0
G1 X40.9749 Y-235.6250 F12000.0
G1 X42.3607 Y-235.9137
G1 X41.3791 Y-235.3363
G1 X45.1902 Y-234.9898
G1 X45.8832 Y-234.2391
G1 X42.9382 Y-235.1053
G1 X44.2663 Y-233.8927
G0 X41.8853 Y-234.0939 F15000.0
G1 X67.3780 Y-247.6486 F12000.0
G0 X68.8056 Y-248.4077 F15000.0
G1 X77.7790 Y-253.1789 F12000.0
G1 X71.2529 Y-249.7089 F12000.0
G0 X71.1845 Y-250.3295 F15000.0
G1 X76.4870 Y-253.1488 F12000.0
G1 X71.5924 Y-250.5463 F12000.0
G0 X71.3201 Y-251.0584 F15000.0
G1 X75.1950 Y-253.1188 F12000.0
G1 X71.5241 Y-251.1669 F12000.0
G0 X71.4557 Y-251.7874 F15000.0
G1 X73.9030 Y-253.0887 F12000.0
G1 X71.6597 Y-251.8959 F12000.0
G0 X71.7953 Y-252.6248 F15000.0
G1 X72.8150 Y-253.1670 F12000.0
G1 X70.5716 Y-251.9742 F12000.0
G0 X69.4429 Y-249.3682 F15000.0
G1 X70.0781 Y-249.4260 F12000.0
G1 X69.9049 Y-250.6963
G1 X70.3668 Y-250.6386
G1 X69.9626 Y-252.7751
G1 X69.4429 Y-252.1977
G1 X67.4219 Y-252.1977
G1 X68.2880 Y-252.0245
G1 X67.8261 Y-251.7357
G1 X69.2697 Y-252.1977
G1 X69.1542 Y-249.9457
G1 X69.2120 Y-249.3682
G0 X67.8261 Y-249.5992 F15000.0
G1 X67.7106 Y-250.5808 F12000.0
G1 X65.8628 Y-251.9090
G1 X65.4008 Y-251.1583
G1 X67.0177 Y-251.4470
G1 X67.8261 Y-249.8302
G0 X67.8509 Y-253.1552 F15000.0
G1 X5.0369 Y-219.7563 F12000.0
G0 X7.0788 Y-219.5720 F15000.0
G2 X7.3098 Y-219.5720 I0.1155 J-1.2896 F12000.0
G0 X7.3098 Y-221.6508 F15000.0
G2 X7.5408 Y-221.6508 I0.1155 J-1.0911 F12000.0
G0 X7.0788 Y-223.4986 F15000.0
G1 X9.2154 Y-227.3098 F12000.0
G1 X8.5224 Y-228.1760
G1 X7.1943 Y-228.1760
G1 X6.6168 Y-226.9633
G1 X7.3675 Y-226.1549
G1 X6.2704 Y-226.0971
G1 X5.6929 Y-226.2126
G1 X6.8478 Y-223.7296
G0 X4.8979 Y-224.9376 F15000.0
G1 X28.1473 Y-237.2995 F12000.0
G0 X27.1739 Y-236.6644 F15000.0
G1 X28.5020 Y-239.1474 F12000.0
G1 X26.3655 Y-238.8587
G1 X27.6936 Y-238.8010
G1 X26.3655 Y-239.4939
G1 X27.1739 Y-239.8404
G1 X25.4416 Y-239.0319
G1 X25.4416 Y-237.4728
G1 X26.9429 Y-237.9348
G1 X26.9429 Y-236.6644
G0 X29.2527 Y-238.0503 F15000.0
G1 X32.7751 Y-239.6094 F12000.0
G1 X29.2527 Y-238.2812
G0 X28.5598 Y-239.2052 F15000.0
G1 X30.5808 Y-239.5516 F12000.0
G1 X29.0795 Y-240.1291
G1 X28.5598 Y-239.4361
G0 X31.1369 Y-241.5167 F15000.0
G1 X32.7685 Y-242.3842 F12000.0
G0 X32.2554 Y-241.7459 F15000.0
G3 X32.0245 Y-241.9769 I0.6729 J-0.9039 F12000.0
G0 X31.3315 Y-243.3628 F15000.0
G1 X31.2738 Y-245.3838 F12000.0
G1 X30.1189 Y-244.5754
G1 X31.2160 Y-244.1135
G1 X30.2344 Y-243.7670
G1 X31.1005 Y-243.5938
G0 X32.9484 Y-243.3628 F15000.0
G1 X32.7174 Y-244.8641 F12000.0
G1 X32.0245 Y-244.9796
G1 X33.2371 Y-245.3261
G1 X33.1793 Y-243.1318
G0 X34.1033 Y-244.7486 F15000.0
G1 X34.5652 Y-245.7880 F12000.0
G1 X33.8723 Y-244.9796
G0 X33.1793 Y-245.4416 F15000.0
G2 X32.9484 Y-245.6726 I0.3702 J-0.6012 F12000.0
G0 X31.5625 Y-245.6726 F15000.0
G1 X31.7935 Y-247.8091 F12000.0
G1 X33.2948 Y-248.7330
G1 X35.2582 Y-247.9823
G1 X32.1399 Y-247.0007
G1 X31.5625 Y-245.4416
G0 X30.4076 Y-245.6726 F15000.0
G3 X30.1766 Y-245.6726 I-0.1155 J-0.6352 F12000.0
G0 X29.5010 Y-248.5295 F15000.0
G1 X20.5275 Y-243.7582 F12000.0
G0 X20.0136 Y-244.5177 F15000.0
G1 X20.4755 Y-245.3838 F12000.0
G1 X19.6094 Y-246.4232
G1 X19.7826 Y-244.7486
G0 X19.7826 Y-242.9008 F15000.0
G1 X16.7799 Y-247.3471 F12000.0
G1 X16.2024 Y-247.2317
G1 X16.6644 Y-248.2133
G1 X17.9925 Y-247.1739
G1 X17.8193 Y-246.4810
G1 X20.5333 Y-245.9035
G1 X17.7038 Y-250.2344
G1 X16.9531 Y-250.6386
G1 X17.8193 Y-250.8696
G1 X14.9321 Y-252.7174
G1 X16.3179 Y-251.6780
G1 X19.2629 Y-252.8906
G1 X18.5122 Y-252.0245
G1 X19.8404 Y-251.1005
G1 X19.8404 Y-252.7174
G1 X21.1685 Y-250.8118
G1 X21.6882 Y-251.6780
G1 X23.1318 Y-251.3315
G1 X23.3628 Y-252.7751
G1 X24.9219 Y-252.7751
G1 X23.5938 Y-252.1399
G1 X23.0740 Y-252.6596
G1 X22.9008 Y-251.1583
G1 X21.9769 Y-250.8118
G1 X24.4022 Y-249.9457
G1 X23.9402 Y-249.5414
G1 X25.9035 Y-251.9090
G1 X26.2500 Y-250.2344
G1 X25.6148 Y-251.3893
G1 X26.8274 Y-247.5781
G1 X27.7514 Y-249.7147
G1 X27.5781 Y-250.6386
G1 X27.2894 Y-247.5781
G1 X29.7724 Y-247.5781
G1 X28.9640 Y-248.7330
G1 X29.8879 Y-247.9823
G1 X29.5992 Y-246.3077
G1 X28.3865 Y-246.6542
G1 X28.9062 Y-247.1739
G1 X27.9246 Y-245.9613
G1 X27.2317 Y-246.3655
G1 X27.2894 Y-245.8458
G1 X24.9796 Y-246.4810
G1 X26.0190 Y-244.3444
G1 X22.6698 Y-247.4049
G1 X23.7670 Y-245.7880
G1 X22.5543 Y-244.5754
G1 X25.0374 Y-243.7092
G1 X23.9980 Y-243.4205
G1 X20.1868 Y-243.6515
G1 X20.7065 Y-243.2473
G1 X20.0136 Y-242.9008
G0 X21.6304 Y-244.0557 F15000.0
G1 X21.2262 Y-248.2711 F12000.0
G1 X23.2473 Y-248.7330
G1 X20.7065 Y-250.8696
G1 X23.4783 Y-249.7147
G1 X23.0163 Y-249.4260
G1 X25.0374 Y-248.7908
G1 X24.4599 Y-248.5598
G1 X25.4993 Y-248.4443
G1 X24.1135 Y-247.6936
G1 X23.4783 Y-248.0401
G1 X24.3444 Y-247.2894
G1 X26.6542 Y-247.3471
G1 X26.4232 Y-245.9035
G1 X21.8037 Y-247.8668
G1 X21.8614 Y-244.0557
G0 X21.8614 Y-245.6726 F15000.0
G3 X21.8614 Y-245.9035 I1.2330 J-0.1155 F12000.0
G0 X20.0136 Y-248.4443 F15000.0
G1 X21.2840 Y-249.1950 F12000.0
G1 X19.7826 Y-250.3499
G1 X19.2629 Y-249.5414
G1 X19.7826 Y-248.6753
G0 X18.1658 Y-247.9823 F15000.0
G2 X18.1658 Y-247.7514 I1.0105 J0.1155 F12000.0
G0 X18.6277 Y-247.2894 F15000.0
G1 X19.4939 Y-247.2894 F12000.0
G1 X18.6277 Y-247.0584
G0 X18.1658 Y-250.0611 F15000.0
G1 X18.9742 Y-251.0428 F12000.0
G1 X16.9531 Y-252.3709
G1 X17.9348 Y-250.2921
G0 X18.4142 Y-253.1448 F15000.0
G1 X12.7038 Y-250.1086 F12000.0
G0 X12.6223 Y-250.5231 F15000.0
G1 X9.4463 Y-252.6019 F12000.0
G1 X12.6800 Y-251.1583
G1 X12.3336 Y-251.7357
G1 X12.8533 Y-250.5231
G0 X13.5462 Y-251.2160 F15000.0
G1 X13.0842 Y-251.7357 F12000.0
G1 X13.7772 Y-251.2160
G0 X11.2364 Y-249.5992 F15000.0
G1 X9.7351 Y-251.1583 F12000.0
G1 X11.2364 Y-249.3682
G0 X9.2368 Y-248.2651 F15000.0
G1 X4.9540 Y-245.9879 F12000.0
G0 X6.3859 Y-247.0584 F15000.0
G1 X5.8662 Y-248.9062 F12000.0
G1 X5.2887 Y-248.9062
G1 X6.6746 Y-248.5020
G1 X6.3859 Y-247.2894
G0 X8.0027 Y-247.7514 F15000.0
G1 X8.2914 Y-248.5020 F12000.0
G1 X7.5985 Y-248.1556
G1 X8.4069 Y-252.0245
G1 X7.9450 Y-252.2554
G1 X7.6562 Y-251.0428
G1 X7.3675 Y-251.6202
G1 X6.7323 Y-250.5808
G1 X6.5014 Y-252.8906
G1 X5.4042 Y-252.7751
G1 X8.2914 Y-250.0611
G1 X7.5408 Y-248.2133
G1 X8.2337 Y-247.5204
G0 X6.1549 Y-249.3682 F15000.0
G1 X5.2310 Y-251.1005 F12000.0
G1 X5.5197 Y-250.4076
G1 X5.1732 Y-250.6386
G1 X5.9239 Y-249.3682
G0 X5.0190 Y-251.2776 F15000.0
G1 X8.4860 Y-253.1211 F12000.0
G0 X11.2364 Y-247.0584 F15000.0
G1 X8.9266 Y-247.4626 F12000.0
G1 X10.1393 Y-249.5414
G1 X11.4674 Y-246.8274
G0 X13.3152 Y-243.8247 F15000.0
G1 X13.1420 Y-245.2683 F12000.0
G1 X13.3152 Y-243.5938
G0 X15.6250 Y-244.5177 F15000.0
G1 X16.5489 Y-244.9796 F12000.0
G1 X15.5673 Y-245.6726
G1 X15.8560 Y-244.5177
G0 X16.0408 Y-241.3726 F15000.0
G1 X5.0280 Y-235.5170 F12000.0
G0 X4.8890 Y-240.6982 F15000.0
G1 X28.3423 Y-253.1686 F12000.0
G0 X27.4049 Y-252.1399 F15000.0
G2 X27.6359 Y-251.9090 I1.3075 J-1.0765 F12000.0
G0 X26.2500 Y-249.1372 F15000.0
G1 X26.7120 Y-249.1372 F12000.0
G1 X26.0190 Y-249.1372
G0 X24.1712 Y-250.2921 F15000.0
G3 X23.9402 Y-250.2921 I-0.1155 J-0.7276 F12000.0
G0 X31.1325 Y-249.3970 F15000.0
G1 X32.3561 Y-250.0476 F12000.0
G0 X33.8723 Y-248.6753 F15000.0
G1 X32.7174 Y-249.8302 F12000.0
G1 X33.6413 Y-250.2344
G1 X34.1033 Y-248.4443
G0 X34.0571 Y-248.3245 F15000.0
G1 X33.2414 Y-247.8908 F12000.0
G0 X34.7962 Y-247.0584 F15000.0
G2 X35.0272 Y-247.0584 I0.1155 J-1.0490 F12000.0
G0 X35.6887 Y-249.1920 F15000.0
G1 X36.5044 Y-249.6258 F12000.0
G0 X38.5439 Y-250.7101 F15000.0
G1 X39.1557 Y-251.0354 F12000.0
G0 X38.0665 Y-253.0839 F15000.0
G1 X35.2113 Y-251.5658 F12000.0
G0 X37.5679 Y-247.2894 F15000.0
G2 X37.5679 Y-247.0584 I0.7862 J0.1155 F12000.0
G0 X38.9538 Y-247.0584 F15000.0
G1 X41.4946 Y-247.8668 F12000.0
G1 X42.1875 Y-247.0007
G1 X42.6495 Y-247.8668
G1 X40.7439 Y-249.1950
G1 X40.8016 Y-248.5020
G1 X39.1848 Y-247.2894
G0 X41.4946 Y-252.3709 F15000.0
G3 X41.7255 Y-252.6019 I1.3281 J1.0971 F12000.0
G0 X47.9946 Y-253.1076 F15000.0
G1 X4.9629 Y-230.2273 F12000.0
G0 X6.3859 Y-228.3492 F15000.0
G1 X7.7140 Y-229.6196 F12000.0
G1 X6.3859 Y-228.1182
G0 X7.5408 Y-228.3492 F15000.0
G3 X7.7717 Y-228.1182 I0.8184 J-0.5875 F12000.0
G0 X6.1549 Y-226.7323 F15000.0
G1 X5.4042 Y-228.0027 F12000.0
G1 X5.8662 Y-227.9450
G1 X6.2704 Y-228.6957
G1 X6.1549 Y-226.5014
G0 X9.3886 Y-225.5774 F15000.0
G2 X9.6196 Y-225.5774 I0.1155 J-1.2704 F12000.0
G0 X11.2364 Y-226.2704 F15000.0
G1 X10.4857 Y-228.2337 F12000.0
G1 X14.3546 Y-226.4436
G1 X10.0238 Y-228.6957
G1 X14.1814 Y-226.3859
G1 X11.2942 Y-226.9633
G1 X11.4674 Y-226.2704
G0 X13.0842 Y-228.8111 F15000.0
G1 X11.7561 Y-229.3886 F12000.0
G1 X10.4280 Y-232.5068
G1 X12.8533 Y-229.0421
G0 X12.3913 Y-231.1209 F15000.0
G3 X12.3913 Y-231.3519 I1.0683 J-0.1155 F12000.0
G0 X12.6223 Y-234.1236 F15000.0
G1 X10.5435 Y-235.3940 F12000.0
G1 X12.1026 Y-235.7982
G1 X11.7561 Y-237.1841
G1 X11.6984 Y-235.9715
G1 X14.1236 Y-236.1447
G1 X14.0659 Y-236.6067
G1 X13.8927 Y-234.8743
G1 X10.8322 Y-235.0476
G1 X13.3152 Y-234.4701
G1 X12.8533 Y-234.7588
G1 X12.8533 Y-234.1236
G0 X10.0815 Y-233.4307 F15000.0
G1 X9.5041 Y-234.2391 F12000.0
G1 X10.1393 Y-234.5856
G1 X8.8111 Y-236.0870
G1 X10.0238 Y-235.9715
G1 X7.7717 Y-237.4728
G1 X8.9266 Y-234.7011
G1 X8.6957 Y-235.4518
G1 X9.8505 Y-234.4124
G1 X10.0815 Y-233.1997
G0 X16.3179 Y-228.5802 F15000.0
G2 X16.3179 Y-228.3492 I0.9415 J0.1155 F12000.0
G0 X21.3995 Y-227.4253 F15000.0
G1 X21.5727 Y-228.7534 F12000.0
G1 X22.9586 Y-228.6379
G1 X22.3234 Y-227.4830
G1 X21.6304 Y-227.6562
G0 X22.0924 Y-228.1182 F15000.0
G1 X22.4966 Y-229.8505 F12000.0
G1 X23.3628 Y-230.9477
G1 X23.4783 Y-229.5041
G1 X22.2656 Y-229.5618
G1 X22.0924 Y-228.3492
G0 X23.4783 Y-227.1943 F15000.0
G1 X23.7092 Y-226.9633 F12000.0
G0 X25.3261 Y-224.4226 F15000.0
G1 X25.5571 Y-224.4226 F12000.0
G0 X24.6332 Y-222.3438 F15000.0
G1 X24.1135 Y-222.8635 F12000.0
G1 X24.4022 Y-222.1128
G0 X26.4810 Y-221.1889 F15000.0
G1 X26.3655 Y-221.7086 F12000.0
G1 X27.5781 Y-221.3621
G1 X26.7120 Y-221.1889
G0 X25.7880 Y-219.8030 F15000.0
G1 X26.9429 Y-220.5537 F12000.0
G1 X24.3444 Y-221.1311
G1 X25.5571 Y-219.8030
G0 X27.6359 Y-218.8791 F15000.0
G1 X29.5414 Y-219.9185 F12000.0
G1 X27.8668 Y-219.1101
G0 X30.4076 Y-215.8764 F15000.0
G1 X29.7147 Y-216.9158 F12000.0
G1 X31.2160 Y-216.3383
G1 X30.6386 Y-215.8764
G0 X34.7962 Y-218.4171 F15000.0
G1 X34.0455 Y-220.5537 F12000.0
G1 X35.4891 Y-218.8213
G1 X34.7962 Y-218.6481
G0 X36.8750 Y-217.4932 F15000.0
G1 X36.1243 Y-218.1861 F12000.0
G1 X36.8750 Y-218.7058
G1 X36.8750 Y-217.2622
G0 X40.5707 Y-215.6454 F15000.0
G1 X41.3213 Y-216.9158 F12000.0
G1 X39.0693 Y-216.8580
G1 X42.0720 Y-216.1651
G1 X40.8016 Y-215.6454
G0 X41.7255 Y-214.2595 F15000.0
G3 X41.4946 Y-214.0285 I-1.1421 J-0.9112 F12000.0
G0 X41.9565 Y-213.7976 F15000.0
G1 X41.4946 Y-215.0102 F12000.0
G1 X37.9721 Y-214.5482
G1 X36.5863 Y-215.2989
G1 X37.9721 Y-215.1834
G1 X38.8961 Y-216.2228
G1 X42.1875 Y-214.0285
G0 X45.1617 Y-212.1879 F15000.0
G1 X48.6287 Y-214.0314 F12000.0
G0 X50.8721 Y-215.2242 F15000.0
G1 X64.3322 Y-222.3811 F12000.0
G0 X64.3614 Y-222.5747 F15000.0
G1 X65.4586 Y-223.2099 F12000.0
G1 X64.7656 Y-222.9212
G1 X64.5924 Y-222.8057
G0 X63.2065 Y-222.8057 F15000.0
G1 X62.5136 Y-223.7874 F12000.0
G1 X63.0333 Y-224.0761
G1 X63.6685 Y-223.9029
G1 X63.2065 Y-223.5564
G1 X63.7262 Y-223.1522
G1 X62.9755 Y-223.0367
G0 X65.9783 Y-222.5747 F15000.0
G1 X66.9022 Y-224.1916 F12000.0
G1 X66.7867 Y-225.5774
G1 X66.9599 Y-225.1732
G1 X66.6135 Y-226.2126
G1 X65.1121 Y-224.3648
G1 X65.4586 Y-229.6196
G1 X63.2643 Y-229.0421
G1 X64.1882 Y-230.6590
G1 X63.5530 Y-230.4857
G1 X62.6868 Y-231.5829
G1 X62.5713 Y-229.1576
G1 X62.2249 Y-232.4490
G1 X61.1855 Y-230.7745
G1 X60.6658 Y-229.0999
G1 X61.4742 Y-227.8872
G1 X60.2615 Y-227.5408
G1 X60.3770 Y-228.4069
G1 X60.7235 Y-227.1943
G1 X62.8601 Y-228.0605
G1 X62.9178 Y-230.3125
G1 X63.4952 Y-228.6957
G1 X64.8811 Y-228.6957
G1 X60.2038 Y-225.6929
G1 X59.5686 Y-227.7717
G1 X57.8940 Y-227.8295
G1 X58.1827 Y-227.4830
G1 X56.3927 Y-228.0605
G1 X56.1039 Y-228.9266
G1 X57.1433 Y-227.0788
G1 X57.5476 Y-226.0394
G1 X56.5082 Y-226.1549
G1 X56.9701 Y-226.4436
G1 X55.9885 Y-226.5014
G1 X56.1617 Y-225.6352
G1 X53.7364 Y-226.5014
G1 X54.6026 Y-225.3465
G1 X53.9096 Y-225.9239
G1 X53.6209 Y-225.2310
G1 X56.1617 Y-224.8845
G1 X57.0279 Y-225.2310
G1 X56.9701 Y-225.6929
G1 X58.8179 Y-224.4803
G1 X57.7208 Y-226.0971
G1 X59.4531 Y-226.5014
G1 X59.3954 Y-225.5197
G1 X58.4137 Y-226.0394
G1 X60.2038 Y-224.3071
G1 X63.2643 Y-226.0394
G1 X63.3798 Y-225.5774
G1 X64.4192 Y-227.8872
G1 X65.0543 Y-228.7534
G1 X64.5924 Y-229.3308
G1 X65.8628 Y-228.7534
G1 X65.6895 Y-224.7113
G1 X66.4402 Y-225.1155
G1 X66.9022 Y-223.6141
G1 X65.9783 Y-222.3438
G0 X67.7320 Y-222.8750 F15000.0
G1 X102.1982 Y-241.2010 F12000.0
G0 X101.9942 Y-241.0925 F15000.0
G1 X68.3438 Y-223.2003 F12000.0
G0 X68.0716 Y-223.7124 F15000.0
G1 X101.9259 Y-241.7131 F12000.0
G0 X101.7219 Y-241.6046 F15000.0
G1 X68.2755 Y-223.8208 F12000.0
G0 X67.7993 Y-224.2245 F15000.0
G1 X102.0615 Y-242.4420 F12000.0
G0 X101.6536 Y-242.2252 F15000.0
G1 X68.2071 Y-224.4414 F12000.0
G0 X68.1388 Y-225.0619 F15000.0
G1 X101.7892 Y-242.9542 F12000.0
G0 X101.5852 Y-242.8457 F15000.0
G1 X68.3427 Y-225.1704 F12000.0
G0 X68.0704 Y-225.6825 F15000.0
G1 X101.5169 Y-243.4663 F12000.0
G0 X101.9248 Y-243.6831 F15000.0
G1 X67.8665 Y-225.5740 F12000.0
G0 X68.0021 Y-226.3030 F15000.0
G1 X101.8564 Y-244.3037 F12000.0
G0 X101.6525 Y-244.1952 F15000.0
G1 X68.0021 Y-226.3030 F12000.0
G0 X68.1377 Y-227.0320 F15000.0
G1 X101.5841 Y-244.8158 F12000.0
G0 X101.5158 Y-245.4363 F15000.0
G1 X67.8654 Y-227.5441 F12000.0
G1 X101.7197 Y-245.5448 F12000.0
G0 X101.6514 Y-246.1653 F15000.0
G1 X67.7970 Y-228.1647 F12000.0
G0 X67.5931 Y-228.0562 F15000.0
G1 X101.8553 Y-246.2738 F12000.0
G0 X101.5830 Y-246.7859 F15000.0
G1 X67.7287 Y-228.7852 F12000.0
G0 X67.5247 Y-228.6768 F15000.0
G1 X101.7869 Y-246.8943 F12000.0
G0 X101.5146 Y-247.4064 F15000.0
G1 X67.6603 Y-229.4058 F12000.0
G0 X66.8446 Y-228.9720 F15000.0
G1 X102.3304 Y-247.8402 F12000.0
G0 X102.9422 Y-248.1655 F15000.0
G1 X103.5541 Y-248.4908 F12000.0
G0 X106.2748 Y-247.3099 F15000.0
G1 X38.5661 Y-211.3085 F12000.0
G0 X37.1060 Y-209.4090 F15000.0
G1 X38.7228 Y-209.4090 F12000.0
G1 X38.2609 Y-210.1019
G1 X38.6651 Y-210.7371
G1 X36.8750 Y-212.2385
G1 X37.3947 Y-210.5639
G1 X36.4130 Y-211.1990
G1 X37.0482 Y-209.4667
G1 X36.1821 Y-210.2174
G1 X36.8750 Y-209.1780
G0 X38.9538 Y-207.7921 F15000.0
G1 X40.2819 Y-210.4484 F12000.0
G1 X40.6861 Y-208.7738
G1 X40.8016 Y-210.4484
G1 X38.9538 Y-207.5611
G0 X36.6440 Y-206.4062 F15000.0
G2 X36.4130 Y-206.1753 I0.8768 J1.1078 F12000.0
G0 X40.3397 Y-201.5557 F15000.0
G1 X38.3764 Y-202.5374 F12000.0
G1 X38.7806 Y-203.1726
G1 X41.3213 Y-202.3064
G1 X40.5707 Y-201.3247
G0 X43.1114 Y-204.0965 F15000.0
G1 X44.0931 Y-204.3852 F12000.0
G1 X43.4579 Y-205.1936
G1 X42.3030 Y-207.1569
G1 X42.5340 Y-206.8105
G1 X40.8016 Y-205.0781
G1 X42.8804 Y-204.3274
G0 X45.7780 Y-204.6329 F15000.0
G1 X29.0548 Y-195.7410 F12000.0
G0 X30.1766 Y-195.3193 F15000.0
G1 X28.3288 Y-196.2432 F12000.0
G1 X29.5992 Y-196.4742
G1 X31.1005 Y-195.0306
G1 X30.1766 Y-195.0883
G0 X30.4076 Y-191.1617 F15000.0
G1 X31.2160 Y-192.3743 F12000.0
G1 X32.0245 Y-191.9124
G1 X33.0639 Y-193.0095
G1 X33.1216 Y-193.8179
G1 X33.5836 Y-193.2405
G1 X34.0455 Y-194.9728
G1 X33.6413 Y-192.3743
G1 X35.4891 Y-192.9518
G1 X30.4076 Y-190.9307
G0 X29.4837 Y-190.9307 F15000.0
G1 X28.9640 Y-194.0489 F12000.0
G1 X29.1950 Y-192.1433
G1 X29.8302 Y-192.8940
G1 X29.2527 Y-190.9307
G0 X27.1543 Y-189.4754 F15000.0
G1 X146.8681 Y-253.1283 F12000.0
G0 X150.4740 Y-249.7905 F15000.0
G1 X152.5134 Y-250.8749 F12000.0
G0 X151.4402 Y-249.3682 F15000.0
G1 X150.6318 Y-250.3499 F12000.0
G1 X152.4219 Y-249.4260
G1 X151.6712 Y-249.1372
G0 X149.3614 Y-248.6753 F15000.0
G1 X148.4952 Y-251.4470 F12000.0
G1 X149.1304 Y-248.6753
G0 X146.3952 Y-247.6218 F15000.0
G1 X144.7637 Y-246.7543 F12000.0
G0 X144.9728 Y-247.9823 F15000.0
G1 X144.3376 Y-248.2711 F12000.0
G1 X145.7235 Y-251.8512
G1 X142.4898 Y-252.8906
G1 X146.0122 Y-252.3132
G1 X148.4952 Y-252.4864
G1 X147.9755 Y-252.7174
G1 X149.3614 Y-252.8329
G1 X146.7052 Y-251.4470
G1 X146.4742 Y-251.9090
G1 X145.3770 Y-249.1950
G1 X145.3193 Y-248.3865
G1 X144.7418 Y-248.2133
G0 X142.4321 Y-248.9062 F15000.0
G3 X142.2011 Y-248.9062 I-0.1155 J-0.7286 F12000.0
G0 X142.4321 Y-246.1345 F15000.0
G1 X143.5292 Y-248.3865 F12000.0
G1 X143.5292 Y-246.3655
G1 X142.4321 Y-245.9035
G0 X140.2769 Y-244.3686 F15000.0
G1 X133.5469 Y-240.7902 F12000.0
G0 X131.3035 Y-239.5974 F15000.0
G1 X128.6523 Y-238.1877 F12000.0
G0 X128.1114 Y-240.3601 F15000.0
G1 X129.2086 Y-240.7643 F12000.0
G1 X127.7072 Y-241.2840
G1 X127.8804 Y-240.5910
G0 X128.8043 Y-241.5149 F15000.0
G1 X129.6705 Y-243.0163 F12000.0
G1 X131.8648 Y-243.5360
G1 X127.3607 Y-242.5543
G1 X128.5734 Y-241.7459
G0 X125.1087 Y-243.3628 F15000.0
G1 X124.8777 Y-243.3628 F12000.0
G0 X123.9538 Y-242.4389 F15000.0
G1 X124.7045 Y-242.7276 F12000.0
G1 X123.0299 Y-244.9219
G1 X122.3947 Y-244.2289
G1 X123.7228 Y-242.6698
G0 X124.4158 Y-244.9796 F15000.0
G1 X124.6467 Y-247.9246 F12000.0
G1 X123.5496 Y-246.8852
G1 X125.5707 Y-248.3288
G1 X124.6467 Y-245.2106
G0 X121.8750 Y-244.7486 F15000.0
G3 X121.6440 Y-244.9796 I0.6729 J-0.9039 F12000.0
G0 X120.2582 Y-243.5938 F15000.0
G1 X120.6046 Y-244.8064 F12000.0
G1 X120.2004 Y-244.5177
G1 X120.0272 Y-246.3077
G1 X120.4314 Y-246.4232
G1 X120.8933 Y-250.7541
G1 X120.9511 Y-247.1739
G1 X121.4130 Y-244.1712
G1 X120.4891 Y-243.3628
G0 X118.3813 Y-243.2367 F15000.0
G1 X136.9399 Y-253.1046 F12000.0
G0 X139.1984 Y-250.2921 F15000.0
G1 X137.6393 Y-251.5048 F12000.0
G1 X137.3505 Y-252.0245
G1 X139.9490 Y-250.6386
G1 X139.4293 Y-250.2921
G0 X134.1168 Y-250.7541 F15000.0
G1 X136.0224 Y-251.1583 F12000.0
G1 X133.8859 Y-250.5231
G0 X134.1168 Y-244.9796 F15000.0
G1 X133.4817 Y-246.9429 F12000.0
G1 X131.9226 Y-247.2894
G1 X132.6155 Y-249.1950
G1 X132.9042 Y-247.8091
G1 X132.7887 Y-250.0034
G1 X135.5605 Y-250.3499
G1 X134.3478 Y-246.9429
G1 X134.1168 Y-244.7486
G0 X134.8098 Y-244.5177 F15000.0
G1 X136.1379 Y-247.7514 F12000.0
G1 X136.5421 Y-247.2894
G1 X135.7337 Y-248.4443
G1 X137.4660 Y-248.5020
G1 X138.5054 Y-246.5387
G1 X136.3689 Y-245.5571
G1 X137.1773 Y-245.4416
G1 X135.6760 Y-245.3838
G1 X135.0408 Y-244.2867
G0 X137.1196 Y-240.5910 F15000.0
G1 X136.4844 Y-240.9375 F12000.0
G1 X137.4660 Y-241.0530
G1 X137.4083 Y-241.8614
G1 X138.1012 Y-242.0924
G1 X138.1012 Y-241.2262
G1 X137.3505 Y-240.5910
G0 X139.1984 Y-241.0530 F15000.0
G1 X140.0068 Y-241.8614 F12000.0
G1 X139.3139 Y-242.5543
G1 X139.1984 Y-241.2840
G0 X138.9674 Y-238.5122 F15000.0
G1 X139.7758 Y-239.7249 F12000.0
G1 X136.4266 Y-239.7249
G1 X138.3899 Y-239.3784
G1 X138.7364 Y-238.5122
G0 X141.9701 Y-238.5122 F15000.0
G1 X142.3166 Y-241.1107 F12000.0
G1 X141.0462 Y-239.5516
G1 X142.7785 Y-240.9952
G1 X142.2011 Y-238.7432
G0 X144.0489 Y-238.7432 F15000.0
G1 X144.2799 Y-240.4178 F12000.0
G1 X141.7391 Y-242.0924
G1 X140.5842 Y-240.8220
G1 X141.4504 Y-243.9402
G1 X140.8152 Y-244.2289
G1 X145.0883 Y-243.9402
G1 X141.6814 Y-243.8825
G1 X145.2615 Y-240.0713
G1 X146.1277 Y-240.8220
G1 X144.2799 Y-238.9742
G0 X144.9728 Y-241.0530 F15000.0
G1 X144.9151 Y-243.4783 F12000.0
G1 X144.9728 Y-242.4389
G1 X144.3376 Y-242.5543
G1 X145.7235 Y-241.9192
G1 X145.2038 Y-241.0530
G0 X143.1250 Y-242.2079 F15000.0
G1 X142.8363 Y-243.2473 F12000.0
G1 X142.8940 Y-242.2079
G0 X147.2826 Y-238.2812 F15000.0
G1 X147.0516 Y-239.1474 F12000.0
G1 X148.0333 Y-239.0897
G1 X147.5136 Y-238.2812
G0 X150.3440 Y-239.2111 F15000.0
G1 X152.3834 Y-240.2955 F12000.0
G0 X156.2908 Y-239.4361 F15000.0
G1 X158.5428 Y-240.5910 F12000.0
G1 X159.2357 Y-240.5333
G1 X157.3302 Y-239.0319
G1 X156.2908 Y-239.2052
G0 X157.9076 Y-236.4334 F15000.0
G1 X158.2541 Y-237.7615 F12000.0
G1 X159.5822 Y-237.2418
G1 X157.9076 Y-236.2024
G0 X159.9864 Y-237.3573 F15000.0
G1 X162.4117 Y-237.4151 F12000.0
G1 X160.2174 Y-237.3573
G0 X162.0652 Y-237.8193 F15000.0
G1 X161.7188 Y-239.0319 F12000.0
G1 X160.8526 Y-237.9348
G1 X159.5245 Y-238.4545
G1 X159.4090 Y-241.3417
G1 X162.2962 Y-237.5883
G0 X163.5352 Y-240.9699 F15000.0
G1 X119.6877 Y-217.6558 F12000.0
G0 X119.7962 Y-218.1861 F15000.0
G1 X118.9878 Y-218.4749 F12000.0
G1 X120.1427 Y-219.8607
G1 X119.9117 Y-220.4382
G1 X120.0272 Y-218.4171
G0 X117.4864 Y-218.6481 F15000.0
G1 X115.9851 Y-219.9762 F12000.0
G1 X117.2554 Y-218.6481
G0 X117.8523 Y-216.6798 F15000.0
G1 X36.4795 Y-173.4132 F12000.0
G0 X37.3370 Y-171.7595 F15000.0
G1 X37.3947 Y-172.3947 F12000.0
G1 X37.9721 Y-172.2792
G1 X37.1637 Y-172.1060
G1 X37.5679 Y-171.7595
G0 X38.4539 Y-169.2079 F15000.0
G1 X41.1052 Y-170.6176 F12000.0
G0 X41.4946 Y-170.8356 F15000.0
G1 X39.9932 Y-172.9721 F12000.0
G1 X41.4946 Y-171.0666
G0 X40.1087 Y-169.9117 F15000.0
G1 X40.5129 Y-170.8356 F12000.0
G1 X39.2425 Y-172.3947
G1 X39.3580 Y-173.3186
G1 X39.3580 Y-170.0849
G1 X39.8777 Y-169.6807
G0 X40.8016 Y-168.5258 F15000.0
G1 X45.3635 Y-169.4497 F12000.0
G1 X45.9409 Y-170.2004
G1 X43.6889 Y-169.6807
G1 X42.0720 Y-170.2582
G1 X42.5917 Y-172.4524
G1 X41.9565 Y-171.9327
G1 X42.9959 Y-172.1060
G1 X41.0326 Y-168.2948
G0 X43.8043 Y-169.4497 F15000.0
G2 X44.0353 Y-169.2188 I1.0590 J-0.8281 F12000.0
G0 X46.3451 Y-172.4524 F15000.0
G2 X46.5761 Y-172.4524 I0.1155 J-0.9146 F12000.0
G0 X47.2690 Y-173.1454 F15000.0
G3 X47.2690 Y-173.3764 I0.5948 J-0.1155 F12000.0
G0 X45.6522 Y-174.3003 F15000.0
G1 X45.6522 Y-176.0904 F12000.0
G1 X48.3084 Y-175.2819
G1 X45.8254 Y-175.5707
G1 X45.6522 Y-174.5312
G0 X47.0380 Y-176.3791 F15000.0
G1 X45.8832 Y-177.6495 F12000.0
G1 X47.3845 Y-177.1298
G1 X47.0380 Y-176.6101
G0 X49.8098 Y-175.9171 F15000.0
G1 X49.2901 Y-176.2636 F12000.0
G1 X50.0985 Y-176.5523
G1 X50.0408 Y-175.9171
G0 X50.7337 Y-174.0693 F15000.0
G1 X51.5421 Y-174.8200 F12000.0
G1 X50.0408 Y-175.3397
G1 X50.5027 Y-173.8383
G0 X53.0435 Y-172.2215 F15000.0
G1 X52.4083 Y-173.2031 F12000.0
G1 X53.2745 Y-171.9905
G0 X53.2745 Y-171.0666 F15000.0
G1 X53.9674 Y-171.2398 F12000.0
G1 X51.4844 Y-171.8173
G1 X53.0435 Y-171.0666
G0 X55.8152 Y-170.8356 F15000.0
G1 X58.0673 Y-171.6440 F12000.0
G1 X58.7024 Y-172.4524
G1 X60.3193 Y-172.5102
G1 X59.6841 Y-173.3764
G1 X59.5109 Y-171.8750
G1 X57.1433 Y-171.9905
G1 X55.8152 Y-170.6046
G0 X55.8152 Y-172.6834 F15000.0
G1 X55.7575 Y-174.1848 F12000.0
G1 X58.0095 Y-174.0115
G1 X54.8913 Y-174.0115
G1 X55.4110 Y-173.6651
G1 X55.0645 Y-173.2609
G1 X55.5842 Y-172.6834
G0 X59.0489 Y-174.0693 F15000.0
G2 X59.2799 Y-174.0693 I0.1155 J-0.8608 F12000.0
G0 X62.0516 Y-174.3003 F15000.0
G1 X61.5319 Y-176.3213 F12000.0
G1 X61.4164 Y-175.7439
G1 X61.7052 Y-176.3213
G1 X62.2826 Y-174.5312
G0 X62.5136 Y-171.7595 F15000.0
G1 X63.1488 Y-173.4341 F12000.0
G1 X60.6658 Y-173.2609
G1 X62.5136 Y-171.5285
G0 X60.9614 Y-170.6651 F15000.0
G1 X59.3299 Y-169.7976 F12000.0
G0 X60.4348 Y-169.2188 F15000.0
G1 X59.5109 Y-170.7779 F12000.0
G1 X58.4715 Y-171.1243
G1 X61.9939 Y-171.4708
G1 X60.8967 Y-172.5679
G1 X61.4164 Y-171.4130
G1 X60.6658 Y-169.4497
G0 X62.2826 Y-169.2188 F15000.0
G1 X63.3220 Y-172.0482 F12000.0
G1 X64.0149 Y-171.9905
G1 X63.7840 Y-172.4524
G1 X64.0149 Y-171.2398
G1 X64.7079 Y-171.0666
G1 X63.2643 Y-171.1243
G1 X63.0910 Y-169.9117
G1 X63.3220 Y-170.3736
G1 X63.9572 Y-169.6807
G1 X64.2459 Y-170.1427
G1 X62.5136 Y-169.2188
G0 X65.5163 Y-167.3709 F15000.0
G1 X67.8838 Y-168.2948 F12000.0
G1 X67.7683 Y-167.6596
G1 X65.7473 Y-167.3709
G0 X68.5812 Y-164.2063 F15000.0
G1 X77.3507 Y-168.8692 F12000.0
G0 X76.1413 Y-167.6019 F15000.0
G1 X74.9287 Y-169.9694 F12000.0
G1 X76.1990 Y-168.2948
G1 X75.5061 Y-170.6624
G1 X76.8920 Y-171.9327
G1 X73.1963 Y-170.2582
G1 X71.4640 Y-168.8723
G1 X72.5034 Y-169.8539
G1 X70.5401 Y-169.5652
G1 X70.5401 Y-170.5469
G1 X70.9443 Y-169.6807
G1 X72.2724 Y-172.1060
G1 X65.4008 Y-171.8750
G1 X63.0910 Y-174.8777
G1 X57.4898 Y-176.9565
G1 X58.8179 Y-178.7466
G1 X57.0856 Y-178.6889
G1 X59.1644 Y-178.9198
G1 X60.1461 Y-177.4185
G1 X59.7418 Y-178.8621
G1 X61.7629 Y-177.4762
G1 X61.0700 Y-179.2663
G1 X61.9939 Y-179.4973
G1 X61.6474 Y-180.3635
G1 X61.3010 Y-180.0747
G1 X61.7629 Y-183.1929
G1 X59.1644 Y-189.1984
G1 X57.4898 Y-186.3111
G1 X56.3349 Y-187.6970
G1 X56.4504 Y-187.2351
G1 X50.4450 Y-186.6576
G1 X52.3505 Y-187.1196
G1 X50.1562 Y-188.3322
G1 X49.1746 Y-192.7785
G1 X50.9069 Y-193.0095
G1 X51.0802 Y-189.8913
G1 X54.6026 Y-190.0068
G1 X54.3716 Y-190.5842
G1 X56.0462 Y-190.5265
G1 X54.5448 Y-189.8336
G1 X54.5448 Y-188.2745
G1 X57.2011 Y-188.9674
G1 X55.7575 Y-188.7942
G1 X57.7785 Y-189.0829
G1 X56.9124 Y-188.1012
G1 X57.7208 Y-187.6393
G1 X58.8179 Y-189.5448
G1 X58.2405 Y-190.0645
G1 X59.1067 Y-189.7758
G1 X59.2799 Y-190.1800
G1 X61.7052 Y-183.8859
G1 X68.8655 Y-187.2351
G1 X61.9361 Y-183.4239
G1 X63.3220 Y-175.3974
G1 X65.5163 Y-172.3370
G1 X71.0598 Y-172.7412
G1 X67.7106 Y-175.5129
G1 X65.1121 Y-181.4606
G1 X68.1148 Y-177.1875
G1 X64.9389 Y-181.0564
G1 X68.7500 Y-174.4158
G1 X72.7344 Y-172.1637
G1 X74.9864 Y-172.7989
G1 X70.7711 Y-182.6732
G1 X73.7738 Y-174.8200
G1 X75.1019 Y-172.6834
G1 X72.2724 Y-171.7018
G1 X71.2330 Y-169.6230
G1 X73.0231 Y-170.6046
G1 X73.3696 Y-171.4130
G1 X76.8342 Y-171.4708
G1 X75.6216 Y-169.9117
G1 X77.0652 Y-167.7174
G1 X75.9103 Y-167.8329
G0 X73.6005 Y-167.8329 F15000.0
G3 X73.3696 Y-167.6019 I-1.0132 J-0.7822 F12000.0
G0 X75.9103 Y-164.8302 F15000.0
G1 X74.8709 Y-165.5808 F12000.0
G1 X74.9287 Y-167.6596
G1 X75.5061 Y-165.2921
G1 X75.7371 Y-165.6963
G1 X76.0258 Y-165.0034
G1 X76.1413 Y-164.8302
G0 X79.3901 Y-169.9535 F15000.0
G1 X115.6917 Y-189.2554 F12000.0
G0 X115.2144 Y-191.6292 F15000.0
G1 X80.3404 Y-173.0863 F12000.0
G0 X80.6810 Y-171.9537 F15000.0
G1 X111.6801 Y-188.4362 F12000.0
G0 X110.7949 Y-190.5931 F15000.0
G1 X103.4530 Y-186.6893 F12000.0
G0 X103.5214 Y-186.0688 F15000.0
G1 X107.8041 Y-188.3460 F12000.0
G0 X108.9605 Y-187.6471 F15000.0
G1 X103.2502 Y-184.6108 F12000.0
G0 X102.1632 Y-182.7191 F15000.0
G1 X108.4854 Y-186.0807 F12000.0
G0 X108.2142 Y-184.6227 F15000.0
G1 X101.0763 Y-180.8274 F12000.0
G0 X100.1630 Y-179.8438 F15000.0
G1 X102.0109 Y-186.2534 F12000.0
G1 X100.1630 Y-179.6128
G0 X100.6012 Y-179.2610 F15000.0
G1 X107.1273 Y-182.7310 F12000.0
G0 X106.0403 Y-180.8393 F15000.0
G1 X100.3300 Y-177.8030 F12000.0
G0 X98.5462 Y-178.6889 F15000.0
G1 X99.5279 Y-182.1535 F12000.0
G1 X98.5462 Y-178.9198
G0 X98.0855 Y-178.5803 F15000.0
G1 X110.7299 Y-185.3034 F12000.0
G0 X110.5954 Y-182.6043 F15000.0
G1 X97.7471 Y-175.7728 F12000.0
G0 X96.2364 Y-177.5340 F15000.0
G1 X100.7405 Y-186.8886 F12000.0
G1 X106.3995 Y-193.1827
G1 X96.8716 Y-180.5367
G1 X96.0054 Y-177.5340
G0 X95.3125 Y-179.3818 F15000.0
G1 X96.9293 Y-185.9647 F12000.0
G1 X95.3125 Y-179.6128
G0 X92.6452 Y-178.9721 F15000.0
G1 X85.3033 Y-175.0683 F12000.0
G0 X86.0518 Y-174.1525 F15000.0
G1 X85.4400 Y-173.8272 F12000.0
G0 X86.1885 Y-172.9114 F15000.0
G1 X85.5767 Y-172.5861 F12000.0
G0 X85.9174 Y-171.4535 F15000.0
G1 X85.5095 Y-171.2366 F12000.0
G0 X89.1132 Y-171.8389 F15000.0
G1 X90.5408 Y-172.5980 F12000.0
G0 X90.4735 Y-171.2485 F15000.0
G1 X89.4538 Y-170.7063 F12000.0
G0 X89.3071 Y-170.6046 F15000.0
G1 X89.1338 Y-182.6155 F12000.0
G1 X90.5197 Y-187.0618
G1 X88.7874 Y-172.6257
G1 X89.3071 Y-170.3736
G0 X89.7945 Y-169.5736 F15000.0
G1 X90.4063 Y-169.8989 F12000.0
G0 X90.7469 Y-168.7663 F15000.0
G1 X90.1351 Y-168.4410 F12000.0
G0 X89.4549 Y-168.7362 F15000.0
G1 X92.5141 Y-170.3628 F12000.0
G0 X93.4643 Y-173.4956 F15000.0
G1 X82.0436 Y-167.4231 F12000.0
G0 X81.2950 Y-168.3388 F15000.0
G1 X113.9257 Y-185.6889 F12000.0
G0 X118.1793 Y-187.2351 F15000.0
G1 X122.3370 Y-188.1590 F12000.0
G1 X118.4103 Y-187.2351
G0 X118.4103 Y-187.9280 F15000.0
G1 X120.1427 Y-188.6787 F12000.0
G1 X118.6413 Y-187.9280
G0 X123.0299 Y-185.3872 F15000.0
G1 X138.6787 Y-187.9280 F12000.0
G1 X137.9857 Y-188.6209
G1 X142.8363 Y-190.6997
G1 X138.5632 Y-188.5632
G1 X139.0829 Y-187.8125
G1 X143.2982 Y-190.0645
G1 X123.2609 Y-185.3872
G0 X124.6467 Y-184.0014 F15000.0
G1 X132.0380 Y-185.9069 F12000.0
G1 X124.8777 Y-184.2323
G0 X127.6495 Y-182.1535 F15000.0
G1 X134.6365 Y-185.5027 F12000.0
G1 X133.7126 Y-184.2323
G1 X133.9436 Y-184.6943
G1 X134.5788 Y-184.4633
G1 X136.3689 Y-185.7914
G1 X137.7548 Y-185.6760
G1 X132.6732 Y-183.8859
G1 X132.9620 Y-185.0985
G1 X130.9986 Y-183.5394
G1 X131.6916 Y-184.5788
G1 X127.8804 Y-182.3845
G0 X131.1141 Y-188.3899 F15000.0
G1 X137.4083 Y-189.6026 F12000.0
G1 X134.3478 Y-193.1250
G1 X135.8492 Y-193.7024
G1 X134.3478 Y-196.1855
G1 X133.8281 Y-196.1277
G1 X133.3084 Y-196.8207
G1 X134.0591 Y-195.2038
G1 X133.0197 Y-190.5842
G1 X133.1929 Y-198.7840
G1 X133.5971 Y-199.6501
G1 X129.2086 Y-202.8261
G1 X131.7493 Y-203.5190
G1 X131.4029 Y-204.4429
G1 X129.2663 Y-205.3091
G1 X130.7677 Y-205.3668
G1 X129.4395 Y-204.9049
G1 X132.1535 Y-204.6162
G1 X132.9620 Y-203.4035
G1 X132.2690 Y-205.5978
G1 X131.5183 Y-205.5401
G1 X128.1692 Y-207.0414
G1 X128.2269 Y-205.7133
G1 X128.7466 Y-205.8865
G1 X125.0510 Y-200.6895
G1 X123.5496 Y-202.0177
G1 X124.1848 Y-202.0177
G1 X123.5496 Y-201.4980
G1 X125.3397 Y-200.9205
G1 X125.6284 Y-202.1332
G1 X125.2819 Y-201.9022
G1 X125.4552 Y-202.5951
G1 X124.4735 Y-202.7106
G1 X124.4735 Y-207.0992
G1 X124.2425 Y-205.7711
G1 X123.5496 Y-206.4062
G1 X122.9144 Y-205.8865
G1 X119.9117 Y-207.0992
G1 X120.7201 Y-205.8288
G1 X119.5652 Y-203.5190
G1 X122.4524 Y-204.8471
G1 X120.7201 Y-203.4035
G1 X121.4130 Y-203.7500
G1 X116.9667 Y-200.2853
G1 X116.9667 Y-202.0177
G1 X116.1005 Y-201.2670
G1 X115.1189 Y-201.2092
G1 X114.5992 Y-199.1304
G1 X116.1583 Y-200.1698
G1 X115.8118 Y-200.7473
G1 X115.8118 Y-199.5346
G1 X114.3105 Y-199.5346
G1 X120.8933 Y-211.8342
G1 X121.8750 Y-212.4117
G1 X123.1454 Y-211.6610
G1 X122.6257 Y-211.6610
G1 X124.5312 Y-208.6005
G1 X123.6073 Y-208.0231
G1 X123.6073 Y-208.4273
G1 X124.1270 Y-207.9076
G1 X124.4158 Y-209.1202
G1 X122.6834 Y-209.7554
G1 X124.1270 Y-206.9260
G1 X126.3791 Y-205.5401
G1 X126.6101 Y-204.8471
G1 X127.9959 Y-205.3668
G1 X127.0143 Y-206.9260
G1 X127.0143 Y-205.4823
G1 X127.1298 Y-206.9837
G1 X127.7649 Y-207.4457
G1 X125.6861 Y-208.1963
G1 X129.3818 Y-208.4273
G1 X128.2846 Y-208.4851
G1 X128.8043 Y-207.2147
G1 X130.0170 Y-207.9654
G1 X129.3818 Y-206.9837
G1 X130.5944 Y-207.3302
G1 X130.5367 Y-207.8499
G1 X132.2690 Y-208.8893
G1 X131.4029 Y-208.4273
G1 X129.4395 Y-211.6610
G1 X128.3424 Y-210.6793
G1 X128.8621 Y-210.2174
G1 X127.0143 Y-209.9864
G1 X126.7255 Y-210.9103
G1 X128.1114 Y-211.4300
G1 X127.8227 Y-212.5849
G1 X129.3240 Y-212.1230
G1 X128.6889 Y-212.5272
G1 X129.4395 Y-214.4327
G1 X130.5367 Y-213.5088
G1 X130.9986 Y-217.5510
G1 X131.3451 Y-218.5904
G1 X129.6705 Y-217.7819
G1 X127.2452 Y-218.2439
G1 X128.9198 Y-216.5115
G1 X127.1298 Y-215.3567
G1 X125.4552 Y-216.1651
G1 X125.6861 Y-215.8186
G1 X125.2242 Y-216.5115
G1 X127.8804 Y-217.3200
G1 X126.3791 Y-217.7819
G1 X126.2058 Y-217.1467
G1 X126.4368 Y-217.5510
G1 X125.3974 Y-219.4565
G1 X124.4158 Y-218.7058
G1 X124.8200 Y-219.9185
G1 X125.5707 Y-220.0340
G1 X122.5679 Y-219.6875
G1 X123.8961 Y-219.3410
G1 X123.4918 Y-218.8791
G1 X122.6834 Y-219.1101
G1 X121.6440 Y-214.3750
G1 X122.3947 Y-213.6821
G1 X121.9327 Y-213.2779
G1 X124.0693 Y-214.6060
G1 X123.1454 Y-214.5482
G1 X124.8777 Y-214.6637
G1 X124.2425 Y-212.3539
G1 X124.3580 Y-214.2018
G1 X121.6440 Y-213.3933
G1 X121.2398 Y-214.3173
G1 X113.7908 Y-200.1121
G1 X113.0978 Y-201.4980
G1 X112.0584 Y-200.2276
G1 X111.2500 Y-196.1277
G1 X112.2894 Y-198.4375
G1 X112.2894 Y-201.2670
G1 X113.0401 Y-203.5768
G1 X111.1345 Y-201.0360
G1 X111.3655 Y-200.4586
G1 X111.4232 Y-201.9022
G1 X112.9246 Y-203.5768
G1 X113.5598 Y-202.9993
G1 X113.8485 Y-202.3064
G1 X114.4260 Y-201.6135
G1 X115.6963 Y-206.3485
G1 X116.3893 Y-205.1936
G1 X120.4891 Y-213.3933
G1 X119.3920 Y-212.5849
G1 X119.1610 Y-213.1046
G1 X121.0088 Y-214.8947
G1 X118.7568 Y-214.9524
G1 X117.2554 Y-216.2806
G1 X117.7751 Y-217.8397
G1 X119.4497 Y-216.3383
G1 X119.0455 Y-217.1467
G1 X119.2188 Y-215.9341
G1 X117.8906 Y-215.2989
G1 X119.2188 Y-214.9524
G1 X121.4708 Y-216.5115
G1 X121.1243 Y-216.8580
G1 X122.3370 Y-217.8397
G1 X121.9905 Y-219.1101
G1 X122.6834 Y-217.8974
G1 X121.4130 Y-220.4382
G1 X122.3370 Y-221.1311
G1 X121.9327 Y-221.4776
G1 X123.0876 Y-221.8240
G1 X121.9327 Y-222.3438
G1 X123.2609 Y-221.5353
G1 X123.6651 Y-220.3804
G1 X125.1664 Y-221.1889
G1 X124.2425 Y-222.4015
G1 X123.8383 Y-221.4198
G1 X124.4158 Y-222.6902
G1 X125.5129 Y-222.1128
G1 X127.1298 Y-222.5170
G1 X126.4946 Y-223.9606
G1 X127.5340 Y-222.0550
G1 X126.9565 Y-225.9239
G1 X127.8227 Y-224.3648
G1 X129.7860 Y-224.4803
G1 X128.3424 Y-222.3438
G1 X127.7072 Y-222.8057
G1 X126.4946 Y-221.1311
G1 X125.6861 Y-222.1705
G1 X128.1692 Y-220.3227
G1 X127.9959 Y-221.5353
G1 X131.9226 Y-222.1128
G1 X130.5367 Y-221.3621
G1 X130.7099 Y-222.4015
G1 X127.8227 Y-221.0156
G1 X129.4973 Y-219.2255
G1 X132.0958 Y-219.3410
G1 X131.6338 Y-220.3227
G1 X130.4789 Y-220.2072
G1 X133.5971 Y-221.9973
G1 X132.3845 Y-222.6325
G1 X132.7310 Y-226.7323
G1 X133.4817 Y-228.2914
G1 X133.1352 Y-227.7140
G1 X133.7704 Y-228.7534
G1 X134.7520 Y-226.9633
G1 X135.1562 Y-230.0238
G1 X134.8675 Y-228.1182
G1 X134.7520 Y-229.7351
G1 X134.3478 Y-229.2154
G1 X132.8465 Y-229.4463
G1 X130.0747 Y-228.0605
G1 X129.9015 Y-228.9266
G1 X128.9776 Y-229.4463
G1 X130.7677 Y-230.4280
G1 X129.2663 Y-228.6957
G1 X130.3057 Y-228.8111
G1 X130.3057 Y-227.7717
G1 X131.2874 Y-230.1970
G1 X131.5183 Y-228.5224
G1 X133.4817 Y-229.9660
G1 X134.4056 Y-229.9083
G1 X134.1746 Y-230.3125
G1 X135.6760 Y-230.6590
G1 X134.8098 Y-233.6039
G1 X136.7731 Y-231.8716
G1 X139.2561 Y-231.2942
G1 X139.9490 Y-232.6800
G1 X138.7364 Y-232.6223
G1 X138.8519 Y-233.4885
G1 X139.4871 Y-234.0082
G1 X141.1617 Y-232.3336
G1 X143.1250 Y-231.8139
G1 X143.1250 Y-230.5435
G1 X143.7602 Y-232.5068
G1 X145.0883 Y-233.0265
G1 X144.9151 Y-230.6590
G1 X144.4531 Y-231.1209
G1 X143.8179 Y-230.6012
G1 X144.0489 Y-231.2942
G1 X143.1250 Y-228.5802
G1 X142.4321 Y-229.6773
G1 X143.0095 Y-228.7534
G1 X141.9701 Y-230.1393
G1 X141.4504 Y-228.2914
G1 X143.8179 Y-228.1760
G1 X142.8363 Y-227.3675
G1 X141.6236 Y-227.5408
G1 X142.3166 Y-226.3859
G1 X141.0462 Y-227.4830
G1 X140.0068 Y-227.8872
G1 X140.4110 Y-225.9817
G1 X145.3770 Y-226.4436
G1 X144.3954 Y-226.9056
G1 X145.3770 Y-228.1760
G1 X147.2249 Y-234.0659
G1 X146.0122 Y-233.3730
G1 X144.4531 Y-234.7588
G1 X142.4898 Y-233.6617
G1 X142.6053 Y-233.1997
G1 X142.4898 Y-234.7011
G1 X141.0462 Y-233.0842
G1 X141.2772 Y-233.8349
G1 X137.3505 Y-236.4912
G1 X138.0435 Y-238.0503
G1 X138.4477 Y-237.5306
G1 X137.5238 Y-237.5883
G1 X140.5842 Y-235.4518
G1 X141.7969 Y-237.2418
G1 X139.3716 Y-236.0870
G1 X138.2745 Y-236.8376
G1 X140.8152 Y-237.8770
G1 X139.1984 Y-237.9348
G1 X142.3743 Y-237.7038
G1 X142.9518 Y-236.9531
G1 X144.1067 Y-237.8193
G1 X143.4137 Y-238.6855
G1 X145.7812 Y-237.1841
G1 X144.5686 Y-235.5095
G1 X145.3193 Y-236.0292
G1 X144.5109 Y-235.1630
G1 X146.1855 Y-234.8166
G1 X146.3587 Y-235.7982
G1 X146.8784 Y-234.8743
G1 X146.1277 Y-236.6644
G1 X147.1671 Y-236.0292
G1 X147.1671 Y-234.2969
G1 X147.7446 Y-236.8954
G1 X148.2065 Y-236.0292
G1 X148.0910 Y-234.7588
G1 X148.7840 Y-235.6250
G1 X149.7079 Y-235.1630
G1 X150.8628 Y-235.5673
G1 X150.2276 Y-232.3913
G1 X150.5740 Y-232.6223
G1 X150.5740 Y-231.6406
G1 X147.6291 Y-234.4124
G1 X145.2038 Y-226.4436
G1 X145.6658 Y-225.8662
G1 X145.8967 Y-224.3071
G1 X146.5319 Y-225.4620
G1 X146.3010 Y-221.7663
G1 X148.4952 Y-222.1705
G1 X149.4192 Y-219.7452
G1 X149.2459 Y-221.0156
G1 X152.1332 Y-221.7663
G1 X149.8234 Y-218.9946
G1 X150.2853 Y-219.2255
G1 X149.8234 Y-218.7058
G1 X147.8601 Y-219.8607
G1 X147.2249 Y-219.5720
G1 X144.1067 Y-221.3043
G1 X142.7785 Y-220.1495
G1 X142.9518 Y-219.3988
G1 X142.3166 Y-220.0917
G1 X142.4898 Y-218.9946
G1 X140.0068 Y-219.6298
G1 X140.8152 Y-219.9762
G1 X140.1800 Y-221.7663
G1 X138.1590 Y-219.7452
G1 X137.1196 Y-219.5720
G1 X137.5238 Y-219.0523
G1 X135.2140 Y-219.3410
G1 X138.6787 Y-218.6481
G1 X139.7181 Y-218.8213
G1 X139.5448 Y-217.0312
G1 X139.0251 Y-218.9368
G1 X137.7548 Y-217.3200
G1 X138.9674 Y-216.9158
G1 X136.5999 Y-217.3200
G1 X138.1012 Y-216.9735
G1 X138.3322 Y-218.3594
G1 X134.2901 Y-218.2439
G1 X135.3872 Y-218.9368
G1 X136.0802 Y-220.7846
G1 X136.7154 Y-220.9001
G1 X136.8308 Y-221.9395
G1 X134.8098 Y-220.4382
G1 X137.0618 Y-223.0367
G1 X137.9857 Y-224.0183
G1 X138.3322 Y-223.6719
G1 X137.4660 Y-223.8451
G1 X138.9096 Y-223.7874
G1 X139.6026 Y-225.0577
G1 X137.4660 Y-226.5014
G1 X137.4083 Y-227.8872
G1 X135.6182 Y-224.8845
G1 X133.6549 Y-225.6352
G1 X134.4056 Y-226.9056
G1 X132.5000 Y-223.9606
G1 X133.5394 Y-222.9789
G1 X134.4056 Y-224.3071
G1 X133.5394 Y-224.0761
G1 X135.1562 Y-223.8451
G1 X134.0591 Y-221.4776
G1 X133.7126 Y-222.0550
G1 X133.7126 Y-220.6692
G1 X132.2113 Y-220.3227
G1 X132.4423 Y-217.2622
G1 X132.3268 Y-217.6664
G1 X132.2690 Y-216.8580
G1 X130.9986 Y-215.8764
G1 X130.7099 Y-212.2962
G1 X131.6916 Y-211.5455
G1 X131.9226 Y-212.0652
G1 X131.2874 Y-211.4878
G1 X129.7283 Y-213.1624
G1 X130.2480 Y-213.4511
G1 X128.7466 Y-214.4905
G1 X132.9620 Y-207.2724
G1 X133.2507 Y-205.4246
G1 X133.9436 Y-204.9049
G1 X134.4056 Y-202.9416
G1 X134.8098 Y-203.9232
G1 X134.5211 Y-204.2120
G1 X136.2534 Y-200.6318
G1 X135.0408 Y-200.9205
G1 X135.9069 Y-202.1332
G1 X133.8281 Y-202.8838
G1 X134.1168 Y-200.7473
G1 X132.8465 Y-200.2276
G1 X133.6549 Y-199.0727
G1 X134.2901 Y-198.0333
G1 X136.0224 Y-193.9912
G1 X138.3322 Y-194.2221
G1 X139.4293 Y-195.6080
G1 X140.6997 Y-195.9545
G1 X140.9307 Y-195.1461
G1 X144.3954 Y-195.7235
G1 X146.0700 Y-194.6264
G1 X148.3220 Y-196.4164
G1 X145.6658 Y-194.5109
G1 X142.3743 Y-193.1827
G1 X141.6814 Y-193.1250
G1 X141.3349 Y-194.0489
G1 X140.2955 Y-192.6630
G1 X140.3533 Y-193.4715
G1 X138.5054 Y-192.9518
G1 X143.4715 Y-195.0883
G1 X141.6236 Y-194.2221
G1 X144.1067 Y-194.9728
G1 X143.4137 Y-196.3010
G1 X141.7969 Y-196.4164
G1 X137.6393 Y-193.8757
G1 X136.5999 Y-193.0673
G1 X138.7364 Y-190.1223
G1 X140.8730 Y-191.3349
G1 X138.2745 Y-191.7391
G1 X142.0856 Y-191.9124
G1 X142.8363 Y-192.4898
G1 X139.1984 Y-191.2194
G1 X140.9307 Y-191.2194
G1 X138.2745 Y-190.1800
G1 X135.7337 Y-192.8363
G1 X137.2351 Y-189.1984
G1 X131.3451 Y-188.3899
G0 X142.4321 Y-176.8410 F15000.0
G1 X141.9124 Y-177.1875 F12000.0
G1 X142.7785 Y-177.0143
G1 X142.0279 Y-178.3424
G1 X143.1827 Y-177.1875
G1 X142.6630 Y-176.8410
G0 X144.5109 Y-174.5312 F15000.0
G1 X148.2643 Y-176.0326 F12000.0
G1 X146.1277 Y-176.4946
G1 X149.5346 Y-176.5523
G1 X149.1304 Y-175.1087
G1 X151.4980 Y-174.9355
G1 X149.5346 Y-175.0510
G1 X152.2486 Y-177.6495
G1 X150.1698 Y-176.6101
G1 X146.4164 Y-177.7072
G1 X149.9966 Y-178.9776
G1 X150.6318 Y-177.9959
G1 X151.5557 Y-178.8043
G1 X149.5346 Y-179.4973
G1 X151.0360 Y-180.1902
G1 X152.0754 Y-180.3057
G1 X150.9205 Y-181.9803
G1 X153.1726 Y-180.9409
G1 X155.3091 Y-182.4423
G1 X155.5401 Y-181.8071
G1 X154.6162 Y-179.9592
G1 X158.1963 Y-179.0931
G1 X161.0258 Y-182.3845
G1 X163.1046 Y-182.7310
G1 X162.0075 Y-182.0380
G1 X163.0469 Y-182.9620
G1 X158.9470 Y-180.7677
G1 X159.0048 Y-181.7493
G1 X157.9076 Y-181.4606
G1 X156.9837 Y-181.9803
G1 X156.0598 Y-181.7493
G1 X156.4062 Y-184.7520
G1 X156.4062 Y-183.3084
G1 X158.3118 Y-184.0014
G1 X158.6583 Y-183.5394
G1 X160.9103 Y-186.6576
G1 X159.6977 Y-186.8886
G1 X160.2751 Y-187.1196
G1 X160.0442 Y-187.5238
G1 X161.0258 Y-188.7364
G1 X160.3906 Y-187.8702
G1 X159.6399 Y-188.2167
G1 X158.9470 Y-186.2534
G1 X158.7738 Y-187.4660
G1 X158.3118 Y-185.7337
G1 X155.3091 Y-185.6760
G1 X154.3852 Y-187.4660
G1 X154.0387 Y-186.9463
G1 X147.6868 Y-185.7337
G1 X148.3798 Y-186.8308
G1 X149.5924 Y-186.6576
G1 X149.4192 Y-187.3505
G1 X150.6318 Y-187.1773
G1 X148.7840 Y-189.8336
G1 X148.2643 Y-188.7942
G1 X147.9178 Y-190.3533
G1 X147.5136 Y-190.5842
G1 X148.7262 Y-187.2351
G1 X146.9939 Y-187.5815
G1 X148.9572 Y-185.6760
G1 X153.4613 Y-187.2351
G1 X153.5190 Y-186.0224
G1 X151.9599 Y-185.3295
G1 X150.9205 Y-185.5027
G1 X154.2697 Y-186.5421
G1 X154.1542 Y-184.6943
G1 X155.0204 Y-184.2323
G1 X154.1542 Y-185.2717
G1 X155.5978 Y-183.7126
G1 X152.8261 Y-181.8648
G1 X152.3064 Y-182.0380
G1 X152.3064 Y-181.4029
G1 X150.0543 Y-182.3845
G1 X150.6318 Y-180.4789
G1 X144.1067 Y-177.0720
G1 X143.9912 Y-176.0904
G1 X145.9545 Y-176.4368
G1 X144.1067 Y-175.2242
G1 X137.8125 Y-176.4946
G1 X140.1800 Y-176.9565
G1 X137.5815 Y-176.9565
G1 X138.7942 Y-177.2452
G1 X137.2351 Y-176.2058
G1 X143.2982 Y-175.0510
G1 X140.2955 Y-175.5707
G1 X144.2799 Y-174.3003
G0 X142.6299 Y-172.0480 F15000.0
G1 X132.4328 Y-166.6261 F12000.0
G0 X135.2717 Y-170.3736 F15000.0
G1 X139.7758 Y-174.9355 F12000.0
G1 X139.3716 Y-175.2819
G1 X139.6026 Y-173.4918
G1 X137.3505 Y-171.0088
G1 X135.5027 Y-170.3736
G0 X143.1250 Y-167.8329 F15000.0
G1 X143.4715 Y-168.9300 F12000.0
G1 X145.0306 Y-169.3342
G1 X143.3560 Y-168.0639
G0 X145.6658 Y-164.8302 F15000.0
G1 X146.9939 Y-165.4654 F12000.0
G1 X145.8967 Y-164.8302
G0 X147.5984 Y-164.1795 F15000.0
G1 X39.7132 Y-106.8160 F12000.0
G0 X42.1875 Y-105.4688 F15000.0
G1 X44.6705 Y-105.6997 F12000.0
G1 X43.4579 Y-106.2194
G1 X42.4185 Y-105.6997
G0 X42.4185 Y-105.2378 F15000.0
G1 X40.5707 Y-105.9885 F12000.0
G1 X42.4762 Y-105.6997
G1 X44.7860 Y-105.3533
G1 X42.6495 Y-105.2378
G0 X43.1152 Y-103.3697 F15000.0
G1 X174.8616 Y-173.4205 F12000.0
G0 X171.9973 Y-178.4579 F15000.0
G3 X171.9973 Y-178.6889 I1.0064 J-0.1155 F12000.0
G0 X161.1413 Y-166.6780 F15000.0
G1 X164.7792 Y-167.6596 F12000.0
G1 X161.1413 Y-166.4470
G0 X158.8315 Y-165.0611 F15000.0
G1 X160.1019 Y-165.4076 F12000.0
G1 X156.9837 Y-165.5808
G1 X159.6399 Y-165.2344
G1 X158.6005 Y-165.0611
G0 X158.1386 Y-164.1372 F15000.0
G1 X168.7636 Y-165.8696 F12000.0
G1 X157.9076 Y-164.1372
G0 X155.5978 Y-167.3709 F15000.0
G1 X154.1542 Y-169.1610 F12000.0
G1 X153.5190 Y-169.0455
G1 X154.6739 Y-168.0061
G1 X154.1542 Y-168.1793
G1 X155.3668 Y-167.3709
G0 X152.9009 Y-166.9989 F15000.0
G1 X151.0654 Y-166.0230 F12000.0
G0 X149.5924 Y-165.5231 F15000.0
G1 X152.8838 Y-166.5048 F12000.0
G1 X151.8444 Y-166.2738
G1 X152.8838 Y-167.0245
G1 X148.8417 Y-167.0245
G1 X149.1304 Y-167.3132
G1 X148.5530 Y-166.8512
G1 X150.5740 Y-166.7357
G1 X149.3614 Y-165.2921
G0 X152.3641 Y-172.4524 F15000.0
G1 X154.3274 Y-173.3186 F12000.0
G1 X153.3458 Y-173.8383
G1 X154.6739 Y-172.7412
G1 X152.5951 Y-172.4524
G0 X149.5639 Y-175.7348 F15000.0
G1 X148.9520 Y-175.4095 F12000.0
G0 X149.1304 Y-180.0747 F15000.0
G1 X145.9545 Y-180.7099 F12000.0
G1 X149.1304 Y-180.3057
G0 X146.3587 Y-179.8438 F15000.0
G1 X147.2249 Y-180.1902 F12000.0
G1 X146.3587 Y-179.6128
G0 X145.6658 Y-181.2296 F15000.0
G1 X147.3404 Y-182.2690 F12000.0
G1 X146.9939 Y-182.0380
G1 X149.3614 Y-182.5000
G1 X145.8967 Y-181.4606
G0 X147.7446 Y-183.7704 F15000.0
G1 X144.3954 Y-186.7154 F12000.0
G1 X142.4321 Y-186.3689
G1 X144.5686 Y-187.4083
G1 X144.6841 Y-188.7364
G1 X145.9545 Y-184.4056
G1 X147.7446 Y-184.0014
G0 X150.0543 Y-187.9280 F15000.0
G1 X151.9022 Y-189.4293 F12000.0
G1 X151.2092 Y-189.6026
G1 X152.7106 Y-189.8336
G1 X151.3825 Y-190.2378
G1 X153.2880 Y-190.6997
G1 X151.9599 Y-188.5632
G1 X150.2853 Y-187.9280
G0 X155.5978 Y-198.0910 F15000.0
G1 X155.1936 Y-199.3037 F12000.0
G1 X158.4273 Y-199.8811
G1 X155.2514 Y-198.8417
G1 X155.5978 Y-198.3220
G0 X156.7527 Y-197.8601 F15000.0
G1 X157.9076 Y-197.9755 F12000.0
G1 X156.9837 Y-197.8601
G0 X153.9810 Y-205.4823 F15000.0
G1 X153.8655 Y-206.4640 F12000.0
G1 X153.9810 Y-205.7133
G0 X152.1332 Y-204.5584 F15000.0
G1 X152.8261 Y-204.9049 F12000.0
G1 X152.2486 Y-206.2330
G1 X151.5557 Y-206.3485
G1 X150.9783 Y-207.6766
G1 X151.7289 Y-204.7894
G1 X151.3825 Y-205.1936
G1 X151.9022 Y-204.3274
G0 X151.9022 Y-207.7921 F15000.0
G1 X153.1726 Y-207.8499 F12000.0
G1 X154.2120 Y-208.9470
G1 X153.1148 Y-209.2357
G1 X151.9022 Y-208.0231
G0 X150.2853 Y-208.0231 F15000.0
G1 X148.6107 Y-210.2751 F12000.0
G1 X150.2853 Y-208.2541
G0 X150.2853 Y-211.0258 F15000.0
G1 X149.8234 Y-212.5272 F12000.0
G1 X150.2853 Y-211.2568
G0 X150.7473 Y-211.9497 F15000.0
G1 X151.0938 Y-213.2779 F12000.0
G1 X150.0543 Y-213.1624
G1 X151.0360 Y-212.7004
G1 X148.4952 Y-212.3539
G1 X149.4769 Y-213.8553
G1 X152.7106 Y-211.8342
G1 X150.9783 Y-211.9497
G0 X153.5190 Y-213.5666 F15000.0
G1 X157.3879 Y-214.7215 F12000.0
G1 X157.0414 Y-218.5904
G1 X156.9837 Y-214.6637
G1 X155.4246 Y-215.7031
G1 X155.1359 Y-215.0102
G1 X155.8865 Y-215.5876
G1 X154.5584 Y-214.0863
G1 X153.7500 Y-213.3356
G0 X153.9810 Y-209.1780 F15000.0
G1 X154.3274 Y-210.5639 F12000.0
G1 X154.9626 Y-209.4090
G1 X154.2120 Y-208.9470
G0 X156.9837 Y-209.4090 F15000.0
G1 X158.0808 Y-212.9314 F12000.0
G1 X158.3696 Y-212.5849
G1 X157.5034 Y-212.9314
G1 X156.9837 Y-209.6399
G0 X157.4457 Y-209.4090 F15000.0
G1 X158.6005 Y-211.7188 F12000.0
G1 X157.7921 Y-211.0836
G1 X157.4457 Y-209.1780
G0 X157.4457 Y-206.6372 F15000.0
G3 X157.6766 Y-206.6372 I0.1155 J-0.9493 F12000.0
G0 X159.5245 Y-207.5611 F15000.0
G1 X159.3512 Y-208.6005 F12000.0
G1 X159.6399 Y-207.7344
G1 X159.9287 Y-208.7160
G1 X160.4484 Y-207.7344
G1 X159.7554 Y-207.5611
G0 X149.8234 Y-215.1834 F15000.0
G1 X151.2092 Y-217.8397 F12000.0
G1 X147.1094 Y-217.9552
G1 X147.5136 Y-215.9341
G1 X148.6685 Y-216.2806
G1 X148.4375 Y-217.4355
G1 X150.3431 Y-215.9341
G1 X149.8234 Y-215.4144
G0 X149.8800 Y-217.9439 F15000.0
G1 X151.3076 Y-218.7030 F12000.0
G0 X151.2092 Y-219.3410 F15000.0
G1 X152.4796 Y-220.4382 F12000.0
G1 X152.9416 Y-219.6298
G1 X151.4402 Y-219.3410
G0 X150.7473 Y-222.3438 F15000.0
G1 X152.9993 Y-224.7690 F12000.0
G1 X153.8077 Y-226.7323
G1 X153.2303 Y-225.3465
G1 X152.3064 Y-224.8845
G1 X151.9022 Y-223.5564
G1 X147.9178 Y-224.0761
G1 X149.5346 Y-225.9817
G1 X149.5346 Y-227.3675
G1 X150.5163 Y-225.7507
G1 X150.3431 Y-225.0577
G1 X151.0360 Y-224.7690
G1 X150.6895 Y-224.3648
G1 X152.7106 Y-225.9817
G1 X150.6318 Y-226.3281
G1 X151.1515 Y-229.0999
G1 X150.9783 Y-229.8505
G1 X152.2486 Y-230.1970
G1 X152.8838 Y-232.1603
G1 X153.8655 Y-231.3519
G1 X152.0754 Y-233.0265
G1 X151.9022 Y-231.2364
G1 X151.9022 Y-233.8349
G1 X152.3641 Y-233.7194
G1 X151.3247 Y-233.3152
G1 X151.4402 Y-231.2942
G1 X151.9599 Y-231.0054
G1 X151.0938 Y-229.9660
G1 X150.4008 Y-230.6590
G1 X149.4769 Y-228.5224
G1 X146.8784 Y-227.5985
G1 X147.6291 Y-223.8451
G1 X151.9022 Y-222.8057
G1 X149.8234 Y-222.6902
G1 X150.5163 Y-222.3438
G0 X151.6712 Y-226.2704 F15000.0
G1 X151.4980 Y-226.6746 F12000.0
G1 X151.9022 Y-226.5014
G0 X150.8258 Y-228.9571 F15000.0
G1 X152.0495 Y-229.6077 F12000.0
G0 X150.0100 Y-228.5233 F15000.0
G1 X145.7273 Y-226.2461 F12000.0
G0 X146.5897 Y-226.5014 F15000.0
G1 X146.0700 Y-227.4253 F12000.0
G1 X148.1488 Y-230.8322
G1 X148.3220 Y-229.4463
G1 X149.6501 Y-231.4096
G1 X149.1304 Y-230.3125
G1 X149.8811 Y-231.5829
G1 X146.5319 Y-231.4674
G1 X146.7629 Y-229.2731
G1 X145.7235 Y-227.1365
G1 X146.8207 Y-226.2704
G0 X147.2826 Y-225.5774 F15000.0
G1 X147.8601 Y-228.2337 F12000.0
G1 X148.7262 Y-228.0027
G1 X148.5530 Y-228.5224
G1 X149.6501 Y-227.5408
G1 X149.2459 Y-225.6352
G1 X147.8023 Y-226.0394
G1 X147.2826 Y-225.3465
G0 X144.5109 Y-228.5802 F15000.0
G3 X144.5109 Y-228.8111 I0.6216 J-0.1155 F12000.0
G0 X141.0462 Y-229.5041 F15000.0
G3 X140.8152 Y-229.2731 I-1.1620 J-0.9301 F12000.0
G0 X140.8152 Y-230.8899 F15000.0
G1 X142.2011 Y-231.5829 F12000.0
G1 X140.9885 Y-231.8716
G1 X140.5842 Y-230.8899
G0 X143.5870 Y-234.1236 F15000.0
G1 X144.2221 Y-234.5856 F12000.0
G1 X144.0489 Y-236.8954
G1 X143.3560 Y-235.5673
G1 X141.9124 Y-237.2418
G1 X143.8179 Y-234.3546
G0 X151.4402 Y-234.8166 F15000.0
G1 X150.9783 Y-236.5489 F12000.0
G1 X153.1148 Y-236.8376
G1 X151.2670 Y-235.9137
G1 X151.4402 Y-235.0476
G0 X151.9022 Y-235.7405 F15000.0
G1 X154.5007 Y-236.7799 F12000.0
G1 X154.9626 Y-237.4151
G1 X153.2303 Y-235.7982
G1 X152.1332 Y-235.7405
G0 X154.2928 Y-230.8005 F15000.0
G1 X170.2003 Y-239.2587 F12000.0
G0 X170.8424 Y-238.2812 F15000.0
G1 X171.3621 Y-238.9742 F12000.0
G1 X170.8424 Y-239.7249
G1 X171.1889 Y-241.8037
G1 X171.4776 Y-241.3417
G1 X171.9973 Y-241.7459
G1 X171.0734 Y-238.2812
G0 X171.6279 Y-240.0177 F15000.0
G1 X172.4436 Y-240.4515 F12000.0
G0 X173.1522 Y-241.7459 F15000.0
G1 X172.4592 Y-243.0740 F12000.0
G1 X171.9973 Y-242.9586
G1 X172.4592 Y-243.1895
G1 X171.5931 Y-244.1135
G1 X170.0340 Y-242.5543
G1 X170.2649 Y-243.6515
G1 X171.9973 Y-244.7486
G1 X172.9212 Y-244.6909
G1 X171.7086 Y-246.5387
G1 X171.3621 Y-246.8852
G1 X173.3254 Y-245.0374
G1 X174.4226 Y-245.4993
G1 X174.0761 Y-244.8641
G1 X174.4226 Y-245.0951
G1 X173.0944 Y-244.1712
G1 X173.7874 Y-244.0557
G1 X174.4803 Y-243.1895
G1 X173.3832 Y-242.4966
G1 X174.2493 Y-242.0924
G1 X173.3832 Y-241.7459
G0 X174.5380 Y-238.9742 F15000.0
G1 X174.0761 Y-240.2446 F12000.0
G1 X174.5380 Y-240.4755
G1 X172.8057 Y-241.2262
G1 X174.5958 Y-241.5727
G1 X172.6325 Y-240.7065
G1 X173.2677 Y-239.6671
G1 X173.7874 Y-240.0136
G1 X174.7690 Y-238.7432
G0 X174.8259 Y-236.4630 F15000.0
G1 X4.9425 Y-146.1344 F12000.0
G0 X5.0075 Y-151.4241 F15000.0
G1 X7.6587 Y-152.8338 F12000.0
G0 X5.9239 Y-151.6644 F15000.0
G1 X9.0421 Y-152.5306 F12000.0
G1 X8.4069 Y-152.3573
G1 X9.9083 Y-152.0686
G1 X9.8505 Y-152.9348
G1 X11.2942 Y-152.3573
G1 X13.1420 Y-152.9348
G1 X12.8533 Y-153.3390
G1 X14.0082 Y-154.7249
G1 X10.9477 Y-152.3573
G1 X5.9239 Y-152.1264
G1 X5.9239 Y-151.4334
G0 X10.0815 Y-148.8927 F15000.0
G1 X11.5829 Y-150.2785 F12000.0
G1 X10.3125 Y-148.8927
G0 X11.4674 Y-149.3546 F15000.0
G1 X12.7378 Y-150.9137 F12000.0
G1 X14.1814 Y-152.4728
G1 X17.7038 Y-153.5700
G1 X17.9925 Y-153.0503
G1 X17.1264 Y-153.5122
G1 X14.1236 Y-151.9531
G1 X16.6644 Y-152.0686
G1 X15.5673 Y-150.9137
G1 X20.9952 Y-151.5489
G1 X19.3784 Y-151.8376
G1 X22.3811 Y-151.6067
G1 X11.6984 Y-149.5856
G0 X11.6984 Y-147.0448 F15000.0
G1 X11.9871 Y-147.7955 F12000.0
G1 X11.1209 Y-147.9110
G1 X13.9504 Y-148.2575
G1 X13.2575 Y-148.7772
G1 X13.6039 Y-149.7011
G1 X11.4674 Y-147.0448
G0 X11.0054 Y-153.2812 F15000.0
G1 X12.2758 Y-154.2052 F12000.0
G1 X10.2548 Y-153.6277
G1 X10.7745 Y-153.2812
G0 X11.4674 Y-155.1291 F15000.0
G1 X12.0448 Y-155.9952 F12000.0
G1 X13.7194 Y-155.6488
G1 X11.4674 Y-155.3601
G0 X9.6196 Y-155.1291 F15000.0
G1 X10.3125 Y-157.5543 F12000.0
G1 X10.9477 Y-157.4966
G1 X9.7351 Y-157.2656
G1 X9.5618 Y-155.3601
G1 X9.3886 Y-155.1291
G0 X6.8478 Y-156.7459 F15000.0
G1 X7.3675 Y-157.6121 F12000.0
G1 X9.0999 Y-157.9586
G1 X8.9844 Y-158.5938
G1 X8.5802 Y-157.6121
G1 X6.6168 Y-156.7459
G0 X5.0725 Y-156.7138 F15000.0
G1 X33.4204 Y-171.7866 F12000.0
G0 X36.2106 Y-168.0151 F15000.0
G1 X37.8421 Y-168.8826 F12000.0
G0 X37.5679 Y-168.2948 F15000.0
G1 X38.0876 Y-168.9300 F12000.0
G1 X36.9327 Y-170.2582
G1 X37.2792 Y-169.5075
G1 X36.7018 Y-169.5652
G1 X37.3370 Y-168.2948
G0 X38.2609 Y-165.5231 F15000.0
G1 X37.3370 Y-166.6780 F12000.0
G1 X38.5496 Y-166.1005
G1 X38.4341 Y-167.5442
G1 X37.6257 Y-167.5442
G1 X39.9355 Y-167.3709
G1 X38.2609 Y-166.3893
G1 X39.9355 Y-166.5625
G1 X39.7045 Y-166.1005
G1 X40.2819 Y-165.8118
G1 X38.4918 Y-165.5231
G0 X40.1087 Y-164.3682 F15000.0
G1 X38.3186 Y-164.8302 F12000.0
G1 X40.1664 Y-165.0611
G1 X40.3397 Y-164.3682
G0 X42.8804 Y-161.3655 F15000.0
G1 X42.9382 Y-164.0795 F12000.0
G1 X42.7649 Y-161.2500
G1 X41.7833 Y-164.4837
G1 X42.6495 Y-161.1345
G0 X41.9949 Y-160.5804 F15000.0
G1 X39.9554 Y-159.4960 F12000.0
G0 X38.5278 Y-158.7369 F15000.0
G1 X37.3042 Y-158.0863 F12000.0
G0 X37.3370 Y-159.7486 F15000.0
G3 X37.3370 Y-159.9796 I0.8136 J-0.1155 F12000.0
G0 X36.4130 Y-161.8274 F15000.0
G1 X38.6651 Y-163.9640 F12000.0
G1 X40.6284 Y-163.7908
G1 X36.7595 Y-164.7147
G1 X37.3947 Y-163.5020
G1 X35.7201 Y-162.7514
G1 X36.1821 Y-161.8274
G0 X33.8723 Y-163.2133 F15000.0
G1 X34.2765 Y-166.7357 F12000.0
G1 X33.8723 Y-163.4443
G0 X33.4103 Y-161.3655 F15000.0
G1 X33.0639 Y-163.4443 F12000.0
G1 X28.6175 Y-163.5598
G1 X29.5414 Y-164.3682
G1 X26.4810 Y-164.3105
G1 X27.2894 Y-164.5992
G1 X26.0768 Y-163.3288
G1 X22.1501 Y-165.0611
G1 X20.4755 Y-163.7330
G1 X18.8010 Y-164.7147
G1 X16.1447 Y-164.6569
G1 X17.5883 Y-165.8118
G1 X21.5727 Y-167.4864
G1 X22.6121 Y-167.2554
G1 X19.0319 Y-168.1216
G1 X21.0530 Y-168.5258
G1 X21.3995 Y-166.5625
G1 X16.5489 Y-167.1977
G1 X17.1841 Y-165.5231
G1 X16.2024 Y-165.0611
G1 X15.9137 Y-164.1372
G1 X17.1841 Y-163.5020
G1 X22.7853 Y-163.9062
G1 X28.1556 Y-163.2711
G1 X29.5414 Y-161.7120
G1 X27.8668 Y-161.9429
G1 X29.3105 Y-161.5965
G1 X32.2554 Y-162.0007
G1 X30.8696 Y-162.1739
G1 X33.2948 Y-162.6936
G1 X33.1793 Y-161.1345
G0 X30.4076 Y-162.9823 F15000.0
G1 X29.9457 Y-163.6175 F12000.0
G1 X31.1005 Y-164.3105
G1 X30.1766 Y-162.7514
G0 X28.0529 Y-163.6776 F15000.0
G1 X31.1120 Y-165.3041 F12000.0
G0 X31.5625 Y-164.8302 F15000.0
G1 X30.4654 Y-165.2344 F12000.0
G1 X31.7935 Y-164.8302
G0 X31.7935 Y-164.5992 F15000.0
G1 X28.0401 Y-165.6386 F12000.0
G1 X27.7514 Y-168.1216
G1 X28.9062 Y-165.8118
G1 X30.8696 Y-165.9273
G1 X32.5442 Y-166.3315
G1 X32.6019 Y-167.0245
G1 X32.0245 Y-164.5992
G0 X31.7239 Y-165.6294 F15000.0
G1 X34.1712 Y-166.9307 F12000.0
G0 X31.7935 Y-166.6780 F15000.0
G1 X31.4470 Y-168.6413 F12000.0
G1 X33.6413 Y-170.3736
G1 X34.1033 Y-172.6257
G1 X33.6413 Y-171.7018
G1 X32.9484 Y-171.1821
G1 X33.9878 Y-170.0849
G1 X35.8933 Y-170.2004
G1 X33.6990 Y-169.1033
G1 X34.9694 Y-168.2948
G1 X33.8145 Y-168.1216
G1 X36.1821 Y-169.1033
G1 X32.8329 Y-168.5836
G1 X33.0639 Y-168.0639
G1 X30.8118 Y-167.9484
G1 X31.5625 Y-166.9090
G0 X24.1712 Y-167.6019 F15000.0
G1 X24.6909 Y-168.1216 F12000.0
G1 X24.1135 Y-167.8329
G1 X24.3444 Y-170.8933
G1 X25.0374 Y-170.2004
G1 X24.4022 Y-171.2976
G1 X27.0007 Y-171.8750
G1 X26.5965 Y-171.0666
G1 X28.9640 Y-172.1060
G1 X27.8091 Y-171.4130
G1 X31.3893 Y-171.9327
G1 X27.5204 Y-169.4497
G1 X27.9246 Y-170.9511
G1 X26.6542 Y-169.3342
G1 X31.3315 Y-170.1427
G1 X32.2554 Y-172.7412
G1 X33.6990 Y-173.8383
G1 X33.8145 Y-173.4341
G1 X34.5652 Y-174.5312
G1 X34.9117 Y-173.8961
G1 X35.6624 Y-174.0115
G1 X34.7385 Y-174.9355
G1 X35.7779 Y-175.1087
G1 X37.4524 Y-173.8961
G1 X36.4708 Y-173.3764
G1 X39.7045 Y-176.0326
G1 X36.5285 Y-176.3791
G1 X37.0482 Y-178.3424
G1 X38.7806 Y-177.9959
G1 X38.3764 Y-178.9776
G1 X36.2976 Y-176.1481
G1 X36.1243 Y-175.3974
G1 X34.3342 Y-176.6678
G1 X35.2582 Y-176.7833
G1 X33.9300 Y-176.1481
G1 X33.4681 Y-175.3397
G1 X31.5625 Y-176.4368
G1 X30.8118 Y-175.2819
G1 X31.9090 Y-176.3791
G1 X32.2554 Y-174.9355
G1 X30.5231 Y-172.5102
G1 X29.5992 Y-174.3003
G1 X30.6963 Y-172.9144
G1 X29.5414 Y-171.7018
G1 X29.5414 Y-172.9721
G1 X27.9823 Y-173.0299
G1 X28.9640 Y-173.7806
G1 X28.8485 Y-174.5890
G1 X28.3865 Y-173.6073
G1 X27.5204 Y-173.2031
G1 X26.5965 Y-173.9538
G1 X27.9246 Y-176.5523
G1 X26.8852 Y-178.0537
G1 X30.5231 Y-177.3607
G1 X30.1189 Y-176.9565
G1 X32.2554 Y-178.0537
G1 X28.3865 Y-179.6128
G1 X29.0795 Y-180.9409
G1 X29.1950 Y-179.7283
G1 X32.3132 Y-178.9776
G1 X33.5258 Y-183.8859
G1 X34.6807 Y-184.1746
G1 X33.3526 Y-184.6365
G1 X35.0272 Y-184.8098
G1 X36.3553 Y-184.0591
G1 X36.0088 Y-184.9253
G1 X35.6046 Y-184.1168
G1 X33.8723 Y-186.1957
G1 X34.5075 Y-186.7731
G1 X32.6019 Y-183.9436
G1 X30.5231 Y-184.5211
G1 X29.1950 Y-184.4056
G1 X31.3893 Y-185.3295
G1 X32.4287 Y-185.1562
G1 X29.4260 Y-185.9069
G1 X30.2344 Y-186.3111
G1 X29.0217 Y-188.5632
G1 X29.8879 Y-187.8702
G1 X31.6202 Y-188.3322
G1 X29.3105 Y-189.3716
G1 X30.1189 Y-189.4293
G1 X28.2133 Y-190.8730
G1 X27.8668 Y-194.0489
G1 X26.5965 Y-195.1461
G1 X27.6936 Y-195.7235
G1 X27.7514 Y-198.3798
G1 X31.2738 Y-197.3981
G1 X31.5048 Y-198.0910
G1 X31.5048 Y-196.5319
G1 X28.2711 Y-196.4742
G1 X29.3105 Y-195.4925
G1 X28.6753 Y-195.0883
G1 X31.2738 Y-195.2615
G1 X31.6202 Y-196.1277
G1 X32.7751 Y-195.0306
G1 X32.1977 Y-196.5319
G1 X32.6596 Y-196.3010
G1 X31.2738 Y-199.1304
G1 X32.7174 Y-198.2643
G1 X32.2554 Y-198.0910
G1 X32.6596 Y-198.6107
G1 X31.4470 Y-199.4192
G1 X32.3132 Y-199.4192
G1 X32.3132 Y-200.9783
G1 X33.9300 Y-199.7656
G1 X35.7201 Y-201.1515
G1 X36.2976 Y-200.1121
G1 X35.6046 Y-202.0177
G1 X34.7962 Y-200.6895
G1 X34.9117 Y-202.0754
G1 X36.5863 Y-202.7106
G1 X37.2215 Y-203.4035
G1 X37.4524 Y-199.1882
G1 X37.7412 Y-201.3825
G1 X39.5312 Y-201.0360
G1 X37.2792 Y-203.9810
G1 X39.1848 Y-203.3458
G1 X38.3186 Y-202.3064
G1 X41.4946 Y-202.5951
G1 X39.3003 Y-203.4035
G1 X39.9355 Y-204.2120
G1 X39.0693 Y-204.2120
G1 X39.3003 Y-205.9443
G1 X38.4918 Y-205.7711
G1 X39.4158 Y-206.6950
G1 X36.7018 Y-207.7921
G1 X35.8933 Y-209.1202
G1 X36.1243 Y-208.1963
G1 X35.0272 Y-208.4851
G1 X33.3526 Y-209.9287
G1 X33.0061 Y-210.9681
G1 X35.1427 Y-207.7921
G1 X36.5285 Y-204.5007
G1 X36.3553 Y-205.3668
G1 X38.3186 Y-204.6739
G1 X37.3370 Y-204.6162
G1 X37.9721 Y-204.4429
G1 X33.8145 Y-200.9783
G1 X33.1793 Y-202.9416
G1 X34.4497 Y-204.1542
G1 X33.7568 Y-204.2120
G1 X34.2188 Y-203.4035
G1 X32.6596 Y-204.6739
G1 X35.0849 Y-204.6739
G1 X32.7174 Y-205.5401
G1 X34.3920 Y-206.5795
G1 X33.4103 Y-205.5401
G1 X35.4314 Y-205.4246
G1 X35.4314 Y-206.0598
G1 X32.1977 Y-207.6766
G1 X32.4864 Y-204.6739
G1 X29.7724 Y-203.1726
G1 X28.7330 Y-203.9810
G1 X31.7357 Y-201.2670
G1 X30.0034 Y-199.7656
G1 X31.6202 Y-199.7656
G1 X30.6963 Y-199.3037
G1 X29.4837 Y-198.2065
G1 X28.2711 Y-199.5924
G1 X29.8302 Y-198.7262
G1 X27.1162 Y-198.4952
G1 X25.0951 Y-193.4715
G1 X24.6909 Y-197.3981
G1 X22.7276 Y-195.3770
G1 X22.2656 Y-195.4348
G1 X23.3628 Y-194.9151
G1 X23.2473 Y-194.4531
G1 X23.9402 Y-195.1461
G1 X23.4205 Y-195.4925
G1 X24.4599 Y-195.8390
G1 X23.9980 Y-193.1250
G1 X22.5543 Y-194.1644
G1 X21.3417 Y-195.3193
G1 X21.1107 Y-192.3743
G1 X21.3417 Y-193.3560
G1 X22.6698 Y-192.8363
G1 X21.8614 Y-192.1433
G1 X22.3811 Y-191.7969
G1 X22.1501 Y-192.4321
G1 X24.6332 Y-193.0095
G1 X27.4049 Y-191.4504
G1 X25.4416 Y-191.7391
G1 X26.6542 Y-196.3010
G1 X28.3288 Y-190.1223
G1 X23.8247 Y-190.0645
G1 X23.8247 Y-191.1039
G1 X22.5543 Y-189.7758
G1 X23.7670 Y-189.2561
G1 X20.9375 Y-188.5054
G1 X21.8037 Y-186.1957
G1 X21.9769 Y-188.1012
G1 X24.9796 Y-187.0618
G1 X24.8064 Y-186.5421
G1 X25.4416 Y-188.6787
G1 X24.7486 Y-187.6970
G1 X24.8064 Y-188.9674
G1 X24.1135 Y-189.6026
G1 X26.4232 Y-190.5265
G1 X28.6753 Y-188.7942
G1 X28.5598 Y-186.8886
G1 X27.8668 Y-185.9647
G1 X28.3288 Y-185.3295
G1 X27.6936 Y-184.4633
G1 X29.3105 Y-185.3872
G1 X29.1372 Y-184.6365
G1 X28.7330 Y-184.8098
G1 X28.9062 Y-183.9436
G1 X31.2160 Y-183.2507
G1 X26.7120 Y-183.4817
G1 X25.2683 Y-184.5211
G1 X27.3471 Y-183.1352
G1 X29.3682 Y-182.7887
G1 X29.9457 Y-179.9592
G1 X28.7908 Y-182.0958
G1 X27.6359 Y-180.4789
G1 X26.8852 Y-182.7310
G1 X25.2106 Y-182.8465
G1 X23.4783 Y-182.9042
G1 X22.4389 Y-181.4029
G1 X18.3967 Y-183.5394
G1 X18.8587 Y-184.1746
G1 X17.7038 Y-184.5211
G1 X18.1080 Y-184.6365
G1 X17.1841 Y-184.8098
G1 X16.4912 Y-183.5971
G1 X11.3519 Y-185.3295
G1 X12.0448 Y-185.3295
G1 X12.2181 Y-186.6576
G1 X13.1997 Y-187.5815
G1 X15.4518 Y-186.0224
G1 X12.6800 Y-186.0224
G1 X14.7588 Y-185.3295
G1 X15.7405 Y-185.3872
G1 X15.7982 Y-184.5788
G1 X16.3757 Y-186.9463
G1 X14.7588 Y-187.2351
G1 X13.9504 Y-187.3505
G1 X14.2969 Y-187.5815
G1 X11.8139 Y-187.0041
G1 X9.7351 Y-187.5238
G1 X11.2942 Y-187.1773
G1 X8.9266 Y-187.2351
G1 X8.6957 Y-189.4293
G1 X12.5645 Y-188.9674
G1 X12.0448 Y-188.7364
G1 X14.7588 Y-190.4110
G1 X17.0686 Y-191.6236
G1 X17.2418 Y-191.1617
G1 X16.6644 Y-194.4531
G1 X18.0503 Y-192.5476
G1 X18.3967 Y-193.5292
G1 X20.1291 Y-191.4504
G1 X21.2840 Y-191.5082
G1 X18.5122 Y-191.7969
G1 X19.7826 Y-193.5292
G1 X18.5122 Y-193.3560
G1 X16.9531 Y-194.5686
G1 X19.9558 Y-194.9728
G1 X20.1291 Y-196.1855
G1 X21.9769 Y-197.1671
G1 X22.3234 Y-196.1277
G1 X21.9192 Y-196.0122
G1 X23.1318 Y-196.5319
G1 X21.1685 Y-198.7840
G1 X21.3995 Y-201.2092
G1 X20.8220 Y-201.9022
G1 X21.8614 Y-202.8261
G1 X20.7065 Y-202.1909
G1 X20.2446 Y-202.8838
G1 X21.6304 Y-205.2514
G1 X23.3628 Y-203.0571
G1 X22.0346 Y-200.6895
G1 X23.4783 Y-201.2092
G1 X24.5177 Y-204.4429
G1 X24.5177 Y-201.6135
G1 X25.3838 Y-200.9205
G1 X24.2289 Y-199.4192
G1 X23.8247 Y-200.2276
G1 X22.7853 Y-200.2276
G1 X23.2473 Y-200.3431
G1 X21.6304 Y-199.4192
G1 X21.6304 Y-198.8417
G1 X21.8037 Y-199.8811
G1 X22.7853 Y-198.3798
G1 X24.1712 Y-197.7446
G1 X24.1712 Y-197.0516
G1 X22.7853 Y-199.8234
G1 X25.2683 Y-199.0149
G1 X26.8274 Y-200.0543
G1 X25.7303 Y-201.9599
G1 X25.6726 Y-203.5768
G1 X25.1529 Y-201.6712
G1 X23.8247 Y-208.0808
G1 X24.0557 Y-207.7344
G1 X24.9219 Y-208.6005
G1 X25.3261 Y-207.8499
G1 X24.6909 Y-207.3879
G1 X26.3077 Y-205.3091
G1 X24.8064 Y-206.2330
G1 X25.0951 Y-207.8499
G1 X26.0190 Y-205.9443
G1 X28.0401 Y-205.8865
G1 X28.3288 Y-204.9626
G1 X29.7724 Y-205.1359
G1 X30.2921 Y-206.1175
G1 X31.3315 Y-206.2908
G1 X30.2921 Y-209.2935
G1 X31.7357 Y-210.8526
G1 X32.6596 Y-210.1596
G1 X31.9667 Y-211.4878
G1 X32.0822 Y-210.7371
G1 X31.1005 Y-211.3723
G1 X31.5625 Y-212.5272
G1 X33.9878 Y-212.0652
G1 X28.4443 Y-212.9314
G1 X30.7541 Y-211.7765
G1 X27.3471 Y-210.4484
G1 X27.1739 Y-211.6033
G1 X27.5781 Y-211.3723
G1 X25.9613 Y-213.4511
G1 X26.8274 Y-212.5849
G1 X27.9823 Y-212.8159
G1 X29.3682 Y-214.3750
G1 X30.1766 Y-214.0863
G1 X27.6936 Y-214.9524
G1 X28.6175 Y-213.9130
G1 X27.3471 Y-213.8553
G1 X26.1923 Y-217.0890
G1 X25.6726 Y-218.2439
G1 X26.0190 Y-214.5482
G1 X25.4416 Y-214.6637
G1 X27.4049 Y-213.0469
G1 X24.2867 Y-214.2018
G1 X25.3838 Y-216.5693
G1 X24.6332 Y-217.0890
G1 X24.8641 Y-211.3723
G1 X26.8274 Y-211.0836
G1 X29.0795 Y-207.3302
G1 X28.7330 Y-210.6793
G1 X30.6963 Y-207.0414
G1 X30.2921 Y-207.2724
G1 X30.2921 Y-206.3485
G1 X29.3682 Y-206.0020
G1 X28.0401 Y-205.4246
G1 X28.2711 Y-206.6950
G1 X28.6753 Y-206.3485
G1 X28.2133 Y-208.0231
G1 X27.6936 Y-207.5034
G1 X27.5781 Y-208.6583
G1 X26.4810 Y-209.0048
G1 X26.9429 Y-209.1780
G1 X21.4572 Y-208.1963
G1 X19.9558 Y-210.6793
G1 X19.4939 Y-210.3329
G1 X19.4939 Y-211.0258
G1 X19.8981 Y-210.1596
G1 X21.2840 Y-209.1202
G1 X20.4755 Y-208.2541
G1 X19.9558 Y-208.8315
G1 X23.1318 Y-206.8105
G1 X24.1712 Y-204.7894
G1 X23.0740 Y-203.4613
G1 X21.6304 Y-205.5401
G1 X23.0163 Y-205.3668
G1 X20.4755 Y-206.2330
G1 X19.6094 Y-205.0204
G1 X18.9742 Y-206.5217
G1 X19.8404 Y-203.9232
G1 X19.0897 Y-203.1148
G1 X19.2052 Y-199.8811
G1 X18.1658 Y-199.2459
G1 X19.4939 Y-198.1488
G1 X18.6855 Y-199.8811
G1 X19.6671 Y-199.1882
G1 X20.0713 Y-200.5740
G1 X21.0530 Y-199.8234
G1 X21.1107 Y-197.8023
G1 X20.4755 Y-197.1094
G1 X21.3995 Y-197.1671
G1 X18.9164 Y-195.1461
G1 X19.8404 Y-194.9151
G1 X15.3363 Y-194.0489
G1 X15.5673 Y-192.9518
G1 X14.3546 Y-192.9518
G1 X16.1447 Y-192.8940
G1 X16.3179 Y-193.8757
G1 X15.9137 Y-191.6236
G1 X14.1814 Y-191.1039
G1 X12.6223 Y-190.0645
G1 X11.4674 Y-191.5082
G1 X10.4857 Y-192.7785
G1 X8.0027 Y-192.4321
G1 X9.9660 Y-188.7364
G1 X7.1943 Y-189.0829
G1 X6.7901 Y-188.3899
G1 X6.5591 Y-188.7364
G1 X5.6352 Y-185.9069
G1 X5.8662 Y-185.2140
G1 X5.2310 Y-184.4633
G1 X5.2310 Y-181.8648
G1 X5.8084 Y-181.8648
G1 X5.8084 Y-182.7310
G1 X7.0211 Y-180.6522
G1 X7.1365 Y-179.4973
G1 X5.6929 Y-179.7860
G1 X7.0788 Y-180.8254
G1 X6.3859 Y-182.7310
G1 X7.7140 Y-182.0958
G1 X7.2520 Y-177.1298
G1 X10.1970 Y-177.2452
G1 X10.7745 Y-175.9171
G1 X7.6562 Y-178.4579
G1 X8.2914 Y-178.9198
G1 X12.2758 Y-177.9382
G1 X12.5645 Y-175.3397
G1 X10.9477 Y-177.4185
G1 X7.8295 Y-174.0115
G1 X7.4253 Y-174.3580
G1 X10.4857 Y-172.6257
G1 X9.0421 Y-172.2215
G1 X8.2914 Y-172.8567
G1 X9.2154 Y-171.8173
G1 X12.0448 Y-172.9721
G1 X12.2181 Y-171.7595
G1 X12.2758 Y-172.5102
G1 X13.0265 Y-171.9905
G1 X12.7378 Y-173.4918
G1 X14.8743 Y-174.1270
G1 X12.2181 Y-176.6101
G1 X9.5618 Y-179.9592
G1 X11.5829 Y-179.3818
G1 X9.3308 Y-180.6522
G1 X10.6590 Y-180.3635
G1 X9.6196 Y-181.1141
G1 X7.8872 Y-180.5367
G1 X8.5224 Y-180.9409
G1 X9.0999 Y-182.6732
G1 X10.6590 Y-183.0197
G1 X9.5618 Y-184.2901
G1 X8.5802 Y-183.3084
G1 X7.4253 Y-185.4450
G1 X8.7534 Y-182.7310
G1 X7.7717 Y-182.0380
G1 X6.7323 Y-185.1562
G1 X6.2126 Y-184.0014
G1 X6.3281 Y-184.4633
G1 X5.6352 Y-184.6365
G1 X6.3281 Y-187.6393
G1 X8.3492 Y-185.7914
G1 X7.2520 Y-187.4083
G1 X8.5802 Y-188.5054
G1 X8.2914 Y-185.2140
G1 X12.7378 Y-184.2901
G1 X13.3730 Y-183.2507
G1 X13.3730 Y-183.9436
G1 X14.7011 Y-183.5971
G1 X14.2391 Y-183.2507
G1 X15.1053 Y-183.5394
G1 X16.3757 Y-181.2874
G1 X15.2208 Y-181.0564
G1 X13.8349 Y-178.3424
G1 X12.1603 Y-182.4423
G1 X13.1997 Y-179.6705
G1 X13.1997 Y-177.7649
G1 X13.3152 Y-178.7466
G1 X14.0659 Y-176.8410
G1 X14.0659 Y-175.5707
G1 X14.0659 Y-176.7833
G1 X15.3940 Y-175.8016
G1 X14.8743 Y-175.3397
G1 X15.5095 Y-178.4001
G1 X14.6433 Y-179.5550
G1 X17.2996 Y-176.8988
G1 X18.5700 Y-177.8227
G1 X17.6461 Y-179.5550
G1 X16.4334 Y-181.2874
G1 X17.4151 Y-180.9986
G1 X15.6250 Y-183.4239
G1 X17.9925 Y-182.2690
G1 X20.5910 Y-177.3030
G1 X21.1107 Y-178.4001
G1 X20.4755 Y-178.9776
G1 X22.1501 Y-177.8227
G1 X20.7065 Y-176.4946
G1 X19.9558 Y-175.9749
G1 X19.3207 Y-176.4946
G1 X18.9742 Y-176.0326
G1 X20.9952 Y-175.5707
G1 X20.6488 Y-175.1664
G1 X22.2079 Y-177.8227
G1 X22.2656 Y-178.8043
G1 X22.7853 Y-178.9198
G1 X22.4389 Y-180.8254
G1 X23.5938 Y-182.2690
G1 X25.6148 Y-181.5761
G1 X25.4416 Y-179.0931
G1 X25.9613 Y-179.2663
G1 X25.7303 Y-177.0720
G1 X27.4626 Y-176.0904
G1 X25.2683 Y-175.1087
G1 X26.1345 Y-174.7622
G1 X26.4810 Y-173.2031
G1 X24.5177 Y-172.0482
G1 X25.0951 Y-173.5496
G1 X25.9035 Y-173.8961
G1 X22.4966 Y-173.2609
G1 X24.1712 Y-172.6257
G1 X23.9402 Y-167.6019
G0 X22.0924 Y-168.7568 F15000.0
G1 X22.3811 Y-169.5652 F12000.0
G1 X19.8981 Y-169.8539
G1 X18.5700 Y-172.4524
G1 X18.9742 Y-169.4497
G1 X20.5910 Y-169.5075
G1 X21.8614 Y-168.5258
G0 X21.8614 Y-170.3736 F15000.0
G1 X20.8220 Y-171.2976 F12000.0
G1 X22.5543 Y-170.7201
G1 X22.0924 Y-170.9511
G1 X22.0924 Y-170.3736
G0 X20.0136 Y-171.2976 F15000.0
G1 X17.0686 Y-175.9171 F12000.0
G1 X19.7826 Y-171.2976
G0 X24.1712 Y-174.0693 F15000.0
G1 X24.7486 Y-176.1481 F12000.0
G1 X24.5754 Y-174.5312
G1 X24.3444 Y-174.9932
G1 X24.1712 Y-174.3003
G0 X26.4810 Y-178.2269 F15000.0
G1 X28.6753 Y-178.8621 F12000.0
G1 X27.8091 Y-179.8438
G1 X26.3077 Y-179.1508
G1 X26.4810 Y-178.4579
G0 X26.7120 Y-179.3818 F15000.0
G1 X25.2683 Y-180.9986 F12000.0
G1 X26.3077 Y-182.6155
G1 X26.9429 Y-181.1719
G1 X26.9429 Y-179.3818
G0 X23.2473 Y-179.1508 F15000.0
G1 X23.0163 Y-179.1508 F12000.0
G0 X22.0924 Y-178.9198 F15000.0
G1 X22.2079 Y-181.6916 F12000.0
G1 X19.7826 Y-181.4029
G1 X20.3023 Y-182.2690
G1 X18.1080 Y-181.9803
G1 X21.0530 Y-180.7099
G1 X20.5910 Y-180.9409
G1 X20.5910 Y-179.2663
G1 X21.8614 Y-179.1508
G0 X23.4183 Y-182.2338 F15000.0
G1 X14.6488 Y-177.5710 F12000.0
G0 X17.0109 Y-177.3030 F15000.0
G1 X16.7799 Y-179.2663 F12000.0
G1 X18.5700 Y-177.9959
G1 X17.2418 Y-177.0720
G0 X17.7038 Y-183.0774 F15000.0
G1 X18.5122 Y-183.5394 F12000.0
G1 X17.0109 Y-184.0014
G1 X17.7038 Y-183.3084
G0 X19.5516 Y-184.0014 F15000.0
G1 X17.7615 Y-187.5815 F12000.0
G1 X19.3784 Y-185.9647
G1 X20.1291 Y-186.5421
G1 X19.5516 Y-184.2323
G0 X19.3207 Y-186.3111 F15000.0
G1 X19.7249 Y-189.1406 F12000.0
G1 X19.3207 Y-186.5421
G0 X16.7799 Y-187.2351 F15000.0
G1 X16.2024 Y-188.4477 F12000.0
G1 X17.2418 Y-188.1012
G1 X17.1841 Y-187.5238
G1 X16.7799 Y-187.4660
G0 X15.7986 Y-188.6926 F15000.0
G1 X8.4567 Y-184.7888 F12000.0
G0 X8.6957 Y-185.1562 F15000.0
G1 X11.3519 Y-185.3295 F12000.0
G1 X9.7928 Y-186.2534
G1 X8.9266 Y-185.3872
G0 X11.9293 Y-187.4660 F15000.0
G1 X11.2942 Y-188.1590 F12000.0
G1 X12.5645 Y-187.8702
G1 X13.5462 Y-188.7364
G1 X12.1603 Y-187.4660
G0 X14.2391 Y-188.1590 F15000.0
G1 X15.5673 Y-188.8519 F12000.0
G1 X14.4701 Y-188.1590
G0 X16.4104 Y-189.0179 F15000.0
G1 X17.4301 Y-189.5601 F12000.0
G0 X17.2418 Y-189.0829 F15000.0
G1 X17.8770 Y-189.7758 F12000.0
G1 X16.6067 Y-190.6420
G1 X17.0109 Y-189.0829
G0 X20.7065 Y-189.0829 F15000.0
G1 X20.2446 Y-189.8913 F12000.0
G1 X20.9375 Y-190.8152
G1 X20.8798 Y-189.4871
G1 X20.9375 Y-189.3139
G0 X22.0924 Y-188.1590 F15000.0
G1 X22.6698 Y-189.0251 F12000.0
G1 X23.5938 Y-188.6209
G1 X22.0924 Y-187.9280
G0 X24.1712 Y-186.3111 F15000.0
G1 X24.1712 Y-186.0802 F12000.0
G0 X25.3261 Y-185.1562 F15000.0
G1 X25.7303 Y-186.1379 F12000.0
G1 X26.7120 Y-187.6970
G1 X25.9035 Y-189.7181
G1 X26.6542 Y-188.1012
G1 X27.2317 Y-188.6209
G1 X27.1162 Y-187.3505
G1 X26.5387 Y-186.9463
G1 X28.0401 Y-187.8702
G1 X25.5571 Y-185.3872
G0 X23.7092 Y-183.5394 F15000.0
G1 X24.6909 Y-183.7126 F12000.0
G1 X22.6698 Y-184.4056
G1 X23.0163 Y-184.9253
G1 X22.6698 Y-185.6760
G1 X24.6909 Y-185.5605
G1 X22.2656 Y-185.4450
G1 X21.7459 Y-183.8859
G1 X20.8220 Y-184.2901
G1 X23.4783 Y-183.5394
G0 X28.3129 Y-184.8363 F15000.0
G1 X33.0036 Y-187.3304 F12000.0
G0 X33.6413 Y-187.0041 F15000.0
G1 X32.6019 Y-189.8336 F12000.0
G1 X34.9694 Y-189.3139
G1 X34.1033 Y-188.8519
G1 X32.1977 Y-189.3716
G1 X33.4681 Y-188.5054
G1 X33.8723 Y-187.5238
G1 X36.0088 Y-188.0435
G1 X33.8723 Y-187.0041
G0 X32.2554 Y-186.0802 F15000.0
G1 X32.9484 Y-187.1196 F12000.0
G1 X32.4864 Y-186.7154
G1 X32.4287 Y-186.1379
G1 X31.2160 Y-186.6576
G1 X32.1399 Y-187.6970
G1 X32.0245 Y-186.0802
G0 X35.7201 Y-186.3111 F15000.0
G1 X35.9511 Y-186.3111 F12000.0
G0 X37.3370 Y-186.0802 F15000.0
G1 X36.7595 Y-188.4477 F12000.0
G1 X39.6467 Y-188.5632
G1 X40.0510 Y-189.9490
G1 X38.7228 Y-191.5082
G1 X40.5707 Y-190.0068
G1 X41.6678 Y-191.2772
G1 X41.6101 Y-188.4477
G1 X41.6678 Y-190.5842
G1 X40.3397 Y-189.0251
G1 X41.1481 Y-188.3322
G1 X39.8200 Y-188.2167
G1 X38.7806 Y-187.6970
G1 X40.5129 Y-187.1196
G1 X37.5679 Y-186.3111
G0 X37.3370 Y-188.6209 F15000.0
G1 X35.5469 Y-191.5082 F12000.0
G1 X30.2921 Y-190.1223
G1 X32.1977 Y-191.3349
G1 X30.8118 Y-190.8730
G1 X31.1583 Y-193.4137
G1 X31.3893 Y-192.9518
G1 X31.7935 Y-194.0489
G1 X33.6990 Y-194.4531
G1 X33.1216 Y-196.9361
G1 X33.9878 Y-196.4742
G1 X34.4497 Y-197.2826
G1 X33.3526 Y-197.5136
G1 X35.8356 Y-199.3037
G1 X34.6807 Y-199.6501
G1 X37.1060 Y-198.1488
G1 X36.1821 Y-198.8995
G1 X36.2976 Y-197.1094
G1 X35.7201 Y-195.2038
G1 X33.3526 Y-195.6658
G1 X35.7779 Y-194.3376
G1 X34.9117 Y-194.6841
G1 X36.8750 Y-192.2588
G1 X37.1060 Y-196.9939
G1 X37.6257 Y-196.5897
G1 X37.6257 Y-193.6447
G1 X37.0482 Y-193.4715
G1 X38.0876 Y-193.1250
G1 X37.9721 Y-194.9151
G1 X37.4524 Y-195.7235
G1 X38.2031 Y-195.6080
G1 X37.3947 Y-195.2615
G1 X39.1270 Y-194.6264
G1 X39.3003 Y-196.1855
G1 X39.0115 Y-195.5503
G1 X37.7989 Y-197.5136
G1 X39.9355 Y-196.4742
G1 X38.2031 Y-199.3614
G1 X39.5890 Y-199.3614
G1 X38.8383 Y-199.9389
G1 X43.8043 Y-202.4796
G1 X42.0720 Y-200.7473
G1 X42.6495 Y-199.8811
G1 X44.5550 Y-202.5374
G1 X40.9171 Y-204.7894
G1 X40.7439 Y-203.7500
G1 X42.2452 Y-208.0808
G1 X43.7466 Y-206.2908
G1 X44.0353 Y-203.6345
G1 X42.4185 Y-203.8655
G1 X45.9409 Y-199.7079
G1 X48.2507 Y-200.5163
G1 X49.0591 Y-200.1121
G1 X48.9436 Y-201.7867
G1 X50.6760 Y-198.0333
G1 X49.0591 Y-199.0727
G1 X48.6549 Y-197.6868
G1 X49.5211 Y-197.3981
G1 X51.2534 Y-195.9545
G1 X51.9463 Y-196.8784
G1 X53.1012 Y-197.1094
G1 X51.8886 Y-197.4558
G1 X53.1012 Y-197.8601
G1 X52.1196 Y-196.4742
G1 X52.4660 Y-195.3193
G1 X51.4266 Y-193.7602
G1 X51.9463 Y-196.3010
G1 X49.2901 Y-195.2615
G1 X48.4817 Y-195.9545
G1 X48.5971 Y-195.3770
G1 X47.9620 Y-196.0122
G1 X48.8281 Y-199.9389
G1 X47.8465 Y-199.5346
G1 X47.9620 Y-197.6868
G1 X47.2113 Y-198.3220
G1 X47.0958 Y-197.1094
G1 X46.2296 Y-196.5319
G1 X46.7493 Y-194.2799
G1 X45.7677 Y-195.1461
G1 X44.3818 Y-196.9939
G1 X44.4395 Y-198.1488
G1 X45.1902 Y-197.6868
G1 X44.8438 Y-195.7235
G1 X46.6338 Y-196.0122
G1 X45.7677 Y-197.1094
G1 X46.3451 Y-198.4952
G1 X47.0380 Y-198.7262
G1 X47.3268 Y-200.0543
G1 X45.0747 Y-199.4769
G1 X44.3240 Y-200.1698
G1 X44.0931 Y-199.1882
G1 X43.2269 Y-200.4586
G1 X42.8804 Y-196.8207
G1 X43.3424 Y-196.5897
G1 X44.0353 Y-194.9151
G1 X45.3635 Y-193.1827
G1 X42.6495 Y-193.4715
G1 X43.6311 Y-194.1067
G1 X40.9171 Y-193.2405
G1 X43.2846 Y-192.4321
G1 X43.0537 Y-190.8152
G1 X42.7072 Y-192.6630
G1 X42.4762 Y-191.1617
G1 X41.6101 Y-192.6053
G1 X40.4552 Y-193.7602
G1 X39.5312 Y-193.8179
G1 X40.9171 Y-196.4164
G1 X42.3030 Y-196.8784
G1 X38.4341 Y-193.5292
G1 X38.5496 Y-192.8940
G1 X37.0482 Y-191.6236
G1 X38.4918 Y-189.0251
G1 X37.6257 Y-189.8336
G1 X37.1060 Y-188.8519
G0 X39.3258 Y-190.6920 F15000.0
G1 X126.4089 Y-236.9949 F12000.0
G0 X126.4946 Y-235.0476 F15000.0
G1 X128.1692 Y-236.4912 F12000.0
G1 X127.9959 Y-235.0476
G1 X126.4946 Y-234.8166
G0 X126.2636 Y-232.9688 F15000.0
G1 X127.0143 Y-233.7194 F12000.0
G1 X127.5917 Y-232.6800
G1 X126.4946 Y-232.7378
G0 X125.5707 Y-232.7378 F15000.0
G1 X125.4552 Y-234.4124 F12000.0
G1 X125.8594 Y-234.1236
G1 X124.8777 Y-234.6433
G1 X125.3397 Y-232.7378
G0 X129.0353 Y-231.1209 F15000.0
G1 X128.6889 Y-231.8139 F12000.0
G1 X129.5550 Y-231.5251
G1 X129.2663 Y-231.1209
G0 X129.7283 Y-232.2758 F15000.0
G1 X128.3424 Y-233.5462 F12000.0
G1 X129.9592 Y-232.2758
G0 X131.8071 Y-230.8899 F15000.0
G1 X133.8281 Y-231.8139 F12000.0
G1 X132.8465 Y-233.9504
G1 X131.9803 Y-234.0659
G1 X132.3268 Y-234.4701
G1 X132.0380 Y-233.5462
G1 X132.6155 Y-233.0842
G1 X133.5394 Y-233.7194
G1 X133.6549 Y-231.5251
G1 X131.0564 Y-231.9293
G1 X131.9226 Y-232.2181
G1 X131.8071 Y-230.6590
G0 X131.5761 Y-234.8166 F15000.0
G1 X130.8832 Y-234.9898 F12000.0
G1 X134.1746 Y-235.2208
G1 X131.8071 Y-235.0476
G0 X129.4973 Y-235.5095 F15000.0
G1 X131.5183 Y-235.9715 F12000.0
G1 X131.6916 Y-237.4151
G1 X128.5734 Y-235.8560
G1 X129.2663 Y-235.5095
G0 X122.3370 Y-237.3573 F15000.0
G1 X120.9511 Y-239.5516 F12000.0
G1 X122.3370 Y-240.4755
G1 X123.2031 Y-239.3784
G1 X121.9327 Y-240.0713
G1 X122.6834 Y-238.7432
G1 X121.4130 Y-239.7826
G1 X121.1243 Y-239.1474
G1 X122.3370 Y-237.5883
G0 X119.5652 Y-233.6617 F15000.0
G1 X120.3736 Y-234.5856 F12000.0
G1 X119.3920 Y-234.0082
G1 X118.2948 Y-238.8010
G1 X119.1610 Y-239.9558
G1 X118.8723 Y-237.5306
G1 X119.9117 Y-237.8193
G1 X119.5652 Y-236.8954
G1 X120.6624 Y-236.8376
G1 X119.7962 Y-235.3363
G1 X122.3370 Y-236.4334
G1 X123.1454 Y-234.5279
G1 X118.8723 Y-242.9008
G1 X119.1610 Y-241.6304
G1 X118.0061 Y-242.4966
G1 X117.6596 Y-242.0924
G1 X117.7751 Y-241.1685
G1 X117.4287 Y-241.3995
G1 X117.6596 Y-238.9742
G1 X118.8145 Y-240.6488
G1 X119.3342 Y-233.6617
G0 X116.5625 Y-235.0476 F15000.0
G1 X117.2554 Y-235.1630 F12000.0
G1 X115.8696 Y-235.8560
G1 X117.7751 Y-235.3363
G1 X116.2738 Y-237.1264
G1 X115.9851 Y-238.0503
G1 X116.3315 Y-235.0476
G0 X114.7147 Y-233.8927 F15000.0
G1 X114.3682 Y-236.7799 F12000.0
G1 X113.2711 Y-236.7221
G1 X114.4837 Y-234.1236
G0 X111.2500 Y-234.8166 F15000.0
G1 X111.7697 Y-234.9898 F12000.0
G1 X111.3655 Y-235.3363
G1 X111.3077 Y-234.7011
G1 X111.0190 Y-234.5856
G0 X111.8596 Y-231.8864 F15000.0
G1 X51.6968 Y-199.8973 F12000.0
G0 X50.7337 Y-199.4769 F15000.0
G1 X51.4844 Y-200.6895 F12000.0
G1 X51.8886 Y-199.3614
G1 X50.7337 Y-199.2459
G0 X50.7337 Y-199.0149 F15000.0
G3 X50.9647 Y-199.0149 I0.1155 J-2.1061 F12000.0
G0 X54.2808 Y-199.9574 F15000.0
G1 X100.5755 Y-224.5728 F12000.0
G0 X103.6277 Y-220.7269 F15000.0
G1 X102.2418 Y-221.3621 F12000.0
G1 X103.6855 Y-223.3832
G1 X104.3784 Y-221.3621
G1 X103.5122 Y-223.3832
G1 X103.8587 Y-220.7269
G0 X104.7826 Y-221.1889 F15000.0
G1 X104.3207 Y-224.0183 F12000.0
G1 X105.0136 Y-221.1889
G0 X105.2446 Y-218.4171 F15000.0
G1 X106.1107 Y-219.1101 F12000.0
G1 X106.1107 Y-218.5326
G1 X106.2840 Y-219.5143
G1 X106.6304 Y-221.3621
G1 X106.0530 Y-222.2860
G1 X105.4755 Y-218.1861
G0 X101.9404 Y-216.1020 F15000.0
G1 X56.2574 Y-191.8120 F12000.0
G0 X57.2099 Y-191.0046 F15000.0
G1 X100.8534 Y-214.2103 F12000.0
G0 X99.4701 Y-216.1073 F15000.0
G1 X100.3940 Y-220.9579 F12000.0
G1 X99.4701 Y-216.3383
G0 X97.7237 Y-217.1444 F15000.0
G1 X55.5078 Y-194.6978 F12000.0
G0 X54.4293 Y-193.4715 F15000.0
G1 X53.2745 Y-195.3193 F12000.0
G1 X52.8702 Y-194.7418
G1 X54.3716 Y-193.9334
G1 X54.1984 Y-193.2405
G0 X56.3246 Y-193.1615 F15000.0
G1 X101.3958 Y-217.1262 F12000.0
G0 X102.5544 Y-212.4872 F15000.0
G1 X59.3188 Y-189.4984 F12000.0
G0 X58.2979 Y-190.9263 F15000.0
G1 X95.8232 Y-210.8788 F12000.0
G0 X97.1603 Y-210.7948 F15000.0
G1 X100.2208 Y-224.4803 F12000.0
G1 X100.2785 Y-221.8240
G1 X101.2602 Y-225.0000
G1 X100.7405 Y-228.5224
G1 X100.0476 Y-229.3308
G1 X102.9348 Y-239.4361
G1 X101.8376 Y-252.8329
G1 X102.1841 Y-248.5598
G1 X104.3784 Y-247.6359
G1 X102.6461 Y-247.4049
G1 X106.1107 Y-246.1923
G1 X104.2052 Y-247.1162
G1 X107.4389 Y-246.1345
G1 X106.2840 Y-244.8641
G1 X109.4022 Y-248.6175
G1 X108.8825 Y-249.3105
G1 X106.9192 Y-244.4022
G1 X103.7432 Y-244.2289
G1 X104.6671 Y-244.3444
G1 X105.0136 Y-243.4783
G1 X105.6488 Y-245.7303
G1 X102.8770 Y-246.4810
G1 X101.9531 Y-247.6359
G1 X102.2418 Y-234.1236
G1 X101.8376 Y-232.6800
G1 X102.8193 Y-233.1420
G1 X103.3390 Y-234.7011
G1 X103.7432 Y-234.3546
G1 X104.3207 Y-235.7982
G1 X104.8981 Y-237.3573
G1 X105.4178 Y-236.8954
G1 X105.5333 Y-237.7038
G1 X103.8010 Y-237.6461
G1 X105.1868 Y-240.5333
G1 X104.1474 Y-237.8770
G1 X105.8798 Y-238.1080
G1 X106.3417 Y-239.2052
G1 X106.3995 Y-237.9925
G1 X106.5727 Y-237.2996
G1 X108.5360 Y-237.5883
G1 X109.0557 Y-239.6094
G1 X109.2867 Y-238.8010
G1 X110.0951 Y-239.8404
G1 X110.7303 Y-238.6277
G1 X110.4993 Y-241.6304
G1 X108.6515 Y-240.8220
G1 X108.9980 Y-241.9769
G1 X106.5149 Y-243.6515
G1 X106.5727 Y-243.0740
G1 X107.7276 Y-242.6698
G1 X107.3811 Y-242.2656
G1 X106.3995 Y-242.5543
G1 X108.5360 Y-240.2446
G1 X106.1107 Y-242.7276
G1 X105.8220 Y-242.3811
G1 X108.0740 Y-243.4783
G1 X113.0401 Y-238.1080
G1 X109.9219 Y-238.5700
G1 X110.7880 Y-237.5883
G1 X109.2289 Y-238.2812
G1 X110.9613 Y-236.6067
G1 X111.3655 Y-236.9531
G1 X109.8641 Y-235.3940
G1 X110.3261 Y-234.6433
G1 X109.1712 Y-237.2996
G1 X108.0163 Y-235.1053
G1 X108.3628 Y-234.5279
G1 X107.9586 Y-235.1053
G1 X107.6698 Y-233.4307
G1 X110.8458 Y-233.1420
G1 X109.1712 Y-234.4124
G1 X109.6909 Y-234.4124
G1 X109.3444 Y-233.7194
G1 X112.9246 Y-232.4490
G1 X115.2344 Y-229.8505
G1 X115.1766 Y-228.8111
G1 X114.3682 Y-228.0027
G1 X115.9851 Y-228.4647
G1 X115.4076 Y-233.8349
G1 X113.3865 Y-234.5856
G1 X114.6569 Y-231.9293
G1 X113.7330 Y-232.5068
G1 X112.9823 Y-234.1814
G1 X112.2894 Y-234.0659
G1 X112.5781 Y-236.6067
G1 X112.5781 Y-235.8560
G1 X112.6359 Y-237.4151
G1 X114.5992 Y-241.6882
G1 X113.0401 Y-243.1318
G1 X112.9823 Y-242.3811
G1 X111.7120 Y-241.5149
G1 X110.8458 Y-242.9586
G1 X109.6909 Y-242.6698
G1 X108.8825 Y-244.4022
G1 X111.2500 Y-243.3628
G1 X110.9613 Y-245.4993
G1 X112.1739 Y-242.7853
G1 X117.7751 Y-244.5177
G1 X118.8723 Y-244.1135
G1 X118.9878 Y-245.2106
G1 X118.6413 Y-244.9796
G1 X119.1033 Y-245.9035
G1 X118.1216 Y-246.0190
G1 X118.4681 Y-245.7880
G1 X114.4837 Y-246.7697
G1 X116.9667 Y-246.8852
G1 X117.3132 Y-248.4443
G1 X117.5442 Y-247.9823
G1 X117.7751 Y-248.4443
G1 X119.1610 Y-247.7514
G1 X119.3920 Y-249.6569
G1 X120.1427 Y-248.2133
G1 X119.9694 Y-250.3499
G1 X117.9484 Y-251.0428
G1 X118.1216 Y-249.8879
G1 X118.6413 Y-252.1399
G1 X122.1060 Y-247.6936
G1 X122.9721 Y-248.9640
G1 X121.8173 Y-249.9457
G1 X120.8933 Y-252.1399
G1 X120.7779 Y-251.6780
G1 X121.1243 Y-252.4287
G1 X121.9327 Y-250.8118
G1 X122.0482 Y-251.3893
G1 X122.3947 Y-249.0795
G1 X122.7989 Y-248.2133
G1 X123.0299 Y-245.7303
G1 X124.3003 Y-244.1712
G1 X126.8410 Y-244.1135
G1 X126.6678 Y-244.9796
G1 X129.6128 Y-243.8247
G1 X130.4789 Y-244.5177
G1 X130.7677 Y-244.1135
G1 X131.2296 Y-244.7486
G1 X130.6522 Y-243.4205
G1 X132.5000 Y-244.1712
G1 X130.3057 Y-249.1950
G1 X129.9592 Y-248.9062
G1 X134.0014 Y-251.3315
G1 X133.7704 Y-252.8906
G1 X134.4056 Y-252.8329
G1 X134.0591 Y-251.7935
G1 X135.6182 Y-252.8329
G1 X134.6365 Y-251.1583
G1 X136.5999 Y-251.4470
G1 X137.0041 Y-250.6963
G1 X134.1168 Y-249.3105
G1 X135.3295 Y-248.2711
G1 X136.3689 Y-249.4260
G1 X137.8702 Y-249.0217
G1 X139.8336 Y-245.9035
G1 X140.2955 Y-246.8852
G1 X140.5265 Y-245.7303
G1 X140.1223 Y-245.3261
G1 X139.6603 Y-244.6332
G1 X138.5054 Y-245.0374
G1 X140.1800 Y-241.1685
G1 X139.3139 Y-240.7643
G1 X138.9674 Y-244.6332
G1 X137.6970 Y-245.4993
G1 X138.2167 Y-244.0557
G1 X136.9463 Y-244.6909
G1 X137.4083 Y-243.8247
G1 X138.9096 Y-242.9008
G1 X137.8702 Y-243.0740
G1 X136.1957 Y-243.9980
G1 X136.5421 Y-244.6332
G1 X135.3295 Y-244.5177
G1 X135.3295 Y-243.9980
G1 X134.5788 Y-243.7092
G1 X135.2140 Y-242.4389
G1 X132.3268 Y-245.6726
G1 X133.9436 Y-242.9586
G1 X132.6732 Y-241.5149
G1 X133.2507 Y-241.1107
G1 X134.4633 Y-241.8037
G1 X133.4239 Y-240.9375
G1 X135.2717 Y-240.7065
G1 X134.8098 Y-240.9375
G1 X135.5605 Y-241.9192
G1 X135.3872 Y-240.1291
G1 X133.1352 Y-240.4178
G1 X136.7154 Y-238.8587
G1 X133.8859 Y-239.1474
G1 X135.2140 Y-237.0109
G1 X135.3872 Y-238.3967
G1 X136.1379 Y-237.8193
G1 X136.4844 Y-236.6067
G1 X135.2717 Y-236.2602
G1 X136.6576 Y-235.6827
G1 X134.6365 Y-236.8376
G1 X132.5577 Y-236.4334
G1 X134.4633 Y-236.8376
G1 X133.1352 Y-239.0319
G1 X132.6732 Y-237.7038
G1 X131.4029 Y-238.6855
G1 X131.6338 Y-240.3601
G1 X131.9803 Y-239.8981
G1 X132.3268 Y-240.3601
G1 X132.4423 Y-239.6094
G1 X132.8465 Y-241.1685
G1 X131.8648 Y-241.3417
G1 X132.3268 Y-243.4205
G1 X131.8648 Y-242.3811
G1 X129.9592 Y-241.2840
G1 X130.6522 Y-242.4966
G1 X129.3818 Y-241.8037
G1 X130.0747 Y-238.0503
G1 X131.9226 Y-236.7221
G1 X131.4029 Y-235.6827
G1 X127.0720 Y-234.6433
G1 X128.3424 Y-234.1814
G1 X128.8043 Y-230.6012
G1 X129.2663 Y-230.4857
G1 X127.6495 Y-230.3125
G1 X126.9565 Y-231.7561
G1 X128.0537 Y-227.9450
G1 X129.3240 Y-227.5985
G1 X129.9015 Y-226.3859
G1 X131.2296 Y-227.2520
G1 X131.6916 Y-226.8478
G1 X130.4789 Y-226.7901
G1 X130.1325 Y-225.9817
G1 X124.7045 Y-228.4069
G1 X125.5707 Y-224.2493
G1 X124.6467 Y-226.1549
G1 X122.6834 Y-225.2310
G1 X122.5679 Y-223.1522
G1 X123.5496 Y-224.3071
G1 X124.5312 Y-224.3648
G1 X124.5890 Y-223.5564
G1 X123.3186 Y-224.0761
G1 X121.2976 Y-224.3648
G1 X121.1821 Y-225.3465
G1 X122.0482 Y-225.0000
G1 X119.3920 Y-225.4042
G1 X118.6990 Y-222.2283
G1 X119.2765 Y-226.7901
G1 X118.0639 Y-226.7323
G1 X118.2948 Y-226.2126
G1 X118.0639 Y-227.6562
G1 X119.2765 Y-227.1943
G1 X119.5652 Y-228.0027
G1 X117.8329 Y-229.5041
G1 X116.7357 Y-228.2337
G1 X116.3315 Y-223.0944
G1 X117.4287 Y-222.2860
G1 X118.2948 Y-220.7269
G1 X118.9878 Y-220.7269
G1 X116.3893 Y-220.7846
G1 X118.8723 Y-220.2072
G1 X115.5231 Y-220.9579
G1 X115.6386 Y-217.8397
G1 X114.8302 Y-219.6298
G1 X114.0217 Y-215.2412
G1 X114.1950 Y-217.2622
G1 X112.5781 Y-218.9946
G1 X114.3682 Y-219.8607
G1 X112.7514 Y-220.2649
G1 X112.5204 Y-219.8030
G1 X111.0190 Y-220.7269
G1 X109.7486 Y-220.0340
G1 X110.9613 Y-221.2466
G1 X109.6332 Y-221.6508
G1 X109.3444 Y-221.9973
G1 X109.1712 Y-221.3043
G1 X109.5177 Y-222.2283
G1 X112.0007 Y-221.3043
G1 X111.2500 Y-223.2677
G1 X110.2106 Y-222.7480
G1 X108.3628 Y-224.2493
G1 X108.7670 Y-224.0183
G1 X110.8458 Y-224.6535
G1 X111.4232 Y-223.4409
G1 X110.9613 Y-225.4042
G1 X114.3105 Y-219.9762
G1 X114.3105 Y-225.5774
G1 X114.5992 Y-222.1705
G1 X111.4232 Y-225.9239
G1 X113.2133 Y-226.5014
G1 X111.0768 Y-227.6562
G1 X110.8458 Y-226.9056
G1 X111.4232 Y-226.7323
G1 X110.6726 Y-227.0211
G1 X111.3077 Y-227.7717
G1 X112.2894 Y-228.6957
G1 X111.0768 Y-228.7534
G1 X112.8668 Y-229.4463
G1 X113.9062 Y-228.5802
G1 X115.1189 Y-230.2548
G1 X113.9062 Y-229.9660
G1 X111.6542 Y-232.3913
G1 X110.3261 Y-230.1970
G1 X110.8458 Y-232.1603
G1 X109.1712 Y-231.6984
G1 X109.1712 Y-233.0842
G1 X107.1501 Y-233.3152
G1 X109.6909 Y-229.0421
G1 X108.5938 Y-226.9633
G1 X109.9219 Y-226.3859
G1 X108.6515 Y-226.4436
G1 X107.2079 Y-224.2493
G1 X107.6698 Y-223.2677
G1 X107.9586 Y-223.7296
G1 X107.8431 Y-222.6902
G1 X104.3784 Y-226.7323
G1 X104.0319 Y-225.2887
G1 X105.3023 Y-227.2520
G1 X105.0713 Y-226.4436
G1 X107.6698 Y-225.6352
G1 X108.5938 Y-226.6168
G1 X107.0346 Y-227.8872
G1 X108.6515 Y-228.9266
G1 X106.6882 Y-231.6406
G1 X105.9375 Y-233.7772
G1 X106.7459 Y-233.8927
G1 X105.6488 Y-236.9531
G1 X105.4178 Y-234.9898
G1 X104.6094 Y-235.7982
G1 X104.6671 Y-232.3913
G1 X101.8954 Y-232.6223
G1 X99.9898 Y-229.4463
G1 X102.7038 Y-230.0815
G1 X101.2024 Y-230.5435
G1 X102.7615 Y-230.5435
G1 X102.4151 Y-231.8716
G1 X100.7982 Y-222.6325
G1 X98.7772 Y-217.7819
G1 X97.3913 Y-211.0258
G0 X97.3913 Y-208.0231 F15000.0
G1 X99.7588 Y-209.8709 F12000.0
G1 X98.3730 Y-208.8893
G1 X101.0870 Y-219.7452
G1 X101.8376 Y-218.3594
G1 X100.8560 Y-214.4327
G1 X101.7799 Y-218.7636
G1 X101.1447 Y-221.4776
G1 X98.1997 Y-208.4851
G1 X97.1603 Y-207.7921
G0 X97.5253 Y-207.1856 F15000.0
G1 X72.4405 Y-193.8478 F12000.0
G0 X72.1682 Y-194.3599 F15000.0
G1 X95.0097 Y-206.5049 F12000.0
G0 X94.6018 Y-206.2880 F15000.0
G1 X72.3721 Y-194.4683 F12000.0
G0 X71.8959 Y-194.8720 F15000.0
G1 X94.5334 Y-206.9086 F12000.0
G0 X94.8730 Y-207.7460 F15000.0
G1 X71.4197 Y-195.2757 F12000.0
G0 X71.2157 Y-195.1672 F15000.0
G1 X95.2809 Y-207.9629 F12000.0
G0 X95.0086 Y-208.4750 F15000.0
G1 X70.9434 Y-195.6793 F12000.0
G0 X71.4880 Y-194.6551 F15000.0
G1 X102.8950 Y-211.3545 F12000.0
G0 X102.6239 Y-209.8966 F15000.0
G1 X99.7687 Y-208.3784 F12000.0
G0 X103.5091 Y-207.7397 F15000.0
G1 X74.3454 Y-192.2331 F12000.0
G0 X74.7533 Y-192.4500 F15000.0
G1 X91.8844 Y-201.5587 F12000.0
G0 X91.8161 Y-202.1793 F15000.0
G1 X74.4810 Y-192.9621 F12000.0
G0 X74.0731 Y-192.7452 F15000.0
G1 X93.0397 Y-202.8299 F12000.0
G0 X93.1753 Y-203.5589 F15000.0
G1 X74.2087 Y-193.4742 F12000.0
G0 X73.7325 Y-193.8778 F15000.0
G1 X93.9227 Y-204.6132 F12000.0
G0 X94.3306 Y-204.8301 F15000.0
G1 X73.1207 Y-193.5525 F12000.0
G0 X73.0523 Y-194.1731 F15000.0
G1 X94.6701 Y-205.6675 F12000.0
G0 X92.3607 Y-201.1551 F15000.0
G1 X74.8217 Y-191.8294 F12000.0
G0 X75.2296 Y-192.0463 F15000.0
G1 X91.9528 Y-200.9382 F12000.0
G0 X92.0211 Y-200.3176 F15000.0
G1 X75.9097 Y-191.7510 F12000.0
G0 X76.3860 Y-191.3474 F15000.0
G1 X91.4777 Y-199.3718 F12000.0
G0 X92.0895 Y-199.6971 F15000.0
G1 X75.9781 Y-191.1305 F12000.0
G0 X76.0464 Y-190.5100 F15000.0
G1 X103.3746 Y-205.0406 F12000.0
G0 X103.8497 Y-206.6070 F15000.0
G1 X75.0940 Y-191.3173 F12000.0
G0 X76.6583 Y-190.8353 F15000.0
G1 X79.7174 Y-192.4618 F12000.0
G0 X79.1739 Y-191.5160 F15000.0
G1 X77.1345 Y-190.4316 F12000.0
G0 X76.7266 Y-190.2147 F15000.0
G1 X90.1868 Y-197.3716 F12000.0
G0 X89.3710 Y-196.9379 F15000.0
G1 X87.9434 Y-196.1788 F12000.0
G0 X86.7198 Y-195.5282 F15000.0
G1 X82.2330 Y-193.1425 F12000.0
G0 X83.1172 Y-192.9557 F15000.0
G1 X86.1763 Y-194.5823 F12000.0
G0 X86.0407 Y-193.8533 F15000.0
G1 X81.3500 Y-191.3593 F12000.0
G0 X81.2144 Y-190.6303 F15000.0
G1 X86.1090 Y-193.2328 F12000.0
G0 X85.6328 Y-193.6364 F15000.0
G1 X84.4092 Y-192.9858 F12000.0
G0 X84.7498 Y-191.8532 F15000.0
G1 X83.5262 Y-191.2025 F12000.0
G0 X83.9946 Y-190.9307 F15000.0
G1 X87.0550 Y-195.7812 F12000.0
G1 X83.7636 Y-190.6997
G0 X83.9352 Y-189.4493 F15000.0
G1 X82.3036 Y-188.5818 F12000.0
G0 X80.0679 Y-187.2351 F15000.0
G1 X82.7819 Y-194.6841 F12000.0
G1 X85.2649 Y-197.1094
G1 X84.2255 Y-196.9361
G1 X86.1889 Y-198.2643
G1 X81.2228 Y-194.0489
G1 X83.9368 Y-196.1855
G1 X80.0679 Y-187.0041
G0 X78.5643 Y-187.2505 F15000.0
G1 X77.9525 Y-186.9252 F12000.0
G0 X77.4763 Y-187.3289 F15000.0
G1 X107.8636 Y-203.4861 F12000.0
G0 X106.3995 Y-203.1726 F15000.0
G1 X105.2446 Y-205.2514 F12000.0
G1 X106.3995 Y-202.9416
G0 X106.3995 Y-202.4796 F15000.0
G1 X104.0319 Y-204.9626 F12000.0
G1 X102.1264 Y-216.3961
G1 X101.9531 Y-210.7948
G1 X101.9531 Y-212.7004
G1 X102.1264 Y-210.2751
G1 X96.2364 Y-206.1175
G1 X101.8376 Y-209.2357
G1 X102.4728 Y-207.8499
G1 X102.0109 Y-209.5245
G1 X103.0503 Y-209.3512
G1 X104.6094 Y-204.0387
G1 X106.1685 Y-202.4796
G0 X103.8520 Y-202.6669 F15000.0
G1 X87.3327 Y-193.8834 F12000.0
G0 X86.9973 Y-193.9334 F15000.0
G1 X92.7140 Y-201.2092 F12000.0
G1 X86.9973 Y-193.7024
G0 X89.0337 Y-192.1603 F15000.0
G1 X103.9214 Y-200.0762 F12000.0
G0 X103.3967 Y-199.9389 F15000.0
G1 X102.8193 Y-202.5374 F12000.0
G1 X103.1658 Y-199.9389
G0 X103.0373 Y-200.2630 F15000.0
G1 X96.5112 Y-196.7930 F12000.0
G0 X96.1705 Y-197.9257 F15000.0
G1 X98.8218 Y-199.3354 F12000.0
G0 X96.9293 Y-199.9389 F15000.0
G1 X100.4518 Y-202.9993 F12000.0
G1 X99.7011 Y-202.9993
G1 X100.1630 Y-203.5768
G1 X96.6984 Y-199.9389
G0 X93.0027 Y-199.9389 F15000.0
G1 X95.1970 Y-201.8444 F12000.0
G1 X92.7717 Y-199.7079
G0 X90.7302 Y-198.3175 F15000.0
G1 X81.3489 Y-193.3293 F12000.0
G0 X79.2423 Y-190.8954 F15000.0
G1 X77.2028 Y-189.8110 F12000.0
G0 X77.4751 Y-189.2989 F15000.0
G1 X79.1067 Y-190.1664 F12000.0
G0 X79.1750 Y-189.5459 F15000.0
G1 X77.5435 Y-188.6784 F12000.0
G0 X77.9514 Y-188.8953 F15000.0
G1 X78.5632 Y-189.2206 F12000.0
G0 X78.4511 Y-189.3139 F15000.0
G1 X76.5455 Y-190.9885 F12000.0
G1 X78.4511 Y-189.0829
G0 X78.6316 Y-188.6000 F15000.0
G1 X77.8158 Y-188.1663 F12000.0
G0 X78.0197 Y-188.2747 F15000.0
G1 X78.4276 Y-188.4916 F12000.0
G0 X77.6791 Y-189.4074 F15000.0
G1 X78.4949 Y-189.8411 F12000.0
G0 X77.7582 Y-190.6997 F15000.0
G1 X75.6793 Y-192.4898 F12000.0
G1 X78.6821 Y-190.7575
G1 X77.9891 Y-190.9307
G0 X76.5910 Y-189.4857 F15000.0
G1 X106.5705 Y-205.4261 F12000.0
G0 X105.7065 Y-205.4823 F15000.0
G1 X104.3784 Y-207.5611 F12000.0
G1 X106.4572 Y-209.5245
G1 X103.8010 Y-209.9864
G1 X108.3628 Y-209.4667
G1 X107.0924 Y-210.9103
G1 X106.0530 Y-210.7371
G1 X108.4783 Y-211.1990
G1 X107.9586 Y-210.3329
G1 X106.1685 Y-207.8499
G1 X104.1474 Y-206.5217
G1 X105.7065 Y-205.7133
G0 X108.6099 Y-206.5105 F15000.0
G1 X119.8267 Y-212.4745 F12000.0
G0 X117.0245 Y-209.8709 F15000.0
G1 X118.9878 Y-211.4878 F12000.0
G1 X118.4103 Y-210.3906
G1 X118.8723 Y-211.9497
G1 X117.1399 Y-212.1230
G1 X117.9484 Y-211.0836
G1 X116.7935 Y-209.6399
G0 X115.6386 Y-207.3302 F15000.0
G1 X116.1583 Y-210.3329 F12000.0
G1 X115.8118 Y-209.1780
G1 X115.2344 Y-209.1780
G1 X114.0795 Y-207.9076
G1 X112.0007 Y-209.5822
G1 X115.2344 Y-207.8499
G1 X116.0428 Y-208.6005
G1 X115.4076 Y-207.0992
G0 X113.7908 Y-205.4823 F15000.0
G1 X114.7147 Y-206.4062 F12000.0
G1 X113.5598 Y-205.2514
G0 X113.5598 Y-205.0204 F15000.0
G1 X113.7330 Y-206.5217 F12000.0
G1 X112.6359 Y-206.4062
G1 X114.4837 Y-206.9260
G1 X113.7908 Y-205.0204
G0 X113.5598 Y-204.3274 F15000.0
G1 X111.6542 Y-205.4246 F12000.0
G1 X112.9246 Y-205.2514
G1 X111.5387 Y-205.2514
G1 X113.3288 Y-204.3274
G0 X109.8641 Y-201.5557 F15000.0
G1 X110.5571 Y-201.9022 F12000.0
G1 X109.3444 Y-202.1909
G1 X108.1318 Y-204.4429
G1 X110.1529 Y-203.4613
G1 X111.7697 Y-204.0965
G1 X110.2683 Y-204.1542
G1 X110.1529 Y-204.6739
G1 X109.9796 Y-203.2880
G1 X108.8825 Y-204.5007
G1 X107.9586 Y-205.8288
G1 X107.9008 Y-204.2120
G1 X106.5727 Y-205.9443
G1 X107.3234 Y-207.0992
G1 X109.6332 Y-209.2357
G1 X110.6726 Y-207.2147
G1 X109.9796 Y-206.5217
G1 X109.8641 Y-207.7344
G1 X110.4416 Y-205.6556
G1 X112.2317 Y-207.9076
G1 X110.7303 Y-206.4640
G1 X111.0190 Y-208.3696
G1 X111.2500 Y-209.0625
G1 X111.7697 Y-208.8315
G1 X110.6726 Y-210.6793
G1 X109.7486 Y-210.1019
G1 X109.7486 Y-209.2357
G1 X109.1135 Y-210.3906
G1 X112.8091 Y-210.5639
G1 X114.5414 Y-212.0652
G1 X114.0795 Y-210.2174
G1 X113.0978 Y-209.4090
G1 X113.9640 Y-209.2357
G1 X113.7330 Y-210.3906
G1 X114.3682 Y-210.1019
G1 X114.7724 Y-210.5639
G1 X114.8302 Y-208.8893
G1 X115.2344 Y-213.1624
G1 X115.8696 Y-214.6060
G1 X116.2160 Y-213.7398
G1 X114.5992 Y-215.0102
G1 X114.8302 Y-211.5455
G1 X114.1950 Y-212.1230
G1 X113.2711 Y-211.7188
G1 X113.7908 Y-213.5088
G1 X111.8274 Y-212.1230
G1 X111.0190 Y-212.4117
G1 X111.4810 Y-211.6033
G1 X109.0557 Y-210.5061
G1 X107.0346 Y-207.3302
G1 X106.1685 Y-206.2330
G1 X105.5910 Y-206.8682
G1 X109.6332 Y-201.5557
G0 X108.4776 Y-199.8712 F15000.0
G1 X86.6559 Y-188.2684 F12000.0
G0 X86.5353 Y-186.0802 F15000.0
G1 X91.0971 Y-195.4348 F12000.0
G1 X86.3043 Y-185.8492
G0 X86.1135 Y-185.3525 F15000.0
G1 X110.5865 Y-198.3650 F12000.0
G0 X110.5571 Y-199.0149 F15000.0
G2 X110.7880 Y-199.2459 I-0.7689 J-0.9999 F12000.0
G0 X110.6537 Y-199.7145 F15000.0
G1 X81.2861 Y-184.0995 F12000.0
G0 X82.1467 Y-183.3084 F15000.0
G1 X82.7242 Y-188.4477 F12000.0
G1 X82.0890 Y-185.2717
G1 X84.3410 Y-190.0645
G1 X82.3777 Y-183.5394
G0 X85.1633 Y-182.2196 F15000.0
G1 X111.0639 Y-195.9912 F12000.0
G0 X110.3848 Y-194.3164 F15000.0
G1 X81.0172 Y-178.7014 F12000.0
G0 X82.8397 Y-178.2269 F15000.0
G1 X86.0734 Y-190.4110 F12000.0
G1 X82.8397 Y-177.9959
G0 X83.9946 Y-178.2269 F15000.0
G1 X84.5143 Y-183.3662 F12000.0
G1 X84.3410 Y-182.5000
G1 X84.7452 Y-184.0014
G1 X84.8607 Y-183.5394
G1 X88.1522 Y-193.1250
G1 X91.7323 Y-197.2249
G1 X87.1128 Y-190.8152
G1 X83.9946 Y-178.4579
G0 X84.6209 Y-179.3037 F15000.0
G1 X100.7323 Y-187.8703 F12000.0
G0 X99.4403 Y-187.8402 F15000.0
G1 X97.8088 Y-186.9727 F12000.0
G0 X97.0602 Y-187.8885 F15000.0
G1 X100.7312 Y-189.8404 F12000.0
G0 X97.7393 Y-189.5633 F15000.0
G1 X89.9895 Y-185.4427 F12000.0
G0 X89.5144 Y-183.8763 F15000.0
G1 X94.8169 Y-186.6957 F12000.0
G0 X94.3417 Y-185.1293 F15000.0
G1 X89.0393 Y-182.3099 F12000.0
G0 X88.7681 Y-180.8519 F15000.0
G1 X93.6627 Y-183.4544 F12000.0
G0 X93.1876 Y-181.8880 F15000.0
G1 X85.8457 Y-177.9842 F12000.0
G0 X85.3705 Y-176.4178 F15000.0
G1 X92.5085 Y-180.2132 F12000.0
G0 X90.0000 Y-180.3057 F15000.0
G1 X94.9083 Y-193.1250 F12000.0
G1 X96.0632 Y-194.4531
G1 X91.0394 Y-186.0224
G1 X90.0000 Y-180.0747
G0 X90.2310 Y-178.2269 F15000.0
G1 X91.8478 Y-184.9253 F12000.0
G1 X93.6957 Y-188.6209
G1 X90.7507 Y-181.6338
G1 X90.2310 Y-177.9959
G0 X92.5780 Y-177.6225 F15000.0
G1 X88.2952 Y-175.3453 F12000.0
G0 X88.8398 Y-174.3211 F15000.0
G1 X92.3068 Y-176.1646 F12000.0
G0 X92.0356 Y-174.7066 F15000.0
G1 X88.9765 Y-173.0800 F12000.0
G0 X94.0067 Y-176.4115 F15000.0
G1 X81.1583 Y-169.5799 F12000.0
G0 X83.1328 Y-165.3746 F15000.0
G1 X82.7249 Y-165.1578 F12000.0
G0 X84.9682 Y-166.3506 F15000.0
G1 X85.9879 Y-166.8928 F12000.0
G0 X86.5353 Y-166.9090 F15000.0
G1 X88.5564 Y-187.1196 F12000.0
G1 X92.4830 Y-194.6264
G1 X87.5747 Y-183.8281
G1 X86.5931 Y-174.8200
G1 X86.5353 Y-166.6780
G0 X89.9323 Y-166.3624 F15000.0
G1 X91.1559 Y-167.0131 F12000.0
G0 X91.1549 Y-166.2160 F15000.0
G1 X92.1365 Y-181.6916 F12000.0
G1 X91.7323 Y-170.7779
G1 X91.9056 Y-179.5550
G1 X92.6562 Y-182.5577
G1 X92.2520 Y-181.9226
G1 X93.1760 Y-184.0014
G1 X93.1182 Y-183.5971
G1 X93.5224 Y-184.2323
G1 X92.9450 Y-181.0564
G1 X95.1393 Y-186.7731
G1 X93.5224 Y-184.5788
G1 X95.2548 Y-189.0251
G1 X91.9056 Y-183.1352
G1 X93.3492 Y-186.5999
G1 X90.9239 Y-179.3818
G1 X91.9056 Y-182.6155
G1 X91.1549 Y-165.9851
G0 X92.4491 Y-165.0731 F15000.0
G1 X90.8175 Y-164.2056 F12000.0
G0 X91.8478 Y-161.3655 F15000.0
G1 X95.2548 Y-183.0197 F12000.0
G1 X91.8478 Y-161.1345
G0 X92.1801 Y-159.6749 F15000.0
G1 X106.2521 Y-167.1571 F12000.0
G0 X106.3995 Y-167.3709 F15000.0
G1 X111.7697 Y-171.4130 F12000.0
G1 X109.9796 Y-170.6624
G1 X116.7357 Y-177.9959
G1 X111.7697 Y-171.5863
G1 X114.6569 Y-174.3003
G1 X112.4626 Y-170.6046
G1 X119.3342 Y-176.7255
G1 X110.6726 Y-169.4497
G1 X111.3655 Y-170.5469
G1 X106.6304 Y-167.3709
G0 X107.7491 Y-165.3256 F15000.0
G1 X93.0653 Y-157.5181 F12000.0
G0 X92.1129 Y-158.3254 F15000.0
G1 X109.2440 Y-167.4342 F12000.0
G0 X109.1095 Y-164.7351 F15000.0
G1 X88.3074 Y-153.6745 F12000.0
G0 X90.2310 Y-153.9742 F15000.0
G1 X87.5747 Y-160.4993 F12000.0
G1 X87.4592 Y-164.0795
G1 X88.3254 Y-158.0163
G1 X89.7113 Y-156.1107
G1 X88.2099 Y-161.4232
G1 X91.0971 Y-154.0897
G1 X89.5958 Y-155.4755
G1 X90.4620 Y-153.9742
G0 X91.3859 Y-151.8954 F15000.0
G1 X86.1311 Y-157.0346 F12000.0
G1 X91.6168 Y-151.6644
G0 X92.0788 Y-151.8954 F15000.0
G1 X90.6352 Y-153.2812 F12000.0
G1 X92.2520 Y-153.1080
G1 X91.7323 Y-154.2052
G1 X92.3098 Y-151.8954
G0 X92.3098 Y-150.9715 F15000.0
G1 X93.1182 Y-151.4912 F12000.0
G1 X90.6929 Y-151.6644
G1 X84.8030 Y-157.9586
G1 X79.3750 Y-176.0904
G1 X83.2439 Y-191.0462
G1 X89.3648 Y-198.8417
G1 X88.6141 Y-198.7840
G1 X88.9029 Y-199.1304
G1 X82.0890 Y-189.0829
G1 X79.3750 Y-176.0904
G1 X84.8607 Y-157.6121
G1 X90.0000 Y-152.0109
G1 X92.0788 Y-150.9715
G0 X92.5408 Y-148.8927 F15000.0
G1 X92.0211 Y-149.5279 F12000.0
G1 X94.3886 Y-152.4151
G1 X93.7534 Y-152.7038
G1 X95.6590 Y-153.8587
G1 X92.1943 Y-158.0740
G1 X87.8057 Y-180.2480
G1 X90.1732 Y-188.2167
G1 X95.1970 Y-194.8573
G1 X99.9321 Y-199.3614
G1 X89.3648 Y-186.4844
G1 X87.4592 Y-175.0510
G1 X92.6562 Y-158.3050
G1 X94.0999 Y-165.9273
G1 X93.9266 Y-165.2921
G1 X93.0605 Y-165.9851
G1 X92.8872 Y-157.4389
G1 X95.2548 Y-154.5516
G1 X94.3308 Y-159.3444
G1 X97.2181 Y-152.5883
G1 X103.5122 Y-155.7643
G1 X96.8139 Y-152.8193
G1 X93.8689 Y-149.7011
G1 X95.1970 Y-149.9321
G1 X92.7717 Y-148.8927
G0 X93.9266 Y-147.9688 F15000.0
G1 X103.1658 Y-151.5489 F12000.0
G1 X94.1576 Y-148.1997
G0 X94.8505 Y-150.7405 F15000.0
G1 X97.7378 Y-151.3179 F12000.0
G1 X95.0815 Y-150.7405
G0 X94.1576 Y-153.0503 F15000.0
G1 X94.5041 Y-153.5700 F12000.0
G1 X90.9817 Y-156.0530
G1 X87.8635 Y-165.3499
G1 X87.3438 Y-169.6807
G1 X90.5774 Y-156.3417
G1 X93.9266 Y-153.0503
G0 X97.6223 Y-148.6617 F15000.0
G1 X100.3363 Y-149.3546 F12000.0
G1 X97.3913 Y-148.4307
G0 X96.8797 Y-146.4084 F15000.0
G1 X51.6046 Y-122.3352 F12000.0
G0 X53.3045 Y-122.5822 F15000.0
G1 X65.3371 Y-128.9800 F12000.0
G0 X66.0856 Y-128.0642 F15000.0
G1 X51.6057 Y-120.3651 F12000.0
G0 X51.3346 Y-118.9071 F15000.0
G1 X67.4459 Y-127.4737 F12000.0
G0 X70.7090 Y-129.2087 F15000.0
G1 X78.4588 Y-133.3294 F12000.0
G0 X77.9837 Y-131.7630 F15000.0
G1 X72.6812 Y-128.9436 F12000.0
G0 X77.7820 Y-127.7144 F15000.0
G1 X79.4135 Y-128.5819 F12000.0
G0 X80.7609 Y-129.2595 F15000.0
G1 X79.7792 Y-130.1834 F12000.0
G1 X80.9918 Y-129.0285
G0 X81.1806 Y-130.1783 F15000.0
G1 X45.6948 Y-111.3102 F12000.0
G0 X43.9938 Y-113.0333 F15000.0
G1 X79.8875 Y-132.1183 F12000.0
G0 X82.8155 Y-125.1356 F15000.0
G1 X125.4393 Y-147.7991 F12000.0
G0 X127.2064 Y-149.3956 F15000.0
G1 X61.9451 Y-114.6955 F12000.0
G0 X62.3552 Y-110.9722 F15000.0
G1 X146.3792 Y-155.6486 F12000.0
G0 X148.2169 Y-152.6843 F15000.0
G1 X75.8176 Y-114.1890 F12000.0
G0 X74.7284 Y-116.2374 F15000.0
G1 X75.7481 Y-116.7796 F12000.0
G0 X77.9915 Y-117.9724 F15000.0
G1 X138.7661 Y-150.2868 F12000.0
G0 X140.5842 Y-149.8166 F15000.0
G1 X138.4477 Y-150.2208 F12000.0
G1 X141.0462 Y-151.0292
G1 X140.5842 Y-151.2024
G1 X141.0462 Y-150.5673
G1 X140.8152 Y-149.8166
G0 X142.7788 Y-149.1360 F15000.0
G1 X88.7343 Y-120.4000 F12000.0
G0 X89.4828 Y-119.4842 F15000.0
G1 X98.8641 Y-124.4723 F12000.0
G0 X99.2391 Y-121.8682 F15000.0
G1 X98.9504 Y-122.3879 F12000.0
G1 X99.8743 Y-122.5034
G1 X95.0815 Y-126.1990
G1 X98.7772 Y-124.2357
G1 X99.7011 Y-124.3512
G1 X99.4701 Y-121.8682
G0 X95.7745 Y-119.7894 F15000.0
G1 X99.4124 Y-119.8471 F12000.0
G1 X99.5279 Y-120.4246
G1 X98.7194 Y-119.7317
G1 X95.8899 Y-120.2514
G1 X95.5435 Y-119.5584
G0 X93.9684 Y-123.8399 F15000.0
G1 X94.5802 Y-124.1652 F12000.0
G0 X94.3079 Y-124.6773 F15000.0
G1 X92.8803 Y-123.9183 F12000.0
G0 X91.1804 Y-123.6713 F15000.0
G1 X94.2396 Y-125.2979 F12000.0
G0 X93.7633 Y-125.7016 F15000.0
G1 X88.2569 Y-122.7737 F12000.0
G0 X88.9371 Y-122.4785 F15000.0
G1 X89.3450 Y-122.6954 F12000.0
G0 X87.3728 Y-122.9605 F15000.0
G1 X93.4910 Y-126.2137 F12000.0
G0 X93.4227 Y-126.8342 F15000.0
G1 X84.8571 Y-122.2798 F12000.0
G0 X84.0414 Y-121.8461 F15000.0
G1 X83.0217 Y-121.3039 F12000.0
G0 X82.7494 Y-121.8160 F15000.0
G1 X93.5583 Y-127.5632 F12000.0
G0 X95.6616 Y-135.9073 F15000.0
G1 X104.0232 Y-140.3533 F12000.0
G0 X102.1194 Y-139.9979 F15000.0
G1 X95.7972 Y-136.6363 F12000.0
G0 X95.9328 Y-137.3653 F15000.0
G1 X101.2353 Y-140.1847 F12000.0
G0 X99.9433 Y-140.1546 F15000.0
G1 X96.4762 Y-138.3112 F12000.0
G0 X96.4079 Y-138.9317 F15000.0
G1 X97.8355 Y-139.6908 F12000.0
G0 X99.6710 Y-140.6667 F15000.0
G1 X94.3685 Y-137.8473 F12000.0
G0 X94.2318 Y-139.0884 F15000.0
G1 X95.4554 Y-139.7391 F12000.0
G0 X94.6196 Y-139.8845 F15000.0
G1 X101.2024 Y-141.3859 F12000.0
G1 X94.7928 Y-140.2310
G1 X94.7928 Y-141.5591
G1 X94.3886 Y-139.6535
G0 X90.9239 Y-144.0421 F15000.0
G1 X88.4409 Y-145.1393 F12000.0
G1 X85.5537 Y-144.8505
G1 X87.2860 Y-145.8322
G1 X84.6875 Y-145.6012
G1 X87.5747 Y-145.6590
G1 X92.7140 Y-144.2731
G1 X90.9239 Y-144.2731
G0 X92.0788 Y-145.4280 F15000.0
G1 X90.5774 Y-146.4096 F12000.0
G1 X90.1732 Y-147.1026
G1 X88.6141 Y-146.1787
G1 X91.0394 Y-147.6223
G1 X93.1760 Y-147.6223
G1 X92.4830 Y-147.1603
G1 X96.0054 Y-148.1997
G1 X92.6562 Y-146.8716
G1 X90.2310 Y-147.0448
G1 X93.2914 Y-146.0632
G1 X95.9477 Y-146.6406
G1 X91.8478 Y-145.6590
G0 X88.8565 Y-144.7699 F15000.0
G1 X52.3509 Y-125.3596 F12000.0
G0 X51.8886 Y-124.8709 F15000.0
G1 X53.1012 Y-127.3539 F12000.0
G1 X51.9463 Y-127.1230
G1 X52.5815 Y-126.6033
G1 X52.1196 Y-124.6399
G0 X53.5757 Y-124.0401 F15000.0
G1 X64.1807 Y-129.6789 F12000.0
G0 X63.6361 Y-130.7031 F15000.0
G1 X54.0508 Y-125.6065 F12000.0
G0 X54.9338 Y-127.3898 F15000.0
G1 X62.8875 Y-131.6189 F12000.0
G0 X61.5897 Y-129.2595 F15000.0
G1 X59.5686 Y-131.1073 F12000.0
G1 X61.5897 Y-129.0285
G0 X59.8956 Y-131.3418 F15000.0
G1 X54.7971 Y-128.6309 F12000.0
G0 X54.4565 Y-129.7636 F15000.0
G1 X57.7195 Y-131.4986 F12000.0
G0 X57.2011 Y-132.4932 F15000.0
G1 X55.1800 Y-134.5720 F12000.0
G1 X56.2772 Y-134.6875
G1 X55.5265 Y-134.2833
G1 X56.7391 Y-133.8791
G1 X57.2588 Y-134.3988
G1 X56.9701 Y-132.7242
G0 X57.2011 Y-129.4905 F15000.0
G1 X60.0883 Y-132.2045 F12000.0
G1 X61.0122 Y-132.1467
G1 X57.7785 Y-132.6664
G1 X57.8363 Y-133.3594
G1 X56.9701 Y-129.2595
G0 X56.5082 Y-129.2595 F15000.0
G1 X56.9124 Y-131.5115 F12000.0
G1 X55.6997 Y-130.7609
G1 X56.5082 Y-129.0285
G0 X50.0408 Y-120.2514 F15000.0
G1 X49.9253 Y-124.9864 F12000.0
G1 X49.8098 Y-120.0204
G0 X48.3416 Y-120.6002 F15000.0
G1 X33.4538 Y-112.6842 F12000.0
G0 X35.7201 Y-109.3954 F15000.0
G1 X35.4891 Y-111.4164 F12000.0
G1 X32.5442 Y-111.7052
G1 X35.7201 Y-109.1644
G0 X36.3807 Y-107.6716 F15000.0
G1 X116.5298 Y-150.2876 F12000.0
G0 X113.1278 Y-153.7339 F15000.0
G1 X116.1869 Y-155.3604 F12000.0
G0 X114.2527 Y-157.9008 F15000.0
G3 X114.0217 Y-157.9008 I-0.1155 J-0.9167 F12000.0
G0 X110.3261 Y-157.9008 F15000.0
G1 X116.6202 Y-160.6726 F12000.0
G1 X111.7697 Y-159.6332
G1 X113.9640 Y-161.2500
G1 X110.0951 Y-157.9008
G0 X111.4810 Y-154.6671 F15000.0
G1 X113.7908 Y-155.3601 F12000.0
G1 X111.7120 Y-154.6671
G0 X111.0190 Y-162.5204 F15000.0
G1 X121.9327 Y-168.9878 F12000.0
G1 X111.2500 Y-162.7514
G0 X111.4810 Y-163.6753 F15000.0
G1 X114.7724 Y-166.0428 F12000.0
G1 X111.7120 Y-163.9062
G0 X112.6359 Y-166.4470 F15000.0
G1 X119.7385 Y-171.1821 F12000.0
G1 X135.6182 Y-176.7833
G1 X134.4633 Y-175.8016
G1 X136.5999 Y-176.4368
G1 X118.1793 Y-170.2004
G1 X112.8668 Y-166.6780
G0 X114.4837 Y-166.6780 F15000.0
G1 X125.8016 Y-172.3370 F12000.0
G1 X114.7147 Y-166.9090
G0 X114.0217 Y-168.0639 F15000.0
G1 X120.2582 Y-172.1060 F12000.0
G1 X114.2527 Y-168.2948
G0 X113.7908 Y-169.6807 F15000.0
G1 X117.1977 Y-171.9905 F12000.0
G1 X113.5598 Y-169.6807
G0 X117.7174 Y-165.5231 F15000.0
G1 X122.2215 Y-167.6596 F12000.0
G1 X117.9484 Y-165.5231
G0 X120.4891 Y-160.9035 F15000.0
G1 X125.7439 Y-161.7697 F12000.0
G1 X120.7201 Y-160.6726
G0 X120.7201 Y-160.4416 F15000.0
G1 X120.6624 Y-161.0768 F12000.0
G1 X126.2636 Y-161.6542
G1 X120.9511 Y-160.4416
G0 X130.6522 Y-160.4416 F15000.0
G1 X132.5577 Y-162.1162 F12000.0
G1 X131.2874 Y-160.5571
G1 X132.6155 Y-160.9613
G1 X130.8832 Y-160.4416
G0 X135.5027 Y-160.6726 F15000.0
G1 X142.9518 Y-163.9640 F12000.0
G1 X140.7575 Y-162.4049
G1 X135.7337 Y-160.9035
G0 X136.8589 Y-155.8417 F15000.0
G1 X48.1443 Y-108.6713 F12000.0
G0 X49.8098 Y-104.0829 F15000.0
G1 X50.9069 Y-104.3716 F12000.0
G1 X50.4450 Y-105.6420
G1 X52.5238 Y-105.9307
G1 X52.1773 Y-107.2588
G1 X52.8702 Y-108.3560
G1 X49.5788 Y-103.8519
G0 X51.8886 Y-104.5448 F15000.0
G2 X52.1196 Y-104.3139 I0.9610 J-0.7301 F12000.0
G0 X53.5054 Y-103.8519 F15000.0
G1 X53.6787 Y-105.0645 F12000.0
G1 X52.3505 Y-104.1406
G1 X53.5054 Y-103.6209
G0 X55.1223 Y-105.2378 F15000.0
G1 X53.5054 Y-106.3349 F12000.0
G1 X54.2561 Y-106.6814
G1 X54.0829 Y-105.9307
G1 X56.5659 Y-105.4110
G1 X55.3533 Y-105.2378
G0 X57.2011 Y-101.7731 F15000.0
G1 X56.9701 Y-102.6970 F12000.0
G1 X54.9490 Y-103.5054
G1 X57.4321 Y-101.5421
G0 X52.5815 Y-101.0802 F15000.0
G1 X54.5448 Y-102.5238 F12000.0
G1 X56.6236 Y-101.6576
G1 X52.9857 Y-102.7548
G1 X52.8702 Y-103.3322
G1 X52.5238 Y-102.5815
G1 X52.3505 Y-103.3322
G1 X52.4083 Y-101.3111
G1 X52.3505 Y-100.8492
G0 X47.0380 Y-102.0041 F15000.0
G1 X50.3872 Y-102.3505 F12000.0
G1 X46.4606 Y-102.5238
G1 X46.8071 Y-102.0041
G0 X44.2663 Y-102.0041 F15000.0
G1 X44.2663 Y-102.6393 F12000.0
G1 X45.1902 Y-102.9857
G1 X45.1902 Y-103.9674
G1 X44.2663 Y-102.2351
G0 X43.3424 Y-102.9280 F15000.0
G1 X43.8043 Y-103.3899 F12000.0
G1 X42.9959 Y-102.9857
G1 X40.0510 Y-104.6603
G1 X41.0904 Y-104.9490
G1 X40.2242 Y-104.4871
G1 X43.1114 Y-102.6970
G0 X40.6679 Y-102.0685 F15000.0
G1 X40.2600 Y-101.8516 F12000.0
G0 X37.2009 Y-100.2250 F15000.0
G1 X15.1752 Y-88.5137 F12000.0
G0 X14.4701 Y-92.3030 F15000.0
G3 X14.2391 Y-92.3030 I-0.1155 J-1.1593 F12000.0
G0 X14.2391 Y-92.5340 F15000.0
G3 X14.0082 Y-92.7649 I0.5566 J-0.7876 F12000.0
G0 X11.5043 Y-86.5619 F15000.0
G1 X4.9781 Y-83.0919 F12000.0
G0 X6.3859 Y-83.5258 F15000.0
G1 X6.6168 Y-83.5258 F12000.0
G0 X10.0116 Y-80.5131 F15000.0
G1 X11.8471 Y-81.4890 F12000.0
G0 X13.2747 Y-82.2481 F15000.0
G1 X17.5575 Y-84.5253 F12000.0
G0 X19.8009 Y-85.7181 F15000.0
G1 X22.2482 Y-87.0194 F12000.0
G0 X12.3913 Y-84.6807 F15000.0
G1 X15.6827 Y-85.4314 F12000.0
G1 X14.7011 Y-85.7201
G1 X16.8954 Y-86.7595
G1 X12.2758 Y-85.3736
G1 X12.3336 Y-86.8750
G1 X13.7194 Y-87.1637
G1 X12.1603 Y-84.6807
G0 X5.9239 Y-88.1454 F15000.0
G1 X10.4280 Y-88.8961 F12000.0
G1 X11.1787 Y-89.4735
G1 X12.8533 Y-88.7228
G1 X15.5095 Y-89.2425
G1 X20.6488 Y-88.8961
G1 X17.5306 Y-89.0115
G1 X20.7643 Y-89.8777
G1 X15.7405 Y-89.0115
G1 X12.0448 Y-88.8961
G1 X5.6929 Y-88.1454
G0 X7.0788 Y-90.9171 F15000.0
G3 X7.0788 Y-91.1481 I0.8806 J-0.1155 F12000.0
G0 X5.2310 Y-91.8410 F15000.0
G1 X7.8872 Y-93.5156 F12000.0
G1 X8.9844 Y-92.4762
G1 X7.0211 Y-93.2269
G1 X5.0000 Y-91.8410
G0 X8.0027 Y-100.8492 F15000.0
G1 X5.8662 Y-102.3505 F12000.0
G1 X6.9633 Y-101.7731
G1 X10.5435 Y-104.1984
G1 X7.8872 Y-103.3899
G1 X6.0394 Y-105.5265
G1 X8.0605 Y-103.3899
G1 X12.5068 Y-104.8913
G1 X15.4518 Y-105.4688
G1 X11.0054 Y-103.5054
G1 X8.0027 Y-101.7154
G1 X7.3675 Y-101.3689
G1 X8.2337 Y-100.8492
G0 X7.0788 Y-104.7758 F15000.0
G1 X6.8478 Y-104.7758 F12000.0
G0 X27.1739 Y-103.8519 F15000.0
G1 X30.5808 Y-107.2011 F12000.0
G1 X33.5836 Y-107.5476
G1 X31.5048 Y-106.4504
G1 X32.1399 Y-106.1617
G1 X32.3132 Y-106.5659
G1 X30.6386 Y-106.2772
G1 X30.4654 Y-107.2588
G1 X27.4049 Y-103.8519
G0 X29.0217 Y-104.0829 F15000.0
G1 X30.3499 Y-105.1800 F12000.0
G1 X32.4864 Y-104.4871
G1 X33.6990 Y-104.8913
G1 X29.2527 Y-104.3139
G0 X34.7962 Y-105.2378 F15000.0
G1 X34.2188 Y-106.2194 F12000.0
G1 X36.4708 Y-105.1800
G1 X35.0272 Y-105.2378
G0 X35.7201 Y-104.5448 F15000.0
G1 X37.6257 Y-106.1039 F12000.0
G1 X38.5496 Y-104.8913
G1 X37.1637 Y-107.9518
G1 X36.9327 Y-106.6236
G1 X37.1060 Y-105.4688
G1 X34.0455 Y-105.6420
G1 X35.2004 Y-104.7181
G1 X34.7385 Y-104.4871
G1 X35.9511 Y-104.3139
G0 X28.4897 Y-112.6724 F15000.0
G1 X47.2524 Y-122.6486 F12000.0
G0 X48.3427 Y-118.6301 F15000.0
G1 X45.2835 Y-117.0035 F12000.0
G0 X46.6439 Y-116.4131 F15000.0
G1 X48.8873 Y-117.6059 F12000.0
G0 X49.5788 Y-117.9416 F15000.0
G1 X48.0197 Y-119.5584 F12000.0
G1 X45.5367 Y-119.7317
G1 X43.5734 Y-121.6372
G1 X43.8621 Y-120.4246
G1 X43.8043 Y-122.2724
G1 X46.7493 Y-120.4823
G1 X47.0958 Y-120.9443
G1 X47.0958 Y-119.2120
G1 X48.5394 Y-121.0598
G1 X47.0380 Y-124.2357
G1 X49.5788 Y-118.1726
G0 X49.4318 Y-116.5817 F15000.0
G1 X47.1885 Y-115.3889 F12000.0
G0 X48.7528 Y-114.9068 F15000.0
G1 X49.1607 Y-115.1237 F12000.0
G0 X49.1168 Y-116.3247 F15000.0
G2 X49.3478 Y-116.3247 I0.1155 J-1.0552 F12000.0
G0 X51.1957 Y-118.8655 F15000.0
G1 X51.8886 Y-121.2908 F12000.0
G1 X53.5054 Y-126.1413
G1 X55.2955 Y-131.5693
G1 X56.4504 Y-132.2045
G1 X54.6026 Y-130.2412
G1 X55.3533 Y-129.3750
G1 X54.2561 Y-130.2412
G1 X54.6026 Y-126.7188
G1 X52.5238 Y-122.5611
G1 X52.8125 Y-121.9260
G1 X51.9463 Y-121.5795
G1 X51.4266 Y-118.8655
G0 X60.4348 Y-108.4715 F15000.0
G1 X61.8207 Y-109.1644 F12000.0
G1 X62.7446 Y-108.7024
G1 X63.0333 Y-109.1644
G1 X62.3404 Y-108.7024
G1 X61.0700 Y-109.1067
G1 X60.2038 Y-108.2405
G0 X60.2038 Y-106.3927 F15000.0
G1 X61.8784 Y-107.8940 F12000.0
G1 X61.1277 Y-107.7785
G1 X60.4348 Y-106.3927
G0 X59.2799 Y-106.6236 F15000.0
G1 X57.8940 Y-108.9334 F12000.0
G1 X56.9701 Y-107.6630
G1 X55.4110 Y-107.4898
G1 X58.1827 Y-107.7785
G1 X59.0489 Y-106.6236
G0 X62.9755 Y-103.8519 F15000.0
G1 X65.4586 Y-105.1223 F12000.0
G1 X65.2853 Y-104.0251
G1 X68.7500 Y-105.1223
G1 X68.2880 Y-104.8913
G1 X68.3458 Y-106.2194
G1 X64.7656 Y-106.5082
G1 X69.0387 Y-105.9885
G1 X69.5584 Y-104.7181
G1 X70.2514 Y-104.5448
G1 X63.2065 Y-103.8519
G0 X67.3641 Y-100.6182 F15000.0
G1 X67.8838 Y-101.9463 F12000.0
G1 X67.3064 Y-101.7154
G1 X68.4613 Y-101.4844
G1 X67.5951 Y-100.6182
G0 X70.1359 Y-101.0802 F15000.0
G1 X69.5584 Y-103.7942 F12000.0
G1 X72.2147 Y-103.7364
G1 X71.4640 Y-102.2928
G1 X73.1963 Y-102.5815
G1 X72.7921 Y-103.2167
G1 X73.4273 Y-103.5054
G1 X74.1780 Y-104.1984
G1 X71.2330 Y-104.3716
G1 X74.7554 Y-104.6603
G1 X76.5455 Y-105.4688
G1 X75.1596 Y-103.2167
G1 X76.1990 Y-102.8125
G1 X74.8132 Y-104.1406
G1 X71.4640 Y-101.9463
G1 X71.1175 Y-103.5054
G1 X69.8471 Y-102.0618
G1 X70.4246 Y-101.8308
G1 X70.7711 Y-102.4083
G1 X70.8865 Y-101.4844
G1 X71.5217 Y-101.2534
G1 X70.3668 Y-101.3111
G0 X73.1386 Y-97.6155 F15000.0
G1 X69.1542 Y-98.8859 F12000.0
G1 X66.2092 Y-99.2901
G1 X63.7840 Y-100.9647
G1 X64.5924 Y-103.3899
G1 X61.7052 Y-101.3689
G1 X57.7208 Y-104.1406
G1 X57.7208 Y-103.3322
G1 X58.8179 Y-102.6393
G1 X57.3743 Y-104.1984
G1 X61.4164 Y-103.9096
G1 X59.8573 Y-103.7364
G1 X61.1277 Y-101.5999
G1 X65.0543 Y-103.3899
G1 X64.8811 Y-101.7154
G1 X66.3247 Y-101.5999
G1 X65.2276 Y-101.4266
G1 X64.5346 Y-101.3689
G1 X68.2880 Y-98.6549
G1 X73.1386 Y-97.6732
G1 X76.4878 Y-100.6182
G1 X73.3696 Y-97.6155
G0 X74.5245 Y-96.6916 F15000.0
G1 X65.2276 Y-98.8281 F12000.0
G1 X63.7840 Y-99.5788
G1 X60.4925 Y-99.9253
G1 X63.0910 Y-100.0408
G1 X54.9490 Y-100.8492
G1 X50.0408 Y-100.0408
G1 X50.9647 Y-99.8098
G1 X41.8410 Y-101.1379
G1 X39.9355 Y-102.3505
G1 X40.5707 Y-101.2534
G1 X38.5496 Y-102.6970
G1 X39.2425 Y-102.0041
G1 X37.1637 Y-103.6787
G1 X40.7439 Y-102.3505
G1 X49.1168 Y-100.0985
G1 X52.9857 Y-100.5027
G1 X54.8336 Y-101.3111
G1 X57.4321 Y-99.9830
G1 X64.9389 Y-99.3478
G1 X74.6977 Y-96.8648
G1 X77.4694 Y-98.4817
G1 X76.3145 Y-98.8859
G1 X77.1230 Y-101.1379
G1 X76.9497 Y-101.7154
G1 X77.9314 Y-99.2323
G1 X76.9497 Y-99.6943
G1 X77.8159 Y-98.3662
G1 X74.7554 Y-96.9226
G0 X78.4511 Y-104.3139 F15000.0
G1 X76.6033 Y-106.6236 F12000.0
G1 X74.5822 Y-106.3927
G1 X74.3512 Y-107.0856
G1 X73.6005 Y-106.8546
G1 X72.6189 Y-107.8363
G1 X70.8288 Y-106.4504
G1 X69.2120 Y-107.5476
G1 X68.2303 Y-107.0856
G1 X67.9993 Y-107.5476
G1 X68.6923 Y-107.0856
G1 X70.1359 Y-107.5476
G1 X71.1753 Y-105.8152
G1 X72.6189 Y-108.4715
G1 X72.1569 Y-108.8757
G1 X73.9470 Y-106.6236
G1 X75.8526 Y-106.1617
G1 X76.8920 Y-106.8546
G1 X78.4511 Y-104.5448
G1 X80.2989 Y-106.3349
G1 X76.4300 Y-108.4137
G1 X76.6610 Y-109.1644
G1 X77.2385 Y-107.7208
G1 X80.6454 Y-106.6814
G1 X81.9735 Y-107.4321
G1 X78.6821 Y-104.3139
G0 X81.2228 Y-105.9307 F15000.0
G1 X83.9946 Y-108.4715 F12000.0
G1 X83.2439 Y-106.9124
G1 X84.6298 Y-106.3927
G1 X84.2833 Y-106.9124
G1 X82.6664 Y-106.7969
G1 X81.4538 Y-105.9307
G0 X80.3771 Y-108.0737 F15000.0
G1 X108.9289 Y-123.2550 F12000.0
G0 X108.8617 Y-121.9055 F15000.0
G1 X85.8163 Y-109.6520 F12000.0
G0 X87.7885 Y-109.3869 F15000.0
G1 X108.9984 Y-120.6644 F12000.0
G0 X108.5233 Y-119.0980 F15000.0
G1 X89.1488 Y-108.7964 F12000.0
G0 X88.8093 Y-107.9590 F15000.0
G1 X174.8727 Y-153.7197 F12000.0
G0 X157.9076 Y-168.9878 F15000.0
G1 X160.3329 Y-169.5652 F12000.0
G1 X158.0231 Y-169.9694
G1 X157.5611 Y-169.2188
G1 X157.6766 Y-168.9878
G0 X148.8995 Y-152.3573 F15000.0
G1 X150.9205 Y-153.2235 F12000.0
G1 X148.6685 Y-152.1264
G0 X147.2655 Y-151.5216 F15000.0
G1 X146.2458 Y-150.9794 F12000.0
G0 X137.7475 Y-147.7746 F15000.0
G1 X87.5778 Y-121.0989 F12000.0
G0 X85.3345 Y-119.9061 F15000.0
G1 X80.2359 Y-117.1951 F12000.0
G0 X79.7608 Y-115.6287 F15000.0
G1 X85.4712 Y-118.6650 F12000.0
G0 X86.6276 Y-117.9661 F15000.0
G1 X78.2660 Y-113.5201 F12000.0
G0 X79.6060 Y-114.9389 F15000.0
G1 X80.7609 Y-118.4035 F12000.0
G1 X81.9158 Y-118.8655
G1 X80.2989 Y-117.5374
G1 X79.6060 Y-115.1698
G0 X77.5272 Y-111.7052 F15000.0
G1 X79.1440 Y-113.8417 F12000.0
G1 X78.2779 Y-115.2276
G1 X77.2962 Y-111.7052
G0 X76.6367 Y-108.7125 F15000.0
G1 X83.7746 Y-112.5078 F12000.0
G0 X84.3192 Y-111.4836 F15000.0
G1 X77.9970 Y-108.1220 F12000.0
G0 X86.5353 Y-107.7785 F15000.0
G1 X86.7086 Y-113.9572 F12000.0
G1 X86.5353 Y-107.5476
G0 X89.5380 Y-107.0856 F15000.0
G1 X90.3465 Y-109.1644 F12000.0
G1 X89.7690 Y-107.3166
G0 X88.8451 Y-113.5530 F15000.0
G1 X91.0394 Y-113.9572 F12000.0
G1 X92.2520 Y-116.3247
G1 X92.6562 Y-115.8628
G1 X91.7901 Y-116.3247
G1 X89.1338 Y-113.6107
G1 X87.0550 Y-116.8444
G1 X88.6141 Y-113.5530
G0 X86.3043 Y-115.6318 F15000.0
G1 X88.0944 Y-118.0571 F12000.0
G1 X86.0156 Y-117.3064
G1 X81.8003 Y-120.0204
G1 X81.5693 Y-119.5007
G1 X82.6087 Y-118.1148
G1 X85.6692 Y-117.3641
G1 X86.0734 Y-115.4008
G0 X81.9347 Y-119.4122 F15000.0
G1 X135.7753 Y-148.0397 F12000.0
G0 X135.0963 Y-146.3649 F15000.0
G1 X123.4716 Y-140.1839 F12000.0
G0 X123.4032 Y-140.8045 F15000.0
G1 X134.4161 Y-146.6601 F12000.0
G0 X132.5123 Y-146.3047 F15000.0
G1 X123.5388 Y-141.5335 F12000.0
G0 X123.4705 Y-142.1540 F15000.0
G1 X131.8321 Y-146.6000 F12000.0
G0 X131.3558 Y-147.0036 F15000.0
G1 X130.3361 Y-146.4614 F12000.0
G0 X129.9955 Y-147.5941 F15000.0
G1 X81.8653 Y-122.0028 F12000.0
G0 X82.2731 Y-122.2197 F15000.0
G1 X83.4968 Y-122.8703 F12000.0
G0 X82.6087 Y-121.8682 F15000.0
G1 X82.3200 Y-122.9654 F12000.0
G1 X81.5115 Y-122.5611
G1 X81.6270 Y-122.9654
G1 X82.3777 Y-121.8682
G0 X82.2059 Y-120.8701 F15000.0
G1 X131.9677 Y-147.3289 F12000.0
G0 X132.5784 Y-149.6243 F15000.0
G1 X70.1722 Y-116.4424 F12000.0
G0 X54.8913 Y-143.1182 F15000.0
G1 X57.2588 Y-143.4069 F12000.0
G1 X54.6603 Y-143.1182
G0 X53.0435 Y-145.6590 F15000.0
G1 X54.3139 Y-146.8139 F12000.0
G1 X52.8125 Y-145.6590
G0 X51.6576 Y-145.6590 F15000.0
G1 X52.5238 Y-146.1787 F12000.0
G1 X50.6760 Y-146.6984
G1 X54.8336 Y-147.4490
G1 X49.9830 Y-147.1026
G1 X51.4266 Y-145.6590
G0 X51.1161 Y-144.4097 F15000.0
G1 X55.1950 Y-146.5785 F12000.0
G0 X57.2011 Y-151.2024 F15000.0
G1 X58.0673 Y-151.7799 F12000.0
G1 X57.2588 Y-152.7615
G1 X58.0673 Y-152.0109
G1 X59.8573 Y-152.5883
G1 X57.8363 Y-153.1080
G1 X60.7235 Y-152.5883
G1 X61.7629 Y-153.0503
G1 X60.7235 Y-152.0109
G1 X57.4321 Y-151.4334
G0 X57.2011 Y-155.3601 F15000.0
G1 X60.2615 Y-156.0530 F12000.0
G1 X60.6658 Y-155.7643
G1 X61.0700 Y-157.0346
G1 X59.8573 Y-157.0346
G1 X63.0910 Y-156.6882
G1 X57.4321 Y-155.5910
G0 X57.4321 Y-156.5149 F15000.0
G1 X59.2799 Y-158.0163 F12000.0
G1 X57.6630 Y-156.7459
G0 X56.3447 Y-157.7001 F15000.0
G1 X41.4570 Y-149.7841 F12000.0
G0 X40.8451 Y-149.4588 F15000.0
G1 X40.2333 Y-149.1335 F12000.0
G0 X41.7255 Y-150.7405 F15000.0
G1 X45.1902 Y-151.7799 F12000.0
G1 X41.9565 Y-150.7405
G0 X47.7310 Y-150.5095 F15000.0
G1 X49.2901 Y-151.6067 F12000.0
G1 X48.7126 Y-151.4912
G1 X49.9253 Y-151.1447
G1 X47.9620 Y-150.5095
G0 X49.8098 Y-152.5883 F15000.0
G1 X50.0985 Y-153.5700 F12000.0
G1 X50.7914 Y-154.6671
G1 X50.0408 Y-152.5883
G0 X49.3478 Y-153.5122 F15000.0
G1 X48.3662 Y-154.5516 F12000.0
G1 X48.7126 Y-154.7826
G1 X48.0197 Y-153.9164
G1 X49.1168 Y-153.5122
G0 X48.6549 Y-156.9769 F15000.0
G1 X47.9042 Y-158.0163 F12000.0
G1 X47.9620 Y-158.7670
G1 X48.4239 Y-158.3628
G1 X48.4239 Y-157.2079
G0 X46.8071 Y-160.2106 F15000.0
G1 X45.6522 Y-161.5387 F12000.0
G1 X44.7283 Y-161.4232
G1 X46.4029 Y-161.2500
G1 X47.0380 Y-160.4416
G0 X47.2690 Y-162.0584 F15000.0
G1 X47.5000 Y-163.9062 F12000.0
G1 X48.5394 Y-163.4443
G1 X52.4083 Y-162.8668
G1 X49.4056 Y-163.2133
G1 X49.0014 Y-163.9062
G1 X47.5000 Y-162.0584
G0 X46.5761 Y-163.9062 F15000.0
G1 X47.8465 Y-164.3682 F12000.0
G1 X44.6705 Y-165.1766
G1 X45.3635 Y-166.0428
G1 X44.5550 Y-166.6202
G1 X44.7283 Y-167.6019
G1 X44.0353 Y-165.9273
G1 X42.5340 Y-165.9273
G1 X43.8621 Y-165.1189
G1 X40.9749 Y-164.9457
G1 X46.1719 Y-165.5808
G1 X44.7860 Y-164.6569
G1 X46.3451 Y-163.9062
G0 X51.1957 Y-165.5231 F15000.0
G1 X48.0774 Y-166.5048 F12000.0
G1 X48.4817 Y-167.1399
G1 X49.0014 Y-166.5625
G1 X50.0985 Y-167.4864
G1 X48.3084 Y-167.9484
G1 X52.6393 Y-169.3920
G1 X44.9015 Y-172.5679
G1 X46.9803 Y-171.0088
G1 X49.2901 Y-172.7989
G1 X49.4056 Y-173.9538
G1 X49.9830 Y-174.1270
G1 X50.1562 Y-172.1637
G1 X51.4844 Y-173.6651
G1 X50.0408 Y-172.5679
G1 X50.4450 Y-171.9905
G1 X49.1746 Y-170.7779
G1 X48.7126 Y-171.8750
G1 X48.0774 Y-170.0849
G1 X47.5577 Y-171.5285
G1 X47.9620 Y-169.5652
G1 X52.6970 Y-169.6807
G1 X48.8281 Y-167.6596
G1 X50.2717 Y-167.5442
G1 X50.6182 Y-166.3315
G1 X52.7548 Y-166.8512
G1 X48.3662 Y-166.1005
G1 X51.1957 Y-165.7541
G0 X53.0435 Y-163.6753 F15000.0
G2 X53.2745 Y-163.6753 I0.1155 J-0.6352 F12000.0
G0 X54.4293 Y-163.6753 F15000.0
G1 X55.3533 Y-164.8879 F12000.0
G1 X54.3716 Y-165.5808
G1 X57.0279 Y-166.1583
G1 X55.3533 Y-165.2344
G1 X54.3139 Y-163.7908
G1 X55.5265 Y-164.0795
G1 X54.6603 Y-163.9062
G0 X54.4293 Y-167.8329 F15000.0
G1 X55.8730 Y-168.9878 F12000.0
G1 X55.0645 Y-170.2582
G1 X54.2561 Y-169.9694
G1 X55.4688 Y-170.0849
G1 X54.1984 Y-167.8329
G0 X56.9701 Y-167.1399 F15000.0
G1 X58.8757 Y-168.0639 F12000.0
G1 X58.1250 Y-170.6624
G1 X58.4137 Y-170.2582
G1 X57.6053 Y-169.2765
G1 X58.7602 Y-167.7174
G1 X57.2011 Y-167.1399
G0 X61.1277 Y-164.5992 F15000.0
G1 X61.8784 Y-166.4470 F12000.0
G1 X62.7446 Y-165.8696
G1 X62.2826 Y-165.4654
G1 X61.3587 Y-164.8302
G0 X61.3587 Y-160.9035 F15000.0
G1 X62.4558 Y-161.6542 F12000.0
G1 X61.5319 Y-163.0978
G1 X61.8784 Y-163.3288
G1 X60.6658 Y-163.1556
G1 X60.6080 Y-164.2527
G1 X60.7235 Y-162.9246
G1 X61.3010 Y-162.6936
G1 X60.3193 Y-162.4049
G1 X62.3981 Y-161.8274
G1 X60.2615 Y-161.4810
G1 X61.1277 Y-160.9035
G0 X61.8511 Y-160.6279 F15000.0
G1 X62.4629 Y-160.9532 F12000.0
G0 X63.8995 Y-159.7486 F15000.0
G1 X63.4952 Y-161.7120 F12000.0
G1 X64.0149 Y-160.6726
G1 X65.4008 Y-161.2500
G1 X63.8417 Y-160.2683
G1 X64.1304 Y-159.7486
G0 X60.6658 Y-159.2867 F15000.0
G1 X62.5136 Y-159.7486 F12000.0
G1 X61.3010 Y-159.9219
G1 X60.4348 Y-159.0557
G0 X60.2038 Y-160.4416 F15000.0
G1 X59.2221 Y-162.3471 F12000.0
G1 X59.5109 Y-163.4443
G1 X58.7024 Y-162.2317
G1 X57.3743 Y-164.6569
G1 X56.0462 Y-162.9246
G1 X55.4688 Y-163.2711
G1 X57.0279 Y-162.6936
G1 X57.3166 Y-163.9640
G1 X57.8363 Y-164.5992
G1 X58.0095 Y-161.1345
G1 X58.6447 Y-162.2317
G1 X59.9728 Y-160.4416
G0 X55.1223 Y-159.2867 F15000.0
G1 X55.0645 Y-161.8852 F12000.0
G1 X54.4293 Y-161.9429
G1 X54.5448 Y-161.5387
G1 X52.9280 Y-161.1345
G1 X55.4110 Y-161.0190
G1 X54.8913 Y-159.2867
G0 X65.7473 Y-162.9823 F15000.0
G1 X64.3037 Y-165.6963 F12000.0
G1 X65.2853 Y-166.3315
G1 X64.5346 Y-164.4260
G1 X66.6135 Y-164.4260
G1 X65.9783 Y-162.9823
G0 X69.2120 Y-162.0584 F15000.0
G1 X69.0387 Y-162.9823 F12000.0
G1 X68.6345 Y-162.3471
G1 X68.7500 Y-164.0217
G1 X68.7500 Y-162.0007
G1 X69.4429 Y-161.8274
G0 X72.4457 Y-159.9796 F15000.0
G1 X74.8709 Y-160.6726 F12000.0
G1 X74.7554 Y-161.5387
G1 X72.4457 Y-159.7486
G0 X70.8288 Y-156.5149 F15000.0
G1 X75.1596 Y-158.8247 F12000.0
G1 X71.5217 Y-158.3050
G1 X73.5428 Y-158.3050
G1 X70.8288 Y-156.2840
G0 X70.8985 Y-154.9282 F15000.0
G1 X75.7931 Y-157.5307 F12000.0
G0 X75.2174 Y-156.7459 F15000.0
G3 X74.9864 Y-156.5149 I-1.1790 J-0.9481 F12000.0
G0 X77.2207 Y-158.2898 F15000.0
G1 X78.8522 Y-159.1573 F12000.0
G0 X68.9810 Y-156.2840 F15000.0
G1 X68.4035 Y-157.2079 F12000.0
G1 X71.1175 Y-157.7853
G1 X70.5978 Y-158.3628
G1 X68.2303 Y-156.6304
G1 X68.7500 Y-156.2840
G0 X66.8196 Y-152.7594 F15000.0
G1 X66.0039 Y-152.3257 F12000.0
G0 X69.9049 Y-172.2215 F15000.0
G1 X66.3825 Y-176.9565 F12000.0
G1 X70.1359 Y-172.2215
G0 X66.4402 Y-172.6834 F15000.0
G1 X67.0177 Y-172.7412 F12000.0
G1 X63.3220 Y-179.6705
G1 X65.5163 Y-176.4368
G1 X63.1488 Y-179.8438
G1 X64.6501 Y-174.6467
G1 X66.2092 Y-172.6834
G0 X70.3668 Y-177.7649 F15000.0
G1 X67.1909 Y-182.9620 F12000.0
G1 X66.4980 Y-181.9803
G1 X67.5374 Y-183.1929
G1 X70.6556 Y-178.8043
G1 X70.3668 Y-177.9959
G0 X71.7527 Y-179.6128 F15000.0
G1 X71.4062 Y-183.1352 F12000.0
G1 X71.5217 Y-179.8438
G0 X73.3324 Y-179.8704 F15000.0
G1 X74.1482 Y-180.3042 F12000.0
G0 X73.6005 Y-182.1535 F15000.0
G1 X75.1019 Y-183.9436 F12000.0
G1 X77.0652 Y-183.7126
G1 X74.5245 Y-183.5394
G1 X73.6583 Y-182.2690
G1 X69.4429 Y-190.0645
G1 X70.7711 Y-191.3927
G1 X71.1175 Y-190.9307
G1 X71.0598 Y-191.9701
G1 X74.4090 Y-189.4293
G1 X74.9287 Y-187.0041
G1 X72.5034 Y-185.6760
G1 X75.1596 Y-186.2534
G1 X76.8342 Y-185.7914
G1 X74.9287 Y-186.7731
G1 X73.9470 Y-190.6997
G1 X68.8655 Y-192.8363
G1 X70.1936 Y-191.7391
G1 X69.2120 Y-191.4504
G1 X70.0781 Y-191.4504
G1 X68.8655 Y-190.3533
G1 X67.5951 Y-193.0673
G1 X69.3274 Y-194.6264
G1 X69.3274 Y-196.6474
G1 X69.2697 Y-194.6264
G1 X67.3641 Y-192.7208
G1 X73.3696 Y-182.1535
G0 X73.6005 Y-184.2323 F15000.0
G1 X73.0808 Y-184.7520 F12000.0
G1 X74.6399 Y-185.6182
G1 X76.5455 Y-184.8675
G1 X76.9497 Y-185.2140
G1 X73.6005 Y-185.3872
G1 X73.3696 Y-184.4633
G0 X72.1738 Y-184.5095 F15000.0
G1 X69.9304 Y-183.3167 F12000.0
G0 X70.2016 Y-184.7746 F15000.0
G1 X71.2213 Y-185.3168 F12000.0
G0 X71.6964 Y-186.8832 F15000.0
G1 X67.0058 Y-184.3892 F12000.0
G0 X68.5006 Y-186.4978 F15000.0
G1 X70.1321 Y-187.3653 F12000.0
G0 X69.8598 Y-187.8774 F15000.0
G1 X69.0441 Y-187.4436 F12000.0
G0 X68.6362 Y-187.2267 F15000.0
G1 X70.0638 Y-187.9858 F12000.0
G0 X72.2147 Y-186.7731 F15000.0
G1 X72.4457 Y-186.7731 F12000.0
G0 X72.6766 Y-188.1590 F15000.0
G2 X72.9076 Y-188.1590 I0.1155 J-0.6022 F12000.0
G0 X73.1386 Y-191.1617 F15000.0
G2 X73.3696 Y-191.1617 I0.1155 J-0.8835 F12000.0
G0 X75.4484 Y-193.4715 F15000.0
G1 X71.5217 Y-195.9545 F12000.0
G1 X69.3852 Y-198.3220
G1 X73.0808 Y-198.8417
G1 X70.6556 Y-197.9755
G1 X74.9287 Y-193.6447
G1 X75.6793 Y-193.4715
G0 X74.9864 Y-195.0883 F15000.0
G1 X71.9260 Y-196.8784 F12000.0
G1 X74.7554 Y-195.0883
G0 X70.5978 Y-193.0095 F15000.0
G1 X70.7133 Y-194.1067 F12000.0
G1 X70.1359 Y-194.1067
G1 X70.3668 Y-192.7785
G0 X68.0571 Y-198.5530 F15000.0
G1 X65.5740 Y-200.9205 F12000.0
G1 X65.6895 Y-201.9022
G1 X65.9205 Y-199.8811
G1 X67.8261 Y-198.5530
G0 X68.2880 Y-199.0149 F15000.0
G1 X66.2092 Y-202.2486 F12000.0
G1 X68.2880 Y-199.2459
G0 X57.4321 Y-190.4688 F15000.0
G1 X58.7602 Y-191.1617 F12000.0
G1 X57.2011 Y-190.6997
G1 X50.5027 Y-207.2147
G1 X52.0618 Y-217.7819
G1 X54.3716 Y-220.9579
G1 X58.1827 Y-223.7296
G1 X66.3247 Y-221.7086
G1 X67.7683 Y-222.9212
G1 X65.4008 Y-234.8166
G1 X67.1909 Y-242.3811
G1 X71.2330 Y-246.2500
G1 X71.2908 Y-252.5442
G1 X71.2330 Y-246.3655
G1 X67.1332 Y-242.3811
G1 X65.4008 Y-234.8743
G1 X65.4008 Y-232.2181
G1 X63.1488 Y-232.6800
G1 X64.7656 Y-233.3152
G1 X64.1304 Y-233.5462
G1 X64.4769 Y-232.8533
G1 X63.1488 Y-234.6433
G1 X63.8417 Y-235.2785
G1 X64.6501 Y-234.1236
G1 X62.5713 Y-236.5489
G1 X62.9178 Y-234.2969
G1 X58.8757 Y-234.0659
G1 X59.7418 Y-232.5068
G1 X61.8207 Y-232.9110
G1 X62.6291 Y-233.9504
G1 X63.0333 Y-232.2181
G1 X66.1515 Y-231.4096
G1 X67.6529 Y-225.9817
G1 X67.6529 Y-221.4776
G1 X58.2405 Y-223.7296
G1 X56.1039 Y-222.7480
G1 X55.6997 Y-223.0944
G1 X55.0068 Y-222.0550
G1 X55.1223 Y-223.7296
G1 X55.9307 Y-223.5564
G1 X54.3716 Y-223.2099
G1 X54.6603 Y-221.4776
G1 X53.2167 Y-221.0734
G1 X52.2928 Y-223.7874
G1 X50.9069 Y-225.0000
G1 X53.5632 Y-223.3832
G1 X53.8519 Y-222.5170
G1 X52.1196 Y-224.7690
G1 X52.5238 Y-226.6168
G1 X51.8886 Y-227.0211
G1 X54.1984 Y-227.3675
G1 X53.2167 Y-228.1760
G1 X52.7548 Y-227.8872
G1 X51.4844 Y-227.4830
G1 X51.4844 Y-229.9083
G1 X52.1196 Y-229.8505
G1 X51.1379 Y-227.8872
G1 X51.3111 Y-225.0000
G1 X45.9409 Y-227.3098
G1 X46.5761 Y-229.0421
G1 X44.5550 Y-229.2731
G1 X43.1114 Y-230.6590
G1 X43.2269 Y-228.8111
G1 X43.6311 Y-230.6590
G1 X44.5550 Y-229.5041
G1 X43.8043 Y-227.9450
G1 X44.6128 Y-228.8689
G1 X45.3057 Y-226.4436
G1 X47.1535 Y-225.5774
G1 X47.9042 Y-223.9606
G1 X48.1352 Y-224.7690
G1 X47.9042 Y-223.2677
G1 X46.4606 Y-224.1338
G1 X46.6916 Y-223.0944
G1 X48.4817 Y-223.2099
G1 X48.9436 Y-222.6325
G1 X50.1562 Y-224.6535
G1 X51.3111 Y-221.5931
G1 X51.8886 Y-222.9212
G1 X50.6182 Y-224.9423
G1 X52.7548 Y-220.0340
G1 X46.9803 Y-219.3988
G1 X45.8832 Y-221.3043
G1 X47.0380 Y-220.4382
G1 X45.7677 Y-221.8818
G1 X45.3057 Y-222.9789
G1 X44.6128 Y-220.3804
G1 X43.5156 Y-222.6325
G1 X44.2663 Y-220.6692
G1 X42.1875 Y-220.6114
G1 X42.5340 Y-220.8424
G1 X41.4368 Y-220.9001
G1 X43.1114 Y-224.0761
G1 X42.7072 Y-225.1732
G1 X43.9198 Y-224.8268
G1 X42.1875 Y-225.0577
G1 X41.5523 Y-223.5564
G1 X41.7833 Y-223.9029
G1 X44.0931 Y-219.9185
G1 X43.8043 Y-220.3227
G1 X47.3845 Y-217.2045
G1 X48.1352 Y-218.5326
G1 X49.1168 Y-218.3016
G1 X50.6182 Y-220.5537
G1 X51.8308 Y-220.2649
G1 X52.7548 Y-219.9762
G1 X51.0224 Y-214.6060
G1 X49.4633 Y-216.4538
G1 X49.5788 Y-217.5510
G1 X48.6549 Y-217.0890
G1 X50.9069 Y-213.9708
G1 X48.3084 Y-215.4721
G1 X46.0564 Y-215.6454
G1 X42.8804 Y-217.8974
G1 X44.7283 Y-217.4932
G1 X45.1902 Y-215.9341
G1 X44.7283 Y-215.5299
G1 X45.7677 Y-216.9158
G1 X45.1325 Y-215.1257
G1 X43.0537 Y-215.5299
G1 X44.0931 Y-214.8370
G1 X43.9198 Y-213.7976
G1 X43.9198 Y-212.3539
G1 X43.4579 Y-213.3933
G1 X43.2846 Y-212.2385
G1 X41.0326 Y-213.5088
G1 X45.9409 Y-211.6610
G1 X46.2874 Y-213.2201
G1 X44.3818 Y-213.7976
G1 X44.6128 Y-214.2595
G1 X43.9198 Y-214.0863
G1 X46.2296 Y-215.2412
G1 X48.0197 Y-213.9130
G1 X47.5000 Y-215.0679
G1 X49.1746 Y-212.5272
G1 X48.8281 Y-212.2385
G1 X50.2140 Y-214.2595
G1 X51.3689 Y-212.9314
G1 X52.6393 Y-200.9205
G1 X57.2011 Y-190.4688
G0 X51.8886 Y-190.6997 F15000.0
G1 X53.5054 Y-192.8940 F12000.0
G1 X54.3139 Y-191.7391
G1 X53.2745 Y-190.8152
G1 X54.4293 Y-192.4898
G1 X51.6576 Y-190.6997
G0 X50.0408 Y-190.0068 F15000.0
G1 X50.9069 Y-191.1039 F12000.0
G1 X49.5211 Y-191.7969
G1 X49.2901 Y-191.2194
G1 X48.4239 Y-191.2772
G1 X50.2717 Y-191.1617
G1 X49.8098 Y-190.2378
G0 X47.7310 Y-190.0068 F15000.0
G1 X47.0958 Y-191.2772 F12000.0
G1 X47.7310 Y-189.7758
G0 X46.1141 Y-190.4688 F15000.0
G1 X47.2690 Y-190.5265 F12000.0
G1 X47.0958 Y-191.6814
G1 X45.8832 Y-190.6997
G0 X45.1902 Y-188.1590 F15000.0
G2 X45.1902 Y-187.9280 I0.6703 J0.1155 F12000.0
G0 X43.5734 Y-185.8492 F15000.0
G1 X43.1114 Y-186.3689 F12000.0
G1 X43.5734 Y-186.5999
G1 X42.8227 Y-186.1957
G1 X43.3424 Y-185.8492
G0 X42.4185 Y-187.4660 F15000.0
G1 X43.8043 Y-188.3322 F12000.0
G1 X42.1298 Y-188.9674
G1 X45.0747 Y-188.1590
G1 X43.0537 Y-189.6603
G1 X45.7677 Y-189.4871
G1 X44.9592 Y-190.1800
G1 X45.1325 Y-192.1433
G1 X47.4423 Y-192.3743
G1 X47.6155 Y-193.2982
G1 X48.0197 Y-194.3376
G1 X51.1957 Y-195.2038
G1 X50.0985 Y-193.9912
G1 X50.5605 Y-194.0489
G1 X48.5971 Y-193.1827
G1 X47.6732 Y-191.2194
G1 X49.4633 Y-188.5054
G1 X48.4239 Y-188.3899
G1 X47.2113 Y-190.2378
G1 X45.4789 Y-190.5265
G1 X47.1535 Y-188.5632
G1 X47.2690 Y-189.1984
G1 X47.0380 Y-187.9857
G1 X42.4185 Y-187.6970
G0 X41.0326 Y-191.3927 F15000.0
G1 X39.4158 Y-192.7785 F12000.0
G1 X40.8016 Y-191.3927
G0 X41.2636 Y-194.1644 F15000.0
G1 X43.4579 Y-195.3193 F12000.0
G1 X41.4368 Y-195.8967
G1 X41.6678 Y-196.3010
G1 X40.7439 Y-195.7235
G1 X41.7255 Y-194.7996
G1 X41.0326 Y-194.3954
G0 X41.2636 Y-197.1671 F15000.0
G1 X42.6495 Y-199.8811 F12000.0
G1 X41.5523 Y-201.1515
G1 X38.8961 Y-199.7656
G1 X40.5129 Y-199.8234
G1 X39.8200 Y-199.1882
G1 X40.7439 Y-198.0333
G1 X39.6467 Y-197.5136
G1 X41.0326 Y-197.3981
G0 X44.2663 Y-193.7024 F15000.0
G1 X43.9198 Y-194.6841 F12000.0
G1 X44.9015 Y-194.3954
G1 X44.2663 Y-193.4715
G0 X46.1141 Y-200.1698 F15000.0
G1 X47.3268 Y-202.6529 F12000.0
G1 X45.7099 Y-205.0781
G1 X45.0170 Y-204.7317
G1 X46.4029 Y-205.7711
G1 X45.1325 Y-206.0598
G1 X46.4606 Y-203.3458
G1 X47.6732 Y-202.6529
G1 X47.7310 Y-204.1542
G1 X48.5394 Y-203.8077
G1 X49.0591 Y-204.3274
G1 X49.7520 Y-203.8077
G1 X49.6943 Y-205.3668
G1 X50.0985 Y-204.5584
G1 X49.7520 Y-203.6923
G1 X48.7126 Y-204.0387
G1 X50.0408 Y-201.0360
G1 X48.7704 Y-203.4035
G1 X47.6732 Y-201.7289
G1 X46.3451 Y-200.1698
G0 X45.4212 Y-201.5557 F15000.0
G3 X45.1902 Y-201.5557 I-0.1155 J-1.0740 F12000.0
G0 X47.7310 Y-204.7894 F15000.0
G1 X42.9959 Y-208.9470 F12000.0
G1 X42.5917 Y-211.6033
G1 X43.9198 Y-209.3512
G1 X44.7860 Y-211.1990
G1 X44.7283 Y-209.4667
G1 X45.4212 Y-209.3512
G1 X44.9015 Y-208.1963
G1 X45.1325 Y-209.2935
G1 X43.0537 Y-208.7160
G1 X45.1902 Y-207.7344
G1 X46.5183 Y-209.6977
G1 X48.0197 Y-209.4667
G1 X48.0197 Y-210.4484
G1 X47.4423 Y-210.6793
G1 X47.5000 Y-212.4694
G1 X48.1352 Y-212.2385
G1 X48.8859 Y-209.9287
G1 X48.4239 Y-209.1780
G1 X48.5971 Y-205.5401
G1 X47.7310 Y-205.0204
G0 X47.3401 Y-208.0910 F15000.0
G1 X103.0162 Y-237.6945 F12000.0
G0 X101.3163 Y-237.4476 F15000.0
G1 X51.3506 Y-210.8803 F12000.0
G0 X45.1902 Y-210.3329 F15000.0
G2 X45.1902 Y-210.1019 I0.7672 J0.1155 F12000.0
G0 X42.1875 Y-208.9470 F15000.0
G1 X40.1664 Y-212.5272 F12000.0
G1 X39.1270 Y-213.3933
G1 X40.4552 Y-213.1046
G1 X35.7779 Y-215.3567
G1 X37.2215 Y-213.4511
G1 X35.0849 Y-214.2595
G1 X33.4103 Y-218.0129
G1 X35.5469 Y-217.4355
G1 X35.5469 Y-218.1284
G1 X36.8750 Y-216.9158
G1 X36.7595 Y-216.0496
G1 X38.0876 Y-217.1467
G1 X37.7412 Y-218.0129
G1 X39.7045 Y-218.2439
G1 X40.5129 Y-218.6481
G1 X41.0326 Y-217.6087
G1 X43.6311 Y-216.8580
G1 X42.0143 Y-218.0129
G1 X42.0143 Y-219.5720
G1 X41.3791 Y-218.0707
G1 X41.3213 Y-219.5143
G1 X41.4946 Y-218.9368
G1 X40.3397 Y-220.0340
G1 X38.8383 Y-219.7452
G1 X38.4341 Y-219.1678
G1 X37.9144 Y-223.0367
G1 X34.0455 Y-224.3648
G1 X33.5258 Y-226.3281
G1 X33.1793 Y-225.0577
G1 X32.1399 Y-225.8662
G1 X32.7751 Y-223.0367
G1 X33.9300 Y-224.2493
G1 X33.1793 Y-222.2283
G1 X32.6596 Y-222.4592
G1 X36.0088 Y-221.0734
G1 X36.4708 Y-222.1128
G1 X38.1454 Y-222.1705
G1 X37.2792 Y-219.8607
G1 X38.4341 Y-218.3594
G1 X32.1977 Y-219.5720
G1 X31.6202 Y-219.1101
G1 X28.0978 Y-220.8424
G1 X26.5387 Y-219.8607
G1 X27.3471 Y-218.3016
G1 X29.2527 Y-217.6087
G1 X28.7908 Y-217.2045
G1 X30.0034 Y-219.8030
G1 X30.1766 Y-219.3410
G1 X28.5598 Y-220.0917
G1 X27.6359 Y-219.2255
G1 X30.7541 Y-220.6114
G1 X30.9273 Y-218.9946
G1 X30.9851 Y-216.9158
G1 X29.3105 Y-216.5115
G1 X35.0849 Y-210.5061
G1 X35.3736 Y-211.4878
G1 X35.0272 Y-213.0469
G1 X35.6046 Y-212.4117
G1 X33.8723 Y-213.9130
G1 X31.2160 Y-214.7792
G1 X31.7357 Y-216.4538
G1 X32.8329 Y-217.6087
G1 X32.8906 Y-215.4721
G1 X31.9090 Y-219.2255
G1 X33.1793 Y-218.3016
G1 X33.4103 Y-215.1834
G1 X34.3920 Y-216.8003
G1 X34.6230 Y-216.2228
G1 X34.9117 Y-216.9735
G1 X35.5469 Y-213.4511
G1 X38.0299 Y-212.5849
G1 X41.0904 Y-211.4300
G1 X41.9565 Y-208.9470
G0 X40.1087 Y-220.4959 F15000.0
G1 X39.3580 Y-222.7480 F12000.0
G1 X37.5102 Y-223.7874
G1 X35.8933 Y-223.1522
G1 X38.0299 Y-224.5958
G1 X37.1637 Y-224.8268
G1 X36.5285 Y-224.1338
G1 X36.4130 Y-225.5774
G1 X37.3947 Y-226.2704
G1 X36.7018 Y-226.2704
G1 X37.0482 Y-228.4069
G1 X38.4341 Y-229.0999
G1 X38.7806 Y-228.7534
G1 X37.8567 Y-228.9266
G1 X36.7595 Y-227.6562
G1 X39.8777 Y-227.1365
G1 X40.1664 Y-226.0394
G1 X43.8621 Y-225.6929
G1 X42.7072 Y-226.7323
G1 X42.8227 Y-226.2704
G1 X37.6834 Y-225.8662
G1 X38.4341 Y-223.4409
G1 X40.6284 Y-223.9606
G1 X40.3397 Y-220.7269
G0 X40.8016 Y-226.9633 F15000.0
G1 X39.9355 Y-229.1576 F12000.0
G1 X39.5890 Y-227.9450
G1 X37.5679 Y-230.4280
G1 X40.4552 Y-229.2154
G1 X41.1481 Y-230.5435
G1 X39.7622 Y-230.5435
G1 X39.5312 Y-231.2942
G1 X40.0510 Y-230.6012
G1 X40.0510 Y-233.0265
G1 X41.1481 Y-231.8716
G1 X39.4158 Y-233.6617
G1 X38.7806 Y-232.5068
G1 X38.3764 Y-231.9293
G1 X37.4524 Y-233.4885
G1 X36.8173 Y-233.0842
G1 X36.6440 Y-234.7588
G1 X34.2765 Y-235.6827
G1 X34.6807 Y-236.4912
G1 X38.2609 Y-235.5095
G1 X37.4524 Y-236.3757
G1 X39.3580 Y-234.2391
G1 X37.3370 Y-238.3390
G1 X34.5652 Y-238.5700
G1 X40.6861 Y-237.0109
G1 X40.3974 Y-238.3390
G1 X41.8410 Y-237.4728
G1 X46.2296 Y-238.5700
G1 X44.0931 Y-238.9742
G1 X41.3791 Y-238.6855
G1 X43.4579 Y-239.3784
G1 X42.3030 Y-238.8010
G1 X44.9015 Y-240.8220
G1 X41.2636 Y-239.6671
G1 X41.5523 Y-243.1895
G1 X41.2058 Y-240.3023
G1 X41.2636 Y-245.7303
G1 X42.7649 Y-244.8641
G1 X42.7072 Y-243.5360
G1 X48.7704 Y-243.7670
G1 X48.0774 Y-243.9402
G1 X47.0380 Y-243.1318
G1 X47.2690 Y-244.7486
G1 X48.4239 Y-244.6332
G1 X47.6732 Y-245.6148
G1 X49.4056 Y-244.6332
G1 X50.0985 Y-243.8247
G1 X51.0224 Y-244.8641
G1 X50.9069 Y-242.2656
G1 X50.6182 Y-241.0530
G1 X50.4450 Y-240.6488
G1 X49.6365 Y-241.9769
G1 X49.2323 Y-240.3601
G1 X47.7310 Y-241.3995
G1 X49.6365 Y-240.5910
G1 X47.5577 Y-241.9192
G1 X45.0170 Y-241.8037
G1 X45.1902 Y-239.9558
G1 X45.3635 Y-239.3207
G1 X47.3268 Y-239.8404
G1 X47.5000 Y-237.1264
G1 X46.6338 Y-239.3207
G1 X45.7099 Y-238.1080
G1 X43.4579 Y-236.6644
G1 X44.8438 Y-237.5883
G1 X46.3451 Y-237.2418
G1 X44.5550 Y-237.4151
G1 X44.9592 Y-236.1447
G1 X42.3030 Y-237.7038
G1 X40.1664 Y-238.3390
G1 X39.8200 Y-234.7588
G1 X39.1848 Y-233.8349
G1 X40.6861 Y-234.7588
G1 X41.8988 Y-232.4490
G1 X42.0143 Y-234.5279
G1 X43.8621 Y-232.8533
G1 X41.7255 Y-229.8505
G1 X42.7072 Y-227.7717
G1 X41.6101 Y-228.1182
G1 X41.4368 Y-227.3098
G1 X41.1481 Y-228.1760
G1 X41.0326 Y-226.9633
G0 X40.1087 Y-230.6590 F15000.0
G1 X41.8988 Y-232.2758 F12000.0
G1 X40.1087 Y-230.8899
G0 X38.9538 Y-230.4280 F15000.0
G3 X38.9538 Y-230.1970 I-1.1508 J0.1155 F12000.0
G0 X35.4891 Y-230.6590 F15000.0
G1 X35.9511 Y-232.3913 F12000.0
G1 X37.0482 Y-232.2181
G1 X35.7201 Y-231.0054
G1 X36.1821 Y-231.2364
G1 X35.4891 Y-230.8899
G0 X33.6413 Y-230.4280 F15000.0
G1 X33.8145 Y-231.4096 F12000.0
G1 X34.4497 Y-231.5829
G1 X34.0455 Y-234.0082
G1 X34.5075 Y-232.5068
G1 X33.3526 Y-233.8927
G1 X30.8118 Y-233.0265
G1 X30.8118 Y-231.9293
G1 X31.8512 Y-232.9688
G1 X33.6413 Y-230.1970
G0 X32.7174 Y-231.3519 F15000.0
G1 X33.9878 Y-231.8139 F12000.0
G1 X32.6596 Y-232.2758
G1 X32.4864 Y-231.3519
G0 X34.1033 Y-235.0476 F15000.0
G3 X34.1033 Y-235.2785 I0.9788 J-0.1155 F12000.0
G0 X31.5625 Y-236.2024 F15000.0
G1 X33.4103 Y-236.6644 F12000.0
G1 X33.3526 Y-238.3390
G1 X32.0245 Y-237.5883
G1 X32.8329 Y-237.2996
G1 X32.7751 Y-237.7615
G1 X32.5442 Y-236.7799
G1 X31.3315 Y-236.4334
G0 X30.1766 Y-235.2785 F15000.0
G1 X31.9667 Y-237.5883 F12000.0
G1 X32.2554 Y-236.8376
G1 X30.4654 Y-236.5489
G1 X32.8329 Y-235.3363
G1 X30.1766 Y-235.0476
G0 X23.7092 Y-236.4334 F15000.0
G1 X23.5360 Y-238.2235 F12000.0
G1 X24.2289 Y-238.9164
G1 X23.4783 Y-238.2812
G1 X22.8431 Y-238.6855
G1 X22.7853 Y-237.0109
G1 X23.4783 Y-236.2024
G0 X22.0924 Y-233.8927 F15000.0
G1 X23.0163 Y-233.9504 F12000.0
G1 X22.0924 Y-233.6617
G0 X22.0924 Y-232.5068 F15000.0
G1 X22.7853 Y-233.6039 F12000.0
G1 X20.9375 Y-234.4701
G1 X22.8431 Y-234.7588
G1 X20.4178 Y-234.8166
G1 X20.4755 Y-233.4307
G1 X21.8614 Y-232.5068
G0 X19.7826 Y-234.5856 F15000.0
G1 X21.6304 Y-236.3179 F12000.0
G1 X19.7826 Y-234.8166
G0 X24.6332 Y-239.6671 F15000.0
G1 X25.0374 Y-240.6488 F12000.0
G1 X23.8247 Y-241.1685
G1 X24.4022 Y-239.8981
G0 X13.0842 Y-240.8220 F15000.0
G1 X16.1447 Y-241.6882 F12000.0
G1 X18.3967 Y-242.3811
G1 X15.0476 Y-243.0740
G1 X18.2235 Y-243.2473
G1 X16.9531 Y-244.2289
G1 X18.4545 Y-243.5938
G1 X18.1658 Y-245.0374
G1 X17.4151 Y-244.7486
G1 X12.6223 Y-248.6753
G1 X14.2969 Y-246.1923
G1 X13.5462 Y-245.7880
G1 X13.8349 Y-246.9429
G1 X11.2942 Y-246.3655
G1 X12.6800 Y-246.0190
G1 X14.6433 Y-243.8825
G1 X12.3336 Y-241.6304
G1 X12.8533 Y-240.8220
G0 X10.5435 Y-243.1318 F15000.0
G1 X11.8139 Y-243.6515 F12000.0
G1 X11.2364 Y-244.2289
G1 X10.5435 Y-243.3628
G0 X6.8478 Y-241.0530 F15000.0
G1 X5.5197 Y-241.8037 F12000.0
G1 X6.6168 Y-241.2840
G0 X6.1549 Y-242.4389 F15000.0
G1 X5.1732 Y-243.7092 F12000.0
G1 X5.8662 Y-243.8247
G1 X5.2310 Y-244.3444
G1 X5.9239 Y-242.6698
G0 X15.1630 Y-247.7514 F15000.0
G1 X14.7588 Y-250.0611 F12000.0
G1 X15.2208 Y-249.5992
G1 X15.8560 Y-250.5231
G1 X17.4728 Y-248.1556
G1 X15.3940 Y-247.9823
G0 X27.6359 Y-227.1943 F15000.0
G1 X29.9457 Y-228.2337 F12000.0
G1 X28.7908 Y-227.3098
G1 X30.1766 Y-227.4253
G1 X29.4837 Y-228.9844
G1 X27.6359 Y-226.9633
G0 X32.0245 Y-224.8845 F15000.0
G1 X31.9090 Y-228.6379 F12000.0
G1 X31.8512 Y-230.0815
G1 X29.7724 Y-229.7351
G1 X30.3499 Y-229.2154
G1 X29.8302 Y-230.2548
G1 X30.6386 Y-230.5435
G1 X29.7147 Y-231.1787
G1 X27.8091 Y-231.3519
G1 X27.9823 Y-229.6773
G1 X27.8091 Y-231.6406
G1 X28.8485 Y-232.5645
G1 X25.1529 Y-233.3730
G1 X25.1529 Y-232.1603
G1 X26.3655 Y-231.8716
G1 X25.0374 Y-231.5829
G1 X24.8064 Y-232.0448
G1 X24.6909 Y-231.5829
G1 X26.4810 Y-233.5462
G1 X28.1556 Y-232.9110
G1 X28.5020 Y-232.2181
G1 X29.9457 Y-235.3940
G1 X28.3865 Y-234.2969
G1 X24.7486 Y-234.0659
G1 X27.9246 Y-235.1053
G1 X28.8485 Y-238.3967
G1 X26.5965 Y-235.7982
G1 X26.5387 Y-236.8376
G1 X25.2106 Y-237.8770
G1 X24.1135 Y-240.0713
G1 X20.7065 Y-239.5516
G1 X21.9769 Y-239.0319
G1 X22.0924 Y-238.3967
G1 X18.8010 Y-237.8770
G1 X21.5149 Y-237.7615
G1 X20.3601 Y-236.1447
G1 X22.7853 Y-236.1447
G1 X23.2473 Y-235.3940
G1 X21.9769 Y-236.2602
G1 X23.8825 Y-234.8166
G1 X25.2106 Y-235.2208
G1 X23.6515 Y-234.0082
G1 X21.6882 Y-231.0632
G1 X20.4178 Y-231.1209
G1 X21.6882 Y-230.2548
G1 X20.4755 Y-229.9660
G1 X18.5700 Y-230.8899
G1 X18.3390 Y-229.9083
G1 X18.5122 Y-232.4490
G1 X21.1685 Y-229.8505
G1 X21.6304 Y-230.2548
G1 X20.5333 Y-231.5829
G1 X21.4572 Y-232.2181
G1 X19.6671 Y-232.5645
G1 X22.6121 Y-232.3913
G1 X19.3207 Y-233.6617
G1 X17.5883 Y-236.2602
G1 X18.6855 Y-236.4912
G1 X17.9348 Y-236.8954
G1 X19.8404 Y-234.5279
G1 X18.9742 Y-239.4939
G1 X17.2996 Y-239.4361
G1 X15.9715 Y-240.3601
G1 X15.2785 Y-241.1685
G1 X14.9321 Y-240.1868
G1 X13.7772 Y-240.6488
G1 X14.9321 Y-237.7038
G1 X15.6250 Y-238.1080
G1 X13.5462 Y-237.8193
G1 X14.1814 Y-239.3207
G1 X13.6617 Y-238.3967
G1 X9.5041 Y-236.6067
G1 X7.1943 Y-237.9348
G1 X7.3675 Y-233.6039
G1 X7.9450 Y-231.5251
G1 X8.7534 Y-232.9688
G1 X8.5802 Y-231.4096
G1 X9.2154 Y-231.0632
G1 X7.8295 Y-231.6406
G1 X6.2704 Y-234.8743
G1 X7.0788 Y-231.9293
G1 X5.2887 Y-230.9477
G1 X7.1365 Y-232.5645
G1 X6.5591 Y-233.1997
G1 X6.3859 Y-232.7955
G1 X6.0394 Y-234.8166
G1 X7.0211 Y-235.9715
G1 X6.4436 Y-237.4728
G1 X6.3859 Y-236.2602
G1 X6.0971 Y-238.1080
G1 X10.0238 Y-238.5700
G1 X5.9817 Y-240.4755
G1 X6.9056 Y-239.2052
G1 X6.2704 Y-238.7432
G1 X5.6929 Y-240.8220
G1 X8.2914 Y-239.8981
G1 X7.7717 Y-241.2840
G1 X8.5224 Y-241.0530
G1 X8.4069 Y-243.0740
G1 X10.5435 Y-242.4389
G1 X8.0605 Y-242.6121
G1 X10.0238 Y-238.7432
G1 X9.6773 Y-239.8981
G1 X9.7928 Y-239.4939
G1 X11.5829 Y-239.1474
G1 X11.3519 Y-238.2235
G1 X12.9110 Y-239.1474
G1 X13.8349 Y-238.5700
G1 X13.1997 Y-240.5910
G1 X10.8899 Y-240.8220
G1 X9.7928 Y-241.9769
G1 X9.3308 Y-240.8220
G1 X9.3308 Y-242.2079
G1 X9.1576 Y-241.7459
G1 X9.4463 Y-242.3234
G1 X11.5829 Y-240.4755
G1 X12.3336 Y-240.9375
G1 X11.6984 Y-241.3417
G1 X12.1603 Y-241.5727
G1 X9.8505 Y-244.0557
G1 X10.5435 Y-244.7486
G1 X10.7167 Y-243.7092
G1 X11.7561 Y-244.2867
G1 X12.6800 Y-242.3811
G1 X12.3336 Y-242.7853
G1 X13.0842 Y-243.0163
G1 X12.7378 Y-243.2473
G1 X14.1236 Y-243.2473
G1 X14.6433 Y-244.4599
G1 X13.2575 Y-243.5360
G1 X11.0632 Y-245.8458
G1 X10.4857 Y-247.2894
G1 X10.2548 Y-246.0190
G1 X7.6562 Y-244.0557
G1 X5.9817 Y-245.4993
G1 X5.5197 Y-245.7303
G1 X6.2126 Y-246.5965
G1 X5.7507 Y-247.0584
G1 X6.7901 Y-246.5965
G1 X7.8295 Y-246.9429
G1 X8.2337 Y-245.0374
G1 X9.5041 Y-245.6726
G1 X10.3702 Y-246.5965
G1 X9.0421 Y-249.3682
G1 X9.7351 Y-249.0217
G1 X9.2731 Y-250.3499
G1 X13.2575 Y-246.9429
G1 X11.5251 Y-248.7330
G1 X11.4674 Y-250.4076
G1 X12.6800 Y-248.6175
G1 X12.5068 Y-249.3105
G1 X13.9504 Y-248.8485
G1 X12.8533 Y-249.7724
G1 X17.5883 Y-244.6909
G1 X18.5122 Y-245.1529
G1 X18.1080 Y-239.6094
G1 X19.8981 Y-238.1080
G1 X20.8220 Y-238.4545
G1 X20.4755 Y-239.6671
G1 X23.3050 Y-239.8981
G1 X23.7670 Y-240.2446
G1 X23.0740 Y-241.1107
G1 X19.2629 Y-242.0346
G1 X19.8981 Y-240.2446
G1 X18.8010 Y-240.6488
G1 X20.1291 Y-240.8220
G1 X20.0136 Y-242.3234
G1 X23.1318 Y-242.6121
G1 X23.7092 Y-241.1685
G1 X26.8274 Y-240.7065
G1 X24.2867 Y-242.4966
G1 X24.9796 Y-243.1895
G1 X27.1162 Y-241.0530
G1 X28.6753 Y-239.8404
G1 X30.0611 Y-241.1107
G1 X30.9273 Y-239.3207
G1 X31.5048 Y-243.0163
G1 X30.0611 Y-242.7276
G1 X30.9851 Y-241.3417
G1 X30.2921 Y-242.9586
G1 X29.1372 Y-244.5754
G1 X27.7514 Y-243.1318
G1 X28.6175 Y-242.3811
G1 X27.1739 Y-243.3628
G1 X26.4232 Y-243.1318
G1 X27.9823 Y-244.1135
G1 X27.3471 Y-245.0951
G1 X29.8302 Y-244.5177
G1 X31.4470 Y-245.5571
G1 X31.6202 Y-248.0401
G1 X32.0245 Y-248.5020
G1 X30.5231 Y-248.7330
G1 X29.7724 Y-250.1189
G1 X26.7120 Y-251.4470
G1 X26.8852 Y-250.6386
G1 X26.1923 Y-252.4287
G1 X32.3709 Y-252.8329
G1 X36.0088 Y-252.3709
G1 X35.6624 Y-252.8329
G1 X36.3553 Y-252.3709
G1 X36.9905 Y-252.7751
G1 X37.2215 Y-252.3132
G1 X35.7779 Y-250.3499
G1 X36.1243 Y-251.8512
G1 X34.5075 Y-250.0034
G1 X33.0061 Y-251.2738
G1 X32.6596 Y-250.9273
G1 X32.0245 Y-251.4470
G1 X32.0245 Y-250.9851
G1 X31.7357 Y-252.1977
G1 X31.5625 Y-251.0428
G1 X30.2921 Y-252.1977
G1 X31.0428 Y-249.4837
G1 X32.7751 Y-248.8485
G1 X31.7357 Y-249.7724
G1 X33.8145 Y-250.0034
G1 X35.6624 Y-249.1372
G1 X35.5469 Y-246.3655
G1 X34.7962 Y-246.5387
G1 X37.4524 Y-244.7486
G1 X36.5863 Y-246.0190
G1 X38.3186 Y-245.6726
G1 X37.6834 Y-245.9035
G1 X37.5679 Y-246.7697
G1 X37.2792 Y-250.5231
G1 X38.1454 Y-249.4837
G1 X38.7806 Y-247.9823
G1 X39.0115 Y-248.4443
G1 X39.5312 Y-248.0978
G1 X41.2636 Y-249.4837
G1 X43.9776 Y-247.2317
G1 X41.5523 Y-250.8696
G1 X43.5156 Y-251.0428
G1 X44.0353 Y-252.2554
G1 X39.9355 Y-251.7357
G1 X39.3003 Y-252.3132
G1 X38.3764 Y-250.2921
G1 X39.9932 Y-251.9667
G1 X46.8071 Y-252.4287
G1 X46.2874 Y-252.0822
G1 X43.9198 Y-252.6596
G1 X45.4212 Y-251.2738
G1 X45.1325 Y-250.0034
G1 X43.8621 Y-248.7330
G1 X46.4029 Y-249.1372
G1 X46.1719 Y-249.4837
G1 X47.3268 Y-248.6175
G1 X48.7126 Y-249.1372
G1 X50.3295 Y-245.4993
G1 X50.5027 Y-246.0768
G1 X50.1562 Y-245.2106
G1 X47.6155 Y-246.4810
G1 X47.9042 Y-248.5020
G1 X48.2507 Y-248.0978
G1 X45.3635 Y-247.1162
G1 X46.3451 Y-245.9035
G1 X46.0564 Y-244.9796
G1 X44.3818 Y-244.8641
G1 X44.3240 Y-243.6515
G1 X44.9015 Y-243.2473
G1 X43.3424 Y-244.2289
G1 X44.1508 Y-244.4599
G1 X45.5367 Y-246.6542
G1 X43.5156 Y-245.7303
G1 X41.7255 Y-246.6542
G1 X39.8777 Y-245.3261
G1 X39.8777 Y-245.9613
G1 X39.4158 Y-245.7303
G1 X40.4552 Y-246.5965
G1 X39.7622 Y-246.9429
G1 X33.4681 Y-244.5754
G1 X33.4681 Y-242.7853
G1 X32.6019 Y-242.9586
G1 X34.5075 Y-242.1501
G1 X35.8356 Y-244.8064
G1 X37.1060 Y-243.0740
G1 X39.3580 Y-243.1318
G1 X39.8777 Y-244.6909
G1 X40.2242 Y-241.5727
G1 X39.3003 Y-240.8220
G1 X40.2242 Y-240.7643
G1 X40.3974 Y-239.2052
G1 X39.7045 Y-239.5516
G1 X38.9538 Y-238.6277
G1 X37.3947 Y-240.6488
G1 X36.1243 Y-239.3207
G1 X34.9117 Y-240.4178
G1 X35.8356 Y-240.7643
G1 X34.9694 Y-241.2840
G1 X35.0849 Y-242.5543
G1 X31.1005 Y-239.8404
G1 X32.1399 Y-240.0136
G1 X32.4287 Y-240.7643
G1 X34.2188 Y-237.5306
G1 X35.6624 Y-237.2996
G1 X33.5258 Y-236.4912
G1 X32.3132 Y-234.9898
G1 X29.8302 Y-234.1236
G1 X31.5048 Y-234.6433
G1 X31.0428 Y-233.6039
G1 X29.2527 Y-233.3152
G1 X33.9300 Y-229.4463
G1 X35.4891 Y-228.2914
G1 X36.0088 Y-230.0815
G1 X36.5285 Y-229.9660
G1 X35.1427 Y-227.3098
G1 X34.0455 Y-227.0788
G1 X35.7201 Y-226.2126
G1 X33.8145 Y-229.2154
G1 X31.3893 Y-225.7507
G1 X32.2554 Y-225.1155
G0 X33.6413 Y-224.6535 F15000.0
G1 X33.8723 Y-225.4620 F12000.0
G1 X33.8723 Y-226.2704
G1 X33.6413 Y-224.4226
G0 X24.6332 Y-215.4144 F15000.0
G1 X25.2106 Y-216.3961 F12000.0
G1 X24.4022 Y-215.6454
G0 X24.6332 Y-211.7188 F15000.0
G1 X25.1529 Y-212.7582 F12000.0
G1 X26.4810 Y-211.6610
G1 X24.6332 Y-211.4878
G0 X22.5543 Y-209.4090 F15000.0
G1 X23.1895 Y-209.8709 F12000.0
G1 X25.3838 Y-209.2357
G1 X24.6332 Y-210.5061
G1 X22.5543 Y-210.2174
G1 X22.5543 Y-209.1780
G0 X19.7826 Y-206.6372 F15000.0
G1 X20.1291 Y-207.1569 F12000.0
G1 X19.6671 Y-207.1569
G1 X18.5700 Y-208.9470
G1 X19.7826 Y-206.4062
G0 X18.3967 Y-207.3302 F15000.0
G2 X18.3967 Y-207.5611 I-0.6628 J-0.1155 F12000.0
G0 X17.4728 Y-208.4851 F15000.0
G1 X17.8770 Y-208.5428 F12000.0
G1 X18.7432 Y-210.8526
G1 X19.4361 Y-209.5822
G1 X19.9558 Y-209.4090
G1 X18.5122 Y-211.0258
G1 X18.0503 Y-210.6216
G1 X18.3967 Y-212.0075
G1 X20.4178 Y-212.1807
G1 X21.2840 Y-211.7765
G1 X19.4361 Y-212.5849
G1 X21.6304 Y-212.9891
G1 X18.6277 Y-212.9891
G1 X18.1080 Y-213.7398
G1 X17.5306 Y-210.8526
G1 X17.1264 Y-211.4878
G1 X16.8954 Y-210.7371
G1 X13.4885 Y-210.2174
G1 X13.4307 Y-209.4090
G1 X14.2969 Y-210.1019
G1 X17.2418 Y-208.2541
G0 X16.5489 Y-209.6399 F15000.0
G1 X17.1264 Y-209.8709 F12000.0
G1 X14.5856 Y-209.9864
G1 X16.3179 Y-209.8709
G0 X14.9321 Y-213.5666 F15000.0
G1 X14.2969 Y-215.9918 F12000.0
G1 X14.9898 Y-216.2228
G1 X14.9321 Y-213.7976
G0 X12.6223 Y-211.9497 F15000.0
G1 X13.3152 Y-213.2201 F12000.0
G1 X13.7772 Y-212.7004
G1 X12.6223 Y-211.7188
G0 X11.2364 Y-209.8709 F15000.0
G1 X10.4857 Y-211.1413 F12000.0
G1 X11.2364 Y-209.6399
G0 X11.6984 Y-216.3383 F15000.0
G1 X11.8139 Y-217.0890 F12000.0
G1 X12.6223 Y-217.3777
G1 X9.5041 Y-220.5537
G1 X10.4280 Y-217.0312
G1 X8.7534 Y-219.1678
G1 X11.1209 Y-216.6848
G1 X10.7745 Y-218.1284
G1 X11.4674 Y-216.5693
G0 X11.6984 Y-218.1861 F15000.0
G1 X13.6039 Y-220.2072 F12000.0
G1 X11.6406 Y-220.2072
G1 X11.2942 Y-220.7846
G1 X11.2364 Y-219.5143
G1 X11.9871 Y-218.8791
G1 X10.7745 Y-219.1101
G1 X11.4674 Y-218.4171
G0 X10.3125 Y-220.0340 F15000.0
G1 X9.5618 Y-221.1311 F12000.0
G1 X9.0421 Y-221.7086
G1 X9.7928 Y-221.6508
G1 X9.6773 Y-223.7874
G1 X9.2731 Y-220.2072
G1 X10.0815 Y-220.2649
G0 X10.5435 Y-220.4959 F15000.0
G1 X11.5251 Y-223.7874 F12000.0
G1 X9.6196 Y-224.4803
G1 X9.5618 Y-223.6719
G1 X10.6590 Y-222.5747
G1 X10.0238 Y-221.4198
G1 X10.5435 Y-220.7269
G0 X9.8505 Y-222.1128 F15000.0
G3 X9.8505 Y-222.3438 I1.2742 J-0.1155 F12000.0
G0 X14.0082 Y-222.8057 F15000.0
G1 X13.2575 Y-225.1155 F12000.0
G1 X13.5462 Y-225.8662
G1 X14.0659 Y-225.0000
G1 X13.7772 Y-224.4226
G1 X14.7011 Y-224.6535
G1 X13.6617 Y-223.9029
G1 X14.0082 Y-223.0367
G0 X18.8587 Y-222.5747 F15000.0
G1 X18.9742 Y-223.6141 F12000.0
G1 X18.8587 Y-222.3438
G0 X19.5516 Y-222.3438 F15000.0
G1 X20.9952 Y-224.0183 F12000.0
G1 X19.7826 Y-222.5747
G0 X20.9375 Y-221.1889 F15000.0
G1 X22.5543 Y-222.4015 F12000.0
G1 X22.9586 Y-221.7663
G1 X21.9769 Y-220.7846
G1 X20.9375 Y-220.9579
G0 X19.3207 Y-219.3410 F15000.0
G1 X17.9925 Y-220.4959 F12000.0
G1 X15.7982 Y-221.1311
G1 X16.2024 Y-222.8057
G1 X16.4334 Y-222.3438
G1 X16.4912 Y-223.2099
G1 X17.7615 Y-223.4409
G1 X16.5489 Y-221.4776
G1 X19.1474 Y-221.0734
G1 X19.3207 Y-219.1101
G0 X17.2418 Y-217.0312 F15000.0
G1 X17.9925 Y-217.7819 F12000.0
G1 X18.6855 Y-216.7425
G1 X17.2418 Y-216.8003
G0 X18.6277 Y-214.2595 F15000.0
G1 X16.7221 Y-215.8764 F12000.0
G1 X17.6461 Y-216.2806
G1 X18.4545 Y-215.0679
G1 X17.6461 Y-216.5115
G1 X20.8220 Y-215.1257
G1 X19.7826 Y-215.4144
G1 X18.8587 Y-214.2595
G0 X17.2418 Y-203.8655 F15000.0
G2 X17.0109 Y-203.8655 I-0.1155 J-0.9493 F12000.0
G0 X16.0870 Y-203.1726 F15000.0
G1 X16.2024 Y-204.9626 F12000.0
G1 X15.0476 Y-206.4640
G1 X15.8560 Y-203.1726
G0 X16.0870 Y-202.9416 F15000.0
G1 X14.8166 Y-204.7317 F12000.0
G1 X14.8743 Y-203.4613
G1 X14.3546 Y-208.0808
G1 X16.8376 Y-206.4640
G1 X15.5095 Y-205.4823
G1 X16.4912 Y-204.3274
G1 X16.3179 Y-202.9416
G0 X17.0109 Y-202.0177 F15000.0
G1 X18.2235 Y-202.7106 F12000.0
G1 X17.8770 Y-202.3064
G1 X18.1080 Y-203.1726
G1 X16.3179 Y-202.1332
G1 X17.0109 Y-201.7867
G0 X16.3179 Y-199.0149 F15000.0
G1 X16.8954 Y-199.2459 F12000.0
G1 X15.5673 Y-200.0543
G1 X16.0870 Y-199.0149
G0 X16.5489 Y-198.7840 F15000.0
G1 X13.8927 Y-201.7289 F12000.0
G1 X12.2181 Y-201.5557
G1 X12.1603 Y-204.0387
G1 X12.8533 Y-205.6556
G1 X7.9450 Y-205.4823
G1 X8.2914 Y-204.4429
G1 X7.5985 Y-204.3852
G1 X7.7140 Y-205.8288
G1 X6.5591 Y-205.1936
G1 X6.5014 Y-206.6950
G1 X8.7534 Y-206.0598
G1 X8.6957 Y-207.2724
G1 X9.6196 Y-207.0414
G1 X8.9266 Y-208.3696
G1 X12.0448 Y-208.7738
G1 X13.9504 Y-206.9260
G1 X11.9871 Y-209.8132
G1 X13.4307 Y-206.6372
G1 X12.7378 Y-206.9837
G1 X13.7772 Y-205.3668
G1 X12.7378 Y-201.6712
G1 X15.2785 Y-202.3641
G1 X13.7772 Y-201.9022
G1 X15.9715 Y-201.0360
G1 X15.2208 Y-201.6712
G1 X16.5489 Y-200.4008
G1 X17.2996 Y-200.8050
G1 X16.4912 Y-199.8811
G1 X16.7799 Y-198.7840
G0 X14.4701 Y-198.3220 F15000.0
G1 X15.2785 Y-198.6685 F12000.0
G1 X13.7194 Y-198.6685
G1 X14.2391 Y-198.3220
G0 X12.3913 Y-200.1698 F15000.0
G1 X14.0082 Y-200.3431 F12000.0
G1 X11.8139 Y-200.6895
G1 X12.1603 Y-200.1698
G0 X12.1603 Y-202.7106 F15000.0
G1 X11.5829 Y-204.6162 F12000.0
G1 X12.1603 Y-202.9416
G0 X10.5435 Y-197.8601 F15000.0
G1 X10.6590 Y-199.3037 F12000.0
G1 X10.5435 Y-197.6291
G0 X9.3886 Y-197.1671 F15000.0
G1 X8.9266 Y-199.1882 F12000.0
G1 X9.3886 Y-199.1304
G1 X8.9266 Y-199.5924
G1 X9.1576 Y-196.9361
G0 X9.8505 Y-194.6264 F15000.0
G1 X12.5068 Y-196.4164 F12000.0
G1 X14.9321 Y-194.7996
G1 X14.4701 Y-194.7418
G1 X14.8743 Y-195.2615
G1 X11.0632 Y-195.9545
G1 X10.0815 Y-194.6264
G0 X11.9293 Y-194.1644 F15000.0
G2 X12.1603 Y-194.3954 I-0.5385 J-0.7695 F12000.0
G0 X13.7772 Y-193.2405 F15000.0
G1 X13.6617 Y-193.9912 F12000.0
G1 X14.0082 Y-193.4715
G0 X11.4674 Y-192.3166 F15000.0
G1 X13.3152 Y-192.7785 F12000.0
G1 X12.6223 Y-193.5870
G1 X11.5829 Y-192.9518
G1 X10.7167 Y-193.5870
G1 X11.2364 Y-192.3166
G0 X8.0027 Y-191.6236 F15000.0
G1 X6.3859 Y-193.2982 F12000.0
G1 X6.9633 Y-193.3560
G1 X5.2310 Y-193.4715
G1 X5.6929 Y-192.7208
G1 X5.3465 Y-192.4898
G1 X6.0394 Y-192.2011
G1 X5.3465 Y-191.9701
G1 X7.7717 Y-191.6236
G0 X8.0027 Y-193.9334 F15000.0
G1 X5.5774 Y-196.0700 F12000.0
G1 X6.4436 Y-194.9728
G1 X6.0971 Y-197.0516
G1 X7.1365 Y-196.0700
G1 X7.7140 Y-195.4925
G1 X8.1182 Y-196.0700
G1 X8.0027 Y-194.1644
G0 X6.7512 Y-194.3923 F15000.0
G1 X28.7769 Y-206.1035 F12000.0
G0 X26.7120 Y-206.1753 F15000.0
G1 X27.9246 Y-207.0414 F12000.0
G1 X25.7303 Y-208.3118
G1 X26.4810 Y-206.4062
G0 X29.7147 Y-209.8709 F15000.0
G1 X31.2738 Y-210.7948 F12000.0
G1 X29.4837 Y-211.6610
G1 X29.9457 Y-211.5455
G1 X28.9640 Y-210.6216
G1 X29.4837 Y-210.1019
G0 X32.4864 Y-201.5557 F15000.0
G1 X31.2738 Y-203.9810 F12000.0
G1 X33.0061 Y-203.7500
G1 X32.7174 Y-203.3458
G1 X32.4864 Y-201.3247
G0 X28.3288 Y-200.6318 F15000.0
G1 X29.9457 Y-201.2092 F12000.0
G1 X28.9062 Y-201.7867
G1 X29.5414 Y-200.9783
G1 X27.6359 Y-201.1515
G1 X27.8091 Y-203.1726
G1 X27.7514 Y-202.6529
G1 X28.9640 Y-203.1148
G1 X27.5204 Y-204.5584
G1 X28.2711 Y-202.9993
G1 X27.0007 Y-203.6345
G1 X28.0978 Y-200.6318
G0 X25.7917 Y-194.0060 F15000.0
G1 X22.3247 Y-192.1626 F12000.0
G0 X25.5228 Y-188.6079 F15000.0
G1 X15.1217 Y-183.0776 F12000.0
G0 X13.0823 Y-181.9932 F15000.0
G1 X4.9247 Y-177.6557 F12000.0
G0 X7.5408 Y-175.2242 F15000.0
G1 X7.7717 Y-176.0904 F12000.0
G1 X6.4436 Y-176.8988
G1 X6.0394 Y-178.6311
G1 X5.2310 Y-178.4579
G1 X6.4436 Y-176.8410
G1 X6.2704 Y-175.8016
G1 X7.5408 Y-174.9932
G0 X6.1549 Y-173.6073 F15000.0
G1 X5.2310 Y-175.3397 F12000.0
G1 X5.5197 Y-174.4158
G1 X5.9239 Y-173.6073
G0 X10.3125 Y-175.6861 F15000.0
G2 X10.3125 Y-175.9171 I-0.9961 J-0.1155 F12000.0
G0 X10.7745 Y-172.9144 F15000.0
G1 X9.2731 Y-173.6651 F12000.0
G1 X11.2942 Y-175.2242
G1 X11.3519 Y-174.3003
G1 X13.4307 Y-175.1087
G1 X14.7588 Y-173.8961
G1 X12.7955 Y-173.6651
G1 X10.7745 Y-172.6834
G0 X11.9293 Y-168.7568 F15000.0
G1 X11.1209 Y-170.6046 F12000.0
G1 X11.5829 Y-170.1427
G1 X12.1026 Y-169.8539
G1 X11.4674 Y-169.4497
G1 X12.1603 Y-168.7568
G0 X14.4701 Y-169.9117 F15000.0
G1 X13.2575 Y-170.8356 F12000.0
G1 X14.5856 Y-172.7412
G1 X15.6250 Y-171.0088
G1 X16.0292 Y-172.2792
G1 X16.4912 Y-170.7779
G1 X16.4334 Y-172.7989
G1 X15.4518 Y-173.1454
G1 X17.4151 Y-173.1454
G1 X16.6644 Y-172.9144
G1 X17.4728 Y-170.9511
G1 X18.8587 Y-170.4314
G1 X14.6433 Y-170.0272
G1 X14.7011 Y-169.9117
G0 X14.7011 Y-168.2948 F15000.0
G1 X17.0109 Y-169.5652 F12000.0
G1 X14.5279 Y-168.9300
G1 X14.7011 Y-168.0639
G0 X14.2391 Y-165.2921 F15000.0
G1 X15.3940 Y-166.7357 F12000.0
G1 X15.3363 Y-167.4864
G1 X15.3363 Y-166.7357
G1 X14.6433 Y-166.6202
G1 X14.0082 Y-165.2921
G0 X11.6984 Y-163.6753 F15000.0
G1 X9.4463 Y-164.4260 F12000.0
G1 X11.3519 Y-164.7724
G1 X10.4280 Y-164.5992
G1 X11.4674 Y-163.9062
G0 X8.9266 Y-164.5992 F15000.0
G1 X9.3308 Y-165.8118 F12000.0
G1 X8.9266 Y-165.9273
G1 X11.0054 Y-166.7935
G1 X12.1026 Y-167.7174
G1 X11.4096 Y-167.2554
G1 X11.7561 Y-165.1766
G1 X11.0632 Y-166.2738
G1 X8.9266 Y-164.8302
G0 X7.0788 Y-162.9823 F15000.0
G1 X5.8084 Y-164.1950 F12000.0
G1 X6.5014 Y-165.0611
G1 X8.1182 Y-165.4654
G1 X8.8689 Y-163.2133
G1 X8.0027 Y-165.8696
G1 X5.1732 Y-165.9851
G1 X5.2310 Y-163.9640
G1 X5.8662 Y-164.3682
G1 X7.3098 Y-162.7514
G0 X6.3859 Y-159.7486 F15000.0
G1 X5.4620 Y-162.5204 F12000.0
G1 X5.7507 Y-160.0951
G1 X5.2887 Y-160.1529
G1 X6.6168 Y-159.5177
G0 X7.3098 Y-159.2867 F15000.0
G1 X9.6773 Y-160.7880 F12000.0
G1 X8.3492 Y-160.7303
G1 X8.0605 Y-161.3077
G1 X7.4830 Y-160.0374
G1 X6.8478 Y-160.1529
G1 X7.3098 Y-159.0557
G0 X9.8505 Y-158.1318 F15000.0
G2 X10.0815 Y-158.1318 I0.1155 J-1.2639 F12000.0
G0 X12.8533 Y-159.7486 F15000.0
G1 X11.6984 Y-161.8274 F12000.0
G1 X12.6800 Y-161.1345
G1 X14.2391 Y-161.3655
G1 X12.7955 Y-160.4993
G1 X13.9504 Y-159.9219
G1 X13.0842 Y-159.7486
G0 X16.5489 Y-159.7486 F15000.0
G1 X16.3179 Y-160.6148 F12000.0
G1 X15.2785 Y-161.0768
G1 X14.6433 Y-162.2317
G1 X14.1236 Y-162.2894
G1 X17.4151 Y-162.0584
G1 X12.1026 Y-162.5781
G1 X11.4096 Y-163.2133
G1 X12.4490 Y-163.6175
G1 X12.5645 Y-165.1766
G1 X13.4307 Y-165.5231
G1 X13.1997 Y-165.9273
G1 X13.1997 Y-162.8091
G1 X17.5306 Y-162.5204
G1 X17.0686 Y-161.4810
G1 X15.3363 Y-160.9613
G1 X18.0503 Y-161.2500
G1 X18.4545 Y-163.7330
G1 X17.8193 Y-161.0768
G1 X16.5489 Y-159.9796
G0 X15.6250 Y-156.7459 F15000.0
G1 X16.0292 Y-157.4389 F12000.0
G1 X14.2969 Y-159.1712
G1 X15.9715 Y-158.4205
G1 X11.2364 Y-158.5938
G1 X11.6406 Y-157.9586
G1 X13.1997 Y-157.8431
G1 X11.4674 Y-158.2473
G1 X13.4307 Y-159.2289
G1 X15.3940 Y-156.7459
G0 X15.1630 Y-156.2840 F15000.0
G1 X15.6827 Y-156.3417 F12000.0
G1 X14.2391 Y-156.9769
G1 X14.9321 Y-156.2840
G0 X15.1630 Y-153.5122 F15000.0
G1 X15.6250 Y-154.1474 F12000.0
G1 X17.2996 Y-155.4755
G1 X16.9531 Y-155.2446
G1 X17.5306 Y-155.2446
G1 X18.1080 Y-154.3207
G1 X19.0897 Y-155.0713
G1 X19.5516 Y-155.9375
G1 X18.6855 Y-156.1107
G1 X20.4178 Y-154.8404
G1 X24.9219 Y-155.7065
G1 X24.9796 Y-154.8404
G1 X23.9980 Y-155.1291
G1 X22.0924 Y-154.1474
G1 X23.7670 Y-155.3023
G1 X20.7065 Y-154.6094
G1 X15.3940 Y-153.5122
G0 X18.3967 Y-152.1264 F15000.0
G1 X19.7826 Y-153.0503 F12000.0
G1 X18.6277 Y-152.3573
G0 X19.3207 Y-150.0476 F15000.0
G2 X19.5516 Y-150.0476 I0.1155 J-1.0971 F12000.0
G0 X18.8587 Y-149.3546 F15000.0
G1 X20.9375 Y-149.7011 F12000.0
G1 X18.6277 Y-149.3546
G0 X20.0136 Y-156.2840 F15000.0
G1 X20.1291 Y-157.6121 F12000.0
G1 X22.6121 Y-156.9192
G1 X20.0136 Y-156.5149
G0 X19.7826 Y-156.9769 F15000.0
G1 X22.8431 Y-157.7853 F12000.0
G1 X19.7826 Y-157.2079
G0 X23.7092 Y-156.5149 F15000.0
G1 X24.6909 Y-157.6121 F12000.0
G1 X27.5781 Y-156.9769
G1 X28.9640 Y-158.4205
G1 X28.2133 Y-159.2289
G1 X23.5938 Y-160.1529
G1 X23.9980 Y-160.4416
G1 X24.2867 Y-160.0374
G1 X23.7670 Y-160.7303
G1 X21.5149 Y-158.8825
G1 X23.9980 Y-157.3234
G1 X23.9402 Y-156.2840
G0 X26.7120 Y-157.2079 F15000.0
G1 X24.8641 Y-158.7092 F12000.0
G1 X25.9035 Y-157.9008
G1 X28.8485 Y-158.1895
G1 X26.9429 Y-156.9769
G0 X30.4076 Y-158.1318 F15000.0
G1 X30.1766 Y-158.9402 F12000.0
G1 X29.6569 Y-158.7092
G1 X30.4654 Y-158.9980
G1 X30.6386 Y-158.1318
G0 X34.1033 Y-157.9008 F15000.0
G1 X33.4103 Y-159.8064 F12000.0
G1 X32.2554 Y-159.8064
G1 X34.0455 Y-161.1923
G1 X34.9694 Y-163.3288
G1 X34.4497 Y-160.8458
G1 X35.0849 Y-160.3261
G1 X33.4681 Y-159.8064
G1 X34.7962 Y-158.6515
G1 X39.0693 Y-160.4993
G1 X38.9538 Y-159.6332
G1 X36.8173 Y-159.7486
G1 X36.1243 Y-158.7092
G1 X34.3342 Y-157.9008
G0 X40.5707 Y-157.2079 F15000.0
G1 X40.3397 Y-158.1895 F12000.0
G1 X41.1481 Y-157.9008
G1 X40.8016 Y-157.2079
G0 X38.7228 Y-144.2731 F15000.0
G1 X40.1664 Y-145.7167 F12000.0
G1 X38.8383 Y-145.1970
G1 X38.8383 Y-144.3308
G1 X37.9144 Y-145.8899
G1 X38.4918 Y-144.2731
G0 X43.5734 Y-139.1916 F15000.0
G1 X43.6311 Y-140.2310 F12000.0
G1 X45.0170 Y-139.9423
G1 X43.9776 Y-139.3071
G1 X44.3240 Y-139.5380
G1 X43.8043 Y-139.1916
G0 X28.3288 Y-142.6562 F15000.0
G1 X29.0795 Y-143.1182 F12000.0
G1 X28.7330 Y-144.9083
G1 X23.4783 Y-143.5802
G1 X24.6332 Y-144.5618
G1 X29.0217 Y-144.0999
G1 X28.0978 Y-142.4253
G0 X26.2500 Y-139.8845 F15000.0
G1 X27.8668 Y-140.8084 F12000.0
G1 X27.0007 Y-140.6352
G1 X28.0401 Y-140.4620
G1 X26.0190 Y-139.8845
G0 X27.4049 Y-147.7378 F15000.0
G1 X26.5965 Y-149.1236 F12000.0
G1 X24.8641 Y-148.6039
G1 X28.3288 Y-148.4307
G1 X29.3105 Y-149.0082
G1 X27.6359 Y-147.7378
G0 X20.9375 Y-161.3655 F15000.0
G1 X18.9164 Y-162.1739 F12000.0
G1 X19.4361 Y-162.5781
G1 X20.3601 Y-161.7697
G1 X21.1685 Y-162.4049
G1 X20.9375 Y-161.5965
G0 X24.1712 Y-163.9062 F15000.0
G1 X24.2289 Y-165.5808 F12000.0
G1 X23.8247 Y-166.3893
G1 X21.2840 Y-165.2921
G1 X22.6121 Y-166.3893
G1 X22.3234 Y-166.6780
G1 X23.2473 Y-166.2160
G1 X24.2867 Y-166.6780
G1 X26.8852 Y-166.2160
G1 X26.8274 Y-166.6780
G1 X25.1529 Y-165.5808
G1 X23.6515 Y-164.7724
G1 X25.2683 Y-164.0795
G1 X24.4022 Y-163.9062
G0 X32.4864 Y-176.6101 F15000.0
G1 X33.2948 Y-178.1692 F12000.0
G1 X34.0455 Y-178.0537
G1 X32.6019 Y-177.3607
G1 X32.7174 Y-176.8410
G0 X32.9484 Y-179.1508 F15000.0
G1 X37.4524 Y-181.8648 F12000.0
G1 X35.8356 Y-181.6916
G1 X35.6046 Y-182.1535
G1 X34.1033 Y-180.1325
G1 X32.9484 Y-179.3818
G0 X30.8696 Y-179.1508 F15000.0
G1 X30.7541 Y-180.5944 F12000.0
G1 X31.6202 Y-181.8071
G1 X29.8302 Y-181.9803
G1 X29.8302 Y-182.9620
G1 X32.8329 Y-183.7704
G1 X32.7174 Y-182.9620
G1 X32.0822 Y-183.0774
G1 X32.1399 Y-182.4423
G1 X32.6019 Y-182.9620
G1 X31.7357 Y-178.7466
G1 X30.8696 Y-178.9198
G0 X36.4130 Y-178.6889 F15000.0
G1 X37.7989 Y-181.7493 F12000.0
G1 X34.9117 Y-182.6732
G1 X33.8723 Y-180.1325
G1 X33.5258 Y-179.2663
G1 X35.8356 Y-179.8438
G1 X36.4130 Y-178.4579
G0 X36.6440 Y-182.3845 F15000.0
G1 X37.0482 Y-184.4633 F12000.0
G1 X36.8750 Y-184.0591
G1 X37.1637 Y-184.6365
G1 X37.9144 Y-183.4817
G1 X37.3947 Y-183.4817
G1 X36.8750 Y-182.3845
G0 X40.5707 Y-181.2296 F15000.0
G1 X40.2819 Y-181.9803 F12000.0
G1 X43.0537 Y-183.4817
G1 X42.9959 Y-182.8465
G1 X44.0931 Y-182.5577
G1 X41.7833 Y-180.8254
G1 X40.5707 Y-180.9986
G0 X42.6495 Y-177.5340 F15000.0
G1 X40.4552 Y-178.1692 F12000.0
G1 X42.7649 Y-178.9198
G1 X38.2609 Y-180.6522
G1 X39.4158 Y-181.0564
G1 X38.6651 Y-183.4817
G1 X39.7622 Y-182.9042
G1 X41.7833 Y-183.2507
G1 X40.2819 Y-183.8859
G1 X42.2452 Y-183.1352
G1 X40.3974 Y-186.3111
G1 X37.5102 Y-185.5605
G1 X40.6284 Y-186.3111
G1 X44.9015 Y-182.6732
G1 X43.9198 Y-181.6916
G1 X43.2846 Y-181.9803
G1 X41.9565 Y-180.7677
G1 X38.4341 Y-181.9226
G1 X42.7072 Y-178.5156
G1 X42.8804 Y-177.5340
G0 X43.3424 Y-177.9959 F15000.0
G1 X44.8438 Y-181.4029 F12000.0
G1 X45.7677 Y-180.4212
G1 X44.4395 Y-179.6128
G1 X43.5734 Y-177.9959
G0 X41.0326 Y-175.4552 F15000.0
G1 X43.4001 Y-176.7833 F12000.0
G1 X44.3818 Y-176.1481
G1 X44.4973 Y-176.7833
G1 X43.8621 Y-177.1875
G1 X44.9015 Y-179.1508
G1 X44.2663 Y-177.5917
G1 X41.4946 Y-176.4946
G1 X40.2242 Y-177.0143
G1 X41.0326 Y-177.5340
G1 X39.1270 Y-177.2452
G1 X40.2819 Y-179.3818
G1 X39.3003 Y-176.7255
G1 X41.3213 Y-175.7439
G1 X40.8016 Y-175.2242
G0 X40.8016 Y-173.3764 F15000.0
G1 X41.2636 Y-173.8961 F12000.0
G1 X40.0510 Y-173.8961
G1 X40.5707 Y-173.3764
G0 X45.6522 Y-182.1535 F15000.0
G1 X46.6338 Y-183.1352 F12000.0
G1 X45.6522 Y-183.9436
G1 X47.3268 Y-183.3084
G1 X46.7493 Y-183.7704
G1 X45.6522 Y-182.3845
G0 X51.1957 Y-187.9280 F15000.0
G1 X50.7914 Y-189.7181 F12000.0
G1 X53.5632 Y-187.7548
G1 X51.4266 Y-187.6970
G0 X58.8179 Y-185.3872 F15000.0
G1 X58.3560 Y-186.0802 F12000.0
G1 X59.0489 Y-185.3872
G0 X70.1359 Y-181.4606 F15000.0
G1 X69.2120 Y-182.7310 F12000.0
G1 X70.1359 Y-181.2296
G0 X73.8315 Y-177.9959 F15000.0
G1 X71.4640 Y-184.1746 F12000.0
G1 X74.0625 Y-177.7649
G0 X74.6255 Y-177.9304 F15000.0
G1 X72.9940 Y-177.0629 F12000.0
G0 X74.2935 Y-174.9932 F15000.0
G1 X74.1780 Y-176.8410 F12000.0
G1 X74.6399 Y-176.3791
G1 X73.8893 Y-180.8254
G1 X75.5061 Y-176.0904
G1 X74.8709 Y-176.0904
G1 X74.5245 Y-174.9932
G0 X77.2962 Y-176.6101 F15000.0
G1 X76.6033 Y-177.1298 F12000.0
G1 X77.4117 Y-176.8410
G1 X77.2385 Y-178.2269
G1 X75.5639 Y-178.5734
G1 X75.6216 Y-180.5367
G1 X76.5455 Y-178.8043
G1 X76.2568 Y-179.9015
G1 X77.8159 Y-180.3057
G1 X77.5272 Y-176.6101
G0 X76.3723 Y-178.4579 F15000.0
G1 X77.2385 Y-179.6128 F12000.0
G1 X76.6033 Y-178.6889
G0 X77.0652 Y-180.7677 F15000.0
G1 X77.0075 Y-181.3451 F12000.0
G1 X77.8159 Y-181.8648
G1 X75.3906 Y-181.6338
G1 X76.7765 Y-182.4423
G1 X74.7554 Y-182.3268
G1 X77.2962 Y-180.9986
G0 X78.9130 Y-181.6916 F15000.0
G1 X80.0679 Y-189.8913 F12000.0
G1 X80.9918 Y-192.4321
G1 X79.5482 Y-185.2140
G1 X88.6141 Y-199.7656
G1 X94.8505 Y-205.3668
G1 X95.5435 Y-212.4117
G1 X94.6196 Y-214.2595
G1 X95.6590 Y-212.5849
G1 X92.9450 Y-221.9973
G1 X91.7323 Y-225.0577
G1 X94.5041 Y-219.7452
G1 X91.4436 Y-224.7690
G1 X95.7745 Y-214.1440
G1 X95.0238 Y-205.6556
G1 X93.6957 Y-202.4796
G1 X94.3886 Y-202.8261
G1 X92.6562 Y-201.2092
G1 X86.8818 Y-192.7785
G1 X86.8818 Y-193.5292
G1 X86.6508 Y-193.1827
G1 X91.2126 Y-200.5740
G1 X92.8872 Y-202.8838
G1 X85.5537 Y-196.0700
G1 X78.9130 Y-181.9226
G0 X80.1320 Y-180.8582 F15000.0
G1 X112.3547 Y-197.9914 F12000.0
G0 X113.3288 Y-196.9361 F15000.0
G1 X113.2133 Y-198.7262 F12000.0
G1 X113.3288 Y-196.7052
G0 X108.9402 Y-198.3220 F15000.0
G1 X109.7486 Y-199.1882 F12000.0
G1 X109.5177 Y-200.1121
G1 X108.8247 Y-198.7262
G1 X107.9008 Y-201.5557
G1 X108.8825 Y-199.6501
G1 X108.7092 Y-198.0910
G0 X107.8669 Y-197.5758 F15000.0
G1 X91.3476 Y-188.7924 F12000.0
G0 X90.6686 Y-187.1175 F15000.0
G1 X97.6026 Y-190.8044 F12000.0
G0 X93.5215 Y-192.5758 F15000.0
G1 X103.7186 Y-197.9977 F12000.0
G0 X104.3207 Y-198.3220 F15000.0
G1 X103.2235 Y-204.1542 F12000.0
G1 X103.3390 Y-202.7683
G1 X103.3390 Y-204.7317
G1 X104.7826 Y-199.3614
G1 X105.0136 Y-202.4796
G1 X104.4939 Y-203.0571
G1 X105.6488 Y-201.5557
G1 X104.3207 Y-198.5530
G0 X103.1740 Y-199.0219 F15000.0
G1 X95.0164 Y-194.6844 F12000.0
G0 X93.4647 Y-194.3954 F15000.0
G1 X95.3125 Y-196.4742 F12000.0
G1 X93.2337 Y-194.3954
G0 X93.6957 Y-195.5503 F15000.0
G1 X98.4885 Y-200.2276 F12000.0
G1 X93.6957 Y-195.7812
G0 X91.6168 Y-195.0883 F15000.0
G1 X95.0238 Y-199.4192 F12000.0
G1 X91.3859 Y-194.8573
G0 X92.2306 Y-190.5757 F15000.0
G1 X107.7302 Y-198.8169 F12000.0
G0 X105.7065 Y-198.0910 F15000.0
G1 X107.2656 Y-200.0543 F12000.0
G1 X106.3995 Y-201.7867
G1 X105.2446 Y-198.6685
G1 X106.3417 Y-201.6135
G1 X106.5149 Y-198.8995
G1 X105.4755 Y-197.8601
G0 X107.4624 Y-191.4487 F15000.0
G1 X104.1993 Y-189.7137 F12000.0
G0 X107.0924 Y-186.7731 F15000.0
G1 X110.6148 Y-191.9701 F12000.0
G1 X109.7486 Y-191.7391
G1 X108.1318 Y-190.0645
G1 X107.7853 Y-191.2772
G1 X108.2473 Y-191.0462
G1 X111.3655 Y-195.2038
G1 X112.9823 Y-195.9545
G1 X109.9796 Y-193.3560
G1 X108.4205 Y-190.0645
G1 X110.4416 Y-192.8363
G1 X110.6148 Y-192.1433
G1 X112.5204 Y-193.9912
G1 X111.6542 Y-191.6814
G1 X113.7330 Y-194.8573
G1 X114.0795 Y-193.9334
G1 X110.7303 Y-190.6420
G1 X112.2317 Y-193.3560
G1 X107.3234 Y-187.0041
G0 X101.2096 Y-185.4965 F15000.0
G1 X80.6115 Y-174.5443 F12000.0
G0 X80.9918 Y-174.5312 F15000.0
G1 X80.6454 Y-175.2819 F12000.0
G1 X80.4144 Y-174.9355
G1 X82.2622 Y-181.3451
G1 X80.9918 Y-174.7622
G0 X85.3804 Y-181.4606 F15000.0
G1 X86.1889 Y-184.6943 F12000.0
G1 X85.6114 Y-181.6916
G0 X78.4511 Y-183.5394 F15000.0
G1 X80.2989 Y-192.6053 F12000.0
G1 X78.2201 Y-183.5394
G0 X77.7582 Y-183.5394 F15000.0
G1 X77.2385 Y-188.6209 F12000.0
G1 X69.9626 Y-196.7052
G1 X77.2385 Y-188.7942
G1 X77.7582 Y-183.7704
G0 X77.8853 Y-185.5757 F15000.0
G1 X78.2931 Y-185.7925 F12000.0
G0 X77.8169 Y-186.1962 F15000.0
G1 X78.4287 Y-186.5215 F12000.0
G0 X96.4506 Y-183.6230 F15000.0
G1 X97.8782 Y-184.3821 F12000.0
G0 X97.3913 Y-185.3872 F15000.0
G1 X99.5856 Y-190.4110 F12000.0
G1 X97.3913 Y-185.6182
G0 X97.5376 Y-185.5147 F15000.0
G1 X98.7612 Y-186.1654 F12000.0
G0 X111.9429 Y-179.1508 F15000.0
G1 X119.1033 Y-184.6365 F12000.0
G1 X118.0061 Y-184.8675
G1 X119.8539 Y-187.0618
G1 X122.4524 Y-187.6393
G1 X119.2765 Y-185.5027
G1 X121.1243 Y-185.9069
G1 X118.5836 Y-184.7520
G1 X121.2398 Y-185.3872
G1 X119.5075 Y-184.5211
G1 X120.6046 Y-184.6365
G1 X114.7724 Y-181.8071
G1 X112.1739 Y-179.3818
G0 X111.9429 Y-178.2269 F15000.0
G1 X113.9062 Y-180.2480 F12000.0
G1 X111.9429 Y-177.9959
G0 X106.5210 Y-172.5553 F15000.0
G1 X101.8304 Y-170.0612 F12000.0
G0 X102.0109 Y-171.2976 F15000.0
G1 X104.0319 Y-176.6101 F12000.0
G1 X102.2418 Y-171.5285
G0 X100.3940 Y-169.6807 F15000.0
G1 X100.4518 Y-178.5734 F12000.0
G1 X101.3757 Y-180.7099
G1 X101.4334 Y-179.2663
G1 X104.7249 Y-188.7942
G1 X106.7459 Y-190.3533
G1 X104.8404 Y-189.1406
G1 X101.3757 Y-182.3268
G1 X101.7799 Y-183.9436
G1 X100.2208 Y-175.6861
G1 X100.3940 Y-169.4497
G0 X100.6067 Y-169.4106 F15000.0
G1 X97.1397 Y-167.5671 F12000.0
G0 X97.6160 Y-167.1635 F15000.0
G1 X98.8396 Y-167.8141 F12000.0
G0 X98.4990 Y-168.9467 F15000.0
G1 X97.6832 Y-168.5130 F12000.0
G0 X94.6196 Y-167.6019 F15000.0
G1 X96.0054 Y-176.3791 F12000.0
G1 X94.6196 Y-167.3709
G0 X96.4674 Y-159.2867 F15000.0
G1 X96.2942 Y-164.4260 F12000.0
G1 X96.4674 Y-159.0557
G0 X89.8695 Y-157.1326 F15000.0
G1 X89.0537 Y-156.6988 F12000.0
G0 X87.9212 Y-150.7405 F15000.0
G1 X86.4776 Y-152.9348 F12000.0
G1 X88.6141 Y-151.1447
G1 X83.4171 Y-158.0740
G1 X78.9130 Y-175.5129
G1 X83.7636 Y-157.0924
G1 X86.3621 Y-152.9348
G1 X83.2439 Y-156.8614
G1 X78.3933 Y-176.1481
G1 X79.0285 Y-167.1977
G1 X79.9524 Y-164.1372
G1 X79.0285 Y-170.0272
G1 X86.7663 Y-151.8954
G1 X88.1522 Y-150.5095
G0 X98.7772 Y-146.8139 F15000.0
G1 X100.9137 Y-148.3730 F12000.0
G1 X99.0082 Y-146.8139
G0 X99.2391 Y-145.8899 F15000.0
G1 X100.1630 Y-146.4674 F12000.0
G1 X99.8743 Y-146.0632
G1 X101.5489 Y-147.3913
G1 X102.4728 Y-147.8533
G1 X101.9531 Y-147.3336
G1 X102.1264 Y-146.2364
G1 X99.4701 Y-145.8899
G0 X101.2319 Y-146.0949 F15000.0
G1 X102.4556 Y-146.7456 F12000.0
G0 X105.2446 Y-147.2758 F15000.0
G2 X105.4755 Y-147.5068 I-0.5725 J-0.8035 F12000.0
G0 X103.1658 Y-142.4253 F15000.0
G1 X107.9008 Y-144.7351 F12000.0
G1 X102.9348 Y-142.4253
G0 X102.9348 Y-138.4986 F15000.0
G1 X103.4545 Y-141.5014 F12000.0
G1 X104.6671 Y-140.7507
G1 X102.9348 Y-141.7901
G1 X102.5883 Y-140.0000
G1 X98.4885 Y-139.9423
G1 X101.9531 Y-140.0577
G1 X102.9348 Y-138.2677
G0 X106.1354 Y-132.9368 F15000.0
G1 X105.5236 Y-132.6115 F12000.0
G0 X116.3315 Y-128.3356 F15000.0
G1 X115.3499 Y-130.5299 F12000.0
G1 X116.5625 Y-128.3356
G0 X117.6312 Y-126.5683 F15000.0
G1 X115.7957 Y-125.5924 F12000.0
G0 X116.2720 Y-125.1887 F15000.0
G1 X117.6995 Y-125.9477 F12000.0
G0 X117.7679 Y-125.3272 F15000.0
G1 X116.3403 Y-124.5681 F12000.0
G0 X117.4284 Y-124.4898 F15000.0
G1 X115.5929 Y-123.5138 F12000.0
G0 X115.8652 Y-123.0017 F15000.0
G1 X117.4967 Y-123.8692 F12000.0
G0 X120.9009 Y-116.4828 F15000.0
G1 X123.7561 Y-118.0009 F12000.0
G0 X125.8639 Y-118.4648 F15000.0
G1 X121.3772 Y-116.0791 F12000.0
G0 X121.6495 Y-115.5670 F15000.0
G1 X126.3401 Y-118.0611 F12000.0
G0 X126.2045 Y-117.3321 F15000.0
G1 X121.7178 Y-114.9465 F12000.0
G0 X121.1744 Y-114.0006 F15000.0
G1 X126.4768 Y-116.8200 F12000.0
G0 X126.5452 Y-116.1995 F15000.0
G1 X124.0979 Y-114.8982 F12000.0
G0 X124.7781 Y-114.6030 F15000.0
G1 X125.3899 Y-114.9283 F12000.0
G0 X122.6703 Y-114.1391 F15000.0
G1 X121.8545 Y-113.7054 F12000.0
G0 X121.1821 Y-113.5530 F15000.0
G1 X122.7412 Y-117.4796 F12000.0
G1 X120.8933 Y-114.4192
G1 X117.6019 Y-119.6162
G1 X117.6019 Y-117.1909
G1 X118.1793 Y-117.4219
G1 X118.5836 Y-115.3431
G1 X119.3920 Y-115.4586
G1 X120.9511 Y-113.3220
G0 X124.6467 Y-109.6264 F15000.0
G1 X126.3791 Y-111.1855 F12000.0
G1 X124.8777 Y-109.8573
G0 X125.1087 Y-108.0095 F15000.0
G1 X125.9171 Y-108.7024 F12000.0
G1 X129.3240 Y-108.2982
G1 X125.4552 Y-108.9334
G1 X124.8777 Y-107.7785
G0 X124.4158 Y-107.7785 F15000.0
G1 X123.2609 Y-109.9728 F12000.0
G1 X124.1848 Y-107.7785
G0 X112.8668 Y-99.4633 F15000.0
G2 X112.6359 Y-99.6943 I-1.3108 J1.0798 F12000.0
G0 X111.4810 Y-96.6916 F15000.0
G1 X116.0428 Y-98.3084 F12000.0
G1 X120.0272 Y-97.3268
G1 X113.9640 Y-97.9620
G1 X111.0190 Y-96.9226
G1 X110.5571 Y-97.3845
G1 X111.2500 Y-96.6916
G0 X109.4022 Y-89.9932 F15000.0
G1 X109.7486 Y-90.5129 F12000.0
G1 X108.9980 Y-90.7439
G1 X108.8247 Y-91.7255
G1 X108.1318 Y-92.3030
G1 X111.7120 Y-92.4762
G1 X113.5020 Y-91.9565
G1 X112.3471 Y-91.9565
G1 X110.9613 Y-93.1692
G1 X111.3077 Y-93.5156
G1 X109.1135 Y-90.2819
G1 X109.6332 Y-89.7622
G0 X117.6635 Y-69.4360 F15000.0
G1 X133.1631 Y-77.6772 F12000.0
G0 X135.2717 Y-77.9823 F15000.0
G1 X133.9436 Y-80.3499 F12000.0
G1 X130.3635 Y-82.0245
G1 X129.0353 Y-83.7568
G1 X127.1875 Y-82.1399
G1 X124.6467 Y-82.8329
G1 X123.1454 Y-84.0455
G1 X123.7228 Y-82.4864
G1 X119.8539 Y-84.3920
G1 X124.2425 Y-81.9667
G1 X119.8539 Y-83.4103
G1 X119.9694 Y-84.5652
G1 X124.1270 Y-87.0482
G1 X121.1243 Y-87.6257
G1 X122.7989 Y-87.0482
G1 X119.5652 Y-87.7412
G1 X116.2160 Y-87.6257
G1 X113.8485 Y-88.8383
G1 X111.5965 Y-88.4341
G1 X110.7303 Y-86.9905
G1 X111.6542 Y-85.6624
G1 X110.3838 Y-85.7779
G1 X111.8852 Y-86.1243
G1 X109.5177 Y-87.6834
G1 X113.8485 Y-88.8383
G1 X117.0822 Y-87.3370
G1 X121.2976 Y-88.2031
G1 X136.3689 Y-89.2425
G1 X134.1168 Y-89.3580
G1 X136.7731 Y-89.3003
G1 X137.2351 Y-88.8383
G1 X137.2928 Y-89.6467
G1 X136.2534 Y-90.3397
G1 X136.5421 Y-92.4185
G1 X134.3478 Y-92.9959
G1 X135.0985 Y-93.4001
G1 X129.3240 Y-96.2296
G1 X131.5183 Y-95.0170
G1 X132.4423 Y-95.3635
G1 X131.7493 Y-93.5156
G1 X136.5999 Y-92.8804
G1 X136.4844 Y-94.2663
G1 X134.4633 Y-94.3240
G1 X137.2351 Y-94.4973
G1 X134.9253 Y-96.0564
G1 X138.4477 Y-94.2663
G1 X139.0829 Y-95.0747
G1 X139.4293 Y-93.5156
G1 X137.4083 Y-93.1692
G1 X139.3139 Y-93.8621
G1 X138.8519 Y-94.7860
G1 X137.8702 Y-94.0931
G1 X137.1773 Y-94.1508
G1 X136.8886 Y-89.8777
G1 X139.0829 Y-92.5917
G1 X134.2901 Y-86.5285
G1 X130.1902 Y-86.2398
G1 X131.8071 Y-85.5469
G1 X137.6393 Y-85.6624
G1 X141.7391 Y-84.2765
G1 X135.9647 Y-84.7962
G1 X137.3505 Y-85.7201
G1 X130.9409 Y-85.6046
G1 X128.8621 Y-86.9327
G1 X124.3580 Y-87.3947
G1 X124.8200 Y-86.0088
G1 X125.2242 Y-86.7018
G1 X127.3607 Y-84.9117
G1 X129.0931 Y-85.9511
G1 X128.9776 Y-86.3553
G1 X128.9776 Y-84.7962
G1 X127.3607 Y-83.8145
G1 X130.5944 Y-82.5442
G1 X130.9409 Y-83.6990
G1 X130.9986 Y-81.3315
G1 X136.1379 Y-77.9823
G1 X134.9830 Y-79.8879
G1 X135.2717 Y-78.2133
G0 X140.8152 Y-83.5258 F15000.0
G1 X138.3322 Y-84.3920 F12000.0
G1 X143.0095 Y-83.7568
G1 X143.7024 Y-84.6807
G1 X142.1433 Y-85.0272
G1 X142.4898 Y-84.7962
G1 X140.5265 Y-85.2004
G1 X138.7364 Y-88.9538
G1 X139.4293 Y-88.3764
G1 X138.6787 Y-88.2609
G1 X140.7575 Y-85.0272
G1 X143.4715 Y-85.0272
G1 X146.2432 Y-84.1610
G1 X150.2276 Y-86.4130
G1 X147.6868 Y-85.4314
G1 X141.0462 Y-83.5258
G0 X132.2690 Y-87.9144 F15000.0
G1 X133.2507 Y-88.7228 F12000.0
G1 X131.8071 Y-87.8567
G1 X130.8832 Y-89.6467
G1 X129.4395 Y-88.5496
G1 X131.2296 Y-89.5890
G1 X132.0380 Y-87.6834
G0 X133.6549 Y-95.5367 F15000.0
G1 X130.2480 Y-96.8648 F12000.0
G1 X130.8254 Y-97.6155
G1 X123.7228 Y-99.1746
G1 X118.3526 Y-99.5211
G1 X130.7099 Y-96.9803
G1 X132.2113 Y-96.1719
G1 X133.8859 Y-95.5367
G0 X150.7473 Y-107.3166 F15000.0
G1 X150.4586 Y-108.1250 F12000.0
G1 X151.2092 Y-108.4137
G1 X149.0149 Y-110.2615
G1 X150.4008 Y-111.9939
G1 X151.6135 Y-108.5870
G1 X152.0754 Y-110.8390
G1 X152.5374 Y-108.3560
G1 X150.7473 Y-107.5476
G0 X149.8234 Y-109.1644 F15000.0
G1 X150.5740 Y-110.0883 F12000.0
G1 X149.0149 Y-110.2615
G1 X149.5924 Y-109.1644
G0 X151.9807 Y-110.6739 F15000.0
G1 X153.0004 Y-111.2161 F12000.0
G0 X153.1371 Y-109.9750 F15000.0
G1 X152.7292 Y-109.7581 F12000.0
G0 X157.6766 Y-98.0774 F15000.0
G1 X135.1562 Y-100.2717 F12000.0
G1 X132.4423 Y-101.2534
G1 X125.5707 Y-101.6576
G1 X121.1821 Y-103.4477
G1 X123.1454 Y-101.1957
G1 X118.8723 Y-103.5054
G1 X113.5598 Y-102.6393
G1 X106.3417 Y-106.9701
G1 X106.8614 Y-108.4137
G1 X106.3417 Y-107.0279
G1 X104.3784 Y-109.5686
G1 X106.2262 Y-108.1250
G1 X106.5727 Y-109.5109
G1 X112.5781 Y-104.5448
G1 X115.1189 Y-103.6209
G1 X116.1583 Y-103.7942
G1 X113.3288 Y-103.9674
G1 X111.4232 Y-105.6420
G1 X113.1556 Y-106.2194
G1 X112.7514 Y-106.9124
G1 X112.5781 Y-105.6997
G1 X105.5910 Y-110.6080
G1 X105.6488 Y-111.1277
G1 X104.9558 Y-109.9728
G1 X105.5910 Y-109.5109
G1 X103.9164 Y-109.1067
G1 X106.6882 Y-106.5659
G1 X114.5992 Y-102.4660
G1 X120.1427 Y-102.5815
G1 X123.5496 Y-101.4266
G1 X121.4130 Y-102.8125
G1 X133.7704 Y-100.9647
G1 X137.4083 Y-99.8098
G1 X157.6766 Y-97.8465
G0 X159.7554 Y-98.0774 F15000.0
G1 X156.6950 Y-100.1562 F12000.0
G1 X160.1019 Y-100.7337
G1 X155.9443 Y-100.7914
G1 X158.4851 Y-101.1957
G1 X158.8893 Y-102.0041
G1 X160.7948 Y-99.7520
G1 X162.8736 Y-101.7731
G1 X163.6243 Y-100.0408
G1 X164.4905 Y-102.0618
G1 X166.6270 Y-101.0224
G1 X167.0312 Y-101.3689
G1 X164.4905 Y-100.4450
G1 X164.7215 Y-99.1746
G1 X163.9130 Y-100.2717
G1 X162.0075 Y-101.2534
G1 X157.0992 Y-99.1746
G1 X159.7554 Y-98.3084
G0 X160.4484 Y-98.3084 F15000.0
G1 X159.8132 Y-99.0014 F12000.0
G1 X162.3539 Y-99.8675
G1 X163.1046 Y-99.0591
G1 X163.9130 Y-99.2323
G1 X160.6793 Y-98.3084
G0 X160.9103 Y-96.4606 F15000.0
G1 X161.0258 Y-97.4423 F12000.0
G1 X162.1230 Y-96.9226
G1 X161.1413 Y-96.4606
G0 X161.8342 Y-95.9986 F15000.0
G1 X161.8342 Y-97.5577 F12000.0
G1 X162.3539 Y-97.1535
G1 X162.0652 Y-96.2296
G0 X152.3641 Y-128.5666 F15000.0
G1 X152.7683 Y-130.4721 F12000.0
G1 X155.7711 Y-129.1440
G1 X152.4796 Y-130.3567
G1 X152.3641 Y-128.7976
G0 X117.2133 Y-144.0821 F15000.0
G1 X115.7857 Y-143.3231 F12000.0
G0 X115.3095 Y-143.7267 F15000.0
G1 X116.5331 Y-144.3774 F12000.0
G0 X115.2411 Y-144.3473 F15000.0
G1 X114.6293 Y-144.0220 F12000.0
G0 X114.5609 Y-144.6425 F15000.0
G1 X113.9491 Y-144.3172 F12000.0
G0 X102.7038 Y-164.1372 F15000.0
G1 X103.5122 Y-173.2609 F12000.0
G1 X108.4205 Y-182.0958
G1 X113.4443 Y-187.8125
G1 X103.8587 Y-174.4735
G1 X102.7038 Y-164.3682
G0 X103.3274 Y-168.2296 F15000.0
G1 X106.5905 Y-169.9646 F12000.0
G0 X105.7065 Y-169.9117 F15000.0
G1 X116.3315 Y-181.1719 F12000.0
G1 X105.7065 Y-170.1427
G0 X105.0136 Y-170.8356 F15000.0
G1 X116.0428 Y-184.1168 F12000.0
G1 X109.7486 Y-177.9382
G1 X106.8037 Y-173.8961
G1 X106.9192 Y-174.8200
G1 X105.2446 Y-171.0666
G0 X104.0897 Y-169.2188 F15000.0
G1 X108.9402 Y-180.5944 F12000.0
G1 X110.3261 Y-182.1535
G1 X108.0740 Y-180.4212
G1 X112.2894 Y-184.3478
G1 X106.9192 Y-178.8043
G1 X104.1474 Y-172.5102
G1 X103.8010 Y-170.2582
G1 X107.2656 Y-178.7466
G1 X104.0897 Y-168.9878
G0 X115.1766 Y-192.0856 F15000.0
G1 X117.5442 Y-195.2038 F12000.0
G1 X114.8302 Y-194.1644
G1 X114.0795 Y-196.6474
G1 X119.6807 Y-200.8050
G1 X116.7935 Y-199.4769
G1 X119.5075 Y-201.1515
G1 X122.5102 Y-203.1726
G1 X122.1637 Y-201.9022
G1 X113.9062 Y-196.0122
G1 X114.5992 Y-195.8390
G1 X114.6569 Y-195.0883
G1 X116.5625 Y-196.7629
G1 X114.8302 Y-194.3376
G1 X118.2948 Y-196.0700
G1 X117.8906 Y-195.2038
G1 X118.2371 Y-195.4348
G1 X115.2344 Y-192.9518
G1 X115.4076 Y-192.0856
G0 X117.2554 Y-200.8628 F15000.0
G1 X118.6990 Y-202.0177 F12000.0
G1 X117.7174 Y-203.2880
G1 X118.2948 Y-204.1542
G1 X118.8723 Y-202.0177
G1 X119.9117 Y-203.6345
G1 X117.6019 Y-205.3091
G1 X117.8329 Y-204.9626
G1 X115.6386 Y-201.6135
G1 X116.5048 Y-201.3825
G1 X117.9484 Y-201.7867
G1 X117.2554 Y-201.0938
G0 X121.4130 Y-202.0177 F15000.0
G3 X121.4130 Y-202.2486 I1.1405 J-0.1155 F12000.0
G0 X121.6440 Y-205.0204 F15000.0
G2 X121.8750 Y-205.2514 I-0.9324 J-1.1634 F12000.0
G0 X118.4103 Y-205.2514 F15000.0
G1 X120.0849 Y-205.8288 F12000.0
G1 X120.4314 Y-208.9470
G1 X120.7779 Y-208.4273
G1 X120.0849 Y-208.6005
G1 X121.2976 Y-207.0992
G1 X121.7595 Y-211.2568
G1 X122.9721 Y-210.8526
G1 X121.2976 Y-212.4694
G1 X120.4314 Y-210.4484
G1 X121.0666 Y-209.1780
G1 X120.0272 Y-210.3906
G1 X118.0061 Y-205.8865
G1 X118.1793 Y-205.4823
G0 X112.1739 Y-210.7948 F15000.0
G1 X112.9246 Y-211.8342 F12000.0
G1 X111.9429 Y-210.5639
G0 X110.0951 Y-209.1780 F15000.0
G1 X110.4416 Y-210.3906 F12000.0
G1 X110.0951 Y-208.9470
G0 X109.4022 Y-211.9497 F15000.0
G1 X108.5938 Y-213.3933 F12000.0
G1 X109.6909 Y-213.1046
G1 X109.4022 Y-212.1807
G0 X107.5543 Y-211.4878 F15000.0
G1 X109.9219 Y-211.9497 F12000.0
G1 X110.8458 Y-214.0863
G1 X111.7697 Y-214.8947
G1 X112.5204 Y-215.1834
G1 X112.4626 Y-213.9130
G1 X113.3865 Y-215.6454
G1 X113.6753 Y-215.3567
G1 X113.7908 Y-216.1651
G1 X111.7697 Y-216.8003
G1 X111.7697 Y-218.5326
G1 X110.9035 Y-218.9368
G1 X111.7120 Y-219.1678
G1 X109.9796 Y-218.8791
G1 X110.9035 Y-217.4355
G1 X109.6909 Y-216.2806
G1 X109.0557 Y-216.9158
G1 X108.8247 Y-214.4327
G1 X110.0951 Y-214.9524
G1 X110.7880 Y-213.9130
G1 X109.1712 Y-211.5455
G1 X107.3234 Y-211.4878
G0 X105.4755 Y-211.9497 F15000.0
G1 X104.7249 Y-214.0285 F12000.0
G1 X103.1658 Y-213.8553
G1 X104.0897 Y-213.9708
G1 X103.6277 Y-214.3173
G1 X104.6671 Y-214.4327
G1 X103.2235 Y-215.1257
G1 X104.2052 Y-215.9341
G1 X105.3023 Y-214.9524
G1 X106.0530 Y-214.2018
G1 X106.2840 Y-217.0312
G1 X106.7459 Y-216.5693
G1 X107.4966 Y-217.5510
G1 X108.1895 Y-217.7242
G1 X105.9375 Y-217.7242
G1 X108.3628 Y-219.0523
G1 X107.4966 Y-220.2072
G1 X108.8825 Y-220.2072
G1 X108.5360 Y-221.9395
G1 X108.4783 Y-220.0917
G1 X108.0740 Y-217.7819
G1 X108.4205 Y-216.1073
G1 X107.4389 Y-216.2806
G1 X106.8614 Y-212.9314
G1 X107.5543 Y-213.2779
G1 X105.4755 Y-212.1807
G0 X108.9402 Y-215.1834 F15000.0
G1 X111.5387 Y-215.5299 F12000.0
G1 X111.5965 Y-217.6664
G1 X109.5177 Y-216.1073
G1 X109.1135 Y-216.4538
G1 X108.9402 Y-215.4144
G0 X113.5598 Y-217.7242 F15000.0
G1 X115.0611 Y-219.2255 F12000.0
G1 X113.7908 Y-217.7242
G0 X116.7935 Y-215.4144 F15000.0
G2 X117.0245 Y-215.4144 I0.1155 J-0.8277 F12000.0
G0 X115.4076 Y-221.4198 F15000.0
G1 X116.6780 Y-222.0550 F12000.0
G1 X115.7541 Y-222.7480
G1 X115.1766 Y-221.6508
G0 X115.4076 Y-223.2677 F15000.0
G1 X117.3709 Y-227.0211 F12000.0
G1 X116.1583 Y-230.9477
G1 X114.7147 Y-227.9450
G1 X113.2711 Y-227.7140
G1 X113.6175 Y-227.3675
G1 X113.3288 Y-228.0027
G1 X112.9823 Y-228.6379
G1 X112.6359 Y-227.2520
G1 X113.0401 Y-225.9817
G1 X112.2894 Y-225.5197
G1 X112.8091 Y-224.8268
G1 X112.8091 Y-224.1338
G1 X114.0795 Y-224.3071
G1 X114.7724 Y-227.4253
G1 X114.4837 Y-225.9239
G1 X115.4076 Y-223.4986
G0 X118.1793 Y-222.1128 F15000.0
G1 X118.1216 Y-224.4226 F12000.0
G1 X118.1793 Y-221.8818
G0 X120.0272 Y-226.2704 F15000.0
G3 X119.7962 Y-226.5014 I0.7654 J-0.9964 F12000.0
G0 X122.1060 Y-226.0394 F15000.0
G1 X124.3580 Y-226.3281 F12000.0
G1 X122.1637 Y-228.0605
G1 X124.3580 Y-226.6746
G1 X124.2425 Y-230.0815
G1 X120.4314 Y-231.0054
G1 X121.1243 Y-231.1209
G1 X121.3553 Y-232.1603
G1 X121.8750 Y-235.2208
G1 X122.5679 Y-233.8927
G1 X121.9905 Y-231.5829
G1 X122.5102 Y-230.0238
G1 X124.0115 Y-230.6590
G1 X126.1481 Y-229.6773
G1 X125.9171 Y-228.2337
G1 X127.0143 Y-227.5408
G1 X125.5129 Y-231.5829
G1 X124.4735 Y-231.4674
G1 X124.3003 Y-233.3730
G1 X123.0299 Y-232.1026
G1 X124.5312 Y-234.4124
G1 X127.9959 Y-231.9871
G1 X126.2058 Y-233.4885
G1 X126.4946 Y-236.0870
G1 X125.1087 Y-235.4518
G1 X123.8383 Y-236.2602
G1 X124.1848 Y-235.9715
G1 X123.8383 Y-236.7221
G1 X129.1508 Y-237.2418
G1 X124.1848 Y-237.4728
G1 X123.4341 Y-237.6461
G1 X123.7806 Y-237.2418
G1 X124.1848 Y-238.6855
G1 X124.9355 Y-238.5122
G1 X127.7649 Y-237.7038
G1 X128.9776 Y-239.5516
G1 X128.3424 Y-238.3967
G1 X129.0931 Y-238.3390
G1 X129.3818 Y-238.9164
G1 X130.1325 Y-237.2418
G1 X129.2663 Y-240.3023
G1 X127.5340 Y-239.2052
G1 X126.8988 Y-237.9925
G1 X126.7833 Y-238.7432
G1 X126.7833 Y-240.1868
G1 X127.9959 Y-240.3023
G1 X127.1875 Y-242.2656
G1 X126.7255 Y-241.9192
G1 X127.2452 Y-242.7276
G1 X125.9749 Y-243.0163
G1 X126.3213 Y-242.6121
G1 X125.1087 Y-242.9008
G1 X123.7806 Y-242.4389
G1 X123.0876 Y-242.7276
G1 X123.2031 Y-243.8825
G1 X121.7595 Y-243.5360
G1 X121.6440 Y-244.1712
G1 X121.2398 Y-243.0740
G1 X121.8750 Y-242.7276
G1 X120.7779 Y-242.0924
G1 X121.5863 Y-241.1107
G1 X121.4130 Y-242.1501
G1 X121.0666 Y-240.5333
G1 X119.6230 Y-244.9219
G1 X114.3682 Y-241.1107
G1 X114.4837 Y-239.4939
G1 X115.2344 Y-240.7065
G1 X115.1189 Y-237.7038
G1 X117.3132 Y-236.5489
G1 X117.4864 Y-237.3573
G1 X118.2948 Y-232.9110
G1 X116.3315 Y-234.4124
G1 X118.5258 Y-233.3152
G1 X117.9484 Y-234.6433
G1 X115.4654 Y-234.5856
G1 X117.2554 Y-232.1603
G1 X116.5048 Y-231.2942
G1 X117.1977 Y-231.6406
G1 X117.3709 Y-230.4280
G1 X116.9090 Y-231.5829
G1 X117.5442 Y-229.3886
G1 X118.7568 Y-230.2548
G1 X120.8356 Y-229.5618
G1 X119.7385 Y-229.7928
G1 X118.7568 Y-230.9477
G1 X118.5258 Y-230.6012
G1 X118.0061 Y-232.3336
G1 X119.7385 Y-231.0054
G1 X119.1610 Y-232.3336
G1 X119.8539 Y-231.9871
G1 X119.0455 Y-232.1026
G1 X121.4130 Y-227.7140
G1 X122.5679 Y-227.0211
G1 X122.2792 Y-226.1549
G1 X122.3370 Y-226.2704
G0 X114.4458 Y-228.0064 F15000.0
G1 X107.5118 Y-224.3195 F12000.0
G0 X110.0951 Y-222.8057 F15000.0
G1 X108.9980 Y-224.0761 F12000.0
G1 X110.6148 Y-224.7690
G1 X110.3261 Y-222.8057
G0 X105.9375 Y-227.8872 F15000.0
G1 X105.4755 Y-229.4463 F12000.0
G1 X107.1501 Y-229.7928
G1 X105.7065 Y-227.8872
G0 X104.5516 Y-230.4280 F15000.0
G1 X105.3023 Y-231.4096 F12000.0
G1 X103.6277 Y-231.1209
G1 X104.3207 Y-230.4280
G0 X104.3207 Y-230.6590 F15000.0
G1 X105.0713 Y-231.2942 F12000.0
G1 X103.5700 Y-231.1787
G1 X104.0897 Y-230.6590
G0 X103.8587 Y-232.5068 F15000.0
G1 X104.8404 Y-232.6223 F12000.0
G1 X104.1474 Y-235.0476
G1 X103.9742 Y-234.0659
G1 X103.6277 Y-232.5068
G0 X106.8614 Y-236.2024 F15000.0
G3 X106.8614 Y-236.4334 I0.9982 J-0.1155 F12000.0
G0 X106.3487 Y-236.8389 F15000.0
G1 X114.3024 Y-241.0680 F12000.0
G0 X115.1766 Y-241.7459 F15000.0
G2 X115.4076 Y-241.7459 I0.1155 J-0.9767 F12000.0
G0 X116.1005 Y-242.2079 F15000.0
G1 X116.3315 Y-243.1895 F12000.0
G1 X114.3682 Y-243.6515
G1 X116.1005 Y-242.4389
G0 X116.5625 Y-242.4389 F15000.0
G1 X118.3526 Y-244.0557 F12000.0
G1 X117.2554 Y-244.4599
G1 X116.5625 Y-242.6698
G0 X116.7935 Y-239.2052 F15000.0
G2 X117.0245 Y-238.9742 I1.3647 J-1.1337 F12000.0
G0 X111.4810 Y-238.5122 F15000.0
G1 X112.4049 Y-238.9742 F12000.0
G1 X112.6359 Y-238.1658
G1 X111.4810 Y-238.2812
G0 X112.1739 Y-244.0557 F15000.0
G1 X111.9429 Y-244.9796 F12000.0
G1 X112.5204 Y-244.4022
G1 X112.8091 Y-248.7330
G1 X112.6936 Y-246.6542
G1 X113.9062 Y-245.7880
G1 X113.4443 Y-246.8274
G1 X113.5598 Y-244.5754
G1 X112.4049 Y-244.2867
G0 X110.3261 Y-245.4416 F15000.0
G3 X110.0951 Y-245.2106 I-0.6897 J-0.4587 F12000.0
G0 X107.9063 Y-248.1774 F15000.0
G1 X111.9851 Y-250.3461 F12000.0
G0 X110.0951 Y-250.9851 F15000.0
G1 X109.6909 Y-252.9484 F12000.0
G1 X108.4205 Y-252.6596
G1 X109.8641 Y-250.9851
G0 X114.0246 Y-251.4305 F15000.0
G1 X117.2876 Y-253.1655 F12000.0
G0 X119.1033 Y-250.9851 F15000.0
G1 X118.8723 Y-252.0245 F12000.0
G1 X120.2004 Y-250.6963
G1 X119.1033 Y-250.7541
G0 X116.3315 Y-248.4443 F15000.0
G1 X117.3709 Y-249.3682 F12000.0
G1 X117.1399 Y-249.8879
G1 X116.4470 Y-249.2527
G1 X116.6780 Y-252.6019
G1 X116.3315 Y-250.6963
G1 X115.8118 Y-252.3709
G1 X116.1005 Y-248.4443
G0 X114.9457 Y-248.6753 F15000.0
G1 X115.6963 Y-250.0034 F12000.0
G1 X114.9457 Y-248.9062
G0 X114.0217 Y-247.2894 F15000.0
G1 X115.2921 Y-248.3288 F12000.0
G1 X113.7908 Y-247.2894
G0 X113.3288 Y-247.5204 F15000.0
G1 X113.9640 Y-251.0428 F12000.0
G1 X114.8879 Y-250.6386
G1 X114.1950 Y-251.3315
G1 X114.1950 Y-252.4864
G1 X114.1372 Y-251.6780
G1 X112.1739 Y-250.5231
G1 X112.2317 Y-251.9090
G1 X112.3471 Y-251.4470
G1 X112.5204 Y-252.8329
G1 X111.8274 Y-252.6596
G1 X111.5965 Y-251.3315
G1 X110.7880 Y-252.5442
G1 X111.7697 Y-249.0217
G1 X112.8668 Y-250.4654
G1 X114.2527 Y-249.1372
G1 X113.0978 Y-247.5204
G0 X115.1766 Y-245.9035 F15000.0
G1 X118.4103 Y-247.0007 F12000.0
G1 X117.5442 Y-247.6359
G1 X115.4076 Y-246.1345
G0 X106.6304 Y-246.5965 F15000.0
G1 X106.3417 Y-247.4626 F12000.0
G1 X105.1291 Y-248.1556
G1 X106.4572 Y-250.3499
G1 X107.0924 Y-247.3471
G1 X107.6121 Y-249.2527
G1 X107.1501 Y-249.0795
G1 X105.8798 Y-251.8512
G1 X107.4966 Y-251.8512
G1 X106.8037 Y-251.1583
G1 X111.5387 Y-247.5204
G1 X110.9613 Y-247.1739
G1 X111.1923 Y-248.4443
G1 X109.1712 Y-250.6386
G1 X107.6121 Y-247.3471
G1 X106.3995 Y-246.8274
G0 X104.3207 Y-240.1291 F15000.0
G1 X103.2812 Y-242.2656 F12000.0
G1 X104.5516 Y-239.8981
G0 X102.4705 Y-240.6888 F15000.0
G1 X68.0043 Y-222.3629 F12000.0
G1 X102.2665 Y-240.5804 F12000.0
G0 X86.4152 Y-253.1726 F15000.0
G1 X68.0604 Y-243.4132 F12000.0
G0 X68.4683 Y-243.6301 F15000.0
G1 X86.4152 Y-253.1726 F12000.0
G0 X85.1232 Y-253.1425 F15000.0
G1 X67.9921 Y-244.0337 F12000.0
G0 X68.0593 Y-245.3833 F15000.0
G1 X65.4081 Y-243.9736 F12000.0
G0 X64.1304 Y-245.6726 F15000.0
G1 X65.1698 Y-247.5204 F12000.0
G1 X63.2065 Y-248.7330
G1 X59.6264 Y-248.3865
G1 X61.2432 Y-245.8458
G1 X64.3614 Y-245.9035
G0 X64.5924 Y-246.3655 F15000.0
G2 X64.5924 Y-246.5965 I-1.1701 J-0.1155 F12000.0
G0 X61.5897 Y-246.8274 F15000.0
G1 X61.0700 Y-248.2711 F12000.0
G1 X61.4164 Y-247.9246
G1 X60.6658 Y-247.6359
G1 X61.3587 Y-246.8274
G0 X59.5109 Y-244.7486 F15000.0
G1 X59.2799 Y-246.5965 F12000.0
G1 X60.0306 Y-245.9613
G1 X59.7418 Y-244.5177
G0 X59.7418 Y-242.2079 F15000.0
G1 X59.2221 Y-242.7276 F12000.0
G1 X60.6658 Y-242.5543
G1 X59.9728 Y-242.2079
G0 X60.9213 Y-241.5880 F15000.0
G1 X59.0859 Y-240.6120 F12000.0
G1 X59.8573 Y-241.4572 F12000.0
G1 X58.8179 Y-240.3601
G0 X62.7446 Y-241.9769 F15000.0
G1 X63.6685 Y-243.1318 F12000.0
G1 X61.1855 Y-243.9980
G1 X62.4558 Y-245.0374
G1 X63.4952 Y-245.0951
G1 X60.8390 Y-246.0190
G1 X58.9912 Y-248.7330
G1 X58.2982 Y-248.0401
G1 X58.1827 Y-247.1162
G1 X59.0489 Y-248.7908
G1 X62.2826 Y-251.3893
G1 X59.5686 Y-251.6780
G1 X61.4164 Y-250.9851
G1 X61.0700 Y-251.5048
G1 X61.4164 Y-250.4654
G1 X58.2405 Y-250.5808
G1 X58.5870 Y-251.7935
G1 X59.3954 Y-251.8512
G1 X61.6474 Y-252.3132
G1 X62.6868 Y-251.6202
G1 X64.0727 Y-252.6596
G1 X63.0333 Y-252.4287
G1 X63.6107 Y-250.6963
G1 X64.8811 Y-251.6202
G1 X65.1121 Y-249.3682
G1 X69.2697 Y-248.7908
G1 X67.0754 Y-248.3288
G1 X67.9993 Y-246.9429
G1 X69.0965 Y-247.7514
G1 X67.9993 Y-248.3865
G1 X70.1359 Y-247.6359
G1 X67.5374 Y-247.6359
G1 X65.1121 Y-249.1950
G1 X65.7473 Y-247.8668
G1 X66.7289 Y-247.6936
G1 X65.4586 Y-247.3471
G1 X66.0360 Y-246.7697
G1 X66.6135 Y-245.2106
G1 X67.3641 Y-246.3077
G1 X67.0754 Y-246.7120
G1 X69.2697 Y-245.6148
G1 X67.0177 Y-245.6726
G1 X64.8234 Y-245.3838
G1 X63.4952 Y-245.4993
G1 X64.8811 Y-243.4205
G1 X64.3037 Y-242.9008
G1 X64.7079 Y-243.8825
G1 X62.9755 Y-243.7670
G1 X62.9755 Y-241.9769
G0 X65.9783 Y-241.7459 F15000.0
G1 X65.3431 Y-244.1135 F12000.0
G1 X65.9783 Y-241.5149
G0 X69.4429 Y-246.1345 F15000.0
G1 X70.1359 Y-246.8852 F12000.0
G1 X69.9626 Y-246.2500
G1 X69.6739 Y-246.1345
G0 X71.2551 Y-245.7687 F15000.0
G1 X85.1232 Y-253.1425 F12000.0
G0 X83.8312 Y-253.1124 F15000.0
G1 X71.5947 Y-246.6062 F12000.0
G0 X71.7986 Y-246.7146 F15000.0
G1 X83.8312 Y-253.1124 F12000.0
G0 X82.5392 Y-253.0824 F15000.0
G1 X71.3224 Y-247.1183 F12000.0
G0 X71.5263 Y-247.2267 F15000.0
G1 X82.5392 Y-253.0824 F12000.0
G0 X81.4511 Y-253.1607 F15000.0
G1 X71.2540 Y-247.7388 F12000.0
G0 X71.4580 Y-247.8473 F15000.0
G1 X81.4511 Y-253.1607 F12000.0
G0 X80.1591 Y-253.1306 F15000.0
G1 X70.9817 Y-248.2509 F12000.0
G0 X71.5935 Y-248.5762 F15000.0
G1 X80.1591 Y-253.1306 F12000.0
G0 X78.8671 Y-253.1006 F15000.0
G1 X71.3213 Y-249.0884 F12000.0
G1 X78.8671 Y-253.1006 F12000.0
G0 X49.0838 Y-251.0592 F15000.0
G1 X47.8602 Y-250.4086 F12000.0
G0 X47.9620 Y-234.3546 F15000.0
G1 X48.7126 Y-235.2208 F12000.0
G1 X48.2507 Y-236.0870
G1 X48.6549 Y-234.7011
G1 X48.1929 Y-234.1236
G0 X19.5516 Y-203.1726 F15000.0
G2 X19.7826 Y-202.9416 I0.8538 J-0.6228 F12000.0
G0 X17.7038 Y-195.3193 F15000.0
G1 X18.0503 Y-196.7629 F12000.0
G1 X18.8587 Y-196.3587
G1 X20.0136 Y-198.3220
G1 X19.0319 Y-197.5136
G1 X17.9925 Y-198.6107
G1 X16.2024 Y-196.8207
G1 X13.9504 Y-197.1094
G1 X11.6406 Y-198.4952
G1 X13.4885 Y-198.7840
G1 X16.7799 Y-198.1488
G1 X10.6012 Y-200.0543
G1 X11.3519 Y-201.5557
G1 X10.8322 Y-201.0360
G1 X10.8899 Y-203.5768
G1 X9.0999 Y-204.5007
G1 X7.4253 Y-201.6135
G1 X7.1943 Y-202.7683
G1 X7.2520 Y-201.2092
G1 X6.2704 Y-199.4192
G1 X7.4253 Y-199.4192
G1 X7.7717 Y-200.5740
G1 X6.8478 Y-200.9783
G1 X8.3492 Y-201.9599
G1 X8.9266 Y-201.2092
G1 X9.3886 Y-201.4980
G1 X8.4069 Y-203.1148
G1 X11.1787 Y-202.9993
G1 X10.3125 Y-200.6895
G1 X9.3308 Y-200.7473
G1 X8.0605 Y-198.8417
G1 X8.9266 Y-196.0700
G1 X11.5251 Y-198.0333
G1 X13.1997 Y-196.8784
G1 X13.8927 Y-196.9939
G1 X14.7588 Y-195.9545
G1 X14.7588 Y-196.9939
G1 X17.4728 Y-195.0883
G0 X5.9239 Y-188.1590 F15000.0
G1 X6.1549 Y-190.9307 F12000.0
G1 X7.0211 Y-189.8913
G1 X6.4436 Y-191.1617
G1 X8.5802 Y-190.4110
G1 X8.9266 Y-191.2194
G1 X9.3308 Y-190.9307
G1 X6.7323 Y-190.7575
G1 X5.6352 Y-191.3349
G1 X5.9239 Y-187.9280
G0 X11.6984 Y-180.9986 F15000.0
G3 X11.4674 Y-180.7677 I-0.7127 J-0.4817 F12000.0
G0 X6.6168 Y-168.7568 F15000.0
G1 X5.7507 Y-171.6440 F12000.0
G1 X6.7323 Y-170.2004
G1 X6.5014 Y-172.1060
G1 X8.1182 Y-169.4497
G1 X7.7140 Y-169.8539
G1 X8.1760 Y-169.1610
G1 X8.7534 Y-171.1243
G1 X11.8139 Y-171.4708
G1 X7.7140 Y-171.7018
G1 X7.8872 Y-172.2792
G1 X5.4620 Y-171.0088
G1 X6.3859 Y-168.7568
G0 X4.9986 Y-167.1847 F15000.0
G1 X166.7243 Y-253.1758 F12000.0
G0 X165.2989 Y-249.5992 F15000.0
G1 X165.8186 Y-250.2921 F12000.0
G1 X165.6454 Y-251.3315
G1 X166.1651 Y-252.7174
G1 X164.9524 Y-250.3499
G1 X165.4144 Y-252.8906
G1 X164.0285 Y-252.1399
G1 X165.0679 Y-249.5992
G0 X165.8436 Y-247.4524 F15000.0
G1 X174.6131 Y-252.1152 F12000.0
G0 X172.9212 Y-251.2160 F15000.0
G1 X173.7874 Y-252.6019 F12000.0
G1 X174.0183 Y-250.9273
G1 X172.9212 Y-250.9851
G0 X170.1495 Y-250.5231 F15000.0
G1 X171.2466 Y-251.0428 F12000.0
G1 X167.0312 Y-251.1005
G1 X169.9185 Y-250.7541
G0 X174.5380 Y-248.2133 F15000.0
G1 X174.0183 Y-248.7330 F12000.0
G1 X174.0183 Y-249.7724
G1 X167.1467 Y-252.7751
G1 X167.8974 Y-251.7357
G1 X168.4171 Y-252.7751
G1 X169.2833 Y-252.7751
G1 X172.5747 Y-252.0822
G1 X172.6902 Y-250.8696
G1 X173.6719 Y-252.8906
G1 X174.0761 Y-250.8118
G1 X173.4409 Y-249.6569
G1 X174.5958 Y-249.5414
G1 X174.7690 Y-248.4443
G0 X174.7520 Y-246.9340 F15000.0
G1 X168.8377 Y-243.7893 F12000.0
G0 X168.5326 Y-243.8247 F15000.0
G3 X168.3016 Y-243.8247 I-0.1155 J-0.9293 F12000.0
G0 X167.8397 Y-242.4389 F15000.0
G1 X166.8580 Y-243.9980 F12000.0
G1 X167.4355 Y-244.2867
G1 X169.3410 Y-242.9008
G1 X168.8791 Y-242.4389
G1 X168.5326 Y-242.9008
G1 X168.0707 Y-242.2079
G0 X166.9158 Y-242.4389 F15000.0
G1 X167.4932 Y-242.5543 F12000.0
G1 X165.8764 Y-243.7092
G1 X166.6848 Y-242.4389
G0 X164.1440 Y-241.7459 F15000.0
G1 X164.3750 Y-244.4022 F12000.0
G1 X165.1834 Y-244.5754
G1 X164.3750 Y-245.7880
G1 X163.9130 Y-241.7459
G0 X162.1726 Y-245.5005 F15000.0
G1 X159.9293 Y-244.3077 F12000.0
G0 X158.7056 Y-243.6571 F15000.0
G1 X157.2780 Y-242.8980 F12000.0
G0 X158.3696 Y-247.2894 F15000.0
G1 X159.9287 Y-247.6936 F12000.0
G1 X159.1202 Y-248.9640
G1 X158.1386 Y-247.5204
G0 X159.7554 Y-248.4443 F15000.0
G1 X159.0625 Y-249.9457 F12000.0
G1 X160.4484 Y-249.0795
G1 X161.4878 Y-249.0795
G1 X159.9864 Y-248.2133
G0 X161.6033 Y-250.2921 F15000.0
G1 X160.9103 Y-251.3315 F12000.0
G1 X160.4484 Y-251.2738
G1 X161.8342 Y-250.2921
G0 X170.6114 Y-245.2106 F15000.0
G1 X168.3594 Y-247.0007 F12000.0
G1 X170.8424 Y-244.9796
G0 X173.1522 Y-245.6726 F15000.0
G1 X173.1522 Y-247.1739 F12000.0
G1 X168.3594 Y-249.3682
G1 X170.3804 Y-249.0795
G1 X171.5931 Y-250.0034
G1 X171.3043 Y-249.0795
G1 X172.8635 Y-248.7908
G1 X172.4015 Y-249.8302
G1 X172.4015 Y-246.8852
G1 X174.1338 Y-247.6359
G1 X174.1916 Y-246.7697
G1 X173.3832 Y-245.9035
G0 X168.9946 Y-240.1291 F15000.0
G1 X170.0340 Y-240.6488 F12000.0
G1 X168.7636 Y-240.1291
G0 X168.3016 Y-238.9742 F15000.0
G1 X167.8397 Y-240.3023 F12000.0
G1 X167.1467 Y-241.0530
G1 X169.2255 Y-241.8037
G1 X167.5510 Y-245.0951
G1 X166.4538 Y-243.9402
G1 X165.9341 Y-243.7092
G1 X166.9735 Y-241.8037
G1 X165.1834 Y-241.0530
G1 X166.2228 Y-241.3995
G1 X164.8947 Y-240.3023
G1 X166.3961 Y-240.2446
G1 X168.1284 Y-240.0713
G1 X168.0707 Y-238.9742
G0 X170.1495 Y-235.2785 F15000.0
G1 X169.3410 Y-237.9348 F12000.0
G1 X169.2833 Y-239.0319
G1 X170.2072 Y-238.8010
G1 X168.6481 Y-237.2996
G1 X169.1101 Y-236.6644
G1 X168.9368 Y-237.5306
G1 X169.9185 Y-235.0476
G0 X172.4592 Y-234.5856 F15000.0
G2 X172.4592 Y-234.3546 I0.7738 J0.1155 F12000.0
G0 X173.1522 Y-233.1997 F15000.0
G1 X174.4226 Y-235.5673 F12000.0
G1 X172.9789 Y-236.0292
G1 X174.3648 Y-236.7799
G1 X172.6325 Y-235.8560
G1 X172.6325 Y-234.0082
G1 X173.3254 Y-233.8349
G1 X173.1522 Y-232.9688
G0 X171.3043 Y-231.1209 F15000.0
G1 X171.4198 Y-231.8139 F12000.0
G1 X172.4015 Y-231.3519
G1 X171.3043 Y-230.8899
G0 X172.1097 Y-229.7636 F15000.0
G1 X169.2545 Y-228.2455 F12000.0
G0 X169.2255 Y-226.9633 F15000.0
G1 X166.5115 Y-227.9450 F12000.0
G1 X169.6875 Y-227.5985
G1 X169.2255 Y-226.7323
G0 X170.3804 Y-225.3465 F15000.0
G1 X172.2860 Y-226.6168 F12000.0
G1 X172.0550 Y-227.7717
G1 X172.4015 Y-228.2914
G1 X171.3621 Y-226.6746
G1 X172.0550 Y-226.3859
G1 X170.1495 Y-225.6929
G1 X170.3227 Y-226.7901
G1 X170.6114 Y-226.1549
G1 X170.1495 Y-225.1155
G0 X169.6875 Y-223.7296 F15000.0
G1 X169.0523 Y-225.1155 F12000.0
G1 X168.0707 Y-224.4803
G1 X169.6875 Y-223.4986
G0 X171.0734 Y-223.2677 F15000.0
G1 X173.3254 Y-223.3832 F12000.0
G1 X173.4986 Y-226.9056
G1 X173.0944 Y-226.3281
G1 X173.2099 Y-227.7140
G1 X172.8057 Y-225.5197
G1 X171.5353 Y-224.0761
G1 X172.9212 Y-224.5958
G1 X171.0734 Y-223.0367
G0 X173.8451 Y-228.1182 F15000.0
G1 X173.9606 Y-230.2548 F12000.0
G1 X174.5380 Y-233.1420
G1 X174.3071 Y-229.1576
G1 X174.0761 Y-228.3492
G0 X166.2228 Y-232.2758 F15000.0
G1 X165.7031 Y-233.4885 F12000.0
G1 X163.9130 Y-233.4885
G1 X167.7819 Y-233.3730
G1 X168.3594 Y-234.1814
G1 X166.5693 Y-233.5462
G1 X166.2228 Y-232.5068
G0 X167.1467 Y-234.3546 F15000.0
G2 X167.3777 Y-234.3546 I0.1155 J-0.9560 F12000.0
G0 X164.6060 Y-233.8927 F15000.0
G1 X165.8764 Y-235.3363 F12000.0
G1 X164.2595 Y-234.1236
G1 X163.3356 Y-235.3363
G1 X164.3750 Y-233.8927
G0 X162.5272 Y-232.9688 F15000.0
G1 X162.5272 Y-234.6433 F12000.0
G1 X161.7765 Y-234.7588
G1 X158.8315 Y-235.7405
G1 X160.2174 Y-237.2996
G1 X161.6610 Y-236.6644
G1 X161.7188 Y-235.6827
G1 X163.2201 Y-237.1264
G1 X162.9314 Y-236.0292
G1 X164.2018 Y-236.2024
G1 X164.7215 Y-235.5095
G1 X164.4905 Y-236.8954
G1 X165.5876 Y-237.9925
G1 X167.8397 Y-236.9531
G1 X167.3777 Y-237.9925
G1 X168.3594 Y-238.3390
G1 X165.9341 Y-237.4151
G1 X164.3173 Y-237.5306
G1 X165.4144 Y-239.1474
G1 X163.3933 Y-238.3390
G1 X163.7976 Y-239.1474
G1 X162.6427 Y-239.0897
G1 X162.7004 Y-241.6882
G1 X163.5666 Y-239.9558
G1 X162.7004 Y-241.3417
G1 X162.2962 Y-240.2446
G1 X161.4300 Y-242.3234
G1 X161.0836 Y-240.3601
G1 X163.1046 Y-245.0374
G1 X162.8736 Y-244.6909
G1 X163.4511 Y-244.6332
G1 X163.4511 Y-243.9402
G1 X161.6610 Y-247.5781
G1 X161.4878 Y-246.8852
G1 X161.0836 Y-246.0768
G1 X160.6793 Y-248.1556
G1 X164.2018 Y-246.7120
G1 X163.8553 Y-246.4810
G1 X164.7215 Y-246.8274
G1 X163.1046 Y-248.2711
G1 X163.7398 Y-248.3865
G1 X162.4694 Y-248.9640
G1 X164.8947 Y-248.2711
G1 X165.1257 Y-247.7514
G1 X166.5115 Y-244.9219
G1 X166.4538 Y-246.8852
G1 X166.9735 Y-247.6936
G1 X168.3016 Y-247.2317
G1 X167.7819 Y-246.8274
G1 X171.3043 Y-244.9796
G1 X168.9946 Y-247.5781
G1 X170.1495 Y-246.8274
G1 X167.6664 Y-248.7908
G1 X168.1284 Y-250.1189
G1 X167.4355 Y-249.2527
G1 X166.6848 Y-250.0611
G1 X166.2228 Y-249.5992
G1 X167.0890 Y-249.9457
G1 X167.2622 Y-248.6175
G1 X166.3383 Y-248.4443
G1 X166.1073 Y-247.1739
G1 X162.9314 Y-251.6780
G1 X163.1046 Y-249.2527
G1 X162.6427 Y-249.9457
G1 X161.8920 Y-248.7330
G1 X160.6793 Y-250.0034
G1 X161.1413 Y-249.7147
G1 X159.6399 Y-250.3499
G1 X158.4273 Y-250.1766
G1 X159.2357 Y-251.7357
G1 X158.3118 Y-250.5231
G1 X159.4667 Y-252.3709
G1 X159.8709 Y-251.2160
G1 X162.3539 Y-252.0245
G1 X159.9864 Y-252.2554
G1 X157.7921 Y-252.8329
G1 X158.9470 Y-249.0795
G1 X156.7527 Y-247.9823
G1 X157.3302 Y-247.5204
G1 X157.9654 Y-247.1162
G1 X160.6216 Y-246.7697
G1 X157.5034 Y-244.7486
G1 X157.5034 Y-243.3628
G1 X158.3696 Y-245.3838
G1 X159.5822 Y-245.6148
G1 X159.7554 Y-244.9796
G1 X160.7948 Y-246.4232
G1 X161.0258 Y-245.3838
G1 X162.4694 Y-245.1529
G1 X161.5455 Y-243.8247
G1 X160.2751 Y-244.5754
G1 X158.7738 Y-244.5177
G1 X158.5428 Y-244.0557
G1 X160.7948 Y-244.3444
G1 X160.3329 Y-241.9769
G1 X159.6399 Y-242.6698
G1 X157.8499 Y-241.1685
G1 X158.0231 Y-240.4755
G1 X154.6162 Y-241.8614
G1 X157.2724 Y-240.2446
G1 X156.9260 Y-240.4755
G1 X156.9260 Y-239.8404
G1 X156.2330 Y-240.2446
G1 X155.5978 Y-239.8981
G1 X154.6162 Y-240.9952
G1 X154.0965 Y-239.6094
G1 X153.2880 Y-242.4389
G1 X152.7106 Y-241.6882
G1 X154.9049 Y-243.7670
G1 X156.2330 Y-242.6698
G1 X158.8315 Y-246.1923
G1 X155.4246 Y-243.0740
G1 X156.3485 Y-247.3471
G1 X153.9232 Y-247.3471
G1 X155.0781 Y-251.5048
G1 X157.5034 Y-250.4076
G1 X155.6556 Y-250.7541
G1 X157.5034 Y-249.8879
G1 X157.3302 Y-251.2738
G1 X155.0204 Y-252.1977
G1 X156.2330 Y-252.6596
G1 X154.3274 Y-252.5442
G1 X152.9993 Y-251.7935
G1 X153.3458 Y-251.5625
G1 X152.0177 Y-251.2738
G1 X152.4219 Y-252.8906
G1 X152.1332 Y-250.6386
G1 X154.0387 Y-250.8118
G1 X154.0387 Y-248.5020
G1 X153.2880 Y-250.1189
G1 X151.0938 Y-251.1583
G1 X150.7473 Y-251.9667
G1 X151.2092 Y-252.1399
G1 X151.2092 Y-250.0611
G1 X149.3614 Y-250.8696
G1 X150.9205 Y-248.4443
G1 X150.1698 Y-246.5387
G1 X151.4402 Y-249.2527
G1 X153.3458 Y-249.4260
G1 X154.0387 Y-246.7697
G1 X155.4823 Y-246.6542
G1 X154.6739 Y-246.1345
G1 X156.1753 Y-246.9429
G1 X152.8261 Y-245.1529
G1 X152.4796 Y-248.6753
G1 X152.2486 Y-245.9035
G1 X152.2486 Y-244.4022
G1 X154.4429 Y-243.8825
G1 X153.0571 Y-243.4205
G1 X152.2486 Y-242.4966
G1 X150.0543 Y-244.6332
G1 X150.4008 Y-245.2106
G1 X148.3798 Y-246.4810
G1 X148.7262 Y-246.2500
G1 X150.1121 Y-244.9796
G1 X148.4375 Y-245.0374
G1 X147.3404 Y-243.9402
G1 X145.9545 Y-244.8064
G1 X147.8601 Y-248.9062
G1 X147.0516 Y-247.4626
G1 X147.5713 Y-247.1739
G1 X146.3587 Y-247.0007
G1 X146.3587 Y-246.2500
G1 X147.2249 Y-249.5414
G1 X146.8207 Y-248.5598
G1 X148.3220 Y-249.5414
G1 X147.5713 Y-250.5808
G1 X144.1644 Y-247.5781
G1 X143.4137 Y-247.3471
G1 X143.7602 Y-249.4260
G1 X143.5870 Y-250.4076
G1 X141.9124 Y-249.9457
G1 X141.6814 Y-251.2738
G1 X142.7785 Y-251.5048
G1 X141.3349 Y-250.0611
G1 X141.8546 Y-250.0611
G1 X140.8730 Y-249.2527
G1 X141.6236 Y-248.5598
G1 X140.5842 Y-247.4049
G1 X139.8913 Y-247.5781
G1 X141.9124 Y-246.3077
G1 X142.3743 Y-247.6936
G1 X142.7785 Y-245.6726
G1 X147.1094 Y-245.6726
G1 X145.2615 Y-244.6909
G1 X144.8573 Y-245.0374
G1 X146.2432 Y-242.8431
G1 X146.3010 Y-243.4783
G1 X146.8207 Y-242.4389
G1 X149.9966 Y-243.7092
G1 X147.6291 Y-242.2656
G1 X146.8207 Y-239.9558
G1 X149.0727 Y-238.2235
G1 X148.9572 Y-237.5883
G1 X150.3431 Y-237.4151
G1 X150.1121 Y-238.7432
G1 X150.6895 Y-238.2812
G1 X150.1121 Y-239.0319
G1 X148.3798 Y-240.4755
G1 X149.8234 Y-240.0136
G1 X148.3798 Y-241.1685
G1 X149.9389 Y-242.2656
G1 X152.0177 Y-242.4389
G1 X152.3641 Y-239.8981
G1 X153.2880 Y-240.3601
G1 X153.6923 Y-239.6094
G1 X153.2303 Y-239.3784
G1 X154.9049 Y-240.7065
G1 X155.0781 Y-238.9742
G1 X151.6135 Y-238.3967
G1 X152.4219 Y-238.1658
G1 X157.5611 Y-238.7432
G1 X155.7133 Y-235.9137
G1 X154.8471 Y-234.5279
G1 X155.5978 Y-234.5856
G1 X155.1359 Y-234.1236
G1 X156.9837 Y-237.2996
G1 X156.8682 Y-238.3390
G1 X158.5428 Y-239.2629
G1 X157.7921 Y-235.2208
G1 X161.6033 Y-234.7588
G1 X161.4300 Y-233.4885
G1 X158.8315 Y-234.7588
G1 X159.3512 Y-233.3152
G1 X158.6005 Y-234.2391
G1 X158.0808 Y-234.0082
G1 X159.6977 Y-233.5462
G1 X160.5639 Y-234.1814
G1 X162.2962 Y-232.7378
G0 X162.9891 Y-231.5829 F15000.0
G2 X162.9891 Y-231.3519 I0.8138 J0.1155 F12000.0
G0 X156.7527 Y-232.2758 F15000.0
G1 X157.8499 Y-233.3152 F12000.0
G1 X156.5217 Y-234.2969
G1 X157.1569 Y-234.4701
G1 X156.9837 Y-235.2785
G1 X156.3485 Y-233.4885
G1 X157.4457 Y-233.1420
G1 X156.5217 Y-232.2758
G0 X159.2935 Y-225.3465 F15000.0
G1 X159.0048 Y-227.0211 F12000.0
G1 X160.5639 Y-226.6168
G1 X159.2935 Y-225.1155
G0 X158.3696 Y-223.7296 F15000.0
G1 X158.2541 Y-224.8845 F12000.0
G1 X156.8682 Y-224.0761
G1 X156.5795 Y-225.2310
G1 X155.7133 Y-225.5197
G1 X156.9260 Y-225.8084
G1 X159.1780 Y-225.5197
G1 X158.6005 Y-223.4986
G0 X154.9049 Y-220.7269 F15000.0
G1 X155.6556 Y-222.1128 F12000.0
G1 X155.8288 Y-221.4198
G1 X153.8655 Y-222.6325
G1 X152.8838 Y-221.7663
G1 X154.5584 Y-222.6902
G1 X154.6739 Y-220.4959
G0 X145.2038 Y-220.0340 F15000.0
G1 X146.5319 Y-220.2649 F12000.0
G1 X146.7629 Y-221.0734
G1 X147.8023 Y-221.3043
G1 X148.0910 Y-220.6692
G1 X148.2065 Y-221.9973
G1 X146.1855 Y-221.6508
G1 X145.4925 Y-221.9395
G1 X144.9728 Y-220.2649
G0 X147.9755 Y-212.4117 F15000.0
G1 X147.8601 Y-213.8553 F12000.0
G1 X148.4952 Y-213.9130
G1 X147.9755 Y-212.1807
G0 X174.5380 Y-206.1753 F15000.0
G1 X173.1522 Y-207.6189 F12000.0
G1 X174.7690 Y-206.1753
G0 X152.5951 Y-244.5177 F15000.0
G3 X152.3641 Y-244.7486 I0.4033 J-0.6343 F12000.0
G0 X151.2092 Y-244.5177 F15000.0
G2 X151.2092 Y-244.2867 I0.9528 J0.1155 F12000.0
G0 X130.6522 Y-245.2106 F15000.0
G1 X130.6522 Y-248.6175 F12000.0
G1 X130.5367 Y-245.3838
G1 X130.2480 Y-245.9035
G1 X130.4212 Y-245.2106
G0 X129.0353 Y-245.9035 F15000.0
G1 X129.4395 Y-247.7514 F12000.0
G1 X128.7466 Y-246.1345
G1 X129.3240 Y-249.0795
G1 X127.3607 Y-247.9246
G1 X128.8043 Y-247.9246
G1 X128.8043 Y-245.9035
G0 X126.7255 Y-248.6753 F15000.0
G1 X125.7439 Y-249.4837 F12000.0
G1 X124.8200 Y-249.3682
G1 X125.4552 Y-250.5808
G1 X126.6101 Y-251.2738
G1 X124.0693 Y-252.0245
G1 X123.8383 Y-249.8879
G1 X124.1848 Y-252.9484
G1 X124.1270 Y-249.7724
G1 X124.4735 Y-252.4864
G1 X128.9776 Y-252.3709
G1 X129.4395 Y-251.3315
G1 X131.8648 Y-251.7935
G1 X130.5944 Y-252.9484
G1 X132.6155 Y-251.7935
G1 X132.7887 Y-252.7751
G1 X132.7310 Y-250.8118
G1 X133.2507 Y-250.8696
G1 X131.2296 Y-250.9273
G1 X131.1719 Y-250.5231
G1 X129.7860 Y-251.5048
G1 X129.7860 Y-250.1766
G1 X127.6495 Y-250.6386
G1 X129.6128 Y-250.2344
G1 X127.9382 Y-252.0822
G1 X128.4579 Y-251.1583
G1 X126.7833 Y-251.3893
G1 X127.1875 Y-248.9640
G1 X126.2058 Y-250.2921
G1 X125.2242 Y-249.2527
G1 X126.7255 Y-248.9062
G0 X95.0815 Y-219.5720 F15000.0
G1 X92.0211 Y-226.2126 F12000.0
G1 X95.0815 Y-219.3410
G0 X96.0054 Y-215.8764 F15000.0
G1 X95.8322 Y-217.7242 F12000.0
G1 X96.0054 Y-215.6454
G0 X96.4674 Y-215.6454 F15000.0
G1 X97.2758 Y-223.6719 F12000.0
G1 X98.7194 Y-220.0917
G1 X96.9871 Y-223.3254
G1 X96.4674 Y-215.8764
G0 X34.3342 Y-193.4715 F15000.0
G1 X34.5075 Y-195.2615 F12000.0
G1 X34.3342 Y-193.2405
G0 X6.1549 Y-166.4470 F15000.0
G1 X9.5041 Y-166.9090 F12000.0
G1 X9.1576 Y-167.8906
G1 X10.6012 Y-169.1033
G1 X9.0999 Y-168.8145
G1 X7.7717 Y-167.8329
G1 X7.5408 Y-168.3526
G1 X7.0211 Y-167.4864
G1 X7.7140 Y-168.1793
G1 X7.4830 Y-166.6202
G1 X5.9239 Y-166.2160
G0 X10.3125 Y-126.0258 F15000.0
G1 X10.1393 Y-127.6427 F12000.0
G1 X17.2418 Y-129.8370
G1 X15.8560 Y-129.6060
G1 X16.8954 Y-130.2989
G1 X10.5435 Y-126.0258
G0 X24.4022 Y-123.0231 F15000.0
G1 X26.4810 Y-125.9103 F12000.0
G1 X27.7514 Y-126.4300
G1 X28.4443 Y-127.5272
G1 X24.8064 Y-124.6977
G1 X25.4993 Y-126.2568
G1 X17.4151 Y-124.0625
G1 X24.5177 Y-125.4484
G1 X24.4022 Y-122.7921
G0 X27.8668 Y-115.4008 F15000.0
G1 X26.5387 Y-125.3329 F12000.0
G1 X27.8668 Y-115.1698
G0 X29.5083 Y-115.1846 F15000.0
G1 X30.7320 Y-115.8353 F12000.0
G0 X30.6386 Y-128.5666 F15000.0
G1 X30.5231 Y-131.8580 F12000.0
G1 X29.6569 Y-129.8947
G1 X32.0822 Y-133.1861
G1 X32.4864 Y-133.0129
G1 X31.4470 Y-132.3777
G1 X32.0245 Y-131.5115
G1 X32.0822 Y-130.7031
G1 X34.5652 Y-130.4144
G1 X34.7385 Y-129.5482
G1 X31.3315 Y-129.3750
G1 X32.6019 Y-130.5299
G1 X30.9273 Y-130.5299
G1 X30.8696 Y-128.5666
G0 X40.8016 Y-76.3655 F15000.0
G2 X41.0326 Y-76.3655 I0.1155 J-0.9528 F12000.0
G0 X23.7092 Y-69.4361 F15000.0
G1 X26.3077 Y-69.7826 F12000.0
G1 X23.4783 Y-69.2052
G0 X21.1685 Y-69.6671 F15000.0
G1 X23.1895 Y-70.5910 F12000.0
G1 X23.7670 Y-70.9375
G1 X20.9375 Y-69.4361
G0 X18.8587 Y-62.0448 F15000.0
G1 X18.3967 Y-64.0659 F12000.0
G1 X21.5149 Y-63.1997
G1 X21.2840 Y-64.1236
G1 X18.5122 Y-64.2969
G1 X18.6277 Y-62.0448
G0 X18.8587 Y-61.1209 F15000.0
G1 X22.6121 Y-61.9871 F12000.0
G1 X19.0897 Y-61.1209
G0 X22.7389 Y-61.0047 F15000.0
G1 X4.9959 Y-51.5706 F12000.0
G0 X4.9265 Y-54.1612 F15000.0
G1 X13.0841 Y-58.4987 F12000.0
G0 X14.2383 Y-61.7400 F15000.0
G1 X5.0609 Y-56.8603 F12000.0
G0 X5.0654 Y-48.9799 F15000.0
G1 X19.7492 Y-56.7875 F12000.0
G0 X6.4796 Y-73.3800 F15000.0
G1 X5.0520 Y-72.6209 F12000.0
G0 X7.3098 Y-74.7486 F15000.0
G1 X5.4042 Y-75.2683 F12000.0
G1 X8.9266 Y-75.3261
G1 X10.3125 Y-77.6359
G1 X12.2181 Y-76.3655
G1 X17.7615 Y-77.8091
G1 X20.4178 Y-76.6542
G1 X23.3628 Y-77.6936
G1 X21.7459 Y-78.0401
G1 X24.5754 Y-77.9246
G1 X25.0951 Y-76.7120
G1 X25.6726 Y-76.8852
G1 X24.4599 Y-77.1162
G1 X23.8247 Y-77.9823
G1 X19.5516 Y-76.8274
G1 X17.4728 Y-77.7514
G1 X12.0448 Y-76.3655
G1 X9.7928 Y-77.4626
G1 X8.4069 Y-74.9796
G1 X7.5408 Y-74.9796
G0 X5.6929 Y-76.3655 F15000.0
G1 X5.1732 Y-77.3471 F12000.0
G1 X7.0211 Y-76.4810
G1 X5.6929 Y-76.5965
G0 X50.7337 Y-57.8872 F15000.0
G1 X53.8519 Y-58.6957 F12000.0
G1 X52.4083 Y-62.7955
G1 X54.1406 Y-60.1970
G1 X54.4871 Y-58.6379
G1 X55.0068 Y-58.7534
G1 X50.9647 Y-58.1182
G0 X53.7364 Y-38.7160 F15000.0
G2 X53.9674 Y-38.7160 I0.1155 J-0.6132 F12000.0
G0 X51.4266 Y-37.3302 F15000.0
G1 X51.9463 Y-39.2935 F12000.0
G1 X50.9069 Y-40.6793
G1 X51.6576 Y-40.3906
G1 X55.2378 Y-41.6610
G1 X55.9307 Y-40.8526
G1 X57.3166 Y-39.7554
G1 X56.3349 Y-39.2357
G1 X58.0673 Y-40.2174
G1 X58.9334 Y-39.2935
G1 X61.0122 Y-40.3906
G1 X60.8967 Y-39.6399
G1 X62.5136 Y-39.9864
G1 X62.0516 Y-39.8132
G1 X62.3981 Y-40.2751
G1 X59.8573 Y-41.4878
G1 X60.6658 Y-40.5061
G1 X58.5292 Y-40.2751
G1 X59.6264 Y-43.1624
G1 X59.3954 Y-42.3539
G1 X58.0673 Y-44.5482
G1 X59.5686 Y-44.6060
G1 X58.5292 Y-44.0863
G1 X59.0489 Y-42.8736
G1 X50.7914 Y-40.8526
G1 X50.9069 Y-38.7738
G1 X50.3872 Y-37.9654
G1 X51.4266 Y-37.0992
G0 X80.2989 Y-62.2758 F15000.0
G1 X82.2622 Y-64.1236 F12000.0
G1 X80.5299 Y-62.2758
G0 X83.3016 Y-62.9688 F15000.0
G1 X86.1889 Y-64.5279 F12000.0
G1 X86.1889 Y-65.5673
G1 X90.1732 Y-65.5673
G1 X93.9266 Y-63.0265
G1 X89.3071 Y-65.5673
G1 X86.1889 Y-64.8743
G1 X85.3227 Y-63.7194
G1 X83.5326 Y-62.9688
G0 X82.8397 Y-68.0503 F15000.0
G1 X83.0707 Y-68.8587 F12000.0
G1 X81.4538 Y-69.1474
G1 X82.6087 Y-68.0503
G0 X77.2962 Y-66.4334 F15000.0
G1 X74.9864 Y-67.9348 F12000.0
G1 X74.5822 Y-67.5306
G1 X76.5455 Y-67.4728
G1 X77.0652 Y-66.4334
G0 X77.2962 Y-65.5095 F15000.0
G1 X78.2201 Y-67.2418 F12000.0
G1 X81.1073 Y-68.5700
G1 X79.7792 Y-66.6067
G1 X81.8580 Y-67.8770
G1 X84.7452 Y-66.1447
G1 X84.1101 Y-67.5306
G1 X84.1678 Y-65.9715
G1 X82.7819 Y-67.0686
G1 X79.4327 Y-66.6644
G1 X77.5272 Y-65.5095
G0 X92.0788 Y-67.5883 F15000.0
G1 X91.7901 Y-67.9348 F12000.0
G1 X93.7534 Y-67.9925
G1 X92.3098 Y-67.5883
G0 X96.0054 Y-66.2024 F15000.0
G1 X96.5251 Y-67.2996 F12000.0
G1 X94.7928 Y-67.4151
G1 X96.9871 Y-67.9925
G1 X94.6196 Y-68.1080
G1 X93.6957 Y-68.8010
G1 X92.5985 Y-68.5700
G1 X91.7323 Y-69.4361
G1 X93.2337 Y-68.4545
G1 X93.6379 Y-69.0319
G1 X98.6617 Y-67.7615
G1 X96.6984 Y-67.0686
G1 X96.2364 Y-66.2024
G0 X98.0842 Y-64.3546 F15000.0
G1 X99.0659 Y-67.0686 F12000.0
G1 X96.1209 Y-65.4518
G1 X93.2337 Y-67.2996
G1 X87.6902 Y-68.6855
G1 X85.9579 Y-68.2235
G1 X88.0367 Y-69.3784
G1 X90.6352 Y-68.8587
G1 X85.2649 Y-69.0897
G1 X87.1128 Y-69.2629
G1 X85.2649 Y-68.2235
G1 X84.5720 Y-68.7432
G1 X95.1970 Y-66.1447
G1 X96.1787 Y-65.4518
G1 X98.8349 Y-65.9137
G1 X98.0842 Y-64.1236
G0 X97.6223 Y-62.7378 F15000.0
G1 X99.4701 Y-63.4885 F12000.0
G1 X94.8505 Y-63.4885
G1 X93.3492 Y-64.8166
G1 X95.6590 Y-63.1420
G1 X97.3913 Y-62.5068
G0 X100.3940 Y-64.1236 F15000.0
G3 X100.6250 Y-64.3546 I1.3660 J1.1350 F12000.0
G0 X103.6277 Y-67.1264 F15000.0
G1 X102.3573 Y-68.2235 F12000.0
G1 X101.8954 Y-68.1080
G1 X103.6277 Y-67.3573
G0 X107.2625 Y-63.9057 F15000.0
G1 X114.4004 Y-67.7010 F12000.0
G0 X108.4783 Y-59.0421 F15000.0
G1 X110.0951 Y-60.5435 F12000.0
G1 X108.5938 Y-59.7351
G1 X109.4022 Y-60.7745
G1 X108.2473 Y-59.0421
G0 X102.7038 Y-59.0421 F15000.0
G1 X103.5700 Y-60.3125 F12000.0
G1 X103.9164 Y-60.0815
G1 X104.1474 Y-60.8899
G1 X104.8404 Y-61.5251
G1 X104.3207 Y-61.8139
G1 X104.6671 Y-61.0632
G1 X103.5122 Y-61.2364
G1 X102.9925 Y-63.3152
G1 X101.5489 Y-62.9688
G1 X103.9164 Y-64.1236
G1 X105.6488 Y-62.6223
G1 X105.2446 Y-61.8716
G1 X107.3811 Y-62.3913
G1 X106.4572 Y-61.3519
G1 X105.2446 Y-62.3913
G1 X105.4178 Y-63.1997
G1 X104.2052 Y-63.8349
G1 X106.6882 Y-63.8349
G1 X106.5149 Y-62.4490
G1 X106.6882 Y-64.0082
G1 X103.2812 Y-65.2208
G1 X103.1080 Y-64.4124
G1 X101.9531 Y-65.2208
G1 X103.9742 Y-66.4912
G1 X105.2446 Y-66.3179
G1 X104.2629 Y-68.3390
G1 X105.6488 Y-67.0686
G1 X99.5856 Y-66.4334
G1 X99.4701 Y-65.9137
G1 X100.3363 Y-65.9137
G1 X99.0659 Y-64.2969
G1 X102.4728 Y-66.5489
G1 X102.9348 Y-66.3179
G1 X100.3363 Y-64.0082
G1 X101.7221 Y-63.7772
G1 X102.5883 Y-61.8139
G1 X103.4545 Y-60.7167
G1 X102.7038 Y-58.8111
G0 X102.9348 Y-55.5774 F15000.0
G1 X103.0503 Y-58.2914 F12000.0
G1 X105.8220 Y-59.7351
G1 X103.1658 Y-55.5774
G0 X92.7717 Y-59.2731 F15000.0
G1 X96.2942 Y-62.1026 F12000.0
G1 X92.5408 Y-59.2731
G0 X108.0163 Y-117.9416 F15000.0
G1 X109.0557 Y-122.6766 F12000.0
G1 X108.2473 Y-118.1726
G0 X105.7065 Y-119.0965 F15000.0
G1 X103.5700 Y-121.5795 F12000.0
G1 X102.8770 Y-120.8288
G1 X100.7982 Y-120.6556
G1 X103.2235 Y-120.9443
G1 X104.3207 Y-122.7921
G1 X103.5122 Y-124.4667
G1 X105.0713 Y-121.6950
G1 X103.9742 Y-121.6950
G1 X105.7065 Y-119.3274
