$X
$1=255
G21
G90
G0 Z0.0000 F800.0
G4 P0.06
G92 Z0.0000
G0 Z0.0000 F800.0
G0 X0.0000 Y0.0000 F15000.0
G21
G90
G17
G91.1
G0 Z0.0000
G0 X72.9866 Y-240.4954 F15000.0
G1 Z11.2001 F700.0
G1 Z12.0001 F180.0
G4 P0.06
G1 X72.9866 Y-233.6995 F12000.0
G1 X38.9243 Y-233.6995
G1 X72.3705 Y-233.6418 F12000.0
G1 X72.9491 Y-233.6860
G1 X72.9882 Y-234.1420
G1 X72.9882 Y-240.4075
G1 Z9.0001 F700.0
G1 Z8.5001 F220.0
G4 P0.06
G0 X67.4581 Y-238.4366 F15000.0
G1 Z11.1695 F700.0
G1 Z11.9695 F180.0
G4 P0.06
G1 X67.3539 Y-238.1866 F12000.0
G1 X67.1802 Y-237.6876
G1 X66.8496 Y-236.8001
G1 X66.7227 Y-236.4363
G1 X66.6178 Y-236.1006
G1 X66.5613 Y-235.9415
G1 X66.5152 Y-235.8341
G1 X66.4618 Y-235.7335
G1 X66.3999 Y-235.6421
G1 X66.3388 Y-235.5734
G1 X66.2815 Y-235.5245
G1 X66.2299 Y-235.5979
G1 X66.1809 Y-235.6952
G1 X66.1416 Y-235.8019
G1 X66.1060 Y-235.9312
G1 X65.9832 Y-236.5314
G1 X65.9650 Y-236.5994
G1 X65.9464 Y-236.6451
G1 X65.9224 Y-236.6820
G1 X65.8918 Y-236.7067
G1 X65.8518 Y-236.7179
G1 X65.8101 Y-236.7140
G1 X65.7676 Y-236.6976
G1 X65.7250 Y-236.6715
G1 X65.6698 Y-236.6265
G1 X65.5166 Y-236.4658
G1 X64.8863 Y-235.8347
G1 X64.8042 Y-235.7586
G1 X64.7423 Y-235.7123
G1 X64.6743 Y-235.6757
G1 X64.6137 Y-235.6547
G1 X64.5460 Y-235.6421
G1 X64.5518 Y-235.7512
G1 X64.5705 Y-235.8763
G1 X64.6042 Y-236.0172
G1 X64.6481 Y-236.1577
G1 X64.7176 Y-236.3432
G1 X64.8763 Y-236.7312
G1 X64.9949 Y-237.0463
G1 X65.2669 Y-237.8044
G1 X65.3930 Y-238.1742
G1 X65.4561 Y-238.3237
G1 X65.5166 Y-238.4366
G1 X63.4576 Y-238.4366 F5000.0
G1 X62.9778 Y-237.0540 F12000.0
G1 X62.6454 Y-236.2305
G1 X62.2809 Y-235.2891
G1 X63.7517 Y-235.2891 F5000.0
G1 X63.8121 Y-235.4020 F12000.0
G1 X63.8689 Y-235.5356
G1 X64.0058 Y-235.9350
G1 X64.1222 Y-236.2332
G1 X64.1628 Y-236.3562
G1 X64.1866 Y-236.4644
G1 X64.1935 Y-236.5579
G1 X64.1836 Y-236.6524
G1 X64.1559 Y-236.7430
G1 X64.1095 Y-236.8249
G1 X64.0559 Y-236.8829
G1 X63.9879 Y-236.9278
G1 X63.8988 Y-236.9561
G1 X63.7732 Y-236.9660
G1 X63.0164 Y-236.9658
G1 X64.5165 Y-235.6127 F5000.0
G1 X64.3694 Y-235.3479 F12000.0
G1 Z8.9695 F700.0
G1 Z8.4695 F220.0
G4 P0.06
G0 X60.9670 Y-237.3482 F15000.0
G1 Z11.1466 F700.0
G1 Z11.9466 F180.0
G4 P0.06
G1 X61.0569 Y-237.5991 F12000.0
G1 X61.1181 Y-237.7510
G1 X61.1798 Y-237.8817
G1 X61.2503 Y-238.0043
G1 X61.3224 Y-238.1047
G1 X61.4052 Y-238.1954
G1 X61.5003 Y-238.2751
G1 X61.5950 Y-238.3344
G1 X61.7345 Y-238.3949
G1 X61.8835 Y-238.4332
G1 X62.0422 Y-238.4500
G1 X62.2086 Y-238.4427
G1 X62.3369 Y-238.4153
G1 X62.3966 Y-238.3932
G1 X62.4521 Y-238.3651
G1 X62.5363 Y-238.3000
G1 X62.5751 Y-238.2531
G1 X62.5991 Y-238.2129
G1 X62.6320 Y-238.1191
G1 X62.6422 Y-238.0081
G1 X62.6289 Y-237.8834
G1 X62.5968 Y-237.7567
G1 X62.5525 Y-237.6301
G1 X62.4217 Y-237.3038
G1 X62.1746 Y-236.5819
G1 X62.0745 Y-236.3051
G1 X61.9509 Y-236.0053
G1 X61.8319 Y-235.7629
G1 X61.7545 Y-235.6457
G1 X61.6587 Y-235.5348
G1 X61.5478 Y-235.4368
G1 X61.4396 Y-235.3656
G1 X61.3250 Y-235.3145
G1 X61.2100 Y-235.2851
G1 X61.0513 Y-235.2604
G1 X60.8991 Y-235.2536
G1 X60.7816 Y-235.2628
G1 X60.6859 Y-235.2834
G1 X60.5980 Y-235.3180
G1 X60.5211 Y-235.3683
G1 X60.4584 Y-235.4365
G1 X60.4193 Y-235.5084
G1 X60.3977 Y-235.5811
G1 X60.3898 Y-235.6708
G1 X60.4031 Y-235.7967
G1 X60.4473 Y-235.9585
G1 X60.6046 Y-236.3516
G1 X60.9670 Y-237.3482
G1 X58.9078 Y-237.3482 F5000.0
G1 X58.9978 Y-237.5991 F12000.0
G1 X59.0590 Y-237.7510
G1 X59.1207 Y-237.8817
G1 X59.1912 Y-238.0043
G1 X59.2634 Y-238.1047
G1 X59.3461 Y-238.1954
G1 X59.4412 Y-238.2751
G1 X59.5360 Y-238.3344
G1 X59.6755 Y-238.3949
G1 X59.8244 Y-238.4332
G1 X59.9832 Y-238.4500
G1 X60.1495 Y-238.4427
G1 X60.2777 Y-238.4153
G1 X60.3376 Y-238.3932
G1 X60.3931 Y-238.3651
G1 X60.4772 Y-238.3000
G1 X60.5160 Y-238.2531
G1 X60.5400 Y-238.2129
G1 X60.5729 Y-238.1191
G1 X60.5831 Y-238.0081
G1 X60.5698 Y-237.8834
G1 X60.5377 Y-237.7567
G1 X60.4934 Y-237.6301
G1 X60.3627 Y-237.3038
G1 X60.1156 Y-236.5819
G1 X60.0154 Y-236.3051
G1 X59.8918 Y-236.0053
G1 X59.7728 Y-235.7629
G1 X59.6954 Y-235.6457
G1 X59.5996 Y-235.5348
G1 X59.4888 Y-235.4368
G1 X59.3806 Y-235.3656
G1 X59.2659 Y-235.3145
G1 X59.1509 Y-235.2851
G1 X58.9923 Y-235.2604
G1 X58.8400 Y-235.2536
G1 X58.7226 Y-235.2628
G1 X58.6268 Y-235.2834
G1 X58.5389 Y-235.3180
G1 X58.4620 Y-235.3683
G1 X58.3993 Y-235.4365
G1 X58.3602 Y-235.5084
G1 X58.3386 Y-235.5811
G1 X58.3307 Y-235.6708
G1 X58.3440 Y-235.7967
G1 X58.3882 Y-235.9585
G1 X58.5455 Y-236.3516
G1 X58.9078 Y-237.3482
G1 Z8.9466 F700.0
G1 Z8.4466 F220.0
G4 P0.06
G0 X56.2899 Y-237.3482 F15000.0
G1 Z11.1497 F700.0
G1 Z11.9497 F180.0
G4 P0.06
G1 X56.3799 Y-237.5991 F12000.0
G1 X56.4411 Y-237.7510
G1 X56.5028 Y-237.8817
G1 X56.5734 Y-238.0043
G1 X56.6455 Y-238.1047
G1 X56.7282 Y-238.1954
G1 X56.8233 Y-238.2751
G1 X56.9180 Y-238.3344
G1 X57.0575 Y-238.3949
G1 X57.2065 Y-238.4332
G1 X57.3652 Y-238.4500
G1 X57.5316 Y-238.4427
G1 X57.6598 Y-238.4153
G1 X57.7196 Y-238.3932
G1 X57.7751 Y-238.3651
G1 X57.8593 Y-238.3000
G1 X57.8981 Y-238.2531
G1 X57.9220 Y-238.2129
G1 X57.9549 Y-238.1191
G1 X57.9651 Y-238.0081
G1 X57.9518 Y-237.8834
G1 X57.9197 Y-237.7567
G1 X57.8755 Y-237.6301
G1 X57.7447 Y-237.3038
G1 X57.4976 Y-236.5819
G1 X57.3975 Y-236.3051
G1 X57.2739 Y-236.0053
G1 X57.1549 Y-235.7629
G1 X57.0774 Y-235.6457
G1 X56.9816 Y-235.5348
G1 X56.8708 Y-235.4368
G1 X56.7626 Y-235.3656
G1 X56.6479 Y-235.3145
G1 X56.5329 Y-235.2851
G1 X56.3742 Y-235.2604
G1 X56.2219 Y-235.2536
G1 X56.1045 Y-235.2628
G1 X56.0088 Y-235.2834
G1 X55.9209 Y-235.3180
G1 X55.8440 Y-235.3683
G1 X55.7814 Y-235.4365
G1 X55.7422 Y-235.5084
G1 X55.7206 Y-235.5811
G1 X55.7127 Y-235.6708
G1 X55.7260 Y-235.7967
G1 X55.7702 Y-235.9585
G1 X55.9276 Y-236.3516
G1 X56.2899 Y-237.3482
G1 X55.7219 Y-237.4289 F5000.0
G1 X55.6205 Y-237.2087 F12000.0
G1 X55.5783 Y-237.1423
G1 X55.5276 Y-237.0787
G1 X55.4610 Y-237.0100
G1 X55.3883 Y-236.9479
G1 X55.1638 Y-236.7899
G1 X55.1305 Y-236.7555
G1 X55.1045 Y-236.7158
G1 X55.0894 Y-236.6714
G1 X55.0894 Y-236.6106
G1 X55.1049 Y-236.5488
G1 X55.1482 Y-236.4241
G1 X55.1590 Y-236.3632
G1 X55.1521 Y-236.2588
G1 X55.1335 Y-236.1513
G1 X55.0886 Y-235.9952
G1 X55.0234 Y-235.8414
G1 X54.9393 Y-235.6957
G1 X54.8487 Y-235.5760
G1 X54.7450 Y-235.4715
G1 X54.6428 Y-235.3947
G1 X54.5319 Y-235.3362
G1 X54.4283 Y-235.3021
G1 X54.2411 Y-235.2693
G1 X54.1329 Y-235.2671
G1 X54.0746 Y-235.2765
G1 X54.0066 Y-235.2970
G1 X53.9625 Y-235.3178
G1 X53.9126 Y-235.3521
G1 X53.8721 Y-235.3934
G1 X53.8405 Y-235.4406
G1 X53.8173 Y-235.4933
G1 X53.7990 Y-235.5653
G1 X53.7915 Y-235.6428
G1 X53.7937 Y-235.7244
G1 X53.8045 Y-235.8084
G1 X53.8227 Y-235.8934
G1 X53.8526 Y-235.9945
G1 X53.8961 Y-236.1077
G1 X53.9459 Y-236.2122
G1 X54.0063 Y-236.3152
G1 X54.0378 Y-236.3596
G1 X54.0798 Y-236.4045
G1 X54.2856 Y-236.5849
G1 X54.3254 Y-236.6343
G1 X54.3518 Y-236.6872
G1 X54.3589 Y-236.7423
G1 X54.3444 Y-236.7986
G1 X54.3153 Y-236.8561
G1 X54.2326 Y-236.9897
G1 X54.1999 Y-237.0663
G1 X54.1923 Y-237.1285
G1 X54.2019 Y-237.2219
G1 X54.2460 Y-237.3758
G1 X54.3441 Y-237.6514
G1 X54.4062 Y-237.8032
G1 X54.5020 Y-237.9856
G1 X54.5536 Y-238.0626
G1 X54.6107 Y-238.1345
G1 X54.7197 Y-238.2411
G1 X54.8348 Y-238.3211
G1 X54.9681 Y-238.3841
G1 X55.1035 Y-238.4243
G1 X55.2275 Y-238.4375
G1 X55.5257 Y-238.4361
G1 X55.6182 Y-238.4203
G1 X55.7176 Y-238.3760
G1 X55.7951 Y-238.3160
G1 X55.8487 Y-238.2443
G1 X55.8812 Y-238.1628
G1 X55.8962 Y-238.0583
G1 X55.8909 Y-237.9468
G1 X55.8653 Y-237.8152
G1 X55.8195 Y-237.6677
G1 X55.7461 Y-237.4841
G1 X55.7219 Y-237.4289
G1 X55.0741 Y-236.7011 F5000.0
G1 X54.3976 Y-236.7305 F12000.0
G1 Z8.9497 F700.0
G1 Z8.4497 F220.0
G4 P0.06
G0 X51.6129 Y-237.3482 F15000.0
G1 Z11.1769 F700.0
G1 Z11.9769 F180.0
G4 P0.06
G1 X51.7029 Y-237.5991 F12000.0
G1 X51.7641 Y-237.7510
G1 X51.8258 Y-237.8817
G1 X51.8963 Y-238.0043
G1 X51.9684 Y-238.1047
G1 X52.0512 Y-238.1954
G1 X52.1462 Y-238.2751
G1 X52.2410 Y-238.3344
G1 X52.3804 Y-238.3949
G1 X52.5294 Y-238.4332
G1 X52.6882 Y-238.4500
G1 X52.8545 Y-238.4427
G1 X52.9827 Y-238.4153
G1 X53.0425 Y-238.3932
G1 X53.0981 Y-238.3651
G1 X53.1821 Y-238.3000
G1 X53.2210 Y-238.2531
G1 X53.2450 Y-238.2129
G1 X53.2779 Y-238.1191
G1 X53.2880 Y-238.0081
G1 X53.2747 Y-237.8834
G1 X53.2426 Y-237.7567
G1 X53.1984 Y-237.6301
G1 X53.0676 Y-237.3038
G1 X52.8205 Y-236.5819
G1 X52.7204 Y-236.3051
G1 X52.5969 Y-236.0053
G1 X52.4777 Y-235.7629
G1 X52.4004 Y-235.6457
G1 X52.3045 Y-235.5348
G1 X52.1937 Y-235.4368
G1 X52.0855 Y-235.3656
G1 X51.9708 Y-235.3145
G1 X51.8558 Y-235.2851
G1 X51.6971 Y-235.2604
G1 X51.5449 Y-235.2536
G1 X51.4275 Y-235.2628
G1 X51.3317 Y-235.2834
G1 X51.2438 Y-235.3180
G1 X51.1669 Y-235.3683
G1 X51.1042 Y-235.4365
G1 X51.0651 Y-235.5084
G1 X51.0434 Y-235.5811
G1 X51.0357 Y-235.6708
G1 X51.0489 Y-235.7967
G1 X51.0932 Y-235.9585
G1 X51.2505 Y-236.3516
G1 X51.6129 Y-237.3482
G1 X49.5244 Y-237.3482 F5000.0
G1 X49.6143 Y-237.5991 F12000.0
G1 X49.6756 Y-237.7510
G1 X49.7373 Y-237.8817
G1 X49.8078 Y-238.0043
G1 X49.8799 Y-238.1047
G1 X49.9627 Y-238.1954
G1 X50.0577 Y-238.2751
G1 X50.1525 Y-238.3344
G1 X50.2919 Y-238.3949
G1 X50.4409 Y-238.4332
G1 X50.5996 Y-238.4500
G1 X50.7660 Y-238.4427
G1 X50.8942 Y-238.4153
G1 X50.9540 Y-238.3932
G1 X51.0096 Y-238.3651
G1 X51.0936 Y-238.3000
G1 X51.1325 Y-238.2531
G1 X51.1565 Y-238.2129
G1 X51.1894 Y-238.1191
G1 X51.1995 Y-238.0081
G1 X51.1862 Y-237.8834
G1 X51.1541 Y-237.7567
G1 X51.1099 Y-237.6301
G1 X50.9791 Y-237.3038
G1 X50.7320 Y-236.5819
G1 X50.6318 Y-236.3051
G1 X50.5084 Y-236.0053
G1 X50.3892 Y-235.7629
G1 X50.3119 Y-235.6457
G1 X50.2160 Y-235.5348
G1 X50.1052 Y-235.4368
G1 X49.9970 Y-235.3656
G1 X49.8823 Y-235.3145
G1 X49.7673 Y-235.2851
G1 X49.6086 Y-235.2604
G1 X49.4564 Y-235.2536
G1 X49.3390 Y-235.2628
G1 X49.2432 Y-235.2834
G1 X49.1553 Y-235.3180
G1 X49.0784 Y-235.3683
G1 X49.0157 Y-235.4365
G1 X48.9766 Y-235.5084
G1 X48.9549 Y-235.5811
G1 X48.9472 Y-235.6708
G1 X48.9604 Y-235.7967
G1 X49.0046 Y-235.9585
G1 X49.1619 Y-236.3516
G1 X49.5244 Y-237.3482
G1 X46.9358 Y-237.3482 F5000.0
G1 X47.0258 Y-237.5991 F12000.0
G1 X47.0870 Y-237.7510
G1 X47.1486 Y-237.8817
G1 X47.2192 Y-238.0043
G1 X47.2914 Y-238.1047
G1 X47.3740 Y-238.1954
G1 X47.4692 Y-238.2751
G1 X47.5638 Y-238.3344
G1 X47.7033 Y-238.3949
G1 X47.8523 Y-238.4332
G1 X48.0110 Y-238.4500
G1 X48.1775 Y-238.4427
G1 X48.3057 Y-238.4153
G1 X48.3654 Y-238.3932
G1 X48.4210 Y-238.3651
G1 X48.5050 Y-238.3000
G1 X48.5439 Y-238.2531
G1 X48.5679 Y-238.2129
G1 X48.6007 Y-238.1191
G1 X48.6110 Y-238.0081
G1 X48.5976 Y-237.8834
G1 X48.5655 Y-237.7567
G1 X48.5214 Y-237.6301
G1 X48.3905 Y-237.3038
G1 X48.1434 Y-236.5819
G1 X48.0432 Y-236.3051
G1 X47.9198 Y-236.0053
G1 X47.8007 Y-235.7629
G1 X47.7233 Y-235.6457
G1 X47.6275 Y-235.5348
G1 X47.5167 Y-235.4368
G1 X47.4085 Y-235.3656
G1 X47.2938 Y-235.3145
G1 X47.1787 Y-235.2851
G1 X47.0200 Y-235.2604
G1 X46.8678 Y-235.2536
G1 X46.7504 Y-235.2628
G1 X46.6547 Y-235.2834
G1 X46.5667 Y-235.3180
G1 X46.4899 Y-235.3683
G1 X46.4271 Y-235.4365
G1 X46.3880 Y-235.5084
G1 X46.3664 Y-235.5811
G1 X46.3585 Y-235.6708
G1 X46.3719 Y-235.7967
G1 X46.4160 Y-235.9585
G1 X46.5734 Y-236.3516
G1 X46.9358 Y-237.3482
G1 X46.6319 Y-238.4366 F5000.0
G1 X46.2872 Y-238.4357 F12000.0
G1 X46.0470 Y-238.4187
G1 X45.9389 Y-238.4009
G1 X45.8490 Y-238.3788
G1 X45.7621 Y-238.3494
G1 X45.6924 Y-238.3186
G1 X45.6122 Y-238.2731
G1 X45.5488 Y-238.2275
G1 X45.4769 Y-238.1625
G1 X45.4209 Y-238.0992
G1 X45.3687 Y-238.0269
G1 X45.3183 Y-237.9400
G1 X45.2782 Y-237.8536
G1 X45.2327 Y-237.7344
G1 X45.1103 Y-237.3745
G1 X45.0847 Y-237.2766
G1 X45.0683 Y-237.1774
G1 X45.0660 Y-237.0799
G1 X45.0780 Y-237.0020
G1 X45.1058 Y-236.9291
G1 X45.1411 Y-236.8755
G1 X45.1885 Y-236.8276
G1 X45.2551 Y-236.7823
G1 X45.3121 Y-236.7573
G1 X45.3872 Y-236.7375
G1 X45.5304 Y-236.7254
G1 X45.8754 Y-236.7324
G1 X45.9692 Y-236.7213
G1 X46.0435 Y-236.7011
G1 X45.7020 Y-235.6715
G1 X45.5116 Y-235.2875
G1 X45.1611 Y-235.2597
G1 X44.3375 Y-235.2597
G1 Z8.9769 F700.0
G1 Z8.4769 F220.0
G4 P0.06
G0 X51.4847 Y-221.4671 F15000.0
G1 Z11.2095 F700.0
G1 Z12.0095 F180.0
G4 P0.06
G1 X74.5931 Y-221.4671 F12000.0
G1 X62.9359 Y-214.7536
G1 X67.2610 Y-217.2660
G1 X66.4371 Y-216.7718 F5000.0
G1 X67.3021 Y-214.4653 F12000.0
G1 X67.4669 Y-214.8360
G1 X67.8376 Y-214.8360
G1 X67.4669 Y-214.8771 F12000.0
G1 X67.7965 Y-214.9184 F12000.0
G1 X67.4258 Y-214.9595 F12000.0
G1 X67.7141 Y-215.0007 F12000.0
G1 X67.3434 Y-215.0831 F12000.0
G1 X67.4143 Y-214.8488 F12000.0
G1 X67.5359 Y-214.6831
G1 X67.6586 Y-214.4398
G1 X67.7564 Y-214.2186
G1 X67.9867 Y-213.6678
G1 X68.2437 Y-213.0928
G1 X68.4635 Y-212.5682
G1 X68.6956 Y-211.9767
G1 X68.9531 Y-211.2731
G1 X69.2201 Y-210.4905
G1 X69.3128 Y-210.1632
G1 X69.4345 Y-209.6583
G1 X69.6717 Y-208.7189
G1 X69.8901 Y-207.7921
G1 X70.0724 Y-206.9157
G1 X70.2293 Y-206.0351
G1 X70.3115 Y-205.5054
G1 X70.3891 Y-204.9424
G1 X70.4999 Y-203.9750
G1 X70.5846 Y-202.9887
G1 X70.6125 Y-202.5675
G1 X70.6451 Y-201.9351
G1 X70.6635 Y-201.3527
G1 X70.6358 Y-200.9504
G1 X70.6301 Y-200.3498
G1 X70.6084 Y-199.6057
G1 X70.5544 Y-198.6220
G1 X70.4855 Y-197.7675
G1 X70.4216 Y-197.1381
G1 X70.3367 Y-196.4788
G1 X70.2226 Y-195.7581
G1 X70.0787 Y-194.9930
G1 X69.9390 Y-194.3427
G1 X69.7692 Y-193.6324
G1 X69.5670 Y-192.8633
G1 X69.3850 Y-192.2233
G1 X69.2453 Y-191.7572
G1 X68.9466 Y-190.8149
G1 X68.8319 Y-190.4775
G1 X68.7105 Y-190.1426
G1 X68.6168 Y-189.9009
G1 X68.5263 Y-189.7032
G1 X68.4803 Y-189.5815
G1 X68.4637 Y-189.5146
G1 X68.4586 Y-189.4682
G1 X68.4612 Y-189.4267
G1 X68.4731 Y-189.3913
G1 X68.5146 Y-189.3531
G1 X68.5453 Y-189.3437
G1 X68.5966 Y-189.3388
G1 X69.5703 Y-189.3416
G1 X71.1906 Y-189.3351
G1 X72.6973 Y-189.3496
G1 X74.8217 Y-189.3364
G1 X82.3424 Y-189.3419
G1 X73.8516 Y-181.0216 F12000.0
G1 X74.2825 Y-180.7232 F12000.0
G1 X74.5931 Y-180.6097 F5000.0
G1 X51.4847 Y-180.6097 F12000.0
G1 X52.4561 Y-180.5761 F12000.0
G1 X52.8028 Y-183.0398 F12000.0
G1 X52.4733 Y-182.7926
G1 X52.1438 Y-183.0398
G1 X52.4733 Y-180.6097
G1 X52.4733 Y-221.4671
G1 X52.1438 Y-219.0370
G1 X52.4733 Y-219.2841
G1 X52.8028 Y-219.0370
G1 X52.4733 Y-221.4671
G1 X52.4856 Y-220.0518 F12000.0
G1 X52.4758 Y-219.4636
G1 X52.3115 Y-219.2576
G1 X52.1620 Y-219.0223
G1 X52.4733 Y-219.2841 F5000.0
G1 X52.8028 Y-219.2841 F12000.0
G1 X52.4733 Y-219.3254 F12000.0
G1 X52.4848 Y-180.8944 F12000.0
G1 X52.4870 Y-180.6765
G1 X52.4975 Y-180.6326
G1 X52.5133 Y-180.6078
G1 X52.5745 Y-180.5752
G1 X52.6732 Y-180.5656
G1 X52.8679 Y-180.5761
G1 X73.4883 Y-180.5761
G1 X73.8879 Y-180.5621
G1 X73.9994 Y-180.5657
G1 X74.0912 Y-180.5766
G1 X74.1569 Y-180.5918
G1 X74.3179 Y-180.6460
G1 X74.3594 Y-180.6532
G1 X74.4017 Y-180.6528
G1 X74.4769 Y-180.6296
G1 X74.5568 Y-180.5726
G1 X74.5913 Y-180.5193
G1 X74.6072 Y-180.4422
G1 X74.6061 Y-177.0463
G1 X74.6002 Y-176.8883
G1 X74.6112 Y-176.7961
G1 X74.6316 Y-176.7520
G1 X74.6524 Y-176.7290
G1 X74.7061 Y-176.7014
G1 X74.7866 Y-176.6909
G1 X78.9596 Y-176.6933
G1 X79.2008 Y-176.6849
G1 X79.3271 Y-176.6937
G1 X79.3929 Y-176.7153
G1 X79.4171 Y-176.7341
G1 X79.4463 Y-176.7836
G1 X79.4561 Y-176.8285
G1 X79.4608 Y-180.4186
G1 X79.4694 Y-180.4793
G1 X79.4954 Y-180.5305
G1 X79.5179 Y-180.5508
G1 X79.5488 Y-180.5664
G1 X79.6205 Y-180.5843
G1 X79.7520 Y-180.5916
G1 X80.0479 Y-180.5761
G1 X103.3451 Y-180.5761
G1 X103.5553 Y-180.5867
G1 X103.6250 Y-180.5834
G1 X103.6875 Y-180.5710
G1 X103.7373 Y-180.5458
G1 X103.7653 Y-180.5135
G1 X103.7850 Y-180.4560
G1 X103.7899 Y-180.3910
G1 X103.7864 Y-180.2820
G1 X103.8157 Y-165.7213
G1 X103.7976 Y-180.6097
G1 X115.0428 Y-180.6097
G1 X103.9923 Y-180.5761 F12000.0
G1 X103.8076 Y-180.6202
G1 X103.7864 Y-180.8115
G1 X103.7864 Y-184.9002
G1 X103.7593 Y-185.2826
G1 X103.7864 Y-187.6065
G1 X103.7864 Y-221.3462
G1 X104.1099 Y-221.4050 F12000.0
G1 X115.0525 Y-221.4050
G1 X103.7976 Y-221.4671 F12000.0
G1 X103.7976 Y-185.0991
G1 X102.3147 Y-186.5406
G1 X102.3147 Y-201.0384
G1 X102.3147 Y-174.8847
G1 X102.3147 Y-186.5406
G1 X86.2914 Y-186.5406
G1 X86.2914 Y-185.0167
G1 X86.2914 Y-201.0384
G1 X86.2914 Y-186.5406
G1 X102.3156 Y-186.4886 F12000.0
G1 X102.3156 Y-200.9023
G1 X104.7451 Y-201.0384 F5000.0
G1 X99.3902 Y-201.0384 F12000.0
G1 X101.5061 Y-200.9906 F12000.0
G1 X101.8113 Y-201.0058
G1 X101.9477 Y-201.0072
G1 X102.0636 Y-200.9985
G1 X102.1569 Y-200.9802
G1 X102.2418 Y-200.9491
G1 X102.3156 Y-200.9023
G1 X102.3800 Y-200.9444
G1 X102.4517 Y-200.9733
G1 X102.5450 Y-200.9936
G1 X102.6437 Y-201.0019
G1 X103.0215 Y-200.9905
G1 X104.7570 Y-200.9905
G1 X105.5513 Y-201.0494 F5000.0
G1 X105.3887 Y-201.2252 F12000.0
G1 X105.3317 Y-201.3007
G1 X105.2899 Y-201.3668
G1 X105.2546 Y-201.4365
G1 X105.2268 Y-201.5101
G1 X105.2075 Y-201.5883
G1 X105.1992 Y-201.6563
G1 X105.2007 Y-201.7276
G1 X105.2135 Y-201.7934
G1 X105.2364 Y-201.8530
G1 X105.2683 Y-201.9061
G1 X105.3083 Y-201.9519
G1 X105.3679 Y-201.9983
G1 X105.4364 Y-202.0317
G1 X105.4962 Y-202.0481
G1 X105.5592 Y-202.0549
G1 X105.6079 Y-202.0533
G1 X105.7073 Y-202.0320
G1 X105.8142 Y-201.9816
G1 X105.9323 Y-201.8978
G1 X106.0401 Y-201.7991
G1 X106.2889 Y-201.5460
G1 X106.7763 Y-201.0339
G1 X107.1461 Y-200.6565
G1 X107.2869 Y-200.5344
G1 X107.3279 Y-200.5113
G1 X107.3715 Y-200.5003
G1 X107.4161 Y-200.5081
G1 X107.4585 Y-200.5657
G1 X107.4657 Y-200.6153
G1 X107.4618 Y-201.1152
G1 X107.4525 Y-201.2443
G1 X107.4339 Y-201.3729
G1 X107.1397 Y-201.8436 F5000.0
G1 X106.2279 Y-203.0497 F12000.0
G1 X106.2866 Y-202.1966 F5000.0
G1 X106.6985 Y-202.4613 F12000.0
G1 X107.0809 Y-202.6966
G1 X107.4339 Y-203.9909 F5000.0
G1 X107.4525 Y-203.8623 F12000.0
G1 X107.4618 Y-203.7332
G1 X107.4657 Y-203.2333
G1 X107.4585 Y-203.1837
G1 X107.4161 Y-203.1261
G1 X107.3715 Y-203.1183
G1 X107.3279 Y-203.1293
G1 X107.2869 Y-203.1524
G1 X107.1461 Y-203.2744
G1 X106.7763 Y-203.6519
G1 X106.2889 Y-204.1640
G1 X106.0401 Y-204.4171
G1 X105.9323 Y-204.5157
G1 X105.8142 Y-204.5996
G1 X105.7073 Y-204.6500
G1 X105.6079 Y-204.6713
G1 X105.5592 Y-204.6729
G1 X105.4962 Y-204.6661
G1 X105.4364 Y-204.6496
G1 X105.3679 Y-204.6163
G1 X105.3083 Y-204.5699
G1 X105.2683 Y-204.5241
G1 X105.2364 Y-204.4710
G1 X105.2135 Y-204.4114
G1 X105.2007 Y-204.3456
G1 X105.1992 Y-204.2743
G1 X105.2075 Y-204.2063
G1 X105.2268 Y-204.1281
G1 X105.2546 Y-204.0545
G1 X105.2899 Y-203.9848
G1 X105.3317 Y-203.9187
G1 X105.3887 Y-203.8432
G1 X105.5513 Y-203.6674
G1 Z9.0095 F700.0
G1 Z8.5095 F220.0
G4 P0.06
G0 X106.2279 Y-200.0786 F15000.0
G1 Z11.2143 F700.0
G1 Z12.0143 F180.0
G4 P0.06
G1 X106.3218 Y-200.1642 F12000.0
G1 X106.3893 Y-200.2051
G1 X106.4346 Y-200.2200
G1 X106.4809 Y-200.2274
G1 X106.5750 Y-200.2241
G1 X106.7135 Y-200.1909
G1 X106.9562 Y-200.1036
G1 X107.0992 Y-200.0332
G1 X107.2154 Y-199.9532
G1 X107.2844 Y-199.8886
G1 X107.3450 Y-199.8132
G1 X107.3962 Y-199.7257
G1 X107.4294 Y-199.6396
G1 X107.4503 Y-199.5466
G1 X107.4627 Y-199.4328
G1 X107.4633 Y-199.0786
G1 X107.4339 Y-198.6667 F5000.0
G1 X106.2279 Y-199.0965 F12000.0
G1 X105.1689 Y-199.4904
G1 X105.4631 Y-199.3139 F5000.0
G1 X105.4802 Y-199.2529 F12000.0
G1 X105.5116 Y-199.1813
G1 X105.5438 Y-199.1274
G1 X105.5914 Y-199.0636
G1 X105.7043 Y-198.9457
G1 X105.9656 Y-198.7200
G1 X106.1219 Y-198.5706
G1 X106.1664 Y-198.5177
G1 X106.1918 Y-198.4757
G1 X106.2058 Y-198.4328
G1 X106.2002 Y-198.3758
G1 X106.1631 Y-198.3319
G1 X106.1202 Y-198.3103
G1 X105.7253 Y-198.2201
G1 X105.6153 Y-198.1891
G1 X105.4970 Y-198.1397
G1 X105.4042 Y-198.0785
G1 X106.0513 Y-197.7728
G1 X107.4633 Y-197.2548
G1 Z9.0143 F700.0
G1 Z8.5143 F220.0
G4 P0.06
G0 X106.2279 Y-199.9022 F15000.0
G1 Z11.1420 F700.0
G1 Z11.9420 F180.0
G4 P0.06
G1 X106.2303 Y-200.0071 F12000.0
G1 X106.2227 Y-200.0509
G1 X106.2114 Y-200.0786
G1 X106.1571 Y-200.1512
G1 X106.0194 Y-200.2825
G1 X105.8769 Y-200.3904
G1 X105.7412 Y-200.4670
G1 X105.6142 Y-200.5137
G1 X105.5036 Y-200.5297
G1 X105.4126 Y-200.5197
G1 X105.3415 Y-200.4913
G1 X105.2773 Y-200.4426
G1 X105.2321 Y-200.3796
G1 X105.2056 Y-200.3061
G1 X105.1932 Y-200.2255
G1 X105.1910 Y-200.1245
G1 X105.1983 Y-199.9316
G1 Z8.9420 F700.0
G1 Z8.4420 F220.0
G4 P0.06
G0 X110.4343 Y-200.2846 F15000.0
G1 Z11.1589 F700.0
G1 Z11.9589 F180.0
G4 P0.06
G1 X112.7287 Y-198.7256 F12000.0
G1 X112.1697 Y-199.1080 F5000.0
G1 X112.0872 Y-199.0097 F12000.0
G1 X112.0185 Y-198.9457
G1 X111.9365 Y-198.8976
G1 X111.8590 Y-198.8755
G1 X111.7657 Y-198.8690
G1 X111.6567 Y-198.8847
G1 X111.5496 Y-198.9218
G1 X111.4468 Y-198.9761
G1 X111.3375 Y-199.0541
G1 X111.2402 Y-199.1432
G1 X111.1497 Y-199.2491
G1 X111.0909 Y-199.3408
G1 X111.0463 Y-199.4446
G1 X111.0174 Y-199.5534
G1 X110.9995 Y-199.6815
G1 X110.9931 Y-199.8433
G1 X111.0736 Y-200.0265 F12000.0
G1 X111.1430 Y-200.0879
G1 X111.2319 Y-200.1346
G1 X111.3258 Y-200.1598
G1 X111.4195 Y-200.1638
G1 X111.5272 Y-200.1454
G1 X111.6317 Y-200.1058
G1 X111.7450 Y-200.0397
G1 X111.8619 Y-199.9460
G1 X111.9747 Y-199.8281
G1 X112.0762 Y-199.6896
G1 X112.1447 Y-199.5610
G1 X112.1850 Y-199.4397
G1 X112.1970 Y-199.3317
G1 X112.1916 Y-199.2705
G1 X112.1809 Y-199.2252
G1 X112.1404 Y-199.1373
G1 X112.6992 Y-200.9318 F5000.0
G1 X112.2286 Y-201.0788 F12000.0
G1 X111.6697 Y-201.3141 F12000.0
G1 X112.1992 Y-201.4318 F5000.0
G1 X112.1697 Y-200.4610 F12000.0
G1 X110.4637 Y-201.4024
G1 X110.8167 Y-202.4319 F5000.0
G1 X110.6540 Y-202.6077 F12000.0
G1 X110.5971 Y-202.6832
G1 X110.5554 Y-202.7493
G1 X110.5200 Y-202.8190
G1 X110.4922 Y-202.8926
G1 X110.4729 Y-202.9709
G1 X110.4645 Y-203.0389
G1 X110.4661 Y-203.1102
G1 X110.4789 Y-203.1759
G1 X110.5018 Y-203.2356
G1 X110.5337 Y-203.2887
G1 X110.5737 Y-203.3345
G1 X110.6333 Y-203.3809
G1 X110.7018 Y-203.4142
G1 X110.7615 Y-203.4306
G1 X110.8246 Y-203.4374
G1 X110.8733 Y-203.4359
G1 X110.9727 Y-203.4145
G1 X111.0795 Y-203.3642
G1 X111.1976 Y-203.2802
G1 X111.3055 Y-203.1817
G1 X111.5543 Y-202.9285
G1 X112.0416 Y-202.4165
G1 X112.4115 Y-202.0389
G1 X112.5523 Y-201.9169
G1 X112.5933 Y-201.8939
G1 X112.6369 Y-201.8829
G1 X112.6814 Y-201.8907
G1 X112.7239 Y-201.9482
G1 X112.7311 Y-201.9979
G1 X112.7272 Y-202.4978
G1 X112.7179 Y-202.6269
G1 X112.6992 Y-202.7555
G1 Z8.9589 F700.0
G1 Z8.4589 F220.0
G4 P0.06
G0 X108.6693 Y-206.0206 F15000.0
G1 Z11.1724 F700.0
G1 Z11.9724 F180.0
G4 P0.06
G1 X108.6693 Y-185.8709 F12000.0
G1 X108.6302 Y-185.4918
G1 X108.3164 Y-185.4297
G1 X103.8157 Y-185.4297
G1 X103.5803 Y-185.3384 F12000.0
G1 X103.4698 Y-185.4035
G1 X103.3655 Y-185.4766
G1 X103.2544 Y-185.5671
G1 X103.0685 Y-185.7439
G1 X102.7220 Y-186.1115
G1 X102.4268 Y-186.3745
G1 X102.3156 Y-186.4886
G1 X102.3700 Y-186.2923 F12000.0
G1 X102.3441 Y-186.2379
G1 X102.3252 Y-186.1792
G1 X102.3101 Y-186.1009
G1 X102.3010 Y-185.9343
G1 X102.3149 Y-185.6213
G1 X102.3170 Y-185.4346
G1 X102.3019 Y-185.3447
G1 X102.2646 Y-185.2771
G1 X101.8018 Y-184.8003
G1 X101.1382 Y-184.1340
G1 X99.3003 Y-182.3243
G1 X98.0797 Y-181.1056
G1 X97.8935 Y-180.9269
G1 X97.8182 Y-180.8439
G1 X97.7632 Y-180.7669
G1 X97.7207 Y-180.6828
G1 X97.6973 Y-180.6055
G1 X102.8914 Y-185.9640 F12000.0
G1 X102.4921 Y-185.4886 F12000.0
G1 X102.5728 Y-185.4493
G1 X102.6658 Y-185.4240
G1 X102.7667 Y-185.4124
G1 X102.8707 Y-185.4141
G1 X102.9733 Y-185.4287
G1 X103.0701 Y-185.4560
G1 X103.1563 Y-185.4957
G1 X103.2275 Y-185.5473
G1 X86.2914 Y-185.4697 F12000.0
G1 X109.6468 Y-185.4697
G1 X103.3857 Y-185.4697
G1 X102.4627 Y-185.4591 F5000.0
G1 X101.5801 Y-185.4297 F12000.0
G1 X99.3740 Y-185.4297
G1 X99.0210 Y-185.4886
G1 X94.5793 Y-181.0762 F12000.0
G1 X94.4170 Y-180.9197
G1 X94.3452 Y-180.8367
G1 X94.2964 Y-180.7584
G1 X94.2687 Y-180.6861
G1 X94.2557 Y-180.6055
G1 X100.0080 Y-186.5406 F12000.0
G1 X99.8213 Y-186.3818 F12000.0
G1 X99.7864 Y-186.3101
G1 X99.7422 Y-186.2434
G1 X99.6798 Y-186.1686
G1 X99.1980 Y-185.6975
G1 X99.1117 Y-185.6062
G1 X99.0100 Y-185.4869
G1 X98.9611 Y-185.4490
G1 X98.9027 Y-185.4269
G1 X98.8551 Y-185.4226
G1 X98.6165 Y-185.4308
G1 X95.8458 Y-185.4275
G1 X95.7691 Y-185.4329
G1 X95.7094 Y-185.4447
G1 X95.6513 Y-185.4655
G1 X95.6088 Y-185.4886
G1 X91.1965 Y-181.1056 F12000.0
G1 X90.8141 Y-180.6055
G1 X96.5891 Y-186.5406 F12000.0
G1 X96.4090 Y-186.3818 F12000.0
G1 X96.3742 Y-186.3101
G1 X96.3300 Y-186.2434
G1 X96.2676 Y-186.1686
G1 X95.7858 Y-185.6975
G1 X95.6994 Y-185.6062
G1 X95.5978 Y-185.4869
G1 X95.5489 Y-185.4490
G1 X95.4905 Y-185.4269
G1 X95.4429 Y-185.4226
G1 X95.2043 Y-185.4308
G1 X92.3747 Y-185.4275
G1 X92.2981 Y-185.4329
G1 X92.2384 Y-185.4447
G1 X92.1803 Y-185.4655
G1 X92.1378 Y-185.4886
G1 X87.6961 Y-181.0762 F12000.0
G1 X87.5337 Y-180.9197
G1 X87.4618 Y-180.8367
G1 X87.4132 Y-180.7584
G1 X87.3855 Y-180.6861
G1 X87.3724 Y-180.6055
G1 X93.1291 Y-186.5406 F12000.0
G1 X92.9392 Y-186.3846 F12000.0
G1 X92.8982 Y-186.3009
G1 X92.8447 Y-186.2226
G1 X92.7820 Y-186.1488
G1 X92.3177 Y-185.7002
G1 X92.2283 Y-185.6062
G1 X92.1268 Y-185.4869
G1 X92.0640 Y-185.4416
G1 X92.0062 Y-185.4242
G1 X91.9431 Y-185.4205
G1 X91.7847 Y-185.4297
G1 X89.2551 Y-185.4297
G1 X89.3261 Y-185.6779
G1 X89.3564 Y-185.8293
G1 X89.3639 Y-185.9593
G1 X89.3577 Y-186.0201
G1 X89.3433 Y-186.0768
G1 X88.8162 Y-185.6062
G1 X88.6374 Y-185.4353
G1 X88.4314 Y-185.4297
G1 X86.3135 Y-185.4297
G1 X86.2914 Y-185.0167 F5000.0
G1 X82.3782 Y-185.0167 F12000.0
G1 X82.3782 Y-170.5190
G1 X82.3782 Y-189.3825
G1 X82.3782 Y-185.0167
G1 X82.3782 Y-201.0384
G1 X82.3782 Y-189.3825
G1 X62.9359 Y-189.3825
G1 X62.9359 Y-214.7536
G1 X62.9359 Y-189.3825
G1 X56.0981 Y-189.3825
G1 X68.0464 Y-189.3419 F12000.0
G1 X68.2720 Y-189.3208
G1 X68.2432 Y-189.0864
G1 X67.6640 Y-188.5477
G1 X65.7814 Y-186.6652
G1 X65.3467 Y-186.2239
G1 X65.1342 Y-186.0645
G1 X64.8402 Y-186.2239
G1 X63.3399 Y-187.0950
G1 X62.9943 Y-187.3418
G1 X62.9575 Y-187.7536
G1 X62.9575 Y-214.1981
G1 X62.9851 Y-214.6958
G1 X63.2223 Y-214.8690
G1 X73.3706 Y-220.7169
G1 X74.3119 Y-221.2873
G1 X74.2433 Y-221.3402
G1 X74.1592 Y-221.3802
G1 X74.0720 Y-221.4004
G1 X73.9652 Y-221.4073
G1 X51.4855 Y-221.4050
G1 Z8.9724 F700.0
G1 Z8.4724 F220.0
G4 P0.06
G0 X66.4285 Y-216.6985 F15000.0
G1 Z11.2429 F700.0
G1 Z12.0429 F180.0
G4 P0.06
G1 X67.3543 Y-215.0226 F12000.0
G1 X67.8405 Y-214.7276
G1 X67.3698 Y-214.8747 F5000.0
G1 X67.3111 Y-214.4629 F12000.0
G1 X67.4669 Y-214.8360
G1 X67.8788 Y-214.7536
G1 X66.4371 Y-216.7718
G1 X67.5082 Y-214.7536
G1 X68.4143 Y-212.6943
G1 X69.1969 Y-210.5526
G1 X69.7736 Y-208.3284
G1 X70.2267 Y-206.1043
G1 X70.5151 Y-203.8391
G1 X70.6386 Y-201.5738
G1 X70.5975 Y-199.3086
G1 X70.3915 Y-197.0433
G1 X70.0208 Y-194.7779
G1 X69.4853 Y-192.5951
G1 X68.7851 Y-190.4122
G1 X67.9612 Y-188.3117
G1 X66.9315 Y-186.2523
G1 X66.4371 Y-185.3462
G1 X67.3021 Y-187.6527
G1 X67.4669 Y-187.2819
G1 X67.8699 Y-187.2829
G1 X67.7251 Y-187.1906
G1 X67.6481 Y-187.1526
G1 X67.5684 Y-187.1217
G1 X67.5044 Y-187.1045
G1 X67.4418 Y-187.0958
G1 X67.3823 Y-187.0974
G1 X67.3404 Y-187.1064
G1 X67.5684 Y-187.4594
G1 X68.1167 Y-188.6360
G1 X68.2524 Y-189.0184
G1 X68.4555 Y-189.3825 F5000.0
G1 X65.1602 Y-186.0875 F12000.0
G1 X66.0168 Y-185.5418 F12000.0
G1 X66.4579 Y-185.3415
G1 X67.8788 Y-187.3232
G1 X67.4669 Y-187.2819
G1 X67.8788 Y-187.2819
G1 X67.1786 Y-187.2408 F12000.0
G1 X67.7965 Y-187.1996 F12000.0
G1 X67.1374 Y-187.1584 F12000.0
G1 X67.7553 Y-187.1172 F12000.0
G1 X67.0962 Y-187.0760 F12000.0
G1 X67.6729 Y-187.0349 F12000.0
G1 X67.0550 Y-186.9937 F12000.0
G1 X67.6317 Y-186.9525 F12000.0
G1 X67.0880 Y-186.5181 F12000.0
G1 X66.7210 Y-185.8121
G1 X66.4957 Y-185.3129
G1 X66.6933 Y-185.1470
G1 X67.3698 Y-184.7825
G1 X71.8744 Y-189.3825 F12000.0
G1 X71.6952 Y-189.2230 F12000.0
G1 X71.6431 Y-189.1243
G1 X71.5760 Y-189.0314
G1 X71.4767 Y-188.9197
G1 X70.0882 Y-187.5286
G1 X67.3698 Y-184.7825
G1 X67.9582 Y-184.4181
G1 X68.9583 Y-183.8357
G1 X69.3701 Y-183.5986
G1 X69.5172 Y-183.5366
G1 X69.8702 Y-183.8707
G1 X74.8414 Y-188.8419
G1 X75.1944 Y-189.3126
G1 X69.5265 Y-183.5752 F12000.0
G1 X70.0173 Y-183.2235 F12000.0
G1 X71.0468 Y-182.6279
G1 X71.7528 Y-182.2529
G1 X78.7533 Y-189.3825 F12000.0
G1 X78.5792 Y-189.2250 F12000.0
G1 X78.5367 Y-189.1422
G1 X78.4722 Y-189.0510
G1 X78.3843 Y-188.9528
G1 X78.0877 Y-188.6759
G1 X76.7763 Y-187.3353
G1 X72.7533 Y-183.3117
G1 X72.1688 Y-182.7058
G1 X71.7528 Y-182.2529
G1 X71.8750 Y-182.1518
G1 X72.0217 Y-182.0551
G1 X72.3568 Y-181.8669
G1 X73.7632 Y-181.0532
G1 X73.8076 Y-181.0340
G1 X73.8545 Y-181.0277
G1 X73.8858 Y-181.0337
G1 X73.9284 Y-181.0541
G1 X73.9917 Y-181.1072
G1 X81.5776 Y-188.6948
G1 X81.8396 Y-188.9412
G1 X81.9270 Y-189.0402
G1 X81.9892 Y-189.1335
G1 X82.0276 Y-189.2197
G1 X82.0482 Y-189.3126
G1 X80.3127 Y-189.3714 F5000.0
G1 X80.3259 Y-189.4578 F12000.0
G1 X80.3544 Y-189.5435
G1 X80.4040 Y-189.6419
G1 X80.4676 Y-189.7381
G1 X80.5416 Y-189.8315
G1 X80.6343 Y-189.9339
G1 X80.9365 Y-190.2474
G1 X78.0943 Y-193.2953
G1 X72.6570 Y-193.2953
G1 X77.5476 Y-193.2542 F12000.0
G1 X78.0771 Y-193.2445
G1 X78.3483 Y-192.9895
G1 X80.7181 Y-190.4598
G1 X80.9304 Y-190.2604
G1 X81.0775 Y-190.3365
G1 X81.3717 Y-190.5756
G1 X81.9894 Y-190.9378
G1 X82.3424 Y-191.0775
G1 X83.1072 Y-191.3887 F12000.0
G1 X84.0779 Y-191.5188
G1 X85.5781 Y-191.3602
G1 X86.2547 Y-191.1951
G1 X86.4032 Y-191.0402 F12000.0
G1 X86.5078 Y-191.0160
G1 X86.6120 Y-190.9785
G1 X86.7298 Y-190.9223
G1 X86.9450 Y-190.7919
G1 X87.4333 Y-190.4531
G1 X87.6016 Y-190.3076
G1 X87.9066 Y-190.0228
G1 X88.0418 Y-189.8871
G1 X88.2552 Y-189.6460
G1 X88.4722 Y-189.3615
G1 X88.5821 Y-189.1988
G1 X88.6859 Y-189.0315
G1 X88.7833 Y-188.8601
G1 X88.8886 Y-188.6554
G1 X88.9715 Y-188.4767
G1 X89.0593 Y-188.2651
G1 X89.1372 Y-188.0506
G1 X89.1958 Y-187.8652
G1 X89.2833 Y-187.5233
G1 X89.3195 Y-187.3361
G1 X89.3431 Y-187.1748
G1 X89.3630 Y-186.9783
G1 X89.3715 Y-186.8166
G1 X89.3676 Y-186.4109
G1 X89.3782 Y-186.3149
G1 X89.4022 Y-186.2239
G1 X89.5493 Y-186.4592
G1 X83.7787 Y-180.6097 F12000.0
G1 X83.9695 Y-180.6731 F12000.0
G1 X83.9886 Y-180.7329
G1 X84.0162 Y-180.7865
G1 X84.0604 Y-180.8478
G1 X84.1243 Y-180.9172
G1 X84.6368 Y-181.4292
G1 X85.2545 Y-182.0469 F12000.0
G1 X88.5785 Y-185.3709
G1 X89.2256 Y-185.4003 F12000.0
G1 X89.2211 Y-185.3030
G1 X89.2090 Y-185.2074
G1 X89.1901 Y-185.1135
G1 X89.1605 Y-185.0058
G1 X89.0763 Y-184.7808
G1 X88.9457 Y-184.5032
G1 X88.7550 Y-184.1340
G1 X88.5872 Y-183.8449
G1 X88.3883 Y-183.5473
G1 X88.1901 Y-183.2906
G1 X87.9978 Y-183.0717
G1 X87.7933 Y-182.8647
G1 X87.5769 Y-182.6701
G1 X87.3495 Y-182.4884
G1 X87.1117 Y-182.3201
G1 X86.8921 Y-182.1821
G1 X86.7225 Y-182.0861
G1 X86.3110 Y-181.8693
G1 X86.1669 Y-181.7992
G1 X86.0342 Y-181.7483
G1 X85.7420 Y-181.6657
G1 X85.4856 Y-181.6058
G1 X85.2935 Y-181.5703
G1 X85.1368 Y-181.5492
G1 X84.8773 Y-181.5453
G1 X84.7990 Y-181.5394
G1 X84.7538 Y-181.5295
G1 X84.6368 Y-181.4880
G1 X84.5267 Y-181.4741
G1 X84.3974 Y-181.4688
G1 X84.1506 Y-181.4803
G1 X83.6864 Y-181.5284
G1 X83.4459 Y-181.5593
G1 X83.2044 Y-181.5999
G1 X82.9808 Y-181.6490
G1 X82.7923 Y-181.7015
G1 X82.6084 Y-181.7650
G1 X82.4306 Y-181.8410
G1 X82.4012 Y-180.8408
G1 X82.4012 Y-170.5160
G1 X82.9012 Y-170.1042 F5000.0
G1 X82.1903 Y-168.8687 F12000.0
G1 X82.0133 Y-168.4372
G1 X82.2541 Y-168.3981
G1 X82.9601 Y-168.3981
G1 X82.8425 Y-168.9276 F12000.0
G1 X82.5777 Y-168.3687 F5000.0
G1 X82.4601 Y-167.9274 F12000.0
G1 X84.2544 Y-167.8980 F5000.0
G1 X83.6955 Y-167.8686 F12000.0
G1 X83.3425 Y-167.9274
G1 X83.4194 Y-168.0540
G1 X83.5212 Y-168.1736
G1 X83.7423 Y-168.3861
G1 X84.5005 Y-169.1442
G1 X84.6737 Y-169.3095
G1 X84.7726 Y-169.4163
G1 X84.8458 Y-169.5194
G1 X84.8945 Y-169.6264
G1 X84.9148 Y-169.7274
G1 X84.9108 Y-169.8229
G1 X84.8955 Y-169.8822
G1 X84.8636 Y-169.9501
G1 X84.8184 Y-170.0095
G1 X84.7616 Y-170.0592
G1 X84.6941 Y-170.0975
G1 X84.6335 Y-170.1189
G1 X84.5503 Y-170.1329
G1 X84.4788 Y-170.1329
G1 X84.4117 Y-170.1236
G1 X84.3347 Y-170.1013
G1 X84.2762 Y-170.0760
G1 X84.2070 Y-170.0361
G1 X84.1418 Y-169.9890
G1 X84.0679 Y-169.9253
G1 X83.9014 Y-169.7512
G1 X84.2317 Y-171.2191 F5000.0
G1 X84.7673 Y-171.2191 F12000.0
G1 X83.9023 Y-171.2603 F12000.0
G1 X84.6849 Y-171.3015 F12000.0
G1 X83.3256 Y-171.3426 F12000.0
G1 X84.6849 Y-171.5898 F12000.0
G1 X83.6139 Y-171.6310 F12000.0
G1 X84.7260 Y-171.6721 F12000.0
G1 X82.9960 Y-171.5486 F12000.0
G1 X84.6437 Y-171.3839 F12000.0
G1 X82.7077 Y-171.4250 F12000.0
G1 X84.6025 Y-171.5074 F12000.0
G1 X82.3782 Y-171.4663 F12000.0
G1 X84.8084 Y-171.1367
G1 X84.5613 Y-171.4663
G1 X84.8084 Y-171.7958
G1 X82.3782 Y-171.4663
G1 X103.7976 Y-171.4663
G1 X101.3673 Y-171.7958
G1 X101.6145 Y-171.4663
G1 X101.3673 Y-171.1367
G1 X103.7976 Y-171.4663
G1 X101.6145 Y-171.4663
G1 X103.5093 Y-171.5074 F12000.0
G1 X101.6145 Y-171.4250 F12000.0
G1 X103.2210 Y-171.3839 F12000.0
G1 X101.5732 Y-171.5486 F12000.0
G1 X102.8914 Y-171.5898 F12000.0
G1 X101.5321 Y-171.3426 F12000.0
G1 X102.6030 Y-171.3015 F12000.0
G1 X101.4909 Y-171.2603 F12000.0
G1 X101.9852 Y-171.2191 F12000.0
G1 X103.7570 Y-171.4278 F12000.0
G1 X103.7976 Y-170.5190 F5000.0
G1 X103.7976 Y-180.6097 F12000.0
G1 X103.7976 Y-174.8847
G1 X103.7976 Y-221.4671
G1 X103.7976 Y-180.6097
G1 X79.4535 Y-180.6097
G1 X79.4535 Y-176.7382
G1 X74.5931 Y-176.7382
G1 X74.5931 Y-180.6097
G1 X62.9359 Y-187.3643
G1 X62.9359 Y-189.3825
G1 X62.9359 Y-165.7413
G1 X62.9359 Y-187.3643
G1 X67.2610 Y-184.8520
G1 X67.3698 Y-187.1947 F5000.0
G1 X67.3111 Y-187.5771 F12000.0
G1 Z9.0429 F700.0
G1 Z8.5429 F220.0
G4 P0.06
G0 X64.9954 Y-189.3825 F15000.0
G1 Z11.2197 F700.0
G1 Z12.0197 F180.0
G4 P0.06
G1 X62.9771 Y-187.3232 F12000.0
G1 X63.4435 Y-187.7587 F12000.0
G1 X64.3507 Y-188.6760
G1 X64.5648 Y-188.8731
G1 X64.6588 Y-188.9677
G1 X64.7317 Y-189.0558
G1 X64.7829 Y-189.1361
G1 X64.8201 Y-189.2215
G1 X64.8402 Y-189.3126
G1 Z9.0197 F700.0
G1 Z8.5197 F220.0
G4 P0.06
G0 X63.0457 Y-187.2534 F15000.0
G1 Z11.2071 F700.0
G1 Z12.0071 F180.0
G4 P0.06
G1 X63.0085 Y-187.1993 F12000.0
G1 X62.9777 Y-187.1284
G1 X62.9590 Y-187.0394
G1 X62.9537 Y-186.9468
G1 X62.9575 Y-186.7534
G1 X62.9575 Y-165.7213
G1 X62.9870 Y-166.6626 F5000.0
G1 X64.2812 Y-166.6626 F12000.0
G1 X64.8989 Y-166.6723
G1 X65.2225 Y-166.8979
G1 X64.1717 Y-166.8533 F12000.0
G1 X65.2426 Y-166.8121 F12000.0
G1 X63.5537 Y-166.7710 F12000.0
G1 X65.2014 Y-166.6062 F12000.0
G1 X63.3066 Y-166.6474 F12000.0
G1 X65.1602 Y-166.7297 F12000.0
G1 X62.9359 Y-166.6886 F12000.0
G1 X65.3662 Y-166.4002
G1 X65.1191 Y-166.6886
G1 X65.3662 Y-167.0181
G1 X62.9359 Y-166.6886
G1 X103.7976 Y-166.6886
G1 X101.3673 Y-167.0181
G1 X101.6145 Y-166.6886
G1 X101.3673 Y-166.4002
G1 X103.7976 Y-166.6886
G1 X102.4627 Y-166.6626
G1 X101.8155 Y-166.6723
G1 X101.5214 Y-166.8979
G1 X102.3147 Y-166.8945 F12000.0
G1 X101.4909 Y-166.8533 F12000.0
G1 X102.8914 Y-166.8121 F12000.0
G1 X101.5321 Y-166.5650 F12000.0
G1 X103.1386 Y-166.6062 F12000.0
G1 X101.5732 Y-166.7710 F12000.0
G1 X103.5093 Y-166.7297 F12000.0
G1 X101.6145 Y-166.6474 F12000.0
G1 X103.7976 Y-166.6886 F12000.0
G1 X102.4384 Y-166.5238 F5000.0
G1 X101.4909 Y-166.5238 F12000.0
G1 X102.0676 Y-166.4826 F12000.0
G1 X101.7380 Y-166.4415 F5000.0
G1 X101.4085 Y-166.4415 F12000.0
G1 X101.7272 Y-166.6331 F12000.0
G1 X65.8108 Y-166.6331
G1 X65.5016 Y-166.6422
G1 X65.3739 Y-166.6340
G1 X65.2677 Y-166.6103
G1 X65.1827 Y-166.5728
G1 X65.1049 Y-166.5155
G1 X64.9578 Y-166.6626 F12000.0
G1 X65.3662 Y-166.4415 F12000.0
G1 X64.7071 Y-166.4826 F12000.0
G1 X64.3363 Y-166.5238 F5000.0
G1 X65.2838 Y-166.5238 F12000.0
G1 X64.0069 Y-166.5650 F12000.0
G1 X64.4600 Y-166.8945 F5000.0
G1 X65.2838 Y-166.8945 F12000.0
G1 X64.7895 Y-166.9357 F12000.0
G1 Z9.0071 F700.0
G1 Z8.5071 F220.0
G4 P0.06
G0 X71.4212 Y-156.6801 F15000.0
G1 Z11.2386 F700.0
G1 Z12.0386 F180.0
G4 P0.06
G1 X71.4212 Y-144.8595 F12000.0
G1 X70.4291 Y-144.8068 F5000.0
G1 X72.3116 Y-144.8068 F12000.0
G1 X72.6352 Y-144.8371
G1 X76.0769 Y-144.8298
G1 X78.2831 Y-144.8068
G1 X78.9008 Y-144.8068
G1 X79.2244 Y-144.8164
G1 X79.4302 Y-144.9244
G1 X79.3384 Y-144.9888
G1 X79.1288 Y-145.0918
G1 X79.0244 Y-145.1604
G1 X78.8998 Y-145.2604
G1 X78.7993 Y-145.3501
G1 X78.7077 Y-145.4437
G1 X78.6402 Y-145.5273
G1 X78.6087 Y-145.5843
G1 X78.5274 Y-145.7775
G1 X78.4916 Y-145.8291
G1 X78.3778 Y-145.9588
G1 X78.3523 Y-145.9986
G1 X78.3332 Y-146.0428
G1 X78.3194 Y-146.1043
G1 X78.3032 Y-146.2619
G1 X78.2580 Y-146.5013
G1 X78.2355 Y-146.6884
G1 X78.2235 Y-146.9756
G1 X78.2281 Y-147.5120
G1 X78.2242 Y-156.8672
G1 X78.2198 Y-156.9961
G1 X78.2306 Y-157.0745
G1 X78.2592 Y-157.1310
G1 X78.3097 Y-157.1830
G1 X78.3866 Y-157.2350
G1 X78.4920 Y-157.2841
G1 X78.6236 Y-157.3286
G1 X78.8604 Y-157.3941
G1 X79.3369 Y-157.5385
G1 X79.8356 Y-157.6668
G1 X80.2128 Y-157.7485
G1 X80.5312 Y-157.8078
G1 X80.9018 Y-157.8657
G1 X81.2408 Y-157.9054
G1 X81.5967 Y-157.9329
G1 X81.9206 Y-157.9457
G1 X82.2443 Y-157.9470
G1 X82.5679 Y-157.9370
G1 X82.8908 Y-157.9157
G1 X83.2129 Y-157.8834
G1 X83.5339 Y-157.8401
G1 X83.9170 Y-157.7740
G1 X84.1711 Y-157.7215
G1 X84.4869 Y-157.6463
G1 X84.8004 Y-157.5609
G1 X85.1114 Y-157.4653
G1 X86.0768 Y-157.1445
G1 X86.3266 Y-157.0395
G1 X86.6309 Y-156.8925
G1 X86.9323 Y-156.7301
G1 X87.2683 Y-156.5292
G1 X87.5502 Y-156.3430
G1 X87.9046 Y-156.0893
G1 X88.2563 Y-155.8298
G1 X88.5488 Y-155.5997
G1 X88.9517 Y-155.2582
G1 X89.0063 Y-155.2024
G1 X89.0454 Y-155.1500
G1 X89.0744 Y-155.0930
G1 X89.0976 Y-155.0176
G1 X89.1094 Y-154.9389
G1 X89.1131 Y-154.8581
G1 X89.1080 Y-154.6316
G1 X89.1080 Y-148.4837
G1 X89.0931 Y-148.1709
G1 X89.0983 Y-148.0721
G1 X89.1177 Y-147.9837
G1 X89.1419 Y-147.9363
G1 X89.1876 Y-147.8957
G1 X89.2446 Y-147.8747
G1 X89.3093 Y-147.8670
G1 X91.5200 Y-147.8660
G1 X91.8841 Y-147.8851
G1 X91.9713 Y-147.8809
G1 X92.0496 Y-147.8672
G1 X92.1025 Y-147.8476
G1 X92.1471 Y-147.8154
G1 X92.1754 Y-147.7769
G1 X92.1943 Y-147.7179
G1 X92.1959 Y-147.6364
G1 X92.1679 Y-147.4394
G1 X92.1678 Y-147.2659
G1 X92.1612 Y-147.2192
G1 X92.1467 Y-147.1754
G1 X92.1242 Y-147.1360
G1 X92.0845 Y-147.0885
G1 X91.9318 Y-146.9541
G1 X91.4685 Y-146.4905
G1 X90.9593 Y-145.9543
G1 X90.7949 Y-145.8065
G1 X90.6954 Y-145.7569
G1 X90.6579 Y-145.7292
G1 X90.5588 Y-145.5838
G1 X90.3379 Y-145.3515
G1 X89.9022 Y-144.9244
G1 X83.1711 Y-138.1960
G1 X83.0492 Y-138.0706
G1 X82.9448 Y-137.9510
G1 X82.8847 Y-137.9008
G1 X82.8127 Y-137.8688
G1 X82.6895 Y-137.8380
G1 X82.5609 Y-137.8226
G1 X82.4126 Y-137.8186
G1 X81.4697 Y-137.8509
G1 X81.1307 Y-137.8794
G1 X80.8265 Y-137.9168
G1 X80.3174 Y-138.0028
G1 X79.7789 Y-138.1224
G1 X79.2124 Y-138.2739
G1 X78.8228 Y-138.3889
G1 X78.5478 Y-138.4833
G1 X78.4199 Y-138.5475
G1 X78.3525 Y-138.5745
G1 X78.2914 Y-138.5828
G1 X78.2454 Y-138.5601
G1 X78.2190 Y-138.5003
G1 X78.2091 Y-138.3992
G1 X78.2242 Y-138.1294
G1 X78.2242 Y-132.2463
G1 X78.2536 Y-133.1582 F5000.0
G1 X85.5192 Y-133.1582 F12000.0
G1 X85.7665 Y-133.1460
G1 X85.8394 Y-133.1493
G1 X85.9056 Y-133.1609
G1 X85.9480 Y-133.1767
G1 X85.9981 Y-133.2203
G1 X86.0149 Y-133.2584
G1 X86.0272 Y-133.3515
G1 X86.0194 Y-133.5406
G1 X86.0194 Y-138.2765
G1 X86.0068 Y-138.4898
G1 X86.0119 Y-138.5563
G1 X86.0233 Y-138.5978
G1 X86.0445 Y-138.6297
G1 X86.0928 Y-138.6625
G1 X86.2426 Y-138.7188
G1 X86.9126 Y-139.0545
G1 X87.3083 Y-139.2717
G1 X87.5311 Y-139.4043
G1 X87.8047 Y-139.5778
G1 X88.0722 Y-139.7592
G1 X88.2941 Y-139.9196
G1 X88.4323 Y-140.0323
G1 X88.5760 Y-140.1629
G1 X89.3057 Y-140.8793
G1 X89.6183 Y-141.2103
G1 X89.9151 Y-141.5546
G1 X90.1172 Y-141.8083
G1 X90.2726 Y-142.0158
G1 X90.4592 Y-142.2807
G1 X90.6021 Y-142.4969
G1 X90.7726 Y-142.7725
G1 X90.9024 Y-142.9970
G1 X91.0564 Y-143.2826
G1 X91.1727 Y-143.5150
G1 X91.3094 Y-143.8101
G1 X91.4365 Y-144.1102
G1 X91.6466 Y-144.6495
G1 X91.7598 Y-144.9599
G1 X91.8293 Y-145.1809
G1 X91.8814 Y-145.3867
G1 X91.9154 Y-145.5761
G1 X91.9318 Y-145.7481
G1 X86.9916 Y-145.8069 F12000.0
G1 X87.3420 Y-145.8568 F12000.0
G1 X87.4394 Y-145.8103
G1 X87.5603 Y-145.7786
G1 X87.7048 Y-145.7639
G1 X87.8375 Y-145.7634
G1 X88.1806 Y-145.7775
G1 X90.6081 Y-145.7775
G1 X91.5494 Y-145.7775 F12000.0
G1 X91.9318 Y-145.7481
G1 X91.9801 Y-145.8626
G1 X92.0246 Y-145.9979
G1 X92.0601 Y-146.1386
G1 X92.0900 Y-146.2994
G1 X92.1112 Y-146.4628
G1 X92.1273 Y-146.6596
G1 X92.1378 Y-147.0718
G1 X82.7901 Y-137.8577 F12000.0
G1 X84.2250 Y-138.0592 F12000.0
G1 X84.8721 Y-138.1883
G1 X85.9899 Y-138.6001
G1 X86.0194 Y-140.9239 F12000.0
G1 X86.0194 Y-144.3949 F12000.0
G1 X86.3535 Y-144.8656 F12000.0
G1 X86.4606 Y-145.1597
G1 X87.2483 Y-145.9311
G1 X88.9609 Y-147.6601
G1 X89.1971 Y-147.9837
G1 X91.8142 Y-150.6017
G1 X91.8240 Y-150.5066 F12000.0
G1 X91.8565 Y-150.4360
G1 X91.8880 Y-150.3458
G1 X91.9128 Y-150.2517
G1 X92.0351 Y-149.5668
G1 X92.0725 Y-149.3270
G1 X92.1118 Y-149.0079
G1 X92.1445 Y-148.6240
G1 X92.1624 Y-148.2374
G1 X92.1672 Y-147.8955
G1 X92.8144 Y-147.8660
G1 X96.8443 Y-147.8660
G1 X97.0699 Y-147.9051
G1 X97.0819 Y-148.2779
G1 X96.9643 Y-149.3074
G1 X96.8957 Y-149.8074
G1 X96.7284 Y-150.0142
G1 X96.7731 Y-150.2487
G1 X96.4398 Y-151.1017
G1 X96.1783 Y-151.6606
G1 X96.0409 Y-151.8191
G1 X95.9536 Y-152.0136
G1 X94.8440 Y-153.4844
G1 X96.5068 Y-151.8613 F12000.0
G1 X96.0948 Y-151.8613
G1 X96.0124 Y-151.4906
G1 X94.7767 Y-153.5911
G1 X95.5182 Y-152.7262
G1 X96.1361 Y-151.7790
G1 X96.6304 Y-150.7081
G1 X96.9598 Y-149.6373
G1 X97.1246 Y-148.4840
G1 X97.1246 Y-147.9073
G1 X96.5068 Y-150.2962
G1 X96.8363 Y-150.0903
G1 X97.1246 Y-150.3786
G1 X97.1246 Y-147.9073
G1 X98.1091 Y-147.8660 F12000.0
G1 X96.6972 Y-150.0133 F5000.0
G1 X96.5207 Y-150.2193 F12000.0
G1 X96.4656 Y-151.9025 F5000.0
G1 X96.0948 Y-151.9025 F12000.0
G1 X96.4244 Y-151.9437 F12000.0
G1 X96.0124 Y-151.9848 F12000.0
G1 X96.3420 Y-152.0261 F12000.0
G1 X95.9713 Y-152.0672 F12000.0
G1 X96.2596 Y-152.1085 F12000.0
G1 X95.8889 Y-152.1496 F12000.0
G1 X96.1772 Y-152.1908 F12000.0
G1 X97.2561 Y-152.7490 F5000.0
G1 X97.7267 Y-152.7490 F12000.0
G1 X98.3739 Y-152.7784 F12000.0
G1 X97.9620 Y-152.4549 F5000.0
G1 X97.8647 Y-152.7104 F12000.0
G1 X97.7774 Y-152.8111
G1 X97.6385 Y-153.3961
G1 X99.5211 Y-153.1608
G1 X100.2565 Y-151.3665 F5000.0
G1 X100.1984 Y-151.5454 F12000.0
G1 X100.0131 Y-151.9854
G1 X99.9882 Y-152.0269
G1 X99.9565 Y-152.0621
G1 X99.9183 Y-152.0871
G1 X99.8639 Y-152.1054
G1 X99.8025 Y-152.1134
G1 X99.7189 Y-152.1123
G1 X99.3876 Y-152.0727
G1 X99.1845 Y-152.0835
G1 X99.0949 Y-152.0833
G1 X99.0139 Y-152.0713
G1 X98.9517 Y-152.0418
G1 X98.9236 Y-152.0063
G1 X98.9146 Y-151.9769
G1 X98.9135 Y-151.9459
G1 X98.9276 Y-151.8822
G1 X98.9951 Y-151.7057
G1 X99.0225 Y-151.6110
G1 X99.0332 Y-151.5153
G1 X99.0212 Y-151.4389
G1 X99.0022 Y-151.3959
G1 X98.9734 Y-151.3542
G1 X98.9401 Y-151.3196
G1 X98.8893 Y-151.2832
G1 X98.8474 Y-151.2625
G1 X98.7876 Y-151.2425
G1 X98.6604 Y-151.2224
G1 X98.3678 Y-151.2166
G1 X98.2092 Y-151.2266
G1 X98.1326 Y-151.2409
G1 X98.0731 Y-151.2585
G1 X98.0153 Y-151.2826
G1 X97.9596 Y-151.3143
G1 X97.9061 Y-151.3544
G1 X97.8579 Y-151.4010
G1 X97.7820 Y-151.5036
G1 X97.7285 Y-151.6032
G1 X97.6300 Y-151.8262
G1 X97.5797 Y-151.9254
G1 Z9.0386 F700.0
G1 Z8.5386 F220.0
G4 P0.06
G0 X100.3963 Y-150.8300 F15000.0
G1 Z11.2075 F700.0
G1 Z12.0075 F180.0
G4 P0.06
G1 X100.4528 Y-150.7879 F12000.0
G1 X100.4893 Y-150.7522
G1 X100.5193 Y-150.7139
G1 X100.5417 Y-150.6742
G1 X100.5550 Y-150.6337
G1 X100.5582 Y-150.5935
G1 X100.5498 Y-150.5544
G1 X100.5068 Y-150.4944
G1 X100.4615 Y-150.4628
G1 X100.4160 Y-150.4429
G1 X100.3693 Y-150.4322
G1 X100.3221 Y-150.4301
G1 X100.2752 Y-150.4359
G1 X100.2296 Y-150.4490
G1 X100.1718 Y-150.4765
G1 X100.1319 Y-150.5039
G1 X100.0849 Y-150.5482
G1 X100.0464 Y-150.5995
G1 X100.0237 Y-150.6423
G1 X100.0079 Y-150.6876
G1 X100.0009 Y-150.7332
G1 X100.0046 Y-150.7776
G1 X100.0209 Y-150.8185
G1 X100.0515 Y-150.8544
G1 X100.0809 Y-150.8747
G1 X100.1233 Y-150.8916
G1 X100.1694 Y-150.8989
G1 X100.2179 Y-150.8972
G1 X100.2676 Y-150.8876
G1 X100.3173 Y-150.8710
G1 X100.3963 Y-150.8300
G1 Z9.0075 F700.0
G1 Z8.5075 F220.0
G4 P0.06
G0 X95.4617 Y-154.2492 F15000.0
G1 Z11.2455 F700.0
G1 Z12.0455 F180.0
G4 P0.06
G1 X94.9331 Y-153.7197 F12000.0
G1 X94.7958 Y-153.5341
G1 X94.6381 Y-153.4246
G1 X91.8142 Y-150.6017
G1 X91.7563 Y-150.7350
G1 X91.6952 Y-150.9024
G1 X91.4900 Y-151.5547
G1 X91.3130 Y-151.9855
G1 X91.1509 Y-152.3376
G1 X91.0050 Y-152.6278
G1 X90.8494 Y-152.9135
G1 X90.6839 Y-153.1935
G1 X90.4721 Y-153.5201
G1 X90.2456 Y-153.8343
G1 X90.0965 Y-154.0233
G1 X89.4634 Y-154.7872
G1 X89.3870 Y-154.8629
G1 X89.3126 Y-154.9130
G1 X89.2246 Y-154.9451
G1 X89.1374 Y-154.9552
G1 X89.0923 Y-147.9073 F12000.0
G1 X98.1132 Y-147.9073
G1 X92.1816 Y-147.9073
G1 X92.0993 Y-146.5070 F12000.0
G1 X91.8109 Y-145.2302
G1 X91.3990 Y-144.0358
G1 X90.8224 Y-142.8825
G1 X90.1221 Y-141.8117
G1 X89.2571 Y-140.8232
G1 X88.3097 Y-139.9583
G1 X87.2388 Y-139.2582
G1 X86.0854 Y-138.6815
G1 X84.8908 Y-138.2285
G1 X83.6139 Y-137.9814
G1 X82.3369 Y-137.8577
G1 X81.0600 Y-137.8990
G1 X79.7831 Y-138.1461
G1 X78.5474 Y-138.5168
G1 X77.3528 Y-139.0522
G1 X76.2818 Y-139.7112
G1 X75.2933 Y-140.5349
G1 X74.3870 Y-141.4410
G1 X73.6456 Y-142.5119
G1 X73.0277 Y-143.6239
G1 X72.5334 Y-144.8184
G1 X78.2178 Y-150.5022
G1 X78.1185 Y-150.2892 F12000.0
G1 X78.0476 Y-150.2566
G1 X77.9687 Y-150.2025
G1 X77.8952 Y-150.1373
G1 X77.6947 Y-149.9251
G1 X72.6647 Y-144.8951
G1 X72.6778 Y-144.4823 F12000.0
G1 X72.9331 Y-143.8355
G1 X73.0392 Y-143.6003
G1 X73.2127 Y-143.2599
G1 X73.3887 Y-142.9325
G1 X73.5914 Y-142.5784
G1 X73.7623 Y-142.2993
G1 X73.9412 Y-142.0263
G1 X74.0901 Y-141.8135
G1 X74.2642 Y-141.5818
G1 X74.4144 Y-141.3961
G1 X74.5293 Y-141.2633
G1 X74.6734 Y-141.1104
G1 X75.1944 Y-140.6003
G1 X79.5359 Y-144.9419
G1 X79.0773 Y-144.4538 F12000.0
G1 X78.2536 Y-143.6596
G1 X78.2269 Y-143.7638
G1 X78.2151 Y-143.9081
G1 X78.2242 Y-144.2478
G1 X78.2205 Y-145.6541
G1 X78.2288 Y-145.7454
G1 X78.2504 Y-145.8330
G1 X78.2906 Y-145.9168
G1 X78.3418 Y-145.9834
G1 X80.4422 Y-147.2896 F12000.0
G1 X80.4010 Y-146.9189
G1 X80.7305 Y-146.7542
G1 X78.4650 Y-145.8480
G1 X84.4789 Y-149.1430
G1 X79.2065 Y-149.1430
G1 X84.4897 Y-149.1014 F12000.0
G1 X84.2720 Y-149.0101 F12000.0
G1 X84.1836 Y-148.9431
G1 X83.9778 Y-148.8149
G1 X83.4445 Y-148.5426
G1 X81.6584 Y-147.5556
G1 X80.8398 Y-147.1213
G1 X80.7005 Y-147.0368
G1 X80.5802 Y-146.9545
G1 X80.4663 Y-146.8648
G1 X80.3716 Y-146.7776
G1 X80.5774 Y-146.7188
G1 X79.6183 Y-146.6718 F12000.0
G1 X80.6481 Y-146.7129 F12000.0
G1 X79.7831 Y-146.7953 F12000.0
G1 X80.2774 Y-146.8365 F12000.0
G1 X78.5184 Y-145.8070 F12000.0
G1 X78.2178 Y-146.5482 F5000.0
G1 X78.2178 Y-146.7953 F12000.0
G1 X78.2178 Y-132.2152
G1 X78.2178 Y-157.2155
G1 X78.0404 Y-157.0582 F12000.0
G1 X77.8857 Y-157.0184
G1 X77.7170 Y-156.9521
G1 X77.5365 Y-156.8613
G1 X77.0633 Y-156.5762
G1 X76.6858 Y-156.3600
G1 X76.5069 Y-156.2510
G1 X76.2425 Y-156.0642
G1 X75.9343 Y-155.8252
G1 X75.6108 Y-155.5541
G1 X75.2965 Y-155.2723
G1 X74.8969 Y-154.8913
G1 X74.6342 Y-154.6263
G1 X74.5074 Y-154.4807
G1 X74.3878 Y-154.3299
G1 X74.0423 Y-153.8534
G1 X73.9800 Y-153.7478
G1 X73.9632 Y-153.7002
G1 X73.9570 Y-153.6536
G1 X73.9606 Y-153.6239
G1 X73.9715 Y-153.5957
G1 X74.0008 Y-153.5631
G1 X74.0431 Y-153.5455
G1 X74.1115 Y-153.5372
G1 X74.9856 Y-153.5431
G1 X78.1947 Y-153.5432
G1 X77.8883 Y-153.5911 F5000.0
G1 X72.0392 Y-147.7838 F12000.0
G1 X76.3673 Y-152.0400 F12000.0
G1 X77.0044 Y-152.6841
G1 X77.2244 Y-152.8984
G1 X77.5082 Y-153.1635
G1 X77.5856 Y-153.2480
G1 X77.6517 Y-153.3388
G1 X77.6955 Y-153.4230
G1 X77.7241 Y-153.5138
G1 X77.4300 Y-153.0726 F5000.0
G1 X77.9594 Y-153.0137 F12000.0
G1 X84.5191 Y-153.0137
G1 X84.9865 Y-152.9925
G1 X85.0551 Y-152.6607
G1 X85.3746 Y-148.6308
G1 X85.4899 Y-146.8953
G1 X85.1957 Y-147.1600
G1 X85.3028 Y-146.8365 F5000.0
G1 X85.5487 Y-146.8365 F12000.0
G1 X85.6369 Y-145.5422
G1 X85.7252 Y-144.8656
G1 X85.1075 Y-144.8362
G1 X80.0774 Y-144.8362
G1 X79.3714 Y-144.9244
G1 X80.1539 Y-144.8595 F5000.0
G1 X79.6183 Y-144.9419 F12000.0
G1 X79.0828 Y-145.1479
G1 X78.6709 Y-145.5185
G1 X78.3826 Y-146.0128
G1 X78.2178 Y-146.5482
G1 X78.2178 Y-153.5911
G1 X78.2178 Y-146.7953
G1 X78.2178 Y-157.2155
G1 X78.2178 Y-153.5911
G1 X73.8103 Y-153.5911
G1 X73.8568 Y-153.5196 F12000.0
G1 X73.7806 Y-153.4687
G1 X73.7147 Y-153.3989
G1 X73.6484 Y-153.3019
G1 X73.1351 Y-152.3472
G1 X72.9723 Y-152.0166
G1 X72.8194 Y-151.6765
G1 X72.7269 Y-151.4499
G1 X72.6254 Y-151.1753
G1 X72.5335 Y-150.8979
G1 X72.4510 Y-150.6178
G1 X72.3852 Y-150.3669
G1 X72.3122 Y-150.0509
G1 X72.2611 Y-149.7964
G1 X72.2054 Y-149.4765
G1 X72.1306 Y-148.9292
G1 X72.1052 Y-148.6872
G1 X72.0970 Y-148.5261
G1 X72.0982 Y-148.3141
G1 X72.1225 Y-147.3764
G1 X72.1572 Y-146.6860
G1 X72.1964 Y-146.2187
G1 X72.2226 Y-146.0438
G1 X72.2801 Y-145.8078
G1 X72.4134 Y-145.3710
G1 X72.4641 Y-145.1836
G1 X72.5334 Y-144.8184
G1 X72.2040 Y-146.0539
G1 X72.0803 Y-147.3307
G1 X72.0803 Y-148.6487
G1 X72.2451 Y-149.9255
G1 X72.5746 Y-151.1611
G1 X73.0690 Y-152.3555
G1 X73.7280 Y-153.4675
G1 X74.4694 Y-154.4973
G1 X75.3757 Y-155.4033
G1 X76.4055 Y-156.2271
G1 X77.5176 Y-156.8861
G1 X78.6709 Y-157.3803
G1 X79.9067 Y-157.7510
G1 X81.1836 Y-157.9569
G1 X82.4606 Y-157.9982
G1 X83.7375 Y-157.8746
G1 X85.0144 Y-157.5450
G1 X86.2090 Y-157.1333
G1 X87.3623 Y-156.5154
G1 X88.3921 Y-155.7741
G1 X89.3807 Y-154.9091
G1 X90.2045 Y-153.9207
G1 X90.9048 Y-152.8498
G1 X91.4403 Y-151.6966
G1 X91.8522 Y-150.4609
G1 X92.0993 Y-149.2254
G1 X92.1816 Y-147.9073
G1 X89.0923 Y-147.9073
G1 X86.2914 Y-145.1066
G1 X85.9618 Y-144.9007
G1 X85.5911 Y-144.8595
G1 X70.4327 Y-144.8595
G1 X85.5911 Y-144.8595
G1 X85.7971 Y-147.2896 F12000.0
G1 X85.5087 Y-147.0424
G1 X85.1791 Y-147.2483
G1 X85.6734 Y-144.8595
G1 X85.0144 Y-153.0557
G1 X77.3940 Y-153.0557
G1 X78.6949 Y-154.2492 F5000.0
G1 X79.0773 Y-155.2787 F12000.0
G1 X79.5479 Y-155.2493 F5000.0
G1 X79.2946 Y-155.2639 F12000.0
G1 X79.1914 Y-155.2808
G1 X79.1532 Y-155.2963
G1 X79.1179 Y-155.3426
G1 X79.1197 Y-155.4191
G1 X79.1342 Y-155.4697
G1 X79.2123 Y-155.6621
G1 X79.4602 Y-156.3568
G1 X79.4879 Y-156.4182
G1 X79.5163 Y-156.4545
G1 X79.5802 Y-156.4845
G1 X79.6435 Y-156.4905
G1 X79.7832 Y-156.4848
G1 X80.0089 Y-156.4923
G1 X80.1104 Y-156.4883
G1 X80.2060 Y-156.4706
G1 X80.2897 Y-156.4329
G1 X80.3459 Y-156.3817
G1 X80.3863 Y-156.3083
G1 X80.4061 Y-156.2213
G1 X80.4075 Y-156.1276
G1 X80.3896 Y-156.0135
G1 X80.3551 Y-155.8988
G1 X80.3015 Y-155.7725
G1 X80.2394 Y-155.6580
G1 X80.1743 Y-155.5600
G1 X80.1140 Y-155.4862
G1 X80.0463 Y-155.4196
G1 X79.9707 Y-155.3624
G1 X79.9015 Y-155.3238
G1 X79.8291 Y-155.2962
G1 X79.6673 Y-155.2819
G1 X79.6211 Y-155.2716
G1 X79.5731 Y-155.2414
G1 X79.5527 Y-155.2031
G1 X79.5420 Y-155.1280
G1 X79.5510 Y-155.0308
G1 X79.6654 Y-154.4989
G1 X79.6950 Y-154.3080
G1 X80.6783 Y-155.6448 F5000.0
G1 X80.7960 Y-155.9691 F12000.0
G1 X80.8782 Y-156.1411
G1 X80.9282 Y-156.2188
G1 X80.9864 Y-156.2894
G1 X81.0421 Y-156.3420
G1 X81.1056 Y-156.3881
G1 X81.2090 Y-156.4403
G1 X81.3129 Y-156.4724
G1 X81.4218 Y-156.4903
G1 X81.5399 Y-156.4936
G1 X81.6396 Y-156.4803
G1 X81.7159 Y-156.4550
G1 X81.7816 Y-156.4144
G1 X81.8326 Y-156.3564
G1 X81.8598 Y-156.2961
G1 X81.8754 Y-156.2000
G1 X81.8713 Y-156.1047
G1 X81.8525 Y-156.0095
G1 X81.8124 Y-155.8842
G1 X81.7035 Y-155.6013
G1 X81.5368 Y-155.0885
G1 X81.4509 Y-154.8588
G1 X81.3979 Y-154.7415
G1 X81.3460 Y-154.6430
G1 X81.2873 Y-154.5482
G1 X81.2293 Y-154.4701
G1 X81.1638 Y-154.3986
G1 X81.1028 Y-154.3465
G1 X81.0357 Y-154.3033
G1 X80.9619 Y-154.2710
G1 X80.8427 Y-154.2418
G1 X80.7126 Y-154.2252
G1 X80.6124 Y-154.2249
G1 X80.5160 Y-154.2393
G1 X80.4426 Y-154.2653
G1 X80.3787 Y-154.3065
G1 X80.3276 Y-154.3650
G1 X80.2980 Y-154.4257
G1 X80.2878 Y-154.4661
G1 X80.2844 Y-154.5244
G1 X80.2909 Y-154.5864
G1 X80.3099 Y-154.6672
G1 X80.3500 Y-154.7817
G1 X80.4483 Y-155.0140
G1 X80.5871 Y-155.3886
G1 X80.6783 Y-155.6448
G1 X81.6658 Y-154.2198 F5000.0
G1 X81.4011 Y-153.8374 F12000.0
G1 X82.1365 Y-154.2198 F5000.0
G1 X82.4387 Y-154.2162 F12000.0
G1 X82.5998 Y-154.2253
G1 X82.7392 Y-154.2506
G1 X82.7989 Y-154.2693
G1 X82.8576 Y-154.2957
G1 X82.9121 Y-154.3290
G1 X82.9748 Y-154.3791
G1 X83.0729 Y-154.4882
G1 X83.1198 Y-154.5568
G1 X83.1694 Y-154.6439
G1 X83.2483 Y-154.8233
G1 X83.3035 Y-154.9995
G1 X83.3180 Y-155.0792
G1 X83.3226 Y-155.1434
G1 X83.3183 Y-155.2055
G1 X83.3081 Y-155.2493
G1 X83.2874 Y-155.2979
G1 X83.2598 Y-155.3382
G1 X83.2264 Y-155.3710
G1 X83.1878 Y-155.3971
G1 X83.1453 Y-155.4172
G1 X83.0838 Y-155.4361
G1 X82.9693 Y-155.4523
G1 X82.7757 Y-155.4518
G1 X82.7077 Y-155.4603
G1 X82.6691 Y-155.4827
G1 X82.6501 Y-155.5266
G1 X82.6543 Y-155.5983
G1 X82.6839 Y-155.7014
G1 X82.7894 Y-155.9551
G1 X82.9452 Y-156.3848
G1 X82.9758 Y-156.4421
G1 X82.9986 Y-156.4636
G1 X83.0840 Y-156.4882
G1 X83.8131 Y-156.4848
G1 X86.0194 Y-157.1319 F5000.0
G1 X86.0194 Y-145.8657 F12000.0
G1 X85.9996 Y-145.4049
G1 X86.0064 Y-145.2684
G1 X86.0256 Y-145.1566
G1 X86.0611 Y-145.0565
G1 X86.1076 Y-144.9833
G1 X85.9311 Y-144.8362
G1 X85.9780 Y-144.7698
G1 X86.0115 Y-144.6927
G1 X86.0204 Y-144.6214
G1 X86.0083 Y-144.5547
G1 X85.9632 Y-144.4670
G1 X85.8716 Y-144.3602
G1 X81.3669 Y-139.8603
G1 X80.3159 Y-138.8409
G1 X79.9792 Y-138.4884
G1 X79.6950 Y-138.1589
G1 X89.3807 Y-147.9073 F12000.0
G1 Z9.0455 F700.0
G1 Z8.5455 F220.0
G4 P0.06
G0 X85.7252 Y-147.0129 F15000.0
G1 Z11.1761 F700.0
G1 Z11.9761 F180.0
G4 P0.06
G1 X85.6531 Y-146.9405 F12000.0
G1 X85.6071 Y-146.9059
G1 X85.5549 Y-146.8890
G1 X85.5244 Y-146.8889
G1 X85.4899 Y-146.8953
G1 X86.2914 Y-145.1066 F5000.0
G1 X95.4770 Y-154.2913 F12000.0
G1 Z8.9761 F700.0
G1 Z8.4761 F220.0
G4 P0.06
G0 X86.0030 Y-157.2155 F15000.0
G1 Z11.2100 F700.0
G1 Z12.0100 F180.0
G4 P0.06
G1 X86.0030 Y-132.2152 F12000.0
G1 X86.0194 Y-133.1288
G1 X85.7147 Y-133.1625 F5000.0
G1 X83.8199 Y-133.1625 F12000.0
G1 X86.0030 Y-133.2037 F12000.0
G1 X83.5727 Y-133.5331
G1 X83.8199 Y-133.2037
G1 X83.5727 Y-132.8742
G1 X86.0030 Y-133.2037
G1 X78.2178 Y-133.2037
G1 X80.6481 Y-133.5331
G1 X80.4010 Y-133.2037
G1 X80.6481 Y-132.8742
G1 X78.2178 Y-133.2037
G1 X80.4010 Y-133.2037
G1 X78.5474 Y-133.1625 F12000.0
G1 X80.4422 Y-133.2448 F12000.0
G1 X78.8357 Y-133.2861 F12000.0
G1 X80.4834 Y-133.1213 F12000.0
G1 X79.1652 Y-133.0801 F12000.0
G1 X80.5246 Y-133.3272 F12000.0
G1 X79.4535 Y-133.3685 F12000.0
G1 X80.5657 Y-133.4096 F12000.0
G1 X80.2245 Y-133.1582 F12000.0
G1 X80.5480 Y-132.8934 F12000.0
G1 X80.0715 Y-132.9566 F12000.0
G1 X79.7419 Y-132.9977 F5000.0
G1 X80.5657 Y-132.9977 F12000.0
G1 X79.4535 Y-133.0389 F12000.0
G1 X80.0715 Y-133.4508 F5000.0
G1 X80.6069 Y-133.4508 F12000.0
G1 X81.9600 Y-134.4231 F5000.0
G1 X82.0777 Y-134.8643 F12000.0
G1 X82.3424 Y-135.4232 F12000.0
G1 X82.4601 Y-134.8937 F5000.0
G1 X81.7541 Y-134.8937 F12000.0
G1 X81.5132 Y-134.9328
G1 X81.6902 Y-135.3643
G1 X82.4012 Y-136.5998
G1 Z9.0100 F700.0
G1 Z8.5100 F220.0
G4 P0.06
G0 X83.6551 Y-133.4508 F15000.0
G1 Z11.2204 F700.0
G1 Z12.0204 F180.0
G4 P0.06
G1 X84.1906 Y-133.4508 F12000.0
G1 X84.5201 Y-133.4096 F5000.0
G1 X83.6955 Y-133.4229 F12000.0
G1 X83.8044 Y-133.3607
G1 X83.8477 Y-133.3304
G1 X83.8872 Y-133.2965
G1 X83.9193 Y-133.2590
G1 X83.9351 Y-133.2321
G1 X83.9452 Y-133.2037
G1 X83.9485 Y-133.1737
G1 X83.9445 Y-133.1438
G1 X83.9345 Y-133.1158
G1 X83.9194 Y-133.0889
G1 X83.8890 Y-133.0503
G1 X83.8251 Y-132.9914
G1 X83.6955 Y-132.8934
G1 X84.1906 Y-132.9566 F12000.0
G1 X84.5201 Y-132.9977 F5000.0
G1 X83.6963 Y-132.9977 F12000.0
G1 X84.8084 Y-133.0389 F12000.0
G1 X83.7375 Y-133.0801 F12000.0
G1 X85.4263 Y-133.1213 F12000.0
G1 X83.7787 Y-133.2861 F12000.0
G1 X85.0968 Y-133.3272 F12000.0
G1 X83.6963 Y-133.3685 F12000.0
G1 X85.7147 Y-133.2448 F12000.0
G1 Z9.0204 F700.0
G1 Z8.5204 F220.0
G4 P0.06
G0 X88.4333 Y-140.0818 F15000.0
G1 Z11.1972 F700.0
G1 Z11.9972 F180.0
G4 P0.06
G1 X89.9573 Y-141.6058 F12000.0
G1 Z8.9972 F700.0
G1 Z8.4972 F220.0
G4 P0.06
G0 X82.8724 Y-144.8595 F15000.0
G1 Z11.1962 F700.0
G1 Z11.9962 F180.0
G4 P0.06
G1 X77.1881 Y-139.1345 F12000.0
G1 X77.7830 Y-138.8239 F12000.0
G1 X78.1947 Y-138.6589
G1 X78.2242 Y-139.0707 F12000.0
G1 X78.2242 Y-140.0415
G1 X78.2242 Y-143.4831 F12000.0
G1 X77.9889 Y-143.3654 F12000.0
G1 X75.2238 Y-140.6003
G1 X75.7533 Y-140.1279
G1 X76.3416 Y-139.6435
G1 X77.2241 Y-139.1002
G1 X77.4871 Y-139.4054
G1 X77.7881 Y-139.7213
G1 X78.7831 Y-140.6886
G1 X81.0426 Y-142.9768
G1 X82.3424 Y-144.2773
G1 X82.5397 Y-144.4667
G1 X82.6130 Y-144.5501
G1 X82.6728 Y-144.6411
G1 X82.7087 Y-144.7274
G1 X82.7248 Y-144.8068
G1 Z8.9962 F700.0
G1 Z8.4962 F220.0
G4 P0.06
G0 X80.7305 Y-146.7542 F15000.0
G1 Z11.2329 F700.0
G1 Z12.0329 F180.0
G4 P0.06
G1 X79.7419 Y-146.7542 F12000.0
G1 X80.4422 Y-146.6305 F12000.0
G1 X79.4948 Y-146.5894 F12000.0
G1 X80.2363 Y-146.5482 F12000.0
G1 X79.3712 Y-146.5070 F12000.0
G1 X80.0302 Y-146.4658 F12000.0
G1 X79.2889 Y-146.4246 F12000.0
G1 X79.8243 Y-146.3834 F12000.0
G1 X79.3712 Y-146.3423 F12000.0
G1 X79.6183 Y-146.3010 F12000.0
G1 X79.9067 Y-146.8777 F5000.0
G1 X80.3598 Y-146.8777 F12000.0
G1 X79.9479 Y-146.9189 F12000.0
G1 X80.4422 Y-146.9600 F12000.0
G1 X80.0715 Y-147.0013 F12000.0
G1 X80.4422 Y-147.0424 F12000.0
G1 X80.2833 Y-146.7776 F12000.0
G1 X80.3716 Y-146.7776
G1 X78.2178 Y-147.0837 F5000.0
G1 X73.6456 Y-142.4707 F12000.0
G1 X75.9298 Y-144.7480 F12000.0
G1 X76.1807 Y-144.9981 F12000.0
G1 X76.2888 Y-145.1193
G1 X76.5952 Y-145.4134
G1 X77.5770 Y-146.3952
G1 X77.8684 Y-146.7087
G1 X77.9574 Y-146.7859
G1 X78.0376 Y-146.8399
G1 X78.1217 Y-146.8783
G1 X78.1947 Y-146.8953
G1 Z9.0329 F700.0
G1 Z8.5329 F220.0
G4 P0.06
G0 X80.4892 Y-150.3369 F15000.0
G1 Z11.2329 F700.0
G1 Z12.0329 F180.0
G4 P0.06
G1 X80.8716 Y-151.3665 F12000.0
G1 X81.3422 Y-151.3370 F5000.0
G1 X81.0889 Y-151.3516 F12000.0
G1 X80.9857 Y-151.3686
G1 X80.9476 Y-151.3840
G1 X80.9123 Y-151.4303
G1 X80.9141 Y-151.5068
G1 X80.9286 Y-151.5574
G1 X81.0066 Y-151.7499
G1 X81.2545 Y-152.4446
G1 X81.2822 Y-152.5059
G1 X81.3106 Y-152.5422
G1 X81.3745 Y-152.5723
G1 X81.4379 Y-152.5782
G1 X81.5776 Y-152.5725
G1 X81.8032 Y-152.5801
G1 X81.9047 Y-152.5760
G1 X82.0003 Y-152.5584
G1 X82.0840 Y-152.5206
G1 X82.1402 Y-152.4694
G1 X82.1806 Y-152.3960
G1 X82.2005 Y-152.3090
G1 X82.2019 Y-152.2153
G1 X82.1839 Y-152.1013
G1 X82.1495 Y-151.9865
G1 X82.0959 Y-151.8602
G1 X82.0338 Y-151.7458
G1 X81.9686 Y-151.6478
G1 X81.9083 Y-151.5740
G1 X81.8406 Y-151.5073
G1 X81.7651 Y-151.4501
G1 X81.6959 Y-151.4115
G1 X81.6235 Y-151.3840
G1 X81.4616 Y-151.3696
G1 X81.4154 Y-151.3593
G1 X81.3674 Y-151.3292
G1 X81.3470 Y-151.2908
G1 X81.3363 Y-151.2157
G1 X81.3453 Y-151.1185
G1 X81.4598 Y-150.5866
G1 X81.4893 Y-150.3957
G1 X82.4895 Y-150.3664 F5000.0
G1 X83.0957 Y-152.0136 F12000.0
G1 X83.2543 Y-152.5136
G1 X83.1382 Y-152.4166 F12000.0
G1 X83.0807 Y-152.3992
G1 X83.0232 Y-152.3744
G1 X82.9518 Y-152.3350
G1 X82.8816 Y-152.2884
G1 X82.8130 Y-152.2372
G1 X82.5777 Y-152.0430
G1 Z9.0329 F700.0
G1 Z8.5329 F220.0
G4 P0.06
G0 X74.4283 Y-153.5911 F15000.0
G1 Z11.1845 F700.0
G1 Z11.9845 F180.0
G4 P0.06
G1 X72.9866 Y-152.1496 F12000.0
G1 X73.3315 Y-152.4460 F12000.0
G1 X73.4862 Y-152.5869
G1 X74.1082 Y-153.2220
G1 X74.1669 Y-153.2939
G1 X74.2069 Y-153.3592
G1 X74.2363 Y-153.4318
G1 X74.2531 Y-153.5138
G1 Z8.9845 F700.0
G1 Z8.4845 F220.0
G4 P0.06
G0 X71.4292 Y-156.6024 F15000.0
G1 Z11.2321 F700.0
G1 Z12.0321 F180.0
G4 P0.06
G1 X71.4292 Y-144.8656 F12000.0
G1 X71.0918 Y-147.2896
G1 X71.4212 Y-144.8595
G1 X71.7508 Y-147.2896
G1 X71.4212 Y-147.0424
G1 X71.0918 Y-147.2896
G1 X71.7508 Y-147.0424 F12000.0
G1 X71.1329 Y-147.0013 F12000.0
G1 X71.4292 Y-146.8071 F12000.0
G1 X71.7528 Y-147.2483
G1 X70.0761 Y-148.6308 F5000.0
G1 X67.7817 Y-150.1898 F12000.0
G1 X68.3406 Y-149.8369 F5000.0
G1 X68.4209 Y-149.9317 F12000.0
G1 X68.4904 Y-149.9931
G1 X68.5793 Y-150.0399
G1 X68.6732 Y-150.0650
G1 X68.7670 Y-150.0691
G1 X68.8746 Y-150.0507
G1 X68.9790 Y-150.0110
G1 X69.0924 Y-149.9449
G1 X69.2093 Y-149.8513
G1 X69.3220 Y-149.7334
G1 X69.4235 Y-149.5948
G1 X69.4922 Y-149.4662
G1 X69.5325 Y-149.3449
G1 X69.5444 Y-149.2369
G1 X69.5391 Y-149.1758
G1 X69.5284 Y-149.1305
G1 X69.4878 Y-149.0427
G1 X69.4346 Y-148.9149 F12000.0
G1 X69.3659 Y-148.8509
G1 X69.2839 Y-148.8030
G1 X69.2064 Y-148.7807
G1 X69.1132 Y-148.7742
G1 X69.0041 Y-148.7899
G1 X68.8970 Y-148.8270
G1 X68.7942 Y-148.8814
G1 X68.6849 Y-148.9593
G1 X68.5877 Y-149.0484
G1 X68.4970 Y-149.1545
G1 X68.4383 Y-149.2461
G1 X68.3937 Y-149.3499
G1 X68.3647 Y-149.4586
G1 X68.3468 Y-149.5869
G1 X68.3406 Y-149.7486
G1 X68.8406 Y-150.9841 F5000.0
G1 X68.8431 Y-151.0891 F12000.0
G1 X68.8355 Y-151.1327
G1 X68.8242 Y-151.1606
G1 X68.7698 Y-151.2330
G1 X68.6322 Y-151.3644
G1 X68.4897 Y-151.4722
G1 X68.3540 Y-151.5488
G1 X68.2271 Y-151.5955
G1 X68.1165 Y-151.6116
G1 X68.0254 Y-151.6016
G1 X67.9543 Y-151.5732
G1 X67.8901 Y-151.5246
G1 X67.8449 Y-151.4615
G1 X67.8184 Y-151.3880
G1 X67.8060 Y-151.3074
G1 X67.8038 Y-151.2064
G1 X67.8111 Y-151.0135
G1 X68.8406 Y-151.1606 F5000.0
G1 X68.9346 Y-151.2461 F12000.0
G1 X69.0021 Y-151.2870
G1 X69.0474 Y-151.3019
G1 X69.0937 Y-151.3092
G1 X69.1878 Y-151.3060
G1 X69.3263 Y-151.2727
G1 X69.5690 Y-151.1855
G1 X69.7120 Y-151.1151
G1 X69.8282 Y-151.0352
G1 X69.8971 Y-150.9705
G1 X69.9578 Y-150.8951
G1 X70.0090 Y-150.8075
G1 X70.0422 Y-150.7214
G1 X70.0631 Y-150.6285
G1 X70.0755 Y-150.5146
G1 X70.0761 Y-150.1604
G1 X70.0761 Y-151.4547 F5000.0
G1 X70.0755 Y-151.8089 F12000.0
G1 X70.0631 Y-151.9228
G1 X70.0422 Y-152.0157
G1 X70.0090 Y-152.1018
G1 X69.9578 Y-152.1894
G1 X69.8971 Y-152.2648
G1 X69.8282 Y-152.3294
G1 X69.7120 Y-152.4094
G1 X69.5690 Y-152.4798
G1 X69.3263 Y-152.5670
G1 X69.1878 Y-152.6003
G1 X69.0937 Y-152.6035
G1 X69.0474 Y-152.5962
G1 X69.0021 Y-152.5812
G1 X68.9346 Y-152.5404
G1 X68.8406 Y-152.4549
G1 X68.8431 Y-152.3833 F12000.0
G1 X68.8355 Y-152.4270
G1 X68.8242 Y-152.4549
G1 X68.7698 Y-152.5273
G1 X68.6322 Y-152.6587
G1 X68.4897 Y-152.7666
G1 X68.3540 Y-152.8431
G1 X68.2271 Y-152.8898
G1 X68.1165 Y-152.9059
G1 X68.0254 Y-152.8958
G1 X67.9543 Y-152.8675
G1 X67.8901 Y-152.8189
G1 X67.8449 Y-152.7559
G1 X67.8184 Y-152.6823
G1 X67.8060 Y-152.6017
G1 X67.8038 Y-152.5007
G1 X67.8111 Y-152.3078
G1 Z9.0321 F700.0
G1 Z8.5321 F220.0
G4 P0.06
G0 X76.8711 Y-160.8971 F15000.0
G1 Z11.2544 F700.0
G1 Z12.0544 F180.0
G4 P0.06
G1 X77.3443 Y-161.5966 F12000.0
G1 X77.5947 Y-161.9534
G1 X77.6215 Y-162.0106
G1 X77.6637 Y-162.1334
G1 X77.7093 Y-162.2177
G1 X77.8268 Y-162.4093
G1 X78.1319 Y-162.8801
G1 X78.3384 Y-163.2477
G1 X78.4294 Y-163.3938
G1 X78.5196 Y-163.5146
G1 X78.6076 Y-163.6074
G1 X78.6917 Y-163.6733
G1 X78.7831 Y-163.7210
G1 X78.9008 Y-164.0446 F5000.0
G1 X78.6672 Y-161.7502 F12000.0
G1 X78.5772 Y-160.9560
G1 X79.3420 Y-160.7500 F5000.0
G1 X79.3562 Y-160.9250 F12000.0
G1 X79.3829 Y-161.1170
G1 X79.4193 Y-161.3089
G1 X79.4712 Y-161.5318
G1 X79.5434 Y-161.7988
G1 X79.6539 Y-162.1682
G1 X79.8223 Y-162.6577
G1 X79.9165 Y-162.8986
G1 X80.0176 Y-163.1367
G1 X80.2261 Y-163.5742
G1 X80.3402 Y-163.7882
G1 X80.4608 Y-163.9987
G1 X80.6951 Y-164.3682
G1 X81.6953 Y-164.1035 F5000.0
G1 X80.4828 Y-161.9561 F12000.0
G1 X80.4065 Y-161.7217
G1 X80.5774 Y-161.6325
G1 X81.0775 Y-161.6325
G1 X81.2802 Y-161.6496
G1 X81.3717 Y-161.8679
G1 X81.5482 Y-162.3385
G1 X81.7541 Y-161.6619 F5000.0
G1 X81.3422 Y-161.6619 F12000.0
G1 X80.9893 Y-160.8971 F12000.0
G1 X83.4602 Y-160.9265 F5000.0
G1 X83.8034 Y-161.8090 F12000.0
G1 X84.6368 Y-164.0740
G1 X84.4280 Y-163.8748 F12000.0
G1 X84.3241 Y-163.8372
G1 X84.2228 Y-163.7891
G1 X84.1241 Y-163.7326
G1 X83.9211 Y-163.5917
G1 X83.6073 Y-163.3386
G1 X85.3428 Y-164.2799 F5000.0
G1 X85.3058 Y-164.1599 F12000.0
G1 X85.2784 Y-164.0344
G1 X85.2077 Y-163.5280
G1 X85.1704 Y-163.3386
G1 X85.0953 Y-163.0576
G1 X85.0254 Y-162.8247
G1 X84.8656 Y-162.3643
G1 X84.7755 Y-162.1376
G1 X84.6786 Y-161.9140
G1 X84.4867 Y-161.5204
G1 X84.1367 Y-160.8825
G1 X84.0498 Y-160.7467
G1 X83.9602 Y-160.6324
G1 Z9.0544 F700.0
G1 Z8.5544 F220.0
G4 P0.06
G0 X78.6360 Y-161.8679 F15000.0
G1 Z11.2414 F700.0
G1 Z12.0414 F180.0
G4 P0.06
G1 X78.2536 Y-161.8972 F12000.0
G1 X77.6359 Y-161.8972
G1 Z9.0414 F700.0
G1 Z8.5414 F220.0
G4 P0.06
G0 X82.4306 Y-171.4278 F15000.0
G1 Z11.2060 F700.0
G1 Z12.0060 F180.0
G4 P0.06
G1 X84.4015 Y-171.4278 F12000.0
G1 X101.7272 Y-171.4278 F12000.0
G1 X101.4909 Y-171.6310 F5000.0
G1 X102.6030 Y-171.6310 F12000.0
G1 X101.4909 Y-171.6721 F12000.0
G1 X101.9852 Y-171.7134 F12000.0
G1 X101.4037 Y-171.7220 F5000.0
G1 X101.7861 Y-171.4278 F12000.0
G1 X101.3743 Y-171.1043
G1 Z9.0060 F700.0
G1 Z8.5060 F220.0
G4 P0.06
G0 X102.3156 Y-174.8989 F15000.0
G1 Z11.1892 F700.0
G1 Z11.9892 F180.0
G4 P0.06
G1 X102.3156 Y-181.9587 F12000.0
G1 X101.9332 Y-181.5468 F12000.0
G1 X101.4037 Y-181.0174
G1 X101.1095 Y-180.6055
G1 X103.7976 Y-183.4516 F12000.0
G1 X103.6914 Y-183.2162 F12000.0
G1 X103.6175 Y-183.1925
G1 X103.5506 Y-183.1552
G1 X103.4891 Y-183.1077
G1 X103.4201 Y-183.0415
G1 X102.7107 Y-182.3036
G1 X102.5201 Y-182.1278
G1 X102.3450 Y-181.9881
G1 X102.3156 Y-182.3705
G1 X102.3156 Y-185.2532
G1 Z8.9892 F700.0
G1 Z8.4892 F220.0
G4 P0.06
G0 X108.3698 Y-187.6114 F15000.0
G1 Z11.2286 F700.0
G1 Z12.0286 F180.0
G4 P0.06
G1 X108.9877 Y-187.6114 F12000.0
G1 X108.3698 Y-187.6527 F12000.0
G1 X108.9877 Y-187.6938 F12000.0
G1 X109.6401 Y-185.4297 F5000.0
G1 X109.0224 Y-185.4297 F12000.0
G1 X108.6581 Y-185.4697
G1 X108.3287 Y-187.8998
G1 X108.6581 Y-187.6938
G1 X108.9877 Y-187.8998
G1 X108.6581 Y-185.4697
G1 X108.6581 Y-206.0632
G1 Z9.0286 F700.0
G1 Z8.5286 F220.0
G4 P0.06
G0 X98.6899 Y-201.0384 F15000.0
G1 Z11.2073 F700.0
G1 Z12.0073 F180.0
G4 P0.06
G1 X97.9896 Y-201.0384 F12000.0
G1 X98.6975 Y-200.9905 F12000.0
G1 X97.2894 Y-201.0384 F5000.0
G1 X91.8933 Y-201.0384 F12000.0
G1 X97.2855 Y-200.9905 F12000.0
G1 Z9.0073 F700.0
G1 Z8.5073 F220.0
G4 P0.06
G0 X91.1965 Y-200.9905 F15000.0
G1 Z11.2224 F700.0
G1 Z12.0224 F180.0
G4 P0.06
G1 X90.4905 Y-200.9905 F12000.0
G1 X91.1931 Y-201.0384 F12000.0
G1 X89.8140 Y-200.9905 F5000.0
G1 X86.6076 Y-200.9905 F12000.0
G1 X86.2841 Y-200.9023
G1 X84.4377 Y-201.0384 F5000.0
G1 X89.7926 Y-201.0384 F12000.0
G1 Z9.0224 F700.0
G1 Z8.5224 F220.0
G4 P0.06
G0 X84.4309 Y-200.9905 F15000.0
G1 Z11.2303 F700.0
G1 Z12.0303 F180.0
G4 P0.06
G1 X85.7840 Y-200.9905 F12000.0
G1 X85.9746 Y-200.9973
G1 X86.0733 Y-200.9914
G1 X86.1631 Y-200.9666
G1 X86.2020 Y-200.9440
G1 X86.2357 Y-200.9132
G1 X86.2629 Y-200.8729
G1 X86.2785 Y-200.8322
G1 X86.2872 Y-200.7869
G1 X86.2908 Y-200.7224
G1 X86.2841 Y-200.5494
G1 X86.2841 Y-186.0609
G1 X86.2901 Y-185.1218
G1 X86.2743 Y-185.0505
G1 X86.2517 Y-185.0196
G1 X86.2021 Y-184.9935
G1 X86.1197 Y-184.9796
G1 X86.0276 Y-184.9793
G1 X85.8723 Y-184.9885
G1 X84.6074 Y-184.9885
G1 X80.3186 Y-180.6097 F12000.0
G1 X80.5069 Y-180.6680 F12000.0
G1 X80.5396 Y-180.7407
G1 X80.5821 Y-180.8084
G1 X80.6430 Y-180.8840
G1 X80.7230 Y-180.9668
G1 X81.5178 Y-181.7299
G1 X81.6931 Y-181.9194
G1 X81.8424 Y-182.1058
G1 X80.9598 Y-182.7832
G1 X80.1068 Y-183.8119
G1 X75.1356 Y-178.8406 F12000.0
G1 X74.9351 Y-178.6284
G1 X74.8616 Y-178.5631
G1 X74.7827 Y-178.5091
G1 X74.7118 Y-178.4765
G1 X74.6355 Y-178.4582
G1 X82.3782 Y-186.1288 F12000.0
G1 X82.2551 Y-185.8871 F12000.0
G1 X82.1712 Y-185.8537
G1 X82.0906 Y-185.8040
G1 X82.0009 Y-185.7305
G1 X81.8921 Y-185.6212
G1 X81.6757 Y-185.3809
G1 X80.6437 Y-184.3485
G1 X80.3645 Y-184.0551
G1 X80.2335 Y-183.9346
G1 X80.1068 Y-183.8413
G1 X79.6582 Y-184.6943
G1 X79.5029 Y-185.0473
G1 X79.3444 Y-185.9592
G1 X79.3126 Y-186.3416
G1 X79.3245 Y-186.8250 F12000.0
G1 X79.3604 Y-187.1458
G1 X79.4176 Y-187.4638
G1 X79.5050 Y-187.8254
G1 X79.6062 Y-188.1672
G1 X79.7201 Y-188.5039
G1 X79.7883 Y-188.6499
G1 X79.9477 Y-188.9205
G1 X80.0143 Y-189.0509
G1 X80.0609 Y-189.1862
G1 X80.0774 Y-189.3126
G1 Z9.0303 F700.0
G1 Z8.5303 F220.0
G4 P0.06
G0 X82.4306 Y-184.9885 F15000.0
G1 Z11.1948 F700.0
G1 Z11.9948 F180.0
G4 P0.06
G1 X84.4015 Y-184.9885 F12000.0
G1 X84.5559 Y-184.9494
G1 X84.5101 Y-184.7532
G1 X84.1073 Y-184.3414
G1 X83.0483 Y-183.2824
G1 X82.4306 Y-182.6940
G1 X82.4040 Y-182.7993
G1 X82.3931 Y-182.9445
G1 X82.4012 Y-183.2530
G1 X82.4008 Y-184.5545
G1 X82.3720 Y-187.6176
G1 X82.3718 Y-199.3727
G1 X82.3911 Y-200.3330
G1 X82.3848 Y-200.5926
G1 X82.3686 Y-200.8028
G1 X82.3610 Y-200.8360
G1 X82.3426 Y-200.8789
G1 X82.3166 Y-200.9139
G1 X82.2840 Y-200.9419
G1 X82.2457 Y-200.9636
G1 X82.2026 Y-200.9796
G1 X82.0886 Y-200.9994
G1 X81.9654 Y-201.0017
G1 X81.7246 Y-200.9905
G1 X80.0185 Y-200.9905
G1 X79.7936 Y-200.9808
G1 X79.6699 Y-200.9874
G1 X79.5750 Y-201.0121
G1 X79.5117 Y-201.0521
G1 X79.4834 Y-201.0866
G1 X79.4694 Y-201.1147
G1 X79.4547 Y-201.1866
G1 X79.4597 Y-201.3729
G1 X79.4589 Y-221.2619
G1 X79.4642 Y-221.3262
G1 X79.4799 Y-221.3701
G1 X79.5094 Y-221.4044
G1 X79.5477 Y-221.4252
G1 X79.5938 Y-221.4369
G1 X79.6625 Y-221.4421
G1 X79.8421 Y-221.4344
G1 X103.4040 Y-221.4344
G1 X103.5771 Y-221.4282
G1 X103.6429 Y-221.4325
G1 X103.6893 Y-221.4422
G1 X103.7310 Y-221.4592
G1 X103.7555 Y-221.4755
G1 X103.7766 Y-221.4964
G1 X103.7979 Y-221.5299
G1 X103.8236 Y-221.6159
G1 X103.8321 Y-221.7186
G1 X103.8157 Y-222.0521
G1 X103.8157 Y-229.1707
G1 X103.5093 Y-229.2102 F5000.0
G1 X101.6145 Y-229.2102 F12000.0
G1 X103.7976 Y-229.2513 F12000.0
G1 X101.3673 Y-229.5809
G1 X101.6145 Y-229.2513
G1 X101.3673 Y-228.9218
G1 X103.7976 Y-229.2513
G1 X79.4535 Y-229.2513
G1 X82.8724 Y-229.2513
G1 X74.5931 Y-229.2513
G1 X72.1627 Y-229.5809
G1 X72.4099 Y-229.2513
G1 X72.1627 Y-228.9218
G1 X74.5931 Y-229.2513
G1 X71.1742 Y-229.2513
G1 X81.6367 Y-229.2513
G1 X79.4535 Y-229.2513
G1 X81.8839 Y-229.5809
G1 X81.6367 Y-229.2513
G1 X81.8839 Y-228.9218
G1 X79.4535 Y-229.2513
G1 X79.7831 Y-229.2102 F5000.0
G1 X81.6779 Y-229.2102 F12000.0
G1 X80.0715 Y-229.1690 F12000.0
G1 X81.7191 Y-229.3337 F12000.0
G1 X79.7831 Y-229.2926 F12000.0
G1 X80.4010 Y-229.3750 F5000.0
G1 X81.7602 Y-229.3750 F12000.0
G1 X80.6893 Y-229.4161 F12000.0
G1 X81.8015 Y-229.4573 F12000.0
G1 X81.4999 Y-229.2001 F12000.0
G1 X81.6070 Y-229.0531
G1 X80.6893 Y-229.0866 F12000.0
G1 X81.7602 Y-229.1278 F12000.0
G1 X80.9776 Y-229.0455 F12000.0
G1 X81.3072 Y-229.0042 F5000.0
G1 X81.8426 Y-229.0042 F12000.0
G1 X81.6070 Y-229.0531 F12000.0
G1 X81.7835 Y-229.1903
G1 X82.1071 Y-229.2001
G1 X103.4333 Y-229.2001
G1 X103.7766 Y-229.2393
G1 X103.8157 Y-229.4942
G1 X103.8157 Y-230.1414
G1 X103.7976 Y-221.4671 F12000.0
G1 X79.4535 Y-221.4671
G1 X79.4597 Y-224.9643 F12000.0
G1 X79.4008 Y-225.3467
G1 X79.4535 Y-201.0384 F12000.0
G1 X79.4535 Y-230.1986
G1 X79.4535 Y-225.3798
G1 X74.5931 Y-225.3798
G1 X74.5931 Y-201.0384
G1 X74.5931 Y-230.1986
G1 X74.5931 Y-225.3798
G1 X79.1066 Y-225.3467 F12000.0
G1 X79.4206 Y-225.4088
G1 X79.4597 Y-225.7585
G1 X79.4597 Y-230.1119
G1 X81.3072 Y-229.4985 F5000.0
G1 X81.8426 Y-229.4985 F12000.0
G1 X81.4599 Y-229.2001 F5000.0
G1 X72.6058 Y-229.2001 F12000.0
G1 X74.3047 Y-229.2102 F12000.0
G1 X72.4099 Y-229.2926 F12000.0
G1 X74.5931 Y-229.2513 F12000.0
G1 X74.0164 Y-229.1690 F5000.0
G1 X72.3687 Y-229.1690 F12000.0
G1 X73.6868 Y-229.1278 F12000.0
G1 X72.3275 Y-229.3750 F12000.0
G1 X73.3985 Y-229.4161 F12000.0
G1 X72.2863 Y-229.4573 F12000.0
G1 X72.7806 Y-229.4985 F12000.0
G1 X72.3687 Y-229.3337 F5000.0
G1 X74.0164 Y-229.3337 F12000.0
G1 X73.3985 Y-229.0866 F5000.0
G1 X72.2863 Y-229.0866 F12000.0
G1 X73.1101 Y-229.0455 F12000.0
G1 X72.7806 Y-229.0042 F5000.0
G1 X72.2451 Y-229.0042 F12000.0
G1 X72.6058 Y-229.2001 F12000.0
G1 X72.4294 Y-229.3161
G1 X72.2234 Y-229.2034
G1 X71.1644 Y-229.2001
G1 Z8.9948 F700.0
G1 Z8.4948 F220.0
G4 P0.06
G0 X74.6061 Y-230.1414 F15000.0
G1 Z11.2149 F700.0
G1 Z12.0149 F180.0
G4 P0.06
G1 X74.6050 Y-201.2825 F12000.0
G1 X74.6159 Y-201.1596
G1 X74.6281 Y-201.1193
G1 X74.6467 Y-201.0832
G1 X74.6731 Y-201.0518
G1 X74.7085 Y-201.0255
G1 X74.7544 Y-201.0048
G1 X74.8120 Y-200.9905
G1 X69.4441 Y-201.0384 F12000.0
G1 X69.3056 Y-200.8351 F12000.0
G1 X69.2888 Y-200.7373
G1 X69.2629 Y-200.6605
G1 X69.2235 Y-200.5927
G1 X69.1804 Y-200.5480
G1 X69.1256 Y-200.5144
G1 X69.0607 Y-200.4947
G1 X68.9831 Y-200.4889
G1 X68.8877 Y-200.5006
G1 X68.7755 Y-200.5326
G1 X68.5157 Y-200.6370
G1 X67.6502 Y-200.9496
G1 X67.5150 Y-201.0035
G1 X67.3900 Y-201.0668
G1 X67.2788 Y-201.1453
G1 X67.1943 Y-201.2324
G1 X67.1260 Y-201.3401
G1 X67.0763 Y-201.4722
G1 X67.0503 Y-201.6163
G1 X67.0458 Y-201.8249
G1 X67.0523 Y-201.8724
G1 X67.0680 Y-201.9202
G1 X67.0927 Y-201.9669
G1 X67.1223 Y-202.0045
G1 X67.1566 Y-202.0335
G1 X67.2083 Y-202.0601
G1 X67.2510 Y-202.0721
G1 X67.3118 Y-202.0784
G1 X67.3761 Y-202.0756
G1 X67.4424 Y-202.0652
G1 X67.5264 Y-202.0441
G1 X67.6250 Y-202.0111
G1 X67.9453 Y-201.8860
G1 X68.6248 Y-201.6393
G1 X68.8059 Y-201.5676
G1 X68.9192 Y-201.5117
G1 X69.0251 Y-201.4440
G1 X69.1107 Y-201.3716
G1 X69.1779 Y-201.2973
G1 X69.2265 Y-201.2275
G1 X69.2518 Y-201.1703
G1 X69.3112 Y-200.9318
G1 X69.7231 Y-200.9905
G1 X74.1061 Y-200.9905
G1 X74.6061 Y-201.0788
G1 X75.5405 Y-201.0384 F5000.0
G1 X76.1994 Y-201.0384 F12000.0
G1 X75.5474 Y-200.9905 F12000.0
G1 X76.9299 Y-200.9905 F5000.0
G1 X78.7391 Y-200.9904 F12000.0
G1 X79.1173 Y-200.9778
G1 X79.2166 Y-200.9852
G1 X79.3104 Y-201.0038
G1 X79.3962 Y-201.0372
G1 X79.4597 Y-201.0788
G1 X76.9409 Y-201.0384 F5000.0
G1 X82.2958 Y-201.0384 F12000.0
G1 X83.0190 Y-200.9905 F5000.0
G1 X83.6955 Y-200.9905 F12000.0
G1 X83.0372 Y-201.0384 F12000.0
G1 Z9.0149 F700.0
G1 Z8.5149 F220.0
G4 P0.06
G0 X76.0475 Y-197.8725 F15000.0
G1 Z11.2053 F700.0
G1 Z12.0053 F180.0
G4 P0.06
G1 X75.8139 Y-195.5781 F12000.0
G1 X75.7238 Y-194.7839
G1 X75.7827 Y-195.6958 F5000.0
G1 X75.4003 Y-195.7252 F12000.0
G1 X74.7826 Y-195.7252
G1 X74.0177 Y-194.7250 F5000.0
G1 X74.4910 Y-195.4246 F12000.0
G1 X74.7414 Y-195.7814
G1 X74.7682 Y-195.8385
G1 X74.8104 Y-195.9614
G1 X74.8560 Y-196.0456
G1 X74.9735 Y-196.2372
G1 X75.2786 Y-196.7080
G1 X75.4851 Y-197.0757
G1 X75.5761 Y-197.2217
G1 X75.6662 Y-197.3425
G1 X75.7544 Y-197.4354
G1 X75.8384 Y-197.5012
G1 X75.9298 Y-197.5490
G1 Z9.0053 F700.0
G1 Z8.5053 F220.0
G4 P0.06
G0 X68.7230 Y-200.9905 F15000.0
G1 Z11.1975 F700.0
G1 Z11.9975 F180.0
G4 P0.06
G1 X68.0464 Y-200.9905 F12000.0
G1 X68.7027 Y-201.0384 F12000.0
G1 X67.3111 Y-201.0788 F5000.0
G1 X67.2559 Y-201.0408 F12000.0
G1 X67.1847 Y-201.0101
G1 X67.1111 Y-200.9939
G1 X67.0190 Y-200.9878
G1 X61.9574 Y-200.9905
G1 X67.3021 Y-201.0384 F12000.0
G1 X67.0169 Y-200.3728 F5000.0
G1 X67.0684 Y-200.2916 F12000.0
G1 X67.1598 Y-200.1071
G1 X67.2207 Y-200.0029
G1 X67.3092 Y-199.8714
G1 X67.4124 Y-199.7397
G1 X67.5165 Y-199.6274
G1 X67.6301 Y-199.5266
G1 X67.7378 Y-199.4510
G1 X67.8512 Y-199.3927
G1 X67.9693 Y-199.3555
G1 X68.0758 Y-199.3433
G1 X68.0674 Y-199.7753
G1 X68.0799 Y-199.9164
G1 X68.1019 Y-200.0070
G1 X68.1405 Y-200.0810
G1 X68.1702 Y-200.1152
G1 X68.2044 Y-200.1424
G1 X68.2837 Y-200.1776
G1 X68.3741 Y-200.1895
G1 X68.4386 Y-200.1865
G1 X68.5217 Y-200.1719
G1 X68.7012 Y-200.1117
G1 X68.8087 Y-200.0658
G1 X68.8958 Y-200.0214
G1 X68.9771 Y-199.9717
G1 X69.0397 Y-199.9254
G1 X69.1386 Y-199.8292
G1 X69.1848 Y-199.7678
G1 X69.2167 Y-199.7141
G1 X69.2498 Y-199.6409
G1 X69.2704 Y-199.5771
G1 X69.2941 Y-199.4392
G1 X69.2959 Y-199.3540
G1 X69.2870 Y-199.2714
G1 X69.2671 Y-199.1943
G1 X69.2353 Y-199.1255
G1 X69.1912 Y-199.0680
G1 X69.1465 Y-199.0320
G1 X69.0932 Y-199.0065
G1 X69.0310 Y-198.9930
G1 X68.9594 Y-198.9930
G1 X68.8995 Y-199.0026
G1 X68.7290 Y-199.0549
G1 X68.2648 Y-199.2295
G1 X68.1675 Y-199.2787
G1 X68.0758 Y-199.3433
G1 Z8.9975 F700.0
G1 Z8.4975 F220.0
G4 P0.06
G0 X67.4620 Y-202.9447 F15000.0
G1 Z11.1878 F700.0
G1 Z11.9878 F180.0
G4 P0.06
G1 X67.5185 Y-202.8571 F12000.0
G1 X67.5455 Y-202.7797
G1 X67.5498 Y-202.7039
G1 X67.5396 Y-202.6616
G1 X67.4981 Y-202.6002
G1 X67.4723 Y-202.5799
G1 X67.4421 Y-202.5633
G1 X67.3963 Y-202.5493
G1 X67.3654 Y-202.5467
G1 X67.3194 Y-202.5519
G1 X67.2744 Y-202.5668
G1 X67.2312 Y-202.5901
G1 X67.1906 Y-202.6207
G1 X67.1420 Y-202.6705
G1 X67.1015 Y-202.7277
G1 X67.0710 Y-202.7893
G1 X67.0523 Y-202.8524
G1 X67.0473 Y-202.8988
G1 X67.0542 Y-202.9569
G1 X67.0705 Y-202.9962
G1 X67.0972 Y-203.0303
G1 X67.1354 Y-203.0579
G1 X67.1788 Y-203.0747
G1 X67.2389 Y-203.0789
G1 X67.2844 Y-203.0702
G1 X67.3440 Y-203.0449
G1 X67.4001 Y-203.0066
G1 X67.4620 Y-202.9447
G1 Z8.9878 F700.0
G1 Z8.4878 F220.0
G4 P0.06
G0 X57.0744 Y-204.7557 F15000.0
G1 Z11.2291 F700.0
G1 Z12.0291 F180.0
G4 P0.06
G1 X57.0744 Y-194.9015 F12000.0
G1 X57.0450 Y-189.3714
G1 X56.7572 Y-191.8126
G1 X57.0455 Y-189.3825
G1 X57.3751 Y-191.8126
G1 X57.0455 Y-191.5654
G1 X56.7572 Y-191.8126
G1 X56.8719 Y-191.5465 F12000.0
G1 X56.9139 Y-191.4798
G1 X56.9403 Y-191.4488
G1 X56.9797 Y-191.4164
G1 X57.0441 Y-191.3955
G1 X57.1067 Y-191.4089
G1 X57.1789 Y-191.4589
G1 X57.2580 Y-191.5463
G1 X57.3686 Y-191.6952
G1 X56.7984 Y-191.5654 F12000.0
G1 X57.3751 Y-191.5242 F12000.0
G1 X57.0455 Y-189.3825 F5000.0
G1 X57.0455 Y-204.8275 F12000.0
G1 Z9.0291 F700.0
G1 Z8.5291 F220.0
G4 P0.06
G0 X55.1918 Y-202.9319 F15000.0
G1 Z11.1925 F700.0
G1 Z11.9925 F180.0
G4 P0.06
G1 X55.1624 Y-201.9613 F12000.0
G1 X53.4563 Y-202.9026
G1 X54.6623 Y-202.8143 F5000.0
G1 X55.1330 Y-202.6672 F12000.0
G1 X55.6919 Y-202.4319 F12000.0
G1 X55.6919 Y-201.2553 F5000.0
G1 X55.7104 Y-201.1266 F12000.0
G1 X55.7197 Y-200.9976
G1 X55.7237 Y-200.4977
G1 X55.7164 Y-200.4481
G1 X55.6740 Y-200.3904
G1 X55.6294 Y-200.3826
G1 X55.5859 Y-200.3937
G1 X55.5449 Y-200.4167
G1 X55.4040 Y-200.5388
G1 X55.0342 Y-200.9162
G1 X54.5469 Y-201.4284
G1 X54.2981 Y-201.6815
G1 X54.1903 Y-201.7801
G1 X54.0722 Y-201.8640
G1 X53.9653 Y-201.9144
G1 X53.8658 Y-201.9357
G1 X53.8171 Y-201.9373
G1 X53.7540 Y-201.9304
G1 X53.6944 Y-201.9140
G1 X53.6259 Y-201.8807
G1 X53.5663 Y-201.8343
G1 X53.5263 Y-201.7884
G1 X53.4944 Y-201.7354
G1 X53.4715 Y-201.6757
G1 X53.4588 Y-201.6099
G1 X53.4572 Y-201.5387
G1 X53.4656 Y-201.4707
G1 X53.4848 Y-201.3925
G1 X53.5125 Y-201.3188
G1 X53.5479 Y-201.2491
G1 X53.5896 Y-201.1830
G1 X53.6466 Y-201.1076
G1 X53.8093 Y-200.9318
G1 X53.4269 Y-200.2846 F5000.0
G1 X55.7212 Y-198.7256 F12000.0
G1 X55.1624 Y-199.1080 F5000.0
G1 X55.0798 Y-199.0097 F12000.0
G1 X55.0111 Y-198.9457
G1 X54.9291 Y-198.8976
G1 X54.8516 Y-198.8755
G1 X54.7583 Y-198.8690
G1 X54.6492 Y-198.8847
G1 X54.5421 Y-198.9218
G1 X54.4393 Y-198.9761
G1 X54.3300 Y-199.0541
G1 X54.2329 Y-199.1432
G1 X54.1423 Y-199.2491
G1 X54.0835 Y-199.3408
G1 X54.0389 Y-199.4446
G1 X54.0099 Y-199.5534
G1 X53.9920 Y-199.6815
G1 X53.9858 Y-199.8433
G1 X54.0661 Y-200.0265 F12000.0
G1 X54.1356 Y-200.0879
G1 X54.2245 Y-200.1346
G1 X54.3185 Y-200.1598
G1 X54.4121 Y-200.1638
G1 X54.5198 Y-200.1454
G1 X54.6243 Y-200.1058
G1 X54.7375 Y-200.0397
G1 X54.8545 Y-199.9460
G1 X54.9672 Y-199.8281
G1 X55.0687 Y-199.6896
G1 X55.1374 Y-199.5610
G1 X55.1777 Y-199.4397
G1 X55.1896 Y-199.3317
G1 X55.1843 Y-199.2705
G1 X55.1736 Y-199.2252
G1 X55.1330 Y-199.1373
G1 Z8.9925 F700.0
G1 Z8.4925 F220.0
G4 P0.06
G0 X51.1325 Y-198.7256 F15000.0
G1 Z11.1981 F700.0
G1 Z11.9981 F180.0
G4 P0.06
G1 X48.8380 Y-200.2846 F12000.0
G1 X49.3970 Y-199.9316 F5000.0
G1 X49.4773 Y-200.0265 F12000.0
G1 X49.5467 Y-200.0879
G1 X49.6357 Y-200.1346
G1 X49.7296 Y-200.1598
G1 X49.8234 Y-200.1638
G1 X49.9310 Y-200.1454
G1 X50.0354 Y-200.1058
G1 X50.1488 Y-200.0397
G1 X50.2656 Y-199.9460
G1 X50.3783 Y-199.8281
G1 X50.4799 Y-199.6896
G1 X50.5486 Y-199.5610
G1 X50.5889 Y-199.4397
G1 X50.6008 Y-199.3317
G1 X50.5955 Y-199.2705
G1 X50.5848 Y-199.2252
G1 X50.5441 Y-199.1373
G1 X50.4910 Y-199.0097 F12000.0
G1 X50.4222 Y-198.9457
G1 X50.3403 Y-198.8976
G1 X50.2628 Y-198.8755
G1 X50.1695 Y-198.8690
G1 X50.0604 Y-198.8847
G1 X49.9533 Y-198.9218
G1 X49.8505 Y-198.9761
G1 X49.7412 Y-199.0541
G1 X49.6440 Y-199.1432
G1 X49.5534 Y-199.2491
G1 X49.4947 Y-199.3408
G1 X49.4501 Y-199.4446
G1 X49.4211 Y-199.5534
G1 X49.4032 Y-199.6815
G1 X49.3970 Y-199.8433
G1 X50.0735 Y-201.3141 F5000.0
G1 X50.5441 Y-201.1671 F12000.0
G1 X51.1031 Y-200.9318 F12000.0
G1 X50.6030 Y-201.4318 F5000.0
G1 X50.5736 Y-200.4610 F12000.0
G1 X48.8675 Y-201.4024
G1 X49.2204 Y-202.4319 F5000.0
G1 X49.0578 Y-202.6077 F12000.0
G1 X49.0008 Y-202.6832
G1 X48.9590 Y-202.7493
G1 X48.9237 Y-202.8190
G1 X48.8959 Y-202.8926
G1 X48.8767 Y-202.9709
G1 X48.8685 Y-203.0389
G1 X48.8700 Y-203.1102
G1 X48.8828 Y-203.1759
G1 X48.9056 Y-203.2356
G1 X48.9375 Y-203.2887
G1 X48.9775 Y-203.3345
G1 X49.0371 Y-203.3809
G1 X49.1055 Y-203.4142
G1 X49.1653 Y-203.4306
G1 X49.2283 Y-203.4374
G1 X49.2770 Y-203.4359
G1 X49.3765 Y-203.4145
G1 X49.4834 Y-203.3642
G1 X49.6014 Y-203.2802
G1 X49.7092 Y-203.1817
G1 X49.9580 Y-202.9285
G1 X50.4454 Y-202.4165
G1 X50.8152 Y-202.0389
G1 X50.9560 Y-201.9167
G1 X50.9970 Y-201.8938
G1 X51.0406 Y-201.8828
G1 X51.0852 Y-201.8907
G1 X51.1276 Y-201.9482
G1 X51.1348 Y-201.9979
G1 X51.1309 Y-202.4978
G1 X51.1217 Y-202.6269
G1 X51.1031 Y-202.7555
G1 Z8.9981 F700.0
G1 Z8.4981 F220.0
G4 P0.06
G0 X52.1620 Y-182.9588 F15000.0
G1 Z11.2317 F700.0
G1 Z12.0317 F180.0
G4 P0.06
G1 X52.4856 Y-182.5469 F12000.0
G1 X52.8092 Y-182.9882
G1 X52.1849 Y-182.7926 F12000.0
G1 X52.8028 Y-182.7514 F12000.0
G1 Z9.0317 F700.0
G1 Z8.5317 F220.0
G4 P0.06
G0 X76.4466 Y-176.7382 F15000.0
G1 Z11.2286 F700.0
G1 Z12.0286 F180.0
G4 P0.06
G1 X79.4535 Y-179.7448 F12000.0
G1 X79.3341 Y-179.5211 F12000.0
G1 X79.2401 Y-179.4728
G1 X79.1357 Y-179.3959
G1 X79.0352 Y-179.3029
G1 X78.6949 Y-178.9289
G1 X77.1843 Y-177.4184
G1 X76.9094 Y-177.1672
G1 X76.8137 Y-177.0715
G1 X76.7381 Y-176.9838
G1 X76.6746 Y-176.8917
G1 X76.6331 Y-176.8090
G1 X76.6064 Y-176.7227
G1 Z9.0286 F700.0
G1 Z8.5286 F220.0
G4 P0.06
G0 X81.8424 Y-182.1058 F15000.0
G1 Z11.2274 F700.0
G1 Z12.0274 F180.0
G4 P0.06
G1 X82.0482 Y-182.2822 F12000.0
G1 X82.4012 Y-182.6647
G1 X82.4012 Y-181.8410 F12000.0
G1 X81.9306 Y-182.1058 F12000.0
G1 Z9.0274 F700.0
G1 Z8.5274 F220.0
G4 P0.06
G0 X89.3807 Y-186.5406 F15000.0
G1 Z11.2512 F700.0
G1 Z12.0512 F180.0
G4 P0.06
G1 X89.2983 Y-187.4467 F12000.0
G1 X89.0512 Y-188.3117
G1 X88.6392 Y-189.1354
G1 X88.1038 Y-189.8768
G1 X87.4447 Y-190.4945
G1 X86.6621 Y-190.9888
G1 X85.8382 Y-191.3594
G1 X84.9321 Y-191.5242
G1 X84.0258 Y-191.5654
G1 X83.1196 Y-191.4418
G1 X82.2958 Y-191.1535
G1 X81.4719 Y-190.7005
G1 X80.7717 Y-190.1239
G1 X80.1950 Y-189.4237
G1 X79.7419 Y-188.6411
G1 X79.4535 Y-187.7762
G1 X79.2889 Y-186.8701
G1 X79.3300 Y-185.9640
G1 X79.4948 Y-185.0579
G1 X79.8655 Y-184.2342
G1 X80.3598 Y-183.4516
G1 X80.9776 Y-182.7926
G1 X81.6779 Y-182.2571
G1 X82.5017 Y-181.8454
G1 X83.3667 Y-181.5982
G1 X84.2730 Y-181.5158
G1 X85.1791 Y-181.5982
G1 X86.0854 Y-181.8041
G1 X86.9092 Y-182.2160
G1 X87.6506 Y-182.7514
G1 X88.2685 Y-183.4104
G1 X88.7628 Y-184.1518
G1 X89.1335 Y-184.9755
G1 X89.3395 Y-185.8816
G1 X89.3807 Y-186.5406
G1 Z9.0512 F700.0
G1 Z8.5512 F220.0
G4 P0.06
G0 X92.1378 Y-174.5165 F15000.0
G1 Z11.2021 F700.0
G1 Z12.0021 F180.0
G4 P0.06
G1 X92.3042 Y-174.6906 F12000.0
G1 X92.3780 Y-174.7543
G1 X92.4433 Y-174.8014
G1 X92.5126 Y-174.8412
G1 X92.5710 Y-174.8667
G1 X92.6481 Y-174.8890
G1 X92.7151 Y-174.8982
G1 X92.7867 Y-174.8982
G1 X92.8699 Y-174.8842
G1 X92.9305 Y-174.8628
G1 X92.9979 Y-174.8245
G1 X93.0548 Y-174.7749
G1 X93.0999 Y-174.7153
G1 X93.1319 Y-174.6475
G1 X93.1472 Y-174.5882
G1 X93.1512 Y-174.4928
G1 X93.1309 Y-174.3918
G1 X93.0822 Y-174.2848
G1 X93.0089 Y-174.1816
G1 X92.9101 Y-174.0747
G1 X92.7369 Y-173.9096
G1 X91.9786 Y-173.1515
G1 X91.7576 Y-172.9390
G1 X91.6557 Y-172.8193
G1 X91.5789 Y-172.6928
G1 X91.9318 Y-172.6339
G1 X92.4908 Y-172.6633
G1 X93.9910 Y-172.6633 F5000.0
G1 X93.4321 Y-172.6339 F12000.0
G1 X93.0791 Y-172.6928
G1 X93.1559 Y-172.8193
G1 X93.2578 Y-172.9390
G1 X93.4789 Y-173.1515
G1 X94.2372 Y-173.9096
G1 X94.4102 Y-174.0747
G1 X94.5092 Y-174.1816
G1 X94.5823 Y-174.2848
G1 X94.6311 Y-174.3918
G1 X94.6514 Y-174.4928
G1 X94.6473 Y-174.5882
G1 X94.6320 Y-174.6475
G1 X94.6001 Y-174.7153
G1 X94.5550 Y-174.7749
G1 X94.4982 Y-174.8245
G1 X94.4307 Y-174.8628
G1 X94.3701 Y-174.8842
G1 X94.2869 Y-174.8982
G1 X94.2154 Y-174.8982
G1 X94.1483 Y-174.8890
G1 X94.0711 Y-174.8667
G1 X94.0127 Y-174.8412
G1 X93.9435 Y-174.8014
G1 X93.8782 Y-174.7543
G1 X93.8044 Y-174.6906
G1 X93.6379 Y-174.5165
G1 Z9.0021 F700.0
G1 Z8.5021 F220.0
G4 P0.06
G0 X98.9622 Y-175.8403 F15000.0
G1 Z11.1681 F700.0
G1 Z11.9681 F180.0
G4 P0.06
G1 X99.6682 Y-175.8403 F12000.0
G1 X99.9918 Y-175.8499
G1 X100.1682 Y-175.9873
G1 X102.0264 Y-175.9144 F12000.0
G1 X100.1316 Y-175.8320 F12000.0
G1 X102.3147 Y-175.8732 F12000.0
G1 X98.9371 Y-175.8732
G1 X106.2279 Y-175.8732
G1 X103.7976 Y-175.8732
G1 X106.2279 Y-175.5438
G1 X105.9808 Y-175.8732
G1 X106.2279 Y-176.2027
G1 X103.7976 Y-175.8732
G1 X107.2164 Y-175.8732
G1 X106.2279 Y-175.8732 F5000.0
G1 X116.7728 Y-175.8732 F12000.0
G1 X105.8749 Y-175.8403 F12000.0
G1 X100.3447 Y-175.8403 F12000.0
G1 X101.7380 Y-175.7909 F12000.0
G1 X100.0904 Y-175.9555 F12000.0
G1 X101.4085 Y-175.9968 F12000.0
G1 X100.0493 Y-175.7497 F12000.0
G1 X101.1202 Y-175.7085 F12000.0
G1 X100.0080 Y-175.6673 F12000.0
G1 X100.5023 Y-175.6261 F12000.0
G1 X100.5023 Y-176.1203 F5000.0
G1 X99.9669 Y-176.1203 F12000.0
G1 X100.8319 Y-176.0792 F12000.0
G1 X100.0080 Y-176.0379 F12000.0
G1 X100.3153 Y-175.8403 F12000.0
G1 X99.9329 Y-175.5166
G1 X102.3147 Y-175.8732 F5000.0
G1 X99.8845 Y-175.5438 F12000.0
G1 X100.1316 Y-175.8732
G1 X99.8845 Y-176.2027
G1 X102.3147 Y-175.8732
G1 X105.9808 Y-175.8732
G1 X103.7976 Y-175.8732
G1 X104.1271 Y-175.9144 F5000.0
G1 X106.0219 Y-175.9144 F12000.0
G1 X104.4155 Y-175.9555 F12000.0
G1 X106.0631 Y-175.7909 F12000.0
G1 X104.1271 Y-175.8320 F12000.0
G1 X104.7451 Y-175.7497 F5000.0
G1 X106.1043 Y-175.7497 F12000.0
G1 X105.0334 Y-175.7085 F12000.0
G1 X106.1455 Y-175.6673 F12000.0
G1 X105.6512 Y-175.6261 F12000.0
G1 X105.6512 Y-176.1203 F5000.0
G1 X106.1867 Y-176.1203 F12000.0
G1 X105.3217 Y-176.0792 F12000.0
G1 X106.1043 Y-176.0379 F12000.0
G1 X104.7451 Y-175.9968 F12000.0
G1 X105.9396 Y-176.1615 F5000.0
G1 X106.2279 Y-176.1615 F12000.0
G1 X105.8160 Y-175.8403
G1 X106.1690 Y-175.5166
G1 X108.1987 Y-176.7816 F5000.0
G1 X108.4634 Y-177.1640 F12000.0
G1 X108.0222 Y-177.2227 F5000.0
G1 X108.6285 Y-178.8701 F12000.0
G1 X108.7870 Y-179.3701
G1 X108.6709 Y-179.2731 F12000.0
G1 X108.6134 Y-179.2557
G1 X108.5559 Y-179.2309
G1 X108.4846 Y-179.1914
G1 X108.4144 Y-179.1449
G1 X108.3457 Y-179.0936
G1 X108.1105 Y-178.8994
G1 X108.9635 Y-177.1640 F5000.0
G1 X109.2656 Y-177.1604 F12000.0
G1 X109.4267 Y-177.1695
G1 X109.5661 Y-177.1947
G1 X109.6260 Y-177.2135
G1 X109.6846 Y-177.2399
G1 X109.7392 Y-177.2732
G1 X109.8019 Y-177.3232
G1 X109.9000 Y-177.4325
G1 X109.9469 Y-177.5009
G1 X109.9964 Y-177.5880
G1 X110.0753 Y-177.7676
G1 X110.1305 Y-177.9437
G1 X110.1451 Y-178.0234
G1 X110.1495 Y-178.0875
G1 X110.1454 Y-178.1496
G1 X110.1351 Y-178.1935
G1 X110.1144 Y-178.2420
G1 X110.0869 Y-178.2824
G1 X110.0533 Y-178.3152
G1 X110.0149 Y-178.3412
G1 X109.9723 Y-178.3614
G1 X109.9108 Y-178.3802
G1 X109.7963 Y-178.3964
G1 X109.6026 Y-178.3959
G1 X109.5347 Y-178.4045
G1 X109.4962 Y-178.4268
G1 X109.4770 Y-178.4707
G1 X109.4813 Y-178.5424
G1 X109.5109 Y-178.6454
G1 X109.6163 Y-178.8992
G1 X109.7723 Y-179.3289
G1 X109.8027 Y-179.3862
G1 X109.8257 Y-179.4077
G1 X109.9110 Y-179.4323
G1 X110.6402 Y-179.4289
G1 X110.6107 Y-178.3406 F5000.0
G1 X110.9049 Y-177.8993 F12000.0
G1 X110.2872 Y-177.4875 F12000.0
G1 X111.1109 Y-177.5464 F5000.0
G1 X110.9287 Y-177.8993 F12000.0
G1 X111.0520 Y-178.0570
G1 X111.4638 Y-178.3699
G1 X112.2581 Y-177.6640 F5000.0
G1 X112.1404 Y-177.2227 F12000.0
G1 X112.3463 Y-177.7228 F5000.0
G1 X112.5228 Y-178.2229 F12000.0
G1 X112.6405 Y-177.6935 F5000.0
G1 X111.9344 Y-177.6935 F12000.0
G1 X111.6936 Y-177.7326
G1 X111.8706 Y-178.1641
G1 X112.5816 Y-179.3995
G1 X114.5524 Y-179.4289 F5000.0
G1 X113.8234 Y-179.4323 F12000.0
G1 X113.7379 Y-179.4077
G1 X113.7150 Y-179.3862
G1 X113.6845 Y-179.3289
G1 X113.5286 Y-178.8992
G1 X113.4232 Y-178.6454
G1 X113.3936 Y-178.5424
G1 X113.3893 Y-178.4707
G1 X113.4084 Y-178.4268
G1 X113.4470 Y-178.4045
G1 X113.5149 Y-178.3959
G1 X113.7086 Y-178.3964
G1 X113.8231 Y-178.3802
G1 X113.8846 Y-178.3614
G1 X113.9271 Y-178.3412
G1 X113.9656 Y-178.3152
G1 X113.9991 Y-178.2824
G1 X114.0267 Y-178.2420
G1 X114.0473 Y-178.1935
G1 X114.0576 Y-178.1496
G1 X114.0618 Y-178.0875
G1 X114.0574 Y-178.0234
G1 X114.0428 Y-177.9437
G1 X113.9876 Y-177.7676
G1 X113.9087 Y-177.5880
G1 X113.8591 Y-177.5009
G1 X113.8123 Y-177.4325
G1 X113.7142 Y-177.3232
G1 X113.6514 Y-177.2732
G1 X113.5968 Y-177.2399
G1 X113.5382 Y-177.2135
G1 X113.4785 Y-177.1947
G1 X113.3391 Y-177.1695
G1 X113.1780 Y-177.1604
G1 X112.8758 Y-177.1640
G1 Z8.9681 F700.0
G1 Z8.4681 F220.0
G4 P0.06
G0 X115.0727 Y-179.3519 F15000.0
G1 Z11.1845 F700.0
G1 Z11.9845 F180.0
G4 P0.06
G1 X115.1276 Y-179.3858 F12000.0
G1 X115.1851 Y-179.4105
G1 X115.2340 Y-179.4223
G1 X115.2828 Y-179.4229
G1 X115.3273 Y-179.4119
G1 X115.3770 Y-179.3814
G1 X115.4055 Y-179.3479
G1 X115.4247 Y-179.3065
G1 X115.4334 Y-179.2584
G1 X115.4306 Y-179.2083
G1 X115.4189 Y-179.1638
G1 X115.3916 Y-179.1054
G1 X115.3532 Y-179.0508
G1 X115.3066 Y-179.0028
G1 X115.2546 Y-178.9645
G1 X115.1996 Y-178.9385
G1 X115.1165 Y-178.9249
G1 X115.0355 Y-178.9371
G1 X114.9924 Y-178.9562
G1 X114.9674 Y-178.9739
G1 X114.9375 Y-179.0071
G1 X114.9234 Y-179.0338
G1 X114.9131 Y-179.0805
G1 X114.9144 Y-179.1159
G1 X114.9377 Y-179.1935
G1 X114.9891 Y-179.2742
G1 X115.0727 Y-179.3519
G1 Z8.9845 F700.0
G1 Z8.4845 F220.0
G4 P0.06
G0 X114.3837 Y-182.7514 F15000.0
G1 Z11.1854 F700.0
G1 Z11.9854 F180.0
G4 P0.06
G1 X113.7659 Y-182.7514 F12000.0
G1 X114.3837 Y-182.7926 F12000.0
G1 X114.0524 Y-182.5469 F12000.0
G1 X113.7289 Y-182.9588
G1 Z8.9854 F700.0
G1 Z8.4854 F220.0
G4 P0.06
G0 X101.9852 Y-166.9357 F15000.0
G1 Z11.1715 F700.0
G1 Z11.9715 F180.0
G4 P0.06
G1 X101.4497 Y-166.9357 F12000.0
G1 Z8.9715 F700.0
G1 Z8.4715 F220.0
G4 P0.06
G0 X84.8133 Y-171.1043 F15000.0
G1 Z11.2478 F700.0
G1 Z12.0478 F180.0
G4 P0.06
G1 X84.4015 Y-171.4278 F12000.0
G1 X84.7673 Y-171.7134
G1 X84.2317 Y-171.7134
G1 Z9.0478 F700.0
G1 Z8.5478 F220.0
G4 P0.06
G0 X74.5767 Y-221.3168 F15000.0
G1 Z11.2416 F700.0
G1 Z12.0416 F180.0
G4 P0.06
G1 X74.3119 Y-221.2873 F12000.0
G1 Z9.0416 F700.0
G1 Z8.5416 F220.0
G4 P0.06
G0 X76.2240 Y-230.3767 F15000.0
G1 Z11.2405 F700.0
G1 Z12.0405 F180.0
G4 P0.06
G1 X76.5260 Y-230.3732 F12000.0
G1 X76.6872 Y-230.3823
G1 X76.8266 Y-230.4076
G1 X76.8864 Y-230.4263
G1 X76.9451 Y-230.4527
G1 X76.9997 Y-230.4860
G1 X77.0623 Y-230.5360
G1 X77.1605 Y-230.6452
G1 X77.2074 Y-230.7138
G1 X77.2569 Y-230.8008
G1 X77.3358 Y-230.9804
G1 X77.3908 Y-231.1564
G1 X77.4054 Y-231.2362
G1 X77.4100 Y-231.3003
G1 X77.4058 Y-231.3624
G1 X77.3956 Y-231.4063
G1 X77.3749 Y-231.4549
G1 X77.3473 Y-231.4952
G1 X77.3138 Y-231.5280
G1 X77.2754 Y-231.5540
G1 X77.2327 Y-231.5742
G1 X77.1713 Y-231.5930
G1 X77.0568 Y-231.6092
G1 X76.8453 Y-231.6093
G1 X76.7952 Y-231.6174
G1 X76.7567 Y-231.6397
G1 X76.7375 Y-231.6836
G1 X76.7418 Y-231.7553
G1 X76.7713 Y-231.8584
G1 X76.8768 Y-232.1121
G1 X77.0327 Y-232.5417
G1 X77.0632 Y-232.5989
G1 X77.0861 Y-232.6205
G1 X77.1715 Y-232.6451
G1 X77.9007 Y-232.6417
G1 Z9.0405 F700.0
G1 Z8.5405 F220.0
G4 P0.06
G0 X90.7847 Y-232.2593 F15000.0
G1 Z11.1903 F700.0
G1 Z11.9903 F180.0
G4 P0.06
G1 X90.9511 Y-232.4333 F12000.0
G1 X91.0249 Y-232.4971
G1 X91.0902 Y-232.5441
G1 X91.1594 Y-232.5840
G1 X91.2179 Y-232.6094
G1 X91.2949 Y-232.6317
G1 X91.3621 Y-232.6409
G1 X91.4336 Y-232.6409
G1 X91.5167 Y-232.6269
G1 X91.5774 Y-232.6055
G1 X91.6449 Y-232.5672
G1 X91.7018 Y-232.5176
G1 X91.7468 Y-232.4581
G1 X91.7787 Y-232.3902
G1 X91.7940 Y-232.3310
G1 X91.7981 Y-232.2356
G1 X91.7777 Y-232.1346
G1 X91.7290 Y-232.0275
G1 X91.6558 Y-231.9244
G1 X91.5569 Y-231.8176
G1 X91.3839 Y-231.6524
G1 X90.6256 Y-230.8943
G1 X90.4045 Y-230.6818
G1 X90.3026 Y-230.5622
G1 X90.2257 Y-230.4356
G1 X90.5788 Y-230.3767
G1 X91.1376 Y-230.4061
G1 X91.5494 Y-230.3767 F5000.0
G1 X91.8516 Y-230.3732 F12000.0
G1 X92.0127 Y-230.3823
G1 X92.1522 Y-230.4076
G1 X92.2119 Y-230.4263
G1 X92.2706 Y-230.4527
G1 X92.3251 Y-230.4860
G1 X92.3878 Y-230.5360
G1 X92.4859 Y-230.6452
G1 X92.5328 Y-230.7138
G1 X92.5823 Y-230.8008
G1 X92.6613 Y-230.9804
G1 X92.7164 Y-231.1564
G1 X92.7310 Y-231.2362
G1 X92.7356 Y-231.3003
G1 X92.7313 Y-231.3624
G1 X92.7211 Y-231.4063
G1 X92.7003 Y-231.4549
G1 X92.6728 Y-231.4952
G1 X92.6393 Y-231.5280
G1 X92.6008 Y-231.5540
G1 X92.5583 Y-231.5742
G1 X92.4968 Y-231.5930
G1 X92.3823 Y-231.6092
G1 X92.1708 Y-231.6093
G1 X92.1207 Y-231.6174
G1 X92.0821 Y-231.6397
G1 X92.0631 Y-231.6836
G1 X92.0673 Y-231.7553
G1 X92.0968 Y-231.8584
G1 X92.2023 Y-232.1121
G1 X92.3582 Y-232.5417
G1 X92.3887 Y-232.5989
G1 X92.4116 Y-232.6205
G1 X92.4970 Y-232.6451
G1 X93.2261 Y-232.6417
G1 Z8.9903 F700.0
G1 Z8.4903 F220.0
G4 P0.06
G0 X101.4909 Y-229.4573 F15000.0
G1 Z11.2676 F700.0
G1 Z12.0676 F180.0
G4 P0.06
G1 X102.3147 Y-229.4573 F12000.0
G1 X101.4909 Y-229.4161 F12000.0
G1 X102.8914 Y-229.3750 F12000.0
G1 X101.5321 Y-229.1278 F12000.0
G1 X102.6030 Y-229.0866 F12000.0
G1 X101.4909 Y-229.0455 F12000.0
G1 X101.9852 Y-229.0042 F12000.0
G1 X101.5732 Y-229.1690 F5000.0
G1 X103.2210 Y-229.1690 F12000.0
G1 X101.5732 Y-229.3337 F12000.0
G1 X103.5093 Y-229.2926 F12000.0
G1 X101.9852 Y-229.4985 F5000.0
G1 X101.4497 Y-229.4985 F12000.0
G1 X101.7861 Y-229.2001
G1 X101.5214 Y-228.9648
G1 Z9.0676 F700.0
G1 Z8.5676 F220.0
G4 P0.06
G0 X114.0543 Y-221.4671 F15000.0
G1 Z11.2254 F700.0
G1 Z12.0254 F180.0
G4 P0.06
G1 X113.7247 Y-219.0370 F12000.0
G1 X114.0543 Y-219.2841
G1 X114.3837 Y-219.0370
G1 X114.0543 Y-221.4671
G1 X114.0543 Y-180.6097
G1 X114.3837 Y-183.0398
G1 X114.0543 Y-182.7926
G1 X113.7247 Y-183.0398
G1 X114.0524 Y-180.6055
G1 X114.0524 Y-219.3753
G1 X113.8071 Y-219.3665
G1 X114.0543 Y-219.3665
G1 X114.3837 Y-219.3254 F12000.0
G1 X114.0543 Y-219.2841 F12000.0
G1 X113.7289 Y-219.0223 F5000.0
G1 X113.8783 Y-219.2576 F12000.0
G1 X114.0427 Y-219.4636
G1 X114.0524 Y-220.0518
G1 X114.0524 Y-221.3755
G1 Z9.0254 F700.0
G1 Z8.5254 F220.0
G4 P0.06
G0 X0.0014 Y-156.3828 F15000.0
G1 Z11.2017 F700.0
G1 Z12.0017 F180.0
G4 P0.06
G1 X0.0014 Y-69.3715 F12000.0
G1 X0.0439 Y-68.9203
G1 X0.7073 Y-68.8420
G1 X179.9071 Y-68.8420
G1 X0.0000 Y-68.9316 F12000.0
G1 Z9.0017 F700.0
G1 Z8.5017 F220.0
G4 P0.06
G0 X0.0000 Y-64.0716 F15000.0
G1 Z11.2325 F700.0
G1 Z12.0325 F180.0
G4 P0.06
G1 X63.2639 Y-64.0716 F12000.0
G1 X0.1191 Y-64.0179 F12000.0
G1 Z9.0325 F700.0
G1 Z8.5325 F220.0
G4 P0.06
G0 X0.0000 Y-59.2115 F15000.0
G1 Z11.2459 F700.0
G1 Z12.0459 F180.0
G4 P0.06
G1 X63.2639 Y-59.2115 F12000.0
G1 X0.1191 Y-59.1349 F12000.0
G1 Z9.0459 F700.0
G1 Z8.5459 F220.0
G4 P0.06
G0 X0.0000 Y-54.3515 F15000.0
G1 Z11.2696 F700.0
G1 Z12.0696 F180.0
G4 P0.06
G1 X180.0000 Y-54.3515 F12000.0
G1 X164.1992 Y-54.3107 F12000.0
G1 X162.5519 Y-54.2520
G1 X162.5349 Y-34.8289 F12000.0
G1 X179.9071 Y-34.7788 F12000.0
G1 X131.3943 Y-34.8289 F12000.0
G1 X136.1367 Y-34.7788 F12000.0
G1 X136.1725 Y-49.4914 F12000.0
G1 X136.1955 Y-35.7202 F12000.0
G1 X136.2738 Y-34.8212
G1 X136.9604 Y-34.7788
G1 X145.9027 Y-34.7788
G1 X145.9760 Y-54.3515 F12000.0
G1 X145.9616 Y-35.2494 F12000.0
G1 X146.0039 Y-34.8571
G1 X146.3734 Y-34.7788
G1 X150.1973 Y-34.7788
G1 X151.4328 Y-34.6612
G1 X151.4132 Y-29.9689 F12000.0
G1 X179.9071 Y-29.8958 F12000.0
G1 Z9.0696 F700.0
G1 Z8.5696 F220.0
G4 P0.06
G0 X174.2593 Y-31.0137 F15000.0
G1 Z11.2255 F700.0
G1 Z12.0255 F180.0
G4 P0.06
G1 X175.3183 Y-33.9552 F12000.0
G1 X174.3770 Y-33.3669 F12000.0
G1 Z9.0255 F700.0
G1 Z8.5255 F220.0
G4 P0.06
G0 X173.0239 Y-40.1912 F15000.0
G1 Z11.2021 F700.0
G1 Z12.0021 F180.0
G4 P0.06
G1 X174.2364 Y-43.4858 F12000.0
G1 X174.5535 Y-44.4860
G1 X174.3213 Y-44.2919 F12000.0
G1 X174.2063 Y-44.2571
G1 X174.0913 Y-44.2074
G1 X173.9486 Y-44.1286
G1 X173.8081 Y-44.0355
G1 X173.6709 Y-43.9330
G1 X173.2003 Y-43.5447
G1 Z9.0021 F700.0
G1 Z8.5021 F220.0
G4 P0.06
G0 X169.4352 Y-43.8389 F15000.0
G1 Z11.2347 F700.0
G1 Z12.0347 F180.0
G4 P0.06
G1 X169.7680 Y-44.1870 F12000.0
G1 X169.9156 Y-44.3144
G1 X170.0462 Y-44.4086
G1 X170.1848 Y-44.4882
G1 X170.3016 Y-44.5391
G1 X170.4558 Y-44.5837
G1 X170.5899 Y-44.6022
G1 X170.7330 Y-44.6021
G1 X170.8994 Y-44.5742
G1 X171.0207 Y-44.5313
G1 X171.1555 Y-44.4548
G1 X171.2693 Y-44.3555
G1 X171.3594 Y-44.2365
G1 X171.4233 Y-44.1008
G1 X171.4539 Y-43.9822
G1 X171.4620 Y-43.7913
G1 X171.4214 Y-43.5893
G1 X171.3239 Y-43.3752
G1 X171.1775 Y-43.1689
G1 X170.9797 Y-42.9554
G1 X170.6335 Y-42.6249
G1 X169.1169 Y-41.1087
G1 X168.6749 Y-40.6838
G1 X168.4710 Y-40.4445
G1 X168.3174 Y-40.1912
G1 X169.0233 Y-40.0736
G1 X170.1412 Y-40.1325
G1 Z9.0347 F700.0
G1 Z8.5347 F220.0
G4 P0.06
G0 X165.4347 Y-33.2493 F15000.0
G1 Z11.1715 F700.0
G1 Z11.9715 F180.0
G4 P0.06
G1 X165.8448 Y-33.0829 F12000.0
G1 X165.9313 Y-33.0053
G1 X165.9576 Y-32.9533
G1 X165.9698 Y-32.8955
G1 X165.9671 Y-32.8011
G1 X165.9358 Y-32.6684
G1 X165.8270 Y-32.3751
G1 X165.6668 Y-31.8489
G1 X165.5724 Y-31.5849
G1 X165.4874 Y-31.4009
G1 X165.4047 Y-31.2653
G1 X165.3093 Y-31.1523
G1 X165.1994 Y-31.0678
G1 X165.0436 Y-31.0012
G1 X164.8399 Y-30.9520
G1 X164.6594 Y-30.9365
G1 X164.4914 Y-30.9548
G1 X164.4053 Y-30.9861
G1 X164.3566 Y-31.0167
G1 X164.2855 Y-31.1064
G1 X164.2653 Y-31.1644
G1 X164.2554 Y-31.2574
G1 X164.2788 Y-31.4195
G1 X164.3970 Y-31.7792
G1 X164.7440 Y-32.7290
G1 X164.8712 Y-32.9820
G1 X165.0228 Y-33.1904
G1 X165.0359 Y-33.4425 F12000.0
G1 X165.0720 Y-33.6270
G1 X165.1438 Y-33.7985
G1 X165.2392 Y-33.9255
G1 X165.3616 Y-34.0180
G1 X165.5109 Y-34.0685
G1 X165.6036 Y-34.0715
G1 X165.6630 Y-34.0592
G1 X165.7185 Y-34.0341
G1 X165.7682 Y-33.9946
G1 X165.8114 Y-33.9363
G1 X165.8310 Y-33.8770
G1 X165.8308 Y-33.8174
G1 X165.8148 Y-33.7581
G1 X165.7310 Y-33.6180
G1 X165.5723 Y-33.4319
G1 X165.4593 Y-33.3240
G1 X165.3411 Y-33.2490
G1 X165.2011 Y-33.2051
G1 X165.0228 Y-33.1904
G1 X165.0231 Y-33.2217
G1 X163.9405 Y-32.1749 F5000.0
G1 X163.8081 Y-31.7529 F12000.0
G1 X163.6902 Y-31.4657
G1 X163.5572 Y-31.2448
G1 X163.4129 Y-31.0972
G1 X163.3167 Y-31.0384
G1 X163.1858 Y-30.9899
G1 X163.0211 Y-30.9534
G1 X162.8795 Y-30.9395
G1 X162.7410 Y-30.9454
G1 X162.6458 Y-30.9657
G1 X162.5631 Y-31.0023
G1 X162.4975 Y-31.0573
G1 X162.4656 Y-31.1054
G1 X162.4381 Y-31.1936
G1 X162.4410 Y-31.3522
G1 X162.4718 Y-31.4802
G1 X162.7074 Y-32.2381
G1 X162.8038 Y-32.5009
G1 X162.9070 Y-32.7157
G1 X163.0127 Y-32.8775
G1 X163.1374 Y-33.0090
G1 X163.2325 Y-33.0756
G1 X163.3276 Y-33.1161
G1 X163.4483 Y-33.1424
G1 X163.5891 Y-33.1555
G1 X163.7369 Y-33.1525
G1 X163.8790 Y-33.1309
G1 X164.0022 Y-33.0880
G1 X164.0745 Y-33.0401
G1 X164.1338 Y-32.9533
G1 X164.1461 Y-32.8955
G1 X164.1433 Y-32.8011
G1 X164.1121 Y-32.6684
G1 X163.9676 Y-32.2644
G1 X163.9405 Y-32.1749
G1 X161.6695 Y-31.0137 F5000.0
G1 X162.1631 Y-32.3079 F12000.0
G1 X162.3424 Y-32.9503
G1 X162.0225 Y-33.1298
G1 X160.9635 Y-33.1315
G1 X160.5699 Y-33.0892
G1 X160.2969 Y-32.4844
G1 X159.7280 Y-30.9548
G1 X159.1397 Y-30.9548 F5000.0
G1 X158.6939 Y-30.9291 F12000.0
G1 X158.4506 Y-30.9391
G1 X158.3588 Y-30.9578
G1 X158.2800 Y-30.9884
G1 X158.2179 Y-31.0330
G1 X158.1791 Y-31.0828
G1 X158.1543 Y-31.1385
G1 X158.1393 Y-31.2298
G1 X158.1564 Y-31.3916
G1 X158.4346 Y-32.3082
G1 X158.5505 Y-32.5928
G1 X158.6610 Y-32.7924
G1 X158.7938 Y-32.9598
G1 X158.9281 Y-33.0683
G1 X159.0634 Y-33.1230
G1 X159.2532 Y-33.1520
G1 X159.4579 Y-33.1541
G1 X159.9045 Y-33.1315
G1 X161.4341 Y-33.0727 F5000.0
G1 X160.7282 Y-31.0137 F12000.0
G1 Z8.9715 F700.0
G1 Z8.4715 F220.0
G4 P0.06
G0 X158.1396 Y-33.1315 F15000.0
G1 Z11.2595 F700.0
G1 Z12.0595 F180.0
G4 P0.06
G1 X158.0544 Y-32.8222 F12000.0
G1 X157.9515 Y-32.5129
G1 X157.5890 Y-31.5757
G1 X157.4825 Y-31.2393
G1 X157.4286 Y-31.1247
G1 X157.3565 Y-31.0330
G1 X157.2409 Y-30.9650
G1 X157.0844 Y-30.9246
G1 X156.8685 Y-30.9138
G1 X156.7226 Y-30.9300
G1 X156.6187 Y-30.9548
G1 X156.5242 Y-30.9908
G1 X156.4430 Y-31.0380
G1 X156.3791 Y-31.0966
G1 X156.3366 Y-31.1669
G1 X156.3220 Y-31.2203
G1 X156.3196 Y-31.3097
G1 X156.3405 Y-31.4645
G1 X156.3941 Y-31.6527
G1 X156.5985 Y-32.1617
G1 X156.8490 Y-32.8639
G1 X156.9630 Y-33.1315
G1 X155.6099 Y-31.0137 F5000.0
G1 X155.7431 Y-31.3058 F12000.0
G1 X155.8870 Y-31.6657
G1 X156.3765 Y-33.0727
G1 X156.5547 Y-33.4887
G1 X156.6231 Y-33.6810
G1 X156.6556 Y-33.8364
G1 X156.6517 Y-33.9861
G1 X156.6067 Y-34.0634
G1 X156.5585 Y-34.0993
G1 X156.4997 Y-34.1240
G1 X156.3291 Y-34.1444
G1 X156.2276 Y-34.1343
G1 X156.1411 Y-34.1122
G1 X156.0202 Y-34.0440
G1 X155.8884 Y-33.9129
G1 X155.7506 Y-33.7178
G1 X155.4994 Y-33.2935
G1 X155.1234 Y-32.7433
G1 X154.4693 Y-31.7396
G1 X154.1753 Y-31.3146
G1 X153.9037 Y-30.9548
G1 X154.6685 Y-28.6015 F5000.0
G1 X153.4919 Y-28.6015 F12000.0
G1 X153.0395 Y-28.5592
G1 X152.8807 Y-28.2486
G1 X151.3740 Y-24.1303
G1 X150.4915 Y-24.1892 F5000.0
G1 X150.7560 Y-24.9563 F12000.0
G1 X151.3621 Y-26.5687
G1 X151.6758 Y-27.4464
G1 X151.8559 Y-27.8674
G1 X151.9309 Y-28.0786
G1 X151.9718 Y-28.2805
G1 X151.9636 Y-28.4275
G1 X151.9200 Y-28.5233
G1 X151.8752 Y-28.5644
G1 X151.8187 Y-28.5897
G1 X151.6855 Y-28.6074
G1 X150.2034 Y-28.6045
G1 X150.0768 Y-28.5771
G1 X150.0231 Y-28.5452
G1 X149.9818 Y-28.5015
G1 X149.9120 Y-28.3660
G1 X148.9826 Y-25.7647
G1 X148.3736 Y-24.1303
G1 Z9.0595 F700.0
G1 Z8.5595 F220.0
G4 P0.06
G0 X149.6679 Y-21.7771 F15000.0
G1 Z11.2456 F700.0
G1 Z12.0456 F180.0
G4 P0.06
G1 X151.6681 Y-21.7771 F12000.0
G1 X150.5504 Y-21.7183 F5000.0
G1 X149.9850 Y-19.8357 F12000.0
G1 X149.0796 Y-17.3648
G1 X147.1970 Y-17.3060 F5000.0
G1 X147.2985 Y-17.5047 F12000.0
G1 X147.3976 Y-17.7441
G1 X148.0476 Y-19.6048
G1 X148.3623 Y-20.4497
G1 X148.5877 Y-20.9961
G1 X148.6680 Y-21.2186
G1 X148.7188 Y-21.4376
G1 X148.7196 Y-21.5958
G1 X148.6951 Y-21.6725
G1 X148.6665 Y-21.7136
G1 X148.6267 Y-21.7455
G1 X148.5732 Y-21.7677
G1 X148.4770 Y-21.7803
G1 X148.0667 Y-21.7871
G1 X147.9079 Y-21.7748
G1 X147.8234 Y-21.7480
G1 X147.7746 Y-21.7194
G1 X147.6417 Y-21.5946
G1 X147.5227 Y-21.4309
G1 X147.2803 Y-21.0354
G1 X146.6726 Y-20.1576
G1 X145.7086 Y-18.6916
G1 X145.0639 Y-17.7691
G1 X144.7849 Y-17.3060
G1 Z9.0456 F700.0
G1 Z8.5456 F220.0
G4 P0.06
G0 X151.3740 Y-18.8356 F15000.0
G1 Z11.2294 F700.0
G1 Z12.0294 F180.0
G4 P0.06
G1 X153.3743 Y-18.8356 F12000.0
G1 X153.4919 Y-17.2471 F5000.0
G1 X154.0636 Y-17.2397 F12000.0
G1 X154.3866 Y-17.2549
G1 X154.6973 Y-17.3088
G1 X154.8149 Y-17.3455
G1 X154.9267 Y-17.3953
G1 X155.0332 Y-17.4584
G1 X155.1585 Y-17.5542
G1 X155.3611 Y-17.7660
G1 X155.5491 Y-18.0448
G1 X155.7070 Y-18.3802
G1 X155.7700 Y-18.5661
G1 X155.8218 Y-18.7782
G1 X155.8509 Y-18.9883
G1 X155.8574 Y-19.1481
G1 X155.8443 Y-19.2742
G1 X155.8192 Y-19.3651
G1 X155.6884 Y-19.6255
G1 X155.6791 Y-19.6869
G1 X155.6881 Y-19.7461
G1 X155.7253 Y-19.8280
G1 X155.7827 Y-19.9063
G1 X156.0182 Y-20.1447
G1 X156.0899 Y-20.2345
G1 X156.1899 Y-20.3916
G1 X156.2671 Y-20.5404
G1 X156.3577 Y-20.7658
G1 X156.4118 Y-20.9652
G1 X156.4369 Y-21.1611
G1 X156.4307 Y-21.3150
G1 X156.3958 Y-21.4551
G1 X156.3281 Y-21.5763
G1 X156.2236 Y-21.6734
G1 X156.1110 Y-21.7303
G1 X156.0082 Y-21.7592
G1 X155.8888 Y-21.7750
G1 X155.1980 Y-21.7771
G1 X155.1392 Y-19.7180 F5000.0
G1 X155.6099 Y-19.7180 F12000.0
G1 X157.3747 Y-20.7181 F5000.0
G1 X157.8453 Y-21.1065 F12000.0
G1 X157.9825 Y-21.2089
G1 X158.1230 Y-21.3020
G1 X158.2657 Y-21.3809
G1 X158.3807 Y-21.4305
G1 X158.4957 Y-21.4654
G1 X158.6102 Y-21.4830
G1 X158.4108 Y-20.6593 F12000.0
G1 X157.1983 Y-17.3648
G1 X158.6690 Y-17.2471 F5000.0
G1 X159.0183 Y-17.3996 F12000.0
G1 X159.3631 Y-17.5969
G1 X159.6733 Y-17.8242
G1 X159.9733 Y-18.1014
G1 X160.2394 Y-18.4081
G1 X160.4754 Y-18.7413
G1 X160.7150 Y-19.1548
G1 X160.9116 Y-19.5649
G1 X161.0870 Y-19.9946
G1 X161.3589 Y-20.7525
G1 X161.4287 Y-21.0532
G1 X161.4405 Y-21.1838
G1 X161.4355 Y-21.3088
G1 X161.4105 Y-21.4258
G1 X161.3621 Y-21.5320
G1 X161.2870 Y-21.6249
G1 X161.2112 Y-21.6842
G1 X161.1169 Y-21.7336
G1 X160.9625 Y-21.7824
G1 X160.8383 Y-21.8027
G1 X160.6774 Y-21.8090
G1 X160.5462 Y-21.7997
G1 X160.3814 Y-21.7712
G1 X160.2185 Y-21.7254
G1 X160.0604 Y-21.6635
G1 X159.9103 Y-21.5871
G1 X159.7709 Y-21.4976
G1 X159.6453 Y-21.3963
G1 X159.5364 Y-21.2846
G1 X159.4158 Y-21.1099
G1 X159.3250 Y-20.9049
G1 X159.0722 Y-20.1829
G1 X159.0356 Y-20.0240
G1 X159.0249 Y-19.8977
G1 X159.0314 Y-19.8051
G1 X159.0533 Y-19.7154
G1 X159.1293 Y-19.5761
G1 X159.2389 Y-19.4705
G1 X159.3984 Y-19.3907
G1 X159.5495 Y-19.3552
G1 X159.7126 Y-19.3408
G1 X160.4633 Y-19.3549
G1 X160.6165 Y-19.3367
G1 X160.7282 Y-19.3062
G1 X161.4341 Y-18.8356 F5000.0
G1 X163.4344 Y-18.8356 F12000.0
G1 X163.7286 Y-17.6001 F5000.0
G1 X163.7555 Y-17.5099 F12000.0
G1 X163.8182 Y-17.4111
G1 X163.8825 Y-17.3525
G1 X163.9873 Y-17.2934
G1 X164.1097 Y-17.2550
G1 X164.2446 Y-17.2354
G1 X164.3872 Y-17.2333
G1 X164.5323 Y-17.2468
G1 X164.6754 Y-17.2746
G1 X164.8436 Y-17.3268
G1 X164.9638 Y-17.3806
G1 X165.0659 Y-17.4433
G1 X165.1276 Y-17.4954
G1 X165.2235 Y-17.6040
G1 X165.2972 Y-17.7156
G1 X165.3523 Y-17.8297
G1 X165.4146 Y-18.0349
G1 X165.5034 Y-18.6164
G1 X165.5735 Y-18.8654
G1 X165.6744 Y-19.0629
G1 X165.9566 Y-19.4823
G1 X166.0145 Y-19.5916
G1 X166.0586 Y-19.7070
G1 X166.0901 Y-19.8954
G1 X166.0863 Y-19.9985
G1 X166.0669 Y-20.1077
G1 X166.0145 Y-20.2301
G1 X165.9782 Y-20.2774
G1 X165.9128 Y-20.3323
G1 X165.7796 Y-20.3853
G1 X165.5908 Y-20.3943
G1 X165.3853 Y-20.3564
G1 X165.1458 Y-20.2703
G1 X164.9028 Y-20.1422
G1 X164.7287 Y-20.0122
G1 X164.8463 Y-18.8356 F5000.0
G1 X165.4935 Y-18.7767 F12000.0
G1 Z9.0294 F700.0
G1 Z8.5294 F220.0
G4 P0.06
G0 X161.4341 Y-24.0716 F15000.0
G1 Z11.2443 F700.0
G1 Z12.0443 F180.0
G4 P0.06
G1 X160.8165 Y-24.0667 F12000.0
G1 X160.6197 Y-24.0927
G1 X160.4664 Y-24.1374
G1 X160.3281 Y-24.2095
G1 X160.2098 Y-24.3148
G1 X160.1249 Y-24.4495
G1 X160.0912 Y-24.5973
G1 X160.1028 Y-24.7861
G1 X160.1630 Y-25.0106
G1 X160.8368 Y-26.8250
G1 X161.1144 Y-27.6453
G1 X161.2329 Y-27.9105
G1 X161.3726 Y-28.1177
G1 X161.5695 Y-28.2988
G1 X161.7924 Y-28.4350
G1 X162.0254 Y-28.5234
G1 X162.2985 Y-28.5784
G1 X162.6139 Y-28.6012
G1 X163.1402 Y-28.6015
G1 Z9.0443 F700.0
G1 Z8.5443 F220.0
G4 P0.06
G0 X157.6101 Y-28.5428 F15000.0
G1 Z11.2436 F700.0
G1 Z12.0436 F180.0
G4 P0.06
G1 X157.0879 Y-27.1361 F12000.0
G1 X156.9939 Y-26.8704
G1 X156.8714 Y-26.4675
G1 X156.8175 Y-26.3487
G1 X156.7682 Y-26.2732
G1 X156.6871 Y-26.1995
G1 X156.5766 Y-26.1683
G1 X156.4458 Y-26.1681
G1 X156.1981 Y-26.1895
G1 X155.6561 Y-26.1780
G1 X155.4858 Y-26.1895
G1 X155.3240 Y-26.2188
G1 X155.2057 Y-26.2593
G1 X155.1014 Y-26.3183
G1 X155.0151 Y-26.3988
G1 X154.9643 Y-26.4753
G1 X154.9275 Y-26.5671
G1 X154.9060 Y-26.6950
G1 X154.9178 Y-26.8522
G1 X154.9779 Y-27.0697
G1 X155.3167 Y-28.0397
G1 X155.5510 Y-28.6015
G1 Z9.0436 F700.0
G1 Z8.5436 F220.0
G4 P0.06
G0 X156.6099 Y-26.1306 F15000.0
G1 Z11.2264 F700.0
G1 Z12.0264 F180.0
G4 P0.06
G1 X156.5949 Y-25.8943 F12000.0
G1 X156.5522 Y-25.6441
G1 X156.4828 Y-25.3883
G1 X156.3873 Y-25.1349
G1 X156.2834 Y-24.9219
G1 X156.1606 Y-24.7225
G1 X156.0198 Y-24.5424
G1 X155.8616 Y-24.3870
G1 X155.7123 Y-24.2776
G1 X155.5788 Y-24.2059
G1 X155.4338 Y-24.1516
G1 X155.2505 Y-24.1068
G1 X155.0608 Y-24.0803
G1 X154.8673 Y-24.0679
G1 X154.1979 Y-24.0716
G1 Z9.0264 F700.0
G1 Z8.5264 F220.0
G4 P0.06
G0 X156.9041 Y-24.1303 F15000.0
G1 Z11.2743 F700.0
G1 Z12.0743 F180.0
G4 P0.06
G1 X157.5132 Y-25.7647 F12000.0
G1 X158.4425 Y-28.3660
G1 X158.5122 Y-28.5015
G1 X158.5536 Y-28.5452
G1 X158.6074 Y-28.5771
G1 X158.7339 Y-28.6045
G1 X160.2160 Y-28.6074
G1 X160.3493 Y-28.5897
G1 X160.4058 Y-28.5644
G1 X160.4504 Y-28.5233
G1 X160.4942 Y-28.4275
G1 X160.5024 Y-28.2805
G1 X160.4614 Y-28.0786
G1 X160.3863 Y-27.8674
G1 X160.2063 Y-27.4464
G1 X159.8926 Y-26.5687
G1 X159.2866 Y-24.9563
G1 X159.0221 Y-24.1892
G1 Z9.0743 F700.0
G1 Z8.5743 F220.0
G4 P0.06
G0 X156.9630 Y-40.1325 F15000.0
G1 Z11.2752 F700.0
G1 Z12.0752 F180.0
G4 P0.06
G1 X157.1157 Y-40.3394 F12000.0
G1 X157.2902 Y-40.6101
G1 X157.9378 Y-41.7272
G1 X158.9548 Y-43.4144
G1 X159.4046 Y-44.1835
G1 X159.4712 Y-44.3308
G1 X159.4816 Y-44.3932
G1 X159.4771 Y-44.4561
G1 X159.4558 Y-44.5079
G1 X159.3969 Y-44.5638
G1 X159.3132 Y-44.5977
G1 X159.2129 Y-44.6146
G1 X159.0676 Y-44.6183
G1 X158.7868 Y-44.6037
G1 X157.7427 Y-44.6018
G1 X157.6821 Y-44.5879
G1 X157.6283 Y-44.5613
G1 X157.5658 Y-44.4974
G1 X157.5072 Y-44.3810
G1 X157.4336 Y-44.1329
G1 Z9.0752 F700.0
G1 Z8.5752 F220.0
G4 P0.06
G0 X154.3156 Y-43.8389 F15000.0
G1 Z11.2631 F700.0
G1 Z12.0631 F180.0
G4 P0.06
G1 X154.6484 Y-44.1870 F12000.0
G1 X154.7959 Y-44.3144
G1 X154.9267 Y-44.4086
G1 X155.0651 Y-44.4882
G1 X155.1820 Y-44.5391
G1 X155.3361 Y-44.5837
G1 X155.4704 Y-44.6022
G1 X155.6135 Y-44.6021
G1 X155.7797 Y-44.5742
G1 X155.9010 Y-44.5313
G1 X156.0359 Y-44.4548
G1 X156.1497 Y-44.3555
G1 X156.2398 Y-44.2365
G1 X156.3037 Y-44.1008
G1 X156.3342 Y-43.9822
G1 X156.3425 Y-43.7913
G1 X156.3017 Y-43.5893
G1 X156.2043 Y-43.3752
G1 X156.0579 Y-43.1689
G1 X155.8601 Y-42.9554
G1 X155.5139 Y-42.6249
G1 X153.9973 Y-41.1087
G1 X153.5552 Y-40.6838
G1 X153.3513 Y-40.4445
G1 X153.1977 Y-40.1912
G1 X153.9037 Y-40.0736
G1 X155.0215 Y-40.1325
G1 Z9.0631 F700.0
G1 Z8.5631 F220.0
G4 P0.06
G0 X151.9623 Y-40.0736 F15000.0
G1 Z11.2288 F700.0
G1 Z12.0288 F180.0
G4 P0.06
G1 X151.4328 Y-39.3088 F12000.0
G1 Z9.0288 F700.0
G1 Z8.5288 F220.0
G4 P0.06
G0 X150.0461 Y-42.9235 F15000.0
G1 Z11.2139 F700.0
G1 Z12.0139 F180.0
G4 P0.06
G1 X150.2815 Y-43.5722 F12000.0
G1 X150.3724 Y-43.7775
G1 X150.4615 Y-43.9429
G1 X150.5641 Y-44.0963
G1 X150.6833 Y-44.2350
G1 X150.7978 Y-44.3376
G1 X150.9279 Y-44.4270
G1 X151.1074 Y-44.5148
G1 X151.3152 Y-44.5790
G1 X151.5595 Y-44.6176
G1 X151.7914 Y-44.6208
G1 X151.9860 Y-44.5916
G1 X152.1347 Y-44.5391
G1 X152.2625 Y-44.4564
G1 X152.3614 Y-44.3393
G1 X152.4223 Y-44.1906
G1 X152.4459 Y-44.0362
G1 X152.4410 Y-43.8775
G1 X152.4058 Y-43.6843
G1 X152.3256 Y-43.4289
G1 X152.0965 Y-42.8368
G1 X151.7631 Y-41.8111
G1 X151.5914 Y-41.3518
G1 X151.4853 Y-41.1171
G1 X151.3815 Y-40.9201
G1 X151.2639 Y-40.7305
G1 X151.1481 Y-40.5743
G1 X151.0171 Y-40.4312
G1 X150.8952 Y-40.3270
G1 X150.7609 Y-40.2406
G1 X150.6133 Y-40.1760
G1 X150.3749 Y-40.1178
G1 X150.1148 Y-40.0844
G1 X149.9144 Y-40.0838
G1 X149.7216 Y-40.1127
G1 X149.5746 Y-40.1648
G1 X149.4468 Y-40.2470
G1 X149.3446 Y-40.3639
G1 X149.2855 Y-40.4854
G1 X149.2651 Y-40.5664
G1 X149.2584 Y-40.6829
G1 X149.2713 Y-40.8069
G1 X149.3093 Y-40.9684
G1 X149.3894 Y-41.1974
G1 X149.5861 Y-41.6620
G1 X149.8636 Y-42.4115
G1 X150.0461 Y-42.9235
G1 Z9.0139 F700.0
G1 Z8.5139 F220.0
G4 P0.06
G0 X149.1384 Y-50.4279 F15000.0
G1 Z11.2229 F700.0
G1 Z12.0229 F180.0
G4 P0.06
G1 X150.3150 Y-53.6048 F12000.0
G1 X150.3150 Y-53.2518 F5000.0
G1 X150.7268 Y-52.1340 F12000.0
G1 X151.9623 Y-53.1341
G1 X152.2565 Y-53.6048 F5000.0
G1 X151.0799 Y-50.4868 F12000.0
G1 X153.1030 Y-51.1638 F5000.0
G1 X152.9899 Y-50.8254 F12000.0
G1 X152.9360 Y-50.7083
G1 X152.8605 Y-50.6090
G1 X152.7408 Y-50.5302
G1 X152.6019 Y-50.4773
G1 X152.4340 Y-50.4349
G1 X152.2908 Y-50.4147
G1 X152.1497 Y-50.4117
G1 X152.0200 Y-50.4307
G1 X151.9355 Y-50.4624
G1 X151.8666 Y-50.5112
G1 X151.8168 Y-50.5790
G1 X151.7960 Y-50.6362
G1 X151.7846 Y-50.7294
G1 X151.8059 Y-50.8896
G1 X152.0483 Y-51.6781
G1 X152.1554 Y-51.9740
G1 X152.2585 Y-52.1889
G1 X152.3836 Y-52.3748
G1 X152.5118 Y-52.5005
G1 X152.6369 Y-52.5746
G1 X152.7826 Y-52.6040
G1 X153.2884 Y-52.6152
G1 X153.3881 Y-52.6004
G1 X153.4447 Y-52.5794
G1 X153.4896 Y-52.5473
G1 X153.5205 Y-52.5000
G1 X153.5334 Y-52.4105
G1 X153.5157 Y-52.3132
G1 X153.1494 Y-51.2839
G1 X153.1030 Y-51.1638
G1 X154.6098 Y-50.4279 F5000.0
G1 X154.1638 Y-50.4022 F12000.0
G1 X153.9205 Y-50.4122
G1 X153.8288 Y-50.4309
G1 X153.7500 Y-50.4615
G1 X153.6878 Y-50.5061
G1 X153.6490 Y-50.5559
G1 X153.6243 Y-50.6116
G1 X153.6092 Y-50.7029
G1 X153.6264 Y-50.8647
G1 X153.9047 Y-51.7813
G1 X154.0204 Y-52.0660
G1 X154.1309 Y-52.2655
G1 X154.2637 Y-52.4329
G1 X154.3981 Y-52.5414
G1 X154.5334 Y-52.5961
G1 X154.7232 Y-52.6251
G1 X154.9280 Y-52.6272
G1 X155.3745 Y-52.6046
G1 X157.1983 Y-52.6046 F5000.0
G1 X156.7517 Y-52.6272 F12000.0
G1 X156.5470 Y-52.6251
G1 X156.3572 Y-52.5961
G1 X156.2219 Y-52.5414
G1 X156.0875 Y-52.4329
G1 X155.9547 Y-52.2655
G1 X155.8442 Y-52.0660
G1 X155.7284 Y-51.7813
G1 X155.4502 Y-50.8649
G1 X155.4329 Y-50.7032
G1 X155.4481 Y-50.6119
G1 X155.4728 Y-50.5561
G1 X155.5116 Y-50.5061
G1 X155.5738 Y-50.4615
G1 X155.6526 Y-50.4309
G1 X155.7443 Y-50.4122
G1 X155.9876 Y-50.4022
G1 X156.4335 Y-50.4279
G1 X158.5154 Y-51.1638 F5000.0
G1 X158.4024 Y-50.8254 F12000.0
G1 X158.3484 Y-50.7083
G1 X158.2729 Y-50.6090
G1 X158.1533 Y-50.5302
G1 X158.0144 Y-50.4773
G1 X157.8465 Y-50.4349
G1 X157.7033 Y-50.4147
G1 X157.5622 Y-50.4117
G1 X157.4324 Y-50.4307
G1 X157.3480 Y-50.4624
G1 X157.2790 Y-50.5112
G1 X157.2293 Y-50.5790
G1 X157.2085 Y-50.6362
G1 X157.1970 Y-50.7294
G1 X157.2183 Y-50.8896
G1 X157.4607 Y-51.6781
G1 X157.5679 Y-51.9740
G1 X157.6710 Y-52.1889
G1 X157.7961 Y-52.3748
G1 X157.9243 Y-52.5005
G1 X158.0494 Y-52.5746
G1 X158.1951 Y-52.6040
G1 X158.7009 Y-52.6152
G1 X158.8006 Y-52.6004
G1 X158.8572 Y-52.5794
G1 X158.9020 Y-52.5473
G1 X158.9330 Y-52.5000
G1 X158.9459 Y-52.4105
G1 X158.9282 Y-52.3132
G1 X158.5618 Y-51.2839
G1 X158.5154 Y-51.1638
G1 Z9.0229 F700.0
G1 Z8.5229 F220.0
G4 P0.06
G0 X163.6109 Y-50.4279 F15000.0
G1 Z11.2430 F700.0
G1 Z12.0430 F180.0
G4 P0.06
G1 X164.7875 Y-53.6048 F12000.0
G1 X164.7875 Y-53.2518 F5000.0
G1 X165.1994 Y-52.1340 F12000.0
G1 X166.4348 Y-53.1341
G1 X166.7290 Y-53.6048 F5000.0
G1 X165.5523 Y-50.4868 F12000.0
G1 X167.6343 Y-51.1638 F5000.0
G1 X167.5212 Y-50.8254 F12000.0
G1 X167.4672 Y-50.7083
G1 X167.3917 Y-50.6090
G1 X167.2721 Y-50.5302
G1 X167.1332 Y-50.4773
G1 X166.9653 Y-50.4349
G1 X166.8221 Y-50.4147
G1 X166.6810 Y-50.4117
G1 X166.5512 Y-50.4307
G1 X166.4668 Y-50.4624
G1 X166.3978 Y-50.5112
G1 X166.3481 Y-50.5790
G1 X166.3273 Y-50.6362
G1 X166.3158 Y-50.7294
G1 X166.3371 Y-50.8896
G1 X166.5796 Y-51.6781
G1 X166.6868 Y-51.9740
G1 X166.7898 Y-52.1889
G1 X166.9150 Y-52.3748
G1 X167.0431 Y-52.5005
G1 X167.1682 Y-52.5746
G1 X167.3139 Y-52.6040
G1 X167.8197 Y-52.6152
G1 X167.9194 Y-52.6004
G1 X167.9760 Y-52.5794
G1 X168.0210 Y-52.5473
G1 X168.0518 Y-52.5000
G1 X168.0648 Y-52.4105
G1 X168.0470 Y-52.3132
G1 X167.6807 Y-51.2839
G1 X167.6343 Y-51.1638
G1 X169.1410 Y-50.4279 F5000.0
G1 X168.6951 Y-50.4022 F12000.0
G1 X168.4519 Y-50.4122
G1 X168.3602 Y-50.4309
G1 X168.2813 Y-50.4615
G1 X168.2191 Y-50.5061
G1 X168.1804 Y-50.5559
G1 X168.1556 Y-50.6116
G1 X168.1405 Y-50.7029
G1 X168.1577 Y-50.8647
G1 X168.4360 Y-51.7813
G1 X168.5517 Y-52.0660
G1 X168.6622 Y-52.2655
G1 X168.7950 Y-52.4329
G1 X168.9294 Y-52.5414
G1 X169.0647 Y-52.5961
G1 X169.2545 Y-52.6251
G1 X169.4592 Y-52.6272
G1 X169.9058 Y-52.6046
G1 X170.5530 Y-52.6046 F5000.0
G1 X170.0429 Y-51.2516 F12000.0
G1 X169.9123 Y-50.6632
G1 X170.1412 Y-50.4344
G1 X171.2589 Y-50.4279
G1 X171.6560 Y-50.5061
G1 X171.9290 Y-51.1339
G1 X172.5532 Y-52.6635
G1 X171.4942 Y-52.6046 F5000.0
G1 X170.7883 Y-50.4868 F12000.0
G1 X172.2590 Y-50.4279 F5000.0
G1 X172.8279 Y-51.9575 F12000.0
G1 X173.1009 Y-52.5623
G1 X173.4945 Y-52.6046
G1 X174.5535 Y-52.6029
G1 X174.8735 Y-52.4235
G1 X174.6941 Y-51.7811
G1 X174.2005 Y-50.4868
G1 X173.2592 Y-50.4868 F5000.0
G1 X173.9651 Y-52.5458 F12000.0
G1 Z9.0430 F700.0
G1 Z8.5430 F220.0
G4 P0.06
G0 X176.2824 Y-51.1638 F15000.0
G1 Z11.2266 F700.0
G1 Z12.0266 F180.0
G4 P0.06
G1 X176.1694 Y-50.8254 F12000.0
G1 X176.1154 Y-50.7083
G1 X176.0399 Y-50.6090
G1 X175.9203 Y-50.5302
G1 X175.7814 Y-50.4773
G1 X175.6135 Y-50.4349
G1 X175.4703 Y-50.4147
G1 X175.3292 Y-50.4117
G1 X175.1994 Y-50.4307
G1 X175.1150 Y-50.4624
G1 X175.0460 Y-50.5112
G1 X174.9963 Y-50.5790
G1 X174.9755 Y-50.6362
G1 X174.9640 Y-50.7294
G1 X174.9853 Y-50.8896
G1 X175.2277 Y-51.6781
G1 X175.3349 Y-51.9740
G1 X175.4380 Y-52.1889
G1 X175.5632 Y-52.3748
G1 X175.6913 Y-52.5005
G1 X175.8164 Y-52.5746
G1 X175.9621 Y-52.6040
G1 X176.4679 Y-52.6152
G1 X176.5676 Y-52.6004
G1 X176.6242 Y-52.5794
G1 X176.6691 Y-52.5473
G1 X176.7000 Y-52.5000
G1 X176.7130 Y-52.4105
G1 X176.6952 Y-52.3132
G1 X176.3289 Y-51.2839
G1 X176.2824 Y-51.1638
G1 X178.2599 Y-52.7224 F5000.0
G1 X178.1079 Y-52.6577 F12000.0
G1 X177.7608 Y-52.6067
G1 X177.6106 Y-52.5594
G1 X177.5311 Y-52.5101
G1 X177.4450 Y-52.4348
G1 X177.3666 Y-52.3450
G1 X177.2786 Y-52.2156
G1 X177.1720 Y-52.0102
G1 X177.0700 Y-51.7539
G1 X176.9755 Y-51.4591
G1 X176.8083 Y-50.8676
G1 X176.7915 Y-50.7391
G1 X176.8045 Y-50.6160
G1 X176.8429 Y-50.5352
G1 X176.9132 Y-50.4702
G1 X177.0005 Y-50.4364
G1 X177.0987 Y-50.4249
G1 X177.2999 Y-50.4296
G1 X177.4476 Y-50.4488
G1 X177.5455 Y-50.4756
G1 X177.6605 Y-50.5262
G1 X177.7362 Y-50.5745
G1 X177.8247 Y-50.6513
G1 X177.9506 Y-50.8146
G1 X178.0488 Y-51.0068
G1 X178.2828 Y-51.6634
G1 X178.4559 Y-52.0853
G1 X178.5059 Y-52.3082
G1 X178.5056 Y-52.3990
G1 X178.4835 Y-52.4898
G1 X178.4371 Y-52.5681
G1 X178.3004 Y-52.7353
G1 X178.2199 Y-52.8681
G1 X177.9068 Y-53.4872
G1 X179.0247 Y-53.6048
G1 Z9.0266 F700.0
G1 Z8.5266 F220.0
G4 P0.06
G0 X179.9071 Y-49.4278 F15000.0
G1 Z11.1850 F700.0
G1 Z11.9850 F180.0
G4 P0.06
G1 X131.4302 Y-49.4278 F12000.0
G1 Z8.9850 F700.0
G1 Z8.4850 F220.0
G4 P0.06
G0 X135.4896 Y-50.4279 F15000.0
G1 Z11.2020 F700.0
G1 Z12.0020 F180.0
G4 P0.06
G1 X135.7612 Y-50.7877 F12000.0
G1 X136.0552 Y-51.2128
G1 X136.7092 Y-52.2164
G1 X137.0853 Y-52.7666
G1 X137.3364 Y-53.1909
G1 X137.4743 Y-53.3860
G1 X137.6060 Y-53.5172
G1 X137.7269 Y-53.5854
G1 X137.8135 Y-53.6075
G1 X137.9150 Y-53.6176
G1 X138.0856 Y-53.5971
G1 X138.1444 Y-53.5724
G1 X138.1925 Y-53.5366
G1 X138.2375 Y-53.4592
G1 X138.2415 Y-53.3095
G1 X138.2089 Y-53.1541
G1 X138.1405 Y-52.9618
G1 X137.9622 Y-52.5458
G1 X137.4728 Y-51.1388
G1 X137.3289 Y-50.7789
G1 X137.1957 Y-50.4868
G1 X139.5490 Y-50.4279 F5000.0
G1 X140.1179 Y-51.9575 F12000.0
G1 X140.3908 Y-52.5623
G1 X140.7844 Y-52.6046
G1 X141.8433 Y-52.6029
G1 X142.1634 Y-52.4235
G1 X141.9840 Y-51.7811
G1 X141.4904 Y-50.4868
G1 X140.5490 Y-50.4868 F5000.0
G1 X141.2551 Y-52.5458 F12000.0
G1 X139.7254 Y-52.6046 F5000.0
G1 X139.6403 Y-52.2953 F12000.0
G1 X139.5373 Y-51.9860
G1 X139.1749 Y-51.0488
G1 X139.0683 Y-50.7124
G1 X139.0144 Y-50.5978
G1 X138.9423 Y-50.5061
G1 X138.8268 Y-50.4381
G1 X138.6702 Y-50.3978
G1 X138.4544 Y-50.3869
G1 X138.3084 Y-50.4031
G1 X138.2046 Y-50.4280
G1 X138.1100 Y-50.4639
G1 X138.0288 Y-50.5111
G1 X137.9650 Y-50.5697
G1 X137.9224 Y-50.6400
G1 X137.9079 Y-50.6934
G1 X137.9054 Y-50.7828
G1 X137.9263 Y-50.9376
G1 X137.9800 Y-51.1258
G1 X138.1843 Y-51.6348
G1 X138.4348 Y-52.3370
G1 X138.5488 Y-52.6046
G1 Z9.0020 F700.0
G1 Z8.5020 F220.0
G4 P0.06
G0 X141.1155 Y-49.4914 F15000.0
G1 Z11.2516 F700.0
G1 Z12.0516 F180.0
G4 P0.06
G1 X141.1155 Y-34.8289 F12000.0
G1 X141.1374 Y-49.3689
G1 Z9.0516 F700.0
G1 Z8.5516 F220.0
G4 P0.06
G0 X145.9760 Y-49.4914 F15000.0
G1 Z11.2261 F700.0
G1 Z12.0261 F180.0
G4 P0.06
G1 X180.0000 Y-49.4914 F12000.0
G1 X131.3943 Y-49.4914
G1 X145.9760 Y-49.4914
G1 Z9.0261 F700.0
G1 Z8.5261 F220.0
G4 P0.06
G0 X140.2549 Y-58.7231 F15000.0
G1 Z11.2264 F700.0
G1 Z12.0264 F180.0
G4 P0.06
G1 X141.0259 Y-58.7188 F12000.0
G1 X141.4763 Y-58.7549
G1 X141.6938 Y-58.7977
G1 X141.8816 Y-58.8551
G1 X142.0344 Y-58.9207
G1 X142.2036 Y-59.0171
G1 X142.3581 Y-59.1307
G1 X142.5211 Y-59.2824
G1 X142.6667 Y-59.4519
G1 X142.8138 Y-59.6633
G1 X142.9422 Y-59.8892
G1 X143.0540 Y-60.1248
G1 X143.1512 Y-60.3656
G1 X143.2770 Y-60.7244
G1 X143.3459 Y-60.9418
G1 X143.3917 Y-61.1331
G1 X143.4130 Y-61.2929
G1 X143.4129 Y-61.4510
G1 X143.3858 Y-61.6053
G1 X143.3408 Y-61.7244
G1 X143.2696 Y-61.8421
G1 X143.1805 Y-61.9414
G1 X143.0802 Y-62.0165
G1 X142.9703 Y-62.0708
G1 X142.8526 Y-62.1072
G1 X142.7288 Y-62.1293
G1 X142.5027 Y-62.1427
G1 X141.8242 Y-62.1234
G1 X141.6864 Y-62.1331
G1 X141.5978 Y-62.1607
G1 X141.5512 Y-62.1927
G1 X141.5165 Y-62.2402
G1 X141.4982 Y-62.2987
G1 X141.4950 Y-62.3614
G1 X141.5079 Y-62.4574
G1 X141.6165 Y-62.8572
G1 X142.3132 Y-64.7863
G1 X142.3840 Y-64.9282
G1 X142.4445 Y-64.9978
G1 X142.5205 Y-65.0475
G1 X142.6054 Y-65.0758
G1 X142.7010 Y-65.0903
G1 X144.1371 Y-65.0697
G1 X144.5246 Y-65.0911
G1 X144.8437 Y-65.1357
G1 Z9.0264 F700.0
G1 Z8.5264 F220.0
G4 P0.06
G0 X139.7508 Y-60.9814 F15000.0
G1 Z11.2728 F700.0
G1 Z12.0728 F180.0
G4 P0.06
G1 X139.5831 Y-60.4876 F12000.0
G1 X139.4536 Y-60.1525
G1 X139.3310 Y-59.8880
G1 X139.1885 Y-59.6398
G1 X139.0193 Y-59.4173
G1 X138.8342 Y-59.2263
G1 X138.6247 Y-59.0547
G1 X138.4280 Y-58.9302
G1 X138.1953 Y-58.8280
G1 X137.9027 Y-58.7646
G1 X137.5461 Y-58.7276
G1 X137.2107 Y-58.7375
G1 X136.9555 Y-58.7890
G1 X136.7549 Y-58.8750
G1 X136.6539 Y-58.9440
G1 X136.5862 Y-59.0062
G1 X136.4747 Y-59.1599
G1 X136.4053 Y-59.3401
G1 X136.3794 Y-59.5520
G1 X136.4030 Y-59.8033
G1 X136.4679 Y-60.0582
G1 X136.7452 Y-60.7864
G1 X137.1985 Y-62.0663
G1 X137.6792 Y-63.3464
G1 X137.8531 Y-63.7748
G1 X138.0085 Y-64.0937
G1 X138.1561 Y-64.3353
G1 X138.3081 Y-64.5308
G1 X138.4839 Y-64.7040
G1 X138.6876 Y-64.8512
G1 X138.9236 Y-64.9685
G1 X139.1598 Y-65.0437
G1 X139.4355 Y-65.0942
G1 X139.7327 Y-65.1156
G1 X139.9700 Y-65.1066
G1 X140.2006 Y-65.0692
G1 X140.4136 Y-64.9984
G1 X140.5740 Y-64.9071
G1 X140.7067 Y-64.7841
G1 X140.7911 Y-64.6550
G1 X140.8552 Y-64.4652
G1 X140.8732 Y-64.2749
G1 X140.8483 Y-64.0242
G1 X140.7628 Y-63.7099
G1 X140.5013 Y-63.0442
G1 X139.7922 Y-61.1034
G1 X139.7508 Y-60.9814
G1 Z9.0728 F700.0
G1 Z8.5728 F220.0
G4 P0.06
G0 X134.9592 Y-62.1970 F15000.0
G1 Z11.2884 F700.0
G1 Z12.0884 F180.0
G4 P0.06
G1 X134.6421 Y-61.3466 F12000.0
G1 X134.3249 Y-60.4260
G1 X134.1518 Y-60.0041
G1 X134.0340 Y-59.7747
G1 X133.9014 Y-59.5657
G1 X133.7398 Y-59.3683
G1 X133.5478 Y-59.1811
G1 X133.2775 Y-58.9801
G1 X133.0179 Y-58.8488
G1 X132.9007 Y-58.8105
G1 X132.7568 Y-58.7800
G1 X132.3770 Y-58.7313
G1 X132.0411 Y-58.7311
G1 X131.8767 Y-58.7516
G1 X131.7502 Y-58.7801
G1 X131.6303 Y-58.8208
G1 X131.5189 Y-58.8750
G1 X131.4179 Y-58.9440
G1 X131.3293 Y-59.0291
G1 X131.2549 Y-59.1315
G1 X131.1966 Y-59.2526
G1 X131.1625 Y-59.3698
G1 X131.1458 Y-59.4905
G1 X131.1464 Y-59.6454
G1 X131.1671 Y-59.8033
G1 X131.2636 Y-60.1537
G1 X131.5092 Y-60.7864
G1 X132.1204 Y-62.4933
G1 X132.4792 Y-63.4395
G1 X132.6303 Y-63.8047
G1 X132.7878 Y-64.1215
G1 X132.9561 Y-64.3860
G1 X133.1349 Y-64.5986
G1 X133.3207 Y-64.7625
G1 X133.5654 Y-64.9139
G1 X133.8533 Y-65.0250
G1 X134.1996 Y-65.0942
G1 X134.5307 Y-65.1159
G1 X134.8343 Y-65.0943
G1 X134.9964 Y-65.0612
G1 X135.1191 Y-65.0223
G1 X135.2337 Y-64.9713
G1 X135.3380 Y-64.9071
G1 X135.4301 Y-64.8288
G1 X135.4897 Y-64.7603
G1 X135.5813 Y-64.5960
G1 X135.6255 Y-64.4297
G1 X135.6368 Y-64.2438
G1 X135.6124 Y-64.0243
G1 X135.5159 Y-63.6789
G1 X135.2762 Y-63.0731
G1 X135.0611 Y-62.4704
G1 X134.9592 Y-62.1970
G1 Z9.0884 F700.0
G1 Z8.5884 F220.0
G4 P0.06
G0 X130.8410 Y-62.1970 F15000.0
G1 Z11.2734 F700.0
G1 Z12.0734 F180.0
G4 P0.06
G1 X130.5238 Y-61.3466 F12000.0
G1 X130.2067 Y-60.4260
G1 X130.0336 Y-60.0041
G1 X129.9157 Y-59.7747
G1 X129.7832 Y-59.5657
G1 X129.6216 Y-59.3683
G1 X129.4296 Y-59.1811
G1 X129.1594 Y-58.9801
G1 X128.8997 Y-58.8488
G1 X128.7825 Y-58.8105
G1 X128.6386 Y-58.7800
G1 X128.2588 Y-58.7313
G1 X127.9230 Y-58.7311
G1 X127.7586 Y-58.7516
G1 X127.6320 Y-58.7801
G1 X127.5121 Y-58.8208
G1 X127.4008 Y-58.8750
G1 X127.2998 Y-58.9440
G1 X127.2112 Y-59.0291
G1 X127.1367 Y-59.1315
G1 X127.0785 Y-59.2526
G1 X127.0443 Y-59.3698
G1 X127.0277 Y-59.4905
G1 X127.0283 Y-59.6454
G1 X127.0489 Y-59.8033
G1 X127.1454 Y-60.1537
G1 X127.3910 Y-60.7864
G1 X128.0022 Y-62.4933
G1 X128.3610 Y-63.4395
G1 X128.5122 Y-63.8047
G1 X128.6696 Y-64.1215
G1 X128.8379 Y-64.3860
G1 X129.0168 Y-64.5986
G1 X129.2026 Y-64.7625
G1 X129.4471 Y-64.9139
G1 X129.7351 Y-65.0250
G1 X130.0814 Y-65.0942
G1 X130.4125 Y-65.1159
G1 X130.7161 Y-65.0943
G1 X130.8781 Y-65.0612
G1 X131.0010 Y-65.0223
G1 X131.1156 Y-64.9713
G1 X131.2199 Y-64.9071
G1 X131.3118 Y-64.8288
G1 X131.3715 Y-64.7603
G1 X131.4632 Y-64.5960
G1 X131.5073 Y-64.4297
G1 X131.5186 Y-64.2438
G1 X131.4942 Y-64.0243
G1 X131.3978 Y-63.6789
G1 X131.1579 Y-63.0731
G1 X130.9428 Y-62.4704
G1 X130.8410 Y-62.1970
G1 Z9.0734 F700.0
G1 Z8.5734 F220.0
G4 P0.06
G0 X124.8220 Y-62.1456 F15000.0
G1 Z11.2938 F700.0
G1 Z12.0938 F180.0
G4 P0.06
G1 X125.0396 Y-61.8635 F12000.0
G1 X125.1055 Y-61.7526
G1 X125.1566 Y-61.6359
G1 X125.1829 Y-61.5423
G1 X125.1998 Y-61.4150
G1 X125.1986 Y-61.2876
G1 X125.1827 Y-61.1606
G1 X125.1470 Y-61.0031
G1 X125.0795 Y-60.7864
G1 X124.9505 Y-60.4164
G1 X124.8234 Y-60.1097
G1 X124.7219 Y-59.9043
G1 X124.6086 Y-59.7092
G1 X124.4828 Y-59.5263
G1 X124.3640 Y-59.3811
G1 X124.1417 Y-59.1664
G1 X123.8865 Y-58.9914
G1 X123.6261 Y-58.8731
G1 X123.3343 Y-58.7966
G1 X122.8365 Y-58.7449
G1 X122.6792 Y-58.7425
G1 X122.5248 Y-58.7555
G1 X122.3733 Y-58.7891
G1 X122.2540 Y-58.8346
G1 X122.1362 Y-58.8995
G1 X122.0291 Y-58.9803
G1 X121.9470 Y-59.0696
G1 X121.8713 Y-59.1962
G1 X121.8307 Y-59.3080
G1 X121.8022 Y-59.4587
G1 X121.7960 Y-59.6189
G1 X121.8090 Y-59.7863
G1 X121.8462 Y-59.9928
G1 X121.9019 Y-60.2010
G1 X122.0098 Y-60.5072
G1 X122.1589 Y-60.8510
G1 X122.3423 Y-61.2175
G1 X122.4771 Y-61.4273
G1 X122.5758 Y-61.5478
G1 X122.6893 Y-61.6580
G1 X122.8164 Y-61.7532
G1 X123.2126 Y-62.0107
G1 X123.3360 Y-62.1196
G1 X123.3923 Y-62.2028
G1 X123.4141 Y-62.2841
G1 X123.4102 Y-62.3656
G1 X123.3336 Y-62.6317
G1 X123.3067 Y-62.8168
G1 X123.3034 Y-63.0089
G1 X123.3163 Y-63.1942
G1 X123.3523 Y-63.4126
G1 X123.4116 Y-63.6303
G1 X123.4927 Y-63.8441
G1 X123.6101 Y-64.0794
G1 X123.7706 Y-64.3267
G1 X123.9581 Y-64.5490
G1 X124.1692 Y-64.7391
G1 X124.3754 Y-64.8733
G1 X124.6476 Y-64.9928
G1 X124.9105 Y-65.0627
G1 X125.1771 Y-65.0891
G1 X125.3071 Y-65.0832
G1 X125.4324 Y-65.0631
G1 X125.6072 Y-65.0039
G1 X125.7370 Y-64.9257
G1 X125.8679 Y-64.7938
G1 X125.9522 Y-64.6497
G1 X126.0051 Y-64.4884
G1 X126.0233 Y-64.3301
G1 X126.0161 Y-64.1067
G1 X125.9793 Y-63.8763
G1 X125.9247 Y-63.6878
G1 X125.8516 Y-63.5100
G1 X125.7625 Y-63.3414
G1 X125.6415 Y-63.1548
G1 X125.3805 Y-62.8301
G1 X124.7823 Y-62.1941
G1 X124.8220 Y-62.1456
G1 X123.5468 Y-62.1941 F12000.0
G1 Z9.0938 F700.0
G1 Z8.5938 F220.0
G4 P0.06
G0 X120.9837 Y-60.9814 F15000.0
G1 Z11.2784 F700.0
G1 Z12.0784 F180.0
G4 P0.06
G1 X120.8159 Y-60.4876 F12000.0
G1 X120.6865 Y-60.1525
G1 X120.5638 Y-59.8880
G1 X120.4213 Y-59.6398
G1 X120.2521 Y-59.4173
G1 X120.0670 Y-59.2263
G1 X119.8576 Y-59.0547
G1 X119.6609 Y-58.9302
G1 X119.4282 Y-58.8280
G1 X119.1356 Y-58.7646
G1 X118.7789 Y-58.7276
G1 X118.4435 Y-58.7375
G1 X118.1884 Y-58.7890
G1 X117.9878 Y-58.8750
G1 X117.8868 Y-58.9440
G1 X117.8191 Y-59.0062
G1 X117.7076 Y-59.1599
G1 X117.6381 Y-59.3401
G1 X117.6123 Y-59.5520
G1 X117.6359 Y-59.8033
G1 X117.7008 Y-60.0582
G1 X117.9780 Y-60.7864
G1 X118.4314 Y-62.0663
G1 X118.9120 Y-63.3464
G1 X119.0860 Y-63.7748
G1 X119.2413 Y-64.0937
G1 X119.3889 Y-64.3353
G1 X119.5408 Y-64.5308
G1 X119.7166 Y-64.7040
G1 X119.9204 Y-64.8512
G1 X120.1564 Y-64.9685
G1 X120.3926 Y-65.0437
G1 X120.6684 Y-65.0942
G1 X120.9656 Y-65.1156
G1 X121.2029 Y-65.1066
G1 X121.4334 Y-65.0692
G1 X121.6465 Y-64.9984
G1 X121.8069 Y-64.9071
G1 X121.9396 Y-64.7841
G1 X122.0240 Y-64.6550
G1 X122.0880 Y-64.4652
G1 X122.1060 Y-64.2749
G1 X122.0812 Y-64.0242
G1 X121.9957 Y-63.7099
G1 X121.7341 Y-63.0442
G1 X121.0250 Y-61.1034
G1 X120.9837 Y-60.9814
G1 Z9.0784 F700.0
G1 Z8.5784 F220.0
G4 P0.06
G0 X116.2508 Y-62.1970 F15000.0
G1 Z11.2623 F700.0
G1 Z12.0623 F180.0
G4 P0.06
G1 X115.9337 Y-61.3466 F12000.0
G1 X115.6166 Y-60.4260
G1 X115.4435 Y-60.0041
G1 X115.3256 Y-59.7747
G1 X115.1931 Y-59.5657
G1 X115.0314 Y-59.3683
G1 X114.8395 Y-59.1811
G1 X114.5693 Y-58.9801
G1 X114.3096 Y-58.8488
G1 X114.1924 Y-58.8105
G1 X114.0485 Y-58.7800
G1 X113.6686 Y-58.7313
G1 X113.3328 Y-58.7311
G1 X113.1684 Y-58.7516
G1 X113.0419 Y-58.7801
G1 X112.9220 Y-58.8208
G1 X112.8106 Y-58.8750
G1 X112.7097 Y-58.9440
G1 X112.6210 Y-59.0291
G1 X112.5466 Y-59.1315
G1 X112.4883 Y-59.2526
G1 X112.4542 Y-59.3698
G1 X112.4376 Y-59.4905
G1 X112.4381 Y-59.6454
G1 X112.4588 Y-59.8033
G1 X112.5553 Y-60.1537
G1 X112.8009 Y-60.7864
G1 X113.4121 Y-62.4933
G1 X113.7709 Y-63.4395
G1 X113.9220 Y-63.8047
G1 X114.0795 Y-64.1215
G1 X114.2477 Y-64.3860
G1 X114.4266 Y-64.5986
G1 X114.6124 Y-64.7625
G1 X114.8570 Y-64.9139
G1 X115.1450 Y-65.0250
G1 X115.4913 Y-65.0942
G1 X115.8224 Y-65.1159
G1 X116.1259 Y-65.0943
G1 X116.2880 Y-65.0612
G1 X116.4109 Y-65.0223
G1 X116.5255 Y-64.9713
G1 X116.6297 Y-64.9071
G1 X116.7217 Y-64.8288
G1 X116.7814 Y-64.7603
G1 X116.8730 Y-64.5960
G1 X116.9172 Y-64.4297
G1 X116.9285 Y-64.2438
G1 X116.9041 Y-64.0243
G1 X116.8077 Y-63.6789
G1 X116.5678 Y-63.0731
G1 X116.3527 Y-62.4704
G1 X116.2508 Y-62.1970
G1 Z9.0623 F700.0
G1 Z8.5623 F220.0
G4 P0.06
G0 X111.6296 Y-60.9814 F15000.0
G1 Z11.2325 F700.0
G1 Z12.0325 F180.0
G4 P0.06
G1 X111.4617 Y-60.4876 F12000.0
G1 X111.3324 Y-60.1525
G1 X111.2097 Y-59.8880
G1 X111.0672 Y-59.6398
G1 X110.8980 Y-59.4173
G1 X110.7129 Y-59.2263
G1 X110.5034 Y-59.0547
G1 X110.3067 Y-58.9302
G1 X110.0739 Y-58.8280
G1 X109.7814 Y-58.7646
G1 X109.4248 Y-58.7276
G1 X109.0894 Y-58.7375
G1 X108.8342 Y-58.7890
G1 X108.6336 Y-58.8750
G1 X108.5326 Y-58.9440
G1 X108.4649 Y-59.0062
G1 X108.3535 Y-59.1599
G1 X108.2840 Y-59.3401
G1 X108.2581 Y-59.5520
G1 X108.2818 Y-59.8033
G1 X108.3466 Y-60.0582
G1 X108.6239 Y-60.7864
G1 X109.0772 Y-62.0663
G1 X109.5579 Y-63.3464
G1 X109.7318 Y-63.7748
G1 X109.8872 Y-64.0937
G1 X110.0347 Y-64.3353
G1 X110.1867 Y-64.5308
G1 X110.3625 Y-64.7040
G1 X110.5663 Y-64.8512
G1 X110.8023 Y-64.9685
G1 X111.0385 Y-65.0437
G1 X111.3143 Y-65.0942
G1 X111.6115 Y-65.1156
G1 X111.8487 Y-65.1066
G1 X112.0793 Y-65.0692
G1 X112.2923 Y-64.9984
G1 X112.4527 Y-64.9071
G1 X112.5854 Y-64.7841
G1 X112.6699 Y-64.6550
G1 X112.7339 Y-64.4652
G1 X112.7518 Y-64.2749
G1 X112.7271 Y-64.0242
G1 X112.6415 Y-63.7099
G1 X112.3800 Y-63.0442
G1 X111.6709 Y-61.1034
G1 X111.6296 Y-60.9814
G1 Z9.0325 F700.0
G1 Z8.5325 F220.0
G4 P0.06
G0 X107.6625 Y-61.6647 F15000.0
G1 Z11.2398 F700.0
G1 Z12.0398 F180.0
G4 P0.06
G1 X108.0972 Y-62.6060 F12000.0
G1 X109.0155 Y-65.0769
G1 Z9.0398 F700.0
G1 Z8.5398 F220.0
G4 P0.06
G0 X106.0740 Y-65.0769 F15000.0
G1 Z11.2557 F700.0
G1 Z12.0557 F180.0
G4 P0.06
G1 X105.8690 Y-64.6123 F12000.0
G1 X105.6487 Y-64.0356
G1 X105.4423 Y-63.4181
G1 X105.2691 Y-62.8393
G1 X105.2201 Y-62.6203
G1 X105.2032 Y-62.4307
G1 X105.2169 Y-62.2760
G1 X105.2638 Y-62.1278
G1 X105.3109 Y-62.0435
G1 X105.3745 Y-61.9636
G1 X105.5318 Y-61.8335
G1 X105.7491 Y-61.7285
G1 X105.9974 Y-61.6626
G1 X106.2673 Y-61.6283
G1 X106.5849 Y-61.6179
G1 X107.6625 Y-61.6647
G1 X107.1135 Y-59.8998
G1 X106.6623 Y-58.7819
G1 Z9.0557 F700.0
G1 Z8.5557 F220.0
G4 P0.06
G0 X102.5441 Y-58.7231 F15000.0
G1 Z11.2501 F700.0
G1 Z12.0501 F180.0
G4 P0.06
G1 X103.3483 Y-60.7822 F12000.0
G1 X104.5444 Y-64.3121
G1 X104.8385 Y-64.9592 F5000.0
G1 X104.6385 Y-64.5950 F12000.0
G1 X104.5201 Y-64.4480
G1 X104.3939 Y-64.3589
G1 X104.0877 Y-64.2188
G1 X103.9561 Y-64.1309
G1 X103.5354 Y-63.7443
G1 X103.1286 Y-63.3318
G1 X102.7842 Y-62.9589
G1 X102.4821 Y-62.5860
G1 X102.3140 Y-62.4087
G1 X102.2104 Y-62.3245
G1 X102.1017 Y-62.2601
G1 X101.9877 Y-62.2216
G1 X101.8987 Y-62.2136
G1 X101.8391 Y-62.2241
G1 X101.7672 Y-62.2697
G1 X101.7133 Y-62.3430
G1 X101.6633 Y-62.4680
G1 X101.3168 Y-63.9445
G1 X101.2151 Y-64.2889
G1 X101.0655 Y-64.6653
G1 X101.0503 Y-64.8150
G1 X101.0733 Y-64.9592
G1 X101.0145 Y-64.6063 F5000.0
G1 X100.8840 Y-64.4796 F12000.0
G1 X100.7521 Y-64.3065
G1 X100.6392 Y-64.1117
G1 X100.5290 Y-63.8699
G1 X100.4132 Y-63.5517
G1 X100.1064 Y-62.5958
G1 X99.3542 Y-60.5539
G1 X98.9839 Y-59.4430
G1 X98.8332 Y-59.0821
G1 X98.6613 Y-58.7819
G1 Z9.0501 F700.0
G1 Z8.5501 F220.0
G4 P0.06
G0 X90.0719 Y-44.4860 F15000.0
G1 Z11.1803 F700.0
G1 Z11.9803 F180.0
G4 P0.06
G1 X89.8902 Y-44.1468 F12000.0
G1 X89.7141 Y-43.7288
G1 X88.9725 Y-41.6236
G1 X88.2738 Y-39.7469
G1 X87.8255 Y-38.4821
G1 X87.7397 Y-38.3134
G1 X87.6542 Y-38.2331
G1 X87.5443 Y-38.1801
G1 X87.4173 Y-38.1488
G1 X87.2465 Y-38.1316
G1 X85.7623 Y-38.1156
G1 X85.4090 Y-38.1376
G1 X85.1240 Y-38.1811
G1 X84.9379 Y-38.2397
G1 X84.8000 Y-38.3147
G1 X84.6861 Y-38.4173
G1 X84.6176 Y-38.5219
G1 X84.5731 Y-38.6484
G1 X84.5553 Y-38.8117
G1 X84.5649 Y-38.9969
G1 X84.5985 Y-39.1847
G1 X84.7045 Y-39.5306
G1 X84.9825 Y-40.2247
G1 X85.2392 Y-40.9519
G1 X85.8710 Y-42.6575
G1 X86.2560 Y-43.7983
G1 X86.4248 Y-44.1862
G1 X86.6009 Y-44.4860
G1 Z8.9803 F700.0
G1 Z8.4803 F220.0
G4 P0.06
G0 X85.8949 Y-47.2510 F15000.0
G1 Z11.2649 F700.0
G1 Z12.0649 F180.0
G4 P0.06
G1 X85.3848 Y-46.0156 F12000.0
G1 X84.7577 Y-44.3095
G1 X84.2429 Y-43.0852
G1 X83.4240 Y-43.0152
G1 X81.1884 Y-43.0152
G1 X80.2947 Y-43.0934
G1 X80.3012 Y-43.3682
G1 X80.5219 Y-44.1329
G1 X81.1867 Y-45.9567
G1 X81.7179 Y-47.2510
G1 Z9.0649 F700.0
G1 Z8.5649 F220.0
G4 P0.06
G0 X80.2472 Y-43.0740 F15000.0
G1 Z11.2546 F700.0
G1 Z12.0546 F180.0
G4 P0.06
G1 X79.5806 Y-41.5444 F12000.0
G1 X78.7405 Y-39.2500
G1 X78.2469 Y-38.0734
G1 Z9.0546 F700.0
G1 Z8.5546 F220.0
G4 P0.06
G0 X82.4239 Y-38.1322 F15000.0
G1 Z11.2162 F700.0
G1 Z12.0162 F180.0
G4 P0.06
G1 X82.9762 Y-39.4265 F12000.0
G1 X83.8164 Y-41.7209
G1 X84.1300 Y-42.9563
G1 Z9.0162 F700.0
G1 Z8.5162 F220.0
G4 P0.06
G0 X89.3071 Y-38.0734 F15000.0
G1 Z11.2764 F700.0
G1 Z12.0764 F180.0
G4 P0.06
G1 X89.4812 Y-38.3771 F12000.0
G1 X89.6492 Y-38.7641
G1 X89.9833 Y-39.7498
G1 X90.4286 Y-40.9965
G1 X91.1051 Y-42.8125
G1 X91.5554 Y-44.0755
G1 X91.6081 Y-44.1915
G1 X91.6596 Y-44.2681
G1 X91.7257 Y-44.3306
G1 X91.8362 Y-44.3887
G1 X91.9605 Y-44.4208
G1 X92.0931 Y-44.4338
G1 X92.5463 Y-44.4275
G1 X93.6521 Y-44.4563
G1 X93.9731 Y-44.4365
G1 X94.2513 Y-44.3910
G1 X94.4319 Y-44.3328
G1 X94.5683 Y-44.2586
G1 X94.6796 Y-44.1562
G1 X94.7430 Y-44.0508
G1 X94.7822 Y-43.8955
G1 X94.7941 Y-43.7092
G1 X94.7810 Y-43.5193
G1 X94.7399 Y-43.2951
G1 X94.6243 Y-42.9114
G1 X94.3572 Y-42.2193
G1 X93.5833 Y-40.1120
G1 X93.1319 Y-38.7948
G1 X92.9664 Y-38.4059
G1 X92.7782 Y-38.0734
G1 X94.4254 Y-38.0734 F5000.0
G1 X94.5995 Y-38.3771 F12000.0
G1 X94.7675 Y-38.7641
G1 X95.1016 Y-39.7498
G1 X95.5469 Y-40.9965
G1 X96.2235 Y-42.8125
G1 X96.6734 Y-44.0755
G1 X96.7261 Y-44.1915
G1 X96.7777 Y-44.2681
G1 X96.8440 Y-44.3306
G1 X96.9545 Y-44.3887
G1 X97.0789 Y-44.4208
G1 X97.2114 Y-44.4338
G1 X97.6645 Y-44.4275
G1 X98.7704 Y-44.4563
G1 X99.0913 Y-44.4365
G1 X99.3697 Y-44.3910
G1 X99.5503 Y-44.3328
G1 X99.6866 Y-44.2586
G1 X99.7979 Y-44.1562
G1 X99.8614 Y-44.0508
G1 X99.9005 Y-43.8955
G1 X99.9124 Y-43.7092
G1 X99.8993 Y-43.5193
G1 X99.8582 Y-43.2951
G1 X99.7426 Y-42.9114
G1 X99.4755 Y-42.2193
G1 X98.7015 Y-40.1120
G1 X98.2500 Y-38.7948
G1 X98.0845 Y-38.4059
G1 X97.8965 Y-38.0734
G1 Z9.0764 F700.0
G1 Z8.5764 F220.0
G4 P0.06
G0 X101.0145 Y-41.3091 F15000.0
G1 Z11.2773 F700.0
G1 Z12.0773 F180.0
G4 P0.06
G1 X101.0459 Y-41.6597 F12000.0
G1 X101.1365 Y-42.0602
G1 X101.2659 Y-42.4522
G1 X101.5591 Y-43.2127
G1 X101.7097 Y-43.5256
G1 X101.8588 Y-43.7597
G1 X102.0190 Y-43.9465
G1 X102.2123 Y-44.1092
G1 X102.3527 Y-44.1969
G1 X102.5104 Y-44.2728
G1 X102.8281 Y-44.3739
G1 X103.2484 Y-44.4442
G1 X103.6935 Y-44.4694
G1 X104.1587 Y-44.4501
G1 X104.4013 Y-44.4192
G1 X104.5774 Y-44.3833
G1 X104.7274 Y-44.3328
G1 X104.8382 Y-44.2756
G1 X104.9343 Y-44.2008
G1 X104.9933 Y-44.1320
G1 X105.0598 Y-43.9894
G1 X105.0851 Y-43.8028
G1 X105.0754 Y-43.5808
G1 X105.0197 Y-43.2926
G1 X104.8357 Y-42.7168
G1 X104.4254 Y-41.6012
G1 X104.3728 Y-41.4869
G1 X104.2965 Y-41.3899
G1 X104.2192 Y-41.3364
G1 X104.1046 Y-41.2903
G1 X103.9785 Y-41.2629
G1 X103.8121 Y-41.2481
G1 X101.7205 Y-41.2502
G1 X101.2297 Y-41.2802
G1 X101.0605 Y-41.2698
G1 X100.9435 Y-41.2397
G1 X100.8724 Y-41.2001
G1 X100.8327 Y-41.1625
G1 X100.7783 Y-41.0911
G1 X100.7172 Y-40.9786
G1 X100.6548 Y-40.8215
G1 X100.5457 Y-40.4854
G1 X100.2120 Y-39.6055
G1 X100.1371 Y-39.3573
G1 X100.0824 Y-39.1081
G1 X100.0553 Y-38.8820
G1 X100.0581 Y-38.6935
G1 X100.0914 Y-38.5476
G1 X100.1624 Y-38.4134
G1 X100.2525 Y-38.3151
G1 X100.3856 Y-38.2252
G1 X100.5615 Y-38.1673
G1 X100.7898 Y-38.1379
G1 X101.9323 Y-38.1190
G1 X102.5422 Y-38.1324
G1 X102.7957 Y-38.1567
G1 X103.0147 Y-38.1911
G1 X104.7208 Y-38.0734 F5000.0
G1 X104.9445 Y-38.3881 F12000.0
G1 X105.1865 Y-38.7723
G1 X106.0177 Y-40.2406
G1 X107.2806 Y-42.3744
G1 X108.2397 Y-44.0346
G1 X108.3725 Y-44.2248
G1 X108.4651 Y-44.3104
G1 X108.5944 Y-44.3799
G1 X108.7409 Y-44.4244
G1 X108.9019 Y-44.4497
G1 X109.2478 Y-44.4590
G1 X109.8129 Y-44.4287
G1 X110.0978 Y-44.4299
G1 X110.2241 Y-44.4097
G1 X110.3007 Y-44.3656
G1 X110.3383 Y-44.3168
G1 X110.3622 Y-44.2489
G1 X110.3712 Y-44.1248
G1 X110.3564 Y-43.9968
G1 X110.2965 Y-43.7188
G1 X110.1960 Y-43.3525
G1 X110.0697 Y-42.9894
G1 X109.5952 Y-41.7613
G1 X109.3030 Y-40.9702
G1 X108.8785 Y-39.7795
G1 X108.5457 Y-38.7948
G1 X108.3802 Y-38.4059
G1 X108.1919 Y-38.0734
G1 Z9.0773 F700.0
G1 Z8.5773 F220.0
G4 P0.06
G0 X111.3688 Y-41.2502 F15000.0
G1 Z11.2369 F700.0
G1 Z12.0369 F180.0
G4 P0.06
G1 X113.0161 Y-41.2502 F12000.0
G1 X113.4315 Y-41.2649
G1 X113.6263 Y-41.2603
G1 X113.7810 Y-41.2380
G1 X113.9361 Y-41.1855
G1 X114.0422 Y-41.1201
G1 X114.1415 Y-41.0155
G1 X114.1968 Y-40.9160
G1 X114.2326 Y-40.8046
G1 X114.2511 Y-40.6833
G1 X114.2542 Y-40.5542
G1 X114.2393 Y-40.3847
G1 X114.2073 Y-40.2100
G1 X114.0954 Y-39.8267
G1 X113.8483 Y-39.2216
G1 X113.7045 Y-38.9426
G1 X113.6145 Y-38.8099
G1 X113.5042 Y-38.6795
G1 X113.3854 Y-38.5670
G1 X113.2588 Y-38.4709
G1 X113.0421 Y-38.3484
G1 X112.7806 Y-38.2503
G1 X112.4732 Y-38.1820
G1 X112.1214 Y-38.1443
G1 X111.7304 Y-38.1319
G1 X110.3662 Y-38.1322
G1 X110.2736 Y-38.1452
G1 X110.2196 Y-38.1689
G1 X110.1775 Y-38.2104
G1 X110.1551 Y-38.2649
G1 X110.1571 Y-38.3914
G1 X110.2190 Y-38.7013
G1 X110.2676 Y-38.8863
G1 X110.8105 Y-40.4448
G1 X110.9251 Y-40.7483
G1 X111.0405 Y-41.0149
G1 X111.2333 Y-41.3120
G1 X111.2917 Y-41.4267
G1 X111.3435 Y-41.6069
G1 X111.4217 Y-42.0420
G1 X111.5295 Y-42.3753
G1 X112.1213 Y-44.0033
G1 X112.2392 Y-44.2670
G1 X112.3690 Y-44.4860
G1 Z9.0369 F700.0
G1 Z8.5369 F220.0
G4 P0.06
G0 X107.7801 Y-28.6015 F15000.0
G1 Z11.2917 F700.0
G1 Z12.0917 F180.0
G4 P0.06
G1 X106.3218 Y-28.6084 F12000.0
G1 X106.2014 Y-28.5851
G1 X106.1510 Y-28.5592
G1 X106.1052 Y-28.5161
G1 X106.0442 Y-28.4016
G1 X105.7324 Y-27.5422
G1 X105.5215 Y-27.0346
G1 X105.4624 Y-26.8285
G1 X105.4539 Y-26.6851
G1 X105.4651 Y-26.6400
G1 X105.4921 Y-26.5974
G1 X105.5692 Y-26.5527
G1 X105.7051 Y-26.5355
G1 X106.0924 Y-26.5365
G1 X106.3214 Y-26.5043
G1 X106.4443 Y-26.4665
G1 X106.5295 Y-26.4262
G1 X106.6065 Y-26.3741
G1 X106.6734 Y-26.3084
G1 X106.7286 Y-26.2278
G1 X106.7699 Y-26.1306
G1 X106.7904 Y-26.0429
G1 X106.7988 Y-25.9187
G1 X106.7898 Y-25.7904
G1 X106.7607 Y-25.6310
G1 X106.6504 Y-25.2787
G1 X106.4926 Y-24.9198
G1 X106.3935 Y-24.7456
G1 X106.2998 Y-24.6086
G1 X106.1035 Y-24.3901
G1 X105.9781 Y-24.2900
G1 X105.8689 Y-24.2234
G1 X105.7516 Y-24.1707
G1 X105.6321 Y-24.1332
G1 X105.3532 Y-24.0826
G1 X105.0309 Y-24.0645
G1 X104.4268 Y-24.0716
G1 X103.5442 Y-24.0716 F5000.0
G1 X102.9266 Y-24.0667 F12000.0
G1 X102.7299 Y-24.0927
G1 X102.5765 Y-24.1374
G1 X102.4382 Y-24.2095
G1 X102.3200 Y-24.3148
G1 X102.2351 Y-24.4495
G1 X102.2014 Y-24.5973
G1 X102.2129 Y-24.7861
G1 X102.2731 Y-25.0106
G1 X102.9469 Y-26.8250
G1 X103.2245 Y-27.6453
G1 X103.3430 Y-27.9105
G1 X103.4827 Y-28.1177
G1 X103.6797 Y-28.2988
G1 X103.9025 Y-28.4350
G1 X104.1355 Y-28.5234
G1 X104.4087 Y-28.5784
G1 X104.7240 Y-28.6012
G1 X105.2503 Y-28.6015
G1 X102.6618 Y-28.6015 F5000.0
G1 X101.2035 Y-28.6084 F12000.0
G1 X101.0830 Y-28.5851
G1 X101.0328 Y-28.5592
G1 X100.9868 Y-28.5161
G1 X100.9259 Y-28.4016
G1 X100.6141 Y-27.5422
G1 X100.4032 Y-27.0348
G1 X100.3441 Y-26.8286
G1 X100.3356 Y-26.6851
G1 X100.3468 Y-26.6400
G1 X100.3738 Y-26.5974
G1 X100.4508 Y-26.5527
G1 X100.5867 Y-26.5355
G1 X100.9741 Y-26.5365
G1 X101.2031 Y-26.5043
G1 X101.3261 Y-26.4665
G1 X101.4112 Y-26.4262
G1 X101.4881 Y-26.3741
G1 X101.5551 Y-26.3084
G1 X101.6102 Y-26.2278
G1 X101.6517 Y-26.1306
G1 X101.6721 Y-26.0429
G1 X101.6805 Y-25.9187
G1 X101.6715 Y-25.7904
G1 X101.6424 Y-25.6310
G1 X101.5321 Y-25.2787
G1 X101.3742 Y-24.9198
G1 X101.2752 Y-24.7456
G1 X101.1814 Y-24.6086
G1 X100.9851 Y-24.3901
G1 X100.8598 Y-24.2900
G1 X100.7506 Y-24.2234
G1 X100.6333 Y-24.1707
G1 X100.5138 Y-24.1332
G1 X100.2349 Y-24.0826
G1 X99.9126 Y-24.0645
G1 X99.3084 Y-24.0716
G1 X98.3082 Y-24.1303 F5000.0
G1 X98.3842 Y-23.9793 F12000.0
G1 X98.4068 Y-23.8934
G1 X98.4131 Y-23.8090
G1 X98.4085 Y-23.7527
G1 X98.3893 Y-23.6668
G1 X98.3556 Y-23.5776
G1 X98.3082 Y-23.4832
G1 X98.4848 Y-21.7771 F5000.0
G1 X97.6601 Y-21.2646 F12000.0
G1 X97.4238 Y-21.0941
G1 X97.2016 Y-20.9104
G1 X96.9985 Y-20.7104
G1 X96.8380 Y-20.5162
G1 X96.7003 Y-20.3044
G1 X96.5887 Y-20.0729
G1 X96.5243 Y-19.8848
G1 X96.4845 Y-19.7180
G1 X97.0954 Y-19.7301
G1 X97.3849 Y-19.7252
G1 X97.6233 Y-19.7024
G1 X97.7987 Y-19.6547
G1 X97.9647 Y-19.5622
G1 X98.0303 Y-19.5031
G1 X98.1003 Y-19.4126
G1 X98.1688 Y-19.2546
G1 X98.1874 Y-19.1670
G1 X98.1964 Y-19.0430
G1 X98.1880 Y-18.9120
G1 X98.1540 Y-18.7410
G1 X98.0178 Y-18.3719
G1 X97.8400 Y-18.0190
G1 X97.7365 Y-17.8632
G1 X97.6407 Y-17.7448
G1 X97.4425 Y-17.5602
G1 X97.3159 Y-17.4745
G1 X97.2051 Y-17.4152
G1 X97.0537 Y-17.3531
G1 X96.9214 Y-17.3134
G1 X96.6407 Y-17.2666
G1 X96.4693 Y-17.2668
G1 X96.3048 Y-17.2907
G1 X96.1533 Y-17.3385
G1 X96.0458 Y-17.3944
G1 X95.9335 Y-17.4865
G1 X95.8653 Y-17.5783
G1 X95.8198 Y-17.6866
G1 X95.8002 Y-17.8115
G1 X95.8043 Y-17.9162
G1 X95.8259 Y-18.0305
G1 X95.9611 Y-18.4401
G1 X96.3055 Y-19.3783
G1 X96.3854 Y-19.5519
G1 X96.4845 Y-19.7180
G1 Z9.0917 F700.0
G1 Z8.5917 F220.0
G4 P0.06
G0 X94.3078 Y-21.7771 F15000.0
G1 Z11.2197 F700.0
G1 Z12.0197 F180.0
G4 P0.06
G1 X92.3075 Y-21.7771 F12000.0
G1 X93.1900 Y-21.7183 F5000.0
G1 X92.6246 Y-19.8357 F12000.0
G1 X91.7192 Y-17.3648
G1 X89.6601 Y-17.2471 F5000.0
G1 X89.0424 Y-17.2422 F12000.0
G1 X88.8457 Y-17.2683
G1 X88.6923 Y-17.3131
G1 X88.5540 Y-17.3850
G1 X88.4358 Y-17.4903
G1 X88.3511 Y-17.6251
G1 X88.3174 Y-17.7729
G1 X88.3290 Y-17.9616
G1 X88.3891 Y-18.1862
G1 X89.0628 Y-20.0005
G1 X89.3404 Y-20.8210
G1 X89.4588 Y-21.0861
G1 X89.5986 Y-21.2933
G1 X89.7956 Y-21.4744
G1 X90.0183 Y-21.6105
G1 X90.2514 Y-21.6989
G1 X90.5245 Y-21.7540
G1 X90.8399 Y-21.7767
G1 X91.3662 Y-21.7771
G1 Z9.0197 F700.0
G1 Z8.5197 F220.0
G4 P0.06
G0 X93.4841 Y-24.0716 F15000.0
G1 Z11.2498 F700.0
G1 Z12.0498 F180.0
G4 P0.06
G1 X94.0883 Y-24.0645 F12000.0
G1 X94.4106 Y-24.0826
G1 X94.6895 Y-24.1332
G1 X94.8091 Y-24.1707
G1 X94.9264 Y-24.2234
G1 X95.0355 Y-24.2900
G1 X95.1608 Y-24.3901
G1 X95.3572 Y-24.6086
G1 X95.4509 Y-24.7456
G1 X95.5500 Y-24.9198
G1 X95.7078 Y-25.2787
G1 X95.8181 Y-25.6310
G1 X95.8473 Y-25.7904
G1 X95.8562 Y-25.9187
G1 X95.8477 Y-26.0429
G1 X95.8274 Y-26.1306
G1 X95.7860 Y-26.2278
G1 X95.7308 Y-26.3084
G1 X95.6639 Y-26.3741
G1 X95.5869 Y-26.4262
G1 X95.5017 Y-26.4665
G1 X95.3788 Y-26.5043
G1 X95.1499 Y-26.5365
G1 X94.7625 Y-26.5355
G1 X94.6266 Y-26.5527
G1 X94.5494 Y-26.5974
G1 X94.5226 Y-26.6400
G1 X94.5113 Y-26.6851
G1 X94.5198 Y-26.8286
G1 X94.5789 Y-27.0348
G1 X94.7898 Y-27.5422
G1 X95.1016 Y-28.4016
G1 X95.1626 Y-28.5161
G1 X95.2085 Y-28.5592
G1 X95.2588 Y-28.5851
G1 X95.3791 Y-28.6084
G1 X96.8375 Y-28.6015
G1 X97.7788 Y-28.6015 F5000.0
G1 X97.5966 Y-28.1906 F12000.0
G1 X97.4091 Y-27.7094
G1 X96.8084 Y-25.9615
G1 X96.2412 Y-24.4278
G1 X96.2128 Y-24.3076
G1 X96.2137 Y-24.2135
G1 X96.2530 Y-24.1341
G1 X96.3238 Y-24.0910
G1 X96.4786 Y-24.0703
G1 X97.9997 Y-24.0685
G1 X98.1539 Y-24.0994
G1 X98.2066 Y-24.1297
G1 X98.2489 Y-24.1709
G1 X98.3040 Y-24.2756
G1 X98.3783 Y-24.5422
G1 X98.6460 Y-25.2700
G1 X99.1377 Y-26.6696
G1 X99.8379 Y-28.5428
G1 Z9.0498 F700.0
G1 Z8.5498 F220.0
G4 P0.06
G0 X93.5253 Y-26.3731 F15000.0
G1 Z11.2801 F700.0
G1 Z12.0801 F180.0
G4 P0.06
G1 X93.2558 Y-25.5616 F12000.0
G1 X93.1466 Y-25.2902
G1 X93.0374 Y-25.0578
G1 X92.9141 Y-24.8364
G1 X92.7885 Y-24.6491
G1 X92.6431 Y-24.4750
G1 X92.5012 Y-24.3444
G1 X92.3415 Y-24.2385
G1 X92.1628 Y-24.1640
G1 X91.8925 Y-24.1047
G1 X91.6285 Y-24.0794
G1 X91.4294 Y-24.0877
G1 X91.2415 Y-24.1281
G1 X91.0759 Y-24.2082
G1 X90.9627 Y-24.3107
G1 X90.8789 Y-24.4505
G1 X90.8420 Y-24.5925
G1 X90.8433 Y-24.7420
G1 X90.8807 Y-24.9337
G1 X90.9574 Y-25.1629
G1 X91.2458 Y-25.8689
G1 X91.8261 Y-27.4791
G1 X91.9814 Y-27.8317
G1 X92.1447 Y-28.0942
G1 X92.3309 Y-28.2960
G1 X92.5366 Y-28.4410
G1 X92.7206 Y-28.5251
G1 X92.9532 Y-28.5891
G1 X93.1728 Y-28.6180
G1 X93.4051 Y-28.6161
G1 X93.5977 Y-28.5812
G1 X93.7428 Y-28.5230
G1 X93.8656 Y-28.4337
G1 X93.9577 Y-28.3092
G1 X94.0029 Y-28.1886
G1 X94.0242 Y-28.0655
G1 X94.0245 Y-27.9074
G1 X94.0010 Y-27.7467
G1 X93.9174 Y-27.4584
G1 X93.7093 Y-26.9245
G1 X93.5848 Y-26.5597
G1 X93.5253 Y-26.3731
G1 Z9.0801 F700.0
G1 Z8.5801 F220.0
G4 P0.06
G0 X88.5423 Y-28.6015 F15000.0
G1 Z11.2534 F700.0
G1 Z12.0534 F180.0
G4 P0.06
G1 X87.2480 Y-28.6015 F12000.0
G1 X86.9357 Y-28.6120
G1 X86.8419 Y-28.6010
G1 X86.7601 Y-28.5732
G1 X86.7122 Y-28.5393
G1 X86.6724 Y-28.4902
G1 X86.6299 Y-28.4016
G1 X86.2955 Y-27.4838
G1 X86.0948 Y-26.9993
G1 X86.0428 Y-26.7971
G1 X86.0374 Y-26.7106
G1 X86.0509 Y-26.6400
G1 X86.0977 Y-26.5803
G1 X86.1501 Y-26.5542
G1 X86.2134 Y-26.5393
G1 X86.3193 Y-26.5327
G1 X86.7640 Y-26.5417
G1 X87.0651 Y-26.5234
G1 X87.3189 Y-26.4699
G1 X87.4322 Y-26.4235
G1 X87.5083 Y-26.3781
G1 X87.5955 Y-26.3012
G1 X87.6483 Y-26.2301
G1 X87.6888 Y-26.1463
G1 X87.7153 Y-26.0487
G1 X87.7267 Y-25.9362
G1 X87.7185 Y-25.7664
G1 X87.6599 Y-25.4835
G1 X87.5897 Y-25.2793
G1 X87.5093 Y-25.0896
G1 X87.4181 Y-24.9146
G1 X87.3336 Y-24.7805
G1 X87.2215 Y-24.6339
G1 X87.0975 Y-24.5031
G1 X86.9610 Y-24.3889
G1 X86.8375 Y-24.3065
G1 X86.7048 Y-24.2362
G1 X86.5627 Y-24.1779
G1 X86.4109 Y-24.1321
G1 X86.2491 Y-24.0989
G1 X86.0416 Y-24.0761
G1 X85.5696 Y-24.0524
G1 X85.4183 Y-24.0547
G1 X85.3155 Y-24.0693
G1 X85.2088 Y-24.1140
G1 X85.1621 Y-24.1721
G1 X85.1460 Y-24.2818
G1 X85.1691 Y-24.4128
G1 X85.7084 Y-25.8389
G1 X85.9537 Y-26.5425
G1 Z9.0534 F700.0
G1 Z8.5534 F220.0
G4 P0.06
G0 X88.0717 Y-24.1303 F15000.0
G1 Z11.2041 F700.0
G1 Z12.0041 F180.0
G4 P0.06
G1 X88.1448 Y-24.5317 F12000.0
G1 X88.2768 Y-24.9697
G1 X88.4181 Y-25.3445
G1 X88.8135 Y-26.3072
G1 X88.9872 Y-26.8568
G1 X89.0417 Y-26.9718
G1 X89.1093 Y-27.0703
G1 X89.2026 Y-27.1490
G1 X89.2917 Y-27.1791
G1 X89.9672 Y-27.2179
G1 X90.1583 Y-27.2174
G1 X90.3382 Y-27.1991
G1 X90.4635 Y-27.1662
G1 X90.5636 Y-27.1129
G1 X90.6303 Y-27.0351
G1 X90.6696 Y-26.8889
G1 X90.6676 Y-26.7324
G1 X90.6355 Y-26.5758
G1 X90.2648 Y-25.4923
G1 X90.0995 Y-25.0412
G1 X89.9386 Y-24.6635
G1 X89.7946 Y-24.4161
G1 X89.6911 Y-24.2954
G1 X89.5943 Y-24.2167
G1 X89.4836 Y-24.1598
G1 X89.3050 Y-24.1090
G1 X89.1170 Y-24.0813
G1 X88.8922 Y-24.0694
G1 X88.4564 Y-24.0722
G1 X88.2009 Y-24.0853
G1 X88.1083 Y-24.0732
G1 X88.0311 Y-24.0386
G1 X87.9721 Y-23.9759
G1 X87.9286 Y-23.8937
G1 X87.7031 Y-23.2626
G1 X87.6058 Y-23.0256
G1 X87.5160 Y-22.8548
G1 X87.4245 Y-22.7184
G1 X85.8361 Y-21.7771 F5000.0
G1 X84.6595 Y-21.7771 F12000.0
G1 X84.2070 Y-21.7348
G1 X84.0482 Y-21.4241
G1 X82.5415 Y-17.3060
G1 Z9.0041 F700.0
G1 Z8.5041 F220.0
G4 P0.06
G0 X88.0541 Y-19.5486 F15000.0
G1 Z11.2106 F700.0
G1 Z12.0106 F180.0
G4 P0.06
G1 X87.7845 Y-18.7372 F12000.0
G1 X87.6753 Y-18.4657
G1 X87.5661 Y-18.2334
G1 X87.4428 Y-18.0119
G1 X87.3172 Y-17.8247
G1 X87.1719 Y-17.6505
G1 X87.0299 Y-17.5201
G1 X86.8702 Y-17.4141
G1 X86.6915 Y-17.3395
G1 X86.4212 Y-17.2803
G1 X86.1572 Y-17.2550
G1 X85.9582 Y-17.2633
G1 X85.7703 Y-17.3037
G1 X85.6047 Y-17.3837
G1 X85.4914 Y-17.4862
G1 X85.4076 Y-17.6261
G1 X85.3707 Y-17.7681
G1 X85.3720 Y-17.9177
G1 X85.4094 Y-18.1093
G1 X85.4861 Y-18.3385
G1 X85.7745 Y-19.0445
G1 X86.3548 Y-20.6547
G1 X86.5101 Y-21.0074
G1 X86.6735 Y-21.2698
G1 X86.8596 Y-21.4716
G1 X87.0654 Y-21.6166
G1 X87.2493 Y-21.7007
G1 X87.4819 Y-21.7647
G1 X87.7015 Y-21.7936
G1 X87.9338 Y-21.7917
G1 X88.1264 Y-21.7568
G1 X88.2716 Y-21.6985
G1 X88.3942 Y-21.6093
G1 X88.4864 Y-21.4848
G1 X88.5316 Y-21.3642
G1 X88.5529 Y-21.2411
G1 X88.5532 Y-21.0829
G1 X88.5297 Y-20.9222
G1 X88.4461 Y-20.6339
G1 X88.2380 Y-20.1000
G1 X88.1135 Y-19.7353
G1 X88.0541 Y-19.5486
G1 Z9.0106 F700.0
G1 Z8.5106 F220.0
G4 P0.06
G0 X99.6025 Y-17.3648 F15000.0
G1 Z11.2623 F700.0
G1 Z12.0623 F180.0
G4 P0.06
G1 X100.8150 Y-20.6593 F12000.0
G1 X101.1322 Y-21.6594
G1 X100.9001 Y-21.4654 F12000.0
G1 X100.7850 Y-21.4305
G1 X100.6700 Y-21.3809
G1 X100.5273 Y-21.3020
G1 X100.3868 Y-21.2089
G1 X100.2497 Y-21.1065
G1 X99.7790 Y-20.7181
G1 X102.0146 Y-19.7180 F5000.0
G1 X102.4853 Y-19.7180 F12000.0
G1 X103.4266 Y-18.8356 F5000.0
G1 X105.4269 Y-18.8356 F12000.0
G1 X106.6035 Y-17.3060 F5000.0
G1 X106.7562 Y-17.5130 F12000.0
G1 X106.9306 Y-17.7837
G1 X107.5783 Y-18.9007
G1 X108.5953 Y-20.5880
G1 X109.0451 Y-21.3570
G1 X109.1118 Y-21.5043
G1 X109.1221 Y-21.5668
G1 X109.1176 Y-21.6297
G1 X109.0962 Y-21.6814
G1 X109.0374 Y-21.7372
G1 X108.9538 Y-21.7713
G1 X108.8535 Y-21.7880
G1 X108.7081 Y-21.7918
G1 X108.4272 Y-21.7771
G1 X107.3835 Y-21.7753
G1 X107.3229 Y-21.7615
G1 X107.2689 Y-21.7348
G1 X107.2063 Y-21.6709
G1 X107.1478 Y-21.5545
G1 X107.0741 Y-21.3065
G1 Z9.0623 F700.0
G1 Z8.5623 F220.0
G4 P0.06
G0 X109.1920 Y-17.2471 F15000.0
G1 Z11.2597 F700.0
G1 Z12.0597 F180.0
G4 P0.06
G1 X109.5412 Y-17.3996 F12000.0
G1 X109.8862 Y-17.5969
G1 X110.1962 Y-17.8242
G1 X110.4962 Y-18.1014
G1 X110.7625 Y-18.4081
G1 X110.9984 Y-18.7413
G1 X111.2380 Y-19.1548
G1 X111.4347 Y-19.5649
G1 X111.6100 Y-19.9946
G1 X111.8819 Y-20.7525
G1 X111.9516 Y-21.0532
G1 X111.9634 Y-21.1838
G1 X111.9585 Y-21.3088
G1 X111.9335 Y-21.4258
G1 X111.8851 Y-21.5320
G1 X111.8100 Y-21.6249
G1 X111.7341 Y-21.6842
G1 X111.6399 Y-21.7336
G1 X111.4855 Y-21.7824
G1 X111.3613 Y-21.8027
G1 X111.2005 Y-21.8090
G1 X111.0691 Y-21.7997
G1 X110.9043 Y-21.7712
G1 X110.7415 Y-21.7254
G1 X110.5835 Y-21.6635
G1 X110.4333 Y-21.5871
G1 X110.2939 Y-21.4976
G1 X110.1683 Y-21.3963
G1 X110.0594 Y-21.2846
G1 X109.9387 Y-21.1099
G1 X109.8480 Y-20.9049
G1 X109.5952 Y-20.1829
G1 X109.5586 Y-20.0240
G1 X109.5479 Y-19.8977
G1 X109.5545 Y-19.8051
G1 X109.5763 Y-19.7154
G1 X109.6522 Y-19.5761
G1 X109.7619 Y-19.4705
G1 X109.9214 Y-19.3907
G1 X110.0725 Y-19.3552
G1 X110.2356 Y-19.3408
G1 X110.9862 Y-19.3549
G1 X111.1396 Y-19.3367
G1 X111.2511 Y-19.3062
G1 Z9.0597 F700.0
G1 Z8.5597 F220.0
G4 P0.06
G0 X102.0735 Y-21.7771 F15000.0
G1 Z11.2664 F700.0
G1 Z12.0664 F180.0
G4 P0.06
G1 X102.7642 Y-21.7750 F12000.0
G1 X102.8837 Y-21.7592
G1 X102.9864 Y-21.7303
G1 X103.0991 Y-21.6734
G1 X103.2036 Y-21.5763
G1 X103.2713 Y-21.4551
G1 X103.3062 Y-21.3150
G1 X103.3123 Y-21.1611
G1 X103.2872 Y-20.9652
G1 X103.2331 Y-20.7658
G1 X103.1426 Y-20.5404
G1 X103.0653 Y-20.3916
G1 X102.9653 Y-20.2345
G1 X102.8936 Y-20.1447
G1 X102.6581 Y-19.9063
G1 X102.6007 Y-19.8280
G1 X102.5636 Y-19.7461
G1 X102.5545 Y-19.6869
G1 X102.5638 Y-19.6255
G1 X102.6947 Y-19.3651
G1 X102.7198 Y-19.2742
G1 X102.7328 Y-19.1481
G1 X102.7264 Y-18.9883
G1 X102.6972 Y-18.7782
G1 X102.6455 Y-18.5661
G1 X102.5824 Y-18.3802
G1 X102.4245 Y-18.0448
G1 X102.2366 Y-17.7660
G1 X102.0340 Y-17.5542
G1 X101.9087 Y-17.4584
G1 X101.8021 Y-17.3953
G1 X101.6904 Y-17.3455
G1 X101.5728 Y-17.3088
G1 X101.2620 Y-17.2549
G1 X100.9391 Y-17.2397
G1 X100.3674 Y-17.2471
G1 Z9.0664 F700.0
G1 Z8.5664 F220.0
G4 P0.06
G0 X131.3714 Y-15.3645 F15000.0
G1 Z11.2218 F700.0
G1 Z12.0218 F180.0
G4 P0.06
G1 X131.3714 Y-54.2520 F12000.0
G1 X131.3943 Y-15.3888 F12000.0
G1 Z9.0218 F700.0
G1 Z8.5218 F220.0
G4 P0.06
G0 X131.3943 Y-29.9689 F15000.0
G1 Z11.2311 F700.0
G1 Z12.0311 F180.0
G4 P0.06
G1 X180.0000 Y-29.9689 F12000.0
G1 X63.2639 Y-29.9689
G1 X131.3943 Y-29.9689
G1 X133.3129 Y-30.9548 F5000.0
G1 X133.5845 Y-31.3146 F12000.0
G1 X133.8784 Y-31.7396
G1 X134.5324 Y-32.7433
G1 X134.9084 Y-33.2935
G1 X135.1597 Y-33.7178
G1 X135.2976 Y-33.9129
G1 X135.4293 Y-34.0440
G1 X135.5502 Y-34.1122
G1 X135.6368 Y-34.1343
G1 X135.7381 Y-34.1444
G1 X135.9088 Y-34.1240
G1 X135.9676 Y-34.0993
G1 X136.0158 Y-34.0634
G1 X136.0607 Y-33.9861
G1 X136.0648 Y-33.8364
G1 X136.0322 Y-33.6810
G1 X135.9637 Y-33.4887
G1 X135.7855 Y-33.0727
G1 X135.2961 Y-31.6657
G1 X135.1521 Y-31.3058
G1 X135.0189 Y-31.0137
G1 X136.4309 Y-33.1315 F5000.0
G1 X136.3170 Y-32.8639 F12000.0
G1 X136.0665 Y-32.1617
G1 X135.8620 Y-31.6527
G1 X135.8084 Y-31.4645
G1 X135.7876 Y-31.3097
G1 X135.7900 Y-31.2203
G1 X135.8045 Y-31.1669
G1 X135.8470 Y-31.0966
G1 X135.9109 Y-31.0380
G1 X135.9921 Y-30.9908
G1 X136.0866 Y-30.9548
G1 X136.1905 Y-30.9300
G1 X136.3364 Y-30.9138
G1 X136.5523 Y-30.9246
G1 X136.7089 Y-30.9650
G1 X136.8245 Y-31.0330
G1 X136.8965 Y-31.1247
G1 X136.9504 Y-31.2393
G1 X137.0570 Y-31.5757
G1 X137.4194 Y-32.5129
G1 X137.5223 Y-32.8222
G1 X137.6075 Y-33.1315
G1 X139.3136 Y-33.1315 F5000.0
G1 X138.8670 Y-33.1541 F12000.0
G1 X138.6623 Y-33.1520
G1 X138.4725 Y-33.1230
G1 X138.3372 Y-33.0683
G1 X138.2028 Y-32.9598
G1 X138.0700 Y-32.7924
G1 X137.9595 Y-32.5928
G1 X137.8438 Y-32.3082
G1 X137.5654 Y-31.3916
G1 X137.5483 Y-31.2298
G1 X137.5634 Y-31.1385
G1 X137.5881 Y-31.0828
G1 X137.6269 Y-31.0330
G1 X137.6891 Y-30.9884
G1 X137.7679 Y-30.9578
G1 X137.8596 Y-30.9391
G1 X138.1029 Y-30.9291
G1 X138.5488 Y-30.9548
G1 X139.1959 Y-30.9548 F5000.0
G1 X139.7648 Y-32.4844 F12000.0
G1 X140.0378 Y-33.0892
G1 X140.4314 Y-33.1315
G1 X141.4904 Y-33.1298
G1 X141.8104 Y-32.9503
G1 X141.6310 Y-32.3079
G1 X141.1374 Y-31.0137
G1 X140.1961 Y-31.0137 F5000.0
G1 X140.9020 Y-33.0727 F12000.0
G1 Z9.0311 F700.0
G1 Z8.5311 F220.0
G4 P0.06
G0 X63.2639 Y-34.8289 F15000.0
G1 Z11.2491 F700.0
G1 Z12.0491 F180.0
G4 P0.06
G1 X0.0000 Y-34.8289 F12000.0
G1 X1.8252 Y-34.7788 F12000.0
G1 X2.2528 Y-34.7608
G1 X2.4160 Y-34.7793
G1 X2.4999 Y-34.8079
G1 X2.5504 Y-34.8382
G1 X2.6162 Y-34.9000
G1 X2.6818 Y-35.0031
G1 X2.7388 Y-35.1556
G1 X2.8568 Y-35.5825
G1 X2.9136 Y-35.6958
G1 X2.9905 Y-35.7856
G1 X3.0859 Y-35.8378
G1 X3.2029 Y-35.8645
G1 X3.3350 Y-35.8737
G1 X3.7593 Y-35.8714
G1 X3.9478 Y-35.9007
G1 X4.0270 Y-35.9339
G1 X4.1211 Y-35.9975
G1 X4.2634 Y-36.1534
G1 X4.3808 Y-36.3524
G1 X4.4781 Y-36.5786
G1 X4.8020 Y-37.5789
G1 X4.8248 Y-37.6780
G1 X4.8295 Y-37.7746
G1 X4.8076 Y-37.8634
G1 X4.7657 Y-37.9214
G1 X4.6787 Y-37.9732
G1 X4.5578 Y-38.0113
G1 X4.4142 Y-38.0356
G1 X4.2205 Y-38.0468
G1 X4.0319 Y-38.0363
G1 X3.8998 Y-38.0122
G1 X3.7966 Y-37.9740
G1 X3.7272 Y-37.9149
G1 X3.6780 Y-37.8393
G1 X3.6226 Y-37.7189
G1 X3.4713 Y-37.2495
G1 X3.1676 Y-36.4589
G1 X3.0866 Y-36.1472
G1 X3.0606 Y-35.8966
G1 X2.3547 Y-35.8966 F5000.0
G1 X3.1390 Y-38.0145 F12000.0
G1 X3.4022 Y-38.8364
G1 X3.1782 Y-39.0129
G1 X2.0752 Y-38.9364
G1 X1.6683 Y-37.9557
G1 X0.8839 Y-35.8378
G1 X2.0016 Y-34.1317 F5000.0
G1 X3.5313 Y-34.1317 F12000.0
G1 X2.7076 Y-34.0728 F5000.0
G1 X2.4331 Y-33.1904 F12000.0
G1 X1.6487 Y-31.0137
G1 X3.5313 Y-30.9548 F5000.0
G1 X4.0608 Y-32.0726 F12000.0
G1 X4.4725 Y-32.1314 F5000.0
G1 X4.7667 Y-31.0724 F12000.0
G1 X5.6301 Y-31.8543 F5000.0
G1 X5.7682 Y-32.3045 F12000.0
G1 X5.8989 Y-32.6264
G1 X6.0323 Y-32.8524
G1 X6.1110 Y-32.9476
G1 X6.1988 Y-33.0274
G1 X6.2963 Y-33.0892
G1 X6.3936 Y-33.1238
G1 X6.5555 Y-33.1507
G1 X6.7014 Y-33.1562
G1 X6.8479 Y-33.1442
G1 X6.9822 Y-33.1123
G1 X7.0911 Y-33.0576
G1 X7.1486 Y-33.0001
G1 X7.1723 Y-32.9533
G1 X7.1845 Y-32.8955
G1 X7.1691 Y-32.7350
G1 X7.0328 Y-32.3483
G1 X6.8347 Y-31.7199
G1 X6.7573 Y-31.5270
G1 X6.6659 Y-31.3497
G1 X6.5767 Y-31.2208
G1 X6.4738 Y-31.1150
G1 X6.3802 Y-31.0511
G1 X6.2818 Y-31.0084
G1 X6.1280 Y-30.9659
G1 X5.9889 Y-30.9443
G1 X5.8476 Y-30.9397
G1 X5.7466 Y-30.9504
G1 X5.6551 Y-30.9760
G1 X5.5776 Y-31.0184
G1 X5.5188 Y-31.0801
G1 X5.4923 Y-31.1330
G1 X5.4766 Y-31.1936
G1 X5.4722 Y-31.2880
G1 X5.5011 Y-31.4485
G1 X5.6043 Y-31.7674
G1 X5.6301 Y-31.8543
G1 X5.5904 Y-33.1315 F5000.0
G1 X4.0608 Y-32.0726 F12000.0
G1 X4.3549 Y-33.1315
G1 X2.7076 Y-34.7788 F5000.0
G1 X16.4471 Y-34.7788 F12000.0
G1 X18.2285 Y-34.7499
G1 X18.9070 Y-34.7730
G1 X19.4763 Y-34.8306
G1 X19.8719 Y-34.8227
G1 X20.0337 Y-34.8343
G1 X20.1528 Y-34.8673
G1 X20.2676 Y-34.9315
G1 X20.3674 Y-35.0145
G1 X20.4687 Y-35.1375
G1 X20.5476 Y-35.2772
G1 X20.6084 Y-35.4282
G1 X20.6628 Y-35.6174
G1 X20.7099 Y-35.8378
G1 X19.7883 Y-35.9160
G1 X19.7883 Y-36.4849
G1 X20.3570 Y-38.0145
G1 X21.5336 Y-38.0145 F5000.0
G1 X21.1610 Y-36.9556 F12000.0
G1 X20.7099 Y-35.8378
G1 X21.4160 Y-36.1319 F5000.0
G1 X21.4437 Y-36.0713 F12000.0
G1 X21.4983 Y-35.9940
G1 X21.6177 Y-35.8998
G1 X21.7631 Y-35.8473
G1 X21.9558 Y-35.8357
G1 X22.1500 Y-35.8770
G1 X22.3261 Y-35.9670
G1 X22.4483 Y-36.0796
G1 X22.5053 Y-36.1604
G1 X22.5485 Y-36.2458
G1 X22.5973 Y-36.3961
G1 X22.6731 Y-36.8044
G1 X22.7179 Y-36.9562
G1 X22.7871 Y-37.0970
G1 X22.9733 Y-37.4051
G1 X23.0357 Y-37.5541
G1 X23.0589 Y-37.6800
G1 X23.0479 Y-37.8173
G1 X23.0103 Y-37.9105
G1 X22.9732 Y-37.9563
G1 X22.9279 Y-37.9902
G1 X22.8473 Y-38.0208
G1 X22.7222 Y-38.0291
G1 X22.5860 Y-38.0074
G1 X22.4146 Y-37.9503
G1 X22.2597 Y-37.8741
G1 X22.1219 Y-37.7792
G1 X22.1219 Y-36.9556 F5000.0
G1 X22.6514 Y-36.8968 F12000.0
G1 X24.4983 Y-36.5737 F5000.0
G1 X24.3851 Y-36.2353 F12000.0
G1 X24.3311 Y-36.1181
G1 X24.2557 Y-36.0189
G1 X24.1359 Y-35.9400
G1 X23.9970 Y-35.8872
G1 X23.8291 Y-35.8448
G1 X23.6859 Y-35.8245
G1 X23.5447 Y-35.8215
G1 X23.4151 Y-35.8406
G1 X23.3306 Y-35.8723
G1 X23.2617 Y-35.9210
G1 X23.2121 Y-35.9889
G1 X23.1912 Y-36.0461
G1 X23.1797 Y-36.1392
G1 X23.2010 Y-36.2995
G1 X23.4433 Y-37.0879
G1 X23.5506 Y-37.3838
G1 X23.6537 Y-37.5987
G1 X23.7788 Y-37.7847
G1 X23.9069 Y-37.9103
G1 X24.0319 Y-37.9845
G1 X24.1777 Y-38.0138
G1 X24.6833 Y-38.0250
G1 X24.7830 Y-38.0102
G1 X24.8396 Y-37.9893
G1 X24.8847 Y-37.9572
G1 X24.9156 Y-37.9098
G1 X24.9287 Y-37.8203
G1 X24.9109 Y-37.7231
G1 X24.5445 Y-36.6937
G1 X24.4983 Y-36.5737
G1 X24.8282 Y-35.8378 F5000.0
G1 X25.3577 Y-37.0144 F12000.0
G1 X26.3578 Y-36.8968 F5000.0
G1 X26.0636 Y-35.8966 F12000.0
G1 X26.9857 Y-36.7372 F5000.0
G1 X27.1240 Y-37.1874 F12000.0
G1 X27.2546 Y-37.5093
G1 X27.3881 Y-37.7353
G1 X27.4668 Y-37.8306
G1 X27.5544 Y-37.9103
G1 X27.6520 Y-37.9722
G1 X27.7494 Y-38.0067
G1 X27.9112 Y-38.0338
G1 X28.0571 Y-38.0391
G1 X28.2037 Y-38.0272
G1 X28.3378 Y-37.9952
G1 X28.4469 Y-37.9406
G1 X28.5043 Y-37.8831
G1 X28.5280 Y-37.8363
G1 X28.5402 Y-37.7785
G1 X28.5249 Y-37.6180
G1 X28.3885 Y-37.2314
G1 X28.1904 Y-36.6029
G1 X28.1130 Y-36.4101
G1 X28.0216 Y-36.2326
G1 X27.9325 Y-36.1037
G1 X27.8295 Y-35.9981
G1 X27.7360 Y-35.9341
G1 X27.6374 Y-35.8914
G1 X27.4837 Y-35.8489
G1 X27.3447 Y-35.8274
G1 X27.2033 Y-35.8227
G1 X27.1024 Y-35.8335
G1 X27.0108 Y-35.8590
G1 X26.9333 Y-35.9015
G1 X26.8745 Y-35.9632
G1 X26.8480 Y-36.0160
G1 X26.8323 Y-36.0767
G1 X26.8279 Y-36.1711
G1 X26.8568 Y-36.3315
G1 X26.9600 Y-36.6504
G1 X26.9857 Y-36.7372
G1 X26.8284 Y-38.0145 F5000.0
G1 X26.4165 Y-36.8968 F12000.0
G1 X26.2416 Y-36.9189
G1 X25.8160 Y-36.9156
G1 X25.6468 Y-36.9260
G1 X25.5035 Y-36.9607
G1 X25.4361 Y-36.9979
G1 X25.4009 Y-37.0336
G1 X25.3689 Y-37.1031
G1 X25.3585 Y-37.1881
G1 X25.3885 Y-37.3898
G1 X25.4777 Y-37.6445
G1 X25.6517 Y-38.0145
G1 Z9.0491 F700.0
G1 Z8.5491 F220.0
G4 P0.06
G0 X25.5930 Y-40.6620 F15000.0
G1 Z11.2473 F700.0
G1 Z12.0473 F180.0
G4 P0.06
G1 X25.9459 Y-41.7797 F12000.0
G1 X26.8872 Y-41.7797 F5000.0
G1 X27.2402 Y-42.8387 F12000.0
G1 X27.7697 Y-42.8387 F5000.0
G1 X27.6689 Y-42.6030 F12000.0
G1 X27.5630 Y-42.2970
G1 X27.3350 Y-41.4856
G1 X27.2192 Y-41.1458
G1 X27.1892 Y-40.9877
G1 X27.2025 Y-40.8662
G1 X27.2282 Y-40.8148
G1 X27.2865 Y-40.7504
G1 X27.4246 Y-40.6754
G1 X27.6277 Y-40.6356
G1 X27.8002 Y-40.6415
G1 X27.9502 Y-40.6802
G1 X28.0441 Y-40.7390
G1 X28.1321 Y-40.8615
G1 X28.1920 Y-41.0134
G1 X28.5257 Y-42.1180
G1 X28.6303 Y-42.4933
G1 X28.7110 Y-42.8387
G1 X29.2993 Y-42.8387 F5000.0
G1 X29.0052 Y-41.7797 F12000.0
G1 X29.2993 Y-41.8386
G1 X28.9463 Y-41.7209 F5000.0
G1 X28.5934 Y-40.6620 F12000.0
G1 X29.5935 Y-40.7207 F5000.0
G1 X29.4251 Y-41.4856 F12000.0
G1 X29.3679 Y-41.8974
G1 X30.2995 Y-42.8975
G1 X30.4328 Y-41.9222 F5000.0
G1 X30.5189 Y-42.2345 F12000.0
G1 X30.6070 Y-42.4593
G1 X30.7203 Y-42.6481
G1 X30.8427 Y-42.7674
G1 X30.9123 Y-42.8075
G1 X30.9948 Y-42.8353
G1 X31.1270 Y-42.8571
G1 X31.2333 Y-42.8595
G1 X31.3376 Y-42.8482
G1 X31.4330 Y-42.8213
G1 X31.5118 Y-42.7771
G1 X31.5518 Y-42.7373
G1 X31.5790 Y-42.6884
G1 X31.5969 Y-42.5978
G1 X31.5878 Y-42.4097
G1 X31.3626 Y-41.5092
G1 X31.2794 Y-41.2415
G1 X31.1822 Y-41.0275
G1 X31.0747 Y-40.8728
G1 X30.9397 Y-40.7560
G1 X30.8081 Y-40.6962
G1 X30.6116 Y-40.6591
G1 X30.5075 Y-40.6586
G1 X30.4080 Y-40.6738
G1 X30.3196 Y-40.7079
G1 X30.2700 Y-40.7423
G1 X30.2299 Y-40.7871
G1 X30.2014 Y-40.8431
G1 X30.1846 Y-40.9336
G1 X30.1978 Y-41.0609
G1 X30.3215 Y-41.4441
G1 X30.4328 Y-41.9222
G1 X32.2997 Y-42.8975 F5000.0
G1 X32.1902 Y-42.7049 F12000.0
G1 X32.1086 Y-42.5011
G1 X31.6624 Y-41.0287
G1 X31.6580 Y-40.9028
G1 X31.6722 Y-40.8431
G1 X31.7007 Y-40.7862
G1 X31.7887 Y-40.7055
G1 X31.9075 Y-40.6640
G1 X32.0439 Y-40.6557
G1 X32.1851 Y-40.6742
G1 X32.3183 Y-40.7135
G1 X32.4536 Y-40.7824
G1 X32.5349 Y-40.8531
G1 X32.6240 Y-40.9671
G1 X32.7004 Y-41.1035
G1 X32.7658 Y-41.2570
G1 X32.8699 Y-41.5930
G1 X33.0438 Y-42.3319
G1 X33.0668 Y-42.4593
G1 X33.0730 Y-42.5917
G1 X33.0493 Y-42.7112
G1 X33.0220 Y-42.7604
G1 X32.9776 Y-42.8015
G1 X32.8939 Y-42.8316
G1 X32.7115 Y-42.8387
G1 X32.8076 Y-43.1839 F5000.0
G1 X32.6954 Y-43.0191 F12000.0
G1 X32.6527 Y-42.8975
G1 X32.2997 Y-42.8975
G1 X32.3259 Y-43.2152
G1 X32.3532 Y-43.3433
G1 X32.3938 Y-43.4662
G1 X32.4500 Y-43.5803
G1 X32.5039 Y-43.6576
G1 X32.5788 Y-43.7265
G1 X32.6673 Y-43.7709
G1 X32.7601 Y-43.7888
G1 X32.8481 Y-43.7775
G1 X32.9223 Y-43.7346
G1 X32.9735 Y-43.6578
G1 X32.9926 Y-43.5447
G1 X32.9787 Y-43.4546
G1 X32.9257 Y-43.3430
G1 X32.8493 Y-43.2367
G1 X32.8076 Y-43.1839
G1 X31.8290 Y-44.5448 F5000.0
G1 X6.9434 Y-44.5448 F12000.0
G1 X7.7671 Y-45.6038 F5000.0
G1 X7.9908 Y-45.9156 F12000.0
G1 X8.2512 Y-46.3212
G1 X9.0587 Y-47.7199
G1 X9.5157 Y-48.4605
G1 X9.6440 Y-48.6102
G1 X9.7684 Y-48.6994
G1 X9.8520 Y-48.7306
G1 X9.9119 Y-48.7399
G1 X10.0427 Y-48.7268
G1 X10.1402 Y-48.6884
G1 X10.1803 Y-48.6510
G1 X10.2053 Y-48.6022
G1 X10.2178 Y-48.4792
G1 X10.1937 Y-48.3365
G1 X9.2967 Y-45.6626
G1 X10.5322 Y-47.7805 F5000.0
G1 X10.4098 Y-47.5647 F12000.0
G1 X10.3019 Y-47.2953
G1 X10.0805 Y-46.5450
G1 X9.9319 Y-46.1211
G1 X9.8918 Y-45.9325
G1 X9.8971 Y-45.7788
G1 X9.9178 Y-45.7250
G1 X9.9684 Y-45.6560
G1 X10.0385 Y-45.6010
G1 X10.1239 Y-45.5591
G1 X10.3230 Y-45.5136
G1 X10.5306 Y-45.5160
G1 X10.6853 Y-45.5519
G1 X10.7610 Y-45.5873
G1 X10.8071 Y-45.6223
G1 X10.8799 Y-45.7171
G1 X10.9435 Y-45.8651
G1 X11.0426 Y-46.1934
G1 X11.3631 Y-47.1049
G1 X11.4654 Y-47.4433
G1 X11.5323 Y-47.7217
G1 X13.1207 Y-47.7217 F5000.0
G1 X12.5638 Y-47.7371 F12000.0
G1 X12.4031 Y-47.7138
G1 X12.2629 Y-47.6590
G1 X12.1316 Y-47.5501
G1 X12.0225 Y-47.4054
G1 X11.9178 Y-47.2027
G1 X11.8215 Y-46.9432
G1 X11.5491 Y-45.9817
G1 X11.5319 Y-45.8200
G1 X11.5579 Y-45.7002
G1 X11.5894 Y-45.6473
G1 X11.6525 Y-45.5903
G1 X11.7901 Y-45.5399
G1 X11.9940 Y-45.5238
G1 X12.4148 Y-45.5449
G1 X13.0031 Y-45.6038 F5000.0
G1 X13.4933 Y-47.0746 F12000.0
G1 X13.5900 Y-47.4535
G1 X13.6385 Y-47.5719
G1 X13.6878 Y-47.6435
G1 X13.7609 Y-47.6954
G1 X13.8785 Y-47.7219
G1 X14.7686 Y-47.7490
G1 X15.0172 Y-47.7202
G1 X15.1073 Y-47.6936
G1 X15.1830 Y-47.6562
G1 X15.2408 Y-47.6066
G1 X15.2681 Y-47.5661
G1 X15.2936 Y-47.4834
G1 X15.2987 Y-47.3900
G1 X15.2867 Y-47.2939
G1 X15.2528 Y-47.1660
G1 X14.8766 Y-45.9976
G1 X14.7092 Y-45.5449
G1 X13.8855 Y-45.6626 F5000.0
G1 X14.4739 Y-47.6628 F12000.0
G1 Z9.0473 F700.0
G1 Z8.5473 F220.0
G4 P0.06
G0 X12.4736 Y-43.8389 F15000.0
G1 Z11.2452 F700.0
G1 Z12.0452 F180.0
G4 P0.06
G1 X11.3558 Y-43.7211 F12000.0
G1 X11.6689 Y-43.1022
G1 X11.7676 Y-42.9436
G1 X11.8861 Y-42.8021
G1 X11.9326 Y-42.7237
G1 X11.9545 Y-42.6330
G1 X11.9549 Y-42.5422
G1 X11.9048 Y-42.3193
G1 X11.7317 Y-41.8974
G1 X11.4977 Y-41.2408
G1 X11.3995 Y-41.0486
G1 X11.2737 Y-40.8852
G1 X11.1852 Y-40.8085
G1 X11.1096 Y-40.7602
G1 X10.9945 Y-40.7096
G1 X10.8965 Y-40.6828
G1 X10.7488 Y-40.6636
G1 X10.5478 Y-40.6590
G1 X10.4494 Y-40.6703
G1 X10.3623 Y-40.7043
G1 X10.2919 Y-40.7693
G1 X10.2534 Y-40.8501
G1 X10.2404 Y-40.9732
G1 X10.2572 Y-41.1017
G1 X10.4243 Y-41.6931
G1 X10.5189 Y-41.9880
G1 X10.6208 Y-42.2442
G1 X10.7275 Y-42.4497
G1 X10.8156 Y-42.5790
G1 X10.8940 Y-42.6688
G1 X10.9801 Y-42.7442
G1 X11.0596 Y-42.7934
G1 X11.2097 Y-42.8407
G1 X11.5568 Y-42.8917
G1 X11.7088 Y-42.9563
G1 X9.7904 Y-41.3978 F5000.0
G1 X9.6772 Y-41.0594 F12000.0
G1 X9.6233 Y-40.9422
G1 X9.5478 Y-40.8430
G1 X9.4282 Y-40.7641
G1 X9.2893 Y-40.7114
G1 X9.1213 Y-40.6690
G1 X8.9781 Y-40.6487
G1 X8.8370 Y-40.6457
G1 X8.7072 Y-40.6648
G1 X8.6229 Y-40.6964
G1 X8.5539 Y-40.7452
G1 X8.5043 Y-40.8130
G1 X8.4834 Y-40.8702
G1 X8.4718 Y-40.9634
G1 X8.4931 Y-41.1237
G1 X8.7355 Y-41.9121
G1 X8.8427 Y-42.2080
G1 X8.9459 Y-42.4228
G1 X9.0711 Y-42.6088
G1 X9.1992 Y-42.7345
G1 X9.3242 Y-42.8087
G1 X9.4698 Y-42.8380
G1 X9.9755 Y-42.8492
G1 X10.0752 Y-42.8343
G1 X10.1319 Y-42.8134
G1 X10.1768 Y-42.7813
G1 X10.2079 Y-42.7339
G1 X10.2209 Y-42.6444
G1 X10.2031 Y-42.5473
G1 X9.8367 Y-41.5179
G1 X9.7904 Y-41.3978
G1 Z9.0452 F700.0
G1 Z8.5452 F220.0
G4 P0.06
G0 X6.5905 Y-40.7207 F15000.0
G1 Z11.2443 F700.0
G1 Z12.0443 F180.0
G4 P0.06
G1 X6.6165 Y-40.9713 F12000.0
G1 X6.6975 Y-41.2830
G1 X7.0012 Y-42.0737
G1 X7.1525 Y-42.5431
G1 X7.2079 Y-42.6634
G1 X7.2571 Y-42.7390
G1 X7.3265 Y-42.7982
G1 X7.4297 Y-42.8363
G1 X7.5618 Y-42.8604
G1 X7.7504 Y-42.8709
G1 X7.9441 Y-42.8598
G1 X8.0876 Y-42.8354
G1 X8.2086 Y-42.7973
G1 X8.2955 Y-42.7455
G1 X8.3375 Y-42.6876
G1 X8.3594 Y-42.5988
G1 X8.3547 Y-42.5022
G1 X8.3319 Y-42.4031
G1 X7.9951 Y-41.3693
G1 X7.8952 Y-41.1460
G1 X7.7745 Y-40.9523
G1 X7.6284 Y-40.8038
G1 X7.5318 Y-40.7454
G1 X7.4429 Y-40.7142
G1 X7.2468 Y-40.6912
G1 X6.7709 Y-40.6977
G1 X6.6508 Y-40.6764
G1 X6.5464 Y-40.6290
G1 X6.4559 Y-40.5420
G1 X6.3955 Y-40.4313
G1 X6.2819 Y-40.0110
G1 X6.2186 Y-39.8688
G1 X6.1617 Y-39.7999
G1 X6.1133 Y-39.7630
G1 X6.0414 Y-39.7295
G1 X5.9266 Y-39.7024
G1 X5.6928 Y-39.6910
G1 X5.1785 Y-39.7206
G1 X0.0000 Y-39.7206
G1 X63.2639 Y-39.7713 F12000.0
G1 X20.9453 Y-39.7206 F12000.0
G1 X20.3456 Y-39.7989
G1 X20.5335 Y-40.6031
G1 X20.5923 Y-40.6620 F12000.0
G1 X20.6161 Y-40.8225
G1 X20.6765 Y-41.0744
G1 X20.9404 Y-41.9699
G1 X21.1399 Y-42.6079
G1 X21.1772 Y-42.6999
G1 X21.2119 Y-42.7536
G1 X21.2574 Y-42.7963
G1 X21.3115 Y-42.8231
G1 X21.3721 Y-42.8369
G1 X21.7863 Y-42.8446
G1 X21.8880 Y-42.8348
G1 X21.9489 Y-42.8160
G1 X22.0206 Y-42.7604
G1 X22.0606 Y-42.6835
G1 X22.0801 Y-42.5627
G1 X22.0701 Y-42.4292
G1 X22.0310 Y-42.2567
G1 X21.9301 Y-41.9296
G1 X21.7973 Y-41.3993
G1 X21.7323 Y-41.2054
G1 X21.6647 Y-41.0545
G1 X21.5997 Y-40.9455
G1 X21.5232 Y-40.8502
G1 X21.4337 Y-40.7724
G1 X21.3571 Y-40.7273
G1 X21.2692 Y-40.6932
G1 X21.1445 Y-40.6661
G1 X20.8486 Y-40.6547
G1 X20.7829 Y-40.6568
G1 X20.2393 Y-39.7206 F5000.0
G1 X6.2963 Y-39.7206 F12000.0
G1 X4.8844 Y-40.9561 F5000.0
G1 X4.9121 Y-40.8956 F12000.0
G1 X4.9667 Y-40.8182
G1 X5.0862 Y-40.7240
G1 X5.2315 Y-40.6714
G1 X5.4242 Y-40.6599
G1 X5.6184 Y-40.7011
G1 X5.7946 Y-40.7911
G1 X5.9168 Y-40.9038
G1 X5.9738 Y-40.9845
G1 X6.0170 Y-41.0699
G1 X6.0658 Y-41.2202
G1 X6.1416 Y-41.6287
G1 X6.1863 Y-41.7803
G1 X6.2556 Y-41.9211
G1 X6.4418 Y-42.2294
G1 X6.5041 Y-42.3782
G1 X6.5274 Y-42.5041
G1 X6.5164 Y-42.6414
G1 X6.4787 Y-42.7346
G1 X6.4417 Y-42.7804
G1 X6.3963 Y-42.8143
G1 X6.3157 Y-42.8449
G1 X6.1906 Y-42.8532
G1 X6.0544 Y-42.8316
G1 X5.8830 Y-42.7744
G1 X5.7281 Y-42.6982
G1 X5.5904 Y-42.6034
G1 X5.5904 Y-41.7797 F5000.0
G1 X6.1199 Y-41.7209 F12000.0
G1 X4.4368 Y-41.3978 F5000.0
G1 X4.3236 Y-41.0594 F12000.0
G1 X4.2697 Y-40.9422
G1 X4.1942 Y-40.8430
G1 X4.0745 Y-40.7641
G1 X3.9356 Y-40.7114
G1 X3.7677 Y-40.6690
G1 X3.6245 Y-40.6487
G1 X3.4833 Y-40.6457
G1 X3.3535 Y-40.6648
G1 X3.2692 Y-40.6964
G1 X3.2002 Y-40.7452
G1 X3.1506 Y-40.8130
G1 X3.1298 Y-40.8702
G1 X3.1182 Y-40.9634
G1 X3.1395 Y-41.1237
G1 X3.3819 Y-41.9121
G1 X3.4891 Y-42.2080
G1 X3.5923 Y-42.4228
G1 X3.7174 Y-42.6088
G1 X3.8455 Y-42.7345
G1 X3.9705 Y-42.8087
G1 X4.1162 Y-42.8380
G1 X4.6219 Y-42.8492
G1 X4.7216 Y-42.8343
G1 X4.7783 Y-42.8134
G1 X4.8232 Y-42.7813
G1 X4.8542 Y-42.7339
G1 X4.8672 Y-42.6444
G1 X4.8495 Y-42.5473
G1 X4.4831 Y-41.5179
G1 X4.4368 Y-41.3978
G1 Z9.0443 F700.0
G1 Z8.5443 F220.0
G4 P0.06
G0 X1.5310 Y-42.1915 F15000.0
G1 Z11.2808 F700.0
G1 Z12.0808 F180.0
G4 P0.06
G1 X1.5656 Y-42.4424 F12000.0
G1 X1.6439 Y-42.7156
G1 X1.8341 Y-43.2207
G1 X1.9534 Y-43.5828
G1 X2.0140 Y-43.6927
G1 X2.0752 Y-43.7605
G1 X2.1624 Y-43.8147
G1 X2.3047 Y-43.8593
G1 X2.4722 Y-43.8782
G1 X2.6522 Y-43.8724
G1 X2.8324 Y-43.8420
G1 X3.0001 Y-43.7877
G1 X3.1427 Y-43.7099
G1 X3.2303 Y-43.6311
G1 X3.2763 Y-43.5625
G1 X3.3025 Y-43.4858
G1 X3.3089 Y-43.3957
G1 X3.2911 Y-43.2750
G1 X3.2439 Y-43.1272
G1 X3.1105 Y-42.7943
G1 X3.0229 Y-42.6260
G1 X2.9388 Y-42.5019
G1 X2.8414 Y-42.3938
G1 X2.7276 Y-42.3024
G1 X2.5944 Y-42.2292
G1 X2.4718 Y-42.1840
G1 X2.2416 Y-42.1404
G1 X1.8086 Y-42.1607
G1 X1.6762 Y-42.1573
G1 X1.5593 Y-42.1346
G1 X1.4634 Y-42.0817
G1 X1.4050 Y-42.0121
G1 X1.3481 Y-41.8969
G1 X1.0212 Y-40.9895
G1 X0.8839 Y-40.6620
G1 Z9.0808 F700.0
G1 Z8.5808 F220.0
G4 P0.06
G0 X0.0000 Y-44.6314 F15000.0
G1 Z11.2459 F700.0
G1 Z12.0459 F180.0
G4 P0.06
G1 X63.2639 Y-44.6314 F12000.0
G1 X32.4762 Y-44.5448 F12000.0
G1 X32.1310 Y-44.5354
G1 X32.0134 Y-44.5610
G1 X31.9465 Y-44.6044
G1 X31.9044 Y-44.6701
G1 X31.8827 Y-44.7842
G1 X31.8871 Y-44.8842
G1 X31.9130 Y-45.0290
G1 X32.0644 Y-45.5449
G1 X31.1427 Y-45.6232
G1 X31.1427 Y-46.1921
G1 X31.7114 Y-47.7217
G1 X31.1230 Y-47.7217 F5000.0
G1 X29.5935 Y-46.6627 F12000.0
G1 X29.8876 Y-47.7217
G1 X30.0053 Y-46.7215 F5000.0
G1 X30.2995 Y-45.6626 F12000.0
G1 X29.5935 Y-46.6627 F5000.0
G1 X29.0640 Y-45.5449 F12000.0
G1 X27.6329 Y-46.4444 F5000.0
G1 X27.7711 Y-46.8946 F12000.0
G1 X27.9017 Y-47.2165
G1 X28.0352 Y-47.4425
G1 X28.1139 Y-47.5377
G1 X28.2016 Y-47.6175
G1 X28.2992 Y-47.6794
G1 X28.3965 Y-47.7139
G1 X28.5584 Y-47.7408
G1 X28.7043 Y-47.7463
G1 X28.8508 Y-47.7343
G1 X28.9850 Y-47.7024
G1 X29.0940 Y-47.6477
G1 X29.1515 Y-47.5903
G1 X29.1751 Y-47.5435
G1 X29.1874 Y-47.4857
G1 X29.1720 Y-47.3252
G1 X29.0356 Y-46.9385
G1 X28.8376 Y-46.3101
G1 X28.7601 Y-46.1171
G1 X28.6688 Y-45.9398
G1 X28.5796 Y-45.8108
G1 X28.4766 Y-45.7052
G1 X28.3831 Y-45.6413
G1 X28.2846 Y-45.5985
G1 X28.1308 Y-45.5560
G1 X27.9918 Y-45.5344
G1 X27.8505 Y-45.5299
G1 X27.7495 Y-45.5406
G1 X27.6579 Y-45.5662
G1 X27.5805 Y-45.6086
G1 X27.5216 Y-45.6702
G1 X27.4951 Y-45.7232
G1 X27.4794 Y-45.7838
G1 X27.4751 Y-45.8781
G1 X27.5039 Y-46.0386
G1 X27.6072 Y-46.3575
G1 X27.6329 Y-46.4444
G1 X27.4167 Y-47.7217 F5000.0
G1 X26.8984 Y-47.7343 F12000.0
G1 X26.6496 Y-47.7088
G1 X26.5329 Y-47.6761
G1 X26.4232 Y-47.6253
G1 X26.3218 Y-47.5531
G1 X26.2303 Y-47.4561
G1 X26.0981 Y-47.2441
G1 X25.9657 Y-46.9451
G1 X25.8568 Y-46.6252
G1 X25.6763 Y-46.0133
G1 X25.6533 Y-45.8837
G1 X25.6595 Y-45.7561
G1 X25.6942 Y-45.6691
G1 X25.7563 Y-45.6036
G1 X25.8398 Y-45.5622
G1 X25.9719 Y-45.5367
G1 X26.1460 Y-45.5381
G1 X26.3370 Y-45.5651
G1 X26.4723 Y-45.6051
G1 X26.5835 Y-45.6620
G1 X26.6746 Y-45.7344
G1 X26.7497 Y-45.8212
G1 X26.8547 Y-46.0033
G1 X26.9692 Y-46.2810
G1 X27.4200 Y-47.6316
G1 X27.4760 Y-47.7727
G1 X27.6343 Y-48.0920
G1 X27.6899 Y-48.2471
G1 X27.7079 Y-48.3997
G1 X27.6819 Y-48.5158
G1 X27.6183 Y-48.6103
G1 X27.4999 Y-48.6875
G1 X27.3487 Y-48.7297
G1 X27.1774 Y-48.7456
G1 X26.5931 Y-48.7218
G1 Z9.0459 F700.0
G1 Z8.5459 F220.0
G4 P0.06
G0 X23.7684 Y-47.8350 F15000.0
G1 Z11.2429 F700.0
G1 Z12.0429 F180.0
G4 P0.06
G1 X23.8384 Y-48.0604 F12000.0
G1 X23.9366 Y-48.2811
G1 X24.0428 Y-48.4475
G1 X24.1467 Y-48.5576
G1 X24.2697 Y-48.6342
G1 X24.3995 Y-48.6611
G1 X24.5281 Y-48.6430
G1 X24.5845 Y-48.6165
G1 X24.6319 Y-48.5779
G1 X24.6792 Y-48.4972
G1 X24.6911 Y-48.4023
G1 X24.6713 Y-48.2303
G1 X24.6188 Y-48.0354
G1 X24.5391 Y-47.8341
G1 X24.4557 Y-47.6734
G1 X24.3397 Y-47.5031
G1 X24.2337 Y-47.3911
G1 X24.1222 Y-47.3163
G1 X23.9845 Y-47.2773
G1 X23.8943 Y-47.2839
G1 X23.7983 Y-47.3359
G1 X23.7375 Y-47.4317
G1 X23.7199 Y-47.5287
G1 X23.7270 Y-47.6301
G1 X23.7684 Y-47.8350
G1 X23.5927 Y-48.6630 F5000.0
G1 X23.0437 Y-47.1333 F12000.0
G1 X22.5337 Y-45.9567
G1 X22.3524 Y-47.1333
G1 X22.1808 Y-48.7218
G1 X22.1219 Y-48.1923 F5000.0
G1 X21.6872 Y-47.3687 F12000.0
G1 X21.0041 Y-45.5449
G1 Z9.0429 F700.0
G1 Z8.5429 F220.0
G4 P0.06
G0 X18.7685 Y-42.3681 F15000.0
G1 Z11.2594 F700.0
G1 Z12.0594 F180.0
G4 P0.06
G1 X17.9449 Y-42.4268 F12000.0
G1 X17.8496 Y-42.2305
G1 X17.7613 Y-41.9919
G1 X17.4477 Y-40.9158
G1 X17.4404 Y-40.8201
G1 X17.4628 Y-40.7402
G1 X17.5049 Y-40.6970
G1 X17.5956 Y-40.6645
G1 X17.7354 Y-40.6581
G1 X17.9881 Y-40.6778
G1 X18.1425 Y-40.7165
G1 X18.2877 Y-40.7771
G1 X18.4216 Y-40.8586
G1 X18.5415 Y-40.9602
G1 X18.6450 Y-41.0812
G1 X18.7296 Y-41.2203
G1 X18.8288 Y-41.4832
G1 X18.8813 Y-41.7675
G1 X18.8813 Y-42.0150
G1 X18.8205 Y-42.3098
G1 X18.8337 Y-42.4248
G1 X18.9162 Y-42.6203
G1 X19.1891 Y-43.0696
G1 X19.2362 Y-43.1874
G1 X19.2570 Y-43.2781
G1 X19.2600 Y-43.4034
G1 X19.2396 Y-43.5008
G1 X19.1967 Y-43.6017
G1 X19.1269 Y-43.6880
G1 X19.0517 Y-43.7443
G1 X18.9296 Y-43.8052
G1 X18.7928 Y-43.8464
G1 X18.6871 Y-43.8621
G1 X18.5839 Y-43.8629
G1 X18.4878 Y-43.8473
G1 X18.4034 Y-43.8138
G1 X18.3355 Y-43.7605
G1 X18.2837 Y-43.6849
G1 X18.2353 Y-43.5621
G1 X18.1635 Y-43.2789
G1 X18.0026 Y-42.7360
G1 X17.9449 Y-42.4268
G1 X19.4314 Y-41.9222 F5000.0
G1 X19.5176 Y-42.2345 F12000.0
G1 X19.6055 Y-42.4593
G1 X19.7189 Y-42.6481
G1 X19.8413 Y-42.7674
G1 X19.9109 Y-42.8075
G1 X19.9934 Y-42.8353
G1 X20.1256 Y-42.8571
G1 X20.2319 Y-42.8595
G1 X20.3363 Y-42.8482
G1 X20.4315 Y-42.8213
G1 X20.5104 Y-42.7771
G1 X20.5503 Y-42.7373
G1 X20.5775 Y-42.6884
G1 X20.5954 Y-42.5978
G1 X20.5864 Y-42.4097
G1 X20.3613 Y-41.5092
G1 X20.2780 Y-41.2415
G1 X20.1808 Y-41.0275
G1 X20.0732 Y-40.8728
G1 X19.9383 Y-40.7560
G1 X19.8067 Y-40.6962
G1 X19.6102 Y-40.6591
G1 X19.5061 Y-40.6586
G1 X19.4067 Y-40.6738
G1 X19.3182 Y-40.7079
G1 X19.2685 Y-40.7423
G1 X19.2285 Y-40.7871
G1 X19.1999 Y-40.8431
G1 X19.1831 Y-40.9336
G1 X19.1964 Y-41.0609
G1 X19.3201 Y-41.4441
G1 X19.4314 Y-41.9222
G1 Z9.0594 F700.0
G1 Z8.5594 F220.0
G4 P0.06
G0 X22.4318 Y-41.9222 F15000.0
G1 Z11.2216 F700.0
G1 Z12.0216 F180.0
G4 P0.06
G1 X22.5180 Y-42.2345 F12000.0
G1 X22.6059 Y-42.4593
G1 X22.7193 Y-42.6481
G1 X22.8416 Y-42.7674
G1 X22.9113 Y-42.8075
G1 X22.9939 Y-42.8353
G1 X23.1260 Y-42.8571
G1 X23.2323 Y-42.8595
G1 X23.3367 Y-42.8482
G1 X23.4319 Y-42.8213
G1 X23.5108 Y-42.7771
G1 X23.5507 Y-42.7373
G1 X23.5779 Y-42.6884
G1 X23.5958 Y-42.5978
G1 X23.5868 Y-42.4097
G1 X23.3617 Y-41.5092
G1 X23.2784 Y-41.2415
G1 X23.1811 Y-41.0275
G1 X23.0736 Y-40.8728
G1 X22.9386 Y-40.7560
G1 X22.8071 Y-40.6962
G1 X22.6105 Y-40.6591
G1 X22.5065 Y-40.6586
G1 X22.4071 Y-40.6738
G1 X22.3186 Y-40.7079
G1 X22.2689 Y-40.7423
G1 X22.2288 Y-40.7871
G1 X22.2003 Y-40.8431
G1 X22.1835 Y-40.9336
G1 X22.1968 Y-41.0609
G1 X22.3205 Y-41.4441
G1 X22.4318 Y-41.9222
G1 X23.5339 Y-40.6620 F5000.0
G1 X23.6551 Y-40.9550 F12000.0
G1 X23.7665 Y-41.2943
G1 X23.9889 Y-42.1008
G1 X24.0911 Y-42.5146
G1 X24.1383 Y-42.6363
G1 X24.2003 Y-42.7389
G1 X24.2656 Y-42.7987
G1 X24.3786 Y-42.8356
G1 X25.2319 Y-42.8620
G1 X25.4422 Y-42.8346
G1 X25.5310 Y-42.8057
G1 X25.6039 Y-42.7639
G1 X25.6570 Y-42.7073
G1 X25.6796 Y-42.6604
G1 X25.6941 Y-42.5393
G1 X25.6641 Y-42.3779
G1 X25.5848 Y-42.1328
G1 X25.3461 Y-41.2606
G1 X25.2323 Y-40.9238
G1 X25.1223 Y-40.6620
G1 X24.3575 Y-40.7796 F5000.0
G1 X24.9458 Y-42.7799 F12000.0
G1 X26.2989 Y-42.8387 F5000.0
G1 X26.0554 Y-42.1328 F12000.0
G1 X26.0832 Y-41.8220
G1 X26.8872 Y-41.7797
G1 X26.5931 Y-40.6620
G1 Z9.0216 F700.0
G1 Z8.5216 F220.0
G4 P0.06
G0 X29.3581 Y-38.0734 F15000.0
G1 Z11.2024 F700.0
G1 Z12.0024 F180.0
G4 P0.06
G1 X29.2067 Y-37.8650 F12000.0
G1 X29.0794 Y-37.6120
G1 X28.7426 Y-36.6916
G1 X28.6141 Y-36.3023
G1 X28.5908 Y-36.1403
G1 X28.6006 Y-36.0473
G1 X28.6209 Y-35.9893
G1 X28.6920 Y-35.8997
G1 X28.7406 Y-35.8691
G1 X28.8268 Y-35.8378
G1 X28.9948 Y-35.8195
G1 X29.1751 Y-35.8350
G1 X29.3788 Y-35.8842
G1 X29.5347 Y-35.9507
G1 X29.6446 Y-36.0353
G1 X29.7400 Y-36.1483
G1 X29.8228 Y-36.2839
G1 X29.9078 Y-36.4679
G1 X30.0021 Y-36.7319
G1 X30.1624 Y-37.2581
G1 X30.2712 Y-37.5514
G1 X30.3024 Y-37.6840
G1 X30.3051 Y-37.7785
G1 X30.2930 Y-37.8363
G1 X30.2666 Y-37.8882
G1 X30.1802 Y-37.9659
G1 X29.7700 Y-38.1322
G1 X30.0053 Y-38.4264 F5000.0
G1 X29.8396 Y-38.2460 F12000.0
G1 X29.7015 Y-38.1444
G1 X29.5366 Y-38.0881
G1 X29.3581 Y-38.0734
G1 X29.3752 Y-38.3567
G1 X29.3991 Y-38.4799
G1 X29.4380 Y-38.5979
G1 X29.4954 Y-38.7082
G1 X29.5526 Y-38.7845
G1 X29.6204 Y-38.8507
G1 X29.6969 Y-38.9010
G1 X29.8151 Y-38.9455
G1 X29.9388 Y-38.9544
G1 X30.0536 Y-38.9171
G1 X30.1282 Y-38.8487
G1 X30.1661 Y-38.7600
G1 X30.1597 Y-38.6707
G1 X30.1220 Y-38.5833
G1 X30.0253 Y-38.4502
G1 X30.0053 Y-38.4264
G1 X31.7345 Y-36.5737 F5000.0
G1 X31.6213 Y-36.2353 F12000.0
G1 X31.5673 Y-36.1181
G1 X31.4918 Y-36.0189
G1 X31.3722 Y-35.9400
G1 X31.2333 Y-35.8872
G1 X31.0653 Y-35.8448
G1 X30.9221 Y-35.8245
G1 X30.7810 Y-35.8215
G1 X30.6512 Y-35.8406
G1 X30.5669 Y-35.8723
G1 X30.4979 Y-35.9210
G1 X30.4483 Y-35.9889
G1 X30.4274 Y-36.0461
G1 X30.4158 Y-36.1392
G1 X30.4371 Y-36.2995
G1 X30.6795 Y-37.0879
G1 X30.7868 Y-37.3838
G1 X30.8899 Y-37.5987
G1 X31.0151 Y-37.7847
G1 X31.1432 Y-37.9103
G1 X31.2682 Y-37.9845
G1 X31.4139 Y-38.0138
G1 X31.9195 Y-38.0250
G1 X32.0193 Y-38.0102
G1 X32.0759 Y-37.9893
G1 X32.1208 Y-37.9572
G1 X32.1519 Y-37.9098
G1 X32.1649 Y-37.8203
G1 X32.1472 Y-37.7231
G1 X31.7808 Y-36.6937
G1 X31.7345 Y-36.5737
G1 X33.3586 Y-35.8378 F5000.0
G1 X34.5353 Y-39.0146 F12000.0
G1 X34.4176 Y-37.5439 F5000.0
G1 X34.5576 Y-37.7996 F12000.0
G1 X34.7458 Y-38.2804
G1 X34.8284 Y-38.4565
G1 X34.9044 Y-38.5720
G1 X35.0372 Y-38.7073
G1 X35.1762 Y-38.8140
G1 X35.2990 Y-38.8883
G1 X35.4268 Y-38.9474
G1 X35.5547 Y-38.9864
G1 X35.6778 Y-39.0001
G1 X35.7640 Y-38.9910
G1 X35.8666 Y-38.9487
G1 X35.9319 Y-38.8917
G1 X35.9992 Y-38.7780
G1 X36.0322 Y-38.6617
G1 X36.0389 Y-38.5733
G1 X36.0223 Y-38.4487
G1 X35.9727 Y-38.2877
G1 X35.8006 Y-37.8699
G1 X35.5555 Y-37.0690
G1 X35.4172 Y-36.6921
G1 X35.2591 Y-36.3812
G1 X35.0991 Y-36.1693
G1 X34.9854 Y-36.0643
G1 X34.8792 Y-35.9881
G1 X34.7632 Y-35.9245
G1 X34.6407 Y-35.8793
G1 X34.5466 Y-35.8604
G1 X34.4522 Y-35.8572
G1 X34.3588 Y-35.8719
G1 X34.2880 Y-35.8959
G1 X34.2286 Y-35.9269
G1 X34.1590 Y-35.9853
G1 X34.1107 Y-36.0560
G1 X34.0814 Y-36.1370
G1 X34.0686 Y-36.2265
G1 X34.0699 Y-36.3223
G1 X34.1055 Y-36.5248
G1 X34.1807 Y-36.7611
G1 X34.3747 Y-37.2588
G1 X34.3999 Y-37.3760
G1 X34.3859 Y-37.4552
G1 X34.3300 Y-37.5239
G1 X34.2999 Y-37.5439
G1 X34.1823 Y-37.5439
G1 Z9.0024 F700.0
G1 Z8.5024 F220.0
G4 P0.06
G0 X37.0062 Y-37.5439 F15000.0
G1 Z11.1996 F700.0
G1 Z11.9996 F180.0
G4 P0.06
G1 X37.4769 Y-37.5439 F12000.0
G1 X37.3592 Y-35.8378 F5000.0
G1 X36.6532 Y-35.8378 F12000.0
G1 X36.3427 Y-35.9160
G1 X36.4963 Y-36.6614
G1 X36.9277 Y-37.6745
G1 X37.3739 Y-38.9364
G1 X37.8298 Y-39.0146
G1 X38.9477 Y-39.0146
G1 X37.7122 Y-40.7796 F5000.0
G1 X37.7710 Y-41.6033 F12000.0
G1 X36.8885 Y-41.6620 F5000.0
G1 X36.3002 Y-40.6620 F12000.0
G1 X35.4178 Y-40.7796 F5000.0
G1 X35.5730 Y-41.2345 F12000.0
G1 X35.8151 Y-42.1652
G1 X36.0702 Y-42.9210
G1 X36.1996 Y-43.3360
G1 X36.2383 Y-43.5091
G1 X36.2371 Y-43.6686
G1 X36.2061 Y-43.7469
G1 X36.1692 Y-43.7885
G1 X36.1172 Y-43.8194
G1 X36.0107 Y-43.8564
G1 X35.8423 Y-43.8830
G1 X35.6557 Y-43.8635
G1 X35.4865 Y-43.7959
G1 X35.3352 Y-43.6890
G1 X35.1819 Y-43.5264
G1 X35.0543 Y-43.3361
G1 X34.9410 Y-43.1024
G1 X34.8230 Y-42.7481
G1 X34.7840 Y-42.5260
G1 X34.7938 Y-42.4041
G1 X34.8394 Y-42.2926
G1 X34.9030 Y-42.2192
G1 X35.0017 Y-42.1586
G1 X35.1197 Y-42.1246
G1 X35.2504 Y-42.1108
G1 X35.7708 Y-42.1328
G1 X35.1236 Y-42.0739 F5000.0
G1 X35.0968 Y-41.9616 F12000.0
G1 X35.0439 Y-41.8201
G1 X34.9726 Y-41.6781
G1 X34.8679 Y-41.5084
G1 X34.6408 Y-41.2047
G1 X34.1823 Y-40.6620
G1 Z8.9996 F700.0
G1 Z8.4996 F220.0
G4 P0.06
G0 X37.8298 Y-43.3682 F15000.0
G1 Z11.2654 F700.0
G1 Z12.0654 F180.0
G4 P0.06
G1 X37.8168 Y-42.0739 F12000.0
G1 X37.6926 Y-41.7044
G1 X36.8885 Y-41.6620
G1 X37.9475 Y-43.7211
G1 Z9.0654 F700.0
G1 Z8.5654 F220.0
G4 P0.06
G0 X34.1823 Y-45.6038 F15000.0
G1 Z11.2024 F700.0
G1 Z12.0024 F180.0
G4 P0.06
G1 X34.9471 Y-47.6628 F12000.0
G1 X34.7118 Y-47.4275 F5000.0
G1 X33.9486 Y-46.8292 F12000.0
G1 X33.5352 Y-47.6040
G1 X32.7115 Y-45.5449 F12000.0
G1 X32.0644 Y-45.5449 F5000.0
G1 X32.5154 Y-46.6627 F12000.0
G1 X32.8880 Y-47.7217
G1 Z9.0024 F700.0
G1 Z8.5024 F220.0
G4 P0.06
G0 X42.5952 Y-45.5449 F15000.0
G1 Z11.2894 F700.0
G1 Z12.0894 F180.0
G4 P0.06
G1 X43.3793 Y-47.6628 F12000.0
G1 X43.7865 Y-48.6436
G1 X44.8896 Y-48.7201
G1 X45.1137 Y-48.5435
G1 X44.8501 Y-47.7217
G1 X44.0659 Y-45.6038
G1 X46.3369 Y-46.7650 F5000.0
G1 X46.2045 Y-46.3430 F12000.0
G1 X46.0866 Y-46.0559
G1 X45.9537 Y-45.8349
G1 X45.8094 Y-45.6874
G1 X45.7132 Y-45.6285
G1 X45.5822 Y-45.5801
G1 X45.4175 Y-45.5435
G1 X45.2760 Y-45.5297
G1 X45.1375 Y-45.5355
G1 X45.0422 Y-45.5558
G1 X44.9596 Y-45.5924
G1 X44.8940 Y-45.6475
G1 X44.8621 Y-45.6955
G1 X44.8346 Y-45.7838
G1 X44.8375 Y-45.9423
G1 X44.8683 Y-46.0704
G1 X45.1041 Y-46.8283
G1 X45.2006 Y-47.0910
G1 X45.3036 Y-47.3058
G1 X45.4094 Y-47.4676
G1 X45.5341 Y-47.5991
G1 X45.6290 Y-47.6657
G1 X45.7241 Y-47.7062
G1 X45.8448 Y-47.7326
G1 X45.9856 Y-47.7456
G1 X46.1334 Y-47.7426
G1 X46.2755 Y-47.7210
G1 X46.3987 Y-47.6781
G1 X46.4710 Y-47.6302
G1 X46.5303 Y-47.5435
G1 X46.5425 Y-47.4857
G1 X46.5398 Y-47.3912
G1 X46.5084 Y-47.2585
G1 X46.3641 Y-46.8545
G1 X46.3369 Y-46.7650
G1 X48.4194 Y-47.7217 F5000.0
G1 X47.9010 Y-47.7343 F12000.0
G1 X47.6524 Y-47.7088
G1 X47.5355 Y-47.6761
G1 X47.4258 Y-47.6253
G1 X47.3244 Y-47.5531
G1 X47.2328 Y-47.4561
G1 X47.1008 Y-47.2441
G1 X46.9685 Y-46.9451
G1 X46.8595 Y-46.6252
G1 X46.6791 Y-46.0133
G1 X46.6560 Y-45.8837
G1 X46.6622 Y-45.7561
G1 X46.6969 Y-45.6691
G1 X46.7589 Y-45.6036
G1 X46.8425 Y-45.5622
G1 X46.9745 Y-45.5367
G1 X47.1487 Y-45.5381
G1 X47.3397 Y-45.5651
G1 X47.4751 Y-45.6051
G1 X47.5863 Y-45.6620
G1 X47.6774 Y-45.7344
G1 X47.7525 Y-45.8212
G1 X47.8572 Y-46.0033
G1 X47.9717 Y-46.2810
G1 X48.4227 Y-47.6316
G1 X48.4789 Y-47.7727
G1 X48.6370 Y-48.0920
G1 X48.6927 Y-48.2471
G1 X48.7107 Y-48.3997
G1 X48.6847 Y-48.5158
G1 X48.6213 Y-48.6103
G1 X48.5028 Y-48.6875
G1 X48.3515 Y-48.7297
G1 X48.1803 Y-48.7456
G1 X47.5958 Y-48.7218
G1 Z9.0894 F700.0
G1 Z8.5894 F220.0
G4 P0.06
G0 X48.3018 Y-45.5449 F15000.0
G1 Z11.2736 F700.0
G1 Z12.0736 F180.0
G4 P0.06
G1 X48.5477 Y-46.1363 F12000.0
G1 X48.8313 Y-46.9569
G1 X48.9450 Y-47.3327
G1 X49.0367 Y-47.5478
G1 X49.1196 Y-47.6582
G1 X49.2064 Y-47.7073
G1 X49.3597 Y-47.7465
G1 X49.5818 Y-47.7604
G1 X49.8479 Y-47.7297
G1 X50.0407 Y-47.6619
G1 X50.1128 Y-47.6133
G1 X50.1628 Y-47.5548
G1 X50.1816 Y-47.5103
G1 X50.1888 Y-47.4267
G1 X50.1728 Y-47.3022
G1 X50.1356 Y-47.1739
G1 X49.9720 Y-46.7804
G1 X49.6961 Y-45.9892
G1 X49.5373 Y-45.6038
G1 Z9.0736 F700.0
G1 Z8.5736 F220.0
G4 P0.06
G0 X54.3614 Y-45.3096 F15000.0
G1 Z11.2723 F700.0
G1 Z12.0723 F180.0
G4 P0.06
G1 X54.4231 Y-45.3966 F12000.0
G1 X54.4928 Y-45.4625
G1 X54.5694 Y-45.5099
G1 X54.6810 Y-45.5490
G1 X54.8962 Y-45.5691
G1 X55.2948 Y-45.5461
G1 X55.5508 Y-45.5476
G1 X55.6413 Y-45.5635
G1 X55.6971 Y-45.5856
G1 X55.7476 Y-45.6199
G1 X55.7916 Y-45.6691
G1 X55.8499 Y-45.7738
G1 X55.8967 Y-45.8948
G1 X56.0281 Y-46.3685
G1 X56.6901 Y-48.3279
G1 X56.7136 Y-48.4658
G1 X56.7083 Y-48.5594
G1 X56.6761 Y-48.6381
G1 X56.6163 Y-48.6927
G1 X56.5400 Y-48.7236
G1 X56.4111 Y-48.7448
G1 X56.2665 Y-48.7439
G1 X56.1234 Y-48.7216
G1 X56.0275 Y-48.6914
G1 X55.9491 Y-48.6499
G1 X55.9103 Y-48.6163
G1 X55.8470 Y-48.5208
G1 X55.7290 Y-48.3009
G1 X55.6253 Y-48.0641
G1 X55.2209 Y-46.8980
G1 X54.8938 Y-46.1266
G1 X54.8095 Y-45.8509
G1 X54.7732 Y-45.6038
G1 X56.8911 Y-46.8553 F5000.0
G1 X57.0329 Y-47.2602 F12000.0
G1 X57.0981 Y-47.4069
G1 X57.1852 Y-47.5382
G1 X57.3036 Y-47.6453
G1 X57.3892 Y-47.6916
G1 X57.4754 Y-47.7146
G1 X57.9087 Y-47.7279
G1 X58.0431 Y-47.7104
G1 X58.0994 Y-47.6848
G1 X58.1430 Y-47.6435
G1 X58.1690 Y-47.5884
G1 X58.1769 Y-47.5276
G1 X58.1563 Y-47.3990
G1 X57.7736 Y-46.2509
G1 X57.6896 Y-45.9697
G1 X57.6415 Y-45.8516
G1 X57.5938 Y-45.7717
G1 X57.5317 Y-45.7023
G1 X57.4806 Y-45.6635
G1 X57.3934 Y-45.6203
G1 X57.2762 Y-45.5854
G1 X56.9955 Y-45.5467
G1 X56.8871 Y-45.5544
G1 X56.7999 Y-45.5793
G1 X56.7321 Y-45.6199
G1 X56.6821 Y-45.6744
G1 X56.6483 Y-45.7414
G1 X56.6291 Y-45.8190
G1 X56.6227 Y-45.9057
G1 X56.6316 Y-46.0326
G1 X56.6942 Y-46.3106
G1 X56.8169 Y-46.6638
G1 X56.8911 Y-46.8553
G1 X57.5971 Y-45.7214 F5000.0
G1 X57.7674 Y-45.6194 F12000.0
G1 X57.8809 Y-45.5846
G1 X57.9353 Y-45.5849
G1 X57.9874 Y-45.6005
G1 X58.0362 Y-45.6340
G1 X58.0812 Y-45.6878
G1 X58.1955 Y-45.9226
G1 X58.3184 Y-46.2584
G1 X58.5856 Y-47.1590
G1 X58.6643 Y-47.4761
G1 X58.7158 Y-47.5940
G1 X58.7702 Y-47.6620
G1 X58.8438 Y-47.7055
G1 X58.9667 Y-47.7268
G1 X59.2322 Y-47.7225
G1 X59.7078 Y-47.7483
G1 X59.9354 Y-47.7426
G1 X60.1377 Y-47.7068
G1 X60.2204 Y-47.6734
G1 X60.2866 Y-47.6274
G1 X60.3325 Y-47.5670
G1 X60.3510 Y-47.5177
G1 X60.3654 Y-47.4354
G1 X60.3661 Y-47.3469
G1 X60.3422 Y-47.1894
G1 X60.2956 Y-47.0254
G1 X60.0958 Y-46.5106
G1 X59.8844 Y-45.8434
G1 X59.7738 Y-45.5449
G1 X58.9503 Y-45.6626 F5000.0
G1 X59.5385 Y-47.6628 F12000.0
G1 X60.7741 Y-46.8553 F5000.0
G1 X60.9157 Y-47.2601 F12000.0
G1 X60.9810 Y-47.4066
G1 X61.0680 Y-47.5379
G1 X61.1864 Y-47.6451
G1 X61.2721 Y-47.6916
G1 X61.3582 Y-47.7146
G1 X61.7915 Y-47.7279
G1 X61.9259 Y-47.7104
G1 X61.9824 Y-47.6848
G1 X62.0260 Y-47.6435
G1 X62.0518 Y-47.5884
G1 X62.0597 Y-47.5276
G1 X62.0391 Y-47.3990
G1 X61.6565 Y-46.2509
G1 X61.5724 Y-45.9697
G1 X61.5245 Y-45.8516
G1 X61.4766 Y-45.7717
G1 X61.4145 Y-45.7023
G1 X61.3636 Y-45.6635
G1 X61.2762 Y-45.6203
G1 X61.1591 Y-45.5854
G1 X60.8783 Y-45.5467
G1 X60.7701 Y-45.5544
G1 X60.6828 Y-45.5793
G1 X60.6150 Y-45.6199
G1 X60.5650 Y-45.6744
G1 X60.5311 Y-45.7414
G1 X60.5119 Y-45.8190
G1 X60.5056 Y-45.9057
G1 X60.5144 Y-46.0326
G1 X60.5771 Y-46.3106
G1 X60.6998 Y-46.6638
G1 X60.7741 Y-46.8553
G1 Z9.0723 F700.0
G1 Z8.5723 F220.0
G4 P0.06
G0 X63.2449 Y-49.4278 F15000.0
G1 Z11.2341 F700.0
G1 Z12.0341 F180.0
G4 P0.06
G1 X0.1191 Y-49.4278 F12000.0
G1 X63.2639 Y-49.4914 F12000.0
G1 Z9.0341 F700.0
G1 Z8.5341 F220.0
G4 P0.06
G0 X63.3037 Y-54.1931 F15000.0
G1 Z11.2556 F700.0
G1 Z12.0556 F180.0
G4 P0.06
G1 X63.3037 Y-15.3645 F12000.0
G1 X63.2639 Y-68.9316 F12000.0
G1 Z9.0556 F700.0
G1 Z8.5556 F220.0
G4 P0.06
G0 X53.5429 Y-68.9316 F15000.0
G1 Z11.3100 F700.0
G1 Z12.1100 F180.0
G4 P0.06
G1 X53.5378 Y-15.3645 F12000.0
G1 X53.5378 Y-68.7833
G1 Z9.1100 F700.0
G1 Z8.6100 F220.0
G4 P0.06
G0 X53.5966 Y-54.3107 F15000.0
G1 Z11.2614 F700.0
G1 Z12.0614 F180.0
G4 P0.06
G1 X63.2449 Y-54.2520 F12000.0
G1 Z9.0614 F700.0
G1 Z8.5614 F220.0
G4 P0.06
G0 X53.5378 Y-54.2520 F15000.0
G1 Z11.2399 F700.0
G1 Z12.0399 F180.0
G4 P0.06
G1 X17.2390 Y-54.2520 F12000.0
G1 X16.6343 Y-54.1737
G1 X16.5918 Y-53.6048
G1 X16.5918 Y-25.0717
G1 X0.1191 Y-25.0129
G1 X63.2639 Y-25.1088 F12000.0
G1 X53.5966 Y-25.0717 F12000.0
G1 X17.2390 Y-25.0129 F12000.0
G1 X16.6343 Y-24.9346
G1 X16.5918 Y-24.2480
G1 X16.5918 Y-15.3645
G1 X16.5530 Y-68.9316 F12000.0
G1 X16.5918 Y-54.3107 F12000.0
G1 X0.1191 Y-54.2520
G1 Z9.0399 F700.0
G1 Z8.5399 F220.0
G4 P0.06
G0 X1.9428 Y-48.7218 F15000.0
G1 Z11.2899 F700.0
G1 Z12.0899 F180.0
G4 P0.06
G1 X1.3954 Y-47.0157 F12000.0
G1 X0.9426 Y-45.6626
G1 X1.2368 Y-46.1921 F5000.0
G1 X1.8660 Y-46.8393 F12000.0
G1 X2.9429 Y-48.1923
G1 X3.2371 Y-48.7218 F5000.0
G1 X2.2370 Y-45.6626 F12000.0
G1 X2.8253 Y-45.7803 F5000.0
G1 X2.8939 Y-45.6716 F12000.0
G1 X2.9384 Y-45.6307
G1 X3.0155 Y-45.5852
G1 X3.1638 Y-45.5484
G1 X3.3252 Y-45.5556
G1 X3.5165 Y-45.6145
G1 X3.6576 Y-45.6986
G1 X3.7709 Y-45.8131
G1 X3.8496 Y-45.9581
G1 X3.8873 Y-46.1084
G1 X3.9179 Y-46.4488
G1 X3.9409 Y-46.5730
G1 X4.0113 Y-46.7496
G1 X4.1938 Y-47.0521
G1 X4.2613 Y-47.1950
G1 X4.2963 Y-47.3499
G1 X4.2946 Y-47.4510
G1 X4.2808 Y-47.5261
G1 X4.2397 Y-47.6215
G1 X4.1794 Y-47.6846
G1 X4.1038 Y-47.7194
G1 X3.9865 Y-47.7287
G1 X3.8590 Y-47.7040
G1 X3.7310 Y-47.6548
G1 X3.5851 Y-47.5731
G1 X3.4724 Y-47.4864
G1 X3.4724 Y-46.6627 F5000.0
G1 X3.8254 Y-46.6038 F12000.0
G1 X4.2961 Y-45.6626 F5000.0
G1 X5.0020 Y-47.4275 F12000.0
G1 X5.0641 Y-47.3038 F12000.0
G1 X5.1496 Y-47.0451
G1 X5.2326 Y-46.9005
G1 X5.2912 Y-46.8474
G1 X5.3341 Y-46.8309
G1 X5.4307 Y-46.8452
G1 X5.5572 Y-46.9223
G1 X6.0022 Y-47.3687
G1 X6.2375 Y-47.6628 F5000.0
G1 X5.5904 Y-45.6626 F12000.0
G1 Z9.0899 F700.0
G1 Z8.5899 F220.0
G4 P0.06
G0 X8.1789 Y-38.4264 F15000.0
G1 Z11.2658 F700.0
G1 Z12.0658 F180.0
G4 P0.06
G1 X8.0133 Y-38.2460 F12000.0
G1 X7.8751 Y-38.1444
G1 X7.7102 Y-38.0881
G1 X7.5318 Y-38.0734
G1 X7.5488 Y-38.3567
G1 X7.5728 Y-38.4799
G1 X7.6117 Y-38.5979
G1 X7.6690 Y-38.7082
G1 X7.7263 Y-38.7845
G1 X7.7940 Y-38.8507
G1 X7.8705 Y-38.9010
G1 X7.9887 Y-38.9455
G1 X8.1125 Y-38.9544
G1 X8.2273 Y-38.9171
G1 X8.3018 Y-38.8487
G1 X8.3397 Y-38.7600
G1 X8.3334 Y-38.6707
G1 X8.2957 Y-38.5833
G1 X8.1990 Y-38.4502
G1 X8.1789 Y-38.4264
G1 X7.9436 Y-38.1322 F5000.0
G1 X8.3538 Y-37.9659 F12000.0
G1 X8.4403 Y-37.8882
G1 X8.4666 Y-37.8363
G1 X8.4788 Y-37.7785
G1 X8.4761 Y-37.6840
G1 X8.4448 Y-37.5514
G1 X8.3360 Y-37.2581
G1 X8.1758 Y-36.7319
G1 X8.0814 Y-36.4679
G1 X7.9964 Y-36.2839
G1 X7.9137 Y-36.1483
G1 X7.8183 Y-36.0353
G1 X7.7083 Y-35.9507
G1 X7.5525 Y-35.8842
G1 X7.3488 Y-35.8350
G1 X7.1684 Y-35.8195
G1 X7.0004 Y-35.8378
G1 X6.9143 Y-35.8691
G1 X6.8656 Y-35.8997
G1 X6.7945 Y-35.9893
G1 X6.7743 Y-36.0473
G1 X6.7645 Y-36.1403
G1 X6.7877 Y-36.3023
G1 X6.9162 Y-36.6916
G1 X7.2531 Y-37.6120
G1 X7.3803 Y-37.8650
G1 X7.5318 Y-38.0734
G1 Z9.0658 F700.0
G1 Z8.5658 F220.0
G4 P0.06
G0 X5.1006 Y-36.7372 F15000.0
G1 Z11.2048 F700.0
G1 Z12.0048 F180.0
G4 P0.06
G1 X5.2387 Y-37.1874 F12000.0
G1 X5.3694 Y-37.5093
G1 X5.5029 Y-37.7353
G1 X5.5815 Y-37.8306
G1 X5.6693 Y-37.9103
G1 X5.7668 Y-37.9722
G1 X5.8641 Y-38.0067
G1 X6.0260 Y-38.0338
G1 X6.1719 Y-38.0391
G1 X6.3184 Y-38.0272
G1 X6.4527 Y-37.9952
G1 X6.5617 Y-37.9406
G1 X6.6191 Y-37.8831
G1 X6.6428 Y-37.8363
G1 X6.6550 Y-37.7785
G1 X6.6396 Y-37.6180
G1 X6.5033 Y-37.2314
G1 X6.3052 Y-36.6029
G1 X6.2278 Y-36.4101
G1 X6.1364 Y-36.2326
G1 X6.0473 Y-36.1037
G1 X5.9443 Y-35.9981
G1 X5.8507 Y-35.9341
G1 X5.7523 Y-35.8914
G1 X5.5985 Y-35.8489
G1 X5.4594 Y-35.8274
G1 X5.3181 Y-35.8227
G1 X5.2171 Y-35.8335
G1 X5.1256 Y-35.8590
G1 X5.0481 Y-35.9015
G1 X4.9893 Y-35.9632
G1 X4.9628 Y-36.0160
G1 X4.9472 Y-36.0767
G1 X4.9428 Y-36.1711
G1 X4.9716 Y-36.3315
G1 X5.0748 Y-36.6504
G1 X5.1006 Y-36.7372
G1 Z9.0048 F700.0
G1 Z8.5048 F220.0
G4 P0.06
G0 X7.9436 Y-33.1315 F15000.0
G1 Z11.2530 F700.0
G1 Z12.0530 F180.0
G4 P0.06
G1 X7.7696 Y-32.7615 F12000.0
G1 X7.6803 Y-32.5068
G1 X7.6504 Y-32.3052
G1 X7.6608 Y-32.2201
G1 X7.6928 Y-32.1507
G1 X7.7278 Y-32.1150
G1 X7.7953 Y-32.0777
G1 X7.9386 Y-32.0431
G1 X8.1079 Y-32.0326
G1 X8.5334 Y-32.0360
G1 X8.7084 Y-32.0138
G1 X9.1202 Y-33.1315
G1 X8.6495 Y-32.0138 F5000.0
G1 X8.3554 Y-31.0137 F12000.0
G1 X8.9437 Y-30.9548 F5000.0
G1 X9.5124 Y-32.4844 F12000.0
G1 X9.7854 Y-33.0892
G1 X10.1792 Y-33.1315
G1 X11.2382 Y-33.1298
G1 X11.5584 Y-32.9503
G1 X11.3787 Y-32.3079
G1 X10.8851 Y-31.0137
G1 X11.5323 Y-31.0137 F5000.0
G1 X11.5583 Y-31.2642 F12000.0
G1 X11.6393 Y-31.5759
G1 X11.9431 Y-32.3665
G1 X12.0943 Y-32.8359
G1 X12.1497 Y-32.9563
G1 X12.1989 Y-33.0319
G1 X12.2711 Y-33.0945
G1 X12.3756 Y-33.1358
G1 X12.5075 Y-33.1612
G1 X12.6946 Y-33.1703
G1 X12.8490 Y-33.1590
G1 X12.9961 Y-33.1309
G1 X13.1252 Y-33.0857
G1 X13.2255 Y-33.0232
G1 X13.2755 Y-32.9647
G1 X13.2988 Y-32.8962
G1 X13.2985 Y-32.8089
G1 X13.2732 Y-32.6870
G1 X13.1514 Y-32.3484
G1 X12.9330 Y-31.6485
G1 X12.8398 Y-31.4297
G1 X12.7444 Y-31.2661
G1 X12.6714 Y-31.1750
G1 X12.5896 Y-31.1019
G1 X12.4995 Y-31.0470
G1 X12.4081 Y-31.0108
G1 X12.3153 Y-30.9897
G1 X12.1904 Y-30.9793
G1 X11.7203 Y-30.9892
G1 X11.5674 Y-30.9590
G1 X11.4692 Y-30.9092
G1 X11.3723 Y-30.8005
G1 X11.2804 Y-30.6199
G1 X11.2016 Y-30.3774
G1 X11.1205 Y-30.0135
G1 X9.9439 Y-31.0137 F5000.0
G1 X10.6498 Y-33.0727 F12000.0
G1 Z9.0530 F700.0
G1 Z8.5530 F220.0
G4 P0.06
G0 X7.6494 Y-32.1314 F15000.0
G1 Z11.2130 F700.0
G1 Z12.0130 F180.0
G4 P0.06
G1 X7.1199 Y-30.9548 F12000.0
G1 Z9.0130 F700.0
G1 Z8.5130 F220.0
G4 P0.06
G0 X0.0000 Y-29.9689 F15000.0
G1 Z11.2717 F700.0
G1 Z12.0717 F180.0
G4 P0.06
G1 X63.2639 Y-29.9689 F12000.0
G1 Z9.0717 F700.0
G1 Z8.5717 F220.0
G4 P0.06
G0 X63.2449 Y-34.7788 F15000.0
G1 Z11.2189 F700.0
G1 Z12.0189 F180.0
G4 P0.06
G1 X21.2394 Y-34.7788 F12000.0
G1 X20.2393 Y-34.8965
G1 X18.8862 Y-35.8966 F5000.0
G1 X19.6706 Y-38.0145 F12000.0
G1 X19.9337 Y-38.8364
G1 X19.7099 Y-39.0129
G1 X18.6067 Y-38.9364
G1 X18.1998 Y-37.9557
G1 X17.4154 Y-35.8378
G1 Z9.0189 F700.0
G1 Z8.5189 F220.0
G4 P0.06
G0 X10.6498 Y-23.3656 F15000.0
G1 Z11.3022 F700.0
G1 Z12.1022 F180.0
G4 P0.06
G1 X9.9439 Y-21.3065 F12000.0
G1 X10.8851 Y-21.3065 F5000.0
G1 X11.3787 Y-22.6008 F12000.0
G1 X11.5584 Y-23.2432
G1 X11.2382 Y-23.4226
G1 X10.1792 Y-23.4244
G1 X9.7854 Y-23.3821
G1 X9.5124 Y-22.7773
G1 X8.9437 Y-21.2476
G1 X8.3554 Y-21.3065 F5000.0
G1 X8.6495 Y-22.3066 F12000.0
G1 X7.6494 Y-22.4242 F5000.0
G1 X7.1199 Y-21.2476 F12000.0
G1 X5.6301 Y-22.1471 F5000.0
G1 X5.7682 Y-22.5973 F12000.0
G1 X5.8989 Y-22.9192
G1 X6.0323 Y-23.1452
G1 X6.1110 Y-23.2404
G1 X6.1988 Y-23.3203
G1 X6.2963 Y-23.3821
G1 X6.3936 Y-23.4166
G1 X6.5555 Y-23.4436
G1 X6.7014 Y-23.4490
G1 X6.8479 Y-23.4370
G1 X6.9822 Y-23.4051
G1 X7.0911 Y-23.3504
G1 X7.1486 Y-23.2929
G1 X7.1723 Y-23.2462
G1 X7.1845 Y-23.1884
G1 X7.1691 Y-23.0279
G1 X7.0328 Y-22.6413
G1 X6.8347 Y-22.0127
G1 X6.7573 Y-21.8199
G1 X6.6659 Y-21.6425
G1 X6.5767 Y-21.5136
G1 X6.4738 Y-21.4080
G1 X6.3802 Y-21.3439
G1 X6.2818 Y-21.3013
G1 X6.1280 Y-21.2587
G1 X5.9889 Y-21.2372
G1 X5.8476 Y-21.2326
G1 X5.7466 Y-21.2434
G1 X5.6551 Y-21.2688
G1 X5.5776 Y-21.3114
G1 X5.5188 Y-21.3730
G1 X5.4923 Y-21.4260
G1 X5.4766 Y-21.4866
G1 X5.4722 Y-21.5809
G1 X5.5011 Y-21.7413
G1 X5.6043 Y-22.0602
G1 X5.6301 Y-22.1471
G1 X4.7667 Y-21.3653 F5000.0
G1 X4.4725 Y-22.4242 F12000.0
G1 X4.0608 Y-22.3655 F5000.0
G1 X3.5313 Y-21.2476 F12000.0
G1 X2.3547 Y-21.3065 F5000.0
G1 X3.4724 Y-24.3657 F12000.0
G1 X4.3549 Y-23.4244 F5000.0
G1 X4.0608 Y-22.3655 F12000.0
G1 X5.5904 Y-23.4244
G1 X7.9436 Y-23.4244 F5000.0
G1 X7.7696 Y-23.0544 F12000.0
G1 X7.6803 Y-22.7997
G1 X7.6504 Y-22.5980
G1 X7.6608 Y-22.5130
G1 X7.6928 Y-22.4435
G1 X7.7278 Y-22.4078
G1 X7.7953 Y-22.3705
G1 X7.9386 Y-22.3359
G1 X8.1079 Y-22.3255
G1 X8.5334 Y-22.3288
G1 X8.7084 Y-22.3066
G1 X9.1202 Y-23.4244
G1 Z9.1022 F700.0
G1 Z8.6022 F220.0
G4 P0.06
G0 X11.5323 Y-21.3065 F15000.0
G1 Z11.2953 F700.0
G1 Z12.0953 F180.0
G4 P0.06
G1 X11.5583 Y-21.5571 F12000.0
G1 X11.6393 Y-21.8688
G1 X11.9431 Y-22.6594
G1 X12.0943 Y-23.1287
G1 X12.1497 Y-23.2492
G1 X12.1989 Y-23.3248
G1 X12.2684 Y-23.3839
G1 X12.3715 Y-23.4220
G1 X12.5036 Y-23.4462
G1 X12.6922 Y-23.4567
G1 X12.8859 Y-23.4455
G1 X13.0294 Y-23.4212
G1 X13.1504 Y-23.3830
G1 X13.2374 Y-23.3313
G1 X13.2793 Y-23.2733
G1 X13.3012 Y-23.1845
G1 X13.2965 Y-23.0879
G1 X13.2737 Y-22.9888
G1 X12.9370 Y-21.9551
G1 X12.8371 Y-21.7318
G1 X12.7163 Y-21.5379
G1 X12.5702 Y-21.3896
G1 X12.4736 Y-21.3312
G1 X12.3911 Y-21.3024
G1 X12.1996 Y-21.2778
G1 X11.8483 Y-21.2769
G1 X11.6817 Y-21.2652
G1 X11.5632 Y-21.2376
G1 X11.4642 Y-21.1857
G1 X11.3903 Y-21.1024
G1 X11.3363 Y-20.9929
G1 X11.2009 Y-20.5331
G1 X11.1365 Y-20.3837
G1 X11.0852 Y-20.3083
G1 X11.0210 Y-20.2475
G1 X10.9485 Y-20.2074
G1 X10.8659 Y-20.1824
G1 X10.6386 Y-20.1620
G1 X10.1203 Y-20.1887
G1 X0.1191 Y-20.1887
G1 X63.2639 Y-20.2488 F12000.0
G1 X11.1793 Y-20.1887 F12000.0
G1 Z9.0953 F700.0
G1 Z8.5953 F220.0
G4 P0.06
G0 X7.0612 Y-18.9532 F15000.0
G1 Z11.2357 F700.0
G1 Z12.0357 F180.0
G4 P0.06
G1 X6.8955 Y-18.7729 F12000.0
G1 X6.7574 Y-18.6713
G1 X6.5925 Y-18.6150
G1 X6.4140 Y-18.6003
G1 X6.4311 Y-18.8836
G1 X6.4549 Y-19.0068
G1 X6.4938 Y-19.1247
G1 X6.5512 Y-19.2351
G1 X6.6084 Y-19.3114
G1 X6.6762 Y-19.3776
G1 X6.7528 Y-19.4278
G1 X6.8710 Y-19.4724
G1 X6.9946 Y-19.4813
G1 X7.1095 Y-19.4440
G1 X7.1840 Y-19.3756
G1 X7.2220 Y-19.2869
G1 X7.2155 Y-19.1975
G1 X7.1779 Y-19.1102
G1 X7.0812 Y-18.9770
G1 X7.0612 Y-18.9532
G1 X6.8258 Y-18.6591 F5000.0
G1 X7.2361 Y-18.4928 F12000.0
G1 X7.3225 Y-18.4151
G1 X7.3487 Y-18.3632
G1 X7.3610 Y-18.3054
G1 X7.3583 Y-18.2109
G1 X7.3270 Y-18.0783
G1 X7.2183 Y-17.7850
G1 X7.0580 Y-17.2588
G1 X6.9637 Y-16.9948
G1 X6.8787 Y-16.8108
G1 X6.7959 Y-16.6752
G1 X6.7004 Y-16.5622
G1 X6.5905 Y-16.4776
G1 X6.4347 Y-16.4111
G1 X6.2310 Y-16.3619
G1 X6.0505 Y-16.3464
G1 X5.8826 Y-16.3647
G1 X5.7964 Y-16.3960
G1 X5.7479 Y-16.4266
G1 X5.6768 Y-16.5162
G1 X5.6564 Y-16.5742
G1 X5.6466 Y-16.6672
G1 X5.6700 Y-16.8292
G1 X5.7984 Y-17.2185
G1 X6.1352 Y-18.1389
G1 X6.2625 Y-18.3919
G1 X6.4140 Y-18.6003
G1 X4.6490 Y-18.4826 F5000.0
G1 X3.9430 Y-16.4235 F12000.0
G1 X4.8844 Y-16.4235 F5000.0
G1 X5.3779 Y-17.7177 F12000.0
G1 X5.5576 Y-18.3602
G1 X5.2374 Y-18.5397
G1 X4.1784 Y-18.5414
G1 X3.7846 Y-18.4991
G1 X3.5117 Y-17.8943
G1 X2.9429 Y-16.3647
G1 X2.8253 Y-17.8354 F5000.0
G1 X3.4724 Y-19.4827 F12000.0
G1 X2.0605 Y-19.5415 F5000.0
G1 X1.6617 Y-18.4238 F12000.0
G1 X1.7810 Y-17.9237
G1 X2.8253 Y-17.8354
G1 X2.7955 Y-17.5937
G1 X2.7318 Y-17.3400
G1 X2.6345 Y-17.0896
G1 X2.5042 Y-16.8581
G1 X2.3411 Y-16.6607
G1 X2.1721 Y-16.5282
G1 X1.9721 Y-16.4375
G1 X1.7575 Y-16.3867
G1 X1.5047 Y-16.3644
G1 X1.0604 Y-16.3647
G1 Z9.0357 F700.0
G1 Z8.5357 F220.0
G4 P0.06
G0 X0.8839 Y-21.2476 F15000.0
G1 Z11.2834 F700.0
G1 Z12.0834 F180.0
G4 P0.06
G1 X2.0605 Y-24.4245 F12000.0
G1 X1.7075 Y-22.9537 F5000.0
G1 X2.9429 Y-22.9537 F12000.0
G1 Z9.0834 F700.0
G1 Z8.5834 F220.0
G4 P0.06
G0 X38.9611 Y-15.3888 F15000.0
G1 Z11.2591 F700.0
G1 Z12.0591 F180.0
G4 P0.06
G1 X38.9611 Y-68.9316 F12000.0
G1 X39.0064 Y-15.3645 F12000.0
G1 Z9.0591 F700.0
G1 Z8.5591 F220.0
G4 P0.06
G0 X0.0000 Y-294.6355 F15000.0
G1 Z11.2594 F700.0
G1 Z12.0594 F180.0
G4 P0.06
G1 X180.0000 Y-294.6355 F12000.0
G1 X180.0000 Y-15.3888
G1 X0.0000 Y-15.3888
G1 X0.0000 Y-294.6355
G1 Z0.5000 F700.0
G1 Z0.0000 F220.0
G4 P0.06

G0 Z0.0000 F800.0
G4 P0.06
G0 X0.0000 Y0.0000 F15000.0
M5
G4 P0.10
$1=0
