$X
$1=255
G21
G90
G92 Z4.0000
G0 Z0.0000 F800.0
G4 P0.06
G92 Z0.0000
G0 Z0.0000 F800.0
G0 X0.0000 Y0.0000 F15000.0
G21
G90
G17
G91.1
G0 Z0.0000
G0 X25.1528 Y-269.7292 F15000.0
G1 Z11.9000 F8000.0
G1 X25.1161 Y-269.8547 F12000.0
G1 X25.1200 Y-269.9771
G1 X25.1564 Y-270.0956
G1 X25.2351 Y-270.2378
G1 X25.6489 Y-270.7509
G1 X26.1701 Y-271.4579
G1 X26.6044 Y-272.0183
G1 X27.6869 Y-273.5578
G1 X28.9046 Y-275.1542
G1 X29.6817 Y-276.2760
G1 X30.0697 Y-276.7469
G1 X30.1191 Y-276.8405
G1 X30.1391 Y-276.9206
G1 X30.1417 Y-277.0147
G1 X30.1248 Y-277.1279
G1 Z0.0000 F8000.0
G0 X104.2961 Y-276.2400 F15000.0
G1 Z11.9000 F8000.0
G1 X105.9340 Y-276.2400 F12000.0
G1 Z0.0000 F8000.0
G0 X138.2230 Y-276.2400 F15000.0
G1 Z11.9000 F8000.0
G1 X138.5155 Y-276.2400 F12000.0
G1 Z0.0000 F8000.0
G0 X144.4820 Y-276.2400 F15000.0
G1 Z11.9000 F8000.0
G1 X146.1198 Y-276.2400 F12000.0
G1 Z0.0000 F8000.0
G0 X18.9523 Y-276.8911 F15000.0
G1 Z11.9000 F8000.0
G1 X18.8271 Y-276.8869 F12000.0
G1 X18.7156 Y-276.8472
G1 X18.6162 Y-276.7785
G1 X18.5064 Y-276.6621
G1 X18.4095 Y-276.5238
G1 X18.2098 Y-276.1808
G1 X18.1045 Y-276.0237
G1 X17.4681 Y-275.2590
G1 X16.9360 Y-274.4707
G1 X16.2618 Y-273.6067
G1 X15.4605 Y-272.5111
G1 X15.3992 Y-272.4041
G1 X15.2987 Y-272.1800
G1 X15.2492 Y-272.1017
G1 X13.6304 Y-270.0691
G1 X12.4986 Y-268.5027
G1 X11.9008 Y-267.7021
G1 X11.2624 Y-266.8193
G1 X10.8804 Y-266.3315
G1 X10.6801 Y-266.0432
G1 X10.6019 Y-265.9516
G1 X10.5100 Y-265.8710
G1 X10.3973 Y-265.8037
G1 X10.2951 Y-265.7635
G1 Z0.0000 F8000.0
G0 X14.2142 Y-270.8538 F15000.0
G1 Z11.9000 F8000.0
G1 X13.9802 Y-271.0314 F12000.0
G1 Z0.0000 F8000.0
G0 X14.5067 Y-271.7416 F15000.0
G1 Z11.9000 F8000.0
G1 X14.7992 Y-271.5641 F12000.0
G1 Z0.0000 F8000.0
G0 X21.7600 Y-265.7635 F15000.0
G1 Z11.9000 F8000.0
G1 X22.4685 Y-266.4739 F12000.0
G1 X24.5158 Y-269.2557
G1 X24.9188 Y-269.8476
G1 X24.7432 Y-269.4924
G1 X24.4508 Y-269.6701
G1 Z0.0000 F8000.0
G0 X25.5622 Y-270.5578 F15000.0
G1 Z11.9000 F8000.0
G1 X25.7962 Y-270.3803 F12000.0
G1 Z0.0000 F8000.0
G0 X38.2538 Y-284.5028 F15000.0
G1 Z11.9000 F8000.0
G1 X38.2538 Y-249.2823 F12000.0
G1 Z0.0000 F8000.0
G0 X38.2555 Y-249.7825 F15000.0
G1 Z11.9000 F8000.0
G1 X38.3335 Y-249.2334 F12000.0
G1 X39.0160 Y-249.1906
G1 Z0.0000 F8000.0
G0 X54.6925 Y-268.4271 F15000.0
G1 Z11.9000 F8000.0
G1 X55.4707 Y-268.4271 F12000.0
G1 X54.8857 Y-267.7710
G1 X54.0668 Y-266.9474
G1 Z0.0000 F8000.0
G0 X62.4139 Y-271.3273 F15000.0
G1 Z11.9000 F8000.0
G1 X63.2329 Y-271.3865 F12000.0
G1 Z0.0000 F8000.0
G0 X104.1791 Y-268.4271 F15000.0
G1 Z11.9000 F8000.0
G1 X104.4716 Y-268.4271 F12000.0
G1 Z0.0000 F8000.0
G0 X35.2723 Y-264.0470 F15000.0
G1 Z11.9000 F8000.0
G1 X3.9777 Y-264.0487 F12000.0
G1 X3.3927 Y-264.2247
G1 Z0.0000 F8000.0
G0 X10.4705 Y-258.3649 F15000.0
G1 Z11.9000 F8000.0
G1 X12.8689 Y-259.5652 F12000.0
G1 X15.0917 Y-260.6552
G1 X15.6766 Y-261.0350
G1 X16.1316 Y-261.1879
G1 X17.7191 Y-261.9886
G1 X18.6013 Y-262.3898
G1 X18.7769 Y-262.3898
G1 X18.6598 Y-262.6265
G1 Z0.0000 F8000.0
G0 X21.8185 Y-265.2309 F15000.0
G1 Z11.9000 F8000.0
G1 X21.8185 Y-258.8384 F12000.0
G1 X21.9956 Y-258.4372
G1 X22.5204 Y-258.6033
G1 X23.9244 Y-259.3317
G1 X29.5399 Y-262.1875
G1 X30.2418 Y-262.3898
G1 Z0.0000 F8000.0
G0 X73.2354 Y-260.5549 F15000.0
G1 Z11.9000 F8000.0
G1 X74.8732 Y-260.5549 F12000.0
G1 Z0.0000 F8000.0
G0 X0.4915 Y-249.2823 F15000.0
G1 Z11.9000 F8000.0
G1 X179.4734 Y-249.2823 F12000.0
G1 Z0.0000 F8000.0
G0 X109.0386 Y-238.0705 F15000.0
G1 Z11.9000 F8000.0
G1 X108.4574 Y-236.4376 F12000.0
G1 X107.9500 Y-235.1071
G1 Z0.0000 F8000.0
G0 X108.6152 Y-235.1071 F15000.0
G1 Z11.9000 F8000.0
G1 X109.1226 Y-236.4376 F12000.0
G1 X109.7038 Y-238.0705
G1 Z0.0000 F8000.0
G0 X57.5733 Y-232.8090 F15000.0
G1 Z11.9000 F8000.0
G1 X56.9921 Y-231.1762 F12000.0
G1 X56.4848 Y-229.8457
G1 Z0.0000 F8000.0
G0 X57.2105 Y-229.8457 F15000.0
G1 Z11.9000 F8000.0
G1 X57.7178 Y-231.1762 F12000.0
G1 X58.2990 Y-232.8090
G1 Z0.0000 F8000.0
G0 X105.9998 Y-232.8133 F15000.0
G1 Z11.9000 F8000.0
G1 X105.7615 Y-232.1635 F12000.0
G1 X105.6658 Y-231.9523
G1 X105.5713 Y-231.7792
G1 X105.4621 Y-231.6168
G1 X105.3352 Y-231.4681
G1 X105.2139 Y-231.3570
G1 X105.0767 Y-231.2594
G1 X104.9307 Y-231.1833
G1 X104.7438 Y-231.1204
G1 X104.5464 Y-231.0819
G1 X104.3432 Y-231.0620
G1 X103.5155 Y-231.0533
G1 X103.3921 Y-231.0890
G1 X103.3306 Y-231.1526
G1 X103.3093 Y-231.2361
G1 X103.3112 Y-231.3248
G1 X103.3717 Y-231.5577
G1 X103.5626 Y-231.9988
G1 X103.8628 Y-232.7959
G1 X104.8203 Y-235.4776
G1 X104.8798 Y-235.6001
G1 X104.9208 Y-235.6488
G1 X104.9690 Y-235.6827
G1 X105.0530 Y-235.7114
G1 X105.1832 Y-235.7236
G1 X105.4705 Y-235.7119
G1 X105.9670 Y-235.7234
G1 X106.2061 Y-235.7061
G1 X106.3644 Y-235.6702
G1 X106.5041 Y-235.6072
G1 X106.5977 Y-235.5326
G1 X106.6712 Y-235.4327
G1 X106.7209 Y-235.3042
G1 X106.7444 Y-235.1287
G1 X106.7391 Y-234.9641
G1 X106.7058 Y-234.7686
G1 X106.6178 Y-234.4807
G1 X106.1765 Y-233.3087
G1 X105.9998 Y-232.8133
G1 Z0.0000 F8000.0
G0 X51.9142 Y-222.5107 F15000.0
G1 Z11.9000 F8000.0
G1 X50.3051 Y-222.5107 F12000.0
G1 X50.3898 Y-223.0188
G1 X51.8295 Y-223.0188
G1 X51.9142 Y-222.7647
G1 X50.3898 Y-222.7647
G1 X50.4745 Y-222.3414
G1 X51.8295 Y-222.3414
G1 X51.7448 Y-222.1720
G1 X50.5591 Y-222.1720
G1 X50.7285 Y-222.0027
G1 X51.5754 Y-222.0027
G1 Z0.0000 F8000.0
G0 X50.6438 Y-223.1881 F15000.0
G1 Z11.9000 F8000.0
G1 X51.6601 Y-223.1881 F12000.0
G1 Z0.0000 F8000.0
G0 X50.8132 Y-223.3575 F15000.0
G1 Z11.9000 F8000.0
G1 X51.3213 Y-223.3575 F12000.0
G1 Z0.0000 F8000.0
G0 X52.7352 Y-228.4548 F15000.0
G1 Z11.9000 F8000.0
G1 X52.7974 Y-228.7117 F12000.0
G1 X52.8748 Y-228.9668
G1 X53.2207 Y-229.9062
G1 X53.3121 Y-230.1911
G1 X53.3831 Y-230.3530
G1 X53.4578 Y-230.4502
G1 X53.5314 Y-230.4940
G1 X53.6553 Y-230.5180
G1 X54.5052 Y-230.5137
G1 X54.6662 Y-230.4882
G1 X54.7850 Y-230.4487
G1 X54.8909 Y-230.3875
G1 X54.9804 Y-230.3003
G1 X55.0636 Y-230.1481
G1 X55.1011 Y-229.9950
G1 X55.1064 Y-229.8019
G1 X55.0748 Y-229.6042
G1 X54.9729 Y-229.3123
G1 X54.8260 Y-229.0439
G1 X54.6571 Y-228.8193
G1 X54.3990 Y-228.5831
G1 X54.3434 Y-228.5087
G1 X54.3177 Y-228.4531
G1 X54.3034 Y-228.3615
G1 X54.3175 Y-228.2704
G1 X54.4495 Y-227.9697
G1 X54.4786 Y-227.8799
G1 X54.4926 Y-227.7525
G1 X54.4874 Y-227.5914
G1 X54.4470 Y-227.3697
G1 X54.3678 Y-227.1227
G1 X54.2495 Y-226.8389
G1 X54.1098 Y-226.5902
G1 X53.9473 Y-226.3812
G1 X53.7625 Y-226.2100
G1 X53.5557 Y-226.0748
G1 X53.2972 Y-225.9631
G1 X53.0450 Y-225.8978
G1 X52.7720 Y-225.8624
G1 X52.1920 Y-225.8364
G1 X52.0828 Y-225.8422
G1 X51.9855 Y-225.8612
G1 X51.8893 Y-225.9152
G1 X51.8522 Y-225.9830
G1 X51.8446 Y-226.0705
G1 X51.8684 Y-226.2052
G1 X52.0548 Y-226.7018
G1 X52.4332 Y-227.8013
G1 X52.5869 Y-228.1664
G1 X52.7352 Y-228.4548
G1 X54.2471 Y-228.3943
G1 Z0.0000 F8000.0
G0 X101.7958 Y-225.6436 F15000.0
G1 Z11.9000 F8000.0
G1 X103.4049 Y-225.6436 F12000.0
G1 X103.3202 Y-226.1517
G1 X101.8805 Y-226.1517
G1 X101.8805 Y-225.8977
G1 X103.4049 Y-225.8977
G1 X103.3202 Y-225.4743
G1 X101.8805 Y-225.4743
G1 X101.9652 Y-225.3050
G1 X103.2355 Y-225.3050
G1 X103.0661 Y-225.1356
G1 X102.1346 Y-225.1356
G1 Z0.0000 F8000.0
G0 X103.1508 Y-226.3210 F15000.0
G1 Z11.9000 F8000.0
G1 X102.1346 Y-226.3210 F12000.0
G1 X102.3039 Y-226.4904
G1 X102.9814 Y-226.4904
G1 Z0.0000 F8000.0
G0 X102.6886 Y-225.9148 F15000.0
G1 Z11.9000 F8000.0
G1 X102.6886 Y-225.6729 F12000.0
G1 X102.9305 Y-225.6729
G1 Z0.0000 F8000.0
G0 X51.0673 Y-222.5954 F15000.0
G1 Z11.9000 F8000.0
G1 X19.1396 Y-190.9274 F12000.0
G1 Z0.0000 F8000.0
G0 X60.6371 Y-184.2381 F15000.0
G1 Z11.9000 F8000.0
G1 X102.5580 Y-225.7283 F12000.0
G1 Z0.0000 F8000.0
G0 X15.4819 Y-197.9748 F15000.0
G1 Z11.9000 F8000.0
G1 X14.9007 Y-196.3419 F12000.0
G1 X14.3933 Y-195.0114
G1 Z0.0000 F8000.0
G0 X15.0586 Y-195.0114 F15000.0
G1 Z11.9000 F8000.0
G1 X15.5659 Y-196.3419 F12000.0
G1 X16.1471 Y-197.9748
G1 Z0.0000 F8000.0
G0 X62.9557 Y-191.8667 F15000.0
G1 Z11.9000 F8000.0
G1 X62.3208 Y-191.8617 F12000.0
G1 X62.1186 Y-191.8884
G1 X61.9609 Y-191.9344
G1 X61.8187 Y-192.0085
G1 X61.6971 Y-192.1167
G1 X61.6101 Y-192.2552
G1 X61.5755 Y-192.4071
G1 X61.5873 Y-192.6012
G1 X61.6492 Y-192.8320
G1 X62.3417 Y-194.6971
G1 X62.6270 Y-195.5404
G1 X62.7488 Y-195.8130
G1 X62.8924 Y-196.0260
G1 X63.0949 Y-196.2121
G1 X63.3240 Y-196.3521
G1 X63.5635 Y-196.4430
G1 X63.8443 Y-196.4995
G1 X64.1685 Y-196.5230
G1 X64.7095 Y-196.5233
G1 Z0.0000 F8000.0
G0 X65.6771 Y-195.8581 F15000.0
G1 Z11.9000 F8000.0
G1 X66.1845 Y-197.1886 F12000.0
G1 X66.7657 Y-198.8214
G1 Z0.0000 F8000.0
G0 X67.4310 Y-198.8214 F15000.0
G1 Z11.9000 F8000.0
G1 X66.8498 Y-197.1886 F12000.0
G1 X66.3424 Y-195.8581
G1 Z0.0000 F8000.0
G0 X12.1557 Y-195.6162 F15000.0
G1 Z11.9000 F8000.0
G1 X11.3813 Y-194.4671 F12000.0
G1 X10.2507 Y-192.5924
G1 X9.2529 Y-191.0805
G1 Z0.0000 F8000.0
G0 X10.3414 Y-192.4714 F15000.0
G1 Z11.9000 F8000.0
G1 X11.7324 Y-192.4714 F12000.0
G1 Z0.0000 F8000.0
G0 X11.7324 Y-191.1410 F15000.0
G1 Z11.9000 F8000.0
G1 X11.9793 Y-193.9833 F12000.0
G1 X11.9743 Y-195.1324
G1 Z0.0000 F8000.0
G0 X18.7476 Y-190.9595 F15000.0
G1 Z11.9000 F8000.0
G1 X19.1710 Y-190.8386 F12000.0
G1 X19.1396 Y-190.9274
G1 X19.1396 Y-184.2381
G1 Z0.0000 F8000.0
G0 X7.0152 Y-182.1300 F15000.0
G1 Z11.9000 F8000.0
G1 X6.8233 Y-181.9193 F12000.0
G1 X6.3608 Y-181.3602
G1 X6.1236 Y-181.1083
G1 X5.9734 Y-180.9752
G1 X5.8426 Y-180.8790
G1 X5.7063 Y-180.7994
G1 X5.5638 Y-180.7390
G1 X5.2614 Y-182.1300
G1 Z0.0000 F8000.0
G0 X6.2254 Y-186.3826 F15000.0
G1 Z11.9000 F8000.0
G1 X113.6146 Y-186.3826 F12000.0
G1 Z0.0000 F8000.0
G0 X60.6576 Y-184.0652 F15000.0
G1 Z11.9000 F8000.0
G1 X59.2062 Y-184.1257 F12000.0
G1 X8.3457 Y-184.1257
G1 Z0.0000 F8000.0
G0 X59.8749 Y-184.1535 F15000.0
G1 Z11.9000 F8000.0
G1 X61.4840 Y-184.1535 F12000.0
G1 X61.3993 Y-184.5768
G1 X59.9596 Y-184.5768
G1 X59.9596 Y-184.4075
G1 X61.4840 Y-184.4075
G1 X61.4840 Y-183.9841
G1 X59.9596 Y-183.9841
G1 X60.0443 Y-183.8148
G1 X61.3993 Y-183.8148
G1 X61.2299 Y-183.6454
G1 X60.1290 Y-183.6454
G1 Z0.0000 F8000.0
G0 X60.2137 Y-184.7462 F15000.0
G1 Z11.9000 F8000.0
G1 X61.2299 Y-184.7462 F12000.0
G1 X61.0605 Y-184.9155
G1 X60.3830 Y-184.9155
G1 Z0.0000 F8000.0
G0 X60.4677 Y-183.4761 F15000.0
G1 Z11.9000 F8000.0
G1 X61.0605 Y-183.4761 F12000.0
G1 Z0.0000 F8000.0
G0 X116.7010 Y-184.1535 F15000.0
G1 Z11.9000 F8000.0
G1 X118.3101 Y-184.1535 F12000.0
G1 X118.2254 Y-184.5768
G1 X116.7857 Y-184.5768
G1 X116.7857 Y-184.4075
G1 X118.3101 Y-184.4075
G1 X118.3101 Y-183.9841
G1 X116.7857 Y-183.9841
G1 X116.8704 Y-183.8148
G1 X118.2254 Y-183.8148
G1 X118.0560 Y-183.6454
G1 X116.9551 Y-183.6454
G1 Z0.0000 F8000.0
G0 X117.0398 Y-184.7462 F15000.0
G1 Z11.9000 F8000.0
G1 X118.0560 Y-184.7462 F12000.0
G1 X117.8866 Y-184.9155
G1 X117.2091 Y-184.9155
G1 Z0.0000 F8000.0
G0 X117.2938 Y-183.4761 F15000.0
G1 Z11.9000 F8000.0
G1 X117.8866 Y-183.4761 F12000.0
G1 Z0.0000 F8000.0
G0 X5.3815 Y-182.9579 F15000.0
G1 Z11.9000 F8000.0
G1 X5.0175 Y-182.3643 F12000.0
G1 X3.9777 Y-181.2414
G1 Z0.0000 F8000.0
G0 X5.6243 Y-180.3157 F15000.0
G1 Z11.9000 F8000.0
G1 X5.8662 Y-179.1062 F12000.0
G1 Z0.0000 F8000.0
G0 X119.1640 Y-179.8586 F15000.0
G1 Z11.9000 F8000.0
G1 X119.4059 Y-180.5255 F12000.0
G1 X119.4995 Y-180.7365
G1 X119.5910 Y-180.9066
G1 X119.6965 Y-181.0642
G1 X119.8191 Y-181.2067
G1 X119.9368 Y-181.3122
G1 X120.0705 Y-181.4041
G1 X120.2550 Y-181.4943
G1 X120.4686 Y-181.5603
G1 X120.7197 Y-181.6000
G1 X120.9581 Y-181.6033
G1 X121.1582 Y-181.5733
G1 X121.3110 Y-181.5193
G1 X121.4424 Y-181.4343
G1 X121.5441 Y-181.3139
G1 X121.6066 Y-181.1612
G1 X121.6309 Y-181.0025
G1 X121.6259 Y-180.8392
G1 X121.5897 Y-180.6406
G1 X121.5073 Y-180.3782
G1 X121.2717 Y-179.7694
G1 X120.9291 Y-178.7151
G1 X120.7524 Y-178.2429
G1 X120.6434 Y-178.0016
G1 X120.5368 Y-177.7991
G1 X120.4159 Y-177.6042
G1 X120.2969 Y-177.4437
G1 X120.1621 Y-177.2967
G1 X120.0368 Y-177.1895
G1 X119.8988 Y-177.1007
G1 X119.7471 Y-177.0343
G1 X119.5020 Y-176.9744
G1 X119.2347 Y-176.9402
G1 X119.0287 Y-176.9396
G1 X118.8305 Y-176.9692
G1 X118.6794 Y-177.0227
G1 X118.5480 Y-177.1073
G1 X118.4429 Y-177.2275
G1 X118.3821 Y-177.3524
G1 X118.3612 Y-177.4355
G1 X118.3542 Y-177.5553
G1 X118.3676 Y-177.6828
G1 X118.4066 Y-177.8489
G1 X118.4890 Y-178.0843
G1 X118.6912 Y-178.5619
G1 X118.9764 Y-179.3322
G1 X119.1640 Y-179.8586
G1 Z0.0000 F8000.0
G0 X49.8324 Y-172.5748 F15000.0
G1 Z11.9000 F8000.0
G1 X49.2511 Y-170.9419 F12000.0
G1 X48.7438 Y-169.6114
G1 Z0.0000 F8000.0
G0 X51.4400 Y-160.1167 F15000.0
G1 Z11.9000 F8000.0
G1 X51.1427 Y-160.6610 F12000.0
G1 X51.1024 Y-163.1405
G1 X51.1024 Y-221.3790
G1 X50.9814 Y-222.3467
G1 X51.4652 Y-222.5281
G1 Z0.0000 F8000.0
G0 X64.8544 Y-129.9023 F15000.0
G1 Z11.9000 F8000.0
G1 X64.2862 Y-129.6367 F12000.0
G1 Z0.0000 F8000.0
G0 X66.4054 Y-130.5579 F15000.0
G1 Z11.9000 F8000.0
G1 X66.6111 Y-130.6569 F12000.0
G1 X66.9362 Y-130.8668
G1 X67.0548 Y-130.9255
G1 X67.1652 Y-130.9473
G1 X67.2156 Y-130.9388
G1 X67.2621 Y-130.9146
G1 X67.3227 Y-130.8438
G1 X67.3705 Y-130.7252
G1 X67.6729 Y-130.9067
G1 X68.9429 Y-130.3993
G1 Z0.0000 F8000.0
G0 X97.9110 Y-170.7605 F15000.0
G1 Z11.9000 F8000.0
G1 X98.4183 Y-172.0910 F12000.0
G1 X98.9995 Y-173.7238
G1 Z0.0000 F8000.0
G0 X102.5580 Y-164.5091 F15000.0
G1 Z11.9000 F8000.0
G1 X102.5580 Y-184.2381 F12000.0
G1 Z0.0000 F8000.0
G0 X102.8748 Y-163.7452 F15000.0
G1 Z11.9000 F8000.0
G1 X102.6317 Y-164.1686 F12000.0
G1 X102.6432 Y-164.5919
G1 X102.5676 Y-168.1600
G1 X102.5658 Y-225.1286
G1 X102.6281 Y-225.6124
G1 Z0.0000 F8000.0
G0 X18.5125 Y-186.3826 F15000.0
G1 Z11.9000 F8000.0
G1 X18.5125 Y-150.4162 F12000.0
G1 Z0.0000 F8000.0
G0 X44.9338 Y-168.1600 F15000.0
G1 Z11.9000 F8000.0
G1 X44.9960 Y-168.4169 F12000.0
G1 X45.0734 Y-168.6718
G1 X45.4193 Y-169.6114
G1 X45.5106 Y-169.8964
G1 X45.5817 Y-170.0583
G1 X45.6563 Y-170.1555
G1 X45.7299 Y-170.1993
G1 X45.8539 Y-170.2232
G1 X46.7038 Y-170.2190
G1 X46.8648 Y-170.1936
G1 X46.9836 Y-170.1541
G1 X47.0895 Y-170.0929
G1 X47.1790 Y-170.0056
G1 X47.2621 Y-169.8533
G1 X47.2997 Y-169.7003
G1 X47.3050 Y-169.5072
G1 X47.2733 Y-169.3095
G1 X47.1714 Y-169.0177
G1 X47.0246 Y-168.7493
G1 X46.8556 Y-168.5247
G1 X46.5976 Y-168.2882
G1 X46.5420 Y-168.2138
G1 X46.5163 Y-168.1582
G1 X46.5020 Y-168.0665
G1 X46.5161 Y-167.9755
G1 X46.6481 Y-167.6750
G1 X46.6772 Y-167.5852
G1 X46.6911 Y-167.4577
G1 X46.6860 Y-167.2967
G1 X46.6456 Y-167.0749
G1 X46.5664 Y-166.8279
G1 X46.4480 Y-166.5442
G1 X46.3084 Y-166.2954
G1 X46.1459 Y-166.0865
G1 X45.9611 Y-165.9153
G1 X45.7543 Y-165.7800
G1 X45.4958 Y-165.6684
G1 X45.2435 Y-165.6030
G1 X44.9705 Y-165.5676
G1 X44.3906 Y-165.5415
G1 X44.2814 Y-165.5472
G1 X44.1841 Y-165.5663
G1 X44.0879 Y-165.6202
G1 X44.0508 Y-165.6881
G1 X44.0431 Y-165.7756
G1 X44.0670 Y-165.9104
G1 X44.2534 Y-166.4071
G1 X44.6318 Y-167.5065
G1 X44.7854 Y-167.8716
G1 X44.9338 Y-168.1600
G1 X46.4457 Y-168.0995
G1 Z0.0000 F8000.0
G0 X60.6371 Y-184.2381 F15000.0
G1 Z11.9000 F8000.0
G1 X60.6371 Y-146.8123 F12000.0
G1 Z0.0000 F8000.0
G0 X60.6576 Y-181.4043 F15000.0
G1 Z11.9000 F8000.0
G1 X60.7368 Y-183.6419 F12000.0
G1 X60.7786 Y-184.0652
G1 X61.1886 Y-184.6095
G1 X62.3510 Y-185.8190
G1 Z0.0000 F8000.0
G0 X63.0162 Y-147.7088 F15000.0
G1 Z11.9000 F8000.0
G1 X61.3229 Y-147.0351 F12000.0
G1 X60.7985 Y-146.8942
G1 X60.6576 Y-147.6586
G1 Z0.0000 F8000.0
G0 X68.8219 Y-150.1568 F15000.0
G1 Z11.9000 F8000.0
G1 X69.9710 Y-150.3800 F12000.0
G1 Z0.0000 F8000.0
G0 X95.9608 Y-168.4666 F15000.0
G1 Z11.9000 F8000.0
G1 X95.7224 Y-167.8169 F12000.0
G1 X95.6268 Y-167.6056
G1 X95.5322 Y-167.4325
G1 X95.4230 Y-167.2701
G1 X95.2962 Y-167.1214
G1 X95.1749 Y-167.0102
G1 X95.0376 Y-166.9126
G1 X94.8917 Y-166.8365
G1 X94.7048 Y-166.7736
G1 X94.5073 Y-166.7351
G1 X94.3041 Y-166.7152
G1 X93.4765 Y-166.7066
G1 X93.3531 Y-166.7422
G1 X93.2915 Y-166.8058
G1 X93.2702 Y-166.8893
G1 X93.2722 Y-166.9780
G1 X93.3327 Y-167.2109
G1 X93.5236 Y-167.6522
G1 X93.8237 Y-168.4493
G1 X94.7813 Y-171.1311
G1 X94.8408 Y-171.2536
G1 X94.8817 Y-171.3022
G1 X94.9299 Y-171.3361
G1 X95.0139 Y-171.3647
G1 X95.1442 Y-171.3770
G1 X95.4314 Y-171.3652
G1 X95.9279 Y-171.3768
G1 X96.1671 Y-171.3595
G1 X96.3253 Y-171.3237
G1 X96.4650 Y-171.2606
G1 X96.5586 Y-171.1860
G1 X96.6321 Y-171.0861
G1 X96.6818 Y-170.9576
G1 X96.7054 Y-170.7820
G1 X96.7001 Y-170.6174
G1 X96.6667 Y-170.4219
G1 X96.5787 Y-170.1340
G1 X96.1374 Y-168.9619
G1 X95.9608 Y-168.4666
G1 Z0.0000 F8000.0
G0 X101.7958 Y-164.4245 F15000.0
G1 Z11.9000 F8000.0
G1 X103.4049 Y-164.4245 F12000.0
G1 X103.3202 Y-164.9325
G1 X101.8805 Y-164.9325
G1 X101.8805 Y-164.6785
G1 X103.4049 Y-164.6785
G1 X103.4049 Y-164.2551
G1 X101.8805 Y-164.2551
G1 X101.9652 Y-164.0858
G1 X103.2355 Y-164.0858
G1 X103.0661 Y-163.9164
G1 X101.9652 Y-163.9164
G1 Z0.0000 F8000.0
G0 X102.1346 Y-165.1019 F15000.0
G1 Z11.9000 F8000.0
G1 X103.1508 Y-165.1019 F12000.0
G1 Z0.0000 F8000.0
G0 X102.8121 Y-165.2712 F15000.0
G1 Z11.9000 F8000.0
G1 X102.3039 Y-165.2712 F12000.0
G1 Z0.0000 F8000.0
G0 X51.9142 Y-160.8682 F15000.0
G1 Z11.9000 F8000.0
G1 X50.3051 Y-160.8682 F12000.0
G1 X50.3898 Y-161.3762
G1 X51.8295 Y-161.3762
G1 X51.9142 Y-161.1222
G1 X50.3898 Y-161.1222
G1 X50.3898 Y-160.6988
G1 X51.9142 Y-160.6988
G1 X51.7448 Y-160.5295
G1 X50.4745 Y-160.5295
G1 X50.5591 Y-160.3601
G1 X51.5754 Y-160.3601
G1 Z0.0000 F8000.0
G0 X51.6601 Y-161.5456 F15000.0
G1 Z11.9000 F8000.0
G1 X50.6438 Y-161.5456 F12000.0
G1 X50.8132 Y-161.7149
G1 X51.3213 Y-161.7149
G1 Z0.0000 F8000.0
G0 X120.8314 Y-159.3910 F15000.0
G1 Z11.9000 F8000.0
G1 X121.9067 Y-160.5382 F12000.0
G1 X122.2829 Y-161.1448
G1 X122.3433 Y-160.7214
G1 X122.5852 Y-159.5119
G1 Z0.0000 F8000.0
G0 X121.9805 Y-162.5357 F15000.0
G1 Z11.9000 F8000.0
G1 X122.2829 Y-161.1448 F12000.0
G1 X122.4253 Y-161.2051
G1 X122.5616 Y-161.2847
G1 X122.6923 Y-161.3809
G1 X122.8426 Y-161.5140
G1 X123.0797 Y-161.7659
G1 X123.5423 Y-162.3250
G1 X123.7343 Y-162.5357
G1 Z0.0000 F8000.0
G0 X123.7948 Y-157.5767 F15000.0
G1 Z11.9000 F8000.0
G1 X124.8833 Y-160.5400 F12000.0
G1 X124.7624 Y-160.3586
G1 X123.9157 Y-159.8748
G1 Z0.0000 F8000.0
G0 X51.0673 Y-160.9528 F15000.0
G1 Z11.9000 F8000.0
G1 X19.1396 Y-147.4897 F12000.0
G1 Z0.0000 F8000.0
G0 X19.3524 Y-147.4771 F15000.0
G1 Z11.9000 F8000.0
G1 X19.8362 Y-147.7039 F12000.0
G1 X19.7325 Y-147.9978
G1 X18.7162 Y-147.9978
G1 X18.8856 Y-148.1671
G1 X19.5631 Y-148.1671
G1 Z0.0000 F8000.0
G0 X60.6371 Y-146.8123 F15000.0
G1 Z11.9000 F8000.0
G1 X102.5580 Y-164.5091 F12000.0
G1 Z0.0000 F8000.0
G0 X67.7333 Y-156.8510 F15000.0
G1 Z11.9000 F8000.0
G1 X67.1923 Y-156.8506 F12000.0
G1 X66.8681 Y-156.8272
G1 X66.5873 Y-156.7706
G1 X66.3478 Y-156.6797
G1 X66.1188 Y-156.5398
G1 X65.9162 Y-156.3536
G1 X65.7726 Y-156.1406
G1 X65.6508 Y-155.8680
G1 X65.3655 Y-155.0247
G1 X64.6728 Y-153.1596
G1 X64.6109 Y-152.9288
G1 X64.5991 Y-152.7347
G1 X64.6338 Y-152.5829
G1 X64.7209 Y-152.4443
G1 X64.8425 Y-152.3361
G1 X64.9846 Y-152.2620
G1 X65.1422 Y-152.2160
G1 X65.3443 Y-152.1893
G1 X65.9795 Y-152.1943
G1 Z0.0000 F8000.0
G0 X68.6405 Y-156.1857 F15000.0
G1 Z11.9000 F8000.0
G1 X69.1479 Y-157.5162 F12000.0
G1 X69.7290 Y-159.1490
G1 Z0.0000 F8000.0
G0 X99.7252 Y-163.2124 F15000.0
G1 Z11.9000 F8000.0
G1 X102.5676 Y-164.3500 F12000.0
G1 Z0.0000 F8000.0
G0 X102.5580 Y-164.5091 F15000.0
G1 Z11.9000 F8000.0
G1 X109.2484 Y-148.7598 F12000.0
G1 Z0.0000 F8000.0
G0 X16.0262 Y-147.1748 F15000.0
G1 Z11.9000 F8000.0
G1 X15.4450 Y-145.5419 F12000.0
G1 X14.9376 Y-144.2114
G1 Z0.0000 F8000.0
G0 X18.3774 Y-147.3204 F15000.0
G1 Z11.9000 F8000.0
G1 X19.9865 Y-147.3204 F12000.0
G1 X19.9018 Y-147.8284
G1 X18.4621 Y-147.8284
G1 X18.4621 Y-147.6590
G1 X19.9865 Y-147.6590
G1 X19.9865 Y-147.4897
G1 X18.4621 Y-147.4897
G1 X18.5468 Y-147.1510
G1 X19.9018 Y-147.1510
G1 X19.8172 Y-146.9817
G1 X18.6315 Y-146.9817
G1 Z0.0000 F8000.0
G0 X19.6478 Y-146.8123 F15000.0
G1 Z11.9000 F8000.0
G1 X18.8009 Y-146.8123 F12000.0
G1 Z0.0000 F8000.0
G0 X59.8749 Y-146.7276 F15000.0
G1 Z11.9000 F8000.0
G1 X61.4840 Y-146.7276 F12000.0
G1 X61.3993 Y-147.1510
G1 X59.9596 Y-147.1510
G1 X59.9596 Y-146.9817
G1 X61.4840 Y-146.9817
G1 X61.4840 Y-146.5583
G1 X59.9596 Y-146.5583
G1 X60.0443 Y-146.3889
G1 X61.3993 Y-146.3889
G1 X61.2299 Y-146.2196
G1 X60.1290 Y-146.2196
G1 Z0.0000 F8000.0
G0 X60.2137 Y-147.3204 F15000.0
G1 Z11.9000 F8000.0
G1 X61.2299 Y-147.3204 F12000.0
G1 X61.0605 Y-147.4897
G1 X60.3830 Y-147.4897
G1 Z0.0000 F8000.0
G0 X60.4677 Y-146.0502 F15000.0
G1 Z11.9000 F8000.0
G1 X61.0605 Y-146.0502 F12000.0
G1 X61.0392 Y-145.9048
G1 X60.8421 Y-146.2981
G1 X60.7975 Y-146.4383
G1 X60.7922 Y-146.5541
G1 X60.8233 Y-146.6774
G1 X60.8995 Y-146.8119
G1 Z0.0000 F8000.0
G0 X12.7605 Y-144.7557 F15000.0
G1 Z11.9000 F8000.0
G1 X11.9860 Y-143.6067 F12000.0
G1 X10.8555 Y-141.7319
G1 X9.8576 Y-140.2200
G1 Z0.0000 F8000.0
G0 X10.9462 Y-141.6110 F15000.0
G1 Z11.9000 F8000.0
G1 X12.3371 Y-141.6110 F12000.0
G1 Z0.0000 F8000.0
G0 X12.3371 Y-140.2805 F15000.0
G1 Z11.9000 F8000.0
G1 X12.5841 Y-143.1229 F12000.0
G1 X12.5790 Y-144.2719
G1 Z0.0000 F8000.0
G0 X60.6371 Y-146.8123 F15000.0
G1 Z11.9000 F8000.0
G1 X67.3275 Y-131.0630 F12000.0
G1 Z0.0000 F8000.0
G0 X66.8343 Y-132.1771 F15000.0
G1 Z11.9000 F8000.0
G1 X67.2042 Y-131.3666 F12000.0
G1 X67.3436 Y-131.1301
G1 X67.4494 Y-131.0037
G1 X67.5126 Y-130.9579
G1 X67.5537 Y-130.9436
G1 X67.6166 Y-130.9417
G1 X67.6763 Y-130.9563
G1 X67.7878 Y-131.0219
G1 X67.9883 Y-131.2032
G1 X68.0619 Y-131.2564
G1 X68.2280 Y-131.3524
G1 X68.4369 Y-131.4521
G1 X69.2474 Y-131.7663
G1 Z0.0000 F8000.0
G0 X73.9351 Y-133.7595 F15000.0
G1 Z11.9000 F8000.0
G1 X74.4295 Y-133.9501 F12000.0
G1 X74.9300 Y-134.1119
G1 Z0.0000 F8000.0
G0 X70.9386 Y-135.9262 F15000.0
G1 Z11.9000 F8000.0
G1 X70.3036 Y-135.9212 F12000.0
G1 X70.1014 Y-135.9479
G1 X69.9438 Y-135.9939
G1 X69.8015 Y-136.0680
G1 X69.6800 Y-136.1762
G1 X69.5928 Y-136.3148
G1 X69.5581 Y-136.4666
G1 X69.5699 Y-136.6607
G1 X69.6319 Y-136.8915
G1 X70.3246 Y-138.7566
G1 X70.6099 Y-139.5999
G1 X70.7317 Y-139.8725
G1 X70.8753 Y-140.0855
G1 X71.0778 Y-140.2717
G1 X71.3069 Y-140.4116
G1 X71.5464 Y-140.5025
G1 X71.8271 Y-140.5591
G1 X72.1513 Y-140.5825
G1 X72.6924 Y-140.5829
G1 Z0.0000 F8000.0
G0 X73.5995 Y-139.9781 F15000.0
G1 Z11.9000 F8000.0
G1 X74.1069 Y-141.3086 F12000.0
G1 X74.6881 Y-142.9414
G1 Z0.0000 F8000.0
G0 X75.2324 Y-140.2805 F15000.0
G1 Z11.9000 F8000.0
G1 X75.1719 Y-139.9781 F12000.0
G1 Z0.0000 F8000.0
G0 X75.4743 Y-143.0019 F15000.0
G1 Z11.9000 F8000.0
G1 X75.2880 Y-141.1876 F12000.0
G1 X75.2929 Y-140.3410
G1 X76.2236 Y-141.6110
G1 X77.0467 Y-142.9414
G1 Z0.0000 F8000.0
G0 X108.1314 Y-148.1793 F15000.0
G1 Z11.9000 F8000.0
G1 X109.2200 Y-148.6867 F12000.0
G1 Z0.0000 F8000.0
G0 X0.4915 Y-249.2823 F15000.0
G1 Z11.9000 F8000.0
G1 X0.4915 Y-15.2752 F12000.0
G1 Z0.0000 F8000.0
G0 X17.6152 Y-110.0639 F15000.0
G1 Z11.9000 F8000.0
G1 X126.9483 Y-156.2111 F12000.0
G1 Z0.0000 F8000.0
G0 X32.3511 Y-116.2451 F15000.0
G1 Z11.9000 F8000.0
G1 X19.1396 Y-147.4897 F12000.0
G1 Z0.0000 F8000.0
G0 X66.5653 Y-130.9783 F15000.0
G1 Z11.9000 F8000.0
G1 X68.0897 Y-130.9783 F12000.0
G1 X68.0050 Y-131.4863
G1 X66.6500 Y-131.4863
G1 X66.6500 Y-131.2323
G1 X68.0897 Y-131.2323
G1 X68.0897 Y-130.8090
G1 X66.6500 Y-130.8090
G1 X66.7347 Y-130.6396
G1 X68.0050 Y-130.6396
G1 X67.8356 Y-130.4703
G1 X66.7347 Y-130.4703
G1 X67.0734 Y-130.3009
G1 X67.4969 Y-130.3009
G1 Z0.0000 F8000.0
G0 X66.8194 Y-131.6557 F15000.0
G1 Z11.9000 F8000.0
G1 X67.8356 Y-131.6557 F12000.0
G1 Z0.0000 F8000.0
G0 X67.4969 Y-131.8250 F15000.0
G1 Z11.9000 F8000.0
G1 X66.9887 Y-131.8250 F12000.0
G1 Z0.0000 F8000.0
G0 X109.2484 Y-148.7598 F15000.0
G1 Z11.9000 F8000.0
G1 X125.4239 Y-110.4872 F12000.0
G1 Z0.0000 F8000.0
G0 X142.0845 Y-133.4129 F15000.0
G1 Z11.9000 F8000.0
G1 X142.3264 Y-134.0798 F12000.0
G1 X142.4200 Y-134.2908
G1 X142.5115 Y-134.4609
G1 X142.6170 Y-134.6185
G1 X142.7396 Y-134.7610
G1 X142.8572 Y-134.8665
G1 X142.9910 Y-134.9584
G1 X143.1754 Y-135.0486
G1 X143.3890 Y-135.1146
G1 X143.6402 Y-135.1543
G1 X143.8786 Y-135.1576
G1 X144.0787 Y-135.1276
G1 X144.2315 Y-135.0736
G1 X144.3629 Y-134.9886
G1 X144.4646 Y-134.8682
G1 X144.5271 Y-134.7155
G1 X144.5514 Y-134.5568
G1 X144.5464 Y-134.3935
G1 X144.5102 Y-134.1949
G1 X144.4278 Y-133.9325
G1 X144.1922 Y-133.3237
G1 X143.8496 Y-132.2693
G1 X143.6729 Y-131.7972
G1 X143.5639 Y-131.5559
G1 X143.4572 Y-131.3534
G1 X143.3364 Y-131.1585
G1 X143.2173 Y-130.9980
G1 X143.0826 Y-130.8510
G1 X142.9573 Y-130.7438
G1 X142.8192 Y-130.6550
G1 X142.6675 Y-130.5886
G1 X142.4225 Y-130.5287
G1 X142.1551 Y-130.4945
G1 X141.9492 Y-130.4939
G1 X141.7509 Y-130.5235
G1 X141.5998 Y-130.5770
G1 X141.4685 Y-130.6616
G1 X141.3634 Y-130.7818
G1 X141.3026 Y-130.9067
G1 X141.2817 Y-130.9898
G1 X141.2747 Y-131.1096
G1 X141.2880 Y-131.2371
G1 X141.3271 Y-131.4032
G1 X141.4094 Y-131.6386
G1 X141.6117 Y-132.1162
G1 X141.8968 Y-132.8865
G1 X142.0845 Y-133.4129
G1 Z0.0000 F8000.0
G0 X144.6590 Y-131.2695 F15000.0
G1 Z11.9000 F8000.0
G1 X144.8011 Y-131.4507 F12000.0
G1 X144.9795 Y-131.6039
G1 X145.0951 Y-131.6712
G1 X145.1876 Y-131.7093
G1 X145.3848 Y-131.7467
G1 X145.4865 Y-131.7408
G1 X145.5847 Y-131.7159
G1 X145.6765 Y-131.6741
G1 X145.7594 Y-131.6174
G1 X145.8306 Y-131.5479
G1 X145.8873 Y-131.4676
G1 X145.9269 Y-131.3786
G1 X145.9467 Y-131.2829
G1 X145.9375 Y-131.1486
G1 X145.8852 Y-130.9881
G1 X145.8097 Y-130.8444
G1 X145.6952 Y-130.6880
G1 X145.5398 Y-130.5182
G1 X145.2543 Y-130.2366
G1 X144.0866 Y-129.1473
G1 X143.9629 Y-129.0012
G1 X143.9143 Y-128.9128
G1 X143.8984 Y-128.8555
G1 X143.9059 Y-128.7746
G1 X143.9378 Y-128.7247
G1 X143.9890 Y-128.6921
G1 X144.0504 Y-128.6764
G1 X144.3716 Y-128.6647
G1 X144.9614 Y-128.6690
G1 Z0.0000 F8000.0
G0 X150.0683 Y-131.9097 F15000.0
G1 Z11.9000 F8000.0
G1 X151.6774 Y-131.9097 F12000.0
G1 X151.5927 Y-132.4178
G1 X150.1530 Y-132.4178
G1 X150.1530 Y-132.1637
G1 X151.6774 Y-132.1637
G1 X151.6774 Y-131.7404
G1 X150.1530 Y-131.7404
G1 X150.2377 Y-131.5710
G1 X151.5081 Y-131.5710
G1 X151.3387 Y-131.4017
G1 X150.3224 Y-131.4017
G1 Z0.0000 F8000.0
G0 X150.4071 Y-132.5871 F15000.0
G1 Z11.9000 F8000.0
G1 X151.4234 Y-132.5871 F12000.0
G1 Z0.0000 F8000.0
G0 X151.0846 Y-132.7565 F15000.0
G1 Z11.9000 F8000.0
G1 X150.5765 Y-132.7565 F12000.0
G1 Z0.0000 F8000.0
G0 X79.2686 Y-94.3992 F15000.0
G1 Z11.9000 F8000.0
G1 X51.0673 Y-160.9528 F12000.0
G1 Z0.0000 F8000.0
G0 X33.3224 Y-116.5889 F15000.0
G1 Z11.9000 F8000.0
G1 X32.4152 Y-116.1505 F12000.0
G1 Z0.0000 F8000.0
G0 X63.0162 Y-129.1293 F15000.0
G1 Z11.9000 F8000.0
G1 X64.2257 Y-129.6971 F12000.0
G1 X64.4071 Y-129.5762
G1 X65.0573 Y-127.9433
G1 Z0.0000 F8000.0
G0 X72.5865 Y-110.1633 F15000.0
G1 Z11.9000 F8000.0
G1 X73.2971 Y-108.2886 F12000.0
G1 Z0.0000 F8000.0
G0 X67.3275 Y-131.0630 F15000.0
G1 Z11.9000 F8000.0
G1 X125.4239 Y-110.4872 F12000.0
G1 Z0.0000 F8000.0
G0 X124.1576 Y-110.8304 F15000.0
G1 Z11.9000 F8000.0
G1 X125.3671 Y-110.2843 F12000.0
G1 Z0.0000 F8000.0
G0 X122.9331 Y-119.2390 F15000.0
G1 Z11.9000 F8000.0
G1 X122.6948 Y-118.5892 F12000.0
G1 X122.5992 Y-118.3780
G1 X122.5046 Y-118.2049
G1 X122.3954 Y-118.0424
G1 X122.2686 Y-117.8937
G1 X122.1473 Y-117.7826
G1 X122.0100 Y-117.6850
G1 X121.8640 Y-117.6088
G1 X121.6771 Y-117.5460
G1 X121.4797 Y-117.5075
G1 X121.2765 Y-117.4876
G1 X120.4488 Y-117.4790
G1 X120.3255 Y-117.5146
G1 X120.2639 Y-117.5782
G1 X120.2426 Y-117.6617
G1 X120.2446 Y-117.7504
G1 X120.3051 Y-117.9833
G1 X120.4960 Y-118.4245
G1 X120.7961 Y-119.2217
G1 X121.7537 Y-121.9034
G1 X121.8132 Y-122.0260
G1 X121.8541 Y-122.0746
G1 X121.9023 Y-122.1085
G1 X121.9863 Y-122.1371
G1 X122.1166 Y-122.1493
G1 X122.4038 Y-122.1376
G1 X122.9003 Y-122.1492
G1 X123.1394 Y-122.1319
G1 X123.2977 Y-122.0961
G1 X123.4374 Y-122.0330
G1 X123.5310 Y-121.9584
G1 X123.6045 Y-121.8585
G1 X123.6542 Y-121.7299
G1 X123.6778 Y-121.5544
G1 X123.6725 Y-121.3897
G1 X123.6391 Y-121.1943
G1 X123.5511 Y-120.9064
G1 X123.1098 Y-119.7342
G1 X122.9331 Y-119.2390
G1 Z0.0000 F8000.0
G0 X124.8833 Y-121.4724 F15000.0
G1 Z11.9000 F8000.0
G1 X125.3907 Y-122.8029 F12000.0
G1 X125.9719 Y-124.4357
G1 Z0.0000 F8000.0
G0 X126.5162 Y-121.7748 F15000.0
G1 Z11.9000 F8000.0
G1 X126.4557 Y-121.4724 F12000.0
G1 Z0.0000 F8000.0
G0 X126.7581 Y-124.4962 F15000.0
G1 Z11.9000 F8000.0
G1 X126.5718 Y-122.6819 F12000.0
G1 X126.5767 Y-121.8352
G1 X127.5074 Y-123.1052
G1 X128.3305 Y-124.4357
G1 Z0.0000 F8000.0
G0 X14.3480 Y-116.8115 F15000.0
G1 Z11.9000 F8000.0
G1 X14.5882 Y-117.4783 F12000.0
G1 X14.6801 Y-117.6909
G1 X14.7696 Y-117.8628
G1 X14.8725 Y-118.0227
G1 X14.9920 Y-118.1679
G1 X15.1067 Y-118.2760
G1 X15.2371 Y-118.3707
G1 X15.4170 Y-118.4647
G1 X15.6256 Y-118.5349
G1 X15.8813 Y-118.5806
G1 X16.1187 Y-118.5890
G1 X16.3205 Y-118.5646
G1 X16.5057 Y-118.5031
G1 X16.6371 Y-118.4181
G1 X16.7388 Y-118.2977
G1 X16.8014 Y-118.1450
G1 X16.8257 Y-117.9863
G1 X16.8207 Y-117.8230
G1 X16.7844 Y-117.6245
G1 X16.7020 Y-117.3620
G1 X16.4664 Y-116.7532
G1 X16.1237 Y-115.6989
G1 X15.9470 Y-115.2268
G1 X15.8380 Y-114.9854
G1 X15.7151 Y-114.7548
G1 X15.5918 Y-114.5607
G1 X15.4703 Y-114.4019
G1 X15.3329 Y-114.2578
G1 X15.2051 Y-114.1540
G1 X15.0643 Y-114.0693
G1 X14.9418 Y-114.0181
G1 X14.6968 Y-113.9582
G1 X14.4294 Y-113.9240
G1 X14.2234 Y-113.9234
G1 X14.0252 Y-113.9530
G1 X13.8741 Y-114.0065
G1 X13.7428 Y-114.0911
G1 X13.6377 Y-114.2113
G1 X13.5769 Y-114.3362
G1 X13.5560 Y-114.4193
G1 X13.5490 Y-114.5391
G1 X13.5623 Y-114.6666
G1 X13.6014 Y-114.8327
G1 X13.6838 Y-115.0681
G1 X13.8860 Y-115.5457
G1 X14.1713 Y-116.3160
G1 X14.3480 Y-116.8115
G1 Z0.0000 F8000.0
G0 X17.7800 Y-115.1224 F15000.0
G1 Z11.9000 F8000.0
G1 X16.6914 Y-112.1590 F12000.0
G1 Z0.0000 F8000.0
G0 X16.8124 Y-114.4571 F15000.0
G1 Z11.9000 F8000.0
G1 X17.6590 Y-114.9410 F12000.0
G1 Z0.0000 F8000.0
G0 X17.6590 Y-110.5262 F15000.0
G1 Z11.9000 F8000.0
G1 X17.9026 Y-110.0254 F12000.0
G1 X18.6871 Y-110.4167
G1 Z0.0000 F8000.0
G0 X31.2057 Y-115.7036 F15000.0
G1 Z11.9000 F8000.0
G1 X32.2943 Y-116.2110 F12000.0
G1 X32.3511 Y-116.2451
G1 X34.9764 Y-110.0639
G1 Z0.0000 F8000.0
G0 X142.4819 Y-104.3340 F15000.0
G1 Z11.9000 F8000.0
G1 X141.2119 Y-104.8414 F12000.0
G1 X142.0217 Y-107.0186
G1 X148.3481 Y-124.8590
G1 X150.2029 Y-130.1205
G1 X150.8058 Y-131.5719
G1 X151.0090 Y-131.9348
G1 X151.1905 Y-131.9348
G1 Z0.0000 F8000.0
G0 X18.4621 Y-109.9792 F15000.0
G1 Z11.9000 F8000.0
G1 X16.8530 Y-109.9792 F12000.0
G1 X16.9377 Y-110.4872
G1 X18.3774 Y-110.4872
G1 X18.4621 Y-110.2332
G1 X16.9377 Y-110.2332
G1 X16.9377 Y-109.8098
G1 X18.4621 Y-109.8098
G1 X18.2928 Y-109.6405
G1 X17.0224 Y-109.6405
G1 X17.1071 Y-109.4712
G1 X18.1234 Y-109.4712
G1 Z0.0000 F8000.0
G0 X18.2081 Y-110.6566 F15000.0
G1 Z11.9000 F8000.0
G1 X17.1918 Y-110.6566 F12000.0
G1 X17.3612 Y-110.8259
G1 X17.8693 Y-110.8259
G1 Z0.0000 F8000.0
G0 X34.2142 Y-109.9792 F15000.0
G1 Z11.9000 F8000.0
G1 X35.8233 Y-109.9792 F12000.0
G1 X35.7386 Y-110.4872
G1 X34.2989 Y-110.4872
G1 X34.2989 Y-110.2332
G1 X35.8233 Y-110.2332
G1 X35.8233 Y-109.8098
G1 X34.2989 Y-109.8098
G1 X34.3836 Y-109.6405
G1 X35.6539 Y-109.6405
G1 X35.4846 Y-109.4712
G1 X34.3836 Y-109.4712
G1 Z0.0000 F8000.0
G0 X34.4683 Y-110.6566 F15000.0
G1 Z11.9000 F8000.0
G1 X35.5692 Y-110.6566 F12000.0
G1 Z0.0000 F8000.0
G0 X35.2305 Y-110.8259 F15000.0
G1 Z11.9000 F8000.0
G1 X34.6377 Y-110.8259 F12000.0
G1 Z0.0000 F8000.0
G0 X78.6795 Y-106.3533 F15000.0
G1 Z11.9000 F8000.0
G1 X79.1869 Y-107.6838 F12000.0
G1 X79.7681 Y-109.3167
G1 Z0.0000 F8000.0
G0 X80.5543 Y-109.3771 F15000.0
G1 Z11.9000 F8000.0
G1 X80.3680 Y-107.5629 F12000.0
G1 X80.3729 Y-106.7162
G1 X81.3036 Y-107.9862
G1 X82.1267 Y-109.3167
G1 Z0.0000 F8000.0
G0 X124.6299 Y-112.3405 F15000.0
G1 Z11.9000 F8000.0
G1 X125.4712 Y-110.5044 F12000.0
G1 X125.9114 Y-110.3296
G1 X126.8186 Y-109.9015
G1 Z0.0000 F8000.0
G0 X139.7605 Y-105.3017 F15000.0
G1 Z11.9000 F8000.0
G1 X141.2119 Y-104.8414 F12000.0
G1 Z0.0000 F8000.0
G0 X126.1861 Y-110.4026 F15000.0
G1 Z11.9000 F8000.0
G1 X124.5770 Y-110.4026 F12000.0
G1 X124.6617 Y-110.6566
G1 X126.1861 Y-110.6566
G1 X126.1861 Y-110.2332
G1 X124.6617 Y-110.2332
G1 Z0.0000 F8000.0
G0 X124.7464 Y-110.9106 F15000.0
G1 Z11.9000 F8000.0
G1 X126.1014 Y-110.9106 F12000.0
G1 X125.9321 Y-111.0800
G1 X124.9158 Y-111.0800
G1 X125.0852 Y-111.2493
G1 X125.5933 Y-111.2493
G1 Z0.0000 F8000.0
G0 X126.0168 Y-110.0639 F15000.0
G1 Z11.9000 F8000.0
G1 X124.7464 Y-110.0639 F12000.0
G1 X124.8311 Y-109.8945
G1 X125.8474 Y-109.8945
G1 Z0.0000 F8000.0
G0 X158.4476 Y-109.4981 F15000.0
G1 Z11.9000 F8000.0
G1 X158.2614 Y-107.6838 F12000.0
G1 X158.2662 Y-106.8371
G1 X159.1969 Y-108.1071
G1 X160.0200 Y-109.4376
G1 Z0.0000 F8000.0
G0 X167.2167 Y-109.4981 F15000.0
G1 Z11.9000 F8000.0
G1 X167.0304 Y-107.6838 F12000.0
G1 X167.0352 Y-106.8371
G1 X167.9660 Y-108.1071
G1 X168.7890 Y-109.4376
G1 Z0.0000 F8000.0
G0 X171.7524 Y-107.1395 F15000.0
G1 Z11.9000 F8000.0
G1 X173.8086 Y-107.1395 F12000.0
G1 Z0.0000 F8000.0
G0 X175.9252 Y-109.4981 F15000.0
G1 Z11.9000 F8000.0
G1 X175.7390 Y-107.6838 F12000.0
G1 X175.7438 Y-106.8371
G1 X176.6745 Y-108.1071
G1 X177.4976 Y-109.4376
G1 Z0.0000 F8000.0
G0 X35.0157 Y-105.9300 F15000.0
G1 Z11.9000 F8000.0
G1 X34.4345 Y-104.2971 F12000.0
G1 X33.9271 Y-102.9667
G1 Z0.0000 F8000.0
G0 X34.9764 Y-110.0639 F15000.0
G1 Z11.9000 F8000.0
G1 X79.2686 Y-94.3992 F12000.0
G1 Z0.0000 F8000.0
G0 X35.5600 Y-103.2690 F15000.0
G1 Z11.9000 F8000.0
G1 X35.4995 Y-102.9667 F12000.0
G1 Z0.0000 F8000.0
G0 X35.8019 Y-105.9905 F15000.0
G1 Z11.9000 F8000.0
G1 X35.6155 Y-104.1762 F12000.0
G1 X35.6205 Y-103.3295
G1 X36.5511 Y-104.5995
G1 X37.3743 Y-105.9300
G1 Z0.0000 F8000.0
G0 X74.9300 Y-104.9624 F15000.0
G1 Z11.9000 F8000.0
G1 X74.9922 Y-105.2192 F12000.0
G1 X75.0695 Y-105.4742
G1 X75.4156 Y-106.4138
G1 X75.5069 Y-106.6988
G1 X75.5779 Y-106.8607
G1 X75.6527 Y-106.9579
G1 X75.7262 Y-107.0017
G1 X75.8499 Y-107.0256
G1 X76.7001 Y-107.0214
G1 X76.8611 Y-106.9960
G1 X76.9798 Y-106.9565
G1 X77.0857 Y-106.8953
G1 X77.1752 Y-106.8080
G1 X77.2583 Y-106.6557
G1 X77.2959 Y-106.5026
G1 X77.3011 Y-106.3096
G1 X77.2695 Y-106.1119
G1 X77.1676 Y-105.8200
G1 X77.0208 Y-105.5516
G1 X76.8519 Y-105.3271
G1 X76.5937 Y-105.0906
G1 X76.5382 Y-105.0162
G1 X76.5127 Y-104.9606
G1 X76.4982 Y-104.8689
G1 X76.5122 Y-104.7779
G1 X76.6444 Y-104.4773
G1 X76.6736 Y-104.3876
G1 X76.6875 Y-104.2601
G1 X76.6823 Y-104.0991
G1 X76.6418 Y-103.8773
G1 X76.5626 Y-103.6303
G1 X76.4444 Y-103.3466
G1 X76.3046 Y-103.0978
G1 X76.1421 Y-102.8888
G1 X75.9572 Y-102.7177
G1 X75.7504 Y-102.5824
G1 X75.4919 Y-102.4708
G1 X75.2397 Y-102.4054
G1 X74.9667 Y-102.3700
G1 X74.3868 Y-102.3438
G1 X74.2776 Y-102.3496
G1 X74.1803 Y-102.3687
G1 X74.0841 Y-102.4226
G1 X74.0469 Y-102.4905
G1 X74.0392 Y-102.5780
G1 X74.0630 Y-102.7128
G1 X74.2280 Y-103.1483
G1 X74.6398 Y-104.3399
G1 X74.7815 Y-104.6739
G1 X74.9300 Y-104.9624
G1 X76.4419 Y-104.9019
G1 Z0.0000 F8000.0
G0 X80.2519 Y-106.3533 F15000.0
G1 Z11.9000 F8000.0
G1 X80.3124 Y-106.6557 F12000.0
G1 Z0.0000 F8000.0
G0 X125.4239 Y-110.4872 F15000.0
G1 Z11.9000 F8000.0
G1 X157.3516 Y-99.1409 F12000.0
G1 Z0.0000 F8000.0
G0 X154.6376 Y-102.4829 F15000.0
G1 Z11.9000 F8000.0
G1 X154.0027 Y-102.4779 F12000.0
G1 X153.8005 Y-102.5046
G1 X153.6428 Y-102.5506
G1 X153.5006 Y-102.6247
G1 X153.3790 Y-102.7329
G1 X153.2919 Y-102.8714
G1 X153.2572 Y-103.0233
G1 X153.2690 Y-103.2174
G1 X153.3309 Y-103.4482
G1 X154.0236 Y-105.3133
G1 X154.3089 Y-106.1566
G1 X154.4307 Y-106.4292
G1 X154.5743 Y-106.6422
G1 X154.7768 Y-106.8283
G1 X155.0059 Y-106.9683
G1 X155.2454 Y-107.0592
G1 X155.5262 Y-107.1157
G1 X155.8504 Y-107.1392
G1 X156.3914 Y-107.1395
G1 Z0.0000 F8000.0
G0 X158.2057 Y-106.7767 F15000.0
G1 Z11.9000 F8000.0
G1 X158.1452 Y-106.4743 F12000.0
G1 Z0.0000 F8000.0
G0 X159.0524 Y-103.5714 F15000.0
G1 Z11.9000 F8000.0
G1 X160.7457 Y-103.5714 F12000.0
G1 Z0.0000 F8000.0
G0 X161.1690 Y-104.6600 F15000.0
G1 Z11.9000 F8000.0
G1 X159.4152 Y-104.6600 F12000.0
G1 Z0.0000 F8000.0
G0 X164.0460 Y-104.2099 F15000.0
G1 Z11.9000 F8000.0
G1 X163.8192 Y-103.5921 F12000.0
G1 X163.7243 Y-103.3825
G1 X163.6304 Y-103.2107
G1 X163.5216 Y-103.0492
G1 X163.3950 Y-102.9005
G1 X163.2736 Y-102.7885
G1 X163.1370 Y-102.6900
G1 X162.9911 Y-102.6145
G1 X162.8031 Y-102.5510
G1 X162.6054 Y-102.5118
G1 X162.4021 Y-102.4910
G1 X161.5727 Y-102.4809
G1 X161.4493 Y-102.5165
G1 X161.3877 Y-102.5801
G1 X161.3660 Y-102.6629
G1 X161.3661 Y-102.7495
G1 X161.3891 Y-102.8765
G1 X161.4318 Y-103.0115
G1 X161.6640 Y-103.5475
G1 X162.1894 Y-105.0169
G1 X162.6056 Y-106.1352
G1 X162.8033 Y-106.7939
G1 X162.9076 Y-106.9981
G1 X162.9620 Y-107.0628
G1 X163.0261 Y-107.1104
G1 X163.1101 Y-107.1390
G1 X163.2404 Y-107.1512
G1 X163.5276 Y-107.1395
G1 X164.0241 Y-107.1511
G1 X164.2632 Y-107.1338
G1 X164.4215 Y-107.0980
G1 X164.5612 Y-107.0349
G1 X164.6548 Y-106.9603
G1 X164.7283 Y-106.8604
G1 X164.7780 Y-106.7318
G1 X164.8016 Y-106.5563
G1 X164.7963 Y-106.3916
G1 X164.7629 Y-106.1962
G1 X164.6749 Y-105.9083
G1 X164.2336 Y-104.7364
G1 X164.0460 Y-104.2099
G1 Z0.0000 F8000.0
G0 X166.9143 Y-106.4743 F15000.0
G1 Z11.9000 F8000.0
G1 X166.9748 Y-106.7767 F12000.0
G1 Z0.0000 F8000.0
G0 X167.7610 Y-103.5714 F15000.0
G1 Z11.9000 F8000.0
G1 X169.4543 Y-103.5714 F12000.0
G1 Z0.0000 F8000.0
G0 X169.8776 Y-104.6600 F15000.0
G1 Z11.9000 F8000.0
G1 X168.1238 Y-104.6600 F12000.0
G1 Z0.0000 F8000.0
G0 X171.1476 Y-102.6038 F15000.0
G1 Z11.9000 F8000.0
G1 X172.0783 Y-105.1438 F12000.0
G1 X172.6595 Y-107.0790
G1 Z0.0000 F8000.0
G0 X175.6229 Y-106.4743 F15000.0
G1 Z11.9000 F8000.0
G1 X175.6833 Y-106.7767 F12000.0
G1 Z0.0000 F8000.0
G0 X31.6895 Y-103.5110 F15000.0
G1 Z11.9000 F8000.0
G1 X30.9151 Y-102.3619 F12000.0
G1 X29.7845 Y-100.4871
G1 X28.7867 Y-98.9752
G1 Z0.0000 F8000.0
G0 X29.8752 Y-100.3662 F15000.0
G1 Z11.9000 F8000.0
G1 X31.2662 Y-100.3662 F12000.0
G1 Z0.0000 F8000.0
G0 X31.2662 Y-99.0357 F15000.0
G1 Z11.9000 F8000.0
G1 X31.5131 Y-101.8781 F12000.0
G1 X31.5081 Y-103.0271
G1 Z0.0000 F8000.0
G0 X156.5894 Y-99.0563 F15000.0
G1 Z11.9000 F8000.0
G1 X158.1138 Y-99.0563 F12000.0
G1 X158.1138 Y-99.5643
G1 X156.6741 Y-99.5643
G1 X156.6741 Y-99.3950
G1 X158.1138 Y-99.3950
G1 X158.1138 Y-99.2256
G1 X156.6741 Y-99.2256
G1 X156.6741 Y-98.8869
G1 X158.1138 Y-98.8869
G1 X158.0291 Y-98.7176
G1 X156.7588 Y-98.7176
G1 X156.9281 Y-98.5482
G1 X157.8597 Y-98.5482
G1 Z0.0000 F8000.0
G0 X156.8434 Y-99.7337 F15000.0
G1 Z11.9000 F8000.0
G1 X157.9444 Y-99.7337 F12000.0
G1 Z0.0000 F8000.0
G0 X157.0128 Y-99.9030 F15000.0
G1 Z11.9000 F8000.0
G1 X157.6056 Y-99.9030 F12000.0
G1 Z0.0000 F8000.0
G0 X157.3590 Y-99.3381 F15000.0
G1 Z11.9000 F8000.0
G1 X157.3590 Y-99.0357 F12000.0
G1 Z0.0000 F8000.0
G0 X80.0308 Y-94.3145 F15000.0
G1 Z11.9000 F8000.0
G1 X78.4217 Y-94.3145 F12000.0
G1 X78.5064 Y-94.5686
G1 X80.0308 Y-94.5686
G1 X80.0308 Y-94.1452
G1 X78.5064 Y-94.1452
G1 Z0.0000 F8000.0
G0 X78.5911 Y-94.8226 F15000.0
G1 Z11.9000 F8000.0
G1 X79.9461 Y-94.8226 F12000.0
G1 X79.7767 Y-94.9919
G1 X78.7605 Y-94.9919
G1 X78.9299 Y-95.1613
G1 X79.4380 Y-95.1613
G1 Z0.0000 F8000.0
G0 X79.8614 Y-93.9758 F15000.0
G1 Z11.9000 F8000.0
G1 X78.5911 Y-93.9758 F12000.0
G1 X78.6758 Y-93.8065
G1 X79.6921 Y-93.8065
G1 Z0.0000 F8000.0
G0 X78.5350 Y-96.1329 F15000.0
G1 Z11.9000 F8000.0
G1 X79.1283 Y-94.8629 F12000.0
G1 X79.3647 Y-94.4093
G1 X79.8890 Y-94.1789
G1 X82.6105 Y-93.1290
G1 Z0.0000 F8000.0
G0 X130.0238 Y-76.3372 F15000.0
G1 Z11.9000 F8000.0
G1 X130.9848 Y-76.0614 F12000.0
G1 X131.2333 Y-76.5386
G1 X141.2119 Y-104.7205
G1 Z0.0000 F8000.0
G0 X145.8887 Y-135.2507 F15000.0
G1 Z11.9000 F8000.0
G1 X117.6284 Y-54.5336 F12000.0
G1 Z0.0000 F8000.0
G0 X162.9410 Y-64.7634 F15000.0
G1 Z11.9000 F8000.0
G1 X79.2686 Y-94.3992 F12000.0
G1 Z0.0000 F8000.0
G0 X131.0519 Y-76.0548 F15000.0
G1 Z11.9000 F8000.0
G1 X131.2022 Y-75.9428 F12000.0
G1 X131.3957 Y-75.8294
G1 X131.6049 Y-75.7315
G1 X131.8257 Y-75.6461
G1 X133.0204 Y-75.2773
G1 Z0.0000 F8000.0
G0 X160.3829 Y-65.5724 F15000.0
G1 Z11.9000 F8000.0
G1 X161.7897 Y-65.1242 F12000.0
G1 X162.1348 Y-64.9888
G1 X162.4038 Y-64.8611
G1 X162.6559 Y-64.7141
G1 X162.8624 Y-64.5643
G1 X162.9070 Y-64.6316
G1 X162.9456 Y-64.7238
G1 X162.9553 Y-64.7810
G1 X162.9507 Y-64.8631
G1 X162.8409 Y-65.1819
G1 X162.8098 Y-65.3222
G1 X162.5999 Y-66.8862
G1 Z0.0000 F8000.0
G0 X157.5234 Y-98.1119 F15000.0
G1 Z11.9000 F8000.0
G1 X157.4524 Y-98.6366 F12000.0
G1 X157.4243 Y-98.7663
G1 X157.3472 Y-98.9461
G1 X157.2477 Y-99.0654
G1 X157.0941 Y-99.1784
G1 X156.9118 Y-99.2667
G1 X156.6774 Y-99.3465
G1 X156.1435 Y-99.4846
G1 X155.8740 Y-99.5725
G1 X154.2880 Y-100.1741
G1 Z0.0000 F8000.0
G0 X153.6594 Y-100.3968 F15000.0
G1 Z11.9000 F8000.0
G1 X153.1526 Y-100.5494 F12000.0
G1 X152.6419 Y-100.6686
G1 Z0.0000 F8000.0
G0 X157.3516 Y-99.1409 F15000.0
G1 Z11.9000 F8000.0
G1 X162.9410 Y-64.7634 F12000.0
G1 Z0.0000 F8000.0
G0 X126.0368 Y-78.4300 F15000.0
G1 Z11.9000 F8000.0
G1 X126.6996 Y-80.4424 F12000.0
G1 Z0.0000 F8000.0
G0 X162.1788 Y-64.6787 F15000.0
G1 Z11.9000 F8000.0
G1 X163.7879 Y-64.6787 F12000.0
G1 X163.7032 Y-65.1867
G1 X162.2635 Y-65.1867
G1 X162.2635 Y-64.9327
G1 X163.7879 Y-64.9327
G1 X163.7879 Y-64.5094
G1 X162.2635 Y-64.5094
G1 X162.3482 Y-64.3400
G1 X163.6185 Y-64.3400
G1 X163.4492 Y-64.1707
G1 X162.3482 Y-64.1707
G1 Z0.0000 F8000.0
G0 X162.5176 Y-65.3561 F15000.0
G1 Z11.9000 F8000.0
G1 X163.5339 Y-65.3561 F12000.0
G1 Z0.0000 F8000.0
G0 X163.1951 Y-65.5254 F15000.0
G1 Z11.9000 F8000.0
G1 X162.6870 Y-65.5254 F12000.0
G1 Z0.0000 F8000.0
G0 X162.6870 Y-64.0013 F15000.0
G1 Z11.9000 F8000.0
G1 X163.1104 Y-64.0013 F12000.0
G1 Z0.0000 F8000.0
G0 X113.7723 Y-63.6919 F15000.0
G1 Z11.9000 F8000.0
G1 X113.4084 Y-63.0982 F12000.0
G1 X112.3684 Y-61.9754
G1 Z0.0000 F8000.0
G0 X113.4798 Y-65.0533 F15000.0
G1 Z11.9000 F8000.0
G1 X113.7723 Y-63.6919 F12000.0
G1 X113.9100 Y-63.7509
G1 X114.0418 Y-63.8289
G1 X114.1683 Y-63.9231
G1 X114.3136 Y-64.0533
G1 X114.5431 Y-64.2999
G1 X114.9905 Y-64.8471
G1 X115.1761 Y-65.0533
G1 Z0.0000 F8000.0
G0 X113.8308 Y-63.2776 F15000.0
G1 Z11.9000 F8000.0
G1 X114.0648 Y-62.0938 F12000.0
G1 Z0.0000 F8000.0
G0 X115.5271 Y-62.7449 F15000.0
G1 Z11.9000 F8000.0
G1 X115.6646 Y-62.9222 F12000.0
G1 X115.8370 Y-63.0722
G1 X115.9489 Y-63.1380
G1 X116.0383 Y-63.1753
G1 X116.2291 Y-63.2119
G1 X116.3274 Y-63.2061
G1 X116.4224 Y-63.1818
G1 X116.5113 Y-63.1409
G1 X116.5914 Y-63.0854
G1 X116.6603 Y-63.0174
G1 X116.7151 Y-62.9388
G1 X116.7535 Y-62.8517
G1 X116.7725 Y-62.7580
G1 X116.7636 Y-62.6266
G1 X116.7132 Y-62.4695
G1 X116.6400 Y-62.3288
G1 X116.5294 Y-62.1758
G1 X116.3790 Y-62.0095
G1 X116.1028 Y-61.7340
G1 X114.9735 Y-60.6678
G1 X114.8537 Y-60.5249
G1 X114.8067 Y-60.4382
G1 X114.7914 Y-60.3823
G1 X114.7987 Y-60.3031
G1 X114.8295 Y-60.2542
G1 X114.8790 Y-60.2223
G1 X114.9384 Y-60.2070
G1 X115.2491 Y-60.1955
G1 X115.8196 Y-60.1997
G1 Z0.0000 F8000.0
G0 X147.4653 Y-59.4303 F15000.0
G1 Z11.9000 F8000.0
G1 X148.4304 Y-60.9100 F12000.0
G1 X149.5236 Y-62.7449
G1 X150.2730 Y-63.8695
G1 X150.0975 Y-63.3959
G1 X150.1021 Y-62.2714
G1 X149.8635 Y-59.4895
G1 Z0.0000 F8000.0
G0 X149.8635 Y-60.7917 F15000.0
G1 Z11.9000 F8000.0
G1 X148.5181 Y-60.7917 F12000.0
G1 Z0.0000 F8000.0
G0 X153.2562 Y-63.3368 F15000.0
G1 Z11.9000 F8000.0
G1 X153.3147 Y-63.6327 F12000.0
G1 Z0.0000 F8000.0
G0 X153.5487 Y-66.2963 F15000.0
G1 Z11.9000 F8000.0
G1 X153.3685 Y-64.5206 F12000.0
G1 X153.3732 Y-63.6919
G1 X154.2734 Y-64.9349
G1 X155.0696 Y-66.2370
G1 Z0.0000 F8000.0
G0 X155.7715 Y-60.4365 F15000.0
G1 Z11.9000 F8000.0
G1 X154.1337 Y-60.4365 F12000.0
G1 Z0.0000 F8000.0
G0 X154.4846 Y-61.5019 F15000.0
G1 Z11.9000 F8000.0
G1 X156.1809 Y-61.5019 F12000.0
G1 Z0.0000 F8000.0
G0 X157.2339 Y-61.9162 F15000.0
G1 Z11.9000 F8000.0
G1 X157.2940 Y-62.1676 F12000.0
G1 X157.3688 Y-62.4172
G1 X157.7036 Y-63.3368
G1 X157.7919 Y-63.6156
G1 X157.8605 Y-63.7741
G1 X157.9329 Y-63.8692
G1 X158.0040 Y-63.9121
G1 X158.1236 Y-63.9356
G1 X158.9460 Y-63.9314
G1 X159.1017 Y-63.9065
G1 X159.2165 Y-63.8679
G1 X159.3189 Y-63.8080
G1 X159.4055 Y-63.7226
G1 X159.4859 Y-63.5736
G1 X159.5222 Y-63.4237
G1 X159.5273 Y-63.2347
G1 X159.4967 Y-63.0413
G1 X159.3981 Y-62.7556
G1 X159.2562 Y-62.4930
G1 X159.0928 Y-62.2731
G1 X158.8431 Y-62.0417
G1 X158.7894 Y-61.9690
G1 X158.7647 Y-61.9144
G1 X158.7507 Y-61.8248
G1 X158.7642 Y-61.7357
G1 X158.8921 Y-61.4415
G1 X158.9203 Y-61.3536
G1 X158.9338 Y-61.2289
G1 X158.9287 Y-61.0713
G1 X158.8896 Y-60.8542
G1 X158.8130 Y-60.6124
G1 X158.6986 Y-60.3348
G1 X158.5634 Y-60.0914
G1 X158.4062 Y-59.8868
G1 X158.2274 Y-59.7193
G1 X158.0274 Y-59.5869
G1 X157.7774 Y-59.4776
G1 X157.5334 Y-59.4137
G1 X157.2694 Y-59.3791
G1 X156.7085 Y-59.3534
G1 X156.6028 Y-59.3591
G1 X156.5087 Y-59.3777
G1 X156.4157 Y-59.4306
G1 X156.3797 Y-59.4969
G1 X156.3722 Y-59.5826
G1 X156.3953 Y-59.7145
G1 X156.5549 Y-60.1408
G1 X156.9532 Y-61.3069
G1 X157.0902 Y-61.6339
G1 X157.2339 Y-61.9162
G1 X158.6962 Y-61.8571
G1 Z0.0000 F8000.0
G0 X161.7380 Y-63.3368 F15000.0
G1 Z11.9000 F8000.0
G1 X161.7964 Y-63.6327 F12000.0
G1 Z0.0000 F8000.0
G0 X162.0304 Y-66.2963 F15000.0
G1 Z11.9000 F8000.0
G1 X161.8503 Y-64.5206 F12000.0
G1 X161.8549 Y-63.6919
G1 X162.7551 Y-64.9349
G1 X163.5513 Y-66.2370
G1 Z0.0000 F8000.0
G0 X164.1948 Y-60.4365 F15000.0
G1 Z11.9000 F8000.0
G1 X162.5569 Y-60.4365 F12000.0
G1 Z0.0000 F8000.0
G0 X162.9079 Y-61.5019 F15000.0
G1 Z11.9000 F8000.0
G1 X164.6042 Y-61.5019 F12000.0
G1 Z0.0000 F8000.0
G0 X165.6571 Y-61.5611 F15000.0
G1 Z11.9000 F8000.0
G1 X164.7797 Y-59.4303 F12000.0
G1 Z0.0000 F8000.0
G0 X166.4176 Y-63.9286 F15000.0
G1 Z11.9000 F8000.0
G1 X166.0437 Y-62.9224 F12000.0
G1 X165.6571 Y-61.5611
G1 X165.8159 Y-61.6069
G1 X165.9621 Y-61.6722
G1 X166.0977 Y-61.7536
G1 X166.2491 Y-61.8687
G1 X166.4142 Y-62.0200
G1 X166.9561 Y-62.5694
G1 X168.0390 Y-63.5346
G1 X168.4648 Y-63.9286
G1 Z0.0000 F8000.0
G0 X166.5930 Y-61.9754 F15000.0
G1 Z11.9000 F8000.0
G1 X166.8270 Y-59.5487 F12000.0
G1 Z0.0000 F8000.0
G0 X170.1612 Y-63.3368 F15000.0
G1 Z11.9000 F8000.0
G1 X170.2197 Y-63.6327 F12000.0
G1 Z0.0000 F8000.0
G0 X170.4537 Y-66.2963 F15000.0
G1 Z11.9000 F8000.0
G1 X170.2736 Y-64.5206 F12000.0
G1 X170.2782 Y-63.6919
G1 X171.1784 Y-64.9349
G1 X171.9745 Y-66.2370
G1 Z0.0000 F8000.0
G0 X179.4734 Y-15.3353 F15000.0
G1 Z11.9000 F8000.0
G1 X0.4915 Y-15.3353 F12000.0
G1 Z0.0000 F8000.0
G0 X121.7276 Y-12.9077 F15000.0
G1 Z11.9000 F8000.0
G1 X122.3125 Y-12.9077 F12000.0
G1 Z0.0000 F8000.0
G0 X22.3450 Y-12.8485 F15000.0
G1 Z11.9000 F8000.0
G1 X21.5959 Y-11.7238 F12000.0
G1 X20.5024 Y-9.8890
G1 X19.5372 Y-8.4093
G1 Z0.0000 F8000.0
G0 X21.9356 Y-8.4684 F15000.0
G1 Z11.9000 F8000.0
G1 X22.1744 Y-11.2503 F12000.0
G1 X22.1695 Y-12.3750
G1 Z0.0000 F8000.0
G0 X26.2641 Y-12.9077 F15000.0
G1 Z11.9000 F8000.0
G1 X25.7410 Y-12.9073 F12000.0
G1 X25.4274 Y-12.8844
G1 X25.1558 Y-12.8290
G1 X24.9240 Y-12.7400
G1 X24.7024 Y-12.6031
G1 X24.5065 Y-12.4209
G1 X24.3675 Y-12.2124
G1 X24.2497 Y-11.9456
G1 X23.9737 Y-11.1203
G1 X23.3039 Y-9.2949
G1 X23.2441 Y-9.0690
G1 X23.2327 Y-8.8790
G1 X23.2662 Y-8.7304
G1 X23.3504 Y-8.5948
G1 X23.4679 Y-8.4889
G1 X23.6055 Y-8.4164
G1 X23.7579 Y-8.3713
G1 X23.9535 Y-8.3452
G1 X24.5678 Y-8.3501
G1 Z0.0000 F8000.0
G0 X26.5566 Y-10.8360 F15000.0
G1 Z11.9000 F8000.0
G1 X26.3127 Y-10.1281 F12000.0
G1 X25.7767 Y-8.6934
G1 X25.7536 Y-8.5616
G1 X25.7696 Y-8.4512
G1 X25.8160 Y-8.3928
G1 X25.9220 Y-8.3479
G1 X26.0243 Y-8.3332
G1 X26.1748 Y-8.3309
G1 X26.6441 Y-8.3547
G1 X26.8504 Y-8.3776
G1 X27.0112 Y-8.4110
G1 X27.1622 Y-8.4571
G1 X27.3035 Y-8.5157
G1 X27.4355 Y-8.5866
G1 X27.5583 Y-8.6694
G1 X27.6940 Y-8.7844
G1 X27.8173 Y-8.9158
G1 X27.9286 Y-9.0633
G1 X28.0127 Y-9.1983
G1 X28.1033 Y-9.3743
G1 X28.1833 Y-9.5652
G1 X28.2530 Y-9.7706
G1 X28.3115 Y-10.0552
G1 X28.3194 Y-10.2261
G1 X28.3081 Y-10.3392
G1 X28.2817 Y-10.4374
G1 X28.2415 Y-10.5218
G1 X28.1890 Y-10.5933
G1 X28.1024 Y-10.6706
G1 X28.0266 Y-10.7163
G1 X27.9140 Y-10.7630
G1 X27.6617 Y-10.8170
G1 X27.3623 Y-10.8353
G1 X26.9200 Y-10.8262
G1 X26.8148 Y-10.8329
G1 X26.7518 Y-10.8478
G1 X26.6995 Y-10.8741
G1 X26.6530 Y-10.9341
G1 X26.6396 Y-11.0053
G1 X26.6449 Y-11.0922
G1 X26.6968 Y-11.2957
G1 X26.8962 Y-11.7831
G1 X27.2289 Y-12.7065
G1 X27.2710 Y-12.7956
G1 X27.3106 Y-12.8450
G1 X27.3583 Y-12.8791
G1 X27.4396 Y-12.9072
G1 X27.5330 Y-12.9182
G1 X27.8435 Y-12.9077
G1 X29.1303 Y-12.9077
G1 Z0.0000 F8000.0
G0 X32.8155 Y-12.1382 F15000.0
G1 Z11.9000 F8000.0
G1 X33.1466 Y-12.4885 F12000.0
G1 X33.2933 Y-12.6166
G1 X33.4232 Y-12.7115
G1 X33.5609 Y-12.7915
G1 X33.6769 Y-12.8427
G1 X33.8303 Y-12.8875
G1 X33.9637 Y-12.9062
G1 X34.1060 Y-12.9061
G1 X34.2713 Y-12.8779
G1 X34.3919 Y-12.8349
G1 X34.5261 Y-12.7580
G1 X34.6392 Y-12.6580
G1 X34.7288 Y-12.5383
G1 X34.7924 Y-12.4018
G1 X34.8227 Y-12.2825
G1 X34.8310 Y-12.0904
G1 X34.7906 Y-11.8872
G1 X34.6936 Y-11.6718
G1 X34.5480 Y-11.4642
G1 X34.3514 Y-11.2494
G1 X34.0070 Y-10.9169
G1 X32.4991 Y-9.3915
G1 X32.0596 Y-8.9640
G1 X31.8570 Y-8.7232
G1 X31.7042 Y-8.4684
G1 X32.4061 Y-8.3501
G1 X33.5175 Y-8.4093
G1 Z0.0000 F8000.0
G0 X35.5210 Y-11.1870 F15000.0
G1 Z11.9000 F8000.0
G1 X35.7533 Y-11.8396 F12000.0
G1 X35.8422 Y-12.0477
G1 X35.9287 Y-12.2160
G1 X36.0283 Y-12.3724
G1 X36.1439 Y-12.5146
G1 X36.2548 Y-12.6203
G1 X36.3809 Y-12.7130
G1 X36.5549 Y-12.8050
G1 X36.7567 Y-12.8737
G1 X37.0039 Y-12.9185
G1 X37.2336 Y-12.9267
G1 X37.4288 Y-12.9028
G1 X37.6080 Y-12.8427
G1 X37.7351 Y-12.7595
G1 X37.8334 Y-12.6416
G1 X37.8940 Y-12.4921
G1 X37.9175 Y-12.3368
G1 X37.9126 Y-12.1771
G1 X37.8775 Y-11.9827
G1 X37.7977 Y-11.7258
G1 X37.5700 Y-11.1301
G1 X37.2385 Y-10.0981
G1 X37.0676 Y-9.6360
G1 X36.9621 Y-9.3999
G1 X36.8433 Y-9.1741
G1 X36.7240 Y-8.9841
G1 X36.6065 Y-8.8287
G1 X36.4736 Y-8.6877
G1 X36.3500 Y-8.5861
G1 X36.2138 Y-8.5032
G1 X36.0953 Y-8.4531
G1 X35.8582 Y-8.3945
G1 X35.5997 Y-8.3610
G1 X35.4004 Y-8.3604
G1 X35.2087 Y-8.3894
G1 X35.0626 Y-8.4418
G1 X34.9356 Y-8.5245
G1 X34.8339 Y-8.6422
G1 X34.7751 Y-8.7644
G1 X34.7549 Y-8.8458
G1 X34.7481 Y-8.9631
G1 X34.7610 Y-9.0879
G1 X34.7988 Y-9.2503
G1 X34.8785 Y-9.4807
G1 X35.0741 Y-9.9482
G1 X35.3501 Y-10.7022
G1 X35.5210 Y-11.1870
G1 Z0.0000 F8000.0
G0 X37.5536 Y-8.3501 F15000.0
G1 Z11.9000 F8000.0
G1 X38.1545 Y-8.3430 F12000.0
G1 X38.4749 Y-8.3613
G1 X38.7521 Y-8.4121
G1 X38.8710 Y-8.4498
G1 X38.9876 Y-8.5029
G1 X39.0962 Y-8.5698
G1 X39.2207 Y-8.6706
G1 X39.4159 Y-8.8904
G1 X39.5092 Y-9.0283
G1 X39.6076 Y-9.2034
G1 X39.7644 Y-9.5646
G1 X39.8740 Y-9.9190
G1 X39.9031 Y-10.0795
G1 X39.9122 Y-10.2085
G1 X39.9039 Y-10.3335
G1 X39.8837 Y-10.4218
G1 X39.8425 Y-10.5194
G1 X39.7876 Y-10.6006
G1 X39.7211 Y-10.6666
G1 X39.6445 Y-10.7191
G1 X39.5598 Y-10.7596
G1 X39.4374 Y-10.7976
G1 X39.2097 Y-10.8301
G1 X38.8248 Y-10.8290
G1 X38.6894 Y-10.8463
G1 X38.6127 Y-10.8913
G1 X38.5859 Y-10.9341
G1 X38.5747 Y-10.9795
G1 X38.5832 Y-11.1240
G1 X38.6420 Y-11.3315
G1 X38.8516 Y-11.8419
G1 X39.1618 Y-12.7065
G1 X39.2223 Y-12.8217
G1 X39.2678 Y-12.8650
G1 X39.3180 Y-12.8912
G1 X39.4380 Y-12.9145
G1 X40.8879 Y-12.9077
G1 Z0.0000 F8000.0
G0 X61.5993 Y-15.3353 F15000.0
G1 Z11.9000 F8000.0
G1 X61.5993 Y-5.5565 F12000.0
G1 Z0.0000 F8000.0
G0 X86.9817 Y-12.9668 F15000.0
G1 Z11.9000 F8000.0
G1 X86.5494 Y-11.9015 F12000.0
G1 X85.9095 Y-10.1258
G1 X85.6948 Y-9.1196
G1 X85.8753 Y-9.2458
G1 X86.0468 Y-9.3883
G1 X86.2328 Y-9.5674
G1 X86.4316 Y-9.7853
G1 X86.6831 Y-10.0933
G1 X87.7489 Y-11.4747
G1 X88.0143 Y-11.7980
G1 X88.2970 Y-12.0961
G1 X88.5856 Y-12.2923
G1 X88.6763 Y-12.3814
G1 X88.7844 Y-12.5420
G1 X89.0290 Y-12.9668
G1 Z0.0000 F8000.0
G0 X88.6780 Y-12.1973 F15000.0
G1 Z11.9000 F8000.0
G1 X88.4797 Y-11.4871 F12000.0
G1 X87.3911 Y-8.4684
G1 Z0.0000 F8000.0
G0 X88.3270 Y-8.4093 F15000.0
G1 Z11.9000 F8000.0
G1 X89.5911 Y-10.5993 F12000.0
G1 X90.1450 Y-11.4445
G1 X91.0763 Y-11.4279
G1 X90.9576 Y-10.8953
G1 X90.0819 Y-8.4684
G1 Z0.0000 F8000.0
G0 X91.6613 Y-10.0074 F15000.0
G1 Z11.9000 F8000.0
G1 X91.5754 Y-9.8765 F12000.0
G1 X91.5003 Y-9.7360
G1 X91.3531 Y-9.3737
G1 X91.1075 Y-8.6400
G1 X91.0934 Y-8.5114
G1 X91.1202 Y-8.4288
G1 X91.1561 Y-8.3915
G1 X91.2048 Y-8.3652
G1 X91.3299 Y-8.3388
G1 X91.9630 Y-8.3590
G1 X92.1566 Y-8.3834
G1 X92.3067 Y-8.4178
G1 X92.4725 Y-8.4790
G1 X92.5981 Y-8.5487
G1 X92.7331 Y-8.6574
G1 X92.8315 Y-8.7711
G1 X92.9169 Y-8.9077
G1 X92.9886 Y-9.0692
G1 X93.0465 Y-9.2662
G1 X93.0791 Y-9.5169
G1 X93.0731 Y-9.6291
G1 X93.0341 Y-9.7472
G1 X92.9845 Y-9.8148
G1 X92.9203 Y-9.8666
G1 X92.8437 Y-9.9046
G1 X92.7265 Y-9.9372
G1 X92.5297 Y-9.9568
G1 X91.9213 Y-9.9449
G1 X91.7977 Y-9.9618
G1 X91.7450 Y-9.9865
G1 X91.7033 Y-10.0269
G1 X91.6718 Y-10.1124
G1 X91.6754 Y-10.2084
G1 X91.7109 Y-10.3369
G1 X91.9684 Y-11.0490
G1 X92.1292 Y-11.4279
G1 Z0.0000 F8000.0
G0 X94.3520 Y-10.0074 F15000.0
G1 Z11.9000 F8000.0
G1 X94.3740 Y-10.2119 F12000.0
G1 X94.4122 Y-10.4028
G1 X94.4791 Y-10.6325
G1 X94.5553 Y-10.8266
G1 X94.6487 Y-11.0099
G1 X94.7587 Y-11.1747
G1 X94.8632 Y-11.2923
G1 X94.9791 Y-11.3873
G1 X95.1165 Y-11.4571
G1 X95.2870 Y-11.4987
G1 X95.5359 Y-11.5255
G1 X95.7651 Y-11.5243
G1 X95.9488 Y-11.5027
G1 X96.1117 Y-11.4593
G1 X96.2397 Y-11.3916
G1 X96.3079 Y-11.3179
G1 X96.3344 Y-11.2503
G1 X96.3480 Y-11.1220
G1 X96.3397 Y-10.9953
G1 X96.3147 Y-10.8705
G1 X96.1224 Y-10.2604
G1 X96.0522 Y-10.1178
G1 X95.9752 Y-10.0269
G1 X95.8640 Y-9.9671
G1 X95.7397 Y-9.9484
G1 X94.7030 Y-9.9482
G1 X94.4839 Y-9.9591
G1 X94.3901 Y-9.9494
G1 X94.3336 Y-9.9300
G1 X94.2633 Y-9.8755
G1 X94.1979 Y-9.7714
G1 X94.1002 Y-9.4839
G1 X93.9527 Y-9.1114
G1 X93.8873 Y-8.8711
G1 X93.8761 Y-8.7711
G1 X93.8795 Y-8.6760
G1 X93.9006 Y-8.5875
G1 X93.9259 Y-8.5333
G1 X93.9829 Y-8.4605
G1 X94.0500 Y-8.4092
G1 X94.1237 Y-8.3735
G1 X94.2372 Y-8.3400
G1 X94.4663 Y-8.3135
G1 X94.7150 Y-8.3154
G1 X95.2879 Y-8.3501
G1 Z0.0000 F8000.0
G0 X98.9366 Y-10.6555 F15000.0
G1 Z11.9000 F8000.0
G1 X98.6045 Y-9.6508 F12000.0
G1 X98.4446 Y-9.2261
G1 X98.3390 Y-8.9943
G1 X98.2318 Y-8.7965
G1 X98.1396 Y-8.6613
G1 X98.0535 Y-8.5666
G1 X97.9256 Y-8.4730
G1 X97.8032 Y-8.4241
G1 X97.5127 Y-8.3609
G1 X97.2623 Y-8.3309
G1 X97.0806 Y-8.3283
G1 X96.9101 Y-8.3488
G1 X96.7624 Y-8.3991
G1 X96.6688 Y-8.4654
G1 X96.6025 Y-8.5602
G1 X96.5687 Y-8.6777
G1 X96.5712 Y-8.8347
G1 X96.6089 Y-8.9964
G1 X96.9838 Y-9.9988
G1 X97.6011 Y-11.5759
G1 X97.7648 Y-12.1753
G1 X97.8260 Y-12.3585
G1 X97.9227 Y-12.5529
G1 X98.0368 Y-12.6950
G1 X98.1891 Y-12.8074
G1 X98.3513 Y-12.8731
G1 X98.4605 Y-12.8948
G1 X98.5289 Y-12.8952
G1 X98.6227 Y-12.8760
G1 X98.7038 Y-12.8355
G1 X98.7699 Y-12.7765
G1 X98.8186 Y-12.7017
G1 X98.8478 Y-12.6141
G1 X98.8551 Y-12.5162
G1 X98.8268 Y-12.3750
G1 X98.7697 Y-12.2595
G1 X98.6715 Y-12.1400
G1 X98.4381 Y-11.9323
G1 X98.3294 Y-11.8182
G1 X98.2677 Y-11.7064
G1 X98.2694 Y-11.6120
G1 X98.3159 Y-11.5354
G1 X98.3874 Y-11.4941
G1 X98.4770 Y-11.4775
G1 X98.8186 Y-11.4655
G1 X98.9078 Y-11.4344
G1 X98.9786 Y-11.3720
G1 X99.0304 Y-11.2466
G1 X99.0441 Y-11.0903
G1 X99.0225 Y-10.9324
G1 X98.9581 Y-10.7153
G1 X98.9366 Y-10.6555
G1 Z0.0000 F8000.0
G0 X98.1541 Y-11.5463 F15000.0
G1 Z11.9000 F8000.0
G1 X97.6278 Y-11.5463 F12000.0
G1 Z0.0000 F8000.0
G0 X101.0204 Y-8.1134 F15000.0
G1 Z11.9000 F8000.0
G1 X101.0882 Y-8.2022 F12000.0
G1 X101.1996 Y-8.2860
G1 X101.3354 Y-8.3435
G1 X101.4903 Y-8.3788
G1 X101.6590 Y-8.3960
G1 X101.8720 Y-8.3985
G1 X102.5494 Y-8.3532
G1 X102.9499 Y-8.3419
G1 X103.1120 Y-8.3671
G1 X103.1948 Y-8.4078
G1 X103.2403 Y-8.4492
G1 X103.3036 Y-8.5520
G1 X103.3647 Y-8.6968
G1 X103.5483 Y-9.3284
G1 X104.0009 Y-10.5504
G1 X104.4393 Y-11.8025
G1 X104.5874 Y-12.1539
G1 X104.6656 Y-12.3706
G1 X104.7073 Y-12.5473
G1 X104.7149 Y-12.6755
G1 X104.6909 Y-12.7840
G1 X104.6277 Y-12.8650
G1 X104.5734 Y-12.8927
G1 X104.4794 Y-12.9077
G1 X103.8990 Y-12.9335
G1 X103.6880 Y-12.9236
G1 X103.5647 Y-12.8961
G1 X103.4879 Y-12.8608
G1 X103.4070 Y-12.7884
G1 X103.3343 Y-12.6953
G1 X103.2526 Y-12.5601
G1 X103.1662 Y-12.3779
G1 X102.8887 Y-11.6312
G1 X101.7484 Y-9.0326
G1 X101.6830 Y-8.8515
G1 X101.6410 Y-8.6973
G1 X101.6139 Y-8.5391
G1 X101.6053 Y-8.4093
G1 Z0.0000 F8000.0
G0 X104.5886 Y-8.4093 F15000.0
G1 Z11.9000 F8000.0
G1 X105.1928 Y-10.0666 F12000.0
G1 X105.7000 Y-11.1320
G1 X105.7000 Y-11.3096
G1 X105.8918 Y-10.8360
G1 X106.0574 Y-10.3051
G1 X106.2849 Y-10.1619
G1 X106.7529 Y-10.5401
G1 X107.3964 Y-11.0136
G1 Z0.0000 F8000.0
G0 X107.8058 Y-11.5463 F15000.0
G1 Z11.9000 F8000.0
G1 X107.5022 Y-11.0136 F12000.0
G1 X107.4144 Y-10.4809
G1 X107.0261 Y-9.4155
G1 X106.5774 Y-8.3501
G1 Z0.0000 F8000.0
G0 X108.8002 Y-11.4279 F15000.0
G1 Z11.9000 F8000.0
G1 X108.6296 Y-11.0441 F12000.0
G1 X108.4534 Y-10.5858
G1 X108.0882 Y-9.5046
G1 X107.9258 Y-9.0817
G1 X107.8773 Y-8.8946
G1 X107.8646 Y-8.7685
G1 X107.8699 Y-8.6690
G1 X107.8848 Y-8.6035
G1 X107.9240 Y-8.5216
G1 X107.9809 Y-8.4576
G1 X108.0525 Y-8.4094
G1 X108.2297 Y-8.3524
G1 X108.5039 Y-8.3337
G1 X109.1694 Y-8.3574
G1 X109.3178 Y-8.4032
G1 X109.3921 Y-8.4582
G1 X109.4506 Y-8.5257
G1 X109.5309 Y-8.6641
G1 X109.5942 Y-8.8234
G1 X109.7194 Y-9.2425
G1 X110.2361 Y-10.7865
G1 X110.3974 Y-11.1764
G1 X110.5551 Y-11.4871
G1 Z0.0000 F8000.0
G0 X110.3211 Y-8.4093 F15000.0
G1 Z11.9000 F8000.0
G1 X111.1267 Y-10.6254 F12000.0
G1 X111.2779 Y-11.1215
G1 X111.3596 Y-11.2946
G1 X111.4506 Y-11.4084
G1 X111.4979 Y-11.4429
G1 X111.5805 Y-11.4761
G1 X111.7376 Y-11.4957
G1 X112.0174 Y-11.4871
G1 X113.5458 Y-11.4867
G1 X113.7372 Y-11.4690
G1 X113.8228 Y-11.4407
G1 X113.8738 Y-11.4108
G1 X113.9388 Y-11.3455
G1 X113.9730 Y-11.2857
G1 X114.0116 Y-11.1271
G1 X113.9962 Y-10.9377
G1 X113.9511 Y-10.7798
G1 X113.8115 Y-10.4218
G1 X113.3923 Y-9.1880
G1 X113.2404 Y-8.7928
G1 X113.0704 Y-8.4093
G1 Z0.0000 F8000.0
G0 X111.7249 Y-8.4684 F15000.0
G1 Z11.9000 F8000.0
G1 X112.4076 Y-10.3625 F12000.0
G1 X112.7193 Y-11.4279
G1 Z0.0000 F8000.0
G0 X114.2402 Y-8.4093 F15000.0
G1 Z11.9000 F8000.0
G1 X114.3130 Y-8.8130 F12000.0
G1 X114.4442 Y-9.2537
G1 X114.5847 Y-9.6309
G1 X114.9778 Y-10.5993
G1 X115.1505 Y-11.1523
G1 X115.2049 Y-11.2680
G1 X115.2719 Y-11.3671
G1 X115.3647 Y-11.4463
G1 X115.4532 Y-11.4766
G1 X116.1249 Y-11.5156
G1 X116.3149 Y-11.5152
G1 X116.4938 Y-11.4967
G1 X116.6185 Y-11.4636
G1 X116.7179 Y-11.4100
G1 X116.7843 Y-11.3317
G1 X116.8233 Y-11.1846
G1 X116.8214 Y-11.0272
G1 X116.7894 Y-10.8695
G1 X116.4209 Y-9.7794
G1 X116.2565 Y-9.3256
G1 X116.0964 Y-8.9457
G1 X115.9533 Y-8.6968
G1 X115.8504 Y-8.5753
G1 X115.7541 Y-8.4961
G1 X115.6441 Y-8.4389
G1 X115.4665 Y-8.3878
G1 X115.2796 Y-8.3599
G1 X115.0561 Y-8.3480
G1 X114.6228 Y-8.3507
G1 X114.3688 Y-8.3639
G1 X114.2767 Y-8.3518
G1 X114.1999 Y-8.3169
G1 X114.1413 Y-8.2538
G1 X114.0979 Y-8.1711
G1 X113.8737 Y-7.5363
G1 X113.7770 Y-7.2978
G1 X113.6877 Y-7.1259
G1 X113.5968 Y-6.9887
G1 Z0.0000 F8000.0
G0 X117.9839 Y-11.4279 F15000.0
G1 Z11.9000 F8000.0
G1 X117.8133 Y-11.0441 F12000.0
G1 X117.6372 Y-10.5858
G1 X117.2719 Y-9.5046
G1 X117.1095 Y-9.0817
G1 X117.0609 Y-8.8946
G1 X117.0482 Y-8.7685
G1 X117.0535 Y-8.6690
G1 X117.0685 Y-8.6035
G1 X117.1077 Y-8.5216
G1 X117.1645 Y-8.4576
G1 X117.2362 Y-8.4094
G1 X117.4134 Y-8.3524
G1 X117.6876 Y-8.3337
G1 X118.3531 Y-8.3574
G1 X118.5014 Y-8.4032
G1 X118.5757 Y-8.4582
G1 X118.6343 Y-8.5257
G1 X118.7145 Y-8.6641
G1 X118.7779 Y-8.8234
G1 X118.9030 Y-9.2425
G1 X119.4198 Y-10.7865
G1 X119.5811 Y-11.1764
G1 X119.7388 Y-11.4871
G1 Z0.0000 F8000.0
G0 X120.6747 Y-11.4279 F15000.0
G1 Z11.9000 F8000.0
G1 X120.5040 Y-11.0442 F12000.0
G1 X120.3279 Y-10.5860
G1 X119.9627 Y-9.5046
G1 X119.8003 Y-9.0817
G1 X119.7516 Y-8.8946
G1 X119.7390 Y-8.7685
G1 X119.7443 Y-8.6690
G1 X119.7593 Y-8.6035
G1 X119.7984 Y-8.5216
G1 X119.8552 Y-8.4576
G1 X119.9270 Y-8.4094
G1 X120.1042 Y-8.3524
G1 X120.3783 Y-8.3337
G1 X121.0439 Y-8.3574
G1 X121.1922 Y-8.4032
G1 X121.2665 Y-8.4582
G1 X121.3250 Y-8.5257
G1 X121.4052 Y-8.6641
G1 X121.4687 Y-8.8234
G1 X121.5937 Y-9.2425
G1 X122.1105 Y-10.7865
G1 X122.2719 Y-11.1764
G1 X122.4295 Y-11.4871
G1 Z0.0000 F8000.0
G0 X125.8807 Y-8.3501 F15000.0
G1 Z11.9000 F8000.0
G1 X125.2665 Y-8.3452 F12000.0
G1 X125.0709 Y-8.3713
G1 X124.9185 Y-8.4164
G1 X124.7809 Y-8.4889
G1 X124.6634 Y-8.5948
G1 X124.5790 Y-8.7304
G1 X124.5454 Y-8.8790
G1 X124.5569 Y-9.0690
G1 X124.6168 Y-9.2949
G1 X125.2868 Y-11.1203
G1 X125.5628 Y-11.9456
G1 X125.6805 Y-12.2124
G1 X125.8195 Y-12.4209
G1 X126.0154 Y-12.6031
G1 X126.2370 Y-12.7400
G1 X126.4686 Y-12.8290
G1 X126.7401 Y-12.8844
G1 X127.0537 Y-12.9073
G1 X127.5771 Y-12.9077
G1 Z0.0000 F8000.0
G0 X127.6355 Y-10.0074 F15000.0
G1 Z11.9000 F8000.0
G1 X127.6575 Y-10.2119 F12000.0
G1 X127.6957 Y-10.4028
G1 X127.7627 Y-10.6325
G1 X127.8389 Y-10.8266
G1 X127.9321 Y-11.0099
G1 X128.0423 Y-11.1747
G1 X128.1468 Y-11.2923
G1 X128.2625 Y-11.3873
G1 X128.4000 Y-11.4571
G1 X128.5705 Y-11.4987
G1 X128.8195 Y-11.5255
G1 X129.0485 Y-11.5243
G1 X129.2324 Y-11.5027
G1 X129.3952 Y-11.4593
G1 X129.5232 Y-11.3916
G1 X129.5914 Y-11.3179
G1 X129.6179 Y-11.2503
G1 X129.6315 Y-11.1220
G1 X129.6231 Y-10.9953
G1 X129.5982 Y-10.8705
G1 X129.4059 Y-10.2604
G1 X129.3357 Y-10.1178
G1 X129.2588 Y-10.0269
G1 X129.1476 Y-9.9671
G1 X129.0232 Y-9.9484
G1 X127.9865 Y-9.9482
G1 X127.7674 Y-9.9591
G1 X127.6736 Y-9.9494
G1 X127.6171 Y-9.9300
G1 X127.5469 Y-9.8755
G1 X127.4815 Y-9.7714
G1 X127.3836 Y-9.4839
G1 X127.2362 Y-9.1114
G1 X127.1707 Y-8.8711
G1 X127.1596 Y-8.7711
G1 X127.1631 Y-8.6760
G1 X127.1841 Y-8.5875
G1 X127.2094 Y-8.5333
G1 X127.2664 Y-8.4605
G1 X127.3336 Y-8.4092
G1 X127.4072 Y-8.3735
G1 X127.5207 Y-8.3400
G1 X127.7498 Y-8.3135
G1 X127.9985 Y-8.3154
G1 X128.5715 Y-8.3501
G1 Z0.0000 F8000.0
G0 X129.7413 Y-8.4093 F15000.0
G1 Z11.9000 F8000.0
G1 X129.8141 Y-8.8130 F12000.0
G1 X129.9453 Y-9.2537
G1 X130.0858 Y-9.6309
G1 X130.4790 Y-10.5993
G1 X130.6516 Y-11.1523
G1 X130.7059 Y-11.2680
G1 X130.7730 Y-11.3671
G1 X130.8659 Y-11.4463
G1 X130.9544 Y-11.4766
G1 X131.6260 Y-11.5156
G1 X131.8161 Y-11.5152
G1 X131.9949 Y-11.4967
G1 X132.1195 Y-11.4636
G1 X132.2190 Y-11.4100
G1 X132.2854 Y-11.3317
G1 X132.3242 Y-11.1846
G1 X132.3222 Y-11.0272
G1 X132.2903 Y-10.8695
G1 X131.9220 Y-9.7794
G1 X131.7575 Y-9.3256
G1 X131.5976 Y-8.9457
G1 X131.4544 Y-8.6968
G1 X131.3515 Y-8.5753
G1 X131.2553 Y-8.4961
G1 X131.1452 Y-8.4389
G1 X130.9676 Y-8.3878
G1 X130.7807 Y-8.3599
G1 X130.5572 Y-8.3480
G1 X130.1239 Y-8.3507
G1 X129.8698 Y-8.3639
G1 X129.7778 Y-8.3518
G1 X129.7010 Y-8.3169
G1 X129.6423 Y-8.2538
G1 X129.5991 Y-8.1711
G1 X129.3749 Y-7.5363
G1 X129.2781 Y-7.2978
G1 X129.1889 Y-7.1259
G1 X129.0979 Y-6.9887
G1 Z0.0000 F8000.0
G0 X134.1870 Y-8.7052 F15000.0
G1 Z11.9000 F8000.0
G1 X134.0851 Y-8.6177 F12000.0
G1 X133.9511 Y-8.5278
G1 X133.8389 Y-8.4706
G1 X133.6931 Y-8.4157
G1 X133.5414 Y-8.3777
G1 X133.3848 Y-8.3547
G1 X133.0590 Y-8.3463
G1 X132.8508 Y-8.3690
G1 X132.7586 Y-8.4032
G1 X132.6824 Y-8.4528
G1 X132.6230 Y-8.5157
G1 X132.5810 Y-8.5902
G1 X132.5569 Y-8.6744
G1 X132.5513 Y-8.7664
G1 X132.5738 Y-8.8981
G1 X132.6281 Y-9.0285
G1 X132.7176 Y-9.1539
G1 X132.8321 Y-9.2641
G1 X134.5369 Y-10.4634
G1 X134.7798 Y-10.6644
G1 X134.9006 Y-10.8094
G1 X134.9857 Y-10.9735
G1 X135.0133 Y-11.1033
G1 X135.0129 Y-11.1640
G1 X134.9952 Y-11.2482
G1 X134.9581 Y-11.3227
G1 X134.9025 Y-11.3854
G1 X134.8294 Y-11.4347
G1 X134.7398 Y-11.4687
G1 X134.5964 Y-11.4871
G1 X134.1305 Y-11.4806
G1 X133.8955 Y-11.4474
G1 X133.6996 Y-11.3860
G1 X133.5063 Y-11.2842
G1 X133.3095 Y-11.1320
G1 Z0.0000 F8000.0
G0 X135.7078 Y-10.0074 F15000.0
G1 Z11.9000 F8000.0
G1 X135.7298 Y-10.2119 F12000.0
G1 X135.7680 Y-10.4028
G1 X135.8349 Y-10.6325
G1 X135.9111 Y-10.8266
G1 X136.0044 Y-11.0099
G1 X136.1146 Y-11.1747
G1 X136.2190 Y-11.2923
G1 X136.3348 Y-11.3873
G1 X136.4722 Y-11.4571
G1 X136.6429 Y-11.4987
G1 X136.8917 Y-11.5255
G1 X137.1208 Y-11.5243
G1 X137.3046 Y-11.5027
G1 X137.4674 Y-11.4593
G1 X137.5955 Y-11.3916
G1 X137.6637 Y-11.3179
G1 X137.6902 Y-11.2503
G1 X137.7037 Y-11.1220
G1 X137.6954 Y-10.9953
G1 X137.6705 Y-10.8705
G1 X137.4783 Y-10.2604
G1 X137.4080 Y-10.1178
G1 X137.3310 Y-10.0269
G1 X137.2198 Y-9.9671
G1 X137.0955 Y-9.9484
G1 X136.0587 Y-9.9482
G1 X135.8397 Y-9.9591
G1 X135.7458 Y-9.9494
G1 X135.6895 Y-9.9300
G1 X135.6191 Y-9.8755
G1 X135.5538 Y-9.7714
G1 X135.4560 Y-9.4839
G1 X135.3086 Y-9.1114
G1 X135.2430 Y-8.8711
G1 X135.2320 Y-8.7711
G1 X135.2353 Y-8.6760
G1 X135.2563 Y-8.5875
G1 X135.2817 Y-8.5333
G1 X135.3387 Y-8.4605
G1 X135.4059 Y-8.4092
G1 X135.4795 Y-8.3735
G1 X135.5929 Y-8.3400
G1 X135.8221 Y-8.3135
G1 X136.0707 Y-8.3154
G1 X136.6437 Y-8.3501
G1 Z0.0000 F8000.0
G0 X138.3986 Y-10.0074 F15000.0
G1 Z11.9000 F8000.0
G1 X138.4205 Y-10.2119 F12000.0
G1 X138.4587 Y-10.4028
G1 X138.5257 Y-10.6325
G1 X138.6019 Y-10.8266
G1 X138.6951 Y-11.0099
G1 X138.8053 Y-11.1747
G1 X138.9098 Y-11.2923
G1 X139.0255 Y-11.3873
G1 X139.1630 Y-11.4571
G1 X139.3336 Y-11.4987
G1 X139.5825 Y-11.5255
G1 X139.8115 Y-11.5243
G1 X139.9954 Y-11.5027
G1 X140.1582 Y-11.4593
G1 X140.2862 Y-11.3916
G1 X140.3544 Y-11.3179
G1 X140.3809 Y-11.2503
G1 X140.3945 Y-11.1220
G1 X140.3863 Y-10.9953
G1 X140.3613 Y-10.8705
G1 X140.1690 Y-10.2604
G1 X140.0988 Y-10.1178
G1 X140.0218 Y-10.0269
G1 X139.9106 Y-9.9671
G1 X139.7863 Y-9.9484
G1 X138.7495 Y-9.9482
G1 X138.5304 Y-9.9591
G1 X138.4366 Y-9.9494
G1 X138.3802 Y-9.9300
G1 X138.3099 Y-9.8755
G1 X138.2445 Y-9.7714
G1 X138.1467 Y-9.4839
G1 X137.9993 Y-9.1114
G1 X137.9337 Y-8.8711
G1 X137.9227 Y-8.7711
G1 X137.9261 Y-8.6760
G1 X137.9472 Y-8.5875
G1 X137.9724 Y-8.5333
G1 X138.0295 Y-8.4605
G1 X138.0966 Y-8.4092
G1 X138.1702 Y-8.3735
G1 X138.2837 Y-8.3400
G1 X138.5128 Y-8.3135
G1 X138.7615 Y-8.3154
G1 X139.3345 Y-8.3501
G1 Z0.0000 F8000.0
G0 X142.9832 Y-10.6555 F15000.0
G1 Z11.9000 F8000.0
G1 X142.6510 Y-9.6508 F12000.0
G1 X142.4911 Y-9.2261
G1 X142.3855 Y-8.9943
G1 X142.2784 Y-8.7965
G1 X142.1862 Y-8.6613
G1 X142.1001 Y-8.5666
G1 X141.9721 Y-8.4730
G1 X141.8498 Y-8.4241
G1 X141.5592 Y-8.3609
G1 X141.3088 Y-8.3309
G1 X141.1272 Y-8.3283
G1 X140.9565 Y-8.3488
G1 X140.8089 Y-8.3991
G1 X140.7154 Y-8.4654
G1 X140.6491 Y-8.5602
G1 X140.6153 Y-8.6777
G1 X140.6178 Y-8.8347
G1 X140.6554 Y-8.9964
G1 X141.0303 Y-9.9988
G1 X141.6476 Y-11.5759
G1 X141.8114 Y-12.1753
G1 X141.8726 Y-12.3585
G1 X141.9691 Y-12.5529
G1 X142.0834 Y-12.6950
G1 X142.2357 Y-12.8074
G1 X142.3979 Y-12.8731
G1 X142.5070 Y-12.8948
G1 X142.5755 Y-12.8952
G1 X142.6692 Y-12.8760
G1 X142.7503 Y-12.8355
G1 X142.8163 Y-12.7765
G1 X142.8652 Y-12.7017
G1 X142.8943 Y-12.6141
G1 X142.9017 Y-12.5162
G1 X142.8734 Y-12.3750
G1 X142.8162 Y-12.2595
G1 X142.7181 Y-12.1400
G1 X142.4846 Y-11.9323
G1 X142.3759 Y-11.8182
G1 X142.3142 Y-11.7064
G1 X142.3160 Y-11.6120
G1 X142.3625 Y-11.5354
G1 X142.4339 Y-11.4941
G1 X142.5235 Y-11.4775
G1 X142.8652 Y-11.4655
G1 X142.9543 Y-11.4344
G1 X143.0252 Y-11.3720
G1 X143.0769 Y-11.2466
G1 X143.0904 Y-11.0903
G1 X143.0689 Y-10.9324
G1 X143.0046 Y-10.7153
G1 X142.9832 Y-10.6555
G1 Z0.0000 F8000.0
G0 X142.2007 Y-11.5463 F15000.0
G1 Z11.9000 F8000.0
G1 X141.6742 Y-11.5463 F12000.0
G1 Z0.0000 F8000.0
G0 X144.1895 Y-11.4279 F15000.0
G1 Z11.9000 F8000.0
G1 X144.0189 Y-11.0442 F12000.0
G1 X143.8428 Y-10.5860
G1 X143.4775 Y-9.5046
G1 X143.3151 Y-9.0817
G1 X143.2666 Y-8.8946
G1 X143.2539 Y-8.7685
G1 X143.2592 Y-8.6690
G1 X143.2741 Y-8.6035
G1 X143.3133 Y-8.5216
G1 X143.3702 Y-8.4576
G1 X143.4419 Y-8.4094
G1 X143.6190 Y-8.3524
G1 X143.8933 Y-8.3337
G1 X144.5587 Y-8.3574
G1 X144.7071 Y-8.4032
G1 X144.7814 Y-8.4582
G1 X144.8399 Y-8.5257
G1 X144.9202 Y-8.6641
G1 X144.9835 Y-8.8234
G1 X145.1087 Y-9.2425
G1 X145.6254 Y-10.7865
G1 X145.7867 Y-11.1764
G1 X145.9444 Y-11.4871
G1 Z0.0000 F8000.0
G0 X146.8803 Y-11.4279 F15000.0
G1 Z11.9000 F8000.0
G1 X146.7106 Y-11.0192 F12000.0
G1 X146.5002 Y-10.3963
G1 X146.4817 Y-10.2450
G1 X146.4919 Y-10.1868
G1 X146.5293 Y-10.1064
G1 X146.5867 Y-10.0440
G1 X146.6611 Y-9.9972
G1 X146.7490 Y-9.9640
G1 X146.8819 Y-9.9377
G1 X147.0995 Y-9.9265
G1 X147.5583 Y-9.9481
G1 X147.8058 Y-9.9380
G1 X147.9012 Y-9.9479
G1 X147.9870 Y-9.9813
G1 X148.0581 Y-10.0410
G1 X148.1282 Y-10.1461
G1 X148.1784 Y-10.2677
G1 X148.4513 Y-11.0852
G1 X148.5367 Y-11.2916
G1 X148.6351 Y-11.4871
G1 Z0.0000 F8000.0
G0 X0.0000 Y-285.0000 F15000.0
G1 Z11.9000 F8000.0
G1 X180.0000 Y-285.0000 F12000.0
G1 X180.0000 Y-5.0000
G1 X0.0000 Y-5.0000
G1 X0.0000 Y-285.0000
G1 Z0.0000 F8000.0
G0 X47.3992 Y-277.0577 F15000.0
G1 Z11.9000 F8000.0
G1 X47.1421 Y-276.2700 F12000.0
G1 X47.0338 Y-275.9953
G1 X46.9103 Y-275.7330
G1 X46.7842 Y-275.5144
G1 X46.6583 Y-275.3390
G1 X46.5013 Y-275.1763
G1 X46.3441 Y-275.0507
G1 X46.1440 Y-274.9303
G1 X45.9366 Y-274.8488
G1 X45.5823 Y-274.7834
G1 X45.2828 Y-274.7625
G1 X45.0498 Y-274.7786
G1 X44.8339 Y-274.8352
G1 X44.6743 Y-274.9246
G1 X44.6066 Y-274.9859
G1 X44.5486 Y-275.0593
G1 X44.4913 Y-275.1717
G1 X44.4571 Y-275.3216
G1 X44.4564 Y-275.4810
G1 X44.4818 Y-275.6459
G1 X44.5584 Y-275.9108
G1 X44.7641 Y-276.4681
G1 X45.0102 Y-277.2760
G1 X45.1312 Y-277.6375
G1 X45.3002 Y-278.0527
G1 X45.4898 Y-278.4051
G1 X45.5997 Y-278.5643
G1 X45.6999 Y-278.6862
G1 X45.8086 Y-278.7967
G1 X45.9264 Y-278.8947
G1 X46.1356 Y-279.0219
G1 X46.3412 Y-279.0997
G1 X46.6067 Y-279.1527
G1 X46.9046 Y-279.1769
G1 X47.1780 Y-279.1631
G1 X47.4038 Y-279.1134
G1 X47.5739 Y-279.0362
G1 X47.7115 Y-278.9213
G1 X47.7937 Y-278.7930
G1 X47.8338 Y-278.6667
G1 X47.8471 Y-278.5151
G1 X47.8324 Y-278.3543
G1 X47.7464 Y-278.0239
G1 X47.5525 Y-277.5142
G1 X47.4389 Y-277.1820
G1 X47.3992 Y-277.0577
G1 Z0.0000 F8000.0
G0 X47.9834 Y-274.8195 F15000.0
G1 Z11.9000 F8000.0
G1 X48.1598 Y-275.1553 F12000.0
G1 X48.3206 Y-275.5421
G1 X48.7972 Y-276.9422
G1 X48.9190 Y-277.3636
G1 X48.9701 Y-277.4904
G1 X49.0336 Y-277.5983
G1 X49.0912 Y-277.6606
G1 X49.1361 Y-277.6911
G1 X49.2790 Y-277.7279
G1 X49.6213 Y-277.7197
G1 X50.0649 Y-277.7317
G1 X50.2320 Y-277.7227
G1 X50.3591 Y-277.7018
G1 X50.4756 Y-277.6642
G1 X50.5770 Y-277.6058
G1 X50.6404 Y-277.5461
G1 X50.6907 Y-277.4706
G1 X50.7262 Y-277.3777
G1 X50.7468 Y-277.2408
G1 X50.7434 Y-277.1136
G1 X50.7231 Y-276.9889
G1 X50.6812 Y-276.8358
G1 X50.2718 Y-275.6109
G1 X50.1028 Y-275.1865
G1 X49.9137 Y-274.8195
G1 Z0.0000 F8000.0
G0 X51.4931 Y-274.8195 F15000.0
G1 Z11.9000 F8000.0
G1 X51.5025 Y-275.0082 F12000.0
G1 X51.5330 Y-275.2288
G1 X51.5816 Y-275.4495
G1 X51.6546 Y-275.7011
G1 X51.7765 Y-276.0444
G1 X52.1348 Y-276.9502
G1 X52.2780 Y-277.4238
G1 X52.3341 Y-277.5447
G1 X52.3855 Y-277.6201
G1 X52.4703 Y-277.6911
G1 X52.6131 Y-277.7279
G1 X52.9554 Y-277.7197
G1 X53.4329 Y-277.7312
G1 X53.5987 Y-277.7188
G1 X53.7236 Y-277.6941
G1 X53.8368 Y-277.6517
G1 X53.9337 Y-277.5876
G1 X54.0250 Y-277.4706
G1 X54.0687 Y-277.3427
G1 X54.0799 Y-277.1447
G1 X54.0492 Y-276.9575
G1 X53.7525 Y-276.0521
G1 X53.6590 Y-275.7958
G1 X53.5184 Y-275.4867
G1 X53.3613 Y-275.2361
G1 X53.2365 Y-275.0921
G1 X53.0933 Y-274.9721
G1 X52.9580 Y-274.8938
G1 X52.7797 Y-274.8306
G1 X52.5663 Y-274.7883
G1 X52.2818 Y-274.7635
G1 X51.8440 Y-274.7603
G1 X51.5299 Y-274.7805
G1 X51.4414 Y-274.7627
G1 X51.3907 Y-274.7356
G1 X51.3274 Y-274.6696
G1 X51.2690 Y-274.5566
G1 X50.8497 Y-273.3990
G1 Z0.0000 F8000.0
G0 X55.2952 Y-276.2992 F15000.0
G1 Z11.9000 F8000.0
G1 X55.3079 Y-276.5024 F12000.0
G1 X55.3396 Y-276.6983
G1 X55.3913 Y-276.8845
G1 X55.4504 Y-277.0304
G1 X55.5411 Y-277.1925
G1 X55.6340 Y-277.3148
G1 X55.7430 Y-277.4242
G1 X55.8688 Y-277.5193
G1 X56.0426 Y-277.6123
G1 X56.2257 Y-277.6760
G1 X56.4379 Y-277.7199
G1 X56.6730 Y-277.7386
G1 X56.8742 Y-277.7248
G1 X57.0297 Y-277.6861
G1 X57.1647 Y-277.6178
G1 X57.2517 Y-277.5388
G1 X57.3153 Y-277.4355
G1 X57.3507 Y-277.3054
G1 X57.3569 Y-277.1798
G1 X57.3399 Y-277.0166
G1 X57.3029 Y-276.8609
G1 X57.2016 Y-276.5599
G1 X57.1261 Y-276.4177
G1 X57.0436 Y-276.3288
G1 X56.9777 Y-276.2872
G1 X56.8735 Y-276.2461
G1 X56.7543 Y-276.2193
G1 X56.5896 Y-276.2026
G1 X56.2717 Y-276.2050
G1 X55.4239 Y-276.2629
G1 X55.3273 Y-276.2607
G1 X55.2411 Y-276.2414
G1 X55.1693 Y-276.1956
G1 X55.0977 Y-276.0937
G1 X54.9283 Y-275.5834
G1 X54.8808 Y-275.3132
G1 X54.8828 Y-275.1830
G1 X54.9004 Y-275.0917
G1 X54.9346 Y-275.0082
G1 X54.9879 Y-274.9348
G1 X55.0628 Y-274.8738
G1 X55.1382 Y-274.8329
G1 X55.2487 Y-274.7902
G1 X55.3996 Y-274.7539
G1 X55.6953 Y-274.7288
G1 X56.0686 Y-274.7490
G1 X56.5236 Y-274.8195
G1 Z0.0000 F8000.0
G0 X60.8522 Y-277.6014 F15000.0
G1 Z11.9000 F8000.0
G1 X60.6758 Y-277.6858 F12000.0
G1 X60.4348 Y-277.7443
G1 X60.1666 Y-277.7639
G1 X59.8869 Y-277.7464
G1 X59.6116 Y-277.6939
G1 X59.3561 Y-277.6078
G1 X59.1362 Y-277.4903
G1 X58.9853 Y-277.3630
G1 X58.8514 Y-277.1840
G1 X58.7348 Y-276.9519
G1 X58.5006 Y-276.2694
G1 X58.3194 Y-275.8049
G1 X58.2541 Y-275.5962
G1 X58.2119 Y-275.3872
G1 X58.2071 Y-275.1911
G1 X58.2422 Y-275.0469
G1 X58.3216 Y-274.9282
G1 X58.4140 Y-274.8580
G1 X58.5494 Y-274.7965
G1 X58.6705 Y-274.7660
G1 X58.8330 Y-274.7493
G1 X59.0027 Y-274.7544
G1 X59.2076 Y-274.7861
G1 X59.3729 Y-274.8310
G1 X59.5560 Y-274.9039
G1 X59.6894 Y-274.9777
G1 X59.7795 Y-275.0438
G1 X59.9526 Y-275.2282
G1 X60.0424 Y-275.3591
G1 X60.1191 Y-275.4977
G1 X60.2695 Y-275.8508
G1 X60.4817 Y-276.4309
G1 X60.8293 Y-277.4442
G1 X61.1526 Y-278.2818
G1 X61.2168 Y-278.5525
G1 X61.2217 Y-278.7510
G1 X61.1832 Y-278.9019
G1 X61.1172 Y-279.0071
G1 X61.0347 Y-279.0757
G1 X60.9005 Y-279.1321
G1 X60.7413 Y-279.1619
G1 X60.5669 Y-279.1715
G1 X59.9163 Y-279.1403
G1 Z0.0000 F8000.0
G0 X61.9636 Y-276.2992 F15000.0
G1 Z11.9000 F8000.0
G1 X61.9764 Y-276.5024 F12000.0
G1 X62.0082 Y-276.6983
G1 X62.0599 Y-276.8845
G1 X62.1190 Y-277.0304
G1 X62.2098 Y-277.1925
G1 X62.3026 Y-277.3148
G1 X62.4116 Y-277.4242
G1 X62.5374 Y-277.5193
G1 X62.7110 Y-277.6123
G1 X62.8940 Y-277.6760
G1 X63.1062 Y-277.7199
G1 X63.3414 Y-277.7386
G1 X63.5426 Y-277.7248
G1 X63.6981 Y-277.6861
G1 X63.8332 Y-277.6178
G1 X63.9202 Y-277.5387
G1 X63.9838 Y-277.4354
G1 X64.0192 Y-277.3054
G1 X64.0253 Y-277.1798
G1 X64.0082 Y-277.0166
G1 X63.9714 Y-276.8609
G1 X63.8701 Y-276.5599
G1 X63.7945 Y-276.4177
G1 X63.7121 Y-276.3288
G1 X63.6461 Y-276.2872
G1 X63.5419 Y-276.2461
G1 X63.4226 Y-276.2193
G1 X63.2579 Y-276.2026
G1 X62.9400 Y-276.2050
G1 X62.0922 Y-276.2629
G1 X61.9956 Y-276.2607
G1 X61.9094 Y-276.2415
G1 X61.8378 Y-276.1956
G1 X61.7661 Y-276.0937
G1 X61.5965 Y-275.5833
G1 X61.5491 Y-275.3132
G1 X61.5512 Y-275.1830
G1 X61.5688 Y-275.0917
G1 X61.6030 Y-275.0082
G1 X61.6564 Y-274.9348
G1 X61.7314 Y-274.8738
G1 X61.8067 Y-274.8329
G1 X61.9171 Y-274.7902
G1 X62.0681 Y-274.7539
G1 X62.3637 Y-274.7288
G1 X62.7369 Y-274.7490
G1 X63.1920 Y-274.8195
G1 Z0.0000 F8000.0
G0 X64.5959 Y-274.7603 F15000.0
G1 Z11.9000 F8000.0
G1 X66.0664 Y-276.8911 F12000.0
G1 X66.7017 Y-277.6770
G1 X67.4293 Y-277.6408
G1 X67.4376 Y-277.2462
G1 X67.0170 Y-276.0624
G1 X66.5262 Y-274.8195
G1 Z0.0000 F8000.0
G0 X69.0414 Y-277.7197 F15000.0
G1 Z11.9000 F8000.0
G1 X68.8542 Y-277.2754 F12000.0
G1 X68.5476 Y-276.3910
G1 X68.3179 Y-275.7873
G1 X68.2439 Y-275.5285
G1 X68.2161 Y-275.3347
G1 X68.2166 Y-275.2080
G1 X68.2366 Y-275.0836
G1 X68.2720 Y-274.9989
G1 X68.3455 Y-274.9089
G1 X68.4174 Y-274.8569
G1 X68.5310 Y-274.8056
G1 X68.6601 Y-274.7719
G1 X68.8346 Y-274.7498
G1 X69.1539 Y-274.7467
G1 X69.6396 Y-274.7759
G1 X69.7314 Y-274.7985
G1 X69.8166 Y-274.8373
G1 X69.8914 Y-274.8968
G1 X69.9466 Y-274.9639
G1 X70.0261 Y-275.0994
G1 X70.0926 Y-275.2553
G1 X70.2698 Y-275.8257
G1 X70.5919 Y-276.7848
G1 X70.7766 Y-277.2758
G1 X70.9718 Y-277.7197
G1 Z0.0000 F8000.0
G0 X71.2642 Y-274.8195 F15000.0
G1 Z11.9000 F8000.0
G1 X72.0604 Y-276.8911 F12000.0
G1 X72.3938 Y-277.6770
G1 X73.0191 Y-277.7197
G1 X74.5400 Y-277.7148
G1 X74.9740 Y-277.3646
G1 X74.7968 Y-276.4767
G1 X74.1891 Y-274.8195
G1 Z0.0000 F8000.0
G0 X72.7851 Y-274.8787 F15000.0
G1 Z11.9000 F8000.0
G1 X73.3719 Y-276.5360 F12000.0
G1 X73.6626 Y-277.6606
G1 Z0.0000 F8000.0
G0 X76.5873 Y-277.7197 F15000.0
G1 Z11.9000 F8000.0
G1 X76.4339 Y-277.3316 F12000.0
G1 X76.2299 Y-276.6302
G1 X76.1488 Y-276.3878
G1 X75.8390 Y-275.6801
G1 X75.7080 Y-275.3316
G1 X75.6494 Y-275.0857
G1 X75.6459 Y-274.9846
G1 X75.6634 Y-274.8948
G1 X75.7075 Y-274.8223
G1 X75.7522 Y-274.7882
G1 X75.8053 Y-274.7670
G1 X75.8975 Y-274.7524
G1 X76.4764 Y-274.7672
G1 X76.7904 Y-274.8048
G1 X77.0250 Y-274.8718
G1 X77.2162 Y-274.9674
G1 X77.3926 Y-275.1052
G1 X77.5277 Y-275.2589
G1 X77.6134 Y-275.3981
G1 X77.6664 Y-275.5209
G1 X77.7013 Y-275.6487
G1 X77.7142 Y-275.7769
G1 X77.7009 Y-275.9006
G1 X77.6715 Y-275.9875
G1 X77.6029 Y-276.0919
G1 X77.5275 Y-276.1590
G1 X77.4408 Y-276.2089
G1 X77.3631 Y-276.2376
G1 X77.1196 Y-276.2768
G1 X76.8458 Y-276.2771
G1 X76.2363 Y-276.2400
G1 Z0.0000 F8000.0
G0 X81.2669 Y-273.3990 F15000.0
G1 Z11.9000 F8000.0
G1 X81.6861 Y-274.5566 F12000.0
G1 X81.7445 Y-274.6696
G1 X81.8080 Y-274.7356
G1 X81.8588 Y-274.7627
G1 X81.9472 Y-274.7805
G1 X82.2613 Y-274.7603
G1 X82.6990 Y-274.7635
G1 X82.9837 Y-274.7883
G1 X83.1969 Y-274.8306
G1 X83.3752 Y-274.8938
G1 X83.5104 Y-274.9721
G1 X83.6538 Y-275.0921
G1 X83.7785 Y-275.2361
G1 X83.9357 Y-275.4867
G1 X84.0763 Y-275.7958
G1 X84.1914 Y-276.1159
G1 X84.4665 Y-276.9575
G1 X84.4973 Y-277.1448
G1 X84.4861 Y-277.3427
G1 X84.4423 Y-277.4705
G1 X84.3510 Y-277.5875
G1 X84.2541 Y-277.6517
G1 X84.1410 Y-277.6941
G1 X84.0160 Y-277.7188
G1 X83.8501 Y-277.7312
G1 X83.3727 Y-277.7197
G1 X83.0306 Y-277.7279
G1 X82.8878 Y-277.6911
G1 X82.8031 Y-277.6201
G1 X82.7515 Y-277.5447
G1 X82.6954 Y-277.4238
G1 X82.5520 Y-276.9502
G1 X82.1936 Y-276.0444
G1 X82.0718 Y-275.7011
G1 X81.9987 Y-275.4495
G1 X81.9503 Y-275.2288
G1 X81.9197 Y-275.0082
G1 X81.9103 Y-274.8195
G1 Z0.0000 F8000.0
G0 X87.7898 Y-276.8705 F15000.0
G1 Z11.9000 F8000.0
G1 X87.6104 Y-276.4121 F12000.0
G1 X87.4480 Y-275.9535
G1 X87.3654 Y-275.6776
G1 X87.3134 Y-275.4172
G1 X87.2754 Y-275.2903
G1 X87.2141 Y-275.1812
G1 X87.1318 Y-275.1016
G1 X86.9306 Y-274.9781
G1 X86.6726 Y-274.8733
G1 X86.4229 Y-274.8115
G1 X86.1324 Y-274.7676
G1 X85.8910 Y-274.7612
G1 X85.6952 Y-274.7915
G1 X85.5526 Y-274.8513
G1 X85.4389 Y-274.9499
G1 X85.3899 Y-275.0284
G1 X85.3612 Y-275.1146
G1 X85.3483 Y-275.2411
G1 X85.3580 Y-275.3760
G1 X85.4207 Y-275.6479
G1 X85.6576 Y-276.3857
G1 X85.7948 Y-276.7582
G1 X85.9366 Y-277.0475
G1 X86.0956 Y-277.2793
G1 X86.2691 Y-277.4541
G1 X86.3955 Y-277.5452
G1 X86.5376 Y-277.6203
G1 X86.6634 Y-277.6675
G1 X86.8258 Y-277.7071
G1 X86.9812 Y-277.7254
G1 X87.1729 Y-277.7307
G1 X87.7074 Y-277.7191
G1 X87.8009 Y-277.7056
G1 X87.8810 Y-277.6637
G1 X87.9181 Y-277.6182
G1 X87.9487 Y-277.5403
G1 X87.9580 Y-277.4501
G1 X87.9277 Y-277.2463
G1 X87.8166 Y-276.9333
G1 X87.7898 Y-276.8705
G1 Z0.0000 F8000.0
G0 X89.8656 Y-274.8195 F15000.0
G1 Z11.9000 F8000.0
G1 X89.6271 Y-274.7778 F12000.0
G1 X89.4279 Y-274.7564
G1 X89.2590 Y-274.7545
G1 X89.1277 Y-274.7684
G1 X89.0039 Y-274.7998
G1 X88.8917 Y-274.8522
G1 X88.7948 Y-274.9292
G1 X88.7391 Y-275.0027
G1 X88.7058 Y-275.0874
G1 X88.6911 Y-275.1804
G1 X88.7069 Y-275.4090
G1 X88.8514 Y-276.0017
G1 X88.9892 Y-276.4579
G1 X89.1381 Y-276.8410
G1 X89.2869 Y-277.1277
G1 X89.3706 Y-277.2531
G1 X89.4609 Y-277.3630
G1 X89.6352 Y-277.5121
G1 X89.7439 Y-277.5751
G1 X89.8580 Y-277.6240
G1 X90.0990 Y-277.6868
G1 X90.3831 Y-277.7161
G1 X90.8601 Y-277.7197
G1 Z0.0000 F8000.0
G0 X93.7848 Y-277.7197 F15000.0
G1 Z11.9000 F8000.0
G1 X93.3078 Y-277.7161 F12000.0
G1 X93.0239 Y-277.6868
G1 X92.7828 Y-277.6240
G1 X92.6687 Y-277.5751
G1 X92.5600 Y-277.5121
G1 X92.3856 Y-277.3630
G1 X92.2953 Y-277.2531
G1 X92.2117 Y-277.1277
G1 X92.0628 Y-276.8410
G1 X91.9140 Y-276.4579
G1 X91.7761 Y-276.0017
G1 X91.6316 Y-275.4090
G1 X91.6159 Y-275.1804
G1 X91.6307 Y-275.0874
G1 X91.6638 Y-275.0027
G1 X91.7196 Y-274.9292
G1 X91.8165 Y-274.8522
G1 X91.9287 Y-274.7998
G1 X92.0525 Y-274.7684
G1 X92.1838 Y-274.7545
G1 X92.3526 Y-274.7564
G1 X92.5519 Y-274.7778
G1 X92.7904 Y-274.8195
G1 Z0.0000 F8000.0
G0 X94.3112 Y-274.8195 F15000.0
G1 Z11.9000 F8000.0
G1 X95.1073 Y-276.8911 F12000.0
G1 X95.4408 Y-277.6770
G1 X96.0660 Y-277.7197
G1 X97.5869 Y-277.7148
G1 X98.0210 Y-277.3646
G1 X97.8437 Y-276.4767
G1 X97.2360 Y-274.8195
G1 Z0.0000 F8000.0
G0 X95.8320 Y-274.8787 F15000.0
G1 Z11.9000 F8000.0
G1 X96.4188 Y-276.5360 F12000.0
G1 X96.7095 Y-277.6606
G1 Z0.0000 F8000.0
G0 X99.0139 Y-276.0685 F15000.0
G1 Z11.9000 F8000.0
G1 X99.2254 Y-276.6602 F12000.0
G1 X99.3181 Y-276.8674
G1 X99.4089 Y-277.0352
G1 X99.5126 Y-277.1912
G1 X99.6318 Y-277.3329
G1 X99.7448 Y-277.4380
G1 X99.8718 Y-277.5298
G1 X100.0446 Y-277.6202
G1 X100.2421 Y-277.6865
G1 X100.4321 Y-277.7205
G1 X100.6291 Y-277.7265
G1 X100.8237 Y-277.6994
G1 X100.9723 Y-277.6466
G1 X101.0987 Y-277.5622
G1 X101.1777 Y-277.4694
G1 X101.2207 Y-277.3836
G1 X101.2477 Y-277.2831
G1 X101.2568 Y-277.1559
G1 X101.2427 Y-276.9991
G1 X101.1736 Y-276.7131
G1 X100.9329 Y-275.9939
G1 X100.7908 Y-275.6504
G1 X100.6285 Y-275.3583
G1 X100.4695 Y-275.1538
G1 X100.2798 Y-274.9875
G1 X100.1433 Y-274.9080
G1 X99.9918 Y-274.8505
G1 X99.7768 Y-274.8052
G1 X99.5808 Y-274.7798
G1 X99.4130 Y-274.7753
G1 X99.2499 Y-274.7937
G1 X99.1278 Y-274.8299
G1 X99.0177 Y-274.8894
G1 X98.9236 Y-274.9757
G1 X98.8704 Y-275.0544
G1 X98.8366 Y-275.1390
G1 X98.8163 Y-275.2605
G1 X98.8192 Y-275.3884
G1 X98.8472 Y-275.5517
G1 X98.9715 Y-275.9440
G1 X99.0139 Y-276.0685
G1 Z0.0000 F8000.0
G0 X101.8570 Y-274.7603 F15000.0
G1 Z11.9000 F8000.0
G1 X103.0854 Y-276.1808 F12000.0
G1 Z0.0000 F8000.0
G0 X104.2553 Y-276.2400 F15000.0
G1 Z11.9000 F8000.0
G1 X103.4363 Y-276.2400 F12000.0
G1 X103.1215 Y-276.2299
G1 X102.9720 Y-276.2549
G1 X102.8266 Y-276.3293
G1 X102.7602 Y-276.3950
G1 X102.7010 Y-276.5017
G1 X102.6716 Y-276.6246
G1 X102.6687 Y-276.7576
G1 X102.6880 Y-276.8948
G1 X102.7381 Y-277.0627
G1 X102.7942 Y-277.1869
G1 X102.8782 Y-277.3194
G1 X103.0113 Y-277.4554
G1 X103.1687 Y-277.5621
G1 X103.3677 Y-277.6453
G1 X103.5790 Y-277.6930
G1 X103.8301 Y-277.7162
G1 X104.3103 Y-277.7352
G1 X104.4578 Y-277.7314
G1 X104.6182 Y-277.6926
G1 X104.6872 Y-277.6425
G1 X104.7169 Y-277.5948
G1 X104.7361 Y-277.5074
G1 X104.7333 Y-277.4099
G1 X104.7078 Y-277.2765
G1 X104.6555 Y-277.0982
G1 X104.5733 Y-276.8909
G1 X104.3554 Y-276.4465
G1 X104.2666 Y-276.2394
G1 X104.2130 Y-276.0623
G1 X104.1285 Y-275.6570
G1 X104.0545 Y-275.4076
G1 X103.9360 Y-275.1051
G1 X103.7874 Y-274.8195
G1 Z0.0000 F8000.0
G0 X105.1328 Y-274.8195 F15000.0
G1 Z11.9000 F8000.0
G1 X106.2441 Y-277.7197 F12000.0
G1 Z0.0000 F8000.0
G0 X108.1744 Y-277.7197 F15000.0
G1 Z11.9000 F8000.0
G1 X107.7247 Y-276.5360 F12000.0
G1 X107.5017 Y-276.1217
G1 X107.0631 Y-274.8195
G1 Z0.0000 F8000.0
G0 X109.5783 Y-277.7197 F15000.0
G1 Z11.9000 F8000.0
G1 X109.3910 Y-277.2754 F12000.0
G1 X109.0844 Y-276.3910
G1 X108.8548 Y-275.7873
G1 X108.7807 Y-275.5285
G1 X108.7530 Y-275.3347
G1 X108.7534 Y-275.2080
G1 X108.7735 Y-275.0836
G1 X108.8089 Y-274.9989
G1 X108.8824 Y-274.9089
G1 X108.9542 Y-274.8569
G1 X109.0679 Y-274.8056
G1 X109.1969 Y-274.7719
G1 X109.3715 Y-274.7498
G1 X109.6908 Y-274.7467
G1 X110.1764 Y-274.7759
G1 X110.2682 Y-274.7985
G1 X110.3534 Y-274.8373
G1 X110.4283 Y-274.8968
G1 X110.4834 Y-274.9639
G1 X110.5629 Y-275.0994
G1 X110.6295 Y-275.2553
G1 X110.8067 Y-275.8257
G1 X111.1288 Y-276.7848
G1 X111.3134 Y-277.2758
G1 X111.5087 Y-277.7197
G1 Z0.0000 F8000.0
G0 X112.5031 Y-276.2992 F15000.0
G1 Z11.9000 F8000.0
G1 X112.5158 Y-276.5024 F12000.0
G1 X112.5476 Y-276.6983
G1 X112.5994 Y-276.8845
G1 X112.6585 Y-277.0304
G1 X112.7492 Y-277.1925
G1 X112.8420 Y-277.3148
G1 X112.9510 Y-277.4242
G1 X113.0768 Y-277.5193
G1 X113.2505 Y-277.6123
G1 X113.4334 Y-277.6760
G1 X113.6456 Y-277.7199
G1 X113.8808 Y-277.7386
G1 X114.0820 Y-277.7248
G1 X114.2377 Y-277.6861
G1 X114.3726 Y-277.6178
G1 X114.4596 Y-277.5387
G1 X114.5232 Y-277.4354
G1 X114.5586 Y-277.3054
G1 X114.5647 Y-277.1798
G1 X114.5477 Y-277.0166
G1 X114.5109 Y-276.8609
G1 X114.4095 Y-276.5599
G1 X114.3340 Y-276.4177
G1 X114.2515 Y-276.3288
G1 X114.1855 Y-276.2872
G1 X114.0814 Y-276.2461
G1 X113.9621 Y-276.2193
G1 X113.7974 Y-276.2026
G1 X113.4794 Y-276.2050
G1 X112.6317 Y-276.2629
G1 X112.5350 Y-276.2607
G1 X112.4489 Y-276.2415
G1 X112.3772 Y-276.1956
G1 X112.3055 Y-276.0937
G1 X112.1361 Y-275.5833
G1 X112.0887 Y-275.3132
G1 X112.0906 Y-275.1830
G1 X112.1082 Y-275.0917
G1 X112.1424 Y-275.0082
G1 X112.1958 Y-274.9348
G1 X112.2709 Y-274.8738
G1 X112.3462 Y-274.8329
G1 X112.4566 Y-274.7902
G1 X112.6075 Y-274.7539
G1 X112.9032 Y-274.7288
G1 X113.2764 Y-274.7490
G1 X113.7315 Y-274.8195
G1 Z0.0000 F8000.0
G0 X119.1714 Y-277.7197 F15000.0
G1 Z11.9000 F8000.0
G1 X118.9842 Y-277.2754 F12000.0
G1 X118.6776 Y-276.3910
G1 X118.4479 Y-275.7873
G1 X118.3739 Y-275.5285
G1 X118.3461 Y-275.3347
G1 X118.3466 Y-275.2080
G1 X118.3666 Y-275.0836
G1 X118.4020 Y-274.9989
G1 X118.4755 Y-274.9089
G1 X118.5474 Y-274.8569
G1 X118.6610 Y-274.8056
G1 X118.7901 Y-274.7719
G1 X118.9646 Y-274.7498
G1 X119.2839 Y-274.7467
G1 X119.7696 Y-274.7759
G1 X119.8614 Y-274.7985
G1 X119.9466 Y-274.8373
G1 X120.0214 Y-274.8968
G1 X120.0766 Y-274.9639
G1 X120.1561 Y-275.0994
G1 X120.2225 Y-275.2553
G1 X120.3998 Y-275.8257
G1 X120.7219 Y-276.7848
G1 X120.9066 Y-277.2758
G1 X121.1018 Y-277.7197
G1 Z0.0000 F8000.0
G0 X124.3775 Y-274.8195 F15000.0
G1 Z11.9000 F8000.0
G1 X124.5539 Y-275.1552 F12000.0
G1 X124.7148 Y-275.5421
G1 X125.1913 Y-276.9422
G1 X125.3132 Y-277.3637
G1 X125.3644 Y-277.4904
G1 X125.4279 Y-277.5983
G1 X125.4856 Y-277.6606
G1 X125.5304 Y-277.6911
G1 X125.6732 Y-277.7279
G1 X126.0154 Y-277.7197
G1 X126.4590 Y-277.7317
G1 X126.6261 Y-277.7227
G1 X126.7533 Y-277.7018
G1 X126.8699 Y-277.6641
G1 X126.9712 Y-277.6058
G1 X127.0346 Y-277.5460
G1 X127.0850 Y-277.4705
G1 X127.1205 Y-277.3777
G1 X127.1411 Y-277.2407
G1 X127.1377 Y-277.1136
G1 X127.1174 Y-276.9889
G1 X127.0754 Y-276.8358
G1 X126.6659 Y-275.6109
G1 X126.4970 Y-275.1864
G1 X126.3078 Y-274.8195
G1 Z0.0000 F8000.0
G0 X128.1442 Y-276.0685 F15000.0
G1 Z11.9000 F8000.0
G1 X128.3557 Y-276.6602 F12000.0
G1 X128.4485 Y-276.8674
G1 X128.5392 Y-277.0352
G1 X128.6430 Y-277.1912
G1 X128.7622 Y-277.3329
G1 X128.8751 Y-277.4380
G1 X129.0021 Y-277.5298
G1 X129.1750 Y-277.6202
G1 X129.3726 Y-277.6865
G1 X129.5625 Y-277.7205
G1 X129.7596 Y-277.7265
G1 X129.9541 Y-277.6994
G1 X130.1027 Y-277.6466
G1 X130.2292 Y-277.5622
G1 X130.3080 Y-277.4694
G1 X130.3510 Y-277.3836
G1 X130.3781 Y-277.2831
G1 X130.3872 Y-277.1559
G1 X130.3730 Y-276.9991
G1 X130.3039 Y-276.7131
G1 X130.0634 Y-275.9939
G1 X129.9211 Y-275.6504
G1 X129.7588 Y-275.3583
G1 X129.6000 Y-275.1538
G1 X129.4101 Y-274.9875
G1 X129.2737 Y-274.9080
G1 X129.1222 Y-274.8505
G1 X128.9071 Y-274.8052
G1 X128.7111 Y-274.7798
G1 X128.5434 Y-274.7753
G1 X128.3802 Y-274.7937
G1 X128.2582 Y-274.8299
G1 X128.1482 Y-274.8894
G1 X128.0540 Y-274.9757
G1 X128.0008 Y-275.0545
G1 X127.9670 Y-275.1390
G1 X127.9467 Y-275.2605
G1 X127.9497 Y-275.3884
G1 X127.9775 Y-275.5517
G1 X128.1018 Y-275.9440
G1 X128.1442 Y-276.0685
G1 Z0.0000 F8000.0
G0 X130.9874 Y-274.7603 F15000.0
G1 Z11.9000 F8000.0
G1 X132.4580 Y-276.8911 F12000.0
G1 X133.0932 Y-277.6770
G1 X133.8209 Y-277.6408
G1 X133.8291 Y-277.2462
G1 X133.4085 Y-276.0624
G1 X132.9177 Y-274.8195
G1 Z0.0000 F8000.0
G0 X134.8126 Y-276.0685 F15000.0
G1 Z11.9000 F8000.0
G1 X135.0241 Y-276.6602 F12000.0
G1 X135.1169 Y-276.8674
G1 X135.2076 Y-277.0352
G1 X135.3113 Y-277.1912
G1 X135.4306 Y-277.3329
G1 X135.5435 Y-277.4380
G1 X135.6705 Y-277.5298
G1 X135.8434 Y-277.6202
G1 X136.0410 Y-277.6865
G1 X136.2310 Y-277.7205
G1 X136.4279 Y-277.7265
G1 X136.6225 Y-277.6994
G1 X136.7711 Y-277.6466
G1 X136.8975 Y-277.5622
G1 X136.9764 Y-277.4694
G1 X137.0195 Y-277.3836
G1 X137.0464 Y-277.2831
G1 X137.0556 Y-277.1559
G1 X137.0414 Y-276.9991
G1 X136.9723 Y-276.7131
G1 X136.7318 Y-275.9939
G1 X136.5895 Y-275.6504
G1 X136.4272 Y-275.3583
G1 X136.2684 Y-275.1538
G1 X136.0785 Y-274.9875
G1 X135.9421 Y-274.9080
G1 X135.7906 Y-274.8505
G1 X135.5756 Y-274.8052
G1 X135.3795 Y-274.7798
G1 X135.2118 Y-274.7753
G1 X135.0486 Y-274.7937
G1 X134.9266 Y-274.8299
G1 X134.8166 Y-274.8894
G1 X134.7224 Y-274.9757
G1 X134.6692 Y-275.0545
G1 X134.6354 Y-275.1390
G1 X134.6151 Y-275.2605
G1 X134.6180 Y-275.3884
G1 X134.6460 Y-275.5517
G1 X134.7702 Y-275.9440
G1 X134.8126 Y-276.0685
G1 Z0.0000 F8000.0
G0 X137.5973 Y-274.7603 F15000.0
G1 Z11.9000 F8000.0
G1 X138.4162 Y-275.5841 F12000.0
G1 X139.0012 Y-276.2400
G1 X139.4692 Y-276.2400
G1 X139.1375 Y-276.2959
G1 X139.0193 Y-276.5952
G1 X138.7672 Y-277.5422
G1 Z0.0000 F8000.0
G0 X140.1711 Y-277.7197 F15000.0
G1 Z11.9000 F8000.0
G1 X139.7423 Y-276.4192 F12000.0
G1 X139.5112 Y-276.1168
G1 X139.4417 Y-275.7665
G1 X139.1182 Y-274.8787
G1 Z0.0000 F8000.0
G0 X140.4636 Y-274.9378 F15000.0
G1 Z11.9000 F8000.0
G1 X140.1728 Y-276.2400 F12000.0
G1 X140.6390 Y-276.7744
G1 X141.6335 Y-277.7789
G1 Z0.0000 F8000.0
G0 X142.6864 Y-276.2992 F15000.0
G1 Z11.9000 F8000.0
G1 X142.6991 Y-276.5024 F12000.0
G1 X142.7309 Y-276.6983
G1 X142.7827 Y-276.8845
G1 X142.8417 Y-277.0304
G1 X142.9326 Y-277.1925
G1 X143.0253 Y-277.3148
G1 X143.1343 Y-277.4242
G1 X143.2601 Y-277.5193
G1 X143.4338 Y-277.6123
G1 X143.6168 Y-277.6760
G1 X143.8292 Y-277.7199
G1 X144.0644 Y-277.7386
G1 X144.2656 Y-277.7248
G1 X144.4210 Y-277.6861
G1 X144.5560 Y-277.6178
G1 X144.6430 Y-277.5388
G1 X144.7065 Y-277.4355
G1 X144.7419 Y-277.3054
G1 X144.7480 Y-277.1798
G1 X144.7309 Y-277.0166
G1 X144.6942 Y-276.8609
G1 X144.5928 Y-276.5599
G1 X144.5173 Y-276.4177
G1 X144.4348 Y-276.3288
G1 X144.3688 Y-276.2872
G1 X144.2646 Y-276.2461
G1 X144.1454 Y-276.2193
G1 X143.9806 Y-276.2026
G1 X143.6627 Y-276.2050
G1 X142.8149 Y-276.2629
G1 X142.7184 Y-276.2607
G1 X142.6321 Y-276.2414
G1 X142.5605 Y-276.1956
G1 X142.4888 Y-276.0937
G1 X142.3193 Y-275.5834
G1 X142.2719 Y-275.3132
G1 X142.2739 Y-275.1830
G1 X142.2915 Y-275.0917
G1 X142.3257 Y-275.0082
G1 X142.3791 Y-274.9348
G1 X142.4542 Y-274.8738
G1 X142.5295 Y-274.8329
G1 X142.6399 Y-274.7902
G1 X142.7908 Y-274.7539
G1 X143.0865 Y-274.7288
G1 X143.4597 Y-274.7490
G1 X143.9148 Y-274.8195
G1 Z0.0000 F8000.0
G0 X145.3186 Y-274.8195 F15000.0
G1 Z11.9000 F8000.0
G1 X146.4300 Y-277.7197 F12000.0
G1 Z0.0000 F8000.0
G0 X148.3604 Y-277.7197 F15000.0
G1 Z11.9000 F8000.0
G1 X147.9105 Y-276.5360 F12000.0
G1 X147.6877 Y-276.1217
G1 X147.2489 Y-274.8195
G1 Z0.0000 F8000.0
G0 X149.7642 Y-277.7197 F15000.0
G1 Z11.9000 F8000.0
G1 X149.5769 Y-277.2754 F12000.0
G1 X149.2704 Y-276.3910
G1 X149.0406 Y-275.7872
G1 X148.9666 Y-275.5284
G1 X148.9388 Y-275.3346
G1 X148.9393 Y-275.2080
G1 X148.9593 Y-275.0836
G1 X148.9948 Y-274.9989
G1 X149.0682 Y-274.9089
G1 X149.1401 Y-274.8569
G1 X149.2537 Y-274.8056
G1 X149.3828 Y-274.7719
G1 X149.5574 Y-274.7498
G1 X149.8766 Y-274.7467
G1 X150.3624 Y-274.7759
G1 X150.4542 Y-274.7985
G1 X150.5393 Y-274.8373
G1 X150.6141 Y-274.8968
G1 X150.6693 Y-274.9639
G1 X150.7488 Y-275.0994
G1 X150.8153 Y-275.2553
G1 X150.9926 Y-275.8257
G1 X151.3146 Y-276.7848
G1 X151.4994 Y-277.2758
G1 X151.6945 Y-277.7197
G1 Z0.0000 F8000.0
G0 X152.6890 Y-276.2992 F15000.0
G1 Z11.9000 F8000.0
G1 X152.7017 Y-276.5024 F12000.0
G1 X152.7336 Y-276.6983
G1 X152.7853 Y-276.8845
G1 X152.8443 Y-277.0304
G1 X152.9351 Y-277.1925
G1 X153.0280 Y-277.3148
G1 X153.1370 Y-277.4242
G1 X153.2626 Y-277.5193
G1 X153.4363 Y-277.6123
G1 X153.6194 Y-277.6760
G1 X153.8318 Y-277.7199
G1 X154.0670 Y-277.7386
G1 X154.2682 Y-277.7248
G1 X154.4237 Y-277.6861
G1 X154.5585 Y-277.6178
G1 X154.6456 Y-277.5388
G1 X154.7091 Y-277.4355
G1 X154.7444 Y-277.3054
G1 X154.7505 Y-277.1798
G1 X154.7336 Y-277.0166
G1 X154.6968 Y-276.8609
G1 X154.5955 Y-276.5599
G1 X154.5198 Y-276.4177
G1 X154.4373 Y-276.3288
G1 X154.3715 Y-276.2872
G1 X154.2672 Y-276.2461
G1 X154.1479 Y-276.2193
G1 X153.9832 Y-276.2026
G1 X153.6653 Y-276.2050
G1 X152.8176 Y-276.2629
G1 X152.7210 Y-276.2607
G1 X152.6348 Y-276.2414
G1 X152.5630 Y-276.1956
G1 X152.4915 Y-276.0937
G1 X152.3219 Y-275.5834
G1 X152.2745 Y-275.3132
G1 X152.2764 Y-275.1830
G1 X152.2941 Y-275.0917
G1 X152.3283 Y-275.0082
G1 X152.3817 Y-274.9348
G1 X152.4567 Y-274.8738
G1 X152.5321 Y-274.8329
G1 X152.6424 Y-274.7902
G1 X152.7934 Y-274.7539
G1 X153.0891 Y-274.7288
G1 X153.4623 Y-274.7490
G1 X153.9174 Y-274.8195
G1 Z0.0000 F8000.0
G0 X47.6324 Y-271.3865 F15000.0
G1 Z11.9000 F8000.0
G1 X46.9680 Y-271.3367 F12000.0
G1 X46.2934 Y-271.3323
G1 X46.1653 Y-271.3047
G1 X46.0953 Y-271.2484
G1 X46.0712 Y-271.1981
G1 X46.0608 Y-271.1395
G1 X46.0794 Y-270.9734
G1 X46.1323 Y-270.8124
G1 X46.3161 Y-270.3873
G1 X46.4026 Y-270.2135
G1 X46.4820 Y-270.0892
G1 X46.7282 Y-269.8339
G1 X46.7884 Y-269.7583
G1 X46.8500 Y-269.6404
G1 X46.8812 Y-269.5189
G1 X46.8854 Y-269.3307
G1 X46.8521 Y-269.1413
G1 X46.5428 Y-268.1995
G1 X46.3828 Y-267.8007
G1 X46.2251 Y-267.5186
G1 X46.0465 Y-267.2970
G1 X45.9534 Y-267.2111
G1 X45.8374 Y-267.1270
G1 X45.6828 Y-267.0545
G1 X45.5241 Y-267.0037
G1 X45.3480 Y-266.9657
G1 X45.1641 Y-266.9439
G1 X44.9814 Y-266.9426
G1 X44.8426 Y-266.9584
G1 X44.7152 Y-266.9916
G1 X44.6041 Y-267.0440
G1 X44.4955 Y-267.1393
G1 X44.4500 Y-267.2139
G1 X44.4291 Y-267.2713
G1 X44.4069 Y-267.4580
G1 X44.4299 Y-267.6830
G1 X44.5107 Y-267.9743
G1 X44.7067 Y-268.4860
G1 X44.8792 Y-268.9962
G1 X44.9615 Y-269.2015
G1 X45.0493 Y-269.3733
G1 X45.1236 Y-269.4798
G1 X45.2309 Y-269.5944
G1 X45.3527 Y-269.6898
G1 X45.4871 Y-269.7673
G1 X45.6325 Y-269.8284
G1 X45.7872 Y-269.8745
G1 X46.2380 Y-269.9573
G1 X46.3471 Y-270.0043
G1 X46.4625 Y-270.0843
G1 Z0.0000 F8000.0
G0 X47.4569 Y-266.9474 F15000.0
G1 Z11.9000 F8000.0
G1 X48.9274 Y-269.0781 F12000.0
G1 X49.5628 Y-269.8640
G1 X50.2906 Y-269.8279
G1 X50.2987 Y-269.4333
G1 X49.8780 Y-268.2494
G1 X49.3872 Y-267.0065
G1 Z0.0000 F8000.0
G0 X51.9025 Y-269.9068 F15000.0
G1 Z11.9000 F8000.0
G1 X51.7151 Y-269.4624 F12000.0
G1 X51.4086 Y-268.5780
G1 X51.1791 Y-267.9743
G1 X51.1050 Y-267.7155
G1 X51.0773 Y-267.5217
G1 X51.0776 Y-267.3951
G1 X51.0977 Y-267.2706
G1 X51.1331 Y-267.1860
G1 X51.2066 Y-267.0959
G1 X51.2783 Y-267.0440
G1 X51.3920 Y-266.9927
G1 X51.5211 Y-266.9590
G1 X51.6957 Y-266.9368
G1 X52.0150 Y-266.9337
G1 X52.5005 Y-266.9629
G1 X52.5924 Y-266.9855
G1 X52.6775 Y-267.0243
G1 X52.7523 Y-267.0838
G1 X52.8074 Y-267.1509
G1 X52.8870 Y-267.2864
G1 X52.9534 Y-267.4424
G1 X53.1221 Y-267.9859
G1 X53.4749 Y-269.0339
G1 X53.6622 Y-269.5230
G1 X53.8328 Y-269.9068
G1 Z0.0000 F8000.0
G0 X55.9387 Y-268.4271 F15000.0
G1 Z11.9000 F8000.0
G1 X55.6072 Y-268.4830 F12000.0
G1 X55.4886 Y-268.7822
G1 X55.2368 Y-269.7292
G1 Z0.0000 F8000.0
G0 X56.6406 Y-269.9068 F15000.0
G1 Z11.9000 F8000.0
G1 X56.2116 Y-268.6063 F12000.0
G1 X55.9809 Y-268.3038
G1 X55.9110 Y-267.9536
G1 X55.5877 Y-267.0657
G1 Z0.0000 F8000.0
G0 X56.9331 Y-267.1249 F15000.0
G1 Z11.9000 F8000.0
G1 X56.6422 Y-268.4271 F12000.0
G1 X57.1086 Y-268.9614
G1 X58.1030 Y-269.9659
G1 Z0.0000 F8000.0
G0 X61.1747 Y-269.0575 F15000.0
G1 Z11.9000 F8000.0
G1 X60.9953 Y-268.5991 F12000.0
G1 X60.8329 Y-268.1406
G1 X60.7503 Y-267.8647
G1 X60.6983 Y-267.6043
G1 X60.6602 Y-267.4774
G1 X60.5989 Y-267.3682
G1 X60.5167 Y-267.2887
G1 X60.3154 Y-267.1652
G1 X60.0575 Y-267.0604
G1 X59.8035 Y-266.9977
G1 X59.5133 Y-266.9534
G1 X59.2766 Y-266.9482
G1 X59.0843 Y-266.9798
G1 X58.9419 Y-267.0404
G1 X58.8244 Y-267.1397
G1 X58.7762 Y-267.2152
G1 X58.7473 Y-267.3016
G1 X58.7343 Y-267.4290
G1 X58.7441 Y-267.5650
G1 X58.8068 Y-267.8380
G1 X59.0427 Y-268.5727
G1 X59.1799 Y-268.9452
G1 X59.3216 Y-269.2345
G1 X59.4806 Y-269.4663
G1 X59.6539 Y-269.6411
G1 X59.7803 Y-269.7322
G1 X59.9224 Y-269.8073
G1 X60.0483 Y-269.8546
G1 X60.2107 Y-269.8942
G1 X60.3662 Y-269.9124
G1 X60.5578 Y-269.9177
G1 X61.0924 Y-269.9061
G1 X61.1857 Y-269.8926
G1 X61.2658 Y-269.8508
G1 X61.3030 Y-269.8052
G1 X61.3336 Y-269.7274
G1 X61.3429 Y-269.6372
G1 X61.3125 Y-269.4334
G1 X61.2014 Y-269.1204
G1 X61.1747 Y-269.0575
G1 Z0.0000 F8000.0
G0 X62.8995 Y-269.9068 F15000.0
G1 Z11.9000 F8000.0
G1 X62.7122 Y-269.4624 F12000.0
G1 X62.4056 Y-268.5780
G1 X62.1760 Y-267.9743
G1 X62.1019 Y-267.7155
G1 X62.0741 Y-267.5217
G1 X62.0746 Y-267.3951
G1 X62.0947 Y-267.2706
G1 X62.1301 Y-267.1860
G1 X62.2036 Y-267.0959
G1 X62.2754 Y-267.0440
G1 X62.3891 Y-266.9927
G1 X62.5181 Y-266.9590
G1 X62.6927 Y-266.9368
G1 X63.0120 Y-266.9337
G1 X63.4976 Y-266.9629
G1 X63.5894 Y-266.9856
G1 X63.6746 Y-267.0243
G1 X63.7495 Y-267.0838
G1 X63.8046 Y-267.1509
G1 X63.8841 Y-267.2864
G1 X63.9507 Y-267.4424
G1 X64.1279 Y-268.0127
G1 X64.4500 Y-268.9719
G1 X64.6346 Y-269.4628
G1 X64.8299 Y-269.9068
G1 Z0.0000 F8000.0
G0 X66.2337 Y-269.9068 F15000.0
G1 Z11.9000 F8000.0
G1 X65.5511 Y-268.0719 F12000.0
G1 X65.4341 Y-267.2449
G1 X65.9413 Y-266.9523
G1 X67.4036 Y-266.9474
G1 X67.9839 Y-267.0361
G1 X68.3788 Y-267.8944
G1 X69.1585 Y-269.9659
G1 Z0.0000 F8000.0
G0 X67.6961 Y-269.9068 F15000.0
G1 Z11.9000 F8000.0
G1 X67.0883 Y-268.3087 F12000.0
G1 X66.7017 Y-267.0065
G1 Z0.0000 F8000.0
G0 X70.4454 Y-269.9068 F15000.0
G1 Z11.9000 F8000.0
G1 X70.2580 Y-269.4624 F12000.0
G1 X69.9515 Y-268.5780
G1 X69.7218 Y-267.9743
G1 X69.6477 Y-267.7155
G1 X69.6199 Y-267.5217
G1 X69.6204 Y-267.3951
G1 X69.6404 Y-267.2706
G1 X69.6758 Y-267.1860
G1 X69.7494 Y-267.0959
G1 X69.8212 Y-267.0440
G1 X69.9349 Y-266.9927
G1 X70.0639 Y-266.9590
G1 X70.2386 Y-266.9368
G1 X70.5578 Y-266.9337
G1 X71.0435 Y-266.9629
G1 X71.1353 Y-266.9856
G1 X71.2204 Y-267.0243
G1 X71.2953 Y-267.0838
G1 X71.3504 Y-267.1509
G1 X71.4299 Y-267.2864
G1 X71.4965 Y-267.4424
G1 X71.6738 Y-268.0127
G1 X71.9958 Y-268.9719
G1 X72.1805 Y-269.4628
G1 X72.3757 Y-269.9068
G1 Z0.0000 F8000.0
G0 X72.6682 Y-266.9474 F15000.0
G1 Z11.9000 F8000.0
G1 X75.7099 Y-269.9659 F12000.0
G1 Z0.0000 F8000.0
G0 X73.7795 Y-269.8476 F15000.0
G1 Z11.9000 F8000.0
G1 X74.1891 Y-268.6046 F12000.0
G1 X74.1891 Y-268.3087
G1 X74.5985 Y-267.1249
G1 Z0.0000 F8000.0
G0 X76.0023 Y-267.0065 F15000.0
G1 Z11.9000 F8000.0
G1 X76.7985 Y-269.0781 F12000.0
G1 X77.1319 Y-269.8640
G1 X77.7572 Y-269.9068
G1 X79.2781 Y-269.9019
G1 X79.7121 Y-269.5516
G1 X79.5349 Y-268.6638
G1 X78.9271 Y-267.0065
G1 Z0.0000 F8000.0
G0 X77.5232 Y-267.0657 F15000.0
G1 Z11.9000 F8000.0
G1 X78.1100 Y-268.7229 F12000.0
G1 X78.4006 Y-269.8476
G1 Z0.0000 F8000.0
G0 X80.7050 Y-268.2556 F15000.0
G1 Z11.9000 F8000.0
G1 X80.9165 Y-268.8473 F12000.0
G1 X81.0092 Y-269.0544
G1 X81.1000 Y-269.2223
G1 X81.2038 Y-269.3783
G1 X81.3229 Y-269.5199
G1 X81.4360 Y-269.6250
G1 X81.5629 Y-269.7168
G1 X81.7357 Y-269.8073
G1 X81.9333 Y-269.8735
G1 X82.1233 Y-269.9076
G1 X82.3203 Y-269.9136
G1 X82.5148 Y-269.8864
G1 X82.6635 Y-269.8336
G1 X82.7899 Y-269.7492
G1 X82.8688 Y-269.6564
G1 X82.9118 Y-269.5706
G1 X82.9389 Y-269.4702
G1 X82.9480 Y-269.3429
G1 X82.9338 Y-269.1861
G1 X82.8648 Y-268.9002
G1 X82.6241 Y-268.1809
G1 X82.4819 Y-267.8374
G1 X82.3196 Y-267.5454
G1 X82.1607 Y-267.3409
G1 X81.9709 Y-267.1745
G1 X81.8345 Y-267.0950
G1 X81.6829 Y-267.0375
G1 X81.4679 Y-266.9922
G1 X81.2718 Y-266.9668
G1 X81.1041 Y-266.9623
G1 X80.9410 Y-266.9808
G1 X80.8190 Y-267.0170
G1 X80.7089 Y-267.0765
G1 X80.6148 Y-267.1628
G1 X80.5615 Y-267.2415
G1 X80.5278 Y-267.3260
G1 X80.5074 Y-267.4475
G1 X80.5104 Y-267.5754
G1 X80.5383 Y-267.7387
G1 X80.6627 Y-268.1311
G1 X80.7050 Y-268.2556
G1 Z0.0000 F8000.0
G0 X84.6596 Y-269.9068 F15000.0
G1 Z11.9000 F8000.0
G1 X84.4572 Y-269.4388 F12000.0
G1 X84.4022 Y-269.2644
G1 X84.3644 Y-269.0891
G1 X84.3516 Y-268.9204
G1 X84.3646 Y-268.7948
G1 X84.4023 Y-268.6817
G1 X84.4689 Y-268.5849
G1 X84.5552 Y-268.5146
G1 X84.6563 Y-268.4640
G1 X84.7714 Y-268.4283
G1 X84.9306 Y-268.4013
G1 X85.2776 Y-268.3909
G1 X85.9465 Y-268.4271
G1 X85.4785 Y-267.0065
G1 Z0.0000 F8000.0
G0 X85.9465 Y-268.4271 F15000.0
G1 Z11.9000 F8000.0
G1 X86.5899 Y-269.9068 F12000.0
G1 Z0.0000 F8000.0
G0 X87.5843 Y-268.4862 F15000.0
G1 Z11.9000 F8000.0
G1 X87.5971 Y-268.6894 F12000.0
G1 X87.6289 Y-268.8853
G1 X87.6807 Y-269.0715
G1 X87.7397 Y-269.2175
G1 X87.8305 Y-269.3795
G1 X87.9233 Y-269.5019
G1 X88.0323 Y-269.6113
G1 X88.1580 Y-269.7064
G1 X88.3317 Y-269.7994
G1 X88.5147 Y-269.8631
G1 X88.7269 Y-269.9070
G1 X88.9620 Y-269.9256
G1 X89.1633 Y-269.9118
G1 X89.3189 Y-269.8731
G1 X89.4538 Y-269.8049
G1 X89.5409 Y-269.7258
G1 X89.6044 Y-269.6225
G1 X89.6398 Y-269.4924
G1 X89.6459 Y-269.3667
G1 X89.6290 Y-269.2037
G1 X89.5921 Y-269.0479
G1 X89.4908 Y-268.7470
G1 X89.4152 Y-268.6048
G1 X89.3327 Y-268.5159
G1 X89.2668 Y-268.4742
G1 X89.1626 Y-268.4331
G1 X89.0433 Y-268.4064
G1 X88.8786 Y-268.3897
G1 X88.5606 Y-268.3921
G1 X87.7130 Y-268.4499
G1 X87.6163 Y-268.4477
G1 X87.5302 Y-268.4285
G1 X87.4584 Y-268.3825
G1 X87.3868 Y-268.2807
G1 X87.2173 Y-267.7704
G1 X87.1699 Y-267.5002
G1 X87.1718 Y-267.3700
G1 X87.1895 Y-267.2787
G1 X87.2236 Y-267.1952
G1 X87.2770 Y-267.1219
G1 X87.3521 Y-267.0608
G1 X87.4274 Y-267.0199
G1 X87.5378 Y-266.9772
G1 X87.6888 Y-266.9410
G1 X87.9845 Y-266.9158
G1 X88.3576 Y-266.9360
G1 X88.8127 Y-267.0065
G1 Z0.0000 F8000.0
G0 X90.1581 Y-267.0065 F15000.0
G1 Z11.9000 F8000.0
G1 X90.7430 Y-268.2494 F12000.0
G1 Z0.0000 F8000.0
G0 X91.6205 Y-268.5454 F15000.0
G1 Z11.9000 F8000.0
G1 X90.8015 Y-268.3087 F12000.0
G1 X91.2695 Y-269.9068
G1 Z0.0000 F8000.0
G0 X93.2583 Y-269.9659 F15000.0
G1 Z11.9000 F8000.0
G1 X92.2054 Y-269.1603 F12000.0
G1 X91.7439 Y-268.6638
G1 X92.0884 Y-267.0657
G1 Z0.0000 F8000.0
G0 X96.4755 Y-267.0065 F15000.0
G1 Z11.9000 F8000.0
G1 X96.5912 Y-267.2288 F12000.0
G1 X96.6887 Y-267.4682
G1 X96.9918 Y-268.4287
G1 X97.1473 Y-268.8273
G1 X97.2505 Y-269.0254
G1 X97.3537 Y-269.1827
G1 X97.4731 Y-269.3260
G1 X97.5869 Y-269.4333
G1 X97.5869 Y-269.6701
G1 X97.6026 Y-269.5655
G1 X97.6316 Y-269.4749
G1 X97.8351 Y-269.0880
G1 X97.9353 Y-268.7272
G1 X97.9962 Y-268.5664
G1 X98.0833 Y-268.4461
G1 X98.1280 Y-268.4155
G1 X98.1852 Y-268.3971
G1 X98.2437 Y-268.3965
G1 X98.3026 Y-268.4107
G1 X98.4436 Y-268.4892
G1 X98.9386 Y-268.9331
G1 X99.1581 Y-269.0921
G1 X99.3509 Y-269.1885
G1 X99.5757 Y-269.2557
G1 Z0.0000 F8000.0
G0 X100.0437 Y-269.9659 F15000.0
G1 Z11.9000 F8000.0
G1 X99.6406 Y-269.3149 F12000.0
G1 X99.5483 Y-268.7229
G1 X98.8738 Y-267.0065
G1 Z0.0000 F8000.0
G0 X100.9796 Y-268.4862 F15000.0
G1 Z11.9000 F8000.0
G1 X100.9923 Y-268.6894 F12000.0
G1 X101.0242 Y-268.8853
G1 X101.0759 Y-269.0715
G1 X101.1350 Y-269.2175
G1 X101.2257 Y-269.3795
G1 X101.3186 Y-269.5019
G1 X101.4276 Y-269.6113
G1 X101.5533 Y-269.7064
G1 X101.7270 Y-269.7994
G1 X101.9100 Y-269.8631
G1 X102.1222 Y-269.9070
G1 X102.3574 Y-269.9256
G1 X102.5586 Y-269.9118
G1 X102.7142 Y-269.8731
G1 X102.8491 Y-269.8049
G1 X102.9362 Y-269.7258
G1 X102.9997 Y-269.6225
G1 X103.0351 Y-269.4924
G1 X103.0412 Y-269.3667
G1 X103.0242 Y-269.2037
G1 X102.9875 Y-269.0479
G1 X102.8861 Y-268.7470
G1 X102.8105 Y-268.6048
G1 X102.7280 Y-268.5159
G1 X102.6621 Y-268.4742
G1 X102.5579 Y-268.4331
G1 X102.4386 Y-268.4064
G1 X102.2739 Y-268.3897
G1 X101.9560 Y-268.3921
G1 X101.1082 Y-268.4499
G1 X101.0116 Y-268.4477
G1 X100.9254 Y-268.4285
G1 X100.8537 Y-268.3825
G1 X100.7821 Y-268.2807
G1 X100.6125 Y-267.7704
G1 X100.5652 Y-267.5003
G1 X100.5671 Y-267.3700
G1 X100.5847 Y-267.2787
G1 X100.6190 Y-267.1952
G1 X100.6724 Y-267.1219
G1 X100.7474 Y-267.0608
G1 X100.8227 Y-267.0199
G1 X100.9330 Y-266.9772
G1 X101.0840 Y-266.9410
G1 X101.3797 Y-266.9158
G1 X101.7530 Y-266.9360
G1 X102.2080 Y-267.0065
G1 Z0.0000 F8000.0
G0 X103.5534 Y-266.9474 F15000.0
G1 Z11.9000 F8000.0
G1 X104.3723 Y-267.7710 F12000.0
G1 X104.9572 Y-268.4271
G1 X105.4252 Y-268.4271
G1 X105.0935 Y-268.4830
G1 X104.9754 Y-268.7822
G1 X104.7233 Y-269.7292
G1 Z0.0000 F8000.0
G0 X106.1272 Y-269.9068 F15000.0
G1 Z11.9000 F8000.0
G1 X105.6984 Y-268.6063 F12000.0
G1 X105.4673 Y-268.3038
G1 X105.3977 Y-267.9536
G1 X105.0743 Y-267.0657
G1 Z0.0000 F8000.0
G0 X106.4196 Y-267.1249 F15000.0
G1 Z11.9000 F8000.0
G1 X106.1289 Y-268.4271 F12000.0
G1 X106.5951 Y-268.9614
G1 X107.5896 Y-269.9659
G1 Z0.0000 F8000.0
G0 X109.9878 Y-271.3273 F15000.0
G1 Z11.9000 F8000.0
G1 X110.6384 Y-271.3585 F12000.0
G1 X110.8128 Y-271.3488
G1 X110.9720 Y-271.3192
G1 X111.1061 Y-271.2628
G1 X111.1887 Y-271.1941
G1 X111.2547 Y-271.0889
G1 X111.2932 Y-270.9380
G1 X111.2883 Y-270.7395
G1 X111.2240 Y-270.4689
G1 X110.9008 Y-269.6313
G1 X110.5532 Y-268.6180
G1 X110.3410 Y-268.0379
G1 X110.1906 Y-267.6848
G1 X110.1139 Y-267.5462
G1 X110.0241 Y-267.4152
G1 X109.8510 Y-267.2309
G1 X109.7610 Y-267.1648
G1 X109.6276 Y-267.0909
G1 X109.4444 Y-267.0180
G1 X109.2791 Y-266.9731
G1 X109.0743 Y-266.9415
G1 X108.9046 Y-266.9364
G1 X108.7421 Y-266.9530
G1 X108.6210 Y-266.9836
G1 X108.4855 Y-267.0450
G1 X108.3929 Y-267.1153
G1 X108.3135 Y-267.2339
G1 X108.2785 Y-267.3781
G1 X108.2833 Y-267.5742
G1 X108.3255 Y-267.7832
G1 X108.3909 Y-267.9919
G1 X108.5721 Y-268.4564
G1 X108.8062 Y-269.1389
G1 X108.9228 Y-269.3711
G1 X109.0566 Y-269.5500
G1 X109.2076 Y-269.6773
G1 X109.4277 Y-269.7948
G1 X109.6831 Y-269.8809
G1 X109.9585 Y-269.9335
G1 X110.2381 Y-269.9509
G1 X110.5063 Y-269.9313
G1 X110.7473 Y-269.8728
G1 X110.9237 Y-269.7884
G1 Z0.0000 F8000.0
G0 X112.3861 Y-269.9068 F15000.0
G1 Z11.9000 F8000.0
G1 X112.2276 Y-269.5583 F12000.0
G1 X112.0791 Y-269.1954
G1 X111.9303 Y-268.7927
G1 X111.7756 Y-268.3248
G1 X111.5847 Y-267.6462
G1 X111.5603 Y-267.4744
G1 X111.5683 Y-267.3086
G1 X111.6096 Y-267.1909
G1 X111.7044 Y-267.0818
G1 X111.8258 Y-267.0078
G1 X112.0011 Y-266.9509
G1 X112.1991 Y-266.9219
G1 X112.4095 Y-266.9139
G1 X113.1465 Y-266.9474
G1 X113.0474 Y-266.4458
G1 X113.0024 Y-266.3267
G1 X112.9167 Y-266.1553
G1 X112.7539 Y-265.9130
G1 X112.5736 Y-265.7291
G1 X112.4706 Y-265.6538
G1 X112.3588 Y-265.5922
G1 X112.1558 Y-265.5259
G1 X111.9083 Y-265.4969
G1 X111.6782 Y-265.4962
G1 X111.0408 Y-265.5267
G1 Z0.0000 F8000.0
G0 X113.1465 Y-266.9474 F15000.0
G1 Z11.9000 F8000.0
G1 X113.6338 Y-268.0719 F12000.0
G1 X114.3164 Y-269.9068
G1 Z0.0000 F8000.0
G0 X119.5810 Y-271.3273 F15000.0
G1 Z11.9000 F8000.0
G1 X120.2315 Y-271.3585 F12000.0
G1 X120.4059 Y-271.3488
G1 X120.5651 Y-271.3192
G1 X120.6993 Y-271.2628
G1 X120.7819 Y-271.1941
G1 X120.8478 Y-271.0889
G1 X120.8863 Y-270.9380
G1 X120.8814 Y-270.7395
G1 X120.8172 Y-270.4689
G1 X120.4939 Y-269.6313
G1 X120.1463 Y-268.6180
G1 X119.9341 Y-268.0379
G1 X119.7837 Y-267.6848
G1 X119.7070 Y-267.5462
G1 X119.6172 Y-267.4152
G1 X119.4441 Y-267.2309
G1 X119.3541 Y-267.1648
G1 X119.2208 Y-267.0909
G1 X119.0376 Y-267.0180
G1 X118.8723 Y-266.9731
G1 X118.6674 Y-266.9415
G1 X118.4978 Y-266.9364
G1 X118.3353 Y-266.9530
G1 X118.2142 Y-266.9836
G1 X118.0787 Y-267.0450
G1 X117.9861 Y-267.1153
G1 X117.9067 Y-267.2339
G1 X117.8716 Y-267.3781
G1 X117.8764 Y-267.5742
G1 X117.9187 Y-267.7832
G1 X117.9841 Y-267.9919
G1 X118.1652 Y-268.4564
G1 X118.3993 Y-269.1389
G1 X118.5159 Y-269.3711
G1 X118.6497 Y-269.5500
G1 X118.8008 Y-269.6773
G1 X119.0207 Y-269.7948
G1 X119.2763 Y-269.8809
G1 X119.5517 Y-269.9335
G1 X119.8313 Y-269.9509
G1 X120.0994 Y-269.9313
G1 X120.3404 Y-269.8728
G1 X120.5169 Y-269.7884
G1 Z0.0000 F8000.0
G0 X122.0963 Y-269.8476 F15000.0
G1 Z11.9000 F8000.0
G1 X122.1422 Y-270.2193 F12000.0
G1 X122.1886 Y-270.4191
G1 X122.2404 Y-270.5842
G1 X122.3652 Y-270.8616
G1 X122.4535 Y-270.9959
G1 X122.5342 Y-271.0889
G1 X122.6466 Y-271.1814
G1 X122.7514 Y-271.2377
G1 X122.9084 Y-271.2927
G1 X123.0446 Y-271.3196
G1 X123.1811 Y-271.3269
G1 X123.3095 Y-271.3108
G1 X123.4213 Y-271.2670
G1 X123.4893 Y-271.2138
G1 X123.5397 Y-271.1411
G1 X123.5690 Y-271.0473
G1 X123.5723 Y-270.9199
G1 X123.5430 Y-270.7767
G1 X123.4855 Y-270.6224
G1 X123.4049 Y-270.4654
G1 X123.3064 Y-270.3137
G1 X123.1948 Y-270.1756
G1 X123.0265 Y-270.0208
G1 X122.8805 Y-269.9394
G1 X122.7391 Y-269.9068
G1 X122.3053 Y-269.8599
G1 X122.1819 Y-269.8288
G1 X122.1001 Y-269.7926
G1 X122.0109 Y-269.7240
G1 X121.9351 Y-269.6371
G1 X121.8520 Y-269.5064
G1 X121.7803 Y-269.3568
G1 X121.6729 Y-269.0585
G1 X121.4922 Y-268.4462
G1 X121.2869 Y-267.8929
G1 X121.2330 Y-267.6846
G1 X121.2099 Y-267.5138
G1 X121.2116 Y-267.3846
G1 X121.2276 Y-267.2947
G1 X121.2581 Y-267.2126
G1 X121.3050 Y-267.1400
G1 X121.3700 Y-267.0785
G1 X121.4531 Y-267.0289
G1 X121.5410 Y-266.9930
G1 X121.6615 Y-266.9645
G1 X121.7846 Y-266.9546
G1 X121.9093 Y-266.9590
G1 X122.3188 Y-267.0125
G1 X122.4740 Y-267.0457
G1 X122.5928 Y-267.0972
G1 X122.7516 Y-267.2038
G1 X122.9105 Y-267.3588
G1 X123.0621 Y-267.5681
G1 X123.1874 Y-267.8018
G1 X123.3269 Y-268.1440
G1 X123.6518 Y-269.0808
G1 X123.7027 Y-269.2789
G1 X123.7171 Y-269.4688
G1 X123.7043 Y-269.5563
G1 X123.6729 Y-269.6410
G1 X123.6387 Y-269.6953
G1 X123.5736 Y-269.7638
G1 X123.4389 Y-269.8525
G1 X123.0906 Y-270.0251
G1 Z0.0000 F8000.0
G0 X125.3134 Y-269.9068 F15000.0
G1 Z11.9000 F8000.0
G1 X125.1549 Y-269.5583 F12000.0
G1 X125.0064 Y-269.1954
G1 X124.8577 Y-268.7926
G1 X124.7030 Y-268.3248
G1 X124.5121 Y-267.6462
G1 X124.4877 Y-267.4744
G1 X124.4956 Y-267.3086
G1 X124.5370 Y-267.1909
G1 X124.6318 Y-267.0818
G1 X124.7532 Y-267.0078
G1 X124.9284 Y-266.9509
G1 X125.1264 Y-266.9219
G1 X125.3368 Y-266.9139
G1 X126.0738 Y-266.9474
G1 X125.9747 Y-266.4458
G1 X125.9297 Y-266.3267
G1 X125.8441 Y-266.1553
G1 X125.6813 Y-265.9129
G1 X125.5010 Y-265.7291
G1 X125.3979 Y-265.6538
G1 X125.2861 Y-265.5922
G1 X125.0832 Y-265.5259
G1 X124.8356 Y-265.4969
G1 X124.6055 Y-265.4962
G1 X123.9681 Y-265.5267
G1 Z0.0000 F8000.0
G0 X126.0738 Y-266.9474 F15000.0
G1 Z11.9000 F8000.0
G1 X126.5611 Y-268.0719 F12000.0
G1 X127.2438 Y-269.9068
G1 Z0.0000 F8000.0
G0 X128.6476 Y-269.4333 F15000.0
G1 Z11.9000 F8000.0
G1 X128.5339 Y-269.3260 F12000.0
G1 X128.4144 Y-269.1827
G1 X128.3112 Y-269.0254
G1 X128.2080 Y-268.8273
G1 X128.0525 Y-268.4287
G1 X127.7494 Y-267.4682
G1 X127.6520 Y-267.2288
G1 X127.5362 Y-267.0065
G1 Z0.0000 F8000.0
G0 X128.6476 Y-269.6701 F15000.0
G1 Z11.9000 F8000.0
G1 X128.6633 Y-269.5655 F12000.0
G1 X128.6923 Y-269.4749
G1 X128.8957 Y-269.0880
G1 X128.9960 Y-268.7272
G1 X129.0570 Y-268.5664
G1 X129.1439 Y-268.4461
G1 X129.1887 Y-268.4155
G1 X129.2459 Y-268.3970
G1 X129.3045 Y-268.3965
G1 X129.3633 Y-268.4107
G1 X129.5043 Y-268.4891
G1 X129.9994 Y-268.9331
G1 X130.2188 Y-269.0921
G1 X130.4116 Y-269.1885
G1 X130.6365 Y-269.2557
G1 Z0.0000 F8000.0
G0 X131.1044 Y-269.9659 F15000.0
G1 Z11.9000 F8000.0
G1 X130.7242 Y-269.3741 F12000.0
G1 X130.6090 Y-268.7229
G1 X129.9345 Y-267.0065
G1 Z0.0000 F8000.0
G0 X131.3969 Y-266.9474 F15000.0
G1 Z11.9000 F8000.0
G1 X132.6253 Y-268.3679 F12000.0
G1 Z0.0000 F8000.0
G0 X133.7952 Y-268.4271 F15000.0
G1 Z11.9000 F8000.0
G1 X132.9762 Y-268.4271 F12000.0
G1 X132.6614 Y-268.4169
G1 X132.5118 Y-268.4419
G1 X132.3665 Y-268.5164
G1 X132.3000 Y-268.5821
G1 X132.2408 Y-268.6888
G1 X132.2115 Y-268.8116
G1 X132.2084 Y-268.9446
G1 X132.2279 Y-269.0817
G1 X132.2779 Y-269.2497
G1 X132.3340 Y-269.3739
G1 X132.4180 Y-269.5064
G1 X132.5512 Y-269.6425
G1 X132.7086 Y-269.7491
G1 X132.9075 Y-269.8323
G1 X133.1188 Y-269.8800
G1 X133.3699 Y-269.9032
G1 X133.8502 Y-269.9223
G1 X133.9977 Y-269.9184
G1 X134.1580 Y-269.8797
G1 X134.2270 Y-269.8295
G1 X134.2566 Y-269.7818
G1 X134.2759 Y-269.6945
G1 X134.2732 Y-269.5970
G1 X134.2476 Y-269.4635
G1 X134.1952 Y-269.2853
G1 X134.1132 Y-269.0779
G1 X133.8953 Y-268.6335
G1 X133.8065 Y-268.4264
G1 X133.7529 Y-268.2492
G1 X133.6684 Y-267.8440
G1 X133.5944 Y-267.5946
G1 X133.4759 Y-267.2921
G1 X133.3272 Y-267.0065
G1 Z0.0000 F8000.0
G0 X46.0530 Y-259.1344 F15000.0
G1 Z11.9000 F8000.0
G1 X46.2421 Y-259.5014 F12000.0
G1 X46.4111 Y-259.9257
G1 X46.8205 Y-261.1507
G1 X46.8624 Y-261.3038
G1 X46.8827 Y-261.4285
G1 X46.8861 Y-261.5557
G1 X46.8656 Y-261.6926
G1 X46.8301 Y-261.7855
G1 X46.7797 Y-261.8610
G1 X46.7164 Y-261.9208
G1 X46.6150 Y-261.9791
G1 X46.4985 Y-262.0167
G1 X46.3713 Y-262.0376
G1 X46.2042 Y-262.0466
G1 X45.7606 Y-262.0346
G1 X45.4183 Y-262.0428
G1 X45.2754 Y-262.0060
G1 X45.2306 Y-261.9755
G1 X45.1730 Y-261.9131
G1 X45.1095 Y-261.8053
G1 X45.0582 Y-261.6785
G1 X44.9366 Y-261.2571
G1 X44.4600 Y-259.8570
G1 X44.2992 Y-259.4702
G1 X44.1227 Y-259.1344
G1 Z0.0000 F8000.0
G0 X50.1775 Y-261.1854 F15000.0
G1 Z11.9000 F8000.0
G1 X49.9981 Y-260.7270 F12000.0
G1 X49.8357 Y-260.2685
G1 X49.7609 Y-260.0221
G1 X49.7014 Y-259.7321
G1 X49.6633 Y-259.6052
G1 X49.6017 Y-259.4961
G1 X49.5196 Y-259.4165
G1 X49.3184 Y-259.2930
G1 X49.0606 Y-259.1882
G1 X48.8065 Y-259.1254
G1 X48.5163 Y-259.0813
G1 X48.2796 Y-259.0761
G1 X48.0873 Y-259.1076
G1 X47.9450 Y-259.1683
G1 X47.8273 Y-259.2676
G1 X47.7792 Y-259.3431
G1 X47.7504 Y-259.4294
G1 X47.7373 Y-259.5569
G1 X47.7472 Y-259.6928
G1 X47.8098 Y-259.9659
G1 X48.0456 Y-260.7006
G1 X48.1829 Y-261.0731
G1 X48.3246 Y-261.3624
G1 X48.4836 Y-261.5942
G1 X48.6569 Y-261.7690
G1 X48.7834 Y-261.8601
G1 X48.9254 Y-261.9351
G1 X49.0513 Y-261.9824
G1 X49.2137 Y-262.0220
G1 X49.3691 Y-262.0403
G1 X49.5607 Y-262.0455
G1 X50.0955 Y-262.0340
G1 X50.1889 Y-262.0204
G1 X50.2691 Y-261.9786
G1 X50.3062 Y-261.9331
G1 X50.3366 Y-261.8552
G1 X50.3458 Y-261.7650
G1 X50.3155 Y-261.5612
G1 X50.2042 Y-261.2482
G1 X50.1775 Y-261.1854
G1 Z0.0000 F8000.0
G0 X50.9666 Y-259.1344 F15000.0
G1 Z11.9000 F8000.0
G1 X50.9760 Y-259.3231 F12000.0
G1 X51.0066 Y-259.5437
G1 X51.0551 Y-259.7644
G1 X51.1281 Y-260.0160
G1 X51.2500 Y-260.3593
G1 X51.6084 Y-261.2651
G1 X51.7515 Y-261.7387
G1 X51.8076 Y-261.8595
G1 X51.8592 Y-261.9350
G1 X51.9438 Y-262.0060
G1 X52.0867 Y-262.0428
G1 X52.4290 Y-262.0346
G1 X52.9064 Y-262.0460
G1 X53.0723 Y-262.0337
G1 X53.1971 Y-262.0090
G1 X53.3103 Y-261.9666
G1 X53.4072 Y-261.9025
G1 X53.4985 Y-261.7855
G1 X53.5423 Y-261.6576
G1 X53.5535 Y-261.4596
G1 X53.5228 Y-261.2724
G1 X53.2261 Y-260.3670
G1 X53.1325 Y-260.1107
G1 X52.9919 Y-259.8015
G1 X52.8348 Y-259.5510
G1 X52.7101 Y-259.4070
G1 X52.5668 Y-259.2869
G1 X52.4315 Y-259.2086
G1 X52.2532 Y-259.1455
G1 X52.0399 Y-259.1032
G1 X51.7553 Y-259.0784
G1 X51.3176 Y-259.0751
G1 X51.0035 Y-259.0954
G1 X50.9150 Y-259.0776
G1 X50.8643 Y-259.0505
G1 X50.8009 Y-258.9845
G1 X50.7426 Y-258.8715
G1 X50.3232 Y-257.7138
G1 Z0.0000 F8000.0
G0 X56.8459 Y-261.1854 F15000.0
G1 Z11.9000 F8000.0
G1 X56.6665 Y-260.7270 F12000.0
G1 X56.5041 Y-260.2685
G1 X56.4294 Y-260.0221
G1 X56.3698 Y-259.7321
G1 X56.3317 Y-259.6052
G1 X56.2702 Y-259.4961
G1 X56.1880 Y-259.4165
G1 X55.9868 Y-259.2930
G1 X55.7289 Y-259.1882
G1 X55.4748 Y-259.1254
G1 X55.1847 Y-259.0813
G1 X54.9480 Y-259.0761
G1 X54.7558 Y-259.1076
G1 X54.6134 Y-259.1683
G1 X54.4958 Y-259.2676
G1 X54.4476 Y-259.3431
G1 X54.4187 Y-259.4294
G1 X54.4056 Y-259.5569
G1 X54.4156 Y-259.6928
G1 X54.4783 Y-259.9659
G1 X54.7141 Y-260.7006
G1 X54.8513 Y-261.0731
G1 X54.9930 Y-261.3624
G1 X55.1519 Y-261.5942
G1 X55.3254 Y-261.7690
G1 X55.4518 Y-261.8601
G1 X55.5939 Y-261.9351
G1 X55.7197 Y-261.9824
G1 X55.8821 Y-262.0220
G1 X56.0375 Y-262.0403
G1 X56.2291 Y-262.0455
G1 X56.7639 Y-262.0340
G1 X56.8574 Y-262.0204
G1 X56.9375 Y-261.9786
G1 X56.9746 Y-261.9331
G1 X57.0051 Y-261.8552
G1 X57.0142 Y-261.7650
G1 X56.9839 Y-261.5612
G1 X56.8726 Y-261.2482
G1 X56.8459 Y-261.1854
G1 Z0.0000 F8000.0
G0 X57.4596 Y-259.0751 F15000.0
G1 Z11.9000 F8000.0
G1 X58.9301 Y-261.2060 F12000.0
G1 X59.5653 Y-261.9919
G1 X60.2930 Y-261.9557
G1 X60.3012 Y-261.5611
G1 X59.8806 Y-260.3773
G1 X59.3899 Y-259.1344
G1 Z0.0000 F8000.0
G0 X60.7352 Y-259.0751 F15000.0
G1 Z11.9000 F8000.0
G1 X62.2058 Y-261.2060 F12000.0
G1 X62.8411 Y-261.9919
G1 X63.5687 Y-261.9557
G1 X63.5769 Y-261.5611
G1 X63.1563 Y-260.3773
G1 X62.6655 Y-259.1344
G1 Z0.0000 F8000.0
G0 X64.7714 Y-260.6141 F15000.0
G1 Z11.9000 F8000.0
G1 X64.7842 Y-260.8173 F12000.0
G1 X64.8159 Y-261.0132
G1 X64.8677 Y-261.1993
G1 X64.9267 Y-261.3453
G1 X65.0175 Y-261.5074
G1 X65.1103 Y-261.6297
G1 X65.2193 Y-261.7392
G1 X65.3451 Y-261.8342
G1 X65.5188 Y-261.9272
G1 X65.7018 Y-261.9908
G1 X65.9139 Y-262.0348
G1 X66.1491 Y-262.0535
G1 X66.3504 Y-262.0397
G1 X66.5059 Y-262.0010
G1 X66.6409 Y-261.9328
G1 X66.7279 Y-261.8537
G1 X66.7915 Y-261.7504
G1 X66.8269 Y-261.6203
G1 X66.8329 Y-261.4946
G1 X66.8159 Y-261.3315
G1 X66.7792 Y-261.1758
G1 X66.6779 Y-260.8748
G1 X66.6023 Y-260.7326
G1 X66.5198 Y-260.6436
G1 X66.4538 Y-260.6020
G1 X66.3496 Y-260.5609
G1 X66.2304 Y-260.5342
G1 X66.0656 Y-260.5175
G1 X65.7477 Y-260.5200
G1 X64.8999 Y-260.5778
G1 X64.8034 Y-260.5756
G1 X64.7171 Y-260.5563
G1 X64.6454 Y-260.5104
G1 X64.5739 Y-260.4085
G1 X64.4043 Y-259.8981
G1 X64.3569 Y-259.6281
G1 X64.3589 Y-259.4978
G1 X64.3765 Y-259.4065
G1 X64.4107 Y-259.3231
G1 X64.4641 Y-259.2496
G1 X64.5391 Y-259.1887
G1 X64.6145 Y-259.1478
G1 X64.7249 Y-259.1051
G1 X64.8758 Y-259.0688
G1 X65.1715 Y-259.0436
G1 X65.5447 Y-259.0639
G1 X65.9998 Y-259.1344
G1 Z0.0000 F8000.0
G0 X67.4036 Y-259.0751 F15000.0
G1 Z11.9000 F8000.0
G1 X68.8742 Y-261.2060 F12000.0
G1 X69.5095 Y-261.9919
G1 X70.2371 Y-261.9557
G1 X70.2453 Y-261.5611
G1 X69.8247 Y-260.3773
G1 X69.3339 Y-259.1344
G1 Z0.0000 F8000.0
G0 X71.4982 Y-260.5549 F15000.0
G1 Z11.9000 F8000.0
G1 X72.1077 Y-260.5921 F12000.0
G1 X72.3815 Y-260.5917
G1 X72.6250 Y-260.5525
G1 X72.7028 Y-260.5237
G1 X72.7894 Y-260.4739
G1 X72.8649 Y-260.4069
G1 X72.9334 Y-260.3025
G1 X72.9629 Y-260.2154
G1 X72.9761 Y-260.0917
G1 X72.9633 Y-259.9636
G1 X72.9283 Y-259.8358
G1 X72.8753 Y-259.7130
G1 X72.7896 Y-259.5739
G1 X72.6545 Y-259.4200
G1 X72.4781 Y-259.2822
G1 X72.2869 Y-259.1868
G1 X72.0523 Y-259.1197
G1 X71.7383 Y-259.0822
G1 X71.1594 Y-259.0673
G1 X71.0672 Y-259.0819
G1 X71.0141 Y-259.1030
G1 X70.9695 Y-259.1372
G1 X70.9253 Y-259.2097
G1 X70.9078 Y-259.2995
G1 X70.9113 Y-259.4006
G1 X70.9699 Y-259.6466
G1 X71.1010 Y-259.9949
G1 X71.4108 Y-260.7027
G1 X71.4919 Y-260.9451
G1 X71.6959 Y-261.6465
G1 X71.8492 Y-262.0346
G1 Z0.0000 F8000.0
G0 X75.1834 Y-262.0346 F15000.0
G1 Z11.9000 F8000.0
G1 X74.0720 Y-259.1344 F12000.0
G1 Z0.0000 F8000.0
G0 X76.0023 Y-259.1344 F15000.0
G1 Z11.9000 F8000.0
G1 X76.4411 Y-260.4365 F12000.0
G1 X76.6639 Y-260.8508
G1 X77.1138 Y-262.0346
G1 Z0.0000 F8000.0
G0 X78.5176 Y-262.0346 F15000.0
G1 Z11.9000 F8000.0
G1 X78.3642 Y-261.6465 F12000.0
G1 X78.0900 Y-260.7325
G1 X77.7447 Y-259.9350
G1 X77.6104 Y-259.5487
G1 X77.5793 Y-259.3740
G1 X77.5859 Y-259.2465
G1 X77.6040 Y-259.1917
G1 X77.6341 Y-259.1452
G1 X77.6777 Y-259.1087
G1 X77.7343 Y-259.0846
G1 X77.7951 Y-259.0732
G1 X77.8904 Y-259.0741
G1 X78.2721 Y-259.1425
G1 X78.4829 Y-259.2000
G1 X78.6728 Y-259.2841
G1 X78.8195 Y-259.3856
G1 X78.9521 Y-259.5219
G1 X79.0678 Y-259.6945
G1 X79.1404 Y-259.8737
G1 X79.1701 Y-260.0650
G1 X79.1544 Y-260.2205
G1 X79.0951 Y-260.3610
G1 X79.0360 Y-260.4337
G1 X78.9860 Y-260.4758
G1 X78.8739 Y-260.5353
G1 X78.7222 Y-260.5675
G1 X78.5546 Y-260.5733
G1 X78.1666 Y-260.5549
G1 Z0.0000 F8000.0
G0 X79.8045 Y-259.1344 F15000.0
G1 Z11.9000 F8000.0
G1 X80.9159 Y-261.9755 F12000.0
G1 Z0.0000 F8000.0
G0 X82.3197 Y-261.5611 F15000.0
G1 Z11.9000 F8000.0
G1 X82.2060 Y-261.4539 F12000.0
G1 X82.0865 Y-261.3105
G1 X81.9833 Y-261.1533
G1 X81.8801 Y-260.9551
G1 X81.7247 Y-260.5566
G1 X81.4216 Y-259.5961
G1 X81.3242 Y-259.3567
G1 X81.2084 Y-259.1344
G1 Z0.0000 F8000.0
G0 X82.3197 Y-261.7978 F15000.0
G1 Z11.9000 F8000.0
G1 X82.3355 Y-261.6933 F12000.0
G1 X82.3645 Y-261.6028
G1 X82.5679 Y-261.2158
G1 X82.6681 Y-260.8550
G1 X82.7291 Y-260.6941
G1 X82.8161 Y-260.5739
G1 X82.8608 Y-260.5434
G1 X82.9181 Y-260.5249
G1 X82.9767 Y-260.5244
G1 X83.0355 Y-260.5386
G1 X83.1764 Y-260.6170
G1 X83.6716 Y-261.0609
G1 X83.8909 Y-261.2199
G1 X84.0838 Y-261.3163
G1 X84.3086 Y-261.3835
G1 Z0.0000 F8000.0
G0 X84.7765 Y-262.0938 F15000.0
G1 Z11.9000 F8000.0
G1 X84.3963 Y-261.5020 F12000.0
G1 X84.2811 Y-260.8508
G1 X83.6067 Y-259.1344
G1 Z0.0000 F8000.0
G0 X86.1805 Y-262.0346 F15000.0
G1 Z11.9000 F8000.0
G1 X85.9931 Y-261.5902 F12000.0
G1 X85.6866 Y-260.7059
G1 X85.4569 Y-260.1022
G1 X85.3828 Y-259.8433
G1 X85.3550 Y-259.6496
G1 X85.3555 Y-259.5229
G1 X85.3755 Y-259.3985
G1 X85.4109 Y-259.3138
G1 X85.4844 Y-259.2238
G1 X85.5563 Y-259.1718
G1 X85.6700 Y-259.1205
G1 X85.7990 Y-259.0868
G1 X85.9737 Y-259.0647
G1 X86.2929 Y-259.0615
G1 X86.7785 Y-259.0908
G1 X86.8704 Y-259.1134
G1 X86.9555 Y-259.1522
G1 X87.0304 Y-259.2117
G1 X87.0855 Y-259.2788
G1 X87.1650 Y-259.4143
G1 X87.2316 Y-259.5702
G1 X87.4089 Y-260.1406
G1 X87.7309 Y-261.0998
G1 X87.9156 Y-261.5906
G1 X88.1108 Y-262.0346
G1 Z0.0000 F8000.0
G0 X91.3280 Y-259.1344 F15000.0
G1 Z11.9000 F8000.0
G1 X91.5044 Y-259.4702 F12000.0
G1 X91.6653 Y-259.8569
G1 X92.1417 Y-261.2571
G1 X92.2636 Y-261.6785
G1 X92.3149 Y-261.8053
G1 X92.3783 Y-261.9131
G1 X92.4361 Y-261.9755
G1 X92.4809 Y-262.0060
G1 X92.6237 Y-262.0429
G1 X92.9658 Y-262.0346
G1 X93.4095 Y-262.0466
G1 X93.5765 Y-262.0376
G1 X93.7038 Y-262.0167
G1 X93.8204 Y-261.9790
G1 X93.9217 Y-261.9207
G1 X93.9851 Y-261.8609
G1 X94.0355 Y-261.7855
G1 X94.0710 Y-261.6926
G1 X94.0915 Y-261.5557
G1 X94.0881 Y-261.4285
G1 X94.0678 Y-261.3038
G1 X94.0258 Y-261.1507
G1 X93.6164 Y-259.9257
G1 X93.4474 Y-259.5014
G1 X93.2583 Y-259.1344
G1 Z0.0000 F8000.0
G0 X94.8376 Y-259.1344 F15000.0
G1 Z11.9000 F8000.0
G1 X94.8470 Y-259.3231 F12000.0
G1 X94.8776 Y-259.5437
G1 X94.9261 Y-259.7644
G1 X94.9991 Y-260.0160
G1 X95.1209 Y-260.3593
G1 X95.4794 Y-261.2651
G1 X95.6227 Y-261.7387
G1 X95.6788 Y-261.8596
G1 X95.7304 Y-261.9350
G1 X95.8151 Y-262.0060
G1 X95.9579 Y-262.0429
G1 X96.3001 Y-262.0346
G1 X96.7774 Y-262.0460
G1 X96.9433 Y-262.0337
G1 X97.0683 Y-262.0089
G1 X97.1815 Y-261.9666
G1 X97.2783 Y-261.9024
G1 X97.3696 Y-261.7855
G1 X97.4134 Y-261.6576
G1 X97.4247 Y-261.4596
G1 X97.3938 Y-261.2724
G1 X97.1080 Y-260.3989
G1 X97.0036 Y-260.1107
G1 X96.8630 Y-259.8015
G1 X96.7058 Y-259.5510
G1 X96.5811 Y-259.4070
G1 X96.4378 Y-259.2869
G1 X96.3025 Y-259.2086
G1 X96.1243 Y-259.1455
G1 X95.9110 Y-259.1032
G1 X95.6263 Y-259.0784
G1 X95.1886 Y-259.0751
G1 X94.8746 Y-259.0954
G1 X94.7861 Y-259.0776
G1 X94.7353 Y-259.0505
G1 X94.6719 Y-258.9845
G1 X94.6135 Y-258.8715
G1 X94.1942 Y-257.7138
G1 Z0.0000 F8000.0
G0 X97.9964 Y-259.0751 F15000.0
G1 Z11.9000 F8000.0
G1 X99.2248 Y-260.4957 F12000.0
G1 Z0.0000 F8000.0
G0 X100.3947 Y-260.5549 F15000.0
G1 Z11.9000 F8000.0
G1 X99.5757 Y-260.5549 F12000.0
G1 X99.2609 Y-260.5448
G1 X99.1114 Y-260.5697
G1 X98.9659 Y-260.6442
G1 X98.8995 Y-260.7100
G1 X98.8403 Y-260.8166
G1 X98.8111 Y-260.9395
G1 X98.8081 Y-261.0725
G1 X98.8276 Y-261.2096
G1 X98.8777 Y-261.3776
G1 X98.9338 Y-261.5018
G1 X99.0176 Y-261.6343
G1 X99.1507 Y-261.7703
G1 X99.3081 Y-261.8770
G1 X99.5070 Y-261.9602
G1 X99.7183 Y-262.0079
G1 X99.9694 Y-262.0311
G1 X100.4497 Y-262.0501
G1 X100.5972 Y-262.0462
G1 X100.7575 Y-262.0075
G1 X100.8266 Y-261.9574
G1 X100.8561 Y-261.9097
G1 X100.8754 Y-261.8223
G1 X100.8727 Y-261.7248
G1 X100.8472 Y-261.5913
G1 X100.7947 Y-261.4131
G1 X100.7127 Y-261.2058
G1 X100.4948 Y-260.7614
G1 X100.4060 Y-260.5543
G1 X100.3524 Y-260.3771
G1 X100.2679 Y-259.9718
G1 X100.1939 Y-259.7225
G1 X100.0754 Y-259.4199
G1 X99.9267 Y-259.1344
G1 Z0.0000 F8000.0
G0 X101.3306 Y-259.1344 F15000.0
G1 Z11.9000 F8000.0
G1 X101.4464 Y-259.3567 F12000.0
G1 X101.5438 Y-259.5961
G1 X101.8469 Y-260.5566
G1 X102.0023 Y-260.9551
G1 X102.1055 Y-261.1533
G1 X102.2088 Y-261.3105
G1 X102.3283 Y-261.4539
G1 X102.4420 Y-261.5611
G1 X102.4420 Y-261.7978
G1 X102.4577 Y-261.6933
G1 X102.4867 Y-261.6028
G1 X102.6901 Y-261.2158
G1 X102.7904 Y-260.8550
G1 X102.8514 Y-260.6941
G1 X102.9383 Y-260.5739
G1 X102.9831 Y-260.5434
G1 X103.0403 Y-260.5249
G1 X103.0989 Y-260.5244
G1 X103.1577 Y-260.5386
G1 X103.2986 Y-260.6170
G1 X103.7937 Y-261.0609
G1 X104.0131 Y-261.2199
G1 X104.2060 Y-261.3163
G1 X104.4308 Y-261.3835
G1 Z0.0000 F8000.0
G0 X104.8988 Y-262.0938 F15000.0
G1 Z11.9000 F8000.0
G1 X104.4958 Y-261.4428 F12000.0
G1 X104.4033 Y-260.8508
G1 X103.7288 Y-259.1344
G1 Z0.0000 F8000.0
G0 X105.8931 Y-260.5549 F15000.0
G1 Z11.9000 F8000.0
G1 X106.2811 Y-260.5733 F12000.0
G1 X106.4487 Y-260.5675
G1 X106.6004 Y-260.5353
G1 X106.7126 Y-260.4758
G1 X106.7625 Y-260.4337
G1 X106.8216 Y-260.3610
G1 X106.8809 Y-260.2205
G1 X106.8967 Y-260.0650
G1 X106.8670 Y-259.8737
G1 X106.7943 Y-259.6945
G1 X106.6786 Y-259.5219
G1 X106.5460 Y-259.3856
G1 X106.3993 Y-259.2841
G1 X106.2094 Y-259.2000
G1 X105.9987 Y-259.1425
G1 X105.6169 Y-259.0741
G1 X105.5216 Y-259.0732
G1 X105.4608 Y-259.0846
G1 X105.4043 Y-259.1087
G1 X105.3606 Y-259.1452
G1 X105.3305 Y-259.1917
G1 X105.3124 Y-259.2465
G1 X105.3058 Y-259.3740
G1 X105.3370 Y-259.5487
G1 X105.4712 Y-259.9350
G1 X105.8165 Y-260.7325
G1 X106.0908 Y-261.6465
G1 X106.2441 Y-262.0346
G1 Z0.0000 F8000.0
G0 X108.6424 Y-261.9755 F15000.0
G1 Z11.9000 F8000.0
G1 X107.5310 Y-259.1344 F12000.0
G1 Z0.0000 F8000.0
G0 X108.9934 Y-259.1344 F15000.0
G1 Z11.9000 F8000.0
G1 X109.1091 Y-259.3567 F12000.0
G1 X109.2066 Y-259.5961
G1 X109.5097 Y-260.5566
G1 X109.6652 Y-260.9551
G1 X109.7684 Y-261.1533
G1 X109.8716 Y-261.3105
G1 X109.9910 Y-261.4539
G1 X110.1048 Y-261.5611
G1 X110.1048 Y-261.7978
G1 X110.1204 Y-261.6933
G1 X110.1494 Y-261.6028
G1 X110.3530 Y-261.2158
G1 X110.4532 Y-260.8550
G1 X110.5141 Y-260.6941
G1 X110.6011 Y-260.5739
G1 X110.6458 Y-260.5434
G1 X110.7031 Y-260.5249
G1 X110.7616 Y-260.5244
G1 X110.8205 Y-260.5386
G1 X110.9614 Y-260.6170
G1 X111.4565 Y-261.0609
G1 X111.6759 Y-261.2199
G1 X111.8688 Y-261.3163
G1 X112.0936 Y-261.3835
G1 Z0.0000 F8000.0
G0 X112.5615 Y-262.0938 F15000.0
G1 Z11.9000 F8000.0
G1 X112.1586 Y-261.4428 F12000.0
G1 X112.0661 Y-260.8508
G1 X111.3917 Y-259.1344
G1 Z0.0000 F8000.0
G0 X113.9655 Y-262.0346 F15000.0
G1 Z11.9000 F8000.0
G1 X113.7781 Y-261.5902 F12000.0
G1 X113.4715 Y-260.7059
G1 X113.2419 Y-260.1022
G1 X113.1678 Y-259.8433
G1 X113.1400 Y-259.6496
G1 X113.1405 Y-259.5229
G1 X113.1605 Y-259.3985
G1 X113.1959 Y-259.3138
G1 X113.2695 Y-259.2238
G1 X113.3413 Y-259.1718
G1 X113.4550 Y-259.1205
G1 X113.5840 Y-259.0868
G1 X113.7586 Y-259.0647
G1 X114.0779 Y-259.0615
G1 X114.5635 Y-259.0908
G1 X114.6553 Y-259.1134
G1 X114.7405 Y-259.1522
G1 X114.8154 Y-259.2117
G1 X114.8705 Y-259.2788
G1 X114.9500 Y-259.4143
G1 X115.0166 Y-259.5702
G1 X115.1939 Y-260.1406
G1 X115.5159 Y-261.0997
G1 X115.7005 Y-261.5906
G1 X115.8958 Y-262.0346
G1 Z0.0000 F8000.0

G0 Z0.0000 F800.0
G4 P0.06
G0 X0.0000 Y0.0000 F15000.0
M5
G4 P0.10
$1=0
